row_id,ddg_true,ddg_pred,fold,seed
1AHW_AB_C|DC167A,-0.4845926,-0.058430467,0,0
"1AHW_AB_C|KC138A,DC139A",1.1814722,-0.053143658,0,0
"1AHW_AB_C|KC154A,KC155A",-1.329712,-0.05485872,0,0
1AHW_AB_C|LC165A,0.9869364,-0.05562107,0,0
1AHW_AB_C|NC188A,1.0782224,-0.05482762,0,0
"1AHW_AB_C|TC110A,KC111A",0.6388569,-0.05396639,0,0
1AHW_AB_C|TC156A,-0.07411996,-0.054476716,0,0
1AHW_AB_C|TC159A,1.105771,-0.054809295,0,0
1AHW_AB_C|TC186A,1.345882,-0.054826673,0,0
1AHW_AB_C|VC187A,-0.31423107,-0.054958053,0,0
1AHW_AB_C|YC146A,-1.8890098,-0.05418146,0,0
1BJ1_HL_VW|HH101Y,-1.5835956,-0.058645464,0,0
"1BJ1_HL_VW|HH101Y,YH103I,GH104A,SH105K",-0.43125325,-0.05662609,0,0
"1BJ1_HL_VW|HH101Y,YH103R,GH104N,SH105T",-0.7626503,-0.0583768,0,0
"1BJ1_HL_VW|HH101Y,YH103R,SH105T",-1.173123,-0.056756217,0,0
1BJ1_HL_VW|HH107A,0.78965265,-0.058818087,0,0
"1BJ1_HL_VW|LH72I,TH74K",0.076517485,-0.058720183,0,0
"1BJ1_HL_VW|LH72V,TH74V",0.6706598,-0.059009165,0,0
"1BJ1_HL_VW|ML4L,TH28D,NH31H,HH101Y,SH105T",-1.52138,-0.05633618,0,0
1BJ1_HL_VW|NH31H,-0.7626503,-0.056644224,0,0
1BJ1_HL_VW|SH105T,-0.39039657,-0.05832903,0,0
1BJ1_HL_VW|TH28D,-0.22003505,-0.059158795,0,0
"1BJ1_HL_VW|TH28D,NH31H",-0.6929008,-0.056879353,0,0
"1BJ1_HL_VW|TH28D,NH31H,YH54W,HH101Y,SH105T",-1.2034981,-0.055455074,0,0
1BJ1_HL_VW|TH59A,0.85066694,-0.05840261,0,0
1BJ1_HL_VW|YH27A,2.2425284,-0.057372104,0,0
1BJ1_HL_VW|YH54A,1.3276595,-0.058165785,0,0
1BJ1_HL_VW|YH54W,-0.13726985,-0.057859965,0,0
1BJ1_HL_VW|YH99A,4.0,-0.0589262,0,0
1DQJ_AB_C|DB32A,2.0134337,-0.059688527,0,0
"1DQJ_AB_C|DB32A,KC97A",1.1223834,-0.05870869,0,0
1DQJ_AB_C|DC101A,1.3765504,-0.057683922,0,0
1DQJ_AB_C|KC96A,4.0,-0.05787537,0,0
1DQJ_AB_C|KC97A,3.5197058,-0.058314875,0,0
1DQJ_AB_C|LC75A,1.452407,-0.058933955,0,0
1DQJ_AB_C|NA31A,2.0134337,-0.058021296,0,0
1DQJ_AB_C|NA32A,4.0,-0.058913197,0,0
"1DQJ_AB_C|NA32A,KC96A",4.0,-0.05749277,0,0
1DQJ_AB_C|NC93A,0.64987326,-0.05997913,0,0
1DQJ_AB_C|RC21A,1.2137709,-0.058407396,0,0
1DQJ_AB_C|SA91A,1.4318883,-0.059136976,0,0
"1DQJ_AB_C|SA91A,RC21A",3.1707318,-0.058235943,0,0
"1DQJ_AB_C|SA91A,YC20A",3.573092,-0.05731645,0,0
1DQJ_AB_C|SC100A,0.7755829,-0.05909111,0,0
1DQJ_AB_C|TC89A,0.84084374,-0.06058905,0,0
1DQJ_AB_C|WB98A,4.0,-0.05912568,0,0
"1DQJ_AB_C|WB98A,KC97A",4.0,-0.058175348,0,0
"1DQJ_AB_C|WB98A,SC100A",4.0,-0.058908,0,0
"1DQJ_AB_C|WB98A,YC20A",4.0,-0.057301145,0,0
1DQJ_AB_C|WC62A,0.7580786,-0.059735462,0,0
1DQJ_AB_C|WC63A,1.3462692,-0.058195423,0,0
1DQJ_AB_C|YA50A,2.678299,-0.058598224,0,0
1DQJ_AB_C|YA96A,1.135051,-0.058926333,0,0
"1DQJ_AB_C|YA96A,RC21A",3.4851997,-0.05802522,0,0
"1DQJ_AB_C|YA96A,SC100A",0.91344726,-0.058708783,0,0
1DQJ_AB_C|YB33A,4.0,-0.059309732,0,0
1DQJ_AB_C|YB50A,4.0,-0.05905486,0,0
1DQJ_AB_C|YB53A,1.1802781,-0.059025828,0,0
"1DQJ_AB_C|YB53A,DC101A",2.727121,-0.057400875,0,0
"1DQJ_AB_C|YB53A,LC75A",1.2168618,-0.05865114,0,0
"1DQJ_AB_C|YB53A,WC62A",1.286308,-0.059456684,0,0
"1DQJ_AB_C|YB53A,WC63A",2.1992323,-0.05791315,0,0
1DQJ_AB_C|YC20A,3.2857084,-0.057487335,0,0
1XGT_AB_C|LB33A,2.1988916,-0.059355896,0,0
1XGT_AB_C|LB33F,-1.8617703,-0.059007995,0,0
1XGT_AB_C|LB33I,-0.061315425,-0.059031084,0,0
1XGT_AB_C|LB33V,1.0463123,-0.058974165,0,0
"3BDY_HL_V|DL28N,PL30A,RL31K,SL32T,TL97S,TL98S",-0.9690793,-0.040052377,0,0
"3BDY_HL_V|DL28N,PL30A,RL31K,SL32T,TL97S,TL98S,KH31S,DH32G,TH55S,NH56E,GH101V,DH103V",-2.7154896,-0.038777642,0,0
"3BDY_HL_V|DL28N,PL30A,RL31K,SL32T,TL97S,TL98S,KH31S,DH32G,TH55S,NH56E,GH101V,DH103V,RH51A,RH60A",-2.7728782,-0.0388306,0,0
"3BDY_HL_V|DL28N,PL30A,RL31K,SL32T,YL57F,TL97S,TL98S",-0.97316396,-0.040138565,0,0
"3BDY_HL_V|DL28N,PL30A,RL31K,SL32T,YL57F,TL97S,TL98S,KH31S,DH32G,TH55S,NH56E,GH101V,DH103V",-2.727121,-0.038869046,0,0
3HFM_HL_Y|DH32A,1.8982269,-0.07475785,0,0
"3HFM_HL_Y|DH32A,KY97A",4.0,-0.07556127,0,0
"3HFM_HL_Y|DH32A,KY97M",1.1234494,-0.07545216,0,0
3HFM_HL_Y|DH32N,0.17036153,-0.07354851,0,0
"3HFM_HL_Y|DH32N,KY97A",4.0,-0.07439607,0,0
"3HFM_HL_Y|DH32N,KY97M",0.3025042,-0.074286774,0,0
3HFM_HL_Y|DY101A,1.2081919,-0.072227955,0,0
3HFM_HL_Y|DY101E,2.132881,-0.07387268,0,0
3HFM_HL_Y|DY101F,2.3282614,-0.07266178,0,0
3HFM_HL_Y|DY101G,0.35884774,-0.073518224,0,0
3HFM_HL_Y|DY101K,2.1245396,-0.0730964,0,0
3HFM_HL_Y|DY101N,1.4911126,-0.07244142,0,0
3HFM_HL_Y|DY101Q,2.0851746,-0.07292629,0,0
3HFM_HL_Y|DY101R,2.2798727,-0.07173632,0,0
3HFM_HL_Y|DY101S,1.8694,-0.07236476,0,0
3HFM_HL_Y|GY102V,0.395285,-0.0741829,0,0
3HFM_HL_Y|HY15A,-0.4453172,-0.075021744,0,0
3HFM_HL_Y|IY98A,0.0,-0.073508084,0,0
3HFM_HL_Y|KY96A,4.0,-0.0742611,0,0
3HFM_HL_Y|KY96M,4.0,-0.07471986,0,0
3HFM_HL_Y|KY96R,4.0,-0.07495069,0,0
3HFM_HL_Y|KY97A,4.0,-0.07500636,0,0
3HFM_HL_Y|KY97D,4.0,-0.074184224,0,0
3HFM_HL_Y|KY97E,3.6045077,-0.07469896,0,0
3HFM_HL_Y|KY97G,4.0,-0.074941926,0,0
3HFM_HL_Y|KY97M,0.9469717,-0.07489757,0,0
3HFM_HL_Y|KY97R,3.0528512,-0.07556345,0,0
3HFM_HL_Y|LY75A,0.70445603,-0.07382974,0,0
3HFM_HL_Y|NL31A,4.0,-0.07237297,0,0
"3HFM_HL_Y|NL31A,KY96A",4.0,-0.07246889,0,0
3HFM_HL_Y|NL31D,1.3434845,-0.073417746,0,0
3HFM_HL_Y|NL31E,4.0,-0.07324656,0,0
3HFM_HL_Y|NL32A,4.0,-0.07420502,0,0
3HFM_HL_Y|NY19D,0.41047263,-0.07287839,0,0
3HFM_HL_Y|NY19K,0.2401111,-0.07349527,0,0
3HFM_HL_Y|NY19Q,-0.042485796,-0.07323205,0,0
3HFM_HL_Y|NY93A,0.21121821,-0.07614001,0,0
3HFM_HL_Y|QL53A,0.9530879,-0.07371377,0,0
3HFM_HL_Y|RY21A,0.8618019,-0.0733028,0,0
3HFM_HL_Y|RY21E,2.4534352,-0.073671624,0,0
3HFM_HL_Y|RY21G,2.4220753,-0.07281763,0,0
3HFM_HL_Y|RY21H,2.1693182,-0.073075384,0,0
3HFM_HL_Y|RY21K,1.766342,-0.07356164,0,0
3HFM_HL_Y|RY21M,2.0498905,-0.073408306,0,0
3HFM_HL_Y|RY21N,2.3282614,-0.072797194,0,0
3HFM_HL_Y|RY21Q,2.3975346,-0.07374188,0,0
3HFM_HL_Y|RY21W,2.132881,-0.073098764,0,0
3HFM_HL_Y|RY73A,-0.3313971,-0.07365106,0,0
3HFM_HL_Y|SH31A,0.17036153,-0.07391419,0,0
3HFM_HL_Y|SY100A,0.26765963,-0.07393876,0,0
3HFM_HL_Y|TY89A,0.0,-0.074191585,0,0
3HFM_HL_Y|WH98A,4.0,-0.07234436,0,0
"3HFM_HL_Y|WH98A,KY96A",4.0,-0.07245157,0,0
3HFM_HL_Y|WH98F,3.245562,-0.0731833,0,0
"3HFM_HL_Y|WH98F,YY20A",4.0,-0.07126383,0,0
3HFM_HL_Y|WY63A,0.31918663,-0.07291817,0,0
3HFM_HL_Y|YH33A,4.0,-0.07407795,0,0
"3HFM_HL_Y|YH33A,KY97A",4.0,-0.074916735,0,0
3HFM_HL_Y|YH33F,1.0712212,-0.07390577,0,0
3HFM_HL_Y|YH33L,2.0069382,-0.07356687,0,0
3HFM_HL_Y|YH33W,1.7495645,-0.07381784,0,0
3HFM_HL_Y|YH50A,4.0,-0.07368202,0,0
"3HFM_HL_Y|YH50A,RY21A",4.0,-0.072804146,0,0
3HFM_HL_Y|YH50F,1.6099914,-0.074187666,0,0
3HFM_HL_Y|YH50L,2.8488367,-0.07415723,0,0
3HFM_HL_Y|YH53A,3.25038,-0.074181974,0,0
3HFM_HL_Y|YH53F,0.62049925,-0.074047886,0,0
3HFM_HL_Y|YH53L,0.8068894,-0.0743685,0,0
3HFM_HL_Y|YH53W,0.7061819,-0.07386277,0,0
3HFM_HL_Y|YH58A,1.6760437,-0.07370834,0,0
3HFM_HL_Y|YH58F,0.36312544,-0.07381539,0,0
3HFM_HL_Y|YH58L,1.5136731,-0.07344367,0,0
3HFM_HL_Y|YL50A,4.0,-0.07352058,0,0
"3HFM_HL_Y|YL50A,KY96A",4.0,-0.072982006,0,0
"3HFM_HL_Y|YL50A,KY97A",4.0,-0.07372449,0,0
"3HFM_HL_Y|YL50A,RY21A",4.0,-0.07264395,0,0
3HFM_HL_Y|YL50F,2.3548672,-0.07424852,0,0
"3HFM_HL_Y|YL50F,RY21A",4.0,-0.07337145,0,0
"3HFM_HL_Y|YL50F,YY20A",4.0,-0.072332546,0,0
3HFM_HL_Y|YL50L,4.0,-0.07430679,0,0
3HFM_HL_Y|YL96A,2.707045,-0.073818274,0,0
"3HFM_HL_Y|YL96A,RY21A",4.0,-0.07294069,0,0
3HFM_HL_Y|YL96F,1.4017794,-0.074075446,0,0
"3HFM_HL_Y|YL96F,RY21A",4.0,-0.073198006,0,0
3HFM_HL_Y|YY20A,4.0,-0.072262734,0,0
3HFM_HL_Y|YY20F,-0.4839681,-0.07367635,0,0
3HFM_HL_Y|YY20L,2.1845057,-0.07237582,0,0
3SE9_HL_G|DH77A,-0.7664817,-0.04891277,0,0
3SE9_HL_G|EL90A,0.41735974,-0.05091347,0,0
3SE9_HL_G|FL91A,0.023615688,-0.05093869,0,0
3SE9_HL_G|GH106A,-0.3075798,-0.049864046,0,0
3SE9_HL_G|GH107A,-0.6151596,-0.04933747,0,0
3SE9_HL_G|GH109A,0.18514356,-0.0511652,0,0
3SE9_HL_G|GH57A,0.4524448,-0.04906061,0,0
3SE9_HL_G|GH62A,0.04634,-0.051067833,0,0
3SE9_HL_G|GL29A,0.46369976,-0.05112269,0,0
3SE9_HL_G|LH34A,0.56599987,-0.05092087,0,0
3SE9_HL_G|LL89A,0.964243,-0.05021637,0,0
3SE9_HL_G|NH60A,1.5217615,-0.048121735,0,0
3SE9_HL_G|PH64A,-0.4419396,-0.050593637,0,0
3SE9_HL_G|RH67A,1.4695449,-0.050940443,0,0
3SE9_HL_G|RH74A,2.6792572,-0.050794773,0,0
3SE9_HL_G|RH76A,-0.2322162,-0.050768983,0,0
3SE9_HL_G|TH105A,-0.4419396,-0.050812833,0,0
3SE9_HL_G|TH56A,-0.85929936,-0.049424294,0,0
3SE9_HL_G|VH55A,-0.85929936,-0.05056496,0,0
3SE9_HL_G|VH59A,0.9833596,-0.05119958,0,0
3SE9_HL_G|VL3A,-0.49433115,-0.050849307,0,0
3SE9_HL_G|WH48A,1.0584464,-0.05127687,0,0
3SE9_HL_G|WH51A,1.275695,-0.05158244,0,0
3SE9_HL_G|YH104A,0.46369976,-0.051281236,0,0
3SE9_HL_G|YL28A,1.1177194,-0.051134583,0,0
4U6H_AB_E|NE21A,-0.3480795,-0.040679287,0,0
4U6H_AB_E|QE25A,0.11883454,-0.041502,0,0
4ZS6_HL_A|EA156A,3.0386665,-0.06318288,0,0
4ZS6_HL_A|YA160A,-0.11025046,-0.06464088,0,0
1AHW_AB_C|DC167A,-0.4845926,0.054299027,0,1
"1AHW_AB_C|KC138A,DC139A",1.1814722,0.05588963,0,1
"1AHW_AB_C|KC154A,KC155A",-1.329712,0.054557495,0,1
1AHW_AB_C|LC165A,0.9869364,0.055382207,0,1
1AHW_AB_C|NC188A,1.0782224,0.05509294,0,1
"1AHW_AB_C|TC110A,KC111A",0.6388569,0.0541939,0,1
1AHW_AB_C|TC156A,-0.07411996,0.05590254,0,1
1AHW_AB_C|TC159A,1.105771,0.056015573,0,1
1AHW_AB_C|TC186A,1.345882,0.056528397,0,1
1AHW_AB_C|VC187A,-0.31423107,0.056168903,0,1
1AHW_AB_C|YC146A,-1.8890098,0.05376055,0,1
1BJ1_HL_VW|HH101Y,-1.5835956,0.05502012,0,1
"1BJ1_HL_VW|HH101Y,YH103I,GH104A,SH105K",-0.43125325,0.059266932,0,1
"1BJ1_HL_VW|HH101Y,YH103R,GH104N,SH105T",-0.7626503,0.05699738,0,1
"1BJ1_HL_VW|HH101Y,YH103R,SH105T",-1.173123,0.056493387,0,1
1BJ1_HL_VW|HH107A,0.78965265,0.056696907,0,1
"1BJ1_HL_VW|LH72I,TH74K",0.076517485,0.057362963,0,1
"1BJ1_HL_VW|LH72V,TH74V",0.6706598,0.056766637,0,1
"1BJ1_HL_VW|ML4L,TH28D,NH31H,HH101Y,SH105T",-1.52138,0.052332826,0,1
1BJ1_HL_VW|NH31H,-0.7626503,0.054814808,0,1
1BJ1_HL_VW|SH105T,-0.39039657,0.05733735,0,1
1BJ1_HL_VW|TH28D,-0.22003505,0.056526754,0,1
"1BJ1_HL_VW|TH28D,NH31H",-0.6929008,0.054064915,0,1
"1BJ1_HL_VW|TH28D,NH31H,YH54W,HH101Y,SH105T",-1.2034981,0.05329302,0,1
1BJ1_HL_VW|TH59A,0.85066694,0.05742099,0,1
1BJ1_HL_VW|YH27A,2.2425284,0.05602659,0,1
1BJ1_HL_VW|YH54A,1.3276595,0.05726318,0,1
1BJ1_HL_VW|YH54W,-0.13726985,0.057952262,0,1
1BJ1_HL_VW|YH99A,4.0,0.058354467,0,1
1DQJ_AB_C|DB32A,2.0134337,0.05209716,0,1
"1DQJ_AB_C|DB32A,KC97A",1.1223834,0.05133586,0,1
1DQJ_AB_C|DC101A,1.3765504,0.054108962,0,1
1DQJ_AB_C|KC96A,4.0,0.05342647,0,1
1DQJ_AB_C|KC97A,3.5197058,0.053374346,0,1
1DQJ_AB_C|LC75A,1.452407,0.053885087,0,1
1DQJ_AB_C|NA31A,2.0134337,0.052825347,0,1
1DQJ_AB_C|NA32A,4.0,0.05400575,0,1
"1DQJ_AB_C|NA32A,KC96A",4.0,0.0532412,0,1
1DQJ_AB_C|NC93A,0.64987326,0.05416348,0,1
1DQJ_AB_C|RC21A,1.2137709,0.053873375,0,1
1DQJ_AB_C|SA91A,1.4318883,0.054325737,0,1
"1DQJ_AB_C|SA91A,RC21A",3.1707318,0.054005332,0,1
"1DQJ_AB_C|SA91A,YC20A",3.573092,0.054334566,0,1
1DQJ_AB_C|SC100A,0.7755829,0.0540068,0,1
1DQJ_AB_C|TC89A,0.84084374,0.054328598,0,1
1DQJ_AB_C|WB98A,4.0,0.054390244,0,1
"1DQJ_AB_C|WB98A,KC97A",4.0,0.05359125,0,1
"1DQJ_AB_C|WB98A,SC100A",4.0,0.054203607,0,1
"1DQJ_AB_C|WB98A,YC20A",4.0,0.054401107,0,1
1DQJ_AB_C|WC62A,0.7580786,0.05521712,0,1
1DQJ_AB_C|WC63A,1.3462692,0.054520383,0,1
1DQJ_AB_C|YA50A,2.678299,0.05337294,0,1
1DQJ_AB_C|YA96A,1.135051,0.054047734,0,1
"1DQJ_AB_C|YA96A,RC21A",3.4851997,0.053727157,0,1
"1DQJ_AB_C|YA96A,SC100A",0.91344726,0.053860728,0,1
1DQJ_AB_C|YB33A,4.0,0.053995926,0,1
1DQJ_AB_C|YB50A,4.0,0.05410361,0,1
1DQJ_AB_C|YB53A,1.1802781,0.054087255,0,1
"1DQJ_AB_C|YB53A,DC101A",2.727121,0.054001674,0,1
"1DQJ_AB_C|YB53A,LC75A",1.2168618,0.05377894,0,1
"1DQJ_AB_C|YB53A,WC62A",1.286308,0.05508676,0,1
"1DQJ_AB_C|YB53A,WC63A",2.1992323,0.054414365,0,1
1DQJ_AB_C|YC20A,3.2857084,0.054203376,0,1
1XGT_AB_C|LB33A,2.1988916,0.05106857,0,1
1XGT_AB_C|LB33F,-1.8617703,0.05082828,0,1
1XGT_AB_C|LB33I,-0.061315425,0.051363997,0,1
1XGT_AB_C|LB33V,1.0463123,0.051416766,0,1
"3BDY_HL_V|DL28N,PL30A,RL31K,SL32T,TL97S,TL98S",-0.9690793,0.031225234,0,1
"3BDY_HL_V|DL28N,PL30A,RL31K,SL32T,TL97S,TL98S,KH31S,DH32G,TH55S,NH56E,GH101V,DH103V",-2.7154896,0.03202621,0,1
"3BDY_HL_V|DL28N,PL30A,RL31K,SL32T,TL97S,TL98S,KH31S,DH32G,TH55S,NH56E,GH101V,DH103V,RH51A,RH60A",-2.7728782,0.032039963,0,1
"3BDY_HL_V|DL28N,PL30A,RL31K,SL32T,YL57F,TL97S,TL98S",-0.97316396,0.031413116,0,1
"3BDY_HL_V|DL28N,PL30A,RL31K,SL32T,YL57F,TL97S,TL98S,KH31S,DH32G,TH55S,NH56E,GH101V,DH103V",-2.727121,0.032211225,0,1
3HFM_HL_Y|DH32A,1.8982269,0.052645415,0,1
"3HFM_HL_Y|DH32A,KY97A",4.0,0.053149186,0,1
"3HFM_HL_Y|DH32A,KY97M",1.1234494,0.053513385,0,1
3HFM_HL_Y|DH32N,0.17036153,0.054110352,0,1
"3HFM_HL_Y|DH32N,KY97A",4.0,0.054581985,0,1
"3HFM_HL_Y|DH32N,KY97M",0.3025042,0.054947957,0,1
3HFM_HL_Y|DY101A,1.2081919,0.054221734,0,1
3HFM_HL_Y|DY101E,2.132881,0.054391675,0,1
3HFM_HL_Y|DY101F,2.3282614,0.054040708,0,1
3HFM_HL_Y|DY101G,0.35884774,0.053907804,0,1
3HFM_HL_Y|DY101K,2.1245396,0.054209575,0,1
3HFM_HL_Y|DY101N,1.4911126,0.054080393,0,1
3HFM_HL_Y|DY101Q,2.0851746,0.05442926,0,1
3HFM_HL_Y|DY101R,2.2798727,0.053836085,0,1
3HFM_HL_Y|DY101S,1.8694,0.054457553,0,1
3HFM_HL_Y|GY102V,0.395285,0.054432966,0,1
3HFM_HL_Y|HY15A,-0.4453172,0.05448053,0,1
3HFM_HL_Y|IY98A,0.0,0.0547239,0,1
3HFM_HL_Y|KY96A,4.0,0.05517069,0,1
3HFM_HL_Y|KY96M,4.0,0.05532469,0,1
3HFM_HL_Y|KY96R,4.0,0.055012494,0,1
3HFM_HL_Y|KY97A,4.0,0.05497051,0,1
3HFM_HL_Y|KY97D,4.0,0.05466261,0,1
3HFM_HL_Y|KY97E,3.6045077,0.055114903,0,1
3HFM_HL_Y|KY97G,4.0,0.054781534,0,1
3HFM_HL_Y|KY97M,0.9469717,0.05533521,0,1
3HFM_HL_Y|KY97R,3.0528512,0.054805074,0,1
3HFM_HL_Y|LY75A,0.70445603,0.05430039,0,1
3HFM_HL_Y|NL31A,4.0,0.05240331,0,1
"3HFM_HL_Y|NL31A,KY96A",4.0,0.05302991,0,1
3HFM_HL_Y|NL31D,1.3434845,0.054261558,0,1
3HFM_HL_Y|NL31E,4.0,0.05349064,0,1
3HFM_HL_Y|NL32A,4.0,0.054333515,0,1
3HFM_HL_Y|NY19D,0.41047263,0.05423475,0,1
3HFM_HL_Y|NY19K,0.2401111,0.05422055,0,1
3HFM_HL_Y|NY19Q,-0.042485796,0.05438573,0,1
3HFM_HL_Y|NY93A,0.21121821,0.055840142,0,1
3HFM_HL_Y|QL53A,0.9530879,0.054177,0,1
3HFM_HL_Y|RY21A,0.8618019,0.054065876,0,1
3HFM_HL_Y|RY21E,2.4534352,0.054077998,0,1
3HFM_HL_Y|RY21G,2.4220753,0.053865865,0,1
3HFM_HL_Y|RY21H,2.1693182,0.05407621,0,1
3HFM_HL_Y|RY21K,1.766342,0.054270994,0,1
3HFM_HL_Y|RY21M,2.0498905,0.054181576,0,1
3HFM_HL_Y|RY21N,2.3282614,0.054048933,0,1
3HFM_HL_Y|RY21Q,2.3975346,0.054089036,0,1
3HFM_HL_Y|RY21W,2.132881,0.054017045,0,1
3HFM_HL_Y|RY73A,-0.3313971,0.054729756,0,1
3HFM_HL_Y|SH31A,0.17036153,0.055191386,0,1
3HFM_HL_Y|SY100A,0.26765963,0.054333087,0,1
3HFM_HL_Y|TY89A,0.0,0.05439271,0,1
3HFM_HL_Y|WH98A,4.0,0.054761913,0,1
"3HFM_HL_Y|WH98A,KY96A",4.0,0.05539903,0,1
3HFM_HL_Y|WH98F,3.245562,0.054503266,0,1
"3HFM_HL_Y|WH98F,YY20A",4.0,0.054332994,0,1
3HFM_HL_Y|WY63A,0.31918663,0.05476726,0,1
3HFM_HL_Y|YH33A,4.0,0.054388963,0,1
"3HFM_HL_Y|YH33A,KY97A",4.0,0.05484602,0,1
3HFM_HL_Y|YH33F,1.0712212,0.054159895,0,1
3HFM_HL_Y|YH33L,2.0069382,0.054292418,0,1
3HFM_HL_Y|YH33W,1.7495645,0.054482415,0,1
3HFM_HL_Y|YH50A,4.0,0.05450504,0,1
"3HFM_HL_Y|YH50A,RY21A",4.0,0.05405494,0,1
3HFM_HL_Y|YH50F,1.6099914,0.05441332,0,1
3HFM_HL_Y|YH50L,2.8488367,0.05423292,0,1
3HFM_HL_Y|YH53A,3.25038,0.05489952,0,1
3HFM_HL_Y|YH53F,0.62049925,0.054621648,0,1
3HFM_HL_Y|YH53L,0.8068894,0.05480836,0,1
3HFM_HL_Y|YH53W,0.7061819,0.05497521,0,1
3HFM_HL_Y|YH58A,1.6760437,0.05456215,0,1
3HFM_HL_Y|YH58F,0.36312544,0.05446893,0,1
3HFM_HL_Y|YH58L,1.5136731,0.054523095,0,1
3HFM_HL_Y|YL50A,4.0,0.053802013,0,1
"3HFM_HL_Y|YL50A,KY96A",4.0,0.053883776,0,1
"3HFM_HL_Y|YL50A,KY97A",4.0,0.053687952,0,1
"3HFM_HL_Y|YL50A,RY21A",4.0,0.053349383,0,1
3HFM_HL_Y|YL50F,2.3548672,0.055189565,0,1
"3HFM_HL_Y|YL50F,RY21A",4.0,0.05473931,0,1
"3HFM_HL_Y|YL50F,YY20A",4.0,0.05501794,0,1
3HFM_HL_Y|YL50L,4.0,0.054331362,0,1
3HFM_HL_Y|YL96A,2.707045,0.05448118,0,1
"3HFM_HL_Y|YL96A,RY21A",4.0,0.054031085,0,1
3HFM_HL_Y|YL96F,1.4017794,0.054569885,0,1
"3HFM_HL_Y|YL96F,RY21A",4.0,0.054120168,0,1
3HFM_HL_Y|YY20A,4.0,0.054342277,0,1
3HFM_HL_Y|YY20F,-0.4839681,0.0547951,0,1
3HFM_HL_Y|YY20L,2.1845057,0.054108717,0,1
3SE9_HL_G|DH77A,-0.7664817,0.024427466,0,1
3SE9_HL_G|EL90A,0.41735974,0.025705792,0,1
3SE9_HL_G|FL91A,0.023615688,0.025765102,0,1
3SE9_HL_G|GH106A,-0.3075798,0.025959104,0,1
3SE9_HL_G|GH107A,-0.6151596,0.025748145,0,1
3SE9_HL_G|GH109A,0.18514356,0.025913473,0,1
3SE9_HL_G|GH57A,0.4524448,0.025735158,0,1
3SE9_HL_G|GH62A,0.04634,0.02615925,0,1
3SE9_HL_G|GL29A,0.46369976,0.025798101,0,1
3SE9_HL_G|LH34A,0.56599987,0.02554302,0,1
3SE9_HL_G|LL89A,0.964243,0.02554968,0,1
3SE9_HL_G|NH60A,1.5217615,0.025816746,0,1
3SE9_HL_G|PH64A,-0.4419396,0.02563164,0,1
3SE9_HL_G|RH67A,1.4695449,0.025688829,0,1
3SE9_HL_G|RH74A,2.6792572,0.025271945,0,1
3SE9_HL_G|RH76A,-0.2322162,0.025593337,0,1
3SE9_HL_G|TH105A,-0.4419396,0.025762722,0,1
3SE9_HL_G|TH56A,-0.85929936,0.026588596,0,1
3SE9_HL_G|VH55A,-0.85929936,0.025262726,0,1
3SE9_HL_G|VH59A,0.9833596,0.025063563,0,1
3SE9_HL_G|VL3A,-0.49433115,0.025690176,0,1
3SE9_HL_G|WH48A,1.0584464,0.025768153,0,1
3SE9_HL_G|WH51A,1.275695,0.025631983,0,1
3SE9_HL_G|YH104A,0.46369976,0.025719153,0,1
3SE9_HL_G|YL28A,1.1177194,0.025736826,0,1
4U6H_AB_E|NE21A,-0.3480795,0.037712235,0,1
4U6H_AB_E|QE25A,0.11883454,0.03726193,0,1
4ZS6_HL_A|EA156A,3.0386665,0.044396553,0,1
4ZS6_HL_A|YA160A,-0.11025046,0.04484953,0,1
1AHW_AB_C|DC167A,-0.4845926,-0.04697738,0,2
"1AHW_AB_C|KC138A,DC139A",1.1814722,-0.04870131,0,2
"1AHW_AB_C|KC154A,KC155A",-1.329712,-0.04919646,0,2
1AHW_AB_C|LC165A,0.9869364,-0.049067304,0,2
1AHW_AB_C|NC188A,1.0782224,-0.048895117,0,2
"1AHW_AB_C|TC110A,KC111A",0.6388569,-0.047277186,0,2
1AHW_AB_C|TC156A,-0.07411996,-0.0492852,0,2
1AHW_AB_C|TC159A,1.105771,-0.049374014,0,2
1AHW_AB_C|TC186A,1.345882,-0.049149476,0,2
1AHW_AB_C|VC187A,-0.31423107,-0.049067937,0,2
1AHW_AB_C|YC146A,-1.8890098,-0.048512787,0,2
1BJ1_HL_VW|HH101Y,-1.5835956,-0.05078581,0,2
"1BJ1_HL_VW|HH101Y,YH103I,GH104A,SH105K",-0.43125325,-0.05046681,0,2
"1BJ1_HL_VW|HH101Y,YH103R,GH104N,SH105T",-0.7626503,-0.050040007,0,2
"1BJ1_HL_VW|HH101Y,YH103R,SH105T",-1.173123,-0.050747763,0,2
1BJ1_HL_VW|HH107A,0.78965265,-0.05108379,0,2
"1BJ1_HL_VW|LH72I,TH74K",0.076517485,-0.050661888,0,2
"1BJ1_HL_VW|LH72V,TH74V",0.6706598,-0.050787486,0,2
"1BJ1_HL_VW|ML4L,TH28D,NH31H,HH101Y,SH105T",-1.52138,-0.050135463,0,2
1BJ1_HL_VW|NH31H,-0.7626503,-0.050745316,0,2
1BJ1_HL_VW|SH105T,-0.39039657,-0.050810292,0,2
1BJ1_HL_VW|TH28D,-0.22003505,-0.050571933,0,2
"1BJ1_HL_VW|TH28D,NH31H",-0.6929008,-0.050417222,0,2
"1BJ1_HL_VW|TH28D,NH31H,YH54W,HH101Y,SH105T",-1.2034981,-0.050163366,0,2
1BJ1_HL_VW|TH59A,0.85066694,-0.051033646,0,2
1BJ1_HL_VW|YH27A,2.2425284,-0.04976972,0,2
1BJ1_HL_VW|YH54A,1.3276595,-0.05174164,0,2
1BJ1_HL_VW|YH54W,-0.13726985,-0.05083214,0,2
1BJ1_HL_VW|YH99A,4.0,-0.05045984,0,2
1DQJ_AB_C|DB32A,2.0134337,-0.042785604,0,2
"1DQJ_AB_C|DB32A,KC97A",1.1223834,-0.043629706,0,2
1DQJ_AB_C|DC101A,1.3765504,-0.043058556,0,2
1DQJ_AB_C|KC96A,4.0,-0.04435925,0,2
1DQJ_AB_C|KC97A,3.5197058,-0.044451877,0,2
1DQJ_AB_C|LC75A,1.452407,-0.04330667,0,2
1DQJ_AB_C|NA31A,2.0134337,-0.043117687,0,2
1DQJ_AB_C|NA32A,4.0,-0.044144068,0,2
"1DQJ_AB_C|NA32A,KC96A",4.0,-0.04487604,0,2
1DQJ_AB_C|NC93A,0.64987326,-0.044376295,0,2
1DQJ_AB_C|RC21A,1.2137709,-0.043626256,0,2
1DQJ_AB_C|SA91A,1.4318883,-0.043675773,0,2
"1DQJ_AB_C|SA91A,RC21A",3.1707318,-0.043685924,0,2
"1DQJ_AB_C|SA91A,YC20A",3.573092,-0.04315108,0,2
1DQJ_AB_C|SC100A,0.7755829,-0.04347838,0,2
1DQJ_AB_C|TC89A,0.84084374,-0.042855136,0,2
1DQJ_AB_C|WB98A,4.0,-0.043593906,0,2
"1DQJ_AB_C|WB98A,KC97A",4.0,-0.044399984,0,2
"1DQJ_AB_C|WB98A,SC100A",4.0,-0.043455735,0,2
"1DQJ_AB_C|WB98A,YC20A",4.0,-0.043069538,0,2
1DQJ_AB_C|WC62A,0.7580786,-0.043432962,0,2
1DQJ_AB_C|WC63A,1.3462692,-0.043084834,0,2
1DQJ_AB_C|YA50A,2.678299,-0.043481134,0,2
1DQJ_AB_C|YA96A,1.135051,-0.04377579,0,2
"1DQJ_AB_C|YA96A,RC21A",3.4851997,-0.04378572,0,2
"1DQJ_AB_C|YA96A,SC100A",0.91344726,-0.043638047,0,2
1DQJ_AB_C|YB33A,4.0,-0.04364206,0,2
1DQJ_AB_C|YB50A,4.0,-0.043505326,0,2
1DQJ_AB_C|YB53A,1.1802781,-0.043677397,0,2
"1DQJ_AB_C|YB53A,DC101A",2.727121,-0.043120816,0,2
"1DQJ_AB_C|YB53A,LC75A",1.2168618,-0.043367907,0,2
"1DQJ_AB_C|YB53A,WC62A",1.286308,-0.043493226,0,2
"1DQJ_AB_C|YB53A,WC63A",2.1992323,-0.043146737,0,2
1DQJ_AB_C|YC20A,3.2857084,-0.043091714,0,2
1XGT_AB_C|LB33A,2.1988916,-0.043943066,0,2
1XGT_AB_C|LB33F,-1.8617703,-0.04424422,0,2
1XGT_AB_C|LB33I,-0.061315425,-0.044278525,0,2
1XGT_AB_C|LB33V,1.0463123,-0.044162534,0,2
"3BDY_HL_V|DL28N,PL30A,RL31K,SL32T,TL97S,TL98S",-0.9690793,-0.04403509,0,2
"3BDY_HL_V|DL28N,PL30A,RL31K,SL32T,TL97S,TL98S,KH31S,DH32G,TH55S,NH56E,GH101V,DH103V",-2.7154896,-0.043727405,0,2
"3BDY_HL_V|DL28N,PL30A,RL31K,SL32T,TL97S,TL98S,KH31S,DH32G,TH55S,NH56E,GH101V,DH103V,RH51A,RH60A",-2.7728782,-0.0438592,0,2
"3BDY_HL_V|DL28N,PL30A,RL31K,SL32T,YL57F,TL97S,TL98S",-0.97316396,-0.044106994,0,2
"3BDY_HL_V|DL28N,PL30A,RL31K,SL32T,YL57F,TL97S,TL98S,KH31S,DH32G,TH55S,NH56E,GH101V,DH103V",-2.727121,-0.04380486,0,2
3HFM_HL_Y|DH32A,1.8982269,-0.045136355,0,2
"3HFM_HL_Y|DH32A,KY97A",4.0,-0.046281572,0,2
"3HFM_HL_Y|DH32A,KY97M",1.1234494,-0.046253785,0,2
3HFM_HL_Y|DH32N,0.17036153,-0.046406403,0,2
"3HFM_HL_Y|DH32N,KY97A",4.0,-0.04751808,0,2
"3HFM_HL_Y|DH32N,KY97M",0.3025042,-0.047490515,0,2
3HFM_HL_Y|DY101A,1.2081919,-0.045461424,0,2
3HFM_HL_Y|DY101E,2.132881,-0.045806162,0,2
3HFM_HL_Y|DY101F,2.3282614,-0.045427933,0,2
3HFM_HL_Y|DY101G,0.35884774,-0.04574715,0,2
3HFM_HL_Y|DY101K,2.1245396,-0.04567381,0,2
3HFM_HL_Y|DY101N,1.4911126,-0.045452956,0,2
3HFM_HL_Y|DY101Q,2.0851746,-0.04559863,0,2
3HFM_HL_Y|DY101R,2.2798727,-0.045324434,0,2
3HFM_HL_Y|DY101S,1.8694,-0.045490123,0,2
3HFM_HL_Y|GY102V,0.395285,-0.045681786,0,2
3HFM_HL_Y|HY15A,-0.4453172,-0.04592847,0,2
3HFM_HL_Y|IY98A,0.0,-0.046291765,0,2
3HFM_HL_Y|KY96A,4.0,-0.04736764,0,2
3HFM_HL_Y|KY96M,4.0,-0.04700322,0,2
3HFM_HL_Y|KY96R,4.0,-0.047231607,0,2
3HFM_HL_Y|KY97A,4.0,-0.047219187,0,2
3HFM_HL_Y|KY97D,4.0,-0.047226686,0,2
3HFM_HL_Y|KY97E,3.6045077,-0.047293957,0,2
3HFM_HL_Y|KY97G,4.0,-0.047172114,0,2
3HFM_HL_Y|KY97M,0.9469717,-0.04719161,0,2
3HFM_HL_Y|KY97R,3.0528512,-0.047388896,0,2
3HFM_HL_Y|LY75A,0.70445603,-0.04590214,0,2
3HFM_HL_Y|NL31A,4.0,-0.045654383,0,2
"3HFM_HL_Y|NL31A,KY96A",4.0,-0.04688545,0,2
3HFM_HL_Y|NL31D,1.3434845,-0.046059757,0,2
3HFM_HL_Y|NL31E,4.0,-0.046544123,0,2
3HFM_HL_Y|NL32A,4.0,-0.04649464,0,2
3HFM_HL_Y|NY19D,0.41047263,-0.045627184,0,2
3HFM_HL_Y|NY19K,0.2401111,-0.045568094,0,2
3HFM_HL_Y|NY19Q,-0.042485796,-0.045780104,0,2
3HFM_HL_Y|NY93A,0.21121821,-0.04714911,0,2
3HFM_HL_Y|QL53A,0.9530879,-0.045903288,0,2
3HFM_HL_Y|RY21A,0.8618019,-0.04609467,0,2
3HFM_HL_Y|RY21E,2.4534352,-0.0461635,0,2
3HFM_HL_Y|RY21G,2.4220753,-0.04579198,0,2
3HFM_HL_Y|RY21H,2.1693182,-0.04611255,0,2
3HFM_HL_Y|RY21K,1.766342,-0.04600233,0,2
3HFM_HL_Y|RY21M,2.0498905,-0.046062432,0,2
3HFM_HL_Y|RY21N,2.3282614,-0.046096027,0,2
3HFM_HL_Y|RY21Q,2.3975346,-0.0460919,0,2
3HFM_HL_Y|RY21W,2.132881,-0.04577433,0,2
3HFM_HL_Y|RY73A,-0.3313971,-0.045796912,0,2
3HFM_HL_Y|SH31A,0.17036153,-0.046304554,0,2
3HFM_HL_Y|SY100A,0.26765963,-0.045972206,0,2
3HFM_HL_Y|TY89A,0.0,-0.04500798,0,2
3HFM_HL_Y|WH98A,4.0,-0.04602405,0,2
"3HFM_HL_Y|WH98A,KY96A",4.0,-0.04729804,0,2
3HFM_HL_Y|WH98F,3.245562,-0.045772783,0,2
"3HFM_HL_Y|WH98F,YY20A",4.0,-0.045149434,0,2
3HFM_HL_Y|WY63A,0.31918663,-0.04463123,0,2
3HFM_HL_Y|YH33A,4.0,-0.045871384,0,2
"3HFM_HL_Y|YH33A,KY97A",4.0,-0.04700054,0,2
3HFM_HL_Y|YH33F,1.0712212,-0.046345096,0,2
3HFM_HL_Y|YH33L,2.0069382,-0.046225615,0,2
3HFM_HL_Y|YH33W,1.7495645,-0.04609777,0,2
3HFM_HL_Y|YH50A,4.0,-0.045939572,0,2
"3HFM_HL_Y|YH50A,RY21A",4.0,-0.04593594,0,2
3HFM_HL_Y|YH50F,1.6099914,-0.046222724,0,2
3HFM_HL_Y|YH50L,2.8488367,-0.04631339,0,2
3HFM_HL_Y|YH53A,3.25038,-0.04621518,0,2
3HFM_HL_Y|YH53F,0.62049925,-0.046258215,0,2
3HFM_HL_Y|YH53L,0.8068894,-0.046291765,0,2
3HFM_HL_Y|YH53W,0.7061819,-0.04613497,0,2
3HFM_HL_Y|YH58A,1.6760437,-0.045999527,0,2
3HFM_HL_Y|YH58F,0.36312544,-0.04614492,0,2
3HFM_HL_Y|YH58L,1.5136731,-0.046134952,0,2
3HFM_HL_Y|YL50A,4.0,-0.045921415,0,2
"3HFM_HL_Y|YL50A,KY96A",4.0,-0.047359556,0,2
"3HFM_HL_Y|YL50A,KY97A",4.0,-0.047210872,0,2
"3HFM_HL_Y|YL50A,RY21A",4.0,-0.045918245,0,2
3HFM_HL_Y|YL50F,2.3548672,-0.0456,0,2
"3HFM_HL_Y|YL50F,RY21A",4.0,-0.045596942,0,2
"3HFM_HL_Y|YL50F,YY20A",4.0,-0.04497593,0,2
3HFM_HL_Y|YL50L,4.0,-0.046309035,0,2
3HFM_HL_Y|YL96A,2.707045,-0.046324436,0,2
"3HFM_HL_Y|YL96A,RY21A",4.0,-0.04632123,0,2
3HFM_HL_Y|YL96F,1.4017794,-0.04622059,0,2
"3HFM_HL_Y|YL96F,RY21A",4.0,-0.04621745,0,2
3HFM_HL_Y|YY20A,4.0,-0.045474783,0,2
3HFM_HL_Y|YY20F,-0.4839681,-0.04597275,0,2
3HFM_HL_Y|YY20L,2.1845057,-0.045434296,0,2
3SE9_HL_G|DH77A,-0.7664817,-0.049372245,0,2
3SE9_HL_G|EL90A,0.41735974,-0.04937263,0,2
3SE9_HL_G|FL91A,0.023615688,-0.049394693,0,2
3SE9_HL_G|GH106A,-0.3075798,-0.049644902,0,2
3SE9_HL_G|GH107A,-0.6151596,-0.049773593,0,2
3SE9_HL_G|GH109A,0.18514356,-0.049406014,0,2
3SE9_HL_G|GH57A,0.4524448,-0.049342755,0,2
3SE9_HL_G|GH62A,0.04634,-0.049756717,0,2
3SE9_HL_G|GL29A,0.46369976,-0.049398117,0,2
3SE9_HL_G|LH34A,0.56599987,-0.04923314,0,2
3SE9_HL_G|LL89A,0.964243,-0.04924581,0,2
3SE9_HL_G|NH60A,1.5217615,-0.049456187,0,2
3SE9_HL_G|PH64A,-0.4419396,-0.049317736,0,2
3SE9_HL_G|RH67A,1.4695449,-0.049118027,0,2
3SE9_HL_G|RH74A,2.6792572,-0.049311917,0,2
3SE9_HL_G|RH76A,-0.2322162,-0.049221575,0,2
3SE9_HL_G|TH105A,-0.4419396,-0.049458086,0,2
3SE9_HL_G|TH56A,-0.85929936,-0.047598433,0,2
3SE9_HL_G|VH55A,-0.85929936,-0.04895498,0,2
3SE9_HL_G|VH59A,0.9833596,-0.04914283,0,2
3SE9_HL_G|VL3A,-0.49433115,-0.049527273,0,2
3SE9_HL_G|WH48A,1.0584464,-0.049663477,0,2
3SE9_HL_G|WH51A,1.275695,-0.048657548,0,2
3SE9_HL_G|YH104A,0.46369976,-0.049380336,0,2
3SE9_HL_G|YL28A,1.1177194,-0.049624216,0,2
4U6H_AB_E|NE21A,-0.3480795,-0.04802536,0,2
4U6H_AB_E|QE25A,0.11883454,-0.048169397,0,2
4ZS6_HL_A|EA156A,3.0386665,-0.057154424,0,2
4ZS6_HL_A|YA160A,-0.11025046,-0.05997315,0,2
1KIP_AB_C|AB32Y,-0.8005932,0.027540144,1,0
1XGU_AB_C|FB33A,4.0,0.0015495063,1,0
1XGU_AB_C|FB33I,1.8004549,0.0019772907,1,0
1XGU_AB_C|FB33L,1.8617703,0.0017919613,1,0
1XGU_AB_C|FB33V,2.9080825,0.0019647356,1,0
2B2X_HL_A|EH64K,-0.033433665,0.01777741,1,0
"2B2X_HL_A|EH64K,QL28S,YL52N",0.911615,0.017805846,1,0
"2B2X_HL_A|EH64K,QL28S,YL52N,GH102S",2.7106705,0.017984154,1,0
"2B2X_HL_A|EH64K,QL28S,YL52N,SH35A",3.119054,0.017816706,1,0
"2B2X_HL_A|EH64K,QL28S,YL52N,SH35V",3.770335,0.017716177,1,0
"2B2X_HL_A|EH64K,YL52N",0.34853002,0.018199004,1,0
"2B2X_HL_A|QL28S,YL52N",0.8626942,0.017810589,1,0
2B2X_HL_A|VH50T,0.024054652,0.01714887,1,0
"2B2X_HL_A|VH50T,EH64D,QL28S,YL52N",0.87177193,0.017225761,1,0
"2B2X_HL_A|VH50T,EH64K,QL28S",0.991589,0.016767213,1,0
"2B2X_HL_A|VH50T,EH64K,QL28S,YL52D",1.5439764,0.017535105,1,0
"2B2X_HL_A|VH50T,EH64K,QL28S,YL52E",0.95452905,0.017689249,1,0
"2B2X_HL_A|VH50T,EH64K,QL28S,YL52K",1.7007239,0.01756721,1,0
"2B2X_HL_A|VH50T,EH64K,QL28S,YL52N",1.043214,0.017187662,1,0
"2B2X_HL_A|VH50T,EH64K,QL28S,YL52N,FH99W",1.043214,0.01628898,1,0
"2B2X_HL_A|VH50T,EH64K,QL28S,YL52N,FH99Y",1.7978828,0.017212875,1,0
"2B2X_HL_A|VH50T,EH64K,QL28S,YL52N,GH100F",1.4322319,0.020519696,1,0
"2B2X_HL_A|VH50T,EH64K,QL28S,YL52N,GH100L",3.770335,0.019378308,1,0
"2B2X_HL_A|VH50T,EH64K,QL28S,YL52N,GH100M",1.145348,0.017829068,1,0
"2B2X_HL_A|VH50T,EH64K,QL28S,YL52N,GH100S",1.6009614,0.019635607,1,0
"2B2X_HL_A|VH50T,EH64K,QL28S,YL52N,GH53A",1.5558206,0.017225321,1,0
"2B2X_HL_A|VH50T,EH64K,QL28S,YL52N,GH53N",2.2985272,0.016437603,1,0
"2B2X_HL_A|VH50T,EH64K,QL28S,YL52N,GH53S",1.7188073,0.017478768,1,0
"2B2X_HL_A|VH50T,EH64K,QL28S,YL52N,GH54I",2.4067745,0.015580647,1,0
"2B2X_HL_A|VH50T,EH64K,QL28S,YL52N,GH54T",2.2073808,0.017780192,1,0
"2B2X_HL_A|VH50T,EH64K,QL28S,YL52N,GH54Y",1.043214,0.015560837,1,0
"2B2X_HL_A|VH50T,EH64K,QL28S,YL52N,GL92Q",2.6158988,0.017377622,1,0
"2B2X_HL_A|VH50T,EH64K,QL28S,YL52N,GL92S",1.5558206,0.017168375,1,0
"2B2X_HL_A|VH50T,EH64K,QL28S,YL52N,HL31K",2.2073808,0.016850024,1,0
"2B2X_HL_A|VH50T,EH64K,QL28S,YL52N,HL31R",2.1670115,0.016719744,1,0
"2B2X_HL_A|VH50T,EH64K,QL28S,YL52N,HL31W",2.2985272,0.016823463,1,0
"2B2X_HL_A|VH50T,EH64K,QL28S,YL52N,LH60D",0.981894,0.01744135,1,0
"2B2X_HL_A|VH50T,EH64K,QL28S,YL52N,LL49F",1.7554936,0.017328963,1,0
"2B2X_HL_A|VH50T,EH64K,QL28S,YL52N,LL49K",1.9044149,0.017086914,1,0
"2B2X_HL_A|VH50T,EH64K,QL28S,YL52N,LL49W",2.9507816,0.017163428,1,0
"2B2X_HL_A|VH50T,EH64K,QL28S,YL52N,NL30V",2.0925434,0.018481,1,0
"2B2X_HL_A|VH50T,EH64K,QL28S,YL52N,NL30W",2.6158988,0.017324327,1,0
"2B2X_HL_A|VH50T,EH64K,QL28S,YL52N,NL30Y",2.9507816,0.015728641,1,0
"2B2X_HL_A|VH50T,EH64K,QL28S,YL52N,NL30Y,SL91I",1.4775821,0.01606582,1,0
"2B2X_HL_A|VH50T,EH64K,QL28S,YL52N,RH31Q",2.350542,0.016679915,1,0
"2B2X_HL_A|VH50T,EH64K,QL28S,YL52N,SH35A",2.6158988,0.017174352,1,0
"2B2X_HL_A|VH50T,EH64K,QL28S,YL52N,SH35A,GH102S",2.6158988,0.01737213,1,0
"2B2X_HL_A|VH50T,EH64K,QL28S,YL52N,SH35Q",3.770335,0.017071752,1,0
"2B2X_HL_A|VH50T,EH64K,QL28S,YL52N,SH35V,GH102S",2.4688888,0.017208163,1,0
"2B2X_HL_A|VH50T,EH64K,QL28S,YL52N,SH52M",3.119054,0.01705023,1,0
"2B2X_HL_A|VH50T,EH64K,QL28S,YL52N,SL24R",0.82788163,0.017028885,1,0
"2B2X_HL_A|VH50T,EH64K,QL28S,YL52N,SL91Q",2.8172472,0.016728472,1,0
"2B2X_HL_A|VH50T,EH64K,QL28S,YL52N,SL91R",3.770335,0.017073847,1,0
"2B2X_HL_A|VH50T,EH64K,QL28S,YL52N,SL91R,NL30E",3.770335,0.016591096,1,0
"2B2X_HL_A|VH50T,EH64K,QL28S,YL52N,SL91T",3.3598623,0.016998462,1,0
"2B2X_HL_A|VH50T,EH64K,QL28S,YL52N,TH33E,GH53Q",2.7106705,0.016906898,1,0
"2B2X_HL_A|VH50T,EH64K,QL28S,YL52N,TH33I,SH52T,GH53N,GH54N",2.9507816,0.014940789,1,0
"2B2X_HL_A|VH50T,EH64K,QL28S,YL52N,TH33I,SH52T,GH53Q,GH54F",2.2985272,0.015871866,1,0
"2B2X_HL_A|VH50T,EH64K,QL28S,YL52N,TH33N",3.770335,0.01733355,1,0
"2B2X_HL_A|VH50T,EH64K,QL28S,YL52N,TH33V",1.4775821,0.017222488,1,0
"2B2X_HL_A|VH50T,EH64K,QL28S,YL52N,WL90Q",3.119054,0.017288571,1,0
"2B2X_HL_A|VH50T,EH64K,QL28S,YL52N,WL90Q,FL33Y",1.914233,0.017412923,1,0
"2B2X_HL_A|VH50T,EH64K,QL28S,YL52N,YH58E",3.119054,0.01751693,1,0
"2B2X_HL_A|VH50T,EH64K,QL28S,YL52N,YH58Q",3.119054,0.017267173,1,0
"2B2X_HL_A|VH50T,EH64K,QL28S,YL52N,YH58W",1.8641591,0.017434172,1,0
"2B2X_HL_A|VH50T,EH64K,QL28S,YL52N,YH59E",1.5872209,0.016959116,1,0
"2B2X_HL_A|VH50T,EH64K,QL28S,YL52R",1.8880546,0.016728424,1,0
"2B2X_HL_A|VH50T,EH64K,YL52N",0.28173435,0.01757673,1,0
"2B2X_HL_A|VH50T,EH64N,QL28S,YL52N",1.0069425,0.017091582,1,0
"2B2X_HL_A|VH50T,EH64Q,QL28S,YL52N",0.96559924,0.017133333,1,0
"2B2X_HL_A|VH50T,EH64Q,QL28S,YL52N,LH60D",1.0862032,0.017424222,1,0
"2B2X_HL_A|VH50T,QL28S,YL52N",0.96559924,0.017198334,1,0
"2B2X_HL_A|VH50T,QL28S,YL52N,LH60D",0.90141344,0.017477555,1,0
"2B2X_HL_A|VH50T,YL52N",0.18636756,0.01758966,1,0
2B2X_HL_A|YL52E,-0.22410508,0.018690834,1,0
2VIR_AB_C|SC115L,3.680209,0.028370706,1,0
2VIR_AB_C|TC89I,4.0,0.028748382,1,0
"3G6D_LH_A|EL3V,GL76R,TL77V,QL78E,EL80G",0.13981691,-0.0149818715,1,0
"3G6D_LH_A|EL3V,GL76R,TL77V,QL78E,EL80G,DH54N",0.111178115,-0.014908167,1,0
"3G6D_LH_A|EL3V,GL76R,TL77V,QL78E,EL80G,TL89S,ML92I,VL93D,TL94K",0.27145106,-0.015563076,1,0
3G6D_LH_A|HH104A,-0.9530879,-0.014646104,1,0
"3G6D_LH_A|KH210T,KH215T",-0.13294782,-0.014673596,1,0
"3G6D_LH_A|TL89S,ML92I,VL93D,TL94K",0.7979767,-0.015293082,1,0
3G6D_LH_A|WH105A,-1.4965084,-0.01426276,1,0
"3IDX_HL_G|CG27I,CG242Q",-2.4650376,-0.009615511,1,0
"3IDX_HL_G|CG27I,CG242Q,MG247A",-2.1736174,-0.00982339,1,0
"3IDX_HL_G|KG85C,EG121C,CG27I,CG242Q",-2.3776865,-0.0090834275,1,0
"3IDX_HL_G|KG85C,EG121C,WG13M,MG247A,CG14W,CG129V,CG27I,CG242Q",-2.1922898,-0.008027101,1,0
"3IDX_HL_G|KG85C,EG122C,WG13M,MG247A,CG14W,CG129V,CG27I,CG242Q",-2.2927184,-0.007787235,1,0
"3IDX_HL_G|TG41C,GG245C,MG247A",0.40945426,-0.009008495,1,0
"3IDX_HL_G|TG41C,GG245C,WG13M,MG247A,CG14W,CG129V,CG27I,CG242Q",-2.3310676,-0.008297367,1,0
"3IDX_HL_G|WG13M,MG247A,CG14W,CG129V",-0.6475391,-0.0066503445,1,0
"3IDX_HL_G|WG13M,MG247A,CG14W,CG129V,CG27I,CG242Q",-2.3479884,-0.008645005,1,0
"3IDX_HL_G|WG13M,MG247A,CG14W,CG129V,KG85C,EG121C",-0.36166522,-0.0060366094,1,0
"3IDX_HL_G|WG13M,SG111T,WG200S,MG247A,CG14W,CG129V,CG27I,CG242Q",-1.8639641,-0.009300085,1,0
"3L5X_A_HL|EL93F,YL94G",-0.42800838,-0.014471844,1,0
"3L5X_A_HL|EL93H,YL94G",-0.7626503,-0.015051557,1,0
"3L5X_A_HL|HL91P,NL92I,EL93D,YL94A",-0.6466697,-0.016133592,1,0
"3L5X_A_HL|HL91P,NL92L,EL93D,YL94S",-0.6327897,-0.016291706,1,0
"3L5X_A_HL|HL91P,NL92L,EL93D,YL94T",-0.81005055,-0.015882201,1,0
"3L5X_A_HL|HL91P,NL92L,EL93D,YL94V",-0.85822237,-0.016203322,1,0
"3L5X_A_HL|HL91P,NL92L,YL94A",-0.44441348,-0.016298637,1,0
"3L5X_A_HL|HL91Q,NL92D,EL93I,YL94G",-1.5503801,-0.014670825,1,0
"3L5X_A_HL|HL91Q,NL92D,EL93L,YL94G",-1.785132,-0.014230389,1,0
"3L5X_A_HL|HL91Q,NL92D,EL93Y,YL94G",-1.451453,-0.014580565,1,0
"3L5X_A_HL|NL92D,EL93L,YL94G",-0.42962858,-0.014231328,1,0
"3L5X_A_HL|NL92D,EL93N,YL94S",-0.53403836,-0.0148924235,1,0
"3L5X_A_HL|NL92D,EL93P,YL94G",-1.4699602,-0.014571521,1,0
"3L5X_A_HL|NL92D,EL93R,YL94D",-0.52253926,-0.014739852,1,0
"3L5X_A_HL|NL92D,EL93W,YL94E",-1.1963489,-0.01433558,1,0
"3L5X_A_HL|NL92D,EL93W,YL94G",-1.6825228,-0.0143118445,1,0
"3L5X_A_HL|NL92D,EL93W,YL94S",-0.71612674,-0.014541667,1,0
"3L5X_A_HL|NL92D,EL93Y,YL94A",-0.8069743,-0.015139993,1,0
"3L5X_A_HL|NL92E,EL93S,YL94G",-1.2653587,-0.01630516,1,0
"3L5X_A_HL|NL92E,EL93W,YL94G",-1.5503801,-0.015780391,1,0
"3L5X_A_HL|NL92F,EL93W,YL94G",-1.2329907,-0.015480008,1,0
"3L5X_A_HL|NL92L,EL93D,YL94S",-0.6170473,-0.01647683,1,0
"3L5X_A_HL|NL92L,EL93L,YL94G",-0.6259698,-0.01496985,1,0
"3L5X_A_HL|NL92L,EL93M,YL94G",-0.82567644,-0.015214026,1,0
"3L5X_A_HL|NL92L,EL93N,YL94G",-0.6954369,-0.015434854,1,0
"3L5X_A_HL|NL92S,EL93H,YL94G",-1.2457265,-0.01683495,1,0
"3L5X_A_HL|NL92S,EL93I,YL94G",-0.8069743,-0.016657494,1,0
"3L5X_A_HL|NL92S,EL93S,YL94G",-0.24921271,-0.01700669,1,0
"3L5X_A_HL|NL92S,EL93V,YL94G",-0.51687235,-0.016536158,1,0
"3L5X_A_HL|NL92S,EL93W,YL94A",-0.30302802,-0.017175123,1,0
"3L5X_A_HL|NL92S,EL93W,YL94G",-1.2720501,-0.016594965,1,0
"3L5X_A_HL|NL92S,EL93Y,YL94G",-0.9641868,-0.016762797,1,0
"3L5X_A_HL|NL92V,EL93G,YL94G",-0.46300006,-0.016599268,1,0
"3L5X_A_HL|NL92V,EL93W,YL94G",-0.83525383,-0.015657086,1,0
3L5X_A_HL|YL94A,-0.82885176,-0.015899511,1,0
3N85_A_LH|SH32A,-0.13401966,0.008691433,1,0
3N85_A_LH|SH32Y,0.0571225,0.0072355242,1,0
3N85_A_LH|SH50G,0.48767117,0.007848914,1,0
3N85_A_LH|SH52Y,-0.78460336,0.008986718,1,0
3N85_A_LH|WH100F,-0.015185109,0.008067143,1,0
3N85_A_LH|WH30K,-0.78460336,0.008313401,1,0
3N85_A_LH|WH30R,-0.5539675,0.008148104,1,0
3N85_A_LH|WL91F,0.13959166,0.008358161,1,0
3N85_A_LH|WL94Y,-0.03871881,0.007721591,1,0
3SE8_HL_G|DH110A,-0.38934898,-0.0075569665,1,0
3SE8_HL_G|DH114A,-0.2441398,-0.0079239365,1,0
3SE8_HL_G|DL49A,0.8558488,-0.007883636,1,0
3SE8_HL_G|EL1A,-0.5565174,-0.007285827,1,0
3SE8_HL_G|EL91A,1.513491,-0.0077392785,1,0
3SE8_HL_G|FH115A,1.0676043,-0.008012492,1,0
3SE8_HL_G|FL90A,-0.8640972,-0.008057878,1,0
3SE8_HL_G|FL92A,0.8323254,-0.007835213,1,0
3SE8_HL_G|GH56A,0.3570972,-0.007999566,1,0
3SE8_HL_G|KH52A,1.1114144,-0.009800194,1,0
3SE8_HL_G|LH54A,0.054776184,-0.0072843563,1,0
3SE8_HL_G|NL30A,0.19434923,-0.0077613164,1,0
3SE8_HL_G|PH78A,0.01881787,-0.0073830634,1,0
3SE8_HL_G|PH81A,-0.07091986,-0.007871704,1,0
3SE8_HL_G|QH63A,1.1144251,-0.00792845,1,0
3SE8_HL_G|QH65A,0.54980505,-0.00792961,1,0
3SE8_HL_G|QH76A,0.09689985,-0.00754501,1,0
3SE8_HL_G|QL27A,-0.21612903,-0.007737524,1,0
3SE8_HL_G|RH30A,-0.03949762,-0.008042375,1,0
3SE8_HL_G|RH62A,1.2061691,-0.00796149,1,0
3SE8_HL_G|RH72A,2.6444623,-0.00827634,1,0
3SE8_HL_G|SH59A,1.1508402,-0.007175925,1,0
3SE8_HL_G|VH58A,1.2496852,-0.0069154575,1,0
3SE8_HL_G|WH47A,1.4751467,-0.007822391,1,0
3SE8_HL_G|WH50A,1.333526,-0.008389902,1,0
3SE8_HL_G|WH55A,0.7611056,-0.008671953,1,0
3SE8_HL_G|YH111A,0.82992166,-0.0077364137,1,0
3SE8_HL_G|YH60A,0.8558488,-0.0068612974,1,0
4KRL_A_B|DB112A,0.6496817,0.02807068,1,0
5C6T_HL_A|EA194A,1.0906719,0.011285736,1,0
5C6T_HL_A|FA192A,1.9972014,0.012329958,1,0
5C6T_HL_A|FA199A,2.7581792,0.011873016,1,0
5C6T_HL_A|FA200A,0.41047263,0.0115568545,1,0
5C6T_HL_A|FH99A,1.4600298,0.008131277,1,0
5C6T_HL_A|IA201A,0.88561165,0.011308979,1,0
5C6T_HL_A|NA183A,0.28399685,0.01066857,1,0
5C6T_HL_A|NA186A,0.3630724,0.011044747,1,0
5C6T_HL_A|NA188A,-0.36658686,0.010433699,1,0
"5C6T_HL_A|NA195A,DA197A",0.58650106,0.0104606645,1,0
5C6T_HL_A|NH97A,1.5258962,0.009238738,1,0
5C6T_HL_A|RH31S,0.3115454,0.011487383,1,0
5C6T_HL_A|RL48A,0.1229613,0.010992996,1,0
5C6T_HL_A|SH32A,-0.8683455,0.013722355,1,0
5C6T_HL_A|TA185A,0.33786914,0.010708116,1,0
5C6T_HL_A|YA182A,3.2083547,0.010903305,1,0
"5C6T_HL_A|YA182A,NA195A,DA197A",2.942425,0.010446069,1,0
5C6T_HL_A|YH104A,0.3630724,0.010938228,1,0
5C6T_HL_A|YH98A,1.7166799,0.008052705,1,0
5C6T_HL_A|YL47A,0.5516565,0.010932555,1,0
1KIP_AB_C|AB32Y,-0.8005932,0.018846039,1,1
1XGU_AB_C|FB33A,4.0,0.08000198,1,1
1XGU_AB_C|FB33I,1.8004549,0.07888359,1,1
1XGU_AB_C|FB33L,1.8617703,0.07845735,1,1
1XGU_AB_C|FB33V,2.9080825,0.078777984,1,1
2B2X_HL_A|EH64K,-0.033433665,0.026855227,1,1
"2B2X_HL_A|EH64K,QL28S,YL52N",0.911615,0.02798187,1,1
"2B2X_HL_A|EH64K,QL28S,YL52N,GH102S",2.7106705,0.027404502,1,1
"2B2X_HL_A|EH64K,QL28S,YL52N,SH35A",3.119054,0.02823178,1,1
"2B2X_HL_A|EH64K,QL28S,YL52N,SH35V",3.770335,0.028553225,1,1
"2B2X_HL_A|EH64K,YL52N",0.34853002,0.027816737,1,1
"2B2X_HL_A|QL28S,YL52N",0.8626942,0.027439795,1,1
2B2X_HL_A|VH50T,0.024054652,0.026420113,1,1
"2B2X_HL_A|VH50T,EH64D,QL28S,YL52N",0.87177193,0.027589016,1,1
"2B2X_HL_A|VH50T,EH64K,QL28S",0.991589,0.027144983,1,1
"2B2X_HL_A|VH50T,EH64K,QL28S,YL52D",1.5439764,0.027423346,1,1
"2B2X_HL_A|VH50T,EH64K,QL28S,YL52E",0.95452905,0.026982307,1,1
"2B2X_HL_A|VH50T,EH64K,QL28S,YL52K",1.7007239,0.027255423,1,1
"2B2X_HL_A|VH50T,EH64K,QL28S,YL52N",1.043214,0.0281206,1,1
"2B2X_HL_A|VH50T,EH64K,QL28S,YL52N,FH99W",1.043214,0.02795871,1,1
"2B2X_HL_A|VH50T,EH64K,QL28S,YL52N,FH99Y",1.7978828,0.027526978,1,1
"2B2X_HL_A|VH50T,EH64K,QL28S,YL52N,GH100F",1.4322319,0.02927963,1,1
"2B2X_HL_A|VH50T,EH64K,QL28S,YL52N,GH100L",3.770335,0.028528055,1,1
"2B2X_HL_A|VH50T,EH64K,QL28S,YL52N,GH100M",1.145348,0.028545931,1,1
"2B2X_HL_A|VH50T,EH64K,QL28S,YL52N,GH100S",1.6009614,0.026589047,1,1
"2B2X_HL_A|VH50T,EH64K,QL28S,YL52N,GH53A",1.5558206,0.02786005,1,1
"2B2X_HL_A|VH50T,EH64K,QL28S,YL52N,GH53N",2.2985272,0.027789019,1,1
"2B2X_HL_A|VH50T,EH64K,QL28S,YL52N,GH53S",1.7188073,0.027926143,1,1
"2B2X_HL_A|VH50T,EH64K,QL28S,YL52N,GH54I",2.4067745,0.030623518,1,1
"2B2X_HL_A|VH50T,EH64K,QL28S,YL52N,GH54T",2.2073808,0.02894461,1,1
"2B2X_HL_A|VH50T,EH64K,QL28S,YL52N,GH54Y",1.043214,0.030280836,1,1
"2B2X_HL_A|VH50T,EH64K,QL28S,YL52N,GL92Q",2.6158988,0.027656617,1,1
"2B2X_HL_A|VH50T,EH64K,QL28S,YL52N,GL92S",1.5558206,0.027947133,1,1
"2B2X_HL_A|VH50T,EH64K,QL28S,YL52N,HL31K",2.2073808,0.02772577,1,1
"2B2X_HL_A|VH50T,EH64K,QL28S,YL52N,HL31R",2.1670115,0.028266067,1,1
"2B2X_HL_A|VH50T,EH64K,QL28S,YL52N,HL31W",2.2985272,0.028354973,1,1
"2B2X_HL_A|VH50T,EH64K,QL28S,YL52N,LH60D",0.981894,0.027806895,1,1
"2B2X_HL_A|VH50T,EH64K,QL28S,YL52N,LL49F",1.7554936,0.028066253,1,1
"2B2X_HL_A|VH50T,EH64K,QL28S,YL52N,LL49K",1.9044149,0.028306926,1,1
"2B2X_HL_A|VH50T,EH64K,QL28S,YL52N,LL49W",2.9507816,0.028206311,1,1
"2B2X_HL_A|VH50T,EH64K,QL28S,YL52N,NL30V",2.0925434,0.026031483,1,1
"2B2X_HL_A|VH50T,EH64K,QL28S,YL52N,NL30W",2.6158988,0.026941389,1,1
"2B2X_HL_A|VH50T,EH64K,QL28S,YL52N,NL30Y",2.9507816,0.02718021,1,1
"2B2X_HL_A|VH50T,EH64K,QL28S,YL52N,NL30Y,SL91I",1.4775821,0.026639141,1,1
"2B2X_HL_A|VH50T,EH64K,QL28S,YL52N,RH31Q",2.350542,0.02736976,1,1
"2B2X_HL_A|VH50T,EH64K,QL28S,YL52N,SH35A",2.6158988,0.028331578,1,1
"2B2X_HL_A|VH50T,EH64K,QL28S,YL52N,SH35A,GH102S",2.6158988,0.027721042,1,1
"2B2X_HL_A|VH50T,EH64K,QL28S,YL52N,SH35Q",3.770335,0.028052993,1,1
"2B2X_HL_A|VH50T,EH64K,QL28S,YL52N,SH35V,GH102S",2.4688888,0.028045384,1,1
"2B2X_HL_A|VH50T,EH64K,QL28S,YL52N,SH52M",3.119054,0.0277793,1,1
"2B2X_HL_A|VH50T,EH64K,QL28S,YL52N,SL24R",0.82788163,0.028563328,1,1
"2B2X_HL_A|VH50T,EH64K,QL28S,YL52N,SL91Q",2.8172472,0.027279112,1,1
"2B2X_HL_A|VH50T,EH64K,QL28S,YL52N,SL91R",3.770335,0.027564822,1,1
"2B2X_HL_A|VH50T,EH64K,QL28S,YL52N,SL91R,NL30E",3.770335,0.025348816,1,1
"2B2X_HL_A|VH50T,EH64K,QL28S,YL52N,SL91T",3.3598623,0.027885046,1,1
"2B2X_HL_A|VH50T,EH64K,QL28S,YL52N,TH33E,GH53Q",2.7106705,0.027061932,1,1
"2B2X_HL_A|VH50T,EH64K,QL28S,YL52N,TH33I,SH52T,GH53N,GH54N",2.9507816,0.028932946,1,1
"2B2X_HL_A|VH50T,EH64K,QL28S,YL52N,TH33I,SH52T,GH53Q,GH54F",2.2985272,0.02956248,1,1
"2B2X_HL_A|VH50T,EH64K,QL28S,YL52N,TH33N",3.770335,0.027921394,1,1
"2B2X_HL_A|VH50T,EH64K,QL28S,YL52N,TH33V",1.4775821,0.0282735,1,1
"2B2X_HL_A|VH50T,EH64K,QL28S,YL52N,WL90Q",3.119054,0.027692847,1,1
"2B2X_HL_A|VH50T,EH64K,QL28S,YL52N,WL90Q,FL33Y",1.914233,0.02755911,1,1
"2B2X_HL_A|VH50T,EH64K,QL28S,YL52N,YH58E",3.119054,0.027365722,1,1
"2B2X_HL_A|VH50T,EH64K,QL28S,YL52N,YH58Q",3.119054,0.02794787,1,1
"2B2X_HL_A|VH50T,EH64K,QL28S,YL52N,YH58W",1.8641591,0.028169557,1,1
"2B2X_HL_A|VH50T,EH64K,QL28S,YL52N,YH59E",1.5872209,0.02803012,1,1
"2B2X_HL_A|VH50T,EH64K,QL28S,YL52R",1.8880546,0.028211735,1,1
"2B2X_HL_A|VH50T,EH64K,YL52N",0.28173435,0.027965486,1,1
"2B2X_HL_A|VH50T,EH64N,QL28S,YL52N",1.0069425,0.02791208,1,1
"2B2X_HL_A|VH50T,EH64Q,QL28S,YL52N",0.96559924,0.027840393,1,1
"2B2X_HL_A|VH50T,EH64Q,QL28S,YL52N,LH60D",1.0862032,0.027518827,1,1
"2B2X_HL_A|VH50T,QL28S,YL52N",0.96559924,0.02753582,1,1
"2B2X_HL_A|VH50T,QL28S,YL52N,LH60D",0.90141344,0.027151082,1,1
"2B2X_HL_A|VH50T,YL52N",0.18636756,0.027387984,1,1
2B2X_HL_A|YL52E,-0.22410508,0.026152583,1,1
2VIR_AB_C|SC115L,3.680209,0.020351844,1,1
2VIR_AB_C|TC89I,4.0,0.020615844,1,1
"3G6D_LH_A|EL3V,GL76R,TL77V,QL78E,EL80G",0.13981691,0.035410035,1,1
"3G6D_LH_A|EL3V,GL76R,TL77V,QL78E,EL80G,DH54N",0.111178115,0.035305228,1,1
"3G6D_LH_A|EL3V,GL76R,TL77V,QL78E,EL80G,TL89S,ML92I,VL93D,TL94K",0.27145106,0.035940353,1,1
3G6D_LH_A|HH104A,-0.9530879,0.03569449,1,1
"3G6D_LH_A|KH210T,KH215T",-0.13294782,0.03540002,1,1
"3G6D_LH_A|TL89S,ML92I,VL93D,TL94K",0.7979767,0.03593922,1,1
3G6D_LH_A|WH105A,-1.4965084,0.033388592,1,1
"3IDX_HL_G|CG27I,CG242Q",-2.4650376,0.03520588,1,1
"3IDX_HL_G|CG27I,CG242Q,MG247A",-2.1736174,0.033641234,1,1
"3IDX_HL_G|KG85C,EG121C,CG27I,CG242Q",-2.3776865,0.029916577,1,1
"3IDX_HL_G|KG85C,EG121C,WG13M,MG247A,CG14W,CG129V,CG27I,CG242Q",-2.1922898,0.028125606,1,1
"3IDX_HL_G|KG85C,EG122C,WG13M,MG247A,CG14W,CG129V,CG27I,CG242Q",-2.2927184,0.028653454,1,1
"3IDX_HL_G|TG41C,GG245C,MG247A",0.40945426,0.03850746,1,1
"3IDX_HL_G|TG41C,GG245C,WG13M,MG247A,CG14W,CG129V,CG27I,CG242Q",-2.3310676,0.035152752,1,1
"3IDX_HL_G|WG13M,MG247A,CG14W,CG129V",-0.6475391,0.03378417,1,1
"3IDX_HL_G|WG13M,MG247A,CG14W,CG129V,CG27I,CG242Q",-2.3479884,0.031537313,1,1
"3IDX_HL_G|WG13M,MG247A,CG14W,CG129V,KG85C,EG121C",-0.36166522,0.02994578,1,1
"3IDX_HL_G|WG13M,SG111T,WG200S,MG247A,CG14W,CG129V,CG27I,CG242Q",-1.8639641,0.030593626,1,1
"3L5X_A_HL|EL93F,YL94G",-0.42800838,0.03217999,1,1
"3L5X_A_HL|EL93H,YL94G",-0.7626503,0.0320901,1,1
"3L5X_A_HL|HL91P,NL92I,EL93D,YL94A",-0.6466697,0.03192588,1,1
"3L5X_A_HL|HL91P,NL92L,EL93D,YL94S",-0.6327897,0.031059857,1,1
"3L5X_A_HL|HL91P,NL92L,EL93D,YL94T",-0.81005055,0.031979125,1,1
"3L5X_A_HL|HL91P,NL92L,EL93D,YL94V",-0.85822237,0.03259702,1,1
"3L5X_A_HL|HL91P,NL92L,YL94A",-0.44441348,0.031701744,1,1
"3L5X_A_HL|HL91Q,NL92D,EL93I,YL94G",-1.5503801,0.03305023,1,1
"3L5X_A_HL|HL91Q,NL92D,EL93L,YL94G",-1.785132,0.033402257,1,1
"3L5X_A_HL|HL91Q,NL92D,EL93Y,YL94G",-1.451453,0.032763053,1,1
"3L5X_A_HL|NL92D,EL93L,YL94G",-0.42962858,0.03309647,1,1
"3L5X_A_HL|NL92D,EL93N,YL94S",-0.53403836,0.031200733,1,1
"3L5X_A_HL|NL92D,EL93P,YL94G",-1.4699602,0.032909602,1,1
"3L5X_A_HL|NL92D,EL93R,YL94D",-0.52253926,0.032022454,1,1
"3L5X_A_HL|NL92D,EL93W,YL94E",-1.1963489,0.03125658,1,1
"3L5X_A_HL|NL92D,EL93W,YL94G",-1.6825228,0.032463364,1,1
"3L5X_A_HL|NL92D,EL93W,YL94S",-0.71612674,0.030907996,1,1
"3L5X_A_HL|NL92D,EL93Y,YL94A",-0.8069743,0.031723723,1,1
"3L5X_A_HL|NL92E,EL93S,YL94G",-1.2653587,0.03185361,1,1
"3L5X_A_HL|NL92E,EL93W,YL94G",-1.5503801,0.032074694,1,1
"3L5X_A_HL|NL92F,EL93W,YL94G",-1.2329907,0.031764794,1,1
"3L5X_A_HL|NL92L,EL93D,YL94S",-0.6170473,0.030288663,1,1
"3L5X_A_HL|NL92L,EL93L,YL94G",-0.6259698,0.031713624,1,1
"3L5X_A_HL|NL92L,EL93M,YL94G",-0.82567644,0.031065837,1,1
"3L5X_A_HL|NL92L,EL93N,YL94G",-0.6954369,0.031325553,1,1
"3L5X_A_HL|NL92S,EL93H,YL94G",-1.2457265,0.03160162,1,1
"3L5X_A_HL|NL92S,EL93I,YL94G",-0.8069743,0.03154648,1,1
"3L5X_A_HL|NL92S,EL93S,YL94G",-0.24921271,0.030854218,1,1
"3L5X_A_HL|NL92S,EL93V,YL94G",-0.51687235,0.032049373,1,1
"3L5X_A_HL|NL92S,EL93W,YL94A",-0.30302802,0.03018419,1,1
"3L5X_A_HL|NL92S,EL93W,YL94G",-1.2720501,0.031231884,1,1
"3L5X_A_HL|NL92S,EL93Y,YL94G",-0.9641868,0.031415876,1,1
"3L5X_A_HL|NL92V,EL93G,YL94G",-0.46300006,0.03266156,1,1
"3L5X_A_HL|NL92V,EL93W,YL94G",-0.83525383,0.031989954,1,1
3L5X_A_HL|YL94A,-0.82885176,0.03153797,1,1
3N85_A_LH|SH32A,-0.13401966,0.029449169,1,1
3N85_A_LH|SH32Y,0.0571225,0.029541887,1,1
3N85_A_LH|SH50G,0.48767117,0.031089421,1,1
3N85_A_LH|SH52Y,-0.78460336,0.030308843,1,1
3N85_A_LH|WH100F,-0.015185109,0.029916432,1,1
3N85_A_LH|WH30K,-0.78460336,0.029774528,1,1
3N85_A_LH|WH30R,-0.5539675,0.029981758,1,1
3N85_A_LH|WL91F,0.13959166,0.030088946,1,1
3N85_A_LH|WL94Y,-0.03871881,0.028950509,1,1
3SE8_HL_G|DH110A,-0.38934898,0.034518387,1,1
3SE8_HL_G|DH114A,-0.2441398,0.034408264,1,1
3SE8_HL_G|DL49A,0.8558488,0.034955774,1,1
3SE8_HL_G|EL1A,-0.5565174,0.034026727,1,1
3SE8_HL_G|EL91A,1.513491,0.034780677,1,1
3SE8_HL_G|FH115A,1.0676043,0.03493152,1,1
3SE8_HL_G|FL90A,-0.8640972,0.034117732,1,1
3SE8_HL_G|FL92A,0.8323254,0.034914527,1,1
3SE8_HL_G|GH56A,0.3570972,0.035131574,1,1
3SE8_HL_G|KH52A,1.1114144,0.03520044,1,1
3SE8_HL_G|LH54A,0.054776184,0.03577121,1,1
3SE8_HL_G|NL30A,0.19434923,0.034847595,1,1
3SE8_HL_G|PH78A,0.01881787,0.035397343,1,1
3SE8_HL_G|PH81A,-0.07091986,0.03489585,1,1
3SE8_HL_G|QH63A,1.1144251,0.03481316,1,1
3SE8_HL_G|QH65A,0.54980505,0.03556912,1,1
3SE8_HL_G|QH76A,0.09689985,0.035420693,1,1
3SE8_HL_G|QL27A,-0.21612903,0.034958377,1,1
3SE8_HL_G|RH30A,-0.03949762,0.035052385,1,1
3SE8_HL_G|RH62A,1.2061691,0.035157885,1,1
3SE8_HL_G|RH72A,2.6444623,0.035544943,1,1
3SE8_HL_G|SH59A,1.1508402,0.0330369,1,1
3SE8_HL_G|VH58A,1.2496852,0.034307558,1,1
3SE8_HL_G|WH47A,1.4751467,0.033907916,1,1
3SE8_HL_G|WH50A,1.333526,0.03436487,1,1
3SE8_HL_G|WH55A,0.7611056,0.033836786,1,1
3SE8_HL_G|YH111A,0.82992166,0.034964688,1,1
3SE8_HL_G|YH60A,0.8558488,0.034864776,1,1
4KRL_A_B|DB112A,0.6496817,0.024519041,1,1
5C6T_HL_A|EA194A,1.0906719,0.026599677,1,1
5C6T_HL_A|FA192A,1.9972014,0.026389323,1,1
5C6T_HL_A|FA199A,2.7581792,0.026751565,1,1
5C6T_HL_A|FA200A,0.41047263,0.02661724,1,1
5C6T_HL_A|FH99A,1.4600298,0.026617423,1,1
5C6T_HL_A|IA201A,0.88561165,0.02660136,1,1
5C6T_HL_A|NA183A,0.28399685,0.02786284,1,1
5C6T_HL_A|NA186A,0.3630724,0.025898643,1,1
5C6T_HL_A|NA188A,-0.36658686,0.026175085,1,1
"5C6T_HL_A|NA195A,DA197A",0.58650106,0.026246428,1,1
5C6T_HL_A|NH97A,1.5258962,0.02699807,1,1
5C6T_HL_A|RH31S,0.3115454,0.026779708,1,1
5C6T_HL_A|RL48A,0.1229613,0.026626568,1,1
5C6T_HL_A|SH32A,-0.8683455,0.020836143,1,1
5C6T_HL_A|TA185A,0.33786914,0.026359348,1,1
5C6T_HL_A|YA182A,3.2083547,0.027037978,1,1
"5C6T_HL_A|YA182A,NA195A,DA197A",2.942425,0.02686131,1,1
5C6T_HL_A|YH104A,0.3630724,0.026253924,1,1
5C6T_HL_A|YH98A,1.7166799,0.029288825,1,1
5C6T_HL_A|YL47A,0.5516565,0.026459157,1,1
1KIP_AB_C|AB32Y,-0.8005932,0.01701222,1,2
1XGU_AB_C|FB33A,4.0,0.023651108,1,2
1XGU_AB_C|FB33I,1.8004549,0.023791317,1,2
1XGU_AB_C|FB33L,1.8617703,0.023945224,1,2
1XGU_AB_C|FB33V,2.9080825,0.023715947,1,2
2B2X_HL_A|EH64K,-0.033433665,0.021543581,1,2
"2B2X_HL_A|EH64K,QL28S,YL52N",0.911615,0.022603564,1,2
"2B2X_HL_A|EH64K,QL28S,YL52N,GH102S",2.7106705,0.022194643,1,2
"2B2X_HL_A|EH64K,QL28S,YL52N,SH35A",3.119054,0.022550449,1,2
"2B2X_HL_A|EH64K,QL28S,YL52N,SH35V",3.770335,0.022842873,1,2
"2B2X_HL_A|EH64K,YL52N",0.34853002,0.022594754,1,2
"2B2X_HL_A|QL28S,YL52N",0.8626942,0.022511985,1,2
2B2X_HL_A|VH50T,0.024054652,0.021162216,1,2
"2B2X_HL_A|VH50T,EH64D,QL28S,YL52N",0.87177193,0.022188943,1,2
"2B2X_HL_A|VH50T,EH64K,QL28S",0.991589,0.021282285,1,2
"2B2X_HL_A|VH50T,EH64K,QL28S,YL52D",1.5439764,0.021592673,1,2
"2B2X_HL_A|VH50T,EH64K,QL28S,YL52E",0.95452905,0.021199465,1,2
"2B2X_HL_A|VH50T,EH64K,QL28S,YL52K",1.7007239,0.021718953,1,2
"2B2X_HL_A|VH50T,EH64K,QL28S,YL52N",1.043214,0.022321153,1,2
"2B2X_HL_A|VH50T,EH64K,QL28S,YL52N,FH99W",1.043214,0.022681322,1,2
"2B2X_HL_A|VH50T,EH64K,QL28S,YL52N,FH99Y",1.7978828,0.022612859,1,2
"2B2X_HL_A|VH50T,EH64K,QL28S,YL52N,GH100F",1.4322319,0.017787594,1,2
"2B2X_HL_A|VH50T,EH64K,QL28S,YL52N,GH100L",3.770335,0.01945597,1,2
"2B2X_HL_A|VH50T,EH64K,QL28S,YL52N,GH100M",1.145348,0.019874487,1,2
"2B2X_HL_A|VH50T,EH64K,QL28S,YL52N,GH100S",1.6009614,0.021241333,1,2
"2B2X_HL_A|VH50T,EH64K,QL28S,YL52N,GH53A",1.5558206,0.022855278,1,2
"2B2X_HL_A|VH50T,EH64K,QL28S,YL52N,GH53N",2.2985272,0.023012098,1,2
"2B2X_HL_A|VH50T,EH64K,QL28S,YL52N,GH53S",1.7188073,0.0227439,1,2
"2B2X_HL_A|VH50T,EH64K,QL28S,YL52N,GH54I",2.4067745,0.021105092,1,2
"2B2X_HL_A|VH50T,EH64K,QL28S,YL52N,GH54T",2.2073808,0.02082586,1,2
"2B2X_HL_A|VH50T,EH64K,QL28S,YL52N,GH54Y",1.043214,0.019930415,1,2
"2B2X_HL_A|VH50T,EH64K,QL28S,YL52N,GL92Q",2.6158988,0.02259091,1,2
"2B2X_HL_A|VH50T,EH64K,QL28S,YL52N,GL92S",1.5558206,0.022374839,1,2
"2B2X_HL_A|VH50T,EH64K,QL28S,YL52N,HL31K",2.2073808,0.022870135,1,2
"2B2X_HL_A|VH50T,EH64K,QL28S,YL52N,HL31R",2.1670115,0.022918232,1,2
"2B2X_HL_A|VH50T,EH64K,QL28S,YL52N,HL31W",2.2985272,0.022052962,1,2
"2B2X_HL_A|VH50T,EH64K,QL28S,YL52N,LH60D",0.981894,0.022108372,1,2
"2B2X_HL_A|VH50T,EH64K,QL28S,YL52N,LL49F",1.7554936,0.022545628,1,2
"2B2X_HL_A|VH50T,EH64K,QL28S,YL52N,LL49K",1.9044149,0.022580024,1,2
"2B2X_HL_A|VH50T,EH64K,QL28S,YL52N,LL49W",2.9507816,0.022775251,1,2
"2B2X_HL_A|VH50T,EH64K,QL28S,YL52N,NL30V",2.0925434,0.022057679,1,2
"2B2X_HL_A|VH50T,EH64K,QL28S,YL52N,NL30W",2.6158988,0.02212159,1,2
"2B2X_HL_A|VH50T,EH64K,QL28S,YL52N,NL30Y",2.9507816,0.022284102,1,2
"2B2X_HL_A|VH50T,EH64K,QL28S,YL52N,NL30Y,SL91I",1.4775821,0.022217255,1,2
"2B2X_HL_A|VH50T,EH64K,QL28S,YL52N,RH31Q",2.350542,0.02140906,1,2
"2B2X_HL_A|VH50T,EH64K,QL28S,YL52N,SH35A",2.6158988,0.022287715,1,2
"2B2X_HL_A|VH50T,EH64K,QL28S,YL52N,SH35A,GH102S",2.6158988,0.021825526,1,2
"2B2X_HL_A|VH50T,EH64K,QL28S,YL52N,SH35Q",3.770335,0.022376109,1,2
"2B2X_HL_A|VH50T,EH64K,QL28S,YL52N,SH35V,GH102S",2.4688888,0.022170201,1,2
"2B2X_HL_A|VH50T,EH64K,QL28S,YL52N,SH52M",3.119054,0.022560168,1,2
"2B2X_HL_A|VH50T,EH64K,QL28S,YL52N,SL24R",0.82788163,0.022440378,1,2
"2B2X_HL_A|VH50T,EH64K,QL28S,YL52N,SL91Q",2.8172472,0.021883253,1,2
"2B2X_HL_A|VH50T,EH64K,QL28S,YL52N,SL91R",3.770335,0.022694778,1,2
"2B2X_HL_A|VH50T,EH64K,QL28S,YL52N,SL91R,NL30E",3.770335,0.02278274,1,2
"2B2X_HL_A|VH50T,EH64K,QL28S,YL52N,SL91T",3.3598623,0.022292227,1,2
"2B2X_HL_A|VH50T,EH64K,QL28S,YL52N,TH33E,GH53Q",2.7106705,0.0233277,1,2
"2B2X_HL_A|VH50T,EH64K,QL28S,YL52N,TH33I,SH52T,GH53N,GH54N",2.9507816,0.02155811,1,2
"2B2X_HL_A|VH50T,EH64K,QL28S,YL52N,TH33I,SH52T,GH53Q,GH54F",2.2985272,0.022354532,1,2
"2B2X_HL_A|VH50T,EH64K,QL28S,YL52N,TH33N",3.770335,0.022476848,1,2
"2B2X_HL_A|VH50T,EH64K,QL28S,YL52N,TH33V",1.4775821,0.02261668,1,2
"2B2X_HL_A|VH50T,EH64K,QL28S,YL52N,WL90Q",3.119054,0.022928752,1,2
"2B2X_HL_A|VH50T,EH64K,QL28S,YL52N,WL90Q,FL33Y",1.914233,0.023001127,1,2
"2B2X_HL_A|VH50T,EH64K,QL28S,YL52N,YH58E",3.119054,0.021834422,1,2
"2B2X_HL_A|VH50T,EH64K,QL28S,YL52N,YH58Q",3.119054,0.021914285,1,2
"2B2X_HL_A|VH50T,EH64K,QL28S,YL52N,YH58W",1.8641591,0.022267785,1,2
"2B2X_HL_A|VH50T,EH64K,QL28S,YL52N,YH59E",1.5872209,0.022891525,1,2
"2B2X_HL_A|VH50T,EH64K,QL28S,YL52R",1.8880546,0.021618608,1,2
"2B2X_HL_A|VH50T,EH64K,YL52N",0.28173435,0.022310156,1,2
"2B2X_HL_A|VH50T,EH64N,QL28S,YL52N",1.0069425,0.02233969,1,2
"2B2X_HL_A|VH50T,EH64Q,QL28S,YL52N",0.96559924,0.022299912,1,2
"2B2X_HL_A|VH50T,EH64Q,QL28S,YL52N,LH60D",1.0862032,0.022088911,1,2
"2B2X_HL_A|VH50T,QL28S,YL52N",0.96559924,0.022232685,1,2
"2B2X_HL_A|VH50T,QL28S,YL52N,LH60D",0.90141344,0.02203736,1,2
"2B2X_HL_A|VH50T,YL52N",0.18636756,0.02221806,1,2
2B2X_HL_A|YL52E,-0.22410508,0.021362647,1,2
2VIR_AB_C|SC115L,3.680209,0.004124822,1,2
2VIR_AB_C|TC89I,4.0,0.0038009826,1,2
"3G6D_LH_A|EL3V,GL76R,TL77V,QL78E,EL80G",0.13981691,-8.878298e-05,1,2
"3G6D_LH_A|EL3V,GL76R,TL77V,QL78E,EL80G,DH54N",0.111178115,2.2326596e-05,1,2
"3G6D_LH_A|EL3V,GL76R,TL77V,QL78E,EL80G,TL89S,ML92I,VL93D,TL94K",0.27145106,7.4505806e-06,1,2
3G6D_LH_A|HH104A,-0.9530879,0.00019848533,1,2
"3G6D_LH_A|KH210T,KH215T",-0.13294782,0.00026938785,1,2
"3G6D_LH_A|TL89S,ML92I,VL93D,TL94K",0.7979767,0.0003789859,1,2
3G6D_LH_A|WH105A,-1.4965084,0.00032080896,1,2
"3IDX_HL_G|CG27I,CG242Q",-2.4650376,-0.0044730017,1,2
"3IDX_HL_G|CG27I,CG242Q,MG247A",-2.1736174,-0.0035794796,1,2
"3IDX_HL_G|KG85C,EG121C,CG27I,CG242Q",-2.3776865,-0.0017644446,1,2
"3IDX_HL_G|KG85C,EG121C,WG13M,MG247A,CG14W,CG129V,CG27I,CG242Q",-2.1922898,0.0017104531,1,2
"3IDX_HL_G|KG85C,EG122C,WG13M,MG247A,CG14W,CG129V,CG27I,CG242Q",-2.2927184,0.0022121146,1,2
"3IDX_HL_G|TG41C,GG245C,MG247A",0.40945426,-0.0004936466,1,2
"3IDX_HL_G|TG41C,GG245C,WG13M,MG247A,CG14W,CG129V,CG27I,CG242Q",-2.3310676,4.9308874e-05,1,2
"3IDX_HL_G|WG13M,MG247A,CG14W,CG129V",-0.6475391,0.0015830034,1,2
"3IDX_HL_G|WG13M,MG247A,CG14W,CG129V,CG27I,CG242Q",-2.3479884,-0.0007004244,1,2
"3IDX_HL_G|WG13M,MG247A,CG14W,CG129V,KG85C,EG121C",-0.36166522,0.003193588,1,2
"3IDX_HL_G|WG13M,SG111T,WG200S,MG247A,CG14W,CG129V,CG27I,CG242Q",-1.8639641,-0.002386989,1,2
"3L5X_A_HL|EL93F,YL94G",-0.42800838,-0.02426392,1,2
"3L5X_A_HL|EL93H,YL94G",-0.7626503,-0.023975194,1,2
"3L5X_A_HL|HL91P,NL92I,EL93D,YL94A",-0.6466697,-0.023659565,1,2
"3L5X_A_HL|HL91P,NL92L,EL93D,YL94S",-0.6327897,-0.023588693,1,2
"3L5X_A_HL|HL91P,NL92L,EL93D,YL94T",-0.81005055,-0.02345643,1,2
"3L5X_A_HL|HL91P,NL92L,EL93D,YL94V",-0.85822237,-0.023299962,1,2
"3L5X_A_HL|HL91P,NL92L,YL94A",-0.44441348,-0.023070952,1,2
"3L5X_A_HL|HL91Q,NL92D,EL93I,YL94G",-1.5503801,-0.024427248,1,2
"3L5X_A_HL|HL91Q,NL92D,EL93L,YL94G",-1.785132,-0.023412224,1,2
"3L5X_A_HL|HL91Q,NL92D,EL93Y,YL94G",-1.451453,-0.023955662,1,2
"3L5X_A_HL|NL92D,EL93L,YL94G",-0.42962858,-0.02338484,1,2
"3L5X_A_HL|NL92D,EL93N,YL94S",-0.53403836,-0.024712894,1,2
"3L5X_A_HL|NL92D,EL93P,YL94G",-1.4699602,-0.024017919,1,2
"3L5X_A_HL|NL92D,EL93R,YL94D",-0.52253926,-0.023926375,1,2
"3L5X_A_HL|NL92D,EL93W,YL94E",-1.1963489,-0.023611473,1,2
"3L5X_A_HL|NL92D,EL93W,YL94G",-1.6825228,-0.024142673,1,2
"3L5X_A_HL|NL92D,EL93W,YL94S",-0.71612674,-0.024326451,1,2
"3L5X_A_HL|NL92D,EL93Y,YL94A",-0.8069743,-0.024034746,1,2
"3L5X_A_HL|NL92E,EL93S,YL94G",-1.2653587,-0.023553163,1,2
"3L5X_A_HL|NL92E,EL93W,YL94G",-1.5503801,-0.023232656,1,2
"3L5X_A_HL|NL92F,EL93W,YL94G",-1.2329907,-0.023583721,1,2
"3L5X_A_HL|NL92L,EL93D,YL94S",-0.6170473,-0.023360763,1,2
"3L5X_A_HL|NL92L,EL93L,YL94G",-0.6259698,-0.022439163,1,2
"3L5X_A_HL|NL92L,EL93M,YL94G",-0.82567644,-0.023445632,1,2
"3L5X_A_HL|NL92L,EL93N,YL94G",-0.6954369,-0.023400964,1,2
"3L5X_A_HL|NL92S,EL93H,YL94G",-1.2457265,-0.02319089,1,2
"3L5X_A_HL|NL92S,EL93I,YL94G",-0.8069743,-0.023926193,1,2
"3L5X_A_HL|NL92S,EL93S,YL94G",-0.24921271,-0.023729147,1,2
"3L5X_A_HL|NL92S,EL93V,YL94G",-0.51687235,-0.023546726,1,2
"3L5X_A_HL|NL92S,EL93W,YL94A",-0.30302802,-0.023319062,1,2
"3L5X_A_HL|NL92S,EL93W,YL94G",-1.2720501,-0.023579588,1,2
"3L5X_A_HL|NL92S,EL93Y,YL94G",-0.9641868,-0.0234675,1,2
"3L5X_A_HL|NL92V,EL93G,YL94G",-0.46300006,-0.02340526,1,2
"3L5X_A_HL|NL92V,EL93W,YL94G",-0.83525383,-0.023254083,1,2
3L5X_A_HL|YL94A,-0.82885176,-0.02405408,1,2
3N85_A_LH|SH32A,-0.13401966,-0.0099436315,1,2
3N85_A_LH|SH32Y,0.0571225,-0.01047495,1,2
3N85_A_LH|SH50G,0.48767117,-0.009600998,1,2
3N85_A_LH|SH52Y,-0.78460336,-0.009984644,1,2
3N85_A_LH|WH100F,-0.015185109,-0.010072904,1,2
3N85_A_LH|WH30K,-0.78460336,-0.009874432,1,2
3N85_A_LH|WH30R,-0.5539675,-0.010090405,1,2
3N85_A_LH|WL91F,0.13959166,-0.009802422,1,2
3N85_A_LH|WL94Y,-0.03871881,-0.008314792,1,2
3SE8_HL_G|DH110A,-0.38934898,-0.0017773425,1,2
3SE8_HL_G|DH114A,-0.2441398,-0.0018789759,1,2
3SE8_HL_G|DL49A,0.8558488,-0.0017928835,1,2
3SE8_HL_G|EL1A,-0.5565174,-0.0026572119,1,2
3SE8_HL_G|EL91A,1.513491,-0.002058777,1,2
3SE8_HL_G|FH115A,1.0676043,-0.0018285429,1,2
3SE8_HL_G|FL90A,-0.8640972,-0.0019479292,1,2
3SE8_HL_G|FL92A,0.8323254,-0.0019026771,1,2
3SE8_HL_G|GH56A,0.3570972,-0.0018361276,1,2
3SE8_HL_G|KH52A,1.1114144,-0.00087731984,1,2
3SE8_HL_G|LH54A,0.054776184,-0.0023747715,1,2
3SE8_HL_G|NL30A,0.19434923,-0.0018249126,1,2
3SE8_HL_G|PH78A,0.01881787,-0.0017456422,1,2
3SE8_HL_G|PH81A,-0.07091986,-0.0016907118,1,2
3SE8_HL_G|QH63A,1.1144251,-0.0017831083,1,2
3SE8_HL_G|QH65A,0.54980505,-0.0016898485,1,2
3SE8_HL_G|QH76A,0.09689985,-0.001765917,1,2
3SE8_HL_G|QL27A,-0.21612903,-0.0018399619,1,2
3SE8_HL_G|RH30A,-0.03949762,-0.0018452676,1,2
3SE8_HL_G|RH62A,1.2061691,-0.0012208838,1,2
3SE8_HL_G|RH72A,2.6444623,-0.0013560206,1,2
3SE8_HL_G|SH59A,1.1508402,-0.0016073892,1,2
3SE8_HL_G|VH58A,1.2496852,-0.002248927,1,2
3SE8_HL_G|WH47A,1.4751467,-0.00257703,1,2
3SE8_HL_G|WH50A,1.333526,-0.0021549053,1,2
3SE8_HL_G|WH55A,0.7611056,-0.0020992933,1,2
3SE8_HL_G|YH111A,0.82992166,-0.0018642768,1,2
3SE8_HL_G|YH60A,0.8558488,-0.0010450771,1,2
4KRL_A_B|DB112A,0.6496817,0.021562226,1,2
5C6T_HL_A|EA194A,1.0906719,-0.012279481,1,2
5C6T_HL_A|FA192A,1.9972014,-0.01295129,1,2
5C6T_HL_A|FA199A,2.7581792,-0.012460445,1,2
5C6T_HL_A|FA200A,0.41047263,-0.012531143,1,2
5C6T_HL_A|FH99A,1.4600298,-0.009825952,1,2
5C6T_HL_A|IA201A,0.88561165,-0.012153421,1,2
5C6T_HL_A|NA183A,0.28399685,-0.01481026,1,2
5C6T_HL_A|NA186A,0.3630724,-0.012208331,1,2
5C6T_HL_A|NA188A,-0.36658686,-0.011606056,1,2
"5C6T_HL_A|NA195A,DA197A",0.58650106,-0.010808633,1,2
5C6T_HL_A|NH97A,1.5258962,-0.0117305815,1,2
5C6T_HL_A|RH31S,0.3115454,-0.011456873,1,2
5C6T_HL_A|RL48A,0.1229613,-0.0121279005,1,2
5C6T_HL_A|SH32A,-0.8683455,-0.014643919,1,2
5C6T_HL_A|TA185A,0.33786914,-0.012357194,1,2
5C6T_HL_A|YA182A,3.2083547,-0.01507999,1,2
"5C6T_HL_A|YA182A,NA195A,DA197A",2.942425,-0.013603624,1,2
5C6T_HL_A|YH104A,0.3630724,-0.012851166,1,2
5C6T_HL_A|YH98A,1.7166799,-0.0077661253,1,2
5C6T_HL_A|YL47A,0.5516565,-0.012057717,1,2
1DVF_AB_CD|DB100A,2.7895143,0.020825267,2,0
"1DVF_AB_CD|DB100A,DD52A",4.0,0.022063576,2,0
"1DVF_AB_CD|DB100A,HD33A",4.0,0.020093925,2,0
"1DVF_AB_CD|DB100A,ND55A",4.0,0.021218844,2,0
1DVF_AB_CD|DB54A,4.0,0.019265559,2,0
"1DVF_AB_CD|DB54A,YC49A",4.0,0.021443535,2,0
1DVF_AB_CD|DB58A,1.6000048,0.020100042,2,0
"1DVF_AB_CD|DB58A,QD104A",1.4641725,0.020275503,2,0
1DVF_AB_CD|DD52A,1.6822901,0.02093418,2,0
1DVF_AB_CD|EB98A,4.0,0.019932885,2,0
"1DVF_AB_CD|EB98A,YD102A",4.0,0.020535126,2,0
1DVF_AB_CD|HA30A,1.6493824,0.019896444,2,0
1DVF_AB_CD|HD33A,1.8606005,0.01901382,2,0
1DVF_AB_CD|ID101A,2.6815457,0.020605024,2,0
1DVF_AB_CD|KD30A,1.0035173,0.020673435,2,0
1DVF_AB_CD|NB56A,1.1624389,0.019893546,2,0
"1DVF_AB_CD|NB56A,HD33A",2.5259995,0.018835727,2,0
"1DVF_AB_CD|NB56A,ND55A",2.3010929,0.020049704,2,0
"1DVF_AB_CD|NB56A,QD104A",1.4868644,0.02006974,2,0
1DVF_AB_CD|ND55A,1.8606005,0.020237394,2,0
1DVF_AB_CD|QD104A,1.6287225,0.020264793,2,0
1DVF_AB_CD|RB99A,1.8746451,0.020574309,2,0
1DVF_AB_CD|RD106A,4.0,0.019444954,2,0
1DVF_AB_CD|SA93A,1.1624389,0.021574214,2,0
1DVF_AB_CD|TB30A,0.9075126,0.019485079,2,0
1DVF_AB_CD|WA92A,0.34072307,0.02119616,2,0
1DVF_AB_CD|WB52A,4.0,0.020751785,2,0
"1DVF_AB_CD|WB52A,QD104A",4.0,0.020927608,2,0
1DVF_AB_CD|YA32A,2.0303695,0.019982297,2,0
"1DVF_AB_CD|YA32A,RD106A",4.0,0.019342434,2,0
1DVF_AB_CD|YA49A,1.6785902,0.020246588,2,0
"1DVF_AB_CD|YA49A,HD33A",2.625045,0.019161817,2,0
"1DVF_AB_CD|YA49A,ND55A",2.0303695,0.02038683,2,0
1DVF_AB_CD|YA50A,0.6877736,0.01995068,2,0
1DVF_AB_CD|YB101F,2.0123136,0.020423535,2,0
1DVF_AB_CD|YB32A,1.8314707,0.019763647,2,0
1DVF_AB_CD|YC49A,1.8606005,0.022634443,2,0
1DVF_AB_CD|YD102A,4.0,0.020690888,2,0
1MHP_HL_A|FH99W,0.0,-0.028854847,2,0
1MHP_HL_A|FH99Y,0.75466895,-0.030071218,2,0
1MHP_HL_A|GH100F,0.38901797,-0.026785586,2,0
1MHP_HL_A|GH100L,2.727121,-0.02962907,2,0
1MHP_HL_A|GH100M,0.10213403,-0.029950198,2,0
1MHP_HL_A|GH100S,0.5577475,-0.030777551,2,0
1MHP_HL_A|GH53A,0.5126066,-0.0298578,2,0
1MHP_HL_A|GH53N,1.2553134,-0.029947057,2,0
1MHP_HL_A|GH53S,0.6755934,-0.029817868,2,0
1MHP_HL_A|GH54I,1.3635606,-0.030566208,2,0
1MHP_HL_A|GH54T,1.1641668,-0.03103114,2,0
1MHP_HL_A|GH54Y,0.0,-0.030688819,2,0
1MHP_HL_A|GL91Q,1.572685,-0.029629052,2,0
1MHP_HL_A|GL91S,0.5126066,-0.029715769,2,0
1MHP_HL_A|HL30K,1.1641668,-0.029879097,2,0
1MHP_HL_A|HL30R,1.1237977,-0.029607307,2,0
1MHP_HL_A|HL30W,1.2553134,-0.030320395,2,0
1MHP_HL_A|KH64D,-0.17144196,-0.030090537,2,0
1MHP_HL_A|KH64E,-0.07761467,-0.030097038,2,0
"1MHP_HL_A|KH64E,SL27Q",-0.85684633,-0.029683236,2,0
"1MHP_HL_A|KH64E,SL27Q,NL51Y",-1.0191593,-0.029840946,2,0
1MHP_HL_A|KH64N,-0.03627145,-0.029992346,2,0
1MHP_HL_A|KH64Q,-0.07761467,-0.029877614,2,0
1MHP_HL_A|LH60D,-0.061319917,-0.029931858,2,0
"1MHP_HL_A|LH60D,KH64E",-0.1418005,-0.030040946,2,0
"1MHP_HL_A|LH60D,KH64Q",0.042989343,-0.029822681,2,0
1MHP_HL_A|LL48F,0.71227974,-0.030982953,2,0
1MHP_HL_A|LL48K,0.8612009,-0.030256607,2,0
1MHP_HL_A|LL48W,1.9075676,-0.030937653,2,0
1MHP_HL_A|NL29V,1.0493295,-0.02834792,2,0
1MHP_HL_A|NL29W,1.572685,-0.027139924,2,0
1MHP_HL_A|NL29Y,1.9075676,-0.02641346,2,0
"1MHP_HL_A|NL29Y,SL90I",0.43436813,-0.026193481,2,0
1MHP_HL_A|NL51D,0.5007625,-0.030260786,2,0
1MHP_HL_A|NL51E,-0.08868487,-0.030332103,2,0
1MHP_HL_A|NL51K,0.65751,-0.029928386,2,0
1MHP_HL_A|NL51R,0.84484076,-0.029839765,2,0
1MHP_HL_A|NL51Y,-0.05162489,-0.030205432,2,0
1MHP_HL_A|RH31Q,1.3073281,-0.029807772,2,0
1MHP_HL_A|SH35A,1.572685,-0.030164316,2,0
"1MHP_HL_A|SH35A,GH102S",1.572685,-0.029772375,2,0
1MHP_HL_A|SH35Q,2.727121,-0.030083727,2,0
"1MHP_HL_A|SH35V,GH102S",1.4256749,-0.029620796,2,0
1MHP_HL_A|SH52M,2.0758402,-0.03050717,2,0
1MHP_HL_A|SL23R,-0.21533228,-0.02980015,2,0
1MHP_HL_A|SL27Q,-0.6661127,-0.029604811,2,0
1MHP_HL_A|SL90Q,1.7740332,-0.030356992,2,0
1MHP_HL_A|SL90T,2.3166485,-0.029679254,2,0
"1MHP_HL_A|TH33E,GH53Q",1.6674565,-0.029786669,2,0
"1MHP_HL_A|TH33I,SH52T,GH53N,GH54N",1.9075676,-0.032632694,2,0
"1MHP_HL_A|TH33I,SH52T,GH53Q,GH54F",1.2553134,-0.030535962,2,0
1MHP_HL_A|TH33N,2.727121,-0.030067261,2,0
1MHP_HL_A|TH33V,0.43436813,-0.030356593,2,0
1MHP_HL_A|TH50V,-0.13159887,-0.030137494,2,0
"1MHP_HL_A|TH50V,GH102S",1.6674565,-0.029681131,2,0
"1MHP_HL_A|TH50V,KH64E",-0.1805197,-0.030197263,2,0
"1MHP_HL_A|TH50V,KH64E,SL27Q,NL51E",-1.267319,-0.030098364,2,0
"1MHP_HL_A|TH50V,KH64E,SL27Q,NL51Y",-1.0844951,-0.029958539,2,0
"1MHP_HL_A|TH50V,SH35A",2.0758402,-0.03026956,2,0
"1MHP_HL_A|TH50V,SH35V",2.727121,-0.03014905,2,0
"1MHP_HL_A|TH50V,SL27Q",-0.6946839,-0.029729906,2,0
"1MHP_HL_A|TH50V,SL27Q,NL51Y",-1.0235296,-0.029898923,2,0
1MHP_HL_A|WL89Q,2.0758402,-0.029786535,2,0
"1MHP_HL_A|WL89Q,FL32Y",0.871019,-0.0298873,2,0
1MHP_HL_A|YH58E,2.0758402,-0.03041279,2,0
1MHP_HL_A|YH58Q,2.0758402,-0.030243833,2,0
1MHP_HL_A|YH58W,0.82094526,-0.03068075,2,0
1MHP_HL_A|YH59E,0.54400706,-0.030265909,2,0
1N8Z_AB_C|DB102W,-0.71302944,0.010873997,2,0
1N8Z_AB_C|FC539A,0.035102826,0.011614602,2,0
1N8Z_AB_C|HA91F,0.034232877,0.01131296,2,0
1N8Z_AB_C|LC509A,-0.023045197,0.015642159,2,0
1N8Z_AB_C|NA30S,0.06666317,0.012663136,2,0
"1N8Z_AB_C|NA30S,HA91F,YA92W",-0.07476232,0.012131179,2,0
"1N8Z_AB_C|NA30S,HA91F,YA92W,TA94S,DB102W,YB105F,YB109V",0.050661404,0.011470865,2,0
1N8Z_AB_C|RB50A,2.9754758,0.01107686,2,0
1N8Z_AB_C|RB59A,1.8037988,0.01103291,2,0
1N8Z_AB_C|SC535A,0.030827092,0.012300387,2,0
1N8Z_AB_C|TA94S,0.32168603,0.011534146,2,0
1N8Z_AB_C|VC536A,0.008972699,0.011221597,2,0
1N8Z_AB_C|YB105F,0.8540034,0.011118968,2,0
1N8Z_AB_C|YB109V,0.23192272,0.011508301,2,0
1XGQ_AB_C|VB33A,1.1525793,0.033363298,2,0
1XGQ_AB_C|VB33F,-2.9080825,0.033308182,2,0
1XGQ_AB_C|VB33I,-1.1076277,0.032899998,2,0
1XGQ_AB_C|VB33L,-1.0463123,0.033150032,2,0
1YQV_HL_Y|RY45K,1.8995041,0.0044773407,2,0
"1YQV_HL_Y|RY68K,TY40S,IY55V,SY91T",4.0,0.0047833035,2,0
"1YQV_HL_Y|RY68K,TY40S,IY55V,SY91T,QY121H",0.0,0.0037078075,2,0
1YY9_CD_A|AC25P,0.07225565,0.029254291,2,0
1YY9_CD_A|AD98P,1.0372273,0.029273365,2,0
1YY9_CD_A|GD54P,0.26807046,0.028896697,2,0
1YY9_CD_A|LD29P,0.030827092,0.029612478,2,0
1YY9_CD_A|NC93A,-0.74186975,0.030290667,2,0
1YY9_CD_A|ND56A,-0.057046015,0.029847585,2,0
1YY9_CD_A|SC26D,-0.19925442,0.02904443,2,0
"1YY9_CD_A|SC26D,TC31E,NC93A",-1.3329437,0.030017626,2,0
"1YY9_CD_A|SC26D,TC31E,NC93A,ND56A,TD61E",-0.6517935,0.03075625,2,0
1YY9_CD_A|SC26P,-0.009110746,0.029242348,2,0
1YY9_CD_A|SC28P,-0.22229962,0.029179234,2,0
1YY9_CD_A|SC54P,-0.018363854,0.029279057,2,0
1YY9_CD_A|SD53P,0.8175451,0.029559169,2,0
1YY9_CD_A|TC31E,-0.51892465,0.029091567,2,0
"1YY9_CD_A|TC31E,NC93A",-0.81853306,0.030162405,2,0
1YY9_CD_A|TC96P,4.0,0.029229593,2,0
1YY9_CD_A|TD61E,-0.057046015,0.029271938,2,0
1YY9_CD_A|WD52P,1.4782712,0.02979289,2,0
1YY9_CD_A|YD101P,1.6514195,0.028909083,2,0
3NPS_A_BC|DA214A,1.466743,0.02353713,2,0
3NPS_A_BC|DA46A,0.3399866,0.023367044,2,0
3NPS_A_BC|DA47A,1.0674704,0.023734178,2,0
3NPS_A_BC|DA91A,1.5070341,0.024161614,2,0
3NPS_A_BC|EA163A,0.61534816,0.02278151,2,0
3NPS_A_BC|FA50A,0.21957076,0.02385958,2,0
3NPS_A_BC|FA89A,1.5714045,0.02471792,2,0
3NPS_A_BC|FA92A,0.46353978,0.02395136,2,0
3NPS_A_BC|HA138A,1.8750918,0.023806669,2,0
3NPS_A_BC|IA26A,0.6415425,0.022707622,2,0
3NPS_A_BC|IA45A,-0.33181784,0.023709953,2,0
3NPS_A_BC|KA221A,-0.10361039,0.023455162,2,0
3NPS_A_BC|LA147A,0.29573628,0.022902872,2,0
3NPS_A_BC|NA90A,0.25341922,0.025081336,2,0
3NPS_A_BC|QA140A,0.29573628,0.024121948,2,0
3NPS_A_BC|QA168A,-0.059223834,0.023877375,2,0
3NPS_A_BC|QA169A,0.7409076,0.023038443,2,0
3NPS_A_BC|QA218A,-0.040916756,0.024393965,2,0
3NPS_A_BC|QA23A,0.026323749,0.023227666,2,0
3NPS_A_BC|RA219A,-0.08390186,0.024208784,2,0
3NPS_A_BC|RA48A,-1.062741,0.023495566,2,0
3NPS_A_BC|RA51A,0.13816836,0.023993988,2,0
3NPS_A_BC|RA82A,-0.15159543,0.025528274,2,0
3NPS_A_BC|TA144A,0.17497002,0.023701105,2,0
3NPS_A_BC|TA93A,0.72381234,0.023969363,2,0
3NPS_A_BC|YA141A,1.7748737,0.023912605,2,0
3NPS_A_BC|YA52A,0.4518898,0.024305921,2,0
3W2D_A_HL|KA67N,4.0,0.009088808,2,0
3W2D_A_HL|KA67R,-0.42812017,0.008182157,2,0
3W2D_A_HL|YA45F,0.8779443,0.008683164,2,0
3W2D_A_HL|YA45L,2.3647563,0.008484155,2,0
"4KRO_A_B|DA321T,FA323A",0.1269707,0.011544824,2,0
"4KRP_A_B|DA277T,FA279A",0.35829666,0.016317252,2,0
4NM8_ABCDEF_HL|DB19N,0.66149956,-0.0005275537,2,0
4NM8_ABCDEF_HL|IB18M,0.10977998,-0.00086688437,2,0
4NM8_ABCDEF_HL|LB38Y,-0.6151596,-0.0013891468,2,0
4NM8_ABCDEF_HL|QB34R,2.9754758,-0.0012351344,2,0
4NM8_ABCDEF_HL|QB34T,2.3309386,-0.0013344795,2,0
4NM8_ABCDEF_HL|RB25M,3.442353,-0.0014366088,2,0
4NM8_ABCDEF_HL|TB32E,-0.5517196,-0.0018750159,2,0
4NM8_ABCDEF_HL|TB32I,-0.050205972,-0.0015678443,2,0
4NM8_ABCDEF_HL|TB32R,1.2211944,-0.0016131513,2,0
1DVF_AB_CD|DB100A,2.7895143,0.016535884,2,1
"1DVF_AB_CD|DB100A,DD52A",4.0,0.01766375,2,1
"1DVF_AB_CD|DB100A,HD33A",4.0,0.017218176,2,1
"1DVF_AB_CD|DB100A,ND55A",4.0,0.016644532,2,1
1DVF_AB_CD|DB54A,4.0,0.016568849,2,1
"1DVF_AB_CD|DB54A,YC49A",4.0,0.017555311,2,1
1DVF_AB_CD|DB58A,1.6000048,0.017818417,2,1
"1DVF_AB_CD|DB58A,QD104A",1.4641725,0.017760921,2,1
1DVF_AB_CD|DD52A,1.6822901,0.019474028,2,1
1DVF_AB_CD|EB98A,4.0,0.017616246,2,1
"1DVF_AB_CD|EB98A,YD102A",4.0,0.017679308,2,1
1DVF_AB_CD|HA30A,1.6493824,0.017300664,2,1
1DVF_AB_CD|HD33A,1.8606005,0.018697793,2,1
1DVF_AB_CD|ID101A,2.6815457,0.017712384,2,1
1DVF_AB_CD|KD30A,1.0035173,0.01639187,2,1
1DVF_AB_CD|NB56A,1.1624389,0.017398724,2,1
"1DVF_AB_CD|NB56A,HD33A",2.5259995,0.018458933,2,1
"1DVF_AB_CD|NB56A,ND55A",2.3010929,0.017686147,2,1
"1DVF_AB_CD|NB56A,QD104A",1.4868644,0.017341278,2,1
1DVF_AB_CD|ND55A,1.8606005,0.017933331,2,1
1DVF_AB_CD|QD104A,1.6287225,0.017590165,2,1
1DVF_AB_CD|RB99A,1.8746451,0.017661043,2,1
1DVF_AB_CD|RD106A,4.0,0.016943567,2,1
1DVF_AB_CD|SA93A,1.1624389,0.017583454,2,1
1DVF_AB_CD|TB30A,0.9075126,0.01758048,2,1
1DVF_AB_CD|WA92A,0.34072307,0.017993417,2,1
1DVF_AB_CD|WB52A,4.0,0.017742442,2,1
"1DVF_AB_CD|WB52A,QD104A",4.0,0.017683465,2,1
1DVF_AB_CD|YA32A,2.0303695,0.017885774,2,1
"1DVF_AB_CD|YA32A,RD106A",4.0,0.017177101,2,1
1DVF_AB_CD|YA49A,1.6785902,0.017581584,2,1
"1DVF_AB_CD|YA49A,HD33A",2.625045,0.018635333,2,1
"1DVF_AB_CD|YA49A,ND55A",2.0303695,0.017870206,2,1
1DVF_AB_CD|YA50A,0.6877736,0.017560367,2,1
1DVF_AB_CD|YB101F,2.0123136,0.017678084,2,1
1DVF_AB_CD|YB32A,1.8314707,0.017507344,2,1
1DVF_AB_CD|YC49A,1.8606005,0.01935786,2,1
1DVF_AB_CD|YD102A,4.0,0.017710209,2,1
1MHP_HL_A|FH99W,0.0,0.06330676,2,1
1MHP_HL_A|FH99Y,0.75466895,0.062395655,2,1
1MHP_HL_A|GH100F,0.38901797,0.060816176,2,1
1MHP_HL_A|GH100L,2.727121,0.06439559,2,1
1MHP_HL_A|GH100M,0.10213403,0.063240536,2,1
1MHP_HL_A|GH100S,0.5577475,0.063013464,2,1
1MHP_HL_A|GH53A,0.5126066,0.06267059,2,1
1MHP_HL_A|GH53N,1.2553134,0.062408157,2,1
1MHP_HL_A|GH53S,0.6755934,0.062483244,2,1
1MHP_HL_A|GH54I,1.3635606,0.061299175,2,1
1MHP_HL_A|GH54T,1.1641668,0.06210311,2,1
1MHP_HL_A|GH54Y,0.0,0.0613117,2,1
1MHP_HL_A|GL91Q,1.572685,0.062450435,2,1
1MHP_HL_A|GL91S,0.5126066,0.062410884,2,1
1MHP_HL_A|HL30K,1.1641668,0.06270125,2,1
1MHP_HL_A|HL30R,1.1237977,0.062631235,2,1
1MHP_HL_A|HL30W,1.2553134,0.0632592,2,1
1MHP_HL_A|KH64D,-0.17144196,0.06266507,2,1
1MHP_HL_A|KH64E,-0.07761467,0.06278336,2,1
"1MHP_HL_A|KH64E,SL27Q",-0.85684633,0.062872335,2,1
"1MHP_HL_A|KH64E,SL27Q,NL51Y",-1.0191593,0.06291658,2,1
1MHP_HL_A|KH64N,-0.03627145,0.06279322,2,1
1MHP_HL_A|KH64Q,-0.07761467,0.06296778,2,1
1MHP_HL_A|LH60D,-0.061319917,0.062988505,2,1
"1MHP_HL_A|LH60D,KH64E",-0.1418005,0.062784016,2,1
"1MHP_HL_A|LH60D,KH64Q",0.042989343,0.06296747,2,1
1MHP_HL_A|LL48F,0.71227974,0.063550256,2,1
1MHP_HL_A|LL48K,0.8612009,0.06300264,2,1
1MHP_HL_A|LL48W,1.9075676,0.06294625,2,1
1MHP_HL_A|NL29V,1.0493295,0.060492966,2,1
1MHP_HL_A|NL29W,1.572685,0.060235336,2,1
1MHP_HL_A|NL29Y,1.9075676,0.06014191,2,1
"1MHP_HL_A|NL29Y,SL90I",0.43436813,0.059512082,2,1
1MHP_HL_A|NL51D,0.5007625,0.0629876,2,1
1MHP_HL_A|NL51E,-0.08868487,0.063020594,2,1
1MHP_HL_A|NL51K,0.65751,0.062958494,2,1
1MHP_HL_A|NL51R,0.84484076,0.06302333,2,1
1MHP_HL_A|NL51Y,-0.05162489,0.06299187,2,1
1MHP_HL_A|RH31Q,1.3073281,0.060921595,2,1
1MHP_HL_A|SH35A,1.572685,0.06307414,2,1
"1MHP_HL_A|SH35A,GH102S",1.572685,0.06220928,2,1
1MHP_HL_A|SH35Q,2.727121,0.062772535,2,1
"1MHP_HL_A|SH35V,GH102S",1.4256749,0.0618094,2,1
1MHP_HL_A|SH52M,2.0758402,0.06311667,2,1
1MHP_HL_A|SL23R,-0.21533228,0.06315958,2,1
1MHP_HL_A|SL27Q,-0.6661127,0.06306213,2,1
1MHP_HL_A|SL90Q,1.7740332,0.062964864,2,1
1MHP_HL_A|SL90T,2.3166485,0.062430702,2,1
"1MHP_HL_A|TH33E,GH53Q",1.6674565,0.06178023,2,1
"1MHP_HL_A|TH33I,SH52T,GH53N,GH54N",1.9075676,0.06157542,2,1
"1MHP_HL_A|TH33I,SH52T,GH53Q,GH54F",1.2553134,0.06122552,2,1
1MHP_HL_A|TH33N,2.727121,0.06259561,2,1
1MHP_HL_A|TH33V,0.43436813,0.06286719,2,1
1MHP_HL_A|TH50V,-0.13159887,0.062831104,2,1
"1MHP_HL_A|TH50V,GH102S",1.6674565,0.061884508,2,1
"1MHP_HL_A|TH50V,KH64E",-0.1805197,0.062639125,2,1
"1MHP_HL_A|TH50V,KH64E,SL27Q,NL51E",-1.267319,0.06276664,2,1
"1MHP_HL_A|TH50V,KH64E,SL27Q,NL51Y",-1.0844951,0.06277333,2,1
"1MHP_HL_A|TH50V,SH35A",2.0758402,0.06292403,2,1
"1MHP_HL_A|TH50V,SH35V",2.727121,0.06258217,2,1
"1MHP_HL_A|TH50V,SL27Q",-0.6946839,0.06291474,2,1
"1MHP_HL_A|TH50V,SL27Q,NL51Y",-1.0235296,0.06295284,2,1
1MHP_HL_A|WL89Q,2.0758402,0.06341632,2,1
"1MHP_HL_A|WL89Q,FL32Y",0.871019,0.06345415,2,1
1MHP_HL_A|YH58E,2.0758402,0.062072158,2,1
1MHP_HL_A|YH58Q,2.0758402,0.06254332,2,1
1MHP_HL_A|YH58W,0.82094526,0.0627816,2,1
1MHP_HL_A|YH59E,0.54400706,0.06227197,2,1
1N8Z_AB_C|DB102W,-0.71302944,0.03464702,2,1
1N8Z_AB_C|FC539A,0.035102826,0.034395568,2,1
1N8Z_AB_C|HA91F,0.034232877,0.03518313,2,1
1N8Z_AB_C|LC509A,-0.023045197,0.033498224,2,1
1N8Z_AB_C|NA30S,0.06666317,0.033847135,2,1
"1N8Z_AB_C|NA30S,HA91F,YA92W",-0.07476232,0.034183,2,1
"1N8Z_AB_C|NA30S,HA91F,YA92W,TA94S,DB102W,YB105F,YB109V",0.050661404,0.0316853,2,1
1N8Z_AB_C|RB50A,2.9754758,0.035335302,2,1
1N8Z_AB_C|RB59A,1.8037988,0.035622284,2,1
1N8Z_AB_C|SC535A,0.030827092,0.033177037,2,1
1N8Z_AB_C|TA94S,0.32168603,0.0340236,2,1
1N8Z_AB_C|VC536A,0.008972699,0.033484984,2,1
1N8Z_AB_C|YB105F,0.8540034,0.035272744,2,1
1N8Z_AB_C|YB109V,0.23192272,0.035284504,2,1
1XGQ_AB_C|VB33A,1.1525793,0.022730708,2,1
1XGQ_AB_C|VB33F,-2.9080825,0.022845894,2,1
1XGQ_AB_C|VB33I,-1.1076277,0.022833731,2,1
1XGQ_AB_C|VB33L,-1.0463123,0.022593465,2,1
1YQV_HL_Y|RY45K,1.8995041,0.018165879,2,1
"1YQV_HL_Y|RY68K,TY40S,IY55V,SY91T",4.0,0.019206103,2,1
"1YQV_HL_Y|RY68K,TY40S,IY55V,SY91T,QY121H",0.0,0.016315881,2,1
1YY9_CD_A|AC25P,0.07225565,0.015743086,2,1
1YY9_CD_A|AD98P,1.0372273,0.015960794,2,1
1YY9_CD_A|GD54P,0.26807046,0.0141249895,2,1
1YY9_CD_A|LD29P,0.030827092,0.015788356,2,1
1YY9_CD_A|NC93A,-0.74186975,0.015962029,2,1
1YY9_CD_A|ND56A,-0.057046015,0.015394271,2,1
1YY9_CD_A|SC26D,-0.19925442,0.01576752,2,1
"1YY9_CD_A|SC26D,TC31E,NC93A",-1.3329437,0.01600261,2,1
"1YY9_CD_A|SC26D,TC31E,NC93A,ND56A,TD61E",-0.6517935,0.015721548,2,1
1YY9_CD_A|SC26P,-0.009110746,0.015737439,2,1
1YY9_CD_A|SC28P,-0.22229962,0.015633132,2,1
1YY9_CD_A|SC54P,-0.018363854,0.015753986,2,1
1YY9_CD_A|SD53P,0.8175451,0.015387535,2,1
1YY9_CD_A|TC31E,-0.51892465,0.015799247,2,1
"1YY9_CD_A|TC31E,NC93A",-0.81853306,0.016003527,2,1
1YY9_CD_A|TC96P,4.0,0.015630443,2,1
1YY9_CD_A|TD61E,-0.057046015,0.015888004,2,1
1YY9_CD_A|WD52P,1.4782712,0.015916996,2,1
1YY9_CD_A|YD101P,1.6514195,0.016599383,2,1
3NPS_A_BC|DA214A,1.466743,0.0311025,2,1
3NPS_A_BC|DA46A,0.3399866,0.031005885,2,1
3NPS_A_BC|DA47A,1.0674704,0.030788109,2,1
3NPS_A_BC|DA91A,1.5070341,0.029837254,2,1
3NPS_A_BC|EA163A,0.61534816,0.030890644,2,1
3NPS_A_BC|FA50A,0.21957076,0.030104008,2,1
3NPS_A_BC|FA89A,1.5714045,0.028521556,2,1
3NPS_A_BC|FA92A,0.46353978,0.03054158,2,1
3NPS_A_BC|HA138A,1.8750918,0.031034946,2,1
3NPS_A_BC|IA26A,0.6415425,0.032113153,2,1
3NPS_A_BC|IA45A,-0.33181784,0.030589733,2,1
3NPS_A_BC|KA221A,-0.10361039,0.030845974,2,1
3NPS_A_BC|LA147A,0.29573628,0.028943725,2,1
3NPS_A_BC|NA90A,0.25341922,0.02963107,2,1
3NPS_A_BC|QA140A,0.29573628,0.03164118,2,1
3NPS_A_BC|QA168A,-0.059223834,0.029788125,2,1
3NPS_A_BC|QA169A,0.7409076,0.03060747,2,1
3NPS_A_BC|QA218A,-0.040916756,0.030917693,2,1
3NPS_A_BC|QA23A,0.026323749,0.029790904,2,1
3NPS_A_BC|RA219A,-0.08390186,0.030829184,2,1
3NPS_A_BC|RA48A,-1.062741,0.030116294,2,1
3NPS_A_BC|RA51A,0.13816836,0.029550359,2,1
3NPS_A_BC|RA82A,-0.15159543,0.030140944,2,1
3NPS_A_BC|TA144A,0.17497002,0.029964864,2,1
3NPS_A_BC|TA93A,0.72381234,0.030291848,2,1
3NPS_A_BC|YA141A,1.7748737,0.031347062,2,1
3NPS_A_BC|YA52A,0.4518898,0.028672732,2,1
3W2D_A_HL|KA67N,4.0,0.020851087,2,1
3W2D_A_HL|KA67R,-0.42812017,0.020739138,2,1
3W2D_A_HL|YA45F,0.8779443,0.020998755,2,1
3W2D_A_HL|YA45L,2.3647563,0.021267354,2,1
"4KRO_A_B|DA321T,FA323A",0.1269707,0.035915233,2,1
"4KRP_A_B|DA277T,FA279A",0.35829666,0.036689617,2,1
4NM8_ABCDEF_HL|DB19N,0.66149956,0.003032457,2,1
4NM8_ABCDEF_HL|IB18M,0.10977998,0.0030134423,2,1
4NM8_ABCDEF_HL|LB38Y,-0.6151596,0.0023657698,2,1
4NM8_ABCDEF_HL|QB34R,2.9754758,0.0022429768,2,1
4NM8_ABCDEF_HL|QB34T,2.3309386,0.0022224486,2,1
4NM8_ABCDEF_HL|RB25M,3.442353,0.0018882053,2,1
4NM8_ABCDEF_HL|TB32E,-0.5517196,0.0015615532,2,1
4NM8_ABCDEF_HL|TB32I,-0.050205972,0.0019866992,2,1
4NM8_ABCDEF_HL|TB32R,1.2211944,0.0015642317,2,1
1DVF_AB_CD|DB100A,2.7895143,-0.037524078,2,2
"1DVF_AB_CD|DB100A,DD52A",4.0,-0.036254756,2,2
"1DVF_AB_CD|DB100A,HD33A",4.0,-0.036590967,2,2
"1DVF_AB_CD|DB100A,ND55A",4.0,-0.03729343,2,2
1DVF_AB_CD|DB54A,4.0,-0.036827676,2,2
"1DVF_AB_CD|DB54A,YC49A",4.0,-0.036492765,2,2
1DVF_AB_CD|DB58A,1.6000048,-0.037522055,2,2
"1DVF_AB_CD|DB58A,QD104A",1.4641725,-0.03761039,2,2
1DVF_AB_CD|DD52A,1.6822901,-0.036228504,2,2
1DVF_AB_CD|EB98A,4.0,-0.0373891,2,2
"1DVF_AB_CD|EB98A,YD102A",4.0,-0.037528314,2,2
1DVF_AB_CD|HA30A,1.6493824,-0.036947668,2,2
1DVF_AB_CD|HD33A,1.8606005,-0.03644316,2,2
1DVF_AB_CD|ID101A,2.6815457,-0.0375195,2,2
1DVF_AB_CD|KD30A,1.0035173,-0.036401507,2,2
1DVF_AB_CD|NB56A,1.1624389,-0.037312813,2,2
"1DVF_AB_CD|NB56A,HD33A",2.5259995,-0.036212236,2,2
"1DVF_AB_CD|NB56A,ND55A",2.3010929,-0.037092306,2,2
"1DVF_AB_CD|NB56A,QD104A",1.4868644,-0.03740093,2,2
1DVF_AB_CD|ND55A,1.8606005,-0.037336178,2,2
1DVF_AB_CD|QD104A,1.6287225,-0.037652932,2,2
1DVF_AB_CD|RB99A,1.8746451,-0.037910752,2,2
1DVF_AB_CD|RD106A,4.0,-0.037830286,2,2
1DVF_AB_CD|SA93A,1.1624389,-0.03710751,2,2
1DVF_AB_CD|TB30A,0.9075126,-0.03748046,2,2
1DVF_AB_CD|WA92A,0.34072307,-0.036999308,2,2
1DVF_AB_CD|WB52A,4.0,-0.036977883,2,2
"1DVF_AB_CD|WB52A,QD104A",4.0,-0.03706775,2,2
1DVF_AB_CD|YA32A,2.0303695,-0.03780564,2,2
"1DVF_AB_CD|YA32A,RD106A",4.0,-0.038064696,2,2
1DVF_AB_CD|YA49A,1.6785902,-0.03760443,2,2
"1DVF_AB_CD|YA49A,HD33A",2.625045,-0.036483902,2,2
"1DVF_AB_CD|YA49A,ND55A",2.0303695,-0.03737598,2,2
1DVF_AB_CD|YA50A,0.6877736,-0.03754154,2,2
1DVF_AB_CD|YB101F,2.0123136,-0.037373956,2,2
1DVF_AB_CD|YB32A,1.8314707,-0.038165018,2,2
1DVF_AB_CD|YC49A,1.8606005,-0.037312325,2,2
1DVF_AB_CD|YD102A,4.0,-0.03770453,2,2
1MHP_HL_A|FH99W,0.0,-0.04684172,2,2
1MHP_HL_A|FH99Y,0.75466895,-0.047732383,2,2
1MHP_HL_A|GH100F,0.38901797,-0.047857147,2,2
1MHP_HL_A|GH100L,2.727121,-0.048504524,2,2
1MHP_HL_A|GH100M,0.10213403,-0.048536606,2,2
1MHP_HL_A|GH100S,0.5577475,-0.048072264,2,2
1MHP_HL_A|GH53A,0.5126066,-0.047871403,2,2
1MHP_HL_A|GH53N,1.2553134,-0.047744192,2,2
1MHP_HL_A|GH53S,0.6755934,-0.048037596,2,2
1MHP_HL_A|GH54I,1.3635606,-0.047632456,2,2
1MHP_HL_A|GH54T,1.1641668,-0.047945548,2,2
1MHP_HL_A|GH54Y,0.0,-0.04724221,2,2
1MHP_HL_A|GL91Q,1.572685,-0.047210276,2,2
1MHP_HL_A|GL91S,0.5126066,-0.047471732,2,2
1MHP_HL_A|HL30K,1.1641668,-0.047207907,2,2
1MHP_HL_A|HL30R,1.1237977,-0.04716156,2,2
1MHP_HL_A|HL30W,1.2553134,-0.047415677,2,2
1MHP_HL_A|KH64D,-0.17144196,-0.04736191,2,2
1MHP_HL_A|KH64E,-0.07761467,-0.047388405,2,2
"1MHP_HL_A|KH64E,SL27Q",-0.85684633,-0.04715921,2,2
"1MHP_HL_A|KH64E,SL27Q,NL51Y",-1.0191593,-0.047198296,2,2
1MHP_HL_A|KH64N,-0.03627145,-0.04747712,2,2
1MHP_HL_A|KH64Q,-0.07761467,-0.047518194,2,2
1MHP_HL_A|LH60D,-0.061319917,-0.04753643,2,2
"1MHP_HL_A|LH60D,KH64E",-0.1418005,-0.047399096,2,2
"1MHP_HL_A|LH60D,KH64Q",0.042989343,-0.04751657,2,2
1MHP_HL_A|LL48F,0.71227974,-0.04775511,2,2
1MHP_HL_A|LL48K,0.8612009,-0.047478955,2,2
1MHP_HL_A|LL48W,1.9075676,-0.04783903,2,2
1MHP_HL_A|NL29V,1.0493295,-0.04590719,2,2
1MHP_HL_A|NL29W,1.572685,-0.04592357,2,2
1MHP_HL_A|NL29Y,1.9075676,-0.047026187,2,2
"1MHP_HL_A|NL29Y,SL90I",0.43436813,-0.046552412,2,2
1MHP_HL_A|NL51D,0.5007625,-0.047623612,2,2
1MHP_HL_A|NL51E,-0.08868487,-0.047638603,2,2
1MHP_HL_A|NL51K,0.65751,-0.047333386,2,2
1MHP_HL_A|NL51R,0.84484076,-0.047362067,2,2
1MHP_HL_A|NL51Y,-0.05162489,-0.047554687,2,2
1MHP_HL_A|RH31Q,1.3073281,-0.047658656,2,2
1MHP_HL_A|SH35A,1.572685,-0.047584094,2,2
"1MHP_HL_A|SH35A,GH102S",1.572685,-0.04825101,2,2
1MHP_HL_A|SH35Q,2.727121,-0.04760129,2,2
"1MHP_HL_A|SH35V,GH102S",1.4256749,-0.04814385,2,2
1MHP_HL_A|SH52M,2.0758402,-0.04765314,2,2
1MHP_HL_A|SL23R,-0.21533228,-0.047489006,2,2
1MHP_HL_A|SL27Q,-0.6661127,-0.047293365,2,2
1MHP_HL_A|SL90Q,1.7740332,-0.0470156,2,2
1MHP_HL_A|SL90T,2.3166485,-0.04739678,2,2
"1MHP_HL_A|TH33E,GH53Q",1.6674565,-0.04766523,2,2
"1MHP_HL_A|TH33I,SH52T,GH53N,GH54N",1.9075676,-0.047017995,2,2
"1MHP_HL_A|TH33I,SH52T,GH53Q,GH54F",1.2553134,-0.047140922,2,2
1MHP_HL_A|TH33N,2.727121,-0.04739812,2,2
1MHP_HL_A|TH33V,0.43436813,-0.047190096,2,2
1MHP_HL_A|TH50V,-0.13159887,-0.047466736,2,2
"1MHP_HL_A|TH50V,GH102S",1.6674565,-0.04814477,2,2
"1MHP_HL_A|TH50V,KH64E",-0.1805197,-0.047304228,2,2
"1MHP_HL_A|TH50V,KH64E,SL27Q,NL51E",-1.267319,-0.04716505,2,2
"1MHP_HL_A|TH50V,KH64E,SL27Q,NL51Y",-1.0844951,-0.047111813,2,2
"1MHP_HL_A|TH50V,SH35A",2.0758402,-0.04753279,2,2
"1MHP_HL_A|TH50V,SH35V",2.727121,-0.047454953,2,2
"1MHP_HL_A|TH50V,SL27Q",-0.6946839,-0.04723174,2,2
"1MHP_HL_A|TH50V,SL27Q,NL51Y",-1.0235296,-0.047276724,2,2
1MHP_HL_A|WL89Q,2.0758402,-0.04778269,2,2
"1MHP_HL_A|WL89Q,FL32Y",0.871019,-0.04755106,2,2
1MHP_HL_A|YH58E,2.0758402,-0.047237933,2,2
1MHP_HL_A|YH58Q,2.0758402,-0.04739834,2,2
1MHP_HL_A|YH58W,0.82094526,-0.047453143,2,2
1MHP_HL_A|YH59E,0.54400706,-0.04745015,2,2
1N8Z_AB_C|DB102W,-0.71302944,-0.033812054,2,2
1N8Z_AB_C|FC539A,0.035102826,-0.034124862,2,2
1N8Z_AB_C|HA91F,0.034232877,-0.03423574,2,2
1N8Z_AB_C|LC509A,-0.023045197,-0.03227227,2,2
1N8Z_AB_C|NA30S,0.06666317,-0.0332764,2,2
"1N8Z_AB_C|NA30S,HA91F,YA92W",-0.07476232,-0.032821544,2,2
"1N8Z_AB_C|NA30S,HA91F,YA92W,TA94S,DB102W,YB105F,YB109V",0.050661404,-0.03188687,2,2
1N8Z_AB_C|RB50A,2.9754758,-0.03408259,2,2
1N8Z_AB_C|RB59A,1.8037988,-0.034124583,2,2
1N8Z_AB_C|SC535A,0.030827092,-0.032893997,2,2
1N8Z_AB_C|TA94S,0.32168603,-0.03432563,2,2
1N8Z_AB_C|VC536A,0.008972699,-0.03356841,2,2
1N8Z_AB_C|YB105F,0.8540034,-0.03372971,2,2
1N8Z_AB_C|YB109V,0.23192272,-0.03435194,2,2
1XGQ_AB_C|VB33A,1.1525793,-0.057445027,2,2
1XGQ_AB_C|VB33F,-2.9080825,-0.057941016,2,2
1XGQ_AB_C|VB33I,-1.1076277,-0.057546422,2,2
1XGQ_AB_C|VB33L,-1.0463123,-0.05757003,2,2
1YQV_HL_Y|RY45K,1.8995041,-0.02292205,2,2
"1YQV_HL_Y|RY68K,TY40S,IY55V,SY91T",4.0,-0.022580136,2,2
"1YQV_HL_Y|RY68K,TY40S,IY55V,SY91T,QY121H",0.0,-0.024525922,2,2
1YY9_CD_A|AC25P,0.07225565,-0.03252112,2,2
1YY9_CD_A|AD98P,1.0372273,-0.033003062,2,2
1YY9_CD_A|GD54P,0.26807046,-0.032284774,2,2
1YY9_CD_A|LD29P,0.030827092,-0.032724425,2,2
1YY9_CD_A|NC93A,-0.74186975,-0.032364722,2,2
1YY9_CD_A|ND56A,-0.057046015,-0.032985084,2,2
1YY9_CD_A|SC26D,-0.19925442,-0.03256657,2,2
"1YY9_CD_A|SC26D,TC31E,NC93A",-1.3329437,-0.032315478,2,2
"1YY9_CD_A|SC26D,TC31E,NC93A,ND56A,TD61E",-0.6517935,-0.03241538,2,2
1YY9_CD_A|SC26P,-0.009110746,-0.032523658,2,2
1YY9_CD_A|SC28P,-0.22229962,-0.032746457,2,2
1YY9_CD_A|SC54P,-0.018363854,-0.032618452,2,2
1YY9_CD_A|SD53P,0.8175451,-0.032019548,2,2
1YY9_CD_A|TC31E,-0.51892465,-0.03262203,2,2
"1YY9_CD_A|TC31E,NC93A",-0.81853306,-0.03236449,2,2
1YY9_CD_A|TC96P,4.0,-0.03247592,2,2
1YY9_CD_A|TD61E,-0.057046015,-0.03240059,2,2
1YY9_CD_A|WD52P,1.4782712,-0.030181002,2,2
1YY9_CD_A|YD101P,1.6514195,-0.032981623,2,2
3NPS_A_BC|DA214A,1.466743,-0.021677528,2,2
3NPS_A_BC|DA46A,0.3399866,-0.021964155,2,2
3NPS_A_BC|DA47A,1.0674704,-0.02158696,2,2
3NPS_A_BC|DA91A,1.5070341,-0.021407982,2,2
3NPS_A_BC|EA163A,0.61534816,-0.021100229,2,2
3NPS_A_BC|FA50A,0.21957076,-0.021174762,2,2
3NPS_A_BC|FA89A,1.5714045,-0.020996045,2,2
3NPS_A_BC|FA92A,0.46353978,-0.021773096,2,2
3NPS_A_BC|HA138A,1.8750918,-0.021745916,2,2
3NPS_A_BC|IA26A,0.6415425,-0.022785101,2,2
3NPS_A_BC|IA45A,-0.33181784,-0.021726688,2,2
3NPS_A_BC|KA221A,-0.10361039,-0.021632494,2,2
3NPS_A_BC|LA147A,0.29573628,-0.02130738,2,2
3NPS_A_BC|NA90A,0.25341922,-0.020470083,2,2
3NPS_A_BC|QA140A,0.29573628,-0.021391666,2,2
3NPS_A_BC|QA168A,-0.059223834,-0.02141167,2,2
3NPS_A_BC|QA169A,0.7409076,-0.021727785,2,2
3NPS_A_BC|QA218A,-0.040916756,-0.021860443,2,2
3NPS_A_BC|QA23A,0.026323749,-0.021324547,2,2
3NPS_A_BC|RA219A,-0.08390186,-0.021836065,2,2
3NPS_A_BC|RA48A,-1.062741,-0.021315265,2,2
3NPS_A_BC|RA51A,0.13816836,-0.020892851,2,2
3NPS_A_BC|RA82A,-0.15159543,-0.0212872,2,2
3NPS_A_BC|TA144A,0.17497002,-0.02159736,2,2
3NPS_A_BC|TA93A,0.72381234,-0.022094775,2,2
3NPS_A_BC|YA141A,1.7748737,-0.021248925,2,2
3NPS_A_BC|YA52A,0.4518898,-0.020337585,2,2
3W2D_A_HL|KA67N,4.0,-0.024919663,2,2
3W2D_A_HL|KA67R,-0.42812017,-0.02544633,2,2
3W2D_A_HL|YA45F,0.8779443,-0.025453009,2,2
3W2D_A_HL|YA45L,2.3647563,-0.025636684,2,2
"4KRO_A_B|DA321T,FA323A",0.1269707,-0.035112575,2,2
"4KRP_A_B|DA277T,FA279A",0.35829666,-0.03600636,2,2
4NM8_ABCDEF_HL|DB19N,0.66149956,-0.038662113,2,2
4NM8_ABCDEF_HL|IB18M,0.10977998,-0.038692135,2,2
4NM8_ABCDEF_HL|LB38Y,-0.6151596,-0.039256312,2,2
4NM8_ABCDEF_HL|QB34R,2.9754758,-0.03937757,2,2
4NM8_ABCDEF_HL|QB34T,2.3309386,-0.038951494,2,2
4NM8_ABCDEF_HL|RB25M,3.442353,-0.038816646,2,2
4NM8_ABCDEF_HL|TB32E,-0.5517196,-0.039199736,2,2
4NM8_ABCDEF_HL|TB32I,-0.050205972,-0.039225467,2,2
4NM8_ABCDEF_HL|TB32R,1.2211944,-0.03935811,2,2
"1CZ8_HL_VW|LL4M,DH28T,HH31N,YH101H,TH105S",2.939849,0.07907351,3,0
1KIR_AB_C|SA50Y,-1.3870943,0.05695869,3,0
1MLC_AB_E|KB65D,0.018548755,0.073780164,3,0
1MLC_AB_E|NA32G,-0.8773867,0.07343419,3,0
"1MLC_AB_E|NA32G,NA92A",-0.6866531,0.07437621,3,0
"1MLC_AB_E|NA32G,NA92A,SB57V,TB58D",-1.7349738,0.07476804,3,0
1MLC_AB_E|NA32Y,0.0,0.07352053,3,0
1MLC_AB_E|NA92A,-1.2533532,0.07449429,3,0
"1MLC_AB_E|NA92A,SB57V,TB58D",-2.394188,0.074893974,3,0
"1MLC_AB_E|NA92A,TB28D,SB57V,TB58D",-2.5813644,0.07382531,3,0
"1MLC_AB_E|NA92A,TB28D,SB57V,TB58D,EB35S,GB99D",-2.9539242,0.074484795,3,0
"1MLC_AB_E|NA92A,TB28D,SB57V,TB58D,GB99D",-0.20357698,0.074027285,3,0
"1MLC_AB_E|NA92A,TB28D,SB57V,TB58D,NA32L",-2.5843081,0.07362518,3,0
"1MLC_AB_E|NA92A,TB28D,SB57V,TB58D,RB98M,DB100Q",-0.41047263,0.07268434,3,0
"1MLC_AB_E|NA92A,TB28D,SB57V,TB58D,SA91N,SA93A",-1.6104395,0.07295178,3,0
"1MLC_AB_E|NA92A,TB28D,SB57V,TB58D,SB30G",-2.3584673,0.07381123,3,0
"1MLC_AB_E|NA92A,TB28D,SB57V,TB58D,YB32W,RB98V,DB100Q",0.36138764,0.07209662,3,0
"1MLC_AB_E|NA92A,TB28D,SB57V,TB58D,YB59E",-1.4661698,0.075028144,3,0
1MLC_AB_E|SB57A,-0.37902167,0.07426708,3,0
1MLC_AB_E|SB57V,-0.49418068,0.07367664,3,0
"1MLC_AB_E|SB57V,TB58D",-0.9877286,0.073943056,3,0
1MLC_AB_E|TB28D,-0.15094383,0.07255418,3,0
1MLC_AB_E|TB31A,0.44700673,0.073474094,3,0
1MLC_AB_E|TB31V,0.5262404,0.07363534,3,0
1MLC_AB_E|TB31W,0.13214268,0.07374295,3,0
1MLC_AB_E|TB58D,-0.55968237,0.073761776,3,0
1NCA_N_LH|DH101K,0.71416,0.061987706,3,0
1NCA_N_LH|EH100D,0.41047263,0.062275983,3,0
1NCA_N_LH|NH102Q,0.5426153,0.062152334,3,0
1NCA_N_LH|NH31Q,0.0,0.06103064,3,0
1NMB_N_LH|DH57E,2.9536283,0.059281304,3,0
1NMB_N_LH|DH57N,2.9536283,0.05965741,3,0
1NMB_N_LH|LL94V,0.9000208,0.06016872,3,0
1NMB_N_LH|TL93F,-0.023903161,0.060543776,3,0
1NMB_N_LH|TL93W,0.18419003,0.060695074,3,0
1NMB_N_LH|YH103A,2.14062,0.060465075,3,0
1NMB_N_LH|YH105F,1.4194101,0.060698375,3,0
1NMB_N_LH|YL32F,0.46632215,0.060442634,3,0
1VFB_AB_C|DB100A,3.005002,0.0570964,3,0
"1VFB_AB_C|DB100A,SC24A",3.369756,0.056753255,3,0
1VFB_AB_C|DB54A,0.8151114,0.057720117,3,0
"1VFB_AB_C|DB54A,TC118A",1.2546439,0.05759596,3,0
1VFB_AB_C|DB58A,-0.20700333,0.05722273,3,0
1VFB_AB_C|DB58E,0.078081094,0.057317793,3,0
1VFB_AB_C|DB58N,-0.12818155,0.05729395,3,0
1VFB_AB_C|DC119A,0.9530879,0.05778543,3,0
1VFB_AB_C|DC18A,0.34013057,0.056035176,3,0
1VFB_AB_C|EB98A,1.1565572,0.057676375,3,0
1VFB_AB_C|GB31A,0.30646533,0.057847783,3,0
1VFB_AB_C|GB31E,-0.5097613,0.05769615,3,0
1VFB_AB_C|GB31W,0.0039611305,0.057994492,3,0
1VFB_AB_C|HA30A,0.84488255,0.05660125,3,0
1VFB_AB_C|IC124A,1.2314179,0.057406448,3,0
1VFB_AB_C|KC116A,0.7134504,0.057408445,3,0
1VFB_AB_C|LC129A,0.17154472,0.05742471,3,0
1VFB_AB_C|NA31W,0.17432266,0.057269424,3,0
1VFB_AB_C|NB56A,0.17771798,0.057250634,3,0
1VFB_AB_C|NC19A,0.3960868,0.05511587,3,0
1VFB_AB_C|QC121A,2.876998,0.057250492,3,0
1VFB_AB_C|RB99A,-0.099735305,0.056883454,3,0
1VFB_AB_C|RB99W,0.7049742,0.057401806,3,0
1VFB_AB_C|RB99Y,1.235379,0.05759719,3,0
1VFB_AB_C|RC125A,1.8368999,0.057247467,3,0
1VFB_AB_C|SA93A,0.34312394,0.05642327,3,0
1VFB_AB_C|SB28D,0.0,0.056860693,3,0
1VFB_AB_C|SB28E,-0.104007296,0.057085253,3,0
1VFB_AB_C|SB28N,0.14394745,0.05694177,3,0
1VFB_AB_C|SB28Q,0.078081094,0.057236627,3,0
1VFB_AB_C|SC24A,0.850965,0.05699662,3,0
1VFB_AB_C|TA52F,0.4708752,0.057008065,3,0
1VFB_AB_C|TA53R,1.6458516,0.057904974,3,0
1VFB_AB_C|TB30A,-0.05584954,0.0571047,3,0
1VFB_AB_C|TC118A,0.7650957,0.057210416,3,0
1VFB_AB_C|VC120A,0.9169499,0.057450965,3,0
1VFB_AB_C|WA92A,3.037848,0.05744292,3,0
"1VFB_AB_C|WA92A,IC124A",3.8503337,0.057514198,3,0
"1VFB_AB_C|WA92A,LC129A",3.3073628,0.057532758,3,0
"1VFB_AB_C|WA92A,QC121A",3.5189366,0.05735799,3,0
"1VFB_AB_C|WA92A,RC125A",3.3932896,0.057355486,3,0
1VFB_AB_C|WB52A,0.6406274,0.058533907,3,0
"1VFB_AB_C|WB52A,DC119A",2.2473724,0.058985032,3,0
1VFB_AB_C|YA32A,1.5281335,0.057012454,3,0
"1VFB_AB_C|YA32A,IC124A",2.9057157,0.057082735,3,0
"1VFB_AB_C|YA32A,QC121A",1.586041,0.056926854,3,0
1VFB_AB_C|YA49A,0.79754156,0.05734115,3,0
1VFB_AB_C|YA50A,0.456086,0.057359546,3,0
"1VFB_AB_C|YA50A,DC119A",1.2314179,0.05781199,3,0
"1VFB_AB_C|YA50A,DC18A",1.265924,0.05627463,3,0
1VFB_AB_C|YA50K,1.7156012,0.057644866,3,0
1VFB_AB_C|YA50R,0.8443241,0.058513857,3,0
1VFB_AB_C|YB101F,1.2695644,0.057237536,3,0
"1VFB_AB_C|YB101F,DC119A",2.736521,0.05768784,3,0
"1VFB_AB_C|YB101F,VC120A",2.5384777,0.057351135,3,0
1VFB_AB_C|YB32A,0.7916793,0.055590324,3,0
"1VFB_AB_C|YB32A,KC116A",1.586041,0.05566197,3,0
1VFB_AB_C|YB32E,1.9021881,0.055609263,3,0
1VFB_AB_C|YC23A,0.41047263,0.056871645,3,0
1XGP_AB_C|AB33F,-4.0,0.07773334,3,0
1XGP_AB_C|AB33I,-2.260207,0.077508494,3,0
1XGP_AB_C|AB33L,-2.1988916,0.07741081,3,0
1XGP_AB_C|AB33V,-1.1525793,0.07764556,3,0
2JEL_LH_P|AP82S,0.0,0.052440777,3,0
2JEL_LH_P|DP69E,0.9530879,0.053270422,3,0
2JEL_LH_P|EP5D,0.41047263,0.052944683,3,0
2JEL_LH_P|EP5Q,0.7129768,0.053334877,3,0
2JEL_LH_P|EP68A,0.41047263,0.053127028,3,0
2JEL_LH_P|EP75R,2.727121,0.051489756,3,0
2JEL_LH_P|EP83A,0.0,0.05152137,3,0
2JEL_LH_P|EP85A,0.0,0.052102573,3,0
2JEL_LH_P|EP85D,0.0,0.052103564,3,0
2JEL_LH_P|EP85K,0.0,0.0523763,3,0
2JEL_LH_P|EP85Q,0.0,0.052298732,3,0
2JEL_LH_P|FP2W,2.6191528,0.05340123,3,0
2JEL_LH_P|FP2Y,0.0,0.05355572,3,0
2JEL_LH_P|HP76A,-0.41047263,0.053148717,3,0
2JEL_LH_P|HP76D,-0.65058374,0.053093873,3,0
2JEL_LH_P|KP24E,0.0,0.052473813,3,0
2JEL_LH_P|KP27E,0.0,0.055597834,3,0
2JEL_LH_P|KP72E,0.41047263,0.05410348,3,0
2JEL_LH_P|KP72R,0.0,0.053337768,3,0
2JEL_LH_P|KP79E,0.41047263,0.052091748,3,0
2JEL_LH_P|NP12D,0.0,0.052090846,3,0
2JEL_LH_P|NP38T,0.0,0.053630166,3,0
2JEL_LH_P|PP11E,0.0,0.053033687,3,0
2JEL_LH_P|QP3K,4.0,0.053461246,3,0
2JEL_LH_P|QP4K,1.3635606,0.052138783,3,0
2JEL_LH_P|QP57E,-0.41047263,0.05381771,3,0
2JEL_LH_P|QP71E,2.727121,0.05403246,3,0
2JEL_LH_P|RP17G,0.0,0.055417426,3,0
2JEL_LH_P|RP17K,0.0,0.055268608,3,0
2JEL_LH_P|SP41C,1.4957032,0.05370246,3,0
2JEL_LH_P|SP43C,0.0,0.05428379,3,0
2JEL_LH_P|SP46C,0.0,0.05460333,3,0
2JEL_LH_P|SP64T,4.0,0.05378247,3,0
2JEL_LH_P|TP34Q,0.0,0.053515397,3,0
2JEL_LH_P|TP36Q,0.41047263,0.053533122,3,0
2JEL_LH_P|TP62A,0.0,0.053550012,3,0
2JEL_LH_P|TP62N,0.0,0.053833105,3,0
2JEL_LH_P|TP7N,0.41047263,0.051747337,3,0
2JEL_LH_P|TP7S,0.0,0.051456377,3,0
2JEL_LH_P|VP6F,0.0,0.050922364,3,0
"2NY7_HL_G|CG27I,CG226Q",0.19971907,0.07905147,3,0
"2NY7_HL_G|CG27I,CG226Q,MG231A",0.20319231,0.07784305,3,0
"2NY7_HL_G|GG229C,MG231A",-0.37879732,0.07824392,3,0
"2NY7_HL_G|GG229C,WG13M,MG231A,CG14W,CG110V,CG27I,CG226Q",0.21462485,0.07774672,3,0
"2NY7_HL_G|KG66C,EG102C,CG27I,CG226Q",0.04085667,0.076306306,3,0
"2NY7_HL_G|KG66C,EG102C,WG13M,MG231A,CG14W,CG110V,CG27I,CG226Q",0.3998023,0.075444214,3,0
"2NY7_HL_G|KG66C,EG103C,WG13M,MG231A,CG14W,CG110V,CG27I,CG226Q",0.29989544,0.07598124,3,0
"2NY7_HL_G|WG13M,MG231A,CG14W,CG110V",1.1574335,0.077005886,3,0
"2NY7_HL_G|WG13M,MG231A,CG14W,CG110V,CG27I,CG226Q",0.44904727,0.077400684,3,0
"2NY7_HL_G|WG13M,MG231A,CG14W,CG110V,KG66C,EG102C",0.55101526,0.07410965,3,0
"2NY7_HL_G|WG13M,SG92T,WG181S,MG231A,CG14W,CG110V,CG27I,CG226Q",-0.3035898,0.07804679,3,0
3BN9_B_CD|DB214A,0.5662115,0.042058125,3,0
3BN9_B_CD|DB46A,0.42238826,0.04236324,3,0
3BN9_B_CD|DB47A,0.31110755,0.042266324,3,0
3BN9_B_CD|EB163A,0.37321588,0.045160964,3,0
3BN9_B_CD|FB50A,-0.044997852,0.042043,3,0
3BN9_B_CD|FB89A,0.6392419,0.042086065,3,0
3BN9_B_CD|HB138A,0.085063316,0.043087855,3,0
3BN9_B_CD|IB26A,0.0,0.041507117,3,0
3BN9_B_CD|IB45A,0.8352155,0.041891053,3,0
3BN9_B_CD|KB221A,0.7849689,0.042657636,3,0
3BN9_B_CD|LB147A,0.33619216,0.04230488,3,0
3BN9_B_CD|NB90A,0.7733444,0.041290656,3,0
3BN9_B_CD|PD104H,2.4272547,0.041540533,3,0
3BN9_B_CD|QB140A,0.1331048,0.042078882,3,0
3BN9_B_CD|QB168A,-0.03469869,0.042204134,3,0
3BN9_B_CD|QB169A,2.5089848,0.04251711,3,0
3BN9_B_CD|QB218A,0.70571065,0.04229808,3,0
3BN9_B_CD|QB23A,-0.41530684,0.043274924,3,0
3BN9_B_CD|QD105V,1.2241027,0.041882187,3,0
3BN9_B_CD|RB219A,-0.093698174,0.042666987,3,0
3BN9_B_CD|RB48A,-0.044997852,0.041896373,3,0
3BN9_B_CD|RB51A,-0.07155777,0.042119786,3,0
3BN9_B_CD|RB82A,-0.15923285,0.040136732,3,0
3BN9_B_CD|SD30G,1.1861069,0.04208435,3,0
3BN9_B_CD|SD30N,1.145505,0.04227051,3,0
3BN9_B_CD|TB144A,0.2908351,0.041879714,3,0
3BN9_B_CD|TB93A,1.1320528,0.041903846,3,0
3BN9_B_CD|TD102Q,-0.02153644,0.042401828,3,0
3BN9_B_CD|TD102R,-0.058294915,0.042907238,3,0
3BN9_B_CD|TD28R,0.33290586,0.042498164,3,0
3BN9_B_CD|YB141A,1.0846525,0.042417005,3,0
3BN9_B_CD|YB52A,0.018951595,0.04195387,3,0
3BN9_B_CD|YD103S,0.45868576,0.042266943,3,0
4GXU_ABCDEF_MN|DA189E,2.1650882,0.07260904,3,0
"4GXU_ABCDEF_MN|DA189E,DA224G",3.0102077,0.07141776,3,0
4GXU_ABCDEF_MN|DA224G,1.9608781,0.072206184,3,0
"1CZ8_HL_VW|LL4M,DH28T,HH31N,YH101H,TH105S",2.939849,0.08638735,3,1
1KIR_AB_C|SA50Y,-1.3870943,0.112747386,3,1
1MLC_AB_E|KB65D,0.018548755,0.09144469,3,1
1MLC_AB_E|NA32G,-0.8773867,0.091248594,3,1
"1MLC_AB_E|NA32G,NA92A",-0.6866531,0.090384565,3,1
"1MLC_AB_E|NA32G,NA92A,SB57V,TB58D",-1.7349738,0.089429565,3,1
1MLC_AB_E|NA32Y,0.0,0.09129755,3,1
1MLC_AB_E|NA92A,-1.2533532,0.090486825,3,1
"1MLC_AB_E|NA92A,SB57V,TB58D",-2.394188,0.089547664,3,1
"1MLC_AB_E|NA92A,TB28D,SB57V,TB58D",-2.5813644,0.089428015,3,1
"1MLC_AB_E|NA92A,TB28D,SB57V,TB58D,EB35S,GB99D",-2.9539242,0.08924741,3,1
"1MLC_AB_E|NA92A,TB28D,SB57V,TB58D,GB99D",-0.20357698,0.08966664,3,1
"1MLC_AB_E|NA92A,TB28D,SB57V,TB58D,NA32L",-2.5843081,0.08936581,3,1
"1MLC_AB_E|NA92A,TB28D,SB57V,TB58D,RB98M,DB100Q",-0.41047263,0.088239096,3,1
"1MLC_AB_E|NA92A,TB28D,SB57V,TB58D,SA91N,SA93A",-1.6104395,0.0877145,3,1
"1MLC_AB_E|NA92A,TB28D,SB57V,TB58D,SB30G",-2.3584673,0.089003876,3,1
"1MLC_AB_E|NA92A,TB28D,SB57V,TB58D,YB32W,RB98V,DB100Q",0.36138764,0.08759537,3,1
"1MLC_AB_E|NA92A,TB28D,SB57V,TB58D,YB59E",-1.4661698,0.08900373,3,1
1MLC_AB_E|SB57A,-0.37902167,0.08963926,3,1
1MLC_AB_E|SB57V,-0.49418068,0.09103431,3,1
"1MLC_AB_E|SB57V,TB58D",-0.9877286,0.09040898,3,1
1MLC_AB_E|TB28D,-0.15094383,0.09128854,3,1
1MLC_AB_E|TB31A,0.44700673,0.09283748,3,1
1MLC_AB_E|TB31V,0.5262404,0.091094956,3,1
1MLC_AB_E|TB31W,0.13214268,0.09182798,3,1
1MLC_AB_E|TB58D,-0.55968237,0.09077774,3,1
1NCA_N_LH|DH101K,0.71416,0.09060356,3,1
1NCA_N_LH|EH100D,0.41047263,0.092452615,3,1
1NCA_N_LH|NH102Q,0.5426153,0.092023216,3,1
1NCA_N_LH|NH31Q,0.0,0.090117075,3,1
1NMB_N_LH|DH57E,2.9536283,0.08852712,3,1
1NMB_N_LH|DH57N,2.9536283,0.0862673,3,1
1NMB_N_LH|LL94V,0.9000208,0.08667714,3,1
1NMB_N_LH|TL93F,-0.023903161,0.086853,3,1
1NMB_N_LH|TL93W,0.18419003,0.087816894,3,1
1NMB_N_LH|YH103A,2.14062,0.08719316,3,1
1NMB_N_LH|YH105F,1.4194101,0.08677335,3,1
1NMB_N_LH|YL32F,0.46632215,0.08689618,3,1
1VFB_AB_C|DB100A,3.005002,0.11175758,3,1
"1VFB_AB_C|DB100A,SC24A",3.369756,0.11178938,3,1
1VFB_AB_C|DB54A,0.8151114,0.11474312,3,1
"1VFB_AB_C|DB54A,TC118A",1.2546439,0.114666566,3,1
1VFB_AB_C|DB58A,-0.20700333,0.11493451,3,1
1VFB_AB_C|DB58E,0.078081094,0.114756495,3,1
1VFB_AB_C|DB58N,-0.12818155,0.11482142,3,1
1VFB_AB_C|DC119A,0.9530879,0.114623316,3,1
1VFB_AB_C|DC18A,0.34013057,0.116972275,3,1
1VFB_AB_C|EB98A,1.1565572,0.11474776,3,1
1VFB_AB_C|GB31A,0.30646533,0.11625622,3,1
1VFB_AB_C|GB31E,-0.5097613,0.11387959,3,1
1VFB_AB_C|GB31W,0.0039611305,0.11519826,3,1
1VFB_AB_C|HA30A,0.84488255,0.114857234,3,1
1VFB_AB_C|IC124A,1.2314179,0.11432036,3,1
1VFB_AB_C|KC116A,0.7134504,0.11507432,3,1
1VFB_AB_C|LC129A,0.17154472,0.114228204,3,1
1VFB_AB_C|NA31W,0.17432266,0.1142588,3,1
1VFB_AB_C|NB56A,0.17771798,0.11464167,3,1
1VFB_AB_C|NC19A,0.3960868,0.11483164,3,1
1VFB_AB_C|QC121A,2.876998,0.11508998,3,1
1VFB_AB_C|RB99A,-0.099735305,0.11335378,3,1
1VFB_AB_C|RB99W,0.7049742,0.1145322,3,1
1VFB_AB_C|RB99Y,1.235379,0.11418836,3,1
1VFB_AB_C|RC125A,1.8368999,0.114924066,3,1
1VFB_AB_C|SA93A,0.34312394,0.11348383,3,1
1VFB_AB_C|SB28D,0.0,0.11433798,3,1
1VFB_AB_C|SB28E,-0.104007296,0.1142818,3,1
1VFB_AB_C|SB28N,0.14394745,0.11492743,3,1
1VFB_AB_C|SB28Q,0.078081094,0.11448418,3,1
1VFB_AB_C|SC24A,0.850965,0.11473445,3,1
1VFB_AB_C|TA52F,0.4708752,0.11463515,3,1
1VFB_AB_C|TA53R,1.6458516,0.11380811,3,1
1VFB_AB_C|TB30A,-0.05584954,0.11419214,3,1
1VFB_AB_C|TC118A,0.7650957,0.1146344,3,1
1VFB_AB_C|VC120A,0.9169499,0.11423037,3,1
1VFB_AB_C|WA92A,3.037848,0.1141715,3,1
"1VFB_AB_C|WA92A,IC124A",3.8503337,0.113781296,3,1
"1VFB_AB_C|WA92A,LC129A",3.3073628,0.11368878,3,1
"1VFB_AB_C|WA92A,QC121A",3.5189366,0.114551954,3,1
"1VFB_AB_C|WA92A,RC125A",3.3932896,0.114386,3,1
1VFB_AB_C|WB52A,0.6406274,0.11432056,3,1
"1VFB_AB_C|WB52A,DC119A",2.2473724,0.11423471,3,1
1VFB_AB_C|YA32A,1.5281335,0.114305094,3,1
"1VFB_AB_C|YA32A,IC124A",2.9057157,0.113915436,3,1
"1VFB_AB_C|YA32A,QC121A",1.586041,0.114685334,3,1
1VFB_AB_C|YA49A,0.79754156,0.114393875,3,1
1VFB_AB_C|YA50A,0.456086,0.11326096,3,1
"1VFB_AB_C|YA50A,DC119A",1.2314179,0.113175385,3,1
"1VFB_AB_C|YA50A,DC18A",1.265924,0.113808274,3,1
1VFB_AB_C|YA50K,1.7156012,0.11401444,3,1
1VFB_AB_C|YA50R,0.8443241,0.11413658,3,1
1VFB_AB_C|YB101F,1.2695644,0.1141379,3,1
"1VFB_AB_C|YB101F,DC119A",2.736521,0.11405219,3,1
"1VFB_AB_C|YB101F,VC120A",2.5384777,0.113658324,3,1
1VFB_AB_C|YB32A,0.7916793,0.11451062,3,1
"1VFB_AB_C|YB32A,KC116A",1.586041,0.114874005,3,1
1VFB_AB_C|YB32E,1.9021881,0.11433193,3,1
1VFB_AB_C|YC23A,0.41047263,0.114477836,3,1
1XGP_AB_C|AB33F,-4.0,0.15371633,3,1
1XGP_AB_C|AB33I,-2.260207,0.15387651,3,1
1XGP_AB_C|AB33L,-2.1988916,0.15371878,3,1
1XGP_AB_C|AB33V,-1.1525793,0.15369244,3,1
2JEL_LH_P|AP82S,0.0,0.07170224,3,1
2JEL_LH_P|DP69E,0.9530879,0.071535505,3,1
2JEL_LH_P|EP5D,0.41047263,0.0735095,3,1
2JEL_LH_P|EP5Q,0.7129768,0.07380569,3,1
2JEL_LH_P|EP68A,0.41047263,0.072184205,3,1
2JEL_LH_P|EP75R,2.727121,0.071771264,3,1
2JEL_LH_P|EP83A,0.0,0.07214016,3,1
2JEL_LH_P|EP85A,0.0,0.07191183,3,1
2JEL_LH_P|EP85D,0.0,0.07171564,3,1
2JEL_LH_P|EP85K,0.0,0.071871035,3,1
2JEL_LH_P|EP85Q,0.0,0.07179949,3,1
2JEL_LH_P|FP2W,2.6191528,0.072431974,3,1
2JEL_LH_P|FP2Y,0.0,0.07221359,3,1
2JEL_LH_P|HP76A,-0.41047263,0.07193128,3,1
2JEL_LH_P|HP76D,-0.65058374,0.0718258,3,1
2JEL_LH_P|KP24E,0.0,0.073963545,3,1
2JEL_LH_P|KP27E,0.0,0.074384645,3,1
2JEL_LH_P|KP72E,0.41047263,0.07198885,3,1
2JEL_LH_P|KP72R,0.0,0.07231829,3,1
2JEL_LH_P|KP79E,0.41047263,0.07169201,3,1
2JEL_LH_P|NP12D,0.0,0.07206078,3,1
2JEL_LH_P|NP38T,0.0,0.07190718,3,1
2JEL_LH_P|PP11E,0.0,0.072766915,3,1
2JEL_LH_P|QP3K,4.0,0.071862146,3,1
2JEL_LH_P|QP4K,1.3635606,0.07334933,3,1
2JEL_LH_P|QP57E,-0.41047263,0.07168937,3,1
2JEL_LH_P|QP71E,2.727121,0.072132364,3,1
2JEL_LH_P|RP17G,0.0,0.071678,3,1
2JEL_LH_P|RP17K,0.0,0.07140879,3,1
2JEL_LH_P|SP41C,1.4957032,0.07225361,3,1
2JEL_LH_P|SP43C,0.0,0.07216145,3,1
2JEL_LH_P|SP46C,0.0,0.072239965,3,1
2JEL_LH_P|SP64T,4.0,0.07249253,3,1
2JEL_LH_P|TP34Q,0.0,0.07207922,3,1
2JEL_LH_P|TP36Q,0.41047263,0.07231733,3,1
2JEL_LH_P|TP62A,0.0,0.07302205,3,1
2JEL_LH_P|TP62N,0.0,0.07262929,3,1
2JEL_LH_P|TP7N,0.41047263,0.076499596,3,1
2JEL_LH_P|TP7S,0.0,0.07635498,3,1
2JEL_LH_P|VP6F,0.0,0.075240456,3,1
"2NY7_HL_G|CG27I,CG226Q",0.19971907,0.10388099,3,1
"2NY7_HL_G|CG27I,CG226Q,MG231A",0.20319231,0.104592025,3,1
"2NY7_HL_G|GG229C,MG231A",-0.37879732,0.10653257,3,1
"2NY7_HL_G|GG229C,WG13M,MG231A,CG14W,CG110V,CG27I,CG226Q",0.21462485,0.10741034,3,1
"2NY7_HL_G|KG66C,EG102C,CG27I,CG226Q",0.04085667,0.1029621,3,1
"2NY7_HL_G|KG66C,EG102C,WG13M,MG231A,CG14W,CG110V,CG27I,CG226Q",0.3998023,0.10604127,3,1
"2NY7_HL_G|KG66C,EG103C,WG13M,MG231A,CG14W,CG110V,CG27I,CG226Q",0.29989544,0.10709629,3,1
"2NY7_HL_G|WG13M,MG231A,CG14W,CG110V",1.1574335,0.10896151,3,1
"2NY7_HL_G|WG13M,MG231A,CG14W,CG110V,CG27I,CG226Q",0.44904727,0.107600376,3,1
"2NY7_HL_G|WG13M,MG231A,CG14W,CG110V,KG66C,EG102C",0.55101526,0.10769551,3,1
"2NY7_HL_G|WG13M,SG92T,WG181S,MG231A,CG14W,CG110V,CG27I,CG226Q",-0.3035898,0.10680407,3,1
3BN9_B_CD|DB214A,0.5662115,0.10026511,3,1
3BN9_B_CD|DB46A,0.42238826,0.09979969,3,1
3BN9_B_CD|DB47A,0.31110755,0.10019336,3,1
3BN9_B_CD|EB163A,0.37321588,0.10214612,3,1
3BN9_B_CD|FB50A,-0.044997852,0.10017239,3,1
3BN9_B_CD|FB89A,0.6392419,0.09981619,3,1
3BN9_B_CD|HB138A,0.085063316,0.10051438,3,1
3BN9_B_CD|IB26A,0.0,0.09954591,3,1
3BN9_B_CD|IB45A,0.8352155,0.099930756,3,1
3BN9_B_CD|KB221A,0.7849689,0.09868025,3,1
3BN9_B_CD|LB147A,0.33619216,0.10103228,3,1
3BN9_B_CD|NB90A,0.7733444,0.099614225,3,1
3BN9_B_CD|PD104H,2.4272547,0.1007523,3,1
3BN9_B_CD|QB140A,0.1331048,0.10044682,3,1
3BN9_B_CD|QB168A,-0.03469869,0.10041189,3,1
3BN9_B_CD|QB169A,2.5089848,0.10043629,3,1
3BN9_B_CD|QB218A,0.70571065,0.100840926,3,1
3BN9_B_CD|QB23A,-0.41530684,0.100784786,3,1
3BN9_B_CD|QD105V,1.2241027,0.10031258,3,1
3BN9_B_CD|RB219A,-0.093698174,0.10045904,3,1
3BN9_B_CD|RB48A,-0.044997852,0.10023832,3,1
3BN9_B_CD|RB51A,-0.07155777,0.10017696,3,1
3BN9_B_CD|RB82A,-0.15923285,0.1014622,3,1
3BN9_B_CD|SD30G,1.1861069,0.099932924,3,1
3BN9_B_CD|SD30N,1.145505,0.099409364,3,1
3BN9_B_CD|TB144A,0.2908351,0.10124117,3,1
3BN9_B_CD|TB93A,1.1320528,0.09962753,3,1
3BN9_B_CD|TD102Q,-0.02153644,0.10034518,3,1
3BN9_B_CD|TD102R,-0.058294915,0.101097874,3,1
3BN9_B_CD|TD28R,0.33290586,0.10017689,3,1
3BN9_B_CD|YB141A,1.0846525,0.100258596,3,1
3BN9_B_CD|YB52A,0.018951595,0.099868804,3,1
3BN9_B_CD|YD103S,0.45868576,0.101073295,3,1
4GXU_ABCDEF_MN|DA189E,2.1650882,0.12847373,3,1
"4GXU_ABCDEF_MN|DA189E,DA224G",3.0102077,0.12841281,3,1
4GXU_ABCDEF_MN|DA224G,1.9608781,0.12834999,3,1
"1CZ8_HL_VW|LL4M,DH28T,HH31N,YH101H,TH105S",2.939849,-0.05912013,3,2
1KIR_AB_C|SA50Y,-1.3870943,-0.03904512,3,2
1MLC_AB_E|KB65D,0.018548755,-0.03795499,3,2
1MLC_AB_E|NA32G,-0.8773867,-0.038910132,3,2
"1MLC_AB_E|NA32G,NA92A",-0.6866531,-0.039533004,3,2
"1MLC_AB_E|NA32G,NA92A,SB57V,TB58D",-1.7349738,-0.03476458,3,2
1MLC_AB_E|NA32Y,0.0,-0.038985156,3,2
1MLC_AB_E|NA92A,-1.2533532,-0.0394098,3,2
"1MLC_AB_E|NA92A,SB57V,TB58D",-2.394188,-0.03463535,3,2
"1MLC_AB_E|NA92A,TB28D,SB57V,TB58D",-2.5813644,-0.035417795,3,2
"1MLC_AB_E|NA92A,TB28D,SB57V,TB58D,EB35S,GB99D",-2.9539242,-0.035209082,3,2
"1MLC_AB_E|NA92A,TB28D,SB57V,TB58D,GB99D",-0.20357698,-0.035006054,3,2
"1MLC_AB_E|NA92A,TB28D,SB57V,TB58D,NA32L",-2.5843081,-0.035474267,3,2
"1MLC_AB_E|NA92A,TB28D,SB57V,TB58D,RB98M,DB100Q",-0.41047263,-0.03559818,3,2
"1MLC_AB_E|NA92A,TB28D,SB57V,TB58D,SA91N,SA93A",-1.6104395,-0.034973368,3,2
"1MLC_AB_E|NA92A,TB28D,SB57V,TB58D,SB30G",-2.3584673,-0.03486912,3,2
"1MLC_AB_E|NA92A,TB28D,SB57V,TB58D,YB32W,RB98V,DB100Q",0.36138764,-0.03564401,3,2
"1MLC_AB_E|NA92A,TB28D,SB57V,TB58D,YB59E",-1.4661698,-0.035098962,3,2
1MLC_AB_E|SB57A,-0.37902167,-0.03753187,3,2
1MLC_AB_E|SB57V,-0.49418068,-0.03593407,3,2
"1MLC_AB_E|SB57V,TB58D",-0.9877286,-0.03399908,3,2
1MLC_AB_E|TB28D,-0.15094383,-0.03958451,3,2
1MLC_AB_E|TB31A,0.44700673,-0.039426647,3,2
1MLC_AB_E|TB31V,0.5262404,-0.0406444,3,2
1MLC_AB_E|TB31W,0.13214268,-0.039976932,3,2
1MLC_AB_E|TB58D,-0.55968237,-0.037088208,3,2
1NCA_N_LH|DH101K,0.71416,-0.04041688,3,2
1NCA_N_LH|EH100D,0.41047263,-0.038868714,3,2
1NCA_N_LH|NH102Q,0.5426153,-0.039002903,3,2
1NCA_N_LH|NH31Q,0.0,-0.039608322,3,2
1NMB_N_LH|DH57E,2.9536283,-0.02592443,3,2
1NMB_N_LH|DH57N,2.9536283,-0.024281956,3,2
1NMB_N_LH|LL94V,0.9000208,-0.026547853,3,2
1NMB_N_LH|TL93F,-0.023903161,-0.028064093,3,2
1NMB_N_LH|TL93W,0.18419003,-0.0258072,3,2
1NMB_N_LH|YH103A,2.14062,-0.0267291,3,2
1NMB_N_LH|YH105F,1.4194101,-0.026725074,3,2
1NMB_N_LH|YL32F,0.46632215,-0.026246106,3,2
1VFB_AB_C|DB100A,3.005002,-0.036949836,3,2
"1VFB_AB_C|DB100A,SC24A",3.369756,-0.037252102,3,2
1VFB_AB_C|DB54A,0.8151114,-0.03741985,3,2
"1VFB_AB_C|DB54A,TC118A",1.2546439,-0.037315566,3,2
1VFB_AB_C|DB58A,-0.20700333,-0.038222592,3,2
1VFB_AB_C|DB58E,0.078081094,-0.03828135,3,2
1VFB_AB_C|DB58N,-0.12818155,-0.038173117,3,2
1VFB_AB_C|DC119A,0.9530879,-0.038096845,3,2
1VFB_AB_C|DC18A,0.34013057,-0.038729563,3,2
1VFB_AB_C|EB98A,1.1565572,-0.038973458,3,2
1VFB_AB_C|GB31A,0.30646533,-0.036818348,3,2
1VFB_AB_C|GB31E,-0.5097613,-0.03668295,3,2
1VFB_AB_C|GB31W,0.0039611305,-0.0368959,3,2
1VFB_AB_C|HA30A,0.84488255,-0.03819425,3,2
1VFB_AB_C|IC124A,1.2314179,-0.03854228,3,2
1VFB_AB_C|KC116A,0.7134504,-0.03877989,3,2
1VFB_AB_C|LC129A,0.17154472,-0.038631193,3,2
1VFB_AB_C|NA31W,0.17432266,-0.038742863,3,2
1VFB_AB_C|NB56A,0.17771798,-0.03846778,3,2
1VFB_AB_C|NC19A,0.3960868,-0.037516747,3,2
1VFB_AB_C|QC121A,2.876998,-0.03828441,3,2
1VFB_AB_C|RB99A,-0.099735305,-0.037997536,3,2
1VFB_AB_C|RB99W,0.7049742,-0.037787657,3,2
1VFB_AB_C|RB99Y,1.235379,-0.037908304,3,2
1VFB_AB_C|RC125A,1.8368999,-0.038016748,3,2
1VFB_AB_C|SA93A,0.34312394,-0.037511684,3,2
1VFB_AB_C|SB28D,0.0,-0.038411032,3,2
1VFB_AB_C|SB28E,-0.104007296,-0.038522568,3,2
1VFB_AB_C|SB28N,0.14394745,-0.038543865,3,2
1VFB_AB_C|SB28Q,0.078081094,-0.03839883,3,2
1VFB_AB_C|SC24A,0.850965,-0.0386566,3,2
1VFB_AB_C|TA52F,0.4708752,-0.037720043,3,2
1VFB_AB_C|TA53R,1.6458516,-0.03901602,3,2
1VFB_AB_C|TB30A,-0.05584954,-0.03833617,3,2
1VFB_AB_C|TC118A,0.7650957,-0.038250234,3,2
1VFB_AB_C|VC120A,0.9169499,-0.038371563,3,2
1VFB_AB_C|WA92A,3.037848,-0.038677588,3,2
"1VFB_AB_C|WA92A,IC124A",3.8503337,-0.038865276,3,2
"1VFB_AB_C|WA92A,LC129A",3.3073628,-0.038954012,3,2
"1VFB_AB_C|WA92A,QC121A",3.5189366,-0.03860675,3,2
"1VFB_AB_C|WA92A,RC125A",3.3932896,-0.038339257,3,2
1VFB_AB_C|WB52A,0.6406274,-0.03887903,3,2
"1VFB_AB_C|WB52A,DC119A",2.2473724,-0.03862134,3,2
1VFB_AB_C|YA32A,1.5281335,-0.037951853,3,2
"1VFB_AB_C|YA32A,IC124A",2.9057157,-0.038139895,3,2
"1VFB_AB_C|YA32A,QC121A",1.586041,-0.03788213,3,2
1VFB_AB_C|YA49A,0.79754156,-0.037916187,3,2
1VFB_AB_C|YA50A,0.456086,-0.039032288,3,2
"1VFB_AB_C|YA50A,DC119A",1.2314179,-0.038773313,3,2
"1VFB_AB_C|YA50A,DC18A",1.265924,-0.04051243,3,2
1VFB_AB_C|YA50K,1.7156012,-0.039558187,3,2
1VFB_AB_C|YA50R,0.8443241,-0.0395556,3,2
1VFB_AB_C|YB101F,1.2695644,-0.03834109,3,2
"1VFB_AB_C|YB101F,DC119A",2.736521,-0.038083248,3,2
"1VFB_AB_C|YB101F,VC120A",2.5384777,-0.03835757,3,2
1VFB_AB_C|YB32A,0.7916793,-0.03772175,3,2
"1VFB_AB_C|YB32A,KC116A",1.586041,-0.03814519,3,2
1VFB_AB_C|YB32E,1.9021881,-0.03792602,3,2
1VFB_AB_C|YC23A,0.41047263,-0.037829142,3,2
1XGP_AB_C|AB33F,-4.0,-0.032250058,3,2
1XGP_AB_C|AB33I,-2.260207,-0.03161138,3,2
1XGP_AB_C|AB33L,-2.1988916,-0.03163581,3,2
1XGP_AB_C|AB33V,-1.1525793,-0.031666316,3,2
2JEL_LH_P|AP82S,0.0,-0.018031646,3,2
2JEL_LH_P|DP69E,0.9530879,-0.016836165,3,2
2JEL_LH_P|EP5D,0.41047263,-0.015473127,3,2
2JEL_LH_P|EP5Q,0.7129768,-0.015663784,3,2
2JEL_LH_P|EP68A,0.41047263,-0.016383462,3,2
2JEL_LH_P|EP75R,2.727121,-0.017595887,3,2
2JEL_LH_P|EP83A,0.0,-0.018869635,3,2
2JEL_LH_P|EP85A,0.0,-0.017661713,3,2
2JEL_LH_P|EP85D,0.0,-0.017688833,3,2
2JEL_LH_P|EP85K,0.0,-0.017537827,3,2
2JEL_LH_P|EP85Q,0.0,-0.017973732,3,2
2JEL_LH_P|FP2W,2.6191528,-0.016120154,3,2
2JEL_LH_P|FP2Y,0.0,-0.016334098,3,2
2JEL_LH_P|HP76A,-0.41047263,-0.01629027,3,2
2JEL_LH_P|HP76D,-0.65058374,-0.016614996,3,2
2JEL_LH_P|KP24E,0.0,-0.01874021,3,2
2JEL_LH_P|KP27E,0.0,-0.017360978,3,2
2JEL_LH_P|KP72E,0.41047263,-0.01610823,3,2
2JEL_LH_P|KP72R,0.0,-0.016746081,3,2
2JEL_LH_P|KP79E,0.41047263,-0.017346874,3,2
2JEL_LH_P|NP12D,0.0,-0.017257554,3,2
2JEL_LH_P|NP38T,0.0,-0.015766148,3,2
2JEL_LH_P|PP11E,0.0,-0.016461862,3,2
2JEL_LH_P|QP3K,4.0,-0.016470827,3,2
2JEL_LH_P|QP4K,1.3635606,-0.016258467,3,2
2JEL_LH_P|QP57E,-0.41047263,-0.019543825,3,2
2JEL_LH_P|QP71E,2.727121,-0.016071321,3,2
2JEL_LH_P|RP17G,0.0,-0.01769942,3,2
2JEL_LH_P|RP17K,0.0,-0.01783818,3,2
2JEL_LH_P|SP41C,1.4957032,-0.016707346,3,2
2JEL_LH_P|SP43C,0.0,-0.017367028,3,2
2JEL_LH_P|SP46C,0.0,-0.018445207,3,2
2JEL_LH_P|SP64T,4.0,-0.016511785,3,2
2JEL_LH_P|TP34Q,0.0,-0.016796578,3,2
2JEL_LH_P|TP36Q,0.41047263,-0.016896399,3,2
2JEL_LH_P|TP62A,0.0,-0.016555177,3,2
2JEL_LH_P|TP62N,0.0,-0.016319692,3,2
2JEL_LH_P|TP7N,0.41047263,-0.014883871,3,2
2JEL_LH_P|TP7S,0.0,-0.0150225395,3,2
2JEL_LH_P|VP6F,0.0,-0.015673453,3,2
"2NY7_HL_G|CG27I,CG226Q",0.19971907,-0.056452986,3,2
"2NY7_HL_G|CG27I,CG226Q,MG231A",0.20319231,-0.055493604,3,2
"2NY7_HL_G|GG229C,MG231A",-0.37879732,-0.057099495,3,2
"2NY7_HL_G|GG229C,WG13M,MG231A,CG14W,CG110V,CG27I,CG226Q",0.21462485,-0.053262297,3,2
"2NY7_HL_G|KG66C,EG102C,CG27I,CG226Q",0.04085667,-0.055549487,3,2
"2NY7_HL_G|KG66C,EG102C,WG13M,MG231A,CG14W,CG110V,CG27I,CG226Q",0.3998023,-0.053140055,3,2
"2NY7_HL_G|KG66C,EG103C,WG13M,MG231A,CG14W,CG110V,CG27I,CG226Q",0.29989544,-0.052603718,3,2
"2NY7_HL_G|WG13M,MG231A,CG14W,CG110V",1.1574335,-0.055885106,3,2
"2NY7_HL_G|WG13M,MG231A,CG14W,CG110V,CG27I,CG226Q",0.44904727,-0.05401222,3,2
"2NY7_HL_G|WG13M,MG231A,CG14W,CG110V,KG66C,EG102C",0.55101526,-0.054602582,3,2
"2NY7_HL_G|WG13M,SG92T,WG181S,MG231A,CG14W,CG110V,CG27I,CG226Q",-0.3035898,-0.054018926,3,2
3BN9_B_CD|DB214A,0.5662115,-0.038958963,3,2
3BN9_B_CD|DB46A,0.42238826,-0.039305534,3,2
3BN9_B_CD|DB47A,0.31110755,-0.03921088,3,2
3BN9_B_CD|EB163A,0.37321588,-0.038569227,3,2
3BN9_B_CD|FB50A,-0.044997852,-0.038990695,3,2
3BN9_B_CD|FB89A,0.6392419,-0.038475674,3,2
3BN9_B_CD|HB138A,0.085063316,-0.039373558,3,2
3BN9_B_CD|IB26A,0.0,-0.039854012,3,2
3BN9_B_CD|IB45A,0.8352155,-0.039438564,3,2
3BN9_B_CD|KB221A,0.7849689,-0.03815917,3,2
3BN9_B_CD|LB147A,0.33619216,-0.039140016,3,2
3BN9_B_CD|NB90A,0.7733444,-0.038620736,3,2
3BN9_B_CD|PD104H,2.4272547,-0.038635783,3,2
3BN9_B_CD|QB140A,0.1331048,-0.038956992,3,2
3BN9_B_CD|QB168A,-0.03469869,-0.039098,3,2
3BN9_B_CD|QB169A,2.5089848,-0.03889639,3,2
3BN9_B_CD|QB218A,0.70571065,-0.0379948,3,2
3BN9_B_CD|QB23A,-0.41530684,-0.03947325,3,2
3BN9_B_CD|QD105V,1.2241027,-0.037543513,3,2
3BN9_B_CD|RB219A,-0.093698174,-0.03817375,3,2
3BN9_B_CD|RB48A,-0.044997852,-0.0389505,3,2
3BN9_B_CD|RB51A,-0.07155777,-0.039029498,3,2
3BN9_B_CD|RB82A,-0.15923285,-0.0387551,3,2
3BN9_B_CD|SD30G,1.1861069,-0.039140638,3,2
3BN9_B_CD|SD30N,1.145505,-0.038625363,3,2
3BN9_B_CD|TB144A,0.2908351,-0.039372265,3,2
3BN9_B_CD|TB93A,1.1320528,-0.038235977,3,2
3BN9_B_CD|TD102Q,-0.02153644,-0.038580317,3,2
3BN9_B_CD|TD102R,-0.058294915,-0.037989877,3,2
3BN9_B_CD|TD28R,0.33290586,-0.039216034,3,2
3BN9_B_CD|YB141A,1.0846525,-0.039104972,3,2
3BN9_B_CD|YB52A,0.018951595,-0.03958136,3,2
3BN9_B_CD|YD103S,0.45868576,-0.03838706,3,2
4GXU_ABCDEF_MN|DA189E,2.1650882,-0.049005605,3,2
"4GXU_ABCDEF_MN|DA189E,DA224G",3.0102077,-0.049163062,3,2
4GXU_ABCDEF_MN|DA224G,1.9608781,-0.04923146,3,2
"1JRH_LH_I|AI49S,II51T,HI55D",0.070675574,-0.027993258,4,0
"1JRH_LH_I|AI85D,KI88R,EI90K",-0.047747865,-0.025313882,4,0
"1JRH_LH_I|AI93L,VI94M",0.63366294,-0.020260783,4,0
1JRH_LH_I|DH56A,1.8860998,-0.023968924,4,0
1JRH_LH_I|DH57A,1.6660647,-0.02401214,4,0
1JRH_LH_I|DH58A,1.8546488,-0.02392803,4,0
1JRH_LH_I|DL28A,0.43464687,-0.024629565,4,0
1JRH_LH_I|EI35Q,0.09956847,-0.0244681,4,0
1JRH_LH_I|EI45A,-0.5657849,-0.023810884,4,0
1JRH_LH_I|EI45P,-3.7881775,-0.023515014,4,0
"1JRH_LH_I|EI45P,II47L",-3.4567804,-0.023783132,4,0
"1JRH_LH_I|EI45P,II47R",-3.4400978,-0.024189016,4,0
1JRH_LH_I|EL27A,0.5426153,-0.023855316,4,0
1JRH_LH_I|FH103A,0.0,-0.023729092,4,0
1JRH_LH_I|GI40A,4.0,-0.023202622,4,0
1JRH_LH_I|HH107A,1.6977708,-0.024006462,4,0
"1JRH_LH_I|II25N,PI27S,VI29T,VI31I",0.14370596,-0.020697666,4,0
1JRH_LH_I|KI37A,3.713863,-0.02379386,4,0
1JRH_LH_I|KI37M,3.2923293,-0.023984814,4,0
1JRH_LH_I|KI42A,3.3858175,-0.023227291,4,0
1JRH_LH_I|KI42M,4.0,-0.023437932,4,0
1JRH_LH_I|KI88A,0.31209365,-0.023909947,4,0
"1JRH_LH_I|MI15L,II18V",-0.21360606,-0.020362195,4,0
1JRH_LH_I|NI38A,0.1704579,-0.02264719,4,0
1JRH_LH_I|NI38Q,0.5344714,-0.023039311,4,0
1JRH_LH_I|NI43A,4.0,-0.023230908,4,0
1JRH_LH_I|NI69A,-0.19953421,-0.023422915,4,0
1JRH_LH_I|RH100A,0.5426153,-0.024021229,4,0
1JRH_LH_I|RI74A,0.3926171,-0.023255305,4,0
1JRH_LH_I|SI44A,0.37771076,-0.023708357,4,0
"1JRH_LH_I|SI44G,EI45G,II47R",-3.3777049,-0.025270188,4,0
"1JRH_LH_I|SI44G,EI45P,II47K",-3.884419,-0.024652796,4,0
"1JRH_LH_I|SI61Y,DI62E,HI63Q,VI64I,GI65M,DI66Y,SI68D,NI69V,LI71A",2.9588323,-0.023761002,4,0
1JRH_LH_I|SL93A,-0.65058374,-0.021590455,4,0
1JRH_LH_I|TI4V,-0.025565991,-0.022357482,4,0
"1JRH_LH_I|TI9L,EI11K",-0.025565991,-0.020468323,4,0
1JRH_LH_I|TL94A,0.38526937,-0.023089478,4,0
1JRH_LH_I|VI41A,1.6791569,-0.023775065,4,0
"1JRH_LH_I|VI73A,RI78K",-0.21360606,-0.025470529,4,0
1JRH_LH_I|WH54A,2.6862645,-0.023839394,4,0
1JRH_LH_I|WH55A,2.4213178,-0.023909004,4,0
1JRH_LH_I|WI46F,-0.25261214,-0.024542047,4,0
1JRH_LH_I|WI46Y,0.29852974,-0.024995511,4,0
1JRH_LH_I|WI72A,4.0,-0.022713644,4,0
1JRH_LH_I|WI72F,1.102707,-0.022473464,4,0
1JRH_LH_I|WI72Y,1.1878273,-0.023481322,4,0
1JRH_LH_I|WL92A,2.818407,-0.02304631,4,0
1JRH_LH_I|WL95A,1.6660647,-0.02442844,4,0
1JRH_LH_I|YH104A,1.0610564,-0.02438234,4,0
1JRH_LH_I|YH32A,1.4333102,-0.023689674,4,0
1JRH_LH_I|YH60A,1.2555921,-0.024026917,4,0
1JRH_LH_I|YI39A,3.5271235,-0.023819355,4,0
1JRH_LH_I|YI39F,0.9087807,-0.023219915,4,0
1JRH_LH_I|YL30A,1.1084566,-0.024159646,4,0
1JRH_LH_I|YL91A,0.58083415,-0.02317431,4,0
1KIQ_AB_C|FB101Y,-2.4949589,-0.056260876,4,0
1XGR_AB_C|IB33A,2.260207,-0.0680325,4,0
1XGR_AB_C|IB33F,-1.8004549,-0.06799186,4,0
1XGR_AB_C|IB33L,0.061315425,-0.06799622,4,0
1XGR_AB_C|IB33V,1.1076277,-0.06800512,4,0
2BDN_HL_A|DH31E,1.0852306,-0.03182794,4,0
2BDN_HL_A|LH27K,0.8740124,-0.032338448,4,0
2BDN_HL_A|LH27R,0.65058374,-0.031841975,4,0
2BDN_HL_A|NH28D,0.13214268,-0.03259833,4,0
2BDN_HL_A|NH28Q,1.3994616,-0.03230866,4,0
2BDN_HL_A|NL31K,3.4897714,-0.032501202,4,0
2BDN_HL_A|NL31R,-0.9171868,-0.032226454,4,0
2BDN_HL_A|SL53D,-0.1605731,-0.03274365,4,0
2BDN_HL_A|SL53E,-0.85132045,-0.032601092,4,0
2BDN_HL_A|TL56D,-0.4254655,-0.032799568,4,0
2BDN_HL_A|TL56E,-0.6888026,-0.034184877,4,0
2BDN_HL_A|YL30K,0.67475796,-0.031961143,4,0
2NYY_DC_A|DA1030A,0.009336901,-0.025175294,4,0
2NYY_DC_A|DA1034A,2.5297937,-0.025561461,4,0
2NYY_DC_A|DC30Y,0.64113563,-0.026022302,4,0
2NYY_DC_A|EA892A,2.839132,-0.025984684,4,0
2NYY_DC_A|ED5Q,-0.2479871,-0.025725732,4,0
2NYY_DC_A|FA889A,0.4193659,-0.025419192,4,0
2NYY_DC_A|FA925A,4.0,-0.025875445,4,0
2NYY_DC_A|HA1036A,4.0,-0.02587419,4,0
2NYY_DC_A|HC34R,0.10088469,-0.025831621,4,0
2NYY_DC_A|IA928A,-0.009487502,-0.025333801,4,0
2NYY_DC_A|KA1028A,-0.028934313,-0.025896056,4,0
2NYY_DC_A|KA875A,0.29098648,-0.026228586,4,0
2NYY_DC_A|KA895A,-0.14014584,-0.0255275,4,0
2NYY_DC_A|KD29R,0.071385965,-0.025855044,4,0
"2NYY_DC_A|KD29S,YD30D,DD31H,SD60P",0.04961051,-0.026625367,4,0
2NYY_DC_A|LA891A,2.5892105,-0.025562199,4,0
2NYY_DC_A|MD33Q,-0.059869844,-0.025770763,4,0
2NYY_DC_A|NA890A,0.89044046,-0.025311721,4,0
2NYY_DC_A|NA926A,0.09934822,-0.025636388,4,0
2NYY_DC_A|QA887A,0.5208145,-0.024684189,4,0
2NYY_DC_A|RA1033A,0.82012254,-0.025808604,4,0
2NYY_DC_A|RA1266A,0.2995321,-0.02572815,4,0
2NYY_DC_A|SA874A,-0.23032175,-0.025839757,4,0
2NYY_DC_A|SA927A,0.0,-0.02556608,4,0
2NYY_DC_A|SC28Q,0.4133828,-0.024986034,4,0
2NYY_DC_A|SC31N,-0.35338265,-0.026355818,4,0
2NYY_DC_A|TA1035A,1.630871,-0.025792297,4,0
2NYY_DC_A|VD36I,-0.21317148,-0.025695795,4,0
"2NYY_DC_A|VD36I,ED5Q",-0.0490461,-0.025659984,4,0
2NYY_DC_A|YD30D,0.06462482,-0.026285486,4,0
2NYY_DC_A|YD30Q,0.12897444,-0.026141563,4,0
2NYY_DC_A|YD56Q,0.5196862,-0.025680365,4,0
2NZ9_DC_A|DA1030A,-0.031082604,-0.028666856,4,0
2NZ9_DC_A|DA1034A,2.3396032,-0.028933434,4,0
2NZ9_DC_A|EA892A,2.77036,-0.02933109,4,0
2NZ9_DC_A|FA889A,-0.04961051,-0.028592093,4,0
2NZ9_DC_A|FA925A,3.340439,-0.029236207,4,0
2NZ9_DC_A|HA1036A,4.0,-0.029246243,4,0
2NZ9_DC_A|IA928A,0.069281444,-0.02866703,4,0
2NZ9_DC_A|KA1028A,-0.008714417,-0.029310817,4,0
2NZ9_DC_A|KA875A,0.5407011,-0.029615024,4,0
2NZ9_DC_A|KA895A,-0.29975358,-0.028952884,4,0
2NZ9_DC_A|LA891A,2.279965,-0.0289442,4,0
2NZ9_DC_A|NA890A,2.1600318,-0.028480265,4,0
2NZ9_DC_A|NA926A,-0.15216734,-0.028985599,4,0
2NZ9_DC_A|QA887A,0.09926054,-0.02790041,4,0
2NZ9_DC_A|RA1033A,0.29088098,-0.02912719,4,0
2NZ9_DC_A|RA1266A,0.39015788,-0.029080356,4,0
2NZ9_DC_A|SA874A,-0.11948046,-0.02953622,4,0
2NZ9_DC_A|SA927A,-0.078544825,-0.028920392,4,0
"2NZ9_DC_A|SD29K,DD30Y,HD31D",-0.04961051,-0.026878493,4,0
2NZ9_DC_A|TA1035A,2.3703818,-0.029144576,4,0
2VIS_AB_C|IC89T,-4.0,-0.026975427,4,0
"3BE1_HL_A|DL28N,PL30A,RL31K,SL32T,TL97S,TL98S",-0.6860794,-0.035275422,4,0
"3BE1_HL_A|DL28N,PL30A,RL31K,SL32T,TL97S,TL98S,KH30S,DH31G,TH54S,NH55E,GH100V,DH102V",-2.7728782,-0.035199158,4,0
"3BE1_HL_A|DL28N,PL30A,RL31K,SL32T,TL97S,TL98S,KH30S,DH31G,TH54S,NH55E,GH100V,DH102V,YL36A",-3.190238,-0.03549529,4,0
"3BE1_HL_A|DL28N,PL30A,RL31K,SL32T,TL97S,TL98S,KH30S,DH31G,TH54S,NH55E,GH100V,DH102V,YL36A,IL33A",-2.7728782,-0.035106134,4,0
"3BE1_HL_A|DL28N,PL30A,RL31K,SL32T,YL57F,TL97S,TL98S",-0.8683455,-0.034983013,4,0
"3BE1_HL_A|DL28N,PL30A,RL31K,SL32T,YL57F,TL97S,TL98S,KH30S,DH31G,TH54S,NH55E,GH100V,DH102V",-2.8824897,-0.03492092,4,0
3LZF_AB_HL|DA187E,0.49836498,-0.018506309,4,0
"3LZF_AB_HL|DA187E,DA222G",0.12738612,-0.017172901,4,0
3LZF_AB_HL|DA222G,0.5378587,-0.018393576,4,0
3NGB_HL_G|AH57G,-0.056030333,-0.033499524,4,0
"3NGB_HL_G|AH57G,VH58T,PH63K,VH74T",1.6734211,-0.03410431,4,0
"3NGB_HL_G|CH32S,CH102A",0.25899792,-0.033306494,4,0
3NGB_HL_G|DH103A,0.05987142,-0.034220453,4,0
3NGB_HL_G|EL88A,1.3199503,-0.03359972,4,0
3NGB_HL_G|FL89A,0.85886127,-0.033515915,4,0
3NGB_HL_G|GH55A,-1.2766591,-0.033666052,4,0
3NGB_HL_G|GH55S,0.74304354,-0.03236109,4,0
3NGB_HL_G|GH56A,1.2656107,-0.033096418,4,0
3NGB_HL_G|IH30A,-0.0027431613,-0.03393472,4,0
3NGB_HL_G|IH30T,0.0733938,-0.033769973,4,0
"3NGB_HL_G|IH30T,KH52N,RH54N,GH55S,AH57G,VH58T,RH62Q,PH63K,VH74T,YH75S,YL26S",0.86214453,-0.02912238,4,0
3NGB_HL_G|KH52A,0.62288266,-0.033062678,4,0
3NGB_HL_G|KH52N,0.17497002,-0.033161752,4,0
3NGB_HL_G|MH70A,0.5305512,-0.033654917,4,0
3NGB_HL_G|NH105A,1.1185741,-0.033599526,4,0
3NGB_HL_G|NH59A,1.7671243,-0.034400694,4,0
3NGB_HL_G|PH63A,-0.04252045,-0.033262063,4,0
3NGB_HL_G|PH63K,0.23252328,-0.033550993,4,0
3NGB_HL_G|QH65A,-0.34038836,-0.03394894,4,0
3NGB_HL_G|QL25A,-0.23060839,-0.033837985,4,0
3NGB_HL_G|RH54A,-0.25938424,-0.0337492,4,0
3NGB_HL_G|RH54N,0.04645046,-0.03282163,4,0
3NGB_HL_G|RH62A,0.9958448,-0.03269471,4,0
3NGB_HL_G|RH62Q,0.09654992,-0.032877006,4,0
3NGB_HL_G|RH72A,1.6432176,-0.033447772,4,0
3NGB_HL_G|SL28A,-0.14471176,-0.03365648,4,0
3NGB_HL_G|TH33A,0.7071634,-0.033717524,4,0
3NGB_HL_G|TH33Y,0.084193856,-0.033574462,4,0
"3NGB_HL_G|TH33Y,GH56S,AH57G,VH58T,PH63K,VH74T,YH75S",1.9381938,-0.031908482,4,0
3NGB_HL_G|VH58A,1.3584284,-0.034433927,4,0
3NGB_HL_G|VH58T,0.13787223,-0.034235895,4,0
3NGB_HL_G|VH74A,1.087914,-0.03364422,4,0
3NGB_HL_G|VH74T,0.16493925,-0.03373612,4,0
3NGB_HL_G|VL1A,-0.7733632,-0.03441681,4,0
3NGB_HL_G|WH106A,4.0,-0.03386978,4,0
3NGB_HL_G|WH47A,1.2021707,-0.034204468,4,0
3NGB_HL_G|WH50A,1.2917941,-0.03388746,4,0
3NGB_HL_G|YH104A,1.4235861,-0.033728663,4,0
3NGB_HL_G|YH60A,0.5484263,-0.033038676,4,0
3NGB_HL_G|YH75A,-0.19932224,-0.03479848,4,0
3NGB_HL_G|YH75S,0.3325709,-0.032363594,4,0
3NGB_HL_G|YL26A,0.98528093,-0.033345222,4,0
3NGB_HL_G|YL26S,0.6512687,-0.03315799,4,0
3NGB_HL_G|YL87A,2.0227883,-0.033637002,4,0
4JPK_HL_A|DA141R,3.857323,-0.035032783,4,0
"4JPK_HL_A|DA159N,DA33N",0.6189681,-0.032460704,4,0
4JPK_HL_A|FA144I,1.3875175,-0.034083605,4,0
4JPK_HL_A|FA63L,1.1672868,-0.033908326,4,0
4JPK_HL_A|RA130K,0.23006605,-0.034779493,4,0
4JPK_HL_A|RA81T,0.75870305,-0.035295784,4,0
4JPK_HL_A|SA41G,2.151695,-0.035293706,4,0
4JPK_HL_A|TA35S,-0.032093357,-0.034986906,4,0
4JPK_HL_A|VA30N,0.59459484,-0.034779485,4,0
"1JRH_LH_I|AI49S,II51T,HI55D",0.070675574,0.0010375092,4,1
"1JRH_LH_I|AI85D,KI88R,EI90K",-0.047747865,0.0023868233,4,1
"1JRH_LH_I|AI93L,VI94M",0.63366294,0.002473182,4,1
1JRH_LH_I|DH56A,1.8860998,0.00023867749,4,1
1JRH_LH_I|DH57A,1.6660647,0.00031824317,4,1
1JRH_LH_I|DH58A,1.8546488,0.0003580898,4,1
1JRH_LH_I|DL28A,0.43464687,0.0008041095,4,1
1JRH_LH_I|EI35Q,0.09956847,-0.00029079523,4,1
1JRH_LH_I|EI45A,-0.5657849,0.000103523955,4,1
1JRH_LH_I|EI45P,-3.7881775,-0.00010125339,4,1
"1JRH_LH_I|EI45P,II47L",-3.4567804,-0.0009869607,4,1
"1JRH_LH_I|EI45P,II47R",-3.4400978,-0.0012034047,4,1
1JRH_LH_I|EL27A,0.5426153,-0.0002202522,4,1
1JRH_LH_I|FH103A,0.0,0.00010646507,4,1
1JRH_LH_I|GI40A,4.0,3.81805e-05,4,1
1JRH_LH_I|HH107A,1.6977708,0.0005016979,4,1
"1JRH_LH_I|II25N,PI27S,VI29T,VI31I",0.14370596,0.004708357,4,1
1JRH_LH_I|KI37A,3.713863,0.0009975899,4,1
1JRH_LH_I|KI37M,3.2923293,0.0010609385,4,1
1JRH_LH_I|KI42A,3.3858175,9.412505e-05,4,1
1JRH_LH_I|KI42M,4.0,0.0003383616,4,1
1JRH_LH_I|KI88A,0.31209365,0.0004999656,4,1
"1JRH_LH_I|MI15L,II18V",-0.21360606,0.0029234737,4,1
1JRH_LH_I|NI38A,0.1704579,-0.00012320932,4,1
1JRH_LH_I|NI38Q,0.5344714,0.00021266378,4,1
1JRH_LH_I|NI43A,4.0,2.2973865e-05,4,1
1JRH_LH_I|NI69A,-0.19953421,-0.00072358176,4,1
1JRH_LH_I|RH100A,0.5426153,0.00030502956,4,1
1JRH_LH_I|RI74A,0.3926171,0.0022558216,4,1
1JRH_LH_I|SI44A,0.37771076,0.00020304602,4,1
"1JRH_LH_I|SI44G,EI45G,II47R",-3.3777049,-0.0008934913,4,1
"1JRH_LH_I|SI44G,EI45P,II47K",-3.884419,-0.00090594403,4,1
"1JRH_LH_I|SI61Y,DI62E,HI63Q,VI64I,GI65M,DI66Y,SI68D,NI69V,LI71A",2.9588323,0.0007292675,4,1
1JRH_LH_I|SL93A,-0.65058374,0.0005834615,4,1
1JRH_LH_I|TI4V,-0.025565991,0.0033589182,4,1
"1JRH_LH_I|TI9L,EI11K",-0.025565991,0.0008775862,4,1
1JRH_LH_I|TL94A,0.38526937,0.00019032322,4,1
1JRH_LH_I|VI41A,1.6791569,0.00010090321,4,1
"1JRH_LH_I|VI73A,RI78K",-0.21360606,0.0043037394,4,1
1JRH_LH_I|WH54A,2.6862645,0.00015243981,4,1
1JRH_LH_I|WH55A,2.4213178,0.0002801353,4,1
1JRH_LH_I|WI46F,-0.25261214,-8.1487e-05,4,1
1JRH_LH_I|WI46Y,0.29852974,0.00018587429,4,1
1JRH_LH_I|WI72A,4.0,0.0029034931,4,1
1JRH_LH_I|WI72F,1.102707,0.0024802517,4,1
1JRH_LH_I|WI72Y,1.1878273,0.0026276503,4,1
1JRH_LH_I|WL92A,2.818407,1.7454848e-05,4,1
1JRH_LH_I|WL95A,1.6660647,0.00084293727,4,1
1JRH_LH_I|YH104A,1.0610564,0.0005767029,4,1
1JRH_LH_I|YH32A,1.4333102,0.0005597146,4,1
1JRH_LH_I|YH60A,1.2555921,0.00039185397,4,1
1JRH_LH_I|YI39A,3.5271235,7.227063e-07,4,1
1JRH_LH_I|YI39F,0.9087807,0.00015285425,4,1
1JRH_LH_I|YL30A,1.1084566,0.001541378,4,1
1JRH_LH_I|YL91A,0.58083415,0.0009990912,4,1
1KIQ_AB_C|FB101Y,-2.4949589,0.0048527513,4,1
1XGR_AB_C|IB33A,2.260207,-0.0066544674,4,1
1XGR_AB_C|IB33F,-1.8004549,-0.006348636,4,1
1XGR_AB_C|IB33L,0.061315425,-0.0065602735,4,1
1XGR_AB_C|IB33V,1.1076277,-0.0067104027,4,1
2BDN_HL_A|DH31E,1.0852306,0.013551191,4,1
2BDN_HL_A|LH27K,0.8740124,0.012974672,4,1
2BDN_HL_A|LH27R,0.65058374,0.013211237,4,1
2BDN_HL_A|NH28D,0.13214268,0.013281006,4,1
2BDN_HL_A|NH28Q,1.3994616,0.013359653,4,1
2BDN_HL_A|NL31K,3.4897714,0.013548144,4,1
2BDN_HL_A|NL31R,-0.9171868,0.013319989,4,1
2BDN_HL_A|SL53D,-0.1605731,0.01299361,4,1
2BDN_HL_A|SL53E,-0.85132045,0.012994322,4,1
2BDN_HL_A|TL56D,-0.4254655,0.011855078,4,1
2BDN_HL_A|TL56E,-0.6888026,0.013078882,4,1
2BDN_HL_A|YL30K,0.67475796,0.014850976,4,1
2NYY_DC_A|DA1030A,0.009336901,0.0036445665,4,1
2NYY_DC_A|DA1034A,2.5297937,0.0027247667,4,1
2NYY_DC_A|DC30Y,0.64113563,0.002228804,4,1
2NYY_DC_A|EA892A,2.839132,0.0028474014,4,1
2NYY_DC_A|ED5Q,-0.2479871,0.0026816903,4,1
2NYY_DC_A|FA889A,0.4193659,0.0029297043,4,1
2NYY_DC_A|FA925A,4.0,0.00272955,4,1
2NYY_DC_A|HA1036A,4.0,0.0028306935,4,1
2NYY_DC_A|HC34R,0.10088469,0.0029197065,4,1
2NYY_DC_A|IA928A,-0.009487502,0.0027285665,4,1
2NYY_DC_A|KA1028A,-0.028934313,0.0037385365,4,1
2NYY_DC_A|KA875A,0.29098648,0.0031395685,4,1
2NYY_DC_A|KA895A,-0.14014584,0.0038598645,4,1
2NYY_DC_A|KD29R,0.071385965,0.0027061952,4,1
"2NYY_DC_A|KD29S,YD30D,DD31H,SD60P",0.04961051,0.0036371085,4,1
2NYY_DC_A|LA891A,2.5892105,0.0031996807,4,1
2NYY_DC_A|MD33Q,-0.059869844,0.0027774759,4,1
2NYY_DC_A|NA890A,0.89044046,0.002563158,4,1
2NYY_DC_A|NA926A,0.09934822,0.002909096,4,1
2NYY_DC_A|QA887A,0.5208145,0.0044833706,4,1
2NYY_DC_A|RA1033A,0.82012254,0.00266313,4,1
2NYY_DC_A|RA1266A,0.2995321,0.0028687846,4,1
2NYY_DC_A|SA874A,-0.23032175,0.0035450384,4,1
2NYY_DC_A|SA927A,0.0,0.0028836522,4,1
2NYY_DC_A|SC28Q,0.4133828,0.0033728955,4,1
2NYY_DC_A|SC31N,-0.35338265,0.0026797801,4,1
2NYY_DC_A|TA1035A,1.630871,0.002670776,4,1
2NYY_DC_A|VD36I,-0.21317148,0.0027719857,4,1
"2NYY_DC_A|VD36I,ED5Q",-0.0490461,0.002761987,4,1
2NYY_DC_A|YD30D,0.06462482,0.003108848,4,1
2NYY_DC_A|YD30Q,0.12897444,0.0037223455,4,1
2NYY_DC_A|YD56Q,0.5196862,0.0038510328,4,1
2NZ9_DC_A|DA1030A,-0.031082604,0.00462981,4,1
2NZ9_DC_A|DA1034A,2.3396032,0.0036442517,4,1
2NZ9_DC_A|EA892A,2.77036,0.0038131229,4,1
2NZ9_DC_A|FA889A,-0.04961051,0.003913081,4,1
2NZ9_DC_A|FA925A,3.340439,0.003634396,4,1
2NZ9_DC_A|HA1036A,4.0,0.0037481496,4,1
2NZ9_DC_A|IA928A,0.069281444,0.0036415937,4,1
2NZ9_DC_A|KA1028A,-0.008714417,0.0047308546,4,1
2NZ9_DC_A|KA875A,0.5407011,0.004062778,4,1
2NZ9_DC_A|KA895A,-0.29975358,0.0046872147,4,1
2NZ9_DC_A|LA891A,2.279965,0.004105993,4,1
2NZ9_DC_A|NA890A,2.1600318,0.0035845996,4,1
2NZ9_DC_A|NA926A,-0.15216734,0.003825136,4,1
2NZ9_DC_A|QA887A,0.09926054,0.005278822,4,1
2NZ9_DC_A|RA1033A,0.29088098,0.0035947827,4,1
2NZ9_DC_A|RA1266A,0.39015788,0.0037844721,4,1
2NZ9_DC_A|SA874A,-0.11948046,0.004573298,4,1
2NZ9_DC_A|SA927A,-0.078544825,0.003790833,4,1
"2NZ9_DC_A|SD29K,DD30Y,HD31D",-0.04961051,0.0032703541,4,1
2NZ9_DC_A|TA1035A,2.3703818,0.0035901098,4,1
2VIS_AB_C|IC89T,-4.0,0.0013988763,4,1
"3BE1_HL_A|DL28N,PL30A,RL31K,SL32T,TL97S,TL98S",-0.6860794,-0.004584873,4,1
"3BE1_HL_A|DL28N,PL30A,RL31K,SL32T,TL97S,TL98S,KH30S,DH31G,TH54S,NH55E,GH100V,DH102V",-2.7728782,-0.004853096,4,1
"3BE1_HL_A|DL28N,PL30A,RL31K,SL32T,TL97S,TL98S,KH30S,DH31G,TH54S,NH55E,GH100V,DH102V,YL36A",-3.190238,-0.0045992713,4,1
"3BE1_HL_A|DL28N,PL30A,RL31K,SL32T,TL97S,TL98S,KH30S,DH31G,TH54S,NH55E,GH100V,DH102V,YL36A,IL33A",-2.7728782,-0.00433331,4,1
"3BE1_HL_A|DL28N,PL30A,RL31K,SL32T,YL57F,TL97S,TL98S",-0.8683455,-0.0038704667,4,1
"3BE1_HL_A|DL28N,PL30A,RL31K,SL32T,YL57F,TL97S,TL98S,KH30S,DH31G,TH54S,NH55E,GH100V,DH102V",-2.8824897,-0.004133746,4,1
3LZF_AB_HL|DA187E,0.49836498,0.0066969325,4,1
"3LZF_AB_HL|DA187E,DA222G",0.12738612,0.006321196,4,1
3LZF_AB_HL|DA222G,0.5378587,0.0056128334,4,1
3NGB_HL_G|AH57G,-0.056030333,-0.0039850874,4,1
"3NGB_HL_G|AH57G,VH58T,PH63K,VH74T",1.6734211,-0.0038924841,4,1
"3NGB_HL_G|CH32S,CH102A",0.25899792,-0.004081685,4,1
3NGB_HL_G|DH103A,0.05987142,-0.004133773,4,1
3NGB_HL_G|EL88A,1.3199503,-0.0036461866,4,1
3NGB_HL_G|FL89A,0.85886127,-0.003680068,4,1
3NGB_HL_G|GH55A,-1.2766591,-0.007092558,4,1
3NGB_HL_G|GH55S,0.74304354,-0.0050695464,4,1
3NGB_HL_G|GH56A,1.2656107,-0.0034670467,4,1
3NGB_HL_G|IH30A,-0.0027431613,-0.0037093507,4,1
3NGB_HL_G|IH30T,0.0733938,-0.0038033957,4,1
"3NGB_HL_G|IH30T,KH52N,RH54N,GH55S,AH57G,VH58T,RH62Q,PH63K,VH74T,YH75S,YL26S",0.86214453,-0.0054157265,4,1
3NGB_HL_G|KH52A,0.62288266,-0.0041716183,4,1
3NGB_HL_G|KH52N,0.17497002,-0.003925084,4,1
3NGB_HL_G|MH70A,0.5305512,-0.0041891513,4,1
3NGB_HL_G|NH105A,1.1185741,-0.0037333323,4,1
3NGB_HL_G|NH59A,1.7671243,-0.004736066,4,1
3NGB_HL_G|PH63A,-0.04252045,-0.004046943,4,1
3NGB_HL_G|PH63K,0.23252328,-0.0038205972,4,1
3NGB_HL_G|QH65A,-0.34038836,-0.0038758088,4,1
3NGB_HL_G|QL25A,-0.23060839,-0.00383302,4,1
3NGB_HL_G|RH54A,-0.25938424,-0.0050420333,4,1
3NGB_HL_G|RH54N,0.04645046,-0.0032216767,4,1
3NGB_HL_G|RH62A,0.9958448,-0.0044095702,4,1
3NGB_HL_G|RH62Q,0.09654992,-0.0033596922,4,1
3NGB_HL_G|RH72A,1.6432176,-0.00381847,4,1
3NGB_HL_G|SL28A,-0.14471176,-0.0036567384,4,1
3NGB_HL_G|TH33A,0.7071634,-0.0035100365,4,1
3NGB_HL_G|TH33Y,0.084193856,-0.00340686,4,1
"3NGB_HL_G|TH33Y,GH56S,AH57G,VH58T,PH63K,VH74T,YH75S",1.9381938,-0.003117158,4,1
3NGB_HL_G|VH58A,1.3584284,-0.004187393,4,1
3NGB_HL_G|VH58T,0.13787223,-0.0041774195,4,1
3NGB_HL_G|VH74A,1.087914,-0.0036578132,4,1
3NGB_HL_G|VH74T,0.16493925,-0.003646708,4,1
3NGB_HL_G|VL1A,-0.7733632,-0.0035697948,4,1
3NGB_HL_G|WH106A,4.0,-0.0037463224,4,1
3NGB_HL_G|WH47A,1.2021707,-0.0031104665,4,1
3NGB_HL_G|WH50A,1.2917941,-0.0039108563,4,1
3NGB_HL_G|YH104A,1.4235861,-0.0038480517,4,1
3NGB_HL_G|YH60A,0.5484263,-0.0044377353,4,1
3NGB_HL_G|YH75A,-0.19932224,-0.0036074622,4,1
3NGB_HL_G|YH75S,0.3325709,-0.004006072,4,1
3NGB_HL_G|YL26A,0.98528093,-0.0038755648,4,1
3NGB_HL_G|YL26S,0.6512687,-0.003652351,4,1
3NGB_HL_G|YL87A,2.0227883,-0.0035991305,4,1
4JPK_HL_A|DA141R,3.857323,-0.0045352355,4,1
"4JPK_HL_A|DA159N,DA33N",0.6189681,-0.0058801714,4,1
4JPK_HL_A|FA144I,1.3875175,-0.004623499,4,1
4JPK_HL_A|FA63L,1.1672868,-0.00408276,4,1
4JPK_HL_A|RA130K,0.23006605,-0.002198075,4,1
4JPK_HL_A|RA81T,0.75870305,-0.0042360313,4,1
4JPK_HL_A|SA41G,2.151695,-0.0045164376,4,1
4JPK_HL_A|TA35S,-0.032093357,-0.005165454,4,1
4JPK_HL_A|VA30N,0.59459484,-0.0039191106,4,1
"1JRH_LH_I|AI49S,II51T,HI55D",0.070675574,-0.017392375,4,2
"1JRH_LH_I|AI85D,KI88R,EI90K",-0.047747865,-0.02213348,4,2
"1JRH_LH_I|AI93L,VI94M",0.63366294,-0.023216734,4,2
1JRH_LH_I|DH56A,1.8860998,-0.019870289,4,2
1JRH_LH_I|DH57A,1.6660647,-0.019780064,4,2
1JRH_LH_I|DH58A,1.8546488,-0.01981925,4,2
1JRH_LH_I|DL28A,0.43464687,-0.021599688,4,2
1JRH_LH_I|EI35Q,0.09956847,-0.019058868,4,2
1JRH_LH_I|EI45A,-0.5657849,-0.019725636,4,2
1JRH_LH_I|EI45P,-3.7881775,-0.019387104,4,2
"1JRH_LH_I|EI45P,II47L",-3.4567804,-0.019395774,4,2
"1JRH_LH_I|EI45P,II47R",-3.4400978,-0.019789498,4,2
1JRH_LH_I|EL27A,0.5426153,-0.0197531,4,2
1JRH_LH_I|FH103A,0.0,-0.01975121,4,2
1JRH_LH_I|GI40A,4.0,-0.019640291,4,2
1JRH_LH_I|HH107A,1.6977708,-0.019672396,4,2
"1JRH_LH_I|II25N,PI27S,VI29T,VI31I",0.14370596,-0.017679393,4,2
1JRH_LH_I|KI37A,3.713863,-0.020486008,4,2
1JRH_LH_I|KI37M,3.2923293,-0.020152505,4,2
1JRH_LH_I|KI42A,3.3858175,-0.019484026,4,2
1JRH_LH_I|KI42M,4.0,-0.019526413,4,2
1JRH_LH_I|KI88A,0.31209365,-0.019886602,4,2
"1JRH_LH_I|MI15L,II18V",-0.21360606,-0.020123243,4,2
1JRH_LH_I|NI38A,0.1704579,-0.01923795,4,2
1JRH_LH_I|NI38Q,0.5344714,-0.019333618,4,2
1JRH_LH_I|NI43A,4.0,-0.019911924,4,2
1JRH_LH_I|NI69A,-0.19953421,-0.019537745,4,2
1JRH_LH_I|RH100A,0.5426153,-0.019645019,4,2
1JRH_LH_I|RI74A,0.3926171,-0.019172195,4,2
1JRH_LH_I|SI44A,0.37771076,-0.020098004,4,2
"1JRH_LH_I|SI44G,EI45G,II47R",-3.3777049,-0.02026616,4,2
"1JRH_LH_I|SI44G,EI45P,II47K",-3.884419,-0.019647194,4,2
"1JRH_LH_I|SI61Y,DI62E,HI63Q,VI64I,GI65M,DI66Y,SI68D,NI69V,LI71A",2.9588323,-0.019163085,4,2
1JRH_LH_I|SL93A,-0.65058374,-0.0190343,4,2
1JRH_LH_I|TI4V,-0.025565991,-0.017648548,4,2
"1JRH_LH_I|TI9L,EI11K",-0.025565991,-0.019545536,4,2
1JRH_LH_I|TL94A,0.38526937,-0.019654453,4,2
1JRH_LH_I|VI41A,1.6791569,-0.019925475,4,2
"1JRH_LH_I|VI73A,RI78K",-0.21360606,-0.018778367,4,2
1JRH_LH_I|WH54A,2.6862645,-0.019854285,4,2
1JRH_LH_I|WH55A,2.4213178,-0.019777622,4,2
1JRH_LH_I|WI46F,-0.25261214,-0.019712308,4,2
1JRH_LH_I|WI46Y,0.29852974,-0.019490182,4,2
1JRH_LH_I|WI72A,4.0,-0.02075389,4,2
1JRH_LH_I|WI72F,1.102707,-0.02006056,4,2
1JRH_LH_I|WI72Y,1.1878273,-0.020087015,4,2
1JRH_LH_I|WL92A,2.818407,-0.020533921,4,2
1JRH_LH_I|WL95A,1.6660647,-0.019647127,4,2
1JRH_LH_I|YH104A,1.0610564,-0.020523738,4,2
1JRH_LH_I|YH32A,1.4333102,-0.019702598,4,2
1JRH_LH_I|YH60A,1.2555921,-0.019701684,4,2
1JRH_LH_I|YI39A,3.5271235,-0.020332415,4,2
1JRH_LH_I|YI39F,0.9087807,-0.01997529,4,2
1JRH_LH_I|YL30A,1.1084566,-0.020853959,4,2
1JRH_LH_I|YL91A,0.58083415,-0.020296957,4,2
1KIQ_AB_C|FB101Y,-2.4949589,-0.02590457,4,2
1XGR_AB_C|IB33A,2.260207,-0.061762214,4,2
1XGR_AB_C|IB33F,-1.8004549,-0.06144099,4,2
1XGR_AB_C|IB33L,0.061315425,-0.061282285,4,2
1XGR_AB_C|IB33V,1.1076277,-0.061690107,4,2
2BDN_HL_A|DH31E,1.0852306,-0.024105407,4,2
2BDN_HL_A|LH27K,0.8740124,-0.023810081,4,2
2BDN_HL_A|LH27R,0.65058374,-0.023624292,4,2
2BDN_HL_A|NH28D,0.13214268,-0.023806833,4,2
2BDN_HL_A|NH28Q,1.3994616,-0.023934897,4,2
2BDN_HL_A|NL31K,3.4897714,-0.02436666,4,2
2BDN_HL_A|NL31R,-0.9171868,-0.024076642,4,2
2BDN_HL_A|SL53D,-0.1605731,-0.023945015,4,2
2BDN_HL_A|SL53E,-0.85132045,-0.023926081,4,2
2BDN_HL_A|TL56D,-0.4254655,-0.023327312,4,2
2BDN_HL_A|TL56E,-0.6888026,-0.023844462,4,2
2BDN_HL_A|YL30K,0.67475796,-0.025963048,4,2
2NYY_DC_A|DA1030A,0.009336901,-0.02264281,4,2
2NYY_DC_A|DA1034A,2.5297937,-0.02162027,4,2
2NYY_DC_A|DC30Y,0.64113563,-0.02135295,4,2
2NYY_DC_A|EA892A,2.839132,-0.021224007,4,2
2NYY_DC_A|ED5Q,-0.2479871,-0.021577578,4,2
2NYY_DC_A|FA889A,0.4193659,-0.022262938,4,2
2NYY_DC_A|FA925A,4.0,-0.021373551,4,2
2NYY_DC_A|HA1036A,4.0,-0.021939097,4,2
2NYY_DC_A|HC34R,0.10088469,-0.0214897,4,2
2NYY_DC_A|IA928A,-0.009487502,-0.022564493,4,2
2NYY_DC_A|KA1028A,-0.028934313,-0.02298241,4,2
2NYY_DC_A|KA875A,0.29098648,-0.020448336,4,2
2NYY_DC_A|KA895A,-0.14014584,-0.022255354,4,2
2NYY_DC_A|KD29R,0.071385965,-0.021497121,4,2
"2NYY_DC_A|KD29S,YD30D,DD31H,SD60P",0.04961051,-0.021744214,4,2
2NYY_DC_A|LA891A,2.5892105,-0.022075878,4,2
2NYY_DC_A|MD33Q,-0.059869844,-0.02136017,4,2
2NYY_DC_A|NA890A,0.89044046,-0.021587592,4,2
2NYY_DC_A|NA926A,0.09934822,-0.021527112,4,2
2NYY_DC_A|QA887A,0.5208145,-0.022095097,4,2
2NYY_DC_A|RA1033A,0.82012254,-0.02140246,4,2
2NYY_DC_A|RA1266A,0.2995321,-0.021133875,4,2
2NYY_DC_A|SA874A,-0.23032175,-0.019903723,4,2
2NYY_DC_A|SA927A,0.0,-0.021645267,4,2
2NYY_DC_A|SC28Q,0.4133828,-0.021447055,4,2
2NYY_DC_A|SC31N,-0.35338265,-0.020824868,4,2
2NYY_DC_A|TA1035A,1.630871,-0.021670695,4,2
2NYY_DC_A|VD36I,-0.21317148,-0.021534406,4,2
"2NYY_DC_A|VD36I,ED5Q",-0.0490461,-0.021561986,4,2
2NYY_DC_A|YD30D,0.06462482,-0.022029724,4,2
2NYY_DC_A|YD30Q,0.12897444,-0.022474838,4,2
2NYY_DC_A|YD56Q,0.5196862,-0.022277078,4,2
2NZ9_DC_A|DA1030A,-0.031082604,-0.023127448,4,2
2NZ9_DC_A|DA1034A,2.3396032,-0.022662265,4,2
2NZ9_DC_A|EA892A,2.77036,-0.02232463,4,2
2NZ9_DC_A|FA889A,-0.04961051,-0.023204878,4,2
2NZ9_DC_A|FA925A,3.340439,-0.022392113,4,2
2NZ9_DC_A|HA1036A,4.0,-0.022955755,4,2
2NZ9_DC_A|IA928A,0.069281444,-0.023544224,4,2
2NZ9_DC_A|KA1028A,-0.008714417,-0.023497488,4,2
2NZ9_DC_A|KA875A,0.5407011,-0.021700429,4,2
2NZ9_DC_A|KA895A,-0.29975358,-0.023284992,4,2
2NZ9_DC_A|LA891A,2.279965,-0.022985328,4,2
2NZ9_DC_A|NA890A,2.1600318,-0.022736851,4,2
2NZ9_DC_A|NA926A,-0.15216734,-0.022557817,4,2
2NZ9_DC_A|QA887A,0.09926054,-0.023007512,4,2
2NZ9_DC_A|RA1033A,0.29088098,-0.022447757,4,2
2NZ9_DC_A|RA1266A,0.39015788,-0.022186888,4,2
2NZ9_DC_A|SA874A,-0.11948046,-0.021202447,4,2
2NZ9_DC_A|SA927A,-0.078544825,-0.022684958,4,2
"2NZ9_DC_A|SD29K,DD30Y,HD31D",-0.04961051,-0.022351384,4,2
2NZ9_DC_A|TA1035A,2.3703818,-0.022694156,4,2
2VIS_AB_C|IC89T,-4.0,-0.025508376,4,2
"3BE1_HL_A|DL28N,PL30A,RL31K,SL32T,TL97S,TL98S",-0.6860794,-0.022335988,4,2
"3BE1_HL_A|DL28N,PL30A,RL31K,SL32T,TL97S,TL98S,KH30S,DH31G,TH54S,NH55E,GH100V,DH102V",-2.7728782,-0.022111604,4,2
"3BE1_HL_A|DL28N,PL30A,RL31K,SL32T,TL97S,TL98S,KH30S,DH31G,TH54S,NH55E,GH100V,DH102V,YL36A",-3.190238,-0.022055704,4,2
"3BE1_HL_A|DL28N,PL30A,RL31K,SL32T,TL97S,TL98S,KH30S,DH31G,TH54S,NH55E,GH100V,DH102V,YL36A,IL33A",-2.7728782,-0.022001704,4,2
"3BE1_HL_A|DL28N,PL30A,RL31K,SL32T,YL57F,TL97S,TL98S",-0.8683455,-0.022574501,4,2
"3BE1_HL_A|DL28N,PL30A,RL31K,SL32T,YL57F,TL97S,TL98S,KH30S,DH31G,TH54S,NH55E,GH100V,DH102V",-2.8824897,-0.022359535,4,2
3LZF_AB_HL|DA187E,0.49836498,-0.022371087,4,2
"3LZF_AB_HL|DA187E,DA222G",0.12738612,-0.022779353,4,2
3LZF_AB_HL|DA222G,0.5378587,-0.021614283,4,2
3NGB_HL_G|AH57G,-0.056030333,-0.024999768,4,2
"3NGB_HL_G|AH57G,VH58T,PH63K,VH74T",1.6734211,-0.024828188,4,2
"3NGB_HL_G|CH32S,CH102A",0.25899792,-0.024940573,4,2
3NGB_HL_G|DH103A,0.05987142,-0.024919482,4,2
3NGB_HL_G|EL88A,1.3199503,-0.025215408,4,2
3NGB_HL_G|FL89A,0.85886127,-0.025309553,4,2
3NGB_HL_G|GH55A,-1.2766591,-0.026357215,4,2
3NGB_HL_G|GH55S,0.74304354,-0.027716,4,2
3NGB_HL_G|GH56A,1.2656107,-0.024542715,4,2
3NGB_HL_G|IH30A,-0.0027431613,-0.025315266,4,2
3NGB_HL_G|IH30T,0.0733938,-0.025580209,4,2
"3NGB_HL_G|IH30T,KH52N,RH54N,GH55S,AH57G,VH58T,RH62Q,PH63K,VH74T,YH75S,YL26S",0.86214453,-0.029769734,4,2
3NGB_HL_G|KH52A,0.62288266,-0.02499837,4,2
3NGB_HL_G|KH52N,0.17497002,-0.025218975,4,2
3NGB_HL_G|MH70A,0.5305512,-0.025201358,4,2
3NGB_HL_G|NH105A,1.1185741,-0.025194073,4,2
3NGB_HL_G|NH59A,1.7671243,-0.025387207,4,2
3NGB_HL_G|PH63A,-0.04252045,-0.025057364,4,2
3NGB_HL_G|PH63K,0.23252328,-0.024682414,4,2
3NGB_HL_G|QH65A,-0.34038836,-0.024763934,4,2
3NGB_HL_G|QL25A,-0.23060839,-0.02508707,4,2
3NGB_HL_G|RH54A,-0.25938424,-0.026556889,4,2
3NGB_HL_G|RH54N,0.04645046,-0.024862787,4,2
3NGB_HL_G|RH62A,0.9958448,-0.02602864,4,2
3NGB_HL_G|RH62Q,0.09654992,-0.024729993,4,2
3NGB_HL_G|RH72A,1.6432176,-0.02512896,4,2
3NGB_HL_G|SL28A,-0.14471176,-0.025119454,4,2
3NGB_HL_G|TH33A,0.7071634,-0.0253133,4,2
3NGB_HL_G|TH33Y,0.084193856,-0.025162842,4,2
"3NGB_HL_G|TH33Y,GH56S,AH57G,VH58T,PH63K,VH74T,YH75S",1.9381938,-0.02733706,4,2
3NGB_HL_G|VH58A,1.3584284,-0.024856232,4,2
3NGB_HL_G|VH58T,0.13787223,-0.024956383,4,2
3NGB_HL_G|VH74A,1.087914,-0.02562258,4,2
3NGB_HL_G|VH74T,0.16493925,-0.025521563,4,2
3NGB_HL_G|VL1A,-0.7733632,-0.025449913,4,2
3NGB_HL_G|WH106A,4.0,-0.025394563,4,2
3NGB_HL_G|WH47A,1.2021707,-0.024651833,4,2
3NGB_HL_G|WH50A,1.2917941,-0.02456005,4,2
3NGB_HL_G|YH104A,1.4235861,-0.025575198,4,2
3NGB_HL_G|YH60A,0.5484263,-0.025200441,4,2
3NGB_HL_G|YH75A,-0.19932224,-0.025819782,4,2
3NGB_HL_G|YH75S,0.3325709,-0.027863646,4,2
3NGB_HL_G|YL26A,0.98528093,-0.025326177,4,2
3NGB_HL_G|YL26S,0.6512687,-0.025333866,4,2
3NGB_HL_G|YL87A,2.0227883,-0.02520901,4,2
4JPK_HL_A|DA141R,3.857323,-0.028520016,4,2
"4JPK_HL_A|DA159N,DA33N",0.6189681,-0.030036366,4,2
4JPK_HL_A|FA144I,1.3875175,-0.030006817,4,2
4JPK_HL_A|FA63L,1.1672868,-0.029507294,4,2
4JPK_HL_A|RA130K,0.23006605,-0.027921697,4,2
4JPK_HL_A|RA81T,0.75870305,-0.028815417,4,2
4JPK_HL_A|SA41G,2.151695,-0.028494017,4,2
4JPK_HL_A|TA35S,-0.032093357,-0.02826879,4,2
4JPK_HL_A|VA30N,0.59459484,-0.02967263,4,2
