row_id,ddg_true,ddg_pred,fold,seed
1AHW_AB_C|DC167A,-0.4845926,2.3721507,0,0
"1AHW_AB_C|KC138A,DC139A",1.1814722,2.4402714,0,0
"1AHW_AB_C|KC154A,KC155A",-1.329712,1.7443786,0,0
1AHW_AB_C|LC165A,0.9869364,0.468041,0,0
1AHW_AB_C|NC188A,1.0782224,1.3825113,0,0
"1AHW_AB_C|TC110A,KC111A",0.6388569,1.3670611,0,0
1AHW_AB_C|TC156A,-0.07411996,0.7808641,0,0
1AHW_AB_C|TC159A,1.105771,2.2712288,0,0
1AHW_AB_C|TC186A,1.345882,0.489801,0,0
1AHW_AB_C|VC187A,-0.31423107,0.4945932,0,0
1AHW_AB_C|YC146A,-1.8890098,1.9384639,0,0
1BJ1_HL_VW|HH101Y,-1.5835956,-2.0300987,0,0
"1BJ1_HL_VW|HH101Y,YH103I,GH104A,SH105K",-0.43125325,-0.71823865,0,0
"1BJ1_HL_VW|HH101Y,YH103R,GH104N,SH105T",-0.7626503,-1.2717589,0,0
"1BJ1_HL_VW|HH101Y,YH103R,SH105T",-1.173123,-2.0879514,0,0
1BJ1_HL_VW|HH107A,0.78965265,-0.06432347,0,0
"1BJ1_HL_VW|LH72I,TH74K",0.076517485,0.983146,0,0
"1BJ1_HL_VW|LH72V,TH74V",0.6706598,0.5866689,0,0
"1BJ1_HL_VW|ML4L,TH28D,NH31H,HH101Y,SH105T",-1.52138,-2.3340285,0,0
1BJ1_HL_VW|NH31H,-0.7626503,0.09774571,0,0
1BJ1_HL_VW|SH105T,-0.39039657,-0.16737969,0,0
1BJ1_HL_VW|TH28D,-0.22003505,-0.28100222,0,0
"1BJ1_HL_VW|TH28D,NH31H",-0.6929008,-0.31228304,0,0
"1BJ1_HL_VW|TH28D,NH31H,YH54W,HH101Y,SH105T",-1.2034981,-2.1131217,0,0
1BJ1_HL_VW|TH59A,0.85066694,0.7730688,0,0
1BJ1_HL_VW|YH27A,2.2425284,0.464795,0,0
1BJ1_HL_VW|YH54A,1.3276595,1.186855,0,0
1BJ1_HL_VW|YH54W,-0.13726985,0.12390898,0,0
1BJ1_HL_VW|YH99A,4.0,0.80846846,0,0
1DQJ_AB_C|DB32A,2.0134337,0.64333516,0,0
"1DQJ_AB_C|DB32A,KC97A",1.1223834,0.18461093,0,0
1DQJ_AB_C|DC101A,1.3765504,1.4199674,0,0
1DQJ_AB_C|KC96A,4.0,0.5237345,0,0
1DQJ_AB_C|KC97A,3.5197058,0.052832402,0,0
1DQJ_AB_C|LC75A,1.452407,0.353424,0,0
1DQJ_AB_C|NA31A,2.0134337,2.0324457,0,0
1DQJ_AB_C|NA32A,4.0,1.4096309,0,0
"1DQJ_AB_C|NA32A,KC96A",4.0,2.2895138,0,0
1DQJ_AB_C|NC93A,0.64987326,0.16483435,0,0
1DQJ_AB_C|RC21A,1.2137709,0.4969232,0,0
1DQJ_AB_C|SA91A,1.4318883,0.44411308,0,0
"1DQJ_AB_C|SA91A,RC21A",3.1707318,0.55050117,0,0
"1DQJ_AB_C|SA91A,YC20A",3.573092,0.29257655,0,0
1DQJ_AB_C|SC100A,0.7755829,1.190532,0,0
1DQJ_AB_C|TC89A,0.84084374,0.70330524,0,0
1DQJ_AB_C|WB98A,4.0,2.8128407,0,0
"1DQJ_AB_C|WB98A,KC97A",4.0,1.3419869,0,0
"1DQJ_AB_C|WB98A,SC100A",4.0,4.788211,0,0
"1DQJ_AB_C|WB98A,YC20A",4.0,2.921713,0,0
1DQJ_AB_C|WC62A,0.7580786,1.0796189,0,0
1DQJ_AB_C|WC63A,1.3462692,1.4676837,0,0
1DQJ_AB_C|YA50A,2.678299,1.3296013,0,0
1DQJ_AB_C|YA96A,1.135051,1.0827063,0,0
"1DQJ_AB_C|YA96A,RC21A",3.4851997,1.4086398,0,0
"1DQJ_AB_C|YA96A,SC100A",0.91344726,2.3701236,0,0
1DQJ_AB_C|YB33A,4.0,3.0297399,0,0
1DQJ_AB_C|YB50A,4.0,1.7450088,0,0
1DQJ_AB_C|YB53A,1.1802781,0.71730226,0,0
"1DQJ_AB_C|YB53A,DC101A",2.727121,2.0098767,0,0
"1DQJ_AB_C|YB53A,LC75A",1.2168618,0.45914114,0,0
"1DQJ_AB_C|YB53A,WC62A",1.286308,1.5247809,0,0
"1DQJ_AB_C|YB53A,WC63A",2.1992323,2.722737,0,0
1DQJ_AB_C|YC20A,3.2857084,0.44123465,0,0
1XGT_AB_C|LB33A,2.1988916,2.4763,0,0
1XGT_AB_C|LB33F,-1.8617703,-2.2947419,0,0
1XGT_AB_C|LB33I,-0.061315425,-0.15109716,0,0
1XGT_AB_C|LB33V,1.0463123,1.1161243,0,0
"3BDY_HL_V|DL28N,PL30A,RL31K,SL32T,TL97S,TL98S",-0.9690793,-0.7542712,0,0
"3BDY_HL_V|DL28N,PL30A,RL31K,SL32T,TL97S,TL98S,KH31S,DH32G,TH55S,NH56E,GH101V,DH103V",-2.7154896,-2.5523221,0,0
"3BDY_HL_V|DL28N,PL30A,RL31K,SL32T,TL97S,TL98S,KH31S,DH32G,TH55S,NH56E,GH101V,DH103V,RH51A,RH60A",-2.7728782,-2.2554827,0,0
"3BDY_HL_V|DL28N,PL30A,RL31K,SL32T,YL57F,TL97S,TL98S",-0.97316396,-0.95677966,0,0
"3BDY_HL_V|DL28N,PL30A,RL31K,SL32T,YL57F,TL97S,TL98S,KH31S,DH32G,TH55S,NH56E,GH101V,DH103V",-2.727121,-2.7797315,0,0
3HFM_HL_Y|DH32A,1.8982269,0.47447133,0,0
"3HFM_HL_Y|DH32A,KY97A",4.0,0.29950923,0,0
"3HFM_HL_Y|DH32A,KY97M",1.1234494,0.50391614,0,0
3HFM_HL_Y|DH32N,0.17036153,0.07620087,0,0
"3HFM_HL_Y|DH32N,KY97A",4.0,0.17061572,0,0
"3HFM_HL_Y|DH32N,KY97M",0.3025042,0.38727468,0,0
3HFM_HL_Y|DY101A,1.2081919,1.1788664,0,0
3HFM_HL_Y|DY101E,2.132881,0.62937266,0,0
3HFM_HL_Y|DY101F,2.3282614,0.5107872,0,0
3HFM_HL_Y|DY101G,0.35884774,0.49552697,0,0
3HFM_HL_Y|DY101K,2.1245396,1.3824092,0,0
3HFM_HL_Y|DY101N,1.4911126,1.0323254,0,0
3HFM_HL_Y|DY101Q,2.0851746,0.43692434,0,0
3HFM_HL_Y|DY101R,2.2798727,1.1341745,0,0
3HFM_HL_Y|DY101S,1.8694,0.61676407,0,0
3HFM_HL_Y|GY102V,0.395285,0.5418203,0,0
3HFM_HL_Y|HY15A,-0.4453172,0.3151366,0,0
3HFM_HL_Y|IY98A,0.0,0.032354645,0,0
3HFM_HL_Y|KY96A,4.0,0.55851996,0,0
3HFM_HL_Y|KY96M,4.0,0.7087235,0,0
3HFM_HL_Y|KY96R,4.0,0.15941024,0,0
3HFM_HL_Y|KY97A,4.0,0.1490876,0,0
3HFM_HL_Y|KY97D,4.0,0.10632415,0,0
3HFM_HL_Y|KY97E,3.6045077,0.091151364,0,0
3HFM_HL_Y|KY97G,4.0,-0.055370465,0,0
3HFM_HL_Y|KY97M,0.9469717,0.30433083,0,0
3HFM_HL_Y|KY97R,3.0528512,-0.046388462,0,0
3HFM_HL_Y|LY75A,0.70445603,0.06834637,0,0
3HFM_HL_Y|NL31A,4.0,2.308603,0,0
"3HFM_HL_Y|NL31A,KY96A",4.0,3.4760776,0,0
3HFM_HL_Y|NL31D,1.3434845,0.2982028,0,0
3HFM_HL_Y|NL31E,4.0,0.6083275,0,0
3HFM_HL_Y|NL32A,4.0,0.9556433,0,0
3HFM_HL_Y|NY19D,0.41047263,0.097770244,0,0
3HFM_HL_Y|NY19K,0.2401111,0.66934,0,0
3HFM_HL_Y|NY19Q,-0.042485796,0.11747958,0,0
3HFM_HL_Y|NY93A,0.21121821,0.44743383,0,0
3HFM_HL_Y|QL53A,0.9530879,-0.17383845,0,0
3HFM_HL_Y|RY21A,0.8618019,0.6814427,0,0
3HFM_HL_Y|RY21E,2.4534352,0.08262705,0,0
3HFM_HL_Y|RY21G,2.4220753,0.037446626,0,0
3HFM_HL_Y|RY21H,2.1693182,-0.2373253,0,0
3HFM_HL_Y|RY21K,1.766342,0.23683959,0,0
3HFM_HL_Y|RY21M,2.0498905,1.1252451,0,0
3HFM_HL_Y|RY21N,2.3282614,0.3855468,0,0
3HFM_HL_Y|RY21Q,2.3975346,-0.43163186,0,0
3HFM_HL_Y|RY21W,2.132881,0.28226936,0,0
3HFM_HL_Y|RY73A,-0.3313971,0.30495012,0,0
3HFM_HL_Y|SH31A,0.17036153,0.4452995,0,0
3HFM_HL_Y|SY100A,0.26765963,0.71499383,0,0
3HFM_HL_Y|TY89A,0.0,0.8512154,0,0
3HFM_HL_Y|WH98A,4.0,2.4250784,0,0
"3HFM_HL_Y|WH98A,KY96A",4.0,3.5638165,0,0
3HFM_HL_Y|WH98F,3.245562,0.5041423,0,0
"3HFM_HL_Y|WH98F,YY20A",4.0,2.2295752,0,0
3HFM_HL_Y|WY63A,0.31918663,1.836747,0,0
3HFM_HL_Y|YH33A,4.0,2.8477423,0,0
"3HFM_HL_Y|YH33A,KY97A",4.0,2.3998322,0,0
3HFM_HL_Y|YH33F,1.0712212,-1.3059472,0,0
3HFM_HL_Y|YH33L,2.0069382,0.51822686,0,0
3HFM_HL_Y|YH33W,1.7495645,0.64550143,0,0
3HFM_HL_Y|YH50A,4.0,1.9399624,0,0
"3HFM_HL_Y|YH50A,RY21A",4.0,2.522558,0,0
3HFM_HL_Y|YH50F,1.6099914,0.21883157,0,0
3HFM_HL_Y|YH50L,2.8488367,0.4627989,0,0
3HFM_HL_Y|YH53A,3.25038,1.3172727,0,0
3HFM_HL_Y|YH53F,0.62049925,0.68582374,0,0
3HFM_HL_Y|YH53L,0.8068894,0.89412546,0,0
3HFM_HL_Y|YH53W,0.7061819,0.27249807,0,0
3HFM_HL_Y|YH58A,1.6760437,2.4770555,0,0
3HFM_HL_Y|YH58F,0.36312544,0.60476506,0,0
3HFM_HL_Y|YH58L,1.5136731,1.7062424,0,0
3HFM_HL_Y|YL50A,4.0,0.97242755,0,0
"3HFM_HL_Y|YL50A,KY96A",4.0,1.7575217,0,0
"3HFM_HL_Y|YL50A,KY97A",4.0,0.76730627,0,0
"3HFM_HL_Y|YL50A,RY21A",4.0,1.816403,0,0
3HFM_HL_Y|YL50F,2.3548672,0.38127512,0,0
"3HFM_HL_Y|YL50F,RY21A",4.0,1.1333461,0,0
"3HFM_HL_Y|YL50F,YY20A",4.0,1.3469907,0,0
3HFM_HL_Y|YL50L,4.0,0.09942934,0,0
3HFM_HL_Y|YL96A,2.707045,1.2691808,0,0
"3HFM_HL_Y|YL96A,RY21A",4.0,1.8746347,0,0
3HFM_HL_Y|YL96F,1.4017794,0.8450981,0,0
"3HFM_HL_Y|YL96F,RY21A",4.0,1.5359273,0,0
3HFM_HL_Y|YY20A,4.0,0.82310456,0,0
3HFM_HL_Y|YY20F,-0.4839681,0.13083112,0,0
3HFM_HL_Y|YY20L,2.1845057,0.6750627,0,0
3SE9_HL_G|DH77A,-0.7664817,0.2754265,0,0
3SE9_HL_G|EL90A,0.41735974,1.1468176,0,0
3SE9_HL_G|FL91A,0.023615688,0.580061,0,0
3SE9_HL_G|GH106A,-0.3075798,0.6523539,0,0
3SE9_HL_G|GH107A,-0.6151596,0.34477812,0,0
3SE9_HL_G|GH109A,0.18514356,0.70565057,0,0
3SE9_HL_G|GH57A,0.4524448,0.7042332,0,0
3SE9_HL_G|GH62A,0.04634,0.79560024,0,0
3SE9_HL_G|GL29A,0.46369976,0.8963385,0,0
3SE9_HL_G|LH34A,0.56599987,1.6771524,0,0
3SE9_HL_G|LL89A,0.964243,0.891002,0,0
3SE9_HL_G|NH60A,1.5217615,2.0442884,0,0
3SE9_HL_G|PH64A,-0.4419396,-0.22363879,0,0
3SE9_HL_G|RH67A,1.4695449,0.14422674,0,0
3SE9_HL_G|RH74A,2.6792572,1.9426149,0,0
3SE9_HL_G|RH76A,-0.2322162,0.8198418,0,0
3SE9_HL_G|TH105A,-0.4419396,0.057829905,0,0
3SE9_HL_G|TH56A,-0.85929936,0.7503851,0,0
3SE9_HL_G|VH55A,-0.85929936,0.061796788,0,0
3SE9_HL_G|VH59A,0.9833596,1.5766859,0,0
3SE9_HL_G|VL3A,-0.49433115,0.5002824,0,0
3SE9_HL_G|WH48A,1.0584464,1.1633704,0,0
3SE9_HL_G|WH51A,1.275695,1.8735006,0,0
3SE9_HL_G|YH104A,0.46369976,1.0471545,0,0
3SE9_HL_G|YL28A,1.1177194,0.70346266,0,0
4U6H_AB_E|NE21A,-0.3480795,0.88055235,0,0
4U6H_AB_E|QE25A,0.11883454,1.3133957,0,0
4ZS6_HL_A|EA156A,3.0386665,0.8141096,0,0
4ZS6_HL_A|YA160A,-0.11025046,3.5429327,0,0
1AHW_AB_C|DC167A,-0.4845926,1.4329026,0,1
"1AHW_AB_C|KC138A,DC139A",1.1814722,0.9770735,0,1
"1AHW_AB_C|KC154A,KC155A",-1.329712,1.0365186,0,1
1AHW_AB_C|LC165A,0.9869364,0.45691043,0,1
1AHW_AB_C|NC188A,1.0782224,1.4065871,0,1
"1AHW_AB_C|TC110A,KC111A",0.6388569,1.2184392,0,1
1AHW_AB_C|TC156A,-0.07411996,0.571286,0,1
1AHW_AB_C|TC159A,1.105771,2.2903695,0,1
1AHW_AB_C|TC186A,1.345882,0.114135,0,1
1AHW_AB_C|VC187A,-0.31423107,0.0048619173,0,1
1AHW_AB_C|YC146A,-1.8890098,1.6754904,0,1
1BJ1_HL_VW|HH101Y,-1.5835956,-1.985564,0,1
"1BJ1_HL_VW|HH101Y,YH103I,GH104A,SH105K",-0.43125325,-0.1724892,0,1
"1BJ1_HL_VW|HH101Y,YH103R,GH104N,SH105T",-0.7626503,-0.49262244,0,1
"1BJ1_HL_VW|HH101Y,YH103R,SH105T",-1.173123,-1.2078023,0,1
1BJ1_HL_VW|HH107A,0.78965265,0.31869447,0,1
"1BJ1_HL_VW|LH72I,TH74K",0.076517485,0.9236718,0,1
"1BJ1_HL_VW|LH72V,TH74V",0.6706598,0.17907085,0,1
"1BJ1_HL_VW|ML4L,TH28D,NH31H,HH101Y,SH105T",-1.52138,-2.3034303,0,1
1BJ1_HL_VW|NH31H,-0.7626503,0.15758291,0,1
1BJ1_HL_VW|SH105T,-0.39039657,0.023240399,0,1
1BJ1_HL_VW|TH28D,-0.22003505,-0.2714128,0,1
"1BJ1_HL_VW|TH28D,NH31H",-0.6929008,-0.29213017,0,1
"1BJ1_HL_VW|TH28D,NH31H,YH54W,HH101Y,SH105T",-1.2034981,-1.1687737,0,1
1BJ1_HL_VW|TH59A,0.85066694,0.6073601,0,1
1BJ1_HL_VW|YH27A,2.2425284,1.152177,0,1
1BJ1_HL_VW|YH54A,1.3276595,0.56541175,0,1
1BJ1_HL_VW|YH54W,-0.13726985,0.27268577,0,1
1BJ1_HL_VW|YH99A,4.0,1.4238374,0,1
1DQJ_AB_C|DB32A,2.0134337,0.66258633,0,1
"1DQJ_AB_C|DB32A,KC97A",1.1223834,0.257361,0,1
1DQJ_AB_C|DC101A,1.3765504,1.529519,0,1
1DQJ_AB_C|KC96A,4.0,0.82631075,0,1
1DQJ_AB_C|KC97A,3.5197058,0.03669943,0,1
1DQJ_AB_C|LC75A,1.452407,1.0089023,0,1
1DQJ_AB_C|NA31A,2.0134337,1.6123114,0,1
1DQJ_AB_C|NA32A,4.0,1.4037799,0,1
"1DQJ_AB_C|NA32A,KC96A",4.0,2.295945,0,1
1DQJ_AB_C|NC93A,0.64987326,0.33713603,0,1
1DQJ_AB_C|RC21A,1.2137709,0.5072044,0,1
1DQJ_AB_C|SA91A,1.4318883,1.4012502,0,1
"1DQJ_AB_C|SA91A,RC21A",3.1707318,1.7935084,0,1
"1DQJ_AB_C|SA91A,YC20A",3.573092,2.322653,0,1
1DQJ_AB_C|SC100A,0.7755829,1.2222502,0,1
1DQJ_AB_C|TC89A,0.84084374,1.273112,0,1
1DQJ_AB_C|WB98A,4.0,2.1158485,0,1
"1DQJ_AB_C|WB98A,KC97A",4.0,0.6881296,0,1
"1DQJ_AB_C|WB98A,SC100A",4.0,3.712129,0,1
"1DQJ_AB_C|WB98A,YC20A",4.0,2.9594743,0,1
1DQJ_AB_C|WC62A,0.7580786,0.38876536,0,1
1DQJ_AB_C|WC63A,1.3462692,1.4070877,0,1
1DQJ_AB_C|YA50A,2.678299,1.2021202,0,1
1DQJ_AB_C|YA96A,1.135051,1.6261581,0,1
"1DQJ_AB_C|YA96A,RC21A",3.4851997,1.8500092,0,1
"1DQJ_AB_C|YA96A,SC100A",0.91344726,3.2676816,0,1
1DQJ_AB_C|YB33A,4.0,3.2954185,0,1
1DQJ_AB_C|YB50A,4.0,1.2501533,0,1
1DQJ_AB_C|YB53A,1.1802781,0.8708197,0,1
"1DQJ_AB_C|YB53A,DC101A",2.727121,1.9121745,0,1
"1DQJ_AB_C|YB53A,LC75A",1.2168618,1.518563,0,1
"1DQJ_AB_C|YB53A,WC62A",1.286308,0.44313815,0,1
"1DQJ_AB_C|YB53A,WC63A",2.1992323,1.8920646,0,1
1DQJ_AB_C|YC20A,3.2857084,1.2748574,0,1
1XGT_AB_C|LB33A,2.1988916,2.1442678,0,1
1XGT_AB_C|LB33F,-1.8617703,-2.1586142,0,1
1XGT_AB_C|LB33I,-0.061315425,-0.28492466,0,1
1XGT_AB_C|LB33V,1.0463123,1.270103,0,1
"3BDY_HL_V|DL28N,PL30A,RL31K,SL32T,TL97S,TL98S",-0.9690793,-1.5760233,0,1
"3BDY_HL_V|DL28N,PL30A,RL31K,SL32T,TL97S,TL98S,KH31S,DH32G,TH55S,NH56E,GH101V,DH103V",-2.7154896,-3.2469583,0,1
"3BDY_HL_V|DL28N,PL30A,RL31K,SL32T,TL97S,TL98S,KH31S,DH32G,TH55S,NH56E,GH101V,DH103V,RH51A,RH60A",-2.7728782,-3.0127912,0,1
"3BDY_HL_V|DL28N,PL30A,RL31K,SL32T,YL57F,TL97S,TL98S",-0.97316396,-1.4003745,0,1
"3BDY_HL_V|DL28N,PL30A,RL31K,SL32T,YL57F,TL97S,TL98S,KH31S,DH32G,TH55S,NH56E,GH101V,DH103V",-2.727121,-3.177859,0,1
3HFM_HL_Y|DH32A,1.8982269,0.4485738,0,1
"3HFM_HL_Y|DH32A,KY97A",4.0,-0.11316284,0,1
"3HFM_HL_Y|DH32A,KY97M",1.1234494,-0.01270384,0,1
3HFM_HL_Y|DH32N,0.17036153,0.19221286,0,1
"3HFM_HL_Y|DH32N,KY97A",4.0,-0.06668815,0,1
"3HFM_HL_Y|DH32N,KY97M",0.3025042,0.07704761,0,1
3HFM_HL_Y|DY101A,1.2081919,0.50041133,0,1
3HFM_HL_Y|DY101E,2.132881,0.3029127,0,1
3HFM_HL_Y|DY101F,2.3282614,0.22221707,0,1
3HFM_HL_Y|DY101G,0.35884774,0.35293558,0,1
3HFM_HL_Y|DY101K,2.1245396,0.65007234,0,1
3HFM_HL_Y|DY101N,1.4911126,0.39633167,0,1
3HFM_HL_Y|DY101Q,2.0851746,0.24661113,0,1
3HFM_HL_Y|DY101R,2.2798727,0.44163364,0,1
3HFM_HL_Y|DY101S,1.8694,0.15759447,0,1
3HFM_HL_Y|GY102V,0.395285,0.48475692,0,1
3HFM_HL_Y|HY15A,-0.4453172,0.18316329,0,1
3HFM_HL_Y|IY98A,0.0,0.5219586,0,1
3HFM_HL_Y|KY96A,4.0,0.73611695,0,1
3HFM_HL_Y|KY96M,4.0,0.13329941,0,1
3HFM_HL_Y|KY96R,4.0,-0.09511999,0,1
3HFM_HL_Y|KY97A,4.0,0.029140353,0,1
3HFM_HL_Y|KY97D,4.0,0.07414575,0,1
3HFM_HL_Y|KY97E,3.6045077,0.089274585,0,1
3HFM_HL_Y|KY97G,4.0,-0.052680787,0,1
3HFM_HL_Y|KY97M,0.9469717,0.11994204,0,1
3HFM_HL_Y|KY97R,3.0528512,0.01702128,0,1
3HFM_HL_Y|LY75A,0.70445603,0.22729139,0,1
3HFM_HL_Y|NL31A,4.0,0.9213116,0,1
"3HFM_HL_Y|NL31A,KY96A",4.0,2.023566,0,1
3HFM_HL_Y|NL31D,1.3434845,0.34757295,0,1
3HFM_HL_Y|NL31E,4.0,0.54651105,0,1
3HFM_HL_Y|NL32A,4.0,0.99114573,0,1
3HFM_HL_Y|NY19D,0.41047263,0.0046825167,0,1
3HFM_HL_Y|NY19K,0.2401111,0.4804452,0,1
3HFM_HL_Y|NY19Q,-0.042485796,-0.06465712,0,1
3HFM_HL_Y|NY93A,0.21121821,0.51756537,0,1
3HFM_HL_Y|QL53A,0.9530879,0.0071207155,0,1
3HFM_HL_Y|RY21A,0.8618019,0.76836777,0,1
3HFM_HL_Y|RY21E,2.4534352,0.08934575,0,1
3HFM_HL_Y|RY21G,2.4220753,0.3061386,0,1
3HFM_HL_Y|RY21H,2.1693182,-0.4309862,0,1
3HFM_HL_Y|RY21K,1.766342,0.7730718,0,1
3HFM_HL_Y|RY21M,2.0498905,0.45461184,0,1
3HFM_HL_Y|RY21N,2.3282614,0.32415527,0,1
3HFM_HL_Y|RY21Q,2.3975346,-0.40360156,0,1
3HFM_HL_Y|RY21W,2.132881,0.40077758,0,1
3HFM_HL_Y|RY73A,-0.3313971,0.4479526,0,1
3HFM_HL_Y|SH31A,0.17036153,0.2611846,0,1
3HFM_HL_Y|SY100A,0.26765963,0.65739137,0,1
3HFM_HL_Y|TY89A,0.0,1.2251952,0,1
3HFM_HL_Y|WH98A,4.0,1.3060361,0,1
"3HFM_HL_Y|WH98A,KY96A",4.0,1.8921521,0,1
3HFM_HL_Y|WH98F,3.245562,0.3606172,0,1
"3HFM_HL_Y|WH98F,YY20A",4.0,1.4882421,0,1
3HFM_HL_Y|WY63A,0.31918663,1.8284811,0,1
3HFM_HL_Y|YH33A,4.0,3.2276146,0,1
"3HFM_HL_Y|YH33A,KY97A",4.0,1.9364406,0,1
3HFM_HL_Y|YH33F,1.0712212,-0.33017063,0,1
3HFM_HL_Y|YH33L,2.0069382,1.0195305,0,1
3HFM_HL_Y|YH33W,1.7495645,1.0543575,0,1
3HFM_HL_Y|YH50A,4.0,1.4456415,0,1
"3HFM_HL_Y|YH50A,RY21A",4.0,2.2157803,0,1
3HFM_HL_Y|YH50F,1.6099914,0.36412144,0,1
3HFM_HL_Y|YH50L,2.8488367,0.75780874,0,1
3HFM_HL_Y|YH53A,3.25038,0.81744677,0,1
3HFM_HL_Y|YH53F,0.62049925,0.67536515,0,1
3HFM_HL_Y|YH53L,0.8068894,0.6770372,0,1
3HFM_HL_Y|YH53W,0.7061819,0.44484794,0,1
3HFM_HL_Y|YH58A,1.6760437,1.9387817,0,1
3HFM_HL_Y|YH58F,0.36312544,0.7811884,0,1
3HFM_HL_Y|YH58L,1.5136731,1.3957484,0,1
3HFM_HL_Y|YL50A,4.0,0.8914095,0,1
"3HFM_HL_Y|YL50A,KY96A",4.0,1.7497876,0,1
"3HFM_HL_Y|YL50A,KY97A",4.0,0.09560104,0,1
"3HFM_HL_Y|YL50A,RY21A",4.0,1.4444156,0,1
3HFM_HL_Y|YL50F,2.3548672,0.38488683,0,1
"3HFM_HL_Y|YL50F,RY21A",4.0,0.94063795,0,1
"3HFM_HL_Y|YL50F,YY20A",4.0,1.6198702,0,1
3HFM_HL_Y|YL50L,4.0,0.20985265,0,1
3HFM_HL_Y|YL96A,2.707045,1.8003021,0,1
"3HFM_HL_Y|YL96A,RY21A",4.0,2.3563828,0,1
3HFM_HL_Y|YL96F,1.4017794,0.60755515,0,1
"3HFM_HL_Y|YL96F,RY21A",4.0,1.458964,0,1
3HFM_HL_Y|YY20A,4.0,1.2185545,0,1
3HFM_HL_Y|YY20F,-0.4839681,0.26391226,0,1
3HFM_HL_Y|YY20L,2.1845057,1.0539416,0,1
3SE9_HL_G|DH77A,-0.7664817,0.20487618,0,1
3SE9_HL_G|EL90A,0.41735974,1.3904381,0,1
3SE9_HL_G|FL91A,0.023615688,0.41480023,0,1
3SE9_HL_G|GH106A,-0.3075798,0.31024182,0,1
3SE9_HL_G|GH107A,-0.6151596,0.25911045,0,1
3SE9_HL_G|GH109A,0.18514356,0.75061417,0,1
3SE9_HL_G|GH57A,0.4524448,0.3321595,0,1
3SE9_HL_G|GH62A,0.04634,0.84518397,0,1
3SE9_HL_G|GL29A,0.46369976,0.563856,0,1
3SE9_HL_G|LH34A,0.56599987,1.6812744,0,1
3SE9_HL_G|LL89A,0.964243,1.6463753,0,1
3SE9_HL_G|NH60A,1.5217615,1.9335327,0,1
3SE9_HL_G|PH64A,-0.4419396,0.19836007,0,1
3SE9_HL_G|RH67A,1.4695449,0.376388,0,1
3SE9_HL_G|RH74A,2.6792572,1.7044213,0,1
3SE9_HL_G|RH76A,-0.2322162,1.5246601,0,1
3SE9_HL_G|TH105A,-0.4419396,0.43217325,0,1
3SE9_HL_G|TH56A,-0.85929936,0.7886417,0,1
3SE9_HL_G|VH55A,-0.85929936,0.13745628,0,1
3SE9_HL_G|VH59A,0.9833596,1.6433964,0,1
3SE9_HL_G|VL3A,-0.49433115,0.12778515,0,1
3SE9_HL_G|WH48A,1.0584464,1.483905,0,1
3SE9_HL_G|WH51A,1.275695,1.6288807,0,1
3SE9_HL_G|YH104A,0.46369976,0.8052345,0,1
3SE9_HL_G|YL28A,1.1177194,0.5552404,0,1
4U6H_AB_E|NE21A,-0.3480795,0.6541718,0,1
4U6H_AB_E|QE25A,0.11883454,1.4877354,0,1
4ZS6_HL_A|EA156A,3.0386665,0.7862557,0,1
4ZS6_HL_A|YA160A,-0.11025046,2.563077,0,1
1AHW_AB_C|DC167A,-0.4845926,0.22574937,0,2
"1AHW_AB_C|KC138A,DC139A",1.1814722,0.27275696,0,2
"1AHW_AB_C|KC154A,KC155A",-1.329712,0.23332758,0,2
1AHW_AB_C|LC165A,0.9869364,0.24374233,0,2
1AHW_AB_C|NC188A,1.0782224,0.09552349,0,2
"1AHW_AB_C|TC110A,KC111A",0.6388569,0.29808208,0,2
1AHW_AB_C|TC156A,-0.07411996,0.084260866,0,2
1AHW_AB_C|TC159A,1.105771,0.2100648,0,2
1AHW_AB_C|TC186A,1.345882,0.046510667,0,2
1AHW_AB_C|VC187A,-0.31423107,0.11636944,0,2
1AHW_AB_C|YC146A,-1.8890098,0.24824762,0,2
1BJ1_HL_VW|HH101Y,-1.5835956,-0.16452426,0,2
"1BJ1_HL_VW|HH101Y,YH103I,GH104A,SH105K",-0.43125325,0.026171368,0,2
"1BJ1_HL_VW|HH101Y,YH103R,GH104N,SH105T",-0.7626503,0.13669685,0,2
"1BJ1_HL_VW|HH101Y,YH103R,SH105T",-1.173123,0.037029743,0,2
1BJ1_HL_VW|HH107A,0.78965265,0.083843194,0,2
"1BJ1_HL_VW|LH72I,TH74K",0.076517485,0.022165978,0,2
"1BJ1_HL_VW|LH72V,TH74V",0.6706598,-0.08645174,0,2
"1BJ1_HL_VW|ML4L,TH28D,NH31H,HH101Y,SH105T",-1.52138,-0.14890598,0,2
1BJ1_HL_VW|NH31H,-0.7626503,-0.078297555,0,2
1BJ1_HL_VW|SH105T,-0.39039657,-0.0030212011,0,2
1BJ1_HL_VW|TH28D,-0.22003505,-0.078679346,0,2
"1BJ1_HL_VW|TH28D,NH31H",-0.6929008,-0.093735114,0,2
"1BJ1_HL_VW|TH28D,NH31H,YH54W,HH101Y,SH105T",-1.2034981,-0.14482513,0,2
1BJ1_HL_VW|TH59A,0.85066694,0.045822285,0,2
1BJ1_HL_VW|YH27A,2.2425284,0.17079264,0,2
1BJ1_HL_VW|YH54A,1.3276595,0.3376432,0,2
1BJ1_HL_VW|YH54W,-0.13726985,0.08046378,0,2
1BJ1_HL_VW|YH99A,4.0,0.16517283,0,2
1DQJ_AB_C|DB32A,2.0134337,0.05427894,0,2
"1DQJ_AB_C|DB32A,KC97A",1.1223834,0.13790832,0,2
1DQJ_AB_C|DC101A,1.3765504,0.30777758,0,2
1DQJ_AB_C|KC96A,4.0,0.16144544,0,2
1DQJ_AB_C|KC97A,3.5197058,0.059809983,0,2
1DQJ_AB_C|LC75A,1.452407,0.29454046,0,2
1DQJ_AB_C|NA31A,2.0134337,0.06284841,0,2
1DQJ_AB_C|NA32A,4.0,0.2376048,0,2
"1DQJ_AB_C|NA32A,KC96A",4.0,0.43177906,0,2
1DQJ_AB_C|NC93A,0.64987326,0.07945027,0,2
1DQJ_AB_C|RC21A,1.2137709,0.15734455,0,2
1DQJ_AB_C|SA91A,1.4318883,-0.029974995,0,2
"1DQJ_AB_C|SA91A,RC21A",3.1707318,0.151803,0,2
"1DQJ_AB_C|SA91A,YC20A",3.573092,0.20735683,0,2
1DQJ_AB_C|SC100A,0.7755829,0.07512348,0,2
1DQJ_AB_C|TC89A,0.84084374,0.09453559,0,2
1DQJ_AB_C|WB98A,4.0,0.17833668,0,2
"1DQJ_AB_C|WB98A,KC97A",4.0,0.2438412,0,2
"1DQJ_AB_C|WB98A,SC100A",4.0,0.26920933,0,2
"1DQJ_AB_C|WB98A,YC20A",4.0,0.3120303,0,2
1DQJ_AB_C|WC62A,0.7580786,0.18201047,0,2
1DQJ_AB_C|WC63A,1.3462692,0.31325468,0,2
1DQJ_AB_C|YA50A,2.678299,0.3318816,0,2
1DQJ_AB_C|YA96A,1.135051,0.2529518,0,2
"1DQJ_AB_C|YA96A,RC21A",3.4851997,0.39547646,0,2
"1DQJ_AB_C|YA96A,SC100A",0.91344726,0.35425234,0,2
1DQJ_AB_C|YB33A,4.0,0.07338729,0,2
1DQJ_AB_C|YB50A,4.0,0.33696842,0,2
1DQJ_AB_C|YB53A,1.1802781,0.34084043,0,2
"1DQJ_AB_C|YB53A,DC101A",2.727121,0.5793984,0,2
"1DQJ_AB_C|YB53A,LC75A",1.2168618,0.691864,0,2
"1DQJ_AB_C|YB53A,WC62A",1.286308,0.45131555,0,2
"1DQJ_AB_C|YB53A,WC63A",2.1992323,0.52293366,0,2
1DQJ_AB_C|YC20A,3.2857084,0.17262246,0,2
1XGT_AB_C|LB33A,2.1988916,-0.027199568,0,2
1XGT_AB_C|LB33F,-1.8617703,-0.12442277,0,2
1XGT_AB_C|LB33I,-0.061315425,-0.05744884,0,2
1XGT_AB_C|LB33V,1.0463123,-0.008310569,0,2
"3BDY_HL_V|DL28N,PL30A,RL31K,SL32T,TL97S,TL98S",-0.9690793,0.29100397,0,2
"3BDY_HL_V|DL28N,PL30A,RL31K,SL32T,TL97S,TL98S,KH31S,DH32G,TH55S,NH56E,GH101V,DH103V",-2.7154896,-0.15101723,0,2
"3BDY_HL_V|DL28N,PL30A,RL31K,SL32T,TL97S,TL98S,KH31S,DH32G,TH55S,NH56E,GH101V,DH103V,RH51A,RH60A",-2.7728782,0.13848238,0,2
"3BDY_HL_V|DL28N,PL30A,RL31K,SL32T,YL57F,TL97S,TL98S",-0.97316396,0.41830495,0,2
"3BDY_HL_V|DL28N,PL30A,RL31K,SL32T,YL57F,TL97S,TL98S,KH31S,DH32G,TH55S,NH56E,GH101V,DH103V",-2.727121,-0.023917103,0,2
3HFM_HL_Y|DH32A,1.8982269,0.032860726,0,2
"3HFM_HL_Y|DH32A,KY97A",4.0,0.15073183,0,2
"3HFM_HL_Y|DH32A,KY97M",1.1234494,0.038948894,0,2
3HFM_HL_Y|DH32N,0.17036153,0.046226516,0,2
"3HFM_HL_Y|DH32N,KY97A",4.0,0.16275641,0,2
"3HFM_HL_Y|DH32N,KY97M",0.3025042,0.05922821,0,2
3HFM_HL_Y|DY101A,1.2081919,0.17585962,0,2
3HFM_HL_Y|DY101E,2.132881,0.05750151,0,2
3HFM_HL_Y|DY101F,2.3282614,0.07756633,0,2
3HFM_HL_Y|DY101G,0.35884774,-0.09759756,0,2
3HFM_HL_Y|DY101K,2.1245396,0.23872444,0,2
3HFM_HL_Y|DY101N,1.4911126,0.12037245,0,2
3HFM_HL_Y|DY101Q,2.0851746,0.12759705,0,2
3HFM_HL_Y|DY101R,2.2798727,0.21486373,0,2
3HFM_HL_Y|DY101S,1.8694,0.14811653,0,2
3HFM_HL_Y|GY102V,0.395285,0.14981794,0,2
3HFM_HL_Y|HY15A,-0.4453172,0.11293729,0,2
3HFM_HL_Y|IY98A,0.0,0.05570703,0,2
3HFM_HL_Y|KY96A,4.0,0.1053086,0,2
3HFM_HL_Y|KY96M,4.0,-0.011942042,0,2
3HFM_HL_Y|KY96R,4.0,0.008239344,0,2
3HFM_HL_Y|KY97A,4.0,0.08771205,0,2
3HFM_HL_Y|KY97D,4.0,0.0001831688,0,2
3HFM_HL_Y|KY97E,3.6045077,-0.04940737,0,2
3HFM_HL_Y|KY97G,4.0,-0.16356716,0,2
3HFM_HL_Y|KY97M,0.9469717,-0.012489378,0,2
3HFM_HL_Y|KY97R,3.0528512,-0.01684645,0,2
3HFM_HL_Y|LY75A,0.70445603,0.19236186,0,2
3HFM_HL_Y|NL31A,4.0,-0.0043278206,0,2
"3HFM_HL_Y|NL31A,KY96A",4.0,0.13136825,0,2
3HFM_HL_Y|NL31D,1.3434845,0.019000877,0,2
3HFM_HL_Y|NL31E,4.0,-0.050438806,0,2
3HFM_HL_Y|NL32A,4.0,0.16816914,0,2
3HFM_HL_Y|NY19D,0.41047263,0.03595145,0,2
3HFM_HL_Y|NY19K,0.2401111,0.10790691,0,2
3HFM_HL_Y|NY19Q,-0.042485796,0.03736216,0,2
3HFM_HL_Y|NY93A,0.21121821,0.06554281,0,2
3HFM_HL_Y|QL53A,0.9530879,0.19382866,0,2
3HFM_HL_Y|RY21A,0.8618019,0.13116983,0,2
3HFM_HL_Y|RY21E,2.4534352,0.07891229,0,2
3HFM_HL_Y|RY21G,2.4220753,-0.10116106,0,2
3HFM_HL_Y|RY21H,2.1693182,0.099535026,0,2
3HFM_HL_Y|RY21K,1.766342,0.09296118,0,2
3HFM_HL_Y|RY21M,2.0498905,0.05034835,0,2
3HFM_HL_Y|RY21N,2.3282614,0.11756187,0,2
3HFM_HL_Y|RY21Q,2.3975346,0.030491102,0,2
3HFM_HL_Y|RY21W,2.132881,0.052653074,0,2
3HFM_HL_Y|RY73A,-0.3313971,0.0964839,0,2
3HFM_HL_Y|SH31A,0.17036153,-0.10287878,0,2
3HFM_HL_Y|SY100A,0.26765963,0.09165998,0,2
3HFM_HL_Y|TY89A,0.0,0.057934634,0,2
3HFM_HL_Y|WH98A,4.0,0.14929265,0,2
"3HFM_HL_Y|WH98A,KY96A",4.0,0.28005424,0,2
3HFM_HL_Y|WH98F,3.245562,-0.0140686445,0,2
"3HFM_HL_Y|WH98F,YY20A",4.0,0.1591119,0,2
3HFM_HL_Y|WY63A,0.31918663,0.26454598,0,2
3HFM_HL_Y|YH33A,4.0,0.07373048,0,2
"3HFM_HL_Y|YH33A,KY97A",4.0,0.13615121,0,2
3HFM_HL_Y|YH33F,1.0712212,0.004161844,0,2
3HFM_HL_Y|YH33L,2.0069382,0.0167074,0,2
3HFM_HL_Y|YH33W,1.7495645,-0.008614587,0,2
3HFM_HL_Y|YH50A,4.0,0.23573956,0,2
"3HFM_HL_Y|YH50A,RY21A",4.0,0.36156657,0,2
3HFM_HL_Y|YH50F,1.6099914,0.09823773,0,2
3HFM_HL_Y|YH50L,2.8488367,0.14066693,0,2
3HFM_HL_Y|YH53A,3.25038,0.26082993,0,2
3HFM_HL_Y|YH53F,0.62049925,0.07503092,0,2
3HFM_HL_Y|YH53L,0.8068894,0.14164358,0,2
3HFM_HL_Y|YH53W,0.7061819,0.014511996,0,2
3HFM_HL_Y|YH58A,1.6760437,0.28652295,0,2
3HFM_HL_Y|YH58F,0.36312544,0.07675311,0,2
3HFM_HL_Y|YH58L,1.5136731,0.19338572,0,2
3HFM_HL_Y|YL50A,4.0,0.2720423,0,2
"3HFM_HL_Y|YL50A,KY96A",4.0,0.33773795,0,2
"3HFM_HL_Y|YL50A,KY97A",4.0,0.31224707,0,2
"3HFM_HL_Y|YL50A,RY21A",4.0,0.39713904,0,2
3HFM_HL_Y|YL50F,2.3548672,0.099618174,0,2
"3HFM_HL_Y|YL50F,RY21A",4.0,0.260026,0,2
"3HFM_HL_Y|YL50F,YY20A",4.0,0.24338883,0,2
3HFM_HL_Y|YL50L,4.0,0.19878441,0,2
3HFM_HL_Y|YL96A,2.707045,0.25085786,0,2
"3HFM_HL_Y|YL96A,RY21A",4.0,0.35260493,0,2
3HFM_HL_Y|YL96F,1.4017794,0.070843674,0,2
"3HFM_HL_Y|YL96F,RY21A",4.0,0.21533662,0,2
3HFM_HL_Y|YY20A,4.0,0.17723677,0,2
3HFM_HL_Y|YY20F,-0.4839681,-0.009573894,0,2
3HFM_HL_Y|YY20L,2.1845057,0.0959916,0,2
3SE9_HL_G|DH77A,-0.7664817,0.06777372,0,2
3SE9_HL_G|EL90A,0.41735974,0.11229705,0,2
3SE9_HL_G|FL91A,0.023615688,0.2578355,0,2
3SE9_HL_G|GH106A,-0.3075798,0.08023291,0,2
3SE9_HL_G|GH107A,-0.6151596,-0.0739712,0,2
3SE9_HL_G|GH109A,0.18514356,0.09456735,0,2
3SE9_HL_G|GH57A,0.4524448,0.025576452,0,2
3SE9_HL_G|GH62A,0.04634,0.09100925,0,2
3SE9_HL_G|GL29A,0.46369976,0.01086066,0,2
3SE9_HL_G|LH34A,0.56599987,0.15208887,0,2
3SE9_HL_G|LL89A,0.964243,0.3467554,0,2
3SE9_HL_G|NH60A,1.5217615,0.2926995,0,2
3SE9_HL_G|PH64A,-0.4419396,-0.10613748,0,2
3SE9_HL_G|RH67A,1.4695449,0.11407989,0,2
3SE9_HL_G|RH74A,2.6792572,0.07236398,0,2
3SE9_HL_G|RH76A,-0.2322162,0.13337508,0,2
3SE9_HL_G|TH105A,-0.4419396,-0.040733144,0,2
3SE9_HL_G|TH56A,-0.85929936,0.10839239,0,2
3SE9_HL_G|VH55A,-0.85929936,0.15096796,0,2
3SE9_HL_G|VH59A,0.9833596,0.36242443,0,2
3SE9_HL_G|VL3A,-0.49433115,0.11867027,0,2
3SE9_HL_G|WH48A,1.0584464,0.15759929,0,2
3SE9_HL_G|WH51A,1.275695,0.31647885,0,2
3SE9_HL_G|YH104A,0.46369976,0.31952295,0,2
3SE9_HL_G|YL28A,1.1177194,0.10392991,0,2
4U6H_AB_E|NE21A,-0.3480795,0.20817316,0,2
4U6H_AB_E|QE25A,0.11883454,0.23663904,0,2
4ZS6_HL_A|EA156A,3.0386665,0.21260242,0,2
4ZS6_HL_A|YA160A,-0.11025046,0.1649769,0,2
1KIP_AB_C|AB32Y,-0.8005932,-1.5312353,1,0
1XGU_AB_C|FB33A,4.0,1.9921634,1,0
1XGU_AB_C|FB33I,1.8004549,1.3159705,1,0
1XGU_AB_C|FB33L,1.8617703,0.9648316,1,0
1XGU_AB_C|FB33V,2.9080825,1.5203655,1,0
2B2X_HL_A|EH64K,-0.033433665,0.442791,1,0
"2B2X_HL_A|EH64K,QL28S,YL52N",0.911615,0.9163727,1,0
"2B2X_HL_A|EH64K,QL28S,YL52N,GH102S",2.7106705,1.2641755,1,0
"2B2X_HL_A|EH64K,QL28S,YL52N,SH35A",3.119054,1.9828719,1,0
"2B2X_HL_A|EH64K,QL28S,YL52N,SH35V",3.770335,2.0486212,1,0
"2B2X_HL_A|EH64K,YL52N",0.34853002,0.76167417,1,0
"2B2X_HL_A|QL28S,YL52N",0.8626942,0.3623758,1,0
2B2X_HL_A|VH50T,0.024054652,-0.4083445,1,0
"2B2X_HL_A|VH50T,EH64D,QL28S,YL52N",0.87177193,0.42632985,1,0
"2B2X_HL_A|VH50T,EH64K,QL28S",0.991589,0.65539855,1,0
"2B2X_HL_A|VH50T,EH64K,QL28S,YL52D",1.5439764,0.71353424,1,0
"2B2X_HL_A|VH50T,EH64K,QL28S,YL52E",0.95452905,0.85381436,1,0
"2B2X_HL_A|VH50T,EH64K,QL28S,YL52K",1.7007239,1.490784,1,0
"2B2X_HL_A|VH50T,EH64K,QL28S,YL52N",1.043214,0.9544549,1,0
"2B2X_HL_A|VH50T,EH64K,QL28S,YL52N,FH99W",1.043214,0.7900826,1,0
"2B2X_HL_A|VH50T,EH64K,QL28S,YL52N,FH99Y",1.7978828,0.5878015,1,0
"2B2X_HL_A|VH50T,EH64K,QL28S,YL52N,GH100F",1.4322319,1.071523,1,0
"2B2X_HL_A|VH50T,EH64K,QL28S,YL52N,GH100L",3.770335,1.7016565,1,0
"2B2X_HL_A|VH50T,EH64K,QL28S,YL52N,GH100M",1.145348,1.3779173,1,0
"2B2X_HL_A|VH50T,EH64K,QL28S,YL52N,GH100S",1.6009614,1.3645334,1,0
"2B2X_HL_A|VH50T,EH64K,QL28S,YL52N,GH53A",1.5558206,1.5495638,1,0
"2B2X_HL_A|VH50T,EH64K,QL28S,YL52N,GH53N",2.2985272,1.4202663,1,0
"2B2X_HL_A|VH50T,EH64K,QL28S,YL52N,GH53S",1.7188073,1.3096741,1,0
"2B2X_HL_A|VH50T,EH64K,QL28S,YL52N,GH54I",2.4067745,1.6231537,1,0
"2B2X_HL_A|VH50T,EH64K,QL28S,YL52N,GH54T",2.2073808,1.7710106,1,0
"2B2X_HL_A|VH50T,EH64K,QL28S,YL52N,GH54Y",1.043214,0.87684774,1,0
"2B2X_HL_A|VH50T,EH64K,QL28S,YL52N,GL92Q",2.6158988,1.492584,1,0
"2B2X_HL_A|VH50T,EH64K,QL28S,YL52N,GL92S",1.5558206,1.2090242,1,0
"2B2X_HL_A|VH50T,EH64K,QL28S,YL52N,HL31K",2.2073808,1.8067317,1,0
"2B2X_HL_A|VH50T,EH64K,QL28S,YL52N,HL31R",2.1670115,0.87086153,1,0
"2B2X_HL_A|VH50T,EH64K,QL28S,YL52N,HL31W",2.2985272,0.9418105,1,0
"2B2X_HL_A|VH50T,EH64K,QL28S,YL52N,LH60D",0.981894,0.85976267,1,0
"2B2X_HL_A|VH50T,EH64K,QL28S,YL52N,LL49F",1.7554936,0.7590828,1,0
"2B2X_HL_A|VH50T,EH64K,QL28S,YL52N,LL49K",1.9044149,1.2641356,1,0
"2B2X_HL_A|VH50T,EH64K,QL28S,YL52N,LL49W",2.9507816,0.77917695,1,0
"2B2X_HL_A|VH50T,EH64K,QL28S,YL52N,NL30V",2.0925434,1.2850074,1,0
"2B2X_HL_A|VH50T,EH64K,QL28S,YL52N,NL30W",2.6158988,1.1171939,1,0
"2B2X_HL_A|VH50T,EH64K,QL28S,YL52N,NL30Y",2.9507816,0.7526499,1,0
"2B2X_HL_A|VH50T,EH64K,QL28S,YL52N,NL30Y,SL91I",1.4775821,0.74124116,1,0
"2B2X_HL_A|VH50T,EH64K,QL28S,YL52N,RH31Q",2.350542,1.0586216,1,0
"2B2X_HL_A|VH50T,EH64K,QL28S,YL52N,SH35A",2.6158988,2.065459,1,0
"2B2X_HL_A|VH50T,EH64K,QL28S,YL52N,SH35A,GH102S",2.6158988,2.3218467,1,0
"2B2X_HL_A|VH50T,EH64K,QL28S,YL52N,SH35Q",3.770335,2.0598912,1,0
"2B2X_HL_A|VH50T,EH64K,QL28S,YL52N,SH35V,GH102S",2.4688888,2.4128819,1,0
"2B2X_HL_A|VH50T,EH64K,QL28S,YL52N,SH52M",3.119054,1.2115958,1,0
"2B2X_HL_A|VH50T,EH64K,QL28S,YL52N,SL24R",0.82788163,0.8127091,1,0
"2B2X_HL_A|VH50T,EH64K,QL28S,YL52N,SL91Q",2.8172472,1.2142959,1,0
"2B2X_HL_A|VH50T,EH64K,QL28S,YL52N,SL91R",3.770335,0.92798185,1,0
"2B2X_HL_A|VH50T,EH64K,QL28S,YL52N,SL91R,NL30E",3.770335,1.1950176,1,0
"2B2X_HL_A|VH50T,EH64K,QL28S,YL52N,SL91T",3.3598623,1.1534842,1,0
"2B2X_HL_A|VH50T,EH64K,QL28S,YL52N,TH33E,GH53Q",2.7106705,1.6009527,1,0
"2B2X_HL_A|VH50T,EH64K,QL28S,YL52N,TH33I,SH52T,GH53N,GH54N",2.9507816,2.2616217,1,0
"2B2X_HL_A|VH50T,EH64K,QL28S,YL52N,TH33I,SH52T,GH53Q,GH54F",2.2985272,2.665661,1,0
"2B2X_HL_A|VH50T,EH64K,QL28S,YL52N,TH33N",3.770335,1.0321176,1,0
"2B2X_HL_A|VH50T,EH64K,QL28S,YL52N,TH33V",1.4775821,0.96478343,1,0
"2B2X_HL_A|VH50T,EH64K,QL28S,YL52N,WL90Q",3.119054,1.9847364,1,0
"2B2X_HL_A|VH50T,EH64K,QL28S,YL52N,WL90Q,FL33Y",1.914233,1.6797304,1,0
"2B2X_HL_A|VH50T,EH64K,QL28S,YL52N,YH58E",3.119054,1.667457,1,0
"2B2X_HL_A|VH50T,EH64K,QL28S,YL52N,YH58Q",3.119054,2.0973732,1,0
"2B2X_HL_A|VH50T,EH64K,QL28S,YL52N,YH58W",1.8641591,1.1843183,1,0
"2B2X_HL_A|VH50T,EH64K,QL28S,YL52N,YH59E",1.5872209,1.4619764,1,0
"2B2X_HL_A|VH50T,EH64K,QL28S,YL52R",1.8880546,0.8986168,1,0
"2B2X_HL_A|VH50T,EH64K,YL52N",0.28173435,0.8094911,1,0
"2B2X_HL_A|VH50T,EH64N,QL28S,YL52N",1.0069425,0.5932729,1,0
"2B2X_HL_A|VH50T,EH64Q,QL28S,YL52N",0.96559924,0.5930987,1,0
"2B2X_HL_A|VH50T,EH64Q,QL28S,YL52N,LH60D",1.0862032,0.50469315,1,0
"2B2X_HL_A|VH50T,QL28S,YL52N",0.96559924,0.38742912,1,0
"2B2X_HL_A|VH50T,QL28S,YL52N,LH60D",0.90141344,0.23991379,1,0
"2B2X_HL_A|VH50T,YL52N",0.18636756,0.20738372,1,0
2B2X_HL_A|YL52E,-0.22410508,0.20822501,1,0
2VIR_AB_C|SC115L,3.680209,0.6385237,1,0
2VIR_AB_C|TC89I,4.0,2.1621816,1,0
"3G6D_LH_A|EL3V,GL76R,TL77V,QL78E,EL80G",0.13981691,0.20386773,1,0
"3G6D_LH_A|EL3V,GL76R,TL77V,QL78E,EL80G,DH54N",0.111178115,0.34950596,1,0
"3G6D_LH_A|EL3V,GL76R,TL77V,QL78E,EL80G,TL89S,ML92I,VL93D,TL94K",0.27145106,-0.3660916,1,0
3G6D_LH_A|HH104A,-0.9530879,0.33954415,1,0
"3G6D_LH_A|KH210T,KH215T",-0.13294782,0.24240193,1,0
"3G6D_LH_A|TL89S,ML92I,VL93D,TL94K",0.7979767,-0.34568352,1,0
3G6D_LH_A|WH105A,-1.4965084,1.5951777,1,0
"3IDX_HL_G|CG27I,CG242Q",-2.4650376,0.021689229,1,0
"3IDX_HL_G|CG27I,CG242Q,MG247A",-2.1736174,-0.027599007,1,0
"3IDX_HL_G|KG85C,EG121C,CG27I,CG242Q",-2.3776865,0.2602259,1,0
"3IDX_HL_G|KG85C,EG121C,WG13M,MG247A,CG14W,CG129V,CG27I,CG242Q",-2.1922898,0.018353447,1,0
"3IDX_HL_G|KG85C,EG122C,WG13M,MG247A,CG14W,CG129V,CG27I,CG242Q",-2.2927184,-0.077808775,1,0
"3IDX_HL_G|TG41C,GG245C,MG247A",0.40945426,0.098734066,1,0
"3IDX_HL_G|TG41C,GG245C,WG13M,MG247A,CG14W,CG129V,CG27I,CG242Q",-2.3310676,-0.3529066,1,0
"3IDX_HL_G|WG13M,MG247A,CG14W,CG129V",-0.6475391,0.41318312,1,0
"3IDX_HL_G|WG13M,MG247A,CG14W,CG129V,CG27I,CG242Q",-2.3479884,0.2793755,1,0
"3IDX_HL_G|WG13M,MG247A,CG14W,CG129V,KG85C,EG121C",-0.36166522,0.18043052,1,0
"3IDX_HL_G|WG13M,SG111T,WG200S,MG247A,CG14W,CG129V,CG27I,CG242Q",-1.8639641,0.1118115,1,0
"3L5X_A_HL|EL93F,YL94G",-0.42800838,0.38213024,1,0
"3L5X_A_HL|EL93H,YL94G",-0.7626503,0.42696682,1,0
"3L5X_A_HL|HL91P,NL92I,EL93D,YL94A",-0.6466697,1.1653242,1,0
"3L5X_A_HL|HL91P,NL92L,EL93D,YL94S",-0.6327897,1.0697386,1,0
"3L5X_A_HL|HL91P,NL92L,EL93D,YL94T",-0.81005055,1.2881904,1,0
"3L5X_A_HL|HL91P,NL92L,EL93D,YL94V",-0.85822237,1.1264509,1,0
"3L5X_A_HL|HL91P,NL92L,YL94A",-0.44441348,1.2865102,1,0
"3L5X_A_HL|HL91Q,NL92D,EL93I,YL94G",-1.5503801,0.8584787,1,0
"3L5X_A_HL|HL91Q,NL92D,EL93L,YL94G",-1.785132,0.7708576,1,0
"3L5X_A_HL|HL91Q,NL92D,EL93Y,YL94G",-1.451453,-0.31270614,1,0
"3L5X_A_HL|NL92D,EL93L,YL94G",-0.42962858,0.4327369,1,0
"3L5X_A_HL|NL92D,EL93N,YL94S",-0.53403836,0.57564807,1,0
"3L5X_A_HL|NL92D,EL93P,YL94G",-1.4699602,0.55203116,1,0
"3L5X_A_HL|NL92D,EL93R,YL94D",-0.52253926,0.007144578,1,0
"3L5X_A_HL|NL92D,EL93W,YL94E",-1.1963489,-0.23659894,1,0
"3L5X_A_HL|NL92D,EL93W,YL94G",-1.6825228,-0.32054147,1,0
"3L5X_A_HL|NL92D,EL93W,YL94S",-0.71612674,-0.0021934435,1,0
"3L5X_A_HL|NL92D,EL93Y,YL94A",-0.8069743,0.1137231,1,0
"3L5X_A_HL|NL92E,EL93S,YL94G",-1.2653587,0.03977681,1,0
"3L5X_A_HL|NL92E,EL93W,YL94G",-1.5503801,-0.32019863,1,0
"3L5X_A_HL|NL92F,EL93W,YL94G",-1.2329907,-0.24626413,1,0
"3L5X_A_HL|NL92L,EL93D,YL94S",-0.6170473,0.7910584,1,0
"3L5X_A_HL|NL92L,EL93L,YL94G",-0.6259698,0.61429524,1,0
"3L5X_A_HL|NL92L,EL93M,YL94G",-0.82567644,0.5693799,1,0
"3L5X_A_HL|NL92L,EL93N,YL94G",-0.6954369,0.4761031,1,0
"3L5X_A_HL|NL92S,EL93H,YL94G",-1.2457265,0.32069644,1,0
"3L5X_A_HL|NL92S,EL93I,YL94G",-0.8069743,0.6662649,1,0
"3L5X_A_HL|NL92S,EL93S,YL94G",-0.24921271,0.22333723,1,0
"3L5X_A_HL|NL92S,EL93V,YL94G",-0.51687235,0.53830093,1,0
"3L5X_A_HL|NL92S,EL93W,YL94A",-0.30302802,0.3151428,1,0
"3L5X_A_HL|NL92S,EL93W,YL94G",-1.2720501,-0.10677341,1,0
"3L5X_A_HL|NL92S,EL93Y,YL94G",-0.9641868,-0.18837902,1,0
"3L5X_A_HL|NL92V,EL93G,YL94G",-0.46300006,-0.062921144,1,0
"3L5X_A_HL|NL92V,EL93W,YL94G",-0.83525383,-0.072997354,1,0
3L5X_A_HL|YL94A,-0.82885176,0.9779748,1,0
3N85_A_LH|SH32A,-0.13401966,0.75856364,1,0
3N85_A_LH|SH32Y,0.0571225,-0.6178605,1,0
3N85_A_LH|SH50G,0.48767117,-0.41760665,1,0
3N85_A_LH|SH52Y,-0.78460336,-1.131573,1,0
3N85_A_LH|WH100F,-0.015185109,0.63049346,1,0
3N85_A_LH|WH30K,-0.78460336,0.81659436,1,0
3N85_A_LH|WH30R,-0.5539675,-0.107392244,1,0
3N85_A_LH|WL91F,0.13959166,0.8530487,1,0
3N85_A_LH|WL94Y,-0.03871881,-0.71771115,1,0
3SE8_HL_G|DH110A,-0.38934898,0.5166205,1,0
3SE8_HL_G|DH114A,-0.2441398,0.71862185,1,0
3SE8_HL_G|DL49A,0.8558488,1.3917949,1,0
3SE8_HL_G|EL1A,-0.5565174,0.37579995,1,0
3SE8_HL_G|EL91A,1.513491,1.1873411,1,0
3SE8_HL_G|FH115A,1.0676043,0.1261149,1,0
3SE8_HL_G|FL90A,-0.8640972,1.1802056,1,0
3SE8_HL_G|FL92A,0.8323254,0.5248289,1,0
3SE8_HL_G|GH56A,0.3570972,0.97426647,1,0
3SE8_HL_G|KH52A,1.1114144,0.22888318,1,0
3SE8_HL_G|LH54A,0.054776184,0.39935234,1,0
3SE8_HL_G|NL30A,0.19434923,1.0405815,1,0
3SE8_HL_G|PH78A,0.01881787,0.19213074,1,0
3SE8_HL_G|PH81A,-0.07091986,-0.09327201,1,0
3SE8_HL_G|QH63A,1.1144251,0.6998918,1,0
3SE8_HL_G|QH65A,0.54980505,0.6418566,1,0
3SE8_HL_G|QH76A,0.09689985,0.3505478,1,0
3SE8_HL_G|QL27A,-0.21612903,0.1530224,1,0
3SE8_HL_G|RH30A,-0.03949762,0.87917167,1,0
3SE8_HL_G|RH62A,1.2061691,0.994079,1,0
3SE8_HL_G|RH72A,2.6444623,1.3888636,1,0
3SE8_HL_G|SH59A,1.1508402,1.0168971,1,0
3SE8_HL_G|VH58A,1.2496852,0.6272657,1,0
3SE8_HL_G|WH47A,1.4751467,1.5290729,1,0
3SE8_HL_G|WH50A,1.333526,2.0178466,1,0
3SE8_HL_G|WH55A,0.7611056,1.1426928,1,0
3SE8_HL_G|YH111A,0.82992166,0.9932865,1,0
3SE8_HL_G|YH60A,0.8558488,1.2350698,1,0
4KRL_A_B|DB112A,0.6496817,1.1127534,1,0
5C6T_HL_A|EA194A,1.0906719,0.82058597,1,0
5C6T_HL_A|FA192A,1.9972014,2.3762023,1,0
5C6T_HL_A|FA199A,2.7581792,1.9802839,1,0
5C6T_HL_A|FA200A,0.41047263,1.6698838,1,0
5C6T_HL_A|FH99A,1.4600298,0.21389318,1,0
5C6T_HL_A|IA201A,0.88561165,0.30745217,1,0
5C6T_HL_A|NA183A,0.28399685,1.2459394,1,0
5C6T_HL_A|NA186A,0.3630724,-0.20373946,1,0
5C6T_HL_A|NA188A,-0.36658686,1.035526,1,0
"5C6T_HL_A|NA195A,DA197A",0.58650106,1.2105069,1,0
5C6T_HL_A|NH97A,1.5258962,0.87802404,1,0
5C6T_HL_A|RH31S,0.3115454,0.14374134,1,0
5C6T_HL_A|RL48A,0.1229613,1.4248571,1,0
5C6T_HL_A|SH32A,-0.8683455,0.5530263,1,0
5C6T_HL_A|TA185A,0.33786914,0.79017735,1,0
5C6T_HL_A|YA182A,3.2083547,1.3952069,1,0
"5C6T_HL_A|YA182A,NA195A,DA197A",2.942425,2.0143242,1,0
5C6T_HL_A|YH104A,0.3630724,0.95657164,1,0
5C6T_HL_A|YH98A,1.7166799,1.7741438,1,0
5C6T_HL_A|YL47A,0.5516565,2.0317132,1,0
1KIP_AB_C|AB32Y,-0.8005932,-1.696834,1,1
1XGU_AB_C|FB33A,4.0,3.8995671,1,1
1XGU_AB_C|FB33I,1.8004549,1.4515551,1,1
1XGU_AB_C|FB33L,1.8617703,1.8142176,1,1
1XGU_AB_C|FB33V,2.9080825,2.7483306,1,1
2B2X_HL_A|EH64K,-0.033433665,0.41539016,1,1
"2B2X_HL_A|EH64K,QL28S,YL52N",0.911615,0.5959234,1,1
"2B2X_HL_A|EH64K,QL28S,YL52N,GH102S",2.7106705,1.0291724,1,1
"2B2X_HL_A|EH64K,QL28S,YL52N,SH35A",3.119054,1.9290738,1,1
"2B2X_HL_A|EH64K,QL28S,YL52N,SH35V",3.770335,1.9596965,1,1
"2B2X_HL_A|EH64K,YL52N",0.34853002,0.87076384,1,1
"2B2X_HL_A|QL28S,YL52N",0.8626942,0.24664964,1,1
2B2X_HL_A|VH50T,0.024054652,-0.3617258,1,1
"2B2X_HL_A|VH50T,EH64D,QL28S,YL52N",0.87177193,0.20144673,1,1
"2B2X_HL_A|VH50T,EH64K,QL28S",0.991589,0.11711657,1,1
"2B2X_HL_A|VH50T,EH64K,QL28S,YL52D",1.5439764,0.3063475,1,1
"2B2X_HL_A|VH50T,EH64K,QL28S,YL52E",0.95452905,0.23713197,1,1
"2B2X_HL_A|VH50T,EH64K,QL28S,YL52K",1.7007239,1.5648978,1,1
"2B2X_HL_A|VH50T,EH64K,QL28S,YL52N",1.043214,0.63609564,1,1
"2B2X_HL_A|VH50T,EH64K,QL28S,YL52N,FH99W",1.043214,0.6540092,1,1
"2B2X_HL_A|VH50T,EH64K,QL28S,YL52N,FH99Y",1.7978828,0.09035149,1,1
"2B2X_HL_A|VH50T,EH64K,QL28S,YL52N,GH100F",1.4322319,0.38691437,1,1
"2B2X_HL_A|VH50T,EH64K,QL28S,YL52N,GH100L",3.770335,1.4448581,1,1
"2B2X_HL_A|VH50T,EH64K,QL28S,YL52N,GH100M",1.145348,1.0101862,1,1
"2B2X_HL_A|VH50T,EH64K,QL28S,YL52N,GH100S",1.6009614,1.006715,1,1
"2B2X_HL_A|VH50T,EH64K,QL28S,YL52N,GH53A",1.5558206,0.9957701,1,1
"2B2X_HL_A|VH50T,EH64K,QL28S,YL52N,GH53N",2.2985272,1.0764666,1,1
"2B2X_HL_A|VH50T,EH64K,QL28S,YL52N,GH53S",1.7188073,0.72050405,1,1
"2B2X_HL_A|VH50T,EH64K,QL28S,YL52N,GH54I",2.4067745,1.0548806,1,1
"2B2X_HL_A|VH50T,EH64K,QL28S,YL52N,GH54T",2.2073808,1.3308662,1,1
"2B2X_HL_A|VH50T,EH64K,QL28S,YL52N,GH54Y",1.043214,0.25293022,1,1
"2B2X_HL_A|VH50T,EH64K,QL28S,YL52N,GL92Q",2.6158988,1.3903321,1,1
"2B2X_HL_A|VH50T,EH64K,QL28S,YL52N,GL92S",1.5558206,0.7898647,1,1
"2B2X_HL_A|VH50T,EH64K,QL28S,YL52N,HL31K",2.2073808,1.7296773,1,1
"2B2X_HL_A|VH50T,EH64K,QL28S,YL52N,HL31R",2.1670115,0.9662403,1,1
"2B2X_HL_A|VH50T,EH64K,QL28S,YL52N,HL31W",2.2985272,0.6113317,1,1
"2B2X_HL_A|VH50T,EH64K,QL28S,YL52N,LH60D",0.981894,0.26960376,1,1
"2B2X_HL_A|VH50T,EH64K,QL28S,YL52N,LL49F",1.7554936,0.68105555,1,1
"2B2X_HL_A|VH50T,EH64K,QL28S,YL52N,LL49K",1.9044149,1.2389606,1,1
"2B2X_HL_A|VH50T,EH64K,QL28S,YL52N,LL49W",2.9507816,0.7059616,1,1
"2B2X_HL_A|VH50T,EH64K,QL28S,YL52N,NL30V",2.0925434,0.7407075,1,1
"2B2X_HL_A|VH50T,EH64K,QL28S,YL52N,NL30W",2.6158988,0.9286124,1,1
"2B2X_HL_A|VH50T,EH64K,QL28S,YL52N,NL30Y",2.9507816,0.4825989,1,1
"2B2X_HL_A|VH50T,EH64K,QL28S,YL52N,NL30Y,SL91I",1.4775821,0.71004546,1,1
"2B2X_HL_A|VH50T,EH64K,QL28S,YL52N,RH31Q",2.350542,0.92020917,1,1
"2B2X_HL_A|VH50T,EH64K,QL28S,YL52N,SH35A",2.6158988,2.1559186,1,1
"2B2X_HL_A|VH50T,EH64K,QL28S,YL52N,SH35A,GH102S",2.6158988,2.598054,1,1
"2B2X_HL_A|VH50T,EH64K,QL28S,YL52N,SH35Q",3.770335,2.276411,1,1
"2B2X_HL_A|VH50T,EH64K,QL28S,YL52N,SH35V,GH102S",2.4688888,2.658299,1,1
"2B2X_HL_A|VH50T,EH64K,QL28S,YL52N,SH52M",3.119054,0.95788217,1,1
"2B2X_HL_A|VH50T,EH64K,QL28S,YL52N,SL24R",0.82788163,0.7200746,1,1
"2B2X_HL_A|VH50T,EH64K,QL28S,YL52N,SL91Q",2.8172472,1.6583395,1,1
"2B2X_HL_A|VH50T,EH64K,QL28S,YL52N,SL91R",3.770335,0.92967117,1,1
"2B2X_HL_A|VH50T,EH64K,QL28S,YL52N,SL91R,NL30E",3.770335,1.105887,1,1
"2B2X_HL_A|VH50T,EH64K,QL28S,YL52N,SL91T",3.3598623,1.3682065,1,1
"2B2X_HL_A|VH50T,EH64K,QL28S,YL52N,TH33E,GH53Q",2.7106705,1.6023792,1,1
"2B2X_HL_A|VH50T,EH64K,QL28S,YL52N,TH33I,SH52T,GH53N,GH54N",2.9507816,2.2061176,1,1
"2B2X_HL_A|VH50T,EH64K,QL28S,YL52N,TH33I,SH52T,GH53Q,GH54F",2.2985272,2.8221092,1,1
"2B2X_HL_A|VH50T,EH64K,QL28S,YL52N,TH33N",3.770335,1.1133689,1,1
"2B2X_HL_A|VH50T,EH64K,QL28S,YL52N,TH33V",1.4775821,0.82445437,1,1
"2B2X_HL_A|VH50T,EH64K,QL28S,YL52N,WL90Q",3.119054,1.6725297,1,1
"2B2X_HL_A|VH50T,EH64K,QL28S,YL52N,WL90Q,FL33Y",1.914233,1.326525,1,1
"2B2X_HL_A|VH50T,EH64K,QL28S,YL52N,YH58E",3.119054,1.335401,1,1
"2B2X_HL_A|VH50T,EH64K,QL28S,YL52N,YH58Q",3.119054,2.3463953,1,1
"2B2X_HL_A|VH50T,EH64K,QL28S,YL52N,YH58W",1.8641591,1.3294871,1,1
"2B2X_HL_A|VH50T,EH64K,QL28S,YL52N,YH59E",1.5872209,1.2989284,1,1
"2B2X_HL_A|VH50T,EH64K,QL28S,YL52R",1.8880546,0.7778844,1,1
"2B2X_HL_A|VH50T,EH64K,YL52N",0.28173435,1.0194947,1,1
"2B2X_HL_A|VH50T,EH64N,QL28S,YL52N",1.0069425,0.39332658,1,1
"2B2X_HL_A|VH50T,EH64Q,QL28S,YL52N",0.96559924,0.55806917,1,1
"2B2X_HL_A|VH50T,EH64Q,QL28S,YL52N,LH60D",1.0862032,0.2933492,1,1
"2B2X_HL_A|VH50T,QL28S,YL52N",0.96559924,0.21888876,1,1
"2B2X_HL_A|VH50T,QL28S,YL52N,LH60D",0.90141344,-0.17345819,1,1
"2B2X_HL_A|VH50T,YL52N",0.18636756,0.61426497,1,1
2B2X_HL_A|YL52E,-0.22410508,0.142284,1,1
2VIR_AB_C|SC115L,3.680209,1.0592153,1,1
2VIR_AB_C|TC89I,4.0,3.111619,1,1
"3G6D_LH_A|EL3V,GL76R,TL77V,QL78E,EL80G",0.13981691,0.65240216,1,1
"3G6D_LH_A|EL3V,GL76R,TL77V,QL78E,EL80G,DH54N",0.111178115,1.1578147,1,1
"3G6D_LH_A|EL3V,GL76R,TL77V,QL78E,EL80G,TL89S,ML92I,VL93D,TL94K",0.27145106,0.012371667,1,1
3G6D_LH_A|HH104A,-0.9530879,0.18833698,1,1
"3G6D_LH_A|KH210T,KH215T",-0.13294782,-0.46491483,1,1
"3G6D_LH_A|TL89S,ML92I,VL93D,TL94K",0.7979767,-0.44076028,1,1
3G6D_LH_A|WH105A,-1.4965084,1.7636044,1,1
"3IDX_HL_G|CG27I,CG242Q",-2.4650376,0.023302387,1,1
"3IDX_HL_G|CG27I,CG242Q,MG247A",-2.1736174,-0.18855862,1,1
"3IDX_HL_G|KG85C,EG121C,CG27I,CG242Q",-2.3776865,0.7236673,1,1
"3IDX_HL_G|KG85C,EG121C,WG13M,MG247A,CG14W,CG129V,CG27I,CG242Q",-2.1922898,0.56233746,1,1
"3IDX_HL_G|KG85C,EG122C,WG13M,MG247A,CG14W,CG129V,CG27I,CG242Q",-2.2927184,0.4838663,1,1
"3IDX_HL_G|TG41C,GG245C,MG247A",0.40945426,0.41835612,1,1
"3IDX_HL_G|TG41C,GG245C,WG13M,MG247A,CG14W,CG129V,CG27I,CG242Q",-2.3310676,0.40203565,1,1
"3IDX_HL_G|WG13M,MG247A,CG14W,CG129V",-0.6475391,-0.034987047,1,1
"3IDX_HL_G|WG13M,MG247A,CG14W,CG129V,CG27I,CG242Q",-2.3479884,-0.08587912,1,1
"3IDX_HL_G|WG13M,MG247A,CG14W,CG129V,KG85C,EG121C",-0.36166522,0.637939,1,1
"3IDX_HL_G|WG13M,SG111T,WG200S,MG247A,CG14W,CG129V,CG27I,CG242Q",-1.8639641,-0.6287403,1,1
"3L5X_A_HL|EL93F,YL94G",-0.42800838,1.2684932,1,1
"3L5X_A_HL|EL93H,YL94G",-0.7626503,1.2542028,1,1
"3L5X_A_HL|HL91P,NL92I,EL93D,YL94A",-0.6466697,1.8910182,1,1
"3L5X_A_HL|HL91P,NL92L,EL93D,YL94S",-0.6327897,1.5877855,1,1
"3L5X_A_HL|HL91P,NL92L,EL93D,YL94T",-0.81005055,2.2496967,1,1
"3L5X_A_HL|HL91P,NL92L,EL93D,YL94V",-0.85822237,1.4488376,1,1
"3L5X_A_HL|HL91P,NL92L,YL94A",-0.44441348,2.0568378,1,1
"3L5X_A_HL|HL91Q,NL92D,EL93I,YL94G",-1.5503801,1.2447747,1,1
"3L5X_A_HL|HL91Q,NL92D,EL93L,YL94G",-1.785132,1.610333,1,1
"3L5X_A_HL|HL91Q,NL92D,EL93Y,YL94G",-1.451453,0.10657072,1,1
"3L5X_A_HL|NL92D,EL93L,YL94G",-0.42962858,0.79727334,1,1
"3L5X_A_HL|NL92D,EL93N,YL94S",-0.53403836,0.7244089,1,1
"3L5X_A_HL|NL92D,EL93P,YL94G",-1.4699602,1.217875,1,1
"3L5X_A_HL|NL92D,EL93R,YL94D",-0.52253926,0.2123257,1,1
"3L5X_A_HL|NL92D,EL93W,YL94E",-1.1963489,-0.5199375,1,1
"3L5X_A_HL|NL92D,EL93W,YL94G",-1.6825228,-0.071993485,1,1
"3L5X_A_HL|NL92D,EL93W,YL94S",-0.71612674,0.25706297,1,1
"3L5X_A_HL|NL92D,EL93Y,YL94A",-0.8069743,0.34489182,1,1
"3L5X_A_HL|NL92E,EL93S,YL94G",-1.2653587,0.21343496,1,1
"3L5X_A_HL|NL92E,EL93W,YL94G",-1.5503801,-0.20429254,1,1
"3L5X_A_HL|NL92F,EL93W,YL94G",-1.2329907,-0.10554777,1,1
"3L5X_A_HL|NL92L,EL93D,YL94S",-0.6170473,1.035934,1,1
"3L5X_A_HL|NL92L,EL93L,YL94G",-0.6259698,1.3786691,1,1
"3L5X_A_HL|NL92L,EL93M,YL94G",-0.82567644,1.2945538,1,1
"3L5X_A_HL|NL92L,EL93N,YL94G",-0.6954369,1.1113018,1,1
"3L5X_A_HL|NL92S,EL93H,YL94G",-1.2457265,0.7473766,1,1
"3L5X_A_HL|NL92S,EL93I,YL94G",-0.8069743,0.8769384,1,1
"3L5X_A_HL|NL92S,EL93S,YL94G",-0.24921271,0.59714204,1,1
"3L5X_A_HL|NL92S,EL93V,YL94G",-0.51687235,0.98721594,1,1
"3L5X_A_HL|NL92S,EL93W,YL94A",-0.30302802,1.1367471,1,1
"3L5X_A_HL|NL92S,EL93W,YL94G",-1.2720501,0.36204445,1,1
"3L5X_A_HL|NL92S,EL93Y,YL94G",-0.9641868,-0.10890426,1,1
"3L5X_A_HL|NL92V,EL93G,YL94G",-0.46300006,0.80142605,1,1
"3L5X_A_HL|NL92V,EL93W,YL94G",-0.83525383,0.6905159,1,1
3L5X_A_HL|YL94A,-0.82885176,1.2589909,1,1
3N85_A_LH|SH32A,-0.13401966,0.564137,1,1
3N85_A_LH|SH32Y,0.0571225,-0.43357825,1,1
3N85_A_LH|SH50G,0.48767117,-0.2244212,1,1
3N85_A_LH|SH52Y,-0.78460336,-0.6961809,1,1
3N85_A_LH|WH100F,-0.015185109,-0.033517327,1,1
3N85_A_LH|WH30K,-0.78460336,1.0798181,1,1
3N85_A_LH|WH30R,-0.5539675,0.32699668,1,1
3N85_A_LH|WL91F,0.13959166,0.27807134,1,1
3N85_A_LH|WL94Y,-0.03871881,-0.8257104,1,1
3SE8_HL_G|DH110A,-0.38934898,0.21629126,1,1
3SE8_HL_G|DH114A,-0.2441398,0.91270757,1,1
3SE8_HL_G|DL49A,0.8558488,0.78816545,1,1
3SE8_HL_G|EL1A,-0.5565174,0.30940723,1,1
3SE8_HL_G|EL91A,1.513491,2.0302246,1,1
3SE8_HL_G|FH115A,1.0676043,1.783622,1,1
3SE8_HL_G|FL90A,-0.8640972,1.1454773,1,1
3SE8_HL_G|FL92A,0.8323254,0.82015276,1,1
3SE8_HL_G|GH56A,0.3570972,1.0251752,1,1
3SE8_HL_G|KH52A,1.1114144,0.011920208,1,1
3SE8_HL_G|LH54A,0.054776184,0.40251318,1,1
3SE8_HL_G|NL30A,0.19434923,0.4017588,1,1
3SE8_HL_G|PH78A,0.01881787,0.21023011,1,1
3SE8_HL_G|PH81A,-0.07091986,-0.1235628,1,1
3SE8_HL_G|QH63A,1.1144251,0.040385656,1,1
3SE8_HL_G|QH65A,0.54980505,0.11176236,1,1
3SE8_HL_G|QH76A,0.09689985,0.13082713,1,1
3SE8_HL_G|QL27A,-0.21612903,0.12534459,1,1
3SE8_HL_G|RH30A,-0.03949762,0.67348754,1,1
3SE8_HL_G|RH62A,1.2061691,0.30349755,1,1
3SE8_HL_G|RH72A,2.6444623,1.1688379,1,1
3SE8_HL_G|SH59A,1.1508402,0.48384118,1,1
3SE8_HL_G|VH58A,1.2496852,0.84711367,1,1
3SE8_HL_G|WH47A,1.4751467,1.5831653,1,1
3SE8_HL_G|WH50A,1.333526,2.3416588,1,1
3SE8_HL_G|WH55A,0.7611056,0.40753734,1,1
3SE8_HL_G|YH111A,0.82992166,0.8352221,1,1
3SE8_HL_G|YH60A,0.8558488,1.2303568,1,1
4KRL_A_B|DB112A,0.6496817,1.6528592,1,1
5C6T_HL_A|EA194A,1.0906719,1.8630576,1,1
5C6T_HL_A|FA192A,1.9972014,1.7452462,1,1
5C6T_HL_A|FA199A,2.7581792,1.7285527,1,1
5C6T_HL_A|FA200A,0.41047263,0.68114316,1,1
5C6T_HL_A|FH99A,1.4600298,0.24149789,1,1
5C6T_HL_A|IA201A,0.88561165,-0.19975634,1,1
5C6T_HL_A|NA183A,0.28399685,0.2284703,1,1
5C6T_HL_A|NA186A,0.3630724,-0.030095853,1,1
5C6T_HL_A|NA188A,-0.36658686,0.30618003,1,1
"5C6T_HL_A|NA195A,DA197A",0.58650106,-0.14582412,1,1
5C6T_HL_A|NH97A,1.5258962,0.54472923,1,1
5C6T_HL_A|RH31S,0.3115454,-0.016197272,1,1
5C6T_HL_A|RL48A,0.1229613,0.17287265,1,1
5C6T_HL_A|SH32A,-0.8683455,0.36524287,1,1
5C6T_HL_A|TA185A,0.33786914,0.26813474,1,1
5C6T_HL_A|YA182A,3.2083547,1.6232103,1,1
"5C6T_HL_A|YA182A,NA195A,DA197A",2.942425,0.7299628,1,1
5C6T_HL_A|YH104A,0.3630724,0.62017274,1,1
5C6T_HL_A|YH98A,1.7166799,1.009832,1,1
5C6T_HL_A|YL47A,0.5516565,1.2916546,1,1
1KIP_AB_C|AB32Y,-0.8005932,-1.2319629,1,2
1XGU_AB_C|FB33A,4.0,3.3978474,1,2
1XGU_AB_C|FB33I,1.8004549,1.9104291,1,2
1XGU_AB_C|FB33L,1.8617703,2.170946,1,2
1XGU_AB_C|FB33V,2.9080825,2.9503434,1,2
2B2X_HL_A|EH64K,-0.033433665,0.30808106,1,2
"2B2X_HL_A|EH64K,QL28S,YL52N",0.911615,1.0104386,1,2
"2B2X_HL_A|EH64K,QL28S,YL52N,GH102S",2.7106705,1.6349417,1,2
"2B2X_HL_A|EH64K,QL28S,YL52N,SH35A",3.119054,1.6363215,1,2
"2B2X_HL_A|EH64K,QL28S,YL52N,SH35V",3.770335,1.6295832,1,2
"2B2X_HL_A|EH64K,YL52N",0.34853002,0.6955612,1,2
"2B2X_HL_A|QL28S,YL52N",0.8626942,0.78937066,1,2
2B2X_HL_A|VH50T,0.024054652,-0.391257,1,2
"2B2X_HL_A|VH50T,EH64D,QL28S,YL52N",0.87177193,0.7172009,1,2
"2B2X_HL_A|VH50T,EH64K,QL28S",0.991589,0.7691414,1,2
"2B2X_HL_A|VH50T,EH64K,QL28S,YL52D",1.5439764,0.7257373,1,2
"2B2X_HL_A|VH50T,EH64K,QL28S,YL52E",0.95452905,0.95587665,1,2
"2B2X_HL_A|VH50T,EH64K,QL28S,YL52K",1.7007239,1.6161141,1,2
"2B2X_HL_A|VH50T,EH64K,QL28S,YL52N",1.043214,1.057349,1,2
"2B2X_HL_A|VH50T,EH64K,QL28S,YL52N,FH99W",1.043214,0.7602047,1,2
"2B2X_HL_A|VH50T,EH64K,QL28S,YL52N,FH99Y",1.7978828,0.666461,1,2
"2B2X_HL_A|VH50T,EH64K,QL28S,YL52N,GH100F",1.4322319,0.530388,1,2
"2B2X_HL_A|VH50T,EH64K,QL28S,YL52N,GH100L",3.770335,1.1399696,1,2
"2B2X_HL_A|VH50T,EH64K,QL28S,YL52N,GH100M",1.145348,1.0400957,1,2
"2B2X_HL_A|VH50T,EH64K,QL28S,YL52N,GH100S",1.6009614,1.414392,1,2
"2B2X_HL_A|VH50T,EH64K,QL28S,YL52N,GH53A",1.5558206,0.9850823,1,2
"2B2X_HL_A|VH50T,EH64K,QL28S,YL52N,GH53N",2.2985272,1.3813236,1,2
"2B2X_HL_A|VH50T,EH64K,QL28S,YL52N,GH53S",1.7188073,1.1295934,1,2
"2B2X_HL_A|VH50T,EH64K,QL28S,YL52N,GH54I",2.4067745,0.92626584,1,2
"2B2X_HL_A|VH50T,EH64K,QL28S,YL52N,GH54T",2.2073808,1.1464821,1,2
"2B2X_HL_A|VH50T,EH64K,QL28S,YL52N,GH54Y",1.043214,0.6726482,1,2
"2B2X_HL_A|VH50T,EH64K,QL28S,YL52N,GL92Q",2.6158988,1.1575074,1,2
"2B2X_HL_A|VH50T,EH64K,QL28S,YL52N,GL92S",1.5558206,1.0105597,1,2
"2B2X_HL_A|VH50T,EH64K,QL28S,YL52N,HL31K",2.2073808,1.8857133,1,2
"2B2X_HL_A|VH50T,EH64K,QL28S,YL52N,HL31R",2.1670115,1.0339539,1,2
"2B2X_HL_A|VH50T,EH64K,QL28S,YL52N,HL31W",2.2985272,0.83847076,1,2
"2B2X_HL_A|VH50T,EH64K,QL28S,YL52N,LH60D",0.981894,0.7714464,1,2
"2B2X_HL_A|VH50T,EH64K,QL28S,YL52N,LL49F",1.7554936,1.0441805,1,2
"2B2X_HL_A|VH50T,EH64K,QL28S,YL52N,LL49K",1.9044149,1.4598515,1,2
"2B2X_HL_A|VH50T,EH64K,QL28S,YL52N,LL49W",2.9507816,1.1432524,1,2
"2B2X_HL_A|VH50T,EH64K,QL28S,YL52N,NL30V",2.0925434,1.2503295,1,2
"2B2X_HL_A|VH50T,EH64K,QL28S,YL52N,NL30W",2.6158988,1.5077943,1,2
"2B2X_HL_A|VH50T,EH64K,QL28S,YL52N,NL30Y",2.9507816,1.4225245,1,2
"2B2X_HL_A|VH50T,EH64K,QL28S,YL52N,NL30Y,SL91I",1.4775821,1.5620083,1,2
"2B2X_HL_A|VH50T,EH64K,QL28S,YL52N,RH31Q",2.350542,1.1399219,1,2
"2B2X_HL_A|VH50T,EH64K,QL28S,YL52N,SH35A",2.6158988,1.7457446,1,2
"2B2X_HL_A|VH50T,EH64K,QL28S,YL52N,SH35A,GH102S",2.6158988,2.2619681,1,2
"2B2X_HL_A|VH50T,EH64K,QL28S,YL52N,SH35Q",3.770335,1.8531818,1,2
"2B2X_HL_A|VH50T,EH64K,QL28S,YL52N,SH35V,GH102S",2.4688888,2.351865,1,2
"2B2X_HL_A|VH50T,EH64K,QL28S,YL52N,SH52M",3.119054,1.1360179,1,2
"2B2X_HL_A|VH50T,EH64K,QL28S,YL52N,SL24R",0.82788163,0.43923604,1,2
"2B2X_HL_A|VH50T,EH64K,QL28S,YL52N,SL91Q",2.8172472,1.5323496,1,2
"2B2X_HL_A|VH50T,EH64K,QL28S,YL52N,SL91R",3.770335,0.87685466,1,2
"2B2X_HL_A|VH50T,EH64K,QL28S,YL52N,SL91R,NL30E",3.770335,1.3807651,1,2
"2B2X_HL_A|VH50T,EH64K,QL28S,YL52N,SL91T",3.3598623,1.3992617,1,2
"2B2X_HL_A|VH50T,EH64K,QL28S,YL52N,TH33E,GH53Q",2.7106705,1.747629,1,2
"2B2X_HL_A|VH50T,EH64K,QL28S,YL52N,TH33I,SH52T,GH53N,GH54N",2.9507816,2.052203,1,2
"2B2X_HL_A|VH50T,EH64K,QL28S,YL52N,TH33I,SH52T,GH53Q,GH54F",2.2985272,2.0181482,1,2
"2B2X_HL_A|VH50T,EH64K,QL28S,YL52N,TH33N",3.770335,1.8004007,1,2
"2B2X_HL_A|VH50T,EH64K,QL28S,YL52N,TH33V",1.4775821,1.3368126,1,2
"2B2X_HL_A|VH50T,EH64K,QL28S,YL52N,WL90Q",3.119054,1.6276019,1,2
"2B2X_HL_A|VH50T,EH64K,QL28S,YL52N,WL90Q,FL33Y",1.914233,1.235439,1,2
"2B2X_HL_A|VH50T,EH64K,QL28S,YL52N,YH58E",3.119054,1.6669981,1,2
"2B2X_HL_A|VH50T,EH64K,QL28S,YL52N,YH58Q",3.119054,2.1269937,1,2
"2B2X_HL_A|VH50T,EH64K,QL28S,YL52N,YH58W",1.8641591,1.2475879,1,2
"2B2X_HL_A|VH50T,EH64K,QL28S,YL52N,YH59E",1.5872209,1.6542019,1,2
"2B2X_HL_A|VH50T,EH64K,QL28S,YL52R",1.8880546,0.8794189,1,2
"2B2X_HL_A|VH50T,EH64K,YL52N",0.28173435,0.77414894,1,2
"2B2X_HL_A|VH50T,EH64N,QL28S,YL52N",1.0069425,0.9797673,1,2
"2B2X_HL_A|VH50T,EH64Q,QL28S,YL52N",0.96559924,0.8731534,1,2
"2B2X_HL_A|VH50T,EH64Q,QL28S,YL52N,LH60D",1.0862032,0.63366413,1,2
"2B2X_HL_A|VH50T,QL28S,YL52N",0.96559924,0.8936134,1,2
"2B2X_HL_A|VH50T,QL28S,YL52N,LH60D",0.90141344,0.53951085,1,2
"2B2X_HL_A|VH50T,YL52N",0.18636756,0.50909597,1,2
2B2X_HL_A|YL52E,-0.22410508,0.24818133,1,2
2VIR_AB_C|SC115L,3.680209,0.7662056,1,2
2VIR_AB_C|TC89I,4.0,3.5057266,1,2
"3G6D_LH_A|EL3V,GL76R,TL77V,QL78E,EL80G",0.13981691,0.45478663,1,2
"3G6D_LH_A|EL3V,GL76R,TL77V,QL78E,EL80G,DH54N",0.111178115,0.84012896,1,2
"3G6D_LH_A|EL3V,GL76R,TL77V,QL78E,EL80G,TL89S,ML92I,VL93D,TL94K",0.27145106,-0.06277522,1,2
3G6D_LH_A|HH104A,-0.9530879,-0.32884026,1,2
"3G6D_LH_A|KH210T,KH215T",-0.13294782,-0.24671881,1,2
"3G6D_LH_A|TL89S,ML92I,VL93D,TL94K",0.7979767,-0.22593635,1,2
3G6D_LH_A|WH105A,-1.4965084,1.4715598,1,2
"3IDX_HL_G|CG27I,CG242Q",-2.4650376,-0.1713872,1,2
"3IDX_HL_G|CG27I,CG242Q,MG247A",-2.1736174,-0.11704788,1,2
"3IDX_HL_G|KG85C,EG121C,CG27I,CG242Q",-2.3776865,0.35915345,1,2
"3IDX_HL_G|KG85C,EG121C,WG13M,MG247A,CG14W,CG129V,CG27I,CG242Q",-2.1922898,0.03237243,1,2
"3IDX_HL_G|KG85C,EG122C,WG13M,MG247A,CG14W,CG129V,CG27I,CG242Q",-2.2927184,0.010813132,1,2
"3IDX_HL_G|TG41C,GG245C,MG247A",0.40945426,0.15690069,1,2
"3IDX_HL_G|TG41C,GG245C,WG13M,MG247A,CG14W,CG129V,CG27I,CG242Q",-2.3310676,-0.14618821,1,2
"3IDX_HL_G|WG13M,MG247A,CG14W,CG129V",-0.6475391,0.08510963,1,2
"3IDX_HL_G|WG13M,MG247A,CG14W,CG129V,CG27I,CG242Q",-2.3479884,-0.07553668,1,2
"3IDX_HL_G|WG13M,MG247A,CG14W,CG129V,KG85C,EG121C",-0.36166522,0.13774484,1,2
"3IDX_HL_G|WG13M,SG111T,WG200S,MG247A,CG14W,CG129V,CG27I,CG242Q",-1.8639641,-0.44376022,1,2
"3L5X_A_HL|EL93F,YL94G",-0.42800838,0.41257223,1,2
"3L5X_A_HL|EL93H,YL94G",-0.7626503,0.66447735,1,2
"3L5X_A_HL|HL91P,NL92I,EL93D,YL94A",-0.6466697,0.7427939,1,2
"3L5X_A_HL|HL91P,NL92L,EL93D,YL94S",-0.6327897,0.8408072,1,2
"3L5X_A_HL|HL91P,NL92L,EL93D,YL94T",-0.81005055,0.9239236,1,2
"3L5X_A_HL|HL91P,NL92L,EL93D,YL94V",-0.85822237,0.84382874,1,2
"3L5X_A_HL|HL91P,NL92L,YL94A",-0.44441348,0.8445961,1,2
"3L5X_A_HL|HL91Q,NL92D,EL93I,YL94G",-1.5503801,0.54893744,1,2
"3L5X_A_HL|HL91Q,NL92D,EL93L,YL94G",-1.785132,0.58344305,1,2
"3L5X_A_HL|HL91Q,NL92D,EL93Y,YL94G",-1.451453,0.08294926,1,2
"3L5X_A_HL|NL92D,EL93L,YL94G",-0.42962858,0.2094552,1,2
"3L5X_A_HL|NL92D,EL93N,YL94S",-0.53403836,0.37421706,1,2
"3L5X_A_HL|NL92D,EL93P,YL94G",-1.4699602,0.632665,1,2
"3L5X_A_HL|NL92D,EL93R,YL94D",-0.52253926,-0.14430325,1,2
"3L5X_A_HL|NL92D,EL93W,YL94E",-1.1963489,-0.2558763,1,2
"3L5X_A_HL|NL92D,EL93W,YL94G",-1.6825228,-0.24311258,1,2
"3L5X_A_HL|NL92D,EL93W,YL94S",-0.71612674,-0.31414205,1,2
"3L5X_A_HL|NL92D,EL93Y,YL94A",-0.8069743,-0.042025767,1,2
"3L5X_A_HL|NL92E,EL93S,YL94G",-1.2653587,0.51197433,1,2
"3L5X_A_HL|NL92E,EL93W,YL94G",-1.5503801,-0.055336967,1,2
"3L5X_A_HL|NL92F,EL93W,YL94G",-1.2329907,-0.35474664,1,2
"3L5X_A_HL|NL92L,EL93D,YL94S",-0.6170473,0.5538628,1,2
"3L5X_A_HL|NL92L,EL93L,YL94G",-0.6259698,0.28238013,1,2
"3L5X_A_HL|NL92L,EL93M,YL94G",-0.82567644,0.36913157,1,2
"3L5X_A_HL|NL92L,EL93N,YL94G",-0.6954369,0.48217237,1,2
"3L5X_A_HL|NL92S,EL93H,YL94G",-1.2457265,0.41470012,1,2
"3L5X_A_HL|NL92S,EL93I,YL94G",-0.8069743,0.246301,1,2
"3L5X_A_HL|NL92S,EL93S,YL94G",-0.24921271,0.27648264,1,2
"3L5X_A_HL|NL92S,EL93V,YL94G",-0.51687235,0.28318912,1,2
"3L5X_A_HL|NL92S,EL93W,YL94A",-0.30302802,0.06640006,1,2
"3L5X_A_HL|NL92S,EL93W,YL94G",-1.2720501,-0.09795297,1,2
"3L5X_A_HL|NL92S,EL93Y,YL94G",-0.9641868,-0.19832559,1,2
"3L5X_A_HL|NL92V,EL93G,YL94G",-0.46300006,0.3046926,1,2
"3L5X_A_HL|NL92V,EL93W,YL94G",-0.83525383,0.0021841507,1,2
3L5X_A_HL|YL94A,-0.82885176,0.59253526,1,2
3N85_A_LH|SH32A,-0.13401966,1.08782,1,2
3N85_A_LH|SH32Y,0.0571225,-1.102899,1,2
3N85_A_LH|SH50G,0.48767117,-1.1855304,1,2
3N85_A_LH|SH52Y,-0.78460336,-0.9828216,1,2
3N85_A_LH|WH100F,-0.015185109,0.51351094,1,2
3N85_A_LH|WH30K,-0.78460336,1.0821439,1,2
3N85_A_LH|WH30R,-0.5539675,0.06792962,1,2
3N85_A_LH|WL91F,0.13959166,0.46371707,1,2
3N85_A_LH|WL94Y,-0.03871881,-0.31535542,1,2
3SE8_HL_G|DH110A,-0.38934898,0.4105698,1,2
3SE8_HL_G|DH114A,-0.2441398,1.0717555,1,2
3SE8_HL_G|DL49A,0.8558488,1.191193,1,2
3SE8_HL_G|EL1A,-0.5565174,-0.19429916,1,2
3SE8_HL_G|EL91A,1.513491,1.4273223,1,2
3SE8_HL_G|FH115A,1.0676043,2.630813,1,2
3SE8_HL_G|FL90A,-0.8640972,1.0009505,1,2
3SE8_HL_G|FL92A,0.8323254,0.61085296,1,2
3SE8_HL_G|GH56A,0.3570972,1.0188756,1,2
3SE8_HL_G|KH52A,1.1114144,-0.08356663,1,2
3SE8_HL_G|LH54A,0.054776184,0.7247882,1,2
3SE8_HL_G|NL30A,0.19434923,0.805081,1,2
3SE8_HL_G|PH78A,0.01881787,0.091063686,1,2
3SE8_HL_G|PH81A,-0.07091986,-0.15339877,1,2
3SE8_HL_G|QH63A,1.1144251,0.04784905,1,2
3SE8_HL_G|QH65A,0.54980505,0.04307694,1,2
3SE8_HL_G|QH76A,0.09689985,0.043212764,1,2
3SE8_HL_G|QL27A,-0.21612903,0.17038196,1,2
3SE8_HL_G|RH30A,-0.03949762,0.6947876,1,2
3SE8_HL_G|RH62A,1.2061691,0.47415593,1,2
3SE8_HL_G|RH72A,2.6444623,1.5768988,1,2
3SE8_HL_G|SH59A,1.1508402,0.12920086,1,2
3SE8_HL_G|VH58A,1.2496852,0.90776926,1,2
3SE8_HL_G|WH47A,1.4751467,1.4373914,1,2
3SE8_HL_G|WH50A,1.333526,1.693501,1,2
3SE8_HL_G|WH55A,0.7611056,0.06445801,1,2
3SE8_HL_G|YH111A,0.82992166,0.9130111,1,2
3SE8_HL_G|YH60A,0.8558488,0.63149613,1,2
4KRL_A_B|DB112A,0.6496817,2.2308793,1,2
5C6T_HL_A|EA194A,1.0906719,1.283506,1,2
5C6T_HL_A|FA192A,1.9972014,1.3060458,1,2
5C6T_HL_A|FA199A,2.7581792,0.7511326,1,2
5C6T_HL_A|FA200A,0.41047263,0.49252152,1,2
5C6T_HL_A|FH99A,1.4600298,0.6270112,1,2
5C6T_HL_A|IA201A,0.88561165,-0.07920622,1,2
5C6T_HL_A|NA183A,0.28399685,0.91128075,1,2
5C6T_HL_A|NA186A,0.3630724,-0.4627646,1,2
5C6T_HL_A|NA188A,-0.36658686,0.602654,1,2
"5C6T_HL_A|NA195A,DA197A",0.58650106,0.38683125,1,2
5C6T_HL_A|NH97A,1.5258962,0.03610377,1,2
5C6T_HL_A|RH31S,0.3115454,0.6533233,1,2
5C6T_HL_A|RL48A,0.1229613,0.85157156,1,2
5C6T_HL_A|SH32A,-0.8683455,0.69728637,1,2
5C6T_HL_A|TA185A,0.33786914,1.0946913,1,2
5C6T_HL_A|YA182A,3.2083547,1.7969966,1,2
"5C6T_HL_A|YA182A,NA195A,DA197A",2.942425,0.95155257,1,2
5C6T_HL_A|YH104A,0.3630724,0.8995416,1,2
5C6T_HL_A|YH98A,1.7166799,1.4502451,1,2
5C6T_HL_A|YL47A,0.5516565,2.1855698,1,2
1DVF_AB_CD|DB100A,2.7895143,0.7898917,2,0
"1DVF_AB_CD|DB100A,DD52A",4.0,2.552137,2,0
"1DVF_AB_CD|DB100A,HD33A",4.0,1.2055871,2,0
"1DVF_AB_CD|DB100A,ND55A",4.0,1.1448054,2,0
1DVF_AB_CD|DB54A,4.0,0.63622135,2,0
"1DVF_AB_CD|DB54A,YC49A",4.0,1.9798613,2,0
1DVF_AB_CD|DB58A,1.6000048,0.5776489,2,0
"1DVF_AB_CD|DB58A,QD104A",1.4641725,1.17993,2,0
1DVF_AB_CD|DD52A,1.6822901,1.3317384,2,0
1DVF_AB_CD|EB98A,4.0,0.6534185,2,0
"1DVF_AB_CD|EB98A,YD102A",4.0,2.5995288,2,0
1DVF_AB_CD|HA30A,1.6493824,0.872159,2,0
1DVF_AB_CD|HD33A,1.8606005,0.51127297,2,0
1DVF_AB_CD|ID101A,2.6815457,0.713615,2,0
1DVF_AB_CD|KD30A,1.0035173,0.39219505,2,0
1DVF_AB_CD|NB56A,1.1624389,0.27199483,2,0
"1DVF_AB_CD|NB56A,HD33A",2.5259995,0.70748895,2,0
"1DVF_AB_CD|NB56A,ND55A",2.3010929,0.49999166,2,0
"1DVF_AB_CD|NB56A,QD104A",1.4868644,0.89023244,2,0
1DVF_AB_CD|ND55A,1.8606005,0.36369777,2,0
1DVF_AB_CD|QD104A,1.6287225,0.7568212,2,0
1DVF_AB_CD|RB99A,1.8746451,0.40368903,2,0
1DVF_AB_CD|RD106A,4.0,0.4441263,2,0
1DVF_AB_CD|SA93A,1.1624389,0.45826167,2,0
1DVF_AB_CD|TB30A,0.9075126,0.24928823,2,0
1DVF_AB_CD|WA92A,0.34072307,1.0298702,2,0
1DVF_AB_CD|WB52A,4.0,1.5307213,2,0
"1DVF_AB_CD|WB52A,QD104A",4.0,2.274872,2,0
1DVF_AB_CD|YA32A,2.0303695,1.4735552,2,0
"1DVF_AB_CD|YA32A,RD106A",4.0,1.811326,2,0
1DVF_AB_CD|YA49A,1.6785902,1.6196389,2,0
"1DVF_AB_CD|YA49A,HD33A",2.625045,2.019399,2,0
"1DVF_AB_CD|YA49A,ND55A",2.0303695,1.9564452,2,0
1DVF_AB_CD|YA50A,0.6877736,2.081877,2,0
1DVF_AB_CD|YB101F,2.0123136,0.8047795,2,0
1DVF_AB_CD|YB32A,1.8314707,0.82524663,2,0
1DVF_AB_CD|YC49A,1.8606005,1.3958611,2,0
1DVF_AB_CD|YD102A,4.0,1.5824302,2,0
1MHP_HL_A|FH99W,0.0,-0.2935912,2,0
1MHP_HL_A|FH99Y,0.75466895,-0.67984074,2,0
1MHP_HL_A|GH100F,0.38901797,0.12332989,2,0
1MHP_HL_A|GH100L,2.727121,0.26276746,2,0
1MHP_HL_A|GH100M,0.10213403,-0.023650765,2,0
1MHP_HL_A|GH100S,0.5577475,0.10176535,2,0
1MHP_HL_A|GH53A,0.5126066,0.6388458,2,0
1MHP_HL_A|GH53N,1.2553134,0.55015063,2,0
1MHP_HL_A|GH53S,0.6755934,0.22804481,2,0
1MHP_HL_A|GH54I,1.3635606,0.19708112,2,0
1MHP_HL_A|GH54T,1.1641668,0.4561891,2,0
1MHP_HL_A|GH54Y,0.0,-0.47836304,2,0
1MHP_HL_A|GL91Q,1.572685,0.14375047,2,0
1MHP_HL_A|GL91S,0.5126066,0.20514464,2,0
1MHP_HL_A|HL30K,1.1641668,0.26228717,2,0
1MHP_HL_A|HL30R,1.1237977,0.102021046,2,0
1MHP_HL_A|HL30W,1.2553134,-0.25191218,2,0
1MHP_HL_A|KH64D,-0.17144196,-0.23987679,2,0
1MHP_HL_A|KH64E,-0.07761467,-0.112644315,2,0
"1MHP_HL_A|KH64E,SL27Q",-0.85684633,-0.4726237,2,0
"1MHP_HL_A|KH64E,SL27Q,NL51Y",-1.0191593,-1.2024497,2,0
1MHP_HL_A|KH64N,-0.03627145,0.3419892,2,0
1MHP_HL_A|KH64Q,-0.07761467,0.01820948,2,0
1MHP_HL_A|LH60D,-0.061319917,-0.066871926,2,0
"1MHP_HL_A|LH60D,KH64E",-0.1418005,-0.3172542,2,0
"1MHP_HL_A|LH60D,KH64Q",0.042989343,-0.0060637444,2,0
1MHP_HL_A|LL48F,0.71227974,0.08930478,2,0
1MHP_HL_A|LL48K,0.8612009,-0.07309006,2,0
1MHP_HL_A|LL48W,1.9075676,-0.75613904,2,0
1MHP_HL_A|NL29V,1.0493295,-0.12971939,2,0
1MHP_HL_A|NL29W,1.572685,-0.46507943,2,0
1MHP_HL_A|NL29Y,1.9075676,-0.5166839,2,0
"1MHP_HL_A|NL29Y,SL90I",0.43436813,-0.28937757,2,0
1MHP_HL_A|NL51D,0.5007625,-0.3851573,2,0
1MHP_HL_A|NL51E,-0.08868487,-0.13954368,2,0
1MHP_HL_A|NL51K,0.65751,-0.17829804,2,0
1MHP_HL_A|NL51R,0.84484076,-0.35413742,2,0
1MHP_HL_A|NL51Y,-0.05162489,-0.80304664,2,0
1MHP_HL_A|RH31Q,1.3073281,0.20648064,2,0
1MHP_HL_A|SH35A,1.572685,0.6770968,2,0
"1MHP_HL_A|SH35A,GH102S",1.572685,0.8070839,2,0
1MHP_HL_A|SH35Q,2.727121,-0.019768126,2,0
"1MHP_HL_A|SH35V,GH102S",1.4256749,0.32845512,2,0
1MHP_HL_A|SH52M,2.0758402,-0.058431864,2,0
1MHP_HL_A|SL23R,-0.21533228,-0.13788183,2,0
1MHP_HL_A|SL27Q,-0.6661127,-0.34807813,2,0
1MHP_HL_A|SL90Q,1.7740332,-0.084983066,2,0
1MHP_HL_A|SL90T,2.3166485,0.20237228,2,0
"1MHP_HL_A|TH33E,GH53Q",1.6674565,0.42759335,2,0
"1MHP_HL_A|TH33I,SH52T,GH53N,GH54N",1.9075676,1.6895198,2,0
"1MHP_HL_A|TH33I,SH52T,GH53Q,GH54F",1.2553134,0.681107,2,0
1MHP_HL_A|TH33N,2.727121,-0.09762782,2,0
1MHP_HL_A|TH33V,0.43436813,-0.21942078,2,0
1MHP_HL_A|TH50V,-0.13159887,-0.3468473,2,0
"1MHP_HL_A|TH50V,GH102S",1.6674565,0.0894353,2,0
"1MHP_HL_A|TH50V,KH64E",-0.1805197,-0.57507265,2,0
"1MHP_HL_A|TH50V,KH64E,SL27Q,NL51E",-1.267319,-1.0855775,2,0
"1MHP_HL_A|TH50V,KH64E,SL27Q,NL51Y",-1.0844951,-1.5525074,2,0
"1MHP_HL_A|TH50V,SH35A",2.0758402,0.2689879,2,0
"1MHP_HL_A|TH50V,SH35V",2.727121,-0.2715881,2,0
"1MHP_HL_A|TH50V,SL27Q",-0.6946839,-0.46060717,2,0
"1MHP_HL_A|TH50V,SL27Q,NL51Y",-1.0235296,-1.1315991,2,0
1MHP_HL_A|WL89Q,2.0758402,0.6148767,2,0
"1MHP_HL_A|WL89Q,FL32Y",0.871019,0.19145808,2,0
1MHP_HL_A|YH58E,2.0758402,0.7867472,2,0
1MHP_HL_A|YH58Q,2.0758402,0.7705948,2,0
1MHP_HL_A|YH58W,0.82094526,0.29612285,2,0
1MHP_HL_A|YH59E,0.54400706,0.35297906,2,0
1N8Z_AB_C|DB102W,-0.71302944,-0.37144405,2,0
1N8Z_AB_C|FC539A,0.035102826,1.3982334,2,0
1N8Z_AB_C|HA91F,0.034232877,0.38714677,2,0
1N8Z_AB_C|LC509A,-0.023045197,0.8437315,2,0
1N8Z_AB_C|NA30S,0.06666317,-0.18251811,2,0
"1N8Z_AB_C|NA30S,HA91F,YA92W",-0.07476232,0.6249205,2,0
"1N8Z_AB_C|NA30S,HA91F,YA92W,TA94S,DB102W,YB105F,YB109V",0.050661404,0.21766633,2,0
1N8Z_AB_C|RB50A,2.9754758,0.6783634,2,0
1N8Z_AB_C|RB59A,1.8037988,0.6960954,2,0
1N8Z_AB_C|SC535A,0.030827092,0.47290456,2,0
1N8Z_AB_C|TA94S,0.32168603,-0.20028333,2,0
1N8Z_AB_C|VC536A,0.008972699,0.4897383,2,0
1N8Z_AB_C|YB105F,0.8540034,0.8615209,2,0
1N8Z_AB_C|YB109V,0.23192272,0.34860075,2,0
1XGQ_AB_C|VB33A,1.1525793,0.7305557,2,0
1XGQ_AB_C|VB33F,-2.9080825,-0.30410576,2,0
1XGQ_AB_C|VB33I,-1.1076277,0.102931924,2,0
1XGQ_AB_C|VB33L,-1.0463123,-0.018995643,2,0
1YQV_HL_Y|RY45K,1.8995041,0.24291399,2,0
"1YQV_HL_Y|RY68K,TY40S,IY55V,SY91T",4.0,0.5547102,2,0
"1YQV_HL_Y|RY68K,TY40S,IY55V,SY91T,QY121H",0.0,0.5364207,2,0
1YY9_CD_A|AC25P,0.07225565,-0.5400756,2,0
1YY9_CD_A|AD98P,1.0372273,-0.9665527,2,0
1YY9_CD_A|GD54P,0.26807046,0.054971244,2,0
1YY9_CD_A|LD29P,0.030827092,0.09769544,2,0
1YY9_CD_A|NC93A,-0.74186975,-0.02949974,2,0
1YY9_CD_A|ND56A,-0.057046015,0.25017384,2,0
1YY9_CD_A|SC26D,-0.19925442,-0.12967008,2,0
"1YY9_CD_A|SC26D,TC31E,NC93A",-1.3329437,-0.2712112,2,0
"1YY9_CD_A|SC26D,TC31E,NC93A,ND56A,TD61E",-0.6517935,-0.7342166,2,0
1YY9_CD_A|SC26P,-0.009110746,-0.033830777,2,0
1YY9_CD_A|SC28P,-0.22229962,-0.0075318217,2,0
1YY9_CD_A|SC54P,-0.018363854,0.15263143,2,0
1YY9_CD_A|SD53P,0.8175451,0.1568895,2,0
1YY9_CD_A|TC31E,-0.51892465,0.3002678,2,0
"1YY9_CD_A|TC31E,NC93A",-0.81853306,0.075476766,2,0
1YY9_CD_A|TC96P,4.0,-0.26896077,2,0
1YY9_CD_A|TD61E,-0.057046015,-0.3360309,2,0
1YY9_CD_A|WD52P,1.4782712,0.5098368,2,0
1YY9_CD_A|YD101P,1.6514195,0.37378687,2,0
3NPS_A_BC|DA214A,1.466743,0.9256191,2,0
3NPS_A_BC|DA46A,0.3399866,0.95232034,2,0
3NPS_A_BC|DA47A,1.0674704,1.1234034,2,0
3NPS_A_BC|DA91A,1.5070341,0.8533803,2,0
3NPS_A_BC|EA163A,0.61534816,0.50701165,2,0
3NPS_A_BC|FA50A,0.21957076,0.78894,2,0
3NPS_A_BC|FA89A,1.5714045,1.320366,2,0
3NPS_A_BC|FA92A,0.46353978,0.90731615,2,0
3NPS_A_BC|HA138A,1.8750918,0.5077981,2,0
3NPS_A_BC|IA26A,0.6415425,0.61678517,2,0
3NPS_A_BC|IA45A,-0.33181784,0.34982872,2,0
3NPS_A_BC|KA221A,-0.10361039,0.7506862,2,0
3NPS_A_BC|LA147A,0.29573628,0.46503025,2,0
3NPS_A_BC|NA90A,0.25341922,0.74913865,2,0
3NPS_A_BC|QA140A,0.29573628,0.67671114,2,0
3NPS_A_BC|QA168A,-0.059223834,0.95704794,2,0
3NPS_A_BC|QA169A,0.7409076,1.5716631,2,0
3NPS_A_BC|QA218A,-0.040916756,0.6514146,2,0
3NPS_A_BC|QA23A,0.026323749,0.9454154,2,0
3NPS_A_BC|RA219A,-0.08390186,0.22855802,2,0
3NPS_A_BC|RA48A,-1.062741,0.4248445,2,0
3NPS_A_BC|RA51A,0.13816836,0.565486,2,0
3NPS_A_BC|RA82A,-0.15159543,0.58631253,2,0
3NPS_A_BC|TA144A,0.17497002,0.50894195,2,0
3NPS_A_BC|TA93A,0.72381234,0.7204363,2,0
3NPS_A_BC|YA141A,1.7748737,1.1388574,2,0
3NPS_A_BC|YA52A,0.4518898,0.69030267,2,0
3W2D_A_HL|KA67N,4.0,0.41266084,2,0
3W2D_A_HL|KA67R,-0.42812017,0.28944728,2,0
3W2D_A_HL|YA45F,0.8779443,-0.28161395,2,0
3W2D_A_HL|YA45L,2.3647563,0.26344264,2,0
"4KRO_A_B|DA321T,FA323A",0.1269707,1.4779288,2,0
"4KRP_A_B|DA277T,FA279A",0.35829666,1.4823376,2,0
4NM8_ABCDEF_HL|DB19N,0.66149956,0.32138634,2,0
4NM8_ABCDEF_HL|IB18M,0.10977998,0.5751082,2,0
4NM8_ABCDEF_HL|LB38Y,-0.6151596,-0.16409557,2,0
4NM8_ABCDEF_HL|QB34R,2.9754758,0.41740143,2,0
4NM8_ABCDEF_HL|QB34T,2.3309386,0.29286885,2,0
4NM8_ABCDEF_HL|RB25M,3.442353,0.31227854,2,0
4NM8_ABCDEF_HL|TB32E,-0.5517196,0.016583927,2,0
4NM8_ABCDEF_HL|TB32I,-0.050205972,0.41032988,2,0
4NM8_ABCDEF_HL|TB32R,1.2211944,0.017485313,2,0
1DVF_AB_CD|DB100A,2.7895143,0.18199687,2,1
"1DVF_AB_CD|DB100A,DD52A",4.0,0.3815857,2,1
"1DVF_AB_CD|DB100A,HD33A",4.0,0.44957557,2,1
"1DVF_AB_CD|DB100A,ND55A",4.0,0.33427566,2,1
1DVF_AB_CD|DB54A,4.0,0.34967023,2,1
"1DVF_AB_CD|DB54A,YC49A",4.0,0.98633313,2,1
1DVF_AB_CD|DB58A,1.6000048,0.28242698,2,1
"1DVF_AB_CD|DB58A,QD104A",1.4641725,0.55495155,2,1
1DVF_AB_CD|DD52A,1.6822901,0.2675789,2,1
1DVF_AB_CD|EB98A,4.0,0.24951726,2,1
"1DVF_AB_CD|EB98A,YD102A",4.0,0.8122128,2,1
1DVF_AB_CD|HA30A,1.6493824,0.24968341,2,1
1DVF_AB_CD|HD33A,1.8606005,0.32735854,2,1
1DVF_AB_CD|ID101A,2.6815457,0.4194791,2,1
1DVF_AB_CD|KD30A,1.0035173,0.32864726,2,1
1DVF_AB_CD|NB56A,1.1624389,0.11709308,2,1
"1DVF_AB_CD|NB56A,HD33A",2.5259995,0.37463775,2,1
"1DVF_AB_CD|NB56A,ND55A",2.3010929,0.22646298,2,1
"1DVF_AB_CD|NB56A,QD104A",1.4868644,0.40409446,2,1
1DVF_AB_CD|ND55A,1.8606005,0.23106748,2,1
1DVF_AB_CD|QD104A,1.6287225,0.38282064,2,1
1DVF_AB_CD|RB99A,1.8746451,0.2660294,2,1
1DVF_AB_CD|RD106A,4.0,0.4442747,2,1
1DVF_AB_CD|SA93A,1.1624389,0.096698865,2,1
1DVF_AB_CD|TB30A,0.9075126,0.17412345,2,1
1DVF_AB_CD|WA92A,0.34072307,0.57239497,2,1
1DVF_AB_CD|WB52A,4.0,0.61915433,2,1
"1DVF_AB_CD|WB52A,QD104A",4.0,0.98724663,2,1
1DVF_AB_CD|YA32A,2.0303695,0.33158615,2,1
"1DVF_AB_CD|YA32A,RD106A",4.0,0.76193583,2,1
1DVF_AB_CD|YA49A,1.6785902,0.41398883,2,1
"1DVF_AB_CD|YA49A,HD33A",2.625045,0.6916922,2,1
"1DVF_AB_CD|YA49A,ND55A",2.0303695,0.57912564,2,1
1DVF_AB_CD|YA50A,0.6877736,0.38306865,2,1
1DVF_AB_CD|YB101F,2.0123136,0.14930907,2,1
1DVF_AB_CD|YB32A,1.8314707,0.3249585,2,1
1DVF_AB_CD|YC49A,1.8606005,0.6620493,2,1
1DVF_AB_CD|YD102A,4.0,0.69372785,2,1
1MHP_HL_A|FH99W,0.0,-0.09649868,2,1
1MHP_HL_A|FH99Y,0.75466895,-0.07226773,2,1
1MHP_HL_A|GH100F,0.38901797,-0.24004644,2,1
1MHP_HL_A|GH100L,2.727121,-0.29731712,2,1
1MHP_HL_A|GH100M,0.10213403,-0.27163637,2,1
1MHP_HL_A|GH100S,0.5577475,-0.06594228,2,1
1MHP_HL_A|GH53A,0.5126066,0.11532612,2,1
1MHP_HL_A|GH53N,1.2553134,-0.07271813,2,1
1MHP_HL_A|GH53S,0.6755934,0.02912296,2,1
1MHP_HL_A|GH54I,1.3635606,-0.22255924,2,1
1MHP_HL_A|GH54T,1.1641668,-0.14685565,2,1
1MHP_HL_A|GH54Y,0.0,-0.32953456,2,1
1MHP_HL_A|GL91Q,1.572685,-0.1741514,2,1
1MHP_HL_A|GL91S,0.5126066,0.06346553,2,1
1MHP_HL_A|HL30K,1.1641668,0.066309735,2,1
1MHP_HL_A|HL30R,1.1237977,-0.033287752,2,1
1MHP_HL_A|HL30W,1.2553134,-0.2611128,2,1
1MHP_HL_A|KH64D,-0.17144196,-0.101212844,2,1
1MHP_HL_A|KH64E,-0.07761467,-0.1581194,2,1
"1MHP_HL_A|KH64E,SL27Q",-0.85684633,-0.44475982,2,1
"1MHP_HL_A|KH64E,SL27Q,NL51Y",-1.0191593,-0.8328818,2,1
1MHP_HL_A|KH64N,-0.03627145,0.04981092,2,1
1MHP_HL_A|KH64Q,-0.07761467,-0.08497751,2,1
1MHP_HL_A|LH60D,-0.061319917,0.115244396,2,1
"1MHP_HL_A|LH60D,KH64E",-0.1418005,-0.11798044,2,1
"1MHP_HL_A|LH60D,KH64Q",0.042989343,0.054161012,2,1
1MHP_HL_A|LL48F,0.71227974,0.016162276,2,1
1MHP_HL_A|LL48K,0.8612009,0.11407658,2,1
1MHP_HL_A|LL48W,1.9075676,-0.24686694,2,1
1MHP_HL_A|NL29V,1.0493295,-0.17541899,2,1
1MHP_HL_A|NL29W,1.572685,-0.30304253,2,1
1MHP_HL_A|NL29Y,1.9075676,-0.2781574,2,1
"1MHP_HL_A|NL29Y,SL90I",0.43436813,-0.46013585,2,1
1MHP_HL_A|NL51D,0.5007625,-0.123160064,2,1
1MHP_HL_A|NL51E,-0.08868487,-0.1635895,2,1
1MHP_HL_A|NL51K,0.65751,-0.115950935,2,1
1MHP_HL_A|NL51R,0.84484076,-0.18502052,2,1
1MHP_HL_A|NL51Y,-0.05162489,-0.34113353,2,1
1MHP_HL_A|RH31Q,1.3073281,0.027150426,2,1
1MHP_HL_A|SH35A,1.572685,0.11156572,2,1
"1MHP_HL_A|SH35A,GH102S",1.572685,0.20361128,2,1
1MHP_HL_A|SH35Q,2.727121,-0.17170486,2,1
"1MHP_HL_A|SH35V,GH102S",1.4256749,-0.04756209,2,1
1MHP_HL_A|SH52M,2.0758402,-0.21082602,2,1
1MHP_HL_A|SL23R,-0.21533228,-0.12083068,2,1
1MHP_HL_A|SL27Q,-0.6661127,-0.23129442,2,1
1MHP_HL_A|SL90Q,1.7740332,-0.20172524,2,1
1MHP_HL_A|SL90T,2.3166485,-0.0007619662,2,1
"1MHP_HL_A|TH33E,GH53Q",1.6674565,-0.19697377,2,1
"1MHP_HL_A|TH33I,SH52T,GH53N,GH54N",1.9075676,-0.27032655,2,1
"1MHP_HL_A|TH33I,SH52T,GH53Q,GH54F",1.2553134,-0.48754776,2,1
1MHP_HL_A|TH33N,2.727121,0.01677819,2,1
1MHP_HL_A|TH33V,0.43436813,-0.115187444,2,1
1MHP_HL_A|TH50V,-0.13159887,-0.09790483,2,1
"1MHP_HL_A|TH50V,GH102S",1.6674565,0.018557664,2,1
"1MHP_HL_A|TH50V,KH64E",-0.1805197,-0.3092861,2,1
"1MHP_HL_A|TH50V,KH64E,SL27Q,NL51E",-1.267319,-0.909111,2,1
"1MHP_HL_A|TH50V,KH64E,SL27Q,NL51Y",-1.0844951,-1.05231,2,1
"1MHP_HL_A|TH50V,SH35A",2.0758402,0.023203038,2,1
"1MHP_HL_A|TH50V,SH35V",2.727121,-0.21815486,2,1
"1MHP_HL_A|TH50V,SL27Q",-0.6946839,-0.29606217,2,1
"1MHP_HL_A|TH50V,SL27Q,NL51Y",-1.0235296,-0.6966007,2,1
1MHP_HL_A|WL89Q,2.0758402,0.14052887,2,1
"1MHP_HL_A|WL89Q,FL32Y",0.871019,0.19667661,2,1
1MHP_HL_A|YH58E,2.0758402,0.22092624,2,1
1MHP_HL_A|YH58Q,2.0758402,0.18590386,2,1
1MHP_HL_A|YH58W,0.82094526,0.045296427,2,1
1MHP_HL_A|YH59E,0.54400706,0.113252744,2,1
1N8Z_AB_C|DB102W,-0.71302944,-0.22736312,2,1
1N8Z_AB_C|FC539A,0.035102826,0.35241526,2,1
1N8Z_AB_C|HA91F,0.034232877,0.021973118,2,1
1N8Z_AB_C|LC509A,-0.023045197,0.28876936,2,1
1N8Z_AB_C|NA30S,0.06666317,0.022902172,2,1
"1N8Z_AB_C|NA30S,HA91F,YA92W",-0.07476232,-0.0051372135,2,1
"1N8Z_AB_C|NA30S,HA91F,YA92W,TA94S,DB102W,YB105F,YB109V",0.050661404,-0.33366933,2,1
1N8Z_AB_C|RB50A,2.9754758,0.28445604,2,1
1N8Z_AB_C|RB59A,1.8037988,0.37194356,2,1
1N8Z_AB_C|SC535A,0.030827092,0.14462477,2,1
1N8Z_AB_C|TA94S,0.32168603,0.009276734,2,1
1N8Z_AB_C|VC536A,0.008972699,0.25331706,2,1
1N8Z_AB_C|YB105F,0.8540034,0.13537215,2,1
1N8Z_AB_C|YB109V,0.23192272,0.015968636,2,1
1XGQ_AB_C|VB33A,1.1525793,0.23728923,2,1
1XGQ_AB_C|VB33F,-2.9080825,0.01586951,2,1
1XGQ_AB_C|VB33I,-1.1076277,0.051454898,2,1
1XGQ_AB_C|VB33L,-1.0463123,-0.0034902608,2,1
1YQV_HL_Y|RY45K,1.8995041,0.2366094,2,1
"1YQV_HL_Y|RY68K,TY40S,IY55V,SY91T",4.0,0.11063843,2,1
"1YQV_HL_Y|RY68K,TY40S,IY55V,SY91T,QY121H",0.0,0.048516296,2,1
1YY9_CD_A|AC25P,0.07225565,-0.22952619,2,1
1YY9_CD_A|AD98P,1.0372273,-0.24096777,2,1
1YY9_CD_A|GD54P,0.26807046,-0.22571154,2,1
1YY9_CD_A|LD29P,0.030827092,0.12706412,2,1
1YY9_CD_A|NC93A,-0.74186975,-0.025992882,2,1
1YY9_CD_A|ND56A,-0.057046015,0.098101206,2,1
1YY9_CD_A|SC26D,-0.19925442,-0.035651125,2,1
"1YY9_CD_A|SC26D,TC31E,NC93A",-1.3329437,-0.35279647,2,1
"1YY9_CD_A|SC26D,TC31E,NC93A,ND56A,TD61E",-0.6517935,-0.5805477,2,1
1YY9_CD_A|SC26P,-0.009110746,-0.07270789,2,1
1YY9_CD_A|SC28P,-0.22229962,-0.0693242,2,1
1YY9_CD_A|SC54P,-0.018363854,-0.0028844988,2,1
1YY9_CD_A|SD53P,0.8175451,-0.06178823,2,1
1YY9_CD_A|TC31E,-0.51892465,-0.04247382,2,1
"1YY9_CD_A|TC31E,NC93A",-0.81853306,-0.17857033,2,1
1YY9_CD_A|TC96P,4.0,-0.002356424,2,1
1YY9_CD_A|TD61E,-0.057046015,-0.09387656,2,1
1YY9_CD_A|WD52P,1.4782712,0.13963169,2,1
1YY9_CD_A|YD101P,1.6514195,0.21235953,2,1
3NPS_A_BC|DA214A,1.466743,0.24887297,2,1
3NPS_A_BC|DA46A,0.3399866,0.30595967,2,1
3NPS_A_BC|DA47A,1.0674704,0.33548445,2,1
3NPS_A_BC|DA91A,1.5070341,0.36336663,2,1
3NPS_A_BC|EA163A,0.61534816,0.4059437,2,1
3NPS_A_BC|FA50A,0.21957076,0.54762375,2,1
3NPS_A_BC|FA89A,1.5714045,0.36944947,2,1
3NPS_A_BC|FA92A,0.46353978,0.6327437,2,1
3NPS_A_BC|HA138A,1.8750918,0.2899212,2,1
3NPS_A_BC|IA26A,0.6415425,0.32218957,2,1
3NPS_A_BC|IA45A,-0.33181784,0.2956291,2,1
3NPS_A_BC|KA221A,-0.10361039,0.2631177,2,1
3NPS_A_BC|LA147A,0.29573628,0.30357793,2,1
3NPS_A_BC|NA90A,0.25341922,0.18097667,2,1
3NPS_A_BC|QA140A,0.29573628,0.33425146,2,1
3NPS_A_BC|QA168A,-0.059223834,0.31386554,2,1
3NPS_A_BC|QA169A,0.7409076,0.39859366,2,1
3NPS_A_BC|QA218A,-0.040916756,0.3160164,2,1
3NPS_A_BC|QA23A,0.026323749,0.39103866,2,1
3NPS_A_BC|RA219A,-0.08390186,0.25303832,2,1
3NPS_A_BC|RA48A,-1.062741,0.32835382,2,1
3NPS_A_BC|RA51A,0.13816836,0.31209546,2,1
3NPS_A_BC|RA82A,-0.15159543,0.29151192,2,1
3NPS_A_BC|TA144A,0.17497002,0.17075096,2,1
3NPS_A_BC|TA93A,0.72381234,0.30610076,2,1
3NPS_A_BC|YA141A,1.7748737,0.6214969,2,1
3NPS_A_BC|YA52A,0.4518898,0.5203058,2,1
3W2D_A_HL|KA67N,4.0,0.11836975,2,1
3W2D_A_HL|KA67R,-0.42812017,0.029707696,2,1
3W2D_A_HL|YA45F,0.8779443,0.16680707,2,1
3W2D_A_HL|YA45L,2.3647563,0.14935926,2,1
"4KRO_A_B|DA321T,FA323A",0.1269707,0.35341874,2,1
"4KRP_A_B|DA277T,FA279A",0.35829666,0.32710472,2,1
4NM8_ABCDEF_HL|DB19N,0.66149956,0.05655344,2,1
4NM8_ABCDEF_HL|IB18M,0.10977998,0.008585644,2,1
4NM8_ABCDEF_HL|LB38Y,-0.6151596,-0.09308896,2,1
4NM8_ABCDEF_HL|QB34R,2.9754758,0.13451639,2,1
4NM8_ABCDEF_HL|QB34T,2.3309386,0.042917654,2,1
4NM8_ABCDEF_HL|RB25M,3.442353,-0.025258042,2,1
4NM8_ABCDEF_HL|TB32E,-0.5517196,0.026140682,2,1
4NM8_ABCDEF_HL|TB32I,-0.050205972,-0.088395126,2,1
4NM8_ABCDEF_HL|TB32R,1.2211944,-0.02871731,2,1
1DVF_AB_CD|DB100A,2.7895143,0.07260677,2,2
"1DVF_AB_CD|DB100A,DD52A",4.0,0.18456936,2,2
"1DVF_AB_CD|DB100A,HD33A",4.0,0.19753537,2,2
"1DVF_AB_CD|DB100A,ND55A",4.0,0.21396762,2,2
1DVF_AB_CD|DB54A,4.0,0.15907131,2,2
"1DVF_AB_CD|DB54A,YC49A",4.0,0.33967614,2,2
1DVF_AB_CD|DB58A,1.6000048,-0.019539032,2,2
"1DVF_AB_CD|DB58A,QD104A",1.4641725,-0.0036763698,2,2
1DVF_AB_CD|DD52A,1.6822901,0.036075972,2,2
1DVF_AB_CD|EB98A,4.0,0.059192922,2,2
"1DVF_AB_CD|EB98A,YD102A",4.0,0.15271756,2,2
1DVF_AB_CD|HA30A,1.6493824,0.09020181,2,2
1DVF_AB_CD|HD33A,1.8606005,0.031664867,2,2
1DVF_AB_CD|ID101A,2.6815457,0.16230471,2,2
1DVF_AB_CD|KD30A,1.0035173,0.01744636,2,2
1DVF_AB_CD|NB56A,1.1624389,-0.046364747,2,2
"1DVF_AB_CD|NB56A,HD33A",2.5259995,0.045537166,2,2
"1DVF_AB_CD|NB56A,ND55A",2.3010929,0.05287034,2,2
"1DVF_AB_CD|NB56A,QD104A",1.4868644,-0.032299053,2,2
1DVF_AB_CD|ND55A,1.8606005,0.0778357,2,2
1DVF_AB_CD|QD104A,1.6287225,-0.011792287,2,2
1DVF_AB_CD|RB99A,1.8746451,0.10601871,2,2
1DVF_AB_CD|RD106A,4.0,0.0513189,2,2
1DVF_AB_CD|SA93A,1.1624389,-0.09613128,2,2
1DVF_AB_CD|TB30A,0.9075126,0.008312076,2,2
1DVF_AB_CD|WA92A,0.34072307,0.033252515,2,2
1DVF_AB_CD|WB52A,4.0,0.124199264,2,2
"1DVF_AB_CD|WB52A,QD104A",4.0,0.12603126,2,2
1DVF_AB_CD|YA32A,2.0303695,0.028903797,2,2
"1DVF_AB_CD|YA32A,RD106A",4.0,0.16037706,2,2
1DVF_AB_CD|YA49A,1.6785902,0.13261071,2,2
"1DVF_AB_CD|YA49A,HD33A",2.625045,0.27494878,2,2
"1DVF_AB_CD|YA49A,ND55A",2.0303695,0.2918052,2,2
1DVF_AB_CD|YA50A,0.6877736,0.05536377,2,2
1DVF_AB_CD|YB101F,2.0123136,0.07404371,2,2
1DVF_AB_CD|YB32A,1.8314707,0.006030228,2,2
1DVF_AB_CD|YC49A,1.8606005,0.1305083,2,2
1DVF_AB_CD|YD102A,4.0,0.11631246,2,2
1MHP_HL_A|FH99W,0.0,-0.03745899,2,2
1MHP_HL_A|FH99Y,0.75466895,-0.06352648,2,2
1MHP_HL_A|GH100F,0.38901797,-0.09571842,2,2
1MHP_HL_A|GH100L,2.727121,-0.006988533,2,2
1MHP_HL_A|GH100M,0.10213403,-0.013116699,2,2
1MHP_HL_A|GH100S,0.5577475,0.04136373,2,2
1MHP_HL_A|GH53A,0.5126066,-0.09822638,2,2
1MHP_HL_A|GH53N,1.2553134,0.012403353,2,2
1MHP_HL_A|GH53S,0.6755934,0.026991598,2,2
1MHP_HL_A|GH54I,1.3635606,-0.07586987,2,2
1MHP_HL_A|GH54T,1.1641668,0.027111106,2,2
1MHP_HL_A|GH54Y,0.0,-0.052649163,2,2
1MHP_HL_A|GL91Q,1.572685,-0.037797853,2,2
1MHP_HL_A|GL91S,0.5126066,-0.021844141,2,2
1MHP_HL_A|HL30K,1.1641668,0.05372889,2,2
1MHP_HL_A|HL30R,1.1237977,0.034626935,2,2
1MHP_HL_A|HL30W,1.2553134,0.0049860068,2,2
1MHP_HL_A|KH64D,-0.17144196,-0.015569102,2,2
1MHP_HL_A|KH64E,-0.07761467,-0.07187342,2,2
"1MHP_HL_A|KH64E,SL27Q",-0.85684633,-0.09421,2,2
"1MHP_HL_A|KH64E,SL27Q,NL51Y",-1.0191593,-0.13963328,2,2
1MHP_HL_A|KH64N,-0.03627145,0.047190078,2,2
1MHP_HL_A|KH64Q,-0.07761467,-0.0051253866,2,2
1MHP_HL_A|LH60D,-0.061319917,0.02506265,2,2
"1MHP_HL_A|LH60D,KH64E",-0.1418005,0.1124871,2,2
"1MHP_HL_A|LH60D,KH64Q",0.042989343,0.09737891,2,2
1MHP_HL_A|LL48F,0.71227974,-0.04086215,2,2
1MHP_HL_A|LL48K,0.8612009,0.0074081616,2,2
1MHP_HL_A|LL48W,1.9075676,0.004007688,2,2
1MHP_HL_A|NL29V,1.0493295,-0.00023704395,2,2
1MHP_HL_A|NL29W,1.572685,0.003629543,2,2
1MHP_HL_A|NL29Y,1.9075676,-0.013281126,2,2
"1MHP_HL_A|NL29Y,SL90I",0.43436813,-0.088070214,2,2
1MHP_HL_A|NL51D,0.5007625,-0.08662945,2,2
1MHP_HL_A|NL51E,-0.08868487,-0.09343526,2,2
1MHP_HL_A|NL51K,0.65751,-0.025119364,2,2
1MHP_HL_A|NL51R,0.84484076,-0.026498847,2,2
1MHP_HL_A|NL51Y,-0.05162489,-0.022960234,2,2
1MHP_HL_A|RH31Q,1.3073281,0.084775634,2,2
1MHP_HL_A|SH35A,1.572685,-0.06856181,2,2
"1MHP_HL_A|SH35A,GH102S",1.572685,0.101436414,2,2
1MHP_HL_A|SH35Q,2.727121,-0.016527988,2,2
"1MHP_HL_A|SH35V,GH102S",1.4256749,0.10352469,2,2
1MHP_HL_A|SH52M,2.0758402,0.03550211,2,2
1MHP_HL_A|SL23R,-0.21533228,-0.005435951,2,2
1MHP_HL_A|SL27Q,-0.6661127,-0.045628082,2,2
1MHP_HL_A|SL90Q,1.7740332,-0.011913357,2,2
1MHP_HL_A|SL90T,2.3166485,0.008213541,2,2
"1MHP_HL_A|TH33E,GH53Q",1.6674565,0.084697455,2,2
"1MHP_HL_A|TH33I,SH52T,GH53N,GH54N",1.9075676,0.07402571,2,2
"1MHP_HL_A|TH33I,SH52T,GH53Q,GH54F",1.2553134,0.027439676,2,2
1MHP_HL_A|TH33N,2.727121,0.020153092,2,2
1MHP_HL_A|TH33V,0.43436813,-0.008070903,2,2
1MHP_HL_A|TH50V,-0.13159887,-0.03808533,2,2
"1MHP_HL_A|TH50V,GH102S",1.6674565,0.05343429,2,2
"1MHP_HL_A|TH50V,KH64E",-0.1805197,-0.07948189,2,2
"1MHP_HL_A|TH50V,KH64E,SL27Q,NL51E",-1.267319,-0.106478296,2,2
"1MHP_HL_A|TH50V,KH64E,SL27Q,NL51Y",-1.0844951,-0.1708243,2,2
"1MHP_HL_A|TH50V,SH35A",2.0758402,-0.03291782,2,2
"1MHP_HL_A|TH50V,SH35V",2.727121,-0.016950127,2,2
"1MHP_HL_A|TH50V,SL27Q",-0.6946839,-0.070315555,2,2
"1MHP_HL_A|TH50V,SL27Q,NL51Y",-1.0235296,-0.11413899,2,2
1MHP_HL_A|WL89Q,2.0758402,0.05707802,2,2
"1MHP_HL_A|WL89Q,FL32Y",0.871019,0.029643834,2,2
1MHP_HL_A|YH58E,2.0758402,0.1330291,2,2
1MHP_HL_A|YH58Q,2.0758402,0.16328856,2,2
1MHP_HL_A|YH58W,0.82094526,0.124207884,2,2
1MHP_HL_A|YH59E,0.54400706,0.040555917,2,2
1N8Z_AB_C|DB102W,-0.71302944,0.13241261,2,2
1N8Z_AB_C|FC539A,0.035102826,0.008707911,2,2
1N8Z_AB_C|HA91F,0.034232877,-0.049844794,2,2
1N8Z_AB_C|LC509A,-0.023045197,0.1358239,2,2
1N8Z_AB_C|NA30S,0.06666317,0.06435702,2,2
"1N8Z_AB_C|NA30S,HA91F,YA92W",-0.07476232,0.1242805,2,2
"1N8Z_AB_C|NA30S,HA91F,YA92W,TA94S,DB102W,YB105F,YB109V",0.050661404,0.3271709,2,2
1N8Z_AB_C|RB50A,2.9754758,0.0027296338,2,2
1N8Z_AB_C|RB59A,1.8037988,0.08482577,2,2
1N8Z_AB_C|SC535A,0.030827092,-0.055992946,2,2
1N8Z_AB_C|TA94S,0.32168603,0.11673242,2,2
1N8Z_AB_C|VC536A,0.008972699,-0.008386519,2,2
1N8Z_AB_C|YB105F,0.8540034,0.044461563,2,2
1N8Z_AB_C|YB109V,0.23192272,0.07409282,2,2
1XGQ_AB_C|VB33A,1.1525793,-0.09448233,2,2
1XGQ_AB_C|VB33F,-2.9080825,-0.086887166,2,2
1XGQ_AB_C|VB33I,-1.1076277,-0.050862968,2,2
1XGQ_AB_C|VB33L,-1.0463123,-0.049571574,2,2
1YQV_HL_Y|RY45K,1.8995041,0.18532792,2,2
"1YQV_HL_Y|RY68K,TY40S,IY55V,SY91T",4.0,0.2550798,2,2
"1YQV_HL_Y|RY68K,TY40S,IY55V,SY91T,QY121H",0.0,0.29339164,2,2
1YY9_CD_A|AC25P,0.07225565,-0.36502194,2,2
1YY9_CD_A|AD98P,1.0372273,-0.43541574,2,2
1YY9_CD_A|GD54P,0.26807046,0.05155208,2,2
1YY9_CD_A|LD29P,0.030827092,0.19222224,2,2
1YY9_CD_A|NC93A,-0.74186975,-0.11483334,2,2
1YY9_CD_A|ND56A,-0.057046015,-0.03661183,2,2
1YY9_CD_A|SC26D,-0.19925442,-0.019741315,2,2
"1YY9_CD_A|SC26D,TC31E,NC93A",-1.3329437,0.016845489,2,2
"1YY9_CD_A|SC26D,TC31E,NC93A,ND56A,TD61E",-0.6517935,0.009365513,2,2
1YY9_CD_A|SC26P,-0.009110746,0.059343398,2,2
1YY9_CD_A|SC28P,-0.22229962,-0.10391811,2,2
1YY9_CD_A|SC54P,-0.018363854,-0.064625815,2,2
1YY9_CD_A|SD53P,0.8175451,-0.10918046,2,2
1YY9_CD_A|TC31E,-0.51892465,-0.028362058,2,2
"1YY9_CD_A|TC31E,NC93A",-0.81853306,-0.057849318,2,2
1YY9_CD_A|TC96P,4.0,-0.043765105,2,2
1YY9_CD_A|TD61E,-0.057046015,-0.10570066,2,2
1YY9_CD_A|WD52P,1.4782712,0.11694035,2,2
1YY9_CD_A|YD101P,1.6514195,0.054040574,2,2
3NPS_A_BC|DA214A,1.466743,0.05918123,2,2
3NPS_A_BC|DA46A,0.3399866,0.05840387,2,2
3NPS_A_BC|DA47A,1.0674704,0.13264734,2,2
3NPS_A_BC|DA91A,1.5070341,0.09390705,2,2
3NPS_A_BC|EA163A,0.61534816,0.01607694,2,2
3NPS_A_BC|FA50A,0.21957076,0.13162881,2,2
3NPS_A_BC|FA89A,1.5714045,0.12444517,2,2
3NPS_A_BC|FA92A,0.46353978,0.1768434,2,2
3NPS_A_BC|HA138A,1.8750918,0.030629793,2,2
3NPS_A_BC|IA26A,0.6415425,0.07699699,2,2
3NPS_A_BC|IA45A,-0.33181784,0.06812712,2,2
3NPS_A_BC|KA221A,-0.10361039,0.043318994,2,2
3NPS_A_BC|LA147A,0.29573628,-0.0073918737,2,2
3NPS_A_BC|NA90A,0.25341922,0.073756896,2,2
3NPS_A_BC|QA140A,0.29573628,-0.028409548,2,2
3NPS_A_BC|QA168A,-0.059223834,0.029107898,2,2
3NPS_A_BC|QA169A,0.7409076,0.039243527,2,2
3NPS_A_BC|QA218A,-0.040916756,-0.01505222,2,2
3NPS_A_BC|QA23A,0.026323749,0.04083362,2,2
3NPS_A_BC|RA219A,-0.08390186,-0.0044822507,2,2
3NPS_A_BC|RA48A,-1.062741,0.014608346,2,2
3NPS_A_BC|RA51A,0.13816836,0.02575464,2,2
3NPS_A_BC|RA82A,-0.15159543,0.059754603,2,2
3NPS_A_BC|TA144A,0.17497002,0.007979475,2,2
3NPS_A_BC|TA93A,0.72381234,0.06025311,2,2
3NPS_A_BC|YA141A,1.7748737,0.197752,2,2
3NPS_A_BC|YA52A,0.4518898,0.08160053,2,2
3W2D_A_HL|KA67N,4.0,0.072417185,2,2
3W2D_A_HL|KA67R,-0.42812017,0.03413032,2,2
3W2D_A_HL|YA45F,0.8779443,0.07311025,2,2
3W2D_A_HL|YA45L,2.3647563,0.054510906,2,2
"4KRO_A_B|DA321T,FA323A",0.1269707,0.23356982,2,2
"4KRP_A_B|DA277T,FA279A",0.35829666,0.24152985,2,2
4NM8_ABCDEF_HL|DB19N,0.66149956,0.036020692,2,2
4NM8_ABCDEF_HL|IB18M,0.10977998,0.037108384,2,2
4NM8_ABCDEF_HL|LB38Y,-0.6151596,-0.04164521,2,2
4NM8_ABCDEF_HL|QB34R,2.9754758,0.09213726,2,2
4NM8_ABCDEF_HL|QB34T,2.3309386,0.061354857,2,2
4NM8_ABCDEF_HL|RB25M,3.442353,0.049583644,2,2
4NM8_ABCDEF_HL|TB32E,-0.5517196,0.014155395,2,2
4NM8_ABCDEF_HL|TB32I,-0.050205972,0.021726638,2,2
4NM8_ABCDEF_HL|TB32R,1.2211944,0.07463598,2,2
"1CZ8_HL_VW|LL4M,DH28T,HH31N,YH101H,TH105S",2.939849,1.6150242,3,0
1KIR_AB_C|SA50Y,-1.3870943,-0.72828424,3,0
1MLC_AB_E|KB65D,0.018548755,-0.9831675,3,0
1MLC_AB_E|NA32G,-0.8773867,0.28358468,3,0
"1MLC_AB_E|NA32G,NA92A",-0.6866531,0.3166588,3,0
"1MLC_AB_E|NA32G,NA92A,SB57V,TB58D",-1.7349738,-0.22902226,3,0
1MLC_AB_E|NA32Y,0.0,-1.0147853,3,0
1MLC_AB_E|NA92A,-1.2533532,0.32769018,3,0
"1MLC_AB_E|NA92A,SB57V,TB58D",-2.394188,-0.10383635,3,0
"1MLC_AB_E|NA92A,TB28D,SB57V,TB58D",-2.5813644,-0.386413,3,0
"1MLC_AB_E|NA92A,TB28D,SB57V,TB58D,EB35S,GB99D",-2.9539242,-0.8601543,3,0
"1MLC_AB_E|NA92A,TB28D,SB57V,TB58D,GB99D",-0.20357698,-0.6296586,3,0
"1MLC_AB_E|NA92A,TB28D,SB57V,TB58D,NA32L",-2.5843081,-0.2797701,3,0
"1MLC_AB_E|NA92A,TB28D,SB57V,TB58D,RB98M,DB100Q",-0.41047263,-0.15589845,3,0
"1MLC_AB_E|NA92A,TB28D,SB57V,TB58D,SA91N,SA93A",-1.6104395,-0.35804853,3,0
"1MLC_AB_E|NA92A,TB28D,SB57V,TB58D,SB30G",-2.3584673,-0.31260374,3,0
"1MLC_AB_E|NA92A,TB28D,SB57V,TB58D,YB32W,RB98V,DB100Q",0.36138764,0.020732738,3,0
"1MLC_AB_E|NA92A,TB28D,SB57V,TB58D,YB59E",-1.4661698,0.18141678,3,0
1MLC_AB_E|SB57A,-0.37902167,0.31181994,3,0
1MLC_AB_E|SB57V,-0.49418068,-0.019233048,3,0
"1MLC_AB_E|SB57V,TB58D",-0.9877286,-0.22513369,3,0
1MLC_AB_E|TB28D,-0.15094383,-0.62190574,3,0
1MLC_AB_E|TB31A,0.44700673,0.63720757,3,0
1MLC_AB_E|TB31V,0.5262404,0.23217705,3,0
1MLC_AB_E|TB31W,0.13214268,-0.28772652,3,0
1MLC_AB_E|TB58D,-0.55968237,-0.5534314,3,0
1NCA_N_LH|DH101K,0.71416,1.8387595,3,0
1NCA_N_LH|EH100D,0.41047263,-0.13563198,3,0
1NCA_N_LH|NH102Q,0.5426153,-0.20769349,3,0
1NCA_N_LH|NH31Q,0.0,0.06365819,3,0
1NMB_N_LH|DH57E,2.9536283,0.5077562,3,0
1NMB_N_LH|DH57N,2.9536283,0.6158653,3,0
1NMB_N_LH|LL94V,0.9000208,-0.2793577,3,0
1NMB_N_LH|TL93F,-0.023903161,-0.43933848,3,0
1NMB_N_LH|TL93W,0.18419003,-1.0824221,3,0
1NMB_N_LH|YH103A,2.14062,0.6235944,3,0
1NMB_N_LH|YH105F,1.4194101,0.7901908,3,0
1NMB_N_LH|YL32F,0.46632215,0.97517157,3,0
1VFB_AB_C|DB100A,3.005002,2.5332856,3,0
"1VFB_AB_C|DB100A,SC24A",3.369756,5.6189384,3,0
1VFB_AB_C|DB54A,0.8151114,2.7860763,3,0
"1VFB_AB_C|DB54A,TC118A",1.2546439,2.499637,3,0
1VFB_AB_C|DB58A,-0.20700333,1.103879,3,0
1VFB_AB_C|DB58E,0.078081094,0.4026679,3,0
1VFB_AB_C|DB58N,-0.12818155,0.32581022,3,0
1VFB_AB_C|DC119A,0.9530879,2.1613848,3,0
1VFB_AB_C|DC18A,0.34013057,1.7631688,3,0
1VFB_AB_C|EB98A,1.1565572,1.8454152,3,0
1VFB_AB_C|GB31A,0.30646533,0.673885,3,0
1VFB_AB_C|GB31E,-0.5097613,0.13133773,3,0
1VFB_AB_C|GB31W,0.0039611305,0.018666245,3,0
1VFB_AB_C|HA30A,0.84488255,0.7000895,3,0
1VFB_AB_C|IC124A,1.2314179,0.4387868,3,0
1VFB_AB_C|KC116A,0.7134504,0.8126511,3,0
1VFB_AB_C|LC129A,0.17154472,0.3997696,3,0
1VFB_AB_C|NA31W,0.17432266,0.6448648,3,0
1VFB_AB_C|NB56A,0.17771798,0.5945163,3,0
1VFB_AB_C|NC19A,0.3960868,0.5259816,3,0
1VFB_AB_C|QC121A,2.876998,0.44062048,3,0
1VFB_AB_C|RB99A,-0.099735305,1.2294505,3,0
1VFB_AB_C|RB99W,0.7049742,0.24136886,3,0
1VFB_AB_C|RB99Y,1.235379,-0.22706309,3,0
1VFB_AB_C|RC125A,1.8368999,0.6992753,3,0
1VFB_AB_C|SA93A,0.34312394,0.77551943,3,0
1VFB_AB_C|SB28D,0.0,-0.13076738,3,0
1VFB_AB_C|SB28E,-0.104007296,0.05204124,3,0
1VFB_AB_C|SB28N,0.14394745,0.27032423,3,0
1VFB_AB_C|SB28Q,0.078081094,0.24878302,3,0
1VFB_AB_C|SC24A,0.850965,2.621253,3,0
1VFB_AB_C|TA52F,0.4708752,-0.31263492,3,0
1VFB_AB_C|TA53R,1.6458516,-0.36757,3,0
1VFB_AB_C|TB30A,-0.05584954,0.20373832,3,0
1VFB_AB_C|TC118A,0.7650957,0.58829147,3,0
1VFB_AB_C|VC120A,0.9169499,0.549136,3,0
1VFB_AB_C|WA92A,3.037848,0.7831065,3,0
"1VFB_AB_C|WA92A,IC124A",3.8503337,1.2298952,3,0
"1VFB_AB_C|WA92A,LC129A",3.3073628,1.076927,3,0
"1VFB_AB_C|WA92A,QC121A",3.5189366,1.2162849,3,0
"1VFB_AB_C|WA92A,RC125A",3.3932896,1.3828212,3,0
1VFB_AB_C|WB52A,0.6406274,3.0862012,3,0
"1VFB_AB_C|WB52A,DC119A",2.2473724,5.457162,3,0
1VFB_AB_C|YA32A,1.5281335,2.2065246,3,0
"1VFB_AB_C|YA32A,IC124A",2.9057157,2.3237298,3,0
"1VFB_AB_C|YA32A,QC121A",1.586041,1.7919501,3,0
1VFB_AB_C|YA49A,0.79754156,1.02433,3,0
1VFB_AB_C|YA50A,0.456086,1.726477,3,0
"1VFB_AB_C|YA50A,DC119A",1.2314179,3.816245,3,0
"1VFB_AB_C|YA50A,DC18A",1.265924,3.1568332,3,0
1VFB_AB_C|YA50K,1.7156012,1.2000939,3,0
1VFB_AB_C|YA50R,0.8443241,0.7853942,3,0
1VFB_AB_C|YB101F,1.2695644,2.1766844,3,0
"1VFB_AB_C|YB101F,DC119A",2.736521,4.7755303,3,0
"1VFB_AB_C|YB101F,VC120A",2.5384777,3.077386,3,0
1VFB_AB_C|YB32A,0.7916793,1.298072,3,0
"1VFB_AB_C|YB32A,KC116A",1.586041,1.7332109,3,0
1VFB_AB_C|YB32E,1.9021881,0.5307947,3,0
1VFB_AB_C|YC23A,0.41047263,1.4326502,3,0
1XGP_AB_C|AB33F,-4.0,-3.0911856,3,0
1XGP_AB_C|AB33I,-2.260207,-1.928542,3,0
1XGP_AB_C|AB33L,-2.1988916,-1.7874182,3,0
1XGP_AB_C|AB33V,-1.1525793,-1.4444286,3,0
2JEL_LH_P|AP82S,0.0,-0.21630204,3,0
2JEL_LH_P|DP69E,0.9530879,1.3152964,3,0
2JEL_LH_P|EP5D,0.41047263,-0.06447274,3,0
2JEL_LH_P|EP5Q,0.7129768,0.34622118,3,0
2JEL_LH_P|EP68A,0.41047263,0.75195134,3,0
2JEL_LH_P|EP75R,2.727121,0.8381561,3,0
2JEL_LH_P|EP83A,0.0,0.81716037,3,0
2JEL_LH_P|EP85A,0.0,0.2876285,3,0
2JEL_LH_P|EP85D,0.0,0.08760958,3,0
2JEL_LH_P|EP85K,0.0,0.1834882,3,0
2JEL_LH_P|EP85Q,0.0,0.28630123,3,0
2JEL_LH_P|FP2W,2.6191528,1.521326,3,0
2JEL_LH_P|FP2Y,0.0,-0.0853532,3,0
2JEL_LH_P|HP76A,-0.41047263,1.0150217,3,0
2JEL_LH_P|HP76D,-0.65058374,0.4578704,3,0
2JEL_LH_P|KP24E,0.0,0.78536093,3,0
2JEL_LH_P|KP27E,0.0,0.48604605,3,0
2JEL_LH_P|KP72E,0.41047263,-0.35453773,3,0
2JEL_LH_P|KP72R,0.0,-0.007762186,3,0
2JEL_LH_P|KP79E,0.41047263,0.22880101,3,0
2JEL_LH_P|NP12D,0.0,-0.5870799,3,0
2JEL_LH_P|NP38T,0.0,0.1183181,3,0
2JEL_LH_P|PP11E,0.0,0.12460272,3,0
2JEL_LH_P|QP3K,4.0,-0.010996014,3,0
2JEL_LH_P|QP4K,1.3635606,-0.34768197,3,0
2JEL_LH_P|QP57E,-0.41047263,0.17930606,3,0
2JEL_LH_P|QP71E,2.727121,-0.06676523,3,0
2JEL_LH_P|RP17G,0.0,0.63060236,3,0
2JEL_LH_P|RP17K,0.0,0.49271837,3,0
2JEL_LH_P|SP41C,1.4957032,1.9345465,3,0
2JEL_LH_P|SP43C,0.0,1.1209891,3,0
2JEL_LH_P|SP46C,0.0,1.2085983,3,0
2JEL_LH_P|SP64T,4.0,0.15792206,3,0
2JEL_LH_P|TP34Q,0.0,0.8886968,3,0
2JEL_LH_P|TP36Q,0.41047263,0.48947218,3,0
2JEL_LH_P|TP62A,0.0,0.86695236,3,0
2JEL_LH_P|TP62N,0.0,1.2266246,3,0
2JEL_LH_P|TP7N,0.41047263,1.1289543,3,0
2JEL_LH_P|TP7S,0.0,0.54904544,3,0
2JEL_LH_P|VP6F,0.0,-0.48606852,3,0
"2NY7_HL_G|CG27I,CG226Q",0.19971907,-1.8992943,3,0
"2NY7_HL_G|CG27I,CG226Q,MG231A",0.20319231,-1.504012,3,0
"2NY7_HL_G|GG229C,MG231A",-0.37879732,0.36812446,3,0
"2NY7_HL_G|GG229C,WG13M,MG231A,CG14W,CG110V,CG27I,CG226Q",0.21462485,-2.3271127,3,0
"2NY7_HL_G|KG66C,EG102C,CG27I,CG226Q",0.04085667,-1.0950135,3,0
"2NY7_HL_G|KG66C,EG102C,WG13M,MG231A,CG14W,CG110V,CG27I,CG226Q",0.3998023,-1.893134,3,0
"2NY7_HL_G|KG66C,EG103C,WG13M,MG231A,CG14W,CG110V,CG27I,CG226Q",0.29989544,-1.8870071,3,0
"2NY7_HL_G|WG13M,MG231A,CG14W,CG110V",1.1574335,-0.4922386,3,0
"2NY7_HL_G|WG13M,MG231A,CG14W,CG110V,CG27I,CG226Q",0.44904727,-2.021068,3,0
"2NY7_HL_G|WG13M,MG231A,CG14W,CG110V,KG66C,EG102C",0.55101526,-0.58492637,3,0
"2NY7_HL_G|WG13M,SG92T,WG181S,MG231A,CG14W,CG110V,CG27I,CG226Q",-0.3035898,-2.5224562,3,0
3BN9_B_CD|DB214A,0.5662115,1.2600219,3,0
3BN9_B_CD|DB46A,0.42238826,0.7823651,3,0
3BN9_B_CD|DB47A,0.31110755,0.48219553,3,0
3BN9_B_CD|EB163A,0.37321588,0.11025214,3,0
3BN9_B_CD|FB50A,-0.044997852,0.56664854,3,0
3BN9_B_CD|FB89A,0.6392419,2.0555136,3,0
3BN9_B_CD|HB138A,0.085063316,1.3957813,3,0
3BN9_B_CD|IB26A,0.0,0.8433486,3,0
3BN9_B_CD|IB45A,0.8352155,0.18307859,3,0
3BN9_B_CD|KB221A,0.7849689,0.9148778,3,0
3BN9_B_CD|LB147A,0.33619216,0.16594204,3,0
3BN9_B_CD|NB90A,0.7733444,0.5622755,3,0
3BN9_B_CD|PD104H,2.4272547,-0.20652345,3,0
3BN9_B_CD|QB140A,0.1331048,0.6025838,3,0
3BN9_B_CD|QB168A,-0.03469869,0.033262435,3,0
3BN9_B_CD|QB169A,2.5089848,0.76313597,3,0
3BN9_B_CD|QB218A,0.70571065,0.43721694,3,0
3BN9_B_CD|QB23A,-0.41530684,0.18070978,3,0
3BN9_B_CD|QD105V,1.2241027,0.10885207,3,0
3BN9_B_CD|RB219A,-0.093698174,0.16189954,3,0
3BN9_B_CD|RB48A,-0.044997852,-0.092866026,3,0
3BN9_B_CD|RB51A,-0.07155777,0.34390166,3,0
3BN9_B_CD|RB82A,-0.15923285,0.9819531,3,0
3BN9_B_CD|SD30G,1.1861069,0.53591573,3,0
3BN9_B_CD|SD30N,1.145505,0.37983075,3,0
3BN9_B_CD|TB144A,0.2908351,0.34351826,3,0
3BN9_B_CD|TB93A,1.1320528,1.0487759,3,0
3BN9_B_CD|TD102Q,-0.02153644,-0.5001559,3,0
3BN9_B_CD|TD102R,-0.058294915,-0.4842846,3,0
3BN9_B_CD|TD28R,0.33290586,-0.23511666,3,0
3BN9_B_CD|YB141A,1.0846525,2.5241764,3,0
3BN9_B_CD|YB52A,0.018951595,0.6442939,3,0
3BN9_B_CD|YD103S,0.45868576,0.72764844,3,0
4GXU_ABCDEF_MN|DA189E,2.1650882,0.9469361,3,0
"4GXU_ABCDEF_MN|DA189E,DA224G",3.0102077,1.8990762,3,0
4GXU_ABCDEF_MN|DA224G,1.9608781,0.98655075,3,0
"1CZ8_HL_VW|LL4M,DH28T,HH31N,YH101H,TH105S",2.939849,0.36217818,3,1
1KIR_AB_C|SA50Y,-1.3870943,-0.31621134,3,1
1MLC_AB_E|KB65D,0.018548755,-0.060739428,3,1
1MLC_AB_E|NA32G,-0.8773867,-0.10378851,3,1
"1MLC_AB_E|NA32G,NA92A",-0.6866531,-0.119589776,3,1
"1MLC_AB_E|NA32G,NA92A,SB57V,TB58D",-1.7349738,-0.55933416,3,1
1MLC_AB_E|NA32Y,0.0,-0.29595244,3,1
1MLC_AB_E|NA92A,-1.2533532,0.018044733,3,1
"1MLC_AB_E|NA92A,SB57V,TB58D",-2.394188,-0.3853192,3,1
"1MLC_AB_E|NA92A,TB28D,SB57V,TB58D",-2.5813644,-0.47401595,3,1
"1MLC_AB_E|NA92A,TB28D,SB57V,TB58D,EB35S,GB99D",-2.9539242,-0.5551058,3,1
"1MLC_AB_E|NA92A,TB28D,SB57V,TB58D,GB99D",-0.20357698,-0.57615924,3,1
"1MLC_AB_E|NA92A,TB28D,SB57V,TB58D,NA32L",-2.5843081,-0.8046106,3,1
"1MLC_AB_E|NA92A,TB28D,SB57V,TB58D,RB98M,DB100Q",-0.41047263,-0.73691666,3,1
"1MLC_AB_E|NA92A,TB28D,SB57V,TB58D,SA91N,SA93A",-1.6104395,-0.4962478,3,1
"1MLC_AB_E|NA92A,TB28D,SB57V,TB58D,SB30G",-2.3584673,-0.6435524,3,1
"1MLC_AB_E|NA92A,TB28D,SB57V,TB58D,YB32W,RB98V,DB100Q",0.36138764,-0.8285493,3,1
"1MLC_AB_E|NA92A,TB28D,SB57V,TB58D,YB59E",-1.4661698,-0.39139667,3,1
1MLC_AB_E|SB57A,-0.37902167,0.05543292,3,1
1MLC_AB_E|SB57V,-0.49418068,-0.2404005,3,1
"1MLC_AB_E|SB57V,TB58D",-0.9877286,-0.3167733,3,1
1MLC_AB_E|TB28D,-0.15094383,-0.096604794,3,1
1MLC_AB_E|TB31A,0.44700673,0.09920134,3,1
1MLC_AB_E|TB31V,0.5262404,-0.09615114,3,1
1MLC_AB_E|TB31W,0.13214268,-0.2594155,3,1
1MLC_AB_E|TB58D,-0.55968237,0.021406304,3,1
1NCA_N_LH|DH101K,0.71416,0.030400183,3,1
1NCA_N_LH|EH100D,0.41047263,0.11489567,3,1
1NCA_N_LH|NH102Q,0.5426153,-0.040047534,3,1
1NCA_N_LH|NH31Q,0.0,-0.14101663,3,1
1NMB_N_LH|DH57E,2.9536283,0.004051678,3,1
1NMB_N_LH|DH57N,2.9536283,0.10273197,3,1
1NMB_N_LH|LL94V,0.9000208,-0.11726035,3,1
1NMB_N_LH|TL93F,-0.023903161,-0.14592542,3,1
1NMB_N_LH|TL93W,0.18419003,-0.25478348,3,1
1NMB_N_LH|YH103A,2.14062,0.2625827,3,1
1NMB_N_LH|YH105F,1.4194101,0.11076146,3,1
1NMB_N_LH|YL32F,0.46632215,0.10719226,3,1
1VFB_AB_C|DB100A,3.005002,0.060213964,3,1
"1VFB_AB_C|DB100A,SC24A",3.369756,0.1695612,3,1
1VFB_AB_C|DB54A,0.8151114,0.12689942,3,1
"1VFB_AB_C|DB54A,TC118A",1.2546439,0.3295926,3,1
1VFB_AB_C|DB58A,-0.20700333,0.17740554,3,1
1VFB_AB_C|DB58E,0.078081094,0.029980507,3,1
1VFB_AB_C|DB58N,-0.12818155,0.12503901,3,1
1VFB_AB_C|DC119A,0.9530879,0.13515101,3,1
1VFB_AB_C|DC18A,0.34013057,0.1768912,3,1
1VFB_AB_C|EB98A,1.1565572,0.22573765,3,1
1VFB_AB_C|GB31A,0.30646533,0.106663585,3,1
1VFB_AB_C|GB31E,-0.5097613,-0.1773548,3,1
1VFB_AB_C|GB31W,0.0039611305,-0.22376707,3,1
1VFB_AB_C|HA30A,0.84488255,0.16217706,3,1
1VFB_AB_C|IC124A,1.2314179,0.25212607,3,1
1VFB_AB_C|KC116A,0.7134504,0.25394115,3,1
1VFB_AB_C|LC129A,0.17154472,0.15051107,3,1
1VFB_AB_C|NA31W,0.17432266,-0.18390232,3,1
1VFB_AB_C|NB56A,0.17771798,0.09960382,3,1
1VFB_AB_C|NC19A,0.3960868,0.13607396,3,1
1VFB_AB_C|QC121A,2.876998,0.39470783,3,1
1VFB_AB_C|RB99A,-0.099735305,0.1368776,3,1
1VFB_AB_C|RB99W,0.7049742,-0.3134415,3,1
1VFB_AB_C|RB99Y,1.235379,-0.21608104,3,1
1VFB_AB_C|RC125A,1.8368999,0.29166076,3,1
1VFB_AB_C|SA93A,0.34312394,0.05324931,3,1
1VFB_AB_C|SB28D,0.0,-0.016035113,3,1
1VFB_AB_C|SB28E,-0.104007296,-0.040102255,3,1
1VFB_AB_C|SB28N,0.14394745,-0.002007775,3,1
1VFB_AB_C|SB28Q,0.078081094,-0.110586345,3,1
1VFB_AB_C|SC24A,0.850965,0.1989573,3,1
1VFB_AB_C|TA52F,0.4708752,-0.13861081,3,1
1VFB_AB_C|TA53R,1.6458516,-0.20108733,3,1
1VFB_AB_C|TB30A,-0.05584954,0.057320837,3,1
1VFB_AB_C|TC118A,0.7650957,0.24221206,3,1
1VFB_AB_C|VC120A,0.9169499,0.15130582,3,1
1VFB_AB_C|WA92A,3.037848,0.28976738,3,1
"1VFB_AB_C|WA92A,IC124A",3.8503337,0.58522743,3,1
"1VFB_AB_C|WA92A,LC129A",3.3073628,0.45593357,3,1
"1VFB_AB_C|WA92A,QC121A",3.5189366,0.7631546,3,1
"1VFB_AB_C|WA92A,RC125A",3.3932896,0.65259373,3,1
1VFB_AB_C|WB52A,0.6406274,0.3731546,3,1
"1VFB_AB_C|WB52A,DC119A",2.2473724,0.5081927,3,1
1VFB_AB_C|YA32A,1.5281335,0.31570557,3,1
"1VFB_AB_C|YA32A,IC124A",2.9057157,0.55750996,3,1
"1VFB_AB_C|YA32A,QC121A",1.586041,0.75062793,3,1
1VFB_AB_C|YA49A,0.79754156,0.26006323,3,1
1VFB_AB_C|YA50A,0.456086,0.2486318,3,1
"1VFB_AB_C|YA50A,DC119A",1.2314179,0.35733372,3,1
"1VFB_AB_C|YA50A,DC18A",1.265924,0.4103697,3,1
1VFB_AB_C|YA50K,1.7156012,0.16073355,3,1
1VFB_AB_C|YA50R,0.8443241,0.08657858,3,1
1VFB_AB_C|YB101F,1.2695644,0.15954313,3,1
"1VFB_AB_C|YB101F,DC119A",2.736521,0.19404218,3,1
"1VFB_AB_C|YB101F,VC120A",2.5384777,0.27852666,3,1
1VFB_AB_C|YB32A,0.7916793,0.24011512,3,1
"1VFB_AB_C|YB32A,KC116A",1.586041,0.50954336,3,1
1VFB_AB_C|YB32E,1.9021881,0.06683397,3,1
1VFB_AB_C|YC23A,0.41047263,0.30658442,3,1
1XGP_AB_C|AB33F,-4.0,-0.2622929,3,1
1XGP_AB_C|AB33I,-2.260207,-0.23854633,3,1
1XGP_AB_C|AB33L,-2.1988916,-0.2428557,3,1
1XGP_AB_C|AB33V,-1.1525793,-0.26646447,3,1
2JEL_LH_P|AP82S,0.0,-0.27047998,3,1
2JEL_LH_P|DP69E,0.9530879,0.058774557,3,1
2JEL_LH_P|EP5D,0.41047263,0.0077632107,3,1
2JEL_LH_P|EP5Q,0.7129768,0.029618036,3,1
2JEL_LH_P|EP68A,0.41047263,0.13196039,3,1
2JEL_LH_P|EP75R,2.727121,-0.027251069,3,1
2JEL_LH_P|EP83A,0.0,0.20427239,3,1
2JEL_LH_P|EP85A,0.0,0.16118123,3,1
2JEL_LH_P|EP85D,0.0,-0.025588168,3,1
2JEL_LH_P|EP85K,0.0,0.04178696,3,1
2JEL_LH_P|EP85Q,0.0,-0.01624402,3,1
2JEL_LH_P|FP2W,2.6191528,-0.100464344,3,1
2JEL_LH_P|FP2Y,0.0,-0.081146166,3,1
2JEL_LH_P|HP76A,-0.41047263,0.23745303,3,1
2JEL_LH_P|HP76D,-0.65058374,-0.058126338,3,1
2JEL_LH_P|KP24E,0.0,0.03704914,3,1
2JEL_LH_P|KP27E,0.0,0.038292572,3,1
2JEL_LH_P|KP72E,0.41047263,-0.061649617,3,1
2JEL_LH_P|KP72R,0.0,-0.06987881,3,1
2JEL_LH_P|KP79E,0.41047263,0.029298391,3,1
2JEL_LH_P|NP12D,0.0,0.031027947,3,1
2JEL_LH_P|NP38T,0.0,-0.021166667,3,1
2JEL_LH_P|PP11E,0.0,0.2627721,3,1
2JEL_LH_P|QP3K,4.0,0.08415453,3,1
2JEL_LH_P|QP4K,1.3635606,0.07321216,3,1
2JEL_LH_P|QP57E,-0.41047263,0.06495316,3,1
2JEL_LH_P|QP71E,2.727121,0.122635126,3,1
2JEL_LH_P|RP17G,0.0,0.030386265,3,1
2JEL_LH_P|RP17K,0.0,0.04306578,3,1
2JEL_LH_P|SP41C,1.4957032,0.10950622,3,1
2JEL_LH_P|SP43C,0.0,0.034808733,3,1
2JEL_LH_P|SP46C,0.0,0.072074905,3,1
2JEL_LH_P|SP64T,4.0,-0.052899648,3,1
2JEL_LH_P|TP34Q,0.0,-0.047243144,3,1
2JEL_LH_P|TP36Q,0.41047263,-0.08196972,3,1
2JEL_LH_P|TP62A,0.0,0.21835457,3,1
2JEL_LH_P|TP62N,0.0,0.03673238,3,1
2JEL_LH_P|TP7N,0.41047263,0.059086155,3,1
2JEL_LH_P|TP7S,0.0,0.07740173,3,1
2JEL_LH_P|VP6F,0.0,0.041170083,3,1
"2NY7_HL_G|CG27I,CG226Q",0.19971907,-0.084262535,3,1
"2NY7_HL_G|CG27I,CG226Q,MG231A",0.20319231,0.14379448,3,1
"2NY7_HL_G|GG229C,MG231A",-0.37879732,0.16273004,3,1
"2NY7_HL_G|GG229C,WG13M,MG231A,CG14W,CG110V,CG27I,CG226Q",0.21462485,-0.34477103,3,1
"2NY7_HL_G|KG66C,EG102C,CG27I,CG226Q",0.04085667,-0.12585647,3,1
"2NY7_HL_G|KG66C,EG102C,WG13M,MG231A,CG14W,CG110V,CG27I,CG226Q",0.3998023,-0.11148484,3,1
"2NY7_HL_G|KG66C,EG103C,WG13M,MG231A,CG14W,CG110V,CG27I,CG226Q",0.29989544,-0.13306375,3,1
"2NY7_HL_G|WG13M,MG231A,CG14W,CG110V",1.1574335,0.19059421,3,1
"2NY7_HL_G|WG13M,MG231A,CG14W,CG110V,CG27I,CG226Q",0.44904727,-0.09740111,3,1
"2NY7_HL_G|WG13M,MG231A,CG14W,CG110V,KG66C,EG102C",0.55101526,0.1755544,3,1
"2NY7_HL_G|WG13M,SG92T,WG181S,MG231A,CG14W,CG110V,CG27I,CG226Q",-0.3035898,-0.12414232,3,1
3BN9_B_CD|DB214A,0.5662115,0.14636828,3,1
3BN9_B_CD|DB46A,0.42238826,0.17214009,3,1
3BN9_B_CD|DB47A,0.31110755,0.20062779,3,1
3BN9_B_CD|EB163A,0.37321588,0.22057825,3,1
3BN9_B_CD|FB50A,-0.044997852,0.35873368,3,1
3BN9_B_CD|FB89A,0.6392419,0.24992758,3,1
3BN9_B_CD|HB138A,0.085063316,0.23411317,3,1
3BN9_B_CD|IB26A,0.0,0.14750756,3,1
3BN9_B_CD|IB45A,0.8352155,0.20454213,3,1
3BN9_B_CD|KB221A,0.7849689,0.25260556,3,1
3BN9_B_CD|LB147A,0.33619216,0.16831048,3,1
3BN9_B_CD|NB90A,0.7733444,0.16412607,3,1
3BN9_B_CD|PD104H,2.4272547,0.078840345,3,1
3BN9_B_CD|QB140A,0.1331048,0.24317747,3,1
3BN9_B_CD|QB168A,-0.03469869,0.15195197,3,1
3BN9_B_CD|QB169A,2.5089848,0.32630736,3,1
3BN9_B_CD|QB218A,0.70571065,0.24437529,3,1
3BN9_B_CD|QB23A,-0.41530684,0.2713202,3,1
3BN9_B_CD|QD105V,1.2241027,-0.08782375,3,1
3BN9_B_CD|RB219A,-0.093698174,0.24308944,3,1
3BN9_B_CD|RB48A,-0.044997852,0.21649243,3,1
3BN9_B_CD|RB51A,-0.07155777,0.22112456,3,1
3BN9_B_CD|RB82A,-0.15923285,0.2254614,3,1
3BN9_B_CD|SD30G,1.1861069,0.07044992,3,1
3BN9_B_CD|SD30N,1.145505,0.13164349,3,1
3BN9_B_CD|TB144A,0.2908351,0.20203425,3,1
3BN9_B_CD|TB93A,1.1320528,0.1890458,3,1
3BN9_B_CD|TD102Q,-0.02153644,-0.13848235,3,1
3BN9_B_CD|TD102R,-0.058294915,-0.14441669,3,1
3BN9_B_CD|TD28R,0.33290586,-0.18520898,3,1
3BN9_B_CD|YB141A,1.0846525,0.42051777,3,1
3BN9_B_CD|YB52A,0.018951595,0.3099645,3,1
3BN9_B_CD|YD103S,0.45868576,0.24619648,3,1
4GXU_ABCDEF_MN|DA189E,2.1650882,0.12617353,3,1
"4GXU_ABCDEF_MN|DA189E,DA224G",3.0102077,0.24664307,3,1
4GXU_ABCDEF_MN|DA224G,1.9608781,0.03220361,3,1
"1CZ8_HL_VW|LL4M,DH28T,HH31N,YH101H,TH105S",2.939849,1.8017747,3,2
1KIR_AB_C|SA50Y,-1.3870943,-0.58246726,3,2
1MLC_AB_E|KB65D,0.018548755,-0.3346018,3,2
1MLC_AB_E|NA32G,-0.8773867,-0.027249876,3,2
"1MLC_AB_E|NA32G,NA92A",-0.6866531,0.20625588,3,2
"1MLC_AB_E|NA32G,NA92A,SB57V,TB58D",-1.7349738,0.00807279,3,2
1MLC_AB_E|NA32Y,0.0,-0.25246218,3,2
1MLC_AB_E|NA92A,-1.2533532,0.18537024,3,2
"1MLC_AB_E|NA92A,SB57V,TB58D",-2.394188,0.072994895,3,2
"1MLC_AB_E|NA92A,TB28D,SB57V,TB58D",-2.5813644,-0.0006396696,3,2
"1MLC_AB_E|NA92A,TB28D,SB57V,TB58D,EB35S,GB99D",-2.9539242,-0.4313596,3,2
"1MLC_AB_E|NA92A,TB28D,SB57V,TB58D,GB99D",-0.20357698,0.1552239,3,2
"1MLC_AB_E|NA92A,TB28D,SB57V,TB58D,NA32L",-2.5843081,-0.08073401,3,2
"1MLC_AB_E|NA92A,TB28D,SB57V,TB58D,RB98M,DB100Q",-0.41047263,-0.0074387714,3,2
"1MLC_AB_E|NA92A,TB28D,SB57V,TB58D,SA91N,SA93A",-1.6104395,0.11866876,3,2
"1MLC_AB_E|NA92A,TB28D,SB57V,TB58D,SB30G",-2.3584673,0.005216744,3,2
"1MLC_AB_E|NA92A,TB28D,SB57V,TB58D,YB32W,RB98V,DB100Q",0.36138764,0.28486553,3,2
"1MLC_AB_E|NA92A,TB28D,SB57V,TB58D,YB59E",-1.4661698,0.69370323,3,2
1MLC_AB_E|SB57A,-0.37902167,-0.14477786,3,2
1MLC_AB_E|SB57V,-0.49418068,-0.26997018,3,2
"1MLC_AB_E|SB57V,TB58D",-0.9877286,-0.015488427,3,2
1MLC_AB_E|TB28D,-0.15094383,-0.29041997,3,2
1MLC_AB_E|TB31A,0.44700673,0.33967817,3,2
1MLC_AB_E|TB31V,0.5262404,0.32490888,3,2
1MLC_AB_E|TB31W,0.13214268,-0.1860278,3,2
1MLC_AB_E|TB58D,-0.55968237,0.30364257,3,2
1NCA_N_LH|DH101K,0.71416,1.294451,3,2
1NCA_N_LH|EH100D,0.41047263,0.16299367,3,2
1NCA_N_LH|NH102Q,0.5426153,0.5703797,3,2
1NCA_N_LH|NH31Q,0.0,0.049750943,3,2
1NMB_N_LH|DH57E,2.9536283,-0.251273,3,2
1NMB_N_LH|DH57N,2.9536283,-0.17783311,3,2
1NMB_N_LH|LL94V,0.9000208,-0.518473,3,2
1NMB_N_LH|TL93F,-0.023903161,-0.5154828,3,2
1NMB_N_LH|TL93W,0.18419003,-1.3433355,3,2
1NMB_N_LH|YH103A,2.14062,1.0271379,3,2
1NMB_N_LH|YH105F,1.4194101,0.5945975,3,2
1NMB_N_LH|YL32F,0.46632215,0.17691663,3,2
1VFB_AB_C|DB100A,3.005002,0.053922534,3,2
"1VFB_AB_C|DB100A,SC24A",3.369756,1.3905392,3,2
1VFB_AB_C|DB54A,0.8151114,0.32034498,3,2
"1VFB_AB_C|DB54A,TC118A",1.2546439,0.5345449,3,2
1VFB_AB_C|DB58A,-0.20700333,0.62593627,3,2
1VFB_AB_C|DB58E,0.078081094,-0.18777749,3,2
1VFB_AB_C|DB58N,-0.12818155,-0.038221788,3,2
1VFB_AB_C|DC119A,0.9530879,1.5164838,3,2
1VFB_AB_C|DC18A,0.34013057,1.01057,3,2
1VFB_AB_C|EB98A,1.1565572,0.5300735,3,2
1VFB_AB_C|GB31A,0.30646533,0.41554806,3,2
1VFB_AB_C|GB31E,-0.5097613,-0.030105546,3,2
1VFB_AB_C|GB31W,0.0039611305,0.09403326,3,2
1VFB_AB_C|HA30A,0.84488255,0.47262663,3,2
1VFB_AB_C|IC124A,1.2314179,0.55590194,3,2
1VFB_AB_C|KC116A,0.7134504,0.7840117,3,2
1VFB_AB_C|LC129A,0.17154472,0.25134197,3,2
1VFB_AB_C|NA31W,0.17432266,0.75538373,3,2
1VFB_AB_C|NB56A,0.17771798,0.04632705,3,2
1VFB_AB_C|NC19A,0.3960868,0.5064441,3,2
1VFB_AB_C|QC121A,2.876998,0.10201613,3,2
1VFB_AB_C|RB99A,-0.099735305,0.13934067,3,2
1VFB_AB_C|RB99W,0.7049742,-0.0940676,3,2
1VFB_AB_C|RB99Y,1.235379,-0.3096297,3,2
1VFB_AB_C|RC125A,1.8368999,-0.0071018822,3,2
1VFB_AB_C|SA93A,0.34312394,0.3384984,3,2
1VFB_AB_C|SB28D,0.0,-0.18173063,3,2
1VFB_AB_C|SB28E,-0.104007296,-0.30434588,3,2
1VFB_AB_C|SB28N,0.14394745,-0.39999878,3,2
1VFB_AB_C|SB28Q,0.078081094,0.053650692,3,2
1VFB_AB_C|SC24A,0.850965,1.5879337,3,2
1VFB_AB_C|TA52F,0.4708752,-0.1598931,3,2
1VFB_AB_C|TA53R,1.6458516,-0.18440476,3,2
1VFB_AB_C|TB30A,-0.05584954,-0.02420462,3,2
1VFB_AB_C|TC118A,0.7650957,0.32373464,3,2
1VFB_AB_C|VC120A,0.9169499,-0.18620515,3,2
1VFB_AB_C|WA92A,3.037848,0.6352168,3,2
"1VFB_AB_C|WA92A,IC124A",3.8503337,1.076444,3,2
"1VFB_AB_C|WA92A,LC129A",3.3073628,0.8027041,3,2
"1VFB_AB_C|WA92A,QC121A",3.5189366,0.6530431,3,2
"1VFB_AB_C|WA92A,RC125A",3.3932896,0.48914945,3,2
1VFB_AB_C|WB52A,0.6406274,1.4858754,3,2
"1VFB_AB_C|WB52A,DC119A",2.2473724,3.0550146,3,2
1VFB_AB_C|YA32A,1.5281335,1.5178597,3,2
"1VFB_AB_C|YA32A,IC124A",2.9057157,1.9639137,3,2
"1VFB_AB_C|YA32A,QC121A",1.586041,1.2641479,3,2
1VFB_AB_C|YA49A,0.79754156,0.6032262,3,2
1VFB_AB_C|YA50A,0.456086,0.7803881,3,2
"1VFB_AB_C|YA50A,DC119A",1.2314179,2.4347267,3,2
"1VFB_AB_C|YA50A,DC18A",1.265924,1.5141761,3,2
1VFB_AB_C|YA50K,1.7156012,1.4498584,3,2
1VFB_AB_C|YA50R,0.8443241,0.90211457,3,2
1VFB_AB_C|YB101F,1.2695644,1.241198,3,2
"1VFB_AB_C|YB101F,DC119A",2.736521,3.18499,3,2
"1VFB_AB_C|YB101F,VC120A",2.5384777,1.4316112,3,2
1VFB_AB_C|YB32A,0.7916793,0.8278468,3,2
"1VFB_AB_C|YB32A,KC116A",1.586041,0.9676451,3,2
1VFB_AB_C|YB32E,1.9021881,0.586094,3,2
1VFB_AB_C|YC23A,0.41047263,0.99563706,3,2
1XGP_AB_C|AB33F,-4.0,-3.7708151,3,2
1XGP_AB_C|AB33I,-2.260207,-2.3360565,3,2
1XGP_AB_C|AB33L,-2.1988916,-2.3167017,3,2
1XGP_AB_C|AB33V,-1.1525793,-1.1811069,3,2
2JEL_LH_P|AP82S,0.0,0.02258801,3,2
2JEL_LH_P|DP69E,0.9530879,0.75770074,3,2
2JEL_LH_P|EP5D,0.41047263,-0.2541733,3,2
2JEL_LH_P|EP5Q,0.7129768,0.2965585,3,2
2JEL_LH_P|EP68A,0.41047263,0.376362,3,2
2JEL_LH_P|EP75R,2.727121,1.2545713,3,2
2JEL_LH_P|EP83A,0.0,0.36529535,3,2
2JEL_LH_P|EP85A,0.0,0.37082568,3,2
2JEL_LH_P|EP85D,0.0,-0.09200953,3,2
2JEL_LH_P|EP85K,0.0,0.32520974,3,2
2JEL_LH_P|EP85Q,0.0,0.2902769,3,2
2JEL_LH_P|FP2W,2.6191528,1.2806581,3,2
2JEL_LH_P|FP2Y,0.0,-0.49216372,3,2
2JEL_LH_P|HP76A,-0.41047263,0.597402,3,2
2JEL_LH_P|HP76D,-0.65058374,-0.08860714,3,2
2JEL_LH_P|KP24E,0.0,0.6304316,3,2
2JEL_LH_P|KP27E,0.0,0.5401003,3,2
2JEL_LH_P|KP72E,0.41047263,-0.77133936,3,2
2JEL_LH_P|KP72R,0.0,0.10619696,3,2
2JEL_LH_P|KP79E,0.41047263,-0.28855857,3,2
2JEL_LH_P|NP12D,0.0,-0.7049218,3,2
2JEL_LH_P|NP38T,0.0,0.37666336,3,2
2JEL_LH_P|PP11E,0.0,-0.16956064,3,2
2JEL_LH_P|QP3K,4.0,0.10659463,3,2
2JEL_LH_P|QP4K,1.3635606,-0.18715242,3,2
2JEL_LH_P|QP57E,-0.41047263,-0.112582125,3,2
2JEL_LH_P|QP71E,2.727121,0.09443289,3,2
2JEL_LH_P|RP17G,0.0,0.4181466,3,2
2JEL_LH_P|RP17K,0.0,0.08235037,3,2
2JEL_LH_P|SP41C,1.4957032,0.6855956,3,2
2JEL_LH_P|SP43C,0.0,0.33307815,3,2
2JEL_LH_P|SP46C,0.0,0.6690812,3,2
2JEL_LH_P|SP64T,4.0,-0.123074286,3,2
2JEL_LH_P|TP34Q,0.0,0.6011792,3,2
2JEL_LH_P|TP36Q,0.41047263,-0.0146497,3,2
2JEL_LH_P|TP62A,0.0,0.8713245,3,2
2JEL_LH_P|TP62N,0.0,0.93467504,3,2
2JEL_LH_P|TP7N,0.41047263,0.74667937,3,2
2JEL_LH_P|TP7S,0.0,0.5567629,3,2
2JEL_LH_P|VP6F,0.0,-0.098539434,3,2
"2NY7_HL_G|CG27I,CG226Q",0.19971907,-1.6102508,3,2
"2NY7_HL_G|CG27I,CG226Q,MG231A",0.20319231,-1.3091345,3,2
"2NY7_HL_G|GG229C,MG231A",-0.37879732,-0.0690656,3,2
"2NY7_HL_G|GG229C,WG13M,MG231A,CG14W,CG110V,CG27I,CG226Q",0.21462485,-2.7001646,3,2
"2NY7_HL_G|KG66C,EG102C,CG27I,CG226Q",0.04085667,-1.0971417,3,2
"2NY7_HL_G|KG66C,EG102C,WG13M,MG231A,CG14W,CG110V,CG27I,CG226Q",0.3998023,-1.9300907,3,2
"2NY7_HL_G|KG66C,EG103C,WG13M,MG231A,CG14W,CG110V,CG27I,CG226Q",0.29989544,-2.0474584,3,2
"2NY7_HL_G|WG13M,MG231A,CG14W,CG110V",1.1574335,-0.8185494,3,2
"2NY7_HL_G|WG13M,MG231A,CG14W,CG110V,CG27I,CG226Q",0.44904727,-2.0950115,3,2
"2NY7_HL_G|WG13M,MG231A,CG14W,CG110V,KG66C,EG102C",0.55101526,-0.35885692,3,2
"2NY7_HL_G|WG13M,SG92T,WG181S,MG231A,CG14W,CG110V,CG27I,CG226Q",-0.3035898,-2.4367971,3,2
3BN9_B_CD|DB214A,0.5662115,0.9579549,3,2
3BN9_B_CD|DB46A,0.42238826,0.8618262,3,2
3BN9_B_CD|DB47A,0.31110755,0.24890134,3,2
3BN9_B_CD|EB163A,0.37321588,0.19986865,3,2
3BN9_B_CD|FB50A,-0.044997852,0.6258399,3,2
3BN9_B_CD|FB89A,0.6392419,1.6533265,3,2
3BN9_B_CD|HB138A,0.085063316,0.42058864,3,2
3BN9_B_CD|IB26A,0.0,0.7178733,3,2
3BN9_B_CD|IB45A,0.8352155,0.41062754,3,2
3BN9_B_CD|KB221A,0.7849689,0.6926815,3,2
3BN9_B_CD|LB147A,0.33619216,0.038886677,3,2
3BN9_B_CD|NB90A,0.7733444,0.7714359,3,2
3BN9_B_CD|PD104H,2.4272547,-0.7397865,3,2
3BN9_B_CD|QB140A,0.1331048,-0.15247571,3,2
3BN9_B_CD|QB168A,-0.03469869,-0.49974728,3,2
3BN9_B_CD|QB169A,2.5089848,0.81049335,3,2
3BN9_B_CD|QB218A,0.70571065,0.09951884,3,2
3BN9_B_CD|QB23A,-0.41530684,0.089995384,3,2
3BN9_B_CD|QD105V,1.2241027,-0.07082608,3,2
3BN9_B_CD|RB219A,-0.093698174,-0.72866255,3,2
3BN9_B_CD|RB48A,-0.044997852,-0.4074264,3,2
3BN9_B_CD|RB51A,-0.07155777,-0.27317405,3,2
3BN9_B_CD|RB82A,-0.15923285,0.0046075564,3,2
3BN9_B_CD|SD30G,1.1861069,0.3681722,3,2
3BN9_B_CD|SD30N,1.145505,0.74006325,3,2
3BN9_B_CD|TB144A,0.2908351,0.19279242,3,2
3BN9_B_CD|TB93A,1.1320528,0.8084923,3,2
3BN9_B_CD|TD102Q,-0.02153644,-0.40101302,3,2
3BN9_B_CD|TD102R,-0.058294915,-0.6604445,3,2
3BN9_B_CD|TD28R,0.33290586,0.18682146,3,2
3BN9_B_CD|YB141A,1.0846525,1.0463482,3,2
3BN9_B_CD|YB52A,0.018951595,0.47351623,3,2
3BN9_B_CD|YD103S,0.45868576,1.2281755,3,2
4GXU_ABCDEF_MN|DA189E,2.1650882,2.065213,3,2
"4GXU_ABCDEF_MN|DA189E,DA224G",3.0102077,2.8505979,3,2
4GXU_ABCDEF_MN|DA224G,1.9608781,0.8153101,3,2
"1JRH_LH_I|AI49S,II51T,HI55D",0.070675574,-0.42744887,4,0
"1JRH_LH_I|AI85D,KI88R,EI90K",-0.047747865,0.04496898,4,0
"1JRH_LH_I|AI93L,VI94M",0.63366294,-0.31695777,4,0
1JRH_LH_I|DH56A,1.8860998,2.2891936,4,0
1JRH_LH_I|DH57A,1.6660647,0.5135821,4,0
1JRH_LH_I|DH58A,1.8546488,1.1278769,4,0
1JRH_LH_I|DL28A,0.43464687,2.126311,4,0
1JRH_LH_I|EI35Q,0.09956847,-0.15349258,4,0
1JRH_LH_I|EI45A,-0.5657849,0.31725,4,0
1JRH_LH_I|EI45P,-3.7881775,-0.13406117,4,0
"1JRH_LH_I|EI45P,II47L",-3.4567804,0.031652007,4,0
"1JRH_LH_I|EI45P,II47R",-3.4400978,0.035549898,4,0
1JRH_LH_I|EL27A,0.5426153,1.6156528,4,0
1JRH_LH_I|FH103A,0.0,0.5212079,4,0
1JRH_LH_I|GI40A,4.0,2.7241204,4,0
1JRH_LH_I|HH107A,1.6977708,0.109863445,4,0
"1JRH_LH_I|II25N,PI27S,VI29T,VI31I",0.14370596,-0.7239243,4,0
1JRH_LH_I|KI37A,3.713863,1.1896149,4,0
1JRH_LH_I|KI37M,3.2923293,0.45807987,4,0
1JRH_LH_I|KI42A,3.3858175,2.2381797,4,0
1JRH_LH_I|KI42M,4.0,0.17543627,4,0
1JRH_LH_I|KI88A,0.31209365,0.22936171,4,0
"1JRH_LH_I|MI15L,II18V",-0.21360606,1.9779761,4,0
1JRH_LH_I|NI38A,0.1704579,0.27726746,4,0
1JRH_LH_I|NI38Q,0.5344714,-0.23601572,4,0
1JRH_LH_I|NI43A,4.0,1.2088203,4,0
1JRH_LH_I|NI69A,-0.19953421,0.91210765,4,0
1JRH_LH_I|RH100A,0.5426153,1.4427432,4,0
1JRH_LH_I|RI74A,0.3926171,1.6467794,4,0
1JRH_LH_I|SI44A,0.37771076,1.735427,4,0
"1JRH_LH_I|SI44G,EI45G,II47R",-3.3777049,0.39341658,4,0
"1JRH_LH_I|SI44G,EI45P,II47K",-3.884419,0.13516387,4,0
"1JRH_LH_I|SI61Y,DI62E,HI63Q,VI64I,GI65M,DI66Y,SI68D,NI69V,LI71A",2.9588323,0.3744101,4,0
1JRH_LH_I|SL93A,-0.65058374,1.0643363,4,0
1JRH_LH_I|TI4V,-0.025565991,0.508042,4,0
"1JRH_LH_I|TI9L,EI11K",-0.025565991,0.005790986,4,0
1JRH_LH_I|TL94A,0.38526937,-0.06880279,4,0
1JRH_LH_I|VI41A,1.6791569,0.4803937,4,0
"1JRH_LH_I|VI73A,RI78K",-0.21360606,-1.0240189,4,0
1JRH_LH_I|WH54A,2.6862645,2.8892422,4,0
1JRH_LH_I|WH55A,2.4213178,1.9570537,4,0
1JRH_LH_I|WI46F,-0.25261214,0.03863889,4,0
1JRH_LH_I|WI46Y,0.29852974,0.10880776,4,0
1JRH_LH_I|WI72A,4.0,1.7921593,4,0
1JRH_LH_I|WI72F,1.102707,0.7596941,4,0
1JRH_LH_I|WI72Y,1.1878273,0.4845643,4,0
1JRH_LH_I|WL92A,2.818407,0.27104104,4,0
1JRH_LH_I|WL95A,1.6660647,0.18355235,4,0
1JRH_LH_I|YH104A,1.0610564,1.1638333,4,0
1JRH_LH_I|YH32A,1.4333102,1.4954419,4,0
1JRH_LH_I|YH60A,1.2555921,1.8636535,4,0
1JRH_LH_I|YI39A,3.5271235,1.4476789,4,0
1JRH_LH_I|YI39F,0.9087807,0.36643642,4,0
1JRH_LH_I|YL30A,1.1084566,1.5541669,4,0
1JRH_LH_I|YL91A,0.58083415,1.5111389,4,0
1KIQ_AB_C|FB101Y,-2.4949589,-1.8475316,4,0
1XGR_AB_C|IB33A,2.260207,2.3523226,4,0
1XGR_AB_C|IB33F,-1.8004549,-1.5691038,4,0
1XGR_AB_C|IB33L,0.061315425,0.24521413,4,0
1XGR_AB_C|IB33V,1.1076277,1.2306509,4,0
2BDN_HL_A|DH31E,1.0852306,0.39140773,4,0
2BDN_HL_A|LH27K,0.8740124,-0.54685926,4,0
2BDN_HL_A|LH27R,0.65058374,-0.59670806,4,0
2BDN_HL_A|NH28D,0.13214268,-0.45479357,4,0
2BDN_HL_A|NH28Q,1.3994616,0.3281728,4,0
2BDN_HL_A|NL31K,3.4897714,0.71908647,4,0
2BDN_HL_A|NL31R,-0.9171868,0.7163791,4,0
2BDN_HL_A|SL53D,-0.1605731,-0.7657556,4,0
2BDN_HL_A|SL53E,-0.85132045,-0.7867115,4,0
2BDN_HL_A|TL56D,-0.4254655,-0.31183785,4,0
2BDN_HL_A|TL56E,-0.6888026,0.0035809427,4,0
2BDN_HL_A|YL30K,0.67475796,0.8985436,4,0
2NYY_DC_A|DA1030A,0.009336901,0.9706885,4,0
2NYY_DC_A|DA1034A,2.5297937,2.625739,4,0
2NYY_DC_A|DC30Y,0.64113563,0.24033277,4,0
2NYY_DC_A|EA892A,2.839132,1.7917846,4,0
2NYY_DC_A|ED5Q,-0.2479871,-0.50006175,4,0
2NYY_DC_A|FA889A,0.4193659,0.59887856,4,0
2NYY_DC_A|FA925A,4.0,0.6925106,4,0
2NYY_DC_A|HA1036A,4.0,1.0387366,4,0
2NYY_DC_A|HC34R,0.10088469,-0.14207588,4,0
2NYY_DC_A|IA928A,-0.009487502,2.354609,4,0
2NYY_DC_A|KA1028A,-0.028934313,1.3306454,4,0
2NYY_DC_A|KA875A,0.29098648,1.9670476,4,0
2NYY_DC_A|KA895A,-0.14014584,1.156636,4,0
2NYY_DC_A|KD29R,0.071385965,-0.19286229,4,0
"2NYY_DC_A|KD29S,YD30D,DD31H,SD60P",0.04961051,0.5560414,4,0
2NYY_DC_A|LA891A,2.5892105,1.0217028,4,0
2NYY_DC_A|MD33Q,-0.059869844,0.2002992,4,0
2NYY_DC_A|NA890A,0.89044046,0.01399637,4,0
2NYY_DC_A|NA926A,0.09934822,0.044510104,4,0
2NYY_DC_A|QA887A,0.5208145,-0.6985246,4,0
2NYY_DC_A|RA1033A,0.82012254,1.2535347,4,0
2NYY_DC_A|RA1266A,0.2995321,1.6357359,4,0
2NYY_DC_A|SA874A,-0.23032175,1.3293813,4,0
2NYY_DC_A|SA927A,0.0,1.1840808,4,0
2NYY_DC_A|SC28Q,0.4133828,0.355896,4,0
2NYY_DC_A|SC31N,-0.35338265,-0.1254549,4,0
2NYY_DC_A|TA1035A,1.630871,0.8935564,4,0
2NYY_DC_A|VD36I,-0.21317148,0.15625416,4,0
"2NYY_DC_A|VD36I,ED5Q",-0.0490461,-0.19228445,4,0
2NYY_DC_A|YD30D,0.06462482,0.94810325,4,0
2NYY_DC_A|YD30Q,0.12897444,1.2657315,4,0
2NYY_DC_A|YD56Q,0.5196862,0.37015903,4,0
2NZ9_DC_A|DA1030A,-0.031082604,0.96395826,4,0
2NZ9_DC_A|DA1034A,2.3396032,2.42439,4,0
2NZ9_DC_A|EA892A,2.77036,2.0178037,4,0
2NZ9_DC_A|FA889A,-0.04961051,0.65086365,4,0
2NZ9_DC_A|FA925A,3.340439,0.6421359,4,0
2NZ9_DC_A|HA1036A,4.0,0.62826973,4,0
2NZ9_DC_A|IA928A,0.069281444,2.2658849,4,0
2NZ9_DC_A|KA1028A,-0.008714417,1.3028572,4,0
2NZ9_DC_A|KA875A,0.5407011,2.2726295,4,0
2NZ9_DC_A|KA895A,-0.29975358,1.3737999,4,0
2NZ9_DC_A|LA891A,2.279965,1.0044959,4,0
2NZ9_DC_A|NA890A,2.1600318,-0.0638213,4,0
2NZ9_DC_A|NA926A,-0.15216734,-0.052191257,4,0
2NZ9_DC_A|QA887A,0.09926054,-0.67562157,4,0
2NZ9_DC_A|RA1033A,0.29088098,1.2199968,4,0
2NZ9_DC_A|RA1266A,0.39015788,1.3713604,4,0
2NZ9_DC_A|SA874A,-0.11948046,0.9952345,4,0
2NZ9_DC_A|SA927A,-0.078544825,1.3578359,4,0
"2NZ9_DC_A|SD29K,DD30Y,HD31D",-0.04961051,-0.5148858,4,0
2NZ9_DC_A|TA1035A,2.3703818,0.8666059,4,0
2VIS_AB_C|IC89T,-4.0,-3.5788417,4,0
"3BE1_HL_A|DL28N,PL30A,RL31K,SL32T,TL97S,TL98S",-0.6860794,-0.97610486,4,0
"3BE1_HL_A|DL28N,PL30A,RL31K,SL32T,TL97S,TL98S,KH30S,DH31G,TH54S,NH55E,GH100V,DH102V",-2.7728782,-2.5409818,4,0
"3BE1_HL_A|DL28N,PL30A,RL31K,SL32T,TL97S,TL98S,KH30S,DH31G,TH54S,NH55E,GH100V,DH102V,YL36A",-3.190238,-1.6295582,4,0
"3BE1_HL_A|DL28N,PL30A,RL31K,SL32T,TL97S,TL98S,KH30S,DH31G,TH54S,NH55E,GH100V,DH102V,YL36A,IL33A",-2.7728782,-1.8005251,4,0
"3BE1_HL_A|DL28N,PL30A,RL31K,SL32T,YL57F,TL97S,TL98S",-0.8683455,-0.84896,4,0
"3BE1_HL_A|DL28N,PL30A,RL31K,SL32T,YL57F,TL97S,TL98S,KH30S,DH31G,TH54S,NH55E,GH100V,DH102V",-2.8824897,-2.448358,4,0
3LZF_AB_HL|DA187E,0.49836498,0.56904614,4,0
"3LZF_AB_HL|DA187E,DA222G",0.12738612,0.55540913,4,0
3LZF_AB_HL|DA222G,0.5378587,0.08472877,4,0
3NGB_HL_G|AH57G,-0.056030333,-0.53232354,4,0
"3NGB_HL_G|AH57G,VH58T,PH63K,VH74T",1.6734211,0.0027288944,4,0
"3NGB_HL_G|CH32S,CH102A",0.25899792,0.22633418,4,0
3NGB_HL_G|DH103A,0.05987142,-0.19256537,4,0
3NGB_HL_G|EL88A,1.3199503,0.3613245,4,0
3NGB_HL_G|FL89A,0.85886127,0.51439124,4,0
3NGB_HL_G|GH55A,-1.2766591,0.15177372,4,0
3NGB_HL_G|GH55S,0.74304354,0.6317154,4,0
3NGB_HL_G|GH56A,1.2656107,1.1876732,4,0
3NGB_HL_G|IH30A,-0.0027431613,0.5163316,4,0
3NGB_HL_G|IH30T,0.0733938,0.034416907,4,0
"3NGB_HL_G|IH30T,KH52N,RH54N,GH55S,AH57G,VH58T,RH62Q,PH63K,VH74T,YH75S,YL26S",0.86214453,0.3877508,4,0
3NGB_HL_G|KH52A,0.62288266,1.0053055,4,0
3NGB_HL_G|KH52N,0.17497002,-0.10224031,4,0
3NGB_HL_G|MH70A,0.5305512,0.099434435,4,0
3NGB_HL_G|NH105A,1.1185741,-0.29013526,4,0
3NGB_HL_G|NH59A,1.7671243,1.7561133,4,0
3NGB_HL_G|PH63A,-0.04252045,0.29666215,4,0
3NGB_HL_G|PH63K,0.23252328,0.04276175,4,0
3NGB_HL_G|QH65A,-0.34038836,0.6945099,4,0
3NGB_HL_G|QL25A,-0.23060839,0.286924,4,0
3NGB_HL_G|RH54A,-0.25938424,0.87168634,4,0
3NGB_HL_G|RH54N,0.04645046,0.09390081,4,0
3NGB_HL_G|RH62A,0.9958448,1.3001765,4,0
3NGB_HL_G|RH62Q,0.09654992,0.21614453,4,0
3NGB_HL_G|RH72A,1.6432176,2.9593678,4,0
3NGB_HL_G|SL28A,-0.14471176,-0.30838662,4,0
3NGB_HL_G|TH33A,0.7071634,0.6825854,4,0
3NGB_HL_G|TH33Y,0.084193856,-1.0044969,4,0
"3NGB_HL_G|TH33Y,GH56S,AH57G,VH58T,PH63K,VH74T,YH75S",1.9381938,0.30573386,4,0
3NGB_HL_G|VH58A,1.3584284,1.276715,4,0
3NGB_HL_G|VH58T,0.13787223,0.39744818,4,0
3NGB_HL_G|VH74A,1.087914,0.5090877,4,0
3NGB_HL_G|VH74T,0.16493925,0.15359768,4,0
3NGB_HL_G|VL1A,-0.7733632,-0.19307752,4,0
3NGB_HL_G|WH106A,4.0,0.19035289,4,0
3NGB_HL_G|WH47A,1.2021707,0.98566526,4,0
3NGB_HL_G|WH50A,1.2917941,1.1764711,4,0
3NGB_HL_G|YH104A,1.4235861,0.68562305,4,0
3NGB_HL_G|YH60A,0.5484263,0.5385779,4,0
3NGB_HL_G|YH75A,-0.19932224,-0.07431811,4,0
3NGB_HL_G|YH75S,0.3325709,0.09242531,4,0
3NGB_HL_G|YL26A,0.98528093,1.7086815,4,0
3NGB_HL_G|YL26S,0.6512687,1.1904615,4,0
3NGB_HL_G|YL87A,2.0227883,0.6425308,4,0
4JPK_HL_A|DA141R,3.857323,0.62125015,4,0
"4JPK_HL_A|DA159N,DA33N",0.6189681,3.6445866,4,0
4JPK_HL_A|FA144I,1.3875175,0.56187093,4,0
4JPK_HL_A|FA63L,1.1672868,0.35040134,4,0
4JPK_HL_A|RA130K,0.23006605,-0.120973796,4,0
4JPK_HL_A|RA81T,0.75870305,-0.18813019,4,0
4JPK_HL_A|SA41G,2.151695,1.2606932,4,0
4JPK_HL_A|TA35S,-0.032093357,-2.0102143,4,0
4JPK_HL_A|VA30N,0.59459484,1.042637,4,0
"1JRH_LH_I|AI49S,II51T,HI55D",0.070675574,0.21647541,4,1
"1JRH_LH_I|AI85D,KI88R,EI90K",-0.047747865,-0.37800473,4,1
"1JRH_LH_I|AI93L,VI94M",0.63366294,0.17581372,4,1
1JRH_LH_I|DH56A,1.8860998,2.47149,4,1
1JRH_LH_I|DH57A,1.6660647,0.70904684,4,1
1JRH_LH_I|DH58A,1.8546488,0.9214845,4,1
1JRH_LH_I|DL28A,0.43464687,1.6318401,4,1
1JRH_LH_I|EI35Q,0.09956847,-0.16918822,4,1
1JRH_LH_I|EI45A,-0.5657849,0.66467154,4,1
1JRH_LH_I|EI45P,-3.7881775,0.4256894,4,1
"1JRH_LH_I|EI45P,II47L",-3.4567804,0.49974492,4,1
"1JRH_LH_I|EI45P,II47R",-3.4400978,0.5323853,4,1
1JRH_LH_I|EL27A,0.5426153,1.4217099,4,1
1JRH_LH_I|FH103A,0.0,0.40476558,4,1
1JRH_LH_I|GI40A,4.0,0.64965826,4,1
1JRH_LH_I|HH107A,1.6977708,1.0601113,4,1
"1JRH_LH_I|II25N,PI27S,VI29T,VI31I",0.14370596,-0.23474172,4,1
1JRH_LH_I|KI37A,3.713863,0.57542133,4,1
1JRH_LH_I|KI37M,3.2923293,0.2876777,4,1
1JRH_LH_I|KI42A,3.3858175,0.56800985,4,1
1JRH_LH_I|KI42M,4.0,0.29282075,4,1
1JRH_LH_I|KI88A,0.31209365,0.104938105,4,1
"1JRH_LH_I|MI15L,II18V",-0.21360606,0.60275036,4,1
1JRH_LH_I|NI38A,0.1704579,0.46961117,4,1
1JRH_LH_I|NI38Q,0.5344714,-0.5645586,4,1
1JRH_LH_I|NI43A,4.0,0.9413116,4,1
1JRH_LH_I|NI69A,-0.19953421,0.6270002,4,1
1JRH_LH_I|RH100A,0.5426153,1.7528943,4,1
1JRH_LH_I|RI74A,0.3926171,1.6976224,4,1
1JRH_LH_I|SI44A,0.37771076,0.9480927,4,1
"1JRH_LH_I|SI44G,EI45G,II47R",-3.3777049,0.33560503,4,1
"1JRH_LH_I|SI44G,EI45P,II47K",-3.884419,0.36547104,4,1
"1JRH_LH_I|SI61Y,DI62E,HI63Q,VI64I,GI65M,DI66Y,SI68D,NI69V,LI71A",2.9588323,-0.23449063,4,1
1JRH_LH_I|SL93A,-0.65058374,0.85361445,4,1
1JRH_LH_I|TI4V,-0.025565991,-0.35170308,4,1
"1JRH_LH_I|TI9L,EI11K",-0.025565991,0.2246368,4,1
1JRH_LH_I|TL94A,0.38526937,0.63211226,4,1
1JRH_LH_I|VI41A,1.6791569,0.01787285,4,1
"1JRH_LH_I|VI73A,RI78K",-0.21360606,-0.066642605,4,1
1JRH_LH_I|WH54A,2.6862645,3.174959,4,1
1JRH_LH_I|WH55A,2.4213178,1.5444221,4,1
1JRH_LH_I|WI46F,-0.25261214,0.3278602,4,1
1JRH_LH_I|WI46Y,0.29852974,0.06706077,4,1
1JRH_LH_I|WI72A,4.0,1.4572428,4,1
1JRH_LH_I|WI72F,1.102707,0.3180819,4,1
1JRH_LH_I|WI72Y,1.1878273,-0.23114061,4,1
1JRH_LH_I|WL92A,2.818407,1.0082438,4,1
1JRH_LH_I|WL95A,1.6660647,0.93343085,4,1
1JRH_LH_I|YH104A,1.0610564,1.5714508,4,1
1JRH_LH_I|YH32A,1.4333102,1.0277555,4,1
1JRH_LH_I|YH60A,1.2555921,1.8912681,4,1
1JRH_LH_I|YI39A,3.5271235,1.5658269,4,1
1JRH_LH_I|YI39F,0.9087807,0.5468326,4,1
1JRH_LH_I|YL30A,1.1084566,0.97133607,4,1
1JRH_LH_I|YL91A,0.58083415,1.989769,4,1
1KIQ_AB_C|FB101Y,-2.4949589,-0.36721653,4,1
1XGR_AB_C|IB33A,2.260207,2.7716365,4,1
1XGR_AB_C|IB33F,-1.8004549,-0.6519136,4,1
1XGR_AB_C|IB33L,0.061315425,0.7201239,4,1
1XGR_AB_C|IB33V,1.1076277,1.6020747,4,1
2BDN_HL_A|DH31E,1.0852306,0.31720987,4,1
2BDN_HL_A|LH27K,0.8740124,0.37120914,4,1
2BDN_HL_A|LH27R,0.65058374,0.33427262,4,1
2BDN_HL_A|NH28D,0.13214268,-0.5380156,4,1
2BDN_HL_A|NH28Q,1.3994616,0.102890596,4,1
2BDN_HL_A|NL31K,3.4897714,0.3431306,4,1
2BDN_HL_A|NL31R,-0.9171868,0.2967751,4,1
2BDN_HL_A|SL53D,-0.1605731,-0.28860986,4,1
2BDN_HL_A|SL53E,-0.85132045,-0.039173312,4,1
2BDN_HL_A|TL56D,-0.4254655,-0.27505982,4,1
2BDN_HL_A|TL56E,-0.6888026,-0.18066113,4,1
2BDN_HL_A|YL30K,0.67475796,0.97677267,4,1
2NYY_DC_A|DA1030A,0.009336901,0.70894545,4,1
2NYY_DC_A|DA1034A,2.5297937,1.4579762,4,1
2NYY_DC_A|DC30Y,0.64113563,0.19791736,4,1
2NYY_DC_A|EA892A,2.839132,1.275812,4,1
2NYY_DC_A|ED5Q,-0.2479871,0.21032302,4,1
2NYY_DC_A|FA889A,0.4193659,1.627486,4,1
2NYY_DC_A|FA925A,4.0,0.60973704,4,1
2NYY_DC_A|HA1036A,4.0,2.3430903,4,1
2NYY_DC_A|HC34R,0.10088469,-0.07933271,4,1
2NYY_DC_A|IA928A,-0.009487502,0.81657946,4,1
2NYY_DC_A|KA1028A,-0.028934313,0.43873483,4,1
2NYY_DC_A|KA875A,0.29098648,0.8634456,4,1
2NYY_DC_A|KA895A,-0.14014584,0.85984117,4,1
2NYY_DC_A|KD29R,0.071385965,-0.035681456,4,1
"2NYY_DC_A|KD29S,YD30D,DD31H,SD60P",0.04961051,0.83257395,4,1
2NYY_DC_A|LA891A,2.5892105,0.5681772,4,1
2NYY_DC_A|MD33Q,-0.059869844,0.05302361,4,1
2NYY_DC_A|NA890A,0.89044046,0.16056861,4,1
2NYY_DC_A|NA926A,0.09934822,0.45217103,4,1
2NYY_DC_A|QA887A,0.5208145,0.8951003,4,1
2NYY_DC_A|RA1033A,0.82012254,0.4509754,4,1
2NYY_DC_A|RA1266A,0.2995321,0.4289687,4,1
2NYY_DC_A|SA874A,-0.23032175,0.24574581,4,1
2NYY_DC_A|SA927A,0.0,0.56531763,4,1
2NYY_DC_A|SC28Q,0.4133828,0.38708484,4,1
2NYY_DC_A|SC31N,-0.35338265,0.08882049,4,1
2NYY_DC_A|TA1035A,1.630871,0.23096271,4,1
2NYY_DC_A|VD36I,-0.21317148,0.09671861,4,1
"2NYY_DC_A|VD36I,ED5Q",-0.0490461,0.2820889,4,1
2NYY_DC_A|YD30D,0.06462482,0.4755073,4,1
2NYY_DC_A|YD30Q,0.12897444,0.85338193,4,1
2NYY_DC_A|YD56Q,0.5196862,0.5771061,4,1
2NZ9_DC_A|DA1030A,-0.031082604,0.83266157,4,1
2NZ9_DC_A|DA1034A,2.3396032,1.2581292,4,1
2NZ9_DC_A|EA892A,2.77036,1.4236602,4,1
2NZ9_DC_A|FA889A,-0.04961051,1.3762037,4,1
2NZ9_DC_A|FA925A,3.340439,0.7052956,4,1
2NZ9_DC_A|HA1036A,4.0,2.013368,4,1
2NZ9_DC_A|IA928A,0.069281444,0.7633222,4,1
2NZ9_DC_A|KA1028A,-0.008714417,0.43361893,4,1
2NZ9_DC_A|KA875A,0.5407011,0.7962009,4,1
2NZ9_DC_A|KA895A,-0.29975358,0.9014022,4,1
2NZ9_DC_A|LA891A,2.279965,0.6074187,4,1
2NZ9_DC_A|NA890A,2.1600318,0.1501017,4,1
2NZ9_DC_A|NA926A,-0.15216734,0.35305402,4,1
2NZ9_DC_A|QA887A,0.09926054,0.8507491,4,1
2NZ9_DC_A|RA1033A,0.29088098,0.41909617,4,1
2NZ9_DC_A|RA1266A,0.39015788,0.33483675,4,1
2NZ9_DC_A|SA874A,-0.11948046,0.14507379,4,1
2NZ9_DC_A|SA927A,-0.078544825,0.5900529,4,1
"2NZ9_DC_A|SD29K,DD30Y,HD31D",-0.04961051,-0.49865583,4,1
2NZ9_DC_A|TA1035A,2.3703818,0.28823105,4,1
2VIS_AB_C|IC89T,-4.0,-0.08574453,4,1
"3BE1_HL_A|DL28N,PL30A,RL31K,SL32T,TL97S,TL98S",-0.6860794,-0.7693765,4,1
"3BE1_HL_A|DL28N,PL30A,RL31K,SL32T,TL97S,TL98S,KH30S,DH31G,TH54S,NH55E,GH100V,DH102V",-2.7728782,-2.389193,4,1
"3BE1_HL_A|DL28N,PL30A,RL31K,SL32T,TL97S,TL98S,KH30S,DH31G,TH54S,NH55E,GH100V,DH102V,YL36A",-3.190238,-1.5238898,4,1
"3BE1_HL_A|DL28N,PL30A,RL31K,SL32T,TL97S,TL98S,KH30S,DH31G,TH54S,NH55E,GH100V,DH102V,YL36A,IL33A",-2.7728782,-1.1277541,4,1
"3BE1_HL_A|DL28N,PL30A,RL31K,SL32T,YL57F,TL97S,TL98S",-0.8683455,-0.8097929,4,1
"3BE1_HL_A|DL28N,PL30A,RL31K,SL32T,YL57F,TL97S,TL98S,KH30S,DH31G,TH54S,NH55E,GH100V,DH102V",-2.8824897,-2.4959133,4,1
3LZF_AB_HL|DA187E,0.49836498,0.4745685,4,1
"3LZF_AB_HL|DA187E,DA222G",0.12738612,1.1217812,4,1
3LZF_AB_HL|DA222G,0.5378587,0.24274479,4,1
3NGB_HL_G|AH57G,-0.056030333,-0.86307657,4,1
"3NGB_HL_G|AH57G,VH58T,PH63K,VH74T",1.6734211,-0.8311133,4,1
"3NGB_HL_G|CH32S,CH102A",0.25899792,0.45764142,4,1
3NGB_HL_G|DH103A,0.05987142,0.20197776,4,1
3NGB_HL_G|EL88A,1.3199503,0.8240007,4,1
3NGB_HL_G|FL89A,0.85886127,1.0072236,4,1
3NGB_HL_G|GH55A,-1.2766591,0.98248315,4,1
3NGB_HL_G|GH55S,0.74304354,0.5416944,4,1
3NGB_HL_G|GH56A,1.2656107,0.9106531,4,1
3NGB_HL_G|IH30A,-0.0027431613,0.43319964,4,1
3NGB_HL_G|IH30T,0.0733938,-0.14987259,4,1
"3NGB_HL_G|IH30T,KH52N,RH54N,GH55S,AH57G,VH58T,RH62Q,PH63K,VH74T,YH75S,YL26S",0.86214453,0.76308143,4,1
3NGB_HL_G|KH52A,0.62288266,1.0377479,4,1
3NGB_HL_G|KH52N,0.17497002,0.39796987,4,1
3NGB_HL_G|MH70A,0.5305512,1.0306435,4,1
3NGB_HL_G|NH105A,1.1185741,0.36539134,4,1
3NGB_HL_G|NH59A,1.7671243,0.9724057,4,1
3NGB_HL_G|PH63A,-0.04252045,0.22808173,4,1
3NGB_HL_G|PH63K,0.23252328,-0.06550714,4,1
3NGB_HL_G|QH65A,-0.34038836,0.92257935,4,1
3NGB_HL_G|QL25A,-0.23060839,0.55848724,4,1
3NGB_HL_G|RH54A,-0.25938424,0.68570733,4,1
3NGB_HL_G|RH54N,0.04645046,0.2752689,4,1
3NGB_HL_G|RH62A,0.9958448,0.5087819,4,1
3NGB_HL_G|RH62Q,0.09654992,0.01572421,4,1
3NGB_HL_G|RH72A,1.6432176,1.2678379,4,1
3NGB_HL_G|SL28A,-0.14471176,0.37841803,4,1
3NGB_HL_G|TH33A,0.7071634,1.0619737,4,1
3NGB_HL_G|TH33Y,0.084193856,-0.8103441,4,1
"3NGB_HL_G|TH33Y,GH56S,AH57G,VH58T,PH63K,VH74T,YH75S",1.9381938,-0.8316114,4,1
3NGB_HL_G|VH58A,1.3584284,1.2881552,4,1
3NGB_HL_G|VH58T,0.13787223,0.41280073,4,1
3NGB_HL_G|VH74A,1.087914,0.9250591,4,1
3NGB_HL_G|VH74T,0.16493925,0.04300504,4,1
3NGB_HL_G|VL1A,-0.7733632,0.13991168,4,1
3NGB_HL_G|WH106A,4.0,0.97028625,4,1
3NGB_HL_G|WH47A,1.2021707,1.7367957,4,1
3NGB_HL_G|WH50A,1.2917941,2.189209,4,1
3NGB_HL_G|YH104A,1.4235861,0.71024066,4,1
3NGB_HL_G|YH60A,0.5484263,1.058244,4,1
3NGB_HL_G|YH75A,-0.19932224,0.27591962,4,1
3NGB_HL_G|YH75S,0.3325709,-0.07457252,4,1
3NGB_HL_G|YL26A,0.98528093,0.6033054,4,1
3NGB_HL_G|YL26S,0.6512687,0.09246667,4,1
3NGB_HL_G|YL87A,2.0227883,2.7401907,4,1
4JPK_HL_A|DA141R,3.857323,0.40257385,4,1
"4JPK_HL_A|DA159N,DA33N",0.6189681,0.73507917,4,1
4JPK_HL_A|FA144I,1.3875175,0.8009337,4,1
4JPK_HL_A|FA63L,1.1672868,0.7539665,4,1
4JPK_HL_A|RA130K,0.23006605,-0.21757953,4,1
4JPK_HL_A|RA81T,0.75870305,0.07406716,4,1
4JPK_HL_A|SA41G,2.151695,0.4787034,4,1
4JPK_HL_A|TA35S,-0.032093357,-0.5013916,4,1
4JPK_HL_A|VA30N,0.59459484,-0.01664254,4,1
"1JRH_LH_I|AI49S,II51T,HI55D",0.070675574,-0.12639025,4,2
"1JRH_LH_I|AI85D,KI88R,EI90K",-0.047747865,-0.26846692,4,2
"1JRH_LH_I|AI93L,VI94M",0.63366294,-0.40164042,4,2
1JRH_LH_I|DH56A,1.8860998,0.1363324,4,2
1JRH_LH_I|DH57A,1.6660647,0.04276772,4,2
1JRH_LH_I|DH58A,1.8546488,0.059979983,4,2
1JRH_LH_I|DL28A,0.43464687,0.03805639,4,2
1JRH_LH_I|EI35Q,0.09956847,0.091795295,4,2
1JRH_LH_I|EI45A,-0.5657849,0.0012586452,4,2
1JRH_LH_I|EI45P,-3.7881775,0.001779397,4,2
"1JRH_LH_I|EI45P,II47L",-3.4567804,0.048910454,4,2
"1JRH_LH_I|EI45P,II47R",-3.4400978,0.12874466,4,2
1JRH_LH_I|EL27A,0.5426153,0.09855366,4,2
1JRH_LH_I|FH103A,0.0,0.010122581,4,2
1JRH_LH_I|GI40A,4.0,0.05890259,4,2
1JRH_LH_I|HH107A,1.6977708,0.14086923,4,2
"1JRH_LH_I|II25N,PI27S,VI29T,VI31I",0.14370596,0.09698385,4,2
1JRH_LH_I|KI37A,3.713863,0.039759036,4,2
1JRH_LH_I|KI37M,3.2923293,0.105273746,4,2
1JRH_LH_I|KI42A,3.3858175,0.030123109,4,2
1JRH_LH_I|KI42M,4.0,0.07138505,4,2
1JRH_LH_I|KI88A,0.31209365,0.043704618,4,2
"1JRH_LH_I|MI15L,II18V",-0.21360606,0.036056034,4,2
1JRH_LH_I|NI38A,0.1704579,-0.04979761,4,2
1JRH_LH_I|NI38Q,0.5344714,0.004349989,4,2
1JRH_LH_I|NI43A,4.0,0.10128556,4,2
1JRH_LH_I|NI69A,-0.19953421,0.095558524,4,2
1JRH_LH_I|RH100A,0.5426153,0.016667731,4,2
1JRH_LH_I|RI74A,0.3926171,0.07346979,4,2
1JRH_LH_I|SI44A,0.37771076,-0.0077190604,4,2
"1JRH_LH_I|SI44G,EI45G,II47R",-3.3777049,-0.19940136,4,2
"1JRH_LH_I|SI44G,EI45P,II47K",-3.884419,-0.003704626,4,2
"1JRH_LH_I|SI61Y,DI62E,HI63Q,VI64I,GI65M,DI66Y,SI68D,NI69V,LI71A",2.9588323,0.294444,4,2
1JRH_LH_I|SL93A,-0.65058374,0.019893823,4,2
1JRH_LH_I|TI4V,-0.025565991,0.106274165,4,2
"1JRH_LH_I|TI9L,EI11K",-0.025565991,-0.0048176125,4,2
1JRH_LH_I|TL94A,0.38526937,-0.010801753,4,2
1JRH_LH_I|VI41A,1.6791569,0.07834322,4,2
"1JRH_LH_I|VI73A,RI78K",-0.21360606,0.047963448,4,2
1JRH_LH_I|WH54A,2.6862645,0.10203889,4,2
1JRH_LH_I|WH55A,2.4213178,0.031690717,4,2
1JRH_LH_I|WI46F,-0.25261214,-0.022323294,4,2
1JRH_LH_I|WI46Y,0.29852974,0.01678008,4,2
1JRH_LH_I|WI72A,4.0,0.075183526,4,2
1JRH_LH_I|WI72F,1.102707,-0.015456526,4,2
1JRH_LH_I|WI72Y,1.1878273,0.0271701,4,2
1JRH_LH_I|WL92A,2.818407,0.046004906,4,2
1JRH_LH_I|WL95A,1.6660647,0.019485354,4,2
1JRH_LH_I|YH104A,1.0610564,0.16327439,4,2
1JRH_LH_I|YH32A,1.4333102,0.07069361,4,2
1JRH_LH_I|YH60A,1.2555921,0.09594351,4,2
1JRH_LH_I|YI39A,3.5271235,0.082745105,4,2
1JRH_LH_I|YI39F,0.9087807,0.10626898,4,2
1JRH_LH_I|YL30A,1.1084566,0.06952033,4,2
1JRH_LH_I|YL91A,0.58083415,0.10425967,4,2
1KIQ_AB_C|FB101Y,-2.4949589,0.007751845,4,2
1XGR_AB_C|IB33A,2.260207,-0.03428892,4,2
1XGR_AB_C|IB33F,-1.8004549,-0.041475527,4,2
1XGR_AB_C|IB33L,0.061315425,0.012565171,4,2
1XGR_AB_C|IB33V,1.1076277,0.109619126,4,2
2BDN_HL_A|DH31E,1.0852306,0.049158767,4,2
2BDN_HL_A|LH27K,0.8740124,0.036902707,4,2
2BDN_HL_A|LH27R,0.65058374,0.05925478,4,2
2BDN_HL_A|NH28D,0.13214268,-0.052165434,4,2
2BDN_HL_A|NH28Q,1.3994616,0.057909064,4,2
2BDN_HL_A|NL31K,3.4897714,0.035626054,4,2
2BDN_HL_A|NL31R,-0.9171868,0.05938726,4,2
2BDN_HL_A|SL53D,-0.1605731,-0.058401942,4,2
2BDN_HL_A|SL53E,-0.85132045,-0.082021445,4,2
2BDN_HL_A|TL56D,-0.4254655,-0.088147596,4,2
2BDN_HL_A|TL56E,-0.6888026,-0.088992745,4,2
2BDN_HL_A|YL30K,0.67475796,0.1885475,4,2
2NYY_DC_A|DA1030A,0.009336901,0.03334462,4,2
2NYY_DC_A|DA1034A,2.5297937,0.09613478,4,2
2NYY_DC_A|DC30Y,0.64113563,0.17731954,4,2
2NYY_DC_A|EA892A,2.839132,-0.01539335,4,2
2NYY_DC_A|ED5Q,-0.2479871,0.0559787,4,2
2NYY_DC_A|FA889A,0.4193659,0.05991687,4,2
2NYY_DC_A|FA925A,4.0,0.0590026,4,2
2NYY_DC_A|HA1036A,4.0,0.21855414,4,2
2NYY_DC_A|HC34R,0.10088469,0.12823306,4,2
2NYY_DC_A|IA928A,-0.009487502,0.095032185,4,2
2NYY_DC_A|KA1028A,-0.028934313,-0.004872268,4,2
2NYY_DC_A|KA875A,0.29098648,0.08630697,4,2
2NYY_DC_A|KA895A,-0.14014584,0.1023233,4,2
2NYY_DC_A|KD29R,0.071385965,0.045679558,4,2
"2NYY_DC_A|KD29S,YD30D,DD31H,SD60P",0.04961051,0.15743557,4,2
2NYY_DC_A|LA891A,2.5892105,0.040359914,4,2
2NYY_DC_A|MD33Q,-0.059869844,0.06232211,4,2
2NYY_DC_A|NA890A,0.89044046,-0.03521233,4,2
2NYY_DC_A|NA926A,0.09934822,-0.047016084,4,2
2NYY_DC_A|QA887A,0.5208145,-0.029753862,4,2
2NYY_DC_A|RA1033A,0.82012254,0.038714267,4,2
2NYY_DC_A|RA1266A,0.2995321,0.08689247,4,2
2NYY_DC_A|SA874A,-0.23032175,0.011204636,4,2
2NYY_DC_A|SA927A,0.0,-0.0017530862,4,2
2NYY_DC_A|SC28Q,0.4133828,0.082192175,4,2
2NYY_DC_A|SC31N,-0.35338265,0.08377414,4,2
2NYY_DC_A|TA1035A,1.630871,0.02441066,4,2
2NYY_DC_A|VD36I,-0.21317148,0.027906308,4,2
"2NYY_DC_A|VD36I,ED5Q",-0.0490461,0.019518076,4,2
2NYY_DC_A|YD30D,0.06462482,0.102479115,4,2
2NYY_DC_A|YD30Q,0.12897444,0.11281598,4,2
2NYY_DC_A|YD56Q,0.5196862,0.07119835,4,2
2NZ9_DC_A|DA1030A,-0.031082604,0.028325913,4,2
2NZ9_DC_A|DA1034A,2.3396032,0.061630443,4,2
2NZ9_DC_A|EA892A,2.77036,0.018282622,4,2
2NZ9_DC_A|FA889A,-0.04961051,0.07857275,4,2
2NZ9_DC_A|FA925A,3.340439,0.04674937,4,2
2NZ9_DC_A|HA1036A,4.0,0.1578255,4,2
2NZ9_DC_A|IA928A,0.069281444,0.064025275,4,2
2NZ9_DC_A|KA1028A,-0.008714417,-0.002072163,4,2
2NZ9_DC_A|KA875A,0.5407011,0.076296136,4,2
2NZ9_DC_A|KA895A,-0.29975358,0.09477533,4,2
2NZ9_DC_A|LA891A,2.279965,0.052658908,4,2
2NZ9_DC_A|NA890A,2.1600318,-0.034242883,4,2
2NZ9_DC_A|NA926A,-0.15216734,-0.059314564,4,2
2NZ9_DC_A|QA887A,0.09926054,-0.017928278,4,2
2NZ9_DC_A|RA1033A,0.29088098,0.0300789,4,2
2NZ9_DC_A|RA1266A,0.39015788,0.056918204,4,2
2NZ9_DC_A|SA874A,-0.11948046,-0.031515792,4,2
2NZ9_DC_A|SA927A,-0.078544825,0.00046158396,4,2
"2NZ9_DC_A|SD29K,DD30Y,HD31D",-0.04961051,0.0065085497,4,2
2NZ9_DC_A|TA1035A,2.3703818,0.051260628,4,2
2VIS_AB_C|IC89T,-4.0,0.038600877,4,2
"3BE1_HL_A|DL28N,PL30A,RL31K,SL32T,TL97S,TL98S",-0.6860794,0.20843339,4,2
"3BE1_HL_A|DL28N,PL30A,RL31K,SL32T,TL97S,TL98S,KH30S,DH31G,TH54S,NH55E,GH100V,DH102V",-2.7728782,0.09429379,4,2
"3BE1_HL_A|DL28N,PL30A,RL31K,SL32T,TL97S,TL98S,KH30S,DH31G,TH54S,NH55E,GH100V,DH102V,YL36A",-3.190238,0.1774687,4,2
"3BE1_HL_A|DL28N,PL30A,RL31K,SL32T,TL97S,TL98S,KH30S,DH31G,TH54S,NH55E,GH100V,DH102V,YL36A,IL33A",-2.7728782,0.23363449,4,2
"3BE1_HL_A|DL28N,PL30A,RL31K,SL32T,YL57F,TL97S,TL98S",-0.8683455,0.3237605,4,2
"3BE1_HL_A|DL28N,PL30A,RL31K,SL32T,YL57F,TL97S,TL98S,KH30S,DH31G,TH54S,NH55E,GH100V,DH102V",-2.8824897,0.18026142,4,2
3LZF_AB_HL|DA187E,0.49836498,-0.03483443,4,2
"3LZF_AB_HL|DA187E,DA222G",0.12738612,-0.14938551,4,2
3LZF_AB_HL|DA222G,0.5378587,-0.05137123,4,2
3NGB_HL_G|AH57G,-0.056030333,-0.46802974,4,2
"3NGB_HL_G|AH57G,VH58T,PH63K,VH74T",1.6734211,-0.43479666,4,2
"3NGB_HL_G|CH32S,CH102A",0.25899792,-0.036077634,4,2
3NGB_HL_G|DH103A,0.05987142,0.041600242,4,2
3NGB_HL_G|EL88A,1.3199503,0.0009556273,4,2
3NGB_HL_G|FL89A,0.85886127,0.092880726,4,2
3NGB_HL_G|GH55A,-1.2766591,0.035806097,4,2
3NGB_HL_G|GH55S,0.74304354,0.18373267,4,2
3NGB_HL_G|GH56A,1.2656107,0.09582071,4,2
3NGB_HL_G|IH30A,-0.0027431613,-0.009426251,4,2
3NGB_HL_G|IH30T,0.0733938,0.035033576,4,2
"3NGB_HL_G|IH30T,KH52N,RH54N,GH55S,AH57G,VH58T,RH62Q,PH63K,VH74T,YH75S,YL26S",0.86214453,0.4852785,4,2
3NGB_HL_G|KH52A,0.62288266,0.043648567,4,2
3NGB_HL_G|KH52N,0.17497002,0.07445852,4,2
3NGB_HL_G|MH70A,0.5305512,0.049503587,4,2
3NGB_HL_G|NH105A,1.1185741,-0.07357842,4,2
3NGB_HL_G|NH59A,1.7671243,0.10650417,4,2
3NGB_HL_G|PH63A,-0.04252045,-0.08440056,4,2
3NGB_HL_G|PH63K,0.23252328,-0.025752572,4,2
3NGB_HL_G|QH65A,-0.34038836,0.055446714,4,2
3NGB_HL_G|QL25A,-0.23060839,0.0045529325,4,2
3NGB_HL_G|RH54A,-0.25938424,0.097534746,4,2
3NGB_HL_G|RH54N,0.04645046,0.18713404,4,2
3NGB_HL_G|RH62A,0.9958448,0.044359468,4,2
3NGB_HL_G|RH62Q,0.09654992,0.101782076,4,2
3NGB_HL_G|RH72A,1.6432176,-0.017234063,4,2
3NGB_HL_G|SL28A,-0.14471176,-0.014227578,4,2
3NGB_HL_G|TH33A,0.7071634,-0.04554005,4,2
3NGB_HL_G|TH33Y,0.084193856,-0.020767102,4,2
"3NGB_HL_G|TH33Y,GH56S,AH57G,VH58T,PH63K,VH74T,YH75S",1.9381938,-0.20745571,4,2
3NGB_HL_G|VH58A,1.3584284,0.12173648,4,2
3NGB_HL_G|VH58T,0.13787223,0.13439466,4,2
3NGB_HL_G|VH74A,1.087914,0.023639547,4,2
3NGB_HL_G|VH74T,0.16493925,0.09264348,4,2
3NGB_HL_G|VL1A,-0.7733632,0.027942663,4,2
3NGB_HL_G|WH106A,4.0,0.06072565,4,2
3NGB_HL_G|WH47A,1.2021707,-0.01801738,4,2
3NGB_HL_G|WH50A,1.2917941,0.049143806,4,2
3NGB_HL_G|YH104A,1.4235861,0.05752209,4,2
3NGB_HL_G|YH60A,0.5484263,0.016987283,4,2
3NGB_HL_G|YH75A,-0.19932224,0.0515308,4,2
3NGB_HL_G|YH75S,0.3325709,0.13450177,4,2
3NGB_HL_G|YL26A,0.98528093,0.023691485,4,2
3NGB_HL_G|YL26S,0.6512687,0.08964533,4,2
3NGB_HL_G|YL87A,2.0227883,0.108099096,4,2
4JPK_HL_A|DA141R,3.857323,0.112988845,4,2
"4JPK_HL_A|DA159N,DA33N",0.6189681,0.06950462,4,2
4JPK_HL_A|FA144I,1.3875175,0.050393507,4,2
4JPK_HL_A|FA63L,1.1672868,0.15998918,4,2
4JPK_HL_A|RA130K,0.23006605,0.0022723097,4,2
4JPK_HL_A|RA81T,0.75870305,0.13722704,4,2
4JPK_HL_A|SA41G,2.151695,-0.15225245,4,2
4JPK_HL_A|TA35S,-0.032093357,0.05956097,4,2
4JPK_HL_A|VA30N,0.59459484,0.06349269,4,2
