row_id,ddg_true,ddg_pred,fold,seed
1AHW_AB_C|DC167A,-0.4845926,-0.057359118,0,0
"1AHW_AB_C|KC138A,DC139A",1.1814722,0.047148503,0,0
"1AHW_AB_C|KC154A,KC155A",-1.329712,0.09723093,0,0
1AHW_AB_C|LC165A,0.9869364,-0.051982425,0,0
1AHW_AB_C|NC188A,1.0782224,-0.009334207,0,0
"1AHW_AB_C|TC110A,KC111A",0.6388569,0.02379033,0,0
1AHW_AB_C|TC156A,-0.07411996,0.011462532,0,0
1AHW_AB_C|TC159A,1.105771,0.021599881,0,0
1AHW_AB_C|TC186A,1.345882,-0.01111158,0,0
1AHW_AB_C|VC187A,-0.31423107,-0.043225586,0,0
1AHW_AB_C|YC146A,-1.8890098,0.050874375,0,0
1BJ1_HL_VW|HH101Y,-1.5835956,-0.122933015,0,0
"1BJ1_HL_VW|HH101Y,YH103I,GH104A,SH105K",-0.43125325,-0.257725,0,0
"1BJ1_HL_VW|HH101Y,YH103R,GH104N,SH105T",-0.7626503,-0.30252418,0,0
"1BJ1_HL_VW|HH101Y,YH103R,SH105T",-1.173123,-0.15821081,0,0
1BJ1_HL_VW|HH107A,0.78965265,-0.006618418,0,0
"1BJ1_HL_VW|LH72I,TH74K",0.076517485,-0.21405756,0,0
"1BJ1_HL_VW|LH72V,TH74V",0.6706598,-0.106802255,0,0
"1BJ1_HL_VW|ML4L,TH28D,NH31H,HH101Y,SH105T",-1.52138,-0.1553601,0,0
1BJ1_HL_VW|NH31H,-0.7626503,-0.027698383,0,0
1BJ1_HL_VW|SH105T,-0.39039657,-0.09321761,0,0
1BJ1_HL_VW|TH28D,-0.22003505,-0.105835155,0,0
"1BJ1_HL_VW|TH28D,NH31H",-0.6929008,-0.114406295,0,0
"1BJ1_HL_VW|TH28D,NH31H,YH54W,HH101Y,SH105T",-1.2034981,-0.082169846,0,0
1BJ1_HL_VW|TH59A,0.85066694,0.056586243,0,0
1BJ1_HL_VW|YH27A,2.2425284,0.012406558,0,0
1BJ1_HL_VW|YH54A,1.3276595,0.16606164,0,0
1BJ1_HL_VW|YH54W,-0.13726985,-0.04231253,0,0
1BJ1_HL_VW|YH99A,4.0,0.057167865,0,0
1DQJ_AB_C|DB32A,2.0134337,-0.032835566,0,0
"1DQJ_AB_C|DB32A,KC97A",1.1223834,0.10969528,0,0
1DQJ_AB_C|DC101A,1.3765504,0.10744908,0,0
1DQJ_AB_C|KC96A,4.0,0.112378545,0,0
1DQJ_AB_C|KC97A,3.5197058,0.07641638,0,0
1DQJ_AB_C|LC75A,1.452407,0.15928054,0,0
1DQJ_AB_C|NA31A,2.0134337,0.068558656,0,0
1DQJ_AB_C|NA32A,4.0,0.227824,0,0
"1DQJ_AB_C|NA32A,KC96A",4.0,0.41845787,0,0
1DQJ_AB_C|NC93A,0.64987326,0.035198204,0,0
1DQJ_AB_C|RC21A,1.2137709,0.13366356,0,0
1DQJ_AB_C|SA91A,1.4318883,0.017605588,0,0
"1DQJ_AB_C|SA91A,RC21A",3.1707318,0.16154209,0,0
"1DQJ_AB_C|SA91A,YC20A",3.573092,0.14221233,0,0
1DQJ_AB_C|SC100A,0.7755829,0.06468686,0,0
1DQJ_AB_C|TC89A,0.84084374,0.010705113,0,0
1DQJ_AB_C|WB98A,4.0,0.09561121,0,0
"1DQJ_AB_C|WB98A,KC97A",4.0,0.2354162,0,0
"1DQJ_AB_C|WB98A,SC100A",4.0,0.15315452,0,0
"1DQJ_AB_C|WB98A,YC20A",4.0,0.25039586,0,0
1DQJ_AB_C|WC62A,0.7580786,0.054762878,0,0
1DQJ_AB_C|WC63A,1.3462692,0.12361882,0,0
1DQJ_AB_C|YA50A,2.678299,0.106244035,0,0
1DQJ_AB_C|YA96A,1.135051,0.072485365,0,0
"1DQJ_AB_C|YA96A,RC21A",3.4851997,0.2762936,0,0
"1DQJ_AB_C|YA96A,SC100A",0.91344726,0.12795097,0,0
1DQJ_AB_C|YB33A,4.0,0.08338887,0,0
1DQJ_AB_C|YB50A,4.0,0.105018415,0,0
1DQJ_AB_C|YB53A,1.1802781,0.17377698,0,0
"1DQJ_AB_C|YB53A,DC101A",2.727121,0.37268063,0,0
"1DQJ_AB_C|YB53A,LC75A",1.2168618,0.4386629,0,0
"1DQJ_AB_C|YB53A,WC62A",1.286308,0.31406182,0,0
"1DQJ_AB_C|YB53A,WC63A",2.1992323,0.36071223,0,0
1DQJ_AB_C|YC20A,3.2857084,0.10375283,0,0
1XGT_AB_C|LB33A,2.1988916,-0.044985816,0,0
1XGT_AB_C|LB33F,-1.8617703,-0.1172935,0,0
1XGT_AB_C|LB33I,-0.061315425,-0.045040105,0,0
1XGT_AB_C|LB33V,1.0463123,-0.06842827,0,0
"3BDY_HL_V|DL28N,PL30A,RL31K,SL32T,TL97S,TL98S",-0.9690793,-0.080501236,0,0
"3BDY_HL_V|DL28N,PL30A,RL31K,SL32T,TL97S,TL98S,KH31S,DH32G,TH55S,NH56E,GH101V,DH103V",-2.7154896,-0.14331603,0,0
"3BDY_HL_V|DL28N,PL30A,RL31K,SL32T,TL97S,TL98S,KH31S,DH32G,TH55S,NH56E,GH101V,DH103V,RH51A,RH60A",-2.7728782,0.08599869,0,0
"3BDY_HL_V|DL28N,PL30A,RL31K,SL32T,YL57F,TL97S,TL98S",-0.97316396,-0.05732777,0,0
"3BDY_HL_V|DL28N,PL30A,RL31K,SL32T,YL57F,TL97S,TL98S,KH31S,DH32G,TH55S,NH56E,GH101V,DH103V",-2.727121,-0.14387234,0,0
3HFM_HL_Y|DH32A,1.8982269,-0.071007326,0,0
"3HFM_HL_Y|DH32A,KY97A",4.0,0.04894682,0,0
"3HFM_HL_Y|DH32A,KY97M",1.1234494,-0.015612178,0,0
3HFM_HL_Y|DH32N,0.17036153,-0.12742805,0,0
"3HFM_HL_Y|DH32N,KY97A",4.0,0.01064498,0,0
"3HFM_HL_Y|DH32N,KY97M",0.3025042,-0.037472934,0,0
3HFM_HL_Y|DY101A,1.2081919,0.0743509,0,0
3HFM_HL_Y|DY101E,2.132881,0.11099122,0,0
3HFM_HL_Y|DY101F,2.3282614,-0.0396933,0,0
3HFM_HL_Y|DY101G,0.35884774,0.13961214,0,0
3HFM_HL_Y|DY101K,2.1245396,0.01023636,0,0
3HFM_HL_Y|DY101N,1.4911126,0.030810408,0,0
3HFM_HL_Y|DY101Q,2.0851746,0.042406566,0,0
3HFM_HL_Y|DY101R,2.2798727,-0.087543085,0,0
3HFM_HL_Y|DY101S,1.8694,0.013241537,0,0
3HFM_HL_Y|GY102V,0.395285,-0.15524016,0,0
3HFM_HL_Y|HY15A,-0.4453172,0.024170108,0,0
3HFM_HL_Y|IY98A,0.0,-0.008169569,0,0
3HFM_HL_Y|KY96A,4.0,0.09149542,0,0
3HFM_HL_Y|KY96M,4.0,-0.026852302,0,0
3HFM_HL_Y|KY96R,4.0,-0.03600461,0,0
3HFM_HL_Y|KY97A,4.0,0.054813318,0,0
3HFM_HL_Y|KY97D,4.0,0.060108878,0,0
3HFM_HL_Y|KY97E,3.6045077,0.047607653,0,0
3HFM_HL_Y|KY97G,4.0,0.13280565,0,0
3HFM_HL_Y|KY97M,0.9469717,-0.03651472,0,0
3HFM_HL_Y|KY97R,3.0528512,-0.045891717,0,0
3HFM_HL_Y|LY75A,0.70445603,0.047410138,0,0
3HFM_HL_Y|NL31A,4.0,0.030626856,0,0
"3HFM_HL_Y|NL31A,KY96A",4.0,0.16391206,0,0
3HFM_HL_Y|NL31D,1.3434845,0.082670294,0,0
3HFM_HL_Y|NL31E,4.0,0.041282356,0,0
3HFM_HL_Y|NL32A,4.0,0.15569979,0,0
3HFM_HL_Y|NY19D,0.41047263,-0.0022396594,0,0
3HFM_HL_Y|NY19K,0.2401111,-0.1432297,0,0
3HFM_HL_Y|NY19Q,-0.042485796,-0.08133605,0,0
3HFM_HL_Y|NY93A,0.21121821,0.01948233,0,0
3HFM_HL_Y|QL53A,0.9530879,0.029263757,0,0
3HFM_HL_Y|RY21A,0.8618019,0.1640088,0,0
3HFM_HL_Y|RY21E,2.4534352,0.17834613,0,0
3HFM_HL_Y|RY21G,2.4220753,0.22215053,0,0
3HFM_HL_Y|RY21H,2.1693182,0.11453346,0,0
3HFM_HL_Y|RY21K,1.766342,0.10569111,0,0
3HFM_HL_Y|RY21M,2.0498905,0.05274243,0,0
3HFM_HL_Y|RY21N,2.3282614,0.11301822,0,0
3HFM_HL_Y|RY21Q,2.3975346,0.08614542,0,0
3HFM_HL_Y|RY21W,2.132881,-0.09222971,0,0
3HFM_HL_Y|RY73A,-0.3313971,0.08433259,0,0
3HFM_HL_Y|SH31A,0.17036153,-0.010216601,0,0
3HFM_HL_Y|SY100A,0.26765963,0.058690555,0,0
3HFM_HL_Y|TY89A,0.0,-0.021529257,0,0
3HFM_HL_Y|WH98A,4.0,0.06648173,0,0
"3HFM_HL_Y|WH98A,KY96A",4.0,0.18839693,0,0
3HFM_HL_Y|WH98F,3.245562,-0.031929977,0,0
"3HFM_HL_Y|WH98F,YY20A",4.0,0.084534205,0,0
3HFM_HL_Y|WY63A,0.31918663,0.111860014,0,0
3HFM_HL_Y|YH33A,4.0,0.064481385,0,0
"3HFM_HL_Y|YH33A,KY97A",4.0,0.17089,0,0
3HFM_HL_Y|YH33F,1.0712212,0.059521236,0,0
3HFM_HL_Y|YH33L,2.0069382,-0.027297053,0,0
3HFM_HL_Y|YH33W,1.7495645,-0.068902746,0,0
3HFM_HL_Y|YH50A,4.0,0.063950144,0,0
"3HFM_HL_Y|YH50A,RY21A",4.0,0.2684739,0,0
3HFM_HL_Y|YH50F,1.6099914,0.029539406,0,0
3HFM_HL_Y|YH50L,2.8488367,-0.031321056,0,0
3HFM_HL_Y|YH53A,3.25038,0.11928513,0,0
3HFM_HL_Y|YH53F,0.62049925,0.060835294,0,0
3HFM_HL_Y|YH53L,0.8068894,0.016133696,0,0
3HFM_HL_Y|YH53W,0.7061819,-0.03931148,0,0
3HFM_HL_Y|YH58A,1.6760437,0.10274019,0,0
3HFM_HL_Y|YH58F,0.36312544,0.03712035,0,0
3HFM_HL_Y|YH58L,1.5136731,0.011813827,0,0
3HFM_HL_Y|YL50A,4.0,0.091185234,0,0
"3HFM_HL_Y|YL50A,KY96A",4.0,0.2266655,0,0
"3HFM_HL_Y|YL50A,KY97A",4.0,0.20192465,0,0
"3HFM_HL_Y|YL50A,RY21A",4.0,0.30979303,0,0
3HFM_HL_Y|YL50F,2.3548672,0.03338764,0,0
"3HFM_HL_Y|YL50F,RY21A",4.0,0.1829792,0,0
"3HFM_HL_Y|YL50F,YY20A",4.0,0.14006758,0,0
3HFM_HL_Y|YL50L,4.0,0.014744066,0,0
3HFM_HL_Y|YL96A,2.707045,0.076874696,0,0
"3HFM_HL_Y|YL96A,RY21A",4.0,0.30138454,0,0
3HFM_HL_Y|YL96F,1.4017794,0.040100515,0,0
"3HFM_HL_Y|YL96F,RY21A",4.0,0.18865514,0,0
3HFM_HL_Y|YY20A,4.0,0.1024797,0,0
3HFM_HL_Y|YY20F,-0.4839681,0.049854197,0,0
3HFM_HL_Y|YY20L,2.1845057,0.029706381,0,0
3SE9_HL_G|DH77A,-0.7664817,-0.03656596,0,0
3SE9_HL_G|EL90A,0.41735974,-0.019518875,0,0
3SE9_HL_G|FL91A,0.023615688,0.05081799,0,0
3SE9_HL_G|GH106A,-0.3075798,-0.013411574,0,0
3SE9_HL_G|GH107A,-0.6151596,-0.09198712,0,0
3SE9_HL_G|GH109A,0.18514356,-0.015396453,0,0
3SE9_HL_G|GH57A,0.4524448,-0.02872581,0,0
3SE9_HL_G|GH62A,0.04634,-0.04919043,0,0
3SE9_HL_G|GL29A,0.46369976,-0.14751558,0,0
3SE9_HL_G|LH34A,0.56599987,0.016201183,0,0
3SE9_HL_G|LL89A,0.964243,0.16326195,0,0
3SE9_HL_G|NH60A,1.5217615,0.24966627,0,0
3SE9_HL_G|PH64A,-0.4419396,-0.13359888,0,0
3SE9_HL_G|RH67A,1.4695449,0.12954491,0,0
3SE9_HL_G|RH74A,2.6792572,0.04345633,0,0
3SE9_HL_G|RH76A,-0.2322162,0.098879464,0,0
3SE9_HL_G|TH105A,-0.4419396,0.025513,0,0
3SE9_HL_G|TH56A,-0.85929936,0.108283155,0,0
3SE9_HL_G|VH55A,-0.85929936,0.027023114,0,0
3SE9_HL_G|VH59A,0.9833596,0.122744806,0,0
3SE9_HL_G|VL3A,-0.49433115,-0.008775286,0,0
3SE9_HL_G|WH48A,1.0584464,0.07102247,0,0
3SE9_HL_G|WH51A,1.275695,0.11239108,0,0
3SE9_HL_G|YH104A,0.46369976,0.03330139,0,0
3SE9_HL_G|YL28A,1.1177194,-0.027380195,0,0
4U6H_AB_E|NE21A,-0.3480795,0.05087053,0,0
4U6H_AB_E|QE25A,0.11883454,0.053033017,0,0
4ZS6_HL_A|EA156A,3.0386665,-0.025218096,0,0
4ZS6_HL_A|YA160A,-0.11025046,0.041840613,0,0
1AHW_AB_C|DC167A,-0.4845926,1.6975156,0,1
"1AHW_AB_C|KC138A,DC139A",1.1814722,0.7234632,0,1
"1AHW_AB_C|KC154A,KC155A",-1.329712,0.4716638,0,1
1AHW_AB_C|LC165A,0.9869364,0.7849517,0,1
1AHW_AB_C|NC188A,1.0782224,0.7555318,0,1
"1AHW_AB_C|TC110A,KC111A",0.6388569,0.12835443,0,1
1AHW_AB_C|TC156A,-0.07411996,0.8188453,0,1
1AHW_AB_C|TC159A,1.105771,1.1123092,0,1
1AHW_AB_C|TC186A,1.345882,0.47739038,0,1
1AHW_AB_C|VC187A,-0.31423107,0.6709446,0,1
1AHW_AB_C|YC146A,-1.8890098,1.039925,0,1
1BJ1_HL_VW|HH101Y,-1.5835956,-1.5236328,0,1
"1BJ1_HL_VW|HH101Y,YH103I,GH104A,SH105K",-0.43125325,0.33080417,0,1
"1BJ1_HL_VW|HH101Y,YH103R,GH104N,SH105T",-0.7626503,0.24545069,0,1
"1BJ1_HL_VW|HH101Y,YH103R,SH105T",-1.173123,-0.3192372,0,1
1BJ1_HL_VW|HH107A,0.78965265,0.7061862,0,1
"1BJ1_HL_VW|LH72I,TH74K",0.076517485,0.56446886,0,1
"1BJ1_HL_VW|LH72V,TH74V",0.6706598,0.6070397,0,1
"1BJ1_HL_VW|ML4L,TH28D,NH31H,HH101Y,SH105T",-1.52138,-1.4218447,0,1
1BJ1_HL_VW|NH31H,-0.7626503,0.00926996,0,1
1BJ1_HL_VW|SH105T,-0.39039657,0.5246738,0,1
1BJ1_HL_VW|TH28D,-0.22003505,-0.20683014,0,1
"1BJ1_HL_VW|TH28D,NH31H",-0.6929008,-0.57153416,0,1
"1BJ1_HL_VW|TH28D,NH31H,YH54W,HH101Y,SH105T",-1.2034981,-0.76810944,0,1
1BJ1_HL_VW|TH59A,0.85066694,0.8219485,0,1
1BJ1_HL_VW|YH27A,2.2425284,0.6567248,0,1
1BJ1_HL_VW|YH54A,1.3276595,0.95969486,0,1
1BJ1_HL_VW|YH54W,-0.13726985,0.13685295,0,1
1BJ1_HL_VW|YH99A,4.0,0.17051494,0,1
1DQJ_AB_C|DB32A,2.0134337,0.65321946,0,1
"1DQJ_AB_C|DB32A,KC97A",1.1223834,-0.12191327,0,1
1DQJ_AB_C|DC101A,1.3765504,0.68834186,0,1
1DQJ_AB_C|KC96A,4.0,0.5795752,0,1
1DQJ_AB_C|KC97A,3.5197058,-0.2668987,0,1
1DQJ_AB_C|LC75A,1.452407,0.94027686,0,1
1DQJ_AB_C|NA31A,2.0134337,1.0364075,0,1
1DQJ_AB_C|NA32A,4.0,1.3138047,0,1
"1DQJ_AB_C|NA32A,KC96A",4.0,1.4762971,0,1
1DQJ_AB_C|NC93A,0.64987326,0.5920956,0,1
1DQJ_AB_C|RC21A,1.2137709,0.56175834,0,1
1DQJ_AB_C|SA91A,1.4318883,0.8607913,0,1
"1DQJ_AB_C|SA91A,RC21A",3.1707318,0.9890735,0,1
"1DQJ_AB_C|SA91A,YC20A",3.573092,2.7661076,0,1
1DQJ_AB_C|SC100A,0.7755829,1.7091393,0,1
1DQJ_AB_C|TC89A,0.84084374,1.2219976,0,1
1DQJ_AB_C|WB98A,4.0,1.3991017,0,1
"1DQJ_AB_C|WB98A,KC97A",4.0,1.3310759,0,1
"1DQJ_AB_C|WB98A,SC100A",4.0,4.473122,0,1
"1DQJ_AB_C|WB98A,YC20A",4.0,3.0918229,0,1
1DQJ_AB_C|WC62A,0.7580786,0.65303564,0,1
1DQJ_AB_C|WC63A,1.3462692,1.0569834,0,1
1DQJ_AB_C|YA50A,2.678299,1.0802231,0,1
1DQJ_AB_C|YA96A,1.135051,1.878993,0,1
"1DQJ_AB_C|YA96A,RC21A",3.4851997,3.4314785,0,1
"1DQJ_AB_C|YA96A,SC100A",0.91344726,4.261013,0,1
1DQJ_AB_C|YB33A,4.0,2.7319925,0,1
1DQJ_AB_C|YB50A,4.0,1.3421911,0,1
1DQJ_AB_C|YB53A,1.1802781,0.104778655,0,1
"1DQJ_AB_C|YB53A,DC101A",2.727121,0.8947431,0,1
"1DQJ_AB_C|YB53A,LC75A",1.2168618,0.92416656,0,1
"1DQJ_AB_C|YB53A,WC62A",1.286308,0.64946604,0,1
"1DQJ_AB_C|YB53A,WC63A",2.1992323,0.5367056,0,1
1DQJ_AB_C|YC20A,3.2857084,1.1017888,0,1
1XGT_AB_C|LB33A,2.1988916,1.9074829,0,1
1XGT_AB_C|LB33F,-1.8617703,-1.584353,0,1
1XGT_AB_C|LB33I,-0.061315425,0.15227258,0,1
1XGT_AB_C|LB33V,1.0463123,1.2023224,0,1
"3BDY_HL_V|DL28N,PL30A,RL31K,SL32T,TL97S,TL98S",-0.9690793,-0.9259317,0,1
"3BDY_HL_V|DL28N,PL30A,RL31K,SL32T,TL97S,TL98S,KH31S,DH32G,TH55S,NH56E,GH101V,DH103V",-2.7154896,-1.8362061,0,1
"3BDY_HL_V|DL28N,PL30A,RL31K,SL32T,TL97S,TL98S,KH31S,DH32G,TH55S,NH56E,GH101V,DH103V,RH51A,RH60A",-2.7728782,-2.0137658,0,1
"3BDY_HL_V|DL28N,PL30A,RL31K,SL32T,YL57F,TL97S,TL98S",-0.97316396,-0.79149246,0,1
"3BDY_HL_V|DL28N,PL30A,RL31K,SL32T,YL57F,TL97S,TL98S,KH31S,DH32G,TH55S,NH56E,GH101V,DH103V",-2.727121,-1.8824399,0,1
3HFM_HL_Y|DH32A,1.8982269,0.2682535,0,1
"3HFM_HL_Y|DH32A,KY97A",4.0,-0.014096983,0,1
"3HFM_HL_Y|DH32A,KY97M",1.1234494,0.30896774,0,1
3HFM_HL_Y|DH32N,0.17036153,-0.14134961,0,1
"3HFM_HL_Y|DH32N,KY97A",4.0,-0.91023636,0,1
"3HFM_HL_Y|DH32N,KY97M",0.3025042,-0.5406796,0,1
3HFM_HL_Y|DY101A,1.2081919,0.7575762,0,1
3HFM_HL_Y|DY101E,2.132881,0.27222487,0,1
3HFM_HL_Y|DY101F,2.3282614,0.490688,0,1
3HFM_HL_Y|DY101G,0.35884774,0.6009655,0,1
3HFM_HL_Y|DY101K,2.1245396,1.0528775,0,1
3HFM_HL_Y|DY101N,1.4911126,0.4848925,0,1
3HFM_HL_Y|DY101Q,2.0851746,0.30930018,0,1
3HFM_HL_Y|DY101R,2.2798727,0.99881494,0,1
3HFM_HL_Y|DY101S,1.8694,0.30989444,0,1
3HFM_HL_Y|GY102V,0.395285,0.38851374,0,1
3HFM_HL_Y|HY15A,-0.4453172,0.008875206,0,1
3HFM_HL_Y|IY98A,0.0,0.26803705,0,1
3HFM_HL_Y|KY96A,4.0,0.5824616,0,1
3HFM_HL_Y|KY96M,4.0,-0.037678555,0,1
3HFM_HL_Y|KY96R,4.0,-0.29507905,0,1
3HFM_HL_Y|KY97A,4.0,-0.3543998,0,1
3HFM_HL_Y|KY97D,4.0,-0.23516765,0,1
3HFM_HL_Y|KY97E,3.6045077,-0.24321148,0,1
3HFM_HL_Y|KY97G,4.0,-0.19577536,0,1
3HFM_HL_Y|KY97M,0.9469717,-0.18924347,0,1
3HFM_HL_Y|KY97R,3.0528512,-0.67249,0,1
3HFM_HL_Y|LY75A,0.70445603,0.27789536,0,1
3HFM_HL_Y|NL31A,4.0,1.0191286,0,1
"3HFM_HL_Y|NL31A,KY96A",4.0,1.2211238,0,1
3HFM_HL_Y|NL31D,1.3434845,-0.31394097,0,1
3HFM_HL_Y|NL31E,4.0,0.40874913,0,1
3HFM_HL_Y|NL32A,4.0,0.84517527,0,1
3HFM_HL_Y|NY19D,0.41047263,0.28736538,0,1
3HFM_HL_Y|NY19K,0.2401111,0.8522434,0,1
3HFM_HL_Y|NY19Q,-0.042485796,0.5181129,0,1
3HFM_HL_Y|NY93A,0.21121821,0.5179548,0,1
3HFM_HL_Y|QL53A,0.9530879,0.15582716,0,1
3HFM_HL_Y|RY21A,0.8618019,0.65027547,0,1
3HFM_HL_Y|RY21E,2.4534352,0.07740666,0,1
3HFM_HL_Y|RY21G,2.4220753,0.6160996,0,1
3HFM_HL_Y|RY21H,2.1693182,0.06899703,0,1
3HFM_HL_Y|RY21K,1.766342,0.92627513,0,1
3HFM_HL_Y|RY21M,2.0498905,0.28659502,0,1
3HFM_HL_Y|RY21N,2.3282614,0.28751683,0,1
3HFM_HL_Y|RY21Q,2.3975346,0.14841715,0,1
3HFM_HL_Y|RY21W,2.132881,0.19260493,0,1
3HFM_HL_Y|RY73A,-0.3313971,0.66829884,0,1
3HFM_HL_Y|SH31A,0.17036153,0.18343231,0,1
3HFM_HL_Y|SY100A,0.26765963,0.9093689,0,1
3HFM_HL_Y|TY89A,0.0,1.1934309,0,1
3HFM_HL_Y|WH98A,4.0,0.7369478,0,1
"3HFM_HL_Y|WH98A,KY96A",4.0,1.6774234,0,1
3HFM_HL_Y|WH98F,3.245562,0.36584803,0,1
"3HFM_HL_Y|WH98F,YY20A",4.0,1.9541818,0,1
3HFM_HL_Y|WY63A,0.31918663,1.1637465,0,1
3HFM_HL_Y|YH33A,4.0,2.6906757,0,1
"3HFM_HL_Y|YH33A,KY97A",4.0,1.3463107,0,1
3HFM_HL_Y|YH33F,1.0712212,-0.8233079,0,1
3HFM_HL_Y|YH33L,2.0069382,0.102435105,0,1
3HFM_HL_Y|YH33W,1.7495645,0.637792,0,1
3HFM_HL_Y|YH50A,4.0,1.6299536,0,1
"3HFM_HL_Y|YH50A,RY21A",4.0,2.1693375,0,1
3HFM_HL_Y|YH50F,1.6099914,0.5704421,0,1
3HFM_HL_Y|YH50L,2.8488367,0.51804364,0,1
3HFM_HL_Y|YH53A,3.25038,0.5777608,0,1
3HFM_HL_Y|YH53F,0.62049925,0.1314185,0,1
3HFM_HL_Y|YH53L,0.8068894,0.1004875,0,1
3HFM_HL_Y|YH53W,0.7061819,0.037085228,0,1
3HFM_HL_Y|YH58A,1.6760437,0.73203444,0,1
3HFM_HL_Y|YH58F,0.36312544,0.14987013,0,1
3HFM_HL_Y|YH58L,1.5136731,0.13581839,0,1
3HFM_HL_Y|YL50A,4.0,0.4477825,0,1
"3HFM_HL_Y|YL50A,KY96A",4.0,0.99341476,0,1
"3HFM_HL_Y|YL50A,KY97A",4.0,0.18649662,0,1
"3HFM_HL_Y|YL50A,RY21A",4.0,1.1450759,0,1
3HFM_HL_Y|YL50F,2.3548672,0.35922682,0,1
"3HFM_HL_Y|YL50F,RY21A",4.0,1.016115,0,1
"3HFM_HL_Y|YL50F,YY20A",4.0,1.6816087,0,1
3HFM_HL_Y|YL50L,4.0,0.09430785,0,1
3HFM_HL_Y|YL96A,2.707045,2.1679192,0,1
"3HFM_HL_Y|YL96A,RY21A",4.0,3.714504,0,1
3HFM_HL_Y|YL96F,1.4017794,0.65793,0,1
"3HFM_HL_Y|YL96F,RY21A",4.0,2.565498,0,1
3HFM_HL_Y|YY20A,4.0,1.130018,0,1
3HFM_HL_Y|YY20F,-0.4839681,0.21836595,0,1
3HFM_HL_Y|YY20L,2.1845057,1.0017984,0,1
3SE9_HL_G|DH77A,-0.7664817,-0.12698744,0,1
3SE9_HL_G|EL90A,0.41735974,1.1606007,0,1
3SE9_HL_G|FL91A,0.023615688,0.6247474,0,1
3SE9_HL_G|GH106A,-0.3075798,0.0468073,0,1
3SE9_HL_G|GH107A,-0.6151596,0.45480758,0,1
3SE9_HL_G|GH109A,0.18514356,0.652717,0,1
3SE9_HL_G|GH57A,0.4524448,0.5926418,0,1
3SE9_HL_G|GH62A,0.04634,0.61526024,0,1
3SE9_HL_G|GL29A,0.46369976,0.30644506,0,1
3SE9_HL_G|LH34A,0.56599987,1.583939,0,1
3SE9_HL_G|LL89A,0.964243,1.2356305,0,1
3SE9_HL_G|NH60A,1.5217615,1.981028,0,1
3SE9_HL_G|PH64A,-0.4419396,0.464047,0,1
3SE9_HL_G|RH67A,1.4695449,0.44728118,0,1
3SE9_HL_G|RH74A,2.6792572,1.6864035,0,1
3SE9_HL_G|RH76A,-0.2322162,0.3679298,0,1
3SE9_HL_G|TH105A,-0.4419396,0.08536902,0,1
3SE9_HL_G|TH56A,-0.85929936,0.6814381,0,1
3SE9_HL_G|VH55A,-0.85929936,-0.3021389,0,1
3SE9_HL_G|VH59A,0.9833596,1.359837,0,1
3SE9_HL_G|VL3A,-0.49433115,0.76809514,0,1
3SE9_HL_G|WH48A,1.0584464,1.4677829,0,1
3SE9_HL_G|WH51A,1.275695,1.2568768,0,1
3SE9_HL_G|YH104A,0.46369976,1.5279762,0,1
3SE9_HL_G|YL28A,1.1177194,0.34371883,0,1
4U6H_AB_E|NE21A,-0.3480795,0.54912245,0,1
4U6H_AB_E|QE25A,0.11883454,1.8056464,0,1
4ZS6_HL_A|EA156A,3.0386665,0.0993834,0,1
4ZS6_HL_A|YA160A,-0.11025046,2.4800377,0,1
1AHW_AB_C|DC167A,-0.4845926,0.92870325,0,2
"1AHW_AB_C|KC138A,DC139A",1.1814722,1.8583858,0,2
"1AHW_AB_C|KC154A,KC155A",-1.329712,1.3172449,0,2
1AHW_AB_C|LC165A,0.9869364,0.3265531,0,2
1AHW_AB_C|NC188A,1.0782224,0.11199843,0,2
"1AHW_AB_C|TC110A,KC111A",0.6388569,1.3863609,0,2
1AHW_AB_C|TC156A,-0.07411996,0.4157989,0,2
1AHW_AB_C|TC159A,1.105771,0.9565644,0,2
1AHW_AB_C|TC186A,1.345882,0.6527898,0,2
1AHW_AB_C|VC187A,-0.31423107,0.37434685,0,2
1AHW_AB_C|YC146A,-1.8890098,1.3612572,0,2
1BJ1_HL_VW|HH101Y,-1.5835956,-2.4750903,0,2
"1BJ1_HL_VW|HH101Y,YH103I,GH104A,SH105K",-0.43125325,-0.23143281,0,2
"1BJ1_HL_VW|HH101Y,YH103R,GH104N,SH105T",-0.7626503,-1.0086384,0,2
"1BJ1_HL_VW|HH101Y,YH103R,SH105T",-1.173123,-1.4794315,0,2
1BJ1_HL_VW|HH107A,0.78965265,0.06300841,0,2
"1BJ1_HL_VW|LH72I,TH74K",0.076517485,0.58274263,0,2
"1BJ1_HL_VW|LH72V,TH74V",0.6706598,-0.03776796,0,2
"1BJ1_HL_VW|ML4L,TH28D,NH31H,HH101Y,SH105T",-1.52138,-2.079418,0,2
1BJ1_HL_VW|NH31H,-0.7626503,-0.051530845,0,2
1BJ1_HL_VW|SH105T,-0.39039657,-0.92189693,0,2
1BJ1_HL_VW|TH28D,-0.22003505,-0.11918503,0,2
"1BJ1_HL_VW|TH28D,NH31H",-0.6929008,-0.47606725,0,2
"1BJ1_HL_VW|TH28D,NH31H,YH54W,HH101Y,SH105T",-1.2034981,-1.7139908,0,2
1BJ1_HL_VW|TH59A,0.85066694,1.9351002,0,2
1BJ1_HL_VW|YH27A,2.2425284,0.85836816,0,2
1BJ1_HL_VW|YH54A,1.3276595,1.0742414,0,2
1BJ1_HL_VW|YH54W,-0.13726985,0.13996145,0,2
1BJ1_HL_VW|YH99A,4.0,0.64840096,0,2
1DQJ_AB_C|DB32A,2.0134337,0.047656123,0,2
"1DQJ_AB_C|DB32A,KC97A",1.1223834,0.4835047,0,2
1DQJ_AB_C|DC101A,1.3765504,1.4565151,0,2
1DQJ_AB_C|KC96A,4.0,1.5965972,0,2
1DQJ_AB_C|KC97A,3.5197058,0.20450585,0,2
1DQJ_AB_C|LC75A,1.452407,0.58110654,0,2
1DQJ_AB_C|NA31A,2.0134337,1.2254634,0,2
1DQJ_AB_C|NA32A,4.0,1.1081747,0,2
"1DQJ_AB_C|NA32A,KC96A",4.0,2.5521433,0,2
1DQJ_AB_C|NC93A,0.64987326,0.86230385,0,2
1DQJ_AB_C|RC21A,1.2137709,0.31120822,0,2
1DQJ_AB_C|SA91A,1.4318883,0.58486575,0,2
"1DQJ_AB_C|SA91A,RC21A",3.1707318,1.3186791,0,2
"1DQJ_AB_C|SA91A,YC20A",3.573092,2.339013,0,2
1DQJ_AB_C|SC100A,0.7755829,0.5488874,0,2
1DQJ_AB_C|TC89A,0.84084374,0.47843295,0,2
1DQJ_AB_C|WB98A,4.0,2.5126731,0,2
"1DQJ_AB_C|WB98A,KC97A",4.0,3.5619779,0,2
"1DQJ_AB_C|WB98A,SC100A",4.0,5.0198073,0,2
"1DQJ_AB_C|WB98A,YC20A",4.0,5.4261427,0,2
1DQJ_AB_C|WC62A,0.7580786,1.1691716,0,2
1DQJ_AB_C|WC63A,1.3462692,1.9730502,0,2
1DQJ_AB_C|YA50A,2.678299,1.1021862,0,2
1DQJ_AB_C|YA96A,1.135051,0.63727045,0,2
"1DQJ_AB_C|YA96A,RC21A",3.4851997,1.3404548,0,2
"1DQJ_AB_C|YA96A,SC100A",0.91344726,0.42986524,0,2
1DQJ_AB_C|YB33A,4.0,2.1645203,0,2
1DQJ_AB_C|YB50A,4.0,1.8004134,0,2
1DQJ_AB_C|YB53A,1.1802781,0.16480008,0,2
"1DQJ_AB_C|YB53A,DC101A",2.727121,2.1598952,0,2
"1DQJ_AB_C|YB53A,LC75A",1.2168618,0.5099658,0,2
"1DQJ_AB_C|YB53A,WC62A",1.286308,1.3146945,0,2
"1DQJ_AB_C|YB53A,WC63A",2.1992323,1.5837338,0,2
1DQJ_AB_C|YC20A,3.2857084,1.2533256,0,2
1XGT_AB_C|LB33A,2.1988916,2.2151299,0,2
1XGT_AB_C|LB33F,-1.8617703,-1.7557305,0,2
1XGT_AB_C|LB33I,-0.061315425,0.059337143,0,2
1XGT_AB_C|LB33V,1.0463123,1.2238166,0,2
"3BDY_HL_V|DL28N,PL30A,RL31K,SL32T,TL97S,TL98S",-0.9690793,-0.70872116,0,2
"3BDY_HL_V|DL28N,PL30A,RL31K,SL32T,TL97S,TL98S,KH31S,DH32G,TH55S,NH56E,GH101V,DH103V",-2.7154896,-2.5270264,0,2
"3BDY_HL_V|DL28N,PL30A,RL31K,SL32T,TL97S,TL98S,KH31S,DH32G,TH55S,NH56E,GH101V,DH103V,RH51A,RH60A",-2.7728782,-2.7920902,0,2
"3BDY_HL_V|DL28N,PL30A,RL31K,SL32T,YL57F,TL97S,TL98S",-0.97316396,-0.83791476,0,2
"3BDY_HL_V|DL28N,PL30A,RL31K,SL32T,YL57F,TL97S,TL98S,KH31S,DH32G,TH55S,NH56E,GH101V,DH103V",-2.727121,-2.6360698,0,2
3HFM_HL_Y|DH32A,1.8982269,0.026666112,0,2
"3HFM_HL_Y|DH32A,KY97A",4.0,0.72845215,0,2
"3HFM_HL_Y|DH32A,KY97M",1.1234494,1.5316514,0,2
3HFM_HL_Y|DH32N,0.17036153,-0.1261837,0,2
"3HFM_HL_Y|DH32N,KY97A",4.0,0.44569325,0,2
"3HFM_HL_Y|DH32N,KY97M",0.3025042,1.2510293,0,2
3HFM_HL_Y|DY101A,1.2081919,1.2091846,0,2
3HFM_HL_Y|DY101E,2.132881,0.83015305,0,2
3HFM_HL_Y|DY101F,2.3282614,1.1251017,0,2
3HFM_HL_Y|DY101G,0.35884774,0.36702663,0,2
3HFM_HL_Y|DY101K,2.1245396,1.5105811,0,2
3HFM_HL_Y|DY101N,1.4911126,0.9849634,0,2
3HFM_HL_Y|DY101Q,2.0851746,0.24880338,0,2
3HFM_HL_Y|DY101R,2.2798727,1.0475425,0,2
3HFM_HL_Y|DY101S,1.8694,0.48437262,0,2
3HFM_HL_Y|GY102V,0.395285,1.278607,0,2
3HFM_HL_Y|HY15A,-0.4453172,0.44428545,0,2
3HFM_HL_Y|IY98A,0.0,0.6632922,0,2
3HFM_HL_Y|KY96A,4.0,1.7236161,0,2
3HFM_HL_Y|KY96M,4.0,1.565385,0,2
3HFM_HL_Y|KY96R,4.0,0.68589157,0,2
3HFM_HL_Y|KY97A,4.0,0.3908664,0,2
3HFM_HL_Y|KY97D,4.0,0.25298697,0,2
3HFM_HL_Y|KY97E,3.6045077,0.27904302,0,2
3HFM_HL_Y|KY97G,4.0,0.14512014,0,2
3HFM_HL_Y|KY97M,0.9469717,0.92469263,0,2
3HFM_HL_Y|KY97R,3.0528512,-0.5441283,0,2
3HFM_HL_Y|LY75A,0.70445603,0.055770002,0,2
3HFM_HL_Y|NL31A,4.0,1.0390712,0,2
"3HFM_HL_Y|NL31A,KY96A",4.0,3.0918267,0,2
3HFM_HL_Y|NL31D,1.3434845,0.01832823,0,2
3HFM_HL_Y|NL31E,4.0,0.63709855,0,2
3HFM_HL_Y|NL32A,4.0,0.8170181,0,2
3HFM_HL_Y|NY19D,0.41047263,0.2805968,0,2
3HFM_HL_Y|NY19K,0.2401111,0.685137,0,2
3HFM_HL_Y|NY19Q,-0.042485796,0.49501318,0,2
3HFM_HL_Y|NY93A,0.21121821,0.92997026,0,2
3HFM_HL_Y|QL53A,0.9530879,0.16294879,0,2
3HFM_HL_Y|RY21A,0.8618019,0.516953,0,2
3HFM_HL_Y|RY21E,2.4534352,0.64892554,0,2
3HFM_HL_Y|RY21G,2.4220753,0.22330135,0,2
3HFM_HL_Y|RY21H,2.1693182,0.014804043,0,2
3HFM_HL_Y|RY21K,1.766342,0.30357742,0,2
3HFM_HL_Y|RY21M,2.0498905,0.973428,0,2
3HFM_HL_Y|RY21N,2.3282614,0.41156995,0,2
3HFM_HL_Y|RY21Q,2.3975346,0.17579032,0,2
3HFM_HL_Y|RY21W,2.132881,0.6891606,0,2
3HFM_HL_Y|RY73A,-0.3313971,0.59699965,0,2
3HFM_HL_Y|SH31A,0.17036153,-0.21544366,0,2
3HFM_HL_Y|SY100A,0.26765963,0.4671067,0,2
3HFM_HL_Y|TY89A,0.0,0.4739539,0,2
3HFM_HL_Y|WH98A,4.0,1.6541854,0,2
"3HFM_HL_Y|WH98A,KY96A",4.0,4.289285,0,2
3HFM_HL_Y|WH98F,3.245562,-0.059358254,0,2
"3HFM_HL_Y|WH98F,YY20A",4.0,2.113828,0,2
3HFM_HL_Y|WY63A,0.31918663,1.9306619,0,2
3HFM_HL_Y|YH33A,4.0,1.904132,0,2
"3HFM_HL_Y|YH33A,KY97A",4.0,2.3082917,0,2
3HFM_HL_Y|YH33F,1.0712212,-1.5979108,0,2
3HFM_HL_Y|YH33L,2.0069382,0.01122801,0,2
3HFM_HL_Y|YH33W,1.7495645,0.37241697,0,2
3HFM_HL_Y|YH50A,4.0,1.9507042,0,2
"3HFM_HL_Y|YH50A,RY21A",4.0,2.5675533,0,2
3HFM_HL_Y|YH50F,1.6099914,0.0775229,0,2
3HFM_HL_Y|YH50L,2.8488367,0.48318887,0,2
3HFM_HL_Y|YH53A,3.25038,0.9599682,0,2
3HFM_HL_Y|YH53F,0.62049925,0.438466,0,2
3HFM_HL_Y|YH53L,0.8068894,1.054503,0,2
3HFM_HL_Y|YH53W,0.7061819,-0.28109068,0,2
3HFM_HL_Y|YH58A,1.6760437,1.2826539,0,2
3HFM_HL_Y|YH58F,0.36312544,0.034330007,0,2
3HFM_HL_Y|YH58L,1.5136731,0.7133036,0,2
3HFM_HL_Y|YL50A,4.0,0.77170557,0,2
"3HFM_HL_Y|YL50A,KY96A",4.0,2.099163,0,2
"3HFM_HL_Y|YL50A,KY97A",4.0,1.1786808,0,2
"3HFM_HL_Y|YL50A,RY21A",4.0,1.5141684,0,2
3HFM_HL_Y|YL50F,2.3548672,-0.038347326,0,2
"3HFM_HL_Y|YL50F,RY21A",4.0,0.56230575,0,2
"3HFM_HL_Y|YL50F,YY20A",4.0,1.2758733,0,2
3HFM_HL_Y|YL50L,4.0,-0.08248748,0,2
3HFM_HL_Y|YL96A,2.707045,1.6677859,0,2
"3HFM_HL_Y|YL96A,RY21A",4.0,3.0065005,0,2
3HFM_HL_Y|YL96F,1.4017794,0.27973485,0,2
"3HFM_HL_Y|YL96F,RY21A",4.0,1.3685048,0,2
3HFM_HL_Y|YY20A,4.0,1.4440213,0,2
3HFM_HL_Y|YY20F,-0.4839681,-0.18958537,0,2
3HFM_HL_Y|YY20L,2.1845057,1.5548567,0,2
3SE9_HL_G|DH77A,-0.7664817,0.0058463067,0,2
3SE9_HL_G|EL90A,0.41735974,0.9812171,0,2
3SE9_HL_G|FL91A,0.023615688,0.6128428,0,2
3SE9_HL_G|GH106A,-0.3075798,0.047812656,0,2
3SE9_HL_G|GH107A,-0.6151596,-0.7359897,0,2
3SE9_HL_G|GH109A,0.18514356,0.08865537,0,2
3SE9_HL_G|GH57A,0.4524448,0.40894783,0,2
3SE9_HL_G|GH62A,0.04634,0.33136392,0,2
3SE9_HL_G|GL29A,0.46369976,0.28261155,0,2
3SE9_HL_G|LH34A,0.56599987,1.0009117,0,2
3SE9_HL_G|LL89A,0.964243,0.8447876,0,2
3SE9_HL_G|NH60A,1.5217615,1.9937522,0,2
3SE9_HL_G|PH64A,-0.4419396,0.055770725,0,2
3SE9_HL_G|RH67A,1.4695449,0.6894533,0,2
3SE9_HL_G|RH74A,2.6792572,1.3752398,0,2
3SE9_HL_G|RH76A,-0.2322162,1.2309519,0,2
3SE9_HL_G|TH105A,-0.4419396,0.03415808,0,2
3SE9_HL_G|TH56A,-0.85929936,0.24371247,0,2
3SE9_HL_G|VH55A,-0.85929936,-0.16432603,0,2
3SE9_HL_G|VH59A,0.9833596,1.6248157,0,2
3SE9_HL_G|VL3A,-0.49433115,0.01127667,0,2
3SE9_HL_G|WH48A,1.0584464,1.4534246,0,2
3SE9_HL_G|WH51A,1.275695,1.4395256,0,2
3SE9_HL_G|YH104A,0.46369976,1.4175271,0,2
3SE9_HL_G|YL28A,1.1177194,0.68645656,0,2
4U6H_AB_E|NE21A,-0.3480795,1.8281561,0,2
4U6H_AB_E|QE25A,0.11883454,1.7217923,0,2
4ZS6_HL_A|EA156A,3.0386665,-1.3948717,0,2
4ZS6_HL_A|YA160A,-0.11025046,-0.10580079,0,2
1KIP_AB_C|AB32Y,-0.8005932,-1.3094435,1,0
1XGU_AB_C|FB33A,4.0,2.157933,1,0
1XGU_AB_C|FB33I,1.8004549,0.71143824,1,0
1XGU_AB_C|FB33L,1.8617703,0.82579666,1,0
1XGU_AB_C|FB33V,2.9080825,1.2887766,1,0
2B2X_HL_A|EH64K,-0.033433665,0.610574,1,0
"2B2X_HL_A|EH64K,QL28S,YL52N",0.911615,0.7651509,1,0
"2B2X_HL_A|EH64K,QL28S,YL52N,GH102S",2.7106705,0.58064276,1,0
"2B2X_HL_A|EH64K,QL28S,YL52N,SH35A",3.119054,0.6479066,1,0
"2B2X_HL_A|EH64K,QL28S,YL52N,SH35V",3.770335,0.58354765,1,0
"2B2X_HL_A|EH64K,YL52N",0.34853002,0.8046079,1,0
"2B2X_HL_A|QL28S,YL52N",0.8626942,0.379131,1,0
2B2X_HL_A|VH50T,0.024054652,-0.73255754,1,0
"2B2X_HL_A|VH50T,EH64D,QL28S,YL52N",0.87177193,0.31063873,1,0
"2B2X_HL_A|VH50T,EH64K,QL28S",0.991589,0.3067521,1,0
"2B2X_HL_A|VH50T,EH64K,QL28S,YL52D",1.5439764,0.53954285,1,0
"2B2X_HL_A|VH50T,EH64K,QL28S,YL52E",0.95452905,0.62123626,1,0
"2B2X_HL_A|VH50T,EH64K,QL28S,YL52K",1.7007239,1.1704309,1,0
"2B2X_HL_A|VH50T,EH64K,QL28S,YL52N",1.043214,0.71601385,1,0
"2B2X_HL_A|VH50T,EH64K,QL28S,YL52N,FH99W",1.043214,0.3803332,1,0
"2B2X_HL_A|VH50T,EH64K,QL28S,YL52N,FH99Y",1.7978828,0.1294114,1,0
"2B2X_HL_A|VH50T,EH64K,QL28S,YL52N,GH100F",1.4322319,0.49411958,1,0
"2B2X_HL_A|VH50T,EH64K,QL28S,YL52N,GH100L",3.770335,0.7414567,1,0
"2B2X_HL_A|VH50T,EH64K,QL28S,YL52N,GH100M",1.145348,0.5608295,1,0
"2B2X_HL_A|VH50T,EH64K,QL28S,YL52N,GH100S",1.6009614,0.6462233,1,0
"2B2X_HL_A|VH50T,EH64K,QL28S,YL52N,GH53A",1.5558206,0.49642205,1,0
"2B2X_HL_A|VH50T,EH64K,QL28S,YL52N,GH53N",2.2985272,0.73076063,1,0
"2B2X_HL_A|VH50T,EH64K,QL28S,YL52N,GH53S",1.7188073,0.7253939,1,0
"2B2X_HL_A|VH50T,EH64K,QL28S,YL52N,GH54I",2.4067745,0.8434539,1,0
"2B2X_HL_A|VH50T,EH64K,QL28S,YL52N,GH54T",2.2073808,1.0506511,1,0
"2B2X_HL_A|VH50T,EH64K,QL28S,YL52N,GH54Y",1.043214,0.48630047,1,0
"2B2X_HL_A|VH50T,EH64K,QL28S,YL52N,GL92Q",2.6158988,0.7979576,1,0
"2B2X_HL_A|VH50T,EH64K,QL28S,YL52N,GL92S",1.5558206,0.66474545,1,0
"2B2X_HL_A|VH50T,EH64K,QL28S,YL52N,HL31K",2.2073808,1.211477,1,0
"2B2X_HL_A|VH50T,EH64K,QL28S,YL52N,HL31R",2.1670115,0.60712814,1,0
"2B2X_HL_A|VH50T,EH64K,QL28S,YL52N,HL31W",2.2985272,0.54077995,1,0
"2B2X_HL_A|VH50T,EH64K,QL28S,YL52N,LH60D",0.981894,0.6447367,1,0
"2B2X_HL_A|VH50T,EH64K,QL28S,YL52N,LL49F",1.7554936,0.5971249,1,0
"2B2X_HL_A|VH50T,EH64K,QL28S,YL52N,LL49K",1.9044149,0.91892964,1,0
"2B2X_HL_A|VH50T,EH64K,QL28S,YL52N,LL49W",2.9507816,0.5559374,1,0
"2B2X_HL_A|VH50T,EH64K,QL28S,YL52N,NL30V",2.0925434,0.5823375,1,0
"2B2X_HL_A|VH50T,EH64K,QL28S,YL52N,NL30W",2.6158988,0.846129,1,0
"2B2X_HL_A|VH50T,EH64K,QL28S,YL52N,NL30Y",2.9507816,0.48462987,1,0
"2B2X_HL_A|VH50T,EH64K,QL28S,YL52N,NL30Y,SL91I",1.4775821,0.4599983,1,0
"2B2X_HL_A|VH50T,EH64K,QL28S,YL52N,RH31Q",2.350542,0.6834441,1,0
"2B2X_HL_A|VH50T,EH64K,QL28S,YL52N,SH35A",2.6158988,0.7345011,1,0
"2B2X_HL_A|VH50T,EH64K,QL28S,YL52N,SH35A,GH102S",2.6158988,0.6496045,1,0
"2B2X_HL_A|VH50T,EH64K,QL28S,YL52N,SH35Q",3.770335,0.7109241,1,0
"2B2X_HL_A|VH50T,EH64K,QL28S,YL52N,SH35V,GH102S",2.4688888,0.595215,1,0
"2B2X_HL_A|VH50T,EH64K,QL28S,YL52N,SH52M",3.119054,0.46183294,1,0
"2B2X_HL_A|VH50T,EH64K,QL28S,YL52N,SL24R",0.82788163,0.46773773,1,0
"2B2X_HL_A|VH50T,EH64K,QL28S,YL52N,SL91Q",2.8172472,0.7853195,1,0
"2B2X_HL_A|VH50T,EH64K,QL28S,YL52N,SL91R",3.770335,0.7002563,1,0
"2B2X_HL_A|VH50T,EH64K,QL28S,YL52N,SL91R,NL30E",3.770335,0.9075529,1,0
"2B2X_HL_A|VH50T,EH64K,QL28S,YL52N,SL91T",3.3598623,0.7164022,1,0
"2B2X_HL_A|VH50T,EH64K,QL28S,YL52N,TH33E,GH53Q",2.7106705,0.8959596,1,0
"2B2X_HL_A|VH50T,EH64K,QL28S,YL52N,TH33I,SH52T,GH53N,GH54N",2.9507816,0.8694688,1,0
"2B2X_HL_A|VH50T,EH64K,QL28S,YL52N,TH33I,SH52T,GH53Q,GH54F",2.2985272,1.4722147,1,0
"2B2X_HL_A|VH50T,EH64K,QL28S,YL52N,TH33N",3.770335,0.81277066,1,0
"2B2X_HL_A|VH50T,EH64K,QL28S,YL52N,TH33V",1.4775821,0.45546305,1,0
"2B2X_HL_A|VH50T,EH64K,QL28S,YL52N,WL90Q",3.119054,0.9801577,1,0
"2B2X_HL_A|VH50T,EH64K,QL28S,YL52N,WL90Q,FL33Y",1.914233,0.55141395,1,0
"2B2X_HL_A|VH50T,EH64K,QL28S,YL52N,YH58E",3.119054,1.2297484,1,0
"2B2X_HL_A|VH50T,EH64K,QL28S,YL52N,YH58Q",3.119054,1.5144843,1,0
"2B2X_HL_A|VH50T,EH64K,QL28S,YL52N,YH58W",1.8641591,0.9830981,1,0
"2B2X_HL_A|VH50T,EH64K,QL28S,YL52N,YH59E",1.5872209,0.90511036,1,0
"2B2X_HL_A|VH50T,EH64K,QL28S,YL52R",1.8880546,0.67044413,1,0
"2B2X_HL_A|VH50T,EH64K,YL52N",0.28173435,0.70110446,1,0
"2B2X_HL_A|VH50T,EH64N,QL28S,YL52N",1.0069425,0.5190631,1,0
"2B2X_HL_A|VH50T,EH64Q,QL28S,YL52N",0.96559924,0.43031514,1,0
"2B2X_HL_A|VH50T,EH64Q,QL28S,YL52N,LH60D",1.0862032,0.39857066,1,0
"2B2X_HL_A|VH50T,QL28S,YL52N",0.96559924,0.36528668,1,0
"2B2X_HL_A|VH50T,QL28S,YL52N,LH60D",0.90141344,0.2886145,1,0
"2B2X_HL_A|VH50T,YL52N",0.18636756,0.20403123,1,0
2B2X_HL_A|YL52E,-0.22410508,0.10372931,1,0
2VIR_AB_C|SC115L,3.680209,0.61704314,1,0
2VIR_AB_C|TC89I,4.0,2.556632,1,0
"3G6D_LH_A|EL3V,GL76R,TL77V,QL78E,EL80G",0.13981691,-0.31094825,1,0
"3G6D_LH_A|EL3V,GL76R,TL77V,QL78E,EL80G,DH54N",0.111178115,-0.19925143,1,0
"3G6D_LH_A|EL3V,GL76R,TL77V,QL78E,EL80G,TL89S,ML92I,VL93D,TL94K",0.27145106,-0.49120054,1,0
3G6D_LH_A|HH104A,-0.9530879,0.3116385,1,0
"3G6D_LH_A|KH210T,KH215T",-0.13294782,-0.10726492,1,0
"3G6D_LH_A|TL89S,ML92I,VL93D,TL94K",0.7979767,-0.4760883,1,0
3G6D_LH_A|WH105A,-1.4965084,1.2494817,1,0
"3IDX_HL_G|CG27I,CG242Q",-2.4650376,0.35251933,1,0
"3IDX_HL_G|CG27I,CG242Q,MG247A",-2.1736174,0.6261582,1,0
"3IDX_HL_G|KG85C,EG121C,CG27I,CG242Q",-2.3776865,0.46749145,1,0
"3IDX_HL_G|KG85C,EG121C,WG13M,MG247A,CG14W,CG129V,CG27I,CG242Q",-2.1922898,0.60319364,1,0
"3IDX_HL_G|KG85C,EG122C,WG13M,MG247A,CG14W,CG129V,CG27I,CG242Q",-2.2927184,0.52090913,1,0
"3IDX_HL_G|TG41C,GG245C,MG247A",0.40945426,0.5345355,1,0
"3IDX_HL_G|TG41C,GG245C,WG13M,MG247A,CG14W,CG129V,CG27I,CG242Q",-2.3310676,0.6706799,1,0
"3IDX_HL_G|WG13M,MG247A,CG14W,CG129V",-0.6475391,0.21132907,1,0
"3IDX_HL_G|WG13M,MG247A,CG14W,CG129V,CG27I,CG242Q",-2.3479884,0.697869,1,0
"3IDX_HL_G|WG13M,MG247A,CG14W,CG129V,KG85C,EG121C",-0.36166522,0.2039347,1,0
"3IDX_HL_G|WG13M,SG111T,WG200S,MG247A,CG14W,CG129V,CG27I,CG242Q",-1.8639641,0.7738509,1,0
"3L5X_A_HL|EL93F,YL94G",-0.42800838,0.4884023,1,0
"3L5X_A_HL|EL93H,YL94G",-0.7626503,0.564215,1,0
"3L5X_A_HL|HL91P,NL92I,EL93D,YL94A",-0.6466697,0.9314282,1,0
"3L5X_A_HL|HL91P,NL92L,EL93D,YL94S",-0.6327897,0.80227226,1,0
"3L5X_A_HL|HL91P,NL92L,EL93D,YL94T",-0.81005055,0.89661735,1,0
"3L5X_A_HL|HL91P,NL92L,EL93D,YL94V",-0.85822237,0.74982053,1,0
"3L5X_A_HL|HL91P,NL92L,YL94A",-0.44441348,1.3975192,1,0
"3L5X_A_HL|HL91Q,NL92D,EL93I,YL94G",-1.5503801,0.32730913,1,0
"3L5X_A_HL|HL91Q,NL92D,EL93L,YL94G",-1.785132,0.31297374,1,0
"3L5X_A_HL|HL91Q,NL92D,EL93Y,YL94G",-1.451453,-0.17298143,1,0
"3L5X_A_HL|NL92D,EL93L,YL94G",-0.42962858,0.1235933,1,0
"3L5X_A_HL|NL92D,EL93N,YL94S",-0.53403836,0.32427138,1,0
"3L5X_A_HL|NL92D,EL93P,YL94G",-1.4699602,0.70632195,1,0
"3L5X_A_HL|NL92D,EL93R,YL94D",-0.52253926,0.12982817,1,0
"3L5X_A_HL|NL92D,EL93W,YL94E",-1.1963489,-0.15680003,1,0
"3L5X_A_HL|NL92D,EL93W,YL94G",-1.6825228,-0.124745905,1,0
"3L5X_A_HL|NL92D,EL93W,YL94S",-0.71612674,0.016790789,1,0
"3L5X_A_HL|NL92D,EL93Y,YL94A",-0.8069743,-0.2028829,1,0
"3L5X_A_HL|NL92E,EL93S,YL94G",-1.2653587,0.060935516,1,0
"3L5X_A_HL|NL92E,EL93W,YL94G",-1.5503801,-0.13549137,1,0
"3L5X_A_HL|NL92F,EL93W,YL94G",-1.2329907,-0.07057063,1,0
"3L5X_A_HL|NL92L,EL93D,YL94S",-0.6170473,0.15689813,1,0
"3L5X_A_HL|NL92L,EL93L,YL94G",-0.6259698,0.17535436,1,0
"3L5X_A_HL|NL92L,EL93M,YL94G",-0.82567644,0.2533098,1,0
"3L5X_A_HL|NL92L,EL93N,YL94G",-0.6954369,0.24167177,1,0
"3L5X_A_HL|NL92S,EL93H,YL94G",-1.2457265,0.3149571,1,0
"3L5X_A_HL|NL92S,EL93I,YL94G",-0.8069743,0.27776712,1,0
"3L5X_A_HL|NL92S,EL93S,YL94G",-0.24921271,0.12902428,1,0
"3L5X_A_HL|NL92S,EL93V,YL94G",-0.51687235,0.08986211,1,0
"3L5X_A_HL|NL92S,EL93W,YL94A",-0.30302802,0.027391683,1,0
"3L5X_A_HL|NL92S,EL93W,YL94G",-1.2720501,-0.06910771,1,0
"3L5X_A_HL|NL92S,EL93Y,YL94G",-0.9641868,-0.20623213,1,0
"3L5X_A_HL|NL92V,EL93G,YL94G",-0.46300006,-0.09232853,1,0
"3L5X_A_HL|NL92V,EL93W,YL94G",-0.83525383,-0.047555342,1,0
3L5X_A_HL|YL94A,-0.82885176,0.91042227,1,0
3N85_A_LH|SH32A,-0.13401966,0.5048543,1,0
3N85_A_LH|SH32Y,0.0571225,-0.17257956,1,0
3N85_A_LH|SH50G,0.48767117,-0.19733238,1,0
3N85_A_LH|SH52Y,-0.78460336,-1.1599468,1,0
3N85_A_LH|WH100F,-0.015185109,0.71525663,1,0
3N85_A_LH|WH30K,-0.78460336,0.49749154,1,0
3N85_A_LH|WH30R,-0.5539675,0.027057733,1,0
3N85_A_LH|WL91F,0.13959166,0.86754036,1,0
3N85_A_LH|WL94Y,-0.03871881,-0.8058998,1,0
3SE8_HL_G|DH110A,-0.38934898,-0.34770095,1,0
3SE8_HL_G|DH114A,-0.2441398,1.0242435,1,0
3SE8_HL_G|DL49A,0.8558488,0.85516495,1,0
3SE8_HL_G|EL1A,-0.5565174,-0.4224599,1,0
3SE8_HL_G|EL91A,1.513491,1.6570415,1,0
3SE8_HL_G|FH115A,1.0676043,0.56295854,1,0
3SE8_HL_G|FL90A,-0.8640972,1.0795928,1,0
3SE8_HL_G|FL92A,0.8323254,0.7784964,1,0
3SE8_HL_G|GH56A,0.3570972,0.95239276,1,0
3SE8_HL_G|KH52A,1.1114144,0.32855532,1,0
3SE8_HL_G|LH54A,0.054776184,0.05895604,1,0
3SE8_HL_G|NL30A,0.19434923,0.4755171,1,0
3SE8_HL_G|PH78A,0.01881787,-0.58778393,1,0
3SE8_HL_G|PH81A,-0.07091986,-0.52394587,1,0
3SE8_HL_G|QH63A,1.1144251,-0.011633191,1,0
3SE8_HL_G|QH65A,0.54980505,0.51796114,1,0
3SE8_HL_G|QH76A,0.09689985,-0.02279817,1,0
3SE8_HL_G|QL27A,-0.21612903,0.12781823,1,0
3SE8_HL_G|RH30A,-0.03949762,0.8033592,1,0
3SE8_HL_G|RH62A,1.2061691,0.10892433,1,0
3SE8_HL_G|RH72A,2.6444623,2.1456304,1,0
3SE8_HL_G|SH59A,1.1508402,1.5745173,1,0
3SE8_HL_G|VH58A,1.2496852,1.2132475,1,0
3SE8_HL_G|WH47A,1.4751467,1.4015098,1,0
3SE8_HL_G|WH50A,1.333526,2.6096163,1,0
3SE8_HL_G|WH55A,0.7611056,0.71445674,1,0
3SE8_HL_G|YH111A,0.82992166,0.097060114,1,0
3SE8_HL_G|YH60A,0.8558488,1.076618,1,0
4KRL_A_B|DB112A,0.6496817,1.5286633,1,0
5C6T_HL_A|EA194A,1.0906719,0.79031783,1,0
5C6T_HL_A|FA192A,1.9972014,1.794082,1,0
5C6T_HL_A|FA199A,2.7581792,1.1157742,1,0
5C6T_HL_A|FA200A,0.41047263,1.561182,1,0
5C6T_HL_A|FH99A,1.4600298,-0.017305546,1,0
5C6T_HL_A|IA201A,0.88561165,0.4895618,1,0
5C6T_HL_A|NA183A,0.28399685,0.39269102,1,0
5C6T_HL_A|NA186A,0.3630724,-0.116660714,1,0
5C6T_HL_A|NA188A,-0.36658686,0.65918255,1,0
"5C6T_HL_A|NA195A,DA197A",0.58650106,1.1754563,1,0
5C6T_HL_A|NH97A,1.5258962,0.27586132,1,0
5C6T_HL_A|RH31S,0.3115454,0.25448468,1,0
5C6T_HL_A|RL48A,0.1229613,1.214408,1,0
5C6T_HL_A|SH32A,-0.8683455,0.5955088,1,0
5C6T_HL_A|TA185A,0.33786914,0.62218463,1,0
5C6T_HL_A|YA182A,3.2083547,0.698854,1,0
"5C6T_HL_A|YA182A,NA195A,DA197A",2.942425,1.6009952,1,0
5C6T_HL_A|YH104A,0.3630724,0.90186185,1,0
5C6T_HL_A|YH98A,1.7166799,1.2767044,1,0
5C6T_HL_A|YL47A,0.5516565,2.031999,1,0
1KIP_AB_C|AB32Y,-0.8005932,-1.278252,1,1
1XGU_AB_C|FB33A,4.0,3.8035953,1,1
1XGU_AB_C|FB33I,1.8004549,1.9343005,1,1
1XGU_AB_C|FB33L,1.8617703,2.0607932,1,1
1XGU_AB_C|FB33V,2.9080825,3.3983736,1,1
2B2X_HL_A|EH64K,-0.033433665,0.2828911,1,1
"2B2X_HL_A|EH64K,QL28S,YL52N",0.911615,0.9652843,1,1
"2B2X_HL_A|EH64K,QL28S,YL52N,GH102S",2.7106705,1.6984842,1,1
"2B2X_HL_A|EH64K,QL28S,YL52N,SH35A",3.119054,0.70131093,1,1
"2B2X_HL_A|EH64K,QL28S,YL52N,SH35V",3.770335,0.65654397,1,1
"2B2X_HL_A|EH64K,YL52N",0.34853002,0.52205706,1,1
"2B2X_HL_A|QL28S,YL52N",0.8626942,0.49022436,1,1
2B2X_HL_A|VH50T,0.024054652,-0.5395868,1,1
"2B2X_HL_A|VH50T,EH64D,QL28S,YL52N",0.87177193,1.3527436,1,1
"2B2X_HL_A|VH50T,EH64K,QL28S",0.991589,1.3180653,1,1
"2B2X_HL_A|VH50T,EH64K,QL28S,YL52D",1.5439764,1.241695,1,1
"2B2X_HL_A|VH50T,EH64K,QL28S,YL52E",0.95452905,1.0755349,1,1
"2B2X_HL_A|VH50T,EH64K,QL28S,YL52K",1.7007239,1.5739805,1,1
"2B2X_HL_A|VH50T,EH64K,QL28S,YL52N",1.043214,1.3772545,1,1
"2B2X_HL_A|VH50T,EH64K,QL28S,YL52N,FH99W",1.043214,1.5427309,1,1
"2B2X_HL_A|VH50T,EH64K,QL28S,YL52N,FH99Y",1.7978828,1.5666394,1,1
"2B2X_HL_A|VH50T,EH64K,QL28S,YL52N,GH100F",1.4322319,-0.16407955,1,1
"2B2X_HL_A|VH50T,EH64K,QL28S,YL52N,GH100L",3.770335,0.119515136,1,1
"2B2X_HL_A|VH50T,EH64K,QL28S,YL52N,GH100M",1.145348,0.8428623,1,1
"2B2X_HL_A|VH50T,EH64K,QL28S,YL52N,GH100S",1.6009614,1.1095306,1,1
"2B2X_HL_A|VH50T,EH64K,QL28S,YL52N,GH53A",1.5558206,0.96529734,1,1
"2B2X_HL_A|VH50T,EH64K,QL28S,YL52N,GH53N",2.2985272,1.4186751,1,1
"2B2X_HL_A|VH50T,EH64K,QL28S,YL52N,GH53S",1.7188073,1.6599202,1,1
"2B2X_HL_A|VH50T,EH64K,QL28S,YL52N,GH54I",2.4067745,0.9858893,1,1
"2B2X_HL_A|VH50T,EH64K,QL28S,YL52N,GH54T",2.2073808,1.1667316,1,1
"2B2X_HL_A|VH50T,EH64K,QL28S,YL52N,GH54Y",1.043214,0.8962252,1,1
"2B2X_HL_A|VH50T,EH64K,QL28S,YL52N,GL92Q",2.6158988,1.2438079,1,1
"2B2X_HL_A|VH50T,EH64K,QL28S,YL52N,GL92S",1.5558206,1.2821627,1,1
"2B2X_HL_A|VH50T,EH64K,QL28S,YL52N,HL31K",2.2073808,1.4538212,1,1
"2B2X_HL_A|VH50T,EH64K,QL28S,YL52N,HL31R",2.1670115,1.0956991,1,1
"2B2X_HL_A|VH50T,EH64K,QL28S,YL52N,HL31W",2.2985272,0.9634455,1,1
"2B2X_HL_A|VH50T,EH64K,QL28S,YL52N,LH60D",0.981894,1.2531687,1,1
"2B2X_HL_A|VH50T,EH64K,QL28S,YL52N,LL49F",1.7554936,1.030077,1,1
"2B2X_HL_A|VH50T,EH64K,QL28S,YL52N,LL49K",1.9044149,1.4575983,1,1
"2B2X_HL_A|VH50T,EH64K,QL28S,YL52N,LL49W",2.9507816,1.3869555,1,1
"2B2X_HL_A|VH50T,EH64K,QL28S,YL52N,NL30V",2.0925434,0.4338782,1,1
"2B2X_HL_A|VH50T,EH64K,QL28S,YL52N,NL30W",2.6158988,0.74181676,1,1
"2B2X_HL_A|VH50T,EH64K,QL28S,YL52N,NL30Y",2.9507816,0.499902,1,1
"2B2X_HL_A|VH50T,EH64K,QL28S,YL52N,NL30Y,SL91I",1.4775821,0.06766055,1,1
"2B2X_HL_A|VH50T,EH64K,QL28S,YL52N,RH31Q",2.350542,1.2520219,1,1
"2B2X_HL_A|VH50T,EH64K,QL28S,YL52N,SH35A",2.6158988,1.1612275,1,1
"2B2X_HL_A|VH50T,EH64K,QL28S,YL52N,SH35A,GH102S",2.6158988,1.5947219,1,1
"2B2X_HL_A|VH50T,EH64K,QL28S,YL52N,SH35Q",3.770335,1.3174437,1,1
"2B2X_HL_A|VH50T,EH64K,QL28S,YL52N,SH35V,GH102S",2.4688888,1.5320138,1,1
"2B2X_HL_A|VH50T,EH64K,QL28S,YL52N,SH52M",3.119054,0.77920187,1,1
"2B2X_HL_A|VH50T,EH64K,QL28S,YL52N,SL24R",0.82788163,0.48058692,1,1
"2B2X_HL_A|VH50T,EH64K,QL28S,YL52N,SL91Q",2.8172472,1.0957592,1,1
"2B2X_HL_A|VH50T,EH64K,QL28S,YL52N,SL91R",3.770335,0.62695897,1,1
"2B2X_HL_A|VH50T,EH64K,QL28S,YL52N,SL91R,NL30E",3.770335,0.49552116,1,1
"2B2X_HL_A|VH50T,EH64K,QL28S,YL52N,SL91T",3.3598623,0.7550924,1,1
"2B2X_HL_A|VH50T,EH64K,QL28S,YL52N,TH33E,GH53Q",2.7106705,1.9046677,1,1
"2B2X_HL_A|VH50T,EH64K,QL28S,YL52N,TH33I,SH52T,GH53N,GH54N",2.9507816,1.709196,1,1
"2B2X_HL_A|VH50T,EH64K,QL28S,YL52N,TH33I,SH52T,GH53Q,GH54F",2.2985272,1.313416,1,1
"2B2X_HL_A|VH50T,EH64K,QL28S,YL52N,TH33N",3.770335,2.1638448,1,1
"2B2X_HL_A|VH50T,EH64K,QL28S,YL52N,TH33V",1.4775821,1.3954176,1,1
"2B2X_HL_A|VH50T,EH64K,QL28S,YL52N,WL90Q",3.119054,1.7299182,1,1
"2B2X_HL_A|VH50T,EH64K,QL28S,YL52N,WL90Q,FL33Y",1.914233,1.7456623,1,1
"2B2X_HL_A|VH50T,EH64K,QL28S,YL52N,YH58E",3.119054,1.7189763,1,1
"2B2X_HL_A|VH50T,EH64K,QL28S,YL52N,YH58Q",3.119054,2.0824468,1,1
"2B2X_HL_A|VH50T,EH64K,QL28S,YL52N,YH58W",1.8641591,1.5676589,1,1
"2B2X_HL_A|VH50T,EH64K,QL28S,YL52N,YH59E",1.5872209,1.4733245,1,1
"2B2X_HL_A|VH50T,EH64K,QL28S,YL52R",1.8880546,1.1013954,1,1
"2B2X_HL_A|VH50T,EH64K,YL52N",0.28173435,0.8756982,1,1
"2B2X_HL_A|VH50T,EH64N,QL28S,YL52N",1.0069425,1.2741816,1,1
"2B2X_HL_A|VH50T,EH64Q,QL28S,YL52N",0.96559924,1.3119003,1,1
"2B2X_HL_A|VH50T,EH64Q,QL28S,YL52N,LH60D",1.0862032,1.2651122,1,1
"2B2X_HL_A|VH50T,QL28S,YL52N",0.96559924,1.0501882,1,1
"2B2X_HL_A|VH50T,QL28S,YL52N,LH60D",0.90141344,0.86977816,1,1
"2B2X_HL_A|VH50T,YL52N",0.18636756,0.6877803,1,1
2B2X_HL_A|YL52E,-0.22410508,-0.03509208,1,1
2VIR_AB_C|SC115L,3.680209,1.3349193,1,1
2VIR_AB_C|TC89I,4.0,3.348337,1,1
"3G6D_LH_A|EL3V,GL76R,TL77V,QL78E,EL80G",0.13981691,0.15690334,1,1
"3G6D_LH_A|EL3V,GL76R,TL77V,QL78E,EL80G,DH54N",0.111178115,0.43422753,1,1
"3G6D_LH_A|EL3V,GL76R,TL77V,QL78E,EL80G,TL89S,ML92I,VL93D,TL94K",0.27145106,-0.19756177,1,1
3G6D_LH_A|HH104A,-0.9530879,1.0504172,1,1
"3G6D_LH_A|KH210T,KH215T",-0.13294782,-0.3098574,1,1
"3G6D_LH_A|TL89S,ML92I,VL93D,TL94K",0.7979767,-0.15686241,1,1
3G6D_LH_A|WH105A,-1.4965084,1.265207,1,1
"3IDX_HL_G|CG27I,CG242Q",-2.4650376,0.6216677,1,1
"3IDX_HL_G|CG27I,CG242Q,MG247A",-2.1736174,0.64506537,1,1
"3IDX_HL_G|KG85C,EG121C,CG27I,CG242Q",-2.3776865,0.7189942,1,1
"3IDX_HL_G|KG85C,EG121C,WG13M,MG247A,CG14W,CG129V,CG27I,CG242Q",-2.1922898,0.67793405,1,1
"3IDX_HL_G|KG85C,EG122C,WG13M,MG247A,CG14W,CG129V,CG27I,CG242Q",-2.2927184,0.4557121,1,1
"3IDX_HL_G|TG41C,GG245C,MG247A",0.40945426,0.23387611,1,1
"3IDX_HL_G|TG41C,GG245C,WG13M,MG247A,CG14W,CG129V,CG27I,CG242Q",-2.3310676,0.36706117,1,1
"3IDX_HL_G|WG13M,MG247A,CG14W,CG129V",-0.6475391,0.24406013,1,1
"3IDX_HL_G|WG13M,MG247A,CG14W,CG129V,CG27I,CG242Q",-2.3479884,0.44840494,1,1
"3IDX_HL_G|WG13M,MG247A,CG14W,CG129V,KG85C,EG121C",-0.36166522,0.3460458,1,1
"3IDX_HL_G|WG13M,SG111T,WG200S,MG247A,CG14W,CG129V,CG27I,CG242Q",-1.8639641,0.7401833,1,1
"3L5X_A_HL|EL93F,YL94G",-0.42800838,-0.1166176,1,1
"3L5X_A_HL|EL93H,YL94G",-0.7626503,0.08864169,1,1
"3L5X_A_HL|HL91P,NL92I,EL93D,YL94A",-0.6466697,0.23408473,1,1
"3L5X_A_HL|HL91P,NL92L,EL93D,YL94S",-0.6327897,0.045624238,1,1
"3L5X_A_HL|HL91P,NL92L,EL93D,YL94T",-0.81005055,0.36641794,1,1
"3L5X_A_HL|HL91P,NL92L,EL93D,YL94V",-0.85822237,0.17470458,1,1
"3L5X_A_HL|HL91P,NL92L,YL94A",-0.44441348,0.38566828,1,1
"3L5X_A_HL|HL91Q,NL92D,EL93I,YL94G",-1.5503801,-0.097584315,1,1
"3L5X_A_HL|HL91Q,NL92D,EL93L,YL94G",-1.785132,0.05104346,1,1
"3L5X_A_HL|HL91Q,NL92D,EL93Y,YL94G",-1.451453,-0.6780762,1,1
"3L5X_A_HL|NL92D,EL93L,YL94G",-0.42962858,-0.094719775,1,1
"3L5X_A_HL|NL92D,EL93N,YL94S",-0.53403836,-0.07922556,1,1
"3L5X_A_HL|NL92D,EL93P,YL94G",-1.4699602,-0.2802197,1,1
"3L5X_A_HL|NL92D,EL93R,YL94D",-0.52253926,-0.27612546,1,1
"3L5X_A_HL|NL92D,EL93W,YL94E",-1.1963489,-0.61433655,1,1
"3L5X_A_HL|NL92D,EL93W,YL94G",-1.6825228,-0.66519773,1,1
"3L5X_A_HL|NL92D,EL93W,YL94S",-0.71612674,-0.55944633,1,1
"3L5X_A_HL|NL92D,EL93Y,YL94A",-0.8069743,-0.4988931,1,1
"3L5X_A_HL|NL92E,EL93S,YL94G",-1.2653587,-0.1884394,1,1
"3L5X_A_HL|NL92E,EL93W,YL94G",-1.5503801,-0.5629612,1,1
"3L5X_A_HL|NL92F,EL93W,YL94G",-1.2329907,-1.0356346,1,1
"3L5X_A_HL|NL92L,EL93D,YL94S",-0.6170473,-0.1255776,1,1
"3L5X_A_HL|NL92L,EL93L,YL94G",-0.6259698,0.10179561,1,1
"3L5X_A_HL|NL92L,EL93M,YL94G",-0.82567644,-0.10039226,1,1
"3L5X_A_HL|NL92L,EL93N,YL94G",-0.6954369,-0.042303212,1,1
"3L5X_A_HL|NL92S,EL93H,YL94G",-1.2457265,-0.06842501,1,1
"3L5X_A_HL|NL92S,EL93I,YL94G",-0.8069743,-0.07661844,1,1
"3L5X_A_HL|NL92S,EL93S,YL94G",-0.24921271,-0.15796685,1,1
"3L5X_A_HL|NL92S,EL93V,YL94G",-0.51687235,-0.047602005,1,1
"3L5X_A_HL|NL92S,EL93W,YL94A",-0.30302802,-0.31664383,1,1
"3L5X_A_HL|NL92S,EL93W,YL94G",-1.2720501,-0.43760243,1,1
"3L5X_A_HL|NL92S,EL93Y,YL94G",-0.9641868,-0.42358992,1,1
"3L5X_A_HL|NL92V,EL93G,YL94G",-0.46300006,-0.41924527,1,1
"3L5X_A_HL|NL92V,EL93W,YL94G",-0.83525383,-0.6101701,1,1
3L5X_A_HL|YL94A,-0.82885176,0.07668799,1,1
3N85_A_LH|SH32A,-0.13401966,0.035058387,1,1
3N85_A_LH|SH32Y,0.0571225,0.88129056,1,1
3N85_A_LH|SH50G,0.48767117,0.08595067,1,1
3N85_A_LH|SH52Y,-0.78460336,-0.38450724,1,1
3N85_A_LH|WH100F,-0.015185109,-0.35076684,1,1
3N85_A_LH|WH30K,-0.78460336,0.6294547,1,1
3N85_A_LH|WH30R,-0.5539675,-0.19314492,1,1
3N85_A_LH|WL91F,0.13959166,0.04783212,1,1
3N85_A_LH|WL94Y,-0.03871881,-0.16602919,1,1
3SE8_HL_G|DH110A,-0.38934898,-0.75350255,1,1
3SE8_HL_G|DH114A,-0.2441398,1.0183097,1,1
3SE8_HL_G|DL49A,0.8558488,1.6476234,1,1
3SE8_HL_G|EL1A,-0.5565174,-1.2472795,1,1
3SE8_HL_G|EL91A,1.513491,1.326366,1,1
3SE8_HL_G|FH115A,1.0676043,2.970901,1,1
3SE8_HL_G|FL90A,-0.8640972,0.43414217,1,1
3SE8_HL_G|FL92A,0.8323254,0.69723314,1,1
3SE8_HL_G|GH56A,0.3570972,0.6229797,1,1
3SE8_HL_G|KH52A,1.1114144,0.25359333,1,1
3SE8_HL_G|LH54A,0.054776184,0.25902763,1,1
3SE8_HL_G|NL30A,0.19434923,0.24240759,1,1
3SE8_HL_G|PH78A,0.01881787,0.016987883,1,1
3SE8_HL_G|PH81A,-0.07091986,0.95084435,1,1
3SE8_HL_G|QH63A,1.1144251,0.09264444,1,1
3SE8_HL_G|QH65A,0.54980505,-0.3378717,1,1
3SE8_HL_G|QH76A,0.09689985,0.0234887,1,1
3SE8_HL_G|QL27A,-0.21612903,0.98626643,1,1
3SE8_HL_G|RH30A,-0.03949762,0.052901268,1,1
3SE8_HL_G|RH62A,1.2061691,0.4523393,1,1
3SE8_HL_G|RH72A,2.6444623,2.676144,1,1
3SE8_HL_G|SH59A,1.1508402,-0.16042855,1,1
3SE8_HL_G|VH58A,1.2496852,0.74243855,1,1
3SE8_HL_G|WH47A,1.4751467,1.5723932,1,1
3SE8_HL_G|WH50A,1.333526,1.767281,1,1
3SE8_HL_G|WH55A,0.7611056,-0.47024342,1,1
3SE8_HL_G|YH111A,0.82992166,0.97504663,1,1
3SE8_HL_G|YH60A,0.8558488,0.7247459,1,1
4KRL_A_B|DB112A,0.6496817,2.1547632,1,1
5C6T_HL_A|EA194A,1.0906719,0.6404714,1,1
5C6T_HL_A|FA192A,1.9972014,2.6525543,1,1
5C6T_HL_A|FA199A,2.7581792,2.6305456,1,1
5C6T_HL_A|FA200A,0.41047263,1.4574426,1,1
5C6T_HL_A|FH99A,1.4600298,-0.1553675,1,1
5C6T_HL_A|IA201A,0.88561165,0.27788886,1,1
5C6T_HL_A|NA183A,0.28399685,1.3822032,1,1
5C6T_HL_A|NA186A,0.3630724,0.81847936,1,1
5C6T_HL_A|NA188A,-0.36658686,0.51992154,1,1
"5C6T_HL_A|NA195A,DA197A",0.58650106,0.7888992,1,1
5C6T_HL_A|NH97A,1.5258962,-0.6861544,1,1
5C6T_HL_A|RH31S,0.3115454,0.5144734,1,1
5C6T_HL_A|RL48A,0.1229613,1.5847008,1,1
5C6T_HL_A|SH32A,-0.8683455,0.4753787,1,1
5C6T_HL_A|TA185A,0.33786914,-0.09485767,1,1
5C6T_HL_A|YA182A,3.2083547,1.9075487,1,1
"5C6T_HL_A|YA182A,NA195A,DA197A",2.942425,2.068333,1,1
5C6T_HL_A|YH104A,0.3630724,-0.025069363,1,1
5C6T_HL_A|YH98A,1.7166799,0.15659441,1,1
5C6T_HL_A|YL47A,0.5516565,1.9539738,1,1
1KIP_AB_C|AB32Y,-0.8005932,-0.19245799,1,2
1XGU_AB_C|FB33A,4.0,-0.039614704,1,2
1XGU_AB_C|FB33I,1.8004549,-0.053765442,1,2
1XGU_AB_C|FB33L,1.8617703,-0.05256803,1,2
1XGU_AB_C|FB33V,2.9080825,-0.019593243,1,2
2B2X_HL_A|EH64K,-0.033433665,-0.10368177,1,2
"2B2X_HL_A|EH64K,QL28S,YL52N",0.911615,-0.14687225,1,2
"2B2X_HL_A|EH64K,QL28S,YL52N,GH102S",2.7106705,-0.108690426,1,2
"2B2X_HL_A|EH64K,QL28S,YL52N,SH35A",3.119054,-0.19835943,1,2
"2B2X_HL_A|EH64K,QL28S,YL52N,SH35V",3.770335,-0.07524516,1,2
"2B2X_HL_A|EH64K,YL52N",0.34853002,-0.1829589,1,2
"2B2X_HL_A|QL28S,YL52N",0.8626942,-0.033668723,1,2
2B2X_HL_A|VH50T,0.024054652,-0.0020056106,1,2
"2B2X_HL_A|VH50T,EH64D,QL28S,YL52N",0.87177193,-0.07880749,1,2
"2B2X_HL_A|VH50T,EH64K,QL28S",0.991589,-0.16257639,1,2
"2B2X_HL_A|VH50T,EH64K,QL28S,YL52D",1.5439764,-0.2505808,1,2
"2B2X_HL_A|VH50T,EH64K,QL28S,YL52E",0.95452905,-0.22735813,1,2
"2B2X_HL_A|VH50T,EH64K,QL28S,YL52K",1.7007239,-0.27396798,1,2
"2B2X_HL_A|VH50T,EH64K,QL28S,YL52N",1.043214,-0.17396854,1,2
"2B2X_HL_A|VH50T,EH64K,QL28S,YL52N,FH99W",1.043214,-0.17372736,1,2
"2B2X_HL_A|VH50T,EH64K,QL28S,YL52N,FH99Y",1.7978828,-0.20847657,1,2
"2B2X_HL_A|VH50T,EH64K,QL28S,YL52N,GH100F",1.4322319,-0.2847108,1,2
"2B2X_HL_A|VH50T,EH64K,QL28S,YL52N,GH100L",3.770335,-0.23889899,1,2
"2B2X_HL_A|VH50T,EH64K,QL28S,YL52N,GH100M",1.145348,-0.20826307,1,2
"2B2X_HL_A|VH50T,EH64K,QL28S,YL52N,GH100S",1.6009614,-0.21915793,1,2
"2B2X_HL_A|VH50T,EH64K,QL28S,YL52N,GH53A",1.5558206,-0.30365825,1,2
"2B2X_HL_A|VH50T,EH64K,QL28S,YL52N,GH53N",2.2985272,-0.09510331,1,2
"2B2X_HL_A|VH50T,EH64K,QL28S,YL52N,GH53S",1.7188073,-0.13122578,1,2
"2B2X_HL_A|VH50T,EH64K,QL28S,YL52N,GH54I",2.4067745,-0.1527274,1,2
"2B2X_HL_A|VH50T,EH64K,QL28S,YL52N,GH54T",2.2073808,-0.086847916,1,2
"2B2X_HL_A|VH50T,EH64K,QL28S,YL52N,GH54Y",1.043214,-0.108892396,1,2
"2B2X_HL_A|VH50T,EH64K,QL28S,YL52N,GL92Q",2.6158988,-0.120092645,1,2
"2B2X_HL_A|VH50T,EH64K,QL28S,YL52N,GL92S",1.5558206,-0.16910748,1,2
"2B2X_HL_A|VH50T,EH64K,QL28S,YL52N,HL31K",2.2073808,-0.22037753,1,2
"2B2X_HL_A|VH50T,EH64K,QL28S,YL52N,HL31R",2.1670115,-0.2275052,1,2
"2B2X_HL_A|VH50T,EH64K,QL28S,YL52N,HL31W",2.2985272,-0.12109223,1,2
"2B2X_HL_A|VH50T,EH64K,QL28S,YL52N,LH60D",0.981894,-0.2775546,1,2
"2B2X_HL_A|VH50T,EH64K,QL28S,YL52N,LL49F",1.7554936,-0.1664709,1,2
"2B2X_HL_A|VH50T,EH64K,QL28S,YL52N,LL49K",1.9044149,-0.2509888,1,2
"2B2X_HL_A|VH50T,EH64K,QL28S,YL52N,LL49W",2.9507816,-0.12493229,1,2
"2B2X_HL_A|VH50T,EH64K,QL28S,YL52N,NL30V",2.0925434,-0.25806987,1,2
"2B2X_HL_A|VH50T,EH64K,QL28S,YL52N,NL30W",2.6158988,-0.11533636,1,2
"2B2X_HL_A|VH50T,EH64K,QL28S,YL52N,NL30Y",2.9507816,-0.1003464,1,2
"2B2X_HL_A|VH50T,EH64K,QL28S,YL52N,NL30Y,SL91I",1.4775821,-0.06734738,1,2
"2B2X_HL_A|VH50T,EH64K,QL28S,YL52N,RH31Q",2.350542,-0.17602272,1,2
"2B2X_HL_A|VH50T,EH64K,QL28S,YL52N,SH35A",2.6158988,-0.23048297,1,2
"2B2X_HL_A|VH50T,EH64K,QL28S,YL52N,SH35A,GH102S",2.6158988,-0.19984335,1,2
"2B2X_HL_A|VH50T,EH64K,QL28S,YL52N,SH35Q",3.770335,-0.13634811,1,2
"2B2X_HL_A|VH50T,EH64K,QL28S,YL52N,SH35V,GH102S",2.4688888,-0.03338484,1,2
"2B2X_HL_A|VH50T,EH64K,QL28S,YL52N,SH52M",3.119054,-0.08091399,1,2
"2B2X_HL_A|VH50T,EH64K,QL28S,YL52N,SL24R",0.82788163,-0.21605313,1,2
"2B2X_HL_A|VH50T,EH64K,QL28S,YL52N,SL91Q",2.8172472,-0.109230354,1,2
"2B2X_HL_A|VH50T,EH64K,QL28S,YL52N,SL91R",3.770335,-0.146519,1,2
"2B2X_HL_A|VH50T,EH64K,QL28S,YL52N,SL91R,NL30E",3.770335,-0.1565171,1,2
"2B2X_HL_A|VH50T,EH64K,QL28S,YL52N,SL91T",3.3598623,-0.19692783,1,2
"2B2X_HL_A|VH50T,EH64K,QL28S,YL52N,TH33E,GH53Q",2.7106705,-0.07932246,1,2
"2B2X_HL_A|VH50T,EH64K,QL28S,YL52N,TH33I,SH52T,GH53N,GH54N",2.9507816,0.03831428,1,2
"2B2X_HL_A|VH50T,EH64K,QL28S,YL52N,TH33I,SH52T,GH53Q,GH54F",2.2985272,0.3006976,1,2
"2B2X_HL_A|VH50T,EH64K,QL28S,YL52N,TH33N",3.770335,-0.13460067,1,2
"2B2X_HL_A|VH50T,EH64K,QL28S,YL52N,TH33V",1.4775821,-0.22354192,1,2
"2B2X_HL_A|VH50T,EH64K,QL28S,YL52N,WL90Q",3.119054,-0.1580529,1,2
"2B2X_HL_A|VH50T,EH64K,QL28S,YL52N,WL90Q,FL33Y",1.914233,-0.17757727,1,2
"2B2X_HL_A|VH50T,EH64K,QL28S,YL52N,YH58E",3.119054,-0.12623328,1,2
"2B2X_HL_A|VH50T,EH64K,QL28S,YL52N,YH58Q",3.119054,-0.07062535,1,2
"2B2X_HL_A|VH50T,EH64K,QL28S,YL52N,YH58W",1.8641591,-0.13524897,1,2
"2B2X_HL_A|VH50T,EH64K,QL28S,YL52N,YH59E",1.5872209,-0.14355123,1,2
"2B2X_HL_A|VH50T,EH64K,QL28S,YL52R",1.8880546,-0.30294636,1,2
"2B2X_HL_A|VH50T,EH64K,YL52N",0.28173435,-0.20548883,1,2
"2B2X_HL_A|VH50T,EH64N,QL28S,YL52N",1.0069425,-0.13511379,1,2
"2B2X_HL_A|VH50T,EH64Q,QL28S,YL52N",0.96559924,-0.16842031,1,2
"2B2X_HL_A|VH50T,EH64Q,QL28S,YL52N,LH60D",1.0862032,-0.27166238,1,2
"2B2X_HL_A|VH50T,QL28S,YL52N",0.96559924,-0.08032262,1,2
"2B2X_HL_A|VH50T,QL28S,YL52N,LH60D",0.90141344,-0.16649449,1,2
"2B2X_HL_A|VH50T,YL52N",0.18636756,-0.121600136,1,2
2B2X_HL_A|YL52E,-0.22410508,0.027185764,1,2
2VIR_AB_C|SC115L,3.680209,0.122021064,1,2
2VIR_AB_C|TC89I,4.0,0.0673293,1,2
"3G6D_LH_A|EL3V,GL76R,TL77V,QL78E,EL80G",0.13981691,0.0911455,1,2
"3G6D_LH_A|EL3V,GL76R,TL77V,QL78E,EL80G,DH54N",0.111178115,0.085164264,1,2
"3G6D_LH_A|EL3V,GL76R,TL77V,QL78E,EL80G,TL89S,ML92I,VL93D,TL94K",0.27145106,-0.34365585,1,2
3G6D_LH_A|HH104A,-0.9530879,0.021240033,1,2
"3G6D_LH_A|KH210T,KH215T",-0.13294782,0.39310676,1,2
"3G6D_LH_A|TL89S,ML92I,VL93D,TL94K",0.7979767,-0.35880986,1,2
3G6D_LH_A|WH105A,-1.4965084,0.1761457,1,2
"3IDX_HL_G|CG27I,CG242Q",-2.4650376,-0.13152264,1,2
"3IDX_HL_G|CG27I,CG242Q,MG247A",-2.1736174,-0.096003294,1,2
"3IDX_HL_G|KG85C,EG121C,CG27I,CG242Q",-2.3776865,0.11541112,1,2
"3IDX_HL_G|KG85C,EG121C,WG13M,MG247A,CG14W,CG129V,CG27I,CG242Q",-2.1922898,0.07804212,1,2
"3IDX_HL_G|KG85C,EG122C,WG13M,MG247A,CG14W,CG129V,CG27I,CG242Q",-2.2927184,0.0825358,1,2
"3IDX_HL_G|TG41C,GG245C,MG247A",0.40945426,0.10154647,1,2
"3IDX_HL_G|TG41C,GG245C,WG13M,MG247A,CG14W,CG129V,CG27I,CG242Q",-2.3310676,0.074923314,1,2
"3IDX_HL_G|WG13M,MG247A,CG14W,CG129V",-0.6475391,0.06295259,1,2
"3IDX_HL_G|WG13M,MG247A,CG14W,CG129V,CG27I,CG242Q",-2.3479884,-0.078303635,1,2
"3IDX_HL_G|WG13M,MG247A,CG14W,CG129V,KG85C,EG121C",-0.36166522,0.15781552,1,2
"3IDX_HL_G|WG13M,SG111T,WG200S,MG247A,CG14W,CG129V,CG27I,CG242Q",-1.8639641,-0.16738895,1,2
"3L5X_A_HL|EL93F,YL94G",-0.42800838,0.04334027,1,2
"3L5X_A_HL|EL93H,YL94G",-0.7626503,-0.015539948,1,2
"3L5X_A_HL|HL91P,NL92I,EL93D,YL94A",-0.6466697,0.24381457,1,2
"3L5X_A_HL|HL91P,NL92L,EL93D,YL94S",-0.6327897,0.19409864,1,2
"3L5X_A_HL|HL91P,NL92L,EL93D,YL94T",-0.81005055,0.19580725,1,2
"3L5X_A_HL|HL91P,NL92L,EL93D,YL94V",-0.85822237,0.23275669,1,2
"3L5X_A_HL|HL91P,NL92L,YL94A",-0.44441348,0.24966556,1,2
"3L5X_A_HL|HL91Q,NL92D,EL93I,YL94G",-1.5503801,-0.106082544,1,2
"3L5X_A_HL|HL91Q,NL92D,EL93L,YL94G",-1.785132,-0.114821434,1,2
"3L5X_A_HL|HL91Q,NL92D,EL93Y,YL94G",-1.451453,-0.14434695,1,2
"3L5X_A_HL|NL92D,EL93L,YL94G",-0.42962858,-0.079499185,1,2
"3L5X_A_HL|NL92D,EL93N,YL94S",-0.53403836,-0.09975718,1,2
"3L5X_A_HL|NL92D,EL93P,YL94G",-1.4699602,0.08676143,1,2
"3L5X_A_HL|NL92D,EL93R,YL94D",-0.52253926,-0.18471727,1,2
"3L5X_A_HL|NL92D,EL93W,YL94E",-1.1963489,-0.1396997,1,2
"3L5X_A_HL|NL92D,EL93W,YL94G",-1.6825228,-0.05372117,1,2
"3L5X_A_HL|NL92D,EL93W,YL94S",-0.71612674,-0.07567978,1,2
"3L5X_A_HL|NL92D,EL93Y,YL94A",-0.8069743,-0.0884555,1,2
"3L5X_A_HL|NL92E,EL93S,YL94G",-1.2653587,-0.1655821,1,2
"3L5X_A_HL|NL92E,EL93W,YL94G",-1.5503801,-0.048520017,1,2
"3L5X_A_HL|NL92F,EL93W,YL94G",-1.2329907,0.054531164,1,2
"3L5X_A_HL|NL92L,EL93D,YL94S",-0.6170473,0.019912459,1,2
"3L5X_A_HL|NL92L,EL93L,YL94G",-0.6259698,0.09451552,1,2
"3L5X_A_HL|NL92L,EL93M,YL94G",-0.82567644,0.094375566,1,2
"3L5X_A_HL|NL92L,EL93N,YL94G",-0.6954369,-0.018348854,1,2
"3L5X_A_HL|NL92S,EL93H,YL94G",-1.2457265,-0.0695149,1,2
"3L5X_A_HL|NL92S,EL93I,YL94G",-0.8069743,-0.016146045,1,2
"3L5X_A_HL|NL92S,EL93S,YL94G",-0.24921271,-0.12961754,1,2
"3L5X_A_HL|NL92S,EL93V,YL94G",-0.51687235,-0.039961215,1,2
"3L5X_A_HL|NL92S,EL93W,YL94A",-0.30302802,0.02144932,1,2
"3L5X_A_HL|NL92S,EL93W,YL94G",-1.2720501,-0.012908615,1,2
"3L5X_A_HL|NL92S,EL93Y,YL94G",-0.9641868,-0.06784594,1,2
"3L5X_A_HL|NL92V,EL93G,YL94G",-0.46300006,-0.14071406,1,2
"3L5X_A_HL|NL92V,EL93W,YL94G",-0.83525383,0.07058688,1,2
3L5X_A_HL|YL94A,-0.82885176,0.19433948,1,2
3N85_A_LH|SH32A,-0.13401966,0.013646826,1,2
3N85_A_LH|SH32Y,0.0571225,-0.08483149,1,2
3N85_A_LH|SH50G,0.48767117,0.044346977,1,2
3N85_A_LH|SH52Y,-0.78460336,-0.13050824,1,2
3N85_A_LH|WH100F,-0.015185109,0.11234668,1,2
3N85_A_LH|WH30K,-0.78460336,0.0334766,1,2
3N85_A_LH|WH30R,-0.5539675,0.014091894,1,2
3N85_A_LH|WL91F,0.13959166,0.10074061,1,2
3N85_A_LH|WL94Y,-0.03871881,0.050925072,1,2
3SE8_HL_G|DH110A,-0.38934898,-0.06211846,1,2
3SE8_HL_G|DH114A,-0.2441398,-0.07369387,1,2
3SE8_HL_G|DL49A,0.8558488,-0.01309618,1,2
3SE8_HL_G|EL1A,-0.5565174,-0.17901501,1,2
3SE8_HL_G|EL91A,1.513491,0.035845287,1,2
3SE8_HL_G|FH115A,1.0676043,-0.001862023,1,2
3SE8_HL_G|FL90A,-0.8640972,0.06630468,1,2
3SE8_HL_G|FL92A,0.8323254,0.004683938,1,2
3SE8_HL_G|GH56A,0.3570972,-0.04415031,1,2
3SE8_HL_G|KH52A,1.1114144,0.046514638,1,2
3SE8_HL_G|LH54A,0.054776184,0.093388796,1,2
3SE8_HL_G|NL30A,0.19434923,-0.0021956041,1,2
3SE8_HL_G|PH78A,0.01881787,0.05186685,1,2
3SE8_HL_G|PH81A,-0.07091986,0.035035428,1,2
3SE8_HL_G|QH63A,1.1144251,0.1152305,1,2
3SE8_HL_G|QH65A,0.54980505,0.1411598,1,2
3SE8_HL_G|QH76A,0.09689985,0.15224874,1,2
3SE8_HL_G|QL27A,-0.21612903,0.12323253,1,2
3SE8_HL_G|RH30A,-0.03949762,0.15654206,1,2
3SE8_HL_G|RH62A,1.2061691,0.06813659,1,2
3SE8_HL_G|RH72A,2.6444623,0.07049922,1,2
3SE8_HL_G|SH59A,1.1508402,0.034473084,1,2
3SE8_HL_G|VH58A,1.2496852,0.14737119,1,2
3SE8_HL_G|WH47A,1.4751467,0.28953153,1,2
3SE8_HL_G|WH50A,1.333526,0.20981704,1,2
3SE8_HL_G|WH55A,0.7611056,0.11255638,1,2
3SE8_HL_G|YH111A,0.82992166,0.13419117,1,2
3SE8_HL_G|YH60A,0.8558488,0.16939832,1,2
4KRL_A_B|DB112A,0.6496817,0.02513893,1,2
5C6T_HL_A|EA194A,1.0906719,-0.034412127,1,2
5C6T_HL_A|FA192A,1.9972014,0.06864293,1,2
5C6T_HL_A|FA199A,2.7581792,0.0019713081,1,2
5C6T_HL_A|FA200A,0.41047263,-0.0031161942,1,2
5C6T_HL_A|FH99A,1.4600298,0.014038023,1,2
5C6T_HL_A|IA201A,0.88561165,-0.009826217,1,2
5C6T_HL_A|NA183A,0.28399685,0.018521354,1,2
5C6T_HL_A|NA186A,0.3630724,0.023909697,1,2
5C6T_HL_A|NA188A,-0.36658686,0.0532761,1,2
"5C6T_HL_A|NA195A,DA197A",0.58650106,-0.09117511,1,2
5C6T_HL_A|NH97A,1.5258962,-0.023607057,1,2
5C6T_HL_A|RH31S,0.3115454,0.070376605,1,2
5C6T_HL_A|RL48A,0.1229613,0.104277775,1,2
5C6T_HL_A|SH32A,-0.8683455,0.00252698,1,2
5C6T_HL_A|TA185A,0.33786914,0.0025983118,1,2
5C6T_HL_A|YA182A,3.2083547,0.13156056,1,2
"5C6T_HL_A|YA182A,NA195A,DA197A",2.942425,-0.11747545,1,2
5C6T_HL_A|YH104A,0.3630724,0.16143051,1,2
5C6T_HL_A|YH98A,1.7166799,0.19491538,1,2
5C6T_HL_A|YL47A,0.5516565,0.2025712,1,2
1DVF_AB_CD|DB100A,2.7895143,-0.07527753,2,0
"1DVF_AB_CD|DB100A,DD52A",4.0,-0.016167577,2,0
"1DVF_AB_CD|DB100A,HD33A",4.0,0.044513337,2,0
"1DVF_AB_CD|DB100A,ND55A",4.0,0.0150612295,2,0
1DVF_AB_CD|DB54A,4.0,0.08368112,2,0
"1DVF_AB_CD|DB54A,YC49A",4.0,0.3516326,2,0
1DVF_AB_CD|DB58A,1.6000048,-0.03802611,2,0
"1DVF_AB_CD|DB58A,QD104A",1.4641725,0.1142474,2,0
1DVF_AB_CD|DD52A,1.6822901,-0.03517246,2,0
1DVF_AB_CD|EB98A,4.0,-0.008870624,2,0
"1DVF_AB_CD|EB98A,YD102A",4.0,0.38191915,2,0
1DVF_AB_CD|HA30A,1.6493824,0.092046574,2,0
1DVF_AB_CD|HD33A,1.8606005,0.06351502,2,0
1DVF_AB_CD|ID101A,2.6815457,0.22255136,2,0
1DVF_AB_CD|KD30A,1.0035173,0.061588213,2,0
1DVF_AB_CD|NB56A,1.1624389,0.011564165,2,0
"1DVF_AB_CD|NB56A,HD33A",2.5259995,0.09011768,2,0
"1DVF_AB_CD|NB56A,ND55A",2.3010929,0.043135457,2,0
"1DVF_AB_CD|NB56A,QD104A",1.4868644,0.10435535,2,0
1DVF_AB_CD|ND55A,1.8606005,0.032187164,2,0
1DVF_AB_CD|QD104A,1.6287225,0.10002294,2,0
1DVF_AB_CD|RB99A,1.8746451,0.09165561,2,0
1DVF_AB_CD|RD106A,4.0,0.1901301,2,0
1DVF_AB_CD|SA93A,1.1624389,-0.026650362,2,0
1DVF_AB_CD|TB30A,0.9075126,0.036895037,2,0
1DVF_AB_CD|WA92A,0.34072307,0.2162591,2,0
1DVF_AB_CD|WB52A,4.0,0.40101123,2,0
"1DVF_AB_CD|WB52A,QD104A",4.0,0.5273382,2,0
1DVF_AB_CD|YA32A,2.0303695,0.17157957,2,0
"1DVF_AB_CD|YA32A,RD106A",4.0,0.37966788,2,0
1DVF_AB_CD|YA49A,1.6785902,0.18185423,2,0
"1DVF_AB_CD|YA49A,HD33A",2.625045,0.27951908,2,0
"1DVF_AB_CD|YA49A,ND55A",2.0303695,0.17618237,2,0
1DVF_AB_CD|YA50A,0.6877736,0.13499275,2,0
1DVF_AB_CD|YB101F,2.0123136,0.013066687,2,0
1DVF_AB_CD|YB32A,1.8314707,0.093165725,2,0
1DVF_AB_CD|YC49A,1.8606005,0.20790894,2,0
1DVF_AB_CD|YD102A,4.0,0.32002783,2,0
1MHP_HL_A|FH99W,0.0,-0.30331343,2,0
1MHP_HL_A|FH99Y,0.75466895,-0.26459247,2,0
1MHP_HL_A|GH100F,0.38901797,-0.34989977,2,0
1MHP_HL_A|GH100L,2.727121,-0.32451487,2,0
1MHP_HL_A|GH100M,0.10213403,-0.31328598,2,0
1MHP_HL_A|GH100S,0.5577475,-0.25412732,2,0
1MHP_HL_A|GH53A,0.5126066,-0.14225847,2,0
1MHP_HL_A|GH53N,1.2553134,-0.34183174,2,0
1MHP_HL_A|GH53S,0.6755934,-0.19415303,2,0
1MHP_HL_A|GH54I,1.3635606,-0.3272704,2,0
1MHP_HL_A|GH54T,1.1641668,-0.30908376,2,0
1MHP_HL_A|GH54Y,0.0,-0.43896627,2,0
1MHP_HL_A|GL91Q,1.572685,-0.35514438,2,0
1MHP_HL_A|GL91S,0.5126066,-0.2546214,2,0
1MHP_HL_A|HL30K,1.1641668,-0.15759732,2,0
1MHP_HL_A|HL30R,1.1237977,-0.22880654,2,0
1MHP_HL_A|HL30W,1.2553134,-0.36875808,2,0
1MHP_HL_A|KH64D,-0.17144196,0.017186038,2,0
1MHP_HL_A|KH64E,-0.07761467,-0.040296283,2,0
"1MHP_HL_A|KH64E,SL27Q",-0.85684633,-0.22706081,2,0
"1MHP_HL_A|KH64E,SL27Q,NL51Y",-1.0191593,-0.46148288,2,0
1MHP_HL_A|KH64N,-0.03627145,-0.04636068,2,0
1MHP_HL_A|KH64Q,-0.07761467,-0.14205846,2,0
1MHP_HL_A|LH60D,-0.061319917,-0.10253388,2,0
"1MHP_HL_A|LH60D,KH64E",-0.1418005,0.026202336,2,0
"1MHP_HL_A|LH60D,KH64Q",0.042989343,-0.061585702,2,0
1MHP_HL_A|LL48F,0.71227974,-0.14419334,2,0
1MHP_HL_A|LL48K,0.8612009,-0.24495463,2,0
1MHP_HL_A|LL48W,1.9075676,-0.39423406,2,0
1MHP_HL_A|NL29V,1.0493295,-0.15954363,2,0
1MHP_HL_A|NL29W,1.572685,-0.33075058,2,0
1MHP_HL_A|NL29Y,1.9075676,-0.3023016,2,0
"1MHP_HL_A|NL29Y,SL90I",0.43436813,-0.3649215,2,0
1MHP_HL_A|NL51D,0.5007625,-0.11147016,2,0
1MHP_HL_A|NL51E,-0.08868487,-0.1351847,2,0
1MHP_HL_A|NL51K,0.65751,-0.27669373,2,0
1MHP_HL_A|NL51R,0.84484076,-0.34562612,2,0
1MHP_HL_A|NL51Y,-0.05162489,-0.3567677,2,0
1MHP_HL_A|RH31Q,1.3073281,0.0059857517,2,0
1MHP_HL_A|SH35A,1.572685,-0.031299654,2,0
"1MHP_HL_A|SH35A,GH102S",1.572685,-0.10040715,2,0
1MHP_HL_A|SH35Q,2.727121,-0.26588002,2,0
"1MHP_HL_A|SH35V,GH102S",1.4256749,-0.18992212,2,0
1MHP_HL_A|SH52M,2.0758402,-0.16319077,2,0
1MHP_HL_A|SL23R,-0.21533228,-0.36273926,2,0
1MHP_HL_A|SL27Q,-0.6661127,-0.29946774,2,0
1MHP_HL_A|SL90Q,1.7740332,-0.26600146,2,0
1MHP_HL_A|SL90T,2.3166485,-0.13948327,2,0
"1MHP_HL_A|TH33E,GH53Q",1.6674565,-0.21392795,2,0
"1MHP_HL_A|TH33I,SH52T,GH53N,GH54N",1.9075676,-0.50002146,2,0
"1MHP_HL_A|TH33I,SH52T,GH53Q,GH54F",1.2553134,-0.46078348,2,0
1MHP_HL_A|TH33N,2.727121,-0.08073446,2,0
1MHP_HL_A|TH33V,0.43436813,-0.1352262,2,0
1MHP_HL_A|TH50V,-0.13159887,-0.15839244,2,0
"1MHP_HL_A|TH50V,GH102S",1.6674565,-0.14225732,2,0
"1MHP_HL_A|TH50V,KH64E",-0.1805197,-0.0893597,2,0
"1MHP_HL_A|TH50V,KH64E,SL27Q,NL51E",-1.267319,-0.3393755,2,0
"1MHP_HL_A|TH50V,KH64E,SL27Q,NL51Y",-1.0844951,-0.5056617,2,0
"1MHP_HL_A|TH50V,SH35A",2.0758402,-0.08864686,2,0
"1MHP_HL_A|TH50V,SH35V",2.727121,-0.19530153,2,0
"1MHP_HL_A|TH50V,SL27Q",-0.6946839,-0.29326236,2,0
"1MHP_HL_A|TH50V,SL27Q,NL51Y",-1.0235296,-0.48225826,2,0
1MHP_HL_A|WL89Q,2.0758402,0.011776805,2,0
"1MHP_HL_A|WL89Q,FL32Y",0.871019,0.03277594,2,0
1MHP_HL_A|YH58E,2.0758402,0.13356303,2,0
1MHP_HL_A|YH58Q,2.0758402,0.041155383,2,0
1MHP_HL_A|YH58W,0.82094526,-0.060299814,2,0
1MHP_HL_A|YH59E,0.54400706,0.053732038,2,0
1N8Z_AB_C|DB102W,-0.71302944,-0.39622027,2,0
1N8Z_AB_C|FC539A,0.035102826,-0.031247858,2,0
1N8Z_AB_C|HA91F,0.034232877,-0.082303315,2,0
1N8Z_AB_C|LC509A,-0.023045197,-0.10219055,2,0
1N8Z_AB_C|NA30S,0.06666317,-0.075845525,2,0
"1N8Z_AB_C|NA30S,HA91F,YA92W",-0.07476232,-0.07025388,2,0
"1N8Z_AB_C|NA30S,HA91F,YA92W,TA94S,DB102W,YB105F,YB109V",0.050661404,-0.21989958,2,0
1N8Z_AB_C|RB50A,2.9754758,0.11200166,2,0
1N8Z_AB_C|RB59A,1.8037988,0.16777691,2,0
1N8Z_AB_C|SC535A,0.030827092,-0.08790559,2,0
1N8Z_AB_C|TA94S,0.32168603,-0.04530093,2,0
1N8Z_AB_C|VC536A,0.008972699,-0.06848283,2,0
1N8Z_AB_C|YB105F,0.8540034,-0.016563125,2,0
1N8Z_AB_C|YB109V,0.23192272,-0.07342182,2,0
1XGQ_AB_C|VB33A,1.1525793,-0.0482897,2,0
1XGQ_AB_C|VB33F,-2.9080825,-0.18610615,2,0
1XGQ_AB_C|VB33I,-1.1076277,-0.10390586,2,0
1XGQ_AB_C|VB33L,-1.0463123,-0.15543115,2,0
1YQV_HL_Y|RY45K,1.8995041,0.17409866,2,0
"1YQV_HL_Y|RY68K,TY40S,IY55V,SY91T",4.0,0.17731498,2,0
"1YQV_HL_Y|RY68K,TY40S,IY55V,SY91T,QY121H",0.0,0.13697088,2,0
1YY9_CD_A|AC25P,0.07225565,0.037813514,2,0
1YY9_CD_A|AD98P,1.0372273,0.022596449,2,0
1YY9_CD_A|GD54P,0.26807046,0.040293664,2,0
1YY9_CD_A|LD29P,0.030827092,0.19971915,2,0
1YY9_CD_A|NC93A,-0.74186975,-0.03387049,2,0
1YY9_CD_A|ND56A,-0.057046015,0.003734,2,0
1YY9_CD_A|SC26D,-0.19925442,-0.077998154,2,0
"1YY9_CD_A|SC26D,TC31E,NC93A",-1.3329437,-0.16132322,2,0
"1YY9_CD_A|SC26D,TC31E,NC93A,ND56A,TD61E",-0.6517935,-0.19532442,2,0
1YY9_CD_A|SC26P,-0.009110746,0.1527138,2,0
1YY9_CD_A|SC28P,-0.22229962,0.060244173,2,0
1YY9_CD_A|SC54P,-0.018363854,0.0683731,2,0
1YY9_CD_A|SD53P,0.8175451,0.15649188,2,0
1YY9_CD_A|TC31E,-0.51892465,-0.116443336,2,0
"1YY9_CD_A|TC31E,NC93A",-0.81853306,-0.12236993,2,0
1YY9_CD_A|TC96P,4.0,0.1314045,2,0
1YY9_CD_A|TD61E,-0.057046015,-0.15035383,2,0
1YY9_CD_A|WD52P,1.4782712,0.3935185,2,0
1YY9_CD_A|YD101P,1.6514195,0.40738356,2,0
3NPS_A_BC|DA214A,1.466743,-0.049250804,2,0
3NPS_A_BC|DA46A,0.3399866,-0.07344562,2,0
3NPS_A_BC|DA47A,1.0674704,-0.028491192,2,0
3NPS_A_BC|DA91A,1.5070341,0.030021548,2,0
3NPS_A_BC|EA163A,0.61534816,-0.09049009,2,0
3NPS_A_BC|FA50A,0.21957076,0.07602088,2,0
3NPS_A_BC|FA89A,1.5714045,0.061023816,2,0
3NPS_A_BC|FA92A,0.46353978,0.27622765,2,0
3NPS_A_BC|HA138A,1.8750918,0.061027378,2,0
3NPS_A_BC|IA26A,0.6415425,0.034524545,2,0
3NPS_A_BC|IA45A,-0.33181784,0.008636013,2,0
3NPS_A_BC|KA221A,-0.10361039,0.06124197,2,0
3NPS_A_BC|LA147A,0.29573628,-0.03113649,2,0
3NPS_A_BC|NA90A,0.25341922,0.004700631,2,0
3NPS_A_BC|QA140A,0.29573628,0.031081356,2,0
3NPS_A_BC|QA168A,-0.059223834,0.049865097,2,0
3NPS_A_BC|QA169A,0.7409076,0.09549089,2,0
3NPS_A_BC|QA218A,-0.040916756,0.037673138,2,0
3NPS_A_BC|QA23A,0.026323749,0.046356596,2,0
3NPS_A_BC|RA219A,-0.08390186,0.09019168,2,0
3NPS_A_BC|RA48A,-1.062741,0.1338637,2,0
3NPS_A_BC|RA51A,0.13816836,0.083122075,2,0
3NPS_A_BC|RA82A,-0.15159543,0.031645283,2,0
3NPS_A_BC|TA144A,0.17497002,0.015587136,2,0
3NPS_A_BC|TA93A,0.72381234,0.058574513,2,0
3NPS_A_BC|YA141A,1.7748737,0.37021822,2,0
3NPS_A_BC|YA52A,0.4518898,0.12930495,2,0
3W2D_A_HL|KA67N,4.0,-0.030373052,2,0
3W2D_A_HL|KA67R,-0.42812017,-0.16617666,2,0
3W2D_A_HL|YA45F,0.8779443,0.061902657,2,0
3W2D_A_HL|YA45L,2.3647563,0.009486236,2,0
"4KRO_A_B|DA321T,FA323A",0.1269707,-0.15050164,2,0
"4KRP_A_B|DA277T,FA279A",0.35829666,-0.15699448,2,0
4NM8_ABCDEF_HL|DB19N,0.66149956,-0.1908737,2,0
4NM8_ABCDEF_HL|IB18M,0.10977998,-0.17720805,2,0
4NM8_ABCDEF_HL|LB38Y,-0.6151596,-0.40577698,2,0
4NM8_ABCDEF_HL|QB34R,2.9754758,-0.1806839,2,0
4NM8_ABCDEF_HL|QB34T,2.3309386,-0.11383465,2,0
4NM8_ABCDEF_HL|RB25M,3.442353,-0.079742,2,0
4NM8_ABCDEF_HL|TB32E,-0.5517196,-0.15551499,2,0
4NM8_ABCDEF_HL|TB32I,-0.050205972,-0.2646302,2,0
4NM8_ABCDEF_HL|TB32R,1.2211944,-0.3659742,2,0
1DVF_AB_CD|DB100A,2.7895143,0.842273,2,1
"1DVF_AB_CD|DB100A,DD52A",4.0,1.8945328,2,1
"1DVF_AB_CD|DB100A,HD33A",4.0,1.1418736,2,1
"1DVF_AB_CD|DB100A,ND55A",4.0,1.8990381,2,1
1DVF_AB_CD|DB54A,4.0,0.5031798,2,1
"1DVF_AB_CD|DB54A,YC49A",4.0,2.521048,2,1
1DVF_AB_CD|DB58A,1.6000048,0.088181004,2,1
"1DVF_AB_CD|DB58A,QD104A",1.4641725,0.39755654,2,1
1DVF_AB_CD|DD52A,1.6822901,0.36821252,2,1
1DVF_AB_CD|EB98A,4.0,0.71179473,2,1
"1DVF_AB_CD|EB98A,YD102A",4.0,2.558616,2,1
1DVF_AB_CD|HA30A,1.6493824,0.58134776,2,1
1DVF_AB_CD|HD33A,1.8606005,0.45410734,2,1
1DVF_AB_CD|ID101A,2.6815457,0.575566,2,1
1DVF_AB_CD|KD30A,1.0035173,0.35045624,2,1
1DVF_AB_CD|NB56A,1.1624389,-0.04467836,2,1
"1DVF_AB_CD|NB56A,HD33A",2.5259995,0.21694204,2,1
"1DVF_AB_CD|NB56A,ND55A",2.3010929,0.3739608,2,1
"1DVF_AB_CD|NB56A,QD104A",1.4868644,0.2258854,2,1
1DVF_AB_CD|ND55A,1.8606005,0.63878757,2,1
1DVF_AB_CD|QD104A,1.6287225,0.38458937,2,1
1DVF_AB_CD|RB99A,1.8746451,0.18602802,2,1
1DVF_AB_CD|RD106A,4.0,1.0526897,2,1
1DVF_AB_CD|SA93A,1.1624389,0.3688811,2,1
1DVF_AB_CD|TB30A,0.9075126,0.18523392,2,1
1DVF_AB_CD|WA92A,0.34072307,1.1858258,2,1
1DVF_AB_CD|WB52A,4.0,1.2620248,2,1
"1DVF_AB_CD|WB52A,QD104A",4.0,1.6386977,2,1
1DVF_AB_CD|YA32A,2.0303695,1.3739443,2,1
"1DVF_AB_CD|YA32A,RD106A",4.0,2.5646086,2,1
1DVF_AB_CD|YA49A,1.6785902,0.8797459,2,1
"1DVF_AB_CD|YA49A,HD33A",2.625045,1.4693282,2,1
"1DVF_AB_CD|YA49A,ND55A",2.0303695,1.9201658,2,1
1DVF_AB_CD|YA50A,0.6877736,0.8766111,2,1
1DVF_AB_CD|YB101F,2.0123136,0.69769883,2,1
1DVF_AB_CD|YB32A,1.8314707,0.6916875,2,1
1DVF_AB_CD|YC49A,1.8606005,1.5702441,2,1
1DVF_AB_CD|YD102A,4.0,1.3240935,2,1
1MHP_HL_A|FH99W,0.0,-0.25312358,2,1
1MHP_HL_A|FH99Y,0.75466895,-0.30546355,2,1
1MHP_HL_A|GH100F,0.38901797,-0.06890686,2,1
1MHP_HL_A|GH100L,2.727121,-0.024209559,2,1
1MHP_HL_A|GH100M,0.10213403,-0.09580961,2,1
1MHP_HL_A|GH100S,0.5577475,-0.099309936,2,1
1MHP_HL_A|GH53A,0.5126066,0.24093427,2,1
1MHP_HL_A|GH53N,1.2553134,0.11882773,2,1
1MHP_HL_A|GH53S,0.6755934,0.06331819,2,1
1MHP_HL_A|GH54I,1.3635606,-0.02459614,2,1
1MHP_HL_A|GH54T,1.1641668,0.1262212,2,1
1MHP_HL_A|GH54Y,0.0,-0.12819295,2,1
1MHP_HL_A|GL91Q,1.572685,-0.048319176,2,1
1MHP_HL_A|GL91S,0.5126066,0.05273278,2,1
1MHP_HL_A|HL30K,1.1641668,0.3302678,2,1
1MHP_HL_A|HL30R,1.1237977,-0.047281414,2,1
1MHP_HL_A|HL30W,1.2553134,-0.31199127,2,1
1MHP_HL_A|KH64D,-0.17144196,-0.6363892,2,1
1MHP_HL_A|KH64E,-0.07761467,-0.6026326,2,1
"1MHP_HL_A|KH64E,SL27Q",-0.85684633,-1.1003541,2,1
"1MHP_HL_A|KH64E,SL27Q,NL51Y",-1.0191593,-1.772724,2,1
1MHP_HL_A|KH64N,-0.03627145,-0.020572081,2,1
1MHP_HL_A|KH64Q,-0.07761467,-0.43585122,2,1
1MHP_HL_A|LH60D,-0.061319917,0.09590008,2,1
"1MHP_HL_A|LH60D,KH64E",-0.1418005,-0.50639373,2,1
"1MHP_HL_A|LH60D,KH64Q",0.042989343,-0.3082018,2,1
1MHP_HL_A|LL48F,0.71227974,-0.102769196,2,1
1MHP_HL_A|LL48K,0.8612009,0.3217743,2,1
1MHP_HL_A|LL48W,1.9075676,-0.23873083,2,1
1MHP_HL_A|NL29V,1.0493295,-0.29918712,2,1
1MHP_HL_A|NL29W,1.572685,-0.40800726,2,1
1MHP_HL_A|NL29Y,1.9075676,-0.47531152,2,1
"1MHP_HL_A|NL29Y,SL90I",0.43436813,-0.6041619,2,1
1MHP_HL_A|NL51D,0.5007625,-0.35775274,2,1
1MHP_HL_A|NL51E,-0.08868487,-0.34257263,2,1
1MHP_HL_A|NL51K,0.65751,-0.09373169,2,1
1MHP_HL_A|NL51R,0.84484076,-0.19624151,2,1
1MHP_HL_A|NL51Y,-0.05162489,-0.46501356,2,1
1MHP_HL_A|RH31Q,1.3073281,-0.045161813,2,1
1MHP_HL_A|SH35A,1.572685,0.89180845,2,1
"1MHP_HL_A|SH35A,GH102S",1.572685,0.7038607,2,1
1MHP_HL_A|SH35Q,2.727121,0.02525834,2,1
"1MHP_HL_A|SH35V,GH102S",1.4256749,0.13960423,2,1
1MHP_HL_A|SH52M,2.0758402,-0.025086991,2,1
1MHP_HL_A|SL23R,-0.21533228,0.06388819,2,1
1MHP_HL_A|SL27Q,-0.6661127,-0.25720268,2,1
1MHP_HL_A|SL90Q,1.7740332,-0.07382546,2,1
1MHP_HL_A|SL90T,2.3166485,0.55974555,2,1
"1MHP_HL_A|TH33E,GH53Q",1.6674565,-0.1308562,2,1
"1MHP_HL_A|TH33I,SH52T,GH53N,GH54N",1.9075676,0.40872622,2,1
"1MHP_HL_A|TH33I,SH52T,GH53Q,GH54F",1.2553134,-0.083478406,2,1
1MHP_HL_A|TH33N,2.727121,0.06905444,2,1
1MHP_HL_A|TH33V,0.43436813,-0.2507795,2,1
1MHP_HL_A|TH50V,-0.13159887,-0.1927159,2,1
"1MHP_HL_A|TH50V,GH102S",1.6674565,-0.051564947,2,1
"1MHP_HL_A|TH50V,KH64E",-0.1805197,-0.8736457,2,1
"1MHP_HL_A|TH50V,KH64E,SL27Q,NL51E",-1.267319,-1.8193196,2,1
"1MHP_HL_A|TH50V,KH64E,SL27Q,NL51Y",-1.0844951,-2.0188835,2,1
"1MHP_HL_A|TH50V,SH35A",2.0758402,0.1371414,2,1
"1MHP_HL_A|TH50V,SH35V",2.727121,-0.3833431,2,1
"1MHP_HL_A|TH50V,SL27Q",-0.6946839,-0.6451565,2,1
"1MHP_HL_A|TH50V,SL27Q,NL51Y",-1.0235296,-1.344888,2,1
1MHP_HL_A|WL89Q,2.0758402,0.44825518,2,1
"1MHP_HL_A|WL89Q,FL32Y",0.871019,0.2216743,2,1
1MHP_HL_A|YH58E,2.0758402,0.4219514,2,1
1MHP_HL_A|YH58Q,2.0758402,0.4070658,2,1
1MHP_HL_A|YH58W,0.82094526,0.07314794,2,1
1MHP_HL_A|YH59E,0.54400706,0.31581017,2,1
1N8Z_AB_C|DB102W,-0.71302944,-0.17054181,2,1
1N8Z_AB_C|FC539A,0.035102826,0.8517998,2,1
1N8Z_AB_C|HA91F,0.034232877,-0.13734359,2,1
1N8Z_AB_C|LC509A,-0.023045197,0.5602811,2,1
1N8Z_AB_C|NA30S,0.06666317,-0.14908178,2,1
"1N8Z_AB_C|NA30S,HA91F,YA92W",-0.07476232,-0.3723293,2,1
"1N8Z_AB_C|NA30S,HA91F,YA92W,TA94S,DB102W,YB105F,YB109V",0.050661404,-0.7084062,2,1
1N8Z_AB_C|RB50A,2.9754758,0.55321443,2,1
1N8Z_AB_C|RB59A,1.8037988,0.49930394,2,1
1N8Z_AB_C|SC535A,0.030827092,0.24240258,2,1
1N8Z_AB_C|TA94S,0.32168603,-0.13684835,2,1
1N8Z_AB_C|VC536A,0.008972699,0.5221297,2,1
1N8Z_AB_C|YB105F,0.8540034,0.23668034,2,1
1N8Z_AB_C|YB109V,0.23192272,0.20443174,2,1
1XGQ_AB_C|VB33A,1.1525793,1.6944607,2,1
1XGQ_AB_C|VB33F,-2.9080825,-1.1167992,2,1
1XGQ_AB_C|VB33I,-1.1076277,-0.18751113,2,1
1XGQ_AB_C|VB33L,-1.0463123,-0.3746308,2,1
1YQV_HL_Y|RY45K,1.8995041,0.23239748,2,1
"1YQV_HL_Y|RY68K,TY40S,IY55V,SY91T",4.0,0.15437494,2,1
"1YQV_HL_Y|RY68K,TY40S,IY55V,SY91T,QY121H",0.0,0.045901544,2,1
1YY9_CD_A|AC25P,0.07225565,-0.42657793,2,1
1YY9_CD_A|AD98P,1.0372273,-0.81714576,2,1
1YY9_CD_A|GD54P,0.26807046,0.04420523,2,1
1YY9_CD_A|LD29P,0.030827092,0.118279904,2,1
1YY9_CD_A|NC93A,-0.74186975,-0.00010126829,2,1
1YY9_CD_A|ND56A,-0.057046015,-0.07880576,2,1
1YY9_CD_A|SC26D,-0.19925442,-0.02091746,2,1
"1YY9_CD_A|SC26D,TC31E,NC93A",-1.3329437,-0.4695359,2,1
"1YY9_CD_A|SC26D,TC31E,NC93A,ND56A,TD61E",-0.6517935,-1.150525,2,1
1YY9_CD_A|SC26P,-0.009110746,-0.010613844,2,1
1YY9_CD_A|SC28P,-0.22229962,-0.14739095,2,1
1YY9_CD_A|SC54P,-0.018363854,-0.08111031,2,1
1YY9_CD_A|SD53P,0.8175451,-0.076023266,2,1
1YY9_CD_A|TC31E,-0.51892465,-0.020106122,2,1
"1YY9_CD_A|TC31E,NC93A",-0.81853306,-0.18833466,2,1
1YY9_CD_A|TC96P,4.0,-0.07860349,2,1
1YY9_CD_A|TD61E,-0.057046015,-0.084873155,2,1
1YY9_CD_A|WD52P,1.4782712,0.54419684,2,1
1YY9_CD_A|YD101P,1.6514195,0.3305061,2,1
3NPS_A_BC|DA214A,1.466743,0.2124273,2,1
3NPS_A_BC|DA46A,0.3399866,0.9372642,2,1
3NPS_A_BC|DA47A,1.0674704,0.5985468,2,1
3NPS_A_BC|DA91A,1.5070341,0.5438379,2,1
3NPS_A_BC|EA163A,0.61534816,0.6186457,2,1
3NPS_A_BC|FA50A,0.21957076,0.8601516,2,1
3NPS_A_BC|FA89A,1.5714045,0.9434788,2,1
3NPS_A_BC|FA92A,0.46353978,0.36533767,2,1
3NPS_A_BC|HA138A,1.8750918,0.4600495,2,1
3NPS_A_BC|IA26A,0.6415425,0.48375022,2,1
3NPS_A_BC|IA45A,-0.33181784,0.36928105,2,1
3NPS_A_BC|KA221A,-0.10361039,0.5416406,2,1
3NPS_A_BC|LA147A,0.29573628,0.6605505,2,1
3NPS_A_BC|NA90A,0.25341922,0.7834411,2,1
3NPS_A_BC|QA140A,0.29573628,0.40496957,2,1
3NPS_A_BC|QA168A,-0.059223834,0.94283926,2,1
3NPS_A_BC|QA169A,0.7409076,1.027534,2,1
3NPS_A_BC|QA218A,-0.040916756,0.4656,2,1
3NPS_A_BC|QA23A,0.026323749,0.51051056,2,1
3NPS_A_BC|RA219A,-0.08390186,0.1429647,2,1
3NPS_A_BC|RA48A,-1.062741,0.023245499,2,1
3NPS_A_BC|RA51A,0.13816836,0.6387906,2,1
3NPS_A_BC|RA82A,-0.15159543,0.3315804,2,1
3NPS_A_BC|TA144A,0.17497002,0.5926584,2,1
3NPS_A_BC|TA93A,0.72381234,0.740403,2,1
3NPS_A_BC|YA141A,1.7748737,1.0831672,2,1
3NPS_A_BC|YA52A,0.4518898,0.90611553,2,1
3W2D_A_HL|KA67N,4.0,0.060782775,2,1
3W2D_A_HL|KA67R,-0.42812017,-0.14710376,2,1
3W2D_A_HL|YA45F,0.8779443,0.016948126,2,1
3W2D_A_HL|YA45L,2.3647563,0.24122426,2,1
"4KRO_A_B|DA321T,FA323A",0.1269707,0.15156601,2,1
"4KRP_A_B|DA277T,FA279A",0.35829666,0.18178023,2,1
4NM8_ABCDEF_HL|DB19N,0.66149956,0.29483458,2,1
4NM8_ABCDEF_HL|IB18M,0.10977998,-0.038150534,2,1
4NM8_ABCDEF_HL|LB38Y,-0.6151596,-0.21501802,2,1
4NM8_ABCDEF_HL|QB34R,2.9754758,0.40914857,2,1
4NM8_ABCDEF_HL|QB34T,2.3309386,0.21013549,2,1
4NM8_ABCDEF_HL|RB25M,3.442353,-0.08946243,2,1
4NM8_ABCDEF_HL|TB32E,-0.5517196,0.12718828,2,1
4NM8_ABCDEF_HL|TB32I,-0.050205972,0.43846178,2,1
4NM8_ABCDEF_HL|TB32R,1.2211944,0.42689288,2,1
1DVF_AB_CD|DB100A,2.7895143,1.709993,2,2
"1DVF_AB_CD|DB100A,DD52A",4.0,1.8219368,2,2
"1DVF_AB_CD|DB100A,HD33A",4.0,2.18122,2,2
"1DVF_AB_CD|DB100A,ND55A",4.0,1.7544541,2,2
1DVF_AB_CD|DB54A,4.0,0.7737497,2,2
"1DVF_AB_CD|DB54A,YC49A",4.0,1.810681,2,2
1DVF_AB_CD|DB58A,1.6000048,0.36623892,2,2
"1DVF_AB_CD|DB58A,QD104A",1.4641725,0.24912265,2,2
1DVF_AB_CD|DD52A,1.6822901,0.63664675,2,2
1DVF_AB_CD|EB98A,4.0,0.7638588,2,2
"1DVF_AB_CD|EB98A,YD102A",4.0,2.6344209,2,2
1DVF_AB_CD|HA30A,1.6493824,0.23194844,2,2
1DVF_AB_CD|HD33A,1.8606005,0.45178694,2,2
1DVF_AB_CD|ID101A,2.6815457,0.75521415,2,2
1DVF_AB_CD|KD30A,1.0035173,0.43793446,2,2
1DVF_AB_CD|NB56A,1.1624389,0.7353477,2,2
"1DVF_AB_CD|NB56A,HD33A",2.5259995,2.1268451,2,2
"1DVF_AB_CD|NB56A,ND55A",2.3010929,0.8062982,2,2
"1DVF_AB_CD|NB56A,QD104A",1.4868644,2.0201192,2,2
1DVF_AB_CD|ND55A,1.8606005,0.4479621,2,2
1DVF_AB_CD|QD104A,1.6287225,0.29150882,2,2
1DVF_AB_CD|RB99A,1.8746451,0.17334628,2,2
1DVF_AB_CD|RD106A,4.0,0.35731855,2,2
1DVF_AB_CD|SA93A,1.1624389,0.17093733,2,2
1DVF_AB_CD|TB30A,0.9075126,0.3049742,2,2
1DVF_AB_CD|WA92A,0.34072307,0.5779242,2,2
1DVF_AB_CD|WB52A,4.0,1.5838476,2,2
"1DVF_AB_CD|WB52A,QD104A",4.0,1.6091672,2,2
1DVF_AB_CD|YA32A,2.0303695,1.4399585,2,2
"1DVF_AB_CD|YA32A,RD106A",4.0,1.0055279,2,2
1DVF_AB_CD|YA49A,1.6785902,0.68444,2,2
"1DVF_AB_CD|YA49A,HD33A",2.625045,0.31462193,2,2
"1DVF_AB_CD|YA49A,ND55A",2.0303695,0.30670086,2,2
1DVF_AB_CD|YA50A,0.6877736,1.0303499,2,2
1DVF_AB_CD|YB101F,2.0123136,1.7543672,2,2
1DVF_AB_CD|YB32A,1.8314707,1.2617993,2,2
1DVF_AB_CD|YC49A,1.8606005,0.6311174,2,2
1DVF_AB_CD|YD102A,4.0,2.066488,2,2
1MHP_HL_A|FH99W,0.0,-0.5292451,2,2
1MHP_HL_A|FH99Y,0.75466895,-0.83495766,2,2
1MHP_HL_A|GH100F,0.38901797,-0.03692224,2,2
1MHP_HL_A|GH100L,2.727121,0.2943526,2,2
1MHP_HL_A|GH100M,0.10213403,0.06655042,2,2
1MHP_HL_A|GH100S,0.5577475,0.047698006,2,2
1MHP_HL_A|GH53A,0.5126066,0.34494305,2,2
1MHP_HL_A|GH53N,1.2553134,-0.3010027,2,2
1MHP_HL_A|GH53S,0.6755934,-0.0063867494,2,2
1MHP_HL_A|GH54I,1.3635606,0.01187079,2,2
1MHP_HL_A|GH54T,1.1641668,0.09977546,2,2
1MHP_HL_A|GH54Y,0.0,-0.72822833,2,2
1MHP_HL_A|GL91Q,1.572685,-0.2603602,2,2
1MHP_HL_A|GL91S,0.5126066,-0.11466672,2,2
1MHP_HL_A|HL30K,1.1641668,1.0161787,2,2
1MHP_HL_A|HL30R,1.1237977,-0.10408031,2,2
1MHP_HL_A|HL30W,1.2553134,-0.41054535,2,2
1MHP_HL_A|KH64D,-0.17144196,0.14784124,2,2
1MHP_HL_A|KH64E,-0.07761467,0.07692764,2,2
"1MHP_HL_A|KH64E,SL27Q",-0.85684633,-1.2188253,2,2
"1MHP_HL_A|KH64E,SL27Q,NL51Y",-1.0191593,-1.6699046,2,2
1MHP_HL_A|KH64N,-0.03627145,0.10958926,2,2
1MHP_HL_A|KH64Q,-0.07761467,0.007793784,2,2
1MHP_HL_A|LH60D,-0.061319917,-0.10600636,2,2
"1MHP_HL_A|LH60D,KH64E",-0.1418005,-0.09440481,2,2
"1MHP_HL_A|LH60D,KH64Q",0.042989343,-0.12057211,2,2
1MHP_HL_A|LL48F,0.71227974,-0.5104083,2,2
1MHP_HL_A|LL48K,0.8612009,0.06590746,2,2
1MHP_HL_A|LL48W,1.9075676,-0.67873985,2,2
1MHP_HL_A|NL29V,1.0493295,0.30044353,2,2
1MHP_HL_A|NL29W,1.572685,-0.017707214,2,2
1MHP_HL_A|NL29Y,1.9075676,-0.78117806,2,2
"1MHP_HL_A|NL29Y,SL90I",0.43436813,-0.43952468,2,2
1MHP_HL_A|NL51D,0.5007625,-0.3412423,2,2
1MHP_HL_A|NL51E,-0.08868487,-0.009869911,2,2
1MHP_HL_A|NL51K,0.65751,0.47058025,2,2
1MHP_HL_A|NL51R,0.84484076,0.013422858,2,2
1MHP_HL_A|NL51Y,-0.05162489,-0.61422396,2,2
1MHP_HL_A|RH31Q,1.3073281,0.32300636,2,2
1MHP_HL_A|SH35A,1.572685,1.1810308,2,2
"1MHP_HL_A|SH35A,GH102S",1.572685,1.3195455,2,2
1MHP_HL_A|SH35Q,2.727121,0.4556922,2,2
"1MHP_HL_A|SH35V,GH102S",1.4256749,0.9686946,2,2
1MHP_HL_A|SH52M,2.0758402,0.5049817,2,2
1MHP_HL_A|SL23R,-0.21533228,-0.06280414,2,2
1MHP_HL_A|SL27Q,-0.6661127,-0.6890694,2,2
1MHP_HL_A|SL90Q,1.7740332,0.30561358,2,2
1MHP_HL_A|SL90T,2.3166485,0.50717676,2,2
"1MHP_HL_A|TH33E,GH53Q",1.6674565,0.7803386,2,2
"1MHP_HL_A|TH33I,SH52T,GH53N,GH54N",1.9075676,0.57922494,2,2
"1MHP_HL_A|TH33I,SH52T,GH53Q,GH54F",1.2553134,0.63303787,2,2
1MHP_HL_A|TH33N,2.727121,0.3269453,2,2
1MHP_HL_A|TH33V,0.43436813,0.6000905,2,2
1MHP_HL_A|TH50V,-0.13159887,0.36688232,2,2
"1MHP_HL_A|TH50V,GH102S",1.6674565,0.45079678,2,2
"1MHP_HL_A|TH50V,KH64E",-0.1805197,-0.30727318,2,2
"1MHP_HL_A|TH50V,KH64E,SL27Q,NL51E",-1.267319,-1.1976913,2,2
"1MHP_HL_A|TH50V,KH64E,SL27Q,NL51Y",-1.0844951,-1.6533871,2,2
"1MHP_HL_A|TH50V,SH35A",2.0758402,1.0974573,2,2
"1MHP_HL_A|TH50V,SH35V",2.727121,0.75111216,2,2
"1MHP_HL_A|TH50V,SL27Q",-0.6946839,-0.48965278,2,2
"1MHP_HL_A|TH50V,SL27Q,NL51Y",-1.0235296,-1.0347527,2,2
1MHP_HL_A|WL89Q,2.0758402,0.6820259,2,2
"1MHP_HL_A|WL89Q,FL32Y",0.871019,-0.107840754,2,2
1MHP_HL_A|YH58E,2.0758402,1.2349368,2,2
1MHP_HL_A|YH58Q,2.0758402,1.1736348,2,2
1MHP_HL_A|YH58W,0.82094526,0.7970158,2,2
1MHP_HL_A|YH59E,0.54400706,0.5226647,2,2
1N8Z_AB_C|DB102W,-0.71302944,-0.39016077,2,2
1N8Z_AB_C|FC539A,0.035102826,1.603681,2,2
1N8Z_AB_C|HA91F,0.034232877,0.04324404,2,2
1N8Z_AB_C|LC509A,-0.023045197,0.8345364,2,2
1N8Z_AB_C|NA30S,0.06666317,0.4246661,2,2
"1N8Z_AB_C|NA30S,HA91F,YA92W",-0.07476232,-0.052648522,2,2
"1N8Z_AB_C|NA30S,HA91F,YA92W,TA94S,DB102W,YB105F,YB109V",0.050661404,0.23518172,2,2
1N8Z_AB_C|RB50A,2.9754758,0.93982905,2,2
1N8Z_AB_C|RB59A,1.8037988,1.2558217,2,2
1N8Z_AB_C|SC535A,0.030827092,0.1387324,2,2
1N8Z_AB_C|TA94S,0.32168603,0.22664669,2,2
1N8Z_AB_C|VC536A,0.008972699,0.67756516,2,2
1N8Z_AB_C|YB105F,0.8540034,1.3987063,2,2
1N8Z_AB_C|YB109V,0.23192272,0.34832555,2,2
1XGQ_AB_C|VB33A,1.1525793,1.6507568,2,2
1XGQ_AB_C|VB33F,-2.9080825,-2.3811977,2,2
1XGQ_AB_C|VB33I,-1.1076277,-0.7458067,2,2
1XGQ_AB_C|VB33L,-1.0463123,-0.8863189,2,2
1YQV_HL_Y|RY45K,1.8995041,0.46251005,2,2
"1YQV_HL_Y|RY68K,TY40S,IY55V,SY91T",4.0,0.4570262,2,2
"1YQV_HL_Y|RY68K,TY40S,IY55V,SY91T,QY121H",0.0,0.47545174,2,2
1YY9_CD_A|AC25P,0.07225565,-0.84462,2,2
1YY9_CD_A|AD98P,1.0372273,-0.16675854,2,2
1YY9_CD_A|GD54P,0.26807046,0.032963723,2,2
1YY9_CD_A|LD29P,0.030827092,0.05674095,2,2
1YY9_CD_A|NC93A,-0.74186975,-0.63107824,2,2
1YY9_CD_A|ND56A,-0.057046015,0.584605,2,2
1YY9_CD_A|SC26D,-0.19925442,0.30895543,2,2
"1YY9_CD_A|SC26D,TC31E,NC93A",-1.3329437,-0.27751073,2,2
"1YY9_CD_A|SC26D,TC31E,NC93A,ND56A,TD61E",-0.6517935,-0.70819104,2,2
1YY9_CD_A|SC26P,-0.009110746,0.14302665,2,2
1YY9_CD_A|SC28P,-0.22229962,-0.36885798,2,2
1YY9_CD_A|SC54P,-0.018363854,0.05777049,2,2
1YY9_CD_A|SD53P,0.8175451,-0.10638506,2,2
1YY9_CD_A|TC31E,-0.51892465,0.41984832,2,2
"1YY9_CD_A|TC31E,NC93A",-0.81853306,-0.2556562,2,2
1YY9_CD_A|TC96P,4.0,-0.15837383,2,2
1YY9_CD_A|TD61E,-0.057046015,6.519258e-06,2,2
1YY9_CD_A|WD52P,1.4782712,0.32885563,2,2
1YY9_CD_A|YD101P,1.6514195,1.2766163,2,2
3NPS_A_BC|DA214A,1.466743,0.7229547,2,2
3NPS_A_BC|DA46A,0.3399866,1.0370624,2,2
3NPS_A_BC|DA47A,1.0674704,1.4792817,2,2
3NPS_A_BC|DA91A,1.5070341,0.88971597,2,2
3NPS_A_BC|EA163A,0.61534816,0.011362113,2,2
3NPS_A_BC|FA50A,0.21957076,0.73475474,2,2
3NPS_A_BC|FA89A,1.5714045,1.2671608,2,2
3NPS_A_BC|FA92A,0.46353978,0.18198082,2,2
3NPS_A_BC|HA138A,1.8750918,0.13428922,2,2
3NPS_A_BC|IA26A,0.6415425,0.24120948,2,2
3NPS_A_BC|IA45A,-0.33181784,0.66172093,2,2
3NPS_A_BC|KA221A,-0.10361039,0.010345615,2,2
3NPS_A_BC|LA147A,0.29573628,0.27461207,2,2
3NPS_A_BC|NA90A,0.25341922,0.62190795,2,2
3NPS_A_BC|QA140A,0.29573628,0.5327047,2,2
3NPS_A_BC|QA168A,-0.059223834,0.21177801,2,2
3NPS_A_BC|QA169A,0.7409076,2.1268177,2,2
3NPS_A_BC|QA218A,-0.040916756,0.49214205,2,2
3NPS_A_BC|QA23A,0.026323749,0.10816228,2,2
3NPS_A_BC|RA219A,-0.08390186,0.19550812,2,2
3NPS_A_BC|RA48A,-1.062741,-0.20384863,2,2
3NPS_A_BC|RA51A,0.13816836,0.15226586,2,2
3NPS_A_BC|RA82A,-0.15159543,-0.032667957,2,2
3NPS_A_BC|TA144A,0.17497002,0.36698893,2,2
3NPS_A_BC|TA93A,0.72381234,1.2944318,2,2
3NPS_A_BC|YA141A,1.7748737,1.3257964,2,2
3NPS_A_BC|YA52A,0.4518898,0.074975595,2,2
3W2D_A_HL|KA67N,4.0,-0.2930497,2,2
3W2D_A_HL|KA67R,-0.42812017,-0.26577616,2,2
3W2D_A_HL|YA45F,0.8779443,-0.11682434,2,2
3W2D_A_HL|YA45L,2.3647563,0.7584405,2,2
"4KRO_A_B|DA321T,FA323A",0.1269707,0.49401817,2,2
"4KRP_A_B|DA277T,FA279A",0.35829666,0.53650576,2,2
4NM8_ABCDEF_HL|DB19N,0.66149956,0.21451235,2,2
4NM8_ABCDEF_HL|IB18M,0.10977998,0.30986732,2,2
4NM8_ABCDEF_HL|LB38Y,-0.6151596,-0.408057,2,2
4NM8_ABCDEF_HL|QB34R,2.9754758,0.3431795,2,2
4NM8_ABCDEF_HL|QB34T,2.3309386,0.29403058,2,2
4NM8_ABCDEF_HL|RB25M,3.442353,-0.12966713,2,2
4NM8_ABCDEF_HL|TB32E,-0.5517196,-0.16974306,2,2
4NM8_ABCDEF_HL|TB32I,-0.050205972,0.013622105,2,2
4NM8_ABCDEF_HL|TB32R,1.2211944,-0.13600358,2,2
"1CZ8_HL_VW|LL4M,DH28T,HH31N,YH101H,TH105S",2.939849,1.596283,3,0
1KIR_AB_C|SA50Y,-1.3870943,-0.53681666,3,0
1MLC_AB_E|KB65D,0.018548755,-0.08725298,3,0
1MLC_AB_E|NA32G,-0.8773867,1.5510902,3,0
"1MLC_AB_E|NA32G,NA92A",-0.6866531,0.13925248,3,0
"1MLC_AB_E|NA32G,NA92A,SB57V,TB58D",-1.7349738,-0.08531144,3,0
1MLC_AB_E|NA32Y,0.0,-0.10023853,3,0
1MLC_AB_E|NA92A,-1.2533532,-0.08953899,3,0
"1MLC_AB_E|NA92A,SB57V,TB58D",-2.394188,-0.15710773,3,0
"1MLC_AB_E|NA92A,TB28D,SB57V,TB58D",-2.5813644,-0.39534733,3,0
"1MLC_AB_E|NA92A,TB28D,SB57V,TB58D,EB35S,GB99D",-2.9539242,-0.33430633,3,0
"1MLC_AB_E|NA92A,TB28D,SB57V,TB58D,GB99D",-0.20357698,-0.30087262,3,0
"1MLC_AB_E|NA92A,TB28D,SB57V,TB58D,NA32L",-2.5843081,-0.448546,3,0
"1MLC_AB_E|NA92A,TB28D,SB57V,TB58D,RB98M,DB100Q",-0.41047263,-0.2333734,3,0
"1MLC_AB_E|NA92A,TB28D,SB57V,TB58D,SA91N,SA93A",-1.6104395,-0.17590508,3,0
"1MLC_AB_E|NA92A,TB28D,SB57V,TB58D,SB30G",-2.3584673,-0.6552792,3,0
"1MLC_AB_E|NA92A,TB28D,SB57V,TB58D,YB32W,RB98V,DB100Q",0.36138764,-0.29234436,3,0
"1MLC_AB_E|NA92A,TB28D,SB57V,TB58D,YB59E",-1.4661698,0.17075539,3,0
1MLC_AB_E|SB57A,-0.37902167,-0.30743083,3,0
1MLC_AB_E|SB57V,-0.49418068,-0.45306063,3,0
"1MLC_AB_E|SB57V,TB58D",-0.9877286,-0.24194291,3,0
1MLC_AB_E|TB28D,-0.15094383,-0.38271117,3,0
1MLC_AB_E|TB31A,0.44700673,0.1414609,3,0
1MLC_AB_E|TB31V,0.5262404,-0.13797927,3,0
1MLC_AB_E|TB31W,0.13214268,-0.35042578,3,0
1MLC_AB_E|TB58D,-0.55968237,-0.8027947,3,0
1NCA_N_LH|DH101K,0.71416,2.0790942,3,0
1NCA_N_LH|EH100D,0.41047263,-0.8840003,3,0
1NCA_N_LH|NH102Q,0.5426153,0.3451308,3,0
1NCA_N_LH|NH31Q,0.0,-0.17108434,3,0
1NMB_N_LH|DH57E,2.9536283,0.25103137,3,0
1NMB_N_LH|DH57N,2.9536283,0.2809027,3,0
1NMB_N_LH|LL94V,0.9000208,-0.52316546,3,0
1NMB_N_LH|TL93F,-0.023903161,0.5726069,3,0
1NMB_N_LH|TL93W,0.18419003,-0.854985,3,0
1NMB_N_LH|YH103A,2.14062,0.74764174,3,0
1NMB_N_LH|YH105F,1.4194101,1.3737637,3,0
1NMB_N_LH|YL32F,0.46632215,0.82035935,3,0
1VFB_AB_C|DB100A,3.005002,2.2391493,3,0
"1VFB_AB_C|DB100A,SC24A",3.369756,4.1343536,3,0
1VFB_AB_C|DB54A,0.8151114,2.8801005,3,0
"1VFB_AB_C|DB54A,TC118A",1.2546439,2.788059,3,0
1VFB_AB_C|DB58A,-0.20700333,1.0667584,3,0
1VFB_AB_C|DB58E,0.078081094,0.09898729,3,0
1VFB_AB_C|DB58N,-0.12818155,0.3177635,3,0
1VFB_AB_C|DC119A,0.9530879,2.080806,3,0
1VFB_AB_C|DC18A,0.34013057,1.3840982,3,0
1VFB_AB_C|EB98A,1.1565572,3.9747865,3,0
1VFB_AB_C|GB31A,0.30646533,1.3933575,3,0
1VFB_AB_C|GB31E,-0.5097613,0.065776296,3,0
1VFB_AB_C|GB31W,0.0039611305,-0.24522749,3,0
1VFB_AB_C|HA30A,0.84488255,0.84358454,3,0
1VFB_AB_C|IC124A,1.2314179,0.84852856,3,0
1VFB_AB_C|KC116A,0.7134504,1.9740769,3,0
1VFB_AB_C|LC129A,0.17154472,0.115635894,3,0
1VFB_AB_C|NA31W,0.17432266,0.50558674,3,0
1VFB_AB_C|NB56A,0.17771798,0.79165566,3,0
1VFB_AB_C|NC19A,0.3960868,-0.06758444,3,0
1VFB_AB_C|QC121A,2.876998,0.2877248,3,0
1VFB_AB_C|RB99A,-0.099735305,1.7421445,3,0
1VFB_AB_C|RB99W,0.7049742,0.28736132,3,0
1VFB_AB_C|RB99Y,1.235379,-0.07872999,3,0
1VFB_AB_C|RC125A,1.8368999,0.15612611,3,0
1VFB_AB_C|SA93A,0.34312394,0.65410066,3,0
1VFB_AB_C|SB28D,0.0,-0.14730622,3,0
1VFB_AB_C|SB28E,-0.104007296,-0.1435546,3,0
1VFB_AB_C|SB28N,0.14394745,-0.14176443,3,0
1VFB_AB_C|SB28Q,0.078081094,0.21867797,3,0
1VFB_AB_C|SC24A,0.850965,1.4091988,3,0
1VFB_AB_C|TA52F,0.4708752,-0.06190554,3,0
1VFB_AB_C|TA53R,1.6458516,-0.027240194,3,0
1VFB_AB_C|TB30A,-0.05584954,0.78687143,3,0
1VFB_AB_C|TC118A,0.7650957,0.5595726,3,0
1VFB_AB_C|VC120A,0.9169499,0.6207867,3,0
1VFB_AB_C|WA92A,3.037848,2.156595,3,0
"1VFB_AB_C|WA92A,IC124A",3.8503337,3.3729901,3,0
"1VFB_AB_C|WA92A,LC129A",3.3073628,2.4462948,3,0
"1VFB_AB_C|WA92A,QC121A",3.5189366,2.2621963,3,0
"1VFB_AB_C|WA92A,RC125A",3.3932896,1.9050446,3,0
1VFB_AB_C|WB52A,0.6406274,3.6932118,3,0
"1VFB_AB_C|WB52A,DC119A",2.2473724,4.4400735,3,0
1VFB_AB_C|YA32A,1.5281335,2.2031417,3,0
"1VFB_AB_C|YA32A,IC124A",2.9057157,2.141217,3,0
"1VFB_AB_C|YA32A,QC121A",1.586041,1.1427777,3,0
1VFB_AB_C|YA49A,0.79754156,1.0782183,3,0
1VFB_AB_C|YA50A,0.456086,1.3479946,3,0
"1VFB_AB_C|YA50A,DC119A",1.2314179,2.581777,3,0
"1VFB_AB_C|YA50A,DC18A",1.265924,2.294695,3,0
1VFB_AB_C|YA50K,1.7156012,1.3384657,3,0
1VFB_AB_C|YA50R,0.8443241,1.0221851,3,0
1VFB_AB_C|YB101F,1.2695644,2.3679729,3,0
"1VFB_AB_C|YB101F,DC119A",2.736521,3.5220015,3,0
"1VFB_AB_C|YB101F,VC120A",2.5384777,2.0037966,3,0
1VFB_AB_C|YB32A,0.7916793,0.99980605,3,0
"1VFB_AB_C|YB32A,KC116A",1.586041,3.5682411,3,0
1VFB_AB_C|YB32E,1.9021881,0.38813183,3,0
1VFB_AB_C|YC23A,0.41047263,1.273074,3,0
1XGP_AB_C|AB33F,-4.0,-3.1266823,3,0
1XGP_AB_C|AB33I,-2.260207,-2.307357,3,0
1XGP_AB_C|AB33L,-2.1988916,-2.4204674,3,0
1XGP_AB_C|AB33V,-1.1525793,-1.6593996,3,0
2JEL_LH_P|AP82S,0.0,-0.5622279,3,0
2JEL_LH_P|DP69E,0.9530879,0.9958674,3,0
2JEL_LH_P|EP5D,0.41047263,0.14640996,3,0
2JEL_LH_P|EP5Q,0.7129768,-0.039905757,3,0
2JEL_LH_P|EP68A,0.41047263,1.3682612,3,0
2JEL_LH_P|EP75R,2.727121,0.3419195,3,0
2JEL_LH_P|EP83A,0.0,0.4721803,3,0
2JEL_LH_P|EP85A,0.0,0.19413611,3,0
2JEL_LH_P|EP85D,0.0,-0.094125375,3,0
2JEL_LH_P|EP85K,0.0,0.32204598,3,0
2JEL_LH_P|EP85Q,0.0,0.014147244,3,0
2JEL_LH_P|FP2W,2.6191528,0.7136613,3,0
2JEL_LH_P|FP2Y,0.0,-0.034844372,3,0
2JEL_LH_P|HP76A,-0.41047263,-0.051193785,3,0
2JEL_LH_P|HP76D,-0.65058374,-0.20799822,3,0
2JEL_LH_P|KP24E,0.0,1.3976817,3,0
2JEL_LH_P|KP27E,0.0,1.2212987,3,0
2JEL_LH_P|KP72E,0.41047263,0.07782463,3,0
2JEL_LH_P|KP72R,0.0,0.87198544,3,0
2JEL_LH_P|KP79E,0.41047263,1.4492196,3,0
2JEL_LH_P|NP12D,0.0,-0.21778566,3,0
2JEL_LH_P|NP38T,0.0,-0.43509138,3,0
2JEL_LH_P|PP11E,0.0,-0.8021194,3,0
2JEL_LH_P|QP3K,4.0,0.9854758,3,0
2JEL_LH_P|QP4K,1.3635606,-0.033162624,3,0
2JEL_LH_P|QP57E,-0.41047263,-0.1275684,3,0
2JEL_LH_P|QP71E,2.727121,0.74393463,3,0
2JEL_LH_P|RP17G,0.0,-0.08808735,3,0
2JEL_LH_P|RP17K,0.0,-0.49898458,3,0
2JEL_LH_P|SP41C,1.4957032,0.958318,3,0
2JEL_LH_P|SP43C,0.0,0.12346659,3,0
2JEL_LH_P|SP46C,0.0,0.8288629,3,0
2JEL_LH_P|SP64T,4.0,1.017885,3,0
2JEL_LH_P|TP34Q,0.0,0.33555073,3,0
2JEL_LH_P|TP36Q,0.41047263,0.5217914,3,0
2JEL_LH_P|TP62A,0.0,1.1093898,3,0
2JEL_LH_P|TP62N,0.0,0.6889461,3,0
2JEL_LH_P|TP7N,0.41047263,0.6772576,3,0
2JEL_LH_P|TP7S,0.0,0.14515716,3,0
2JEL_LH_P|VP6F,0.0,0.18942678,3,0
"2NY7_HL_G|CG27I,CG226Q",0.19971907,-0.8875659,3,0
"2NY7_HL_G|CG27I,CG226Q,MG231A",0.20319231,-1.0940522,3,0
"2NY7_HL_G|GG229C,MG231A",-0.37879732,0.07545944,3,0
"2NY7_HL_G|GG229C,WG13M,MG231A,CG14W,CG110V,CG27I,CG226Q",0.21462485,-1.5670573,3,0
"2NY7_HL_G|KG66C,EG102C,CG27I,CG226Q",0.04085667,-1.21411,3,0
"2NY7_HL_G|KG66C,EG102C,WG13M,MG231A,CG14W,CG110V,CG27I,CG226Q",0.3998023,-1.9422528,3,0
"2NY7_HL_G|KG66C,EG103C,WG13M,MG231A,CG14W,CG110V,CG27I,CG226Q",0.29989544,-1.89028,3,0
"2NY7_HL_G|WG13M,MG231A,CG14W,CG110V",1.1574335,-0.61386466,3,0
"2NY7_HL_G|WG13M,MG231A,CG14W,CG110V,CG27I,CG226Q",0.44904727,-1.7067326,3,0
"2NY7_HL_G|WG13M,MG231A,CG14W,CG110V,KG66C,EG102C",0.55101526,-0.54762256,3,0
"2NY7_HL_G|WG13M,SG92T,WG181S,MG231A,CG14W,CG110V,CG27I,CG226Q",-0.3035898,-1.5636648,3,0
3BN9_B_CD|DB214A,0.5662115,1.5327069,3,0
3BN9_B_CD|DB46A,0.42238826,0.53242177,3,0
3BN9_B_CD|DB47A,0.31110755,-0.056427278,3,0
3BN9_B_CD|EB163A,0.37321588,0.17454755,3,0
3BN9_B_CD|FB50A,-0.044997852,1.2456928,3,0
3BN9_B_CD|FB89A,0.6392419,1.9579939,3,0
3BN9_B_CD|HB138A,0.085063316,1.1408325,3,0
3BN9_B_CD|IB26A,0.0,0.48949462,3,0
3BN9_B_CD|IB45A,0.8352155,0.53827417,3,0
3BN9_B_CD|KB221A,0.7849689,-0.3632582,3,0
3BN9_B_CD|LB147A,0.33619216,0.07449939,3,0
3BN9_B_CD|NB90A,0.7733444,0.8648527,3,0
3BN9_B_CD|PD104H,2.4272547,-0.27512193,3,0
3BN9_B_CD|QB140A,0.1331048,-0.21100295,3,0
3BN9_B_CD|QB168A,-0.03469869,-0.7350337,3,0
3BN9_B_CD|QB169A,2.5089848,0.72904986,3,0
3BN9_B_CD|QB218A,0.70571065,0.20186096,3,0
3BN9_B_CD|QB23A,-0.41530684,-0.25986388,3,0
3BN9_B_CD|QD105V,1.2241027,-0.14191018,3,0
3BN9_B_CD|RB219A,-0.093698174,0.10817128,3,0
3BN9_B_CD|RB48A,-0.044997852,0.7842637,3,0
3BN9_B_CD|RB51A,-0.07155777,0.2572733,3,0
3BN9_B_CD|RB82A,-0.15923285,0.04425489,3,0
3BN9_B_CD|SD30G,1.1861069,1.0889757,3,0
3BN9_B_CD|SD30N,1.145505,0.8405698,3,0
3BN9_B_CD|TB144A,0.2908351,0.30872095,3,0
3BN9_B_CD|TB93A,1.1320528,0.98643684,3,0
3BN9_B_CD|TD102Q,-0.02153644,0.19981158,3,0
3BN9_B_CD|TD102R,-0.058294915,0.1286414,3,0
3BN9_B_CD|TD28R,0.33290586,-0.18877643,3,0
3BN9_B_CD|YB141A,1.0846525,1.2571094,3,0
3BN9_B_CD|YB52A,0.018951595,0.6074544,3,0
3BN9_B_CD|YD103S,0.45868576,1.6302493,3,0
4GXU_ABCDEF_MN|DA189E,2.1650882,1.2044635,3,0
"4GXU_ABCDEF_MN|DA189E,DA224G",3.0102077,0.91294336,3,0
4GXU_ABCDEF_MN|DA224G,1.9608781,0.076256774,3,0
"1CZ8_HL_VW|LL4M,DH28T,HH31N,YH101H,TH105S",2.939849,0.8878051,3,1
1KIR_AB_C|SA50Y,-1.3870943,-0.29730326,3,1
1MLC_AB_E|KB65D,0.018548755,-0.6532,3,1
1MLC_AB_E|NA32G,-0.8773867,0.04397755,3,1
"1MLC_AB_E|NA32G,NA92A",-0.6866531,-0.37500656,3,1
"1MLC_AB_E|NA32G,NA92A,SB57V,TB58D",-1.7349738,-1.1147685,3,1
1MLC_AB_E|NA32Y,0.0,-0.35709268,3,1
1MLC_AB_E|NA92A,-1.2533532,-0.11148387,3,1
"1MLC_AB_E|NA92A,SB57V,TB58D",-2.394188,-0.7941396,3,1
"1MLC_AB_E|NA92A,TB28D,SB57V,TB58D",-2.5813644,-1.0930903,3,1
"1MLC_AB_E|NA92A,TB28D,SB57V,TB58D,EB35S,GB99D",-2.9539242,-0.9887039,3,1
"1MLC_AB_E|NA92A,TB28D,SB57V,TB58D,GB99D",-0.20357698,-0.9061108,3,1
"1MLC_AB_E|NA92A,TB28D,SB57V,TB58D,NA32L",-2.5843081,-1.5584033,3,1
"1MLC_AB_E|NA92A,TB28D,SB57V,TB58D,RB98M,DB100Q",-0.41047263,-0.93825525,3,1
"1MLC_AB_E|NA92A,TB28D,SB57V,TB58D,SA91N,SA93A",-1.6104395,-0.17625941,3,1
"1MLC_AB_E|NA92A,TB28D,SB57V,TB58D,SB30G",-2.3584673,-1.344193,3,1
"1MLC_AB_E|NA92A,TB28D,SB57V,TB58D,YB32W,RB98V,DB100Q",0.36138764,-1.0691019,3,1
"1MLC_AB_E|NA92A,TB28D,SB57V,TB58D,YB59E",-1.4661698,-0.81956595,3,1
1MLC_AB_E|SB57A,-0.37902167,0.28989625,3,1
1MLC_AB_E|SB57V,-0.49418068,-0.19389884,3,1
"1MLC_AB_E|SB57V,TB58D",-0.9877286,-0.57732064,3,1
1MLC_AB_E|TB28D,-0.15094383,-0.19240157,3,1
1MLC_AB_E|TB31A,0.44700673,0.46065617,3,1
1MLC_AB_E|TB31V,0.5262404,0.20277707,3,1
1MLC_AB_E|TB31W,0.13214268,-0.054202273,3,1
1MLC_AB_E|TB58D,-0.55968237,-0.14882909,3,1
1NCA_N_LH|DH101K,0.71416,1.0875491,3,1
1NCA_N_LH|EH100D,0.41047263,0.09711672,3,1
1NCA_N_LH|NH102Q,0.5426153,0.1504511,3,1
1NCA_N_LH|NH31Q,0.0,-0.056747988,3,1
1NMB_N_LH|DH57E,2.9536283,0.40618682,3,1
1NMB_N_LH|DH57N,2.9536283,0.5689236,3,1
1NMB_N_LH|LL94V,0.9000208,0.029292315,3,1
1NMB_N_LH|TL93F,-0.023903161,-0.32015824,3,1
1NMB_N_LH|TL93W,0.18419003,-0.4035477,3,1
1NMB_N_LH|YH103A,2.14062,0.6706967,3,1
1NMB_N_LH|YH105F,1.4194101,0.38922906,3,1
1NMB_N_LH|YL32F,0.46632215,0.6222655,3,1
1VFB_AB_C|DB100A,3.005002,1.5221181,3,1
"1VFB_AB_C|DB100A,SC24A",3.369756,4.356339,3,1
1VFB_AB_C|DB54A,0.8151114,1.4002203,3,1
"1VFB_AB_C|DB54A,TC118A",1.2546439,4.079158,3,1
1VFB_AB_C|DB58A,-0.20700333,0.83810264,3,1
1VFB_AB_C|DB58E,0.078081094,0.24513559,3,1
1VFB_AB_C|DB58N,-0.12818155,0.3996607,3,1
1VFB_AB_C|DC119A,0.9530879,1.7272905,3,1
1VFB_AB_C|DC18A,0.34013057,1.1051617,3,1
1VFB_AB_C|EB98A,1.1565572,2.4382222,3,1
1VFB_AB_C|GB31A,0.30646533,0.8956118,3,1
1VFB_AB_C|GB31E,-0.5097613,0.28020063,3,1
1VFB_AB_C|GB31W,0.0039611305,0.26040506,3,1
1VFB_AB_C|HA30A,0.84488255,0.49998015,3,1
1VFB_AB_C|IC124A,1.2314179,0.7000276,3,1
1VFB_AB_C|KC116A,0.7134504,1.1000338,3,1
1VFB_AB_C|LC129A,0.17154472,0.059192263,3,1
1VFB_AB_C|NA31W,0.17432266,0.017066821,3,1
1VFB_AB_C|NB56A,0.17771798,0.40622038,3,1
1VFB_AB_C|NC19A,0.3960868,0.2832256,3,1
1VFB_AB_C|QC121A,2.876998,0.75944656,3,1
1VFB_AB_C|RB99A,-0.099735305,0.5884999,3,1
1VFB_AB_C|RB99W,0.7049742,-0.25145692,3,1
1VFB_AB_C|RB99Y,1.235379,-0.3558659,3,1
1VFB_AB_C|RC125A,1.8368999,1.2206548,3,1
1VFB_AB_C|SA93A,0.34312394,0.71732175,3,1
1VFB_AB_C|SB28D,0.0,-0.14440589,3,1
1VFB_AB_C|SB28E,-0.104007296,-0.022674575,3,1
1VFB_AB_C|SB28N,0.14394745,0.16662972,3,1
1VFB_AB_C|SB28Q,0.078081094,0.4601491,3,1
1VFB_AB_C|SC24A,0.850965,1.4485126,3,1
1VFB_AB_C|TA52F,0.4708752,-0.34254485,3,1
1VFB_AB_C|TA53R,1.6458516,0.18813935,3,1
1VFB_AB_C|TB30A,-0.05584954,0.42515677,3,1
1VFB_AB_C|TC118A,0.7650957,1.896922,3,1
1VFB_AB_C|VC120A,0.9169499,0.7110113,3,1
1VFB_AB_C|WA92A,3.037848,0.9466542,3,1
"1VFB_AB_C|WA92A,IC124A",3.8503337,2.1097383,3,1
"1VFB_AB_C|WA92A,LC129A",3.3073628,1.4007843,3,1
"1VFB_AB_C|WA92A,QC121A",3.5189366,1.8818052,3,1
"1VFB_AB_C|WA92A,RC125A",3.3932896,3.035618,3,1
1VFB_AB_C|WB52A,0.6406274,2.774533,3,1
"1VFB_AB_C|WB52A,DC119A",2.2473724,5.760506,3,1
1VFB_AB_C|YA32A,1.5281335,1.5675278,3,1
"1VFB_AB_C|YA32A,IC124A",2.9057157,2.0609865,3,1
"1VFB_AB_C|YA32A,QC121A",1.586041,2.0405855,3,1
1VFB_AB_C|YA49A,0.79754156,1.1682131,3,1
1VFB_AB_C|YA50A,0.456086,1.8971574,3,1
"1VFB_AB_C|YA50A,DC119A",1.2314179,4.539492,3,1
"1VFB_AB_C|YA50A,DC18A",1.265924,3.0202143,3,1
1VFB_AB_C|YA50K,1.7156012,1.4667879,3,1
1VFB_AB_C|YA50R,0.8443241,0.9679152,3,1
1VFB_AB_C|YB101F,1.2695644,1.9058163,3,1
"1VFB_AB_C|YB101F,DC119A",2.736521,3.5253863,3,1
"1VFB_AB_C|YB101F,VC120A",2.5384777,2.010331,3,1
1VFB_AB_C|YB32A,0.7916793,1.0243821,3,1
"1VFB_AB_C|YB32A,KC116A",1.586041,1.7506795,3,1
1VFB_AB_C|YB32E,1.9021881,0.41570908,3,1
1VFB_AB_C|YC23A,0.41047263,1.1331201,3,1
1XGP_AB_C|AB33F,-4.0,-3.3630216,3,1
1XGP_AB_C|AB33I,-2.260207,-2.0148048,3,1
1XGP_AB_C|AB33L,-2.1988916,-2.0531852,3,1
1XGP_AB_C|AB33V,-1.1525793,-0.8790748,3,1
2JEL_LH_P|AP82S,0.0,-0.37357152,3,1
2JEL_LH_P|DP69E,0.9530879,0.3972792,3,1
2JEL_LH_P|EP5D,0.41047263,-0.084533885,3,1
2JEL_LH_P|EP5Q,0.7129768,-0.11319329,3,1
2JEL_LH_P|EP68A,0.41047263,0.36306745,3,1
2JEL_LH_P|EP75R,2.727121,0.88211644,3,1
2JEL_LH_P|EP83A,0.0,0.2923928,3,1
2JEL_LH_P|EP85A,0.0,-0.4216047,3,1
2JEL_LH_P|EP85D,0.0,-0.014197923,3,1
2JEL_LH_P|EP85K,0.0,-0.15174519,3,1
2JEL_LH_P|EP85Q,0.0,-0.16298674,3,1
2JEL_LH_P|FP2W,2.6191528,0.5612442,3,1
2JEL_LH_P|FP2Y,0.0,-0.025014564,3,1
2JEL_LH_P|HP76A,-0.41047263,0.9230264,3,1
2JEL_LH_P|HP76D,-0.65058374,0.30487657,3,1
2JEL_LH_P|KP24E,0.0,-0.2830369,3,1
2JEL_LH_P|KP27E,0.0,-0.047509745,3,1
2JEL_LH_P|KP72E,0.41047263,0.30554694,3,1
2JEL_LH_P|KP72R,0.0,0.27855396,3,1
2JEL_LH_P|KP79E,0.41047263,-0.09235522,3,1
2JEL_LH_P|NP12D,0.0,-0.12562755,3,1
2JEL_LH_P|NP38T,0.0,0.0757696,3,1
2JEL_LH_P|PP11E,0.0,-0.3027358,3,1
2JEL_LH_P|QP3K,4.0,0.3864534,3,1
2JEL_LH_P|QP4K,1.3635606,0.25235206,3,1
2JEL_LH_P|QP57E,-0.41047263,-0.3662482,3,1
2JEL_LH_P|QP71E,2.727121,0.41628397,3,1
2JEL_LH_P|RP17G,0.0,-0.16700546,3,1
2JEL_LH_P|RP17K,0.0,0.003421478,3,1
2JEL_LH_P|SP41C,1.4957032,0.53706294,3,1
2JEL_LH_P|SP43C,0.0,0.33352172,3,1
2JEL_LH_P|SP46C,0.0,0.4661346,3,1
2JEL_LH_P|SP64T,4.0,0.06601986,3,1
2JEL_LH_P|TP34Q,0.0,0.4099685,3,1
2JEL_LH_P|TP36Q,0.41047263,0.10398027,3,1
2JEL_LH_P|TP62A,0.0,0.5443314,3,1
2JEL_LH_P|TP62N,0.0,0.5291631,3,1
2JEL_LH_P|TP7N,0.41047263,0.6123886,3,1
2JEL_LH_P|TP7S,0.0,0.49546635,3,1
2JEL_LH_P|VP6F,0.0,0.19896644,3,1
"2NY7_HL_G|CG27I,CG226Q",0.19971907,-0.04441604,3,1
"2NY7_HL_G|CG27I,CG226Q,MG231A",0.20319231,-0.23305522,3,1
"2NY7_HL_G|GG229C,MG231A",-0.37879732,-0.0864467,3,1
"2NY7_HL_G|GG229C,WG13M,MG231A,CG14W,CG110V,CG27I,CG226Q",0.21462485,-0.37728447,3,1
"2NY7_HL_G|KG66C,EG102C,CG27I,CG226Q",0.04085667,-0.422988,3,1
"2NY7_HL_G|KG66C,EG102C,WG13M,MG231A,CG14W,CG110V,CG27I,CG226Q",0.3998023,-1.0579702,3,1
"2NY7_HL_G|KG66C,EG103C,WG13M,MG231A,CG14W,CG110V,CG27I,CG226Q",0.29989544,-1.156223,3,1
"2NY7_HL_G|WG13M,MG231A,CG14W,CG110V",1.1574335,0.2621216,3,1
"2NY7_HL_G|WG13M,MG231A,CG14W,CG110V,CG27I,CG226Q",0.44904727,-0.31557506,3,1
"2NY7_HL_G|WG13M,MG231A,CG14W,CG110V,KG66C,EG102C",0.55101526,-0.5893164,3,1
"2NY7_HL_G|WG13M,SG92T,WG181S,MG231A,CG14W,CG110V,CG27I,CG226Q",-0.3035898,-0.36747384,3,1
3BN9_B_CD|DB214A,0.5662115,1.5175257,3,1
3BN9_B_CD|DB46A,0.42238826,0.5429565,3,1
3BN9_B_CD|DB47A,0.31110755,0.393085,3,1
3BN9_B_CD|EB163A,0.37321588,1.1663393,3,1
3BN9_B_CD|FB50A,-0.044997852,0.5247833,3,1
3BN9_B_CD|FB89A,0.6392419,1.5105752,3,1
3BN9_B_CD|HB138A,0.085063316,0.73267037,3,1
3BN9_B_CD|IB26A,0.0,0.60765094,3,1
3BN9_B_CD|IB45A,0.8352155,0.53387237,3,1
3BN9_B_CD|KB221A,0.7849689,0.10899666,3,1
3BN9_B_CD|LB147A,0.33619216,-0.15919124,3,1
3BN9_B_CD|NB90A,0.7733444,0.9126355,3,1
3BN9_B_CD|PD104H,2.4272547,-0.03287147,3,1
3BN9_B_CD|QB140A,0.1331048,0.53515536,3,1
3BN9_B_CD|QB168A,-0.03469869,-0.19047438,3,1
3BN9_B_CD|QB169A,2.5089848,1.4083911,3,1
3BN9_B_CD|QB218A,0.70571065,0.44034344,3,1
3BN9_B_CD|QB23A,-0.41530684,0.42752928,3,1
3BN9_B_CD|QD105V,1.2241027,-0.07787925,3,1
3BN9_B_CD|RB219A,-0.093698174,0.3383753,3,1
3BN9_B_CD|RB48A,-0.044997852,0.39408374,3,1
3BN9_B_CD|RB51A,-0.07155777,0.3399107,3,1
3BN9_B_CD|RB82A,-0.15923285,0.35866088,3,1
3BN9_B_CD|SD30G,1.1861069,0.20550868,3,1
3BN9_B_CD|SD30N,1.145505,0.9885131,3,1
3BN9_B_CD|TB144A,0.2908351,0.680731,3,1
3BN9_B_CD|TB93A,1.1320528,0.9099539,3,1
3BN9_B_CD|TD102Q,-0.02153644,0.035451844,3,1
3BN9_B_CD|TD102R,-0.058294915,0.16958193,3,1
3BN9_B_CD|TD28R,0.33290586,0.37607247,3,1
3BN9_B_CD|YB141A,1.0846525,2.2856216,3,1
3BN9_B_CD|YB52A,0.018951595,0.43846673,3,1
3BN9_B_CD|YD103S,0.45868576,0.7653182,3,1
4GXU_ABCDEF_MN|DA189E,2.1650882,0.7334239,3,1
"4GXU_ABCDEF_MN|DA189E,DA224G",3.0102077,0.46144003,3,1
4GXU_ABCDEF_MN|DA224G,1.9608781,-0.13184227,3,1
"1CZ8_HL_VW|LL4M,DH28T,HH31N,YH101H,TH105S",2.939849,0.40660152,3,2
1KIR_AB_C|SA50Y,-1.3870943,-0.5372873,3,2
1MLC_AB_E|KB65D,0.018548755,-0.2027117,3,2
1MLC_AB_E|NA32G,-0.8773867,-0.029520445,3,2
"1MLC_AB_E|NA32G,NA92A",-0.6866531,-0.102634214,3,2
"1MLC_AB_E|NA32G,NA92A,SB57V,TB58D",-1.7349738,-0.48813722,3,2
1MLC_AB_E|NA32Y,0.0,-0.40992865,3,2
1MLC_AB_E|NA92A,-1.2533532,0.10300518,3,2
"1MLC_AB_E|NA92A,SB57V,TB58D",-2.394188,-0.38395697,3,2
"1MLC_AB_E|NA92A,TB28D,SB57V,TB58D",-2.5813644,-0.48097727,3,2
"1MLC_AB_E|NA92A,TB28D,SB57V,TB58D,EB35S,GB99D",-2.9539242,-0.4634494,3,2
"1MLC_AB_E|NA92A,TB28D,SB57V,TB58D,GB99D",-0.20357698,-0.46509972,3,2
"1MLC_AB_E|NA92A,TB28D,SB57V,TB58D,NA32L",-2.5843081,-0.78689015,3,2
"1MLC_AB_E|NA92A,TB28D,SB57V,TB58D,RB98M,DB100Q",-0.41047263,-0.58304065,3,2
"1MLC_AB_E|NA92A,TB28D,SB57V,TB58D,SA91N,SA93A",-1.6104395,-0.3463943,3,2
"1MLC_AB_E|NA92A,TB28D,SB57V,TB58D,SB30G",-2.3584673,-0.4667103,3,2
"1MLC_AB_E|NA92A,TB28D,SB57V,TB58D,YB32W,RB98V,DB100Q",0.36138764,-0.46622714,3,2
"1MLC_AB_E|NA92A,TB28D,SB57V,TB58D,YB59E",-1.4661698,-0.26622033,3,2
1MLC_AB_E|SB57A,-0.37902167,0.09777717,3,2
1MLC_AB_E|SB57V,-0.49418068,-0.3345476,3,2
"1MLC_AB_E|SB57V,TB58D",-0.9877286,-0.41732022,3,2
1MLC_AB_E|TB28D,-0.15094383,-0.0816545,3,2
1MLC_AB_E|TB31A,0.44700673,0.16067562,3,2
1MLC_AB_E|TB31V,0.5262404,-0.027496211,3,2
1MLC_AB_E|TB31W,0.13214268,-0.34121805,3,2
1MLC_AB_E|TB58D,-0.55968237,0.0933804,3,2
1NCA_N_LH|DH101K,0.71416,0.017648894,3,2
1NCA_N_LH|EH100D,0.41047263,0.028654434,3,2
1NCA_N_LH|NH102Q,0.5426153,-0.14503556,3,2
1NCA_N_LH|NH31Q,0.0,-0.3066417,3,2
1NMB_N_LH|DH57E,2.9536283,-0.13485435,3,2
1NMB_N_LH|DH57N,2.9536283,0.02123934,3,2
1NMB_N_LH|LL94V,0.9000208,-0.099441536,3,2
1NMB_N_LH|TL93F,-0.023903161,-0.23842397,3,2
1NMB_N_LH|TL93W,0.18419003,-0.41153356,3,2
1NMB_N_LH|YH103A,2.14062,0.80750436,3,2
1NMB_N_LH|YH105F,1.4194101,0.49097207,3,2
1NMB_N_LH|YL32F,0.46632215,0.33607462,3,2
1VFB_AB_C|DB100A,3.005002,0.15087703,3,2
"1VFB_AB_C|DB100A,SC24A",3.369756,1.0384638,3,2
1VFB_AB_C|DB54A,0.8151114,0.22207028,3,2
"1VFB_AB_C|DB54A,TC118A",1.2546439,1.1307453,3,2
1VFB_AB_C|DB58A,-0.20700333,0.03743337,3,2
1VFB_AB_C|DB58E,0.078081094,-0.13604176,3,2
1VFB_AB_C|DB58N,-0.12818155,-0.077367075,3,2
1VFB_AB_C|DC119A,0.9530879,0.90608686,3,2
1VFB_AB_C|DC18A,0.34013057,0.8673802,3,2
1VFB_AB_C|EB98A,1.1565572,0.16636324,3,2
1VFB_AB_C|GB31A,0.30646533,0.23195747,3,2
1VFB_AB_C|GB31E,-0.5097613,-0.28838468,3,2
1VFB_AB_C|GB31W,0.0039611305,-0.21681091,3,2
1VFB_AB_C|HA30A,0.84488255,0.41963118,3,2
1VFB_AB_C|IC124A,1.2314179,0.45057207,3,2
1VFB_AB_C|KC116A,0.7134504,1.4360936,3,2
1VFB_AB_C|LC129A,0.17154472,0.27317423,3,2
1VFB_AB_C|NA31W,0.17432266,-0.26018447,3,2
1VFB_AB_C|NB56A,0.17771798,0.120231375,3,2
1VFB_AB_C|NC19A,0.3960868,0.38866094,3,2
1VFB_AB_C|QC121A,2.876998,0.5080705,3,2
1VFB_AB_C|RB99A,-0.099735305,0.39402238,3,2
1VFB_AB_C|RB99W,0.7049742,-0.18951523,3,2
1VFB_AB_C|RB99Y,1.235379,-0.21651155,3,2
1VFB_AB_C|RC125A,1.8368999,1.2849687,3,2
1VFB_AB_C|SA93A,0.34312394,0.25463548,3,2
1VFB_AB_C|SB28D,0.0,-0.07593677,3,2
1VFB_AB_C|SB28E,-0.104007296,-0.10016186,3,2
1VFB_AB_C|SB28N,0.14394745,-0.010736592,3,2
1VFB_AB_C|SB28Q,0.078081094,-0.11678868,3,2
1VFB_AB_C|SC24A,0.850965,0.34129962,3,2
1VFB_AB_C|TA52F,0.4708752,-0.15037927,3,2
1VFB_AB_C|TA53R,1.6458516,-0.37918127,3,2
1VFB_AB_C|TB30A,-0.05584954,0.1592429,3,2
1VFB_AB_C|TC118A,0.7650957,0.64743996,3,2
1VFB_AB_C|VC120A,0.9169499,0.48572597,3,2
1VFB_AB_C|WA92A,3.037848,0.55278,3,2
"1VFB_AB_C|WA92A,IC124A",3.8503337,1.1523268,3,2
"1VFB_AB_C|WA92A,LC129A",3.3073628,0.948742,3,2
"1VFB_AB_C|WA92A,QC121A",3.5189366,1.3033553,3,2
"1VFB_AB_C|WA92A,RC125A",3.3932896,2.2630553,3,2
1VFB_AB_C|WB52A,0.6406274,0.67437756,3,2
"1VFB_AB_C|WB52A,DC119A",2.2473724,1.5545844,3,2
1VFB_AB_C|YA32A,1.5281335,0.6214616,3,2
"1VFB_AB_C|YA32A,IC124A",2.9057157,0.9820129,3,2
"1VFB_AB_C|YA32A,QC121A",1.586041,1.0217975,3,2
1VFB_AB_C|YA49A,0.79754156,0.57657707,3,2
1VFB_AB_C|YA50A,0.456086,0.92613864,3,2
"1VFB_AB_C|YA50A,DC119A",1.2314179,2.8056922,3,2
"1VFB_AB_C|YA50A,DC18A",1.265924,2.5739777,3,2
1VFB_AB_C|YA50K,1.7156012,0.7492305,3,2
1VFB_AB_C|YA50R,0.8443241,0.59344584,3,2
1VFB_AB_C|YB101F,1.2695644,0.42130205,3,2
"1VFB_AB_C|YB101F,DC119A",2.736521,1.6432139,3,2
"1VFB_AB_C|YB101F,VC120A",2.5384777,0.74735194,3,2
1VFB_AB_C|YB32A,0.7916793,0.5626099,3,2
"1VFB_AB_C|YB32A,KC116A",1.586041,1.6122144,3,2
1VFB_AB_C|YB32E,1.9021881,0.32937163,3,2
1VFB_AB_C|YC23A,0.41047263,0.64255375,3,2
1XGP_AB_C|AB33F,-4.0,-0.640278,3,2
1XGP_AB_C|AB33I,-2.260207,-0.5431749,3,2
1XGP_AB_C|AB33L,-2.1988916,-0.56545675,3,2
1XGP_AB_C|AB33V,-1.1525793,-0.49676648,3,2
2JEL_LH_P|AP82S,0.0,-0.5150133,3,2
2JEL_LH_P|DP69E,0.9530879,0.0454596,3,2
2JEL_LH_P|EP5D,0.41047263,-0.052019723,3,2
2JEL_LH_P|EP5Q,0.7129768,-0.113660745,3,2
2JEL_LH_P|EP68A,0.41047263,0.62032056,3,2
2JEL_LH_P|EP75R,2.727121,0.01039575,3,2
2JEL_LH_P|EP83A,0.0,0.22646415,3,2
2JEL_LH_P|EP85A,0.0,0.51181066,3,2
2JEL_LH_P|EP85D,0.0,0.085868925,3,2
2JEL_LH_P|EP85K,0.0,0.051269524,3,2
2JEL_LH_P|EP85Q,0.0,0.032135025,3,2
2JEL_LH_P|FP2W,2.6191528,-0.082764305,3,2
2JEL_LH_P|FP2Y,0.0,-0.13173386,3,2
2JEL_LH_P|HP76A,-0.41047263,0.7674189,3,2
2JEL_LH_P|HP76D,-0.65058374,0.17638966,3,2
2JEL_LH_P|KP24E,0.0,0.88588375,3,2
2JEL_LH_P|KP27E,0.0,0.5586221,3,2
2JEL_LH_P|KP72E,0.41047263,0.21225494,3,2
2JEL_LH_P|KP72R,0.0,0.22707114,3,2
2JEL_LH_P|KP79E,0.41047263,0.4033461,3,2
2JEL_LH_P|NP12D,0.0,0.27503935,3,2
2JEL_LH_P|NP38T,0.0,0.3079319,3,2
2JEL_LH_P|PP11E,0.0,-0.09743372,3,2
2JEL_LH_P|QP3K,4.0,-0.042084895,3,2
2JEL_LH_P|QP4K,1.3635606,-0.04100485,3,2
2JEL_LH_P|QP57E,-0.41047263,0.31336033,3,2
2JEL_LH_P|QP71E,2.727121,0.16557759,3,2
2JEL_LH_P|RP17G,0.0,0.64277136,3,2
2JEL_LH_P|RP17K,0.0,0.23004124,3,2
2JEL_LH_P|SP41C,1.4957032,0.28228804,3,2
2JEL_LH_P|SP43C,0.0,0.20598012,3,2
2JEL_LH_P|SP46C,0.0,0.31001604,3,2
2JEL_LH_P|SP64T,4.0,-0.021348655,3,2
2JEL_LH_P|TP34Q,0.0,0.13328034,3,2
2JEL_LH_P|TP36Q,0.41047263,-0.09740595,3,2
2JEL_LH_P|TP62A,0.0,0.5561498,3,2
2JEL_LH_P|TP62N,0.0,0.06755274,3,2
2JEL_LH_P|TP7N,0.41047263,0.23123878,3,2
2JEL_LH_P|TP7S,0.0,0.26636848,3,2
2JEL_LH_P|VP6F,0.0,0.08512238,3,2
"2NY7_HL_G|CG27I,CG226Q",0.19971907,-0.6891962,3,2
"2NY7_HL_G|CG27I,CG226Q,MG231A",0.20319231,-0.16473171,3,2
"2NY7_HL_G|GG229C,MG231A",-0.37879732,0.38934436,3,2
"2NY7_HL_G|GG229C,WG13M,MG231A,CG14W,CG110V,CG27I,CG226Q",0.21462485,-0.70340395,3,2
"2NY7_HL_G|KG66C,EG102C,CG27I,CG226Q",0.04085667,-0.07435482,3,2
"2NY7_HL_G|KG66C,EG102C,WG13M,MG231A,CG14W,CG110V,CG27I,CG226Q",0.3998023,-0.39654028,3,2
"2NY7_HL_G|KG66C,EG103C,WG13M,MG231A,CG14W,CG110V,CG27I,CG226Q",0.29989544,-0.4546068,3,2
"2NY7_HL_G|WG13M,MG231A,CG14W,CG110V",1.1574335,-0.05665662,3,2
"2NY7_HL_G|WG13M,MG231A,CG14W,CG110V,CG27I,CG226Q",0.44904727,-0.7849647,3,2
"2NY7_HL_G|WG13M,MG231A,CG14W,CG110V,KG66C,EG102C",0.55101526,0.35112396,3,2
"2NY7_HL_G|WG13M,SG92T,WG181S,MG231A,CG14W,CG110V,CG27I,CG226Q",-0.3035898,-0.80584604,3,2
3BN9_B_CD|DB214A,0.5662115,0.5846181,3,2
3BN9_B_CD|DB46A,0.42238826,0.7565759,3,2
3BN9_B_CD|DB47A,0.31110755,-0.05017399,3,2
3BN9_B_CD|EB163A,0.37321588,0.5161607,3,2
3BN9_B_CD|FB50A,-0.044997852,0.97114927,3,2
3BN9_B_CD|FB89A,0.6392419,0.87675446,3,2
3BN9_B_CD|HB138A,0.085063316,0.5460586,3,2
3BN9_B_CD|IB26A,0.0,0.50573665,3,2
3BN9_B_CD|IB45A,0.8352155,0.63812506,3,2
3BN9_B_CD|KB221A,0.7849689,0.41007,3,2
3BN9_B_CD|LB147A,0.33619216,0.6067364,3,2
3BN9_B_CD|NB90A,0.7733444,0.82473445,3,2
3BN9_B_CD|PD104H,2.4272547,-0.34778458,3,2
3BN9_B_CD|QB140A,0.1331048,0.17764542,3,2
3BN9_B_CD|QB168A,-0.03469869,0.38891384,3,2
3BN9_B_CD|QB169A,2.5089848,0.66469944,3,2
3BN9_B_CD|QB218A,0.70571065,0.646773,3,2
3BN9_B_CD|QB23A,-0.41530684,0.57370126,3,2
3BN9_B_CD|QD105V,1.2241027,-0.064139135,3,2
3BN9_B_CD|RB219A,-0.093698174,1.0248799,3,2
3BN9_B_CD|RB48A,-0.044997852,1.1826495,3,2
3BN9_B_CD|RB51A,-0.07155777,1.2805177,3,2
3BN9_B_CD|RB82A,-0.15923285,0.45677665,3,2
3BN9_B_CD|SD30G,1.1861069,0.33030733,3,2
3BN9_B_CD|SD30N,1.145505,0.3318204,3,2
3BN9_B_CD|TB144A,0.2908351,0.5708085,3,2
3BN9_B_CD|TB93A,1.1320528,0.602696,3,2
3BN9_B_CD|TD102Q,-0.02153644,-0.28038114,3,2
3BN9_B_CD|TD102R,-0.058294915,-0.3957241,3,2
3BN9_B_CD|TD28R,0.33290586,-0.13097706,3,2
3BN9_B_CD|YB141A,1.0846525,1.0444342,3,2
3BN9_B_CD|YB52A,0.018951595,0.8476608,3,2
3BN9_B_CD|YD103S,0.45868576,0.7445856,3,2
4GXU_ABCDEF_MN|DA189E,2.1650882,0.27810168,3,2
"4GXU_ABCDEF_MN|DA189E,DA224G",3.0102077,0.25101376,3,2
4GXU_ABCDEF_MN|DA224G,1.9608781,-0.004965551,3,2
"1JRH_LH_I|AI49S,II51T,HI55D",0.070675574,-0.2432828,4,0
"1JRH_LH_I|AI85D,KI88R,EI90K",-0.047747865,-0.33374467,4,0
"1JRH_LH_I|AI93L,VI94M",0.63366294,-0.4585514,4,0
1JRH_LH_I|DH56A,1.8860998,-0.02479728,4,0
1JRH_LH_I|DH57A,1.6660647,-0.11664441,4,0
1JRH_LH_I|DH58A,1.8546488,-0.039300155,4,0
1JRH_LH_I|DL28A,0.43464687,-0.04058357,4,0
1JRH_LH_I|EI35Q,0.09956847,-0.18244022,4,0
1JRH_LH_I|EI45A,-0.5657849,-0.011201836,4,0
1JRH_LH_I|EI45P,-3.7881775,0.13186994,4,0
"1JRH_LH_I|EI45P,II47L",-3.4567804,0.18719763,4,0
"1JRH_LH_I|EI45P,II47R",-3.4400978,0.09107191,4,0
1JRH_LH_I|EL27A,0.5426153,0.008333616,4,0
1JRH_LH_I|FH103A,0.0,-0.097624615,4,0
1JRH_LH_I|GI40A,4.0,-0.050491974,4,0
1JRH_LH_I|HH107A,1.6977708,0.19917402,4,0
"1JRH_LH_I|II25N,PI27S,VI29T,VI31I",0.14370596,-0.22335702,4,0
1JRH_LH_I|KI37A,3.713863,0.062400706,4,0
1JRH_LH_I|KI37M,3.2923293,-0.007960036,4,0
1JRH_LH_I|KI42A,3.3858175,0.14477143,4,0
1JRH_LH_I|KI42M,4.0,0.034360006,4,0
1JRH_LH_I|KI88A,0.31209365,0.056580923,4,0
"1JRH_LH_I|MI15L,II18V",-0.21360606,-0.16659868,4,0
1JRH_LH_I|NI38A,0.1704579,-0.05716376,4,0
1JRH_LH_I|NI38Q,0.5344714,-0.14677766,4,0
1JRH_LH_I|NI43A,4.0,0.21724254,4,0
1JRH_LH_I|NI69A,-0.19953421,0.027998842,4,0
1JRH_LH_I|RH100A,0.5426153,0.09318555,4,0
1JRH_LH_I|RI74A,0.3926171,0.120861,4,0
1JRH_LH_I|SI44A,0.37771076,0.014055148,4,0
"1JRH_LH_I|SI44G,EI45G,II47R",-3.3777049,-0.07761815,4,0
"1JRH_LH_I|SI44G,EI45P,II47K",-3.884419,0.14077282,4,0
"1JRH_LH_I|SI61Y,DI62E,HI63Q,VI64I,GI65M,DI66Y,SI68D,NI69V,LI71A",2.9588323,-0.15252686,4,0
1JRH_LH_I|SL93A,-0.65058374,0.023075901,4,0
1JRH_LH_I|TI4V,-0.025565991,-0.10805245,4,0
"1JRH_LH_I|TI9L,EI11K",-0.025565991,-0.25302613,4,0
1JRH_LH_I|TL94A,0.38526937,0.0371216,4,0
1JRH_LH_I|VI41A,1.6791569,0.07895871,4,0
"1JRH_LH_I|VI73A,RI78K",-0.21360606,-0.1435723,4,0
1JRH_LH_I|WH54A,2.6862645,0.20354423,4,0
1JRH_LH_I|WH55A,2.4213178,0.06838674,4,0
1JRH_LH_I|WI46F,-0.25261214,-0.060940307,4,0
1JRH_LH_I|WI46Y,0.29852974,-0.13780501,4,0
1JRH_LH_I|WI72A,4.0,0.12790135,4,0
1JRH_LH_I|WI72F,1.102707,0.0015730858,4,0
1JRH_LH_I|WI72Y,1.1878273,-0.09013851,4,0
1JRH_LH_I|WL92A,2.818407,0.19169605,4,0
1JRH_LH_I|WL95A,1.6660647,0.052028112,4,0
1JRH_LH_I|YH104A,1.0610564,0.25195876,4,0
1JRH_LH_I|YH32A,1.4333102,0.12477409,4,0
1JRH_LH_I|YH60A,1.2555921,0.105903216,4,0
1JRH_LH_I|YI39A,3.5271235,0.22639543,4,0
1JRH_LH_I|YI39F,0.9087807,0.13927907,4,0
1JRH_LH_I|YL30A,1.1084566,0.07026156,4,0
1JRH_LH_I|YL91A,0.58083415,0.111829005,4,0
1KIQ_AB_C|FB101Y,-2.4949589,-0.18593556,4,0
1XGR_AB_C|IB33A,2.260207,-0.04528177,4,0
1XGR_AB_C|IB33F,-1.8004549,-0.12298456,4,0
1XGR_AB_C|IB33L,0.061315425,-0.08127917,4,0
1XGR_AB_C|IB33V,1.1076277,-0.042399194,4,0
2BDN_HL_A|DH31E,1.0852306,-0.011143371,4,0
2BDN_HL_A|LH27K,0.8740124,-0.2504853,4,0
2BDN_HL_A|LH27R,0.65058374,-0.29034868,4,0
2BDN_HL_A|NH28D,0.13214268,-0.07825985,4,0
2BDN_HL_A|NH28Q,1.3994616,-0.13205312,4,0
2BDN_HL_A|NL31K,3.4897714,-0.20597768,4,0
2BDN_HL_A|NL31R,-0.9171868,-0.25843942,4,0
2BDN_HL_A|SL53D,-0.1605731,-0.119614705,4,0
2BDN_HL_A|SL53E,-0.85132045,-0.13720167,4,0
2BDN_HL_A|TL56D,-0.4254655,-0.1430106,4,0
2BDN_HL_A|TL56E,-0.6888026,-0.13855721,4,0
2BDN_HL_A|YL30K,0.67475796,0.016421534,4,0
2NYY_DC_A|DA1030A,0.009336901,-0.04965703,4,0
2NYY_DC_A|DA1034A,2.5297937,0.0023494065,4,0
2NYY_DC_A|DC30Y,0.64113563,-0.23258632,4,0
2NYY_DC_A|EA892A,2.839132,0.060491644,4,0
2NYY_DC_A|ED5Q,-0.2479871,-0.29622,4,0
2NYY_DC_A|FA889A,0.4193659,0.03927975,4,0
2NYY_DC_A|FA925A,4.0,0.101262055,4,0
2NYY_DC_A|HA1036A,4.0,0.3162703,4,0
2NYY_DC_A|HC34R,0.10088469,-0.16590315,4,0
2NYY_DC_A|IA928A,-0.009487502,0.032686725,4,0
2NYY_DC_A|KA1028A,-0.028934313,0.0075232014,4,0
2NYY_DC_A|KA875A,0.29098648,0.070799775,4,0
2NYY_DC_A|KA895A,-0.14014584,0.0061442256,4,0
2NYY_DC_A|KD29R,0.071385965,-0.1675443,4,0
"2NYY_DC_A|KD29S,YD30D,DD31H,SD60P",0.04961051,0.27002126,4,0
2NYY_DC_A|LA891A,2.5892105,-0.004609026,4,0
2NYY_DC_A|MD33Q,-0.059869844,-0.21023479,4,0
2NYY_DC_A|NA890A,0.89044046,-0.06676166,4,0
2NYY_DC_A|NA926A,0.09934822,0.0328234,4,0
2NYY_DC_A|QA887A,0.5208145,-0.08578108,4,0
2NYY_DC_A|RA1033A,0.82012254,0.16108608,4,0
2NYY_DC_A|RA1266A,0.2995321,0.14124945,4,0
2NYY_DC_A|SA874A,-0.23032175,-0.005865261,4,0
2NYY_DC_A|SA927A,0.0,0.03676472,4,0
2NYY_DC_A|SC28Q,0.4133828,-0.18423837,4,0
2NYY_DC_A|SC31N,-0.35338265,-0.09222917,4,0
2NYY_DC_A|TA1035A,1.630871,0.06974534,4,0
2NYY_DC_A|VD36I,-0.21317148,-0.13521695,4,0
"2NYY_DC_A|VD36I,ED5Q",-0.0490461,-0.21047562,4,0
2NYY_DC_A|YD30D,0.06462482,0.039527528,4,0
2NYY_DC_A|YD30Q,0.12897444,-0.06909024,4,0
2NYY_DC_A|YD56Q,0.5196862,-0.06088174,4,0
2NZ9_DC_A|DA1030A,-0.031082604,-0.04484439,4,0
2NZ9_DC_A|DA1034A,2.3396032,-0.019248415,4,0
2NZ9_DC_A|EA892A,2.77036,0.09454111,4,0
2NZ9_DC_A|FA889A,-0.04961051,0.031542502,4,0
2NZ9_DC_A|FA925A,3.340439,0.08797055,4,0
2NZ9_DC_A|HA1036A,4.0,0.29277328,4,0
2NZ9_DC_A|IA928A,0.069281444,0.014942177,4,0
2NZ9_DC_A|KA1028A,-0.008714417,0.005900137,4,0
2NZ9_DC_A|KA875A,0.5407011,0.06480072,4,0
2NZ9_DC_A|KA895A,-0.29975358,0.0021492392,4,0
2NZ9_DC_A|LA891A,2.279965,0.02524849,4,0
2NZ9_DC_A|NA890A,2.1600318,-0.06713589,4,0
2NZ9_DC_A|NA926A,-0.15216734,0.029265031,4,0
2NZ9_DC_A|QA887A,0.09926054,-0.085801385,4,0
2NZ9_DC_A|RA1033A,0.29088098,0.14370382,4,0
2NZ9_DC_A|RA1266A,0.39015788,0.12879118,4,0
2NZ9_DC_A|SA874A,-0.11948046,-0.036999248,4,0
2NZ9_DC_A|SA927A,-0.078544825,0.03938724,4,0
"2NZ9_DC_A|SD29K,DD30Y,HD31D",-0.04961051,-0.22743109,4,0
2NZ9_DC_A|TA1035A,2.3703818,0.08855439,4,0
2VIS_AB_C|IC89T,-4.0,-0.17773992,4,0
"3BE1_HL_A|DL28N,PL30A,RL31K,SL32T,TL97S,TL98S",-0.6860794,-0.10151084,4,0
"3BE1_HL_A|DL28N,PL30A,RL31K,SL32T,TL97S,TL98S,KH30S,DH31G,TH54S,NH55E,GH100V,DH102V",-2.7728782,-0.17741057,4,0
"3BE1_HL_A|DL28N,PL30A,RL31K,SL32T,TL97S,TL98S,KH30S,DH31G,TH54S,NH55E,GH100V,DH102V,YL36A",-3.190238,0.027504727,4,0
"3BE1_HL_A|DL28N,PL30A,RL31K,SL32T,TL97S,TL98S,KH30S,DH31G,TH54S,NH55E,GH100V,DH102V,YL36A,IL33A",-2.7728782,0.19511962,4,0
"3BE1_HL_A|DL28N,PL30A,RL31K,SL32T,YL57F,TL97S,TL98S",-0.8683455,-0.07612726,4,0
"3BE1_HL_A|DL28N,PL30A,RL31K,SL32T,YL57F,TL97S,TL98S,KH30S,DH31G,TH54S,NH55E,GH100V,DH102V",-2.8824897,-0.18947563,4,0
3LZF_AB_HL|DA187E,0.49836498,-0.17413986,4,0
"3LZF_AB_HL|DA187E,DA222G",0.12738612,-0.14652887,4,0
3LZF_AB_HL|DA222G,0.5378587,-0.1869387,4,0
3NGB_HL_G|AH57G,-0.056030333,-0.09209096,4,0
"3NGB_HL_G|AH57G,VH58T,PH63K,VH74T",1.6734211,-0.2039068,4,0
"3NGB_HL_G|CH32S,CH102A",0.25899792,-0.16132548,4,0
3NGB_HL_G|DH103A,0.05987142,-0.058698155,4,0
3NGB_HL_G|EL88A,1.3199503,-0.0499826,4,0
3NGB_HL_G|FL89A,0.85886127,0.09493721,4,0
3NGB_HL_G|GH55A,-1.2766591,-0.08750819,4,0
3NGB_HL_G|GH55S,0.74304354,-0.1022917,4,0
3NGB_HL_G|GH56A,1.2656107,-0.03700096,4,0
3NGB_HL_G|IH30A,-0.0027431613,-0.04416862,4,0
3NGB_HL_G|IH30T,0.0733938,-0.15320875,4,0
"3NGB_HL_G|IH30T,KH52N,RH54N,GH55S,AH57G,VH58T,RH62Q,PH63K,VH74T,YH75S,YL26S",0.86214453,0.5698705,4,0
3NGB_HL_G|KH52A,0.62288266,0.058533825,4,0
3NGB_HL_G|KH52N,0.17497002,-0.008284435,4,0
3NGB_HL_G|MH70A,0.5305512,-0.012316205,4,0
3NGB_HL_G|NH105A,1.1185741,-0.03699783,4,0
3NGB_HL_G|NH59A,1.7671243,0.12213675,4,0
3NGB_HL_G|PH63A,-0.04252045,-0.11704756,4,0
3NGB_HL_G|PH63K,0.23252328,-0.28985503,4,0
3NGB_HL_G|QH65A,-0.34038836,0.028009921,4,0
3NGB_HL_G|QL25A,-0.23060839,0.028583698,4,0
3NGB_HL_G|RH54A,-0.25938424,0.1301437,4,0
3NGB_HL_G|RH54N,0.04645046,0.053857602,4,0
3NGB_HL_G|RH62A,0.9958448,0.15771306,4,0
3NGB_HL_G|RH62Q,0.09654992,0.057921223,4,0
3NGB_HL_G|RH72A,1.6432176,0.03742846,4,0
3NGB_HL_G|SL28A,-0.14471176,-0.08949433,4,0
3NGB_HL_G|TH33A,0.7071634,-0.051852193,4,0
3NGB_HL_G|TH33Y,0.084193856,-0.29476154,4,0
"3NGB_HL_G|TH33Y,GH56S,AH57G,VH58T,PH63K,VH74T,YH75S",1.9381938,-0.1458777,4,0
3NGB_HL_G|VH58A,1.3584284,0.05895283,4,0
3NGB_HL_G|VH58T,0.13787223,-0.076716475,4,0
3NGB_HL_G|VH74A,1.087914,-0.015857808,4,0
3NGB_HL_G|VH74T,0.16493925,-0.11474879,4,0
3NGB_HL_G|VL1A,-0.7733632,-0.054702204,4,0
3NGB_HL_G|WH106A,4.0,0.11354718,4,0
3NGB_HL_G|WH47A,1.2021707,0.033258036,4,0
3NGB_HL_G|WH50A,1.2917941,0.10381683,4,0
3NGB_HL_G|YH104A,1.4235861,0.061728247,4,0
3NGB_HL_G|YH60A,0.5484263,0.067543425,4,0
3NGB_HL_G|YH75A,-0.19932224,0.090254195,4,0
3NGB_HL_G|YH75S,0.3325709,0.057774298,4,0
3NGB_HL_G|YL26A,0.98528093,0.03220015,4,0
3NGB_HL_G|YL26S,0.6512687,-0.0066968575,4,0
3NGB_HL_G|YL87A,2.0227883,0.18642256,4,0
4JPK_HL_A|DA141R,3.857323,-0.21232072,4,0
"4JPK_HL_A|DA159N,DA33N",0.6189681,-0.18662977,4,0
4JPK_HL_A|FA144I,1.3875175,-0.08203291,4,0
4JPK_HL_A|FA63L,1.1672868,-0.13083671,4,0
4JPK_HL_A|RA130K,0.23006605,-0.1296778,4,0
4JPK_HL_A|RA81T,0.75870305,0.053540997,4,0
4JPK_HL_A|SA41G,2.151695,-0.016024016,4,0
4JPK_HL_A|TA35S,-0.032093357,-0.07534748,4,0
4JPK_HL_A|VA30N,0.59459484,-0.20265475,4,0
"1JRH_LH_I|AI49S,II51T,HI55D",0.070675574,0.11297159,4,1
"1JRH_LH_I|AI85D,KI88R,EI90K",-0.047747865,0.12315786,4,1
"1JRH_LH_I|AI93L,VI94M",0.63366294,-0.13645914,4,1
1JRH_LH_I|DH56A,1.8860998,2.8819613,4,1
1JRH_LH_I|DH57A,1.6660647,0.4525503,4,1
1JRH_LH_I|DH58A,1.8546488,0.6255945,4,1
1JRH_LH_I|DL28A,0.43464687,1.1320364,4,1
1JRH_LH_I|EI35Q,0.09956847,0.22761938,4,1
1JRH_LH_I|EI45A,-0.5657849,0.9113867,4,1
1JRH_LH_I|EI45P,-3.7881775,0.3211505,4,1
"1JRH_LH_I|EI45P,II47L",-3.4567804,0.17988455,4,1
"1JRH_LH_I|EI45P,II47R",-3.4400978,0.0069744885,4,1
1JRH_LH_I|EL27A,0.5426153,1.3840952,4,1
1JRH_LH_I|FH103A,0.0,0.3286339,4,1
1JRH_LH_I|GI40A,4.0,0.3077942,4,1
1JRH_LH_I|HH107A,1.6977708,0.30432037,4,1
"1JRH_LH_I|II25N,PI27S,VI29T,VI31I",0.14370596,0.112547874,4,1
1JRH_LH_I|KI37A,3.713863,-0.06813695,4,1
1JRH_LH_I|KI37M,3.2923293,-0.6459443,4,1
1JRH_LH_I|KI42A,3.3858175,0.6876726,4,1
1JRH_LH_I|KI42M,4.0,-0.2392017,4,1
1JRH_LH_I|KI88A,0.31209365,0.52550244,4,1
"1JRH_LH_I|MI15L,II18V",-0.21360606,-0.10104569,4,1
1JRH_LH_I|NI38A,0.1704579,0.53967965,4,1
1JRH_LH_I|NI38Q,0.5344714,0.203839,4,1
1JRH_LH_I|NI43A,4.0,0.62524945,4,1
1JRH_LH_I|NI69A,-0.19953421,0.70448446,4,1
1JRH_LH_I|RH100A,0.5426153,1.5327365,4,1
1JRH_LH_I|RI74A,0.3926171,1.3476658,4,1
1JRH_LH_I|SI44A,0.37771076,0.84218943,4,1
"1JRH_LH_I|SI44G,EI45G,II47R",-3.3777049,0.011181474,4,1
"1JRH_LH_I|SI44G,EI45P,II47K",-3.884419,-0.023564123,4,1
"1JRH_LH_I|SI61Y,DI62E,HI63Q,VI64I,GI65M,DI66Y,SI68D,NI69V,LI71A",2.9588323,-0.061898388,4,1
1JRH_LH_I|SL93A,-0.65058374,0.39051682,4,1
1JRH_LH_I|TI4V,-0.025565991,-0.39351296,4,1
"1JRH_LH_I|TI9L,EI11K",-0.025565991,0.289034,4,1
1JRH_LH_I|TL94A,0.38526937,0.5010725,4,1
1JRH_LH_I|VI41A,1.6791569,0.25552958,4,1
"1JRH_LH_I|VI73A,RI78K",-0.21360606,0.097808726,4,1
1JRH_LH_I|WH54A,2.6862645,2.4962654,4,1
1JRH_LH_I|WH55A,2.4213178,1.2869068,4,1
1JRH_LH_I|WI46F,-0.25261214,0.22530636,4,1
1JRH_LH_I|WI46Y,0.29852974,0.013110757,4,1
1JRH_LH_I|WI72A,4.0,1.4514987,4,1
1JRH_LH_I|WI72F,1.102707,0.43875912,4,1
1JRH_LH_I|WI72Y,1.1878273,0.10858011,4,1
1JRH_LH_I|WL92A,2.818407,0.7239559,4,1
1JRH_LH_I|WL95A,1.6660647,0.5240941,4,1
1JRH_LH_I|YH104A,1.0610564,0.67080265,4,1
1JRH_LH_I|YH32A,1.4333102,0.4513591,4,1
1JRH_LH_I|YH60A,1.2555921,1.5007302,4,1
1JRH_LH_I|YI39A,3.5271235,0.021625124,4,1
1JRH_LH_I|YI39F,0.9087807,0.44781107,4,1
1JRH_LH_I|YL30A,1.1084566,1.6947817,4,1
1JRH_LH_I|YL91A,0.58083415,1.3224403,4,1
1KIQ_AB_C|FB101Y,-2.4949589,-1.2222412,4,1
1XGR_AB_C|IB33A,2.260207,2.5085194,4,1
1XGR_AB_C|IB33F,-1.8004549,-0.9833686,4,1
1XGR_AB_C|IB33L,0.061315425,1.0367255,4,1
1XGR_AB_C|IB33V,1.1076277,2.1167922,4,1
2BDN_HL_A|DH31E,1.0852306,0.9111646,4,1
2BDN_HL_A|LH27K,0.8740124,0.030286513,4,1
2BDN_HL_A|LH27R,0.65058374,-0.19959056,4,1
2BDN_HL_A|NH28D,0.13214268,-0.585387,4,1
2BDN_HL_A|NH28Q,1.3994616,0.43673593,4,1
2BDN_HL_A|NL31K,3.4897714,0.8033434,4,1
2BDN_HL_A|NL31R,-0.9171868,0.7445484,4,1
2BDN_HL_A|SL53D,-0.1605731,-0.45974827,4,1
2BDN_HL_A|SL53E,-0.85132045,-0.23416409,4,1
2BDN_HL_A|TL56D,-0.4254655,-0.10984712,4,1
2BDN_HL_A|TL56E,-0.6888026,0.011366278,4,1
2BDN_HL_A|YL30K,0.67475796,1.169823,4,1
2NYY_DC_A|DA1030A,0.009336901,1.4460317,4,1
2NYY_DC_A|DA1034A,2.5297937,2.1667511,4,1
2NYY_DC_A|DC30Y,0.64113563,0.11295678,4,1
2NYY_DC_A|EA892A,2.839132,1.649801,4,1
2NYY_DC_A|ED5Q,-0.2479871,-0.12884381,4,1
2NYY_DC_A|FA889A,0.4193659,2.0677075,4,1
2NYY_DC_A|FA925A,4.0,-0.78753036,4,1
2NYY_DC_A|HA1036A,4.0,2.9509165,4,1
2NYY_DC_A|HC34R,0.10088469,0.0075571463,4,1
2NYY_DC_A|IA928A,-0.009487502,0.7509129,4,1
2NYY_DC_A|KA1028A,-0.028934313,0.20726481,4,1
2NYY_DC_A|KA875A,0.29098648,0.43025628,4,1
2NYY_DC_A|KA895A,-0.14014584,0.21460322,4,1
2NYY_DC_A|KD29R,0.071385965,-0.4143182,4,1
"2NYY_DC_A|KD29S,YD30D,DD31H,SD60P",0.04961051,0.036590233,4,1
2NYY_DC_A|LA891A,2.5892105,1.1540604,4,1
2NYY_DC_A|MD33Q,-0.059869844,0.2560595,4,1
2NYY_DC_A|NA890A,0.89044046,0.5248098,4,1
2NYY_DC_A|NA926A,0.09934822,0.9802589,4,1
2NYY_DC_A|QA887A,0.5208145,0.7983988,4,1
2NYY_DC_A|RA1033A,0.82012254,0.54115963,4,1
2NYY_DC_A|RA1266A,0.2995321,0.8740646,4,1
2NYY_DC_A|SA874A,-0.23032175,-0.060733415,4,1
2NYY_DC_A|SA927A,0.0,0.93104285,4,1
2NYY_DC_A|SC28Q,0.4133828,0.36112624,4,1
2NYY_DC_A|SC31N,-0.35338265,0.06655671,4,1
2NYY_DC_A|TA1035A,1.630871,0.6924551,4,1
2NYY_DC_A|VD36I,-0.21317148,-0.3034118,4,1
"2NYY_DC_A|VD36I,ED5Q",-0.0490461,-0.40858662,4,1
2NYY_DC_A|YD30D,0.06462482,0.24754044,4,1
2NYY_DC_A|YD30Q,0.12897444,0.8770652,4,1
2NYY_DC_A|YD56Q,0.5196862,0.8286347,4,1
2NZ9_DC_A|DA1030A,-0.031082604,1.5037025,4,1
2NZ9_DC_A|DA1034A,2.3396032,1.9799829,4,1
2NZ9_DC_A|EA892A,2.77036,1.7765763,4,1
2NZ9_DC_A|FA889A,-0.04961051,1.651165,4,1
2NZ9_DC_A|FA925A,3.340439,-0.7091625,4,1
2NZ9_DC_A|HA1036A,4.0,2.7454019,4,1
2NZ9_DC_A|IA928A,0.069281444,0.84394175,4,1
2NZ9_DC_A|KA1028A,-0.008714417,0.2882875,4,1
2NZ9_DC_A|KA875A,0.5407011,0.77460116,4,1
2NZ9_DC_A|KA895A,-0.29975358,0.24389496,4,1
2NZ9_DC_A|LA891A,2.279965,1.1162604,4,1
2NZ9_DC_A|NA890A,2.1600318,0.542835,4,1
2NZ9_DC_A|NA926A,-0.15216734,1.1143881,4,1
2NZ9_DC_A|QA887A,0.09926054,0.8455522,4,1
2NZ9_DC_A|RA1033A,0.29088098,0.27822456,4,1
2NZ9_DC_A|RA1266A,0.39015788,1.11117,4,1
2NZ9_DC_A|SA874A,-0.11948046,-0.1693159,4,1
2NZ9_DC_A|SA927A,-0.078544825,0.96126014,4,1
"2NZ9_DC_A|SD29K,DD30Y,HD31D",-0.04961051,-0.15957463,4,1
2NZ9_DC_A|TA1035A,2.3703818,0.75302833,4,1
2VIS_AB_C|IC89T,-4.0,-0.45311868,4,1
"3BE1_HL_A|DL28N,PL30A,RL31K,SL32T,TL97S,TL98S",-0.6860794,0.093936875,4,1
"3BE1_HL_A|DL28N,PL30A,RL31K,SL32T,TL97S,TL98S,KH30S,DH31G,TH54S,NH55E,GH100V,DH102V",-2.7728782,-0.78333265,4,1
"3BE1_HL_A|DL28N,PL30A,RL31K,SL32T,TL97S,TL98S,KH30S,DH31G,TH54S,NH55E,GH100V,DH102V,YL36A",-3.190238,-0.5194352,4,1
"3BE1_HL_A|DL28N,PL30A,RL31K,SL32T,TL97S,TL98S,KH30S,DH31G,TH54S,NH55E,GH100V,DH102V,YL36A,IL33A",-2.7728782,-0.29219264,4,1
"3BE1_HL_A|DL28N,PL30A,RL31K,SL32T,YL57F,TL97S,TL98S",-0.8683455,0.19023904,4,1
"3BE1_HL_A|DL28N,PL30A,RL31K,SL32T,YL57F,TL97S,TL98S,KH30S,DH31G,TH54S,NH55E,GH100V,DH102V",-2.8824897,-0.72227794,4,1
3LZF_AB_HL|DA187E,0.49836498,0.12813783,4,1
"3LZF_AB_HL|DA187E,DA222G",0.12738612,0.8421793,4,1
3LZF_AB_HL|DA222G,0.5378587,0.41692337,4,1
3NGB_HL_G|AH57G,-0.056030333,0.06584455,4,1
"3NGB_HL_G|AH57G,VH58T,PH63K,VH74T",1.6734211,0.16493963,4,1
"3NGB_HL_G|CH32S,CH102A",0.25899792,-0.29542345,4,1
3NGB_HL_G|DH103A,0.05987142,-0.033498384,4,1
3NGB_HL_G|EL88A,1.3199503,0.69764286,4,1
3NGB_HL_G|FL89A,0.85886127,0.97171795,4,1
3NGB_HL_G|GH55A,-1.2766591,0.07904789,4,1
3NGB_HL_G|GH55S,0.74304354,0.29523852,4,1
3NGB_HL_G|GH56A,1.2656107,0.9996433,4,1
3NGB_HL_G|IH30A,-0.0027431613,0.7050612,4,1
3NGB_HL_G|IH30T,0.0733938,-0.13339132,4,1
"3NGB_HL_G|IH30T,KH52N,RH54N,GH55S,AH57G,VH58T,RH62Q,PH63K,VH74T,YH75S,YL26S",0.86214453,1.5484585,4,1
3NGB_HL_G|KH52A,0.62288266,1.0940245,4,1
3NGB_HL_G|KH52N,0.17497002,-0.3599372,4,1
3NGB_HL_G|MH70A,0.5305512,0.91285366,4,1
3NGB_HL_G|NH105A,1.1185741,-0.60878533,4,1
3NGB_HL_G|NH59A,1.7671243,1.2937305,4,1
3NGB_HL_G|PH63A,-0.04252045,-0.46859896,4,1
3NGB_HL_G|PH63K,0.23252328,0.26084593,4,1
3NGB_HL_G|QH65A,-0.34038836,0.71277016,4,1
3NGB_HL_G|QL25A,-0.23060839,0.8466643,4,1
3NGB_HL_G|RH54A,-0.25938424,0.022245482,4,1
3NGB_HL_G|RH54N,0.04645046,0.16568121,4,1
3NGB_HL_G|RH62A,0.9958448,-0.5830804,4,1
3NGB_HL_G|RH62Q,0.09654992,-0.36780185,4,1
3NGB_HL_G|RH72A,1.6432176,1.7661774,4,1
3NGB_HL_G|SL28A,-0.14471176,0.25199354,4,1
3NGB_HL_G|TH33A,0.7071634,0.30189398,4,1
3NGB_HL_G|TH33Y,0.084193856,0.22511023,4,1
"3NGB_HL_G|TH33Y,GH56S,AH57G,VH58T,PH63K,VH74T,YH75S",1.9381938,0.9587626,4,1
3NGB_HL_G|VH58A,1.3584284,1.083411,4,1
3NGB_HL_G|VH58T,0.13787223,-0.53262943,4,1
3NGB_HL_G|VH74A,1.087914,0.028933086,4,1
3NGB_HL_G|VH74T,0.16493925,-0.2771812,4,1
3NGB_HL_G|VL1A,-0.7733632,0.12237025,4,1
3NGB_HL_G|WH106A,4.0,1.2323368,4,1
3NGB_HL_G|WH47A,1.2021707,1.3119278,4,1
3NGB_HL_G|WH50A,1.2917941,1.752552,4,1
3NGB_HL_G|YH104A,1.4235861,1.424219,4,1
3NGB_HL_G|YH60A,0.5484263,0.8155122,4,1
3NGB_HL_G|YH75A,-0.19932224,-0.3150141,4,1
3NGB_HL_G|YH75S,0.3325709,-0.16918808,4,1
3NGB_HL_G|YL26A,0.98528093,-0.29002446,4,1
3NGB_HL_G|YL26S,0.6512687,0.4304919,4,1
3NGB_HL_G|YL87A,2.0227883,2.5710454,4,1
4JPK_HL_A|DA141R,3.857323,-0.2398901,4,1
"4JPK_HL_A|DA159N,DA33N",0.6189681,0.50407255,4,1
4JPK_HL_A|FA144I,1.3875175,0.86109096,4,1
4JPK_HL_A|FA63L,1.1672868,0.001909472,4,1
4JPK_HL_A|RA130K,0.23006605,0.38309973,4,1
4JPK_HL_A|RA81T,0.75870305,-0.40483677,4,1
4JPK_HL_A|SA41G,2.151695,0.6264848,4,1
4JPK_HL_A|TA35S,-0.032093357,-1.2048835,4,1
4JPK_HL_A|VA30N,0.59459484,0.38399547,4,1
"1JRH_LH_I|AI49S,II51T,HI55D",0.070675574,-0.14092562,4,2
"1JRH_LH_I|AI85D,KI88R,EI90K",-0.047747865,-0.41529799,4,2
"1JRH_LH_I|AI93L,VI94M",0.63366294,-0.43721238,4,2
1JRH_LH_I|DH56A,1.8860998,0.13806158,4,2
1JRH_LH_I|DH57A,1.6660647,-0.01020712,4,2
1JRH_LH_I|DH58A,1.8546488,0.20799133,4,2
1JRH_LH_I|DL28A,0.43464687,0.061464585,4,2
1JRH_LH_I|EI35Q,0.09956847,-0.090347394,4,2
1JRH_LH_I|EI45A,-0.5657849,0.057591736,4,2
1JRH_LH_I|EI45P,-3.7881775,-0.03974616,4,2
"1JRH_LH_I|EI45P,II47L",-3.4567804,-0.036162596,4,2
"1JRH_LH_I|EI45P,II47R",-3.4400978,-0.12200175,4,2
1JRH_LH_I|EL27A,0.5426153,0.33768874,4,2
1JRH_LH_I|FH103A,0.0,0.22423783,4,2
1JRH_LH_I|GI40A,4.0,-0.03742409,4,2
1JRH_LH_I|HH107A,1.6977708,0.33117667,4,2
"1JRH_LH_I|II25N,PI27S,VI29T,VI31I",0.14370596,-0.062580034,4,2
1JRH_LH_I|KI37A,3.713863,0.23318376,4,2
1JRH_LH_I|KI37M,3.2923293,0.0022158623,4,2
1JRH_LH_I|KI42A,3.3858175,0.17630833,4,2
1JRH_LH_I|KI42M,4.0,-0.09269422,4,2
1JRH_LH_I|KI88A,0.31209365,0.20016587,4,2
"1JRH_LH_I|MI15L,II18V",-0.21360606,0.04976012,4,2
1JRH_LH_I|NI38A,0.1704579,0.103206545,4,2
1JRH_LH_I|NI38Q,0.5344714,-0.07873131,4,2
1JRH_LH_I|NI43A,4.0,0.20334716,4,2
1JRH_LH_I|NI69A,-0.19953421,0.18802692,4,2
1JRH_LH_I|RH100A,0.5426153,0.17524661,4,2
1JRH_LH_I|RI74A,0.3926171,0.34103537,4,2
1JRH_LH_I|SI44A,0.37771076,0.03281045,4,2
"1JRH_LH_I|SI44G,EI45G,II47R",-3.3777049,-0.22170125,4,2
"1JRH_LH_I|SI44G,EI45P,II47K",-3.884419,-0.13638435,4,2
"1JRH_LH_I|SI61Y,DI62E,HI63Q,VI64I,GI65M,DI66Y,SI68D,NI69V,LI71A",2.9588323,-0.45909116,4,2
1JRH_LH_I|SL93A,-0.65058374,0.08895618,4,2
1JRH_LH_I|TI4V,-0.025565991,0.07371888,4,2
"1JRH_LH_I|TI9L,EI11K",-0.025565991,-0.14211239,4,2
1JRH_LH_I|TL94A,0.38526937,0.103399396,4,2
1JRH_LH_I|VI41A,1.6791569,0.24288127,4,2
"1JRH_LH_I|VI73A,RI78K",-0.21360606,0.010956496,4,2
1JRH_LH_I|WH54A,2.6862645,0.40097693,4,2
1JRH_LH_I|WH55A,2.4213178,0.22348689,4,2
1JRH_LH_I|WI46F,-0.25261214,0.14571866,4,2
1JRH_LH_I|WI46Y,0.29852974,0.108178034,4,2
1JRH_LH_I|WI72A,4.0,0.3838854,4,2
1JRH_LH_I|WI72F,1.102707,0.15400441,4,2
1JRH_LH_I|WI72Y,1.1878273,0.07539536,4,2
1JRH_LH_I|WL92A,2.818407,0.31574428,4,2
1JRH_LH_I|WL95A,1.6660647,0.33682308,4,2
1JRH_LH_I|YH104A,1.0610564,0.5882243,4,2
1JRH_LH_I|YH32A,1.4333102,0.44126984,4,2
1JRH_LH_I|YH60A,1.2555921,0.63144356,4,2
1JRH_LH_I|YI39A,3.5271235,0.40159714,4,2
1JRH_LH_I|YI39F,0.9087807,0.11661728,4,2
1JRH_LH_I|YL30A,1.1084566,0.31657162,4,2
1JRH_LH_I|YL91A,0.58083415,0.23465584,4,2
1KIQ_AB_C|FB101Y,-2.4949589,-0.25490415,4,2
1XGR_AB_C|IB33A,2.260207,0.2602682,4,2
1XGR_AB_C|IB33F,-1.8004549,-0.21250279,4,2
1XGR_AB_C|IB33L,0.061315425,-0.06552407,4,2
1XGR_AB_C|IB33V,1.1076277,0.054554258,4,2
2BDN_HL_A|DH31E,1.0852306,-0.12193881,4,2
2BDN_HL_A|LH27K,0.8740124,-0.07228665,4,2
2BDN_HL_A|LH27R,0.65058374,-0.13616504,4,2
2BDN_HL_A|NH28D,0.13214268,-0.11379628,4,2
2BDN_HL_A|NH28Q,1.3994616,-0.045897495,4,2
2BDN_HL_A|NL31K,3.4897714,-0.11444509,4,2
2BDN_HL_A|NL31R,-0.9171868,-0.16513495,4,2
2BDN_HL_A|SL53D,-0.1605731,-0.37341085,4,2
2BDN_HL_A|SL53E,-0.85132045,-0.42319214,4,2
2BDN_HL_A|TL56D,-0.4254655,-0.13194025,4,2
2BDN_HL_A|TL56E,-0.6888026,-0.13958658,4,2
2BDN_HL_A|YL30K,0.67475796,0.2680882,4,2
2NYY_DC_A|DA1030A,0.009336901,0.01676447,4,2
2NYY_DC_A|DA1034A,2.5297937,0.037960418,4,2
2NYY_DC_A|DC30Y,0.64113563,-0.3347756,4,2
2NYY_DC_A|EA892A,2.839132,-0.08916016,4,2
2NYY_DC_A|ED5Q,-0.2479871,0.09111844,4,2
2NYY_DC_A|FA889A,0.4193659,0.211525,4,2
2NYY_DC_A|FA925A,4.0,0.13407813,4,2
2NYY_DC_A|HA1036A,4.0,0.33781183,4,2
2NYY_DC_A|HC34R,0.10088469,-0.07551019,4,2
2NYY_DC_A|IA928A,-0.009487502,0.16845638,4,2
2NYY_DC_A|KA1028A,-0.028934313,0.20627467,4,2
2NYY_DC_A|KA875A,0.29098648,0.28575414,4,2
2NYY_DC_A|KA895A,-0.14014584,0.38592267,4,2
2NYY_DC_A|KD29R,0.071385965,-0.1026226,4,2
"2NYY_DC_A|KD29S,YD30D,DD31H,SD60P",0.04961051,0.23407476,4,2
2NYY_DC_A|LA891A,2.5892105,0.15872942,4,2
2NYY_DC_A|MD33Q,-0.059869844,-0.028897922,4,2
2NYY_DC_A|NA890A,0.89044046,0.04992816,4,2
2NYY_DC_A|NA926A,0.09934822,0.03937978,4,2
2NYY_DC_A|QA887A,0.5208145,0.21720289,4,2
2NYY_DC_A|RA1033A,0.82012254,0.25784507,4,2
2NYY_DC_A|RA1266A,0.2995321,0.28704017,4,2
2NYY_DC_A|SA874A,-0.23032175,0.14070581,4,2
2NYY_DC_A|SA927A,0.0,0.104185686,4,2
2NYY_DC_A|SC28Q,0.4133828,-0.09880085,4,2
2NYY_DC_A|SC31N,-0.35338265,-0.03550859,4,2
2NYY_DC_A|TA1035A,1.630871,0.08257574,4,2
2NYY_DC_A|VD36I,-0.21317148,0.07108266,4,2
"2NYY_DC_A|VD36I,ED5Q",-0.0490461,0.028629012,4,2
2NYY_DC_A|YD30D,0.06462482,0.2247725,4,2
2NYY_DC_A|YD30Q,0.12897444,0.22544082,4,2
2NYY_DC_A|YD56Q,0.5196862,0.14532986,4,2
2NZ9_DC_A|DA1030A,-0.031082604,0.011042777,4,2
2NZ9_DC_A|DA1034A,2.3396032,-0.008576561,4,2
2NZ9_DC_A|EA892A,2.77036,-0.02893861,4,2
2NZ9_DC_A|FA889A,-0.04961051,0.19094743,4,2
2NZ9_DC_A|FA925A,3.340439,0.15344559,4,2
2NZ9_DC_A|HA1036A,4.0,0.2813758,4,2
2NZ9_DC_A|IA928A,0.069281444,0.15470417,4,2
2NZ9_DC_A|KA1028A,-0.008714417,0.21811749,4,2
2NZ9_DC_A|KA875A,0.5407011,0.3000959,4,2
2NZ9_DC_A|KA895A,-0.29975358,0.44319582,4,2
2NZ9_DC_A|LA891A,2.279965,0.17011285,4,2
2NZ9_DC_A|NA890A,2.1600318,0.034080535,4,2
2NZ9_DC_A|NA926A,-0.15216734,0.016069785,4,2
2NZ9_DC_A|QA887A,0.09926054,0.22573808,4,2
2NZ9_DC_A|RA1033A,0.29088098,0.2582508,4,2
2NZ9_DC_A|RA1266A,0.39015788,0.26180395,4,2
2NZ9_DC_A|SA874A,-0.11948046,0.12875716,4,2
2NZ9_DC_A|SA927A,-0.078544825,0.09658518,4,2
"2NZ9_DC_A|SD29K,DD30Y,HD31D",-0.04961051,-0.39148283,4,2
2NZ9_DC_A|TA1035A,2.3703818,0.08974774,4,2
2VIS_AB_C|IC89T,-4.0,-0.074404836,4,2
"3BE1_HL_A|DL28N,PL30A,RL31K,SL32T,TL97S,TL98S",-0.6860794,-0.040163536,4,2
"3BE1_HL_A|DL28N,PL30A,RL31K,SL32T,TL97S,TL98S,KH30S,DH31G,TH54S,NH55E,GH100V,DH102V",-2.7728782,-0.45578352,4,2
"3BE1_HL_A|DL28N,PL30A,RL31K,SL32T,TL97S,TL98S,KH30S,DH31G,TH54S,NH55E,GH100V,DH102V,YL36A",-3.190238,-0.2755912,4,2
"3BE1_HL_A|DL28N,PL30A,RL31K,SL32T,TL97S,TL98S,KH30S,DH31G,TH54S,NH55E,GH100V,DH102V,YL36A,IL33A",-2.7728782,-0.2652007,4,2
"3BE1_HL_A|DL28N,PL30A,RL31K,SL32T,YL57F,TL97S,TL98S",-0.8683455,0.01491994,4,2
"3BE1_HL_A|DL28N,PL30A,RL31K,SL32T,YL57F,TL97S,TL98S,KH30S,DH31G,TH54S,NH55E,GH100V,DH102V",-2.8824897,-0.4329007,4,2
3LZF_AB_HL|DA187E,0.49836498,-0.06456676,4,2
"3LZF_AB_HL|DA187E,DA222G",0.12738612,0.08376481,4,2
3LZF_AB_HL|DA222G,0.5378587,0.22503468,4,2
3NGB_HL_G|AH57G,-0.056030333,-0.5231414,4,2
"3NGB_HL_G|AH57G,VH58T,PH63K,VH74T",1.6734211,-0.14695121,4,2
"3NGB_HL_G|CH32S,CH102A",0.25899792,-0.053371567,4,2
3NGB_HL_G|DH103A,0.05987142,0.109623045,4,2
3NGB_HL_G|EL88A,1.3199503,0.09046814,4,2
3NGB_HL_G|FL89A,0.85886127,0.45619124,4,2
3NGB_HL_G|GH55A,-1.2766591,-0.03503936,4,2
3NGB_HL_G|GH55S,0.74304354,-0.019891534,4,2
3NGB_HL_G|GH56A,1.2656107,-0.038210656,4,2
3NGB_HL_G|IH30A,-0.0027431613,0.124703154,4,2
3NGB_HL_G|IH30T,0.0733938,-0.005066715,4,2
"3NGB_HL_G|IH30T,KH52N,RH54N,GH55S,AH57G,VH58T,RH62Q,PH63K,VH74T,YH75S,YL26S",0.86214453,0.9641434,4,2
3NGB_HL_G|KH52A,0.62288266,0.11356649,4,2
3NGB_HL_G|KH52N,0.17497002,0.0017223544,4,2
3NGB_HL_G|MH70A,0.5305512,0.20317195,4,2
3NGB_HL_G|NH105A,1.1185741,0.0116537735,4,2
3NGB_HL_G|NH59A,1.7671243,0.26052094,4,2
3NGB_HL_G|PH63A,-0.04252045,0.024263496,4,2
3NGB_HL_G|PH63K,0.23252328,-0.16106649,4,2
3NGB_HL_G|QH65A,-0.34038836,0.32724687,4,2
3NGB_HL_G|QL25A,-0.23060839,0.2421283,4,2
3NGB_HL_G|RH54A,-0.25938424,0.31565353,4,2
3NGB_HL_G|RH54N,0.04645046,0.22764929,4,2
3NGB_HL_G|RH62A,0.9958448,0.16369084,4,2
3NGB_HL_G|RH62Q,0.09654992,-0.06382163,4,2
3NGB_HL_G|RH72A,1.6432176,0.119134754,4,2
3NGB_HL_G|SL28A,-0.14471176,0.097179085,4,2
3NGB_HL_G|TH33A,0.7071634,0.11669718,4,2
3NGB_HL_G|TH33Y,0.084193856,-0.4029226,4,2
"3NGB_HL_G|TH33Y,GH56S,AH57G,VH58T,PH63K,VH74T,YH75S",1.9381938,0.11057663,4,2
3NGB_HL_G|VH58A,1.3584284,0.40300617,4,2
3NGB_HL_G|VH58T,0.13787223,0.14262679,4,2
3NGB_HL_G|VH74A,1.087914,0.22726697,4,2
3NGB_HL_G|VH74T,0.16493925,0.05871943,4,2
3NGB_HL_G|VL1A,-0.7733632,0.22070426,4,2
3NGB_HL_G|WH106A,4.0,0.29297143,4,2
3NGB_HL_G|WH47A,1.2021707,0.30985266,4,2
3NGB_HL_G|WH50A,1.2917941,0.4748009,4,2
3NGB_HL_G|YH104A,1.4235861,0.4185959,4,2
3NGB_HL_G|YH60A,0.5484263,0.33491394,4,2
3NGB_HL_G|YH75A,-0.19932224,0.35984862,4,2
3NGB_HL_G|YH75S,0.3325709,0.3354589,4,2
3NGB_HL_G|YL26A,0.98528093,0.38916793,4,2
3NGB_HL_G|YL26S,0.6512687,0.35407618,4,2
3NGB_HL_G|YL87A,2.0227883,0.43227768,4,2
4JPK_HL_A|DA141R,3.857323,-0.22533582,4,2
"4JPK_HL_A|DA159N,DA33N",0.6189681,-0.07053833,4,2
4JPK_HL_A|FA144I,1.3875175,0.06481428,4,2
4JPK_HL_A|FA63L,1.1672868,0.07557572,4,2
4JPK_HL_A|RA130K,0.23006605,-0.015800934,4,2
4JPK_HL_A|RA81T,0.75870305,0.13276912,4,2
4JPK_HL_A|SA41G,2.151695,0.012689523,4,2
4JPK_HL_A|TA35S,-0.032093357,-0.018201265,4,2
4JPK_HL_A|VA30N,0.59459484,-0.019823875,4,2
