row_id,ddg_true,ddg_pred,fold,seed
1AHW_AB_C|DC167A,-0.4845926,2.3721507,0,0
"1AHW_AB_C|KC138A,DC139A",1.1814722,2.4402714,0,0
"1AHW_AB_C|KC154A,KC155A",-1.329712,1.7443786,0,0
1AHW_AB_C|LC165A,0.9869364,0.468041,0,0
1AHW_AB_C|NC188A,1.0782224,1.3825113,0,0
"1AHW_AB_C|TC110A,KC111A",0.6388569,1.3670611,0,0
1AHW_AB_C|TC156A,-0.07411996,0.7808641,0,0
1AHW_AB_C|TC159A,1.105771,2.2712288,0,0
1AHW_AB_C|TC186A,1.345882,0.489801,0,0
1AHW_AB_C|VC187A,-0.31423107,0.4945932,0,0
1AHW_AB_C|YC146A,-1.8890098,1.9384639,0,0
1BJ1_HL_VW|HH101Y,-1.5835956,-2.0300987,0,0
"1BJ1_HL_VW|HH101Y,YH103I,GH104A,SH105K",-0.43125325,-0.71823865,0,0
"1BJ1_HL_VW|HH101Y,YH103R,GH104N,SH105T",-0.7626503,-1.2717589,0,0
"1BJ1_HL_VW|HH101Y,YH103R,SH105T",-1.173123,-2.0879514,0,0
1BJ1_HL_VW|HH107A,0.78965265,-0.06432347,0,0
"1BJ1_HL_VW|LH72I,TH74K",0.076517485,0.983146,0,0
"1BJ1_HL_VW|LH72V,TH74V",0.6706598,0.5866689,0,0
"1BJ1_HL_VW|ML4L,TH28D,NH31H,HH101Y,SH105T",-1.52138,-2.3340285,0,0
1BJ1_HL_VW|NH31H,-0.7626503,0.09774571,0,0
1BJ1_HL_VW|SH105T,-0.39039657,-0.16737969,0,0
1BJ1_HL_VW|TH28D,-0.22003505,-0.28100222,0,0
"1BJ1_HL_VW|TH28D,NH31H",-0.6929008,-0.31228304,0,0
"1BJ1_HL_VW|TH28D,NH31H,YH54W,HH101Y,SH105T",-1.2034981,-2.1131217,0,0
1BJ1_HL_VW|TH59A,0.85066694,0.7730688,0,0
1BJ1_HL_VW|YH27A,2.2425284,0.464795,0,0
1BJ1_HL_VW|YH54A,1.3276595,1.186855,0,0
1BJ1_HL_VW|YH54W,-0.13726985,0.12390898,0,0
1BJ1_HL_VW|YH99A,4.0,0.80846846,0,0
1DQJ_AB_C|DB32A,2.0134337,0.64333516,0,0
"1DQJ_AB_C|DB32A,KC97A",1.1223834,0.18461093,0,0
1DQJ_AB_C|DC101A,1.3765504,1.4199674,0,0
1DQJ_AB_C|KC96A,4.0,0.5237345,0,0
1DQJ_AB_C|KC97A,3.5197058,0.052832402,0,0
1DQJ_AB_C|LC75A,1.452407,0.353424,0,0
1DQJ_AB_C|NA31A,2.0134337,2.0324457,0,0
1DQJ_AB_C|NA32A,4.0,1.4096309,0,0
"1DQJ_AB_C|NA32A,KC96A",4.0,2.2895138,0,0
1DQJ_AB_C|NC93A,0.64987326,0.16483435,0,0
1DQJ_AB_C|RC21A,1.2137709,0.4969232,0,0
1DQJ_AB_C|SA91A,1.4318883,0.44411308,0,0
"1DQJ_AB_C|SA91A,RC21A",3.1707318,0.55050117,0,0
"1DQJ_AB_C|SA91A,YC20A",3.573092,0.29257655,0,0
1DQJ_AB_C|SC100A,0.7755829,1.190532,0,0
1DQJ_AB_C|TC89A,0.84084374,0.70330524,0,0
1DQJ_AB_C|WB98A,4.0,2.8128407,0,0
"1DQJ_AB_C|WB98A,KC97A",4.0,1.3419869,0,0
"1DQJ_AB_C|WB98A,SC100A",4.0,4.788211,0,0
"1DQJ_AB_C|WB98A,YC20A",4.0,2.921713,0,0
1DQJ_AB_C|WC62A,0.7580786,1.0796189,0,0
1DQJ_AB_C|WC63A,1.3462692,1.4676837,0,0
1DQJ_AB_C|YA50A,2.678299,1.3296013,0,0
1DQJ_AB_C|YA96A,1.135051,1.0827063,0,0
"1DQJ_AB_C|YA96A,RC21A",3.4851997,1.4086398,0,0
"1DQJ_AB_C|YA96A,SC100A",0.91344726,2.3701236,0,0
1DQJ_AB_C|YB33A,4.0,3.0297399,0,0
1DQJ_AB_C|YB50A,4.0,1.7450088,0,0
1DQJ_AB_C|YB53A,1.1802781,0.71730226,0,0
"1DQJ_AB_C|YB53A,DC101A",2.727121,2.0098767,0,0
"1DQJ_AB_C|YB53A,LC75A",1.2168618,0.45914114,0,0
"1DQJ_AB_C|YB53A,WC62A",1.286308,1.5247809,0,0
"1DQJ_AB_C|YB53A,WC63A",2.1992323,2.722737,0,0
1DQJ_AB_C|YC20A,3.2857084,0.44123465,0,0
1XGT_AB_C|LB33A,2.1988916,2.4763,0,0
1XGT_AB_C|LB33F,-1.8617703,-2.2947419,0,0
1XGT_AB_C|LB33I,-0.061315425,-0.15109716,0,0
1XGT_AB_C|LB33V,1.0463123,1.1161243,0,0
"3BDY_HL_V|DL28N,PL30A,RL31K,SL32T,TL97S,TL98S",-0.9690793,-0.7542712,0,0
"3BDY_HL_V|DL28N,PL30A,RL31K,SL32T,TL97S,TL98S,KH31S,DH32G,TH55S,NH56E,GH101V,DH103V",-2.7154896,-2.5523221,0,0
"3BDY_HL_V|DL28N,PL30A,RL31K,SL32T,TL97S,TL98S,KH31S,DH32G,TH55S,NH56E,GH101V,DH103V,RH51A,RH60A",-2.7728782,-2.2554827,0,0
"3BDY_HL_V|DL28N,PL30A,RL31K,SL32T,YL57F,TL97S,TL98S",-0.97316396,-0.95677966,0,0
"3BDY_HL_V|DL28N,PL30A,RL31K,SL32T,YL57F,TL97S,TL98S,KH31S,DH32G,TH55S,NH56E,GH101V,DH103V",-2.727121,-2.7797315,0,0
3HFM_HL_Y|DH32A,1.8982269,0.47447133,0,0
"3HFM_HL_Y|DH32A,KY97A",4.0,0.29950923,0,0
"3HFM_HL_Y|DH32A,KY97M",1.1234494,0.50391614,0,0
3HFM_HL_Y|DH32N,0.17036153,0.07620087,0,0
"3HFM_HL_Y|DH32N,KY97A",4.0,0.17061572,0,0
"3HFM_HL_Y|DH32N,KY97M",0.3025042,0.38727468,0,0
3HFM_HL_Y|DY101A,1.2081919,1.1788664,0,0
3HFM_HL_Y|DY101E,2.132881,0.62937266,0,0
3HFM_HL_Y|DY101F,2.3282614,0.5107872,0,0
3HFM_HL_Y|DY101G,0.35884774,0.49552697,0,0
3HFM_HL_Y|DY101K,2.1245396,1.3824092,0,0
3HFM_HL_Y|DY101N,1.4911126,1.0323254,0,0
3HFM_HL_Y|DY101Q,2.0851746,0.43692434,0,0
3HFM_HL_Y|DY101R,2.2798727,1.1341745,0,0
3HFM_HL_Y|DY101S,1.8694,0.61676407,0,0
3HFM_HL_Y|GY102V,0.395285,0.5418203,0,0
3HFM_HL_Y|HY15A,-0.4453172,0.3151366,0,0
3HFM_HL_Y|IY98A,0.0,0.032354645,0,0
3HFM_HL_Y|KY96A,4.0,0.55851996,0,0
3HFM_HL_Y|KY96M,4.0,0.7087235,0,0
3HFM_HL_Y|KY96R,4.0,0.15941024,0,0
3HFM_HL_Y|KY97A,4.0,0.1490876,0,0
3HFM_HL_Y|KY97D,4.0,0.10632415,0,0
3HFM_HL_Y|KY97E,3.6045077,0.091151364,0,0
3HFM_HL_Y|KY97G,4.0,-0.055370465,0,0
3HFM_HL_Y|KY97M,0.9469717,0.30433083,0,0
3HFM_HL_Y|KY97R,3.0528512,-0.046388462,0,0
3HFM_HL_Y|LY75A,0.70445603,0.06834637,0,0
3HFM_HL_Y|NL31A,4.0,2.308603,0,0
"3HFM_HL_Y|NL31A,KY96A",4.0,3.4760776,0,0
3HFM_HL_Y|NL31D,1.3434845,0.2982028,0,0
3HFM_HL_Y|NL31E,4.0,0.6083275,0,0
3HFM_HL_Y|NL32A,4.0,0.9556433,0,0
3HFM_HL_Y|NY19D,0.41047263,0.097770244,0,0
3HFM_HL_Y|NY19K,0.2401111,0.66934,0,0
3HFM_HL_Y|NY19Q,-0.042485796,0.11747958,0,0
3HFM_HL_Y|NY93A,0.21121821,0.44743383,0,0
3HFM_HL_Y|QL53A,0.9530879,-0.17383845,0,0
3HFM_HL_Y|RY21A,0.8618019,0.6814427,0,0
3HFM_HL_Y|RY21E,2.4534352,0.08262705,0,0
3HFM_HL_Y|RY21G,2.4220753,0.037446626,0,0
3HFM_HL_Y|RY21H,2.1693182,-0.2373253,0,0
3HFM_HL_Y|RY21K,1.766342,0.23683959,0,0
3HFM_HL_Y|RY21M,2.0498905,1.1252451,0,0
3HFM_HL_Y|RY21N,2.3282614,0.3855468,0,0
3HFM_HL_Y|RY21Q,2.3975346,-0.43163186,0,0
3HFM_HL_Y|RY21W,2.132881,0.28226936,0,0
3HFM_HL_Y|RY73A,-0.3313971,0.30495012,0,0
3HFM_HL_Y|SH31A,0.17036153,0.4452995,0,0
3HFM_HL_Y|SY100A,0.26765963,0.71499383,0,0
3HFM_HL_Y|TY89A,0.0,0.8512154,0,0
3HFM_HL_Y|WH98A,4.0,2.4250784,0,0
"3HFM_HL_Y|WH98A,KY96A",4.0,3.5638165,0,0
3HFM_HL_Y|WH98F,3.245562,0.5041423,0,0
"3HFM_HL_Y|WH98F,YY20A",4.0,2.2295752,0,0
3HFM_HL_Y|WY63A,0.31918663,1.836747,0,0
3HFM_HL_Y|YH33A,4.0,2.8477423,0,0
"3HFM_HL_Y|YH33A,KY97A",4.0,2.3998322,0,0
3HFM_HL_Y|YH33F,1.0712212,-1.3059472,0,0
3HFM_HL_Y|YH33L,2.0069382,0.51822686,0,0
3HFM_HL_Y|YH33W,1.7495645,0.64550143,0,0
3HFM_HL_Y|YH50A,4.0,1.9399624,0,0
"3HFM_HL_Y|YH50A,RY21A",4.0,2.522558,0,0
3HFM_HL_Y|YH50F,1.6099914,0.21883157,0,0
3HFM_HL_Y|YH50L,2.8488367,0.4627989,0,0
3HFM_HL_Y|YH53A,3.25038,1.3172727,0,0
3HFM_HL_Y|YH53F,0.62049925,0.68582374,0,0
3HFM_HL_Y|YH53L,0.8068894,0.89412546,0,0
3HFM_HL_Y|YH53W,0.7061819,0.27249807,0,0
3HFM_HL_Y|YH58A,1.6760437,2.4770555,0,0
3HFM_HL_Y|YH58F,0.36312544,0.60476506,0,0
3HFM_HL_Y|YH58L,1.5136731,1.7062424,0,0
3HFM_HL_Y|YL50A,4.0,0.97242755,0,0
"3HFM_HL_Y|YL50A,KY96A",4.0,1.7575217,0,0
"3HFM_HL_Y|YL50A,KY97A",4.0,0.76730627,0,0
"3HFM_HL_Y|YL50A,RY21A",4.0,1.816403,0,0
3HFM_HL_Y|YL50F,2.3548672,0.38127512,0,0
"3HFM_HL_Y|YL50F,RY21A",4.0,1.1333461,0,0
"3HFM_HL_Y|YL50F,YY20A",4.0,1.3469907,0,0
3HFM_HL_Y|YL50L,4.0,0.09942934,0,0
3HFM_HL_Y|YL96A,2.707045,1.2691808,0,0
"3HFM_HL_Y|YL96A,RY21A",4.0,1.8746347,0,0
3HFM_HL_Y|YL96F,1.4017794,0.8450981,0,0
"3HFM_HL_Y|YL96F,RY21A",4.0,1.5359273,0,0
3HFM_HL_Y|YY20A,4.0,0.82310456,0,0
3HFM_HL_Y|YY20F,-0.4839681,0.13083112,0,0
3HFM_HL_Y|YY20L,2.1845057,0.6750627,0,0
3SE9_HL_G|DH77A,-0.7664817,0.2754265,0,0
3SE9_HL_G|EL90A,0.41735974,1.1468176,0,0
3SE9_HL_G|FL91A,0.023615688,0.580061,0,0
3SE9_HL_G|GH106A,-0.3075798,0.6523539,0,0
3SE9_HL_G|GH107A,-0.6151596,0.34477812,0,0
3SE9_HL_G|GH109A,0.18514356,0.70565057,0,0
3SE9_HL_G|GH57A,0.4524448,0.7042332,0,0
3SE9_HL_G|GH62A,0.04634,0.79560024,0,0
3SE9_HL_G|GL29A,0.46369976,0.8963385,0,0
3SE9_HL_G|LH34A,0.56599987,1.6771524,0,0
3SE9_HL_G|LL89A,0.964243,0.891002,0,0
3SE9_HL_G|NH60A,1.5217615,2.0442884,0,0
3SE9_HL_G|PH64A,-0.4419396,-0.22363879,0,0
3SE9_HL_G|RH67A,1.4695449,0.14422674,0,0
3SE9_HL_G|RH74A,2.6792572,1.9426149,0,0
3SE9_HL_G|RH76A,-0.2322162,0.8198418,0,0
3SE9_HL_G|TH105A,-0.4419396,0.057829905,0,0
3SE9_HL_G|TH56A,-0.85929936,0.7503851,0,0
3SE9_HL_G|VH55A,-0.85929936,0.061796788,0,0
3SE9_HL_G|VH59A,0.9833596,1.5766859,0,0
3SE9_HL_G|VL3A,-0.49433115,0.5002824,0,0
3SE9_HL_G|WH48A,1.0584464,1.1633704,0,0
3SE9_HL_G|WH51A,1.275695,1.8735006,0,0
3SE9_HL_G|YH104A,0.46369976,1.0471545,0,0
3SE9_HL_G|YL28A,1.1177194,0.70346266,0,0
4U6H_AB_E|NE21A,-0.3480795,0.88055235,0,0
4U6H_AB_E|QE25A,0.11883454,1.3133957,0,0
4ZS6_HL_A|EA156A,3.0386665,0.8141096,0,0
4ZS6_HL_A|YA160A,-0.11025046,3.5429327,0,0
1AHW_AB_C|DC167A,-0.4845926,1.4329026,0,1
"1AHW_AB_C|KC138A,DC139A",1.1814722,0.9770735,0,1
"1AHW_AB_C|KC154A,KC155A",-1.329712,1.0365186,0,1
1AHW_AB_C|LC165A,0.9869364,0.45691043,0,1
1AHW_AB_C|NC188A,1.0782224,1.4065871,0,1
"1AHW_AB_C|TC110A,KC111A",0.6388569,1.2184392,0,1
1AHW_AB_C|TC156A,-0.07411996,0.571286,0,1
1AHW_AB_C|TC159A,1.105771,2.2903695,0,1
1AHW_AB_C|TC186A,1.345882,0.114135,0,1
1AHW_AB_C|VC187A,-0.31423107,0.0048619173,0,1
1AHW_AB_C|YC146A,-1.8890098,1.6754904,0,1
1BJ1_HL_VW|HH101Y,-1.5835956,-1.985564,0,1
"1BJ1_HL_VW|HH101Y,YH103I,GH104A,SH105K",-0.43125325,-0.1724892,0,1
"1BJ1_HL_VW|HH101Y,YH103R,GH104N,SH105T",-0.7626503,-0.49262244,0,1
"1BJ1_HL_VW|HH101Y,YH103R,SH105T",-1.173123,-1.2078023,0,1
1BJ1_HL_VW|HH107A,0.78965265,0.31869447,0,1
"1BJ1_HL_VW|LH72I,TH74K",0.076517485,0.9236718,0,1
"1BJ1_HL_VW|LH72V,TH74V",0.6706598,0.17907085,0,1
"1BJ1_HL_VW|ML4L,TH28D,NH31H,HH101Y,SH105T",-1.52138,-2.3034303,0,1
1BJ1_HL_VW|NH31H,-0.7626503,0.15758291,0,1
1BJ1_HL_VW|SH105T,-0.39039657,0.023240399,0,1
1BJ1_HL_VW|TH28D,-0.22003505,-0.2714128,0,1
"1BJ1_HL_VW|TH28D,NH31H",-0.6929008,-0.29213017,0,1
"1BJ1_HL_VW|TH28D,NH31H,YH54W,HH101Y,SH105T",-1.2034981,-1.1687737,0,1
1BJ1_HL_VW|TH59A,0.85066694,0.6073601,0,1
1BJ1_HL_VW|YH27A,2.2425284,1.152177,0,1
1BJ1_HL_VW|YH54A,1.3276595,0.56541175,0,1
1BJ1_HL_VW|YH54W,-0.13726985,0.27268577,0,1
1BJ1_HL_VW|YH99A,4.0,1.4238374,0,1
1DQJ_AB_C|DB32A,2.0134337,0.66258633,0,1
"1DQJ_AB_C|DB32A,KC97A",1.1223834,0.257361,0,1
1DQJ_AB_C|DC101A,1.3765504,1.529519,0,1
1DQJ_AB_C|KC96A,4.0,0.82631075,0,1
1DQJ_AB_C|KC97A,3.5197058,0.03669943,0,1
1DQJ_AB_C|LC75A,1.452407,1.0089023,0,1
1DQJ_AB_C|NA31A,2.0134337,1.6123114,0,1
1DQJ_AB_C|NA32A,4.0,1.4037799,0,1
"1DQJ_AB_C|NA32A,KC96A",4.0,2.295945,0,1
1DQJ_AB_C|NC93A,0.64987326,0.33713603,0,1
1DQJ_AB_C|RC21A,1.2137709,0.5072044,0,1
1DQJ_AB_C|SA91A,1.4318883,1.4012502,0,1
"1DQJ_AB_C|SA91A,RC21A",3.1707318,1.7935084,0,1
"1DQJ_AB_C|SA91A,YC20A",3.573092,2.322653,0,1
1DQJ_AB_C|SC100A,0.7755829,1.2222502,0,1
1DQJ_AB_C|TC89A,0.84084374,1.273112,0,1
1DQJ_AB_C|WB98A,4.0,2.1158485,0,1
"1DQJ_AB_C|WB98A,KC97A",4.0,0.6881296,0,1
"1DQJ_AB_C|WB98A,SC100A",4.0,3.712129,0,1
"1DQJ_AB_C|WB98A,YC20A",4.0,2.9594743,0,1
1DQJ_AB_C|WC62A,0.7580786,0.38876536,0,1
1DQJ_AB_C|WC63A,1.3462692,1.4070877,0,1
1DQJ_AB_C|YA50A,2.678299,1.2021202,0,1
1DQJ_AB_C|YA96A,1.135051,1.6261581,0,1
"1DQJ_AB_C|YA96A,RC21A",3.4851997,1.8500092,0,1
"1DQJ_AB_C|YA96A,SC100A",0.91344726,3.2676816,0,1
1DQJ_AB_C|YB33A,4.0,3.2954185,0,1
1DQJ_AB_C|YB50A,4.0,1.2501533,0,1
1DQJ_AB_C|YB53A,1.1802781,0.8708197,0,1
"1DQJ_AB_C|YB53A,DC101A",2.727121,1.9121745,0,1
"1DQJ_AB_C|YB53A,LC75A",1.2168618,1.518563,0,1
"1DQJ_AB_C|YB53A,WC62A",1.286308,0.44313815,0,1
"1DQJ_AB_C|YB53A,WC63A",2.1992323,1.8920646,0,1
1DQJ_AB_C|YC20A,3.2857084,1.2748574,0,1
1XGT_AB_C|LB33A,2.1988916,2.1442678,0,1
1XGT_AB_C|LB33F,-1.8617703,-2.1586142,0,1
1XGT_AB_C|LB33I,-0.061315425,-0.28492466,0,1
1XGT_AB_C|LB33V,1.0463123,1.270103,0,1
"3BDY_HL_V|DL28N,PL30A,RL31K,SL32T,TL97S,TL98S",-0.9690793,-1.5760233,0,1
"3BDY_HL_V|DL28N,PL30A,RL31K,SL32T,TL97S,TL98S,KH31S,DH32G,TH55S,NH56E,GH101V,DH103V",-2.7154896,-3.2469583,0,1
"3BDY_HL_V|DL28N,PL30A,RL31K,SL32T,TL97S,TL98S,KH31S,DH32G,TH55S,NH56E,GH101V,DH103V,RH51A,RH60A",-2.7728782,-3.0127912,0,1
"3BDY_HL_V|DL28N,PL30A,RL31K,SL32T,YL57F,TL97S,TL98S",-0.97316396,-1.4003745,0,1
"3BDY_HL_V|DL28N,PL30A,RL31K,SL32T,YL57F,TL97S,TL98S,KH31S,DH32G,TH55S,NH56E,GH101V,DH103V",-2.727121,-3.177859,0,1
3HFM_HL_Y|DH32A,1.8982269,0.4485738,0,1
"3HFM_HL_Y|DH32A,KY97A",4.0,-0.11316284,0,1
"3HFM_HL_Y|DH32A,KY97M",1.1234494,-0.01270384,0,1
3HFM_HL_Y|DH32N,0.17036153,0.19221286,0,1
"3HFM_HL_Y|DH32N,KY97A",4.0,-0.06668815,0,1
"3HFM_HL_Y|DH32N,KY97M",0.3025042,0.07704761,0,1
3HFM_HL_Y|DY101A,1.2081919,0.50041133,0,1
3HFM_HL_Y|DY101E,2.132881,0.3029127,0,1
3HFM_HL_Y|DY101F,2.3282614,0.22221707,0,1
3HFM_HL_Y|DY101G,0.35884774,0.35293558,0,1
3HFM_HL_Y|DY101K,2.1245396,0.65007234,0,1
3HFM_HL_Y|DY101N,1.4911126,0.39633167,0,1
3HFM_HL_Y|DY101Q,2.0851746,0.24661113,0,1
3HFM_HL_Y|DY101R,2.2798727,0.44163364,0,1
3HFM_HL_Y|DY101S,1.8694,0.15759447,0,1
3HFM_HL_Y|GY102V,0.395285,0.48475692,0,1
3HFM_HL_Y|HY15A,-0.4453172,0.18316329,0,1
3HFM_HL_Y|IY98A,0.0,0.5219586,0,1
3HFM_HL_Y|KY96A,4.0,0.73611695,0,1
3HFM_HL_Y|KY96M,4.0,0.13329941,0,1
3HFM_HL_Y|KY96R,4.0,-0.09511999,0,1
3HFM_HL_Y|KY97A,4.0,0.029140353,0,1
3HFM_HL_Y|KY97D,4.0,0.07414575,0,1
3HFM_HL_Y|KY97E,3.6045077,0.089274585,0,1
3HFM_HL_Y|KY97G,4.0,-0.052680787,0,1
3HFM_HL_Y|KY97M,0.9469717,0.11994204,0,1
3HFM_HL_Y|KY97R,3.0528512,0.01702128,0,1
3HFM_HL_Y|LY75A,0.70445603,0.22729139,0,1
3HFM_HL_Y|NL31A,4.0,0.9213116,0,1
"3HFM_HL_Y|NL31A,KY96A",4.0,2.023566,0,1
3HFM_HL_Y|NL31D,1.3434845,0.34757295,0,1
3HFM_HL_Y|NL31E,4.0,0.54651105,0,1
3HFM_HL_Y|NL32A,4.0,0.99114573,0,1
3HFM_HL_Y|NY19D,0.41047263,0.0046825167,0,1
3HFM_HL_Y|NY19K,0.2401111,0.4804452,0,1
3HFM_HL_Y|NY19Q,-0.042485796,-0.06465712,0,1
3HFM_HL_Y|NY93A,0.21121821,0.51756537,0,1
3HFM_HL_Y|QL53A,0.9530879,0.0071207155,0,1
3HFM_HL_Y|RY21A,0.8618019,0.76836777,0,1
3HFM_HL_Y|RY21E,2.4534352,0.08934575,0,1
3HFM_HL_Y|RY21G,2.4220753,0.3061386,0,1
3HFM_HL_Y|RY21H,2.1693182,-0.4309862,0,1
3HFM_HL_Y|RY21K,1.766342,0.7730718,0,1
3HFM_HL_Y|RY21M,2.0498905,0.45461184,0,1
3HFM_HL_Y|RY21N,2.3282614,0.32415527,0,1
3HFM_HL_Y|RY21Q,2.3975346,-0.40360156,0,1
3HFM_HL_Y|RY21W,2.132881,0.40077758,0,1
3HFM_HL_Y|RY73A,-0.3313971,0.4479526,0,1
3HFM_HL_Y|SH31A,0.17036153,0.2611846,0,1
3HFM_HL_Y|SY100A,0.26765963,0.65739137,0,1
3HFM_HL_Y|TY89A,0.0,1.2251952,0,1
3HFM_HL_Y|WH98A,4.0,1.3060361,0,1
"3HFM_HL_Y|WH98A,KY96A",4.0,1.8921521,0,1
3HFM_HL_Y|WH98F,3.245562,0.3606172,0,1
"3HFM_HL_Y|WH98F,YY20A",4.0,1.4882421,0,1
3HFM_HL_Y|WY63A,0.31918663,1.8284811,0,1
3HFM_HL_Y|YH33A,4.0,3.2276146,0,1
"3HFM_HL_Y|YH33A,KY97A",4.0,1.9364406,0,1
3HFM_HL_Y|YH33F,1.0712212,-0.33017063,0,1
3HFM_HL_Y|YH33L,2.0069382,1.0195305,0,1
3HFM_HL_Y|YH33W,1.7495645,1.0543575,0,1
3HFM_HL_Y|YH50A,4.0,1.4456415,0,1
"3HFM_HL_Y|YH50A,RY21A",4.0,2.2157803,0,1
3HFM_HL_Y|YH50F,1.6099914,0.36412144,0,1
3HFM_HL_Y|YH50L,2.8488367,0.75780874,0,1
3HFM_HL_Y|YH53A,3.25038,0.81744677,0,1
3HFM_HL_Y|YH53F,0.62049925,0.67536515,0,1
3HFM_HL_Y|YH53L,0.8068894,0.6770372,0,1
3HFM_HL_Y|YH53W,0.7061819,0.44484794,0,1
3HFM_HL_Y|YH58A,1.6760437,1.9387817,0,1
3HFM_HL_Y|YH58F,0.36312544,0.7811884,0,1
3HFM_HL_Y|YH58L,1.5136731,1.3957484,0,1
3HFM_HL_Y|YL50A,4.0,0.8914095,0,1
"3HFM_HL_Y|YL50A,KY96A",4.0,1.7497876,0,1
"3HFM_HL_Y|YL50A,KY97A",4.0,0.09560104,0,1
"3HFM_HL_Y|YL50A,RY21A",4.0,1.4444156,0,1
3HFM_HL_Y|YL50F,2.3548672,0.38488683,0,1
"3HFM_HL_Y|YL50F,RY21A",4.0,0.94063795,0,1
"3HFM_HL_Y|YL50F,YY20A",4.0,1.6198702,0,1
3HFM_HL_Y|YL50L,4.0,0.20985265,0,1
3HFM_HL_Y|YL96A,2.707045,1.8003021,0,1
"3HFM_HL_Y|YL96A,RY21A",4.0,2.3563828,0,1
3HFM_HL_Y|YL96F,1.4017794,0.60755515,0,1
"3HFM_HL_Y|YL96F,RY21A",4.0,1.458964,0,1
3HFM_HL_Y|YY20A,4.0,1.2185545,0,1
3HFM_HL_Y|YY20F,-0.4839681,0.26391226,0,1
3HFM_HL_Y|YY20L,2.1845057,1.0539416,0,1
3SE9_HL_G|DH77A,-0.7664817,0.20487618,0,1
3SE9_HL_G|EL90A,0.41735974,1.3904381,0,1
3SE9_HL_G|FL91A,0.023615688,0.41480023,0,1
3SE9_HL_G|GH106A,-0.3075798,0.31024182,0,1
3SE9_HL_G|GH107A,-0.6151596,0.25911045,0,1
3SE9_HL_G|GH109A,0.18514356,0.75061417,0,1
3SE9_HL_G|GH57A,0.4524448,0.3321595,0,1
3SE9_HL_G|GH62A,0.04634,0.84518397,0,1
3SE9_HL_G|GL29A,0.46369976,0.563856,0,1
3SE9_HL_G|LH34A,0.56599987,1.6812744,0,1
3SE9_HL_G|LL89A,0.964243,1.6463753,0,1
3SE9_HL_G|NH60A,1.5217615,1.9335327,0,1
3SE9_HL_G|PH64A,-0.4419396,0.19836007,0,1
3SE9_HL_G|RH67A,1.4695449,0.376388,0,1
3SE9_HL_G|RH74A,2.6792572,1.7044213,0,1
3SE9_HL_G|RH76A,-0.2322162,1.5246601,0,1
3SE9_HL_G|TH105A,-0.4419396,0.43217325,0,1
3SE9_HL_G|TH56A,-0.85929936,0.7886417,0,1
3SE9_HL_G|VH55A,-0.85929936,0.13745628,0,1
3SE9_HL_G|VH59A,0.9833596,1.6433964,0,1
3SE9_HL_G|VL3A,-0.49433115,0.12778515,0,1
3SE9_HL_G|WH48A,1.0584464,1.483905,0,1
3SE9_HL_G|WH51A,1.275695,1.6288807,0,1
3SE9_HL_G|YH104A,0.46369976,0.8052345,0,1
3SE9_HL_G|YL28A,1.1177194,0.5552404,0,1
4U6H_AB_E|NE21A,-0.3480795,0.6541718,0,1
4U6H_AB_E|QE25A,0.11883454,1.4877354,0,1
4ZS6_HL_A|EA156A,3.0386665,0.7862557,0,1
4ZS6_HL_A|YA160A,-0.11025046,2.563077,0,1
1AHW_AB_C|DC167A,-0.4845926,0.22574937,0,2
"1AHW_AB_C|KC138A,DC139A",1.1814722,0.27275696,0,2
"1AHW_AB_C|KC154A,KC155A",-1.329712,0.23332758,0,2
1AHW_AB_C|LC165A,0.9869364,0.24374233,0,2
1AHW_AB_C|NC188A,1.0782224,0.09552349,0,2
"1AHW_AB_C|TC110A,KC111A",0.6388569,0.29808208,0,2
1AHW_AB_C|TC156A,-0.07411996,0.084260866,0,2
1AHW_AB_C|TC159A,1.105771,0.2100648,0,2
1AHW_AB_C|TC186A,1.345882,0.046510667,0,2
1AHW_AB_C|VC187A,-0.31423107,0.11636944,0,2
1AHW_AB_C|YC146A,-1.8890098,0.24824762,0,2
1BJ1_HL_VW|HH101Y,-1.5835956,-0.16452426,0,2
"1BJ1_HL_VW|HH101Y,YH103I,GH104A,SH105K",-0.43125325,0.026171368,0,2
"1BJ1_HL_VW|HH101Y,YH103R,GH104N,SH105T",-0.7626503,0.13669685,0,2
"1BJ1_HL_VW|HH101Y,YH103R,SH105T",-1.173123,0.037029743,0,2
1BJ1_HL_VW|HH107A,0.78965265,0.083843194,0,2
"1BJ1_HL_VW|LH72I,TH74K",0.076517485,0.022165978,0,2
"1BJ1_HL_VW|LH72V,TH74V",0.6706598,-0.08645174,0,2
"1BJ1_HL_VW|ML4L,TH28D,NH31H,HH101Y,SH105T",-1.52138,-0.14890598,0,2
1BJ1_HL_VW|NH31H,-0.7626503,-0.078297555,0,2
1BJ1_HL_VW|SH105T,-0.39039657,-0.0030212011,0,2
1BJ1_HL_VW|TH28D,-0.22003505,-0.078679346,0,2
"1BJ1_HL_VW|TH28D,NH31H",-0.6929008,-0.093735114,0,2
"1BJ1_HL_VW|TH28D,NH31H,YH54W,HH101Y,SH105T",-1.2034981,-0.14482513,0,2
1BJ1_HL_VW|TH59A,0.85066694,0.045822285,0,2
1BJ1_HL_VW|YH27A,2.2425284,0.17079264,0,2
1BJ1_HL_VW|YH54A,1.3276595,0.3376432,0,2
1BJ1_HL_VW|YH54W,-0.13726985,0.08046378,0,2
1BJ1_HL_VW|YH99A,4.0,0.16517283,0,2
1DQJ_AB_C|DB32A,2.0134337,0.05427894,0,2
"1DQJ_AB_C|DB32A,KC97A",1.1223834,0.13790832,0,2
1DQJ_AB_C|DC101A,1.3765504,0.30777758,0,2
1DQJ_AB_C|KC96A,4.0,0.16144544,0,2
1DQJ_AB_C|KC97A,3.5197058,0.059809983,0,2
1DQJ_AB_C|LC75A,1.452407,0.29454046,0,2
1DQJ_AB_C|NA31A,2.0134337,0.06284841,0,2
1DQJ_AB_C|NA32A,4.0,0.2376048,0,2
"1DQJ_AB_C|NA32A,KC96A",4.0,0.43177906,0,2
1DQJ_AB_C|NC93A,0.64987326,0.07945027,0,2
1DQJ_AB_C|RC21A,1.2137709,0.15734455,0,2
1DQJ_AB_C|SA91A,1.4318883,-0.029974995,0,2
"1DQJ_AB_C|SA91A,RC21A",3.1707318,0.151803,0,2
"1DQJ_AB_C|SA91A,YC20A",3.573092,0.20735683,0,2
1DQJ_AB_C|SC100A,0.7755829,0.07512348,0,2
1DQJ_AB_C|TC89A,0.84084374,0.09453559,0,2
1DQJ_AB_C|WB98A,4.0,0.17833668,0,2
"1DQJ_AB_C|WB98A,KC97A",4.0,0.2438412,0,2
"1DQJ_AB_C|WB98A,SC100A",4.0,0.26920933,0,2
"1DQJ_AB_C|WB98A,YC20A",4.0,0.3120303,0,2
1DQJ_AB_C|WC62A,0.7580786,0.18201047,0,2
1DQJ_AB_C|WC63A,1.3462692,0.31325468,0,2
1DQJ_AB_C|YA50A,2.678299,0.3318816,0,2
1DQJ_AB_C|YA96A,1.135051,0.2529518,0,2
"1DQJ_AB_C|YA96A,RC21A",3.4851997,0.39547646,0,2
"1DQJ_AB_C|YA96A,SC100A",0.91344726,0.35425234,0,2
1DQJ_AB_C|YB33A,4.0,0.07338729,0,2
1DQJ_AB_C|YB50A,4.0,0.33696842,0,2
1DQJ_AB_C|YB53A,1.1802781,0.34084043,0,2
"1DQJ_AB_C|YB53A,DC101A",2.727121,0.5793984,0,2
"1DQJ_AB_C|YB53A,LC75A",1.2168618,0.691864,0,2
"1DQJ_AB_C|YB53A,WC62A",1.286308,0.45131555,0,2
"1DQJ_AB_C|YB53A,WC63A",2.1992323,0.52293366,0,2
1DQJ_AB_C|YC20A,3.2857084,0.17262246,0,2
1XGT_AB_C|LB33A,2.1988916,-0.027199568,0,2
1XGT_AB_C|LB33F,-1.8617703,-0.12442277,0,2
1XGT_AB_C|LB33I,-0.061315425,-0.05744884,0,2
1XGT_AB_C|LB33V,1.0463123,-0.008310569,0,2
"3BDY_HL_V|DL28N,PL30A,RL31K,SL32T,TL97S,TL98S",-0.9690793,0.29100397,0,2
"3BDY_HL_V|DL28N,PL30A,RL31K,SL32T,TL97S,TL98S,KH31S,DH32G,TH55S,NH56E,GH101V,DH103V",-2.7154896,-0.15101723,0,2
"3BDY_HL_V|DL28N,PL30A,RL31K,SL32T,TL97S,TL98S,KH31S,DH32G,TH55S,NH56E,GH101V,DH103V,RH51A,RH60A",-2.7728782,0.13848238,0,2
"3BDY_HL_V|DL28N,PL30A,RL31K,SL32T,YL57F,TL97S,TL98S",-0.97316396,0.41830495,0,2
"3BDY_HL_V|DL28N,PL30A,RL31K,SL32T,YL57F,TL97S,TL98S,KH31S,DH32G,TH55S,NH56E,GH101V,DH103V",-2.727121,-0.023917103,0,2
3HFM_HL_Y|DH32A,1.8982269,0.032860726,0,2
"3HFM_HL_Y|DH32A,KY97A",4.0,0.15073183,0,2
"3HFM_HL_Y|DH32A,KY97M",1.1234494,0.038948894,0,2
3HFM_HL_Y|DH32N,0.17036153,0.046226516,0,2
"3HFM_HL_Y|DH32N,KY97A",4.0,0.16275641,0,2
"3HFM_HL_Y|DH32N,KY97M",0.3025042,0.05922821,0,2
3HFM_HL_Y|DY101A,1.2081919,0.17585962,0,2
3HFM_HL_Y|DY101E,2.132881,0.05750151,0,2
3HFM_HL_Y|DY101F,2.3282614,0.07756633,0,2
3HFM_HL_Y|DY101G,0.35884774,-0.09759756,0,2
3HFM_HL_Y|DY101K,2.1245396,0.23872444,0,2
3HFM_HL_Y|DY101N,1.4911126,0.12037245,0,2
3HFM_HL_Y|DY101Q,2.0851746,0.12759705,0,2
3HFM_HL_Y|DY101R,2.2798727,0.21486373,0,2
3HFM_HL_Y|DY101S,1.8694,0.14811653,0,2
3HFM_HL_Y|GY102V,0.395285,0.14981794,0,2
3HFM_HL_Y|HY15A,-0.4453172,0.11293729,0,2
3HFM_HL_Y|IY98A,0.0,0.05570703,0,2
3HFM_HL_Y|KY96A,4.0,0.1053086,0,2
3HFM_HL_Y|KY96M,4.0,-0.011942042,0,2
3HFM_HL_Y|KY96R,4.0,0.008239344,0,2
3HFM_HL_Y|KY97A,4.0,0.08771205,0,2
3HFM_HL_Y|KY97D,4.0,0.0001831688,0,2
3HFM_HL_Y|KY97E,3.6045077,-0.04940737,0,2
3HFM_HL_Y|KY97G,4.0,-0.16356716,0,2
3HFM_HL_Y|KY97M,0.9469717,-0.012489378,0,2
3HFM_HL_Y|KY97R,3.0528512,-0.01684645,0,2
3HFM_HL_Y|LY75A,0.70445603,0.19236186,0,2
3HFM_HL_Y|NL31A,4.0,-0.0043278206,0,2
"3HFM_HL_Y|NL31A,KY96A",4.0,0.13136825,0,2
3HFM_HL_Y|NL31D,1.3434845,0.019000877,0,2
3HFM_HL_Y|NL31E,4.0,-0.050438806,0,2
3HFM_HL_Y|NL32A,4.0,0.16816914,0,2
3HFM_HL_Y|NY19D,0.41047263,0.03595145,0,2
3HFM_HL_Y|NY19K,0.2401111,0.10790691,0,2
3HFM_HL_Y|NY19Q,-0.042485796,0.03736216,0,2
3HFM_HL_Y|NY93A,0.21121821,0.06554281,0,2
3HFM_HL_Y|QL53A,0.9530879,0.19382866,0,2
3HFM_HL_Y|RY21A,0.8618019,0.13116983,0,2
3HFM_HL_Y|RY21E,2.4534352,0.07891229,0,2
3HFM_HL_Y|RY21G,2.4220753,-0.10116106,0,2
3HFM_HL_Y|RY21H,2.1693182,0.099535026,0,2
3HFM_HL_Y|RY21K,1.766342,0.09296118,0,2
3HFM_HL_Y|RY21M,2.0498905,0.05034835,0,2
3HFM_HL_Y|RY21N,2.3282614,0.11756187,0,2
3HFM_HL_Y|RY21Q,2.3975346,0.030491102,0,2
3HFM_HL_Y|RY21W,2.132881,0.052653074,0,2
3HFM_HL_Y|RY73A,-0.3313971,0.0964839,0,2
3HFM_HL_Y|SH31A,0.17036153,-0.10287878,0,2
3HFM_HL_Y|SY100A,0.26765963,0.09165998,0,2
3HFM_HL_Y|TY89A,0.0,0.057934634,0,2
3HFM_HL_Y|WH98A,4.0,0.14929265,0,2
"3HFM_HL_Y|WH98A,KY96A",4.0,0.28005424,0,2
3HFM_HL_Y|WH98F,3.245562,-0.0140686445,0,2
"3HFM_HL_Y|WH98F,YY20A",4.0,0.1591119,0,2
3HFM_HL_Y|WY63A,0.31918663,0.26454598,0,2
3HFM_HL_Y|YH33A,4.0,0.07373048,0,2
"3HFM_HL_Y|YH33A,KY97A",4.0,0.13615121,0,2
3HFM_HL_Y|YH33F,1.0712212,0.004161844,0,2
3HFM_HL_Y|YH33L,2.0069382,0.0167074,0,2
3HFM_HL_Y|YH33W,1.7495645,-0.008614587,0,2
3HFM_HL_Y|YH50A,4.0,0.23573956,0,2
"3HFM_HL_Y|YH50A,RY21A",4.0,0.36156657,0,2
3HFM_HL_Y|YH50F,1.6099914,0.09823773,0,2
3HFM_HL_Y|YH50L,2.8488367,0.14066693,0,2
3HFM_HL_Y|YH53A,3.25038,0.26082993,0,2
3HFM_HL_Y|YH53F,0.62049925,0.07503092,0,2
3HFM_HL_Y|YH53L,0.8068894,0.14164358,0,2
3HFM_HL_Y|YH53W,0.7061819,0.014511996,0,2
3HFM_HL_Y|YH58A,1.6760437,0.28652295,0,2
3HFM_HL_Y|YH58F,0.36312544,0.07675311,0,2
3HFM_HL_Y|YH58L,1.5136731,0.19338572,0,2
3HFM_HL_Y|YL50A,4.0,0.2720423,0,2
"3HFM_HL_Y|YL50A,KY96A",4.0,0.33773795,0,2
"3HFM_HL_Y|YL50A,KY97A",4.0,0.31224707,0,2
"3HFM_HL_Y|YL50A,RY21A",4.0,0.39713904,0,2
3HFM_HL_Y|YL50F,2.3548672,0.099618174,0,2
"3HFM_HL_Y|YL50F,RY21A",4.0,0.260026,0,2
"3HFM_HL_Y|YL50F,YY20A",4.0,0.24338883,0,2
3HFM_HL_Y|YL50L,4.0,0.19878441,0,2
3HFM_HL_Y|YL96A,2.707045,0.25085786,0,2
"3HFM_HL_Y|YL96A,RY21A",4.0,0.35260493,0,2
3HFM_HL_Y|YL96F,1.4017794,0.070843674,0,2
"3HFM_HL_Y|YL96F,RY21A",4.0,0.21533662,0,2
3HFM_HL_Y|YY20A,4.0,0.17723677,0,2
3HFM_HL_Y|YY20F,-0.4839681,-0.009573894,0,2
3HFM_HL_Y|YY20L,2.1845057,0.0959916,0,2
3SE9_HL_G|DH77A,-0.7664817,0.06777372,0,2
3SE9_HL_G|EL90A,0.41735974,0.11229705,0,2
3SE9_HL_G|FL91A,0.023615688,0.2578355,0,2
3SE9_HL_G|GH106A,-0.3075798,0.08023291,0,2
3SE9_HL_G|GH107A,-0.6151596,-0.0739712,0,2
3SE9_HL_G|GH109A,0.18514356,0.09456735,0,2
3SE9_HL_G|GH57A,0.4524448,0.025576452,0,2
3SE9_HL_G|GH62A,0.04634,0.09100925,0,2
3SE9_HL_G|GL29A,0.46369976,0.01086066,0,2
3SE9_HL_G|LH34A,0.56599987,0.15208887,0,2
3SE9_HL_G|LL89A,0.964243,0.3467554,0,2
3SE9_HL_G|NH60A,1.5217615,0.2926995,0,2
3SE9_HL_G|PH64A,-0.4419396,-0.10613748,0,2
3SE9_HL_G|RH67A,1.4695449,0.11407989,0,2
3SE9_HL_G|RH74A,2.6792572,0.07236398,0,2
3SE9_HL_G|RH76A,-0.2322162,0.13337508,0,2
3SE9_HL_G|TH105A,-0.4419396,-0.040733144,0,2
3SE9_HL_G|TH56A,-0.85929936,0.10839239,0,2
3SE9_HL_G|VH55A,-0.85929936,0.15096796,0,2
3SE9_HL_G|VH59A,0.9833596,0.36242443,0,2
3SE9_HL_G|VL3A,-0.49433115,0.11867027,0,2
3SE9_HL_G|WH48A,1.0584464,0.15759929,0,2
3SE9_HL_G|WH51A,1.275695,0.31647885,0,2
3SE9_HL_G|YH104A,0.46369976,0.31952295,0,2
3SE9_HL_G|YL28A,1.1177194,0.10392991,0,2
4U6H_AB_E|NE21A,-0.3480795,0.20817316,0,2
4U6H_AB_E|QE25A,0.11883454,0.23663904,0,2
4ZS6_HL_A|EA156A,3.0386665,0.21260242,0,2
4ZS6_HL_A|YA160A,-0.11025046,0.1649769,0,2
1AHW_AB_C|DC167A,-0.4845926,2.1774337,0,3
"1AHW_AB_C|KC138A,DC139A",1.1814722,1.1525066,0,3
"1AHW_AB_C|KC154A,KC155A",-1.329712,0.93370193,0,3
1AHW_AB_C|LC165A,0.9869364,0.6894813,0,3
1AHW_AB_C|NC188A,1.0782224,0.59914863,0,3
"1AHW_AB_C|TC110A,KC111A",0.6388569,0.43296582,0,3
1AHW_AB_C|TC156A,-0.07411996,1.1723133,0,3
1AHW_AB_C|TC159A,1.105771,1.4210339,0,3
1AHW_AB_C|TC186A,1.345882,0.58523816,0,3
1AHW_AB_C|VC187A,-0.31423107,0.15493208,0,3
1AHW_AB_C|YC146A,-1.8890098,2.0269148,0,3
1BJ1_HL_VW|HH101Y,-1.5835956,-1.4982314,0,3
"1BJ1_HL_VW|HH101Y,YH103I,GH104A,SH105K",-0.43125325,0.026975691,0,3
"1BJ1_HL_VW|HH101Y,YH103R,GH104N,SH105T",-0.7626503,0.08324642,0,3
"1BJ1_HL_VW|HH101Y,YH103R,SH105T",-1.173123,-0.43836868,0,3
1BJ1_HL_VW|HH107A,0.78965265,0.02188196,0,3
"1BJ1_HL_VW|LH72I,TH74K",0.076517485,0.9503442,0,3
"1BJ1_HL_VW|LH72V,TH74V",0.6706598,0.07947222,0,3
"1BJ1_HL_VW|ML4L,TH28D,NH31H,HH101Y,SH105T",-1.52138,-2.4025753,0,3
1BJ1_HL_VW|NH31H,-0.7626503,-0.41475898,0,3
1BJ1_HL_VW|SH105T,-0.39039657,0.07119351,0,3
1BJ1_HL_VW|TH28D,-0.22003505,-0.55455333,0,3
"1BJ1_HL_VW|TH28D,NH31H",-0.6929008,-1.2759981,0,3
"1BJ1_HL_VW|TH28D,NH31H,YH54W,HH101Y,SH105T",-1.2034981,-1.5663819,0,3
1BJ1_HL_VW|TH59A,0.85066694,1.3990463,0,3
1BJ1_HL_VW|YH27A,2.2425284,0.8300177,0,3
1BJ1_HL_VW|YH54A,1.3276595,0.67172635,0,3
1BJ1_HL_VW|YH54W,-0.13726985,0.2847734,0,3
1BJ1_HL_VW|YH99A,4.0,1.9291294,0,3
1DQJ_AB_C|DB32A,2.0134337,1.6959599,0,3
"1DQJ_AB_C|DB32A,KC97A",1.1223834,0.68461156,0,3
1DQJ_AB_C|DC101A,1.3765504,1.3896494,0,3
1DQJ_AB_C|KC96A,4.0,0.5379329,0,3
1DQJ_AB_C|KC97A,3.5197058,0.066232435,0,3
1DQJ_AB_C|LC75A,1.452407,0.7261488,0,3
1DQJ_AB_C|NA31A,2.0134337,1.1728284,0,3
1DQJ_AB_C|NA32A,4.0,1.671861,0,3
"1DQJ_AB_C|NA32A,KC96A",4.0,1.9980307,0,3
1DQJ_AB_C|NC93A,0.64987326,0.10983802,0,3
1DQJ_AB_C|RC21A,1.2137709,0.34138125,0,3
1DQJ_AB_C|SA91A,1.4318883,0.771939,0,3
"1DQJ_AB_C|SA91A,RC21A",3.1707318,0.631245,0,3
"1DQJ_AB_C|SA91A,YC20A",3.573092,1.5533903,0,3
1DQJ_AB_C|SC100A,0.7755829,1.14952,0,3
1DQJ_AB_C|TC89A,0.84084374,0.96873355,0,3
1DQJ_AB_C|WB98A,4.0,2.4578645,0,3
"1DQJ_AB_C|WB98A,KC97A",4.0,1.3699727,0,3
"1DQJ_AB_C|WB98A,SC100A",4.0,3.7863176,0,3
"1DQJ_AB_C|WB98A,YC20A",4.0,3.6365664,0,3
1DQJ_AB_C|WC62A,0.7580786,0.6129617,0,3
1DQJ_AB_C|WC63A,1.3462692,1.9495268,0,3
1DQJ_AB_C|YA50A,2.678299,1.4587747,0,3
1DQJ_AB_C|YA96A,1.135051,1.826165,0,3
"1DQJ_AB_C|YA96A,RC21A",3.4851997,1.1323377,0,3
"1DQJ_AB_C|YA96A,SC100A",0.91344726,2.961415,0,3
1DQJ_AB_C|YB33A,4.0,3.7620332,0,3
1DQJ_AB_C|YB50A,4.0,2.051404,0,3
1DQJ_AB_C|YB53A,1.1802781,0.85381657,0,3
"1DQJ_AB_C|YB53A,DC101A",2.727121,2.1243424,0,3
"1DQJ_AB_C|YB53A,LC75A",1.2168618,1.1391582,0,3
"1DQJ_AB_C|YB53A,WC62A",1.286308,0.7881693,0,3
"1DQJ_AB_C|YB53A,WC63A",2.1992323,2.1496034,0,3
1DQJ_AB_C|YC20A,3.2857084,1.2788024,0,3
1XGT_AB_C|LB33A,2.1988916,2.3509462,0,3
1XGT_AB_C|LB33F,-1.8617703,-1.9487895,0,3
1XGT_AB_C|LB33I,-0.061315425,0.11105407,0,3
1XGT_AB_C|LB33V,1.0463123,1.2597452,0,3
"3BDY_HL_V|DL28N,PL30A,RL31K,SL32T,TL97S,TL98S",-0.9690793,-1.4682666,0,3
"3BDY_HL_V|DL28N,PL30A,RL31K,SL32T,TL97S,TL98S,KH31S,DH32G,TH55S,NH56E,GH101V,DH103V",-2.7154896,-3.0575743,0,3
"3BDY_HL_V|DL28N,PL30A,RL31K,SL32T,TL97S,TL98S,KH31S,DH32G,TH55S,NH56E,GH101V,DH103V,RH51A,RH60A",-2.7728782,-3.3558302,0,3
"3BDY_HL_V|DL28N,PL30A,RL31K,SL32T,YL57F,TL97S,TL98S",-0.97316396,-1.1976014,0,3
"3BDY_HL_V|DL28N,PL30A,RL31K,SL32T,YL57F,TL97S,TL98S,KH31S,DH32G,TH55S,NH56E,GH101V,DH103V",-2.727121,-2.9992633,0,3
3HFM_HL_Y|DH32A,1.8982269,0.632066,0,3
"3HFM_HL_Y|DH32A,KY97A",4.0,0.14779702,0,3
"3HFM_HL_Y|DH32A,KY97M",1.1234494,0.15431938,0,3
3HFM_HL_Y|DH32N,0.17036153,0.22362584,0,3
"3HFM_HL_Y|DH32N,KY97A",4.0,0.05303333,0,3
"3HFM_HL_Y|DH32N,KY97M",0.3025042,0.028628156,0,3
3HFM_HL_Y|DY101A,1.2081919,0.9699415,0,3
3HFM_HL_Y|DY101E,2.132881,0.090358086,0,3
3HFM_HL_Y|DY101F,2.3282614,0.21764785,0,3
3HFM_HL_Y|DY101G,0.35884774,0.7341263,0,3
3HFM_HL_Y|DY101K,2.1245396,0.96500504,0,3
3HFM_HL_Y|DY101N,1.4911126,0.6925784,0,3
3HFM_HL_Y|DY101Q,2.0851746,0.2297189,0,3
3HFM_HL_Y|DY101R,2.2798727,0.6049844,0,3
3HFM_HL_Y|DY101S,1.8694,-0.010293726,0,3
3HFM_HL_Y|GY102V,0.395285,0.78767544,0,3
3HFM_HL_Y|HY15A,-0.4453172,0.6997512,0,3
3HFM_HL_Y|IY98A,0.0,0.2693802,0,3
3HFM_HL_Y|KY96A,4.0,0.5829387,0,3
3HFM_HL_Y|KY96M,4.0,0.24273905,0,3
3HFM_HL_Y|KY96R,4.0,-0.25507635,0,3
3HFM_HL_Y|KY97A,4.0,0.19482884,0,3
3HFM_HL_Y|KY97D,4.0,-0.03228064,0,3
3HFM_HL_Y|KY97E,3.6045077,-0.17401385,0,3
3HFM_HL_Y|KY97G,4.0,0.17845312,0,3
3HFM_HL_Y|KY97M,0.9469717,0.18197149,0,3
3HFM_HL_Y|KY97R,3.0528512,-0.18651271,0,3
3HFM_HL_Y|LY75A,0.70445603,0.25370082,0,3
3HFM_HL_Y|NL31A,4.0,1.1003289,0,3
"3HFM_HL_Y|NL31A,KY96A",4.0,1.8885618,0,3
3HFM_HL_Y|NL31D,1.3434845,-0.5209925,0,3
3HFM_HL_Y|NL31E,4.0,0.36932123,0,3
3HFM_HL_Y|NL32A,4.0,1.1118637,0,3
3HFM_HL_Y|NY19D,0.41047263,0.014618978,0,3
3HFM_HL_Y|NY19K,0.2401111,0.8882812,0,3
3HFM_HL_Y|NY19Q,-0.042485796,0.20584068,0,3
3HFM_HL_Y|NY93A,0.21121821,0.10786586,0,3
3HFM_HL_Y|QL53A,0.9530879,0.5669348,0,3
3HFM_HL_Y|RY21A,0.8618019,0.45615232,0,3
3HFM_HL_Y|RY21E,2.4534352,-0.09721173,0,3
3HFM_HL_Y|RY21G,2.4220753,0.38721067,0,3
3HFM_HL_Y|RY21H,2.1693182,-0.11975876,0,3
3HFM_HL_Y|RY21K,1.766342,0.57467186,0,3
3HFM_HL_Y|RY21M,2.0498905,0.498581,0,3
3HFM_HL_Y|RY21N,2.3282614,0.49238062,0,3
3HFM_HL_Y|RY21Q,2.3975346,-0.14770302,0,3
3HFM_HL_Y|RY21W,2.132881,0.525422,0,3
3HFM_HL_Y|RY73A,-0.3313971,0.4087919,0,3
3HFM_HL_Y|SH31A,0.17036153,0.7364828,0,3
3HFM_HL_Y|SY100A,0.26765963,0.9121312,0,3
3HFM_HL_Y|TY89A,0.0,0.8651402,0,3
3HFM_HL_Y|WH98A,4.0,2.055413,0,3
"3HFM_HL_Y|WH98A,KY96A",4.0,2.7368197,0,3
3HFM_HL_Y|WH98F,3.245562,0.51524806,0,3
"3HFM_HL_Y|WH98F,YY20A",4.0,2.2821171,0,3
3HFM_HL_Y|WY63A,0.31918663,1.9425193,0,3
3HFM_HL_Y|YH33A,4.0,3.008786,0,3
"3HFM_HL_Y|YH33A,KY97A",4.0,2.4902687,0,3
3HFM_HL_Y|YH33F,1.0712212,-0.1627314,0,3
3HFM_HL_Y|YH33L,2.0069382,1.3618231,0,3
3HFM_HL_Y|YH33W,1.7495645,1.0343565,0,3
3HFM_HL_Y|YH50A,4.0,2.371054,0,3
"3HFM_HL_Y|YH50A,RY21A",4.0,1.9044073,0,3
3HFM_HL_Y|YH50F,1.6099914,0.7485789,0,3
3HFM_HL_Y|YH50L,2.8488367,1.0328951,0,3
3HFM_HL_Y|YH53A,3.25038,0.8302252,0,3
3HFM_HL_Y|YH53F,0.62049925,0.46021116,0,3
3HFM_HL_Y|YH53L,0.8068894,0.57073116,0,3
3HFM_HL_Y|YH53W,0.7061819,0.28359118,0,3
3HFM_HL_Y|YH58A,1.6760437,2.1047368,0,3
3HFM_HL_Y|YH58F,0.36312544,1.0516171,0,3
3HFM_HL_Y|YH58L,1.5136731,1.405059,0,3
3HFM_HL_Y|YL50A,4.0,0.9827131,0,3
"3HFM_HL_Y|YL50A,KY96A",4.0,1.2673959,0,3
"3HFM_HL_Y|YL50A,KY97A",4.0,0.3354482,0,3
"3HFM_HL_Y|YL50A,RY21A",4.0,0.9011431,0,3
3HFM_HL_Y|YL50F,2.3548672,0.41925037,0,3
"3HFM_HL_Y|YL50F,RY21A",4.0,0.5806429,0,3
"3HFM_HL_Y|YL50F,YY20A",4.0,1.3173708,0,3
3HFM_HL_Y|YL50L,4.0,0.34207097,0,3
3HFM_HL_Y|YL96A,2.707045,1.5648508,0,3
"3HFM_HL_Y|YL96A,RY21A",4.0,1.1951419,0,3
3HFM_HL_Y|YL96F,1.4017794,1.1711342,0,3
"3HFM_HL_Y|YL96F,RY21A",4.0,1.0877687,0,3
3HFM_HL_Y|YY20A,4.0,1.4403406,0,3
3HFM_HL_Y|YY20F,-0.4839681,0.7305659,0,3
3HFM_HL_Y|YY20L,2.1845057,1.6564173,0,3
3SE9_HL_G|DH77A,-0.7664817,0.33985287,0,3
3SE9_HL_G|EL90A,0.41735974,1.2029628,0,3
3SE9_HL_G|FL91A,0.023615688,0.4601599,0,3
3SE9_HL_G|GH106A,-0.3075798,0.38296095,0,3
3SE9_HL_G|GH107A,-0.6151596,0.06393547,0,3
3SE9_HL_G|GH109A,0.18514356,0.80657977,0,3
3SE9_HL_G|GH57A,0.4524448,0.7989723,0,3
3SE9_HL_G|GH62A,0.04634,1.3067576,0,3
3SE9_HL_G|GL29A,0.46369976,0.7576883,0,3
3SE9_HL_G|LH34A,0.56599987,1.0115707,0,3
3SE9_HL_G|LL89A,0.964243,1.3596499,0,3
3SE9_HL_G|NH60A,1.5217615,1.5819397,0,3
3SE9_HL_G|PH64A,-0.4419396,0.10808591,0,3
3SE9_HL_G|RH67A,1.4695449,0.41904235,0,3
3SE9_HL_G|RH74A,2.6792572,1.492823,0,3
3SE9_HL_G|RH76A,-0.2322162,1.2019043,0,3
3SE9_HL_G|TH105A,-0.4419396,0.17154875,0,3
3SE9_HL_G|TH56A,-0.85929936,0.4866292,0,3
3SE9_HL_G|VH55A,-0.85929936,0.21461001,0,3
3SE9_HL_G|VH59A,0.9833596,1.79778,0,3
3SE9_HL_G|VL3A,-0.49433115,0.19110951,0,3
3SE9_HL_G|WH48A,1.0584464,1.4881706,0,3
3SE9_HL_G|WH51A,1.275695,2.0519974,0,3
3SE9_HL_G|YH104A,0.46369976,1.0759516,0,3
3SE9_HL_G|YL28A,1.1177194,1.2676909,0,3
4U6H_AB_E|NE21A,-0.3480795,0.5321563,0,3
4U6H_AB_E|QE25A,0.11883454,0.9793545,0,3
4ZS6_HL_A|EA156A,3.0386665,0.4956122,0,3
4ZS6_HL_A|YA160A,-0.11025046,3.3524919,0,3
1AHW_AB_C|DC167A,-0.4845926,1.5556018,0,4
"1AHW_AB_C|KC138A,DC139A",1.1814722,1.6001624,0,4
"1AHW_AB_C|KC154A,KC155A",-1.329712,1.9413077,0,4
1AHW_AB_C|LC165A,0.9869364,0.82326835,0,4
1AHW_AB_C|NC188A,1.0782224,1.1978348,0,4
"1AHW_AB_C|TC110A,KC111A",0.6388569,1.5112135,0,4
1AHW_AB_C|TC156A,-0.07411996,0.72020376,0,4
1AHW_AB_C|TC159A,1.105771,1.7881073,0,4
1AHW_AB_C|TC186A,1.345882,0.50172776,0,4
1AHW_AB_C|VC187A,-0.31423107,0.5930399,0,4
1AHW_AB_C|YC146A,-1.8890098,1.3348061,0,4
1BJ1_HL_VW|HH101Y,-1.5835956,-2.819296,0,4
"1BJ1_HL_VW|HH101Y,YH103I,GH104A,SH105K",-0.43125325,-0.6973191,0,4
"1BJ1_HL_VW|HH101Y,YH103R,GH104N,SH105T",-0.7626503,-1.7771368,0,4
"1BJ1_HL_VW|HH101Y,YH103R,SH105T",-1.173123,-2.0183883,0,4
1BJ1_HL_VW|HH107A,0.78965265,-0.07945169,0,4
"1BJ1_HL_VW|LH72I,TH74K",0.076517485,0.9150804,0,4
"1BJ1_HL_VW|LH72V,TH74V",0.6706598,-0.056993134,0,4
"1BJ1_HL_VW|ML4L,TH28D,NH31H,HH101Y,SH105T",-1.52138,-2.4688077,0,4
1BJ1_HL_VW|NH31H,-0.7626503,0.036276054,0,4
1BJ1_HL_VW|SH105T,-0.39039657,-0.23419344,0,4
1BJ1_HL_VW|TH28D,-0.22003505,0.069187626,0,4
"1BJ1_HL_VW|TH28D,NH31H",-0.6929008,-0.090365194,0,4
"1BJ1_HL_VW|TH28D,NH31H,YH54W,HH101Y,SH105T",-1.2034981,-1.7377499,0,4
1BJ1_HL_VW|TH59A,0.85066694,0.62789804,0,4
1BJ1_HL_VW|YH27A,2.2425284,0.40182245,0,4
1BJ1_HL_VW|YH54A,1.3276595,1.2566044,0,4
1BJ1_HL_VW|YH54W,-0.13726985,0.28496003,0,4
1BJ1_HL_VW|YH99A,4.0,1.2460743,0,4
1DQJ_AB_C|DB32A,2.0134337,1.1039242,0,4
"1DQJ_AB_C|DB32A,KC97A",1.1223834,0.4040861,0,4
1DQJ_AB_C|DC101A,1.3765504,1.9792192,0,4
1DQJ_AB_C|KC96A,4.0,1.7084473,0,4
1DQJ_AB_C|KC97A,3.5197058,-0.038402118,0,4
1DQJ_AB_C|LC75A,1.452407,0.36394694,0,4
1DQJ_AB_C|NA31A,2.0134337,0.37283388,0,4
1DQJ_AB_C|NA32A,4.0,0.96138144,0,4
"1DQJ_AB_C|NA32A,KC96A",4.0,1.9065092,0,4
1DQJ_AB_C|NC93A,0.64987326,0.25075817,0,4
1DQJ_AB_C|RC21A,1.2137709,0.5468588,0,4
1DQJ_AB_C|SA91A,1.4318883,0.39539462,0,4
"1DQJ_AB_C|SA91A,RC21A",3.1707318,0.86342096,0,4
"1DQJ_AB_C|SA91A,YC20A",3.573092,1.7322893,0,4
1DQJ_AB_C|SC100A,0.7755829,0.96141875,0,4
1DQJ_AB_C|TC89A,0.84084374,1.6819037,0,4
1DQJ_AB_C|WB98A,4.0,1.9583013,0,4
"1DQJ_AB_C|WB98A,KC97A",4.0,1.0685515,0,4
"1DQJ_AB_C|WB98A,SC100A",4.0,3.421758,0,4
"1DQJ_AB_C|WB98A,YC20A",4.0,2.913529,0,4
1DQJ_AB_C|WC62A,0.7580786,1.8187943,0,4
1DQJ_AB_C|WC63A,1.3462692,1.829502,0,4
1DQJ_AB_C|YA50A,2.678299,1.2542899,0,4
1DQJ_AB_C|YA96A,1.135051,2.0738635,0,4
"1DQJ_AB_C|YA96A,RC21A",3.4851997,2.1544716,0,4
"1DQJ_AB_C|YA96A,SC100A",0.91344726,3.054125,0,4
1DQJ_AB_C|YB33A,4.0,2.9764297,0,4
1DQJ_AB_C|YB50A,4.0,1.3922449,0,4
1DQJ_AB_C|YB53A,1.1802781,1.8541392,0,4
"1DQJ_AB_C|YB53A,DC101A",2.727121,4.2526174,0,4
"1DQJ_AB_C|YB53A,LC75A",1.2168618,2.005369,0,4
"1DQJ_AB_C|YB53A,WC62A",1.286308,4.3165126,0,4
"1DQJ_AB_C|YB53A,WC63A",2.1992323,3.6330574,0,4
1DQJ_AB_C|YC20A,3.2857084,0.98931813,0,4
1XGT_AB_C|LB33A,2.1988916,1.9477297,0,4
1XGT_AB_C|LB33F,-1.8617703,-1.892891,0,4
1XGT_AB_C|LB33I,-0.061315425,-0.17004713,0,4
1XGT_AB_C|LB33V,1.0463123,1.171523,0,4
"3BDY_HL_V|DL28N,PL30A,RL31K,SL32T,TL97S,TL98S",-0.9690793,-0.79554486,0,4
"3BDY_HL_V|DL28N,PL30A,RL31K,SL32T,TL97S,TL98S,KH31S,DH32G,TH55S,NH56E,GH101V,DH103V",-2.7154896,-2.674192,0,4
"3BDY_HL_V|DL28N,PL30A,RL31K,SL32T,TL97S,TL98S,KH31S,DH32G,TH55S,NH56E,GH101V,DH103V,RH51A,RH60A",-2.7728782,-2.545747,0,4
"3BDY_HL_V|DL28N,PL30A,RL31K,SL32T,YL57F,TL97S,TL98S",-0.97316396,-0.89685595,0,4
"3BDY_HL_V|DL28N,PL30A,RL31K,SL32T,YL57F,TL97S,TL98S,KH31S,DH32G,TH55S,NH56E,GH101V,DH103V",-2.727121,-2.8280513,0,4
3HFM_HL_Y|DH32A,1.8982269,0.24468249,0,4
"3HFM_HL_Y|DH32A,KY97A",4.0,-0.47561872,0,4
"3HFM_HL_Y|DH32A,KY97M",1.1234494,-0.37800336,0,4
3HFM_HL_Y|DH32N,0.17036153,0.11893426,0,4
"3HFM_HL_Y|DH32N,KY97A",4.0,-0.45927072,0,4
"3HFM_HL_Y|DH32N,KY97M",0.3025042,-0.35707247,0,4
3HFM_HL_Y|DY101A,1.2081919,1.1441587,0,4
3HFM_HL_Y|DY101E,2.132881,0.31136194,0,4
3HFM_HL_Y|DY101F,2.3282614,0.2723597,0,4
3HFM_HL_Y|DY101G,0.35884774,0.7535323,0,4
3HFM_HL_Y|DY101K,2.1245396,1.2381871,0,4
3HFM_HL_Y|DY101N,1.4911126,1.0489192,0,4
3HFM_HL_Y|DY101Q,2.0851746,0.16353856,0,4
3HFM_HL_Y|DY101R,2.2798727,1.0370165,0,4
3HFM_HL_Y|DY101S,1.8694,0.82190603,0,4
3HFM_HL_Y|GY102V,0.395285,0.23073739,0,4
3HFM_HL_Y|HY15A,-0.4453172,0.31048498,0,4
3HFM_HL_Y|IY98A,0.0,0.62106115,0,4
3HFM_HL_Y|KY96A,4.0,1.9900284,0,4
3HFM_HL_Y|KY96M,4.0,1.730637,0,4
3HFM_HL_Y|KY96R,4.0,0.8277188,0,4
3HFM_HL_Y|KY97A,4.0,0.01976578,0,4
3HFM_HL_Y|KY97D,4.0,-0.021613434,0,4
3HFM_HL_Y|KY97E,3.6045077,-0.012096323,0,4
3HFM_HL_Y|KY97G,4.0,0.05573775,0,4
3HFM_HL_Y|KY97M,0.9469717,0.15714541,0,4
3HFM_HL_Y|KY97R,3.0528512,-0.13518563,0,4
3HFM_HL_Y|LY75A,0.70445603,0.09351972,0,4
3HFM_HL_Y|NL31A,4.0,0.079063326,0,4
"3HFM_HL_Y|NL31A,KY96A",4.0,3.8677258,0,4
3HFM_HL_Y|NL31D,1.3434845,-0.19719201,0,4
3HFM_HL_Y|NL31E,4.0,-0.045248903,0,4
3HFM_HL_Y|NL32A,4.0,0.67601323,0,4
3HFM_HL_Y|NY19D,0.41047263,0.053636916,0,4
3HFM_HL_Y|NY19K,0.2401111,0.8293014,0,4
3HFM_HL_Y|NY19Q,-0.042485796,0.061201505,0,4
3HFM_HL_Y|NY93A,0.21121821,0.33078185,0,4
3HFM_HL_Y|QL53A,0.9530879,-0.037661098,0,4
3HFM_HL_Y|RY21A,0.8618019,0.6047216,0,4
3HFM_HL_Y|RY21E,2.4534352,0.1650474,0,4
3HFM_HL_Y|RY21G,2.4220753,0.25443932,0,4
3HFM_HL_Y|RY21H,2.1693182,-0.012737967,0,4
3HFM_HL_Y|RY21K,1.766342,0.2756857,0,4
3HFM_HL_Y|RY21M,2.0498905,0.72111505,0,4
3HFM_HL_Y|RY21N,2.3282614,0.42826977,0,4
3HFM_HL_Y|RY21Q,2.3975346,-0.2587424,0,4
3HFM_HL_Y|RY21W,2.132881,0.31924227,0,4
3HFM_HL_Y|RY73A,-0.3313971,0.2581077,0,4
3HFM_HL_Y|SH31A,0.17036153,0.25644916,0,4
3HFM_HL_Y|SY100A,0.26765963,0.7798712,0,4
3HFM_HL_Y|TY89A,0.0,1.6440895,0,4
3HFM_HL_Y|WH98A,4.0,2.142534,0,4
"3HFM_HL_Y|WH98A,KY96A",4.0,4.6256814,0,4
3HFM_HL_Y|WH98F,3.245562,0.67912346,0,4
"3HFM_HL_Y|WH98F,YY20A",4.0,3.094776,0,4
3HFM_HL_Y|WY63A,0.31918663,2.31757,0,4
3HFM_HL_Y|YH33A,4.0,3.342003,0,4
"3HFM_HL_Y|YH33A,KY97A",4.0,1.8659078,0,4
3HFM_HL_Y|YH33F,1.0712212,-1.2732301,0,4
3HFM_HL_Y|YH33L,2.0069382,0.88843066,0,4
3HFM_HL_Y|YH33W,1.7495645,0.9693758,0,4
3HFM_HL_Y|YH50A,4.0,1.5349433,0,4
"3HFM_HL_Y|YH50A,RY21A",4.0,2.3019803,0,4
3HFM_HL_Y|YH50F,1.6099914,0.25691056,0,4
3HFM_HL_Y|YH50L,2.8488367,0.44554996,0,4
3HFM_HL_Y|YH53A,3.25038,0.987342,0,4
3HFM_HL_Y|YH53F,0.62049925,0.35764962,0,4
3HFM_HL_Y|YH53L,0.8068894,0.55668414,0,4
3HFM_HL_Y|YH53W,0.7061819,0.064267226,0,4
3HFM_HL_Y|YH58A,1.6760437,1.4338722,0,4
3HFM_HL_Y|YH58F,0.36312544,0.4262474,0,4
3HFM_HL_Y|YH58L,1.5136731,0.8031025,0,4
3HFM_HL_Y|YL50A,4.0,1.112883,0,4
"3HFM_HL_Y|YL50A,KY96A",4.0,3.2922647,0,4
"3HFM_HL_Y|YL50A,KY97A",4.0,0.3757231,0,4
"3HFM_HL_Y|YL50A,RY21A",4.0,1.0183069,0,4
3HFM_HL_Y|YL50F,2.3548672,0.67027026,0,4
"3HFM_HL_Y|YL50F,RY21A",4.0,0.84727263,0,4
"3HFM_HL_Y|YL50F,YY20A",4.0,3.0644841,0,4
3HFM_HL_Y|YL50L,4.0,0.5620861,0,4
3HFM_HL_Y|YL96A,2.707045,2.3271356,0,4
"3HFM_HL_Y|YL96A,RY21A",4.0,2.352226,0,4
3HFM_HL_Y|YL96F,1.4017794,1.4578363,0,4
"3HFM_HL_Y|YL96F,RY21A",4.0,1.9504613,0,4
3HFM_HL_Y|YY20A,4.0,1.6156912,0,4
3HFM_HL_Y|YY20F,-0.4839681,0.06808445,0,4
3HFM_HL_Y|YY20L,2.1845057,1.1929765,0,4
3SE9_HL_G|DH77A,-0.7664817,0.032737687,0,4
3SE9_HL_G|EL90A,0.41735974,1.2092799,0,4
3SE9_HL_G|FL91A,0.023615688,0.19684137,0,4
3SE9_HL_G|GH106A,-0.3075798,0.38638273,0,4
3SE9_HL_G|GH107A,-0.6151596,0.165532,0,4
3SE9_HL_G|GH109A,0.18514356,0.77972007,0,4
3SE9_HL_G|GH57A,0.4524448,0.52590394,0,4
3SE9_HL_G|GH62A,0.04634,0.48764658,0,4
3SE9_HL_G|GL29A,0.46369976,0.38754815,0,4
3SE9_HL_G|LH34A,0.56599987,1.0287672,0,4
3SE9_HL_G|LL89A,0.964243,1.4501187,0,4
3SE9_HL_G|NH60A,1.5217615,1.6929872,0,4
3SE9_HL_G|PH64A,-0.4419396,0.25595972,0,4
3SE9_HL_G|RH67A,1.4695449,0.13626225,0,4
3SE9_HL_G|RH74A,2.6792572,1.7408816,0,4
3SE9_HL_G|RH76A,-0.2322162,1.2076082,0,4
3SE9_HL_G|TH105A,-0.4419396,0.38507307,0,4
3SE9_HL_G|TH56A,-0.85929936,0.1796155,0,4
3SE9_HL_G|VH55A,-0.85929936,-0.16131026,0,4
3SE9_HL_G|VH59A,0.9833596,1.343234,0,4
3SE9_HL_G|VL3A,-0.49433115,0.2409823,0,4
3SE9_HL_G|WH48A,1.0584464,0.78186786,0,4
3SE9_HL_G|WH51A,1.275695,1.5514548,0,4
3SE9_HL_G|YH104A,0.46369976,1.1221312,0,4
3SE9_HL_G|YL28A,1.1177194,0.5662741,0,4
4U6H_AB_E|NE21A,-0.3480795,1.1590568,0,4
4U6H_AB_E|QE25A,0.11883454,0.97595054,0,4
4ZS6_HL_A|EA156A,3.0386665,1.0087149,0,4
4ZS6_HL_A|YA160A,-0.11025046,4.67993,0,4
1AHW_AB_C|DC167A,-0.4845926,1.204321,0,5
"1AHW_AB_C|KC138A,DC139A",1.1814722,1.4824563,0,5
"1AHW_AB_C|KC154A,KC155A",-1.329712,1.7235898,0,5
1AHW_AB_C|LC165A,0.9869364,0.19154373,0,5
1AHW_AB_C|NC188A,1.0782224,1.2565451,0,5
"1AHW_AB_C|TC110A,KC111A",0.6388569,0.5218943,0,5
1AHW_AB_C|TC156A,-0.07411996,0.17210911,0,5
1AHW_AB_C|TC159A,1.105771,3.4377167,0,5
1AHW_AB_C|TC186A,1.345882,0.6178745,0,5
1AHW_AB_C|VC187A,-0.31423107,0.289775,0,5
1AHW_AB_C|YC146A,-1.8890098,2.027106,0,5
1BJ1_HL_VW|HH101Y,-1.5835956,-1.3238186,0,5
"1BJ1_HL_VW|HH101Y,YH103I,GH104A,SH105K",-0.43125325,0.29787308,0,5
"1BJ1_HL_VW|HH101Y,YH103R,GH104N,SH105T",-0.7626503,-0.04111906,0,5
"1BJ1_HL_VW|HH101Y,YH103R,SH105T",-1.173123,-0.9414182,0,5
1BJ1_HL_VW|HH107A,0.78965265,-0.11883534,0,5
"1BJ1_HL_VW|LH72I,TH74K",0.076517485,0.93425554,0,5
"1BJ1_HL_VW|LH72V,TH74V",0.6706598,0.050949953,0,5
"1BJ1_HL_VW|ML4L,TH28D,NH31H,HH101Y,SH105T",-1.52138,-2.0598166,0,5
1BJ1_HL_VW|NH31H,-0.7626503,-0.08059161,0,5
1BJ1_HL_VW|SH105T,-0.39039657,0.14945622,0,5
1BJ1_HL_VW|TH28D,-0.22003505,-0.23936614,0,5
"1BJ1_HL_VW|TH28D,NH31H",-0.6929008,-0.59248936,0,5
"1BJ1_HL_VW|TH28D,NH31H,YH54W,HH101Y,SH105T",-1.2034981,-1.6170876,0,5
1BJ1_HL_VW|TH59A,0.85066694,0.58557975,0,5
1BJ1_HL_VW|YH27A,2.2425284,0.7938582,0,5
1BJ1_HL_VW|YH54A,1.3276595,0.6429295,0,5
1BJ1_HL_VW|YH54W,-0.13726985,0.15936267,0,5
1BJ1_HL_VW|YH99A,4.0,0.2178973,0,5
1DQJ_AB_C|DB32A,2.0134337,0.34076533,0,5
"1DQJ_AB_C|DB32A,KC97A",1.1223834,0.010881253,0,5
1DQJ_AB_C|DC101A,1.3765504,1.7528803,0,5
1DQJ_AB_C|KC96A,4.0,1.1463944,0,5
1DQJ_AB_C|KC97A,3.5197058,-0.026493572,0,5
1DQJ_AB_C|LC75A,1.452407,0.86158484,0,5
1DQJ_AB_C|NA31A,2.0134337,1.2338963,0,5
1DQJ_AB_C|NA32A,4.0,1.1425369,0,5
"1DQJ_AB_C|NA32A,KC96A",4.0,2.2049358,0,5
1DQJ_AB_C|NC93A,0.64987326,0.036738485,0,5
1DQJ_AB_C|RC21A,1.2137709,0.46378338,0,5
1DQJ_AB_C|SA91A,1.4318883,0.08726366,0,5
"1DQJ_AB_C|SA91A,RC21A",3.1707318,0.4445294,0,5
"1DQJ_AB_C|SA91A,YC20A",3.573092,0.6659748,0,5
1DQJ_AB_C|SC100A,0.7755829,0.8355887,0,5
1DQJ_AB_C|TC89A,0.84084374,0.65218836,0,5
1DQJ_AB_C|WB98A,4.0,2.1969938,0,5
"1DQJ_AB_C|WB98A,KC97A",4.0,1.2241387,0,5
"1DQJ_AB_C|WB98A,SC100A",4.0,4.438024,0,5
"1DQJ_AB_C|WB98A,YC20A",4.0,3.813459,0,5
1DQJ_AB_C|WC62A,0.7580786,0.5024247,0,5
1DQJ_AB_C|WC63A,1.3462692,2.8328464,0,5
1DQJ_AB_C|YA50A,2.678299,1.4571878,0,5
1DQJ_AB_C|YA96A,1.135051,2.2223072,0,5
"1DQJ_AB_C|YA96A,RC21A",3.4851997,2.7448776,0,5
"1DQJ_AB_C|YA96A,SC100A",0.91344726,3.796334,0,5
1DQJ_AB_C|YB33A,4.0,2.9149654,0,5
1DQJ_AB_C|YB50A,4.0,1.1082864,0,5
1DQJ_AB_C|YB53A,1.1802781,0.90442574,0,5
"1DQJ_AB_C|YB53A,DC101A",2.727121,2.4679472,0,5
"1DQJ_AB_C|YB53A,LC75A",1.2168618,1.5151668,0,5
"1DQJ_AB_C|YB53A,WC62A",1.286308,0.72109413,0,5
"1DQJ_AB_C|YB53A,WC63A",2.1992323,3.8322172,0,5
1DQJ_AB_C|YC20A,3.2857084,0.9098611,0,5
1XGT_AB_C|LB33A,2.1988916,1.799462,0,5
1XGT_AB_C|LB33F,-1.8617703,-1.4181162,0,5
1XGT_AB_C|LB33I,-0.061315425,0.48564115,0,5
1XGT_AB_C|LB33V,1.0463123,1.1167446,0,5
"3BDY_HL_V|DL28N,PL30A,RL31K,SL32T,TL97S,TL98S",-0.9690793,-0.86843526,0,5
"3BDY_HL_V|DL28N,PL30A,RL31K,SL32T,TL97S,TL98S,KH31S,DH32G,TH55S,NH56E,GH101V,DH103V",-2.7154896,-2.6927385,0,5
"3BDY_HL_V|DL28N,PL30A,RL31K,SL32T,TL97S,TL98S,KH31S,DH32G,TH55S,NH56E,GH101V,DH103V,RH51A,RH60A",-2.7728782,-2.163882,0,5
"3BDY_HL_V|DL28N,PL30A,RL31K,SL32T,YL57F,TL97S,TL98S",-0.97316396,-0.7624238,0,5
"3BDY_HL_V|DL28N,PL30A,RL31K,SL32T,YL57F,TL97S,TL98S,KH31S,DH32G,TH55S,NH56E,GH101V,DH103V",-2.727121,-2.621062,0,5
3HFM_HL_Y|DH32A,1.8982269,0.20085156,0,5
"3HFM_HL_Y|DH32A,KY97A",4.0,-0.18766016,0,5
"3HFM_HL_Y|DH32A,KY97M",1.1234494,-0.4474808,0,5
3HFM_HL_Y|DH32N,0.17036153,0.0016673952,0,5
"3HFM_HL_Y|DH32N,KY97A",4.0,-0.044640504,0,5
"3HFM_HL_Y|DH32N,KY97M",0.3025042,-0.3304216,0,5
3HFM_HL_Y|DY101A,1.2081919,1.57364,0,5
3HFM_HL_Y|DY101E,2.132881,0.48160452,0,5
3HFM_HL_Y|DY101F,2.3282614,0.63617235,0,5
3HFM_HL_Y|DY101G,0.35884774,0.98653203,0,5
3HFM_HL_Y|DY101K,2.1245396,1.7558625,0,5
3HFM_HL_Y|DY101N,1.4911126,1.4905765,0,5
3HFM_HL_Y|DY101Q,2.0851746,0.7348412,0,5
3HFM_HL_Y|DY101R,2.2798727,1.3971361,0,5
3HFM_HL_Y|DY101S,1.8694,1.1545954,0,5
3HFM_HL_Y|GY102V,0.395285,0.566602,0,5
3HFM_HL_Y|HY15A,-0.4453172,-0.04070633,0,5
3HFM_HL_Y|IY98A,0.0,0.13254076,0,5
3HFM_HL_Y|KY96A,4.0,1.1054975,0,5
3HFM_HL_Y|KY96M,4.0,1.189788,0,5
3HFM_HL_Y|KY96R,4.0,0.6243057,0,5
3HFM_HL_Y|KY97A,4.0,-0.08951951,0,5
3HFM_HL_Y|KY97D,4.0,-0.08215577,0,5
3HFM_HL_Y|KY97E,3.6045077,-0.11164882,0,5
3HFM_HL_Y|KY97G,4.0,-0.16491571,0,5
3HFM_HL_Y|KY97M,0.9469717,-0.22987515,0,5
3HFM_HL_Y|KY97R,3.0528512,-0.12027306,0,5
3HFM_HL_Y|LY75A,0.70445603,0.24943715,0,5
3HFM_HL_Y|NL31A,4.0,0.5938468,0,5
"3HFM_HL_Y|NL31A,KY96A",4.0,2.409876,0,5
3HFM_HL_Y|NL31D,1.3434845,0.8513619,0,5
3HFM_HL_Y|NL31E,4.0,1.2000033,0,5
3HFM_HL_Y|NL32A,4.0,0.7739665,0,5
3HFM_HL_Y|NY19D,0.41047263,-0.340435,0,5
3HFM_HL_Y|NY19K,0.2401111,0.7315813,0,5
3HFM_HL_Y|NY19Q,-0.042485796,0.0983343,0,5
3HFM_HL_Y|NY93A,0.21121821,-0.045500897,0,5
3HFM_HL_Y|QL53A,0.9530879,0.029834695,0,5
3HFM_HL_Y|RY21A,0.8618019,0.48436287,0,5
3HFM_HL_Y|RY21E,2.4534352,-0.04384423,0,5
3HFM_HL_Y|RY21G,2.4220753,0.039493475,0,5
3HFM_HL_Y|RY21H,2.1693182,-0.43647337,0,5
3HFM_HL_Y|RY21K,1.766342,0.52513844,0,5
3HFM_HL_Y|RY21M,2.0498905,0.97711784,0,5
3HFM_HL_Y|RY21N,2.3282614,0.72424924,0,5
3HFM_HL_Y|RY21Q,2.3975346,-0.24829322,0,5
3HFM_HL_Y|RY21W,2.132881,0.24725273,0,5
3HFM_HL_Y|RY73A,-0.3313971,0.20030683,0,5
3HFM_HL_Y|SH31A,0.17036153,-0.029521689,0,5
3HFM_HL_Y|SY100A,0.26765963,0.74312645,0,5
3HFM_HL_Y|TY89A,0.0,0.5402626,0,5
3HFM_HL_Y|WH98A,4.0,1.5726745,0,5
"3HFM_HL_Y|WH98A,KY96A",4.0,2.429794,0,5
3HFM_HL_Y|WH98F,3.245562,1.3141485,0,5
"3HFM_HL_Y|WH98F,YY20A",4.0,3.2370455,0,5
3HFM_HL_Y|WY63A,0.31918663,3.0030055,0,5
3HFM_HL_Y|YH33A,4.0,3.0721376,0,5
"3HFM_HL_Y|YH33A,KY97A",4.0,0.6210756,0,5
3HFM_HL_Y|YH33F,1.0712212,-0.40169978,0,5
3HFM_HL_Y|YH33L,2.0069382,0.8400352,0,5
3HFM_HL_Y|YH33W,1.7495645,1.1845514,0,5
3HFM_HL_Y|YH50A,4.0,0.81334484,0,5
"3HFM_HL_Y|YH50A,RY21A",4.0,1.1841637,0,5
3HFM_HL_Y|YH50F,1.6099914,0.1990887,0,5
3HFM_HL_Y|YH50L,2.8488367,0.4385851,0,5
3HFM_HL_Y|YH53A,3.25038,0.37026334,0,5
3HFM_HL_Y|YH53F,0.62049925,0.23760897,0,5
3HFM_HL_Y|YH53L,0.8068894,0.23061353,0,5
3HFM_HL_Y|YH53W,0.7061819,0.0865366,0,5
3HFM_HL_Y|YH58A,1.6760437,1.615429,0,5
3HFM_HL_Y|YH58F,0.36312544,0.26175067,0,5
3HFM_HL_Y|YH58L,1.5136731,0.8517164,0,5
3HFM_HL_Y|YL50A,4.0,0.9742276,0,5
"3HFM_HL_Y|YL50A,KY96A",4.0,2.2609167,0,5
"3HFM_HL_Y|YL50A,KY97A",4.0,-0.3132881,0,5
"3HFM_HL_Y|YL50A,RY21A",4.0,1.3431598,0,5
3HFM_HL_Y|YL50F,2.3548672,0.2299974,0,5
"3HFM_HL_Y|YL50F,RY21A",4.0,0.7172601,0,5
"3HFM_HL_Y|YL50F,YY20A",4.0,1.2539825,0,5
3HFM_HL_Y|YL50L,4.0,-0.03373289,0,5
3HFM_HL_Y|YL96A,2.707045,1.8912156,0,5
"3HFM_HL_Y|YL96A,RY21A",4.0,2.259126,0,5
3HFM_HL_Y|YL96F,1.4017794,1.2465178,0,5
"3HFM_HL_Y|YL96F,RY21A",4.0,1.7260243,0,5
3HFM_HL_Y|YY20A,4.0,1.1025821,0,5
3HFM_HL_Y|YY20F,-0.4839681,0.30286494,0,5
3HFM_HL_Y|YY20L,2.1845057,1.051046,0,5
3SE9_HL_G|DH77A,-0.7664817,0.1239276,0,5
3SE9_HL_G|EL90A,0.41735974,0.98021287,0,5
3SE9_HL_G|FL91A,0.023615688,0.46875224,0,5
3SE9_HL_G|GH106A,-0.3075798,0.65053034,0,5
3SE9_HL_G|GH107A,-0.6151596,0.040340886,0,5
3SE9_HL_G|GH109A,0.18514356,0.6363267,0,5
3SE9_HL_G|GH57A,0.4524448,0.6227881,0,5
3SE9_HL_G|GH62A,0.04634,0.6099309,0,5
3SE9_HL_G|GL29A,0.46369976,0.38633657,0,5
3SE9_HL_G|LH34A,0.56599987,0.99880224,0,5
3SE9_HL_G|LL89A,0.964243,1.6613473,0,5
3SE9_HL_G|NH60A,1.5217615,2.388056,0,5
3SE9_HL_G|PH64A,-0.4419396,0.24836966,0,5
3SE9_HL_G|RH67A,1.4695449,0.29051217,0,5
3SE9_HL_G|RH74A,2.6792572,1.3030274,0,5
3SE9_HL_G|RH76A,-0.2322162,1.1894444,0,5
3SE9_HL_G|TH105A,-0.4419396,0.08047391,0,5
3SE9_HL_G|TH56A,-0.85929936,0.1720933,0,5
3SE9_HL_G|VH55A,-0.85929936,0.39215147,0,5
3SE9_HL_G|VH59A,0.9833596,1.8257692,0,5
3SE9_HL_G|VL3A,-0.49433115,0.18308055,0,5
3SE9_HL_G|WH48A,1.0584464,1.0804937,0,5
3SE9_HL_G|WH51A,1.275695,1.730158,0,5
3SE9_HL_G|YH104A,0.46369976,0.2722051,0,5
3SE9_HL_G|YL28A,1.1177194,0.41407734,0,5
4U6H_AB_E|NE21A,-0.3480795,1.2825749,0,5
4U6H_AB_E|QE25A,0.11883454,0.27161288,0,5
4ZS6_HL_A|EA156A,3.0386665,0.3962967,0,5
4ZS6_HL_A|YA160A,-0.11025046,1.9911758,0,5
1AHW_AB_C|DC167A,-0.4845926,1.3069755,0,6
"1AHW_AB_C|KC138A,DC139A",1.1814722,1.4196284,0,6
"1AHW_AB_C|KC154A,KC155A",-1.329712,1.374205,0,6
1AHW_AB_C|LC165A,0.9869364,0.90228367,0,6
1AHW_AB_C|NC188A,1.0782224,1.4920367,0,6
"1AHW_AB_C|TC110A,KC111A",0.6388569,1.6476969,0,6
1AHW_AB_C|TC156A,-0.07411996,1.1937618,0,6
1AHW_AB_C|TC159A,1.105771,1.1488091,0,6
1AHW_AB_C|TC186A,1.345882,0.7389997,0,6
1AHW_AB_C|VC187A,-0.31423107,0.8825879,0,6
1AHW_AB_C|YC146A,-1.8890098,0.8401824,0,6
1BJ1_HL_VW|HH101Y,-1.5835956,-0.30569696,0,6
"1BJ1_HL_VW|HH101Y,YH103I,GH104A,SH105K",-0.43125325,0.6760328,0,6
"1BJ1_HL_VW|HH101Y,YH103R,GH104N,SH105T",-0.7626503,0.79652333,0,6
"1BJ1_HL_VW|HH101Y,YH103R,SH105T",-1.173123,0.38235566,0,6
1BJ1_HL_VW|HH107A,0.78965265,0.5428946,0,6
"1BJ1_HL_VW|LH72I,TH74K",0.076517485,-0.031568825,0,6
"1BJ1_HL_VW|LH72V,TH74V",0.6706598,-0.28747582,0,6
"1BJ1_HL_VW|ML4L,TH28D,NH31H,HH101Y,SH105T",-1.52138,-0.8042766,0,6
1BJ1_HL_VW|NH31H,-0.7626503,-0.4433276,0,6
1BJ1_HL_VW|SH105T,-0.39039657,0.42644212,0,6
1BJ1_HL_VW|TH28D,-0.22003505,-0.09438808,0,6
"1BJ1_HL_VW|TH28D,NH31H",-0.6929008,-0.7136185,0,6
"1BJ1_HL_VW|TH28D,NH31H,YH54W,HH101Y,SH105T",-1.2034981,-0.7441857,0,6
1BJ1_HL_VW|TH59A,0.85066694,0.21987066,0,6
1BJ1_HL_VW|YH27A,2.2425284,0.6391692,0,6
1BJ1_HL_VW|YH54A,1.3276595,1.0754386,0,6
1BJ1_HL_VW|YH54W,-0.13726985,-0.09967,0,6
1BJ1_HL_VW|YH99A,4.0,0.6632285,0,6
1DQJ_AB_C|DB32A,2.0134337,0.68323994,0,6
"1DQJ_AB_C|DB32A,KC97A",1.1223834,1.2597427,0,6
1DQJ_AB_C|DC101A,1.3765504,0.92113066,0,6
1DQJ_AB_C|KC96A,4.0,0.77641153,0,6
1DQJ_AB_C|KC97A,3.5197058,0.62746453,0,6
1DQJ_AB_C|LC75A,1.452407,0.9375316,0,6
1DQJ_AB_C|NA31A,2.0134337,0.21565777,0,6
1DQJ_AB_C|NA32A,4.0,0.72791207,0,6
"1DQJ_AB_C|NA32A,KC96A",4.0,1.2847829,0,6
1DQJ_AB_C|NC93A,0.64987326,0.92547035,0,6
1DQJ_AB_C|RC21A,1.2137709,0.5254631,0,6
1DQJ_AB_C|SA91A,1.4318883,0.3382663,0,6
"1DQJ_AB_C|SA91A,RC21A",3.1707318,0.63731194,0,6
"1DQJ_AB_C|SA91A,YC20A",3.573092,1.0015247,0,6
1DQJ_AB_C|SC100A,0.7755829,0.6345242,0,6
1DQJ_AB_C|TC89A,0.84084374,0.6581049,0,6
1DQJ_AB_C|WB98A,4.0,0.7481502,0,6
"1DQJ_AB_C|WB98A,KC97A",4.0,1.2914467,0,6
"1DQJ_AB_C|WB98A,SC100A",4.0,1.2687542,0,6
"1DQJ_AB_C|WB98A,YC20A",4.0,1.4253728,0,6
1DQJ_AB_C|WC62A,0.7580786,0.9795724,0,6
1DQJ_AB_C|WC63A,1.3462692,1.0736145,0,6
1DQJ_AB_C|YA50A,2.678299,0.8633317,0,6
1DQJ_AB_C|YA96A,1.135051,0.72220194,0,6
"1DQJ_AB_C|YA96A,RC21A",3.4851997,1.0778698,0,6
"1DQJ_AB_C|YA96A,SC100A",0.91344726,1.1595826,0,6
1DQJ_AB_C|YB33A,4.0,0.9557662,0,6
1DQJ_AB_C|YB50A,4.0,0.68252456,0,6
1DQJ_AB_C|YB53A,1.1802781,1.106599,0,6
"1DQJ_AB_C|YB53A,DC101A",2.727121,2.0744405,0,6
"1DQJ_AB_C|YB53A,LC75A",1.2168618,2.0448852,0,6
"1DQJ_AB_C|YB53A,WC62A",1.286308,1.9093124,0,6
"1DQJ_AB_C|YB53A,WC63A",2.1992323,1.9201951,0,6
1DQJ_AB_C|YC20A,3.2857084,0.8031801,0,6
1XGT_AB_C|LB33A,2.1988916,0.7068715,0,6
1XGT_AB_C|LB33F,-1.8617703,-0.10520187,0,6
1XGT_AB_C|LB33I,-0.061315425,0.14753467,0,6
1XGT_AB_C|LB33V,1.0463123,0.1786305,0,6
"3BDY_HL_V|DL28N,PL30A,RL31K,SL32T,TL97S,TL98S",-0.9690793,-0.29402116,0,6
"3BDY_HL_V|DL28N,PL30A,RL31K,SL32T,TL97S,TL98S,KH31S,DH32G,TH55S,NH56E,GH101V,DH103V",-2.7154896,-2.4596033,0,6
"3BDY_HL_V|DL28N,PL30A,RL31K,SL32T,TL97S,TL98S,KH31S,DH32G,TH55S,NH56E,GH101V,DH103V,RH51A,RH60A",-2.7728782,-2.4370785,0,6
"3BDY_HL_V|DL28N,PL30A,RL31K,SL32T,YL57F,TL97S,TL98S",-0.97316396,-0.45172897,0,6
"3BDY_HL_V|DL28N,PL30A,RL31K,SL32T,YL57F,TL97S,TL98S,KH31S,DH32G,TH55S,NH56E,GH101V,DH103V",-2.727121,-2.6701407,0,6
3HFM_HL_Y|DH32A,1.8982269,0.67010295,0,6
"3HFM_HL_Y|DH32A,KY97A",4.0,1.4298536,0,6
"3HFM_HL_Y|DH32A,KY97M",1.1234494,1.0722308,0,6
3HFM_HL_Y|DH32N,0.17036153,0.32415122,0,6
"3HFM_HL_Y|DH32N,KY97A",4.0,1.1584225,0,6
"3HFM_HL_Y|DH32N,KY97M",0.3025042,0.8044324,0,6
3HFM_HL_Y|DY101A,1.2081919,0.8604325,0,6
3HFM_HL_Y|DY101E,2.132881,0.31435814,0,6
3HFM_HL_Y|DY101F,2.3282614,-0.06957774,0,6
3HFM_HL_Y|DY101G,0.35884774,0.19550568,0,6
3HFM_HL_Y|DY101K,2.1245396,0.38196108,0,6
3HFM_HL_Y|DY101N,1.4911126,0.21494445,0,6
3HFM_HL_Y|DY101Q,2.0851746,-0.054288376,0,6
3HFM_HL_Y|DY101R,2.2798727,0.28225523,0,6
3HFM_HL_Y|DY101S,1.8694,0.2167381,0,6
3HFM_HL_Y|GY102V,0.395285,0.28513893,0,6
3HFM_HL_Y|HY15A,-0.4453172,0.69228065,0,6
3HFM_HL_Y|IY98A,0.0,0.59189403,0,6
3HFM_HL_Y|KY96A,4.0,0.78231466,0,6
3HFM_HL_Y|KY96M,4.0,0.32963032,0,6
3HFM_HL_Y|KY96R,4.0,0.11355539,0,6
3HFM_HL_Y|KY97A,4.0,0.68007016,0,6
3HFM_HL_Y|KY97D,4.0,0.04905477,0,6
3HFM_HL_Y|KY97E,3.6045077,0.1846917,0,6
3HFM_HL_Y|KY97G,4.0,-0.004470594,0,6
3HFM_HL_Y|KY97M,0.9469717,0.30647036,0,6
3HFM_HL_Y|KY97R,3.0528512,0.004708335,0,6
3HFM_HL_Y|LY75A,0.70445603,0.80276656,0,6
3HFM_HL_Y|NL31A,4.0,0.22730222,0,6
"3HFM_HL_Y|NL31A,KY96A",4.0,0.85745335,0,6
3HFM_HL_Y|NL31D,1.3434845,-0.12487202,0,6
3HFM_HL_Y|NL31E,4.0,-0.16825858,0,6
3HFM_HL_Y|NL32A,4.0,0.78299975,0,6
3HFM_HL_Y|NY19D,0.41047263,0.047772527,0,6
3HFM_HL_Y|NY19K,0.2401111,0.16781782,0,6
3HFM_HL_Y|NY19Q,-0.042485796,-0.063051835,0,6
3HFM_HL_Y|NY93A,0.21121821,0.83761024,0,6
3HFM_HL_Y|QL53A,0.9530879,0.65732443,0,6
3HFM_HL_Y|RY21A,0.8618019,0.614596,0,6
3HFM_HL_Y|RY21E,2.4534352,0.14936322,0,6
3HFM_HL_Y|RY21G,2.4220753,0.06471114,0,6
3HFM_HL_Y|RY21H,2.1693182,0.10343452,0,6
3HFM_HL_Y|RY21K,1.766342,0.19511318,0,6
3HFM_HL_Y|RY21M,2.0498905,0.325781,0,6
3HFM_HL_Y|RY21N,2.3282614,0.23699045,0,6
3HFM_HL_Y|RY21Q,2.3975346,-0.21507205,0,6
3HFM_HL_Y|RY21W,2.132881,-0.043289393,0,6
3HFM_HL_Y|RY73A,-0.3313971,0.60005057,0,6
3HFM_HL_Y|SH31A,0.17036153,0.37216902,0,6
3HFM_HL_Y|SY100A,0.26765963,0.74062014,0,6
3HFM_HL_Y|TY89A,0.0,0.5812323,0,6
3HFM_HL_Y|WH98A,4.0,0.72884643,0,6
"3HFM_HL_Y|WH98A,KY96A",4.0,1.4220499,0,6
3HFM_HL_Y|WH98F,3.245562,0.10891914,0,6
"3HFM_HL_Y|WH98F,YY20A",4.0,0.8897556,0,6
3HFM_HL_Y|WY63A,0.31918663,1.1500193,0,6
3HFM_HL_Y|YH33A,4.0,0.9152217,0,6
"3HFM_HL_Y|YH33A,KY97A",4.0,1.5779438,0,6
3HFM_HL_Y|YH33F,1.0712212,0.099645734,0,6
3HFM_HL_Y|YH33L,2.0069382,0.27198604,0,6
3HFM_HL_Y|YH33W,1.7495645,0.116594195,0,6
3HFM_HL_Y|YH50A,4.0,0.7576958,0,6
"3HFM_HL_Y|YH50A,RY21A",4.0,1.1934205,0,6
3HFM_HL_Y|YH50F,1.6099914,0.08559671,0,6
3HFM_HL_Y|YH50L,2.8488367,0.21902916,0,6
3HFM_HL_Y|YH53A,3.25038,1.0657794,0,6
3HFM_HL_Y|YH53F,0.62049925,0.22707567,0,6
3HFM_HL_Y|YH53L,0.8068894,0.4005599,0,6
3HFM_HL_Y|YH53W,0.7061819,-0.06966365,0,6
3HFM_HL_Y|YH58A,1.6760437,1.1418694,0,6
3HFM_HL_Y|YH58F,0.36312544,0.053376287,0,6
3HFM_HL_Y|YH58L,1.5136731,0.34453446,0,6
3HFM_HL_Y|YL50A,4.0,0.81114376,0,6
"3HFM_HL_Y|YL50A,KY96A",4.0,1.5142224,0,6
"3HFM_HL_Y|YL50A,KY97A",4.0,1.4285204,0,6
"3HFM_HL_Y|YL50A,RY21A",4.0,1.2828871,0,6
3HFM_HL_Y|YL50F,2.3548672,0.114865676,0,6
"3HFM_HL_Y|YL50F,RY21A",4.0,0.6058866,0,6
"3HFM_HL_Y|YL50F,YY20A",4.0,0.9148998,0,6
3HFM_HL_Y|YL50L,4.0,0.30451956,0,6
3HFM_HL_Y|YL96A,2.707045,0.7467153,0,6
"3HFM_HL_Y|YL96A,RY21A",4.0,1.1843023,0,6
3HFM_HL_Y|YL96F,1.4017794,0.22682905,0,6
"3HFM_HL_Y|YL96F,RY21A",4.0,0.695817,0,6
3HFM_HL_Y|YY20A,4.0,0.8686,0,6
3HFM_HL_Y|YY20F,-0.4839681,-0.033764787,0,6
3HFM_HL_Y|YY20L,2.1845057,0.46188667,0,6
3SE9_HL_G|DH77A,-0.7664817,0.5758852,0,6
3SE9_HL_G|EL90A,0.41735974,0.6257452,0,6
3SE9_HL_G|FL91A,0.023615688,0.57624817,0,6
3SE9_HL_G|GH106A,-0.3075798,0.5999327,0,6
3SE9_HL_G|GH107A,-0.6151596,0.40101996,0,6
3SE9_HL_G|GH109A,0.18514356,0.46427396,0,6
3SE9_HL_G|GH57A,0.4524448,0.6155646,0,6
3SE9_HL_G|GH62A,0.04634,0.44851574,0,6
3SE9_HL_G|GL29A,0.46369976,0.47134885,0,6
3SE9_HL_G|LH34A,0.56599987,0.6971618,0,6
3SE9_HL_G|LL89A,0.964243,0.9429326,0,6
3SE9_HL_G|NH60A,1.5217615,0.6281178,0,6
3SE9_HL_G|PH64A,-0.4419396,0.41904116,0,6
3SE9_HL_G|RH67A,1.4695449,0.41380608,0,6
3SE9_HL_G|RH74A,2.6792572,0.30139637,0,6
3SE9_HL_G|RH76A,-0.2322162,0.5024514,0,6
3SE9_HL_G|TH105A,-0.4419396,0.27578655,0,6
3SE9_HL_G|TH56A,-0.85929936,0.25245884,0,6
3SE9_HL_G|VH55A,-0.85929936,0.99027944,0,6
3SE9_HL_G|VH59A,0.9833596,1.0900776,0,6
3SE9_HL_G|VL3A,-0.49433115,0.7242708,0,6
3SE9_HL_G|WH48A,1.0584464,0.663949,0,6
3SE9_HL_G|WH51A,1.275695,0.7394036,0,6
3SE9_HL_G|YH104A,0.46369976,0.8270688,0,6
3SE9_HL_G|YL28A,1.1177194,0.73326445,0,6
4U6H_AB_E|NE21A,-0.3480795,1.0490371,0,6
4U6H_AB_E|QE25A,0.11883454,1.4866003,0,6
4ZS6_HL_A|EA156A,3.0386665,0.44544992,0,6
4ZS6_HL_A|YA160A,-0.11025046,1.1297863,0,6
1AHW_AB_C|DC167A,-0.4845926,1.199965,0,7
"1AHW_AB_C|KC138A,DC139A",1.1814722,1.1991841,0,7
"1AHW_AB_C|KC154A,KC155A",-1.329712,1.7270545,0,7
1AHW_AB_C|LC165A,0.9869364,1.4934609,0,7
1AHW_AB_C|NC188A,1.0782224,0.6678481,0,7
"1AHW_AB_C|TC110A,KC111A",0.6388569,0.46476123,0,7
1AHW_AB_C|TC156A,-0.07411996,0.56251764,0,7
1AHW_AB_C|TC159A,1.105771,1.2604283,0,7
1AHW_AB_C|TC186A,1.345882,0.16347177,0,7
1AHW_AB_C|VC187A,-0.31423107,0.37425417,0,7
1AHW_AB_C|YC146A,-1.8890098,2.0338922,0,7
1BJ1_HL_VW|HH101Y,-1.5835956,-1.935309,0,7
"1BJ1_HL_VW|HH101Y,YH103I,GH104A,SH105K",-0.43125325,0.13993423,0,7
"1BJ1_HL_VW|HH101Y,YH103R,GH104N,SH105T",-0.7626503,-1.0244782,0,7
"1BJ1_HL_VW|HH101Y,YH103R,SH105T",-1.173123,-1.7021279,0,7
1BJ1_HL_VW|HH107A,0.78965265,0.28706047,0,7
"1BJ1_HL_VW|LH72I,TH74K",0.076517485,1.2885864,0,7
"1BJ1_HL_VW|LH72V,TH74V",0.6706598,-0.12674102,0,7
"1BJ1_HL_VW|ML4L,TH28D,NH31H,HH101Y,SH105T",-1.52138,-2.4437997,0,7
1BJ1_HL_VW|NH31H,-0.7626503,0.08970474,0,7
1BJ1_HL_VW|SH105T,-0.39039657,-0.06391671,0,7
1BJ1_HL_VW|TH28D,-0.22003505,-0.17555635,0,7
"1BJ1_HL_VW|TH28D,NH31H",-0.6929008,-0.16930918,0,7
"1BJ1_HL_VW|TH28D,NH31H,YH54W,HH101Y,SH105T",-1.2034981,-1.716677,0,7
1BJ1_HL_VW|TH59A,0.85066694,0.37339595,0,7
1BJ1_HL_VW|YH27A,2.2425284,0.73449624,0,7
1BJ1_HL_VW|YH54A,1.3276595,0.4097315,0,7
1BJ1_HL_VW|YH54W,-0.13726985,-0.009226307,0,7
1BJ1_HL_VW|YH99A,4.0,0.64442796,0,7
1DQJ_AB_C|DB32A,2.0134337,0.75423133,0,7
"1DQJ_AB_C|DB32A,KC97A",1.1223834,0.6152507,0,7
1DQJ_AB_C|DC101A,1.3765504,1.1247443,0,7
1DQJ_AB_C|KC96A,4.0,0.5960978,0,7
1DQJ_AB_C|KC97A,3.5197058,0.30607793,0,7
1DQJ_AB_C|LC75A,1.452407,0.77981997,0,7
1DQJ_AB_C|NA31A,2.0134337,1.747099,0,7
1DQJ_AB_C|NA32A,4.0,1.0124302,0,7
"1DQJ_AB_C|NA32A,KC96A",4.0,1.6254485,0,7
1DQJ_AB_C|NC93A,0.64987326,0.029615104,0,7
1DQJ_AB_C|RC21A,1.2137709,0.22630942,0,7
1DQJ_AB_C|SA91A,1.4318883,0.47784767,0,7
"1DQJ_AB_C|SA91A,RC21A",3.1707318,0.7145585,0,7
"1DQJ_AB_C|SA91A,YC20A",3.573092,1.9975097,0,7
1DQJ_AB_C|SC100A,0.7755829,0.5763685,0,7
1DQJ_AB_C|TC89A,0.84084374,0.3200001,0,7
1DQJ_AB_C|WB98A,4.0,1.5168868,0,7
"1DQJ_AB_C|WB98A,KC97A",4.0,1.3761247,0,7
"1DQJ_AB_C|WB98A,SC100A",4.0,2.0167506,0,7
"1DQJ_AB_C|WB98A,YC20A",4.0,3.4763415,0,7
1DQJ_AB_C|WC62A,0.7580786,1.3829453,0,7
1DQJ_AB_C|WC63A,1.3462692,1.2726843,0,7
1DQJ_AB_C|YA50A,2.678299,1.029939,0,7
1DQJ_AB_C|YA96A,1.135051,1.9383953,0,7
"1DQJ_AB_C|YA96A,RC21A",3.4851997,2.3934472,0,7
"1DQJ_AB_C|YA96A,SC100A",0.91344726,2.6281574,0,7
1DQJ_AB_C|YB33A,4.0,2.3212786,0,7
1DQJ_AB_C|YB50A,4.0,2.1174607,0,7
1DQJ_AB_C|YB53A,1.1802781,1.1356126,0,7
"1DQJ_AB_C|YB53A,DC101A",2.727121,2.1436162,0,7
"1DQJ_AB_C|YB53A,LC75A",1.2168618,1.9832033,0,7
"1DQJ_AB_C|YB53A,WC62A",1.286308,2.47176,0,7
"1DQJ_AB_C|YB53A,WC63A",2.1992323,2.3559144,0,7
1DQJ_AB_C|YC20A,3.2857084,1.7448357,0,7
1XGT_AB_C|LB33A,2.1988916,1.5289243,0,7
1XGT_AB_C|LB33F,-1.8617703,-1.4021815,0,7
1XGT_AB_C|LB33I,-0.061315425,-0.07092263,0,7
1XGT_AB_C|LB33V,1.0463123,0.8314255,0,7
"3BDY_HL_V|DL28N,PL30A,RL31K,SL32T,TL97S,TL98S",-0.9690793,-0.86087406,0,7
"3BDY_HL_V|DL28N,PL30A,RL31K,SL32T,TL97S,TL98S,KH31S,DH32G,TH55S,NH56E,GH101V,DH103V",-2.7154896,-2.4316847,0,7
"3BDY_HL_V|DL28N,PL30A,RL31K,SL32T,TL97S,TL98S,KH31S,DH32G,TH55S,NH56E,GH101V,DH103V,RH51A,RH60A",-2.7728782,-2.7172573,0,7
"3BDY_HL_V|DL28N,PL30A,RL31K,SL32T,YL57F,TL97S,TL98S",-0.97316396,-0.8925241,0,7
"3BDY_HL_V|DL28N,PL30A,RL31K,SL32T,YL57F,TL97S,TL98S,KH31S,DH32G,TH55S,NH56E,GH101V,DH103V",-2.727121,-2.5239472,0,7
3HFM_HL_Y|DH32A,1.8982269,0.6048077,0,7
"3HFM_HL_Y|DH32A,KY97A",4.0,0.46318167,0,7
"3HFM_HL_Y|DH32A,KY97M",1.1234494,0.6596082,0,7
3HFM_HL_Y|DH32N,0.17036153,0.13841037,0,7
"3HFM_HL_Y|DH32N,KY97A",4.0,0.337707,0,7
"3HFM_HL_Y|DH32N,KY97M",0.3025042,0.5108671,0,7
3HFM_HL_Y|DY101A,1.2081919,0.6676052,0,7
3HFM_HL_Y|DY101E,2.132881,0.3380664,0,7
3HFM_HL_Y|DY101F,2.3282614,0.43069553,0,7
3HFM_HL_Y|DY101G,0.35884774,0.45436406,0,7
3HFM_HL_Y|DY101K,2.1245396,0.79306555,0,7
3HFM_HL_Y|DY101N,1.4911126,0.6397728,0,7
3HFM_HL_Y|DY101Q,2.0851746,0.17191347,0,7
3HFM_HL_Y|DY101R,2.2798727,0.6788568,0,7
3HFM_HL_Y|DY101S,1.8694,0.45027483,0,7
3HFM_HL_Y|GY102V,0.395285,0.15493971,0,7
3HFM_HL_Y|HY15A,-0.4453172,0.18294002,0,7
3HFM_HL_Y|IY98A,0.0,0.7275596,0,7
3HFM_HL_Y|KY96A,4.0,0.6521772,0,7
3HFM_HL_Y|KY96M,4.0,0.6569772,0,7
3HFM_HL_Y|KY96R,4.0,0.35362372,0,7
3HFM_HL_Y|KY97A,4.0,0.30172256,0,7
3HFM_HL_Y|KY97D,4.0,0.12609673,0,7
3HFM_HL_Y|KY97E,3.6045077,0.27321663,0,7
3HFM_HL_Y|KY97G,4.0,0.19707999,0,7
3HFM_HL_Y|KY97M,0.9469717,0.47505254,0,7
3HFM_HL_Y|KY97R,3.0528512,-0.11256784,0,7
3HFM_HL_Y|LY75A,0.70445603,0.47706544,0,7
3HFM_HL_Y|NL31A,4.0,2.196917,0,7
"3HFM_HL_Y|NL31A,KY96A",4.0,2.825177,0,7
3HFM_HL_Y|NL31D,1.3434845,-0.20044753,0,7
3HFM_HL_Y|NL31E,4.0,1.0175523,0,7
3HFM_HL_Y|NL32A,4.0,0.5555804,0,7
3HFM_HL_Y|NY19D,0.41047263,0.14049713,0,7
3HFM_HL_Y|NY19K,0.2401111,0.61958855,0,7
3HFM_HL_Y|NY19Q,-0.042485796,0.09013145,0,7
3HFM_HL_Y|NY93A,0.21121821,0.014176698,0,7
3HFM_HL_Y|QL53A,0.9530879,-0.19940203,0,7
3HFM_HL_Y|RY21A,0.8618019,0.25002864,0,7
3HFM_HL_Y|RY21E,2.4534352,-0.004457418,0,7
3HFM_HL_Y|RY21G,2.4220753,0.020312864,0,7
3HFM_HL_Y|RY21H,2.1693182,-0.26535636,0,7
3HFM_HL_Y|RY21K,1.766342,0.15192536,0,7
3HFM_HL_Y|RY21M,2.0498905,0.6726666,0,7
3HFM_HL_Y|RY21N,2.3282614,0.31543446,0,7
3HFM_HL_Y|RY21Q,2.3975346,-0.40899873,0,7
3HFM_HL_Y|RY21W,2.132881,0.16581197,0,7
3HFM_HL_Y|RY73A,-0.3313971,0.13122125,0,7
3HFM_HL_Y|SH31A,0.17036153,0.20471734,0,7
3HFM_HL_Y|SY100A,0.26765963,0.36490223,0,7
3HFM_HL_Y|TY89A,0.0,0.24413621,0,7
3HFM_HL_Y|WH98A,4.0,1.5461904,0,7
"3HFM_HL_Y|WH98A,KY96A",4.0,2.0708973,0,7
3HFM_HL_Y|WH98F,3.245562,0.57993716,0,7
"3HFM_HL_Y|WH98F,YY20A",4.0,2.6965246,0,7
3HFM_HL_Y|WY63A,0.31918663,1.2216566,0,7
3HFM_HL_Y|YH33A,4.0,2.328389,0,7
"3HFM_HL_Y|YH33A,KY97A",4.0,1.5590304,0,7
3HFM_HL_Y|YH33F,1.0712212,-1.526349,0,7
3HFM_HL_Y|YH33L,2.0069382,0.010942608,0,7
3HFM_HL_Y|YH33W,1.7495645,-0.12700012,0,7
3HFM_HL_Y|YH50A,4.0,1.8359091,0,7
"3HFM_HL_Y|YH50A,RY21A",4.0,2.0644705,0,7
3HFM_HL_Y|YH50F,1.6099914,-0.123301744,0,7
3HFM_HL_Y|YH50L,2.8488367,-0.0933449,0,7
3HFM_HL_Y|YH53A,3.25038,0.9215432,0,7
3HFM_HL_Y|YH53F,0.62049925,0.33005765,0,7
3HFM_HL_Y|YH53L,0.8068894,0.3476632,0,7
3HFM_HL_Y|YH53W,0.7061819,0.06019958,0,7
3HFM_HL_Y|YH58A,1.6760437,1.0048198,0,7
3HFM_HL_Y|YH58F,0.36312544,0.22440848,0,7
3HFM_HL_Y|YH58L,1.5136731,0.26951215,0,7
3HFM_HL_Y|YL50A,4.0,1.1387967,0,7
"3HFM_HL_Y|YL50A,KY96A",4.0,1.7466156,0,7
"3HFM_HL_Y|YL50A,KY97A",4.0,0.8751378,0,7
"3HFM_HL_Y|YL50A,RY21A",4.0,1.3176869,0,7
3HFM_HL_Y|YL50F,2.3548672,0.21699685,0,7
"3HFM_HL_Y|YL50F,RY21A",4.0,0.47855923,0,7
"3HFM_HL_Y|YL50F,YY20A",4.0,2.822574,0,7
3HFM_HL_Y|YL50L,4.0,-0.35475335,0,7
3HFM_HL_Y|YL96A,2.707045,2.0666113,0,7
"3HFM_HL_Y|YL96A,RY21A",4.0,2.37039,0,7
3HFM_HL_Y|YL96F,1.4017794,0.7645938,0,7
"3HFM_HL_Y|YL96F,RY21A",4.0,1.1265594,0,7
3HFM_HL_Y|YY20A,4.0,1.9403776,0,7
3HFM_HL_Y|YY20F,-0.4839681,0.58629525,0,7
3HFM_HL_Y|YY20L,2.1845057,1.7975165,0,7
3SE9_HL_G|DH77A,-0.7664817,0.2895536,0,7
3SE9_HL_G|EL90A,0.41735974,1.1571665,0,7
3SE9_HL_G|FL91A,0.023615688,0.39463657,0,7
3SE9_HL_G|GH106A,-0.3075798,0.72423035,0,7
3SE9_HL_G|GH107A,-0.6151596,0.32399556,0,7
3SE9_HL_G|GH109A,0.18514356,0.90041834,0,7
3SE9_HL_G|GH57A,0.4524448,1.297322,0,7
3SE9_HL_G|GH62A,0.04634,0.5839808,0,7
3SE9_HL_G|GL29A,0.46369976,0.43893847,0,7
3SE9_HL_G|LH34A,0.56599987,1.18524,0,7
3SE9_HL_G|LL89A,0.964243,1.7636273,0,7
3SE9_HL_G|NH60A,1.5217615,1.4181037,0,7
3SE9_HL_G|PH64A,-0.4419396,-0.13277684,0,7
3SE9_HL_G|RH67A,1.4695449,0.18645321,0,7
3SE9_HL_G|RH74A,2.6792572,1.5569183,0,7
3SE9_HL_G|RH76A,-0.2322162,0.96519864,0,7
3SE9_HL_G|TH105A,-0.4419396,0.099966824,0,7
3SE9_HL_G|TH56A,-0.85929936,0.15748453,0,7
3SE9_HL_G|VH55A,-0.85929936,-0.015957605,0,7
3SE9_HL_G|VH59A,0.9833596,1.591774,0,7
3SE9_HL_G|VL3A,-0.49433115,0.12424703,0,7
3SE9_HL_G|WH48A,1.0584464,1.1330191,0,7
3SE9_HL_G|WH51A,1.275695,2.0795317,0,7
3SE9_HL_G|YH104A,0.46369976,0.5867639,0,7
3SE9_HL_G|YL28A,1.1177194,0.73039424,0,7
4U6H_AB_E|NE21A,-0.3480795,0.4584962,0,7
4U6H_AB_E|QE25A,0.11883454,0.29426232,0,7
4ZS6_HL_A|EA156A,3.0386665,0.2626567,0,7
4ZS6_HL_A|YA160A,-0.11025046,2.1068275,0,7
1KIP_AB_C|AB32Y,-0.8005932,-1.5312353,1,0
1XGU_AB_C|FB33A,4.0,1.9921634,1,0
1XGU_AB_C|FB33I,1.8004549,1.3159705,1,0
1XGU_AB_C|FB33L,1.8617703,0.9648316,1,0
1XGU_AB_C|FB33V,2.9080825,1.5203655,1,0
2B2X_HL_A|EH64K,-0.033433665,0.442791,1,0
"2B2X_HL_A|EH64K,QL28S,YL52N",0.911615,0.9163727,1,0
"2B2X_HL_A|EH64K,QL28S,YL52N,GH102S",2.7106705,1.2641755,1,0
"2B2X_HL_A|EH64K,QL28S,YL52N,SH35A",3.119054,1.9828719,1,0
"2B2X_HL_A|EH64K,QL28S,YL52N,SH35V",3.770335,2.0486212,1,0
"2B2X_HL_A|EH64K,YL52N",0.34853002,0.76167417,1,0
"2B2X_HL_A|QL28S,YL52N",0.8626942,0.3623758,1,0
2B2X_HL_A|VH50T,0.024054652,-0.4083445,1,0
"2B2X_HL_A|VH50T,EH64D,QL28S,YL52N",0.87177193,0.42632985,1,0
"2B2X_HL_A|VH50T,EH64K,QL28S",0.991589,0.65539855,1,0
"2B2X_HL_A|VH50T,EH64K,QL28S,YL52D",1.5439764,0.71353424,1,0
"2B2X_HL_A|VH50T,EH64K,QL28S,YL52E",0.95452905,0.85381436,1,0
"2B2X_HL_A|VH50T,EH64K,QL28S,YL52K",1.7007239,1.490784,1,0
"2B2X_HL_A|VH50T,EH64K,QL28S,YL52N",1.043214,0.9544549,1,0
"2B2X_HL_A|VH50T,EH64K,QL28S,YL52N,FH99W",1.043214,0.7900826,1,0
"2B2X_HL_A|VH50T,EH64K,QL28S,YL52N,FH99Y",1.7978828,0.5878015,1,0
"2B2X_HL_A|VH50T,EH64K,QL28S,YL52N,GH100F",1.4322319,1.071523,1,0
"2B2X_HL_A|VH50T,EH64K,QL28S,YL52N,GH100L",3.770335,1.7016565,1,0
"2B2X_HL_A|VH50T,EH64K,QL28S,YL52N,GH100M",1.145348,1.3779173,1,0
"2B2X_HL_A|VH50T,EH64K,QL28S,YL52N,GH100S",1.6009614,1.3645334,1,0
"2B2X_HL_A|VH50T,EH64K,QL28S,YL52N,GH53A",1.5558206,1.5495638,1,0
"2B2X_HL_A|VH50T,EH64K,QL28S,YL52N,GH53N",2.2985272,1.4202663,1,0
"2B2X_HL_A|VH50T,EH64K,QL28S,YL52N,GH53S",1.7188073,1.3096741,1,0
"2B2X_HL_A|VH50T,EH64K,QL28S,YL52N,GH54I",2.4067745,1.6231537,1,0
"2B2X_HL_A|VH50T,EH64K,QL28S,YL52N,GH54T",2.2073808,1.7710106,1,0
"2B2X_HL_A|VH50T,EH64K,QL28S,YL52N,GH54Y",1.043214,0.87684774,1,0
"2B2X_HL_A|VH50T,EH64K,QL28S,YL52N,GL92Q",2.6158988,1.492584,1,0
"2B2X_HL_A|VH50T,EH64K,QL28S,YL52N,GL92S",1.5558206,1.2090242,1,0
"2B2X_HL_A|VH50T,EH64K,QL28S,YL52N,HL31K",2.2073808,1.8067317,1,0
"2B2X_HL_A|VH50T,EH64K,QL28S,YL52N,HL31R",2.1670115,0.87086153,1,0
"2B2X_HL_A|VH50T,EH64K,QL28S,YL52N,HL31W",2.2985272,0.9418105,1,0
"2B2X_HL_A|VH50T,EH64K,QL28S,YL52N,LH60D",0.981894,0.85976267,1,0
"2B2X_HL_A|VH50T,EH64K,QL28S,YL52N,LL49F",1.7554936,0.7590828,1,0
"2B2X_HL_A|VH50T,EH64K,QL28S,YL52N,LL49K",1.9044149,1.2641356,1,0
"2B2X_HL_A|VH50T,EH64K,QL28S,YL52N,LL49W",2.9507816,0.77917695,1,0
"2B2X_HL_A|VH50T,EH64K,QL28S,YL52N,NL30V",2.0925434,1.2850074,1,0
"2B2X_HL_A|VH50T,EH64K,QL28S,YL52N,NL30W",2.6158988,1.1171939,1,0
"2B2X_HL_A|VH50T,EH64K,QL28S,YL52N,NL30Y",2.9507816,0.7526499,1,0
"2B2X_HL_A|VH50T,EH64K,QL28S,YL52N,NL30Y,SL91I",1.4775821,0.74124116,1,0
"2B2X_HL_A|VH50T,EH64K,QL28S,YL52N,RH31Q",2.350542,1.0586216,1,0
"2B2X_HL_A|VH50T,EH64K,QL28S,YL52N,SH35A",2.6158988,2.065459,1,0
"2B2X_HL_A|VH50T,EH64K,QL28S,YL52N,SH35A,GH102S",2.6158988,2.3218467,1,0
"2B2X_HL_A|VH50T,EH64K,QL28S,YL52N,SH35Q",3.770335,2.0598912,1,0
"2B2X_HL_A|VH50T,EH64K,QL28S,YL52N,SH35V,GH102S",2.4688888,2.4128819,1,0
"2B2X_HL_A|VH50T,EH64K,QL28S,YL52N,SH52M",3.119054,1.2115958,1,0
"2B2X_HL_A|VH50T,EH64K,QL28S,YL52N,SL24R",0.82788163,0.8127091,1,0
"2B2X_HL_A|VH50T,EH64K,QL28S,YL52N,SL91Q",2.8172472,1.2142959,1,0
"2B2X_HL_A|VH50T,EH64K,QL28S,YL52N,SL91R",3.770335,0.92798185,1,0
"2B2X_HL_A|VH50T,EH64K,QL28S,YL52N,SL91R,NL30E",3.770335,1.1950176,1,0
"2B2X_HL_A|VH50T,EH64K,QL28S,YL52N,SL91T",3.3598623,1.1534842,1,0
"2B2X_HL_A|VH50T,EH64K,QL28S,YL52N,TH33E,GH53Q",2.7106705,1.6009527,1,0
"2B2X_HL_A|VH50T,EH64K,QL28S,YL52N,TH33I,SH52T,GH53N,GH54N",2.9507816,2.2616217,1,0
"2B2X_HL_A|VH50T,EH64K,QL28S,YL52N,TH33I,SH52T,GH53Q,GH54F",2.2985272,2.665661,1,0
"2B2X_HL_A|VH50T,EH64K,QL28S,YL52N,TH33N",3.770335,1.0321176,1,0
"2B2X_HL_A|VH50T,EH64K,QL28S,YL52N,TH33V",1.4775821,0.96478343,1,0
"2B2X_HL_A|VH50T,EH64K,QL28S,YL52N,WL90Q",3.119054,1.9847364,1,0
"2B2X_HL_A|VH50T,EH64K,QL28S,YL52N,WL90Q,FL33Y",1.914233,1.6797304,1,0
"2B2X_HL_A|VH50T,EH64K,QL28S,YL52N,YH58E",3.119054,1.667457,1,0
"2B2X_HL_A|VH50T,EH64K,QL28S,YL52N,YH58Q",3.119054,2.0973732,1,0
"2B2X_HL_A|VH50T,EH64K,QL28S,YL52N,YH58W",1.8641591,1.1843183,1,0
"2B2X_HL_A|VH50T,EH64K,QL28S,YL52N,YH59E",1.5872209,1.4619764,1,0
"2B2X_HL_A|VH50T,EH64K,QL28S,YL52R",1.8880546,0.8986168,1,0
"2B2X_HL_A|VH50T,EH64K,YL52N",0.28173435,0.8094911,1,0
"2B2X_HL_A|VH50T,EH64N,QL28S,YL52N",1.0069425,0.5932729,1,0
"2B2X_HL_A|VH50T,EH64Q,QL28S,YL52N",0.96559924,0.5930987,1,0
"2B2X_HL_A|VH50T,EH64Q,QL28S,YL52N,LH60D",1.0862032,0.50469315,1,0
"2B2X_HL_A|VH50T,QL28S,YL52N",0.96559924,0.38742912,1,0
"2B2X_HL_A|VH50T,QL28S,YL52N,LH60D",0.90141344,0.23991379,1,0
"2B2X_HL_A|VH50T,YL52N",0.18636756,0.20738372,1,0
2B2X_HL_A|YL52E,-0.22410508,0.20822501,1,0
2VIR_AB_C|SC115L,3.680209,0.6385237,1,0
2VIR_AB_C|TC89I,4.0,2.1621816,1,0
"3G6D_LH_A|EL3V,GL76R,TL77V,QL78E,EL80G",0.13981691,0.20386773,1,0
"3G6D_LH_A|EL3V,GL76R,TL77V,QL78E,EL80G,DH54N",0.111178115,0.34950596,1,0
"3G6D_LH_A|EL3V,GL76R,TL77V,QL78E,EL80G,TL89S,ML92I,VL93D,TL94K",0.27145106,-0.3660916,1,0
3G6D_LH_A|HH104A,-0.9530879,0.33954415,1,0
"3G6D_LH_A|KH210T,KH215T",-0.13294782,0.24240193,1,0
"3G6D_LH_A|TL89S,ML92I,VL93D,TL94K",0.7979767,-0.34568352,1,0
3G6D_LH_A|WH105A,-1.4965084,1.5951777,1,0
"3IDX_HL_G|CG27I,CG242Q",-2.4650376,0.021689229,1,0
"3IDX_HL_G|CG27I,CG242Q,MG247A",-2.1736174,-0.027599007,1,0
"3IDX_HL_G|KG85C,EG121C,CG27I,CG242Q",-2.3776865,0.2602259,1,0
"3IDX_HL_G|KG85C,EG121C,WG13M,MG247A,CG14W,CG129V,CG27I,CG242Q",-2.1922898,0.018353447,1,0
"3IDX_HL_G|KG85C,EG122C,WG13M,MG247A,CG14W,CG129V,CG27I,CG242Q",-2.2927184,-0.077808775,1,0
"3IDX_HL_G|TG41C,GG245C,MG247A",0.40945426,0.098734066,1,0
"3IDX_HL_G|TG41C,GG245C,WG13M,MG247A,CG14W,CG129V,CG27I,CG242Q",-2.3310676,-0.3529066,1,0
"3IDX_HL_G|WG13M,MG247A,CG14W,CG129V",-0.6475391,0.41318312,1,0
"3IDX_HL_G|WG13M,MG247A,CG14W,CG129V,CG27I,CG242Q",-2.3479884,0.2793755,1,0
"3IDX_HL_G|WG13M,MG247A,CG14W,CG129V,KG85C,EG121C",-0.36166522,0.18043052,1,0
"3IDX_HL_G|WG13M,SG111T,WG200S,MG247A,CG14W,CG129V,CG27I,CG242Q",-1.8639641,0.1118115,1,0
"3L5X_A_HL|EL93F,YL94G",-0.42800838,0.38213024,1,0
"3L5X_A_HL|EL93H,YL94G",-0.7626503,0.42696682,1,0
"3L5X_A_HL|HL91P,NL92I,EL93D,YL94A",-0.6466697,1.1653242,1,0
"3L5X_A_HL|HL91P,NL92L,EL93D,YL94S",-0.6327897,1.0697386,1,0
"3L5X_A_HL|HL91P,NL92L,EL93D,YL94T",-0.81005055,1.2881904,1,0
"3L5X_A_HL|HL91P,NL92L,EL93D,YL94V",-0.85822237,1.1264509,1,0
"3L5X_A_HL|HL91P,NL92L,YL94A",-0.44441348,1.2865102,1,0
"3L5X_A_HL|HL91Q,NL92D,EL93I,YL94G",-1.5503801,0.8584787,1,0
"3L5X_A_HL|HL91Q,NL92D,EL93L,YL94G",-1.785132,0.7708576,1,0
"3L5X_A_HL|HL91Q,NL92D,EL93Y,YL94G",-1.451453,-0.31270614,1,0
"3L5X_A_HL|NL92D,EL93L,YL94G",-0.42962858,0.4327369,1,0
"3L5X_A_HL|NL92D,EL93N,YL94S",-0.53403836,0.57564807,1,0
"3L5X_A_HL|NL92D,EL93P,YL94G",-1.4699602,0.55203116,1,0
"3L5X_A_HL|NL92D,EL93R,YL94D",-0.52253926,0.007144578,1,0
"3L5X_A_HL|NL92D,EL93W,YL94E",-1.1963489,-0.23659894,1,0
"3L5X_A_HL|NL92D,EL93W,YL94G",-1.6825228,-0.32054147,1,0
"3L5X_A_HL|NL92D,EL93W,YL94S",-0.71612674,-0.0021934435,1,0
"3L5X_A_HL|NL92D,EL93Y,YL94A",-0.8069743,0.1137231,1,0
"3L5X_A_HL|NL92E,EL93S,YL94G",-1.2653587,0.03977681,1,0
"3L5X_A_HL|NL92E,EL93W,YL94G",-1.5503801,-0.32019863,1,0
"3L5X_A_HL|NL92F,EL93W,YL94G",-1.2329907,-0.24626413,1,0
"3L5X_A_HL|NL92L,EL93D,YL94S",-0.6170473,0.7910584,1,0
"3L5X_A_HL|NL92L,EL93L,YL94G",-0.6259698,0.61429524,1,0
"3L5X_A_HL|NL92L,EL93M,YL94G",-0.82567644,0.5693799,1,0
"3L5X_A_HL|NL92L,EL93N,YL94G",-0.6954369,0.4761031,1,0
"3L5X_A_HL|NL92S,EL93H,YL94G",-1.2457265,0.32069644,1,0
"3L5X_A_HL|NL92S,EL93I,YL94G",-0.8069743,0.6662649,1,0
"3L5X_A_HL|NL92S,EL93S,YL94G",-0.24921271,0.22333723,1,0
"3L5X_A_HL|NL92S,EL93V,YL94G",-0.51687235,0.53830093,1,0
"3L5X_A_HL|NL92S,EL93W,YL94A",-0.30302802,0.3151428,1,0
"3L5X_A_HL|NL92S,EL93W,YL94G",-1.2720501,-0.10677341,1,0
"3L5X_A_HL|NL92S,EL93Y,YL94G",-0.9641868,-0.18837902,1,0
"3L5X_A_HL|NL92V,EL93G,YL94G",-0.46300006,-0.062921144,1,0
"3L5X_A_HL|NL92V,EL93W,YL94G",-0.83525383,-0.072997354,1,0
3L5X_A_HL|YL94A,-0.82885176,0.9779748,1,0
3N85_A_LH|SH32A,-0.13401966,0.75856364,1,0
3N85_A_LH|SH32Y,0.0571225,-0.6178605,1,0
3N85_A_LH|SH50G,0.48767117,-0.41760665,1,0
3N85_A_LH|SH52Y,-0.78460336,-1.131573,1,0
3N85_A_LH|WH100F,-0.015185109,0.63049346,1,0
3N85_A_LH|WH30K,-0.78460336,0.81659436,1,0
3N85_A_LH|WH30R,-0.5539675,-0.107392244,1,0
3N85_A_LH|WL91F,0.13959166,0.8530487,1,0
3N85_A_LH|WL94Y,-0.03871881,-0.71771115,1,0
3SE8_HL_G|DH110A,-0.38934898,0.5166205,1,0
3SE8_HL_G|DH114A,-0.2441398,0.71862185,1,0
3SE8_HL_G|DL49A,0.8558488,1.3917949,1,0
3SE8_HL_G|EL1A,-0.5565174,0.37579995,1,0
3SE8_HL_G|EL91A,1.513491,1.1873411,1,0
3SE8_HL_G|FH115A,1.0676043,0.1261149,1,0
3SE8_HL_G|FL90A,-0.8640972,1.1802056,1,0
3SE8_HL_G|FL92A,0.8323254,0.5248289,1,0
3SE8_HL_G|GH56A,0.3570972,0.97426647,1,0
3SE8_HL_G|KH52A,1.1114144,0.22888318,1,0
3SE8_HL_G|LH54A,0.054776184,0.39935234,1,0
3SE8_HL_G|NL30A,0.19434923,1.0405815,1,0
3SE8_HL_G|PH78A,0.01881787,0.19213074,1,0
3SE8_HL_G|PH81A,-0.07091986,-0.09327201,1,0
3SE8_HL_G|QH63A,1.1144251,0.6998918,1,0
3SE8_HL_G|QH65A,0.54980505,0.6418566,1,0
3SE8_HL_G|QH76A,0.09689985,0.3505478,1,0
3SE8_HL_G|QL27A,-0.21612903,0.1530224,1,0
3SE8_HL_G|RH30A,-0.03949762,0.87917167,1,0
3SE8_HL_G|RH62A,1.2061691,0.994079,1,0
3SE8_HL_G|RH72A,2.6444623,1.3888636,1,0
3SE8_HL_G|SH59A,1.1508402,1.0168971,1,0
3SE8_HL_G|VH58A,1.2496852,0.6272657,1,0
3SE8_HL_G|WH47A,1.4751467,1.5290729,1,0
3SE8_HL_G|WH50A,1.333526,2.0178466,1,0
3SE8_HL_G|WH55A,0.7611056,1.1426928,1,0
3SE8_HL_G|YH111A,0.82992166,0.9932865,1,0
3SE8_HL_G|YH60A,0.8558488,1.2350698,1,0
4KRL_A_B|DB112A,0.6496817,1.1127534,1,0
5C6T_HL_A|EA194A,1.0906719,0.82058597,1,0
5C6T_HL_A|FA192A,1.9972014,2.3762023,1,0
5C6T_HL_A|FA199A,2.7581792,1.9802839,1,0
5C6T_HL_A|FA200A,0.41047263,1.6698838,1,0
5C6T_HL_A|FH99A,1.4600298,0.21389318,1,0
5C6T_HL_A|IA201A,0.88561165,0.30745217,1,0
5C6T_HL_A|NA183A,0.28399685,1.2459394,1,0
5C6T_HL_A|NA186A,0.3630724,-0.20373946,1,0
5C6T_HL_A|NA188A,-0.36658686,1.035526,1,0
"5C6T_HL_A|NA195A,DA197A",0.58650106,1.2105069,1,0
5C6T_HL_A|NH97A,1.5258962,0.87802404,1,0
5C6T_HL_A|RH31S,0.3115454,0.14374134,1,0
5C6T_HL_A|RL48A,0.1229613,1.4248571,1,0
5C6T_HL_A|SH32A,-0.8683455,0.5530263,1,0
5C6T_HL_A|TA185A,0.33786914,0.79017735,1,0
5C6T_HL_A|YA182A,3.2083547,1.3952069,1,0
"5C6T_HL_A|YA182A,NA195A,DA197A",2.942425,2.0143242,1,0
5C6T_HL_A|YH104A,0.3630724,0.95657164,1,0
5C6T_HL_A|YH98A,1.7166799,1.7741438,1,0
5C6T_HL_A|YL47A,0.5516565,2.0317132,1,0
1KIP_AB_C|AB32Y,-0.8005932,-1.696834,1,1
1XGU_AB_C|FB33A,4.0,3.8995671,1,1
1XGU_AB_C|FB33I,1.8004549,1.4515551,1,1
1XGU_AB_C|FB33L,1.8617703,1.8142176,1,1
1XGU_AB_C|FB33V,2.9080825,2.7483306,1,1
2B2X_HL_A|EH64K,-0.033433665,0.41539016,1,1
"2B2X_HL_A|EH64K,QL28S,YL52N",0.911615,0.5959234,1,1
"2B2X_HL_A|EH64K,QL28S,YL52N,GH102S",2.7106705,1.0291724,1,1
"2B2X_HL_A|EH64K,QL28S,YL52N,SH35A",3.119054,1.9290738,1,1
"2B2X_HL_A|EH64K,QL28S,YL52N,SH35V",3.770335,1.9596965,1,1
"2B2X_HL_A|EH64K,YL52N",0.34853002,0.87076384,1,1
"2B2X_HL_A|QL28S,YL52N",0.8626942,0.24664964,1,1
2B2X_HL_A|VH50T,0.024054652,-0.3617258,1,1
"2B2X_HL_A|VH50T,EH64D,QL28S,YL52N",0.87177193,0.20144673,1,1
"2B2X_HL_A|VH50T,EH64K,QL28S",0.991589,0.11711657,1,1
"2B2X_HL_A|VH50T,EH64K,QL28S,YL52D",1.5439764,0.3063475,1,1
"2B2X_HL_A|VH50T,EH64K,QL28S,YL52E",0.95452905,0.23713197,1,1
"2B2X_HL_A|VH50T,EH64K,QL28S,YL52K",1.7007239,1.5648978,1,1
"2B2X_HL_A|VH50T,EH64K,QL28S,YL52N",1.043214,0.63609564,1,1
"2B2X_HL_A|VH50T,EH64K,QL28S,YL52N,FH99W",1.043214,0.6540092,1,1
"2B2X_HL_A|VH50T,EH64K,QL28S,YL52N,FH99Y",1.7978828,0.09035149,1,1
"2B2X_HL_A|VH50T,EH64K,QL28S,YL52N,GH100F",1.4322319,0.38691437,1,1
"2B2X_HL_A|VH50T,EH64K,QL28S,YL52N,GH100L",3.770335,1.4448581,1,1
"2B2X_HL_A|VH50T,EH64K,QL28S,YL52N,GH100M",1.145348,1.0101862,1,1
"2B2X_HL_A|VH50T,EH64K,QL28S,YL52N,GH100S",1.6009614,1.006715,1,1
"2B2X_HL_A|VH50T,EH64K,QL28S,YL52N,GH53A",1.5558206,0.9957701,1,1
"2B2X_HL_A|VH50T,EH64K,QL28S,YL52N,GH53N",2.2985272,1.0764666,1,1
"2B2X_HL_A|VH50T,EH64K,QL28S,YL52N,GH53S",1.7188073,0.72050405,1,1
"2B2X_HL_A|VH50T,EH64K,QL28S,YL52N,GH54I",2.4067745,1.0548806,1,1
"2B2X_HL_A|VH50T,EH64K,QL28S,YL52N,GH54T",2.2073808,1.3308662,1,1
"2B2X_HL_A|VH50T,EH64K,QL28S,YL52N,GH54Y",1.043214,0.25293022,1,1
"2B2X_HL_A|VH50T,EH64K,QL28S,YL52N,GL92Q",2.6158988,1.3903321,1,1
"2B2X_HL_A|VH50T,EH64K,QL28S,YL52N,GL92S",1.5558206,0.7898647,1,1
"2B2X_HL_A|VH50T,EH64K,QL28S,YL52N,HL31K",2.2073808,1.7296773,1,1
"2B2X_HL_A|VH50T,EH64K,QL28S,YL52N,HL31R",2.1670115,0.9662403,1,1
"2B2X_HL_A|VH50T,EH64K,QL28S,YL52N,HL31W",2.2985272,0.6113317,1,1
"2B2X_HL_A|VH50T,EH64K,QL28S,YL52N,LH60D",0.981894,0.26960376,1,1
"2B2X_HL_A|VH50T,EH64K,QL28S,YL52N,LL49F",1.7554936,0.68105555,1,1
"2B2X_HL_A|VH50T,EH64K,QL28S,YL52N,LL49K",1.9044149,1.2389606,1,1
"2B2X_HL_A|VH50T,EH64K,QL28S,YL52N,LL49W",2.9507816,0.7059616,1,1
"2B2X_HL_A|VH50T,EH64K,QL28S,YL52N,NL30V",2.0925434,0.7407075,1,1
"2B2X_HL_A|VH50T,EH64K,QL28S,YL52N,NL30W",2.6158988,0.9286124,1,1
"2B2X_HL_A|VH50T,EH64K,QL28S,YL52N,NL30Y",2.9507816,0.4825989,1,1
"2B2X_HL_A|VH50T,EH64K,QL28S,YL52N,NL30Y,SL91I",1.4775821,0.71004546,1,1
"2B2X_HL_A|VH50T,EH64K,QL28S,YL52N,RH31Q",2.350542,0.92020917,1,1
"2B2X_HL_A|VH50T,EH64K,QL28S,YL52N,SH35A",2.6158988,2.1559186,1,1
"2B2X_HL_A|VH50T,EH64K,QL28S,YL52N,SH35A,GH102S",2.6158988,2.598054,1,1
"2B2X_HL_A|VH50T,EH64K,QL28S,YL52N,SH35Q",3.770335,2.276411,1,1
"2B2X_HL_A|VH50T,EH64K,QL28S,YL52N,SH35V,GH102S",2.4688888,2.658299,1,1
"2B2X_HL_A|VH50T,EH64K,QL28S,YL52N,SH52M",3.119054,0.95788217,1,1
"2B2X_HL_A|VH50T,EH64K,QL28S,YL52N,SL24R",0.82788163,0.7200746,1,1
"2B2X_HL_A|VH50T,EH64K,QL28S,YL52N,SL91Q",2.8172472,1.6583395,1,1
"2B2X_HL_A|VH50T,EH64K,QL28S,YL52N,SL91R",3.770335,0.92967117,1,1
"2B2X_HL_A|VH50T,EH64K,QL28S,YL52N,SL91R,NL30E",3.770335,1.105887,1,1
"2B2X_HL_A|VH50T,EH64K,QL28S,YL52N,SL91T",3.3598623,1.3682065,1,1
"2B2X_HL_A|VH50T,EH64K,QL28S,YL52N,TH33E,GH53Q",2.7106705,1.6023792,1,1
"2B2X_HL_A|VH50T,EH64K,QL28S,YL52N,TH33I,SH52T,GH53N,GH54N",2.9507816,2.2061176,1,1
"2B2X_HL_A|VH50T,EH64K,QL28S,YL52N,TH33I,SH52T,GH53Q,GH54F",2.2985272,2.8221092,1,1
"2B2X_HL_A|VH50T,EH64K,QL28S,YL52N,TH33N",3.770335,1.1133689,1,1
"2B2X_HL_A|VH50T,EH64K,QL28S,YL52N,TH33V",1.4775821,0.82445437,1,1
"2B2X_HL_A|VH50T,EH64K,QL28S,YL52N,WL90Q",3.119054,1.6725297,1,1
"2B2X_HL_A|VH50T,EH64K,QL28S,YL52N,WL90Q,FL33Y",1.914233,1.326525,1,1
"2B2X_HL_A|VH50T,EH64K,QL28S,YL52N,YH58E",3.119054,1.335401,1,1
"2B2X_HL_A|VH50T,EH64K,QL28S,YL52N,YH58Q",3.119054,2.3463953,1,1
"2B2X_HL_A|VH50T,EH64K,QL28S,YL52N,YH58W",1.8641591,1.3294871,1,1
"2B2X_HL_A|VH50T,EH64K,QL28S,YL52N,YH59E",1.5872209,1.2989284,1,1
"2B2X_HL_A|VH50T,EH64K,QL28S,YL52R",1.8880546,0.7778844,1,1
"2B2X_HL_A|VH50T,EH64K,YL52N",0.28173435,1.0194947,1,1
"2B2X_HL_A|VH50T,EH64N,QL28S,YL52N",1.0069425,0.39332658,1,1
"2B2X_HL_A|VH50T,EH64Q,QL28S,YL52N",0.96559924,0.55806917,1,1
"2B2X_HL_A|VH50T,EH64Q,QL28S,YL52N,LH60D",1.0862032,0.2933492,1,1
"2B2X_HL_A|VH50T,QL28S,YL52N",0.96559924,0.21888876,1,1
"2B2X_HL_A|VH50T,QL28S,YL52N,LH60D",0.90141344,-0.17345819,1,1
"2B2X_HL_A|VH50T,YL52N",0.18636756,0.61426497,1,1
2B2X_HL_A|YL52E,-0.22410508,0.142284,1,1
2VIR_AB_C|SC115L,3.680209,1.0592153,1,1
2VIR_AB_C|TC89I,4.0,3.111619,1,1
"3G6D_LH_A|EL3V,GL76R,TL77V,QL78E,EL80G",0.13981691,0.65240216,1,1
"3G6D_LH_A|EL3V,GL76R,TL77V,QL78E,EL80G,DH54N",0.111178115,1.1578147,1,1
"3G6D_LH_A|EL3V,GL76R,TL77V,QL78E,EL80G,TL89S,ML92I,VL93D,TL94K",0.27145106,0.012371667,1,1
3G6D_LH_A|HH104A,-0.9530879,0.18833698,1,1
"3G6D_LH_A|KH210T,KH215T",-0.13294782,-0.46491483,1,1
"3G6D_LH_A|TL89S,ML92I,VL93D,TL94K",0.7979767,-0.44076028,1,1
3G6D_LH_A|WH105A,-1.4965084,1.7636044,1,1
"3IDX_HL_G|CG27I,CG242Q",-2.4650376,0.023302387,1,1
"3IDX_HL_G|CG27I,CG242Q,MG247A",-2.1736174,-0.18855862,1,1
"3IDX_HL_G|KG85C,EG121C,CG27I,CG242Q",-2.3776865,0.7236673,1,1
"3IDX_HL_G|KG85C,EG121C,WG13M,MG247A,CG14W,CG129V,CG27I,CG242Q",-2.1922898,0.56233746,1,1
"3IDX_HL_G|KG85C,EG122C,WG13M,MG247A,CG14W,CG129V,CG27I,CG242Q",-2.2927184,0.4838663,1,1
"3IDX_HL_G|TG41C,GG245C,MG247A",0.40945426,0.41835612,1,1
"3IDX_HL_G|TG41C,GG245C,WG13M,MG247A,CG14W,CG129V,CG27I,CG242Q",-2.3310676,0.40203565,1,1
"3IDX_HL_G|WG13M,MG247A,CG14W,CG129V",-0.6475391,-0.034987047,1,1
"3IDX_HL_G|WG13M,MG247A,CG14W,CG129V,CG27I,CG242Q",-2.3479884,-0.08587912,1,1
"3IDX_HL_G|WG13M,MG247A,CG14W,CG129V,KG85C,EG121C",-0.36166522,0.637939,1,1
"3IDX_HL_G|WG13M,SG111T,WG200S,MG247A,CG14W,CG129V,CG27I,CG242Q",-1.8639641,-0.6287403,1,1
"3L5X_A_HL|EL93F,YL94G",-0.42800838,1.2684932,1,1
"3L5X_A_HL|EL93H,YL94G",-0.7626503,1.2542028,1,1
"3L5X_A_HL|HL91P,NL92I,EL93D,YL94A",-0.6466697,1.8910182,1,1
"3L5X_A_HL|HL91P,NL92L,EL93D,YL94S",-0.6327897,1.5877855,1,1
"3L5X_A_HL|HL91P,NL92L,EL93D,YL94T",-0.81005055,2.2496967,1,1
"3L5X_A_HL|HL91P,NL92L,EL93D,YL94V",-0.85822237,1.4488376,1,1
"3L5X_A_HL|HL91P,NL92L,YL94A",-0.44441348,2.0568378,1,1
"3L5X_A_HL|HL91Q,NL92D,EL93I,YL94G",-1.5503801,1.2447747,1,1
"3L5X_A_HL|HL91Q,NL92D,EL93L,YL94G",-1.785132,1.610333,1,1
"3L5X_A_HL|HL91Q,NL92D,EL93Y,YL94G",-1.451453,0.10657072,1,1
"3L5X_A_HL|NL92D,EL93L,YL94G",-0.42962858,0.79727334,1,1
"3L5X_A_HL|NL92D,EL93N,YL94S",-0.53403836,0.7244089,1,1
"3L5X_A_HL|NL92D,EL93P,YL94G",-1.4699602,1.217875,1,1
"3L5X_A_HL|NL92D,EL93R,YL94D",-0.52253926,0.2123257,1,1
"3L5X_A_HL|NL92D,EL93W,YL94E",-1.1963489,-0.5199375,1,1
"3L5X_A_HL|NL92D,EL93W,YL94G",-1.6825228,-0.071993485,1,1
"3L5X_A_HL|NL92D,EL93W,YL94S",-0.71612674,0.25706297,1,1
"3L5X_A_HL|NL92D,EL93Y,YL94A",-0.8069743,0.34489182,1,1
"3L5X_A_HL|NL92E,EL93S,YL94G",-1.2653587,0.21343496,1,1
"3L5X_A_HL|NL92E,EL93W,YL94G",-1.5503801,-0.20429254,1,1
"3L5X_A_HL|NL92F,EL93W,YL94G",-1.2329907,-0.10554777,1,1
"3L5X_A_HL|NL92L,EL93D,YL94S",-0.6170473,1.035934,1,1
"3L5X_A_HL|NL92L,EL93L,YL94G",-0.6259698,1.3786691,1,1
"3L5X_A_HL|NL92L,EL93M,YL94G",-0.82567644,1.2945538,1,1
"3L5X_A_HL|NL92L,EL93N,YL94G",-0.6954369,1.1113018,1,1
"3L5X_A_HL|NL92S,EL93H,YL94G",-1.2457265,0.7473766,1,1
"3L5X_A_HL|NL92S,EL93I,YL94G",-0.8069743,0.8769384,1,1
"3L5X_A_HL|NL92S,EL93S,YL94G",-0.24921271,0.59714204,1,1
"3L5X_A_HL|NL92S,EL93V,YL94G",-0.51687235,0.98721594,1,1
"3L5X_A_HL|NL92S,EL93W,YL94A",-0.30302802,1.1367471,1,1
"3L5X_A_HL|NL92S,EL93W,YL94G",-1.2720501,0.36204445,1,1
"3L5X_A_HL|NL92S,EL93Y,YL94G",-0.9641868,-0.10890426,1,1
"3L5X_A_HL|NL92V,EL93G,YL94G",-0.46300006,0.80142605,1,1
"3L5X_A_HL|NL92V,EL93W,YL94G",-0.83525383,0.6905159,1,1
3L5X_A_HL|YL94A,-0.82885176,1.2589909,1,1
3N85_A_LH|SH32A,-0.13401966,0.564137,1,1
3N85_A_LH|SH32Y,0.0571225,-0.43357825,1,1
3N85_A_LH|SH50G,0.48767117,-0.2244212,1,1
3N85_A_LH|SH52Y,-0.78460336,-0.6961809,1,1
3N85_A_LH|WH100F,-0.015185109,-0.033517327,1,1
3N85_A_LH|WH30K,-0.78460336,1.0798181,1,1
3N85_A_LH|WH30R,-0.5539675,0.32699668,1,1
3N85_A_LH|WL91F,0.13959166,0.27807134,1,1
3N85_A_LH|WL94Y,-0.03871881,-0.8257104,1,1
3SE8_HL_G|DH110A,-0.38934898,0.21629126,1,1
3SE8_HL_G|DH114A,-0.2441398,0.91270757,1,1
3SE8_HL_G|DL49A,0.8558488,0.78816545,1,1
3SE8_HL_G|EL1A,-0.5565174,0.30940723,1,1
3SE8_HL_G|EL91A,1.513491,2.0302246,1,1
3SE8_HL_G|FH115A,1.0676043,1.783622,1,1
3SE8_HL_G|FL90A,-0.8640972,1.1454773,1,1
3SE8_HL_G|FL92A,0.8323254,0.82015276,1,1
3SE8_HL_G|GH56A,0.3570972,1.0251752,1,1
3SE8_HL_G|KH52A,1.1114144,0.011920208,1,1
3SE8_HL_G|LH54A,0.054776184,0.40251318,1,1
3SE8_HL_G|NL30A,0.19434923,0.4017588,1,1
3SE8_HL_G|PH78A,0.01881787,0.21023011,1,1
3SE8_HL_G|PH81A,-0.07091986,-0.1235628,1,1
3SE8_HL_G|QH63A,1.1144251,0.040385656,1,1
3SE8_HL_G|QH65A,0.54980505,0.11176236,1,1
3SE8_HL_G|QH76A,0.09689985,0.13082713,1,1
3SE8_HL_G|QL27A,-0.21612903,0.12534459,1,1
3SE8_HL_G|RH30A,-0.03949762,0.67348754,1,1
3SE8_HL_G|RH62A,1.2061691,0.30349755,1,1
3SE8_HL_G|RH72A,2.6444623,1.1688379,1,1
3SE8_HL_G|SH59A,1.1508402,0.48384118,1,1
3SE8_HL_G|VH58A,1.2496852,0.84711367,1,1
3SE8_HL_G|WH47A,1.4751467,1.5831653,1,1
3SE8_HL_G|WH50A,1.333526,2.3416588,1,1
3SE8_HL_G|WH55A,0.7611056,0.40753734,1,1
3SE8_HL_G|YH111A,0.82992166,0.8352221,1,1
3SE8_HL_G|YH60A,0.8558488,1.2303568,1,1
4KRL_A_B|DB112A,0.6496817,1.6528592,1,1
5C6T_HL_A|EA194A,1.0906719,1.8630576,1,1
5C6T_HL_A|FA192A,1.9972014,1.7452462,1,1
5C6T_HL_A|FA199A,2.7581792,1.7285527,1,1
5C6T_HL_A|FA200A,0.41047263,0.68114316,1,1
5C6T_HL_A|FH99A,1.4600298,0.24149789,1,1
5C6T_HL_A|IA201A,0.88561165,-0.19975634,1,1
5C6T_HL_A|NA183A,0.28399685,0.2284703,1,1
5C6T_HL_A|NA186A,0.3630724,-0.030095853,1,1
5C6T_HL_A|NA188A,-0.36658686,0.30618003,1,1
"5C6T_HL_A|NA195A,DA197A",0.58650106,-0.14582412,1,1
5C6T_HL_A|NH97A,1.5258962,0.54472923,1,1
5C6T_HL_A|RH31S,0.3115454,-0.016197272,1,1
5C6T_HL_A|RL48A,0.1229613,0.17287265,1,1
5C6T_HL_A|SH32A,-0.8683455,0.36524287,1,1
5C6T_HL_A|TA185A,0.33786914,0.26813474,1,1
5C6T_HL_A|YA182A,3.2083547,1.6232103,1,1
"5C6T_HL_A|YA182A,NA195A,DA197A",2.942425,0.7299628,1,1
5C6T_HL_A|YH104A,0.3630724,0.62017274,1,1
5C6T_HL_A|YH98A,1.7166799,1.009832,1,1
5C6T_HL_A|YL47A,0.5516565,1.2916546,1,1
1KIP_AB_C|AB32Y,-0.8005932,-1.2319629,1,2
1XGU_AB_C|FB33A,4.0,3.3978474,1,2
1XGU_AB_C|FB33I,1.8004549,1.9104291,1,2
1XGU_AB_C|FB33L,1.8617703,2.170946,1,2
1XGU_AB_C|FB33V,2.9080825,2.9503434,1,2
2B2X_HL_A|EH64K,-0.033433665,0.30808106,1,2
"2B2X_HL_A|EH64K,QL28S,YL52N",0.911615,1.0104386,1,2
"2B2X_HL_A|EH64K,QL28S,YL52N,GH102S",2.7106705,1.6349417,1,2
"2B2X_HL_A|EH64K,QL28S,YL52N,SH35A",3.119054,1.6363215,1,2
"2B2X_HL_A|EH64K,QL28S,YL52N,SH35V",3.770335,1.6295832,1,2
"2B2X_HL_A|EH64K,YL52N",0.34853002,0.6955612,1,2
"2B2X_HL_A|QL28S,YL52N",0.8626942,0.78937066,1,2
2B2X_HL_A|VH50T,0.024054652,-0.391257,1,2
"2B2X_HL_A|VH50T,EH64D,QL28S,YL52N",0.87177193,0.7172009,1,2
"2B2X_HL_A|VH50T,EH64K,QL28S",0.991589,0.7691414,1,2
"2B2X_HL_A|VH50T,EH64K,QL28S,YL52D",1.5439764,0.7257373,1,2
"2B2X_HL_A|VH50T,EH64K,QL28S,YL52E",0.95452905,0.95587665,1,2
"2B2X_HL_A|VH50T,EH64K,QL28S,YL52K",1.7007239,1.6161141,1,2
"2B2X_HL_A|VH50T,EH64K,QL28S,YL52N",1.043214,1.057349,1,2
"2B2X_HL_A|VH50T,EH64K,QL28S,YL52N,FH99W",1.043214,0.7602047,1,2
"2B2X_HL_A|VH50T,EH64K,QL28S,YL52N,FH99Y",1.7978828,0.666461,1,2
"2B2X_HL_A|VH50T,EH64K,QL28S,YL52N,GH100F",1.4322319,0.530388,1,2
"2B2X_HL_A|VH50T,EH64K,QL28S,YL52N,GH100L",3.770335,1.1399696,1,2
"2B2X_HL_A|VH50T,EH64K,QL28S,YL52N,GH100M",1.145348,1.0400957,1,2
"2B2X_HL_A|VH50T,EH64K,QL28S,YL52N,GH100S",1.6009614,1.414392,1,2
"2B2X_HL_A|VH50T,EH64K,QL28S,YL52N,GH53A",1.5558206,0.9850823,1,2
"2B2X_HL_A|VH50T,EH64K,QL28S,YL52N,GH53N",2.2985272,1.3813236,1,2
"2B2X_HL_A|VH50T,EH64K,QL28S,YL52N,GH53S",1.7188073,1.1295934,1,2
"2B2X_HL_A|VH50T,EH64K,QL28S,YL52N,GH54I",2.4067745,0.92626584,1,2
"2B2X_HL_A|VH50T,EH64K,QL28S,YL52N,GH54T",2.2073808,1.1464821,1,2
"2B2X_HL_A|VH50T,EH64K,QL28S,YL52N,GH54Y",1.043214,0.6726482,1,2
"2B2X_HL_A|VH50T,EH64K,QL28S,YL52N,GL92Q",2.6158988,1.1575074,1,2
"2B2X_HL_A|VH50T,EH64K,QL28S,YL52N,GL92S",1.5558206,1.0105597,1,2
"2B2X_HL_A|VH50T,EH64K,QL28S,YL52N,HL31K",2.2073808,1.8857133,1,2
"2B2X_HL_A|VH50T,EH64K,QL28S,YL52N,HL31R",2.1670115,1.0339539,1,2
"2B2X_HL_A|VH50T,EH64K,QL28S,YL52N,HL31W",2.2985272,0.83847076,1,2
"2B2X_HL_A|VH50T,EH64K,QL28S,YL52N,LH60D",0.981894,0.7714464,1,2
"2B2X_HL_A|VH50T,EH64K,QL28S,YL52N,LL49F",1.7554936,1.0441805,1,2
"2B2X_HL_A|VH50T,EH64K,QL28S,YL52N,LL49K",1.9044149,1.4598515,1,2
"2B2X_HL_A|VH50T,EH64K,QL28S,YL52N,LL49W",2.9507816,1.1432524,1,2
"2B2X_HL_A|VH50T,EH64K,QL28S,YL52N,NL30V",2.0925434,1.2503295,1,2
"2B2X_HL_A|VH50T,EH64K,QL28S,YL52N,NL30W",2.6158988,1.5077943,1,2
"2B2X_HL_A|VH50T,EH64K,QL28S,YL52N,NL30Y",2.9507816,1.4225245,1,2
"2B2X_HL_A|VH50T,EH64K,QL28S,YL52N,NL30Y,SL91I",1.4775821,1.5620083,1,2
"2B2X_HL_A|VH50T,EH64K,QL28S,YL52N,RH31Q",2.350542,1.1399219,1,2
"2B2X_HL_A|VH50T,EH64K,QL28S,YL52N,SH35A",2.6158988,1.7457446,1,2
"2B2X_HL_A|VH50T,EH64K,QL28S,YL52N,SH35A,GH102S",2.6158988,2.2619681,1,2
"2B2X_HL_A|VH50T,EH64K,QL28S,YL52N,SH35Q",3.770335,1.8531818,1,2
"2B2X_HL_A|VH50T,EH64K,QL28S,YL52N,SH35V,GH102S",2.4688888,2.351865,1,2
"2B2X_HL_A|VH50T,EH64K,QL28S,YL52N,SH52M",3.119054,1.1360179,1,2
"2B2X_HL_A|VH50T,EH64K,QL28S,YL52N,SL24R",0.82788163,0.43923604,1,2
"2B2X_HL_A|VH50T,EH64K,QL28S,YL52N,SL91Q",2.8172472,1.5323496,1,2
"2B2X_HL_A|VH50T,EH64K,QL28S,YL52N,SL91R",3.770335,0.87685466,1,2
"2B2X_HL_A|VH50T,EH64K,QL28S,YL52N,SL91R,NL30E",3.770335,1.3807651,1,2
"2B2X_HL_A|VH50T,EH64K,QL28S,YL52N,SL91T",3.3598623,1.3992617,1,2
"2B2X_HL_A|VH50T,EH64K,QL28S,YL52N,TH33E,GH53Q",2.7106705,1.747629,1,2
"2B2X_HL_A|VH50T,EH64K,QL28S,YL52N,TH33I,SH52T,GH53N,GH54N",2.9507816,2.052203,1,2
"2B2X_HL_A|VH50T,EH64K,QL28S,YL52N,TH33I,SH52T,GH53Q,GH54F",2.2985272,2.0181482,1,2
"2B2X_HL_A|VH50T,EH64K,QL28S,YL52N,TH33N",3.770335,1.8004007,1,2
"2B2X_HL_A|VH50T,EH64K,QL28S,YL52N,TH33V",1.4775821,1.3368126,1,2
"2B2X_HL_A|VH50T,EH64K,QL28S,YL52N,WL90Q",3.119054,1.6276019,1,2
"2B2X_HL_A|VH50T,EH64K,QL28S,YL52N,WL90Q,FL33Y",1.914233,1.235439,1,2
"2B2X_HL_A|VH50T,EH64K,QL28S,YL52N,YH58E",3.119054,1.6669981,1,2
"2B2X_HL_A|VH50T,EH64K,QL28S,YL52N,YH58Q",3.119054,2.1269937,1,2
"2B2X_HL_A|VH50T,EH64K,QL28S,YL52N,YH58W",1.8641591,1.2475879,1,2
"2B2X_HL_A|VH50T,EH64K,QL28S,YL52N,YH59E",1.5872209,1.6542019,1,2
"2B2X_HL_A|VH50T,EH64K,QL28S,YL52R",1.8880546,0.8794189,1,2
"2B2X_HL_A|VH50T,EH64K,YL52N",0.28173435,0.77414894,1,2
"2B2X_HL_A|VH50T,EH64N,QL28S,YL52N",1.0069425,0.9797673,1,2
"2B2X_HL_A|VH50T,EH64Q,QL28S,YL52N",0.96559924,0.8731534,1,2
"2B2X_HL_A|VH50T,EH64Q,QL28S,YL52N,LH60D",1.0862032,0.63366413,1,2
"2B2X_HL_A|VH50T,QL28S,YL52N",0.96559924,0.8936134,1,2
"2B2X_HL_A|VH50T,QL28S,YL52N,LH60D",0.90141344,0.53951085,1,2
"2B2X_HL_A|VH50T,YL52N",0.18636756,0.50909597,1,2
2B2X_HL_A|YL52E,-0.22410508,0.24818133,1,2
2VIR_AB_C|SC115L,3.680209,0.7662056,1,2
2VIR_AB_C|TC89I,4.0,3.5057266,1,2
"3G6D_LH_A|EL3V,GL76R,TL77V,QL78E,EL80G",0.13981691,0.45478663,1,2
"3G6D_LH_A|EL3V,GL76R,TL77V,QL78E,EL80G,DH54N",0.111178115,0.84012896,1,2
"3G6D_LH_A|EL3V,GL76R,TL77V,QL78E,EL80G,TL89S,ML92I,VL93D,TL94K",0.27145106,-0.06277522,1,2
3G6D_LH_A|HH104A,-0.9530879,-0.32884026,1,2
"3G6D_LH_A|KH210T,KH215T",-0.13294782,-0.24671881,1,2
"3G6D_LH_A|TL89S,ML92I,VL93D,TL94K",0.7979767,-0.22593635,1,2
3G6D_LH_A|WH105A,-1.4965084,1.4715598,1,2
"3IDX_HL_G|CG27I,CG242Q",-2.4650376,-0.1713872,1,2
"3IDX_HL_G|CG27I,CG242Q,MG247A",-2.1736174,-0.11704788,1,2
"3IDX_HL_G|KG85C,EG121C,CG27I,CG242Q",-2.3776865,0.35915345,1,2
"3IDX_HL_G|KG85C,EG121C,WG13M,MG247A,CG14W,CG129V,CG27I,CG242Q",-2.1922898,0.03237243,1,2
"3IDX_HL_G|KG85C,EG122C,WG13M,MG247A,CG14W,CG129V,CG27I,CG242Q",-2.2927184,0.010813132,1,2
"3IDX_HL_G|TG41C,GG245C,MG247A",0.40945426,0.15690069,1,2
"3IDX_HL_G|TG41C,GG245C,WG13M,MG247A,CG14W,CG129V,CG27I,CG242Q",-2.3310676,-0.14618821,1,2
"3IDX_HL_G|WG13M,MG247A,CG14W,CG129V",-0.6475391,0.08510963,1,2
"3IDX_HL_G|WG13M,MG247A,CG14W,CG129V,CG27I,CG242Q",-2.3479884,-0.07553668,1,2
"3IDX_HL_G|WG13M,MG247A,CG14W,CG129V,KG85C,EG121C",-0.36166522,0.13774484,1,2
"3IDX_HL_G|WG13M,SG111T,WG200S,MG247A,CG14W,CG129V,CG27I,CG242Q",-1.8639641,-0.44376022,1,2
"3L5X_A_HL|EL93F,YL94G",-0.42800838,0.41257223,1,2
"3L5X_A_HL|EL93H,YL94G",-0.7626503,0.66447735,1,2
"3L5X_A_HL|HL91P,NL92I,EL93D,YL94A",-0.6466697,0.7427939,1,2
"3L5X_A_HL|HL91P,NL92L,EL93D,YL94S",-0.6327897,0.8408072,1,2
"3L5X_A_HL|HL91P,NL92L,EL93D,YL94T",-0.81005055,0.9239236,1,2
"3L5X_A_HL|HL91P,NL92L,EL93D,YL94V",-0.85822237,0.84382874,1,2
"3L5X_A_HL|HL91P,NL92L,YL94A",-0.44441348,0.8445961,1,2
"3L5X_A_HL|HL91Q,NL92D,EL93I,YL94G",-1.5503801,0.54893744,1,2
"3L5X_A_HL|HL91Q,NL92D,EL93L,YL94G",-1.785132,0.58344305,1,2
"3L5X_A_HL|HL91Q,NL92D,EL93Y,YL94G",-1.451453,0.08294926,1,2
"3L5X_A_HL|NL92D,EL93L,YL94G",-0.42962858,0.2094552,1,2
"3L5X_A_HL|NL92D,EL93N,YL94S",-0.53403836,0.37421706,1,2
"3L5X_A_HL|NL92D,EL93P,YL94G",-1.4699602,0.632665,1,2
"3L5X_A_HL|NL92D,EL93R,YL94D",-0.52253926,-0.14430325,1,2
"3L5X_A_HL|NL92D,EL93W,YL94E",-1.1963489,-0.2558763,1,2
"3L5X_A_HL|NL92D,EL93W,YL94G",-1.6825228,-0.24311258,1,2
"3L5X_A_HL|NL92D,EL93W,YL94S",-0.71612674,-0.31414205,1,2
"3L5X_A_HL|NL92D,EL93Y,YL94A",-0.8069743,-0.042025767,1,2
"3L5X_A_HL|NL92E,EL93S,YL94G",-1.2653587,0.51197433,1,2
"3L5X_A_HL|NL92E,EL93W,YL94G",-1.5503801,-0.055336967,1,2
"3L5X_A_HL|NL92F,EL93W,YL94G",-1.2329907,-0.35474664,1,2
"3L5X_A_HL|NL92L,EL93D,YL94S",-0.6170473,0.5538628,1,2
"3L5X_A_HL|NL92L,EL93L,YL94G",-0.6259698,0.28238013,1,2
"3L5X_A_HL|NL92L,EL93M,YL94G",-0.82567644,0.36913157,1,2
"3L5X_A_HL|NL92L,EL93N,YL94G",-0.6954369,0.48217237,1,2
"3L5X_A_HL|NL92S,EL93H,YL94G",-1.2457265,0.41470012,1,2
"3L5X_A_HL|NL92S,EL93I,YL94G",-0.8069743,0.246301,1,2
"3L5X_A_HL|NL92S,EL93S,YL94G",-0.24921271,0.27648264,1,2
"3L5X_A_HL|NL92S,EL93V,YL94G",-0.51687235,0.28318912,1,2
"3L5X_A_HL|NL92S,EL93W,YL94A",-0.30302802,0.06640006,1,2
"3L5X_A_HL|NL92S,EL93W,YL94G",-1.2720501,-0.09795297,1,2
"3L5X_A_HL|NL92S,EL93Y,YL94G",-0.9641868,-0.19832559,1,2
"3L5X_A_HL|NL92V,EL93G,YL94G",-0.46300006,0.3046926,1,2
"3L5X_A_HL|NL92V,EL93W,YL94G",-0.83525383,0.0021841507,1,2
3L5X_A_HL|YL94A,-0.82885176,0.59253526,1,2
3N85_A_LH|SH32A,-0.13401966,1.08782,1,2
3N85_A_LH|SH32Y,0.0571225,-1.102899,1,2
3N85_A_LH|SH50G,0.48767117,-1.1855304,1,2
3N85_A_LH|SH52Y,-0.78460336,-0.9828216,1,2
3N85_A_LH|WH100F,-0.015185109,0.51351094,1,2
3N85_A_LH|WH30K,-0.78460336,1.0821439,1,2
3N85_A_LH|WH30R,-0.5539675,0.06792962,1,2
3N85_A_LH|WL91F,0.13959166,0.46371707,1,2
3N85_A_LH|WL94Y,-0.03871881,-0.31535542,1,2
3SE8_HL_G|DH110A,-0.38934898,0.4105698,1,2
3SE8_HL_G|DH114A,-0.2441398,1.0717555,1,2
3SE8_HL_G|DL49A,0.8558488,1.191193,1,2
3SE8_HL_G|EL1A,-0.5565174,-0.19429916,1,2
3SE8_HL_G|EL91A,1.513491,1.4273223,1,2
3SE8_HL_G|FH115A,1.0676043,2.630813,1,2
3SE8_HL_G|FL90A,-0.8640972,1.0009505,1,2
3SE8_HL_G|FL92A,0.8323254,0.61085296,1,2
3SE8_HL_G|GH56A,0.3570972,1.0188756,1,2
3SE8_HL_G|KH52A,1.1114144,-0.08356663,1,2
3SE8_HL_G|LH54A,0.054776184,0.7247882,1,2
3SE8_HL_G|NL30A,0.19434923,0.805081,1,2
3SE8_HL_G|PH78A,0.01881787,0.091063686,1,2
3SE8_HL_G|PH81A,-0.07091986,-0.15339877,1,2
3SE8_HL_G|QH63A,1.1144251,0.04784905,1,2
3SE8_HL_G|QH65A,0.54980505,0.04307694,1,2
3SE8_HL_G|QH76A,0.09689985,0.043212764,1,2
3SE8_HL_G|QL27A,-0.21612903,0.17038196,1,2
3SE8_HL_G|RH30A,-0.03949762,0.6947876,1,2
3SE8_HL_G|RH62A,1.2061691,0.47415593,1,2
3SE8_HL_G|RH72A,2.6444623,1.5768988,1,2
3SE8_HL_G|SH59A,1.1508402,0.12920086,1,2
3SE8_HL_G|VH58A,1.2496852,0.90776926,1,2
3SE8_HL_G|WH47A,1.4751467,1.4373914,1,2
3SE8_HL_G|WH50A,1.333526,1.693501,1,2
3SE8_HL_G|WH55A,0.7611056,0.06445801,1,2
3SE8_HL_G|YH111A,0.82992166,0.9130111,1,2
3SE8_HL_G|YH60A,0.8558488,0.63149613,1,2
4KRL_A_B|DB112A,0.6496817,2.2308793,1,2
5C6T_HL_A|EA194A,1.0906719,1.283506,1,2
5C6T_HL_A|FA192A,1.9972014,1.3060458,1,2
5C6T_HL_A|FA199A,2.7581792,0.7511326,1,2
5C6T_HL_A|FA200A,0.41047263,0.49252152,1,2
5C6T_HL_A|FH99A,1.4600298,0.6270112,1,2
5C6T_HL_A|IA201A,0.88561165,-0.07920622,1,2
5C6T_HL_A|NA183A,0.28399685,0.91128075,1,2
5C6T_HL_A|NA186A,0.3630724,-0.4627646,1,2
5C6T_HL_A|NA188A,-0.36658686,0.602654,1,2
"5C6T_HL_A|NA195A,DA197A",0.58650106,0.38683125,1,2
5C6T_HL_A|NH97A,1.5258962,0.03610377,1,2
5C6T_HL_A|RH31S,0.3115454,0.6533233,1,2
5C6T_HL_A|RL48A,0.1229613,0.85157156,1,2
5C6T_HL_A|SH32A,-0.8683455,0.69728637,1,2
5C6T_HL_A|TA185A,0.33786914,1.0946913,1,2
5C6T_HL_A|YA182A,3.2083547,1.7969966,1,2
"5C6T_HL_A|YA182A,NA195A,DA197A",2.942425,0.95155257,1,2
5C6T_HL_A|YH104A,0.3630724,0.8995416,1,2
5C6T_HL_A|YH98A,1.7166799,1.4502451,1,2
5C6T_HL_A|YL47A,0.5516565,2.1855698,1,2
1KIP_AB_C|AB32Y,-0.8005932,-1.4069486,1,3
1XGU_AB_C|FB33A,4.0,3.3043993,1,3
1XGU_AB_C|FB33I,1.8004549,1.234613,1,3
1XGU_AB_C|FB33L,1.8617703,1.2538127,1,3
1XGU_AB_C|FB33V,2.9080825,2.3093505,1,3
2B2X_HL_A|EH64K,-0.033433665,0.39357156,1,3
"2B2X_HL_A|EH64K,QL28S,YL52N",0.911615,0.5475893,1,3
"2B2X_HL_A|EH64K,QL28S,YL52N,GH102S",2.7106705,0.5243515,1,3
"2B2X_HL_A|EH64K,QL28S,YL52N,SH35A",3.119054,1.8202786,1,3
"2B2X_HL_A|EH64K,QL28S,YL52N,SH35V",3.770335,1.6367263,1,3
"2B2X_HL_A|EH64K,YL52N",0.34853002,0.6703615,1,3
"2B2X_HL_A|QL28S,YL52N",0.8626942,0.048770137,1,3
2B2X_HL_A|VH50T,0.024054652,-0.46346205,1,3
"2B2X_HL_A|VH50T,EH64D,QL28S,YL52N",0.87177193,-0.08560765,1,3
"2B2X_HL_A|VH50T,EH64K,QL28S",0.991589,0.2925606,1,3
"2B2X_HL_A|VH50T,EH64K,QL28S,YL52D",1.5439764,0.4964452,1,3
"2B2X_HL_A|VH50T,EH64K,QL28S,YL52E",0.95452905,0.74651086,1,3
"2B2X_HL_A|VH50T,EH64K,QL28S,YL52K",1.7007239,1.1862292,1,3
"2B2X_HL_A|VH50T,EH64K,QL28S,YL52N",1.043214,0.55849946,1,3
"2B2X_HL_A|VH50T,EH64K,QL28S,YL52N,FH99W",1.043214,0.48545715,1,3
"2B2X_HL_A|VH50T,EH64K,QL28S,YL52N,FH99Y",1.7978828,0.29590306,1,3
"2B2X_HL_A|VH50T,EH64K,QL28S,YL52N,GH100F",1.4322319,0.3263702,1,3
"2B2X_HL_A|VH50T,EH64K,QL28S,YL52N,GH100L",3.770335,0.87916565,1,3
"2B2X_HL_A|VH50T,EH64K,QL28S,YL52N,GH100M",1.145348,0.61442876,1,3
"2B2X_HL_A|VH50T,EH64K,QL28S,YL52N,GH100S",1.6009614,0.5977752,1,3
"2B2X_HL_A|VH50T,EH64K,QL28S,YL52N,GH53A",1.5558206,0.9388423,1,3
"2B2X_HL_A|VH50T,EH64K,QL28S,YL52N,GH53N",2.2985272,0.78457105,1,3
"2B2X_HL_A|VH50T,EH64K,QL28S,YL52N,GH53S",1.7188073,0.706118,1,3
"2B2X_HL_A|VH50T,EH64K,QL28S,YL52N,GH54I",2.4067745,0.73858047,1,3
"2B2X_HL_A|VH50T,EH64K,QL28S,YL52N,GH54T",2.2073808,1.0054306,1,3
"2B2X_HL_A|VH50T,EH64K,QL28S,YL52N,GH54Y",1.043214,0.09587312,1,3
"2B2X_HL_A|VH50T,EH64K,QL28S,YL52N,GL92Q",2.6158988,1.1261814,1,3
"2B2X_HL_A|VH50T,EH64K,QL28S,YL52N,GL92S",1.5558206,0.57179475,1,3
"2B2X_HL_A|VH50T,EH64K,QL28S,YL52N,HL31K",2.2073808,1.0899539,1,3
"2B2X_HL_A|VH50T,EH64K,QL28S,YL52N,HL31R",2.1670115,0.5516002,1,3
"2B2X_HL_A|VH50T,EH64K,QL28S,YL52N,HL31W",2.2985272,0.36052564,1,3
"2B2X_HL_A|VH50T,EH64K,QL28S,YL52N,LH60D",0.981894,0.35050407,1,3
"2B2X_HL_A|VH50T,EH64K,QL28S,YL52N,LL49F",1.7554936,0.3151241,1,3
"2B2X_HL_A|VH50T,EH64K,QL28S,YL52N,LL49K",1.9044149,0.8899988,1,3
"2B2X_HL_A|VH50T,EH64K,QL28S,YL52N,LL49W",2.9507816,0.23270428,1,3
"2B2X_HL_A|VH50T,EH64K,QL28S,YL52N,NL30V",2.0925434,0.727196,1,3
"2B2X_HL_A|VH50T,EH64K,QL28S,YL52N,NL30W",2.6158988,0.662344,1,3
"2B2X_HL_A|VH50T,EH64K,QL28S,YL52N,NL30Y",2.9507816,0.27828845,1,3
"2B2X_HL_A|VH50T,EH64K,QL28S,YL52N,NL30Y,SL91I",1.4775821,0.7103058,1,3
"2B2X_HL_A|VH50T,EH64K,QL28S,YL52N,RH31Q",2.350542,0.77187157,1,3
"2B2X_HL_A|VH50T,EH64K,QL28S,YL52N,SH35A",2.6158988,1.8601977,1,3
"2B2X_HL_A|VH50T,EH64K,QL28S,YL52N,SH35A,GH102S",2.6158988,1.7616688,1,3
"2B2X_HL_A|VH50T,EH64K,QL28S,YL52N,SH35Q",3.770335,1.8744724,1,3
"2B2X_HL_A|VH50T,EH64K,QL28S,YL52N,SH35V,GH102S",2.4688888,1.6845462,1,3
"2B2X_HL_A|VH50T,EH64K,QL28S,YL52N,SH52M",3.119054,0.76771295,1,3
"2B2X_HL_A|VH50T,EH64K,QL28S,YL52N,SL24R",0.82788163,0.7912431,1,3
"2B2X_HL_A|VH50T,EH64K,QL28S,YL52N,SL91Q",2.8172472,1.2329813,1,3
"2B2X_HL_A|VH50T,EH64K,QL28S,YL52N,SL91R",3.770335,0.9679543,1,3
"2B2X_HL_A|VH50T,EH64K,QL28S,YL52N,SL91R,NL30E",3.770335,1.2500653,1,3
"2B2X_HL_A|VH50T,EH64K,QL28S,YL52N,SL91T",3.3598623,1.2793467,1,3
"2B2X_HL_A|VH50T,EH64K,QL28S,YL52N,TH33E,GH53Q",2.7106705,1.3576155,1,3
"2B2X_HL_A|VH50T,EH64K,QL28S,YL52N,TH33I,SH52T,GH53N,GH54N",2.9507816,1.5869147,1,3
"2B2X_HL_A|VH50T,EH64K,QL28S,YL52N,TH33I,SH52T,GH53Q,GH54F",2.2985272,2.077955,1,3
"2B2X_HL_A|VH50T,EH64K,QL28S,YL52N,TH33N",3.770335,0.68315613,1,3
"2B2X_HL_A|VH50T,EH64K,QL28S,YL52N,TH33V",1.4775821,0.71154964,1,3
"2B2X_HL_A|VH50T,EH64K,QL28S,YL52N,WL90Q",3.119054,1.5696391,1,3
"2B2X_HL_A|VH50T,EH64K,QL28S,YL52N,WL90Q,FL33Y",1.914233,1.2762871,1,3
"2B2X_HL_A|VH50T,EH64K,QL28S,YL52N,YH58E",3.119054,1.4376047,1,3
"2B2X_HL_A|VH50T,EH64K,QL28S,YL52N,YH58Q",3.119054,1.8793482,1,3
"2B2X_HL_A|VH50T,EH64K,QL28S,YL52N,YH58W",1.8641591,0.86278737,1,3
"2B2X_HL_A|VH50T,EH64K,QL28S,YL52N,YH59E",1.5872209,0.8651402,1,3
"2B2X_HL_A|VH50T,EH64K,QL28S,YL52R",1.8880546,0.7462586,1,3
"2B2X_HL_A|VH50T,EH64K,YL52N",0.28173435,0.66003656,1,3
"2B2X_HL_A|VH50T,EH64N,QL28S,YL52N",1.0069425,0.1632538,1,3
"2B2X_HL_A|VH50T,EH64Q,QL28S,YL52N",0.96559924,0.36709666,1,3
"2B2X_HL_A|VH50T,EH64Q,QL28S,YL52N,LH60D",1.0862032,0.18252787,1,3
"2B2X_HL_A|VH50T,QL28S,YL52N",0.96559924,-0.0047092773,1,3
"2B2X_HL_A|VH50T,QL28S,YL52N,LH60D",0.90141344,-0.21714237,1,3
"2B2X_HL_A|VH50T,YL52N",0.18636756,0.0042659007,1,3
2B2X_HL_A|YL52E,-0.22410508,0.57548404,1,3
2VIR_AB_C|SC115L,3.680209,0.644992,1,3
2VIR_AB_C|TC89I,4.0,1.6580241,1,3
"3G6D_LH_A|EL3V,GL76R,TL77V,QL78E,EL80G",0.13981691,0.19627616,1,3
"3G6D_LH_A|EL3V,GL76R,TL77V,QL78E,EL80G,DH54N",0.111178115,0.5307754,1,3
"3G6D_LH_A|EL3V,GL76R,TL77V,QL78E,EL80G,TL89S,ML92I,VL93D,TL94K",0.27145106,-0.32537013,1,3
3G6D_LH_A|HH104A,-0.9530879,0.49703494,1,3
"3G6D_LH_A|KH210T,KH215T",-0.13294782,-0.36810473,1,3
"3G6D_LH_A|TL89S,ML92I,VL93D,TL94K",0.7979767,-0.3930811,1,3
3G6D_LH_A|WH105A,-1.4965084,1.761932,1,3
"3IDX_HL_G|CG27I,CG242Q",-2.4650376,0.368225,1,3
"3IDX_HL_G|CG27I,CG242Q,MG247A",-2.1736174,0.26857397,1,3
"3IDX_HL_G|KG85C,EG121C,CG27I,CG242Q",-2.3776865,0.57153213,1,3
"3IDX_HL_G|KG85C,EG121C,WG13M,MG247A,CG14W,CG129V,CG27I,CG242Q",-2.1922898,0.08631119,1,3
"3IDX_HL_G|KG85C,EG122C,WG13M,MG247A,CG14W,CG129V,CG27I,CG242Q",-2.2927184,0.06583469,1,3
"3IDX_HL_G|TG41C,GG245C,MG247A",0.40945426,-0.16044572,1,3
"3IDX_HL_G|TG41C,GG245C,WG13M,MG247A,CG14W,CG129V,CG27I,CG242Q",-2.3310676,-0.49830922,1,3
"3IDX_HL_G|WG13M,MG247A,CG14W,CG129V",-0.6475391,0.01136753,1,3
"3IDX_HL_G|WG13M,MG247A,CG14W,CG129V,CG27I,CG242Q",-2.3479884,0.09964852,1,3
"3IDX_HL_G|WG13M,MG247A,CG14W,CG129V,KG85C,EG121C",-0.36166522,-0.037364222,1,3
"3IDX_HL_G|WG13M,SG111T,WG200S,MG247A,CG14W,CG129V,CG27I,CG242Q",-1.8639641,-0.081674874,1,3
"3L5X_A_HL|EL93F,YL94G",-0.42800838,0.49095353,1,3
"3L5X_A_HL|EL93H,YL94G",-0.7626503,0.6036868,1,3
"3L5X_A_HL|HL91P,NL92I,EL93D,YL94A",-0.6466697,1.0684551,1,3
"3L5X_A_HL|HL91P,NL92L,EL93D,YL94S",-0.6327897,0.5619204,1,3
"3L5X_A_HL|HL91P,NL92L,EL93D,YL94T",-0.81005055,0.86749744,1,3
"3L5X_A_HL|HL91P,NL92L,EL93D,YL94V",-0.85822237,0.91651213,1,3
"3L5X_A_HL|HL91P,NL92L,YL94A",-0.44441348,1.4229981,1,3
"3L5X_A_HL|HL91Q,NL92D,EL93I,YL94G",-1.5503801,1.3893007,1,3
"3L5X_A_HL|HL91Q,NL92D,EL93L,YL94G",-1.785132,1.3849247,1,3
"3L5X_A_HL|HL91Q,NL92D,EL93Y,YL94G",-1.451453,0.16454759,1,3
"3L5X_A_HL|NL92D,EL93L,YL94G",-0.42962858,0.77863,1,3
"3L5X_A_HL|NL92D,EL93N,YL94S",-0.53403836,0.37136388,1,3
"3L5X_A_HL|NL92D,EL93P,YL94G",-1.4699602,0.7366878,1,3
"3L5X_A_HL|NL92D,EL93R,YL94D",-0.52253926,0.26469108,1,3
"3L5X_A_HL|NL92D,EL93W,YL94E",-1.1963489,-0.008280732,1,3
"3L5X_A_HL|NL92D,EL93W,YL94G",-1.6825228,0.13353689,1,3
"3L5X_A_HL|NL92D,EL93W,YL94S",-0.71612674,-0.12565494,1,3
"3L5X_A_HL|NL92D,EL93Y,YL94A",-0.8069743,0.15589456,1,3
"3L5X_A_HL|NL92E,EL93S,YL94G",-1.2653587,0.43882293,1,3
"3L5X_A_HL|NL92E,EL93W,YL94G",-1.5503801,0.26966426,1,3
"3L5X_A_HL|NL92F,EL93W,YL94G",-1.2329907,-0.15669563,1,3
"3L5X_A_HL|NL92L,EL93D,YL94S",-0.6170473,0.34526902,1,3
"3L5X_A_HL|NL92L,EL93L,YL94G",-0.6259698,0.91110206,1,3
"3L5X_A_HL|NL92L,EL93M,YL94G",-0.82567644,0.798167,1,3
"3L5X_A_HL|NL92L,EL93N,YL94G",-0.6954369,0.8538667,1,3
"3L5X_A_HL|NL92S,EL93H,YL94G",-1.2457265,0.56004107,1,3
"3L5X_A_HL|NL92S,EL93I,YL94G",-0.8069743,0.85273015,1,3
"3L5X_A_HL|NL92S,EL93S,YL94G",-0.24921271,0.32221895,1,3
"3L5X_A_HL|NL92S,EL93V,YL94G",-0.51687235,0.8126832,1,3
"3L5X_A_HL|NL92S,EL93W,YL94A",-0.30302802,0.45173064,1,3
"3L5X_A_HL|NL92S,EL93W,YL94G",-1.2720501,0.18394935,1,3
"3L5X_A_HL|NL92S,EL93Y,YL94G",-0.9641868,-0.20450766,1,3
"3L5X_A_HL|NL92V,EL93G,YL94G",-0.46300006,0.5887388,1,3
"3L5X_A_HL|NL92V,EL93W,YL94G",-0.83525383,0.4746674,1,3
3L5X_A_HL|YL94A,-0.82885176,1.215783,1,3
3N85_A_LH|SH32A,-0.13401966,1.0428077,1,3
3N85_A_LH|SH32Y,0.0571225,-0.70486176,1,3
3N85_A_LH|SH50G,0.48767117,-0.08328731,1,3
3N85_A_LH|SH52Y,-0.78460336,-1.0645523,1,3
3N85_A_LH|WH100F,-0.015185109,0.3260754,1,3
3N85_A_LH|WH30K,-0.78460336,0.7798251,1,3
3N85_A_LH|WH30R,-0.5539675,0.1502032,1,3
3N85_A_LH|WL91F,0.13959166,0.8813678,1,3
3N85_A_LH|WL94Y,-0.03871881,-0.8948659,1,3
3SE8_HL_G|DH110A,-0.38934898,0.7694042,1,3
3SE8_HL_G|DH114A,-0.2441398,1.1196734,1,3
3SE8_HL_G|DL49A,0.8558488,1.6885595,1,3
3SE8_HL_G|EL1A,-0.5565174,0.43921888,1,3
3SE8_HL_G|EL91A,1.513491,1.1844428,1,3
3SE8_HL_G|FH115A,1.0676043,1.0569602,1,3
3SE8_HL_G|FL90A,-0.8640972,1.0752085,1,3
3SE8_HL_G|FL92A,0.8323254,0.645399,1,3
3SE8_HL_G|GH56A,0.3570972,1.0470219,1,3
3SE8_HL_G|KH52A,1.1114144,0.5831287,1,3
3SE8_HL_G|LH54A,0.054776184,0.7144753,1,3
3SE8_HL_G|NL30A,0.19434923,1.3320812,1,3
3SE8_HL_G|PH78A,0.01881787,0.4999207,1,3
3SE8_HL_G|PH81A,-0.07091986,0.3367149,1,3
3SE8_HL_G|QH63A,1.1144251,0.51480806,1,3
3SE8_HL_G|QH65A,0.54980505,0.44079757,1,3
3SE8_HL_G|QH76A,0.09689985,0.4072511,1,3
3SE8_HL_G|QL27A,-0.21612903,0.41443825,1,3
3SE8_HL_G|RH30A,-0.03949762,1.052912,1,3
3SE8_HL_G|RH62A,1.2061691,0.48859158,1,3
3SE8_HL_G|RH72A,2.6444623,0.5684098,1,3
3SE8_HL_G|SH59A,1.1508402,1.0529848,1,3
3SE8_HL_G|VH58A,1.2496852,0.6884924,1,3
3SE8_HL_G|WH47A,1.4751467,1.3521895,1,3
3SE8_HL_G|WH50A,1.333526,2.1256444,1,3
3SE8_HL_G|WH55A,0.7611056,1.0036633,1,3
3SE8_HL_G|YH111A,0.82992166,1.2397711,1,3
3SE8_HL_G|YH60A,0.8558488,1.2701205,1,3
4KRL_A_B|DB112A,0.6496817,2.4139905,1,3
5C6T_HL_A|EA194A,1.0906719,0.4450355,1,3
5C6T_HL_A|FA192A,1.9972014,1.2208523,1,3
5C6T_HL_A|FA199A,2.7581792,0.8696928,1,3
5C6T_HL_A|FA200A,0.41047263,1.3989215,1,3
5C6T_HL_A|FH99A,1.4600298,0.44526532,1,3
5C6T_HL_A|IA201A,0.88561165,-0.27056652,1,3
5C6T_HL_A|NA183A,0.28399685,1.070251,1,3
5C6T_HL_A|NA186A,0.3630724,-0.16309488,1,3
5C6T_HL_A|NA188A,-0.36658686,1.0008733,1,3
"5C6T_HL_A|NA195A,DA197A",0.58650106,0.66489923,1,3
5C6T_HL_A|NH97A,1.5258962,1.0133774,1,3
5C6T_HL_A|RH31S,0.3115454,-0.08393119,1,3
5C6T_HL_A|RL48A,0.1229613,0.6966814,1,3
5C6T_HL_A|SH32A,-0.8683455,1.0625447,1,3
5C6T_HL_A|TA185A,0.33786914,0.85829735,1,3
5C6T_HL_A|YA182A,3.2083547,1.4842556,1,3
"5C6T_HL_A|YA182A,NA195A,DA197A",2.942425,1.6572397,1,3
5C6T_HL_A|YH104A,0.3630724,1.2632625,1,3
5C6T_HL_A|YH98A,1.7166799,1.6728739,1,3
5C6T_HL_A|YL47A,0.5516565,2.0076993,1,3
1KIP_AB_C|AB32Y,-0.8005932,-1.3177812,1,4
1XGU_AB_C|FB33A,4.0,3.6455405,1,4
1XGU_AB_C|FB33I,1.8004549,1.8945367,1,4
1XGU_AB_C|FB33L,1.8617703,1.9560562,1,4
1XGU_AB_C|FB33V,2.9080825,2.9389083,1,4
2B2X_HL_A|EH64K,-0.033433665,0.10766429,1,4
"2B2X_HL_A|EH64K,QL28S,YL52N",0.911615,-0.07732562,1,4
"2B2X_HL_A|EH64K,QL28S,YL52N,GH102S",2.7106705,0.22481757,1,4
"2B2X_HL_A|EH64K,QL28S,YL52N,SH35A",3.119054,0.3571411,1,4
"2B2X_HL_A|EH64K,QL28S,YL52N,SH35V",3.770335,0.4469951,1,4
"2B2X_HL_A|EH64K,YL52N",0.34853002,0.15453988,1,4
"2B2X_HL_A|QL28S,YL52N",0.8626942,-0.31836033,1,4
2B2X_HL_A|VH50T,0.024054652,0.34014234,1,4
"2B2X_HL_A|VH50T,EH64D,QL28S,YL52N",0.87177193,-0.15081054,1,4
"2B2X_HL_A|VH50T,EH64K,QL28S",0.991589,0.12480606,1,4
"2B2X_HL_A|VH50T,EH64K,QL28S,YL52D",1.5439764,-0.05920764,1,4
"2B2X_HL_A|VH50T,EH64K,QL28S,YL52E",0.95452905,0.29413477,1,4
"2B2X_HL_A|VH50T,EH64K,QL28S,YL52K",1.7007239,1.1080365,1,4
"2B2X_HL_A|VH50T,EH64K,QL28S,YL52N",1.043214,0.14737946,1,4
"2B2X_HL_A|VH50T,EH64K,QL28S,YL52N,FH99W",1.043214,-0.6303342,1,4
"2B2X_HL_A|VH50T,EH64K,QL28S,YL52N,FH99Y",1.7978828,-0.32049677,1,4
"2B2X_HL_A|VH50T,EH64K,QL28S,YL52N,GH100F",1.4322319,0.26624846,1,4
"2B2X_HL_A|VH50T,EH64K,QL28S,YL52N,GH100L",3.770335,0.09529671,1,4
"2B2X_HL_A|VH50T,EH64K,QL28S,YL52N,GH100M",1.145348,0.40795064,1,4
"2B2X_HL_A|VH50T,EH64K,QL28S,YL52N,GH100S",1.6009614,0.40638405,1,4
"2B2X_HL_A|VH50T,EH64K,QL28S,YL52N,GH53A",1.5558206,0.6962382,1,4
"2B2X_HL_A|VH50T,EH64K,QL28S,YL52N,GH53N",2.2985272,0.4909007,1,4
"2B2X_HL_A|VH50T,EH64K,QL28S,YL52N,GH53S",1.7188073,0.3108363,1,4
"2B2X_HL_A|VH50T,EH64K,QL28S,YL52N,GH54I",2.4067745,0.32937577,1,4
"2B2X_HL_A|VH50T,EH64K,QL28S,YL52N,GH54T",2.2073808,0.64725703,1,4
"2B2X_HL_A|VH50T,EH64K,QL28S,YL52N,GH54Y",1.043214,0.18191461,1,4
"2B2X_HL_A|VH50T,EH64K,QL28S,YL52N,GL92Q",2.6158988,0.6463808,1,4
"2B2X_HL_A|VH50T,EH64K,QL28S,YL52N,GL92S",1.5558206,0.39653498,1,4
"2B2X_HL_A|VH50T,EH64K,QL28S,YL52N,HL31K",2.2073808,1.031346,1,4
"2B2X_HL_A|VH50T,EH64K,QL28S,YL52N,HL31R",2.1670115,0.11994104,1,4
"2B2X_HL_A|VH50T,EH64K,QL28S,YL52N,HL31W",2.2985272,0.26859438,1,4
"2B2X_HL_A|VH50T,EH64K,QL28S,YL52N,LH60D",0.981894,-0.026142716,1,4
"2B2X_HL_A|VH50T,EH64K,QL28S,YL52N,LL49F",1.7554936,0.003926441,1,4
"2B2X_HL_A|VH50T,EH64K,QL28S,YL52N,LL49K",1.9044149,0.35366634,1,4
"2B2X_HL_A|VH50T,EH64K,QL28S,YL52N,LL49W",2.9507816,-0.2192798,1,4
"2B2X_HL_A|VH50T,EH64K,QL28S,YL52N,NL30V",2.0925434,0.41234156,1,4
"2B2X_HL_A|VH50T,EH64K,QL28S,YL52N,NL30W",2.6158988,0.40918258,1,4
"2B2X_HL_A|VH50T,EH64K,QL28S,YL52N,NL30Y",2.9507816,0.10483982,1,4
"2B2X_HL_A|VH50T,EH64K,QL28S,YL52N,NL30Y,SL91I",1.4775821,0.3409081,1,4
"2B2X_HL_A|VH50T,EH64K,QL28S,YL52N,RH31Q",2.350542,0.248155,1,4
"2B2X_HL_A|VH50T,EH64K,QL28S,YL52N,SH35A",2.6158988,0.620714,1,4
"2B2X_HL_A|VH50T,EH64K,QL28S,YL52N,SH35A,GH102S",2.6158988,0.7802403,1,4
"2B2X_HL_A|VH50T,EH64K,QL28S,YL52N,SH35Q",3.770335,0.53961134,1,4
"2B2X_HL_A|VH50T,EH64K,QL28S,YL52N,SH35V,GH102S",2.4688888,0.9499667,1,4
"2B2X_HL_A|VH50T,EH64K,QL28S,YL52N,SH52M",3.119054,0.25204623,1,4
"2B2X_HL_A|VH50T,EH64K,QL28S,YL52N,SL24R",0.82788163,-0.033396684,1,4
"2B2X_HL_A|VH50T,EH64K,QL28S,YL52N,SL91Q",2.8172472,0.5582759,1,4
"2B2X_HL_A|VH50T,EH64K,QL28S,YL52N,SL91R",3.770335,0.2573262,1,4
"2B2X_HL_A|VH50T,EH64K,QL28S,YL52N,SL91R,NL30E",3.770335,1.0640799,1,4
"2B2X_HL_A|VH50T,EH64K,QL28S,YL52N,SL91T",3.3598623,0.3508234,1,4
"2B2X_HL_A|VH50T,EH64K,QL28S,YL52N,TH33E,GH53Q",2.7106705,1.2069993,1,4
"2B2X_HL_A|VH50T,EH64K,QL28S,YL52N,TH33I,SH52T,GH53N,GH54N",2.9507816,1.4563869,1,4
"2B2X_HL_A|VH50T,EH64K,QL28S,YL52N,TH33I,SH52T,GH53Q,GH54F",2.2985272,1.4710153,1,4
"2B2X_HL_A|VH50T,EH64K,QL28S,YL52N,TH33N",3.770335,0.49938634,1,4
"2B2X_HL_A|VH50T,EH64K,QL28S,YL52N,TH33V",1.4775821,0.54537195,1,4
"2B2X_HL_A|VH50T,EH64K,QL28S,YL52N,WL90Q",3.119054,0.9411717,1,4
"2B2X_HL_A|VH50T,EH64K,QL28S,YL52N,WL90Q,FL33Y",1.914233,0.88229454,1,4
"2B2X_HL_A|VH50T,EH64K,QL28S,YL52N,YH58E",3.119054,0.6689365,1,4
"2B2X_HL_A|VH50T,EH64K,QL28S,YL52N,YH58Q",3.119054,0.77434695,1,4
"2B2X_HL_A|VH50T,EH64K,QL28S,YL52N,YH58W",1.8641591,0.23032457,1,4
"2B2X_HL_A|VH50T,EH64K,QL28S,YL52N,YH59E",1.5872209,0.46090382,1,4
"2B2X_HL_A|VH50T,EH64K,QL28S,YL52R",1.8880546,0.537705,1,4
"2B2X_HL_A|VH50T,EH64K,YL52N",0.28173435,0.37878418,1,4
"2B2X_HL_A|VH50T,EH64N,QL28S,YL52N",1.0069425,0.098352015,1,4
"2B2X_HL_A|VH50T,EH64Q,QL28S,YL52N",0.96559924,0.044934314,1,4
"2B2X_HL_A|VH50T,EH64Q,QL28S,YL52N,LH60D",1.0862032,-0.05054722,1,4
"2B2X_HL_A|VH50T,QL28S,YL52N",0.96559924,-0.122482665,1,4
"2B2X_HL_A|VH50T,QL28S,YL52N,LH60D",0.90141344,-0.2642824,1,4
"2B2X_HL_A|VH50T,YL52N",0.18636756,0.122015536,1,4
2B2X_HL_A|YL52E,-0.22410508,0.20381212,1,4
2VIR_AB_C|SC115L,3.680209,0.35836595,1,4
2VIR_AB_C|TC89I,4.0,3.5542922,1,4
"3G6D_LH_A|EL3V,GL76R,TL77V,QL78E,EL80G",0.13981691,0.21635538,1,4
"3G6D_LH_A|EL3V,GL76R,TL77V,QL78E,EL80G,DH54N",0.111178115,0.6531695,1,4
"3G6D_LH_A|EL3V,GL76R,TL77V,QL78E,EL80G,TL89S,ML92I,VL93D,TL94K",0.27145106,-0.19758058,1,4
3G6D_LH_A|HH104A,-0.9530879,0.23385239,1,4
"3G6D_LH_A|KH210T,KH215T",-0.13294782,-0.34278098,1,4
"3G6D_LH_A|TL89S,ML92I,VL93D,TL94K",0.7979767,-0.34796834,1,4
3G6D_LH_A|WH105A,-1.4965084,3.2851226,1,4
"3IDX_HL_G|CG27I,CG242Q",-2.4650376,0.19755247,1,4
"3IDX_HL_G|CG27I,CG242Q,MG247A",-2.1736174,0.17424312,1,4
"3IDX_HL_G|KG85C,EG121C,CG27I,CG242Q",-2.3776865,0.013629854,1,4
"3IDX_HL_G|KG85C,EG121C,WG13M,MG247A,CG14W,CG129V,CG27I,CG242Q",-2.1922898,0.20616311,1,4
"3IDX_HL_G|KG85C,EG122C,WG13M,MG247A,CG14W,CG129V,CG27I,CG242Q",-2.2927184,0.26226133,1,4
"3IDX_HL_G|TG41C,GG245C,MG247A",0.40945426,-0.24934283,1,4
"3IDX_HL_G|TG41C,GG245C,WG13M,MG247A,CG14W,CG129V,CG27I,CG242Q",-2.3310676,-0.18196118,1,4
"3IDX_HL_G|WG13M,MG247A,CG14W,CG129V",-0.6475391,0.20260975,1,4
"3IDX_HL_G|WG13M,MG247A,CG14W,CG129V,CG27I,CG242Q",-2.3479884,0.4971111,1,4
"3IDX_HL_G|WG13M,MG247A,CG14W,CG129V,KG85C,EG121C",-0.36166522,0.12985393,1,4
"3IDX_HL_G|WG13M,SG111T,WG200S,MG247A,CG14W,CG129V,CG27I,CG242Q",-1.8639641,0.13544226,1,4
"3L5X_A_HL|EL93F,YL94G",-0.42800838,0.71176213,1,4
"3L5X_A_HL|EL93H,YL94G",-0.7626503,0.62877756,1,4
"3L5X_A_HL|HL91P,NL92I,EL93D,YL94A",-0.6466697,0.17629062,1,4
"3L5X_A_HL|HL91P,NL92L,EL93D,YL94S",-0.6327897,-0.24747461,1,4
"3L5X_A_HL|HL91P,NL92L,EL93D,YL94T",-0.81005055,-0.18021098,1,4
"3L5X_A_HL|HL91P,NL92L,EL93D,YL94V",-0.85822237,-0.5185935,1,4
"3L5X_A_HL|HL91P,NL92L,YL94A",-0.44441348,-0.39195663,1,4
"3L5X_A_HL|HL91Q,NL92D,EL93I,YL94G",-1.5503801,0.21517986,1,4
"3L5X_A_HL|HL91Q,NL92D,EL93L,YL94G",-1.785132,-0.043317713,1,4
"3L5X_A_HL|HL91Q,NL92D,EL93Y,YL94G",-1.451453,-0.4546405,1,4
"3L5X_A_HL|NL92D,EL93L,YL94G",-0.42962858,-0.12715223,1,4
"3L5X_A_HL|NL92D,EL93N,YL94S",-0.53403836,0.2407665,1,4
"3L5X_A_HL|NL92D,EL93P,YL94G",-1.4699602,0.19753852,1,4
"3L5X_A_HL|NL92D,EL93R,YL94D",-0.52253926,-0.31198674,1,4
"3L5X_A_HL|NL92D,EL93W,YL94E",-1.1963489,-0.5497821,1,4
"3L5X_A_HL|NL92D,EL93W,YL94G",-1.6825228,-0.49878478,1,4
"3L5X_A_HL|NL92D,EL93W,YL94S",-0.71612674,-0.46658397,1,4
"3L5X_A_HL|NL92D,EL93Y,YL94A",-0.8069743,-0.17779937,1,4
"3L5X_A_HL|NL92E,EL93S,YL94G",-1.2653587,-0.48445183,1,4
"3L5X_A_HL|NL92E,EL93W,YL94G",-1.5503801,-0.6583816,1,4
"3L5X_A_HL|NL92F,EL93W,YL94G",-1.2329907,-0.2576775,1,4
"3L5X_A_HL|NL92L,EL93D,YL94S",-0.6170473,-0.25336808,1,4
"3L5X_A_HL|NL92L,EL93L,YL94G",-0.6259698,-0.33950543,1,4
"3L5X_A_HL|NL92L,EL93M,YL94G",-0.82567644,-0.20519921,1,4
"3L5X_A_HL|NL92L,EL93N,YL94G",-0.6954369,-0.062764816,1,4
"3L5X_A_HL|NL92S,EL93H,YL94G",-1.2457265,0.04708992,1,4
"3L5X_A_HL|NL92S,EL93I,YL94G",-0.8069743,0.2215282,1,4
"3L5X_A_HL|NL92S,EL93S,YL94G",-0.24921271,-0.21736795,1,4
"3L5X_A_HL|NL92S,EL93V,YL94G",-0.51687235,0.052862115,1,4
"3L5X_A_HL|NL92S,EL93W,YL94A",-0.30302802,-0.20444837,1,4
"3L5X_A_HL|NL92S,EL93W,YL94G",-1.2720501,-0.25679034,1,4
"3L5X_A_HL|NL92S,EL93Y,YL94G",-0.9641868,-0.13592926,1,4
"3L5X_A_HL|NL92V,EL93G,YL94G",-0.46300006,-0.16284755,1,4
"3L5X_A_HL|NL92V,EL93W,YL94G",-0.83525383,-0.12799838,1,4
3L5X_A_HL|YL94A,-0.82885176,0.5934739,1,4
3N85_A_LH|SH32A,-0.13401966,1.8412067,1,4
3N85_A_LH|SH32Y,0.0571225,-2.1077418,1,4
3N85_A_LH|SH50G,0.48767117,-0.9831382,1,4
3N85_A_LH|SH52Y,-0.78460336,-0.91558665,1,4
3N85_A_LH|WH100F,-0.015185109,1.8555174,1,4
3N85_A_LH|WH30K,-0.78460336,0.7695221,1,4
3N85_A_LH|WH30R,-0.5539675,0.044917922,1,4
3N85_A_LH|WL91F,0.13959166,2.4491093,1,4
3N85_A_LH|WL94Y,-0.03871881,-0.17890751,1,4
3SE8_HL_G|DH110A,-0.38934898,0.31530207,1,4
3SE8_HL_G|DH114A,-0.2441398,2.854821,1,4
3SE8_HL_G|DL49A,0.8558488,1.9469242,1,4
3SE8_HL_G|EL1A,-0.5565174,0.028843656,1,4
3SE8_HL_G|EL91A,1.513491,2.1008952,1,4
3SE8_HL_G|FH115A,1.0676043,1.616666,1,4
3SE8_HL_G|FL90A,-0.8640972,0.7974251,1,4
3SE8_HL_G|FL92A,0.8323254,0.6843027,1,4
3SE8_HL_G|GH56A,0.3570972,1.1621755,1,4
3SE8_HL_G|KH52A,1.1114144,0.7772023,1,4
3SE8_HL_G|LH54A,0.054776184,0.7561778,1,4
3SE8_HL_G|NL30A,0.19434923,1.385458,1,4
3SE8_HL_G|PH78A,0.01881787,0.3453137,1,4
3SE8_HL_G|PH81A,-0.07091986,1.1140674,1,4
3SE8_HL_G|QH63A,1.1144251,0.15337855,1,4
3SE8_HL_G|QH65A,0.54980505,0.27479807,1,4
3SE8_HL_G|QH76A,0.09689985,0.10740865,1,4
3SE8_HL_G|QL27A,-0.21612903,0.16442081,1,4
3SE8_HL_G|RH30A,-0.03949762,0.79181457,1,4
3SE8_HL_G|RH62A,1.2061691,0.38687038,1,4
3SE8_HL_G|RH72A,2.6444623,0.6496203,1,4
3SE8_HL_G|SH59A,1.1508402,0.52040446,1,4
3SE8_HL_G|VH58A,1.2496852,0.71021944,1,4
3SE8_HL_G|WH47A,1.4751467,2.3748605,1,4
3SE8_HL_G|WH50A,1.333526,1.8604903,1,4
3SE8_HL_G|WH55A,0.7611056,1.1706374,1,4
3SE8_HL_G|YH111A,0.82992166,0.987085,1,4
3SE8_HL_G|YH60A,0.8558488,0.65534955,1,4
4KRL_A_B|DB112A,0.6496817,1.8812777,1,4
5C6T_HL_A|EA194A,1.0906719,1.5239892,1,4
5C6T_HL_A|FA192A,1.9972014,2.2112753,1,4
5C6T_HL_A|FA199A,2.7581792,1.5460118,1,4
5C6T_HL_A|FA200A,0.41047263,1.2766596,1,4
5C6T_HL_A|FH99A,1.4600298,0.9227622,1,4
5C6T_HL_A|IA201A,0.88561165,0.52092,1,4
5C6T_HL_A|NA183A,0.28399685,1.4224572,1,4
5C6T_HL_A|NA186A,0.3630724,-0.043080322,1,4
5C6T_HL_A|NA188A,-0.36658686,1.2715636,1,4
"5C6T_HL_A|NA195A,DA197A",0.58650106,1.0690048,1,4
5C6T_HL_A|NH97A,1.5258962,0.3026951,1,4
5C6T_HL_A|RH31S,0.3115454,0.68528634,1,4
5C6T_HL_A|RL48A,0.1229613,0.20556027,1,4
5C6T_HL_A|SH32A,-0.8683455,0.66372573,1,4
5C6T_HL_A|TA185A,0.33786914,1.0288495,1,4
5C6T_HL_A|YA182A,3.2083547,1.3672308,1,4
"5C6T_HL_A|YA182A,NA195A,DA197A",2.942425,1.5791274,1,4
5C6T_HL_A|YH104A,0.3630724,0.84674406,1,4
5C6T_HL_A|YH98A,1.7166799,1.0251932,1,4
5C6T_HL_A|YL47A,0.5516565,2.2063468,1,4
1KIP_AB_C|AB32Y,-0.8005932,-1.6353431,1,5
1XGU_AB_C|FB33A,4.0,3.452939,1,5
1XGU_AB_C|FB33I,1.8004549,2.0918133,1,5
1XGU_AB_C|FB33L,1.8617703,2.1370313,1,5
1XGU_AB_C|FB33V,2.9080825,2.8479743,1,5
2B2X_HL_A|EH64K,-0.033433665,0.28531742,1,5
"2B2X_HL_A|EH64K,QL28S,YL52N",0.911615,1.132764,1,5
"2B2X_HL_A|EH64K,QL28S,YL52N,GH102S",2.7106705,1.2891711,1,5
"2B2X_HL_A|EH64K,QL28S,YL52N,SH35A",3.119054,1.7281837,1,5
"2B2X_HL_A|EH64K,QL28S,YL52N,SH35V",3.770335,1.8851506,1,5
"2B2X_HL_A|EH64K,YL52N",0.34853002,0.50379556,1,5
"2B2X_HL_A|QL28S,YL52N",0.8626942,1.0370071,1,5
2B2X_HL_A|VH50T,0.024054652,0.086438574,1,5
"2B2X_HL_A|VH50T,EH64D,QL28S,YL52N",0.87177193,0.97107977,1,5
"2B2X_HL_A|VH50T,EH64K,QL28S",0.991589,1.2672728,1,5
"2B2X_HL_A|VH50T,EH64K,QL28S,YL52D",1.5439764,1.3246311,1,5
"2B2X_HL_A|VH50T,EH64K,QL28S,YL52E",0.95452905,1.2865672,1,5
"2B2X_HL_A|VH50T,EH64K,QL28S,YL52K",1.7007239,2.0522134,1,5
"2B2X_HL_A|VH50T,EH64K,QL28S,YL52N",1.043214,1.2585503,1,5
"2B2X_HL_A|VH50T,EH64K,QL28S,YL52N,FH99W",1.043214,1.1113774,1,5
"2B2X_HL_A|VH50T,EH64K,QL28S,YL52N,FH99Y",1.7978828,1.382973,1,5
"2B2X_HL_A|VH50T,EH64K,QL28S,YL52N,GH100F",1.4322319,1.0556252,1,5
"2B2X_HL_A|VH50T,EH64K,QL28S,YL52N,GH100L",3.770335,2.0090137,1,5
"2B2X_HL_A|VH50T,EH64K,QL28S,YL52N,GH100M",1.145348,1.0706984,1,5
"2B2X_HL_A|VH50T,EH64K,QL28S,YL52N,GH100S",1.6009614,1.3861554,1,5
"2B2X_HL_A|VH50T,EH64K,QL28S,YL52N,GH53A",1.5558206,1.1737322,1,5
"2B2X_HL_A|VH50T,EH64K,QL28S,YL52N,GH53N",2.2985272,1.4145335,1,5
"2B2X_HL_A|VH50T,EH64K,QL28S,YL52N,GH53S",1.7188073,1.0119991,1,5
"2B2X_HL_A|VH50T,EH64K,QL28S,YL52N,GH54I",2.4067745,1.2973897,1,5
"2B2X_HL_A|VH50T,EH64K,QL28S,YL52N,GH54T",2.2073808,1.7343342,1,5
"2B2X_HL_A|VH50T,EH64K,QL28S,YL52N,GH54Y",1.043214,0.5442625,1,5
"2B2X_HL_A|VH50T,EH64K,QL28S,YL52N,GL92Q",2.6158988,1.7560775,1,5
"2B2X_HL_A|VH50T,EH64K,QL28S,YL52N,GL92S",1.5558206,1.3488312,1,5
"2B2X_HL_A|VH50T,EH64K,QL28S,YL52N,HL31K",2.2073808,1.7779444,1,5
"2B2X_HL_A|VH50T,EH64K,QL28S,YL52N,HL31R",2.1670115,1.6529686,1,5
"2B2X_HL_A|VH50T,EH64K,QL28S,YL52N,HL31W",2.2985272,1.5941799,1,5
"2B2X_HL_A|VH50T,EH64K,QL28S,YL52N,LH60D",0.981894,1.0126138,1,5
"2B2X_HL_A|VH50T,EH64K,QL28S,YL52N,LL49F",1.7554936,0.8507357,1,5
"2B2X_HL_A|VH50T,EH64K,QL28S,YL52N,LL49K",1.9044149,1.4247227,1,5
"2B2X_HL_A|VH50T,EH64K,QL28S,YL52N,LL49W",2.9507816,1.256925,1,5
"2B2X_HL_A|VH50T,EH64K,QL28S,YL52N,NL30V",2.0925434,1.675654,1,5
"2B2X_HL_A|VH50T,EH64K,QL28S,YL52N,NL30W",2.6158988,1.918299,1,5
"2B2X_HL_A|VH50T,EH64K,QL28S,YL52N,NL30Y",2.9507816,1.7571509,1,5
"2B2X_HL_A|VH50T,EH64K,QL28S,YL52N,NL30Y,SL91I",1.4775821,1.4627081,1,5
"2B2X_HL_A|VH50T,EH64K,QL28S,YL52N,RH31Q",2.350542,1.6888938,1,5
"2B2X_HL_A|VH50T,EH64K,QL28S,YL52N,SH35A",2.6158988,1.893137,1,5
"2B2X_HL_A|VH50T,EH64K,QL28S,YL52N,SH35A,GH102S",2.6158988,1.8398703,1,5
"2B2X_HL_A|VH50T,EH64K,QL28S,YL52N,SH35Q",3.770335,2.3288822,1,5
"2B2X_HL_A|VH50T,EH64K,QL28S,YL52N,SH35V,GH102S",2.4688888,2.0114205,1,5
"2B2X_HL_A|VH50T,EH64K,QL28S,YL52N,SH52M",3.119054,1.9268749,1,5
"2B2X_HL_A|VH50T,EH64K,QL28S,YL52N,SL24R",0.82788163,0.889864,1,5
"2B2X_HL_A|VH50T,EH64K,QL28S,YL52N,SL91Q",2.8172472,1.9145619,1,5
"2B2X_HL_A|VH50T,EH64K,QL28S,YL52N,SL91R",3.770335,0.98856014,1,5
"2B2X_HL_A|VH50T,EH64K,QL28S,YL52N,SL91R,NL30E",3.770335,1.6288099,1,5
"2B2X_HL_A|VH50T,EH64K,QL28S,YL52N,SL91T",3.3598623,1.8266836,1,5
"2B2X_HL_A|VH50T,EH64K,QL28S,YL52N,TH33E,GH53Q",2.7106705,1.84704,1,5
"2B2X_HL_A|VH50T,EH64K,QL28S,YL52N,TH33I,SH52T,GH53N,GH54N",2.9507816,1.9656624,1,5
"2B2X_HL_A|VH50T,EH64K,QL28S,YL52N,TH33I,SH52T,GH53Q,GH54F",2.2985272,1.4040204,1,5
"2B2X_HL_A|VH50T,EH64K,QL28S,YL52N,TH33N",3.770335,1.9158514,1,5
"2B2X_HL_A|VH50T,EH64K,QL28S,YL52N,TH33V",1.4775821,1.4700719,1,5
"2B2X_HL_A|VH50T,EH64K,QL28S,YL52N,WL90Q",3.119054,2.1198862,1,5
"2B2X_HL_A|VH50T,EH64K,QL28S,YL52N,WL90Q,FL33Y",1.914233,1.6898266,1,5
"2B2X_HL_A|VH50T,EH64K,QL28S,YL52N,YH58E",3.119054,1.7457182,1,5
"2B2X_HL_A|VH50T,EH64K,QL28S,YL52N,YH58Q",3.119054,2.086728,1,5
"2B2X_HL_A|VH50T,EH64K,QL28S,YL52N,YH58W",1.8641591,1.2812752,1,5
"2B2X_HL_A|VH50T,EH64K,QL28S,YL52N,YH59E",1.5872209,1.3926992,1,5
"2B2X_HL_A|VH50T,EH64K,QL28S,YL52R",1.8880546,1.4245296,1,5
"2B2X_HL_A|VH50T,EH64K,YL52N",0.28173435,0.6585309,1,5
"2B2X_HL_A|VH50T,EH64N,QL28S,YL52N",1.0069425,1.09577,1,5
"2B2X_HL_A|VH50T,EH64Q,QL28S,YL52N",0.96559924,1.1695389,1,5
"2B2X_HL_A|VH50T,EH64Q,QL28S,YL52N,LH60D",1.0862032,0.9257061,1,5
"2B2X_HL_A|VH50T,QL28S,YL52N",0.96559924,1.1253139,1,5
"2B2X_HL_A|VH50T,QL28S,YL52N,LH60D",0.90141344,0.7847555,1,5
"2B2X_HL_A|VH50T,YL52N",0.18636756,0.35595757,1,5
2B2X_HL_A|YL52E,-0.22410508,0.25922403,1,5
2VIR_AB_C|SC115L,3.680209,0.5114157,1,5
2VIR_AB_C|TC89I,4.0,0.4547526,1,5
"3G6D_LH_A|EL3V,GL76R,TL77V,QL78E,EL80G",0.13981691,0.46043378,1,5
"3G6D_LH_A|EL3V,GL76R,TL77V,QL78E,EL80G,DH54N",0.111178115,0.949749,1,5
"3G6D_LH_A|EL3V,GL76R,TL77V,QL78E,EL80G,TL89S,ML92I,VL93D,TL94K",0.27145106,0.8165642,1,5
3G6D_LH_A|HH104A,-0.9530879,-0.86677194,1,5
"3G6D_LH_A|KH210T,KH215T",-0.13294782,0.08357021,1,5
"3G6D_LH_A|TL89S,ML92I,VL93D,TL94K",0.7979767,0.6121626,1,5
3G6D_LH_A|WH105A,-1.4965084,2.8355541,1,5
"3IDX_HL_G|CG27I,CG242Q",-2.4650376,0.12837043,1,5
"3IDX_HL_G|CG27I,CG242Q,MG247A",-2.1736174,-0.1480107,1,5
"3IDX_HL_G|KG85C,EG121C,CG27I,CG242Q",-2.3776865,0.2484585,1,5
"3IDX_HL_G|KG85C,EG121C,WG13M,MG247A,CG14W,CG129V,CG27I,CG242Q",-2.1922898,0.17198715,1,5
"3IDX_HL_G|KG85C,EG122C,WG13M,MG247A,CG14W,CG129V,CG27I,CG242Q",-2.2927184,0.16793816,1,5
"3IDX_HL_G|TG41C,GG245C,MG247A",0.40945426,-0.18793124,1,5
"3IDX_HL_G|TG41C,GG245C,WG13M,MG247A,CG14W,CG129V,CG27I,CG242Q",-2.3310676,0.07711681,1,5
"3IDX_HL_G|WG13M,MG247A,CG14W,CG129V",-0.6475391,0.14585516,1,5
"3IDX_HL_G|WG13M,MG247A,CG14W,CG129V,CG27I,CG242Q",-2.3479884,0.19446273,1,5
"3IDX_HL_G|WG13M,MG247A,CG14W,CG129V,KG85C,EG121C",-0.36166522,0.24331963,1,5
"3IDX_HL_G|WG13M,SG111T,WG200S,MG247A,CG14W,CG129V,CG27I,CG242Q",-1.8639641,0.18314847,1,5
"3L5X_A_HL|EL93F,YL94G",-0.42800838,0.2537714,1,5
"3L5X_A_HL|EL93H,YL94G",-0.7626503,0.5491831,1,5
"3L5X_A_HL|HL91P,NL92I,EL93D,YL94A",-0.6466697,0.31910717,1,5
"3L5X_A_HL|HL91P,NL92L,EL93D,YL94S",-0.6327897,0.66542965,1,5
"3L5X_A_HL|HL91P,NL92L,EL93D,YL94T",-0.81005055,0.29461968,1,5
"3L5X_A_HL|HL91P,NL92L,EL93D,YL94V",-0.85822237,0.7060424,1,5
"3L5X_A_HL|HL91P,NL92L,YL94A",-0.44441348,0.7176026,1,5
"3L5X_A_HL|HL91Q,NL92D,EL93I,YL94G",-1.5503801,0.35955504,1,5
"3L5X_A_HL|HL91Q,NL92D,EL93L,YL94G",-1.785132,0.39914134,1,5
"3L5X_A_HL|HL91Q,NL92D,EL93Y,YL94G",-1.451453,-0.041938193,1,5
"3L5X_A_HL|NL92D,EL93L,YL94G",-0.42962858,0.34960908,1,5
"3L5X_A_HL|NL92D,EL93N,YL94S",-0.53403836,0.5885108,1,5
"3L5X_A_HL|NL92D,EL93P,YL94G",-1.4699602,0.31234002,1,5
"3L5X_A_HL|NL92D,EL93R,YL94D",-0.52253926,0.030110676,1,5
"3L5X_A_HL|NL92D,EL93W,YL94E",-1.1963489,-0.033553965,1,5
"3L5X_A_HL|NL92D,EL93W,YL94G",-1.6825228,-0.17058691,1,5
"3L5X_A_HL|NL92D,EL93W,YL94S",-0.71612674,0.14296296,1,5
"3L5X_A_HL|NL92D,EL93Y,YL94A",-0.8069743,0.10953046,1,5
"3L5X_A_HL|NL92E,EL93S,YL94G",-1.2653587,0.24187234,1,5
"3L5X_A_HL|NL92E,EL93W,YL94G",-1.5503801,-0.19401017,1,5
"3L5X_A_HL|NL92F,EL93W,YL94G",-1.2329907,-0.68688154,1,5
"3L5X_A_HL|NL92L,EL93D,YL94S",-0.6170473,0.45101088,1,5
"3L5X_A_HL|NL92L,EL93L,YL94G",-0.6259698,0.16830112,1,5
"3L5X_A_HL|NL92L,EL93M,YL94G",-0.82567644,-0.29350087,1,5
"3L5X_A_HL|NL92L,EL93N,YL94G",-0.6954369,0.24300048,1,5
"3L5X_A_HL|NL92S,EL93H,YL94G",-1.2457265,0.2016038,1,5
"3L5X_A_HL|NL92S,EL93I,YL94G",-0.8069743,0.033510704,1,5
"3L5X_A_HL|NL92S,EL93S,YL94G",-0.24921271,-0.18636802,1,5
"3L5X_A_HL|NL92S,EL93V,YL94G",-0.51687235,0.18676488,1,5
"3L5X_A_HL|NL92S,EL93W,YL94A",-0.30302802,-0.4383733,1,5
"3L5X_A_HL|NL92S,EL93W,YL94G",-1.2720501,-0.4978626,1,5
"3L5X_A_HL|NL92S,EL93Y,YL94G",-0.9641868,-0.24736682,1,5
"3L5X_A_HL|NL92V,EL93G,YL94G",-0.46300006,-0.29902205,1,5
"3L5X_A_HL|NL92V,EL93W,YL94G",-0.83525383,-0.3252935,1,5
3L5X_A_HL|YL94A,-0.82885176,0.7595746,1,5
3N85_A_LH|SH32A,-0.13401966,1.2253202,1,5
3N85_A_LH|SH32Y,0.0571225,-1.6491132,1,5
3N85_A_LH|SH50G,0.48767117,-1.1923337,1,5
3N85_A_LH|SH52Y,-0.78460336,-0.9598203,1,5
3N85_A_LH|WH100F,-0.015185109,1.1330682,1,5
3N85_A_LH|WH30K,-0.78460336,1.0090643,1,5
3N85_A_LH|WH30R,-0.5539675,-0.6311083,1,5
3N85_A_LH|WL91F,0.13959166,1.0884377,1,5
3N85_A_LH|WL94Y,-0.03871881,-0.83553183,1,5
3SE8_HL_G|DH110A,-0.38934898,-0.31639722,1,5
3SE8_HL_G|DH114A,-0.2441398,1.3104548,1,5
3SE8_HL_G|DL49A,0.8558488,1.1625552,1,5
3SE8_HL_G|EL1A,-0.5565174,-0.3473352,1,5
3SE8_HL_G|EL91A,1.513491,0.9759016,1,5
3SE8_HL_G|FH115A,1.0676043,2.5842755,1,5
3SE8_HL_G|FL90A,-0.8640972,1.6622047,1,5
3SE8_HL_G|FL92A,0.8323254,0.1362699,1,5
3SE8_HL_G|GH56A,0.3570972,1.2463857,1,5
3SE8_HL_G|KH52A,1.1114144,0.68470615,1,5
3SE8_HL_G|LH54A,0.054776184,0.29916844,1,5
3SE8_HL_G|NL30A,0.19434923,1.7002826,1,5
3SE8_HL_G|PH78A,0.01881787,-0.21251729,1,5
3SE8_HL_G|PH81A,-0.07091986,-0.34291276,1,5
3SE8_HL_G|QH63A,1.1144251,-0.255997,1,5
3SE8_HL_G|QH65A,0.54980505,0.08849075,1,5
3SE8_HL_G|QH76A,0.09689985,-0.21504962,1,5
3SE8_HL_G|QL27A,-0.21612903,-0.25140324,1,5
3SE8_HL_G|RH30A,-0.03949762,1.2708744,1,5
3SE8_HL_G|RH62A,1.2061691,0.67483836,1,5
3SE8_HL_G|RH72A,2.6444623,2.8263721,1,5
3SE8_HL_G|SH59A,1.1508402,0.76451164,1,5
3SE8_HL_G|VH58A,1.2496852,1.0181291,1,5
3SE8_HL_G|WH47A,1.4751467,1.2631795,1,5
3SE8_HL_G|WH50A,1.333526,2.046924,1,5
3SE8_HL_G|WH55A,0.7611056,0.46807075,1,5
3SE8_HL_G|YH111A,0.82992166,0.28753212,1,5
3SE8_HL_G|YH60A,0.8558488,0.6665854,1,5
4KRL_A_B|DB112A,0.6496817,1.7105955,1,5
5C6T_HL_A|EA194A,1.0906719,2.5819638,1,5
5C6T_HL_A|FA192A,1.9972014,1.5214775,1,5
5C6T_HL_A|FA199A,2.7581792,1.2222676,1,5
5C6T_HL_A|FA200A,0.41047263,1.8554415,1,5
5C6T_HL_A|FH99A,1.4600298,0.28048667,1,5
5C6T_HL_A|IA201A,0.88561165,0.19932972,1,5
5C6T_HL_A|NA183A,0.28399685,1.5727094,1,5
5C6T_HL_A|NA186A,0.3630724,-0.107154556,1,5
5C6T_HL_A|NA188A,-0.36658686,1.4794648,1,5
"5C6T_HL_A|NA195A,DA197A",0.58650106,0.446332,1,5
5C6T_HL_A|NH97A,1.5258962,0.12265681,1,5
5C6T_HL_A|RH31S,0.3115454,1.5411453,1,5
5C6T_HL_A|RL48A,0.1229613,0.39656064,1,5
5C6T_HL_A|SH32A,-0.8683455,0.2723778,1,5
5C6T_HL_A|TA185A,0.33786914,0.5851283,1,5
5C6T_HL_A|YA182A,3.2083547,1.0219734,1,5
"5C6T_HL_A|YA182A,NA195A,DA197A",2.942425,0.6448051,1,5
5C6T_HL_A|YH104A,0.3630724,1.1956187,1,5
5C6T_HL_A|YH98A,1.7166799,1.1947235,1,5
5C6T_HL_A|YL47A,0.5516565,3.0592318,1,5
1KIP_AB_C|AB32Y,-0.8005932,-1.2572914,1,6
1XGU_AB_C|FB33A,4.0,0.6101187,1,6
1XGU_AB_C|FB33I,1.8004549,-0.04448281,1,6
1XGU_AB_C|FB33L,1.8617703,0.046609804,1,6
1XGU_AB_C|FB33V,2.9080825,-0.14190507,1,6
2B2X_HL_A|EH64K,-0.033433665,-0.10325314,1,6
"2B2X_HL_A|EH64K,QL28S,YL52N",0.911615,0.4128167,1,6
"2B2X_HL_A|EH64K,QL28S,YL52N,GH102S",2.7106705,0.44550437,1,6
"2B2X_HL_A|EH64K,QL28S,YL52N,SH35A",3.119054,0.6964579,1,6
"2B2X_HL_A|EH64K,QL28S,YL52N,SH35V",3.770335,0.50398135,1,6
"2B2X_HL_A|EH64K,YL52N",0.34853002,0.45081383,1,6
"2B2X_HL_A|QL28S,YL52N",0.8626942,0.47565407,1,6
2B2X_HL_A|VH50T,0.024054652,0.6691617,1,6
"2B2X_HL_A|VH50T,EH64D,QL28S,YL52N",0.87177193,1.0301532,1,6
"2B2X_HL_A|VH50T,EH64K,QL28S",0.991589,0.35120958,1,6
"2B2X_HL_A|VH50T,EH64K,QL28S,YL52D",1.5439764,0.81013054,1,6
"2B2X_HL_A|VH50T,EH64K,QL28S,YL52E",0.95452905,0.86025137,1,6
"2B2X_HL_A|VH50T,EH64K,QL28S,YL52K",1.7007239,1.0225555,1,6
"2B2X_HL_A|VH50T,EH64K,QL28S,YL52N",1.043214,0.95719,1,6
"2B2X_HL_A|VH50T,EH64K,QL28S,YL52N,FH99W",1.043214,0.39715517,1,6
"2B2X_HL_A|VH50T,EH64K,QL28S,YL52N,FH99Y",1.7978828,0.16110577,1,6
"2B2X_HL_A|VH50T,EH64K,QL28S,YL52N,GH100F",1.4322319,0.6779181,1,6
"2B2X_HL_A|VH50T,EH64K,QL28S,YL52N,GH100L",3.770335,0.81459147,1,6
"2B2X_HL_A|VH50T,EH64K,QL28S,YL52N,GH100M",1.145348,0.5499527,1,6
"2B2X_HL_A|VH50T,EH64K,QL28S,YL52N,GH100S",1.6009614,0.8400752,1,6
"2B2X_HL_A|VH50T,EH64K,QL28S,YL52N,GH53A",1.5558206,1.2680887,1,6
"2B2X_HL_A|VH50T,EH64K,QL28S,YL52N,GH53N",2.2985272,0.89075553,1,6
"2B2X_HL_A|VH50T,EH64K,QL28S,YL52N,GH53S",1.7188073,0.9765025,1,6
"2B2X_HL_A|VH50T,EH64K,QL28S,YL52N,GH54I",2.4067745,0.91813534,1,6
"2B2X_HL_A|VH50T,EH64K,QL28S,YL52N,GH54T",2.2073808,1.3080115,1,6
"2B2X_HL_A|VH50T,EH64K,QL28S,YL52N,GH54Y",1.043214,0.3965879,1,6
"2B2X_HL_A|VH50T,EH64K,QL28S,YL52N,GL92Q",2.6158988,0.96596104,1,6
"2B2X_HL_A|VH50T,EH64K,QL28S,YL52N,GL92S",1.5558206,0.83286977,1,6
"2B2X_HL_A|VH50T,EH64K,QL28S,YL52N,HL31K",2.2073808,1.021338,1,6
"2B2X_HL_A|VH50T,EH64K,QL28S,YL52N,HL31R",2.1670115,0.84406537,1,6
"2B2X_HL_A|VH50T,EH64K,QL28S,YL52N,HL31W",2.2985272,0.74800026,1,6
"2B2X_HL_A|VH50T,EH64K,QL28S,YL52N,LH60D",0.981894,1.0812665,1,6
"2B2X_HL_A|VH50T,EH64K,QL28S,YL52N,LL49F",1.7554936,1.0105976,1,6
"2B2X_HL_A|VH50T,EH64K,QL28S,YL52N,LL49K",1.9044149,1.0204083,1,6
"2B2X_HL_A|VH50T,EH64K,QL28S,YL52N,LL49W",2.9507816,0.5815125,1,6
"2B2X_HL_A|VH50T,EH64K,QL28S,YL52N,NL30V",2.0925434,0.83361495,1,6
"2B2X_HL_A|VH50T,EH64K,QL28S,YL52N,NL30W",2.6158988,0.7880709,1,6
"2B2X_HL_A|VH50T,EH64K,QL28S,YL52N,NL30Y",2.9507816,0.5044875,1,6
"2B2X_HL_A|VH50T,EH64K,QL28S,YL52N,NL30Y,SL91I",1.4775821,0.47730845,1,6
"2B2X_HL_A|VH50T,EH64K,QL28S,YL52N,RH31Q",2.350542,1.0121701,1,6
"2B2X_HL_A|VH50T,EH64K,QL28S,YL52N,SH35A",2.6158988,1.2479734,1,6
"2B2X_HL_A|VH50T,EH64K,QL28S,YL52N,SH35A,GH102S",2.6158988,1.2150465,1,6
"2B2X_HL_A|VH50T,EH64K,QL28S,YL52N,SH35Q",3.770335,0.98591036,1,6
"2B2X_HL_A|VH50T,EH64K,QL28S,YL52N,SH35V,GH102S",2.4688888,1.1130441,1,6
"2B2X_HL_A|VH50T,EH64K,QL28S,YL52N,SH52M",3.119054,0.73821497,1,6
"2B2X_HL_A|VH50T,EH64K,QL28S,YL52N,SL24R",0.82788163,0.738767,1,6
"2B2X_HL_A|VH50T,EH64K,QL28S,YL52N,SL91Q",2.8172472,0.8563933,1,6
"2B2X_HL_A|VH50T,EH64K,QL28S,YL52N,SL91R",3.770335,0.824949,1,6
"2B2X_HL_A|VH50T,EH64K,QL28S,YL52N,SL91R,NL30E",3.770335,0.70104665,1,6
"2B2X_HL_A|VH50T,EH64K,QL28S,YL52N,SL91T",3.3598623,0.99510735,1,6
"2B2X_HL_A|VH50T,EH64K,QL28S,YL52N,TH33E,GH53Q",2.7106705,0.8468037,1,6
"2B2X_HL_A|VH50T,EH64K,QL28S,YL52N,TH33I,SH52T,GH53N,GH54N",2.9507816,0.9365255,1,6
"2B2X_HL_A|VH50T,EH64K,QL28S,YL52N,TH33I,SH52T,GH53Q,GH54F",2.2985272,1.3203665,1,6
"2B2X_HL_A|VH50T,EH64K,QL28S,YL52N,TH33N",3.770335,0.87125975,1,6
"2B2X_HL_A|VH50T,EH64K,QL28S,YL52N,TH33V",1.4775821,0.6371227,1,6
"2B2X_HL_A|VH50T,EH64K,QL28S,YL52N,WL90Q",3.119054,1.6616867,1,6
"2B2X_HL_A|VH50T,EH64K,QL28S,YL52N,WL90Q,FL33Y",1.914233,1.0747827,1,6
"2B2X_HL_A|VH50T,EH64K,QL28S,YL52N,YH58E",3.119054,1.2814897,1,6
"2B2X_HL_A|VH50T,EH64K,QL28S,YL52N,YH58Q",3.119054,1.498387,1,6
"2B2X_HL_A|VH50T,EH64K,QL28S,YL52N,YH58W",1.8641591,0.8164725,1,6
"2B2X_HL_A|VH50T,EH64K,QL28S,YL52N,YH59E",1.5872209,1.3084513,1,6
"2B2X_HL_A|VH50T,EH64K,QL28S,YL52R",1.8880546,0.80603075,1,6
"2B2X_HL_A|VH50T,EH64K,YL52N",0.28173435,1.0128158,1,6
"2B2X_HL_A|VH50T,EH64N,QL28S,YL52N",1.0069425,1.1630594,1,6
"2B2X_HL_A|VH50T,EH64Q,QL28S,YL52N",0.96559924,1.0657318,1,6
"2B2X_HL_A|VH50T,EH64Q,QL28S,YL52N,LH60D",1.0862032,1.1409798,1,6
"2B2X_HL_A|VH50T,QL28S,YL52N",0.96559924,1.0588163,1,6
"2B2X_HL_A|VH50T,QL28S,YL52N,LH60D",0.90141344,1.1365662,1,6
"2B2X_HL_A|VH50T,YL52N",0.18636756,1.0989864,1,6
2B2X_HL_A|YL52E,-0.22410508,0.4589519,1,6
2VIR_AB_C|SC115L,3.680209,-8.016825e-05,1,6
2VIR_AB_C|TC89I,4.0,0.39587182,1,6
"3G6D_LH_A|EL3V,GL76R,TL77V,QL78E,EL80G",0.13981691,-0.14719395,1,6
"3G6D_LH_A|EL3V,GL76R,TL77V,QL78E,EL80G,DH54N",0.111178115,0.019991346,1,6
"3G6D_LH_A|EL3V,GL76R,TL77V,QL78E,EL80G,TL89S,ML92I,VL93D,TL94K",0.27145106,-0.6699102,1,6
3G6D_LH_A|HH104A,-0.9530879,0.7245748,1,6
"3G6D_LH_A|KH210T,KH215T",-0.13294782,0.6638473,1,6
"3G6D_LH_A|TL89S,ML92I,VL93D,TL94K",0.7979767,-0.5374124,1,6
3G6D_LH_A|WH105A,-1.4965084,1.6589588,1,6
"3IDX_HL_G|CG27I,CG242Q",-2.4650376,-0.058218885,1,6
"3IDX_HL_G|CG27I,CG242Q,MG247A",-2.1736174,0.013405815,1,6
"3IDX_HL_G|KG85C,EG121C,CG27I,CG242Q",-2.3776865,0.51559937,1,6
"3IDX_HL_G|KG85C,EG121C,WG13M,MG247A,CG14W,CG129V,CG27I,CG242Q",-2.1922898,0.77970284,1,6
"3IDX_HL_G|KG85C,EG122C,WG13M,MG247A,CG14W,CG129V,CG27I,CG242Q",-2.2927184,0.78496784,1,6
"3IDX_HL_G|TG41C,GG245C,MG247A",0.40945426,0.48203522,1,6
"3IDX_HL_G|TG41C,GG245C,WG13M,MG247A,CG14W,CG129V,CG27I,CG242Q",-2.3310676,0.67007893,1,6
"3IDX_HL_G|WG13M,MG247A,CG14W,CG129V",-0.6475391,0.3645255,1,6
"3IDX_HL_G|WG13M,MG247A,CG14W,CG129V,CG27I,CG242Q",-2.3479884,0.302096,1,6
"3IDX_HL_G|WG13M,MG247A,CG14W,CG129V,KG85C,EG121C",-0.36166522,0.935433,1,6
"3IDX_HL_G|WG13M,SG111T,WG200S,MG247A,CG14W,CG129V,CG27I,CG242Q",-1.8639641,0.43422854,1,6
"3L5X_A_HL|EL93F,YL94G",-0.42800838,0.88512444,1,6
"3L5X_A_HL|EL93H,YL94G",-0.7626503,0.73018926,1,6
"3L5X_A_HL|HL91P,NL92I,EL93D,YL94A",-0.6466697,0.9216345,1,6
"3L5X_A_HL|HL91P,NL92L,EL93D,YL94S",-0.6327897,0.6048876,1,6
"3L5X_A_HL|HL91P,NL92L,EL93D,YL94T",-0.81005055,0.89260364,1,6
"3L5X_A_HL|HL91P,NL92L,EL93D,YL94V",-0.85822237,0.32947004,1,6
"3L5X_A_HL|HL91P,NL92L,YL94A",-0.44441348,1.0496688,1,6
"3L5X_A_HL|HL91Q,NL92D,EL93I,YL94G",-1.5503801,0.55268604,1,6
"3L5X_A_HL|HL91Q,NL92D,EL93L,YL94G",-1.785132,0.58141,1,6
"3L5X_A_HL|HL91Q,NL92D,EL93Y,YL94G",-1.451453,-0.011341721,1,6
"3L5X_A_HL|NL92D,EL93L,YL94G",-0.42962858,0.5728754,1,6
"3L5X_A_HL|NL92D,EL93N,YL94S",-0.53403836,0.52845675,1,6
"3L5X_A_HL|NL92D,EL93P,YL94G",-1.4699602,0.674815,1,6
"3L5X_A_HL|NL92D,EL93R,YL94D",-0.52253926,0.20769097,1,6
"3L5X_A_HL|NL92D,EL93W,YL94E",-1.1963489,-0.13939875,1,6
"3L5X_A_HL|NL92D,EL93W,YL94G",-1.6825228,0.1103922,1,6
"3L5X_A_HL|NL92D,EL93W,YL94S",-0.71612674,0.12575245,1,6
"3L5X_A_HL|NL92D,EL93Y,YL94A",-0.8069743,0.32205236,1,6
"3L5X_A_HL|NL92E,EL93S,YL94G",-1.2653587,0.35736245,1,6
"3L5X_A_HL|NL92E,EL93W,YL94G",-1.5503801,-0.031154696,1,6
"3L5X_A_HL|NL92F,EL93W,YL94G",-1.2329907,0.23666479,1,6
"3L5X_A_HL|NL92L,EL93D,YL94S",-0.6170473,0.4846679,1,6
"3L5X_A_HL|NL92L,EL93L,YL94G",-0.6259698,0.7244413,1,6
"3L5X_A_HL|NL92L,EL93M,YL94G",-0.82567644,0.5384473,1,6
"3L5X_A_HL|NL92L,EL93N,YL94G",-0.6954369,0.66669124,1,6
"3L5X_A_HL|NL92S,EL93H,YL94G",-1.2457265,0.6316908,1,6
"3L5X_A_HL|NL92S,EL93I,YL94G",-0.8069743,0.8108217,1,6
"3L5X_A_HL|NL92S,EL93S,YL94G",-0.24921271,0.6959273,1,6
"3L5X_A_HL|NL92S,EL93V,YL94G",-0.51687235,0.6025267,1,6
"3L5X_A_HL|NL92S,EL93W,YL94A",-0.30302802,0.71873903,1,6
"3L5X_A_HL|NL92S,EL93W,YL94G",-1.2720501,0.34974813,1,6
"3L5X_A_HL|NL92S,EL93Y,YL94G",-0.9641868,0.23619123,1,6
"3L5X_A_HL|NL92V,EL93G,YL94G",-0.46300006,0.62041914,1,6
"3L5X_A_HL|NL92V,EL93W,YL94G",-0.83525383,0.16589488,1,6
3L5X_A_HL|YL94A,-0.82885176,1.493893,1,6
3N85_A_LH|SH32A,-0.13401966,0.354389,1,6
3N85_A_LH|SH32Y,0.0571225,-0.59033793,1,6
3N85_A_LH|SH50G,0.48767117,0.056852683,1,6
3N85_A_LH|SH52Y,-0.78460336,-0.82125646,1,6
3N85_A_LH|WH100F,-0.015185109,0.8024156,1,6
3N85_A_LH|WH30K,-0.78460336,0.36548197,1,6
3N85_A_LH|WH30R,-0.5539675,0.15093632,1,6
3N85_A_LH|WL91F,0.13959166,1.0653559,1,6
3N85_A_LH|WL94Y,-0.03871881,-0.35275728,1,6
3SE8_HL_G|DH110A,-0.38934898,0.8193071,1,6
3SE8_HL_G|DH114A,-0.2441398,0.62813336,1,6
3SE8_HL_G|DL49A,0.8558488,1.0314803,1,6
3SE8_HL_G|EL1A,-0.5565174,0.34770548,1,6
3SE8_HL_G|EL91A,1.513491,0.9860458,1,6
3SE8_HL_G|FH115A,1.0676043,0.5014727,1,6
3SE8_HL_G|FL90A,-0.8640972,0.67994547,1,6
3SE8_HL_G|FL92A,0.8323254,0.4424144,1,6
3SE8_HL_G|GH56A,0.3570972,0.41467804,1,6
3SE8_HL_G|KH52A,1.1114144,0.8567289,1,6
3SE8_HL_G|LH54A,0.054776184,0.8114739,1,6
3SE8_HL_G|NL30A,0.19434923,1.0119624,1,6
3SE8_HL_G|PH78A,0.01881787,0.4756496,1,6
3SE8_HL_G|PH81A,-0.07091986,0.31593513,1,6
3SE8_HL_G|QH63A,1.1144251,0.5664941,1,6
3SE8_HL_G|QH65A,0.54980505,0.7387844,1,6
3SE8_HL_G|QH76A,0.09689985,0.85941994,1,6
3SE8_HL_G|QL27A,-0.21612903,0.6459903,1,6
3SE8_HL_G|RH30A,-0.03949762,1.1005307,1,6
3SE8_HL_G|RH62A,1.2061691,0.5832629,1,6
3SE8_HL_G|RH72A,2.6444623,0.817758,1,6
3SE8_HL_G|SH59A,1.1508402,0.652568,1,6
3SE8_HL_G|VH58A,1.2496852,1.3186734,1,6
3SE8_HL_G|WH47A,1.4751467,1.1528673,1,6
3SE8_HL_G|WH50A,1.333526,2.310552,1,6
3SE8_HL_G|WH55A,0.7611056,1.5557762,1,6
3SE8_HL_G|YH111A,0.82992166,1.7564026,1,6
3SE8_HL_G|YH60A,0.8558488,1.1264523,1,6
4KRL_A_B|DB112A,0.6496817,0.89974654,1,6
5C6T_HL_A|EA194A,1.0906719,0.35071927,1,6
5C6T_HL_A|FA192A,1.9972014,1.5542669,1,6
5C6T_HL_A|FA199A,2.7581792,0.9424555,1,6
5C6T_HL_A|FA200A,0.41047263,1.0186487,1,6
5C6T_HL_A|FH99A,1.4600298,0.33264422,1,6
5C6T_HL_A|IA201A,0.88561165,0.45684165,1,6
5C6T_HL_A|NA183A,0.28399685,1.2286085,1,6
5C6T_HL_A|NA186A,0.3630724,0.86912715,1,6
5C6T_HL_A|NA188A,-0.36658686,1.0968894,1,6
"5C6T_HL_A|NA195A,DA197A",0.58650106,0.99674445,1,6
5C6T_HL_A|NH97A,1.5258962,0.43792295,1,6
5C6T_HL_A|RH31S,0.3115454,0.21914269,1,6
5C6T_HL_A|RL48A,0.1229613,1.0103633,1,6
5C6T_HL_A|SH32A,-0.8683455,0.55383545,1,6
5C6T_HL_A|TA185A,0.33786914,0.6079968,1,6
5C6T_HL_A|YA182A,3.2083547,1.1810261,1,6
"5C6T_HL_A|YA182A,NA195A,DA197A",2.942425,2.0092077,1,6
5C6T_HL_A|YH104A,0.3630724,1.3662869,1,6
5C6T_HL_A|YH98A,1.7166799,1.5485443,1,6
5C6T_HL_A|YL47A,0.5516565,2.149211,1,6
1KIP_AB_C|AB32Y,-0.8005932,-1.0778646,1,7
1XGU_AB_C|FB33A,4.0,3.7551177,1,7
1XGU_AB_C|FB33I,1.8004549,1.9169841,1,7
1XGU_AB_C|FB33L,1.8617703,2.1125898,1,7
1XGU_AB_C|FB33V,2.9080825,2.9417472,1,7
2B2X_HL_A|EH64K,-0.033433665,0.34216073,1,7
"2B2X_HL_A|EH64K,QL28S,YL52N",0.911615,0.8889733,1,7
"2B2X_HL_A|EH64K,QL28S,YL52N,GH102S",2.7106705,1.2712412,1,7
"2B2X_HL_A|EH64K,QL28S,YL52N,SH35A",3.119054,1.9417824,1,7
"2B2X_HL_A|EH64K,QL28S,YL52N,SH35V",3.770335,2.2346647,1,7
"2B2X_HL_A|EH64K,YL52N",0.34853002,0.6694744,1,7
"2B2X_HL_A|QL28S,YL52N",0.8626942,0.54417,1,7
2B2X_HL_A|VH50T,0.024054652,-0.06425448,1,7
"2B2X_HL_A|VH50T,EH64D,QL28S,YL52N",0.87177193,0.7835896,1,7
"2B2X_HL_A|VH50T,EH64K,QL28S",0.991589,0.8404782,1,7
"2B2X_HL_A|VH50T,EH64K,QL28S,YL52D",1.5439764,0.5906505,1,7
"2B2X_HL_A|VH50T,EH64K,QL28S,YL52E",0.95452905,0.6987798,1,7
"2B2X_HL_A|VH50T,EH64K,QL28S,YL52K",1.7007239,1.7841109,1,7
"2B2X_HL_A|VH50T,EH64K,QL28S,YL52N",1.043214,1.107206,1,7
"2B2X_HL_A|VH50T,EH64K,QL28S,YL52N,FH99W",1.043214,1.0300423,1,7
"2B2X_HL_A|VH50T,EH64K,QL28S,YL52N,FH99Y",1.7978828,1.2272614,1,7
"2B2X_HL_A|VH50T,EH64K,QL28S,YL52N,GH100F",1.4322319,0.9922984,1,7
"2B2X_HL_A|VH50T,EH64K,QL28S,YL52N,GH100L",3.770335,1.6892223,1,7
"2B2X_HL_A|VH50T,EH64K,QL28S,YL52N,GH100M",1.145348,1.4163479,1,7
"2B2X_HL_A|VH50T,EH64K,QL28S,YL52N,GH100S",1.6009614,1.6785502,1,7
"2B2X_HL_A|VH50T,EH64K,QL28S,YL52N,GH53A",1.5558206,1.3561252,1,7
"2B2X_HL_A|VH50T,EH64K,QL28S,YL52N,GH53N",2.2985272,1.5580451,1,7
"2B2X_HL_A|VH50T,EH64K,QL28S,YL52N,GH53S",1.7188073,1.3660365,1,7
"2B2X_HL_A|VH50T,EH64K,QL28S,YL52N,GH54I",2.4067745,1.674627,1,7
"2B2X_HL_A|VH50T,EH64K,QL28S,YL52N,GH54T",2.2073808,1.9590461,1,7
"2B2X_HL_A|VH50T,EH64K,QL28S,YL52N,GH54Y",1.043214,1.1580467,1,7
"2B2X_HL_A|VH50T,EH64K,QL28S,YL52N,GL92Q",2.6158988,1.7422978,1,7
"2B2X_HL_A|VH50T,EH64K,QL28S,YL52N,GL92S",1.5558206,1.4243712,1,7
"2B2X_HL_A|VH50T,EH64K,QL28S,YL52N,HL31K",2.2073808,2.2589116,1,7
"2B2X_HL_A|VH50T,EH64K,QL28S,YL52N,HL31R",2.1670115,1.3417075,1,7
"2B2X_HL_A|VH50T,EH64K,QL28S,YL52N,HL31W",2.2985272,1.4247619,1,7
"2B2X_HL_A|VH50T,EH64K,QL28S,YL52N,LH60D",0.981894,1.0545971,1,7
"2B2X_HL_A|VH50T,EH64K,QL28S,YL52N,LL49F",1.7554936,1.5328847,1,7
"2B2X_HL_A|VH50T,EH64K,QL28S,YL52N,LL49K",1.9044149,1.9653322,1,7
"2B2X_HL_A|VH50T,EH64K,QL28S,YL52N,LL49W",2.9507816,1.4754161,1,7
"2B2X_HL_A|VH50T,EH64K,QL28S,YL52N,NL30V",2.0925434,1.5887754,1,7
"2B2X_HL_A|VH50T,EH64K,QL28S,YL52N,NL30W",2.6158988,1.4315794,1,7
"2B2X_HL_A|VH50T,EH64K,QL28S,YL52N,NL30Y",2.9507816,1.2542357,1,7
"2B2X_HL_A|VH50T,EH64K,QL28S,YL52N,NL30Y,SL91I",1.4775821,1.477029,1,7
"2B2X_HL_A|VH50T,EH64K,QL28S,YL52N,RH31Q",2.350542,1.0734644,1,7
"2B2X_HL_A|VH50T,EH64K,QL28S,YL52N,SH35A",2.6158988,2.2083197,1,7
"2B2X_HL_A|VH50T,EH64K,QL28S,YL52N,SH35A,GH102S",2.6158988,2.4117517,1,7
"2B2X_HL_A|VH50T,EH64K,QL28S,YL52N,SH35Q",3.770335,2.7756221,1,7
"2B2X_HL_A|VH50T,EH64K,QL28S,YL52N,SH35V,GH102S",2.4688888,2.8876233,1,7
"2B2X_HL_A|VH50T,EH64K,QL28S,YL52N,SH52M",3.119054,1.5836729,1,7
"2B2X_HL_A|VH50T,EH64K,QL28S,YL52N,SL24R",0.82788163,0.8718176,1,7
"2B2X_HL_A|VH50T,EH64K,QL28S,YL52N,SL91Q",2.8172472,2.112414,1,7
"2B2X_HL_A|VH50T,EH64K,QL28S,YL52N,SL91R",3.770335,1.010076,1,7
"2B2X_HL_A|VH50T,EH64K,QL28S,YL52N,SL91R,NL30E",3.770335,1.2708794,1,7
"2B2X_HL_A|VH50T,EH64K,QL28S,YL52N,SL91T",3.3598623,1.8500108,1,7
"2B2X_HL_A|VH50T,EH64K,QL28S,YL52N,TH33E,GH53Q",2.7106705,2.1391518,1,7
"2B2X_HL_A|VH50T,EH64K,QL28S,YL52N,TH33I,SH52T,GH53N,GH54N",2.9507816,2.5574636,1,7
"2B2X_HL_A|VH50T,EH64K,QL28S,YL52N,TH33I,SH52T,GH53Q,GH54F",2.2985272,2.3032885,1,7
"2B2X_HL_A|VH50T,EH64K,QL28S,YL52N,TH33N",3.770335,2.1384766,1,7
"2B2X_HL_A|VH50T,EH64K,QL28S,YL52N,TH33V",1.4775821,1.3889729,1,7
"2B2X_HL_A|VH50T,EH64K,QL28S,YL52N,WL90Q",3.119054,2.3106487,1,7
"2B2X_HL_A|VH50T,EH64K,QL28S,YL52N,WL90Q,FL33Y",1.914233,1.8819053,1,7
"2B2X_HL_A|VH50T,EH64K,QL28S,YL52N,YH58E",3.119054,2.1145658,1,7
"2B2X_HL_A|VH50T,EH64K,QL28S,YL52N,YH58Q",3.119054,2.6939318,1,7
"2B2X_HL_A|VH50T,EH64K,QL28S,YL52N,YH58W",1.8641591,1.682038,1,7
"2B2X_HL_A|VH50T,EH64K,QL28S,YL52N,YH59E",1.5872209,1.4615376,1,7
"2B2X_HL_A|VH50T,EH64K,QL28S,YL52R",1.8880546,1.1446759,1,7
"2B2X_HL_A|VH50T,EH64K,YL52N",0.28173435,0.91036326,1,7
"2B2X_HL_A|VH50T,EH64N,QL28S,YL52N",1.0069425,0.944347,1,7
"2B2X_HL_A|VH50T,EH64Q,QL28S,YL52N",0.96559924,0.9466994,1,7
"2B2X_HL_A|VH50T,EH64Q,QL28S,YL52N,LH60D",1.0862032,0.9964912,1,7
"2B2X_HL_A|VH50T,QL28S,YL52N",0.96559924,0.79545337,1,7
"2B2X_HL_A|VH50T,QL28S,YL52N,LH60D",0.90141344,0.7075414,1,7
"2B2X_HL_A|VH50T,YL52N",0.18636756,0.60998285,1,7
2B2X_HL_A|YL52E,-0.22410508,-0.016952153,1,7
2VIR_AB_C|SC115L,3.680209,0.37437952,1,7
2VIR_AB_C|TC89I,4.0,4.569222,1,7
"3G6D_LH_A|EL3V,GL76R,TL77V,QL78E,EL80G",0.13981691,0.20064624,1,7
"3G6D_LH_A|EL3V,GL76R,TL77V,QL78E,EL80G,DH54N",0.111178115,1.3175315,1,7
"3G6D_LH_A|EL3V,GL76R,TL77V,QL78E,EL80G,TL89S,ML92I,VL93D,TL94K",0.27145106,0.1947723,1,7
3G6D_LH_A|HH104A,-0.9530879,0.51885337,1,7
"3G6D_LH_A|KH210T,KH215T",-0.13294782,-0.16831894,1,7
"3G6D_LH_A|TL89S,ML92I,VL93D,TL94K",0.7979767,0.10980944,1,7
3G6D_LH_A|WH105A,-1.4965084,1.7501453,1,7
"3IDX_HL_G|CG27I,CG242Q",-2.4650376,0.24019124,1,7
"3IDX_HL_G|CG27I,CG242Q,MG247A",-2.1736174,-0.091688946,1,7
"3IDX_HL_G|KG85C,EG121C,CG27I,CG242Q",-2.3776865,0.31055805,1,7
"3IDX_HL_G|KG85C,EG121C,WG13M,MG247A,CG14W,CG129V,CG27I,CG242Q",-2.1922898,0.7316048,1,7
"3IDX_HL_G|KG85C,EG122C,WG13M,MG247A,CG14W,CG129V,CG27I,CG242Q",-2.2927184,0.6352303,1,7
"3IDX_HL_G|TG41C,GG245C,MG247A",0.40945426,-0.11432801,1,7
"3IDX_HL_G|TG41C,GG245C,WG13M,MG247A,CG14W,CG129V,CG27I,CG242Q",-2.3310676,0.5349002,1,7
"3IDX_HL_G|WG13M,MG247A,CG14W,CG129V",-0.6475391,0.4479509,1,7
"3IDX_HL_G|WG13M,MG247A,CG14W,CG129V,CG27I,CG242Q",-2.3479884,0.68442804,1,7
"3IDX_HL_G|WG13M,MG247A,CG14W,CG129V,KG85C,EG121C",-0.36166522,0.39599758,1,7
"3IDX_HL_G|WG13M,SG111T,WG200S,MG247A,CG14W,CG129V,CG27I,CG242Q",-1.8639641,0.63530594,1,7
"3L5X_A_HL|EL93F,YL94G",-0.42800838,-0.04067019,1,7
"3L5X_A_HL|EL93H,YL94G",-0.7626503,0.07191759,1,7
"3L5X_A_HL|HL91P,NL92I,EL93D,YL94A",-0.6466697,-0.33221218,1,7
"3L5X_A_HL|HL91P,NL92L,EL93D,YL94S",-0.6327897,-0.37203407,1,7
"3L5X_A_HL|HL91P,NL92L,EL93D,YL94T",-0.81005055,-0.31749249,1,7
"3L5X_A_HL|HL91P,NL92L,EL93D,YL94V",-0.85822237,-0.61994886,1,7
"3L5X_A_HL|HL91P,NL92L,YL94A",-0.44441348,0.023401279,1,7
"3L5X_A_HL|HL91Q,NL92D,EL93I,YL94G",-1.5503801,-0.18749364,1,7
"3L5X_A_HL|HL91Q,NL92D,EL93L,YL94G",-1.785132,-0.37522548,1,7
"3L5X_A_HL|HL91Q,NL92D,EL93Y,YL94G",-1.451453,-0.6804915,1,7
"3L5X_A_HL|NL92D,EL93L,YL94G",-0.42962858,-0.53535825,1,7
"3L5X_A_HL|NL92D,EL93N,YL94S",-0.53403836,0.3197251,1,7
"3L5X_A_HL|NL92D,EL93P,YL94G",-1.4699602,-0.23955794,1,7
"3L5X_A_HL|NL92D,EL93R,YL94D",-0.52253926,-0.3976535,1,7
"3L5X_A_HL|NL92D,EL93W,YL94E",-1.1963489,-0.9387328,1,7
"3L5X_A_HL|NL92D,EL93W,YL94G",-1.6825228,-0.8633704,1,7
"3L5X_A_HL|NL92D,EL93W,YL94S",-0.71612674,-0.6331573,1,7
"3L5X_A_HL|NL92D,EL93Y,YL94A",-0.8069743,-0.42896602,1,7
"3L5X_A_HL|NL92E,EL93S,YL94G",-1.2653587,-0.48319787,1,7
"3L5X_A_HL|NL92E,EL93W,YL94G",-1.5503801,-0.8376913,1,7
"3L5X_A_HL|NL92F,EL93W,YL94G",-1.2329907,-1.0500226,1,7
"3L5X_A_HL|NL92L,EL93D,YL94S",-0.6170473,-0.07175654,1,7
"3L5X_A_HL|NL92L,EL93L,YL94G",-0.6259698,-0.54290307,1,7
"3L5X_A_HL|NL92L,EL93M,YL94G",-0.82567644,-0.45990443,1,7
"3L5X_A_HL|NL92L,EL93N,YL94G",-0.6954369,-0.041078594,1,7
"3L5X_A_HL|NL92S,EL93H,YL94G",-1.2457265,-0.40728173,1,7
"3L5X_A_HL|NL92S,EL93I,YL94G",-0.8069743,-0.4755752,1,7
"3L5X_A_HL|NL92S,EL93S,YL94G",-0.24921271,-0.594268,1,7
"3L5X_A_HL|NL92S,EL93V,YL94G",-0.51687235,-0.3242902,1,7
"3L5X_A_HL|NL92S,EL93W,YL94A",-0.30302802,-0.6085229,1,7
"3L5X_A_HL|NL92S,EL93W,YL94G",-1.2720501,-0.799698,1,7
"3L5X_A_HL|NL92S,EL93Y,YL94G",-0.9641868,-0.82060647,1,7
"3L5X_A_HL|NL92V,EL93G,YL94G",-0.46300006,-0.22258885,1,7
"3L5X_A_HL|NL92V,EL93W,YL94G",-0.83525383,-0.3590023,1,7
3L5X_A_HL|YL94A,-0.82885176,0.8968597,1,7
3N85_A_LH|SH32A,-0.13401966,1.1640673,1,7
3N85_A_LH|SH32Y,0.0571225,-0.6899424,1,7
3N85_A_LH|SH50G,0.48767117,-0.42367432,1,7
3N85_A_LH|SH52Y,-0.78460336,-0.45635435,1,7
3N85_A_LH|WH100F,-0.015185109,0.26524952,1,7
3N85_A_LH|WH30K,-0.78460336,1.5452559,1,7
3N85_A_LH|WH30R,-0.5539675,0.37569723,1,7
3N85_A_LH|WL91F,0.13959166,1.4505548,1,7
3N85_A_LH|WL94Y,-0.03871881,-0.40040082,1,7
3SE8_HL_G|DH110A,-0.38934898,0.43644708,1,7
3SE8_HL_G|DH114A,-0.2441398,1.2710061,1,7
3SE8_HL_G|DL49A,0.8558488,1.6391488,1,7
3SE8_HL_G|EL1A,-0.5565174,0.038025483,1,7
3SE8_HL_G|EL91A,1.513491,0.938872,1,7
3SE8_HL_G|FH115A,1.0676043,0.82965773,1,7
3SE8_HL_G|FL90A,-0.8640972,1.1089482,1,7
3SE8_HL_G|FL92A,0.8323254,0.40693784,1,7
3SE8_HL_G|GH56A,0.3570972,1.2087066,1,7
3SE8_HL_G|KH52A,1.1114144,0.58164346,1,7
3SE8_HL_G|LH54A,0.054776184,1.1014721,1,7
3SE8_HL_G|NL30A,0.19434923,0.65984815,1,7
3SE8_HL_G|PH78A,0.01881787,0.6370784,1,7
3SE8_HL_G|PH81A,-0.07091986,1.2558589,1,7
3SE8_HL_G|QH63A,1.1144251,0.05371345,1,7
3SE8_HL_G|QH65A,0.54980505,0.32582805,1,7
3SE8_HL_G|QH76A,0.09689985,-0.09681542,1,7
3SE8_HL_G|QL27A,-0.21612903,0.04939415,1,7
3SE8_HL_G|RH30A,-0.03949762,0.8694363,1,7
3SE8_HL_G|RH62A,1.2061691,0.5673079,1,7
3SE8_HL_G|RH72A,2.6444623,1.68112,1,7
3SE8_HL_G|SH59A,1.1508402,0.82275337,1,7
3SE8_HL_G|VH58A,1.2496852,0.5413286,1,7
3SE8_HL_G|WH47A,1.4751467,1.4998555,1,7
3SE8_HL_G|WH50A,1.333526,2.4170918,1,7
3SE8_HL_G|WH55A,0.7611056,1.4709361,1,7
3SE8_HL_G|YH111A,0.82992166,0.6082694,1,7
3SE8_HL_G|YH60A,0.8558488,1.4357212,1,7
4KRL_A_B|DB112A,0.6496817,1.8552061,1,7
5C6T_HL_A|EA194A,1.0906719,1.8715509,1,7
5C6T_HL_A|FA192A,1.9972014,2.3121262,1,7
5C6T_HL_A|FA199A,2.7581792,1.6111971,1,7
5C6T_HL_A|FA200A,0.41047263,1.5225302,1,7
5C6T_HL_A|FH99A,1.4600298,0.3241838,1,7
5C6T_HL_A|IA201A,0.88561165,-0.067907795,1,7
5C6T_HL_A|NA183A,0.28399685,0.81876016,1,7
5C6T_HL_A|NA186A,0.3630724,-0.07279287,1,7
5C6T_HL_A|NA188A,-0.36658686,0.490072,1,7
"5C6T_HL_A|NA195A,DA197A",0.58650106,0.55693066,1,7
5C6T_HL_A|NH97A,1.5258962,-0.20139432,1,7
5C6T_HL_A|RH31S,0.3115454,0.48786095,1,7
5C6T_HL_A|RL48A,0.1229613,2.0916765,1,7
5C6T_HL_A|SH32A,-0.8683455,0.84647435,1,7
5C6T_HL_A|TA185A,0.33786914,1.3751037,1,7
5C6T_HL_A|YA182A,3.2083547,2.7680645,1,7
"5C6T_HL_A|YA182A,NA195A,DA197A",2.942425,1.8038344,1,7
5C6T_HL_A|YH104A,0.3630724,0.17214543,1,7
5C6T_HL_A|YH98A,1.7166799,1.0927541,1,7
5C6T_HL_A|YL47A,0.5516565,1.8217947,1,7
1DVF_AB_CD|DB100A,2.7895143,0.7898917,2,0
"1DVF_AB_CD|DB100A,DD52A",4.0,2.552137,2,0
"1DVF_AB_CD|DB100A,HD33A",4.0,1.2055871,2,0
"1DVF_AB_CD|DB100A,ND55A",4.0,1.1448054,2,0
1DVF_AB_CD|DB54A,4.0,0.63622135,2,0
"1DVF_AB_CD|DB54A,YC49A",4.0,1.9798613,2,0
1DVF_AB_CD|DB58A,1.6000048,0.5776489,2,0
"1DVF_AB_CD|DB58A,QD104A",1.4641725,1.17993,2,0
1DVF_AB_CD|DD52A,1.6822901,1.3317384,2,0
1DVF_AB_CD|EB98A,4.0,0.6534185,2,0
"1DVF_AB_CD|EB98A,YD102A",4.0,2.5995288,2,0
1DVF_AB_CD|HA30A,1.6493824,0.872159,2,0
1DVF_AB_CD|HD33A,1.8606005,0.51127297,2,0
1DVF_AB_CD|ID101A,2.6815457,0.713615,2,0
1DVF_AB_CD|KD30A,1.0035173,0.39219505,2,0
1DVF_AB_CD|NB56A,1.1624389,0.27199483,2,0
"1DVF_AB_CD|NB56A,HD33A",2.5259995,0.70748895,2,0
"1DVF_AB_CD|NB56A,ND55A",2.3010929,0.49999166,2,0
"1DVF_AB_CD|NB56A,QD104A",1.4868644,0.89023244,2,0
1DVF_AB_CD|ND55A,1.8606005,0.36369777,2,0
1DVF_AB_CD|QD104A,1.6287225,0.7568212,2,0
1DVF_AB_CD|RB99A,1.8746451,0.40368903,2,0
1DVF_AB_CD|RD106A,4.0,0.4441263,2,0
1DVF_AB_CD|SA93A,1.1624389,0.45826167,2,0
1DVF_AB_CD|TB30A,0.9075126,0.24928823,2,0
1DVF_AB_CD|WA92A,0.34072307,1.0298702,2,0
1DVF_AB_CD|WB52A,4.0,1.5307213,2,0
"1DVF_AB_CD|WB52A,QD104A",4.0,2.274872,2,0
1DVF_AB_CD|YA32A,2.0303695,1.4735552,2,0
"1DVF_AB_CD|YA32A,RD106A",4.0,1.811326,2,0
1DVF_AB_CD|YA49A,1.6785902,1.6196389,2,0
"1DVF_AB_CD|YA49A,HD33A",2.625045,2.019399,2,0
"1DVF_AB_CD|YA49A,ND55A",2.0303695,1.9564452,2,0
1DVF_AB_CD|YA50A,0.6877736,2.081877,2,0
1DVF_AB_CD|YB101F,2.0123136,0.8047795,2,0
1DVF_AB_CD|YB32A,1.8314707,0.82524663,2,0
1DVF_AB_CD|YC49A,1.8606005,1.3958611,2,0
1DVF_AB_CD|YD102A,4.0,1.5824302,2,0
1MHP_HL_A|FH99W,0.0,-0.2935912,2,0
1MHP_HL_A|FH99Y,0.75466895,-0.67984074,2,0
1MHP_HL_A|GH100F,0.38901797,0.12332989,2,0
1MHP_HL_A|GH100L,2.727121,0.26276746,2,0
1MHP_HL_A|GH100M,0.10213403,-0.023650765,2,0
1MHP_HL_A|GH100S,0.5577475,0.10176535,2,0
1MHP_HL_A|GH53A,0.5126066,0.6388458,2,0
1MHP_HL_A|GH53N,1.2553134,0.55015063,2,0
1MHP_HL_A|GH53S,0.6755934,0.22804481,2,0
1MHP_HL_A|GH54I,1.3635606,0.19708112,2,0
1MHP_HL_A|GH54T,1.1641668,0.4561891,2,0
1MHP_HL_A|GH54Y,0.0,-0.47836304,2,0
1MHP_HL_A|GL91Q,1.572685,0.14375047,2,0
1MHP_HL_A|GL91S,0.5126066,0.20514464,2,0
1MHP_HL_A|HL30K,1.1641668,0.26228717,2,0
1MHP_HL_A|HL30R,1.1237977,0.102021046,2,0
1MHP_HL_A|HL30W,1.2553134,-0.25191218,2,0
1MHP_HL_A|KH64D,-0.17144196,-0.23987679,2,0
1MHP_HL_A|KH64E,-0.07761467,-0.112644315,2,0
"1MHP_HL_A|KH64E,SL27Q",-0.85684633,-0.4726237,2,0
"1MHP_HL_A|KH64E,SL27Q,NL51Y",-1.0191593,-1.2024497,2,0
1MHP_HL_A|KH64N,-0.03627145,0.3419892,2,0
1MHP_HL_A|KH64Q,-0.07761467,0.01820948,2,0
1MHP_HL_A|LH60D,-0.061319917,-0.066871926,2,0
"1MHP_HL_A|LH60D,KH64E",-0.1418005,-0.3172542,2,0
"1MHP_HL_A|LH60D,KH64Q",0.042989343,-0.0060637444,2,0
1MHP_HL_A|LL48F,0.71227974,0.08930478,2,0
1MHP_HL_A|LL48K,0.8612009,-0.07309006,2,0
1MHP_HL_A|LL48W,1.9075676,-0.75613904,2,0
1MHP_HL_A|NL29V,1.0493295,-0.12971939,2,0
1MHP_HL_A|NL29W,1.572685,-0.46507943,2,0
1MHP_HL_A|NL29Y,1.9075676,-0.5166839,2,0
"1MHP_HL_A|NL29Y,SL90I",0.43436813,-0.28937757,2,0
1MHP_HL_A|NL51D,0.5007625,-0.3851573,2,0
1MHP_HL_A|NL51E,-0.08868487,-0.13954368,2,0
1MHP_HL_A|NL51K,0.65751,-0.17829804,2,0
1MHP_HL_A|NL51R,0.84484076,-0.35413742,2,0
1MHP_HL_A|NL51Y,-0.05162489,-0.80304664,2,0
1MHP_HL_A|RH31Q,1.3073281,0.20648064,2,0
1MHP_HL_A|SH35A,1.572685,0.6770968,2,0
"1MHP_HL_A|SH35A,GH102S",1.572685,0.8070839,2,0
1MHP_HL_A|SH35Q,2.727121,-0.019768126,2,0
"1MHP_HL_A|SH35V,GH102S",1.4256749,0.32845512,2,0
1MHP_HL_A|SH52M,2.0758402,-0.058431864,2,0
1MHP_HL_A|SL23R,-0.21533228,-0.13788183,2,0
1MHP_HL_A|SL27Q,-0.6661127,-0.34807813,2,0
1MHP_HL_A|SL90Q,1.7740332,-0.084983066,2,0
1MHP_HL_A|SL90T,2.3166485,0.20237228,2,0
"1MHP_HL_A|TH33E,GH53Q",1.6674565,0.42759335,2,0
"1MHP_HL_A|TH33I,SH52T,GH53N,GH54N",1.9075676,1.6895198,2,0
"1MHP_HL_A|TH33I,SH52T,GH53Q,GH54F",1.2553134,0.681107,2,0
1MHP_HL_A|TH33N,2.727121,-0.09762782,2,0
1MHP_HL_A|TH33V,0.43436813,-0.21942078,2,0
1MHP_HL_A|TH50V,-0.13159887,-0.3468473,2,0
"1MHP_HL_A|TH50V,GH102S",1.6674565,0.0894353,2,0
"1MHP_HL_A|TH50V,KH64E",-0.1805197,-0.57507265,2,0
"1MHP_HL_A|TH50V,KH64E,SL27Q,NL51E",-1.267319,-1.0855775,2,0
"1MHP_HL_A|TH50V,KH64E,SL27Q,NL51Y",-1.0844951,-1.5525074,2,0
"1MHP_HL_A|TH50V,SH35A",2.0758402,0.2689879,2,0
"1MHP_HL_A|TH50V,SH35V",2.727121,-0.2715881,2,0
"1MHP_HL_A|TH50V,SL27Q",-0.6946839,-0.46060717,2,0
"1MHP_HL_A|TH50V,SL27Q,NL51Y",-1.0235296,-1.1315991,2,0
1MHP_HL_A|WL89Q,2.0758402,0.6148767,2,0
"1MHP_HL_A|WL89Q,FL32Y",0.871019,0.19145808,2,0
1MHP_HL_A|YH58E,2.0758402,0.7867472,2,0
1MHP_HL_A|YH58Q,2.0758402,0.7705948,2,0
1MHP_HL_A|YH58W,0.82094526,0.29612285,2,0
1MHP_HL_A|YH59E,0.54400706,0.35297906,2,0
1N8Z_AB_C|DB102W,-0.71302944,-0.37144405,2,0
1N8Z_AB_C|FC539A,0.035102826,1.3982334,2,0
1N8Z_AB_C|HA91F,0.034232877,0.38714677,2,0
1N8Z_AB_C|LC509A,-0.023045197,0.8437315,2,0
1N8Z_AB_C|NA30S,0.06666317,-0.18251811,2,0
"1N8Z_AB_C|NA30S,HA91F,YA92W",-0.07476232,0.6249205,2,0
"1N8Z_AB_C|NA30S,HA91F,YA92W,TA94S,DB102W,YB105F,YB109V",0.050661404,0.21766633,2,0
1N8Z_AB_C|RB50A,2.9754758,0.6783634,2,0
1N8Z_AB_C|RB59A,1.8037988,0.6960954,2,0
1N8Z_AB_C|SC535A,0.030827092,0.47290456,2,0
1N8Z_AB_C|TA94S,0.32168603,-0.20028333,2,0
1N8Z_AB_C|VC536A,0.008972699,0.4897383,2,0
1N8Z_AB_C|YB105F,0.8540034,0.8615209,2,0
1N8Z_AB_C|YB109V,0.23192272,0.34860075,2,0
1XGQ_AB_C|VB33A,1.1525793,0.7305557,2,0
1XGQ_AB_C|VB33F,-2.9080825,-0.30410576,2,0
1XGQ_AB_C|VB33I,-1.1076277,0.102931924,2,0
1XGQ_AB_C|VB33L,-1.0463123,-0.018995643,2,0
1YQV_HL_Y|RY45K,1.8995041,0.24291399,2,0
"1YQV_HL_Y|RY68K,TY40S,IY55V,SY91T",4.0,0.5547102,2,0
"1YQV_HL_Y|RY68K,TY40S,IY55V,SY91T,QY121H",0.0,0.5364207,2,0
1YY9_CD_A|AC25P,0.07225565,-0.5400756,2,0
1YY9_CD_A|AD98P,1.0372273,-0.9665527,2,0
1YY9_CD_A|GD54P,0.26807046,0.054971244,2,0
1YY9_CD_A|LD29P,0.030827092,0.09769544,2,0
1YY9_CD_A|NC93A,-0.74186975,-0.02949974,2,0
1YY9_CD_A|ND56A,-0.057046015,0.25017384,2,0
1YY9_CD_A|SC26D,-0.19925442,-0.12967008,2,0
"1YY9_CD_A|SC26D,TC31E,NC93A",-1.3329437,-0.2712112,2,0
"1YY9_CD_A|SC26D,TC31E,NC93A,ND56A,TD61E",-0.6517935,-0.7342166,2,0
1YY9_CD_A|SC26P,-0.009110746,-0.033830777,2,0
1YY9_CD_A|SC28P,-0.22229962,-0.0075318217,2,0
1YY9_CD_A|SC54P,-0.018363854,0.15263143,2,0
1YY9_CD_A|SD53P,0.8175451,0.1568895,2,0
1YY9_CD_A|TC31E,-0.51892465,0.3002678,2,0
"1YY9_CD_A|TC31E,NC93A",-0.81853306,0.075476766,2,0
1YY9_CD_A|TC96P,4.0,-0.26896077,2,0
1YY9_CD_A|TD61E,-0.057046015,-0.3360309,2,0
1YY9_CD_A|WD52P,1.4782712,0.5098368,2,0
1YY9_CD_A|YD101P,1.6514195,0.37378687,2,0
3NPS_A_BC|DA214A,1.466743,0.9256191,2,0
3NPS_A_BC|DA46A,0.3399866,0.95232034,2,0
3NPS_A_BC|DA47A,1.0674704,1.1234034,2,0
3NPS_A_BC|DA91A,1.5070341,0.8533803,2,0
3NPS_A_BC|EA163A,0.61534816,0.50701165,2,0
3NPS_A_BC|FA50A,0.21957076,0.78894,2,0
3NPS_A_BC|FA89A,1.5714045,1.320366,2,0
3NPS_A_BC|FA92A,0.46353978,0.90731615,2,0
3NPS_A_BC|HA138A,1.8750918,0.5077981,2,0
3NPS_A_BC|IA26A,0.6415425,0.61678517,2,0
3NPS_A_BC|IA45A,-0.33181784,0.34982872,2,0
3NPS_A_BC|KA221A,-0.10361039,0.7506862,2,0
3NPS_A_BC|LA147A,0.29573628,0.46503025,2,0
3NPS_A_BC|NA90A,0.25341922,0.74913865,2,0
3NPS_A_BC|QA140A,0.29573628,0.67671114,2,0
3NPS_A_BC|QA168A,-0.059223834,0.95704794,2,0
3NPS_A_BC|QA169A,0.7409076,1.5716631,2,0
3NPS_A_BC|QA218A,-0.040916756,0.6514146,2,0
3NPS_A_BC|QA23A,0.026323749,0.9454154,2,0
3NPS_A_BC|RA219A,-0.08390186,0.22855802,2,0
3NPS_A_BC|RA48A,-1.062741,0.4248445,2,0
3NPS_A_BC|RA51A,0.13816836,0.565486,2,0
3NPS_A_BC|RA82A,-0.15159543,0.58631253,2,0
3NPS_A_BC|TA144A,0.17497002,0.50894195,2,0
3NPS_A_BC|TA93A,0.72381234,0.7204363,2,0
3NPS_A_BC|YA141A,1.7748737,1.1388574,2,0
3NPS_A_BC|YA52A,0.4518898,0.69030267,2,0
3W2D_A_HL|KA67N,4.0,0.41266084,2,0
3W2D_A_HL|KA67R,-0.42812017,0.28944728,2,0
3W2D_A_HL|YA45F,0.8779443,-0.28161395,2,0
3W2D_A_HL|YA45L,2.3647563,0.26344264,2,0
"4KRO_A_B|DA321T,FA323A",0.1269707,1.4779288,2,0
"4KRP_A_B|DA277T,FA279A",0.35829666,1.4823376,2,0
4NM8_ABCDEF_HL|DB19N,0.66149956,0.32138634,2,0
4NM8_ABCDEF_HL|IB18M,0.10977998,0.5751082,2,0
4NM8_ABCDEF_HL|LB38Y,-0.6151596,-0.16409557,2,0
4NM8_ABCDEF_HL|QB34R,2.9754758,0.41740143,2,0
4NM8_ABCDEF_HL|QB34T,2.3309386,0.29286885,2,0
4NM8_ABCDEF_HL|RB25M,3.442353,0.31227854,2,0
4NM8_ABCDEF_HL|TB32E,-0.5517196,0.016583927,2,0
4NM8_ABCDEF_HL|TB32I,-0.050205972,0.41032988,2,0
4NM8_ABCDEF_HL|TB32R,1.2211944,0.017485313,2,0
1DVF_AB_CD|DB100A,2.7895143,0.18199687,2,1
"1DVF_AB_CD|DB100A,DD52A",4.0,0.3815857,2,1
"1DVF_AB_CD|DB100A,HD33A",4.0,0.44957557,2,1
"1DVF_AB_CD|DB100A,ND55A",4.0,0.33427566,2,1
1DVF_AB_CD|DB54A,4.0,0.34967023,2,1
"1DVF_AB_CD|DB54A,YC49A",4.0,0.98633313,2,1
1DVF_AB_CD|DB58A,1.6000048,0.28242698,2,1
"1DVF_AB_CD|DB58A,QD104A",1.4641725,0.55495155,2,1
1DVF_AB_CD|DD52A,1.6822901,0.2675789,2,1
1DVF_AB_CD|EB98A,4.0,0.24951726,2,1
"1DVF_AB_CD|EB98A,YD102A",4.0,0.8122128,2,1
1DVF_AB_CD|HA30A,1.6493824,0.24968341,2,1
1DVF_AB_CD|HD33A,1.8606005,0.32735854,2,1
1DVF_AB_CD|ID101A,2.6815457,0.4194791,2,1
1DVF_AB_CD|KD30A,1.0035173,0.32864726,2,1
1DVF_AB_CD|NB56A,1.1624389,0.11709308,2,1
"1DVF_AB_CD|NB56A,HD33A",2.5259995,0.37463775,2,1
"1DVF_AB_CD|NB56A,ND55A",2.3010929,0.22646298,2,1
"1DVF_AB_CD|NB56A,QD104A",1.4868644,0.40409446,2,1
1DVF_AB_CD|ND55A,1.8606005,0.23106748,2,1
1DVF_AB_CD|QD104A,1.6287225,0.38282064,2,1
1DVF_AB_CD|RB99A,1.8746451,0.2660294,2,1
1DVF_AB_CD|RD106A,4.0,0.4442747,2,1
1DVF_AB_CD|SA93A,1.1624389,0.096698865,2,1
1DVF_AB_CD|TB30A,0.9075126,0.17412345,2,1
1DVF_AB_CD|WA92A,0.34072307,0.57239497,2,1
1DVF_AB_CD|WB52A,4.0,0.61915433,2,1
"1DVF_AB_CD|WB52A,QD104A",4.0,0.98724663,2,1
1DVF_AB_CD|YA32A,2.0303695,0.33158615,2,1
"1DVF_AB_CD|YA32A,RD106A",4.0,0.76193583,2,1
1DVF_AB_CD|YA49A,1.6785902,0.41398883,2,1
"1DVF_AB_CD|YA49A,HD33A",2.625045,0.6916922,2,1
"1DVF_AB_CD|YA49A,ND55A",2.0303695,0.57912564,2,1
1DVF_AB_CD|YA50A,0.6877736,0.38306865,2,1
1DVF_AB_CD|YB101F,2.0123136,0.14930907,2,1
1DVF_AB_CD|YB32A,1.8314707,0.3249585,2,1
1DVF_AB_CD|YC49A,1.8606005,0.6620493,2,1
1DVF_AB_CD|YD102A,4.0,0.69372785,2,1
1MHP_HL_A|FH99W,0.0,-0.09649868,2,1
1MHP_HL_A|FH99Y,0.75466895,-0.07226773,2,1
1MHP_HL_A|GH100F,0.38901797,-0.24004644,2,1
1MHP_HL_A|GH100L,2.727121,-0.29731712,2,1
1MHP_HL_A|GH100M,0.10213403,-0.27163637,2,1
1MHP_HL_A|GH100S,0.5577475,-0.06594228,2,1
1MHP_HL_A|GH53A,0.5126066,0.11532612,2,1
1MHP_HL_A|GH53N,1.2553134,-0.07271813,2,1
1MHP_HL_A|GH53S,0.6755934,0.02912296,2,1
1MHP_HL_A|GH54I,1.3635606,-0.22255924,2,1
1MHP_HL_A|GH54T,1.1641668,-0.14685565,2,1
1MHP_HL_A|GH54Y,0.0,-0.32953456,2,1
1MHP_HL_A|GL91Q,1.572685,-0.1741514,2,1
1MHP_HL_A|GL91S,0.5126066,0.06346553,2,1
1MHP_HL_A|HL30K,1.1641668,0.066309735,2,1
1MHP_HL_A|HL30R,1.1237977,-0.033287752,2,1
1MHP_HL_A|HL30W,1.2553134,-0.2611128,2,1
1MHP_HL_A|KH64D,-0.17144196,-0.101212844,2,1
1MHP_HL_A|KH64E,-0.07761467,-0.1581194,2,1
"1MHP_HL_A|KH64E,SL27Q",-0.85684633,-0.44475982,2,1
"1MHP_HL_A|KH64E,SL27Q,NL51Y",-1.0191593,-0.8328818,2,1
1MHP_HL_A|KH64N,-0.03627145,0.04981092,2,1
1MHP_HL_A|KH64Q,-0.07761467,-0.08497751,2,1
1MHP_HL_A|LH60D,-0.061319917,0.115244396,2,1
"1MHP_HL_A|LH60D,KH64E",-0.1418005,-0.11798044,2,1
"1MHP_HL_A|LH60D,KH64Q",0.042989343,0.054161012,2,1
1MHP_HL_A|LL48F,0.71227974,0.016162276,2,1
1MHP_HL_A|LL48K,0.8612009,0.11407658,2,1
1MHP_HL_A|LL48W,1.9075676,-0.24686694,2,1
1MHP_HL_A|NL29V,1.0493295,-0.17541899,2,1
1MHP_HL_A|NL29W,1.572685,-0.30304253,2,1
1MHP_HL_A|NL29Y,1.9075676,-0.2781574,2,1
"1MHP_HL_A|NL29Y,SL90I",0.43436813,-0.46013585,2,1
1MHP_HL_A|NL51D,0.5007625,-0.123160064,2,1
1MHP_HL_A|NL51E,-0.08868487,-0.1635895,2,1
1MHP_HL_A|NL51K,0.65751,-0.115950935,2,1
1MHP_HL_A|NL51R,0.84484076,-0.18502052,2,1
1MHP_HL_A|NL51Y,-0.05162489,-0.34113353,2,1
1MHP_HL_A|RH31Q,1.3073281,0.027150426,2,1
1MHP_HL_A|SH35A,1.572685,0.11156572,2,1
"1MHP_HL_A|SH35A,GH102S",1.572685,0.20361128,2,1
1MHP_HL_A|SH35Q,2.727121,-0.17170486,2,1
"1MHP_HL_A|SH35V,GH102S",1.4256749,-0.04756209,2,1
1MHP_HL_A|SH52M,2.0758402,-0.21082602,2,1
1MHP_HL_A|SL23R,-0.21533228,-0.12083068,2,1
1MHP_HL_A|SL27Q,-0.6661127,-0.23129442,2,1
1MHP_HL_A|SL90Q,1.7740332,-0.20172524,2,1
1MHP_HL_A|SL90T,2.3166485,-0.0007619662,2,1
"1MHP_HL_A|TH33E,GH53Q",1.6674565,-0.19697377,2,1
"1MHP_HL_A|TH33I,SH52T,GH53N,GH54N",1.9075676,-0.27032655,2,1
"1MHP_HL_A|TH33I,SH52T,GH53Q,GH54F",1.2553134,-0.48754776,2,1
1MHP_HL_A|TH33N,2.727121,0.01677819,2,1
1MHP_HL_A|TH33V,0.43436813,-0.115187444,2,1
1MHP_HL_A|TH50V,-0.13159887,-0.09790483,2,1
"1MHP_HL_A|TH50V,GH102S",1.6674565,0.018557664,2,1
"1MHP_HL_A|TH50V,KH64E",-0.1805197,-0.3092861,2,1
"1MHP_HL_A|TH50V,KH64E,SL27Q,NL51E",-1.267319,-0.909111,2,1
"1MHP_HL_A|TH50V,KH64E,SL27Q,NL51Y",-1.0844951,-1.05231,2,1
"1MHP_HL_A|TH50V,SH35A",2.0758402,0.023203038,2,1
"1MHP_HL_A|TH50V,SH35V",2.727121,-0.21815486,2,1
"1MHP_HL_A|TH50V,SL27Q",-0.6946839,-0.29606217,2,1
"1MHP_HL_A|TH50V,SL27Q,NL51Y",-1.0235296,-0.6966007,2,1
1MHP_HL_A|WL89Q,2.0758402,0.14052887,2,1
"1MHP_HL_A|WL89Q,FL32Y",0.871019,0.19667661,2,1
1MHP_HL_A|YH58E,2.0758402,0.22092624,2,1
1MHP_HL_A|YH58Q,2.0758402,0.18590386,2,1
1MHP_HL_A|YH58W,0.82094526,0.045296427,2,1
1MHP_HL_A|YH59E,0.54400706,0.113252744,2,1
1N8Z_AB_C|DB102W,-0.71302944,-0.22736312,2,1
1N8Z_AB_C|FC539A,0.035102826,0.35241526,2,1
1N8Z_AB_C|HA91F,0.034232877,0.021973118,2,1
1N8Z_AB_C|LC509A,-0.023045197,0.28876936,2,1
1N8Z_AB_C|NA30S,0.06666317,0.022902172,2,1
"1N8Z_AB_C|NA30S,HA91F,YA92W",-0.07476232,-0.0051372135,2,1
"1N8Z_AB_C|NA30S,HA91F,YA92W,TA94S,DB102W,YB105F,YB109V",0.050661404,-0.33366933,2,1
1N8Z_AB_C|RB50A,2.9754758,0.28445604,2,1
1N8Z_AB_C|RB59A,1.8037988,0.37194356,2,1
1N8Z_AB_C|SC535A,0.030827092,0.14462477,2,1
1N8Z_AB_C|TA94S,0.32168603,0.009276734,2,1
1N8Z_AB_C|VC536A,0.008972699,0.25331706,2,1
1N8Z_AB_C|YB105F,0.8540034,0.13537215,2,1
1N8Z_AB_C|YB109V,0.23192272,0.015968636,2,1
1XGQ_AB_C|VB33A,1.1525793,0.23728923,2,1
1XGQ_AB_C|VB33F,-2.9080825,0.01586951,2,1
1XGQ_AB_C|VB33I,-1.1076277,0.051454898,2,1
1XGQ_AB_C|VB33L,-1.0463123,-0.0034902608,2,1
1YQV_HL_Y|RY45K,1.8995041,0.2366094,2,1
"1YQV_HL_Y|RY68K,TY40S,IY55V,SY91T",4.0,0.11063843,2,1
"1YQV_HL_Y|RY68K,TY40S,IY55V,SY91T,QY121H",0.0,0.048516296,2,1
1YY9_CD_A|AC25P,0.07225565,-0.22952619,2,1
1YY9_CD_A|AD98P,1.0372273,-0.24096777,2,1
1YY9_CD_A|GD54P,0.26807046,-0.22571154,2,1
1YY9_CD_A|LD29P,0.030827092,0.12706412,2,1
1YY9_CD_A|NC93A,-0.74186975,-0.025992882,2,1
1YY9_CD_A|ND56A,-0.057046015,0.098101206,2,1
1YY9_CD_A|SC26D,-0.19925442,-0.035651125,2,1
"1YY9_CD_A|SC26D,TC31E,NC93A",-1.3329437,-0.35279647,2,1
"1YY9_CD_A|SC26D,TC31E,NC93A,ND56A,TD61E",-0.6517935,-0.5805477,2,1
1YY9_CD_A|SC26P,-0.009110746,-0.07270789,2,1
1YY9_CD_A|SC28P,-0.22229962,-0.0693242,2,1
1YY9_CD_A|SC54P,-0.018363854,-0.0028844988,2,1
1YY9_CD_A|SD53P,0.8175451,-0.06178823,2,1
1YY9_CD_A|TC31E,-0.51892465,-0.04247382,2,1
"1YY9_CD_A|TC31E,NC93A",-0.81853306,-0.17857033,2,1
1YY9_CD_A|TC96P,4.0,-0.002356424,2,1
1YY9_CD_A|TD61E,-0.057046015,-0.09387656,2,1
1YY9_CD_A|WD52P,1.4782712,0.13963169,2,1
1YY9_CD_A|YD101P,1.6514195,0.21235953,2,1
3NPS_A_BC|DA214A,1.466743,0.24887297,2,1
3NPS_A_BC|DA46A,0.3399866,0.30595967,2,1
3NPS_A_BC|DA47A,1.0674704,0.33548445,2,1
3NPS_A_BC|DA91A,1.5070341,0.36336663,2,1
3NPS_A_BC|EA163A,0.61534816,0.4059437,2,1
3NPS_A_BC|FA50A,0.21957076,0.54762375,2,1
3NPS_A_BC|FA89A,1.5714045,0.36944947,2,1
3NPS_A_BC|FA92A,0.46353978,0.6327437,2,1
3NPS_A_BC|HA138A,1.8750918,0.2899212,2,1
3NPS_A_BC|IA26A,0.6415425,0.32218957,2,1
3NPS_A_BC|IA45A,-0.33181784,0.2956291,2,1
3NPS_A_BC|KA221A,-0.10361039,0.2631177,2,1
3NPS_A_BC|LA147A,0.29573628,0.30357793,2,1
3NPS_A_BC|NA90A,0.25341922,0.18097667,2,1
3NPS_A_BC|QA140A,0.29573628,0.33425146,2,1
3NPS_A_BC|QA168A,-0.059223834,0.31386554,2,1
3NPS_A_BC|QA169A,0.7409076,0.39859366,2,1
3NPS_A_BC|QA218A,-0.040916756,0.3160164,2,1
3NPS_A_BC|QA23A,0.026323749,0.39103866,2,1
3NPS_A_BC|RA219A,-0.08390186,0.25303832,2,1
3NPS_A_BC|RA48A,-1.062741,0.32835382,2,1
3NPS_A_BC|RA51A,0.13816836,0.31209546,2,1
3NPS_A_BC|RA82A,-0.15159543,0.29151192,2,1
3NPS_A_BC|TA144A,0.17497002,0.17075096,2,1
3NPS_A_BC|TA93A,0.72381234,0.30610076,2,1
3NPS_A_BC|YA141A,1.7748737,0.6214969,2,1
3NPS_A_BC|YA52A,0.4518898,0.5203058,2,1
3W2D_A_HL|KA67N,4.0,0.11836975,2,1
3W2D_A_HL|KA67R,-0.42812017,0.029707696,2,1
3W2D_A_HL|YA45F,0.8779443,0.16680707,2,1
3W2D_A_HL|YA45L,2.3647563,0.14935926,2,1
"4KRO_A_B|DA321T,FA323A",0.1269707,0.35341874,2,1
"4KRP_A_B|DA277T,FA279A",0.35829666,0.32710472,2,1
4NM8_ABCDEF_HL|DB19N,0.66149956,0.05655344,2,1
4NM8_ABCDEF_HL|IB18M,0.10977998,0.008585644,2,1
4NM8_ABCDEF_HL|LB38Y,-0.6151596,-0.09308896,2,1
4NM8_ABCDEF_HL|QB34R,2.9754758,0.13451639,2,1
4NM8_ABCDEF_HL|QB34T,2.3309386,0.042917654,2,1
4NM8_ABCDEF_HL|RB25M,3.442353,-0.025258042,2,1
4NM8_ABCDEF_HL|TB32E,-0.5517196,0.026140682,2,1
4NM8_ABCDEF_HL|TB32I,-0.050205972,-0.088395126,2,1
4NM8_ABCDEF_HL|TB32R,1.2211944,-0.02871731,2,1
1DVF_AB_CD|DB100A,2.7895143,0.07260677,2,2
"1DVF_AB_CD|DB100A,DD52A",4.0,0.18456936,2,2
"1DVF_AB_CD|DB100A,HD33A",4.0,0.19753537,2,2
"1DVF_AB_CD|DB100A,ND55A",4.0,0.21396762,2,2
1DVF_AB_CD|DB54A,4.0,0.15907131,2,2
"1DVF_AB_CD|DB54A,YC49A",4.0,0.33967614,2,2
1DVF_AB_CD|DB58A,1.6000048,-0.019539032,2,2
"1DVF_AB_CD|DB58A,QD104A",1.4641725,-0.0036763698,2,2
1DVF_AB_CD|DD52A,1.6822901,0.036075972,2,2
1DVF_AB_CD|EB98A,4.0,0.059192922,2,2
"1DVF_AB_CD|EB98A,YD102A",4.0,0.15271756,2,2
1DVF_AB_CD|HA30A,1.6493824,0.09020181,2,2
1DVF_AB_CD|HD33A,1.8606005,0.031664867,2,2
1DVF_AB_CD|ID101A,2.6815457,0.16230471,2,2
1DVF_AB_CD|KD30A,1.0035173,0.01744636,2,2
1DVF_AB_CD|NB56A,1.1624389,-0.046364747,2,2
"1DVF_AB_CD|NB56A,HD33A",2.5259995,0.045537166,2,2
"1DVF_AB_CD|NB56A,ND55A",2.3010929,0.05287034,2,2
"1DVF_AB_CD|NB56A,QD104A",1.4868644,-0.032299053,2,2
1DVF_AB_CD|ND55A,1.8606005,0.0778357,2,2
1DVF_AB_CD|QD104A,1.6287225,-0.011792287,2,2
1DVF_AB_CD|RB99A,1.8746451,0.10601871,2,2
1DVF_AB_CD|RD106A,4.0,0.0513189,2,2
1DVF_AB_CD|SA93A,1.1624389,-0.09613128,2,2
1DVF_AB_CD|TB30A,0.9075126,0.008312076,2,2
1DVF_AB_CD|WA92A,0.34072307,0.033252515,2,2
1DVF_AB_CD|WB52A,4.0,0.124199264,2,2
"1DVF_AB_CD|WB52A,QD104A",4.0,0.12603126,2,2
1DVF_AB_CD|YA32A,2.0303695,0.028903797,2,2
"1DVF_AB_CD|YA32A,RD106A",4.0,0.16037706,2,2
1DVF_AB_CD|YA49A,1.6785902,0.13261071,2,2
"1DVF_AB_CD|YA49A,HD33A",2.625045,0.27494878,2,2
"1DVF_AB_CD|YA49A,ND55A",2.0303695,0.2918052,2,2
1DVF_AB_CD|YA50A,0.6877736,0.05536377,2,2
1DVF_AB_CD|YB101F,2.0123136,0.07404371,2,2
1DVF_AB_CD|YB32A,1.8314707,0.006030228,2,2
1DVF_AB_CD|YC49A,1.8606005,0.1305083,2,2
1DVF_AB_CD|YD102A,4.0,0.11631246,2,2
1MHP_HL_A|FH99W,0.0,-0.03745899,2,2
1MHP_HL_A|FH99Y,0.75466895,-0.06352648,2,2
1MHP_HL_A|GH100F,0.38901797,-0.09571842,2,2
1MHP_HL_A|GH100L,2.727121,-0.006988533,2,2
1MHP_HL_A|GH100M,0.10213403,-0.013116699,2,2
1MHP_HL_A|GH100S,0.5577475,0.04136373,2,2
1MHP_HL_A|GH53A,0.5126066,-0.09822638,2,2
1MHP_HL_A|GH53N,1.2553134,0.012403353,2,2
1MHP_HL_A|GH53S,0.6755934,0.026991598,2,2
1MHP_HL_A|GH54I,1.3635606,-0.07586987,2,2
1MHP_HL_A|GH54T,1.1641668,0.027111106,2,2
1MHP_HL_A|GH54Y,0.0,-0.052649163,2,2
1MHP_HL_A|GL91Q,1.572685,-0.037797853,2,2
1MHP_HL_A|GL91S,0.5126066,-0.021844141,2,2
1MHP_HL_A|HL30K,1.1641668,0.05372889,2,2
1MHP_HL_A|HL30R,1.1237977,0.034626935,2,2
1MHP_HL_A|HL30W,1.2553134,0.0049860068,2,2
1MHP_HL_A|KH64D,-0.17144196,-0.015569102,2,2
1MHP_HL_A|KH64E,-0.07761467,-0.07187342,2,2
"1MHP_HL_A|KH64E,SL27Q",-0.85684633,-0.09421,2,2
"1MHP_HL_A|KH64E,SL27Q,NL51Y",-1.0191593,-0.13963328,2,2
1MHP_HL_A|KH64N,-0.03627145,0.047190078,2,2
1MHP_HL_A|KH64Q,-0.07761467,-0.0051253866,2,2
1MHP_HL_A|LH60D,-0.061319917,0.02506265,2,2
"1MHP_HL_A|LH60D,KH64E",-0.1418005,0.1124871,2,2
"1MHP_HL_A|LH60D,KH64Q",0.042989343,0.09737891,2,2
1MHP_HL_A|LL48F,0.71227974,-0.04086215,2,2
1MHP_HL_A|LL48K,0.8612009,0.0074081616,2,2
1MHP_HL_A|LL48W,1.9075676,0.004007688,2,2
1MHP_HL_A|NL29V,1.0493295,-0.00023704395,2,2
1MHP_HL_A|NL29W,1.572685,0.003629543,2,2
1MHP_HL_A|NL29Y,1.9075676,-0.013281126,2,2
"1MHP_HL_A|NL29Y,SL90I",0.43436813,-0.088070214,2,2
1MHP_HL_A|NL51D,0.5007625,-0.08662945,2,2
1MHP_HL_A|NL51E,-0.08868487,-0.09343526,2,2
1MHP_HL_A|NL51K,0.65751,-0.025119364,2,2
1MHP_HL_A|NL51R,0.84484076,-0.026498847,2,2
1MHP_HL_A|NL51Y,-0.05162489,-0.022960234,2,2
1MHP_HL_A|RH31Q,1.3073281,0.084775634,2,2
1MHP_HL_A|SH35A,1.572685,-0.06856181,2,2
"1MHP_HL_A|SH35A,GH102S",1.572685,0.101436414,2,2
1MHP_HL_A|SH35Q,2.727121,-0.016527988,2,2
"1MHP_HL_A|SH35V,GH102S",1.4256749,0.10352469,2,2
1MHP_HL_A|SH52M,2.0758402,0.03550211,2,2
1MHP_HL_A|SL23R,-0.21533228,-0.005435951,2,2
1MHP_HL_A|SL27Q,-0.6661127,-0.045628082,2,2
1MHP_HL_A|SL90Q,1.7740332,-0.011913357,2,2
1MHP_HL_A|SL90T,2.3166485,0.008213541,2,2
"1MHP_HL_A|TH33E,GH53Q",1.6674565,0.084697455,2,2
"1MHP_HL_A|TH33I,SH52T,GH53N,GH54N",1.9075676,0.07402571,2,2
"1MHP_HL_A|TH33I,SH52T,GH53Q,GH54F",1.2553134,0.027439676,2,2
1MHP_HL_A|TH33N,2.727121,0.020153092,2,2
1MHP_HL_A|TH33V,0.43436813,-0.008070903,2,2
1MHP_HL_A|TH50V,-0.13159887,-0.03808533,2,2
"1MHP_HL_A|TH50V,GH102S",1.6674565,0.05343429,2,2
"1MHP_HL_A|TH50V,KH64E",-0.1805197,-0.07948189,2,2
"1MHP_HL_A|TH50V,KH64E,SL27Q,NL51E",-1.267319,-0.106478296,2,2
"1MHP_HL_A|TH50V,KH64E,SL27Q,NL51Y",-1.0844951,-0.1708243,2,2
"1MHP_HL_A|TH50V,SH35A",2.0758402,-0.03291782,2,2
"1MHP_HL_A|TH50V,SH35V",2.727121,-0.016950127,2,2
"1MHP_HL_A|TH50V,SL27Q",-0.6946839,-0.070315555,2,2
"1MHP_HL_A|TH50V,SL27Q,NL51Y",-1.0235296,-0.11413899,2,2
1MHP_HL_A|WL89Q,2.0758402,0.05707802,2,2
"1MHP_HL_A|WL89Q,FL32Y",0.871019,0.029643834,2,2
1MHP_HL_A|YH58E,2.0758402,0.1330291,2,2
1MHP_HL_A|YH58Q,2.0758402,0.16328856,2,2
1MHP_HL_A|YH58W,0.82094526,0.124207884,2,2
1MHP_HL_A|YH59E,0.54400706,0.040555917,2,2
1N8Z_AB_C|DB102W,-0.71302944,0.13241261,2,2
1N8Z_AB_C|FC539A,0.035102826,0.008707911,2,2
1N8Z_AB_C|HA91F,0.034232877,-0.049844794,2,2
1N8Z_AB_C|LC509A,-0.023045197,0.1358239,2,2
1N8Z_AB_C|NA30S,0.06666317,0.06435702,2,2
"1N8Z_AB_C|NA30S,HA91F,YA92W",-0.07476232,0.1242805,2,2
"1N8Z_AB_C|NA30S,HA91F,YA92W,TA94S,DB102W,YB105F,YB109V",0.050661404,0.3271709,2,2
1N8Z_AB_C|RB50A,2.9754758,0.0027296338,2,2
1N8Z_AB_C|RB59A,1.8037988,0.08482577,2,2
1N8Z_AB_C|SC535A,0.030827092,-0.055992946,2,2
1N8Z_AB_C|TA94S,0.32168603,0.11673242,2,2
1N8Z_AB_C|VC536A,0.008972699,-0.008386519,2,2
1N8Z_AB_C|YB105F,0.8540034,0.044461563,2,2
1N8Z_AB_C|YB109V,0.23192272,0.07409282,2,2
1XGQ_AB_C|VB33A,1.1525793,-0.09448233,2,2
1XGQ_AB_C|VB33F,-2.9080825,-0.086887166,2,2
1XGQ_AB_C|VB33I,-1.1076277,-0.050862968,2,2
1XGQ_AB_C|VB33L,-1.0463123,-0.049571574,2,2
1YQV_HL_Y|RY45K,1.8995041,0.18532792,2,2
"1YQV_HL_Y|RY68K,TY40S,IY55V,SY91T",4.0,0.2550798,2,2
"1YQV_HL_Y|RY68K,TY40S,IY55V,SY91T,QY121H",0.0,0.29339164,2,2
1YY9_CD_A|AC25P,0.07225565,-0.36502194,2,2
1YY9_CD_A|AD98P,1.0372273,-0.43541574,2,2
1YY9_CD_A|GD54P,0.26807046,0.05155208,2,2
1YY9_CD_A|LD29P,0.030827092,0.19222224,2,2
1YY9_CD_A|NC93A,-0.74186975,-0.11483334,2,2
1YY9_CD_A|ND56A,-0.057046015,-0.03661183,2,2
1YY9_CD_A|SC26D,-0.19925442,-0.019741315,2,2
"1YY9_CD_A|SC26D,TC31E,NC93A",-1.3329437,0.016845489,2,2
"1YY9_CD_A|SC26D,TC31E,NC93A,ND56A,TD61E",-0.6517935,0.009365513,2,2
1YY9_CD_A|SC26P,-0.009110746,0.059343398,2,2
1YY9_CD_A|SC28P,-0.22229962,-0.10391811,2,2
1YY9_CD_A|SC54P,-0.018363854,-0.064625815,2,2
1YY9_CD_A|SD53P,0.8175451,-0.10918046,2,2
1YY9_CD_A|TC31E,-0.51892465,-0.028362058,2,2
"1YY9_CD_A|TC31E,NC93A",-0.81853306,-0.057849318,2,2
1YY9_CD_A|TC96P,4.0,-0.043765105,2,2
1YY9_CD_A|TD61E,-0.057046015,-0.10570066,2,2
1YY9_CD_A|WD52P,1.4782712,0.11694035,2,2
1YY9_CD_A|YD101P,1.6514195,0.054040574,2,2
3NPS_A_BC|DA214A,1.466743,0.05918123,2,2
3NPS_A_BC|DA46A,0.3399866,0.05840387,2,2
3NPS_A_BC|DA47A,1.0674704,0.13264734,2,2
3NPS_A_BC|DA91A,1.5070341,0.09390705,2,2
3NPS_A_BC|EA163A,0.61534816,0.01607694,2,2
3NPS_A_BC|FA50A,0.21957076,0.13162881,2,2
3NPS_A_BC|FA89A,1.5714045,0.12444517,2,2
3NPS_A_BC|FA92A,0.46353978,0.1768434,2,2
3NPS_A_BC|HA138A,1.8750918,0.030629793,2,2
3NPS_A_BC|IA26A,0.6415425,0.07699699,2,2
3NPS_A_BC|IA45A,-0.33181784,0.06812712,2,2
3NPS_A_BC|KA221A,-0.10361039,0.043318994,2,2
3NPS_A_BC|LA147A,0.29573628,-0.0073918737,2,2
3NPS_A_BC|NA90A,0.25341922,0.073756896,2,2
3NPS_A_BC|QA140A,0.29573628,-0.028409548,2,2
3NPS_A_BC|QA168A,-0.059223834,0.029107898,2,2
3NPS_A_BC|QA169A,0.7409076,0.039243527,2,2
3NPS_A_BC|QA218A,-0.040916756,-0.01505222,2,2
3NPS_A_BC|QA23A,0.026323749,0.04083362,2,2
3NPS_A_BC|RA219A,-0.08390186,-0.0044822507,2,2
3NPS_A_BC|RA48A,-1.062741,0.014608346,2,2
3NPS_A_BC|RA51A,0.13816836,0.02575464,2,2
3NPS_A_BC|RA82A,-0.15159543,0.059754603,2,2
3NPS_A_BC|TA144A,0.17497002,0.007979475,2,2
3NPS_A_BC|TA93A,0.72381234,0.06025311,2,2
3NPS_A_BC|YA141A,1.7748737,0.197752,2,2
3NPS_A_BC|YA52A,0.4518898,0.08160053,2,2
3W2D_A_HL|KA67N,4.0,0.072417185,2,2
3W2D_A_HL|KA67R,-0.42812017,0.03413032,2,2
3W2D_A_HL|YA45F,0.8779443,0.07311025,2,2
3W2D_A_HL|YA45L,2.3647563,0.054510906,2,2
"4KRO_A_B|DA321T,FA323A",0.1269707,0.23356982,2,2
"4KRP_A_B|DA277T,FA279A",0.35829666,0.24152985,2,2
4NM8_ABCDEF_HL|DB19N,0.66149956,0.036020692,2,2
4NM8_ABCDEF_HL|IB18M,0.10977998,0.037108384,2,2
4NM8_ABCDEF_HL|LB38Y,-0.6151596,-0.04164521,2,2
4NM8_ABCDEF_HL|QB34R,2.9754758,0.09213726,2,2
4NM8_ABCDEF_HL|QB34T,2.3309386,0.061354857,2,2
4NM8_ABCDEF_HL|RB25M,3.442353,0.049583644,2,2
4NM8_ABCDEF_HL|TB32E,-0.5517196,0.014155395,2,2
4NM8_ABCDEF_HL|TB32I,-0.050205972,0.021726638,2,2
4NM8_ABCDEF_HL|TB32R,1.2211944,0.07463598,2,2
1DVF_AB_CD|DB100A,2.7895143,0.8216107,2,3
"1DVF_AB_CD|DB100A,DD52A",4.0,1.8260509,2,3
"1DVF_AB_CD|DB100A,HD33A",4.0,2.2845478,2,3
"1DVF_AB_CD|DB100A,ND55A",4.0,0.8787524,2,3
1DVF_AB_CD|DB54A,4.0,0.66921145,2,3
"1DVF_AB_CD|DB54A,YC49A",4.0,2.2302146,2,3
1DVF_AB_CD|DB58A,1.6000048,0.686498,2,3
"1DVF_AB_CD|DB58A,QD104A",1.4641725,1.2164196,2,3
1DVF_AB_CD|DD52A,1.6822901,0.8936419,2,3
1DVF_AB_CD|EB98A,4.0,0.8496159,2,3
"1DVF_AB_CD|EB98A,YD102A",4.0,2.8737657,2,3
1DVF_AB_CD|HA30A,1.6493824,0.76911426,2,3
1DVF_AB_CD|HD33A,1.8606005,1.2016344,2,3
1DVF_AB_CD|ID101A,2.6815457,0.78758013,2,3
1DVF_AB_CD|KD30A,1.0035173,0.74949205,2,3
1DVF_AB_CD|NB56A,1.1624389,0.35617596,2,3
"1DVF_AB_CD|NB56A,HD33A",2.5259995,1.3726014,2,3
"1DVF_AB_CD|NB56A,ND55A",2.3010929,0.3877079,2,3
"1DVF_AB_CD|NB56A,QD104A",1.4868644,0.9580446,2,3
1DVF_AB_CD|ND55A,1.8606005,0.35583723,2,3
1DVF_AB_CD|QD104A,1.6287225,0.879069,2,3
1DVF_AB_CD|RB99A,1.8746451,0.57964724,2,3
1DVF_AB_CD|RD106A,4.0,1.0014265,2,3
1DVF_AB_CD|SA93A,1.1624389,0.67097294,2,3
1DVF_AB_CD|TB30A,0.9075126,0.18123367,2,3
1DVF_AB_CD|WA92A,0.34072307,1.0675353,2,3
1DVF_AB_CD|WB52A,4.0,1.502564,2,3
"1DVF_AB_CD|WB52A,QD104A",4.0,2.2324483,2,3
1DVF_AB_CD|YA32A,2.0303695,1.7169459,2,3
"1DVF_AB_CD|YA32A,RD106A",4.0,2.3547404,2,3
1DVF_AB_CD|YA49A,1.6785902,1.6482894,2,3
"1DVF_AB_CD|YA49A,HD33A",2.625045,2.8040464,2,3
"1DVF_AB_CD|YA49A,ND55A",2.0303695,1.6122801,2,3
1DVF_AB_CD|YA50A,0.6877736,2.3283365,2,3
1DVF_AB_CD|YB101F,2.0123136,0.61621135,2,3
1DVF_AB_CD|YB32A,1.8314707,1.3484614,2,3
1DVF_AB_CD|YC49A,1.8606005,1.992765,2,3
1DVF_AB_CD|YD102A,4.0,1.9553843,2,3
1MHP_HL_A|FH99W,0.0,-0.3321242,2,3
1MHP_HL_A|FH99Y,0.75466895,-0.86435723,2,3
1MHP_HL_A|GH100F,0.38901797,-0.07113853,2,3
1MHP_HL_A|GH100L,2.727121,0.07149392,2,3
1MHP_HL_A|GH100M,0.10213403,0.036647473,2,3
1MHP_HL_A|GH100S,0.5577475,0.094451904,2,3
1MHP_HL_A|GH53A,0.5126066,0.5848485,2,3
1MHP_HL_A|GH53N,1.2553134,-0.0048947483,2,3
1MHP_HL_A|GH53S,0.6755934,-0.10903709,2,3
1MHP_HL_A|GH54I,1.3635606,-0.22702172,2,3
1MHP_HL_A|GH54T,1.1641668,0.12337309,2,3
1MHP_HL_A|GH54Y,0.0,-0.5878369,2,3
1MHP_HL_A|GL91Q,1.572685,-0.14887604,2,3
1MHP_HL_A|GL91S,0.5126066,0.0603058,2,3
1MHP_HL_A|HL30K,1.1641668,0.5899557,2,3
1MHP_HL_A|HL30R,1.1237977,0.12306327,2,3
1MHP_HL_A|HL30W,1.2553134,-0.27780157,2,3
1MHP_HL_A|KH64D,-0.17144196,-0.5583737,2,3
1MHP_HL_A|KH64E,-0.07761467,-0.35199866,2,3
"1MHP_HL_A|KH64E,SL27Q",-0.85684633,-0.45896146,2,3
"1MHP_HL_A|KH64E,SL27Q,NL51Y",-1.0191593,-1.4668857,2,3
1MHP_HL_A|KH64N,-0.03627145,-0.22422245,2,3
1MHP_HL_A|KH64Q,-0.07761467,-0.2841735,2,3
1MHP_HL_A|LH60D,-0.061319917,0.03181519,2,3
"1MHP_HL_A|LH60D,KH64E",-0.1418005,-0.36935988,2,3
"1MHP_HL_A|LH60D,KH64Q",0.042989343,-0.32531562,2,3
1MHP_HL_A|LL48F,0.71227974,0.052288596,2,3
1MHP_HL_A|LL48K,0.8612009,0.7762477,2,3
1MHP_HL_A|LL48W,1.9075676,-0.3754648,2,3
1MHP_HL_A|NL29V,1.0493295,-0.07651918,2,3
1MHP_HL_A|NL29W,1.572685,-0.3014226,2,3
1MHP_HL_A|NL29Y,1.9075676,-0.59725934,2,3
"1MHP_HL_A|NL29Y,SL90I",0.43436813,-0.750886,2,3
1MHP_HL_A|NL51D,0.5007625,-0.37329763,2,3
1MHP_HL_A|NL51E,-0.08868487,-0.14218028,2,3
1MHP_HL_A|NL51K,0.65751,0.20981672,2,3
1MHP_HL_A|NL51R,0.84484076,-0.1539652,2,3
1MHP_HL_A|NL51Y,-0.05162489,-0.906338,2,3
1MHP_HL_A|RH31Q,1.3073281,0.06482038,2,3
1MHP_HL_A|SH35A,1.572685,0.7456921,2,3
"1MHP_HL_A|SH35A,GH102S",1.572685,0.8255723,2,3
1MHP_HL_A|SH35Q,2.727121,-0.071626544,2,3
"1MHP_HL_A|SH35V,GH102S",1.4256749,0.17476097,2,3
1MHP_HL_A|SH52M,2.0758402,0.16392554,2,3
1MHP_HL_A|SL23R,-0.21533228,0.09876792,2,3
1MHP_HL_A|SL27Q,-0.6661127,0.26537555,2,3
1MHP_HL_A|SL90Q,1.7740332,0.053227875,2,3
1MHP_HL_A|SL90T,2.3166485,0.9713686,2,3
"1MHP_HL_A|TH33E,GH53Q",1.6674565,0.105602935,2,3
"1MHP_HL_A|TH33I,SH52T,GH53N,GH54N",1.9075676,1.0700816,2,3
"1MHP_HL_A|TH33I,SH52T,GH53Q,GH54F",1.2553134,0.3890704,2,3
1MHP_HL_A|TH33N,2.727121,0.17562795,2,3
1MHP_HL_A|TH33V,0.43436813,-0.1551358,2,3
1MHP_HL_A|TH50V,-0.13159887,-0.64062065,2,3
"1MHP_HL_A|TH50V,GH102S",1.6674565,-0.40233824,2,3
"1MHP_HL_A|TH50V,KH64E",-0.1805197,-1.084713,2,3
"1MHP_HL_A|TH50V,KH64E,SL27Q,NL51E",-1.267319,-1.3137867,2,3
"1MHP_HL_A|TH50V,KH64E,SL27Q,NL51Y",-1.0844951,-2.055314,2,3
"1MHP_HL_A|TH50V,SH35A",2.0758402,-0.12324816,2,3
"1MHP_HL_A|TH50V,SH35V",2.727121,-0.7688207,2,3
"1MHP_HL_A|TH50V,SL27Q",-0.6946839,-0.7060797,2,3
"1MHP_HL_A|TH50V,SL27Q,NL51Y",-1.0235296,-1.57646,2,3
1MHP_HL_A|WL89Q,2.0758402,0.4558683,2,3
"1MHP_HL_A|WL89Q,FL32Y",0.871019,-0.116537005,2,3
1MHP_HL_A|YH58E,2.0758402,1.093136,2,3
1MHP_HL_A|YH58Q,2.0758402,0.8774159,2,3
1MHP_HL_A|YH58W,0.82094526,0.50154704,2,3
1MHP_HL_A|YH59E,0.54400706,0.64565706,2,3
1N8Z_AB_C|DB102W,-0.71302944,-0.47311634,2,3
1N8Z_AB_C|FC539A,0.035102826,0.9202673,2,3
1N8Z_AB_C|HA91F,0.034232877,-0.1128995,2,3
1N8Z_AB_C|LC509A,-0.023045197,0.7972804,2,3
1N8Z_AB_C|NA30S,0.06666317,-0.0012974702,2,3
"1N8Z_AB_C|NA30S,HA91F,YA92W",-0.07476232,0.039496716,2,3
"1N8Z_AB_C|NA30S,HA91F,YA92W,TA94S,DB102W,YB105F,YB109V",0.050661404,-0.8419092,2,3
1N8Z_AB_C|RB50A,2.9754758,0.7531469,2,3
1N8Z_AB_C|RB59A,1.8037988,0.8398463,2,3
1N8Z_AB_C|SC535A,0.030827092,0.6045212,2,3
1N8Z_AB_C|TA94S,0.32168603,-0.23349509,2,3
1N8Z_AB_C|VC536A,0.008972699,0.6650155,2,3
1N8Z_AB_C|YB105F,0.8540034,0.38876632,2,3
1N8Z_AB_C|YB109V,0.23192272,0.1937399,2,3
1XGQ_AB_C|VB33A,1.1525793,1.9016819,2,3
1XGQ_AB_C|VB33F,-2.9080825,0.14416598,2,3
1XGQ_AB_C|VB33I,-1.1076277,0.25770703,2,3
1XGQ_AB_C|VB33L,-1.0463123,0.45710945,2,3
1YQV_HL_Y|RY45K,1.8995041,0.30991724,2,3
"1YQV_HL_Y|RY68K,TY40S,IY55V,SY91T",4.0,0.3951923,2,3
"1YQV_HL_Y|RY68K,TY40S,IY55V,SY91T,QY121H",0.0,0.26922506,2,3
1YY9_CD_A|AC25P,0.07225565,-0.13181855,2,3
1YY9_CD_A|AD98P,1.0372273,-0.47959805,2,3
1YY9_CD_A|GD54P,0.26807046,0.22281238,2,3
1YY9_CD_A|LD29P,0.030827092,0.6847938,2,3
1YY9_CD_A|NC93A,-0.74186975,0.37155378,2,3
1YY9_CD_A|ND56A,-0.057046015,0.39599124,2,3
1YY9_CD_A|SC26D,-0.19925442,0.09517346,2,3
"1YY9_CD_A|SC26D,TC31E,NC93A",-1.3329437,0.13952857,2,3
"1YY9_CD_A|SC26D,TC31E,NC93A,ND56A,TD61E",-0.6517935,0.07115619,2,3
1YY9_CD_A|SC26P,-0.009110746,0.48737395,2,3
1YY9_CD_A|SC28P,-0.22229962,0.6178753,2,3
1YY9_CD_A|SC54P,-0.018363854,0.5416595,2,3
1YY9_CD_A|SD53P,0.8175451,0.7084746,2,3
1YY9_CD_A|TC31E,-0.51892465,0.21805468,2,3
"1YY9_CD_A|TC31E,NC93A",-0.81853306,0.3568639,2,3
1YY9_CD_A|TC96P,4.0,0.19066161,2,3
1YY9_CD_A|TD61E,-0.057046015,0.045053024,2,3
1YY9_CD_A|WD52P,1.4782712,0.95783263,2,3
1YY9_CD_A|YD101P,1.6514195,0.8595597,2,3
3NPS_A_BC|DA214A,1.466743,0.7331458,2,3
3NPS_A_BC|DA46A,0.3399866,1.4227008,2,3
3NPS_A_BC|DA47A,1.0674704,0.89977753,2,3
3NPS_A_BC|DA91A,1.5070341,0.8708833,2,3
3NPS_A_BC|EA163A,0.61534816,0.35259613,2,3
3NPS_A_BC|FA50A,0.21957076,1.1430936,2,3
3NPS_A_BC|FA89A,1.5714045,1.5597359,2,3
3NPS_A_BC|FA92A,0.46353978,0.819121,2,3
3NPS_A_BC|HA138A,1.8750918,0.5915491,2,3
3NPS_A_BC|IA26A,0.6415425,0.6493459,2,3
3NPS_A_BC|IA45A,-0.33181784,0.4986685,2,3
3NPS_A_BC|KA221A,-0.10361039,1.1049227,2,3
3NPS_A_BC|LA147A,0.29573628,0.6479265,2,3
3NPS_A_BC|NA90A,0.25341922,0.88712305,2,3
3NPS_A_BC|QA140A,0.29573628,0.5525712,2,3
3NPS_A_BC|QA168A,-0.059223834,1.0549151,2,3
3NPS_A_BC|QA169A,0.7409076,1.7736988,2,3
3NPS_A_BC|QA218A,-0.040916756,0.7925717,2,3
3NPS_A_BC|QA23A,0.026323749,0.878938,2,3
3NPS_A_BC|RA219A,-0.08390186,0.5709875,2,3
3NPS_A_BC|RA48A,-1.062741,0.7463178,2,3
3NPS_A_BC|RA51A,0.13816836,0.8740794,2,3
3NPS_A_BC|RA82A,-0.15159543,0.77852,2,3
3NPS_A_BC|TA144A,0.17497002,0.87430185,2,3
3NPS_A_BC|TA93A,0.72381234,1.2774276,2,3
3NPS_A_BC|YA141A,1.7748737,1.349026,2,3
3NPS_A_BC|YA52A,0.4518898,1.2473204,2,3
3W2D_A_HL|KA67N,4.0,0.6771935,2,3
3W2D_A_HL|KA67R,-0.42812017,0.21445379,2,3
3W2D_A_HL|YA45F,0.8779443,0.2623225,2,3
3W2D_A_HL|YA45L,2.3647563,1.0755038,2,3
"4KRO_A_B|DA321T,FA323A",0.1269707,1.0520744,2,3
"4KRP_A_B|DA277T,FA279A",0.35829666,1.0733174,2,3
4NM8_ABCDEF_HL|DB19N,0.66149956,0.074967936,2,3
4NM8_ABCDEF_HL|IB18M,0.10977998,0.07529102,2,3
4NM8_ABCDEF_HL|LB38Y,-0.6151596,-0.24248466,2,3
4NM8_ABCDEF_HL|QB34R,2.9754758,0.4093344,2,3
4NM8_ABCDEF_HL|QB34T,2.3309386,0.39915383,2,3
4NM8_ABCDEF_HL|RB25M,3.442353,0.29266173,2,3
4NM8_ABCDEF_HL|TB32E,-0.5517196,0.19730788,2,3
4NM8_ABCDEF_HL|TB32I,-0.050205972,0.66962504,2,3
4NM8_ABCDEF_HL|TB32R,1.2211944,0.32938394,2,3
1DVF_AB_CD|DB100A,2.7895143,2.9719918,2,4
"1DVF_AB_CD|DB100A,DD52A",4.0,3.167937,2,4
"1DVF_AB_CD|DB100A,HD33A",4.0,2.9528098,2,4
"1DVF_AB_CD|DB100A,ND55A",4.0,3.2978828,2,4
1DVF_AB_CD|DB54A,4.0,1.4090754,2,4
"1DVF_AB_CD|DB54A,YC49A",4.0,3.0488677,2,4
1DVF_AB_CD|DB58A,1.6000048,0.22557008,2,4
"1DVF_AB_CD|DB58A,QD104A",1.4641725,0.42201433,2,4
1DVF_AB_CD|DD52A,1.6822901,1.3546468,2,4
1DVF_AB_CD|EB98A,4.0,1.1186144,2,4
"1DVF_AB_CD|EB98A,YD102A",4.0,3.924997,2,4
1DVF_AB_CD|HA30A,1.6493824,0.59083915,2,4
1DVF_AB_CD|HD33A,1.8606005,0.8051225,2,4
1DVF_AB_CD|ID101A,2.6815457,2.1157289,2,4
1DVF_AB_CD|KD30A,1.0035173,-0.066715255,2,4
1DVF_AB_CD|NB56A,1.1624389,0.2930277,2,4
"1DVF_AB_CD|NB56A,HD33A",2.5259995,0.9104949,2,4
"1DVF_AB_CD|NB56A,ND55A",2.3010929,0.7783451,2,4
"1DVF_AB_CD|NB56A,QD104A",1.4868644,1.371502,2,4
1DVF_AB_CD|ND55A,1.8606005,1.0042841,2,4
1DVF_AB_CD|QD104A,1.6287225,1.3519119,2,4
1DVF_AB_CD|RB99A,1.8746451,0.108026706,2,4
1DVF_AB_CD|RD106A,4.0,0.8071343,2,4
1DVF_AB_CD|SA93A,1.1624389,0.028724879,2,4
1DVF_AB_CD|TB30A,0.9075126,0.03219939,2,4
1DVF_AB_CD|WA92A,0.34072307,1.1632296,2,4
1DVF_AB_CD|WB52A,4.0,1.530308,2,4
"1DVF_AB_CD|WB52A,QD104A",4.0,2.3842776,2,4
1DVF_AB_CD|YA32A,2.0303695,1.1952296,2,4
"1DVF_AB_CD|YA32A,RD106A",4.0,1.1903043,2,4
1DVF_AB_CD|YA49A,1.6785902,0.9760158,2,4
"1DVF_AB_CD|YA49A,HD33A",2.625045,0.9576099,2,4
"1DVF_AB_CD|YA49A,ND55A",2.0303695,1.5097129,2,4
1DVF_AB_CD|YA50A,0.6877736,0.9457958,2,4
1DVF_AB_CD|YB101F,2.0123136,2.091474,2,4
1DVF_AB_CD|YB32A,1.8314707,0.72620153,2,4
1DVF_AB_CD|YC49A,1.8606005,1.635662,2,4
1DVF_AB_CD|YD102A,4.0,3.1139603,2,4
1MHP_HL_A|FH99W,0.0,-0.4258612,2,4
1MHP_HL_A|FH99Y,0.75466895,-0.87519825,2,4
1MHP_HL_A|GH100F,0.38901797,-0.10445164,2,4
1MHP_HL_A|GH100L,2.727121,0.59699607,2,4
1MHP_HL_A|GH100M,0.10213403,-0.09311625,2,4
1MHP_HL_A|GH100S,0.5577475,0.49399304,2,4
1MHP_HL_A|GH53A,0.5126066,0.5389228,2,4
1MHP_HL_A|GH53N,1.2553134,0.083331555,2,4
1MHP_HL_A|GH53S,0.6755934,0.33763984,2,4
1MHP_HL_A|GH54I,1.3635606,-0.07855877,2,4
1MHP_HL_A|GH54T,1.1641668,0.3753968,2,4
1MHP_HL_A|GH54Y,0.0,-0.56849253,2,4
1MHP_HL_A|GL91Q,1.572685,-0.07227142,2,4
1MHP_HL_A|GL91S,0.5126066,0.47715774,2,4
1MHP_HL_A|HL30K,1.1641668,0.8336899,2,4
1MHP_HL_A|HL30R,1.1237977,0.5205387,2,4
1MHP_HL_A|HL30W,1.2553134,0.18123254,2,4
1MHP_HL_A|KH64D,-0.17144196,0.17647329,2,4
1MHP_HL_A|KH64E,-0.07761467,0.305974,2,4
"1MHP_HL_A|KH64E,SL27Q",-0.85684633,0.18957059,2,4
"1MHP_HL_A|KH64E,SL27Q,NL51Y",-1.0191593,0.08488912,2,4
1MHP_HL_A|KH64N,-0.03627145,0.28028968,2,4
1MHP_HL_A|KH64Q,-0.07761467,0.38095427,2,4
1MHP_HL_A|LH60D,-0.061319917,-0.38803485,2,4
"1MHP_HL_A|LH60D,KH64E",-0.1418005,0.000557296,2,4
"1MHP_HL_A|LH60D,KH64Q",0.042989343,0.12685938,2,4
1MHP_HL_A|LL48F,0.71227974,-0.79730916,2,4
1MHP_HL_A|LL48K,0.8612009,-0.3192086,2,4
1MHP_HL_A|LL48W,1.9075676,-0.5251676,2,4
1MHP_HL_A|NL29V,1.0493295,0.43348655,2,4
1MHP_HL_A|NL29W,1.572685,0.16856772,2,4
1MHP_HL_A|NL29Y,1.9075676,-0.41633797,2,4
"1MHP_HL_A|NL29Y,SL90I",0.43436813,-0.32780093,2,4
1MHP_HL_A|NL51D,0.5007625,-0.38921538,2,4
1MHP_HL_A|NL51E,-0.08868487,0.26049075,2,4
1MHP_HL_A|NL51K,0.65751,0.5132469,2,4
1MHP_HL_A|NL51R,0.84484076,0.52347434,2,4
1MHP_HL_A|NL51Y,-0.05162489,-0.09681304,2,4
1MHP_HL_A|RH31Q,1.3073281,-0.013005473,2,4
1MHP_HL_A|SH35A,1.572685,0.48300704,2,4
"1MHP_HL_A|SH35A,GH102S",1.572685,1.488206,2,4
1MHP_HL_A|SH35Q,2.727121,0.091173254,2,4
"1MHP_HL_A|SH35V,GH102S",1.4256749,1.4702041,2,4
1MHP_HL_A|SH52M,2.0758402,-0.2672306,2,4
1MHP_HL_A|SL23R,-0.21533228,-0.62046134,2,4
1MHP_HL_A|SL27Q,-0.6661127,0.054536734,2,4
1MHP_HL_A|SL90Q,1.7740332,0.0026592314,2,4
1MHP_HL_A|SL90T,2.3166485,0.03253864,2,4
"1MHP_HL_A|TH33E,GH53Q",1.6674565,1.0399512,2,4
"1MHP_HL_A|TH33I,SH52T,GH53N,GH54N",1.9075676,1.8441801,2,4
"1MHP_HL_A|TH33I,SH52T,GH53Q,GH54F",1.2553134,1.4109403,2,4
1MHP_HL_A|TH33N,2.727121,0.71400654,2,4
1MHP_HL_A|TH33V,0.43436813,0.8397502,2,4
1MHP_HL_A|TH50V,-0.13159887,0.28262955,2,4
"1MHP_HL_A|TH50V,GH102S",1.6674565,1.0637532,2,4
"1MHP_HL_A|TH50V,KH64E",-0.1805197,0.34234062,2,4
"1MHP_HL_A|TH50V,KH64E,SL27Q,NL51E",-1.267319,0.22713788,2,4
"1MHP_HL_A|TH50V,KH64E,SL27Q,NL51Y",-1.0844951,0.008728921,2,4
"1MHP_HL_A|TH50V,SH35A",2.0758402,0.5307059,2,4
"1MHP_HL_A|TH50V,SH35V",2.727121,0.64281976,2,4
"1MHP_HL_A|TH50V,SL27Q",-0.6946839,0.08641314,2,4
"1MHP_HL_A|TH50V,SL27Q,NL51Y",-1.0235296,-0.083809435,2,4
1MHP_HL_A|WL89Q,2.0758402,1.8036557,2,4
"1MHP_HL_A|WL89Q,FL32Y",0.871019,0.9706162,2,4
1MHP_HL_A|YH58E,2.0758402,0.29277694,2,4
1MHP_HL_A|YH58Q,2.0758402,0.5031575,2,4
1MHP_HL_A|YH58W,0.82094526,0.44305217,2,4
1MHP_HL_A|YH59E,0.54400706,0.095390685,2,4
1N8Z_AB_C|DB102W,-0.71302944,-0.26554546,2,4
1N8Z_AB_C|FC539A,0.035102826,0.7532693,2,4
1N8Z_AB_C|HA91F,0.034232877,-0.05178131,2,4
1N8Z_AB_C|LC509A,-0.023045197,1.034268,2,4
1N8Z_AB_C|NA30S,0.06666317,-0.16681617,2,4
"1N8Z_AB_C|NA30S,HA91F,YA92W",-0.07476232,0.044643633,2,4
"1N8Z_AB_C|NA30S,HA91F,YA92W,TA94S,DB102W,YB105F,YB109V",0.050661404,0.38532832,2,4
1N8Z_AB_C|RB50A,2.9754758,1.1045718,2,4
1N8Z_AB_C|RB59A,1.8037988,0.6816486,2,4
1N8Z_AB_C|SC535A,0.030827092,0.054062057,2,4
1N8Z_AB_C|TA94S,0.32168603,-0.09793948,2,4
1N8Z_AB_C|VC536A,0.008972699,0.96452975,2,4
1N8Z_AB_C|YB105F,0.8540034,1.5372509,2,4
1N8Z_AB_C|YB109V,0.23192272,1.0633987,2,4
1XGQ_AB_C|VB33A,1.1525793,1.3671899,2,4
1XGQ_AB_C|VB33F,-2.9080825,-2.7335656,2,4
1XGQ_AB_C|VB33I,-1.1076277,-1.203471,2,4
1XGQ_AB_C|VB33L,-1.0463123,-1.1889921,2,4
1YQV_HL_Y|RY45K,1.8995041,0.37802908,2,4
"1YQV_HL_Y|RY68K,TY40S,IY55V,SY91T",4.0,1.1853611,2,4
"1YQV_HL_Y|RY68K,TY40S,IY55V,SY91T,QY121H",0.0,0.9044926,2,4
1YY9_CD_A|AC25P,0.07225565,0.28074622,2,4
1YY9_CD_A|AD98P,1.0372273,-0.17148,2,4
1YY9_CD_A|GD54P,0.26807046,-0.1062496,2,4
1YY9_CD_A|LD29P,0.030827092,0.28676808,2,4
1YY9_CD_A|NC93A,-0.74186975,0.0893815,2,4
1YY9_CD_A|ND56A,-0.057046015,0.31657988,2,4
1YY9_CD_A|SC26D,-0.19925442,0.13814634,2,4
"1YY9_CD_A|SC26D,TC31E,NC93A",-1.3329437,0.5585537,2,4
"1YY9_CD_A|SC26D,TC31E,NC93A,ND56A,TD61E",-0.6517935,0.2814865,2,4
1YY9_CD_A|SC26P,-0.009110746,0.5346439,2,4
1YY9_CD_A|SC28P,-0.22229962,-0.19932565,2,4
1YY9_CD_A|SC54P,-0.018363854,0.115617104,2,4
1YY9_CD_A|SD53P,0.8175451,-0.14778939,2,4
1YY9_CD_A|TC31E,-0.51892465,1.061205,2,4
"1YY9_CD_A|TC31E,NC93A",-0.81853306,0.92011905,2,4
1YY9_CD_A|TC96P,4.0,0.33615714,2,4
1YY9_CD_A|TD61E,-0.057046015,-0.10913065,2,4
1YY9_CD_A|WD52P,1.4782712,0.78850937,2,4
1YY9_CD_A|YD101P,1.6514195,0.59363914,2,4
3NPS_A_BC|DA214A,1.466743,0.447627,2,4
3NPS_A_BC|DA46A,0.3399866,0.29429743,2,4
3NPS_A_BC|DA47A,1.0674704,1.4685222,2,4
3NPS_A_BC|DA91A,1.5070341,0.39204726,2,4
3NPS_A_BC|EA163A,0.61534816,-0.05422899,2,4
3NPS_A_BC|FA50A,0.21957076,0.9397361,2,4
3NPS_A_BC|FA89A,1.5714045,0.85010266,2,4
3NPS_A_BC|FA92A,0.46353978,0.2932989,2,4
3NPS_A_BC|HA138A,1.8750918,0.36206794,2,4
3NPS_A_BC|IA26A,0.6415425,0.060816757,2,4
3NPS_A_BC|IA45A,-0.33181784,0.70911264,2,4
3NPS_A_BC|KA221A,-0.10361039,0.51095665,2,4
3NPS_A_BC|LA147A,0.29573628,0.14386332,2,4
3NPS_A_BC|NA90A,0.25341922,0.26155388,2,4
3NPS_A_BC|QA140A,0.29573628,0.45032427,2,4
3NPS_A_BC|QA168A,-0.059223834,0.18048903,2,4
3NPS_A_BC|QA169A,0.7409076,1.9763798,2,4
3NPS_A_BC|QA218A,-0.040916756,0.39511728,2,4
3NPS_A_BC|QA23A,0.026323749,0.22755244,2,4
3NPS_A_BC|RA219A,-0.08390186,-0.24183175,2,4
3NPS_A_BC|RA48A,-1.062741,0.08983351,2,4
3NPS_A_BC|RA51A,0.13816836,0.06878916,2,4
3NPS_A_BC|RA82A,-0.15159543,-0.3375764,2,4
3NPS_A_BC|TA144A,0.17497002,0.35347268,2,4
3NPS_A_BC|TA93A,0.72381234,0.977165,2,4
3NPS_A_BC|YA141A,1.7748737,1.9870231,2,4
3NPS_A_BC|YA52A,0.4518898,0.31352258,2,4
3W2D_A_HL|KA67N,4.0,1.3214827,2,4
3W2D_A_HL|KA67R,-0.42812017,0.81183386,2,4
3W2D_A_HL|YA45F,0.8779443,-1.1261752,2,4
3W2D_A_HL|YA45L,2.3647563,1.5600221,2,4
"4KRO_A_B|DA321T,FA323A",0.1269707,0.9430076,2,4
"4KRP_A_B|DA277T,FA279A",0.35829666,0.61872756,2,4
4NM8_ABCDEF_HL|DB19N,0.66149956,0.58074725,2,4
4NM8_ABCDEF_HL|IB18M,0.10977998,1.0811943,2,4
4NM8_ABCDEF_HL|LB38Y,-0.6151596,0.2758724,2,4
4NM8_ABCDEF_HL|QB34R,2.9754758,1.1211883,2,4
4NM8_ABCDEF_HL|QB34T,2.3309386,0.583771,2,4
4NM8_ABCDEF_HL|RB25M,3.442353,1.0099074,2,4
4NM8_ABCDEF_HL|TB32E,-0.5517196,0.91938734,2,4
4NM8_ABCDEF_HL|TB32I,-0.050205972,1.7222884,2,4
4NM8_ABCDEF_HL|TB32R,1.2211944,1.4703509,2,4
1DVF_AB_CD|DB100A,2.7895143,0.308319,2,5
"1DVF_AB_CD|DB100A,DD52A",4.0,1.7039616,2,5
"1DVF_AB_CD|DB100A,HD33A",4.0,0.37271565,2,5
"1DVF_AB_CD|DB100A,ND55A",4.0,0.5614859,2,5
1DVF_AB_CD|DB54A,4.0,1.468336,2,5
"1DVF_AB_CD|DB54A,YC49A",4.0,2.658553,2,5
1DVF_AB_CD|DB58A,1.6000048,0.66981196,2,5
"1DVF_AB_CD|DB58A,QD104A",1.4641725,0.7320888,2,5
1DVF_AB_CD|DD52A,1.6822901,1.5851476,2,5
1DVF_AB_CD|EB98A,4.0,0.894542,2,5
"1DVF_AB_CD|EB98A,YD102A",4.0,3.147154,2,5
1DVF_AB_CD|HA30A,1.6493824,0.3897785,2,5
1DVF_AB_CD|HD33A,1.8606005,0.3736818,2,5
1DVF_AB_CD|ID101A,2.6815457,1.0438105,2,5
1DVF_AB_CD|KD30A,1.0035173,-0.2103469,2,5
1DVF_AB_CD|NB56A,1.1624389,1.1514153,2,5
"1DVF_AB_CD|NB56A,HD33A",2.5259995,1.0428288,2,5
"1DVF_AB_CD|NB56A,ND55A",2.3010929,1.5533674,2,5
"1DVF_AB_CD|NB56A,QD104A",1.4868644,2.6538367,2,5
1DVF_AB_CD|ND55A,1.8606005,0.4550236,2,5
1DVF_AB_CD|QD104A,1.6287225,1.0875779,2,5
1DVF_AB_CD|RB99A,1.8746451,0.16534533,2,5
1DVF_AB_CD|RD106A,4.0,0.7237189,2,5
1DVF_AB_CD|SA93A,1.1624389,0.0901245,2,5
1DVF_AB_CD|TB30A,0.9075126,0.27572063,2,5
1DVF_AB_CD|WA92A,0.34072307,0.41738218,2,5
1DVF_AB_CD|WB52A,4.0,3.2595916,2,5
"1DVF_AB_CD|WB52A,QD104A",4.0,3.422632,2,5
1DVF_AB_CD|YA32A,2.0303695,2.0245366,2,5
"1DVF_AB_CD|YA32A,RD106A",4.0,2.378777,2,5
1DVF_AB_CD|YA49A,1.6785902,1.5815394,2,5
"1DVF_AB_CD|YA49A,HD33A",2.625045,1.0380158,2,5
"1DVF_AB_CD|YA49A,ND55A",2.0303695,1.9164944,2,5
1DVF_AB_CD|YA50A,0.6877736,1.8646365,2,5
1DVF_AB_CD|YB101F,2.0123136,2.901321,2,5
1DVF_AB_CD|YB32A,1.8314707,1.056827,2,5
1DVF_AB_CD|YC49A,1.8606005,1.3947237,2,5
1DVF_AB_CD|YD102A,4.0,2.053012,2,5
1MHP_HL_A|FH99W,0.0,-0.18650848,2,5
1MHP_HL_A|FH99Y,0.75466895,-0.3778217,2,5
1MHP_HL_A|GH100F,0.38901797,-0.17682254,2,5
1MHP_HL_A|GH100L,2.727121,0.295043,2,5
1MHP_HL_A|GH100M,0.10213403,-0.0060026944,2,5
1MHP_HL_A|GH100S,0.5577475,-0.21470302,2,5
1MHP_HL_A|GH53A,0.5126066,0.6501651,2,5
1MHP_HL_A|GH53N,1.2553134,-0.17005485,2,5
1MHP_HL_A|GH53S,0.6755934,-0.44479725,2,5
1MHP_HL_A|GH54I,1.3635606,-0.022017471,2,5
1MHP_HL_A|GH54T,1.1641668,0.47967464,2,5
1MHP_HL_A|GH54Y,0.0,-0.9808291,2,5
1MHP_HL_A|GL91Q,1.572685,0.280681,2,5
1MHP_HL_A|GL91S,0.5126066,-0.060094967,2,5
1MHP_HL_A|HL30K,1.1641668,1.7652329,2,5
1MHP_HL_A|HL30R,1.1237977,0.21937802,2,5
1MHP_HL_A|HL30W,1.2553134,0.3168227,2,5
1MHP_HL_A|KH64D,-0.17144196,-0.6871059,2,5
1MHP_HL_A|KH64E,-0.07761467,-0.56220627,2,5
"1MHP_HL_A|KH64E,SL27Q",-0.85684633,-1.1298314,2,5
"1MHP_HL_A|KH64E,SL27Q,NL51Y",-1.0191593,-1.0814146,2,5
1MHP_HL_A|KH64N,-0.03627145,-0.2856922,2,5
1MHP_HL_A|KH64Q,-0.07761467,-0.34575507,2,5
1MHP_HL_A|LH60D,-0.061319917,-0.25851905,2,5
"1MHP_HL_A|LH60D,KH64E",-0.1418005,-0.8368044,2,5
"1MHP_HL_A|LH60D,KH64Q",0.042989343,-0.53640604,2,5
1MHP_HL_A|LL48F,0.71227974,-0.28578457,2,5
1MHP_HL_A|LL48K,0.8612009,0.35788018,2,5
1MHP_HL_A|LL48W,1.9075676,-0.12167297,2,5
1MHP_HL_A|NL29V,1.0493295,0.3186273,2,5
1MHP_HL_A|NL29W,1.572685,0.15368727,2,5
1MHP_HL_A|NL29Y,1.9075676,-0.28282276,2,5
"1MHP_HL_A|NL29Y,SL90I",0.43436813,0.042227197,2,5
1MHP_HL_A|NL51D,0.5007625,-0.2208018,2,5
1MHP_HL_A|NL51E,-0.08868487,-0.22455856,2,5
1MHP_HL_A|NL51K,0.65751,0.052548833,2,5
1MHP_HL_A|NL51R,0.84484076,-0.10134219,2,5
1MHP_HL_A|NL51Y,-0.05162489,-0.12367448,2,5
1MHP_HL_A|RH31Q,1.3073281,0.4703778,2,5
1MHP_HL_A|SH35A,1.572685,1.9703751,2,5
"1MHP_HL_A|SH35A,GH102S",1.572685,2.0652769,2,5
1MHP_HL_A|SH35Q,2.727121,1.8952464,2,5
"1MHP_HL_A|SH35V,GH102S",1.4256749,2.2290847,2,5
1MHP_HL_A|SH52M,2.0758402,0.6872765,2,5
1MHP_HL_A|SL23R,-0.21533228,-0.19123688,2,5
1MHP_HL_A|SL27Q,-0.6661127,-0.8028101,2,5
1MHP_HL_A|SL90Q,1.7740332,3.0195537,2,5
1MHP_HL_A|SL90T,2.3166485,1.6254418,2,5
"1MHP_HL_A|TH33E,GH53Q",1.6674565,1.4164666,2,5
"1MHP_HL_A|TH33I,SH52T,GH53N,GH54N",1.9075676,1.2776197,2,5
"1MHP_HL_A|TH33I,SH52T,GH53Q,GH54F",1.2553134,0.32629293,2,5
1MHP_HL_A|TH33N,2.727121,0.902635,2,5
1MHP_HL_A|TH33V,0.43436813,0.7448839,2,5
1MHP_HL_A|TH50V,-0.13159887,0.35479337,2,5
"1MHP_HL_A|TH50V,GH102S",1.6674565,0.61200523,2,5
"1MHP_HL_A|TH50V,KH64E",-0.1805197,-0.5255933,2,5
"1MHP_HL_A|TH50V,KH64E,SL27Q,NL51E",-1.267319,-1.0860934,2,5
"1MHP_HL_A|TH50V,KH64E,SL27Q,NL51Y",-1.0844951,-1.2039139,2,5
"1MHP_HL_A|TH50V,SH35A",2.0758402,1.5843617,2,5
"1MHP_HL_A|TH50V,SH35V",2.727121,1.718369,2,5
"1MHP_HL_A|TH50V,SL27Q",-0.6946839,-0.43964466,2,5
"1MHP_HL_A|TH50V,SL27Q,NL51Y",-1.0235296,-0.79641426,2,5
1MHP_HL_A|WL89Q,2.0758402,1.2564399,2,5
"1MHP_HL_A|WL89Q,FL32Y",0.871019,-0.09616378,2,5
1MHP_HL_A|YH58E,2.0758402,0.9697045,2,5
1MHP_HL_A|YH58Q,2.0758402,1.4731671,2,5
1MHP_HL_A|YH58W,0.82094526,0.65412986,2,5
1MHP_HL_A|YH59E,0.54400706,0.48213133,2,5
1N8Z_AB_C|DB102W,-0.71302944,-0.34728205,2,5
1N8Z_AB_C|FC539A,0.035102826,0.9354503,2,5
1N8Z_AB_C|HA91F,0.034232877,0.060452297,2,5
1N8Z_AB_C|LC509A,-0.023045197,1.0036134,2,5
1N8Z_AB_C|NA30S,0.06666317,0.20345458,2,5
"1N8Z_AB_C|NA30S,HA91F,YA92W",-0.07476232,0.74924254,2,5
"1N8Z_AB_C|NA30S,HA91F,YA92W,TA94S,DB102W,YB105F,YB109V",0.050661404,0.0965293,2,5
1N8Z_AB_C|RB50A,2.9754758,1.429044,2,5
1N8Z_AB_C|RB59A,1.8037988,1.0505892,2,5
1N8Z_AB_C|SC535A,0.030827092,0.41361675,2,5
1N8Z_AB_C|TA94S,0.32168603,-0.5803201,2,5
1N8Z_AB_C|VC536A,0.008972699,0.45175076,2,5
1N8Z_AB_C|YB105F,0.8540034,2.09079,2,5
1N8Z_AB_C|YB109V,0.23192272,0.8057742,2,5
1XGQ_AB_C|VB33A,1.1525793,0.9918393,2,5
1XGQ_AB_C|VB33F,-2.9080825,-2.3295827,2,5
1XGQ_AB_C|VB33I,-1.1076277,-0.9950987,2,5
1XGQ_AB_C|VB33L,-1.0463123,-0.8083782,2,5
1YQV_HL_Y|RY45K,1.8995041,0.4614762,2,5
"1YQV_HL_Y|RY68K,TY40S,IY55V,SY91T",4.0,1.1191261,2,5
"1YQV_HL_Y|RY68K,TY40S,IY55V,SY91T,QY121H",0.0,1.0105335,2,5
1YY9_CD_A|AC25P,0.07225565,0.12796597,2,5
1YY9_CD_A|AD98P,1.0372273,-0.8648375,2,5
1YY9_CD_A|GD54P,0.26807046,-0.39583704,2,5
1YY9_CD_A|LD29P,0.030827092,-0.052519172,2,5
1YY9_CD_A|NC93A,-0.74186975,-0.52316844,2,5
1YY9_CD_A|ND56A,-0.057046015,1.247981,2,5
1YY9_CD_A|SC26D,-0.19925442,-0.23244491,2,5
"1YY9_CD_A|SC26D,TC31E,NC93A",-1.3329437,-0.1402486,2,5
"1YY9_CD_A|SC26D,TC31E,NC93A,ND56A,TD61E",-0.6517935,-0.019538581,2,5
1YY9_CD_A|SC26P,-0.009110746,0.15123402,2,5
1YY9_CD_A|SC28P,-0.22229962,-0.27663165,2,5
1YY9_CD_A|SC54P,-0.018363854,-0.1309922,2,5
1YY9_CD_A|SD53P,0.8175451,-0.014140263,2,5
1YY9_CD_A|TC31E,-0.51892465,0.46638012,2,5
"1YY9_CD_A|TC31E,NC93A",-0.81853306,-0.11883876,2,5
1YY9_CD_A|TC96P,4.0,-0.45311287,2,5
1YY9_CD_A|TD61E,-0.057046015,-0.2215445,2,5
1YY9_CD_A|WD52P,1.4782712,0.5331248,2,5
1YY9_CD_A|YD101P,1.6514195,0.8213378,2,5
3NPS_A_BC|DA214A,1.466743,0.40557143,2,5
3NPS_A_BC|DA46A,0.3399866,0.5907272,2,5
3NPS_A_BC|DA47A,1.0674704,1.1183594,2,5
3NPS_A_BC|DA91A,1.5070341,0.27436715,2,5
3NPS_A_BC|EA163A,0.61534816,-0.093025416,2,5
3NPS_A_BC|FA50A,0.21957076,0.6004739,2,5
3NPS_A_BC|FA89A,1.5714045,1.1449497,2,5
3NPS_A_BC|FA92A,0.46353978,0.23330842,2,5
3NPS_A_BC|HA138A,1.8750918,0.1296039,2,5
3NPS_A_BC|IA26A,0.6415425,0.22874376,2,5
3NPS_A_BC|IA45A,-0.33181784,0.7232864,2,5
3NPS_A_BC|KA221A,-0.10361039,0.45987394,2,5
3NPS_A_BC|LA147A,0.29573628,0.22934109,2,5
3NPS_A_BC|NA90A,0.25341922,0.30105132,2,5
3NPS_A_BC|QA140A,0.29573628,0.35767907,2,5
3NPS_A_BC|QA168A,-0.059223834,0.17720492,2,5
3NPS_A_BC|QA169A,0.7409076,2.1081476,2,5
3NPS_A_BC|QA218A,-0.040916756,0.031295747,2,5
3NPS_A_BC|QA23A,0.026323749,0.14680018,2,5
3NPS_A_BC|RA219A,-0.08390186,-0.17577642,2,5
3NPS_A_BC|RA48A,-1.062741,-0.063922405,2,5
3NPS_A_BC|RA51A,0.13816836,-0.05230947,2,5
3NPS_A_BC|RA82A,-0.15159543,-0.07055496,2,5
3NPS_A_BC|TA144A,0.17497002,0.6771679,2,5
3NPS_A_BC|TA93A,0.72381234,0.8687514,2,5
3NPS_A_BC|YA141A,1.7748737,1.0270494,2,5
3NPS_A_BC|YA52A,0.4518898,-0.06521039,2,5
3W2D_A_HL|KA67N,4.0,0.19459179,2,5
3W2D_A_HL|KA67R,-0.42812017,0.1305317,2,5
3W2D_A_HL|YA45F,0.8779443,-0.47728464,2,5
3W2D_A_HL|YA45L,2.3647563,0.921023,2,5
"4KRO_A_B|DA321T,FA323A",0.1269707,0.61915827,2,5
"4KRP_A_B|DA277T,FA279A",0.35829666,0.35278684,2,5
4NM8_ABCDEF_HL|DB19N,0.66149956,0.5079342,2,5
4NM8_ABCDEF_HL|IB18M,0.10977998,2.2794433,2,5
4NM8_ABCDEF_HL|LB38Y,-0.6151596,-0.03768842,2,5
4NM8_ABCDEF_HL|QB34R,2.9754758,2.93982,2,5
4NM8_ABCDEF_HL|QB34T,2.3309386,2.5662916,2,5
4NM8_ABCDEF_HL|RB25M,3.442353,2.1692882,2,5
4NM8_ABCDEF_HL|TB32E,-0.5517196,1.0526072,2,5
4NM8_ABCDEF_HL|TB32I,-0.050205972,2.4758866,2,5
4NM8_ABCDEF_HL|TB32R,1.2211944,3.0785801,2,5
1DVF_AB_CD|DB100A,2.7895143,0.8575306,2,6
"1DVF_AB_CD|DB100A,DD52A",4.0,2.2390647,2,6
"1DVF_AB_CD|DB100A,HD33A",4.0,0.66615796,2,6
"1DVF_AB_CD|DB100A,ND55A",4.0,1.6848383,2,6
1DVF_AB_CD|DB54A,4.0,1.5967216,2,6
"1DVF_AB_CD|DB54A,YC49A",4.0,3.144215,2,6
1DVF_AB_CD|DB58A,1.6000048,0.76156837,2,6
"1DVF_AB_CD|DB58A,QD104A",1.4641725,1.3925662,2,6
1DVF_AB_CD|DD52A,1.6822901,1.4221715,2,6
1DVF_AB_CD|EB98A,4.0,0.44856182,2,6
"1DVF_AB_CD|EB98A,YD102A",4.0,3.1391146,2,6
1DVF_AB_CD|HA30A,1.6493824,0.5311779,2,6
1DVF_AB_CD|HD33A,1.8606005,0.21523315,2,6
1DVF_AB_CD|ID101A,2.6815457,1.1887249,2,6
1DVF_AB_CD|KD30A,1.0035173,-0.13931595,2,6
1DVF_AB_CD|NB56A,1.1624389,0.75677806,2,6
"1DVF_AB_CD|NB56A,HD33A",2.5259995,0.40086642,2,6
"1DVF_AB_CD|NB56A,ND55A",2.3010929,1.1662556,2,6
"1DVF_AB_CD|NB56A,QD104A",1.4868644,1.7953357,2,6
1DVF_AB_CD|ND55A,1.8606005,0.76588184,2,6
1DVF_AB_CD|QD104A,1.6287225,1.0541437,2,6
1DVF_AB_CD|RB99A,1.8746451,0.6183226,2,6
1DVF_AB_CD|RD106A,4.0,0.10334649,2,6
1DVF_AB_CD|SA93A,1.1624389,0.06304697,2,6
1DVF_AB_CD|TB30A,0.9075126,-0.10352764,2,6
1DVF_AB_CD|WA92A,0.34072307,0.95852315,2,6
1DVF_AB_CD|WB52A,4.0,2.6266263,2,6
"1DVF_AB_CD|WB52A,QD104A",4.0,3.6932912,2,6
1DVF_AB_CD|YA32A,2.0303695,1.6086652,2,6
"1DVF_AB_CD|YA32A,RD106A",4.0,1.3571342,2,6
1DVF_AB_CD|YA49A,1.6785902,0.97848725,2,6
"1DVF_AB_CD|YA49A,HD33A",2.625045,0.673419,2,6
"1DVF_AB_CD|YA49A,ND55A",2.0303695,1.5166044,2,6
1DVF_AB_CD|YA50A,0.6877736,1.8747575,2,6
1DVF_AB_CD|YB101F,2.0123136,2.212117,2,6
1DVF_AB_CD|YB32A,1.8314707,0.68984723,2,6
1DVF_AB_CD|YC49A,1.8606005,1.6890138,2,6
1DVF_AB_CD|YD102A,4.0,3.4655097,2,6
1MHP_HL_A|FH99W,0.0,-0.4010594,2,6
1MHP_HL_A|FH99Y,0.75466895,-0.5070823,2,6
1MHP_HL_A|GH100F,0.38901797,-0.78585035,2,6
1MHP_HL_A|GH100L,2.727121,-1.0043358,2,6
1MHP_HL_A|GH100M,0.10213403,-0.44486344,2,6
1MHP_HL_A|GH100S,0.5577475,-0.8587572,2,6
1MHP_HL_A|GH53A,0.5126066,1.0677758,2,6
1MHP_HL_A|GH53N,1.2553134,-0.55811363,2,6
1MHP_HL_A|GH53S,0.6755934,-0.38756266,2,6
1MHP_HL_A|GH54I,1.3635606,0.079853974,2,6
1MHP_HL_A|GH54T,1.1641668,0.31088346,2,6
1MHP_HL_A|GH54Y,0.0,-1.2118344,2,6
1MHP_HL_A|GL91Q,1.572685,-0.07773587,2,6
1MHP_HL_A|GL91S,0.5126066,-0.4717984,2,6
1MHP_HL_A|HL30K,1.1641668,0.38256633,2,6
1MHP_HL_A|HL30R,1.1237977,-0.32715127,2,6
1MHP_HL_A|HL30W,1.2553134,-0.39090592,2,6
1MHP_HL_A|KH64D,-0.17144196,-0.16700622,2,6
1MHP_HL_A|KH64E,-0.07761467,-0.013657384,2,6
"1MHP_HL_A|KH64E,SL27Q",-0.85684633,0.15639102,2,6
"1MHP_HL_A|KH64E,SL27Q,NL51Y",-1.0191593,-0.19773185,2,6
1MHP_HL_A|KH64N,-0.03627145,0.019232698,2,6
1MHP_HL_A|KH64Q,-0.07761467,0.120737605,2,6
1MHP_HL_A|LH60D,-0.061319917,0.3936718,2,6
"1MHP_HL_A|LH60D,KH64E",-0.1418005,0.1122211,2,6
"1MHP_HL_A|LH60D,KH64Q",0.042989343,0.26590243,2,6
1MHP_HL_A|LL48F,0.71227974,-0.9175712,2,6
1MHP_HL_A|LL48K,0.8612009,-0.26735902,2,6
1MHP_HL_A|LL48W,1.9075676,-0.9925356,2,6
1MHP_HL_A|NL29V,1.0493295,0.6344485,2,6
1MHP_HL_A|NL29W,1.572685,-0.25141153,2,6
1MHP_HL_A|NL29Y,1.9075676,-0.30822337,2,6
"1MHP_HL_A|NL29Y,SL90I",0.43436813,-0.05936265,2,6
1MHP_HL_A|NL51D,0.5007625,-0.2992479,2,6
1MHP_HL_A|NL51E,-0.08868487,0.20257393,2,6
1MHP_HL_A|NL51K,0.65751,0.59588283,2,6
1MHP_HL_A|NL51R,0.84484076,0.24789667,2,6
1MHP_HL_A|NL51Y,-0.05162489,-0.41536364,2,6
1MHP_HL_A|RH31Q,1.3073281,0.15596563,2,6
1MHP_HL_A|SH35A,1.572685,0.824298,2,6
"1MHP_HL_A|SH35A,GH102S",1.572685,0.52827215,2,6
1MHP_HL_A|SH35Q,2.727121,0.31452698,2,6
"1MHP_HL_A|SH35V,GH102S",1.4256749,0.36118117,2,6
1MHP_HL_A|SH52M,2.0758402,0.60898894,2,6
1MHP_HL_A|SL23R,-0.21533228,-0.0009543747,2,6
1MHP_HL_A|SL27Q,-0.6661127,0.360231,2,6
1MHP_HL_A|SL90Q,1.7740332,0.5857196,2,6
1MHP_HL_A|SL90T,2.3166485,0.006010212,2,6
"1MHP_HL_A|TH33E,GH53Q",1.6674565,1.0018154,2,6
"1MHP_HL_A|TH33I,SH52T,GH53N,GH54N",1.9075676,0.7077878,2,6
"1MHP_HL_A|TH33I,SH52T,GH53Q,GH54F",1.2553134,0.33158234,2,6
1MHP_HL_A|TH33N,2.727121,0.2541197,2,6
1MHP_HL_A|TH33V,0.43436813,0.686939,2,6
1MHP_HL_A|TH50V,-0.13159887,-0.01602152,2,6
"1MHP_HL_A|TH50V,GH102S",1.6674565,-0.32384917,2,6
"1MHP_HL_A|TH50V,KH64E",-0.1805197,-0.15827397,2,6
"1MHP_HL_A|TH50V,KH64E,SL27Q,NL51E",-1.267319,0.106521375,2,6
"1MHP_HL_A|TH50V,KH64E,SL27Q,NL51Y",-1.0844951,-0.28597674,2,6
"1MHP_HL_A|TH50V,SH35A",2.0758402,0.6113542,2,6
"1MHP_HL_A|TH50V,SH35V",2.727121,0.56331325,2,6
"1MHP_HL_A|TH50V,SL27Q",-0.6946839,0.16333419,2,6
"1MHP_HL_A|TH50V,SL27Q,NL51Y",-1.0235296,-0.16018039,2,6
1MHP_HL_A|WL89Q,2.0758402,1.6004151,2,6
"1MHP_HL_A|WL89Q,FL32Y",0.871019,1.115541,2,6
1MHP_HL_A|YH58E,2.0758402,0.5588884,2,6
1MHP_HL_A|YH58Q,2.0758402,0.7115332,2,6
1MHP_HL_A|YH58W,0.82094526,0.085554965,2,6
1MHP_HL_A|YH59E,0.54400706,0.35103878,2,6
1N8Z_AB_C|DB102W,-0.71302944,-0.36720031,2,6
1N8Z_AB_C|FC539A,0.035102826,1.427978,2,6
1N8Z_AB_C|HA91F,0.034232877,-0.48029208,2,6
1N8Z_AB_C|LC509A,-0.023045197,0.8305112,2,6
1N8Z_AB_C|NA30S,0.06666317,0.11379538,2,6
"1N8Z_AB_C|NA30S,HA91F,YA92W",-0.07476232,-0.047565896,2,6
"1N8Z_AB_C|NA30S,HA91F,YA92W,TA94S,DB102W,YB105F,YB109V",0.050661404,-0.8367507,2,6
1N8Z_AB_C|RB50A,2.9754758,1.135527,2,6
1N8Z_AB_C|RB59A,1.8037988,0.92562187,2,6
1N8Z_AB_C|SC535A,0.030827092,0.63840765,2,6
1N8Z_AB_C|TA94S,0.32168603,-0.13898374,2,6
1N8Z_AB_C|VC536A,0.008972699,0.61146605,2,6
1N8Z_AB_C|YB105F,0.8540034,1.2696294,2,6
1N8Z_AB_C|YB109V,0.23192272,0.24850878,2,6
1XGQ_AB_C|VB33A,1.1525793,1.1547983,2,6
1XGQ_AB_C|VB33F,-2.9080825,-2.5712528,2,6
1XGQ_AB_C|VB33I,-1.1076277,-1.0137067,2,6
1XGQ_AB_C|VB33L,-1.0463123,-0.97949886,2,6
1YQV_HL_Y|RY45K,1.8995041,0.2375249,2,6
"1YQV_HL_Y|RY68K,TY40S,IY55V,SY91T",4.0,0.32760772,2,6
"1YQV_HL_Y|RY68K,TY40S,IY55V,SY91T,QY121H",0.0,0.32021067,2,6
1YY9_CD_A|AC25P,0.07225565,0.109067775,2,6
1YY9_CD_A|AD98P,1.0372273,-0.17622356,2,6
1YY9_CD_A|GD54P,0.26807046,0.13405418,2,6
1YY9_CD_A|LD29P,0.030827092,0.38340065,2,6
1YY9_CD_A|NC93A,-0.74186975,-0.4391759,2,6
1YY9_CD_A|ND56A,-0.057046015,0.78899443,2,6
1YY9_CD_A|SC26D,-0.19925442,-0.13507426,2,6
"1YY9_CD_A|SC26D,TC31E,NC93A",-1.3329437,0.03106825,2,6
"1YY9_CD_A|SC26D,TC31E,NC93A,ND56A,TD61E",-0.6517935,0.13071743,2,6
1YY9_CD_A|SC26P,-0.009110746,-0.20267147,2,6
1YY9_CD_A|SC28P,-0.22229962,0.1060686,2,6
1YY9_CD_A|SC54P,-0.018363854,0.13378695,2,6
1YY9_CD_A|SD53P,0.8175451,0.43317953,2,6
1YY9_CD_A|TC31E,-0.51892465,1.271732,2,6
"1YY9_CD_A|TC31E,NC93A",-0.81853306,0.37113804,2,6
1YY9_CD_A|TC96P,4.0,-0.0167588,2,6
1YY9_CD_A|TD61E,-0.057046015,0.0313738,2,6
1YY9_CD_A|WD52P,1.4782712,1.1876465,2,6
1YY9_CD_A|YD101P,1.6514195,1.1385347,2,6
3NPS_A_BC|DA214A,1.466743,0.5587844,2,6
3NPS_A_BC|DA46A,0.3399866,0.58040273,2,6
3NPS_A_BC|DA47A,1.0674704,0.90329915,2,6
3NPS_A_BC|DA91A,1.5070341,0.3071156,2,6
3NPS_A_BC|EA163A,0.61534816,0.20976064,2,6
3NPS_A_BC|FA50A,0.21957076,0.6367763,2,6
3NPS_A_BC|FA89A,1.5714045,1.1729797,2,6
3NPS_A_BC|FA92A,0.46353978,0.5468749,2,6
3NPS_A_BC|HA138A,1.8750918,0.32401285,2,6
3NPS_A_BC|IA26A,0.6415425,0.25156587,2,6
3NPS_A_BC|IA45A,-0.33181784,0.9623579,2,6
3NPS_A_BC|KA221A,-0.10361039,0.7049595,2,6
3NPS_A_BC|LA147A,0.29573628,0.12866858,2,6
3NPS_A_BC|NA90A,0.25341922,0.7080307,2,6
3NPS_A_BC|QA140A,0.29573628,0.4235616,2,6
3NPS_A_BC|QA168A,-0.059223834,0.5166775,2,6
3NPS_A_BC|QA169A,0.7409076,1.4260458,2,6
3NPS_A_BC|QA218A,-0.040916756,0.34690055,2,6
3NPS_A_BC|QA23A,0.026323749,0.18608257,2,6
3NPS_A_BC|RA219A,-0.08390186,0.022736922,2,6
3NPS_A_BC|RA48A,-1.062741,-0.4760531,2,6
3NPS_A_BC|RA51A,0.13816836,-0.09554343,2,6
3NPS_A_BC|RA82A,-0.15159543,-0.24348357,2,6
3NPS_A_BC|TA144A,0.17497002,0.022721782,2,6
3NPS_A_BC|TA93A,0.72381234,0.7780956,2,6
3NPS_A_BC|YA141A,1.7748737,1.4440997,2,6
3NPS_A_BC|YA52A,0.4518898,0.2756446,2,6
3W2D_A_HL|KA67N,4.0,0.35190603,2,6
3W2D_A_HL|KA67R,-0.42812017,0.8656558,2,6
3W2D_A_HL|YA45F,0.8779443,-1.2823435,2,6
3W2D_A_HL|YA45L,2.3647563,0.018317088,2,6
"4KRO_A_B|DA321T,FA323A",0.1269707,1.4627308,2,6
"4KRP_A_B|DA277T,FA279A",0.35829666,1.2449467,2,6
4NM8_ABCDEF_HL|DB19N,0.66149956,0.55646783,2,6
4NM8_ABCDEF_HL|IB18M,0.10977998,0.70539016,2,6
4NM8_ABCDEF_HL|LB38Y,-0.6151596,0.32231086,2,6
4NM8_ABCDEF_HL|QB34R,2.9754758,3.2237346,2,6
4NM8_ABCDEF_HL|QB34T,2.3309386,2.827058,2,6
4NM8_ABCDEF_HL|RB25M,3.442353,0.4536912,2,6
4NM8_ABCDEF_HL|TB32E,-0.5517196,1.0524065,2,6
4NM8_ABCDEF_HL|TB32I,-0.050205972,2.4486325,2,6
4NM8_ABCDEF_HL|TB32R,1.2211944,2.7347903,2,6
1DVF_AB_CD|DB100A,2.7895143,2.7514503,2,7
"1DVF_AB_CD|DB100A,DD52A",4.0,3.8193073,2,7
"1DVF_AB_CD|DB100A,HD33A",4.0,4.3125525,2,7
"1DVF_AB_CD|DB100A,ND55A",4.0,2.8066661,2,7
1DVF_AB_CD|DB54A,4.0,1.2667636,2,7
"1DVF_AB_CD|DB54A,YC49A",4.0,3.8676162,2,7
1DVF_AB_CD|DB58A,1.6000048,0.3702321,2,7
"1DVF_AB_CD|DB58A,QD104A",1.4641725,1.5707228,2,7
1DVF_AB_CD|DD52A,1.6822901,1.3549523,2,7
1DVF_AB_CD|EB98A,4.0,1.2315962,2,7
"1DVF_AB_CD|EB98A,YD102A",4.0,3.560454,2,7
1DVF_AB_CD|HA30A,1.6493824,0.5977787,2,7
1DVF_AB_CD|HD33A,1.8606005,0.9506831,2,7
1DVF_AB_CD|ID101A,2.6815457,1.1506273,2,7
1DVF_AB_CD|KD30A,1.0035173,-0.010512127,2,7
1DVF_AB_CD|NB56A,1.1624389,0.10099208,2,7
"1DVF_AB_CD|NB56A,HD33A",2.5259995,1.6282188,2,7
"1DVF_AB_CD|NB56A,ND55A",2.3010929,0.460428,2,7
"1DVF_AB_CD|NB56A,QD104A",1.4868644,1.0245426,2,7
1DVF_AB_CD|ND55A,1.8606005,0.41170406,2,7
1DVF_AB_CD|QD104A,1.6287225,0.55521405,2,7
1DVF_AB_CD|RB99A,1.8746451,-0.16522384,2,7
1DVF_AB_CD|RD106A,4.0,0.44992623,2,7
1DVF_AB_CD|SA93A,1.1624389,-0.075639874,2,7
1DVF_AB_CD|TB30A,0.9075126,0.25498638,2,7
1DVF_AB_CD|WA92A,0.34072307,2.4275987,2,7
1DVF_AB_CD|WB52A,4.0,1.7483568,2,7
"1DVF_AB_CD|WB52A,QD104A",4.0,1.4883846,2,7
1DVF_AB_CD|YA32A,2.0303695,1.705079,2,7
"1DVF_AB_CD|YA32A,RD106A",4.0,2.1005957,2,7
1DVF_AB_CD|YA49A,1.6785902,1.0139503,2,7
"1DVF_AB_CD|YA49A,HD33A",2.625045,0.9761516,2,7
"1DVF_AB_CD|YA49A,ND55A",2.0303695,0.65509325,2,7
1DVF_AB_CD|YA50A,0.6877736,0.6399119,2,7
1DVF_AB_CD|YB101F,2.0123136,1.8367829,2,7
1DVF_AB_CD|YB32A,1.8314707,0.8605433,2,7
1DVF_AB_CD|YC49A,1.8606005,1.9507326,2,7
1DVF_AB_CD|YD102A,4.0,2.4393294,2,7
1MHP_HL_A|FH99W,0.0,-0.5137619,2,7
1MHP_HL_A|FH99Y,0.75466895,0.10811497,2,7
1MHP_HL_A|GH100F,0.38901797,0.34311694,2,7
1MHP_HL_A|GH100L,2.727121,1.5444444,2,7
1MHP_HL_A|GH100M,0.10213403,-0.11032812,2,7
1MHP_HL_A|GH100S,0.5577475,0.24078436,2,7
1MHP_HL_A|GH53A,0.5126066,0.32011417,2,7
1MHP_HL_A|GH53N,1.2553134,0.29918346,2,7
1MHP_HL_A|GH53S,0.6755934,-0.13997103,2,7
1MHP_HL_A|GH54I,1.3635606,-0.15643603,2,7
1MHP_HL_A|GH54T,1.1641668,0.2243396,2,7
1MHP_HL_A|GH54Y,0.0,-1.369317,2,7
1MHP_HL_A|GL91Q,1.572685,0.38695875,2,7
1MHP_HL_A|GL91S,0.5126066,0.21454975,2,7
1MHP_HL_A|HL30K,1.1641668,1.0331835,2,7
1MHP_HL_A|HL30R,1.1237977,-0.067170426,2,7
1MHP_HL_A|HL30W,1.2553134,0.25158775,2,7
1MHP_HL_A|KH64D,-0.17144196,-0.4744381,2,7
1MHP_HL_A|KH64E,-0.07761467,-0.34332415,2,7
"1MHP_HL_A|KH64E,SL27Q",-0.85684633,-1.0366238,2,7
"1MHP_HL_A|KH64E,SL27Q,NL51Y",-1.0191593,-1.1350195,2,7
1MHP_HL_A|KH64N,-0.03627145,-0.26137522,2,7
1MHP_HL_A|KH64Q,-0.07761467,-0.27225968,2,7
1MHP_HL_A|LH60D,-0.061319917,-0.2523553,2,7
"1MHP_HL_A|LH60D,KH64E",-0.1418005,-0.27627805,2,7
"1MHP_HL_A|LH60D,KH64Q",0.042989343,-0.2441834,2,7
1MHP_HL_A|LL48F,0.71227974,0.07855886,2,7
1MHP_HL_A|LL48K,0.8612009,0.58114755,2,7
1MHP_HL_A|LL48W,1.9075676,0.7138208,2,7
1MHP_HL_A|NL29V,1.0493295,0.8248246,2,7
1MHP_HL_A|NL29W,1.572685,-0.02092704,2,7
1MHP_HL_A|NL29Y,1.9075676,-0.22519226,2,7
"1MHP_HL_A|NL29Y,SL90I",0.43436813,-1.0725968,2,7
1MHP_HL_A|NL51D,0.5007625,-0.60903096,2,7
1MHP_HL_A|NL51E,-0.08868487,-0.621441,2,7
1MHP_HL_A|NL51K,0.65751,0.18147416,2,7
1MHP_HL_A|NL51R,0.84484076,0.0016968343,2,7
1MHP_HL_A|NL51Y,-0.05162489,-0.22974677,2,7
1MHP_HL_A|RH31Q,1.3073281,0.37227696,2,7
1MHP_HL_A|SH35A,1.572685,1.5122603,2,7
"1MHP_HL_A|SH35A,GH102S",1.572685,1.2605869,2,7
1MHP_HL_A|SH35Q,2.727121,2.1380186,2,7
"1MHP_HL_A|SH35V,GH102S",1.4256749,1.7346348,2,7
1MHP_HL_A|SH52M,2.0758402,0.85546017,2,7
1MHP_HL_A|SL23R,-0.21533228,-0.277086,2,7
1MHP_HL_A|SL27Q,-0.6661127,-1.2376126,2,7
1MHP_HL_A|SL90Q,1.7740332,1.4035088,2,7
1MHP_HL_A|SL90T,2.3166485,2.3578508,2,7
"1MHP_HL_A|TH33E,GH53Q",1.6674565,1.3238167,2,7
"1MHP_HL_A|TH33I,SH52T,GH53N,GH54N",1.9075676,1.5598372,2,7
"1MHP_HL_A|TH33I,SH52T,GH53Q,GH54F",1.2553134,0.9365902,2,7
1MHP_HL_A|TH33N,2.727121,2.2632287,2,7
1MHP_HL_A|TH33V,0.43436813,-0.36255667,2,7
1MHP_HL_A|TH50V,-0.13159887,0.28902614,2,7
"1MHP_HL_A|TH50V,GH102S",1.6674565,0.24076538,2,7
"1MHP_HL_A|TH50V,KH64E",-0.1805197,-0.3613288,2,7
"1MHP_HL_A|TH50V,KH64E,SL27Q,NL51E",-1.267319,-1.5710964,2,7
"1MHP_HL_A|TH50V,KH64E,SL27Q,NL51Y",-1.0844951,-1.3133583,2,7
"1MHP_HL_A|TH50V,SH35A",2.0758402,1.6751622,2,7
"1MHP_HL_A|TH50V,SH35V",2.727121,2.1998463,2,7
"1MHP_HL_A|TH50V,SL27Q",-0.6946839,-0.97033286,2,7
"1MHP_HL_A|TH50V,SL27Q,NL51Y",-1.0235296,-1.0310844,2,7
1MHP_HL_A|WL89Q,2.0758402,1.1928315,2,7
"1MHP_HL_A|WL89Q,FL32Y",0.871019,0.39899436,2,7
1MHP_HL_A|YH58E,2.0758402,0.90269756,2,7
1MHP_HL_A|YH58Q,2.0758402,0.97510326,2,7
1MHP_HL_A|YH58W,0.82094526,0.5233459,2,7
1MHP_HL_A|YH59E,0.54400706,0.3254562,2,7
1N8Z_AB_C|DB102W,-0.71302944,-0.22447734,2,7
1N8Z_AB_C|FC539A,0.035102826,1.6780667,2,7
1N8Z_AB_C|HA91F,0.034232877,0.09079013,2,7
1N8Z_AB_C|LC509A,-0.023045197,1.2640139,2,7
1N8Z_AB_C|NA30S,0.06666317,0.16752242,2,7
"1N8Z_AB_C|NA30S,HA91F,YA92W",-0.07476232,0.27150172,2,7
"1N8Z_AB_C|NA30S,HA91F,YA92W,TA94S,DB102W,YB105F,YB109V",0.050661404,0.6057821,2,7
1N8Z_AB_C|RB50A,2.9754758,1.5910087,2,7
1N8Z_AB_C|RB59A,1.8037988,1.5274771,2,7
1N8Z_AB_C|SC535A,0.030827092,0.27710626,2,7
1N8Z_AB_C|TA94S,0.32168603,-0.19148915,2,7
1N8Z_AB_C|VC536A,0.008972699,0.82962954,2,7
1N8Z_AB_C|YB105F,0.8540034,1.2357998,2,7
1N8Z_AB_C|YB109V,0.23192272,1.0531983,2,7
1XGQ_AB_C|VB33A,1.1525793,1.1178658,2,7
1XGQ_AB_C|VB33F,-2.9080825,-2.3779604,2,7
1XGQ_AB_C|VB33I,-1.1076277,-0.9719043,2,7
1XGQ_AB_C|VB33L,-1.0463123,-0.8421099,2,7
1YQV_HL_Y|RY45K,1.8995041,0.28689653,2,7
"1YQV_HL_Y|RY68K,TY40S,IY55V,SY91T",4.0,1.0684129,2,7
"1YQV_HL_Y|RY68K,TY40S,IY55V,SY91T,QY121H",0.0,1.0627908,2,7
1YY9_CD_A|AC25P,0.07225565,0.34359294,2,7
1YY9_CD_A|AD98P,1.0372273,-1.7141751,2,7
1YY9_CD_A|GD54P,0.26807046,-0.26235554,2,7
1YY9_CD_A|LD29P,0.030827092,0.26724026,2,7
1YY9_CD_A|NC93A,-0.74186975,-0.11810124,2,7
1YY9_CD_A|ND56A,-0.057046015,-0.10764967,2,7
1YY9_CD_A|SC26D,-0.19925442,0.15088174,2,7
"1YY9_CD_A|SC26D,TC31E,NC93A",-1.3329437,0.29390603,2,7
"1YY9_CD_A|SC26D,TC31E,NC93A,ND56A,TD61E",-0.6517935,-0.013140319,2,7
1YY9_CD_A|SC26P,-0.009110746,0.029762806,2,7
1YY9_CD_A|SC28P,-0.22229962,-0.69997334,2,7
1YY9_CD_A|SC54P,-0.018363854,-0.35740626,2,7
1YY9_CD_A|SD53P,0.8175451,-0.20355555,2,7
1YY9_CD_A|TC31E,-0.51892465,0.12883882,2,7
"1YY9_CD_A|TC31E,NC93A",-0.81853306,0.16388409,2,7
1YY9_CD_A|TC96P,4.0,-0.54802424,2,7
1YY9_CD_A|TD61E,-0.057046015,-0.093693815,2,7
1YY9_CD_A|WD52P,1.4782712,0.3899573,2,7
1YY9_CD_A|YD101P,1.6514195,-0.17954646,2,7
3NPS_A_BC|DA214A,1.466743,0.28417343,2,7
3NPS_A_BC|DA46A,0.3399866,0.64531755,2,7
3NPS_A_BC|DA47A,1.0674704,0.8236517,2,7
3NPS_A_BC|DA91A,1.5070341,0.44857728,2,7
3NPS_A_BC|EA163A,0.61534816,0.24837662,2,7
3NPS_A_BC|FA50A,0.21957076,0.24226658,2,7
3NPS_A_BC|FA89A,1.5714045,0.8796187,2,7
3NPS_A_BC|FA92A,0.46353978,0.1534939,2,7
3NPS_A_BC|HA138A,1.8750918,0.53780085,2,7
3NPS_A_BC|IA26A,0.6415425,-0.12749347,2,7
3NPS_A_BC|IA45A,-0.33181784,0.42649344,2,7
3NPS_A_BC|KA221A,-0.10361039,0.66346824,2,7
3NPS_A_BC|LA147A,0.29573628,0.26892126,2,7
3NPS_A_BC|NA90A,0.25341922,0.27619854,2,7
3NPS_A_BC|QA140A,0.29573628,0.09518833,2,7
3NPS_A_BC|QA168A,-0.059223834,0.041865174,2,7
3NPS_A_BC|QA169A,0.7409076,2.398423,2,7
3NPS_A_BC|QA218A,-0.040916756,0.38288215,2,7
3NPS_A_BC|QA23A,0.026323749,-0.019576816,2,7
3NPS_A_BC|RA219A,-0.08390186,-0.11198014,2,7
3NPS_A_BC|RA48A,-1.062741,-0.34371862,2,7
3NPS_A_BC|RA51A,0.13816836,-0.11693996,2,7
3NPS_A_BC|RA82A,-0.15159543,-0.17730659,2,7
3NPS_A_BC|TA144A,0.17497002,0.43706653,2,7
3NPS_A_BC|TA93A,0.72381234,0.9165648,2,7
3NPS_A_BC|YA141A,1.7748737,1.123596,2,7
3NPS_A_BC|YA52A,0.4518898,-0.042397216,2,7
3W2D_A_HL|KA67N,4.0,-0.23686771,2,7
3W2D_A_HL|KA67R,-0.42812017,0.20615096,2,7
3W2D_A_HL|YA45F,0.8779443,-2.4641647,2,7
3W2D_A_HL|YA45L,2.3647563,-1.0971078,2,7
"4KRO_A_B|DA321T,FA323A",0.1269707,1.141029,2,7
"4KRP_A_B|DA277T,FA279A",0.35829666,1.1590803,2,7
4NM8_ABCDEF_HL|DB19N,0.66149956,0.64946806,2,7
4NM8_ABCDEF_HL|IB18M,0.10977998,0.28063717,2,7
4NM8_ABCDEF_HL|LB38Y,-0.6151596,-0.10192634,2,7
4NM8_ABCDEF_HL|QB34R,2.9754758,1.9948385,2,7
4NM8_ABCDEF_HL|QB34T,2.3309386,0.85399526,2,7
4NM8_ABCDEF_HL|RB25M,3.442353,0.7798326,2,7
4NM8_ABCDEF_HL|TB32E,-0.5517196,0.021985946,2,7
4NM8_ABCDEF_HL|TB32I,-0.050205972,1.3747114,2,7
4NM8_ABCDEF_HL|TB32R,1.2211944,1.2659814,2,7
"1CZ8_HL_VW|LL4M,DH28T,HH31N,YH101H,TH105S",2.939849,1.6150242,3,0
1KIR_AB_C|SA50Y,-1.3870943,-0.72828424,3,0
1MLC_AB_E|KB65D,0.018548755,-0.9831675,3,0
1MLC_AB_E|NA32G,-0.8773867,0.28358468,3,0
"1MLC_AB_E|NA32G,NA92A",-0.6866531,0.3166588,3,0
"1MLC_AB_E|NA32G,NA92A,SB57V,TB58D",-1.7349738,-0.22902226,3,0
1MLC_AB_E|NA32Y,0.0,-1.0147853,3,0
1MLC_AB_E|NA92A,-1.2533532,0.32769018,3,0
"1MLC_AB_E|NA92A,SB57V,TB58D",-2.394188,-0.10383635,3,0
"1MLC_AB_E|NA92A,TB28D,SB57V,TB58D",-2.5813644,-0.386413,3,0
"1MLC_AB_E|NA92A,TB28D,SB57V,TB58D,EB35S,GB99D",-2.9539242,-0.8601543,3,0
"1MLC_AB_E|NA92A,TB28D,SB57V,TB58D,GB99D",-0.20357698,-0.6296586,3,0
"1MLC_AB_E|NA92A,TB28D,SB57V,TB58D,NA32L",-2.5843081,-0.2797701,3,0
"1MLC_AB_E|NA92A,TB28D,SB57V,TB58D,RB98M,DB100Q",-0.41047263,-0.15589845,3,0
"1MLC_AB_E|NA92A,TB28D,SB57V,TB58D,SA91N,SA93A",-1.6104395,-0.35804853,3,0
"1MLC_AB_E|NA92A,TB28D,SB57V,TB58D,SB30G",-2.3584673,-0.31260374,3,0
"1MLC_AB_E|NA92A,TB28D,SB57V,TB58D,YB32W,RB98V,DB100Q",0.36138764,0.020732738,3,0
"1MLC_AB_E|NA92A,TB28D,SB57V,TB58D,YB59E",-1.4661698,0.18141678,3,0
1MLC_AB_E|SB57A,-0.37902167,0.31181994,3,0
1MLC_AB_E|SB57V,-0.49418068,-0.019233048,3,0
"1MLC_AB_E|SB57V,TB58D",-0.9877286,-0.22513369,3,0
1MLC_AB_E|TB28D,-0.15094383,-0.62190574,3,0
1MLC_AB_E|TB31A,0.44700673,0.63720757,3,0
1MLC_AB_E|TB31V,0.5262404,0.23217705,3,0
1MLC_AB_E|TB31W,0.13214268,-0.28772652,3,0
1MLC_AB_E|TB58D,-0.55968237,-0.5534314,3,0
1NCA_N_LH|DH101K,0.71416,1.8387595,3,0
1NCA_N_LH|EH100D,0.41047263,-0.13563198,3,0
1NCA_N_LH|NH102Q,0.5426153,-0.20769349,3,0
1NCA_N_LH|NH31Q,0.0,0.06365819,3,0
1NMB_N_LH|DH57E,2.9536283,0.5077562,3,0
1NMB_N_LH|DH57N,2.9536283,0.6158653,3,0
1NMB_N_LH|LL94V,0.9000208,-0.2793577,3,0
1NMB_N_LH|TL93F,-0.023903161,-0.43933848,3,0
1NMB_N_LH|TL93W,0.18419003,-1.0824221,3,0
1NMB_N_LH|YH103A,2.14062,0.6235944,3,0
1NMB_N_LH|YH105F,1.4194101,0.7901908,3,0
1NMB_N_LH|YL32F,0.46632215,0.97517157,3,0
1VFB_AB_C|DB100A,3.005002,2.5332856,3,0
"1VFB_AB_C|DB100A,SC24A",3.369756,5.6189384,3,0
1VFB_AB_C|DB54A,0.8151114,2.7860763,3,0
"1VFB_AB_C|DB54A,TC118A",1.2546439,2.499637,3,0
1VFB_AB_C|DB58A,-0.20700333,1.103879,3,0
1VFB_AB_C|DB58E,0.078081094,0.4026679,3,0
1VFB_AB_C|DB58N,-0.12818155,0.32581022,3,0
1VFB_AB_C|DC119A,0.9530879,2.1613848,3,0
1VFB_AB_C|DC18A,0.34013057,1.7631688,3,0
1VFB_AB_C|EB98A,1.1565572,1.8454152,3,0
1VFB_AB_C|GB31A,0.30646533,0.673885,3,0
1VFB_AB_C|GB31E,-0.5097613,0.13133773,3,0
1VFB_AB_C|GB31W,0.0039611305,0.018666245,3,0
1VFB_AB_C|HA30A,0.84488255,0.7000895,3,0
1VFB_AB_C|IC124A,1.2314179,0.4387868,3,0
1VFB_AB_C|KC116A,0.7134504,0.8126511,3,0
1VFB_AB_C|LC129A,0.17154472,0.3997696,3,0
1VFB_AB_C|NA31W,0.17432266,0.6448648,3,0
1VFB_AB_C|NB56A,0.17771798,0.5945163,3,0
1VFB_AB_C|NC19A,0.3960868,0.5259816,3,0
1VFB_AB_C|QC121A,2.876998,0.44062048,3,0
1VFB_AB_C|RB99A,-0.099735305,1.2294505,3,0
1VFB_AB_C|RB99W,0.7049742,0.24136886,3,0
1VFB_AB_C|RB99Y,1.235379,-0.22706309,3,0
1VFB_AB_C|RC125A,1.8368999,0.6992753,3,0
1VFB_AB_C|SA93A,0.34312394,0.77551943,3,0
1VFB_AB_C|SB28D,0.0,-0.13076738,3,0
1VFB_AB_C|SB28E,-0.104007296,0.05204124,3,0
1VFB_AB_C|SB28N,0.14394745,0.27032423,3,0
1VFB_AB_C|SB28Q,0.078081094,0.24878302,3,0
1VFB_AB_C|SC24A,0.850965,2.621253,3,0
1VFB_AB_C|TA52F,0.4708752,-0.31263492,3,0
1VFB_AB_C|TA53R,1.6458516,-0.36757,3,0
1VFB_AB_C|TB30A,-0.05584954,0.20373832,3,0
1VFB_AB_C|TC118A,0.7650957,0.58829147,3,0
1VFB_AB_C|VC120A,0.9169499,0.549136,3,0
1VFB_AB_C|WA92A,3.037848,0.7831065,3,0
"1VFB_AB_C|WA92A,IC124A",3.8503337,1.2298952,3,0
"1VFB_AB_C|WA92A,LC129A",3.3073628,1.076927,3,0
"1VFB_AB_C|WA92A,QC121A",3.5189366,1.2162849,3,0
"1VFB_AB_C|WA92A,RC125A",3.3932896,1.3828212,3,0
1VFB_AB_C|WB52A,0.6406274,3.0862012,3,0
"1VFB_AB_C|WB52A,DC119A",2.2473724,5.457162,3,0
1VFB_AB_C|YA32A,1.5281335,2.2065246,3,0
"1VFB_AB_C|YA32A,IC124A",2.9057157,2.3237298,3,0
"1VFB_AB_C|YA32A,QC121A",1.586041,1.7919501,3,0
1VFB_AB_C|YA49A,0.79754156,1.02433,3,0
1VFB_AB_C|YA50A,0.456086,1.726477,3,0
"1VFB_AB_C|YA50A,DC119A",1.2314179,3.816245,3,0
"1VFB_AB_C|YA50A,DC18A",1.265924,3.1568332,3,0
1VFB_AB_C|YA50K,1.7156012,1.2000939,3,0
1VFB_AB_C|YA50R,0.8443241,0.7853942,3,0
1VFB_AB_C|YB101F,1.2695644,2.1766844,3,0
"1VFB_AB_C|YB101F,DC119A",2.736521,4.7755303,3,0
"1VFB_AB_C|YB101F,VC120A",2.5384777,3.077386,3,0
1VFB_AB_C|YB32A,0.7916793,1.298072,3,0
"1VFB_AB_C|YB32A,KC116A",1.586041,1.7332109,3,0
1VFB_AB_C|YB32E,1.9021881,0.5307947,3,0
1VFB_AB_C|YC23A,0.41047263,1.4326502,3,0
1XGP_AB_C|AB33F,-4.0,-3.0911856,3,0
1XGP_AB_C|AB33I,-2.260207,-1.928542,3,0
1XGP_AB_C|AB33L,-2.1988916,-1.7874182,3,0
1XGP_AB_C|AB33V,-1.1525793,-1.4444286,3,0
2JEL_LH_P|AP82S,0.0,-0.21630204,3,0
2JEL_LH_P|DP69E,0.9530879,1.3152964,3,0
2JEL_LH_P|EP5D,0.41047263,-0.06447274,3,0
2JEL_LH_P|EP5Q,0.7129768,0.34622118,3,0
2JEL_LH_P|EP68A,0.41047263,0.75195134,3,0
2JEL_LH_P|EP75R,2.727121,0.8381561,3,0
2JEL_LH_P|EP83A,0.0,0.81716037,3,0
2JEL_LH_P|EP85A,0.0,0.2876285,3,0
2JEL_LH_P|EP85D,0.0,0.08760958,3,0
2JEL_LH_P|EP85K,0.0,0.1834882,3,0
2JEL_LH_P|EP85Q,0.0,0.28630123,3,0
2JEL_LH_P|FP2W,2.6191528,1.521326,3,0
2JEL_LH_P|FP2Y,0.0,-0.0853532,3,0
2JEL_LH_P|HP76A,-0.41047263,1.0150217,3,0
2JEL_LH_P|HP76D,-0.65058374,0.4578704,3,0
2JEL_LH_P|KP24E,0.0,0.78536093,3,0
2JEL_LH_P|KP27E,0.0,0.48604605,3,0
2JEL_LH_P|KP72E,0.41047263,-0.35453773,3,0
2JEL_LH_P|KP72R,0.0,-0.007762186,3,0
2JEL_LH_P|KP79E,0.41047263,0.22880101,3,0
2JEL_LH_P|NP12D,0.0,-0.5870799,3,0
2JEL_LH_P|NP38T,0.0,0.1183181,3,0
2JEL_LH_P|PP11E,0.0,0.12460272,3,0
2JEL_LH_P|QP3K,4.0,-0.010996014,3,0
2JEL_LH_P|QP4K,1.3635606,-0.34768197,3,0
2JEL_LH_P|QP57E,-0.41047263,0.17930606,3,0
2JEL_LH_P|QP71E,2.727121,-0.06676523,3,0
2JEL_LH_P|RP17G,0.0,0.63060236,3,0
2JEL_LH_P|RP17K,0.0,0.49271837,3,0
2JEL_LH_P|SP41C,1.4957032,1.9345465,3,0
2JEL_LH_P|SP43C,0.0,1.1209891,3,0
2JEL_LH_P|SP46C,0.0,1.2085983,3,0
2JEL_LH_P|SP64T,4.0,0.15792206,3,0
2JEL_LH_P|TP34Q,0.0,0.8886968,3,0
2JEL_LH_P|TP36Q,0.41047263,0.48947218,3,0
2JEL_LH_P|TP62A,0.0,0.86695236,3,0
2JEL_LH_P|TP62N,0.0,1.2266246,3,0
2JEL_LH_P|TP7N,0.41047263,1.1289543,3,0
2JEL_LH_P|TP7S,0.0,0.54904544,3,0
2JEL_LH_P|VP6F,0.0,-0.48606852,3,0
"2NY7_HL_G|CG27I,CG226Q",0.19971907,-1.8992943,3,0
"2NY7_HL_G|CG27I,CG226Q,MG231A",0.20319231,-1.504012,3,0
"2NY7_HL_G|GG229C,MG231A",-0.37879732,0.36812446,3,0
"2NY7_HL_G|GG229C,WG13M,MG231A,CG14W,CG110V,CG27I,CG226Q",0.21462485,-2.3271127,3,0
"2NY7_HL_G|KG66C,EG102C,CG27I,CG226Q",0.04085667,-1.0950135,3,0
"2NY7_HL_G|KG66C,EG102C,WG13M,MG231A,CG14W,CG110V,CG27I,CG226Q",0.3998023,-1.893134,3,0
"2NY7_HL_G|KG66C,EG103C,WG13M,MG231A,CG14W,CG110V,CG27I,CG226Q",0.29989544,-1.8870071,3,0
"2NY7_HL_G|WG13M,MG231A,CG14W,CG110V",1.1574335,-0.4922386,3,0
"2NY7_HL_G|WG13M,MG231A,CG14W,CG110V,CG27I,CG226Q",0.44904727,-2.021068,3,0
"2NY7_HL_G|WG13M,MG231A,CG14W,CG110V,KG66C,EG102C",0.55101526,-0.58492637,3,0
"2NY7_HL_G|WG13M,SG92T,WG181S,MG231A,CG14W,CG110V,CG27I,CG226Q",-0.3035898,-2.5224562,3,0
3BN9_B_CD|DB214A,0.5662115,1.2600219,3,0
3BN9_B_CD|DB46A,0.42238826,0.7823651,3,0
3BN9_B_CD|DB47A,0.31110755,0.48219553,3,0
3BN9_B_CD|EB163A,0.37321588,0.11025214,3,0
3BN9_B_CD|FB50A,-0.044997852,0.56664854,3,0
3BN9_B_CD|FB89A,0.6392419,2.0555136,3,0
3BN9_B_CD|HB138A,0.085063316,1.3957813,3,0
3BN9_B_CD|IB26A,0.0,0.8433486,3,0
3BN9_B_CD|IB45A,0.8352155,0.18307859,3,0
3BN9_B_CD|KB221A,0.7849689,0.9148778,3,0
3BN9_B_CD|LB147A,0.33619216,0.16594204,3,0
3BN9_B_CD|NB90A,0.7733444,0.5622755,3,0
3BN9_B_CD|PD104H,2.4272547,-0.20652345,3,0
3BN9_B_CD|QB140A,0.1331048,0.6025838,3,0
3BN9_B_CD|QB168A,-0.03469869,0.033262435,3,0
3BN9_B_CD|QB169A,2.5089848,0.76313597,3,0
3BN9_B_CD|QB218A,0.70571065,0.43721694,3,0
3BN9_B_CD|QB23A,-0.41530684,0.18070978,3,0
3BN9_B_CD|QD105V,1.2241027,0.10885207,3,0
3BN9_B_CD|RB219A,-0.093698174,0.16189954,3,0
3BN9_B_CD|RB48A,-0.044997852,-0.092866026,3,0
3BN9_B_CD|RB51A,-0.07155777,0.34390166,3,0
3BN9_B_CD|RB82A,-0.15923285,0.9819531,3,0
3BN9_B_CD|SD30G,1.1861069,0.53591573,3,0
3BN9_B_CD|SD30N,1.145505,0.37983075,3,0
3BN9_B_CD|TB144A,0.2908351,0.34351826,3,0
3BN9_B_CD|TB93A,1.1320528,1.0487759,3,0
3BN9_B_CD|TD102Q,-0.02153644,-0.5001559,3,0
3BN9_B_CD|TD102R,-0.058294915,-0.4842846,3,0
3BN9_B_CD|TD28R,0.33290586,-0.23511666,3,0
3BN9_B_CD|YB141A,1.0846525,2.5241764,3,0
3BN9_B_CD|YB52A,0.018951595,0.6442939,3,0
3BN9_B_CD|YD103S,0.45868576,0.72764844,3,0
4GXU_ABCDEF_MN|DA189E,2.1650882,0.9469361,3,0
"4GXU_ABCDEF_MN|DA189E,DA224G",3.0102077,1.8990762,3,0
4GXU_ABCDEF_MN|DA224G,1.9608781,0.98655075,3,0
"1CZ8_HL_VW|LL4M,DH28T,HH31N,YH101H,TH105S",2.939849,0.36217818,3,1
1KIR_AB_C|SA50Y,-1.3870943,-0.31621134,3,1
1MLC_AB_E|KB65D,0.018548755,-0.060739428,3,1
1MLC_AB_E|NA32G,-0.8773867,-0.10378851,3,1
"1MLC_AB_E|NA32G,NA92A",-0.6866531,-0.119589776,3,1
"1MLC_AB_E|NA32G,NA92A,SB57V,TB58D",-1.7349738,-0.55933416,3,1
1MLC_AB_E|NA32Y,0.0,-0.29595244,3,1
1MLC_AB_E|NA92A,-1.2533532,0.018044733,3,1
"1MLC_AB_E|NA92A,SB57V,TB58D",-2.394188,-0.3853192,3,1
"1MLC_AB_E|NA92A,TB28D,SB57V,TB58D",-2.5813644,-0.47401595,3,1
"1MLC_AB_E|NA92A,TB28D,SB57V,TB58D,EB35S,GB99D",-2.9539242,-0.5551058,3,1
"1MLC_AB_E|NA92A,TB28D,SB57V,TB58D,GB99D",-0.20357698,-0.57615924,3,1
"1MLC_AB_E|NA92A,TB28D,SB57V,TB58D,NA32L",-2.5843081,-0.8046106,3,1
"1MLC_AB_E|NA92A,TB28D,SB57V,TB58D,RB98M,DB100Q",-0.41047263,-0.73691666,3,1
"1MLC_AB_E|NA92A,TB28D,SB57V,TB58D,SA91N,SA93A",-1.6104395,-0.4962478,3,1
"1MLC_AB_E|NA92A,TB28D,SB57V,TB58D,SB30G",-2.3584673,-0.6435524,3,1
"1MLC_AB_E|NA92A,TB28D,SB57V,TB58D,YB32W,RB98V,DB100Q",0.36138764,-0.8285493,3,1
"1MLC_AB_E|NA92A,TB28D,SB57V,TB58D,YB59E",-1.4661698,-0.39139667,3,1
1MLC_AB_E|SB57A,-0.37902167,0.05543292,3,1
1MLC_AB_E|SB57V,-0.49418068,-0.2404005,3,1
"1MLC_AB_E|SB57V,TB58D",-0.9877286,-0.3167733,3,1
1MLC_AB_E|TB28D,-0.15094383,-0.096604794,3,1
1MLC_AB_E|TB31A,0.44700673,0.09920134,3,1
1MLC_AB_E|TB31V,0.5262404,-0.09615114,3,1
1MLC_AB_E|TB31W,0.13214268,-0.2594155,3,1
1MLC_AB_E|TB58D,-0.55968237,0.021406304,3,1
1NCA_N_LH|DH101K,0.71416,0.030400183,3,1
1NCA_N_LH|EH100D,0.41047263,0.11489567,3,1
1NCA_N_LH|NH102Q,0.5426153,-0.040047534,3,1
1NCA_N_LH|NH31Q,0.0,-0.14101663,3,1
1NMB_N_LH|DH57E,2.9536283,0.004051678,3,1
1NMB_N_LH|DH57N,2.9536283,0.10273197,3,1
1NMB_N_LH|LL94V,0.9000208,-0.11726035,3,1
1NMB_N_LH|TL93F,-0.023903161,-0.14592542,3,1
1NMB_N_LH|TL93W,0.18419003,-0.25478348,3,1
1NMB_N_LH|YH103A,2.14062,0.2625827,3,1
1NMB_N_LH|YH105F,1.4194101,0.11076146,3,1
1NMB_N_LH|YL32F,0.46632215,0.10719226,3,1
1VFB_AB_C|DB100A,3.005002,0.060213964,3,1
"1VFB_AB_C|DB100A,SC24A",3.369756,0.1695612,3,1
1VFB_AB_C|DB54A,0.8151114,0.12689942,3,1
"1VFB_AB_C|DB54A,TC118A",1.2546439,0.3295926,3,1
1VFB_AB_C|DB58A,-0.20700333,0.17740554,3,1
1VFB_AB_C|DB58E,0.078081094,0.029980507,3,1
1VFB_AB_C|DB58N,-0.12818155,0.12503901,3,1
1VFB_AB_C|DC119A,0.9530879,0.13515101,3,1
1VFB_AB_C|DC18A,0.34013057,0.1768912,3,1
1VFB_AB_C|EB98A,1.1565572,0.22573765,3,1
1VFB_AB_C|GB31A,0.30646533,0.106663585,3,1
1VFB_AB_C|GB31E,-0.5097613,-0.1773548,3,1
1VFB_AB_C|GB31W,0.0039611305,-0.22376707,3,1
1VFB_AB_C|HA30A,0.84488255,0.16217706,3,1
1VFB_AB_C|IC124A,1.2314179,0.25212607,3,1
1VFB_AB_C|KC116A,0.7134504,0.25394115,3,1
1VFB_AB_C|LC129A,0.17154472,0.15051107,3,1
1VFB_AB_C|NA31W,0.17432266,-0.18390232,3,1
1VFB_AB_C|NB56A,0.17771798,0.09960382,3,1
1VFB_AB_C|NC19A,0.3960868,0.13607396,3,1
1VFB_AB_C|QC121A,2.876998,0.39470783,3,1
1VFB_AB_C|RB99A,-0.099735305,0.1368776,3,1
1VFB_AB_C|RB99W,0.7049742,-0.3134415,3,1
1VFB_AB_C|RB99Y,1.235379,-0.21608104,3,1
1VFB_AB_C|RC125A,1.8368999,0.29166076,3,1
1VFB_AB_C|SA93A,0.34312394,0.05324931,3,1
1VFB_AB_C|SB28D,0.0,-0.016035113,3,1
1VFB_AB_C|SB28E,-0.104007296,-0.040102255,3,1
1VFB_AB_C|SB28N,0.14394745,-0.002007775,3,1
1VFB_AB_C|SB28Q,0.078081094,-0.110586345,3,1
1VFB_AB_C|SC24A,0.850965,0.1989573,3,1
1VFB_AB_C|TA52F,0.4708752,-0.13861081,3,1
1VFB_AB_C|TA53R,1.6458516,-0.20108733,3,1
1VFB_AB_C|TB30A,-0.05584954,0.057320837,3,1
1VFB_AB_C|TC118A,0.7650957,0.24221206,3,1
1VFB_AB_C|VC120A,0.9169499,0.15130582,3,1
1VFB_AB_C|WA92A,3.037848,0.28976738,3,1
"1VFB_AB_C|WA92A,IC124A",3.8503337,0.58522743,3,1
"1VFB_AB_C|WA92A,LC129A",3.3073628,0.45593357,3,1
"1VFB_AB_C|WA92A,QC121A",3.5189366,0.7631546,3,1
"1VFB_AB_C|WA92A,RC125A",3.3932896,0.65259373,3,1
1VFB_AB_C|WB52A,0.6406274,0.3731546,3,1
"1VFB_AB_C|WB52A,DC119A",2.2473724,0.5081927,3,1
1VFB_AB_C|YA32A,1.5281335,0.31570557,3,1
"1VFB_AB_C|YA32A,IC124A",2.9057157,0.55750996,3,1
"1VFB_AB_C|YA32A,QC121A",1.586041,0.75062793,3,1
1VFB_AB_C|YA49A,0.79754156,0.26006323,3,1
1VFB_AB_C|YA50A,0.456086,0.2486318,3,1
"1VFB_AB_C|YA50A,DC119A",1.2314179,0.35733372,3,1
"1VFB_AB_C|YA50A,DC18A",1.265924,0.4103697,3,1
1VFB_AB_C|YA50K,1.7156012,0.16073355,3,1
1VFB_AB_C|YA50R,0.8443241,0.08657858,3,1
1VFB_AB_C|YB101F,1.2695644,0.15954313,3,1
"1VFB_AB_C|YB101F,DC119A",2.736521,0.19404218,3,1
"1VFB_AB_C|YB101F,VC120A",2.5384777,0.27852666,3,1
1VFB_AB_C|YB32A,0.7916793,0.24011512,3,1
"1VFB_AB_C|YB32A,KC116A",1.586041,0.50954336,3,1
1VFB_AB_C|YB32E,1.9021881,0.06683397,3,1
1VFB_AB_C|YC23A,0.41047263,0.30658442,3,1
1XGP_AB_C|AB33F,-4.0,-0.2622929,3,1
1XGP_AB_C|AB33I,-2.260207,-0.23854633,3,1
1XGP_AB_C|AB33L,-2.1988916,-0.2428557,3,1
1XGP_AB_C|AB33V,-1.1525793,-0.26646447,3,1
2JEL_LH_P|AP82S,0.0,-0.27047998,3,1
2JEL_LH_P|DP69E,0.9530879,0.058774557,3,1
2JEL_LH_P|EP5D,0.41047263,0.0077632107,3,1
2JEL_LH_P|EP5Q,0.7129768,0.029618036,3,1
2JEL_LH_P|EP68A,0.41047263,0.13196039,3,1
2JEL_LH_P|EP75R,2.727121,-0.027251069,3,1
2JEL_LH_P|EP83A,0.0,0.20427239,3,1
2JEL_LH_P|EP85A,0.0,0.16118123,3,1
2JEL_LH_P|EP85D,0.0,-0.025588168,3,1
2JEL_LH_P|EP85K,0.0,0.04178696,3,1
2JEL_LH_P|EP85Q,0.0,-0.01624402,3,1
2JEL_LH_P|FP2W,2.6191528,-0.100464344,3,1
2JEL_LH_P|FP2Y,0.0,-0.081146166,3,1
2JEL_LH_P|HP76A,-0.41047263,0.23745303,3,1
2JEL_LH_P|HP76D,-0.65058374,-0.058126338,3,1
2JEL_LH_P|KP24E,0.0,0.03704914,3,1
2JEL_LH_P|KP27E,0.0,0.038292572,3,1
2JEL_LH_P|KP72E,0.41047263,-0.061649617,3,1
2JEL_LH_P|KP72R,0.0,-0.06987881,3,1
2JEL_LH_P|KP79E,0.41047263,0.029298391,3,1
2JEL_LH_P|NP12D,0.0,0.031027947,3,1
2JEL_LH_P|NP38T,0.0,-0.021166667,3,1
2JEL_LH_P|PP11E,0.0,0.2627721,3,1
2JEL_LH_P|QP3K,4.0,0.08415453,3,1
2JEL_LH_P|QP4K,1.3635606,0.07321216,3,1
2JEL_LH_P|QP57E,-0.41047263,0.06495316,3,1
2JEL_LH_P|QP71E,2.727121,0.122635126,3,1
2JEL_LH_P|RP17G,0.0,0.030386265,3,1
2JEL_LH_P|RP17K,0.0,0.04306578,3,1
2JEL_LH_P|SP41C,1.4957032,0.10950622,3,1
2JEL_LH_P|SP43C,0.0,0.034808733,3,1
2JEL_LH_P|SP46C,0.0,0.072074905,3,1
2JEL_LH_P|SP64T,4.0,-0.052899648,3,1
2JEL_LH_P|TP34Q,0.0,-0.047243144,3,1
2JEL_LH_P|TP36Q,0.41047263,-0.08196972,3,1
2JEL_LH_P|TP62A,0.0,0.21835457,3,1
2JEL_LH_P|TP62N,0.0,0.03673238,3,1
2JEL_LH_P|TP7N,0.41047263,0.059086155,3,1
2JEL_LH_P|TP7S,0.0,0.07740173,3,1
2JEL_LH_P|VP6F,0.0,0.041170083,3,1
"2NY7_HL_G|CG27I,CG226Q",0.19971907,-0.084262535,3,1
"2NY7_HL_G|CG27I,CG226Q,MG231A",0.20319231,0.14379448,3,1
"2NY7_HL_G|GG229C,MG231A",-0.37879732,0.16273004,3,1
"2NY7_HL_G|GG229C,WG13M,MG231A,CG14W,CG110V,CG27I,CG226Q",0.21462485,-0.34477103,3,1
"2NY7_HL_G|KG66C,EG102C,CG27I,CG226Q",0.04085667,-0.12585647,3,1
"2NY7_HL_G|KG66C,EG102C,WG13M,MG231A,CG14W,CG110V,CG27I,CG226Q",0.3998023,-0.11148484,3,1
"2NY7_HL_G|KG66C,EG103C,WG13M,MG231A,CG14W,CG110V,CG27I,CG226Q",0.29989544,-0.13306375,3,1
"2NY7_HL_G|WG13M,MG231A,CG14W,CG110V",1.1574335,0.19059421,3,1
"2NY7_HL_G|WG13M,MG231A,CG14W,CG110V,CG27I,CG226Q",0.44904727,-0.09740111,3,1
"2NY7_HL_G|WG13M,MG231A,CG14W,CG110V,KG66C,EG102C",0.55101526,0.1755544,3,1
"2NY7_HL_G|WG13M,SG92T,WG181S,MG231A,CG14W,CG110V,CG27I,CG226Q",-0.3035898,-0.12414232,3,1
3BN9_B_CD|DB214A,0.5662115,0.14636828,3,1
3BN9_B_CD|DB46A,0.42238826,0.17214009,3,1
3BN9_B_CD|DB47A,0.31110755,0.20062779,3,1
3BN9_B_CD|EB163A,0.37321588,0.22057825,3,1
3BN9_B_CD|FB50A,-0.044997852,0.35873368,3,1
3BN9_B_CD|FB89A,0.6392419,0.24992758,3,1
3BN9_B_CD|HB138A,0.085063316,0.23411317,3,1
3BN9_B_CD|IB26A,0.0,0.14750756,3,1
3BN9_B_CD|IB45A,0.8352155,0.20454213,3,1
3BN9_B_CD|KB221A,0.7849689,0.25260556,3,1
3BN9_B_CD|LB147A,0.33619216,0.16831048,3,1
3BN9_B_CD|NB90A,0.7733444,0.16412607,3,1
3BN9_B_CD|PD104H,2.4272547,0.078840345,3,1
3BN9_B_CD|QB140A,0.1331048,0.24317747,3,1
3BN9_B_CD|QB168A,-0.03469869,0.15195197,3,1
3BN9_B_CD|QB169A,2.5089848,0.32630736,3,1
3BN9_B_CD|QB218A,0.70571065,0.24437529,3,1
3BN9_B_CD|QB23A,-0.41530684,0.2713202,3,1
3BN9_B_CD|QD105V,1.2241027,-0.08782375,3,1
3BN9_B_CD|RB219A,-0.093698174,0.24308944,3,1
3BN9_B_CD|RB48A,-0.044997852,0.21649243,3,1
3BN9_B_CD|RB51A,-0.07155777,0.22112456,3,1
3BN9_B_CD|RB82A,-0.15923285,0.2254614,3,1
3BN9_B_CD|SD30G,1.1861069,0.07044992,3,1
3BN9_B_CD|SD30N,1.145505,0.13164349,3,1
3BN9_B_CD|TB144A,0.2908351,0.20203425,3,1
3BN9_B_CD|TB93A,1.1320528,0.1890458,3,1
3BN9_B_CD|TD102Q,-0.02153644,-0.13848235,3,1
3BN9_B_CD|TD102R,-0.058294915,-0.14441669,3,1
3BN9_B_CD|TD28R,0.33290586,-0.18520898,3,1
3BN9_B_CD|YB141A,1.0846525,0.42051777,3,1
3BN9_B_CD|YB52A,0.018951595,0.3099645,3,1
3BN9_B_CD|YD103S,0.45868576,0.24619648,3,1
4GXU_ABCDEF_MN|DA189E,2.1650882,0.12617353,3,1
"4GXU_ABCDEF_MN|DA189E,DA224G",3.0102077,0.24664307,3,1
4GXU_ABCDEF_MN|DA224G,1.9608781,0.03220361,3,1
"1CZ8_HL_VW|LL4M,DH28T,HH31N,YH101H,TH105S",2.939849,1.8017747,3,2
1KIR_AB_C|SA50Y,-1.3870943,-0.58246726,3,2
1MLC_AB_E|KB65D,0.018548755,-0.3346018,3,2
1MLC_AB_E|NA32G,-0.8773867,-0.027249876,3,2
"1MLC_AB_E|NA32G,NA92A",-0.6866531,0.20625588,3,2
"1MLC_AB_E|NA32G,NA92A,SB57V,TB58D",-1.7349738,0.00807279,3,2
1MLC_AB_E|NA32Y,0.0,-0.25246218,3,2
1MLC_AB_E|NA92A,-1.2533532,0.18537024,3,2
"1MLC_AB_E|NA92A,SB57V,TB58D",-2.394188,0.072994895,3,2
"1MLC_AB_E|NA92A,TB28D,SB57V,TB58D",-2.5813644,-0.0006396696,3,2
"1MLC_AB_E|NA92A,TB28D,SB57V,TB58D,EB35S,GB99D",-2.9539242,-0.4313596,3,2
"1MLC_AB_E|NA92A,TB28D,SB57V,TB58D,GB99D",-0.20357698,0.1552239,3,2
"1MLC_AB_E|NA92A,TB28D,SB57V,TB58D,NA32L",-2.5843081,-0.08073401,3,2
"1MLC_AB_E|NA92A,TB28D,SB57V,TB58D,RB98M,DB100Q",-0.41047263,-0.0074387714,3,2
"1MLC_AB_E|NA92A,TB28D,SB57V,TB58D,SA91N,SA93A",-1.6104395,0.11866876,3,2
"1MLC_AB_E|NA92A,TB28D,SB57V,TB58D,SB30G",-2.3584673,0.005216744,3,2
"1MLC_AB_E|NA92A,TB28D,SB57V,TB58D,YB32W,RB98V,DB100Q",0.36138764,0.28486553,3,2
"1MLC_AB_E|NA92A,TB28D,SB57V,TB58D,YB59E",-1.4661698,0.69370323,3,2
1MLC_AB_E|SB57A,-0.37902167,-0.14477786,3,2
1MLC_AB_E|SB57V,-0.49418068,-0.26997018,3,2
"1MLC_AB_E|SB57V,TB58D",-0.9877286,-0.015488427,3,2
1MLC_AB_E|TB28D,-0.15094383,-0.29041997,3,2
1MLC_AB_E|TB31A,0.44700673,0.33967817,3,2
1MLC_AB_E|TB31V,0.5262404,0.32490888,3,2
1MLC_AB_E|TB31W,0.13214268,-0.1860278,3,2
1MLC_AB_E|TB58D,-0.55968237,0.30364257,3,2
1NCA_N_LH|DH101K,0.71416,1.294451,3,2
1NCA_N_LH|EH100D,0.41047263,0.16299367,3,2
1NCA_N_LH|NH102Q,0.5426153,0.5703797,3,2
1NCA_N_LH|NH31Q,0.0,0.049750943,3,2
1NMB_N_LH|DH57E,2.9536283,-0.251273,3,2
1NMB_N_LH|DH57N,2.9536283,-0.17783311,3,2
1NMB_N_LH|LL94V,0.9000208,-0.518473,3,2
1NMB_N_LH|TL93F,-0.023903161,-0.5154828,3,2
1NMB_N_LH|TL93W,0.18419003,-1.3433355,3,2
1NMB_N_LH|YH103A,2.14062,1.0271379,3,2
1NMB_N_LH|YH105F,1.4194101,0.5945975,3,2
1NMB_N_LH|YL32F,0.46632215,0.17691663,3,2
1VFB_AB_C|DB100A,3.005002,0.053922534,3,2
"1VFB_AB_C|DB100A,SC24A",3.369756,1.3905392,3,2
1VFB_AB_C|DB54A,0.8151114,0.32034498,3,2
"1VFB_AB_C|DB54A,TC118A",1.2546439,0.5345449,3,2
1VFB_AB_C|DB58A,-0.20700333,0.62593627,3,2
1VFB_AB_C|DB58E,0.078081094,-0.18777749,3,2
1VFB_AB_C|DB58N,-0.12818155,-0.038221788,3,2
1VFB_AB_C|DC119A,0.9530879,1.5164838,3,2
1VFB_AB_C|DC18A,0.34013057,1.01057,3,2
1VFB_AB_C|EB98A,1.1565572,0.5300735,3,2
1VFB_AB_C|GB31A,0.30646533,0.41554806,3,2
1VFB_AB_C|GB31E,-0.5097613,-0.030105546,3,2
1VFB_AB_C|GB31W,0.0039611305,0.09403326,3,2
1VFB_AB_C|HA30A,0.84488255,0.47262663,3,2
1VFB_AB_C|IC124A,1.2314179,0.55590194,3,2
1VFB_AB_C|KC116A,0.7134504,0.7840117,3,2
1VFB_AB_C|LC129A,0.17154472,0.25134197,3,2
1VFB_AB_C|NA31W,0.17432266,0.75538373,3,2
1VFB_AB_C|NB56A,0.17771798,0.04632705,3,2
1VFB_AB_C|NC19A,0.3960868,0.5064441,3,2
1VFB_AB_C|QC121A,2.876998,0.10201613,3,2
1VFB_AB_C|RB99A,-0.099735305,0.13934067,3,2
1VFB_AB_C|RB99W,0.7049742,-0.0940676,3,2
1VFB_AB_C|RB99Y,1.235379,-0.3096297,3,2
1VFB_AB_C|RC125A,1.8368999,-0.0071018822,3,2
1VFB_AB_C|SA93A,0.34312394,0.3384984,3,2
1VFB_AB_C|SB28D,0.0,-0.18173063,3,2
1VFB_AB_C|SB28E,-0.104007296,-0.30434588,3,2
1VFB_AB_C|SB28N,0.14394745,-0.39999878,3,2
1VFB_AB_C|SB28Q,0.078081094,0.053650692,3,2
1VFB_AB_C|SC24A,0.850965,1.5879337,3,2
1VFB_AB_C|TA52F,0.4708752,-0.1598931,3,2
1VFB_AB_C|TA53R,1.6458516,-0.18440476,3,2
1VFB_AB_C|TB30A,-0.05584954,-0.02420462,3,2
1VFB_AB_C|TC118A,0.7650957,0.32373464,3,2
1VFB_AB_C|VC120A,0.9169499,-0.18620515,3,2
1VFB_AB_C|WA92A,3.037848,0.6352168,3,2
"1VFB_AB_C|WA92A,IC124A",3.8503337,1.076444,3,2
"1VFB_AB_C|WA92A,LC129A",3.3073628,0.8027041,3,2
"1VFB_AB_C|WA92A,QC121A",3.5189366,0.6530431,3,2
"1VFB_AB_C|WA92A,RC125A",3.3932896,0.48914945,3,2
1VFB_AB_C|WB52A,0.6406274,1.4858754,3,2
"1VFB_AB_C|WB52A,DC119A",2.2473724,3.0550146,3,2
1VFB_AB_C|YA32A,1.5281335,1.5178597,3,2
"1VFB_AB_C|YA32A,IC124A",2.9057157,1.9639137,3,2
"1VFB_AB_C|YA32A,QC121A",1.586041,1.2641479,3,2
1VFB_AB_C|YA49A,0.79754156,0.6032262,3,2
1VFB_AB_C|YA50A,0.456086,0.7803881,3,2
"1VFB_AB_C|YA50A,DC119A",1.2314179,2.4347267,3,2
"1VFB_AB_C|YA50A,DC18A",1.265924,1.5141761,3,2
1VFB_AB_C|YA50K,1.7156012,1.4498584,3,2
1VFB_AB_C|YA50R,0.8443241,0.90211457,3,2
1VFB_AB_C|YB101F,1.2695644,1.241198,3,2
"1VFB_AB_C|YB101F,DC119A",2.736521,3.18499,3,2
"1VFB_AB_C|YB101F,VC120A",2.5384777,1.4316112,3,2
1VFB_AB_C|YB32A,0.7916793,0.8278468,3,2
"1VFB_AB_C|YB32A,KC116A",1.586041,0.9676451,3,2
1VFB_AB_C|YB32E,1.9021881,0.586094,3,2
1VFB_AB_C|YC23A,0.41047263,0.99563706,3,2
1XGP_AB_C|AB33F,-4.0,-3.7708151,3,2
1XGP_AB_C|AB33I,-2.260207,-2.3360565,3,2
1XGP_AB_C|AB33L,-2.1988916,-2.3167017,3,2
1XGP_AB_C|AB33V,-1.1525793,-1.1811069,3,2
2JEL_LH_P|AP82S,0.0,0.02258801,3,2
2JEL_LH_P|DP69E,0.9530879,0.75770074,3,2
2JEL_LH_P|EP5D,0.41047263,-0.2541733,3,2
2JEL_LH_P|EP5Q,0.7129768,0.2965585,3,2
2JEL_LH_P|EP68A,0.41047263,0.376362,3,2
2JEL_LH_P|EP75R,2.727121,1.2545713,3,2
2JEL_LH_P|EP83A,0.0,0.36529535,3,2
2JEL_LH_P|EP85A,0.0,0.37082568,3,2
2JEL_LH_P|EP85D,0.0,-0.09200953,3,2
2JEL_LH_P|EP85K,0.0,0.32520974,3,2
2JEL_LH_P|EP85Q,0.0,0.2902769,3,2
2JEL_LH_P|FP2W,2.6191528,1.2806581,3,2
2JEL_LH_P|FP2Y,0.0,-0.49216372,3,2
2JEL_LH_P|HP76A,-0.41047263,0.597402,3,2
2JEL_LH_P|HP76D,-0.65058374,-0.08860714,3,2
2JEL_LH_P|KP24E,0.0,0.6304316,3,2
2JEL_LH_P|KP27E,0.0,0.5401003,3,2
2JEL_LH_P|KP72E,0.41047263,-0.77133936,3,2
2JEL_LH_P|KP72R,0.0,0.10619696,3,2
2JEL_LH_P|KP79E,0.41047263,-0.28855857,3,2
2JEL_LH_P|NP12D,0.0,-0.7049218,3,2
2JEL_LH_P|NP38T,0.0,0.37666336,3,2
2JEL_LH_P|PP11E,0.0,-0.16956064,3,2
2JEL_LH_P|QP3K,4.0,0.10659463,3,2
2JEL_LH_P|QP4K,1.3635606,-0.18715242,3,2
2JEL_LH_P|QP57E,-0.41047263,-0.112582125,3,2
2JEL_LH_P|QP71E,2.727121,0.09443289,3,2
2JEL_LH_P|RP17G,0.0,0.4181466,3,2
2JEL_LH_P|RP17K,0.0,0.08235037,3,2
2JEL_LH_P|SP41C,1.4957032,0.6855956,3,2
2JEL_LH_P|SP43C,0.0,0.33307815,3,2
2JEL_LH_P|SP46C,0.0,0.6690812,3,2
2JEL_LH_P|SP64T,4.0,-0.123074286,3,2
2JEL_LH_P|TP34Q,0.0,0.6011792,3,2
2JEL_LH_P|TP36Q,0.41047263,-0.0146497,3,2
2JEL_LH_P|TP62A,0.0,0.8713245,3,2
2JEL_LH_P|TP62N,0.0,0.93467504,3,2
2JEL_LH_P|TP7N,0.41047263,0.74667937,3,2
2JEL_LH_P|TP7S,0.0,0.5567629,3,2
2JEL_LH_P|VP6F,0.0,-0.098539434,3,2
"2NY7_HL_G|CG27I,CG226Q",0.19971907,-1.6102508,3,2
"2NY7_HL_G|CG27I,CG226Q,MG231A",0.20319231,-1.3091345,3,2
"2NY7_HL_G|GG229C,MG231A",-0.37879732,-0.0690656,3,2
"2NY7_HL_G|GG229C,WG13M,MG231A,CG14W,CG110V,CG27I,CG226Q",0.21462485,-2.7001646,3,2
"2NY7_HL_G|KG66C,EG102C,CG27I,CG226Q",0.04085667,-1.0971417,3,2
"2NY7_HL_G|KG66C,EG102C,WG13M,MG231A,CG14W,CG110V,CG27I,CG226Q",0.3998023,-1.9300907,3,2
"2NY7_HL_G|KG66C,EG103C,WG13M,MG231A,CG14W,CG110V,CG27I,CG226Q",0.29989544,-2.0474584,3,2
"2NY7_HL_G|WG13M,MG231A,CG14W,CG110V",1.1574335,-0.8185494,3,2
"2NY7_HL_G|WG13M,MG231A,CG14W,CG110V,CG27I,CG226Q",0.44904727,-2.0950115,3,2
"2NY7_HL_G|WG13M,MG231A,CG14W,CG110V,KG66C,EG102C",0.55101526,-0.35885692,3,2
"2NY7_HL_G|WG13M,SG92T,WG181S,MG231A,CG14W,CG110V,CG27I,CG226Q",-0.3035898,-2.4367971,3,2
3BN9_B_CD|DB214A,0.5662115,0.9579549,3,2
3BN9_B_CD|DB46A,0.42238826,0.8618262,3,2
3BN9_B_CD|DB47A,0.31110755,0.24890134,3,2
3BN9_B_CD|EB163A,0.37321588,0.19986865,3,2
3BN9_B_CD|FB50A,-0.044997852,0.6258399,3,2
3BN9_B_CD|FB89A,0.6392419,1.6533265,3,2
3BN9_B_CD|HB138A,0.085063316,0.42058864,3,2
3BN9_B_CD|IB26A,0.0,0.7178733,3,2
3BN9_B_CD|IB45A,0.8352155,0.41062754,3,2
3BN9_B_CD|KB221A,0.7849689,0.6926815,3,2
3BN9_B_CD|LB147A,0.33619216,0.038886677,3,2
3BN9_B_CD|NB90A,0.7733444,0.7714359,3,2
3BN9_B_CD|PD104H,2.4272547,-0.7397865,3,2
3BN9_B_CD|QB140A,0.1331048,-0.15247571,3,2
3BN9_B_CD|QB168A,-0.03469869,-0.49974728,3,2
3BN9_B_CD|QB169A,2.5089848,0.81049335,3,2
3BN9_B_CD|QB218A,0.70571065,0.09951884,3,2
3BN9_B_CD|QB23A,-0.41530684,0.089995384,3,2
3BN9_B_CD|QD105V,1.2241027,-0.07082608,3,2
3BN9_B_CD|RB219A,-0.093698174,-0.72866255,3,2
3BN9_B_CD|RB48A,-0.044997852,-0.4074264,3,2
3BN9_B_CD|RB51A,-0.07155777,-0.27317405,3,2
3BN9_B_CD|RB82A,-0.15923285,0.0046075564,3,2
3BN9_B_CD|SD30G,1.1861069,0.3681722,3,2
3BN9_B_CD|SD30N,1.145505,0.74006325,3,2
3BN9_B_CD|TB144A,0.2908351,0.19279242,3,2
3BN9_B_CD|TB93A,1.1320528,0.8084923,3,2
3BN9_B_CD|TD102Q,-0.02153644,-0.40101302,3,2
3BN9_B_CD|TD102R,-0.058294915,-0.6604445,3,2
3BN9_B_CD|TD28R,0.33290586,0.18682146,3,2
3BN9_B_CD|YB141A,1.0846525,1.0463482,3,2
3BN9_B_CD|YB52A,0.018951595,0.47351623,3,2
3BN9_B_CD|YD103S,0.45868576,1.2281755,3,2
4GXU_ABCDEF_MN|DA189E,2.1650882,2.065213,3,2
"4GXU_ABCDEF_MN|DA189E,DA224G",3.0102077,2.8505979,3,2
4GXU_ABCDEF_MN|DA224G,1.9608781,0.8153101,3,2
"1CZ8_HL_VW|LL4M,DH28T,HH31N,YH101H,TH105S",2.939849,1.743783,3,3
1KIR_AB_C|SA50Y,-1.3870943,-1.0456039,3,3
1MLC_AB_E|KB65D,0.018548755,-0.7256113,3,3
1MLC_AB_E|NA32G,-0.8773867,0.52891773,3,3
"1MLC_AB_E|NA32G,NA92A",-0.6866531,-0.08138262,3,3
"1MLC_AB_E|NA32G,NA92A,SB57V,TB58D",-1.7349738,-0.97497654,3,3
1MLC_AB_E|NA32Y,0.0,-0.65953517,3,3
1MLC_AB_E|NA92A,-1.2533532,-0.2117393,3,3
"1MLC_AB_E|NA92A,SB57V,TB58D",-2.394188,-0.9433243,3,3
"1MLC_AB_E|NA92A,TB28D,SB57V,TB58D",-2.5813644,-1.3710165,3,3
"1MLC_AB_E|NA92A,TB28D,SB57V,TB58D,EB35S,GB99D",-2.9539242,-2.5349731,3,3
"1MLC_AB_E|NA92A,TB28D,SB57V,TB58D,GB99D",-0.20357698,-1.8546958,3,3
"1MLC_AB_E|NA92A,TB28D,SB57V,TB58D,NA32L",-2.5843081,-1.5356531,3,3
"1MLC_AB_E|NA92A,TB28D,SB57V,TB58D,RB98M,DB100Q",-0.41047263,-1.5005438,3,3
"1MLC_AB_E|NA92A,TB28D,SB57V,TB58D,SA91N,SA93A",-1.6104395,-1.0950397,3,3
"1MLC_AB_E|NA92A,TB28D,SB57V,TB58D,SB30G",-2.3584673,-1.3601797,3,3
"1MLC_AB_E|NA92A,TB28D,SB57V,TB58D,YB32W,RB98V,DB100Q",0.36138764,-1.0898894,3,3
"1MLC_AB_E|NA92A,TB28D,SB57V,TB58D,YB59E",-1.4661698,-0.45098203,3,3
1MLC_AB_E|SB57A,-0.37902167,0.09289015,3,3
1MLC_AB_E|SB57V,-0.49418068,-0.22250599,3,3
"1MLC_AB_E|SB57V,TB58D",-0.9877286,-0.6702817,3,3
1MLC_AB_E|TB28D,-0.15094383,-0.8006861,3,3
1MLC_AB_E|TB31A,0.44700673,0.39781344,3,3
1MLC_AB_E|TB31V,0.5262404,0.1868571,3,3
1MLC_AB_E|TB31W,0.13214268,-0.180363,3,3
1MLC_AB_E|TB58D,-0.55968237,-0.70471066,3,3
1NCA_N_LH|DH101K,0.71416,1.4066343,3,3
1NCA_N_LH|EH100D,0.41047263,0.32380068,3,3
1NCA_N_LH|NH102Q,0.5426153,0.18425453,3,3
1NCA_N_LH|NH31Q,0.0,-0.25034603,3,3
1NMB_N_LH|DH57E,2.9536283,0.13287732,3,3
1NMB_N_LH|DH57N,2.9536283,0.3154597,3,3
1NMB_N_LH|LL94V,0.9000208,-0.5166759,3,3
1NMB_N_LH|TL93F,-0.023903161,-0.17955697,3,3
1NMB_N_LH|TL93W,0.18419003,-0.6699121,3,3
1NMB_N_LH|YH103A,2.14062,0.8038183,3,3
1NMB_N_LH|YH105F,1.4194101,0.86338425,3,3
1NMB_N_LH|YL32F,0.46632215,0.9132015,3,3
1VFB_AB_C|DB100A,3.005002,2.7765625,3,3
"1VFB_AB_C|DB100A,SC24A",3.369756,4.5489726,3,3
1VFB_AB_C|DB54A,0.8151114,3.0938368,3,3
"1VFB_AB_C|DB54A,TC118A",1.2546439,1.4663036,3,3
1VFB_AB_C|DB58A,-0.20700333,1.346653,3,3
1VFB_AB_C|DB58E,0.078081094,0.20517686,3,3
1VFB_AB_C|DB58N,-0.12818155,0.4385616,3,3
1VFB_AB_C|DC119A,0.9530879,1.3617401,3,3
1VFB_AB_C|DC18A,0.34013057,1.3646559,3,3
1VFB_AB_C|EB98A,1.1565572,3.2283428,3,3
1VFB_AB_C|GB31A,0.30646533,0.5318067,3,3
1VFB_AB_C|GB31E,-0.5097613,-0.1714508,3,3
1VFB_AB_C|GB31W,0.0039611305,-0.12077175,3,3
1VFB_AB_C|HA30A,0.84488255,0.622254,3,3
1VFB_AB_C|IC124A,1.2314179,0.016540043,3,3
1VFB_AB_C|KC116A,0.7134504,0.19319203,3,3
1VFB_AB_C|LC129A,0.17154472,0.39003456,3,3
1VFB_AB_C|NA31W,0.17432266,0.36543673,3,3
1VFB_AB_C|NB56A,0.17771798,0.50131476,3,3
1VFB_AB_C|NC19A,0.3960868,0.89902145,3,3
1VFB_AB_C|QC121A,2.876998,0.2609114,3,3
1VFB_AB_C|RB99A,-0.099735305,1.5382242,3,3
1VFB_AB_C|RB99W,0.7049742,0.010141104,3,3
1VFB_AB_C|RB99Y,1.235379,-0.34275413,3,3
1VFB_AB_C|RC125A,1.8368999,0.11399422,3,3
1VFB_AB_C|SA93A,0.34312394,0.48233497,3,3
1VFB_AB_C|SB28D,0.0,-0.4726861,3,3
1VFB_AB_C|SB28E,-0.104007296,-0.37580413,3,3
1VFB_AB_C|SB28N,0.14394745,-0.3302558,3,3
1VFB_AB_C|SB28Q,0.078081094,-0.26641414,3,3
1VFB_AB_C|SC24A,0.850965,2.0891676,3,3
1VFB_AB_C|TA52F,0.4708752,-0.54210424,3,3
1VFB_AB_C|TA53R,1.6458516,-0.40234664,3,3
1VFB_AB_C|TB30A,-0.05584954,0.030693486,3,3
1VFB_AB_C|TC118A,0.7650957,0.19161868,3,3
1VFB_AB_C|VC120A,0.9169499,0.07986028,3,3
1VFB_AB_C|WA92A,3.037848,0.6706526,3,3
"1VFB_AB_C|WA92A,IC124A",3.8503337,0.3538108,3,3
"1VFB_AB_C|WA92A,LC129A",3.3073628,1.0772588,3,3
"1VFB_AB_C|WA92A,QC121A",3.5189366,1.0706767,3,3
"1VFB_AB_C|WA92A,RC125A",3.3932896,0.758239,3,3
1VFB_AB_C|WB52A,0.6406274,3.3993335,3,3
"1VFB_AB_C|WB52A,DC119A",2.2473724,3.7929747,3,3
1VFB_AB_C|YA32A,1.5281335,2.2688916,3,3
"1VFB_AB_C|YA32A,IC124A",2.9057157,1.3173975,3,3
"1VFB_AB_C|YA32A,QC121A",1.586041,1.1256956,3,3
1VFB_AB_C|YA49A,0.79754156,0.59717727,3,3
1VFB_AB_C|YA50A,0.456086,1.7823715,3,3
"1VFB_AB_C|YA50A,DC119A",1.2314179,2.676437,3,3
"1VFB_AB_C|YA50A,DC18A",1.265924,2.7944322,3,3
1VFB_AB_C|YA50K,1.7156012,1.6909218,3,3
1VFB_AB_C|YA50R,0.8443241,1.2540286,3,3
1VFB_AB_C|YB101F,1.2695644,2.01581,3,3
"1VFB_AB_C|YB101F,DC119A",2.736521,3.1409352,3,3
"1VFB_AB_C|YB101F,VC120A",2.5384777,1.9709965,3,3
1VFB_AB_C|YB32A,0.7916793,1.0561434,3,3
"1VFB_AB_C|YB32A,KC116A",1.586041,0.2010515,3,3
1VFB_AB_C|YB32E,1.9021881,0.39126757,3,3
1VFB_AB_C|YC23A,0.41047263,1.313815,3,3
1XGP_AB_C|AB33F,-4.0,-2.7400813,3,3
1XGP_AB_C|AB33I,-2.260207,-1.8708323,3,3
1XGP_AB_C|AB33L,-2.1988916,-1.6797533,3,3
1XGP_AB_C|AB33V,-1.1525793,-1.1478351,3,3
2JEL_LH_P|AP82S,0.0,0.055869482,3,3
2JEL_LH_P|DP69E,0.9530879,1.7223871,3,3
2JEL_LH_P|EP5D,0.41047263,-0.5097133,3,3
2JEL_LH_P|EP5Q,0.7129768,0.09801761,3,3
2JEL_LH_P|EP68A,0.41047263,0.25271824,3,3
2JEL_LH_P|EP75R,2.727121,0.24436805,3,3
2JEL_LH_P|EP83A,0.0,0.5812834,3,3
2JEL_LH_P|EP85A,0.0,0.3242488,3,3
2JEL_LH_P|EP85D,0.0,-0.20235825,3,3
2JEL_LH_P|EP85K,0.0,-0.1629085,3,3
2JEL_LH_P|EP85Q,0.0,0.027121395,3,3
2JEL_LH_P|FP2W,2.6191528,2.1047225,3,3
2JEL_LH_P|FP2Y,0.0,-0.083256654,3,3
2JEL_LH_P|HP76A,-0.41047263,0.81887144,3,3
2JEL_LH_P|HP76D,-0.65058374,-0.21724907,3,3
2JEL_LH_P|KP24E,0.0,0.35104752,3,3
2JEL_LH_P|KP27E,0.0,0.9185,3,3
2JEL_LH_P|KP72E,0.41047263,-0.1491195,3,3
2JEL_LH_P|KP72R,0.0,0.15028536,3,3
2JEL_LH_P|KP79E,0.41047263,0.21473455,3,3
2JEL_LH_P|NP12D,0.0,-0.46355087,3,3
2JEL_LH_P|NP38T,0.0,0.10425622,3,3
2JEL_LH_P|PP11E,0.0,-0.046467192,3,3
2JEL_LH_P|QP3K,4.0,-0.038825475,3,3
2JEL_LH_P|QP4K,1.3635606,-0.027688129,3,3
2JEL_LH_P|QP57E,-0.41047263,0.3567937,3,3
2JEL_LH_P|QP71E,2.727121,0.14195162,3,3
2JEL_LH_P|RP17G,0.0,-0.0149130225,3,3
2JEL_LH_P|RP17K,0.0,-0.017369248,3,3
2JEL_LH_P|SP41C,1.4957032,0.1383959,3,3
2JEL_LH_P|SP43C,0.0,0.646879,3,3
2JEL_LH_P|SP46C,0.0,0.63261664,3,3
2JEL_LH_P|SP64T,4.0,0.7058688,3,3
2JEL_LH_P|TP34Q,0.0,0.8800129,3,3
2JEL_LH_P|TP36Q,0.41047263,0.22777301,3,3
2JEL_LH_P|TP62A,0.0,0.19181097,3,3
2JEL_LH_P|TP62N,0.0,0.9865473,3,3
2JEL_LH_P|TP7N,0.41047263,0.52592313,3,3
2JEL_LH_P|TP7S,0.0,-0.06330361,3,3
2JEL_LH_P|VP6F,0.0,-0.6242657,3,3
"2NY7_HL_G|CG27I,CG226Q",0.19971907,-0.5641976,3,3
"2NY7_HL_G|CG27I,CG226Q,MG231A",0.20319231,-0.81247205,3,3
"2NY7_HL_G|GG229C,MG231A",-0.37879732,0.3349336,3,3
"2NY7_HL_G|GG229C,WG13M,MG231A,CG14W,CG110V,CG27I,CG226Q",0.21462485,-2.3063748,3,3
"2NY7_HL_G|KG66C,EG102C,CG27I,CG226Q",0.04085667,-1.2320058,3,3
"2NY7_HL_G|KG66C,EG102C,WG13M,MG231A,CG14W,CG110V,CG27I,CG226Q",0.3998023,-2.1401637,3,3
"2NY7_HL_G|KG66C,EG103C,WG13M,MG231A,CG14W,CG110V,CG27I,CG226Q",0.29989544,-2.153295,3,3
"2NY7_HL_G|WG13M,MG231A,CG14W,CG110V",1.1574335,-0.8134575,3,3
"2NY7_HL_G|WG13M,MG231A,CG14W,CG110V,CG27I,CG226Q",0.44904727,-1.7669235,3,3
"2NY7_HL_G|WG13M,MG231A,CG14W,CG110V,KG66C,EG102C",0.55101526,-0.8827972,3,3
"2NY7_HL_G|WG13M,SG92T,WG181S,MG231A,CG14W,CG110V,CG27I,CG226Q",-0.3035898,-2.7517424,3,3
3BN9_B_CD|DB214A,0.5662115,1.2836288,3,3
3BN9_B_CD|DB46A,0.42238826,1.005757,3,3
3BN9_B_CD|DB47A,0.31110755,0.12534106,3,3
3BN9_B_CD|EB163A,0.37321588,-0.20303205,3,3
3BN9_B_CD|FB50A,-0.044997852,0.5785916,3,3
3BN9_B_CD|FB89A,0.6392419,1.6254214,3,3
3BN9_B_CD|HB138A,0.085063316,1.0914938,3,3
3BN9_B_CD|IB26A,0.0,0.16097698,3,3
3BN9_B_CD|IB45A,0.8352155,0.0495278,3,3
3BN9_B_CD|KB221A,0.7849689,0.7459354,3,3
3BN9_B_CD|LB147A,0.33619216,-0.0050090663,3,3
3BN9_B_CD|NB90A,0.7733444,0.1073895,3,3
3BN9_B_CD|PD104H,2.4272547,-0.3998882,3,3
3BN9_B_CD|QB140A,0.1331048,0.47459114,3,3
3BN9_B_CD|QB168A,-0.03469869,-0.16613698,3,3
3BN9_B_CD|QB169A,2.5089848,0.41146517,3,3
3BN9_B_CD|QB218A,0.70571065,0.17150342,3,3
3BN9_B_CD|QB23A,-0.41530684,0.10604767,3,3
3BN9_B_CD|QD105V,1.2241027,-0.06827263,3,3
3BN9_B_CD|RB219A,-0.093698174,0.0824594,3,3
3BN9_B_CD|RB48A,-0.044997852,0.29397607,3,3
3BN9_B_CD|RB51A,-0.07155777,0.1577797,3,3
3BN9_B_CD|RB82A,-0.15923285,0.27079058,3,3
3BN9_B_CD|SD30G,1.1861069,0.4408074,3,3
3BN9_B_CD|SD30N,1.145505,0.40004548,3,3
3BN9_B_CD|TB144A,0.2908351,-0.17385569,3,3
3BN9_B_CD|TB93A,1.1320528,1.118877,3,3
3BN9_B_CD|TD102Q,-0.02153644,-0.13266543,3,3
3BN9_B_CD|TD102R,-0.058294915,-0.32757637,3,3
3BN9_B_CD|TD28R,0.33290586,-0.33211425,3,3
3BN9_B_CD|YB141A,1.0846525,1.7555511,3,3
3BN9_B_CD|YB52A,0.018951595,0.6627184,3,3
3BN9_B_CD|YD103S,0.45868576,1.1383764,3,3
4GXU_ABCDEF_MN|DA189E,2.1650882,3.6244361,3,3
"4GXU_ABCDEF_MN|DA189E,DA224G",3.0102077,4.357853,3,3
4GXU_ABCDEF_MN|DA224G,1.9608781,1.2874577,3,3
"1CZ8_HL_VW|LL4M,DH28T,HH31N,YH101H,TH105S",2.939849,0.9648485,3,4
1KIR_AB_C|SA50Y,-1.3870943,-0.6206796,3,4
1MLC_AB_E|KB65D,0.018548755,-0.29803813,3,4
1MLC_AB_E|NA32G,-0.8773867,-0.18653631,3,4
"1MLC_AB_E|NA32G,NA92A",-0.6866531,0.0132648945,3,4
"1MLC_AB_E|NA32G,NA92A,SB57V,TB58D",-1.7349738,-0.95450777,3,4
1MLC_AB_E|NA32Y,0.0,-0.5296499,3,4
1MLC_AB_E|NA92A,-1.2533532,0.37776572,3,4
"1MLC_AB_E|NA92A,SB57V,TB58D",-2.394188,-0.5098568,3,4
"1MLC_AB_E|NA92A,TB28D,SB57V,TB58D",-2.5813644,-0.8173576,3,4
"1MLC_AB_E|NA92A,TB28D,SB57V,TB58D,EB35S,GB99D",-2.9539242,-1.6389837,3,4
"1MLC_AB_E|NA92A,TB28D,SB57V,TB58D,GB99D",-0.20357698,-1.07811,3,4
"1MLC_AB_E|NA92A,TB28D,SB57V,TB58D,NA32L",-2.5843081,-0.94942874,3,4
"1MLC_AB_E|NA92A,TB28D,SB57V,TB58D,RB98M,DB100Q",-0.41047263,-0.3576855,3,4
"1MLC_AB_E|NA92A,TB28D,SB57V,TB58D,SA91N,SA93A",-1.6104395,-0.9810402,3,4
"1MLC_AB_E|NA92A,TB28D,SB57V,TB58D,SB30G",-2.3584673,-1.0207014,3,4
"1MLC_AB_E|NA92A,TB28D,SB57V,TB58D,YB32W,RB98V,DB100Q",0.36138764,-0.3788613,3,4
"1MLC_AB_E|NA92A,TB28D,SB57V,TB58D,YB59E",-1.4661698,-0.5718408,3,4
1MLC_AB_E|SB57A,-0.37902167,0.19924633,3,4
1MLC_AB_E|SB57V,-0.49418068,-0.1639801,3,4
"1MLC_AB_E|SB57V,TB58D",-0.9877286,-0.8076147,3,4
1MLC_AB_E|TB28D,-0.15094383,-0.29564446,3,4
1MLC_AB_E|TB31A,0.44700673,0.36080143,3,4
1MLC_AB_E|TB31V,0.5262404,0.13762048,3,4
1MLC_AB_E|TB31W,0.13214268,-0.29226437,3,4
1MLC_AB_E|TB58D,-0.55968237,-0.7104253,3,4
1NCA_N_LH|DH101K,0.71416,1.4325881,3,4
1NCA_N_LH|EH100D,0.41047263,-0.004643142,3,4
1NCA_N_LH|NH102Q,0.5426153,0.58264065,3,4
1NCA_N_LH|NH31Q,0.0,0.5074382,3,4
1NMB_N_LH|DH57E,2.9536283,0.4187495,3,4
1NMB_N_LH|DH57N,2.9536283,0.24883519,3,4
1NMB_N_LH|LL94V,0.9000208,-0.48266292,3,4
1NMB_N_LH|TL93F,-0.023903161,-0.49768,3,4
1NMB_N_LH|TL93W,0.18419003,-0.76085806,3,4
1NMB_N_LH|YH103A,2.14062,0.4255729,3,4
1NMB_N_LH|YH105F,1.4194101,0.76552486,3,4
1NMB_N_LH|YL32F,0.46632215,0.614097,3,4
1VFB_AB_C|DB100A,3.005002,2.1366613,3,4
"1VFB_AB_C|DB100A,SC24A",3.369756,5.123031,3,4
1VFB_AB_C|DB54A,0.8151114,2.2806687,3,4
"1VFB_AB_C|DB54A,TC118A",1.2546439,1.2951596,3,4
1VFB_AB_C|DB58A,-0.20700333,0.90969956,3,4
1VFB_AB_C|DB58E,0.078081094,0.13592611,3,4
1VFB_AB_C|DB58N,-0.12818155,0.15096188,3,4
1VFB_AB_C|DC119A,0.9530879,2.2866912,3,4
1VFB_AB_C|DC18A,0.34013057,1.7040229,3,4
1VFB_AB_C|EB98A,1.1565572,2.0865252,3,4
1VFB_AB_C|GB31A,0.30646533,1.1782155,3,4
1VFB_AB_C|GB31E,-0.5097613,0.66215587,3,4
1VFB_AB_C|GB31W,0.0039611305,0.58954686,3,4
1VFB_AB_C|HA30A,0.84488255,0.40198386,3,4
1VFB_AB_C|IC124A,1.2314179,0.40462932,3,4
1VFB_AB_C|KC116A,0.7134504,1.0796247,3,4
1VFB_AB_C|LC129A,0.17154472,0.8562913,3,4
1VFB_AB_C|NA31W,0.17432266,0.5593759,3,4
1VFB_AB_C|NB56A,0.17771798,0.85462207,3,4
1VFB_AB_C|NC19A,0.3960868,0.7420188,3,4
1VFB_AB_C|QC121A,2.876998,0.49752897,3,4
1VFB_AB_C|RB99A,-0.099735305,1.1443725,3,4
1VFB_AB_C|RB99W,0.7049742,-0.09216778,3,4
1VFB_AB_C|RB99Y,1.235379,-0.30584955,3,4
1VFB_AB_C|RC125A,1.8368999,0.53220445,3,4
1VFB_AB_C|SA93A,0.34312394,0.4014026,3,4
1VFB_AB_C|SB28D,0.0,-0.08679411,3,4
1VFB_AB_C|SB28E,-0.104007296,0.05186113,3,4
1VFB_AB_C|SB28N,0.14394745,-0.18670362,3,4
1VFB_AB_C|SB28Q,0.078081094,0.39662498,3,4
1VFB_AB_C|SC24A,0.850965,2.576978,3,4
1VFB_AB_C|TA52F,0.4708752,-0.7404359,3,4
1VFB_AB_C|TA53R,1.6458516,-0.3690225,3,4
1VFB_AB_C|TB30A,-0.05584954,0.120881975,3,4
1VFB_AB_C|TC118A,0.7650957,0.12426748,3,4
1VFB_AB_C|VC120A,0.9169499,0.6592752,3,4
1VFB_AB_C|WA92A,3.037848,1.1947663,3,4
"1VFB_AB_C|WA92A,IC124A",3.8503337,1.0063682,3,4
"1VFB_AB_C|WA92A,LC129A",3.3073628,1.4981868,3,4
"1VFB_AB_C|WA92A,QC121A",3.5189366,1.0613954,3,4
"1VFB_AB_C|WA92A,RC125A",3.3932896,1.2831476,3,4
1VFB_AB_C|WB52A,0.6406274,3.166691,3,4
"1VFB_AB_C|WB52A,DC119A",2.2473724,5.001513,3,4
1VFB_AB_C|YA32A,1.5281335,1.7039883,3,4
"1VFB_AB_C|YA32A,IC124A",2.9057157,1.1864457,3,4
"1VFB_AB_C|YA32A,QC121A",1.586041,1.4262302,3,4
1VFB_AB_C|YA49A,0.79754156,0.97203416,3,4
1VFB_AB_C|YA50A,0.456086,1.3313856,3,4
"1VFB_AB_C|YA50A,DC119A",1.2314179,3.277446,3,4
"1VFB_AB_C|YA50A,DC18A",1.265924,2.4654987,3,4
1VFB_AB_C|YA50K,1.7156012,1.5777767,3,4
1VFB_AB_C|YA50R,0.8443241,1.3600829,3,4
1VFB_AB_C|YB101F,1.2695644,0.9774171,3,4
"1VFB_AB_C|YB101F,DC119A",2.736521,3.4247181,3,4
"1VFB_AB_C|YB101F,VC120A",2.5384777,1.6298473,3,4
1VFB_AB_C|YB32A,0.7916793,1.0612897,3,4
"1VFB_AB_C|YB32A,KC116A",1.586041,1.7336233,3,4
1VFB_AB_C|YB32E,1.9021881,0.7098287,3,4
1VFB_AB_C|YC23A,0.41047263,1.1811097,3,4
1XGP_AB_C|AB33F,-4.0,-3.2791767,3,4
1XGP_AB_C|AB33I,-2.260207,-1.8220081,3,4
1XGP_AB_C|AB33L,-2.1988916,-1.7570422,3,4
1XGP_AB_C|AB33V,-1.1525793,-0.98029596,3,4
2JEL_LH_P|AP82S,0.0,0.14600258,3,4
2JEL_LH_P|DP69E,0.9530879,2.088284,3,4
2JEL_LH_P|EP5D,0.41047263,-0.32725844,3,4
2JEL_LH_P|EP5Q,0.7129768,0.28597313,3,4
2JEL_LH_P|EP68A,0.41047263,1.351022,3,4
2JEL_LH_P|EP75R,2.727121,0.5361432,3,4
2JEL_LH_P|EP83A,0.0,0.46889177,3,4
2JEL_LH_P|EP85A,0.0,0.06373072,3,4
2JEL_LH_P|EP85D,0.0,-0.13299324,3,4
2JEL_LH_P|EP85K,0.0,0.075448826,3,4
2JEL_LH_P|EP85Q,0.0,0.16701052,3,4
2JEL_LH_P|FP2W,2.6191528,1.8023744,3,4
2JEL_LH_P|FP2Y,0.0,-0.74782234,3,4
2JEL_LH_P|HP76A,-0.41047263,0.71426654,3,4
2JEL_LH_P|HP76D,-0.65058374,0.21988098,3,4
2JEL_LH_P|KP24E,0.0,0.7001491,3,4
2JEL_LH_P|KP27E,0.0,0.55554175,3,4
2JEL_LH_P|KP72E,0.41047263,0.10262209,3,4
2JEL_LH_P|KP72R,0.0,0.19773787,3,4
2JEL_LH_P|KP79E,0.41047263,0.5965548,3,4
2JEL_LH_P|NP12D,0.0,-0.35941976,3,4
2JEL_LH_P|NP38T,0.0,1.2429872,3,4
2JEL_LH_P|PP11E,0.0,1.7910838,3,4
2JEL_LH_P|QP3K,4.0,-0.36903232,3,4
2JEL_LH_P|QP4K,1.3635606,-0.3745795,3,4
2JEL_LH_P|QP57E,-0.41047263,0.057509877,3,4
2JEL_LH_P|QP71E,2.727121,0.19883868,3,4
2JEL_LH_P|RP17G,0.0,0.3745129,3,4
2JEL_LH_P|RP17K,0.0,0.24479696,3,4
2JEL_LH_P|SP41C,1.4957032,0.64115345,3,4
2JEL_LH_P|SP43C,0.0,0.5935208,3,4
2JEL_LH_P|SP46C,0.0,0.99910945,3,4
2JEL_LH_P|SP64T,4.0,-0.12492338,3,4
2JEL_LH_P|TP34Q,0.0,0.7992472,3,4
2JEL_LH_P|TP36Q,0.41047263,0.021179073,3,4
2JEL_LH_P|TP62A,0.0,1.0885644,3,4
2JEL_LH_P|TP62N,0.0,1.1556065,3,4
2JEL_LH_P|TP7N,0.41047263,0.823943,3,4
2JEL_LH_P|TP7S,0.0,0.66987723,3,4
2JEL_LH_P|VP6F,0.0,-0.21832108,3,4
"2NY7_HL_G|CG27I,CG226Q",0.19971907,-1.3482075,3,4
"2NY7_HL_G|CG27I,CG226Q,MG231A",0.20319231,-1.2529602,3,4
"2NY7_HL_G|GG229C,MG231A",-0.37879732,0.06519069,3,4
"2NY7_HL_G|GG229C,WG13M,MG231A,CG14W,CG110V,CG27I,CG226Q",0.21462485,-2.4454873,3,4
"2NY7_HL_G|KG66C,EG102C,CG27I,CG226Q",0.04085667,-0.73019105,3,4
"2NY7_HL_G|KG66C,EG102C,WG13M,MG231A,CG14W,CG110V,CG27I,CG226Q",0.3998023,-1.6049623,3,4
"2NY7_HL_G|KG66C,EG103C,WG13M,MG231A,CG14W,CG110V,CG27I,CG226Q",0.29989544,-1.7363422,3,4
"2NY7_HL_G|WG13M,MG231A,CG14W,CG110V",1.1574335,-0.8978786,3,4
"2NY7_HL_G|WG13M,MG231A,CG14W,CG110V,CG27I,CG226Q",0.44904727,-2.008961,3,4
"2NY7_HL_G|WG13M,MG231A,CG14W,CG110V,KG66C,EG102C",0.55101526,-0.5614134,3,4
"2NY7_HL_G|WG13M,SG92T,WG181S,MG231A,CG14W,CG110V,CG27I,CG226Q",-0.3035898,-2.8309717,3,4
3BN9_B_CD|DB214A,0.5662115,1.1672142,3,4
3BN9_B_CD|DB46A,0.42238826,1.0357702,3,4
3BN9_B_CD|DB47A,0.31110755,0.525369,3,4
3BN9_B_CD|EB163A,0.37321588,-0.04500787,3,4
3BN9_B_CD|FB50A,-0.044997852,0.5508072,3,4
3BN9_B_CD|FB89A,0.6392419,2.23911,3,4
3BN9_B_CD|HB138A,0.085063316,1.4019461,3,4
3BN9_B_CD|IB26A,0.0,0.5928253,3,4
3BN9_B_CD|IB45A,0.8352155,0.18319319,3,4
3BN9_B_CD|KB221A,0.7849689,0.58903766,3,4
3BN9_B_CD|LB147A,0.33619216,0.025521435,3,4
3BN9_B_CD|NB90A,0.7733444,0.8469982,3,4
3BN9_B_CD|PD104H,2.4272547,-0.48378062,3,4
3BN9_B_CD|QB140A,0.1331048,0.23882538,3,4
3BN9_B_CD|QB168A,-0.03469869,-0.36499614,3,4
3BN9_B_CD|QB169A,2.5089848,0.2987374,3,4
3BN9_B_CD|QB218A,0.70571065,0.17241457,3,4
3BN9_B_CD|QB23A,-0.41530684,-0.037081808,3,4
3BN9_B_CD|QD105V,1.2241027,0.023126513,3,4
3BN9_B_CD|RB219A,-0.093698174,0.07545483,3,4
3BN9_B_CD|RB48A,-0.044997852,0.23012793,3,4
3BN9_B_CD|RB51A,-0.07155777,0.15900473,3,4
3BN9_B_CD|RB82A,-0.15923285,0.41625443,3,4
3BN9_B_CD|SD30G,1.1861069,0.3799606,3,4
3BN9_B_CD|SD30N,1.145505,0.35830498,3,4
3BN9_B_CD|TB144A,0.2908351,0.07729851,3,4
3BN9_B_CD|TB93A,1.1320528,1.0251529,3,4
3BN9_B_CD|TD102Q,-0.02153644,0.056685586,3,4
3BN9_B_CD|TD102R,-0.058294915,-0.27833658,3,4
3BN9_B_CD|TD28R,0.33290586,0.23138799,3,4
3BN9_B_CD|YB141A,1.0846525,1.7478468,3,4
3BN9_B_CD|YB52A,0.018951595,0.5720939,3,4
3BN9_B_CD|YD103S,0.45868576,0.6439358,3,4
4GXU_ABCDEF_MN|DA189E,2.1650882,1.9042747,3,4
"4GXU_ABCDEF_MN|DA189E,DA224G",3.0102077,2.7302902,3,4
4GXU_ABCDEF_MN|DA224G,1.9608781,1.1629236,3,4
"1CZ8_HL_VW|LL4M,DH28T,HH31N,YH101H,TH105S",2.939849,1.7517481,3,5
1KIR_AB_C|SA50Y,-1.3870943,-0.5800823,3,5
1MLC_AB_E|KB65D,0.018548755,-0.3757319,3,5
1MLC_AB_E|NA32G,-0.8773867,0.7335166,3,5
"1MLC_AB_E|NA32G,NA92A",-0.6866531,0.070084944,3,5
"1MLC_AB_E|NA32G,NA92A,SB57V,TB58D",-1.7349738,-0.6826424,3,5
1MLC_AB_E|NA32Y,0.0,-0.7413191,3,5
1MLC_AB_E|NA92A,-1.2533532,-0.24244832,3,5
"1MLC_AB_E|NA92A,SB57V,TB58D",-2.394188,-0.6833347,3,5
"1MLC_AB_E|NA92A,TB28D,SB57V,TB58D",-2.5813644,-0.68937194,3,5
"1MLC_AB_E|NA92A,TB28D,SB57V,TB58D,EB35S,GB99D",-2.9539242,-1.8485718,3,5
"1MLC_AB_E|NA92A,TB28D,SB57V,TB58D,GB99D",-0.20357698,-1.4965851,3,5
"1MLC_AB_E|NA92A,TB28D,SB57V,TB58D,NA32L",-2.5843081,-0.8499366,3,5
"1MLC_AB_E|NA92A,TB28D,SB57V,TB58D,RB98M,DB100Q",-0.41047263,-0.18995298,3,5
"1MLC_AB_E|NA92A,TB28D,SB57V,TB58D,SA91N,SA93A",-1.6104395,-0.1237236,3,5
"1MLC_AB_E|NA92A,TB28D,SB57V,TB58D,SB30G",-2.3584673,-0.19538112,3,5
"1MLC_AB_E|NA92A,TB28D,SB57V,TB58D,YB32W,RB98V,DB100Q",0.36138764,0.565689,3,5
"1MLC_AB_E|NA92A,TB28D,SB57V,TB58D,YB59E",-1.4661698,-0.08709195,3,5
1MLC_AB_E|SB57A,-0.37902167,0.011859067,3,5
1MLC_AB_E|SB57V,-0.49418068,-0.36523598,3,5
"1MLC_AB_E|SB57V,TB58D",-0.9877286,-0.40246975,3,5
1MLC_AB_E|TB28D,-0.15094383,-0.30271596,3,5
1MLC_AB_E|TB31A,0.44700673,0.29612952,3,5
1MLC_AB_E|TB31V,0.5262404,0.1336045,3,5
1MLC_AB_E|TB31W,0.13214268,-0.09525934,3,5
1MLC_AB_E|TB58D,-0.55968237,-0.65874785,3,5
1NCA_N_LH|DH101K,0.71416,2.4797199,3,5
1NCA_N_LH|EH100D,0.41047263,-0.07324535,3,5
1NCA_N_LH|NH102Q,0.5426153,0.7260744,3,5
1NCA_N_LH|NH31Q,0.0,-0.16326512,3,5
1NMB_N_LH|DH57E,2.9536283,0.4153641,3,5
1NMB_N_LH|DH57N,2.9536283,0.9842747,3,5
1NMB_N_LH|LL94V,0.9000208,-0.5135066,3,5
1NMB_N_LH|TL93F,-0.023903161,-1.1233016,3,5
1NMB_N_LH|TL93W,0.18419003,-1.6187947,3,5
1NMB_N_LH|YH103A,2.14062,0.4218741,3,5
1NMB_N_LH|YH105F,1.4194101,-0.13507625,3,5
1NMB_N_LH|YL32F,0.46632215,0.6488844,3,5
1VFB_AB_C|DB100A,3.005002,2.61019,3,5
"1VFB_AB_C|DB100A,SC24A",3.369756,5.6891394,3,5
1VFB_AB_C|DB54A,0.8151114,2.935563,3,5
"1VFB_AB_C|DB54A,TC118A",1.2546439,2.344808,3,5
1VFB_AB_C|DB58A,-0.20700333,0.95486695,3,5
1VFB_AB_C|DB58E,0.078081094,0.13317396,3,5
1VFB_AB_C|DB58N,-0.12818155,0.3945104,3,5
1VFB_AB_C|DC119A,0.9530879,0.5851682,3,5
1VFB_AB_C|DC18A,0.34013057,1.322147,3,5
1VFB_AB_C|EB98A,1.1565572,3.3572001,3,5
1VFB_AB_C|GB31A,0.30646533,0.90285796,3,5
1VFB_AB_C|GB31E,-0.5097613,0.45033818,3,5
1VFB_AB_C|GB31W,0.0039611305,0.36564416,3,5
1VFB_AB_C|HA30A,0.84488255,1.6416988,3,5
1VFB_AB_C|IC124A,1.2314179,0.08755926,3,5
1VFB_AB_C|KC116A,0.7134504,0.51932675,3,5
1VFB_AB_C|LC129A,0.17154472,1.1840404,3,5
1VFB_AB_C|NA31W,0.17432266,0.5501022,3,5
1VFB_AB_C|NB56A,0.17771798,0.72300893,3,5
1VFB_AB_C|NC19A,0.3960868,0.8799078,3,5
1VFB_AB_C|QC121A,2.876998,0.52375454,3,5
1VFB_AB_C|RB99A,-0.099735305,1.7487106,3,5
1VFB_AB_C|RB99W,0.7049742,-0.1568218,3,5
1VFB_AB_C|RB99Y,1.235379,-0.015732884,3,5
1VFB_AB_C|RC125A,1.8368999,0.018126354,3,5
1VFB_AB_C|SA93A,0.34312394,0.49390388,3,5
1VFB_AB_C|SB28D,0.0,-0.27294475,3,5
1VFB_AB_C|SB28E,-0.104007296,-0.2125775,3,5
1VFB_AB_C|SB28N,0.14394745,-0.60366464,3,5
1VFB_AB_C|SB28Q,0.078081094,0.3391872,3,5
1VFB_AB_C|SC24A,0.850965,1.6766264,3,5
1VFB_AB_C|TA52F,0.4708752,-0.093115315,3,5
1VFB_AB_C|TA53R,1.6458516,-0.094533324,3,5
1VFB_AB_C|TB30A,-0.05584954,0.24249855,3,5
1VFB_AB_C|TC118A,0.7650957,0.17731242,3,5
1VFB_AB_C|VC120A,0.9169499,0.25797004,3,5
1VFB_AB_C|WA92A,3.037848,0.8261704,3,5
"1VFB_AB_C|WA92A,IC124A",3.8503337,0.9033339,3,5
"1VFB_AB_C|WA92A,LC129A",3.3073628,2.249143,3,5
"1VFB_AB_C|WA92A,QC121A",3.5189366,1.6350492,3,5
"1VFB_AB_C|WA92A,RC125A",3.3932896,0.7089458,3,5
1VFB_AB_C|WB52A,0.6406274,3.331159,3,5
"1VFB_AB_C|WB52A,DC119A",2.2473724,4.098902,3,5
1VFB_AB_C|YA32A,1.5281335,1.7254038,3,5
"1VFB_AB_C|YA32A,IC124A",2.9057157,1.3453783,3,5
"1VFB_AB_C|YA32A,QC121A",1.586041,1.4063039,3,5
1VFB_AB_C|YA49A,0.79754156,0.8027567,3,5
1VFB_AB_C|YA50A,0.456086,0.85357517,3,5
"1VFB_AB_C|YA50A,DC119A",1.2314179,1.4779965,3,5
"1VFB_AB_C|YA50A,DC18A",1.265924,1.9020796,3,5
1VFB_AB_C|YA50K,1.7156012,1.0593102,3,5
1VFB_AB_C|YA50R,0.8443241,0.86220247,3,5
1VFB_AB_C|YB101F,1.2695644,2.4087203,3,5
"1VFB_AB_C|YB101F,DC119A",2.736521,3.4694192,3,5
"1VFB_AB_C|YB101F,VC120A",2.5384777,2.662596,3,5
1VFB_AB_C|YB32A,0.7916793,1.3131007,3,5
"1VFB_AB_C|YB32A,KC116A",1.586041,1.8853853,3,5
1VFB_AB_C|YB32E,1.9021881,0.9133976,3,5
1VFB_AB_C|YC23A,0.41047263,0.9718095,3,5
1XGP_AB_C|AB33F,-4.0,-3.17762,3,5
1XGP_AB_C|AB33I,-2.260207,-1.9520675,3,5
1XGP_AB_C|AB33L,-2.1988916,-1.9910241,3,5
1XGP_AB_C|AB33V,-1.1525793,-1.2772472,3,5
2JEL_LH_P|AP82S,0.0,0.38676238,3,5
2JEL_LH_P|DP69E,0.9530879,0.6121638,3,5
2JEL_LH_P|EP5D,0.41047263,-0.059221834,3,5
2JEL_LH_P|EP5Q,0.7129768,0.10176144,3,5
2JEL_LH_P|EP68A,0.41047263,0.6762969,3,5
2JEL_LH_P|EP75R,2.727121,0.5281706,3,5
2JEL_LH_P|EP83A,0.0,-0.02955351,3,5
2JEL_LH_P|EP85A,0.0,0.024439082,3,5
2JEL_LH_P|EP85D,0.0,-0.1606922,3,5
2JEL_LH_P|EP85K,0.0,-0.24559529,3,5
2JEL_LH_P|EP85Q,0.0,0.01458247,3,5
2JEL_LH_P|FP2W,2.6191528,1.3388027,3,5
2JEL_LH_P|FP2Y,0.0,-0.22613592,3,5
2JEL_LH_P|HP76A,-0.41047263,0.19592255,3,5
2JEL_LH_P|HP76D,-0.65058374,-0.23633556,3,5
2JEL_LH_P|KP24E,0.0,0.06650536,3,5
2JEL_LH_P|KP27E,0.0,0.04439501,3,5
2JEL_LH_P|KP72E,0.41047263,-0.22959687,3,5
2JEL_LH_P|KP72R,0.0,0.31551978,3,5
2JEL_LH_P|KP79E,0.41047263,0.4425618,3,5
2JEL_LH_P|NP12D,0.0,-0.59836173,3,5
2JEL_LH_P|NP38T,0.0,0.86887515,3,5
2JEL_LH_P|PP11E,0.0,0.858826,3,5
2JEL_LH_P|QP3K,4.0,0.0017649531,3,5
2JEL_LH_P|QP4K,1.3635606,-0.3772301,3,5
2JEL_LH_P|QP57E,-0.41047263,-0.028623357,3,5
2JEL_LH_P|QP71E,2.727121,0.3222015,3,5
2JEL_LH_P|RP17G,0.0,0.23335323,3,5
2JEL_LH_P|RP17K,0.0,-0.063465595,3,5
2JEL_LH_P|SP41C,1.4957032,0.9385198,3,5
2JEL_LH_P|SP43C,0.0,0.31254637,3,5
2JEL_LH_P|SP46C,0.0,0.77560776,3,5
2JEL_LH_P|SP64T,4.0,0.23519117,3,5
2JEL_LH_P|TP34Q,0.0,0.57622296,3,5
2JEL_LH_P|TP36Q,0.41047263,-0.0252399,3,5
2JEL_LH_P|TP62A,0.0,0.36591595,3,5
2JEL_LH_P|TP62N,0.0,0.90899825,3,5
2JEL_LH_P|TP7N,0.41047263,0.6761588,3,5
2JEL_LH_P|TP7S,0.0,0.50181824,3,5
2JEL_LH_P|VP6F,0.0,-0.10635297,3,5
"2NY7_HL_G|CG27I,CG226Q",0.19971907,-2.319538,3,5
"2NY7_HL_G|CG27I,CG226Q,MG231A",0.20319231,-1.5396453,3,5
"2NY7_HL_G|GG229C,MG231A",-0.37879732,1.2807324,3,5
"2NY7_HL_G|GG229C,WG13M,MG231A,CG14W,CG110V,CG27I,CG226Q",0.21462485,-1.9782068,3,5
"2NY7_HL_G|KG66C,EG102C,CG27I,CG226Q",0.04085667,-1.5975522,3,5
"2NY7_HL_G|KG66C,EG102C,WG13M,MG231A,CG14W,CG110V,CG27I,CG226Q",0.3998023,-1.8536135,3,5
"2NY7_HL_G|KG66C,EG103C,WG13M,MG231A,CG14W,CG110V,CG27I,CG226Q",0.29989544,-1.9173278,3,5
"2NY7_HL_G|WG13M,MG231A,CG14W,CG110V",1.1574335,-0.38055384,3,5
"2NY7_HL_G|WG13M,MG231A,CG14W,CG110V,CG27I,CG226Q",0.44904727,-1.5725254,3,5
"2NY7_HL_G|WG13M,MG231A,CG14W,CG110V,KG66C,EG102C",0.55101526,-0.43376637,3,5
"2NY7_HL_G|WG13M,SG92T,WG181S,MG231A,CG14W,CG110V,CG27I,CG226Q",-0.3035898,-1.9894513,3,5
3BN9_B_CD|DB214A,0.5662115,1.3806129,3,5
3BN9_B_CD|DB46A,0.42238826,0.25083825,3,5
3BN9_B_CD|DB47A,0.31110755,0.3923992,3,5
3BN9_B_CD|EB163A,0.37321588,-0.099762276,3,5
3BN9_B_CD|FB50A,-0.044997852,0.3503359,3,5
3BN9_B_CD|FB89A,0.6392419,2.0437398,3,5
3BN9_B_CD|HB138A,0.085063316,0.8618617,3,5
3BN9_B_CD|IB26A,0.0,0.41587543,3,5
3BN9_B_CD|IB45A,0.8352155,0.040202662,3,5
3BN9_B_CD|KB221A,0.7849689,0.23773597,3,5
3BN9_B_CD|LB147A,0.33619216,0.10253007,3,5
3BN9_B_CD|NB90A,0.7733444,0.6357571,3,5
3BN9_B_CD|PD104H,2.4272547,-1.3712361,3,5
3BN9_B_CD|QB140A,0.1331048,0.46709365,3,5
3BN9_B_CD|QB168A,-0.03469869,-0.5034583,3,5
3BN9_B_CD|QB169A,2.5089848,0.8984455,3,5
3BN9_B_CD|QB218A,0.70571065,0.054470703,3,5
3BN9_B_CD|QB23A,-0.41530684,0.047738846,3,5
3BN9_B_CD|QD105V,1.2241027,-0.251696,3,5
3BN9_B_CD|RB219A,-0.093698174,-0.3753944,3,5
3BN9_B_CD|RB48A,-0.044997852,-0.6541991,3,5
3BN9_B_CD|RB51A,-0.07155777,0.0030929968,3,5
3BN9_B_CD|RB82A,-0.15923285,-0.096934855,3,5
3BN9_B_CD|SD30G,1.1861069,0.83266217,3,5
3BN9_B_CD|SD30N,1.145505,0.935172,3,5
3BN9_B_CD|TB144A,0.2908351,0.05371482,3,5
3BN9_B_CD|TB93A,1.1320528,0.8661658,3,5
3BN9_B_CD|TD102Q,-0.02153644,-0.042792454,3,5
3BN9_B_CD|TD102R,-0.058294915,-0.43105024,3,5
3BN9_B_CD|TD28R,0.33290586,-0.20385472,3,5
3BN9_B_CD|YB141A,1.0846525,1.6995404,3,5
3BN9_B_CD|YB52A,0.018951595,0.44534838,3,5
3BN9_B_CD|YD103S,0.45868576,1.8964907,3,5
4GXU_ABCDEF_MN|DA189E,2.1650882,0.981963,3,5
"4GXU_ABCDEF_MN|DA189E,DA224G",3.0102077,1.4977027,3,5
4GXU_ABCDEF_MN|DA224G,1.9608781,0.7947784,3,5
"1CZ8_HL_VW|LL4M,DH28T,HH31N,YH101H,TH105S",2.939849,1.5837641,3,6
1KIR_AB_C|SA50Y,-1.3870943,-1.0759643,3,6
1MLC_AB_E|KB65D,0.018548755,-0.5636788,3,6
1MLC_AB_E|NA32G,-0.8773867,0.44340593,3,6
"1MLC_AB_E|NA32G,NA92A",-0.6866531,0.34832925,3,6
"1MLC_AB_E|NA32G,NA92A,SB57V,TB58D",-1.7349738,-0.45797744,3,6
1MLC_AB_E|NA32Y,0.0,-0.59590423,3,6
1MLC_AB_E|NA92A,-1.2533532,0.27227518,3,6
"1MLC_AB_E|NA92A,SB57V,TB58D",-2.394188,-0.41983992,3,6
"1MLC_AB_E|NA92A,TB28D,SB57V,TB58D",-2.5813644,-0.35586932,3,6
"1MLC_AB_E|NA92A,TB28D,SB57V,TB58D,EB35S,GB99D",-2.9539242,-1.1434577,3,6
"1MLC_AB_E|NA92A,TB28D,SB57V,TB58D,GB99D",-0.20357698,-1.1247658,3,6
"1MLC_AB_E|NA92A,TB28D,SB57V,TB58D,NA32L",-2.5843081,-0.1198269,3,6
"1MLC_AB_E|NA92A,TB28D,SB57V,TB58D,RB98M,DB100Q",-0.41047263,-0.43203303,3,6
"1MLC_AB_E|NA92A,TB28D,SB57V,TB58D,SA91N,SA93A",-1.6104395,-0.0075763986,3,6
"1MLC_AB_E|NA92A,TB28D,SB57V,TB58D,SB30G",-2.3584673,-0.62335086,3,6
"1MLC_AB_E|NA92A,TB28D,SB57V,TB58D,YB32W,RB98V,DB100Q",0.36138764,-0.2646241,3,6
"1MLC_AB_E|NA92A,TB28D,SB57V,TB58D,YB59E",-1.4661698,0.4020639,3,6
1MLC_AB_E|SB57A,-0.37902167,0.1417664,3,6
1MLC_AB_E|SB57V,-0.49418068,-0.34320027,3,6
"1MLC_AB_E|SB57V,TB58D",-0.9877286,-0.5914704,3,6
1MLC_AB_E|TB28D,-0.15094383,0.07870231,3,6
1MLC_AB_E|TB31A,0.44700673,0.46058232,3,6
1MLC_AB_E|TB31V,0.5262404,0.15787005,3,6
1MLC_AB_E|TB31W,0.13214268,-0.05989889,3,6
1MLC_AB_E|TB58D,-0.55968237,-1.237933,3,6
1NCA_N_LH|DH101K,0.71416,0.25233996,3,6
1NCA_N_LH|EH100D,0.41047263,0.56586236,3,6
1NCA_N_LH|NH102Q,0.5426153,0.6040392,3,6
1NCA_N_LH|NH31Q,0.0,-0.12798473,3,6
1NMB_N_LH|DH57E,2.9536283,0.2640645,3,6
1NMB_N_LH|DH57N,2.9536283,0.6665222,3,6
1NMB_N_LH|LL94V,0.9000208,0.07413205,3,6
1NMB_N_LH|TL93F,-0.023903161,-1.1430273,3,6
1NMB_N_LH|TL93W,0.18419003,-0.6505564,3,6
1NMB_N_LH|YH103A,2.14062,0.71305704,3,6
1NMB_N_LH|YH105F,1.4194101,0.94710255,3,6
1NMB_N_LH|YL32F,0.46632215,0.8209887,3,6
1VFB_AB_C|DB100A,3.005002,2.6995988,3,6
"1VFB_AB_C|DB100A,SC24A",3.369756,6.6297035,3,6
1VFB_AB_C|DB54A,0.8151114,2.9410448,3,6
"1VFB_AB_C|DB54A,TC118A",1.2546439,1.8120434,3,6
1VFB_AB_C|DB58A,-0.20700333,1.362726,3,6
1VFB_AB_C|DB58E,0.078081094,0.17377776,3,6
1VFB_AB_C|DB58N,-0.12818155,0.3579961,3,6
1VFB_AB_C|DC119A,0.9530879,2.3531525,3,6
1VFB_AB_C|DC18A,0.34013057,1.8467638,3,6
1VFB_AB_C|EB98A,1.1565572,3.8191836,3,6
1VFB_AB_C|GB31A,0.30646533,0.69102603,3,6
1VFB_AB_C|GB31E,-0.5097613,0.27600315,3,6
1VFB_AB_C|GB31W,0.0039611305,0.15053162,3,6
1VFB_AB_C|HA30A,0.84488255,1.3163352,3,6
1VFB_AB_C|IC124A,1.2314179,1.4088433,3,6
1VFB_AB_C|KC116A,0.7134504,0.84214544,3,6
1VFB_AB_C|LC129A,0.17154472,1.4426157,3,6
1VFB_AB_C|NA31W,0.17432266,-0.034339797,3,6
1VFB_AB_C|NB56A,0.17771798,1.019173,3,6
1VFB_AB_C|NC19A,0.3960868,0.9461924,3,6
1VFB_AB_C|QC121A,2.876998,0.021416537,3,6
1VFB_AB_C|RB99A,-0.099735305,1.7546551,3,6
1VFB_AB_C|RB99W,0.7049742,-0.07344994,3,6
1VFB_AB_C|RB99Y,1.235379,0.21685028,3,6
1VFB_AB_C|RC125A,1.8368999,0.74235874,3,6
1VFB_AB_C|SA93A,0.34312394,0.79116505,3,6
1VFB_AB_C|SB28D,0.0,-0.44969365,3,6
1VFB_AB_C|SB28E,-0.104007296,-0.47768095,3,6
1VFB_AB_C|SB28N,0.14394745,-0.6310552,3,6
1VFB_AB_C|SB28Q,0.078081094,0.19734842,3,6
1VFB_AB_C|SC24A,0.850965,3.2514803,3,6
1VFB_AB_C|TA52F,0.4708752,-0.7491679,3,6
1VFB_AB_C|TA53R,1.6458516,-0.36284858,3,6
1VFB_AB_C|TB30A,-0.05584954,0.0603865,3,6
1VFB_AB_C|TC118A,0.7650957,0.24676603,3,6
1VFB_AB_C|VC120A,0.9169499,0.6526249,3,6
1VFB_AB_C|WA92A,3.037848,1.4992579,3,6
"1VFB_AB_C|WA92A,IC124A",3.8503337,2.7016284,3,6
"1VFB_AB_C|WA92A,LC129A",3.3073628,2.7820961,3,6
"1VFB_AB_C|WA92A,QC121A",3.5189366,1.5634658,3,6
"1VFB_AB_C|WA92A,RC125A",3.3932896,2.2367077,3,6
1VFB_AB_C|WB52A,0.6406274,3.3397222,3,6
"1VFB_AB_C|WB52A,DC119A",2.2473724,6.105738,3,6
1VFB_AB_C|YA32A,1.5281335,2.2411032,3,6
"1VFB_AB_C|YA32A,IC124A",2.9057157,2.4633307,3,6
"1VFB_AB_C|YA32A,QC121A",1.586041,1.7302523,3,6
1VFB_AB_C|YA49A,0.79754156,1.1868168,3,6
1VFB_AB_C|YA50A,0.456086,1.5401678,3,6
"1VFB_AB_C|YA50A,DC119A",1.2314179,3.9626865,3,6
"1VFB_AB_C|YA50A,DC18A",1.265924,3.2468486,3,6
1VFB_AB_C|YA50K,1.7156012,1.8337702,3,6
1VFB_AB_C|YA50R,0.8443241,1.1407185,3,6
1VFB_AB_C|YB101F,1.2695644,2.469307,3,6
"1VFB_AB_C|YB101F,DC119A",2.736521,5.8271136,3,6
"1VFB_AB_C|YB101F,VC120A",2.5384777,3.9664226,3,6
1VFB_AB_C|YB32A,0.7916793,1.9112997,3,6
"1VFB_AB_C|YB32A,KC116A",1.586041,2.9032145,3,6
1VFB_AB_C|YB32E,1.9021881,0.713352,3,6
1VFB_AB_C|YC23A,0.41047263,1.7834777,3,6
1XGP_AB_C|AB33F,-4.0,-3.5602388,3,6
1XGP_AB_C|AB33I,-2.260207,-2.3756862,3,6
1XGP_AB_C|AB33L,-2.1988916,-2.3586051,3,6
1XGP_AB_C|AB33V,-1.1525793,-1.6053857,3,6
2JEL_LH_P|AP82S,0.0,0.19497561,3,6
2JEL_LH_P|DP69E,0.9530879,1.2108264,3,6
2JEL_LH_P|EP5D,0.41047263,-0.53677475,3,6
2JEL_LH_P|EP5Q,0.7129768,0.30358166,3,6
2JEL_LH_P|EP68A,0.41047263,0.82376826,3,6
2JEL_LH_P|EP75R,2.727121,1.2079962,3,6
2JEL_LH_P|EP83A,0.0,0.4661736,3,6
2JEL_LH_P|EP85A,0.0,0.30943638,3,6
2JEL_LH_P|EP85D,0.0,-0.17731825,3,6
2JEL_LH_P|EP85K,0.0,0.29062366,3,6
2JEL_LH_P|EP85Q,0.0,0.35714924,3,6
2JEL_LH_P|FP2W,2.6191528,2.4182708,3,6
2JEL_LH_P|FP2Y,0.0,-0.18652257,3,6
2JEL_LH_P|HP76A,-0.41047263,1.8412364,3,6
2JEL_LH_P|HP76D,-0.65058374,0.27795482,3,6
2JEL_LH_P|KP24E,0.0,1.1212133,3,6
2JEL_LH_P|KP27E,0.0,0.608431,3,6
2JEL_LH_P|KP72E,0.41047263,-0.18366528,3,6
2JEL_LH_P|KP72R,0.0,0.09460678,3,6
2JEL_LH_P|KP79E,0.41047263,0.22002324,3,6
2JEL_LH_P|NP12D,0.0,-1.3146012,3,6
2JEL_LH_P|NP38T,0.0,0.82255286,3,6
2JEL_LH_P|PP11E,0.0,2.7167807,3,6
2JEL_LH_P|QP3K,4.0,-0.2902089,3,6
2JEL_LH_P|QP4K,1.3635606,-1.1897022,3,6
2JEL_LH_P|QP57E,-0.41047263,-0.08486349,3,6
2JEL_LH_P|QP71E,2.727121,0.5144512,3,6
2JEL_LH_P|RP17G,0.0,0.5281802,3,6
2JEL_LH_P|RP17K,0.0,0.13507792,3,6
2JEL_LH_P|SP41C,1.4957032,0.9312712,3,6
2JEL_LH_P|SP43C,0.0,0.10025016,3,6
2JEL_LH_P|SP46C,0.0,0.81274444,3,6
2JEL_LH_P|SP64T,4.0,0.29525682,3,6
2JEL_LH_P|TP34Q,0.0,0.25207224,3,6
2JEL_LH_P|TP36Q,0.41047263,0.068383195,3,6
2JEL_LH_P|TP62A,0.0,1.0224153,3,6
2JEL_LH_P|TP62N,0.0,0.84502506,3,6
2JEL_LH_P|TP7N,0.41047263,1.2842147,3,6
2JEL_LH_P|TP7S,0.0,0.8246298,3,6
2JEL_LH_P|VP6F,0.0,-0.55362725,3,6
"2NY7_HL_G|CG27I,CG226Q",0.19971907,-2.6370835,3,6
"2NY7_HL_G|CG27I,CG226Q,MG231A",0.20319231,-2.952289,3,6
"2NY7_HL_G|GG229C,MG231A",-0.37879732,0.1202591,3,6
"2NY7_HL_G|GG229C,WG13M,MG231A,CG14W,CG110V,CG27I,CG226Q",0.21462485,-3.199264,3,6
"2NY7_HL_G|KG66C,EG102C,CG27I,CG226Q",0.04085667,-1.5073162,3,6
"2NY7_HL_G|KG66C,EG102C,WG13M,MG231A,CG14W,CG110V,CG27I,CG226Q",0.3998023,-2.225336,3,6
"2NY7_HL_G|KG66C,EG103C,WG13M,MG231A,CG14W,CG110V,CG27I,CG226Q",0.29989544,-2.1723664,3,6
"2NY7_HL_G|WG13M,MG231A,CG14W,CG110V",1.1574335,-0.84891367,3,6
"2NY7_HL_G|WG13M,MG231A,CG14W,CG110V,CG27I,CG226Q",0.44904727,-2.8057227,3,6
"2NY7_HL_G|WG13M,MG231A,CG14W,CG110V,KG66C,EG102C",0.55101526,-0.7370641,3,6
"2NY7_HL_G|WG13M,SG92T,WG181S,MG231A,CG14W,CG110V,CG27I,CG226Q",-0.3035898,-3.1455376,3,6
3BN9_B_CD|DB214A,0.5662115,1.434713,3,6
3BN9_B_CD|DB46A,0.42238826,0.31558967,3,6
3BN9_B_CD|DB47A,0.31110755,0.38555324,3,6
3BN9_B_CD|EB163A,0.37321588,0.04228521,3,6
3BN9_B_CD|FB50A,-0.044997852,0.30551723,3,6
3BN9_B_CD|FB89A,0.6392419,1.8727669,3,6
3BN9_B_CD|HB138A,0.085063316,1.3442658,3,6
3BN9_B_CD|IB26A,0.0,0.50389063,3,6
3BN9_B_CD|IB45A,0.8352155,0.18943772,3,6
3BN9_B_CD|KB221A,0.7849689,0.27507144,3,6
3BN9_B_CD|LB147A,0.33619216,0.10056526,3,6
3BN9_B_CD|NB90A,0.7733444,0.34166738,3,6
3BN9_B_CD|PD104H,2.4272547,-1.2194338,3,6
3BN9_B_CD|QB140A,0.1331048,0.029425085,3,6
3BN9_B_CD|QB168A,-0.03469869,-0.36184487,3,6
3BN9_B_CD|QB169A,2.5089848,0.42808807,3,6
3BN9_B_CD|QB218A,0.70571065,0.14336321,3,6
3BN9_B_CD|QB23A,-0.41530684,0.095630206,3,6
3BN9_B_CD|QD105V,1.2241027,-0.33622265,3,6
3BN9_B_CD|RB219A,-0.093698174,-0.44664025,3,6
3BN9_B_CD|RB48A,-0.044997852,-0.8991228,3,6
3BN9_B_CD|RB51A,-0.07155777,-0.105854005,3,6
3BN9_B_CD|RB82A,-0.15923285,-0.16015509,3,6
3BN9_B_CD|SD30G,1.1861069,0.35322112,3,6
3BN9_B_CD|SD30N,1.145505,-0.09276499,3,6
3BN9_B_CD|TB144A,0.2908351,0.09898139,3,6
3BN9_B_CD|TB93A,1.1320528,0.664217,3,6
3BN9_B_CD|TD102Q,-0.02153644,0.36530223,3,6
3BN9_B_CD|TD102R,-0.058294915,-0.48300242,3,6
3BN9_B_CD|TD28R,0.33290586,0.116710715,3,6
3BN9_B_CD|YB141A,1.0846525,1.5401691,3,6
3BN9_B_CD|YB52A,0.018951595,0.5727941,3,6
3BN9_B_CD|YD103S,0.45868576,1.6346289,3,6
4GXU_ABCDEF_MN|DA189E,2.1650882,1.5771639,3,6
"4GXU_ABCDEF_MN|DA189E,DA224G",3.0102077,1.9934963,3,6
4GXU_ABCDEF_MN|DA224G,1.9608781,0.55257887,3,6
"1CZ8_HL_VW|LL4M,DH28T,HH31N,YH101H,TH105S",2.939849,1.1844333,3,7
1KIR_AB_C|SA50Y,-1.3870943,-0.6020762,3,7
1MLC_AB_E|KB65D,0.018548755,-0.34107122,3,7
1MLC_AB_E|NA32G,-0.8773867,-0.2979368,3,7
"1MLC_AB_E|NA32G,NA92A",-0.6866531,-0.05446735,3,7
"1MLC_AB_E|NA32G,NA92A,SB57V,TB58D",-1.7349738,-0.6495081,3,7
1MLC_AB_E|NA32Y,0.0,-0.68984705,3,7
1MLC_AB_E|NA92A,-1.2533532,0.46886882,3,7
"1MLC_AB_E|NA92A,SB57V,TB58D",-2.394188,-0.08809257,3,7
"1MLC_AB_E|NA92A,TB28D,SB57V,TB58D",-2.5813644,-0.32196712,3,7
"1MLC_AB_E|NA92A,TB28D,SB57V,TB58D,EB35S,GB99D",-2.9539242,-0.2680618,3,7
"1MLC_AB_E|NA92A,TB28D,SB57V,TB58D,GB99D",-0.20357698,-0.06542117,3,7
"1MLC_AB_E|NA92A,TB28D,SB57V,TB58D,NA32L",-2.5843081,-0.81743443,3,7
"1MLC_AB_E|NA92A,TB28D,SB57V,TB58D,RB98M,DB100Q",-0.41047263,-0.68051577,3,7
"1MLC_AB_E|NA92A,TB28D,SB57V,TB58D,SA91N,SA93A",-1.6104395,0.573406,3,7
"1MLC_AB_E|NA92A,TB28D,SB57V,TB58D,SB30G",-2.3584673,-0.50188816,3,7
"1MLC_AB_E|NA92A,TB28D,SB57V,TB58D,YB32W,RB98V,DB100Q",0.36138764,-0.47707123,3,7
"1MLC_AB_E|NA92A,TB28D,SB57V,TB58D,YB59E",-1.4661698,0.25535816,3,7
1MLC_AB_E|SB57A,-0.37902167,0.6299139,3,7
1MLC_AB_E|SB57V,-0.49418068,-0.24744394,3,7
"1MLC_AB_E|SB57V,TB58D",-0.9877286,-0.21418977,3,7
1MLC_AB_E|TB28D,-0.15094383,-0.22719136,3,7
1MLC_AB_E|TB31A,0.44700673,0.550086,3,7
1MLC_AB_E|TB31V,0.5262404,-0.3534841,3,7
1MLC_AB_E|TB31W,0.13214268,-0.5803242,3,7
1MLC_AB_E|TB58D,-0.55968237,0.061428566,3,7
1NCA_N_LH|DH101K,0.71416,0.53437537,3,7
1NCA_N_LH|EH100D,0.41047263,0.40421337,3,7
1NCA_N_LH|NH102Q,0.5426153,-0.19911107,3,7
1NCA_N_LH|NH31Q,0.0,-0.33471954,3,7
1NMB_N_LH|DH57E,2.9536283,-0.007142868,3,7
1NMB_N_LH|DH57N,2.9536283,0.08805098,3,7
1NMB_N_LH|LL94V,0.9000208,-0.22944397,3,7
1NMB_N_LH|TL93F,-0.023903161,-0.48304522,3,7
1NMB_N_LH|TL93W,0.18419003,-0.7487667,3,7
1NMB_N_LH|YH103A,2.14062,1.2838259,3,7
1NMB_N_LH|YH105F,1.4194101,0.17589998,3,7
1NMB_N_LH|YL32F,0.46632215,0.35823992,3,7
1VFB_AB_C|DB100A,3.005002,1.9750638,3,7
"1VFB_AB_C|DB100A,SC24A",3.369756,3.0520809,3,7
1VFB_AB_C|DB54A,0.8151114,1.5258974,3,7
"1VFB_AB_C|DB54A,TC118A",1.2546439,2.5553088,3,7
1VFB_AB_C|DB58A,-0.20700333,1.0567997,3,7
1VFB_AB_C|DB58E,0.078081094,0.15472782,3,7
1VFB_AB_C|DB58N,-0.12818155,0.2574418,3,7
1VFB_AB_C|DC119A,0.9530879,1.2026955,3,7
1VFB_AB_C|DC18A,0.34013057,1.1520144,3,7
1VFB_AB_C|EB98A,1.1565572,1.3735569,3,7
1VFB_AB_C|GB31A,0.30646533,1.1848674,3,7
1VFB_AB_C|GB31E,-0.5097613,0.20264715,3,7
1VFB_AB_C|GB31W,0.0039611305,-0.049555905,3,7
1VFB_AB_C|HA30A,0.84488255,0.6976031,3,7
1VFB_AB_C|IC124A,1.2314179,1.0986875,3,7
1VFB_AB_C|KC116A,0.7134504,1.1664225,3,7
1VFB_AB_C|LC129A,0.17154472,1.4539231,3,7
1VFB_AB_C|NA31W,0.17432266,-0.29542926,3,7
1VFB_AB_C|NB56A,0.17771798,0.4968795,3,7
1VFB_AB_C|NC19A,0.3960868,0.63999516,3,7
1VFB_AB_C|QC121A,2.876998,1.0143765,3,7
1VFB_AB_C|RB99A,-0.099735305,0.8159201,3,7
1VFB_AB_C|RB99W,0.7049742,-0.23744193,3,7
1VFB_AB_C|RB99Y,1.235379,-0.22892788,3,7
1VFB_AB_C|RC125A,1.8368999,1.2947845,3,7
1VFB_AB_C|SA93A,0.34312394,0.8900452,3,7
1VFB_AB_C|SB28D,0.0,-0.11863781,3,7
1VFB_AB_C|SB28E,-0.104007296,-0.1172599,3,7
1VFB_AB_C|SB28N,0.14394745,-0.023343377,3,7
1VFB_AB_C|SB28Q,0.078081094,-0.14126426,3,7
1VFB_AB_C|SC24A,0.850965,0.9179915,3,7
1VFB_AB_C|TA52F,0.4708752,-0.3286641,3,7
1VFB_AB_C|TA53R,1.6458516,-0.28284922,3,7
1VFB_AB_C|TB30A,-0.05584954,0.5172393,3,7
1VFB_AB_C|TC118A,0.7650957,0.97838664,3,7
1VFB_AB_C|VC120A,0.9169499,1.3709536,3,7
1VFB_AB_C|WA92A,3.037848,1.2888323,3,7
"1VFB_AB_C|WA92A,IC124A",3.8503337,2.3784497,3,7
"1VFB_AB_C|WA92A,LC129A",3.3073628,3.0652108,3,7
"1VFB_AB_C|WA92A,QC121A",3.5189366,2.2511296,3,7
"1VFB_AB_C|WA92A,RC125A",3.3932896,2.7046163,3,7
1VFB_AB_C|WB52A,0.6406274,1.8501325,3,7
"1VFB_AB_C|WB52A,DC119A",2.2473724,3.4885566,3,7
1VFB_AB_C|YA32A,1.5281335,1.8212948,3,7
"1VFB_AB_C|YA32A,IC124A",2.9057157,2.88022,3,7
"1VFB_AB_C|YA32A,QC121A",1.586041,3.0538263,3,7
1VFB_AB_C|YA49A,0.79754156,1.7888434,3,7
1VFB_AB_C|YA50A,0.456086,1.6018586,3,7
"1VFB_AB_C|YA50A,DC119A",1.2314179,3.3293002,3,7
"1VFB_AB_C|YA50A,DC18A",1.265924,3.2683985,3,7
1VFB_AB_C|YA50K,1.7156012,0.93646634,3,7
1VFB_AB_C|YA50R,0.8443241,0.6805593,3,7
1VFB_AB_C|YB101F,1.2695644,0.29091108,3,7
"1VFB_AB_C|YB101F,DC119A",2.736521,1.744378,3,7
"1VFB_AB_C|YB101F,VC120A",2.5384777,1.6845655,3,7
1VFB_AB_C|YB32A,0.7916793,1.6029681,3,7
"1VFB_AB_C|YB32A,KC116A",1.586041,2.7777376,3,7
1VFB_AB_C|YB32E,1.9021881,0.66370976,3,7
1VFB_AB_C|YC23A,0.41047263,0.90970874,3,7
1XGP_AB_C|AB33F,-4.0,-1.1911932,3,7
1XGP_AB_C|AB33I,-2.260207,-1.0577348,3,7
1XGP_AB_C|AB33L,-2.1988916,-1.0919554,3,7
1XGP_AB_C|AB33V,-1.1525793,-1.162859,3,7
2JEL_LH_P|AP82S,0.0,-1.0244807,3,7
2JEL_LH_P|DP69E,0.9530879,0.49036902,3,7
2JEL_LH_P|EP5D,0.41047263,-0.28048998,3,7
2JEL_LH_P|EP5Q,0.7129768,-0.18768793,3,7
2JEL_LH_P|EP68A,0.41047263,0.6200499,3,7
2JEL_LH_P|EP75R,2.727121,-0.14023477,3,7
2JEL_LH_P|EP83A,0.0,0.57802796,3,7
2JEL_LH_P|EP85A,0.0,0.65192205,3,7
2JEL_LH_P|EP85D,0.0,-0.24614945,3,7
2JEL_LH_P|EP85K,0.0,-0.097457655,3,7
2JEL_LH_P|EP85Q,0.0,-0.28700805,3,7
2JEL_LH_P|FP2W,2.6191528,0.27354127,3,7
2JEL_LH_P|FP2Y,0.0,0.03818562,3,7
2JEL_LH_P|HP76A,-0.41047263,1.4421816,3,7
2JEL_LH_P|HP76D,-0.65058374,0.37102544,3,7
2JEL_LH_P|KP24E,0.0,0.23709577,3,7
2JEL_LH_P|KP27E,0.0,0.26143456,3,7
2JEL_LH_P|KP72E,0.41047263,-0.030742146,3,7
2JEL_LH_P|KP72R,0.0,-0.23187798,3,7
2JEL_LH_P|KP79E,0.41047263,0.32046098,3,7
2JEL_LH_P|NP12D,0.0,-0.30949697,3,7
2JEL_LH_P|NP38T,0.0,0.0143902,3,7
2JEL_LH_P|PP11E,0.0,0.032841742,3,7
2JEL_LH_P|QP3K,4.0,0.3152082,3,7
2JEL_LH_P|QP4K,1.3635606,0.17120719,3,7
2JEL_LH_P|QP57E,-0.41047263,0.27977538,3,7
2JEL_LH_P|QP71E,2.727121,0.2941821,3,7
2JEL_LH_P|RP17G,0.0,0.05430282,3,7
2JEL_LH_P|RP17K,0.0,0.099026494,3,7
2JEL_LH_P|SP41C,1.4957032,0.44855425,3,7
2JEL_LH_P|SP43C,0.0,0.27138856,3,7
2JEL_LH_P|SP46C,0.0,0.29593733,3,7
2JEL_LH_P|SP64T,4.0,0.029980918,3,7
2JEL_LH_P|TP34Q,0.0,0.018587835,3,7
2JEL_LH_P|TP36Q,0.41047263,-0.282319,3,7
2JEL_LH_P|TP62A,0.0,1.2982917,3,7
2JEL_LH_P|TP62N,0.0,0.19930053,3,7
2JEL_LH_P|TP7N,0.41047263,0.16344577,3,7
2JEL_LH_P|TP7S,0.0,0.18800771,3,7
2JEL_LH_P|VP6F,0.0,0.09065218,3,7
"2NY7_HL_G|CG27I,CG226Q",0.19971907,-1.4102052,3,7
"2NY7_HL_G|CG27I,CG226Q,MG231A",0.20319231,-1.5152301,3,7
"2NY7_HL_G|GG229C,MG231A",-0.37879732,0.7287471,3,7
"2NY7_HL_G|GG229C,WG13M,MG231A,CG14W,CG110V,CG27I,CG226Q",0.21462485,-2.3440025,3,7
"2NY7_HL_G|KG66C,EG102C,CG27I,CG226Q",0.04085667,-1.3379081,3,7
"2NY7_HL_G|KG66C,EG102C,WG13M,MG231A,CG14W,CG110V,CG27I,CG226Q",0.3998023,-2.6926606,3,7
"2NY7_HL_G|KG66C,EG103C,WG13M,MG231A,CG14W,CG110V,CG27I,CG226Q",0.29989544,-2.7983391,3,7
"2NY7_HL_G|WG13M,MG231A,CG14W,CG110V",1.1574335,-0.6810934,3,7
"2NY7_HL_G|WG13M,MG231A,CG14W,CG110V,CG27I,CG226Q",0.44904727,-2.7311063,3,7
"2NY7_HL_G|WG13M,MG231A,CG14W,CG110V,KG66C,EG102C",0.55101526,-0.35518733,3,7
"2NY7_HL_G|WG13M,SG92T,WG181S,MG231A,CG14W,CG110V,CG27I,CG226Q",-0.3035898,-3.0819182,3,7
3BN9_B_CD|DB214A,0.5662115,0.88323146,3,7
3BN9_B_CD|DB46A,0.42238826,1.2180215,3,7
3BN9_B_CD|DB47A,0.31110755,1.4069288,3,7
3BN9_B_CD|EB163A,0.37321588,0.71702373,3,7
3BN9_B_CD|FB50A,-0.044997852,1.2772255,3,7
3BN9_B_CD|FB89A,0.6392419,1.7486428,3,7
3BN9_B_CD|HB138A,0.085063316,1.2448568,3,7
3BN9_B_CD|IB26A,0.0,1.0823287,3,7
3BN9_B_CD|IB45A,0.8352155,0.99142915,3,7
3BN9_B_CD|KB221A,0.7849689,1.208364,3,7
3BN9_B_CD|LB147A,0.33619216,0.7388342,3,7
3BN9_B_CD|NB90A,0.7733444,1.2227703,3,7
3BN9_B_CD|PD104H,2.4272547,0.06830968,3,7
3BN9_B_CD|QB140A,0.1331048,0.8994837,3,7
3BN9_B_CD|QB168A,-0.03469869,0.75553143,3,7
3BN9_B_CD|QB169A,2.5089848,1.3089213,3,7
3BN9_B_CD|QB218A,0.70571065,1.1563063,3,7
3BN9_B_CD|QB23A,-0.41530684,0.90797675,3,7
3BN9_B_CD|QD105V,1.2241027,-0.0810884,3,7
3BN9_B_CD|RB219A,-0.093698174,0.9810237,3,7
3BN9_B_CD|RB48A,-0.044997852,1.4526092,3,7
3BN9_B_CD|RB51A,-0.07155777,1.2431256,3,7
3BN9_B_CD|RB82A,-0.15923285,1.0176117,3,7
3BN9_B_CD|SD30G,1.1861069,0.25241643,3,7
3BN9_B_CD|SD30N,1.145505,0.41099158,3,7
3BN9_B_CD|TB144A,0.2908351,0.67508143,3,7
3BN9_B_CD|TB93A,1.1320528,1.4435127,3,7
3BN9_B_CD|TD102Q,-0.02153644,-0.31104672,3,7
3BN9_B_CD|TD102R,-0.058294915,-0.25526223,3,7
3BN9_B_CD|TD28R,0.33290586,-0.09262443,3,7
3BN9_B_CD|YB141A,1.0846525,1.5304799,3,7
3BN9_B_CD|YB52A,0.018951595,1.4912981,3,7
3BN9_B_CD|YD103S,0.45868576,0.50188166,3,7
4GXU_ABCDEF_MN|DA189E,2.1650882,0.7105812,3,7
"4GXU_ABCDEF_MN|DA189E,DA224G",3.0102077,1.0424243,3,7
4GXU_ABCDEF_MN|DA224G,1.9608781,0.2622113,3,7
"1JRH_LH_I|AI49S,II51T,HI55D",0.070675574,-0.42744887,4,0
"1JRH_LH_I|AI85D,KI88R,EI90K",-0.047747865,0.04496898,4,0
"1JRH_LH_I|AI93L,VI94M",0.63366294,-0.31695777,4,0
1JRH_LH_I|DH56A,1.8860998,2.2891936,4,0
1JRH_LH_I|DH57A,1.6660647,0.5135821,4,0
1JRH_LH_I|DH58A,1.8546488,1.1278769,4,0
1JRH_LH_I|DL28A,0.43464687,2.126311,4,0
1JRH_LH_I|EI35Q,0.09956847,-0.15349258,4,0
1JRH_LH_I|EI45A,-0.5657849,0.31725,4,0
1JRH_LH_I|EI45P,-3.7881775,-0.13406117,4,0
"1JRH_LH_I|EI45P,II47L",-3.4567804,0.031652007,4,0
"1JRH_LH_I|EI45P,II47R",-3.4400978,0.035549898,4,0
1JRH_LH_I|EL27A,0.5426153,1.6156528,4,0
1JRH_LH_I|FH103A,0.0,0.5212079,4,0
1JRH_LH_I|GI40A,4.0,2.7241204,4,0
1JRH_LH_I|HH107A,1.6977708,0.109863445,4,0
"1JRH_LH_I|II25N,PI27S,VI29T,VI31I",0.14370596,-0.7239243,4,0
1JRH_LH_I|KI37A,3.713863,1.1896149,4,0
1JRH_LH_I|KI37M,3.2923293,0.45807987,4,0
1JRH_LH_I|KI42A,3.3858175,2.2381797,4,0
1JRH_LH_I|KI42M,4.0,0.17543627,4,0
1JRH_LH_I|KI88A,0.31209365,0.22936171,4,0
"1JRH_LH_I|MI15L,II18V",-0.21360606,1.9779761,4,0
1JRH_LH_I|NI38A,0.1704579,0.27726746,4,0
1JRH_LH_I|NI38Q,0.5344714,-0.23601572,4,0
1JRH_LH_I|NI43A,4.0,1.2088203,4,0
1JRH_LH_I|NI69A,-0.19953421,0.91210765,4,0
1JRH_LH_I|RH100A,0.5426153,1.4427432,4,0
1JRH_LH_I|RI74A,0.3926171,1.6467794,4,0
1JRH_LH_I|SI44A,0.37771076,1.735427,4,0
"1JRH_LH_I|SI44G,EI45G,II47R",-3.3777049,0.39341658,4,0
"1JRH_LH_I|SI44G,EI45P,II47K",-3.884419,0.13516387,4,0
"1JRH_LH_I|SI61Y,DI62E,HI63Q,VI64I,GI65M,DI66Y,SI68D,NI69V,LI71A",2.9588323,0.3744101,4,0
1JRH_LH_I|SL93A,-0.65058374,1.0643363,4,0
1JRH_LH_I|TI4V,-0.025565991,0.508042,4,0
"1JRH_LH_I|TI9L,EI11K",-0.025565991,0.005790986,4,0
1JRH_LH_I|TL94A,0.38526937,-0.06880279,4,0
1JRH_LH_I|VI41A,1.6791569,0.4803937,4,0
"1JRH_LH_I|VI73A,RI78K",-0.21360606,-1.0240189,4,0
1JRH_LH_I|WH54A,2.6862645,2.8892422,4,0
1JRH_LH_I|WH55A,2.4213178,1.9570537,4,0
1JRH_LH_I|WI46F,-0.25261214,0.03863889,4,0
1JRH_LH_I|WI46Y,0.29852974,0.10880776,4,0
1JRH_LH_I|WI72A,4.0,1.7921593,4,0
1JRH_LH_I|WI72F,1.102707,0.7596941,4,0
1JRH_LH_I|WI72Y,1.1878273,0.4845643,4,0
1JRH_LH_I|WL92A,2.818407,0.27104104,4,0
1JRH_LH_I|WL95A,1.6660647,0.18355235,4,0
1JRH_LH_I|YH104A,1.0610564,1.1638333,4,0
1JRH_LH_I|YH32A,1.4333102,1.4954419,4,0
1JRH_LH_I|YH60A,1.2555921,1.8636535,4,0
1JRH_LH_I|YI39A,3.5271235,1.4476789,4,0
1JRH_LH_I|YI39F,0.9087807,0.36643642,4,0
1JRH_LH_I|YL30A,1.1084566,1.5541669,4,0
1JRH_LH_I|YL91A,0.58083415,1.5111389,4,0
1KIQ_AB_C|FB101Y,-2.4949589,-1.8475316,4,0
1XGR_AB_C|IB33A,2.260207,2.3523226,4,0
1XGR_AB_C|IB33F,-1.8004549,-1.5691038,4,0
1XGR_AB_C|IB33L,0.061315425,0.24521413,4,0
1XGR_AB_C|IB33V,1.1076277,1.2306509,4,0
2BDN_HL_A|DH31E,1.0852306,0.39140773,4,0
2BDN_HL_A|LH27K,0.8740124,-0.54685926,4,0
2BDN_HL_A|LH27R,0.65058374,-0.59670806,4,0
2BDN_HL_A|NH28D,0.13214268,-0.45479357,4,0
2BDN_HL_A|NH28Q,1.3994616,0.3281728,4,0
2BDN_HL_A|NL31K,3.4897714,0.71908647,4,0
2BDN_HL_A|NL31R,-0.9171868,0.7163791,4,0
2BDN_HL_A|SL53D,-0.1605731,-0.7657556,4,0
2BDN_HL_A|SL53E,-0.85132045,-0.7867115,4,0
2BDN_HL_A|TL56D,-0.4254655,-0.31183785,4,0
2BDN_HL_A|TL56E,-0.6888026,0.0035809427,4,0
2BDN_HL_A|YL30K,0.67475796,0.8985436,4,0
2NYY_DC_A|DA1030A,0.009336901,0.9706885,4,0
2NYY_DC_A|DA1034A,2.5297937,2.625739,4,0
2NYY_DC_A|DC30Y,0.64113563,0.24033277,4,0
2NYY_DC_A|EA892A,2.839132,1.7917846,4,0
2NYY_DC_A|ED5Q,-0.2479871,-0.50006175,4,0
2NYY_DC_A|FA889A,0.4193659,0.59887856,4,0
2NYY_DC_A|FA925A,4.0,0.6925106,4,0
2NYY_DC_A|HA1036A,4.0,1.0387366,4,0
2NYY_DC_A|HC34R,0.10088469,-0.14207588,4,0
2NYY_DC_A|IA928A,-0.009487502,2.354609,4,0
2NYY_DC_A|KA1028A,-0.028934313,1.3306454,4,0
2NYY_DC_A|KA875A,0.29098648,1.9670476,4,0
2NYY_DC_A|KA895A,-0.14014584,1.156636,4,0
2NYY_DC_A|KD29R,0.071385965,-0.19286229,4,0
"2NYY_DC_A|KD29S,YD30D,DD31H,SD60P",0.04961051,0.5560414,4,0
2NYY_DC_A|LA891A,2.5892105,1.0217028,4,0
2NYY_DC_A|MD33Q,-0.059869844,0.2002992,4,0
2NYY_DC_A|NA890A,0.89044046,0.01399637,4,0
2NYY_DC_A|NA926A,0.09934822,0.044510104,4,0
2NYY_DC_A|QA887A,0.5208145,-0.6985246,4,0
2NYY_DC_A|RA1033A,0.82012254,1.2535347,4,0
2NYY_DC_A|RA1266A,0.2995321,1.6357359,4,0
2NYY_DC_A|SA874A,-0.23032175,1.3293813,4,0
2NYY_DC_A|SA927A,0.0,1.1840808,4,0
2NYY_DC_A|SC28Q,0.4133828,0.355896,4,0
2NYY_DC_A|SC31N,-0.35338265,-0.1254549,4,0
2NYY_DC_A|TA1035A,1.630871,0.8935564,4,0
2NYY_DC_A|VD36I,-0.21317148,0.15625416,4,0
"2NYY_DC_A|VD36I,ED5Q",-0.0490461,-0.19228445,4,0
2NYY_DC_A|YD30D,0.06462482,0.94810325,4,0
2NYY_DC_A|YD30Q,0.12897444,1.2657315,4,0
2NYY_DC_A|YD56Q,0.5196862,0.37015903,4,0
2NZ9_DC_A|DA1030A,-0.031082604,0.96395826,4,0
2NZ9_DC_A|DA1034A,2.3396032,2.42439,4,0
2NZ9_DC_A|EA892A,2.77036,2.0178037,4,0
2NZ9_DC_A|FA889A,-0.04961051,0.65086365,4,0
2NZ9_DC_A|FA925A,3.340439,0.6421359,4,0
2NZ9_DC_A|HA1036A,4.0,0.62826973,4,0
2NZ9_DC_A|IA928A,0.069281444,2.2658849,4,0
2NZ9_DC_A|KA1028A,-0.008714417,1.3028572,4,0
2NZ9_DC_A|KA875A,0.5407011,2.2726295,4,0
2NZ9_DC_A|KA895A,-0.29975358,1.3737999,4,0
2NZ9_DC_A|LA891A,2.279965,1.0044959,4,0
2NZ9_DC_A|NA890A,2.1600318,-0.0638213,4,0
2NZ9_DC_A|NA926A,-0.15216734,-0.052191257,4,0
2NZ9_DC_A|QA887A,0.09926054,-0.67562157,4,0
2NZ9_DC_A|RA1033A,0.29088098,1.2199968,4,0
2NZ9_DC_A|RA1266A,0.39015788,1.3713604,4,0
2NZ9_DC_A|SA874A,-0.11948046,0.9952345,4,0
2NZ9_DC_A|SA927A,-0.078544825,1.3578359,4,0
"2NZ9_DC_A|SD29K,DD30Y,HD31D",-0.04961051,-0.5148858,4,0
2NZ9_DC_A|TA1035A,2.3703818,0.8666059,4,0
2VIS_AB_C|IC89T,-4.0,-3.5788417,4,0
"3BE1_HL_A|DL28N,PL30A,RL31K,SL32T,TL97S,TL98S",-0.6860794,-0.97610486,4,0
"3BE1_HL_A|DL28N,PL30A,RL31K,SL32T,TL97S,TL98S,KH30S,DH31G,TH54S,NH55E,GH100V,DH102V",-2.7728782,-2.5409818,4,0
"3BE1_HL_A|DL28N,PL30A,RL31K,SL32T,TL97S,TL98S,KH30S,DH31G,TH54S,NH55E,GH100V,DH102V,YL36A",-3.190238,-1.6295582,4,0
"3BE1_HL_A|DL28N,PL30A,RL31K,SL32T,TL97S,TL98S,KH30S,DH31G,TH54S,NH55E,GH100V,DH102V,YL36A,IL33A",-2.7728782,-1.8005251,4,0
"3BE1_HL_A|DL28N,PL30A,RL31K,SL32T,YL57F,TL97S,TL98S",-0.8683455,-0.84896,4,0
"3BE1_HL_A|DL28N,PL30A,RL31K,SL32T,YL57F,TL97S,TL98S,KH30S,DH31G,TH54S,NH55E,GH100V,DH102V",-2.8824897,-2.448358,4,0
3LZF_AB_HL|DA187E,0.49836498,0.56904614,4,0
"3LZF_AB_HL|DA187E,DA222G",0.12738612,0.55540913,4,0
3LZF_AB_HL|DA222G,0.5378587,0.08472877,4,0
3NGB_HL_G|AH57G,-0.056030333,-0.53232354,4,0
"3NGB_HL_G|AH57G,VH58T,PH63K,VH74T",1.6734211,0.0027288944,4,0
"3NGB_HL_G|CH32S,CH102A",0.25899792,0.22633418,4,0
3NGB_HL_G|DH103A,0.05987142,-0.19256537,4,0
3NGB_HL_G|EL88A,1.3199503,0.3613245,4,0
3NGB_HL_G|FL89A,0.85886127,0.51439124,4,0
3NGB_HL_G|GH55A,-1.2766591,0.15177372,4,0
3NGB_HL_G|GH55S,0.74304354,0.6317154,4,0
3NGB_HL_G|GH56A,1.2656107,1.1876732,4,0
3NGB_HL_G|IH30A,-0.0027431613,0.5163316,4,0
3NGB_HL_G|IH30T,0.0733938,0.034416907,4,0
"3NGB_HL_G|IH30T,KH52N,RH54N,GH55S,AH57G,VH58T,RH62Q,PH63K,VH74T,YH75S,YL26S",0.86214453,0.3877508,4,0
3NGB_HL_G|KH52A,0.62288266,1.0053055,4,0
3NGB_HL_G|KH52N,0.17497002,-0.10224031,4,0
3NGB_HL_G|MH70A,0.5305512,0.099434435,4,0
3NGB_HL_G|NH105A,1.1185741,-0.29013526,4,0
3NGB_HL_G|NH59A,1.7671243,1.7561133,4,0
3NGB_HL_G|PH63A,-0.04252045,0.29666215,4,0
3NGB_HL_G|PH63K,0.23252328,0.04276175,4,0
3NGB_HL_G|QH65A,-0.34038836,0.6945099,4,0
3NGB_HL_G|QL25A,-0.23060839,0.286924,4,0
3NGB_HL_G|RH54A,-0.25938424,0.87168634,4,0
3NGB_HL_G|RH54N,0.04645046,0.09390081,4,0
3NGB_HL_G|RH62A,0.9958448,1.3001765,4,0
3NGB_HL_G|RH62Q,0.09654992,0.21614453,4,0
3NGB_HL_G|RH72A,1.6432176,2.9593678,4,0
3NGB_HL_G|SL28A,-0.14471176,-0.30838662,4,0
3NGB_HL_G|TH33A,0.7071634,0.6825854,4,0
3NGB_HL_G|TH33Y,0.084193856,-1.0044969,4,0
"3NGB_HL_G|TH33Y,GH56S,AH57G,VH58T,PH63K,VH74T,YH75S",1.9381938,0.30573386,4,0
3NGB_HL_G|VH58A,1.3584284,1.276715,4,0
3NGB_HL_G|VH58T,0.13787223,0.39744818,4,0
3NGB_HL_G|VH74A,1.087914,0.5090877,4,0
3NGB_HL_G|VH74T,0.16493925,0.15359768,4,0
3NGB_HL_G|VL1A,-0.7733632,-0.19307752,4,0
3NGB_HL_G|WH106A,4.0,0.19035289,4,0
3NGB_HL_G|WH47A,1.2021707,0.98566526,4,0
3NGB_HL_G|WH50A,1.2917941,1.1764711,4,0
3NGB_HL_G|YH104A,1.4235861,0.68562305,4,0
3NGB_HL_G|YH60A,0.5484263,0.5385779,4,0
3NGB_HL_G|YH75A,-0.19932224,-0.07431811,4,0
3NGB_HL_G|YH75S,0.3325709,0.09242531,4,0
3NGB_HL_G|YL26A,0.98528093,1.7086815,4,0
3NGB_HL_G|YL26S,0.6512687,1.1904615,4,0
3NGB_HL_G|YL87A,2.0227883,0.6425308,4,0
4JPK_HL_A|DA141R,3.857323,0.62125015,4,0
"4JPK_HL_A|DA159N,DA33N",0.6189681,3.6445866,4,0
4JPK_HL_A|FA144I,1.3875175,0.56187093,4,0
4JPK_HL_A|FA63L,1.1672868,0.35040134,4,0
4JPK_HL_A|RA130K,0.23006605,-0.120973796,4,0
4JPK_HL_A|RA81T,0.75870305,-0.18813019,4,0
4JPK_HL_A|SA41G,2.151695,1.2606932,4,0
4JPK_HL_A|TA35S,-0.032093357,-2.0102143,4,0
4JPK_HL_A|VA30N,0.59459484,1.042637,4,0
"1JRH_LH_I|AI49S,II51T,HI55D",0.070675574,0.21647541,4,1
"1JRH_LH_I|AI85D,KI88R,EI90K",-0.047747865,-0.37800473,4,1
"1JRH_LH_I|AI93L,VI94M",0.63366294,0.17581372,4,1
1JRH_LH_I|DH56A,1.8860998,2.47149,4,1
1JRH_LH_I|DH57A,1.6660647,0.70904684,4,1
1JRH_LH_I|DH58A,1.8546488,0.9214845,4,1
1JRH_LH_I|DL28A,0.43464687,1.6318401,4,1
1JRH_LH_I|EI35Q,0.09956847,-0.16918822,4,1
1JRH_LH_I|EI45A,-0.5657849,0.66467154,4,1
1JRH_LH_I|EI45P,-3.7881775,0.4256894,4,1
"1JRH_LH_I|EI45P,II47L",-3.4567804,0.49974492,4,1
"1JRH_LH_I|EI45P,II47R",-3.4400978,0.5323853,4,1
1JRH_LH_I|EL27A,0.5426153,1.4217099,4,1
1JRH_LH_I|FH103A,0.0,0.40476558,4,1
1JRH_LH_I|GI40A,4.0,0.64965826,4,1
1JRH_LH_I|HH107A,1.6977708,1.0601113,4,1
"1JRH_LH_I|II25N,PI27S,VI29T,VI31I",0.14370596,-0.23474172,4,1
1JRH_LH_I|KI37A,3.713863,0.57542133,4,1
1JRH_LH_I|KI37M,3.2923293,0.2876777,4,1
1JRH_LH_I|KI42A,3.3858175,0.56800985,4,1
1JRH_LH_I|KI42M,4.0,0.29282075,4,1
1JRH_LH_I|KI88A,0.31209365,0.104938105,4,1
"1JRH_LH_I|MI15L,II18V",-0.21360606,0.60275036,4,1
1JRH_LH_I|NI38A,0.1704579,0.46961117,4,1
1JRH_LH_I|NI38Q,0.5344714,-0.5645586,4,1
1JRH_LH_I|NI43A,4.0,0.9413116,4,1
1JRH_LH_I|NI69A,-0.19953421,0.6270002,4,1
1JRH_LH_I|RH100A,0.5426153,1.7528943,4,1
1JRH_LH_I|RI74A,0.3926171,1.6976224,4,1
1JRH_LH_I|SI44A,0.37771076,0.9480927,4,1
"1JRH_LH_I|SI44G,EI45G,II47R",-3.3777049,0.33560503,4,1
"1JRH_LH_I|SI44G,EI45P,II47K",-3.884419,0.36547104,4,1
"1JRH_LH_I|SI61Y,DI62E,HI63Q,VI64I,GI65M,DI66Y,SI68D,NI69V,LI71A",2.9588323,-0.23449063,4,1
1JRH_LH_I|SL93A,-0.65058374,0.85361445,4,1
1JRH_LH_I|TI4V,-0.025565991,-0.35170308,4,1
"1JRH_LH_I|TI9L,EI11K",-0.025565991,0.2246368,4,1
1JRH_LH_I|TL94A,0.38526937,0.63211226,4,1
1JRH_LH_I|VI41A,1.6791569,0.01787285,4,1
"1JRH_LH_I|VI73A,RI78K",-0.21360606,-0.066642605,4,1
1JRH_LH_I|WH54A,2.6862645,3.174959,4,1
1JRH_LH_I|WH55A,2.4213178,1.5444221,4,1
1JRH_LH_I|WI46F,-0.25261214,0.3278602,4,1
1JRH_LH_I|WI46Y,0.29852974,0.06706077,4,1
1JRH_LH_I|WI72A,4.0,1.4572428,4,1
1JRH_LH_I|WI72F,1.102707,0.3180819,4,1
1JRH_LH_I|WI72Y,1.1878273,-0.23114061,4,1
1JRH_LH_I|WL92A,2.818407,1.0082438,4,1
1JRH_LH_I|WL95A,1.6660647,0.93343085,4,1
1JRH_LH_I|YH104A,1.0610564,1.5714508,4,1
1JRH_LH_I|YH32A,1.4333102,1.0277555,4,1
1JRH_LH_I|YH60A,1.2555921,1.8912681,4,1
1JRH_LH_I|YI39A,3.5271235,1.5658269,4,1
1JRH_LH_I|YI39F,0.9087807,0.5468326,4,1
1JRH_LH_I|YL30A,1.1084566,0.97133607,4,1
1JRH_LH_I|YL91A,0.58083415,1.989769,4,1
1KIQ_AB_C|FB101Y,-2.4949589,-0.36721653,4,1
1XGR_AB_C|IB33A,2.260207,2.7716365,4,1
1XGR_AB_C|IB33F,-1.8004549,-0.6519136,4,1
1XGR_AB_C|IB33L,0.061315425,0.7201239,4,1
1XGR_AB_C|IB33V,1.1076277,1.6020747,4,1
2BDN_HL_A|DH31E,1.0852306,0.31720987,4,1
2BDN_HL_A|LH27K,0.8740124,0.37120914,4,1
2BDN_HL_A|LH27R,0.65058374,0.33427262,4,1
2BDN_HL_A|NH28D,0.13214268,-0.5380156,4,1
2BDN_HL_A|NH28Q,1.3994616,0.102890596,4,1
2BDN_HL_A|NL31K,3.4897714,0.3431306,4,1
2BDN_HL_A|NL31R,-0.9171868,0.2967751,4,1
2BDN_HL_A|SL53D,-0.1605731,-0.28860986,4,1
2BDN_HL_A|SL53E,-0.85132045,-0.039173312,4,1
2BDN_HL_A|TL56D,-0.4254655,-0.27505982,4,1
2BDN_HL_A|TL56E,-0.6888026,-0.18066113,4,1
2BDN_HL_A|YL30K,0.67475796,0.97677267,4,1
2NYY_DC_A|DA1030A,0.009336901,0.70894545,4,1
2NYY_DC_A|DA1034A,2.5297937,1.4579762,4,1
2NYY_DC_A|DC30Y,0.64113563,0.19791736,4,1
2NYY_DC_A|EA892A,2.839132,1.275812,4,1
2NYY_DC_A|ED5Q,-0.2479871,0.21032302,4,1
2NYY_DC_A|FA889A,0.4193659,1.627486,4,1
2NYY_DC_A|FA925A,4.0,0.60973704,4,1
2NYY_DC_A|HA1036A,4.0,2.3430903,4,1
2NYY_DC_A|HC34R,0.10088469,-0.07933271,4,1
2NYY_DC_A|IA928A,-0.009487502,0.81657946,4,1
2NYY_DC_A|KA1028A,-0.028934313,0.43873483,4,1
2NYY_DC_A|KA875A,0.29098648,0.8634456,4,1
2NYY_DC_A|KA895A,-0.14014584,0.85984117,4,1
2NYY_DC_A|KD29R,0.071385965,-0.035681456,4,1
"2NYY_DC_A|KD29S,YD30D,DD31H,SD60P",0.04961051,0.83257395,4,1
2NYY_DC_A|LA891A,2.5892105,0.5681772,4,1
2NYY_DC_A|MD33Q,-0.059869844,0.05302361,4,1
2NYY_DC_A|NA890A,0.89044046,0.16056861,4,1
2NYY_DC_A|NA926A,0.09934822,0.45217103,4,1
2NYY_DC_A|QA887A,0.5208145,0.8951003,4,1
2NYY_DC_A|RA1033A,0.82012254,0.4509754,4,1
2NYY_DC_A|RA1266A,0.2995321,0.4289687,4,1
2NYY_DC_A|SA874A,-0.23032175,0.24574581,4,1
2NYY_DC_A|SA927A,0.0,0.56531763,4,1
2NYY_DC_A|SC28Q,0.4133828,0.38708484,4,1
2NYY_DC_A|SC31N,-0.35338265,0.08882049,4,1
2NYY_DC_A|TA1035A,1.630871,0.23096271,4,1
2NYY_DC_A|VD36I,-0.21317148,0.09671861,4,1
"2NYY_DC_A|VD36I,ED5Q",-0.0490461,0.2820889,4,1
2NYY_DC_A|YD30D,0.06462482,0.4755073,4,1
2NYY_DC_A|YD30Q,0.12897444,0.85338193,4,1
2NYY_DC_A|YD56Q,0.5196862,0.5771061,4,1
2NZ9_DC_A|DA1030A,-0.031082604,0.83266157,4,1
2NZ9_DC_A|DA1034A,2.3396032,1.2581292,4,1
2NZ9_DC_A|EA892A,2.77036,1.4236602,4,1
2NZ9_DC_A|FA889A,-0.04961051,1.3762037,4,1
2NZ9_DC_A|FA925A,3.340439,0.7052956,4,1
2NZ9_DC_A|HA1036A,4.0,2.013368,4,1
2NZ9_DC_A|IA928A,0.069281444,0.7633222,4,1
2NZ9_DC_A|KA1028A,-0.008714417,0.43361893,4,1
2NZ9_DC_A|KA875A,0.5407011,0.7962009,4,1
2NZ9_DC_A|KA895A,-0.29975358,0.9014022,4,1
2NZ9_DC_A|LA891A,2.279965,0.6074187,4,1
2NZ9_DC_A|NA890A,2.1600318,0.1501017,4,1
2NZ9_DC_A|NA926A,-0.15216734,0.35305402,4,1
2NZ9_DC_A|QA887A,0.09926054,0.8507491,4,1
2NZ9_DC_A|RA1033A,0.29088098,0.41909617,4,1
2NZ9_DC_A|RA1266A,0.39015788,0.33483675,4,1
2NZ9_DC_A|SA874A,-0.11948046,0.14507379,4,1
2NZ9_DC_A|SA927A,-0.078544825,0.5900529,4,1
"2NZ9_DC_A|SD29K,DD30Y,HD31D",-0.04961051,-0.49865583,4,1
2NZ9_DC_A|TA1035A,2.3703818,0.28823105,4,1
2VIS_AB_C|IC89T,-4.0,-0.08574453,4,1
"3BE1_HL_A|DL28N,PL30A,RL31K,SL32T,TL97S,TL98S",-0.6860794,-0.7693765,4,1
"3BE1_HL_A|DL28N,PL30A,RL31K,SL32T,TL97S,TL98S,KH30S,DH31G,TH54S,NH55E,GH100V,DH102V",-2.7728782,-2.389193,4,1
"3BE1_HL_A|DL28N,PL30A,RL31K,SL32T,TL97S,TL98S,KH30S,DH31G,TH54S,NH55E,GH100V,DH102V,YL36A",-3.190238,-1.5238898,4,1
"3BE1_HL_A|DL28N,PL30A,RL31K,SL32T,TL97S,TL98S,KH30S,DH31G,TH54S,NH55E,GH100V,DH102V,YL36A,IL33A",-2.7728782,-1.1277541,4,1
"3BE1_HL_A|DL28N,PL30A,RL31K,SL32T,YL57F,TL97S,TL98S",-0.8683455,-0.8097929,4,1
"3BE1_HL_A|DL28N,PL30A,RL31K,SL32T,YL57F,TL97S,TL98S,KH30S,DH31G,TH54S,NH55E,GH100V,DH102V",-2.8824897,-2.4959133,4,1
3LZF_AB_HL|DA187E,0.49836498,0.4745685,4,1
"3LZF_AB_HL|DA187E,DA222G",0.12738612,1.1217812,4,1
3LZF_AB_HL|DA222G,0.5378587,0.24274479,4,1
3NGB_HL_G|AH57G,-0.056030333,-0.86307657,4,1
"3NGB_HL_G|AH57G,VH58T,PH63K,VH74T",1.6734211,-0.8311133,4,1
"3NGB_HL_G|CH32S,CH102A",0.25899792,0.45764142,4,1
3NGB_HL_G|DH103A,0.05987142,0.20197776,4,1
3NGB_HL_G|EL88A,1.3199503,0.8240007,4,1
3NGB_HL_G|FL89A,0.85886127,1.0072236,4,1
3NGB_HL_G|GH55A,-1.2766591,0.98248315,4,1
3NGB_HL_G|GH55S,0.74304354,0.5416944,4,1
3NGB_HL_G|GH56A,1.2656107,0.9106531,4,1
3NGB_HL_G|IH30A,-0.0027431613,0.43319964,4,1
3NGB_HL_G|IH30T,0.0733938,-0.14987259,4,1
"3NGB_HL_G|IH30T,KH52N,RH54N,GH55S,AH57G,VH58T,RH62Q,PH63K,VH74T,YH75S,YL26S",0.86214453,0.76308143,4,1
3NGB_HL_G|KH52A,0.62288266,1.0377479,4,1
3NGB_HL_G|KH52N,0.17497002,0.39796987,4,1
3NGB_HL_G|MH70A,0.5305512,1.0306435,4,1
3NGB_HL_G|NH105A,1.1185741,0.36539134,4,1
3NGB_HL_G|NH59A,1.7671243,0.9724057,4,1
3NGB_HL_G|PH63A,-0.04252045,0.22808173,4,1
3NGB_HL_G|PH63K,0.23252328,-0.06550714,4,1
3NGB_HL_G|QH65A,-0.34038836,0.92257935,4,1
3NGB_HL_G|QL25A,-0.23060839,0.55848724,4,1
3NGB_HL_G|RH54A,-0.25938424,0.68570733,4,1
3NGB_HL_G|RH54N,0.04645046,0.2752689,4,1
3NGB_HL_G|RH62A,0.9958448,0.5087819,4,1
3NGB_HL_G|RH62Q,0.09654992,0.01572421,4,1
3NGB_HL_G|RH72A,1.6432176,1.2678379,4,1
3NGB_HL_G|SL28A,-0.14471176,0.37841803,4,1
3NGB_HL_G|TH33A,0.7071634,1.0619737,4,1
3NGB_HL_G|TH33Y,0.084193856,-0.8103441,4,1
"3NGB_HL_G|TH33Y,GH56S,AH57G,VH58T,PH63K,VH74T,YH75S",1.9381938,-0.8316114,4,1
3NGB_HL_G|VH58A,1.3584284,1.2881552,4,1
3NGB_HL_G|VH58T,0.13787223,0.41280073,4,1
3NGB_HL_G|VH74A,1.087914,0.9250591,4,1
3NGB_HL_G|VH74T,0.16493925,0.04300504,4,1
3NGB_HL_G|VL1A,-0.7733632,0.13991168,4,1
3NGB_HL_G|WH106A,4.0,0.97028625,4,1
3NGB_HL_G|WH47A,1.2021707,1.7367957,4,1
3NGB_HL_G|WH50A,1.2917941,2.189209,4,1
3NGB_HL_G|YH104A,1.4235861,0.71024066,4,1
3NGB_HL_G|YH60A,0.5484263,1.058244,4,1
3NGB_HL_G|YH75A,-0.19932224,0.27591962,4,1
3NGB_HL_G|YH75S,0.3325709,-0.07457252,4,1
3NGB_HL_G|YL26A,0.98528093,0.6033054,4,1
3NGB_HL_G|YL26S,0.6512687,0.09246667,4,1
3NGB_HL_G|YL87A,2.0227883,2.7401907,4,1
4JPK_HL_A|DA141R,3.857323,0.40257385,4,1
"4JPK_HL_A|DA159N,DA33N",0.6189681,0.73507917,4,1
4JPK_HL_A|FA144I,1.3875175,0.8009337,4,1
4JPK_HL_A|FA63L,1.1672868,0.7539665,4,1
4JPK_HL_A|RA130K,0.23006605,-0.21757953,4,1
4JPK_HL_A|RA81T,0.75870305,0.07406716,4,1
4JPK_HL_A|SA41G,2.151695,0.4787034,4,1
4JPK_HL_A|TA35S,-0.032093357,-0.5013916,4,1
4JPK_HL_A|VA30N,0.59459484,-0.01664254,4,1
"1JRH_LH_I|AI49S,II51T,HI55D",0.070675574,-0.12639025,4,2
"1JRH_LH_I|AI85D,KI88R,EI90K",-0.047747865,-0.26846692,4,2
"1JRH_LH_I|AI93L,VI94M",0.63366294,-0.40164042,4,2
1JRH_LH_I|DH56A,1.8860998,0.1363324,4,2
1JRH_LH_I|DH57A,1.6660647,0.04276772,4,2
1JRH_LH_I|DH58A,1.8546488,0.059979983,4,2
1JRH_LH_I|DL28A,0.43464687,0.03805639,4,2
1JRH_LH_I|EI35Q,0.09956847,0.091795295,4,2
1JRH_LH_I|EI45A,-0.5657849,0.0012586452,4,2
1JRH_LH_I|EI45P,-3.7881775,0.001779397,4,2
"1JRH_LH_I|EI45P,II47L",-3.4567804,0.048910454,4,2
"1JRH_LH_I|EI45P,II47R",-3.4400978,0.12874466,4,2
1JRH_LH_I|EL27A,0.5426153,0.09855366,4,2
1JRH_LH_I|FH103A,0.0,0.010122581,4,2
1JRH_LH_I|GI40A,4.0,0.05890259,4,2
1JRH_LH_I|HH107A,1.6977708,0.14086923,4,2
"1JRH_LH_I|II25N,PI27S,VI29T,VI31I",0.14370596,0.09698385,4,2
1JRH_LH_I|KI37A,3.713863,0.039759036,4,2
1JRH_LH_I|KI37M,3.2923293,0.105273746,4,2
1JRH_LH_I|KI42A,3.3858175,0.030123109,4,2
1JRH_LH_I|KI42M,4.0,0.07138505,4,2
1JRH_LH_I|KI88A,0.31209365,0.043704618,4,2
"1JRH_LH_I|MI15L,II18V",-0.21360606,0.036056034,4,2
1JRH_LH_I|NI38A,0.1704579,-0.04979761,4,2
1JRH_LH_I|NI38Q,0.5344714,0.004349989,4,2
1JRH_LH_I|NI43A,4.0,0.10128556,4,2
1JRH_LH_I|NI69A,-0.19953421,0.095558524,4,2
1JRH_LH_I|RH100A,0.5426153,0.016667731,4,2
1JRH_LH_I|RI74A,0.3926171,0.07346979,4,2
1JRH_LH_I|SI44A,0.37771076,-0.0077190604,4,2
"1JRH_LH_I|SI44G,EI45G,II47R",-3.3777049,-0.19940136,4,2
"1JRH_LH_I|SI44G,EI45P,II47K",-3.884419,-0.003704626,4,2
"1JRH_LH_I|SI61Y,DI62E,HI63Q,VI64I,GI65M,DI66Y,SI68D,NI69V,LI71A",2.9588323,0.294444,4,2
1JRH_LH_I|SL93A,-0.65058374,0.019893823,4,2
1JRH_LH_I|TI4V,-0.025565991,0.106274165,4,2
"1JRH_LH_I|TI9L,EI11K",-0.025565991,-0.0048176125,4,2
1JRH_LH_I|TL94A,0.38526937,-0.010801753,4,2
1JRH_LH_I|VI41A,1.6791569,0.07834322,4,2
"1JRH_LH_I|VI73A,RI78K",-0.21360606,0.047963448,4,2
1JRH_LH_I|WH54A,2.6862645,0.10203889,4,2
1JRH_LH_I|WH55A,2.4213178,0.031690717,4,2
1JRH_LH_I|WI46F,-0.25261214,-0.022323294,4,2
1JRH_LH_I|WI46Y,0.29852974,0.01678008,4,2
1JRH_LH_I|WI72A,4.0,0.075183526,4,2
1JRH_LH_I|WI72F,1.102707,-0.015456526,4,2
1JRH_LH_I|WI72Y,1.1878273,0.0271701,4,2
1JRH_LH_I|WL92A,2.818407,0.046004906,4,2
1JRH_LH_I|WL95A,1.6660647,0.019485354,4,2
1JRH_LH_I|YH104A,1.0610564,0.16327439,4,2
1JRH_LH_I|YH32A,1.4333102,0.07069361,4,2
1JRH_LH_I|YH60A,1.2555921,0.09594351,4,2
1JRH_LH_I|YI39A,3.5271235,0.082745105,4,2
1JRH_LH_I|YI39F,0.9087807,0.10626898,4,2
1JRH_LH_I|YL30A,1.1084566,0.06952033,4,2
1JRH_LH_I|YL91A,0.58083415,0.10425967,4,2
1KIQ_AB_C|FB101Y,-2.4949589,0.007751845,4,2
1XGR_AB_C|IB33A,2.260207,-0.03428892,4,2
1XGR_AB_C|IB33F,-1.8004549,-0.041475527,4,2
1XGR_AB_C|IB33L,0.061315425,0.012565171,4,2
1XGR_AB_C|IB33V,1.1076277,0.109619126,4,2
2BDN_HL_A|DH31E,1.0852306,0.049158767,4,2
2BDN_HL_A|LH27K,0.8740124,0.036902707,4,2
2BDN_HL_A|LH27R,0.65058374,0.05925478,4,2
2BDN_HL_A|NH28D,0.13214268,-0.052165434,4,2
2BDN_HL_A|NH28Q,1.3994616,0.057909064,4,2
2BDN_HL_A|NL31K,3.4897714,0.035626054,4,2
2BDN_HL_A|NL31R,-0.9171868,0.05938726,4,2
2BDN_HL_A|SL53D,-0.1605731,-0.058401942,4,2
2BDN_HL_A|SL53E,-0.85132045,-0.082021445,4,2
2BDN_HL_A|TL56D,-0.4254655,-0.088147596,4,2
2BDN_HL_A|TL56E,-0.6888026,-0.088992745,4,2
2BDN_HL_A|YL30K,0.67475796,0.1885475,4,2
2NYY_DC_A|DA1030A,0.009336901,0.03334462,4,2
2NYY_DC_A|DA1034A,2.5297937,0.09613478,4,2
2NYY_DC_A|DC30Y,0.64113563,0.17731954,4,2
2NYY_DC_A|EA892A,2.839132,-0.01539335,4,2
2NYY_DC_A|ED5Q,-0.2479871,0.0559787,4,2
2NYY_DC_A|FA889A,0.4193659,0.05991687,4,2
2NYY_DC_A|FA925A,4.0,0.0590026,4,2
2NYY_DC_A|HA1036A,4.0,0.21855414,4,2
2NYY_DC_A|HC34R,0.10088469,0.12823306,4,2
2NYY_DC_A|IA928A,-0.009487502,0.095032185,4,2
2NYY_DC_A|KA1028A,-0.028934313,-0.004872268,4,2
2NYY_DC_A|KA875A,0.29098648,0.08630697,4,2
2NYY_DC_A|KA895A,-0.14014584,0.1023233,4,2
2NYY_DC_A|KD29R,0.071385965,0.045679558,4,2
"2NYY_DC_A|KD29S,YD30D,DD31H,SD60P",0.04961051,0.15743557,4,2
2NYY_DC_A|LA891A,2.5892105,0.040359914,4,2
2NYY_DC_A|MD33Q,-0.059869844,0.06232211,4,2
2NYY_DC_A|NA890A,0.89044046,-0.03521233,4,2
2NYY_DC_A|NA926A,0.09934822,-0.047016084,4,2
2NYY_DC_A|QA887A,0.5208145,-0.029753862,4,2
2NYY_DC_A|RA1033A,0.82012254,0.038714267,4,2
2NYY_DC_A|RA1266A,0.2995321,0.08689247,4,2
2NYY_DC_A|SA874A,-0.23032175,0.011204636,4,2
2NYY_DC_A|SA927A,0.0,-0.0017530862,4,2
2NYY_DC_A|SC28Q,0.4133828,0.082192175,4,2
2NYY_DC_A|SC31N,-0.35338265,0.08377414,4,2
2NYY_DC_A|TA1035A,1.630871,0.02441066,4,2
2NYY_DC_A|VD36I,-0.21317148,0.027906308,4,2
"2NYY_DC_A|VD36I,ED5Q",-0.0490461,0.019518076,4,2
2NYY_DC_A|YD30D,0.06462482,0.102479115,4,2
2NYY_DC_A|YD30Q,0.12897444,0.11281598,4,2
2NYY_DC_A|YD56Q,0.5196862,0.07119835,4,2
2NZ9_DC_A|DA1030A,-0.031082604,0.028325913,4,2
2NZ9_DC_A|DA1034A,2.3396032,0.061630443,4,2
2NZ9_DC_A|EA892A,2.77036,0.018282622,4,2
2NZ9_DC_A|FA889A,-0.04961051,0.07857275,4,2
2NZ9_DC_A|FA925A,3.340439,0.04674937,4,2
2NZ9_DC_A|HA1036A,4.0,0.1578255,4,2
2NZ9_DC_A|IA928A,0.069281444,0.064025275,4,2
2NZ9_DC_A|KA1028A,-0.008714417,-0.002072163,4,2
2NZ9_DC_A|KA875A,0.5407011,0.076296136,4,2
2NZ9_DC_A|KA895A,-0.29975358,0.09477533,4,2
2NZ9_DC_A|LA891A,2.279965,0.052658908,4,2
2NZ9_DC_A|NA890A,2.1600318,-0.034242883,4,2
2NZ9_DC_A|NA926A,-0.15216734,-0.059314564,4,2
2NZ9_DC_A|QA887A,0.09926054,-0.017928278,4,2
2NZ9_DC_A|RA1033A,0.29088098,0.0300789,4,2
2NZ9_DC_A|RA1266A,0.39015788,0.056918204,4,2
2NZ9_DC_A|SA874A,-0.11948046,-0.031515792,4,2
2NZ9_DC_A|SA927A,-0.078544825,0.00046158396,4,2
"2NZ9_DC_A|SD29K,DD30Y,HD31D",-0.04961051,0.0065085497,4,2
2NZ9_DC_A|TA1035A,2.3703818,0.051260628,4,2
2VIS_AB_C|IC89T,-4.0,0.038600877,4,2
"3BE1_HL_A|DL28N,PL30A,RL31K,SL32T,TL97S,TL98S",-0.6860794,0.20843339,4,2
"3BE1_HL_A|DL28N,PL30A,RL31K,SL32T,TL97S,TL98S,KH30S,DH31G,TH54S,NH55E,GH100V,DH102V",-2.7728782,0.09429379,4,2
"3BE1_HL_A|DL28N,PL30A,RL31K,SL32T,TL97S,TL98S,KH30S,DH31G,TH54S,NH55E,GH100V,DH102V,YL36A",-3.190238,0.1774687,4,2
"3BE1_HL_A|DL28N,PL30A,RL31K,SL32T,TL97S,TL98S,KH30S,DH31G,TH54S,NH55E,GH100V,DH102V,YL36A,IL33A",-2.7728782,0.23363449,4,2
"3BE1_HL_A|DL28N,PL30A,RL31K,SL32T,YL57F,TL97S,TL98S",-0.8683455,0.3237605,4,2
"3BE1_HL_A|DL28N,PL30A,RL31K,SL32T,YL57F,TL97S,TL98S,KH30S,DH31G,TH54S,NH55E,GH100V,DH102V",-2.8824897,0.18026142,4,2
3LZF_AB_HL|DA187E,0.49836498,-0.03483443,4,2
"3LZF_AB_HL|DA187E,DA222G",0.12738612,-0.14938551,4,2
3LZF_AB_HL|DA222G,0.5378587,-0.05137123,4,2
3NGB_HL_G|AH57G,-0.056030333,-0.46802974,4,2
"3NGB_HL_G|AH57G,VH58T,PH63K,VH74T",1.6734211,-0.43479666,4,2
"3NGB_HL_G|CH32S,CH102A",0.25899792,-0.036077634,4,2
3NGB_HL_G|DH103A,0.05987142,0.041600242,4,2
3NGB_HL_G|EL88A,1.3199503,0.0009556273,4,2
3NGB_HL_G|FL89A,0.85886127,0.092880726,4,2
3NGB_HL_G|GH55A,-1.2766591,0.035806097,4,2
3NGB_HL_G|GH55S,0.74304354,0.18373267,4,2
3NGB_HL_G|GH56A,1.2656107,0.09582071,4,2
3NGB_HL_G|IH30A,-0.0027431613,-0.009426251,4,2
3NGB_HL_G|IH30T,0.0733938,0.035033576,4,2
"3NGB_HL_G|IH30T,KH52N,RH54N,GH55S,AH57G,VH58T,RH62Q,PH63K,VH74T,YH75S,YL26S",0.86214453,0.4852785,4,2
3NGB_HL_G|KH52A,0.62288266,0.043648567,4,2
3NGB_HL_G|KH52N,0.17497002,0.07445852,4,2
3NGB_HL_G|MH70A,0.5305512,0.049503587,4,2
3NGB_HL_G|NH105A,1.1185741,-0.07357842,4,2
3NGB_HL_G|NH59A,1.7671243,0.10650417,4,2
3NGB_HL_G|PH63A,-0.04252045,-0.08440056,4,2
3NGB_HL_G|PH63K,0.23252328,-0.025752572,4,2
3NGB_HL_G|QH65A,-0.34038836,0.055446714,4,2
3NGB_HL_G|QL25A,-0.23060839,0.0045529325,4,2
3NGB_HL_G|RH54A,-0.25938424,0.097534746,4,2
3NGB_HL_G|RH54N,0.04645046,0.18713404,4,2
3NGB_HL_G|RH62A,0.9958448,0.044359468,4,2
3NGB_HL_G|RH62Q,0.09654992,0.101782076,4,2
3NGB_HL_G|RH72A,1.6432176,-0.017234063,4,2
3NGB_HL_G|SL28A,-0.14471176,-0.014227578,4,2
3NGB_HL_G|TH33A,0.7071634,-0.04554005,4,2
3NGB_HL_G|TH33Y,0.084193856,-0.020767102,4,2
"3NGB_HL_G|TH33Y,GH56S,AH57G,VH58T,PH63K,VH74T,YH75S",1.9381938,-0.20745571,4,2
3NGB_HL_G|VH58A,1.3584284,0.12173648,4,2
3NGB_HL_G|VH58T,0.13787223,0.13439466,4,2
3NGB_HL_G|VH74A,1.087914,0.023639547,4,2
3NGB_HL_G|VH74T,0.16493925,0.09264348,4,2
3NGB_HL_G|VL1A,-0.7733632,0.027942663,4,2
3NGB_HL_G|WH106A,4.0,0.06072565,4,2
3NGB_HL_G|WH47A,1.2021707,-0.01801738,4,2
3NGB_HL_G|WH50A,1.2917941,0.049143806,4,2
3NGB_HL_G|YH104A,1.4235861,0.05752209,4,2
3NGB_HL_G|YH60A,0.5484263,0.016987283,4,2
3NGB_HL_G|YH75A,-0.19932224,0.0515308,4,2
3NGB_HL_G|YH75S,0.3325709,0.13450177,4,2
3NGB_HL_G|YL26A,0.98528093,0.023691485,4,2
3NGB_HL_G|YL26S,0.6512687,0.08964533,4,2
3NGB_HL_G|YL87A,2.0227883,0.108099096,4,2
4JPK_HL_A|DA141R,3.857323,0.112988845,4,2
"4JPK_HL_A|DA159N,DA33N",0.6189681,0.06950462,4,2
4JPK_HL_A|FA144I,1.3875175,0.050393507,4,2
4JPK_HL_A|FA63L,1.1672868,0.15998918,4,2
4JPK_HL_A|RA130K,0.23006605,0.0022723097,4,2
4JPK_HL_A|RA81T,0.75870305,0.13722704,4,2
4JPK_HL_A|SA41G,2.151695,-0.15225245,4,2
4JPK_HL_A|TA35S,-0.032093357,0.05956097,4,2
4JPK_HL_A|VA30N,0.59459484,0.06349269,4,2
"1JRH_LH_I|AI49S,II51T,HI55D",0.070675574,-0.03948927,4,3
"1JRH_LH_I|AI85D,KI88R,EI90K",-0.047747865,-0.8124537,4,3
"1JRH_LH_I|AI93L,VI94M",0.63366294,-0.29381073,4,3
1JRH_LH_I|DH56A,1.8860998,2.2032177,4,3
1JRH_LH_I|DH57A,1.6660647,0.9368106,4,3
1JRH_LH_I|DH58A,1.8546488,1.5908418,4,3
1JRH_LH_I|DL28A,0.43464687,1.3647165,4,3
1JRH_LH_I|EI35Q,0.09956847,-0.6569782,4,3
1JRH_LH_I|EI45A,-0.5657849,0.73567957,4,3
1JRH_LH_I|EI45P,-3.7881775,0.43894142,4,3
"1JRH_LH_I|EI45P,II47L",-3.4567804,1.0901229,4,3
"1JRH_LH_I|EI45P,II47R",-3.4400978,0.44322738,4,3
1JRH_LH_I|EL27A,0.5426153,0.64123136,4,3
1JRH_LH_I|FH103A,0.0,0.1527168,4,3
1JRH_LH_I|GI40A,4.0,1.0735006,4,3
1JRH_LH_I|HH107A,1.6977708,0.6649108,4,3
"1JRH_LH_I|II25N,PI27S,VI29T,VI31I",0.14370596,-0.30288342,4,3
1JRH_LH_I|KI37A,3.713863,1.5506029,4,3
1JRH_LH_I|KI37M,3.2923293,0.7698945,4,3
1JRH_LH_I|KI42A,3.3858175,1.2773223,4,3
1JRH_LH_I|KI42M,4.0,0.8365624,4,3
1JRH_LH_I|KI88A,0.31209365,1.4406943,4,3
"1JRH_LH_I|MI15L,II18V",-0.21360606,1.5361454,4,3
1JRH_LH_I|NI38A,0.1704579,0.21913975,4,3
1JRH_LH_I|NI38Q,0.5344714,-0.5743448,4,3
1JRH_LH_I|NI43A,4.0,1.0323801,4,3
1JRH_LH_I|NI69A,-0.19953421,0.61251324,4,3
1JRH_LH_I|RH100A,0.5426153,1.304112,4,3
1JRH_LH_I|RI74A,0.3926171,2.0538332,4,3
1JRH_LH_I|SI44A,0.37771076,1.9339745,4,3
"1JRH_LH_I|SI44G,EI45G,II47R",-3.3777049,0.4066469,4,3
"1JRH_LH_I|SI44G,EI45P,II47K",-3.884419,0.25800776,4,3
"1JRH_LH_I|SI61Y,DI62E,HI63Q,VI64I,GI65M,DI66Y,SI68D,NI69V,LI71A",2.9588323,0.2851394,4,3
1JRH_LH_I|SL93A,-0.65058374,1.1439941,4,3
1JRH_LH_I|TI4V,-0.025565991,-0.0583455,4,3
"1JRH_LH_I|TI9L,EI11K",-0.025565991,-0.41180497,4,3
1JRH_LH_I|TL94A,0.38526937,0.48740774,4,3
1JRH_LH_I|VI41A,1.6791569,0.32584438,4,3
"1JRH_LH_I|VI73A,RI78K",-0.21360606,-0.96465874,4,3
1JRH_LH_I|WH54A,2.6862645,2.2925556,4,3
1JRH_LH_I|WH55A,2.4213178,1.2844028,4,3
1JRH_LH_I|WI46F,-0.25261214,0.49597657,4,3
1JRH_LH_I|WI46Y,0.29852974,-0.28056324,4,3
1JRH_LH_I|WI72A,4.0,1.8379745,4,3
1JRH_LH_I|WI72F,1.102707,0.56480414,4,3
1JRH_LH_I|WI72Y,1.1878273,-0.3718829,4,3
1JRH_LH_I|WL92A,2.818407,0.9227251,4,3
1JRH_LH_I|WL95A,1.6660647,1.2893872,4,3
1JRH_LH_I|YH104A,1.0610564,1.4164908,4,3
1JRH_LH_I|YH32A,1.4333102,1.5578182,4,3
1JRH_LH_I|YH60A,1.2555921,1.5701385,4,3
1JRH_LH_I|YI39A,3.5271235,2.1867225,4,3
1JRH_LH_I|YI39F,0.9087807,1.0531902,4,3
1JRH_LH_I|YL30A,1.1084566,1.9335566,4,3
1JRH_LH_I|YL91A,0.58083415,2.4509635,4,3
1KIQ_AB_C|FB101Y,-2.4949589,-1.0701485,4,3
1XGR_AB_C|IB33A,2.260207,2.4635694,4,3
1XGR_AB_C|IB33F,-1.8004549,-1.3420935,4,3
1XGR_AB_C|IB33L,0.061315425,0.49725902,4,3
1XGR_AB_C|IB33V,1.1076277,1.275945,4,3
2BDN_HL_A|DH31E,1.0852306,0.47169322,4,3
2BDN_HL_A|LH27K,0.8740124,-0.11553241,4,3
2BDN_HL_A|LH27R,0.65058374,-0.32346717,4,3
2BDN_HL_A|NH28D,0.13214268,-0.59696394,4,3
2BDN_HL_A|NH28Q,1.3994616,0.07986452,4,3
2BDN_HL_A|NL31K,3.4897714,0.37102354,4,3
2BDN_HL_A|NL31R,-0.9171868,0.07104813,4,3
2BDN_HL_A|SL53D,-0.1605731,-0.1096635,4,3
2BDN_HL_A|SL53E,-0.85132045,0.30953088,4,3
2BDN_HL_A|TL56D,-0.4254655,-0.46253332,4,3
2BDN_HL_A|TL56E,-0.6888026,-0.21070564,4,3
2BDN_HL_A|YL30K,0.67475796,1.4537513,4,3
2NYY_DC_A|DA1030A,0.009336901,0.81645834,4,3
2NYY_DC_A|DA1034A,2.5297937,1.1293707,4,3
2NYY_DC_A|DC30Y,0.64113563,-0.560466,4,3
2NYY_DC_A|EA892A,2.839132,0.5651975,4,3
2NYY_DC_A|ED5Q,-0.2479871,-0.26766777,4,3
2NYY_DC_A|FA889A,0.4193659,0.97211975,4,3
2NYY_DC_A|FA925A,4.0,1.0204229,4,3
2NYY_DC_A|HA1036A,4.0,0.91310537,4,3
2NYY_DC_A|HC34R,0.10088469,0.22131073,4,3
2NYY_DC_A|IA928A,-0.009487502,0.6065658,4,3
2NYY_DC_A|KA1028A,-0.028934313,0.980372,4,3
2NYY_DC_A|KA875A,0.29098648,1.7611299,4,3
2NYY_DC_A|KA895A,-0.14014584,1.3773885,4,3
2NYY_DC_A|KD29R,0.071385965,-0.25539184,4,3
"2NYY_DC_A|KD29S,YD30D,DD31H,SD60P",0.04961051,0.7150381,4,3
2NYY_DC_A|LA891A,2.5892105,-0.38475037,4,3
2NYY_DC_A|MD33Q,-0.059869844,-0.067191236,4,3
2NYY_DC_A|NA890A,0.89044046,0.52623487,4,3
2NYY_DC_A|NA926A,0.09934822,0.28448954,4,3
2NYY_DC_A|QA887A,0.5208145,-0.10894216,4,3
2NYY_DC_A|RA1033A,0.82012254,0.59363306,4,3
2NYY_DC_A|RA1266A,0.2995321,1.0093536,4,3
2NYY_DC_A|SA874A,-0.23032175,0.7991519,4,3
2NYY_DC_A|SA927A,0.0,1.0571172,4,3
2NYY_DC_A|SC28Q,0.4133828,0.16065152,4,3
2NYY_DC_A|SC31N,-0.35338265,0.21059746,4,3
2NYY_DC_A|TA1035A,1.630871,0.2919446,4,3
2NYY_DC_A|VD36I,-0.21317148,-0.01089339,4,3
"2NYY_DC_A|VD36I,ED5Q",-0.0490461,-0.26448047,4,3
2NYY_DC_A|YD30D,0.06462482,0.9134235,4,3
2NYY_DC_A|YD30Q,0.12897444,1.0312693,4,3
2NYY_DC_A|YD56Q,0.5196862,0.71859837,4,3
2NZ9_DC_A|DA1030A,-0.031082604,0.9244916,4,3
2NZ9_DC_A|DA1034A,2.3396032,1.03708,4,3
2NZ9_DC_A|EA892A,2.77036,0.72162265,4,3
2NZ9_DC_A|FA889A,-0.04961051,1.008908,4,3
2NZ9_DC_A|FA925A,3.340439,0.96842164,4,3
2NZ9_DC_A|HA1036A,4.0,0.754064,4,3
2NZ9_DC_A|IA928A,0.069281444,0.5711373,4,3
2NZ9_DC_A|KA1028A,-0.008714417,0.98640794,4,3
2NZ9_DC_A|KA875A,0.5407011,1.564728,4,3
2NZ9_DC_A|KA895A,-0.29975358,1.4131334,4,3
2NZ9_DC_A|LA891A,2.279965,-0.39989036,4,3
2NZ9_DC_A|NA890A,2.1600318,0.5295075,4,3
2NZ9_DC_A|NA926A,-0.15216734,0.2219365,4,3
2NZ9_DC_A|QA887A,0.09926054,-0.098542824,4,3
2NZ9_DC_A|RA1033A,0.29088098,0.62656754,4,3
2NZ9_DC_A|RA1266A,0.39015788,0.9762719,4,3
2NZ9_DC_A|SA874A,-0.11948046,0.7561191,4,3
2NZ9_DC_A|SA927A,-0.078544825,1.0232952,4,3
"2NZ9_DC_A|SD29K,DD30Y,HD31D",-0.04961051,-0.7597523,4,3
2NZ9_DC_A|TA1035A,2.3703818,0.30879432,4,3
2VIS_AB_C|IC89T,-4.0,-0.37721252,4,3
"3BE1_HL_A|DL28N,PL30A,RL31K,SL32T,TL97S,TL98S",-0.6860794,-0.6476535,4,3
"3BE1_HL_A|DL28N,PL30A,RL31K,SL32T,TL97S,TL98S,KH30S,DH31G,TH54S,NH55E,GH100V,DH102V",-2.7728782,-2.0607367,4,3
"3BE1_HL_A|DL28N,PL30A,RL31K,SL32T,TL97S,TL98S,KH30S,DH31G,TH54S,NH55E,GH100V,DH102V,YL36A",-3.190238,-1.2762327,4,3
"3BE1_HL_A|DL28N,PL30A,RL31K,SL32T,TL97S,TL98S,KH30S,DH31G,TH54S,NH55E,GH100V,DH102V,YL36A,IL33A",-2.7728782,-1.2304904,4,3
"3BE1_HL_A|DL28N,PL30A,RL31K,SL32T,YL57F,TL97S,TL98S",-0.8683455,-0.52014065,4,3
"3BE1_HL_A|DL28N,PL30A,RL31K,SL32T,YL57F,TL97S,TL98S,KH30S,DH31G,TH54S,NH55E,GH100V,DH102V",-2.8824897,-2.0562193,4,3
3LZF_AB_HL|DA187E,0.49836498,0.20093244,4,3
"3LZF_AB_HL|DA187E,DA222G",0.12738612,0.630444,4,3
3LZF_AB_HL|DA222G,0.5378587,0.37832206,4,3
3NGB_HL_G|AH57G,-0.056030333,-0.6559226,4,3
"3NGB_HL_G|AH57G,VH58T,PH63K,VH74T",1.6734211,-0.34365165,4,3
"3NGB_HL_G|CH32S,CH102A",0.25899792,0.10815494,4,3
3NGB_HL_G|DH103A,0.05987142,0.48702645,4,3
3NGB_HL_G|EL88A,1.3199503,0.43943918,4,3
3NGB_HL_G|FL89A,0.85886127,0.67481095,4,3
3NGB_HL_G|GH55A,-1.2766591,0.7402857,4,3
3NGB_HL_G|GH55S,0.74304354,-0.033989478,4,3
3NGB_HL_G|GH56A,1.2656107,0.46097177,4,3
3NGB_HL_G|IH30A,-0.0027431613,0.5467593,4,3
3NGB_HL_G|IH30T,0.0733938,0.06862861,4,3
"3NGB_HL_G|IH30T,KH52N,RH54N,GH55S,AH57G,VH58T,RH62Q,PH63K,VH74T,YH75S,YL26S",0.86214453,0.84334654,4,3
3NGB_HL_G|KH52A,0.62288266,1.1370378,4,3
3NGB_HL_G|KH52N,0.17497002,0.0049372353,4,3
3NGB_HL_G|MH70A,0.5305512,0.5728455,4,3
3NGB_HL_G|NH105A,1.1185741,0.2595936,4,3
3NGB_HL_G|NH59A,1.7671243,1.2218003,4,3
3NGB_HL_G|PH63A,-0.04252045,0.0438371,4,3
3NGB_HL_G|PH63K,0.23252328,-0.121889204,4,3
3NGB_HL_G|QH65A,-0.34038836,0.63710934,4,3
3NGB_HL_G|QL25A,-0.23060839,0.6263139,4,3
3NGB_HL_G|RH54A,-0.25938424,0.9002521,4,3
3NGB_HL_G|RH54N,0.04645046,0.30985644,4,3
3NGB_HL_G|RH62A,0.9958448,0.62629145,4,3
3NGB_HL_G|RH62Q,0.09654992,-0.10624145,4,3
3NGB_HL_G|RH72A,1.6432176,0.8278503,4,3
3NGB_HL_G|SL28A,-0.14471176,1.7283411,4,3
3NGB_HL_G|TH33A,0.7071634,0.92319983,4,3
3NGB_HL_G|TH33Y,0.084193856,-1.903063,4,3
"3NGB_HL_G|TH33Y,GH56S,AH57G,VH58T,PH63K,VH74T,YH75S",1.9381938,-0.8561315,4,3
3NGB_HL_G|VH58A,1.3584284,0.8286935,4,3
3NGB_HL_G|VH58T,0.13787223,0.2977847,4,3
3NGB_HL_G|VH74A,1.087914,0.4241284,4,3
3NGB_HL_G|VH74T,0.16493925,0.17628291,4,3
3NGB_HL_G|VL1A,-0.7733632,0.50190526,4,3
3NGB_HL_G|WH106A,4.0,1.0457728,4,3
3NGB_HL_G|WH47A,1.2021707,1.1009662,4,3
3NGB_HL_G|WH50A,1.2917941,1.8893604,4,3
3NGB_HL_G|YH104A,1.4235861,1.0832,4,3
3NGB_HL_G|YH60A,0.5484263,0.9979109,4,3
3NGB_HL_G|YH75A,-0.19932224,1.1928871,4,3
3NGB_HL_G|YH75S,0.3325709,0.65327495,4,3
3NGB_HL_G|YL26A,0.98528093,1.608052,4,3
3NGB_HL_G|YL26S,0.6512687,0.81465393,4,3
3NGB_HL_G|YL87A,2.0227883,2.3235617,4,3
4JPK_HL_A|DA141R,3.857323,0.18742386,4,3
"4JPK_HL_A|DA159N,DA33N",0.6189681,1.288141,4,3
4JPK_HL_A|FA144I,1.3875175,0.25670254,4,3
4JPK_HL_A|FA63L,1.1672868,1.2037699,4,3
4JPK_HL_A|RA130K,0.23006605,-0.29972667,4,3
4JPK_HL_A|RA81T,0.75870305,0.35484266,4,3
4JPK_HL_A|SA41G,2.151695,0.60231453,4,3
4JPK_HL_A|TA35S,-0.032093357,-0.49574798,4,3
4JPK_HL_A|VA30N,0.59459484,0.3464674,4,3
"1JRH_LH_I|AI49S,II51T,HI55D",0.070675574,0.36958438,4,4
"1JRH_LH_I|AI85D,KI88R,EI90K",-0.047747865,-0.45751104,4,4
"1JRH_LH_I|AI93L,VI94M",0.63366294,-0.66864014,4,4
1JRH_LH_I|DH56A,1.8860998,1.8417122,4,4
1JRH_LH_I|DH57A,1.6660647,0.34411404,4,4
1JRH_LH_I|DH58A,1.8546488,1.0423476,4,4
1JRH_LH_I|DL28A,0.43464687,1.8167479,4,4
1JRH_LH_I|EI35Q,0.09956847,0.028906107,4,4
1JRH_LH_I|EI45A,-0.5657849,0.7855289,4,4
1JRH_LH_I|EI45P,-3.7881775,-0.36817807,4,4
"1JRH_LH_I|EI45P,II47L",-3.4567804,0.37419823,4,4
"1JRH_LH_I|EI45P,II47R",-3.4400978,0.6235865,4,4
1JRH_LH_I|EL27A,0.5426153,0.4598792,4,4
1JRH_LH_I|FH103A,0.0,0.55156857,4,4
1JRH_LH_I|GI40A,4.0,1.6590139,4,4
1JRH_LH_I|HH107A,1.6977708,0.97030264,4,4
"1JRH_LH_I|II25N,PI27S,VI29T,VI31I",0.14370596,-0.33918825,4,4
1JRH_LH_I|KI37A,3.713863,1.2510846,4,4
1JRH_LH_I|KI37M,3.2923293,0.49192458,4,4
1JRH_LH_I|KI42A,3.3858175,1.9454303,4,4
1JRH_LH_I|KI42M,4.0,-0.64456993,4,4
1JRH_LH_I|KI88A,0.31209365,-0.02879303,4,4
"1JRH_LH_I|MI15L,II18V",-0.21360606,1.5179096,4,4
1JRH_LH_I|NI38A,0.1704579,0.6159382,4,4
1JRH_LH_I|NI38Q,0.5344714,-0.70625615,4,4
1JRH_LH_I|NI43A,4.0,1.3798358,4,4
1JRH_LH_I|NI69A,-0.19953421,0.5128852,4,4
1JRH_LH_I|RH100A,0.5426153,1.876875,4,4
1JRH_LH_I|RI74A,0.3926171,1.3576051,4,4
1JRH_LH_I|SI44A,0.37771076,1.5933837,4,4
"1JRH_LH_I|SI44G,EI45G,II47R",-3.3777049,0.8675345,4,4
"1JRH_LH_I|SI44G,EI45P,II47K",-3.884419,0.96035343,4,4
"1JRH_LH_I|SI61Y,DI62E,HI63Q,VI64I,GI65M,DI66Y,SI68D,NI69V,LI71A",2.9588323,-0.8000842,4,4
1JRH_LH_I|SL93A,-0.65058374,1.7946671,4,4
1JRH_LH_I|TI4V,-0.025565991,0.5634714,4,4
"1JRH_LH_I|TI9L,EI11K",-0.025565991,-0.06226041,4,4
1JRH_LH_I|TL94A,0.38526937,0.43271714,4,4
1JRH_LH_I|VI41A,1.6791569,0.6044891,4,4
"1JRH_LH_I|VI73A,RI78K",-0.21360606,-0.21098268,4,4
1JRH_LH_I|WH54A,2.6862645,1.6226692,4,4
1JRH_LH_I|WH55A,2.4213178,1.0967275,4,4
1JRH_LH_I|WI46F,-0.25261214,0.09747341,4,4
1JRH_LH_I|WI46Y,0.29852974,0.32990038,4,4
1JRH_LH_I|WI72A,4.0,1.9223639,4,4
1JRH_LH_I|WI72F,1.102707,-0.4248689,4,4
1JRH_LH_I|WI72Y,1.1878273,-0.38873973,4,4
1JRH_LH_I|WL92A,2.818407,0.8310273,4,4
1JRH_LH_I|WL95A,1.6660647,0.7558522,4,4
1JRH_LH_I|YH104A,1.0610564,1.8795997,4,4
1JRH_LH_I|YH32A,1.4333102,1.0661335,4,4
1JRH_LH_I|YH60A,1.2555921,1.9738821,4,4
1JRH_LH_I|YI39A,3.5271235,1.644859,4,4
1JRH_LH_I|YI39F,0.9087807,-0.46180412,4,4
1JRH_LH_I|YL30A,1.1084566,1.536889,4,4
1JRH_LH_I|YL91A,0.58083415,1.3261759,4,4
1KIQ_AB_C|FB101Y,-2.4949589,-1.8509799,4,4
1XGR_AB_C|IB33A,2.260207,1.749128,4,4
1XGR_AB_C|IB33F,-1.8004549,-1.5558122,4,4
1XGR_AB_C|IB33L,0.061315425,-0.07367618,4,4
1XGR_AB_C|IB33V,1.1076277,1.1274788,4,4
2BDN_HL_A|DH31E,1.0852306,0.09868729,4,4
2BDN_HL_A|LH27K,0.8740124,-0.8375622,4,4
2BDN_HL_A|LH27R,0.65058374,-0.67379063,4,4
2BDN_HL_A|NH28D,0.13214268,-0.17500412,4,4
2BDN_HL_A|NH28Q,1.3994616,0.7915549,4,4
2BDN_HL_A|NL31K,3.4897714,0.9244547,4,4
2BDN_HL_A|NL31R,-0.9171868,0.86545,4,4
2BDN_HL_A|SL53D,-0.1605731,-0.15117419,4,4
2BDN_HL_A|SL53E,-0.85132045,0.109342545,4,4
2BDN_HL_A|TL56D,-0.4254655,-0.11301302,4,4
2BDN_HL_A|TL56E,-0.6888026,0.21168208,4,4
2BDN_HL_A|YL30K,0.67475796,1.1562426,4,4
2NYY_DC_A|DA1030A,0.009336901,0.4184168,4,4
2NYY_DC_A|DA1034A,2.5297937,1.0018243,4,4
2NYY_DC_A|DC30Y,0.64113563,0.516411,4,4
2NYY_DC_A|EA892A,2.839132,2.3595607,4,4
2NYY_DC_A|ED5Q,-0.2479871,-0.18138382,4,4
2NYY_DC_A|FA889A,0.4193659,0.5084482,4,4
2NYY_DC_A|FA925A,4.0,1.5085324,4,4
2NYY_DC_A|HA1036A,4.0,1.4644622,4,4
2NYY_DC_A|HC34R,0.10088469,-0.06486409,4,4
2NYY_DC_A|IA928A,-0.009487502,2.1868138,4,4
2NYY_DC_A|KA1028A,-0.028934313,0.5871534,4,4
2NYY_DC_A|KA875A,0.29098648,1.3656923,4,4
2NYY_DC_A|KA895A,-0.14014584,1.2260667,4,4
2NYY_DC_A|KD29R,0.071385965,0.017217964,4,4
"2NYY_DC_A|KD29S,YD30D,DD31H,SD60P",0.04961051,0.84206355,4,4
2NYY_DC_A|LA891A,2.5892105,0.92320156,4,4
2NYY_DC_A|MD33Q,-0.059869844,0.11674133,4,4
2NYY_DC_A|NA890A,0.89044046,0.3598583,4,4
2NYY_DC_A|NA926A,0.09934822,0.6420563,4,4
2NYY_DC_A|QA887A,0.5208145,0.719217,4,4
2NYY_DC_A|RA1033A,0.82012254,1.1304039,4,4
2NYY_DC_A|RA1266A,0.2995321,1.4302384,4,4
2NYY_DC_A|SA874A,-0.23032175,1.4010692,4,4
2NYY_DC_A|SA927A,0.0,1.0839872,4,4
2NYY_DC_A|SC28Q,0.4133828,-0.15068099,4,4
2NYY_DC_A|SC31N,-0.35338265,-0.45274106,4,4
2NYY_DC_A|TA1035A,1.630871,0.32694763,4,4
2NYY_DC_A|VD36I,-0.21317148,0.39833692,4,4
"2NYY_DC_A|VD36I,ED5Q",-0.0490461,0.13820584,4,4
2NYY_DC_A|YD30D,0.06462482,0.23414204,4,4
2NYY_DC_A|YD30Q,0.12897444,1.0057689,4,4
2NYY_DC_A|YD56Q,0.5196862,0.71207815,4,4
2NZ9_DC_A|DA1030A,-0.031082604,0.58766407,4,4
2NZ9_DC_A|DA1034A,2.3396032,0.98545927,4,4
2NZ9_DC_A|EA892A,2.77036,2.5142715,4,4
2NZ9_DC_A|FA889A,-0.04961051,0.90620816,4,4
2NZ9_DC_A|FA925A,3.340439,1.1922454,4,4
2NZ9_DC_A|HA1036A,4.0,1.5707089,4,4
2NZ9_DC_A|IA928A,0.069281444,2.3587644,4,4
2NZ9_DC_A|KA1028A,-0.008714417,0.6470751,4,4
2NZ9_DC_A|KA875A,0.5407011,1.5765446,4,4
2NZ9_DC_A|KA895A,-0.29975358,1.4987339,4,4
2NZ9_DC_A|LA891A,2.279965,1.4400365,4,4
2NZ9_DC_A|NA890A,2.1600318,0.31487125,4,4
2NZ9_DC_A|NA926A,-0.15216734,0.5501605,4,4
2NZ9_DC_A|QA887A,0.09926054,0.7062011,4,4
2NZ9_DC_A|RA1033A,0.29088098,0.73920715,4,4
2NZ9_DC_A|RA1266A,0.39015788,1.3413048,4,4
2NZ9_DC_A|SA874A,-0.11948046,1.0238546,4,4
2NZ9_DC_A|SA927A,-0.078544825,1.4144851,4,4
"2NZ9_DC_A|SD29K,DD30Y,HD31D",-0.04961051,-0.5192543,4,4
2NZ9_DC_A|TA1035A,2.3703818,0.43599874,4,4
2VIS_AB_C|IC89T,-4.0,1.2802596,4,4
"3BE1_HL_A|DL28N,PL30A,RL31K,SL32T,TL97S,TL98S",-0.6860794,-0.27477297,4,4
"3BE1_HL_A|DL28N,PL30A,RL31K,SL32T,TL97S,TL98S,KH30S,DH31G,TH54S,NH55E,GH100V,DH102V",-2.7728782,0.35950443,4,4
"3BE1_HL_A|DL28N,PL30A,RL31K,SL32T,TL97S,TL98S,KH30S,DH31G,TH54S,NH55E,GH100V,DH102V,YL36A",-3.190238,1.0278286,4,4
"3BE1_HL_A|DL28N,PL30A,RL31K,SL32T,TL97S,TL98S,KH30S,DH31G,TH54S,NH55E,GH100V,DH102V,YL36A,IL33A",-2.7728782,1.2104597,4,4
"3BE1_HL_A|DL28N,PL30A,RL31K,SL32T,YL57F,TL97S,TL98S",-0.8683455,-0.035890207,4,4
"3BE1_HL_A|DL28N,PL30A,RL31K,SL32T,YL57F,TL97S,TL98S,KH30S,DH31G,TH54S,NH55E,GH100V,DH102V",-2.8824897,0.53194565,4,4
3LZF_AB_HL|DA187E,0.49836498,0.09315858,4,4
"3LZF_AB_HL|DA187E,DA222G",0.12738612,0.53492576,4,4
3LZF_AB_HL|DA222G,0.5378587,0.35620722,4,4
3NGB_HL_G|AH57G,-0.056030333,-2.1264188,4,4
"3NGB_HL_G|AH57G,VH58T,PH63K,VH74T",1.6734211,-1.481934,4,4
"3NGB_HL_G|CH32S,CH102A",0.25899792,0.20177846,4,4
3NGB_HL_G|DH103A,0.05987142,0.57240885,4,4
3NGB_HL_G|EL88A,1.3199503,1.1955574,4,4
3NGB_HL_G|FL89A,0.85886127,1.0243583,4,4
3NGB_HL_G|GH55A,-1.2766591,1.2118155,4,4
3NGB_HL_G|GH55S,0.74304354,0.56477505,4,4
3NGB_HL_G|GH56A,1.2656107,1.1764622,4,4
3NGB_HL_G|IH30A,-0.0027431613,-0.73313975,4,4
3NGB_HL_G|IH30T,0.0733938,-1.4179952,4,4
"3NGB_HL_G|IH30T,KH52N,RH54N,GH55S,AH57G,VH58T,RH62Q,PH63K,VH74T,YH75S,YL26S",0.86214453,0.013594888,4,4
3NGB_HL_G|KH52A,0.62288266,1.3861023,4,4
3NGB_HL_G|KH52N,0.17497002,0.0140924305,4,4
3NGB_HL_G|MH70A,0.5305512,0.6589008,4,4
3NGB_HL_G|NH105A,1.1185741,-0.006173119,4,4
3NGB_HL_G|NH59A,1.7671243,1.6742121,4,4
3NGB_HL_G|PH63A,-0.04252045,0.6238198,4,4
3NGB_HL_G|PH63K,0.23252328,-0.48747018,4,4
3NGB_HL_G|QH65A,-0.34038836,0.69793,4,4
3NGB_HL_G|QL25A,-0.23060839,0.07459327,4,4
3NGB_HL_G|RH54A,-0.25938424,1.5569472,4,4
3NGB_HL_G|RH54N,0.04645046,0.5658308,4,4
3NGB_HL_G|RH62A,0.9958448,1.1876329,4,4
3NGB_HL_G|RH62Q,0.09654992,0.25675747,4,4
3NGB_HL_G|RH72A,1.6432176,1.7498761,4,4
3NGB_HL_G|SL28A,-0.14471176,0.74482125,4,4
3NGB_HL_G|TH33A,0.7071634,1.5252981,4,4
3NGB_HL_G|TH33Y,0.084193856,-0.6412232,4,4
"3NGB_HL_G|TH33Y,GH56S,AH57G,VH58T,PH63K,VH74T,YH75S",1.9381938,-0.5848855,4,4
3NGB_HL_G|VH58A,1.3584284,1.6216158,4,4
3NGB_HL_G|VH58T,0.13787223,-0.7300868,4,4
3NGB_HL_G|VH74A,1.087914,0.9263635,4,4
3NGB_HL_G|VH74T,0.16493925,-0.57026887,4,4
3NGB_HL_G|VL1A,-0.7733632,0.42899132,4,4
3NGB_HL_G|WH106A,4.0,0.70832485,4,4
3NGB_HL_G|WH47A,1.2021707,0.91779166,4,4
3NGB_HL_G|WH50A,1.2917941,1.2206227,4,4
3NGB_HL_G|YH104A,1.4235861,0.83902264,4,4
3NGB_HL_G|YH60A,0.5484263,0.8756163,4,4
3NGB_HL_G|YH75A,-0.19932224,1.1038964,4,4
3NGB_HL_G|YH75S,0.3325709,0.5464439,4,4
3NGB_HL_G|YL26A,0.98528093,1.8562883,4,4
3NGB_HL_G|YL26S,0.6512687,0.86688775,4,4
3NGB_HL_G|YL87A,2.0227883,0.7802879,4,4
4JPK_HL_A|DA141R,3.857323,0.17117831,4,4
"4JPK_HL_A|DA159N,DA33N",0.6189681,1.643323,4,4
4JPK_HL_A|FA144I,1.3875175,-0.36988556,4,4
4JPK_HL_A|FA63L,1.1672868,0.1732794,4,4
4JPK_HL_A|RA130K,0.23006605,0.3431337,4,4
4JPK_HL_A|RA81T,0.75870305,1.679369,4,4
4JPK_HL_A|SA41G,2.151695,1.276745,4,4
4JPK_HL_A|TA35S,-0.032093357,-3.1167367,4,4
4JPK_HL_A|VA30N,0.59459484,1.4048651,4,4
"1JRH_LH_I|AI49S,II51T,HI55D",0.070675574,-0.6305138,4,5
"1JRH_LH_I|AI85D,KI88R,EI90K",-0.047747865,0.2602901,4,5
"1JRH_LH_I|AI93L,VI94M",0.63366294,-0.12116597,4,5
1JRH_LH_I|DH56A,1.8860998,2.005746,4,5
1JRH_LH_I|DH57A,1.6660647,0.8057504,4,5
1JRH_LH_I|DH58A,1.8546488,1.9715687,4,5
1JRH_LH_I|DL28A,0.43464687,1.0164949,4,5
1JRH_LH_I|EI35Q,0.09956847,-0.5306713,4,5
1JRH_LH_I|EI45A,-0.5657849,0.17578661,4,5
1JRH_LH_I|EI45P,-3.7881775,-0.174876,4,5
"1JRH_LH_I|EI45P,II47L",-3.4567804,-0.19694066,4,5
"1JRH_LH_I|EI45P,II47R",-3.4400978,-0.26384535,4,5
1JRH_LH_I|EL27A,0.5426153,0.9164817,4,5
1JRH_LH_I|FH103A,0.0,0.71279055,4,5
1JRH_LH_I|GI40A,4.0,3.1838615,4,5
1JRH_LH_I|HH107A,1.6977708,0.48384565,4,5
"1JRH_LH_I|II25N,PI27S,VI29T,VI31I",0.14370596,0.025732554,4,5
1JRH_LH_I|KI37A,3.713863,1.30403,4,5
1JRH_LH_I|KI37M,3.2923293,0.44242397,4,5
1JRH_LH_I|KI42A,3.3858175,1.1585963,4,5
1JRH_LH_I|KI42M,4.0,0.5862391,4,5
1JRH_LH_I|KI88A,0.31209365,-0.235969,4,5
"1JRH_LH_I|MI15L,II18V",-0.21360606,0.089835234,4,5
1JRH_LH_I|NI38A,0.1704579,-0.14249745,4,5
1JRH_LH_I|NI38Q,0.5344714,-1.1909344,4,5
1JRH_LH_I|NI43A,4.0,0.8436566,4,5
1JRH_LH_I|NI69A,-0.19953421,0.90618694,4,5
1JRH_LH_I|RH100A,0.5426153,1.7741275,4,5
1JRH_LH_I|RI74A,0.3926171,1.873371,4,5
1JRH_LH_I|SI44A,0.37771076,0.18859586,4,5
"1JRH_LH_I|SI44G,EI45G,II47R",-3.3777049,0.19434571,4,5
"1JRH_LH_I|SI44G,EI45P,II47K",-3.884419,0.2878767,4,5
"1JRH_LH_I|SI61Y,DI62E,HI63Q,VI64I,GI65M,DI66Y,SI68D,NI69V,LI71A",2.9588323,1.6018326,4,5
1JRH_LH_I|SL93A,-0.65058374,0.46881244,4,5
1JRH_LH_I|TI4V,-0.025565991,0.14512236,4,5
"1JRH_LH_I|TI9L,EI11K",-0.025565991,-0.014905699,4,5
1JRH_LH_I|TL94A,0.38526937,0.64310193,4,5
1JRH_LH_I|VI41A,1.6791569,0.5413949,4,5
"1JRH_LH_I|VI73A,RI78K",-0.21360606,0.03147333,4,5
1JRH_LH_I|WH54A,2.6862645,2.0051856,4,5
1JRH_LH_I|WH55A,2.4213178,0.99999803,4,5
1JRH_LH_I|WI46F,-0.25261214,0.08350953,4,5
1JRH_LH_I|WI46Y,0.29852974,0.18137601,4,5
1JRH_LH_I|WI72A,4.0,1.4777507,4,5
1JRH_LH_I|WI72F,1.102707,0.23874709,4,5
1JRH_LH_I|WI72Y,1.1878273,-0.27744994,4,5
1JRH_LH_I|WL92A,2.818407,0.7299042,4,5
1JRH_LH_I|WL95A,1.6660647,0.98339707,4,5
1JRH_LH_I|YH104A,1.0610564,2.199382,4,5
1JRH_LH_I|YH32A,1.4333102,1.5311142,4,5
1JRH_LH_I|YH60A,1.2555921,1.7928275,4,5
1JRH_LH_I|YI39A,3.5271235,0.5206169,4,5
1JRH_LH_I|YI39F,0.9087807,0.22826621,4,5
1JRH_LH_I|YL30A,1.1084566,1.7834585,4,5
1JRH_LH_I|YL91A,0.58083415,2.1519563,4,5
1KIQ_AB_C|FB101Y,-2.4949589,-1.6471361,4,5
1XGR_AB_C|IB33A,2.260207,2.3284612,4,5
1XGR_AB_C|IB33F,-1.8004549,-1.4094831,4,5
1XGR_AB_C|IB33L,0.061315425,0.39402017,4,5
1XGR_AB_C|IB33V,1.1076277,1.378845,4,5
2BDN_HL_A|DH31E,1.0852306,0.29015097,4,5
2BDN_HL_A|LH27K,0.8740124,-0.44957617,4,5
2BDN_HL_A|LH27R,0.65058374,-0.60932565,4,5
2BDN_HL_A|NH28D,0.13214268,-0.27258053,4,5
2BDN_HL_A|NH28Q,1.3994616,0.28853983,4,5
2BDN_HL_A|NL31K,3.4897714,0.5283852,4,5
2BDN_HL_A|NL31R,-0.9171868,0.5355648,4,5
2BDN_HL_A|SL53D,-0.1605731,-0.63441706,4,5
2BDN_HL_A|SL53E,-0.85132045,-0.3833722,4,5
2BDN_HL_A|TL56D,-0.4254655,-0.38235816,4,5
2BDN_HL_A|TL56E,-0.6888026,-0.07780505,4,5
2BDN_HL_A|YL30K,0.67475796,0.823834,4,5
2NYY_DC_A|DA1030A,0.009336901,0.83607024,4,5
2NYY_DC_A|DA1034A,2.5297937,0.7669217,4,5
2NYY_DC_A|DC30Y,0.64113563,0.3307577,4,5
2NYY_DC_A|EA892A,2.839132,0.7895021,4,5
2NYY_DC_A|ED5Q,-0.2479871,0.2641069,4,5
2NYY_DC_A|FA889A,0.4193659,0.55782074,4,5
2NYY_DC_A|FA925A,4.0,1.3704622,4,5
2NYY_DC_A|HA1036A,4.0,0.77347624,4,5
2NYY_DC_A|HC34R,0.10088469,-0.23900196,4,5
2NYY_DC_A|IA928A,-0.009487502,1.7463949,4,5
2NYY_DC_A|KA1028A,-0.028934313,0.9587494,4,5
2NYY_DC_A|KA875A,0.29098648,0.89030933,4,5
2NYY_DC_A|KA895A,-0.14014584,0.97287863,4,5
2NYY_DC_A|KD29R,0.071385965,-0.007997863,4,5
"2NYY_DC_A|KD29S,YD30D,DD31H,SD60P",0.04961051,1.0270404,4,5
2NYY_DC_A|LA891A,2.5892105,0.059615985,4,5
2NYY_DC_A|MD33Q,-0.059869844,0.34329304,4,5
2NYY_DC_A|NA890A,0.89044046,0.24802119,4,5
2NYY_DC_A|NA926A,0.09934822,0.060072046,4,5
2NYY_DC_A|QA887A,0.5208145,0.5950982,4,5
2NYY_DC_A|RA1033A,0.82012254,0.9300686,4,5
2NYY_DC_A|RA1266A,0.2995321,1.7277323,4,5
2NYY_DC_A|SA874A,-0.23032175,0.3651986,4,5
2NYY_DC_A|SA927A,0.0,0.9596193,4,5
2NYY_DC_A|SC28Q,0.4133828,-0.06399282,4,5
2NYY_DC_A|SC31N,-0.35338265,-0.74867284,4,5
2NYY_DC_A|TA1035A,1.630871,0.076778,4,5
2NYY_DC_A|VD36I,-0.21317148,0.17174318,4,5
"2NYY_DC_A|VD36I,ED5Q",-0.0490461,0.3560259,4,5
2NYY_DC_A|YD30D,0.06462482,0.9089249,4,5
2NYY_DC_A|YD30Q,0.12897444,1.1970967,4,5
2NYY_DC_A|YD56Q,0.5196862,0.49237067,4,5
2NZ9_DC_A|DA1030A,-0.031082604,0.7945975,4,5
2NZ9_DC_A|DA1034A,2.3396032,0.7056506,4,5
2NZ9_DC_A|EA892A,2.77036,1.1662996,4,5
2NZ9_DC_A|FA889A,-0.04961051,0.7560744,4,5
2NZ9_DC_A|FA925A,3.340439,1.0540987,4,5
2NZ9_DC_A|HA1036A,4.0,0.39376095,4,5
2NZ9_DC_A|IA928A,0.069281444,1.4317639,4,5
2NZ9_DC_A|KA1028A,-0.008714417,0.93532556,4,5
2NZ9_DC_A|KA875A,0.5407011,1.2342713,4,5
2NZ9_DC_A|KA895A,-0.29975358,1.2214098,4,5
2NZ9_DC_A|LA891A,2.279965,0.11899342,4,5
2NZ9_DC_A|NA890A,2.1600318,0.27887315,4,5
2NZ9_DC_A|NA926A,-0.15216734,-0.05279895,4,5
2NZ9_DC_A|QA887A,0.09926054,0.71715844,4,5
2NZ9_DC_A|RA1033A,0.29088098,0.6854525,4,5
2NZ9_DC_A|RA1266A,0.39015788,1.054264,4,5
2NZ9_DC_A|SA874A,-0.11948046,0.32331014,4,5
2NZ9_DC_A|SA927A,-0.078544825,1.2712728,4,5
"2NZ9_DC_A|SD29K,DD30Y,HD31D",-0.04961051,-0.24945903,4,5
2NZ9_DC_A|TA1035A,2.3703818,0.1449464,4,5
2VIS_AB_C|IC89T,-4.0,-3.938964,4,5
"3BE1_HL_A|DL28N,PL30A,RL31K,SL32T,TL97S,TL98S",-0.6860794,-0.51737434,4,5
"3BE1_HL_A|DL28N,PL30A,RL31K,SL32T,TL97S,TL98S,KH30S,DH31G,TH54S,NH55E,GH100V,DH102V",-2.7728782,-2.5472558,4,5
"3BE1_HL_A|DL28N,PL30A,RL31K,SL32T,TL97S,TL98S,KH30S,DH31G,TH54S,NH55E,GH100V,DH102V,YL36A",-3.190238,-1.4465796,4,5
"3BE1_HL_A|DL28N,PL30A,RL31K,SL32T,TL97S,TL98S,KH30S,DH31G,TH54S,NH55E,GH100V,DH102V,YL36A,IL33A",-2.7728782,-1.3100114,4,5
"3BE1_HL_A|DL28N,PL30A,RL31K,SL32T,YL57F,TL97S,TL98S",-0.8683455,-0.55410194,4,5
"3BE1_HL_A|DL28N,PL30A,RL31K,SL32T,YL57F,TL97S,TL98S,KH30S,DH31G,TH54S,NH55E,GH100V,DH102V",-2.8824897,-2.5288615,4,5
3LZF_AB_HL|DA187E,0.49836498,0.27586824,4,5
"3LZF_AB_HL|DA187E,DA222G",0.12738612,0.37885877,4,5
3LZF_AB_HL|DA222G,0.5378587,0.050377186,4,5
3NGB_HL_G|AH57G,-0.056030333,-0.33656332,4,5
"3NGB_HL_G|AH57G,VH58T,PH63K,VH74T",1.6734211,0.27363074,4,5
"3NGB_HL_G|CH32S,CH102A",0.25899792,0.083869465,4,5
3NGB_HL_G|DH103A,0.05987142,0.3718556,4,5
3NGB_HL_G|EL88A,1.3199503,-0.068830796,4,5
3NGB_HL_G|FL89A,0.85886127,0.40489832,4,5
3NGB_HL_G|GH55A,-1.2766591,0.2195872,4,5
3NGB_HL_G|GH55S,0.74304354,0.4604108,4,5
3NGB_HL_G|GH56A,1.2656107,1.0312482,4,5
3NGB_HL_G|IH30A,-0.0027431613,0.93446225,4,5
3NGB_HL_G|IH30T,0.0733938,0.035546035,4,5
"3NGB_HL_G|IH30T,KH52N,RH54N,GH55S,AH57G,VH58T,RH62Q,PH63K,VH74T,YH75S,YL26S",0.86214453,1.2837993,4,5
3NGB_HL_G|KH52A,0.62288266,0.6976463,4,5
3NGB_HL_G|KH52N,0.17497002,0.21534297,4,5
3NGB_HL_G|MH70A,0.5305512,0.37921426,4,5
3NGB_HL_G|NH105A,1.1185741,0.5945227,4,5
3NGB_HL_G|NH59A,1.7671243,1.3154466,4,5
3NGB_HL_G|PH63A,-0.04252045,0.32063848,4,5
3NGB_HL_G|PH63K,0.23252328,0.6749504,4,5
3NGB_HL_G|QH65A,-0.34038836,0.6010304,4,5
3NGB_HL_G|QL25A,-0.23060839,0.5831101,4,5
3NGB_HL_G|RH54A,-0.25938424,1.8308592,4,5
3NGB_HL_G|RH54N,0.04645046,1.2958844,4,5
3NGB_HL_G|RH62A,0.9958448,0.79263574,4,5
3NGB_HL_G|RH62Q,0.09654992,0.4251151,4,5
3NGB_HL_G|RH72A,1.6432176,1.156506,4,5
3NGB_HL_G|SL28A,-0.14471176,-0.094779216,4,5
3NGB_HL_G|TH33A,0.7071634,0.27381247,4,5
3NGB_HL_G|TH33Y,0.084193856,-0.76049656,4,5
"3NGB_HL_G|TH33Y,GH56S,AH57G,VH58T,PH63K,VH74T,YH75S",1.9381938,0.68049943,4,5
3NGB_HL_G|VH58A,1.3584284,1.4597163,4,5
3NGB_HL_G|VH58T,0.13787223,-0.4535798,4,5
3NGB_HL_G|VH74A,1.087914,0.581008,4,5
3NGB_HL_G|VH74T,0.16493925,0.26018274,4,5
3NGB_HL_G|VL1A,-0.7733632,-0.015410244,4,5
3NGB_HL_G|WH106A,4.0,0.74178946,4,5
3NGB_HL_G|WH47A,1.2021707,1.3129904,4,5
3NGB_HL_G|WH50A,1.2917941,1.2835778,4,5
3NGB_HL_G|YH104A,1.4235861,0.70935965,4,5
3NGB_HL_G|YH60A,0.5484263,1.1416698,4,5
3NGB_HL_G|YH75A,-0.19932224,-0.63603884,4,5
3NGB_HL_G|YH75S,0.3325709,-0.41859385,4,5
3NGB_HL_G|YL26A,0.98528093,2.7329762,4,5
3NGB_HL_G|YL26S,0.6512687,2.6656256,4,5
3NGB_HL_G|YL87A,2.0227883,1.4908983,4,5
4JPK_HL_A|DA141R,3.857323,0.35296836,4,5
"4JPK_HL_A|DA159N,DA33N",0.6189681,2.0378184,4,5
4JPK_HL_A|FA144I,1.3875175,0.96691185,4,5
4JPK_HL_A|FA63L,1.1672868,0.26197463,4,5
4JPK_HL_A|RA130K,0.23006605,0.09354398,4,5
4JPK_HL_A|RA81T,0.75870305,-0.11070084,4,5
4JPK_HL_A|SA41G,2.151695,1.0215565,4,5
4JPK_HL_A|TA35S,-0.032093357,-1.8533494,4,5
4JPK_HL_A|VA30N,0.59459484,1.1521839,4,5
"1JRH_LH_I|AI49S,II51T,HI55D",0.070675574,0.71871245,4,6
"1JRH_LH_I|AI85D,KI88R,EI90K",-0.047747865,-0.29760584,4,6
"1JRH_LH_I|AI93L,VI94M",0.63366294,-0.4205644,4,6
1JRH_LH_I|DH56A,1.8860998,1.9918916,4,6
1JRH_LH_I|DH57A,1.6660647,1.3133817,4,6
1JRH_LH_I|DH58A,1.8546488,1.4394642,4,6
1JRH_LH_I|DL28A,0.43464687,0.8824881,4,6
1JRH_LH_I|EI35Q,0.09956847,-0.40370244,4,6
1JRH_LH_I|EI45A,-0.5657849,0.43491012,4,6
1JRH_LH_I|EI45P,-3.7881775,-0.18246984,4,6
"1JRH_LH_I|EI45P,II47L",-3.4567804,0.087186635,4,6
"1JRH_LH_I|EI45P,II47R",-3.4400978,0.44412816,4,6
1JRH_LH_I|EL27A,0.5426153,0.5390899,4,6
1JRH_LH_I|FH103A,0.0,1.0034288,4,6
1JRH_LH_I|GI40A,4.0,1.5362728,4,6
1JRH_LH_I|HH107A,1.6977708,-0.09246875,4,6
"1JRH_LH_I|II25N,PI27S,VI29T,VI31I",0.14370596,-0.17610878,4,6
1JRH_LH_I|KI37A,3.713863,2.3897822,4,6
1JRH_LH_I|KI37M,3.2923293,1.9083879,4,6
1JRH_LH_I|KI42A,3.3858175,1.3817312,4,6
1JRH_LH_I|KI42M,4.0,0.18454129,4,6
1JRH_LH_I|KI88A,0.31209365,-0.17798667,4,6
"1JRH_LH_I|MI15L,II18V",-0.21360606,2.001011,4,6
1JRH_LH_I|NI38A,0.1704579,0.12762761,4,6
1JRH_LH_I|NI38Q,0.5344714,-1.1961712,4,6
1JRH_LH_I|NI43A,4.0,0.3906668,4,6
1JRH_LH_I|NI69A,-0.19953421,0.8316376,4,6
1JRH_LH_I|RH100A,0.5426153,1.9419401,4,6
1JRH_LH_I|RI74A,0.3926171,1.8907162,4,6
1JRH_LH_I|SI44A,0.37771076,0.83696944,4,6
"1JRH_LH_I|SI44G,EI45G,II47R",-3.3777049,-0.23542067,4,6
"1JRH_LH_I|SI44G,EI45P,II47K",-3.884419,0.29943365,4,6
"1JRH_LH_I|SI61Y,DI62E,HI63Q,VI64I,GI65M,DI66Y,SI68D,NI69V,LI71A",2.9588323,-0.035781294,4,6
1JRH_LH_I|SL93A,-0.65058374,0.86442226,4,6
1JRH_LH_I|TI4V,-0.025565991,1.3053112,4,6
"1JRH_LH_I|TI9L,EI11K",-0.025565991,-0.019755702,4,6
1JRH_LH_I|TL94A,0.38526937,0.6054114,4,6
1JRH_LH_I|VI41A,1.6791569,-0.17995447,4,6
"1JRH_LH_I|VI73A,RI78K",-0.21360606,-0.14453806,4,6
1JRH_LH_I|WH54A,2.6862645,1.8776561,4,6
1JRH_LH_I|WH55A,2.4213178,0.95630896,4,6
1JRH_LH_I|WI46F,-0.25261214,0.19820672,4,6
1JRH_LH_I|WI46Y,0.29852974,0.23941287,4,6
1JRH_LH_I|WI72A,4.0,1.761201,4,6
1JRH_LH_I|WI72F,1.102707,-0.7121994,4,6
1JRH_LH_I|WI72Y,1.1878273,-0.81682694,4,6
1JRH_LH_I|WL92A,2.818407,0.41580534,4,6
1JRH_LH_I|WL95A,1.6660647,0.56440544,4,6
1JRH_LH_I|YH104A,1.0610564,1.3141339,4,6
1JRH_LH_I|YH32A,1.4333102,1.6298529,4,6
1JRH_LH_I|YH60A,1.2555921,1.7416282,4,6
1JRH_LH_I|YI39A,3.5271235,1.4344776,4,6
1JRH_LH_I|YI39F,0.9087807,-0.20119062,4,6
1JRH_LH_I|YL30A,1.1084566,1.8317404,4,6
1JRH_LH_I|YL91A,0.58083415,2.947704,4,6
1KIQ_AB_C|FB101Y,-2.4949589,-1.4462909,4,6
1XGR_AB_C|IB33A,2.260207,2.2915227,4,6
1XGR_AB_C|IB33F,-1.8004549,-1.3426888,4,6
1XGR_AB_C|IB33L,0.061315425,0.23068964,4,6
1XGR_AB_C|IB33V,1.1076277,1.092385,4,6
2BDN_HL_A|DH31E,1.0852306,0.5543168,4,6
2BDN_HL_A|LH27K,0.8740124,-0.10651011,4,6
2BDN_HL_A|LH27R,0.65058374,-0.30101448,4,6
2BDN_HL_A|NH28D,0.13214268,-0.2825222,4,6
2BDN_HL_A|NH28Q,1.3994616,0.380053,4,6
2BDN_HL_A|NL31K,3.4897714,0.22215727,4,6
2BDN_HL_A|NL31R,-0.9171868,0.01969558,4,6
2BDN_HL_A|SL53D,-0.1605731,-0.35582066,4,6
2BDN_HL_A|SL53E,-0.85132045,0.12344538,4,6
2BDN_HL_A|TL56D,-0.4254655,-0.48370078,4,6
2BDN_HL_A|TL56E,-0.6888026,0.0057340264,4,6
2BDN_HL_A|YL30K,0.67475796,0.9735552,4,6
2NYY_DC_A|DA1030A,0.009336901,1.37133,4,6
2NYY_DC_A|DA1034A,2.5297937,1.1929929,4,6
2NYY_DC_A|DC30Y,0.64113563,0.30520278,4,6
2NYY_DC_A|EA892A,2.839132,1.4433752,4,6
2NYY_DC_A|ED5Q,-0.2479871,-0.39488792,4,6
2NYY_DC_A|FA889A,0.4193659,0.58050317,4,6
2NYY_DC_A|FA925A,4.0,1.4993399,4,6
2NYY_DC_A|HA1036A,4.0,3.2266471,4,6
2NYY_DC_A|HC34R,0.10088469,-0.54495656,4,6
2NYY_DC_A|IA928A,-0.009487502,2.6615472,4,6
2NYY_DC_A|KA1028A,-0.028934313,2.0537474,4,6
2NYY_DC_A|KA875A,0.29098648,0.5848143,4,6
2NYY_DC_A|KA895A,-0.14014584,1.28823,4,6
2NYY_DC_A|KD29R,0.071385965,-0.16219474,4,6
"2NYY_DC_A|KD29S,YD30D,DD31H,SD60P",0.04961051,1.3118806,4,6
2NYY_DC_A|LA891A,2.5892105,0.8874514,4,6
2NYY_DC_A|MD33Q,-0.059869844,0.17694223,4,6
2NYY_DC_A|NA890A,0.89044046,-0.35982645,4,6
2NYY_DC_A|NA926A,0.09934822,-0.7681351,4,6
2NYY_DC_A|QA887A,0.5208145,1.3366175,4,6
2NYY_DC_A|RA1033A,0.82012254,0.6727694,4,6
2NYY_DC_A|RA1266A,0.2995321,1.6965417,4,6
2NYY_DC_A|SA874A,-0.23032175,0.15031824,4,6
2NYY_DC_A|SA927A,0.0,1.0025896,4,6
2NYY_DC_A|SC28Q,0.4133828,0.19228777,4,6
2NYY_DC_A|SC31N,-0.35338265,-0.34278655,4,6
2NYY_DC_A|TA1035A,1.630871,1.058178,4,6
2NYY_DC_A|VD36I,-0.21317148,-0.15822627,4,6
"2NYY_DC_A|VD36I,ED5Q",-0.0490461,-0.5981407,4,6
2NYY_DC_A|YD30D,0.06462482,1.5518808,4,6
2NYY_DC_A|YD30Q,0.12897444,1.9179082,4,6
2NYY_DC_A|YD56Q,0.5196862,0.8728079,4,6
2NZ9_DC_A|DA1030A,-0.031082604,1.4949901,4,6
2NZ9_DC_A|DA1034A,2.3396032,1.0494213,4,6
2NZ9_DC_A|EA892A,2.77036,1.8268628,4,6
2NZ9_DC_A|FA889A,-0.04961051,0.46762294,4,6
2NZ9_DC_A|FA925A,3.340439,1.0914658,4,6
2NZ9_DC_A|HA1036A,4.0,2.866515,4,6
2NZ9_DC_A|IA928A,0.069281444,2.6893373,4,6
2NZ9_DC_A|KA1028A,-0.008714417,1.9890296,4,6
2NZ9_DC_A|KA875A,0.5407011,0.72236073,4,6
2NZ9_DC_A|KA895A,-0.29975358,1.5748141,4,6
2NZ9_DC_A|LA891A,2.279965,1.044862,4,6
2NZ9_DC_A|NA890A,2.1600318,-0.38379025,4,6
2NZ9_DC_A|NA926A,-0.15216734,-0.8601773,4,6
2NZ9_DC_A|QA887A,0.09926054,1.3346579,4,6
2NZ9_DC_A|RA1033A,0.29088098,0.24091518,4,6
2NZ9_DC_A|RA1266A,0.39015788,1.4762173,4,6
2NZ9_DC_A|SA874A,-0.11948046,-0.18205726,4,6
2NZ9_DC_A|SA927A,-0.078544825,1.1461492,4,6
"2NZ9_DC_A|SD29K,DD30Y,HD31D",-0.04961051,-1.0275323,4,6
2NZ9_DC_A|TA1035A,2.3703818,1.0596443,4,6
2VIS_AB_C|IC89T,-4.0,0.06604922,4,6
"3BE1_HL_A|DL28N,PL30A,RL31K,SL32T,TL97S,TL98S",-0.6860794,-0.65853035,4,6
"3BE1_HL_A|DL28N,PL30A,RL31K,SL32T,TL97S,TL98S,KH30S,DH31G,TH54S,NH55E,GH100V,DH102V",-2.7728782,-2.3620646,4,6
"3BE1_HL_A|DL28N,PL30A,RL31K,SL32T,TL97S,TL98S,KH30S,DH31G,TH54S,NH55E,GH100V,DH102V,YL36A",-3.190238,-1.2195113,4,6
"3BE1_HL_A|DL28N,PL30A,RL31K,SL32T,TL97S,TL98S,KH30S,DH31G,TH54S,NH55E,GH100V,DH102V,YL36A,IL33A",-2.7728782,-1.2232542,4,6
"3BE1_HL_A|DL28N,PL30A,RL31K,SL32T,YL57F,TL97S,TL98S",-0.8683455,-0.67777514,4,6
"3BE1_HL_A|DL28N,PL30A,RL31K,SL32T,YL57F,TL97S,TL98S,KH30S,DH31G,TH54S,NH55E,GH100V,DH102V",-2.8824897,-2.399294,4,6
3LZF_AB_HL|DA187E,0.49836498,0.43030208,4,6
"3LZF_AB_HL|DA187E,DA222G",0.12738612,0.40013286,4,6
3LZF_AB_HL|DA222G,0.5378587,0.021528095,4,6
3NGB_HL_G|AH57G,-0.056030333,-0.15735267,4,6
"3NGB_HL_G|AH57G,VH58T,PH63K,VH74T",1.6734211,0.20245239,4,6
"3NGB_HL_G|CH32S,CH102A",0.25899792,-0.1465083,4,6
3NGB_HL_G|DH103A,0.05987142,-0.015996028,4,6
3NGB_HL_G|EL88A,1.3199503,0.7915126,4,6
3NGB_HL_G|FL89A,0.85886127,1.0629427,4,6
3NGB_HL_G|GH55A,-1.2766591,0.53339404,4,6
3NGB_HL_G|GH55S,0.74304354,0.65821296,4,6
3NGB_HL_G|GH56A,1.2656107,1.1536993,4,6
3NGB_HL_G|IH30A,-0.0027431613,-0.1145034,4,6
3NGB_HL_G|IH30T,0.0733938,-0.39413804,4,6
"3NGB_HL_G|IH30T,KH52N,RH54N,GH55S,AH57G,VH58T,RH62Q,PH63K,VH74T,YH75S,YL26S",0.86214453,0.96949697,4,6
3NGB_HL_G|KH52A,0.62288266,0.81758165,4,6
3NGB_HL_G|KH52N,0.17497002,-0.2303623,4,6
3NGB_HL_G|MH70A,0.5305512,0.74325264,4,6
3NGB_HL_G|NH105A,1.1185741,-0.2268643,4,6
3NGB_HL_G|NH59A,1.7671243,1.2343988,4,6
3NGB_HL_G|PH63A,-0.04252045,-0.2578881,4,6
3NGB_HL_G|PH63K,0.23252328,-0.4554718,4,6
3NGB_HL_G|QH65A,-0.34038836,0.46090788,4,6
3NGB_HL_G|QL25A,-0.23060839,-0.21403119,4,6
3NGB_HL_G|RH54A,-0.25938424,1.1405851,4,6
3NGB_HL_G|RH54N,0.04645046,0.8356598,4,6
3NGB_HL_G|RH62A,0.9958448,1.2623491,4,6
3NGB_HL_G|RH62Q,0.09654992,0.5925826,4,6
3NGB_HL_G|RH72A,1.6432176,2.1631396,4,6
3NGB_HL_G|SL28A,-0.14471176,0.6453268,4,6
3NGB_HL_G|TH33A,0.7071634,0.5202272,4,6
3NGB_HL_G|TH33Y,0.084193856,-1.6306273,4,6
"3NGB_HL_G|TH33Y,GH56S,AH57G,VH58T,PH63K,VH74T,YH75S",1.9381938,-0.35228407,4,6
3NGB_HL_G|VH58A,1.3584284,1.1980405,4,6
3NGB_HL_G|VH58T,0.13787223,1.0601887,4,6
3NGB_HL_G|VH74A,1.087914,0.09272233,4,6
3NGB_HL_G|VH74T,0.16493925,-0.19807166,4,6
3NGB_HL_G|VL1A,-0.7733632,-0.19792148,4,6
3NGB_HL_G|WH106A,4.0,0.7222453,4,6
3NGB_HL_G|WH47A,1.2021707,0.93486464,4,6
3NGB_HL_G|WH50A,1.2917941,1.4129686,4,6
3NGB_HL_G|YH104A,1.4235861,0.20089668,4,6
3NGB_HL_G|YH60A,0.5484263,1.0102434,4,6
3NGB_HL_G|YH75A,-0.19932224,-0.2040797,4,6
3NGB_HL_G|YH75S,0.3325709,0.0913202,4,6
3NGB_HL_G|YL26A,0.98528093,1.5640793,4,6
3NGB_HL_G|YL26S,0.6512687,1.3280987,4,6
3NGB_HL_G|YL87A,2.0227883,0.5454423,4,6
4JPK_HL_A|DA141R,3.857323,0.25242367,4,6
"4JPK_HL_A|DA159N,DA33N",0.6189681,1.6486384,4,6
4JPK_HL_A|FA144I,1.3875175,0.7397887,4,6
4JPK_HL_A|FA63L,1.1672868,0.5728568,4,6
4JPK_HL_A|RA130K,0.23006605,0.11962527,4,6
4JPK_HL_A|RA81T,0.75870305,0.6769293,4,6
4JPK_HL_A|SA41G,2.151695,0.51571786,4,6
4JPK_HL_A|TA35S,-0.032093357,-2.2557454,4,6
4JPK_HL_A|VA30N,0.59459484,0.5366248,4,6
"1JRH_LH_I|AI49S,II51T,HI55D",0.070675574,-0.16275929,4,7
"1JRH_LH_I|AI85D,KI88R,EI90K",-0.047747865,-0.5229465,4,7
"1JRH_LH_I|AI93L,VI94M",0.63366294,-0.4271772,4,7
1JRH_LH_I|DH56A,1.8860998,1.2174187,4,7
1JRH_LH_I|DH57A,1.6660647,1.0828139,4,7
1JRH_LH_I|DH58A,1.8546488,1.331422,4,7
1JRH_LH_I|DL28A,0.43464687,1.3142873,4,7
1JRH_LH_I|EI35Q,0.09956847,-0.5124772,4,7
1JRH_LH_I|EI45A,-0.5657849,0.526056,4,7
1JRH_LH_I|EI45P,-3.7881775,-0.30296242,4,7
"1JRH_LH_I|EI45P,II47L",-3.4567804,0.2648213,4,7
"1JRH_LH_I|EI45P,II47R",-3.4400978,-0.20443414,4,7
1JRH_LH_I|EL27A,0.5426153,0.9064797,4,7
1JRH_LH_I|FH103A,0.0,0.27107772,4,7
1JRH_LH_I|GI40A,4.0,0.47816697,4,7
1JRH_LH_I|HH107A,1.6977708,0.85941255,4,7
"1JRH_LH_I|II25N,PI27S,VI29T,VI31I",0.14370596,-0.6434444,4,7
1JRH_LH_I|KI37A,3.713863,1.0234287,4,7
1JRH_LH_I|KI37M,3.2923293,0.4029603,4,7
1JRH_LH_I|KI42A,3.3858175,0.8188946,4,7
1JRH_LH_I|KI42M,4.0,0.297223,4,7
1JRH_LH_I|KI88A,0.31209365,0.6072547,4,7
"1JRH_LH_I|MI15L,II18V",-0.21360606,0.6290117,4,7
1JRH_LH_I|NI38A,0.1704579,0.43659142,4,7
1JRH_LH_I|NI38Q,0.5344714,-0.7596634,4,7
1JRH_LH_I|NI43A,4.0,1.1161243,4,7
1JRH_LH_I|NI69A,-0.19953421,0.81212246,4,7
1JRH_LH_I|RH100A,0.5426153,1.3080283,4,7
1JRH_LH_I|RI74A,0.3926171,1.7130758,4,7
1JRH_LH_I|SI44A,0.37771076,1.3353621,4,7
"1JRH_LH_I|SI44G,EI45G,II47R",-3.3777049,0.51284975,4,7
"1JRH_LH_I|SI44G,EI45P,II47K",-3.884419,0.4034568,4,7
"1JRH_LH_I|SI61Y,DI62E,HI63Q,VI64I,GI65M,DI66Y,SI68D,NI69V,LI71A",2.9588323,0.5800827,4,7
1JRH_LH_I|SL93A,-0.65058374,1.2314433,4,7
1JRH_LH_I|TI4V,-0.025565991,0.32730135,4,7
"1JRH_LH_I|TI9L,EI11K",-0.025565991,0.29789665,4,7
1JRH_LH_I|TL94A,0.38526937,0.22961433,4,7
1JRH_LH_I|VI41A,1.6791569,0.5605202,4,7
"1JRH_LH_I|VI73A,RI78K",-0.21360606,0.34972897,4,7
1JRH_LH_I|WH54A,2.6862645,1.6419883,4,7
1JRH_LH_I|WH55A,2.4213178,1.388065,4,7
1JRH_LH_I|WI46F,-0.25261214,0.13306366,4,7
1JRH_LH_I|WI46Y,0.29852974,-0.23338793,4,7
1JRH_LH_I|WI72A,4.0,1.5365884,4,7
1JRH_LH_I|WI72F,1.102707,0.27165136,4,7
1JRH_LH_I|WI72Y,1.1878273,-0.30709234,4,7
1JRH_LH_I|WL92A,2.818407,1.3749416,4,7
1JRH_LH_I|WL95A,1.6660647,0.69464,4,7
1JRH_LH_I|YH104A,1.0610564,1.1514692,4,7
1JRH_LH_I|YH32A,1.4333102,1.1995064,4,7
1JRH_LH_I|YH60A,1.2555921,1.7430633,4,7
1JRH_LH_I|YI39A,3.5271235,2.1543071,4,7
1JRH_LH_I|YI39F,0.9087807,0.7862186,4,7
1JRH_LH_I|YL30A,1.1084566,1.3242776,4,7
1JRH_LH_I|YL91A,0.58083415,2.5898998,4,7
1KIQ_AB_C|FB101Y,-2.4949589,-1.0650369,4,7
1XGR_AB_C|IB33A,2.260207,1.8690569,4,7
1XGR_AB_C|IB33F,-1.8004549,-1.6972814,4,7
1XGR_AB_C|IB33L,0.061315425,0.108771876,4,7
1XGR_AB_C|IB33V,1.1076277,1.2633256,4,7
2BDN_HL_A|DH31E,1.0852306,0.3806436,4,7
2BDN_HL_A|LH27K,0.8740124,0.05009099,4,7
2BDN_HL_A|LH27R,0.65058374,-0.06153113,4,7
2BDN_HL_A|NH28D,0.13214268,-0.209281,4,7
2BDN_HL_A|NH28Q,1.3994616,0.2685761,4,7
2BDN_HL_A|NL31K,3.4897714,0.40297475,4,7
2BDN_HL_A|NL31R,-0.9171868,0.057576112,4,7
2BDN_HL_A|SL53D,-0.1605731,-0.17332627,4,7
2BDN_HL_A|SL53E,-0.85132045,0.15377447,4,7
2BDN_HL_A|TL56D,-0.4254655,-0.4415226,4,7
2BDN_HL_A|TL56E,-0.6888026,-0.283576,4,7
2BDN_HL_A|YL30K,0.67475796,1.0537924,4,7
2NYY_DC_A|DA1030A,0.009336901,0.9649898,4,7
2NYY_DC_A|DA1034A,2.5297937,0.9844902,4,7
2NYY_DC_A|DC30Y,0.64113563,-0.50500387,4,7
2NYY_DC_A|EA892A,2.839132,0.36268428,4,7
2NYY_DC_A|ED5Q,-0.2479871,-0.14011477,4,7
2NYY_DC_A|FA889A,0.4193659,0.83627266,4,7
2NYY_DC_A|FA925A,4.0,1.2562993,4,7
2NYY_DC_A|HA1036A,4.0,1.6171268,4,7
2NYY_DC_A|HC34R,0.10088469,0.15996592,4,7
2NYY_DC_A|IA928A,-0.009487502,0.7871921,4,7
2NYY_DC_A|KA1028A,-0.028934313,0.8008095,4,7
2NYY_DC_A|KA875A,0.29098648,0.95578927,4,7
2NYY_DC_A|KA895A,-0.14014584,0.98121405,4,7
2NYY_DC_A|KD29R,0.071385965,-0.21012412,4,7
"2NYY_DC_A|KD29S,YD30D,DD31H,SD60P",0.04961051,0.5241807,4,7
2NYY_DC_A|LA891A,2.5892105,0.16899025,4,7
2NYY_DC_A|MD33Q,-0.059869844,0.15469597,4,7
2NYY_DC_A|NA890A,0.89044046,0.14151883,4,7
2NYY_DC_A|NA926A,0.09934822,0.06894031,4,7
2NYY_DC_A|QA887A,0.5208145,1.063246,4,7
2NYY_DC_A|RA1033A,0.82012254,0.85136926,4,7
2NYY_DC_A|RA1266A,0.2995321,1.1912683,4,7
2NYY_DC_A|SA874A,-0.23032175,0.74289304,4,7
2NYY_DC_A|SA927A,0.0,0.9315517,4,7
2NYY_DC_A|SC28Q,0.4133828,0.22180243,4,7
2NYY_DC_A|SC31N,-0.35338265,0.16780621,4,7
2NYY_DC_A|TA1035A,1.630871,0.5959668,4,7
2NYY_DC_A|VD36I,-0.21317148,-0.15640669,4,7
"2NYY_DC_A|VD36I,ED5Q",-0.0490461,-0.069193855,4,7
2NYY_DC_A|YD30D,0.06462482,0.45452207,4,7
2NYY_DC_A|YD30Q,0.12897444,0.91472614,4,7
2NYY_DC_A|YD56Q,0.5196862,0.9244602,4,7
2NZ9_DC_A|DA1030A,-0.031082604,1.0561222,4,7
2NZ9_DC_A|DA1034A,2.3396032,0.8813111,4,7
2NZ9_DC_A|EA892A,2.77036,0.4935735,4,7
2NZ9_DC_A|FA889A,-0.04961051,0.85339016,4,7
2NZ9_DC_A|FA925A,3.340439,1.2673007,4,7
2NZ9_DC_A|HA1036A,4.0,1.451399,4,7
2NZ9_DC_A|IA928A,0.069281444,0.7397093,4,7
2NZ9_DC_A|KA1028A,-0.008714417,0.7339125,4,7
2NZ9_DC_A|KA875A,0.5407011,0.9000951,4,7
2NZ9_DC_A|KA895A,-0.29975358,0.9643964,4,7
2NZ9_DC_A|LA891A,2.279965,0.17476934,4,7
2NZ9_DC_A|NA890A,2.1600318,0.119709566,4,7
2NZ9_DC_A|NA926A,-0.15216734,0.013167344,4,7
2NZ9_DC_A|QA887A,0.09926054,1.059394,4,7
2NZ9_DC_A|RA1033A,0.29088098,0.8425141,4,7
2NZ9_DC_A|RA1266A,0.39015788,1.0671889,4,7
2NZ9_DC_A|SA874A,-0.11948046,0.67717475,4,7
2NZ9_DC_A|SA927A,-0.078544825,0.90866035,4,7
"2NZ9_DC_A|SD29K,DD30Y,HD31D",-0.04961051,0.02951293,4,7
2NZ9_DC_A|TA1035A,2.3703818,0.62968856,4,7
2VIS_AB_C|IC89T,-4.0,-0.52178663,4,7
"3BE1_HL_A|DL28N,PL30A,RL31K,SL32T,TL97S,TL98S",-0.6860794,-0.6807484,4,7
"3BE1_HL_A|DL28N,PL30A,RL31K,SL32T,TL97S,TL98S,KH30S,DH31G,TH54S,NH55E,GH100V,DH102V",-2.7728782,-2.1749148,4,7
"3BE1_HL_A|DL28N,PL30A,RL31K,SL32T,TL97S,TL98S,KH30S,DH31G,TH54S,NH55E,GH100V,DH102V,YL36A",-3.190238,-1.4771737,4,7
"3BE1_HL_A|DL28N,PL30A,RL31K,SL32T,TL97S,TL98S,KH30S,DH31G,TH54S,NH55E,GH100V,DH102V,YL36A,IL33A",-2.7728782,-1.1179166,4,7
"3BE1_HL_A|DL28N,PL30A,RL31K,SL32T,YL57F,TL97S,TL98S",-0.8683455,-0.69332486,4,7
"3BE1_HL_A|DL28N,PL30A,RL31K,SL32T,YL57F,TL97S,TL98S,KH30S,DH31G,TH54S,NH55E,GH100V,DH102V",-2.8824897,-2.2490187,4,7
3LZF_AB_HL|DA187E,0.49836498,0.03895589,4,7
"3LZF_AB_HL|DA187E,DA222G",0.12738612,0.3498662,4,7
3LZF_AB_HL|DA222G,0.5378587,-0.009476528,4,7
3NGB_HL_G|AH57G,-0.056030333,-0.87785107,4,7
"3NGB_HL_G|AH57G,VH58T,PH63K,VH74T",1.6734211,-0.53458995,4,7
"3NGB_HL_G|CH32S,CH102A",0.25899792,0.21207015,4,7
3NGB_HL_G|DH103A,0.05987142,0.5900434,4,7
3NGB_HL_G|EL88A,1.3199503,0.7613172,4,7
3NGB_HL_G|FL89A,0.85886127,0.8017844,4,7
3NGB_HL_G|GH55A,-1.2766591,0.5505407,4,7
3NGB_HL_G|GH55S,0.74304354,0.2568986,4,7
3NGB_HL_G|GH56A,1.2656107,0.8631609,4,7
3NGB_HL_G|IH30A,-0.0027431613,0.48174495,4,7
3NGB_HL_G|IH30T,0.0733938,-0.09495179,4,7
"3NGB_HL_G|IH30T,KH52N,RH54N,GH55S,AH57G,VH58T,RH62Q,PH63K,VH74T,YH75S,YL26S",0.86214453,0.5125916,4,7
3NGB_HL_G|KH52A,0.62288266,0.6463404,4,7
3NGB_HL_G|KH52N,0.17497002,0.05512686,4,7
3NGB_HL_G|MH70A,0.5305512,0.6578415,4,7
3NGB_HL_G|NH105A,1.1185741,0.16740014,4,7
3NGB_HL_G|NH59A,1.7671243,0.82340115,4,7
3NGB_HL_G|PH63A,-0.04252045,0.24459893,4,7
3NGB_HL_G|PH63K,0.23252328,0.10076733,4,7
3NGB_HL_G|QH65A,-0.34038836,0.84317833,4,7
3NGB_HL_G|QL25A,-0.23060839,0.54974526,4,7
3NGB_HL_G|RH54A,-0.25938424,0.48223934,4,7
3NGB_HL_G|RH54N,0.04645046,0.35487172,4,7
3NGB_HL_G|RH62A,0.9958448,0.45719808,4,7
3NGB_HL_G|RH62Q,0.09654992,-0.061534878,4,7
3NGB_HL_G|RH72A,1.6432176,0.86200136,4,7
3NGB_HL_G|SL28A,-0.14471176,0.83218056,4,7
3NGB_HL_G|TH33A,0.7071634,0.61510956,4,7
3NGB_HL_G|TH33Y,0.084193856,-0.9489223,4,7
"3NGB_HL_G|TH33Y,GH56S,AH57G,VH58T,PH63K,VH74T,YH75S",1.9381938,-0.48733073,4,7
3NGB_HL_G|VH58A,1.3584284,0.8141771,4,7
3NGB_HL_G|VH58T,0.13787223,0.16459832,4,7
3NGB_HL_G|VH74A,1.087914,0.45614976,4,7
3NGB_HL_G|VH74T,0.16493925,-0.004898023,4,7
3NGB_HL_G|VL1A,-0.7733632,0.2969388,4,7
3NGB_HL_G|WH106A,4.0,0.73913527,4,7
3NGB_HL_G|WH47A,1.2021707,1.0141741,4,7
3NGB_HL_G|WH50A,1.2917941,1.2378967,4,7
3NGB_HL_G|YH104A,1.4235861,0.6910797,4,7
3NGB_HL_G|YH60A,0.5484263,0.75448185,4,7
3NGB_HL_G|YH75A,-0.19932224,0.59809303,4,7
3NGB_HL_G|YH75S,0.3325709,0.22464095,4,7
3NGB_HL_G|YL26A,0.98528093,1.2040331,4,7
3NGB_HL_G|YL26S,0.6512687,0.3659115,4,7
3NGB_HL_G|YL87A,2.0227883,1.6087219,4,7
4JPK_HL_A|DA141R,3.857323,-0.08168718,4,7
"4JPK_HL_A|DA159N,DA33N",0.6189681,0.5698782,4,7
4JPK_HL_A|FA144I,1.3875175,0.4870664,4,7
4JPK_HL_A|FA63L,1.1672868,0.81950015,4,7
4JPK_HL_A|RA130K,0.23006605,0.08145802,4,7
4JPK_HL_A|RA81T,0.75870305,0.35365146,4,7
4JPK_HL_A|SA41G,2.151695,0.64291805,4,7
4JPK_HL_A|TA35S,-0.032093357,-0.31096938,4,7
4JPK_HL_A|VA30N,0.59459484,0.045613304,4,7
