row_id,ddg_true,ddg_pred,fold,seed
1AHW_AB_C|DC167A,-0.4845926,2.143225,0,0
"1AHW_AB_C|KC138A,DC139A",1.1814722,2.9666524,0,0
"1AHW_AB_C|KC154A,KC155A",-1.329712,2.6384826,0,0
1AHW_AB_C|LC165A,0.9869364,1.3542218,0,0
1AHW_AB_C|NC188A,1.0782224,1.985176,0,0
"1AHW_AB_C|TC110A,KC111A",0.6388569,1.7797573,0,0
1AHW_AB_C|TC156A,-0.07411996,1.6447885,0,0
1AHW_AB_C|TC159A,1.105771,1.8206751,0,0
1AHW_AB_C|TC186A,1.345882,1.2324725,0,0
1AHW_AB_C|VC187A,-0.31423107,1.7545277,0,0
1AHW_AB_C|YC146A,-1.8890098,1.9080043,0,0
1BJ1_HL_VW|HH101Y,-1.5835956,-0.40167332,0,0
"1BJ1_HL_VW|HH101Y,YH103I,GH104A,SH105K",-0.43125325,0.7077849,0,0
"1BJ1_HL_VW|HH101Y,YH103R,GH104N,SH105T",-0.7626503,0.9544023,0,0
"1BJ1_HL_VW|HH101Y,YH103R,SH105T",-1.173123,0.077401996,0,0
1BJ1_HL_VW|HH107A,0.78965265,0.07218529,0,0
"1BJ1_HL_VW|LH72I,TH74K",0.076517485,0.6460707,0,0
"1BJ1_HL_VW|LH72V,TH74V",0.6706598,0.41324985,0,0
"1BJ1_HL_VW|ML4L,TH28D,NH31H,HH101Y,SH105T",-1.52138,-1.3569497,0,0
1BJ1_HL_VW|NH31H,-0.7626503,-0.38110384,0,0
1BJ1_HL_VW|SH105T,-0.39039657,0.29626745,0,0
1BJ1_HL_VW|TH28D,-0.22003505,-0.27363938,0,0
"1BJ1_HL_VW|TH28D,NH31H",-0.6929008,-0.8285682,0,0
"1BJ1_HL_VW|TH28D,NH31H,YH54W,HH101Y,SH105T",-1.2034981,-1.0695399,0,0
1BJ1_HL_VW|TH59A,0.85066694,0.8151361,0,0
1BJ1_HL_VW|YH27A,2.2425284,0.77292186,0,0
1BJ1_HL_VW|YH54A,1.3276595,0.84460676,0,0
1BJ1_HL_VW|YH54W,-0.13726985,-0.040461488,0,0
1BJ1_HL_VW|YH99A,4.0,0.46784666,0,0
1DQJ_AB_C|DB32A,2.0134337,0.45560306,0,0
"1DQJ_AB_C|DB32A,KC97A",1.1223834,0.72430754,0,0
1DQJ_AB_C|DC101A,1.3765504,0.75395274,0,0
1DQJ_AB_C|KC96A,4.0,0.8191761,0,0
1DQJ_AB_C|KC97A,3.5197058,0.66499543,0,0
1DQJ_AB_C|LC75A,1.452407,0.3846523,0,0
1DQJ_AB_C|NA31A,2.0134337,0.96938175,0,0
1DQJ_AB_C|NA32A,4.0,1.2526516,0,0
"1DQJ_AB_C|NA32A,KC96A",4.0,1.9604129,0,0
1DQJ_AB_C|NC93A,0.64987326,0.33080494,0,0
1DQJ_AB_C|RC21A,1.2137709,0.2984105,0,0
1DQJ_AB_C|SA91A,1.4318883,0.7171527,0,0
"1DQJ_AB_C|SA91A,RC21A",3.1707318,0.731152,0,0
"1DQJ_AB_C|SA91A,YC20A",3.573092,1.6120814,0,0
1DQJ_AB_C|SC100A,0.7755829,1.1490005,0,0
1DQJ_AB_C|TC89A,0.84084374,0.2836449,0,0
1DQJ_AB_C|WB98A,4.0,1.1013163,0,0
"1DQJ_AB_C|WB98A,KC97A",4.0,1.8315738,0,0
"1DQJ_AB_C|WB98A,SC100A",4.0,2.7192981,0,0
"1DQJ_AB_C|WB98A,YC20A",4.0,2.258421,0,0
1DQJ_AB_C|WC62A,0.7580786,1.4263417,0,0
1DQJ_AB_C|WC63A,1.3462692,1.4192939,0,0
1DQJ_AB_C|YA50A,2.678299,0.99343896,0,0
1DQJ_AB_C|YA96A,1.135051,1.14534,0,0
"1DQJ_AB_C|YA96A,RC21A",3.4851997,1.0793247,0,0
"1DQJ_AB_C|YA96A,SC100A",0.91344726,2.4362974,0,0
1DQJ_AB_C|YB33A,4.0,3.5031927,0,0
1DQJ_AB_C|YB50A,4.0,1.552513,0,0
1DQJ_AB_C|YB53A,1.1802781,0.42202932,0,0
"1DQJ_AB_C|YB53A,DC101A",2.727121,0.50615764,0,0
"1DQJ_AB_C|YB53A,LC75A",1.2168618,0.62848383,0,0
"1DQJ_AB_C|YB53A,WC62A",1.286308,1.9079696,0,0
"1DQJ_AB_C|YB53A,WC63A",2.1992323,1.1589221,0,0
1DQJ_AB_C|YC20A,3.2857084,1.1138892,0,0
1XGT_AB_C|LB33A,2.1988916,2.0524902,0,0
1XGT_AB_C|LB33F,-1.8617703,-1.7820009,0,0
1XGT_AB_C|LB33I,-0.061315425,0.0019991063,0,0
1XGT_AB_C|LB33V,1.0463123,1.015275,0,0
"3BDY_HL_V|DL28N,PL30A,RL31K,SL32T,TL97S,TL98S",-0.9690793,-0.8740807,0,0
"3BDY_HL_V|DL28N,PL30A,RL31K,SL32T,TL97S,TL98S,KH31S,DH32G,TH55S,NH56E,GH101V,DH103V",-2.7154896,-2.4850905,0,0
"3BDY_HL_V|DL28N,PL30A,RL31K,SL32T,TL97S,TL98S,KH31S,DH32G,TH55S,NH56E,GH101V,DH103V,RH51A,RH60A",-2.7728782,-2.1081767,0,0
"3BDY_HL_V|DL28N,PL30A,RL31K,SL32T,YL57F,TL97S,TL98S",-0.97316396,-0.82964045,0,0
"3BDY_HL_V|DL28N,PL30A,RL31K,SL32T,YL57F,TL97S,TL98S,KH31S,DH32G,TH55S,NH56E,GH101V,DH103V",-2.727121,-2.4725454,0,0
3HFM_HL_Y|DH32A,1.8982269,0.21469109,0,0
"3HFM_HL_Y|DH32A,KY97A",4.0,0.52351075,0,0
"3HFM_HL_Y|DH32A,KY97M",1.1234494,0.5741153,0,0
3HFM_HL_Y|DH32N,0.17036153,0.047952864,0,0
"3HFM_HL_Y|DH32N,KY97A",4.0,0.37118793,0,0
"3HFM_HL_Y|DH32N,KY97M",0.3025042,0.39014414,0,0
3HFM_HL_Y|DY101A,1.2081919,1.4481877,0,0
3HFM_HL_Y|DY101E,2.132881,0.40404582,0,0
3HFM_HL_Y|DY101F,2.3282614,0.7672214,0,0
3HFM_HL_Y|DY101G,0.35884774,0.35192287,0,0
3HFM_HL_Y|DY101K,2.1245396,1.0581294,0,0
3HFM_HL_Y|DY101N,1.4911126,1.022378,0,0
3HFM_HL_Y|DY101Q,2.0851746,-0.23943835,0,0
3HFM_HL_Y|DY101R,2.2798727,0.89437705,0,0
3HFM_HL_Y|DY101S,1.8694,0.7737509,0,0
3HFM_HL_Y|GY102V,0.395285,0.6844867,0,0
3HFM_HL_Y|HY15A,-0.4453172,0.4450009,0,0
3HFM_HL_Y|IY98A,0.0,0.12071994,0,0
3HFM_HL_Y|KY96A,4.0,0.9183728,0,0
3HFM_HL_Y|KY96M,4.0,0.7902434,0,0
3HFM_HL_Y|KY96R,4.0,0.23012811,0,0
3HFM_HL_Y|KY97A,4.0,0.9199701,0,0
3HFM_HL_Y|KY97D,4.0,0.49734324,0,0
3HFM_HL_Y|KY97E,3.6045077,0.21739253,0,0
3HFM_HL_Y|KY97G,4.0,0.20534708,0,0
3HFM_HL_Y|KY97M,0.9469717,0.85547847,0,0
3HFM_HL_Y|KY97R,3.0528512,-0.20723744,0,0
3HFM_HL_Y|LY75A,0.70445603,0.014517318,0,0
3HFM_HL_Y|NL31A,4.0,0.6423103,0,0
"3HFM_HL_Y|NL31A,KY96A",4.0,1.4308776,0,0
3HFM_HL_Y|NL31D,1.3434845,0.056637768,0,0
3HFM_HL_Y|NL31E,4.0,0.1746603,0,0
3HFM_HL_Y|NL32A,4.0,0.9172634,0,0
3HFM_HL_Y|NY19D,0.41047263,0.29821154,0,0
3HFM_HL_Y|NY19K,0.2401111,0.5181871,0,0
3HFM_HL_Y|NY19Q,-0.042485796,-0.1951904,0,0
3HFM_HL_Y|NY93A,0.21121821,0.53199434,0,0
3HFM_HL_Y|QL53A,0.9530879,0.24929315,0,0
3HFM_HL_Y|RY21A,0.8618019,0.69096255,0,0
3HFM_HL_Y|RY21E,2.4534352,0.20091575,0,0
3HFM_HL_Y|RY21G,2.4220753,-0.042534288,0,0
3HFM_HL_Y|RY21H,2.1693182,0.034513224,0,0
3HFM_HL_Y|RY21K,1.766342,0.3206287,0,0
3HFM_HL_Y|RY21M,2.0498905,0.92685246,0,0
3HFM_HL_Y|RY21N,2.3282614,0.49549675,0,0
3HFM_HL_Y|RY21Q,2.3975346,-0.433874,0,0
3HFM_HL_Y|RY21W,2.132881,0.48312342,0,0
3HFM_HL_Y|RY73A,-0.3313971,0.5921561,0,0
3HFM_HL_Y|SH31A,0.17036153,0.2666097,0,0
3HFM_HL_Y|SY100A,0.26765963,1.0651038,0,0
3HFM_HL_Y|TY89A,0.0,0.4129481,0,0
3HFM_HL_Y|WH98A,4.0,0.2939588,0,0
"3HFM_HL_Y|WH98A,KY96A",4.0,0.3280689,0,0
3HFM_HL_Y|WH98F,3.245562,0.23081762,0,0
"3HFM_HL_Y|WH98F,YY20A",4.0,0.81215066,0,0
3HFM_HL_Y|WY63A,0.31918663,1.8673456,0,0
3HFM_HL_Y|YH33A,4.0,2.8749743,0,0
"3HFM_HL_Y|YH33A,KY97A",4.0,4.629653,0,0
3HFM_HL_Y|YH33F,1.0712212,-0.2710851,0,0
3HFM_HL_Y|YH33L,2.0069382,1.0281131,0,0
3HFM_HL_Y|YH33W,1.7495645,0.6614537,0,0
3HFM_HL_Y|YH50A,4.0,1.4747932,0,0
"3HFM_HL_Y|YH50A,RY21A",4.0,2.342746,0,0
3HFM_HL_Y|YH50F,1.6099914,0.5045097,0,0
3HFM_HL_Y|YH50L,2.8488367,0.73251384,0,0
3HFM_HL_Y|YH53A,3.25038,0.55700743,0,0
3HFM_HL_Y|YH53F,0.62049925,0.33153322,0,0
3HFM_HL_Y|YH53L,0.8068894,0.27235767,0,0
3HFM_HL_Y|YH53W,0.7061819,0.2478038,0,0
3HFM_HL_Y|YH58A,1.6760437,1.2801075,0,0
3HFM_HL_Y|YH58F,0.36312544,0.37939534,0,0
3HFM_HL_Y|YH58L,1.5136731,0.7003495,0,0
3HFM_HL_Y|YL50A,4.0,0.6467979,0,0
"3HFM_HL_Y|YL50A,KY96A",4.0,1.2114497,0,0
"3HFM_HL_Y|YL50A,KY97A",4.0,1.5663258,0,0
"3HFM_HL_Y|YL50A,RY21A",4.0,1.205088,0,0
3HFM_HL_Y|YL50F,2.3548672,0.26918182,0,0
"3HFM_HL_Y|YL50F,RY21A",4.0,0.75679195,0,0
"3HFM_HL_Y|YL50F,YY20A",4.0,1.4028221,0,0
3HFM_HL_Y|YL50L,4.0,0.19266221,0,0
3HFM_HL_Y|YL96A,2.707045,1.1338737,0,0
"3HFM_HL_Y|YL96A,RY21A",4.0,1.6722102,0,0
3HFM_HL_Y|YL96F,1.4017794,0.4446777,0,0
"3HFM_HL_Y|YL96F,RY21A",4.0,0.9295111,0,0
3HFM_HL_Y|YY20A,4.0,1.3179804,0,0
3HFM_HL_Y|YY20F,-0.4839681,0.071714,0,0
3HFM_HL_Y|YY20L,2.1845057,1.1234952,0,0
3SE9_HL_G|DH77A,-0.7664817,0.7037347,0,0
3SE9_HL_G|EL90A,0.41735974,0.9897603,0,0
3SE9_HL_G|FL91A,0.023615688,0.60767967,0,0
3SE9_HL_G|GH106A,-0.3075798,0.71810746,0,0
3SE9_HL_G|GH107A,-0.6151596,0.5385435,0,0
3SE9_HL_G|GH109A,0.18514356,0.9434595,0,0
3SE9_HL_G|GH57A,0.4524448,0.8792795,0,0
3SE9_HL_G|GH62A,0.04634,0.786598,0,0
3SE9_HL_G|GL29A,0.46369976,0.3678709,0,0
3SE9_HL_G|LH34A,0.56599987,1.5473671,0,0
3SE9_HL_G|LL89A,0.964243,1.1467465,0,0
3SE9_HL_G|NH60A,1.5217615,1.4229459,0,0
3SE9_HL_G|PH64A,-0.4419396,0.17320804,0,0
3SE9_HL_G|RH67A,1.4695449,1.0431973,0,0
3SE9_HL_G|RH74A,2.6792572,0.9954071,0,0
3SE9_HL_G|RH76A,-0.2322162,0.59215075,0,0
3SE9_HL_G|TH105A,-0.4419396,-0.10099208,0,0
3SE9_HL_G|TH56A,-0.85929936,0.7728098,0,0
3SE9_HL_G|VH55A,-0.85929936,0.3930418,0,0
3SE9_HL_G|VH59A,0.9833596,2.1685636,0,0
3SE9_HL_G|VL3A,-0.49433115,0.50887454,0,0
3SE9_HL_G|WH48A,1.0584464,1.2233735,0,0
3SE9_HL_G|WH51A,1.275695,2.0452063,0,0
3SE9_HL_G|YH104A,0.46369976,0.5227551,0,0
3SE9_HL_G|YL28A,1.1177194,0.39168367,0,0
4U6H_AB_E|NE21A,-0.3480795,0.43511832,0,0
4U6H_AB_E|QE25A,0.11883454,2.4329302,0,0
4ZS6_HL_A|EA156A,3.0386665,-0.07114056,0,0
4ZS6_HL_A|YA160A,-0.11025046,1.623695,0,0
1AHW_AB_C|DC167A,-0.4845926,1.2098322,0,1
"1AHW_AB_C|KC138A,DC139A",1.1814722,1.210464,0,1
"1AHW_AB_C|KC154A,KC155A",-1.329712,0.7645592,0,1
1AHW_AB_C|LC165A,0.9869364,1.3457583,0,1
1AHW_AB_C|NC188A,1.0782224,1.1248708,0,1
"1AHW_AB_C|TC110A,KC111A",0.6388569,0.9512013,0,1
1AHW_AB_C|TC156A,-0.07411996,1.0788022,0,1
1AHW_AB_C|TC159A,1.105771,0.43043658,0,1
1AHW_AB_C|TC186A,1.345882,0.7022942,0,1
1AHW_AB_C|VC187A,-0.31423107,0.9502692,0,1
1AHW_AB_C|YC146A,-1.8890098,0.77140194,0,1
1BJ1_HL_VW|HH101Y,-1.5835956,-0.5282765,0,1
"1BJ1_HL_VW|HH101Y,YH103I,GH104A,SH105K",-0.43125325,0.4957328,0,1
"1BJ1_HL_VW|HH101Y,YH103R,GH104N,SH105T",-0.7626503,0.695707,0,1
"1BJ1_HL_VW|HH101Y,YH103R,SH105T",-1.173123,0.05933959,0,1
1BJ1_HL_VW|HH107A,0.78965265,0.2165571,0,1
"1BJ1_HL_VW|LH72I,TH74K",0.076517485,0.3394162,0,1
"1BJ1_HL_VW|LH72V,TH74V",0.6706598,0.08418971,0,1
"1BJ1_HL_VW|ML4L,TH28D,NH31H,HH101Y,SH105T",-1.52138,-0.88753754,0,1
1BJ1_HL_VW|NH31H,-0.7626503,-0.07034878,0,1
1BJ1_HL_VW|SH105T,-0.39039657,0.14547987,0,1
1BJ1_HL_VW|TH28D,-0.22003505,-0.28145763,0,1
"1BJ1_HL_VW|TH28D,NH31H",-0.6929008,-0.5550879,0,1
"1BJ1_HL_VW|TH28D,NH31H,YH54W,HH101Y,SH105T",-1.2034981,-0.6889858,0,1
1BJ1_HL_VW|TH59A,0.85066694,0.48857272,0,1
1BJ1_HL_VW|YH27A,2.2425284,0.6346111,0,1
1BJ1_HL_VW|YH54A,1.3276595,0.9312455,0,1
1BJ1_HL_VW|YH54W,-0.13726985,0.2266641,0,1
1BJ1_HL_VW|YH99A,4.0,0.6369401,0,1
1DQJ_AB_C|DB32A,2.0134337,0.37835556,0,1
"1DQJ_AB_C|DB32A,KC97A",1.1223834,0.88242596,0,1
1DQJ_AB_C|DC101A,1.3765504,0.7428869,0,1
1DQJ_AB_C|KC96A,4.0,0.63619906,0,1
1DQJ_AB_C|KC97A,3.5197058,0.604873,0,1
1DQJ_AB_C|LC75A,1.452407,0.69474816,0,1
1DQJ_AB_C|NA31A,2.0134337,0.39574346,0,1
1DQJ_AB_C|NA32A,4.0,0.874094,0,1
"1DQJ_AB_C|NA32A,KC96A",4.0,1.3642943,0,1
1DQJ_AB_C|NC93A,0.64987326,0.6340814,0,1
1DQJ_AB_C|RC21A,1.2137709,0.54457366,0,1
1DQJ_AB_C|SA91A,1.4318883,0.6028976,0,1
"1DQJ_AB_C|SA91A,RC21A",3.1707318,0.9308467,0,1
"1DQJ_AB_C|SA91A,YC20A",3.573092,1.7980968,0,1
1DQJ_AB_C|SC100A,0.7755829,0.75142395,0,1
1DQJ_AB_C|TC89A,0.84084374,0.9051024,0,1
1DQJ_AB_C|WB98A,4.0,0.77700824,0,1
"1DQJ_AB_C|WB98A,KC97A",4.0,1.4640803,0,1
"1DQJ_AB_C|WB98A,SC100A",4.0,1.2047961,0,1
"1DQJ_AB_C|WB98A,YC20A",4.0,2.182902,0,1
1DQJ_AB_C|WC62A,0.7580786,1.432113,0,1
1DQJ_AB_C|WC63A,1.3462692,1.0937449,0,1
1DQJ_AB_C|YA50A,2.678299,1.0940567,0,1
1DQJ_AB_C|YA96A,1.135051,0.6741491,0,1
"1DQJ_AB_C|YA96A,RC21A",3.4851997,0.9146921,0,1
"1DQJ_AB_C|YA96A,SC100A",0.91344726,1.0396074,0,1
1DQJ_AB_C|YB33A,4.0,0.4998101,0,1
1DQJ_AB_C|YB50A,4.0,0.78840876,0,1
1DQJ_AB_C|YB53A,1.1802781,0.7349637,0,1
"1DQJ_AB_C|YB53A,DC101A",2.727121,1.3387,0,1
"1DQJ_AB_C|YB53A,LC75A",1.2168618,1.3030626,0,1
"1DQJ_AB_C|YB53A,WC62A",1.286308,2.1252656,0,1
"1DQJ_AB_C|YB53A,WC63A",2.1992323,1.5248034,0,1
1DQJ_AB_C|YC20A,3.2857084,1.3027028,0,1
1XGT_AB_C|LB33A,2.1988916,0.30922118,0,1
1XGT_AB_C|LB33F,-1.8617703,-0.19828603,0,1
1XGT_AB_C|LB33I,-0.061315425,0.025151275,0,1
1XGT_AB_C|LB33V,1.0463123,-0.0007276917,0,1
"3BDY_HL_V|DL28N,PL30A,RL31K,SL32T,TL97S,TL98S",-0.9690793,-0.97690624,0,1
"3BDY_HL_V|DL28N,PL30A,RL31K,SL32T,TL97S,TL98S,KH31S,DH32G,TH55S,NH56E,GH101V,DH103V",-2.7154896,-2.5667632,0,1
"3BDY_HL_V|DL28N,PL30A,RL31K,SL32T,TL97S,TL98S,KH31S,DH32G,TH55S,NH56E,GH101V,DH103V,RH51A,RH60A",-2.7728782,-2.193477,0,1
"3BDY_HL_V|DL28N,PL30A,RL31K,SL32T,YL57F,TL97S,TL98S",-0.97316396,-0.82429385,0,1
"3BDY_HL_V|DL28N,PL30A,RL31K,SL32T,YL57F,TL97S,TL98S,KH31S,DH32G,TH55S,NH56E,GH101V,DH103V",-2.727121,-2.4709218,0,1
3HFM_HL_Y|DH32A,1.8982269,0.43672112,0,1
"3HFM_HL_Y|DH32A,KY97A",4.0,1.001815,0,1
"3HFM_HL_Y|DH32A,KY97M",1.1234494,0.45176667,0,1
3HFM_HL_Y|DH32N,0.17036153,0.14279038,0,1
"3HFM_HL_Y|DH32N,KY97A",4.0,0.7767077,0,1
"3HFM_HL_Y|DH32N,KY97M",0.3025042,0.22242108,0,1
3HFM_HL_Y|DY101A,1.2081919,0.86452204,0,1
3HFM_HL_Y|DY101E,2.132881,0.3256869,0,1
3HFM_HL_Y|DY101F,2.3282614,0.24225403,0,1
3HFM_HL_Y|DY101G,0.35884774,0.63683,0,1
3HFM_HL_Y|DY101K,2.1245396,0.6271024,0,1
3HFM_HL_Y|DY101N,1.4911126,0.3145412,0,1
3HFM_HL_Y|DY101Q,2.0851746,0.21989277,0,1
3HFM_HL_Y|DY101R,2.2798727,0.4136735,0,1
3HFM_HL_Y|DY101S,1.8694,0.27072075,0,1
3HFM_HL_Y|GY102V,0.395285,0.4181073,0,1
3HFM_HL_Y|HY15A,-0.4453172,0.8113102,0,1
3HFM_HL_Y|IY98A,0.0,0.42732534,0,1
3HFM_HL_Y|KY96A,4.0,0.58398944,0,1
3HFM_HL_Y|KY96M,4.0,0.07509045,0,1
3HFM_HL_Y|KY96R,4.0,0.00020864047,0,1
3HFM_HL_Y|KY97A,4.0,0.7481316,0,1
3HFM_HL_Y|KY97D,4.0,0.17338267,0,1
3HFM_HL_Y|KY97E,3.6045077,0.19168371,0,1
3HFM_HL_Y|KY97G,4.0,0.46694106,0,1
3HFM_HL_Y|KY97M,0.9469717,0.12751259,0,1
3HFM_HL_Y|KY97R,3.0528512,-0.08830432,0,1
3HFM_HL_Y|LY75A,0.70445603,0.42798626,0,1
3HFM_HL_Y|NL31A,4.0,0.21983641,0,1
"3HFM_HL_Y|NL31A,KY96A",4.0,0.5071107,0,1
3HFM_HL_Y|NL31D,1.3434845,-0.20514551,0,1
3HFM_HL_Y|NL31E,4.0,-0.201231,0,1
3HFM_HL_Y|NL32A,4.0,0.82295614,0,1
3HFM_HL_Y|NY19D,0.41047263,0.3260747,0,1
3HFM_HL_Y|NY19K,0.2401111,0.5865184,0,1
3HFM_HL_Y|NY19Q,-0.042485796,0.39359972,0,1
3HFM_HL_Y|NY93A,0.21121821,0.7137098,0,1
3HFM_HL_Y|QL53A,0.9530879,0.6466857,0,1
3HFM_HL_Y|RY21A,0.8618019,0.8018241,0,1
3HFM_HL_Y|RY21E,2.4534352,0.21843849,0,1
3HFM_HL_Y|RY21G,2.4220753,0.40763992,0,1
3HFM_HL_Y|RY21H,2.1693182,0.21316826,0,1
3HFM_HL_Y|RY21K,1.766342,0.46193966,0,1
3HFM_HL_Y|RY21M,2.0498905,0.24748367,0,1
3HFM_HL_Y|RY21N,2.3282614,0.24000761,0,1
3HFM_HL_Y|RY21Q,2.3975346,-0.064801425,0,1
3HFM_HL_Y|RY21W,2.132881,-0.020184444,0,1
3HFM_HL_Y|RY73A,-0.3313971,0.84759927,0,1
3HFM_HL_Y|SH31A,0.17036153,0.4319762,0,1
3HFM_HL_Y|SY100A,0.26765963,0.6478037,0,1
3HFM_HL_Y|TY89A,0.0,0.9888793,0,1
3HFM_HL_Y|WH98A,4.0,0.75001585,0,1
"3HFM_HL_Y|WH98A,KY96A",4.0,0.9969995,0,1
3HFM_HL_Y|WH98F,3.245562,0.12341729,0,1
"3HFM_HL_Y|WH98F,YY20A",4.0,1.3434143,0,1
3HFM_HL_Y|WY63A,0.31918663,1.1563426,0,1
3HFM_HL_Y|YH33A,4.0,0.56707615,0,1
"3HFM_HL_Y|YH33A,KY97A",4.0,1.0430226,0,1
3HFM_HL_Y|YH33F,1.0712212,0.14823534,0,1
3HFM_HL_Y|YH33L,2.0069382,0.21480052,0,1
3HFM_HL_Y|YH33W,1.7495645,0.0647989,0,1
3HFM_HL_Y|YH50A,4.0,0.82541794,0,1
"3HFM_HL_Y|YH50A,RY21A",4.0,1.2774204,0,1
3HFM_HL_Y|YH50F,1.6099914,0.51007193,0,1
3HFM_HL_Y|YH50L,2.8488367,0.48331827,0,1
3HFM_HL_Y|YH53A,3.25038,0.7441349,0,1
3HFM_HL_Y|YH53F,0.62049925,0.35364088,0,1
3HFM_HL_Y|YH53L,0.8068894,0.35583445,0,1
3HFM_HL_Y|YH53W,0.7061819,0.12410149,0,1
3HFM_HL_Y|YH58A,1.6760437,1.0564363,0,1
3HFM_HL_Y|YH58F,0.36312544,0.36278096,0,1
3HFM_HL_Y|YH58L,1.5136731,0.44230425,0,1
3HFM_HL_Y|YL50A,4.0,0.6764675,0,1
"3HFM_HL_Y|YL50A,KY96A",4.0,0.96951765,0,1
"3HFM_HL_Y|YL50A,KY97A",4.0,1.2812799,0,1
"3HFM_HL_Y|YL50A,RY21A",4.0,1.1872027,0,1
3HFM_HL_Y|YL50F,2.3548672,0.22035028,0,1
"3HFM_HL_Y|YL50F,RY21A",4.0,0.83553135,0,1
"3HFM_HL_Y|YL50F,YY20A",4.0,1.4886359,0,1
3HFM_HL_Y|YL50L,4.0,0.24679644,0,1
3HFM_HL_Y|YL96A,2.707045,0.6660201,0,1
"3HFM_HL_Y|YL96A,RY21A",4.0,1.0905069,0,1
3HFM_HL_Y|YL96F,1.4017794,0.32990742,0,1
"3HFM_HL_Y|YL96F,RY21A",4.0,0.8419962,0,1
3HFM_HL_Y|YY20A,4.0,1.390477,0,1
3HFM_HL_Y|YY20F,-0.4839681,0.23527305,0,1
3HFM_HL_Y|YY20L,2.1845057,0.7061073,0,1
3SE9_HL_G|DH77A,-0.7664817,0.9101202,0,1
3SE9_HL_G|EL90A,0.41735974,0.8147468,0,1
3SE9_HL_G|FL91A,0.023615688,0.7081892,0,1
3SE9_HL_G|GH106A,-0.3075798,0.5230038,0,1
3SE9_HL_G|GH107A,-0.6151596,0.5760414,0,1
3SE9_HL_G|GH109A,0.18514356,0.4802362,0,1
3SE9_HL_G|GH57A,0.4524448,0.56805027,0,1
3SE9_HL_G|GH62A,0.04634,0.6210783,0,1
3SE9_HL_G|GL29A,0.46369976,0.354442,0,1
3SE9_HL_G|LH34A,0.56599987,0.58308375,0,1
3SE9_HL_G|LL89A,0.964243,1.2480944,0,1
3SE9_HL_G|NH60A,1.5217615,1.1529784,0,1
3SE9_HL_G|PH64A,-0.4419396,-0.007133683,0,1
3SE9_HL_G|RH67A,1.4695449,0.51281756,0,1
3SE9_HL_G|RH74A,2.6792572,0.38021058,0,1
3SE9_HL_G|RH76A,-0.2322162,0.59241,0,1
3SE9_HL_G|TH105A,-0.4419396,0.16145505,0,1
3SE9_HL_G|TH56A,-0.85929936,0.25206932,0,1
3SE9_HL_G|VH55A,-0.85929936,0.92812216,0,1
3SE9_HL_G|VH59A,0.9833596,1.0948344,0,1
3SE9_HL_G|VL3A,-0.49433115,0.33128384,0,1
3SE9_HL_G|WH48A,1.0584464,0.8400654,0,1
3SE9_HL_G|WH51A,1.275695,0.7951691,0,1
3SE9_HL_G|YH104A,0.46369976,1.2065006,0,1
3SE9_HL_G|YL28A,1.1177194,0.5329939,0,1
4U6H_AB_E|NE21A,-0.3480795,0.89995474,0,1
4U6H_AB_E|QE25A,0.11883454,1.7311428,0,1
4ZS6_HL_A|EA156A,3.0386665,0.6592437,0,1
4ZS6_HL_A|YA160A,-0.11025046,1.9827845,0,1
1AHW_AB_C|DC167A,-0.4845926,1.2872103,0,2
"1AHW_AB_C|KC138A,DC139A",1.1814722,0.8860597,0,2
"1AHW_AB_C|KC154A,KC155A",-1.329712,2.2712314,0,2
1AHW_AB_C|LC165A,0.9869364,0.8359383,0,2
1AHW_AB_C|NC188A,1.0782224,2.120807,0,2
"1AHW_AB_C|TC110A,KC111A",0.6388569,1.1719013,0,2
1AHW_AB_C|TC156A,-0.07411996,0.62909347,0,2
1AHW_AB_C|TC159A,1.105771,3.2475672,0,2
1AHW_AB_C|TC186A,1.345882,1.2244195,0,2
1AHW_AB_C|VC187A,-0.31423107,0.42479992,0,2
1AHW_AB_C|YC146A,-1.8890098,1.3855098,0,2
1BJ1_HL_VW|HH101Y,-1.5835956,-1.5111002,0,2
"1BJ1_HL_VW|HH101Y,YH103I,GH104A,SH105K",-0.43125325,-0.15686543,0,2
"1BJ1_HL_VW|HH101Y,YH103R,GH104N,SH105T",-0.7626503,-0.67858124,0,2
"1BJ1_HL_VW|HH101Y,YH103R,SH105T",-1.173123,-0.94186455,0,2
1BJ1_HL_VW|HH107A,0.78965265,0.026285622,0,2
"1BJ1_HL_VW|LH72I,TH74K",0.076517485,0.989323,0,2
"1BJ1_HL_VW|LH72V,TH74V",0.6706598,0.03252841,0,2
"1BJ1_HL_VW|ML4L,TH28D,NH31H,HH101Y,SH105T",-1.52138,-2.0180404,0,2
1BJ1_HL_VW|NH31H,-0.7626503,-0.032840095,0,2
1BJ1_HL_VW|SH105T,-0.39039657,-0.11170684,0,2
1BJ1_HL_VW|TH28D,-0.22003505,-0.112844676,0,2
"1BJ1_HL_VW|TH28D,NH31H",-0.6929008,-0.025804644,0,2
"1BJ1_HL_VW|TH28D,NH31H,YH54W,HH101Y,SH105T",-1.2034981,-1.5310663,0,2
1BJ1_HL_VW|TH59A,0.85066694,1.2148882,0,2
1BJ1_HL_VW|YH27A,2.2425284,0.8556144,0,2
1BJ1_HL_VW|YH54A,1.3276595,0.79859626,0,2
1BJ1_HL_VW|YH54W,-0.13726985,0.019705866,0,2
1BJ1_HL_VW|YH99A,4.0,0.2017794,0,2
1DQJ_AB_C|DB32A,2.0134337,-0.18448408,0,2
"1DQJ_AB_C|DB32A,KC97A",1.1223834,0.37956083,0,2
1DQJ_AB_C|DC101A,1.3765504,1.117376,0,2
1DQJ_AB_C|KC96A,4.0,0.5015801,0,2
1DQJ_AB_C|KC97A,3.5197058,0.61650485,0,2
1DQJ_AB_C|LC75A,1.452407,0.38874388,0,2
1DQJ_AB_C|NA31A,2.0134337,0.67183596,0,2
1DQJ_AB_C|NA32A,4.0,0.941506,0,2
"1DQJ_AB_C|NA32A,KC96A",4.0,1.2009203,0,2
1DQJ_AB_C|NC93A,0.64987326,0.4691518,0,2
1DQJ_AB_C|RC21A,1.2137709,0.31876424,0,2
1DQJ_AB_C|SA91A,1.4318883,0.34262007,0,2
"1DQJ_AB_C|SA91A,RC21A",3.1707318,0.46275815,0,2
"1DQJ_AB_C|SA91A,YC20A",3.573092,1.6329514,0,2
1DQJ_AB_C|SC100A,0.7755829,1.0360357,0,2
1DQJ_AB_C|TC89A,0.84084374,0.35787946,0,2
1DQJ_AB_C|WB98A,4.0,1.5176439,0,2
"1DQJ_AB_C|WB98A,KC97A",4.0,1.9245427,0,2
"1DQJ_AB_C|WB98A,SC100A",4.0,2.8841,0,2
"1DQJ_AB_C|WB98A,YC20A",4.0,3.3308473,0,2
1DQJ_AB_C|WC62A,0.7580786,1.3061024,0,2
1DQJ_AB_C|WC63A,1.3462692,0.8023118,0,2
1DQJ_AB_C|YA50A,2.678299,0.9882276,0,2
1DQJ_AB_C|YA96A,1.135051,2.0269656,0,2
"1DQJ_AB_C|YA96A,RC21A",3.4851997,2.1124709,0,2
"1DQJ_AB_C|YA96A,SC100A",0.91344726,3.1671336,0,2
1DQJ_AB_C|YB33A,4.0,3.3471897,0,2
1DQJ_AB_C|YB50A,4.0,1.3712133,0,2
1DQJ_AB_C|YB53A,1.1802781,0.3714921,0,2
"1DQJ_AB_C|YB53A,DC101A",2.727121,0.7724875,0,2
"1DQJ_AB_C|YB53A,LC75A",1.2168618,0.37819228,0,2
"1DQJ_AB_C|YB53A,WC62A",1.286308,1.0817362,0,2
"1DQJ_AB_C|YB53A,WC63A",2.1992323,-0.094257474,0,2
1DQJ_AB_C|YC20A,3.2857084,1.6610528,0,2
1XGT_AB_C|LB33A,2.1988916,2.410034,0,2
1XGT_AB_C|LB33F,-1.8617703,-1.547724,0,2
1XGT_AB_C|LB33I,-0.061315425,-0.042529304,0,2
1XGT_AB_C|LB33V,1.0463123,1.1887056,0,2
"3BDY_HL_V|DL28N,PL30A,RL31K,SL32T,TL97S,TL98S",-0.9690793,-1.1602179,0,2
"3BDY_HL_V|DL28N,PL30A,RL31K,SL32T,TL97S,TL98S,KH31S,DH32G,TH55S,NH56E,GH101V,DH103V",-2.7154896,-3.48828,0,2
"3BDY_HL_V|DL28N,PL30A,RL31K,SL32T,TL97S,TL98S,KH31S,DH32G,TH55S,NH56E,GH101V,DH103V,RH51A,RH60A",-2.7728782,-3.135982,0,2
"3BDY_HL_V|DL28N,PL30A,RL31K,SL32T,YL57F,TL97S,TL98S",-0.97316396,-1.0136011,0,2
"3BDY_HL_V|DL28N,PL30A,RL31K,SL32T,YL57F,TL97S,TL98S,KH31S,DH32G,TH55S,NH56E,GH101V,DH103V",-2.727121,-3.3701344,0,2
3HFM_HL_Y|DH32A,1.8982269,0.13153641,0,2
"3HFM_HL_Y|DH32A,KY97A",4.0,0.28121185,0,2
"3HFM_HL_Y|DH32A,KY97M",1.1234494,0.40355018,0,2
3HFM_HL_Y|DH32N,0.17036153,-0.045303557,0,2
"3HFM_HL_Y|DH32N,KY97A",4.0,0.16349155,0,2
"3HFM_HL_Y|DH32N,KY97M",0.3025042,0.2827958,0,2
3HFM_HL_Y|DY101A,1.2081919,1.2444307,0,2
3HFM_HL_Y|DY101E,2.132881,0.67039365,0,2
3HFM_HL_Y|DY101F,2.3282614,0.8507775,0,2
3HFM_HL_Y|DY101G,0.35884774,0.32394975,0,2
3HFM_HL_Y|DY101K,2.1245396,1.5990291,0,2
3HFM_HL_Y|DY101N,1.4911126,0.95737207,0,2
3HFM_HL_Y|DY101Q,2.0851746,0.305779,0,2
3HFM_HL_Y|DY101R,2.2798727,0.77479166,0,2
3HFM_HL_Y|DY101S,1.8694,0.70595074,0,2
3HFM_HL_Y|GY102V,0.395285,0.32936808,0,2
3HFM_HL_Y|HY15A,-0.4453172,1.0110391,0,2
3HFM_HL_Y|IY98A,0.0,0.3382617,0,2
3HFM_HL_Y|KY96A,4.0,0.49471778,0,2
3HFM_HL_Y|KY96M,4.0,0.5256289,0,2
3HFM_HL_Y|KY96R,4.0,0.03907608,0,2
3HFM_HL_Y|KY97A,4.0,0.55474716,0,2
3HFM_HL_Y|KY97D,4.0,0.4395285,0,2
3HFM_HL_Y|KY97E,3.6045077,0.4653501,0,2
3HFM_HL_Y|KY97G,4.0,0.42607474,0,2
3HFM_HL_Y|KY97M,0.9469717,0.7732104,0,2
3HFM_HL_Y|KY97R,3.0528512,0.07471761,0,2
3HFM_HL_Y|LY75A,0.70445603,-0.112691835,0,2
3HFM_HL_Y|NL31A,4.0,0.79695874,0,2
"3HFM_HL_Y|NL31A,KY96A",4.0,1.2539821,0,2
3HFM_HL_Y|NL31D,1.3434845,0.4335548,0,2
3HFM_HL_Y|NL31E,4.0,0.58735174,0,2
3HFM_HL_Y|NL32A,4.0,0.5006979,0,2
3HFM_HL_Y|NY19D,0.41047263,-0.16277504,0,2
3HFM_HL_Y|NY19K,0.2401111,0.21702684,0,2
3HFM_HL_Y|NY19Q,-0.042485796,-0.1412733,0,2
3HFM_HL_Y|NY93A,0.21121821,0.424146,0,2
3HFM_HL_Y|QL53A,0.9530879,-0.08520331,0,2
3HFM_HL_Y|RY21A,0.8618019,0.41895744,0,2
3HFM_HL_Y|RY21E,2.4534352,-0.036437716,0,2
3HFM_HL_Y|RY21G,2.4220753,-0.053337336,0,2
3HFM_HL_Y|RY21H,2.1693182,-0.44615898,0,2
3HFM_HL_Y|RY21K,1.766342,0.07393879,0,2
3HFM_HL_Y|RY21M,2.0498905,0.56357366,0,2
3HFM_HL_Y|RY21N,2.3282614,0.2885237,0,2
3HFM_HL_Y|RY21Q,2.3975346,-0.40748155,0,2
3HFM_HL_Y|RY21W,2.132881,0.18806344,0,2
3HFM_HL_Y|RY73A,-0.3313971,0.87354285,0,2
3HFM_HL_Y|SH31A,0.17036153,0.029368814,0,2
3HFM_HL_Y|SY100A,0.26765963,0.9482277,0,2
3HFM_HL_Y|TY89A,0.0,0.5486977,0,2
3HFM_HL_Y|WH98A,4.0,1.2063222,0,2
"3HFM_HL_Y|WH98A,KY96A",4.0,1.3206404,0,2
3HFM_HL_Y|WH98F,3.245562,0.17231385,0,2
"3HFM_HL_Y|WH98F,YY20A",4.0,2.2010772,0,2
3HFM_HL_Y|WY63A,0.31918663,1.38391,0,2
3HFM_HL_Y|YH33A,4.0,2.5149,0,2
"3HFM_HL_Y|YH33A,KY97A",4.0,3.0070364,0,2
3HFM_HL_Y|YH33F,1.0712212,-1.0702226,0,2
3HFM_HL_Y|YH33L,2.0069382,0.34155622,0,2
3HFM_HL_Y|YH33W,1.7495645,0.63681805,0,2
3HFM_HL_Y|YH50A,4.0,1.6661204,0,2
"3HFM_HL_Y|YH50A,RY21A",4.0,2.100125,0,2
3HFM_HL_Y|YH50F,1.6099914,-0.11896975,0,2
3HFM_HL_Y|YH50L,2.8488367,0.5201895,0,2
3HFM_HL_Y|YH53A,3.25038,0.79098547,0,2
3HFM_HL_Y|YH53F,0.62049925,0.2956709,0,2
3HFM_HL_Y|YH53L,0.8068894,0.70438075,0,2
3HFM_HL_Y|YH53W,0.7061819,0.12268405,0,2
3HFM_HL_Y|YH58A,1.6760437,0.93793565,0,2
3HFM_HL_Y|YH58F,0.36312544,0.25910616,0,2
3HFM_HL_Y|YH58L,1.5136731,0.51730186,0,2
3HFM_HL_Y|YL50A,4.0,0.1621318,0,2
"3HFM_HL_Y|YL50A,KY96A",4.0,-0.012582418,0,2
"3HFM_HL_Y|YL50A,KY97A",4.0,0.020707935,0,2
"3HFM_HL_Y|YL50A,RY21A",4.0,0.38818052,0,2
3HFM_HL_Y|YL50F,2.3548672,0.08507441,0,2
"3HFM_HL_Y|YL50F,RY21A",4.0,0.17144719,0,2
"3HFM_HL_Y|YL50F,YY20A",4.0,1.4045454,0,2
3HFM_HL_Y|YL50L,4.0,-0.05664315,0,2
3HFM_HL_Y|YL96A,2.707045,2.2623231,0,2
"3HFM_HL_Y|YL96A,RY21A",4.0,2.837905,0,2
3HFM_HL_Y|YL96F,1.4017794,0.462954,0,2
"3HFM_HL_Y|YL96F,RY21A",4.0,1.1557956,0,2
3HFM_HL_Y|YY20A,4.0,1.7079089,0,2
3HFM_HL_Y|YY20F,-0.4839681,0.6347884,0,2
3HFM_HL_Y|YY20L,2.1845057,1.4752032,0,2
3SE9_HL_G|DH77A,-0.7664817,0.22683056,0,2
3SE9_HL_G|EL90A,0.41735974,1.1310256,0,2
3SE9_HL_G|FL91A,0.023615688,0.81444037,0,2
3SE9_HL_G|GH106A,-0.3075798,0.21797077,0,2
3SE9_HL_G|GH107A,-0.6151596,-0.40984938,0,2
3SE9_HL_G|GH109A,0.18514356,0.6274979,0,2
3SE9_HL_G|GH57A,0.4524448,0.96640646,0,2
3SE9_HL_G|GH62A,0.04634,0.5079061,0,2
3SE9_HL_G|GL29A,0.46369976,0.44258252,0,2
3SE9_HL_G|LH34A,0.56599987,0.6599384,0,2
3SE9_HL_G|LL89A,0.964243,0.8142232,0,2
3SE9_HL_G|NH60A,1.5217615,1.8044893,0,2
3SE9_HL_G|PH64A,-0.4419396,-0.0002319105,0,2
3SE9_HL_G|RH67A,1.4695449,0.049623434,0,2
3SE9_HL_G|RH74A,2.6792572,0.92080986,0,2
3SE9_HL_G|RH76A,-0.2322162,0.7484184,0,2
3SE9_HL_G|TH105A,-0.4419396,0.5096004,0,2
3SE9_HL_G|TH56A,-0.85929936,0.7685605,0,2
3SE9_HL_G|VH55A,-0.85929936,0.023750186,0,2
3SE9_HL_G|VH59A,0.9833596,2.0917203,0,2
3SE9_HL_G|VL3A,-0.49433115,0.13030945,0,2
3SE9_HL_G|WH48A,1.0584464,1.5272837,0,2
3SE9_HL_G|WH51A,1.275695,1.4927396,0,2
3SE9_HL_G|YH104A,0.46369976,1.6772382,0,2
3SE9_HL_G|YL28A,1.1177194,0.78888184,0,2
4U6H_AB_E|NE21A,-0.3480795,1.0231618,0,2
4U6H_AB_E|QE25A,0.11883454,1.3387969,0,2
4ZS6_HL_A|EA156A,3.0386665,-0.6295036,0,2
4ZS6_HL_A|YA160A,-0.11025046,1.4755869,0,2
1KIP_AB_C|AB32Y,-0.8005932,-2.0286758,1,0
1XGU_AB_C|FB33A,4.0,3.3860712,1,0
1XGU_AB_C|FB33I,1.8004549,1.4944003,1,0
1XGU_AB_C|FB33L,1.8617703,1.8297689,1,0
1XGU_AB_C|FB33V,2.9080825,2.4192717,1,0
2B2X_HL_A|EH64K,-0.033433665,0.16950841,1,0
"2B2X_HL_A|EH64K,QL28S,YL52N",0.911615,1.363482,1,0
"2B2X_HL_A|EH64K,QL28S,YL52N,GH102S",2.7106705,1.6827365,1,0
"2B2X_HL_A|EH64K,QL28S,YL52N,SH35A",3.119054,2.0162797,1,0
"2B2X_HL_A|EH64K,QL28S,YL52N,SH35V",3.770335,2.3359785,1,0
"2B2X_HL_A|EH64K,YL52N",0.34853002,0.44141498,1,0
"2B2X_HL_A|QL28S,YL52N",0.8626942,1.0576346,1,0
2B2X_HL_A|VH50T,0.024054652,-0.28897762,1,0
"2B2X_HL_A|VH50T,EH64D,QL28S,YL52N",0.87177193,1.1096598,1,0
"2B2X_HL_A|VH50T,EH64K,QL28S",0.991589,1.285056,1,0
"2B2X_HL_A|VH50T,EH64K,QL28S,YL52D",1.5439764,1.4534011,1,0
"2B2X_HL_A|VH50T,EH64K,QL28S,YL52E",0.95452905,1.4717886,1,0
"2B2X_HL_A|VH50T,EH64K,QL28S,YL52K",1.7007239,1.9276344,1,0
"2B2X_HL_A|VH50T,EH64K,QL28S,YL52N",1.043214,1.5071139,1,0
"2B2X_HL_A|VH50T,EH64K,QL28S,YL52N,FH99W",1.043214,1.4807757,1,0
"2B2X_HL_A|VH50T,EH64K,QL28S,YL52N,FH99Y",1.7978828,1.5041659,1,0
"2B2X_HL_A|VH50T,EH64K,QL28S,YL52N,GH100F",1.4322319,1.2498882,1,0
"2B2X_HL_A|VH50T,EH64K,QL28S,YL52N,GH100L",3.770335,2.4306881,1,0
"2B2X_HL_A|VH50T,EH64K,QL28S,YL52N,GH100M",1.145348,1.5149581,1,0
"2B2X_HL_A|VH50T,EH64K,QL28S,YL52N,GH100S",1.6009614,2.0133963,1,0
"2B2X_HL_A|VH50T,EH64K,QL28S,YL52N,GH53A",1.5558206,2.0259848,1,0
"2B2X_HL_A|VH50T,EH64K,QL28S,YL52N,GH53N",2.2985272,2.076298,1,0
"2B2X_HL_A|VH50T,EH64K,QL28S,YL52N,GH53S",1.7188073,1.7627283,1,0
"2B2X_HL_A|VH50T,EH64K,QL28S,YL52N,GH54I",2.4067745,1.6895181,1,0
"2B2X_HL_A|VH50T,EH64K,QL28S,YL52N,GH54T",2.2073808,2.0920224,1,0
"2B2X_HL_A|VH50T,EH64K,QL28S,YL52N,GH54Y",1.043214,0.97107965,1,0
"2B2X_HL_A|VH50T,EH64K,QL28S,YL52N,GL92Q",2.6158988,2.0849004,1,0
"2B2X_HL_A|VH50T,EH64K,QL28S,YL52N,GL92S",1.5558206,1.7876841,1,0
"2B2X_HL_A|VH50T,EH64K,QL28S,YL52N,HL31K",2.2073808,2.2525241,1,0
"2B2X_HL_A|VH50T,EH64K,QL28S,YL52N,HL31R",2.1670115,1.7357757,1,0
"2B2X_HL_A|VH50T,EH64K,QL28S,YL52N,HL31W",2.2985272,1.5626032,1,0
"2B2X_HL_A|VH50T,EH64K,QL28S,YL52N,LH60D",0.981894,1.4333855,1,0
"2B2X_HL_A|VH50T,EH64K,QL28S,YL52N,LL49F",1.7554936,1.5100358,1,0
"2B2X_HL_A|VH50T,EH64K,QL28S,YL52N,LL49K",1.9044149,1.9177291,1,0
"2B2X_HL_A|VH50T,EH64K,QL28S,YL52N,LL49W",2.9507816,1.9370352,1,0
"2B2X_HL_A|VH50T,EH64K,QL28S,YL52N,NL30V",2.0925434,1.6425267,1,0
"2B2X_HL_A|VH50T,EH64K,QL28S,YL52N,NL30W",2.6158988,1.7572294,1,0
"2B2X_HL_A|VH50T,EH64K,QL28S,YL52N,NL30Y",2.9507816,1.5214722,1,0
"2B2X_HL_A|VH50T,EH64K,QL28S,YL52N,NL30Y,SL91I",1.4775821,1.3852419,1,0
"2B2X_HL_A|VH50T,EH64K,QL28S,YL52N,RH31Q",2.350542,2.072215,1,0
"2B2X_HL_A|VH50T,EH64K,QL28S,YL52N,SH35A",2.6158988,2.1992133,1,0
"2B2X_HL_A|VH50T,EH64K,QL28S,YL52N,SH35A,GH102S",2.6158988,2.2712617,1,0
"2B2X_HL_A|VH50T,EH64K,QL28S,YL52N,SH35Q",3.770335,2.505166,1,0
"2B2X_HL_A|VH50T,EH64K,QL28S,YL52N,SH35V,GH102S",2.4688888,2.5039701,1,0
"2B2X_HL_A|VH50T,EH64K,QL28S,YL52N,SH52M",3.119054,1.622801,1,0
"2B2X_HL_A|VH50T,EH64K,QL28S,YL52N,SL24R",0.82788163,0.9389855,1,0
"2B2X_HL_A|VH50T,EH64K,QL28S,YL52N,SL91Q",2.8172472,1.954051,1,0
"2B2X_HL_A|VH50T,EH64K,QL28S,YL52N,SL91R",3.770335,1.1394513,1,0
"2B2X_HL_A|VH50T,EH64K,QL28S,YL52N,SL91R,NL30E",3.770335,1.6276245,1,0
"2B2X_HL_A|VH50T,EH64K,QL28S,YL52N,SL91T",3.3598623,2.1980698,1,0
"2B2X_HL_A|VH50T,EH64K,QL28S,YL52N,TH33E,GH53Q",2.7106705,2.24165,1,0
"2B2X_HL_A|VH50T,EH64K,QL28S,YL52N,TH33I,SH52T,GH53N,GH54N",2.9507816,2.6107433,1,0
"2B2X_HL_A|VH50T,EH64K,QL28S,YL52N,TH33I,SH52T,GH53Q,GH54F",2.2985272,1.8270397,1,0
"2B2X_HL_A|VH50T,EH64K,QL28S,YL52N,TH33N",3.770335,2.3353612,1,0
"2B2X_HL_A|VH50T,EH64K,QL28S,YL52N,TH33V",1.4775821,1.5243416,1,0
"2B2X_HL_A|VH50T,EH64K,QL28S,YL52N,WL90Q",3.119054,2.1726983,1,0
"2B2X_HL_A|VH50T,EH64K,QL28S,YL52N,WL90Q,FL33Y",1.914233,1.7663168,1,0
"2B2X_HL_A|VH50T,EH64K,QL28S,YL52N,YH58E",3.119054,2.2788136,1,0
"2B2X_HL_A|VH50T,EH64K,QL28S,YL52N,YH58Q",3.119054,2.523987,1,0
"2B2X_HL_A|VH50T,EH64K,QL28S,YL52N,YH58W",1.8641591,1.5755409,1,0
"2B2X_HL_A|VH50T,EH64K,QL28S,YL52N,YH59E",1.5872209,1.857523,1,0
"2B2X_HL_A|VH50T,EH64K,QL28S,YL52R",1.8880546,1.4743152,1,0
"2B2X_HL_A|VH50T,EH64K,YL52N",0.28173435,0.61423916,1,0
"2B2X_HL_A|VH50T,EH64N,QL28S,YL52N",1.0069425,1.4773363,1,0
"2B2X_HL_A|VH50T,EH64Q,QL28S,YL52N",0.96559924,1.3864528,1,0
"2B2X_HL_A|VH50T,EH64Q,QL28S,YL52N,LH60D",1.0862032,1.3874903,1,0
"2B2X_HL_A|VH50T,QL28S,YL52N",0.96559924,1.1777596,1,0
"2B2X_HL_A|VH50T,QL28S,YL52N,LH60D",0.90141344,0.9557263,1,0
"2B2X_HL_A|VH50T,YL52N",0.18636756,0.1850794,1,0
2B2X_HL_A|YL52E,-0.22410508,0.075723335,1,0
2VIR_AB_C|SC115L,3.680209,0.5475263,1,0
2VIR_AB_C|TC89I,4.0,3.882536,1,0
"3G6D_LH_A|EL3V,GL76R,TL77V,QL78E,EL80G",0.13981691,0.050427675,1,0
"3G6D_LH_A|EL3V,GL76R,TL77V,QL78E,EL80G,DH54N",0.111178115,0.6998181,1,0
"3G6D_LH_A|EL3V,GL76R,TL77V,QL78E,EL80G,TL89S,ML92I,VL93D,TL94K",0.27145106,-0.23037554,1,0
3G6D_LH_A|HH104A,-0.9530879,0.2538562,1,0
"3G6D_LH_A|KH210T,KH215T",-0.13294782,-0.3398023,1,0
"3G6D_LH_A|TL89S,ML92I,VL93D,TL94K",0.7979767,0.008683436,1,0
3G6D_LH_A|WH105A,-1.4965084,0.98523325,1,0
"3IDX_HL_G|CG27I,CG242Q",-2.4650376,0.49214432,1,0
"3IDX_HL_G|CG27I,CG242Q,MG247A",-2.1736174,0.6069622,1,0
"3IDX_HL_G|KG85C,EG121C,CG27I,CG242Q",-2.3776865,0.40475178,1,0
"3IDX_HL_G|KG85C,EG121C,WG13M,MG247A,CG14W,CG129V,CG27I,CG242Q",-2.1922898,0.7091377,1,0
"3IDX_HL_G|KG85C,EG122C,WG13M,MG247A,CG14W,CG129V,CG27I,CG242Q",-2.2927184,0.56882566,1,0
"3IDX_HL_G|TG41C,GG245C,MG247A",0.40945426,-0.040447325,1,0
"3IDX_HL_G|TG41C,GG245C,WG13M,MG247A,CG14W,CG129V,CG27I,CG242Q",-2.3310676,-0.001231065,1,0
"3IDX_HL_G|WG13M,MG247A,CG14W,CG129V",-0.6475391,0.44588703,1,0
"3IDX_HL_G|WG13M,MG247A,CG14W,CG129V,CG27I,CG242Q",-2.3479884,0.91188794,1,0
"3IDX_HL_G|WG13M,MG247A,CG14W,CG129V,KG85C,EG121C",-0.36166522,0.20174696,1,0
"3IDX_HL_G|WG13M,SG111T,WG200S,MG247A,CG14W,CG129V,CG27I,CG242Q",-1.8639641,0.05571378,1,0
"3L5X_A_HL|EL93F,YL94G",-0.42800838,-0.0082633775,1,0
"3L5X_A_HL|EL93H,YL94G",-0.7626503,0.6450257,1,0
"3L5X_A_HL|HL91P,NL92I,EL93D,YL94A",-0.6466697,2.1170936,1,0
"3L5X_A_HL|HL91P,NL92L,EL93D,YL94S",-0.6327897,2.3419507,1,0
"3L5X_A_HL|HL91P,NL92L,EL93D,YL94T",-0.81005055,2.6385071,1,0
"3L5X_A_HL|HL91P,NL92L,EL93D,YL94V",-0.85822237,2.652194,1,0
"3L5X_A_HL|HL91P,NL92L,YL94A",-0.44441348,2.4391937,1,0
"3L5X_A_HL|HL91Q,NL92D,EL93I,YL94G",-1.5503801,1.479341,1,0
"3L5X_A_HL|HL91Q,NL92D,EL93L,YL94G",-1.785132,1.583937,1,0
"3L5X_A_HL|HL91Q,NL92D,EL93Y,YL94G",-1.451453,-0.16793631,1,0
"3L5X_A_HL|NL92D,EL93L,YL94G",-0.42962858,0.7403216,1,0
"3L5X_A_HL|NL92D,EL93N,YL94S",-0.53403836,1.6488414,1,0
"3L5X_A_HL|NL92D,EL93P,YL94G",-1.4699602,0.9391501,1,0
"3L5X_A_HL|NL92D,EL93R,YL94D",-0.52253926,0.70389044,1,0
"3L5X_A_HL|NL92D,EL93W,YL94E",-1.1963489,-0.13005683,1,0
"3L5X_A_HL|NL92D,EL93W,YL94G",-1.6825228,-0.840012,1,0
"3L5X_A_HL|NL92D,EL93W,YL94S",-0.71612674,0.16787606,1,0
"3L5X_A_HL|NL92D,EL93Y,YL94A",-0.8069743,0.022464471,1,0
"3L5X_A_HL|NL92E,EL93S,YL94G",-1.2653587,0.27865687,1,0
"3L5X_A_HL|NL92E,EL93W,YL94G",-1.5503801,-1.0030671,1,0
"3L5X_A_HL|NL92F,EL93W,YL94G",-1.2329907,-1.2439456,1,0
"3L5X_A_HL|NL92L,EL93D,YL94S",-0.6170473,1.3972678,1,0
"3L5X_A_HL|NL92L,EL93L,YL94G",-0.6259698,0.75206035,1,0
"3L5X_A_HL|NL92L,EL93M,YL94G",-0.82567644,0.49024746,1,0
"3L5X_A_HL|NL92L,EL93N,YL94G",-0.6954369,0.7343947,1,0
"3L5X_A_HL|NL92S,EL93H,YL94G",-1.2457265,-0.09860544,1,0
"3L5X_A_HL|NL92S,EL93I,YL94G",-0.8069743,0.0981192,1,0
"3L5X_A_HL|NL92S,EL93S,YL94G",-0.24921271,-0.1712866,1,0
"3L5X_A_HL|NL92S,EL93V,YL94G",-0.51687235,0.19511427,1,0
"3L5X_A_HL|NL92S,EL93W,YL94A",-0.30302802,-0.2633317,1,0
"3L5X_A_HL|NL92S,EL93W,YL94G",-1.2720501,-0.98855585,1,0
"3L5X_A_HL|NL92S,EL93Y,YL94G",-0.9641868,-1.0826839,1,0
"3L5X_A_HL|NL92V,EL93G,YL94G",-0.46300006,-0.46979296,1,0
"3L5X_A_HL|NL92V,EL93W,YL94G",-0.83525383,-0.77882355,1,0
3L5X_A_HL|YL94A,-0.82885176,1.2189922,1,0
3N85_A_LH|SH32A,-0.13401966,0.825313,1,0
3N85_A_LH|SH32Y,0.0571225,-0.36667922,1,0
3N85_A_LH|SH50G,0.48767117,0.16881962,1,0
3N85_A_LH|SH52Y,-0.78460336,-0.7162541,1,0
3N85_A_LH|WH100F,-0.015185109,0.30352318,1,0
3N85_A_LH|WH30K,-0.78460336,0.7356157,1,0
3N85_A_LH|WH30R,-0.5539675,0.39983737,1,0
3N85_A_LH|WL91F,0.13959166,1.0628247,1,0
3N85_A_LH|WL94Y,-0.03871881,-0.48306236,1,0
3SE8_HL_G|DH110A,-0.38934898,-0.630209,1,0
3SE8_HL_G|DH114A,-0.2441398,0.46301284,1,0
3SE8_HL_G|DL49A,0.8558488,1.5783035,1,0
3SE8_HL_G|EL1A,-0.5565174,-0.3231141,1,0
3SE8_HL_G|EL91A,1.513491,0.44617692,1,0
3SE8_HL_G|FH115A,1.0676043,0.5016283,1,0
3SE8_HL_G|FL90A,-0.8640972,0.30148175,1,0
3SE8_HL_G|FL92A,0.8323254,-0.11113255,1,0
3SE8_HL_G|GH56A,0.3570972,1.010973,1,0
3SE8_HL_G|KH52A,1.1114144,0.7541474,1,0
3SE8_HL_G|LH54A,0.054776184,-0.2629115,1,0
3SE8_HL_G|NL30A,0.19434923,1.0945241,1,0
3SE8_HL_G|PH78A,0.01881787,0.025994154,1,0
3SE8_HL_G|PH81A,-0.07091986,0.886118,1,0
3SE8_HL_G|QH63A,1.1144251,-0.14101744,1,0
3SE8_HL_G|QH65A,0.54980505,0.58067244,1,0
3SE8_HL_G|QH76A,0.09689985,-0.13749477,1,0
3SE8_HL_G|QL27A,-0.21612903,-0.08737114,1,0
3SE8_HL_G|RH30A,-0.03949762,0.6693721,1,0
3SE8_HL_G|RH62A,1.2061691,0.191732,1,0
3SE8_HL_G|RH72A,2.6444623,3.076866,1,0
3SE8_HL_G|SH59A,1.1508402,0.7229326,1,0
3SE8_HL_G|VH58A,1.2496852,0.8341243,1,0
3SE8_HL_G|WH47A,1.4751467,1.6389463,1,0
3SE8_HL_G|WH50A,1.333526,2.063324,1,0
3SE8_HL_G|WH55A,0.7611056,0.49366924,1,0
3SE8_HL_G|YH111A,0.82992166,-0.14601175,1,0
3SE8_HL_G|YH60A,0.8558488,0.7937058,1,0
4KRL_A_B|DB112A,0.6496817,0.91981804,1,0
5C6T_HL_A|EA194A,1.0906719,1.8482912,1,0
5C6T_HL_A|FA192A,1.9972014,2.6830423,1,0
5C6T_HL_A|FA199A,2.7581792,2.2918773,1,0
5C6T_HL_A|FA200A,0.41047263,1.3345726,1,0
5C6T_HL_A|FH99A,1.4600298,-0.9927379,1,0
5C6T_HL_A|IA201A,0.88561165,0.7076722,1,0
5C6T_HL_A|NA183A,0.28399685,0.97554445,1,0
5C6T_HL_A|NA186A,0.3630724,0.2599924,1,0
5C6T_HL_A|NA188A,-0.36658686,0.8086653,1,0
"5C6T_HL_A|NA195A,DA197A",0.58650106,2.2246335,1,0
5C6T_HL_A|NH97A,1.5258962,0.4101089,1,0
5C6T_HL_A|RH31S,0.3115454,0.5892667,1,0
5C6T_HL_A|RL48A,0.1229613,2.5682888,1,0
5C6T_HL_A|SH32A,-0.8683455,0.66404325,1,0
5C6T_HL_A|TA185A,0.33786914,0.34392327,1,0
5C6T_HL_A|YA182A,3.2083547,0.9201509,1,0
"5C6T_HL_A|YA182A,NA195A,DA197A",2.942425,2.7049744,1,0
5C6T_HL_A|YH104A,0.3630724,0.35693467,1,0
5C6T_HL_A|YH98A,1.7166799,1.158471,1,0
5C6T_HL_A|YL47A,0.5516565,1.8575902,1,0
1KIP_AB_C|AB32Y,-0.8005932,-1.2142507,1,1
1XGU_AB_C|FB33A,4.0,4.585499,1,1
1XGU_AB_C|FB33I,1.8004549,2.4216852,1,1
1XGU_AB_C|FB33L,1.8617703,2.4750426,1,1
1XGU_AB_C|FB33V,2.9080825,3.6097813,1,1
2B2X_HL_A|EH64K,-0.033433665,0.52659607,1,1
"2B2X_HL_A|EH64K,QL28S,YL52N",0.911615,1.1765292,1,1
"2B2X_HL_A|EH64K,QL28S,YL52N,GH102S",2.7106705,1.8805987,1,1
"2B2X_HL_A|EH64K,QL28S,YL52N,SH35A",3.119054,1.637849,1,1
"2B2X_HL_A|EH64K,QL28S,YL52N,SH35V",3.770335,2.129768,1,1
"2B2X_HL_A|EH64K,YL52N",0.34853002,0.9731342,1,1
"2B2X_HL_A|QL28S,YL52N",0.8626942,0.49186823,1,1
2B2X_HL_A|VH50T,0.024054652,-0.75555646,1,1
"2B2X_HL_A|VH50T,EH64D,QL28S,YL52N",0.87177193,0.5194558,1,1
"2B2X_HL_A|VH50T,EH64K,QL28S",0.991589,0.6146504,1,1
"2B2X_HL_A|VH50T,EH64K,QL28S,YL52D",1.5439764,0.8650269,1,1
"2B2X_HL_A|VH50T,EH64K,QL28S,YL52E",0.95452905,0.84223545,1,1
"2B2X_HL_A|VH50T,EH64K,QL28S,YL52K",1.7007239,1.8549213,1,1
"2B2X_HL_A|VH50T,EH64K,QL28S,YL52N",1.043214,1.1294198,1,1
"2B2X_HL_A|VH50T,EH64K,QL28S,YL52N,FH99W",1.043214,1.0450757,1,1
"2B2X_HL_A|VH50T,EH64K,QL28S,YL52N,FH99Y",1.7978828,0.72394156,1,1
"2B2X_HL_A|VH50T,EH64K,QL28S,YL52N,GH100F",1.4322319,0.76920116,1,1
"2B2X_HL_A|VH50T,EH64K,QL28S,YL52N,GH100L",3.770335,1.7177064,1,1
"2B2X_HL_A|VH50T,EH64K,QL28S,YL52N,GH100M",1.145348,1.6165495,1,1
"2B2X_HL_A|VH50T,EH64K,QL28S,YL52N,GH100S",1.6009614,1.5733662,1,1
"2B2X_HL_A|VH50T,EH64K,QL28S,YL52N,GH53A",1.5558206,1.0727384,1,1
"2B2X_HL_A|VH50T,EH64K,QL28S,YL52N,GH53N",2.2985272,1.6835709,1,1
"2B2X_HL_A|VH50T,EH64K,QL28S,YL52N,GH53S",1.7188073,1.4164851,1,1
"2B2X_HL_A|VH50T,EH64K,QL28S,YL52N,GH54I",2.4067745,1.4641862,1,1
"2B2X_HL_A|VH50T,EH64K,QL28S,YL52N,GH54T",2.2073808,1.8317465,1,1
"2B2X_HL_A|VH50T,EH64K,QL28S,YL52N,GH54Y",1.043214,0.82187,1,1
"2B2X_HL_A|VH50T,EH64K,QL28S,YL52N,GL92Q",2.6158988,1.6272238,1,1
"2B2X_HL_A|VH50T,EH64K,QL28S,YL52N,GL92S",1.5558206,1.3163743,1,1
"2B2X_HL_A|VH50T,EH64K,QL28S,YL52N,HL31K",2.2073808,2.2512095,1,1
"2B2X_HL_A|VH50T,EH64K,QL28S,YL52N,HL31R",2.1670115,1.3300005,1,1
"2B2X_HL_A|VH50T,EH64K,QL28S,YL52N,HL31W",2.2985272,1.1826521,1,1
"2B2X_HL_A|VH50T,EH64K,QL28S,YL52N,LH60D",0.981894,0.8954959,1,1
"2B2X_HL_A|VH50T,EH64K,QL28S,YL52N,LL49F",1.7554936,1.1411102,1,1
"2B2X_HL_A|VH50T,EH64K,QL28S,YL52N,LL49K",1.9044149,2.234724,1,1
"2B2X_HL_A|VH50T,EH64K,QL28S,YL52N,LL49W",2.9507816,1.7067063,1,1
"2B2X_HL_A|VH50T,EH64K,QL28S,YL52N,NL30V",2.0925434,1.571984,1,1
"2B2X_HL_A|VH50T,EH64K,QL28S,YL52N,NL30W",2.6158988,2.0299497,1,1
"2B2X_HL_A|VH50T,EH64K,QL28S,YL52N,NL30Y",2.9507816,1.119112,1,1
"2B2X_HL_A|VH50T,EH64K,QL28S,YL52N,NL30Y,SL91I",1.4775821,1.592255,1,1
"2B2X_HL_A|VH50T,EH64K,QL28S,YL52N,RH31Q",2.350542,1.3852341,1,1
"2B2X_HL_A|VH50T,EH64K,QL28S,YL52N,SH35A",2.6158988,1.8234572,1,1
"2B2X_HL_A|VH50T,EH64K,QL28S,YL52N,SH35A,GH102S",2.6158988,2.27166,1,1
"2B2X_HL_A|VH50T,EH64K,QL28S,YL52N,SH35Q",3.770335,2.4336245,1,1
"2B2X_HL_A|VH50T,EH64K,QL28S,YL52N,SH35V,GH102S",2.4688888,2.721322,1,1
"2B2X_HL_A|VH50T,EH64K,QL28S,YL52N,SH52M",3.119054,1.6152905,1,1
"2B2X_HL_A|VH50T,EH64K,QL28S,YL52N,SL24R",0.82788163,0.9070754,1,1
"2B2X_HL_A|VH50T,EH64K,QL28S,YL52N,SL91Q",2.8172472,2.0708854,1,1
"2B2X_HL_A|VH50T,EH64K,QL28S,YL52N,SL91R",3.770335,1.2278235,1,1
"2B2X_HL_A|VH50T,EH64K,QL28S,YL52N,SL91R,NL30E",3.770335,1.6491891,1,1
"2B2X_HL_A|VH50T,EH64K,QL28S,YL52N,SL91T",3.3598623,1.9014459,1,1
"2B2X_HL_A|VH50T,EH64K,QL28S,YL52N,TH33E,GH53Q",2.7106705,1.9280839,1,1
"2B2X_HL_A|VH50T,EH64K,QL28S,YL52N,TH33I,SH52T,GH53N,GH54N",2.9507816,2.8257282,1,1
"2B2X_HL_A|VH50T,EH64K,QL28S,YL52N,TH33I,SH52T,GH53Q,GH54F",2.2985272,2.4191427,1,1
"2B2X_HL_A|VH50T,EH64K,QL28S,YL52N,TH33N",3.770335,1.7203021,1,1
"2B2X_HL_A|VH50T,EH64K,QL28S,YL52N,TH33V",1.4775821,1.10641,1,1
"2B2X_HL_A|VH50T,EH64K,QL28S,YL52N,WL90Q",3.119054,1.9243486,1,1
"2B2X_HL_A|VH50T,EH64K,QL28S,YL52N,WL90Q,FL33Y",1.914233,1.802386,1,1
"2B2X_HL_A|VH50T,EH64K,QL28S,YL52N,YH58E",3.119054,2.0220435,1,1
"2B2X_HL_A|VH50T,EH64K,QL28S,YL52N,YH58Q",3.119054,2.5555778,1,1
"2B2X_HL_A|VH50T,EH64K,QL28S,YL52N,YH58W",1.8641591,1.9559457,1,1
"2B2X_HL_A|VH50T,EH64K,QL28S,YL52N,YH59E",1.5872209,1.8715267,1,1
"2B2X_HL_A|VH50T,EH64K,QL28S,YL52R",1.8880546,0.9919058,1,1
"2B2X_HL_A|VH50T,EH64K,YL52N",0.28173435,0.9389386,1,1
"2B2X_HL_A|VH50T,EH64N,QL28S,YL52N",1.0069425,0.7015947,1,1
"2B2X_HL_A|VH50T,EH64Q,QL28S,YL52N",0.96559924,0.5633982,1,1
"2B2X_HL_A|VH50T,EH64Q,QL28S,YL52N,LH60D",1.0862032,0.45323032,1,1
"2B2X_HL_A|VH50T,QL28S,YL52N",0.96559924,0.3395214,1,1
"2B2X_HL_A|VH50T,QL28S,YL52N,LH60D",0.90141344,0.22737956,1,1
"2B2X_HL_A|VH50T,YL52N",0.18636756,0.13607095,1,1
2B2X_HL_A|YL52E,-0.22410508,0.18472683,1,1
2VIR_AB_C|SC115L,3.680209,0.8563351,1,1
2VIR_AB_C|TC89I,4.0,3.3647103,1,1
"3G6D_LH_A|EL3V,GL76R,TL77V,QL78E,EL80G",0.13981691,0.43935642,1,1
"3G6D_LH_A|EL3V,GL76R,TL77V,QL78E,EL80G,DH54N",0.111178115,1.5290983,1,1
"3G6D_LH_A|EL3V,GL76R,TL77V,QL78E,EL80G,TL89S,ML92I,VL93D,TL94K",0.27145106,0.29531088,1,1
3G6D_LH_A|HH104A,-0.9530879,1.2682763,1,1
"3G6D_LH_A|KH210T,KH215T",-0.13294782,-0.8143866,1,1
"3G6D_LH_A|TL89S,ML92I,VL93D,TL94K",0.7979767,-0.20943378,1,1
3G6D_LH_A|WH105A,-1.4965084,1.2420529,1,1
"3IDX_HL_G|CG27I,CG242Q",-2.4650376,-0.13465823,1,1
"3IDX_HL_G|CG27I,CG242Q,MG247A",-2.1736174,-0.33938953,1,1
"3IDX_HL_G|KG85C,EG121C,CG27I,CG242Q",-2.3776865,1.2179358,1,1
"3IDX_HL_G|KG85C,EG121C,WG13M,MG247A,CG14W,CG129V,CG27I,CG242Q",-2.1922898,1.4386742,1,1
"3IDX_HL_G|KG85C,EG122C,WG13M,MG247A,CG14W,CG129V,CG27I,CG242Q",-2.2927184,1.1962262,1,1
"3IDX_HL_G|TG41C,GG245C,MG247A",0.40945426,0.56904125,1,1
"3IDX_HL_G|TG41C,GG245C,WG13M,MG247A,CG14W,CG129V,CG27I,CG242Q",-2.3310676,0.62940705,1,1
"3IDX_HL_G|WG13M,MG247A,CG14W,CG129V",-0.6475391,0.16226037,1,1
"3IDX_HL_G|WG13M,MG247A,CG14W,CG129V,CG27I,CG242Q",-2.3479884,0.04738186,1,1
"3IDX_HL_G|WG13M,MG247A,CG14W,CG129V,KG85C,EG121C",-0.36166522,1.9674106,1,1
"3IDX_HL_G|WG13M,SG111T,WG200S,MG247A,CG14W,CG129V,CG27I,CG242Q",-1.8639641,-0.44148365,1,1
"3L5X_A_HL|EL93F,YL94G",-0.42800838,0.7422101,1,1
"3L5X_A_HL|EL93H,YL94G",-0.7626503,0.8976486,1,1
"3L5X_A_HL|HL91P,NL92I,EL93D,YL94A",-0.6466697,1.6107532,1,1
"3L5X_A_HL|HL91P,NL92L,EL93D,YL94S",-0.6327897,1.332136,1,1
"3L5X_A_HL|HL91P,NL92L,EL93D,YL94T",-0.81005055,1.7516296,1,1
"3L5X_A_HL|HL91P,NL92L,EL93D,YL94V",-0.85822237,1.4034305,1,1
"3L5X_A_HL|HL91P,NL92L,YL94A",-0.44441348,2.294869,1,1
"3L5X_A_HL|HL91Q,NL92D,EL93I,YL94G",-1.5503801,0.7146942,1,1
"3L5X_A_HL|HL91Q,NL92D,EL93L,YL94G",-1.785132,0.71864617,1,1
"3L5X_A_HL|HL91Q,NL92D,EL93Y,YL94G",-1.451453,-0.1022704,1,1
"3L5X_A_HL|NL92D,EL93L,YL94G",-0.42962858,0.2102984,1,1
"3L5X_A_HL|NL92D,EL93N,YL94S",-0.53403836,0.4769486,1,1
"3L5X_A_HL|NL92D,EL93P,YL94G",-1.4699602,0.70392096,1,1
"3L5X_A_HL|NL92D,EL93R,YL94D",-0.52253926,-0.13393751,1,1
"3L5X_A_HL|NL92D,EL93W,YL94E",-1.1963489,-0.47589138,1,1
"3L5X_A_HL|NL92D,EL93W,YL94G",-1.6825228,-0.2238305,1,1
"3L5X_A_HL|NL92D,EL93W,YL94S",-0.71612674,-0.24614991,1,1
"3L5X_A_HL|NL92D,EL93Y,YL94A",-0.8069743,-0.28836653,1,1
"3L5X_A_HL|NL92E,EL93S,YL94G",-1.2653587,0.29873934,1,1
"3L5X_A_HL|NL92E,EL93W,YL94G",-1.5503801,0.020913627,1,1
"3L5X_A_HL|NL92F,EL93W,YL94G",-1.2329907,0.037879676,1,1
"3L5X_A_HL|NL92L,EL93D,YL94S",-0.6170473,0.57870066,1,1
"3L5X_A_HL|NL92L,EL93L,YL94G",-0.6259698,0.9448084,1,1
"3L5X_A_HL|NL92L,EL93M,YL94G",-0.82567644,1.09313,1,1
"3L5X_A_HL|NL92L,EL93N,YL94G",-0.6954369,1.1249768,1,1
"3L5X_A_HL|NL92S,EL93H,YL94G",-1.2457265,0.70156986,1,1
"3L5X_A_HL|NL92S,EL93I,YL94G",-0.8069743,0.764429,1,1
"3L5X_A_HL|NL92S,EL93S,YL94G",-0.24921271,0.52085775,1,1
"3L5X_A_HL|NL92S,EL93V,YL94G",-0.51687235,0.8351031,1,1
"3L5X_A_HL|NL92S,EL93W,YL94A",-0.30302802,0.60808724,1,1
"3L5X_A_HL|NL92S,EL93W,YL94G",-1.2720501,0.46725947,1,1
"3L5X_A_HL|NL92S,EL93Y,YL94G",-0.9641868,0.08032413,1,1
"3L5X_A_HL|NL92V,EL93G,YL94G",-0.46300006,0.76606286,1,1
"3L5X_A_HL|NL92V,EL93W,YL94G",-0.83525383,0.7295288,1,1
3L5X_A_HL|YL94A,-0.82885176,1.2772377,1,1
3N85_A_LH|SH32A,-0.13401966,0.62036026,1,1
3N85_A_LH|SH32Y,0.0571225,-0.10663441,1,1
3N85_A_LH|SH50G,0.48767117,-0.15422389,1,1
3N85_A_LH|SH52Y,-0.78460336,-1.1523044,1,1
3N85_A_LH|WH100F,-0.015185109,-0.11260307,1,1
3N85_A_LH|WH30K,-0.78460336,0.8225485,1,1
3N85_A_LH|WH30R,-0.5539675,0.0041245986,1,1
3N85_A_LH|WL91F,0.13959166,-0.18376824,1,1
3N85_A_LH|WL94Y,-0.03871881,-0.28315082,1,1
3SE8_HL_G|DH110A,-0.38934898,0.19993375,1,1
3SE8_HL_G|DH114A,-0.2441398,0.7861308,1,1
3SE8_HL_G|DL49A,0.8558488,0.9252326,1,1
3SE8_HL_G|EL1A,-0.5565174,-0.27432618,1,1
3SE8_HL_G|EL91A,1.513491,1.4469304,1,1
3SE8_HL_G|FH115A,1.0676043,3.3191106,1,1
3SE8_HL_G|FL90A,-0.8640972,0.581932,1,1
3SE8_HL_G|FL92A,0.8323254,1.2083942,1,1
3SE8_HL_G|GH56A,0.3570972,0.9050841,1,1
3SE8_HL_G|KH52A,1.1114144,0.31116712,1,1
3SE8_HL_G|LH54A,0.054776184,0.42851603,1,1
3SE8_HL_G|NL30A,0.19434923,0.11838545,1,1
3SE8_HL_G|PH78A,0.01881787,-0.21488833,1,1
3SE8_HL_G|PH81A,-0.07091986,0.5219383,1,1
3SE8_HL_G|QH63A,1.1144251,-0.31569096,1,1
3SE8_HL_G|QH65A,0.54980505,0.019987244,1,1
3SE8_HL_G|QH76A,0.09689985,-0.31182596,1,1
3SE8_HL_G|QL27A,-0.21612903,-0.00050685834,1,1
3SE8_HL_G|RH30A,-0.03949762,0.27771103,1,1
3SE8_HL_G|RH62A,1.2061691,0.110642895,1,1
3SE8_HL_G|RH72A,2.6444623,2.5282016,1,1
3SE8_HL_G|SH59A,1.1508402,0.3751168,1,1
3SE8_HL_G|VH58A,1.2496852,0.93879014,1,1
3SE8_HL_G|WH47A,1.4751467,1.6699114,1,1
3SE8_HL_G|WH50A,1.333526,1.7733618,1,1
3SE8_HL_G|WH55A,0.7611056,-0.20077433,1,1
3SE8_HL_G|YH111A,0.82992166,0.74267703,1,1
3SE8_HL_G|YH60A,0.8558488,0.59153765,1,1
4KRL_A_B|DB112A,0.6496817,2.323989,1,1
5C6T_HL_A|EA194A,1.0906719,1.8204267,1,1
5C6T_HL_A|FA192A,1.9972014,2.1022747,1,1
5C6T_HL_A|FA199A,2.7581792,1.5450892,1,1
5C6T_HL_A|FA200A,0.41047263,0.5589188,1,1
5C6T_HL_A|FH99A,1.4600298,-0.5829296,1,1
5C6T_HL_A|IA201A,0.88561165,-0.2894882,1,1
5C6T_HL_A|NA183A,0.28399685,0.26203033,1,1
5C6T_HL_A|NA186A,0.3630724,0.07568514,1,1
5C6T_HL_A|NA188A,-0.36658686,1.2491447,1,1
"5C6T_HL_A|NA195A,DA197A",0.58650106,0.5933185,1,1
5C6T_HL_A|NH97A,1.5258962,-0.08854378,1,1
5C6T_HL_A|RH31S,0.3115454,-0.03412401,1,1
5C6T_HL_A|RL48A,0.1229613,0.013853874,1,1
5C6T_HL_A|SH32A,-0.8683455,-0.21852209,1,1
5C6T_HL_A|TA185A,0.33786914,0.392398,1,1
5C6T_HL_A|YA182A,3.2083547,1.1632633,1,1
"5C6T_HL_A|YA182A,NA195A,DA197A",2.942425,1.860741,1,1
5C6T_HL_A|YH104A,0.3630724,0.58427095,1,1
5C6T_HL_A|YH98A,1.7166799,0.27599618,1,1
5C6T_HL_A|YL47A,0.5516565,1.0812691,1,1
1KIP_AB_C|AB32Y,-0.8005932,-1.2292652,1,2
1XGU_AB_C|FB33A,4.0,3.5023377,1,2
1XGU_AB_C|FB33I,1.8004549,1.7968394,1,2
1XGU_AB_C|FB33L,1.8617703,1.5855525,1,2
1XGU_AB_C|FB33V,2.9080825,2.7258034,1,2
2B2X_HL_A|EH64K,-0.033433665,0.63255185,1,2
"2B2X_HL_A|EH64K,QL28S,YL52N",0.911615,1.1824986,1,2
"2B2X_HL_A|EH64K,QL28S,YL52N,GH102S",2.7106705,1.6875422,1,2
"2B2X_HL_A|EH64K,QL28S,YL52N,SH35A",3.119054,1.5866555,1,2
"2B2X_HL_A|EH64K,QL28S,YL52N,SH35V",3.770335,1.6181024,1,2
"2B2X_HL_A|EH64K,YL52N",0.34853002,1.0951449,1,2
"2B2X_HL_A|QL28S,YL52N",0.8626942,0.5809481,1,2
2B2X_HL_A|VH50T,0.024054652,-0.30522084,1,2
"2B2X_HL_A|VH50T,EH64D,QL28S,YL52N",0.87177193,0.67196494,1,2
"2B2X_HL_A|VH50T,EH64K,QL28S",0.991589,0.9463092,1,2
"2B2X_HL_A|VH50T,EH64K,QL28S,YL52D",1.5439764,0.9073114,1,2
"2B2X_HL_A|VH50T,EH64K,QL28S,YL52E",0.95452905,1.2788304,1,2
"2B2X_HL_A|VH50T,EH64K,QL28S,YL52K",1.7007239,2.0201387,1,2
"2B2X_HL_A|VH50T,EH64K,QL28S,YL52N",1.043214,1.3802574,1,2
"2B2X_HL_A|VH50T,EH64K,QL28S,YL52N,FH99W",1.043214,1.3082228,1,2
"2B2X_HL_A|VH50T,EH64K,QL28S,YL52N,FH99Y",1.7978828,1.2953314,1,2
"2B2X_HL_A|VH50T,EH64K,QL28S,YL52N,GH100F",1.4322319,1.3182464,1,2
"2B2X_HL_A|VH50T,EH64K,QL28S,YL52N,GH100L",3.770335,1.5017607,1,2
"2B2X_HL_A|VH50T,EH64K,QL28S,YL52N,GH100M",1.145348,1.7194148,1,2
"2B2X_HL_A|VH50T,EH64K,QL28S,YL52N,GH100S",1.6009614,1.9583737,1,2
"2B2X_HL_A|VH50T,EH64K,QL28S,YL52N,GH53A",1.5558206,1.8626281,1,2
"2B2X_HL_A|VH50T,EH64K,QL28S,YL52N,GH53N",2.2985272,1.9138638,1,2
"2B2X_HL_A|VH50T,EH64K,QL28S,YL52N,GH53S",1.7188073,1.8664696,1,2
"2B2X_HL_A|VH50T,EH64K,QL28S,YL52N,GH54I",2.4067745,1.5352101,1,2
"2B2X_HL_A|VH50T,EH64K,QL28S,YL52N,GH54T",2.2073808,1.91599,1,2
"2B2X_HL_A|VH50T,EH64K,QL28S,YL52N,GH54Y",1.043214,1.3492534,1,2
"2B2X_HL_A|VH50T,EH64K,QL28S,YL52N,GL92Q",2.6158988,2.0306268,1,2
"2B2X_HL_A|VH50T,EH64K,QL28S,YL52N,GL92S",1.5558206,1.8756343,1,2
"2B2X_HL_A|VH50T,EH64K,QL28S,YL52N,HL31K",2.2073808,2.1390958,1,2
"2B2X_HL_A|VH50T,EH64K,QL28S,YL52N,HL31R",2.1670115,1.4333634,1,2
"2B2X_HL_A|VH50T,EH64K,QL28S,YL52N,HL31W",2.2985272,1.2986277,1,2
"2B2X_HL_A|VH50T,EH64K,QL28S,YL52N,LH60D",0.981894,1.3619355,1,2
"2B2X_HL_A|VH50T,EH64K,QL28S,YL52N,LL49F",1.7554936,1.5944837,1,2
"2B2X_HL_A|VH50T,EH64K,QL28S,YL52N,LL49K",1.9044149,2.1666248,1,2
"2B2X_HL_A|VH50T,EH64K,QL28S,YL52N,LL49W",2.9507816,1.6412241,1,2
"2B2X_HL_A|VH50T,EH64K,QL28S,YL52N,NL30V",2.0925434,1.3714777,1,2
"2B2X_HL_A|VH50T,EH64K,QL28S,YL52N,NL30W",2.6158988,1.2469727,1,2
"2B2X_HL_A|VH50T,EH64K,QL28S,YL52N,NL30Y",2.9507816,1.0042484,1,2
"2B2X_HL_A|VH50T,EH64K,QL28S,YL52N,NL30Y,SL91I",1.4775821,1.0281485,1,2
"2B2X_HL_A|VH50T,EH64K,QL28S,YL52N,RH31Q",2.350542,1.4643153,1,2
"2B2X_HL_A|VH50T,EH64K,QL28S,YL52N,SH35A",2.6158988,1.7244312,1,2
"2B2X_HL_A|VH50T,EH64K,QL28S,YL52N,SH35A,GH102S",2.6158988,2.216081,1,2
"2B2X_HL_A|VH50T,EH64K,QL28S,YL52N,SH35Q",3.770335,1.7780566,1,2
"2B2X_HL_A|VH50T,EH64K,QL28S,YL52N,SH35V,GH102S",2.4688888,2.301068,1,2
"2B2X_HL_A|VH50T,EH64K,QL28S,YL52N,SH52M",3.119054,1.3716965,1,2
"2B2X_HL_A|VH50T,EH64K,QL28S,YL52N,SL24R",0.82788163,1.1113564,1,2
"2B2X_HL_A|VH50T,EH64K,QL28S,YL52N,SL91Q",2.8172472,1.6055236,1,2
"2B2X_HL_A|VH50T,EH64K,QL28S,YL52N,SL91R",3.770335,1.324611,1,2
"2B2X_HL_A|VH50T,EH64K,QL28S,YL52N,SL91R,NL30E",3.770335,1.3551352,1,2
"2B2X_HL_A|VH50T,EH64K,QL28S,YL52N,SL91T",3.3598623,1.6493628,1,2
"2B2X_HL_A|VH50T,EH64K,QL28S,YL52N,TH33E,GH53Q",2.7106705,2.1236951,1,2
"2B2X_HL_A|VH50T,EH64K,QL28S,YL52N,TH33I,SH52T,GH53N,GH54N",2.9507816,2.7312367,1,2
"2B2X_HL_A|VH50T,EH64K,QL28S,YL52N,TH33I,SH52T,GH53Q,GH54F",2.2985272,2.7043073,1,2
"2B2X_HL_A|VH50T,EH64K,QL28S,YL52N,TH33N",3.770335,1.9349332,1,2
"2B2X_HL_A|VH50T,EH64K,QL28S,YL52N,TH33V",1.4775821,1.537949,1,2
"2B2X_HL_A|VH50T,EH64K,QL28S,YL52N,WL90Q",3.119054,2.2813904,1,2
"2B2X_HL_A|VH50T,EH64K,QL28S,YL52N,WL90Q,FL33Y",1.914233,2.2227004,1,2
"2B2X_HL_A|VH50T,EH64K,QL28S,YL52N,YH58E",3.119054,1.8860749,1,2
"2B2X_HL_A|VH50T,EH64K,QL28S,YL52N,YH58Q",3.119054,2.1758778,1,2
"2B2X_HL_A|VH50T,EH64K,QL28S,YL52N,YH58W",1.8641591,1.456772,1,2
"2B2X_HL_A|VH50T,EH64K,QL28S,YL52N,YH59E",1.5872209,1.9120822,1,2
"2B2X_HL_A|VH50T,EH64K,QL28S,YL52R",1.8880546,1.1507224,1,2
"2B2X_HL_A|VH50T,EH64K,YL52N",0.28173435,1.2661332,1,2
"2B2X_HL_A|VH50T,EH64N,QL28S,YL52N",1.0069425,1.2142712,1,2
"2B2X_HL_A|VH50T,EH64Q,QL28S,YL52N",0.96559924,1.008267,1,2
"2B2X_HL_A|VH50T,EH64Q,QL28S,YL52N,LH60D",1.0862032,1.0311414,1,2
"2B2X_HL_A|VH50T,QL28S,YL52N",0.96559924,0.719607,1,2
"2B2X_HL_A|VH50T,QL28S,YL52N,LH60D",0.90141344,0.7305207,1,2
"2B2X_HL_A|VH50T,YL52N",0.18636756,0.47110918,1,2
2B2X_HL_A|YL52E,-0.22410508,0.42091998,1,2
2VIR_AB_C|SC115L,3.680209,0.76717615,1,2
2VIR_AB_C|TC89I,4.0,2.9609404,1,2
"3G6D_LH_A|EL3V,GL76R,TL77V,QL78E,EL80G",0.13981691,0.62183046,1,2
"3G6D_LH_A|EL3V,GL76R,TL77V,QL78E,EL80G,DH54N",0.111178115,1.3160291,1,2
"3G6D_LH_A|EL3V,GL76R,TL77V,QL78E,EL80G,TL89S,ML92I,VL93D,TL94K",0.27145106,-0.22580977,1,2
3G6D_LH_A|HH104A,-0.9530879,0.36149257,1,2
"3G6D_LH_A|KH210T,KH215T",-0.13294782,-0.38090795,1,2
"3G6D_LH_A|TL89S,ML92I,VL93D,TL94K",0.7979767,-0.73424745,1,2
3G6D_LH_A|WH105A,-1.4965084,1.1219038,1,2
"3IDX_HL_G|CG27I,CG242Q",-2.4650376,0.24686174,1,2
"3IDX_HL_G|CG27I,CG242Q,MG247A",-2.1736174,0.7592712,1,2
"3IDX_HL_G|KG85C,EG121C,CG27I,CG242Q",-2.3776865,0.44814318,1,2
"3IDX_HL_G|KG85C,EG121C,WG13M,MG247A,CG14W,CG129V,CG27I,CG242Q",-2.1922898,0.7425497,1,2
"3IDX_HL_G|KG85C,EG122C,WG13M,MG247A,CG14W,CG129V,CG27I,CG242Q",-2.2927184,0.87377876,1,2
"3IDX_HL_G|TG41C,GG245C,MG247A",0.40945426,0.35972595,1,2
"3IDX_HL_G|TG41C,GG245C,WG13M,MG247A,CG14W,CG129V,CG27I,CG242Q",-2.3310676,0.7282727,1,2
"3IDX_HL_G|WG13M,MG247A,CG14W,CG129V",-0.6475391,0.79769635,1,2
"3IDX_HL_G|WG13M,MG247A,CG14W,CG129V,CG27I,CG242Q",-2.3479884,0.76343703,1,2
"3IDX_HL_G|WG13M,MG247A,CG14W,CG129V,KG85C,EG121C",-0.36166522,0.68183583,1,2
"3IDX_HL_G|WG13M,SG111T,WG200S,MG247A,CG14W,CG129V,CG27I,CG242Q",-1.8639641,0.4732879,1,2
"3L5X_A_HL|EL93F,YL94G",-0.42800838,0.5100661,1,2
"3L5X_A_HL|EL93H,YL94G",-0.7626503,0.666807,1,2
"3L5X_A_HL|HL91P,NL92I,EL93D,YL94A",-0.6466697,1.3532218,1,2
"3L5X_A_HL|HL91P,NL92L,EL93D,YL94S",-0.6327897,1.3695205,1,2
"3L5X_A_HL|HL91P,NL92L,EL93D,YL94T",-0.81005055,1.4297122,1,2
"3L5X_A_HL|HL91P,NL92L,EL93D,YL94V",-0.85822237,1.6219513,1,2
"3L5X_A_HL|HL91P,NL92L,YL94A",-0.44441348,1.6146692,1,2
"3L5X_A_HL|HL91Q,NL92D,EL93I,YL94G",-1.5503801,1.1253177,1,2
"3L5X_A_HL|HL91Q,NL92D,EL93L,YL94G",-1.785132,0.9105544,1,2
"3L5X_A_HL|HL91Q,NL92D,EL93Y,YL94G",-1.451453,0.23816164,1,2
"3L5X_A_HL|NL92D,EL93L,YL94G",-0.42962858,0.18370451,1,2
"3L5X_A_HL|NL92D,EL93N,YL94S",-0.53403836,0.9989189,1,2
"3L5X_A_HL|NL92D,EL93P,YL94G",-1.4699602,0.52583474,1,2
"3L5X_A_HL|NL92D,EL93R,YL94D",-0.52253926,-0.2962797,1,2
"3L5X_A_HL|NL92D,EL93W,YL94E",-1.1963489,-0.3972329,1,2
"3L5X_A_HL|NL92D,EL93W,YL94G",-1.6825228,-0.40270928,1,2
"3L5X_A_HL|NL92D,EL93W,YL94S",-0.71612674,-0.20155469,1,2
"3L5X_A_HL|NL92D,EL93Y,YL94A",-0.8069743,0.07706681,1,2
"3L5X_A_HL|NL92E,EL93S,YL94G",-1.2653587,0.95379853,1,2
"3L5X_A_HL|NL92E,EL93W,YL94G",-1.5503801,-0.07873755,1,2
"3L5X_A_HL|NL92F,EL93W,YL94G",-1.2329907,-0.30335113,1,2
"3L5X_A_HL|NL92L,EL93D,YL94S",-0.6170473,0.8298565,1,2
"3L5X_A_HL|NL92L,EL93L,YL94G",-0.6259698,0.33200118,1,2
"3L5X_A_HL|NL92L,EL93M,YL94G",-0.82567644,0.72159237,1,2
"3L5X_A_HL|NL92L,EL93N,YL94G",-0.6954369,0.7520754,1,2
"3L5X_A_HL|NL92S,EL93H,YL94G",-1.2457265,0.54828507,1,2
"3L5X_A_HL|NL92S,EL93I,YL94G",-0.8069743,0.5145286,1,2
"3L5X_A_HL|NL92S,EL93S,YL94G",-0.24921271,0.62538517,1,2
"3L5X_A_HL|NL92S,EL93V,YL94G",-0.51687235,0.734762,1,2
"3L5X_A_HL|NL92S,EL93W,YL94A",-0.30302802,0.32091025,1,2
"3L5X_A_HL|NL92S,EL93W,YL94G",-1.2720501,-0.110885665,1,2
"3L5X_A_HL|NL92S,EL93Y,YL94G",-0.9641868,-0.08161624,1,2
"3L5X_A_HL|NL92V,EL93G,YL94G",-0.46300006,0.29596144,1,2
"3L5X_A_HL|NL92V,EL93W,YL94G",-0.83525383,0.15772973,1,2
3L5X_A_HL|YL94A,-0.82885176,1.6442895,1,2
3N85_A_LH|SH32A,-0.13401966,0.67228764,1,2
3N85_A_LH|SH32Y,0.0571225,-0.9889458,1,2
3N85_A_LH|SH50G,0.48767117,-0.7527718,1,2
3N85_A_LH|SH52Y,-0.78460336,-0.5717331,1,2
3N85_A_LH|WH100F,-0.015185109,0.38372028,1,2
3N85_A_LH|WH30K,-0.78460336,0.6090981,1,2
3N85_A_LH|WH30R,-0.5539675,0.11688031,1,2
3N85_A_LH|WL91F,0.13959166,0.53477913,1,2
3N85_A_LH|WL94Y,-0.03871881,-0.37729195,1,2
3SE8_HL_G|DH110A,-0.38934898,0.261323,1,2
3SE8_HL_G|DH114A,-0.2441398,0.85303265,1,2
3SE8_HL_G|DL49A,0.8558488,1.1768067,1,2
3SE8_HL_G|EL1A,-0.5565174,-0.061604187,1,2
3SE8_HL_G|EL91A,1.513491,0.6461736,1,2
3SE8_HL_G|FH115A,1.0676043,1.2249855,1,2
3SE8_HL_G|FL90A,-0.8640972,0.7988464,1,2
3SE8_HL_G|FL92A,0.8323254,0.6336547,1,2
3SE8_HL_G|GH56A,0.3570972,0.60502154,1,2
3SE8_HL_G|KH52A,1.1114144,0.32067144,1,2
3SE8_HL_G|LH54A,0.054776184,0.45813975,1,2
3SE8_HL_G|NL30A,0.19434923,0.45261276,1,2
3SE8_HL_G|PH78A,0.01881787,-0.113581136,1,2
3SE8_HL_G|PH81A,-0.07091986,0.09972623,1,2
3SE8_HL_G|QH63A,1.1144251,-0.015455591,1,2
3SE8_HL_G|QH65A,0.54980505,0.13988787,1,2
3SE8_HL_G|QH76A,0.09689985,-0.14271353,1,2
3SE8_HL_G|QL27A,-0.21612903,-0.00038735196,1,2
3SE8_HL_G|RH30A,-0.03949762,0.24170299,1,2
3SE8_HL_G|RH62A,1.2061691,0.2695028,1,2
3SE8_HL_G|RH72A,2.6444623,2.0269415,1,2
3SE8_HL_G|SH59A,1.1508402,0.29274926,1,2
3SE8_HL_G|VH58A,1.2496852,0.78881204,1,2
3SE8_HL_G|WH47A,1.4751467,1.6778876,1,2
3SE8_HL_G|WH50A,1.333526,1.8350253,1,2
3SE8_HL_G|WH55A,0.7611056,0.10879202,1,2
3SE8_HL_G|YH111A,0.82992166,0.62687,1,2
3SE8_HL_G|YH60A,0.8558488,0.35111007,1,2
4KRL_A_B|DB112A,0.6496817,0.972885,1,2
5C6T_HL_A|EA194A,1.0906719,0.87956816,1,2
5C6T_HL_A|FA192A,1.9972014,2.2087529,1,2
5C6T_HL_A|FA199A,2.7581792,2.5351787,1,2
5C6T_HL_A|FA200A,0.41047263,1.1783118,1,2
5C6T_HL_A|FH99A,1.4600298,0.2732785,1,2
5C6T_HL_A|IA201A,0.88561165,0.09334768,1,2
5C6T_HL_A|NA183A,0.28399685,0.5625188,1,2
5C6T_HL_A|NA186A,0.3630724,0.23590158,1,2
5C6T_HL_A|NA188A,-0.36658686,1.1018878,1,2
"5C6T_HL_A|NA195A,DA197A",0.58650106,1.3546001,1,2
5C6T_HL_A|NH97A,1.5258962,0.6880532,1,2
5C6T_HL_A|RH31S,0.3115454,0.19128232,1,2
5C6T_HL_A|RL48A,0.1229613,1.2495158,1,2
5C6T_HL_A|SH32A,-0.8683455,0.8831393,1,2
5C6T_HL_A|TA185A,0.33786914,0.77522033,1,2
5C6T_HL_A|YA182A,3.2083547,1.086508,1,2
"5C6T_HL_A|YA182A,NA195A,DA197A",2.942425,1.9210273,1,2
5C6T_HL_A|YH104A,0.3630724,1.9085945,1,2
5C6T_HL_A|YH98A,1.7166799,1.5195167,1,2
5C6T_HL_A|YL47A,0.5516565,1.6244977,1,2
1DVF_AB_CD|DB100A,2.7895143,0.24262983,2,0
"1DVF_AB_CD|DB100A,DD52A",4.0,1.2442282,2,0
"1DVF_AB_CD|DB100A,HD33A",4.0,0.69622195,2,0
"1DVF_AB_CD|DB100A,ND55A",4.0,0.4138432,2,0
1DVF_AB_CD|DB54A,4.0,0.16556549,2,0
"1DVF_AB_CD|DB54A,YC49A",4.0,0.37411374,2,0
1DVF_AB_CD|DB58A,1.6000048,1.2836319,2,0
"1DVF_AB_CD|DB58A,QD104A",1.4641725,1.3604982,2,0
1DVF_AB_CD|DD52A,1.6822901,0.6517936,2,0
1DVF_AB_CD|EB98A,4.0,0.66492194,2,0
"1DVF_AB_CD|EB98A,YD102A",4.0,2.3365407,2,0
1DVF_AB_CD|HA30A,1.6493824,0.34894684,2,0
1DVF_AB_CD|HD33A,1.8606005,-0.05453688,2,0
1DVF_AB_CD|ID101A,2.6815457,0.24013847,2,0
1DVF_AB_CD|KD30A,1.0035173,0.29807362,2,0
1DVF_AB_CD|NB56A,1.1624389,-0.031650335,2,0
"1DVF_AB_CD|NB56A,HD33A",2.5259995,0.050851595,2,0
"1DVF_AB_CD|NB56A,ND55A",2.3010929,0.08548133,2,0
"1DVF_AB_CD|NB56A,QD104A",1.4868644,0.36823076,2,0
1DVF_AB_CD|ND55A,1.8606005,0.17834252,2,0
1DVF_AB_CD|QD104A,1.6287225,0.6428363,2,0
1DVF_AB_CD|RB99A,1.8746451,0.48707664,2,0
1DVF_AB_CD|RD106A,4.0,0.74297404,2,0
1DVF_AB_CD|SA93A,1.1624389,0.19522314,2,0
1DVF_AB_CD|TB30A,0.9075126,-0.5009357,2,0
1DVF_AB_CD|WA92A,0.34072307,0.086317345,2,0
1DVF_AB_CD|WB52A,4.0,1.9325988,2,0
"1DVF_AB_CD|WB52A,QD104A",4.0,2.1163762,2,0
1DVF_AB_CD|YA32A,2.0303695,1.3623836,2,0
"1DVF_AB_CD|YA32A,RD106A",4.0,1.3169274,2,0
1DVF_AB_CD|YA49A,1.6785902,1.809999,2,0
"1DVF_AB_CD|YA49A,HD33A",2.625045,1.9640862,2,0
"1DVF_AB_CD|YA49A,ND55A",2.0303695,1.6729425,2,0
1DVF_AB_CD|YA50A,0.6877736,1.2405754,2,0
1DVF_AB_CD|YB101F,2.0123136,1.4465903,2,0
1DVF_AB_CD|YB32A,1.8314707,0.9844542,2,0
1DVF_AB_CD|YC49A,1.8606005,0.32477382,2,0
1DVF_AB_CD|YD102A,4.0,1.90137,2,0
1MHP_HL_A|FH99W,0.0,-0.30385977,2,0
1MHP_HL_A|FH99Y,0.75466895,-0.7618504,2,0
1MHP_HL_A|GH100F,0.38901797,0.29251987,2,0
1MHP_HL_A|GH100L,2.727121,0.31240705,2,0
1MHP_HL_A|GH100M,0.10213403,0.24877074,2,0
1MHP_HL_A|GH100S,0.5577475,0.14145859,2,0
1MHP_HL_A|GH53A,0.5126066,0.08468309,2,0
1MHP_HL_A|GH53N,1.2553134,-0.16139445,2,0
1MHP_HL_A|GH53S,0.6755934,-0.24169809,2,0
1MHP_HL_A|GH54I,1.3635606,0.1952882,2,0
1MHP_HL_A|GH54T,1.1641668,0.42592198,2,0
1MHP_HL_A|GH54Y,0.0,-0.5144137,2,0
1MHP_HL_A|GL91Q,1.572685,0.5831706,2,0
1MHP_HL_A|GL91S,0.5126066,0.546836,2,0
1MHP_HL_A|HL30K,1.1641668,0.84378785,2,0
1MHP_HL_A|HL30R,1.1237977,-0.23864114,2,0
1MHP_HL_A|HL30W,1.2553134,-0.37087736,2,0
1MHP_HL_A|KH64D,-0.17144196,-0.95546746,2,0
1MHP_HL_A|KH64E,-0.07761467,-0.5205806,2,0
"1MHP_HL_A|KH64E,SL27Q",-0.85684633,-1.006461,2,0
"1MHP_HL_A|KH64E,SL27Q,NL51Y",-1.0191593,-1.436539,2,0
1MHP_HL_A|KH64N,-0.03627145,-0.43628585,2,0
1MHP_HL_A|KH64Q,-0.07761467,-0.27406508,2,0
1MHP_HL_A|LH60D,-0.061319917,-0.31011838,2,0
"1MHP_HL_A|LH60D,KH64E",-0.1418005,-0.6910341,2,0
"1MHP_HL_A|LH60D,KH64Q",0.042989343,-0.46308988,2,0
1MHP_HL_A|LL48F,0.71227974,-0.06623751,2,0
1MHP_HL_A|LL48K,0.8612009,0.26267892,2,0
1MHP_HL_A|LL48W,1.9075676,-0.28938222,2,0
1MHP_HL_A|NL29V,1.0493295,0.2130504,2,0
1MHP_HL_A|NL29W,1.572685,0.029792551,2,0
1MHP_HL_A|NL29Y,1.9075676,-0.20270057,2,0
"1MHP_HL_A|NL29Y,SL90I",0.43436813,0.009350454,2,0
1MHP_HL_A|NL51D,0.5007625,-0.19051316,2,0
1MHP_HL_A|NL51E,-0.08868487,-0.07207529,2,0
1MHP_HL_A|NL51K,0.65751,0.2749937,2,0
1MHP_HL_A|NL51R,0.84484076,-0.07544695,2,0
1MHP_HL_A|NL51Y,-0.05162489,-0.24931125,2,0
1MHP_HL_A|RH31Q,1.3073281,0.17120089,2,0
1MHP_HL_A|SH35A,1.572685,1.5567728,2,0
"1MHP_HL_A|SH35A,GH102S",1.572685,1.5656152,2,0
1MHP_HL_A|SH35Q,2.727121,0.6058817,2,0
"1MHP_HL_A|SH35V,GH102S",1.4256749,1.5146585,2,0
1MHP_HL_A|SH52M,2.0758402,0.4266701,2,0
1MHP_HL_A|SL23R,-0.21533228,0.1120033,2,0
1MHP_HL_A|SL27Q,-0.6661127,-0.4086251,2,0
1MHP_HL_A|SL90Q,1.7740332,0.6869998,2,0
1MHP_HL_A|SL90T,2.3166485,0.58252615,2,0
"1MHP_HL_A|TH33E,GH53Q",1.6674565,0.77896065,2,0
"1MHP_HL_A|TH33I,SH52T,GH53N,GH54N",1.9075676,1.7114118,2,0
"1MHP_HL_A|TH33I,SH52T,GH53Q,GH54F",1.2553134,1.2191987,2,0
1MHP_HL_A|TH33N,2.727121,0.14727414,2,0
1MHP_HL_A|TH33V,0.43436813,0.45005187,2,0
1MHP_HL_A|TH50V,-0.13159887,0.26289156,2,0
"1MHP_HL_A|TH50V,GH102S",1.6674565,0.74312574,2,0
"1MHP_HL_A|TH50V,KH64E",-0.1805197,-0.49349934,2,0
"1MHP_HL_A|TH50V,KH64E,SL27Q,NL51E",-1.267319,-0.86948246,2,0
"1MHP_HL_A|TH50V,KH64E,SL27Q,NL51Y",-1.0844951,-1.5139372,2,0
"1MHP_HL_A|TH50V,SH35A",2.0758402,1.5943128,2,0
"1MHP_HL_A|TH50V,SH35V",2.727121,1.2408748,2,0
"1MHP_HL_A|TH50V,SL27Q",-0.6946839,-0.34772044,2,0
"1MHP_HL_A|TH50V,SL27Q,NL51Y",-1.0235296,-0.9520152,2,0
1MHP_HL_A|WL89Q,2.0758402,1.2427685,2,0
"1MHP_HL_A|WL89Q,FL32Y",0.871019,0.42993984,2,0
1MHP_HL_A|YH58E,2.0758402,1.3753176,2,0
1MHP_HL_A|YH58Q,2.0758402,1.271265,2,0
1MHP_HL_A|YH58W,0.82094526,0.5264226,2,0
1MHP_HL_A|YH59E,0.54400706,0.51710176,2,0
1N8Z_AB_C|DB102W,-0.71302944,-0.23455545,2,0
1N8Z_AB_C|FC539A,0.035102826,1.1177772,2,0
1N8Z_AB_C|HA91F,0.034232877,-0.016401272,2,0
1N8Z_AB_C|LC509A,-0.023045197,0.82802886,2,0
1N8Z_AB_C|NA30S,0.06666317,0.114034414,2,0
"1N8Z_AB_C|NA30S,HA91F,YA92W",-0.07476232,0.34566933,2,0
"1N8Z_AB_C|NA30S,HA91F,YA92W,TA94S,DB102W,YB105F,YB109V",0.050661404,0.1405721,2,0
1N8Z_AB_C|RB50A,2.9754758,1.5135959,2,0
1N8Z_AB_C|RB59A,1.8037988,1.3520422,2,0
1N8Z_AB_C|SC535A,0.030827092,0.8506696,2,0
1N8Z_AB_C|TA94S,0.32168603,-0.20330891,2,0
1N8Z_AB_C|VC536A,0.008972699,0.3720062,2,0
1N8Z_AB_C|YB105F,0.8540034,0.49207085,2,0
1N8Z_AB_C|YB109V,0.23192272,0.3497345,2,0
1XGQ_AB_C|VB33A,1.1525793,1.0335895,2,0
1XGQ_AB_C|VB33F,-2.9080825,-2.350485,2,0
1XGQ_AB_C|VB33I,-1.1076277,-1.0315887,2,0
1XGQ_AB_C|VB33L,-1.0463123,-0.75413984,2,0
1YQV_HL_Y|RY45K,1.8995041,0.24419323,2,0
"1YQV_HL_Y|RY68K,TY40S,IY55V,SY91T",4.0,0.31237677,2,0
"1YQV_HL_Y|RY68K,TY40S,IY55V,SY91T,QY121H",0.0,0.75059754,2,0
1YY9_CD_A|AC25P,0.07225565,-0.048006978,2,0
1YY9_CD_A|AD98P,1.0372273,-0.9392684,2,0
1YY9_CD_A|GD54P,0.26807046,-0.04714294,2,0
1YY9_CD_A|LD29P,0.030827092,0.0006562136,2,0
1YY9_CD_A|NC93A,-0.74186975,-0.21565509,2,0
1YY9_CD_A|ND56A,-0.057046015,-0.07199457,2,0
1YY9_CD_A|SC26D,-0.19925442,-0.13295786,2,0
"1YY9_CD_A|SC26D,TC31E,NC93A",-1.3329437,0.1857354,2,0
"1YY9_CD_A|SC26D,TC31E,NC93A,ND56A,TD61E",-0.6517935,-0.1675205,2,0
1YY9_CD_A|SC26P,-0.009110746,-0.023621727,2,0
1YY9_CD_A|SC28P,-0.22229962,0.046252623,2,0
1YY9_CD_A|SC54P,-0.018363854,0.4013993,2,0
1YY9_CD_A|SD53P,0.8175451,-0.15454797,2,0
1YY9_CD_A|TC31E,-0.51892465,0.68046063,2,0
"1YY9_CD_A|TC31E,NC93A",-0.81853306,0.42642036,2,0
1YY9_CD_A|TC96P,4.0,-0.40299058,2,0
1YY9_CD_A|TD61E,-0.057046015,-0.34347984,2,0
1YY9_CD_A|WD52P,1.4782712,0.7623093,2,0
1YY9_CD_A|YD101P,1.6514195,0.45898423,2,0
3NPS_A_BC|DA214A,1.466743,1.016058,2,0
3NPS_A_BC|DA46A,0.3399866,0.27856338,2,0
3NPS_A_BC|DA47A,1.0674704,1.0568596,2,0
3NPS_A_BC|DA91A,1.5070341,0.7016684,2,0
3NPS_A_BC|EA163A,0.61534816,0.25640646,2,0
3NPS_A_BC|FA50A,0.21957076,1.1985325,2,0
3NPS_A_BC|FA89A,1.5714045,1.2452413,2,0
3NPS_A_BC|FA92A,0.46353978,1.134466,2,0
3NPS_A_BC|HA138A,1.8750918,-0.28341845,2,0
3NPS_A_BC|IA26A,0.6415425,0.07516579,2,0
3NPS_A_BC|IA45A,-0.33181784,0.5252321,2,0
3NPS_A_BC|KA221A,-0.10361039,0.46794233,2,0
3NPS_A_BC|LA147A,0.29573628,0.009213718,2,0
3NPS_A_BC|NA90A,0.25341922,0.46519685,2,0
3NPS_A_BC|QA140A,0.29573628,0.5158299,2,0
3NPS_A_BC|QA168A,-0.059223834,0.2661968,2,0
3NPS_A_BC|QA169A,0.7409076,1.6524025,2,0
3NPS_A_BC|QA218A,-0.040916756,0.7710477,2,0
3NPS_A_BC|QA23A,0.026323749,0.6128488,2,0
3NPS_A_BC|RA219A,-0.08390186,-0.4871705,2,0
3NPS_A_BC|RA48A,-1.062741,-0.2181804,2,0
3NPS_A_BC|RA51A,0.13816836,0.29431438,2,0
3NPS_A_BC|RA82A,-0.15159543,0.00897472,2,0
3NPS_A_BC|TA144A,0.17497002,0.20304728,2,0
3NPS_A_BC|TA93A,0.72381234,1.042219,2,0
3NPS_A_BC|YA141A,1.7748737,1.414703,2,0
3NPS_A_BC|YA52A,0.4518898,0.49151415,2,0
3W2D_A_HL|KA67N,4.0,0.05127425,2,0
3W2D_A_HL|KA67R,-0.42812017,0.03900108,2,0
3W2D_A_HL|YA45F,0.8779443,-0.9910828,2,0
3W2D_A_HL|YA45L,2.3647563,-0.029938433,2,0
"4KRO_A_B|DA321T,FA323A",0.1269707,1.5377457,2,0
"4KRP_A_B|DA277T,FA279A",0.35829666,1.3796437,2,0
4NM8_ABCDEF_HL|DB19N,0.66149956,-0.0656363,2,0
4NM8_ABCDEF_HL|IB18M,0.10977998,-0.23039006,2,0
4NM8_ABCDEF_HL|LB38Y,-0.6151596,-0.5909266,2,0
4NM8_ABCDEF_HL|QB34R,2.9754758,0.4343945,2,0
4NM8_ABCDEF_HL|QB34T,2.3309386,0.36583543,2,0
4NM8_ABCDEF_HL|RB25M,3.442353,-0.25529304,2,0
4NM8_ABCDEF_HL|TB32E,-0.5517196,-0.41732576,2,0
4NM8_ABCDEF_HL|TB32I,-0.050205972,0.17861708,2,0
4NM8_ABCDEF_HL|TB32R,1.2211944,0.102626845,2,0
1DVF_AB_CD|DB100A,2.7895143,0.93800396,2,1
"1DVF_AB_CD|DB100A,DD52A",4.0,1.2905669,2,1
"1DVF_AB_CD|DB100A,HD33A",4.0,1.2788074,2,1
"1DVF_AB_CD|DB100A,ND55A",4.0,1.4022349,2,1
1DVF_AB_CD|DB54A,4.0,0.79408735,2,1
"1DVF_AB_CD|DB54A,YC49A",4.0,2.6947794,2,1
1DVF_AB_CD|DB58A,1.6000048,0.5631133,2,1
"1DVF_AB_CD|DB58A,QD104A",1.4641725,1.548645,2,1
1DVF_AB_CD|DD52A,1.6822901,0.65566313,2,1
1DVF_AB_CD|EB98A,4.0,1.3256892,2,1
"1DVF_AB_CD|EB98A,YD102A",4.0,3.0236099,2,1
1DVF_AB_CD|HA30A,1.6493824,0.69520164,2,1
1DVF_AB_CD|HD33A,1.8606005,0.6223881,2,1
1DVF_AB_CD|ID101A,2.6815457,0.81611276,2,1
1DVF_AB_CD|KD30A,1.0035173,0.83891606,2,1
1DVF_AB_CD|NB56A,1.1624389,0.32198736,2,1
"1DVF_AB_CD|NB56A,HD33A",2.5259995,0.6093711,2,1
"1DVF_AB_CD|NB56A,ND55A",2.3010929,0.7505484,2,1
"1DVF_AB_CD|NB56A,QD104A",1.4868644,1.1810617,2,1
1DVF_AB_CD|ND55A,1.8606005,0.7208963,2,1
1DVF_AB_CD|QD104A,1.6287225,1.102754,2,1
1DVF_AB_CD|RB99A,1.8746451,0.75211686,2,1
1DVF_AB_CD|RD106A,4.0,1.4345869,2,1
1DVF_AB_CD|SA93A,1.1624389,0.6391459,2,1
1DVF_AB_CD|TB30A,0.9075126,0.4375503,2,1
1DVF_AB_CD|WA92A,0.34072307,1.6060437,2,1
1DVF_AB_CD|WB52A,4.0,1.4264668,2,1
"1DVF_AB_CD|WB52A,QD104A",4.0,2.5331285,2,1
1DVF_AB_CD|YA32A,2.0303695,1.5672351,2,1
"1DVF_AB_CD|YA32A,RD106A",4.0,3.1027696,2,1
1DVF_AB_CD|YA49A,1.6785902,0.8278088,2,1
"1DVF_AB_CD|YA49A,HD33A",2.625045,1.1028775,2,1
"1DVF_AB_CD|YA49A,ND55A",2.0303695,1.3739336,2,1
1DVF_AB_CD|YA50A,0.6877736,1.3672732,2,1
1DVF_AB_CD|YB101F,2.0123136,0.8664665,2,1
1DVF_AB_CD|YB32A,1.8314707,1.3355573,2,1
1DVF_AB_CD|YC49A,1.8606005,1.9345926,2,1
1DVF_AB_CD|YD102A,4.0,2.149597,2,1
1MHP_HL_A|FH99W,0.0,-0.057159975,2,1
1MHP_HL_A|FH99Y,0.75466895,-0.016329492,2,1
1MHP_HL_A|GH100F,0.38901797,-0.02394819,2,1
1MHP_HL_A|GH100L,2.727121,-0.004661331,2,1
1MHP_HL_A|GH100M,0.10213403,0.010182953,2,1
1MHP_HL_A|GH100S,0.5577475,0.15717529,2,1
1MHP_HL_A|GH53A,0.5126066,0.3627075,2,1
1MHP_HL_A|GH53N,1.2553134,0.1272774,2,1
1MHP_HL_A|GH53S,0.6755934,0.05160532,2,1
1MHP_HL_A|GH54I,1.3635606,-0.21724606,2,1
1MHP_HL_A|GH54T,1.1641668,0.111512646,2,1
1MHP_HL_A|GH54Y,0.0,-0.5533737,2,1
1MHP_HL_A|GL91Q,1.572685,-0.5111477,2,1
1MHP_HL_A|GL91S,0.5126066,-0.20681933,2,1
1MHP_HL_A|HL30K,1.1641668,0.035916,2,1
1MHP_HL_A|HL30R,1.1237977,-0.13032818,2,1
1MHP_HL_A|HL30W,1.2553134,-0.49664253,2,1
1MHP_HL_A|KH64D,-0.17144196,-0.5860273,2,1
1MHP_HL_A|KH64E,-0.07761467,-0.50139457,2,1
"1MHP_HL_A|KH64E,SL27Q",-0.85684633,-0.9883588,2,1
"1MHP_HL_A|KH64E,SL27Q,NL51Y",-1.0191593,-1.8439729,2,1
1MHP_HL_A|KH64N,-0.03627145,-0.19496563,2,1
1MHP_HL_A|KH64Q,-0.07761467,-0.34118375,2,1
1MHP_HL_A|LH60D,-0.061319917,0.109451935,2,1
"1MHP_HL_A|LH60D,KH64E",-0.1418005,-0.65170586,2,1
"1MHP_HL_A|LH60D,KH64Q",0.042989343,-0.45349392,2,1
1MHP_HL_A|LL48F,0.71227974,0.26735568,2,1
1MHP_HL_A|LL48K,0.8612009,0.66040534,2,1
1MHP_HL_A|LL48W,1.9075676,-0.09376545,2,1
1MHP_HL_A|NL29V,1.0493295,-0.4285876,2,1
1MHP_HL_A|NL29W,1.572685,-0.75156254,2,1
1MHP_HL_A|NL29Y,1.9075676,-0.7151607,2,1
"1MHP_HL_A|NL29Y,SL90I",0.43436813,-0.80320114,2,1
1MHP_HL_A|NL51D,0.5007625,-0.31057823,2,1
1MHP_HL_A|NL51E,-0.08868487,-0.2786068,2,1
1MHP_HL_A|NL51K,0.65751,-0.016056966,2,1
1MHP_HL_A|NL51R,0.84484076,-0.18805054,2,1
1MHP_HL_A|NL51Y,-0.05162489,-0.6294379,2,1
1MHP_HL_A|RH31Q,1.3073281,0.25759155,2,1
1MHP_HL_A|SH35A,1.572685,0.60322237,2,1
"1MHP_HL_A|SH35A,GH102S",1.572685,0.52186126,2,1
1MHP_HL_A|SH35Q,2.727121,-0.19207038,2,1
"1MHP_HL_A|SH35V,GH102S",1.4256749,-0.16350658,2,1
1MHP_HL_A|SH52M,2.0758402,0.16531622,2,1
1MHP_HL_A|SL23R,-0.21533228,-0.02107001,2,1
1MHP_HL_A|SL27Q,-0.6661127,-0.4044601,2,1
1MHP_HL_A|SL90Q,1.7740332,-0.13918678,2,1
1MHP_HL_A|SL90T,2.3166485,0.6063112,2,1
"1MHP_HL_A|TH33E,GH53Q",1.6674565,-0.45144436,2,1
"1MHP_HL_A|TH33I,SH52T,GH53N,GH54N",1.9075676,0.37389928,2,1
"1MHP_HL_A|TH33I,SH52T,GH53Q,GH54F",1.2553134,-0.52983516,2,1
1MHP_HL_A|TH33N,2.727121,0.024413325,2,1
1MHP_HL_A|TH33V,0.43436813,-0.21730064,2,1
1MHP_HL_A|TH50V,-0.13159887,-0.3844406,2,1
"1MHP_HL_A|TH50V,GH102S",1.6674565,-0.36190137,2,1
"1MHP_HL_A|TH50V,KH64E",-0.1805197,-1.0228946,2,1
"1MHP_HL_A|TH50V,KH64E,SL27Q,NL51E",-1.267319,-1.9120122,2,1
"1MHP_HL_A|TH50V,KH64E,SL27Q,NL51Y",-1.0844951,-2.3232927,2,1
"1MHP_HL_A|TH50V,SH35A",2.0758402,0.07599923,2,1
"1MHP_HL_A|TH50V,SH35V",2.727121,-0.63368374,2,1
"1MHP_HL_A|TH50V,SL27Q",-0.6946839,-0.8319413,2,1
"1MHP_HL_A|TH50V,SL27Q,NL51Y",-1.0235296,-1.6767346,2,1
1MHP_HL_A|WL89Q,2.0758402,0.3432027,2,1
"1MHP_HL_A|WL89Q,FL32Y",0.871019,0.15406407,2,1
1MHP_HL_A|YH58E,2.0758402,0.20240608,2,1
1MHP_HL_A|YH58Q,2.0758402,0.1740198,2,1
1MHP_HL_A|YH58W,0.82094526,-0.093404844,2,1
1MHP_HL_A|YH59E,0.54400706,0.14299524,2,1
1N8Z_AB_C|DB102W,-0.71302944,-0.47054565,2,1
1N8Z_AB_C|FC539A,0.035102826,1.1873317,2,1
1N8Z_AB_C|HA91F,0.034232877,-0.18026355,2,1
1N8Z_AB_C|LC509A,-0.023045197,0.6662595,2,1
1N8Z_AB_C|NA30S,0.06666317,0.14497586,2,1
"1N8Z_AB_C|NA30S,HA91F,YA92W",-0.07476232,-0.49447006,2,1
"1N8Z_AB_C|NA30S,HA91F,YA92W,TA94S,DB102W,YB105F,YB109V",0.050661404,-0.9007631,2,1
1N8Z_AB_C|RB50A,2.9754758,0.6092053,2,1
1N8Z_AB_C|RB59A,1.8037988,0.68570614,2,1
1N8Z_AB_C|SC535A,0.030827092,0.4770261,2,1
1N8Z_AB_C|TA94S,0.32168603,0.12423954,2,1
1N8Z_AB_C|VC536A,0.008972699,0.60091966,2,1
1N8Z_AB_C|YB105F,0.8540034,0.4370545,2,1
1N8Z_AB_C|YB109V,0.23192272,0.13472037,2,1
1XGQ_AB_C|VB33A,1.1525793,1.1520813,2,1
1XGQ_AB_C|VB33F,-2.9080825,-0.13293213,2,1
1XGQ_AB_C|VB33I,-1.1076277,0.35750592,2,1
1XGQ_AB_C|VB33L,-1.0463123,0.099778764,2,1
1YQV_HL_Y|RY45K,1.8995041,0.15918624,2,1
"1YQV_HL_Y|RY68K,TY40S,IY55V,SY91T",4.0,-0.16634779,2,1
"1YQV_HL_Y|RY68K,TY40S,IY55V,SY91T,QY121H",0.0,-0.3164094,2,1
1YY9_CD_A|AC25P,0.07225565,-0.48208922,2,1
1YY9_CD_A|AD98P,1.0372273,-0.5758006,2,1
1YY9_CD_A|GD54P,0.26807046,-0.020725923,2,1
1YY9_CD_A|LD29P,0.030827092,0.17861533,2,1
1YY9_CD_A|NC93A,-0.74186975,0.09735451,2,1
1YY9_CD_A|ND56A,-0.057046015,0.33767477,2,1
1YY9_CD_A|SC26D,-0.19925442,0.043066524,2,1
"1YY9_CD_A|SC26D,TC31E,NC93A",-1.3329437,-0.4915142,2,1
"1YY9_CD_A|SC26D,TC31E,NC93A,ND56A,TD61E",-0.6517935,-0.943314,2,1
1YY9_CD_A|SC26P,-0.009110746,0.1128183,2,1
1YY9_CD_A|SC28P,-0.22229962,-0.13455498,2,1
1YY9_CD_A|SC54P,-0.018363854,-0.04910872,2,1
1YY9_CD_A|SD53P,0.8175451,0.1848427,2,1
1YY9_CD_A|TC31E,-0.51892465,-0.3461753,2,1
"1YY9_CD_A|TC31E,NC93A",-0.81853306,-0.24812582,2,1
1YY9_CD_A|TC96P,4.0,-0.08778642,2,1
1YY9_CD_A|TD61E,-0.057046015,-0.31600988,2,1
1YY9_CD_A|WD52P,1.4782712,0.56450796,2,1
1YY9_CD_A|YD101P,1.6514195,0.5451909,2,1
3NPS_A_BC|DA214A,1.466743,0.506563,2,1
3NPS_A_BC|DA46A,0.3399866,0.43418857,2,1
3NPS_A_BC|DA47A,1.0674704,1.0301282,2,1
3NPS_A_BC|DA91A,1.5070341,1.3063879,2,1
3NPS_A_BC|EA163A,0.61534816,1.2055655,2,1
3NPS_A_BC|FA50A,0.21957076,1.3518901,2,1
3NPS_A_BC|FA89A,1.5714045,0.8939874,2,1
3NPS_A_BC|FA92A,0.46353978,1.8548101,2,1
3NPS_A_BC|HA138A,1.8750918,0.44220054,2,1
3NPS_A_BC|IA26A,0.6415425,0.86743754,2,1
3NPS_A_BC|IA45A,-0.33181784,0.6401752,2,1
3NPS_A_BC|KA221A,-0.10361039,0.56474143,2,1
3NPS_A_BC|LA147A,0.29573628,0.6804786,2,1
3NPS_A_BC|NA90A,0.25341922,0.7115474,2,1
3NPS_A_BC|QA140A,0.29573628,0.85654217,2,1
3NPS_A_BC|QA168A,-0.059223834,1.4007154,2,1
3NPS_A_BC|QA169A,0.7409076,1.5900904,2,1
3NPS_A_BC|QA218A,-0.040916756,0.7744663,2,1
3NPS_A_BC|QA23A,0.026323749,0.855785,2,1
3NPS_A_BC|RA219A,-0.08390186,0.45489046,2,1
3NPS_A_BC|RA48A,-1.062741,0.67692405,2,1
3NPS_A_BC|RA51A,0.13816836,0.6732761,2,1
3NPS_A_BC|RA82A,-0.15159543,0.5825532,2,1
3NPS_A_BC|TA144A,0.17497002,1.1483698,2,1
3NPS_A_BC|TA93A,0.72381234,1.0935825,2,1
3NPS_A_BC|YA141A,1.7748737,1.3894206,2,1
3NPS_A_BC|YA52A,0.4518898,0.91745615,2,1
3W2D_A_HL|KA67N,4.0,-0.21780005,2,1
3W2D_A_HL|KA67R,-0.42812017,-0.1952098,2,1
3W2D_A_HL|YA45F,0.8779443,-0.14099602,2,1
3W2D_A_HL|YA45L,2.3647563,0.30941084,2,1
"4KRO_A_B|DA321T,FA323A",0.1269707,0.39025554,2,1
"4KRP_A_B|DA277T,FA279A",0.35829666,0.4761241,2,1
4NM8_ABCDEF_HL|DB19N,0.66149956,0.6498686,2,1
4NM8_ABCDEF_HL|IB18M,0.10977998,0.045093678,2,1
4NM8_ABCDEF_HL|LB38Y,-0.6151596,0.21505143,2,1
4NM8_ABCDEF_HL|QB34R,2.9754758,0.72086746,2,1
4NM8_ABCDEF_HL|QB34T,2.3309386,0.5020847,2,1
4NM8_ABCDEF_HL|RB25M,3.442353,0.118174255,2,1
4NM8_ABCDEF_HL|TB32E,-0.5517196,0.3745956,2,1
4NM8_ABCDEF_HL|TB32I,-0.050205972,0.5203295,2,1
4NM8_ABCDEF_HL|TB32R,1.2211944,0.63736606,2,1
1DVF_AB_CD|DB100A,2.7895143,1.3231941,2,2
"1DVF_AB_CD|DB100A,DD52A",4.0,1.7240989,2,2
"1DVF_AB_CD|DB100A,HD33A",4.0,0.6091304,2,2
"1DVF_AB_CD|DB100A,ND55A",4.0,2.3807282,2,2
1DVF_AB_CD|DB54A,4.0,0.63644737,2,2
"1DVF_AB_CD|DB54A,YC49A",4.0,1.4847326,2,2
1DVF_AB_CD|DB58A,1.6000048,0.8545758,2,2
"1DVF_AB_CD|DB58A,QD104A",1.4641725,1.3692036,2,2
1DVF_AB_CD|DD52A,1.6822901,0.5780448,2,2
1DVF_AB_CD|EB98A,4.0,0.7221404,2,2
"1DVF_AB_CD|EB98A,YD102A",4.0,2.8319836,2,2
1DVF_AB_CD|HA30A,1.6493824,0.24061987,2,2
1DVF_AB_CD|HD33A,1.8606005,0.054314457,2,2
1DVF_AB_CD|ID101A,2.6815457,0.47339162,2,2
1DVF_AB_CD|KD30A,1.0035173,0.3446058,2,2
1DVF_AB_CD|NB56A,1.1624389,0.54095995,2,2
"1DVF_AB_CD|NB56A,HD33A",2.5259995,0.65695274,2,2
"1DVF_AB_CD|NB56A,ND55A",2.3010929,1.1000865,2,2
"1DVF_AB_CD|NB56A,QD104A",1.4868644,1.0913925,2,2
1DVF_AB_CD|ND55A,1.8606005,0.49943873,2,2
1DVF_AB_CD|QD104A,1.6287225,0.31710616,2,2
1DVF_AB_CD|RB99A,1.8746451,0.50194305,2,2
1DVF_AB_CD|RD106A,4.0,0.21994723,2,2
1DVF_AB_CD|SA93A,1.1624389,0.20567614,2,2
1DVF_AB_CD|TB30A,0.9075126,-0.021062583,2,2
1DVF_AB_CD|WA92A,0.34072307,1.0109208,2,2
1DVF_AB_CD|WB52A,4.0,1.138027,2,2
"1DVF_AB_CD|WB52A,QD104A",4.0,1.7140794,2,2
1DVF_AB_CD|YA32A,2.0303695,1.2629396,2,2
"1DVF_AB_CD|YA32A,RD106A",4.0,1.4712554,2,2
1DVF_AB_CD|YA49A,1.6785902,1.1483607,2,2
"1DVF_AB_CD|YA49A,HD33A",2.625045,0.9634965,2,2
"1DVF_AB_CD|YA49A,ND55A",2.0303695,1.7278142,2,2
1DVF_AB_CD|YA50A,0.6877736,0.7288176,2,2
1DVF_AB_CD|YB101F,2.0123136,1.9036437,2,2
1DVF_AB_CD|YB32A,1.8314707,0.7139059,2,2
1DVF_AB_CD|YC49A,1.8606005,1.1991146,2,2
1DVF_AB_CD|YD102A,4.0,1.9038804,2,2
1MHP_HL_A|FH99W,0.0,-0.3576363,2,2
1MHP_HL_A|FH99Y,0.75466895,-0.81296945,2,2
1MHP_HL_A|GH100F,0.38901797,-0.22241494,2,2
1MHP_HL_A|GH100L,2.727121,0.1571095,2,2
1MHP_HL_A|GH100M,0.10213403,-0.2514478,2,2
1MHP_HL_A|GH100S,0.5577475,-0.27663583,2,2
1MHP_HL_A|GH53A,0.5126066,0.20166904,2,2
1MHP_HL_A|GH53N,1.2553134,-0.124623254,2,2
1MHP_HL_A|GH53S,0.6755934,-0.11075942,2,2
1MHP_HL_A|GH54I,1.3635606,-0.16340691,2,2
1MHP_HL_A|GH54T,1.1641668,-0.023758708,2,2
1MHP_HL_A|GH54Y,0.0,-0.8067578,2,2
1MHP_HL_A|GL91Q,1.572685,-0.038030896,2,2
1MHP_HL_A|GL91S,0.5126066,-0.0028771963,2,2
1MHP_HL_A|HL30K,1.1641668,0.9879612,2,2
1MHP_HL_A|HL30R,1.1237977,-0.05811034,2,2
1MHP_HL_A|HL30W,1.2553134,-0.453827,2,2
1MHP_HL_A|KH64D,-0.17144196,-0.6885461,2,2
1MHP_HL_A|KH64E,-0.07761467,-0.47980288,2,2
"1MHP_HL_A|KH64E,SL27Q",-0.85684633,-0.75607944,2,2
"1MHP_HL_A|KH64E,SL27Q,NL51Y",-1.0191593,-1.1394974,2,2
1MHP_HL_A|KH64N,-0.03627145,-0.3992905,2,2
1MHP_HL_A|KH64Q,-0.07761467,-0.4179695,2,2
1MHP_HL_A|LH60D,-0.061319917,-0.3417891,2,2
"1MHP_HL_A|LH60D,KH64E",-0.1418005,-0.77844065,2,2
"1MHP_HL_A|LH60D,KH64Q",0.042989343,-0.6351475,2,2
1MHP_HL_A|LL48F,0.71227974,-0.39366844,2,2
1MHP_HL_A|LL48K,0.8612009,0.06732122,2,2
1MHP_HL_A|LL48W,1.9075676,-0.47425252,2,2
1MHP_HL_A|NL29V,1.0493295,0.23115358,2,2
1MHP_HL_A|NL29W,1.572685,-0.01638802,2,2
1MHP_HL_A|NL29Y,1.9075676,-0.19193977,2,2
"1MHP_HL_A|NL29Y,SL90I",0.43436813,0.047800086,2,2
1MHP_HL_A|NL51D,0.5007625,-0.10715052,2,2
1MHP_HL_A|NL51E,-0.08868487,0.07466657,2,2
1MHP_HL_A|NL51K,0.65751,0.5581127,2,2
1MHP_HL_A|NL51R,0.84484076,0.24458668,2,2
1MHP_HL_A|NL51Y,-0.05162489,-0.20608714,2,2
1MHP_HL_A|RH31Q,1.3073281,0.16221893,2,2
1MHP_HL_A|SH35A,1.572685,1.1474804,2,2
"1MHP_HL_A|SH35A,GH102S",1.572685,1.1660211,2,2
1MHP_HL_A|SH35Q,2.727121,0.39606088,2,2
"1MHP_HL_A|SH35V,GH102S",1.4256749,0.9221177,2,2
1MHP_HL_A|SH52M,2.0758402,0.291923,2,2
1MHP_HL_A|SL23R,-0.21533228,0.17378172,2,2
1MHP_HL_A|SL27Q,-0.6661127,-0.142667,2,2
1MHP_HL_A|SL90Q,1.7740332,-0.14351049,2,2
1MHP_HL_A|SL90T,2.3166485,0.17756836,2,2
"1MHP_HL_A|TH33E,GH53Q",1.6674565,0.37385473,2,2
"1MHP_HL_A|TH33I,SH52T,GH53N,GH54N",1.9075676,0.82798994,2,2
"1MHP_HL_A|TH33I,SH52T,GH53Q,GH54F",1.2553134,0.67620337,2,2
1MHP_HL_A|TH33N,2.727121,0.22691256,2,2
1MHP_HL_A|TH33V,0.43436813,0.2977437,2,2
1MHP_HL_A|TH50V,-0.13159887,0.040190816,2,2
"1MHP_HL_A|TH50V,GH102S",1.6674565,0.16842712,2,2
"1MHP_HL_A|TH50V,KH64E",-0.1805197,-0.64990133,2,2
"1MHP_HL_A|TH50V,KH64E,SL27Q,NL51E",-1.267319,-0.9220236,2,2
"1MHP_HL_A|TH50V,KH64E,SL27Q,NL51Y",-1.0844951,-1.3434978,2,2
"1MHP_HL_A|TH50V,SH35A",2.0758402,0.9915501,2,2
"1MHP_HL_A|TH50V,SH35V",2.727121,0.7780723,2,2
"1MHP_HL_A|TH50V,SL27Q",-0.6946839,-0.18860799,2,2
"1MHP_HL_A|TH50V,SL27Q,NL51Y",-1.0235296,-0.5943844,2,2
1MHP_HL_A|WL89Q,2.0758402,0.3802472,2,2
"1MHP_HL_A|WL89Q,FL32Y",0.871019,0.034741096,2,2
1MHP_HL_A|YH58E,2.0758402,0.6686659,2,2
1MHP_HL_A|YH58Q,2.0758402,0.84302956,2,2
1MHP_HL_A|YH58W,0.82094526,0.46993202,2,2
1MHP_HL_A|YH59E,0.54400706,0.7312376,2,2
1N8Z_AB_C|DB102W,-0.71302944,-0.18344752,2,2
1N8Z_AB_C|FC539A,0.035102826,1.6723627,2,2
1N8Z_AB_C|HA91F,0.034232877,0.19295557,2,2
1N8Z_AB_C|LC509A,-0.023045197,1.1766224,2,2
1N8Z_AB_C|NA30S,0.06666317,-0.10176072,2,2
"1N8Z_AB_C|NA30S,HA91F,YA92W",-0.07476232,0.6854409,2,2
"1N8Z_AB_C|NA30S,HA91F,YA92W,TA94S,DB102W,YB105F,YB109V",0.050661404,1.6262765,2,2
1N8Z_AB_C|RB50A,2.9754758,1.144165,2,2
1N8Z_AB_C|RB59A,1.8037988,0.84542185,2,2
1N8Z_AB_C|SC535A,0.030827092,0.41563252,2,2
1N8Z_AB_C|TA94S,0.32168603,-0.2166374,2,2
1N8Z_AB_C|VC536A,0.008972699,0.5073415,2,2
1N8Z_AB_C|YB105F,0.8540034,1.2657987,2,2
1N8Z_AB_C|YB109V,0.23192272,0.5955012,2,2
1XGQ_AB_C|VB33A,1.1525793,1.1971469,2,2
1XGQ_AB_C|VB33F,-2.9080825,-0.97686875,2,2
1XGQ_AB_C|VB33I,-1.1076277,0.121108495,2,2
1XGQ_AB_C|VB33L,-1.0463123,0.076261885,2,2
1YQV_HL_Y|RY45K,1.8995041,0.35208485,2,2
"1YQV_HL_Y|RY68K,TY40S,IY55V,SY91T",4.0,1.1653318,2,2
"1YQV_HL_Y|RY68K,TY40S,IY55V,SY91T,QY121H",0.0,1.2315165,2,2
1YY9_CD_A|AC25P,0.07225565,-0.49132353,2,2
1YY9_CD_A|AD98P,1.0372273,-0.7747046,2,2
1YY9_CD_A|GD54P,0.26807046,-0.20470417,2,2
1YY9_CD_A|LD29P,0.030827092,-0.12887128,2,2
1YY9_CD_A|NC93A,-0.74186975,0.35386318,2,2
1YY9_CD_A|ND56A,-0.057046015,0.6584554,2,2
1YY9_CD_A|SC26D,-0.19925442,-0.08665807,2,2
"1YY9_CD_A|SC26D,TC31E,NC93A",-1.3329437,0.04962103,2,2
"1YY9_CD_A|SC26D,TC31E,NC93A,ND56A,TD61E",-0.6517935,-0.13079916,2,2
1YY9_CD_A|SC26P,-0.009110746,0.08304285,2,2
1YY9_CD_A|SC28P,-0.22229962,-0.12007593,2,2
1YY9_CD_A|SC54P,-0.018363854,0.07542013,2,2
1YY9_CD_A|SD53P,0.8175451,-0.14536707,2,2
1YY9_CD_A|TC31E,-0.51892465,0.08856614,2,2
"1YY9_CD_A|TC31E,NC93A",-0.81853306,0.26132715,2,2
1YY9_CD_A|TC96P,4.0,-0.10681535,2,2
1YY9_CD_A|TD61E,-0.057046015,-0.2853095,2,2
1YY9_CD_A|WD52P,1.4782712,0.46331328,2,2
1YY9_CD_A|YD101P,1.6514195,0.9469839,2,2
3NPS_A_BC|DA214A,1.466743,0.54189086,2,2
3NPS_A_BC|DA46A,0.3399866,0.6838558,2,2
3NPS_A_BC|DA47A,1.0674704,1.294752,2,2
3NPS_A_BC|DA91A,1.5070341,1.2838352,2,2
3NPS_A_BC|EA163A,0.61534816,-0.043803208,2,2
3NPS_A_BC|FA50A,0.21957076,0.8151609,2,2
3NPS_A_BC|FA89A,1.5714045,1.1383282,2,2
3NPS_A_BC|FA92A,0.46353978,1.1107838,2,2
3NPS_A_BC|HA138A,1.8750918,0.2033988,2,2
3NPS_A_BC|IA26A,0.6415425,0.51965785,2,2
3NPS_A_BC|IA45A,-0.33181784,0.40176734,2,2
3NPS_A_BC|KA221A,-0.10361039,0.32677266,2,2
3NPS_A_BC|LA147A,0.29573628,0.32178816,2,2
3NPS_A_BC|NA90A,0.25341922,1.1891705,2,2
3NPS_A_BC|QA140A,0.29573628,0.13038686,2,2
3NPS_A_BC|QA168A,-0.059223834,0.4968255,2,2
3NPS_A_BC|QA169A,0.7409076,1.8517753,2,2
3NPS_A_BC|QA218A,-0.040916756,0.40938747,2,2
3NPS_A_BC|QA23A,0.026323749,0.2060473,2,2
3NPS_A_BC|RA219A,-0.08390186,0.0061029065,2,2
3NPS_A_BC|RA48A,-1.062741,-0.012071004,2,2
3NPS_A_BC|RA51A,0.13816836,0.40853834,2,2
3NPS_A_BC|RA82A,-0.15159543,0.09972415,2,2
3NPS_A_BC|TA144A,0.17497002,0.562572,2,2
3NPS_A_BC|TA93A,0.72381234,1.467751,2,2
3NPS_A_BC|YA141A,1.7748737,0.9382715,2,2
3NPS_A_BC|YA52A,0.4518898,0.08261403,2,2
3W2D_A_HL|KA67N,4.0,0.03127215,2,2
3W2D_A_HL|KA67R,-0.42812017,0.07645566,2,2
3W2D_A_HL|YA45F,0.8779443,-0.65492326,2,2
3W2D_A_HL|YA45L,2.3647563,0.23819166,2,2
"4KRO_A_B|DA321T,FA323A",0.1269707,2.345669,2,2
"4KRP_A_B|DA277T,FA279A",0.35829666,2.3148615,2,2
4NM8_ABCDEF_HL|DB19N,0.66149956,0.6090856,2,2
4NM8_ABCDEF_HL|IB18M,0.10977998,0.52918005,2,2
4NM8_ABCDEF_HL|LB38Y,-0.6151596,-0.3139492,2,2
4NM8_ABCDEF_HL|QB34R,2.9754758,0.07816656,2,2
4NM8_ABCDEF_HL|QB34T,2.3309386,-0.17663594,2,2
4NM8_ABCDEF_HL|RB25M,3.442353,0.25456542,2,2
4NM8_ABCDEF_HL|TB32E,-0.5517196,-0.2759499,2,2
4NM8_ABCDEF_HL|TB32I,-0.050205972,0.078000315,2,2
4NM8_ABCDEF_HL|TB32R,1.2211944,0.092700735,2,2
"1CZ8_HL_VW|LL4M,DH28T,HH31N,YH101H,TH105S",2.939849,2.117372,3,0
1KIR_AB_C|SA50Y,-1.3870943,-0.4457193,3,0
1MLC_AB_E|KB65D,0.018548755,-0.9595783,3,0
1MLC_AB_E|NA32G,-0.8773867,0.0739722,3,0
"1MLC_AB_E|NA32G,NA92A",-0.6866531,0.0012548398,3,0
"1MLC_AB_E|NA32G,NA92A,SB57V,TB58D",-1.7349738,-0.81310743,3,0
1MLC_AB_E|NA32Y,0.0,-0.305508,3,0
1MLC_AB_E|NA92A,-1.2533532,-0.13649295,3,0
"1MLC_AB_E|NA92A,SB57V,TB58D",-2.394188,-0.71683526,3,0
"1MLC_AB_E|NA92A,TB28D,SB57V,TB58D",-2.5813644,-1.1032046,3,0
"1MLC_AB_E|NA92A,TB28D,SB57V,TB58D,EB35S,GB99D",-2.9539242,-1.6917219,3,0
"1MLC_AB_E|NA92A,TB28D,SB57V,TB58D,GB99D",-0.20357698,-1.4304271,3,0
"1MLC_AB_E|NA92A,TB28D,SB57V,TB58D,NA32L",-2.5843081,-1.1093651,3,0
"1MLC_AB_E|NA92A,TB28D,SB57V,TB58D,RB98M,DB100Q",-0.41047263,-0.7308482,3,0
"1MLC_AB_E|NA92A,TB28D,SB57V,TB58D,SA91N,SA93A",-1.6104395,-1.0725702,3,0
"1MLC_AB_E|NA92A,TB28D,SB57V,TB58D,SB30G",-2.3584673,-0.9676303,3,0
"1MLC_AB_E|NA92A,TB28D,SB57V,TB58D,YB32W,RB98V,DB100Q",0.36138764,-0.39451426,3,0
"1MLC_AB_E|NA92A,TB28D,SB57V,TB58D,YB59E",-1.4661698,-0.4998256,3,0
1MLC_AB_E|SB57A,-0.37902167,-0.2615145,3,0
1MLC_AB_E|SB57V,-0.49418068,-0.37465194,3,0
"1MLC_AB_E|SB57V,TB58D",-0.9877286,-1.0701202,3,0
1MLC_AB_E|TB28D,-0.15094383,-0.41079223,3,0
1MLC_AB_E|TB31A,0.44700673,0.12204925,3,0
1MLC_AB_E|TB31V,0.5262404,0.03936944,3,0
1MLC_AB_E|TB31W,0.13214268,-0.2143472,3,0
1MLC_AB_E|TB58D,-0.55968237,-0.69917977,3,0
1NCA_N_LH|DH101K,0.71416,1.2897129,3,0
1NCA_N_LH|EH100D,0.41047263,-0.068488084,3,0
1NCA_N_LH|NH102Q,0.5426153,-0.091638185,3,0
1NCA_N_LH|NH31Q,0.0,0.031506546,3,0
1NMB_N_LH|DH57E,2.9536283,0.1823829,3,0
1NMB_N_LH|DH57N,2.9536283,0.23558089,3,0
1NMB_N_LH|LL94V,0.9000208,-0.64491475,3,0
1NMB_N_LH|TL93F,-0.023903161,-0.6392261,3,0
1NMB_N_LH|TL93W,0.18419003,-0.8747341,3,0
1NMB_N_LH|YH103A,2.14062,0.08699189,3,0
1NMB_N_LH|YH105F,1.4194101,0.33259585,3,0
1NMB_N_LH|YL32F,0.46632215,0.5964702,3,0
1VFB_AB_C|DB100A,3.005002,2.269963,3,0
"1VFB_AB_C|DB100A,SC24A",3.369756,2.9744656,3,0
1VFB_AB_C|DB54A,0.8151114,2.4668283,3,0
"1VFB_AB_C|DB54A,TC118A",1.2546439,2.638949,3,0
1VFB_AB_C|DB58A,-0.20700333,1.2699646,3,0
1VFB_AB_C|DB58E,0.078081094,0.20139095,3,0
1VFB_AB_C|DB58N,-0.12818155,0.2628107,3,0
1VFB_AB_C|DC119A,0.9530879,2.1214328,3,0
1VFB_AB_C|DC18A,0.34013057,1.5522984,3,0
1VFB_AB_C|EB98A,1.1565572,2.786319,3,0
1VFB_AB_C|GB31A,0.30646533,1.5294273,3,0
1VFB_AB_C|GB31E,-0.5097613,0.7247538,3,0
1VFB_AB_C|GB31W,0.0039611305,0.63109773,3,0
1VFB_AB_C|HA30A,0.84488255,0.7938285,3,0
1VFB_AB_C|IC124A,1.2314179,0.6638471,3,0
1VFB_AB_C|KC116A,0.7134504,1.3738303,3,0
1VFB_AB_C|LC129A,0.17154472,-0.3416594,3,0
1VFB_AB_C|NA31W,0.17432266,0.9660768,3,0
1VFB_AB_C|NB56A,0.17771798,0.68798083,3,0
1VFB_AB_C|NC19A,0.3960868,0.32284853,3,0
1VFB_AB_C|QC121A,2.876998,0.16227709,3,0
1VFB_AB_C|RB99A,-0.099735305,1.6328632,3,0
1VFB_AB_C|RB99W,0.7049742,0.6886144,3,0
1VFB_AB_C|RB99Y,1.235379,0.12698245,3,0
1VFB_AB_C|RC125A,1.8368999,0.6503408,3,0
1VFB_AB_C|SA93A,0.34312394,0.51324135,3,0
1VFB_AB_C|SB28D,0.0,-0.080805,3,0
1VFB_AB_C|SB28E,-0.104007296,0.07187949,3,0
1VFB_AB_C|SB28N,0.14394745,0.0022320002,3,0
1VFB_AB_C|SB28Q,0.078081094,0.32607004,3,0
1VFB_AB_C|SC24A,0.850965,0.8813024,3,0
1VFB_AB_C|TA52F,0.4708752,-0.23476036,3,0
1VFB_AB_C|TA53R,1.6458516,-0.35230193,3,0
1VFB_AB_C|TB30A,-0.05584954,0.07677873,3,0
1VFB_AB_C|TC118A,0.7650957,0.8363074,3,0
1VFB_AB_C|VC120A,0.9169499,0.1713045,3,0
1VFB_AB_C|WA92A,3.037848,1.2293283,3,0
"1VFB_AB_C|WA92A,IC124A",3.8503337,1.1887372,3,0
"1VFB_AB_C|WA92A,LC129A",3.3073628,0.12576395,3,0
"1VFB_AB_C|WA92A,QC121A",3.5189366,1.347422,3,0
"1VFB_AB_C|WA92A,RC125A",3.3932896,0.97334206,3,0
1VFB_AB_C|WB52A,0.6406274,3.432597,3,0
"1VFB_AB_C|WB52A,DC119A",2.2473724,5.274034,3,0
1VFB_AB_C|YA32A,1.5281335,1.9987792,3,0
"1VFB_AB_C|YA32A,IC124A",2.9057157,2.2580357,3,0
"1VFB_AB_C|YA32A,QC121A",1.586041,2.2961404,3,0
1VFB_AB_C|YA49A,0.79754156,1.460798,3,0
1VFB_AB_C|YA50A,0.456086,1.8670423,3,0
"1VFB_AB_C|YA50A,DC119A",1.2314179,3.4166799,3,0
"1VFB_AB_C|YA50A,DC18A",1.265924,2.72354,3,0
1VFB_AB_C|YA50K,1.7156012,1.8820044,3,0
1VFB_AB_C|YA50R,0.8443241,1.2166679,3,0
1VFB_AB_C|YB101F,1.2695644,2.2249362,3,0
"1VFB_AB_C|YB101F,DC119A",2.736521,3.814032,3,0
"1VFB_AB_C|YB101F,VC120A",2.5384777,1.712555,3,0
1VFB_AB_C|YB32A,0.7916793,1.3911992,3,0
"1VFB_AB_C|YB32A,KC116A",1.586041,2.2463467,3,0
1VFB_AB_C|YB32E,1.9021881,0.8828143,3,0
1VFB_AB_C|YC23A,0.41047263,1.448693,3,0
1XGP_AB_C|AB33F,-4.0,-2.7692385,3,0
1XGP_AB_C|AB33I,-2.260207,-1.741644,3,0
1XGP_AB_C|AB33L,-2.1988916,-1.7541276,3,0
1XGP_AB_C|AB33V,-1.1525793,-1.3250309,3,0
2JEL_LH_P|AP82S,0.0,0.06787984,3,0
2JEL_LH_P|DP69E,0.9530879,0.97305655,3,0
2JEL_LH_P|EP5D,0.41047263,-0.14439732,3,0
2JEL_LH_P|EP5Q,0.7129768,0.47747892,3,0
2JEL_LH_P|EP68A,0.41047263,0.71340245,3,0
2JEL_LH_P|EP75R,2.727121,0.8820438,3,0
2JEL_LH_P|EP83A,0.0,0.30157998,3,0
2JEL_LH_P|EP85A,0.0,-0.015141671,3,0
2JEL_LH_P|EP85D,0.0,-0.576082,3,0
2JEL_LH_P|EP85K,0.0,0.06968812,3,0
2JEL_LH_P|EP85Q,0.0,0.32940936,3,0
2JEL_LH_P|FP2W,2.6191528,0.55217963,3,0
2JEL_LH_P|FP2Y,0.0,-0.49602783,3,0
2JEL_LH_P|HP76A,-0.41047263,0.3814438,3,0
2JEL_LH_P|HP76D,-0.65058374,0.16409773,3,0
2JEL_LH_P|KP24E,0.0,0.36954832,3,0
2JEL_LH_P|KP27E,0.0,0.7265302,3,0
2JEL_LH_P|KP72E,0.41047263,-0.4370563,3,0
2JEL_LH_P|KP72R,0.0,-0.0032857377,3,0
2JEL_LH_P|KP79E,0.41047263,0.21419023,3,0
2JEL_LH_P|NP12D,0.0,-0.62904274,3,0
2JEL_LH_P|NP38T,0.0,0.3693268,3,0
2JEL_LH_P|PP11E,0.0,-0.3907493,3,0
2JEL_LH_P|QP3K,4.0,0.046784185,3,0
2JEL_LH_P|QP4K,1.3635606,-0.5391725,3,0
2JEL_LH_P|QP57E,-0.41047263,-0.25662136,3,0
2JEL_LH_P|QP71E,2.727121,0.01531967,3,0
2JEL_LH_P|RP17G,0.0,0.23308071,3,0
2JEL_LH_P|RP17K,0.0,-0.036230274,3,0
2JEL_LH_P|SP41C,1.4957032,0.9462631,3,0
2JEL_LH_P|SP43C,0.0,0.7039088,3,0
2JEL_LH_P|SP46C,0.0,0.57121205,3,0
2JEL_LH_P|SP64T,4.0,-0.17346919,3,0
2JEL_LH_P|TP34Q,0.0,0.61287755,3,0
2JEL_LH_P|TP36Q,0.41047263,-0.10043098,3,0
2JEL_LH_P|TP62A,0.0,0.6796535,3,0
2JEL_LH_P|TP62N,0.0,0.7508924,3,0
2JEL_LH_P|TP7N,0.41047263,0.8385936,3,0
2JEL_LH_P|TP7S,0.0,0.3573931,3,0
2JEL_LH_P|VP6F,0.0,-0.04490663,3,0
"2NY7_HL_G|CG27I,CG226Q",0.19971907,-2.091014,3,0
"2NY7_HL_G|CG27I,CG226Q,MG231A",0.20319231,-2.1566675,3,0
"2NY7_HL_G|GG229C,MG231A",-0.37879732,0.2263301,3,0
"2NY7_HL_G|GG229C,WG13M,MG231A,CG14W,CG110V,CG27I,CG226Q",0.21462485,-2.7837934,3,0
"2NY7_HL_G|KG66C,EG102C,CG27I,CG226Q",0.04085667,-1.4780971,3,0
"2NY7_HL_G|KG66C,EG102C,WG13M,MG231A,CG14W,CG110V,CG27I,CG226Q",0.3998023,-2.215301,3,0
"2NY7_HL_G|KG66C,EG103C,WG13M,MG231A,CG14W,CG110V,CG27I,CG226Q",0.29989544,-2.060943,3,0
"2NY7_HL_G|WG13M,MG231A,CG14W,CG110V",1.1574335,-0.5898713,3,0
"2NY7_HL_G|WG13M,MG231A,CG14W,CG110V,CG27I,CG226Q",0.44904727,-2.5427861,3,0
"2NY7_HL_G|WG13M,MG231A,CG14W,CG110V,KG66C,EG102C",0.55101526,-0.7463657,3,0
"2NY7_HL_G|WG13M,SG92T,WG181S,MG231A,CG14W,CG110V,CG27I,CG226Q",-0.3035898,-2.7336493,3,0
3BN9_B_CD|DB214A,0.5662115,1.4064453,3,0
3BN9_B_CD|DB46A,0.42238826,1.0436536,3,0
3BN9_B_CD|DB47A,0.31110755,0.9442816,3,0
3BN9_B_CD|EB163A,0.37321588,-0.058518164,3,0
3BN9_B_CD|FB50A,-0.044997852,0.37172994,3,0
3BN9_B_CD|FB89A,0.6392419,1.6694745,3,0
3BN9_B_CD|HB138A,0.085063316,0.910733,3,0
3BN9_B_CD|IB26A,0.0,0.5628922,3,0
3BN9_B_CD|IB45A,0.8352155,0.16691156,3,0
3BN9_B_CD|KB221A,0.7849689,0.31872642,3,0
3BN9_B_CD|LB147A,0.33619216,-0.21278451,3,0
3BN9_B_CD|NB90A,0.7733444,0.4912394,3,0
3BN9_B_CD|PD104H,2.4272547,-0.17374544,3,0
3BN9_B_CD|QB140A,0.1331048,0.033638656,3,0
3BN9_B_CD|QB168A,-0.03469869,-0.47306225,3,0
3BN9_B_CD|QB169A,2.5089848,0.58114064,3,0
3BN9_B_CD|QB218A,0.70571065,0.07099811,3,0
3BN9_B_CD|QB23A,-0.41530684,0.088304095,3,0
3BN9_B_CD|QD105V,1.2241027,-0.026872363,3,0
3BN9_B_CD|RB219A,-0.093698174,0.108209364,3,0
3BN9_B_CD|RB48A,-0.044997852,0.5255874,3,0
3BN9_B_CD|RB51A,-0.07155777,0.27276286,3,0
3BN9_B_CD|RB82A,-0.15923285,0.40904006,3,0
3BN9_B_CD|SD30G,1.1861069,0.5588967,3,0
3BN9_B_CD|SD30N,1.145505,0.47568133,3,0
3BN9_B_CD|TB144A,0.2908351,0.58159924,3,0
3BN9_B_CD|TB93A,1.1320528,0.9485297,3,0
3BN9_B_CD|TD102Q,-0.02153644,-0.2338846,3,0
3BN9_B_CD|TD102R,-0.058294915,-0.41011506,3,0
3BN9_B_CD|TD28R,0.33290586,-0.14938971,3,0
3BN9_B_CD|YB141A,1.0846525,1.9485714,3,0
3BN9_B_CD|YB52A,0.018951595,0.47297347,3,0
3BN9_B_CD|YD103S,0.45868576,1.1042484,3,0
4GXU_ABCDEF_MN|DA189E,2.1650882,0.5414321,3,0
"4GXU_ABCDEF_MN|DA189E,DA224G",3.0102077,1.1857988,3,0
4GXU_ABCDEF_MN|DA224G,1.9608781,0.55319524,3,0
"1CZ8_HL_VW|LL4M,DH28T,HH31N,YH101H,TH105S",2.939849,0.5437064,3,1
1KIR_AB_C|SA50Y,-1.3870943,-0.40369177,3,1
1MLC_AB_E|KB65D,0.018548755,-0.23223357,3,1
1MLC_AB_E|NA32G,-0.8773867,-0.04095559,3,1
"1MLC_AB_E|NA32G,NA92A",-0.6866531,0.2120861,3,1
"1MLC_AB_E|NA32G,NA92A,SB57V,TB58D",-1.7349738,-0.44228476,3,1
1MLC_AB_E|NA32Y,0.0,-0.22406402,3,1
1MLC_AB_E|NA92A,-1.2533532,0.5033034,3,1
"1MLC_AB_E|NA92A,SB57V,TB58D",-2.394188,0.0719289,3,1
"1MLC_AB_E|NA92A,TB28D,SB57V,TB58D",-2.5813644,-0.31204313,3,1
"1MLC_AB_E|NA92A,TB28D,SB57V,TB58D,EB35S,GB99D",-2.9539242,-0.22953404,3,1
"1MLC_AB_E|NA92A,TB28D,SB57V,TB58D,GB99D",-0.20357698,-0.091856,3,1
"1MLC_AB_E|NA92A,TB28D,SB57V,TB58D,NA32L",-2.5843081,-0.75047624,3,1
"1MLC_AB_E|NA92A,TB28D,SB57V,TB58D,RB98M,DB100Q",-0.41047263,-0.73973924,3,1
"1MLC_AB_E|NA92A,TB28D,SB57V,TB58D,SA91N,SA93A",-1.6104395,0.8966479,3,1
"1MLC_AB_E|NA92A,TB28D,SB57V,TB58D,SB30G",-2.3584673,-0.6636192,3,1
"1MLC_AB_E|NA92A,TB28D,SB57V,TB58D,YB32W,RB98V,DB100Q",0.36138764,-0.8189977,3,1
"1MLC_AB_E|NA92A,TB28D,SB57V,TB58D,YB59E",-1.4661698,0.15288943,3,1
1MLC_AB_E|SB57A,-0.37902167,0.9383933,3,1
1MLC_AB_E|SB57V,-0.49418068,-0.029439164,3,1
"1MLC_AB_E|SB57V,TB58D",-0.9877286,-0.30156592,3,1
1MLC_AB_E|TB28D,-0.15094383,-0.103099346,3,1
1MLC_AB_E|TB31A,0.44700673,0.3265401,3,1
1MLC_AB_E|TB31V,0.5262404,-0.1482773,3,1
1MLC_AB_E|TB31W,0.13214268,-0.44940904,3,1
1MLC_AB_E|TB58D,-0.55968237,-0.1138784,3,1
1NCA_N_LH|DH101K,0.71416,0.66801655,3,1
1NCA_N_LH|EH100D,0.41047263,0.360953,3,1
1NCA_N_LH|NH102Q,0.5426153,-0.16870995,3,1
1NCA_N_LH|NH31Q,0.0,-0.35526934,3,1
1NMB_N_LH|DH57E,2.9536283,0.37547833,3,1
1NMB_N_LH|DH57N,2.9536283,0.49864975,3,1
1NMB_N_LH|LL94V,0.9000208,-0.11746487,3,1
1NMB_N_LH|TL93F,-0.023903161,-0.42111868,3,1
1NMB_N_LH|TL93W,0.18419003,-0.6205458,3,1
1NMB_N_LH|YH103A,2.14062,0.9267657,3,1
1NMB_N_LH|YH105F,1.4194101,0.41205153,3,1
1NMB_N_LH|YL32F,0.46632215,0.5965507,3,1
1VFB_AB_C|DB100A,3.005002,0.96147764,3,1
"1VFB_AB_C|DB100A,SC24A",3.369756,1.5866339,3,1
1VFB_AB_C|DB54A,0.8151114,1.1174874,3,1
"1VFB_AB_C|DB54A,TC118A",1.2546439,2.6853397,3,1
1VFB_AB_C|DB58A,-0.20700333,1.0545105,3,1
1VFB_AB_C|DB58E,0.078081094,0.28443253,3,1
1VFB_AB_C|DB58N,-0.12818155,0.47351116,3,1
1VFB_AB_C|DC119A,0.9530879,0.79394877,3,1
1VFB_AB_C|DC18A,0.34013057,1.1601318,3,1
1VFB_AB_C|EB98A,1.1565572,1.37047,3,1
1VFB_AB_C|GB31A,0.30646533,0.94756013,3,1
1VFB_AB_C|GB31E,-0.5097613,0.2027428,3,1
1VFB_AB_C|GB31W,0.0039611305,0.05145572,3,1
1VFB_AB_C|HA30A,0.84488255,0.6589742,3,1
1VFB_AB_C|IC124A,1.2314179,0.7226023,3,1
1VFB_AB_C|KC116A,0.7134504,0.9495125,3,1
1VFB_AB_C|LC129A,0.17154472,0.5284345,3,1
1VFB_AB_C|NA31W,0.17432266,-0.45454255,3,1
1VFB_AB_C|NB56A,0.17771798,0.80069435,3,1
1VFB_AB_C|NC19A,0.3960868,0.38119406,3,1
1VFB_AB_C|QC121A,2.876998,0.6761866,3,1
1VFB_AB_C|RB99A,-0.099735305,0.9034531,3,1
1VFB_AB_C|RB99W,0.7049742,-0.29557696,3,1
1VFB_AB_C|RB99Y,1.235379,-0.2736686,3,1
1VFB_AB_C|RC125A,1.8368999,1.0000311,3,1
1VFB_AB_C|SA93A,0.34312394,0.83903825,3,1
1VFB_AB_C|SB28D,0.0,-0.18036194,3,1
1VFB_AB_C|SB28E,-0.104007296,-0.2045884,3,1
1VFB_AB_C|SB28N,0.14394745,-0.04692074,3,1
1VFB_AB_C|SB28Q,0.078081094,-0.1227389,3,1
1VFB_AB_C|SC24A,0.850965,0.60904837,3,1
1VFB_AB_C|TA52F,0.4708752,-0.33480197,3,1
1VFB_AB_C|TA53R,1.6458516,-0.28093472,3,1
1VFB_AB_C|TB30A,-0.05584954,0.57070345,3,1
1VFB_AB_C|TC118A,0.7650957,1.4027191,3,1
1VFB_AB_C|VC120A,0.9169499,0.58296907,3,1
1VFB_AB_C|WA92A,3.037848,1.2979534,3,1
"1VFB_AB_C|WA92A,IC124A",3.8503337,2.3771958,3,1
"1VFB_AB_C|WA92A,LC129A",3.3073628,2.0451775,3,1
"1VFB_AB_C|WA92A,QC121A",3.5189366,2.1965842,3,1
"1VFB_AB_C|WA92A,RC125A",3.3932896,2.7094443,3,1
1VFB_AB_C|WB52A,0.6406274,2.102163,3,1
"1VFB_AB_C|WB52A,DC119A",2.2473724,2.8867567,3,1
1VFB_AB_C|YA32A,1.5281335,1.9775599,3,1
"1VFB_AB_C|YA32A,IC124A",2.9057157,2.882077,3,1
"1VFB_AB_C|YA32A,QC121A",1.586041,2.8057933,3,1
1VFB_AB_C|YA49A,0.79754156,2.0207992,3,1
1VFB_AB_C|YA50A,0.456086,1.9217666,3,1
"1VFB_AB_C|YA50A,DC119A",1.2314179,2.7828803,3,1
"1VFB_AB_C|YA50A,DC18A",1.265924,3.2888598,3,1
1VFB_AB_C|YA50K,1.7156012,1.3982776,3,1
1VFB_AB_C|YA50R,0.8443241,0.8045042,3,1
1VFB_AB_C|YB101F,1.2695644,0.5382893,3,1
"1VFB_AB_C|YB101F,DC119A",2.736521,1.4630265,3,1
"1VFB_AB_C|YB101F,VC120A",2.5384777,1.2049434,3,1
1VFB_AB_C|YB32A,0.7916793,1.1494769,3,1
"1VFB_AB_C|YB32A,KC116A",1.586041,1.9136943,3,1
1VFB_AB_C|YB32E,1.9021881,0.5258529,3,1
1VFB_AB_C|YC23A,0.41047263,1.4106205,3,1
1XGP_AB_C|AB33F,-4.0,-1.6243258,3,1
1XGP_AB_C|AB33I,-2.260207,-1.315672,3,1
1XGP_AB_C|AB33L,-2.1988916,-1.3556409,3,1
1XGP_AB_C|AB33V,-1.1525793,-1.2716796,3,1
2JEL_LH_P|AP82S,0.0,-0.6799633,3,1
2JEL_LH_P|DP69E,0.9530879,0.17816554,3,1
2JEL_LH_P|EP5D,0.41047263,-0.07441452,3,1
2JEL_LH_P|EP5Q,0.7129768,-0.03178463,3,1
2JEL_LH_P|EP68A,0.41047263,0.4401035,3,1
2JEL_LH_P|EP75R,2.727121,0.66753346,3,1
2JEL_LH_P|EP83A,0.0,0.77921426,3,1
2JEL_LH_P|EP85A,0.0,0.6921974,3,1
2JEL_LH_P|EP85D,0.0,0.039505236,3,1
2JEL_LH_P|EP85K,0.0,0.30270636,3,1
2JEL_LH_P|EP85Q,0.0,0.139014,3,1
2JEL_LH_P|FP2W,2.6191528,0.33265606,3,1
2JEL_LH_P|FP2Y,0.0,0.06042432,3,1
2JEL_LH_P|HP76A,-0.41047263,1.0467887,3,1
2JEL_LH_P|HP76D,-0.65058374,0.33302912,3,1
2JEL_LH_P|KP24E,0.0,-0.012811847,3,1
2JEL_LH_P|KP27E,0.0,-0.027287448,3,1
2JEL_LH_P|KP72E,0.41047263,-0.18098535,3,1
2JEL_LH_P|KP72R,0.0,0.12291307,3,1
2JEL_LH_P|KP79E,0.41047263,-0.10939104,3,1
2JEL_LH_P|NP12D,0.0,-0.038637526,3,1
2JEL_LH_P|NP38T,0.0,0.048222378,3,1
2JEL_LH_P|PP11E,0.0,-0.6238649,3,1
2JEL_LH_P|QP3K,4.0,-0.13957174,3,1
2JEL_LH_P|QP4K,1.3635606,-0.15322785,3,1
2JEL_LH_P|QP57E,-0.41047263,-0.01217985,3,1
2JEL_LH_P|QP71E,2.727121,0.005962993,3,1
2JEL_LH_P|RP17G,0.0,0.2806956,3,1
2JEL_LH_P|RP17K,0.0,0.21198341,3,1
2JEL_LH_P|SP41C,1.4957032,0.31646657,3,1
2JEL_LH_P|SP43C,0.0,0.031403698,3,1
2JEL_LH_P|SP46C,0.0,-0.04384689,3,1
2JEL_LH_P|SP64T,4.0,-0.15215406,3,1
2JEL_LH_P|TP34Q,0.0,0.21688187,3,1
2JEL_LH_P|TP36Q,0.41047263,0.011534378,3,1
2JEL_LH_P|TP62A,0.0,0.76751006,3,1
2JEL_LH_P|TP62N,0.0,0.3956547,3,1
2JEL_LH_P|TP7N,0.41047263,0.42354015,3,1
2JEL_LH_P|TP7S,0.0,0.30069768,3,1
2JEL_LH_P|VP6F,0.0,-0.2471738,3,1
"2NY7_HL_G|CG27I,CG226Q",0.19971907,-0.027829317,3,1
"2NY7_HL_G|CG27I,CG226Q,MG231A",0.20319231,0.90535635,3,1
"2NY7_HL_G|GG229C,MG231A",-0.37879732,0.9633272,3,1
"2NY7_HL_G|GG229C,WG13M,MG231A,CG14W,CG110V,CG27I,CG226Q",0.21462485,0.83806795,3,1
"2NY7_HL_G|KG66C,EG102C,CG27I,CG226Q",0.04085667,0.4443501,3,1
"2NY7_HL_G|KG66C,EG102C,WG13M,MG231A,CG14W,CG110V,CG27I,CG226Q",0.3998023,1.3307475,3,1
"2NY7_HL_G|KG66C,EG103C,WG13M,MG231A,CG14W,CG110V,CG27I,CG226Q",0.29989544,1.1670367,3,1
"2NY7_HL_G|WG13M,MG231A,CG14W,CG110V",1.1574335,1.0383854,3,1
"2NY7_HL_G|WG13M,MG231A,CG14W,CG110V,CG27I,CG226Q",0.44904727,0.87232614,3,1
"2NY7_HL_G|WG13M,MG231A,CG14W,CG110V,KG66C,EG102C",0.55101526,1.3781215,3,1
"2NY7_HL_G|WG13M,SG92T,WG181S,MG231A,CG14W,CG110V,CG27I,CG226Q",-0.3035898,1.024099,3,1
3BN9_B_CD|DB214A,0.5662115,1.2340926,3,1
3BN9_B_CD|DB46A,0.42238826,0.6035809,3,1
3BN9_B_CD|DB47A,0.31110755,0.74566597,3,1
3BN9_B_CD|EB163A,0.37321588,1.1430607,3,1
3BN9_B_CD|FB50A,-0.044997852,1.9490523,3,1
3BN9_B_CD|FB89A,0.6392419,1.2353457,3,1
3BN9_B_CD|HB138A,0.085063316,1.010392,3,1
3BN9_B_CD|IB26A,0.0,0.58027315,3,1
3BN9_B_CD|IB45A,0.8352155,0.677536,3,1
3BN9_B_CD|KB221A,0.7849689,0.83903706,3,1
3BN9_B_CD|LB147A,0.33619216,0.45703006,3,1
3BN9_B_CD|NB90A,0.7733444,0.9508396,3,1
3BN9_B_CD|PD104H,2.4272547,-0.17556705,3,1
3BN9_B_CD|QB140A,0.1331048,0.50462824,3,1
3BN9_B_CD|QB168A,-0.03469869,0.20791171,3,1
3BN9_B_CD|QB169A,2.5089848,1.0447465,3,1
3BN9_B_CD|QB218A,0.70571065,0.8831325,3,1
3BN9_B_CD|QB23A,-0.41530684,0.89081854,3,1
3BN9_B_CD|QD105V,1.2241027,-0.04802037,3,1
3BN9_B_CD|RB219A,-0.093698174,0.49596736,3,1
3BN9_B_CD|RB48A,-0.044997852,0.95214754,3,1
3BN9_B_CD|RB51A,-0.07155777,0.6179598,3,1
3BN9_B_CD|RB82A,-0.15923285,0.29930562,3,1
3BN9_B_CD|SD30G,1.1861069,-0.052726686,3,1
3BN9_B_CD|SD30N,1.145505,0.48014128,3,1
3BN9_B_CD|TB144A,0.2908351,0.77470326,3,1
3BN9_B_CD|TB93A,1.1320528,1.7474189,3,1
3BN9_B_CD|TD102Q,-0.02153644,-0.09399496,3,1
3BN9_B_CD|TD102R,-0.058294915,-0.18269455,3,1
3BN9_B_CD|TD28R,0.33290586,-0.0342843,3,1
3BN9_B_CD|YB141A,1.0846525,1.5603533,3,1
3BN9_B_CD|YB52A,0.018951595,1.3918836,3,1
3BN9_B_CD|YD103S,0.45868576,0.55122924,3,1
4GXU_ABCDEF_MN|DA189E,2.1650882,0.1957127,3,1
"4GXU_ABCDEF_MN|DA189E,DA224G",3.0102077,0.08953171,3,1
4GXU_ABCDEF_MN|DA224G,1.9608781,-0.16097221,3,1
"1CZ8_HL_VW|LL4M,DH28T,HH31N,YH101H,TH105S",2.939849,1.535989,3,2
1KIR_AB_C|SA50Y,-1.3870943,-0.74678797,3,2
1MLC_AB_E|KB65D,0.018548755,-0.43196023,3,2
1MLC_AB_E|NA32G,-0.8773867,0.33016405,3,2
"1MLC_AB_E|NA32G,NA92A",-0.6866531,0.8512326,3,2
"1MLC_AB_E|NA32G,NA92A,SB57V,TB58D",-1.7349738,0.92774373,3,2
1MLC_AB_E|NA32Y,0.0,-0.35561666,3,2
1MLC_AB_E|NA92A,-1.2533532,0.42008704,3,2
"1MLC_AB_E|NA92A,SB57V,TB58D",-2.394188,0.57151616,3,2
"1MLC_AB_E|NA92A,TB28D,SB57V,TB58D",-2.5813644,0.27371284,3,2
"1MLC_AB_E|NA92A,TB28D,SB57V,TB58D,EB35S,GB99D",-2.9539242,0.13547048,3,2
"1MLC_AB_E|NA92A,TB28D,SB57V,TB58D,GB99D",-0.20357698,0.5186184,3,2
"1MLC_AB_E|NA92A,TB28D,SB57V,TB58D,NA32L",-2.5843081,0.6742964,3,2
"1MLC_AB_E|NA92A,TB28D,SB57V,TB58D,RB98M,DB100Q",-0.41047263,0.3866875,3,2
"1MLC_AB_E|NA92A,TB28D,SB57V,TB58D,SA91N,SA93A",-1.6104395,0.81494474,3,2
"1MLC_AB_E|NA92A,TB28D,SB57V,TB58D,SB30G",-2.3584673,0.3047148,3,2
"1MLC_AB_E|NA92A,TB28D,SB57V,TB58D,YB32W,RB98V,DB100Q",0.36138764,1.0882728,3,2
"1MLC_AB_E|NA92A,TB28D,SB57V,TB58D,YB59E",-1.4661698,1.0259424,3,2
1MLC_AB_E|SB57A,-0.37902167,0.06397814,3,2
1MLC_AB_E|SB57V,-0.49418068,-0.23307478,3,2
"1MLC_AB_E|SB57V,TB58D",-0.9877286,0.11593399,3,2
1MLC_AB_E|TB28D,-0.15094383,-0.1633344,3,2
1MLC_AB_E|TB31A,0.44700673,0.07948294,3,2
1MLC_AB_E|TB31V,0.5262404,-0.08727254,3,2
1MLC_AB_E|TB31W,0.13214268,-0.47397172,3,2
1MLC_AB_E|TB58D,-0.55968237,0.102349184,3,2
1NCA_N_LH|DH101K,0.71416,0.729167,3,2
1NCA_N_LH|EH100D,0.41047263,0.23890239,3,2
1NCA_N_LH|NH102Q,0.5426153,0.55864257,3,2
1NCA_N_LH|NH31Q,0.0,0.23824567,3,2
1NMB_N_LH|DH57E,2.9536283,0.19992399,3,2
1NMB_N_LH|DH57N,2.9536283,0.09897856,3,2
1NMB_N_LH|LL94V,0.9000208,-0.10011738,3,2
1NMB_N_LH|TL93F,-0.023903161,-0.5081896,3,2
1NMB_N_LH|TL93W,0.18419003,-0.7412885,3,2
1NMB_N_LH|YH103A,2.14062,0.79592496,3,2
1NMB_N_LH|YH105F,1.4194101,0.85340464,3,2
1NMB_N_LH|YL32F,0.46632215,0.6918472,3,2
1VFB_AB_C|DB100A,3.005002,0.6345996,3,2
"1VFB_AB_C|DB100A,SC24A",3.369756,1.5552659,3,2
1VFB_AB_C|DB54A,0.8151114,0.49301964,3,2
"1VFB_AB_C|DB54A,TC118A",1.2546439,1.2747476,3,2
1VFB_AB_C|DB58A,-0.20700333,0.64720285,3,2
1VFB_AB_C|DB58E,0.078081094,0.02002184,3,2
1VFB_AB_C|DB58N,-0.12818155,-0.00905996,3,2
1VFB_AB_C|DC119A,0.9530879,1.8581566,3,2
1VFB_AB_C|DC18A,0.34013057,2.0312479,3,2
1VFB_AB_C|EB98A,1.1565572,0.65457493,3,2
1VFB_AB_C|GB31A,0.30646533,0.91229355,3,2
1VFB_AB_C|GB31E,-0.5097613,0.20352408,3,2
1VFB_AB_C|GB31W,0.0039611305,0.15485424,3,2
1VFB_AB_C|HA30A,0.84488255,1.0915663,3,2
1VFB_AB_C|IC124A,1.2314179,0.25139108,3,2
1VFB_AB_C|KC116A,0.7134504,1.5288883,3,2
1VFB_AB_C|LC129A,0.17154472,-0.09556729,3,2
1VFB_AB_C|NA31W,0.17432266,0.23372865,3,2
1VFB_AB_C|NB56A,0.17771798,0.38015136,3,2
1VFB_AB_C|NC19A,0.3960868,0.54940313,3,2
1VFB_AB_C|QC121A,2.876998,0.6155761,3,2
1VFB_AB_C|RB99A,-0.099735305,0.83546895,3,2
1VFB_AB_C|RB99W,0.7049742,0.03127396,3,2
1VFB_AB_C|RB99Y,1.235379,-0.18713579,3,2
1VFB_AB_C|RC125A,1.8368999,1.0127217,3,2
1VFB_AB_C|SA93A,0.34312394,0.8019687,3,2
1VFB_AB_C|SB28D,0.0,-0.2662424,3,2
1VFB_AB_C|SB28E,-0.104007296,-0.20509222,3,2
1VFB_AB_C|SB28N,0.14394745,-0.13471064,3,2
1VFB_AB_C|SB28Q,0.078081094,0.03681604,3,2
1VFB_AB_C|SC24A,0.850965,1.0089041,3,2
1VFB_AB_C|TA52F,0.4708752,-0.28120425,3,2
1VFB_AB_C|TA53R,1.6458516,-0.19816697,3,2
1VFB_AB_C|TB30A,-0.05584954,-0.08708201,3,2
1VFB_AB_C|TC118A,0.7650957,0.6469134,3,2
1VFB_AB_C|VC120A,0.9169499,0.23882878,3,2
1VFB_AB_C|WA92A,3.037848,0.840747,3,2
"1VFB_AB_C|WA92A,IC124A",3.8503337,1.1498271,3,2
"1VFB_AB_C|WA92A,LC129A",3.3073628,0.79253054,3,2
"1VFB_AB_C|WA92A,QC121A",3.5189366,1.4331578,3,2
"1VFB_AB_C|WA92A,RC125A",3.3932896,1.9079247,3,2
1VFB_AB_C|WB52A,0.6406274,1.6563281,3,2
"1VFB_AB_C|WB52A,DC119A",2.2473724,3.504592,3,2
1VFB_AB_C|YA32A,1.5281335,2.0912414,3,2
"1VFB_AB_C|YA32A,IC124A",2.9057157,1.9379756,3,2
"1VFB_AB_C|YA32A,QC121A",1.586041,2.375136,3,2
1VFB_AB_C|YA49A,0.79754156,1.664337,3,2
1VFB_AB_C|YA50A,0.456086,1.8050612,3,2
"1VFB_AB_C|YA50A,DC119A",1.2314179,3.302702,3,2
"1VFB_AB_C|YA50A,DC18A",1.265924,3.7699077,3,2
1VFB_AB_C|YA50K,1.7156012,1.5828329,3,2
1VFB_AB_C|YA50R,0.8443241,0.9979033,3,2
1VFB_AB_C|YB101F,1.2695644,1.6938661,3,2
"1VFB_AB_C|YB101F,DC119A",2.736521,3.2955475,3,2
"1VFB_AB_C|YB101F,VC120A",2.5384777,2.1400104,3,2
1VFB_AB_C|YB32A,0.7916793,1.594749,3,2
"1VFB_AB_C|YB32A,KC116A",1.586041,3.0712407,3,2
1VFB_AB_C|YB32E,1.9021881,1.0031124,3,2
1VFB_AB_C|YC23A,0.41047263,1.0121069,3,2
1XGP_AB_C|AB33F,-4.0,-2.730191,3,2
1XGP_AB_C|AB33I,-2.260207,-1.8352554,3,2
1XGP_AB_C|AB33L,-2.1988916,-1.7650758,3,2
1XGP_AB_C|AB33V,-1.1525793,-1.1885993,3,2
2JEL_LH_P|AP82S,0.0,-0.3718848,3,2
2JEL_LH_P|DP69E,0.9530879,0.81067216,3,2
2JEL_LH_P|EP5D,0.41047263,-0.13892163,3,2
2JEL_LH_P|EP5Q,0.7129768,0.08519307,3,2
2JEL_LH_P|EP68A,0.41047263,0.6251725,3,2
2JEL_LH_P|EP75R,2.727121,0.774963,3,2
2JEL_LH_P|EP83A,0.0,0.3953621,3,2
2JEL_LH_P|EP85A,0.0,0.29831985,3,2
2JEL_LH_P|EP85D,0.0,-0.4583785,3,2
2JEL_LH_P|EP85K,0.0,0.13917226,3,2
2JEL_LH_P|EP85Q,0.0,-0.060561992,3,2
2JEL_LH_P|FP2W,2.6191528,0.81800187,3,2
2JEL_LH_P|FP2Y,0.0,-0.06504437,3,2
2JEL_LH_P|HP76A,-0.41047263,0.17809293,3,2
2JEL_LH_P|HP76D,-0.65058374,0.14860234,3,2
2JEL_LH_P|KP24E,0.0,1.7233334,3,2
2JEL_LH_P|KP27E,0.0,1.097557,3,2
2JEL_LH_P|KP72E,0.41047263,0.029241078,3,2
2JEL_LH_P|KP72R,0.0,0.3721332,3,2
2JEL_LH_P|KP79E,0.41047263,1.0517492,3,2
2JEL_LH_P|NP12D,0.0,-0.47364837,3,2
2JEL_LH_P|NP38T,0.0,-0.11209792,3,2
2JEL_LH_P|PP11E,0.0,-0.5019413,3,2
2JEL_LH_P|QP3K,4.0,0.11580751,3,2
2JEL_LH_P|QP4K,1.3635606,-0.19712022,3,2
2JEL_LH_P|QP57E,-0.41047263,0.35333148,3,2
2JEL_LH_P|QP71E,2.727121,0.07694941,3,2
2JEL_LH_P|RP17G,0.0,0.794437,3,2
2JEL_LH_P|RP17K,0.0,0.10414908,3,2
2JEL_LH_P|SP41C,1.4957032,0.7669393,3,2
2JEL_LH_P|SP43C,0.0,0.65232736,3,2
2JEL_LH_P|SP46C,0.0,0.6782492,3,2
2JEL_LH_P|SP64T,4.0,-0.09474388,3,2
2JEL_LH_P|TP34Q,0.0,0.46096322,3,2
2JEL_LH_P|TP36Q,0.41047263,0.12771675,3,2
2JEL_LH_P|TP62A,0.0,0.62999994,3,2
2JEL_LH_P|TP62N,0.0,0.8735119,3,2
2JEL_LH_P|TP7N,0.41047263,1.0781584,3,2
2JEL_LH_P|TP7S,0.0,0.6534277,3,2
2JEL_LH_P|VP6F,0.0,-0.06371018,3,2
"2NY7_HL_G|CG27I,CG226Q",0.19971907,-1.3057786,3,2
"2NY7_HL_G|CG27I,CG226Q,MG231A",0.20319231,-1.3352134,3,2
"2NY7_HL_G|GG229C,MG231A",-0.37879732,0.3306625,3,2
"2NY7_HL_G|GG229C,WG13M,MG231A,CG14W,CG110V,CG27I,CG226Q",0.21462485,-2.4203286,3,2
"2NY7_HL_G|KG66C,EG102C,CG27I,CG226Q",0.04085667,-1.043395,3,2
"2NY7_HL_G|KG66C,EG102C,WG13M,MG231A,CG14W,CG110V,CG27I,CG226Q",0.3998023,-2.1302598,3,2
"2NY7_HL_G|KG66C,EG103C,WG13M,MG231A,CG14W,CG110V,CG27I,CG226Q",0.29989544,-2.4324007,3,2
"2NY7_HL_G|WG13M,MG231A,CG14W,CG110V",1.1574335,-0.6852128,3,2
"2NY7_HL_G|WG13M,MG231A,CG14W,CG110V,CG27I,CG226Q",0.44904727,-2.4459186,3,2
"2NY7_HL_G|WG13M,MG231A,CG14W,CG110V,KG66C,EG102C",0.55101526,-0.033268966,3,2
"2NY7_HL_G|WG13M,SG92T,WG181S,MG231A,CG14W,CG110V,CG27I,CG226Q",-0.3035898,-2.5900526,3,2
3BN9_B_CD|DB214A,0.5662115,0.83235663,3,2
3BN9_B_CD|DB46A,0.42238826,0.80245626,3,2
3BN9_B_CD|DB47A,0.31110755,0.55032444,3,2
3BN9_B_CD|EB163A,0.37321588,0.279677,3,2
3BN9_B_CD|FB50A,-0.044997852,0.91208863,3,2
3BN9_B_CD|FB89A,0.6392419,1.4123883,3,2
3BN9_B_CD|HB138A,0.085063316,0.5525635,3,2
3BN9_B_CD|IB26A,0.0,0.60488456,3,2
3BN9_B_CD|IB45A,0.8352155,0.727461,3,2
3BN9_B_CD|KB221A,0.7849689,0.50036186,3,2
3BN9_B_CD|LB147A,0.33619216,0.13780484,3,2
3BN9_B_CD|NB90A,0.7733444,0.864302,3,2
3BN9_B_CD|PD104H,2.4272547,-0.78149045,3,2
3BN9_B_CD|QB140A,0.1331048,0.0902045,3,2
3BN9_B_CD|QB168A,-0.03469869,-0.06771078,3,2
3BN9_B_CD|QB169A,2.5089848,0.57935774,3,2
3BN9_B_CD|QB218A,0.70571065,0.25431898,3,2
3BN9_B_CD|QB23A,-0.41530684,0.1643672,3,2
3BN9_B_CD|QD105V,1.2241027,0.025348939,3,2
3BN9_B_CD|RB219A,-0.093698174,0.08755946,3,2
3BN9_B_CD|RB48A,-0.044997852,0.22491741,3,2
3BN9_B_CD|RB51A,-0.07155777,0.3873587,3,2
3BN9_B_CD|RB82A,-0.15923285,0.14126158,3,2
3BN9_B_CD|SD30G,1.1861069,0.28049943,3,2
3BN9_B_CD|SD30N,1.145505,0.057327904,3,2
3BN9_B_CD|TB144A,0.2908351,0.66389924,3,2
3BN9_B_CD|TB93A,1.1320528,0.86894894,3,2
3BN9_B_CD|TD102Q,-0.02153644,0.00877706,3,2
3BN9_B_CD|TD102R,-0.058294915,-0.08347906,3,2
3BN9_B_CD|TD28R,0.33290586,0.15600067,3,2
3BN9_B_CD|YB141A,1.0846525,1.2049235,3,2
3BN9_B_CD|YB52A,0.018951595,0.39152545,3,2
3BN9_B_CD|YD103S,0.45868576,1.0179473,3,2
4GXU_ABCDEF_MN|DA189E,2.1650882,1.0096098,3,2
"4GXU_ABCDEF_MN|DA189E,DA224G",3.0102077,1.721926,3,2
4GXU_ABCDEF_MN|DA224G,1.9608781,0.43032873,3,2
"1JRH_LH_I|AI49S,II51T,HI55D",0.070675574,-0.18312293,4,0
"1JRH_LH_I|AI85D,KI88R,EI90K",-0.047747865,-0.41869015,4,0
"1JRH_LH_I|AI93L,VI94M",0.63366294,0.06562358,4,0
1JRH_LH_I|DH56A,1.8860998,1.3543509,4,0
1JRH_LH_I|DH57A,1.6660647,0.7272396,4,0
1JRH_LH_I|DH58A,1.8546488,0.997813,4,0
1JRH_LH_I|DL28A,0.43464687,1.1269243,4,0
1JRH_LH_I|EI35Q,0.09956847,-0.7172016,4,0
1JRH_LH_I|EI45A,-0.5657849,0.43457586,4,0
1JRH_LH_I|EI45P,-3.7881775,0.23870274,4,0
"1JRH_LH_I|EI45P,II47L",-3.4567804,0.6613242,4,0
"1JRH_LH_I|EI45P,II47R",-3.4400978,0.2557116,4,0
1JRH_LH_I|EL27A,0.5426153,1.108922,4,0
1JRH_LH_I|FH103A,0.0,0.37907565,4,0
1JRH_LH_I|GI40A,4.0,0.44919053,4,0
1JRH_LH_I|HH107A,1.6977708,0.61581504,4,0
"1JRH_LH_I|II25N,PI27S,VI29T,VI31I",0.14370596,-0.05816286,4,0
1JRH_LH_I|KI37A,3.713863,0.5533925,4,0
1JRH_LH_I|KI37M,3.2923293,0.4356398,4,0
1JRH_LH_I|KI42A,3.3858175,0.7140339,4,0
1JRH_LH_I|KI42M,4.0,0.523295,4,0
1JRH_LH_I|KI88A,0.31209365,1.2744793,4,0
"1JRH_LH_I|MI15L,II18V",-0.21360606,0.35347718,4,0
1JRH_LH_I|NI38A,0.1704579,0.372595,4,0
1JRH_LH_I|NI38Q,0.5344714,-0.33066258,4,0
1JRH_LH_I|NI43A,4.0,0.8036219,4,0
1JRH_LH_I|NI69A,-0.19953421,0.34828475,4,0
1JRH_LH_I|RH100A,0.5426153,1.5061736,4,0
1JRH_LH_I|RI74A,0.3926171,0.81579024,4,0
1JRH_LH_I|SI44A,0.37771076,0.689599,4,0
"1JRH_LH_I|SI44G,EI45G,II47R",-3.3777049,0.11850678,4,0
"1JRH_LH_I|SI44G,EI45P,II47K",-3.884419,0.1912688,4,0
"1JRH_LH_I|SI61Y,DI62E,HI63Q,VI64I,GI65M,DI66Y,SI68D,NI69V,LI71A",2.9588323,-0.82513416,4,0
1JRH_LH_I|SL93A,-0.65058374,0.43068358,4,0
1JRH_LH_I|TI4V,-0.025565991,-0.1092583,4,0
"1JRH_LH_I|TI9L,EI11K",-0.025565991,-0.43921626,4,0
1JRH_LH_I|TL94A,0.38526937,0.3494996,4,0
1JRH_LH_I|VI41A,1.6791569,0.56800115,4,0
"1JRH_LH_I|VI73A,RI78K",-0.21360606,-0.09428867,4,0
1JRH_LH_I|WH54A,2.6862645,2.2586334,4,0
1JRH_LH_I|WH55A,2.4213178,1.000197,4,0
1JRH_LH_I|WI46F,-0.25261214,-0.0070246123,4,0
1JRH_LH_I|WI46Y,0.29852974,-0.25551164,4,0
1JRH_LH_I|WI72A,4.0,1.2615168,4,0
1JRH_LH_I|WI72F,1.102707,0.35422245,4,0
1JRH_LH_I|WI72Y,1.1878273,-0.036835045,4,0
1JRH_LH_I|WL92A,2.818407,1.1167848,4,0
1JRH_LH_I|WL95A,1.6660647,0.75368375,4,0
1JRH_LH_I|YH104A,1.0610564,1.233433,4,0
1JRH_LH_I|YH32A,1.4333102,1.0782251,4,0
1JRH_LH_I|YH60A,1.2555921,1.2060019,4,0
1JRH_LH_I|YI39A,3.5271235,0.67059803,4,0
1JRH_LH_I|YI39F,0.9087807,0.07248581,4,0
1JRH_LH_I|YL30A,1.1084566,1.0018697,4,0
1JRH_LH_I|YL91A,0.58083415,1.8594458,4,0
1KIQ_AB_C|FB101Y,-2.4949589,-1.0074486,4,0
1XGR_AB_C|IB33A,2.260207,1.9023131,4,0
1XGR_AB_C|IB33F,-1.8004549,-1.503457,4,0
1XGR_AB_C|IB33L,0.061315425,0.044683397,4,0
1XGR_AB_C|IB33V,1.1076277,-0.053782966,4,0
2BDN_HL_A|DH31E,1.0852306,-0.091709614,4,0
2BDN_HL_A|LH27K,0.8740124,-0.010397172,4,0
2BDN_HL_A|LH27R,0.65058374,-0.088872455,4,0
2BDN_HL_A|NH28D,0.13214268,-0.36779246,4,0
2BDN_HL_A|NH28Q,1.3994616,-0.0046770982,4,0
2BDN_HL_A|NL31K,3.4897714,0.027530275,4,0
2BDN_HL_A|NL31R,-0.9171868,-0.0939503,4,0
2BDN_HL_A|SL53D,-0.1605731,-0.19194764,4,0
2BDN_HL_A|SL53E,-0.85132045,-0.2270233,4,0
2BDN_HL_A|TL56D,-0.4254655,0.1318171,4,0
2BDN_HL_A|TL56E,-0.6888026,0.114806674,4,0
2BDN_HL_A|YL30K,0.67475796,0.6114186,4,0
2NYY_DC_A|DA1030A,0.009336901,0.90015715,4,0
2NYY_DC_A|DA1034A,2.5297937,1.0085875,4,0
2NYY_DC_A|DC30Y,0.64113563,-0.14273632,4,0
2NYY_DC_A|EA892A,2.839132,0.2977769,4,0
2NYY_DC_A|ED5Q,-0.2479871,0.044819385,4,0
2NYY_DC_A|FA889A,0.4193659,0.64990795,4,0
2NYY_DC_A|FA925A,4.0,0.65162796,4,0
2NYY_DC_A|HA1036A,4.0,0.8618006,4,0
2NYY_DC_A|HC34R,0.10088469,0.06370912,4,0
2NYY_DC_A|IA928A,-0.009487502,0.7113574,4,0
2NYY_DC_A|KA1028A,-0.028934313,0.94399935,4,0
2NYY_DC_A|KA875A,0.29098648,0.20624432,4,0
2NYY_DC_A|KA895A,-0.14014584,0.42656097,4,0
2NYY_DC_A|KD29R,0.071385965,-0.12866987,4,0
"2NYY_DC_A|KD29S,YD30D,DD31H,SD60P",0.04961051,0.73997635,4,0
2NYY_DC_A|LA891A,2.5892105,-0.1286049,4,0
2NYY_DC_A|MD33Q,-0.059869844,-0.15206844,4,0
2NYY_DC_A|NA890A,0.89044046,-0.08711425,4,0
2NYY_DC_A|NA926A,0.09934822,0.2650582,4,0
2NYY_DC_A|QA887A,0.5208145,0.3494826,4,0
2NYY_DC_A|RA1033A,0.82012254,0.69006115,4,0
2NYY_DC_A|RA1266A,0.2995321,1.0930709,4,0
2NYY_DC_A|SA874A,-0.23032175,0.45066315,4,0
2NYY_DC_A|SA927A,0.0,0.69636095,4,0
2NYY_DC_A|SC28Q,0.4133828,0.08040572,4,0
2NYY_DC_A|SC31N,-0.35338265,0.23654318,4,0
2NYY_DC_A|TA1035A,1.630871,0.23562536,4,0
2NYY_DC_A|VD36I,-0.21317148,0.1503487,4,0
"2NYY_DC_A|VD36I,ED5Q",-0.0490461,0.3022152,4,0
2NYY_DC_A|YD30D,0.06462482,0.6734259,4,0
2NYY_DC_A|YD30Q,0.12897444,0.55496913,4,0
2NYY_DC_A|YD56Q,0.5196862,0.3666875,4,0
2NZ9_DC_A|DA1030A,-0.031082604,1.033508,4,0
2NZ9_DC_A|DA1034A,2.3396032,0.99731266,4,0
2NZ9_DC_A|EA892A,2.77036,0.46379545,4,0
2NZ9_DC_A|FA889A,-0.04961051,0.8555207,4,0
2NZ9_DC_A|FA925A,3.340439,0.6595061,4,0
2NZ9_DC_A|HA1036A,4.0,0.81694084,4,0
2NZ9_DC_A|IA928A,0.069281444,0.70957124,4,0
2NZ9_DC_A|KA1028A,-0.008714417,0.9709927,4,0
2NZ9_DC_A|KA875A,0.5407011,0.2388246,4,0
2NZ9_DC_A|KA895A,-0.29975358,0.49324974,4,0
2NZ9_DC_A|LA891A,2.279965,-0.123968884,4,0
2NZ9_DC_A|NA890A,2.1600318,-0.05122595,4,0
2NZ9_DC_A|NA926A,-0.15216734,0.19600913,4,0
2NZ9_DC_A|QA887A,0.09926054,0.3696432,4,0
2NZ9_DC_A|RA1033A,0.29088098,0.771134,4,0
2NZ9_DC_A|RA1266A,0.39015788,1.1150466,4,0
2NZ9_DC_A|SA874A,-0.11948046,0.4491445,4,0
2NZ9_DC_A|SA927A,-0.078544825,0.7081019,4,0
"2NZ9_DC_A|SD29K,DD30Y,HD31D",-0.04961051,-0.73912245,4,0
2NZ9_DC_A|TA1035A,2.3703818,0.28498167,4,0
2VIS_AB_C|IC89T,-4.0,-0.5612815,4,0
"3BE1_HL_A|DL28N,PL30A,RL31K,SL32T,TL97S,TL98S",-0.6860794,-0.76310605,4,0
"3BE1_HL_A|DL28N,PL30A,RL31K,SL32T,TL97S,TL98S,KH30S,DH31G,TH54S,NH55E,GH100V,DH102V",-2.7728782,-2.2894394,4,0
"3BE1_HL_A|DL28N,PL30A,RL31K,SL32T,TL97S,TL98S,KH30S,DH31G,TH54S,NH55E,GH100V,DH102V,YL36A",-3.190238,-1.5087372,4,0
"3BE1_HL_A|DL28N,PL30A,RL31K,SL32T,TL97S,TL98S,KH30S,DH31G,TH54S,NH55E,GH100V,DH102V,YL36A,IL33A",-2.7728782,-1.5287257,4,0
"3BE1_HL_A|DL28N,PL30A,RL31K,SL32T,YL57F,TL97S,TL98S",-0.8683455,-0.5509388,4,0
"3BE1_HL_A|DL28N,PL30A,RL31K,SL32T,YL57F,TL97S,TL98S,KH30S,DH31G,TH54S,NH55E,GH100V,DH102V",-2.8824897,-2.1320097,4,0
3LZF_AB_HL|DA187E,0.49836498,0.27078015,4,0
"3LZF_AB_HL|DA187E,DA222G",0.12738612,0.5371441,4,0
3LZF_AB_HL|DA222G,0.5378587,0.15609342,4,0
3NGB_HL_G|AH57G,-0.056030333,-0.40830868,4,0
"3NGB_HL_G|AH57G,VH58T,PH63K,VH74T",1.6734211,-0.017072212,4,0
"3NGB_HL_G|CH32S,CH102A",0.25899792,0.43939552,4,0
3NGB_HL_G|DH103A,0.05987142,0.37262455,4,0
3NGB_HL_G|EL88A,1.3199503,0.8178045,4,0
3NGB_HL_G|FL89A,0.85886127,0.44847393,4,0
3NGB_HL_G|GH55A,-1.2766591,0.3460414,4,0
3NGB_HL_G|GH55S,0.74304354,0.16077733,4,0
3NGB_HL_G|GH56A,1.2656107,0.45940036,4,0
3NGB_HL_G|IH30A,-0.0027431613,0.4533676,4,0
3NGB_HL_G|IH30T,0.0733938,-0.085785426,4,0
"3NGB_HL_G|IH30T,KH52N,RH54N,GH55S,AH57G,VH58T,RH62Q,PH63K,VH74T,YH75S,YL26S",0.86214453,1.5636907,4,0
3NGB_HL_G|KH52A,0.62288266,1.2647187,4,0
3NGB_HL_G|KH52N,0.17497002,0.45818612,4,0
3NGB_HL_G|MH70A,0.5305512,0.3797071,4,0
3NGB_HL_G|NH105A,1.1185741,0.30957478,4,0
3NGB_HL_G|NH59A,1.7671243,0.85430664,4,0
3NGB_HL_G|PH63A,-0.04252045,0.029637951,4,0
3NGB_HL_G|PH63K,0.23252328,-0.21799499,4,0
3NGB_HL_G|QH65A,-0.34038836,1.0413917,4,0
3NGB_HL_G|QL25A,-0.23060839,0.7470983,4,0
3NGB_HL_G|RH54A,-0.25938424,0.8094324,4,0
3NGB_HL_G|RH54N,0.04645046,0.58836406,4,0
3NGB_HL_G|RH62A,0.9958448,0.67893714,4,0
3NGB_HL_G|RH62Q,0.09654992,-0.033724945,4,0
3NGB_HL_G|RH72A,1.6432176,1.2453991,4,0
3NGB_HL_G|SL28A,-0.14471176,0.48257017,4,0
3NGB_HL_G|TH33A,0.7071634,1.2020354,4,0
3NGB_HL_G|TH33Y,0.084193856,-1.2220163,4,0
"3NGB_HL_G|TH33Y,GH56S,AH57G,VH58T,PH63K,VH74T,YH75S",1.9381938,-0.11898512,4,0
3NGB_HL_G|VH58A,1.3584284,1.2504562,4,0
3NGB_HL_G|VH58T,0.13787223,0.07212873,4,0
3NGB_HL_G|VH74A,1.087914,0.4226918,4,0
3NGB_HL_G|VH74T,0.16493925,0.10810264,4,0
3NGB_HL_G|VL1A,-0.7733632,0.60454094,4,0
3NGB_HL_G|WH106A,4.0,0.6493376,4,0
3NGB_HL_G|WH47A,1.2021707,0.94887465,4,0
3NGB_HL_G|WH50A,1.2917941,2.1283474,4,0
3NGB_HL_G|YH104A,1.4235861,0.7762829,4,0
3NGB_HL_G|YH60A,0.5484263,0.81342375,4,0
3NGB_HL_G|YH75A,-0.19932224,0.7672773,4,0
3NGB_HL_G|YH75S,0.3325709,0.5419807,4,0
3NGB_HL_G|YL26A,0.98528093,0.6256263,4,0
3NGB_HL_G|YL26S,0.6512687,0.41646698,4,0
3NGB_HL_G|YL87A,2.0227883,1.4384595,4,0
4JPK_HL_A|DA141R,3.857323,-0.0035842834,4,0
"4JPK_HL_A|DA159N,DA33N",0.6189681,0.7794449,4,0
4JPK_HL_A|FA144I,1.3875175,0.2683706,4,0
4JPK_HL_A|FA63L,1.1672868,0.47972268,4,0
4JPK_HL_A|RA130K,0.23006605,0.060674906,4,0
4JPK_HL_A|RA81T,0.75870305,0.3665587,4,0
4JPK_HL_A|SA41G,2.151695,0.2814684,4,0
4JPK_HL_A|TA35S,-0.032093357,-0.23081395,4,0
4JPK_HL_A|VA30N,0.59459484,0.55638397,4,0
"1JRH_LH_I|AI49S,II51T,HI55D",0.070675574,-0.25502127,4,1
"1JRH_LH_I|AI85D,KI88R,EI90K",-0.047747865,-0.07504366,4,1
"1JRH_LH_I|AI93L,VI94M",0.63366294,0.006642297,4,1
1JRH_LH_I|DH56A,1.8860998,2.026443,4,1
1JRH_LH_I|DH57A,1.6660647,0.87874246,4,1
1JRH_LH_I|DH58A,1.8546488,1.0639098,4,1
1JRH_LH_I|DL28A,0.43464687,0.97149205,4,1
1JRH_LH_I|EI35Q,0.09956847,-0.035888623,4,1
1JRH_LH_I|EI45A,-0.5657849,0.22958961,4,1
1JRH_LH_I|EI45P,-3.7881775,0.34832525,4,1
"1JRH_LH_I|EI45P,II47L",-3.4567804,0.79111063,4,1
"1JRH_LH_I|EI45P,II47R",-3.4400978,0.59792703,4,1
1JRH_LH_I|EL27A,0.5426153,0.95405823,4,1
1JRH_LH_I|FH103A,0.0,-0.008495644,4,1
1JRH_LH_I|GI40A,4.0,0.20433816,4,1
1JRH_LH_I|HH107A,1.6977708,0.4597824,4,1
"1JRH_LH_I|II25N,PI27S,VI29T,VI31I",0.14370596,0.23109517,4,1
1JRH_LH_I|KI37A,3.713863,-0.089623615,4,1
1JRH_LH_I|KI37M,3.2923293,-0.009418316,4,1
1JRH_LH_I|KI42A,3.3858175,0.5246401,4,1
1JRH_LH_I|KI42M,4.0,0.44302294,4,1
1JRH_LH_I|KI88A,0.31209365,-0.010913452,4,1
"1JRH_LH_I|MI15L,II18V",-0.21360606,0.43304208,4,1
1JRH_LH_I|NI38A,0.1704579,0.092911735,4,1
1JRH_LH_I|NI38Q,0.5344714,-0.4079511,4,1
1JRH_LH_I|NI43A,4.0,0.162456,4,1
1JRH_LH_I|NI69A,-0.19953421,-0.067144714,4,1
1JRH_LH_I|RH100A,0.5426153,0.8119414,4,1
1JRH_LH_I|RI74A,0.3926171,0.5623661,4,1
1JRH_LH_I|SI44A,0.37771076,0.7037818,4,1
"1JRH_LH_I|SI44G,EI45G,II47R",-3.3777049,0.673341,4,1
"1JRH_LH_I|SI44G,EI45P,II47K",-3.884419,0.49349046,4,1
"1JRH_LH_I|SI61Y,DI62E,HI63Q,VI64I,GI65M,DI66Y,SI68D,NI69V,LI71A",2.9588323,-0.31766054,4,1
1JRH_LH_I|SL93A,-0.65058374,0.027808636,4,1
1JRH_LH_I|TI4V,-0.025565991,0.035585895,4,1
"1JRH_LH_I|TI9L,EI11K",-0.025565991,0.16835408,4,1
1JRH_LH_I|TL94A,0.38526937,0.37825215,4,1
1JRH_LH_I|VI41A,1.6791569,0.12358396,4,1
"1JRH_LH_I|VI73A,RI78K",-0.21360606,-0.2280954,4,1
1JRH_LH_I|WH54A,2.6862645,2.4937704,4,1
1JRH_LH_I|WH55A,2.4213178,1.1658449,4,1
1JRH_LH_I|WI46F,-0.25261214,0.41528565,4,1
1JRH_LH_I|WI46Y,0.29852974,0.20159666,4,1
1JRH_LH_I|WI72A,4.0,0.6589252,4,1
1JRH_LH_I|WI72F,1.102707,0.2826816,4,1
1JRH_LH_I|WI72Y,1.1878273,-0.19806154,4,1
1JRH_LH_I|WL92A,2.818407,0.40822473,4,1
1JRH_LH_I|WL95A,1.6660647,0.23012766,4,1
1JRH_LH_I|YH104A,1.0610564,1.339376,4,1
1JRH_LH_I|YH32A,1.4333102,0.9047427,4,1
1JRH_LH_I|YH60A,1.2555921,1.3950496,4,1
1JRH_LH_I|YI39A,3.5271235,1.1931143,4,1
1JRH_LH_I|YI39F,0.9087807,0.65731984,4,1
1JRH_LH_I|YL30A,1.1084566,0.99360156,4,1
1JRH_LH_I|YL91A,0.58083415,1.6712649,4,1
1KIQ_AB_C|FB101Y,-2.4949589,-0.7988699,4,1
1XGR_AB_C|IB33A,2.260207,2.4165955,4,1
1XGR_AB_C|IB33F,-1.8004549,-0.5746019,4,1
1XGR_AB_C|IB33L,0.061315425,0.59973073,4,1
1XGR_AB_C|IB33V,1.1076277,1.7983377,4,1
2BDN_HL_A|DH31E,1.0852306,0.54205596,4,1
2BDN_HL_A|LH27K,0.8740124,0.6902279,4,1
2BDN_HL_A|LH27R,0.65058374,0.5222594,4,1
2BDN_HL_A|NH28D,0.13214268,-0.22767869,4,1
2BDN_HL_A|NH28Q,1.3994616,0.16399202,4,1
2BDN_HL_A|NL31K,3.4897714,0.32772073,4,1
2BDN_HL_A|NL31R,-0.9171868,0.27291492,4,1
2BDN_HL_A|SL53D,-0.1605731,-0.008338176,4,1
2BDN_HL_A|SL53E,-0.85132045,0.16475195,4,1
2BDN_HL_A|TL56D,-0.4254655,-0.1901619,4,1
2BDN_HL_A|TL56E,-0.6888026,-0.06589766,4,1
2BDN_HL_A|YL30K,0.67475796,1.1788983,4,1
2NYY_DC_A|DA1030A,0.009336901,1.2038381,4,1
2NYY_DC_A|DA1034A,2.5297937,1.5224657,4,1
2NYY_DC_A|DC30Y,0.64113563,0.28615692,4,1
2NYY_DC_A|EA892A,2.839132,0.5289951,4,1
2NYY_DC_A|ED5Q,-0.2479871,0.18639824,4,1
2NYY_DC_A|FA889A,0.4193659,0.5368537,4,1
2NYY_DC_A|FA925A,4.0,1.111479,4,1
2NYY_DC_A|HA1036A,4.0,1.2694161,4,1
2NYY_DC_A|HC34R,0.10088469,0.011655362,4,1
2NYY_DC_A|IA928A,-0.009487502,1.1148336,4,1
2NYY_DC_A|KA1028A,-0.028934313,-0.12117946,4,1
2NYY_DC_A|KA875A,0.29098648,0.3826229,4,1
2NYY_DC_A|KA895A,-0.14014584,-0.046322085,4,1
2NYY_DC_A|KD29R,0.071385965,-0.065291286,4,1
"2NYY_DC_A|KD29S,YD30D,DD31H,SD60P",0.04961051,0.4122655,4,1
2NYY_DC_A|LA891A,2.5892105,0.30792713,4,1
2NYY_DC_A|MD33Q,-0.059869844,-0.019289859,4,1
2NYY_DC_A|NA890A,0.89044046,-0.31826448,4,1
2NYY_DC_A|NA926A,0.09934822,0.4398415,4,1
2NYY_DC_A|QA887A,0.5208145,0.65953124,4,1
2NYY_DC_A|RA1033A,0.82012254,0.42804095,4,1
2NYY_DC_A|RA1266A,0.2995321,0.9491713,4,1
2NYY_DC_A|SA874A,-0.23032175,0.43595043,4,1
2NYY_DC_A|SA927A,0.0,0.74512005,4,1
2NYY_DC_A|SC28Q,0.4133828,0.2566653,4,1
2NYY_DC_A|SC31N,-0.35338265,0.18199772,4,1
2NYY_DC_A|TA1035A,1.630871,0.048885554,4,1
2NYY_DC_A|VD36I,-0.21317148,-0.3075829,4,1
"2NYY_DC_A|VD36I,ED5Q",-0.0490461,-0.15496169,4,1
2NYY_DC_A|YD30D,0.06462482,0.39415622,4,1
2NYY_DC_A|YD30Q,0.12897444,0.73122436,4,1
2NYY_DC_A|YD56Q,0.5196862,0.38562155,4,1
2NZ9_DC_A|DA1030A,-0.031082604,1.2739964,4,1
2NZ9_DC_A|DA1034A,2.3396032,1.5611434,4,1
2NZ9_DC_A|EA892A,2.77036,0.70135677,4,1
2NZ9_DC_A|FA889A,-0.04961051,0.56331915,4,1
2NZ9_DC_A|FA925A,3.340439,1.3247526,4,1
2NZ9_DC_A|HA1036A,4.0,1.07252,4,1
2NZ9_DC_A|IA928A,0.069281444,0.92772776,4,1
2NZ9_DC_A|KA1028A,-0.008714417,-0.21367371,4,1
2NZ9_DC_A|KA875A,0.5407011,0.4390729,4,1
2NZ9_DC_A|KA895A,-0.29975358,-0.09311834,4,1
2NZ9_DC_A|LA891A,2.279965,0.3063491,4,1
2NZ9_DC_A|NA890A,2.1600318,-0.31565583,4,1
2NZ9_DC_A|NA926A,-0.15216734,0.33282244,4,1
2NZ9_DC_A|QA887A,0.09926054,0.6397134,4,1
2NZ9_DC_A|RA1033A,0.29088098,0.38244253,4,1
2NZ9_DC_A|RA1266A,0.39015788,0.7761675,4,1
2NZ9_DC_A|SA874A,-0.11948046,0.35401464,4,1
2NZ9_DC_A|SA927A,-0.078544825,0.7934652,4,1
"2NZ9_DC_A|SD29K,DD30Y,HD31D",-0.04961051,0.2736056,4,1
2NZ9_DC_A|TA1035A,2.3703818,0.12670451,4,1
2VIS_AB_C|IC89T,-4.0,-0.24437296,4,1
"3BE1_HL_A|DL28N,PL30A,RL31K,SL32T,TL97S,TL98S",-0.6860794,-0.77603376,4,1
"3BE1_HL_A|DL28N,PL30A,RL31K,SL32T,TL97S,TL98S,KH30S,DH31G,TH54S,NH55E,GH100V,DH102V",-2.7728782,-2.2618802,4,1
"3BE1_HL_A|DL28N,PL30A,RL31K,SL32T,TL97S,TL98S,KH30S,DH31G,TH54S,NH55E,GH100V,DH102V,YL36A",-3.190238,-1.1859348,4,1
"3BE1_HL_A|DL28N,PL30A,RL31K,SL32T,TL97S,TL98S,KH30S,DH31G,TH54S,NH55E,GH100V,DH102V,YL36A,IL33A",-2.7728782,-0.83627367,4,1
"3BE1_HL_A|DL28N,PL30A,RL31K,SL32T,YL57F,TL97S,TL98S",-0.8683455,-0.63562125,4,1
"3BE1_HL_A|DL28N,PL30A,RL31K,SL32T,YL57F,TL97S,TL98S,KH30S,DH31G,TH54S,NH55E,GH100V,DH102V",-2.8824897,-2.1024928,4,1
3LZF_AB_HL|DA187E,0.49836498,0.36616945,4,1
"3LZF_AB_HL|DA187E,DA222G",0.12738612,1.1274173,4,1
3LZF_AB_HL|DA222G,0.5378587,0.4881333,4,1
3NGB_HL_G|AH57G,-0.056030333,-0.18616596,4,1
"3NGB_HL_G|AH57G,VH58T,PH63K,VH74T",1.6734211,-0.34978867,4,1
"3NGB_HL_G|CH32S,CH102A",0.25899792,-0.10094318,4,1
3NGB_HL_G|DH103A,0.05987142,0.14040619,4,1
3NGB_HL_G|EL88A,1.3199503,0.5349953,4,1
3NGB_HL_G|FL89A,0.85886127,0.9068559,4,1
3NGB_HL_G|GH55A,-1.2766591,0.759839,4,1
3NGB_HL_G|GH55S,0.74304354,0.36615124,4,1
3NGB_HL_G|GH56A,1.2656107,0.7289521,4,1
3NGB_HL_G|IH30A,-0.0027431613,0.43627566,4,1
3NGB_HL_G|IH30T,0.0733938,-0.15556605,4,1
"3NGB_HL_G|IH30T,KH52N,RH54N,GH55S,AH57G,VH58T,RH62Q,PH63K,VH74T,YH75S,YL26S",0.86214453,0.6245612,4,1
3NGB_HL_G|KH52A,0.62288266,0.35682234,4,1
3NGB_HL_G|KH52N,0.17497002,-0.20650706,4,1
3NGB_HL_G|MH70A,0.5305512,0.69812083,4,1
3NGB_HL_G|NH105A,1.1185741,0.046862137,4,1
3NGB_HL_G|NH59A,1.7671243,1.0380352,4,1
3NGB_HL_G|PH63A,-0.04252045,-0.26078263,4,1
3NGB_HL_G|PH63K,0.23252328,-0.033753432,4,1
3NGB_HL_G|QH65A,-0.34038836,0.6558454,4,1
3NGB_HL_G|QL25A,-0.23060839,-0.07303612,4,1
3NGB_HL_G|RH54A,-0.25938424,0.3194833,4,1
3NGB_HL_G|RH54N,0.04645046,0.059434816,4,1
3NGB_HL_G|RH62A,0.9958448,0.3622191,4,1
3NGB_HL_G|RH62Q,0.09654992,-0.12159322,4,1
3NGB_HL_G|RH72A,1.6432176,0.8780457,4,1
3NGB_HL_G|SL28A,-0.14471176,0.29065025,4,1
3NGB_HL_G|TH33A,0.7071634,0.38289222,4,1
3NGB_HL_G|TH33Y,0.084193856,-0.7420718,4,1
"3NGB_HL_G|TH33Y,GH56S,AH57G,VH58T,PH63K,VH74T,YH75S",1.9381938,0.069544524,4,1
3NGB_HL_G|VH58A,1.3584284,0.5446406,4,1
3NGB_HL_G|VH58T,0.13787223,-0.27468553,4,1
3NGB_HL_G|VH74A,1.087914,0.1777645,4,1
3NGB_HL_G|VH74T,0.16493925,-0.21586274,4,1
3NGB_HL_G|VL1A,-0.7733632,-0.15751377,4,1
3NGB_HL_G|WH106A,4.0,0.50526315,4,1
3NGB_HL_G|WH47A,1.2021707,0.66105497,4,1
3NGB_HL_G|WH50A,1.2917941,1.2455256,4,1
3NGB_HL_G|YH104A,1.4235861,0.23417318,4,1
3NGB_HL_G|YH60A,0.5484263,0.51180124,4,1
3NGB_HL_G|YH75A,-0.19932224,0.34502432,4,1
3NGB_HL_G|YH75S,0.3325709,0.017728142,4,1
3NGB_HL_G|YL26A,0.98528093,0.26640302,4,1
3NGB_HL_G|YL26S,0.6512687,0.052587964,4,1
3NGB_HL_G|YL87A,2.0227883,1.7638993,4,1
4JPK_HL_A|DA141R,3.857323,0.43471256,4,1
"4JPK_HL_A|DA159N,DA33N",0.6189681,1.5044279,4,1
4JPK_HL_A|FA144I,1.3875175,1.1623154,4,1
4JPK_HL_A|FA63L,1.1672868,0.7551645,4,1
4JPK_HL_A|RA130K,0.23006605,-0.29282773,4,1
4JPK_HL_A|RA81T,0.75870305,-0.0009843865,4,1
4JPK_HL_A|SA41G,2.151695,0.30414394,4,1
4JPK_HL_A|TA35S,-0.032093357,-0.6797223,4,1
4JPK_HL_A|VA30N,0.59459484,0.53347147,4,1
"1JRH_LH_I|AI49S,II51T,HI55D",0.070675574,0.2631351,4,2
"1JRH_LH_I|AI85D,KI88R,EI90K",-0.047747865,-0.20410532,4,2
"1JRH_LH_I|AI93L,VI94M",0.63366294,-0.38430977,4,2
1JRH_LH_I|DH56A,1.8860998,-0.01319721,4,2
1JRH_LH_I|DH57A,1.6660647,0.22684911,4,2
1JRH_LH_I|DH58A,1.8546488,-0.020724067,4,2
1JRH_LH_I|DL28A,0.43464687,0.0034217425,4,2
1JRH_LH_I|EI35Q,0.09956847,-0.1693787,4,2
1JRH_LH_I|EI45A,-0.5657849,0.07953197,4,2
1JRH_LH_I|EI45P,-3.7881775,-0.10787518,4,2
"1JRH_LH_I|EI45P,II47L",-3.4567804,0.0008986853,4,2
"1JRH_LH_I|EI45P,II47R",-3.4400978,0.06466479,4,2
1JRH_LH_I|EL27A,0.5426153,0.089140855,4,2
1JRH_LH_I|FH103A,0.0,0.104434125,4,2
1JRH_LH_I|GI40A,4.0,0.030623004,4,2
1JRH_LH_I|HH107A,1.6977708,0.04893724,4,2
"1JRH_LH_I|II25N,PI27S,VI29T,VI31I",0.14370596,0.18920887,4,2
1JRH_LH_I|KI37A,3.713863,-0.00450217,4,2
1JRH_LH_I|KI37M,3.2923293,-0.17703354,4,2
1JRH_LH_I|KI42A,3.3858175,0.12906852,4,2
1JRH_LH_I|KI42M,4.0,-0.15922871,4,2
1JRH_LH_I|KI88A,0.31209365,0.014887467,4,2
"1JRH_LH_I|MI15L,II18V",-0.21360606,0.1287601,4,2
1JRH_LH_I|NI38A,0.1704579,0.12797564,4,2
1JRH_LH_I|NI38Q,0.5344714,-0.15462229,4,2
1JRH_LH_I|NI43A,4.0,0.046249844,4,2
1JRH_LH_I|NI69A,-0.19953421,0.21986419,4,2
1JRH_LH_I|RH100A,0.5426153,0.10929207,4,2
1JRH_LH_I|RI74A,0.3926171,-0.034720212,4,2
1JRH_LH_I|SI44A,0.37771076,0.0691371,4,2
"1JRH_LH_I|SI44G,EI45G,II47R",-3.3777049,0.15307796,4,2
"1JRH_LH_I|SI44G,EI45P,II47K",-3.884419,0.10229672,4,2
"1JRH_LH_I|SI61Y,DI62E,HI63Q,VI64I,GI65M,DI66Y,SI68D,NI69V,LI71A",2.9588323,0.20645738,4,2
1JRH_LH_I|SL93A,-0.65058374,-0.023671823,4,2
1JRH_LH_I|TI4V,-0.025565991,-0.20972654,4,2
"1JRH_LH_I|TI9L,EI11K",-0.025565991,0.079973534,4,2
1JRH_LH_I|TL94A,0.38526937,0.28502414,4,2
1JRH_LH_I|VI41A,1.6791569,0.30533126,4,2
"1JRH_LH_I|VI73A,RI78K",-0.21360606,0.023813158,4,2
1JRH_LH_I|WH54A,2.6862645,0.18646455,4,2
1JRH_LH_I|WH55A,2.4213178,0.24318346,4,2
1JRH_LH_I|WI46F,-0.25261214,-0.15937775,4,2
1JRH_LH_I|WI46Y,0.29852974,-0.2081736,4,2
1JRH_LH_I|WI72A,4.0,0.061597027,4,2
1JRH_LH_I|WI72F,1.102707,-0.1922389,4,2
1JRH_LH_I|WI72Y,1.1878273,-0.2542257,4,2
1JRH_LH_I|WL92A,2.818407,-0.054140314,4,2
1JRH_LH_I|WL95A,1.6660647,0.323705,4,2
1JRH_LH_I|YH104A,1.0610564,0.4462658,4,2
1JRH_LH_I|YH32A,1.4333102,0.1863592,4,2
1JRH_LH_I|YH60A,1.2555921,0.08031399,4,2
1JRH_LH_I|YI39A,3.5271235,0.14566028,4,2
1JRH_LH_I|YI39F,0.9087807,-0.10212955,4,2
1JRH_LH_I|YL30A,1.1084566,0.18795246,4,2
1JRH_LH_I|YL91A,0.58083415,0.012903668,4,2
1KIQ_AB_C|FB101Y,-2.4949589,-0.0692174,4,2
1XGR_AB_C|IB33A,2.260207,0.15928951,4,2
1XGR_AB_C|IB33F,-1.8004549,-0.09940237,4,2
1XGR_AB_C|IB33L,0.061315425,-0.1160153,4,2
1XGR_AB_C|IB33V,1.1076277,-0.055634573,4,2
2BDN_HL_A|DH31E,1.0852306,-0.23612696,4,2
2BDN_HL_A|LH27K,0.8740124,-0.1436095,4,2
2BDN_HL_A|LH27R,0.65058374,-0.14674076,4,2
2BDN_HL_A|NH28D,0.13214268,-0.20292565,4,2
2BDN_HL_A|NH28Q,1.3994616,-0.24404165,4,2
2BDN_HL_A|NL31K,3.4897714,0.01765756,4,2
2BDN_HL_A|NL31R,-0.9171868,-0.04396876,4,2
2BDN_HL_A|SL53D,-0.1605731,-0.20867452,4,2
2BDN_HL_A|SL53E,-0.85132045,-0.21892297,4,2
2BDN_HL_A|TL56D,-0.4254655,-0.092482954,4,2
2BDN_HL_A|TL56E,-0.6888026,-0.11244046,4,2
2BDN_HL_A|YL30K,0.67475796,0.012676865,4,2
2NYY_DC_A|DA1030A,0.009336901,0.20438686,4,2
2NYY_DC_A|DA1034A,2.5297937,0.20730779,4,2
2NYY_DC_A|DC30Y,0.64113563,-0.2197217,4,2
2NYY_DC_A|EA892A,2.839132,0.04976692,4,2
2NYY_DC_A|ED5Q,-0.2479871,-0.025734972,4,2
2NYY_DC_A|FA889A,0.4193659,-0.012970639,4,2
2NYY_DC_A|FA925A,4.0,0.15774977,4,2
2NYY_DC_A|HA1036A,4.0,-0.03879483,4,2
2NYY_DC_A|HC34R,0.10088469,0.039500825,4,2
2NYY_DC_A|IA928A,-0.009487502,0.062053084,4,2
2NYY_DC_A|KA1028A,-0.028934313,0.045153446,4,2
2NYY_DC_A|KA875A,0.29098648,0.25127965,4,2
2NYY_DC_A|KA895A,-0.14014584,0.075536154,4,2
2NYY_DC_A|KD29R,0.071385965,-0.11723307,4,2
"2NYY_DC_A|KD29S,YD30D,DD31H,SD60P",0.04961051,0.24120122,4,2
2NYY_DC_A|LA891A,2.5892105,0.07016908,4,2
2NYY_DC_A|MD33Q,-0.059869844,-0.066755526,4,2
2NYY_DC_A|NA890A,0.89044046,0.10999549,4,2
2NYY_DC_A|NA926A,0.09934822,0.06913169,4,2
2NYY_DC_A|QA887A,0.5208145,-0.11654062,4,2
2NYY_DC_A|RA1033A,0.82012254,0.18761548,4,2
2NYY_DC_A|RA1266A,0.2995321,0.20783648,4,2
2NYY_DC_A|SA874A,-0.23032175,-0.029990457,4,2
2NYY_DC_A|SA927A,0.0,0.0544921,4,2
2NYY_DC_A|SC28Q,0.4133828,-0.22315925,4,2
2NYY_DC_A|SC31N,-0.35338265,-0.21843797,4,2
2NYY_DC_A|TA1035A,1.630871,0.09540094,4,2
2NYY_DC_A|VD36I,-0.21317148,-0.05300578,4,2
"2NYY_DC_A|VD36I,ED5Q",-0.0490461,0.026642919,4,2
2NYY_DC_A|YD30D,0.06462482,-0.02690135,4,2
2NYY_DC_A|YD30Q,0.12897444,-0.06757246,4,2
2NYY_DC_A|YD56Q,0.5196862,-0.14685331,4,2
2NZ9_DC_A|DA1030A,-0.031082604,0.20528752,4,2
2NZ9_DC_A|DA1034A,2.3396032,0.27296165,4,2
2NZ9_DC_A|EA892A,2.77036,0.0395516,4,2
2NZ9_DC_A|FA889A,-0.04961051,0.00058215857,4,2
2NZ9_DC_A|FA925A,3.340439,0.1397821,4,2
2NZ9_DC_A|HA1036A,4.0,0.0042640455,4,2
2NZ9_DC_A|IA928A,0.069281444,0.06969536,4,2
2NZ9_DC_A|KA1028A,-0.008714417,0.080319494,4,2
2NZ9_DC_A|KA875A,0.5407011,0.28055525,4,2
2NZ9_DC_A|KA895A,-0.29975358,0.0673191,4,2
2NZ9_DC_A|LA891A,2.279965,0.06813603,4,2
2NZ9_DC_A|NA890A,2.1600318,0.12849396,4,2
2NZ9_DC_A|NA926A,-0.15216734,0.12791276,4,2
2NZ9_DC_A|QA887A,0.09926054,-0.09549839,4,2
2NZ9_DC_A|RA1033A,0.29088098,0.13547489,4,2
2NZ9_DC_A|RA1266A,0.39015788,0.15837398,4,2
2NZ9_DC_A|SA874A,-0.11948046,0.0022420585,4,2
2NZ9_DC_A|SA927A,-0.078544825,0.057181597,4,2
"2NZ9_DC_A|SD29K,DD30Y,HD31D",-0.04961051,-0.079966396,4,2
2NZ9_DC_A|TA1035A,2.3703818,0.13527113,4,2
2VIS_AB_C|IC89T,-4.0,-0.00013925135,4,2
"3BE1_HL_A|DL28N,PL30A,RL31K,SL32T,TL97S,TL98S",-0.6860794,0.5063948,4,2
"3BE1_HL_A|DL28N,PL30A,RL31K,SL32T,TL97S,TL98S,KH30S,DH31G,TH54S,NH55E,GH100V,DH102V",-2.7728782,0.3863613,4,2
"3BE1_HL_A|DL28N,PL30A,RL31K,SL32T,TL97S,TL98S,KH30S,DH31G,TH54S,NH55E,GH100V,DH102V,YL36A",-3.190238,0.7381302,4,2
"3BE1_HL_A|DL28N,PL30A,RL31K,SL32T,TL97S,TL98S,KH30S,DH31G,TH54S,NH55E,GH100V,DH102V,YL36A,IL33A",-2.7728782,1.1042446,4,2
"3BE1_HL_A|DL28N,PL30A,RL31K,SL32T,YL57F,TL97S,TL98S",-0.8683455,0.5837565,4,2
"3BE1_HL_A|DL28N,PL30A,RL31K,SL32T,YL57F,TL97S,TL98S,KH30S,DH31G,TH54S,NH55E,GH100V,DH102V",-2.8824897,0.4477148,4,2
3LZF_AB_HL|DA187E,0.49836498,-0.009286737,4,2
"3LZF_AB_HL|DA187E,DA222G",0.12738612,0.26026338,4,2
3LZF_AB_HL|DA222G,0.5378587,0.29031652,4,2
3NGB_HL_G|AH57G,-0.056030333,-0.42224383,4,2
"3NGB_HL_G|AH57G,VH58T,PH63K,VH74T",1.6734211,0.19911906,4,2
"3NGB_HL_G|CH32S,CH102A",0.25899792,0.40272805,4,2
3NGB_HL_G|DH103A,0.05987142,0.12954187,4,2
3NGB_HL_G|EL88A,1.3199503,0.2458069,4,2
3NGB_HL_G|FL89A,0.85886127,0.23757058,4,2
3NGB_HL_G|GH55A,-1.2766591,0.10992443,4,2
3NGB_HL_G|GH55S,0.74304354,-0.0043197535,4,2
3NGB_HL_G|GH56A,1.2656107,0.099525996,4,2
3NGB_HL_G|IH30A,-0.0027431613,0.03262733,4,2
3NGB_HL_G|IH30T,0.0733938,-0.13304427,4,2
"3NGB_HL_G|IH30T,KH52N,RH54N,GH55S,AH57G,VH58T,RH62Q,PH63K,VH74T,YH75S,YL26S",0.86214453,2.105339,4,2
3NGB_HL_G|KH52A,0.62288266,0.0054159947,4,2
3NGB_HL_G|KH52N,0.17497002,-0.1408734,4,2
3NGB_HL_G|MH70A,0.5305512,0.02734942,4,2
3NGB_HL_G|NH105A,1.1185741,0.35987565,4,2
3NGB_HL_G|NH59A,1.7671243,-0.043853298,4,2
3NGB_HL_G|PH63A,-0.04252045,-0.4116001,4,2
3NGB_HL_G|PH63K,0.23252328,-0.56318814,4,2
3NGB_HL_G|QH65A,-0.34038836,0.051832125,4,2
3NGB_HL_G|QL25A,-0.23060839,0.032147087,4,2
3NGB_HL_G|RH54A,-0.25938424,0.11158433,4,2
3NGB_HL_G|RH54N,0.04645046,-0.015491864,4,2
3NGB_HL_G|RH62A,0.9958448,0.004273262,4,2
3NGB_HL_G|RH62Q,0.09654992,-0.2223737,4,2
3NGB_HL_G|RH72A,1.6432176,0.047294572,4,2
3NGB_HL_G|SL28A,-0.14471176,0.1189023,4,2
3NGB_HL_G|TH33A,0.7071634,0.24765748,4,2
3NGB_HL_G|TH33Y,0.084193856,-0.15827343,4,2
"3NGB_HL_G|TH33Y,GH56S,AH57G,VH58T,PH63K,VH74T,YH75S",1.9381938,0.58796424,4,2
3NGB_HL_G|VH58A,1.3584284,0.16419971,4,2
3NGB_HL_G|VH58T,0.13787223,0.03231471,4,2
3NGB_HL_G|VH74A,1.087914,0.17884526,4,2
3NGB_HL_G|VH74T,0.16493925,-0.007634446,4,2
3NGB_HL_G|VL1A,-0.7733632,-0.0005579889,4,2
3NGB_HL_G|WH106A,4.0,0.11942265,4,2
3NGB_HL_G|WH47A,1.2021707,-0.0052747205,4,2
3NGB_HL_G|WH50A,1.2917941,0.24666673,4,2
3NGB_HL_G|YH104A,1.4235861,0.21297467,4,2
3NGB_HL_G|YH60A,0.5484263,0.0029728785,4,2
3NGB_HL_G|YH75A,-0.19932224,0.066120125,4,2
3NGB_HL_G|YH75S,0.3325709,-0.046271723,4,2
3NGB_HL_G|YL26A,0.98528093,0.16179618,4,2
3NGB_HL_G|YL26S,0.6512687,0.030228786,4,2
3NGB_HL_G|YL87A,2.0227883,0.5141599,4,2
4JPK_HL_A|DA141R,3.857323,-0.03244038,4,2
"4JPK_HL_A|DA159N,DA33N",0.6189681,0.04482501,4,2
4JPK_HL_A|FA144I,1.3875175,-0.13846178,4,2
4JPK_HL_A|FA63L,1.1672868,-0.021724839,4,2
4JPK_HL_A|RA130K,0.23006605,0.00037426502,4,2
4JPK_HL_A|RA81T,0.75870305,-0.014533538,4,2
4JPK_HL_A|SA41G,2.151695,0.13579771,4,2
4JPK_HL_A|TA35S,-0.032093357,-0.2576789,4,2
4JPK_HL_A|VA30N,0.59459484,-0.09486954,4,2
