row_id,ddg_true,ddg_pred,fold,seed
1AHW_AB_C|DC167A,-0.4845926,1.57512,0,0
"1AHW_AB_C|KC138A,DC139A",1.1814722,3.1202552,0,0
"1AHW_AB_C|KC154A,KC155A",-1.329712,2.0554197,0,0
1AHW_AB_C|LC165A,0.9869364,0.5977297,0,0
1AHW_AB_C|NC188A,1.0782224,1.8752633,0,0
"1AHW_AB_C|TC110A,KC111A",0.6388569,1.5407788,0,0
1AHW_AB_C|TC156A,-0.07411996,1.9176645,0,0
1AHW_AB_C|TC159A,1.105771,2.3053043,0,0
1AHW_AB_C|TC186A,1.345882,1.0315819,0,0
1AHW_AB_C|VC187A,-0.31423107,1.2397183,0,0
1AHW_AB_C|YC146A,-1.8890098,2.067864,0,0
1BJ1_HL_VW|HH101Y,-1.5835956,-0.23235464,0,0
"1BJ1_HL_VW|HH101Y,YH103I,GH104A,SH105K",-0.43125325,0.06147307,0,0
"1BJ1_HL_VW|HH101Y,YH103R,GH104N,SH105T",-0.7626503,-0.09972672,0,0
"1BJ1_HL_VW|HH101Y,YH103R,SH105T",-1.173123,-0.8030375,0,0
1BJ1_HL_VW|HH107A,0.78965265,0.17566586,0,0
"1BJ1_HL_VW|LH72I,TH74K",0.076517485,1.4055778,0,0
"1BJ1_HL_VW|LH72V,TH74V",0.6706598,0.58362424,0,0
"1BJ1_HL_VW|ML4L,TH28D,NH31H,HH101Y,SH105T",-1.52138,-1.7502221,0,0
1BJ1_HL_VW|NH31H,-0.7626503,-0.026420623,0,0
1BJ1_HL_VW|SH105T,-0.39039657,0.0077013,0,0
1BJ1_HL_VW|TH28D,-0.22003505,-0.23387775,0,0
"1BJ1_HL_VW|TH28D,NH31H",-0.6929008,-0.40486473,0,0
"1BJ1_HL_VW|TH28D,NH31H,YH54W,HH101Y,SH105T",-1.2034981,-1.1804298,0,0
1BJ1_HL_VW|TH59A,0.85066694,0.9990802,0,0
1BJ1_HL_VW|YH27A,2.2425284,0.3921852,0,0
1BJ1_HL_VW|YH54A,1.3276595,0.789642,0,0
1BJ1_HL_VW|YH54W,-0.13726985,0.062024124,0,0
1BJ1_HL_VW|YH99A,4.0,0.49395967,0,0
1DQJ_AB_C|DB32A,2.0134337,0.31962502,0,0
"1DQJ_AB_C|DB32A,KC97A",1.1223834,0.27599537,0,0
1DQJ_AB_C|DC101A,1.3765504,0.9569309,0,0
1DQJ_AB_C|KC96A,4.0,0.5205899,0,0
1DQJ_AB_C|KC97A,3.5197058,0.45743287,0,0
1DQJ_AB_C|LC75A,1.452407,-0.056493916,0,0
1DQJ_AB_C|NA31A,2.0134337,1.1845787,0,0
1DQJ_AB_C|NA32A,4.0,0.14858809,0,0
"1DQJ_AB_C|NA32A,KC96A",4.0,0.7636117,0,0
1DQJ_AB_C|NC93A,0.64987326,0.039185476,0,0
1DQJ_AB_C|RC21A,1.2137709,0.30697477,0,0
1DQJ_AB_C|SA91A,1.4318883,0.3556187,0,0
"1DQJ_AB_C|SA91A,RC21A",3.1707318,0.57104456,0,0
"1DQJ_AB_C|SA91A,YC20A",3.573092,1.4313903,0,0
1DQJ_AB_C|SC100A,0.7755829,1.5399096,0,0
1DQJ_AB_C|TC89A,0.84084374,0.34833992,0,0
1DQJ_AB_C|WB98A,4.0,1.5605947,0,0
"1DQJ_AB_C|WB98A,KC97A",4.0,1.2385876,0,0
"1DQJ_AB_C|WB98A,SC100A",4.0,3.3809853,0,0
"1DQJ_AB_C|WB98A,YC20A",4.0,1.9612186,0,0
1DQJ_AB_C|WC62A,0.7580786,1.9726954,0,0
1DQJ_AB_C|WC63A,1.3462692,1.0434856,0,0
1DQJ_AB_C|YA50A,2.678299,0.96816814,0,0
1DQJ_AB_C|YA96A,1.135051,1.5735856,0,0
"1DQJ_AB_C|YA96A,RC21A",3.4851997,1.6541432,0,0
"1DQJ_AB_C|YA96A,SC100A",0.91344726,3.6189513,0,0
1DQJ_AB_C|YB33A,4.0,2.9284885,0,0
1DQJ_AB_C|YB50A,4.0,1.9069185,0,0
1DQJ_AB_C|YB53A,1.1802781,0.37070712,0,0
"1DQJ_AB_C|YB53A,DC101A",2.727121,0.26812375,0,0
"1DQJ_AB_C|YB53A,LC75A",1.2168618,-0.11261879,0,0
"1DQJ_AB_C|YB53A,WC62A",1.286308,1.5617305,0,0
"1DQJ_AB_C|YB53A,WC63A",2.1992323,0.55847824,0,0
1DQJ_AB_C|YC20A,3.2857084,0.7358588,0,0
1XGT_AB_C|LB33A,2.1988916,1.7297558,0,0
1XGT_AB_C|LB33F,-1.8617703,-1.7342287,0,0
1XGT_AB_C|LB33I,-0.061315425,-0.08599198,0,0
1XGT_AB_C|LB33V,1.0463123,0.7874012,0,0
"3BDY_HL_V|DL28N,PL30A,RL31K,SL32T,TL97S,TL98S",-0.9690793,-0.92373204,0,0
"3BDY_HL_V|DL28N,PL30A,RL31K,SL32T,TL97S,TL98S,KH31S,DH32G,TH55S,NH56E,GH101V,DH103V",-2.7154896,-2.8491418,0,0
"3BDY_HL_V|DL28N,PL30A,RL31K,SL32T,TL97S,TL98S,KH31S,DH32G,TH55S,NH56E,GH101V,DH103V,RH51A,RH60A",-2.7728782,-1.6115202,0,0
"3BDY_HL_V|DL28N,PL30A,RL31K,SL32T,YL57F,TL97S,TL98S",-0.97316396,-0.80996764,0,0
"3BDY_HL_V|DL28N,PL30A,RL31K,SL32T,YL57F,TL97S,TL98S,KH31S,DH32G,TH55S,NH56E,GH101V,DH103V",-2.727121,-2.7830217,0,0
3HFM_HL_Y|DH32A,1.8982269,0.1117692,0,0
"3HFM_HL_Y|DH32A,KY97A",4.0,0.21751474,0,0
"3HFM_HL_Y|DH32A,KY97M",1.1234494,0.36726382,0,0
3HFM_HL_Y|DH32N,0.17036153,0.040672485,0,0
"3HFM_HL_Y|DH32N,KY97A",4.0,0.19285046,0,0
"3HFM_HL_Y|DH32N,KY97M",0.3025042,0.33270416,0,0
3HFM_HL_Y|DY101A,1.2081919,0.67339194,0,0
3HFM_HL_Y|DY101E,2.132881,0.04022495,0,0
3HFM_HL_Y|DY101F,2.3282614,0.017475352,0,0
3HFM_HL_Y|DY101G,0.35884774,-0.008991204,0,0
3HFM_HL_Y|DY101K,2.1245396,0.33951876,0,0
3HFM_HL_Y|DY101N,1.4911126,0.4614301,0,0
3HFM_HL_Y|DY101Q,2.0851746,-0.37467113,0,0
3HFM_HL_Y|DY101R,2.2798727,0.35465053,0,0
3HFM_HL_Y|DY101S,1.8694,0.032823797,0,0
3HFM_HL_Y|GY102V,0.395285,-0.3033245,0,0
3HFM_HL_Y|HY15A,-0.4453172,0.39496556,0,0
3HFM_HL_Y|IY98A,0.0,0.10924834,0,0
3HFM_HL_Y|KY96A,4.0,0.4569274,0,0
3HFM_HL_Y|KY96M,4.0,0.3953667,0,0
3HFM_HL_Y|KY96R,4.0,0.26794326,0,0
3HFM_HL_Y|KY97A,4.0,0.500396,0,0
3HFM_HL_Y|KY97D,4.0,0.29944623,0,0
3HFM_HL_Y|KY97E,3.6045077,0.23003227,0,0
3HFM_HL_Y|KY97G,4.0,-0.07991841,0,0
3HFM_HL_Y|KY97M,0.9469717,0.76029074,0,0
3HFM_HL_Y|KY97R,3.0528512,-0.24892434,0,0
3HFM_HL_Y|LY75A,0.70445603,-0.02452065,0,0
3HFM_HL_Y|NL31A,4.0,1.3820399,0,0
"3HFM_HL_Y|NL31A,KY96A",4.0,1.4460664,0,0
3HFM_HL_Y|NL31D,1.3434845,0.32540846,0,0
3HFM_HL_Y|NL31E,4.0,0.63915336,0,0
3HFM_HL_Y|NL32A,4.0,0.11123495,0,0
3HFM_HL_Y|NY19D,0.41047263,0.19829775,0,0
3HFM_HL_Y|NY19K,0.2401111,0.6318623,0,0
3HFM_HL_Y|NY19Q,-0.042485796,-0.0955673,0,0
3HFM_HL_Y|NY93A,0.21121821,0.11025361,0,0
3HFM_HL_Y|QL53A,0.9530879,-0.08633703,0,0
3HFM_HL_Y|RY21A,0.8618019,0.44375148,0,0
3HFM_HL_Y|RY21E,2.4534352,0.21620286,0,0
3HFM_HL_Y|RY21G,2.4220753,0.076108396,0,0
3HFM_HL_Y|RY21H,2.1693182,-0.43314722,0,0
3HFM_HL_Y|RY21K,1.766342,0.2259608,0,0
3HFM_HL_Y|RY21M,2.0498905,0.8548722,0,0
3HFM_HL_Y|RY21N,2.3282614,0.25810206,0,0
3HFM_HL_Y|RY21Q,2.3975346,-0.3635769,0,0
3HFM_HL_Y|RY21W,2.132881,0.2517311,0,0
3HFM_HL_Y|RY73A,-0.3313971,0.3217263,0,0
3HFM_HL_Y|SH31A,0.17036153,0.5802623,0,0
3HFM_HL_Y|SY100A,0.26765963,1.1231043,0,0
3HFM_HL_Y|TY89A,0.0,0.48146498,0,0
3HFM_HL_Y|WH98A,4.0,0.86304,0,0
"3HFM_HL_Y|WH98A,KY96A",4.0,0.12274722,0,0
3HFM_HL_Y|WH98F,3.245562,0.33305275,0,0
"3HFM_HL_Y|WH98F,YY20A",4.0,0.81112516,0,0
3HFM_HL_Y|WY63A,0.31918663,1.56737,0,0
3HFM_HL_Y|YH33A,4.0,2.6961837,0,0
"3HFM_HL_Y|YH33A,KY97A",4.0,3.5637026,0,0
3HFM_HL_Y|YH33F,1.0712212,-0.22052029,0,0
3HFM_HL_Y|YH33L,2.0069382,1.0373129,0,0
3HFM_HL_Y|YH33W,1.7495645,0.9966428,0,0
3HFM_HL_Y|YH50A,4.0,1.922876,0,0
"3HFM_HL_Y|YH50A,RY21A",4.0,2.5827045,0,0
3HFM_HL_Y|YH50F,1.6099914,0.20777826,0,0
3HFM_HL_Y|YH50L,2.8488367,0.45902902,0,0
3HFM_HL_Y|YH53A,3.25038,0.53496575,0,0
3HFM_HL_Y|YH53F,0.62049925,0.5950122,0,0
3HFM_HL_Y|YH53L,0.8068894,0.550351,0,0
3HFM_HL_Y|YH53W,0.7061819,0.43435323,0,0
3HFM_HL_Y|YH58A,1.6760437,1.3140703,0,0
3HFM_HL_Y|YH58F,0.36312544,0.33744743,0,0
3HFM_HL_Y|YH58L,1.5136731,0.43507734,0,0
3HFM_HL_Y|YL50A,4.0,0.9767357,0,0
"3HFM_HL_Y|YL50A,KY96A",4.0,1.0691863,0,0
"3HFM_HL_Y|YL50A,KY97A",4.0,1.6140532,0,0
"3HFM_HL_Y|YL50A,RY21A",4.0,1.2982289,0,0
3HFM_HL_Y|YL50F,2.3548672,0.25626442,0,0
"3HFM_HL_Y|YL50F,RY21A",4.0,0.6988741,0,0
"3HFM_HL_Y|YL50F,YY20A",4.0,1.5461061,0,0
3HFM_HL_Y|YL50L,4.0,-0.008025691,0,0
3HFM_HL_Y|YL96A,2.707045,1.4359885,0,0
"3HFM_HL_Y|YL96A,RY21A",4.0,1.9707592,0,0
3HFM_HL_Y|YL96F,1.4017794,0.6360408,0,0
"3HFM_HL_Y|YL96F,RY21A",4.0,1.3369495,0,0
3HFM_HL_Y|YY20A,4.0,1.3239771,0,0
3HFM_HL_Y|YY20F,-0.4839681,0.30398604,0,0
3HFM_HL_Y|YY20L,2.1845057,1.003366,0,0
3SE9_HL_G|DH77A,-0.7664817,0.86398864,0,0
3SE9_HL_G|EL90A,0.41735974,1.1635934,0,0
3SE9_HL_G|FL91A,0.023615688,0.26775995,0,0
3SE9_HL_G|GH106A,-0.3075798,0.35865414,0,0
3SE9_HL_G|GH107A,-0.6151596,0.6794152,0,0
3SE9_HL_G|GH109A,0.18514356,1.0819465,0,0
3SE9_HL_G|GH57A,0.4524448,0.700034,0,0
3SE9_HL_G|GH62A,0.04634,1.1140766,0,0
3SE9_HL_G|GL29A,0.46369976,0.52618086,0,0
3SE9_HL_G|LH34A,0.56599987,1.3107343,0,0
3SE9_HL_G|LL89A,0.964243,0.6853049,0,0
3SE9_HL_G|NH60A,1.5217615,0.92242813,0,0
3SE9_HL_G|PH64A,-0.4419396,0.092763074,0,0
3SE9_HL_G|RH67A,1.4695449,0.93284273,0,0
3SE9_HL_G|RH74A,2.6792572,1.6195189,0,0
3SE9_HL_G|RH76A,-0.2322162,0.7461121,0,0
3SE9_HL_G|TH105A,-0.4419396,0.2576186,0,0
3SE9_HL_G|TH56A,-0.85929936,1.2084614,0,0
3SE9_HL_G|VH55A,-0.85929936,0.5382132,0,0
3SE9_HL_G|VH59A,0.9833596,1.4133663,0,0
3SE9_HL_G|VL3A,-0.49433115,0.5729245,0,0
3SE9_HL_G|WH48A,1.0584464,1.1578908,0,0
3SE9_HL_G|WH51A,1.275695,1.9503607,0,0
3SE9_HL_G|YH104A,0.46369976,0.6749196,0,0
3SE9_HL_G|YL28A,1.1177194,0.4559313,0,0
4U6H_AB_E|NE21A,-0.3480795,0.68966925,0,0
4U6H_AB_E|QE25A,0.11883454,1.6678529,0,0
4ZS6_HL_A|EA156A,3.0386665,0.43834907,0,0
4ZS6_HL_A|YA160A,-0.11025046,3.5663877,0,0
1AHW_AB_C|DC167A,-0.4845926,1.0061277,0,1
"1AHW_AB_C|KC138A,DC139A",1.1814722,1.0430095,0,1
"1AHW_AB_C|KC154A,KC155A",-1.329712,0.3863926,0,1
1AHW_AB_C|LC165A,0.9869364,0.5061991,0,1
1AHW_AB_C|NC188A,1.0782224,1.334359,0,1
"1AHW_AB_C|TC110A,KC111A",0.6388569,0.5342879,0,1
1AHW_AB_C|TC156A,-0.07411996,2.2735898,0,1
1AHW_AB_C|TC159A,1.105771,1.0505689,0,1
1AHW_AB_C|TC186A,1.345882,0.53094614,0,1
1AHW_AB_C|VC187A,-0.31423107,0.11981242,0,1
1AHW_AB_C|YC146A,-1.8890098,0.9402831,0,1
1BJ1_HL_VW|HH101Y,-1.5835956,-0.95632815,0,1
"1BJ1_HL_VW|HH101Y,YH103I,GH104A,SH105K",-0.43125325,-0.47786942,0,1
"1BJ1_HL_VW|HH101Y,YH103R,GH104N,SH105T",-0.7626503,-0.30845124,0,1
"1BJ1_HL_VW|HH101Y,YH103R,SH105T",-1.173123,-0.5899668,0,1
1BJ1_HL_VW|HH107A,0.78965265,0.14053248,0,1
"1BJ1_HL_VW|LH72I,TH74K",0.076517485,1.3110316,0,1
"1BJ1_HL_VW|LH72V,TH74V",0.6706598,0.063637726,0,1
"1BJ1_HL_VW|ML4L,TH28D,NH31H,HH101Y,SH105T",-1.52138,-1.998075,0,1
1BJ1_HL_VW|NH31H,-0.7626503,0.0074070785,0,1
1BJ1_HL_VW|SH105T,-0.39039657,-0.06638275,0,1
1BJ1_HL_VW|TH28D,-0.22003505,-0.42173532,0,1
"1BJ1_HL_VW|TH28D,NH31H",-0.6929008,-0.36258465,0,1
"1BJ1_HL_VW|TH28D,NH31H,YH54W,HH101Y,SH105T",-1.2034981,-1.4485179,0,1
1BJ1_HL_VW|TH59A,0.85066694,0.55432934,0,1
1BJ1_HL_VW|YH27A,2.2425284,0.49410394,0,1
1BJ1_HL_VW|YH54A,1.3276595,0.29052144,0,1
1BJ1_HL_VW|YH54W,-0.13726985,-0.010508532,0,1
1BJ1_HL_VW|YH99A,4.0,0.6493795,0,1
1DQJ_AB_C|DB32A,2.0134337,0.48991475,0,1
"1DQJ_AB_C|DB32A,KC97A",1.1223834,0.40279952,0,1
1DQJ_AB_C|DC101A,1.3765504,1.1001316,0,1
1DQJ_AB_C|KC96A,4.0,0.3315284,0,1
1DQJ_AB_C|KC97A,3.5197058,0.060950316,0,1
1DQJ_AB_C|LC75A,1.452407,0.009398211,0,1
1DQJ_AB_C|NA31A,2.0134337,0.91601884,0,1
1DQJ_AB_C|NA32A,4.0,0.17762406,0,1
"1DQJ_AB_C|NA32A,KC96A",4.0,0.57056075,0,1
1DQJ_AB_C|NC93A,0.64987326,0.251339,0,1
1DQJ_AB_C|RC21A,1.2137709,0.22652756,0,1
1DQJ_AB_C|SA91A,1.4318883,0.87403804,0,1
"1DQJ_AB_C|SA91A,RC21A",3.1707318,0.7136135,0,1
"1DQJ_AB_C|SA91A,YC20A",3.573092,1.7489281,0,1
1DQJ_AB_C|SC100A,0.7755829,1.344169,0,1
1DQJ_AB_C|TC89A,0.84084374,0.6973484,0,1
1DQJ_AB_C|WB98A,4.0,1.3924991,0,1
"1DQJ_AB_C|WB98A,KC97A",4.0,0.9786655,0,1
"1DQJ_AB_C|WB98A,SC100A",4.0,2.970108,0,1
"1DQJ_AB_C|WB98A,YC20A",4.0,2.4308672,0,1
1DQJ_AB_C|WC62A,0.7580786,0.57450145,0,1
1DQJ_AB_C|WC63A,1.3462692,0.34000543,0,1
1DQJ_AB_C|YA50A,2.678299,1.1702737,0,1
1DQJ_AB_C|YA96A,1.135051,1.0230218,0,1
"1DQJ_AB_C|YA96A,RC21A",3.4851997,1.0754842,0,1
"1DQJ_AB_C|YA96A,SC100A",0.91344726,2.8093731,0,1
1DQJ_AB_C|YB33A,4.0,2.7210474,0,1
1DQJ_AB_C|YB50A,4.0,1.0024954,0,1
1DQJ_AB_C|YB53A,1.1802781,0.30941236,0,1
"1DQJ_AB_C|YB53A,DC101A",2.727121,1.0151931,0,1
"1DQJ_AB_C|YB53A,LC75A",1.2168618,-0.092163585,0,1
"1DQJ_AB_C|YB53A,WC62A",1.286308,0.41779453,0,1
"1DQJ_AB_C|YB53A,WC63A",2.1992323,0.083008826,0,1
1DQJ_AB_C|YC20A,3.2857084,1.1872232,0,1
1XGT_AB_C|LB33A,2.1988916,2.1415472,0,1
1XGT_AB_C|LB33F,-1.8617703,-1.5471722,0,1
1XGT_AB_C|LB33I,-0.061315425,-0.023720438,0,1
1XGT_AB_C|LB33V,1.0463123,1.1904864,0,1
"3BDY_HL_V|DL28N,PL30A,RL31K,SL32T,TL97S,TL98S",-0.9690793,-1.0265946,0,1
"3BDY_HL_V|DL28N,PL30A,RL31K,SL32T,TL97S,TL98S,KH31S,DH32G,TH55S,NH56E,GH101V,DH103V",-2.7154896,-3.1532218,0,1
"3BDY_HL_V|DL28N,PL30A,RL31K,SL32T,TL97S,TL98S,KH31S,DH32G,TH55S,NH56E,GH101V,DH103V,RH51A,RH60A",-2.7728782,-3.0626314,0,1
"3BDY_HL_V|DL28N,PL30A,RL31K,SL32T,YL57F,TL97S,TL98S",-0.97316396,-0.7107299,0,1
"3BDY_HL_V|DL28N,PL30A,RL31K,SL32T,YL57F,TL97S,TL98S,KH31S,DH32G,TH55S,NH56E,GH101V,DH103V",-2.727121,-2.764448,0,1
3HFM_HL_Y|DH32A,1.8982269,0.20711452,0,1
"3HFM_HL_Y|DH32A,KY97A",4.0,0.2501774,0,1
"3HFM_HL_Y|DH32A,KY97M",1.1234494,0.10252436,0,1
3HFM_HL_Y|DH32N,0.17036153,0.04305674,0,1
"3HFM_HL_Y|DH32N,KY97A",4.0,0.16522688,0,1
"3HFM_HL_Y|DH32N,KY97M",0.3025042,0.0320857,0,1
3HFM_HL_Y|DY101A,1.2081919,0.2925824,0,1
3HFM_HL_Y|DY101E,2.132881,-0.21871252,0,1
3HFM_HL_Y|DY101F,2.3282614,-0.20741688,0,1
3HFM_HL_Y|DY101G,0.35884774,0.16796818,0,1
3HFM_HL_Y|DY101K,2.1245396,0.07525,0,1
3HFM_HL_Y|DY101N,1.4911126,0.05239494,0,1
3HFM_HL_Y|DY101Q,2.0851746,-0.20753087,0,1
3HFM_HL_Y|DY101R,2.2798727,-0.004589135,0,1
3HFM_HL_Y|DY101S,1.8694,-0.12423431,0,1
3HFM_HL_Y|GY102V,0.395285,-0.05225438,0,1
3HFM_HL_Y|HY15A,-0.4453172,0.6059806,0,1
3HFM_HL_Y|IY98A,0.0,0.24763131,0,1
3HFM_HL_Y|KY96A,4.0,0.15982679,0,1
3HFM_HL_Y|KY96M,4.0,0.012035852,0,1
3HFM_HL_Y|KY96R,4.0,-0.07259865,0,1
3HFM_HL_Y|KY97A,4.0,0.049859248,0,1
3HFM_HL_Y|KY97D,4.0,-0.22793144,0,1
3HFM_HL_Y|KY97E,3.6045077,-0.15105626,0,1
3HFM_HL_Y|KY97G,4.0,0.02652602,0,1
3HFM_HL_Y|KY97M,0.9469717,-0.14401978,0,1
3HFM_HL_Y|KY97R,3.0528512,-0.44790015,0,1
3HFM_HL_Y|LY75A,0.70445603,0.0024671387,0,1
3HFM_HL_Y|NL31A,4.0,0.7982949,0,1
"3HFM_HL_Y|NL31A,KY96A",4.0,0.8849983,0,1
3HFM_HL_Y|NL31D,1.3434845,0.21754438,0,1
3HFM_HL_Y|NL31E,4.0,0.2464909,0,1
3HFM_HL_Y|NL32A,4.0,0.18392085,0,1
3HFM_HL_Y|NY19D,0.41047263,0.1906895,0,1
3HFM_HL_Y|NY19K,0.2401111,0.5377372,0,1
3HFM_HL_Y|NY19Q,-0.042485796,0.045954898,0,1
3HFM_HL_Y|NY93A,0.21121821,0.17585747,0,1
3HFM_HL_Y|QL53A,0.9530879,0.0030767843,0,1
3HFM_HL_Y|RY21A,0.8618019,0.20628598,0,1
3HFM_HL_Y|RY21E,2.4534352,-0.31563544,0,1
3HFM_HL_Y|RY21G,2.4220753,-0.03798292,0,1
3HFM_HL_Y|RY21H,2.1693182,-0.5789386,0,1
3HFM_HL_Y|RY21K,1.766342,0.2986239,0,1
3HFM_HL_Y|RY21M,2.0498905,0.070200585,0,1
3HFM_HL_Y|RY21N,2.3282614,-0.077555135,0,1
3HFM_HL_Y|RY21Q,2.3975346,-0.45960942,0,1
3HFM_HL_Y|RY21W,2.132881,-0.01613505,0,1
3HFM_HL_Y|RY73A,-0.3313971,0.06764013,0,1
3HFM_HL_Y|SH31A,0.17036153,0.39443117,0,1
3HFM_HL_Y|SY100A,0.26765963,0.66661525,0,1
3HFM_HL_Y|TY89A,0.0,0.78115237,0,1
3HFM_HL_Y|WH98A,4.0,0.970603,0,1
"3HFM_HL_Y|WH98A,KY96A",4.0,0.7794639,0,1
3HFM_HL_Y|WH98F,3.245562,0.19634767,0,1
"3HFM_HL_Y|WH98F,YY20A",4.0,1.4194969,0,1
3HFM_HL_Y|WY63A,0.31918663,0.6268348,0,1
3HFM_HL_Y|YH33A,4.0,2.159937,0,1
"3HFM_HL_Y|YH33A,KY97A",4.0,1.6164423,0,1
3HFM_HL_Y|YH33F,1.0712212,-0.5527329,0,1
3HFM_HL_Y|YH33L,2.0069382,0.29745847,0,1
3HFM_HL_Y|YH33W,1.7495645,0.32449323,0,1
3HFM_HL_Y|YH50A,4.0,1.388747,0,1
"3HFM_HL_Y|YH50A,RY21A",4.0,1.6958042,0,1
3HFM_HL_Y|YH50F,1.6099914,0.198952,0,1
3HFM_HL_Y|YH50L,2.8488367,0.46412385,0,1
3HFM_HL_Y|YH53A,3.25038,0.3055815,0,1
3HFM_HL_Y|YH53F,0.62049925,0.12112931,0,1
3HFM_HL_Y|YH53L,0.8068894,0.1725925,0,1
3HFM_HL_Y|YH53W,0.7061819,-0.01027154,0,1
3HFM_HL_Y|YH58A,1.6760437,1.1322565,0,1
3HFM_HL_Y|YH58F,0.36312544,0.21272834,0,1
3HFM_HL_Y|YH58L,1.5136731,0.5632488,0,1
3HFM_HL_Y|YL50A,4.0,0.72871995,0,1
"3HFM_HL_Y|YL50A,KY96A",4.0,0.8028792,0,1
"3HFM_HL_Y|YL50A,KY97A",4.0,0.6826609,0,1
"3HFM_HL_Y|YL50A,RY21A",4.0,0.91689616,0,1
3HFM_HL_Y|YL50F,2.3548672,0.2613441,0,1
"3HFM_HL_Y|YL50F,RY21A",4.0,0.5294176,0,1
"3HFM_HL_Y|YL50F,YY20A",4.0,1.5700495,0,1
3HFM_HL_Y|YL50L,4.0,0.10685884,0,1
3HFM_HL_Y|YL96A,2.707045,1.0144104,0,1
"3HFM_HL_Y|YL96A,RY21A",4.0,1.2780722,0,1
3HFM_HL_Y|YL96F,1.4017794,0.06880275,0,1
"3HFM_HL_Y|YL96F,RY21A",4.0,0.3273962,0,1
3HFM_HL_Y|YY20A,4.0,1.1858488,0,1
3HFM_HL_Y|YY20F,-0.4839681,-0.06969181,0,1
3HFM_HL_Y|YY20L,2.1845057,0.86710054,0,1
3SE9_HL_G|DH77A,-0.7664817,0.24563268,0,1
3SE9_HL_G|EL90A,0.41735974,1.1117966,0,1
3SE9_HL_G|FL91A,0.023615688,0.7793861,0,1
3SE9_HL_G|GH106A,-0.3075798,0.49915472,0,1
3SE9_HL_G|GH107A,-0.6151596,0.55023587,0,1
3SE9_HL_G|GH109A,0.18514356,0.76211977,0,1
3SE9_HL_G|GH57A,0.4524448,0.8144566,0,1
3SE9_HL_G|GH62A,0.04634,0.8317289,0,1
3SE9_HL_G|GL29A,0.46369976,0.2524235,0,1
3SE9_HL_G|LH34A,0.56599987,0.955018,0,1
3SE9_HL_G|LL89A,0.964243,1.0166038,0,1
3SE9_HL_G|NH60A,1.5217615,0.8091938,0,1
3SE9_HL_G|PH64A,-0.4419396,-0.09528659,0,1
3SE9_HL_G|RH67A,1.4695449,0.16035621,0,1
3SE9_HL_G|RH74A,2.6792572,1.2927504,0,1
3SE9_HL_G|RH76A,-0.2322162,0.1752718,0,1
3SE9_HL_G|TH105A,-0.4419396,-0.19478227,0,1
3SE9_HL_G|TH56A,-0.85929936,0.06501066,0,1
3SE9_HL_G|VH55A,-0.85929936,0.3218413,0,1
3SE9_HL_G|VH59A,0.9833596,1.0416043,0,1
3SE9_HL_G|VL3A,-0.49433115,0.16872205,0,1
3SE9_HL_G|WH48A,1.0584464,1.525017,0,1
3SE9_HL_G|WH51A,1.275695,1.5013651,0,1
3SE9_HL_G|YH104A,0.46369976,1.6822915,0,1
3SE9_HL_G|YL28A,1.1177194,0.945657,0,1
4U6H_AB_E|NE21A,-0.3480795,0.3268533,0,1
4U6H_AB_E|QE25A,0.11883454,1.1167353,0,1
4ZS6_HL_A|EA156A,3.0386665,0.984309,0,1
4ZS6_HL_A|YA160A,-0.11025046,2.2091277,0,1
1AHW_AB_C|DC167A,-0.4845926,1.4983896,0,2
"1AHW_AB_C|KC138A,DC139A",1.1814722,1.7980927,0,2
"1AHW_AB_C|KC154A,KC155A",-1.329712,1.8925211,0,2
1AHW_AB_C|LC165A,0.9869364,0.69305587,0,2
1AHW_AB_C|NC188A,1.0782224,1.3483694,0,2
"1AHW_AB_C|TC110A,KC111A",0.6388569,1.9348282,0,2
1AHW_AB_C|TC156A,-0.07411996,1.3619924,0,2
1AHW_AB_C|TC159A,1.105771,2.1574712,0,2
1AHW_AB_C|TC186A,1.345882,1.9356952,0,2
1AHW_AB_C|VC187A,-0.31423107,0.8559754,0,2
1AHW_AB_C|YC146A,-1.8890098,1.9592836,0,2
1BJ1_HL_VW|HH101Y,-1.5835956,-0.34388176,0,2
"1BJ1_HL_VW|HH101Y,YH103I,GH104A,SH105K",-0.43125325,1.6844214,0,2
"1BJ1_HL_VW|HH101Y,YH103R,GH104N,SH105T",-0.7626503,0.6305306,0,2
"1BJ1_HL_VW|HH101Y,YH103R,SH105T",-1.173123,0.15592843,0,2
1BJ1_HL_VW|HH107A,0.78965265,0.36354044,0,2
"1BJ1_HL_VW|LH72I,TH74K",0.076517485,0.5705464,0,2
"1BJ1_HL_VW|LH72V,TH74V",0.6706598,0.11740074,0,2
"1BJ1_HL_VW|ML4L,TH28D,NH31H,HH101Y,SH105T",-1.52138,-1.8634323,0,2
1BJ1_HL_VW|NH31H,-0.7626503,-0.2560804,0,2
1BJ1_HL_VW|SH105T,-0.39039657,-0.06518205,0,2
1BJ1_HL_VW|TH28D,-0.22003505,-0.6801836,0,2
"1BJ1_HL_VW|TH28D,NH31H",-0.6929008,-1.0906941,0,2
"1BJ1_HL_VW|TH28D,NH31H,YH54W,HH101Y,SH105T",-1.2034981,-1.3646574,0,2
1BJ1_HL_VW|TH59A,0.85066694,0.915787,0,2
1BJ1_HL_VW|YH27A,2.2425284,0.673756,0,2
1BJ1_HL_VW|YH54A,1.3276595,0.3206153,0,2
1BJ1_HL_VW|YH54W,-0.13726985,-0.1230636,0,2
1BJ1_HL_VW|YH99A,4.0,1.154638,0,2
1DQJ_AB_C|DB32A,2.0134337,0.60403794,0,2
"1DQJ_AB_C|DB32A,KC97A",1.1223834,1.3456048,0,2
1DQJ_AB_C|DC101A,1.3765504,0.33215344,0,2
1DQJ_AB_C|KC96A,4.0,0.75359136,0,2
1DQJ_AB_C|KC97A,3.5197058,0.7276704,0,2
1DQJ_AB_C|LC75A,1.452407,-0.048865348,0,2
1DQJ_AB_C|NA31A,2.0134337,0.4520819,0,2
1DQJ_AB_C|NA32A,4.0,0.16719227,0,2
"1DQJ_AB_C|NA32A,KC96A",4.0,1.5628892,0,2
1DQJ_AB_C|NC93A,0.64987326,0.36480463,0,2
1DQJ_AB_C|RC21A,1.2137709,0.19440785,0,2
1DQJ_AB_C|SA91A,1.4318883,0.2617297,0,2
"1DQJ_AB_C|SA91A,RC21A",3.1707318,0.16185021,0,2
"1DQJ_AB_C|SA91A,YC20A",3.573092,1.0006577,0,2
1DQJ_AB_C|SC100A,0.7755829,0.50065804,0,2
1DQJ_AB_C|TC89A,0.84084374,0.7039641,0,2
1DQJ_AB_C|WB98A,4.0,0.7949048,0,2
"1DQJ_AB_C|WB98A,KC97A",4.0,1.4921587,0,2
"1DQJ_AB_C|WB98A,SC100A",4.0,1.254953,0,2
"1DQJ_AB_C|WB98A,YC20A",4.0,2.0009446,0,2
1DQJ_AB_C|WC62A,0.7580786,1.8204144,0,2
1DQJ_AB_C|WC63A,1.3462692,0.87501496,0,2
1DQJ_AB_C|YA50A,2.678299,1.0396295,0,2
1DQJ_AB_C|YA96A,1.135051,1.7235078,0,2
"1DQJ_AB_C|YA96A,RC21A",3.4851997,1.4436044,0,2
"1DQJ_AB_C|YA96A,SC100A",0.91344726,2.7955964,0,2
1DQJ_AB_C|YB33A,4.0,3.2120993,0,2
1DQJ_AB_C|YB50A,4.0,1.3632044,0,2
1DQJ_AB_C|YB53A,1.1802781,0.6103946,0,2
"1DQJ_AB_C|YB53A,DC101A",2.727121,0.7254377,0,2
"1DQJ_AB_C|YB53A,LC75A",1.2168618,0.20575246,0,2
"1DQJ_AB_C|YB53A,WC62A",1.286308,2.2761223,0,2
"1DQJ_AB_C|YB53A,WC63A",2.1992323,0.851754,0,2
1DQJ_AB_C|YC20A,3.2857084,1.1956469,0,2
1XGT_AB_C|LB33A,2.1988916,2.1250327,0,2
1XGT_AB_C|LB33F,-1.8617703,-1.8778216,0,2
1XGT_AB_C|LB33I,-0.061315425,-0.04073327,0,2
1XGT_AB_C|LB33V,1.0463123,0.869723,0,2
"3BDY_HL_V|DL28N,PL30A,RL31K,SL32T,TL97S,TL98S",-0.9690793,-1.6270653,0,2
"3BDY_HL_V|DL28N,PL30A,RL31K,SL32T,TL97S,TL98S,KH31S,DH32G,TH55S,NH56E,GH101V,DH103V",-2.7154896,-3.403283,0,2
"3BDY_HL_V|DL28N,PL30A,RL31K,SL32T,TL97S,TL98S,KH31S,DH32G,TH55S,NH56E,GH101V,DH103V,RH51A,RH60A",-2.7728782,-2.6258547,0,2
"3BDY_HL_V|DL28N,PL30A,RL31K,SL32T,YL57F,TL97S,TL98S",-0.97316396,-1.2261993,0,2
"3BDY_HL_V|DL28N,PL30A,RL31K,SL32T,YL57F,TL97S,TL98S,KH31S,DH32G,TH55S,NH56E,GH101V,DH103V",-2.727121,-3.071387,0,2
3HFM_HL_Y|DH32A,1.8982269,0.05667913,0,2
"3HFM_HL_Y|DH32A,KY97A",4.0,0.632468,0,2
"3HFM_HL_Y|DH32A,KY97M",1.1234494,0.79538906,0,2
3HFM_HL_Y|DH32N,0.17036153,0.10232483,0,2
"3HFM_HL_Y|DH32N,KY97A",4.0,0.6296611,0,2
"3HFM_HL_Y|DH32N,KY97M",0.3025042,0.76131725,0,2
3HFM_HL_Y|DY101A,1.2081919,1.1753061,0,2
3HFM_HL_Y|DY101E,2.132881,0.081940345,0,2
3HFM_HL_Y|DY101F,2.3282614,0.082158424,0,2
3HFM_HL_Y|DY101G,0.35884774,0.049650088,0,2
3HFM_HL_Y|DY101K,2.1245396,0.5653471,0,2
3HFM_HL_Y|DY101N,1.4911126,1.0854051,0,2
3HFM_HL_Y|DY101Q,2.0851746,-0.045651376,0,2
3HFM_HL_Y|DY101R,2.2798727,0.33707422,0,2
3HFM_HL_Y|DY101S,1.8694,0.60382384,0,2
3HFM_HL_Y|GY102V,0.395285,-0.38794303,0,2
3HFM_HL_Y|HY15A,-0.4453172,1.1394653,0,2
3HFM_HL_Y|IY98A,0.0,0.42557126,0,2
3HFM_HL_Y|KY96A,4.0,1.0262787,0,2
3HFM_HL_Y|KY96M,4.0,0.61451745,0,2
3HFM_HL_Y|KY96R,4.0,0.255509,0,2
3HFM_HL_Y|KY97A,4.0,1.0207106,0,2
3HFM_HL_Y|KY97D,4.0,0.8533572,0,2
3HFM_HL_Y|KY97E,3.6045077,0.99489385,0,2
3HFM_HL_Y|KY97G,4.0,0.7108018,0,2
3HFM_HL_Y|KY97M,0.9469717,1.2388633,0,2
3HFM_HL_Y|KY97R,3.0528512,0.21795152,0,2
3HFM_HL_Y|LY75A,0.70445603,0.23651822,0,2
3HFM_HL_Y|NL31A,4.0,0.8075724,0,2
"3HFM_HL_Y|NL31A,KY96A",4.0,2.3083327,0,2
3HFM_HL_Y|NL31D,1.3434845,-0.035533875,0,2
3HFM_HL_Y|NL31E,4.0,0.3815744,0,2
3HFM_HL_Y|NL32A,4.0,0.18406872,0,2
3HFM_HL_Y|NY19D,0.41047263,0.37659433,0,2
3HFM_HL_Y|NY19K,0.2401111,0.35263366,0,2
3HFM_HL_Y|NY19Q,-0.042485796,0.31293923,0,2
3HFM_HL_Y|NY93A,0.21121821,0.33533442,0,2
3HFM_HL_Y|QL53A,0.9530879,0.047935523,0,2
3HFM_HL_Y|RY21A,0.8618019,0.35599282,0,2
3HFM_HL_Y|RY21E,2.4534352,0.011487631,0,2
3HFM_HL_Y|RY21G,2.4220753,-0.07684597,0,2
3HFM_HL_Y|RY21H,2.1693182,-0.28364688,0,2
3HFM_HL_Y|RY21K,1.766342,0.015038757,0,2
3HFM_HL_Y|RY21M,2.0498905,0.3262282,0,2
3HFM_HL_Y|RY21N,2.3282614,0.1477104,0,2
3HFM_HL_Y|RY21Q,2.3975346,-0.14914559,0,2
3HFM_HL_Y|RY21W,2.132881,-0.015710648,0,2
3HFM_HL_Y|RY73A,-0.3313971,0.80909956,0,2
3HFM_HL_Y|SH31A,0.17036153,0.29066435,0,2
3HFM_HL_Y|SY100A,0.26765963,0.41624573,0,2
3HFM_HL_Y|TY89A,0.0,0.9356053,0,2
3HFM_HL_Y|WH98A,4.0,1.1255308,0,2
"3HFM_HL_Y|WH98A,KY96A",4.0,2.0049558,0,2
3HFM_HL_Y|WH98F,3.245562,0.5610764,0,2
"3HFM_HL_Y|WH98F,YY20A",4.0,1.9979144,0,2
3HFM_HL_Y|WY63A,0.31918663,1.7201688,0,2
3HFM_HL_Y|YH33A,4.0,2.0463276,0,2
"3HFM_HL_Y|YH33A,KY97A",4.0,3.6876855,0,2
3HFM_HL_Y|YH33F,1.0712212,-0.5632228,0,2
3HFM_HL_Y|YH33L,2.0069382,1.0421077,0,2
3HFM_HL_Y|YH33W,1.7495645,0.6733736,0,2
3HFM_HL_Y|YH50A,4.0,1.6724683,0,2
"3HFM_HL_Y|YH50A,RY21A",4.0,2.167836,0,2
3HFM_HL_Y|YH50F,1.6099914,0.29342353,0,2
3HFM_HL_Y|YH50L,2.8488367,1.0372413,0,2
3HFM_HL_Y|YH53A,3.25038,0.91528296,0,2
3HFM_HL_Y|YH53F,0.62049925,0.57543063,0,2
3HFM_HL_Y|YH53L,0.8068894,0.948553,0,2
3HFM_HL_Y|YH53W,0.7061819,0.050526917,0,2
3HFM_HL_Y|YH58A,1.6760437,1.0422852,0,2
3HFM_HL_Y|YH58F,0.36312544,0.26890302,0,2
3HFM_HL_Y|YH58L,1.5136731,0.47853303,0,2
3HFM_HL_Y|YL50A,4.0,0.49529564,0,2
"3HFM_HL_Y|YL50A,KY96A",4.0,1.0772948,0,2
"3HFM_HL_Y|YL50A,KY97A",4.0,1.430893,0,2
"3HFM_HL_Y|YL50A,RY21A",4.0,0.57709616,0,2
3HFM_HL_Y|YL50F,2.3548672,0.31800902,0,2
"3HFM_HL_Y|YL50F,RY21A",4.0,0.37320918,0,2
"3HFM_HL_Y|YL50F,YY20A",4.0,1.1738874,0,2
3HFM_HL_Y|YL50L,4.0,0.16719845,0,2
3HFM_HL_Y|YL96A,2.707045,1.8900975,0,2
"3HFM_HL_Y|YL96A,RY21A",4.0,2.416345,0,2
3HFM_HL_Y|YL96F,1.4017794,0.66762435,0,2
"3HFM_HL_Y|YL96F,RY21A",4.0,1.1258044,0,2
3HFM_HL_Y|YY20A,4.0,1.2554395,0,2
3HFM_HL_Y|YY20F,-0.4839681,0.29536486,0,2
3HFM_HL_Y|YY20L,2.1845057,1.0877432,0,2
3SE9_HL_G|DH77A,-0.7664817,0.42077976,0,2
3SE9_HL_G|EL90A,0.41735974,1.2157648,0,2
3SE9_HL_G|FL91A,0.023615688,0.46413428,0,2
3SE9_HL_G|GH106A,-0.3075798,0.92020583,0,2
3SE9_HL_G|GH107A,-0.6151596,0.19359691,0,2
3SE9_HL_G|GH109A,0.18514356,1.2441175,0,2
3SE9_HL_G|GH57A,0.4524448,1.0260373,0,2
3SE9_HL_G|GH62A,0.04634,0.44456878,0,2
3SE9_HL_G|GL29A,0.46369976,0.67422134,0,2
3SE9_HL_G|LH34A,0.56599987,1.007719,0,2
3SE9_HL_G|LL89A,0.964243,0.599364,0,2
3SE9_HL_G|NH60A,1.5217615,1.14755,0,2
3SE9_HL_G|PH64A,-0.4419396,-0.1260739,0,2
3SE9_HL_G|RH67A,1.4695449,0.17252898,0,2
3SE9_HL_G|RH74A,2.6792572,1.2589192,0,2
3SE9_HL_G|RH76A,-0.2322162,0.26698467,0,2
3SE9_HL_G|TH105A,-0.4419396,0.121564575,0,2
3SE9_HL_G|TH56A,-0.85929936,0.5948723,0,2
3SE9_HL_G|VH55A,-0.85929936,0.45071194,0,2
3SE9_HL_G|VH59A,0.9833596,1.3925478,0,2
3SE9_HL_G|VL3A,-0.49433115,0.63869697,0,2
3SE9_HL_G|WH48A,1.0584464,1.3860567,0,2
3SE9_HL_G|WH51A,1.275695,1.7657373,0,2
3SE9_HL_G|YH104A,0.46369976,2.0323555,0,2
3SE9_HL_G|YL28A,1.1177194,1.4341251,0,2
4U6H_AB_E|NE21A,-0.3480795,0.9340921,0,2
4U6H_AB_E|QE25A,0.11883454,1.3948597,0,2
4ZS6_HL_A|EA156A,3.0386665,0.19686979,0,2
4ZS6_HL_A|YA160A,-0.11025046,1.8734809,0,2
1KIP_AB_C|AB32Y,-0.8005932,-1.7361054,1,0
1XGU_AB_C|FB33A,4.0,2.288292,1,0
1XGU_AB_C|FB33I,1.8004549,0.988829,1,0
1XGU_AB_C|FB33L,1.8617703,0.97049314,1,0
1XGU_AB_C|FB33V,2.9080825,1.3519381,1,0
2B2X_HL_A|EH64K,-0.033433665,0.6088101,1,0
"2B2X_HL_A|EH64K,QL28S,YL52N",0.911615,1.0037419,1,0
"2B2X_HL_A|EH64K,QL28S,YL52N,GH102S",2.7106705,1.2268665,1,0
"2B2X_HL_A|EH64K,QL28S,YL52N,SH35A",3.119054,2.0293465,1,0
"2B2X_HL_A|EH64K,QL28S,YL52N,SH35V",3.770335,1.799922,1,0
"2B2X_HL_A|EH64K,YL52N",0.34853002,1.0291601,1,0
"2B2X_HL_A|QL28S,YL52N",0.8626942,0.48805064,1,0
2B2X_HL_A|VH50T,0.024054652,-0.46799362,1,0
"2B2X_HL_A|VH50T,EH64D,QL28S,YL52N",0.87177193,0.32297713,1,0
"2B2X_HL_A|VH50T,EH64K,QL28S",0.991589,0.33491212,1,0
"2B2X_HL_A|VH50T,EH64K,QL28S,YL52D",1.5439764,0.6115256,1,0
"2B2X_HL_A|VH50T,EH64K,QL28S,YL52E",0.95452905,0.81962705,1,0
"2B2X_HL_A|VH50T,EH64K,QL28S,YL52K",1.7007239,1.6423581,1,0
"2B2X_HL_A|VH50T,EH64K,QL28S,YL52N",1.043214,0.86715066,1,0
"2B2X_HL_A|VH50T,EH64K,QL28S,YL52N,FH99W",1.043214,0.42205694,1,0
"2B2X_HL_A|VH50T,EH64K,QL28S,YL52N,FH99Y",1.7978828,0.03052767,1,0
"2B2X_HL_A|VH50T,EH64K,QL28S,YL52N,GH100F",1.4322319,1.2475281,1,0
"2B2X_HL_A|VH50T,EH64K,QL28S,YL52N,GH100L",3.770335,1.7809436,1,0
"2B2X_HL_A|VH50T,EH64K,QL28S,YL52N,GH100M",1.145348,1.6019272,1,0
"2B2X_HL_A|VH50T,EH64K,QL28S,YL52N,GH100S",1.6009614,1.6084881,1,0
"2B2X_HL_A|VH50T,EH64K,QL28S,YL52N,GH53A",1.5558206,1.9631019,1,0
"2B2X_HL_A|VH50T,EH64K,QL28S,YL52N,GH53N",2.2985272,1.2394553,1,0
"2B2X_HL_A|VH50T,EH64K,QL28S,YL52N,GH53S",1.7188073,1.2817466,1,0
"2B2X_HL_A|VH50T,EH64K,QL28S,YL52N,GH54I",2.4067745,1.5091423,1,0
"2B2X_HL_A|VH50T,EH64K,QL28S,YL52N,GH54T",2.2073808,1.7026341,1,0
"2B2X_HL_A|VH50T,EH64K,QL28S,YL52N,GH54Y",1.043214,0.31357104,1,0
"2B2X_HL_A|VH50T,EH64K,QL28S,YL52N,GL92Q",2.6158988,1.7337809,1,0
"2B2X_HL_A|VH50T,EH64K,QL28S,YL52N,GL92S",1.5558206,1.4125241,1,0
"2B2X_HL_A|VH50T,EH64K,QL28S,YL52N,HL31K",2.2073808,1.598132,1,0
"2B2X_HL_A|VH50T,EH64K,QL28S,YL52N,HL31R",2.1670115,0.7612173,1,0
"2B2X_HL_A|VH50T,EH64K,QL28S,YL52N,HL31W",2.2985272,0.82411164,1,0
"2B2X_HL_A|VH50T,EH64K,QL28S,YL52N,LH60D",0.981894,0.56637466,1,0
"2B2X_HL_A|VH50T,EH64K,QL28S,YL52N,LL49F",1.7554936,0.72164255,1,0
"2B2X_HL_A|VH50T,EH64K,QL28S,YL52N,LL49K",1.9044149,1.2231208,1,0
"2B2X_HL_A|VH50T,EH64K,QL28S,YL52N,LL49W",2.9507816,0.7592246,1,0
"2B2X_HL_A|VH50T,EH64K,QL28S,YL52N,NL30V",2.0925434,1.0738983,1,0
"2B2X_HL_A|VH50T,EH64K,QL28S,YL52N,NL30W",2.6158988,0.71617246,1,0
"2B2X_HL_A|VH50T,EH64K,QL28S,YL52N,NL30Y",2.9507816,0.15805988,1,0
"2B2X_HL_A|VH50T,EH64K,QL28S,YL52N,NL30Y,SL91I",1.4775821,0.2639858,1,0
"2B2X_HL_A|VH50T,EH64K,QL28S,YL52N,RH31Q",2.350542,1.1123953,1,0
"2B2X_HL_A|VH50T,EH64K,QL28S,YL52N,SH35A",2.6158988,1.9727702,1,0
"2B2X_HL_A|VH50T,EH64K,QL28S,YL52N,SH35A,GH102S",2.6158988,2.1637242,1,0
"2B2X_HL_A|VH50T,EH64K,QL28S,YL52N,SH35Q",3.770335,1.6685377,1,0
"2B2X_HL_A|VH50T,EH64K,QL28S,YL52N,SH35V,GH102S",2.4688888,1.8953508,1,0
"2B2X_HL_A|VH50T,EH64K,QL28S,YL52N,SH52M",3.119054,1.0619895,1,0
"2B2X_HL_A|VH50T,EH64K,QL28S,YL52N,SL24R",0.82788163,0.7528926,1,0
"2B2X_HL_A|VH50T,EH64K,QL28S,YL52N,SL91Q",2.8172472,0.870354,1,0
"2B2X_HL_A|VH50T,EH64K,QL28S,YL52N,SL91R",3.770335,0.53678036,1,0
"2B2X_HL_A|VH50T,EH64K,QL28S,YL52N,SL91R,NL30E",3.770335,0.6090006,1,0
"2B2X_HL_A|VH50T,EH64K,QL28S,YL52N,SL91T",3.3598623,1.0334871,1,0
"2B2X_HL_A|VH50T,EH64K,QL28S,YL52N,TH33E,GH53Q",2.7106705,1.2771833,1,0
"2B2X_HL_A|VH50T,EH64K,QL28S,YL52N,TH33I,SH52T,GH53N,GH54N",2.9507816,2.4139278,1,0
"2B2X_HL_A|VH50T,EH64K,QL28S,YL52N,TH33I,SH52T,GH53Q,GH54F",2.2985272,2.2455716,1,0
"2B2X_HL_A|VH50T,EH64K,QL28S,YL52N,TH33N",3.770335,0.85031587,1,0
"2B2X_HL_A|VH50T,EH64K,QL28S,YL52N,TH33V",1.4775821,0.9944985,1,0
"2B2X_HL_A|VH50T,EH64K,QL28S,YL52N,WL90Q",3.119054,1.9398893,1,0
"2B2X_HL_A|VH50T,EH64K,QL28S,YL52N,WL90Q,FL33Y",1.914233,1.1497009,1,0
"2B2X_HL_A|VH50T,EH64K,QL28S,YL52N,YH58E",3.119054,1.7919209,1,0
"2B2X_HL_A|VH50T,EH64K,QL28S,YL52N,YH58Q",3.119054,2.5015569,1,0
"2B2X_HL_A|VH50T,EH64K,QL28S,YL52N,YH58W",1.8641591,1.4289656,1,0
"2B2X_HL_A|VH50T,EH64K,QL28S,YL52N,YH59E",1.5872209,1.4149587,1,0
"2B2X_HL_A|VH50T,EH64K,QL28S,YL52R",1.8880546,0.89226466,1,0
"2B2X_HL_A|VH50T,EH64K,YL52N",0.28173435,0.8487194,1,0
"2B2X_HL_A|VH50T,EH64N,QL28S,YL52N",1.0069425,0.53658175,1,0
"2B2X_HL_A|VH50T,EH64Q,QL28S,YL52N",0.96559924,0.6287646,1,0
"2B2X_HL_A|VH50T,EH64Q,QL28S,YL52N,LH60D",1.0862032,0.33066824,1,0
"2B2X_HL_A|VH50T,QL28S,YL52N",0.96559924,0.35714218,1,0
"2B2X_HL_A|VH50T,QL28S,YL52N,LH60D",0.90141344,-0.020249203,1,0
"2B2X_HL_A|VH50T,YL52N",0.18636756,0.30275655,1,0
2B2X_HL_A|YL52E,-0.22410508,0.41999722,1,0
2VIR_AB_C|SC115L,3.680209,-0.25471577,1,0
2VIR_AB_C|TC89I,4.0,2.7871835,1,0
"3G6D_LH_A|EL3V,GL76R,TL77V,QL78E,EL80G",0.13981691,0.58930445,1,0
"3G6D_LH_A|EL3V,GL76R,TL77V,QL78E,EL80G,DH54N",0.111178115,1.0570891,1,0
"3G6D_LH_A|EL3V,GL76R,TL77V,QL78E,EL80G,TL89S,ML92I,VL93D,TL94K",0.27145106,-0.19232771,1,0
3G6D_LH_A|HH104A,-0.9530879,0.06278791,1,0
"3G6D_LH_A|KH210T,KH215T",-0.13294782,-0.8911305,1,0
"3G6D_LH_A|TL89S,ML92I,VL93D,TL94K",0.7979767,-0.44841945,1,0
3G6D_LH_A|WH105A,-1.4965084,0.34795445,1,0
"3IDX_HL_G|CG27I,CG242Q",-2.4650376,0.2623581,1,0
"3IDX_HL_G|CG27I,CG242Q,MG247A",-2.1736174,0.46368003,1,0
"3IDX_HL_G|KG85C,EG121C,CG27I,CG242Q",-2.3776865,0.48035794,1,0
"3IDX_HL_G|KG85C,EG121C,WG13M,MG247A,CG14W,CG129V,CG27I,CG242Q",-2.1922898,1.1497099,1,0
"3IDX_HL_G|KG85C,EG122C,WG13M,MG247A,CG14W,CG129V,CG27I,CG242Q",-2.2927184,0.7645143,1,0
"3IDX_HL_G|TG41C,GG245C,MG247A",0.40945426,-0.037906338,1,0
"3IDX_HL_G|TG41C,GG245C,WG13M,MG247A,CG14W,CG129V,CG27I,CG242Q",-2.3310676,0.56227076,1,0
"3IDX_HL_G|WG13M,MG247A,CG14W,CG129V",-0.6475391,0.55575794,1,0
"3IDX_HL_G|WG13M,MG247A,CG14W,CG129V,CG27I,CG242Q",-2.3479884,0.96471834,1,0
"3IDX_HL_G|WG13M,MG247A,CG14W,CG129V,KG85C,EG121C",-0.36166522,0.8657658,1,0
"3IDX_HL_G|WG13M,SG111T,WG200S,MG247A,CG14W,CG129V,CG27I,CG242Q",-1.8639641,0.0040376,1,0
"3L5X_A_HL|EL93F,YL94G",-0.42800838,0.54705393,1,0
"3L5X_A_HL|EL93H,YL94G",-0.7626503,0.70328856,1,0
"3L5X_A_HL|HL91P,NL92I,EL93D,YL94A",-0.6466697,1.827737,1,0
"3L5X_A_HL|HL91P,NL92L,EL93D,YL94S",-0.6327897,1.3990709,1,0
"3L5X_A_HL|HL91P,NL92L,EL93D,YL94T",-0.81005055,1.7208905,1,0
"3L5X_A_HL|HL91P,NL92L,EL93D,YL94V",-0.85822237,1.5001501,1,0
"3L5X_A_HL|HL91P,NL92L,YL94A",-0.44441348,2.146036,1,0
"3L5X_A_HL|HL91Q,NL92D,EL93I,YL94G",-1.5503801,1.5863532,1,0
"3L5X_A_HL|HL91Q,NL92D,EL93L,YL94G",-1.785132,1.4954312,1,0
"3L5X_A_HL|HL91Q,NL92D,EL93Y,YL94G",-1.451453,-0.39738467,1,0
"3L5X_A_HL|NL92D,EL93L,YL94G",-0.42962858,0.7040261,1,0
"3L5X_A_HL|NL92D,EL93N,YL94S",-0.53403836,0.9887164,1,0
"3L5X_A_HL|NL92D,EL93P,YL94G",-1.4699602,0.9127173,1,0
"3L5X_A_HL|NL92D,EL93R,YL94D",-0.52253926,0.18241873,1,0
"3L5X_A_HL|NL92D,EL93W,YL94E",-1.1963489,-0.24032536,1,0
"3L5X_A_HL|NL92D,EL93W,YL94G",-1.6825228,-0.33551192,1,0
"3L5X_A_HL|NL92D,EL93W,YL94S",-0.71612674,0.038652565,1,0
"3L5X_A_HL|NL92D,EL93Y,YL94A",-0.8069743,0.08238536,1,0
"3L5X_A_HL|NL92E,EL93S,YL94G",-1.2653587,0.3185973,1,0
"3L5X_A_HL|NL92E,EL93W,YL94G",-1.5503801,-0.34631258,1,0
"3L5X_A_HL|NL92F,EL93W,YL94G",-1.2329907,-0.25152475,1,0
"3L5X_A_HL|NL92L,EL93D,YL94S",-0.6170473,0.9072585,1,0
"3L5X_A_HL|NL92L,EL93L,YL94G",-0.6259698,0.8957212,1,0
"3L5X_A_HL|NL92L,EL93M,YL94G",-0.82567644,0.99713516,1,0
"3L5X_A_HL|NL92L,EL93N,YL94G",-0.6954369,0.8349873,1,0
"3L5X_A_HL|NL92S,EL93H,YL94G",-1.2457265,0.5757662,1,0
"3L5X_A_HL|NL92S,EL93I,YL94G",-0.8069743,0.93530035,1,0
"3L5X_A_HL|NL92S,EL93S,YL94G",-0.24921271,0.38461128,1,0
"3L5X_A_HL|NL92S,EL93V,YL94G",-0.51687235,0.71059793,1,0
"3L5X_A_HL|NL92S,EL93W,YL94A",-0.30302802,0.4788142,1,0
"3L5X_A_HL|NL92S,EL93W,YL94G",-1.2720501,-0.15376021,1,0
"3L5X_A_HL|NL92S,EL93Y,YL94G",-0.9641868,-0.5248582,1,0
"3L5X_A_HL|NL92V,EL93G,YL94G",-0.46300006,0.011705514,1,0
"3L5X_A_HL|NL92V,EL93W,YL94G",-0.83525383,-0.12346539,1,0
3L5X_A_HL|YL94A,-0.82885176,1.1901356,1,0
3N85_A_LH|SH32A,-0.13401966,0.7369315,1,0
3N85_A_LH|SH32Y,0.0571225,-0.67193174,1,0
3N85_A_LH|SH50G,0.48767117,-0.53548265,1,0
3N85_A_LH|SH52Y,-0.78460336,-1.2077633,1,0
3N85_A_LH|WH100F,-0.015185109,0.6402532,1,0
3N85_A_LH|WH30K,-0.78460336,0.5789181,1,0
3N85_A_LH|WH30R,-0.5539675,-0.18934268,1,0
3N85_A_LH|WL91F,0.13959166,0.84674627,1,0
3N85_A_LH|WL94Y,-0.03871881,-0.83721817,1,0
3SE8_HL_G|DH110A,-0.38934898,0.0067014396,1,0
3SE8_HL_G|DH114A,-0.2441398,0.22462906,1,0
3SE8_HL_G|DL49A,0.8558488,1.617577,1,0
3SE8_HL_G|EL1A,-0.5565174,0.55501187,1,0
3SE8_HL_G|EL91A,1.513491,0.6408043,1,0
3SE8_HL_G|FH115A,1.0676043,0.52357304,1,0
3SE8_HL_G|FL90A,-0.8640972,1.1250235,1,0
3SE8_HL_G|FL92A,0.8323254,0.9301772,1,0
3SE8_HL_G|GH56A,0.3570972,1.0735888,1,0
3SE8_HL_G|KH52A,1.1114144,0.40624744,1,0
3SE8_HL_G|LH54A,0.054776184,0.19547439,1,0
3SE8_HL_G|NL30A,0.19434923,0.96413857,1,0
3SE8_HL_G|PH78A,0.01881787,-0.18634629,1,0
3SE8_HL_G|PH81A,-0.07091986,-0.11403246,1,0
3SE8_HL_G|QH63A,1.1144251,-0.06383574,1,0
3SE8_HL_G|QH65A,0.54980505,0.86718893,1,0
3SE8_HL_G|QH76A,0.09689985,-0.08742693,1,0
3SE8_HL_G|QL27A,-0.21612903,0.5799467,1,0
3SE8_HL_G|RH30A,-0.03949762,0.96537745,1,0
3SE8_HL_G|RH62A,1.2061691,0.32247543,1,0
3SE8_HL_G|RH72A,2.6444623,1.6213886,1,0
3SE8_HL_G|SH59A,1.1508402,0.8065247,1,0
3SE8_HL_G|VH58A,1.2496852,0.82756007,1,0
3SE8_HL_G|WH47A,1.4751467,0.9706581,1,0
3SE8_HL_G|WH50A,1.333526,2.2816231,1,0
3SE8_HL_G|WH55A,0.7611056,1.3753567,1,0
3SE8_HL_G|YH111A,0.82992166,0.7449414,1,0
3SE8_HL_G|YH60A,0.8558488,1.482486,1,0
4KRL_A_B|DB112A,0.6496817,0.5168558,1,0
5C6T_HL_A|EA194A,1.0906719,0.735859,1,0
5C6T_HL_A|FA192A,1.9972014,2.1409705,1,0
5C6T_HL_A|FA199A,2.7581792,1.5511073,1,0
5C6T_HL_A|FA200A,0.41047263,2.2027717,1,0
5C6T_HL_A|FH99A,1.4600298,0.07745172,1,0
5C6T_HL_A|IA201A,0.88561165,0.5655219,1,0
5C6T_HL_A|NA183A,0.28399685,0.6777293,1,0
5C6T_HL_A|NA186A,0.3630724,0.09885688,1,0
5C6T_HL_A|NA188A,-0.36658686,0.768718,1,0
"5C6T_HL_A|NA195A,DA197A",0.58650106,2.8297732,1,0
5C6T_HL_A|NH97A,1.5258962,0.8595684,1,0
5C6T_HL_A|RH31S,0.3115454,0.1965225,1,0
5C6T_HL_A|RL48A,0.1229613,0.9318869,1,0
5C6T_HL_A|SH32A,-0.8683455,0.38678926,1,0
5C6T_HL_A|TA185A,0.33786914,1.157586,1,0
5C6T_HL_A|YA182A,3.2083547,1.2646686,1,0
"5C6T_HL_A|YA182A,NA195A,DA197A",2.942425,4.217574,1,0
5C6T_HL_A|YH104A,0.3630724,0.8600574,1,0
5C6T_HL_A|YH98A,1.7166799,1.2557697,1,0
5C6T_HL_A|YL47A,0.5516565,2.409129,1,0
1KIP_AB_C|AB32Y,-0.8005932,-1.4059217,1,1
1XGU_AB_C|FB33A,4.0,2.6842856,1,1
1XGU_AB_C|FB33I,1.8004549,0.93749636,1,1
1XGU_AB_C|FB33L,1.8617703,0.56575733,1,1
1XGU_AB_C|FB33V,2.9080825,1.1904485,1,1
2B2X_HL_A|EH64K,-0.033433665,0.4499434,1,1
"2B2X_HL_A|EH64K,QL28S,YL52N",0.911615,0.6562275,1,1
"2B2X_HL_A|EH64K,QL28S,YL52N,GH102S",2.7106705,0.89571923,1,1
"2B2X_HL_A|EH64K,QL28S,YL52N,SH35A",3.119054,1.5609244,1,1
"2B2X_HL_A|EH64K,QL28S,YL52N,SH35V",3.770335,1.0426494,1,1
"2B2X_HL_A|EH64K,YL52N",0.34853002,0.79409736,1,1
"2B2X_HL_A|QL28S,YL52N",0.8626942,0.27419248,1,1
2B2X_HL_A|VH50T,0.024054652,0.12046308,1,1
"2B2X_HL_A|VH50T,EH64D,QL28S,YL52N",0.87177193,0.5851765,1,1
"2B2X_HL_A|VH50T,EH64K,QL28S",0.991589,0.38603824,1,1
"2B2X_HL_A|VH50T,EH64K,QL28S,YL52D",1.5439764,0.48335588,1,1
"2B2X_HL_A|VH50T,EH64K,QL28S,YL52E",0.95452905,0.5322701,1,1
"2B2X_HL_A|VH50T,EH64K,QL28S,YL52K",1.7007239,1.025537,1,1
"2B2X_HL_A|VH50T,EH64K,QL28S,YL52N",1.043214,0.8915318,1,1
"2B2X_HL_A|VH50T,EH64K,QL28S,YL52N,FH99W",1.043214,0.8242167,1,1
"2B2X_HL_A|VH50T,EH64K,QL28S,YL52N,FH99Y",1.7978828,0.4301022,1,1
"2B2X_HL_A|VH50T,EH64K,QL28S,YL52N,GH100F",1.4322319,1.105866,1,1
"2B2X_HL_A|VH50T,EH64K,QL28S,YL52N,GH100L",3.770335,1.2203294,1,1
"2B2X_HL_A|VH50T,EH64K,QL28S,YL52N,GH100M",1.145348,1.3988806,1,1
"2B2X_HL_A|VH50T,EH64K,QL28S,YL52N,GH100S",1.6009614,1.2328986,1,1
"2B2X_HL_A|VH50T,EH64K,QL28S,YL52N,GH53A",1.5558206,1.9130282,1,1
"2B2X_HL_A|VH50T,EH64K,QL28S,YL52N,GH53N",2.2985272,1.527696,1,1
"2B2X_HL_A|VH50T,EH64K,QL28S,YL52N,GH53S",1.7188073,1.209068,1,1
"2B2X_HL_A|VH50T,EH64K,QL28S,YL52N,GH54I",2.4067745,1.4252167,1,1
"2B2X_HL_A|VH50T,EH64K,QL28S,YL52N,GH54T",2.2073808,1.7110465,1,1
"2B2X_HL_A|VH50T,EH64K,QL28S,YL52N,GH54Y",1.043214,0.7589666,1,1
"2B2X_HL_A|VH50T,EH64K,QL28S,YL52N,GL92Q",2.6158988,1.3953538,1,1
"2B2X_HL_A|VH50T,EH64K,QL28S,YL52N,GL92S",1.5558206,1.10101,1,1
"2B2X_HL_A|VH50T,EH64K,QL28S,YL52N,HL31K",2.2073808,1.3047754,1,1
"2B2X_HL_A|VH50T,EH64K,QL28S,YL52N,HL31R",2.1670115,1.0395283,1,1
"2B2X_HL_A|VH50T,EH64K,QL28S,YL52N,HL31W",2.2985272,0.8623383,1,1
"2B2X_HL_A|VH50T,EH64K,QL28S,YL52N,LH60D",0.981894,0.667672,1,1
"2B2X_HL_A|VH50T,EH64K,QL28S,YL52N,LL49F",1.7554936,1.0203087,1,1
"2B2X_HL_A|VH50T,EH64K,QL28S,YL52N,LL49K",1.9044149,1.2547307,1,1
"2B2X_HL_A|VH50T,EH64K,QL28S,YL52N,LL49W",2.9507816,0.9722565,1,1
"2B2X_HL_A|VH50T,EH64K,QL28S,YL52N,NL30V",2.0925434,0.9853918,1,1
"2B2X_HL_A|VH50T,EH64K,QL28S,YL52N,NL30W",2.6158988,0.9363292,1,1
"2B2X_HL_A|VH50T,EH64K,QL28S,YL52N,NL30Y",2.9507816,0.48668182,1,1
"2B2X_HL_A|VH50T,EH64K,QL28S,YL52N,NL30Y,SL91I",1.4775821,0.75360686,1,1
"2B2X_HL_A|VH50T,EH64K,QL28S,YL52N,RH31Q",2.350542,0.7998819,1,1
"2B2X_HL_A|VH50T,EH64K,QL28S,YL52N,SH35A",2.6158988,1.8597515,1,1
"2B2X_HL_A|VH50T,EH64K,QL28S,YL52N,SH35A,GH102S",2.6158988,2.1561606,1,1
"2B2X_HL_A|VH50T,EH64K,QL28S,YL52N,SH35Q",3.770335,1.4991703,1,1
"2B2X_HL_A|VH50T,EH64K,QL28S,YL52N,SH35V,GH102S",2.4688888,1.6473662,1,1
"2B2X_HL_A|VH50T,EH64K,QL28S,YL52N,SH52M",3.119054,0.8957404,1,1
"2B2X_HL_A|VH50T,EH64K,QL28S,YL52N,SL24R",0.82788163,1.0772505,1,1
"2B2X_HL_A|VH50T,EH64K,QL28S,YL52N,SL91Q",2.8172472,1.3706719,1,1
"2B2X_HL_A|VH50T,EH64K,QL28S,YL52N,SL91R",3.770335,1.0456612,1,1
"2B2X_HL_A|VH50T,EH64K,QL28S,YL52N,SL91R,NL30E",3.770335,0.97554547,1,1
"2B2X_HL_A|VH50T,EH64K,QL28S,YL52N,SL91T",3.3598623,1.4929746,1,1
"2B2X_HL_A|VH50T,EH64K,QL28S,YL52N,TH33E,GH53Q",2.7106705,1.3598406,1,1
"2B2X_HL_A|VH50T,EH64K,QL28S,YL52N,TH33I,SH52T,GH53N,GH54N",2.9507816,2.8734229,1,1
"2B2X_HL_A|VH50T,EH64K,QL28S,YL52N,TH33I,SH52T,GH53Q,GH54F",2.2985272,2.746873,1,1
"2B2X_HL_A|VH50T,EH64K,QL28S,YL52N,TH33N",3.770335,0.94016355,1,1
"2B2X_HL_A|VH50T,EH64K,QL28S,YL52N,TH33V",1.4775821,0.99631435,1,1
"2B2X_HL_A|VH50T,EH64K,QL28S,YL52N,WL90Q",3.119054,1.8263166,1,1
"2B2X_HL_A|VH50T,EH64K,QL28S,YL52N,WL90Q,FL33Y",1.914233,1.6590214,1,1
"2B2X_HL_A|VH50T,EH64K,QL28S,YL52N,YH58E",3.119054,1.2582943,1,1
"2B2X_HL_A|VH50T,EH64K,QL28S,YL52N,YH58Q",3.119054,1.868508,1,1
"2B2X_HL_A|VH50T,EH64K,QL28S,YL52N,YH58W",1.8641591,1.4660892,1,1
"2B2X_HL_A|VH50T,EH64K,QL28S,YL52N,YH59E",1.5872209,1.3226652,1,1
"2B2X_HL_A|VH50T,EH64K,QL28S,YL52R",1.8880546,0.9205916,1,1
"2B2X_HL_A|VH50T,EH64K,YL52N",0.28173435,1.0661898,1,1
"2B2X_HL_A|VH50T,EH64N,QL28S,YL52N",1.0069425,0.91349036,1,1
"2B2X_HL_A|VH50T,EH64Q,QL28S,YL52N",0.96559924,0.791645,1,1
"2B2X_HL_A|VH50T,EH64Q,QL28S,YL52N,LH60D",1.0862032,0.58777076,1,1
"2B2X_HL_A|VH50T,QL28S,YL52N",0.96559924,0.507317,1,1
"2B2X_HL_A|VH50T,QL28S,YL52N,LH60D",0.90141344,0.22196238,1,1
"2B2X_HL_A|VH50T,YL52N",0.18636756,0.6898436,1,1
2B2X_HL_A|YL52E,-0.22410508,0.07427526,1,1
2VIR_AB_C|SC115L,3.680209,-0.3046091,1,1
2VIR_AB_C|TC89I,4.0,0.54423076,1,1
"3G6D_LH_A|EL3V,GL76R,TL77V,QL78E,EL80G",0.13981691,0.70098186,1,1
"3G6D_LH_A|EL3V,GL76R,TL77V,QL78E,EL80G,DH54N",0.111178115,1.4088619,1,1
"3G6D_LH_A|EL3V,GL76R,TL77V,QL78E,EL80G,TL89S,ML92I,VL93D,TL94K",0.27145106,0.049838133,1,1
3G6D_LH_A|HH104A,-0.9530879,0.30946264,1,1
"3G6D_LH_A|KH210T,KH215T",-0.13294782,0.02583745,1,1
"3G6D_LH_A|TL89S,ML92I,VL93D,TL94K",0.7979767,-0.75108635,1,1
3G6D_LH_A|WH105A,-1.4965084,0.63948125,1,1
"3IDX_HL_G|CG27I,CG242Q",-2.4650376,-0.32484964,1,1
"3IDX_HL_G|CG27I,CG242Q,MG247A",-2.1736174,0.3413394,1,1
"3IDX_HL_G|KG85C,EG121C,CG27I,CG242Q",-2.3776865,0.51678354,1,1
"3IDX_HL_G|KG85C,EG121C,WG13M,MG247A,CG14W,CG129V,CG27I,CG242Q",-2.1922898,1.9415691,1,1
"3IDX_HL_G|KG85C,EG122C,WG13M,MG247A,CG14W,CG129V,CG27I,CG242Q",-2.2927184,1.9565521,1,1
"3IDX_HL_G|TG41C,GG245C,MG247A",0.40945426,0.72503453,1,1
"3IDX_HL_G|TG41C,GG245C,WG13M,MG247A,CG14W,CG129V,CG27I,CG242Q",-2.3310676,1.7672514,1,1
"3IDX_HL_G|WG13M,MG247A,CG14W,CG129V",-0.6475391,1.207405,1,1
"3IDX_HL_G|WG13M,MG247A,CG14W,CG129V,CG27I,CG242Q",-2.3479884,0.91541016,1,1
"3IDX_HL_G|WG13M,MG247A,CG14W,CG129V,KG85C,EG121C",-0.36166522,2.2007031,1,1
"3IDX_HL_G|WG13M,SG111T,WG200S,MG247A,CG14W,CG129V,CG27I,CG242Q",-1.8639641,1.0486447,1,1
"3L5X_A_HL|EL93F,YL94G",-0.42800838,0.61986476,1,1
"3L5X_A_HL|EL93H,YL94G",-0.7626503,0.76076704,1,1
"3L5X_A_HL|HL91P,NL92I,EL93D,YL94A",-0.6466697,1.422846,1,1
"3L5X_A_HL|HL91P,NL92L,EL93D,YL94S",-0.6327897,0.5462269,1,1
"3L5X_A_HL|HL91P,NL92L,EL93D,YL94T",-0.81005055,0.97955817,1,1
"3L5X_A_HL|HL91P,NL92L,EL93D,YL94V",-0.85822237,0.1696772,1,1
"3L5X_A_HL|HL91P,NL92L,YL94A",-0.44441348,1.5805088,1,1
"3L5X_A_HL|HL91Q,NL92D,EL93I,YL94G",-1.5503801,0.54474235,1,1
"3L5X_A_HL|HL91Q,NL92D,EL93L,YL94G",-1.785132,0.5538321,1,1
"3L5X_A_HL|HL91Q,NL92D,EL93Y,YL94G",-1.451453,-0.42546874,1,1
"3L5X_A_HL|NL92D,EL93L,YL94G",-0.42962858,0.10151946,1,1
"3L5X_A_HL|NL92D,EL93N,YL94S",-0.53403836,0.62992835,1,1
"3L5X_A_HL|NL92D,EL93P,YL94G",-1.4699602,0.35873842,1,1
"3L5X_A_HL|NL92D,EL93R,YL94D",-0.52253926,0.11372911,1,1
"3L5X_A_HL|NL92D,EL93W,YL94E",-1.1963489,-0.64967275,1,1
"3L5X_A_HL|NL92D,EL93W,YL94G",-1.6825228,-0.25167447,1,1
"3L5X_A_HL|NL92D,EL93W,YL94S",-0.71612674,0.047002323,1,1
"3L5X_A_HL|NL92D,EL93Y,YL94A",-0.8069743,0.3892349,1,1
"3L5X_A_HL|NL92E,EL93S,YL94G",-1.2653587,0.10340591,1,1
"3L5X_A_HL|NL92E,EL93W,YL94G",-1.5503801,-0.3483274,1,1
"3L5X_A_HL|NL92F,EL93W,YL94G",-1.2329907,0.2239606,1,1
"3L5X_A_HL|NL92L,EL93D,YL94S",-0.6170473,0.36299416,1,1
"3L5X_A_HL|NL92L,EL93L,YL94G",-0.6259698,0.6376353,1,1
"3L5X_A_HL|NL92L,EL93M,YL94G",-0.82567644,0.8838771,1,1
"3L5X_A_HL|NL92L,EL93N,YL94G",-0.6954369,0.8144117,1,1
"3L5X_A_HL|NL92S,EL93H,YL94G",-1.2457265,0.6479977,1,1
"3L5X_A_HL|NL92S,EL93I,YL94G",-0.8069743,0.6970981,1,1
"3L5X_A_HL|NL92S,EL93S,YL94G",-0.24921271,0.7146153,1,1
"3L5X_A_HL|NL92S,EL93V,YL94G",-0.51687235,0.5605265,1,1
"3L5X_A_HL|NL92S,EL93W,YL94A",-0.30302802,1.4586746,1,1
"3L5X_A_HL|NL92S,EL93W,YL94G",-1.2720501,0.3772316,1,1
"3L5X_A_HL|NL92S,EL93Y,YL94G",-0.9641868,-0.20450592,1,1
"3L5X_A_HL|NL92V,EL93G,YL94G",-0.46300006,0.45345828,1,1
"3L5X_A_HL|NL92V,EL93W,YL94G",-0.83525383,0.3210221,1,1
3L5X_A_HL|YL94A,-0.82885176,1.0639762,1,1
3N85_A_LH|SH32A,-0.13401966,0.9496658,1,1
3N85_A_LH|SH32Y,0.0571225,-0.43444705,1,1
3N85_A_LH|SH50G,0.48767117,-0.063299015,1,1
3N85_A_LH|SH52Y,-0.78460336,-0.9068496,1,1
3N85_A_LH|WH100F,-0.015185109,0.22529301,1,1
3N85_A_LH|WH30K,-0.78460336,0.27909636,1,1
3N85_A_LH|WH30R,-0.5539675,0.035634063,1,1
3N85_A_LH|WL91F,0.13959166,0.29677242,1,1
3N85_A_LH|WL94Y,-0.03871881,-0.37229738,1,1
3SE8_HL_G|DH110A,-0.38934898,0.47239146,1,1
3SE8_HL_G|DH114A,-0.2441398,0.828968,1,1
3SE8_HL_G|DL49A,0.8558488,1.2880081,1,1
3SE8_HL_G|EL1A,-0.5565174,0.61613965,1,1
3SE8_HL_G|EL91A,1.513491,1.1137002,1,1
3SE8_HL_G|FH115A,1.0676043,0.5851135,1,1
3SE8_HL_G|FL90A,-0.8640972,0.94183415,1,1
3SE8_HL_G|FL92A,0.8323254,0.72712207,1,1
3SE8_HL_G|GH56A,0.3570972,0.9646768,1,1
3SE8_HL_G|KH52A,1.1114144,0.5057352,1,1
3SE8_HL_G|LH54A,0.054776184,0.7901041,1,1
3SE8_HL_G|NL30A,0.19434923,0.12734869,1,1
3SE8_HL_G|PH78A,0.01881787,0.2691921,1,1
3SE8_HL_G|PH81A,-0.07091986,0.18077603,1,1
3SE8_HL_G|QH63A,1.1144251,0.10013809,1,1
3SE8_HL_G|QH65A,0.54980505,0.3976169,1,1
3SE8_HL_G|QH76A,0.09689985,0.09282288,1,1
3SE8_HL_G|QL27A,-0.21612903,0.300832,1,1
3SE8_HL_G|RH30A,-0.03949762,0.50270426,1,1
3SE8_HL_G|RH62A,1.2061691,0.15969467,1,1
3SE8_HL_G|RH72A,2.6444623,0.9236636,1,1
3SE8_HL_G|SH59A,1.1508402,0.49613595,1,1
3SE8_HL_G|VH58A,1.2496852,1.4646453,1,1
3SE8_HL_G|WH47A,1.4751467,0.74769586,1,1
3SE8_HL_G|WH50A,1.333526,1.5045373,1,1
3SE8_HL_G|WH55A,0.7611056,0.33411214,1,1
3SE8_HL_G|YH111A,0.82992166,1.0510247,1,1
3SE8_HL_G|YH60A,0.8558488,0.98631674,1,1
4KRL_A_B|DB112A,0.6496817,1.1256473,1,1
5C6T_HL_A|EA194A,1.0906719,1.4563845,1,1
5C6T_HL_A|FA192A,1.9972014,1.7723509,1,1
5C6T_HL_A|FA199A,2.7581792,1.780508,1,1
5C6T_HL_A|FA200A,0.41047263,0.86182016,1,1
5C6T_HL_A|FH99A,1.4600298,0.3038348,1,1
5C6T_HL_A|IA201A,0.88561165,1.2685357,1,1
5C6T_HL_A|NA183A,0.28399685,1.2261822,1,1
5C6T_HL_A|NA186A,0.3630724,1.0797914,1,1
5C6T_HL_A|NA188A,-0.36658686,1.2344743,1,1
"5C6T_HL_A|NA195A,DA197A",0.58650106,1.7885382,1,1
5C6T_HL_A|NH97A,1.5258962,0.16235672,1,1
5C6T_HL_A|RH31S,0.3115454,0.015803872,1,1
5C6T_HL_A|RL48A,0.1229613,0.35936928,1,1
5C6T_HL_A|SH32A,-0.8683455,0.35058847,1,1
5C6T_HL_A|TA185A,0.33786914,0.56166583,1,1
5C6T_HL_A|YA182A,3.2083547,1.6803377,1,1
"5C6T_HL_A|YA182A,NA195A,DA197A",2.942425,3.4512997,1,1
5C6T_HL_A|YH104A,0.3630724,1.1666477,1,1
5C6T_HL_A|YH98A,1.7166799,0.71752554,1,1
5C6T_HL_A|YL47A,0.5516565,1.8752105,1,1
1KIP_AB_C|AB32Y,-0.8005932,-1.1200233,1,2
1XGU_AB_C|FB33A,4.0,3.1281908,1,2
1XGU_AB_C|FB33I,1.8004549,1.3919982,1,2
1XGU_AB_C|FB33L,1.8617703,1.5234834,1,2
1XGU_AB_C|FB33V,2.9080825,2.2673662,1,2
2B2X_HL_A|EH64K,-0.033433665,0.2296346,1,2
"2B2X_HL_A|EH64K,QL28S,YL52N",0.911615,0.9143841,1,2
"2B2X_HL_A|EH64K,QL28S,YL52N,GH102S",2.7106705,1.5905516,1,2
"2B2X_HL_A|EH64K,QL28S,YL52N,SH35A",3.119054,1.8351761,1,2
"2B2X_HL_A|EH64K,QL28S,YL52N,SH35V",3.770335,1.6735665,1,2
"2B2X_HL_A|EH64K,YL52N",0.34853002,0.7967597,1,2
"2B2X_HL_A|QL28S,YL52N",0.8626942,0.45889986,1,2
2B2X_HL_A|VH50T,0.024054652,-0.5141743,1,2
"2B2X_HL_A|VH50T,EH64D,QL28S,YL52N",0.87177193,0.32166353,1,2
"2B2X_HL_A|VH50T,EH64K,QL28S",0.991589,0.3353582,1,2
"2B2X_HL_A|VH50T,EH64K,QL28S,YL52D",1.5439764,0.6909516,1,2
"2B2X_HL_A|VH50T,EH64K,QL28S,YL52E",0.95452905,1.0667732,1,2
"2B2X_HL_A|VH50T,EH64K,QL28S,YL52K",1.7007239,1.8505017,1,2
"2B2X_HL_A|VH50T,EH64K,QL28S,YL52N",1.043214,1.0262032,1,2
"2B2X_HL_A|VH50T,EH64K,QL28S,YL52N,FH99W",1.043214,0.5706906,1,2
"2B2X_HL_A|VH50T,EH64K,QL28S,YL52N,FH99Y",1.7978828,0.4963451,1,2
"2B2X_HL_A|VH50T,EH64K,QL28S,YL52N,GH100F",1.4322319,1.2018032,1,2
"2B2X_HL_A|VH50T,EH64K,QL28S,YL52N,GH100L",3.770335,1.6789267,1,2
"2B2X_HL_A|VH50T,EH64K,QL28S,YL52N,GH100M",1.145348,1.514704,1,2
"2B2X_HL_A|VH50T,EH64K,QL28S,YL52N,GH100S",1.6009614,1.665204,1,2
"2B2X_HL_A|VH50T,EH64K,QL28S,YL52N,GH53A",1.5558206,1.9026784,1,2
"2B2X_HL_A|VH50T,EH64K,QL28S,YL52N,GH53N",2.2985272,1.6420294,1,2
"2B2X_HL_A|VH50T,EH64K,QL28S,YL52N,GH53S",1.7188073,1.4324887,1,2
"2B2X_HL_A|VH50T,EH64K,QL28S,YL52N,GH54I",2.4067745,1.675877,1,2
"2B2X_HL_A|VH50T,EH64K,QL28S,YL52N,GH54T",2.2073808,1.6588336,1,2
"2B2X_HL_A|VH50T,EH64K,QL28S,YL52N,GH54Y",1.043214,0.9549303,1,2
"2B2X_HL_A|VH50T,EH64K,QL28S,YL52N,GL92Q",2.6158988,1.7655879,1,2
"2B2X_HL_A|VH50T,EH64K,QL28S,YL52N,GL92S",1.5558206,1.4274678,1,2
"2B2X_HL_A|VH50T,EH64K,QL28S,YL52N,HL31K",2.2073808,1.9990724,1,2
"2B2X_HL_A|VH50T,EH64K,QL28S,YL52N,HL31R",2.1670115,0.9433473,1,2
"2B2X_HL_A|VH50T,EH64K,QL28S,YL52N,HL31W",2.2985272,0.9543363,1,2
"2B2X_HL_A|VH50T,EH64K,QL28S,YL52N,LH60D",0.981894,0.8932796,1,2
"2B2X_HL_A|VH50T,EH64K,QL28S,YL52N,LL49F",1.7554936,0.99688977,1,2
"2B2X_HL_A|VH50T,EH64K,QL28S,YL52N,LL49K",1.9044149,1.5186574,1,2
"2B2X_HL_A|VH50T,EH64K,QL28S,YL52N,LL49W",2.9507816,1.1125234,1,2
"2B2X_HL_A|VH50T,EH64K,QL28S,YL52N,NL30V",2.0925434,1.6941241,1,2
"2B2X_HL_A|VH50T,EH64K,QL28S,YL52N,NL30W",2.6158988,1.0293471,1,2
"2B2X_HL_A|VH50T,EH64K,QL28S,YL52N,NL30Y",2.9507816,0.9249682,1,2
"2B2X_HL_A|VH50T,EH64K,QL28S,YL52N,NL30Y,SL91I",1.4775821,1.3127129,1,2
"2B2X_HL_A|VH50T,EH64K,QL28S,YL52N,RH31Q",2.350542,1.3009405,1,2
"2B2X_HL_A|VH50T,EH64K,QL28S,YL52N,SH35A",2.6158988,1.8729981,1,2
"2B2X_HL_A|VH50T,EH64K,QL28S,YL52N,SH35A,GH102S",2.6158988,2.3676593,1,2
"2B2X_HL_A|VH50T,EH64K,QL28S,YL52N,SH35Q",3.770335,1.9359007,1,2
"2B2X_HL_A|VH50T,EH64K,QL28S,YL52N,SH35V,GH102S",2.4688888,2.2647438,1,2
"2B2X_HL_A|VH50T,EH64K,QL28S,YL52N,SH52M",3.119054,0.901991,1,2
"2B2X_HL_A|VH50T,EH64K,QL28S,YL52N,SL24R",0.82788163,0.59702504,1,2
"2B2X_HL_A|VH50T,EH64K,QL28S,YL52N,SL91Q",2.8172472,1.5695474,1,2
"2B2X_HL_A|VH50T,EH64K,QL28S,YL52N,SL91R",3.770335,0.883068,1,2
"2B2X_HL_A|VH50T,EH64K,QL28S,YL52N,SL91R,NL30E",3.770335,1.4612255,1,2
"2B2X_HL_A|VH50T,EH64K,QL28S,YL52N,SL91T",3.3598623,1.3532077,1,2
"2B2X_HL_A|VH50T,EH64K,QL28S,YL52N,TH33E,GH53Q",2.7106705,2.619144,1,2
"2B2X_HL_A|VH50T,EH64K,QL28S,YL52N,TH33I,SH52T,GH53N,GH54N",2.9507816,3.096579,1,2
"2B2X_HL_A|VH50T,EH64K,QL28S,YL52N,TH33I,SH52T,GH53Q,GH54F",2.2985272,3.0163925,1,2
"2B2X_HL_A|VH50T,EH64K,QL28S,YL52N,TH33N",3.770335,1.7085768,1,2
"2B2X_HL_A|VH50T,EH64K,QL28S,YL52N,TH33V",1.4775821,1.6586828,1,2
"2B2X_HL_A|VH50T,EH64K,QL28S,YL52N,WL90Q",3.119054,2.6188772,1,2
"2B2X_HL_A|VH50T,EH64K,QL28S,YL52N,WL90Q,FL33Y",1.914233,2.0601645,1,2
"2B2X_HL_A|VH50T,EH64K,QL28S,YL52N,YH58E",3.119054,2.0031505,1,2
"2B2X_HL_A|VH50T,EH64K,QL28S,YL52N,YH58Q",3.119054,2.4981742,1,2
"2B2X_HL_A|VH50T,EH64K,QL28S,YL52N,YH58W",1.8641591,1.4558518,1,2
"2B2X_HL_A|VH50T,EH64K,QL28S,YL52N,YH59E",1.5872209,1.850509,1,2
"2B2X_HL_A|VH50T,EH64K,QL28S,YL52R",1.8880546,0.9109745,1,2
"2B2X_HL_A|VH50T,EH64K,YL52N",0.28173435,0.9608409,1,2
"2B2X_HL_A|VH50T,EH64N,QL28S,YL52N",1.0069425,0.6424817,1,2
"2B2X_HL_A|VH50T,EH64Q,QL28S,YL52N",0.96559924,0.7431359,1,2
"2B2X_HL_A|VH50T,EH64Q,QL28S,YL52N,LH60D",1.0862032,0.6181571,1,2
"2B2X_HL_A|VH50T,QL28S,YL52N",0.96559924,0.5755902,1,2
"2B2X_HL_A|VH50T,QL28S,YL52N,LH60D",0.90141344,0.43830904,1,2
"2B2X_HL_A|VH50T,YL52N",0.18636756,0.55085963,1,2
2B2X_HL_A|YL52E,-0.22410508,0.3494152,1,2
2VIR_AB_C|SC115L,3.680209,-0.22070156,1,2
2VIR_AB_C|TC89I,4.0,2.0971503,1,2
"3G6D_LH_A|EL3V,GL76R,TL77V,QL78E,EL80G",0.13981691,0.4154872,1,2
"3G6D_LH_A|EL3V,GL76R,TL77V,QL78E,EL80G,DH54N",0.111178115,1.5291709,1,2
"3G6D_LH_A|EL3V,GL76R,TL77V,QL78E,EL80G,TL89S,ML92I,VL93D,TL94K",0.27145106,-0.023864252,1,2
3G6D_LH_A|HH104A,-0.9530879,0.69926924,1,2
"3G6D_LH_A|KH210T,KH215T",-0.13294782,-1.1102736,1,2
"3G6D_LH_A|TL89S,ML92I,VL93D,TL94K",0.7979767,-0.40720543,1,2
3G6D_LH_A|WH105A,-1.4965084,0.90575397,1,2
"3IDX_HL_G|CG27I,CG242Q",-2.4650376,-0.14954224,1,2
"3IDX_HL_G|CG27I,CG242Q,MG247A",-2.1736174,0.1717725,1,2
"3IDX_HL_G|KG85C,EG121C,CG27I,CG242Q",-2.3776865,0.19040674,1,2
"3IDX_HL_G|KG85C,EG121C,WG13M,MG247A,CG14W,CG129V,CG27I,CG242Q",-2.1922898,0.80695486,1,2
"3IDX_HL_G|KG85C,EG122C,WG13M,MG247A,CG14W,CG129V,CG27I,CG242Q",-2.2927184,0.8673455,1,2
"3IDX_HL_G|TG41C,GG245C,MG247A",0.40945426,0.4612627,1,2
"3IDX_HL_G|TG41C,GG245C,WG13M,MG247A,CG14W,CG129V,CG27I,CG242Q",-2.3310676,0.6338325,1,2
"3IDX_HL_G|WG13M,MG247A,CG14W,CG129V",-0.6475391,0.5113329,1,2
"3IDX_HL_G|WG13M,MG247A,CG14W,CG129V,CG27I,CG242Q",-2.3479884,0.34900087,1,2
"3IDX_HL_G|WG13M,MG247A,CG14W,CG129V,KG85C,EG121C",-0.36166522,0.91775304,1,2
"3IDX_HL_G|WG13M,SG111T,WG200S,MG247A,CG14W,CG129V,CG27I,CG242Q",-1.8639641,0.012004791,1,2
"3L5X_A_HL|EL93F,YL94G",-0.42800838,0.62073296,1,2
"3L5X_A_HL|EL93H,YL94G",-0.7626503,0.83956337,1,2
"3L5X_A_HL|HL91P,NL92I,EL93D,YL94A",-0.6466697,0.20467415,1,2
"3L5X_A_HL|HL91P,NL92L,EL93D,YL94S",-0.6327897,0.18507753,1,2
"3L5X_A_HL|HL91P,NL92L,EL93D,YL94T",-0.81005055,0.25350884,1,2
"3L5X_A_HL|HL91P,NL92L,EL93D,YL94V",-0.85822237,0.16985793,1,2
"3L5X_A_HL|HL91P,NL92L,YL94A",-0.44441348,0.5869977,1,2
"3L5X_A_HL|HL91Q,NL92D,EL93I,YL94G",-1.5503801,0.91071117,1,2
"3L5X_A_HL|HL91Q,NL92D,EL93L,YL94G",-1.785132,0.7195376,1,2
"3L5X_A_HL|HL91Q,NL92D,EL93Y,YL94G",-1.451453,0.022636173,1,2
"3L5X_A_HL|NL92D,EL93L,YL94G",-0.42962858,0.069444254,1,2
"3L5X_A_HL|NL92D,EL93N,YL94S",-0.53403836,0.5612926,1,2
"3L5X_A_HL|NL92D,EL93P,YL94G",-1.4699602,0.36388347,1,2
"3L5X_A_HL|NL92D,EL93R,YL94D",-0.52253926,-0.6551504,1,2
"3L5X_A_HL|NL92D,EL93W,YL94E",-1.1963489,-0.9881025,1,2
"3L5X_A_HL|NL92D,EL93W,YL94G",-1.6825228,-0.7951128,1,2
"3L5X_A_HL|NL92D,EL93W,YL94S",-0.71612674,-0.7883904,1,2
"3L5X_A_HL|NL92D,EL93Y,YL94A",-0.8069743,-0.42577374,1,2
"3L5X_A_HL|NL92E,EL93S,YL94G",-1.2653587,0.5262075,1,2
"3L5X_A_HL|NL92E,EL93W,YL94G",-1.5503801,-0.8569196,1,2
"3L5X_A_HL|NL92F,EL93W,YL94G",-1.2329907,-0.70967287,1,2
"3L5X_A_HL|NL92L,EL93D,YL94S",-0.6170473,0.24549437,1,2
"3L5X_A_HL|NL92L,EL93L,YL94G",-0.6259698,0.06381139,1,2
"3L5X_A_HL|NL92L,EL93M,YL94G",-0.82567644,0.32251233,1,2
"3L5X_A_HL|NL92L,EL93N,YL94G",-0.6954369,0.43212548,1,2
"3L5X_A_HL|NL92S,EL93H,YL94G",-1.2457265,0.40419102,1,2
"3L5X_A_HL|NL92S,EL93I,YL94G",-0.8069743,0.53216445,1,2
"3L5X_A_HL|NL92S,EL93S,YL94G",-0.24921271,0.6530139,1,2
"3L5X_A_HL|NL92S,EL93V,YL94G",-0.51687235,0.39970884,1,2
"3L5X_A_HL|NL92S,EL93W,YL94A",-0.30302802,-0.43742964,1,2
"3L5X_A_HL|NL92S,EL93W,YL94G",-1.2720501,-0.48925474,1,2
"3L5X_A_HL|NL92S,EL93Y,YL94G",-0.9641868,-0.27856207,1,2
"3L5X_A_HL|NL92V,EL93G,YL94G",-0.46300006,0.03222505,1,2
"3L5X_A_HL|NL92V,EL93W,YL94G",-0.83525383,-0.7478594,1,2
3L5X_A_HL|YL94A,-0.82885176,1.5054495,1,2
3N85_A_LH|SH32A,-0.13401966,0.9522566,1,2
3N85_A_LH|SH32Y,0.0571225,-0.7094953,1,2
3N85_A_LH|SH50G,0.48767117,-0.53294396,1,2
3N85_A_LH|SH52Y,-0.78460336,-1.1305431,1,2
3N85_A_LH|WH100F,-0.015185109,0.9432748,1,2
3N85_A_LH|WH30K,-0.78460336,1.1008273,1,2
3N85_A_LH|WH30R,-0.5539675,0.37708303,1,2
3N85_A_LH|WL91F,0.13959166,0.6339213,1,2
3N85_A_LH|WL94Y,-0.03871881,-0.21461414,1,2
3SE8_HL_G|DH110A,-0.38934898,0.088185094,1,2
3SE8_HL_G|DH114A,-0.2441398,0.8808724,1,2
3SE8_HL_G|DL49A,0.8558488,0.90793186,1,2
3SE8_HL_G|EL1A,-0.5565174,0.34932527,1,2
3SE8_HL_G|EL91A,1.513491,0.39011917,1,2
3SE8_HL_G|FH115A,1.0676043,1.0741582,1,2
3SE8_HL_G|FL90A,-0.8640972,0.8929625,1,2
3SE8_HL_G|FL92A,0.8323254,0.6520257,1,2
3SE8_HL_G|GH56A,0.3570972,0.42961088,1,2
3SE8_HL_G|KH52A,1.1114144,-0.25786144,1,2
3SE8_HL_G|LH54A,0.054776184,0.00021251151,1,2
3SE8_HL_G|NL30A,0.19434923,1.125398,1,2
3SE8_HL_G|PH78A,0.01881787,-0.13451119,1,2
3SE8_HL_G|PH81A,-0.07091986,-0.10529326,1,2
3SE8_HL_G|QH63A,1.1144251,-0.17871977,1,2
3SE8_HL_G|QH65A,0.54980505,-0.22002831,1,2
3SE8_HL_G|QH76A,0.09689985,-0.6913241,1,2
3SE8_HL_G|QL27A,-0.21612903,-0.315144,1,2
3SE8_HL_G|RH30A,-0.03949762,0.21587752,1,2
3SE8_HL_G|RH62A,1.2061691,0.13881965,1,2
3SE8_HL_G|RH72A,2.6444623,1.6207757,1,2
3SE8_HL_G|SH59A,1.1508402,0.06321369,1,2
3SE8_HL_G|VH58A,1.2496852,0.7221015,1,2
3SE8_HL_G|WH47A,1.4751467,1.4442235,1,2
3SE8_HL_G|WH50A,1.333526,2.0396137,1,2
3SE8_HL_G|WH55A,0.7611056,0.09408168,1,2
3SE8_HL_G|YH111A,0.82992166,0.80070573,1,2
3SE8_HL_G|YH60A,0.8558488,0.24532574,1,2
4KRL_A_B|DB112A,0.6496817,1.1398616,1,2
5C6T_HL_A|EA194A,1.0906719,0.6892351,1,2
5C6T_HL_A|FA192A,1.9972014,1.0588673,1,2
5C6T_HL_A|FA199A,2.7581792,1.0433823,1,2
5C6T_HL_A|FA200A,0.41047263,1.2951771,1,2
5C6T_HL_A|FH99A,1.4600298,0.08484559,1,2
5C6T_HL_A|IA201A,0.88561165,-0.082082815,1,2
5C6T_HL_A|NA183A,0.28399685,0.6199628,1,2
5C6T_HL_A|NA186A,0.3630724,-0.378195,1,2
5C6T_HL_A|NA188A,-0.36658686,0.96492034,1,2
"5C6T_HL_A|NA195A,DA197A",0.58650106,2.1312563,1,2
5C6T_HL_A|NH97A,1.5258962,-0.27535787,1,2
5C6T_HL_A|RH31S,0.3115454,0.28485498,1,2
5C6T_HL_A|RL48A,0.1229613,0.14687444,1,2
5C6T_HL_A|SH32A,-0.8683455,0.4163479,1,2
5C6T_HL_A|TA185A,0.33786914,1.0661656,1,2
5C6T_HL_A|YA182A,3.2083547,1.0028613,1,2
"5C6T_HL_A|YA182A,NA195A,DA197A",2.942425,3.3718138,1,2
5C6T_HL_A|YH104A,0.3630724,1.5774258,1,2
5C6T_HL_A|YH98A,1.7166799,0.6540744,1,2
5C6T_HL_A|YL47A,0.5516565,1.3129966,1,2
1DVF_AB_CD|DB100A,2.7895143,0.086573705,2,0
"1DVF_AB_CD|DB100A,DD52A",4.0,0.9258889,2,0
"1DVF_AB_CD|DB100A,HD33A",4.0,0.5439329,2,0
"1DVF_AB_CD|DB100A,ND55A",4.0,0.48948264,2,0
1DVF_AB_CD|DB54A,4.0,0.2238597,2,0
"1DVF_AB_CD|DB54A,YC49A",4.0,0.38673332,2,0
1DVF_AB_CD|DB58A,1.6000048,0.24386361,2,0
"1DVF_AB_CD|DB58A,QD104A",1.4641725,1.714798,2,0
1DVF_AB_CD|DD52A,1.6822901,0.85401475,2,0
1DVF_AB_CD|EB98A,4.0,0.33681366,2,0
"1DVF_AB_CD|EB98A,YD102A",4.0,1.1325258,2,0
1DVF_AB_CD|HA30A,1.6493824,-5.782768e-05,2,0
1DVF_AB_CD|HD33A,1.8606005,0.363644,2,0
1DVF_AB_CD|ID101A,2.6815457,0.8044145,2,0
1DVF_AB_CD|KD30A,1.0035173,0.34077656,2,0
1DVF_AB_CD|NB56A,1.1624389,0.28027618,2,0
"1DVF_AB_CD|NB56A,HD33A",2.5259995,0.44158965,2,0
"1DVF_AB_CD|NB56A,ND55A",2.3010929,0.5171964,2,0
"1DVF_AB_CD|NB56A,QD104A",1.4868644,1.3471674,2,0
1DVF_AB_CD|ND55A,1.8606005,0.37452483,2,0
1DVF_AB_CD|QD104A,1.6287225,1.2411696,2,0
1DVF_AB_CD|RB99A,1.8746451,0.2022085,2,0
1DVF_AB_CD|RD106A,4.0,0.7906202,2,0
1DVF_AB_CD|SA93A,1.1624389,0.048109487,2,0
1DVF_AB_CD|TB30A,0.9075126,-0.22094476,2,0
1DVF_AB_CD|WA92A,0.34072307,0.15979758,2,0
1DVF_AB_CD|WB52A,4.0,0.4395334,2,0
"1DVF_AB_CD|WB52A,QD104A",4.0,1.6361951,2,0
1DVF_AB_CD|YA32A,2.0303695,0.40013003,2,0
"1DVF_AB_CD|YA32A,RD106A",4.0,0.9175458,2,0
1DVF_AB_CD|YA49A,1.6785902,0.5310416,2,0
"1DVF_AB_CD|YA49A,HD33A",2.625045,0.6643003,2,0
"1DVF_AB_CD|YA49A,ND55A",2.0303695,0.8586327,2,0
1DVF_AB_CD|YA50A,0.6877736,0.6536038,2,0
1DVF_AB_CD|YB101F,2.0123136,0.47304997,2,0
1DVF_AB_CD|YB32A,1.8314707,0.3082957,2,0
1DVF_AB_CD|YC49A,1.8606005,0.48530212,2,0
1DVF_AB_CD|YD102A,4.0,0.8531586,2,0
1MHP_HL_A|FH99W,0.0,-0.06925237,2,0
1MHP_HL_A|FH99Y,0.75466895,-0.1979608,2,0
1MHP_HL_A|GH100F,0.38901797,0.20058247,2,0
1MHP_HL_A|GH100L,2.727121,0.00034545362,2,0
1MHP_HL_A|GH100M,0.10213403,0.14981475,2,0
1MHP_HL_A|GH100S,0.5577475,0.33729297,2,0
1MHP_HL_A|GH53A,0.5126066,0.42333293,2,0
1MHP_HL_A|GH53N,1.2553134,0.39563015,2,0
1MHP_HL_A|GH53S,0.6755934,0.27403513,2,0
1MHP_HL_A|GH54I,1.3635606,0.04882016,2,0
1MHP_HL_A|GH54T,1.1641668,0.49080002,2,0
1MHP_HL_A|GH54Y,0.0,-0.34297094,2,0
1MHP_HL_A|GL91Q,1.572685,0.15886864,2,0
1MHP_HL_A|GL91S,0.5126066,0.28566465,2,0
1MHP_HL_A|HL30K,1.1641668,0.05504673,2,0
1MHP_HL_A|HL30R,1.1237977,-0.014151625,2,0
1MHP_HL_A|HL30W,1.2553134,-0.12117241,2,0
1MHP_HL_A|KH64D,-0.17144196,-0.5421245,2,0
1MHP_HL_A|KH64E,-0.07761467,-0.40548232,2,0
"1MHP_HL_A|KH64E,SL27Q",-0.85684633,-0.71811426,2,0
"1MHP_HL_A|KH64E,SL27Q,NL51Y",-1.0191593,-1.6192815,2,0
1MHP_HL_A|KH64N,-0.03627145,-0.19144578,2,0
1MHP_HL_A|KH64Q,-0.07761467,-0.28338063,2,0
1MHP_HL_A|LH60D,-0.061319917,0.0700962,2,0
"1MHP_HL_A|LH60D,KH64E",-0.1418005,-0.2707344,2,0
"1MHP_HL_A|LH60D,KH64Q",0.042989343,-0.18358067,2,0
1MHP_HL_A|LL48F,0.71227974,0.071529716,2,0
1MHP_HL_A|LL48K,0.8612009,-0.04725255,2,0
1MHP_HL_A|LL48W,1.9075676,-0.16613075,2,0
1MHP_HL_A|NL29V,1.0493295,-0.21574262,2,0
1MHP_HL_A|NL29W,1.572685,-0.15063094,2,0
1MHP_HL_A|NL29Y,1.9075676,-0.25026515,2,0
"1MHP_HL_A|NL29Y,SL90I",0.43436813,-0.37231523,2,0
1MHP_HL_A|NL51D,0.5007625,-0.26445678,2,0
1MHP_HL_A|NL51E,-0.08868487,-0.21286243,2,0
1MHP_HL_A|NL51K,0.65751,-0.020556033,2,0
1MHP_HL_A|NL51R,0.84484076,-0.13556011,2,0
1MHP_HL_A|NL51Y,-0.05162489,-0.66697276,2,0
1MHP_HL_A|RH31Q,1.3073281,0.1083976,2,0
1MHP_HL_A|SH35A,1.572685,-0.018981703,2,0
"1MHP_HL_A|SH35A,GH102S",1.572685,0.46455583,2,0
1MHP_HL_A|SH35Q,2.727121,-0.23524386,2,0
"1MHP_HL_A|SH35V,GH102S",1.4256749,0.17922577,2,0
1MHP_HL_A|SH52M,2.0758402,-0.13778311,2,0
1MHP_HL_A|SL23R,-0.21533228,-0.12961999,2,0
1MHP_HL_A|SL27Q,-0.6661127,-0.22549555,2,0
1MHP_HL_A|SL90Q,1.7740332,-0.11557403,2,0
1MHP_HL_A|SL90T,2.3166485,0.07716756,2,0
"1MHP_HL_A|TH33E,GH53Q",1.6674565,0.0642471,2,0
"1MHP_HL_A|TH33I,SH52T,GH53N,GH54N",1.9075676,0.9655436,2,0
"1MHP_HL_A|TH33I,SH52T,GH53Q,GH54F",1.2553134,0.4019702,2,0
1MHP_HL_A|TH33N,2.727121,0.2003246,2,0
1MHP_HL_A|TH33V,0.43436813,0.016400699,2,0
1MHP_HL_A|TH50V,-0.13159887,-0.89675176,2,0
"1MHP_HL_A|TH50V,GH102S",1.6674565,-0.22677869,2,0
"1MHP_HL_A|TH50V,KH64E",-0.1805197,-1.2628287,2,0
"1MHP_HL_A|TH50V,KH64E,SL27Q,NL51E",-1.267319,-2.0392063,2,0
"1MHP_HL_A|TH50V,KH64E,SL27Q,NL51Y",-1.0844951,-2.4562178,2,0
"1MHP_HL_A|TH50V,SH35A",2.0758402,-0.71837187,2,0
"1MHP_HL_A|TH50V,SH35V",2.727121,-1.070676,2,0
"1MHP_HL_A|TH50V,SL27Q",-0.6946839,-1.1580906,2,0
"1MHP_HL_A|TH50V,SL27Q,NL51Y",-1.0235296,-2.051781,2,0
1MHP_HL_A|WL89Q,2.0758402,0.14467043,2,0
"1MHP_HL_A|WL89Q,FL32Y",0.871019,-0.1294502,2,0
1MHP_HL_A|YH58E,2.0758402,0.18889324,2,0
1MHP_HL_A|YH58Q,2.0758402,0.14752294,2,0
1MHP_HL_A|YH58W,0.82094526,0.010953233,2,0
1MHP_HL_A|YH59E,0.54400706,-0.16010821,2,0
1N8Z_AB_C|DB102W,-0.71302944,-0.13079506,2,0
1N8Z_AB_C|FC539A,0.035102826,0.7536342,2,0
1N8Z_AB_C|HA91F,0.034232877,-0.026898026,2,0
1N8Z_AB_C|LC509A,-0.023045197,0.4330585,2,0
1N8Z_AB_C|NA30S,0.06666317,0.053420845,2,0
"1N8Z_AB_C|NA30S,HA91F,YA92W",-0.07476232,0.057705246,2,0
"1N8Z_AB_C|NA30S,HA91F,YA92W,TA94S,DB102W,YB105F,YB109V",0.050661404,-0.17241994,2,0
1N8Z_AB_C|RB50A,2.9754758,-0.028293632,2,0
1N8Z_AB_C|RB59A,1.8037988,0.28428188,2,0
1N8Z_AB_C|SC535A,0.030827092,0.18019897,2,0
1N8Z_AB_C|TA94S,0.32168603,-0.22777611,2,0
1N8Z_AB_C|VC536A,0.008972699,0.5170535,2,0
1N8Z_AB_C|YB105F,0.8540034,0.123233564,2,0
1N8Z_AB_C|YB109V,0.23192272,0.073739454,2,0
1XGQ_AB_C|VB33A,1.1525793,0.6966983,2,0
1XGQ_AB_C|VB33F,-2.9080825,0.30005294,2,0
1XGQ_AB_C|VB33I,-1.1076277,0.34644994,2,0
1XGQ_AB_C|VB33L,-1.0463123,0.2565573,2,0
1YQV_HL_Y|RY45K,1.8995041,-0.06077502,2,0
"1YQV_HL_Y|RY68K,TY40S,IY55V,SY91T",4.0,0.18840066,2,0
"1YQV_HL_Y|RY68K,TY40S,IY55V,SY91T,QY121H",0.0,0.23850393,2,0
1YY9_CD_A|AC25P,0.07225565,0.15240744,2,0
1YY9_CD_A|AD98P,1.0372273,-0.37654403,2,0
1YY9_CD_A|GD54P,0.26807046,0.15496592,2,0
1YY9_CD_A|LD29P,0.030827092,0.47416314,2,0
1YY9_CD_A|NC93A,-0.74186975,0.1043951,2,0
1YY9_CD_A|ND56A,-0.057046015,0.27599192,2,0
1YY9_CD_A|SC26D,-0.19925442,-0.28802386,2,0
"1YY9_CD_A|SC26D,TC31E,NC93A",-1.3329437,-0.56175995,2,0
"1YY9_CD_A|SC26D,TC31E,NC93A,ND56A,TD61E",-0.6517935,-0.8959297,2,0
1YY9_CD_A|SC26P,-0.009110746,-0.22343606,2,0
1YY9_CD_A|SC28P,-0.22229962,0.027602691,2,0
1YY9_CD_A|SC54P,-0.018363854,-0.02780296,2,0
1YY9_CD_A|SD53P,0.8175451,0.13799489,2,0
1YY9_CD_A|TC31E,-0.51892465,-0.23924682,2,0
"1YY9_CD_A|TC31E,NC93A",-0.81853306,-0.19504878,2,0
1YY9_CD_A|TC96P,4.0,-0.036851443,2,0
1YY9_CD_A|TD61E,-0.057046015,-0.2823089,2,0
1YY9_CD_A|WD52P,1.4782712,0.3544493,2,0
1YY9_CD_A|YD101P,1.6514195,0.4524918,2,0
3NPS_A_BC|DA214A,1.466743,0.6684625,2,0
3NPS_A_BC|DA46A,0.3399866,0.834787,2,0
3NPS_A_BC|DA47A,1.0674704,0.67052174,2,0
3NPS_A_BC|DA91A,1.5070341,0.7616353,2,0
3NPS_A_BC|EA163A,0.61534816,0.74603057,2,0
3NPS_A_BC|FA50A,0.21957076,1.1153265,2,0
3NPS_A_BC|FA89A,1.5714045,0.607203,2,0
3NPS_A_BC|FA92A,0.46353978,0.5726385,2,0
3NPS_A_BC|HA138A,1.8750918,0.56934965,2,0
3NPS_A_BC|IA26A,0.6415425,0.4257555,2,0
3NPS_A_BC|IA45A,-0.33181784,0.6836766,2,0
3NPS_A_BC|KA221A,-0.10361039,0.90325654,2,0
3NPS_A_BC|LA147A,0.29573628,0.46085188,2,0
3NPS_A_BC|NA90A,0.25341922,0.5516583,2,0
3NPS_A_BC|QA140A,0.29573628,0.75435627,2,0
3NPS_A_BC|QA168A,-0.059223834,1.0370955,2,0
3NPS_A_BC|QA169A,0.7409076,0.91687644,2,0
3NPS_A_BC|QA218A,-0.040916756,0.768216,2,0
3NPS_A_BC|QA23A,0.026323749,0.99914443,2,0
3NPS_A_BC|RA219A,-0.08390186,0.6833116,2,0
3NPS_A_BC|RA48A,-1.062741,0.6096319,2,0
3NPS_A_BC|RA51A,0.13816836,0.8408059,2,0
3NPS_A_BC|RA82A,-0.15159543,0.4175839,2,0
3NPS_A_BC|TA144A,0.17497002,0.5522481,2,0
3NPS_A_BC|TA93A,0.72381234,0.891073,2,0
3NPS_A_BC|YA141A,1.7748737,0.9522482,2,0
3NPS_A_BC|YA52A,0.4518898,0.9428382,2,0
3W2D_A_HL|KA67N,4.0,0.14696147,2,0
3W2D_A_HL|KA67R,-0.42812017,0.051671095,2,0
3W2D_A_HL|YA45F,0.8779443,-0.122217596,2,0
3W2D_A_HL|YA45L,2.3647563,0.30840248,2,0
"4KRO_A_B|DA321T,FA323A",0.1269707,0.8453238,2,0
"4KRP_A_B|DA277T,FA279A",0.35829666,0.81469107,2,0
4NM8_ABCDEF_HL|DB19N,0.66149956,-0.11328724,2,0
4NM8_ABCDEF_HL|IB18M,0.10977998,-0.20701861,2,0
4NM8_ABCDEF_HL|LB38Y,-0.6151596,-0.24009523,2,0
4NM8_ABCDEF_HL|QB34R,2.9754758,-0.124925464,2,0
4NM8_ABCDEF_HL|QB34T,2.3309386,-0.102581725,2,0
4NM8_ABCDEF_HL|RB25M,3.442353,0.027546678,2,0
4NM8_ABCDEF_HL|TB32E,-0.5517196,0.06532192,2,0
4NM8_ABCDEF_HL|TB32I,-0.050205972,0.074972786,2,0
4NM8_ABCDEF_HL|TB32R,1.2211944,0.083256364,2,0
1DVF_AB_CD|DB100A,2.7895143,0.56029844,2,1
"1DVF_AB_CD|DB100A,DD52A",4.0,1.2383875,2,1
"1DVF_AB_CD|DB100A,HD33A",4.0,1.1048356,2,1
"1DVF_AB_CD|DB100A,ND55A",4.0,1.0206023,2,1
1DVF_AB_CD|DB54A,4.0,0.7025033,2,1
"1DVF_AB_CD|DB54A,YC49A",4.0,2.8980522,2,1
1DVF_AB_CD|DB58A,1.6000048,0.48122963,2,1
"1DVF_AB_CD|DB58A,QD104A",1.4641725,1.4711398,2,1
1DVF_AB_CD|DD52A,1.6822901,0.8019678,2,1
1DVF_AB_CD|EB98A,4.0,1.3240361,2,1
"1DVF_AB_CD|EB98A,YD102A",4.0,2.527555,2,1
1DVF_AB_CD|HA30A,1.6493824,0.15569885,2,1
1DVF_AB_CD|HD33A,1.8606005,0.65446347,2,1
1DVF_AB_CD|ID101A,2.6815457,0.5384022,2,1
1DVF_AB_CD|KD30A,1.0035173,0.38724947,2,1
1DVF_AB_CD|NB56A,1.1624389,0.1895847,2,1
"1DVF_AB_CD|NB56A,HD33A",2.5259995,0.88875973,2,1
"1DVF_AB_CD|NB56A,ND55A",2.3010929,0.65191036,2,1
"1DVF_AB_CD|NB56A,QD104A",1.4868644,1.416964,2,1
1DVF_AB_CD|ND55A,1.8606005,0.50805503,2,1
1DVF_AB_CD|QD104A,1.6287225,1.1649895,2,1
1DVF_AB_CD|RB99A,1.8746451,0.34097648,2,1
1DVF_AB_CD|RD106A,4.0,0.725277,2,1
1DVF_AB_CD|SA93A,1.1624389,0.4242506,2,1
1DVF_AB_CD|TB30A,0.9075126,0.30988586,2,1
1DVF_AB_CD|WA92A,0.34072307,1.8295923,2,1
1DVF_AB_CD|WB52A,4.0,1.0763508,2,1
"1DVF_AB_CD|WB52A,QD104A",4.0,2.2367587,2,1
1DVF_AB_CD|YA32A,2.0303695,1.5446585,2,1
"1DVF_AB_CD|YA32A,RD106A",4.0,2.517766,2,1
1DVF_AB_CD|YA49A,1.6785902,0.71773183,2,1
"1DVF_AB_CD|YA49A,HD33A",2.625045,1.3398877,2,1
"1DVF_AB_CD|YA49A,ND55A",2.0303695,1.3817897,2,1
1DVF_AB_CD|YA50A,0.6877736,1.0829023,2,1
1DVF_AB_CD|YB101F,2.0123136,0.3224836,2,1
1DVF_AB_CD|YB32A,1.8314707,1.3447602,2,1
1DVF_AB_CD|YC49A,1.8606005,1.6618034,2,1
1DVF_AB_CD|YD102A,4.0,1.1336302,2,1
1MHP_HL_A|FH99W,0.0,-0.14903352,2,1
1MHP_HL_A|FH99Y,0.75466895,-0.2901114,2,1
1MHP_HL_A|GH100F,0.38901797,-0.24861473,2,1
1MHP_HL_A|GH100L,2.727121,-0.26554537,2,1
1MHP_HL_A|GH100M,0.10213403,-0.21872655,2,1
1MHP_HL_A|GH100S,0.5577475,-0.13880333,2,1
1MHP_HL_A|GH53A,0.5126066,0.4017571,2,1
1MHP_HL_A|GH53N,1.2553134,0.19808327,2,1
1MHP_HL_A|GH53S,0.6755934,-0.13029782,2,1
1MHP_HL_A|GH54I,1.3635606,-0.16285837,2,1
1MHP_HL_A|GH54T,1.1641668,0.18792664,2,1
1MHP_HL_A|GH54Y,0.0,-0.49183357,2,1
1MHP_HL_A|GL91Q,1.572685,-0.3308909,2,1
1MHP_HL_A|GL91S,0.5126066,-0.27098358,2,1
1MHP_HL_A|HL30K,1.1641668,-0.012131052,2,1
1MHP_HL_A|HL30R,1.1237977,-0.42788064,2,1
1MHP_HL_A|HL30W,1.2553134,-0.42488354,2,1
1MHP_HL_A|KH64D,-0.17144196,-0.92333764,2,1
1MHP_HL_A|KH64E,-0.07761467,-0.92765003,2,1
"1MHP_HL_A|KH64E,SL27Q",-0.85684633,-1.0730765,2,1
"1MHP_HL_A|KH64E,SL27Q,NL51Y",-1.0191593,-1.6492968,2,1
1MHP_HL_A|KH64N,-0.03627145,-0.47271144,2,1
1MHP_HL_A|KH64Q,-0.07761467,-0.7805927,2,1
1MHP_HL_A|LH60D,-0.061319917,-0.07303173,2,1
"1MHP_HL_A|LH60D,KH64E",-0.1418005,-0.7702235,2,1
"1MHP_HL_A|LH60D,KH64Q",0.042989343,-0.6733384,2,1
1MHP_HL_A|LL48F,0.71227974,0.040705353,2,1
1MHP_HL_A|LL48K,0.8612009,0.33535302,2,1
1MHP_HL_A|LL48W,1.9075676,-0.15637353,2,1
1MHP_HL_A|NL29V,1.0493295,-0.5000448,2,1
1MHP_HL_A|NL29W,1.572685,-0.5261253,2,1
1MHP_HL_A|NL29Y,1.9075676,-0.6211244,2,1
"1MHP_HL_A|NL29Y,SL90I",0.43436813,-0.6704078,2,1
1MHP_HL_A|NL51D,0.5007625,-0.50012934,2,1
1MHP_HL_A|NL51E,-0.08868487,-0.49027476,2,1
1MHP_HL_A|NL51K,0.65751,-0.11701405,2,1
1MHP_HL_A|NL51R,0.84484076,-0.29391748,2,1
1MHP_HL_A|NL51Y,-0.05162489,-0.6506636,2,1
1MHP_HL_A|RH31Q,1.3073281,-0.11227733,2,1
1MHP_HL_A|SH35A,1.572685,0.8726576,2,1
"1MHP_HL_A|SH35A,GH102S",1.572685,0.7433274,2,1
1MHP_HL_A|SH35Q,2.727121,0.12386818,2,1
"1MHP_HL_A|SH35V,GH102S",1.4256749,-0.10901954,2,1
1MHP_HL_A|SH52M,2.0758402,0.0045032725,2,1
1MHP_HL_A|SL23R,-0.21533228,0.25462508,2,1
1MHP_HL_A|SL27Q,-0.6661127,-0.33492815,2,1
1MHP_HL_A|SL90Q,1.7740332,-0.19194075,2,1
1MHP_HL_A|SL90T,2.3166485,0.74021775,2,1
"1MHP_HL_A|TH33E,GH53Q",1.6674565,-0.2942306,2,1
"1MHP_HL_A|TH33I,SH52T,GH53N,GH54N",1.9075676,0.84488285,2,1
"1MHP_HL_A|TH33I,SH52T,GH53Q,GH54F",1.2553134,-0.22397295,2,1
1MHP_HL_A|TH33N,2.727121,-0.1748341,2,1
1MHP_HL_A|TH33V,0.43436813,-0.40249896,2,1
1MHP_HL_A|TH50V,-0.13159887,-0.5181409,2,1
"1MHP_HL_A|TH50V,GH102S",1.6674565,-0.5303296,2,1
"1MHP_HL_A|TH50V,KH64E",-0.1805197,-1.2640902,2,1
"1MHP_HL_A|TH50V,KH64E,SL27Q,NL51E",-1.267319,-1.891233,2,1
"1MHP_HL_A|TH50V,KH64E,SL27Q,NL51Y",-1.0844951,-2.1180825,2,1
"1MHP_HL_A|TH50V,SH35A",2.0758402,0.3256915,2,1
"1MHP_HL_A|TH50V,SH35V",2.727121,-0.5599483,2,1
"1MHP_HL_A|TH50V,SL27Q",-0.6946839,-0.8274172,2,1
"1MHP_HL_A|TH50V,SL27Q,NL51Y",-1.0235296,-1.4912838,2,1
1MHP_HL_A|WL89Q,2.0758402,0.5133683,2,1
"1MHP_HL_A|WL89Q,FL32Y",0.871019,0.30796224,2,1
1MHP_HL_A|YH58E,2.0758402,-0.2584133,2,1
1MHP_HL_A|YH58Q,2.0758402,-0.09472036,2,1
1MHP_HL_A|YH58W,0.82094526,-0.37400147,2,1
1MHP_HL_A|YH59E,0.54400706,0.3129991,2,1
1N8Z_AB_C|DB102W,-0.71302944,-0.31924373,2,1
1N8Z_AB_C|FC539A,0.035102826,0.89916605,2,1
1N8Z_AB_C|HA91F,0.034232877,-0.19868399,2,1
1N8Z_AB_C|LC509A,-0.023045197,1.1141613,2,1
1N8Z_AB_C|NA30S,0.06666317,-0.35059232,2,1
"1N8Z_AB_C|NA30S,HA91F,YA92W",-0.07476232,-0.45979327,2,1
"1N8Z_AB_C|NA30S,HA91F,YA92W,TA94S,DB102W,YB105F,YB109V",0.050661404,-1.1980509,2,1
1N8Z_AB_C|RB50A,2.9754758,0.6536959,2,1
1N8Z_AB_C|RB59A,1.8037988,0.3314057,2,1
1N8Z_AB_C|SC535A,0.030827092,0.70751536,2,1
1N8Z_AB_C|TA94S,0.32168603,-0.39857098,2,1
1N8Z_AB_C|VC536A,0.008972699,0.764138,2,1
1N8Z_AB_C|YB105F,0.8540034,0.2335487,2,1
1N8Z_AB_C|YB109V,0.23192272,0.07228626,2,1
1XGQ_AB_C|VB33A,1.1525793,1.3063234,2,1
1XGQ_AB_C|VB33F,-2.9080825,-0.35076347,2,1
1XGQ_AB_C|VB33I,-1.1076277,0.09264759,2,1
1XGQ_AB_C|VB33L,-1.0463123,-0.099026784,2,1
1YQV_HL_Y|RY45K,1.8995041,-0.28824508,2,1
"1YQV_HL_Y|RY68K,TY40S,IY55V,SY91T",4.0,-0.21381296,2,1
"1YQV_HL_Y|RY68K,TY40S,IY55V,SY91T,QY121H",0.0,-0.27486384,2,1
1YY9_CD_A|AC25P,0.07225565,-0.5664893,2,1
1YY9_CD_A|AD98P,1.0372273,-1.0680858,2,1
1YY9_CD_A|GD54P,0.26807046,-0.036209926,2,1
1YY9_CD_A|LD29P,0.030827092,0.042454597,2,1
1YY9_CD_A|NC93A,-0.74186975,0.044658333,2,1
1YY9_CD_A|ND56A,-0.057046015,0.14907616,2,1
1YY9_CD_A|SC26D,-0.19925442,-0.14969018,2,1
"1YY9_CD_A|SC26D,TC31E,NC93A",-1.3329437,-0.17130023,2,1
"1YY9_CD_A|SC26D,TC31E,NC93A,ND56A,TD61E",-0.6517935,-0.42199066,2,1
1YY9_CD_A|SC26P,-0.009110746,-0.12248883,2,1
1YY9_CD_A|SC28P,-0.22229962,-0.34004694,2,1
1YY9_CD_A|SC54P,-0.018363854,0.0012038555,2,1
1YY9_CD_A|SD53P,0.8175451,0.04658874,2,1
1YY9_CD_A|TC31E,-0.51892465,-0.27781007,2,1
"1YY9_CD_A|TC31E,NC93A",-0.81853306,-0.08289458,2,1
1YY9_CD_A|TC96P,4.0,-0.013121979,2,1
1YY9_CD_A|TD61E,-0.057046015,-0.43930945,2,1
1YY9_CD_A|WD52P,1.4782712,0.34384954,2,1
1YY9_CD_A|YD101P,1.6514195,0.23609254,2,1
3NPS_A_BC|DA214A,1.466743,0.41905457,2,1
3NPS_A_BC|DA46A,0.3399866,0.8324437,2,1
3NPS_A_BC|DA47A,1.0674704,0.9979291,2,1
3NPS_A_BC|DA91A,1.5070341,1.1789471,2,1
3NPS_A_BC|EA163A,0.61534816,1.528962,2,1
3NPS_A_BC|FA50A,0.21957076,1.6626375,2,1
3NPS_A_BC|FA89A,1.5714045,1.3444833,2,1
3NPS_A_BC|FA92A,0.46353978,1.5499012,2,1
3NPS_A_BC|HA138A,1.8750918,0.6166126,2,1
3NPS_A_BC|IA26A,0.6415425,0.89331794,2,1
3NPS_A_BC|IA45A,-0.33181784,0.9227776,2,1
3NPS_A_BC|KA221A,-0.10361039,0.7496119,2,1
3NPS_A_BC|LA147A,0.29573628,0.91313463,2,1
3NPS_A_BC|NA90A,0.25341922,0.9160665,2,1
3NPS_A_BC|QA140A,0.29573628,0.7770882,2,1
3NPS_A_BC|QA168A,-0.059223834,1.2060775,2,1
3NPS_A_BC|QA169A,0.7409076,1.2950598,2,1
3NPS_A_BC|QA218A,-0.040916756,1.071211,2,1
3NPS_A_BC|QA23A,0.026323749,1.0558523,2,1
3NPS_A_BC|RA219A,-0.08390186,0.6301265,2,1
3NPS_A_BC|RA48A,-1.062741,0.44003475,2,1
3NPS_A_BC|RA51A,0.13816836,0.5054014,2,1
3NPS_A_BC|RA82A,-0.15159543,0.8101689,2,1
3NPS_A_BC|TA144A,0.17497002,0.67393064,2,1
3NPS_A_BC|TA93A,0.72381234,1.0688589,2,1
3NPS_A_BC|YA141A,1.7748737,1.1544355,2,1
3NPS_A_BC|YA52A,0.4518898,1.2827889,2,1
3W2D_A_HL|KA67N,4.0,-0.26788497,2,1
3W2D_A_HL|KA67R,-0.42812017,-0.15420416,2,1
3W2D_A_HL|YA45F,0.8779443,-0.13265356,2,1
3W2D_A_HL|YA45L,2.3647563,0.31389734,2,1
"4KRO_A_B|DA321T,FA323A",0.1269707,1.2812036,2,1
"4KRP_A_B|DA277T,FA279A",0.35829666,1.2347729,2,1
4NM8_ABCDEF_HL|DB19N,0.66149956,0.6026634,2,1
4NM8_ABCDEF_HL|IB18M,0.10977998,-0.18216519,2,1
4NM8_ABCDEF_HL|LB38Y,-0.6151596,0.4190752,2,1
4NM8_ABCDEF_HL|QB34R,2.9754758,0.48945004,2,1
4NM8_ABCDEF_HL|QB34T,2.3309386,0.17181599,2,1
4NM8_ABCDEF_HL|RB25M,3.442353,-0.097357735,2,1
4NM8_ABCDEF_HL|TB32E,-0.5517196,-0.15878052,2,1
4NM8_ABCDEF_HL|TB32I,-0.050205972,0.16165309,2,1
4NM8_ABCDEF_HL|TB32R,1.2211944,0.4272643,2,1
1DVF_AB_CD|DB100A,2.7895143,1.4740694,2,2
"1DVF_AB_CD|DB100A,DD52A",4.0,3.147286,2,2
"1DVF_AB_CD|DB100A,HD33A",4.0,1.987707,2,2
"1DVF_AB_CD|DB100A,ND55A",4.0,2.0262246,2,2
1DVF_AB_CD|DB54A,4.0,0.61699533,2,2
"1DVF_AB_CD|DB54A,YC49A",4.0,1.4941529,2,2
1DVF_AB_CD|DB58A,1.6000048,1.2956719,2,2
"1DVF_AB_CD|DB58A,QD104A",1.4641725,1.8108548,2,2
1DVF_AB_CD|DD52A,1.6822901,1.141836,2,2
1DVF_AB_CD|EB98A,4.0,0.8583183,2,2
"1DVF_AB_CD|EB98A,YD102A",4.0,2.6235127,2,2
1DVF_AB_CD|HA30A,1.6493824,0.3868997,2,2
1DVF_AB_CD|HD33A,1.8606005,0.6229781,2,2
1DVF_AB_CD|ID101A,2.6815457,0.6315258,2,2
1DVF_AB_CD|KD30A,1.0035173,0.5885653,2,2
1DVF_AB_CD|NB56A,1.1624389,0.8373027,2,2
"1DVF_AB_CD|NB56A,HD33A",2.5259995,1.3264445,2,2
"1DVF_AB_CD|NB56A,ND55A",2.3010929,1.2393061,2,2
"1DVF_AB_CD|NB56A,QD104A",1.4868644,1.7334901,2,2
1DVF_AB_CD|ND55A,1.8606005,0.44556397,2,2
1DVF_AB_CD|QD104A,1.6287225,0.50510764,2,2
1DVF_AB_CD|RB99A,1.8746451,0.3045745,2,2
1DVF_AB_CD|RD106A,4.0,0.28028253,2,2
1DVF_AB_CD|SA93A,1.1624389,0.5824523,2,2
1DVF_AB_CD|TB30A,0.9075126,0.08521309,2,2
1DVF_AB_CD|WA92A,0.34072307,1.1255527,2,2
1DVF_AB_CD|WB52A,4.0,0.88439256,2,2
"1DVF_AB_CD|WB52A,QD104A",4.0,1.6835792,2,2
1DVF_AB_CD|YA32A,2.0303695,1.4154675,2,2
"1DVF_AB_CD|YA32A,RD106A",4.0,1.2897993,2,2
1DVF_AB_CD|YA49A,1.6785902,0.9819961,2,2
"1DVF_AB_CD|YA49A,HD33A",2.625045,1.4428622,2,2
"1DVF_AB_CD|YA49A,ND55A",2.0303695,1.2422708,2,2
1DVF_AB_CD|YA50A,0.6877736,1.0540359,2,2
1DVF_AB_CD|YB101F,2.0123136,1.8603193,2,2
1DVF_AB_CD|YB32A,1.8314707,1.290246,2,2
1DVF_AB_CD|YC49A,1.8606005,1.0298916,2,2
1DVF_AB_CD|YD102A,4.0,1.3962624,2,2
1MHP_HL_A|FH99W,0.0,-0.18061468,2,2
1MHP_HL_A|FH99Y,0.75466895,-1.2698091,2,2
1MHP_HL_A|GH100F,0.38901797,-0.23060665,2,2
1MHP_HL_A|GH100L,2.727121,-0.017337427,2,2
1MHP_HL_A|GH100M,0.10213403,-0.49514073,2,2
1MHP_HL_A|GH100S,0.5577475,-0.32513195,2,2
1MHP_HL_A|GH53A,0.5126066,0.90567464,2,2
1MHP_HL_A|GH53N,1.2553134,0.09981258,2,2
1MHP_HL_A|GH53S,0.6755934,0.045488067,2,2
1MHP_HL_A|GH54I,1.3635606,-0.20180304,2,2
1MHP_HL_A|GH54T,1.1641668,0.18109903,2,2
1MHP_HL_A|GH54Y,0.0,-0.72723925,2,2
1MHP_HL_A|GL91Q,1.572685,-0.45189238,2,2
1MHP_HL_A|GL91S,0.5126066,-0.27777544,2,2
1MHP_HL_A|HL30K,1.1641668,0.9514361,2,2
1MHP_HL_A|HL30R,1.1237977,-0.035240017,2,2
1MHP_HL_A|HL30W,1.2553134,0.03212832,2,2
1MHP_HL_A|KH64D,-0.17144196,-0.97079945,2,2
1MHP_HL_A|KH64E,-0.07761467,-0.89846754,2,2
"1MHP_HL_A|KH64E,SL27Q",-0.85684633,-1.1833925,2,2
"1MHP_HL_A|KH64E,SL27Q,NL51Y",-1.0191593,-1.7277503,2,2
1MHP_HL_A|KH64N,-0.03627145,-0.74267536,2,2
1MHP_HL_A|KH64Q,-0.07761467,-0.64731914,2,2
1MHP_HL_A|LH60D,-0.061319917,-0.37508392,2,2
"1MHP_HL_A|LH60D,KH64E",-0.1418005,-1.1003677,2,2
"1MHP_HL_A|LH60D,KH64Q",0.042989343,-0.84233075,2,2
1MHP_HL_A|LL48F,0.71227974,-0.38870966,2,2
1MHP_HL_A|LL48K,0.8612009,0.06039697,2,2
1MHP_HL_A|LL48W,1.9075676,-0.56035715,2,2
1MHP_HL_A|NL29V,1.0493295,0.072508216,2,2
1MHP_HL_A|NL29W,1.572685,0.06154395,2,2
1MHP_HL_A|NL29Y,1.9075676,-0.334955,2,2
"1MHP_HL_A|NL29Y,SL90I",0.43436813,-0.16895048,2,2
1MHP_HL_A|NL51D,0.5007625,-0.26040322,2,2
1MHP_HL_A|NL51E,-0.08868487,-0.102193855,2,2
1MHP_HL_A|NL51K,0.65751,0.5153243,2,2
1MHP_HL_A|NL51R,0.84484076,0.091776125,2,2
1MHP_HL_A|NL51Y,-0.05162489,-0.46909207,2,2
1MHP_HL_A|RH31Q,1.3073281,-0.0050528515,2,2
1MHP_HL_A|SH35A,1.572685,1.844519,2,2
"1MHP_HL_A|SH35A,GH102S",1.572685,1.0518169,2,2
1MHP_HL_A|SH35Q,2.727121,0.8013348,2,2
"1MHP_HL_A|SH35V,GH102S",1.4256749,0.48173514,2,2
1MHP_HL_A|SH52M,2.0758402,-0.20059687,2,2
1MHP_HL_A|SL23R,-0.21533228,-0.11488541,2,2
1MHP_HL_A|SL27Q,-0.6661127,-0.25147817,2,2
1MHP_HL_A|SL90Q,1.7740332,0.13095811,2,2
1MHP_HL_A|SL90T,2.3166485,0.7103738,2,2
"1MHP_HL_A|TH33E,GH53Q",1.6674565,-0.117718965,2,2
"1MHP_HL_A|TH33I,SH52T,GH53N,GH54N",1.9075676,0.34096068,2,2
"1MHP_HL_A|TH33I,SH52T,GH53Q,GH54F",1.2553134,-0.2509956,2,2
1MHP_HL_A|TH33N,2.727121,-0.2725575,2,2
1MHP_HL_A|TH33V,0.43436813,0.026739435,2,2
1MHP_HL_A|TH50V,-0.13159887,0.217516,2,2
"1MHP_HL_A|TH50V,GH102S",1.6674565,-0.3276299,2,2
"1MHP_HL_A|TH50V,KH64E",-0.1805197,-1.2307647,2,2
"1MHP_HL_A|TH50V,KH64E,SL27Q,NL51E",-1.267319,-1.4433575,2,2
"1MHP_HL_A|TH50V,KH64E,SL27Q,NL51Y",-1.0844951,-2.1997705,2,2
"1MHP_HL_A|TH50V,SH35A",2.0758402,1.629963,2,2
"1MHP_HL_A|TH50V,SH35V",2.727121,1.0743574,2,2
"1MHP_HL_A|TH50V,SL27Q",-0.6946839,-0.30046627,2,2
"1MHP_HL_A|TH50V,SL27Q,NL51Y",-1.0235296,-1.3399512,2,2
1MHP_HL_A|WL89Q,2.0758402,0.7160622,2,2
"1MHP_HL_A|WL89Q,FL32Y",0.871019,-0.5535937,2,2
1MHP_HL_A|YH58E,2.0758402,0.83083296,2,2
1MHP_HL_A|YH58Q,2.0758402,0.89865184,2,2
1MHP_HL_A|YH58W,0.82094526,0.79687375,2,2
1MHP_HL_A|YH59E,0.54400706,0.5595764,2,2
1N8Z_AB_C|DB102W,-0.71302944,-0.08011617,2,2
1N8Z_AB_C|FC539A,0.035102826,1.6469622,2,2
1N8Z_AB_C|HA91F,0.034232877,0.22184528,2,2
1N8Z_AB_C|LC509A,-0.023045197,1.3818318,2,2
1N8Z_AB_C|NA30S,0.06666317,-0.045515962,2,2
"1N8Z_AB_C|NA30S,HA91F,YA92W",-0.07476232,0.53815484,2,2
"1N8Z_AB_C|NA30S,HA91F,YA92W,TA94S,DB102W,YB105F,YB109V",0.050661404,1.475174,2,2
1N8Z_AB_C|RB50A,2.9754758,1.4279964,2,2
1N8Z_AB_C|RB59A,1.8037988,0.8786966,2,2
1N8Z_AB_C|SC535A,0.030827092,0.75093967,2,2
1N8Z_AB_C|TA94S,0.32168603,-0.63780135,2,2
1N8Z_AB_C|VC536A,0.008972699,0.77664256,2,2
1N8Z_AB_C|YB105F,0.8540034,1.050276,2,2
1N8Z_AB_C|YB109V,0.23192272,0.4899444,2,2
1XGQ_AB_C|VB33A,1.1525793,1.1514026,2,2
1XGQ_AB_C|VB33F,-2.9080825,-1.7784284,2,2
1XGQ_AB_C|VB33I,-1.1076277,-0.25662667,2,2
1XGQ_AB_C|VB33L,-1.0463123,-0.37540367,2,2
1YQV_HL_Y|RY45K,1.8995041,0.31579542,2,2
"1YQV_HL_Y|RY68K,TY40S,IY55V,SY91T",4.0,0.66858935,2,2
"1YQV_HL_Y|RY68K,TY40S,IY55V,SY91T,QY121H",0.0,0.4520718,2,2
1YY9_CD_A|AC25P,0.07225565,-0.604547,2,2
1YY9_CD_A|AD98P,1.0372273,-1.3033509,2,2
1YY9_CD_A|GD54P,0.26807046,0.07019217,2,2
1YY9_CD_A|LD29P,0.030827092,-0.086190596,2,2
1YY9_CD_A|NC93A,-0.74186975,0.4320437,2,2
1YY9_CD_A|ND56A,-0.057046015,0.87949,2,2
1YY9_CD_A|SC26D,-0.19925442,-0.3451432,2,2
"1YY9_CD_A|SC26D,TC31E,NC93A",-1.3329437,0.2822197,2,2
"1YY9_CD_A|SC26D,TC31E,NC93A,ND56A,TD61E",-0.6517935,0.5028286,2,2
1YY9_CD_A|SC26P,-0.009110746,0.045388386,2,2
1YY9_CD_A|SC28P,-0.22229962,0.10803977,2,2
1YY9_CD_A|SC54P,-0.018363854,0.3490559,2,2
1YY9_CD_A|SD53P,0.8175451,0.45946163,2,2
1YY9_CD_A|TC31E,-0.51892465,-0.0004725475,2,2
"1YY9_CD_A|TC31E,NC93A",-0.81853306,0.6302124,2,2
1YY9_CD_A|TC96P,4.0,0.2708366,2,2
1YY9_CD_A|TD61E,-0.057046015,-0.4548273,2,2
1YY9_CD_A|WD52P,1.4782712,0.3786739,2,2
1YY9_CD_A|YD101P,1.6514195,1.0507423,2,2
3NPS_A_BC|DA214A,1.466743,0.58083236,2,2
3NPS_A_BC|DA46A,0.3399866,0.35976523,2,2
3NPS_A_BC|DA47A,1.0674704,1.0089072,2,2
3NPS_A_BC|DA91A,1.5070341,1.0330685,2,2
3NPS_A_BC|EA163A,0.61534816,0.3484014,2,2
3NPS_A_BC|FA50A,0.21957076,1.254107,2,2
3NPS_A_BC|FA89A,1.5714045,1.3472978,2,2
3NPS_A_BC|FA92A,0.46353978,1.0673687,2,2
3NPS_A_BC|HA138A,1.8750918,0.18733303,2,2
3NPS_A_BC|IA26A,0.6415425,0.56310517,2,2
3NPS_A_BC|IA45A,-0.33181784,0.64311016,2,2
3NPS_A_BC|KA221A,-0.10361039,0.6504285,2,2
3NPS_A_BC|LA147A,0.29573628,0.6202879,2,2
3NPS_A_BC|NA90A,0.25341922,0.7311489,2,2
3NPS_A_BC|QA140A,0.29573628,0.4667503,2,2
3NPS_A_BC|QA168A,-0.059223834,0.16377501,2,2
3NPS_A_BC|QA169A,0.7409076,1.5068785,2,2
3NPS_A_BC|QA218A,-0.040916756,0.37089446,2,2
3NPS_A_BC|QA23A,0.026323749,0.36595353,2,2
3NPS_A_BC|RA219A,-0.08390186,0.40308595,2,2
3NPS_A_BC|RA48A,-1.062741,0.22045952,2,2
3NPS_A_BC|RA51A,0.13816836,0.33067176,2,2
3NPS_A_BC|RA82A,-0.15159543,0.31456622,2,2
3NPS_A_BC|TA144A,0.17497002,0.6612309,2,2
3NPS_A_BC|TA93A,0.72381234,0.9383065,2,2
3NPS_A_BC|YA141A,1.7748737,0.7898729,2,2
3NPS_A_BC|YA52A,0.4518898,0.43487138,2,2
3W2D_A_HL|KA67N,4.0,-0.009663492,2,2
3W2D_A_HL|KA67R,-0.42812017,0.26133347,2,2
3W2D_A_HL|YA45F,0.8779443,-0.62180483,2,2
3W2D_A_HL|YA45L,2.3647563,0.4258098,2,2
"4KRO_A_B|DA321T,FA323A",0.1269707,2.5144758,2,2
"4KRP_A_B|DA277T,FA279A",0.35829666,2.3741293,2,2
4NM8_ABCDEF_HL|DB19N,0.66149956,0.8617713,2,2
4NM8_ABCDEF_HL|IB18M,0.10977998,0.50452006,2,2
4NM8_ABCDEF_HL|LB38Y,-0.6151596,0.37274173,2,2
4NM8_ABCDEF_HL|QB34R,2.9754758,0.80118155,2,2
4NM8_ABCDEF_HL|QB34T,2.3309386,0.55860865,2,2
4NM8_ABCDEF_HL|RB25M,3.442353,0.31022513,2,2
4NM8_ABCDEF_HL|TB32E,-0.5517196,0.04837559,2,2
4NM8_ABCDEF_HL|TB32I,-0.050205972,0.4448944,2,2
4NM8_ABCDEF_HL|TB32R,1.2211944,0.4642552,2,2
"1CZ8_HL_VW|LL4M,DH28T,HH31N,YH101H,TH105S",2.939849,1.4924952,3,0
1KIR_AB_C|SA50Y,-1.3870943,-0.7458619,3,0
1MLC_AB_E|KB65D,0.018548755,-1.1424966,3,0
1MLC_AB_E|NA32G,-0.8773867,0.6208762,3,0
"1MLC_AB_E|NA32G,NA92A",-0.6866531,0.8306184,3,0
"1MLC_AB_E|NA32G,NA92A,SB57V,TB58D",-1.7349738,0.47057134,3,0
1MLC_AB_E|NA32Y,0.0,-1.2256216,3,0
1MLC_AB_E|NA92A,-1.2533532,0.28253335,3,0
"1MLC_AB_E|NA92A,SB57V,TB58D",-2.394188,0.023953015,3,0
"1MLC_AB_E|NA92A,TB28D,SB57V,TB58D",-2.5813644,-0.81791466,3,0
"1MLC_AB_E|NA92A,TB28D,SB57V,TB58D,EB35S,GB99D",-2.9539242,-1.5253739,3,0
"1MLC_AB_E|NA92A,TB28D,SB57V,TB58D,GB99D",-0.20357698,-1.190623,3,0
"1MLC_AB_E|NA92A,TB28D,SB57V,TB58D,NA32L",-2.5843081,0.07564797,3,0
"1MLC_AB_E|NA92A,TB28D,SB57V,TB58D,RB98M,DB100Q",-0.41047263,-0.36441767,3,0
"1MLC_AB_E|NA92A,TB28D,SB57V,TB58D,SA91N,SA93A",-1.6104395,-0.42781335,3,0
"1MLC_AB_E|NA92A,TB28D,SB57V,TB58D,SB30G",-2.3584673,-0.6637593,3,0
"1MLC_AB_E|NA92A,TB28D,SB57V,TB58D,YB32W,RB98V,DB100Q",0.36138764,0.19259213,3,0
"1MLC_AB_E|NA92A,TB28D,SB57V,TB58D,YB59E",-1.4661698,0.16690129,3,0
1MLC_AB_E|SB57A,-0.37902167,0.6736071,3,0
1MLC_AB_E|SB57V,-0.49418068,0.14034893,3,0
"1MLC_AB_E|SB57V,TB58D",-0.9877286,-0.5295185,3,0
1MLC_AB_E|TB28D,-0.15094383,-0.8184702,3,0
1MLC_AB_E|TB31A,0.44700673,0.05932875,3,0
1MLC_AB_E|TB31V,0.5262404,-0.19558263,3,0
1MLC_AB_E|TB31W,0.13214268,-0.44912592,3,0
1MLC_AB_E|TB58D,-0.55968237,-0.72375894,3,0
1NCA_N_LH|DH101K,0.71416,1.202338,3,0
1NCA_N_LH|EH100D,0.41047263,0.38431194,3,0
1NCA_N_LH|NH102Q,0.5426153,-0.11069317,3,0
1NCA_N_LH|NH31Q,0.0,0.2674964,3,0
1NMB_N_LH|DH57E,2.9536283,0.61706483,3,0
1NMB_N_LH|DH57N,2.9536283,0.6350516,3,0
1NMB_N_LH|LL94V,0.9000208,0.030006919,3,0
1NMB_N_LH|TL93F,-0.023903161,-0.5928791,3,0
1NMB_N_LH|TL93W,0.18419003,-0.90008885,3,0
1NMB_N_LH|YH103A,2.14062,1.0423945,3,0
1NMB_N_LH|YH105F,1.4194101,0.40872157,3,0
1NMB_N_LH|YL32F,0.46632215,0.28816336,3,0
1VFB_AB_C|DB100A,3.005002,2.1624403,3,0
"1VFB_AB_C|DB100A,SC24A",3.369756,3.125316,3,0
1VFB_AB_C|DB54A,0.8151114,2.2717733,3,0
"1VFB_AB_C|DB54A,TC118A",1.2546439,1.9870708,3,0
1VFB_AB_C|DB58A,-0.20700333,1.4120945,3,0
1VFB_AB_C|DB58E,0.078081094,0.23102024,3,0
1VFB_AB_C|DB58N,-0.12818155,0.31114888,3,0
1VFB_AB_C|DC119A,0.9530879,1.651506,3,0
1VFB_AB_C|DC18A,0.34013057,1.8525307,3,0
1VFB_AB_C|EB98A,1.1565572,2.7340486,3,0
1VFB_AB_C|GB31A,0.30646533,0.9382322,3,0
1VFB_AB_C|GB31E,-0.5097613,0.35767737,3,0
1VFB_AB_C|GB31W,0.0039611305,0.12231116,3,0
1VFB_AB_C|HA30A,0.84488255,0.7146718,3,0
1VFB_AB_C|IC124A,1.2314179,0.55558175,3,0
1VFB_AB_C|KC116A,0.7134504,1.622697,3,0
1VFB_AB_C|LC129A,0.17154472,0.53620464,3,0
1VFB_AB_C|NA31W,0.17432266,0.57376826,3,0
1VFB_AB_C|NB56A,0.17771798,0.92551976,3,0
1VFB_AB_C|NC19A,0.3960868,0.17279227,3,0
1VFB_AB_C|QC121A,2.876998,-0.21398312,3,0
1VFB_AB_C|RB99A,-0.099735305,1.0473046,3,0
1VFB_AB_C|RB99W,0.7049742,-0.040376764,3,0
1VFB_AB_C|RB99Y,1.235379,-0.42229784,3,0
1VFB_AB_C|RC125A,1.8368999,0.7109551,3,0
1VFB_AB_C|SA93A,0.34312394,0.4122368,3,0
1VFB_AB_C|SB28D,0.0,-0.21529633,3,0
1VFB_AB_C|SB28E,-0.104007296,-0.19861998,3,0
1VFB_AB_C|SB28N,0.14394745,-0.14685124,3,0
1VFB_AB_C|SB28Q,0.078081094,-0.12592936,3,0
1VFB_AB_C|SC24A,0.850965,1.05402,3,0
1VFB_AB_C|TA52F,0.4708752,-0.5494362,3,0
1VFB_AB_C|TA53R,1.6458516,-0.11295511,3,0
1VFB_AB_C|TB30A,-0.05584954,-0.048915017,3,0
1VFB_AB_C|TC118A,0.7650957,0.33888084,3,0
1VFB_AB_C|VC120A,0.9169499,0.18943149,3,0
1VFB_AB_C|WA92A,3.037848,0.64536834,3,0
"1VFB_AB_C|WA92A,IC124A",3.8503337,1.301868,3,0
"1VFB_AB_C|WA92A,LC129A",3.3073628,1.6315323,3,0
"1VFB_AB_C|WA92A,QC121A",3.5189366,0.09258132,3,0
"1VFB_AB_C|WA92A,RC125A",3.3932896,0.74095684,3,0
1VFB_AB_C|WB52A,0.6406274,3.504649,3,0
"1VFB_AB_C|WB52A,DC119A",2.2473724,5.9594893,3,0
1VFB_AB_C|YA32A,1.5281335,2.3115559,3,0
"1VFB_AB_C|YA32A,IC124A",2.9057157,3.0688071,3,0
"1VFB_AB_C|YA32A,QC121A",1.586041,1.8431948,3,0
1VFB_AB_C|YA49A,0.79754156,1.2544051,3,0
1VFB_AB_C|YA50A,0.456086,1.2753432,3,0
"1VFB_AB_C|YA50A,DC119A",1.2314179,3.4200914,3,0
"1VFB_AB_C|YA50A,DC18A",1.265924,3.7346709,3,0
1VFB_AB_C|YA50K,1.7156012,0.98484534,3,0
1VFB_AB_C|YA50R,0.8443241,0.6401421,3,0
1VFB_AB_C|YB101F,1.2695644,1.9381423,3,0
"1VFB_AB_C|YB101F,DC119A",2.736521,4.052192,3,0
"1VFB_AB_C|YB101F,VC120A",2.5384777,2.7986488,3,0
1VFB_AB_C|YB32A,0.7916793,1.0842359,3,0
"1VFB_AB_C|YB32A,KC116A",1.586041,2.592721,3,0
1VFB_AB_C|YB32E,1.9021881,0.5758872,3,0
1VFB_AB_C|YC23A,0.41047263,1.6078249,3,0
1XGP_AB_C|AB33F,-4.0,-3.157686,3,0
1XGP_AB_C|AB33I,-2.260207,-1.7847193,3,0
1XGP_AB_C|AB33L,-2.1988916,-1.782037,3,0
1XGP_AB_C|AB33V,-1.1525793,-1.2572832,3,0
2JEL_LH_P|AP82S,0.0,-0.49883944,3,0
2JEL_LH_P|DP69E,0.9530879,0.43810156,3,0
2JEL_LH_P|EP5D,0.41047263,-0.15926191,3,0
2JEL_LH_P|EP5Q,0.7129768,0.51676583,3,0
2JEL_LH_P|EP68A,0.41047263,0.75851345,3,0
2JEL_LH_P|EP75R,2.727121,1.1522592,3,0
2JEL_LH_P|EP83A,0.0,0.96990216,3,0
2JEL_LH_P|EP85A,0.0,0.7330713,3,0
2JEL_LH_P|EP85D,0.0,-0.39951187,3,0
2JEL_LH_P|EP85K,0.0,0.05853919,3,0
2JEL_LH_P|EP85Q,0.0,0.3418118,3,0
2JEL_LH_P|FP2W,2.6191528,0.90845686,3,0
2JEL_LH_P|FP2Y,0.0,-0.23993823,3,0
2JEL_LH_P|HP76A,-0.41047263,0.95372957,3,0
2JEL_LH_P|HP76D,-0.65058374,0.4325835,3,0
2JEL_LH_P|KP24E,0.0,1.2785513,3,0
2JEL_LH_P|KP27E,0.0,1.1166563,3,0
2JEL_LH_P|KP72E,0.41047263,-0.02852695,3,0
2JEL_LH_P|KP72R,0.0,0.48864317,3,0
2JEL_LH_P|KP79E,0.41047263,0.8394322,3,0
2JEL_LH_P|NP12D,0.0,-0.5537511,3,0
2JEL_LH_P|NP38T,0.0,0.15934372,3,0
2JEL_LH_P|PP11E,0.0,0.0016724505,3,0
2JEL_LH_P|QP3K,4.0,-0.20616633,3,0
2JEL_LH_P|QP4K,1.3635606,-0.5363282,3,0
2JEL_LH_P|QP57E,-0.41047263,0.18047185,3,0
2JEL_LH_P|QP71E,2.727121,-0.30555776,3,0
2JEL_LH_P|RP17G,0.0,0.61416173,3,0
2JEL_LH_P|RP17K,0.0,-0.17175062,3,0
2JEL_LH_P|SP41C,1.4957032,0.39510378,3,0
2JEL_LH_P|SP43C,0.0,0.226232,3,0
2JEL_LH_P|SP46C,0.0,0.40060824,3,0
2JEL_LH_P|SP64T,4.0,-0.17573832,3,0
2JEL_LH_P|TP34Q,0.0,0.18851346,3,0
2JEL_LH_P|TP36Q,0.41047263,0.15037884,3,0
2JEL_LH_P|TP62A,0.0,1.1254045,3,0
2JEL_LH_P|TP62N,0.0,1.0573037,3,0
2JEL_LH_P|TP7N,0.41047263,0.8949686,3,0
2JEL_LH_P|TP7S,0.0,0.3907017,3,0
2JEL_LH_P|VP6F,0.0,-0.2530932,3,0
"2NY7_HL_G|CG27I,CG226Q",0.19971907,-1.2331085,3,0
"2NY7_HL_G|CG27I,CG226Q,MG231A",0.20319231,-1.4274611,3,0
"2NY7_HL_G|GG229C,MG231A",-0.37879732,0.6760229,3,0
"2NY7_HL_G|GG229C,WG13M,MG231A,CG14W,CG110V,CG27I,CG226Q",0.21462485,-2.397012,3,0
"2NY7_HL_G|KG66C,EG102C,CG27I,CG226Q",0.04085667,-1.3220131,3,0
"2NY7_HL_G|KG66C,EG102C,WG13M,MG231A,CG14W,CG110V,CG27I,CG226Q",0.3998023,-2.1058135,3,0
"2NY7_HL_G|KG66C,EG103C,WG13M,MG231A,CG14W,CG110V,CG27I,CG226Q",0.29989544,-2.0242083,3,0
"2NY7_HL_G|WG13M,MG231A,CG14W,CG110V",1.1574335,-0.5124313,3,0
"2NY7_HL_G|WG13M,MG231A,CG14W,CG110V,CG27I,CG226Q",0.44904727,-2.500002,3,0
"2NY7_HL_G|WG13M,MG231A,CG14W,CG110V,KG66C,EG102C",0.55101526,-0.35890895,3,0
"2NY7_HL_G|WG13M,SG92T,WG181S,MG231A,CG14W,CG110V,CG27I,CG226Q",-0.3035898,-2.6473353,3,0
3BN9_B_CD|DB214A,0.5662115,1.283951,3,0
3BN9_B_CD|DB46A,0.42238826,0.7140236,3,0
3BN9_B_CD|DB47A,0.31110755,0.7183217,3,0
3BN9_B_CD|EB163A,0.37321588,0.17151687,3,0
3BN9_B_CD|FB50A,-0.044997852,0.59423244,3,0
3BN9_B_CD|FB89A,0.6392419,1.4376117,3,0
3BN9_B_CD|HB138A,0.085063316,0.7541113,3,0
3BN9_B_CD|IB26A,0.0,0.5400745,3,0
3BN9_B_CD|IB45A,0.8352155,0.15532757,3,0
3BN9_B_CD|KB221A,0.7849689,0.23787877,3,0
3BN9_B_CD|LB147A,0.33619216,-0.036471006,3,0
3BN9_B_CD|NB90A,0.7733444,0.141667,3,0
3BN9_B_CD|PD104H,2.4272547,-0.34007764,3,0
3BN9_B_CD|QB140A,0.1331048,0.18138477,3,0
3BN9_B_CD|QB168A,-0.03469869,0.004535068,3,0
3BN9_B_CD|QB169A,2.5089848,0.30532128,3,0
3BN9_B_CD|QB218A,0.70571065,0.08251423,3,0
3BN9_B_CD|QB23A,-0.41530684,0.2820326,3,0
3BN9_B_CD|QD105V,1.2241027,-0.0269158,3,0
3BN9_B_CD|RB219A,-0.093698174,0.41081467,3,0
3BN9_B_CD|RB48A,-0.044997852,0.5604599,3,0
3BN9_B_CD|RB51A,-0.07155777,0.19055396,3,0
3BN9_B_CD|RB82A,-0.15923285,0.73347896,3,0
3BN9_B_CD|SD30G,1.1861069,-0.07618593,3,0
3BN9_B_CD|SD30N,1.145505,-0.13031705,3,0
3BN9_B_CD|TB144A,0.2908351,0.6596324,3,0
3BN9_B_CD|TB93A,1.1320528,1.1460401,3,0
3BN9_B_CD|TD102Q,-0.02153644,0.08782186,3,0
3BN9_B_CD|TD102R,-0.058294915,-0.026996914,3,0
3BN9_B_CD|TD28R,0.33290586,-0.5192302,3,0
3BN9_B_CD|YB141A,1.0846525,1.9270724,3,0
3BN9_B_CD|YB52A,0.018951595,0.81634,3,0
3BN9_B_CD|YD103S,0.45868576,0.2307435,3,0
4GXU_ABCDEF_MN|DA189E,2.1650882,0.510942,3,0
"4GXU_ABCDEF_MN|DA189E,DA224G",3.0102077,1.0330582,3,0
4GXU_ABCDEF_MN|DA224G,1.9608781,0.640998,3,0
"1CZ8_HL_VW|LL4M,DH28T,HH31N,YH101H,TH105S",2.939849,1.7379559,3,1
1KIR_AB_C|SA50Y,-1.3870943,0.27877334,3,1
1MLC_AB_E|KB65D,0.018548755,-0.16189492,3,1
1MLC_AB_E|NA32G,-0.8773867,0.979863,3,1
"1MLC_AB_E|NA32G,NA92A",-0.6866531,1.0528193,3,1
"1MLC_AB_E|NA32G,NA92A,SB57V,TB58D",-1.7349738,0.73293936,3,1
1MLC_AB_E|NA32Y,0.0,0.4500205,3,1
1MLC_AB_E|NA92A,-1.2533532,-0.08426449,3,1
"1MLC_AB_E|NA92A,SB57V,TB58D",-2.394188,0.10383716,3,1
"1MLC_AB_E|NA92A,TB28D,SB57V,TB58D",-2.5813644,0.42489144,3,1
"1MLC_AB_E|NA92A,TB28D,SB57V,TB58D,EB35S,GB99D",-2.9539242,0.08404492,3,1
"1MLC_AB_E|NA92A,TB28D,SB57V,TB58D,GB99D",-0.20357698,0.76935047,3,1
"1MLC_AB_E|NA92A,TB28D,SB57V,TB58D,NA32L",-2.5843081,1.1635098,3,1
"1MLC_AB_E|NA92A,TB28D,SB57V,TB58D,RB98M,DB100Q",-0.41047263,1.3372072,3,1
"1MLC_AB_E|NA92A,TB28D,SB57V,TB58D,SA91N,SA93A",-1.6104395,0.9906643,3,1
"1MLC_AB_E|NA92A,TB28D,SB57V,TB58D,SB30G",-2.3584673,-0.2390195,3,1
"1MLC_AB_E|NA92A,TB28D,SB57V,TB58D,YB32W,RB98V,DB100Q",0.36138764,1.5343984,3,1
"1MLC_AB_E|NA92A,TB28D,SB57V,TB58D,YB59E",-1.4661698,1.7453318,3,1
1MLC_AB_E|SB57A,-0.37902167,-0.2277404,3,1
1MLC_AB_E|SB57V,-0.49418068,-0.35332778,3,1
"1MLC_AB_E|SB57V,TB58D",-0.9877286,-0.3312264,3,1
1MLC_AB_E|TB28D,-0.15094383,-0.05448734,3,1
1MLC_AB_E|TB31A,0.44700673,0.12678434,3,1
1MLC_AB_E|TB31V,0.5262404,-0.32972085,3,1
1MLC_AB_E|TB31W,0.13214268,-0.80149215,3,1
1MLC_AB_E|TB58D,-0.55968237,-0.9681253,3,1
1NCA_N_LH|DH101K,0.71416,2.3477507,3,1
1NCA_N_LH|EH100D,0.41047263,-0.32363665,3,1
1NCA_N_LH|NH102Q,0.5426153,-0.073088646,3,1
1NCA_N_LH|NH31Q,0.0,0.7146461,3,1
1NMB_N_LH|DH57E,2.9536283,0.31948978,3,1
1NMB_N_LH|DH57N,2.9536283,0.4116732,3,1
1NMB_N_LH|LL94V,0.9000208,-0.038411424,3,1
1NMB_N_LH|TL93F,-0.023903161,-0.9379332,3,1
1NMB_N_LH|TL93W,0.18419003,-1.0890615,3,1
1NMB_N_LH|YH103A,2.14062,0.4689428,3,1
1NMB_N_LH|YH105F,1.4194101,0.15631638,3,1
1NMB_N_LH|YL32F,0.46632215,0.43732387,3,1
1VFB_AB_C|DB100A,3.005002,2.3559756,3,1
"1VFB_AB_C|DB100A,SC24A",3.369756,5.2007504,3,1
1VFB_AB_C|DB54A,0.8151114,3.9859977,3,1
"1VFB_AB_C|DB54A,TC118A",1.2546439,4.8054295,3,1
1VFB_AB_C|DB58A,-0.20700333,1.5407684,3,1
1VFB_AB_C|DB58E,0.078081094,0.6407651,3,1
1VFB_AB_C|DB58N,-0.12818155,0.27053553,3,1
1VFB_AB_C|DC119A,0.9530879,1.6814275,3,1
1VFB_AB_C|DC18A,0.34013057,1.2450409,3,1
1VFB_AB_C|EB98A,1.1565572,3.2677183,3,1
1VFB_AB_C|GB31A,0.30646533,1.8875668,3,1
1VFB_AB_C|GB31E,-0.5097613,0.92539394,3,1
1VFB_AB_C|GB31W,0.0039611305,0.36875433,3,1
1VFB_AB_C|HA30A,0.84488255,1.2837135,3,1
1VFB_AB_C|IC124A,1.2314179,1.160245,3,1
1VFB_AB_C|KC116A,0.7134504,1.2536778,3,1
1VFB_AB_C|LC129A,0.17154472,0.9727003,3,1
1VFB_AB_C|NA31W,0.17432266,0.41316602,3,1
1VFB_AB_C|NB56A,0.17771798,0.7055035,3,1
1VFB_AB_C|NC19A,0.3960868,0.09884468,3,1
1VFB_AB_C|QC121A,2.876998,-0.40537775,3,1
1VFB_AB_C|RB99A,-0.099735305,1.7696053,3,1
1VFB_AB_C|RB99W,0.7049742,-0.40771547,3,1
1VFB_AB_C|RB99Y,1.235379,-0.62975246,3,1
1VFB_AB_C|RC125A,1.8368999,0.73868376,3,1
1VFB_AB_C|SA93A,0.34312394,0.53920096,3,1
1VFB_AB_C|SB28D,0.0,-0.28732958,3,1
1VFB_AB_C|SB28E,-0.104007296,-0.23709373,3,1
1VFB_AB_C|SB28N,0.14394745,-0.118473865,3,1
1VFB_AB_C|SB28Q,0.078081094,0.48751587,3,1
1VFB_AB_C|SC24A,0.850965,2.017124,3,1
1VFB_AB_C|TA52F,0.4708752,-1.0871203,3,1
1VFB_AB_C|TA53R,1.6458516,-0.12359513,3,1
1VFB_AB_C|TB30A,-0.05584954,0.14967722,3,1
1VFB_AB_C|TC118A,0.7650957,0.90638095,3,1
1VFB_AB_C|VC120A,0.9169499,0.545032,3,1
1VFB_AB_C|WA92A,3.037848,0.41003335,3,1
"1VFB_AB_C|WA92A,IC124A",3.8503337,1.9695959,3,1
"1VFB_AB_C|WA92A,LC129A",3.3073628,1.3573142,3,1
"1VFB_AB_C|WA92A,QC121A",3.5189366,0.80304474,3,1
"1VFB_AB_C|WA92A,RC125A",3.3932896,0.648846,3,1
1VFB_AB_C|WB52A,0.6406274,3.560786,3,1
"1VFB_AB_C|WB52A,DC119A",2.2473724,4.9950724,3,1
1VFB_AB_C|YA32A,1.5281335,1.8771812,3,1
"1VFB_AB_C|YA32A,IC124A",2.9057157,2.859916,3,1
"1VFB_AB_C|YA32A,QC121A",1.586041,1.5330772,3,1
1VFB_AB_C|YA49A,0.79754156,1.1433963,3,1
1VFB_AB_C|YA50A,0.456086,1.1684802,3,1
"1VFB_AB_C|YA50A,DC119A",1.2314179,3.048271,3,1
"1VFB_AB_C|YA50A,DC18A",1.265924,1.9928496,3,1
1VFB_AB_C|YA50K,1.7156012,1.054373,3,1
1VFB_AB_C|YA50R,0.8443241,0.3760044,3,1
1VFB_AB_C|YB101F,1.2695644,2.1094236,3,1
"1VFB_AB_C|YB101F,DC119A",2.736521,4.4422617,3,1
"1VFB_AB_C|YB101F,VC120A",2.5384777,3.4638991,3,1
1VFB_AB_C|YB32A,0.7916793,0.7950979,3,1
"1VFB_AB_C|YB32A,KC116A",1.586041,2.1072392,3,1
1VFB_AB_C|YB32E,1.9021881,0.29321817,3,1
1VFB_AB_C|YC23A,0.41047263,1.9620377,3,1
1XGP_AB_C|AB33F,-4.0,-4.1922445,3,1
1XGP_AB_C|AB33I,-2.260207,-2.6523366,3,1
1XGP_AB_C|AB33L,-2.1988916,-2.6327114,3,1
1XGP_AB_C|AB33V,-1.1525793,-1.4249866,3,1
2JEL_LH_P|AP82S,0.0,-0.51223296,3,1
2JEL_LH_P|DP69E,0.9530879,0.18736403,3,1
2JEL_LH_P|EP5D,0.41047263,0.15646712,3,1
2JEL_LH_P|EP5Q,0.7129768,0.116415836,3,1
2JEL_LH_P|EP68A,0.41047263,0.79205287,3,1
2JEL_LH_P|EP75R,2.727121,0.53058136,3,1
2JEL_LH_P|EP83A,0.0,0.7579637,3,1
2JEL_LH_P|EP85A,0.0,0.9332587,3,1
2JEL_LH_P|EP85D,0.0,-0.050569125,3,1
2JEL_LH_P|EP85K,0.0,0.90896225,3,1
2JEL_LH_P|EP85Q,0.0,0.61527324,3,1
2JEL_LH_P|FP2W,2.6191528,0.66979223,3,1
2JEL_LH_P|FP2Y,0.0,0.010139843,3,1
2JEL_LH_P|HP76A,-0.41047263,1.2686731,3,1
2JEL_LH_P|HP76D,-0.65058374,0.6297602,3,1
2JEL_LH_P|KP24E,0.0,0.110471405,3,1
2JEL_LH_P|KP27E,0.0,-0.25605375,3,1
2JEL_LH_P|KP72E,0.41047263,-0.9918804,3,1
2JEL_LH_P|KP72R,0.0,0.012104353,3,1
2JEL_LH_P|KP79E,0.41047263,-0.13025996,3,1
2JEL_LH_P|NP12D,0.0,-1.2215657,3,1
2JEL_LH_P|NP38T,0.0,-0.8407844,3,1
2JEL_LH_P|PP11E,0.0,0.065958835,3,1
2JEL_LH_P|QP3K,4.0,0.35753962,3,1
2JEL_LH_P|QP4K,1.3635606,0.10712168,3,1
2JEL_LH_P|QP57E,-0.41047263,-1.4220675,3,1
2JEL_LH_P|QP71E,2.727121,-1.144266,3,1
2JEL_LH_P|RP17G,0.0,0.50962377,3,1
2JEL_LH_P|RP17K,0.0,0.3277374,3,1
2JEL_LH_P|SP41C,1.4957032,0.27961665,3,1
2JEL_LH_P|SP43C,0.0,-0.062244587,3,1
2JEL_LH_P|SP46C,0.0,0.42024887,3,1
2JEL_LH_P|SP64T,4.0,-0.15266241,3,1
2JEL_LH_P|TP34Q,0.0,0.14027901,3,1
2JEL_LH_P|TP36Q,0.41047263,0.37389484,3,1
2JEL_LH_P|TP62A,0.0,0.50123215,3,1
2JEL_LH_P|TP62N,0.0,0.6844256,3,1
2JEL_LH_P|TP7N,0.41047263,0.9886264,3,1
2JEL_LH_P|TP7S,0.0,0.44047874,3,1
2JEL_LH_P|VP6F,0.0,-0.23342085,3,1
"2NY7_HL_G|CG27I,CG226Q",0.19971907,-0.5980782,3,1
"2NY7_HL_G|CG27I,CG226Q,MG231A",0.20319231,0.85249674,3,1
"2NY7_HL_G|GG229C,MG231A",-0.37879732,0.50012904,3,1
"2NY7_HL_G|GG229C,WG13M,MG231A,CG14W,CG110V,CG27I,CG226Q",0.21462485,-0.38967857,3,1
"2NY7_HL_G|KG66C,EG102C,CG27I,CG226Q",0.04085667,0.400929,3,1
"2NY7_HL_G|KG66C,EG102C,WG13M,MG231A,CG14W,CG110V,CG27I,CG226Q",0.3998023,1.8995556,3,1
"2NY7_HL_G|KG66C,EG103C,WG13M,MG231A,CG14W,CG110V,CG27I,CG226Q",0.29989544,1.7955492,3,1
"2NY7_HL_G|WG13M,MG231A,CG14W,CG110V",1.1574335,1.9626011,3,1
"2NY7_HL_G|WG13M,MG231A,CG14W,CG110V,CG27I,CG226Q",0.44904727,0.70188016,3,1
"2NY7_HL_G|WG13M,MG231A,CG14W,CG110V,KG66C,EG102C",0.55101526,2.7749193,3,1
"2NY7_HL_G|WG13M,SG92T,WG181S,MG231A,CG14W,CG110V,CG27I,CG226Q",-0.3035898,-0.51744395,3,1
3BN9_B_CD|DB214A,0.5662115,1.3757162,3,1
3BN9_B_CD|DB46A,0.42238826,0.457262,3,1
3BN9_B_CD|DB47A,0.31110755,0.8446649,3,1
3BN9_B_CD|EB163A,0.37321588,0.6671347,3,1
3BN9_B_CD|FB50A,-0.044997852,0.4614411,3,1
3BN9_B_CD|FB89A,0.6392419,1.329953,3,1
3BN9_B_CD|HB138A,0.085063316,1.6481414,3,1
3BN9_B_CD|IB26A,0.0,0.7529468,3,1
3BN9_B_CD|IB45A,0.8352155,-0.286168,3,1
3BN9_B_CD|KB221A,0.7849689,-0.03322523,3,1
3BN9_B_CD|LB147A,0.33619216,0.2749799,3,1
3BN9_B_CD|NB90A,0.7733444,0.20824507,3,1
3BN9_B_CD|PD104H,2.4272547,-0.8581918,3,1
3BN9_B_CD|QB140A,0.1331048,-0.15148936,3,1
3BN9_B_CD|QB168A,-0.03469869,-0.048484683,3,1
3BN9_B_CD|QB169A,2.5089848,0.4039148,3,1
3BN9_B_CD|QB218A,0.70571065,0.09825961,3,1
3BN9_B_CD|QB23A,-0.41530684,-0.024591831,3,1
3BN9_B_CD|QD105V,1.2241027,-0.4638607,3,1
3BN9_B_CD|RB219A,-0.093698174,-0.20707165,3,1
3BN9_B_CD|RB48A,-0.044997852,0.11687564,3,1
3BN9_B_CD|RB51A,-0.07155777,-0.25522664,3,1
3BN9_B_CD|RB82A,-0.15923285,-0.48178062,3,1
3BN9_B_CD|SD30G,1.1861069,-0.6582498,3,1
3BN9_B_CD|SD30N,1.145505,-0.14668204,3,1
3BN9_B_CD|TB144A,0.2908351,0.19964263,3,1
3BN9_B_CD|TB93A,1.1320528,0.79182225,3,1
3BN9_B_CD|TD102Q,-0.02153644,-0.06867597,3,1
3BN9_B_CD|TD102R,-0.058294915,-0.6355133,3,1
3BN9_B_CD|TD28R,0.33290586,0.18493299,3,1
3BN9_B_CD|YB141A,1.0846525,1.5176778,3,1
3BN9_B_CD|YB52A,0.018951595,0.46762478,3,1
3BN9_B_CD|YD103S,0.45868576,1.1357408,3,1
4GXU_ABCDEF_MN|DA189E,2.1650882,0.5970339,3,1
"4GXU_ABCDEF_MN|DA189E,DA224G",3.0102077,0.9575976,3,1
4GXU_ABCDEF_MN|DA224G,1.9608781,0.64832205,3,1
"1CZ8_HL_VW|LL4M,DH28T,HH31N,YH101H,TH105S",2.939849,2.0064716,3,2
1KIR_AB_C|SA50Y,-1.3870943,-0.65033025,3,2
1MLC_AB_E|KB65D,0.018548755,-0.10930972,3,2
1MLC_AB_E|NA32G,-0.8773867,1.3320997,3,2
"1MLC_AB_E|NA32G,NA92A",-0.6866531,0.91217476,3,2
"1MLC_AB_E|NA32G,NA92A,SB57V,TB58D",-1.7349738,0.55303884,3,2
1MLC_AB_E|NA32Y,0.0,0.013477693,3,2
1MLC_AB_E|NA92A,-1.2533532,-0.35286713,3,2
"1MLC_AB_E|NA92A,SB57V,TB58D",-2.394188,-0.25081143,3,2
"1MLC_AB_E|NA92A,TB28D,SB57V,TB58D",-2.5813644,-0.21614061,3,2
"1MLC_AB_E|NA92A,TB28D,SB57V,TB58D,EB35S,GB99D",-2.9539242,-0.8178266,3,2
"1MLC_AB_E|NA92A,TB28D,SB57V,TB58D,GB99D",-0.20357698,-0.254549,3,2
"1MLC_AB_E|NA92A,TB28D,SB57V,TB58D,NA32L",-2.5843081,0.32769817,3,2
"1MLC_AB_E|NA92A,TB28D,SB57V,TB58D,RB98M,DB100Q",-0.41047263,0.65764296,3,2
"1MLC_AB_E|NA92A,TB28D,SB57V,TB58D,SA91N,SA93A",-1.6104395,-0.06680398,3,2
"1MLC_AB_E|NA92A,TB28D,SB57V,TB58D,SB30G",-2.3584673,-0.2224715,3,2
"1MLC_AB_E|NA92A,TB28D,SB57V,TB58D,YB32W,RB98V,DB100Q",0.36138764,0.7443221,3,2
"1MLC_AB_E|NA92A,TB28D,SB57V,TB58D,YB59E",-1.4661698,1.2553506,3,2
1MLC_AB_E|SB57A,-0.37902167,-0.13497984,3,2
1MLC_AB_E|SB57V,-0.49418068,-0.29244053,3,2
"1MLC_AB_E|SB57V,TB58D",-0.9877286,-0.1738697,3,2
1MLC_AB_E|TB28D,-0.15094383,0.027126845,3,2
1MLC_AB_E|TB31A,0.44700673,0.21336047,3,2
1MLC_AB_E|TB31V,0.5262404,-0.063396804,3,2
1MLC_AB_E|TB31W,0.13214268,-0.30552477,3,2
1MLC_AB_E|TB58D,-0.55968237,0.3809826,3,2
1NCA_N_LH|DH101K,0.71416,0.8686132,3,2
1NCA_N_LH|EH100D,0.41047263,0.07332052,3,2
1NCA_N_LH|NH102Q,0.5426153,0.19398867,3,2
1NCA_N_LH|NH31Q,0.0,0.49859396,3,2
1NMB_N_LH|DH57E,2.9536283,0.084969915,3,2
1NMB_N_LH|DH57N,2.9536283,0.017055891,3,2
1NMB_N_LH|LL94V,0.9000208,-0.4327341,3,2
1NMB_N_LH|TL93F,-0.023903161,-0.830543,3,2
1NMB_N_LH|TL93W,0.18419003,-0.9069523,3,2
1NMB_N_LH|YH103A,2.14062,0.6931775,3,2
1NMB_N_LH|YH105F,1.4194101,0.37553847,3,2
1NMB_N_LH|YL32F,0.46632215,0.19496147,3,2
1VFB_AB_C|DB100A,3.005002,0.45450163,3,2
"1VFB_AB_C|DB100A,SC24A",3.369756,0.00405695,3,2
1VFB_AB_C|DB54A,0.8151114,-0.15495312,3,2
"1VFB_AB_C|DB54A,TC118A",1.2546439,-0.04554878,3,2
1VFB_AB_C|DB58A,-0.20700333,1.4808793,3,2
1VFB_AB_C|DB58E,0.078081094,0.36074492,3,2
1VFB_AB_C|DB58N,-0.12818155,0.3165827,3,2
1VFB_AB_C|DC119A,0.9530879,2.171815,3,2
1VFB_AB_C|DC18A,0.34013057,1.0513327,3,2
1VFB_AB_C|EB98A,1.1565572,0.78515345,3,2
1VFB_AB_C|GB31A,0.30646533,1.3794875,3,2
1VFB_AB_C|GB31E,-0.5097613,1.01938,3,2
1VFB_AB_C|GB31W,0.0039611305,0.36943546,3,2
1VFB_AB_C|HA30A,0.84488255,0.35025173,3,2
1VFB_AB_C|IC124A,1.2314179,0.46780667,3,2
1VFB_AB_C|KC116A,0.7134504,1.5789949,3,2
1VFB_AB_C|LC129A,0.17154472,-0.15791906,3,2
1VFB_AB_C|NA31W,0.17432266,1.2116021,3,2
1VFB_AB_C|NB56A,0.17771798,0.3329222,3,2
1VFB_AB_C|NC19A,0.3960868,0.2896934,3,2
1VFB_AB_C|QC121A,2.876998,0.0755361,3,2
1VFB_AB_C|RB99A,-0.099735305,0.30778623,3,2
1VFB_AB_C|RB99W,0.7049742,-0.0049267127,3,2
1VFB_AB_C|RB99Y,1.235379,-0.25092787,3,2
1VFB_AB_C|RC125A,1.8368999,0.9212856,3,2
1VFB_AB_C|SA93A,0.34312394,-0.259013,3,2
1VFB_AB_C|SB28D,0.0,-0.056819808,3,2
1VFB_AB_C|SB28E,-0.104007296,-0.09786749,3,2
1VFB_AB_C|SB28N,0.14394745,-0.0081879,3,2
1VFB_AB_C|SB28Q,0.078081094,0.109944284,3,2
1VFB_AB_C|SC24A,0.850965,-0.11334737,3,2
1VFB_AB_C|TA52F,0.4708752,-0.5380142,3,2
1VFB_AB_C|TA53R,1.6458516,-0.041400544,3,2
1VFB_AB_C|TB30A,-0.05584954,-0.38452995,3,2
1VFB_AB_C|TC118A,0.7650957,0.25444773,3,2
1VFB_AB_C|VC120A,0.9169499,-0.08022682,3,2
1VFB_AB_C|WA92A,3.037848,-0.07988651,3,2
"1VFB_AB_C|WA92A,IC124A",3.8503337,0.22492012,3,2
"1VFB_AB_C|WA92A,LC129A",3.3073628,0.099208824,3,2
"1VFB_AB_C|WA92A,QC121A",3.5189366,-0.23327276,3,2
"1VFB_AB_C|WA92A,RC125A",3.3932896,0.70480657,3,2
1VFB_AB_C|WB52A,0.6406274,1.3169268,3,2
"1VFB_AB_C|WB52A,DC119A",2.2473724,2.9023705,3,2
1VFB_AB_C|YA32A,1.5281335,2.2300267,3,2
"1VFB_AB_C|YA32A,IC124A",2.9057157,1.7385035,3,2
"1VFB_AB_C|YA32A,QC121A",1.586041,0.7461114,3,2
1VFB_AB_C|YA49A,0.79754156,1.0026783,3,2
1VFB_AB_C|YA50A,0.456086,1.5321558,3,2
"1VFB_AB_C|YA50A,DC119A",1.2314179,3.6839688,3,2
"1VFB_AB_C|YA50A,DC18A",1.265924,2.7313669,3,2
1VFB_AB_C|YA50K,1.7156012,1.420674,3,2
1VFB_AB_C|YA50R,0.8443241,0.6695267,3,2
1VFB_AB_C|YB101F,1.2695644,2.340331,3,2
"1VFB_AB_C|YB101F,DC119A",2.736521,5.109454,3,2
"1VFB_AB_C|YB101F,VC120A",2.5384777,2.985404,3,2
1VFB_AB_C|YB32A,0.7916793,0.49639377,3,2
"1VFB_AB_C|YB32A,KC116A",1.586041,3.2355483,3,2
1VFB_AB_C|YB32E,1.9021881,0.2763012,3,2
1VFB_AB_C|YC23A,0.41047263,0.9856123,3,2
1XGP_AB_C|AB33F,-4.0,-3.5883167,3,2
1XGP_AB_C|AB33I,-2.260207,-2.4149132,3,2
1XGP_AB_C|AB33L,-2.1988916,-2.2251766,3,2
1XGP_AB_C|AB33V,-1.1525793,-1.1788542,3,2
2JEL_LH_P|AP82S,0.0,-0.07532074,3,2
2JEL_LH_P|DP69E,0.9530879,0.30406615,3,2
2JEL_LH_P|EP5D,0.41047263,-0.2855682,3,2
2JEL_LH_P|EP5Q,0.7129768,0.07501968,3,2
2JEL_LH_P|EP68A,0.41047263,0.45222268,3,2
2JEL_LH_P|EP75R,2.727121,0.6745247,3,2
2JEL_LH_P|EP83A,0.0,0.8302145,3,2
2JEL_LH_P|EP85A,0.0,0.2747495,3,2
2JEL_LH_P|EP85D,0.0,-0.17866011,3,2
2JEL_LH_P|EP85K,0.0,1.0876268,3,2
2JEL_LH_P|EP85Q,0.0,0.544331,3,2
2JEL_LH_P|FP2W,2.6191528,1.5833662,3,2
2JEL_LH_P|FP2Y,0.0,-0.05991503,3,2
2JEL_LH_P|HP76A,-0.41047263,1.0680228,3,2
2JEL_LH_P|HP76D,-0.65058374,0.5595979,3,2
2JEL_LH_P|KP24E,0.0,1.5991477,3,2
2JEL_LH_P|KP27E,0.0,1.1532234,3,2
2JEL_LH_P|KP72E,0.41047263,0.119975045,3,2
2JEL_LH_P|KP72R,0.0,0.052880898,3,2
2JEL_LH_P|KP79E,0.41047263,0.658281,3,2
2JEL_LH_P|NP12D,0.0,-0.5702995,3,2
2JEL_LH_P|NP38T,0.0,0.2566828,3,2
2JEL_LH_P|PP11E,0.0,-0.10874135,3,2
2JEL_LH_P|QP3K,4.0,0.16131143,3,2
2JEL_LH_P|QP4K,1.3635606,-0.67667234,3,2
2JEL_LH_P|QP57E,-0.41047263,0.24547997,3,2
2JEL_LH_P|QP71E,2.727121,0.28488007,3,2
2JEL_LH_P|RP17G,0.0,0.7227119,3,2
2JEL_LH_P|RP17K,0.0,0.102054425,3,2
2JEL_LH_P|SP41C,1.4957032,0.39780942,3,2
2JEL_LH_P|SP43C,0.0,0.20301326,3,2
2JEL_LH_P|SP46C,0.0,0.3274743,3,2
2JEL_LH_P|SP64T,4.0,-0.09493035,3,2
2JEL_LH_P|TP34Q,0.0,0.0762278,3,2
2JEL_LH_P|TP36Q,0.41047263,0.17892735,3,2
2JEL_LH_P|TP62A,0.0,0.7370981,3,2
2JEL_LH_P|TP62N,0.0,0.9833996,3,2
2JEL_LH_P|TP7N,0.41047263,0.8474861,3,2
2JEL_LH_P|TP7S,0.0,0.32242838,3,2
2JEL_LH_P|VP6F,0.0,-0.7794072,3,2
"2NY7_HL_G|CG27I,CG226Q",0.19971907,-1.2365046,3,2
"2NY7_HL_G|CG27I,CG226Q,MG231A",0.20319231,-1.4494737,3,2
"2NY7_HL_G|GG229C,MG231A",-0.37879732,-0.10744833,3,2
"2NY7_HL_G|GG229C,WG13M,MG231A,CG14W,CG110V,CG27I,CG226Q",0.21462485,-2.2249985,3,2
"2NY7_HL_G|KG66C,EG102C,CG27I,CG226Q",0.04085667,-1.2302467,3,2
"2NY7_HL_G|KG66C,EG102C,WG13M,MG231A,CG14W,CG110V,CG27I,CG226Q",0.3998023,-1.3234094,3,2
"2NY7_HL_G|KG66C,EG103C,WG13M,MG231A,CG14W,CG110V,CG27I,CG226Q",0.29989544,-1.7573879,3,2
"2NY7_HL_G|WG13M,MG231A,CG14W,CG110V",1.1574335,-0.089848414,3,2
"2NY7_HL_G|WG13M,MG231A,CG14W,CG110V,CG27I,CG226Q",0.44904727,-1.5399697,3,2
"2NY7_HL_G|WG13M,MG231A,CG14W,CG110V,KG66C,EG102C",0.55101526,0.25682104,3,2
"2NY7_HL_G|WG13M,SG92T,WG181S,MG231A,CG14W,CG110V,CG27I,CG226Q",-0.3035898,-1.5211549,3,2
3BN9_B_CD|DB214A,0.5662115,1.6730155,3,2
3BN9_B_CD|DB46A,0.42238826,0.39037195,3,2
3BN9_B_CD|DB47A,0.31110755,0.41730648,3,2
3BN9_B_CD|EB163A,0.37321588,0.45490012,3,2
3BN9_B_CD|FB50A,-0.044997852,1.0298419,3,2
3BN9_B_CD|FB89A,0.6392419,1.7469991,3,2
3BN9_B_CD|HB138A,0.085063316,1.5449666,3,2
3BN9_B_CD|IB26A,0.0,0.4163685,3,2
3BN9_B_CD|IB45A,0.8352155,0.03270036,3,2
3BN9_B_CD|KB221A,0.7849689,-0.0019908147,3,2
3BN9_B_CD|LB147A,0.33619216,0.4833322,3,2
3BN9_B_CD|NB90A,0.7733444,0.27109182,3,2
3BN9_B_CD|PD104H,2.4272547,-0.81925386,3,2
3BN9_B_CD|QB140A,0.1331048,0.21105635,3,2
3BN9_B_CD|QB168A,-0.03469869,-0.33184674,3,2
3BN9_B_CD|QB169A,2.5089848,0.40122122,3,2
3BN9_B_CD|QB218A,0.70571065,0.20317495,3,2
3BN9_B_CD|QB23A,-0.41530684,-0.019540343,3,2
3BN9_B_CD|QD105V,1.2241027,-0.28158864,3,2
3BN9_B_CD|RB219A,-0.093698174,0.17857827,3,2
3BN9_B_CD|RB48A,-0.044997852,0.5556417,3,2
3BN9_B_CD|RB51A,-0.07155777,0.30895227,3,2
3BN9_B_CD|RB82A,-0.15923285,-0.17194825,3,2
3BN9_B_CD|SD30G,1.1861069,-0.27165663,3,2
3BN9_B_CD|SD30N,1.145505,-0.11030829,3,2
3BN9_B_CD|TB144A,0.2908351,0.44698775,3,2
3BN9_B_CD|TB93A,1.1320528,1.0233324,3,2
3BN9_B_CD|TD102Q,-0.02153644,-0.40822622,3,2
3BN9_B_CD|TD102R,-0.058294915,-0.5183514,3,2
3BN9_B_CD|TD28R,0.33290586,-0.04252896,3,2
3BN9_B_CD|YB141A,1.0846525,1.755345,3,2
3BN9_B_CD|YB52A,0.018951595,0.6049825,3,2
3BN9_B_CD|YD103S,0.45868576,0.7749244,3,2
4GXU_ABCDEF_MN|DA189E,2.1650882,1.1224285,3,2
"4GXU_ABCDEF_MN|DA189E,DA224G",3.0102077,1.2909846,3,2
4GXU_ABCDEF_MN|DA224G,1.9608781,0.38380158,3,2
"1JRH_LH_I|AI49S,II51T,HI55D",0.070675574,-0.68819183,4,0
"1JRH_LH_I|AI85D,KI88R,EI90K",-0.047747865,-0.5401833,4,0
"1JRH_LH_I|AI93L,VI94M",0.63366294,-0.4484388,4,0
1JRH_LH_I|DH56A,1.8860998,2.7506607,4,0
1JRH_LH_I|DH57A,1.6660647,0.7270006,4,0
1JRH_LH_I|DH58A,1.8546488,0.73522013,4,0
1JRH_LH_I|DL28A,0.43464687,2.0855455,4,0
1JRH_LH_I|EI35Q,0.09956847,-0.0735002,4,0
1JRH_LH_I|EI45A,-0.5657849,0.08872969,4,0
1JRH_LH_I|EI45P,-3.7881775,-0.013722025,4,0
"1JRH_LH_I|EI45P,II47L",-3.4567804,0.29175705,4,0
"1JRH_LH_I|EI45P,II47R",-3.4400978,-0.06583539,4,0
1JRH_LH_I|EL27A,0.5426153,1.1553177,4,0
1JRH_LH_I|FH103A,0.0,0.16638437,4,0
1JRH_LH_I|GI40A,4.0,1.9329641,4,0
1JRH_LH_I|HH107A,1.6977708,-0.51043355,4,0
"1JRH_LH_I|II25N,PI27S,VI29T,VI31I",0.14370596,-0.9828573,4,0
1JRH_LH_I|KI37A,3.713863,1.0981652,4,0
1JRH_LH_I|KI37M,3.2923293,0.7604463,4,0
1JRH_LH_I|KI42A,3.3858175,1.0277629,4,0
1JRH_LH_I|KI42M,4.0,0.3969309,4,0
1JRH_LH_I|KI88A,0.31209365,0.44717923,4,0
"1JRH_LH_I|MI15L,II18V",-0.21360606,0.96476996,4,0
1JRH_LH_I|NI38A,0.1704579,0.13845229,4,0
1JRH_LH_I|NI38Q,0.5344714,-0.10134368,4,0
1JRH_LH_I|NI43A,4.0,0.20804217,4,0
1JRH_LH_I|NI69A,-0.19953421,-0.10571724,4,0
1JRH_LH_I|RH100A,0.5426153,3.0110853,4,0
1JRH_LH_I|RI74A,0.3926171,0.5464418,4,0
1JRH_LH_I|SI44A,0.37771076,0.52268565,4,0
"1JRH_LH_I|SI44G,EI45G,II47R",-3.3777049,0.41797146,4,0
"1JRH_LH_I|SI44G,EI45P,II47K",-3.884419,0.51143014,4,0
"1JRH_LH_I|SI61Y,DI62E,HI63Q,VI64I,GI65M,DI66Y,SI68D,NI69V,LI71A",2.9588323,1.1064434,4,0
1JRH_LH_I|SL93A,-0.65058374,-0.056805734,4,0
1JRH_LH_I|TI4V,-0.025565991,1.2740285,4,0
"1JRH_LH_I|TI9L,EI11K",-0.025565991,-0.7781068,4,0
1JRH_LH_I|TL94A,0.38526937,-0.33282274,4,0
1JRH_LH_I|VI41A,1.6791569,0.40127978,4,0
"1JRH_LH_I|VI73A,RI78K",-0.21360606,-0.35230795,4,0
1JRH_LH_I|WH54A,2.6862645,3.6227117,4,0
1JRH_LH_I|WH55A,2.4213178,1.4477228,4,0
1JRH_LH_I|WI46F,-0.25261214,-0.18680827,4,0
1JRH_LH_I|WI46Y,0.29852974,-0.31920564,4,0
1JRH_LH_I|WI72A,4.0,1.4898272,4,0
1JRH_LH_I|WI72F,1.102707,0.79518735,4,0
1JRH_LH_I|WI72Y,1.1878273,0.8426732,4,0
1JRH_LH_I|WL92A,2.818407,-0.027969878,4,0
1JRH_LH_I|WL95A,1.6660647,-0.022652265,4,0
1JRH_LH_I|YH104A,1.0610564,0.31011593,4,0
1JRH_LH_I|YH32A,1.4333102,0.8095506,4,0
1JRH_LH_I|YH60A,1.2555921,1.2022241,4,0
1JRH_LH_I|YI39A,3.5271235,-0.13789696,4,0
1JRH_LH_I|YI39F,0.9087807,0.0068224,4,0
1JRH_LH_I|YL30A,1.1084566,1.2554423,4,0
1JRH_LH_I|YL91A,0.58083415,3.3843446,4,0
1KIQ_AB_C|FB101Y,-2.4949589,-1.5730194,4,0
1XGR_AB_C|IB33A,2.260207,1.811759,4,0
1XGR_AB_C|IB33F,-1.8004549,-1.8018486,4,0
1XGR_AB_C|IB33L,0.061315425,0.020988917,4,0
1XGR_AB_C|IB33V,1.1076277,1.0282687,4,0
2BDN_HL_A|DH31E,1.0852306,0.2824642,4,0
2BDN_HL_A|LH27K,0.8740124,0.057438087,4,0
2BDN_HL_A|LH27R,0.65058374,-0.21613699,4,0
2BDN_HL_A|NH28D,0.13214268,-0.49575925,4,0
2BDN_HL_A|NH28Q,1.3994616,0.055373803,4,0
2BDN_HL_A|NL31K,3.4897714,0.89581966,4,0
2BDN_HL_A|NL31R,-0.9171868,0.3894378,4,0
2BDN_HL_A|SL53D,-0.1605731,-0.44048864,4,0
2BDN_HL_A|SL53E,-0.85132045,-0.56090426,4,0
2BDN_HL_A|TL56D,-0.4254655,0.19152154,4,0
2BDN_HL_A|TL56E,-0.6888026,0.15903825,4,0
2BDN_HL_A|YL30K,0.67475796,0.734858,4,0
2NYY_DC_A|DA1030A,0.009336901,0.7603799,4,0
2NYY_DC_A|DA1034A,2.5297937,1.254955,4,0
2NYY_DC_A|DC30Y,0.64113563,0.33421582,4,0
2NYY_DC_A|EA892A,2.839132,1.4460185,4,0
2NYY_DC_A|ED5Q,-0.2479871,0.06655423,4,0
2NYY_DC_A|FA889A,0.4193659,0.07248326,4,0
2NYY_DC_A|FA925A,4.0,0.7149877,4,0
2NYY_DC_A|HA1036A,4.0,0.25597876,4,0
2NYY_DC_A|HC34R,0.10088469,-0.0751344,4,0
2NYY_DC_A|IA928A,-0.009487502,1.3664461,4,0
2NYY_DC_A|KA1028A,-0.028934313,2.2404943,4,0
2NYY_DC_A|KA875A,0.29098648,-0.013779733,4,0
2NYY_DC_A|KA895A,-0.14014584,0.5748888,4,0
2NYY_DC_A|KD29R,0.071385965,-0.61857134,4,0
"2NYY_DC_A|KD29S,YD30D,DD31H,SD60P",0.04961051,0.51040715,4,0
2NYY_DC_A|LA891A,2.5892105,0.16729464,4,0
2NYY_DC_A|MD33Q,-0.059869844,0.25323385,4,0
2NYY_DC_A|NA890A,0.89044046,-0.090882346,4,0
2NYY_DC_A|NA926A,0.09934822,0.08614215,4,0
2NYY_DC_A|QA887A,0.5208145,-0.36278945,4,0
2NYY_DC_A|RA1033A,0.82012254,1.27397,4,0
2NYY_DC_A|RA1266A,0.2995321,1.4052272,4,0
2NYY_DC_A|SA874A,-0.23032175,0.5816937,4,0
2NYY_DC_A|SA927A,0.0,1.2958845,4,0
2NYY_DC_A|SC28Q,0.4133828,0.07553018,4,0
2NYY_DC_A|SC31N,-0.35338265,-0.049136866,4,0
2NYY_DC_A|TA1035A,1.630871,-0.33087754,4,0
2NYY_DC_A|VD36I,-0.21317148,0.11930786,4,0
"2NYY_DC_A|VD36I,ED5Q",-0.0490461,0.15203816,4,0
2NYY_DC_A|YD30D,0.06462482,0.8042889,4,0
2NYY_DC_A|YD30Q,0.12897444,0.7519332,4,0
2NYY_DC_A|YD56Q,0.5196862,0.35985133,4,0
2NZ9_DC_A|DA1030A,-0.031082604,0.9575832,4,0
2NZ9_DC_A|DA1034A,2.3396032,1.326281,4,0
2NZ9_DC_A|EA892A,2.77036,1.726445,4,0
2NZ9_DC_A|FA889A,-0.04961051,0.5435344,4,0
2NZ9_DC_A|FA925A,3.340439,1.0562706,4,0
2NZ9_DC_A|HA1036A,4.0,0.2671793,4,0
2NZ9_DC_A|IA928A,0.069281444,1.3054825,4,0
2NZ9_DC_A|KA1028A,-0.008714417,1.7892021,4,0
2NZ9_DC_A|KA875A,0.5407011,0.4886067,4,0
2NZ9_DC_A|KA895A,-0.29975358,1.1249787,4,0
2NZ9_DC_A|LA891A,2.279965,0.26960465,4,0
2NZ9_DC_A|NA890A,2.1600318,-0.20522025,4,0
2NZ9_DC_A|NA926A,-0.15216734,0.047533937,4,0
2NZ9_DC_A|QA887A,0.09926054,-0.43307522,4,0
2NZ9_DC_A|RA1033A,0.29088098,1.2841684,4,0
2NZ9_DC_A|RA1266A,0.39015788,1.083641,4,0
2NZ9_DC_A|SA874A,-0.11948046,0.6375427,4,0
2NZ9_DC_A|SA927A,-0.078544825,1.2352959,4,0
"2NZ9_DC_A|SD29K,DD30Y,HD31D",-0.04961051,-0.40729135,4,0
2NZ9_DC_A|TA1035A,2.3703818,-0.33471805,4,0
2VIS_AB_C|IC89T,-4.0,-3.667474,4,0
"3BE1_HL_A|DL28N,PL30A,RL31K,SL32T,TL97S,TL98S",-0.6860794,-1.1838534,4,0
"3BE1_HL_A|DL28N,PL30A,RL31K,SL32T,TL97S,TL98S,KH30S,DH31G,TH54S,NH55E,GH100V,DH102V",-2.7728782,-2.4560812,4,0
"3BE1_HL_A|DL28N,PL30A,RL31K,SL32T,TL97S,TL98S,KH30S,DH31G,TH54S,NH55E,GH100V,DH102V,YL36A",-3.190238,-1.2062463,4,0
"3BE1_HL_A|DL28N,PL30A,RL31K,SL32T,TL97S,TL98S,KH30S,DH31G,TH54S,NH55E,GH100V,DH102V,YL36A,IL33A",-2.7728782,-1.1682569,4,0
"3BE1_HL_A|DL28N,PL30A,RL31K,SL32T,YL57F,TL97S,TL98S",-0.8683455,-1.0012062,4,0
"3BE1_HL_A|DL28N,PL30A,RL31K,SL32T,YL57F,TL97S,TL98S,KH30S,DH31G,TH54S,NH55E,GH100V,DH102V",-2.8824897,-2.1583343,4,0
3LZF_AB_HL|DA187E,0.49836498,0.2619409,4,0
"3LZF_AB_HL|DA187E,DA222G",0.12738612,0.37526095,4,0
3LZF_AB_HL|DA222G,0.5378587,0.018551163,4,0
3NGB_HL_G|AH57G,-0.056030333,-0.98148876,4,0
"3NGB_HL_G|AH57G,VH58T,PH63K,VH74T",1.6734211,-1.6506556,4,0
"3NGB_HL_G|CH32S,CH102A",0.25899792,0.47833133,4,0
3NGB_HL_G|DH103A,0.05987142,-0.5698676,4,0
3NGB_HL_G|EL88A,1.3199503,0.9366835,4,0
3NGB_HL_G|FL89A,0.85886127,0.22153543,4,0
3NGB_HL_G|GH55A,-1.2766591,-0.027284998,4,0
3NGB_HL_G|GH55S,0.74304354,0.30487782,4,0
3NGB_HL_G|GH56A,1.2656107,0.8069713,4,0
3NGB_HL_G|IH30A,-0.0027431613,0.5663947,4,0
3NGB_HL_G|IH30T,0.0733938,0.1309602,4,0
"3NGB_HL_G|IH30T,KH52N,RH54N,GH55S,AH57G,VH58T,RH62Q,PH63K,VH74T,YH75S,YL26S",0.86214453,-2.490714,4,0
3NGB_HL_G|KH52A,0.62288266,2.1466956,4,0
3NGB_HL_G|KH52N,0.17497002,-0.15390305,4,0
3NGB_HL_G|MH70A,0.5305512,-0.26322737,4,0
3NGB_HL_G|NH105A,1.1185741,-0.56240004,4,0
3NGB_HL_G|NH59A,1.7671243,1.011529,4,0
3NGB_HL_G|PH63A,-0.04252045,1.033354,4,0
3NGB_HL_G|PH63K,0.23252328,-0.29966664,4,0
3NGB_HL_G|QH65A,-0.34038836,0.8141511,4,0
3NGB_HL_G|QL25A,-0.23060839,0.5251945,4,0
3NGB_HL_G|RH54A,-0.25938424,0.9523583,4,0
3NGB_HL_G|RH54N,0.04645046,-0.09355073,4,0
3NGB_HL_G|RH62A,0.9958448,1.318203,4,0
3NGB_HL_G|RH62Q,0.09654992,0.36459392,4,0
3NGB_HL_G|RH72A,1.6432176,2.6073036,4,0
3NGB_HL_G|SL28A,-0.14471176,0.16276382,4,0
3NGB_HL_G|TH33A,0.7071634,1.1926395,4,0
3NGB_HL_G|TH33Y,0.084193856,-1.3230265,4,0
"3NGB_HL_G|TH33Y,GH56S,AH57G,VH58T,PH63K,VH74T,YH75S",1.9381938,-2.1166856,4,0
3NGB_HL_G|VH58A,1.3584284,1.0329007,4,0
3NGB_HL_G|VH58T,0.13787223,-0.07845175,4,0
3NGB_HL_G|VH74A,1.087914,-0.12914383,4,0
3NGB_HL_G|VH74T,0.16493925,-0.32716522,4,0
3NGB_HL_G|VL1A,-0.7733632,-0.042862866,4,0
3NGB_HL_G|WH106A,4.0,-0.28489983,4,0
3NGB_HL_G|WH47A,1.2021707,0.93465155,4,0
3NGB_HL_G|WH50A,1.2917941,1.034078,4,0
3NGB_HL_G|YH104A,1.4235861,0.39235306,4,0
3NGB_HL_G|YH60A,0.5484263,0.7276152,4,0
3NGB_HL_G|YH75A,-0.19932224,0.22865109,4,0
3NGB_HL_G|YH75S,0.3325709,0.5583809,4,0
3NGB_HL_G|YL26A,0.98528093,1.1667712,4,0
3NGB_HL_G|YL26S,0.6512687,0.8003624,4,0
3NGB_HL_G|YL87A,2.0227883,1.0703803,4,0
4JPK_HL_A|DA141R,3.857323,0.19459078,4,0
"4JPK_HL_A|DA159N,DA33N",0.6189681,2.145428,4,0
4JPK_HL_A|FA144I,1.3875175,0.7878275,4,0
4JPK_HL_A|FA63L,1.1672868,0.608599,4,0
4JPK_HL_A|RA130K,0.23006605,-0.0078103505,4,0
4JPK_HL_A|RA81T,0.75870305,0.32831863,4,0
4JPK_HL_A|SA41G,2.151695,1.1574537,4,0
4JPK_HL_A|TA35S,-0.032093357,-0.5427495,4,0
4JPK_HL_A|VA30N,0.59459484,0.31209558,4,0
"1JRH_LH_I|AI49S,II51T,HI55D",0.070675574,-1.1038249,4,1
"1JRH_LH_I|AI85D,KI88R,EI90K",-0.047747865,-0.7120352,4,1
"1JRH_LH_I|AI93L,VI94M",0.63366294,-0.56448483,4,1
1JRH_LH_I|DH56A,1.8860998,2.3550894,4,1
1JRH_LH_I|DH57A,1.6660647,0.9707906,4,1
1JRH_LH_I|DH58A,1.8546488,0.93357927,4,1
1JRH_LH_I|DL28A,0.43464687,0.8251443,4,1
1JRH_LH_I|EI35Q,0.09956847,-0.40473095,4,1
1JRH_LH_I|EI45A,-0.5657849,0.32048362,4,1
1JRH_LH_I|EI45P,-3.7881775,-0.04209927,4,1
"1JRH_LH_I|EI45P,II47L",-3.4567804,0.28465974,4,1
"1JRH_LH_I|EI45P,II47R",-3.4400978,0.120287776,4,1
1JRH_LH_I|EL27A,0.5426153,0.65407884,4,1
1JRH_LH_I|FH103A,0.0,0.42790362,4,1
1JRH_LH_I|GI40A,4.0,0.8081954,4,1
1JRH_LH_I|HH107A,1.6977708,0.2952574,4,1
"1JRH_LH_I|II25N,PI27S,VI29T,VI31I",0.14370596,-0.18511742,4,1
1JRH_LH_I|KI37A,3.713863,1.0158671,4,1
1JRH_LH_I|KI37M,3.2923293,0.2666196,4,1
1JRH_LH_I|KI42A,3.3858175,0.6384959,4,1
1JRH_LH_I|KI42M,4.0,0.123627275,4,1
1JRH_LH_I|KI88A,0.31209365,-0.011974064,4,1
"1JRH_LH_I|MI15L,II18V",-0.21360606,0.68072754,4,1
1JRH_LH_I|NI38A,0.1704579,0.467315,4,1
1JRH_LH_I|NI38Q,0.5344714,-1.1811568,4,1
1JRH_LH_I|NI43A,4.0,-0.20795587,4,1
1JRH_LH_I|NI69A,-0.19953421,-0.17772275,4,1
1JRH_LH_I|RH100A,0.5426153,0.7105822,4,1
1JRH_LH_I|RI74A,0.3926171,0.8783526,4,1
1JRH_LH_I|SI44A,0.37771076,0.7821847,4,1
"1JRH_LH_I|SI44G,EI45G,II47R",-3.3777049,0.59434295,4,1
"1JRH_LH_I|SI44G,EI45P,II47K",-3.884419,0.38573793,4,1
"1JRH_LH_I|SI61Y,DI62E,HI63Q,VI64I,GI65M,DI66Y,SI68D,NI69V,LI71A",2.9588323,-0.048313335,4,1
1JRH_LH_I|SL93A,-0.65058374,0.1335818,4,1
1JRH_LH_I|TI4V,-0.025565991,-0.044775125,4,1
"1JRH_LH_I|TI9L,EI11K",-0.025565991,0.3193818,4,1
1JRH_LH_I|TL94A,0.38526937,0.09131734,4,1
1JRH_LH_I|VI41A,1.6791569,0.45685023,4,1
"1JRH_LH_I|VI73A,RI78K",-0.21360606,-0.22716391,4,1
1JRH_LH_I|WH54A,2.6862645,2.8098223,4,1
1JRH_LH_I|WH55A,2.4213178,1.2914466,4,1
1JRH_LH_I|WI46F,-0.25261214,0.0518798,4,1
1JRH_LH_I|WI46Y,0.29852974,-0.16430552,4,1
1JRH_LH_I|WI72A,4.0,0.5014681,4,1
1JRH_LH_I|WI72F,1.102707,-0.16235939,4,1
1JRH_LH_I|WI72Y,1.1878273,-0.24625595,4,1
1JRH_LH_I|WL92A,2.818407,0.40087438,4,1
1JRH_LH_I|WL95A,1.6660647,0.27417305,4,1
1JRH_LH_I|YH104A,1.0610564,1.2848432,4,1
1JRH_LH_I|YH32A,1.4333102,1.366029,4,1
1JRH_LH_I|YH60A,1.2555921,2.0344071,4,1
1JRH_LH_I|YI39A,3.5271235,1.1180407,4,1
1JRH_LH_I|YI39F,0.9087807,-0.056267813,4,1
1JRH_LH_I|YL30A,1.1084566,1.6268463,4,1
1JRH_LH_I|YL91A,0.58083415,3.0102582,4,1
1KIQ_AB_C|FB101Y,-2.4949589,-0.82913077,4,1
1XGR_AB_C|IB33A,2.260207,2.566721,4,1
1XGR_AB_C|IB33F,-1.8004549,-0.9133939,4,1
1XGR_AB_C|IB33L,0.061315425,0.44699958,4,1
1XGR_AB_C|IB33V,1.1076277,1.6514628,4,1
2BDN_HL_A|DH31E,1.0852306,0.020009875,4,1
2BDN_HL_A|LH27K,0.8740124,0.20147973,4,1
2BDN_HL_A|LH27R,0.65058374,0.16334964,4,1
2BDN_HL_A|NH28D,0.13214268,-0.403112,4,1
2BDN_HL_A|NH28Q,1.3994616,-0.0955748,4,1
2BDN_HL_A|NL31K,3.4897714,0.35098007,4,1
2BDN_HL_A|NL31R,-0.9171868,0.47968575,4,1
2BDN_HL_A|SL53D,-0.1605731,-0.53582454,4,1
2BDN_HL_A|SL53E,-0.85132045,-0.34665877,4,1
2BDN_HL_A|TL56D,-0.4254655,-0.37046614,4,1
2BDN_HL_A|TL56E,-0.6888026,-0.32055268,4,1
2BDN_HL_A|YL30K,0.67475796,0.9298137,4,1
2NYY_DC_A|DA1030A,0.009336901,0.8573999,4,1
2NYY_DC_A|DA1034A,2.5297937,1.0868373,4,1
2NYY_DC_A|DC30Y,0.64113563,-0.12426926,4,1
2NYY_DC_A|EA892A,2.839132,0.8576317,4,1
2NYY_DC_A|ED5Q,-0.2479871,0.4940273,4,1
2NYY_DC_A|FA889A,0.4193659,0.4095594,4,1
2NYY_DC_A|FA925A,4.0,1.0592216,4,1
2NYY_DC_A|HA1036A,4.0,0.39539173,4,1
2NYY_DC_A|HC34R,0.10088469,0.16026233,4,1
2NYY_DC_A|IA928A,-0.009487502,1.2605798,4,1
2NYY_DC_A|KA1028A,-0.028934313,0.08047911,4,1
2NYY_DC_A|KA875A,0.29098648,0.26795754,4,1
2NYY_DC_A|KA895A,-0.14014584,0.5983703,4,1
2NYY_DC_A|KD29R,0.071385965,-0.12662919,4,1
"2NYY_DC_A|KD29S,YD30D,DD31H,SD60P",0.04961051,0.34231696,4,1
2NYY_DC_A|LA891A,2.5892105,0.8554343,4,1
2NYY_DC_A|MD33Q,-0.059869844,0.24173354,4,1
2NYY_DC_A|NA890A,0.89044046,-0.3294352,4,1
2NYY_DC_A|NA926A,0.09934822,0.3417516,4,1
2NYY_DC_A|QA887A,0.5208145,0.71536195,4,1
2NYY_DC_A|RA1033A,0.82012254,0.49798867,4,1
2NYY_DC_A|RA1266A,0.2995321,0.88376343,4,1
2NYY_DC_A|SA874A,-0.23032175,0.7161069,4,1
2NYY_DC_A|SA927A,0.0,0.68139935,4,1
2NYY_DC_A|SC28Q,0.4133828,-0.06126794,4,1
2NYY_DC_A|SC31N,-0.35338265,-0.52482635,4,1
2NYY_DC_A|TA1035A,1.630871,0.2151089,4,1
2NYY_DC_A|VD36I,-0.21317148,-0.09297661,4,1
"2NYY_DC_A|VD36I,ED5Q",-0.0490461,0.19369563,4,1
2NYY_DC_A|YD30D,0.06462482,0.6023222,4,1
2NYY_DC_A|YD30Q,0.12897444,1.0113009,4,1
2NYY_DC_A|YD56Q,0.5196862,1.1391702,4,1
2NZ9_DC_A|DA1030A,-0.031082604,0.9867879,4,1
2NZ9_DC_A|DA1034A,2.3396032,1.2029066,4,1
2NZ9_DC_A|EA892A,2.77036,0.8759978,4,1
2NZ9_DC_A|FA889A,-0.04961051,0.49950406,4,1
2NZ9_DC_A|FA925A,3.340439,1.2475696,4,1
2NZ9_DC_A|HA1036A,4.0,0.42584392,4,1
2NZ9_DC_A|IA928A,0.069281444,1.234848,4,1
2NZ9_DC_A|KA1028A,-0.008714417,0.06951888,4,1
2NZ9_DC_A|KA875A,0.5407011,0.5014964,4,1
2NZ9_DC_A|KA895A,-0.29975358,0.8329852,4,1
2NZ9_DC_A|LA891A,2.279965,0.8790073,4,1
2NZ9_DC_A|NA890A,2.1600318,-0.34593442,4,1
2NZ9_DC_A|NA926A,-0.15216734,0.32076353,4,1
2NZ9_DC_A|QA887A,0.09926054,0.5752806,4,1
2NZ9_DC_A|RA1033A,0.29088098,0.39176607,4,1
2NZ9_DC_A|RA1266A,0.39015788,0.77465934,4,1
2NZ9_DC_A|SA874A,-0.11948046,0.8142174,4,1
2NZ9_DC_A|SA927A,-0.078544825,0.87680507,4,1
"2NZ9_DC_A|SD29K,DD30Y,HD31D",-0.04961051,0.03647775,4,1
2NZ9_DC_A|TA1035A,2.3703818,0.2453142,4,1
2VIS_AB_C|IC89T,-4.0,0.17672516,4,1
"3BE1_HL_A|DL28N,PL30A,RL31K,SL32T,TL97S,TL98S",-0.6860794,-0.5794969,4,1
"3BE1_HL_A|DL28N,PL30A,RL31K,SL32T,TL97S,TL98S,KH30S,DH31G,TH54S,NH55E,GH100V,DH102V",-2.7728782,-2.022309,4,1
"3BE1_HL_A|DL28N,PL30A,RL31K,SL32T,TL97S,TL98S,KH30S,DH31G,TH54S,NH55E,GH100V,DH102V,YL36A",-3.190238,-0.61970377,4,1
"3BE1_HL_A|DL28N,PL30A,RL31K,SL32T,TL97S,TL98S,KH30S,DH31G,TH54S,NH55E,GH100V,DH102V,YL36A,IL33A",-2.7728782,0.080546275,4,1
"3BE1_HL_A|DL28N,PL30A,RL31K,SL32T,YL57F,TL97S,TL98S",-0.8683455,-0.3998049,4,1
"3BE1_HL_A|DL28N,PL30A,RL31K,SL32T,YL57F,TL97S,TL98S,KH30S,DH31G,TH54S,NH55E,GH100V,DH102V",-2.8824897,-1.8225766,4,1
3LZF_AB_HL|DA187E,0.49836498,0.18789499,4,1
"3LZF_AB_HL|DA187E,DA222G",0.12738612,1.1471009,4,1
3LZF_AB_HL|DA222G,0.5378587,0.7097672,4,1
3NGB_HL_G|AH57G,-0.056030333,-0.797704,4,1
"3NGB_HL_G|AH57G,VH58T,PH63K,VH74T",1.6734211,-1.6258899,4,1
"3NGB_HL_G|CH32S,CH102A",0.25899792,0.6271174,4,1
3NGB_HL_G|DH103A,0.05987142,0.2112591,4,1
3NGB_HL_G|EL88A,1.3199503,0.6497291,4,1
3NGB_HL_G|FL89A,0.85886127,0.89258397,4,1
3NGB_HL_G|GH55A,-1.2766591,0.8952044,4,1
3NGB_HL_G|GH55S,0.74304354,0.15195806,4,1
3NGB_HL_G|GH56A,1.2656107,0.83882046,4,1
3NGB_HL_G|IH30A,-0.0027431613,1.0716883,4,1
3NGB_HL_G|IH30T,0.0733938,-0.00942707,4,1
"3NGB_HL_G|IH30T,KH52N,RH54N,GH55S,AH57G,VH58T,RH62Q,PH63K,VH74T,YH75S,YL26S",0.86214453,-1.0084817,4,1
3NGB_HL_G|KH52A,0.62288266,0.2873763,4,1
3NGB_HL_G|KH52N,0.17497002,-0.2807391,4,1
3NGB_HL_G|MH70A,0.5305512,0.7557387,4,1
3NGB_HL_G|NH105A,1.1185741,0.60915637,4,1
3NGB_HL_G|NH59A,1.7671243,0.7812438,4,1
3NGB_HL_G|PH63A,-0.04252045,0.3531304,4,1
3NGB_HL_G|PH63K,0.23252328,-0.018690214,4,1
3NGB_HL_G|QH65A,-0.34038836,0.6305209,4,1
3NGB_HL_G|QL25A,-0.23060839,0.60761464,4,1
3NGB_HL_G|RH54A,-0.25938424,-0.05417077,4,1
3NGB_HL_G|RH54N,0.04645046,-0.2677068,4,1
3NGB_HL_G|RH62A,0.9958448,0.42912713,4,1
3NGB_HL_G|RH62Q,0.09654992,0.058753792,4,1
3NGB_HL_G|RH72A,1.6432176,1.1421133,4,1
3NGB_HL_G|SL28A,-0.14471176,0.7190595,4,1
3NGB_HL_G|TH33A,0.7071634,0.9568142,4,1
3NGB_HL_G|TH33Y,0.084193856,-0.4248973,4,1
"3NGB_HL_G|TH33Y,GH56S,AH57G,VH58T,PH63K,VH74T,YH75S",1.9381938,-0.9486335,4,1
3NGB_HL_G|VH58A,1.3584284,0.7421193,4,1
3NGB_HL_G|VH58T,0.13787223,-0.1386208,4,1
3NGB_HL_G|VH74A,1.087914,0.54687655,4,1
3NGB_HL_G|VH74T,0.16493925,-0.06599666,4,1
3NGB_HL_G|VL1A,-0.7733632,0.03635719,4,1
3NGB_HL_G|WH106A,4.0,0.7886801,4,1
3NGB_HL_G|WH47A,1.2021707,0.573224,4,1
3NGB_HL_G|WH50A,1.2917941,1.8983232,4,1
3NGB_HL_G|YH104A,1.4235861,0.15550806,4,1
3NGB_HL_G|YH60A,0.5484263,0.81842923,4,1
3NGB_HL_G|YH75A,-0.19932224,0.7886125,4,1
3NGB_HL_G|YH75S,0.3325709,0.30458468,4,1
3NGB_HL_G|YL26A,0.98528093,0.8099572,4,1
3NGB_HL_G|YL26S,0.6512687,0.69136006,4,1
3NGB_HL_G|YL87A,2.0227883,1.8031126,4,1
4JPK_HL_A|DA141R,3.857323,0.59052646,4,1
"4JPK_HL_A|DA159N,DA33N",0.6189681,1.127498,4,1
4JPK_HL_A|FA144I,1.3875175,1.0847358,4,1
4JPK_HL_A|FA63L,1.1672868,1.184445,4,1
4JPK_HL_A|RA130K,0.23006605,-0.07392058,4,1
4JPK_HL_A|RA81T,0.75870305,-0.031119458,4,1
4JPK_HL_A|SA41G,2.151695,1.1765685,4,1
4JPK_HL_A|TA35S,-0.032093357,-1.2322499,4,1
4JPK_HL_A|VA30N,0.59459484,0.8296726,4,1
"1JRH_LH_I|AI49S,II51T,HI55D",0.070675574,-0.13314065,4,2
"1JRH_LH_I|AI85D,KI88R,EI90K",-0.047747865,-0.37737656,4,2
"1JRH_LH_I|AI93L,VI94M",0.63366294,-0.30790314,4,2
1JRH_LH_I|DH56A,1.8860998,0.5151212,4,2
1JRH_LH_I|DH57A,1.6660647,0.22184739,4,2
1JRH_LH_I|DH58A,1.8546488,0.35648674,4,2
1JRH_LH_I|DL28A,0.43464687,0.20807248,4,2
1JRH_LH_I|EI35Q,0.09956847,-0.14794207,4,2
1JRH_LH_I|EI45A,-0.5657849,0.29786798,4,2
1JRH_LH_I|EI45P,-3.7881775,0.10306145,4,2
"1JRH_LH_I|EI45P,II47L",-3.4567804,0.19859675,4,2
"1JRH_LH_I|EI45P,II47R",-3.4400978,0.0838186,4,2
1JRH_LH_I|EL27A,0.5426153,0.6265926,4,2
1JRH_LH_I|FH103A,0.0,0.38835007,4,2
1JRH_LH_I|GI40A,4.0,0.1932156,4,2
1JRH_LH_I|HH107A,1.6977708,0.5084277,4,2
"1JRH_LH_I|II25N,PI27S,VI29T,VI31I",0.14370596,0.16159973,4,2
1JRH_LH_I|KI37A,3.713863,0.2648661,4,2
1JRH_LH_I|KI37M,3.2923293,-0.11924588,4,2
1JRH_LH_I|KI42A,3.3858175,0.28591347,4,2
1JRH_LH_I|KI42M,4.0,0.030217908,4,2
1JRH_LH_I|KI88A,0.31209365,0.47587255,4,2
"1JRH_LH_I|MI15L,II18V",-0.21360606,0.36410436,4,2
1JRH_LH_I|NI38A,0.1704579,0.22217876,4,2
1JRH_LH_I|NI38Q,0.5344714,-0.16544555,4,2
1JRH_LH_I|NI43A,4.0,0.24051476,4,2
1JRH_LH_I|NI69A,-0.19953421,0.50879675,4,2
1JRH_LH_I|RH100A,0.5426153,0.26391146,4,2
1JRH_LH_I|RI74A,0.3926171,0.2505815,4,2
1JRH_LH_I|SI44A,0.37771076,0.39966798,4,2
"1JRH_LH_I|SI44G,EI45G,II47R",-3.3777049,0.31453073,4,2
"1JRH_LH_I|SI44G,EI45P,II47K",-3.884419,0.46214023,4,2
"1JRH_LH_I|SI61Y,DI62E,HI63Q,VI64I,GI65M,DI66Y,SI68D,NI69V,LI71A",2.9588323,-0.13589287,4,2
1JRH_LH_I|SL93A,-0.65058374,-0.032193035,4,2
1JRH_LH_I|TI4V,-0.025565991,0.079089515,4,2
"1JRH_LH_I|TI9L,EI11K",-0.025565991,-0.0060890997,4,2
1JRH_LH_I|TL94A,0.38526937,0.21561939,4,2
1JRH_LH_I|VI41A,1.6791569,0.22949597,4,2
"1JRH_LH_I|VI73A,RI78K",-0.21360606,0.3543897,4,2
1JRH_LH_I|WH54A,2.6862645,0.38185835,4,2
1JRH_LH_I|WH55A,2.4213178,0.3346139,4,2
1JRH_LH_I|WI46F,-0.25261214,-0.15819801,4,2
1JRH_LH_I|WI46Y,0.29852974,-0.2044096,4,2
1JRH_LH_I|WI72A,4.0,0.628398,4,2
1JRH_LH_I|WI72F,1.102707,0.0018852511,4,2
1JRH_LH_I|WI72Y,1.1878273,-0.027931754,4,2
1JRH_LH_I|WL92A,2.818407,0.4396745,4,2
1JRH_LH_I|WL95A,1.6660647,0.3311662,4,2
1JRH_LH_I|YH104A,1.0610564,0.6011706,4,2
1JRH_LH_I|YH32A,1.4333102,0.3332703,4,2
1JRH_LH_I|YH60A,1.2555921,0.9135892,4,2
1JRH_LH_I|YI39A,3.5271235,0.36353672,4,2
1JRH_LH_I|YI39F,0.9087807,0.03447371,4,2
1JRH_LH_I|YL30A,1.1084566,0.46026537,4,2
1JRH_LH_I|YL91A,0.58083415,0.54046124,4,2
1KIQ_AB_C|FB101Y,-2.4949589,-0.42147875,4,2
1XGR_AB_C|IB33A,2.260207,0.5360569,4,2
1XGR_AB_C|IB33F,-1.8004549,-0.16440271,4,2
1XGR_AB_C|IB33L,0.061315425,-0.15256062,4,2
1XGR_AB_C|IB33V,1.1076277,0.02617357,4,2
2BDN_HL_A|DH31E,1.0852306,-0.06008623,4,2
2BDN_HL_A|LH27K,0.8740124,0.2933194,4,2
2BDN_HL_A|LH27R,0.65058374,0.24687251,4,2
2BDN_HL_A|NH28D,0.13214268,-0.46078658,4,2
2BDN_HL_A|NH28Q,1.3994616,-0.3545816,4,2
2BDN_HL_A|NL31K,3.4897714,-0.24827807,4,2
2BDN_HL_A|NL31R,-0.9171868,-0.26594925,4,2
2BDN_HL_A|SL53D,-0.1605731,-0.65223455,4,2
2BDN_HL_A|SL53E,-0.85132045,-0.6647232,4,2
2BDN_HL_A|TL56D,-0.4254655,-0.53521305,4,2
2BDN_HL_A|TL56E,-0.6888026,-0.5723691,4,2
2BDN_HL_A|YL30K,0.67475796,0.20971228,4,2
2NYY_DC_A|DA1030A,0.009336901,0.25724837,4,2
2NYY_DC_A|DA1034A,2.5297937,0.65972203,4,2
2NYY_DC_A|DC30Y,0.64113563,-0.30074933,4,2
2NYY_DC_A|EA892A,2.839132,0.33162916,4,2
2NYY_DC_A|ED5Q,-0.2479871,0.070772,4,2
2NYY_DC_A|FA889A,0.4193659,0.6694493,4,2
2NYY_DC_A|FA925A,4.0,0.3831707,4,2
2NYY_DC_A|HA1036A,4.0,0.5750393,4,2
2NYY_DC_A|HC34R,0.10088469,0.15450345,4,2
2NYY_DC_A|IA928A,-0.009487502,0.36474514,4,2
2NYY_DC_A|KA1028A,-0.028934313,-0.0055042775,4,2
2NYY_DC_A|KA875A,0.29098648,0.45973194,4,2
2NYY_DC_A|KA895A,-0.14014584,0.07546886,4,2
2NYY_DC_A|KD29R,0.071385965,-0.38483003,4,2
"2NYY_DC_A|KD29S,YD30D,DD31H,SD60P",0.04961051,0.37112272,4,2
2NYY_DC_A|LA891A,2.5892105,0.14196303,4,2
2NYY_DC_A|MD33Q,-0.059869844,0.07553766,4,2
2NYY_DC_A|NA890A,0.89044046,0.64841527,4,2
2NYY_DC_A|NA926A,0.09934822,0.10083731,4,2
2NYY_DC_A|QA887A,0.5208145,0.5192758,4,2
2NYY_DC_A|RA1033A,0.82012254,0.44513074,4,2
2NYY_DC_A|RA1266A,0.2995321,0.25448027,4,2
2NYY_DC_A|SA874A,-0.23032175,0.3930171,4,2
2NYY_DC_A|SA927A,0.0,0.2922798,4,2
2NYY_DC_A|SC28Q,0.4133828,-0.29398963,4,2
2NYY_DC_A|SC31N,-0.35338265,0.24021028,4,2
2NYY_DC_A|TA1035A,1.630871,0.154967,4,2
2NYY_DC_A|VD36I,-0.21317148,0.043434847,4,2
"2NYY_DC_A|VD36I,ED5Q",-0.0490461,0.097031504,4,2
2NYY_DC_A|YD30D,0.06462482,0.44527426,4,2
2NYY_DC_A|YD30Q,0.12897444,0.4133613,4,2
2NYY_DC_A|YD56Q,0.5196862,0.21608791,4,2
2NZ9_DC_A|DA1030A,-0.031082604,0.37589726,4,2
2NZ9_DC_A|DA1034A,2.3396032,0.6301328,4,2
2NZ9_DC_A|EA892A,2.77036,0.36568534,4,2
2NZ9_DC_A|FA889A,-0.04961051,0.6649652,4,2
2NZ9_DC_A|FA925A,3.340439,0.26645622,4,2
2NZ9_DC_A|HA1036A,4.0,0.6143499,4,2
2NZ9_DC_A|IA928A,0.069281444,0.42355928,4,2
2NZ9_DC_A|KA1028A,-0.008714417,-0.02772171,4,2
2NZ9_DC_A|KA875A,0.5407011,0.39667726,4,2
2NZ9_DC_A|KA895A,-0.29975358,0.047169916,4,2
2NZ9_DC_A|LA891A,2.279965,0.14368524,4,2
2NZ9_DC_A|NA890A,2.1600318,0.69795734,4,2
2NZ9_DC_A|NA926A,-0.15216734,0.07473853,4,2
2NZ9_DC_A|QA887A,0.09926054,0.49894246,4,2
2NZ9_DC_A|RA1033A,0.29088098,0.48756117,4,2
2NZ9_DC_A|RA1266A,0.39015788,0.28934202,4,2
2NZ9_DC_A|SA874A,-0.11948046,0.39268866,4,2
2NZ9_DC_A|SA927A,-0.078544825,0.2755187,4,2
"2NZ9_DC_A|SD29K,DD30Y,HD31D",-0.04961051,-0.32113206,4,2
2NZ9_DC_A|TA1035A,2.3703818,0.12266773,4,2
2VIS_AB_C|IC89T,-4.0,-0.12344513,4,2
"3BE1_HL_A|DL28N,PL30A,RL31K,SL32T,TL97S,TL98S",-0.6860794,1.0647056,4,2
"3BE1_HL_A|DL28N,PL30A,RL31K,SL32T,TL97S,TL98S,KH30S,DH31G,TH54S,NH55E,GH100V,DH102V",-2.7728782,0.70828927,4,2
"3BE1_HL_A|DL28N,PL30A,RL31K,SL32T,TL97S,TL98S,KH30S,DH31G,TH54S,NH55E,GH100V,DH102V,YL36A",-3.190238,1.5284283,4,2
"3BE1_HL_A|DL28N,PL30A,RL31K,SL32T,TL97S,TL98S,KH30S,DH31G,TH54S,NH55E,GH100V,DH102V,YL36A,IL33A",-2.7728782,2.0762749,4,2
"3BE1_HL_A|DL28N,PL30A,RL31K,SL32T,YL57F,TL97S,TL98S",-0.8683455,1.5164157,4,2
"3BE1_HL_A|DL28N,PL30A,RL31K,SL32T,YL57F,TL97S,TL98S,KH30S,DH31G,TH54S,NH55E,GH100V,DH102V",-2.8824897,1.1177686,4,2
3LZF_AB_HL|DA187E,0.49836498,-0.14983177,4,2
"3LZF_AB_HL|DA187E,DA222G",0.12738612,0.29535782,4,2
3LZF_AB_HL|DA222G,0.5378587,0.37380087,4,2
3NGB_HL_G|AH57G,-0.056030333,-0.44716147,4,2
"3NGB_HL_G|AH57G,VH58T,PH63K,VH74T",1.6734211,-0.025620803,4,2
"3NGB_HL_G|CH32S,CH102A",0.25899792,0.7428849,4,2
3NGB_HL_G|DH103A,0.05987142,0.5652326,4,2
3NGB_HL_G|EL88A,1.3199503,0.3159951,4,2
3NGB_HL_G|FL89A,0.85886127,0.3931171,4,2
3NGB_HL_G|GH55A,-1.2766591,0.5738022,4,2
3NGB_HL_G|GH55S,0.74304354,0.46629304,4,2
3NGB_HL_G|GH56A,1.2656107,0.3286488,4,2
3NGB_HL_G|IH30A,-0.0027431613,0.31841427,4,2
3NGB_HL_G|IH30T,0.0733938,0.20549928,4,2
"3NGB_HL_G|IH30T,KH52N,RH54N,GH55S,AH57G,VH58T,RH62Q,PH63K,VH74T,YH75S,YL26S",0.86214453,3.1910293,4,2
3NGB_HL_G|KH52A,0.62288266,0.38785726,4,2
3NGB_HL_G|KH52N,0.17497002,0.39810526,4,2
3NGB_HL_G|MH70A,0.5305512,0.23182653,4,2
3NGB_HL_G|NH105A,1.1185741,0.050089326,4,2
3NGB_HL_G|NH59A,1.7671243,0.31721145,4,2
3NGB_HL_G|PH63A,-0.04252045,0.16435075,4,2
3NGB_HL_G|PH63K,0.23252328,0.014454476,4,2
3NGB_HL_G|QH65A,-0.34038836,0.2461049,4,2
3NGB_HL_G|QL25A,-0.23060839,0.67649525,4,2
3NGB_HL_G|RH54A,-0.25938424,0.49405876,4,2
3NGB_HL_G|RH54N,0.04645046,0.46296313,4,2
3NGB_HL_G|RH62A,0.9958448,0.020259656,4,2
3NGB_HL_G|RH62Q,0.09654992,-0.18766494,4,2
3NGB_HL_G|RH72A,1.6432176,0.2828378,4,2
3NGB_HL_G|SL28A,-0.14471176,0.04001894,4,2
3NGB_HL_G|TH33A,0.7071634,0.46093658,4,2
3NGB_HL_G|TH33Y,0.084193856,-0.41797698,4,2
"3NGB_HL_G|TH33Y,GH56S,AH57G,VH58T,PH63K,VH74T,YH75S",1.9381938,0.48557353,4,2
3NGB_HL_G|VH58A,1.3584284,0.36035034,4,2
3NGB_HL_G|VH58T,0.13787223,0.04434617,4,2
3NGB_HL_G|VH74A,1.087914,0.29316437,4,2
3NGB_HL_G|VH74T,0.16493925,0.13871947,4,2
3NGB_HL_G|VL1A,-0.7733632,0.64898163,4,2
3NGB_HL_G|WH106A,4.0,0.40770411,4,2
3NGB_HL_G|WH47A,1.2021707,0.28444716,4,2
3NGB_HL_G|WH50A,1.2917941,0.5123062,4,2
3NGB_HL_G|YH104A,1.4235861,0.7022198,4,2
3NGB_HL_G|YH60A,0.5484263,0.5680716,4,2
3NGB_HL_G|YH75A,-0.19932224,0.6989664,4,2
3NGB_HL_G|YH75S,0.3325709,0.77164394,4,2
3NGB_HL_G|YL26A,0.98528093,0.5129751,4,2
3NGB_HL_G|YL26S,0.6512687,0.4576087,4,2
3NGB_HL_G|YL87A,2.0227883,0.5900641,4,2
4JPK_HL_A|DA141R,3.857323,-0.19421303,4,2
"4JPK_HL_A|DA159N,DA33N",0.6189681,0.36455676,4,2
4JPK_HL_A|FA144I,1.3875175,0.033598542,4,2
4JPK_HL_A|FA63L,1.1672868,0.43243942,4,2
4JPK_HL_A|RA130K,0.23006605,0.11771029,4,2
4JPK_HL_A|RA81T,0.75870305,0.5857265,4,2
4JPK_HL_A|SA41G,2.151695,0.14591339,4,2
4JPK_HL_A|TA35S,-0.032093357,0.014401901,4,2
4JPK_HL_A|VA30N,0.59459484,0.07075469,4,2
