row_id,ddg_true,ddg_pred,fold,seed
1AHW_AB_C|DC167A,-0.4845926,1.5895278,0,0
"1AHW_AB_C|KC138A,DC139A",1.1814722,2.682748,0,0
"1AHW_AB_C|KC154A,KC155A",-1.329712,2.8344965,0,0
1AHW_AB_C|LC165A,0.9869364,0.7387027,0,0
1AHW_AB_C|NC188A,1.0782224,1.3544503,0,0
"1AHW_AB_C|TC110A,KC111A",0.6388569,2.010596,0,0
1AHW_AB_C|TC156A,-0.07411996,1.4817358,0,0
1AHW_AB_C|TC159A,1.105771,2.2960181,0,0
1AHW_AB_C|TC186A,1.345882,1.1058923,0,0
1AHW_AB_C|VC187A,-0.31423107,0.7941688,0,0
1AHW_AB_C|YC146A,-1.8890098,2.217913,0,0
1BJ1_HL_VW|HH101Y,-1.5835956,-0.65395975,0,0
"1BJ1_HL_VW|HH101Y,YH103I,GH104A,SH105K",-0.43125325,0.39144972,0,0
"1BJ1_HL_VW|HH101Y,YH103R,GH104N,SH105T",-0.7626503,0.35626104,0,0
"1BJ1_HL_VW|HH101Y,YH103R,SH105T",-1.173123,-0.7439423,0,0
1BJ1_HL_VW|HH107A,0.78965265,0.26189274,0,0
"1BJ1_HL_VW|LH72I,TH74K",0.076517485,0.9426663,0,0
"1BJ1_HL_VW|LH72V,TH74V",0.6706598,0.565268,0,0
"1BJ1_HL_VW|ML4L,TH28D,NH31H,HH101Y,SH105T",-1.52138,-1.864967,0,0
1BJ1_HL_VW|NH31H,-0.7626503,-0.30746424,0,0
1BJ1_HL_VW|SH105T,-0.39039657,0.14345995,0,0
1BJ1_HL_VW|TH28D,-0.22003505,-0.24986866,0,0
"1BJ1_HL_VW|TH28D,NH31H",-0.6929008,-0.82258666,0,0
"1BJ1_HL_VW|TH28D,NH31H,YH54W,HH101Y,SH105T",-1.2034981,-1.4936109,0,0
1BJ1_HL_VW|TH59A,0.85066694,1.13157,0,0
1BJ1_HL_VW|YH27A,2.2425284,0.6817782,0,0
1BJ1_HL_VW|YH54A,1.3276595,1.7387472,0,0
1BJ1_HL_VW|YH54W,-0.13726985,0.2953147,0,0
1BJ1_HL_VW|YH99A,4.0,0.41493365,0,0
1DQJ_AB_C|DB32A,2.0134337,0.8366629,0,0
"1DQJ_AB_C|DB32A,KC97A",1.1223834,1.3097326,0,0
1DQJ_AB_C|DC101A,1.3765504,1.1299261,0,0
1DQJ_AB_C|KC96A,4.0,1.1757413,0,0
1DQJ_AB_C|KC97A,3.5197058,0.86578774,0,0
1DQJ_AB_C|LC75A,1.452407,0.78540695,0,0
1DQJ_AB_C|NA31A,2.0134337,1.3104157,0,0
1DQJ_AB_C|NA32A,4.0,1.3941156,0,0
"1DQJ_AB_C|NA32A,KC96A",4.0,2.1920316,0,0
1DQJ_AB_C|NC93A,0.64987326,0.39699566,0,0
1DQJ_AB_C|RC21A,1.2137709,0.7284783,0,0
1DQJ_AB_C|SA91A,1.4318883,1.2301191,0,0
"1DQJ_AB_C|SA91A,RC21A",3.1707318,1.4643167,0,0
"1DQJ_AB_C|SA91A,YC20A",3.573092,2.4718504,0,0
1DQJ_AB_C|SC100A,0.7755829,1.7703933,0,0
1DQJ_AB_C|TC89A,0.84084374,0.47780553,0,0
1DQJ_AB_C|WB98A,4.0,1.4605858,0,0
"1DQJ_AB_C|WB98A,KC97A",4.0,1.815409,0,0
"1DQJ_AB_C|WB98A,SC100A",4.0,3.3579204,0,0
"1DQJ_AB_C|WB98A,YC20A",4.0,2.8992982,0,0
1DQJ_AB_C|WC62A,0.7580786,1.974979,0,0
1DQJ_AB_C|WC63A,1.3462692,1.7148112,0,0
1DQJ_AB_C|YA50A,2.678299,1.1192477,0,0
1DQJ_AB_C|YA96A,1.135051,0.777683,0,0
"1DQJ_AB_C|YA96A,RC21A",3.4851997,1.1266559,0,0
"1DQJ_AB_C|YA96A,SC100A",0.91344726,2.3289797,0,0
1DQJ_AB_C|YB33A,4.0,3.511266,0,0
1DQJ_AB_C|YB50A,4.0,1.9178712,0,0
1DQJ_AB_C|YB53A,1.1802781,0.66570204,0,0
"1DQJ_AB_C|YB53A,DC101A",2.727121,1.6336071,0,0
"1DQJ_AB_C|YB53A,LC75A",1.2168618,0.6800131,0,0
"1DQJ_AB_C|YB53A,WC62A",1.286308,2.351637,0,0
"1DQJ_AB_C|YB53A,WC63A",2.1992323,1.9692305,0,0
1DQJ_AB_C|YC20A,3.2857084,1.5301964,0,0
1XGT_AB_C|LB33A,2.1988916,2.401617,0,0
1XGT_AB_C|LB33F,-1.8617703,-1.8942273,0,0
1XGT_AB_C|LB33I,-0.061315425,0.032747857,0,0
1XGT_AB_C|LB33V,1.0463123,1.0748405,0,0
"3BDY_HL_V|DL28N,PL30A,RL31K,SL32T,TL97S,TL98S",-0.9690793,-1.003757,0,0
"3BDY_HL_V|DL28N,PL30A,RL31K,SL32T,TL97S,TL98S,KH31S,DH32G,TH55S,NH56E,GH101V,DH103V",-2.7154896,-2.6017747,0,0
"3BDY_HL_V|DL28N,PL30A,RL31K,SL32T,TL97S,TL98S,KH31S,DH32G,TH55S,NH56E,GH101V,DH103V,RH51A,RH60A",-2.7728782,-2.1833363,0,0
"3BDY_HL_V|DL28N,PL30A,RL31K,SL32T,YL57F,TL97S,TL98S",-0.97316396,-0.86606956,0,0
"3BDY_HL_V|DL28N,PL30A,RL31K,SL32T,YL57F,TL97S,TL98S,KH31S,DH32G,TH55S,NH56E,GH101V,DH103V",-2.727121,-2.5601535,0,0
3HFM_HL_Y|DH32A,1.8982269,0.47200653,0,0
"3HFM_HL_Y|DH32A,KY97A",4.0,1.1666548,0,0
"3HFM_HL_Y|DH32A,KY97M",1.1234494,1.4860876,0,0
3HFM_HL_Y|DH32N,0.17036153,0.14865339,0,0
"3HFM_HL_Y|DH32N,KY97A",4.0,0.8798347,0,0
"3HFM_HL_Y|DH32N,KY97M",0.3025042,1.2269574,0,0
3HFM_HL_Y|DY101A,1.2081919,0.9243403,0,0
3HFM_HL_Y|DY101E,2.132881,0.45001242,0,0
3HFM_HL_Y|DY101F,2.3282614,0.53457135,0,0
3HFM_HL_Y|DY101G,0.35884774,0.123456694,0,0
3HFM_HL_Y|DY101K,2.1245396,1.052298,0,0
3HFM_HL_Y|DY101N,1.4911126,0.8282132,0,0
3HFM_HL_Y|DY101Q,2.0851746,-0.12749562,0,0
3HFM_HL_Y|DY101R,2.2798727,1.0441381,0,0
3HFM_HL_Y|DY101S,1.8694,0.35447156,0,0
3HFM_HL_Y|GY102V,0.395285,0.6841945,0,0
3HFM_HL_Y|HY15A,-0.4453172,0.31215024,0,0
3HFM_HL_Y|IY98A,0.0,0.47740015,0,0
3HFM_HL_Y|KY96A,4.0,1.3304331,0,0
3HFM_HL_Y|KY96M,4.0,1.2811339,0,0
3HFM_HL_Y|KY96R,4.0,0.66644806,0,0
3HFM_HL_Y|KY97A,4.0,0.927976,0,0
3HFM_HL_Y|KY97D,4.0,0.7602215,0,0
3HFM_HL_Y|KY97E,3.6045077,0.8334345,0,0
3HFM_HL_Y|KY97G,4.0,0.51416874,0,0
3HFM_HL_Y|KY97M,0.9469717,1.1653277,0,0
3HFM_HL_Y|KY97R,3.0528512,0.29720804,0,0
3HFM_HL_Y|LY75A,0.70445603,0.49802914,0,0
3HFM_HL_Y|NL31A,4.0,1.0977414,0,0
"3HFM_HL_Y|NL31A,KY96A",4.0,3.1059415,0,0
3HFM_HL_Y|NL31D,1.3434845,0.19312784,0,0
3HFM_HL_Y|NL31E,4.0,0.4663054,0,0
3HFM_HL_Y|NL32A,4.0,1.05115,0,0
3HFM_HL_Y|NY19D,0.41047263,0.18289292,0,0
3HFM_HL_Y|NY19K,0.2401111,0.4966956,0,0
3HFM_HL_Y|NY19Q,-0.042485796,0.10238976,0,0
3HFM_HL_Y|NY93A,0.21121821,0.37206638,0,0
3HFM_HL_Y|QL53A,0.9530879,0.22645316,0,0
3HFM_HL_Y|RY21A,0.8618019,0.84902155,0,0
3HFM_HL_Y|RY21E,2.4534352,0.51154995,0,0
3HFM_HL_Y|RY21G,2.4220753,0.07742379,0,0
3HFM_HL_Y|RY21H,2.1693182,-0.02607797,0,0
3HFM_HL_Y|RY21K,1.766342,0.35325605,0,0
3HFM_HL_Y|RY21M,2.0498905,1.0072564,0,0
3HFM_HL_Y|RY21N,2.3282614,0.51998174,0,0
3HFM_HL_Y|RY21Q,2.3975346,-0.2131021,0,0
3HFM_HL_Y|RY21W,2.132881,0.48833892,0,0
3HFM_HL_Y|RY73A,-0.3313971,0.7230537,0,0
3HFM_HL_Y|SH31A,0.17036153,0.48972824,0,0
3HFM_HL_Y|SY100A,0.26765963,1.2668428,0,0
3HFM_HL_Y|TY89A,0.0,0.3950406,0,0
3HFM_HL_Y|WH98A,4.0,1.2908592,0,0
"3HFM_HL_Y|WH98A,KY96A",4.0,2.7240484,0,0
3HFM_HL_Y|WH98F,3.245562,0.4728202,0,0
"3HFM_HL_Y|WH98F,YY20A",4.0,1.9816829,0,0
3HFM_HL_Y|WY63A,0.31918663,2.0061207,0,0
3HFM_HL_Y|YH33A,4.0,3.1528475,0,0
"3HFM_HL_Y|YH33A,KY97A",4.0,3.8319464,0,0
3HFM_HL_Y|YH33F,1.0712212,-0.8846779,0,0
3HFM_HL_Y|YH33L,2.0069382,0.72404116,0,0
3HFM_HL_Y|YH33W,1.7495645,0.33591962,0,0
3HFM_HL_Y|YH50A,4.0,2.1229515,0,0
"3HFM_HL_Y|YH50A,RY21A",4.0,2.61416,0,0
3HFM_HL_Y|YH50F,1.6099914,0.48727772,0,0
3HFM_HL_Y|YH50L,2.8488367,0.81305283,0,0
3HFM_HL_Y|YH53A,3.25038,1.0830035,0,0
3HFM_HL_Y|YH53F,0.62049925,0.7367071,0,0
3HFM_HL_Y|YH53L,0.8068894,0.7892172,0,0
3HFM_HL_Y|YH53W,0.7061819,0.32486337,0,0
3HFM_HL_Y|YH58A,1.6760437,2.0364573,0,0
3HFM_HL_Y|YH58F,0.36312544,0.51143193,0,0
3HFM_HL_Y|YH58L,1.5136731,1.2607136,0,0
3HFM_HL_Y|YL50A,4.0,0.9538019,0,0
"3HFM_HL_Y|YL50A,KY96A",4.0,2.57428,0,0
"3HFM_HL_Y|YL50A,KY97A",4.0,1.901298,0,0
"3HFM_HL_Y|YL50A,RY21A",4.0,1.9305238,0,0
3HFM_HL_Y|YL50F,2.3548672,0.27001193,0,0
"3HFM_HL_Y|YL50F,RY21A",4.0,1.3745276,0,0
"3HFM_HL_Y|YL50F,YY20A",4.0,1.8965364,0,0
3HFM_HL_Y|YL50L,4.0,0.48415384,0,0
3HFM_HL_Y|YL96A,2.707045,0.88011944,0,0
"3HFM_HL_Y|YL96A,RY21A",4.0,1.3961105,0,0
3HFM_HL_Y|YL96F,1.4017794,0.48585662,0,0
"3HFM_HL_Y|YL96F,RY21A",4.0,1.1375263,0,0
3HFM_HL_Y|YY20A,4.0,1.5818928,0,0
3HFM_HL_Y|YY20F,-0.4839681,0.574383,0,0
3HFM_HL_Y|YY20L,2.1845057,1.281812,0,0
3SE9_HL_G|DH77A,-0.7664817,0.5046972,0,0
3SE9_HL_G|EL90A,0.41735974,0.5697657,0,0
3SE9_HL_G|FL91A,0.023615688,0.6289096,0,0
3SE9_HL_G|GH106A,-0.3075798,0.7230757,0,0
3SE9_HL_G|GH107A,-0.6151596,0.35884544,0,0
3SE9_HL_G|GH109A,0.18514356,0.89206773,0,0
3SE9_HL_G|GH57A,0.4524448,1.0932325,0,0
3SE9_HL_G|GH62A,0.04634,0.7564375,0,0
3SE9_HL_G|GL29A,0.46369976,0.6253964,0,0
3SE9_HL_G|LH34A,0.56599987,1.8736335,0,0
3SE9_HL_G|LL89A,0.964243,1.0771362,0,0
3SE9_HL_G|NH60A,1.5217615,2.3393118,0,0
3SE9_HL_G|PH64A,-0.4419396,-0.27577335,0,0
3SE9_HL_G|RH67A,1.4695449,0.93931925,0,0
3SE9_HL_G|RH74A,2.6792572,1.3700409,0,0
3SE9_HL_G|RH76A,-0.2322162,1.1429447,0,0
3SE9_HL_G|TH105A,-0.4419396,-0.30693525,0,0
3SE9_HL_G|TH56A,-0.85929936,1.090655,0,0
3SE9_HL_G|VH55A,-0.85929936,0.011688881,0,0
3SE9_HL_G|VH59A,0.9833596,1.7125053,0,0
3SE9_HL_G|VL3A,-0.49433115,0.15244436,0,0
3SE9_HL_G|WH48A,1.0584464,0.9669647,0,0
3SE9_HL_G|WH51A,1.275695,2.099133,0,0
3SE9_HL_G|YH104A,0.46369976,0.7232887,0,0
3SE9_HL_G|YL28A,1.1177194,0.27375564,0,0
4U6H_AB_E|NE21A,-0.3480795,0.7312509,0,0
4U6H_AB_E|QE25A,0.11883454,2.0167243,0,0
4ZS6_HL_A|EA156A,3.0386665,0.13645035,0,0
4ZS6_HL_A|YA160A,-0.11025046,2.03051,0,0
1AHW_AB_C|DC167A,-0.4845926,1.3142215,0,1
"1AHW_AB_C|KC138A,DC139A",1.1814722,1.2124208,0,1
"1AHW_AB_C|KC154A,KC155A",-1.329712,0.95673406,0,1
1AHW_AB_C|LC165A,0.9869364,0.8783438,0,1
1AHW_AB_C|NC188A,1.0782224,1.0788729,0,1
"1AHW_AB_C|TC110A,KC111A",0.6388569,1.1018747,0,1
1AHW_AB_C|TC156A,-0.07411996,1.3804314,0,1
1AHW_AB_C|TC159A,1.105771,1.2490355,0,1
1AHW_AB_C|TC186A,1.345882,0.70081025,0,1
1AHW_AB_C|VC187A,-0.31423107,0.36112177,0,1
1AHW_AB_C|YC146A,-1.8890098,1.5595636,0,1
1BJ1_HL_VW|HH101Y,-1.5835956,-0.9075735,0,1
"1BJ1_HL_VW|HH101Y,YH103I,GH104A,SH105K",-0.43125325,0.045763515,0,1
"1BJ1_HL_VW|HH101Y,YH103R,GH104N,SH105T",-0.7626503,-0.070048675,0,1
"1BJ1_HL_VW|HH101Y,YH103R,SH105T",-1.173123,-0.51856345,0,1
1BJ1_HL_VW|HH107A,0.78965265,0.67556053,0,1
"1BJ1_HL_VW|LH72I,TH74K",0.076517485,1.3083782,0,1
"1BJ1_HL_VW|LH72V,TH74V",0.6706598,0.3546052,0,1
"1BJ1_HL_VW|ML4L,TH28D,NH31H,HH101Y,SH105T",-1.52138,-1.8299496,0,1
1BJ1_HL_VW|NH31H,-0.7626503,0.2966959,0,1
1BJ1_HL_VW|SH105T,-0.39039657,0.3068747,0,1
1BJ1_HL_VW|TH28D,-0.22003505,-0.17420499,0,1
"1BJ1_HL_VW|TH28D,NH31H",-0.6929008,-0.23732294,0,1
"1BJ1_HL_VW|TH28D,NH31H,YH54W,HH101Y,SH105T",-1.2034981,-0.9108791,0,1
1BJ1_HL_VW|TH59A,0.85066694,1.0014858,0,1
1BJ1_HL_VW|YH27A,2.2425284,0.7132665,0,1
1BJ1_HL_VW|YH54A,1.3276595,0.8773911,0,1
1BJ1_HL_VW|YH54W,-0.13726985,0.18648845,0,1
1BJ1_HL_VW|YH99A,4.0,0.49135816,0,1
1DQJ_AB_C|DB32A,2.0134337,0.49053705,0,1
"1DQJ_AB_C|DB32A,KC97A",1.1223834,0.121490985,0,1
1DQJ_AB_C|DC101A,1.3765504,1.1629192,0,1
1DQJ_AB_C|KC96A,4.0,0.72468334,0,1
1DQJ_AB_C|KC97A,3.5197058,0.20554015,0,1
1DQJ_AB_C|LC75A,1.452407,0.71502227,0,1
1DQJ_AB_C|NA31A,2.0134337,0.8816705,0,1
1DQJ_AB_C|NA32A,4.0,1.2090182,0,1
"1DQJ_AB_C|NA32A,KC96A",4.0,1.5926598,0,1
1DQJ_AB_C|NC93A,0.64987326,0.05925281,0,1
1DQJ_AB_C|RC21A,1.2137709,0.7946353,0,1
1DQJ_AB_C|SA91A,1.4318883,0.93385607,0,1
"1DQJ_AB_C|SA91A,RC21A",3.1707318,1.3809652,0,1
"1DQJ_AB_C|SA91A,YC20A",3.573092,2.2726629,0,1
1DQJ_AB_C|SC100A,0.7755829,1.3926818,0,1
1DQJ_AB_C|TC89A,0.84084374,1.0008196,0,1
1DQJ_AB_C|WB98A,4.0,1.2502066,0,1
"1DQJ_AB_C|WB98A,KC97A",4.0,0.7554223,0,1
"1DQJ_AB_C|WB98A,SC100A",4.0,2.671209,0,1
"1DQJ_AB_C|WB98A,YC20A",4.0,2.5791368,0,1
1DQJ_AB_C|WC62A,0.7580786,0.6764294,0,1
1DQJ_AB_C|WC63A,1.3462692,1.3817265,0,1
1DQJ_AB_C|YA50A,2.678299,1.4026736,0,1
1DQJ_AB_C|YA96A,1.135051,1.9378874,0,1
"1DQJ_AB_C|YA96A,RC21A",3.4851997,2.642641,0,1
"1DQJ_AB_C|YA96A,SC100A",0.91344726,3.5237622,0,1
1DQJ_AB_C|YB33A,4.0,3.536749,0,1
1DQJ_AB_C|YB50A,4.0,1.4102665,0,1
1DQJ_AB_C|YB53A,1.1802781,0.30967635,0,1
"1DQJ_AB_C|YB53A,DC101A",2.727121,1.3331387,0,1
"1DQJ_AB_C|YB53A,LC75A",1.2168618,0.32775664,0,1
"1DQJ_AB_C|YB53A,WC62A",1.286308,0.5669109,0,1
"1DQJ_AB_C|YB53A,WC63A",2.1992323,1.418816,0,1
1DQJ_AB_C|YC20A,3.2857084,1.4312294,0,1
1XGT_AB_C|LB33A,2.1988916,2.303175,0,1
1XGT_AB_C|LB33F,-1.8617703,-2.166535,0,1
1XGT_AB_C|LB33I,-0.061315425,-0.24927677,0,1
1XGT_AB_C|LB33V,1.0463123,1.0412511,0,1
"3BDY_HL_V|DL28N,PL30A,RL31K,SL32T,TL97S,TL98S",-0.9690793,-1.5372329,0,1
"3BDY_HL_V|DL28N,PL30A,RL31K,SL32T,TL97S,TL98S,KH31S,DH32G,TH55S,NH56E,GH101V,DH103V",-2.7154896,-2.8909078,0,1
"3BDY_HL_V|DL28N,PL30A,RL31K,SL32T,TL97S,TL98S,KH31S,DH32G,TH55S,NH56E,GH101V,DH103V,RH51A,RH60A",-2.7728782,-3.3727283,0,1
"3BDY_HL_V|DL28N,PL30A,RL31K,SL32T,YL57F,TL97S,TL98S",-0.97316396,-1.303573,0,1
"3BDY_HL_V|DL28N,PL30A,RL31K,SL32T,YL57F,TL97S,TL98S,KH31S,DH32G,TH55S,NH56E,GH101V,DH103V",-2.727121,-2.7015502,0,1
3HFM_HL_Y|DH32A,1.8982269,-0.01051566,0,1
"3HFM_HL_Y|DH32A,KY97A",4.0,0.11791532,0,1
"3HFM_HL_Y|DH32A,KY97M",1.1234494,0.113828525,0,1
3HFM_HL_Y|DH32N,0.17036153,-0.1881064,0,1
"3HFM_HL_Y|DH32N,KY97A",4.0,0.053533223,0,1
"3HFM_HL_Y|DH32N,KY97M",0.3025042,0.047882907,0,1
3HFM_HL_Y|DY101A,1.2081919,0.8737688,0,1
3HFM_HL_Y|DY101E,2.132881,0.31304234,0,1
3HFM_HL_Y|DY101F,2.3282614,0.4354,0,1
3HFM_HL_Y|DY101G,0.35884774,0.8337776,0,1
3HFM_HL_Y|DY101K,2.1245396,1.0463302,0,1
3HFM_HL_Y|DY101N,1.4911126,0.6679188,0,1
3HFM_HL_Y|DY101Q,2.0851746,0.41724008,0,1
3HFM_HL_Y|DY101R,2.2798727,0.8352539,0,1
3HFM_HL_Y|DY101S,1.8694,0.30271083,0,1
3HFM_HL_Y|GY102V,0.395285,0.64821976,0,1
3HFM_HL_Y|HY15A,-0.4453172,0.60081303,0,1
3HFM_HL_Y|IY98A,0.0,0.1509487,0,1
3HFM_HL_Y|KY96A,4.0,0.74284834,0,1
3HFM_HL_Y|KY96M,4.0,0.060176082,0,1
3HFM_HL_Y|KY96R,4.0,-0.2336754,0,1
3HFM_HL_Y|KY97A,4.0,0.2904678,0,1
3HFM_HL_Y|KY97D,4.0,-0.06607154,0,1
3HFM_HL_Y|KY97E,3.6045077,0.14606903,0,1
3HFM_HL_Y|KY97G,4.0,0.28383762,0,1
3HFM_HL_Y|KY97M,0.9469717,0.12345967,0,1
3HFM_HL_Y|KY97R,3.0528512,-0.29252428,0,1
3HFM_HL_Y|LY75A,0.70445603,0.115292296,0,1
3HFM_HL_Y|NL31A,4.0,1.0728983,0,1
"3HFM_HL_Y|NL31A,KY96A",4.0,1.6244296,0,1
3HFM_HL_Y|NL31D,1.3434845,0.31191325,0,1
3HFM_HL_Y|NL31E,4.0,0.48382598,0,1
3HFM_HL_Y|NL32A,4.0,0.93263036,0,1
3HFM_HL_Y|NY19D,0.41047263,0.3510087,0,1
3HFM_HL_Y|NY19K,0.2401111,0.96135336,0,1
3HFM_HL_Y|NY19Q,-0.042485796,0.47180808,0,1
3HFM_HL_Y|NY93A,0.21121821,0.2933833,0,1
3HFM_HL_Y|QL53A,0.9530879,-0.10472673,0,1
3HFM_HL_Y|RY21A,0.8618019,1.1074966,0,1
3HFM_HL_Y|RY21E,2.4534352,0.31848627,0,1
3HFM_HL_Y|RY21G,2.4220753,0.7855676,0,1
3HFM_HL_Y|RY21H,2.1693182,-0.31491464,0,1
3HFM_HL_Y|RY21K,1.766342,1.0618807,0,1
3HFM_HL_Y|RY21M,2.0498905,0.7626653,0,1
3HFM_HL_Y|RY21N,2.3282614,0.61542743,0,1
3HFM_HL_Y|RY21Q,2.3975346,0.14161015,0,1
3HFM_HL_Y|RY21W,2.132881,0.7549972,0,1
3HFM_HL_Y|RY73A,-0.3313971,0.574516,0,1
3HFM_HL_Y|SH31A,0.17036153,0.3556878,0,1
3HFM_HL_Y|SY100A,0.26765963,1.1866452,0,1
3HFM_HL_Y|TY89A,0.0,1.0886362,0,1
3HFM_HL_Y|WH98A,4.0,0.76890737,0,1
"3HFM_HL_Y|WH98A,KY96A",4.0,1.1733224,0,1
3HFM_HL_Y|WH98F,3.245562,0.35025293,0,1
"3HFM_HL_Y|WH98F,YY20A",4.0,2.1384354,0,1
3HFM_HL_Y|WY63A,0.31918663,1.5854934,0,1
3HFM_HL_Y|YH33A,4.0,3.7207348,0,1
"3HFM_HL_Y|YH33A,KY97A",4.0,2.7578096,0,1
3HFM_HL_Y|YH33F,1.0712212,-0.36870646,0,1
3HFM_HL_Y|YH33L,2.0069382,1.0316052,0,1
3HFM_HL_Y|YH33W,1.7495645,1.0919945,0,1
3HFM_HL_Y|YH50A,4.0,1.4833449,0,1
"3HFM_HL_Y|YH50A,RY21A",4.0,2.6954348,0,1
3HFM_HL_Y|YH50F,1.6099914,0.47048658,0,1
3HFM_HL_Y|YH50L,2.8488367,0.85199165,0,1
3HFM_HL_Y|YH53A,3.25038,0.55339813,0,1
3HFM_HL_Y|YH53F,0.62049925,0.46332127,0,1
3HFM_HL_Y|YH53L,0.8068894,0.6185818,0,1
3HFM_HL_Y|YH53W,0.7061819,0.31155145,0,1
3HFM_HL_Y|YH58A,1.6760437,1.1123796,0,1
3HFM_HL_Y|YH58F,0.36312544,0.2406146,0,1
3HFM_HL_Y|YH58L,1.5136731,0.52131796,0,1
3HFM_HL_Y|YL50A,4.0,0.7720251,0,1
"3HFM_HL_Y|YL50A,KY96A",4.0,1.2953049,0,1
"3HFM_HL_Y|YL50A,KY97A",4.0,0.6976425,0,1
"3HFM_HL_Y|YL50A,RY21A",4.0,1.817643,0,1
3HFM_HL_Y|YL50F,2.3548672,0.52366143,0,1
"3HFM_HL_Y|YL50F,RY21A",4.0,1.7224293,0,1
"3HFM_HL_Y|YL50F,YY20A",4.0,2.0069156,0,1
3HFM_HL_Y|YL50L,4.0,0.20407547,0,1
3HFM_HL_Y|YL96A,2.707045,2.0790555,0,1
"3HFM_HL_Y|YL96A,RY21A",4.0,3.1406949,0,1
3HFM_HL_Y|YL96F,1.4017794,0.88525456,0,1
"3HFM_HL_Y|YL96F,RY21A",4.0,2.5016232,0,1
3HFM_HL_Y|YY20A,4.0,1.6366119,0,1
3HFM_HL_Y|YY20F,-0.4839681,0.33155382,0,1
3HFM_HL_Y|YY20L,2.1845057,1.4045895,0,1
3SE9_HL_G|DH77A,-0.7664817,0.08149562,0,1
3SE9_HL_G|EL90A,0.41735974,0.94925773,0,1
3SE9_HL_G|FL91A,0.023615688,0.6429779,0,1
3SE9_HL_G|GH106A,-0.3075798,0.37962037,0,1
3SE9_HL_G|GH107A,-0.6151596,0.17077434,0,1
3SE9_HL_G|GH109A,0.18514356,0.83398485,0,1
3SE9_HL_G|GH57A,0.4524448,0.56769055,0,1
3SE9_HL_G|GH62A,0.04634,0.41492903,0,1
3SE9_HL_G|GL29A,0.46369976,0.40029383,0,1
3SE9_HL_G|LH34A,0.56599987,1.5676131,0,1
3SE9_HL_G|LL89A,0.964243,1.2838801,0,1
3SE9_HL_G|NH60A,1.5217615,1.7205236,0,1
3SE9_HL_G|PH64A,-0.4419396,-0.028375559,0,1
3SE9_HL_G|RH67A,1.4695449,0.49651968,0,1
3SE9_HL_G|RH74A,2.6792572,1.8105121,0,1
3SE9_HL_G|RH76A,-0.2322162,0.50149256,0,1
3SE9_HL_G|TH105A,-0.4419396,0.019325834,0,1
3SE9_HL_G|TH56A,-0.85929936,0.44561982,0,1
3SE9_HL_G|VH55A,-0.85929936,-0.29941726,0,1
3SE9_HL_G|VH59A,0.9833596,1.5853472,0,1
3SE9_HL_G|VL3A,-0.49433115,0.24361177,0,1
3SE9_HL_G|WH48A,1.0584464,1.4836248,0,1
3SE9_HL_G|WH51A,1.275695,1.3727442,0,1
3SE9_HL_G|YH104A,0.46369976,1.1276985,0,1
3SE9_HL_G|YL28A,1.1177194,0.3327806,0,1
4U6H_AB_E|NE21A,-0.3480795,0.8277743,0,1
4U6H_AB_E|QE25A,0.11883454,1.406225,0,1
4ZS6_HL_A|EA156A,3.0386665,0.38239294,0,1
4ZS6_HL_A|YA160A,-0.11025046,2.3495536,0,1
1AHW_AB_C|DC167A,-0.4845926,0.71039796,0,2
"1AHW_AB_C|KC138A,DC139A",1.1814722,2.177344,0,2
"1AHW_AB_C|KC154A,KC155A",-1.329712,1.5707623,0,2
1AHW_AB_C|LC165A,0.9869364,0.6711346,0,2
1AHW_AB_C|NC188A,1.0782224,1.145804,0,2
"1AHW_AB_C|TC110A,KC111A",0.6388569,1.2558941,0,2
1AHW_AB_C|TC156A,-0.07411996,0.27864385,0,2
1AHW_AB_C|TC159A,1.105771,1.2879738,0,2
1AHW_AB_C|TC186A,1.345882,1.2912172,0,2
1AHW_AB_C|VC187A,-0.31423107,0.4753644,0,2
1AHW_AB_C|YC146A,-1.8890098,1.5642284,0,2
1BJ1_HL_VW|HH101Y,-1.5835956,-1.3319983,0,2
"1BJ1_HL_VW|HH101Y,YH103I,GH104A,SH105K",-0.43125325,-0.026963498,0,2
"1BJ1_HL_VW|HH101Y,YH103R,GH104N,SH105T",-0.7626503,-1.6247262,0,2
"1BJ1_HL_VW|HH101Y,YH103R,SH105T",-1.173123,-1.8090497,0,2
1BJ1_HL_VW|HH107A,0.78965265,0.31092855,0,2
"1BJ1_HL_VW|LH72I,TH74K",0.076517485,0.38022414,0,2
"1BJ1_HL_VW|LH72V,TH74V",0.6706598,0.12499872,0,2
"1BJ1_HL_VW|ML4L,TH28D,NH31H,HH101Y,SH105T",-1.52138,-2.3626668,0,2
1BJ1_HL_VW|NH31H,-0.7626503,0.14008744,0,2
1BJ1_HL_VW|SH105T,-0.39039657,-0.8503515,0,2
1BJ1_HL_VW|TH28D,-0.22003505,-0.34064332,0,2
"1BJ1_HL_VW|TH28D,NH31H",-0.6929008,-0.38511068,0,2
"1BJ1_HL_VW|TH28D,NH31H,YH54W,HH101Y,SH105T",-1.2034981,-1.6382433,0,2
1BJ1_HL_VW|TH59A,0.85066694,1.325146,0,2
1BJ1_HL_VW|YH27A,2.2425284,0.61033475,0,2
1BJ1_HL_VW|YH54A,1.3276595,0.7697613,0,2
1BJ1_HL_VW|YH54W,-0.13726985,0.25703144,0,2
1BJ1_HL_VW|YH99A,4.0,0.9650053,0,2
1DQJ_AB_C|DB32A,2.0134337,-0.05627687,0,2
"1DQJ_AB_C|DB32A,KC97A",1.1223834,-0.47552946,0,2
1DQJ_AB_C|DC101A,1.3765504,1.5275689,0,2
1DQJ_AB_C|KC96A,4.0,1.455414,0,2
1DQJ_AB_C|KC97A,3.5197058,0.2652464,0,2
1DQJ_AB_C|LC75A,1.452407,1.0879894,0,2
1DQJ_AB_C|NA31A,2.0134337,2.461539,0,2
1DQJ_AB_C|NA32A,4.0,1.5076001,0,2
"1DQJ_AB_C|NA32A,KC96A",4.0,2.2702832,0,2
1DQJ_AB_C|NC93A,0.64987326,0.07904537,0,2
1DQJ_AB_C|RC21A,1.2137709,1.0542898,0,2
1DQJ_AB_C|SA91A,1.4318883,0.20322514,0,2
"1DQJ_AB_C|SA91A,RC21A",3.1707318,1.1000677,0,2
"1DQJ_AB_C|SA91A,YC20A",3.573092,2.012542,0,2
1DQJ_AB_C|SC100A,0.7755829,0.97103024,0,2
1DQJ_AB_C|TC89A,0.84084374,1.0277909,0,2
1DQJ_AB_C|WB98A,4.0,2.1288605,0,2
"1DQJ_AB_C|WB98A,KC97A",4.0,1.3782722,0,2
"1DQJ_AB_C|WB98A,SC100A",4.0,3.5026803,0,2
"1DQJ_AB_C|WB98A,YC20A",4.0,3.9495463,0,2
1DQJ_AB_C|WC62A,0.7580786,1.769182,0,2
1DQJ_AB_C|WC63A,1.3462692,2.671746,0,2
1DQJ_AB_C|YA50A,2.678299,0.9216004,0,2
1DQJ_AB_C|YA96A,1.135051,0.7433782,0,2
"1DQJ_AB_C|YA96A,RC21A",3.4851997,1.3611643,0,2
"1DQJ_AB_C|YA96A,SC100A",0.91344726,1.5994502,0,2
1DQJ_AB_C|YB33A,4.0,2.9924293,0,2
1DQJ_AB_C|YB50A,4.0,1.8299588,0,2
1DQJ_AB_C|YB53A,1.1802781,0.7581697,0,2
"1DQJ_AB_C|YB53A,DC101A",2.727121,1.6477015,0,2
"1DQJ_AB_C|YB53A,LC75A",1.2168618,1.418956,0,2
"1DQJ_AB_C|YB53A,WC62A",1.286308,1.6082628,0,2
"1DQJ_AB_C|YB53A,WC63A",2.1992323,2.973069,0,2
1DQJ_AB_C|YC20A,3.2857084,1.579982,0,2
1XGT_AB_C|LB33A,2.1988916,2.1332762,0,2
1XGT_AB_C|LB33F,-1.8617703,-1.6466206,0,2
1XGT_AB_C|LB33I,-0.061315425,0.08576879,0,2
1XGT_AB_C|LB33V,1.0463123,1.2364397,0,2
"3BDY_HL_V|DL28N,PL30A,RL31K,SL32T,TL97S,TL98S",-0.9690793,-1.02152,0,2
"3BDY_HL_V|DL28N,PL30A,RL31K,SL32T,TL97S,TL98S,KH31S,DH32G,TH55S,NH56E,GH101V,DH103V",-2.7154896,-3.022626,0,2
"3BDY_HL_V|DL28N,PL30A,RL31K,SL32T,TL97S,TL98S,KH31S,DH32G,TH55S,NH56E,GH101V,DH103V,RH51A,RH60A",-2.7728782,-2.6580753,0,2
"3BDY_HL_V|DL28N,PL30A,RL31K,SL32T,YL57F,TL97S,TL98S",-0.97316396,-1.1120516,0,2
"3BDY_HL_V|DL28N,PL30A,RL31K,SL32T,YL57F,TL97S,TL98S,KH31S,DH32G,TH55S,NH56E,GH101V,DH103V",-2.727121,-3.1260958,0,2
3HFM_HL_Y|DH32A,1.8982269,0.009234283,0,2
"3HFM_HL_Y|DH32A,KY97A",4.0,-0.11896658,0,2
"3HFM_HL_Y|DH32A,KY97M",1.1234494,0.08694323,0,2
3HFM_HL_Y|DH32N,0.17036153,-0.36809802,0,2
"3HFM_HL_Y|DH32N,KY97A",4.0,-0.083893865,0,2
"3HFM_HL_Y|DH32N,KY97M",0.3025042,0.08285414,0,2
3HFM_HL_Y|DY101A,1.2081919,1.1875129,0,2
3HFM_HL_Y|DY101E,2.132881,0.6787381,0,2
3HFM_HL_Y|DY101F,2.3282614,1.1496139,0,2
3HFM_HL_Y|DY101G,0.35884774,0.35407242,0,2
3HFM_HL_Y|DY101K,2.1245396,1.7291073,0,2
3HFM_HL_Y|DY101N,1.4911126,1.4134724,0,2
3HFM_HL_Y|DY101Q,2.0851746,0.6597875,0,2
3HFM_HL_Y|DY101R,2.2798727,1.0682422,0,2
3HFM_HL_Y|DY101S,1.8694,0.9125459,0,2
3HFM_HL_Y|GY102V,0.395285,1.2192994,0,2
3HFM_HL_Y|HY15A,-0.4453172,0.9949793,0,2
3HFM_HL_Y|IY98A,0.0,0.29319975,0,2
3HFM_HL_Y|KY96A,4.0,1.5788676,0,2
3HFM_HL_Y|KY96M,4.0,1.4477304,0,2
3HFM_HL_Y|KY96R,4.0,0.19619668,0,2
3HFM_HL_Y|KY97A,4.0,0.19085334,0,2
3HFM_HL_Y|KY97D,4.0,-0.0372446,0,2
3HFM_HL_Y|KY97E,3.6045077,-0.12242548,0,2
3HFM_HL_Y|KY97G,4.0,0.0034750514,0,2
3HFM_HL_Y|KY97M,0.9469717,0.32962647,0,2
3HFM_HL_Y|KY97R,3.0528512,-1.0815067,0,2
3HFM_HL_Y|LY75A,0.70445603,0.59019905,0,2
3HFM_HL_Y|NL31A,4.0,2.4040763,0,2
"3HFM_HL_Y|NL31A,KY96A",4.0,4.203322,0,2
3HFM_HL_Y|NL31D,1.3434845,0.9286983,0,2
3HFM_HL_Y|NL31E,4.0,1.4349824,0,2
3HFM_HL_Y|NL32A,4.0,1.086731,0,2
3HFM_HL_Y|NY19D,0.41047263,-0.2155886,0,2
3HFM_HL_Y|NY19K,0.2401111,0.40363422,0,2
3HFM_HL_Y|NY19Q,-0.042485796,-0.1007919,0,2
3HFM_HL_Y|NY93A,0.21121821,0.09012292,0,2
3HFM_HL_Y|QL53A,0.9530879,0.1721303,0,2
3HFM_HL_Y|RY21A,0.8618019,1.1723807,0,2
3HFM_HL_Y|RY21E,2.4534352,0.3451743,0,2
3HFM_HL_Y|RY21G,2.4220753,0.09326029,0,2
3HFM_HL_Y|RY21H,2.1693182,-1.0146621,0,2
3HFM_HL_Y|RY21K,1.766342,0.20618255,0,2
3HFM_HL_Y|RY21M,2.0498905,1.4285612,0,2
3HFM_HL_Y|RY21N,2.3282614,1.0350866,0,2
3HFM_HL_Y|RY21Q,2.3975346,-0.16895191,0,2
3HFM_HL_Y|RY21W,2.132881,0.41623667,0,2
3HFM_HL_Y|RY73A,-0.3313971,0.831991,0,2
3HFM_HL_Y|SH31A,0.17036153,0.098796666,0,2
3HFM_HL_Y|SY100A,0.26765963,0.60823643,0,2
3HFM_HL_Y|TY89A,0.0,1.0926484,0,2
3HFM_HL_Y|WH98A,4.0,2.3042276,0,2
"3HFM_HL_Y|WH98A,KY96A",4.0,3.9827166,0,2
3HFM_HL_Y|WH98F,3.245562,0.6468353,0,2
"3HFM_HL_Y|WH98F,YY20A",4.0,2.7507803,0,2
3HFM_HL_Y|WY63A,0.31918663,2.5966275,0,2
3HFM_HL_Y|YH33A,4.0,2.3728874,0,2
"3HFM_HL_Y|YH33A,KY97A",4.0,1.0204059,0,2
3HFM_HL_Y|YH33F,1.0712212,-1.6353092,0,2
3HFM_HL_Y|YH33L,2.0069382,0.1505691,0,2
3HFM_HL_Y|YH33W,1.7495645,0.7484926,0,2
3HFM_HL_Y|YH50A,4.0,1.5491654,0,2
"3HFM_HL_Y|YH50A,RY21A",4.0,2.762192,0,2
3HFM_HL_Y|YH50F,1.6099914,0.15629576,0,2
3HFM_HL_Y|YH50L,2.8488367,0.59625274,0,2
3HFM_HL_Y|YH53A,3.25038,1.1920767,0,2
3HFM_HL_Y|YH53F,0.62049925,0.6757427,0,2
3HFM_HL_Y|YH53L,0.8068894,1.0835,0,2
3HFM_HL_Y|YH53W,0.7061819,0.3858174,0,2
3HFM_HL_Y|YH58A,1.6760437,1.0528022,0,2
3HFM_HL_Y|YH58F,0.36312544,-0.000520017,0,2
3HFM_HL_Y|YH58L,1.5136731,0.7810128,0,2
3HFM_HL_Y|YL50A,4.0,0.44324812,0,2
"3HFM_HL_Y|YL50A,KY96A",4.0,2.3476353,0,2
"3HFM_HL_Y|YL50A,KY97A",4.0,0.4965397,0,2
"3HFM_HL_Y|YL50A,RY21A",4.0,1.6899719,0,2
3HFM_HL_Y|YL50F,2.3548672,-0.0041586272,0,2
"3HFM_HL_Y|YL50F,RY21A",4.0,1.3487535,0,2
"3HFM_HL_Y|YL50F,YY20A",4.0,1.8697368,0,2
3HFM_HL_Y|YL50L,4.0,-0.22622547,0,2
3HFM_HL_Y|YL96A,2.707045,0.9588985,0,2
"3HFM_HL_Y|YL96A,RY21A",4.0,1.6645867,0,2
3HFM_HL_Y|YL96F,1.4017794,0.24706925,0,2
"3HFM_HL_Y|YL96F,RY21A",4.0,1.157355,0,2
3HFM_HL_Y|YY20A,4.0,1.7800806,0,2
3HFM_HL_Y|YY20F,-0.4839681,0.24733444,0,2
3HFM_HL_Y|YY20L,2.1845057,1.7000896,0,2
3SE9_HL_G|DH77A,-0.7664817,0.19385116,0,2
3SE9_HL_G|EL90A,0.41735974,1.0544544,0,2
3SE9_HL_G|FL91A,0.023615688,0.36089724,0,2
3SE9_HL_G|GH106A,-0.3075798,0.35075125,0,2
3SE9_HL_G|GH107A,-0.6151596,-0.54381365,0,2
3SE9_HL_G|GH109A,0.18514356,0.5936262,0,2
3SE9_HL_G|GH57A,0.4524448,0.6454684,0,2
3SE9_HL_G|GH62A,0.04634,0.45724666,0,2
3SE9_HL_G|GL29A,0.46369976,0.16255367,0,2
3SE9_HL_G|LH34A,0.56599987,0.9591567,0,2
3SE9_HL_G|LL89A,0.964243,0.46698412,0,2
3SE9_HL_G|NH60A,1.5217615,1.9035041,0,2
3SE9_HL_G|PH64A,-0.4419396,-0.04354999,0,2
3SE9_HL_G|RH67A,1.4695449,0.47578147,0,2
3SE9_HL_G|RH74A,2.6792572,1.6052215,0,2
3SE9_HL_G|RH76A,-0.2322162,1.0258994,0,2
3SE9_HL_G|TH105A,-0.4419396,0.3565449,0,2
3SE9_HL_G|TH56A,-0.85929936,0.46589848,0,2
3SE9_HL_G|VH55A,-0.85929936,0.16696267,0,2
3SE9_HL_G|VH59A,0.9833596,1.4829483,0,2
3SE9_HL_G|VL3A,-0.49433115,-0.22641301,0,2
3SE9_HL_G|WH48A,1.0584464,1.2800393,0,2
3SE9_HL_G|WH51A,1.275695,1.8557351,0,2
3SE9_HL_G|YH104A,0.46369976,1.6013538,0,2
3SE9_HL_G|YL28A,1.1177194,0.6240249,0,2
4U6H_AB_E|NE21A,-0.3480795,0.43422806,0,2
4U6H_AB_E|QE25A,0.11883454,0.88441765,0,2
4ZS6_HL_A|EA156A,3.0386665,-0.088164225,0,2
4ZS6_HL_A|YA160A,-0.11025046,1.263449,0,2
1KIP_AB_C|AB32Y,-0.8005932,-1.216081,1,0
1XGU_AB_C|FB33A,4.0,0.24487105,1,0
1XGU_AB_C|FB33I,1.8004549,0.016622819,1,0
1XGU_AB_C|FB33L,1.8617703,0.009385176,1,0
1XGU_AB_C|FB33V,2.9080825,-0.028496202,1,0
2B2X_HL_A|EH64K,-0.033433665,0.16822451,1,0
"2B2X_HL_A|EH64K,QL28S,YL52N",0.911615,0.25670835,1,0
"2B2X_HL_A|EH64K,QL28S,YL52N,GH102S",2.7106705,0.1875216,1,0
"2B2X_HL_A|EH64K,QL28S,YL52N,SH35A",3.119054,0.54351985,1,0
"2B2X_HL_A|EH64K,QL28S,YL52N,SH35V",3.770335,0.29458645,1,0
"2B2X_HL_A|EH64K,YL52N",0.34853002,0.33807477,1,0
"2B2X_HL_A|QL28S,YL52N",0.8626942,0.13585088,1,0
2B2X_HL_A|VH50T,0.024054652,-0.29137513,1,0
"2B2X_HL_A|VH50T,EH64D,QL28S,YL52N",0.87177193,0.3962536,1,0
"2B2X_HL_A|VH50T,EH64K,QL28S",0.991589,-0.048052765,1,0
"2B2X_HL_A|VH50T,EH64K,QL28S,YL52D",1.5439764,0.3168519,1,0
"2B2X_HL_A|VH50T,EH64K,QL28S,YL52E",0.95452905,0.195943,1,0
"2B2X_HL_A|VH50T,EH64K,QL28S,YL52K",1.7007239,0.2522747,1,0
"2B2X_HL_A|VH50T,EH64K,QL28S,YL52N",1.043214,0.29092374,1,0
"2B2X_HL_A|VH50T,EH64K,QL28S,YL52N,FH99W",1.043214,0.18178177,1,0
"2B2X_HL_A|VH50T,EH64K,QL28S,YL52N,FH99Y",1.7978828,-0.010440491,1,0
"2B2X_HL_A|VH50T,EH64K,QL28S,YL52N,GH100F",1.4322319,-0.003566131,1,0
"2B2X_HL_A|VH50T,EH64K,QL28S,YL52N,GH100L",3.770335,0.09079086,1,0
"2B2X_HL_A|VH50T,EH64K,QL28S,YL52N,GH100M",1.145348,0.050349347,1,0
"2B2X_HL_A|VH50T,EH64K,QL28S,YL52N,GH100S",1.6009614,0.11063374,1,0
"2B2X_HL_A|VH50T,EH64K,QL28S,YL52N,GH53A",1.5558206,0.22997832,1,0
"2B2X_HL_A|VH50T,EH64K,QL28S,YL52N,GH53N",2.2985272,0.16219965,1,0
"2B2X_HL_A|VH50T,EH64K,QL28S,YL52N,GH53S",1.7188073,0.19411218,1,0
"2B2X_HL_A|VH50T,EH64K,QL28S,YL52N,GH54I",2.4067745,0.18451592,1,0
"2B2X_HL_A|VH50T,EH64K,QL28S,YL52N,GH54T",2.2073808,0.2078723,1,0
"2B2X_HL_A|VH50T,EH64K,QL28S,YL52N,GH54Y",1.043214,-0.052945875,1,0
"2B2X_HL_A|VH50T,EH64K,QL28S,YL52N,GL92Q",2.6158988,0.12539396,1,0
"2B2X_HL_A|VH50T,EH64K,QL28S,YL52N,GL92S",1.5558206,0.15154573,1,0
"2B2X_HL_A|VH50T,EH64K,QL28S,YL52N,HL31K",2.2073808,0.4685971,1,0
"2B2X_HL_A|VH50T,EH64K,QL28S,YL52N,HL31R",2.1670115,0.29254422,1,0
"2B2X_HL_A|VH50T,EH64K,QL28S,YL52N,HL31W",2.2985272,0.24475265,1,0
"2B2X_HL_A|VH50T,EH64K,QL28S,YL52N,LH60D",0.981894,0.5072534,1,0
"2B2X_HL_A|VH50T,EH64K,QL28S,YL52N,LL49F",1.7554936,0.5024113,1,0
"2B2X_HL_A|VH50T,EH64K,QL28S,YL52N,LL49K",1.9044149,0.47597396,1,0
"2B2X_HL_A|VH50T,EH64K,QL28S,YL52N,LL49W",2.9507816,0.31921756,1,0
"2B2X_HL_A|VH50T,EH64K,QL28S,YL52N,NL30V",2.0925434,0.14571801,1,0
"2B2X_HL_A|VH50T,EH64K,QL28S,YL52N,NL30W",2.6158988,0.19254583,1,0
"2B2X_HL_A|VH50T,EH64K,QL28S,YL52N,NL30Y",2.9507816,-0.0008410737,1,0
"2B2X_HL_A|VH50T,EH64K,QL28S,YL52N,NL30Y,SL91I",1.4775821,0.030860953,1,0
"2B2X_HL_A|VH50T,EH64K,QL28S,YL52N,RH31Q",2.350542,0.4873765,1,0
"2B2X_HL_A|VH50T,EH64K,QL28S,YL52N,SH35A",2.6158988,0.5905117,1,0
"2B2X_HL_A|VH50T,EH64K,QL28S,YL52N,SH35A,GH102S",2.6158988,0.56728077,1,0
"2B2X_HL_A|VH50T,EH64K,QL28S,YL52N,SH35Q",3.770335,0.3697114,1,0
"2B2X_HL_A|VH50T,EH64K,QL28S,YL52N,SH35V,GH102S",2.4688888,0.3620718,1,0
"2B2X_HL_A|VH50T,EH64K,QL28S,YL52N,SH52M",3.119054,0.47363693,1,0
"2B2X_HL_A|VH50T,EH64K,QL28S,YL52N,SL24R",0.82788163,0.12261134,1,0
"2B2X_HL_A|VH50T,EH64K,QL28S,YL52N,SL91Q",2.8172472,0.25978237,1,0
"2B2X_HL_A|VH50T,EH64K,QL28S,YL52N,SL91R",3.770335,0.20910421,1,0
"2B2X_HL_A|VH50T,EH64K,QL28S,YL52N,SL91R,NL30E",3.770335,0.22125843,1,0
"2B2X_HL_A|VH50T,EH64K,QL28S,YL52N,SL91T",3.3598623,0.4047289,1,0
"2B2X_HL_A|VH50T,EH64K,QL28S,YL52N,TH33E,GH53Q",2.7106705,0.35773906,1,0
"2B2X_HL_A|VH50T,EH64K,QL28S,YL52N,TH33I,SH52T,GH53N,GH54N",2.9507816,0.45417446,1,0
"2B2X_HL_A|VH50T,EH64K,QL28S,YL52N,TH33I,SH52T,GH53Q,GH54F",2.2985272,0.75005436,1,0
"2B2X_HL_A|VH50T,EH64K,QL28S,YL52N,TH33N",3.770335,0.44162434,1,0
"2B2X_HL_A|VH50T,EH64K,QL28S,YL52N,TH33V",1.4775821,0.2701526,1,0
"2B2X_HL_A|VH50T,EH64K,QL28S,YL52N,WL90Q",3.119054,0.5966794,1,0
"2B2X_HL_A|VH50T,EH64K,QL28S,YL52N,WL90Q,FL33Y",1.914233,0.48184627,1,0
"2B2X_HL_A|VH50T,EH64K,QL28S,YL52N,YH58E",3.119054,0.6541217,1,0
"2B2X_HL_A|VH50T,EH64K,QL28S,YL52N,YH58Q",3.119054,0.76063526,1,0
"2B2X_HL_A|VH50T,EH64K,QL28S,YL52N,YH58W",1.8641591,0.5001069,1,0
"2B2X_HL_A|VH50T,EH64K,QL28S,YL52N,YH59E",1.5872209,0.6953959,1,0
"2B2X_HL_A|VH50T,EH64K,QL28S,YL52R",1.8880546,0.07826208,1,0
"2B2X_HL_A|VH50T,EH64K,YL52N",0.28173435,0.30416855,1,0
"2B2X_HL_A|VH50T,EH64N,QL28S,YL52N",1.0069425,0.41782716,1,0
"2B2X_HL_A|VH50T,EH64Q,QL28S,YL52N",0.96559924,0.30323446,1,0
"2B2X_HL_A|VH50T,EH64Q,QL28S,YL52N,LH60D",1.0862032,0.52699333,1,0
"2B2X_HL_A|VH50T,QL28S,YL52N",0.96559924,0.16458291,1,0
"2B2X_HL_A|VH50T,QL28S,YL52N,LH60D",0.90141344,0.41029596,1,0
"2B2X_HL_A|VH50T,YL52N",0.18636756,0.08611504,1,0
2B2X_HL_A|YL52E,-0.22410508,0.022936434,1,0
2VIR_AB_C|SC115L,3.680209,0.18424219,1,0
2VIR_AB_C|TC89I,4.0,0.3833328,1,0
"3G6D_LH_A|EL3V,GL76R,TL77V,QL78E,EL80G",0.13981691,-0.1297183,1,0
"3G6D_LH_A|EL3V,GL76R,TL77V,QL78E,EL80G,DH54N",0.111178115,0.018657856,1,0
"3G6D_LH_A|EL3V,GL76R,TL77V,QL78E,EL80G,TL89S,ML92I,VL93D,TL94K",0.27145106,-0.17184156,1,0
3G6D_LH_A|HH104A,-0.9530879,0.31303602,1,0
"3G6D_LH_A|KH210T,KH215T",-0.13294782,0.0038247406,1,0
"3G6D_LH_A|TL89S,ML92I,VL93D,TL94K",0.7979767,-0.36406174,1,0
3G6D_LH_A|WH105A,-1.4965084,0.699705,1,0
"3IDX_HL_G|CG27I,CG242Q",-2.4650376,-0.22639981,1,0
"3IDX_HL_G|CG27I,CG242Q,MG247A",-2.1736174,0.30778712,1,0
"3IDX_HL_G|KG85C,EG121C,CG27I,CG242Q",-2.3776865,0.30931577,1,0
"3IDX_HL_G|KG85C,EG121C,WG13M,MG247A,CG14W,CG129V,CG27I,CG242Q",-2.1922898,1.2164837,1,0
"3IDX_HL_G|KG85C,EG122C,WG13M,MG247A,CG14W,CG129V,CG27I,CG242Q",-2.2927184,1.1524227,1,0
"3IDX_HL_G|TG41C,GG245C,MG247A",0.40945426,0.41460946,1,0
"3IDX_HL_G|TG41C,GG245C,WG13M,MG247A,CG14W,CG129V,CG27I,CG242Q",-2.3310676,0.85016125,1,0
"3IDX_HL_G|WG13M,MG247A,CG14W,CG129V",-0.6475391,0.42174956,1,0
"3IDX_HL_G|WG13M,MG247A,CG14W,CG129V,CG27I,CG242Q",-2.3479884,0.61882687,1,0
"3IDX_HL_G|WG13M,MG247A,CG14W,CG129V,KG85C,EG121C",-0.36166522,1.0228598,1,0
"3IDX_HL_G|WG13M,SG111T,WG200S,MG247A,CG14W,CG129V,CG27I,CG242Q",-1.8639641,0.9095915,1,0
"3L5X_A_HL|EL93F,YL94G",-0.42800838,0.72351015,1,0
"3L5X_A_HL|EL93H,YL94G",-0.7626503,0.69567966,1,0
"3L5X_A_HL|HL91P,NL92I,EL93D,YL94A",-0.6466697,1.68351,1,0
"3L5X_A_HL|HL91P,NL92L,EL93D,YL94S",-0.6327897,1.3161947,1,0
"3L5X_A_HL|HL91P,NL92L,EL93D,YL94T",-0.81005055,1.4618905,1,0
"3L5X_A_HL|HL91P,NL92L,EL93D,YL94V",-0.85822237,1.2074003,1,0
"3L5X_A_HL|HL91P,NL92L,YL94A",-0.44441348,1.6252279,1,0
"3L5X_A_HL|HL91Q,NL92D,EL93I,YL94G",-1.5503801,1.0669936,1,0
"3L5X_A_HL|HL91Q,NL92D,EL93L,YL94G",-1.785132,1.0283368,1,0
"3L5X_A_HL|HL91Q,NL92D,EL93Y,YL94G",-1.451453,0.5237761,1,0
"3L5X_A_HL|NL92D,EL93L,YL94G",-0.42962858,0.70543426,1,0
"3L5X_A_HL|NL92D,EL93N,YL94S",-0.53403836,0.44918317,1,0
"3L5X_A_HL|NL92D,EL93P,YL94G",-1.4699602,1.2469543,1,0
"3L5X_A_HL|NL92D,EL93R,YL94D",-0.52253926,0.4209063,1,0
"3L5X_A_HL|NL92D,EL93W,YL94E",-1.1963489,0.2433958,1,0
"3L5X_A_HL|NL92D,EL93W,YL94G",-1.6825228,0.47932547,1,0
"3L5X_A_HL|NL92D,EL93W,YL94S",-0.71612674,0.29455248,1,0
"3L5X_A_HL|NL92D,EL93Y,YL94A",-0.8069743,0.29760072,1,0
"3L5X_A_HL|NL92E,EL93S,YL94G",-1.2653587,0.5965479,1,0
"3L5X_A_HL|NL92E,EL93W,YL94G",-1.5503801,0.4308762,1,0
"3L5X_A_HL|NL92F,EL93W,YL94G",-1.2329907,0.3789575,1,0
"3L5X_A_HL|NL92L,EL93D,YL94S",-0.6170473,0.43183887,1,0
"3L5X_A_HL|NL92L,EL93L,YL94G",-0.6259698,0.64629084,1,0
"3L5X_A_HL|NL92L,EL93M,YL94G",-0.82567644,0.70035326,1,0
"3L5X_A_HL|NL92L,EL93N,YL94G",-0.6954369,0.612491,1,0
"3L5X_A_HL|NL92S,EL93H,YL94G",-1.2457265,0.5854192,1,0
"3L5X_A_HL|NL92S,EL93I,YL94G",-0.8069743,0.705264,1,0
"3L5X_A_HL|NL92S,EL93S,YL94G",-0.24921271,0.5869084,1,0
"3L5X_A_HL|NL92S,EL93V,YL94G",-0.51687235,0.58541304,1,0
"3L5X_A_HL|NL92S,EL93W,YL94A",-0.30302802,0.5773598,1,0
"3L5X_A_HL|NL92S,EL93W,YL94G",-1.2720501,0.47631824,1,0
"3L5X_A_HL|NL92S,EL93Y,YL94G",-0.9641868,0.2046901,1,0
"3L5X_A_HL|NL92V,EL93G,YL94G",-0.46300006,0.7376547,1,0
"3L5X_A_HL|NL92V,EL93W,YL94G",-0.83525383,0.43837798,1,0
3L5X_A_HL|YL94A,-0.82885176,0.7202237,1,0
3N85_A_LH|SH32A,-0.13401966,0.10374486,1,0
3N85_A_LH|SH32Y,0.0571225,-0.31926808,1,0
3N85_A_LH|SH50G,0.48767117,-0.08489326,1,0
3N85_A_LH|SH52Y,-0.78460336,-0.22740957,1,0
3N85_A_LH|WH100F,-0.015185109,-0.056125816,1,0
3N85_A_LH|WH30K,-0.78460336,0.2983394,1,0
3N85_A_LH|WH30R,-0.5539675,0.05514417,1,0
3N85_A_LH|WL91F,0.13959166,-0.17295271,1,0
3N85_A_LH|WL94Y,-0.03871881,-0.35970348,1,0
3SE8_HL_G|DH110A,-0.38934898,0.10393446,1,0
3SE8_HL_G|DH114A,-0.2441398,0.17800507,1,0
3SE8_HL_G|DL49A,0.8558488,0.67030555,1,0
3SE8_HL_G|EL1A,-0.5565174,0.13136059,1,0
3SE8_HL_G|EL91A,1.513491,0.6864338,1,0
3SE8_HL_G|FH115A,1.0676043,0.21833512,1,0
3SE8_HL_G|FL90A,-0.8640972,0.4893723,1,0
3SE8_HL_G|FL92A,0.8323254,0.09487776,1,0
3SE8_HL_G|GH56A,0.3570972,0.42920274,1,0
3SE8_HL_G|KH52A,1.1114144,0.39820594,1,0
3SE8_HL_G|LH54A,0.054776184,0.37543264,1,0
3SE8_HL_G|NL30A,0.19434923,0.10248322,1,0
3SE8_HL_G|PH78A,0.01881787,-0.29817912,1,0
3SE8_HL_G|PH81A,-0.07091986,-0.30815217,1,0
3SE8_HL_G|QH63A,1.1144251,0.123204865,1,0
3SE8_HL_G|QH65A,0.54980505,0.5796198,1,0
3SE8_HL_G|QH76A,0.09689985,0.45016402,1,0
3SE8_HL_G|QL27A,-0.21612903,0.16526937,1,0
3SE8_HL_G|RH30A,-0.03949762,0.65760344,1,0
3SE8_HL_G|RH62A,1.2061691,0.22943738,1,0
3SE8_HL_G|RH72A,2.6444623,0.34351283,1,0
3SE8_HL_G|SH59A,1.1508402,0.2696806,1,0
3SE8_HL_G|VH58A,1.2496852,0.43267554,1,0
3SE8_HL_G|WH47A,1.4751467,0.85000765,1,0
3SE8_HL_G|WH50A,1.333526,0.679982,1,0
3SE8_HL_G|WH55A,0.7611056,0.6137458,1,0
3SE8_HL_G|YH111A,0.82992166,0.81279176,1,0
3SE8_HL_G|YH60A,0.8558488,0.80047333,1,0
4KRL_A_B|DB112A,0.6496817,0.4008484,1,0
5C6T_HL_A|EA194A,1.0906719,0.53634375,1,0
5C6T_HL_A|FA192A,1.9972014,0.9376119,1,0
5C6T_HL_A|FA199A,2.7581792,1.0914187,1,0
5C6T_HL_A|FA200A,0.41047263,0.76398045,1,0
5C6T_HL_A|FH99A,1.4600298,0.1907993,1,0
5C6T_HL_A|IA201A,0.88561165,0.29429144,1,0
5C6T_HL_A|NA183A,0.28399685,0.81232655,1,0
5C6T_HL_A|NA186A,0.3630724,0.87870824,1,0
5C6T_HL_A|NA188A,-0.36658686,0.3105351,1,0
"5C6T_HL_A|NA195A,DA197A",0.58650106,1.1611762,1,0
5C6T_HL_A|NH97A,1.5258962,-0.036601502,1,0
5C6T_HL_A|RH31S,0.3115454,0.0912667,1,0
5C6T_HL_A|RL48A,0.1229613,0.9427398,1,0
5C6T_HL_A|SH32A,-0.8683455,0.4448133,1,0
5C6T_HL_A|TA185A,0.33786914,0.006036766,1,0
5C6T_HL_A|YA182A,3.2083547,1.0058637,1,0
"5C6T_HL_A|YA182A,NA195A,DA197A",2.942425,2.3197875,1,0
5C6T_HL_A|YH104A,0.3630724,0.5052918,1,0
5C6T_HL_A|YH98A,1.7166799,0.9355269,1,0
5C6T_HL_A|YL47A,0.5516565,0.97697693,1,0
1KIP_AB_C|AB32Y,-0.8005932,-1.8198073,1,1
1XGU_AB_C|FB33A,4.0,4.7701073,1,1
1XGU_AB_C|FB33I,1.8004549,2.2234223,1,1
1XGU_AB_C|FB33L,1.8617703,2.376206,1,1
1XGU_AB_C|FB33V,2.9080825,3.492246,1,1
2B2X_HL_A|EH64K,-0.033433665,0.26613197,1,1
"2B2X_HL_A|EH64K,QL28S,YL52N",0.911615,1.0262626,1,1
"2B2X_HL_A|EH64K,QL28S,YL52N,GH102S",2.7106705,1.9496403,1,1
"2B2X_HL_A|EH64K,QL28S,YL52N,SH35A",3.119054,1.5637268,1,1
"2B2X_HL_A|EH64K,QL28S,YL52N,SH35V",3.770335,1.6660681,1,1
"2B2X_HL_A|EH64K,YL52N",0.34853002,0.51404274,1,1
"2B2X_HL_A|QL28S,YL52N",0.8626942,0.5793915,1,1
2B2X_HL_A|VH50T,0.024054652,-0.4138032,1,1
"2B2X_HL_A|VH50T,EH64D,QL28S,YL52N",0.87177193,0.89232635,1,1
"2B2X_HL_A|VH50T,EH64K,QL28S",0.991589,0.88544846,1,1
"2B2X_HL_A|VH50T,EH64K,QL28S,YL52D",1.5439764,0.9522399,1,1
"2B2X_HL_A|VH50T,EH64K,QL28S,YL52E",0.95452905,1.0454761,1,1
"2B2X_HL_A|VH50T,EH64K,QL28S,YL52K",1.7007239,2.004133,1,1
"2B2X_HL_A|VH50T,EH64K,QL28S,YL52N",1.043214,1.2977928,1,1
"2B2X_HL_A|VH50T,EH64K,QL28S,YL52N,FH99W",1.043214,1.2489405,1,1
"2B2X_HL_A|VH50T,EH64K,QL28S,YL52N,FH99Y",1.7978828,1.1514875,1,1
"2B2X_HL_A|VH50T,EH64K,QL28S,YL52N,GH100F",1.4322319,0.76238525,1,1
"2B2X_HL_A|VH50T,EH64K,QL28S,YL52N,GH100L",3.770335,1.4079118,1,1
"2B2X_HL_A|VH50T,EH64K,QL28S,YL52N,GH100M",1.145348,1.4779809,1,1
"2B2X_HL_A|VH50T,EH64K,QL28S,YL52N,GH100S",1.6009614,1.9396789,1,1
"2B2X_HL_A|VH50T,EH64K,QL28S,YL52N,GH53A",1.5558206,1.2243767,1,1
"2B2X_HL_A|VH50T,EH64K,QL28S,YL52N,GH53N",2.2985272,1.494917,1,1
"2B2X_HL_A|VH50T,EH64K,QL28S,YL52N,GH53S",1.7188073,1.5946413,1,1
"2B2X_HL_A|VH50T,EH64K,QL28S,YL52N,GH54I",2.4067745,1.5595589,1,1
"2B2X_HL_A|VH50T,EH64K,QL28S,YL52N,GH54T",2.2073808,1.6019988,1,1
"2B2X_HL_A|VH50T,EH64K,QL28S,YL52N,GH54Y",1.043214,1.0672598,1,1
"2B2X_HL_A|VH50T,EH64K,QL28S,YL52N,GL92Q",2.6158988,1.7541993,1,1
"2B2X_HL_A|VH50T,EH64K,QL28S,YL52N,GL92S",1.5558206,1.6126928,1,1
"2B2X_HL_A|VH50T,EH64K,QL28S,YL52N,HL31K",2.2073808,2.199144,1,1
"2B2X_HL_A|VH50T,EH64K,QL28S,YL52N,HL31R",2.1670115,1.5272291,1,1
"2B2X_HL_A|VH50T,EH64K,QL28S,YL52N,HL31W",2.2985272,1.1402307,1,1
"2B2X_HL_A|VH50T,EH64K,QL28S,YL52N,LH60D",0.981894,0.99844253,1,1
"2B2X_HL_A|VH50T,EH64K,QL28S,YL52N,LL49F",1.7554936,1.7955635,1,1
"2B2X_HL_A|VH50T,EH64K,QL28S,YL52N,LL49K",1.9044149,2.389265,1,1
"2B2X_HL_A|VH50T,EH64K,QL28S,YL52N,LL49W",2.9507816,1.9528549,1,1
"2B2X_HL_A|VH50T,EH64K,QL28S,YL52N,NL30V",2.0925434,1.7221799,1,1
"2B2X_HL_A|VH50T,EH64K,QL28S,YL52N,NL30W",2.6158988,1.8310454,1,1
"2B2X_HL_A|VH50T,EH64K,QL28S,YL52N,NL30Y",2.9507816,1.4161686,1,1
"2B2X_HL_A|VH50T,EH64K,QL28S,YL52N,NL30Y,SL91I",1.4775821,1.5454499,1,1
"2B2X_HL_A|VH50T,EH64K,QL28S,YL52N,RH31Q",2.350542,1.5022486,1,1
"2B2X_HL_A|VH50T,EH64K,QL28S,YL52N,SH35A",2.6158988,1.895196,1,1
"2B2X_HL_A|VH50T,EH64K,QL28S,YL52N,SH35A,GH102S",2.6158988,2.495143,1,1
"2B2X_HL_A|VH50T,EH64K,QL28S,YL52N,SH35Q",3.770335,2.1727014,1,1
"2B2X_HL_A|VH50T,EH64K,QL28S,YL52N,SH35V,GH102S",2.4688888,2.595422,1,1
"2B2X_HL_A|VH50T,EH64K,QL28S,YL52N,SH52M",3.119054,1.3555418,1,1
"2B2X_HL_A|VH50T,EH64K,QL28S,YL52N,SL24R",0.82788163,0.86645424,1,1
"2B2X_HL_A|VH50T,EH64K,QL28S,YL52N,SL91Q",2.8172472,1.809363,1,1
"2B2X_HL_A|VH50T,EH64K,QL28S,YL52N,SL91R",3.770335,1.0544044,1,1
"2B2X_HL_A|VH50T,EH64K,QL28S,YL52N,SL91R,NL30E",3.770335,1.7183465,1,1
"2B2X_HL_A|VH50T,EH64K,QL28S,YL52N,SL91T",3.3598623,1.7481622,1,1
"2B2X_HL_A|VH50T,EH64K,QL28S,YL52N,TH33E,GH53Q",2.7106705,1.8983715,1,1
"2B2X_HL_A|VH50T,EH64K,QL28S,YL52N,TH33I,SH52T,GH53N,GH54N",2.9507816,2.1904826,1,1
"2B2X_HL_A|VH50T,EH64K,QL28S,YL52N,TH33I,SH52T,GH53Q,GH54F",2.2985272,1.8235203,1,1
"2B2X_HL_A|VH50T,EH64K,QL28S,YL52N,TH33N",3.770335,1.9605227,1,1
"2B2X_HL_A|VH50T,EH64K,QL28S,YL52N,TH33V",1.4775821,1.6401987,1,1
"2B2X_HL_A|VH50T,EH64K,QL28S,YL52N,WL90Q",3.119054,2.276896,1,1
"2B2X_HL_A|VH50T,EH64K,QL28S,YL52N,WL90Q,FL33Y",1.914233,2.186422,1,1
"2B2X_HL_A|VH50T,EH64K,QL28S,YL52N,YH58E",3.119054,1.9577923,1,1
"2B2X_HL_A|VH50T,EH64K,QL28S,YL52N,YH58Q",3.119054,2.5560205,1,1
"2B2X_HL_A|VH50T,EH64K,QL28S,YL52N,YH58W",1.8641591,1.9428166,1,1
"2B2X_HL_A|VH50T,EH64K,QL28S,YL52N,YH59E",1.5872209,1.8224437,1,1
"2B2X_HL_A|VH50T,EH64K,QL28S,YL52R",1.8880546,1.1724687,1,1
"2B2X_HL_A|VH50T,EH64K,YL52N",0.28173435,0.9989134,1,1
"2B2X_HL_A|VH50T,EH64N,QL28S,YL52N",1.0069425,1.1062623,1,1
"2B2X_HL_A|VH50T,EH64Q,QL28S,YL52N",0.96559924,1.0214761,1,1
"2B2X_HL_A|VH50T,EH64Q,QL28S,YL52N,LH60D",1.0862032,0.8530413,1,1
"2B2X_HL_A|VH50T,QL28S,YL52N",0.96559924,0.8187809,1,1
"2B2X_HL_A|VH50T,QL28S,YL52N,LH60D",0.90141344,0.50816274,1,1
"2B2X_HL_A|VH50T,YL52N",0.18636756,0.5316174,1,1
2B2X_HL_A|YL52E,-0.22410508,0.12511835,1,1
2VIR_AB_C|SC115L,3.680209,1.0564026,1,1
2VIR_AB_C|TC89I,4.0,3.9124148,1,1
"3G6D_LH_A|EL3V,GL76R,TL77V,QL78E,EL80G",0.13981691,0.3412004,1,1
"3G6D_LH_A|EL3V,GL76R,TL77V,QL78E,EL80G,DH54N",0.111178115,0.943923,1,1
"3G6D_LH_A|EL3V,GL76R,TL77V,QL78E,EL80G,TL89S,ML92I,VL93D,TL94K",0.27145106,-0.26744696,1,1
3G6D_LH_A|HH104A,-0.9530879,0.2505716,1,1
"3G6D_LH_A|KH210T,KH215T",-0.13294782,-0.9201999,1,1
"3G6D_LH_A|TL89S,ML92I,VL93D,TL94K",0.7979767,-0.89333546,1,1
3G6D_LH_A|WH105A,-1.4965084,1.7145283,1,1
"3IDX_HL_G|CG27I,CG242Q",-2.4650376,-0.83627176,1,1
"3IDX_HL_G|CG27I,CG242Q,MG247A",-2.1736174,-0.97452736,1,1
"3IDX_HL_G|KG85C,EG121C,CG27I,CG242Q",-2.3776865,0.30822134,1,1
"3IDX_HL_G|KG85C,EG121C,WG13M,MG247A,CG14W,CG129V,CG27I,CG242Q",-2.1922898,0.6809288,1,1
"3IDX_HL_G|KG85C,EG122C,WG13M,MG247A,CG14W,CG129V,CG27I,CG242Q",-2.2927184,0.58898103,1,1
"3IDX_HL_G|TG41C,GG245C,MG247A",0.40945426,0.4560089,1,1
"3IDX_HL_G|TG41C,GG245C,WG13M,MG247A,CG14W,CG129V,CG27I,CG242Q",-2.3310676,0.19067234,1,1
"3IDX_HL_G|WG13M,MG247A,CG14W,CG129V",-0.6475391,0.5337888,1,1
"3IDX_HL_G|WG13M,MG247A,CG14W,CG129V,CG27I,CG242Q",-2.3479884,-0.24008563,1,1
"3IDX_HL_G|WG13M,MG247A,CG14W,CG129V,KG85C,EG121C",-0.36166522,1.4111408,1,1
"3IDX_HL_G|WG13M,SG111T,WG200S,MG247A,CG14W,CG129V,CG27I,CG242Q",-1.8639641,-0.63798416,1,1
"3L5X_A_HL|EL93F,YL94G",-0.42800838,0.47905684,1,1
"3L5X_A_HL|EL93H,YL94G",-0.7626503,1.0066174,1,1
"3L5X_A_HL|HL91P,NL92I,EL93D,YL94A",-0.6466697,1.3993402,1,1
"3L5X_A_HL|HL91P,NL92L,EL93D,YL94S",-0.6327897,1.3020095,1,1
"3L5X_A_HL|HL91P,NL92L,EL93D,YL94T",-0.81005055,1.3775386,1,1
"3L5X_A_HL|HL91P,NL92L,EL93D,YL94V",-0.85822237,1.2665766,1,1
"3L5X_A_HL|HL91P,NL92L,YL94A",-0.44441348,1.47315,1,1
"3L5X_A_HL|HL91Q,NL92D,EL93I,YL94G",-1.5503801,0.5056931,1,1
"3L5X_A_HL|HL91Q,NL92D,EL93L,YL94G",-1.785132,0.6287681,1,1
"3L5X_A_HL|HL91Q,NL92D,EL93Y,YL94G",-1.451453,-0.36398456,1,1
"3L5X_A_HL|NL92D,EL93L,YL94G",-0.42962858,0.20551363,1,1
"3L5X_A_HL|NL92D,EL93N,YL94S",-0.53403836,0.5614039,1,1
"3L5X_A_HL|NL92D,EL93P,YL94G",-1.4699602,0.78198767,1,1
"3L5X_A_HL|NL92D,EL93R,YL94D",-0.52253926,-0.21612123,1,1
"3L5X_A_HL|NL92D,EL93W,YL94E",-1.1963489,-0.7259309,1,1
"3L5X_A_HL|NL92D,EL93W,YL94G",-1.6825228,-0.7263566,1,1
"3L5X_A_HL|NL92D,EL93W,YL94S",-0.71612674,-0.46456423,1,1
"3L5X_A_HL|NL92D,EL93Y,YL94A",-0.8069743,-0.27374884,1,1
"3L5X_A_HL|NL92E,EL93S,YL94G",-1.2653587,0.15884957,1,1
"3L5X_A_HL|NL92E,EL93W,YL94G",-1.5503801,-0.52481186,1,1
"3L5X_A_HL|NL92F,EL93W,YL94G",-1.2329907,-0.4993373,1,1
"3L5X_A_HL|NL92L,EL93D,YL94S",-0.6170473,0.51996404,1,1
"3L5X_A_HL|NL92L,EL93L,YL94G",-0.6259698,0.6138493,1,1
"3L5X_A_HL|NL92L,EL93M,YL94G",-0.82567644,0.5384705,1,1
"3L5X_A_HL|NL92L,EL93N,YL94G",-0.6954369,0.7967348,1,1
"3L5X_A_HL|NL92S,EL93H,YL94G",-1.2457265,0.63556707,1,1
"3L5X_A_HL|NL92S,EL93I,YL94G",-0.8069743,0.5133003,1,1
"3L5X_A_HL|NL92S,EL93S,YL94G",-0.24921271,0.42901614,1,1
"3L5X_A_HL|NL92S,EL93V,YL94G",-0.51687235,0.53897583,1,1
"3L5X_A_HL|NL92S,EL93W,YL94A",-0.30302802,0.06481636,1,1
"3L5X_A_HL|NL92S,EL93W,YL94G",-1.2720501,-0.16835746,1,1
"3L5X_A_HL|NL92S,EL93Y,YL94G",-0.9641868,-0.16648766,1,1
"3L5X_A_HL|NL92V,EL93G,YL94G",-0.46300006,0.3815977,1,1
"3L5X_A_HL|NL92V,EL93W,YL94G",-0.83525383,-0.13518266,1,1
3L5X_A_HL|YL94A,-0.82885176,0.7504833,1,1
3N85_A_LH|SH32A,-0.13401966,0.93989384,1,1
3N85_A_LH|SH32Y,0.0571225,0.0066258535,1,1
3N85_A_LH|SH50G,0.48767117,-0.11032902,1,1
3N85_A_LH|SH52Y,-0.78460336,-0.58305824,1,1
3N85_A_LH|WH100F,-0.015185109,0.28787735,1,1
3N85_A_LH|WH30K,-0.78460336,1.1698122,1,1
3N85_A_LH|WH30R,-0.5539675,0.21780968,1,1
3N85_A_LH|WL91F,0.13959166,0.7141197,1,1
3N85_A_LH|WL94Y,-0.03871881,0.007365063,1,1
3SE8_HL_G|DH110A,-0.38934898,-0.12987582,1,1
3SE8_HL_G|DH114A,-0.2441398,0.8736907,1,1
3SE8_HL_G|DL49A,0.8558488,1.6662256,1,1
3SE8_HL_G|EL1A,-0.5565174,-0.07078636,1,1
3SE8_HL_G|EL91A,1.513491,1.5626955,1,1
3SE8_HL_G|FH115A,1.0676043,2.8418102,1,1
3SE8_HL_G|FL90A,-0.8640972,1.0728862,1,1
3SE8_HL_G|FL92A,0.8323254,1.5129548,1,1
3SE8_HL_G|GH56A,0.3570972,0.9472306,1,1
3SE8_HL_G|KH52A,1.1114144,0.32691097,1,1
3SE8_HL_G|LH54A,0.054776184,0.27833462,1,1
3SE8_HL_G|NL30A,0.19434923,0.72345495,1,1
3SE8_HL_G|PH78A,0.01881787,-0.24861783,1,1
3SE8_HL_G|PH81A,-0.07091986,0.17869239,1,1
3SE8_HL_G|QH63A,1.1144251,-0.15148842,1,1
3SE8_HL_G|QH65A,0.54980505,-0.44038758,1,1
3SE8_HL_G|QH76A,0.09689985,-0.11581454,1,1
3SE8_HL_G|QL27A,-0.21612903,-0.28673053,1,1
3SE8_HL_G|RH30A,-0.03949762,0.81360435,1,1
3SE8_HL_G|RH62A,1.2061691,0.3590201,1,1
3SE8_HL_G|RH72A,2.6444623,2.4355946,1,1
3SE8_HL_G|SH59A,1.1508402,-0.16329053,1,1
3SE8_HL_G|VH58A,1.2496852,1.5102304,1,1
3SE8_HL_G|WH47A,1.4751467,1.665116,1,1
3SE8_HL_G|WH50A,1.333526,1.3930383,1,1
3SE8_HL_G|WH55A,0.7611056,0.4874482,1,1
3SE8_HL_G|YH111A,0.82992166,0.41878796,1,1
3SE8_HL_G|YH60A,0.8558488,1.2118268,1,1
4KRL_A_B|DB112A,0.6496817,1.8301297,1,1
5C6T_HL_A|EA194A,1.0906719,1.0562788,1,1
5C6T_HL_A|FA192A,1.9972014,2.2260432,1,1
5C6T_HL_A|FA199A,2.7581792,2.200355,1,1
5C6T_HL_A|FA200A,0.41047263,0.55197155,1,1
5C6T_HL_A|FH99A,1.4600298,0.0716666,1,1
5C6T_HL_A|IA201A,0.88561165,0.20505369,1,1
5C6T_HL_A|NA183A,0.28399685,0.45896965,1,1
5C6T_HL_A|NA186A,0.3630724,0.07140955,1,1
5C6T_HL_A|NA188A,-0.36658686,0.7148895,1,1
"5C6T_HL_A|NA195A,DA197A",0.58650106,0.9676423,1,1
5C6T_HL_A|NH97A,1.5258962,-0.25883198,1,1
5C6T_HL_A|RH31S,0.3115454,0.46763864,1,1
5C6T_HL_A|RL48A,0.1229613,1.039456,1,1
5C6T_HL_A|SH32A,-0.8683455,0.29396158,1,1
5C6T_HL_A|TA185A,0.33786914,0.30944532,1,1
5C6T_HL_A|YA182A,3.2083547,1.2343771,1,1
"5C6T_HL_A|YA182A,NA195A,DA197A",2.942425,2.1202307,1,1
5C6T_HL_A|YH104A,0.3630724,0.95903003,1,1
5C6T_HL_A|YH98A,1.7166799,0.4108607,1,1
5C6T_HL_A|YL47A,0.5516565,1.6649069,1,1
1KIP_AB_C|AB32Y,-0.8005932,-1.4105238,1,2
1XGU_AB_C|FB33A,4.0,3.7971694,1,2
1XGU_AB_C|FB33I,1.8004549,1.6499454,1,2
1XGU_AB_C|FB33L,1.8617703,1.9556752,1,2
1XGU_AB_C|FB33V,2.9080825,2.8879535,1,2
2B2X_HL_A|EH64K,-0.033433665,0.19356227,1,2
"2B2X_HL_A|EH64K,QL28S,YL52N",0.911615,1.3128252,1,2
"2B2X_HL_A|EH64K,QL28S,YL52N,GH102S",2.7106705,1.8873531,1,2
"2B2X_HL_A|EH64K,QL28S,YL52N,SH35A",3.119054,1.9069746,1,2
"2B2X_HL_A|EH64K,QL28S,YL52N,SH35V",3.770335,2.1034875,1,2
"2B2X_HL_A|EH64K,YL52N",0.34853002,0.50500894,1,2
"2B2X_HL_A|QL28S,YL52N",0.8626942,0.6902805,1,2
2B2X_HL_A|VH50T,0.024054652,-0.2559766,1,2
"2B2X_HL_A|VH50T,EH64D,QL28S,YL52N",0.87177193,1.0846951,1,2
"2B2X_HL_A|VH50T,EH64K,QL28S",0.991589,1.511536,1,2
"2B2X_HL_A|VH50T,EH64K,QL28S,YL52D",1.5439764,1.2887533,1,2
"2B2X_HL_A|VH50T,EH64K,QL28S,YL52E",0.95452905,1.5387135,1,2
"2B2X_HL_A|VH50T,EH64K,QL28S,YL52K",1.7007239,2.1888762,1,2
"2B2X_HL_A|VH50T,EH64K,QL28S,YL52N",1.043214,1.6039773,1,2
"2B2X_HL_A|VH50T,EH64K,QL28S,YL52N,FH99W",1.043214,1.5097,1,2
"2B2X_HL_A|VH50T,EH64K,QL28S,YL52N,FH99Y",1.7978828,1.466132,1,2
"2B2X_HL_A|VH50T,EH64K,QL28S,YL52N,GH100F",1.4322319,1.3871224,1,2
"2B2X_HL_A|VH50T,EH64K,QL28S,YL52N,GH100L",3.770335,1.9075012,1,2
"2B2X_HL_A|VH50T,EH64K,QL28S,YL52N,GH100M",1.145348,1.6462082,1,2
"2B2X_HL_A|VH50T,EH64K,QL28S,YL52N,GH100S",1.6009614,2.101183,1,2
"2B2X_HL_A|VH50T,EH64K,QL28S,YL52N,GH53A",1.5558206,1.7301728,1,2
"2B2X_HL_A|VH50T,EH64K,QL28S,YL52N,GH53N",2.2985272,1.7454891,1,2
"2B2X_HL_A|VH50T,EH64K,QL28S,YL52N,GH53S",1.7188073,1.8260379,1,2
"2B2X_HL_A|VH50T,EH64K,QL28S,YL52N,GH54I",2.4067745,1.636727,1,2
"2B2X_HL_A|VH50T,EH64K,QL28S,YL52N,GH54T",2.2073808,2.0032995,1,2
"2B2X_HL_A|VH50T,EH64K,QL28S,YL52N,GH54Y",1.043214,1.478851,1,2
"2B2X_HL_A|VH50T,EH64K,QL28S,YL52N,GL92Q",2.6158988,1.8879308,1,2
"2B2X_HL_A|VH50T,EH64K,QL28S,YL52N,GL92S",1.5558206,1.7246352,1,2
"2B2X_HL_A|VH50T,EH64K,QL28S,YL52N,HL31K",2.2073808,2.389606,1,2
"2B2X_HL_A|VH50T,EH64K,QL28S,YL52N,HL31R",2.1670115,1.6811626,1,2
"2B2X_HL_A|VH50T,EH64K,QL28S,YL52N,HL31W",2.2985272,1.7010503,1,2
"2B2X_HL_A|VH50T,EH64K,QL28S,YL52N,LH60D",0.981894,1.3736008,1,2
"2B2X_HL_A|VH50T,EH64K,QL28S,YL52N,LL49F",1.7554936,1.694504,1,2
"2B2X_HL_A|VH50T,EH64K,QL28S,YL52N,LL49K",1.9044149,2.1059105,1,2
"2B2X_HL_A|VH50T,EH64K,QL28S,YL52N,LL49W",2.9507816,1.8740308,1,2
"2B2X_HL_A|VH50T,EH64K,QL28S,YL52N,NL30V",2.0925434,1.9920738,1,2
"2B2X_HL_A|VH50T,EH64K,QL28S,YL52N,NL30W",2.6158988,1.750996,1,2
"2B2X_HL_A|VH50T,EH64K,QL28S,YL52N,NL30Y",2.9507816,1.842822,1,2
"2B2X_HL_A|VH50T,EH64K,QL28S,YL52N,NL30Y,SL91I",1.4775821,1.9166099,1,2
"2B2X_HL_A|VH50T,EH64K,QL28S,YL52N,RH31Q",2.350542,1.8554314,1,2
"2B2X_HL_A|VH50T,EH64K,QL28S,YL52N,SH35A",2.6158988,2.2055564,1,2
"2B2X_HL_A|VH50T,EH64K,QL28S,YL52N,SH35A,GH102S",2.6158988,2.661069,1,2
"2B2X_HL_A|VH50T,EH64K,QL28S,YL52N,SH35Q",3.770335,2.4924552,1,2
"2B2X_HL_A|VH50T,EH64K,QL28S,YL52N,SH35V,GH102S",2.4688888,2.935663,1,2
"2B2X_HL_A|VH50T,EH64K,QL28S,YL52N,SH52M",3.119054,1.4371634,1,2
"2B2X_HL_A|VH50T,EH64K,QL28S,YL52N,SL24R",0.82788163,0.98042566,1,2
"2B2X_HL_A|VH50T,EH64K,QL28S,YL52N,SL91Q",2.8172472,1.9826146,1,2
"2B2X_HL_A|VH50T,EH64K,QL28S,YL52N,SL91R",3.770335,1.2634894,1,2
"2B2X_HL_A|VH50T,EH64K,QL28S,YL52N,SL91R,NL30E",3.770335,1.8387874,1,2
"2B2X_HL_A|VH50T,EH64K,QL28S,YL52N,SL91T",3.3598623,2.0648274,1,2
"2B2X_HL_A|VH50T,EH64K,QL28S,YL52N,TH33E,GH53Q",2.7106705,2.5891802,1,2
"2B2X_HL_A|VH50T,EH64K,QL28S,YL52N,TH33I,SH52T,GH53N,GH54N",2.9507816,2.5404048,1,2
"2B2X_HL_A|VH50T,EH64K,QL28S,YL52N,TH33I,SH52T,GH53Q,GH54F",2.2985272,2.523427,1,2
"2B2X_HL_A|VH50T,EH64K,QL28S,YL52N,TH33N",3.770335,2.4062178,1,2
"2B2X_HL_A|VH50T,EH64K,QL28S,YL52N,TH33V",1.4775821,1.9222089,1,2
"2B2X_HL_A|VH50T,EH64K,QL28S,YL52N,WL90Q",3.119054,2.1878514,1,2
"2B2X_HL_A|VH50T,EH64K,QL28S,YL52N,WL90Q,FL33Y",1.914233,2.1311448,1,2
"2B2X_HL_A|VH50T,EH64K,QL28S,YL52N,YH58E",3.119054,2.4131827,1,2
"2B2X_HL_A|VH50T,EH64K,QL28S,YL52N,YH58Q",3.119054,2.6902838,1,2
"2B2X_HL_A|VH50T,EH64K,QL28S,YL52N,YH58W",1.8641591,1.9366571,1,2
"2B2X_HL_A|VH50T,EH64K,QL28S,YL52N,YH59E",1.5872209,1.9369814,1,2
"2B2X_HL_A|VH50T,EH64K,QL28S,YL52R",1.8880546,1.535479,1,2
"2B2X_HL_A|VH50T,EH64K,YL52N",0.28173435,0.8672055,1,2
"2B2X_HL_A|VH50T,EH64N,QL28S,YL52N",1.0069425,1.3085399,1,2
"2B2X_HL_A|VH50T,EH64Q,QL28S,YL52N",0.96559924,1.2318213,1,2
"2B2X_HL_A|VH50T,EH64Q,QL28S,YL52N,LH60D",1.0862032,1.0590323,1,2
"2B2X_HL_A|VH50T,QL28S,YL52N",0.96559924,1.0099953,1,2
"2B2X_HL_A|VH50T,QL28S,YL52N,LH60D",0.90141344,0.85604167,1,2
"2B2X_HL_A|VH50T,YL52N",0.18636756,0.28644502,1,2
2B2X_HL_A|YL52E,-0.22410508,0.029575428,1,2
2VIR_AB_C|SC115L,3.680209,0.7746701,1,2
2VIR_AB_C|TC89I,4.0,3.3583744,1,2
"3G6D_LH_A|EL3V,GL76R,TL77V,QL78E,EL80G",0.13981691,0.97588044,1,2
"3G6D_LH_A|EL3V,GL76R,TL77V,QL78E,EL80G,DH54N",0.111178115,1.4021268,1,2
"3G6D_LH_A|EL3V,GL76R,TL77V,QL78E,EL80G,TL89S,ML92I,VL93D,TL94K",0.27145106,0.5153989,1,2
3G6D_LH_A|HH104A,-0.9530879,0.18845934,1,2
"3G6D_LH_A|KH210T,KH215T",-0.13294782,-0.44313148,1,2
"3G6D_LH_A|TL89S,ML92I,VL93D,TL94K",0.7979767,-0.7912934,1,2
3G6D_LH_A|WH105A,-1.4965084,1.423582,1,2
"3IDX_HL_G|CG27I,CG242Q",-2.4650376,0.12101361,1,2
"3IDX_HL_G|CG27I,CG242Q,MG247A",-2.1736174,0.09834239,1,2
"3IDX_HL_G|KG85C,EG121C,CG27I,CG242Q",-2.3776865,0.39587972,1,2
"3IDX_HL_G|KG85C,EG121C,WG13M,MG247A,CG14W,CG129V,CG27I,CG242Q",-2.1922898,0.08678204,1,2
"3IDX_HL_G|KG85C,EG122C,WG13M,MG247A,CG14W,CG129V,CG27I,CG242Q",-2.2927184,0.1897603,1,2
"3IDX_HL_G|TG41C,GG245C,MG247A",0.40945426,0.23556551,1,2
"3IDX_HL_G|TG41C,GG245C,WG13M,MG247A,CG14W,CG129V,CG27I,CG242Q",-2.3310676,-0.079984,1,2
"3IDX_HL_G|WG13M,MG247A,CG14W,CG129V",-0.6475391,0.23895231,1,2
"3IDX_HL_G|WG13M,MG247A,CG14W,CG129V,CG27I,CG242Q",-2.3479884,0.2076168,1,2
"3IDX_HL_G|WG13M,MG247A,CG14W,CG129V,KG85C,EG121C",-0.36166522,0.041142713,1,2
"3IDX_HL_G|WG13M,SG111T,WG200S,MG247A,CG14W,CG129V,CG27I,CG242Q",-1.8639641,-0.056882337,1,2
"3L5X_A_HL|EL93F,YL94G",-0.42800838,0.3853863,1,2
"3L5X_A_HL|EL93H,YL94G",-0.7626503,0.7308229,1,2
"3L5X_A_HL|HL91P,NL92I,EL93D,YL94A",-0.6466697,0.6343787,1,2
"3L5X_A_HL|HL91P,NL92L,EL93D,YL94S",-0.6327897,0.86772317,1,2
"3L5X_A_HL|HL91P,NL92L,EL93D,YL94T",-0.81005055,0.95853305,1,2
"3L5X_A_HL|HL91P,NL92L,EL93D,YL94V",-0.85822237,1.1118124,1,2
"3L5X_A_HL|HL91P,NL92L,YL94A",-0.44441348,0.66804177,1,2
"3L5X_A_HL|HL91Q,NL92D,EL93I,YL94G",-1.5503801,0.19213524,1,2
"3L5X_A_HL|HL91Q,NL92D,EL93L,YL94G",-1.785132,0.040174466,1,2
"3L5X_A_HL|HL91Q,NL92D,EL93Y,YL94G",-1.451453,-0.09194674,1,2
"3L5X_A_HL|NL92D,EL93L,YL94G",-0.42962858,-0.2702539,1,2
"3L5X_A_HL|NL92D,EL93N,YL94S",-0.53403836,0.47328624,1,2
"3L5X_A_HL|NL92D,EL93P,YL94G",-1.4699602,0.17675754,1,2
"3L5X_A_HL|NL92D,EL93R,YL94D",-0.52253926,-0.5037024,1,2
"3L5X_A_HL|NL92D,EL93W,YL94E",-1.1963489,-0.36658758,1,2
"3L5X_A_HL|NL92D,EL93W,YL94G",-1.6825228,-0.4262923,1,2
"3L5X_A_HL|NL92D,EL93W,YL94S",-0.71612674,-0.13584074,1,2
"3L5X_A_HL|NL92D,EL93Y,YL94A",-0.8069743,-0.0050113797,1,2
"3L5X_A_HL|NL92E,EL93S,YL94G",-1.2653587,0.051471233,1,2
"3L5X_A_HL|NL92E,EL93W,YL94G",-1.5503801,-0.38496968,1,2
"3L5X_A_HL|NL92F,EL93W,YL94G",-1.2329907,-0.43763417,1,2
"3L5X_A_HL|NL92L,EL93D,YL94S",-0.6170473,0.6630813,1,2
"3L5X_A_HL|NL92L,EL93L,YL94G",-0.6259698,0.02715486,1,2
"3L5X_A_HL|NL92L,EL93M,YL94G",-0.82567644,0.23083267,1,2
"3L5X_A_HL|NL92L,EL93N,YL94G",-0.6954369,0.2720551,1,2
"3L5X_A_HL|NL92S,EL93H,YL94G",-1.2457265,0.33002508,1,2
"3L5X_A_HL|NL92S,EL93I,YL94G",-0.8069743,0.2116453,1,2
"3L5X_A_HL|NL92S,EL93S,YL94G",-0.24921271,0.050733052,1,2
"3L5X_A_HL|NL92S,EL93V,YL94G",-0.51687235,0.37766823,1,2
"3L5X_A_HL|NL92S,EL93W,YL94A",-0.30302802,0.08013485,1,2
"3L5X_A_HL|NL92S,EL93W,YL94G",-1.2720501,-0.1650627,1,2
"3L5X_A_HL|NL92S,EL93Y,YL94G",-0.9641868,0.007237889,1,2
"3L5X_A_HL|NL92V,EL93G,YL94G",-0.46300006,-0.060591407,1,2
"3L5X_A_HL|NL92V,EL93W,YL94G",-0.83525383,0.0946161,1,2
3L5X_A_HL|YL94A,-0.82885176,0.72618884,1,2
3N85_A_LH|SH32A,-0.13401966,0.99362373,1,2
3N85_A_LH|SH32Y,0.0571225,-0.52166516,1,2
3N85_A_LH|SH50G,0.48767117,-0.76196885,1,2
3N85_A_LH|SH52Y,-0.78460336,-0.93204117,1,2
3N85_A_LH|WH100F,-0.015185109,0.47195074,1,2
3N85_A_LH|WH30K,-0.78460336,0.7690115,1,2
3N85_A_LH|WH30R,-0.5539675,-0.0006560683,1,2
3N85_A_LH|WL91F,0.13959166,0.38168007,1,2
3N85_A_LH|WL94Y,-0.03871881,0.12360628,1,2
3SE8_HL_G|DH110A,-0.38934898,-0.07438233,1,2
3SE8_HL_G|DH114A,-0.2441398,1.7525721,1,2
3SE8_HL_G|DL49A,0.8558488,1.1583364,1,2
3SE8_HL_G|EL1A,-0.5565174,0.027307939,1,2
3SE8_HL_G|EL91A,1.513491,1.2135556,1,2
3SE8_HL_G|FH115A,1.0676043,2.108895,1,2
3SE8_HL_G|FL90A,-0.8640972,0.6916672,1,2
3SE8_HL_G|FL92A,0.8323254,0.5731449,1,2
3SE8_HL_G|GH56A,0.3570972,0.51378006,1,2
3SE8_HL_G|KH52A,1.1114144,0.26399493,1,2
3SE8_HL_G|LH54A,0.054776184,-0.1329233,1,2
3SE8_HL_G|NL30A,0.19434923,1.0784225,1,2
3SE8_HL_G|PH78A,0.01881787,0.23083991,1,2
3SE8_HL_G|PH81A,-0.07091986,0.7252363,1,2
3SE8_HL_G|QH63A,1.1144251,-0.29675823,1,2
3SE8_HL_G|QH65A,0.54980505,0.20592505,1,2
3SE8_HL_G|QH76A,0.09689985,0.13088922,1,2
3SE8_HL_G|QL27A,-0.21612903,0.041581288,1,2
3SE8_HL_G|RH30A,-0.03949762,0.18195534,1,2
3SE8_HL_G|RH62A,1.2061691,0.2797792,1,2
3SE8_HL_G|RH72A,2.6444623,1.6555574,1,2
3SE8_HL_G|SH59A,1.1508402,0.12946726,1,2
3SE8_HL_G|VH58A,1.2496852,0.61821085,1,2
3SE8_HL_G|WH47A,1.4751467,1.8364995,1,2
3SE8_HL_G|WH50A,1.333526,1.9957348,1,2
3SE8_HL_G|WH55A,0.7611056,-0.11768872,1,2
3SE8_HL_G|YH111A,0.82992166,0.70541745,1,2
3SE8_HL_G|YH60A,0.8558488,0.8943896,1,2
4KRL_A_B|DB112A,0.6496817,2.5648694,1,2
5C6T_HL_A|EA194A,1.0906719,0.67706656,1,2
5C6T_HL_A|FA192A,1.9972014,1.8253373,1,2
5C6T_HL_A|FA199A,2.7581792,2.252583,1,2
5C6T_HL_A|FA200A,0.41047263,0.79751027,1,2
5C6T_HL_A|FH99A,1.4600298,0.44909814,1,2
5C6T_HL_A|IA201A,0.88561165,0.11692767,1,2
5C6T_HL_A|NA183A,0.28399685,0.97470134,1,2
5C6T_HL_A|NA186A,0.3630724,0.018088944,1,2
5C6T_HL_A|NA188A,-0.36658686,0.093538895,1,2
"5C6T_HL_A|NA195A,DA197A",0.58650106,0.8396839,1,2
5C6T_HL_A|NH97A,1.5258962,0.20170337,1,2
5C6T_HL_A|RH31S,0.3115454,0.63892347,1,2
5C6T_HL_A|RL48A,0.1229613,1.1053696,1,2
5C6T_HL_A|SH32A,-0.8683455,0.55232143,1,2
5C6T_HL_A|TA185A,0.33786914,1.1423353,1,2
5C6T_HL_A|YA182A,3.2083547,0.35095614,1,2
"5C6T_HL_A|YA182A,NA195A,DA197A",2.942425,1.1656744,1,2
5C6T_HL_A|YH104A,0.3630724,1.2644203,1,2
5C6T_HL_A|YH98A,1.7166799,0.8163293,1,2
5C6T_HL_A|YL47A,0.5516565,2.423118,1,2
1DVF_AB_CD|DB100A,2.7895143,0.3599853,2,0
"1DVF_AB_CD|DB100A,DD52A",4.0,0.7958909,2,0
"1DVF_AB_CD|DB100A,HD33A",4.0,0.41298518,2,0
"1DVF_AB_CD|DB100A,ND55A",4.0,0.25605366,2,0
1DVF_AB_CD|DB54A,4.0,0.71550465,2,0
"1DVF_AB_CD|DB54A,YC49A",4.0,1.6977508,2,0
1DVF_AB_CD|DB58A,1.6000048,0.7743507,2,0
"1DVF_AB_CD|DB58A,QD104A",1.4641725,1.0017173,2,0
1DVF_AB_CD|DD52A,1.6822901,0.5665051,2,0
1DVF_AB_CD|EB98A,4.0,0.9358633,2,0
"1DVF_AB_CD|EB98A,YD102A",4.0,2.110216,2,0
1DVF_AB_CD|HA30A,1.6493824,0.35823917,2,0
1DVF_AB_CD|HD33A,1.8606005,-0.13092057,2,0
1DVF_AB_CD|ID101A,2.6815457,0.7373893,2,0
1DVF_AB_CD|KD30A,1.0035173,-0.11091514,2,0
1DVF_AB_CD|NB56A,1.1624389,-0.1070542,2,0
"1DVF_AB_CD|NB56A,HD33A",2.5259995,0.46274835,2,0
"1DVF_AB_CD|NB56A,ND55A",2.3010929,-0.5556551,2,0
"1DVF_AB_CD|NB56A,QD104A",1.4868644,0.45039904,2,0
1DVF_AB_CD|ND55A,1.8606005,-0.13477114,2,0
1DVF_AB_CD|QD104A,1.6287225,0.60623497,2,0
1DVF_AB_CD|RB99A,1.8746451,0.31888005,2,0
1DVF_AB_CD|RD106A,4.0,0.07261589,2,0
1DVF_AB_CD|SA93A,1.1624389,0.27937186,2,0
1DVF_AB_CD|TB30A,0.9075126,0.10099664,2,0
1DVF_AB_CD|WA92A,0.34072307,-0.15288436,2,0
1DVF_AB_CD|WB52A,4.0,2.0139487,2,0
"1DVF_AB_CD|WB52A,QD104A",4.0,1.571223,2,0
1DVF_AB_CD|YA32A,2.0303695,1.285352,2,0
"1DVF_AB_CD|YA32A,RD106A",4.0,1.1641273,2,0
1DVF_AB_CD|YA49A,1.6785902,2.2831929,2,0
"1DVF_AB_CD|YA49A,HD33A",2.625045,2.7377725,2,0
"1DVF_AB_CD|YA49A,ND55A",2.0303695,1.4449546,2,0
1DVF_AB_CD|YA50A,0.6877736,1.9224265,2,0
1DVF_AB_CD|YB101F,2.0123136,1.3999155,2,0
1DVF_AB_CD|YB32A,1.8314707,1.2215073,2,0
1DVF_AB_CD|YC49A,1.8606005,0.61075574,2,0
1DVF_AB_CD|YD102A,4.0,1.4101586,2,0
1MHP_HL_A|FH99W,0.0,-0.20383212,2,0
1MHP_HL_A|FH99Y,0.75466895,-0.6082573,2,0
1MHP_HL_A|GH100F,0.38901797,-0.13865817,2,0
1MHP_HL_A|GH100L,2.727121,-0.008141883,2,0
1MHP_HL_A|GH100M,0.10213403,-0.055401713,2,0
1MHP_HL_A|GH100S,0.5577475,-0.44977197,2,0
1MHP_HL_A|GH53A,0.5126066,0.08741236,2,0
1MHP_HL_A|GH53N,1.2553134,-0.13343495,2,0
1MHP_HL_A|GH53S,0.6755934,-0.1864346,2,0
1MHP_HL_A|GH54I,1.3635606,-0.032982107,2,0
1MHP_HL_A|GH54T,1.1641668,0.43074954,2,0
1MHP_HL_A|GH54Y,0.0,-1.115123,2,0
1MHP_HL_A|GL91Q,1.572685,0.32591042,2,0
1MHP_HL_A|GL91S,0.5126066,0.0052033365,2,0
1MHP_HL_A|HL30K,1.1641668,0.5241589,2,0
1MHP_HL_A|HL30R,1.1237977,-0.67737174,2,0
1MHP_HL_A|HL30W,1.2553134,-0.67917085,2,0
1MHP_HL_A|KH64D,-0.17144196,-0.80447483,2,0
1MHP_HL_A|KH64E,-0.07761467,-0.5131637,2,0
"1MHP_HL_A|KH64E,SL27Q",-0.85684633,-0.87946856,2,0
"1MHP_HL_A|KH64E,SL27Q,NL51Y",-1.0191593,-1.4125926,2,0
1MHP_HL_A|KH64N,-0.03627145,-0.65787184,2,0
1MHP_HL_A|KH64Q,-0.07761467,-0.48310712,2,0
1MHP_HL_A|LH60D,-0.061319917,-0.20450018,2,0
"1MHP_HL_A|LH60D,KH64E",-0.1418005,-0.809769,2,0
"1MHP_HL_A|LH60D,KH64Q",0.042989343,-0.7045892,2,0
1MHP_HL_A|LL48F,0.71227974,-0.51677185,2,0
1MHP_HL_A|LL48K,0.8612009,-0.4140267,2,0
1MHP_HL_A|LL48W,1.9075676,-1.4709275,2,0
1MHP_HL_A|NL29V,1.0493295,0.07157025,2,0
1MHP_HL_A|NL29W,1.572685,0.013262682,2,0
1MHP_HL_A|NL29Y,1.9075676,-0.22745062,2,0
"1MHP_HL_A|NL29Y,SL90I",0.43436813,0.17483953,2,0
1MHP_HL_A|NL51D,0.5007625,-0.21508753,2,0
1MHP_HL_A|NL51E,-0.08868487,-0.1864153,2,0
1MHP_HL_A|NL51K,0.65751,0.21885613,2,0
1MHP_HL_A|NL51R,0.84484076,-0.30117875,2,0
1MHP_HL_A|NL51Y,-0.05162489,-0.5268181,2,0
1MHP_HL_A|RH31Q,1.3073281,0.2105194,2,0
1MHP_HL_A|SH35A,1.572685,1.3884685,2,0
"1MHP_HL_A|SH35A,GH102S",1.572685,1.302418,2,0
1MHP_HL_A|SH35Q,2.727121,0.51521295,2,0
"1MHP_HL_A|SH35V,GH102S",1.4256749,1.3197167,2,0
1MHP_HL_A|SH52M,2.0758402,0.21673691,2,0
1MHP_HL_A|SL23R,-0.21533228,-0.20915207,2,0
1MHP_HL_A|SL27Q,-0.6661127,-0.11461304,2,0
1MHP_HL_A|SL90Q,1.7740332,0.33277127,2,0
1MHP_HL_A|SL90T,2.3166485,0.5966447,2,0
"1MHP_HL_A|TH33E,GH53Q",1.6674565,0.5705475,2,0
"1MHP_HL_A|TH33I,SH52T,GH53N,GH54N",1.9075676,0.95896035,2,0
"1MHP_HL_A|TH33I,SH52T,GH53Q,GH54F",1.2553134,0.8935194,2,0
1MHP_HL_A|TH33N,2.727121,0.13050914,2,0
1MHP_HL_A|TH33V,0.43436813,0.57965565,2,0
1MHP_HL_A|TH50V,-0.13159887,0.272706,2,0
"1MHP_HL_A|TH50V,GH102S",1.6674565,0.6664007,2,0
"1MHP_HL_A|TH50V,KH64E",-0.1805197,-0.40669572,2,0
"1MHP_HL_A|TH50V,KH64E,SL27Q,NL51E",-1.267319,-0.888349,2,0
"1MHP_HL_A|TH50V,KH64E,SL27Q,NL51Y",-1.0844951,-1.3979435,2,0
"1MHP_HL_A|TH50V,SH35A",2.0758402,1.3657017,2,0
"1MHP_HL_A|TH50V,SH35V",2.727121,1.2446928,2,0
"1MHP_HL_A|TH50V,SL27Q",-0.6946839,-0.017180204,2,0
"1MHP_HL_A|TH50V,SL27Q,NL51Y",-1.0235296,-0.7203925,2,0
1MHP_HL_A|WL89Q,2.0758402,0.76506186,2,0
"1MHP_HL_A|WL89Q,FL32Y",0.871019,0.07969174,2,0
1MHP_HL_A|YH58E,2.0758402,1.1486964,2,0
1MHP_HL_A|YH58Q,2.0758402,0.88378346,2,0
1MHP_HL_A|YH58W,0.82094526,0.24740615,2,0
1MHP_HL_A|YH59E,0.54400706,0.7481981,2,0
1N8Z_AB_C|DB102W,-0.71302944,-0.06763729,2,0
1N8Z_AB_C|FC539A,0.035102826,1.3520794,2,0
1N8Z_AB_C|HA91F,0.034232877,-0.16067518,2,0
1N8Z_AB_C|LC509A,-0.023045197,0.49596584,2,0
1N8Z_AB_C|NA30S,0.06666317,-0.19871393,2,0
"1N8Z_AB_C|NA30S,HA91F,YA92W",-0.07476232,0.6870184,2,0
"1N8Z_AB_C|NA30S,HA91F,YA92W,TA94S,DB102W,YB105F,YB109V",0.050661404,0.18374673,2,0
1N8Z_AB_C|RB50A,2.9754758,1.9032502,2,0
1N8Z_AB_C|RB59A,1.8037988,1.2170978,2,0
1N8Z_AB_C|SC535A,0.030827092,0.46025032,2,0
1N8Z_AB_C|TA94S,0.32168603,-0.5360896,2,0
1N8Z_AB_C|VC536A,0.008972699,0.1288813,2,0
1N8Z_AB_C|YB105F,0.8540034,0.8479446,2,0
1N8Z_AB_C|YB109V,0.23192272,0.28280202,2,0
1XGQ_AB_C|VB33A,1.1525793,0.8436261,2,0
1XGQ_AB_C|VB33F,-2.9080825,-2.6799223,2,0
1XGQ_AB_C|VB33I,-1.1076277,-0.9644554,2,0
1XGQ_AB_C|VB33L,-1.0463123,-1.0155139,2,0
1YQV_HL_Y|RY45K,1.8995041,0.2015112,2,0
"1YQV_HL_Y|RY68K,TY40S,IY55V,SY91T",4.0,0.98687273,2,0
"1YQV_HL_Y|RY68K,TY40S,IY55V,SY91T,QY121H",0.0,0.8898787,2,0
1YY9_CD_A|AC25P,0.07225565,-0.25443017,2,0
1YY9_CD_A|AD98P,1.0372273,-0.5208329,2,0
1YY9_CD_A|GD54P,0.26807046,-0.02058652,2,0
1YY9_CD_A|LD29P,0.030827092,0.19162321,2,0
1YY9_CD_A|NC93A,-0.74186975,-0.0213833,2,0
1YY9_CD_A|ND56A,-0.057046015,-0.05001022,2,0
1YY9_CD_A|SC26D,-0.19925442,-0.017041065,2,0
"1YY9_CD_A|SC26D,TC31E,NC93A",-1.3329437,0.012277059,2,0
"1YY9_CD_A|SC26D,TC31E,NC93A,ND56A,TD61E",-0.6517935,-0.44715106,2,0
1YY9_CD_A|SC26P,-0.009110746,0.38075754,2,0
1YY9_CD_A|SC28P,-0.22229962,0.059045702,2,0
1YY9_CD_A|SC54P,-0.018363854,0.31032193,2,0
1YY9_CD_A|SD53P,0.8175451,0.15086499,2,0
1YY9_CD_A|TC31E,-0.51892465,0.31224692,2,0
"1YY9_CD_A|TC31E,NC93A",-0.81853306,0.20283061,2,0
1YY9_CD_A|TC96P,4.0,-0.24285616,2,0
1YY9_CD_A|TD61E,-0.057046015,-0.2623403,2,0
1YY9_CD_A|WD52P,1.4782712,1.0036497,2,0
1YY9_CD_A|YD101P,1.6514195,0.73947686,2,0
3NPS_A_BC|DA214A,1.466743,0.7594399,2,0
3NPS_A_BC|DA46A,0.3399866,0.6146195,2,0
3NPS_A_BC|DA47A,1.0674704,1.3527834,2,0
3NPS_A_BC|DA91A,1.5070341,0.96251744,2,0
3NPS_A_BC|EA163A,0.61534816,0.21808717,2,0
3NPS_A_BC|FA50A,0.21957076,0.97479075,2,0
3NPS_A_BC|FA89A,1.5714045,1.4665973,2,0
3NPS_A_BC|FA92A,0.46353978,1.1535232,2,0
3NPS_A_BC|HA138A,1.8750918,0.040494293,2,0
3NPS_A_BC|IA26A,0.6415425,-0.06430739,2,0
3NPS_A_BC|IA45A,-0.33181784,0.5894342,2,0
3NPS_A_BC|KA221A,-0.10361039,0.080318496,2,0
3NPS_A_BC|LA147A,0.29573628,0.09515996,2,0
3NPS_A_BC|NA90A,0.25341922,0.36518255,2,0
3NPS_A_BC|QA140A,0.29573628,0.38956314,2,0
3NPS_A_BC|QA168A,-0.059223834,-0.16901952,2,0
3NPS_A_BC|QA169A,0.7409076,1.5464656,2,0
3NPS_A_BC|QA218A,-0.040916756,0.73357195,2,0
3NPS_A_BC|QA23A,0.026323749,0.29636627,2,0
3NPS_A_BC|RA219A,-0.08390186,-0.30711,2,0
3NPS_A_BC|RA48A,-1.062741,-0.1401027,2,0
3NPS_A_BC|RA51A,0.13816836,0.25529352,2,0
3NPS_A_BC|RA82A,-0.15159543,-0.2546116,2,0
3NPS_A_BC|TA144A,0.17497002,0.39948714,2,0
3NPS_A_BC|TA93A,0.72381234,1.0004463,2,0
3NPS_A_BC|YA141A,1.7748737,1.33712,2,0
3NPS_A_BC|YA52A,0.4518898,0.37235975,2,0
3W2D_A_HL|KA67N,4.0,0.8607752,2,0
3W2D_A_HL|KA67R,-0.42812017,1.0612574,2,0
3W2D_A_HL|YA45F,0.8779443,-0.88529235,2,0
3W2D_A_HL|YA45L,2.3647563,0.6590119,2,0
"4KRO_A_B|DA321T,FA323A",0.1269707,1.354696,2,0
"4KRP_A_B|DA277T,FA279A",0.35829666,1.2105339,2,0
4NM8_ABCDEF_HL|DB19N,0.66149956,0.097662196,2,0
4NM8_ABCDEF_HL|IB18M,0.10977998,0.044632345,2,0
4NM8_ABCDEF_HL|LB38Y,-0.6151596,-0.44003287,2,0
4NM8_ABCDEF_HL|QB34R,2.9754758,1.4108789,2,0
4NM8_ABCDEF_HL|QB34T,2.3309386,1.3045034,2,0
4NM8_ABCDEF_HL|RB25M,3.442353,0.21695372,2,0
4NM8_ABCDEF_HL|TB32E,-0.5517196,-0.63541484,2,0
4NM8_ABCDEF_HL|TB32I,-0.050205972,0.71303844,2,0
4NM8_ABCDEF_HL|TB32R,1.2211944,-0.10965924,2,0
1DVF_AB_CD|DB100A,2.7895143,0.5963878,2,1
"1DVF_AB_CD|DB100A,DD52A",4.0,1.8857783,2,1
"1DVF_AB_CD|DB100A,HD33A",4.0,1.43753,2,1
"1DVF_AB_CD|DB100A,ND55A",4.0,1.3957939,2,1
1DVF_AB_CD|DB54A,4.0,0.67589796,2,1
"1DVF_AB_CD|DB54A,YC49A",4.0,2.857985,2,1
1DVF_AB_CD|DB58A,1.6000048,0.47207305,2,1
"1DVF_AB_CD|DB58A,QD104A",1.4641725,1.1469496,2,1
1DVF_AB_CD|DD52A,1.6822901,1.1185306,2,1
1DVF_AB_CD|EB98A,4.0,1.2179435,2,1
"1DVF_AB_CD|EB98A,YD102A",4.0,3.6511765,2,1
1DVF_AB_CD|HA30A,1.6493824,0.43602124,2,1
1DVF_AB_CD|HD33A,1.8606005,0.8493284,2,1
1DVF_AB_CD|ID101A,2.6815457,0.93046594,2,1
1DVF_AB_CD|KD30A,1.0035173,1.2510543,2,1
1DVF_AB_CD|NB56A,1.1624389,0.012316652,2,1
"1DVF_AB_CD|NB56A,HD33A",2.5259995,0.44747168,2,1
"1DVF_AB_CD|NB56A,ND55A",2.3010929,0.4892636,2,1
"1DVF_AB_CD|NB56A,QD104A",1.4868644,0.5717443,2,1
1DVF_AB_CD|ND55A,1.8606005,0.80072355,2,1
1DVF_AB_CD|QD104A,1.6287225,0.955044,2,1
1DVF_AB_CD|RB99A,1.8746451,0.49701995,2,1
1DVF_AB_CD|RD106A,4.0,1.2686028,2,1
1DVF_AB_CD|SA93A,1.1624389,0.43367037,2,1
1DVF_AB_CD|TB30A,0.9075126,0.2520383,2,1
1DVF_AB_CD|WA92A,0.34072307,1.7363245,2,1
1DVF_AB_CD|WB52A,4.0,1.1352391,2,1
"1DVF_AB_CD|WB52A,QD104A",4.0,1.8928406,2,1
1DVF_AB_CD|YA32A,2.0303695,1.3176595,2,1
"1DVF_AB_CD|YA32A,RD106A",4.0,2.5858285,2,1
1DVF_AB_CD|YA49A,1.6785902,1.0187814,2,1
"1DVF_AB_CD|YA49A,HD33A",2.625045,1.7652398,2,1
"1DVF_AB_CD|YA49A,ND55A",2.0303695,1.9044688,2,1
1DVF_AB_CD|YA50A,0.6877736,0.92445946,2,1
1DVF_AB_CD|YB101F,2.0123136,0.4922685,2,1
1DVF_AB_CD|YB32A,1.8314707,0.92598295,2,1
1DVF_AB_CD|YC49A,1.8606005,2.062419,2,1
1DVF_AB_CD|YD102A,4.0,2.0297046,2,1
1MHP_HL_A|FH99W,0.0,0.018400818,2,1
1MHP_HL_A|FH99Y,0.75466895,-0.040956877,2,1
1MHP_HL_A|GH100F,0.38901797,-0.015419096,2,1
1MHP_HL_A|GH100L,2.727121,0.075386904,2,1
1MHP_HL_A|GH100M,0.10213403,0.0072820857,2,1
1MHP_HL_A|GH100S,0.5577475,0.123684004,2,1
1MHP_HL_A|GH53A,0.5126066,0.19391888,2,1
1MHP_HL_A|GH53N,1.2553134,0.03236283,2,1
1MHP_HL_A|GH53S,0.6755934,-0.046543814,2,1
1MHP_HL_A|GH54I,1.3635606,0.025362492,2,1
1MHP_HL_A|GH54T,1.1641668,0.2685353,2,1
1MHP_HL_A|GH54Y,0.0,-0.060441993,2,1
1MHP_HL_A|GL91Q,1.572685,-0.061036818,2,1
1MHP_HL_A|GL91S,0.5126066,0.01071199,2,1
1MHP_HL_A|HL30K,1.1641668,0.21768174,2,1
1MHP_HL_A|HL30R,1.1237977,-0.046014182,2,1
1MHP_HL_A|HL30W,1.2553134,-0.3259878,2,1
1MHP_HL_A|KH64D,-0.17144196,-0.27891812,2,1
1MHP_HL_A|KH64E,-0.07761467,-0.25479373,2,1
"1MHP_HL_A|KH64E,SL27Q",-0.85684633,-0.56588244,2,1
"1MHP_HL_A|KH64E,SL27Q,NL51Y",-1.0191593,-1.3527235,2,1
1MHP_HL_A|KH64N,-0.03627145,0.21371514,2,1
1MHP_HL_A|KH64Q,-0.07761467,-0.20711052,2,1
1MHP_HL_A|LH60D,-0.061319917,0.30685917,2,1
"1MHP_HL_A|LH60D,KH64E",-0.1418005,-0.34699503,2,1
"1MHP_HL_A|LH60D,KH64Q",0.042989343,-0.22875717,2,1
1MHP_HL_A|LL48F,0.71227974,0.08851341,2,1
1MHP_HL_A|LL48K,0.8612009,0.4030274,2,1
1MHP_HL_A|LL48W,1.9075676,-0.08016289,2,1
1MHP_HL_A|NL29V,1.0493295,-0.11524958,2,1
1MHP_HL_A|NL29W,1.572685,-0.21909454,2,1
1MHP_HL_A|NL29Y,1.9075676,-0.2347076,2,1
"1MHP_HL_A|NL29Y,SL90I",0.43436813,-0.6772465,2,1
1MHP_HL_A|NL51D,0.5007625,-0.53423536,2,1
1MHP_HL_A|NL51E,-0.08868487,-0.49081835,2,1
1MHP_HL_A|NL51K,0.65751,-0.19188192,2,1
1MHP_HL_A|NL51R,0.84484076,-0.29237944,2,1
1MHP_HL_A|NL51Y,-0.05162489,-0.63603103,2,1
1MHP_HL_A|RH31Q,1.3073281,0.07400767,2,1
1MHP_HL_A|SH35A,1.572685,0.6019683,2,1
"1MHP_HL_A|SH35A,GH102S",1.572685,0.460723,2,1
1MHP_HL_A|SH35Q,2.727121,0.10731622,2,1
"1MHP_HL_A|SH35V,GH102S",1.4256749,-0.026244022,2,1
1MHP_HL_A|SH52M,2.0758402,0.12002927,2,1
1MHP_HL_A|SL23R,-0.21533228,-0.029140837,2,1
1MHP_HL_A|SL27Q,-0.6661127,-0.19130954,2,1
1MHP_HL_A|SL90Q,1.7740332,-0.004347302,2,1
1MHP_HL_A|SL90T,2.3166485,0.4054054,2,1
"1MHP_HL_A|TH33E,GH53Q",1.6674565,-0.1427719,2,1
"1MHP_HL_A|TH33I,SH52T,GH53N,GH54N",1.9075676,0.46081445,2,1
"1MHP_HL_A|TH33I,SH52T,GH53Q,GH54F",1.2553134,-0.11554802,2,1
1MHP_HL_A|TH33N,2.727121,0.23920119,2,1
1MHP_HL_A|TH33V,0.43436813,-0.04119309,2,1
1MHP_HL_A|TH50V,-0.13159887,-0.367985,2,1
"1MHP_HL_A|TH50V,GH102S",1.6674565,-0.36025414,2,1
"1MHP_HL_A|TH50V,KH64E",-0.1805197,-0.86954355,2,1
"1MHP_HL_A|TH50V,KH64E,SL27Q,NL51E",-1.267319,-1.6425579,2,1
"1MHP_HL_A|TH50V,KH64E,SL27Q,NL51Y",-1.0844951,-1.8561176,2,1
"1MHP_HL_A|TH50V,SH35A",2.0758402,-0.018327996,2,1
"1MHP_HL_A|TH50V,SH35V",2.727121,-0.5912738,2,1
"1MHP_HL_A|TH50V,SL27Q",-0.6946839,-0.669065,2,1
"1MHP_HL_A|TH50V,SL27Q,NL51Y",-1.0235296,-1.3888752,2,1
1MHP_HL_A|WL89Q,2.0758402,0.595125,2,1
"1MHP_HL_A|WL89Q,FL32Y",0.871019,0.27772084,2,1
1MHP_HL_A|YH58E,2.0758402,0.4395625,2,1
1MHP_HL_A|YH58Q,2.0758402,0.49746078,2,1
1MHP_HL_A|YH58W,0.82094526,0.22771004,2,1
1MHP_HL_A|YH59E,0.54400706,0.22993854,2,1
1N8Z_AB_C|DB102W,-0.71302944,-0.2242113,2,1
1N8Z_AB_C|FC539A,0.035102826,0.7367865,2,1
1N8Z_AB_C|HA91F,0.034232877,0.087680385,2,1
1N8Z_AB_C|LC509A,-0.023045197,0.8518857,2,1
1N8Z_AB_C|NA30S,0.06666317,0.024025433,2,1
"1N8Z_AB_C|NA30S,HA91F,YA92W",-0.07476232,-0.15688312,2,1
"1N8Z_AB_C|NA30S,HA91F,YA92W,TA94S,DB102W,YB105F,YB109V",0.050661404,-0.71003604,2,1
1N8Z_AB_C|RB50A,2.9754758,0.5897644,2,1
1N8Z_AB_C|RB59A,1.8037988,0.6634302,2,1
1N8Z_AB_C|SC535A,0.030827092,0.24982765,2,1
1N8Z_AB_C|TA94S,0.32168603,-0.08334,2,1
1N8Z_AB_C|VC536A,0.008972699,0.54104245,2,1
1N8Z_AB_C|YB105F,0.8540034,0.27112937,2,1
1N8Z_AB_C|YB109V,0.23192272,0.08700995,2,1
1XGQ_AB_C|VB33A,1.1525793,0.8556076,2,1
1XGQ_AB_C|VB33F,-2.9080825,0.051557243,2,1
1XGQ_AB_C|VB33I,-1.1076277,0.14792627,2,1
1XGQ_AB_C|VB33L,-1.0463123,0.07727391,2,1
1YQV_HL_Y|RY45K,1.8995041,0.2333982,2,1
"1YQV_HL_Y|RY68K,TY40S,IY55V,SY91T",4.0,0.3806246,2,1
"1YQV_HL_Y|RY68K,TY40S,IY55V,SY91T,QY121H",0.0,0.2756208,2,1
1YY9_CD_A|AC25P,0.07225565,-0.5308458,2,1
1YY9_CD_A|AD98P,1.0372273,-0.6942818,2,1
1YY9_CD_A|GD54P,0.26807046,0.14480215,2,1
1YY9_CD_A|LD29P,0.030827092,0.05751671,2,1
1YY9_CD_A|NC93A,-0.74186975,-0.032345846,2,1
1YY9_CD_A|ND56A,-0.057046015,0.012864597,2,1
1YY9_CD_A|SC26D,-0.19925442,0.13796352,2,1
"1YY9_CD_A|SC26D,TC31E,NC93A",-1.3329437,-0.33653972,2,1
"1YY9_CD_A|SC26D,TC31E,NC93A,ND56A,TD61E",-0.6517935,-0.7475306,2,1
1YY9_CD_A|SC26P,-0.009110746,0.08452048,2,1
1YY9_CD_A|SC28P,-0.22229962,-0.08748936,2,1
1YY9_CD_A|SC54P,-0.018363854,-0.11216266,2,1
1YY9_CD_A|SD53P,0.8175451,-0.035453252,2,1
1YY9_CD_A|TC31E,-0.51892465,0.11384558,2,1
"1YY9_CD_A|TC31E,NC93A",-0.81853306,-0.14887547,2,1
1YY9_CD_A|TC96P,4.0,-0.24147522,2,1
1YY9_CD_A|TD61E,-0.057046015,-0.18878385,2,1
1YY9_CD_A|WD52P,1.4782712,0.30316803,2,1
1YY9_CD_A|YD101P,1.6514195,0.45400566,2,1
3NPS_A_BC|DA214A,1.466743,0.45544302,2,1
3NPS_A_BC|DA46A,0.3399866,0.65220135,2,1
3NPS_A_BC|DA47A,1.0674704,0.96116084,2,1
3NPS_A_BC|DA91A,1.5070341,0.64527786,2,1
3NPS_A_BC|EA163A,0.61534816,1.0824566,2,1
3NPS_A_BC|FA50A,0.21957076,1.5151659,2,1
3NPS_A_BC|FA89A,1.5714045,1.0612158,2,1
3NPS_A_BC|FA92A,0.46353978,1.0101798,2,1
3NPS_A_BC|HA138A,1.8750918,0.8061595,2,1
3NPS_A_BC|IA26A,0.6415425,1.0029781,2,1
3NPS_A_BC|IA45A,-0.33181784,0.5897372,2,1
3NPS_A_BC|KA221A,-0.10361039,0.6536372,2,1
3NPS_A_BC|LA147A,0.29573628,1.1605572,2,1
3NPS_A_BC|NA90A,0.25341922,0.9838352,2,1
3NPS_A_BC|QA140A,0.29573628,0.6987243,2,1
3NPS_A_BC|QA168A,-0.059223834,0.82095706,2,1
3NPS_A_BC|QA169A,0.7409076,0.75257295,2,1
3NPS_A_BC|QA218A,-0.040916756,0.826182,2,1
3NPS_A_BC|QA23A,0.026323749,0.8025338,2,1
3NPS_A_BC|RA219A,-0.08390186,0.45062566,2,1
3NPS_A_BC|RA48A,-1.062741,0.41302824,2,1
3NPS_A_BC|RA51A,0.13816836,0.8688329,2,1
3NPS_A_BC|RA82A,-0.15159543,0.7498077,2,1
3NPS_A_BC|TA144A,0.17497002,0.4452424,2,1
3NPS_A_BC|TA93A,0.72381234,0.82779324,2,1
3NPS_A_BC|YA141A,1.7748737,1.5301834,2,1
3NPS_A_BC|YA52A,0.4518898,1.6021008,2,1
3W2D_A_HL|KA67N,4.0,0.08288628,2,1
3W2D_A_HL|KA67R,-0.42812017,0.0116325095,2,1
3W2D_A_HL|YA45F,0.8779443,0.2003701,2,1
3W2D_A_HL|YA45L,2.3647563,0.3720785,2,1
"4KRO_A_B|DA321T,FA323A",0.1269707,0.9062066,2,1
"4KRP_A_B|DA277T,FA279A",0.35829666,0.94470656,2,1
4NM8_ABCDEF_HL|DB19N,0.66149956,0.40427864,2,1
4NM8_ABCDEF_HL|IB18M,0.10977998,0.30380473,2,1
4NM8_ABCDEF_HL|LB38Y,-0.6151596,0.041080274,2,1
4NM8_ABCDEF_HL|QB34R,2.9754758,0.5847691,2,1
4NM8_ABCDEF_HL|QB34T,2.3309386,0.34251782,2,1
4NM8_ABCDEF_HL|RB25M,3.442353,0.036771905,2,1
4NM8_ABCDEF_HL|TB32E,-0.5517196,0.09685324,2,1
4NM8_ABCDEF_HL|TB32I,-0.050205972,0.023216717,2,1
4NM8_ABCDEF_HL|TB32R,1.2211944,0.23877805,2,1
1DVF_AB_CD|DB100A,2.7895143,1.8845725,2,2
"1DVF_AB_CD|DB100A,DD52A",4.0,2.032325,2,2
"1DVF_AB_CD|DB100A,HD33A",4.0,1.6397581,2,2
"1DVF_AB_CD|DB100A,ND55A",4.0,1.4101269,2,2
1DVF_AB_CD|DB54A,4.0,0.83045185,2,2
"1DVF_AB_CD|DB54A,YC49A",4.0,1.7865907,2,2
1DVF_AB_CD|DB58A,1.6000048,0.57084745,2,2
"1DVF_AB_CD|DB58A,QD104A",1.4641725,1.0924058,2,2
1DVF_AB_CD|DD52A,1.6822901,0.20967616,2,2
1DVF_AB_CD|EB98A,4.0,0.7185228,2,2
"1DVF_AB_CD|EB98A,YD102A",4.0,1.8086065,2,2
1DVF_AB_CD|HA30A,1.6493824,0.3076238,2,2
1DVF_AB_CD|HD33A,1.8606005,0.003591612,2,2
1DVF_AB_CD|ID101A,2.6815457,1.0262265,2,2
1DVF_AB_CD|KD30A,1.0035173,-0.117078155,2,2
1DVF_AB_CD|NB56A,1.1624389,0.35034904,2,2
"1DVF_AB_CD|NB56A,HD33A",2.5259995,0.53048027,2,2
"1DVF_AB_CD|NB56A,ND55A",2.3010929,0.121530235,2,2
"1DVF_AB_CD|NB56A,QD104A",1.4868644,0.922395,2,2
1DVF_AB_CD|ND55A,1.8606005,0.014004756,2,2
1DVF_AB_CD|QD104A,1.6287225,0.71226126,2,2
1DVF_AB_CD|RB99A,1.8746451,0.3195353,2,2
1DVF_AB_CD|RD106A,4.0,0.10126223,2,2
1DVF_AB_CD|SA93A,1.1624389,-0.04124092,2,2
1DVF_AB_CD|TB30A,0.9075126,-0.022146124,2,2
1DVF_AB_CD|WA92A,0.34072307,0.54372483,2,2
1DVF_AB_CD|WB52A,4.0,1.3364542,2,2
"1DVF_AB_CD|WB52A,QD104A",4.0,1.3838385,2,2
1DVF_AB_CD|YA32A,2.0303695,1.1524299,2,2
"1DVF_AB_CD|YA32A,RD106A",4.0,1.2612948,2,2
1DVF_AB_CD|YA49A,1.6785902,0.8346748,2,2
"1DVF_AB_CD|YA49A,HD33A",2.625045,0.65591484,2,2
"1DVF_AB_CD|YA49A,ND55A",2.0303695,0.33494443,2,2
1DVF_AB_CD|YA50A,0.6877736,0.7018883,2,2
1DVF_AB_CD|YB101F,2.0123136,1.5625939,2,2
1DVF_AB_CD|YB32A,1.8314707,1.0062975,2,2
1DVF_AB_CD|YC49A,1.8606005,1.0615993,2,2
1DVF_AB_CD|YD102A,4.0,1.3746843,2,2
1MHP_HL_A|FH99W,0.0,-0.45662633,2,2
1MHP_HL_A|FH99Y,0.75466895,-0.8627181,2,2
1MHP_HL_A|GH100F,0.38901797,-0.3830318,2,2
1MHP_HL_A|GH100L,2.727121,0.53146225,2,2
1MHP_HL_A|GH100M,0.10213403,-0.13805926,2,2
1MHP_HL_A|GH100S,0.5577475,0.17192674,2,2
1MHP_HL_A|GH53A,0.5126066,-0.17790991,2,2
1MHP_HL_A|GH53N,1.2553134,-0.423487,2,2
1MHP_HL_A|GH53S,0.6755934,-0.3813943,2,2
1MHP_HL_A|GH54I,1.3635606,-0.30989832,2,2
1MHP_HL_A|GH54T,1.1641668,-0.4057339,2,2
1MHP_HL_A|GH54Y,0.0,-1.6692888,2,2
1MHP_HL_A|GL91Q,1.572685,-0.19206084,2,2
1MHP_HL_A|GL91S,0.5126066,-0.33324572,2,2
1MHP_HL_A|HL30K,1.1641668,0.6034968,2,2
1MHP_HL_A|HL30R,1.1237977,-0.3938832,2,2
1MHP_HL_A|HL30W,1.2553134,-0.20255223,2,2
1MHP_HL_A|KH64D,-0.17144196,-0.2704562,2,2
1MHP_HL_A|KH64E,-0.07761467,-0.17452121,2,2
"1MHP_HL_A|KH64E,SL27Q",-0.85684633,-1.0014025,2,2
"1MHP_HL_A|KH64E,SL27Q,NL51Y",-1.0191593,-1.4423144,2,2
1MHP_HL_A|KH64N,-0.03627145,-0.01883636,2,2
1MHP_HL_A|KH64Q,-0.07761467,-0.13553908,2,2
1MHP_HL_A|LH60D,-0.061319917,-0.39808753,2,2
"1MHP_HL_A|LH60D,KH64E",-0.1418005,-0.6597209,2,2
"1MHP_HL_A|LH60D,KH64Q",0.042989343,-0.45432624,2,2
1MHP_HL_A|LL48F,0.71227974,-0.49168715,2,2
1MHP_HL_A|LL48K,0.8612009,0.31791148,2,2
1MHP_HL_A|LL48W,1.9075676,-0.32629144,2,2
1MHP_HL_A|NL29V,1.0493295,0.4355142,2,2
1MHP_HL_A|NL29W,1.572685,0.3125305,2,2
1MHP_HL_A|NL29Y,1.9075676,-0.3939255,2,2
"1MHP_HL_A|NL29Y,SL90I",0.43436813,-0.18261848,2,2
1MHP_HL_A|NL51D,0.5007625,-0.13460329,2,2
1MHP_HL_A|NL51E,-0.08868487,0.1163913,2,2
1MHP_HL_A|NL51K,0.65751,0.61567837,2,2
1MHP_HL_A|NL51R,0.84484076,0.48717478,2,2
1MHP_HL_A|NL51Y,-0.05162489,-0.31759128,2,2
1MHP_HL_A|RH31Q,1.3073281,0.48032418,2,2
1MHP_HL_A|SH35A,1.572685,1.8043821,2,2
"1MHP_HL_A|SH35A,GH102S",1.572685,1.626212,2,2
1MHP_HL_A|SH35Q,2.727121,1.0612499,2,2
"1MHP_HL_A|SH35V,GH102S",1.4256749,1.3543454,2,2
1MHP_HL_A|SH52M,2.0758402,0.6710025,2,2
1MHP_HL_A|SL23R,-0.21533228,0.020276934,2,2
1MHP_HL_A|SL27Q,-0.6661127,-0.5289924,2,2
1MHP_HL_A|SL90Q,1.7740332,0.40337119,2,2
1MHP_HL_A|SL90T,2.3166485,0.25157937,2,2
"1MHP_HL_A|TH33E,GH53Q",1.6674565,0.8129813,2,2
"1MHP_HL_A|TH33I,SH52T,GH53N,GH54N",1.9075676,0.59245193,2,2
"1MHP_HL_A|TH33I,SH52T,GH53Q,GH54F",1.2553134,0.20161343,2,2
1MHP_HL_A|TH33N,2.727121,0.49133483,2,2
1MHP_HL_A|TH33V,0.43436813,0.8092772,2,2
1MHP_HL_A|TH50V,-0.13159887,0.3142606,2,2
"1MHP_HL_A|TH50V,GH102S",1.6674565,0.26189145,2,2
"1MHP_HL_A|TH50V,KH64E",-0.1805197,-0.29468495,2,2
"1MHP_HL_A|TH50V,KH64E,SL27Q,NL51E",-1.267319,-0.9808591,2,2
"1MHP_HL_A|TH50V,KH64E,SL27Q,NL51Y",-1.0844951,-1.3460203,2,2
"1MHP_HL_A|TH50V,SH35A",2.0758402,1.8430305,2,2
"1MHP_HL_A|TH50V,SH35V",2.727121,1.5085784,2,2
"1MHP_HL_A|TH50V,SL27Q",-0.6946839,-0.19146647,2,2
"1MHP_HL_A|TH50V,SL27Q,NL51Y",-1.0235296,-0.70671535,2,2
1MHP_HL_A|WL89Q,2.0758402,1.4725943,2,2
"1MHP_HL_A|WL89Q,FL32Y",0.871019,-0.10330433,2,2
1MHP_HL_A|YH58E,2.0758402,1.3933525,2,2
1MHP_HL_A|YH58Q,2.0758402,1.5615345,2,2
1MHP_HL_A|YH58W,0.82094526,1.2105328,2,2
1MHP_HL_A|YH59E,0.54400706,0.36399138,2,2
1N8Z_AB_C|DB102W,-0.71302944,-0.35437393,2,2
1N8Z_AB_C|FC539A,0.035102826,1.1949307,2,2
1N8Z_AB_C|HA91F,0.034232877,-0.1431333,2,2
1N8Z_AB_C|LC509A,-0.023045197,0.790718,2,2
1N8Z_AB_C|NA30S,0.06666317,0.36947802,2,2
"1N8Z_AB_C|NA30S,HA91F,YA92W",-0.07476232,0.37415892,2,2
"1N8Z_AB_C|NA30S,HA91F,YA92W,TA94S,DB102W,YB105F,YB109V",0.050661404,1.2208589,2,2
1N8Z_AB_C|RB50A,2.9754758,1.0084605,2,2
1N8Z_AB_C|RB59A,1.8037988,0.8126168,2,2
1N8Z_AB_C|SC535A,0.030827092,0.21673077,2,2
1N8Z_AB_C|TA94S,0.32168603,-0.05659684,2,2
1N8Z_AB_C|VC536A,0.008972699,0.58531344,2,2
1N8Z_AB_C|YB105F,0.8540034,1.6367283,2,2
1N8Z_AB_C|YB109V,0.23192272,0.3202715,2,2
1XGQ_AB_C|VB33A,1.1525793,0.91633487,2,2
1XGQ_AB_C|VB33F,-2.9080825,-2.3472826,2,2
1XGQ_AB_C|VB33I,-1.1076277,-0.8844981,2,2
1XGQ_AB_C|VB33L,-1.0463123,-0.798506,2,2
1YQV_HL_Y|RY45K,1.8995041,0.49224412,2,2
"1YQV_HL_Y|RY68K,TY40S,IY55V,SY91T",4.0,0.7880669,2,2
"1YQV_HL_Y|RY68K,TY40S,IY55V,SY91T,QY121H",0.0,1.0251087,2,2
1YY9_CD_A|AC25P,0.07225565,-0.4346726,2,2
1YY9_CD_A|AD98P,1.0372273,-1.3907272,2,2
1YY9_CD_A|GD54P,0.26807046,-0.2156978,2,2
1YY9_CD_A|LD29P,0.030827092,0.23783857,2,2
1YY9_CD_A|NC93A,-0.74186975,-0.20015681,2,2
1YY9_CD_A|ND56A,-0.057046015,0.4758409,2,2
1YY9_CD_A|SC26D,-0.19925442,0.17565049,2,2
"1YY9_CD_A|SC26D,TC31E,NC93A",-1.3329437,0.36578164,2,2
"1YY9_CD_A|SC26D,TC31E,NC93A,ND56A,TD61E",-0.6517935,0.15474796,2,2
1YY9_CD_A|SC26P,-0.009110746,0.29241723,2,2
1YY9_CD_A|SC28P,-0.22229962,-0.4093606,2,2
1YY9_CD_A|SC54P,-0.018363854,0.028033089,2,2
1YY9_CD_A|SD53P,0.8175451,-0.24853703,2,2
1YY9_CD_A|TC31E,-0.51892465,1.0519794,2,2
"1YY9_CD_A|TC31E,NC93A",-0.81853306,0.5914046,2,2
1YY9_CD_A|TC96P,4.0,-0.150323,2,2
1YY9_CD_A|TD61E,-0.057046015,-0.12443173,2,2
1YY9_CD_A|WD52P,1.4782712,0.5665209,2,2
1YY9_CD_A|YD101P,1.6514195,1.443104,2,2
3NPS_A_BC|DA214A,1.466743,0.4298009,2,2
3NPS_A_BC|DA46A,0.3399866,0.8098128,2,2
3NPS_A_BC|DA47A,1.0674704,1.2306244,2,2
3NPS_A_BC|DA91A,1.5070341,0.26108107,2,2
3NPS_A_BC|EA163A,0.61534816,-0.20648605,2,2
3NPS_A_BC|FA50A,0.21957076,0.71968645,2,2
3NPS_A_BC|FA89A,1.5714045,1.0539639,2,2
3NPS_A_BC|FA92A,0.46353978,0.33660933,2,2
3NPS_A_BC|HA138A,1.8750918,-0.15882654,2,2
3NPS_A_BC|IA26A,0.6415425,0.20520227,2,2
3NPS_A_BC|IA45A,-0.33181784,0.70109665,2,2
3NPS_A_BC|KA221A,-0.10361039,0.3481986,2,2
3NPS_A_BC|LA147A,0.29573628,0.46953893,2,2
3NPS_A_BC|NA90A,0.25341922,0.44096106,2,2
3NPS_A_BC|QA140A,0.29573628,0.21781668,2,2
3NPS_A_BC|QA168A,-0.059223834,0.31900346,2,2
3NPS_A_BC|QA169A,0.7409076,1.9274565,2,2
3NPS_A_BC|QA218A,-0.040916756,0.55131805,2,2
3NPS_A_BC|QA23A,0.026323749,0.16848622,2,2
3NPS_A_BC|RA219A,-0.08390186,-0.065748736,2,2
3NPS_A_BC|RA48A,-1.062741,-0.28154367,2,2
3NPS_A_BC|RA51A,0.13816836,-0.012079354,2,2
3NPS_A_BC|RA82A,-0.15159543,-0.16016228,2,2
3NPS_A_BC|TA144A,0.17497002,0.26664597,2,2
3NPS_A_BC|TA93A,0.72381234,1.0413662,2,2
3NPS_A_BC|YA141A,1.7748737,1.1146686,2,2
3NPS_A_BC|YA52A,0.4518898,-0.07228121,2,2
3W2D_A_HL|KA67N,4.0,0.23692842,2,2
3W2D_A_HL|KA67R,-0.42812017,0.3042648,2,2
3W2D_A_HL|YA45F,0.8779443,-0.59941465,2,2
3W2D_A_HL|YA45L,2.3647563,0.6040284,2,2
"4KRO_A_B|DA321T,FA323A",0.1269707,1.1566824,2,2
"4KRP_A_B|DA277T,FA279A",0.35829666,1.3513637,2,2
4NM8_ABCDEF_HL|DB19N,0.66149956,0.359947,2,2
4NM8_ABCDEF_HL|IB18M,0.10977998,0.7903578,2,2
4NM8_ABCDEF_HL|LB38Y,-0.6151596,-0.12421365,2,2
4NM8_ABCDEF_HL|QB34R,2.9754758,0.8747231,2,2
4NM8_ABCDEF_HL|QB34T,2.3309386,0.4887623,2,2
4NM8_ABCDEF_HL|RB25M,3.442353,0.7427354,2,2
4NM8_ABCDEF_HL|TB32E,-0.5517196,0.2579289,2,2
4NM8_ABCDEF_HL|TB32I,-0.050205972,0.517763,2,2
4NM8_ABCDEF_HL|TB32R,1.2211944,0.6367337,2,2
"1CZ8_HL_VW|LL4M,DH28T,HH31N,YH101H,TH105S",2.939849,1.5193714,3,0
1KIR_AB_C|SA50Y,-1.3870943,-0.48178178,3,0
1MLC_AB_E|KB65D,0.018548755,-1.0725503,3,0
1MLC_AB_E|NA32G,-0.8773867,0.50014454,3,0
"1MLC_AB_E|NA32G,NA92A",-0.6866531,0.29442674,3,0
"1MLC_AB_E|NA32G,NA92A,SB57V,TB58D",-1.7349738,-0.07057288,3,0
1MLC_AB_E|NA32Y,0.0,-0.7128975,3,0
1MLC_AB_E|NA92A,-1.2533532,0.101976156,3,0
"1MLC_AB_E|NA92A,SB57V,TB58D",-2.394188,-0.041446254,3,0
"1MLC_AB_E|NA92A,TB28D,SB57V,TB58D",-2.5813644,-0.6563076,3,0
"1MLC_AB_E|NA92A,TB28D,SB57V,TB58D,EB35S,GB99D",-2.9539242,-1.1865215,3,0
"1MLC_AB_E|NA92A,TB28D,SB57V,TB58D,GB99D",-0.20357698,-0.7324138,3,0
"1MLC_AB_E|NA92A,TB28D,SB57V,TB58D,NA32L",-2.5843081,-0.51642954,3,0
"1MLC_AB_E|NA92A,TB28D,SB57V,TB58D,RB98M,DB100Q",-0.41047263,-0.3373605,3,0
"1MLC_AB_E|NA92A,TB28D,SB57V,TB58D,SA91N,SA93A",-1.6104395,-0.10243529,3,0
"1MLC_AB_E|NA92A,TB28D,SB57V,TB58D,SB30G",-2.3584673,-0.38466626,3,0
"1MLC_AB_E|NA92A,TB28D,SB57V,TB58D,YB32W,RB98V,DB100Q",0.36138764,-0.24058257,3,0
"1MLC_AB_E|NA92A,TB28D,SB57V,TB58D,YB59E",-1.4661698,-0.07723749,3,0
1MLC_AB_E|SB57A,-0.37902167,-0.2684449,3,0
1MLC_AB_E|SB57V,-0.49418068,-0.20764385,3,0
"1MLC_AB_E|SB57V,TB58D",-0.9877286,-0.23892175,3,0
1MLC_AB_E|TB28D,-0.15094383,-0.83955026,3,0
1MLC_AB_E|TB31A,0.44700673,0.006389573,3,0
1MLC_AB_E|TB31V,0.5262404,-0.07636449,3,0
1MLC_AB_E|TB31W,0.13214268,-0.51002014,3,0
1MLC_AB_E|TB58D,-0.55968237,-0.07865925,3,0
1NCA_N_LH|DH101K,0.71416,1.7454935,3,0
1NCA_N_LH|EH100D,0.41047263,-0.14152722,3,0
1NCA_N_LH|NH102Q,0.5426153,-0.03699489,3,0
1NCA_N_LH|NH31Q,0.0,0.013091087,3,0
1NMB_N_LH|DH57E,2.9536283,0.61681384,3,0
1NMB_N_LH|DH57N,2.9536283,-0.0051454976,3,0
1NMB_N_LH|LL94V,0.9000208,-0.55263245,3,0
1NMB_N_LH|TL93F,-0.023903161,-0.06714022,3,0
1NMB_N_LH|TL93W,0.18419003,-0.454193,3,0
1NMB_N_LH|YH103A,2.14062,0.4934759,3,0
1NMB_N_LH|YH105F,1.4194101,0.93123394,3,0
1NMB_N_LH|YL32F,0.46632215,1.0022088,3,0
1VFB_AB_C|DB100A,3.005002,2.2325547,3,0
"1VFB_AB_C|DB100A,SC24A",3.369756,4.691086,3,0
1VFB_AB_C|DB54A,0.8151114,2.4003527,3,0
"1VFB_AB_C|DB54A,TC118A",1.2546439,1.4393436,3,0
1VFB_AB_C|DB58A,-0.20700333,0.8463566,3,0
1VFB_AB_C|DB58E,0.078081094,0.3104695,3,0
1VFB_AB_C|DB58N,-0.12818155,0.26109946,3,0
1VFB_AB_C|DC119A,0.9530879,1.4840666,3,0
1VFB_AB_C|DC18A,0.34013057,1.3690022,3,0
1VFB_AB_C|EB98A,1.1565572,2.690005,3,0
1VFB_AB_C|GB31A,0.30646533,0.8945429,3,0
1VFB_AB_C|GB31E,-0.5097613,0.5904419,3,0
1VFB_AB_C|GB31W,0.0039611305,0.4725638,3,0
1VFB_AB_C|HA30A,0.84488255,0.30850464,3,0
1VFB_AB_C|IC124A,1.2314179,0.17176817,3,0
1VFB_AB_C|KC116A,0.7134504,1.3572788,3,0
1VFB_AB_C|LC129A,0.17154472,0.0058225095,3,0
1VFB_AB_C|NA31W,0.17432266,1.0551654,3,0
1VFB_AB_C|NB56A,0.17771798,0.62324345,3,0
1VFB_AB_C|NC19A,0.3960868,0.572763,3,0
1VFB_AB_C|QC121A,2.876998,0.5071092,3,0
1VFB_AB_C|RB99A,-0.099735305,1.021573,3,0
1VFB_AB_C|RB99W,0.7049742,0.1708543,3,0
1VFB_AB_C|RB99Y,1.235379,-0.24613422,3,0
1VFB_AB_C|RC125A,1.8368999,0.2988035,3,0
1VFB_AB_C|SA93A,0.34312394,0.30705744,3,0
1VFB_AB_C|SB28D,0.0,-0.06934013,3,0
1VFB_AB_C|SB28E,-0.104007296,0.1263208,3,0
1VFB_AB_C|SB28N,0.14394745,0.050422713,3,0
1VFB_AB_C|SB28Q,0.078081094,0.30542886,3,0
1VFB_AB_C|SC24A,0.850965,2.054323,3,0
1VFB_AB_C|TA52F,0.4708752,-0.22493708,3,0
1VFB_AB_C|TA53R,1.6458516,-0.6034948,3,0
1VFB_AB_C|TB30A,-0.05584954,-0.035176754,3,0
1VFB_AB_C|TC118A,0.7650957,0.24991928,3,0
1VFB_AB_C|VC120A,0.9169499,-0.11571419,3,0
1VFB_AB_C|WA92A,3.037848,1.8877283,3,0
"1VFB_AB_C|WA92A,IC124A",3.8503337,1.868698,3,0
"1VFB_AB_C|WA92A,LC129A",3.3073628,1.0175172,3,0
"1VFB_AB_C|WA92A,QC121A",3.5189366,1.7591772,3,0
"1VFB_AB_C|WA92A,RC125A",3.3932896,1.6306492,3,0
1VFB_AB_C|WB52A,0.6406274,2.9034944,3,0
"1VFB_AB_C|WB52A,DC119A",2.2473724,3.475548,3,0
1VFB_AB_C|YA32A,1.5281335,1.8723055,3,0
"1VFB_AB_C|YA32A,IC124A",2.9057157,1.8538882,3,0
"1VFB_AB_C|YA32A,QC121A",1.586041,1.463518,3,0
1VFB_AB_C|YA49A,0.79754156,0.9113178,3,0
1VFB_AB_C|YA50A,0.456086,1.7731043,3,0
"1VFB_AB_C|YA50A,DC119A",1.2314179,2.6487615,3,0
"1VFB_AB_C|YA50A,DC18A",1.265924,2.896842,3,0
1VFB_AB_C|YA50K,1.7156012,1.5188326,3,0
1VFB_AB_C|YA50R,0.8443241,1.1386856,3,0
1VFB_AB_C|YB101F,1.2695644,2.3323436,3,0
"1VFB_AB_C|YB101F,DC119A",2.736521,3.9845808,3,0
"1VFB_AB_C|YB101F,VC120A",2.5384777,1.8344748,3,0
1VFB_AB_C|YB32A,0.7916793,1.1762604,3,0
"1VFB_AB_C|YB32A,KC116A",1.586041,2.1829662,3,0
1VFB_AB_C|YB32E,1.9021881,0.9701472,3,0
1VFB_AB_C|YC23A,0.41047263,1.1693146,3,0
1XGP_AB_C|AB33F,-4.0,-1.8602304,3,0
1XGP_AB_C|AB33I,-2.260207,-1.2320892,3,0
1XGP_AB_C|AB33L,-2.1988916,-1.0749806,3,0
1XGP_AB_C|AB33V,-1.1525793,-0.73395663,3,0
2JEL_LH_P|AP82S,0.0,-0.32702166,3,0
2JEL_LH_P|DP69E,0.9530879,1.0321196,3,0
2JEL_LH_P|EP5D,0.41047263,-0.33680975,3,0
2JEL_LH_P|EP5Q,0.7129768,-0.16025752,3,0
2JEL_LH_P|EP68A,0.41047263,0.40727454,3,0
2JEL_LH_P|EP75R,2.727121,0.7967651,3,0
2JEL_LH_P|EP83A,0.0,0.18217762,3,0
2JEL_LH_P|EP85A,0.0,0.026835129,3,0
2JEL_LH_P|EP85D,0.0,-0.2916319,3,0
2JEL_LH_P|EP85K,0.0,-0.15248013,3,0
2JEL_LH_P|EP85Q,0.0,0.015500888,3,0
2JEL_LH_P|FP2W,2.6191528,0.9798662,3,0
2JEL_LH_P|FP2Y,0.0,-0.26762474,3,0
2JEL_LH_P|HP76A,-0.41047263,0.7181373,3,0
2JEL_LH_P|HP76D,-0.65058374,0.47365576,3,0
2JEL_LH_P|KP24E,0.0,1.056539,3,0
2JEL_LH_P|KP27E,0.0,0.7502852,3,0
2JEL_LH_P|KP72E,0.41047263,-0.22579914,3,0
2JEL_LH_P|KP72R,0.0,-0.07780163,3,0
2JEL_LH_P|KP79E,0.41047263,0.76748765,3,0
2JEL_LH_P|NP12D,0.0,-0.29877716,3,0
2JEL_LH_P|NP38T,0.0,0.21916519,3,0
2JEL_LH_P|PP11E,0.0,-0.35109568,3,0
2JEL_LH_P|QP3K,4.0,0.13189986,3,0
2JEL_LH_P|QP4K,1.3635606,0.02314654,3,0
2JEL_LH_P|QP57E,-0.41047263,0.26443207,3,0
2JEL_LH_P|QP71E,2.727121,0.19145592,3,0
2JEL_LH_P|RP17G,0.0,0.40098852,3,0
2JEL_LH_P|RP17K,0.0,-0.13148877,3,0
2JEL_LH_P|SP41C,1.4957032,0.7615967,3,0
2JEL_LH_P|SP43C,0.0,0.028954208,3,0
2JEL_LH_P|SP46C,0.0,0.6105803,3,0
2JEL_LH_P|SP64T,4.0,0.032971576,3,0
2JEL_LH_P|TP34Q,0.0,0.5158749,3,0
2JEL_LH_P|TP36Q,0.41047263,-0.2899959,3,0
2JEL_LH_P|TP62A,0.0,0.56359035,3,0
2JEL_LH_P|TP62N,0.0,0.92156947,3,0
2JEL_LH_P|TP7N,0.41047263,0.67318106,3,0
2JEL_LH_P|TP7S,0.0,0.23746248,3,0
2JEL_LH_P|VP6F,0.0,-0.49364257,3,0
"2NY7_HL_G|CG27I,CG226Q",0.19971907,-1.5972975,3,0
"2NY7_HL_G|CG27I,CG226Q,MG231A",0.20319231,-1.4831829,3,0
"2NY7_HL_G|GG229C,MG231A",-0.37879732,0.7495485,3,0
"2NY7_HL_G|GG229C,WG13M,MG231A,CG14W,CG110V,CG27I,CG226Q",0.21462485,-2.0135088,3,0
"2NY7_HL_G|KG66C,EG102C,CG27I,CG226Q",0.04085667,-1.227137,3,0
"2NY7_HL_G|KG66C,EG102C,WG13M,MG231A,CG14W,CG110V,CG27I,CG226Q",0.3998023,-1.6266502,3,0
"2NY7_HL_G|KG66C,EG103C,WG13M,MG231A,CG14W,CG110V,CG27I,CG226Q",0.29989544,-1.551717,3,0
"2NY7_HL_G|WG13M,MG231A,CG14W,CG110V",1.1574335,-0.5122281,3,0
"2NY7_HL_G|WG13M,MG231A,CG14W,CG110V,CG27I,CG226Q",0.44904727,-1.935698,3,0
"2NY7_HL_G|WG13M,MG231A,CG14W,CG110V,KG66C,EG102C",0.55101526,-0.26153755,3,0
"2NY7_HL_G|WG13M,SG92T,WG181S,MG231A,CG14W,CG110V,CG27I,CG226Q",-0.3035898,-1.9931233,3,0
3BN9_B_CD|DB214A,0.5662115,1.059663,3,0
3BN9_B_CD|DB46A,0.42238826,0.60883254,3,0
3BN9_B_CD|DB47A,0.31110755,0.5354755,3,0
3BN9_B_CD|EB163A,0.37321588,-0.06118574,3,0
3BN9_B_CD|FB50A,-0.044997852,0.2276399,3,0
3BN9_B_CD|FB89A,0.6392419,1.6745926,3,0
3BN9_B_CD|HB138A,0.085063316,0.8406062,3,0
3BN9_B_CD|IB26A,0.0,0.8336015,3,0
3BN9_B_CD|IB45A,0.8352155,0.32406533,3,0
3BN9_B_CD|KB221A,0.7849689,0.098141864,3,0
3BN9_B_CD|LB147A,0.33619216,0.049951047,3,0
3BN9_B_CD|NB90A,0.7733444,0.49480456,3,0
3BN9_B_CD|PD104H,2.4272547,-0.27358368,3,0
3BN9_B_CD|QB140A,0.1331048,-0.07854581,3,0
3BN9_B_CD|QB168A,-0.03469869,-0.3697995,3,0
3BN9_B_CD|QB169A,2.5089848,0.64933664,3,0
3BN9_B_CD|QB218A,0.70571065,0.20584159,3,0
3BN9_B_CD|QB23A,-0.41530684,0.065884724,3,0
3BN9_B_CD|QD105V,1.2241027,-0.08648036,3,0
3BN9_B_CD|RB219A,-0.093698174,-0.067390025,3,0
3BN9_B_CD|RB48A,-0.044997852,0.048920088,3,0
3BN9_B_CD|RB51A,-0.07155777,-0.088520184,3,0
3BN9_B_CD|RB82A,-0.15923285,0.21662365,3,0
3BN9_B_CD|SD30G,1.1861069,0.8989338,3,0
3BN9_B_CD|SD30N,1.145505,0.69682825,3,0
3BN9_B_CD|TB144A,0.2908351,-0.009704977,3,0
3BN9_B_CD|TB93A,1.1320528,0.87150943,3,0
3BN9_B_CD|TD102Q,-0.02153644,-0.31150392,3,0
3BN9_B_CD|TD102R,-0.058294915,-0.3194554,3,0
3BN9_B_CD|TD28R,0.33290586,-0.45454836,3,0
3BN9_B_CD|YB141A,1.0846525,1.6608016,3,0
3BN9_B_CD|YB52A,0.018951595,0.61079824,3,0
3BN9_B_CD|YD103S,0.45868576,1.095252,3,0
4GXU_ABCDEF_MN|DA189E,2.1650882,1.0830002,3,0
"4GXU_ABCDEF_MN|DA189E,DA224G",3.0102077,1.4478098,3,0
4GXU_ABCDEF_MN|DA224G,1.9608781,0.37102276,3,0
"1CZ8_HL_VW|LL4M,DH28T,HH31N,YH101H,TH105S",2.939849,0.5625791,3,1
1KIR_AB_C|SA50Y,-1.3870943,-0.17792073,3,1
1MLC_AB_E|KB65D,0.018548755,-0.044600092,3,1
1MLC_AB_E|NA32G,-0.8773867,-0.2733075,3,1
"1MLC_AB_E|NA32G,NA92A",-0.6866531,-0.32912275,3,1
"1MLC_AB_E|NA32G,NA92A,SB57V,TB58D",-1.7349738,-0.9681175,3,1
1MLC_AB_E|NA32Y,0.0,-0.41182217,3,1
1MLC_AB_E|NA92A,-1.2533532,0.042045563,3,1
"1MLC_AB_E|NA92A,SB57V,TB58D",-2.394188,-0.6733713,3,1
"1MLC_AB_E|NA92A,TB28D,SB57V,TB58D",-2.5813644,-0.73656726,3,1
"1MLC_AB_E|NA92A,TB28D,SB57V,TB58D,EB35S,GB99D",-2.9539242,-0.49550256,3,1
"1MLC_AB_E|NA92A,TB28D,SB57V,TB58D,GB99D",-0.20357698,-0.56460726,3,1
"1MLC_AB_E|NA92A,TB28D,SB57V,TB58D,NA32L",-2.5843081,-1.3232403,3,1
"1MLC_AB_E|NA92A,TB28D,SB57V,TB58D,RB98M,DB100Q",-0.41047263,-1.0255613,3,1
"1MLC_AB_E|NA92A,TB28D,SB57V,TB58D,SA91N,SA93A",-1.6104395,-0.3320432,3,1
"1MLC_AB_E|NA92A,TB28D,SB57V,TB58D,SB30G",-2.3584673,-0.9813454,3,1
"1MLC_AB_E|NA92A,TB28D,SB57V,TB58D,YB32W,RB98V,DB100Q",0.36138764,-1.1253284,3,1
"1MLC_AB_E|NA92A,TB28D,SB57V,TB58D,YB59E",-1.4661698,-0.5214126,3,1
1MLC_AB_E|SB57A,-0.37902167,0.13118917,3,1
1MLC_AB_E|SB57V,-0.49418068,-0.29582384,3,1
"1MLC_AB_E|SB57V,TB58D",-0.9877286,-0.473959,3,1
1MLC_AB_E|TB28D,-0.15094383,0.15293518,3,1
1MLC_AB_E|TB31A,0.44700673,-0.0092829615,3,1
1MLC_AB_E|TB31V,0.5262404,-0.14937264,3,1
1MLC_AB_E|TB31W,0.13214268,-0.27473873,3,1
1MLC_AB_E|TB58D,-0.55968237,0.027839549,3,1
1NCA_N_LH|DH101K,0.71416,0.3171463,3,1
1NCA_N_LH|EH100D,0.41047263,0.24041036,3,1
1NCA_N_LH|NH102Q,0.5426153,-0.15703163,3,1
1NCA_N_LH|NH31Q,0.0,-0.3192998,3,1
1NMB_N_LH|DH57E,2.9536283,0.13486722,3,1
1NMB_N_LH|DH57N,2.9536283,0.43195507,3,1
1NMB_N_LH|LL94V,0.9000208,-0.12765378,3,1
1NMB_N_LH|TL93F,-0.023903161,-0.42394784,3,1
1NMB_N_LH|TL93W,0.18419003,-0.4370859,3,1
1NMB_N_LH|YH103A,2.14062,0.28293583,3,1
1NMB_N_LH|YH105F,1.4194101,0.2192921,3,1
1NMB_N_LH|YL32F,0.46632215,0.1831167,3,1
1VFB_AB_C|DB100A,3.005002,0.24161044,3,1
"1VFB_AB_C|DB100A,SC24A",3.369756,1.0493057,3,1
1VFB_AB_C|DB54A,0.8151114,0.26944256,3,1
"1VFB_AB_C|DB54A,TC118A",1.2546439,1.0025089,3,1
1VFB_AB_C|DB58A,-0.20700333,0.21185651,3,1
1VFB_AB_C|DB58E,0.078081094,-0.058439992,3,1
1VFB_AB_C|DB58N,-0.12818155,0.15810797,3,1
1VFB_AB_C|DC119A,0.9530879,0.73642695,3,1
1VFB_AB_C|DC18A,0.34013057,0.8172966,3,1
1VFB_AB_C|EB98A,1.1565572,0.48071656,3,1
1VFB_AB_C|GB31A,0.30646533,0.22322476,3,1
1VFB_AB_C|GB31E,-0.5097613,-0.05350726,3,1
1VFB_AB_C|GB31W,0.0039611305,-0.033066086,3,1
1VFB_AB_C|HA30A,0.84488255,0.18814616,3,1
1VFB_AB_C|IC124A,1.2314179,0.39660412,3,1
1VFB_AB_C|KC116A,0.7134504,1.0751177,3,1
1VFB_AB_C|LC129A,0.17154472,0.50349075,3,1
1VFB_AB_C|NA31W,0.17432266,-0.33725938,3,1
1VFB_AB_C|NB56A,0.17771798,0.025683459,3,1
1VFB_AB_C|NC19A,0.3960868,0.25415495,3,1
1VFB_AB_C|QC121A,2.876998,0.38462558,3,1
1VFB_AB_C|RB99A,-0.099735305,0.3874288,3,1
1VFB_AB_C|RB99W,0.7049742,-0.18706864,3,1
1VFB_AB_C|RB99Y,1.235379,-0.14151603,3,1
1VFB_AB_C|RC125A,1.8368999,0.80173045,3,1
1VFB_AB_C|SA93A,0.34312394,0.2870797,3,1
1VFB_AB_C|SB28D,0.0,-0.078895964,3,1
1VFB_AB_C|SB28E,-0.104007296,-0.13458127,3,1
1VFB_AB_C|SB28N,0.14394745,0.057986952,3,1
1VFB_AB_C|SB28Q,0.078081094,-0.091430806,3,1
1VFB_AB_C|SC24A,0.850965,0.3987003,3,1
1VFB_AB_C|TA52F,0.4708752,-0.13061315,3,1
1VFB_AB_C|TA53R,1.6458516,-0.014267638,3,1
1VFB_AB_C|TB30A,-0.05584954,0.037838053,3,1
1VFB_AB_C|TC118A,0.7650957,0.7160791,3,1
1VFB_AB_C|VC120A,0.9169499,0.15378192,3,1
1VFB_AB_C|WA92A,3.037848,0.9273566,3,1
"1VFB_AB_C|WA92A,IC124A",3.8503337,1.6040491,3,1
"1VFB_AB_C|WA92A,LC129A",3.3073628,1.5285014,3,1
"1VFB_AB_C|WA92A,QC121A",3.5189366,1.4288425,3,1
"1VFB_AB_C|WA92A,RC125A",3.3932896,2.0965116,3,1
1VFB_AB_C|WB52A,0.6406274,0.4148936,3,1
"1VFB_AB_C|WB52A,DC119A",2.2473724,1.3280243,3,1
1VFB_AB_C|YA32A,1.5281335,0.60070527,3,1
"1VFB_AB_C|YA32A,IC124A",2.9057157,1.0585887,3,1
"1VFB_AB_C|YA32A,QC121A",1.586041,1.1331947,3,1
1VFB_AB_C|YA49A,0.79754156,0.7617203,3,1
1VFB_AB_C|YA50A,0.456086,0.853014,3,1
"1VFB_AB_C|YA50A,DC119A",1.2314179,1.8912764,3,1
"1VFB_AB_C|YA50A,DC18A",1.265924,1.9221303,3,1
1VFB_AB_C|YA50K,1.7156012,0.77366966,3,1
1VFB_AB_C|YA50R,0.8443241,0.5559964,3,1
1VFB_AB_C|YB101F,1.2695644,0.17303073,3,1
"1VFB_AB_C|YB101F,DC119A",2.736521,0.9241181,3,1
"1VFB_AB_C|YB101F,VC120A",2.5384777,0.16104344,3,1
1VFB_AB_C|YB32A,0.7916793,0.23736286,3,1
"1VFB_AB_C|YB32A,KC116A",1.586041,1.2517415,3,1
1VFB_AB_C|YB32E,1.9021881,0.028680697,3,1
1VFB_AB_C|YC23A,0.41047263,0.61627406,3,1
1XGP_AB_C|AB33F,-4.0,-0.92940485,3,1
1XGP_AB_C|AB33I,-2.260207,-0.82359564,3,1
1XGP_AB_C|AB33L,-2.1988916,-0.8549986,3,1
1XGP_AB_C|AB33V,-1.1525793,-0.843166,3,1
2JEL_LH_P|AP82S,0.0,-0.7457812,3,1
2JEL_LH_P|DP69E,0.9530879,0.14327715,3,1
2JEL_LH_P|EP5D,0.41047263,-0.19615397,3,1
2JEL_LH_P|EP5Q,0.7129768,-0.0941563,3,1
2JEL_LH_P|EP68A,0.41047263,0.42216286,3,1
2JEL_LH_P|EP75R,2.727121,0.13030975,3,1
2JEL_LH_P|EP83A,0.0,0.70880157,3,1
2JEL_LH_P|EP85A,0.0,0.65079784,3,1
2JEL_LH_P|EP85D,0.0,0.17293772,3,1
2JEL_LH_P|EP85K,0.0,0.35723832,3,1
2JEL_LH_P|EP85Q,0.0,0.18380363,3,1
2JEL_LH_P|FP2W,2.6191528,-0.00079086423,3,1
2JEL_LH_P|FP2Y,0.0,-0.19201925,3,1
2JEL_LH_P|HP76A,-0.41047263,0.68705577,3,1
2JEL_LH_P|HP76D,-0.65058374,0.11961202,3,1
2JEL_LH_P|KP24E,0.0,0.114408664,3,1
2JEL_LH_P|KP27E,0.0,0.028994605,3,1
2JEL_LH_P|KP72E,0.41047263,-0.25604162,3,1
2JEL_LH_P|KP72R,0.0,-0.15136623,3,1
2JEL_LH_P|KP79E,0.41047263,0.070153594,3,1
2JEL_LH_P|NP12D,0.0,0.3468395,3,1
2JEL_LH_P|NP38T,0.0,0.25171858,3,1
2JEL_LH_P|PP11E,0.0,-0.01932522,3,1
2JEL_LH_P|QP3K,4.0,0.062716134,3,1
2JEL_LH_P|QP4K,1.3635606,-0.006249331,3,1
2JEL_LH_P|QP57E,-0.41047263,0.12110649,3,1
2JEL_LH_P|QP71E,2.727121,-0.15072808,3,1
2JEL_LH_P|RP17G,0.0,0.231101,3,1
2JEL_LH_P|RP17K,0.0,0.11676381,3,1
2JEL_LH_P|SP41C,1.4957032,0.034677103,3,1
2JEL_LH_P|SP43C,0.0,0.04552553,3,1
2JEL_LH_P|SP46C,0.0,0.16083014,3,1
2JEL_LH_P|SP64T,4.0,-0.09755253,3,1
2JEL_LH_P|TP34Q,0.0,-0.16633469,3,1
2JEL_LH_P|TP36Q,0.41047263,-0.031809263,3,1
2JEL_LH_P|TP62A,0.0,0.3311156,3,1
2JEL_LH_P|TP62N,0.0,-0.0050966814,3,1
2JEL_LH_P|TP7N,0.41047263,0.1770907,3,1
2JEL_LH_P|TP7S,0.0,0.11622085,3,1
2JEL_LH_P|VP6F,0.0,-0.07461054,3,1
"2NY7_HL_G|CG27I,CG226Q",0.19971907,-0.41164118,3,1
"2NY7_HL_G|CG27I,CG226Q,MG231A",0.20319231,-0.04805956,3,1
"2NY7_HL_G|GG229C,MG231A",-0.37879732,0.21120983,3,1
"2NY7_HL_G|GG229C,WG13M,MG231A,CG14W,CG110V,CG27I,CG226Q",0.21462485,-0.43062958,3,1
"2NY7_HL_G|KG66C,EG102C,CG27I,CG226Q",0.04085667,-0.30579332,3,1
"2NY7_HL_G|KG66C,EG102C,WG13M,MG231A,CG14W,CG110V,CG27I,CG226Q",0.3998023,0.050102197,3,1
"2NY7_HL_G|KG66C,EG103C,WG13M,MG231A,CG14W,CG110V,CG27I,CG226Q",0.29989544,-0.061374553,3,1
"2NY7_HL_G|WG13M,MG231A,CG14W,CG110V",1.1574335,0.7778975,3,1
"2NY7_HL_G|WG13M,MG231A,CG14W,CG110V,CG27I,CG226Q",0.44904727,-0.054540552,3,1
"2NY7_HL_G|WG13M,MG231A,CG14W,CG110V,KG66C,EG102C",0.55101526,0.9218393,3,1
"2NY7_HL_G|WG13M,SG92T,WG181S,MG231A,CG14W,CG110V,CG27I,CG226Q",-0.3035898,-0.05295711,3,1
3BN9_B_CD|DB214A,0.5662115,0.5991937,3,1
3BN9_B_CD|DB46A,0.42238826,0.6358137,3,1
3BN9_B_CD|DB47A,0.31110755,0.6908553,3,1
3BN9_B_CD|EB163A,0.37321588,0.9421139,3,1
3BN9_B_CD|FB50A,-0.044997852,1.1744235,3,1
3BN9_B_CD|FB89A,0.6392419,0.85336125,3,1
3BN9_B_CD|HB138A,0.085063316,0.5257747,3,1
3BN9_B_CD|IB26A,0.0,0.60525435,3,1
3BN9_B_CD|IB45A,0.8352155,0.31836212,3,1
3BN9_B_CD|KB221A,0.7849689,0.67530143,3,1
3BN9_B_CD|LB147A,0.33619216,0.5103372,3,1
3BN9_B_CD|NB90A,0.7733444,0.8286301,3,1
3BN9_B_CD|PD104H,2.4272547,0.031419586,3,1
3BN9_B_CD|QB140A,0.1331048,0.73047286,3,1
3BN9_B_CD|QB168A,-0.03469869,0.5757547,3,1
3BN9_B_CD|QB169A,2.5089848,0.9283454,3,1
3BN9_B_CD|QB218A,0.70571065,0.63324654,3,1
3BN9_B_CD|QB23A,-0.41530684,0.6780371,3,1
3BN9_B_CD|QD105V,1.2241027,0.016898416,3,1
3BN9_B_CD|RB219A,-0.093698174,0.66821736,3,1
3BN9_B_CD|RB48A,-0.044997852,1.0039636,3,1
3BN9_B_CD|RB51A,-0.07155777,1.0953534,3,1
3BN9_B_CD|RB82A,-0.15923285,0.7934648,3,1
3BN9_B_CD|SD30G,1.1861069,-0.05566033,3,1
3BN9_B_CD|SD30N,1.145505,0.31757608,3,1
3BN9_B_CD|TB144A,0.2908351,0.50085276,3,1
3BN9_B_CD|TB93A,1.1320528,0.5131631,3,1
3BN9_B_CD|TD102Q,-0.02153644,-0.23166338,3,1
3BN9_B_CD|TD102R,-0.058294915,-0.18874991,3,1
3BN9_B_CD|TD28R,0.33290586,0.27028543,3,1
3BN9_B_CD|YB141A,1.0846525,1.0197127,3,1
3BN9_B_CD|YB52A,0.018951595,1.1147184,3,1
3BN9_B_CD|YD103S,0.45868576,0.7719234,3,1
4GXU_ABCDEF_MN|DA189E,2.1650882,0.1728274,3,1
"4GXU_ABCDEF_MN|DA189E,DA224G",3.0102077,0.39153904,3,1
4GXU_ABCDEF_MN|DA224G,1.9608781,0.09905862,3,1
"1CZ8_HL_VW|LL4M,DH28T,HH31N,YH101H,TH105S",2.939849,1.5946506,3,2
1KIR_AB_C|SA50Y,-1.3870943,-0.79995906,3,2
1MLC_AB_E|KB65D,0.018548755,-0.2696423,3,2
1MLC_AB_E|NA32G,-0.8773867,0.056799468,3,2
"1MLC_AB_E|NA32G,NA92A",-0.6866531,0.4868517,3,2
"1MLC_AB_E|NA32G,NA92A,SB57V,TB58D",-1.7349738,0.8643248,3,2
1MLC_AB_E|NA32Y,0.0,-0.58608526,3,2
1MLC_AB_E|NA92A,-1.2533532,0.24106355,3,2
"1MLC_AB_E|NA92A,SB57V,TB58D",-2.394188,0.7211021,3,2
"1MLC_AB_E|NA92A,TB28D,SB57V,TB58D",-2.5813644,0.36464572,3,2
"1MLC_AB_E|NA92A,TB28D,SB57V,TB58D,EB35S,GB99D",-2.9539242,0.41372675,3,2
"1MLC_AB_E|NA92A,TB28D,SB57V,TB58D,GB99D",-0.20357698,0.7215131,3,2
"1MLC_AB_E|NA92A,TB28D,SB57V,TB58D,NA32L",-2.5843081,0.6013557,3,2
"1MLC_AB_E|NA92A,TB28D,SB57V,TB58D,RB98M,DB100Q",-0.41047263,0.49866366,3,2
"1MLC_AB_E|NA92A,TB28D,SB57V,TB58D,SA91N,SA93A",-1.6104395,1.2791052,3,2
"1MLC_AB_E|NA92A,TB28D,SB57V,TB58D,SB30G",-2.3584673,0.47076118,3,2
"1MLC_AB_E|NA92A,TB28D,SB57V,TB58D,YB32W,RB98V,DB100Q",0.36138764,0.87912405,3,2
"1MLC_AB_E|NA92A,TB28D,SB57V,TB58D,YB59E",-1.4661698,1.168965,3,2
1MLC_AB_E|SB57A,-0.37902167,0.017740488,3,2
1MLC_AB_E|SB57V,-0.49418068,-0.1722974,3,2
"1MLC_AB_E|SB57V,TB58D",-0.9877286,0.38444823,3,2
1MLC_AB_E|TB28D,-0.15094383,-0.17401905,3,2
1MLC_AB_E|TB31A,0.44700673,0.15982401,3,2
1MLC_AB_E|TB31V,0.5262404,0.026558515,3,2
1MLC_AB_E|TB31W,0.13214268,-0.51232356,3,2
1MLC_AB_E|TB58D,-0.55968237,0.69755185,3,2
1NCA_N_LH|DH101K,0.71416,0.6595402,3,2
1NCA_N_LH|EH100D,0.41047263,0.20946397,3,2
1NCA_N_LH|NH102Q,0.5426153,0.17746466,3,2
1NCA_N_LH|NH31Q,0.0,-0.034228325,3,2
1NMB_N_LH|DH57E,2.9536283,-0.035465606,3,2
1NMB_N_LH|DH57N,2.9536283,-0.13971934,3,2
1NMB_N_LH|LL94V,0.9000208,-0.25936747,3,2
1NMB_N_LH|TL93F,-0.023903161,-0.15369295,3,2
1NMB_N_LH|TL93W,0.18419003,-0.33942366,3,2
1NMB_N_LH|YH103A,2.14062,1.3863595,3,2
1NMB_N_LH|YH105F,1.4194101,1.0194665,3,2
1NMB_N_LH|YL32F,0.46632215,0.5710566,3,2
1VFB_AB_C|DB100A,3.005002,0.4263239,3,2
"1VFB_AB_C|DB100A,SC24A",3.369756,1.110625,3,2
1VFB_AB_C|DB54A,0.8151114,0.4907338,3,2
"1VFB_AB_C|DB54A,TC118A",1.2546439,1.1482371,3,2
1VFB_AB_C|DB58A,-0.20700333,0.61209095,3,2
1VFB_AB_C|DB58E,0.078081094,-0.05942379,3,2
1VFB_AB_C|DB58N,-0.12818155,-0.09194307,3,2
1VFB_AB_C|DC119A,0.9530879,1.7374926,3,2
1VFB_AB_C|DC18A,0.34013057,1.1775798,3,2
1VFB_AB_C|EB98A,1.1565572,0.86859643,3,2
1VFB_AB_C|GB31A,0.30646533,0.52754676,3,2
1VFB_AB_C|GB31E,-0.5097613,0.04620379,3,2
1VFB_AB_C|GB31W,0.0039611305,0.14947301,3,2
1VFB_AB_C|HA30A,0.84488255,0.51698583,3,2
1VFB_AB_C|IC124A,1.2314179,0.51231456,3,2
1VFB_AB_C|KC116A,0.7134504,1.6277611,3,2
1VFB_AB_C|LC129A,0.17154472,0.28244963,3,2
1VFB_AB_C|NA31W,0.17432266,0.08962642,3,2
1VFB_AB_C|NB56A,0.17771798,0.28155917,3,2
1VFB_AB_C|NC19A,0.3960868,0.7204354,3,2
1VFB_AB_C|QC121A,2.876998,0.6385468,3,2
1VFB_AB_C|RB99A,-0.099735305,0.74622977,3,2
1VFB_AB_C|RB99W,0.7049742,-0.029942527,3,2
1VFB_AB_C|RB99Y,1.235379,-0.2836067,3,2
1VFB_AB_C|RC125A,1.8368999,0.90333587,3,2
1VFB_AB_C|SA93A,0.34312394,0.943092,3,2
1VFB_AB_C|SB28D,0.0,-0.138907,3,2
1VFB_AB_C|SB28E,-0.104007296,-0.14704858,3,2
1VFB_AB_C|SB28N,0.14394745,0.070897914,3,2
1VFB_AB_C|SB28Q,0.078081094,0.15986891,3,2
1VFB_AB_C|SC24A,0.850965,0.697939,3,2
1VFB_AB_C|TA52F,0.4708752,-0.07514344,3,2
1VFB_AB_C|TA53R,1.6458516,-0.22222714,3,2
1VFB_AB_C|TB30A,-0.05584954,-0.010395609,3,2
1VFB_AB_C|TC118A,0.7650957,0.67000395,3,2
1VFB_AB_C|VC120A,0.9169499,0.48593134,3,2
1VFB_AB_C|WA92A,3.037848,0.68626815,3,2
"1VFB_AB_C|WA92A,IC124A",3.8503337,0.8839214,3,2
"1VFB_AB_C|WA92A,LC129A",3.3073628,0.702263,3,2
"1VFB_AB_C|WA92A,QC121A",3.5189366,1.1272893,3,2
"1VFB_AB_C|WA92A,RC125A",3.3932896,0.96844393,3,2
1VFB_AB_C|WB52A,0.6406274,1.5712044,3,2
"1VFB_AB_C|WB52A,DC119A",2.2473724,2.9276621,3,2
1VFB_AB_C|YA32A,1.5281335,1.6149604,3,2
"1VFB_AB_C|YA32A,IC124A",2.9057157,1.4651767,3,2
"1VFB_AB_C|YA32A,QC121A",1.586041,1.8806199,3,2
1VFB_AB_C|YA49A,0.79754156,1.2915164,3,2
1VFB_AB_C|YA50A,0.456086,1.1831604,3,2
"1VFB_AB_C|YA50A,DC119A",1.2314179,2.8097382,3,2
"1VFB_AB_C|YA50A,DC18A",1.265924,2.5161147,3,2
1VFB_AB_C|YA50K,1.7156012,1.2781775,3,2
1VFB_AB_C|YA50R,0.8443241,0.6780401,3,2
1VFB_AB_C|YB101F,1.2695644,1.9909604,3,2
"1VFB_AB_C|YB101F,DC119A",2.736521,3.7805097,3,2
"1VFB_AB_C|YB101F,VC120A",2.5384777,2.4906738,3,2
1VFB_AB_C|YB32A,0.7916793,1.3069991,3,2
"1VFB_AB_C|YB32A,KC116A",1.586041,2.0336688,3,2
1VFB_AB_C|YB32E,1.9021881,0.86966056,3,2
1VFB_AB_C|YC23A,0.41047263,0.97481954,3,2
1XGP_AB_C|AB33F,-4.0,-2.5757692,3,2
1XGP_AB_C|AB33I,-2.260207,-1.2010878,3,2
1XGP_AB_C|AB33L,-2.1988916,-1.2746283,3,2
1XGP_AB_C|AB33V,-1.1525793,-0.7525434,3,2
2JEL_LH_P|AP82S,0.0,-0.16595389,3,2
2JEL_LH_P|DP69E,0.9530879,0.5842248,3,2
2JEL_LH_P|EP5D,0.41047263,-0.5366051,3,2
2JEL_LH_P|EP5Q,0.7129768,-0.19842477,3,2
2JEL_LH_P|EP68A,0.41047263,0.47106785,3,2
2JEL_LH_P|EP75R,2.727121,0.7314318,3,2
2JEL_LH_P|EP83A,0.0,0.22854777,3,2
2JEL_LH_P|EP85A,0.0,0.65788144,3,2
2JEL_LH_P|EP85D,0.0,-0.19257523,3,2
2JEL_LH_P|EP85K,0.0,0.2654841,3,2
2JEL_LH_P|EP85Q,0.0,0.08118713,3,2
2JEL_LH_P|FP2W,2.6191528,0.8125825,3,2
2JEL_LH_P|FP2Y,0.0,-0.10930134,3,2
2JEL_LH_P|HP76A,-0.41047263,0.7100764,3,2
2JEL_LH_P|HP76D,-0.65058374,0.15458238,3,2
2JEL_LH_P|KP24E,0.0,1.3156619,3,2
2JEL_LH_P|KP27E,0.0,1.4855663,3,2
2JEL_LH_P|KP72E,0.41047263,0.30698663,3,2
2JEL_LH_P|KP72R,0.0,0.3730706,3,2
2JEL_LH_P|KP79E,0.41047263,0.5433707,3,2
2JEL_LH_P|NP12D,0.0,-0.3760448,3,2
2JEL_LH_P|NP38T,0.0,0.28638262,3,2
2JEL_LH_P|PP11E,0.0,-0.14105813,3,2
2JEL_LH_P|QP3K,4.0,0.2447472,3,2
2JEL_LH_P|QP4K,1.3635606,0.14570966,3,2
2JEL_LH_P|QP57E,-0.41047263,0.0791707,3,2
2JEL_LH_P|QP71E,2.727121,0.45961457,3,2
2JEL_LH_P|RP17G,0.0,0.7405797,3,2
2JEL_LH_P|RP17K,0.0,0.06733796,3,2
2JEL_LH_P|SP41C,1.4957032,0.9173331,3,2
2JEL_LH_P|SP43C,0.0,0.49952477,3,2
2JEL_LH_P|SP46C,0.0,0.7391035,3,2
2JEL_LH_P|SP64T,4.0,0.17787221,3,2
2JEL_LH_P|TP34Q,0.0,0.2130994,3,2
2JEL_LH_P|TP36Q,0.41047263,-0.011083379,3,2
2JEL_LH_P|TP62A,0.0,0.27458268,3,2
2JEL_LH_P|TP62N,0.0,0.5994427,3,2
2JEL_LH_P|TP7N,0.41047263,0.70758194,3,2
2JEL_LH_P|TP7S,0.0,0.43439627,3,2
2JEL_LH_P|VP6F,0.0,-0.09024702,3,2
"2NY7_HL_G|CG27I,CG226Q",0.19971907,-1.4814352,3,2
"2NY7_HL_G|CG27I,CG226Q,MG231A",0.20319231,-1.3193922,3,2
"2NY7_HL_G|GG229C,MG231A",-0.37879732,0.15060881,3,2
"2NY7_HL_G|GG229C,WG13M,MG231A,CG14W,CG110V,CG27I,CG226Q",0.21462485,-2.9687955,3,2
"2NY7_HL_G|KG66C,EG102C,CG27I,CG226Q",0.04085667,-0.96824026,3,2
"2NY7_HL_G|KG66C,EG102C,WG13M,MG231A,CG14W,CG110V,CG27I,CG226Q",0.3998023,-1.8159189,3,2
"2NY7_HL_G|KG66C,EG103C,WG13M,MG231A,CG14W,CG110V,CG27I,CG226Q",0.29989544,-2.0287514,3,2
"2NY7_HL_G|WG13M,MG231A,CG14W,CG110V",1.1574335,-0.6804818,3,2
"2NY7_HL_G|WG13M,MG231A,CG14W,CG110V,CG27I,CG226Q",0.44904727,-2.3779216,3,2
"2NY7_HL_G|WG13M,MG231A,CG14W,CG110V,KG66C,EG102C",0.55101526,0.021736775,3,2
"2NY7_HL_G|WG13M,SG92T,WG181S,MG231A,CG14W,CG110V,CG27I,CG226Q",-0.3035898,-2.5495849,3,2
3BN9_B_CD|DB214A,0.5662115,0.85377336,3,2
3BN9_B_CD|DB46A,0.42238826,0.72800905,3,2
3BN9_B_CD|DB47A,0.31110755,0.45673615,3,2
3BN9_B_CD|EB163A,0.37321588,0.22177194,3,2
3BN9_B_CD|FB50A,-0.044997852,1.0638816,3,2
3BN9_B_CD|FB89A,0.6392419,1.7269849,3,2
3BN9_B_CD|HB138A,0.085063316,0.17509319,3,2
3BN9_B_CD|IB26A,0.0,0.77567065,3,2
3BN9_B_CD|IB45A,0.8352155,0.54861486,3,2
3BN9_B_CD|KB221A,0.7849689,0.7296529,3,2
3BN9_B_CD|LB147A,0.33619216,0.34369093,3,2
3BN9_B_CD|NB90A,0.7733444,0.74075973,3,2
3BN9_B_CD|PD104H,2.4272547,-0.35037827,3,2
3BN9_B_CD|QB140A,0.1331048,0.2683342,3,2
3BN9_B_CD|QB168A,-0.03469869,0.25040203,3,2
3BN9_B_CD|QB169A,2.5089848,0.85033524,3,2
3BN9_B_CD|QB218A,0.70571065,0.29344547,3,2
3BN9_B_CD|QB23A,-0.41530684,0.45662445,3,2
3BN9_B_CD|QD105V,1.2241027,-0.123804584,3,2
3BN9_B_CD|RB219A,-0.093698174,-0.020964548,3,2
3BN9_B_CD|RB48A,-0.044997852,0.76490355,3,2
3BN9_B_CD|RB51A,-0.07155777,0.87094295,3,2
3BN9_B_CD|RB82A,-0.15923285,0.44699407,3,2
3BN9_B_CD|SD30G,1.1861069,0.35068327,3,2
3BN9_B_CD|SD30N,1.145505,0.31268382,3,2
3BN9_B_CD|TB144A,0.2908351,0.3844508,3,2
3BN9_B_CD|TB93A,1.1320528,0.7936852,3,2
3BN9_B_CD|TD102Q,-0.02153644,-0.3504215,3,2
3BN9_B_CD|TD102R,-0.058294915,-0.48397684,3,2
3BN9_B_CD|TD28R,0.33290586,0.15823284,3,2
3BN9_B_CD|YB141A,1.0846525,0.9470767,3,2
3BN9_B_CD|YB52A,0.018951595,0.86902297,3,2
3BN9_B_CD|YD103S,0.45868576,1.3236024,3,2
4GXU_ABCDEF_MN|DA189E,2.1650882,1.2495025,3,2
"4GXU_ABCDEF_MN|DA189E,DA224G",3.0102077,2.1592152,3,2
4GXU_ABCDEF_MN|DA224G,1.9608781,0.9200108,3,2
"1JRH_LH_I|AI49S,II51T,HI55D",0.070675574,-0.036767125,4,0
"1JRH_LH_I|AI85D,KI88R,EI90K",-0.047747865,-0.531543,4,0
"1JRH_LH_I|AI93L,VI94M",0.63366294,0.1605491,4,0
1JRH_LH_I|DH56A,1.8860998,1.8870058,4,0
1JRH_LH_I|DH57A,1.6660647,0.55946314,4,0
1JRH_LH_I|DH58A,1.8546488,0.66417086,4,0
1JRH_LH_I|DL28A,0.43464687,1.5241009,4,0
1JRH_LH_I|EI35Q,0.09956847,-0.8121028,4,0
1JRH_LH_I|EI45A,-0.5657849,0.24695751,4,0
1JRH_LH_I|EI45P,-3.7881775,-0.062613115,4,0
"1JRH_LH_I|EI45P,II47L",-3.4567804,0.75389934,4,0
"1JRH_LH_I|EI45P,II47R",-3.4400978,-0.12172942,4,0
1JRH_LH_I|EL27A,0.5426153,1.37524,4,0
1JRH_LH_I|FH103A,0.0,-0.12339031,4,0
1JRH_LH_I|GI40A,4.0,0.9920243,4,0
1JRH_LH_I|HH107A,1.6977708,0.7166662,4,0
"1JRH_LH_I|II25N,PI27S,VI29T,VI31I",0.14370596,-0.42605123,4,0
1JRH_LH_I|KI37A,3.713863,0.8688445,4,0
1JRH_LH_I|KI37M,3.2923293,0.83209074,4,0
1JRH_LH_I|KI42A,3.3858175,0.97897804,4,0
1JRH_LH_I|KI42M,4.0,0.35354522,4,0
1JRH_LH_I|KI88A,0.31209365,0.41591927,4,0
"1JRH_LH_I|MI15L,II18V",-0.21360606,1.1272967,4,0
1JRH_LH_I|NI38A,0.1704579,0.19251075,4,0
1JRH_LH_I|NI38Q,0.5344714,-0.6545421,4,0
1JRH_LH_I|NI43A,4.0,0.8596425,4,0
1JRH_LH_I|NI69A,-0.19953421,0.019975483,4,0
1JRH_LH_I|RH100A,0.5426153,2.0939457,4,0
1JRH_LH_I|RI74A,0.3926171,1.3633595,4,0
1JRH_LH_I|SI44A,0.37771076,0.9709048,4,0
"1JRH_LH_I|SI44G,EI45G,II47R",-3.3777049,-0.27801326,4,0
"1JRH_LH_I|SI44G,EI45P,II47K",-3.884419,-0.61869156,4,0
"1JRH_LH_I|SI61Y,DI62E,HI63Q,VI64I,GI65M,DI66Y,SI68D,NI69V,LI71A",2.9588323,-0.507483,4,0
1JRH_LH_I|SL93A,-0.65058374,0.46673444,4,0
1JRH_LH_I|TI4V,-0.025565991,0.35906354,4,0
"1JRH_LH_I|TI9L,EI11K",-0.025565991,-0.24473628,4,0
1JRH_LH_I|TL94A,0.38526937,0.25005624,4,0
1JRH_LH_I|VI41A,1.6791569,0.42860016,4,0
"1JRH_LH_I|VI73A,RI78K",-0.21360606,-0.4149803,4,0
1JRH_LH_I|WH54A,2.6862645,2.7779903,4,0
1JRH_LH_I|WH55A,2.4213178,1.5374788,4,0
1JRH_LH_I|WI46F,-0.25261214,0.3072229,4,0
1JRH_LH_I|WI46Y,0.29852974,0.15884593,4,0
1JRH_LH_I|WI72A,4.0,1.5892514,4,0
1JRH_LH_I|WI72F,1.102707,0.21252474,4,0
1JRH_LH_I|WI72Y,1.1878273,-0.14315312,4,0
1JRH_LH_I|WL92A,2.818407,0.2951728,4,0
1JRH_LH_I|WL95A,1.6660647,0.7599443,4,0
1JRH_LH_I|YH104A,1.0610564,1.4212345,4,0
1JRH_LH_I|YH32A,1.4333102,1.4644421,4,0
1JRH_LH_I|YH60A,1.2555921,1.5887905,4,0
1JRH_LH_I|YI39A,3.5271235,1.7118455,4,0
1JRH_LH_I|YI39F,0.9087807,0.7060536,4,0
1JRH_LH_I|YL30A,1.1084566,1.2380812,4,0
1JRH_LH_I|YL91A,0.58083415,2.1476145,4,0
1KIQ_AB_C|FB101Y,-2.4949589,-1.2537245,4,0
1XGR_AB_C|IB33A,2.260207,1.8551847,4,0
1XGR_AB_C|IB33F,-1.8004549,-1.5591666,4,0
1XGR_AB_C|IB33L,0.061315425,0.40091014,4,0
1XGR_AB_C|IB33V,1.1076277,0.59936404,4,0
2BDN_HL_A|DH31E,1.0852306,0.28997937,4,0
2BDN_HL_A|LH27K,0.8740124,0.025861502,4,0
2BDN_HL_A|LH27R,0.65058374,-0.15875816,4,0
2BDN_HL_A|NH28D,0.13214268,-0.5620415,4,0
2BDN_HL_A|NH28Q,1.3994616,0.15209684,4,0
2BDN_HL_A|NL31K,3.4897714,0.68525887,4,0
2BDN_HL_A|NL31R,-0.9171868,0.4369568,4,0
2BDN_HL_A|SL53D,-0.1605731,-0.55716074,4,0
2BDN_HL_A|SL53E,-0.85132045,-0.41671553,4,0
2BDN_HL_A|TL56D,-0.4254655,-0.22453092,4,0
2BDN_HL_A|TL56E,-0.6888026,-0.08725084,4,0
2BDN_HL_A|YL30K,0.67475796,0.7331184,4,0
2NYY_DC_A|DA1030A,0.009336901,0.91173196,4,0
2NYY_DC_A|DA1034A,2.5297937,1.3672178,4,0
2NYY_DC_A|DC30Y,0.64113563,-0.18798582,4,0
2NYY_DC_A|EA892A,2.839132,0.731334,4,0
2NYY_DC_A|ED5Q,-0.2479871,-0.36093655,4,0
2NYY_DC_A|FA889A,0.4193659,1.2885903,4,0
2NYY_DC_A|FA925A,4.0,1.1826426,4,0
2NYY_DC_A|HA1036A,4.0,1.1803718,4,0
2NYY_DC_A|HC34R,0.10088469,-0.45751965,4,0
2NYY_DC_A|IA928A,-0.009487502,0.67099404,4,0
2NYY_DC_A|KA1028A,-0.028934313,0.5700309,4,0
2NYY_DC_A|KA875A,0.29098648,1.0445329,4,0
2NYY_DC_A|KA895A,-0.14014584,0.6501044,4,0
2NYY_DC_A|KD29R,0.071385965,-0.11180674,4,0
"2NYY_DC_A|KD29S,YD30D,DD31H,SD60P",0.04961051,0.7601787,4,0
2NYY_DC_A|LA891A,2.5892105,-0.811679,4,0
2NYY_DC_A|MD33Q,-0.059869844,-0.23660524,4,0
2NYY_DC_A|NA890A,0.89044046,-0.221938,4,0
2NYY_DC_A|NA926A,0.09934822,-0.44843575,4,0
2NYY_DC_A|QA887A,0.5208145,0.013722964,4,0
2NYY_DC_A|RA1033A,0.82012254,0.8443284,4,0
2NYY_DC_A|RA1266A,0.2995321,1.0431358,4,0
2NYY_DC_A|SA874A,-0.23032175,0.51069415,4,0
2NYY_DC_A|SA927A,0.0,0.8160237,4,0
2NYY_DC_A|SC28Q,0.4133828,0.013520792,4,0
2NYY_DC_A|SC31N,-0.35338265,0.5061929,4,0
2NYY_DC_A|TA1035A,1.630871,0.85165334,4,0
2NYY_DC_A|VD36I,-0.21317148,0.28823027,4,0
"2NYY_DC_A|VD36I,ED5Q",-0.0490461,-0.04258401,4,0
2NYY_DC_A|YD30D,0.06462482,0.7424134,4,0
2NYY_DC_A|YD30Q,0.12897444,0.6681833,4,0
2NYY_DC_A|YD56Q,0.5196862,0.62726116,4,0
2NZ9_DC_A|DA1030A,-0.031082604,1.0238271,4,0
2NZ9_DC_A|DA1034A,2.3396032,1.1800618,4,0
2NZ9_DC_A|EA892A,2.77036,0.8954947,4,0
2NZ9_DC_A|FA889A,-0.04961051,1.2033907,4,0
2NZ9_DC_A|FA925A,3.340439,1.1612985,4,0
2NZ9_DC_A|HA1036A,4.0,1.1384996,4,0
2NZ9_DC_A|IA928A,0.069281444,0.736447,4,0
2NZ9_DC_A|KA1028A,-0.008714417,0.6074412,4,0
2NZ9_DC_A|KA875A,0.5407011,0.97797847,4,0
2NZ9_DC_A|KA895A,-0.29975358,0.8127912,4,0
2NZ9_DC_A|LA891A,2.279965,-0.7579708,4,0
2NZ9_DC_A|NA890A,2.1600318,-0.25037175,4,0
2NZ9_DC_A|NA926A,-0.15216734,-0.4848143,4,0
2NZ9_DC_A|QA887A,0.09926054,0.025405996,4,0
2NZ9_DC_A|RA1033A,0.29088098,0.8380723,4,0
2NZ9_DC_A|RA1266A,0.39015788,0.86867297,4,0
2NZ9_DC_A|SA874A,-0.11948046,0.34292233,4,0
2NZ9_DC_A|SA927A,-0.078544825,0.9191476,4,0
"2NZ9_DC_A|SD29K,DD30Y,HD31D",-0.04961051,-0.34623098,4,0
2NZ9_DC_A|TA1035A,2.3703818,0.93671954,4,0
2VIS_AB_C|IC89T,-4.0,-1.6084454,4,0
"3BE1_HL_A|DL28N,PL30A,RL31K,SL32T,TL97S,TL98S",-0.6860794,-1.094276,4,0
"3BE1_HL_A|DL28N,PL30A,RL31K,SL32T,TL97S,TL98S,KH30S,DH31G,TH54S,NH55E,GH100V,DH102V",-2.7728782,-2.4220986,4,0
"3BE1_HL_A|DL28N,PL30A,RL31K,SL32T,TL97S,TL98S,KH30S,DH31G,TH54S,NH55E,GH100V,DH102V,YL36A",-3.190238,-0.959787,4,0
"3BE1_HL_A|DL28N,PL30A,RL31K,SL32T,TL97S,TL98S,KH30S,DH31G,TH54S,NH55E,GH100V,DH102V,YL36A,IL33A",-2.7728782,-0.9811578,4,0
"3BE1_HL_A|DL28N,PL30A,RL31K,SL32T,YL57F,TL97S,TL98S",-0.8683455,-0.91783524,4,0
"3BE1_HL_A|DL28N,PL30A,RL31K,SL32T,YL57F,TL97S,TL98S,KH30S,DH31G,TH54S,NH55E,GH100V,DH102V",-2.8824897,-2.3306115,4,0
3LZF_AB_HL|DA187E,0.49836498,0.28535676,4,0
"3LZF_AB_HL|DA187E,DA222G",0.12738612,0.5195863,4,0
3LZF_AB_HL|DA222G,0.5378587,0.15340184,4,0
3NGB_HL_G|AH57G,-0.056030333,-0.74888885,4,0
"3NGB_HL_G|AH57G,VH58T,PH63K,VH74T",1.6734211,-0.20332558,4,0
"3NGB_HL_G|CH32S,CH102A",0.25899792,0.16387385,4,0
3NGB_HL_G|DH103A,0.05987142,0.026425734,4,0
3NGB_HL_G|EL88A,1.3199503,0.23876894,4,0
3NGB_HL_G|FL89A,0.85886127,0.3058733,4,0
3NGB_HL_G|GH55A,-1.2766591,0.43889037,4,0
3NGB_HL_G|GH55S,0.74304354,0.3221795,4,0
3NGB_HL_G|GH56A,1.2656107,0.62421787,4,0
3NGB_HL_G|IH30A,-0.0027431613,0.24692193,4,0
3NGB_HL_G|IH30T,0.0733938,-0.2149933,4,0
"3NGB_HL_G|IH30T,KH52N,RH54N,GH55S,AH57G,VH58T,RH62Q,PH63K,VH74T,YH75S,YL26S",0.86214453,-0.8790716,4,0
3NGB_HL_G|KH52A,0.62288266,1.5163198,4,0
3NGB_HL_G|KH52N,0.17497002,0.07335168,4,0
3NGB_HL_G|MH70A,0.5305512,0.08874418,4,0
3NGB_HL_G|NH105A,1.1185741,0.38804045,4,0
3NGB_HL_G|NH59A,1.7671243,1.9920827,4,0
3NGB_HL_G|PH63A,-0.04252045,-0.10090281,4,0
3NGB_HL_G|PH63K,0.23252328,-0.21366358,4,0
3NGB_HL_G|QH65A,-0.34038836,0.7166052,4,0
3NGB_HL_G|QL25A,-0.23060839,0.36400938,4,0
3NGB_HL_G|RH54A,-0.25938424,0.5930295,4,0
3NGB_HL_G|RH54N,0.04645046,0.09010044,4,0
3NGB_HL_G|RH62A,0.9958448,0.6670681,4,0
3NGB_HL_G|RH62Q,0.09654992,0.037487507,4,0
3NGB_HL_G|RH72A,1.6432176,1.8148404,4,0
3NGB_HL_G|SL28A,-0.14471176,1.0541917,4,0
3NGB_HL_G|TH33A,0.7071634,1.7437273,4,0
3NGB_HL_G|TH33Y,0.084193856,-1.175043,4,0
"3NGB_HL_G|TH33Y,GH56S,AH57G,VH58T,PH63K,VH74T,YH75S",1.9381938,-0.46980998,4,0
3NGB_HL_G|VH58A,1.3584284,1.3408151,4,0
3NGB_HL_G|VH58T,0.13787223,0.057938397,4,0
3NGB_HL_G|VH74A,1.087914,0.42748106,4,0
3NGB_HL_G|VH74T,0.16493925,-0.25375915,4,0
3NGB_HL_G|VL1A,-0.7733632,-0.06668325,4,0
3NGB_HL_G|WH106A,4.0,0.5518627,4,0
3NGB_HL_G|WH47A,1.2021707,1.2603439,4,0
3NGB_HL_G|WH50A,1.2917941,2.0947735,4,0
3NGB_HL_G|YH104A,1.4235861,1.082828,4,0
3NGB_HL_G|YH60A,0.5484263,0.7780367,4,0
3NGB_HL_G|YH75A,-0.19932224,0.77395713,4,0
3NGB_HL_G|YH75S,0.3325709,0.56806254,4,0
3NGB_HL_G|YL26A,0.98528093,0.92792976,4,0
3NGB_HL_G|YL26S,0.6512687,0.51087797,4,0
3NGB_HL_G|YL87A,2.0227883,1.4965987,4,0
4JPK_HL_A|DA141R,3.857323,0.65915954,4,0
"4JPK_HL_A|DA159N,DA33N",0.6189681,2.0310142,4,0
4JPK_HL_A|FA144I,1.3875175,0.9179292,4,0
4JPK_HL_A|FA63L,1.1672868,1.3605096,4,0
4JPK_HL_A|RA130K,0.23006605,-0.41932204,4,0
4JPK_HL_A|RA81T,0.75870305,0.2937657,4,0
4JPK_HL_A|SA41G,2.151695,0.48623094,4,0
4JPK_HL_A|TA35S,-0.032093357,0.12652591,4,0
4JPK_HL_A|VA30N,0.59459484,0.21797284,4,0
"1JRH_LH_I|AI49S,II51T,HI55D",0.070675574,0.07283074,4,1
"1JRH_LH_I|AI85D,KI88R,EI90K",-0.047747865,-0.04431063,4,1
"1JRH_LH_I|AI93L,VI94M",0.63366294,-0.055592656,4,1
1JRH_LH_I|DH56A,1.8860998,2.7440023,4,1
1JRH_LH_I|DH57A,1.6660647,0.8988467,4,1
1JRH_LH_I|DH58A,1.8546488,1.4385147,4,1
1JRH_LH_I|DL28A,0.43464687,1.2516398,4,1
1JRH_LH_I|EI35Q,0.09956847,-0.12124537,4,1
1JRH_LH_I|EI45A,-0.5657849,0.60660267,4,1
1JRH_LH_I|EI45P,-3.7881775,0.2979641,4,1
"1JRH_LH_I|EI45P,II47L",-3.4567804,0.65434265,4,1
"1JRH_LH_I|EI45P,II47R",-3.4400978,0.5827824,4,1
1JRH_LH_I|EL27A,0.5426153,1.7447078,4,1
1JRH_LH_I|FH103A,0.0,0.32656693,4,1
1JRH_LH_I|GI40A,4.0,0.43110746,4,1
1JRH_LH_I|HH107A,1.6977708,0.6104262,4,1
"1JRH_LH_I|II25N,PI27S,VI29T,VI31I",0.14370596,-0.48917705,4,1
1JRH_LH_I|KI37A,3.713863,0.7400165,4,1
1JRH_LH_I|KI37M,3.2923293,0.23347506,4,1
1JRH_LH_I|KI42A,3.3858175,0.33783716,4,1
1JRH_LH_I|KI42M,4.0,-0.16745257,4,1
1JRH_LH_I|KI88A,0.31209365,0.21128376,4,1
"1JRH_LH_I|MI15L,II18V",-0.21360606,0.5193312,4,1
1JRH_LH_I|NI38A,0.1704579,0.4006865,4,1
1JRH_LH_I|NI38Q,0.5344714,-0.58251125,4,1
1JRH_LH_I|NI43A,4.0,0.795448,4,1
1JRH_LH_I|NI69A,-0.19953421,0.25475156,4,1
1JRH_LH_I|RH100A,0.5426153,1.5422969,4,1
1JRH_LH_I|RI74A,0.3926171,1.3434825,4,1
1JRH_LH_I|SI44A,0.37771076,1.2098734,4,1
"1JRH_LH_I|SI44G,EI45G,II47R",-3.3777049,0.7726224,4,1
"1JRH_LH_I|SI44G,EI45P,II47K",-3.884419,0.5228845,4,1
"1JRH_LH_I|SI61Y,DI62E,HI63Q,VI64I,GI65M,DI66Y,SI68D,NI69V,LI71A",2.9588323,-0.18270254,4,1
1JRH_LH_I|SL93A,-0.65058374,0.32267445,4,1
1JRH_LH_I|TI4V,-0.025565991,-0.0082107335,4,1
"1JRH_LH_I|TI9L,EI11K",-0.025565991,0.6274244,4,1
1JRH_LH_I|TL94A,0.38526937,0.5522955,4,1
1JRH_LH_I|VI41A,1.6791569,0.07646316,4,1
"1JRH_LH_I|VI73A,RI78K",-0.21360606,0.051172104,4,1
1JRH_LH_I|WH54A,2.6862645,3.1712625,4,1
1JRH_LH_I|WH55A,2.4213178,1.9840124,4,1
1JRH_LH_I|WI46F,-0.25261214,0.30417997,4,1
1JRH_LH_I|WI46Y,0.29852974,0.03249278,4,1
1JRH_LH_I|WI72A,4.0,1.7817407,4,1
1JRH_LH_I|WI72F,1.102707,0.24991006,4,1
1JRH_LH_I|WI72Y,1.1878273,-0.35231385,4,1
1JRH_LH_I|WL92A,2.818407,1.4001625,4,1
1JRH_LH_I|WL95A,1.6660647,0.58229196,4,1
1JRH_LH_I|YH104A,1.0610564,1.3344965,4,1
1JRH_LH_I|YH32A,1.4333102,1.0655203,4,1
1JRH_LH_I|YH60A,1.2555921,2.4896054,4,1
1JRH_LH_I|YI39A,3.5271235,1.9622803,4,1
1JRH_LH_I|YI39F,0.9087807,0.8864394,4,1
1JRH_LH_I|YL30A,1.1084566,1.6112671,4,1
1JRH_LH_I|YL91A,0.58083415,2.5001292,4,1
1KIQ_AB_C|FB101Y,-2.4949589,-0.74077964,4,1
1XGR_AB_C|IB33A,2.260207,3.0405502,4,1
1XGR_AB_C|IB33F,-1.8004549,-0.5075354,4,1
1XGR_AB_C|IB33L,0.061315425,0.3770763,4,1
1XGR_AB_C|IB33V,1.1076277,1.7262826,4,1
2BDN_HL_A|DH31E,1.0852306,0.20240842,4,1
2BDN_HL_A|LH27K,0.8740124,0.42423812,4,1
2BDN_HL_A|LH27R,0.65058374,0.34068716,4,1
2BDN_HL_A|NH28D,0.13214268,-0.52604795,4,1
2BDN_HL_A|NH28Q,1.3994616,0.08312156,4,1
2BDN_HL_A|NL31K,3.4897714,0.18886177,4,1
2BDN_HL_A|NL31R,-0.9171868,0.20541601,4,1
2BDN_HL_A|SL53D,-0.1605731,-0.7050004,4,1
2BDN_HL_A|SL53E,-0.85132045,-0.32181472,4,1
2BDN_HL_A|TL56D,-0.4254655,-0.38551387,4,1
2BDN_HL_A|TL56E,-0.6888026,-0.29697248,4,1
2BDN_HL_A|YL30K,0.67475796,0.90668625,4,1
2NYY_DC_A|DA1030A,0.009336901,0.94802535,4,1
2NYY_DC_A|DA1034A,2.5297937,1.3950603,4,1
2NYY_DC_A|DC30Y,0.64113563,0.4971567,4,1
2NYY_DC_A|EA892A,2.839132,0.69753295,4,1
2NYY_DC_A|ED5Q,-0.2479871,0.14591718,4,1
2NYY_DC_A|FA889A,0.4193659,1.3779447,4,1
2NYY_DC_A|FA925A,4.0,1.1835666,4,1
2NYY_DC_A|HA1036A,4.0,1.8240991,4,1
2NYY_DC_A|HC34R,0.10088469,-0.031255737,4,1
2NYY_DC_A|IA928A,-0.009487502,0.74655306,4,1
2NYY_DC_A|KA1028A,-0.028934313,0.39083713,4,1
2NYY_DC_A|KA875A,0.29098648,0.53115416,4,1
2NYY_DC_A|KA895A,-0.14014584,0.6727111,4,1
2NYY_DC_A|KD29R,0.071385965,-0.106178015,4,1
"2NYY_DC_A|KD29S,YD30D,DD31H,SD60P",0.04961051,0.3112626,4,1
2NYY_DC_A|LA891A,2.5892105,0.22276148,4,1
2NYY_DC_A|MD33Q,-0.059869844,0.25217804,4,1
2NYY_DC_A|NA890A,0.89044046,0.38777265,4,1
2NYY_DC_A|NA926A,0.09934822,0.35340443,4,1
2NYY_DC_A|QA887A,0.5208145,0.94960374,4,1
2NYY_DC_A|RA1033A,0.82012254,0.43701625,4,1
2NYY_DC_A|RA1266A,0.2995321,0.30893934,4,1
2NYY_DC_A|SA874A,-0.23032175,0.50761986,4,1
2NYY_DC_A|SA927A,0.0,0.76584184,4,1
2NYY_DC_A|SC28Q,0.4133828,0.34678987,4,1
2NYY_DC_A|SC31N,-0.35338265,0.079886734,4,1
2NYY_DC_A|TA1035A,1.630871,0.14117603,4,1
2NYY_DC_A|VD36I,-0.21317148,-0.16927385,4,1
"2NYY_DC_A|VD36I,ED5Q",-0.0490461,0.037763696,4,1
2NYY_DC_A|YD30D,0.06462482,0.08409281,4,1
2NYY_DC_A|YD30Q,0.12897444,0.81345695,4,1
2NYY_DC_A|YD56Q,0.5196862,0.66742784,4,1
2NZ9_DC_A|DA1030A,-0.031082604,0.99875736,4,1
2NZ9_DC_A|DA1034A,2.3396032,1.2470224,4,1
2NZ9_DC_A|EA892A,2.77036,0.8684149,4,1
2NZ9_DC_A|FA889A,-0.04961051,1.2867072,4,1
2NZ9_DC_A|FA925A,3.340439,1.0848086,4,1
2NZ9_DC_A|HA1036A,4.0,1.5238416,4,1
2NZ9_DC_A|IA928A,0.069281444,0.5314019,4,1
2NZ9_DC_A|KA1028A,-0.008714417,0.3747779,4,1
2NZ9_DC_A|KA875A,0.5407011,0.41941953,4,1
2NZ9_DC_A|KA895A,-0.29975358,0.66342163,4,1
2NZ9_DC_A|LA891A,2.279965,0.250817,4,1
2NZ9_DC_A|NA890A,2.1600318,0.37619698,4,1
2NZ9_DC_A|NA926A,-0.15216734,0.27194744,4,1
2NZ9_DC_A|QA887A,0.09926054,0.9920022,4,1
2NZ9_DC_A|RA1033A,0.29088098,0.48615098,4,1
2NZ9_DC_A|RA1266A,0.39015788,0.28520206,4,1
2NZ9_DC_A|SA874A,-0.11948046,0.45540544,4,1
2NZ9_DC_A|SA927A,-0.078544825,0.7107382,4,1
"2NZ9_DC_A|SD29K,DD30Y,HD31D",-0.04961051,-0.11069873,4,1
2NZ9_DC_A|TA1035A,2.3703818,0.20181742,4,1
2VIS_AB_C|IC89T,-4.0,-0.10376643,4,1
"3BE1_HL_A|DL28N,PL30A,RL31K,SL32T,TL97S,TL98S",-0.6860794,-0.26353976,4,1
"3BE1_HL_A|DL28N,PL30A,RL31K,SL32T,TL97S,TL98S,KH30S,DH31G,TH54S,NH55E,GH100V,DH102V",-2.7728782,-1.7603033,4,1
"3BE1_HL_A|DL28N,PL30A,RL31K,SL32T,TL97S,TL98S,KH30S,DH31G,TH54S,NH55E,GH100V,DH102V,YL36A",-3.190238,-0.6617252,4,1
"3BE1_HL_A|DL28N,PL30A,RL31K,SL32T,TL97S,TL98S,KH30S,DH31G,TH54S,NH55E,GH100V,DH102V,YL36A,IL33A",-2.7728782,0.013810724,4,1
"3BE1_HL_A|DL28N,PL30A,RL31K,SL32T,YL57F,TL97S,TL98S",-0.8683455,-0.28287596,4,1
"3BE1_HL_A|DL28N,PL30A,RL31K,SL32T,YL57F,TL97S,TL98S,KH30S,DH31G,TH54S,NH55E,GH100V,DH102V",-2.8824897,-1.8215642,4,1
3LZF_AB_HL|DA187E,0.49836498,0.29246813,4,1
"3LZF_AB_HL|DA187E,DA222G",0.12738612,0.8585284,4,1
3LZF_AB_HL|DA222G,0.5378587,0.14106414,4,1
3NGB_HL_G|AH57G,-0.056030333,-0.88011247,4,1
"3NGB_HL_G|AH57G,VH58T,PH63K,VH74T",1.6734211,-0.076974764,4,1
"3NGB_HL_G|CH32S,CH102A",0.25899792,0.26127237,4,1
3NGB_HL_G|DH103A,0.05987142,0.26190925,4,1
3NGB_HL_G|EL88A,1.3199503,0.59549415,4,1
3NGB_HL_G|FL89A,0.85886127,1.2128599,4,1
3NGB_HL_G|GH55A,-1.2766591,0.7293263,4,1
3NGB_HL_G|GH55S,0.74304354,0.4163658,4,1
3NGB_HL_G|GH56A,1.2656107,0.7200095,4,1
3NGB_HL_G|IH30A,-0.0027431613,0.77868074,4,1
3NGB_HL_G|IH30T,0.0733938,-0.22884417,4,1
"3NGB_HL_G|IH30T,KH52N,RH54N,GH55S,AH57G,VH58T,RH62Q,PH63K,VH74T,YH75S,YL26S",0.86214453,1.3280869,4,1
3NGB_HL_G|KH52A,0.62288266,0.8253915,4,1
3NGB_HL_G|KH52N,0.17497002,-0.20808151,4,1
3NGB_HL_G|MH70A,0.5305512,1.1566479,4,1
3NGB_HL_G|NH105A,1.1185741,0.023217991,4,1
3NGB_HL_G|NH59A,1.7671243,1.2437172,4,1
3NGB_HL_G|PH63A,-0.04252045,-0.0046206713,4,1
3NGB_HL_G|PH63K,0.23252328,-0.054679647,4,1
3NGB_HL_G|QH65A,-0.34038836,1.2296836,4,1
3NGB_HL_G|QL25A,-0.23060839,0.35456806,4,1
3NGB_HL_G|RH54A,-0.25938424,0.5868095,4,1
3NGB_HL_G|RH54N,0.04645046,0.29999155,4,1
3NGB_HL_G|RH62A,0.9958448,0.23244679,4,1
3NGB_HL_G|RH62Q,0.09654992,-0.19873193,4,1
3NGB_HL_G|RH72A,1.6432176,0.9726498,4,1
3NGB_HL_G|SL28A,-0.14471176,0.64656043,4,1
3NGB_HL_G|TH33A,0.7071634,0.7013366,4,1
3NGB_HL_G|TH33Y,0.084193856,-0.6387469,4,1
"3NGB_HL_G|TH33Y,GH56S,AH57G,VH58T,PH63K,VH74T,YH75S",1.9381938,0.42086875,4,1
3NGB_HL_G|VH58A,1.3584284,0.8230171,4,1
3NGB_HL_G|VH58T,0.13787223,0.17148204,4,1
3NGB_HL_G|VH74A,1.087914,0.6863109,4,1
3NGB_HL_G|VH74T,0.16493925,0.08743126,4,1
3NGB_HL_G|VL1A,-0.7733632,-0.04650025,4,1
3NGB_HL_G|WH106A,4.0,0.5243747,4,1
3NGB_HL_G|WH47A,1.2021707,1.428047,4,1
3NGB_HL_G|WH50A,1.2917941,1.8398244,4,1
3NGB_HL_G|YH104A,1.4235861,0.51508397,4,1
3NGB_HL_G|YH60A,0.5484263,0.83540523,4,1
3NGB_HL_G|YH75A,-0.19932224,0.18254173,4,1
3NGB_HL_G|YH75S,0.3325709,-0.15640825,4,1
3NGB_HL_G|YL26A,0.98528093,0.66510814,4,1
3NGB_HL_G|YL26S,0.6512687,0.13567975,4,1
3NGB_HL_G|YL87A,2.0227883,2.0924802,4,1
4JPK_HL_A|DA141R,3.857323,0.20138684,4,1
"4JPK_HL_A|DA159N,DA33N",0.6189681,0.52167845,4,1
4JPK_HL_A|FA144I,1.3875175,0.6849407,4,1
4JPK_HL_A|FA63L,1.1672868,1.1488745,4,1
4JPK_HL_A|RA130K,0.23006605,-0.2058816,4,1
4JPK_HL_A|RA81T,0.75870305,0.047690038,4,1
4JPK_HL_A|SA41G,2.151695,0.54211545,4,1
4JPK_HL_A|TA35S,-0.032093357,-0.39320472,4,1
4JPK_HL_A|VA30N,0.59459484,0.0012907237,4,1
"1JRH_LH_I|AI49S,II51T,HI55D",0.070675574,-0.17330423,4,2
"1JRH_LH_I|AI85D,KI88R,EI90K",-0.047747865,-0.3742407,4,2
"1JRH_LH_I|AI93L,VI94M",0.63366294,-0.40869892,4,2
1JRH_LH_I|DH56A,1.8860998,0.1501533,4,2
1JRH_LH_I|DH57A,1.6660647,0.13762787,4,2
1JRH_LH_I|DH58A,1.8546488,0.054259352,4,2
1JRH_LH_I|DL28A,0.43464687,0.08533111,4,2
1JRH_LH_I|EI35Q,0.09956847,0.12995806,4,2
1JRH_LH_I|EI45A,-0.5657849,0.20426014,4,2
1JRH_LH_I|EI45P,-3.7881775,-0.0032212548,4,2
"1JRH_LH_I|EI45P,II47L",-3.4567804,0.034557573,4,2
"1JRH_LH_I|EI45P,II47R",-3.4400978,-0.108447656,4,2
1JRH_LH_I|EL27A,0.5426153,0.12099121,4,2
1JRH_LH_I|FH103A,0.0,0.05140732,4,2
1JRH_LH_I|GI40A,4.0,-0.058344036,4,2
1JRH_LH_I|HH107A,1.6977708,0.36017454,4,2
"1JRH_LH_I|II25N,PI27S,VI29T,VI31I",0.14370596,0.10736518,4,2
1JRH_LH_I|KI37A,3.713863,0.1446296,4,2
1JRH_LH_I|KI37M,3.2923293,-0.07845643,4,2
1JRH_LH_I|KI42A,3.3858175,0.027583674,4,2
1JRH_LH_I|KI42M,4.0,-0.2685814,4,2
1JRH_LH_I|KI88A,0.31209365,0.32085347,4,2
"1JRH_LH_I|MI15L,II18V",-0.21360606,0.19095662,4,2
1JRH_LH_I|NI38A,0.1704579,0.21157911,4,2
1JRH_LH_I|NI38Q,0.5344714,0.11262716,4,2
1JRH_LH_I|NI43A,4.0,0.535224,4,2
1JRH_LH_I|NI69A,-0.19953421,0.3869173,4,2
1JRH_LH_I|RH100A,0.5426153,0.2585433,4,2
1JRH_LH_I|RI74A,0.3926171,0.46676105,4,2
1JRH_LH_I|SI44A,0.37771076,0.35168403,4,2
"1JRH_LH_I|SI44G,EI45G,II47R",-3.3777049,0.008316226,4,2
"1JRH_LH_I|SI44G,EI45P,II47K",-3.884419,0.13955918,4,2
"1JRH_LH_I|SI61Y,DI62E,HI63Q,VI64I,GI65M,DI66Y,SI68D,NI69V,LI71A",2.9588323,-0.011267103,4,2
1JRH_LH_I|SL93A,-0.65058374,0.045829076,4,2
1JRH_LH_I|TI4V,-0.025565991,0.044541463,4,2
"1JRH_LH_I|TI9L,EI11K",-0.025565991,-0.12696368,4,2
1JRH_LH_I|TL94A,0.38526937,0.17549585,4,2
1JRH_LH_I|VI41A,1.6791569,0.07133076,4,2
"1JRH_LH_I|VI73A,RI78K",-0.21360606,0.29913524,4,2
1JRH_LH_I|WH54A,2.6862645,0.46051252,4,2
1JRH_LH_I|WH55A,2.4213178,0.2527601,4,2
1JRH_LH_I|WI46F,-0.25261214,0.089258105,4,2
1JRH_LH_I|WI46Y,0.29852974,0.07328225,4,2
1JRH_LH_I|WI72A,4.0,0.62974834,4,2
1JRH_LH_I|WI72F,1.102707,0.30655426,4,2
1JRH_LH_I|WI72Y,1.1878273,0.1848887,4,2
1JRH_LH_I|WL92A,2.818407,0.28465378,4,2
1JRH_LH_I|WL95A,1.6660647,0.1609502,4,2
1JRH_LH_I|YH104A,1.0610564,0.55903983,4,2
1JRH_LH_I|YH32A,1.4333102,0.37801564,4,2
1JRH_LH_I|YH60A,1.2555921,0.4971245,4,2
1JRH_LH_I|YI39A,3.5271235,0.50050193,4,2
1JRH_LH_I|YI39F,0.9087807,0.07796336,4,2
1JRH_LH_I|YL30A,1.1084566,0.45007348,4,2
1JRH_LH_I|YL91A,0.58083415,0.43026048,4,2
1KIQ_AB_C|FB101Y,-2.4949589,-0.25490773,4,2
1XGR_AB_C|IB33A,2.260207,0.20618688,4,2
1XGR_AB_C|IB33F,-1.8004549,-0.149092,4,2
1XGR_AB_C|IB33L,0.061315425,-0.044716813,4,2
1XGR_AB_C|IB33V,1.1076277,0.07399754,4,2
2BDN_HL_A|DH31E,1.0852306,-0.15258381,4,2
2BDN_HL_A|LH27K,0.8740124,-0.22561716,4,2
2BDN_HL_A|LH27R,0.65058374,-0.33142203,4,2
2BDN_HL_A|NH28D,0.13214268,-0.09031959,4,2
2BDN_HL_A|NH28Q,1.3994616,-0.026465729,4,2
2BDN_HL_A|NL31K,3.4897714,-0.023553163,4,2
2BDN_HL_A|NL31R,-0.9171868,-0.09892647,4,2
2BDN_HL_A|SL53D,-0.1605731,-0.395662,4,2
2BDN_HL_A|SL53E,-0.85132045,-0.4220615,4,2
2BDN_HL_A|TL56D,-0.4254655,-0.13495697,4,2
2BDN_HL_A|TL56E,-0.6888026,-0.17325072,4,2
2BDN_HL_A|YL30K,0.67475796,0.4398033,4,2
2NYY_DC_A|DA1030A,0.009336901,0.23736459,4,2
2NYY_DC_A|DA1034A,2.5297937,0.22785513,4,2
2NYY_DC_A|DC30Y,0.64113563,-0.35282946,4,2
2NYY_DC_A|EA892A,2.839132,0.17796978,4,2
2NYY_DC_A|ED5Q,-0.2479871,0.2651018,4,2
2NYY_DC_A|FA889A,0.4193659,0.34905028,4,2
2NYY_DC_A|FA925A,4.0,0.20949613,4,2
2NYY_DC_A|HA1036A,4.0,0.5425523,4,2
2NYY_DC_A|HC34R,0.10088469,-0.172706,4,2
2NYY_DC_A|IA928A,-0.009487502,0.28048742,4,2
2NYY_DC_A|KA1028A,-0.028934313,0.21439986,4,2
2NYY_DC_A|KA875A,0.29098648,0.39257926,4,2
2NYY_DC_A|KA895A,-0.14014584,0.24017757,4,2
2NYY_DC_A|KD29R,0.071385965,-0.1511321,4,2
"2NYY_DC_A|KD29S,YD30D,DD31H,SD60P",0.04961051,0.25220388,4,2
2NYY_DC_A|LA891A,2.5892105,-0.03603653,4,2
2NYY_DC_A|MD33Q,-0.059869844,-0.012037184,4,2
2NYY_DC_A|NA890A,0.89044046,0.1928883,4,2
2NYY_DC_A|NA926A,0.09934822,-0.07797946,4,2
2NYY_DC_A|QA887A,0.5208145,0.50250053,4,2
2NYY_DC_A|RA1033A,0.82012254,0.28365088,4,2
2NYY_DC_A|RA1266A,0.2995321,0.35619366,4,2
2NYY_DC_A|SA874A,-0.23032175,0.33676195,4,2
2NYY_DC_A|SA927A,0.0,0.20199005,4,2
2NYY_DC_A|SC28Q,0.4133828,-0.22569568,4,2
2NYY_DC_A|SC31N,-0.35338265,-0.07083748,4,2
2NYY_DC_A|TA1035A,1.630871,0.10223279,4,2
2NYY_DC_A|VD36I,-0.21317148,0.101250075,4,2
"2NYY_DC_A|VD36I,ED5Q",-0.0490461,0.15083332,4,2
2NYY_DC_A|YD30D,0.06462482,0.31380224,4,2
2NYY_DC_A|YD30Q,0.12897444,0.29179335,4,2
2NYY_DC_A|YD56Q,0.5196862,0.11227214,4,2
2NZ9_DC_A|DA1030A,-0.031082604,0.2050206,4,2
2NZ9_DC_A|DA1034A,2.3396032,0.24344406,4,2
2NZ9_DC_A|EA892A,2.77036,0.21112008,4,2
2NZ9_DC_A|FA889A,-0.04961051,0.302634,4,2
2NZ9_DC_A|FA925A,3.340439,0.18173516,4,2
2NZ9_DC_A|HA1036A,4.0,0.47725993,4,2
2NZ9_DC_A|IA928A,0.069281444,0.29003382,4,2
2NZ9_DC_A|KA1028A,-0.008714417,0.21711533,4,2
2NZ9_DC_A|KA875A,0.5407011,0.39362192,4,2
2NZ9_DC_A|KA895A,-0.29975358,0.2513556,4,2
2NZ9_DC_A|LA891A,2.279965,-0.004476443,4,2
2NZ9_DC_A|NA890A,2.1600318,0.17693724,4,2
2NZ9_DC_A|NA926A,-0.15216734,-0.1114838,4,2
2NZ9_DC_A|QA887A,0.09926054,0.49664414,4,2
2NZ9_DC_A|RA1033A,0.29088098,0.25603402,4,2
2NZ9_DC_A|RA1266A,0.39015788,0.31092083,4,2
2NZ9_DC_A|SA874A,-0.11948046,0.31950974,4,2
2NZ9_DC_A|SA927A,-0.078544825,0.16775775,4,2
"2NZ9_DC_A|SD29K,DD30Y,HD31D",-0.04961051,-0.35996944,4,2
2NZ9_DC_A|TA1035A,2.3703818,0.08633062,4,2
2VIS_AB_C|IC89T,-4.0,0.061469294,4,2
"3BE1_HL_A|DL28N,PL30A,RL31K,SL32T,TL97S,TL98S",-0.6860794,0.21311368,4,2
"3BE1_HL_A|DL28N,PL30A,RL31K,SL32T,TL97S,TL98S,KH30S,DH31G,TH54S,NH55E,GH100V,DH102V",-2.7728782,-0.33026916,4,2
"3BE1_HL_A|DL28N,PL30A,RL31K,SL32T,TL97S,TL98S,KH30S,DH31G,TH54S,NH55E,GH100V,DH102V,YL36A",-3.190238,0.08849412,4,2
"3BE1_HL_A|DL28N,PL30A,RL31K,SL32T,TL97S,TL98S,KH30S,DH31G,TH54S,NH55E,GH100V,DH102V,YL36A,IL33A",-2.7728782,0.25832587,4,2
"3BE1_HL_A|DL28N,PL30A,RL31K,SL32T,YL57F,TL97S,TL98S",-0.8683455,0.40997636,4,2
"3BE1_HL_A|DL28N,PL30A,RL31K,SL32T,YL57F,TL97S,TL98S,KH30S,DH31G,TH54S,NH55E,GH100V,DH102V",-2.8824897,-0.13739225,4,2
3LZF_AB_HL|DA187E,0.49836498,0.085729495,4,2
"3LZF_AB_HL|DA187E,DA222G",0.12738612,0.32744342,4,2
3LZF_AB_HL|DA222G,0.5378587,0.46732372,4,2
3NGB_HL_G|AH57G,-0.056030333,-0.5338558,4,2
"3NGB_HL_G|AH57G,VH58T,PH63K,VH74T",1.6734211,0.05574806,4,2
"3NGB_HL_G|CH32S,CH102A",0.25899792,0.14478776,4,2
3NGB_HL_G|DH103A,0.05987142,0.044248395,4,2
3NGB_HL_G|EL88A,1.3199503,0.20735641,4,2
3NGB_HL_G|FL89A,0.85886127,0.41670018,4,2
3NGB_HL_G|GH55A,-1.2766591,-0.01971513,4,2
3NGB_HL_G|GH55S,0.74304354,0.037063375,4,2
3NGB_HL_G|GH56A,1.2656107,0.1962679,4,2
3NGB_HL_G|IH30A,-0.0027431613,0.19478269,4,2
3NGB_HL_G|IH30T,0.0733938,0.07173781,4,2
"3NGB_HL_G|IH30T,KH52N,RH54N,GH55S,AH57G,VH58T,RH62Q,PH63K,VH74T,YH75S,YL26S",0.86214453,1.8557796,4,2
3NGB_HL_G|KH52A,0.62288266,0.21381184,4,2
3NGB_HL_G|KH52N,0.17497002,0.2501297,4,2
3NGB_HL_G|MH70A,0.5305512,0.12383522,4,2
3NGB_HL_G|NH105A,1.1185741,0.074593976,4,2
3NGB_HL_G|NH59A,1.7671243,0.081598,4,2
3NGB_HL_G|PH63A,-0.04252045,0.12854183,4,2
3NGB_HL_G|PH63K,0.23252328,0.047480583,4,2
3NGB_HL_G|QH65A,-0.34038836,0.007146515,4,2
3NGB_HL_G|QL25A,-0.23060839,0.15234719,4,2
3NGB_HL_G|RH54A,-0.25938424,0.1823008,4,2
3NGB_HL_G|RH54N,0.04645046,0.27607864,4,2
3NGB_HL_G|RH62A,0.9958448,0.070413575,4,2
3NGB_HL_G|RH62Q,0.09654992,-0.027111344,4,2
3NGB_HL_G|RH72A,1.6432176,0.06788823,4,2
3NGB_HL_G|SL28A,-0.14471176,0.07750563,4,2
3NGB_HL_G|TH33A,0.7071634,0.15296067,4,2
3NGB_HL_G|TH33Y,0.084193856,-0.25984025,4,2
"3NGB_HL_G|TH33Y,GH56S,AH57G,VH58T,PH63K,VH74T,YH75S",1.9381938,0.42608654,4,2
3NGB_HL_G|VH58A,1.3584284,0.34985948,4,2
3NGB_HL_G|VH58T,0.13787223,0.18859924,4,2
3NGB_HL_G|VH74A,1.087914,0.2494699,4,2
3NGB_HL_G|VH74T,0.16493925,0.023186622,4,2
3NGB_HL_G|VL1A,-0.7733632,0.29465455,4,2
3NGB_HL_G|WH106A,4.0,0.34421206,4,2
3NGB_HL_G|WH47A,1.2021707,0.18745281,4,2
3NGB_HL_G|WH50A,1.2917941,0.4646721,4,2
3NGB_HL_G|YH104A,1.4235861,0.49055642,4,2
3NGB_HL_G|YH60A,0.5484263,0.32226688,4,2
3NGB_HL_G|YH75A,-0.19932224,0.44373614,4,2
3NGB_HL_G|YH75S,0.3325709,0.4603142,4,2
3NGB_HL_G|YL26A,0.98528093,0.4104796,4,2
3NGB_HL_G|YL26S,0.6512687,0.42321354,4,2
3NGB_HL_G|YL87A,2.0227883,0.537329,4,2
4JPK_HL_A|DA141R,3.857323,-0.29094625,4,2
"4JPK_HL_A|DA159N,DA33N",0.6189681,-0.034363106,4,2
4JPK_HL_A|FA144I,1.3875175,-0.0069234595,4,2
4JPK_HL_A|FA63L,1.1672868,0.04117336,4,2
4JPK_HL_A|RA130K,0.23006605,0.11744183,4,2
4JPK_HL_A|RA81T,0.75870305,0.21368691,4,2
4JPK_HL_A|SA41G,2.151695,0.22339354,4,2
4JPK_HL_A|TA35S,-0.032093357,-0.0406799,4,2
4JPK_HL_A|VA30N,0.59459484,-0.18911198,4,2
