row_id,ddg_true,ddg_pred,fold,seed
1AHW_AB_C|DC167A,-0.4845926,1.3668467,0,0
"1AHW_AB_C|KC138A,DC139A",1.1814722,1.7566972,0,0
"1AHW_AB_C|KC154A,KC155A",-1.329712,2.502319,0,0
1AHW_AB_C|LC165A,0.9869364,1.1130319,0,0
1AHW_AB_C|NC188A,1.0782224,2.4040914,0,0
"1AHW_AB_C|TC110A,KC111A",0.6388569,1.8172206,0,0
1AHW_AB_C|TC156A,-0.07411996,1.2076201,0,0
1AHW_AB_C|TC159A,1.105771,2.2493486,0,0
1AHW_AB_C|TC186A,1.345882,2.005363,0,0
1AHW_AB_C|VC187A,-0.31423107,0.8894968,0,0
1AHW_AB_C|YC146A,-1.8890098,0.5757185,0,0
1BJ1_HL_VW|HH101Y,-1.5835956,-0.20132528,0,0
"1BJ1_HL_VW|HH101Y,YH103I,GH104A,SH105K",-0.43125325,0.19084063,0,0
"1BJ1_HL_VW|HH101Y,YH103R,GH104N,SH105T",-0.7626503,0.11468825,0,0
"1BJ1_HL_VW|HH101Y,YH103R,SH105T",-1.173123,-0.17654845,0,0
1BJ1_HL_VW|HH107A,0.78965265,0.32007426,0,0
"1BJ1_HL_VW|LH72I,TH74K",0.076517485,-0.5345235,0,0
"1BJ1_HL_VW|LH72V,TH74V",0.6706598,-0.017777216,0,0
"1BJ1_HL_VW|ML4L,TH28D,NH31H,HH101Y,SH105T",-1.52138,-0.40319633,0,0
1BJ1_HL_VW|NH31H,-0.7626503,-0.7032617,0,0
1BJ1_HL_VW|SH105T,-0.39039657,0.05825524,0,0
1BJ1_HL_VW|TH28D,-0.22003505,-0.42071268,0,0
"1BJ1_HL_VW|TH28D,NH31H",-0.6929008,-0.77707916,0,0
"1BJ1_HL_VW|TH28D,NH31H,YH54W,HH101Y,SH105T",-1.2034981,-0.46420664,0,0
1BJ1_HL_VW|TH59A,0.85066694,0.14754678,0,0
1BJ1_HL_VW|YH27A,2.2425284,0.47892448,0,0
1BJ1_HL_VW|YH54A,1.3276595,1.4473351,0,0
1BJ1_HL_VW|YH54W,-0.13726985,0.1024982,0,0
1BJ1_HL_VW|YH99A,4.0,1.6349568,0,0
1DQJ_AB_C|DB32A,2.0134337,0.59897006,0,0
"1DQJ_AB_C|DB32A,KC97A",1.1223834,1.0629617,0,0
1DQJ_AB_C|DC101A,1.3765504,0.72943944,0,0
1DQJ_AB_C|KC96A,4.0,1.3536848,0,0
1DQJ_AB_C|KC97A,3.5197058,0.8889594,0,0
1DQJ_AB_C|LC75A,1.452407,-0.28269517,0,0
1DQJ_AB_C|NA31A,2.0134337,0.16745673,0,0
1DQJ_AB_C|NA32A,4.0,0.6698206,0,0
"1DQJ_AB_C|NA32A,KC96A",4.0,1.938244,0,0
1DQJ_AB_C|NC93A,0.64987326,0.4098489,0,0
1DQJ_AB_C|RC21A,1.2137709,0.44853488,0,0
1DQJ_AB_C|SA91A,1.4318883,0.6158489,0,0
"1DQJ_AB_C|SA91A,RC21A",3.1707318,1.3297962,0,0
"1DQJ_AB_C|SA91A,YC20A",3.573092,0.5036361,0,0
1DQJ_AB_C|SC100A,0.7755829,0.9838474,0,0
1DQJ_AB_C|TC89A,0.84084374,0.7659853,0,0
1DQJ_AB_C|WB98A,4.0,1.7143471,0,0
"1DQJ_AB_C|WB98A,KC97A",4.0,2.317208,0,0
"1DQJ_AB_C|WB98A,SC100A",4.0,2.4377198,0,0
"1DQJ_AB_C|WB98A,YC20A",4.0,1.8655097,0,0
1DQJ_AB_C|WC62A,0.7580786,1.008505,0,0
1DQJ_AB_C|WC63A,1.3462692,0.9052741,0,0
1DQJ_AB_C|YA50A,2.678299,1.8696184,0,0
1DQJ_AB_C|YA96A,1.135051,0.9646204,0,0
"1DQJ_AB_C|YA96A,RC21A",3.4851997,1.5246955,0,0
"1DQJ_AB_C|YA96A,SC100A",0.91344726,1.481967,0,0
1DQJ_AB_C|YB33A,4.0,2.5142226,0,0
1DQJ_AB_C|YB50A,4.0,1.6428784,0,0
1DQJ_AB_C|YB53A,1.1802781,-0.0027416572,0,0
"1DQJ_AB_C|YB53A,DC101A",2.727121,-0.12313165,0,0
"1DQJ_AB_C|YB53A,LC75A",1.2168618,-1.2099855,0,0
"1DQJ_AB_C|YB53A,WC62A",1.286308,0.8337711,0,0
"1DQJ_AB_C|YB53A,WC63A",2.1992323,0.3644252,0,0
1DQJ_AB_C|YC20A,3.2857084,0.41217405,0,0
1XGT_AB_C|LB33A,2.1988916,1.7624032,0,0
1XGT_AB_C|LB33F,-1.8617703,-1.2731781,0,0
1XGT_AB_C|LB33I,-0.061315425,0.07831311,0,0
1XGT_AB_C|LB33V,1.0463123,1.2044022,0,0
"3BDY_HL_V|DL28N,PL30A,RL31K,SL32T,TL97S,TL98S",-0.9690793,-0.519616,0,0
"3BDY_HL_V|DL28N,PL30A,RL31K,SL32T,TL97S,TL98S,KH31S,DH32G,TH55S,NH56E,GH101V,DH103V",-2.7154896,-2.2133818,0,0
"3BDY_HL_V|DL28N,PL30A,RL31K,SL32T,TL97S,TL98S,KH31S,DH32G,TH55S,NH56E,GH101V,DH103V,RH51A,RH60A",-2.7728782,-1.3796,0,0
"3BDY_HL_V|DL28N,PL30A,RL31K,SL32T,YL57F,TL97S,TL98S",-0.97316396,-0.016381036,0,0
"3BDY_HL_V|DL28N,PL30A,RL31K,SL32T,YL57F,TL97S,TL98S,KH31S,DH32G,TH55S,NH56E,GH101V,DH103V",-2.727121,-1.7592373,0,0
3HFM_HL_Y|DH32A,1.8982269,-0.08559418,0,0
"3HFM_HL_Y|DH32A,KY97A",4.0,0.83804303,0,0
"3HFM_HL_Y|DH32A,KY97M",1.1234494,0.51476514,0,0
3HFM_HL_Y|DH32N,0.17036153,-0.019765478,0,0
"3HFM_HL_Y|DH32N,KY97A",4.0,0.7730852,0,0
"3HFM_HL_Y|DH32N,KY97M",0.3025042,0.44721347,0,0
3HFM_HL_Y|DY101A,1.2081919,0.3469603,0,0
3HFM_HL_Y|DY101E,2.132881,-0.27525032,0,0
3HFM_HL_Y|DY101F,2.3282614,-0.21906063,0,0
3HFM_HL_Y|DY101G,0.35884774,-0.5582199,0,0
3HFM_HL_Y|DY101K,2.1245396,-0.23694402,0,0
3HFM_HL_Y|DY101N,1.4911126,0.105893955,0,0
3HFM_HL_Y|DY101Q,2.0851746,-0.27282527,0,0
3HFM_HL_Y|DY101R,2.2798727,-0.43173978,0,0
3HFM_HL_Y|DY101S,1.8694,-0.08722094,0,0
3HFM_HL_Y|GY102V,0.395285,0.41847923,0,0
3HFM_HL_Y|HY15A,-0.4453172,0.717531,0,0
3HFM_HL_Y|IY98A,0.0,0.36420906,0,0
3HFM_HL_Y|KY96A,4.0,1.2732271,0,0
3HFM_HL_Y|KY96M,4.0,1.0240772,0,0
3HFM_HL_Y|KY96R,4.0,0.06648909,0,0
3HFM_HL_Y|KY97A,4.0,0.8169885,0,0
3HFM_HL_Y|KY97D,4.0,0.37834147,0,0
3HFM_HL_Y|KY97E,3.6045077,0.25612062,0,0
3HFM_HL_Y|KY97G,4.0,-0.12262936,0,0
3HFM_HL_Y|KY97M,0.9469717,0.3180686,0,0
3HFM_HL_Y|KY97R,3.0528512,-0.23791438,0,0
3HFM_HL_Y|LY75A,0.70445603,-0.22918144,0,0
3HFM_HL_Y|NL31A,4.0,0.4431165,0,0
"3HFM_HL_Y|NL31A,KY96A",4.0,2.3077154,0,0
3HFM_HL_Y|NL31D,1.3434845,-0.46393076,0,0
3HFM_HL_Y|NL31E,4.0,0.3992455,0,0
3HFM_HL_Y|NL32A,4.0,0.13788426,0,0
3HFM_HL_Y|NY19D,0.41047263,0.002124481,0,0
3HFM_HL_Y|NY19K,0.2401111,0.0878419,0,0
3HFM_HL_Y|NY19Q,-0.042485796,-0.13749358,0,0
3HFM_HL_Y|NY93A,0.21121821,0.16191912,0,0
3HFM_HL_Y|QL53A,0.9530879,0.31690428,0,0
3HFM_HL_Y|RY21A,0.8618019,0.6461313,0,0
3HFM_HL_Y|RY21E,2.4534352,-0.28763074,0,0
3HFM_HL_Y|RY21G,2.4220753,-0.08972961,0,0
3HFM_HL_Y|RY21H,2.1693182,-0.4178909,0,0
3HFM_HL_Y|RY21K,1.766342,-0.21836859,0,0
3HFM_HL_Y|RY21M,2.0498905,0.025267977,0,0
3HFM_HL_Y|RY21N,2.3282614,0.24756546,0,0
3HFM_HL_Y|RY21Q,2.3975346,-0.7119767,0,0
3HFM_HL_Y|RY21W,2.132881,-0.051581275,0,0
3HFM_HL_Y|RY73A,-0.3313971,0.38435867,0,0
3HFM_HL_Y|SH31A,0.17036153,1.5965587,0,0
3HFM_HL_Y|SY100A,0.26765963,0.6600449,0,0
3HFM_HL_Y|TY89A,0.0,0.9854175,0,0
3HFM_HL_Y|WH98A,4.0,1.7321129,0,0
"3HFM_HL_Y|WH98A,KY96A",4.0,2.868071,0,0
3HFM_HL_Y|WH98F,3.245562,0.4140225,0,0
"3HFM_HL_Y|WH98F,YY20A",4.0,1.1880333,0,0
3HFM_HL_Y|WY63A,0.31918663,1.1911329,0,0
3HFM_HL_Y|YH33A,4.0,1.9309645,0,0
"3HFM_HL_Y|YH33A,KY97A",4.0,2.5050201,0,0
3HFM_HL_Y|YH33F,1.0712212,-0.14456844,0,0
3HFM_HL_Y|YH33L,2.0069382,0.9284034,0,0
3HFM_HL_Y|YH33W,1.7495645,0.86907095,0,0
3HFM_HL_Y|YH50A,4.0,1.9756347,0,0
"3HFM_HL_Y|YH50A,RY21A",4.0,3.3565102,0,0
3HFM_HL_Y|YH50F,1.6099914,0.36016497,0,0
3HFM_HL_Y|YH50L,2.8488367,1.3135989,0,0
3HFM_HL_Y|YH53A,3.25038,0.94496626,0,0
3HFM_HL_Y|YH53F,0.62049925,0.5536991,0,0
3HFM_HL_Y|YH53L,0.8068894,0.614656,0,0
3HFM_HL_Y|YH53W,0.7061819,-0.20367472,0,0
3HFM_HL_Y|YH58A,1.6760437,1.2144624,0,0
3HFM_HL_Y|YH58F,0.36312544,0.5202398,0,0
3HFM_HL_Y|YH58L,1.5136731,0.6936362,0,0
3HFM_HL_Y|YL50A,4.0,1.6874909,0,0
"3HFM_HL_Y|YL50A,KY96A",4.0,2.6854315,0,0
"3HFM_HL_Y|YL50A,KY97A",4.0,2.0587332,0,0
"3HFM_HL_Y|YL50A,RY21A",4.0,2.760851,0,0
3HFM_HL_Y|YL50F,2.3548672,0.44313836,0,0
"3HFM_HL_Y|YL50F,RY21A",4.0,1.533785,0,0
"3HFM_HL_Y|YL50F,YY20A",4.0,1.1984847,0,0
3HFM_HL_Y|YL50L,4.0,0.73358077,0,0
3HFM_HL_Y|YL96A,2.707045,1.1411843,0,0
"3HFM_HL_Y|YL96A,RY21A",4.0,2.2436366,0,0
3HFM_HL_Y|YL96F,1.4017794,0.15929489,0,0
"3HFM_HL_Y|YL96F,RY21A",4.0,1.3454423,0,0
3HFM_HL_Y|YY20A,4.0,0.51076376,0,0
3HFM_HL_Y|YY20F,-0.4839681,0.014056047,0,0
3HFM_HL_Y|YY20L,2.1845057,0.076696545,0,0
3SE9_HL_G|DH77A,-0.7664817,0.5890501,0,0
3SE9_HL_G|EL90A,0.41735974,0.7863274,0,0
3SE9_HL_G|FL91A,0.023615688,0.1534336,0,0
3SE9_HL_G|GH106A,-0.3075798,0.55725807,0,0
3SE9_HL_G|GH107A,-0.6151596,0.47573572,0,0
3SE9_HL_G|GH109A,0.18514356,2.1851609,0,0
3SE9_HL_G|GH57A,0.4524448,1.0846862,0,0
3SE9_HL_G|GH62A,0.04634,1.3479558,0,0
3SE9_HL_G|GL29A,0.46369976,0.40520212,0,0
3SE9_HL_G|LH34A,0.56599987,0.78352284,0,0
3SE9_HL_G|LL89A,0.964243,0.6112809,0,0
3SE9_HL_G|NH60A,1.5217615,0.9584375,0,0
3SE9_HL_G|PH64A,-0.4419396,-0.16481243,0,0
3SE9_HL_G|RH67A,1.4695449,0.5274218,0,0
3SE9_HL_G|RH74A,2.6792572,0.4300369,0,0
3SE9_HL_G|RH76A,-0.2322162,-0.19390835,0,0
3SE9_HL_G|TH105A,-0.4419396,-0.3247625,0,0
3SE9_HL_G|TH56A,-0.85929936,0.6181733,0,0
3SE9_HL_G|VH55A,-0.85929936,0.48714945,0,0
3SE9_HL_G|VH59A,0.9833596,1.5382135,0,0
3SE9_HL_G|VL3A,-0.49433115,0.23781988,0,0
3SE9_HL_G|WH48A,1.0584464,0.8341746,0,0
3SE9_HL_G|WH51A,1.275695,1.4293262,0,0
3SE9_HL_G|YH104A,0.46369976,1.3084153,0,0
3SE9_HL_G|YL28A,1.1177194,0.1371823,0,0
4U6H_AB_E|NE21A,-0.3480795,1.1954185,0,0
4U6H_AB_E|QE25A,0.11883454,2.0636866,0,0
4ZS6_HL_A|EA156A,3.0386665,0.30013272,0,0
4ZS6_HL_A|YA160A,-0.11025046,1.5915569,0,0
1AHW_AB_C|DC167A,-0.4845926,0.6940397,0,1
"1AHW_AB_C|KC138A,DC139A",1.1814722,-0.011636658,0,1
"1AHW_AB_C|KC154A,KC155A",-1.329712,0.16448152,0,1
1AHW_AB_C|LC165A,0.9869364,0.74307704,0,1
1AHW_AB_C|NC188A,1.0782224,1.6062373,0,1
"1AHW_AB_C|TC110A,KC111A",0.6388569,0.32632783,0,1
1AHW_AB_C|TC156A,-0.07411996,1.48111,0,1
1AHW_AB_C|TC159A,1.105771,0.9645641,0,1
1AHW_AB_C|TC186A,1.345882,0.46863163,0,1
1AHW_AB_C|VC187A,-0.31423107,0.43596372,0,1
1AHW_AB_C|YC146A,-1.8890098,0.66650736,0,1
1BJ1_HL_VW|HH101Y,-1.5835956,-0.50835305,0,1
"1BJ1_HL_VW|HH101Y,YH103I,GH104A,SH105K",-0.43125325,-0.080517255,0,1
"1BJ1_HL_VW|HH101Y,YH103R,GH104N,SH105T",-0.7626503,0.20292255,0,1
"1BJ1_HL_VW|HH101Y,YH103R,SH105T",-1.173123,-0.25643244,0,1
1BJ1_HL_VW|HH107A,0.78965265,0.45867598,0,1
"1BJ1_HL_VW|LH72I,TH74K",0.076517485,1.4261581,0,1
"1BJ1_HL_VW|LH72V,TH74V",0.6706598,0.06733586,0,1
"1BJ1_HL_VW|ML4L,TH28D,NH31H,HH101Y,SH105T",-1.52138,-2.1404407,0,1
1BJ1_HL_VW|NH31H,-0.7626503,-0.25100002,0,1
1BJ1_HL_VW|SH105T,-0.39039657,-0.06859788,0,1
1BJ1_HL_VW|TH28D,-0.22003505,-0.2552407,0,1
"1BJ1_HL_VW|TH28D,NH31H",-0.6929008,-0.6223858,0,1
"1BJ1_HL_VW|TH28D,NH31H,YH54W,HH101Y,SH105T",-1.2034981,-1.4433627,0,1
1BJ1_HL_VW|TH59A,0.85066694,0.9192536,0,1
1BJ1_HL_VW|YH27A,2.2425284,0.3372246,0,1
1BJ1_HL_VW|YH54A,1.3276595,0.49134314,0,1
1BJ1_HL_VW|YH54W,-0.13726985,-0.06521236,0,1
1BJ1_HL_VW|YH99A,4.0,0.739619,0,1
1DQJ_AB_C|DB32A,2.0134337,0.5074327,0,1
"1DQJ_AB_C|DB32A,KC97A",1.1223834,0.5106699,0,1
1DQJ_AB_C|DC101A,1.3765504,0.5597732,0,1
1DQJ_AB_C|KC96A,4.0,0.37789163,0,1
1DQJ_AB_C|KC97A,3.5197058,-0.20938598,0,1
1DQJ_AB_C|LC75A,1.452407,-0.026873838,0,1
1DQJ_AB_C|NA31A,2.0134337,0.52518374,0,1
1DQJ_AB_C|NA32A,4.0,0.22943518,0,1
"1DQJ_AB_C|NA32A,KC96A",4.0,0.553443,0,1
1DQJ_AB_C|NC93A,0.64987326,0.26460913,0,1
1DQJ_AB_C|RC21A,1.2137709,0.51685697,0,1
1DQJ_AB_C|SA91A,1.4318883,0.53569627,0,1
"1DQJ_AB_C|SA91A,RC21A",3.1707318,1.0992637,0,1
"1DQJ_AB_C|SA91A,YC20A",3.573092,0.73722535,0,1
1DQJ_AB_C|SC100A,0.7755829,0.81324255,0,1
1DQJ_AB_C|TC89A,0.84084374,0.9752864,0,1
1DQJ_AB_C|WB98A,4.0,1.29813,0,1
"1DQJ_AB_C|WB98A,KC97A",4.0,1.0635021,0,1
"1DQJ_AB_C|WB98A,SC100A",4.0,2.1503143,0,1
"1DQJ_AB_C|WB98A,YC20A",4.0,2.1216934,0,1
1DQJ_AB_C|WC62A,0.7580786,0.6393501,0,1
1DQJ_AB_C|WC63A,1.3462692,0.22737364,0,1
1DQJ_AB_C|YA50A,2.678299,1.4271423,0,1
1DQJ_AB_C|YA96A,1.135051,0.4542225,0,1
"1DQJ_AB_C|YA96A,RC21A",3.4851997,1.562002,0,1
"1DQJ_AB_C|YA96A,SC100A",0.91344726,1.6324773,0,1
1DQJ_AB_C|YB33A,4.0,2.2421036,0,1
1DQJ_AB_C|YB50A,4.0,1.3667003,0,1
1DQJ_AB_C|YB53A,1.1802781,0.11774913,0,1
"1DQJ_AB_C|YB53A,DC101A",2.727121,0.45330334,0,1
"1DQJ_AB_C|YB53A,LC75A",1.2168618,0.09806506,0,1
"1DQJ_AB_C|YB53A,WC62A",1.286308,0.19181891,0,1
"1DQJ_AB_C|YB53A,WC63A",2.1992323,-0.3262641,0,1
1DQJ_AB_C|YC20A,3.2857084,0.8769942,0,1
1XGT_AB_C|LB33A,2.1988916,2.610869,0,1
1XGT_AB_C|LB33F,-1.8617703,-1.0928329,0,1
1XGT_AB_C|LB33I,-0.061315425,0.27944592,0,1
1XGT_AB_C|LB33V,1.0463123,1.6253397,0,1
"3BDY_HL_V|DL28N,PL30A,RL31K,SL32T,TL97S,TL98S",-0.9690793,-0.7218397,0,1
"3BDY_HL_V|DL28N,PL30A,RL31K,SL32T,TL97S,TL98S,KH31S,DH32G,TH55S,NH56E,GH101V,DH103V",-2.7154896,-2.489449,0,1
"3BDY_HL_V|DL28N,PL30A,RL31K,SL32T,TL97S,TL98S,KH31S,DH32G,TH55S,NH56E,GH101V,DH103V,RH51A,RH60A",-2.7728782,-2.2760854,0,1
"3BDY_HL_V|DL28N,PL30A,RL31K,SL32T,YL57F,TL97S,TL98S",-0.97316396,-0.535431,0,1
"3BDY_HL_V|DL28N,PL30A,RL31K,SL32T,YL57F,TL97S,TL98S,KH31S,DH32G,TH55S,NH56E,GH101V,DH103V",-2.727121,-2.2524054,0,1
3HFM_HL_Y|DH32A,1.8982269,0.2916321,0,1
"3HFM_HL_Y|DH32A,KY97A",4.0,0.19288953,0,1
"3HFM_HL_Y|DH32A,KY97M",1.1234494,0.010841058,0,1
3HFM_HL_Y|DH32N,0.17036153,-0.13956738,0,1
"3HFM_HL_Y|DH32N,KY97A",4.0,-0.08849428,0,1
"3HFM_HL_Y|DH32N,KY97M",0.3025042,-0.27090913,0,1
3HFM_HL_Y|DY101A,1.2081919,0.11733871,0,1
3HFM_HL_Y|DY101E,2.132881,-0.14850488,0,1
3HFM_HL_Y|DY101F,2.3282614,-0.15321726,0,1
3HFM_HL_Y|DY101G,0.35884774,0.39114207,0,1
3HFM_HL_Y|DY101K,2.1245396,0.1027298,0,1
3HFM_HL_Y|DY101N,1.4911126,0.14211021,0,1
3HFM_HL_Y|DY101Q,2.0851746,-0.23999375,0,1
3HFM_HL_Y|DY101R,2.2798727,-0.10783053,0,1
3HFM_HL_Y|DY101S,1.8694,-0.31623673,0,1
3HFM_HL_Y|GY102V,0.395285,-0.03283343,0,1
3HFM_HL_Y|HY15A,-0.4453172,0.73485863,0,1
3HFM_HL_Y|IY98A,0.0,0.20807853,0,1
3HFM_HL_Y|KY96A,4.0,0.28652173,0,1
3HFM_HL_Y|KY96M,4.0,0.03645292,0,1
3HFM_HL_Y|KY96R,4.0,-0.07587991,0,1
3HFM_HL_Y|KY97A,4.0,-0.13885966,0,1
3HFM_HL_Y|KY97D,4.0,-0.2732212,0,1
3HFM_HL_Y|KY97E,3.6045077,-0.31646284,0,1
3HFM_HL_Y|KY97G,4.0,0.010294461,0,1
3HFM_HL_Y|KY97M,0.9469717,-0.46602783,0,1
3HFM_HL_Y|KY97R,3.0528512,-0.3935567,0,1
3HFM_HL_Y|LY75A,0.70445603,-0.07410379,0,1
3HFM_HL_Y|NL31A,4.0,0.87725055,0,1
"3HFM_HL_Y|NL31A,KY96A",4.0,1.4015878,0,1
3HFM_HL_Y|NL31D,1.3434845,0.095191,0,1
3HFM_HL_Y|NL31E,4.0,0.37443396,0,1
3HFM_HL_Y|NL32A,4.0,0.33456683,0,1
3HFM_HL_Y|NY19D,0.41047263,0.05276175,0,1
3HFM_HL_Y|NY19K,0.2401111,0.6251899,0,1
3HFM_HL_Y|NY19Q,-0.042485796,-0.23995185,0,1
3HFM_HL_Y|NY93A,0.21121821,0.017995,0,1
3HFM_HL_Y|QL53A,0.9530879,-0.105901726,0,1
3HFM_HL_Y|RY21A,0.8618019,0.39083323,0,1
3HFM_HL_Y|RY21E,2.4534352,-0.85057366,0,1
3HFM_HL_Y|RY21G,2.4220753,0.27480623,0,1
3HFM_HL_Y|RY21H,2.1693182,-0.64553607,0,1
3HFM_HL_Y|RY21K,1.766342,0.89315337,0,1
3HFM_HL_Y|RY21M,2.0498905,0.041899256,0,1
3HFM_HL_Y|RY21N,2.3282614,-0.24769454,0,1
3HFM_HL_Y|RY21Q,2.3975346,-0.5539894,0,1
3HFM_HL_Y|RY21W,2.132881,-0.123783596,0,1
3HFM_HL_Y|RY73A,-0.3313971,0.10143253,0,1
3HFM_HL_Y|SH31A,0.17036153,0.8656786,0,1
3HFM_HL_Y|SY100A,0.26765963,0.3689951,0,1
3HFM_HL_Y|TY89A,0.0,0.95250076,0,1
3HFM_HL_Y|WH98A,4.0,0.92928284,0,1
"3HFM_HL_Y|WH98A,KY96A",4.0,1.0094905,0,1
3HFM_HL_Y|WH98F,3.245562,0.4633203,0,1
"3HFM_HL_Y|WH98F,YY20A",4.0,1.3211594,0,1
3HFM_HL_Y|WY63A,0.31918663,0.44953382,0,1
3HFM_HL_Y|YH33A,4.0,2.0991824,0,1
"3HFM_HL_Y|YH33A,KY97A",4.0,1.5379765,0,1
3HFM_HL_Y|YH33F,1.0712212,-0.73996603,0,1
3HFM_HL_Y|YH33L,2.0069382,0.0918799,0,1
3HFM_HL_Y|YH33W,1.7495645,0.6634851,0,1
3HFM_HL_Y|YH50A,4.0,1.5294975,0,1
"3HFM_HL_Y|YH50A,RY21A",4.0,2.619101,0,1
3HFM_HL_Y|YH50F,1.6099914,0.044771183,0,1
3HFM_HL_Y|YH50L,2.8488367,0.6798798,0,1
3HFM_HL_Y|YH53A,3.25038,0.5131539,0,1
3HFM_HL_Y|YH53F,0.62049925,0.31502274,0,1
3HFM_HL_Y|YH53L,0.8068894,0.41210765,0,1
3HFM_HL_Y|YH53W,0.7061819,0.040674865,0,1
3HFM_HL_Y|YH58A,1.6760437,1.4508796,0,1
3HFM_HL_Y|YH58F,0.36312544,0.46389696,0,1
3HFM_HL_Y|YH58L,1.5136731,0.91115874,0,1
3HFM_HL_Y|YL50A,4.0,1.2566748,0,1
"3HFM_HL_Y|YL50A,KY96A",4.0,1.7633703,0,1
"3HFM_HL_Y|YL50A,KY97A",4.0,1.0359683,0,1
"3HFM_HL_Y|YL50A,RY21A",4.0,2.4932132,0,1
3HFM_HL_Y|YL50F,2.3548672,0.32869384,0,1
"3HFM_HL_Y|YL50F,RY21A",4.0,1.1837121,0,1
"3HFM_HL_Y|YL50F,YY20A",4.0,1.340609,0,1
3HFM_HL_Y|YL50L,4.0,0.23107213,0,1
3HFM_HL_Y|YL96A,2.707045,1.0745714,0,1
"3HFM_HL_Y|YL96A,RY21A",4.0,2.2830954,0,1
3HFM_HL_Y|YL96F,1.4017794,0.16005646,0,1
"3HFM_HL_Y|YL96F,RY21A",4.0,0.94593745,0,1
3HFM_HL_Y|YY20A,4.0,0.7144324,0,1
3HFM_HL_Y|YY20F,-0.4839681,0.22069556,0,1
3HFM_HL_Y|YY20L,2.1845057,0.48500624,0,1
3SE9_HL_G|DH77A,-0.7664817,0.30707273,0,1
3SE9_HL_G|EL90A,0.41735974,1.2516565,0,1
3SE9_HL_G|FL91A,0.023615688,0.57175195,0,1
3SE9_HL_G|GH106A,-0.3075798,0.30936354,0,1
3SE9_HL_G|GH107A,-0.6151596,0.59376234,0,1
3SE9_HL_G|GH109A,0.18514356,1.2483866,0,1
3SE9_HL_G|GH57A,0.4524448,0.45066378,0,1
3SE9_HL_G|GH62A,0.04634,0.8623571,0,1
3SE9_HL_G|GL29A,0.46369976,0.15295514,0,1
3SE9_HL_G|LH34A,0.56599987,0.7449248,0,1
3SE9_HL_G|LL89A,0.964243,-0.08180771,0,1
3SE9_HL_G|NH60A,1.5217615,0.9929917,0,1
3SE9_HL_G|PH64A,-0.4419396,0.26784953,0,1
3SE9_HL_G|RH67A,1.4695449,0.5699507,0,1
3SE9_HL_G|RH74A,2.6792572,1.2677553,0,1
3SE9_HL_G|RH76A,-0.2322162,0.21825121,0,1
3SE9_HL_G|TH105A,-0.4419396,0.40020657,0,1
3SE9_HL_G|TH56A,-0.85929936,0.14748248,0,1
3SE9_HL_G|VH55A,-0.85929936,0.14769599,0,1
3SE9_HL_G|VH59A,0.9833596,1.3516968,0,1
3SE9_HL_G|VL3A,-0.49433115,0.27906936,0,1
3SE9_HL_G|WH48A,1.0584464,1.0714719,0,1
3SE9_HL_G|WH51A,1.275695,1.3736235,0,1
3SE9_HL_G|YH104A,0.46369976,2.1581802,0,1
3SE9_HL_G|YL28A,1.1177194,0.16730902,0,1
4U6H_AB_E|NE21A,-0.3480795,-0.064602554,0,1
4U6H_AB_E|QE25A,0.11883454,0.80272895,0,1
4ZS6_HL_A|EA156A,3.0386665,1.5829781,0,1
4ZS6_HL_A|YA160A,-0.11025046,2.711678,0,1
1AHW_AB_C|DC167A,-0.4845926,0.5061295,0,2
"1AHW_AB_C|KC138A,DC139A",1.1814722,1.0741302,0,2
"1AHW_AB_C|KC154A,KC155A",-1.329712,1.6051012,0,2
1AHW_AB_C|LC165A,0.9869364,1.0427021,0,2
1AHW_AB_C|NC188A,1.0782224,1.2751992,0,2
"1AHW_AB_C|TC110A,KC111A",0.6388569,1.7399895,0,2
1AHW_AB_C|TC156A,-0.07411996,0.26915535,0,2
1AHW_AB_C|TC159A,1.105771,4.4031687,0,2
1AHW_AB_C|TC186A,1.345882,1.6600957,0,2
1AHW_AB_C|VC187A,-0.31423107,1.5040231,0,2
1AHW_AB_C|YC146A,-1.8890098,2.06276,0,2
1BJ1_HL_VW|HH101Y,-1.5835956,-0.82593673,0,2
"1BJ1_HL_VW|HH101Y,YH103I,GH104A,SH105K",-0.43125325,-0.32033902,0,2
"1BJ1_HL_VW|HH101Y,YH103R,GH104N,SH105T",-0.7626503,-1.5659194,0,2
"1BJ1_HL_VW|HH101Y,YH103R,SH105T",-1.173123,-2.0936341,0,2
1BJ1_HL_VW|HH107A,0.78965265,0.63241583,0,2
"1BJ1_HL_VW|LH72I,TH74K",0.076517485,1.114701,0,2
"1BJ1_HL_VW|LH72V,TH74V",0.6706598,-0.32068294,0,2
"1BJ1_HL_VW|ML4L,TH28D,NH31H,HH101Y,SH105T",-1.52138,-2.8533673,0,2
1BJ1_HL_VW|NH31H,-0.7626503,0.26593238,0,2
1BJ1_HL_VW|SH105T,-0.39039657,-1.0360374,0,2
1BJ1_HL_VW|TH28D,-0.22003505,-0.02953138,0,2
"1BJ1_HL_VW|TH28D,NH31H",-0.6929008,-0.56633013,0,2
"1BJ1_HL_VW|TH28D,NH31H,YH54W,HH101Y,SH105T",-1.2034981,-1.2548648,0,2
1BJ1_HL_VW|TH59A,0.85066694,1.2736956,0,2
1BJ1_HL_VW|YH27A,2.2425284,0.3111751,0,2
1BJ1_HL_VW|YH54A,1.3276595,0.76225215,0,2
1BJ1_HL_VW|YH54W,-0.13726985,1.0098442,0,2
1BJ1_HL_VW|YH99A,4.0,0.8367327,0,2
1DQJ_AB_C|DB32A,2.0134337,0.13258116,0,2
"1DQJ_AB_C|DB32A,KC97A",1.1223834,-0.06874809,0,2
1DQJ_AB_C|DC101A,1.3765504,0.5886484,0,2
1DQJ_AB_C|KC96A,4.0,-0.14870203,0,2
1DQJ_AB_C|KC97A,3.5197058,-0.16696143,0,2
1DQJ_AB_C|LC75A,1.452407,0.8874226,0,2
1DQJ_AB_C|NA31A,2.0134337,1.738361,0,2
1DQJ_AB_C|NA32A,4.0,-0.25809953,0,2
"1DQJ_AB_C|NA32A,KC96A",4.0,0.7537078,0,2
1DQJ_AB_C|NC93A,0.64987326,0.7566717,0,2
1DQJ_AB_C|RC21A,1.2137709,0.5042043,0,2
1DQJ_AB_C|SA91A,1.4318883,0.43636176,0,2
"1DQJ_AB_C|SA91A,RC21A",3.1707318,0.49705762,0,2
"1DQJ_AB_C|SA91A,YC20A",3.573092,1.3023049,0,2
1DQJ_AB_C|SC100A,0.7755829,0.6427539,0,2
1DQJ_AB_C|TC89A,0.84084374,1.6954176,0,2
1DQJ_AB_C|WB98A,4.0,1.5669242,0,2
"1DQJ_AB_C|WB98A,KC97A",4.0,2.1002915,0,2
"1DQJ_AB_C|WB98A,SC100A",4.0,2.750148,0,2
"1DQJ_AB_C|WB98A,YC20A",4.0,1.5940803,0,2
1DQJ_AB_C|WC62A,0.7580786,2.149084,0,2
1DQJ_AB_C|WC63A,1.3462692,1.4232903,0,2
1DQJ_AB_C|YA50A,2.678299,1.1130478,0,2
1DQJ_AB_C|YA96A,1.135051,1.6758604,0,2
"1DQJ_AB_C|YA96A,RC21A",3.4851997,1.7757016,0,2
"1DQJ_AB_C|YA96A,SC100A",0.91344726,2.0838115,0,2
1DQJ_AB_C|YB33A,4.0,3.2415507,0,2
1DQJ_AB_C|YB50A,4.0,2.0718215,0,2
1DQJ_AB_C|YB53A,1.1802781,0.08009281,0,2
"1DQJ_AB_C|YB53A,DC101A",2.727121,-1.1158631,0,2
"1DQJ_AB_C|YB53A,LC75A",1.2168618,0.21230021,0,2
"1DQJ_AB_C|YB53A,WC62A",1.286308,1.1881081,0,2
"1DQJ_AB_C|YB53A,WC63A",2.1992323,0.9357988,0,2
1DQJ_AB_C|YC20A,3.2857084,0.8725476,0,2
1XGT_AB_C|LB33A,2.1988916,2.641041,0,2
1XGT_AB_C|LB33F,-1.8617703,-1.9959072,0,2
1XGT_AB_C|LB33I,-0.061315425,-0.061576977,0,2
1XGT_AB_C|LB33V,1.0463123,1.2519268,0,2
"3BDY_HL_V|DL28N,PL30A,RL31K,SL32T,TL97S,TL98S",-0.9690793,-0.44407383,0,2
"3BDY_HL_V|DL28N,PL30A,RL31K,SL32T,TL97S,TL98S,KH31S,DH32G,TH55S,NH56E,GH101V,DH103V",-2.7154896,-2.4636326,0,2
"3BDY_HL_V|DL28N,PL30A,RL31K,SL32T,TL97S,TL98S,KH31S,DH32G,TH55S,NH56E,GH101V,DH103V,RH51A,RH60A",-2.7728782,-0.63711435,0,2
"3BDY_HL_V|DL28N,PL30A,RL31K,SL32T,YL57F,TL97S,TL98S",-0.97316396,-0.024173746,0,2
"3BDY_HL_V|DL28N,PL30A,RL31K,SL32T,YL57F,TL97S,TL98S,KH31S,DH32G,TH55S,NH56E,GH101V,DH103V",-2.727121,-1.7612249,0,2
3HFM_HL_Y|DH32A,1.8982269,0.050920688,0,2
"3HFM_HL_Y|DH32A,KY97A",4.0,-0.0621582,0,2
"3HFM_HL_Y|DH32A,KY97M",1.1234494,0.25240374,0,2
3HFM_HL_Y|DH32N,0.17036153,-0.09094769,0,2
"3HFM_HL_Y|DH32N,KY97A",4.0,0.030625734,0,2
"3HFM_HL_Y|DH32N,KY97M",0.3025042,0.3311752,0,2
3HFM_HL_Y|DY101A,1.2081919,1.1271335,0,2
3HFM_HL_Y|DY101E,2.132881,-0.5166067,0,2
3HFM_HL_Y|DY101F,2.3282614,0.46644375,0,2
3HFM_HL_Y|DY101G,0.35884774,0.4753707,0,2
3HFM_HL_Y|DY101K,2.1245396,0.90735465,0,2
3HFM_HL_Y|DY101N,1.4911126,-0.5050646,0,2
3HFM_HL_Y|DY101Q,2.0851746,0.03608296,0,2
3HFM_HL_Y|DY101R,2.2798727,-0.07601133,0,2
3HFM_HL_Y|DY101S,1.8694,0.39068156,0,2
3HFM_HL_Y|GY102V,0.395285,-0.959756,0,2
3HFM_HL_Y|HY15A,-0.4453172,1.3160903,0,2
3HFM_HL_Y|IY98A,0.0,0.826084,0,2
3HFM_HL_Y|KY96A,4.0,-0.15656863,0,2
3HFM_HL_Y|KY96M,4.0,-1.0004953,0,2
3HFM_HL_Y|KY96R,4.0,-2.2411847,0,2
3HFM_HL_Y|KY97A,4.0,0.097839154,0,2
3HFM_HL_Y|KY97D,4.0,0.24469656,0,2
3HFM_HL_Y|KY97E,3.6045077,0.11043631,0,2
3HFM_HL_Y|KY97G,4.0,-0.42181572,0,2
3HFM_HL_Y|KY97M,0.9469717,0.22696035,0,2
3HFM_HL_Y|KY97R,3.0528512,-1.9547734,0,2
3HFM_HL_Y|LY75A,0.70445603,1.4889559,0,2
3HFM_HL_Y|NL31A,4.0,1.4478128,0,2
"3HFM_HL_Y|NL31A,KY96A",4.0,1.6848363,0,2
3HFM_HL_Y|NL31D,1.3434845,-0.01053137,0,2
3HFM_HL_Y|NL31E,4.0,1.2738352,0,2
3HFM_HL_Y|NL32A,4.0,-0.21266901,0,2
3HFM_HL_Y|NY19D,0.41047263,0.1944428,0,2
3HFM_HL_Y|NY19K,0.2401111,0.29331225,0,2
3HFM_HL_Y|NY19Q,-0.042485796,-0.5555327,0,2
3HFM_HL_Y|NY93A,0.21121821,0.34117377,0,2
3HFM_HL_Y|QL53A,0.9530879,-0.38352957,0,2
3HFM_HL_Y|RY21A,0.8618019,1.2913853,0,2
3HFM_HL_Y|RY21E,2.4534352,-0.37239057,0,2
3HFM_HL_Y|RY21G,2.4220753,0.52492934,0,2
3HFM_HL_Y|RY21H,2.1693182,-0.7146874,0,2
3HFM_HL_Y|RY21K,1.766342,1.010543,0,2
3HFM_HL_Y|RY21M,2.0498905,1.0888023,0,2
3HFM_HL_Y|RY21N,2.3282614,0.7605804,0,2
3HFM_HL_Y|RY21Q,2.3975346,-0.2803528,0,2
3HFM_HL_Y|RY21W,2.132881,0.85356694,0,2
3HFM_HL_Y|RY73A,-0.3313971,0.05617132,0,2
3HFM_HL_Y|SH31A,0.17036153,0.05997271,0,2
3HFM_HL_Y|SY100A,0.26765963,0.8028323,0,2
3HFM_HL_Y|TY89A,0.0,2.1826854,0,2
3HFM_HL_Y|WH98A,4.0,0.6990842,0,2
"3HFM_HL_Y|WH98A,KY96A",4.0,-0.5819541,0,2
3HFM_HL_Y|WH98F,3.245562,0.5255573,0,2
"3HFM_HL_Y|WH98F,YY20A",4.0,0.95214784,0,2
3HFM_HL_Y|WY63A,0.31918663,1.6386322,0,2
3HFM_HL_Y|YH33A,4.0,2.8119414,0,2
"3HFM_HL_Y|YH33A,KY97A",4.0,3.6297104,0,2
3HFM_HL_Y|YH33F,1.0712212,-0.67501044,0,2
3HFM_HL_Y|YH33L,2.0069382,1.140573,0,2
3HFM_HL_Y|YH33W,1.7495645,1.126075,0,2
3HFM_HL_Y|YH50A,4.0,1.8933069,0,2
"3HFM_HL_Y|YH50A,RY21A",4.0,2.987096,0,2
3HFM_HL_Y|YH50F,1.6099914,-0.7311814,0,2
3HFM_HL_Y|YH50L,2.8488367,0.6581416,0,2
3HFM_HL_Y|YH53A,3.25038,0.112007216,0,2
3HFM_HL_Y|YH53F,0.62049925,0.18459974,0,2
3HFM_HL_Y|YH53L,0.8068894,0.27268314,0,2
3HFM_HL_Y|YH53W,0.7061819,0.41793874,0,2
3HFM_HL_Y|YH58A,1.6760437,0.71901697,0,2
3HFM_HL_Y|YH58F,0.36312544,-0.49795148,0,2
3HFM_HL_Y|YH58L,1.5136731,0.39511123,0,2
3HFM_HL_Y|YL50A,4.0,0.92225856,0,2
"3HFM_HL_Y|YL50A,KY96A",4.0,0.4375929,0,2
"3HFM_HL_Y|YL50A,KY97A",4.0,0.5229216,0,2
"3HFM_HL_Y|YL50A,RY21A",4.0,1.5748525,0,2
3HFM_HL_Y|YL50F,2.3548672,0.47135133,0,2
"3HFM_HL_Y|YL50F,RY21A",4.0,1.1070888,0,2
"3HFM_HL_Y|YL50F,YY20A",4.0,0.90238965,0,2
3HFM_HL_Y|YL50L,4.0,0.36343008,0,2
3HFM_HL_Y|YL96A,2.707045,2.0945156,0,2
"3HFM_HL_Y|YL96A,RY21A",4.0,3.0585072,0,2
3HFM_HL_Y|YL96F,1.4017794,0.1255293,0,2
"3HFM_HL_Y|YL96F,RY21A",4.0,1.5652337,0,2
3HFM_HL_Y|YY20A,4.0,0.7784746,0,2
3HFM_HL_Y|YY20F,-0.4839681,0.50897044,0,2
3HFM_HL_Y|YY20L,2.1845057,0.42584032,0,2
3SE9_HL_G|DH77A,-0.7664817,0.36930338,0,2
3SE9_HL_G|EL90A,0.41735974,1.1812289,0,2
3SE9_HL_G|FL91A,0.023615688,0.5731234,0,2
3SE9_HL_G|GH106A,-0.3075798,0.11651318,0,2
3SE9_HL_G|GH107A,-0.6151596,0.5034713,0,2
3SE9_HL_G|GH109A,0.18514356,1.3038752,0,2
3SE9_HL_G|GH57A,0.4524448,0.78488415,0,2
3SE9_HL_G|GH62A,0.04634,-0.26866138,0,2
3SE9_HL_G|GL29A,0.46369976,0.6155927,0,2
3SE9_HL_G|LH34A,0.56599987,0.8458366,0,2
3SE9_HL_G|LL89A,0.964243,-0.6072256,0,2
3SE9_HL_G|NH60A,1.5217615,1.2809474,0,2
3SE9_HL_G|PH64A,-0.4419396,0.3211293,0,2
3SE9_HL_G|RH67A,1.4695449,0.5775362,0,2
3SE9_HL_G|RH74A,2.6792572,1.57883,0,2
3SE9_HL_G|RH76A,-0.2322162,0.75702673,0,2
3SE9_HL_G|TH105A,-0.4419396,0.82369816,0,2
3SE9_HL_G|TH56A,-0.85929936,2.022172,0,2
3SE9_HL_G|VH55A,-0.85929936,0.17698203,0,2
3SE9_HL_G|VH59A,0.9833596,1.1436367,0,2
3SE9_HL_G|VL3A,-0.49433115,0.2494306,0,2
3SE9_HL_G|WH48A,1.0584464,1.9625449,0,2
3SE9_HL_G|WH51A,1.275695,1.7185737,0,2
3SE9_HL_G|YH104A,0.46369976,1.9846594,0,2
3SE9_HL_G|YL28A,1.1177194,1.2679045,0,2
4U6H_AB_E|NE21A,-0.3480795,0.6271502,0,2
4U6H_AB_E|QE25A,0.11883454,0.6471605,0,2
4ZS6_HL_A|EA156A,3.0386665,0.949138,0,2
4ZS6_HL_A|YA160A,-0.11025046,0.82816017,0,2
1KIP_AB_C|AB32Y,-0.8005932,-1.9027264,1,0
1XGU_AB_C|FB33A,4.0,1.3712997,1,0
1XGU_AB_C|FB33I,1.8004549,-0.0987161,1,0
1XGU_AB_C|FB33L,1.8617703,-0.8418759,1,0
1XGU_AB_C|FB33V,2.9080825,0.14424707,1,0
2B2X_HL_A|EH64K,-0.033433665,0.39030835,1,0
"2B2X_HL_A|EH64K,QL28S,YL52N",0.911615,0.6361036,1,0
"2B2X_HL_A|EH64K,QL28S,YL52N,GH102S",2.7106705,0.09289892,1,0
"2B2X_HL_A|EH64K,QL28S,YL52N,SH35A",3.119054,1.320253,1,0
"2B2X_HL_A|EH64K,QL28S,YL52N,SH35V",3.770335,0.9822226,1,0
"2B2X_HL_A|EH64K,YL52N",0.34853002,0.9888942,1,0
"2B2X_HL_A|QL28S,YL52N",0.8626942,0.16302833,1,0
2B2X_HL_A|VH50T,0.024054652,0.4758385,1,0
"2B2X_HL_A|VH50T,EH64D,QL28S,YL52N",0.87177193,1.025526,1,0
"2B2X_HL_A|VH50T,EH64K,QL28S",0.991589,0.66981053,1,0
"2B2X_HL_A|VH50T,EH64K,QL28S,YL52D",1.5439764,0.73080397,1,0
"2B2X_HL_A|VH50T,EH64K,QL28S,YL52E",0.95452905,0.6740511,1,0
"2B2X_HL_A|VH50T,EH64K,QL28S,YL52K",1.7007239,1.5439006,1,0
"2B2X_HL_A|VH50T,EH64K,QL28S,YL52N",1.043214,1.2851298,1,0
"2B2X_HL_A|VH50T,EH64K,QL28S,YL52N,FH99W",1.043214,1.5473953,1,0
"2B2X_HL_A|VH50T,EH64K,QL28S,YL52N,FH99Y",1.7978828,0.8497929,1,0
"2B2X_HL_A|VH50T,EH64K,QL28S,YL52N,GH100F",1.4322319,0.7526582,1,0
"2B2X_HL_A|VH50T,EH64K,QL28S,YL52N,GH100L",3.770335,0.49007922,1,0
"2B2X_HL_A|VH50T,EH64K,QL28S,YL52N,GH100M",1.145348,0.6610348,1,0
"2B2X_HL_A|VH50T,EH64K,QL28S,YL52N,GH100S",1.6009614,0.6955039,1,0
"2B2X_HL_A|VH50T,EH64K,QL28S,YL52N,GH53A",1.5558206,1.7021787,1,0
"2B2X_HL_A|VH50T,EH64K,QL28S,YL52N,GH53N",2.2985272,1.0556822,1,0
"2B2X_HL_A|VH50T,EH64K,QL28S,YL52N,GH53S",1.7188073,0.9854978,1,0
"2B2X_HL_A|VH50T,EH64K,QL28S,YL52N,GH54I",2.4067745,0.5396962,1,0
"2B2X_HL_A|VH50T,EH64K,QL28S,YL52N,GH54T",2.2073808,1.3187367,1,0
"2B2X_HL_A|VH50T,EH64K,QL28S,YL52N,GH54Y",1.043214,0.48770648,1,0
"2B2X_HL_A|VH50T,EH64K,QL28S,YL52N,GL92Q",2.6158988,0.96084887,1,0
"2B2X_HL_A|VH50T,EH64K,QL28S,YL52N,GL92S",1.5558206,0.6708535,1,0
"2B2X_HL_A|VH50T,EH64K,QL28S,YL52N,HL31K",2.2073808,1.3717846,1,0
"2B2X_HL_A|VH50T,EH64K,QL28S,YL52N,HL31R",2.1670115,0.81884867,1,0
"2B2X_HL_A|VH50T,EH64K,QL28S,YL52N,HL31W",2.2985272,1.0564786,1,0
"2B2X_HL_A|VH50T,EH64K,QL28S,YL52N,LH60D",0.981894,1.1390018,1,0
"2B2X_HL_A|VH50T,EH64K,QL28S,YL52N,LL49F",1.7554936,0.92967916,1,0
"2B2X_HL_A|VH50T,EH64K,QL28S,YL52N,LL49K",1.9044149,1.4988041,1,0
"2B2X_HL_A|VH50T,EH64K,QL28S,YL52N,LL49W",2.9507816,0.93289894,1,0
"2B2X_HL_A|VH50T,EH64K,QL28S,YL52N,NL30V",2.0925434,1.5569152,1,0
"2B2X_HL_A|VH50T,EH64K,QL28S,YL52N,NL30W",2.6158988,1.5649797,1,0
"2B2X_HL_A|VH50T,EH64K,QL28S,YL52N,NL30Y",2.9507816,0.82112443,1,0
"2B2X_HL_A|VH50T,EH64K,QL28S,YL52N,NL30Y,SL91I",1.4775821,0.594779,1,0
"2B2X_HL_A|VH50T,EH64K,QL28S,YL52N,RH31Q",2.350542,1.4228414,1,0
"2B2X_HL_A|VH50T,EH64K,QL28S,YL52N,SH35A",2.6158988,1.9616393,1,0
"2B2X_HL_A|VH50T,EH64K,QL28S,YL52N,SH35A,GH102S",2.6158988,1.0714505,1,0
"2B2X_HL_A|VH50T,EH64K,QL28S,YL52N,SH35Q",3.770335,1.677145,1,0
"2B2X_HL_A|VH50T,EH64K,QL28S,YL52N,SH35V,GH102S",2.4688888,0.6967492,1,0
"2B2X_HL_A|VH50T,EH64K,QL28S,YL52N,SH52M",3.119054,0.92944115,1,0
"2B2X_HL_A|VH50T,EH64K,QL28S,YL52N,SL24R",0.82788163,1.5576152,1,0
"2B2X_HL_A|VH50T,EH64K,QL28S,YL52N,SL91Q",2.8172472,1.1195124,1,0
"2B2X_HL_A|VH50T,EH64K,QL28S,YL52N,SL91R",3.770335,1.2386265,1,0
"2B2X_HL_A|VH50T,EH64K,QL28S,YL52N,SL91R,NL30E",3.770335,1.0840852,1,0
"2B2X_HL_A|VH50T,EH64K,QL28S,YL52N,SL91T",3.3598623,1.4507699,1,0
"2B2X_HL_A|VH50T,EH64K,QL28S,YL52N,TH33E,GH53Q",2.7106705,0.61579376,1,0
"2B2X_HL_A|VH50T,EH64K,QL28S,YL52N,TH33I,SH52T,GH53N,GH54N",2.9507816,1.0515391,1,0
"2B2X_HL_A|VH50T,EH64K,QL28S,YL52N,TH33I,SH52T,GH53Q,GH54F",2.2985272,0.8093655,1,0
"2B2X_HL_A|VH50T,EH64K,QL28S,YL52N,TH33N",3.770335,0.8270129,1,0
"2B2X_HL_A|VH50T,EH64K,QL28S,YL52N,TH33V",1.4775821,0.8985136,1,0
"2B2X_HL_A|VH50T,EH64K,QL28S,YL52N,WL90Q",3.119054,1.8561698,1,0
"2B2X_HL_A|VH50T,EH64K,QL28S,YL52N,WL90Q,FL33Y",1.914233,1.353063,1,0
"2B2X_HL_A|VH50T,EH64K,QL28S,YL52N,YH58E",3.119054,1.4757754,1,0
"2B2X_HL_A|VH50T,EH64K,QL28S,YL52N,YH58Q",3.119054,2.274864,1,0
"2B2X_HL_A|VH50T,EH64K,QL28S,YL52N,YH58W",1.8641591,2.1181269,1,0
"2B2X_HL_A|VH50T,EH64K,QL28S,YL52N,YH59E",1.5872209,1.2019521,1,0
"2B2X_HL_A|VH50T,EH64K,QL28S,YL52R",1.8880546,1.1625437,1,0
"2B2X_HL_A|VH50T,EH64K,YL52N",0.28173435,1.7568034,1,0
"2B2X_HL_A|VH50T,EH64N,QL28S,YL52N",1.0069425,1.1595834,1,0
"2B2X_HL_A|VH50T,EH64Q,QL28S,YL52N",0.96559924,1.2267339,1,0
"2B2X_HL_A|VH50T,EH64Q,QL28S,YL52N,LH60D",1.0862032,1.060415,1,0
"2B2X_HL_A|VH50T,QL28S,YL52N",0.96559924,0.74330443,1,0
"2B2X_HL_A|VH50T,QL28S,YL52N,LH60D",0.90141344,0.64440686,1,0
"2B2X_HL_A|VH50T,YL52N",0.18636756,1.1001244,1,0
2B2X_HL_A|YL52E,-0.22410508,0.0437009,1,0
2VIR_AB_C|SC115L,3.680209,1.422584,1,0
2VIR_AB_C|TC89I,4.0,0.38159722,1,0
"3G6D_LH_A|EL3V,GL76R,TL77V,QL78E,EL80G",0.13981691,-0.751032,1,0
"3G6D_LH_A|EL3V,GL76R,TL77V,QL78E,EL80G,DH54N",0.111178115,-0.4769017,1,0
"3G6D_LH_A|EL3V,GL76R,TL77V,QL78E,EL80G,TL89S,ML92I,VL93D,TL94K",0.27145106,-0.756827,1,0
3G6D_LH_A|HH104A,-0.9530879,0.30923647,1,0
"3G6D_LH_A|KH210T,KH215T",-0.13294782,-0.13341057,1,0
"3G6D_LH_A|TL89S,ML92I,VL93D,TL94K",0.7979767,-0.6580237,1,0
3G6D_LH_A|WH105A,-1.4965084,0.981585,1,0
"3IDX_HL_G|CG27I,CG242Q",-2.4650376,1.2964668,1,0
"3IDX_HL_G|CG27I,CG242Q,MG247A",-2.1736174,1.7371649,1,0
"3IDX_HL_G|KG85C,EG121C,CG27I,CG242Q",-2.3776865,0.037698302,1,0
"3IDX_HL_G|KG85C,EG121C,WG13M,MG247A,CG14W,CG129V,CG27I,CG242Q",-2.1922898,0.9367671,1,0
"3IDX_HL_G|KG85C,EG122C,WG13M,MG247A,CG14W,CG129V,CG27I,CG242Q",-2.2927184,1.0740558,1,0
"3IDX_HL_G|TG41C,GG245C,MG247A",0.40945426,0.20774683,1,0
"3IDX_HL_G|TG41C,GG245C,WG13M,MG247A,CG14W,CG129V,CG27I,CG242Q",-2.3310676,2.0380776,1,0
"3IDX_HL_G|WG13M,MG247A,CG14W,CG129V",-0.6475391,1.491118,1,0
"3IDX_HL_G|WG13M,MG247A,CG14W,CG129V,CG27I,CG242Q",-2.3479884,1.7165892,1,0
"3IDX_HL_G|WG13M,MG247A,CG14W,CG129V,KG85C,EG121C",-0.36166522,0.34464028,1,0
"3IDX_HL_G|WG13M,SG111T,WG200S,MG247A,CG14W,CG129V,CG27I,CG242Q",-1.8639641,1.0079714,1,0
"3L5X_A_HL|EL93F,YL94G",-0.42800838,1.5402912,1,0
"3L5X_A_HL|EL93H,YL94G",-0.7626503,1.9419363,1,0
"3L5X_A_HL|HL91P,NL92I,EL93D,YL94A",-0.6466697,0.92629105,1,0
"3L5X_A_HL|HL91P,NL92L,EL93D,YL94S",-0.6327897,0.10125796,1,0
"3L5X_A_HL|HL91P,NL92L,EL93D,YL94T",-0.81005055,0.8640709,1,0
"3L5X_A_HL|HL91P,NL92L,EL93D,YL94V",-0.85822237,-0.018097121,1,0
"3L5X_A_HL|HL91P,NL92L,YL94A",-0.44441348,1.0078377,1,0
"3L5X_A_HL|HL91Q,NL92D,EL93I,YL94G",-1.5503801,1.4365387,1,0
"3L5X_A_HL|HL91Q,NL92D,EL93L,YL94G",-1.785132,1.2074848,1,0
"3L5X_A_HL|HL91Q,NL92D,EL93Y,YL94G",-1.451453,0.9021472,1,0
"3L5X_A_HL|NL92D,EL93L,YL94G",-0.42962858,0.5991487,1,0
"3L5X_A_HL|NL92D,EL93N,YL94S",-0.53403836,1.0687324,1,0
"3L5X_A_HL|NL92D,EL93P,YL94G",-1.4699602,1.2342254,1,0
"3L5X_A_HL|NL92D,EL93R,YL94D",-0.52253926,0.3049835,1,0
"3L5X_A_HL|NL92D,EL93W,YL94E",-1.1963489,0.21901754,1,0
"3L5X_A_HL|NL92D,EL93W,YL94G",-1.6825228,1.2436961,1,0
"3L5X_A_HL|NL92D,EL93W,YL94S",-0.71612674,0.59685785,1,0
"3L5X_A_HL|NL92D,EL93Y,YL94A",-0.8069743,0.5171975,1,0
"3L5X_A_HL|NL92E,EL93S,YL94G",-1.2653587,-0.019901987,1,0
"3L5X_A_HL|NL92E,EL93W,YL94G",-1.5503801,0.72770965,1,0
"3L5X_A_HL|NL92F,EL93W,YL94G",-1.2329907,1.0452172,1,0
"3L5X_A_HL|NL92L,EL93D,YL94S",-0.6170473,0.11867865,1,0
"3L5X_A_HL|NL92L,EL93L,YL94G",-0.6259698,0.64292306,1,0
"3L5X_A_HL|NL92L,EL93M,YL94G",-0.82567644,1.0598432,1,0
"3L5X_A_HL|NL92L,EL93N,YL94G",-0.6954369,1.5899171,1,0
"3L5X_A_HL|NL92S,EL93H,YL94G",-1.2457265,1.3693374,1,0
"3L5X_A_HL|NL92S,EL93I,YL94G",-0.8069743,0.92217046,1,0
"3L5X_A_HL|NL92S,EL93S,YL94G",-0.24921271,0.7084429,1,0
"3L5X_A_HL|NL92S,EL93V,YL94G",-0.51687235,0.7851996,1,0
"3L5X_A_HL|NL92S,EL93W,YL94A",-0.30302802,1.3143371,1,0
"3L5X_A_HL|NL92S,EL93W,YL94G",-1.2720501,1.3395802,1,0
"3L5X_A_HL|NL92S,EL93Y,YL94G",-0.9641868,0.6555151,1,0
"3L5X_A_HL|NL92V,EL93G,YL94G",-0.46300006,1.331343,1,0
"3L5X_A_HL|NL92V,EL93W,YL94G",-0.83525383,1.2823797,1,0
3L5X_A_HL|YL94A,-0.82885176,1.068446,1,0
3N85_A_LH|SH32A,-0.13401966,1.8226984,1,0
3N85_A_LH|SH32Y,0.0571225,-0.9251317,1,0
3N85_A_LH|SH50G,0.48767117,1.4549924,1,0
3N85_A_LH|SH52Y,-0.78460336,-0.19211733,1,0
3N85_A_LH|WH100F,-0.015185109,0.35216293,1,0
3N85_A_LH|WH30K,-0.78460336,0.44616842,1,0
3N85_A_LH|WH30R,-0.5539675,-0.10690578,1,0
3N85_A_LH|WL91F,0.13959166,0.71944714,1,0
3N85_A_LH|WL94Y,-0.03871881,-0.7175521,1,0
3SE8_HL_G|DH110A,-0.38934898,1.0309291,1,0
3SE8_HL_G|DH114A,-0.2441398,0.904127,1,0
3SE8_HL_G|DL49A,0.8558488,1.2900914,1,0
3SE8_HL_G|EL1A,-0.5565174,0.86324394,1,0
3SE8_HL_G|EL91A,1.513491,0.9874967,1,0
3SE8_HL_G|FH115A,1.0676043,0.35067636,1,0
3SE8_HL_G|FL90A,-0.8640972,1.4364219,1,0
3SE8_HL_G|FL92A,0.8323254,0.57047147,1,0
3SE8_HL_G|GH56A,0.3570972,0.85944307,1,0
3SE8_HL_G|KH52A,1.1114144,0.55928147,1,0
3SE8_HL_G|LH54A,0.054776184,1.010152,1,0
3SE8_HL_G|NL30A,0.19434923,1.5178465,1,0
3SE8_HL_G|PH78A,0.01881787,0.7900386,1,0
3SE8_HL_G|PH81A,-0.07091986,0.8265813,1,0
3SE8_HL_G|QH63A,1.1144251,0.1648058,1,0
3SE8_HL_G|QH65A,0.54980505,0.52056396,1,0
3SE8_HL_G|QH76A,0.09689985,0.44429934,1,0
3SE8_HL_G|QL27A,-0.21612903,-0.08918328,1,0
3SE8_HL_G|RH30A,-0.03949762,0.76198596,1,0
3SE8_HL_G|RH62A,1.2061691,0.77791125,1,0
3SE8_HL_G|RH72A,2.6444623,2.0093474,1,0
3SE8_HL_G|SH59A,1.1508402,2.103539,1,0
3SE8_HL_G|VH58A,1.2496852,2.0691442,1,0
3SE8_HL_G|WH47A,1.4751467,0.52223647,1,0
3SE8_HL_G|WH50A,1.333526,1.4917927,1,0
3SE8_HL_G|WH55A,0.7611056,0.7640457,1,0
3SE8_HL_G|YH111A,0.82992166,1.1417886,1,0
3SE8_HL_G|YH60A,0.8558488,1.4268712,1,0
4KRL_A_B|DB112A,0.6496817,1.3121407,1,0
5C6T_HL_A|EA194A,1.0906719,0.74179626,1,0
5C6T_HL_A|FA192A,1.9972014,1.0313255,1,0
5C6T_HL_A|FA199A,2.7581792,0.8767889,1,0
5C6T_HL_A|FA200A,0.41047263,0.80858237,1,0
5C6T_HL_A|FH99A,1.4600298,0.8053268,1,0
5C6T_HL_A|IA201A,0.88561165,-0.2728707,1,0
5C6T_HL_A|NA183A,0.28399685,0.9252195,1,0
5C6T_HL_A|NA186A,0.3630724,0.41818166,1,0
5C6T_HL_A|NA188A,-0.36658686,1.6151947,1,0
"5C6T_HL_A|NA195A,DA197A",0.58650106,1.8603624,1,0
5C6T_HL_A|NH97A,1.5258962,1.3717175,1,0
5C6T_HL_A|RH31S,0.3115454,0.14111038,1,0
5C6T_HL_A|RL48A,0.1229613,1.379941,1,0
5C6T_HL_A|SH32A,-0.8683455,1.1384139,1,0
5C6T_HL_A|TA185A,0.33786914,0.12358947,1,0
5C6T_HL_A|YA182A,3.2083547,1.673808,1,0
"5C6T_HL_A|YA182A,NA195A,DA197A",2.942425,2.9258304,1,0
5C6T_HL_A|YH104A,0.3630724,1.5903403,1,0
5C6T_HL_A|YH98A,1.7166799,1.9931477,1,0
5C6T_HL_A|YL47A,0.5516565,2.0750828,1,0
1KIP_AB_C|AB32Y,-0.8005932,-1.7764326,1,1
1XGU_AB_C|FB33A,4.0,4.037339,1,1
1XGU_AB_C|FB33I,1.8004549,1.9668396,1,1
1XGU_AB_C|FB33L,1.8617703,1.5501231,1,1
1XGU_AB_C|FB33V,2.9080825,3.2076638,1,1
2B2X_HL_A|EH64K,-0.033433665,0.21741919,1,1
"2B2X_HL_A|EH64K,QL28S,YL52N",0.911615,0.8500346,1,1
"2B2X_HL_A|EH64K,QL28S,YL52N,GH102S",2.7106705,1.4528844,1,1
"2B2X_HL_A|EH64K,QL28S,YL52N,SH35A",3.119054,1.5851545,1,1
"2B2X_HL_A|EH64K,QL28S,YL52N,SH35V",3.770335,2.0382702,1,1
"2B2X_HL_A|EH64K,YL52N",0.34853002,0.7767901,1,1
"2B2X_HL_A|QL28S,YL52N",0.8626942,0.6279671,1,1
2B2X_HL_A|VH50T,0.024054652,-0.4178068,1,1
"2B2X_HL_A|VH50T,EH64D,QL28S,YL52N",0.87177193,0.55442387,1,1
"2B2X_HL_A|VH50T,EH64K,QL28S",0.991589,0.38240793,1,1
"2B2X_HL_A|VH50T,EH64K,QL28S,YL52D",1.5439764,0.7156083,1,1
"2B2X_HL_A|VH50T,EH64K,QL28S,YL52E",0.95452905,0.86008584,1,1
"2B2X_HL_A|VH50T,EH64K,QL28S,YL52K",1.7007239,1.4362074,1,1
"2B2X_HL_A|VH50T,EH64K,QL28S,YL52N",1.043214,0.8830139,1,1
"2B2X_HL_A|VH50T,EH64K,QL28S,YL52N,FH99W",1.043214,1.0166789,1,1
"2B2X_HL_A|VH50T,EH64K,QL28S,YL52N,FH99Y",1.7978828,0.8252691,1,1
"2B2X_HL_A|VH50T,EH64K,QL28S,YL52N,GH100F",1.4322319,0.9732789,1,1
"2B2X_HL_A|VH50T,EH64K,QL28S,YL52N,GH100L",3.770335,0.9894499,1,1
"2B2X_HL_A|VH50T,EH64K,QL28S,YL52N,GH100M",1.145348,1.22597,1,1
"2B2X_HL_A|VH50T,EH64K,QL28S,YL52N,GH100S",1.6009614,1.2168845,1,1
"2B2X_HL_A|VH50T,EH64K,QL28S,YL52N,GH53A",1.5558206,1.7206365,1,1
"2B2X_HL_A|VH50T,EH64K,QL28S,YL52N,GH53N",2.2985272,1.1881084,1,1
"2B2X_HL_A|VH50T,EH64K,QL28S,YL52N,GH53S",1.7188073,0.9947855,1,1
"2B2X_HL_A|VH50T,EH64K,QL28S,YL52N,GH54I",2.4067745,0.91787183,1,1
"2B2X_HL_A|VH50T,EH64K,QL28S,YL52N,GH54T",2.2073808,1.4089592,1,1
"2B2X_HL_A|VH50T,EH64K,QL28S,YL52N,GH54Y",1.043214,0.5118567,1,1
"2B2X_HL_A|VH50T,EH64K,QL28S,YL52N,GL92Q",2.6158988,1.4809316,1,1
"2B2X_HL_A|VH50T,EH64K,QL28S,YL52N,GL92S",1.5558206,1.2022291,1,1
"2B2X_HL_A|VH50T,EH64K,QL28S,YL52N,HL31K",2.2073808,1.9093199,1,1
"2B2X_HL_A|VH50T,EH64K,QL28S,YL52N,HL31R",2.1670115,0.9462238,1,1
"2B2X_HL_A|VH50T,EH64K,QL28S,YL52N,HL31W",2.2985272,1.1546289,1,1
"2B2X_HL_A|VH50T,EH64K,QL28S,YL52N,LH60D",0.981894,0.85184413,1,1
"2B2X_HL_A|VH50T,EH64K,QL28S,YL52N,LL49F",1.7554936,1.2219707,1,1
"2B2X_HL_A|VH50T,EH64K,QL28S,YL52N,LL49K",1.9044149,1.4891107,1,1
"2B2X_HL_A|VH50T,EH64K,QL28S,YL52N,LL49W",2.9507816,0.8815918,1,1
"2B2X_HL_A|VH50T,EH64K,QL28S,YL52N,NL30V",2.0925434,1.6887124,1,1
"2B2X_HL_A|VH50T,EH64K,QL28S,YL52N,NL30W",2.6158988,1.4904984,1,1
"2B2X_HL_A|VH50T,EH64K,QL28S,YL52N,NL30Y",2.9507816,0.8394842,1,1
"2B2X_HL_A|VH50T,EH64K,QL28S,YL52N,NL30Y,SL91I",1.4775821,0.89518327,1,1
"2B2X_HL_A|VH50T,EH64K,QL28S,YL52N,RH31Q",2.350542,1.1687251,1,1
"2B2X_HL_A|VH50T,EH64K,QL28S,YL52N,SH35A",2.6158988,1.6583283,1,1
"2B2X_HL_A|VH50T,EH64K,QL28S,YL52N,SH35A,GH102S",2.6158988,1.9162213,1,1
"2B2X_HL_A|VH50T,EH64K,QL28S,YL52N,SH35Q",3.770335,2.11039,1,1
"2B2X_HL_A|VH50T,EH64K,QL28S,YL52N,SH35V,GH102S",2.4688888,2.321116,1,1
"2B2X_HL_A|VH50T,EH64K,QL28S,YL52N,SH52M",3.119054,0.9270789,1,1
"2B2X_HL_A|VH50T,EH64K,QL28S,YL52N,SL24R",0.82788163,0.94281036,1,1
"2B2X_HL_A|VH50T,EH64K,QL28S,YL52N,SL91Q",2.8172472,1.383761,1,1
"2B2X_HL_A|VH50T,EH64K,QL28S,YL52N,SL91R",3.770335,0.8001668,1,1
"2B2X_HL_A|VH50T,EH64K,QL28S,YL52N,SL91R,NL30E",3.770335,1.2597383,1,1
"2B2X_HL_A|VH50T,EH64K,QL28S,YL52N,SL91T",3.3598623,1.018809,1,1
"2B2X_HL_A|VH50T,EH64K,QL28S,YL52N,TH33E,GH53Q",2.7106705,1.7041718,1,1
"2B2X_HL_A|VH50T,EH64K,QL28S,YL52N,TH33I,SH52T,GH53N,GH54N",2.9507816,1.7493393,1,1
"2B2X_HL_A|VH50T,EH64K,QL28S,YL52N,TH33I,SH52T,GH53Q,GH54F",2.2985272,1.5533963,1,1
"2B2X_HL_A|VH50T,EH64K,QL28S,YL52N,TH33N",3.770335,1.2493056,1,1
"2B2X_HL_A|VH50T,EH64K,QL28S,YL52N,TH33V",1.4775821,1.3799199,1,1
"2B2X_HL_A|VH50T,EH64K,QL28S,YL52N,WL90Q",3.119054,1.4900268,1,1
"2B2X_HL_A|VH50T,EH64K,QL28S,YL52N,WL90Q,FL33Y",1.914233,1.2442545,1,1
"2B2X_HL_A|VH50T,EH64K,QL28S,YL52N,YH58E",3.119054,1.3027583,1,1
"2B2X_HL_A|VH50T,EH64K,QL28S,YL52N,YH58Q",3.119054,1.8164163,1,1
"2B2X_HL_A|VH50T,EH64K,QL28S,YL52N,YH58W",1.8641591,1.4270543,1,1
"2B2X_HL_A|VH50T,EH64K,QL28S,YL52N,YH59E",1.5872209,1.3903165,1,1
"2B2X_HL_A|VH50T,EH64K,QL28S,YL52R",1.8880546,1.1582993,1,1
"2B2X_HL_A|VH50T,EH64K,YL52N",0.28173435,0.80373114,1,1
"2B2X_HL_A|VH50T,EH64N,QL28S,YL52N",1.0069425,0.4456614,1,1
"2B2X_HL_A|VH50T,EH64Q,QL28S,YL52N",0.96559924,0.6280872,1,1
"2B2X_HL_A|VH50T,EH64Q,QL28S,YL52N,LH60D",1.0862032,0.6035443,1,1
"2B2X_HL_A|VH50T,QL28S,YL52N",0.96559924,0.7371465,1,1
"2B2X_HL_A|VH50T,QL28S,YL52N,LH60D",0.90141344,0.61371,1,1
"2B2X_HL_A|VH50T,YL52N",0.18636756,0.73793733,1,1
2B2X_HL_A|YL52E,-0.22410508,0.85096407,1,1
2VIR_AB_C|SC115L,3.680209,0.2990367,1,1
2VIR_AB_C|TC89I,4.0,3.0798652,1,1
"3G6D_LH_A|EL3V,GL76R,TL77V,QL78E,EL80G",0.13981691,0.3698866,1,1
"3G6D_LH_A|EL3V,GL76R,TL77V,QL78E,EL80G,DH54N",0.111178115,1.3252484,1,1
"3G6D_LH_A|EL3V,GL76R,TL77V,QL78E,EL80G,TL89S,ML92I,VL93D,TL94K",0.27145106,-0.1277968,1,1
3G6D_LH_A|HH104A,-0.9530879,0.9448811,1,1
"3G6D_LH_A|KH210T,KH215T",-0.13294782,-1.2950909,1,1
"3G6D_LH_A|TL89S,ML92I,VL93D,TL94K",0.7979767,-0.5395513,1,1
3G6D_LH_A|WH105A,-1.4965084,0.7994188,1,1
"3IDX_HL_G|CG27I,CG242Q",-2.4650376,0.54687244,1,1
"3IDX_HL_G|CG27I,CG242Q,MG247A",-2.1736174,1.1332108,1,1
"3IDX_HL_G|KG85C,EG121C,CG27I,CG242Q",-2.3776865,1.2046617,1,1
"3IDX_HL_G|KG85C,EG121C,WG13M,MG247A,CG14W,CG129V,CG27I,CG242Q",-2.1922898,1.7606142,1,1
"3IDX_HL_G|KG85C,EG122C,WG13M,MG247A,CG14W,CG129V,CG27I,CG242Q",-2.2927184,1.3771975,1,1
"3IDX_HL_G|TG41C,GG245C,MG247A",0.40945426,2.0967393,1,1
"3IDX_HL_G|TG41C,GG245C,WG13M,MG247A,CG14W,CG129V,CG27I,CG242Q",-2.3310676,3.8306048,1,1
"3IDX_HL_G|WG13M,MG247A,CG14W,CG129V",-0.6475391,1.2253323,1,1
"3IDX_HL_G|WG13M,MG247A,CG14W,CG129V,CG27I,CG242Q",-2.3479884,1.7626772,1,1
"3IDX_HL_G|WG13M,MG247A,CG14W,CG129V,KG85C,EG121C",-0.36166522,0.17719954,1,1
"3IDX_HL_G|WG13M,SG111T,WG200S,MG247A,CG14W,CG129V,CG27I,CG242Q",-1.8639641,0.49459684,1,1
"3L5X_A_HL|EL93F,YL94G",-0.42800838,0.9834283,1,1
"3L5X_A_HL|EL93H,YL94G",-0.7626503,1.4696921,1,1
"3L5X_A_HL|HL91P,NL92I,EL93D,YL94A",-0.6466697,1.343245,1,1
"3L5X_A_HL|HL91P,NL92L,EL93D,YL94S",-0.6327897,0.10304036,1,1
"3L5X_A_HL|HL91P,NL92L,EL93D,YL94T",-0.81005055,0.19895647,1,1
"3L5X_A_HL|HL91P,NL92L,EL93D,YL94V",-0.85822237,-0.09012943,1,1
"3L5X_A_HL|HL91P,NL92L,YL94A",-0.44441348,0.0022779284,1,1
"3L5X_A_HL|HL91Q,NL92D,EL93I,YL94G",-1.5503801,0.6072981,1,1
"3L5X_A_HL|HL91Q,NL92D,EL93L,YL94G",-1.785132,0.6248382,1,1
"3L5X_A_HL|HL91Q,NL92D,EL93Y,YL94G",-1.451453,0.25004122,1,1
"3L5X_A_HL|NL92D,EL93L,YL94G",-0.42962858,0.6747208,1,1
"3L5X_A_HL|NL92D,EL93N,YL94S",-0.53403836,0.9892741,1,1
"3L5X_A_HL|NL92D,EL93P,YL94G",-1.4699602,0.7527353,1,1
"3L5X_A_HL|NL92D,EL93R,YL94D",-0.52253926,0.6358605,1,1
"3L5X_A_HL|NL92D,EL93W,YL94E",-1.1963489,0.007977904,1,1
"3L5X_A_HL|NL92D,EL93W,YL94G",-1.6825228,0.41474506,1,1
"3L5X_A_HL|NL92D,EL93W,YL94S",-0.71612674,0.35534686,1,1
"3L5X_A_HL|NL92D,EL93Y,YL94A",-0.8069743,0.86142147,1,1
"3L5X_A_HL|NL92E,EL93S,YL94G",-1.2653587,-0.03318619,1,1
"3L5X_A_HL|NL92E,EL93W,YL94G",-1.5503801,-0.43413383,1,1
"3L5X_A_HL|NL92F,EL93W,YL94G",-1.2329907,0.55070156,1,1
"3L5X_A_HL|NL92L,EL93D,YL94S",-0.6170473,0.39383233,1,1
"3L5X_A_HL|NL92L,EL93L,YL94G",-0.6259698,0.6725167,1,1
"3L5X_A_HL|NL92L,EL93M,YL94G",-0.82567644,1.2318561,1,1
"3L5X_A_HL|NL92L,EL93N,YL94G",-0.6954369,1.236376,1,1
"3L5X_A_HL|NL92S,EL93H,YL94G",-1.2457265,0.83716935,1,1
"3L5X_A_HL|NL92S,EL93I,YL94G",-0.8069743,0.5371977,1,1
"3L5X_A_HL|NL92S,EL93S,YL94G",-0.24921271,0.9062397,1,1
"3L5X_A_HL|NL92S,EL93V,YL94G",-0.51687235,0.45270967,1,1
"3L5X_A_HL|NL92S,EL93W,YL94A",-0.30302802,0.89456505,1,1
"3L5X_A_HL|NL92S,EL93W,YL94G",-1.2720501,0.3633301,1,1
"3L5X_A_HL|NL92S,EL93Y,YL94G",-0.9641868,0.1254708,1,1
"3L5X_A_HL|NL92V,EL93G,YL94G",-0.46300006,0.79883,1,1
"3L5X_A_HL|NL92V,EL93W,YL94G",-0.83525383,0.6031132,1,1
3L5X_A_HL|YL94A,-0.82885176,1.549431,1,1
3N85_A_LH|SH32A,-0.13401966,1.0011922,1,1
3N85_A_LH|SH32Y,0.0571225,-2.055353,1,1
3N85_A_LH|SH50G,0.48767117,0.34881195,1,1
3N85_A_LH|SH52Y,-0.78460336,-0.79496384,1,1
3N85_A_LH|WH100F,-0.015185109,0.22651818,1,1
3N85_A_LH|WH30K,-0.78460336,1.9211063,1,1
3N85_A_LH|WH30R,-0.5539675,0.78081125,1,1
3N85_A_LH|WL91F,0.13959166,0.5625371,1,1
3N85_A_LH|WL94Y,-0.03871881,-1.1168344,1,1
3SE8_HL_G|DH110A,-0.38934898,0.25511065,1,1
3SE8_HL_G|DH114A,-0.2441398,0.8137059,1,1
3SE8_HL_G|DL49A,0.8558488,2.223384,1,1
3SE8_HL_G|EL1A,-0.5565174,0.20150883,1,1
3SE8_HL_G|EL91A,1.513491,1.171256,1,1
3SE8_HL_G|FH115A,1.0676043,2.6241891,1,1
3SE8_HL_G|FL90A,-0.8640972,0.28456867,1,1
3SE8_HL_G|FL92A,0.8323254,1.2433077,1,1
3SE8_HL_G|GH56A,0.3570972,1.1412147,1,1
3SE8_HL_G|KH52A,1.1114144,0.71270686,1,1
3SE8_HL_G|LH54A,0.054776184,0.7272895,1,1
3SE8_HL_G|NL30A,0.19434923,1.6799557,1,1
3SE8_HL_G|PH78A,0.01881787,-0.39557642,1,1
3SE8_HL_G|PH81A,-0.07091986,0.37156528,1,1
3SE8_HL_G|QH63A,1.1144251,-0.31755465,1,1
3SE8_HL_G|QH65A,0.54980505,-0.397482,1,1
3SE8_HL_G|QH76A,0.09689985,-0.26758882,1,1
3SE8_HL_G|QL27A,-0.21612903,-0.72662026,1,1
3SE8_HL_G|RH30A,-0.03949762,0.6618324,1,1
3SE8_HL_G|RH62A,1.2061691,-0.10155686,1,1
3SE8_HL_G|RH72A,2.6444623,3.053904,1,1
3SE8_HL_G|SH59A,1.1508402,0.2549268,1,1
3SE8_HL_G|VH58A,1.2496852,1.4848709,1,1
3SE8_HL_G|WH47A,1.4751467,1.2394077,1,1
3SE8_HL_G|WH50A,1.333526,1.6723676,1,1
3SE8_HL_G|WH55A,0.7611056,-0.8684364,1,1
3SE8_HL_G|YH111A,0.82992166,1.2409389,1,1
3SE8_HL_G|YH60A,0.8558488,1.1984354,1,1
4KRL_A_B|DB112A,0.6496817,2.2674015,1,1
5C6T_HL_A|EA194A,1.0906719,1.5318633,1,1
5C6T_HL_A|FA192A,1.9972014,1.890396,1,1
5C6T_HL_A|FA199A,2.7581792,2.223739,1,1
5C6T_HL_A|FA200A,0.41047263,-1.1762117,1,1
5C6T_HL_A|FH99A,1.4600298,-0.35339513,1,1
5C6T_HL_A|IA201A,0.88561165,1.1079018,1,1
5C6T_HL_A|NA183A,0.28399685,1.0401399,1,1
5C6T_HL_A|NA186A,0.3630724,0.19014952,1,1
5C6T_HL_A|NA188A,-0.36658686,1.7376426,1,1
"5C6T_HL_A|NA195A,DA197A",0.58650106,2.9032972,1,1
5C6T_HL_A|NH97A,1.5258962,-0.29788184,1,1
5C6T_HL_A|RH31S,0.3115454,0.3491463,1,1
5C6T_HL_A|RL48A,0.1229613,0.7053763,1,1
5C6T_HL_A|SH32A,-0.8683455,-0.390487,1,1
5C6T_HL_A|TA185A,0.33786914,0.9325437,1,1
5C6T_HL_A|YA182A,3.2083547,2.0599377,1,1
"5C6T_HL_A|YA182A,NA195A,DA197A",2.942425,4.5423164,1,1
5C6T_HL_A|YH104A,0.3630724,1.2889093,1,1
5C6T_HL_A|YH98A,1.7166799,0.38012913,1,1
5C6T_HL_A|YL47A,0.5516565,1.337047,1,1
1KIP_AB_C|AB32Y,-0.8005932,-0.94208354,1,2
1XGU_AB_C|FB33A,4.0,3.5810862,1,2
1XGU_AB_C|FB33I,1.8004549,1.6055366,1,2
1XGU_AB_C|FB33L,1.8617703,1.874329,1,2
1XGU_AB_C|FB33V,2.9080825,2.805137,1,2
2B2X_HL_A|EH64K,-0.033433665,0.2716538,1,2
"2B2X_HL_A|EH64K,QL28S,YL52N",0.911615,1.1587809,1,2
"2B2X_HL_A|EH64K,QL28S,YL52N,GH102S",2.7106705,1.5067208,1,2
"2B2X_HL_A|EH64K,QL28S,YL52N,SH35A",3.119054,1.6061956,1,2
"2B2X_HL_A|EH64K,QL28S,YL52N,SH35V",3.770335,1.790524,1,2
"2B2X_HL_A|EH64K,YL52N",0.34853002,0.8780392,1,2
"2B2X_HL_A|QL28S,YL52N",0.8626942,0.9153088,1,2
2B2X_HL_A|VH50T,0.024054652,-0.7083868,1,2
"2B2X_HL_A|VH50T,EH64D,QL28S,YL52N",0.87177193,0.6462342,1,2
"2B2X_HL_A|VH50T,EH64K,QL28S",0.991589,0.18511753,1,2
"2B2X_HL_A|VH50T,EH64K,QL28S,YL52D",1.5439764,0.86242497,1,2
"2B2X_HL_A|VH50T,EH64K,QL28S,YL52E",0.95452905,0.7453862,1,2
"2B2X_HL_A|VH50T,EH64K,QL28S,YL52K",1.7007239,1.2354343,1,2
"2B2X_HL_A|VH50T,EH64K,QL28S,YL52N",1.043214,1.0995992,1,2
"2B2X_HL_A|VH50T,EH64K,QL28S,YL52N,FH99W",1.043214,1.2305921,1,2
"2B2X_HL_A|VH50T,EH64K,QL28S,YL52N,FH99Y",1.7978828,0.8420319,1,2
"2B2X_HL_A|VH50T,EH64K,QL28S,YL52N,GH100F",1.4322319,0.89991903,1,2
"2B2X_HL_A|VH50T,EH64K,QL28S,YL52N,GH100L",3.770335,0.9245009,1,2
"2B2X_HL_A|VH50T,EH64K,QL28S,YL52N,GH100M",1.145348,1.2908128,1,2
"2B2X_HL_A|VH50T,EH64K,QL28S,YL52N,GH100S",1.6009614,1.4742845,1,2
"2B2X_HL_A|VH50T,EH64K,QL28S,YL52N,GH53A",1.5558206,1.5414938,1,2
"2B2X_HL_A|VH50T,EH64K,QL28S,YL52N,GH53N",2.2985272,1.271073,1,2
"2B2X_HL_A|VH50T,EH64K,QL28S,YL52N,GH53S",1.7188073,1.0276583,1,2
"2B2X_HL_A|VH50T,EH64K,QL28S,YL52N,GH54I",2.4067745,0.7527843,1,2
"2B2X_HL_A|VH50T,EH64K,QL28S,YL52N,GH54T",2.2073808,0.78693455,1,2
"2B2X_HL_A|VH50T,EH64K,QL28S,YL52N,GH54Y",1.043214,-0.016331088,1,2
"2B2X_HL_A|VH50T,EH64K,QL28S,YL52N,GL92Q",2.6158988,1.6059152,1,2
"2B2X_HL_A|VH50T,EH64K,QL28S,YL52N,GL92S",1.5558206,1.2577809,1,2
"2B2X_HL_A|VH50T,EH64K,QL28S,YL52N,HL31K",2.2073808,1.6359506,1,2
"2B2X_HL_A|VH50T,EH64K,QL28S,YL52N,HL31R",2.1670115,0.8011486,1,2
"2B2X_HL_A|VH50T,EH64K,QL28S,YL52N,HL31W",2.2985272,0.8666122,1,2
"2B2X_HL_A|VH50T,EH64K,QL28S,YL52N,LH60D",0.981894,1.1651902,1,2
"2B2X_HL_A|VH50T,EH64K,QL28S,YL52N,LL49F",1.7554936,0.7034218,1,2
"2B2X_HL_A|VH50T,EH64K,QL28S,YL52N,LL49K",1.9044149,1.069605,1,2
"2B2X_HL_A|VH50T,EH64K,QL28S,YL52N,LL49W",2.9507816,0.37982062,1,2
"2B2X_HL_A|VH50T,EH64K,QL28S,YL52N,NL30V",2.0925434,1.4076737,1,2
"2B2X_HL_A|VH50T,EH64K,QL28S,YL52N,NL30W",2.6158988,0.34123847,1,2
"2B2X_HL_A|VH50T,EH64K,QL28S,YL52N,NL30Y",2.9507816,0.015716633,1,2
"2B2X_HL_A|VH50T,EH64K,QL28S,YL52N,NL30Y,SL91I",1.4775821,0.35677543,1,2
"2B2X_HL_A|VH50T,EH64K,QL28S,YL52N,RH31Q",2.350542,1.1466527,1,2
"2B2X_HL_A|VH50T,EH64K,QL28S,YL52N,SH35A",2.6158988,1.7800776,1,2
"2B2X_HL_A|VH50T,EH64K,QL28S,YL52N,SH35A,GH102S",2.6158988,1.8740803,1,2
"2B2X_HL_A|VH50T,EH64K,QL28S,YL52N,SH35Q",3.770335,1.5772339,1,2
"2B2X_HL_A|VH50T,EH64K,QL28S,YL52N,SH35V,GH102S",2.4688888,1.944364,1,2
"2B2X_HL_A|VH50T,EH64K,QL28S,YL52N,SH52M",3.119054,0.8535153,1,2
"2B2X_HL_A|VH50T,EH64K,QL28S,YL52N,SL24R",0.82788163,1.1632339,1,2
"2B2X_HL_A|VH50T,EH64K,QL28S,YL52N,SL91Q",2.8172472,1.452111,1,2
"2B2X_HL_A|VH50T,EH64K,QL28S,YL52N,SL91R",3.770335,1.2444867,1,2
"2B2X_HL_A|VH50T,EH64K,QL28S,YL52N,SL91R,NL30E",3.770335,0.99383134,1,2
"2B2X_HL_A|VH50T,EH64K,QL28S,YL52N,SL91T",3.3598623,1.2918448,1,2
"2B2X_HL_A|VH50T,EH64K,QL28S,YL52N,TH33E,GH53Q",2.7106705,2.2714014,1,2
"2B2X_HL_A|VH50T,EH64K,QL28S,YL52N,TH33I,SH52T,GH53N,GH54N",2.9507816,1.8920234,1,2
"2B2X_HL_A|VH50T,EH64K,QL28S,YL52N,TH33I,SH52T,GH53Q,GH54F",2.2985272,1.9556016,1,2
"2B2X_HL_A|VH50T,EH64K,QL28S,YL52N,TH33N",3.770335,1.3486156,1,2
"2B2X_HL_A|VH50T,EH64K,QL28S,YL52N,TH33V",1.4775821,1.729364,1,2
"2B2X_HL_A|VH50T,EH64K,QL28S,YL52N,WL90Q",3.119054,2.443,1,2
"2B2X_HL_A|VH50T,EH64K,QL28S,YL52N,WL90Q,FL33Y",1.914233,1.5498083,1,2
"2B2X_HL_A|VH50T,EH64K,QL28S,YL52N,YH58E",3.119054,1.6671149,1,2
"2B2X_HL_A|VH50T,EH64K,QL28S,YL52N,YH58Q",3.119054,1.9962963,1,2
"2B2X_HL_A|VH50T,EH64K,QL28S,YL52N,YH58W",1.8641591,1.2976028,1,2
"2B2X_HL_A|VH50T,EH64K,QL28S,YL52N,YH59E",1.5872209,1.8783218,1,2
"2B2X_HL_A|VH50T,EH64K,QL28S,YL52R",1.8880546,0.83732116,1,2
"2B2X_HL_A|VH50T,EH64K,YL52N",0.28173435,0.8901572,1,2
"2B2X_HL_A|VH50T,EH64N,QL28S,YL52N",1.0069425,1.0695965,1,2
"2B2X_HL_A|VH50T,EH64Q,QL28S,YL52N",0.96559924,0.98842806,1,2
"2B2X_HL_A|VH50T,EH64Q,QL28S,YL52N,LH60D",1.0862032,0.9275341,1,2
"2B2X_HL_A|VH50T,QL28S,YL52N",0.96559924,0.9852416,1,2
"2B2X_HL_A|VH50T,QL28S,YL52N,LH60D",0.90141344,0.99817836,1,2
"2B2X_HL_A|VH50T,YL52N",0.18636756,0.8381703,1,2
2B2X_HL_A|YL52E,-0.22410508,0.25370958,1,2
2VIR_AB_C|SC115L,3.680209,-1.2398403,1,2
2VIR_AB_C|TC89I,4.0,3.4096768,1,2
"3G6D_LH_A|EL3V,GL76R,TL77V,QL78E,EL80G",0.13981691,1.3965956,1,2
"3G6D_LH_A|EL3V,GL76R,TL77V,QL78E,EL80G,DH54N",0.111178115,1.8487687,1,2
"3G6D_LH_A|EL3V,GL76R,TL77V,QL78E,EL80G,TL89S,ML92I,VL93D,TL94K",0.27145106,0.4959061,1,2
3G6D_LH_A|HH104A,-0.9530879,-0.45775056,1,2
"3G6D_LH_A|KH210T,KH215T",-0.13294782,-0.32901204,1,2
"3G6D_LH_A|TL89S,ML92I,VL93D,TL94K",0.7979767,-0.92767656,1,2
3G6D_LH_A|WH105A,-1.4965084,1.0097262,1,2
"3IDX_HL_G|CG27I,CG242Q",-2.4650376,-0.4502009,1,2
"3IDX_HL_G|CG27I,CG242Q,MG247A",-2.1736174,0.6002399,1,2
"3IDX_HL_G|KG85C,EG121C,CG27I,CG242Q",-2.3776865,0.16380839,1,2
"3IDX_HL_G|KG85C,EG121C,WG13M,MG247A,CG14W,CG129V,CG27I,CG242Q",-2.1922898,0.29798913,1,2
"3IDX_HL_G|KG85C,EG122C,WG13M,MG247A,CG14W,CG129V,CG27I,CG242Q",-2.2927184,0.31152463,1,2
"3IDX_HL_G|TG41C,GG245C,MG247A",0.40945426,1.4857736,1,2
"3IDX_HL_G|TG41C,GG245C,WG13M,MG247A,CG14W,CG129V,CG27I,CG242Q",-2.3310676,0.79315203,1,2
"3IDX_HL_G|WG13M,MG247A,CG14W,CG129V",-0.6475391,0.13511248,1,2
"3IDX_HL_G|WG13M,MG247A,CG14W,CG129V,CG27I,CG242Q",-2.3479884,0.049290307,1,2
"3IDX_HL_G|WG13M,MG247A,CG14W,CG129V,KG85C,EG121C",-0.36166522,-0.16632532,1,2
"3IDX_HL_G|WG13M,SG111T,WG200S,MG247A,CG14W,CG129V,CG27I,CG242Q",-1.8639641,0.07086772,1,2
"3L5X_A_HL|EL93F,YL94G",-0.42800838,1.0140315,1,2
"3L5X_A_HL|EL93H,YL94G",-0.7626503,1.6612985,1,2
"3L5X_A_HL|HL91P,NL92I,EL93D,YL94A",-0.6466697,0.19771695,1,2
"3L5X_A_HL|HL91P,NL92L,EL93D,YL94S",-0.6327897,0.029320799,1,2
"3L5X_A_HL|HL91P,NL92L,EL93D,YL94T",-0.81005055,-0.4161585,1,2
"3L5X_A_HL|HL91P,NL92L,EL93D,YL94V",-0.85822237,0.2649123,1,2
"3L5X_A_HL|HL91P,NL92L,YL94A",-0.44441348,0.9892793,1,2
"3L5X_A_HL|HL91Q,NL92D,EL93I,YL94G",-1.5503801,-0.375215,1,2
"3L5X_A_HL|HL91Q,NL92D,EL93L,YL94G",-1.785132,-0.5291183,1,2
"3L5X_A_HL|HL91Q,NL92D,EL93Y,YL94G",-1.451453,-0.97813535,1,2
"3L5X_A_HL|NL92D,EL93L,YL94G",-0.42962858,-0.353408,1,2
"3L5X_A_HL|NL92D,EL93N,YL94S",-0.53403836,0.8151775,1,2
"3L5X_A_HL|NL92D,EL93P,YL94G",-1.4699602,0.3398339,1,2
"3L5X_A_HL|NL92D,EL93R,YL94D",-0.52253926,-1.3719935,1,2
"3L5X_A_HL|NL92D,EL93W,YL94E",-1.1963489,-1.177172,1,2
"3L5X_A_HL|NL92D,EL93W,YL94G",-1.6825228,-0.78826654,1,2
"3L5X_A_HL|NL92D,EL93W,YL94S",-0.71612674,-0.7201674,1,2
"3L5X_A_HL|NL92D,EL93Y,YL94A",-0.8069743,-0.7856308,1,2
"3L5X_A_HL|NL92E,EL93S,YL94G",-1.2653587,0.55118805,1,2
"3L5X_A_HL|NL92E,EL93W,YL94G",-1.5503801,-0.48634946,1,2
"3L5X_A_HL|NL92F,EL93W,YL94G",-1.2329907,-0.5675667,1,2
"3L5X_A_HL|NL92L,EL93D,YL94S",-0.6170473,0.36482623,1,2
"3L5X_A_HL|NL92L,EL93L,YL94G",-0.6259698,0.32375744,1,2
"3L5X_A_HL|NL92L,EL93M,YL94G",-0.82567644,1.1086736,1,2
"3L5X_A_HL|NL92L,EL93N,YL94G",-0.6954369,1.3559567,1,2
"3L5X_A_HL|NL92S,EL93H,YL94G",-1.2457265,0.8508776,1,2
"3L5X_A_HL|NL92S,EL93I,YL94G",-0.8069743,0.20153686,1,2
"3L5X_A_HL|NL92S,EL93S,YL94G",-0.24921271,0.9040298,1,2
"3L5X_A_HL|NL92S,EL93V,YL94G",-0.51687235,0.6016865,1,2
"3L5X_A_HL|NL92S,EL93W,YL94A",-0.30302802,-0.29330012,1,2
"3L5X_A_HL|NL92S,EL93W,YL94G",-1.2720501,-0.3704063,1,2
"3L5X_A_HL|NL92S,EL93Y,YL94G",-0.9641868,-0.319767,1,2
"3L5X_A_HL|NL92V,EL93G,YL94G",-0.46300006,0.7266135,1,2
"3L5X_A_HL|NL92V,EL93W,YL94G",-0.83525383,0.2799392,1,2
3L5X_A_HL|YL94A,-0.82885176,2.0050824,1,2
3N85_A_LH|SH32A,-0.13401966,0.64837164,1,2
3N85_A_LH|SH32Y,0.0571225,-1.5648063,1,2
3N85_A_LH|SH50G,0.48767117,-0.41659683,1,2
3N85_A_LH|SH52Y,-0.78460336,-2.8986003,1,2
3N85_A_LH|WH100F,-0.015185109,-0.12332493,1,2
3N85_A_LH|WH30K,-0.78460336,1.6087077,1,2
3N85_A_LH|WH30R,-0.5539675,0.06926774,1,2
3N85_A_LH|WL91F,0.13959166,1.1376708,1,2
3N85_A_LH|WL94Y,-0.03871881,-1.0219703,1,2
3SE8_HL_G|DH110A,-0.38934898,-0.033892404,1,2
3SE8_HL_G|DH114A,-0.2441398,1.4429293,1,2
3SE8_HL_G|DL49A,0.8558488,1.7292634,1,2
3SE8_HL_G|EL1A,-0.5565174,0.2559933,1,2
3SE8_HL_G|EL91A,1.513491,0.6841311,1,2
3SE8_HL_G|FH115A,1.0676043,0.7124766,1,2
3SE8_HL_G|FL90A,-0.8640972,1.2939017,1,2
3SE8_HL_G|FL92A,0.8323254,0.6653915,1,2
3SE8_HL_G|GH56A,0.3570972,1.0451924,1,2
3SE8_HL_G|KH52A,1.1114144,0.7449851,1,2
3SE8_HL_G|LH54A,0.054776184,0.8086485,1,2
3SE8_HL_G|NL30A,0.19434923,1.8314533,1,2
3SE8_HL_G|PH78A,0.01881787,-0.61029094,1,2
3SE8_HL_G|PH81A,-0.07091986,0.22392416,1,2
3SE8_HL_G|QH63A,1.1144251,0.23101915,1,2
3SE8_HL_G|QH65A,0.54980505,0.2990352,1,2
3SE8_HL_G|QH76A,0.09689985,-0.07087056,1,2
3SE8_HL_G|QL27A,-0.21612903,-0.30298334,1,2
3SE8_HL_G|RH30A,-0.03949762,0.85126066,1,2
3SE8_HL_G|RH62A,1.2061691,-0.11844812,1,2
3SE8_HL_G|RH72A,2.6444623,2.6731644,1,2
3SE8_HL_G|SH59A,1.1508402,0.10295489,1,2
3SE8_HL_G|VH58A,1.2496852,1.3432996,1,2
3SE8_HL_G|WH47A,1.4751467,1.2172691,1,2
3SE8_HL_G|WH50A,1.333526,1.7840565,1,2
3SE8_HL_G|WH55A,0.7611056,0.07313426,1,2
3SE8_HL_G|YH111A,0.82992166,0.8839706,1,2
3SE8_HL_G|YH60A,0.8558488,1.1624147,1,2
4KRL_A_B|DB112A,0.6496817,2.9611976,1,2
5C6T_HL_A|EA194A,1.0906719,0.9982572,1,2
5C6T_HL_A|FA192A,1.9972014,1.4153022,1,2
5C6T_HL_A|FA199A,2.7581792,1.8154327,1,2
5C6T_HL_A|FA200A,0.41047263,1.3178276,1,2
5C6T_HL_A|FH99A,1.4600298,0.9234255,1,2
5C6T_HL_A|IA201A,0.88561165,2.373204,1,2
5C6T_HL_A|NA183A,0.28399685,0.17695548,1,2
5C6T_HL_A|NA186A,0.3630724,-0.7836181,1,2
5C6T_HL_A|NA188A,-0.36658686,1.8880821,1,2
"5C6T_HL_A|NA195A,DA197A",0.58650106,4.4665546,1,2
5C6T_HL_A|NH97A,1.5258962,0.37976062,1,2
5C6T_HL_A|RH31S,0.3115454,0.2653305,1,2
5C6T_HL_A|RL48A,0.1229613,0.6901759,1,2
5C6T_HL_A|SH32A,-0.8683455,0.733414,1,2
5C6T_HL_A|TA185A,0.33786914,1.9858985,1,2
5C6T_HL_A|YA182A,3.2083547,2.3731015,1,2
"5C6T_HL_A|YA182A,NA195A,DA197A",2.942425,6.21816,1,2
5C6T_HL_A|YH104A,0.3630724,2.5279012,1,2
5C6T_HL_A|YH98A,1.7166799,0.8525037,1,2
5C6T_HL_A|YL47A,0.5516565,1.8209709,1,2
1DVF_AB_CD|DB100A,2.7895143,1.3687388,2,0
"1DVF_AB_CD|DB100A,DD52A",4.0,1.0686,2,0
"1DVF_AB_CD|DB100A,HD33A",4.0,0.08755207,2,0
"1DVF_AB_CD|DB100A,ND55A",4.0,-0.74136513,2,0
1DVF_AB_CD|DB54A,4.0,0.27470094,2,0
"1DVF_AB_CD|DB54A,YC49A",4.0,0.25184035,2,0
1DVF_AB_CD|DB58A,1.6000048,1.731804,2,0
"1DVF_AB_CD|DB58A,QD104A",1.4641725,2.495037,2,0
1DVF_AB_CD|DD52A,1.6822901,2.1216295,2,0
1DVF_AB_CD|EB98A,4.0,2.3343725,2,0
"1DVF_AB_CD|EB98A,YD102A",4.0,1.3417637,2,0
1DVF_AB_CD|HA30A,1.6493824,0.6470201,2,0
1DVF_AB_CD|HD33A,1.8606005,0.43006206,2,0
1DVF_AB_CD|ID101A,2.6815457,1.1695232,2,0
1DVF_AB_CD|KD30A,1.0035173,0.5577006,2,0
1DVF_AB_CD|NB56A,1.1624389,0.18547487,2,0
"1DVF_AB_CD|NB56A,HD33A",2.5259995,-0.12593417,2,0
"1DVF_AB_CD|NB56A,ND55A",2.3010929,-0.104286574,2,0
"1DVF_AB_CD|NB56A,QD104A",1.4868644,1.8174859,2,0
1DVF_AB_CD|ND55A,1.8606005,-1.5901921,2,0
1DVF_AB_CD|QD104A,1.6287225,1.9797524,2,0
1DVF_AB_CD|RB99A,1.8746451,0.24941282,2,0
1DVF_AB_CD|RD106A,4.0,-0.4415316,2,0
1DVF_AB_CD|SA93A,1.1624389,-0.044284455,2,0
1DVF_AB_CD|TB30A,0.9075126,0.111964926,2,0
1DVF_AB_CD|WA92A,0.34072307,-0.2903844,2,0
1DVF_AB_CD|WB52A,4.0,1.1887386,2,0
"1DVF_AB_CD|WB52A,QD104A",4.0,1.1225537,2,0
1DVF_AB_CD|YA32A,2.0303695,1.045912,2,0
"1DVF_AB_CD|YA32A,RD106A",4.0,0.9729314,2,0
1DVF_AB_CD|YA49A,1.6785902,1.1341832,2,0
"1DVF_AB_CD|YA49A,HD33A",2.625045,2.2770422,2,0
"1DVF_AB_CD|YA49A,ND55A",2.0303695,0.8265627,2,0
1DVF_AB_CD|YA50A,0.6877736,2.124052,2,0
1DVF_AB_CD|YB101F,2.0123136,1.8395184,2,0
1DVF_AB_CD|YB32A,1.8314707,0.47804302,2,0
1DVF_AB_CD|YC49A,1.8606005,0.4732085,2,0
1DVF_AB_CD|YD102A,4.0,1.043065,2,0
1MHP_HL_A|FH99W,0.0,-0.6526077,2,0
1MHP_HL_A|FH99Y,0.75466895,-1.0935369,2,0
1MHP_HL_A|GH100F,0.38901797,-0.033771574,2,0
1MHP_HL_A|GH100L,2.727121,-0.8954536,2,0
1MHP_HL_A|GH100M,0.10213403,-0.32970554,2,0
1MHP_HL_A|GH100S,0.5577475,-1.0672996,2,0
1MHP_HL_A|GH53A,0.5126066,0.4186083,2,0
1MHP_HL_A|GH53N,1.2553134,0.0818601,2,0
1MHP_HL_A|GH53S,0.6755934,-0.03122674,2,0
1MHP_HL_A|GH54I,1.3635606,-0.07742065,2,0
1MHP_HL_A|GH54T,1.1641668,0.4718712,2,0
1MHP_HL_A|GH54Y,0.0,-0.875971,2,0
1MHP_HL_A|GL91Q,1.572685,-0.32029426,2,0
1MHP_HL_A|GL91S,0.5126066,-0.15827003,2,0
1MHP_HL_A|HL30K,1.1641668,0.4592986,2,0
1MHP_HL_A|HL30R,1.1237977,-0.22596055,2,0
1MHP_HL_A|HL30W,1.2553134,-0.15108272,2,0
1MHP_HL_A|KH64D,-0.17144196,-0.82612413,2,0
1MHP_HL_A|KH64E,-0.07761467,-0.8453939,2,0
"1MHP_HL_A|KH64E,SL27Q",-0.85684633,-1.3204765,2,0
"1MHP_HL_A|KH64E,SL27Q,NL51Y",-1.0191593,-1.7059919,2,0
1MHP_HL_A|KH64N,-0.03627145,-0.19128491,2,0
1MHP_HL_A|KH64Q,-0.07761467,-0.57270116,2,0
1MHP_HL_A|LH60D,-0.061319917,-0.285721,2,0
"1MHP_HL_A|LH60D,KH64E",-0.1418005,-0.83851504,2,0
"1MHP_HL_A|LH60D,KH64Q",0.042989343,-0.77546865,2,0
1MHP_HL_A|LL48F,0.71227974,-0.39763772,2,0
1MHP_HL_A|LL48K,0.8612009,0.05422105,2,0
1MHP_HL_A|LL48W,1.9075676,-0.40688103,2,0
1MHP_HL_A|NL29V,1.0493295,0.57285464,2,0
1MHP_HL_A|NL29W,1.572685,0.2712471,2,0
1MHP_HL_A|NL29Y,1.9075676,0.33248758,2,0
"1MHP_HL_A|NL29Y,SL90I",0.43436813,0.36879307,2,0
1MHP_HL_A|NL51D,0.5007625,-0.08186499,2,0
1MHP_HL_A|NL51E,-0.08868487,-0.19167967,2,0
1MHP_HL_A|NL51K,0.65751,0.3943436,2,0
1MHP_HL_A|NL51R,0.84484076,-0.15455054,2,0
1MHP_HL_A|NL51Y,-0.05162489,-0.6401133,2,0
1MHP_HL_A|RH31Q,1.3073281,-0.05362878,2,0
1MHP_HL_A|SH35A,1.572685,0.22317727,2,0
"1MHP_HL_A|SH35A,GH102S",1.572685,1.0462016,2,0
1MHP_HL_A|SH35Q,2.727121,-0.6367465,2,0
"1MHP_HL_A|SH35V,GH102S",1.4256749,0.25210744,2,0
1MHP_HL_A|SH52M,2.0758402,0.022478253,2,0
1MHP_HL_A|SL23R,-0.21533228,-0.008255392,2,0
1MHP_HL_A|SL27Q,-0.6661127,-0.4056478,2,0
1MHP_HL_A|SL90Q,1.7740332,0.17219433,2,0
1MHP_HL_A|SL90T,2.3166485,0.46700144,2,0
"1MHP_HL_A|TH33E,GH53Q",1.6674565,0.03830918,2,0
"1MHP_HL_A|TH33I,SH52T,GH53N,GH54N",1.9075676,2.1708636,2,0
"1MHP_HL_A|TH33I,SH52T,GH53Q,GH54F",1.2553134,0.5723207,2,0
1MHP_HL_A|TH33N,2.727121,0.5711483,2,0
1MHP_HL_A|TH33V,0.43436813,0.06328483,2,0
1MHP_HL_A|TH50V,-0.13159887,-0.24526595,2,0
"1MHP_HL_A|TH50V,GH102S",1.6674565,-0.017855138,2,0
"1MHP_HL_A|TH50V,KH64E",-0.1805197,-1.5410117,2,0
"1MHP_HL_A|TH50V,KH64E,SL27Q,NL51E",-1.267319,-2.0176828,2,0
"1MHP_HL_A|TH50V,KH64E,SL27Q,NL51Y",-1.0844951,-2.3523118,2,0
"1MHP_HL_A|TH50V,SH35A",2.0758402,-0.16306113,2,0
"1MHP_HL_A|TH50V,SH35V",2.727121,-0.6735852,2,0
"1MHP_HL_A|TH50V,SL27Q",-0.6946839,-0.89037025,2,0
"1MHP_HL_A|TH50V,SL27Q,NL51Y",-1.0235296,-1.5776163,2,0
1MHP_HL_A|WL89Q,2.0758402,0.05692479,2,0
"1MHP_HL_A|WL89Q,FL32Y",0.871019,-0.8326864,2,0
1MHP_HL_A|YH58E,2.0758402,0.30893284,2,0
1MHP_HL_A|YH58Q,2.0758402,1.4352281,2,0
1MHP_HL_A|YH58W,0.82094526,0.96627676,2,0
1MHP_HL_A|YH59E,0.54400706,-0.42374814,2,0
1N8Z_AB_C|DB102W,-0.71302944,-1.376997,2,0
1N8Z_AB_C|FC539A,0.035102826,-0.3707602,2,0
1N8Z_AB_C|HA91F,0.034232877,-0.685876,2,0
1N8Z_AB_C|LC509A,-0.023045197,1.6314781,2,0
1N8Z_AB_C|NA30S,0.06666317,0.011616094,2,0
"1N8Z_AB_C|NA30S,HA91F,YA92W",-0.07476232,0.027436543,2,0
"1N8Z_AB_C|NA30S,HA91F,YA92W,TA94S,DB102W,YB105F,YB109V",0.050661404,-0.20638837,2,0
1N8Z_AB_C|RB50A,2.9754758,1.3817894,2,0
1N8Z_AB_C|RB59A,1.8037988,0.9672676,2,0
1N8Z_AB_C|SC535A,0.030827092,0.5026223,2,0
1N8Z_AB_C|TA94S,0.32168603,-0.2840708,2,0
1N8Z_AB_C|VC536A,0.008972699,0.37304276,2,0
1N8Z_AB_C|YB105F,0.8540034,0.7187857,2,0
1N8Z_AB_C|YB109V,0.23192272,0.79459864,2,0
1XGQ_AB_C|VB33A,1.1525793,1.4765725,2,0
1XGQ_AB_C|VB33F,-2.9080825,-2.3905208,2,0
1XGQ_AB_C|VB33I,-1.1076277,-0.48206228,2,0
1XGQ_AB_C|VB33L,-1.0463123,-0.61707693,2,0
1YQV_HL_Y|RY45K,1.8995041,-0.13661496,2,0
"1YQV_HL_Y|RY68K,TY40S,IY55V,SY91T",4.0,-0.3018068,2,0
"1YQV_HL_Y|RY68K,TY40S,IY55V,SY91T,QY121H",0.0,0.79367083,2,0
1YY9_CD_A|AC25P,0.07225565,-2.2496388,2,0
1YY9_CD_A|AD98P,1.0372273,-0.66656405,2,0
1YY9_CD_A|GD54P,0.26807046,0.41657507,2,0
1YY9_CD_A|LD29P,0.030827092,-0.35114038,2,0
1YY9_CD_A|NC93A,-0.74186975,0.41699266,2,0
1YY9_CD_A|ND56A,-0.057046015,0.098350376,2,0
1YY9_CD_A|SC26D,-0.19925442,-1.0392711,2,0
"1YY9_CD_A|SC26D,TC31E,NC93A",-1.3329437,-0.47692674,2,0
"1YY9_CD_A|SC26D,TC31E,NC93A,ND56A,TD61E",-0.6517935,-0.32462728,2,0
1YY9_CD_A|SC26P,-0.009110746,-0.012539156,2,0
1YY9_CD_A|SC28P,-0.22229962,0.016905695,2,0
1YY9_CD_A|SC54P,-0.018363854,0.049184225,2,0
1YY9_CD_A|SD53P,0.8175451,-0.5056953,2,0
1YY9_CD_A|TC31E,-0.51892465,-0.09231405,2,0
"1YY9_CD_A|TC31E,NC93A",-0.81853306,0.24499884,2,0
1YY9_CD_A|TC96P,4.0,-0.22984375,2,0
1YY9_CD_A|TD61E,-0.057046015,-0.31419826,2,0
1YY9_CD_A|WD52P,1.4782712,0.11947295,2,0
1YY9_CD_A|YD101P,1.6514195,0.39917368,2,0
3NPS_A_BC|DA214A,1.466743,1.2228324,2,0
3NPS_A_BC|DA46A,0.3399866,0.20935763,2,0
3NPS_A_BC|DA47A,1.0674704,0.075308464,2,0
3NPS_A_BC|DA91A,1.5070341,0.73462933,2,0
3NPS_A_BC|EA163A,0.61534816,0.11872184,2,0
3NPS_A_BC|FA50A,0.21957076,2.3790588,2,0
3NPS_A_BC|FA89A,1.5714045,1.0956812,2,0
3NPS_A_BC|FA92A,0.46353978,0.6211327,2,0
3NPS_A_BC|HA138A,1.8750918,-0.23884185,2,0
3NPS_A_BC|IA26A,0.6415425,-0.07587499,2,0
3NPS_A_BC|IA45A,-0.33181784,1.2682949,2,0
3NPS_A_BC|KA221A,-0.10361039,1.4089459,2,0
3NPS_A_BC|LA147A,0.29573628,0.7618759,2,0
3NPS_A_BC|NA90A,0.25341922,0.7014086,2,0
3NPS_A_BC|QA140A,0.29573628,0.44026446,2,0
3NPS_A_BC|QA168A,-0.059223834,0.51102364,2,0
3NPS_A_BC|QA169A,0.7409076,0.799987,2,0
3NPS_A_BC|QA218A,-0.040916756,0.49604195,2,0
3NPS_A_BC|QA23A,0.026323749,1.1226946,2,0
3NPS_A_BC|RA219A,-0.08390186,-0.19637842,2,0
3NPS_A_BC|RA48A,-1.062741,-1.1634856,2,0
3NPS_A_BC|RA51A,0.13816836,0.38929474,2,0
3NPS_A_BC|RA82A,-0.15159543,0.079363026,2,0
3NPS_A_BC|TA144A,0.17497002,0.5089568,2,0
3NPS_A_BC|TA93A,0.72381234,0.553922,2,0
3NPS_A_BC|YA141A,1.7748737,1.2926078,2,0
3NPS_A_BC|YA52A,0.4518898,0.0476432,2,0
3W2D_A_HL|KA67N,4.0,-0.014211293,2,0
3W2D_A_HL|KA67R,-0.42812017,1.6611685,2,0
3W2D_A_HL|YA45F,0.8779443,0.18572474,2,0
3W2D_A_HL|YA45L,2.3647563,2.532644,2,0
"4KRO_A_B|DA321T,FA323A",0.1269707,2.9418278,2,0
"4KRP_A_B|DA277T,FA279A",0.35829666,2.78584,2,0
4NM8_ABCDEF_HL|DB19N,0.66149956,0.5723088,2,0
4NM8_ABCDEF_HL|IB18M,0.10977998,0.5766032,2,0
4NM8_ABCDEF_HL|LB38Y,-0.6151596,1.6480514,2,0
4NM8_ABCDEF_HL|QB34R,2.9754758,0.10008766,2,0
4NM8_ABCDEF_HL|QB34T,2.3309386,-1.0134187,2,0
4NM8_ABCDEF_HL|RB25M,3.442353,0.25517026,2,0
4NM8_ABCDEF_HL|TB32E,-0.5517196,0.41968012,2,0
4NM8_ABCDEF_HL|TB32I,-0.050205972,1.6498477,2,0
4NM8_ABCDEF_HL|TB32R,1.2211944,1.2333491,2,0
1DVF_AB_CD|DB100A,2.7895143,1.2305149,2,1
"1DVF_AB_CD|DB100A,DD52A",4.0,2.2564623,2,1
"1DVF_AB_CD|DB100A,HD33A",4.0,2.2975929,2,1
"1DVF_AB_CD|DB100A,ND55A",4.0,1.9359668,2,1
1DVF_AB_CD|DB54A,4.0,0.24359253,2,1
"1DVF_AB_CD|DB54A,YC49A",4.0,3.3018305,2,1
1DVF_AB_CD|DB58A,1.6000048,1.3904331,2,1
"1DVF_AB_CD|DB58A,QD104A",1.4641725,2.574986,2,1
1DVF_AB_CD|DD52A,1.6822901,0.98376125,2,1
1DVF_AB_CD|EB98A,4.0,1.6459394,2,1
"1DVF_AB_CD|EB98A,YD102A",4.0,3.2732372,2,1
1DVF_AB_CD|HA30A,1.6493824,0.37327632,2,1
1DVF_AB_CD|HD33A,1.8606005,1.185901,2,1
1DVF_AB_CD|ID101A,2.6815457,0.35555127,2,1
1DVF_AB_CD|KD30A,1.0035173,0.09986684,2,1
1DVF_AB_CD|NB56A,1.1624389,0.19947146,2,1
"1DVF_AB_CD|NB56A,HD33A",2.5259995,1.4105561,2,1
"1DVF_AB_CD|NB56A,ND55A",2.3010929,0.47466552,2,1
"1DVF_AB_CD|NB56A,QD104A",1.4868644,1.2411603,2,1
1DVF_AB_CD|ND55A,1.8606005,0.5964233,2,1
1DVF_AB_CD|QD104A,1.6287225,1.2372047,2,1
1DVF_AB_CD|RB99A,1.8746451,0.72157484,2,1
1DVF_AB_CD|RD106A,4.0,0.42597812,2,1
1DVF_AB_CD|SA93A,1.1624389,0.3019661,2,1
1DVF_AB_CD|TB30A,0.9075126,0.15196437,2,1
1DVF_AB_CD|WA92A,0.34072307,1.3715549,2,1
1DVF_AB_CD|WB52A,4.0,1.4273467,2,1
"1DVF_AB_CD|WB52A,QD104A",4.0,2.8498409,2,1
1DVF_AB_CD|YA32A,2.0303695,1.7931268,2,1
"1DVF_AB_CD|YA32A,RD106A",4.0,2.4511719,2,1
1DVF_AB_CD|YA49A,1.6785902,1.3212396,2,1
"1DVF_AB_CD|YA49A,HD33A",2.625045,2.4759977,2,1
"1DVF_AB_CD|YA49A,ND55A",2.0303695,1.7945693,2,1
1DVF_AB_CD|YA50A,0.6877736,1.0320635,2,1
1DVF_AB_CD|YB101F,2.0123136,1.5408528,2,1
1DVF_AB_CD|YB32A,1.8314707,1.0935457,2,1
1DVF_AB_CD|YC49A,1.8606005,2.7906947,2,1
1DVF_AB_CD|YD102A,4.0,1.0563219,2,1
1MHP_HL_A|FH99W,0.0,-0.61533713,2,1
1MHP_HL_A|FH99Y,0.75466895,-0.5529365,2,1
1MHP_HL_A|GH100F,0.38901797,-0.28034428,2,1
1MHP_HL_A|GH100L,2.727121,-0.40116495,2,1
1MHP_HL_A|GH100M,0.10213403,0.10261996,2,1
1MHP_HL_A|GH100S,0.5577475,-0.44653422,2,1
1MHP_HL_A|GH53A,0.5126066,-0.08758524,2,1
1MHP_HL_A|GH53N,1.2553134,0.040374655,2,1
1MHP_HL_A|GH53S,0.6755934,-0.427559,2,1
1MHP_HL_A|GH54I,1.3635606,-0.0771538,2,1
1MHP_HL_A|GH54T,1.1641668,0.16547936,2,1
1MHP_HL_A|GH54Y,0.0,-0.5289793,2,1
1MHP_HL_A|GL91Q,1.572685,-0.079037875,2,1
1MHP_HL_A|GL91S,0.5126066,-0.42880335,2,1
1MHP_HL_A|HL30K,1.1641668,0.9013252,2,1
1MHP_HL_A|HL30R,1.1237977,-0.5258358,2,1
1MHP_HL_A|HL30W,1.2553134,-0.29989597,2,1
1MHP_HL_A|KH64D,-0.17144196,-0.9588265,2,1
1MHP_HL_A|KH64E,-0.07761467,-1.0279137,2,1
"1MHP_HL_A|KH64E,SL27Q",-0.85684633,-1.3197991,2,1
"1MHP_HL_A|KH64E,SL27Q,NL51Y",-1.0191593,-1.4810009,2,1
1MHP_HL_A|KH64N,-0.03627145,-0.7064184,2,1
1MHP_HL_A|KH64Q,-0.07761467,-0.77640134,2,1
1MHP_HL_A|LH60D,-0.061319917,-0.019206773,2,1
"1MHP_HL_A|LH60D,KH64E",-0.1418005,-0.9446992,2,1
"1MHP_HL_A|LH60D,KH64Q",0.042989343,-0.76811385,2,1
1MHP_HL_A|LL48F,0.71227974,0.14709257,2,1
1MHP_HL_A|LL48K,0.8612009,0.82878315,2,1
1MHP_HL_A|LL48W,1.9075676,-0.041946083,2,1
1MHP_HL_A|NL29V,1.0493295,0.28055763,2,1
1MHP_HL_A|NL29W,1.572685,-0.40141773,2,1
1MHP_HL_A|NL29Y,1.9075676,-0.25653026,2,1
"1MHP_HL_A|NL29Y,SL90I",0.43436813,-0.3583781,2,1
1MHP_HL_A|NL51D,0.5007625,-0.18968664,2,1
1MHP_HL_A|NL51E,-0.08868487,-0.302941,2,1
1MHP_HL_A|NL51K,0.65751,0.1303272,2,1
1MHP_HL_A|NL51R,0.84484076,-0.15045188,2,1
1MHP_HL_A|NL51Y,-0.05162489,-0.5032974,2,1
1MHP_HL_A|RH31Q,1.3073281,0.30746824,2,1
1MHP_HL_A|SH35A,1.572685,1.452359,2,1
"1MHP_HL_A|SH35A,GH102S",1.572685,1.1685067,2,1
1MHP_HL_A|SH35Q,2.727121,-0.08082843,2,1
"1MHP_HL_A|SH35V,GH102S",1.4256749,0.13462043,2,1
1MHP_HL_A|SH52M,2.0758402,-0.5180693,2,1
1MHP_HL_A|SL23R,-0.21533228,-0.024947021,2,1
1MHP_HL_A|SL27Q,-0.6661127,-0.24543452,2,1
1MHP_HL_A|SL90Q,1.7740332,0.004361082,2,1
1MHP_HL_A|SL90T,2.3166485,1.1018615,2,1
"1MHP_HL_A|TH33E,GH53Q",1.6674565,-0.3862119,2,1
"1MHP_HL_A|TH33I,SH52T,GH53N,GH54N",1.9075676,0.9360173,2,1
"1MHP_HL_A|TH33I,SH52T,GH53Q,GH54F",1.2553134,0.16220027,2,1
1MHP_HL_A|TH33N,2.727121,-0.21356475,2,1
1MHP_HL_A|TH33V,0.43436813,-0.3353725,2,1
1MHP_HL_A|TH50V,-0.13159887,-0.48328218,2,1
"1MHP_HL_A|TH50V,GH102S",1.6674565,-0.7332732,2,1
"1MHP_HL_A|TH50V,KH64E",-0.1805197,-1.5247766,2,1
"1MHP_HL_A|TH50V,KH64E,SL27Q,NL51E",-1.267319,-1.7603531,2,1
"1MHP_HL_A|TH50V,KH64E,SL27Q,NL51Y",-1.0844951,-2.0094447,2,1
"1MHP_HL_A|TH50V,SH35A",2.0758402,0.19900928,2,1
"1MHP_HL_A|TH50V,SH35V",2.727121,-0.47687608,2,1
"1MHP_HL_A|TH50V,SL27Q",-0.6946839,-0.90038186,2,1
"1MHP_HL_A|TH50V,SL27Q,NL51Y",-1.0235296,-1.1875578,2,1
1MHP_HL_A|WL89Q,2.0758402,0.9260544,2,1
"1MHP_HL_A|WL89Q,FL32Y",0.871019,0.43376747,2,1
1MHP_HL_A|YH58E,2.0758402,0.76519084,2,1
1MHP_HL_A|YH58Q,2.0758402,1.3635256,2,1
1MHP_HL_A|YH58W,0.82094526,0.2663094,2,1
1MHP_HL_A|YH59E,0.54400706,0.9483108,2,1
1N8Z_AB_C|DB102W,-0.71302944,-0.7453605,2,1
1N8Z_AB_C|FC539A,0.035102826,0.8607633,2,1
1N8Z_AB_C|HA91F,0.034232877,-0.14477561,2,1
1N8Z_AB_C|LC509A,-0.023045197,1.0542113,2,1
1N8Z_AB_C|NA30S,0.06666317,-0.6426854,2,1
"1N8Z_AB_C|NA30S,HA91F,YA92W",-0.07476232,-0.16709122,2,1
"1N8Z_AB_C|NA30S,HA91F,YA92W,TA94S,DB102W,YB105F,YB109V",0.050661404,-1.4389237,2,1
1N8Z_AB_C|RB50A,2.9754758,1.3832551,2,1
1N8Z_AB_C|RB59A,1.8037988,0.8214881,2,1
1N8Z_AB_C|SC535A,0.030827092,-0.1889351,2,1
1N8Z_AB_C|TA94S,0.32168603,-0.508126,2,1
1N8Z_AB_C|VC536A,0.008972699,0.53290814,2,1
1N8Z_AB_C|YB105F,0.8540034,0.17896399,2,1
1N8Z_AB_C|YB109V,0.23192272,0.7212902,2,1
1XGQ_AB_C|VB33A,1.1525793,0.8968284,2,1
1XGQ_AB_C|VB33F,-2.9080825,-0.75866544,2,1
1XGQ_AB_C|VB33I,-1.1076277,-0.503556,2,1
1XGQ_AB_C|VB33L,-1.0463123,-0.5359016,2,1
1YQV_HL_Y|RY45K,1.8995041,-0.11819555,2,1
"1YQV_HL_Y|RY68K,TY40S,IY55V,SY91T",4.0,-0.12584358,2,1
"1YQV_HL_Y|RY68K,TY40S,IY55V,SY91T,QY121H",0.0,0.48433068,2,1
1YY9_CD_A|AC25P,0.07225565,-1.5382924,2,1
1YY9_CD_A|AD98P,1.0372273,-1.1197995,2,1
1YY9_CD_A|GD54P,0.26807046,-0.4788416,2,1
1YY9_CD_A|LD29P,0.030827092,-0.09103954,2,1
1YY9_CD_A|NC93A,-0.74186975,-0.46994156,2,1
1YY9_CD_A|ND56A,-0.057046015,-0.022131119,2,1
1YY9_CD_A|SC26D,-0.19925442,0.24393895,2,1
"1YY9_CD_A|SC26D,TC31E,NC93A",-1.3329437,0.1355062,2,1
"1YY9_CD_A|SC26D,TC31E,NC93A,ND56A,TD61E",-0.6517935,-0.24054644,2,1
1YY9_CD_A|SC26P,-0.009110746,0.0053837635,2,1
1YY9_CD_A|SC28P,-0.22229962,-0.36195257,2,1
1YY9_CD_A|SC54P,-0.018363854,-0.51553166,2,1
1YY9_CD_A|SD53P,0.8175451,-0.34198594,2,1
1YY9_CD_A|TC31E,-0.51892465,0.07730164,2,1
"1YY9_CD_A|TC31E,NC93A",-0.81853306,-0.011852078,2,1
1YY9_CD_A|TC96P,4.0,-0.25473455,2,1
1YY9_CD_A|TD61E,-0.057046015,-0.2974605,2,1
1YY9_CD_A|WD52P,1.4782712,0.22078152,2,1
1YY9_CD_A|YD101P,1.6514195,-0.10530625,2,1
3NPS_A_BC|DA214A,1.466743,0.7164163,2,1
3NPS_A_BC|DA46A,0.3399866,0.70597863,2,1
3NPS_A_BC|DA47A,1.0674704,0.8528442,2,1
3NPS_A_BC|DA91A,1.5070341,1.1357573,2,1
3NPS_A_BC|EA163A,0.61534816,0.66622126,2,1
3NPS_A_BC|FA50A,0.21957076,1.2526898,2,1
3NPS_A_BC|FA89A,1.5714045,1.190738,2,1
3NPS_A_BC|FA92A,0.46353978,1.642676,2,1
3NPS_A_BC|HA138A,1.8750918,0.2285535,2,1
3NPS_A_BC|IA26A,0.6415425,0.3909056,2,1
3NPS_A_BC|IA45A,-0.33181784,0.18937443,2,1
3NPS_A_BC|KA221A,-0.10361039,0.78314656,2,1
3NPS_A_BC|LA147A,0.29573628,0.72872543,2,1
3NPS_A_BC|NA90A,0.25341922,0.5230868,2,1
3NPS_A_BC|QA140A,0.29573628,1.0518789,2,1
3NPS_A_BC|QA168A,-0.059223834,0.66543365,2,1
3NPS_A_BC|QA169A,0.7409076,0.9423622,2,1
3NPS_A_BC|QA218A,-0.040916756,0.8000308,2,1
3NPS_A_BC|QA23A,0.026323749,0.776336,2,1
3NPS_A_BC|RA219A,-0.08390186,-0.08043243,2,1
3NPS_A_BC|RA48A,-1.062741,-0.42536345,2,1
3NPS_A_BC|RA51A,0.13816836,-0.13081937,2,1
3NPS_A_BC|RA82A,-0.15159543,0.9066394,2,1
3NPS_A_BC|TA144A,0.17497002,0.98840463,2,1
3NPS_A_BC|TA93A,0.72381234,0.5162988,2,1
3NPS_A_BC|YA141A,1.7748737,1.1834925,2,1
3NPS_A_BC|YA52A,0.4518898,1.179895,2,1
3W2D_A_HL|KA67N,4.0,0.38619876,2,1
3W2D_A_HL|KA67R,-0.42812017,0.79826427,2,1
3W2D_A_HL|YA45F,0.8779443,-0.34646186,2,1
3W2D_A_HL|YA45L,2.3647563,-0.24061966,2,1
"4KRO_A_B|DA321T,FA323A",0.1269707,1.2002978,2,1
"4KRP_A_B|DA277T,FA279A",0.35829666,1.1648935,2,1
4NM8_ABCDEF_HL|DB19N,0.66149956,0.34537086,2,1
4NM8_ABCDEF_HL|IB18M,0.10977998,-0.082609504,2,1
4NM8_ABCDEF_HL|LB38Y,-0.6151596,1.4119513,2,1
4NM8_ABCDEF_HL|QB34R,2.9754758,1.2276691,2,1
4NM8_ABCDEF_HL|QB34T,2.3309386,-0.014430085,2,1
4NM8_ABCDEF_HL|RB25M,3.442353,0.48103237,2,1
4NM8_ABCDEF_HL|TB32E,-0.5517196,1.0670235,2,1
4NM8_ABCDEF_HL|TB32I,-0.050205972,2.357631,2,1
4NM8_ABCDEF_HL|TB32R,1.2211944,1.8484519,2,1
1DVF_AB_CD|DB100A,2.7895143,2.0752375,2,2
"1DVF_AB_CD|DB100A,DD52A",4.0,4.179398,2,2
"1DVF_AB_CD|DB100A,HD33A",4.0,3.9825835,2,2
"1DVF_AB_CD|DB100A,ND55A",4.0,2.5754092,2,2
1DVF_AB_CD|DB54A,4.0,0.4336013,2,2
"1DVF_AB_CD|DB54A,YC49A",4.0,0.685318,2,2
1DVF_AB_CD|DB58A,1.6000048,1.0208423,2,2
"1DVF_AB_CD|DB58A,QD104A",1.4641725,2.19945,2,2
1DVF_AB_CD|DD52A,1.6822901,1.0975889,2,2
1DVF_AB_CD|EB98A,4.0,0.9887176,2,2
"1DVF_AB_CD|EB98A,YD102A",4.0,2.8379686,2,2
1DVF_AB_CD|HA30A,1.6493824,0.54237586,2,2
1DVF_AB_CD|HD33A,1.8606005,1.0232723,2,2
1DVF_AB_CD|ID101A,2.6815457,-0.008677138,2,2
1DVF_AB_CD|KD30A,1.0035173,0.51009953,2,2
1DVF_AB_CD|NB56A,1.1624389,0.65017354,2,2
"1DVF_AB_CD|NB56A,HD33A",2.5259995,2.149451,2,2
"1DVF_AB_CD|NB56A,ND55A",2.3010929,0.028816162,2,2
"1DVF_AB_CD|NB56A,QD104A",1.4868644,1.7891277,2,2
1DVF_AB_CD|ND55A,1.8606005,-0.43800816,2,2
1DVF_AB_CD|QD104A,1.6287225,0.7972191,2,2
1DVF_AB_CD|RB99A,1.8746451,0.570827,2,2
1DVF_AB_CD|RD106A,4.0,-0.41163796,2,2
1DVF_AB_CD|SA93A,1.1624389,0.26248178,2,2
1DVF_AB_CD|TB30A,0.9075126,0.25422424,2,2
1DVF_AB_CD|WA92A,0.34072307,1.575382,2,2
1DVF_AB_CD|WB52A,4.0,1.0727295,2,2
"1DVF_AB_CD|WB52A,QD104A",4.0,2.8469088,2,2
1DVF_AB_CD|YA32A,2.0303695,1.3613588,2,2
"1DVF_AB_CD|YA32A,RD106A",4.0,0.46145704,2,2
1DVF_AB_CD|YA49A,1.6785902,0.86309695,2,2
"1DVF_AB_CD|YA49A,HD33A",2.625045,2.775599,2,2
"1DVF_AB_CD|YA49A,ND55A",2.0303695,1.1490679,2,2
1DVF_AB_CD|YA50A,0.6877736,0.9507859,2,2
1DVF_AB_CD|YB101F,2.0123136,1.6840986,2,2
1DVF_AB_CD|YB32A,1.8314707,1.4539567,2,2
1DVF_AB_CD|YC49A,1.8606005,0.5089855,2,2
1DVF_AB_CD|YD102A,4.0,1.6794033,2,2
1MHP_HL_A|FH99W,0.0,-1.2533554,2,2
1MHP_HL_A|FH99Y,0.75466895,-1.3737553,2,2
1MHP_HL_A|GH100F,0.38901797,0.26146474,2,2
1MHP_HL_A|GH100L,2.727121,0.7866773,2,2
1MHP_HL_A|GH100M,0.10213403,0.108306944,2,2
1MHP_HL_A|GH100S,0.5577475,0.2143513,2,2
1MHP_HL_A|GH53A,0.5126066,0.3992676,2,2
1MHP_HL_A|GH53N,1.2553134,-0.71433425,2,2
1MHP_HL_A|GH53S,0.6755934,-0.9433669,2,2
1MHP_HL_A|GH54I,1.3635606,-0.20555565,2,2
1MHP_HL_A|GH54T,1.1641668,-0.027080877,2,2
1MHP_HL_A|GH54Y,0.0,-0.53739667,2,2
1MHP_HL_A|GL91Q,1.572685,0.07570059,2,2
1MHP_HL_A|GL91S,0.5126066,-0.14340389,2,2
1MHP_HL_A|HL30K,1.1641668,1.2064615,2,2
1MHP_HL_A|HL30R,1.1237977,-0.09583191,2,2
1MHP_HL_A|HL30W,1.2553134,-0.15937863,2,2
1MHP_HL_A|KH64D,-0.17144196,-0.6956649,2,2
1MHP_HL_A|KH64E,-0.07761467,-0.6167018,2,2
"1MHP_HL_A|KH64E,SL27Q",-0.85684633,-1.4451375,2,2
"1MHP_HL_A|KH64E,SL27Q,NL51Y",-1.0191593,-1.7173306,2,2
1MHP_HL_A|KH64N,-0.03627145,-0.4559093,2,2
1MHP_HL_A|KH64Q,-0.07761467,-0.47253057,2,2
1MHP_HL_A|LH60D,-0.061319917,0.06402994,2,2
"1MHP_HL_A|LH60D,KH64E",-0.1418005,-0.47601506,2,2
"1MHP_HL_A|LH60D,KH64Q",0.042989343,-0.4187432,2,2
1MHP_HL_A|LL48F,0.71227974,-0.6181793,2,2
1MHP_HL_A|LL48K,0.8612009,-0.24987176,2,2
1MHP_HL_A|LL48W,1.9075676,-0.82357216,2,2
1MHP_HL_A|NL29V,1.0493295,0.8420969,2,2
1MHP_HL_A|NL29W,1.572685,0.31877437,2,2
1MHP_HL_A|NL29Y,1.9075676,0.0794199,2,2
"1MHP_HL_A|NL29Y,SL90I",0.43436813,0.57067025,2,2
1MHP_HL_A|NL51D,0.5007625,-0.3266507,2,2
1MHP_HL_A|NL51E,-0.08868487,-0.24160916,2,2
1MHP_HL_A|NL51K,0.65751,0.38041848,2,2
1MHP_HL_A|NL51R,0.84484076,0.31037736,2,2
1MHP_HL_A|NL51Y,-0.05162489,-0.19986606,2,2
1MHP_HL_A|RH31Q,1.3073281,0.059554607,2,2
1MHP_HL_A|SH35A,1.572685,2.2853997,2,2
"1MHP_HL_A|SH35A,GH102S",1.572685,1.8428919,2,2
1MHP_HL_A|SH35Q,2.727121,0.96440375,2,2
"1MHP_HL_A|SH35V,GH102S",1.4256749,1.5534371,2,2
1MHP_HL_A|SH52M,2.0758402,0.030874887,2,2
1MHP_HL_A|SL23R,-0.21533228,-0.6948047,2,2
1MHP_HL_A|SL27Q,-0.6661127,-0.95705026,2,2
1MHP_HL_A|SL90Q,1.7740332,0.81119806,2,2
1MHP_HL_A|SL90T,2.3166485,1.5752223,2,2
"1MHP_HL_A|TH33E,GH53Q",1.6674565,-0.4039936,2,2
"1MHP_HL_A|TH33I,SH52T,GH53N,GH54N",1.9075676,1.1935364,2,2
"1MHP_HL_A|TH33I,SH52T,GH53Q,GH54F",1.2553134,-0.05947318,2,2
1MHP_HL_A|TH33N,2.727121,-0.045161586,2,2
1MHP_HL_A|TH33V,0.43436813,0.4188229,2,2
1MHP_HL_A|TH50V,-0.13159887,0.4853255,2,2
"1MHP_HL_A|TH50V,GH102S",1.6674565,0.10048916,2,2
"1MHP_HL_A|TH50V,KH64E",-0.1805197,-0.8083331,2,2
"1MHP_HL_A|TH50V,KH64E,SL27Q,NL51E",-1.267319,-1.8424201,2,2
"1MHP_HL_A|TH50V,KH64E,SL27Q,NL51Y",-1.0844951,-1.9429358,2,2
"1MHP_HL_A|TH50V,SH35A",2.0758402,2.0366995,2,2
"1MHP_HL_A|TH50V,SH35V",2.727121,1.9578719,2,2
"1MHP_HL_A|TH50V,SL27Q",-0.6946839,-0.9057665,2,2
"1MHP_HL_A|TH50V,SL27Q,NL51Y",-1.0235296,-1.2498654,2,2
1MHP_HL_A|WL89Q,2.0758402,0.59915143,2,2
"1MHP_HL_A|WL89Q,FL32Y",0.871019,-0.55228204,2,2
1MHP_HL_A|YH58E,2.0758402,0.8482563,2,2
1MHP_HL_A|YH58Q,2.0758402,0.9469274,2,2
1MHP_HL_A|YH58W,0.82094526,1.0329162,2,2
1MHP_HL_A|YH59E,0.54400706,0.4617194,2,2
1N8Z_AB_C|DB102W,-0.71302944,-0.7345051,2,2
1N8Z_AB_C|FC539A,0.035102826,1.0318222,2,2
1N8Z_AB_C|HA91F,0.034232877,0.05064521,2,2
1N8Z_AB_C|LC509A,-0.023045197,0.9910323,2,2
1N8Z_AB_C|NA30S,0.06666317,0.17620455,2,2
"1N8Z_AB_C|NA30S,HA91F,YA92W",-0.07476232,0.91930425,2,2
"1N8Z_AB_C|NA30S,HA91F,YA92W,TA94S,DB102W,YB105F,YB109V",0.050661404,1.6063411,2,2
1N8Z_AB_C|RB50A,2.9754758,1.91271,2,2
1N8Z_AB_C|RB59A,1.8037988,0.80699164,2,2
1N8Z_AB_C|SC535A,0.030827092,0.16684912,2,2
1N8Z_AB_C|TA94S,0.32168603,-0.44176814,2,2
1N8Z_AB_C|VC536A,0.008972699,0.40131736,2,2
1N8Z_AB_C|YB105F,0.8540034,1.2912846,2,2
1N8Z_AB_C|YB109V,0.23192272,1.0280076,2,2
1XGQ_AB_C|VB33A,1.1525793,0.9724707,2,2
1XGQ_AB_C|VB33F,-2.9080825,-2.3333166,2,2
1XGQ_AB_C|VB33I,-1.1076277,-0.9638712,2,2
1XGQ_AB_C|VB33L,-1.0463123,-0.7725253,2,2
1YQV_HL_Y|RY45K,1.8995041,-0.26238114,2,2
"1YQV_HL_Y|RY68K,TY40S,IY55V,SY91T",4.0,0.49255785,2,2
"1YQV_HL_Y|RY68K,TY40S,IY55V,SY91T,QY121H",0.0,0.30064514,2,2
1YY9_CD_A|AC25P,0.07225565,-0.62034506,2,2
1YY9_CD_A|AD98P,1.0372273,-1.2383728,2,2
1YY9_CD_A|GD54P,0.26807046,-0.11299723,2,2
1YY9_CD_A|LD29P,0.030827092,-0.23066877,2,2
1YY9_CD_A|NC93A,-0.74186975,0.06608049,2,2
1YY9_CD_A|ND56A,-0.057046015,0.77665883,2,2
1YY9_CD_A|SC26D,-0.19925442,-0.22092529,2,2
"1YY9_CD_A|SC26D,TC31E,NC93A",-1.3329437,0.3786269,2,2
"1YY9_CD_A|SC26D,TC31E,NC93A,ND56A,TD61E",-0.6517935,0.7664974,2,2
1YY9_CD_A|SC26P,-0.009110746,0.42707822,2,2
1YY9_CD_A|SC28P,-0.22229962,0.080110334,2,2
1YY9_CD_A|SC54P,-0.018363854,0.39427593,2,2
1YY9_CD_A|SD53P,0.8175451,0.6439472,2,2
1YY9_CD_A|TC31E,-0.51892465,0.62337685,2,2
"1YY9_CD_A|TC31E,NC93A",-0.81853306,0.65791565,2,2
1YY9_CD_A|TC96P,4.0,0.052287098,2,2
1YY9_CD_A|TD61E,-0.057046015,-0.18783991,2,2
1YY9_CD_A|WD52P,1.4782712,0.5589652,2,2
1YY9_CD_A|YD101P,1.6514195,0.73509395,2,2
3NPS_A_BC|DA214A,1.466743,0.14020911,2,2
3NPS_A_BC|DA46A,0.3399866,0.671155,2,2
3NPS_A_BC|DA47A,1.0674704,0.68998486,2,2
3NPS_A_BC|DA91A,1.5070341,0.3146301,2,2
3NPS_A_BC|EA163A,0.61534816,0.2805007,2,2
3NPS_A_BC|FA50A,0.21957076,1.7880651,2,2
3NPS_A_BC|FA89A,1.5714045,1.6387383,2,2
3NPS_A_BC|FA92A,0.46353978,1.2896229,2,2
3NPS_A_BC|HA138A,1.8750918,0.34696946,2,2
3NPS_A_BC|IA26A,0.6415425,0.5010192,2,2
3NPS_A_BC|IA45A,-0.33181784,0.6608201,2,2
3NPS_A_BC|KA221A,-0.10361039,0.6780349,2,2
3NPS_A_BC|LA147A,0.29573628,0.6040278,2,2
3NPS_A_BC|NA90A,0.25341922,0.7968577,2,2
3NPS_A_BC|QA140A,0.29573628,0.4071282,2,2
3NPS_A_BC|QA168A,-0.059223834,-0.06969229,2,2
3NPS_A_BC|QA169A,0.7409076,1.4646561,2,2
3NPS_A_BC|QA218A,-0.040916756,0.566062,2,2
3NPS_A_BC|QA23A,0.026323749,-0.08116202,2,2
3NPS_A_BC|RA219A,-0.08390186,0.0015879176,2,2
3NPS_A_BC|RA48A,-1.062741,-0.5001956,2,2
3NPS_A_BC|RA51A,0.13816836,0.21685237,2,2
3NPS_A_BC|RA82A,-0.15159543,0.26986858,2,2
3NPS_A_BC|TA144A,0.17497002,0.3948987,2,2
3NPS_A_BC|TA93A,0.72381234,0.70311975,2,2
3NPS_A_BC|YA141A,1.7748737,1.1933546,2,2
3NPS_A_BC|YA52A,0.4518898,0.39273334,2,2
3W2D_A_HL|KA67N,4.0,0.3924308,2,2
3W2D_A_HL|KA67R,-0.42812017,0.96477133,2,2
3W2D_A_HL|YA45F,0.8779443,-0.26827234,2,2
3W2D_A_HL|YA45L,2.3647563,0.6428161,2,2
"4KRO_A_B|DA321T,FA323A",0.1269707,3.0299456,2,2
"4KRP_A_B|DA277T,FA279A",0.35829666,2.9452267,2,2
4NM8_ABCDEF_HL|DB19N,0.66149956,0.7858487,2,2
4NM8_ABCDEF_HL|IB18M,0.10977998,0.22512373,2,2
4NM8_ABCDEF_HL|LB38Y,-0.6151596,1.076152,2,2
4NM8_ABCDEF_HL|QB34R,2.9754758,1.5266939,2,2
4NM8_ABCDEF_HL|QB34T,2.3309386,1.3560644,2,2
4NM8_ABCDEF_HL|RB25M,3.442353,0.03499687,2,2
4NM8_ABCDEF_HL|TB32E,-0.5517196,0.67343634,2,2
4NM8_ABCDEF_HL|TB32I,-0.050205972,0.52328974,2,2
4NM8_ABCDEF_HL|TB32R,1.2211944,0.7037102,2,2
"1CZ8_HL_VW|LL4M,DH28T,HH31N,YH101H,TH105S",2.939849,1.5118637,3,0
1KIR_AB_C|SA50Y,-1.3870943,-0.07526121,3,0
1MLC_AB_E|KB65D,0.018548755,-0.82786417,3,0
1MLC_AB_E|NA32G,-0.8773867,2.0617359,3,0
"1MLC_AB_E|NA32G,NA92A",-0.6866531,1.3914559,3,0
"1MLC_AB_E|NA32G,NA92A,SB57V,TB58D",-1.7349738,0.33143532,3,0
1MLC_AB_E|NA32Y,0.0,0.5621098,3,0
1MLC_AB_E|NA92A,-1.2533532,0.24501778,3,0
"1MLC_AB_E|NA92A,SB57V,TB58D",-2.394188,-0.5288637,3,0
"1MLC_AB_E|NA92A,TB28D,SB57V,TB58D",-2.5813644,-0.57563907,3,0
"1MLC_AB_E|NA92A,TB28D,SB57V,TB58D,EB35S,GB99D",-2.9539242,-1.3977158,3,0
"1MLC_AB_E|NA92A,TB28D,SB57V,TB58D,GB99D",-0.20357698,-1.1531583,3,0
"1MLC_AB_E|NA92A,TB28D,SB57V,TB58D,NA32L",-2.5843081,0.39926928,3,0
"1MLC_AB_E|NA92A,TB28D,SB57V,TB58D,RB98M,DB100Q",-0.41047263,0.44702506,3,0
"1MLC_AB_E|NA92A,TB28D,SB57V,TB58D,SA91N,SA93A",-1.6104395,0.27678162,3,0
"1MLC_AB_E|NA92A,TB28D,SB57V,TB58D,SB30G",-2.3584673,-1.1794995,3,0
"1MLC_AB_E|NA92A,TB28D,SB57V,TB58D,YB32W,RB98V,DB100Q",0.36138764,-0.15423222,3,0
"1MLC_AB_E|NA92A,TB28D,SB57V,TB58D,YB59E",-1.4661698,0.47744805,3,0
1MLC_AB_E|SB57A,-0.37902167,1.0418924,3,0
1MLC_AB_E|SB57V,-0.49418068,0.75420934,3,0
"1MLC_AB_E|SB57V,TB58D",-0.9877286,-0.66771215,3,0
1MLC_AB_E|TB28D,-0.15094383,-0.33521795,3,0
1MLC_AB_E|TB31A,0.44700673,-0.037561893,3,0
1MLC_AB_E|TB31V,0.5262404,-0.44199973,3,0
1MLC_AB_E|TB31W,0.13214268,-0.8917463,3,0
1MLC_AB_E|TB58D,-0.55968237,-1.124876,3,0
1NCA_N_LH|DH101K,0.71416,0.5291284,3,0
1NCA_N_LH|EH100D,0.41047263,0.1250922,3,0
1NCA_N_LH|NH102Q,0.5426153,-0.064457774,3,0
1NCA_N_LH|NH31Q,0.0,-0.050634332,3,0
1NMB_N_LH|DH57E,2.9536283,0.95865846,3,0
1NMB_N_LH|DH57N,2.9536283,0.6426142,3,0
1NMB_N_LH|LL94V,0.9000208,-0.05984927,3,0
1NMB_N_LH|TL93F,-0.023903161,-0.21419626,3,0
1NMB_N_LH|TL93W,0.18419003,-0.6081947,3,0
1NMB_N_LH|YH103A,2.14062,0.2733541,3,0
1NMB_N_LH|YH105F,1.4194101,1.0518445,3,0
1NMB_N_LH|YL32F,0.46632215,-0.1479593,3,0
1VFB_AB_C|DB100A,3.005002,2.897493,3,0
"1VFB_AB_C|DB100A,SC24A",3.369756,3.4504166,3,0
1VFB_AB_C|DB54A,0.8151114,3.7083278,3,0
"1VFB_AB_C|DB54A,TC118A",1.2546439,3.1727514,3,0
1VFB_AB_C|DB58A,-0.20700333,1.5803161,3,0
1VFB_AB_C|DB58E,0.078081094,0.022932868,3,0
1VFB_AB_C|DB58N,-0.12818155,0.466232,3,0
1VFB_AB_C|DC119A,0.9530879,1.5334122,3,0
1VFB_AB_C|DC18A,0.34013057,1.0684383,3,0
1VFB_AB_C|EB98A,1.1565572,4.050849,3,0
1VFB_AB_C|GB31A,0.30646533,1.9522685,3,0
1VFB_AB_C|GB31E,-0.5097613,0.70234394,3,0
1VFB_AB_C|GB31W,0.0039611305,0.29000258,3,0
1VFB_AB_C|HA30A,0.84488255,1.4470696,3,0
1VFB_AB_C|IC124A,1.2314179,-0.14754441,3,0
1VFB_AB_C|KC116A,0.7134504,2.0221858,3,0
1VFB_AB_C|LC129A,0.17154472,0.18313418,3,0
1VFB_AB_C|NA31W,0.17432266,0.14452475,3,0
1VFB_AB_C|NB56A,0.17771798,1.1956027,3,0
1VFB_AB_C|NC19A,0.3960868,-0.0004615523,3,0
1VFB_AB_C|QC121A,2.876998,-0.78875846,3,0
1VFB_AB_C|RB99A,-0.099735305,1.635571,3,0
1VFB_AB_C|RB99W,0.7049742,0.040437892,3,0
1VFB_AB_C|RB99Y,1.235379,-0.098295316,3,0
1VFB_AB_C|RC125A,1.8368999,0.71243674,3,0
1VFB_AB_C|SA93A,0.34312394,0.34050262,3,0
1VFB_AB_C|SB28D,0.0,-0.19716203,3,0
1VFB_AB_C|SB28E,-0.104007296,-0.26595813,3,0
1VFB_AB_C|SB28N,0.14394745,-0.4124723,3,0
1VFB_AB_C|SB28Q,0.078081094,0.06397375,3,0
1VFB_AB_C|SC24A,0.850965,0.075821884,3,0
1VFB_AB_C|TA52F,0.4708752,-0.59924716,3,0
1VFB_AB_C|TA53R,1.6458516,-0.2829522,3,0
1VFB_AB_C|TB30A,-0.05584954,0.08013597,3,0
1VFB_AB_C|TC118A,0.7650957,0.1748903,3,0
1VFB_AB_C|VC120A,0.9169499,-0.26205957,3,0
1VFB_AB_C|WA92A,3.037848,1.4684062,3,0
"1VFB_AB_C|WA92A,IC124A",3.8503337,0.86086637,3,0
"1VFB_AB_C|WA92A,LC129A",3.3073628,1.6949936,3,0
"1VFB_AB_C|WA92A,QC121A",3.5189366,0.28520286,3,0
"1VFB_AB_C|WA92A,RC125A",3.3932896,0.26757768,3,0
1VFB_AB_C|WB52A,0.6406274,4.264018,3,0
"1VFB_AB_C|WB52A,DC119A",2.2473724,5.637714,3,0
1VFB_AB_C|YA32A,1.5281335,1.519866,3,0
"1VFB_AB_C|YA32A,IC124A",2.9057157,1.5718744,3,0
"1VFB_AB_C|YA32A,QC121A",1.586041,1.1656722,3,0
1VFB_AB_C|YA49A,0.79754156,1.7276112,3,0
1VFB_AB_C|YA50A,0.456086,1.281774,3,0
"1VFB_AB_C|YA50A,DC119A",1.2314179,2.742925,3,0
"1VFB_AB_C|YA50A,DC18A",1.265924,1.5537679,3,0
1VFB_AB_C|YA50K,1.7156012,0.41859657,3,0
1VFB_AB_C|YA50R,0.8443241,-0.108815804,3,0
1VFB_AB_C|YB101F,1.2695644,1.8716283,3,0
"1VFB_AB_C|YB101F,DC119A",2.736521,4.759281,3,0
"1VFB_AB_C|YB101F,VC120A",2.5384777,1.6103748,3,0
1VFB_AB_C|YB32A,0.7916793,0.8932246,3,0
"1VFB_AB_C|YB32A,KC116A",1.586041,0.96010804,3,0
1VFB_AB_C|YB32E,1.9021881,-0.1339592,3,0
1VFB_AB_C|YC23A,0.41047263,1.2352897,3,0
1XGP_AB_C|AB33F,-4.0,-3.8959165,3,0
1XGP_AB_C|AB33I,-2.260207,-2.751567,3,0
1XGP_AB_C|AB33L,-2.1988916,-2.7102323,3,0
1XGP_AB_C|AB33V,-1.1525793,-1.7668085,3,0
2JEL_LH_P|AP82S,0.0,-0.4694119,3,0
2JEL_LH_P|DP69E,0.9530879,0.28702235,3,0
2JEL_LH_P|EP5D,0.41047263,0.2487167,3,0
2JEL_LH_P|EP5Q,0.7129768,0.3296966,3,0
2JEL_LH_P|EP68A,0.41047263,0.17600234,3,0
2JEL_LH_P|EP75R,2.727121,0.5625028,3,0
2JEL_LH_P|EP83A,0.0,1.3968072,3,0
2JEL_LH_P|EP85A,0.0,1.3081576,3,0
2JEL_LH_P|EP85D,0.0,-0.26857054,3,0
2JEL_LH_P|EP85K,0.0,1.8163712,3,0
2JEL_LH_P|EP85Q,0.0,1.1695213,3,0
2JEL_LH_P|FP2W,2.6191528,0.89828247,3,0
2JEL_LH_P|FP2Y,0.0,0.056925226,3,0
2JEL_LH_P|HP76A,-0.41047263,0.8276071,3,0
2JEL_LH_P|HP76D,-0.65058374,0.37152064,3,0
2JEL_LH_P|KP24E,0.0,1.9815805,3,0
2JEL_LH_P|KP27E,0.0,2.191497,3,0
2JEL_LH_P|KP72E,0.41047263,0.35022104,3,0
2JEL_LH_P|KP72R,0.0,1.405589,3,0
2JEL_LH_P|KP79E,0.41047263,0.9686835,3,0
2JEL_LH_P|NP12D,0.0,-0.71324146,3,0
2JEL_LH_P|NP38T,0.0,-0.2511133,3,0
2JEL_LH_P|PP11E,0.0,0.9524395,3,0
2JEL_LH_P|QP3K,4.0,-1.0579122,3,0
2JEL_LH_P|QP4K,1.3635606,-0.84652656,3,0
2JEL_LH_P|QP57E,-0.41047263,1.4831617,3,0
2JEL_LH_P|QP71E,2.727121,0.09423068,3,0
2JEL_LH_P|RP17G,0.0,1.468276,3,0
2JEL_LH_P|RP17K,0.0,-0.06256688,3,0
2JEL_LH_P|SP41C,1.4957032,1.0675609,3,0
2JEL_LH_P|SP43C,0.0,0.64700425,3,0
2JEL_LH_P|SP46C,0.0,1.260275,3,0
2JEL_LH_P|SP64T,4.0,0.0048147887,3,0
2JEL_LH_P|TP34Q,0.0,0.4459172,3,0
2JEL_LH_P|TP36Q,0.41047263,0.85120267,3,0
2JEL_LH_P|TP62A,0.0,1.0665267,3,0
2JEL_LH_P|TP62N,0.0,1.1478983,3,0
2JEL_LH_P|TP7N,0.41047263,0.8869485,3,0
2JEL_LH_P|TP7S,0.0,-0.023632053,3,0
2JEL_LH_P|VP6F,0.0,-0.04849089,3,0
"2NY7_HL_G|CG27I,CG226Q",0.19971907,-1.6384479,3,0
"2NY7_HL_G|CG27I,CG226Q,MG231A",0.20319231,-1.509294,3,0
"2NY7_HL_G|GG229C,MG231A",-0.37879732,0.08128618,3,0
"2NY7_HL_G|GG229C,WG13M,MG231A,CG14W,CG110V,CG27I,CG226Q",0.21462485,-1.7654297,3,0
"2NY7_HL_G|KG66C,EG102C,CG27I,CG226Q",0.04085667,-0.84202075,3,0
"2NY7_HL_G|KG66C,EG102C,WG13M,MG231A,CG14W,CG110V,CG27I,CG226Q",0.3998023,-0.82513875,3,0
"2NY7_HL_G|KG66C,EG103C,WG13M,MG231A,CG14W,CG110V,CG27I,CG226Q",0.29989544,-0.83761334,3,0
"2NY7_HL_G|WG13M,MG231A,CG14W,CG110V",1.1574335,-0.051849365,3,0
"2NY7_HL_G|WG13M,MG231A,CG14W,CG110V,CG27I,CG226Q",0.44904727,-1.8797072,3,0
"2NY7_HL_G|WG13M,MG231A,CG14W,CG110V,KG66C,EG102C",0.55101526,0.44606668,3,0
"2NY7_HL_G|WG13M,SG92T,WG181S,MG231A,CG14W,CG110V,CG27I,CG226Q",-0.3035898,-1.4748625,3,0
3BN9_B_CD|DB214A,0.5662115,1.3023295,3,0
3BN9_B_CD|DB46A,0.42238826,0.40693092,3,0
3BN9_B_CD|DB47A,0.31110755,0.7106333,3,0
3BN9_B_CD|EB163A,0.37321588,0.21574521,3,0
3BN9_B_CD|FB50A,-0.044997852,0.064050384,3,0
3BN9_B_CD|FB89A,0.6392419,1.7334553,3,0
3BN9_B_CD|HB138A,0.085063316,1.3919559,3,0
3BN9_B_CD|IB26A,0.0,0.7915131,3,0
3BN9_B_CD|IB45A,0.8352155,-0.36752278,3,0
3BN9_B_CD|KB221A,0.7849689,0.21333225,3,0
3BN9_B_CD|LB147A,0.33619216,0.21791703,3,0
3BN9_B_CD|NB90A,0.7733444,0.21404359,3,0
3BN9_B_CD|PD104H,2.4272547,-0.37205595,3,0
3BN9_B_CD|QB140A,0.1331048,0.32873684,3,0
3BN9_B_CD|QB168A,-0.03469869,0.21002947,3,0
3BN9_B_CD|QB169A,2.5089848,0.6112062,3,0
3BN9_B_CD|QB218A,0.70571065,-0.11616568,3,0
3BN9_B_CD|QB23A,-0.41530684,-0.057253532,3,0
3BN9_B_CD|QD105V,1.2241027,0.36408013,3,0
3BN9_B_CD|RB219A,-0.093698174,-0.38347876,3,0
3BN9_B_CD|RB48A,-0.044997852,-1.1370914,3,0
3BN9_B_CD|RB51A,-0.07155777,0.058443658,3,0
3BN9_B_CD|RB82A,-0.15923285,0.004603561,3,0
3BN9_B_CD|SD30G,1.1861069,-0.71210235,3,0
3BN9_B_CD|SD30N,1.145505,-0.43556148,3,0
3BN9_B_CD|TB144A,0.2908351,0.20697643,3,0
3BN9_B_CD|TB93A,1.1320528,0.9122162,3,0
3BN9_B_CD|TD102Q,-0.02153644,0.59878886,3,0
3BN9_B_CD|TD102R,-0.058294915,0.6355666,3,0
3BN9_B_CD|TD28R,0.33290586,-0.024231173,3,0
3BN9_B_CD|YB141A,1.0846525,1.2242644,3,0
3BN9_B_CD|YB52A,0.018951595,0.2450661,3,0
3BN9_B_CD|YD103S,0.45868576,1.0083503,3,0
4GXU_ABCDEF_MN|DA189E,2.1650882,-0.20388372,3,0
"4GXU_ABCDEF_MN|DA189E,DA224G",3.0102077,0.85844284,3,0
4GXU_ABCDEF_MN|DA224G,1.9608781,1.0967225,3,0
"1CZ8_HL_VW|LL4M,DH28T,HH31N,YH101H,TH105S",2.939849,1.7185538,3,1
1KIR_AB_C|SA50Y,-1.3870943,-0.28593546,3,1
1MLC_AB_E|KB65D,0.018548755,-0.14392917,3,1
1MLC_AB_E|NA32G,-0.8773867,1.1915871,3,1
"1MLC_AB_E|NA32G,NA92A",-0.6866531,1.2979444,3,1
"1MLC_AB_E|NA32G,NA92A,SB57V,TB58D",-1.7349738,0.8721631,3,1
1MLC_AB_E|NA32Y,0.0,0.39122257,3,1
1MLC_AB_E|NA92A,-1.2533532,0.0479419,3,1
"1MLC_AB_E|NA92A,SB57V,TB58D",-2.394188,0.019957248,3,1
"1MLC_AB_E|NA92A,TB28D,SB57V,TB58D",-2.5813644,0.4236473,3,1
"1MLC_AB_E|NA92A,TB28D,SB57V,TB58D,EB35S,GB99D",-2.9539242,-0.37876475,3,1
"1MLC_AB_E|NA92A,TB28D,SB57V,TB58D,GB99D",-0.20357698,0.05521372,3,1
"1MLC_AB_E|NA92A,TB28D,SB57V,TB58D,NA32L",-2.5843081,1.1112491,3,1
"1MLC_AB_E|NA92A,TB28D,SB57V,TB58D,RB98M,DB100Q",-0.41047263,0.53040284,3,1
"1MLC_AB_E|NA92A,TB28D,SB57V,TB58D,SA91N,SA93A",-1.6104395,2.2391684,3,1
"1MLC_AB_E|NA92A,TB28D,SB57V,TB58D,SB30G",-2.3584673,0.22056602,3,1
"1MLC_AB_E|NA92A,TB28D,SB57V,TB58D,YB32W,RB98V,DB100Q",0.36138764,0.33500165,3,1
"1MLC_AB_E|NA92A,TB28D,SB57V,TB58D,YB59E",-1.4661698,0.9530397,3,1
1MLC_AB_E|SB57A,-0.37902167,0.6136082,3,1
1MLC_AB_E|SB57V,-0.49418068,0.030445572,3,1
"1MLC_AB_E|SB57V,TB58D",-0.9877286,-0.6499471,3,1
1MLC_AB_E|TB28D,-0.15094383,-0.47597045,3,1
1MLC_AB_E|TB31A,0.44700673,0.53914165,3,1
1MLC_AB_E|TB31V,0.5262404,-0.45281282,3,1
1MLC_AB_E|TB31W,0.13214268,-0.41562563,3,1
1MLC_AB_E|TB58D,-0.55968237,-0.4211424,3,1
1NCA_N_LH|DH101K,0.71416,1.5586331,3,1
1NCA_N_LH|EH100D,0.41047263,0.033302117,3,1
1NCA_N_LH|NH102Q,0.5426153,0.19189547,3,1
1NCA_N_LH|NH31Q,0.0,0.9675772,3,1
1NMB_N_LH|DH57E,2.9536283,0.24243519,3,1
1NMB_N_LH|DH57N,2.9536283,0.60835886,3,1
1NMB_N_LH|LL94V,0.9000208,-0.9788221,3,1
1NMB_N_LH|TL93F,-0.023903161,-0.48071283,3,1
1NMB_N_LH|TL93W,0.18419003,-0.876875,3,1
1NMB_N_LH|YH103A,2.14062,1.3349376,3,1
1NMB_N_LH|YH105F,1.4194101,-0.7432439,3,1
1NMB_N_LH|YL32F,0.46632215,0.06383624,3,1
1VFB_AB_C|DB100A,3.005002,2.2658012,3,1
"1VFB_AB_C|DB100A,SC24A",3.369756,2.9178977,3,1
1VFB_AB_C|DB54A,0.8151114,2.8044865,3,1
"1VFB_AB_C|DB54A,TC118A",1.2546439,4.0860176,3,1
1VFB_AB_C|DB58A,-0.20700333,1.317109,3,1
1VFB_AB_C|DB58E,0.078081094,0.51819235,3,1
1VFB_AB_C|DB58N,-0.12818155,0.2169497,3,1
1VFB_AB_C|DC119A,0.9530879,2.7124453,3,1
1VFB_AB_C|DC18A,0.34013057,1.4647909,3,1
1VFB_AB_C|EB98A,1.1565572,2.8220713,3,1
1VFB_AB_C|GB31A,0.30646533,1.1855528,3,1
1VFB_AB_C|GB31E,-0.5097613,0.35147443,3,1
1VFB_AB_C|GB31W,0.0039611305,0.10603966,3,1
1VFB_AB_C|HA30A,0.84488255,1.3241116,3,1
1VFB_AB_C|IC124A,1.2314179,0.7094842,3,1
1VFB_AB_C|KC116A,0.7134504,1.0757226,3,1
1VFB_AB_C|LC129A,0.17154472,0.64998883,3,1
1VFB_AB_C|NA31W,0.17432266,0.5165227,3,1
1VFB_AB_C|NB56A,0.17771798,0.9683442,3,1
1VFB_AB_C|NC19A,0.3960868,0.67432594,3,1
1VFB_AB_C|QC121A,2.876998,0.1564563,3,1
1VFB_AB_C|RB99A,-0.099735305,1.6470729,3,1
1VFB_AB_C|RB99W,0.7049742,0.59891766,3,1
1VFB_AB_C|RB99Y,1.235379,0.23784015,3,1
1VFB_AB_C|RC125A,1.8368999,0.44712973,3,1
1VFB_AB_C|SA93A,0.34312394,0.4458126,3,1
1VFB_AB_C|SB28D,0.0,0.17206626,3,1
1VFB_AB_C|SB28E,-0.104007296,-0.020050336,3,1
1VFB_AB_C|SB28N,0.14394745,0.10666457,3,1
1VFB_AB_C|SB28Q,0.078081094,0.4972463,3,1
1VFB_AB_C|SC24A,0.850965,0.965888,3,1
1VFB_AB_C|TA52F,0.4708752,-1.0599982,3,1
1VFB_AB_C|TA53R,1.6458516,-0.10791277,3,1
1VFB_AB_C|TB30A,-0.05584954,0.49573985,3,1
1VFB_AB_C|TC118A,0.7650957,0.7453477,3,1
1VFB_AB_C|VC120A,0.9169499,0.7573493,3,1
1VFB_AB_C|WA92A,3.037848,0.05764848,3,1
"1VFB_AB_C|WA92A,IC124A",3.8503337,0.0812528,3,1
"1VFB_AB_C|WA92A,LC129A",3.3073628,0.15384172,3,1
"1VFB_AB_C|WA92A,QC121A",3.5189366,-0.32734457,3,1
"1VFB_AB_C|WA92A,RC125A",3.3932896,-1.1060337,3,1
1VFB_AB_C|WB52A,0.6406274,3.2730258,3,1
"1VFB_AB_C|WB52A,DC119A",2.2473724,6.8496413,3,1
1VFB_AB_C|YA32A,1.5281335,1.6425251,3,1
"1VFB_AB_C|YA32A,IC124A",2.9057157,1.5435345,3,1
"1VFB_AB_C|YA32A,QC121A",1.586041,0.8628043,3,1
1VFB_AB_C|YA49A,0.79754156,1.2841874,3,1
1VFB_AB_C|YA50A,0.456086,1.437643,3,1
"1VFB_AB_C|YA50A,DC119A",1.2314179,3.709656,3,1
"1VFB_AB_C|YA50A,DC18A",1.265924,2.1878123,3,1
1VFB_AB_C|YA50K,1.7156012,0.8342019,3,1
1VFB_AB_C|YA50R,0.8443241,1.0551416,3,1
1VFB_AB_C|YB101F,1.2695644,2.098644,3,1
"1VFB_AB_C|YB101F,DC119A",2.736521,4.6429887,3,1
"1VFB_AB_C|YB101F,VC120A",2.5384777,0.7046471,3,1
1VFB_AB_C|YB32A,0.7916793,1.2147856,3,1
"1VFB_AB_C|YB32A,KC116A",1.586041,1.9863081,3,1
1VFB_AB_C|YB32E,1.9021881,1.1130959,3,1
1VFB_AB_C|YC23A,0.41047263,1.4773109,3,1
1XGP_AB_C|AB33F,-4.0,-4.0639744,3,1
1XGP_AB_C|AB33I,-2.260207,-2.183427,3,1
1XGP_AB_C|AB33L,-2.1988916,-2.3891406,3,1
1XGP_AB_C|AB33V,-1.1525793,-0.9192914,3,1
2JEL_LH_P|AP82S,0.0,-0.365897,3,1
2JEL_LH_P|DP69E,0.9530879,-0.8445207,3,1
2JEL_LH_P|EP5D,0.41047263,1.1748132,3,1
2JEL_LH_P|EP5Q,0.7129768,0.9342483,3,1
2JEL_LH_P|EP68A,0.41047263,1.3174924,3,1
2JEL_LH_P|EP75R,2.727121,0.16466434,3,1
2JEL_LH_P|EP83A,0.0,1.8292605,3,1
2JEL_LH_P|EP85A,0.0,2.353425,3,1
2JEL_LH_P|EP85D,0.0,1.2183214,3,1
2JEL_LH_P|EP85K,0.0,2.6491058,3,1
2JEL_LH_P|EP85Q,0.0,2.1680017,3,1
2JEL_LH_P|FP2W,2.6191528,0.8715879,3,1
2JEL_LH_P|FP2Y,0.0,-0.23337564,3,1
2JEL_LH_P|HP76A,-0.41047263,0.54317313,3,1
2JEL_LH_P|HP76D,-0.65058374,-0.32606202,3,1
2JEL_LH_P|KP24E,0.0,0.011005764,3,1
2JEL_LH_P|KP27E,0.0,-1.3324761,3,1
2JEL_LH_P|KP72E,0.41047263,-0.23274693,3,1
2JEL_LH_P|KP72R,0.0,-0.28791866,3,1
2JEL_LH_P|KP79E,0.41047263,-0.32334557,3,1
2JEL_LH_P|NP12D,0.0,-1.1644409,3,1
2JEL_LH_P|NP38T,0.0,-0.7308672,3,1
2JEL_LH_P|PP11E,0.0,-0.6106295,3,1
2JEL_LH_P|QP3K,4.0,0.19572312,3,1
2JEL_LH_P|QP4K,1.3635606,-0.47747773,3,1
2JEL_LH_P|QP57E,-0.41047263,-0.23001726,3,1
2JEL_LH_P|QP71E,2.727121,-0.10381683,3,1
2JEL_LH_P|RP17G,0.0,1.0049274,3,1
2JEL_LH_P|RP17K,0.0,0.6261998,3,1
2JEL_LH_P|SP41C,1.4957032,0.13773149,3,1
2JEL_LH_P|SP43C,0.0,-0.5833183,3,1
2JEL_LH_P|SP46C,0.0,-0.0988958,3,1
2JEL_LH_P|SP64T,4.0,0.3672188,3,1
2JEL_LH_P|TP34Q,0.0,-0.62186563,3,1
2JEL_LH_P|TP36Q,0.41047263,0.8242078,3,1
2JEL_LH_P|TP62A,0.0,0.5160306,3,1
2JEL_LH_P|TP62N,0.0,0.81923705,3,1
2JEL_LH_P|TP7N,0.41047263,0.758566,3,1
2JEL_LH_P|TP7S,0.0,0.44794685,3,1
2JEL_LH_P|VP6F,0.0,0.103532515,3,1
"2NY7_HL_G|CG27I,CG226Q",0.19971907,-1.0489937,3,1
"2NY7_HL_G|CG27I,CG226Q,MG231A",0.20319231,-0.5273413,3,1
"2NY7_HL_G|GG229C,MG231A",-0.37879732,-0.66068906,3,1
"2NY7_HL_G|GG229C,WG13M,MG231A,CG14W,CG110V,CG27I,CG226Q",0.21462485,-1.941322,3,1
"2NY7_HL_G|KG66C,EG102C,CG27I,CG226Q",0.04085667,0.8439484,3,1
"2NY7_HL_G|KG66C,EG102C,WG13M,MG231A,CG14W,CG110V,CG27I,CG226Q",0.3998023,0.37778,3,1
"2NY7_HL_G|KG66C,EG103C,WG13M,MG231A,CG14W,CG110V,CG27I,CG226Q",0.29989544,0.27361915,3,1
"2NY7_HL_G|WG13M,MG231A,CG14W,CG110V",1.1574335,-0.64210343,3,1
"2NY7_HL_G|WG13M,MG231A,CG14W,CG110V,CG27I,CG226Q",0.44904727,-1.1834556,3,1
"2NY7_HL_G|WG13M,MG231A,CG14W,CG110V,KG66C,EG102C",0.55101526,0.63000256,3,1
"2NY7_HL_G|WG13M,SG92T,WG181S,MG231A,CG14W,CG110V,CG27I,CG226Q",-0.3035898,-3.0267525,3,1
3BN9_B_CD|DB214A,0.5662115,1.528525,3,1
3BN9_B_CD|DB46A,0.42238826,0.366699,3,1
3BN9_B_CD|DB47A,0.31110755,2.0073168,3,1
3BN9_B_CD|EB163A,0.37321588,0.3494184,3,1
3BN9_B_CD|FB50A,-0.044997852,0.60256803,3,1
3BN9_B_CD|FB89A,0.6392419,1.6751665,3,1
3BN9_B_CD|HB138A,0.085063316,1.3428172,3,1
3BN9_B_CD|IB26A,0.0,1.0022063,3,1
3BN9_B_CD|IB45A,0.8352155,-0.34269544,3,1
3BN9_B_CD|KB221A,0.7849689,-0.66066825,3,1
3BN9_B_CD|LB147A,0.33619216,0.24832743,3,1
3BN9_B_CD|NB90A,0.7733444,0.36018717,3,1
3BN9_B_CD|PD104H,2.4272547,-0.86537755,3,1
3BN9_B_CD|QB140A,0.1331048,1.13267,3,1
3BN9_B_CD|QB168A,-0.03469869,0.41895077,3,1
3BN9_B_CD|QB169A,2.5089848,0.98211443,3,1
3BN9_B_CD|QB218A,0.70571065,-0.0057360595,3,1
3BN9_B_CD|QB23A,-0.41530684,-0.111311,3,1
3BN9_B_CD|QD105V,1.2241027,-0.37007666,3,1
3BN9_B_CD|RB219A,-0.093698174,0.17896305,3,1
3BN9_B_CD|RB48A,-0.044997852,-0.26447713,3,1
3BN9_B_CD|RB51A,-0.07155777,0.2601315,3,1
3BN9_B_CD|RB82A,-0.15923285,0.07855514,3,1
3BN9_B_CD|SD30G,1.1861069,0.20019464,3,1
3BN9_B_CD|SD30N,1.145505,0.18645354,3,1
3BN9_B_CD|TB144A,0.2908351,0.049456675,3,1
3BN9_B_CD|TB93A,1.1320528,0.49753377,3,1
3BN9_B_CD|TD102Q,-0.02153644,0.02306733,3,1
3BN9_B_CD|TD102R,-0.058294915,0.18074563,3,1
3BN9_B_CD|TD28R,0.33290586,0.024736222,3,1
3BN9_B_CD|YB141A,1.0846525,1.4520942,3,1
3BN9_B_CD|YB52A,0.018951595,0.34175888,3,1
3BN9_B_CD|YD103S,0.45868576,0.32148528,3,1
4GXU_ABCDEF_MN|DA189E,2.1650882,-0.29246724,3,1
"4GXU_ABCDEF_MN|DA189E,DA224G",3.0102077,0.27132428,3,1
4GXU_ABCDEF_MN|DA224G,1.9608781,0.7343322,3,1
"1CZ8_HL_VW|LL4M,DH28T,HH31N,YH101H,TH105S",2.939849,1.5696292,3,2
1KIR_AB_C|SA50Y,-1.3870943,-0.89157236,3,2
1MLC_AB_E|KB65D,0.018548755,-0.34080595,3,2
1MLC_AB_E|NA32G,-0.8773867,1.7792524,3,2
"1MLC_AB_E|NA32G,NA92A",-0.6866531,0.7052525,3,2
"1MLC_AB_E|NA32G,NA92A,SB57V,TB58D",-1.7349738,0.7212908,3,2
1MLC_AB_E|NA32Y,0.0,0.737066,3,2
1MLC_AB_E|NA92A,-1.2533532,-0.7261093,3,2
"1MLC_AB_E|NA92A,SB57V,TB58D",-2.394188,-0.2727509,3,2
"1MLC_AB_E|NA92A,TB28D,SB57V,TB58D",-2.5813644,-0.38284937,3,2
"1MLC_AB_E|NA92A,TB28D,SB57V,TB58D,EB35S,GB99D",-2.9539242,-1.3955808,3,2
"1MLC_AB_E|NA92A,TB28D,SB57V,TB58D,GB99D",-0.20357698,-0.47654602,3,2
"1MLC_AB_E|NA92A,TB28D,SB57V,TB58D,NA32L",-2.5843081,0.37208316,3,2
"1MLC_AB_E|NA92A,TB28D,SB57V,TB58D,RB98M,DB100Q",-0.41047263,0.17329061,3,2
"1MLC_AB_E|NA92A,TB28D,SB57V,TB58D,SA91N,SA93A",-1.6104395,-0.06501837,3,2
"1MLC_AB_E|NA92A,TB28D,SB57V,TB58D,SB30G",-2.3584673,-0.4503249,3,2
"1MLC_AB_E|NA92A,TB28D,SB57V,TB58D,YB32W,RB98V,DB100Q",0.36138764,-0.20051363,3,2
"1MLC_AB_E|NA92A,TB28D,SB57V,TB58D,YB59E",-1.4661698,0.60484695,3,2
1MLC_AB_E|SB57A,-0.37902167,-0.038799018,3,2
1MLC_AB_E|SB57V,-0.49418068,-0.05565835,3,2
"1MLC_AB_E|SB57V,TB58D",-0.9877286,-0.03066527,3,2
1MLC_AB_E|TB28D,-0.15094383,-0.15014407,3,2
1MLC_AB_E|TB31A,0.44700673,-0.69583106,3,2
1MLC_AB_E|TB31V,0.5262404,-0.758517,3,2
1MLC_AB_E|TB31W,0.13214268,-1.0390538,3,2
1MLC_AB_E|TB58D,-0.55968237,0.27575737,3,2
1NCA_N_LH|DH101K,0.71416,-0.0680832,3,2
1NCA_N_LH|EH100D,0.41047263,0.29821718,3,2
1NCA_N_LH|NH102Q,0.5426153,0.14355469,3,2
1NCA_N_LH|NH31Q,0.0,0.50846595,3,2
1NMB_N_LH|DH57E,2.9536283,0.23053986,3,2
1NMB_N_LH|DH57N,2.9536283,0.23891899,3,2
1NMB_N_LH|LL94V,0.9000208,-0.86235046,3,2
1NMB_N_LH|TL93F,-0.023903161,-0.32340452,3,2
1NMB_N_LH|TL93W,0.18419003,-1.056869,3,2
1NMB_N_LH|YH103A,2.14062,0.8791345,3,2
1NMB_N_LH|YH105F,1.4194101,0.6480862,3,2
1NMB_N_LH|YL32F,0.46632215,-0.3374,3,2
1VFB_AB_C|DB100A,3.005002,0.6111427,3,2
"1VFB_AB_C|DB100A,SC24A",3.369756,0.098770276,3,2
1VFB_AB_C|DB54A,0.8151114,-0.2614758,3,2
"1VFB_AB_C|DB54A,TC118A",1.2546439,-0.12206719,3,2
1VFB_AB_C|DB58A,-0.20700333,0.6354444,3,2
1VFB_AB_C|DB58E,0.078081094,0.857111,3,2
1VFB_AB_C|DB58N,-0.12818155,-0.021493074,3,2
1VFB_AB_C|DC119A,0.9530879,1.5111173,3,2
1VFB_AB_C|DC18A,0.34013057,1.3958771,3,2
1VFB_AB_C|EB98A,1.1565572,1.1510185,3,2
1VFB_AB_C|GB31A,0.30646533,1.2610626,3,2
1VFB_AB_C|GB31E,-0.5097613,0.95473474,3,2
1VFB_AB_C|GB31W,0.0039611305,0.49257463,3,2
1VFB_AB_C|HA30A,0.84488255,-0.48864338,3,2
1VFB_AB_C|IC124A,1.2314179,0.31254384,3,2
1VFB_AB_C|KC116A,0.7134504,2.068731,3,2
1VFB_AB_C|LC129A,0.17154472,0.18983084,3,2
1VFB_AB_C|NA31W,0.17432266,-0.57568,3,2
1VFB_AB_C|NB56A,0.17771798,-0.20203507,3,2
1VFB_AB_C|NC19A,0.3960868,0.30461517,3,2
1VFB_AB_C|QC121A,2.876998,-0.25129643,3,2
1VFB_AB_C|RB99A,-0.099735305,0.08754413,3,2
1VFB_AB_C|RB99W,0.7049742,0.02197574,3,2
1VFB_AB_C|RB99Y,1.235379,-0.018862732,3,2
1VFB_AB_C|RC125A,1.8368999,0.8130927,3,2
1VFB_AB_C|SA93A,0.34312394,-0.3795511,3,2
1VFB_AB_C|SB28D,0.0,0.5077432,3,2
1VFB_AB_C|SB28E,-0.104007296,0.4933915,3,2
1VFB_AB_C|SB28N,0.14394745,0.60272586,3,2
1VFB_AB_C|SB28Q,0.078081094,0.93769026,3,2
1VFB_AB_C|SC24A,0.850965,-0.46707886,3,2
1VFB_AB_C|TA52F,0.4708752,-1.3543233,3,2
1VFB_AB_C|TA53R,1.6458516,0.6071485,3,2
1VFB_AB_C|TB30A,-0.05584954,-0.95941174,3,2
1VFB_AB_C|TC118A,0.7650957,0.053744145,3,2
1VFB_AB_C|VC120A,0.9169499,-0.9285059,3,2
1VFB_AB_C|WA92A,3.037848,0.018022694,3,2
"1VFB_AB_C|WA92A,IC124A",3.8503337,0.2757563,3,2
"1VFB_AB_C|WA92A,LC129A",3.3073628,0.7941029,3,2
"1VFB_AB_C|WA92A,QC121A",3.5189366,-0.1537995,3,2
"1VFB_AB_C|WA92A,RC125A",3.3932896,0.6841298,3,2
1VFB_AB_C|WB52A,0.6406274,1.8589146,3,2
"1VFB_AB_C|WB52A,DC119A",2.2473724,2.8779988,3,2
1VFB_AB_C|YA32A,1.5281335,1.3433537,3,2
"1VFB_AB_C|YA32A,IC124A",2.9057157,1.2947472,3,2
"1VFB_AB_C|YA32A,QC121A",1.586041,-0.23995057,3,2
1VFB_AB_C|YA49A,0.79754156,0.6560309,3,2
1VFB_AB_C|YA50A,0.456086,1.8662694,3,2
"1VFB_AB_C|YA50A,DC119A",1.2314179,2.9962544,3,2
"1VFB_AB_C|YA50A,DC18A",1.265924,2.9705803,3,2
1VFB_AB_C|YA50K,1.7156012,1.9503349,3,2
1VFB_AB_C|YA50R,0.8443241,1.1323195,3,2
1VFB_AB_C|YB101F,1.2695644,2.2792392,3,2
"1VFB_AB_C|YB101F,DC119A",2.736521,4.3272166,3,2
"1VFB_AB_C|YB101F,VC120A",2.5384777,2.124668,3,2
1VFB_AB_C|YB32A,0.7916793,0.07570145,3,2
"1VFB_AB_C|YB32A,KC116A",1.586041,2.4495773,3,2
1VFB_AB_C|YB32E,1.9021881,-0.0024377746,3,2
1VFB_AB_C|YC23A,0.41047263,0.5420148,3,2
1XGP_AB_C|AB33F,-4.0,-3.7459931,3,2
1XGP_AB_C|AB33I,-2.260207,-2.567084,3,2
1XGP_AB_C|AB33L,-2.1988916,-2.457949,3,2
1XGP_AB_C|AB33V,-1.1525793,-1.4140342,3,2
2JEL_LH_P|AP82S,0.0,0.03629747,3,2
2JEL_LH_P|DP69E,0.9530879,0.20461419,3,2
2JEL_LH_P|EP5D,0.41047263,0.25781447,3,2
2JEL_LH_P|EP5Q,0.7129768,0.073636524,3,2
2JEL_LH_P|EP68A,0.41047263,0.49334168,3,2
2JEL_LH_P|EP75R,2.727121,0.9779336,3,2
2JEL_LH_P|EP83A,0.0,0.4806129,3,2
2JEL_LH_P|EP85A,0.0,0.6223758,3,2
2JEL_LH_P|EP85D,0.0,0.0140186995,3,2
2JEL_LH_P|EP85K,0.0,1.7869039,3,2
2JEL_LH_P|EP85Q,0.0,0.8892875,3,2
2JEL_LH_P|FP2W,2.6191528,1.799985,3,2
2JEL_LH_P|FP2Y,0.0,-0.20479682,3,2
2JEL_LH_P|HP76A,-0.41047263,1.1704664,3,2
2JEL_LH_P|HP76D,-0.65058374,0.5694027,3,2
2JEL_LH_P|KP24E,0.0,2.5960112,3,2
2JEL_LH_P|KP27E,0.0,1.9363421,3,2
2JEL_LH_P|KP72E,0.41047263,1.0767349,3,2
2JEL_LH_P|KP72R,0.0,1.2316998,3,2
2JEL_LH_P|KP79E,0.41047263,0.995615,3,2
2JEL_LH_P|NP12D,0.0,-1.2012967,3,2
2JEL_LH_P|NP38T,0.0,-0.12459414,3,2
2JEL_LH_P|PP11E,0.0,0.69006133,3,2
2JEL_LH_P|QP3K,4.0,0.9032308,3,2
2JEL_LH_P|QP4K,1.3635606,-1.2859105,3,2
2JEL_LH_P|QP57E,-0.41047263,0.40030435,3,2
2JEL_LH_P|QP71E,2.727121,0.052586615,3,2
2JEL_LH_P|RP17G,0.0,1.5216466,3,2
2JEL_LH_P|RP17K,0.0,0.62053895,3,2
2JEL_LH_P|SP41C,1.4957032,0.2473607,3,2
2JEL_LH_P|SP43C,0.0,0.38294145,3,2
2JEL_LH_P|SP46C,0.0,0.9447541,3,2
2JEL_LH_P|SP64T,4.0,0.64912164,3,2
2JEL_LH_P|TP34Q,0.0,-0.2548655,3,2
2JEL_LH_P|TP36Q,0.41047263,-0.05645719,3,2
2JEL_LH_P|TP62A,0.0,-0.0007044589,3,2
2JEL_LH_P|TP62N,0.0,0.7008562,3,2
2JEL_LH_P|TP7N,0.41047263,0.27238145,3,2
2JEL_LH_P|TP7S,0.0,-0.12935844,3,2
2JEL_LH_P|VP6F,0.0,-1.1785066,3,2
"2NY7_HL_G|CG27I,CG226Q",0.19971907,-2.8430028,3,2
"2NY7_HL_G|CG27I,CG226Q,MG231A",0.20319231,-2.81536,3,2
"2NY7_HL_G|GG229C,MG231A",-0.37879732,-0.7593555,3,2
"2NY7_HL_G|GG229C,WG13M,MG231A,CG14W,CG110V,CG27I,CG226Q",0.21462485,-2.8593707,3,2
"2NY7_HL_G|KG66C,EG102C,CG27I,CG226Q",0.04085667,-2.4468825,3,2
"2NY7_HL_G|KG66C,EG102C,WG13M,MG231A,CG14W,CG110V,CG27I,CG226Q",0.3998023,-2.777151,3,2
"2NY7_HL_G|KG66C,EG103C,WG13M,MG231A,CG14W,CG110V,CG27I,CG226Q",0.29989544,-2.570643,3,2
"2NY7_HL_G|WG13M,MG231A,CG14W,CG110V",1.1574335,-0.608485,3,2
"2NY7_HL_G|WG13M,MG231A,CG14W,CG110V,CG27I,CG226Q",0.44904727,-3.0297287,3,2
"2NY7_HL_G|WG13M,MG231A,CG14W,CG110V,KG66C,EG102C",0.55101526,-0.20790431,3,2
"2NY7_HL_G|WG13M,SG92T,WG181S,MG231A,CG14W,CG110V,CG27I,CG226Q",-0.3035898,-2.289198,3,2
3BN9_B_CD|DB214A,0.5662115,1.5991603,3,2
3BN9_B_CD|DB46A,0.42238826,0.14112362,3,2
3BN9_B_CD|DB47A,0.31110755,0.85767007,3,2
3BN9_B_CD|EB163A,0.37321588,0.4788711,3,2
3BN9_B_CD|FB50A,-0.044997852,0.28266364,3,2
3BN9_B_CD|FB89A,0.6392419,1.5723317,3,2
3BN9_B_CD|HB138A,0.085063316,1.3079808,3,2
3BN9_B_CD|IB26A,0.0,0.48049372,3,2
3BN9_B_CD|IB45A,0.8352155,-0.16452199,3,2
3BN9_B_CD|KB221A,0.7849689,-0.237429,3,2
3BN9_B_CD|LB147A,0.33619216,0.16622704,3,2
3BN9_B_CD|NB90A,0.7733444,0.07894357,3,2
3BN9_B_CD|PD104H,2.4272547,-0.97598326,3,2
3BN9_B_CD|QB140A,0.1331048,0.19933641,3,2
3BN9_B_CD|QB168A,-0.03469869,-0.13235235,3,2
3BN9_B_CD|QB169A,2.5089848,0.8328135,3,2
3BN9_B_CD|QB218A,0.70571065,-0.042839997,3,2
3BN9_B_CD|QB23A,-0.41530684,0.04727745,3,2
3BN9_B_CD|QD105V,1.2241027,-0.08485239,3,2
3BN9_B_CD|RB219A,-0.093698174,-0.28977755,3,2
3BN9_B_CD|RB48A,-0.044997852,-0.1903877,3,2
3BN9_B_CD|RB51A,-0.07155777,-0.0050168075,3,2
3BN9_B_CD|RB82A,-0.15923285,-0.18215966,3,2
3BN9_B_CD|SD30G,1.1861069,-0.044285446,3,2
3BN9_B_CD|SD30N,1.145505,-0.15739405,3,2
3BN9_B_CD|TB144A,0.2908351,0.5106418,3,2
3BN9_B_CD|TB93A,1.1320528,0.6849242,3,2
3BN9_B_CD|TD102Q,-0.02153644,-0.12522686,3,2
3BN9_B_CD|TD102R,-0.058294915,0.38416332,3,2
3BN9_B_CD|TD28R,0.33290586,0.3542723,3,2
3BN9_B_CD|YB141A,1.0846525,1.9160613,3,2
3BN9_B_CD|YB52A,0.018951595,0.63301855,3,2
3BN9_B_CD|YD103S,0.45868576,0.5525699,3,2
4GXU_ABCDEF_MN|DA189E,2.1650882,1.2547289,3,2
"4GXU_ABCDEF_MN|DA189E,DA224G",3.0102077,1.4253904,3,2
4GXU_ABCDEF_MN|DA224G,1.9608781,0.6632027,3,2
"1JRH_LH_I|AI49S,II51T,HI55D",0.070675574,-0.4250427,4,0
"1JRH_LH_I|AI85D,KI88R,EI90K",-0.047747865,-0.8746369,4,0
"1JRH_LH_I|AI93L,VI94M",0.63366294,0.46662587,4,0
1JRH_LH_I|DH56A,1.8860998,2.8900416,4,0
1JRH_LH_I|DH57A,1.6660647,1.0041903,4,0
1JRH_LH_I|DH58A,1.8546488,1.9426988,4,0
1JRH_LH_I|DL28A,0.43464687,1.2025907,4,0
1JRH_LH_I|EI35Q,0.09956847,-0.33780405,4,0
1JRH_LH_I|EI45A,-0.5657849,-0.043920584,4,0
1JRH_LH_I|EI45P,-3.7881775,-0.18255657,4,0
"1JRH_LH_I|EI45P,II47L",-3.4567804,0.15120697,4,0
"1JRH_LH_I|EI45P,II47R",-3.4400978,-0.7140641,4,0
1JRH_LH_I|EL27A,0.5426153,0.5839381,4,0
1JRH_LH_I|FH103A,0.0,0.35095596,4,0
1JRH_LH_I|GI40A,4.0,1.2634894,4,0
1JRH_LH_I|HH107A,1.6977708,-0.076041,4,0
"1JRH_LH_I|II25N,PI27S,VI29T,VI31I",0.14370596,0.47478512,4,0
1JRH_LH_I|KI37A,3.713863,0.63556474,4,0
1JRH_LH_I|KI37M,3.2923293,0.77549946,4,0
1JRH_LH_I|KI42A,3.3858175,0.85717535,4,0
1JRH_LH_I|KI42M,4.0,0.5890832,4,0
1JRH_LH_I|KI88A,0.31209365,-0.13972902,4,0
"1JRH_LH_I|MI15L,II18V",-0.21360606,0.31462914,4,0
1JRH_LH_I|NI38A,0.1704579,0.86905926,4,0
1JRH_LH_I|NI38Q,0.5344714,0.71436894,4,0
1JRH_LH_I|NI43A,4.0,0.5918247,4,0
1JRH_LH_I|NI69A,-0.19953421,0.26030567,4,0
1JRH_LH_I|RH100A,0.5426153,1.5587727,4,0
1JRH_LH_I|RI74A,0.3926171,-0.6041648,4,0
1JRH_LH_I|SI44A,0.37771076,0.7540623,4,0
"1JRH_LH_I|SI44G,EI45G,II47R",-3.3777049,1.2539033,4,0
"1JRH_LH_I|SI44G,EI45P,II47K",-3.884419,0.8451857,4,0
"1JRH_LH_I|SI61Y,DI62E,HI63Q,VI64I,GI65M,DI66Y,SI68D,NI69V,LI71A",2.9588323,0.666268,4,0
1JRH_LH_I|SL93A,-0.65058374,0.07724281,4,0
1JRH_LH_I|TI4V,-0.025565991,1.8177602,4,0
"1JRH_LH_I|TI9L,EI11K",-0.025565991,0.35759062,4,0
1JRH_LH_I|TL94A,0.38526937,0.2864098,4,0
1JRH_LH_I|VI41A,1.6791569,-0.068097845,4,0
"1JRH_LH_I|VI73A,RI78K",-0.21360606,-1.2715664,4,0
1JRH_LH_I|WH54A,2.6862645,3.3975356,4,0
1JRH_LH_I|WH55A,2.4213178,1.2685289,4,0
1JRH_LH_I|WI46F,-0.25261214,-0.4452789,4,0
1JRH_LH_I|WI46Y,0.29852974,-0.33911142,4,0
1JRH_LH_I|WI72A,4.0,0.37567195,4,0
1JRH_LH_I|WI72F,1.102707,0.5931855,4,0
1JRH_LH_I|WI72Y,1.1878273,0.21562599,4,0
1JRH_LH_I|WL92A,2.818407,-0.6084983,4,0
1JRH_LH_I|WL95A,1.6660647,0.44648615,4,0
1JRH_LH_I|YH104A,1.0610564,0.56792974,4,0
1JRH_LH_I|YH32A,1.4333102,1.061113,4,0
1JRH_LH_I|YH60A,1.2555921,0.9614083,4,0
1JRH_LH_I|YI39A,3.5271235,-1.0387412,4,0
1JRH_LH_I|YI39F,0.9087807,-0.2920163,4,0
1JRH_LH_I|YL30A,1.1084566,0.9684686,4,0
1JRH_LH_I|YL91A,0.58083415,2.6927266,4,0
1KIQ_AB_C|FB101Y,-2.4949589,-1.4557219,4,0
1XGR_AB_C|IB33A,2.260207,1.7056255,4,0
1XGR_AB_C|IB33F,-1.8004549,-1.2479833,4,0
1XGR_AB_C|IB33L,0.061315425,0.50007343,4,0
1XGR_AB_C|IB33V,1.1076277,0.89645976,4,0
2BDN_HL_A|DH31E,1.0852306,0.5165256,4,0
2BDN_HL_A|LH27K,0.8740124,-0.21961331,4,0
2BDN_HL_A|LH27R,0.65058374,-0.50404084,4,0
2BDN_HL_A|NH28D,0.13214268,-0.5041074,4,0
2BDN_HL_A|NH28Q,1.3994616,0.027259493,4,0
2BDN_HL_A|NL31K,3.4897714,1.9749358,4,0
2BDN_HL_A|NL31R,-0.9171868,1.4218477,4,0
2BDN_HL_A|SL53D,-0.1605731,-0.4529217,4,0
2BDN_HL_A|SL53E,-0.85132045,-0.2305391,4,0
2BDN_HL_A|TL56D,-0.4254655,-0.13272901,4,0
2BDN_HL_A|TL56E,-0.6888026,0.27363434,4,0
2BDN_HL_A|YL30K,0.67475796,0.5289137,4,0
2NYY_DC_A|DA1030A,0.009336901,1.6656765,4,0
2NYY_DC_A|DA1034A,2.5297937,1.6759121,4,0
2NYY_DC_A|DC30Y,0.64113563,-0.2734861,4,0
2NYY_DC_A|EA892A,2.839132,-0.98828936,4,0
2NYY_DC_A|ED5Q,-0.2479871,-0.8568755,4,0
2NYY_DC_A|FA889A,0.4193659,0.03193873,4,0
2NYY_DC_A|FA925A,4.0,0.776711,4,0
2NYY_DC_A|HA1036A,4.0,0.9148814,4,0
2NYY_DC_A|HC34R,0.10088469,-0.3856303,4,0
2NYY_DC_A|IA928A,-0.009487502,0.78215575,4,0
2NYY_DC_A|KA1028A,-0.028934313,2.9163527,4,0
2NYY_DC_A|KA875A,0.29098648,-0.012422664,4,0
2NYY_DC_A|KA895A,-0.14014584,1.7238644,4,0
2NYY_DC_A|KD29R,0.071385965,0.06507778,4,0
"2NYY_DC_A|KD29S,YD30D,DD31H,SD60P",0.04961051,1.517983,4,0
2NYY_DC_A|LA891A,2.5892105,0.80480313,4,0
2NYY_DC_A|MD33Q,-0.059869844,0.77833337,4,0
2NYY_DC_A|NA890A,0.89044046,1.0944371,4,0
2NYY_DC_A|NA926A,0.09934822,0.52512103,4,0
2NYY_DC_A|QA887A,0.5208145,-0.039112203,4,0
2NYY_DC_A|RA1033A,0.82012254,0.88940537,4,0
2NYY_DC_A|RA1266A,0.2995321,1.6670328,4,0
2NYY_DC_A|SA874A,-0.23032175,-0.26228234,4,0
2NYY_DC_A|SA927A,0.0,0.8078382,4,0
2NYY_DC_A|SC28Q,0.4133828,1.198242,4,0
2NYY_DC_A|SC31N,-0.35338265,-0.061162986,4,0
2NYY_DC_A|TA1035A,1.630871,0.20108496,4,0
2NYY_DC_A|VD36I,-0.21317148,-0.039630473,4,0
"2NYY_DC_A|VD36I,ED5Q",-0.0490461,-0.8495425,4,0
2NYY_DC_A|YD30D,0.06462482,0.33643407,4,0
2NYY_DC_A|YD30Q,0.12897444,0.43395558,4,0
2NYY_DC_A|YD56Q,0.5196862,0.03937433,4,0
2NZ9_DC_A|DA1030A,-0.031082604,1.6595644,4,0
2NZ9_DC_A|DA1034A,2.3396032,1.6413759,4,0
2NZ9_DC_A|EA892A,2.77036,-0.9057814,4,0
2NZ9_DC_A|FA889A,-0.04961051,0.564741,4,0
2NZ9_DC_A|FA925A,3.340439,1.3225363,4,0
2NZ9_DC_A|HA1036A,4.0,1.0238926,4,0
2NZ9_DC_A|IA928A,0.069281444,0.57320744,4,0
2NZ9_DC_A|KA1028A,-0.008714417,2.643331,4,0
2NZ9_DC_A|KA875A,0.5407011,0.3469082,4,0
2NZ9_DC_A|KA895A,-0.29975358,2.1140413,4,0
2NZ9_DC_A|LA891A,2.279965,0.83763653,4,0
2NZ9_DC_A|NA890A,2.1600318,0.94626045,4,0
2NZ9_DC_A|NA926A,-0.15216734,0.6972041,4,0
2NZ9_DC_A|QA887A,0.09926054,0.218897,4,0
2NZ9_DC_A|RA1033A,0.29088098,0.66778463,4,0
2NZ9_DC_A|RA1266A,0.39015788,1.321634,4,0
2NZ9_DC_A|SA874A,-0.11948046,-0.14923699,4,0
2NZ9_DC_A|SA927A,-0.078544825,0.6557218,4,0
"2NZ9_DC_A|SD29K,DD30Y,HD31D",-0.04961051,-1.189099,4,0
2NZ9_DC_A|TA1035A,2.3703818,0.3159856,4,0
2VIS_AB_C|IC89T,-4.0,-3.6803544,4,0
"3BE1_HL_A|DL28N,PL30A,RL31K,SL32T,TL97S,TL98S",-0.6860794,-0.980909,4,0
"3BE1_HL_A|DL28N,PL30A,RL31K,SL32T,TL97S,TL98S,KH30S,DH31G,TH54S,NH55E,GH100V,DH102V",-2.7728782,-2.4495995,4,0
"3BE1_HL_A|DL28N,PL30A,RL31K,SL32T,TL97S,TL98S,KH30S,DH31G,TH54S,NH55E,GH100V,DH102V,YL36A",-3.190238,-0.4664736,4,0
"3BE1_HL_A|DL28N,PL30A,RL31K,SL32T,TL97S,TL98S,KH30S,DH31G,TH54S,NH55E,GH100V,DH102V,YL36A,IL33A",-2.7728782,-0.01963414,4,0
"3BE1_HL_A|DL28N,PL30A,RL31K,SL32T,YL57F,TL97S,TL98S",-0.8683455,-0.39381507,4,0
"3BE1_HL_A|DL28N,PL30A,RL31K,SL32T,YL57F,TL97S,TL98S,KH30S,DH31G,TH54S,NH55E,GH100V,DH102V",-2.8824897,-1.6803961,4,0
3LZF_AB_HL|DA187E,0.49836498,0.16371103,4,0
"3LZF_AB_HL|DA187E,DA222G",0.12738612,2.1566484,4,0
3LZF_AB_HL|DA222G,0.5378587,1.3259985,4,0
3NGB_HL_G|AH57G,-0.056030333,-0.63925195,4,0
"3NGB_HL_G|AH57G,VH58T,PH63K,VH74T",1.6734211,-1.4464997,4,0
"3NGB_HL_G|CH32S,CH102A",0.25899792,0.73350775,4,0
3NGB_HL_G|DH103A,0.05987142,-0.4573741,4,0
3NGB_HL_G|EL88A,1.3199503,1.1528499,4,0
3NGB_HL_G|FL89A,0.85886127,0.4468861,4,0
3NGB_HL_G|GH55A,-1.2766591,0.5739135,4,0
3NGB_HL_G|GH55S,0.74304354,0.7259357,4,0
3NGB_HL_G|GH56A,1.2656107,0.6410665,4,0
3NGB_HL_G|IH30A,-0.0027431613,0.057199407,4,0
3NGB_HL_G|IH30T,0.0733938,0.09611977,4,0
"3NGB_HL_G|IH30T,KH52N,RH54N,GH55S,AH57G,VH58T,RH62Q,PH63K,VH74T,YH75S,YL26S",0.86214453,-0.9988085,4,0
3NGB_HL_G|KH52A,0.62288266,0.8448148,4,0
3NGB_HL_G|KH52N,0.17497002,-0.67502844,4,0
3NGB_HL_G|MH70A,0.5305512,0.8637142,4,0
3NGB_HL_G|NH105A,1.1185741,0.9501427,4,0
3NGB_HL_G|NH59A,1.7671243,0.80068,4,0
3NGB_HL_G|PH63A,-0.04252045,0.25314334,4,0
3NGB_HL_G|PH63K,0.23252328,-0.052960083,4,0
3NGB_HL_G|QH65A,-0.34038836,1.057947,4,0
3NGB_HL_G|QL25A,-0.23060839,0.8792093,4,0
3NGB_HL_G|RH54A,-0.25938424,0.0164672,4,0
3NGB_HL_G|RH54N,0.04645046,0.06740787,4,0
3NGB_HL_G|RH62A,0.9958448,0.2499207,4,0
3NGB_HL_G|RH62Q,0.09654992,0.4105213,4,0
3NGB_HL_G|RH72A,1.6432176,2.4112122,4,0
3NGB_HL_G|SL28A,-0.14471176,1.3695215,4,0
3NGB_HL_G|TH33A,0.7071634,2.2107668,4,0
3NGB_HL_G|TH33Y,0.084193856,-1.549854,4,0
"3NGB_HL_G|TH33Y,GH56S,AH57G,VH58T,PH63K,VH74T,YH75S",1.9381938,-2.8768651,4,0
3NGB_HL_G|VH58A,1.3584284,1.6295694,4,0
3NGB_HL_G|VH58T,0.13787223,-1.2533077,4,0
3NGB_HL_G|VH74A,1.087914,-0.09431119,4,0
3NGB_HL_G|VH74T,0.16493925,-0.45244855,4,0
3NGB_HL_G|VL1A,-0.7733632,0.4258134,4,0
3NGB_HL_G|WH106A,4.0,0.5011555,4,0
3NGB_HL_G|WH47A,1.2021707,1.0790944,4,0
3NGB_HL_G|WH50A,1.2917941,1.3700565,4,0
3NGB_HL_G|YH104A,1.4235861,0.6580087,4,0
3NGB_HL_G|YH60A,0.5484263,1.0697936,4,0
3NGB_HL_G|YH75A,-0.19932224,-0.046907507,4,0
3NGB_HL_G|YH75S,0.3325709,0.24192314,4,0
3NGB_HL_G|YL26A,0.98528093,0.5941154,4,0
3NGB_HL_G|YL26S,0.6512687,0.75210184,4,0
3NGB_HL_G|YL87A,2.0227883,1.1248134,4,0
4JPK_HL_A|DA141R,3.857323,-0.25747922,4,0
"4JPK_HL_A|DA159N,DA33N",0.6189681,1.3388677,4,0
4JPK_HL_A|FA144I,1.3875175,1.3124864,4,0
4JPK_HL_A|FA63L,1.1672868,0.6577133,4,0
4JPK_HL_A|RA130K,0.23006605,1.5751393,4,0
4JPK_HL_A|RA81T,0.75870305,1.0864707,4,0
4JPK_HL_A|SA41G,2.151695,0.8273941,4,0
4JPK_HL_A|TA35S,-0.032093357,-1.4339614,4,0
4JPK_HL_A|VA30N,0.59459484,0.23588018,4,0
"1JRH_LH_I|AI49S,II51T,HI55D",0.070675574,-1.0770609,4,1
"1JRH_LH_I|AI85D,KI88R,EI90K",-0.047747865,-0.94041294,4,1
"1JRH_LH_I|AI93L,VI94M",0.63366294,-0.030902632,4,1
1JRH_LH_I|DH56A,1.8860998,2.956156,4,1
1JRH_LH_I|DH57A,1.6660647,1.0201539,4,1
1JRH_LH_I|DH58A,1.8546488,0.6196399,4,1
1JRH_LH_I|DL28A,0.43464687,0.9128529,4,1
1JRH_LH_I|EI35Q,0.09956847,-0.72845036,4,1
1JRH_LH_I|EI45A,-0.5657849,0.23728748,4,1
1JRH_LH_I|EI45P,-3.7881775,-0.10614055,4,1
"1JRH_LH_I|EI45P,II47L",-3.4567804,0.07027501,4,1
"1JRH_LH_I|EI45P,II47R",-3.4400978,0.21204339,4,1
1JRH_LH_I|EL27A,0.5426153,0.6156216,4,1
1JRH_LH_I|FH103A,0.0,-0.056520663,4,1
1JRH_LH_I|GI40A,4.0,-0.081523106,4,1
1JRH_LH_I|HH107A,1.6977708,0.8593474,4,1
"1JRH_LH_I|II25N,PI27S,VI29T,VI31I",0.14370596,1.4875846,4,1
1JRH_LH_I|KI37A,3.713863,1.9731766,4,1
1JRH_LH_I|KI37M,3.2923293,0.31581664,4,1
1JRH_LH_I|KI42A,3.3858175,0.9019792,4,1
1JRH_LH_I|KI42M,4.0,-0.34046322,4,1
1JRH_LH_I|KI88A,0.31209365,-0.9959297,4,1
"1JRH_LH_I|MI15L,II18V",-0.21360606,0.3302908,4,1
1JRH_LH_I|NI38A,0.1704579,1.3369925,4,1
1JRH_LH_I|NI38Q,0.5344714,-0.896972,4,1
1JRH_LH_I|NI43A,4.0,-0.2236995,4,1
1JRH_LH_I|NI69A,-0.19953421,1.6520878,4,1
1JRH_LH_I|RH100A,0.5426153,0.8030266,4,1
1JRH_LH_I|RI74A,0.3926171,0.4106484,4,1
1JRH_LH_I|SI44A,0.37771076,0.26958585,4,1
"1JRH_LH_I|SI44G,EI45G,II47R",-3.3777049,0.5512391,4,1
"1JRH_LH_I|SI44G,EI45P,II47K",-3.884419,0.2389253,4,1
"1JRH_LH_I|SI61Y,DI62E,HI63Q,VI64I,GI65M,DI66Y,SI68D,NI69V,LI71A",2.9588323,0.18224227,4,1
1JRH_LH_I|SL93A,-0.65058374,-0.34293324,4,1
1JRH_LH_I|TI4V,-0.025565991,1.1441811,4,1
"1JRH_LH_I|TI9L,EI11K",-0.025565991,-0.87469363,4,1
1JRH_LH_I|TL94A,0.38526937,0.6069903,4,1
1JRH_LH_I|VI41A,1.6791569,-0.43176222,4,1
"1JRH_LH_I|VI73A,RI78K",-0.21360606,-1.3713936,4,1
1JRH_LH_I|WH54A,2.6862645,3.550131,4,1
1JRH_LH_I|WH55A,2.4213178,0.7576867,4,1
1JRH_LH_I|WI46F,-0.25261214,-0.29115498,4,1
1JRH_LH_I|WI46Y,0.29852974,-0.44025552,4,1
1JRH_LH_I|WI72A,4.0,0.3189891,4,1
1JRH_LH_I|WI72F,1.102707,-0.2454603,4,1
1JRH_LH_I|WI72Y,1.1878273,-0.45376915,4,1
1JRH_LH_I|WL92A,2.818407,0.05581598,4,1
1JRH_LH_I|WL95A,1.6660647,-0.328681,4,1
1JRH_LH_I|YH104A,1.0610564,0.3942665,4,1
1JRH_LH_I|YH32A,1.4333102,0.8060234,4,1
1JRH_LH_I|YH60A,1.2555921,2.101493,4,1
1JRH_LH_I|YI39A,3.5271235,0.16871321,4,1
1JRH_LH_I|YI39F,0.9087807,-0.2875318,4,1
1JRH_LH_I|YL30A,1.1084566,2.3536563,4,1
1JRH_LH_I|YL91A,0.58083415,4.115491,4,1
1KIQ_AB_C|FB101Y,-2.4949589,-1.5048611,4,1
1XGR_AB_C|IB33A,2.260207,2.7649667,4,1
1XGR_AB_C|IB33F,-1.8004549,-0.5055597,4,1
1XGR_AB_C|IB33L,0.061315425,0.8760616,4,1
1XGR_AB_C|IB33V,1.1076277,1.5796796,4,1
2BDN_HL_A|DH31E,1.0852306,-0.2939223,4,1
2BDN_HL_A|LH27K,0.8740124,0.2578146,4,1
2BDN_HL_A|LH27R,0.65058374,-0.03895317,4,1
2BDN_HL_A|NH28D,0.13214268,-0.286807,4,1
2BDN_HL_A|NH28Q,1.3994616,-0.16982071,4,1
2BDN_HL_A|NL31K,3.4897714,0.51757354,4,1
2BDN_HL_A|NL31R,-0.9171868,0.69241613,4,1
2BDN_HL_A|SL53D,-0.1605731,-0.13431688,4,1
2BDN_HL_A|SL53E,-0.85132045,-0.10787615,4,1
2BDN_HL_A|TL56D,-0.4254655,0.1272699,4,1
2BDN_HL_A|TL56E,-0.6888026,0.23452546,4,1
2BDN_HL_A|YL30K,0.67475796,2.1012552,4,1
2NYY_DC_A|DA1030A,0.009336901,0.6133497,4,1
2NYY_DC_A|DA1034A,2.5297937,1.273036,4,1
2NYY_DC_A|DC30Y,0.64113563,-1.4573305,4,1
2NYY_DC_A|EA892A,2.839132,0.66868657,4,1
2NYY_DC_A|ED5Q,-0.2479871,0.4570169,4,1
2NYY_DC_A|FA889A,0.4193659,-0.25425595,4,1
2NYY_DC_A|FA925A,4.0,0.5826851,4,1
2NYY_DC_A|HA1036A,4.0,0.28001434,4,1
2NYY_DC_A|HC34R,0.10088469,0.33662504,4,1
2NYY_DC_A|IA928A,-0.009487502,1.5784365,4,1
2NYY_DC_A|KA1028A,-0.028934313,-0.28670073,4,1
2NYY_DC_A|KA875A,0.29098648,0.5890762,4,1
2NYY_DC_A|KA895A,-0.14014584,0.3951822,4,1
2NYY_DC_A|KD29R,0.071385965,-1.2284632,4,1
"2NYY_DC_A|KD29S,YD30D,DD31H,SD60P",0.04961051,-0.9063091,4,1
2NYY_DC_A|LA891A,2.5892105,2.4970644,4,1
2NYY_DC_A|MD33Q,-0.059869844,0.40265322,4,1
2NYY_DC_A|NA890A,0.89044046,-0.31147683,4,1
2NYY_DC_A|NA926A,0.09934822,1.0561076,4,1
2NYY_DC_A|QA887A,0.5208145,1.1734577,4,1
2NYY_DC_A|RA1033A,0.82012254,0.9734087,4,1
2NYY_DC_A|RA1266A,0.2995321,1.1112676,4,1
2NYY_DC_A|SA874A,-0.23032175,0.74335194,4,1
2NYY_DC_A|SA927A,0.0,0.65591985,4,1
2NYY_DC_A|SC28Q,0.4133828,0.13416013,4,1
2NYY_DC_A|SC31N,-0.35338265,0.13358994,4,1
2NYY_DC_A|TA1035A,1.630871,-0.30697423,4,1
2NYY_DC_A|VD36I,-0.21317148,-0.27049637,4,1
"2NYY_DC_A|VD36I,ED5Q",-0.0490461,0.086939655,4,1
2NYY_DC_A|YD30D,0.06462482,0.43573827,4,1
2NYY_DC_A|YD30Q,0.12897444,0.60424465,4,1
2NYY_DC_A|YD56Q,0.5196862,1.4492486,4,1
2NZ9_DC_A|DA1030A,-0.031082604,0.42468178,4,1
2NZ9_DC_A|DA1034A,2.3396032,1.3389977,4,1
2NZ9_DC_A|EA892A,2.77036,0.6317238,4,1
2NZ9_DC_A|FA889A,-0.04961051,-0.39285696,4,1
2NZ9_DC_A|FA925A,3.340439,1.1530719,4,1
2NZ9_DC_A|HA1036A,4.0,0.56368536,4,1
2NZ9_DC_A|IA928A,0.069281444,1.7610295,4,1
2NZ9_DC_A|KA1028A,-0.008714417,-0.22037311,4,1
2NZ9_DC_A|KA875A,0.5407011,0.7413931,4,1
2NZ9_DC_A|KA895A,-0.29975358,0.19410963,4,1
2NZ9_DC_A|LA891A,2.279965,2.2990777,4,1
2NZ9_DC_A|NA890A,2.1600318,-0.5761869,4,1
2NZ9_DC_A|NA926A,-0.15216734,1.3005624,4,1
2NZ9_DC_A|QA887A,0.09926054,1.1227102,4,1
2NZ9_DC_A|RA1033A,0.29088098,1.2573384,4,1
2NZ9_DC_A|RA1266A,0.39015788,0.8941301,4,1
2NZ9_DC_A|SA874A,-0.11948046,0.72736466,4,1
2NZ9_DC_A|SA927A,-0.078544825,1.1718153,4,1
"2NZ9_DC_A|SD29K,DD30Y,HD31D",-0.04961051,1.3549078,4,1
2NZ9_DC_A|TA1035A,2.3703818,-0.21167152,4,1
2VIS_AB_C|IC89T,-4.0,0.35113138,4,1
"3BE1_HL_A|DL28N,PL30A,RL31K,SL32T,TL97S,TL98S",-0.6860794,-0.6506174,4,1
"3BE1_HL_A|DL28N,PL30A,RL31K,SL32T,TL97S,TL98S,KH30S,DH31G,TH54S,NH55E,GH100V,DH102V",-2.7728782,-2.6404104,4,1
"3BE1_HL_A|DL28N,PL30A,RL31K,SL32T,TL97S,TL98S,KH30S,DH31G,TH54S,NH55E,GH100V,DH102V,YL36A",-3.190238,-0.7179464,4,1
"3BE1_HL_A|DL28N,PL30A,RL31K,SL32T,TL97S,TL98S,KH30S,DH31G,TH54S,NH55E,GH100V,DH102V,YL36A,IL33A",-2.7728782,-0.070101134,4,1
"3BE1_HL_A|DL28N,PL30A,RL31K,SL32T,YL57F,TL97S,TL98S",-0.8683455,-0.26072407,4,1
"3BE1_HL_A|DL28N,PL30A,RL31K,SL32T,YL57F,TL97S,TL98S,KH30S,DH31G,TH54S,NH55E,GH100V,DH102V",-2.8824897,-2.2320764,4,1
3LZF_AB_HL|DA187E,0.49836498,0.16568775,4,1
"3LZF_AB_HL|DA187E,DA222G",0.12738612,2.3578303,4,1
3LZF_AB_HL|DA222G,0.5378587,1.4895306,4,1
3NGB_HL_G|AH57G,-0.056030333,-0.50417465,4,1
"3NGB_HL_G|AH57G,VH58T,PH63K,VH74T",1.6734211,-1.4467669,4,1
"3NGB_HL_G|CH32S,CH102A",0.25899792,-0.24613221,4,1
3NGB_HL_G|DH103A,0.05987142,0.05819743,4,1
3NGB_HL_G|EL88A,1.3199503,-0.053483438,4,1
3NGB_HL_G|FL89A,0.85886127,0.7622032,4,1
3NGB_HL_G|GH55A,-1.2766591,-0.6440265,4,1
3NGB_HL_G|GH55S,0.74304354,-0.5673831,4,1
3NGB_HL_G|GH56A,1.2656107,0.4359098,4,1
3NGB_HL_G|IH30A,-0.0027431613,1.4311664,4,1
3NGB_HL_G|IH30T,0.0733938,0.551243,4,1
"3NGB_HL_G|IH30T,KH52N,RH54N,GH55S,AH57G,VH58T,RH62Q,PH63K,VH74T,YH75S,YL26S",0.86214453,-0.51427495,4,1
3NGB_HL_G|KH52A,0.62288266,0.7868067,4,1
3NGB_HL_G|KH52N,0.17497002,-0.02712898,4,1
3NGB_HL_G|MH70A,0.5305512,0.03849885,4,1
3NGB_HL_G|NH105A,1.1185741,0.13081378,4,1
3NGB_HL_G|NH59A,1.7671243,0.4594885,4,1
3NGB_HL_G|PH63A,-0.04252045,-0.6258878,4,1
3NGB_HL_G|PH63K,0.23252328,-0.068119965,4,1
3NGB_HL_G|QH65A,-0.34038836,0.6563763,4,1
3NGB_HL_G|QL25A,-0.23060839,0.49432653,4,1
3NGB_HL_G|RH54A,-0.25938424,-0.025558658,4,1
3NGB_HL_G|RH54N,0.04645046,0.095677346,4,1
3NGB_HL_G|RH62A,0.9958448,0.14352791,4,1
3NGB_HL_G|RH62Q,0.09654992,0.10568954,4,1
3NGB_HL_G|RH72A,1.6432176,0.66343504,4,1
3NGB_HL_G|SL28A,-0.14471176,0.12788594,4,1
3NGB_HL_G|TH33A,0.7071634,0.38945085,4,1
3NGB_HL_G|TH33Y,0.084193856,-0.59554696,4,1
"3NGB_HL_G|TH33Y,GH56S,AH57G,VH58T,PH63K,VH74T,YH75S",1.9381938,-1.3063923,4,1
3NGB_HL_G|VH58A,1.3584284,0.99381155,4,1
3NGB_HL_G|VH58T,0.13787223,-0.52599597,4,1
3NGB_HL_G|VH74A,1.087914,0.8107175,4,1
3NGB_HL_G|VH74T,0.16493925,-0.23032969,4,1
3NGB_HL_G|VL1A,-0.7733632,-0.013837706,4,1
3NGB_HL_G|WH106A,4.0,1.1847589,4,1
3NGB_HL_G|WH47A,1.2021707,0.7343471,4,1
3NGB_HL_G|WH50A,1.2917941,0.77586335,4,1
3NGB_HL_G|YH104A,1.4235861,0.2231698,4,1
3NGB_HL_G|YH60A,0.5484263,2.355441,4,1
3NGB_HL_G|YH75A,-0.19932224,-0.25803557,4,1
3NGB_HL_G|YH75S,0.3325709,-0.45655286,4,1
3NGB_HL_G|YL26A,0.98528093,0.5584891,4,1
3NGB_HL_G|YL26S,0.6512687,0.8583705,4,1
3NGB_HL_G|YL87A,2.0227883,2.2241478,4,1
4JPK_HL_A|DA141R,3.857323,0.03019154,4,1
"4JPK_HL_A|DA159N,DA33N",0.6189681,0.6346549,4,1
4JPK_HL_A|FA144I,1.3875175,1.3268945,4,1
4JPK_HL_A|FA63L,1.1672868,0.10643188,4,1
4JPK_HL_A|RA130K,0.23006605,0.18384063,4,1
4JPK_HL_A|RA81T,0.75870305,0.9835933,4,1
4JPK_HL_A|SA41G,2.151695,2.211432,4,1
4JPK_HL_A|TA35S,-0.032093357,-1.2112148,4,1
4JPK_HL_A|VA30N,0.59459484,0.8105936,4,1
"1JRH_LH_I|AI49S,II51T,HI55D",0.070675574,0.8369086,4,2
"1JRH_LH_I|AI85D,KI88R,EI90K",-0.047747865,-0.5445087,4,2
"1JRH_LH_I|AI93L,VI94M",0.63366294,0.17052595,4,2
1JRH_LH_I|DH56A,1.8860998,1.0781914,4,2
1JRH_LH_I|DH57A,1.6660647,0.07134099,4,2
1JRH_LH_I|DH58A,1.8546488,0.7569528,4,2
1JRH_LH_I|DL28A,0.43464687,-0.012653541,4,2
1JRH_LH_I|EI35Q,0.09956847,-0.27867484,4,2
1JRH_LH_I|EI45A,-0.5657849,0.890832,4,2
1JRH_LH_I|EI45P,-3.7881775,-0.77765924,4,2
"1JRH_LH_I|EI45P,II47L",-3.4567804,-1.7084941,4,2
"1JRH_LH_I|EI45P,II47R",-3.4400978,-0.64556473,4,2
1JRH_LH_I|EL27A,0.5426153,0.6685707,4,2
1JRH_LH_I|FH103A,0.0,0.62277406,4,2
1JRH_LH_I|GI40A,4.0,-0.8418384,4,2
1JRH_LH_I|HH107A,1.6977708,2.4183846,4,2
"1JRH_LH_I|II25N,PI27S,VI29T,VI31I",0.14370596,3.5372944,4,2
1JRH_LH_I|KI37A,3.713863,1.9235901,4,2
1JRH_LH_I|KI37M,3.2923293,0.5697646,4,2
1JRH_LH_I|KI42A,3.3858175,2.200368,4,2
1JRH_LH_I|KI42M,4.0,0.11853649,4,2
1JRH_LH_I|KI88A,0.31209365,-0.09214941,4,2
"1JRH_LH_I|MI15L,II18V",-0.21360606,0.5087555,4,2
1JRH_LH_I|NI38A,0.1704579,1.3642694,4,2
1JRH_LH_I|NI38Q,0.5344714,0.22935742,4,2
1JRH_LH_I|NI43A,4.0,1.1877592,4,2
1JRH_LH_I|NI69A,-0.19953421,0.6110726,4,2
1JRH_LH_I|RH100A,0.5426153,0.005500706,4,2
1JRH_LH_I|RI74A,0.3926171,-0.5742684,4,2
1JRH_LH_I|SI44A,0.37771076,-0.15813482,4,2
"1JRH_LH_I|SI44G,EI45G,II47R",-3.3777049,2.8265915,4,2
"1JRH_LH_I|SI44G,EI45P,II47K",-3.884419,0.525658,4,2
"1JRH_LH_I|SI61Y,DI62E,HI63Q,VI64I,GI65M,DI66Y,SI68D,NI69V,LI71A",2.9588323,0.48196384,4,2
1JRH_LH_I|SL93A,-0.65058374,1.0935879,4,2
1JRH_LH_I|TI4V,-0.025565991,-0.43225604,4,2
"1JRH_LH_I|TI9L,EI11K",-0.025565991,-0.69766456,4,2
1JRH_LH_I|TL94A,0.38526937,1.1926314,4,2
1JRH_LH_I|VI41A,1.6791569,-0.71050936,4,2
"1JRH_LH_I|VI73A,RI78K",-0.21360606,-1.4625893,4,2
1JRH_LH_I|WH54A,2.6862645,2.5668948,4,2
1JRH_LH_I|WH55A,2.4213178,0.11723991,4,2
1JRH_LH_I|WI46F,-0.25261214,-1.3991028,4,2
1JRH_LH_I|WI46Y,0.29852974,-1.0369995,4,2
1JRH_LH_I|WI72A,4.0,0.20700477,4,2
1JRH_LH_I|WI72F,1.102707,-0.5847528,4,2
1JRH_LH_I|WI72Y,1.1878273,-0.12501116,4,2
1JRH_LH_I|WL92A,2.818407,0.10033941,4,2
1JRH_LH_I|WL95A,1.6660647,-0.7191765,4,2
1JRH_LH_I|YH104A,1.0610564,1.3933442,4,2
1JRH_LH_I|YH32A,1.4333102,0.85032713,4,2
1JRH_LH_I|YH60A,1.2555921,1.9251686,4,2
1JRH_LH_I|YI39A,3.5271235,0.5027735,4,2
1JRH_LH_I|YI39F,0.9087807,-0.6191712,4,2
1JRH_LH_I|YL30A,1.1084566,1.9003235,4,2
1JRH_LH_I|YL91A,0.58083415,2.547218,4,2
1KIQ_AB_C|FB101Y,-2.4949589,-0.9314874,4,2
1XGR_AB_C|IB33A,2.260207,0.56046027,4,2
1XGR_AB_C|IB33F,-1.8004549,-0.44839215,4,2
1XGR_AB_C|IB33L,0.061315425,0.054557424,4,2
1XGR_AB_C|IB33V,1.1076277,-0.6011644,4,2
2BDN_HL_A|DH31E,1.0852306,0.20817973,4,2
2BDN_HL_A|LH27K,0.8740124,-0.44104192,4,2
2BDN_HL_A|LH27R,0.65058374,-0.15378797,4,2
2BDN_HL_A|NH28D,0.13214268,-1.0998932,4,2
2BDN_HL_A|NH28Q,1.3994616,-1.0367557,4,2
2BDN_HL_A|NL31K,3.4897714,-0.24412344,4,2
2BDN_HL_A|NL31R,-0.9171868,-0.59191215,4,2
2BDN_HL_A|SL53D,-0.1605731,-0.12843648,4,2
2BDN_HL_A|SL53E,-0.85132045,0.051715966,4,2
2BDN_HL_A|TL56D,-0.4254655,-0.24949463,4,2
2BDN_HL_A|TL56E,-0.6888026,-0.050321672,4,2
2BDN_HL_A|YL30K,0.67475796,1.5122566,4,2
2NYY_DC_A|DA1030A,0.009336901,-0.051899545,4,2
2NYY_DC_A|DA1034A,2.5297937,-0.100192755,4,2
2NYY_DC_A|DC30Y,0.64113563,-0.19033258,4,2
2NYY_DC_A|EA892A,2.839132,0.57087684,4,2
2NYY_DC_A|ED5Q,-0.2479871,0.01258215,4,2
2NYY_DC_A|FA889A,0.4193659,-0.14031501,4,2
2NYY_DC_A|FA925A,4.0,1.056133,4,2
2NYY_DC_A|HA1036A,4.0,2.7929854,4,2
2NYY_DC_A|HC34R,0.10088469,0.8631131,4,2
2NYY_DC_A|IA928A,-0.009487502,1.0471717,4,2
2NYY_DC_A|KA1028A,-0.028934313,0.556429,4,2
2NYY_DC_A|KA875A,0.29098648,1.714724,4,2
2NYY_DC_A|KA895A,-0.14014584,1.4095601,4,2
2NYY_DC_A|KD29R,0.071385965,0.12171711,4,2
"2NYY_DC_A|KD29S,YD30D,DD31H,SD60P",0.04961051,-1.010981,4,2
2NYY_DC_A|LA891A,2.5892105,1.8764627,4,2
2NYY_DC_A|MD33Q,-0.059869844,0.2757638,4,2
2NYY_DC_A|NA890A,0.89044046,3.042139,4,2
2NYY_DC_A|NA926A,0.09934822,1.7663499,4,2
2NYY_DC_A|QA887A,0.5208145,1.3043903,4,2
2NYY_DC_A|RA1033A,0.82012254,1.9568276,4,2
2NYY_DC_A|RA1266A,0.2995321,2.0996933,4,2
2NYY_DC_A|SA874A,-0.23032175,-1.213171,4,2
2NYY_DC_A|SA927A,0.0,-0.0846225,4,2
2NYY_DC_A|SC28Q,0.4133828,-1.7470642,4,2
2NYY_DC_A|SC31N,-0.35338265,-0.6522323,4,2
2NYY_DC_A|TA1035A,1.630871,0.8813554,4,2
2NYY_DC_A|VD36I,-0.21317148,0.28217432,4,2
"2NYY_DC_A|VD36I,ED5Q",-0.0490461,-0.07542534,4,2
2NYY_DC_A|YD30D,0.06462482,0.17707849,4,2
2NYY_DC_A|YD30Q,0.12897444,0.5176661,4,2
2NYY_DC_A|YD56Q,0.5196862,0.5720565,4,2
2NZ9_DC_A|DA1030A,-0.031082604,-0.03616992,4,2
2NZ9_DC_A|DA1034A,2.3396032,0.1603258,4,2
2NZ9_DC_A|EA892A,2.77036,0.5405275,4,2
2NZ9_DC_A|FA889A,-0.04961051,0.31002733,4,2
2NZ9_DC_A|FA925A,3.340439,1.5539304,4,2
2NZ9_DC_A|HA1036A,4.0,3.2135308,4,2
2NZ9_DC_A|IA928A,0.069281444,1.4325252,4,2
2NZ9_DC_A|KA1028A,-0.008714417,0.54674923,4,2
2NZ9_DC_A|KA875A,0.5407011,1.5910739,4,2
2NZ9_DC_A|KA895A,-0.29975358,1.4158072,4,2
2NZ9_DC_A|LA891A,2.279965,2.0174465,4,2
2NZ9_DC_A|NA890A,2.1600318,2.9428492,4,2
2NZ9_DC_A|NA926A,-0.15216734,1.7289758,4,2
2NZ9_DC_A|QA887A,0.09926054,1.0972451,4,2
2NZ9_DC_A|RA1033A,0.29088098,2.5109177,4,2
2NZ9_DC_A|RA1266A,0.39015788,2.2642746,4,2
2NZ9_DC_A|SA874A,-0.11948046,-1.4076929,4,2
2NZ9_DC_A|SA927A,-0.078544825,-0.20590945,4,2
"2NZ9_DC_A|SD29K,DD30Y,HD31D",-0.04961051,1.2979888,4,2
2NZ9_DC_A|TA1035A,2.3703818,0.81503606,4,2
2VIS_AB_C|IC89T,-4.0,-0.6373826,4,2
"3BE1_HL_A|DL28N,PL30A,RL31K,SL32T,TL97S,TL98S",-0.6860794,0.032535158,4,2
"3BE1_HL_A|DL28N,PL30A,RL31K,SL32T,TL97S,TL98S,KH30S,DH31G,TH54S,NH55E,GH100V,DH102V",-2.7728782,-0.6133786,4,2
"3BE1_HL_A|DL28N,PL30A,RL31K,SL32T,TL97S,TL98S,KH30S,DH31G,TH54S,NH55E,GH100V,DH102V,YL36A",-3.190238,1.011585,4,2
"3BE1_HL_A|DL28N,PL30A,RL31K,SL32T,TL97S,TL98S,KH30S,DH31G,TH54S,NH55E,GH100V,DH102V,YL36A,IL33A",-2.7728782,0.9390034,4,2
"3BE1_HL_A|DL28N,PL30A,RL31K,SL32T,YL57F,TL97S,TL98S",-0.8683455,0.6452827,4,2
"3BE1_HL_A|DL28N,PL30A,RL31K,SL32T,YL57F,TL97S,TL98S,KH30S,DH31G,TH54S,NH55E,GH100V,DH102V",-2.8824897,-0.19730273,4,2
3LZF_AB_HL|DA187E,0.49836498,0.68447423,4,2
"3LZF_AB_HL|DA187E,DA222G",0.12738612,3.5480914,4,2
3LZF_AB_HL|DA222G,0.5378587,2.53325,4,2
3NGB_HL_G|AH57G,-0.056030333,-0.12505358,4,2
"3NGB_HL_G|AH57G,VH58T,PH63K,VH74T",1.6734211,-1.1424294,4,2
"3NGB_HL_G|CH32S,CH102A",0.25899792,1.3534123,4,2
3NGB_HL_G|DH103A,0.05987142,1.0709026,4,2
3NGB_HL_G|EL88A,1.3199503,0.37538943,4,2
3NGB_HL_G|FL89A,0.85886127,1.4429345,4,2
3NGB_HL_G|GH55A,-1.2766591,0.21140127,4,2
3NGB_HL_G|GH55S,0.74304354,-0.4543375,4,2
3NGB_HL_G|GH56A,1.2656107,0.6878447,4,2
3NGB_HL_G|IH30A,-0.0027431613,0.42662326,4,2
3NGB_HL_G|IH30T,0.0733938,0.23235165,4,2
"3NGB_HL_G|IH30T,KH52N,RH54N,GH55S,AH57G,VH58T,RH62Q,PH63K,VH74T,YH75S,YL26S",0.86214453,-0.5574347,4,2
3NGB_HL_G|KH52A,0.62288266,0.4348869,4,2
3NGB_HL_G|KH52N,0.17497002,-0.80864817,4,2
3NGB_HL_G|MH70A,0.5305512,1.7487488,4,2
3NGB_HL_G|NH105A,1.1185741,0.50029176,4,2
3NGB_HL_G|NH59A,1.7671243,1.003704,4,2
3NGB_HL_G|PH63A,-0.04252045,-0.8271411,4,2
3NGB_HL_G|PH63K,0.23252328,-0.8409434,4,2
3NGB_HL_G|QH65A,-0.34038836,1.48806,4,2
3NGB_HL_G|QL25A,-0.23060839,0.71190774,4,2
3NGB_HL_G|RH54A,-0.25938424,0.38749045,4,2
3NGB_HL_G|RH54N,0.04645046,0.9900037,4,2
3NGB_HL_G|RH62A,0.9958448,0.37950015,4,2
3NGB_HL_G|RH62Q,0.09654992,0.019876402,4,2
3NGB_HL_G|RH72A,1.6432176,0.22616564,4,2
3NGB_HL_G|SL28A,-0.14471176,1.2135231,4,2
3NGB_HL_G|TH33A,0.7071634,0.16058798,4,2
3NGB_HL_G|TH33Y,0.084193856,-0.94228,4,2
"3NGB_HL_G|TH33Y,GH56S,AH57G,VH58T,PH63K,VH74T,YH75S",1.9381938,-2.0244505,4,2
3NGB_HL_G|VH58A,1.3584284,0.65499413,4,2
3NGB_HL_G|VH58T,0.13787223,-0.46736166,4,2
3NGB_HL_G|VH74A,1.087914,0.84804785,4,2
3NGB_HL_G|VH74T,0.16493925,0.2778997,4,2
3NGB_HL_G|VL1A,-0.7733632,0.74267447,4,2
3NGB_HL_G|WH106A,4.0,1.1702123,4,2
3NGB_HL_G|WH47A,1.2021707,0.50832504,4,2
3NGB_HL_G|WH50A,1.2917941,0.37674907,4,2
3NGB_HL_G|YH104A,1.4235861,1.3299565,4,2
3NGB_HL_G|YH60A,0.5484263,1.6958748,4,2
3NGB_HL_G|YH75A,-0.19932224,0.40879807,4,2
3NGB_HL_G|YH75S,0.3325709,-0.1273135,4,2
3NGB_HL_G|YL26A,0.98528093,0.89868635,4,2
3NGB_HL_G|YL26S,0.6512687,0.5357441,4,2
3NGB_HL_G|YL87A,2.0227883,1.5831472,4,2
4JPK_HL_A|DA141R,3.857323,0.2998128,4,2
"4JPK_HL_A|DA159N,DA33N",0.6189681,0.5970849,4,2
4JPK_HL_A|FA144I,1.3875175,1.202356,4,2
4JPK_HL_A|FA63L,1.1672868,0.20311971,4,2
4JPK_HL_A|RA130K,0.23006605,-0.349493,4,2
4JPK_HL_A|RA81T,0.75870305,0.2461556,4,2
4JPK_HL_A|SA41G,2.151695,1.24885,4,2
4JPK_HL_A|TA35S,-0.032093357,-1.4772379,4,2
4JPK_HL_A|VA30N,0.59459484,1.3633751,4,2
