row_id,ddg_true,ddg_pred,fold,seed
1AHW_AB_C|DC167A,-0.4845926,0.76451427,0,0
"1AHW_AB_C|KC138A,DC139A",1.1814722,1.7852575,0,0
"1AHW_AB_C|KC154A,KC155A",-1.329712,1.6040972,0,0
1AHW_AB_C|LC165A,0.9869364,1.1745421,0,0
1AHW_AB_C|NC188A,1.0782224,0.6413087,0,0
"1AHW_AB_C|TC110A,KC111A",0.6388569,0.7679239,0,0
1AHW_AB_C|TC156A,-0.07411996,1.4038202,0,0
1AHW_AB_C|TC159A,1.105771,1.2028761,0,0
1AHW_AB_C|TC186A,1.345882,0.6237101,0,0
1AHW_AB_C|VC187A,-0.31423107,0.6743405,0,0
1AHW_AB_C|YC146A,-1.8890098,1.973102,0,0
1BJ1_HL_VW|HH101Y,-1.5835956,-1.3876215,0,0
"1BJ1_HL_VW|HH101Y,YH103I,GH104A,SH105K",-0.43125325,0.09945908,0,0
"1BJ1_HL_VW|HH101Y,YH103R,GH104N,SH105T",-0.7626503,0.5439317,0,0
"1BJ1_HL_VW|HH101Y,YH103R,SH105T",-1.173123,-0.117922455,0,0
1BJ1_HL_VW|HH107A,0.78965265,0.43358758,0,0
"1BJ1_HL_VW|LH72I,TH74K",0.076517485,0.32434526,0,0
"1BJ1_HL_VW|LH72V,TH74V",0.6706598,0.09807533,0,0
"1BJ1_HL_VW|ML4L,TH28D,NH31H,HH101Y,SH105T",-1.52138,-1.9614877,0,0
1BJ1_HL_VW|NH31H,-0.7626503,-0.17050703,0,0
1BJ1_HL_VW|SH105T,-0.39039657,0.07950765,0,0
1BJ1_HL_VW|TH28D,-0.22003505,-0.64655215,0,0
"1BJ1_HL_VW|TH28D,NH31H",-0.6929008,-1.1569648,0,0
"1BJ1_HL_VW|TH28D,NH31H,YH54W,HH101Y,SH105T",-1.2034981,-1.5094029,0,0
1BJ1_HL_VW|TH59A,0.85066694,0.84900784,0,0
1BJ1_HL_VW|YH27A,2.2425284,0.9170907,0,0
1BJ1_HL_VW|YH54A,1.3276595,1.1134747,0,0
1BJ1_HL_VW|YH54W,-0.13726985,0.1870158,0,0
1BJ1_HL_VW|YH99A,4.0,1.2304045,0,0
1DQJ_AB_C|DB32A,2.0134337,2.2662067,0,0
"1DQJ_AB_C|DB32A,KC97A",1.1223834,2.709845,0,0
1DQJ_AB_C|DC101A,1.3765504,2.5801961,0,0
1DQJ_AB_C|KC96A,4.0,1.2791914,0,0
1DQJ_AB_C|KC97A,3.5197058,1.0492477,0,0
1DQJ_AB_C|LC75A,1.452407,0.95524085,0,0
1DQJ_AB_C|NA31A,2.0134337,1.0931274,0,0
1DQJ_AB_C|NA32A,4.0,1.2359334,0,0
"1DQJ_AB_C|NA32A,KC96A",4.0,2.7452915,0,0
1DQJ_AB_C|NC93A,0.64987326,0.10866764,0,0
1DQJ_AB_C|RC21A,1.2137709,1.4822427,0,0
1DQJ_AB_C|SA91A,1.4318883,1.6090664,0,0
"1DQJ_AB_C|SA91A,RC21A",3.1707318,2.8157215,0,0
"1DQJ_AB_C|SA91A,YC20A",3.573092,3.2558463,0,0
1DQJ_AB_C|SC100A,0.7755829,1.6702012,0,0
1DQJ_AB_C|TC89A,0.84084374,0.8872828,0,0
1DQJ_AB_C|WB98A,4.0,1.6420586,0,0
"1DQJ_AB_C|WB98A,KC97A",4.0,2.665211,0,0
"1DQJ_AB_C|WB98A,SC100A",4.0,3.012741,0,0
"1DQJ_AB_C|WB98A,YC20A",4.0,3.5334823,0,0
1DQJ_AB_C|WC62A,0.7580786,1.1552448,0,0
1DQJ_AB_C|WC63A,1.3462692,1.6689352,0,0
1DQJ_AB_C|YA50A,2.678299,1.7475448,0,0
1DQJ_AB_C|YA96A,1.135051,1.326753,0,0
"1DQJ_AB_C|YA96A,RC21A",3.4851997,2.6197581,0,0
"1DQJ_AB_C|YA96A,SC100A",0.91344726,2.7789757,0,0
1DQJ_AB_C|YB33A,4.0,3.4923859,0,0
1DQJ_AB_C|YB50A,4.0,2.312852,0,0
1DQJ_AB_C|YB53A,1.1802781,0.7894261,0,0
"1DQJ_AB_C|YB53A,DC101A",2.727121,3.1999733,0,0
"1DQJ_AB_C|YB53A,LC75A",1.2168618,2.137718,0,0
"1DQJ_AB_C|YB53A,WC62A",1.286308,1.8917644,0,0
"1DQJ_AB_C|YB53A,WC63A",2.1992323,2.285576,0,0
1DQJ_AB_C|YC20A,3.2857084,2.2741525,0,0
1XGT_AB_C|LB33A,2.1988916,2.9253953,0,0
1XGT_AB_C|LB33F,-1.8617703,-2.3857865,0,0
1XGT_AB_C|LB33I,-0.061315425,0.45143592,0,0
1XGT_AB_C|LB33V,1.0463123,2.0011067,0,0
"3BDY_HL_V|DL28N,PL30A,RL31K,SL32T,TL97S,TL98S",-0.9690793,-0.53886425,0,0
"3BDY_HL_V|DL28N,PL30A,RL31K,SL32T,TL97S,TL98S,KH31S,DH32G,TH55S,NH56E,GH101V,DH103V",-2.7154896,-1.9402771,0,0
"3BDY_HL_V|DL28N,PL30A,RL31K,SL32T,TL97S,TL98S,KH31S,DH32G,TH55S,NH56E,GH101V,DH103V,RH51A,RH60A",-2.7728782,-1.7848876,0,0
"3BDY_HL_V|DL28N,PL30A,RL31K,SL32T,YL57F,TL97S,TL98S",-0.97316396,-0.4688644,0,0
"3BDY_HL_V|DL28N,PL30A,RL31K,SL32T,YL57F,TL97S,TL98S,KH31S,DH32G,TH55S,NH56E,GH101V,DH103V",-2.727121,-1.9177295,0,0
3HFM_HL_Y|DH32A,1.8982269,1.2654711,0,0
"3HFM_HL_Y|DH32A,KY97A",4.0,1.6227769,0,0
"3HFM_HL_Y|DH32A,KY97M",1.1234494,1.1591626,0,0
3HFM_HL_Y|DH32N,0.17036153,0.4587899,0,0
"3HFM_HL_Y|DH32N,KY97A",4.0,1.1486753,0,0
"3HFM_HL_Y|DH32N,KY97M",0.3025042,0.66564435,0,0
3HFM_HL_Y|DY101A,1.2081919,1.8411884,0,0
3HFM_HL_Y|DY101E,2.132881,0.43692416,0,0
3HFM_HL_Y|DY101F,2.3282614,0.37638664,0,0
3HFM_HL_Y|DY101G,0.35884774,1.7786142,0,0
3HFM_HL_Y|DY101K,2.1245396,1.6927855,0,0
3HFM_HL_Y|DY101N,1.4911126,1.6530786,0,0
3HFM_HL_Y|DY101Q,2.0851746,-0.3102494,0,0
3HFM_HL_Y|DY101R,2.2798727,1.4742659,0,0
3HFM_HL_Y|DY101S,1.8694,0.7432806,0,0
3HFM_HL_Y|GY102V,0.395285,-0.20320895,0,0
3HFM_HL_Y|HY15A,-0.4453172,1.1971605,0,0
3HFM_HL_Y|IY98A,0.0,0.6925214,0,0
3HFM_HL_Y|KY96A,4.0,1.3288442,0,0
3HFM_HL_Y|KY96M,4.0,0.46220958,0,0
3HFM_HL_Y|KY96R,4.0,0.41939333,0,0
3HFM_HL_Y|KY97A,4.0,0.82859915,0,0
3HFM_HL_Y|KY97D,4.0,0.32590774,0,0
3HFM_HL_Y|KY97E,3.6045077,0.34934247,0,0
3HFM_HL_Y|KY97G,4.0,0.6772737,0,0
3HFM_HL_Y|KY97M,0.9469717,0.2744562,0,0
3HFM_HL_Y|KY97R,3.0528512,-0.47365785,0,0
3HFM_HL_Y|LY75A,0.70445603,0.55139816,0,0
3HFM_HL_Y|NL31A,4.0,1.2618287,0,0
"3HFM_HL_Y|NL31A,KY96A",4.0,2.5658858,0,0
3HFM_HL_Y|NL31D,1.3434845,-0.9681908,0,0
3HFM_HL_Y|NL31E,4.0,0.07376312,0,0
3HFM_HL_Y|NL32A,4.0,0.78908587,0,0
3HFM_HL_Y|NY19D,0.41047263,-0.3806238,0,0
3HFM_HL_Y|NY19K,0.2401111,0.9376841,0,0
3HFM_HL_Y|NY19Q,-0.042485796,-0.648415,0,0
3HFM_HL_Y|NY93A,0.21121821,0.14062959,0,0
3HFM_HL_Y|QL53A,0.9530879,-0.019704273,0,0
3HFM_HL_Y|RY21A,0.8618019,1.4392638,0,0
3HFM_HL_Y|RY21E,2.4534352,-0.95322806,0,0
3HFM_HL_Y|RY21G,2.4220753,0.6182539,0,0
3HFM_HL_Y|RY21H,2.1693182,-0.947954,0,0
3HFM_HL_Y|RY21K,1.766342,1.4498348,0,0
3HFM_HL_Y|RY21M,2.0498905,1.1004254,0,0
3HFM_HL_Y|RY21N,2.3282614,0.87242115,0,0
3HFM_HL_Y|RY21Q,2.3975346,-1.6848521,0,0
3HFM_HL_Y|RY21W,2.132881,1.0030087,0,0
3HFM_HL_Y|RY73A,-0.3313971,0.74292845,0,0
3HFM_HL_Y|SH31A,0.17036153,1.0070128,0,0
3HFM_HL_Y|SY100A,0.26765963,1.2061067,0,0
3HFM_HL_Y|TY89A,0.0,0.9137029,0,0
3HFM_HL_Y|WH98A,4.0,1.3459944,0,0
"3HFM_HL_Y|WH98A,KY96A",4.0,2.6625414,0,0
3HFM_HL_Y|WH98F,3.245562,0.19276267,0,0
"3HFM_HL_Y|WH98F,YY20A",4.0,2.6223173,0,0
3HFM_HL_Y|WY63A,0.31918663,1.7563376,0,0
3HFM_HL_Y|YH33A,4.0,3.0472224,0,0
"3HFM_HL_Y|YH33A,KY97A",4.0,3.2655487,0,0
3HFM_HL_Y|YH33F,1.0712212,-0.45740312,0,0
3HFM_HL_Y|YH33L,2.0069382,1.1558136,0,0
3HFM_HL_Y|YH33W,1.7495645,1.5383253,0,0
3HFM_HL_Y|YH50A,4.0,2.4305706,0,0
"3HFM_HL_Y|YH50A,RY21A",4.0,3.1923845,0,0
3HFM_HL_Y|YH50F,1.6099914,-0.12654924,0,0
3HFM_HL_Y|YH50L,2.8488367,1.0511687,0,0
3HFM_HL_Y|YH53A,3.25038,0.95852965,0,0
3HFM_HL_Y|YH53F,0.62049925,0.53253114,0,0
3HFM_HL_Y|YH53L,0.8068894,0.666247,0,0
3HFM_HL_Y|YH53W,0.7061819,0.46257818,0,0
3HFM_HL_Y|YH58A,1.6760437,1.7551243,0,0
3HFM_HL_Y|YH58F,0.36312544,0.45741162,0,0
3HFM_HL_Y|YH58L,1.5136731,1.0263747,0,0
3HFM_HL_Y|YL50A,4.0,0.8992843,0,0
"3HFM_HL_Y|YL50A,KY96A",4.0,2.1201034,0,0
"3HFM_HL_Y|YL50A,KY97A",4.0,1.6139945,0,0
"3HFM_HL_Y|YL50A,RY21A",4.0,2.2382915,0,0
3HFM_HL_Y|YL50F,2.3548672,0.2723964,0,0
"3HFM_HL_Y|YL50F,RY21A",4.0,1.6919214,0,0
"3HFM_HL_Y|YL50F,YY20A",4.0,2.1892538,0,0
3HFM_HL_Y|YL50L,4.0,0.41363898,0,0
3HFM_HL_Y|YL96A,2.707045,1.6567308,0,0
"3HFM_HL_Y|YL96A,RY21A",4.0,2.8654442,0,0
3HFM_HL_Y|YL96F,1.4017794,0.5055488,0,0
"3HFM_HL_Y|YL96F,RY21A",4.0,2.0485778,0,0
3HFM_HL_Y|YY20A,4.0,2.085869,0,0
3HFM_HL_Y|YY20F,-0.4839681,0.5888595,0,0
3HFM_HL_Y|YY20L,2.1845057,1.8874297,0,0
3SE9_HL_G|DH77A,-0.7664817,0.6333491,0,0
3SE9_HL_G|EL90A,0.41735974,1.7902772,0,0
3SE9_HL_G|FL91A,0.023615688,1.110001,0,0
3SE9_HL_G|GH106A,-0.3075798,0.7264676,0,0
3SE9_HL_G|GH107A,-0.6151596,0.76475936,0,0
3SE9_HL_G|GH109A,0.18514356,1.1640563,0,0
3SE9_HL_G|GH57A,0.4524448,0.9027365,0,0
3SE9_HL_G|GH62A,0.04634,1.1325688,0,0
3SE9_HL_G|GL29A,0.46369976,0.75232136,0,0
3SE9_HL_G|LH34A,0.56599987,2.0248249,0,0
3SE9_HL_G|LL89A,0.964243,1.9477149,0,0
3SE9_HL_G|NH60A,1.5217615,1.5897639,0,0
3SE9_HL_G|PH64A,-0.4419396,-0.34194303,0,0
3SE9_HL_G|RH67A,1.4695449,0.91853505,0,0
3SE9_HL_G|RH74A,2.6792572,1.6989819,0,0
3SE9_HL_G|RH76A,-0.2322162,1.4841375,0,0
3SE9_HL_G|TH105A,-0.4419396,0.62161976,0,0
3SE9_HL_G|TH56A,-0.85929936,0.95057243,0,0
3SE9_HL_G|VH55A,-0.85929936,0.3613451,0,0
3SE9_HL_G|VH59A,0.9833596,2.0542493,0,0
3SE9_HL_G|VL3A,-0.49433115,0.28494146,0,0
3SE9_HL_G|WH48A,1.0584464,1.6538129,0,0
3SE9_HL_G|WH51A,1.275695,2.469161,0,0
3SE9_HL_G|YH104A,0.46369976,1.1458685,0,0
3SE9_HL_G|YL28A,1.1177194,0.7549531,0,0
4U6H_AB_E|NE21A,-0.3480795,0.8857715,0,0
4U6H_AB_E|QE25A,0.11883454,1.7334889,0,0
4ZS6_HL_A|EA156A,3.0386665,1.3279905,0,0
4ZS6_HL_A|YA160A,-0.11025046,1.9206395,0,0
1AHW_AB_C|DC167A,-0.4845926,1.9710232,0,1
"1AHW_AB_C|KC138A,DC139A",1.1814722,2.1292648,0,1
"1AHW_AB_C|KC154A,KC155A",-1.329712,2.3763828,0,1
1AHW_AB_C|LC165A,0.9869364,1.5819706,0,1
1AHW_AB_C|NC188A,1.0782224,1.6011968,0,1
"1AHW_AB_C|TC110A,KC111A",0.6388569,1.6327474,0,1
1AHW_AB_C|TC156A,-0.07411996,1.7540233,0,1
1AHW_AB_C|TC159A,1.105771,1.3847456,0,1
1AHW_AB_C|TC186A,1.345882,1.154363,0,1
1AHW_AB_C|VC187A,-0.31423107,1.6079905,0,1
1AHW_AB_C|YC146A,-1.8890098,1.6558522,0,1
1BJ1_HL_VW|HH101Y,-1.5835956,-0.63279676,0,1
"1BJ1_HL_VW|HH101Y,YH103I,GH104A,SH105K",-0.43125325,1.406619,0,1
"1BJ1_HL_VW|HH101Y,YH103R,GH104N,SH105T",-0.7626503,1.2793726,0,1
"1BJ1_HL_VW|HH101Y,YH103R,SH105T",-1.173123,0.69012,0,1
1BJ1_HL_VW|HH107A,0.78965265,1.0791918,0,1
"1BJ1_HL_VW|LH72I,TH74K",0.076517485,0.1476669,0,1
"1BJ1_HL_VW|LH72V,TH74V",0.6706598,-0.27719858,0,1
"1BJ1_HL_VW|ML4L,TH28D,NH31H,HH101Y,SH105T",-1.52138,-1.6684176,0,1
1BJ1_HL_VW|NH31H,-0.7626503,-0.6725341,0,1
1BJ1_HL_VW|SH105T,-0.39039657,0.25425544,0,1
1BJ1_HL_VW|TH28D,-0.22003505,-0.66244984,0,1
"1BJ1_HL_VW|TH28D,NH31H",-0.6929008,-1.3253014,0,1
"1BJ1_HL_VW|TH28D,NH31H,YH54W,HH101Y,SH105T",-1.2034981,-1.3393593,0,1
1BJ1_HL_VW|TH59A,0.85066694,0.8224352,0,1
1BJ1_HL_VW|YH27A,2.2425284,1.1048492,0,1
1BJ1_HL_VW|YH54A,1.3276595,1.6893166,0,1
1BJ1_HL_VW|YH54W,-0.13726985,0.5336566,0,1
1BJ1_HL_VW|YH99A,4.0,1.483157,0,1
1DQJ_AB_C|DB32A,2.0134337,1.71867,0,1
"1DQJ_AB_C|DB32A,KC97A",1.1223834,2.5760171,0,1
1DQJ_AB_C|DC101A,1.3765504,1.7742245,0,1
1DQJ_AB_C|KC96A,4.0,1.8685836,0,1
1DQJ_AB_C|KC97A,3.5197058,1.8478869,0,1
1DQJ_AB_C|LC75A,1.452407,1.3649689,0,1
1DQJ_AB_C|NA31A,2.0134337,1.3600192,0,1
1DQJ_AB_C|NA32A,4.0,1.0735239,0,1
"1DQJ_AB_C|NA32A,KC96A",4.0,2.6075115,0,1
1DQJ_AB_C|NC93A,0.64987326,1.6270257,0,1
1DQJ_AB_C|RC21A,1.2137709,1.9765049,0,1
1DQJ_AB_C|SA91A,1.4318883,1.2574053,0,1
"1DQJ_AB_C|SA91A,RC21A",3.1707318,2.5665655,0,1
"1DQJ_AB_C|SA91A,YC20A",3.573092,2.5367424,0,1
1DQJ_AB_C|SC100A,0.7755829,1.1904156,0,1
1DQJ_AB_C|TC89A,0.84084374,1.3749536,0,1
1DQJ_AB_C|WB98A,4.0,2.029217,0,1
"1DQJ_AB_C|WB98A,KC97A",4.0,3.126891,0,1
"1DQJ_AB_C|WB98A,SC100A",4.0,2.5570347,0,1
"1DQJ_AB_C|WB98A,YC20A",4.0,3.2736511,0,1
1DQJ_AB_C|WC62A,0.7580786,1.935206,0,1
1DQJ_AB_C|WC63A,1.3462692,2.0900147,0,1
1DQJ_AB_C|YA50A,2.678299,1.9818033,0,1
1DQJ_AB_C|YA96A,1.135051,1.4171382,0,1
"1DQJ_AB_C|YA96A,RC21A",3.4851997,2.7256916,0,1
"1DQJ_AB_C|YA96A,SC100A",0.91344726,2.060169,0,1
1DQJ_AB_C|YB33A,4.0,2.2776005,0,1
1DQJ_AB_C|YB50A,4.0,1.8868693,0,1
1DQJ_AB_C|YB53A,1.1802781,1.4519545,0,1
"1DQJ_AB_C|YB53A,DC101A",2.727121,2.6584353,0,1
"1DQJ_AB_C|YB53A,LC75A",1.2168618,2.6321015,0,1
"1DQJ_AB_C|YB53A,WC62A",1.286308,2.6890345,0,1
"1DQJ_AB_C|YB53A,WC63A",2.1992323,2.862104,0,1
1DQJ_AB_C|YC20A,3.2857084,2.0992723,0,1
1XGT_AB_C|LB33A,2.1988916,1.997553,0,1
1XGT_AB_C|LB33F,-1.8617703,-0.8513932,0,1
1XGT_AB_C|LB33I,-0.061315425,0.38978335,0,1
1XGT_AB_C|LB33V,1.0463123,0.761314,0,1
"3BDY_HL_V|DL28N,PL30A,RL31K,SL32T,TL97S,TL98S",-0.9690793,0.003388919,0,1
"3BDY_HL_V|DL28N,PL30A,RL31K,SL32T,TL97S,TL98S,KH31S,DH32G,TH55S,NH56E,GH101V,DH103V",-2.7154896,-2.438813,0,1
"3BDY_HL_V|DL28N,PL30A,RL31K,SL32T,TL97S,TL98S,KH31S,DH32G,TH55S,NH56E,GH101V,DH103V,RH51A,RH60A",-2.7728782,-1.9474801,0,1
"3BDY_HL_V|DL28N,PL30A,RL31K,SL32T,YL57F,TL97S,TL98S",-0.97316396,0.27439892,0,1
"3BDY_HL_V|DL28N,PL30A,RL31K,SL32T,YL57F,TL97S,TL98S,KH31S,DH32G,TH55S,NH56E,GH101V,DH103V",-2.727121,-2.3565128,0,1
3HFM_HL_Y|DH32A,1.8982269,1.4974059,0,1
"3HFM_HL_Y|DH32A,KY97A",4.0,2.3976116,0,1
"3HFM_HL_Y|DH32A,KY97M",1.1234494,2.020324,0,1
3HFM_HL_Y|DH32N,0.17036153,0.8820177,0,1
"3HFM_HL_Y|DH32N,KY97A",4.0,2.0840306,0,1
"3HFM_HL_Y|DH32N,KY97M",0.3025042,1.793758,0,1
3HFM_HL_Y|DY101A,1.2081919,1.715415,0,1
3HFM_HL_Y|DY101E,2.132881,0.7158828,0,1
3HFM_HL_Y|DY101F,2.3282614,0.42635128,0,1
3HFM_HL_Y|DY101G,0.35884774,0.2898308,0,1
3HFM_HL_Y|DY101K,2.1245396,0.510947,0,1
3HFM_HL_Y|DY101N,1.4911126,0.4879817,0,1
3HFM_HL_Y|DY101Q,2.0851746,-0.13538882,0,1
3HFM_HL_Y|DY101R,2.2798727,0.39551333,0,1
3HFM_HL_Y|DY101S,1.8694,0.7743476,0,1
3HFM_HL_Y|GY102V,0.395285,-0.07665913,0,1
3HFM_HL_Y|HY15A,-0.4453172,1.5157638,0,1
3HFM_HL_Y|IY98A,0.0,1.0110823,0,1
3HFM_HL_Y|KY96A,4.0,1.8659304,0,1
3HFM_HL_Y|KY96M,4.0,1.3988378,0,1
3HFM_HL_Y|KY96R,4.0,1.0211961,0,1
3HFM_HL_Y|KY97A,4.0,1.7504789,0,1
3HFM_HL_Y|KY97D,4.0,0.9909619,0,1
3HFM_HL_Y|KY97E,3.6045077,1.1981663,0,1
3HFM_HL_Y|KY97G,4.0,1.4034337,0,1
3HFM_HL_Y|KY97M,0.9469717,1.4728035,0,1
3HFM_HL_Y|KY97R,3.0528512,0.55698806,0,1
3HFM_HL_Y|LY75A,0.70445603,1.2034597,0,1
3HFM_HL_Y|NL31A,4.0,1.0557911,0,1
"3HFM_HL_Y|NL31A,KY96A",4.0,2.383207,0,1
3HFM_HL_Y|NL31D,1.3434845,-0.861749,0,1
3HFM_HL_Y|NL31E,4.0,-0.45632344,0,1
3HFM_HL_Y|NL32A,4.0,0.9567797,0,1
3HFM_HL_Y|NY19D,0.41047263,0.1678288,0,1
3HFM_HL_Y|NY19K,0.2401111,-0.0020014942,0,1
3HFM_HL_Y|NY19Q,-0.042485796,0.3679363,0,1
3HFM_HL_Y|NY93A,0.21121821,1.4846085,0,1
3HFM_HL_Y|QL53A,0.9530879,0.48807088,0,1
3HFM_HL_Y|RY21A,0.8618019,1.9936076,0,1
3HFM_HL_Y|RY21E,2.4534352,0.92994595,0,1
3HFM_HL_Y|RY21G,2.4220753,0.7198562,0,1
3HFM_HL_Y|RY21H,2.1693182,0.19144756,0,1
3HFM_HL_Y|RY21K,1.766342,-0.5503842,0,1
3HFM_HL_Y|RY21M,2.0498905,1.2269096,0,1
3HFM_HL_Y|RY21N,2.3282614,0.3571445,0,1
3HFM_HL_Y|RY21Q,2.3975346,0.10399868,0,1
3HFM_HL_Y|RY21W,2.132881,0.52290887,0,1
3HFM_HL_Y|RY73A,-0.3313971,1.9338243,0,1
3HFM_HL_Y|SH31A,0.17036153,0.9746506,0,1
3HFM_HL_Y|SY100A,0.26765963,1.1466696,0,1
3HFM_HL_Y|TY89A,0.0,1.3020434,0,1
3HFM_HL_Y|WH98A,4.0,1.7656204,0,1
"3HFM_HL_Y|WH98A,KY96A",4.0,2.870781,0,1
3HFM_HL_Y|WH98F,3.245562,0.08558843,0,1
"3HFM_HL_Y|WH98F,YY20A",4.0,2.5312123,0,1
3HFM_HL_Y|WY63A,0.31918663,2.2314718,0,1
3HFM_HL_Y|YH33A,4.0,2.2410007,0,1
"3HFM_HL_Y|YH33A,KY97A",4.0,3.2197156,0,1
3HFM_HL_Y|YH33F,1.0712212,0.5503084,0,1
3HFM_HL_Y|YH33L,2.0069382,0.95880413,0,1
3HFM_HL_Y|YH33W,1.7495645,1.0032798,0,1
3HFM_HL_Y|YH50A,4.0,1.8255789,0,1
"3HFM_HL_Y|YH50A,RY21A",4.0,3.0524135,0,1
3HFM_HL_Y|YH50F,1.6099914,0.6172465,0,1
3HFM_HL_Y|YH50L,2.8488367,0.65885466,0,1
3HFM_HL_Y|YH53A,3.25038,1.6609629,0,1
3HFM_HL_Y|YH53F,0.62049925,0.63512313,0,1
3HFM_HL_Y|YH53L,0.8068894,0.6455715,0,1
3HFM_HL_Y|YH53W,0.7061819,0.46634117,0,1
3HFM_HL_Y|YH58A,1.6760437,2.103133,0,1
3HFM_HL_Y|YH58F,0.36312544,0.7068001,0,1
3HFM_HL_Y|YH58L,1.5136731,0.95813143,0,1
3HFM_HL_Y|YL50A,4.0,1.7779123,0,1
"3HFM_HL_Y|YL50A,KY96A",4.0,2.9657524,0,1
"3HFM_HL_Y|YL50A,KY97A",4.0,2.8941038,0,1
"3HFM_HL_Y|YL50A,RY21A",4.0,3.2022095,0,1
3HFM_HL_Y|YL50F,2.3548672,0.73940414,0,1
"3HFM_HL_Y|YL50F,RY21A",4.0,2.5072677,0,1
"3HFM_HL_Y|YL50F,YY20A",4.0,2.6306076,0,1
3HFM_HL_Y|YL50L,4.0,0.7539125,0,1
3HFM_HL_Y|YL96A,2.707045,1.5272524,0,1
"3HFM_HL_Y|YL96A,RY21A",4.0,2.864263,0,1
3HFM_HL_Y|YL96F,1.4017794,0.5302294,0,1
"3HFM_HL_Y|YL96F,RY21A",4.0,2.2097783,0,1
3HFM_HL_Y|YY20A,4.0,2.1223223,0,1
3HFM_HL_Y|YY20F,-0.4839681,0.28097096,0,1
3HFM_HL_Y|YY20L,2.1845057,1.1927437,0,1
3SE9_HL_G|DH77A,-0.7664817,1.2303629,0,1
3SE9_HL_G|EL90A,0.41735974,1.2872581,0,1
3SE9_HL_G|FL91A,0.023615688,1.5734981,0,1
3SE9_HL_G|GH106A,-0.3075798,1.4950904,0,1
3SE9_HL_G|GH107A,-0.6151596,1.0580826,0,1
3SE9_HL_G|GH109A,0.18514356,1.3815743,0,1
3SE9_HL_G|GH57A,0.4524448,1.244788,0,1
3SE9_HL_G|GH62A,0.04634,1.3555915,0,1
3SE9_HL_G|GL29A,0.46369976,0.89348817,0,1
3SE9_HL_G|LH34A,0.56599987,1.7228242,0,1
3SE9_HL_G|LL89A,0.964243,1.9156502,0,1
3SE9_HL_G|NH60A,1.5217615,1.2639695,0,1
3SE9_HL_G|PH64A,-0.4419396,0.022962496,0,1
3SE9_HL_G|RH67A,1.4695449,0.8094976,0,1
3SE9_HL_G|RH74A,2.6792572,1.0787916,0,1
3SE9_HL_G|RH76A,-0.2322162,1.0818965,0,1
3SE9_HL_G|TH105A,-0.4419396,0.5932269,0,1
3SE9_HL_G|TH56A,-0.85929936,0.6984348,0,1
3SE9_HL_G|VH55A,-0.85929936,0.9711405,0,1
3SE9_HL_G|VH59A,0.9833596,1.4796383,0,1
3SE9_HL_G|VL3A,-0.49433115,1.0501094,0,1
3SE9_HL_G|WH48A,1.0584464,1.6016377,0,1
3SE9_HL_G|WH51A,1.275695,2.0712,0,1
3SE9_HL_G|YH104A,0.46369976,1.7676142,0,1
3SE9_HL_G|YL28A,1.1177194,1.1384205,0,1
4U6H_AB_E|NE21A,-0.3480795,1.853795,0,1
4U6H_AB_E|QE25A,0.11883454,1.8514277,0,1
4ZS6_HL_A|EA156A,3.0386665,1.2878269,0,1
4ZS6_HL_A|YA160A,-0.11025046,2.12482,0,1
1AHW_AB_C|DC167A,-0.4845926,1.5628852,0,2
"1AHW_AB_C|KC138A,DC139A",1.1814722,2.0556982,0,2
"1AHW_AB_C|KC154A,KC155A",-1.329712,2.0829463,0,2
1AHW_AB_C|LC165A,0.9869364,1.4395195,0,2
1AHW_AB_C|NC188A,1.0782224,1.3495798,0,2
"1AHW_AB_C|TC110A,KC111A",0.6388569,1.4924544,0,2
1AHW_AB_C|TC156A,-0.07411996,1.3072718,0,2
1AHW_AB_C|TC159A,1.105771,1.1915661,0,2
1AHW_AB_C|TC186A,1.345882,0.98409194,0,2
1AHW_AB_C|VC187A,-0.31423107,1.5494844,0,2
1AHW_AB_C|YC146A,-1.8890098,1.2878814,0,2
1BJ1_HL_VW|HH101Y,-1.5835956,-1.0253501,0,2
"1BJ1_HL_VW|HH101Y,YH103I,GH104A,SH105K",-0.43125325,0.9804467,0,2
"1BJ1_HL_VW|HH101Y,YH103R,GH104N,SH105T",-0.7626503,0.9542339,0,2
"1BJ1_HL_VW|HH101Y,YH103R,SH105T",-1.173123,0.07140168,0,2
1BJ1_HL_VW|HH107A,0.78965265,0.93746245,0,2
"1BJ1_HL_VW|LH72I,TH74K",0.076517485,0.20539626,0,2
"1BJ1_HL_VW|LH72V,TH74V",0.6706598,-0.3347759,0,2
"1BJ1_HL_VW|ML4L,TH28D,NH31H,HH101Y,SH105T",-1.52138,-1.5754583,0,2
1BJ1_HL_VW|NH31H,-0.7626503,-0.74288404,0,2
1BJ1_HL_VW|SH105T,-0.39039657,0.12614708,0,2
1BJ1_HL_VW|TH28D,-0.22003505,-0.6455504,0,2
"1BJ1_HL_VW|TH28D,NH31H",-0.6929008,-1.2177794,0,2
"1BJ1_HL_VW|TH28D,NH31H,YH54W,HH101Y,SH105T",-1.2034981,-1.3832968,0,2
1BJ1_HL_VW|TH59A,0.85066694,0.5634093,0,2
1BJ1_HL_VW|YH27A,2.2425284,1.1500374,0,2
1BJ1_HL_VW|YH54A,1.3276595,1.6692605,0,2
1BJ1_HL_VW|YH54W,-0.13726985,-0.06839923,0,2
1BJ1_HL_VW|YH99A,4.0,1.4218856,0,2
1DQJ_AB_C|DB32A,2.0134337,1.4610533,0,2
"1DQJ_AB_C|DB32A,KC97A",1.1223834,2.1596658,0,2
1DQJ_AB_C|DC101A,1.3765504,1.802631,0,2
1DQJ_AB_C|KC96A,4.0,1.5926553,0,2
1DQJ_AB_C|KC97A,3.5197058,1.8459471,0,2
1DQJ_AB_C|LC75A,1.452407,0.97928995,0,2
1DQJ_AB_C|NA31A,2.0134337,1.0621834,0,2
1DQJ_AB_C|NA32A,4.0,0.8040798,0,2
"1DQJ_AB_C|NA32A,KC96A",4.0,2.049111,0,2
1DQJ_AB_C|NC93A,0.64987326,1.3684653,0,2
1DQJ_AB_C|RC21A,1.2137709,1.7970719,0,2
1DQJ_AB_C|SA91A,1.4318883,0.9460184,0,2
"1DQJ_AB_C|SA91A,RC21A",3.1707318,2.130259,0,2
"1DQJ_AB_C|SA91A,YC20A",3.573092,2.3978643,0,2
1DQJ_AB_C|SC100A,0.7755829,1.1880764,0,2
1DQJ_AB_C|TC89A,0.84084374,1.1477135,0,2
1DQJ_AB_C|WB98A,4.0,1.8740898,0,2
"1DQJ_AB_C|WB98A,KC97A",4.0,2.618039,0,2
"1DQJ_AB_C|WB98A,SC100A",4.0,2.2266781,0,2
"1DQJ_AB_C|WB98A,YC20A",4.0,2.7419446,0,2
1DQJ_AB_C|WC62A,0.7580786,1.756446,0,2
1DQJ_AB_C|WC63A,1.3462692,2.0262744,0,2
1DQJ_AB_C|YA50A,2.678299,1.9275521,0,2
1DQJ_AB_C|YA96A,1.135051,1.3250754,0,2
"1DQJ_AB_C|YA96A,RC21A",3.4851997,2.2689564,0,2
"1DQJ_AB_C|YA96A,SC100A",0.91344726,1.706767,0,2
1DQJ_AB_C|YB33A,4.0,1.975109,0,2
1DQJ_AB_C|YB50A,4.0,1.7513814,0,2
1DQJ_AB_C|YB53A,1.1802781,1.5654736,0,2
"1DQJ_AB_C|YB53A,DC101A",2.727121,2.4312954,0,2
"1DQJ_AB_C|YB53A,LC75A",1.2168618,2.0689414,0,2
"1DQJ_AB_C|YB53A,WC62A",1.286308,2.416912,0,2
"1DQJ_AB_C|YB53A,WC63A",2.1992323,2.6314101,0,2
1DQJ_AB_C|YC20A,3.2857084,1.9987612,0,2
1XGT_AB_C|LB33A,2.1988916,1.637312,0,2
1XGT_AB_C|LB33F,-1.8617703,-0.29420584,0,2
1XGT_AB_C|LB33I,-0.061315425,0.32099366,0,2
1XGT_AB_C|LB33V,1.0463123,0.61869675,0,2
"3BDY_HL_V|DL28N,PL30A,RL31K,SL32T,TL97S,TL98S",-0.9690793,0.5483435,0,2
"3BDY_HL_V|DL28N,PL30A,RL31K,SL32T,TL97S,TL98S,KH31S,DH32G,TH55S,NH56E,GH101V,DH103V",-2.7154896,-2.2204576,0,2
"3BDY_HL_V|DL28N,PL30A,RL31K,SL32T,TL97S,TL98S,KH31S,DH32G,TH55S,NH56E,GH101V,DH103V,RH51A,RH60A",-2.7728782,-1.6712875,0,2
"3BDY_HL_V|DL28N,PL30A,RL31K,SL32T,YL57F,TL97S,TL98S",-0.97316396,0.55441695,0,2
"3BDY_HL_V|DL28N,PL30A,RL31K,SL32T,YL57F,TL97S,TL98S,KH31S,DH32G,TH55S,NH56E,GH101V,DH103V",-2.727121,-2.2931492,0,2
3HFM_HL_Y|DH32A,1.8982269,1.3917735,0,2
"3HFM_HL_Y|DH32A,KY97A",4.0,2.059544,0,2
"3HFM_HL_Y|DH32A,KY97M",1.1234494,1.7321881,0,2
3HFM_HL_Y|DH32N,0.17036153,0.9457781,0,2
"3HFM_HL_Y|DH32N,KY97A",4.0,1.8957678,0,2
"3HFM_HL_Y|DH32N,KY97M",0.3025042,1.5665951,0,2
3HFM_HL_Y|DY101A,1.2081919,1.853348,0,2
3HFM_HL_Y|DY101E,2.132881,0.75289595,0,2
3HFM_HL_Y|DY101F,2.3282614,0.69699913,0,2
3HFM_HL_Y|DY101G,0.35884774,0.65671206,0,2
3HFM_HL_Y|DY101K,2.1245396,1.0172316,0,2
3HFM_HL_Y|DY101N,1.4911126,1.1213195,0,2
3HFM_HL_Y|DY101Q,2.0851746,-0.08699807,0,2
3HFM_HL_Y|DY101R,2.2798727,1.0124863,0,2
3HFM_HL_Y|DY101S,1.8694,1.1228675,0,2
3HFM_HL_Y|GY102V,0.395285,-0.22094166,0,2
3HFM_HL_Y|HY15A,-0.4453172,1.3997706,0,2
3HFM_HL_Y|IY98A,0.0,0.92563546,0,2
3HFM_HL_Y|KY96A,4.0,1.5711493,0,2
3HFM_HL_Y|KY96M,4.0,1.0809258,0,2
3HFM_HL_Y|KY96R,4.0,0.6008784,0,2
3HFM_HL_Y|KY97A,4.0,1.7531917,0,2
3HFM_HL_Y|KY97D,4.0,0.8847456,0,2
3HFM_HL_Y|KY97E,3.6045077,1.217975,0,2
3HFM_HL_Y|KY97G,4.0,0.8015688,0,2
3HFM_HL_Y|KY97M,0.9469717,1.0892892,0,2
3HFM_HL_Y|KY97R,3.0528512,0.11923204,0,2
3HFM_HL_Y|LY75A,0.70445603,0.93957496,0,2
3HFM_HL_Y|NL31A,4.0,0.9134476,0,2
"3HFM_HL_Y|NL31A,KY96A",4.0,1.9452246,0,2
3HFM_HL_Y|NL31D,1.3434845,-0.7954655,0,2
3HFM_HL_Y|NL31E,4.0,-0.34574592,0,2
3HFM_HL_Y|NL32A,4.0,0.7055435,0,2
3HFM_HL_Y|NY19D,0.41047263,0.29619122,0,2
3HFM_HL_Y|NY19K,0.2401111,0.579364,0,2
3HFM_HL_Y|NY19Q,-0.042485796,0.035258114,0,2
3HFM_HL_Y|NY93A,0.21121821,1.2608148,0,2
3HFM_HL_Y|QL53A,0.9530879,1.1763986,0,2
3HFM_HL_Y|RY21A,0.8618019,1.8279736,0,2
3HFM_HL_Y|RY21E,2.4534352,0.15492217,0,2
3HFM_HL_Y|RY21G,2.4220753,0.38484296,0,2
3HFM_HL_Y|RY21H,2.1693182,0.06505409,0,2
3HFM_HL_Y|RY21K,1.766342,0.10508889,0,2
3HFM_HL_Y|RY21M,2.0498905,1.0359728,0,2
3HFM_HL_Y|RY21N,2.3282614,0.5821465,0,2
3HFM_HL_Y|RY21Q,2.3975346,-0.46374875,0,2
3HFM_HL_Y|RY21W,2.132881,0.73204684,0,2
3HFM_HL_Y|RY73A,-0.3313971,1.3608177,0,2
3HFM_HL_Y|SH31A,0.17036153,0.8476829,0,2
3HFM_HL_Y|SY100A,0.26765963,1.1860198,0,2
3HFM_HL_Y|TY89A,0.0,1.126938,0,2
3HFM_HL_Y|WH98A,4.0,1.8574257,0,2
"3HFM_HL_Y|WH98A,KY96A",4.0,2.3630764,0,2
3HFM_HL_Y|WH98F,3.245562,0.2720245,0,2
"3HFM_HL_Y|WH98F,YY20A",4.0,2.2316535,0,2
3HFM_HL_Y|WY63A,0.31918663,1.970206,0,2
3HFM_HL_Y|YH33A,4.0,1.9258984,0,2
"3HFM_HL_Y|YH33A,KY97A",4.0,2.6759982,0,2
3HFM_HL_Y|YH33F,1.0712212,0.32029969,0,2
3HFM_HL_Y|YH33L,2.0069382,0.6820166,0,2
3HFM_HL_Y|YH33W,1.7495645,0.80177206,0,2
3HFM_HL_Y|YH50A,4.0,1.6962597,0,2
"3HFM_HL_Y|YH50A,RY21A",4.0,2.5423663,0,2
3HFM_HL_Y|YH50F,1.6099914,0.14721891,0,2
3HFM_HL_Y|YH50L,2.8488367,0.09114714,0,2
3HFM_HL_Y|YH53A,3.25038,1.6990619,0,2
3HFM_HL_Y|YH53F,0.62049925,0.38956866,0,2
3HFM_HL_Y|YH53L,0.8068894,0.4061662,0,2
3HFM_HL_Y|YH53W,0.7061819,-0.10389655,0,2
3HFM_HL_Y|YH58A,1.6760437,1.8246658,0,2
3HFM_HL_Y|YH58F,0.36312544,0.058907412,0,2
3HFM_HL_Y|YH58L,1.5136731,0.45539942,0,2
3HFM_HL_Y|YL50A,4.0,1.6839182,0,2
"3HFM_HL_Y|YL50A,KY96A",4.0,2.3781633,0,2
"3HFM_HL_Y|YL50A,KY97A",4.0,2.4359155,0,2
"3HFM_HL_Y|YL50A,RY21A",4.0,2.6006556,0,2
3HFM_HL_Y|YL50F,2.3548672,0.32987872,0,2
"3HFM_HL_Y|YL50F,RY21A",4.0,1.9160427,0,2
"3HFM_HL_Y|YL50F,YY20A",4.0,2.1749895,0,2
3HFM_HL_Y|YL50L,4.0,0.347955,0,2
3HFM_HL_Y|YL96A,2.707045,1.326896,0,2
"3HFM_HL_Y|YL96A,RY21A",4.0,2.293085,0,2
3HFM_HL_Y|YL96F,1.4017794,0.3270693,0,2
"3HFM_HL_Y|YL96F,RY21A",4.0,1.7773105,0,2
3HFM_HL_Y|YY20A,4.0,1.9917248,0,2
3HFM_HL_Y|YY20F,-0.4839681,0.476099,0,2
3HFM_HL_Y|YY20L,2.1845057,1.5002155,0,2
3SE9_HL_G|DH77A,-0.7664817,1.3848118,0,2
3SE9_HL_G|EL90A,0.41735974,1.599769,0,2
3SE9_HL_G|FL91A,0.023615688,1.4198561,0,2
3SE9_HL_G|GH106A,-0.3075798,1.1508332,0,2
3SE9_HL_G|GH107A,-0.6151596,1.2165247,0,2
3SE9_HL_G|GH109A,0.18514356,0.9235065,0,2
3SE9_HL_G|GH57A,0.4524448,1.0778034,0,2
3SE9_HL_G|GH62A,0.04634,1.0394171,0,2
3SE9_HL_G|GL29A,0.46369976,0.8324563,0,2
3SE9_HL_G|LH34A,0.56599987,1.4714994,0,2
3SE9_HL_G|LL89A,0.964243,1.6700943,0,2
3SE9_HL_G|NH60A,1.5217615,0.74520135,0,2
3SE9_HL_G|PH64A,-0.4419396,0.5133266,0,2
3SE9_HL_G|RH67A,1.4695449,1.2756829,0,2
3SE9_HL_G|RH74A,2.6792572,1.1038818,0,2
3SE9_HL_G|RH76A,-0.2322162,1.3133471,0,2
3SE9_HL_G|TH105A,-0.4419396,0.4756156,0,2
3SE9_HL_G|TH56A,-0.85929936,0.7392828,0,2
3SE9_HL_G|VH55A,-0.85929936,1.1065024,0,2
3SE9_HL_G|VH59A,0.9833596,1.2414021,0,2
3SE9_HL_G|VL3A,-0.49433115,1.1587801,0,2
3SE9_HL_G|WH48A,1.0584464,1.6037344,0,2
3SE9_HL_G|WH51A,1.275695,1.93772,0,2
3SE9_HL_G|YH104A,0.46369976,1.6801347,0,2
3SE9_HL_G|YL28A,1.1177194,1.485889,0,2
4U6H_AB_E|NE21A,-0.3480795,1.4906124,0,2
4U6H_AB_E|QE25A,0.11883454,1.8631847,0,2
4ZS6_HL_A|EA156A,3.0386665,1.4530215,0,2
4ZS6_HL_A|YA160A,-0.11025046,1.8029985,0,2
1KIP_AB_C|AB32Y,-0.8005932,-0.6610467,1,0
1XGU_AB_C|FB33A,4.0,3.9765284,1,0
1XGU_AB_C|FB33I,1.8004549,2.346309,1,0
1XGU_AB_C|FB33L,1.8617703,2.1000633,1,0
1XGU_AB_C|FB33V,2.9080825,3.0770686,1,0
2B2X_HL_A|EH64K,-0.033433665,0.120268,1,0
"2B2X_HL_A|EH64K,QL28S,YL52N",0.911615,1.4510239,1,0
"2B2X_HL_A|EH64K,QL28S,YL52N,GH102S",2.7106705,1.6166661,1,0
"2B2X_HL_A|EH64K,QL28S,YL52N,SH35A",3.119054,1.1686777,1,0
"2B2X_HL_A|EH64K,QL28S,YL52N,SH35V",3.770335,1.1586169,1,0
"2B2X_HL_A|EH64K,YL52N",0.34853002,0.9137758,1,0
"2B2X_HL_A|QL28S,YL52N",0.8626942,1.0727913,1,0
2B2X_HL_A|VH50T,0.024054652,-1.2217647,1,0
"2B2X_HL_A|VH50T,EH64D,QL28S,YL52N",0.87177193,0.86647457,1,0
"2B2X_HL_A|VH50T,EH64K,QL28S",0.991589,1.075294,1,0
"2B2X_HL_A|VH50T,EH64K,QL28S,YL52D",1.5439764,1.3646415,1,0
"2B2X_HL_A|VH50T,EH64K,QL28S,YL52E",0.95452905,1.7480819,1,0
"2B2X_HL_A|VH50T,EH64K,QL28S,YL52K",1.7007239,1.7334516,1,0
"2B2X_HL_A|VH50T,EH64K,QL28S,YL52N",1.043214,1.631831,1,0
"2B2X_HL_A|VH50T,EH64K,QL28S,YL52N,FH99W",1.043214,1.5361698,1,0
"2B2X_HL_A|VH50T,EH64K,QL28S,YL52N,FH99Y",1.7978828,1.5095016,1,0
"2B2X_HL_A|VH50T,EH64K,QL28S,YL52N,GH100F",1.4322319,1.9681624,1,0
"2B2X_HL_A|VH50T,EH64K,QL28S,YL52N,GH100L",3.770335,2.0245078,1,0
"2B2X_HL_A|VH50T,EH64K,QL28S,YL52N,GH100M",1.145348,1.9612106,1,0
"2B2X_HL_A|VH50T,EH64K,QL28S,YL52N,GH100S",1.6009614,1.9340156,1,0
"2B2X_HL_A|VH50T,EH64K,QL28S,YL52N,GH53A",1.5558206,1.5036435,1,0
"2B2X_HL_A|VH50T,EH64K,QL28S,YL52N,GH53N",2.2985272,1.8983926,1,0
"2B2X_HL_A|VH50T,EH64K,QL28S,YL52N,GH53S",1.7188073,1.7987397,1,0
"2B2X_HL_A|VH50T,EH64K,QL28S,YL52N,GH54I",2.4067745,1.9594672,1,0
"2B2X_HL_A|VH50T,EH64K,QL28S,YL52N,GH54T",2.2073808,1.748353,1,0
"2B2X_HL_A|VH50T,EH64K,QL28S,YL52N,GH54Y",1.043214,1.8515688,1,0
"2B2X_HL_A|VH50T,EH64K,QL28S,YL52N,GL92Q",2.6158988,2.1721265,1,0
"2B2X_HL_A|VH50T,EH64K,QL28S,YL52N,GL92S",1.5558206,1.8626679,1,0
"2B2X_HL_A|VH50T,EH64K,QL28S,YL52N,HL31K",2.2073808,1.9288672,1,0
"2B2X_HL_A|VH50T,EH64K,QL28S,YL52N,HL31R",2.1670115,1.5753815,1,0
"2B2X_HL_A|VH50T,EH64K,QL28S,YL52N,HL31W",2.2985272,1.7350833,1,0
"2B2X_HL_A|VH50T,EH64K,QL28S,YL52N,LH60D",0.981894,1.6796645,1,0
"2B2X_HL_A|VH50T,EH64K,QL28S,YL52N,LL49F",1.7554936,1.7136238,1,0
"2B2X_HL_A|VH50T,EH64K,QL28S,YL52N,LL49K",1.9044149,1.9450389,1,0
"2B2X_HL_A|VH50T,EH64K,QL28S,YL52N,LL49W",2.9507816,1.8073438,1,0
"2B2X_HL_A|VH50T,EH64K,QL28S,YL52N,NL30V",2.0925434,1.8000842,1,0
"2B2X_HL_A|VH50T,EH64K,QL28S,YL52N,NL30W",2.6158988,1.6773059,1,0
"2B2X_HL_A|VH50T,EH64K,QL28S,YL52N,NL30Y",2.9507816,1.6171995,1,0
"2B2X_HL_A|VH50T,EH64K,QL28S,YL52N,NL30Y,SL91I",1.4775821,1.6488122,1,0
"2B2X_HL_A|VH50T,EH64K,QL28S,YL52N,RH31Q",2.350542,2.025186,1,0
"2B2X_HL_A|VH50T,EH64K,QL28S,YL52N,SH35A",2.6158988,1.6611452,1,0
"2B2X_HL_A|VH50T,EH64K,QL28S,YL52N,SH35A,GH102S",2.6158988,1.6920232,1,0
"2B2X_HL_A|VH50T,EH64K,QL28S,YL52N,SH35Q",3.770335,1.7675979,1,0
"2B2X_HL_A|VH50T,EH64K,QL28S,YL52N,SH35V,GH102S",2.4688888,1.5288507,1,0
"2B2X_HL_A|VH50T,EH64K,QL28S,YL52N,SH52M",3.119054,1.4813654,1,0
"2B2X_HL_A|VH50T,EH64K,QL28S,YL52N,SL24R",0.82788163,1.4080797,1,0
"2B2X_HL_A|VH50T,EH64K,QL28S,YL52N,SL91Q",2.8172472,1.8873893,1,0
"2B2X_HL_A|VH50T,EH64K,QL28S,YL52N,SL91R",3.770335,1.3856444,1,0
"2B2X_HL_A|VH50T,EH64K,QL28S,YL52N,SL91R,NL30E",3.770335,1.7754374,1,0
"2B2X_HL_A|VH50T,EH64K,QL28S,YL52N,SL91T",3.3598623,1.5873913,1,0
"2B2X_HL_A|VH50T,EH64K,QL28S,YL52N,TH33E,GH53Q",2.7106705,2.6518624,1,0
"2B2X_HL_A|VH50T,EH64K,QL28S,YL52N,TH33I,SH52T,GH53N,GH54N",2.9507816,2.0474598,1,0
"2B2X_HL_A|VH50T,EH64K,QL28S,YL52N,TH33I,SH52T,GH53Q,GH54F",2.2985272,2.0919857,1,0
"2B2X_HL_A|VH50T,EH64K,QL28S,YL52N,TH33N",3.770335,1.7734919,1,0
"2B2X_HL_A|VH50T,EH64K,QL28S,YL52N,TH33V",1.4775821,1.7683995,1,0
"2B2X_HL_A|VH50T,EH64K,QL28S,YL52N,WL90Q",3.119054,2.230777,1,0
"2B2X_HL_A|VH50T,EH64K,QL28S,YL52N,WL90Q,FL33Y",1.914233,1.7337102,1,0
"2B2X_HL_A|VH50T,EH64K,QL28S,YL52N,YH58E",3.119054,2.1322775,1,0
"2B2X_HL_A|VH50T,EH64K,QL28S,YL52N,YH58Q",3.119054,2.15165,1,0
"2B2X_HL_A|VH50T,EH64K,QL28S,YL52N,YH58W",1.8641591,1.6588578,1,0
"2B2X_HL_A|VH50T,EH64K,QL28S,YL52N,YH59E",1.5872209,1.8560158,1,0
"2B2X_HL_A|VH50T,EH64K,QL28S,YL52R",1.8880546,1.4313439,1,0
"2B2X_HL_A|VH50T,EH64K,YL52N",0.28173435,1.1083623,1,0
"2B2X_HL_A|VH50T,EH64N,QL28S,YL52N",1.0069425,1.2435317,1,0
"2B2X_HL_A|VH50T,EH64Q,QL28S,YL52N",0.96559924,1.3705482,1,0
"2B2X_HL_A|VH50T,EH64Q,QL28S,YL52N,LH60D",1.0862032,1.2972285,1,0
"2B2X_HL_A|VH50T,QL28S,YL52N",0.96559924,1.1456954,1,0
"2B2X_HL_A|VH50T,QL28S,YL52N,LH60D",0.90141344,0.9215497,1,0
"2B2X_HL_A|VH50T,YL52N",0.18636756,0.43893102,1,0
2B2X_HL_A|YL52E,-0.22410508,0.70692223,1,0
2VIR_AB_C|SC115L,3.680209,0.527742,1,0
2VIR_AB_C|TC89I,4.0,3.3290946,1,0
"3G6D_LH_A|EL3V,GL76R,TL77V,QL78E,EL80G",0.13981691,-0.40152162,1,0
"3G6D_LH_A|EL3V,GL76R,TL77V,QL78E,EL80G,DH54N",0.111178115,-0.013858631,1,0
"3G6D_LH_A|EL3V,GL76R,TL77V,QL78E,EL80G,TL89S,ML92I,VL93D,TL94K",0.27145106,-1.142134,1,0
3G6D_LH_A|HH104A,-0.9530879,1.0250021,1,0
"3G6D_LH_A|KH210T,KH215T",-0.13294782,0.30169857,1,0
"3G6D_LH_A|TL89S,ML92I,VL93D,TL94K",0.7979767,-0.51213944,1,0
3G6D_LH_A|WH105A,-1.4965084,2.9573648,1,0
"3IDX_HL_G|CG27I,CG242Q",-2.4650376,0.94067115,1,0
"3IDX_HL_G|CG27I,CG242Q,MG247A",-2.1736174,0.9130687,1,0
"3IDX_HL_G|KG85C,EG121C,CG27I,CG242Q",-2.3776865,0.2665102,1,0
"3IDX_HL_G|KG85C,EG121C,WG13M,MG247A,CG14W,CG129V,CG27I,CG242Q",-2.1922898,1.1774787,1,0
"3IDX_HL_G|KG85C,EG122C,WG13M,MG247A,CG14W,CG129V,CG27I,CG242Q",-2.2927184,1.1846867,1,0
"3IDX_HL_G|TG41C,GG245C,MG247A",0.40945426,0.44932503,1,0
"3IDX_HL_G|TG41C,GG245C,WG13M,MG247A,CG14W,CG129V,CG27I,CG242Q",-2.3310676,1.768607,1,0
"3IDX_HL_G|WG13M,MG247A,CG14W,CG129V",-0.6475391,1.2920054,1,0
"3IDX_HL_G|WG13M,MG247A,CG14W,CG129V,CG27I,CG242Q",-2.3479884,1.6231673,1,0
"3IDX_HL_G|WG13M,MG247A,CG14W,CG129V,KG85C,EG121C",-0.36166522,0.6722902,1,0
"3IDX_HL_G|WG13M,SG111T,WG200S,MG247A,CG14W,CG129V,CG27I,CG242Q",-1.8639641,1.717354,1,0
"3L5X_A_HL|EL93F,YL94G",-0.42800838,0.09307426,1,0
"3L5X_A_HL|EL93H,YL94G",-0.7626503,-0.022249173,1,0
"3L5X_A_HL|HL91P,NL92I,EL93D,YL94A",-0.6466697,-0.06198813,1,0
"3L5X_A_HL|HL91P,NL92L,EL93D,YL94S",-0.6327897,-0.51356906,1,0
"3L5X_A_HL|HL91P,NL92L,EL93D,YL94T",-0.81005055,-0.40454522,1,0
"3L5X_A_HL|HL91P,NL92L,EL93D,YL94V",-0.85822237,-0.5838726,1,0
"3L5X_A_HL|HL91P,NL92L,YL94A",-0.44441348,0.36091742,1,0
"3L5X_A_HL|HL91Q,NL92D,EL93I,YL94G",-1.5503801,-0.529255,1,0
"3L5X_A_HL|HL91Q,NL92D,EL93L,YL94G",-1.785132,-0.77026665,1,0
"3L5X_A_HL|HL91Q,NL92D,EL93Y,YL94G",-1.451453,-1.0821593,1,0
"3L5X_A_HL|NL92D,EL93L,YL94G",-0.42962858,-1.2934045,1,0
"3L5X_A_HL|NL92D,EL93N,YL94S",-0.53403836,-0.101542816,1,0
"3L5X_A_HL|NL92D,EL93P,YL94G",-1.4699602,-0.8939836,1,0
"3L5X_A_HL|NL92D,EL93R,YL94D",-0.52253926,-1.3091176,1,0
"3L5X_A_HL|NL92D,EL93W,YL94E",-1.1963489,-1.5074753,1,0
"3L5X_A_HL|NL92D,EL93W,YL94G",-1.6825228,-1.8751636,1,0
"3L5X_A_HL|NL92D,EL93W,YL94S",-0.71612674,-1.2924322,1,0
"3L5X_A_HL|NL92D,EL93Y,YL94A",-0.8069743,-0.97353727,1,0
"3L5X_A_HL|NL92E,EL93S,YL94G",-1.2653587,-0.13815229,1,0
"3L5X_A_HL|NL92E,EL93W,YL94G",-1.5503801,-1.2998952,1,0
"3L5X_A_HL|NL92F,EL93W,YL94G",-1.2329907,-1.0423311,1,0
"3L5X_A_HL|NL92L,EL93D,YL94S",-0.6170473,-0.75132006,1,0
"3L5X_A_HL|NL92L,EL93L,YL94G",-0.6259698,-0.89605135,1,0
"3L5X_A_HL|NL92L,EL93M,YL94G",-0.82567644,-0.7690704,1,0
"3L5X_A_HL|NL92L,EL93N,YL94G",-0.6954369,-0.5081803,1,0
"3L5X_A_HL|NL92S,EL93H,YL94G",-1.2457265,-0.36100727,1,0
"3L5X_A_HL|NL92S,EL93I,YL94G",-0.8069743,-0.20341384,1,0
"3L5X_A_HL|NL92S,EL93S,YL94G",-0.24921271,-0.14044294,1,0
"3L5X_A_HL|NL92S,EL93V,YL94G",-0.51687235,-0.3593731,1,0
"3L5X_A_HL|NL92S,EL93W,YL94A",-0.30302802,-0.48545438,1,0
"3L5X_A_HL|NL92S,EL93W,YL94G",-1.2720501,-0.7635774,1,0
"3L5X_A_HL|NL92S,EL93Y,YL94G",-0.9641868,-0.45023468,1,0
"3L5X_A_HL|NL92V,EL93G,YL94G",-0.46300006,-0.68603134,1,0
"3L5X_A_HL|NL92V,EL93W,YL94G",-0.83525383,-1.2095686,1,0
3L5X_A_HL|YL94A,-0.82885176,0.9538404,1,0
3N85_A_LH|SH32A,-0.13401966,1.3912083,1,0
3N85_A_LH|SH32Y,0.0571225,-0.6850349,1,0
3N85_A_LH|SH50G,0.48767117,-0.8387077,1,0
3N85_A_LH|SH52Y,-0.78460336,-1.0568234,1,0
3N85_A_LH|WH100F,-0.015185109,1.2339275,1,0
3N85_A_LH|WH30K,-0.78460336,2.290094,1,0
3N85_A_LH|WH30R,-0.5539675,0.5190431,1,0
3N85_A_LH|WL91F,0.13959166,0.66757447,1,0
3N85_A_LH|WL94Y,-0.03871881,-0.305088,1,0
3SE8_HL_G|DH110A,-0.38934898,0.18066676,1,0
3SE8_HL_G|DH114A,-0.2441398,0.8583311,1,0
3SE8_HL_G|DL49A,0.8558488,1.2147524,1,0
3SE8_HL_G|EL1A,-0.5565174,0.26202354,1,0
3SE8_HL_G|EL91A,1.513491,1.1048094,1,0
3SE8_HL_G|FH115A,1.0676043,2.3395898,1,0
3SE8_HL_G|FL90A,-0.8640972,1.7399532,1,0
3SE8_HL_G|FL92A,0.8323254,1.9192654,1,0
3SE8_HL_G|GH56A,0.3570972,0.8006002,1,0
3SE8_HL_G|KH52A,1.1114144,0.4157951,1,0
3SE8_HL_G|LH54A,0.054776184,0.06596939,1,0
3SE8_HL_G|NL30A,0.19434923,0.68168557,1,0
3SE8_HL_G|PH78A,0.01881787,-0.60892326,1,0
3SE8_HL_G|PH81A,-0.07091986,0.3025358,1,0
3SE8_HL_G|QH63A,1.1144251,-0.6834175,1,0
3SE8_HL_G|QH65A,0.54980505,-0.06835492,1,0
3SE8_HL_G|QH76A,0.09689985,0.1514475,1,0
3SE8_HL_G|QL27A,-0.21612903,0.05739839,1,0
3SE8_HL_G|RH30A,-0.03949762,0.34021187,1,0
3SE8_HL_G|RH62A,1.2061691,0.20800865,1,0
3SE8_HL_G|RH72A,2.6444623,1.917768,1,0
3SE8_HL_G|SH59A,1.1508402,0.16328992,1,0
3SE8_HL_G|VH58A,1.2496852,1.1859976,1,0
3SE8_HL_G|WH47A,1.4751467,2.3021822,1,0
3SE8_HL_G|WH50A,1.333526,2.5339901,1,0
3SE8_HL_G|WH55A,0.7611056,0.8776465,1,0
3SE8_HL_G|YH111A,0.82992166,1.3721654,1,0
3SE8_HL_G|YH60A,0.8558488,1.2429037,1,0
4KRL_A_B|DB112A,0.6496817,2.2107053,1,0
5C6T_HL_A|EA194A,1.0906719,2.1804152,1,0
5C6T_HL_A|FA192A,1.9972014,2.7130036,1,0
5C6T_HL_A|FA199A,2.7581792,2.7809968,1,0
5C6T_HL_A|FA200A,0.41047263,2.627354,1,0
5C6T_HL_A|FH99A,1.4600298,1.747387,1,0
5C6T_HL_A|IA201A,0.88561165,0.18403336,1,0
5C6T_HL_A|NA183A,0.28399685,0.60973805,1,0
5C6T_HL_A|NA186A,0.3630724,0.060527015,1,0
5C6T_HL_A|NA188A,-0.36658686,1.4755229,1,0
"5C6T_HL_A|NA195A,DA197A",0.58650106,1.8048081,1,0
5C6T_HL_A|NH97A,1.5258962,0.71368617,1,0
5C6T_HL_A|RH31S,0.3115454,0.6471487,1,0
5C6T_HL_A|RL48A,0.1229613,2.751727,1,0
5C6T_HL_A|SH32A,-0.8683455,0.85549146,1,0
5C6T_HL_A|TA185A,0.33786914,1.6261455,1,0
5C6T_HL_A|YA182A,3.2083547,1.9354032,1,0
"5C6T_HL_A|YA182A,NA195A,DA197A",2.942425,2.6966178,1,0
5C6T_HL_A|YH104A,0.3630724,2.6505666,1,0
5C6T_HL_A|YH98A,1.7166799,2.1823287,1,0
5C6T_HL_A|YL47A,0.5516565,2.4844449,1,0
1KIP_AB_C|AB32Y,-0.8005932,-1.0343633,1,1
1XGU_AB_C|FB33A,4.0,3.066154,1,1
1XGU_AB_C|FB33I,1.8004549,0.99282575,1,1
1XGU_AB_C|FB33L,1.8617703,1.32971,1,1
1XGU_AB_C|FB33V,2.9080825,2.0123959,1,1
2B2X_HL_A|EH64K,-0.033433665,0.57922363,1,1
"2B2X_HL_A|EH64K,QL28S,YL52N",0.911615,0.7202606,1,1
"2B2X_HL_A|EH64K,QL28S,YL52N,GH102S",2.7106705,0.5074651,1,1
"2B2X_HL_A|EH64K,QL28S,YL52N,SH35A",3.119054,1.3377872,1,1
"2B2X_HL_A|EH64K,QL28S,YL52N,SH35V",3.770335,0.9628886,1,1
"2B2X_HL_A|EH64K,YL52N",0.34853002,0.8853711,1,1
"2B2X_HL_A|QL28S,YL52N",0.8626942,0.19656163,1,1
2B2X_HL_A|VH50T,0.024054652,-0.8847016,1,1
"2B2X_HL_A|VH50T,EH64D,QL28S,YL52N",0.87177193,0.5444186,1,1
"2B2X_HL_A|VH50T,EH64K,QL28S",0.991589,0.7013553,1,1
"2B2X_HL_A|VH50T,EH64K,QL28S,YL52D",1.5439764,1.2045395,1,1
"2B2X_HL_A|VH50T,EH64K,QL28S,YL52E",0.95452905,1.4962404,1,1
"2B2X_HL_A|VH50T,EH64K,QL28S,YL52K",1.7007239,1.5666263,1,1
"2B2X_HL_A|VH50T,EH64K,QL28S,YL52N",1.043214,1.1897494,1,1
"2B2X_HL_A|VH50T,EH64K,QL28S,YL52N,FH99W",1.043214,0.95740724,1,1
"2B2X_HL_A|VH50T,EH64K,QL28S,YL52N,FH99Y",1.7978828,0.73919636,1,1
"2B2X_HL_A|VH50T,EH64K,QL28S,YL52N,GH100F",1.4322319,1.2077385,1,1
"2B2X_HL_A|VH50T,EH64K,QL28S,YL52N,GH100L",3.770335,1.3248515,1,1
"2B2X_HL_A|VH50T,EH64K,QL28S,YL52N,GH100M",1.145348,1.4618505,1,1
"2B2X_HL_A|VH50T,EH64K,QL28S,YL52N,GH100S",1.6009614,1.1497421,1,1
"2B2X_HL_A|VH50T,EH64K,QL28S,YL52N,GH53A",1.5558206,1.4114878,1,1
"2B2X_HL_A|VH50T,EH64K,QL28S,YL52N,GH53N",2.2985272,1.2743809,1,1
"2B2X_HL_A|VH50T,EH64K,QL28S,YL52N,GH53S",1.7188073,1.2417495,1,1
"2B2X_HL_A|VH50T,EH64K,QL28S,YL52N,GH54I",2.4067745,1.685013,1,1
"2B2X_HL_A|VH50T,EH64K,QL28S,YL52N,GH54T",2.2073808,1.6436554,1,1
"2B2X_HL_A|VH50T,EH64K,QL28S,YL52N,GH54Y",1.043214,1.2171315,1,1
"2B2X_HL_A|VH50T,EH64K,QL28S,YL52N,GL92Q",2.6158988,1.4165639,1,1
"2B2X_HL_A|VH50T,EH64K,QL28S,YL52N,GL92S",1.5558206,1.1659654,1,1
"2B2X_HL_A|VH50T,EH64K,QL28S,YL52N,HL31K",2.2073808,1.3851883,1,1
"2B2X_HL_A|VH50T,EH64K,QL28S,YL52N,HL31R",2.1670115,1.1096559,1,1
"2B2X_HL_A|VH50T,EH64K,QL28S,YL52N,HL31W",2.2985272,1.2074581,1,1
"2B2X_HL_A|VH50T,EH64K,QL28S,YL52N,LH60D",0.981894,1.2525368,1,1
"2B2X_HL_A|VH50T,EH64K,QL28S,YL52N,LL49F",1.7554936,1.3518094,1,1
"2B2X_HL_A|VH50T,EH64K,QL28S,YL52N,LL49K",1.9044149,1.4409518,1,1
"2B2X_HL_A|VH50T,EH64K,QL28S,YL52N,LL49W",2.9507816,1.1437279,1,1
"2B2X_HL_A|VH50T,EH64K,QL28S,YL52N,NL30V",2.0925434,1.4706004,1,1
"2B2X_HL_A|VH50T,EH64K,QL28S,YL52N,NL30W",2.6158988,1.3806286,1,1
"2B2X_HL_A|VH50T,EH64K,QL28S,YL52N,NL30Y",2.9507816,1.0422544,1,1
"2B2X_HL_A|VH50T,EH64K,QL28S,YL52N,NL30Y,SL91I",1.4775821,1.2656293,1,1
"2B2X_HL_A|VH50T,EH64K,QL28S,YL52N,RH31Q",2.350542,1.6549944,1,1
"2B2X_HL_A|VH50T,EH64K,QL28S,YL52N,SH35A",2.6158988,1.8033541,1,1
"2B2X_HL_A|VH50T,EH64K,QL28S,YL52N,SH35A,GH102S",2.6158988,1.7894528,1,1
"2B2X_HL_A|VH50T,EH64K,QL28S,YL52N,SH35Q",3.770335,1.7628236,1,1
"2B2X_HL_A|VH50T,EH64K,QL28S,YL52N,SH35V,GH102S",2.4688888,1.5656933,1,1
"2B2X_HL_A|VH50T,EH64K,QL28S,YL52N,SH52M",3.119054,1.5699985,1,1
"2B2X_HL_A|VH50T,EH64K,QL28S,YL52N,SL24R",0.82788163,1.2678336,1,1
"2B2X_HL_A|VH50T,EH64K,QL28S,YL52N,SL91Q",2.8172472,1.5744754,1,1
"2B2X_HL_A|VH50T,EH64K,QL28S,YL52N,SL91R",3.770335,1.1649702,1,1
"2B2X_HL_A|VH50T,EH64K,QL28S,YL52N,SL91R,NL30E",3.770335,1.7261767,1,1
"2B2X_HL_A|VH50T,EH64K,QL28S,YL52N,SL91T",3.3598623,1.4301227,1,1
"2B2X_HL_A|VH50T,EH64K,QL28S,YL52N,TH33E,GH53Q",2.7106705,1.6880593,1,1
"2B2X_HL_A|VH50T,EH64K,QL28S,YL52N,TH33I,SH52T,GH53N,GH54N",2.9507816,1.6930937,1,1
"2B2X_HL_A|VH50T,EH64K,QL28S,YL52N,TH33I,SH52T,GH53Q,GH54F",2.2985272,2.3843267,1,1
"2B2X_HL_A|VH50T,EH64K,QL28S,YL52N,TH33N",3.770335,0.9360754,1,1
"2B2X_HL_A|VH50T,EH64K,QL28S,YL52N,TH33V",1.4775821,1.1316189,1,1
"2B2X_HL_A|VH50T,EH64K,QL28S,YL52N,WL90Q",3.119054,2.0516644,1,1
"2B2X_HL_A|VH50T,EH64K,QL28S,YL52N,WL90Q,FL33Y",1.914233,1.4474556,1,1
"2B2X_HL_A|VH50T,EH64K,QL28S,YL52N,YH58E",3.119054,1.795862,1,1
"2B2X_HL_A|VH50T,EH64K,QL28S,YL52N,YH58Q",3.119054,2.1429846,1,1
"2B2X_HL_A|VH50T,EH64K,QL28S,YL52N,YH58W",1.8641591,1.3436719,1,1
"2B2X_HL_A|VH50T,EH64K,QL28S,YL52N,YH59E",1.5872209,1.6383121,1,1
"2B2X_HL_A|VH50T,EH64K,QL28S,YL52R",1.8880546,1.2701541,1,1
"2B2X_HL_A|VH50T,EH64K,YL52N",0.28173435,0.96248496,1,1
"2B2X_HL_A|VH50T,EH64N,QL28S,YL52N",1.0069425,0.6486144,1,1
"2B2X_HL_A|VH50T,EH64Q,QL28S,YL52N",0.96559924,0.9721496,1,1
"2B2X_HL_A|VH50T,EH64Q,QL28S,YL52N,LH60D",1.0862032,1.0134252,1,1
"2B2X_HL_A|VH50T,QL28S,YL52N",0.96559924,0.56736875,1,1
"2B2X_HL_A|VH50T,QL28S,YL52N,LH60D",0.90141344,0.47407436,1,1
"2B2X_HL_A|VH50T,YL52N",0.18636756,0.2862166,1,1
2B2X_HL_A|YL52E,-0.22410508,1.0549592,1,1
2VIR_AB_C|SC115L,3.680209,0.5611382,1,1
2VIR_AB_C|TC89I,4.0,1.310793,1,1
"3G6D_LH_A|EL3V,GL76R,TL77V,QL78E,EL80G",0.13981691,-1.0281196,1,1
"3G6D_LH_A|EL3V,GL76R,TL77V,QL78E,EL80G,DH54N",0.111178115,-1.4042047,1,1
"3G6D_LH_A|EL3V,GL76R,TL77V,QL78E,EL80G,TL89S,ML92I,VL93D,TL94K",0.27145106,-2.4749362,1,1
3G6D_LH_A|HH104A,-0.9530879,1.1859832,1,1
"3G6D_LH_A|KH210T,KH215T",-0.13294782,0.06657344,1,1
"3G6D_LH_A|TL89S,ML92I,VL93D,TL94K",0.7979767,-1.0293921,1,1
3G6D_LH_A|WH105A,-1.4965084,3.1072197,1,1
"3IDX_HL_G|CG27I,CG242Q",-2.4650376,0.68165183,1,1
"3IDX_HL_G|CG27I,CG242Q,MG247A",-2.1736174,0.7818101,1,1
"3IDX_HL_G|KG85C,EG121C,CG27I,CG242Q",-2.3776865,1.0606338,1,1
"3IDX_HL_G|KG85C,EG121C,WG13M,MG247A,CG14W,CG129V,CG27I,CG242Q",-2.1922898,1.8786346,1,1
"3IDX_HL_G|KG85C,EG122C,WG13M,MG247A,CG14W,CG129V,CG27I,CG242Q",-2.2927184,1.6704922,1,1
"3IDX_HL_G|TG41C,GG245C,MG247A",0.40945426,0.3544932,1,1
"3IDX_HL_G|TG41C,GG245C,WG13M,MG247A,CG14W,CG129V,CG27I,CG242Q",-2.3310676,1.7381166,1,1
"3IDX_HL_G|WG13M,MG247A,CG14W,CG129V",-0.6475391,0.8434228,1,1
"3IDX_HL_G|WG13M,MG247A,CG14W,CG129V,CG27I,CG242Q",-2.3479884,1.2272562,1,1
"3IDX_HL_G|WG13M,MG247A,CG14W,CG129V,KG85C,EG121C",-0.36166522,1.3418523,1,1
"3IDX_HL_G|WG13M,SG111T,WG200S,MG247A,CG14W,CG129V,CG27I,CG242Q",-1.8639641,1.4508923,1,1
"3L5X_A_HL|EL93F,YL94G",-0.42800838,0.18745874,1,1
"3L5X_A_HL|EL93H,YL94G",-0.7626503,0.10138902,1,1
"3L5X_A_HL|HL91P,NL92I,EL93D,YL94A",-0.6466697,1.6437578,1,1
"3L5X_A_HL|HL91P,NL92L,EL93D,YL94S",-0.6327897,0.59580934,1,1
"3L5X_A_HL|HL91P,NL92L,EL93D,YL94T",-0.81005055,1.3388662,1,1
"3L5X_A_HL|HL91P,NL92L,EL93D,YL94V",-0.85822237,0.85624206,1,1
"3L5X_A_HL|HL91P,NL92L,YL94A",-0.44441348,1.6543922,1,1
"3L5X_A_HL|HL91Q,NL92D,EL93I,YL94G",-1.5503801,0.86413157,1,1
"3L5X_A_HL|HL91Q,NL92D,EL93L,YL94G",-1.785132,0.8404145,1,1
"3L5X_A_HL|HL91Q,NL92D,EL93Y,YL94G",-1.451453,-0.39848065,1,1
"3L5X_A_HL|NL92D,EL93L,YL94G",-0.42962858,0.39788365,1,1
"3L5X_A_HL|NL92D,EL93N,YL94S",-0.53403836,0.2801552,1,1
"3L5X_A_HL|NL92D,EL93P,YL94G",-1.4699602,0.8196855,1,1
"3L5X_A_HL|NL92D,EL93R,YL94D",-0.52253926,0.28062135,1,1
"3L5X_A_HL|NL92D,EL93W,YL94E",-1.1963489,-0.2895067,1,1
"3L5X_A_HL|NL92D,EL93W,YL94G",-1.6825228,-0.59410757,1,1
"3L5X_A_HL|NL92D,EL93W,YL94S",-0.71612674,-0.37020677,1,1
"3L5X_A_HL|NL92D,EL93Y,YL94A",-0.8069743,0.3555495,1,1
"3L5X_A_HL|NL92E,EL93S,YL94G",-1.2653587,0.5047342,1,1
"3L5X_A_HL|NL92E,EL93W,YL94G",-1.5503801,-0.39175072,1,1
"3L5X_A_HL|NL92F,EL93W,YL94G",-1.2329907,-0.39116386,1,1
"3L5X_A_HL|NL92L,EL93D,YL94S",-0.6170473,0.381536,1,1
"3L5X_A_HL|NL92L,EL93L,YL94G",-0.6259698,0.31503308,1,1
"3L5X_A_HL|NL92L,EL93M,YL94G",-0.82567644,0.6724156,1,1
"3L5X_A_HL|NL92L,EL93N,YL94G",-0.6954369,0.13617595,1,1
"3L5X_A_HL|NL92S,EL93H,YL94G",-1.2457265,0.3203983,1,1
"3L5X_A_HL|NL92S,EL93I,YL94G",-0.8069743,0.45827293,1,1
"3L5X_A_HL|NL92S,EL93S,YL94G",-0.24921271,0.23705977,1,1
"3L5X_A_HL|NL92S,EL93V,YL94G",-0.51687235,0.33431202,1,1
"3L5X_A_HL|NL92S,EL93W,YL94A",-0.30302802,0.32421455,1,1
"3L5X_A_HL|NL92S,EL93W,YL94G",-1.2720501,-0.3983122,1,1
"3L5X_A_HL|NL92S,EL93Y,YL94G",-0.9641868,-0.48660702,1,1
"3L5X_A_HL|NL92V,EL93G,YL94G",-0.46300006,-0.14267673,1,1
"3L5X_A_HL|NL92V,EL93W,YL94G",-0.83525383,-0.4537591,1,1
3L5X_A_HL|YL94A,-0.82885176,0.71030307,1,1
3N85_A_LH|SH32A,-0.13401966,1.5724602,1,1
3N85_A_LH|SH32Y,0.0571225,-1.5127625,1,1
3N85_A_LH|SH50G,0.48767117,-0.69963104,1,1
3N85_A_LH|SH52Y,-0.78460336,-1.2683687,1,1
3N85_A_LH|WH100F,-0.015185109,1.063695,1,1
3N85_A_LH|WH30K,-0.78460336,2.0792625,1,1
3N85_A_LH|WH30R,-0.5539675,0.87232274,1,1
3N85_A_LH|WL91F,0.13959166,0.90366054,1,1
3N85_A_LH|WL94Y,-0.03871881,-0.50418293,1,1
3SE8_HL_G|DH110A,-0.38934898,0.7933749,1,1
3SE8_HL_G|DH114A,-0.2441398,1.5324374,1,1
3SE8_HL_G|DL49A,0.8558488,1.761586,1,1
3SE8_HL_G|EL1A,-0.5565174,1.2009993,1,1
3SE8_HL_G|EL91A,1.513491,2.1771202,1,1
3SE8_HL_G|FH115A,1.0676043,1.9955907,1,1
3SE8_HL_G|FL90A,-0.8640972,2.2650735,1,1
3SE8_HL_G|FL92A,0.8323254,2.2801368,1,1
3SE8_HL_G|GH56A,0.3570972,1.0211685,1,1
3SE8_HL_G|KH52A,1.1114144,0.76124066,1,1
3SE8_HL_G|LH54A,0.054776184,0.88758576,1,1
3SE8_HL_G|NL30A,0.19434923,1.1465449,1,1
3SE8_HL_G|PH78A,0.01881787,-0.15686463,1,1
3SE8_HL_G|PH81A,-0.07091986,0.18388796,1,1
3SE8_HL_G|QH63A,1.1144251,0.40472752,1,1
3SE8_HL_G|QH65A,0.54980505,0.2863808,1,1
3SE8_HL_G|QH76A,0.09689985,0.64384836,1,1
3SE8_HL_G|QL27A,-0.21612903,0.5650183,1,1
3SE8_HL_G|RH30A,-0.03949762,0.57216865,1,1
3SE8_HL_G|RH62A,1.2061691,0.7391751,1,1
3SE8_HL_G|RH72A,2.6444623,1.4129717,1,1
3SE8_HL_G|SH59A,1.1508402,0.7410496,1,1
3SE8_HL_G|VH58A,1.2496852,1.2700368,1,1
3SE8_HL_G|WH47A,1.4751467,2.3918655,1,1
3SE8_HL_G|WH50A,1.333526,2.7460158,1,1
3SE8_HL_G|WH55A,0.7611056,1.7976534,1,1
3SE8_HL_G|YH111A,0.82992166,1.5879091,1,1
3SE8_HL_G|YH60A,0.8558488,1.4011899,1,1
4KRL_A_B|DB112A,0.6496817,1.9516726,1,1
5C6T_HL_A|EA194A,1.0906719,1.4099858,1,1
5C6T_HL_A|FA192A,1.9972014,1.7503161,1,1
5C6T_HL_A|FA199A,2.7581792,2.1550128,1,1
5C6T_HL_A|FA200A,0.41047263,2.5131047,1,1
5C6T_HL_A|FH99A,1.4600298,1.6777204,1,1
5C6T_HL_A|IA201A,0.88561165,1.0525448,1,1
5C6T_HL_A|NA183A,0.28399685,0.9820368,1,1
5C6T_HL_A|NA186A,0.3630724,0.47434986,1,1
5C6T_HL_A|NA188A,-0.36658686,1.2950392,1,1
"5C6T_HL_A|NA195A,DA197A",0.58650106,1.5318292,1,1
5C6T_HL_A|NH97A,1.5258962,2.359622,1,1
5C6T_HL_A|RH31S,0.3115454,0.2566691,1,1
5C6T_HL_A|RL48A,0.1229613,2.24054,1,1
5C6T_HL_A|SH32A,-0.8683455,1.4063587,1,1
5C6T_HL_A|TA185A,0.33786914,1.2141856,1,1
5C6T_HL_A|YA182A,3.2083547,1.8969386,1,1
"5C6T_HL_A|YA182A,NA195A,DA197A",2.942425,2.2624028,1,1
5C6T_HL_A|YH104A,0.3630724,2.8426874,1,1
5C6T_HL_A|YH98A,1.7166799,1.9904549,1,1
5C6T_HL_A|YL47A,0.5516565,1.4191476,1,1
1KIP_AB_C|AB32Y,-0.8005932,-0.50080603,1,2
1XGU_AB_C|FB33A,4.0,4.221365,1,2
1XGU_AB_C|FB33I,1.8004549,3.0020647,1,2
1XGU_AB_C|FB33L,1.8617703,2.6558232,1,2
1XGU_AB_C|FB33V,2.9080825,3.4227295,1,2
2B2X_HL_A|EH64K,-0.033433665,0.17170188,1,2
"2B2X_HL_A|EH64K,QL28S,YL52N",0.911615,0.94957966,1,2
"2B2X_HL_A|EH64K,QL28S,YL52N,GH102S",2.7106705,0.82729733,1,2
"2B2X_HL_A|EH64K,QL28S,YL52N,SH35A",3.119054,1.4689661,1,2
"2B2X_HL_A|EH64K,QL28S,YL52N,SH35V",3.770335,1.2700502,1,2
"2B2X_HL_A|EH64K,YL52N",0.34853002,0.82076055,1,2
"2B2X_HL_A|QL28S,YL52N",0.8626942,0.43209842,1,2
2B2X_HL_A|VH50T,0.024054652,-1.3750619,1,2
"2B2X_HL_A|VH50T,EH64D,QL28S,YL52N",0.87177193,0.82316655,1,2
"2B2X_HL_A|VH50T,EH64K,QL28S",0.991589,0.7143546,1,2
"2B2X_HL_A|VH50T,EH64K,QL28S,YL52D",1.5439764,1.173228,1,2
"2B2X_HL_A|VH50T,EH64K,QL28S,YL52E",0.95452905,1.3729792,1,2
"2B2X_HL_A|VH50T,EH64K,QL28S,YL52K",1.7007239,1.4607092,1,2
"2B2X_HL_A|VH50T,EH64K,QL28S,YL52N",1.043214,1.4313133,1,2
"2B2X_HL_A|VH50T,EH64K,QL28S,YL52N,FH99W",1.043214,1.6830709,1,2
"2B2X_HL_A|VH50T,EH64K,QL28S,YL52N,FH99Y",1.7978828,1.5123883,1,2
"2B2X_HL_A|VH50T,EH64K,QL28S,YL52N,GH100F",1.4322319,1.5857018,1,2
"2B2X_HL_A|VH50T,EH64K,QL28S,YL52N,GH100L",3.770335,1.622176,1,2
"2B2X_HL_A|VH50T,EH64K,QL28S,YL52N,GH100M",1.145348,1.9442204,1,2
"2B2X_HL_A|VH50T,EH64K,QL28S,YL52N,GH100S",1.6009614,1.6015596,1,2
"2B2X_HL_A|VH50T,EH64K,QL28S,YL52N,GH53A",1.5558206,1.7102413,1,2
"2B2X_HL_A|VH50T,EH64K,QL28S,YL52N,GH53N",2.2985272,1.8991953,1,2
"2B2X_HL_A|VH50T,EH64K,QL28S,YL52N,GH53S",1.7188073,1.7081716,1,2
"2B2X_HL_A|VH50T,EH64K,QL28S,YL52N,GH54I",2.4067745,2.1914687,1,2
"2B2X_HL_A|VH50T,EH64K,QL28S,YL52N,GH54T",2.2073808,1.9348267,1,2
"2B2X_HL_A|VH50T,EH64K,QL28S,YL52N,GH54Y",1.043214,1.9698651,1,2
"2B2X_HL_A|VH50T,EH64K,QL28S,YL52N,GL92Q",2.6158988,2.0961199,1,2
"2B2X_HL_A|VH50T,EH64K,QL28S,YL52N,GL92S",1.5558206,1.8172454,1,2
"2B2X_HL_A|VH50T,EH64K,QL28S,YL52N,HL31K",2.2073808,1.7677535,1,2
"2B2X_HL_A|VH50T,EH64K,QL28S,YL52N,HL31R",2.1670115,1.6159593,1,2
"2B2X_HL_A|VH50T,EH64K,QL28S,YL52N,HL31W",2.2985272,1.6681893,1,2
"2B2X_HL_A|VH50T,EH64K,QL28S,YL52N,LH60D",0.981894,1.5762086,1,2
"2B2X_HL_A|VH50T,EH64K,QL28S,YL52N,LL49F",1.7554936,1.6223825,1,2
"2B2X_HL_A|VH50T,EH64K,QL28S,YL52N,LL49K",1.9044149,1.7898393,1,2
"2B2X_HL_A|VH50T,EH64K,QL28S,YL52N,LL49W",2.9507816,1.5939614,1,2
"2B2X_HL_A|VH50T,EH64K,QL28S,YL52N,NL30V",2.0925434,1.7140179,1,2
"2B2X_HL_A|VH50T,EH64K,QL28S,YL52N,NL30W",2.6158988,1.4902028,1,2
"2B2X_HL_A|VH50T,EH64K,QL28S,YL52N,NL30Y",2.9507816,1.3300458,1,2
"2B2X_HL_A|VH50T,EH64K,QL28S,YL52N,NL30Y,SL91I",1.4775821,2.09357,1,2
"2B2X_HL_A|VH50T,EH64K,QL28S,YL52N,RH31Q",2.350542,1.928099,1,2
"2B2X_HL_A|VH50T,EH64K,QL28S,YL52N,SH35A",2.6158988,2.0135803,1,2
"2B2X_HL_A|VH50T,EH64K,QL28S,YL52N,SH35A,GH102S",2.6158988,1.9642243,1,2
"2B2X_HL_A|VH50T,EH64K,QL28S,YL52N,SH35Q",3.770335,1.9353151,1,2
"2B2X_HL_A|VH50T,EH64K,QL28S,YL52N,SH35V,GH102S",2.4688888,1.6659955,1,2
"2B2X_HL_A|VH50T,EH64K,QL28S,YL52N,SH52M",3.119054,2.019123,1,2
"2B2X_HL_A|VH50T,EH64K,QL28S,YL52N,SL24R",0.82788163,1.6592603,1,2
"2B2X_HL_A|VH50T,EH64K,QL28S,YL52N,SL91Q",2.8172472,2.1572278,1,2
"2B2X_HL_A|VH50T,EH64K,QL28S,YL52N,SL91R",3.770335,1.8662342,1,2
"2B2X_HL_A|VH50T,EH64K,QL28S,YL52N,SL91R,NL30E",3.770335,1.9274276,1,2
"2B2X_HL_A|VH50T,EH64K,QL28S,YL52N,SL91T",3.3598623,1.9587971,1,2
"2B2X_HL_A|VH50T,EH64K,QL28S,YL52N,TH33E,GH53Q",2.7106705,2.4811833,1,2
"2B2X_HL_A|VH50T,EH64K,QL28S,YL52N,TH33I,SH52T,GH53N,GH54N",2.9507816,2.6695583,1,2
"2B2X_HL_A|VH50T,EH64K,QL28S,YL52N,TH33I,SH52T,GH53Q,GH54F",2.2985272,2.7873466,1,2
"2B2X_HL_A|VH50T,EH64K,QL28S,YL52N,TH33N",3.770335,1.6154368,1,2
"2B2X_HL_A|VH50T,EH64K,QL28S,YL52N,TH33V",1.4775821,1.6965336,1,2
"2B2X_HL_A|VH50T,EH64K,QL28S,YL52N,WL90Q",3.119054,2.33262,1,2
"2B2X_HL_A|VH50T,EH64K,QL28S,YL52N,WL90Q,FL33Y",1.914233,1.990437,1,2
"2B2X_HL_A|VH50T,EH64K,QL28S,YL52N,YH58E",3.119054,2.0017667,1,2
"2B2X_HL_A|VH50T,EH64K,QL28S,YL52N,YH58Q",3.119054,2.2588758,1,2
"2B2X_HL_A|VH50T,EH64K,QL28S,YL52N,YH58W",1.8641591,1.7871668,1,2
"2B2X_HL_A|VH50T,EH64K,QL28S,YL52N,YH59E",1.5872209,2.0529938,1,2
"2B2X_HL_A|VH50T,EH64K,QL28S,YL52R",1.8880546,1.4066135,1,2
"2B2X_HL_A|VH50T,EH64K,YL52N",0.28173435,0.983646,1,2
"2B2X_HL_A|VH50T,EH64N,QL28S,YL52N",1.0069425,1.1357657,1,2
"2B2X_HL_A|VH50T,EH64Q,QL28S,YL52N",0.96559924,1.2092205,1,2
"2B2X_HL_A|VH50T,EH64Q,QL28S,YL52N,LH60D",1.0862032,1.2942554,1,2
"2B2X_HL_A|VH50T,QL28S,YL52N",0.96559924,0.71168524,1,2
"2B2X_HL_A|VH50T,QL28S,YL52N,LH60D",0.90141344,0.7868525,1,2
"2B2X_HL_A|VH50T,YL52N",0.18636756,0.28721234,1,2
2B2X_HL_A|YL52E,-0.22410508,0.28834146,1,2
2VIR_AB_C|SC115L,3.680209,1.0013704,1,2
2VIR_AB_C|TC89I,4.0,3.112018,1,2
"3G6D_LH_A|EL3V,GL76R,TL77V,QL78E,EL80G",0.13981691,-0.32046705,1,2
"3G6D_LH_A|EL3V,GL76R,TL77V,QL78E,EL80G,DH54N",0.111178115,-0.07684041,1,2
"3G6D_LH_A|EL3V,GL76R,TL77V,QL78E,EL80G,TL89S,ML92I,VL93D,TL94K",0.27145106,-1.2996333,1,2
3G6D_LH_A|HH104A,-0.9530879,1.241973,1,2
"3G6D_LH_A|KH210T,KH215T",-0.13294782,0.03579831,1,2
"3G6D_LH_A|TL89S,ML92I,VL93D,TL94K",0.7979767,-0.58400136,1,2
3G6D_LH_A|WH105A,-1.4965084,3.199328,1,2
"3IDX_HL_G|CG27I,CG242Q",-2.4650376,0.42496365,1,2
"3IDX_HL_G|CG27I,CG242Q,MG247A",-2.1736174,0.47955385,1,2
"3IDX_HL_G|KG85C,EG121C,CG27I,CG242Q",-2.3776865,0.0129012875,1,2
"3IDX_HL_G|KG85C,EG121C,WG13M,MG247A,CG14W,CG129V,CG27I,CG242Q",-2.1922898,0.57508814,1,2
"3IDX_HL_G|KG85C,EG122C,WG13M,MG247A,CG14W,CG129V,CG27I,CG242Q",-2.2927184,0.5345735,1,2
"3IDX_HL_G|TG41C,GG245C,MG247A",0.40945426,0.1518583,1,2
"3IDX_HL_G|TG41C,GG245C,WG13M,MG247A,CG14W,CG129V,CG27I,CG242Q",-2.3310676,0.5543807,1,2
"3IDX_HL_G|WG13M,MG247A,CG14W,CG129V",-0.6475391,0.45927176,1,2
"3IDX_HL_G|WG13M,MG247A,CG14W,CG129V,CG27I,CG242Q",-2.3479884,0.5755163,1,2
"3IDX_HL_G|WG13M,MG247A,CG14W,CG129V,KG85C,EG121C",-0.36166522,0.41778588,1,2
"3IDX_HL_G|WG13M,SG111T,WG200S,MG247A,CG14W,CG129V,CG27I,CG242Q",-1.8639641,0.62890893,1,2
"3L5X_A_HL|EL93F,YL94G",-0.42800838,0.41429496,1,2
"3L5X_A_HL|EL93H,YL94G",-0.7626503,0.6432259,1,2
"3L5X_A_HL|HL91P,NL92I,EL93D,YL94A",-0.6466697,0.5346063,1,2
"3L5X_A_HL|HL91P,NL92L,EL93D,YL94S",-0.6327897,-0.25380182,1,2
"3L5X_A_HL|HL91P,NL92L,EL93D,YL94T",-0.81005055,0.30618846,1,2
"3L5X_A_HL|HL91P,NL92L,EL93D,YL94V",-0.85822237,-0.053081937,1,2
"3L5X_A_HL|HL91P,NL92L,YL94A",-0.44441348,0.73877907,1,2
"3L5X_A_HL|HL91Q,NL92D,EL93I,YL94G",-1.5503801,0.2896199,1,2
"3L5X_A_HL|HL91Q,NL92D,EL93L,YL94G",-1.785132,-0.08393667,1,2
"3L5X_A_HL|HL91Q,NL92D,EL93Y,YL94G",-1.451453,-0.5218818,1,2
"3L5X_A_HL|NL92D,EL93L,YL94G",-0.42962858,-0.46117133,1,2
"3L5X_A_HL|NL92D,EL93N,YL94S",-0.53403836,0.2764877,1,2
"3L5X_A_HL|NL92D,EL93P,YL94G",-1.4699602,0.122038595,1,2
"3L5X_A_HL|NL92D,EL93R,YL94D",-0.52253926,-0.77630615,1,2
"3L5X_A_HL|NL92D,EL93W,YL94E",-1.1963489,-1.3476486,1,2
"3L5X_A_HL|NL92D,EL93W,YL94G",-1.6825228,-1.0074881,1,2
"3L5X_A_HL|NL92D,EL93W,YL94S",-0.71612674,-1.0878187,1,2
"3L5X_A_HL|NL92D,EL93Y,YL94A",-0.8069743,-0.5103826,1,2
"3L5X_A_HL|NL92E,EL93S,YL94G",-1.2653587,-0.45608553,1,2
"3L5X_A_HL|NL92E,EL93W,YL94G",-1.5503801,-1.0253925,1,2
"3L5X_A_HL|NL92F,EL93W,YL94G",-1.2329907,-0.44807893,1,2
"3L5X_A_HL|NL92L,EL93D,YL94S",-0.6170473,-0.6302897,1,2
"3L5X_A_HL|NL92L,EL93L,YL94G",-0.6259698,0.10755549,1,2
"3L5X_A_HL|NL92L,EL93M,YL94G",-0.82567644,0.36362436,1,2
"3L5X_A_HL|NL92L,EL93N,YL94G",-0.6954369,0.5528587,1,2
"3L5X_A_HL|NL92S,EL93H,YL94G",-1.2457265,-0.040366642,1,2
"3L5X_A_HL|NL92S,EL93I,YL94G",-0.8069743,0.258651,1,2
"3L5X_A_HL|NL92S,EL93S,YL94G",-0.24921271,-0.21927065,1,2
"3L5X_A_HL|NL92S,EL93V,YL94G",-0.51687235,-0.29411605,1,2
"3L5X_A_HL|NL92S,EL93W,YL94A",-0.30302802,-0.20216063,1,2
"3L5X_A_HL|NL92S,EL93W,YL94G",-1.2720501,-0.59098977,1,2
"3L5X_A_HL|NL92S,EL93Y,YL94G",-0.9641868,-0.5168511,1,2
"3L5X_A_HL|NL92V,EL93G,YL94G",-0.46300006,0.057618566,1,2
"3L5X_A_HL|NL92V,EL93W,YL94G",-0.83525383,-0.6645555,1,2
3L5X_A_HL|YL94A,-0.82885176,0.9598642,1,2
3N85_A_LH|SH32A,-0.13401966,1.6985109,1,2
3N85_A_LH|SH32Y,0.0571225,-0.20827812,1,2
3N85_A_LH|SH50G,0.48767117,-0.12740558,1,2
3N85_A_LH|SH52Y,-0.78460336,-0.77963626,1,2
3N85_A_LH|WH100F,-0.015185109,0.7508381,1,2
3N85_A_LH|WH30K,-0.78460336,1.6257075,1,2
3N85_A_LH|WH30R,-0.5539675,0.6054284,1,2
3N85_A_LH|WL91F,0.13959166,0.4286853,1,2
3N85_A_LH|WL94Y,-0.03871881,-0.8228206,1,2
3SE8_HL_G|DH110A,-0.38934898,0.2798755,1,2
3SE8_HL_G|DH114A,-0.2441398,1.8143523,1,2
3SE8_HL_G|DL49A,0.8558488,1.8444422,1,2
3SE8_HL_G|EL1A,-0.5565174,1.1067971,1,2
3SE8_HL_G|EL91A,1.513491,3.0099819,1,2
3SE8_HL_G|FH115A,1.0676043,2.043791,1,2
3SE8_HL_G|FL90A,-0.8640972,2.2386906,1,2
3SE8_HL_G|FL92A,0.8323254,1.4200083,1,2
3SE8_HL_G|GH56A,0.3570972,1.5276759,1,2
3SE8_HL_G|KH52A,1.1114144,0.387365,1,2
3SE8_HL_G|LH54A,0.054776184,0.36744592,1,2
3SE8_HL_G|NL30A,0.19434923,1.2873982,1,2
3SE8_HL_G|PH78A,0.01881787,0.09083823,1,2
3SE8_HL_G|PH81A,-0.07091986,0.7025596,1,2
3SE8_HL_G|QH63A,1.1144251,0.23906302,1,2
3SE8_HL_G|QH65A,0.54980505,0.35790956,1,2
3SE8_HL_G|QH76A,0.09689985,0.48936442,1,2
3SE8_HL_G|QL27A,-0.21612903,-0.09478696,1,2
3SE8_HL_G|RH30A,-0.03949762,0.6957228,1,2
3SE8_HL_G|RH62A,1.2061691,0.8447154,1,2
3SE8_HL_G|RH72A,2.6444623,2.1052346,1,2
3SE8_HL_G|SH59A,1.1508402,1.0263207,1,2
3SE8_HL_G|VH58A,1.2496852,1.7962066,1,2
3SE8_HL_G|WH47A,1.4751467,2.2896333,1,2
3SE8_HL_G|WH50A,1.333526,3.1854644,1,2
3SE8_HL_G|WH55A,0.7611056,1.0359133,1,2
3SE8_HL_G|YH111A,0.82992166,1.3194828,1,2
3SE8_HL_G|YH60A,0.8558488,0.8578051,1,2
4KRL_A_B|DB112A,0.6496817,2.2871196,1,2
5C6T_HL_A|EA194A,1.0906719,1.1009768,1,2
5C6T_HL_A|FA192A,1.9972014,1.1670454,1,2
5C6T_HL_A|FA199A,2.7581792,1.5816338,1,2
5C6T_HL_A|FA200A,0.41047263,1.0353487,1,2
5C6T_HL_A|FH99A,1.4600298,2.1365614,1,2
5C6T_HL_A|IA201A,0.88561165,1.5039655,1,2
5C6T_HL_A|NA183A,0.28399685,0.5303043,1,2
5C6T_HL_A|NA186A,0.3630724,-0.007967934,1,2
5C6T_HL_A|NA188A,-0.36658686,0.66155463,1,2
"5C6T_HL_A|NA195A,DA197A",0.58650106,1.6184002,1,2
5C6T_HL_A|NH97A,1.5258962,0.59423167,1,2
5C6T_HL_A|RH31S,0.3115454,0.13058999,1,2
5C6T_HL_A|RL48A,0.1229613,2.3436055,1,2
5C6T_HL_A|SH32A,-0.8683455,1.172568,1,2
5C6T_HL_A|TA185A,0.33786914,0.3743751,1,2
5C6T_HL_A|YA182A,3.2083547,1.2864839,1,2
"5C6T_HL_A|YA182A,NA195A,DA197A",2.942425,2.1754532,1,2
5C6T_HL_A|YH104A,0.3630724,1.9805088,1,2
5C6T_HL_A|YH98A,1.7166799,1.7084029,1,2
5C6T_HL_A|YL47A,0.5516565,1.8914411,1,2
1DVF_AB_CD|DB100A,2.7895143,0.12562019,2,0
"1DVF_AB_CD|DB100A,DD52A",4.0,0.17359582,2,0
"1DVF_AB_CD|DB100A,HD33A",4.0,0.17306066,2,0
"1DVF_AB_CD|DB100A,ND55A",4.0,0.15942329,2,0
1DVF_AB_CD|DB54A,4.0,0.2616369,2,0
"1DVF_AB_CD|DB54A,YC49A",4.0,0.33345655,2,0
1DVF_AB_CD|DB58A,1.6000048,0.09190544,2,0
"1DVF_AB_CD|DB58A,QD104A",1.4641725,0.08796952,2,0
1DVF_AB_CD|DD52A,1.6822901,0.15659371,2,0
1DVF_AB_CD|EB98A,4.0,0.108340286,2,0
"1DVF_AB_CD|EB98A,YD102A",4.0,0.22949725,2,0
1DVF_AB_CD|HA30A,1.6493824,0.15840244,2,0
1DVF_AB_CD|HD33A,1.8606005,0.054679006,2,0
1DVF_AB_CD|ID101A,2.6815457,0.18922246,2,0
1DVF_AB_CD|KD30A,1.0035173,0.21771517,2,0
1DVF_AB_CD|NB56A,1.1624389,0.18284872,2,0
"1DVF_AB_CD|NB56A,HD33A",2.5259995,0.14410979,2,0
"1DVF_AB_CD|NB56A,ND55A",2.3010929,0.13096237,2,0
"1DVF_AB_CD|NB56A,QD104A",1.4868644,0.12798673,2,0
1DVF_AB_CD|ND55A,1.8606005,0.06797077,2,0
1DVF_AB_CD|QD104A,1.6287225,0.10098205,2,0
1DVF_AB_CD|RB99A,1.8746451,0.050789498,2,0
1DVF_AB_CD|RD106A,4.0,0.024308324,2,0
1DVF_AB_CD|SA93A,1.1624389,-0.08039297,2,0
1DVF_AB_CD|TB30A,0.9075126,0.1363886,2,0
1DVF_AB_CD|WA92A,0.34072307,0.18143478,2,0
1DVF_AB_CD|WB52A,4.0,0.3548268,2,0
"1DVF_AB_CD|WB52A,QD104A",4.0,0.2999453,2,0
1DVF_AB_CD|YA32A,2.0303695,0.27341288,2,0
"1DVF_AB_CD|YA32A,RD106A",4.0,0.2093085,2,0
1DVF_AB_CD|YA49A,1.6785902,0.2507465,2,0
"1DVF_AB_CD|YA49A,HD33A",2.625045,0.24412209,2,0
"1DVF_AB_CD|YA49A,ND55A",2.0303695,0.2365076,2,0
1DVF_AB_CD|YA50A,0.6877736,0.29226473,2,0
1DVF_AB_CD|YB101F,2.0123136,0.19430372,2,0
1DVF_AB_CD|YB32A,1.8314707,0.16821954,2,0
1DVF_AB_CD|YC49A,1.8606005,0.12446875,2,0
1DVF_AB_CD|YD102A,4.0,0.15813452,2,0
1MHP_HL_A|FH99W,0.0,-0.09098598,2,0
1MHP_HL_A|FH99Y,0.75466895,-0.07046388,2,0
1MHP_HL_A|GH100F,0.38901797,-0.11308346,2,0
1MHP_HL_A|GH100L,2.727121,-0.10407204,2,0
1MHP_HL_A|GH100M,0.10213403,-0.11082067,2,0
1MHP_HL_A|GH100S,0.5577475,0.012921937,2,0
1MHP_HL_A|GH53A,0.5126066,-0.023203082,2,0
1MHP_HL_A|GH53N,1.2553134,-0.06994606,2,0
1MHP_HL_A|GH53S,0.6755934,0.0021519773,2,0
1MHP_HL_A|GH54I,1.3635606,0.01677414,2,0
1MHP_HL_A|GH54T,1.1641668,0.11027435,2,0
1MHP_HL_A|GH54Y,0.0,-0.12329644,2,0
1MHP_HL_A|GL91Q,1.572685,-0.21976957,2,0
1MHP_HL_A|GL91S,0.5126066,-0.050772637,2,0
1MHP_HL_A|HL30K,1.1641668,-0.038004387,2,0
1MHP_HL_A|HL30R,1.1237977,0.035752118,2,0
1MHP_HL_A|HL30W,1.2553134,-0.095024675,2,0
1MHP_HL_A|KH64D,-0.17144196,-0.13313895,2,0
1MHP_HL_A|KH64E,-0.07761467,-0.14260194,2,0
"1MHP_HL_A|KH64E,SL27Q",-0.85684633,-0.4217867,2,0
"1MHP_HL_A|KH64E,SL27Q,NL51Y",-1.0191593,-0.57831144,2,0
1MHP_HL_A|KH64N,-0.03627145,0.0640819,2,0
1MHP_HL_A|KH64Q,-0.07761467,-0.069951355,2,0
1MHP_HL_A|LH60D,-0.061319917,-0.055561766,2,0
"1MHP_HL_A|LH60D,KH64E",-0.1418005,-0.18121693,2,0
"1MHP_HL_A|LH60D,KH64Q",0.042989343,-0.19502184,2,0
1MHP_HL_A|LL48F,0.71227974,0.04637195,2,0
1MHP_HL_A|LL48K,0.8612009,-0.034300607,2,0
1MHP_HL_A|LL48W,1.9075676,-0.017199904,2,0
1MHP_HL_A|NL29V,1.0493295,-0.037187498,2,0
1MHP_HL_A|NL29W,1.572685,-0.22264874,2,0
1MHP_HL_A|NL29Y,1.9075676,-0.23681456,2,0
"1MHP_HL_A|NL29Y,SL90I",0.43436813,-0.53737646,2,0
1MHP_HL_A|NL51D,0.5007625,-0.14556748,2,0
1MHP_HL_A|NL51E,-0.08868487,-0.058805145,2,0
1MHP_HL_A|NL51K,0.65751,-0.18494329,2,0
1MHP_HL_A|NL51R,0.84484076,-0.18767905,2,0
1MHP_HL_A|NL51Y,-0.05162489,-0.1568644,2,0
1MHP_HL_A|RH31Q,1.3073281,0.08055073,2,0
1MHP_HL_A|SH35A,1.572685,0.024261333,2,0
"1MHP_HL_A|SH35A,GH102S",1.572685,0.0041452646,2,0
1MHP_HL_A|SH35Q,2.727121,-0.15657166,2,0
"1MHP_HL_A|SH35V,GH102S",1.4256749,-0.014018171,2,0
1MHP_HL_A|SH52M,2.0758402,-0.12388339,2,0
1MHP_HL_A|SL23R,-0.21533228,-0.35748988,2,0
1MHP_HL_A|SL27Q,-0.6661127,-0.27804372,2,0
1MHP_HL_A|SL90Q,1.7740332,-0.3532454,2,0
1MHP_HL_A|SL90T,2.3166485,-0.12430032,2,0
"1MHP_HL_A|TH33E,GH53Q",1.6674565,-0.23110387,2,0
"1MHP_HL_A|TH33I,SH52T,GH53N,GH54N",1.9075676,-0.13488007,2,0
"1MHP_HL_A|TH33I,SH52T,GH53Q,GH54F",1.2553134,-0.19026464,2,0
1MHP_HL_A|TH33N,2.727121,-0.027440682,2,0
1MHP_HL_A|TH33V,0.43436813,0.068422504,2,0
1MHP_HL_A|TH50V,-0.13159887,-0.09489443,2,0
"1MHP_HL_A|TH50V,GH102S",1.6674565,-0.13636711,2,0
"1MHP_HL_A|TH50V,KH64E",-0.1805197,-0.24412793,2,0
"1MHP_HL_A|TH50V,KH64E,SL27Q,NL51E",-1.267319,-0.54240173,2,0
"1MHP_HL_A|TH50V,KH64E,SL27Q,NL51Y",-1.0844951,-0.6446344,2,0
"1MHP_HL_A|TH50V,SH35A",2.0758402,-0.1270359,2,0
"1MHP_HL_A|TH50V,SH35V",2.727121,-0.15933213,2,0
"1MHP_HL_A|TH50V,SL27Q",-0.6946839,-0.35856408,2,0
"1MHP_HL_A|TH50V,SL27Q,NL51Y",-1.0235296,-0.52983135,2,0
1MHP_HL_A|WL89Q,2.0758402,0.018342815,2,0
"1MHP_HL_A|WL89Q,FL32Y",0.871019,-0.13684434,2,0
1MHP_HL_A|YH58E,2.0758402,0.058809318,2,0
1MHP_HL_A|YH58Q,2.0758402,0.09909017,2,0
1MHP_HL_A|YH58W,0.82094526,0.0036872476,2,0
1MHP_HL_A|YH59E,0.54400706,0.08336169,2,0
1N8Z_AB_C|DB102W,-0.71302944,-0.10095657,2,0
1N8Z_AB_C|FC539A,0.035102826,0.2644196,2,0
1N8Z_AB_C|HA91F,0.034232877,0.03441024,2,0
1N8Z_AB_C|LC509A,-0.023045197,0.01242058,2,0
1N8Z_AB_C|NA30S,0.06666317,0.098080836,2,0
"1N8Z_AB_C|NA30S,HA91F,YA92W",-0.07476232,0.027621068,2,0
"1N8Z_AB_C|NA30S,HA91F,YA92W,TA94S,DB102W,YB105F,YB109V",0.050661404,-0.024431879,2,0
1N8Z_AB_C|RB50A,2.9754758,0.023376137,2,0
1N8Z_AB_C|RB59A,1.8037988,0.17260623,2,0
1N8Z_AB_C|SC535A,0.030827092,0.014038816,2,0
1N8Z_AB_C|TA94S,0.32168603,-0.0010793768,2,0
1N8Z_AB_C|VC536A,0.008972699,-0.015661802,2,0
1N8Z_AB_C|YB105F,0.8540034,0.15056947,2,0
1N8Z_AB_C|YB109V,0.23192272,0.13958237,2,0
1XGQ_AB_C|VB33A,1.1525793,0.041528143,2,0
1XGQ_AB_C|VB33F,-2.9080825,-0.11429069,2,0
1XGQ_AB_C|VB33I,-1.1076277,-0.15191948,2,0
1XGQ_AB_C|VB33L,-1.0463123,-0.11941848,2,0
1YQV_HL_Y|RY45K,1.8995041,0.09553688,2,0
"1YQV_HL_Y|RY68K,TY40S,IY55V,SY91T",4.0,0.03172545,2,0
"1YQV_HL_Y|RY68K,TY40S,IY55V,SY91T,QY121H",0.0,0.04938051,2,0
1YY9_CD_A|AC25P,0.07225565,0.089868985,2,0
1YY9_CD_A|AD98P,1.0372273,0.03670924,2,0
1YY9_CD_A|GD54P,0.26807046,0.2232798,2,0
1YY9_CD_A|LD29P,0.030827092,0.2893957,2,0
1YY9_CD_A|NC93A,-0.74186975,-0.05892861,2,0
1YY9_CD_A|ND56A,-0.057046015,0.16826618,2,0
1YY9_CD_A|SC26D,-0.19925442,-0.07010332,2,0
"1YY9_CD_A|SC26D,TC31E,NC93A",-1.3329437,-0.21690941,2,0
"1YY9_CD_A|SC26D,TC31E,NC93A,ND56A,TD61E",-0.6517935,-0.39786607,2,0
1YY9_CD_A|SC26P,-0.009110746,0.22590989,2,0
1YY9_CD_A|SC28P,-0.22229962,-0.098071195,2,0
1YY9_CD_A|SC54P,-0.018363854,-0.06397775,2,0
1YY9_CD_A|SD53P,0.8175451,-0.059729867,2,0
1YY9_CD_A|TC31E,-0.51892465,-0.11813796,2,0
"1YY9_CD_A|TC31E,NC93A",-0.81853306,-0.15216106,2,0
1YY9_CD_A|TC96P,4.0,-0.05156487,2,0
1YY9_CD_A|TD61E,-0.057046015,-0.20687091,2,0
1YY9_CD_A|WD52P,1.4782712,0.49630034,2,0
1YY9_CD_A|YD101P,1.6514195,0.16627425,2,0
3NPS_A_BC|DA214A,1.466743,0.17978802,2,0
3NPS_A_BC|DA46A,0.3399866,0.078320146,2,0
3NPS_A_BC|DA47A,1.0674704,0.29075238,2,0
3NPS_A_BC|DA91A,1.5070341,0.16721249,2,0
3NPS_A_BC|EA163A,0.61534816,0.17563123,2,0
3NPS_A_BC|FA50A,0.21957076,0.17305788,2,0
3NPS_A_BC|FA89A,1.5714045,0.13992217,2,0
3NPS_A_BC|FA92A,0.46353978,0.26738608,2,0
3NPS_A_BC|HA138A,1.8750918,0.08960105,2,0
3NPS_A_BC|IA26A,0.6415425,0.15133053,2,0
3NPS_A_BC|IA45A,-0.33181784,0.24938312,2,0
3NPS_A_BC|KA221A,-0.10361039,0.15291384,2,0
3NPS_A_BC|LA147A,0.29573628,0.13551253,2,0
3NPS_A_BC|NA90A,0.25341922,-0.053940196,2,0
3NPS_A_BC|QA140A,0.29573628,0.16481474,2,0
3NPS_A_BC|QA168A,-0.059223834,0.19102263,2,0
3NPS_A_BC|QA169A,0.7409076,0.32217595,2,0
3NPS_A_BC|QA218A,-0.040916756,0.32471684,2,0
3NPS_A_BC|QA23A,0.026323749,0.3144997,2,0
3NPS_A_BC|RA219A,-0.08390186,-0.08406289,2,0
3NPS_A_BC|RA48A,-1.062741,0.08141322,2,0
3NPS_A_BC|RA51A,0.13816836,0.0074595474,2,0
3NPS_A_BC|RA82A,-0.15159543,-0.05394259,2,0
3NPS_A_BC|TA144A,0.17497002,0.056516573,2,0
3NPS_A_BC|TA93A,0.72381234,0.20211539,2,0
3NPS_A_BC|YA141A,1.7748737,0.075272374,2,0
3NPS_A_BC|YA52A,0.4518898,0.1666207,2,0
3W2D_A_HL|KA67N,4.0,0.077984415,2,0
3W2D_A_HL|KA67R,-0.42812017,0.044043534,2,0
3W2D_A_HL|YA45F,0.8779443,-0.10351203,2,0
3W2D_A_HL|YA45L,2.3647563,0.060889326,2,0
"4KRO_A_B|DA321T,FA323A",0.1269707,-0.25561497,2,0
"4KRP_A_B|DA277T,FA279A",0.35829666,-0.23139617,2,0
4NM8_ABCDEF_HL|DB19N,0.66149956,0.08721001,2,0
4NM8_ABCDEF_HL|IB18M,0.10977998,0.04895559,2,0
4NM8_ABCDEF_HL|LB38Y,-0.6151596,-0.049185745,2,0
4NM8_ABCDEF_HL|QB34R,2.9754758,0.013064928,2,0
4NM8_ABCDEF_HL|QB34T,2.3309386,0.004006602,2,0
4NM8_ABCDEF_HL|RB25M,3.442353,-0.053490642,2,0
4NM8_ABCDEF_HL|TB32E,-0.5517196,-0.014401762,2,0
4NM8_ABCDEF_HL|TB32I,-0.050205972,-0.07685681,2,0
4NM8_ABCDEF_HL|TB32R,1.2211944,0.02612944,2,0
1DVF_AB_CD|DB100A,2.7895143,1.4933087,2,1
"1DVF_AB_CD|DB100A,DD52A",4.0,2.3991475,2,1
"1DVF_AB_CD|DB100A,HD33A",4.0,2.4216313,2,1
"1DVF_AB_CD|DB100A,ND55A",4.0,1.6324155,2,1
1DVF_AB_CD|DB54A,4.0,0.8523136,2,1
"1DVF_AB_CD|DB54A,YC49A",4.0,3.4448464,2,1
1DVF_AB_CD|DB58A,1.6000048,0.892958,2,1
"1DVF_AB_CD|DB58A,QD104A",1.4641725,1.8798618,2,1
1DVF_AB_CD|DD52A,1.6822901,1.5559226,2,1
1DVF_AB_CD|EB98A,4.0,1.8186275,2,1
"1DVF_AB_CD|EB98A,YD102A",4.0,4.488187,2,1
1DVF_AB_CD|HA30A,1.6493824,0.66512674,2,1
1DVF_AB_CD|HD33A,1.8606005,1.0228562,2,1
1DVF_AB_CD|ID101A,2.6815457,0.8825318,2,1
1DVF_AB_CD|KD30A,1.0035173,0.41298577,2,1
1DVF_AB_CD|NB56A,1.1624389,0.48477742,2,1
"1DVF_AB_CD|NB56A,HD33A",2.5259995,1.8106242,2,1
"1DVF_AB_CD|NB56A,ND55A",2.3010929,0.9229049,2,1
"1DVF_AB_CD|NB56A,QD104A",1.4868644,1.9238352,2,1
1DVF_AB_CD|ND55A,1.8606005,0.8086911,2,1
1DVF_AB_CD|QD104A,1.6287225,1.6843408,2,1
1DVF_AB_CD|RB99A,1.8746451,0.95461327,2,1
1DVF_AB_CD|RD106A,4.0,1.2223631,2,1
1DVF_AB_CD|SA93A,1.1624389,0.0803726,2,1
1DVF_AB_CD|TB30A,0.9075126,-0.18275023,2,1
1DVF_AB_CD|WA92A,0.34072307,1.4151198,2,1
1DVF_AB_CD|WB52A,4.0,2.7644532,2,1
"1DVF_AB_CD|WB52A,QD104A",4.0,3.7462995,2,1
1DVF_AB_CD|YA32A,2.0303695,2.0263724,2,1
"1DVF_AB_CD|YA32A,RD106A",4.0,2.584248,2,1
1DVF_AB_CD|YA49A,1.6785902,2.3229399,2,1
"1DVF_AB_CD|YA49A,HD33A",2.625045,2.3568702,2,1
"1DVF_AB_CD|YA49A,ND55A",2.0303695,1.7028948,2,1
1DVF_AB_CD|YA50A,0.6877736,1.477857,2,1
1DVF_AB_CD|YB101F,2.0123136,1.5898427,2,1
1DVF_AB_CD|YB32A,1.8314707,1.1689452,2,1
1DVF_AB_CD|YC49A,1.8606005,1.6194152,2,1
1DVF_AB_CD|YD102A,4.0,3.9016395,2,1
1MHP_HL_A|FH99W,0.0,0.10210954,2,1
1MHP_HL_A|FH99Y,0.75466895,-0.21264127,2,1
1MHP_HL_A|GH100F,0.38901797,-0.10714015,2,1
1MHP_HL_A|GH100L,2.727121,-0.106576696,2,1
1MHP_HL_A|GH100M,0.10213403,-0.07097234,2,1
1MHP_HL_A|GH100S,0.5577475,0.36381912,2,1
1MHP_HL_A|GH53A,0.5126066,0.22675745,2,1
1MHP_HL_A|GH53N,1.2553134,-0.36280912,2,1
1MHP_HL_A|GH53S,0.6755934,-0.13671182,2,1
1MHP_HL_A|GH54I,1.3635606,-0.42424586,2,1
1MHP_HL_A|GH54T,1.1641668,-0.49018833,2,1
1MHP_HL_A|GH54Y,0.0,-0.93428,2,1
1MHP_HL_A|GL91Q,1.572685,-0.3413652,2,1
1MHP_HL_A|GL91S,0.5126066,0.44854483,2,1
1MHP_HL_A|HL30K,1.1641668,0.40103552,2,1
1MHP_HL_A|HL30R,1.1237977,-1.0091599,2,1
1MHP_HL_A|HL30W,1.2553134,-0.77422756,2,1
1MHP_HL_A|KH64D,-0.17144196,-1.0239302,2,1
1MHP_HL_A|KH64E,-0.07761467,-0.6385468,2,1
"1MHP_HL_A|KH64E,SL27Q",-0.85684633,-0.19165228,2,1
"1MHP_HL_A|KH64E,SL27Q,NL51Y",-1.0191593,-0.20446822,2,1
1MHP_HL_A|KH64N,-0.03627145,-0.84557277,2,1
1MHP_HL_A|KH64Q,-0.07761467,-0.251645,2,1
1MHP_HL_A|LH60D,-0.061319917,-1.2524974,2,1
"1MHP_HL_A|LH60D,KH64E",-0.1418005,-1.1324944,2,1
"1MHP_HL_A|LH60D,KH64Q",0.042989343,-0.8592688,2,1
1MHP_HL_A|LL48F,0.71227974,-0.76286423,2,1
1MHP_HL_A|LL48K,0.8612009,0.3762417,2,1
1MHP_HL_A|LL48W,1.9075676,-0.7299046,2,1
1MHP_HL_A|NL29V,1.0493295,0.6154819,2,1
1MHP_HL_A|NL29W,1.572685,0.035790604,2,1
1MHP_HL_A|NL29Y,1.9075676,-0.7175012,2,1
"1MHP_HL_A|NL29Y,SL90I",0.43436813,-1.2877715,2,1
1MHP_HL_A|NL51D,0.5007625,-0.4995322,2,1
1MHP_HL_A|NL51E,-0.08868487,-0.02057046,2,1
1MHP_HL_A|NL51K,0.65751,0.7336442,2,1
1MHP_HL_A|NL51R,0.84484076,0.41066307,2,1
1MHP_HL_A|NL51Y,-0.05162489,0.02515586,2,1
1MHP_HL_A|RH31Q,1.3073281,-0.010341417,2,1
1MHP_HL_A|SH35A,1.572685,0.89970165,2,1
"1MHP_HL_A|SH35A,GH102S",1.572685,0.79639393,2,1
1MHP_HL_A|SH35Q,2.727121,0.107457414,2,1
"1MHP_HL_A|SH35V,GH102S",1.4256749,-0.108702004,2,1
1MHP_HL_A|SH52M,2.0758402,-0.08793226,2,1
1MHP_HL_A|SL23R,-0.21533228,-0.17418653,2,1
1MHP_HL_A|SL27Q,-0.6661127,0.23984678,2,1
1MHP_HL_A|SL90Q,1.7740332,-0.73546714,2,1
1MHP_HL_A|SL90T,2.3166485,-0.63099784,2,1
"1MHP_HL_A|TH33E,GH53Q",1.6674565,-0.0955151,2,1
"1MHP_HL_A|TH33I,SH52T,GH53N,GH54N",1.9075676,-0.40558162,2,1
"1MHP_HL_A|TH33I,SH52T,GH53Q,GH54F",1.2553134,-0.87234783,2,1
1MHP_HL_A|TH33N,2.727121,0.6039235,2,1
1MHP_HL_A|TH33V,0.43436813,1.304634,2,1
1MHP_HL_A|TH50V,-0.13159887,0.6485396,2,1
"1MHP_HL_A|TH50V,GH102S",1.6674565,0.078461155,2,1
"1MHP_HL_A|TH50V,KH64E",-0.1805197,-0.15257159,2,1
"1MHP_HL_A|TH50V,KH64E,SL27Q,NL51E",-1.267319,-0.16449916,2,1
"1MHP_HL_A|TH50V,KH64E,SL27Q,NL51Y",-1.0844951,-0.17678829,2,1
"1MHP_HL_A|TH50V,SH35A",2.0758402,0.8255736,2,1
"1MHP_HL_A|TH50V,SH35V",2.727121,0.15858412,2,1
"1MHP_HL_A|TH50V,SL27Q",-0.6946839,0.39721486,2,1
"1MHP_HL_A|TH50V,SL27Q,NL51Y",-1.0235296,0.24739216,2,1
1MHP_HL_A|WL89Q,2.0758402,1.1519737,2,1
"1MHP_HL_A|WL89Q,FL32Y",0.871019,0.4927248,2,1
1MHP_HL_A|YH58E,2.0758402,0.6686131,2,1
1MHP_HL_A|YH58Q,2.0758402,0.41980362,2,1
1MHP_HL_A|YH58W,0.82094526,0.0010864772,2,1
1MHP_HL_A|YH59E,0.54400706,0.27942568,2,1
1N8Z_AB_C|DB102W,-0.71302944,0.058064755,2,1
1N8Z_AB_C|FC539A,0.035102826,0.6348587,2,1
1N8Z_AB_C|HA91F,0.034232877,-0.9771243,2,1
1N8Z_AB_C|LC509A,-0.023045197,0.53083163,2,1
1N8Z_AB_C|NA30S,0.06666317,0.319465,2,1
"1N8Z_AB_C|NA30S,HA91F,YA92W",-0.07476232,-0.49169868,2,1
"1N8Z_AB_C|NA30S,HA91F,YA92W,TA94S,DB102W,YB105F,YB109V",0.050661404,-0.5786046,2,1
1N8Z_AB_C|RB50A,2.9754758,2.587923,2,1
1N8Z_AB_C|RB59A,1.8037988,1.5417441,2,1
1N8Z_AB_C|SC535A,0.030827092,-0.015241474,2,1
1N8Z_AB_C|TA94S,0.32168603,0.33977416,2,1
1N8Z_AB_C|VC536A,0.008972699,-0.03272029,2,1
1N8Z_AB_C|YB105F,0.8540034,1.3187544,2,1
1N8Z_AB_C|YB109V,0.23192272,0.28073248,2,1
1XGQ_AB_C|VB33A,1.1525793,1.7282811,2,1
1XGQ_AB_C|VB33F,-2.9080825,-3.0373774,2,1
1XGQ_AB_C|VB33I,-1.1076277,-1.7805094,2,1
1XGQ_AB_C|VB33L,-1.0463123,-2.1278198,2,1
1YQV_HL_Y|RY45K,1.8995041,-0.89388806,2,1
"1YQV_HL_Y|RY68K,TY40S,IY55V,SY91T",4.0,1.4888109,2,1
"1YQV_HL_Y|RY68K,TY40S,IY55V,SY91T,QY121H",0.0,1.5014147,2,1
1YY9_CD_A|AC25P,0.07225565,-1.2016076,2,1
1YY9_CD_A|AD98P,1.0372273,-1.2265413,2,1
1YY9_CD_A|GD54P,0.26807046,0.010925692,2,1
1YY9_CD_A|LD29P,0.030827092,-0.5481015,2,1
1YY9_CD_A|NC93A,-0.74186975,0.35579333,2,1
1YY9_CD_A|ND56A,-0.057046015,0.3206576,2,1
1YY9_CD_A|SC26D,-0.19925442,-0.44466144,2,1
"1YY9_CD_A|SC26D,TC31E,NC93A",-1.3329437,-0.53249544,2,1
"1YY9_CD_A|SC26D,TC31E,NC93A,ND56A,TD61E",-0.6517935,-0.8914524,2,1
1YY9_CD_A|SC26P,-0.009110746,-0.48261905,2,1
1YY9_CD_A|SC28P,-0.22229962,-0.5503298,2,1
1YY9_CD_A|SC54P,-0.018363854,-0.3405251,2,1
1YY9_CD_A|SD53P,0.8175451,-0.41090783,2,1
1YY9_CD_A|TC31E,-0.51892465,0.10091145,2,1
"1YY9_CD_A|TC31E,NC93A",-0.81853306,0.2846441,2,1
1YY9_CD_A|TC96P,4.0,-0.18114324,2,1
1YY9_CD_A|TD61E,-0.057046015,0.10371381,2,1
1YY9_CD_A|WD52P,1.4782712,0.33575848,2,1
1YY9_CD_A|YD101P,1.6514195,0.27801818,2,1
3NPS_A_BC|DA214A,1.466743,0.48680338,2,1
3NPS_A_BC|DA46A,0.3399866,0.19695456,2,1
3NPS_A_BC|DA47A,1.0674704,0.9710526,2,1
3NPS_A_BC|DA91A,1.5070341,1.0404687,2,1
3NPS_A_BC|EA163A,0.61534816,0.23862417,2,1
3NPS_A_BC|FA50A,0.21957076,0.56238085,2,1
3NPS_A_BC|FA89A,1.5714045,1.4939353,2,1
3NPS_A_BC|FA92A,0.46353978,1.4239225,2,1
3NPS_A_BC|HA138A,1.8750918,1.2566606,2,1
3NPS_A_BC|IA26A,0.6415425,0.47973618,2,1
3NPS_A_BC|IA45A,-0.33181784,0.041347843,2,1
3NPS_A_BC|KA221A,-0.10361039,0.6600911,2,1
3NPS_A_BC|LA147A,0.29573628,-0.013726208,2,1
3NPS_A_BC|NA90A,0.25341922,0.19122927,2,1
3NPS_A_BC|QA140A,0.29573628,0.42822632,2,1
3NPS_A_BC|QA168A,-0.059223834,0.2802698,2,1
3NPS_A_BC|QA169A,0.7409076,1.3970112,2,1
3NPS_A_BC|QA218A,-0.040916756,0.06882733,2,1
3NPS_A_BC|QA23A,0.026323749,0.19094415,2,1
3NPS_A_BC|RA219A,-0.08390186,-0.39384457,2,1
3NPS_A_BC|RA48A,-1.062741,0.54727215,2,1
3NPS_A_BC|RA51A,0.13816836,0.23040111,2,1
3NPS_A_BC|RA82A,-0.15159543,-0.14672798,2,1
3NPS_A_BC|TA144A,0.17497002,0.5254254,2,1
3NPS_A_BC|TA93A,0.72381234,1.1750637,2,1
3NPS_A_BC|YA141A,1.7748737,1.7717819,2,1
3NPS_A_BC|YA52A,0.4518898,0.0971982,2,1
3W2D_A_HL|KA67N,4.0,0.21443714,2,1
3W2D_A_HL|KA67R,-0.42812017,1.1184995,2,1
3W2D_A_HL|YA45F,0.8779443,-0.35556862,2,1
3W2D_A_HL|YA45L,2.3647563,1.3006852,2,1
"4KRO_A_B|DA321T,FA323A",0.1269707,-0.035303537,2,1
"4KRP_A_B|DA277T,FA279A",0.35829666,-0.079434566,2,1
4NM8_ABCDEF_HL|DB19N,0.66149956,1.6663394,2,1
4NM8_ABCDEF_HL|IB18M,0.10977998,1.4643964,2,1
4NM8_ABCDEF_HL|LB38Y,-0.6151596,-0.07373883,2,1
4NM8_ABCDEF_HL|QB34R,2.9754758,1.7673922,2,1
4NM8_ABCDEF_HL|QB34T,2.3309386,1.4901115,2,1
4NM8_ABCDEF_HL|RB25M,3.442353,1.1636006,2,1
4NM8_ABCDEF_HL|TB32E,-0.5517196,-0.5860288,2,1
4NM8_ABCDEF_HL|TB32I,-0.050205972,1.4736834,2,1
4NM8_ABCDEF_HL|TB32R,1.2211944,1.1836184,2,1
1DVF_AB_CD|DB100A,2.7895143,1.7200752,2,2
"1DVF_AB_CD|DB100A,DD52A",4.0,1.912224,2,2
"1DVF_AB_CD|DB100A,HD33A",4.0,2.6070025,2,2
"1DVF_AB_CD|DB100A,ND55A",4.0,1.7102981,2,2
1DVF_AB_CD|DB54A,4.0,1.804203,2,2
"1DVF_AB_CD|DB54A,YC49A",4.0,2.9426033,2,2
1DVF_AB_CD|DB58A,1.6000048,0.8893704,2,2
"1DVF_AB_CD|DB58A,QD104A",1.4641725,1.9342871,2,2
1DVF_AB_CD|DD52A,1.6822901,1.3358018,2,2
1DVF_AB_CD|EB98A,4.0,1.508764,2,2
"1DVF_AB_CD|EB98A,YD102A",4.0,3.9191785,2,2
1DVF_AB_CD|HA30A,1.6493824,0.45645472,2,2
1DVF_AB_CD|HD33A,1.8606005,2.2810576,2,2
1DVF_AB_CD|ID101A,2.6815457,1.165828,2,2
1DVF_AB_CD|KD30A,1.0035173,0.5647572,2,2
1DVF_AB_CD|NB56A,1.1624389,0.35725442,2,2
"1DVF_AB_CD|NB56A,HD33A",2.5259995,2.0531213,2,2
"1DVF_AB_CD|NB56A,ND55A",2.3010929,1.0662724,2,2
"1DVF_AB_CD|NB56A,QD104A",1.4868644,2.3186507,2,2
1DVF_AB_CD|ND55A,1.8606005,1.0909622,2,2
1DVF_AB_CD|QD104A,1.6287225,1.851862,2,2
1DVF_AB_CD|RB99A,1.8746451,0.7454812,2,2
1DVF_AB_CD|RD106A,4.0,1.5154468,2,2
1DVF_AB_CD|SA93A,1.1624389,0.51988727,2,2
1DVF_AB_CD|TB30A,0.9075126,0.31558767,2,2
1DVF_AB_CD|WA92A,0.34072307,2.7136822,2,2
1DVF_AB_CD|WB52A,4.0,2.128372,2,2
"1DVF_AB_CD|WB52A,QD104A",4.0,3.3009803,2,2
1DVF_AB_CD|YA32A,2.0303695,1.2718996,2,2
"1DVF_AB_CD|YA32A,RD106A",4.0,2.2189126,2,2
1DVF_AB_CD|YA49A,1.6785902,1.4816948,2,2
"1DVF_AB_CD|YA49A,HD33A",2.625045,2.5536716,2,2
"1DVF_AB_CD|YA49A,ND55A",2.0303695,1.7461648,2,2
1DVF_AB_CD|YA50A,0.6877736,1.0935403,2,2
1DVF_AB_CD|YB101F,2.0123136,0.92657983,2,2
1DVF_AB_CD|YB32A,1.8314707,1.2079309,2,2
1DVF_AB_CD|YC49A,1.8606005,1.5631493,2,2
1DVF_AB_CD|YD102A,4.0,3.5265882,2,2
1MHP_HL_A|FH99W,0.0,-0.014378293,2,2
1MHP_HL_A|FH99Y,0.75466895,-0.1694072,2,2
1MHP_HL_A|GH100F,0.38901797,-0.6784382,2,2
1MHP_HL_A|GH100L,2.727121,-0.30741408,2,2
1MHP_HL_A|GH100M,0.10213403,-0.17100422,2,2
1MHP_HL_A|GH100S,0.5577475,-0.036862347,2,2
1MHP_HL_A|GH53A,0.5126066,0.7012092,2,2
1MHP_HL_A|GH53N,1.2553134,0.08391263,2,2
1MHP_HL_A|GH53S,0.6755934,-0.3023394,2,2
1MHP_HL_A|GH54I,1.3635606,-0.6472432,2,2
1MHP_HL_A|GH54T,1.1641668,-0.25117397,2,2
1MHP_HL_A|GH54Y,0.0,-0.99190897,2,2
1MHP_HL_A|GL91Q,1.572685,-0.40998453,2,2
1MHP_HL_A|GL91S,0.5126066,0.10457146,2,2
1MHP_HL_A|HL30K,1.1641668,1.50515,2,2
1MHP_HL_A|HL30R,1.1237977,-0.683863,2,2
1MHP_HL_A|HL30W,1.2553134,-0.78211296,2,2
1MHP_HL_A|KH64D,-0.17144196,-0.5443204,2,2
1MHP_HL_A|KH64E,-0.07761467,-0.22870585,2,2
"1MHP_HL_A|KH64E,SL27Q",-0.85684633,-0.6227608,2,2
"1MHP_HL_A|KH64E,SL27Q,NL51Y",-1.0191593,-0.88557327,2,2
1MHP_HL_A|KH64N,-0.03627145,-0.21271978,2,2
1MHP_HL_A|KH64Q,-0.07761467,-0.25520512,2,2
1MHP_HL_A|LH60D,-0.061319917,-0.9858542,2,2
"1MHP_HL_A|LH60D,KH64E",-0.1418005,-0.9030323,2,2
"1MHP_HL_A|LH60D,KH64Q",0.042989343,-0.9426013,2,2
1MHP_HL_A|LL48F,0.71227974,-0.5082211,2,2
1MHP_HL_A|LL48K,0.8612009,0.9408101,2,2
1MHP_HL_A|LL48W,1.9075676,-0.17721482,2,2
1MHP_HL_A|NL29V,1.0493295,-0.6059293,2,2
1MHP_HL_A|NL29W,1.572685,-1.2651838,2,2
1MHP_HL_A|NL29Y,1.9075676,-1.6020846,2,2
"1MHP_HL_A|NL29Y,SL90I",0.43436813,-2.1259882,2,2
1MHP_HL_A|NL51D,0.5007625,-0.38348004,2,2
1MHP_HL_A|NL51E,-0.08868487,0.020697542,2,2
1MHP_HL_A|NL51K,0.65751,0.64472795,2,2
1MHP_HL_A|NL51R,0.84484076,-0.16171873,2,2
1MHP_HL_A|NL51Y,-0.05162489,-0.36001506,2,2
1MHP_HL_A|RH31Q,1.3073281,-0.09466876,2,2
1MHP_HL_A|SH35A,1.572685,0.8090662,2,2
"1MHP_HL_A|SH35A,GH102S",1.572685,0.99510497,2,2
1MHP_HL_A|SH35Q,2.727121,-0.31750455,2,2
"1MHP_HL_A|SH35V,GH102S",1.4256749,0.38936377,2,2
1MHP_HL_A|SH52M,2.0758402,0.05958126,2,2
1MHP_HL_A|SL23R,-0.21533228,-0.0737421,2,2
1MHP_HL_A|SL27Q,-0.6661127,-0.2232124,2,2
1MHP_HL_A|SL90Q,1.7740332,-0.5185418,2,2
1MHP_HL_A|SL90T,2.3166485,0.094103344,2,2
"1MHP_HL_A|TH33E,GH53Q",1.6674565,-0.5274694,2,2
"1MHP_HL_A|TH33I,SH52T,GH53N,GH54N",1.9075676,0.88692445,2,2
"1MHP_HL_A|TH33I,SH52T,GH53Q,GH54F",1.2553134,-1.2816707,2,2
1MHP_HL_A|TH33N,2.727121,0.8373642,2,2
1MHP_HL_A|TH33V,0.43436813,0.57699275,2,2
1MHP_HL_A|TH50V,-0.13159887,0.32156885,2,2
"1MHP_HL_A|TH50V,GH102S",1.6674565,0.00886275,2,2
"1MHP_HL_A|TH50V,KH64E",-0.1805197,-0.21096738,2,2
"1MHP_HL_A|TH50V,KH64E,SL27Q,NL51E",-1.267319,-0.5785099,2,2
"1MHP_HL_A|TH50V,KH64E,SL27Q,NL51Y",-1.0844951,-0.85964704,2,2
"1MHP_HL_A|TH50V,SH35A",2.0758402,0.3765771,2,2
"1MHP_HL_A|TH50V,SH35V",2.727121,0.13522176,2,2
"1MHP_HL_A|TH50V,SL27Q",-0.6946839,-0.26704282,2,2
"1MHP_HL_A|TH50V,SL27Q,NL51Y",-1.0235296,-0.6852132,2,2
1MHP_HL_A|WL89Q,2.0758402,0.8815023,2,2
"1MHP_HL_A|WL89Q,FL32Y",0.871019,1.1079174,2,2
1MHP_HL_A|YH58E,2.0758402,0.6834954,2,2
1MHP_HL_A|YH58Q,2.0758402,0.3537287,2,2
1MHP_HL_A|YH58W,0.82094526,0.088636495,2,2
1MHP_HL_A|YH59E,0.54400706,0.5470669,2,2
1N8Z_AB_C|DB102W,-0.71302944,-0.066099524,2,2
1N8Z_AB_C|FC539A,0.035102826,1.0793452,2,2
1N8Z_AB_C|HA91F,0.034232877,-0.9657106,2,2
1N8Z_AB_C|LC509A,-0.023045197,0.67922986,2,2
1N8Z_AB_C|NA30S,0.06666317,0.032575928,2,2
"1N8Z_AB_C|NA30S,HA91F,YA92W",-0.07476232,-1.5821424,2,2
"1N8Z_AB_C|NA30S,HA91F,YA92W,TA94S,DB102W,YB105F,YB109V",0.050661404,-1.5725195,2,2
1N8Z_AB_C|RB50A,2.9754758,1.0697608,2,2
1N8Z_AB_C|RB59A,1.8037988,0.78748196,2,2
1N8Z_AB_C|SC535A,0.030827092,0.5075424,2,2
1N8Z_AB_C|TA94S,0.32168603,0.13149644,2,2
1N8Z_AB_C|VC536A,0.008972699,0.48646265,2,2
1N8Z_AB_C|YB105F,0.8540034,0.64102864,2,2
1N8Z_AB_C|YB109V,0.23192272,0.35962746,2,2
1XGQ_AB_C|VB33A,1.1525793,1.8280394,2,2
1XGQ_AB_C|VB33F,-2.9080825,-2.8396635,2,2
1XGQ_AB_C|VB33I,-1.1076277,-1.2696418,2,2
1XGQ_AB_C|VB33L,-1.0463123,-1.5506659,2,2
1YQV_HL_Y|RY45K,1.8995041,-0.38124007,2,2
"1YQV_HL_Y|RY68K,TY40S,IY55V,SY91T",4.0,1.0055513,2,2
"1YQV_HL_Y|RY68K,TY40S,IY55V,SY91T,QY121H",0.0,0.8596188,2,2
1YY9_CD_A|AC25P,0.07225565,-0.65369034,2,2
1YY9_CD_A|AD98P,1.0372273,-1.13172,2,2
1YY9_CD_A|GD54P,0.26807046,-0.7048247,2,2
1YY9_CD_A|LD29P,0.030827092,0.040027626,2,2
1YY9_CD_A|NC93A,-0.74186975,0.42859942,2,2
1YY9_CD_A|ND56A,-0.057046015,0.31957245,2,2
1YY9_CD_A|SC26D,-0.19925442,-0.28208464,2,2
"1YY9_CD_A|SC26D,TC31E,NC93A",-1.3329437,-0.17369296,2,2
"1YY9_CD_A|SC26D,TC31E,NC93A,ND56A,TD61E",-0.6517935,-0.8431476,2,2
1YY9_CD_A|SC26P,-0.009110746,-0.005575888,2,2
1YY9_CD_A|SC28P,-0.22229962,-0.0581317,2,2
1YY9_CD_A|SC54P,-0.018363854,0.09628251,2,2
1YY9_CD_A|SD53P,0.8175451,-0.48422527,2,2
1YY9_CD_A|TC31E,-0.51892465,0.39376667,2,2
"1YY9_CD_A|TC31E,NC93A",-0.81853306,0.11463934,2,2
1YY9_CD_A|TC96P,4.0,0.056885898,2,2
1YY9_CD_A|TD61E,-0.057046015,0.038830504,2,2
1YY9_CD_A|WD52P,1.4782712,0.78465635,2,2
1YY9_CD_A|YD101P,1.6514195,0.7392634,2,2
3NPS_A_BC|DA214A,1.466743,1.0636276,2,2
3NPS_A_BC|DA46A,0.3399866,1.3137993,2,2
3NPS_A_BC|DA47A,1.0674704,1.400903,2,2
3NPS_A_BC|DA91A,1.5070341,0.9224763,2,2
3NPS_A_BC|EA163A,0.61534816,0.20799157,2,2
3NPS_A_BC|FA50A,0.21957076,1.0343444,2,2
3NPS_A_BC|FA89A,1.5714045,1.5771227,2,2
3NPS_A_BC|FA92A,0.46353978,1.7507764,2,2
3NPS_A_BC|HA138A,1.8750918,1.0234925,2,2
3NPS_A_BC|IA26A,0.6415425,0.7312768,2,2
3NPS_A_BC|IA45A,-0.33181784,0.52720445,2,2
3NPS_A_BC|KA221A,-0.10361039,0.49003503,2,2
3NPS_A_BC|LA147A,0.29573628,0.23915514,2,2
3NPS_A_BC|NA90A,0.25341922,0.5114078,2,2
3NPS_A_BC|QA140A,0.29573628,0.588199,2,2
3NPS_A_BC|QA168A,-0.059223834,0.88936394,2,2
3NPS_A_BC|QA169A,0.7409076,1.513117,2,2
3NPS_A_BC|QA218A,-0.040916756,0.6442245,2,2
3NPS_A_BC|QA23A,0.026323749,0.4141216,2,2
3NPS_A_BC|RA219A,-0.08390186,0.04904673,2,2
3NPS_A_BC|RA48A,-1.062741,0.81842816,2,2
3NPS_A_BC|RA51A,0.13816836,0.4568943,2,2
3NPS_A_BC|RA82A,-0.15159543,0.08813135,2,2
3NPS_A_BC|TA144A,0.17497002,0.8585369,2,2
3NPS_A_BC|TA93A,0.72381234,1.1362544,2,2
3NPS_A_BC|YA141A,1.7748737,1.8218111,2,2
3NPS_A_BC|YA52A,0.4518898,0.5777717,2,2
3W2D_A_HL|KA67N,4.0,-0.2742209,2,2
3W2D_A_HL|KA67R,-0.42812017,0.58533496,2,2
3W2D_A_HL|YA45F,0.8779443,-1.448484,2,2
3W2D_A_HL|YA45L,2.3647563,-0.25034258,2,2
"4KRO_A_B|DA321T,FA323A",0.1269707,0.45099494,2,2
"4KRP_A_B|DA277T,FA279A",0.35829666,0.38875955,2,2
4NM8_ABCDEF_HL|DB19N,0.66149956,1.8490803,2,2
4NM8_ABCDEF_HL|IB18M,0.10977998,1.6418129,2,2
4NM8_ABCDEF_HL|LB38Y,-0.6151596,0.41598287,2,2
4NM8_ABCDEF_HL|QB34R,2.9754758,1.2954268,2,2
4NM8_ABCDEF_HL|QB34T,2.3309386,1.1581492,2,2
4NM8_ABCDEF_HL|RB25M,3.442353,1.0580401,2,2
4NM8_ABCDEF_HL|TB32E,-0.5517196,0.5132862,2,2
4NM8_ABCDEF_HL|TB32I,-0.050205972,1.6203026,2,2
4NM8_ABCDEF_HL|TB32R,1.2211944,1.3613222,2,2
"1CZ8_HL_VW|LL4M,DH28T,HH31N,YH101H,TH105S",2.939849,1.5186255,3,0
1KIR_AB_C|SA50Y,-1.3870943,-1.4135818,3,0
1MLC_AB_E|KB65D,0.018548755,-0.6252192,3,0
1MLC_AB_E|NA32G,-0.8773867,0.7246571,3,0
"1MLC_AB_E|NA32G,NA92A",-0.6866531,1.2603531,3,0
"1MLC_AB_E|NA32G,NA92A,SB57V,TB58D",-1.7349738,-0.1502809,3,0
1MLC_AB_E|NA32Y,0.0,-0.8268231,3,0
1MLC_AB_E|NA92A,-1.2533532,1.2776359,3,0
"1MLC_AB_E|NA92A,SB57V,TB58D",-2.394188,-0.062491145,3,0
"1MLC_AB_E|NA92A,TB28D,SB57V,TB58D",-2.5813644,-0.53822106,3,0
"1MLC_AB_E|NA92A,TB28D,SB57V,TB58D,EB35S,GB99D",-2.9539242,-0.5445257,3,0
"1MLC_AB_E|NA92A,TB28D,SB57V,TB58D,GB99D",-0.20357698,-0.38201514,3,0
"1MLC_AB_E|NA92A,TB28D,SB57V,TB58D,NA32L",-2.5843081,-0.63551885,3,0
"1MLC_AB_E|NA92A,TB28D,SB57V,TB58D,RB98M,DB100Q",-0.41047263,-0.54674226,3,0
"1MLC_AB_E|NA92A,TB28D,SB57V,TB58D,SA91N,SA93A",-1.6104395,-0.58693075,3,0
"1MLC_AB_E|NA92A,TB28D,SB57V,TB58D,SB30G",-2.3584673,-0.8447498,3,0
"1MLC_AB_E|NA92A,TB28D,SB57V,TB58D,YB32W,RB98V,DB100Q",0.36138764,-0.5766644,3,0
"1MLC_AB_E|NA92A,TB28D,SB57V,TB58D,YB59E",-1.4661698,-0.31652808,3,0
1MLC_AB_E|SB57A,-0.37902167,0.19801469,3,0
1MLC_AB_E|SB57V,-0.49418068,-0.0384792,3,0
"1MLC_AB_E|SB57V,TB58D",-0.9877286,-0.18111932,3,0
1MLC_AB_E|TB28D,-0.15094383,-0.008474164,3,0
1MLC_AB_E|TB31A,0.44700673,0.4748521,3,0
1MLC_AB_E|TB31V,0.5262404,0.2925853,3,0
1MLC_AB_E|TB31W,0.13214268,-0.65930754,3,0
1MLC_AB_E|TB58D,-0.55968237,-0.09369093,3,0
1NCA_N_LH|DH101K,0.71416,1.8077298,3,0
1NCA_N_LH|EH100D,0.41047263,-0.61269736,3,0
1NCA_N_LH|NH102Q,0.5426153,0.8798812,3,0
1NCA_N_LH|NH31Q,0.0,1.1791615,3,0
1NMB_N_LH|DH57E,2.9536283,0.77914965,3,0
1NMB_N_LH|DH57N,2.9536283,0.36136645,3,0
1NMB_N_LH|LL94V,0.9000208,0.42021546,3,0
1NMB_N_LH|TL93F,-0.023903161,-0.58277863,3,0
1NMB_N_LH|TL93W,0.18419003,-1.1272308,3,0
1NMB_N_LH|YH103A,2.14062,0.94965804,3,0
1NMB_N_LH|YH105F,1.4194101,1.988384,3,0
1NMB_N_LH|YL32F,0.46632215,2.238182,3,0
1VFB_AB_C|DB100A,3.005002,2.7699819,3,0
"1VFB_AB_C|DB100A,SC24A",3.369756,3.4206715,3,0
1VFB_AB_C|DB54A,0.8151114,1.5536723,3,0
"1VFB_AB_C|DB54A,TC118A",1.2546439,1.8283681,3,0
1VFB_AB_C|DB58A,-0.20700333,1.1370853,3,0
1VFB_AB_C|DB58E,0.078081094,0.46941537,3,0
1VFB_AB_C|DB58N,-0.12818155,0.29341957,3,0
1VFB_AB_C|DC119A,0.9530879,2.1576345,3,0
1VFB_AB_C|DC18A,0.34013057,2.5964875,3,0
1VFB_AB_C|EB98A,1.1565572,2.170862,3,0
1VFB_AB_C|GB31A,0.30646533,1.1296556,3,0
1VFB_AB_C|GB31E,-0.5097613,0.90972346,3,0
1VFB_AB_C|GB31W,0.0039611305,0.9996968,3,0
1VFB_AB_C|HA30A,0.84488255,1.302202,3,0
1VFB_AB_C|IC124A,1.2314179,0.86426383,3,0
1VFB_AB_C|KC116A,0.7134504,2.0105133,3,0
1VFB_AB_C|LC129A,0.17154472,0.22302704,3,0
1VFB_AB_C|NA31W,0.17432266,0.5774102,3,0
1VFB_AB_C|NB56A,0.17771798,0.57079333,3,0
1VFB_AB_C|NC19A,0.3960868,1.2608634,3,0
1VFB_AB_C|QC121A,2.876998,1.0482073,3,0
1VFB_AB_C|RB99A,-0.099735305,1.7006176,3,0
1VFB_AB_C|RB99W,0.7049742,-0.06076497,3,0
1VFB_AB_C|RB99Y,1.235379,-0.7607631,3,0
1VFB_AB_C|RC125A,1.8368999,1.2105613,3,0
1VFB_AB_C|SA93A,0.34312394,0.97232467,3,0
1VFB_AB_C|SB28D,0.0,-0.38080937,3,0
1VFB_AB_C|SB28E,-0.104007296,-0.19522853,3,0
1VFB_AB_C|SB28N,0.14394745,-0.4222205,3,0
1VFB_AB_C|SB28Q,0.078081094,0.21952747,3,0
1VFB_AB_C|SC24A,0.850965,1.2756708,3,0
1VFB_AB_C|TA52F,0.4708752,0.114753455,3,0
1VFB_AB_C|TA53R,1.6458516,0.22006078,3,0
1VFB_AB_C|TB30A,-0.05584954,0.017158601,3,0
1VFB_AB_C|TC118A,0.7650957,0.64074475,3,0
1VFB_AB_C|VC120A,0.9169499,0.7522472,3,0
1VFB_AB_C|WA92A,3.037848,2.4424045,3,0
"1VFB_AB_C|WA92A,IC124A",3.8503337,2.9508882,3,0
"1VFB_AB_C|WA92A,LC129A",3.3073628,1.9354857,3,0
"1VFB_AB_C|WA92A,QC121A",3.5189366,3.3518429,3,0
"1VFB_AB_C|WA92A,RC125A",3.3932896,3.0801716,3,0
1VFB_AB_C|WB52A,0.6406274,3.0916295,3,0
"1VFB_AB_C|WB52A,DC119A",2.2473724,4.08751,3,0
1VFB_AB_C|YA32A,1.5281335,2.3416595,3,0
"1VFB_AB_C|YA32A,IC124A",2.9057157,2.2958424,3,0
"1VFB_AB_C|YA32A,QC121A",1.586041,2.8137994,3,0
1VFB_AB_C|YA49A,0.79754156,2.26361,3,0
1VFB_AB_C|YA50A,0.456086,2.7669413,3,0
"1VFB_AB_C|YA50A,DC119A",1.2314179,3.6666682,3,0
"1VFB_AB_C|YA50A,DC18A",1.265924,3.9476306,3,0
1VFB_AB_C|YA50K,1.7156012,1.9538121,3,0
1VFB_AB_C|YA50R,0.8443241,1.531475,3,0
1VFB_AB_C|YB101F,1.2695644,2.8047879,3,0
"1VFB_AB_C|YB101F,DC119A",2.736521,3.7310064,3,0
"1VFB_AB_C|YB101F,VC120A",2.5384777,2.5867703,3,0
1VFB_AB_C|YB32A,0.7916793,1.6400499,3,0
"1VFB_AB_C|YB32A,KC116A",1.586041,2.6721914,3,0
1VFB_AB_C|YB32E,1.9021881,1.4250647,3,0
1VFB_AB_C|YC23A,0.41047263,1.4914527,3,0
1XGP_AB_C|AB33F,-4.0,-2.3551013,3,0
1XGP_AB_C|AB33I,-2.260207,-1.95295,3,0
1XGP_AB_C|AB33L,-2.1988916,-1.9498982,3,0
1XGP_AB_C|AB33V,-1.1525793,-0.8145904,3,0
2JEL_LH_P|AP82S,0.0,-0.20603892,3,0
2JEL_LH_P|DP69E,0.9530879,1.6944765,3,0
2JEL_LH_P|EP5D,0.41047263,-0.83011264,3,0
2JEL_LH_P|EP5Q,0.7129768,-0.04347135,3,0
2JEL_LH_P|EP68A,0.41047263,0.46251857,3,0
2JEL_LH_P|EP75R,2.727121,0.549032,3,0
2JEL_LH_P|EP83A,0.0,0.31546536,3,0
2JEL_LH_P|EP85A,0.0,0.020288516,3,0
2JEL_LH_P|EP85D,0.0,-0.3158084,3,0
2JEL_LH_P|EP85K,0.0,-0.10554257,3,0
2JEL_LH_P|EP85Q,0.0,-0.0056162737,3,0
2JEL_LH_P|FP2W,2.6191528,2.3066483,3,0
2JEL_LH_P|FP2Y,0.0,0.42660505,3,0
2JEL_LH_P|HP76A,-0.41047263,1.1716391,3,0
2JEL_LH_P|HP76D,-0.65058374,-0.38507035,3,0
2JEL_LH_P|KP24E,0.0,1.803461,3,0
2JEL_LH_P|KP27E,0.0,1.4456459,3,0
2JEL_LH_P|KP72E,0.41047263,0.56537247,3,0
2JEL_LH_P|KP72R,0.0,0.9937293,3,0
2JEL_LH_P|KP79E,0.41047263,1.5690416,3,0
2JEL_LH_P|NP12D,0.0,-0.2631781,3,0
2JEL_LH_P|NP38T,0.0,0.5534468,3,0
2JEL_LH_P|PP11E,0.0,0.043958437,3,0
2JEL_LH_P|QP3K,4.0,-0.498059,3,0
2JEL_LH_P|QP4K,1.3635606,-1.0096316,3,0
2JEL_LH_P|QP57E,-0.41047263,0.44548678,3,0
2JEL_LH_P|QP71E,2.727121,0.4476,3,0
2JEL_LH_P|RP17G,0.0,0.6682821,3,0
2JEL_LH_P|RP17K,0.0,0.050014634,3,0
2JEL_LH_P|SP41C,1.4957032,1.2270045,3,0
2JEL_LH_P|SP43C,0.0,0.66080284,3,0
2JEL_LH_P|SP46C,0.0,1.18384,3,0
2JEL_LH_P|SP64T,4.0,0.48576188,3,0
2JEL_LH_P|TP34Q,0.0,0.22411309,3,0
2JEL_LH_P|TP36Q,0.41047263,0.4089829,3,0
2JEL_LH_P|TP62A,0.0,1.4904867,3,0
2JEL_LH_P|TP62N,0.0,1.4795201,3,0
2JEL_LH_P|TP7N,0.41047263,0.85653836,3,0
2JEL_LH_P|TP7S,0.0,0.02112576,3,0
2JEL_LH_P|VP6F,0.0,-0.55845004,3,0
"2NY7_HL_G|CG27I,CG226Q",0.19971907,-1.1955178,3,0
"2NY7_HL_G|CG27I,CG226Q,MG231A",0.20319231,-1.2339971,3,0
"2NY7_HL_G|GG229C,MG231A",-0.37879732,0.29767725,3,0
"2NY7_HL_G|GG229C,WG13M,MG231A,CG14W,CG110V,CG27I,CG226Q",0.21462485,-2.4633944,3,0
"2NY7_HL_G|KG66C,EG102C,CG27I,CG226Q",0.04085667,-1.5845555,3,0
"2NY7_HL_G|KG66C,EG102C,WG13M,MG231A,CG14W,CG110V,CG27I,CG226Q",0.3998023,-2.346297,3,0
"2NY7_HL_G|KG66C,EG103C,WG13M,MG231A,CG14W,CG110V,CG27I,CG226Q",0.29989544,-2.3843389,3,0
"2NY7_HL_G|WG13M,MG231A,CG14W,CG110V",1.1574335,-0.55677265,3,0
"2NY7_HL_G|WG13M,MG231A,CG14W,CG110V,CG27I,CG226Q",0.44904727,-2.4112937,3,0
"2NY7_HL_G|WG13M,MG231A,CG14W,CG110V,KG66C,EG102C",0.55101526,0.55711627,3,0
"2NY7_HL_G|WG13M,SG92T,WG181S,MG231A,CG14W,CG110V,CG27I,CG226Q",-0.3035898,-2.8960001,3,0
3BN9_B_CD|DB214A,0.5662115,1.9697247,3,0
3BN9_B_CD|DB46A,0.42238826,1.6819838,3,0
3BN9_B_CD|DB47A,0.31110755,1.3225768,3,0
3BN9_B_CD|EB163A,0.37321588,0.35721993,3,0
3BN9_B_CD|FB50A,-0.044997852,1.2102977,3,0
3BN9_B_CD|FB89A,0.6392419,2.3952668,3,0
3BN9_B_CD|HB138A,0.085063316,1.1474156,3,0
3BN9_B_CD|IB26A,0.0,0.6132482,3,0
3BN9_B_CD|IB45A,0.8352155,0.5903778,3,0
3BN9_B_CD|KB221A,0.7849689,0.9667706,3,0
3BN9_B_CD|LB147A,0.33619216,-0.14415953,3,0
3BN9_B_CD|NB90A,0.7733444,1.2257128,3,0
3BN9_B_CD|PD104H,2.4272547,-0.27974936,3,0
3BN9_B_CD|QB140A,0.1331048,0.6150738,3,0
3BN9_B_CD|QB168A,-0.03469869,0.5665906,3,0
3BN9_B_CD|QB169A,2.5089848,1.12764,3,0
3BN9_B_CD|QB218A,0.70571065,0.5438819,3,0
3BN9_B_CD|QB23A,-0.41530684,0.28136638,3,0
3BN9_B_CD|QD105V,1.2241027,-0.22108461,3,0
3BN9_B_CD|RB219A,-0.093698174,0.2845689,3,0
3BN9_B_CD|RB48A,-0.044997852,1.4825236,3,0
3BN9_B_CD|RB51A,-0.07155777,0.74947214,3,0
3BN9_B_CD|RB82A,-0.15923285,0.5550018,3,0
3BN9_B_CD|SD30G,1.1861069,-0.46764117,3,0
3BN9_B_CD|SD30N,1.145505,-0.3141843,3,0
3BN9_B_CD|TB144A,0.2908351,0.25649777,3,0
3BN9_B_CD|TB93A,1.1320528,1.5003548,3,0
3BN9_B_CD|TD102Q,-0.02153644,0.048633274,3,0
3BN9_B_CD|TD102R,-0.058294915,-0.28981113,3,0
3BN9_B_CD|TD28R,0.33290586,0.1958725,3,0
3BN9_B_CD|YB141A,1.0846525,2.7117066,3,0
3BN9_B_CD|YB52A,0.018951595,1.1446569,3,0
3BN9_B_CD|YD103S,0.45868576,1.4516509,3,0
4GXU_ABCDEF_MN|DA189E,2.1650882,3.0096498,3,0
"4GXU_ABCDEF_MN|DA189E,DA224G",3.0102077,2.5584667,3,0
4GXU_ABCDEF_MN|DA224G,1.9608781,1.3232207,3,0
"1CZ8_HL_VW|LL4M,DH28T,HH31N,YH101H,TH105S",2.939849,-0.19767724,3,1
1KIR_AB_C|SA50Y,-1.3870943,-0.021987557,3,1
1MLC_AB_E|KB65D,0.018548755,-0.034848265,3,1
1MLC_AB_E|NA32G,-0.8773867,-0.26127034,3,1
"1MLC_AB_E|NA32G,NA92A",-0.6866531,-0.16439462,3,1
"1MLC_AB_E|NA32G,NA92A,SB57V,TB58D",-1.7349738,-0.090432644,3,1
1MLC_AB_E|NA32Y,0.0,-0.23375794,3,1
1MLC_AB_E|NA92A,-1.2533532,0.019933745,3,1
"1MLC_AB_E|NA92A,SB57V,TB58D",-2.394188,0.039390437,3,1
"1MLC_AB_E|NA92A,TB28D,SB57V,TB58D",-2.5813644,-0.071622804,3,1
"1MLC_AB_E|NA92A,TB28D,SB57V,TB58D,EB35S,GB99D",-2.9539242,-0.1443463,3,1
"1MLC_AB_E|NA92A,TB28D,SB57V,TB58D,GB99D",-0.20357698,-0.108934626,3,1
"1MLC_AB_E|NA92A,TB28D,SB57V,TB58D,NA32L",-2.5843081,-0.07267369,3,1
"1MLC_AB_E|NA92A,TB28D,SB57V,TB58D,RB98M,DB100Q",-0.41047263,-0.14197731,3,1
"1MLC_AB_E|NA92A,TB28D,SB57V,TB58D,SA91N,SA93A",-1.6104395,-0.021588985,3,1
"1MLC_AB_E|NA92A,TB28D,SB57V,TB58D,SB30G",-2.3584673,-0.14908138,3,1
"1MLC_AB_E|NA92A,TB28D,SB57V,TB58D,YB32W,RB98V,DB100Q",0.36138764,-0.15406063,3,1
"1MLC_AB_E|NA92A,TB28D,SB57V,TB58D,YB59E",-1.4661698,-0.0844501,3,1
1MLC_AB_E|SB57A,-0.37902167,0.027940959,3,1
1MLC_AB_E|SB57V,-0.49418068,-0.11550145,3,1
"1MLC_AB_E|SB57V,TB58D",-0.9877286,-0.07079947,3,1
1MLC_AB_E|TB28D,-0.15094383,-0.14150101,3,1
1MLC_AB_E|TB31A,0.44700673,0.12510288,3,1
1MLC_AB_E|TB31V,0.5262404,0.017089054,3,1
1MLC_AB_E|TB31W,0.13214268,-0.16752043,3,1
1MLC_AB_E|TB58D,-0.55968237,-0.08228418,3,1
1NCA_N_LH|DH101K,0.71416,-0.09983544,3,1
1NCA_N_LH|EH100D,0.41047263,0.03374759,3,1
1NCA_N_LH|NH102Q,0.5426153,-0.20217064,3,1
1NCA_N_LH|NH31Q,0.0,-0.06327372,3,1
1NMB_N_LH|DH57E,2.9536283,-0.09947837,3,1
1NMB_N_LH|DH57N,2.9536283,-0.15643987,3,1
1NMB_N_LH|LL94V,0.9000208,-0.08428081,3,1
1NMB_N_LH|TL93F,-0.023903161,-0.18956022,3,1
1NMB_N_LH|TL93W,0.18419003,-0.19677496,3,1
1NMB_N_LH|YH103A,2.14062,0.17669168,3,1
1NMB_N_LH|YH105F,1.4194101,-0.0055932105,3,1
1NMB_N_LH|YL32F,0.46632215,-0.030054756,3,1
1VFB_AB_C|DB100A,3.005002,0.014131837,3,1
"1VFB_AB_C|DB100A,SC24A",3.369756,0.16695863,3,1
1VFB_AB_C|DB54A,0.8151114,-0.010634594,3,1
"1VFB_AB_C|DB54A,TC118A",1.2546439,0.1640588,3,1
1VFB_AB_C|DB58A,-0.20700333,-0.0056963116,3,1
1VFB_AB_C|DB58E,0.078081094,-0.02734381,3,1
1VFB_AB_C|DB58N,-0.12818155,-0.14271978,3,1
1VFB_AB_C|DC119A,0.9530879,0.0010480657,3,1
1VFB_AB_C|DC18A,0.34013057,0.14763519,3,1
1VFB_AB_C|EB98A,1.1565572,0.051768415,3,1
1VFB_AB_C|GB31A,0.30646533,0.16121948,3,1
1VFB_AB_C|GB31E,-0.5097613,-0.016628835,3,1
1VFB_AB_C|GB31W,0.0039611305,-0.06824759,3,1
1VFB_AB_C|HA30A,0.84488255,0.1588226,3,1
1VFB_AB_C|IC124A,1.2314179,0.129121,3,1
1VFB_AB_C|KC116A,0.7134504,0.23193195,3,1
1VFB_AB_C|LC129A,0.17154472,0.11816404,3,1
1VFB_AB_C|NA31W,0.17432266,-0.19477837,3,1
1VFB_AB_C|NB56A,0.17771798,0.07105132,3,1
1VFB_AB_C|NC19A,0.3960868,0.23644242,3,1
1VFB_AB_C|QC121A,2.876998,0.1701191,3,1
1VFB_AB_C|RB99A,-0.099735305,0.10091918,3,1
1VFB_AB_C|RB99W,0.7049742,-0.11784372,3,1
1VFB_AB_C|RB99Y,1.235379,-0.14689788,3,1
1VFB_AB_C|RC125A,1.8368999,0.049819946,3,1
1VFB_AB_C|SA93A,0.34312394,0.25249952,3,1
1VFB_AB_C|SB28D,0.0,-0.14687143,3,1
1VFB_AB_C|SB28E,-0.104007296,-0.17669877,3,1
1VFB_AB_C|SB28N,0.14394745,-0.18607818,3,1
1VFB_AB_C|SB28Q,0.078081094,-0.28990984,3,1
1VFB_AB_C|SC24A,0.850965,0.23626986,3,1
1VFB_AB_C|TA52F,0.4708752,-0.1979607,3,1
1VFB_AB_C|TA53R,1.6458516,-0.17219365,3,1
1VFB_AB_C|TB30A,-0.05584954,0.1441189,3,1
1VFB_AB_C|TC118A,0.7650957,0.2607318,3,1
1VFB_AB_C|VC120A,0.9169499,0.12097081,3,1
1VFB_AB_C|WA92A,3.037848,0.048291646,3,1
"1VFB_AB_C|WA92A,IC124A",3.8503337,0.21683604,3,1
"1VFB_AB_C|WA92A,LC129A",3.3073628,0.2458595,3,1
"1VFB_AB_C|WA92A,QC121A",3.5189366,0.22328326,3,1
"1VFB_AB_C|WA92A,RC125A",3.3932896,0.15902865,3,1
1VFB_AB_C|WB52A,0.6406274,0.1893673,3,1
"1VFB_AB_C|WB52A,DC119A",2.2473724,0.14335841,3,1
1VFB_AB_C|YA32A,1.5281335,0.08622766,3,1
"1VFB_AB_C|YA32A,IC124A",2.9057157,0.18047434,3,1
"1VFB_AB_C|YA32A,QC121A",1.586041,0.2135754,3,1
1VFB_AB_C|YA49A,0.79754156,0.16186184,3,1
1VFB_AB_C|YA50A,0.456086,0.1359348,3,1
"1VFB_AB_C|YA50A,DC119A",1.2314179,0.12654793,3,1
"1VFB_AB_C|YA50A,DC18A",1.265924,0.2387264,3,1
1VFB_AB_C|YA50K,1.7156012,0.0019300207,3,1
1VFB_AB_C|YA50R,0.8443241,-0.035952363,3,1
1VFB_AB_C|YB101F,1.2695644,0.17766008,3,1
"1VFB_AB_C|YB101F,DC119A",2.736521,0.07990558,3,1
"1VFB_AB_C|YB101F,VC120A",2.5384777,0.24566323,3,1
1VFB_AB_C|YB32A,0.7916793,0.096096285,3,1
"1VFB_AB_C|YB32A,KC116A",1.586041,0.28769806,3,1
1VFB_AB_C|YB32E,1.9021881,-0.035199445,3,1
1VFB_AB_C|YC23A,0.41047263,-0.023033142,3,1
1XGP_AB_C|AB33F,-4.0,-0.3286447,3,1
1XGP_AB_C|AB33I,-2.260207,-0.27593997,3,1
1XGP_AB_C|AB33L,-2.1988916,-0.3136974,3,1
1XGP_AB_C|AB33V,-1.1525793,-0.23541355,3,1
2JEL_LH_P|AP82S,0.0,-0.3984218,3,1
2JEL_LH_P|DP69E,0.9530879,-0.1283388,3,1
2JEL_LH_P|EP5D,0.41047263,0.0088611245,3,1
2JEL_LH_P|EP5Q,0.7129768,0.022283196,3,1
2JEL_LH_P|EP68A,0.41047263,0.15392193,3,1
2JEL_LH_P|EP75R,2.727121,-0.112029195,3,1
2JEL_LH_P|EP83A,0.0,0.12963969,3,1
2JEL_LH_P|EP85A,0.0,0.043813176,3,1
2JEL_LH_P|EP85D,0.0,-0.17283589,3,1
2JEL_LH_P|EP85K,0.0,-0.24661729,3,1
2JEL_LH_P|EP85Q,0.0,-0.15083611,3,1
2JEL_LH_P|FP2W,2.6191528,-0.2514086,3,1
2JEL_LH_P|FP2Y,0.0,-0.25893545,3,1
2JEL_LH_P|HP76A,-0.41047263,0.035634473,3,1
2JEL_LH_P|HP76D,-0.65058374,-0.1795083,3,1
2JEL_LH_P|KP24E,0.0,0.051537447,3,1
2JEL_LH_P|KP27E,0.0,0.12499874,3,1
2JEL_LH_P|KP72E,0.41047263,-0.018459111,3,1
2JEL_LH_P|KP72R,0.0,0.010335222,3,1
2JEL_LH_P|KP79E,0.41047263,0.0010397211,3,1
2JEL_LH_P|NP12D,0.0,0.05203729,3,1
2JEL_LH_P|NP38T,0.0,0.1169282,3,1
2JEL_LH_P|PP11E,0.0,-0.01879359,3,1
2JEL_LH_P|QP3K,4.0,-0.14693281,3,1
2JEL_LH_P|QP4K,1.3635606,-0.2143867,3,1
2JEL_LH_P|QP57E,-0.41047263,0.030696392,3,1
2JEL_LH_P|QP71E,2.727121,0.020355187,3,1
2JEL_LH_P|RP17G,0.0,-0.17280051,3,1
2JEL_LH_P|RP17K,0.0,-0.29095533,3,1
2JEL_LH_P|SP41C,1.4957032,0.062355556,3,1
2JEL_LH_P|SP43C,0.0,-0.16887319,3,1
2JEL_LH_P|SP46C,0.0,-0.056152426,3,1
2JEL_LH_P|SP64T,4.0,-0.1115903,3,1
2JEL_LH_P|TP34Q,0.0,-0.22309071,3,1
2JEL_LH_P|TP36Q,0.41047263,-0.19411242,3,1
2JEL_LH_P|TP62A,0.0,0.031206623,3,1
2JEL_LH_P|TP62N,0.0,-0.250824,3,1
2JEL_LH_P|TP7N,0.41047263,-0.12905172,3,1
2JEL_LH_P|TP7S,0.0,-0.1146575,3,1
2JEL_LH_P|VP6F,0.0,-0.32327113,3,1
"2NY7_HL_G|CG27I,CG226Q",0.19971907,-0.2650139,3,1
"2NY7_HL_G|CG27I,CG226Q,MG231A",0.20319231,-0.17622846,3,1
"2NY7_HL_G|GG229C,MG231A",-0.37879732,0.033487312,3,1
"2NY7_HL_G|GG229C,WG13M,MG231A,CG14W,CG110V,CG27I,CG226Q",0.21462485,-0.23193091,3,1
"2NY7_HL_G|KG66C,EG102C,CG27I,CG226Q",0.04085667,-0.24757484,3,1
"2NY7_HL_G|KG66C,EG102C,WG13M,MG231A,CG14W,CG110V,CG27I,CG226Q",0.3998023,-0.20561755,3,1
"2NY7_HL_G|KG66C,EG103C,WG13M,MG231A,CG14W,CG110V,CG27I,CG226Q",0.29989544,-0.14781463,3,1
"2NY7_HL_G|WG13M,MG231A,CG14W,CG110V",1.1574335,0.052584626,3,1
"2NY7_HL_G|WG13M,MG231A,CG14W,CG110V,CG27I,CG226Q",0.44904727,-0.16841891,3,1
"2NY7_HL_G|WG13M,MG231A,CG14W,CG110V,KG66C,EG102C",0.55101526,-0.16461855,3,1
"2NY7_HL_G|WG13M,SG92T,WG181S,MG231A,CG14W,CG110V,CG27I,CG226Q",-0.3035898,-0.24810544,3,1
3BN9_B_CD|DB214A,0.5662115,0.07259964,3,1
3BN9_B_CD|DB46A,0.42238826,0.16965339,3,1
3BN9_B_CD|DB47A,0.31110755,0.11108249,3,1
3BN9_B_CD|EB163A,0.37321588,0.26617655,3,1
3BN9_B_CD|FB50A,-0.044997852,0.037656166,3,1
3BN9_B_CD|FB89A,0.6392419,0.14292535,3,1
3BN9_B_CD|HB138A,0.085063316,0.11942849,3,1
3BN9_B_CD|IB26A,0.0,0.07805037,3,1
3BN9_B_CD|IB45A,0.8352155,0.04471636,3,1
3BN9_B_CD|KB221A,0.7849689,0.21014547,3,1
3BN9_B_CD|LB147A,0.33619216,0.0016281381,3,1
3BN9_B_CD|NB90A,0.7733444,0.10001352,3,1
3BN9_B_CD|PD104H,2.4272547,-0.20140803,3,1
3BN9_B_CD|QB140A,0.1331048,0.26434687,3,1
3BN9_B_CD|QB168A,-0.03469869,0.27134097,3,1
3BN9_B_CD|QB169A,2.5089848,0.19074461,3,1
3BN9_B_CD|QB218A,0.70571065,0.26207885,3,1
3BN9_B_CD|QB23A,-0.41530684,0.2162714,3,1
3BN9_B_CD|QD105V,1.2241027,-0.03801179,3,1
3BN9_B_CD|RB219A,-0.093698174,0.08797572,3,1
3BN9_B_CD|RB48A,-0.044997852,0.2391189,3,1
3BN9_B_CD|RB51A,-0.07155777,-0.0066709593,3,1
3BN9_B_CD|RB82A,-0.15923285,0.051651306,3,1
3BN9_B_CD|SD30G,1.1861069,-0.0368319,3,1
3BN9_B_CD|SD30N,1.145505,0.05885855,3,1
3BN9_B_CD|TB144A,0.2908351,0.121771805,3,1
3BN9_B_CD|TB93A,1.1320528,0.08117703,3,1
3BN9_B_CD|TD102Q,-0.02153644,-0.1945943,3,1
3BN9_B_CD|TD102R,-0.058294915,-0.19599038,3,1
3BN9_B_CD|TD28R,0.33290586,-0.26508436,3,1
3BN9_B_CD|YB141A,1.0846525,0.14224756,3,1
3BN9_B_CD|YB52A,0.018951595,0.051749595,3,1
3BN9_B_CD|YD103S,0.45868576,-0.13527563,3,1
4GXU_ABCDEF_MN|DA189E,2.1650882,-0.01569612,3,1
"4GXU_ABCDEF_MN|DA189E,DA224G",3.0102077,0.01615572,3,1
4GXU_ABCDEF_MN|DA224G,1.9608781,-0.0027760416,3,1
"1CZ8_HL_VW|LL4M,DH28T,HH31N,YH101H,TH105S",2.939849,1.4624473,3,2
1KIR_AB_C|SA50Y,-1.3870943,-0.7157551,3,2
1MLC_AB_E|KB65D,0.018548755,-0.93979377,3,2
1MLC_AB_E|NA32G,-0.8773867,-0.4499461,3,2
"1MLC_AB_E|NA32G,NA92A",-0.6866531,0.16718015,3,2
"1MLC_AB_E|NA32G,NA92A,SB57V,TB58D",-1.7349738,-0.89744955,3,2
1MLC_AB_E|NA32Y,0.0,-0.8863229,3,2
1MLC_AB_E|NA92A,-1.2533532,1.0502404,3,2
"1MLC_AB_E|NA92A,SB57V,TB58D",-2.394188,-0.7033386,3,2
"1MLC_AB_E|NA92A,TB28D,SB57V,TB58D",-2.5813644,-0.8003808,3,2
"1MLC_AB_E|NA92A,TB28D,SB57V,TB58D,EB35S,GB99D",-2.9539242,-0.36302286,3,2
"1MLC_AB_E|NA92A,TB28D,SB57V,TB58D,GB99D",-0.20357698,-0.4403855,3,2
"1MLC_AB_E|NA92A,TB28D,SB57V,TB58D,NA32L",-2.5843081,-0.81646514,3,2
"1MLC_AB_E|NA92A,TB28D,SB57V,TB58D,RB98M,DB100Q",-0.41047263,-0.86831737,3,2
"1MLC_AB_E|NA92A,TB28D,SB57V,TB58D,SA91N,SA93A",-1.6104395,-0.03638413,3,2
"1MLC_AB_E|NA92A,TB28D,SB57V,TB58D,SB30G",-2.3584673,-0.68464637,3,2
"1MLC_AB_E|NA92A,TB28D,SB57V,TB58D,YB32W,RB98V,DB100Q",0.36138764,-0.733884,3,2
"1MLC_AB_E|NA92A,TB28D,SB57V,TB58D,YB59E",-1.4661698,-0.62181115,3,2
1MLC_AB_E|SB57A,-0.37902167,1.289475,3,2
1MLC_AB_E|SB57V,-0.49418068,-0.3300156,3,2
"1MLC_AB_E|SB57V,TB58D",-0.9877286,-0.8638547,3,2
1MLC_AB_E|TB28D,-0.15094383,-0.4915186,3,2
1MLC_AB_E|TB31A,0.44700673,0.39110377,3,2
1MLC_AB_E|TB31V,0.5262404,-1.0680305,3,2
1MLC_AB_E|TB31W,0.13214268,-1.1201175,3,2
1MLC_AB_E|TB58D,-0.55968237,-0.8776889,3,2
1NCA_N_LH|DH101K,0.71416,0.51483375,3,2
1NCA_N_LH|EH100D,0.41047263,0.7037745,3,2
1NCA_N_LH|NH102Q,0.5426153,-0.66772753,3,2
1NCA_N_LH|NH31Q,0.0,-0.659297,3,2
1NMB_N_LH|DH57E,2.9536283,-0.16699064,3,2
1NMB_N_LH|DH57N,2.9536283,0.8222094,3,2
1NMB_N_LH|LL94V,0.9000208,0.19019285,3,2
1NMB_N_LH|TL93F,-0.023903161,-1.0327053,3,2
1NMB_N_LH|TL93W,0.18419003,-1.0799127,3,2
1NMB_N_LH|YH103A,2.14062,1.8826647,3,2
1NMB_N_LH|YH105F,1.4194101,0.4060479,3,2
1NMB_N_LH|YL32F,0.46632215,0.3720726,3,2
1VFB_AB_C|DB100A,3.005002,1.56484,3,2
"1VFB_AB_C|DB100A,SC24A",3.369756,2.1469352,3,2
1VFB_AB_C|DB54A,0.8151114,1.2989758,3,2
"1VFB_AB_C|DB54A,TC118A",1.2546439,1.9900318,3,2
1VFB_AB_C|DB58A,-0.20700333,1.6171132,3,2
1VFB_AB_C|DB58E,0.078081094,-0.1364828,3,2
1VFB_AB_C|DB58N,-0.12818155,0.8811633,3,2
1VFB_AB_C|DC119A,0.9530879,1.6586155,3,2
1VFB_AB_C|DC18A,0.34013057,1.7272898,3,2
1VFB_AB_C|EB98A,1.1565572,1.615123,3,2
1VFB_AB_C|GB31A,0.30646533,1.6911932,3,2
1VFB_AB_C|GB31E,-0.5097613,0.2329253,3,2
1VFB_AB_C|GB31W,0.0039611305,0.33923465,3,2
1VFB_AB_C|HA30A,0.84488255,1.4201803,3,2
1VFB_AB_C|IC124A,1.2314179,1.493058,3,2
1VFB_AB_C|KC116A,0.7134504,1.7053318,3,2
1VFB_AB_C|LC129A,0.17154472,1.2040017,3,2
1VFB_AB_C|NA31W,0.17432266,-0.72001994,3,2
1VFB_AB_C|NB56A,0.17771798,0.892424,3,2
1VFB_AB_C|NC19A,0.3960868,1.585394,3,2
1VFB_AB_C|QC121A,2.876998,1.836951,3,2
1VFB_AB_C|RB99A,-0.099735305,1.9020529,3,2
1VFB_AB_C|RB99W,0.7049742,-0.16164623,3,2
1VFB_AB_C|RB99Y,1.235379,-0.3030213,3,2
1VFB_AB_C|RC125A,1.8368999,1.702692,3,2
1VFB_AB_C|SA93A,0.34312394,1.0890718,3,2
1VFB_AB_C|SB28D,0.0,-0.11184824,3,2
1VFB_AB_C|SB28E,-0.104007296,-0.54067016,3,2
1VFB_AB_C|SB28N,0.14394745,0.14280427,3,2
1VFB_AB_C|SB28Q,0.078081094,-0.20612554,3,2
1VFB_AB_C|SC24A,0.850965,1.5689591,3,2
1VFB_AB_C|TA52F,0.4708752,-0.9427063,3,2
1VFB_AB_C|TA53R,1.6458516,-0.81706184,3,2
1VFB_AB_C|TB30A,-0.05584954,0.29186386,3,2
1VFB_AB_C|TC118A,0.7650957,1.5720459,3,2
1VFB_AB_C|VC120A,0.9169499,1.3837972,3,2
1VFB_AB_C|WA92A,3.037848,2.2579808,3,2
"1VFB_AB_C|WA92A,IC124A",3.8503337,2.416304,3,2
"1VFB_AB_C|WA92A,LC129A",3.3073628,2.193127,3,2
"1VFB_AB_C|WA92A,QC121A",3.5189366,2.7794104,3,2
"1VFB_AB_C|WA92A,RC125A",3.3932896,2.5785985,3,2
1VFB_AB_C|WB52A,0.6406274,2.3706605,3,2
"1VFB_AB_C|WB52A,DC119A",2.2473724,2.606102,3,2
1VFB_AB_C|YA32A,1.5281335,1.8904483,3,2
"1VFB_AB_C|YA32A,IC124A",2.9057157,2.0218747,3,2
"1VFB_AB_C|YA32A,QC121A",1.586041,2.3978896,3,2
1VFB_AB_C|YA49A,0.79754156,2.1052723,3,2
1VFB_AB_C|YA50A,0.456086,1.882608,3,2
"1VFB_AB_C|YA50A,DC119A",1.2314179,2.2544062,3,2
"1VFB_AB_C|YA50A,DC18A",1.265924,2.222509,3,2
1VFB_AB_C|YA50K,1.7156012,1.6476244,3,2
1VFB_AB_C|YA50R,0.8443241,0.962988,3,2
1VFB_AB_C|YB101F,1.2695644,0.17785156,3,2
"1VFB_AB_C|YB101F,DC119A",2.736521,1.5105125,3,2
"1VFB_AB_C|YB101F,VC120A",2.5384777,1.2018176,3,2
1VFB_AB_C|YB32A,0.7916793,1.5413301,3,2
"1VFB_AB_C|YB32A,KC116A",1.586041,2.1046183,3,2
1VFB_AB_C|YB32E,1.9021881,0.237073,3,2
1VFB_AB_C|YC23A,0.41047263,1.3148218,3,2
1XGP_AB_C|AB33F,-4.0,-1.1923411,3,2
1XGP_AB_C|AB33I,-2.260207,-1.1076304,3,2
1XGP_AB_C|AB33L,-2.1988916,-1.1660174,3,2
1XGP_AB_C|AB33V,-1.1525793,-1.091627,3,2
2JEL_LH_P|AP82S,0.0,-1.009633,3,2
2JEL_LH_P|DP69E,0.9530879,0.517736,3,2
2JEL_LH_P|EP5D,0.41047263,-0.6169833,3,2
2JEL_LH_P|EP5Q,0.7129768,-0.6912569,3,2
2JEL_LH_P|EP68A,0.41047263,1.0906018,3,2
2JEL_LH_P|EP75R,2.727121,-0.6365422,3,2
2JEL_LH_P|EP83A,0.0,1.0547956,3,2
2JEL_LH_P|EP85A,0.0,1.0322059,3,2
2JEL_LH_P|EP85D,0.0,-0.10665862,3,2
2JEL_LH_P|EP85K,0.0,-0.03338967,3,2
2JEL_LH_P|EP85Q,0.0,-0.43357676,3,2
2JEL_LH_P|FP2W,2.6191528,0.92256165,3,2
2JEL_LH_P|FP2Y,0.0,0.5096212,3,2
2JEL_LH_P|HP76A,-0.41047263,1.8100338,3,2
2JEL_LH_P|HP76D,-0.65058374,0.6489303,3,2
2JEL_LH_P|KP24E,0.0,0.5329543,3,2
2JEL_LH_P|KP27E,0.0,0.73172015,3,2
2JEL_LH_P|KP72E,0.41047263,0.6780716,3,2
2JEL_LH_P|KP72R,0.0,0.16598074,3,2
2JEL_LH_P|KP79E,0.41047263,0.6742525,3,2
2JEL_LH_P|NP12D,0.0,0.3239629,3,2
2JEL_LH_P|NP38T,0.0,0.37453422,3,2
2JEL_LH_P|PP11E,0.0,0.89862233,3,2
2JEL_LH_P|QP3K,4.0,0.043078683,3,2
2JEL_LH_P|QP4K,1.3635606,0.187763,3,2
2JEL_LH_P|QP57E,-0.41047263,0.9220777,3,2
2JEL_LH_P|QP71E,2.727121,1.0365717,3,2
2JEL_LH_P|RP17G,0.0,0.40321085,3,2
2JEL_LH_P|RP17K,0.0,0.31646279,3,2
2JEL_LH_P|SP41C,1.4957032,0.16457404,3,2
2JEL_LH_P|SP43C,0.0,0.21833411,3,2
2JEL_LH_P|SP46C,0.0,0.49898788,3,2
2JEL_LH_P|SP64T,4.0,0.018566042,3,2
2JEL_LH_P|TP34Q,0.0,-0.6864654,3,2
2JEL_LH_P|TP36Q,0.41047263,-0.5725377,3,2
2JEL_LH_P|TP62A,0.0,1.0423756,3,2
2JEL_LH_P|TP62N,0.0,-0.13255809,3,2
2JEL_LH_P|TP7N,0.41047263,-0.056051012,3,2
2JEL_LH_P|TP7S,0.0,0.06151631,3,2
2JEL_LH_P|VP6F,0.0,-0.53943336,3,2
"2NY7_HL_G|CG27I,CG226Q",0.19971907,-0.5896002,3,2
"2NY7_HL_G|CG27I,CG226Q,MG231A",0.20319231,0.13004772,3,2
"2NY7_HL_G|GG229C,MG231A",-0.37879732,1.1921434,3,2
"2NY7_HL_G|GG229C,WG13M,MG231A,CG14W,CG110V,CG27I,CG226Q",0.21462485,-0.044030856,3,2
"2NY7_HL_G|KG66C,EG102C,CG27I,CG226Q",0.04085667,-0.52542,3,2
"2NY7_HL_G|KG66C,EG102C,WG13M,MG231A,CG14W,CG110V,CG27I,CG226Q",0.3998023,-0.019353397,3,2
"2NY7_HL_G|KG66C,EG103C,WG13M,MG231A,CG14W,CG110V,CG27I,CG226Q",0.29989544,-0.12481445,3,2
"2NY7_HL_G|WG13M,MG231A,CG14W,CG110V",1.1574335,0.81571406,3,2
"2NY7_HL_G|WG13M,MG231A,CG14W,CG110V,CG27I,CG226Q",0.44904727,-0.14897463,3,2
"2NY7_HL_G|WG13M,MG231A,CG14W,CG110V,KG66C,EG102C",0.55101526,0.8568303,3,2
"2NY7_HL_G|WG13M,SG92T,WG181S,MG231A,CG14W,CG110V,CG27I,CG226Q",-0.3035898,-0.19047321,3,2
3BN9_B_CD|DB214A,0.5662115,1.6123163,3,2
3BN9_B_CD|DB46A,0.42238826,1.6226553,3,2
3BN9_B_CD|DB47A,0.31110755,1.78232,3,2
3BN9_B_CD|EB163A,0.37321588,1.1851534,3,2
3BN9_B_CD|FB50A,-0.044997852,1.6118712,3,2
3BN9_B_CD|FB89A,0.6392419,1.692409,3,2
3BN9_B_CD|HB138A,0.085063316,1.8101583,3,2
3BN9_B_CD|IB26A,0.0,1.3666803,3,2
3BN9_B_CD|IB45A,0.8352155,1.5199416,3,2
3BN9_B_CD|KB221A,0.7849689,1.2768277,3,2
3BN9_B_CD|LB147A,0.33619216,1.1074238,3,2
3BN9_B_CD|NB90A,0.7733444,1.5854706,3,2
3BN9_B_CD|PD104H,2.4272547,-0.43365794,3,2
3BN9_B_CD|QB140A,0.1331048,1.4613341,3,2
3BN9_B_CD|QB168A,-0.03469869,1.4788926,3,2
3BN9_B_CD|QB169A,2.5089848,1.3968787,3,2
3BN9_B_CD|QB218A,0.70571065,1.684057,3,2
3BN9_B_CD|QB23A,-0.41530684,1.2052642,3,2
3BN9_B_CD|QD105V,1.2241027,-0.1587432,3,2
3BN9_B_CD|RB219A,-0.093698174,1.4015397,3,2
3BN9_B_CD|RB48A,-0.044997852,1.6436032,3,2
3BN9_B_CD|RB51A,-0.07155777,1.2969295,3,2
3BN9_B_CD|RB82A,-0.15923285,1.2422621,3,2
3BN9_B_CD|SD30G,1.1861069,-0.20591167,3,2
3BN9_B_CD|SD30N,1.145505,0.3311559,3,2
3BN9_B_CD|TB144A,0.2908351,1.1711729,3,2
3BN9_B_CD|TB93A,1.1320528,1.3912712,3,2
3BN9_B_CD|TD102Q,-0.02153644,-0.73589677,3,2
3BN9_B_CD|TD102R,-0.058294915,-0.7344097,3,2
3BN9_B_CD|TD28R,0.33290586,-0.81387407,3,2
3BN9_B_CD|YB141A,1.0846525,2.1732304,3,2
3BN9_B_CD|YB52A,0.018951595,1.4724106,3,2
3BN9_B_CD|YD103S,0.45868576,0.6480622,3,2
4GXU_ABCDEF_MN|DA189E,2.1650882,1.4560825,3,2
"4GXU_ABCDEF_MN|DA189E,DA224G",3.0102077,1.1350029,3,2
4GXU_ABCDEF_MN|DA224G,1.9608781,0.2717973,3,2
"1JRH_LH_I|AI49S,II51T,HI55D",0.070675574,-0.12892544,4,0
"1JRH_LH_I|AI85D,KI88R,EI90K",-0.047747865,-0.4871475,4,0
"1JRH_LH_I|AI93L,VI94M",0.63366294,-0.2707808,4,0
1JRH_LH_I|DH56A,1.8860998,0.19257048,4,0
1JRH_LH_I|DH57A,1.6660647,0.22818291,4,0
1JRH_LH_I|DH58A,1.8546488,0.039470445,4,0
1JRH_LH_I|DL28A,0.43464687,0.11740349,4,0
1JRH_LH_I|EI35Q,0.09956847,-0.028883478,4,0
1JRH_LH_I|EI45A,-0.5657849,0.19289978,4,0
1JRH_LH_I|EI45P,-3.7881775,0.070381775,4,0
"1JRH_LH_I|EI45P,II47L",-3.4567804,0.09580541,4,0
"1JRH_LH_I|EI45P,II47R",-3.4400978,0.059435982,4,0
1JRH_LH_I|EL27A,0.5426153,0.11131883,4,0
1JRH_LH_I|FH103A,0.0,0.25605014,4,0
1JRH_LH_I|GI40A,4.0,0.12467338,4,0
1JRH_LH_I|HH107A,1.6977708,0.19535506,4,0
"1JRH_LH_I|II25N,PI27S,VI29T,VI31I",0.14370596,-0.16909294,4,0
1JRH_LH_I|KI37A,3.713863,0.14955145,4,0
1JRH_LH_I|KI37M,3.2923293,0.07774003,4,0
1JRH_LH_I|KI42A,3.3858175,0.2149576,4,0
1JRH_LH_I|KI42M,4.0,0.09640092,4,0
1JRH_LH_I|KI88A,0.31209365,0.16696574,4,0
"1JRH_LH_I|MI15L,II18V",-0.21360606,-0.21475369,4,0
1JRH_LH_I|NI38A,0.1704579,0.09578502,4,0
1JRH_LH_I|NI38Q,0.5344714,-0.1520915,4,0
1JRH_LH_I|NI43A,4.0,0.105211616,4,0
1JRH_LH_I|NI69A,-0.19953421,0.19090946,4,0
1JRH_LH_I|RH100A,0.5426153,0.22240102,4,0
1JRH_LH_I|RI74A,0.3926171,0.3262958,4,0
1JRH_LH_I|SI44A,0.37771076,0.1382587,4,0
"1JRH_LH_I|SI44G,EI45G,II47R",-3.3777049,0.104688436,4,0
"1JRH_LH_I|SI44G,EI45P,II47K",-3.884419,0.09363042,4,0
"1JRH_LH_I|SI61Y,DI62E,HI63Q,VI64I,GI65M,DI66Y,SI68D,NI69V,LI71A",2.9588323,-0.5241015,4,0
1JRH_LH_I|SL93A,-0.65058374,-0.002579514,4,0
1JRH_LH_I|TI4V,-0.025565991,-0.16168958,4,0
"1JRH_LH_I|TI9L,EI11K",-0.025565991,-0.13626914,4,0
1JRH_LH_I|TL94A,0.38526937,-0.002090212,4,0
1JRH_LH_I|VI41A,1.6791569,0.1575339,4,0
"1JRH_LH_I|VI73A,RI78K",-0.21360606,0.11482905,4,0
1JRH_LH_I|WH54A,2.6862645,0.42966792,4,0
1JRH_LH_I|WH55A,2.4213178,0.3759536,4,0
1JRH_LH_I|WI46F,-0.25261214,0.015278753,4,0
1JRH_LH_I|WI46Y,0.29852974,0.058830198,4,0
1JRH_LH_I|WI72A,4.0,0.3452758,4,0
1JRH_LH_I|WI72F,1.102707,-0.033679005,4,0
1JRH_LH_I|WI72Y,1.1878273,0.009165626,4,0
1JRH_LH_I|WL92A,2.818407,0.35873944,4,0
1JRH_LH_I|WL95A,1.6660647,0.30003515,4,0
1JRH_LH_I|YH104A,1.0610564,0.36537096,4,0
1JRH_LH_I|YH32A,1.4333102,0.33708242,4,0
1JRH_LH_I|YH60A,1.2555921,0.50581837,4,0
1JRH_LH_I|YI39A,3.5271235,0.28660712,4,0
1JRH_LH_I|YI39F,0.9087807,-0.08399795,4,0
1JRH_LH_I|YL30A,1.1084566,0.44594222,4,0
1JRH_LH_I|YL91A,0.58083415,0.37465492,4,0
1KIQ_AB_C|FB101Y,-2.4949589,-0.21762088,4,0
1XGR_AB_C|IB33A,2.260207,0.02258481,4,0
1XGR_AB_C|IB33F,-1.8004549,-0.3601516,4,0
1XGR_AB_C|IB33L,0.061315425,-0.2700418,4,0
1XGR_AB_C|IB33V,1.1076277,-0.21836837,4,0
2BDN_HL_A|DH31E,1.0852306,-0.19008273,4,0
2BDN_HL_A|LH27K,0.8740124,-0.059873745,4,0
2BDN_HL_A|LH27R,0.65058374,-0.06706353,4,0
2BDN_HL_A|NH28D,0.13214268,-0.17900583,4,0
2BDN_HL_A|NH28Q,1.3994616,-0.21825394,4,0
2BDN_HL_A|NL31K,3.4897714,-0.09191412,4,0
2BDN_HL_A|NL31R,-0.9171868,-0.17201918,4,0
2BDN_HL_A|SL53D,-0.1605731,-0.11314146,4,0
2BDN_HL_A|SL53E,-0.85132045,-0.14278588,4,0
2BDN_HL_A|TL56D,-0.4254655,-0.16375491,4,0
2BDN_HL_A|TL56E,-0.6888026,-0.2256116,4,0
2BDN_HL_A|YL30K,0.67475796,0.3642083,4,0
2NYY_DC_A|DA1030A,0.009336901,0.17323445,4,0
2NYY_DC_A|DA1034A,2.5297937,0.19113263,4,0
2NYY_DC_A|DC30Y,0.64113563,-0.122182086,4,0
2NYY_DC_A|EA892A,2.839132,0.2659976,4,0
2NYY_DC_A|ED5Q,-0.2479871,-0.13485095,4,0
2NYY_DC_A|FA889A,0.4193659,0.29604822,4,0
2NYY_DC_A|FA925A,4.0,0.31825542,4,0
2NYY_DC_A|HA1036A,4.0,0.38106614,4,0
2NYY_DC_A|HC34R,0.10088469,0.015430827,4,0
2NYY_DC_A|IA928A,-0.009487502,0.19964477,4,0
2NYY_DC_A|KA1028A,-0.028934313,0.0878173,4,0
2NYY_DC_A|KA875A,0.29098648,0.2633716,4,0
2NYY_DC_A|KA895A,-0.14014584,0.19217889,4,0
2NYY_DC_A|KD29R,0.071385965,-0.09298213,4,0
"2NYY_DC_A|KD29S,YD30D,DD31H,SD60P",0.04961051,0.17377126,4,0
2NYY_DC_A|LA891A,2.5892105,0.07432598,4,0
2NYY_DC_A|MD33Q,-0.059869844,0.011503406,4,0
2NYY_DC_A|NA890A,0.89044046,0.14636971,4,0
2NYY_DC_A|NA926A,0.09934822,0.09762576,4,0
2NYY_DC_A|QA887A,0.5208145,0.034408774,4,0
2NYY_DC_A|RA1033A,0.82012254,0.34541,4,0
2NYY_DC_A|RA1266A,0.2995321,0.16806155,4,0
2NYY_DC_A|SA874A,-0.23032175,-0.021898488,4,0
2NYY_DC_A|SA927A,0.0,0.11867641,4,0
2NYY_DC_A|SC28Q,0.4133828,-0.16426286,4,0
2NYY_DC_A|SC31N,-0.35338265,0.028110828,4,0
2NYY_DC_A|TA1035A,1.630871,0.10452624,4,0
2NYY_DC_A|VD36I,-0.21317148,0.04607882,4,0
"2NYY_DC_A|VD36I,ED5Q",-0.0490461,-0.12269282,4,0
2NYY_DC_A|YD30D,0.06462482,0.22188836,4,0
2NYY_DC_A|YD30Q,0.12897444,0.12621403,4,0
2NYY_DC_A|YD56Q,0.5196862,0.110365525,4,0
2NZ9_DC_A|DA1030A,-0.031082604,0.14710557,4,0
2NZ9_DC_A|DA1034A,2.3396032,0.18022352,4,0
2NZ9_DC_A|EA892A,2.77036,0.2835578,4,0
2NZ9_DC_A|FA889A,-0.04961051,0.28012496,4,0
2NZ9_DC_A|FA925A,3.340439,0.3173671,4,0
2NZ9_DC_A|HA1036A,4.0,0.38768485,4,0
2NZ9_DC_A|IA928A,0.069281444,0.23032045,4,0
2NZ9_DC_A|KA1028A,-0.008714417,0.1000952,4,0
2NZ9_DC_A|KA875A,0.5407011,0.26349524,4,0
2NZ9_DC_A|KA895A,-0.29975358,0.1799301,4,0
2NZ9_DC_A|LA891A,2.279965,0.09342325,4,0
2NZ9_DC_A|NA890A,2.1600318,0.16699687,4,0
2NZ9_DC_A|NA926A,-0.15216734,0.12013589,4,0
2NZ9_DC_A|QA887A,0.09926054,0.049309473,4,0
2NZ9_DC_A|RA1033A,0.29088098,0.3441149,4,0
2NZ9_DC_A|RA1266A,0.39015788,0.15152106,4,0
2NZ9_DC_A|SA874A,-0.11948046,-0.027381673,4,0
2NZ9_DC_A|SA927A,-0.078544825,0.11296098,4,0
"2NZ9_DC_A|SD29K,DD30Y,HD31D",-0.04961051,-0.5049408,4,0
2NZ9_DC_A|TA1035A,2.3703818,0.11312571,4,0
2VIS_AB_C|IC89T,-4.0,0.057713244,4,0
"3BE1_HL_A|DL28N,PL30A,RL31K,SL32T,TL97S,TL98S",-0.6860794,-0.23245355,4,0
"3BE1_HL_A|DL28N,PL30A,RL31K,SL32T,TL97S,TL98S,KH30S,DH31G,TH54S,NH55E,GH100V,DH102V",-2.7728782,-0.39796782,4,0
"3BE1_HL_A|DL28N,PL30A,RL31K,SL32T,TL97S,TL98S,KH30S,DH31G,TH54S,NH55E,GH100V,DH102V,YL36A",-3.190238,-0.22596812,4,0
"3BE1_HL_A|DL28N,PL30A,RL31K,SL32T,TL97S,TL98S,KH30S,DH31G,TH54S,NH55E,GH100V,DH102V,YL36A,IL33A",-2.7728782,-0.22487146,4,0
"3BE1_HL_A|DL28N,PL30A,RL31K,SL32T,YL57F,TL97S,TL98S",-0.8683455,-0.2601034,4,0
"3BE1_HL_A|DL28N,PL30A,RL31K,SL32T,YL57F,TL97S,TL98S,KH30S,DH31G,TH54S,NH55E,GH100V,DH102V",-2.8824897,-0.40152788,4,0
3LZF_AB_HL|DA187E,0.49836498,-0.06343346,4,0
"3LZF_AB_HL|DA187E,DA222G",0.12738612,0.021510746,4,0
3LZF_AB_HL|DA222G,0.5378587,-0.03505236,4,0
3NGB_HL_G|AH57G,-0.056030333,-0.23433457,4,0
"3NGB_HL_G|AH57G,VH58T,PH63K,VH74T",1.6734211,-0.00022692978,4,0
"3NGB_HL_G|CH32S,CH102A",0.25899792,0.18318565,4,0
3NGB_HL_G|DH103A,0.05987142,-0.033855814,4,0
3NGB_HL_G|EL88A,1.3199503,0.06349693,4,0
3NGB_HL_G|FL89A,0.85886127,0.37487316,4,0
3NGB_HL_G|GH55A,-1.2766591,0.17071763,4,0
3NGB_HL_G|GH55S,0.74304354,0.07062681,4,0
3NGB_HL_G|GH56A,1.2656107,0.013586815,4,0
3NGB_HL_G|IH30A,-0.0027431613,0.1603244,4,0
3NGB_HL_G|IH30T,0.0733938,0.06659317,4,0
"3NGB_HL_G|IH30T,KH52N,RH54N,GH55S,AH57G,VH58T,RH62Q,PH63K,VH74T,YH75S,YL26S",0.86214453,-0.08368139,4,0
3NGB_HL_G|KH52A,0.62288266,0.14079246,4,0
3NGB_HL_G|KH52N,0.17497002,0.10176709,4,0
3NGB_HL_G|MH70A,0.5305512,0.28233224,4,0
3NGB_HL_G|NH105A,1.1185741,-0.079546615,4,0
3NGB_HL_G|NH59A,1.7671243,0.14588948,4,0
3NGB_HL_G|PH63A,-0.04252045,0.05046658,4,0
3NGB_HL_G|PH63K,0.23252328,-0.0866483,4,0
3NGB_HL_G|QH65A,-0.34038836,0.17487432,4,0
3NGB_HL_G|QL25A,-0.23060839,0.21773067,4,0
3NGB_HL_G|RH54A,-0.25938424,0.17396544,4,0
3NGB_HL_G|RH54N,0.04645046,0.133468,4,0
3NGB_HL_G|RH62A,0.9958448,0.1547526,4,0
3NGB_HL_G|RH62Q,0.09654992,-0.10435891,4,0
3NGB_HL_G|RH72A,1.6432176,0.06653318,4,0
3NGB_HL_G|SL28A,-0.14471176,-0.0060091913,4,0
3NGB_HL_G|TH33A,0.7071634,0.10547875,4,0
3NGB_HL_G|TH33Y,0.084193856,-0.27904946,4,0
"3NGB_HL_G|TH33Y,GH56S,AH57G,VH58T,PH63K,VH74T,YH75S",1.9381938,-0.06445109,4,0
3NGB_HL_G|VH58A,1.3584284,0.12293346,4,0
3NGB_HL_G|VH58T,0.13787223,0.067003936,4,0
3NGB_HL_G|VH74A,1.087914,0.12396045,4,0
3NGB_HL_G|VH74T,0.16493925,0.037816685,4,0
3NGB_HL_G|VL1A,-0.7733632,0.055569362,4,0
3NGB_HL_G|WH106A,4.0,0.33052382,4,0
3NGB_HL_G|WH47A,1.2021707,0.3604493,4,0
3NGB_HL_G|WH50A,1.2917941,0.41826293,4,0
3NGB_HL_G|YH104A,1.4235861,0.32437497,4,0
3NGB_HL_G|YH60A,0.5484263,0.27288374,4,0
3NGB_HL_G|YH75A,-0.19932224,0.30036557,4,0
3NGB_HL_G|YH75S,0.3325709,0.2734313,4,0
3NGB_HL_G|YL26A,0.98528093,0.23477826,4,0
3NGB_HL_G|YL26S,0.6512687,0.20874451,4,0
3NGB_HL_G|YL87A,2.0227883,0.3595682,4,0
4JPK_HL_A|DA141R,3.857323,-0.063253745,4,0
"4JPK_HL_A|DA159N,DA33N",0.6189681,-0.13062973,4,0
4JPK_HL_A|FA144I,1.3875175,-0.005187474,4,0
4JPK_HL_A|FA63L,1.1672868,0.118332,4,0
4JPK_HL_A|RA130K,0.23006605,0.0064017028,4,0
4JPK_HL_A|RA81T,0.75870305,0.11280307,4,0
4JPK_HL_A|SA41G,2.151695,-0.06503429,4,0
4JPK_HL_A|TA35S,-0.032093357,0.08524498,4,0
4JPK_HL_A|VA30N,0.59459484,-0.04218656,4,0
"1JRH_LH_I|AI49S,II51T,HI55D",0.070675574,-0.09170176,4,1
"1JRH_LH_I|AI85D,KI88R,EI90K",-0.047747865,-0.2531693,4,1
"1JRH_LH_I|AI93L,VI94M",0.63366294,-0.110217854,4,1
1JRH_LH_I|DH56A,1.8860998,0.22176754,4,1
1JRH_LH_I|DH57A,1.6660647,0.17203134,4,1
1JRH_LH_I|DH58A,1.8546488,0.193605,4,1
1JRH_LH_I|DL28A,0.43464687,0.120185085,4,1
1JRH_LH_I|EI35Q,0.09956847,-0.10882788,4,1
1JRH_LH_I|EI45A,-0.5657849,0.14573354,4,1
1JRH_LH_I|EI45P,-3.7881775,-0.21291384,4,1
"1JRH_LH_I|EI45P,II47L",-3.4567804,-0.16704625,4,1
"1JRH_LH_I|EI45P,II47R",-3.4400978,-0.28166232,4,1
1JRH_LH_I|EL27A,0.5426153,0.2205863,4,1
1JRH_LH_I|FH103A,0.0,-0.0015373453,4,1
1JRH_LH_I|GI40A,4.0,0.17347047,4,1
1JRH_LH_I|HH107A,1.6977708,0.1519557,4,1
"1JRH_LH_I|II25N,PI27S,VI29T,VI31I",0.14370596,-0.23121026,4,1
1JRH_LH_I|KI37A,3.713863,0.11829198,4,1
1JRH_LH_I|KI37M,3.2923293,-0.15576299,4,1
1JRH_LH_I|KI42A,3.3858175,0.21286988,4,1
1JRH_LH_I|KI42M,4.0,-0.0016636401,4,1
1JRH_LH_I|KI88A,0.31209365,0.22934973,4,1
"1JRH_LH_I|MI15L,II18V",-0.21360606,0.13367823,4,1
1JRH_LH_I|NI38A,0.1704579,0.23065206,4,1
1JRH_LH_I|NI38Q,0.5344714,-0.023413371,4,1
1JRH_LH_I|NI43A,4.0,0.080923446,4,1
1JRH_LH_I|NI69A,-0.19953421,0.098312326,4,1
1JRH_LH_I|RH100A,0.5426153,0.23787409,4,1
1JRH_LH_I|RI74A,0.3926171,0.2698742,4,1
1JRH_LH_I|SI44A,0.37771076,0.050692514,4,1
"1JRH_LH_I|SI44G,EI45G,II47R",-3.3777049,-0.4077792,4,1
"1JRH_LH_I|SI44G,EI45P,II47K",-3.884419,-0.35670888,4,1
"1JRH_LH_I|SI61Y,DI62E,HI63Q,VI64I,GI65M,DI66Y,SI68D,NI69V,LI71A",2.9588323,-0.028532095,4,1
1JRH_LH_I|SL93A,-0.65058374,0.27957135,4,1
1JRH_LH_I|TI4V,-0.025565991,-0.27006847,4,1
"1JRH_LH_I|TI9L,EI11K",-0.025565991,-0.17952159,4,1
1JRH_LH_I|TL94A,0.38526937,0.23290336,4,1
1JRH_LH_I|VI41A,1.6791569,0.19382507,4,1
"1JRH_LH_I|VI73A,RI78K",-0.21360606,0.112963594,4,1
1JRH_LH_I|WH54A,2.6862645,0.10621036,4,1
1JRH_LH_I|WH55A,2.4213178,0.06820106,4,1
1JRH_LH_I|WI46F,-0.25261214,-0.001971759,4,1
1JRH_LH_I|WI46Y,0.29852974,0.056362472,4,1
1JRH_LH_I|WI72A,4.0,0.27023676,4,1
1JRH_LH_I|WI72F,1.102707,0.039396144,4,1
1JRH_LH_I|WI72Y,1.1878273,0.016191475,4,1
1JRH_LH_I|WL92A,2.818407,0.12488616,4,1
1JRH_LH_I|WL95A,1.6660647,0.034227252,4,1
1JRH_LH_I|YH104A,1.0610564,0.22464356,4,1
1JRH_LH_I|YH32A,1.4333102,0.11442224,4,1
1JRH_LH_I|YH60A,1.2555921,0.11194486,4,1
1JRH_LH_I|YI39A,3.5271235,0.31045088,4,1
1JRH_LH_I|YI39F,0.9087807,0.033142664,4,1
1JRH_LH_I|YL30A,1.1084566,0.10672582,4,1
1JRH_LH_I|YL91A,0.58083415,0.22785011,4,1
1KIQ_AB_C|FB101Y,-2.4949589,-0.10634311,4,1
1XGR_AB_C|IB33A,2.260207,0.09819413,4,1
1XGR_AB_C|IB33F,-1.8004549,-0.13697535,4,1
1XGR_AB_C|IB33L,0.061315425,-0.088234276,4,1
1XGR_AB_C|IB33V,1.1076277,-0.036963645,4,1
2BDN_HL_A|DH31E,1.0852306,0.1574524,4,1
2BDN_HL_A|LH27K,0.8740124,-0.2174685,4,1
2BDN_HL_A|LH27R,0.65058374,-0.23759764,4,1
2BDN_HL_A|NH28D,0.13214268,-0.16220412,4,1
2BDN_HL_A|NH28Q,1.3994616,-0.10075174,4,1
2BDN_HL_A|NL31K,3.4897714,-0.105775446,4,1
2BDN_HL_A|NL31R,-0.9171868,-0.08667949,4,1
2BDN_HL_A|SL53D,-0.1605731,-0.25444007,4,1
2BDN_HL_A|SL53E,-0.85132045,-0.14211503,4,1
2BDN_HL_A|TL56D,-0.4254655,-0.11320548,4,1
2BDN_HL_A|TL56E,-0.6888026,-0.04059919,4,1
2BDN_HL_A|YL30K,0.67475796,-0.14898163,4,1
2NYY_DC_A|DA1030A,0.009336901,-0.025661666,4,1
2NYY_DC_A|DA1034A,2.5297937,-0.049781717,4,1
2NYY_DC_A|DC30Y,0.64113563,-0.2218458,4,1
2NYY_DC_A|EA892A,2.839132,0.08962,4,1
2NYY_DC_A|ED5Q,-0.2479871,-0.047957692,4,1
2NYY_DC_A|FA889A,0.4193659,0.2577676,4,1
2NYY_DC_A|FA925A,4.0,0.09913527,4,1
2NYY_DC_A|HA1036A,4.0,0.30837703,4,1
2NYY_DC_A|HC34R,0.10088469,-0.26739636,4,1
2NYY_DC_A|IA928A,-0.009487502,0.2706762,4,1
2NYY_DC_A|KA1028A,-0.028934313,0.20841128,4,1
2NYY_DC_A|KA875A,0.29098648,0.21892607,4,1
2NYY_DC_A|KA895A,-0.14014584,0.2270002,4,1
2NYY_DC_A|KD29R,0.071385965,0.07548263,4,1
"2NYY_DC_A|KD29S,YD30D,DD31H,SD60P",0.04961051,-0.09973391,4,1
2NYY_DC_A|LA891A,2.5892105,0.09508044,4,1
2NYY_DC_A|MD33Q,-0.059869844,-0.06512827,4,1
2NYY_DC_A|NA890A,0.89044046,0.22217083,4,1
2NYY_DC_A|NA926A,0.09934822,0.12395524,4,1
2NYY_DC_A|QA887A,0.5208145,-0.042727947,4,1
2NYY_DC_A|RA1033A,0.82012254,0.33142605,4,1
2NYY_DC_A|RA1266A,0.2995321,0.23461533,4,1
2NYY_DC_A|SA874A,-0.23032175,0.10840761,4,1
2NYY_DC_A|SA927A,0.0,0.13583374,4,1
2NYY_DC_A|SC28Q,0.4133828,0.06635489,4,1
2NYY_DC_A|SC31N,-0.35338265,-0.11792847,4,1
2NYY_DC_A|TA1035A,1.630871,0.17418817,4,1
2NYY_DC_A|VD36I,-0.21317148,0.008242831,4,1
"2NYY_DC_A|VD36I,ED5Q",-0.0490461,-0.0009011701,4,1
2NYY_DC_A|YD30D,0.06462482,-0.10949249,4,1
2NYY_DC_A|YD30Q,0.12897444,-0.00036980957,4,1
2NYY_DC_A|YD56Q,0.5196862,-0.18947461,4,1
2NZ9_DC_A|DA1030A,-0.031082604,-0.014260083,4,1
2NZ9_DC_A|DA1034A,2.3396032,-0.07708132,4,1
2NZ9_DC_A|EA892A,2.77036,0.111295916,4,1
2NZ9_DC_A|FA889A,-0.04961051,0.22137797,4,1
2NZ9_DC_A|FA925A,3.340439,0.08499012,4,1
2NZ9_DC_A|HA1036A,4.0,0.2973486,4,1
2NZ9_DC_A|IA928A,0.069281444,0.29707927,4,1
2NZ9_DC_A|KA1028A,-0.008714417,0.21326163,4,1
2NZ9_DC_A|KA875A,0.5407011,0.19522315,4,1
2NZ9_DC_A|KA895A,-0.29975358,0.22450754,4,1
2NZ9_DC_A|LA891A,2.279965,0.10533618,4,1
2NZ9_DC_A|NA890A,2.1600318,0.20414087,4,1
2NZ9_DC_A|NA926A,-0.15216734,0.11864599,4,1
2NZ9_DC_A|QA887A,0.09926054,-0.024997085,4,1
2NZ9_DC_A|RA1033A,0.29088098,0.33728272,4,1
2NZ9_DC_A|RA1266A,0.39015788,0.25030214,4,1
2NZ9_DC_A|SA874A,-0.11948046,0.07146137,4,1
2NZ9_DC_A|SA927A,-0.078544825,0.122521974,4,1
"2NZ9_DC_A|SD29K,DD30Y,HD31D",-0.04961051,-0.116275065,4,1
2NZ9_DC_A|TA1035A,2.3703818,0.17084262,4,1
2VIS_AB_C|IC89T,-4.0,-0.21388093,4,1
"3BE1_HL_A|DL28N,PL30A,RL31K,SL32T,TL97S,TL98S",-0.6860794,0.00792969,4,1
"3BE1_HL_A|DL28N,PL30A,RL31K,SL32T,TL97S,TL98S,KH30S,DH31G,TH54S,NH55E,GH100V,DH102V",-2.7728782,-0.19761547,4,1
"3BE1_HL_A|DL28N,PL30A,RL31K,SL32T,TL97S,TL98S,KH30S,DH31G,TH54S,NH55E,GH100V,DH102V,YL36A",-3.190238,-0.12424426,4,1
"3BE1_HL_A|DL28N,PL30A,RL31K,SL32T,TL97S,TL98S,KH30S,DH31G,TH54S,NH55E,GH100V,DH102V,YL36A,IL33A",-2.7728782,-0.105837755,4,1
"3BE1_HL_A|DL28N,PL30A,RL31K,SL32T,YL57F,TL97S,TL98S",-0.8683455,0.016541116,4,1
"3BE1_HL_A|DL28N,PL30A,RL31K,SL32T,YL57F,TL97S,TL98S,KH30S,DH31G,TH54S,NH55E,GH100V,DH102V",-2.8824897,-0.20326862,4,1
3LZF_AB_HL|DA187E,0.49836498,-0.14990449,4,1
"3LZF_AB_HL|DA187E,DA222G",0.12738612,-0.16315043,4,1
3LZF_AB_HL|DA222G,0.5378587,-0.09093824,4,1
3NGB_HL_G|AH57G,-0.056030333,-0.49093226,4,1
"3NGB_HL_G|AH57G,VH58T,PH63K,VH74T",1.6734211,-0.35673046,4,1
"3NGB_HL_G|CH32S,CH102A",0.25899792,0.13105446,4,1
3NGB_HL_G|DH103A,0.05987142,0.29128808,4,1
3NGB_HL_G|EL88A,1.3199503,0.20652804,4,1
3NGB_HL_G|FL89A,0.85886127,0.106025584,4,1
3NGB_HL_G|GH55A,-1.2766591,0.20151463,4,1
3NGB_HL_G|GH55S,0.74304354,0.043919563,4,1
3NGB_HL_G|GH56A,1.2656107,0.19856027,4,1
3NGB_HL_G|IH30A,-0.0027431613,0.24370557,4,1
3NGB_HL_G|IH30T,0.0733938,-0.047987256,4,1
"3NGB_HL_G|IH30T,KH52N,RH54N,GH55S,AH57G,VH58T,RH62Q,PH63K,VH74T,YH75S,YL26S",0.86214453,-0.3809402,4,1
3NGB_HL_G|KH52A,0.62288266,0.018230848,4,1
3NGB_HL_G|KH52N,0.17497002,-0.24266654,4,1
3NGB_HL_G|MH70A,0.5305512,0.06472541,4,1
3NGB_HL_G|NH105A,1.1185741,0.124254994,4,1
3NGB_HL_G|NH59A,1.7671243,0.18532905,4,1
3NGB_HL_G|PH63A,-0.04252045,0.030227236,4,1
3NGB_HL_G|PH63K,0.23252328,-0.15747793,4,1
3NGB_HL_G|QH65A,-0.34038836,0.10869681,4,1
3NGB_HL_G|QL25A,-0.23060839,0.18465483,4,1
3NGB_HL_G|RH54A,-0.25938424,0.20078179,4,1
3NGB_HL_G|RH54N,0.04645046,-0.082563765,4,1
3NGB_HL_G|RH62A,0.9958448,0.15235254,4,1
3NGB_HL_G|RH62Q,0.09654992,-0.06387093,4,1
3NGB_HL_G|RH72A,1.6432176,0.24448717,4,1
3NGB_HL_G|SL28A,-0.14471176,0.16993386,4,1
3NGB_HL_G|TH33A,0.7071634,0.10413297,4,1
3NGB_HL_G|TH33Y,0.084193856,-0.21364942,4,1
"3NGB_HL_G|TH33Y,GH56S,AH57G,VH58T,PH63K,VH74T,YH75S",1.9381938,-0.3324137,4,1
3NGB_HL_G|VH58A,1.3584284,0.121258326,4,1
3NGB_HL_G|VH58T,0.13787223,-0.21522522,4,1
3NGB_HL_G|VH74A,1.087914,0.12678522,4,1
3NGB_HL_G|VH74T,0.16493925,-0.18501589,4,1
3NGB_HL_G|VL1A,-0.7733632,0.06990401,4,1
3NGB_HL_G|WH106A,4.0,0.063723065,4,1
3NGB_HL_G|WH47A,1.2021707,-0.075816095,4,1
3NGB_HL_G|WH50A,1.2917941,0.08344362,4,1
3NGB_HL_G|YH104A,1.4235861,0.1279656,4,1
3NGB_HL_G|YH60A,0.5484263,0.16923928,4,1
3NGB_HL_G|YH75A,-0.19932224,0.18869677,4,1
3NGB_HL_G|YH75S,0.3325709,-0.056984972,4,1
3NGB_HL_G|YL26A,0.98528093,0.12472997,4,1
3NGB_HL_G|YL26S,0.6512687,-0.10094168,4,1
3NGB_HL_G|YL87A,2.0227883,0.33614922,4,1
4JPK_HL_A|DA141R,3.857323,-0.18603599,4,1
"4JPK_HL_A|DA159N,DA33N",0.6189681,-0.2332978,4,1
4JPK_HL_A|FA144I,1.3875175,-0.11702283,4,1
4JPK_HL_A|FA63L,1.1672868,0.02474042,4,1
4JPK_HL_A|RA130K,0.23006605,-0.01858253,4,1
4JPK_HL_A|RA81T,0.75870305,0.0067428127,4,1
4JPK_HL_A|SA41G,2.151695,-0.28745794,4,1
4JPK_HL_A|TA35S,-0.032093357,-0.10315291,4,1
4JPK_HL_A|VA30N,0.59459484,-0.2373591,4,1
"1JRH_LH_I|AI49S,II51T,HI55D",0.070675574,-0.53401816,4,2
"1JRH_LH_I|AI85D,KI88R,EI90K",-0.047747865,-1.2814511,4,2
"1JRH_LH_I|AI93L,VI94M",0.63366294,-0.94222426,4,2
1JRH_LH_I|DH56A,1.8860998,1.3369014,4,2
1JRH_LH_I|DH57A,1.6660647,1.3397166,4,2
1JRH_LH_I|DH58A,1.8546488,1.6867722,4,2
1JRH_LH_I|DL28A,0.43464687,1.9686383,4,2
1JRH_LH_I|EI35Q,0.09956847,-0.42713052,4,2
1JRH_LH_I|EI45A,-0.5657849,1.1850946,4,2
1JRH_LH_I|EI45P,-3.7881775,-0.11985601,4,2
"1JRH_LH_I|EI45P,II47L",-3.4567804,-0.037986685,4,2
"1JRH_LH_I|EI45P,II47R",-3.4400978,-0.27080822,4,2
1JRH_LH_I|EL27A,0.5426153,1.5830554,4,2
1JRH_LH_I|FH103A,0.0,1.3737662,4,2
1JRH_LH_I|GI40A,4.0,1.2131886,4,2
1JRH_LH_I|HH107A,1.6977708,1.9655194,4,2
"1JRH_LH_I|II25N,PI27S,VI29T,VI31I",0.14370596,-0.2642845,4,2
1JRH_LH_I|KI37A,3.713863,1.9947561,4,2
1JRH_LH_I|KI37M,3.2923293,0.9518283,4,2
1JRH_LH_I|KI42A,3.3858175,1.7695792,4,2
1JRH_LH_I|KI42M,4.0,0.6735612,4,2
1JRH_LH_I|KI88A,0.31209365,1.5301762,4,2
"1JRH_LH_I|MI15L,II18V",-0.21360606,0.39836872,4,2
1JRH_LH_I|NI38A,0.1704579,1.2491293,4,2
1JRH_LH_I|NI38Q,0.5344714,-0.05968668,4,2
1JRH_LH_I|NI43A,4.0,1.8182423,4,2
1JRH_LH_I|NI69A,-0.19953421,1.3018965,4,2
1JRH_LH_I|RH100A,0.5426153,1.6542257,4,2
1JRH_LH_I|RI74A,0.3926171,1.612605,4,2
1JRH_LH_I|SI44A,0.37771076,1.3190216,4,2
"1JRH_LH_I|SI44G,EI45G,II47R",-3.3777049,-0.010132443,4,2
"1JRH_LH_I|SI44G,EI45P,II47K",-3.884419,-0.24419253,4,2
"1JRH_LH_I|SI61Y,DI62E,HI63Q,VI64I,GI65M,DI66Y,SI68D,NI69V,LI71A",2.9588323,0.42422912,4,2
1JRH_LH_I|SL93A,-0.65058374,1.0694114,4,2
1JRH_LH_I|TI4V,-0.025565991,-0.22721308,4,2
"1JRH_LH_I|TI9L,EI11K",-0.025565991,-0.40247378,4,2
1JRH_LH_I|TL94A,0.38526937,1.0180864,4,2
1JRH_LH_I|VI41A,1.6791569,1.2119328,4,2
"1JRH_LH_I|VI73A,RI78K",-0.21360606,0.28139883,4,2
1JRH_LH_I|WH54A,2.6862645,1.8507588,4,2
1JRH_LH_I|WH55A,2.4213178,1.8475548,4,2
1JRH_LH_I|WI46F,-0.25261214,-0.19267748,4,2
1JRH_LH_I|WI46Y,0.29852974,-0.16065837,4,2
1JRH_LH_I|WI72A,4.0,1.7248461,4,2
1JRH_LH_I|WI72F,1.102707,-0.021000775,4,2
1JRH_LH_I|WI72Y,1.1878273,-0.23046732,4,2
1JRH_LH_I|WL92A,2.818407,2.0792167,4,2
1JRH_LH_I|WL95A,1.6660647,1.7894152,4,2
1JRH_LH_I|YH104A,1.0610564,2.4016511,4,2
1JRH_LH_I|YH32A,1.4333102,2.216898,4,2
1JRH_LH_I|YH60A,1.2555921,2.2278264,4,2
1JRH_LH_I|YI39A,3.5271235,1.9858793,4,2
1JRH_LH_I|YI39F,0.9087807,0.29418734,4,2
1JRH_LH_I|YL30A,1.1084566,1.8682277,4,2
1JRH_LH_I|YL91A,0.58083415,1.5943013,4,2
1KIQ_AB_C|FB101Y,-2.4949589,-0.89044166,4,2
1XGR_AB_C|IB33A,2.260207,1.9726655,4,2
1XGR_AB_C|IB33F,-1.8004549,-0.24727282,4,2
1XGR_AB_C|IB33L,0.061315425,0.30166036,4,2
1XGR_AB_C|IB33V,1.1076277,0.47718742,4,2
2BDN_HL_A|DH31E,1.0852306,0.24557915,4,2
2BDN_HL_A|LH27K,0.8740124,0.68792087,4,2
2BDN_HL_A|LH27R,0.65058374,-0.13160096,4,2
2BDN_HL_A|NH28D,0.13214268,-0.9499059,4,2
2BDN_HL_A|NH28Q,1.3994616,-0.6894278,4,2
2BDN_HL_A|NL31K,3.4897714,-0.0029620114,4,2
2BDN_HL_A|NL31R,-0.9171868,-0.58050233,4,2
2BDN_HL_A|SL53D,-0.1605731,-1.210194,4,2
2BDN_HL_A|SL53E,-0.85132045,-0.9134757,4,2
2BDN_HL_A|TL56D,-0.4254655,-0.9266811,4,2
2BDN_HL_A|TL56E,-0.6888026,-0.6837714,4,2
2BDN_HL_A|YL30K,0.67475796,1.5286726,4,2
2NYY_DC_A|DA1030A,0.009336901,1.1913695,4,2
2NYY_DC_A|DA1034A,2.5297937,1.43607,4,2
2NYY_DC_A|DC30Y,0.64113563,-0.5275248,4,2
2NYY_DC_A|EA892A,2.839132,1.4349753,4,2
2NYY_DC_A|ED5Q,-0.2479871,0.057387296,4,2
2NYY_DC_A|FA889A,0.4193659,1.6649874,4,2
2NYY_DC_A|FA925A,4.0,1.4459722,4,2
2NYY_DC_A|HA1036A,4.0,1.6643552,4,2
2NYY_DC_A|HC34R,0.10088469,0.2425442,4,2
2NYY_DC_A|IA928A,-0.009487502,1.3523315,4,2
2NYY_DC_A|KA1028A,-0.028934313,1.2411747,4,2
2NYY_DC_A|KA875A,0.29098648,1.3105819,4,2
2NYY_DC_A|KA895A,-0.14014584,1.297993,4,2
2NYY_DC_A|KD29R,0.071385965,-0.73958963,4,2
"2NYY_DC_A|KD29S,YD30D,DD31H,SD60P",0.04961051,0.60024416,4,2
2NYY_DC_A|LA891A,2.5892105,0.9194599,4,2
2NYY_DC_A|MD33Q,-0.059869844,-0.1626965,4,2
2NYY_DC_A|NA890A,0.89044046,1.3198788,4,2
2NYY_DC_A|NA926A,0.09934822,1.478476,4,2
2NYY_DC_A|QA887A,0.5208145,0.8498222,4,2
2NYY_DC_A|RA1033A,0.82012254,1.3785998,4,2
2NYY_DC_A|RA1266A,0.2995321,1.687016,4,2
2NYY_DC_A|SA874A,-0.23032175,1.1758528,4,2
2NYY_DC_A|SA927A,0.0,1.4758099,4,2
2NYY_DC_A|SC28Q,0.4133828,-0.42197484,4,2
2NYY_DC_A|SC31N,-0.35338265,0.60118276,4,2
2NYY_DC_A|TA1035A,1.630871,1.236101,4,2
2NYY_DC_A|VD36I,-0.21317148,-0.23680972,4,2
"2NYY_DC_A|VD36I,ED5Q",-0.0490461,-0.16935343,4,2
2NYY_DC_A|YD30D,0.06462482,1.3917848,4,2
2NYY_DC_A|YD30Q,0.12897444,1.339446,4,2
2NYY_DC_A|YD56Q,0.5196862,1.1757029,4,2
2NZ9_DC_A|DA1030A,-0.031082604,1.2162995,4,2
2NZ9_DC_A|DA1034A,2.3396032,1.4400775,4,2
2NZ9_DC_A|EA892A,2.77036,1.4542964,4,2
2NZ9_DC_A|FA889A,-0.04961051,1.666964,4,2
2NZ9_DC_A|FA925A,3.340439,1.516573,4,2
2NZ9_DC_A|HA1036A,4.0,1.7643073,4,2
2NZ9_DC_A|IA928A,0.069281444,1.3451947,4,2
2NZ9_DC_A|KA1028A,-0.008714417,1.2637501,4,2
2NZ9_DC_A|KA875A,0.5407011,1.3570971,4,2
2NZ9_DC_A|KA895A,-0.29975358,1.384051,4,2
2NZ9_DC_A|LA891A,2.279965,0.92146504,4,2
2NZ9_DC_A|NA890A,2.1600318,1.3119458,4,2
2NZ9_DC_A|NA926A,-0.15216734,1.4974058,4,2
2NZ9_DC_A|QA887A,0.09926054,0.8865289,4,2
2NZ9_DC_A|RA1033A,0.29088098,1.4051645,4,2
2NZ9_DC_A|RA1266A,0.39015788,1.6712298,4,2
2NZ9_DC_A|SA874A,-0.11948046,1.1093035,4,2
2NZ9_DC_A|SA927A,-0.078544825,1.5242951,4,2
"2NZ9_DC_A|SD29K,DD30Y,HD31D",-0.04961051,-0.7798829,4,2
2NZ9_DC_A|TA1035A,2.3703818,1.3122842,4,2
2VIS_AB_C|IC89T,-4.0,-0.32161993,4,2
"3BE1_HL_A|DL28N,PL30A,RL31K,SL32T,TL97S,TL98S",-0.6860794,1.1712613,4,2
"3BE1_HL_A|DL28N,PL30A,RL31K,SL32T,TL97S,TL98S,KH30S,DH31G,TH54S,NH55E,GH100V,DH102V",-2.7728782,0.26319167,4,2
"3BE1_HL_A|DL28N,PL30A,RL31K,SL32T,TL97S,TL98S,KH30S,DH31G,TH54S,NH55E,GH100V,DH102V,YL36A",-3.190238,1.142795,4,2
"3BE1_HL_A|DL28N,PL30A,RL31K,SL32T,TL97S,TL98S,KH30S,DH31G,TH54S,NH55E,GH100V,DH102V,YL36A,IL33A",-2.7728782,1.422204,4,2
"3BE1_HL_A|DL28N,PL30A,RL31K,SL32T,YL57F,TL97S,TL98S",-0.8683455,1.2970983,4,2
"3BE1_HL_A|DL28N,PL30A,RL31K,SL32T,YL57F,TL97S,TL98S,KH30S,DH31G,TH54S,NH55E,GH100V,DH102V",-2.8824897,0.4383107,4,2
3LZF_AB_HL|DA187E,0.49836498,0.4849593,4,2
"3LZF_AB_HL|DA187E,DA222G",0.12738612,0.6813348,4,2
3LZF_AB_HL|DA222G,0.5378587,0.61010087,4,2
3NGB_HL_G|AH57G,-0.056030333,-1.6843033,4,2
"3NGB_HL_G|AH57G,VH58T,PH63K,VH74T",1.6734211,-0.07505284,4,2
"3NGB_HL_G|CH32S,CH102A",0.25899792,1.625043,4,2
3NGB_HL_G|DH103A,0.05987142,1.6410583,4,2
3NGB_HL_G|EL88A,1.3199503,1.3473419,4,2
3NGB_HL_G|FL89A,0.85886127,1.6588926,4,2
3NGB_HL_G|GH55A,-1.2766591,1.5357708,4,2
3NGB_HL_G|GH55S,0.74304354,1.0508202,4,2
3NGB_HL_G|GH56A,1.2656107,1.2256507,4,2
3NGB_HL_G|IH30A,-0.0027431613,1.3704064,4,2
3NGB_HL_G|IH30T,0.0733938,0.7407993,4,2
"3NGB_HL_G|IH30T,KH52N,RH54N,GH55S,AH57G,VH58T,RH62Q,PH63K,VH74T,YH75S,YL26S",0.86214453,2.0726101,4,2
3NGB_HL_G|KH52A,0.62288266,1.4050825,4,2
3NGB_HL_G|KH52N,0.17497002,0.53434867,4,2
3NGB_HL_G|MH70A,0.5305512,1.1493683,4,2
3NGB_HL_G|NH105A,1.1185741,1.0707154,4,2
3NGB_HL_G|NH59A,1.7671243,1.2933035,4,2
3NGB_HL_G|PH63A,-0.04252045,0.89754885,4,2
3NGB_HL_G|PH63K,0.23252328,0.5637616,4,2
3NGB_HL_G|QH65A,-0.34038836,1.393979,4,2
3NGB_HL_G|QL25A,-0.23060839,1.3707126,4,2
3NGB_HL_G|RH54A,-0.25938424,1.7336305,4,2
3NGB_HL_G|RH54N,0.04645046,0.9705957,4,2
3NGB_HL_G|RH62A,0.9958448,1.7963364,4,2
3NGB_HL_G|RH62Q,0.09654992,0.13588728,4,2
3NGB_HL_G|RH72A,1.6432176,1.5825524,4,2
3NGB_HL_G|SL28A,-0.14471176,0.87293345,4,2
3NGB_HL_G|TH33A,0.7071634,1.5308731,4,2
3NGB_HL_G|TH33Y,0.084193856,-1.1003255,4,2
"3NGB_HL_G|TH33Y,GH56S,AH57G,VH58T,PH63K,VH74T,YH75S",1.9381938,0.6503413,4,2
3NGB_HL_G|VH58A,1.3584284,1.4894011,4,2
3NGB_HL_G|VH58T,0.13787223,0.5031477,4,2
3NGB_HL_G|VH74A,1.087914,1.4508741,4,2
3NGB_HL_G|VH74T,0.16493925,0.4346005,4,2
3NGB_HL_G|VL1A,-0.7733632,1.0944378,4,2
3NGB_HL_G|WH106A,4.0,1.6808189,4,2
3NGB_HL_G|WH47A,1.2021707,1.6359504,4,2
3NGB_HL_G|WH50A,1.2917941,2.1291819,4,2
3NGB_HL_G|YH104A,1.4235861,2.047802,4,2
3NGB_HL_G|YH60A,0.5484263,1.6193199,4,2
3NGB_HL_G|YH75A,-0.19932224,1.8226962,4,2
3NGB_HL_G|YH75S,0.3325709,1.4749043,4,2
3NGB_HL_G|YL26A,0.98528093,1.9966002,4,2
3NGB_HL_G|YL26S,0.6512687,1.3629446,4,2
3NGB_HL_G|YL87A,2.0227883,2.0317788,4,2
4JPK_HL_A|DA141R,3.857323,0.051153623,4,2
"4JPK_HL_A|DA159N,DA33N",0.6189681,-0.075607345,4,2
4JPK_HL_A|FA144I,1.3875175,0.6413329,4,2
4JPK_HL_A|FA63L,1.1672868,0.5817015,4,2
4JPK_HL_A|RA130K,0.23006605,-0.051235598,4,2
4JPK_HL_A|RA81T,0.75870305,0.7101912,4,2
4JPK_HL_A|SA41G,2.151695,0.39666194,4,2
4JPK_HL_A|TA35S,-0.032093357,-0.31080648,4,2
4JPK_HL_A|VA30N,0.59459484,-0.48117083,4,2
