row_id,ddg_true,ddg_pred,fold,seed
1AHW_AB_C|DC167A,-0.4845926,1.6341068,0,0
"1AHW_AB_C|KC138A,DC139A",1.1814722,1.8955474,0,0
"1AHW_AB_C|KC154A,KC155A",-1.329712,1.175472,0,0
1AHW_AB_C|LC165A,0.9869364,1.2485464,0,0
1AHW_AB_C|NC188A,1.0782224,1.0824845,0,0
"1AHW_AB_C|TC110A,KC111A",0.6388569,1.0284323,0,0
1AHW_AB_C|TC156A,-0.07411996,1.4058616,0,0
1AHW_AB_C|TC159A,1.105771,1.5049739,0,0
1AHW_AB_C|TC186A,1.345882,0.70266813,0,0
1AHW_AB_C|VC187A,-0.31423107,1.2409105,0,0
1AHW_AB_C|YC146A,-1.8890098,1.867965,0,0
1BJ1_HL_VW|HH101Y,-1.5835956,-0.57857347,0,0
"1BJ1_HL_VW|HH101Y,YH103I,GH104A,SH105K",-0.43125325,0.26221323,0,0
"1BJ1_HL_VW|HH101Y,YH103R,GH104N,SH105T",-0.7626503,0.59372723,0,0
"1BJ1_HL_VW|HH101Y,YH103R,SH105T",-1.173123,-0.052306708,0,0
1BJ1_HL_VW|HH107A,0.78965265,1.1522859,0,0
"1BJ1_HL_VW|LH72I,TH74K",0.076517485,0.38267827,0,0
"1BJ1_HL_VW|LH72V,TH74V",0.6706598,0.368967,0,0
"1BJ1_HL_VW|ML4L,TH28D,NH31H,HH101Y,SH105T",-1.52138,-1.0677737,0,0
1BJ1_HL_VW|NH31H,-0.7626503,0.04311985,0,0
1BJ1_HL_VW|SH105T,-0.39039657,-0.022154514,0,0
1BJ1_HL_VW|TH28D,-0.22003505,-0.43828425,0,0
"1BJ1_HL_VW|TH28D,NH31H",-0.6929008,-0.6600868,0,0
"1BJ1_HL_VW|TH28D,NH31H,YH54W,HH101Y,SH105T",-1.2034981,-0.8064914,0,0
1BJ1_HL_VW|TH59A,0.85066694,0.92126954,0,0
1BJ1_HL_VW|YH27A,2.2425284,1.1926109,0,0
1BJ1_HL_VW|YH54A,1.3276595,1.4101079,0,0
1BJ1_HL_VW|YH54W,-0.13726985,0.5466133,0,0
1BJ1_HL_VW|YH99A,4.0,1.3433459,0,0
1DQJ_AB_C|DB32A,2.0134337,1.758643,0,0
"1DQJ_AB_C|DB32A,KC97A",1.1223834,2.1645074,0,0
1DQJ_AB_C|DC101A,1.3765504,1.7506641,0,0
1DQJ_AB_C|KC96A,4.0,1.0696695,0,0
1DQJ_AB_C|KC97A,3.5197058,1.0181208,0,0
1DQJ_AB_C|LC75A,1.452407,1.3677315,0,0
1DQJ_AB_C|NA31A,2.0134337,1.5378906,0,0
1DQJ_AB_C|NA32A,4.0,1.4932295,0,0
"1DQJ_AB_C|NA32A,KC96A",4.0,2.0902476,0,0
1DQJ_AB_C|NC93A,0.64987326,0.91291493,0,0
1DQJ_AB_C|RC21A,1.2137709,1.173939,0,0
1DQJ_AB_C|SA91A,1.4318883,1.4667715,0,0
"1DQJ_AB_C|SA91A,RC21A",3.1707318,2.3443167,0,0
"1DQJ_AB_C|SA91A,YC20A",3.573092,3.3738692,0,0
1DQJ_AB_C|SC100A,0.7755829,1.5169141,0,0
1DQJ_AB_C|TC89A,0.84084374,0.75351304,0,0
1DQJ_AB_C|WB98A,4.0,1.6432538,0,0
"1DQJ_AB_C|WB98A,KC97A",4.0,2.6515455,0,0
"1DQJ_AB_C|WB98A,SC100A",4.0,2.7456536,0,0
"1DQJ_AB_C|WB98A,YC20A",4.0,3.7690737,0,0
1DQJ_AB_C|WC62A,0.7580786,0.83976394,0,0
1DQJ_AB_C|WC63A,1.3462692,1.7629069,0,0
1DQJ_AB_C|YA50A,2.678299,2.0951986,0,0
1DQJ_AB_C|YA96A,1.135051,1.2838346,0,0
"1DQJ_AB_C|YA96A,RC21A",3.4851997,2.169371,0,0
"1DQJ_AB_C|YA96A,SC100A",0.91344726,2.0967104,0,0
1DQJ_AB_C|YB33A,4.0,3.5407112,0,0
1DQJ_AB_C|YB50A,4.0,2.4038727,0,0
1DQJ_AB_C|YB53A,1.1802781,1.1143354,0,0
"1DQJ_AB_C|YB53A,DC101A",2.727121,2.7810194,0,0
"1DQJ_AB_C|YB53A,LC75A",1.2168618,2.529444,0,0
"1DQJ_AB_C|YB53A,WC62A",1.286308,2.362185,0,0
"1DQJ_AB_C|YB53A,WC63A",2.1992323,2.9433417,0,0
1DQJ_AB_C|YC20A,3.2857084,2.1369371,0,0
1XGT_AB_C|LB33A,2.1988916,2.9552343,0,0
1XGT_AB_C|LB33F,-1.8617703,-0.78156394,0,0
1XGT_AB_C|LB33I,-0.061315425,0.7186037,0,0
1XGT_AB_C|LB33V,1.0463123,1.9925116,0,0
"3BDY_HL_V|DL28N,PL30A,RL31K,SL32T,TL97S,TL98S",-0.9690793,-0.11006783,0,0
"3BDY_HL_V|DL28N,PL30A,RL31K,SL32T,TL97S,TL98S,KH31S,DH32G,TH55S,NH56E,GH101V,DH103V",-2.7154896,-2.0595949,0,0
"3BDY_HL_V|DL28N,PL30A,RL31K,SL32T,TL97S,TL98S,KH31S,DH32G,TH55S,NH56E,GH101V,DH103V,RH51A,RH60A",-2.7728782,-1.8056557,0,0
"3BDY_HL_V|DL28N,PL30A,RL31K,SL32T,YL57F,TL97S,TL98S",-0.97316396,-0.36618206,0,0
"3BDY_HL_V|DL28N,PL30A,RL31K,SL32T,YL57F,TL97S,TL98S,KH31S,DH32G,TH55S,NH56E,GH101V,DH103V",-2.727121,-2.2329752,0,0
3HFM_HL_Y|DH32A,1.8982269,1.5211525,0,0
"3HFM_HL_Y|DH32A,KY97A",4.0,1.8980111,0,0
"3HFM_HL_Y|DH32A,KY97M",1.1234494,1.212195,0,0
3HFM_HL_Y|DH32N,0.17036153,0.7336317,0,0
"3HFM_HL_Y|DH32N,KY97A",4.0,1.6084585,0,0
"3HFM_HL_Y|DH32N,KY97M",0.3025042,0.8035016,0,0
3HFM_HL_Y|DY101A,1.2081919,1.4857655,0,0
3HFM_HL_Y|DY101E,2.132881,-0.022816323,0,0
3HFM_HL_Y|DY101F,2.3282614,0.0404329,0,0
3HFM_HL_Y|DY101G,0.35884774,0.9589922,0,0
3HFM_HL_Y|DY101K,2.1245396,0.9426391,0,0
3HFM_HL_Y|DY101N,1.4911126,0.8350584,0,0
3HFM_HL_Y|DY101Q,2.0851746,-0.69082147,0,0
3HFM_HL_Y|DY101R,2.2798727,0.88242304,0,0
3HFM_HL_Y|DY101S,1.8694,0.053977884,0,0
3HFM_HL_Y|GY102V,0.395285,-0.4356329,0,0
3HFM_HL_Y|HY15A,-0.4453172,1.5921633,0,0
3HFM_HL_Y|IY98A,0.0,0.93323153,0,0
3HFM_HL_Y|KY96A,4.0,1.0604465,0,0
3HFM_HL_Y|KY96M,4.0,0.2744774,0,0
3HFM_HL_Y|KY96R,4.0,-0.13737689,0,0
3HFM_HL_Y|KY97A,4.0,0.9257969,0,0
3HFM_HL_Y|KY97D,4.0,0.05268167,0,0
3HFM_HL_Y|KY97E,3.6045077,0.17586245,0,0
3HFM_HL_Y|KY97G,4.0,0.27822322,0,0
3HFM_HL_Y|KY97M,0.9469717,0.20334063,0,0
3HFM_HL_Y|KY97R,3.0528512,-0.1104564,0,0
3HFM_HL_Y|LY75A,0.70445603,1.076331,0,0
3HFM_HL_Y|NL31A,4.0,1.1801004,0,0
"3HFM_HL_Y|NL31A,KY96A",4.0,1.6609273,0,0
3HFM_HL_Y|NL31D,1.3434845,-0.48648804,0,0
3HFM_HL_Y|NL31E,4.0,0.41136092,0,0
3HFM_HL_Y|NL32A,4.0,0.9878553,0,0
3HFM_HL_Y|NY19D,0.41047263,0.101867735,0,0
3HFM_HL_Y|NY19K,0.2401111,0.68423057,0,0
3HFM_HL_Y|NY19Q,-0.042485796,-0.2912484,0,0
3HFM_HL_Y|NY93A,0.21121821,0.8537936,0,0
3HFM_HL_Y|QL53A,0.9530879,0.17274503,0,0
3HFM_HL_Y|RY21A,0.8618019,1.1457337,0,0
3HFM_HL_Y|RY21E,2.4534352,-0.6448159,0,0
3HFM_HL_Y|RY21G,2.4220753,0.2597892,0,0
3HFM_HL_Y|RY21H,2.1693182,-0.5311275,0,0
3HFM_HL_Y|RY21K,1.766342,0.41265512,0,0
3HFM_HL_Y|RY21M,2.0498905,0.4634876,0,0
3HFM_HL_Y|RY21N,2.3282614,0.28474554,0,0
3HFM_HL_Y|RY21Q,2.3975346,-1.2302393,0,0
3HFM_HL_Y|RY21W,2.132881,0.39680007,0,0
3HFM_HL_Y|RY73A,-0.3313971,1.4186547,0,0
3HFM_HL_Y|SH31A,0.17036153,0.9343593,0,0
3HFM_HL_Y|SY100A,0.26765963,1.1448321,0,0
3HFM_HL_Y|TY89A,0.0,0.71688294,0,0
3HFM_HL_Y|WH98A,4.0,1.4779013,0,0
"3HFM_HL_Y|WH98A,KY96A",4.0,2.3591614,0,0
3HFM_HL_Y|WH98F,3.245562,-0.08534134,0,0
"3HFM_HL_Y|WH98F,YY20A",4.0,2.301492,0,0
3HFM_HL_Y|WY63A,0.31918663,1.889051,0,0
3HFM_HL_Y|YH33A,4.0,3.2407525,0,0
"3HFM_HL_Y|YH33A,KY97A",4.0,3.2986012,0,0
3HFM_HL_Y|YH33F,1.0712212,0.4648932,0,0
3HFM_HL_Y|YH33L,2.0069382,1.1967306,0,0
3HFM_HL_Y|YH33W,1.7495645,1.9929096,0,0
3HFM_HL_Y|YH50A,4.0,2.3949397,0,0
"3HFM_HL_Y|YH50A,RY21A",4.0,3.0219212,0,0
3HFM_HL_Y|YH50F,1.6099914,0.0040635495,0,0
3HFM_HL_Y|YH50L,2.8488367,0.34587872,0,0
3HFM_HL_Y|YH53A,3.25038,1.3989359,0,0
3HFM_HL_Y|YH53F,0.62049925,0.31087297,0,0
3HFM_HL_Y|YH53L,0.8068894,0.10575926,0,0
3HFM_HL_Y|YH53W,0.7061819,0.541109,0,0
3HFM_HL_Y|YH58A,1.6760437,2.2650707,0,0
3HFM_HL_Y|YH58F,0.36312544,0.41909474,0,0
3HFM_HL_Y|YH58L,1.5136731,0.28772125,0,0
3HFM_HL_Y|YL50A,4.0,1.6359066,0,0
"3HFM_HL_Y|YL50A,KY96A",4.0,2.1438308,0,0
"3HFM_HL_Y|YL50A,KY97A",4.0,2.0761566,0,0
"3HFM_HL_Y|YL50A,RY21A",4.0,2.635907,0,0
3HFM_HL_Y|YL50F,2.3548672,0.50752616,0,0
"3HFM_HL_Y|YL50F,RY21A",4.0,1.5786417,0,0
"3HFM_HL_Y|YL50F,YY20A",4.0,2.2460108,0,0
3HFM_HL_Y|YL50L,4.0,0.3246313,0,0
3HFM_HL_Y|YL96A,2.707045,1.4506621,0,0
"3HFM_HL_Y|YL96A,RY21A",4.0,2.1587555,0,0
3HFM_HL_Y|YL96F,1.4017794,0.109155364,0,0
"3HFM_HL_Y|YL96F,RY21A",4.0,1.0170175,0,0
3HFM_HL_Y|YY20A,4.0,2.025415,0,0
3HFM_HL_Y|YY20F,-0.4839681,0.6837886,0,0
3HFM_HL_Y|YY20L,2.1845057,1.3984338,0,0
3SE9_HL_G|DH77A,-0.7664817,1.010173,0,0
3SE9_HL_G|EL90A,0.41735974,1.4339154,0,0
3SE9_HL_G|FL91A,0.023615688,1.5811219,0,0
3SE9_HL_G|GH106A,-0.3075798,0.8409031,0,0
3SE9_HL_G|GH107A,-0.6151596,0.70343965,0,0
3SE9_HL_G|GH109A,0.18514356,1.2810912,0,0
3SE9_HL_G|GH57A,0.4524448,1.295287,0,0
3SE9_HL_G|GH62A,0.04634,1.3087145,0,0
3SE9_HL_G|GL29A,0.46369976,0.87558323,0,0
3SE9_HL_G|LH34A,0.56599987,2.3042028,0,0
3SE9_HL_G|LL89A,0.964243,1.9476706,0,0
3SE9_HL_G|NH60A,1.5217615,1.4823092,0,0
3SE9_HL_G|PH64A,-0.4419396,0.1595294,0,0
3SE9_HL_G|RH67A,1.4695449,0.91807395,0,0
3SE9_HL_G|RH74A,2.6792572,1.3289315,0,0
3SE9_HL_G|RH76A,-0.2322162,1.1340287,0,0
3SE9_HL_G|TH105A,-0.4419396,0.49169955,0,0
3SE9_HL_G|TH56A,-0.85929936,0.88543564,0,0
3SE9_HL_G|VH55A,-0.85929936,0.9313742,0,0
3SE9_HL_G|VH59A,0.9833596,1.6738372,0,0
3SE9_HL_G|VL3A,-0.49433115,0.8880742,0,0
3SE9_HL_G|WH48A,1.0584464,1.6580399,0,0
3SE9_HL_G|WH51A,1.275695,2.489268,0,0
3SE9_HL_G|YH104A,0.46369976,1.5194386,0,0
3SE9_HL_G|YL28A,1.1177194,1.1848757,0,0
4U6H_AB_E|NE21A,-0.3480795,1.387405,0,0
4U6H_AB_E|QE25A,0.11883454,2.0960972,0,0
4ZS6_HL_A|EA156A,3.0386665,1.4689852,0,0
4ZS6_HL_A|YA160A,-0.11025046,2.3793457,0,0
1AHW_AB_C|DC167A,-0.4845926,1.6248366,0,1
"1AHW_AB_C|KC138A,DC139A",1.1814722,2.3776662,0,1
"1AHW_AB_C|KC154A,KC155A",-1.329712,2.4358876,0,1
1AHW_AB_C|LC165A,0.9869364,1.4922903,0,1
1AHW_AB_C|NC188A,1.0782224,1.5557724,0,1
"1AHW_AB_C|TC110A,KC111A",0.6388569,1.6178002,0,1
1AHW_AB_C|TC156A,-0.07411996,1.6338938,0,1
1AHW_AB_C|TC159A,1.105771,1.2103235,0,1
1AHW_AB_C|TC186A,1.345882,0.74570084,0,1
1AHW_AB_C|VC187A,-0.31423107,1.5074271,0,1
1AHW_AB_C|YC146A,-1.8890098,1.4086668,0,1
1BJ1_HL_VW|HH101Y,-1.5835956,-1.0512313,0,1
"1BJ1_HL_VW|HH101Y,YH103I,GH104A,SH105K",-0.43125325,0.7695473,0,1
"1BJ1_HL_VW|HH101Y,YH103R,GH104N,SH105T",-0.7626503,0.9570203,0,1
"1BJ1_HL_VW|HH101Y,YH103R,SH105T",-1.173123,0.046168562,0,1
1BJ1_HL_VW|HH107A,0.78965265,0.5054274,0,1
"1BJ1_HL_VW|LH72I,TH74K",0.076517485,0.62199867,0,1
"1BJ1_HL_VW|LH72V,TH74V",0.6706598,0.21095935,0,1
"1BJ1_HL_VW|ML4L,TH28D,NH31H,HH101Y,SH105T",-1.52138,-1.6843189,0,1
1BJ1_HL_VW|NH31H,-0.7626503,-0.23460154,0,1
1BJ1_HL_VW|SH105T,-0.39039657,-0.06459324,0,1
1BJ1_HL_VW|TH28D,-0.22003505,-0.23656343,0,1
"1BJ1_HL_VW|TH28D,NH31H",-0.6929008,-0.87774885,0,1
"1BJ1_HL_VW|TH28D,NH31H,YH54W,HH101Y,SH105T",-1.2034981,-1.6268287,0,1
1BJ1_HL_VW|TH59A,0.85066694,0.9366439,0,1
1BJ1_HL_VW|YH27A,2.2425284,0.9432393,0,1
1BJ1_HL_VW|YH54A,1.3276595,1.2932252,0,1
1BJ1_HL_VW|YH54W,-0.13726985,0.03661313,0,1
1BJ1_HL_VW|YH99A,4.0,1.1709833,0,1
1DQJ_AB_C|DB32A,2.0134337,1.923437,0,1
"1DQJ_AB_C|DB32A,KC97A",1.1223834,3.0380378,0,1
1DQJ_AB_C|DC101A,1.3765504,2.1528103,0,1
1DQJ_AB_C|KC96A,4.0,1.7966689,0,1
1DQJ_AB_C|KC97A,3.5197058,2.0359719,0,1
1DQJ_AB_C|LC75A,1.452407,1.5932376,0,1
1DQJ_AB_C|NA31A,2.0134337,1.1517965,0,1
1DQJ_AB_C|NA32A,4.0,1.2809258,0,1
"1DQJ_AB_C|NA32A,KC96A",4.0,2.3463466,0,1
1DQJ_AB_C|NC93A,0.64987326,1.5656911,0,1
1DQJ_AB_C|RC21A,1.2137709,1.8105761,0,1
1DQJ_AB_C|SA91A,1.4318883,1.276668,0,1
"1DQJ_AB_C|SA91A,RC21A",3.1707318,2.5592475,0,1
"1DQJ_AB_C|SA91A,YC20A",3.573092,3.0283809,0,1
1DQJ_AB_C|SC100A,0.7755829,1.8667098,0,1
1DQJ_AB_C|TC89A,0.84084374,0.84529406,0,1
1DQJ_AB_C|WB98A,4.0,1.9558798,0,1
"1DQJ_AB_C|WB98A,KC97A",4.0,3.107285,0,1
"1DQJ_AB_C|WB98A,SC100A",4.0,3.1875281,0,1
"1DQJ_AB_C|WB98A,YC20A",4.0,3.678316,0,1
1DQJ_AB_C|WC62A,0.7580786,1.3579787,0,1
1DQJ_AB_C|WC63A,1.3462692,2.0649953,0,1
1DQJ_AB_C|YA50A,2.678299,1.9157282,0,1
1DQJ_AB_C|YA96A,1.135051,1.2720708,0,1
"1DQJ_AB_C|YA96A,RC21A",3.4851997,2.653161,0,1
"1DQJ_AB_C|YA96A,SC100A",0.91344726,2.46662,0,1
1DQJ_AB_C|YB33A,4.0,2.8672018,0,1
1DQJ_AB_C|YB50A,4.0,2.163257,0,1
1DQJ_AB_C|YB53A,1.1802781,0.9446826,0,1
"1DQJ_AB_C|YB53A,DC101A",2.727121,3.1290283,0,1
"1DQJ_AB_C|YB53A,LC75A",1.2168618,2.42263,0,1
"1DQJ_AB_C|YB53A,WC62A",1.286308,2.3851783,0,1
"1DQJ_AB_C|YB53A,WC63A",2.1992323,2.874219,0,1
1DQJ_AB_C|YC20A,3.2857084,2.2391057,0,1
1XGT_AB_C|LB33A,2.1988916,2.4293165,0,1
1XGT_AB_C|LB33F,-1.8617703,-1.0633742,0,1
1XGT_AB_C|LB33I,-0.061315425,1.3570089,0,1
1XGT_AB_C|LB33V,1.0463123,1.7378689,0,1
"3BDY_HL_V|DL28N,PL30A,RL31K,SL32T,TL97S,TL98S",-0.9690793,-0.16409852,0,1
"3BDY_HL_V|DL28N,PL30A,RL31K,SL32T,TL97S,TL98S,KH31S,DH32G,TH55S,NH56E,GH101V,DH103V",-2.7154896,-2.9052415,0,1
"3BDY_HL_V|DL28N,PL30A,RL31K,SL32T,TL97S,TL98S,KH31S,DH32G,TH55S,NH56E,GH101V,DH103V,RH51A,RH60A",-2.7728782,-2.6105862,0,1
"3BDY_HL_V|DL28N,PL30A,RL31K,SL32T,YL57F,TL97S,TL98S",-0.97316396,-0.22756268,0,1
"3BDY_HL_V|DL28N,PL30A,RL31K,SL32T,YL57F,TL97S,TL98S,KH31S,DH32G,TH55S,NH56E,GH101V,DH103V",-2.727121,-3.0609243,0,1
3HFM_HL_Y|DH32A,1.8982269,1.525185,0,1
"3HFM_HL_Y|DH32A,KY97A",4.0,2.6462913,0,1
"3HFM_HL_Y|DH32A,KY97M",1.1234494,2.2859087,0,1
3HFM_HL_Y|DH32N,0.17036153,0.45163503,0,1
"3HFM_HL_Y|DH32N,KY97A",4.0,2.3612187,0,1
"3HFM_HL_Y|DH32N,KY97M",0.3025042,2.0774884,0,1
3HFM_HL_Y|DY101A,1.2081919,2.2251391,0,1
3HFM_HL_Y|DY101E,2.132881,0.44283321,0,1
3HFM_HL_Y|DY101F,2.3282614,0.56779504,0,1
3HFM_HL_Y|DY101G,0.35884774,0.06926933,0,1
3HFM_HL_Y|DY101K,2.1245396,0.5093772,0,1
3HFM_HL_Y|DY101N,1.4911126,0.25307828,0,1
3HFM_HL_Y|DY101Q,2.0851746,-0.14193547,0,1
3HFM_HL_Y|DY101R,2.2798727,0.89928156,0,1
3HFM_HL_Y|DY101S,1.8694,0.4120872,0,1
3HFM_HL_Y|GY102V,0.395285,-0.047011428,0,1
3HFM_HL_Y|HY15A,-0.4453172,2.0272024,0,1
3HFM_HL_Y|IY98A,0.0,0.7757973,0,1
3HFM_HL_Y|KY96A,4.0,1.7252092,0,1
3HFM_HL_Y|KY96M,4.0,1.2183838,0,1
3HFM_HL_Y|KY96R,4.0,0.83400697,0,1
3HFM_HL_Y|KY97A,4.0,2.057485,0,1
3HFM_HL_Y|KY97D,4.0,0.9082251,0,1
3HFM_HL_Y|KY97E,3.6045077,1.153666,0,1
3HFM_HL_Y|KY97G,4.0,0.76087165,0,1
3HFM_HL_Y|KY97M,0.9469717,1.6903309,0,1
3HFM_HL_Y|KY97R,3.0528512,0.80883867,0,1
3HFM_HL_Y|LY75A,0.70445603,1.3188677,0,1
3HFM_HL_Y|NL31A,4.0,1.220818,0,1
"3HFM_HL_Y|NL31A,KY96A",4.0,2.1697328,0,1
3HFM_HL_Y|NL31D,1.3434845,-0.6438524,0,1
3HFM_HL_Y|NL31E,4.0,0.15035298,0,1
3HFM_HL_Y|NL32A,4.0,0.8540425,0,1
3HFM_HL_Y|NY19D,0.41047263,0.44007355,0,1
3HFM_HL_Y|NY19K,0.2401111,0.06135306,0,1
3HFM_HL_Y|NY19Q,-0.042485796,0.26642105,0,1
3HFM_HL_Y|NY93A,0.21121821,1.5261955,0,1
3HFM_HL_Y|QL53A,0.9530879,0.1723612,0,1
3HFM_HL_Y|RY21A,0.8618019,1.9343795,0,1
3HFM_HL_Y|RY21E,2.4534352,0.15802844,0,1
3HFM_HL_Y|RY21G,2.4220753,-0.30614847,0,1
3HFM_HL_Y|RY21H,2.1693182,-0.1395566,0,1
3HFM_HL_Y|RY21K,1.766342,-0.85175675,0,1
3HFM_HL_Y|RY21M,2.0498905,0.7749233,0,1
3HFM_HL_Y|RY21N,2.3282614,-0.10889158,0,1
3HFM_HL_Y|RY21Q,2.3975346,-0.5521322,0,1
3HFM_HL_Y|RY21W,2.132881,-0.046322796,0,1
3HFM_HL_Y|RY73A,-0.3313971,1.6703029,0,1
3HFM_HL_Y|SH31A,0.17036153,0.8046838,0,1
3HFM_HL_Y|SY100A,0.26765963,1.5192256,0,1
3HFM_HL_Y|TY89A,0.0,0.7605139,0,1
3HFM_HL_Y|WH98A,4.0,1.7263726,0,1
"3HFM_HL_Y|WH98A,KY96A",4.0,2.5718577,0,1
3HFM_HL_Y|WH98F,3.245562,0.045763884,0,1
"3HFM_HL_Y|WH98F,YY20A",4.0,2.6427357,0,1
3HFM_HL_Y|WY63A,0.31918663,2.2509632,0,1
3HFM_HL_Y|YH33A,4.0,2.592531,0,1
"3HFM_HL_Y|YH33A,KY97A",4.0,3.6860774,0,1
3HFM_HL_Y|YH33F,1.0712212,0.48115486,0,1
3HFM_HL_Y|YH33L,2.0069382,1.2144511,0,1
3HFM_HL_Y|YH33W,1.7495645,1.1897513,0,1
3HFM_HL_Y|YH50A,4.0,2.2088661,0,1
"3HFM_HL_Y|YH50A,RY21A",4.0,3.524224,0,1
3HFM_HL_Y|YH50F,1.6099914,0.4692474,0,1
3HFM_HL_Y|YH50L,2.8488367,1.03888,0,1
3HFM_HL_Y|YH53A,3.25038,1.3156759,0,1
3HFM_HL_Y|YH53F,0.62049925,0.4567251,0,1
3HFM_HL_Y|YH53L,0.8068894,0.5785451,0,1
3HFM_HL_Y|YH53W,0.7061819,0.14549632,0,1
3HFM_HL_Y|YH58A,1.6760437,1.6648798,0,1
3HFM_HL_Y|YH58F,0.36312544,0.18029769,0,1
3HFM_HL_Y|YH58L,1.5136731,0.81668305,0,1
3HFM_HL_Y|YL50A,4.0,1.6280288,0,1
"3HFM_HL_Y|YL50A,KY96A",4.0,2.6287951,0,1
"3HFM_HL_Y|YL50A,KY97A",4.0,2.937098,0,1
"3HFM_HL_Y|YL50A,RY21A",4.0,3.1756015,0,1
3HFM_HL_Y|YL50F,2.3548672,0.64045346,0,1
"3HFM_HL_Y|YL50F,RY21A",4.0,2.5314987,0,1
"3HFM_HL_Y|YL50F,YY20A",4.0,2.7604568,0,1
3HFM_HL_Y|YL50L,4.0,0.7840505,0,1
3HFM_HL_Y|YL96A,2.707045,1.3940452,0,1
"3HFM_HL_Y|YL96A,RY21A",4.0,2.8363714,0,1
3HFM_HL_Y|YL96F,1.4017794,0.26239163,0,1
"3HFM_HL_Y|YL96F,RY21A",4.0,2.0491877,0,1
3HFM_HL_Y|YY20A,4.0,2.2294705,0,1
3HFM_HL_Y|YY20F,-0.4839681,0.9040803,0,1
3HFM_HL_Y|YY20L,2.1845057,1.4017552,0,1
3SE9_HL_G|DH77A,-0.7664817,0.8863368,0,1
3SE9_HL_G|EL90A,0.41735974,0.99707174,0,1
3SE9_HL_G|FL91A,0.023615688,1.7352134,0,1
3SE9_HL_G|GH106A,-0.3075798,1.2631418,0,1
3SE9_HL_G|GH107A,-0.6151596,0.8055517,0,1
3SE9_HL_G|GH109A,0.18514356,1.3880389,0,1
3SE9_HL_G|GH57A,0.4524448,1.464781,0,1
3SE9_HL_G|GH62A,0.04634,1.3684047,0,1
3SE9_HL_G|GL29A,0.46369976,0.7517744,0,1
3SE9_HL_G|LH34A,0.56599987,1.7841293,0,1
3SE9_HL_G|LL89A,0.964243,1.8475946,0,1
3SE9_HL_G|NH60A,1.5217615,0.9737032,0,1
3SE9_HL_G|PH64A,-0.4419396,0.13129133,0,1
3SE9_HL_G|RH67A,1.4695449,1.101865,0,1
3SE9_HL_G|RH74A,2.6792572,1.4396254,0,1
3SE9_HL_G|RH76A,-0.2322162,1.0991315,0,1
3SE9_HL_G|TH105A,-0.4419396,0.5577556,0,1
3SE9_HL_G|TH56A,-0.85929936,0.8698786,0,1
3SE9_HL_G|VH55A,-0.85929936,0.5175933,0,1
3SE9_HL_G|VH59A,0.9833596,1.1137499,0,1
3SE9_HL_G|VL3A,-0.49433115,0.51882726,0,1
3SE9_HL_G|WH48A,1.0584464,1.4193889,0,1
3SE9_HL_G|WH51A,1.275695,2.302946,0,1
3SE9_HL_G|YH104A,0.46369976,1.4686885,0,1
3SE9_HL_G|YL28A,1.1177194,0.6798432,0,1
4U6H_AB_E|NE21A,-0.3480795,2.2297244,0,1
4U6H_AB_E|QE25A,0.11883454,1.990096,0,1
4ZS6_HL_A|EA156A,3.0386665,0.95668787,0,1
4ZS6_HL_A|YA160A,-0.11025046,2.163559,0,1
1AHW_AB_C|DC167A,-0.4845926,1.375433,0,2
"1AHW_AB_C|KC138A,DC139A",1.1814722,2.29645,0,2
"1AHW_AB_C|KC154A,KC155A",-1.329712,2.0090778,0,2
1AHW_AB_C|LC165A,0.9869364,0.91425824,0,2
1AHW_AB_C|NC188A,1.0782224,1.0726699,0,2
"1AHW_AB_C|TC110A,KC111A",0.6388569,0.87300783,0,2
1AHW_AB_C|TC156A,-0.07411996,1.3376424,0,2
1AHW_AB_C|TC159A,1.105771,1.2904432,0,2
1AHW_AB_C|TC186A,1.345882,0.34805712,0,2
1AHW_AB_C|VC187A,-0.31423107,1.0215786,0,2
1AHW_AB_C|YC146A,-1.8890098,1.5449777,0,2
1BJ1_HL_VW|HH101Y,-1.5835956,-1.5965403,0,2
"1BJ1_HL_VW|HH101Y,YH103I,GH104A,SH105K",-0.43125325,0.38637388,0,2
"1BJ1_HL_VW|HH101Y,YH103R,GH104N,SH105T",-0.7626503,0.5210947,0,2
"1BJ1_HL_VW|HH101Y,YH103R,SH105T",-1.173123,-0.84706867,0,2
1BJ1_HL_VW|HH107A,0.78965265,0.9914286,0,2
"1BJ1_HL_VW|LH72I,TH74K",0.076517485,0.103920385,0,2
"1BJ1_HL_VW|LH72V,TH74V",0.6706598,0.054408927,0,2
"1BJ1_HL_VW|ML4L,TH28D,NH31H,HH101Y,SH105T",-1.52138,-2.3951826,0,2
1BJ1_HL_VW|NH31H,-0.7626503,-0.061312273,0,2
1BJ1_HL_VW|SH105T,-0.39039657,-0.10263194,0,2
1BJ1_HL_VW|TH28D,-0.22003505,-0.21996135,0,2
"1BJ1_HL_VW|TH28D,NH31H",-0.6929008,-0.7525729,0,2
"1BJ1_HL_VW|TH28D,NH31H,YH54W,HH101Y,SH105T",-1.2034981,-1.9270008,0,2
1BJ1_HL_VW|TH59A,0.85066694,0.66741866,0,2
1BJ1_HL_VW|YH27A,2.2425284,0.49661255,0,2
1BJ1_HL_VW|YH54A,1.3276595,0.75962794,0,2
1BJ1_HL_VW|YH54W,-0.13726985,-0.28895056,0,2
1BJ1_HL_VW|YH99A,4.0,1.1737591,0,2
1DQJ_AB_C|DB32A,2.0134337,2.328623,0,2
"1DQJ_AB_C|DB32A,KC97A",1.1223834,3.1422818,0,2
1DQJ_AB_C|DC101A,1.3765504,3.0953689,0,2
1DQJ_AB_C|KC96A,4.0,1.3901935,0,2
1DQJ_AB_C|KC97A,3.5197058,1.3934174,0,2
1DQJ_AB_C|LC75A,1.452407,1.1973181,0,2
1DQJ_AB_C|NA31A,2.0134337,1.314322,0,2
1DQJ_AB_C|NA32A,4.0,1.33854,0,2
"1DQJ_AB_C|NA32A,KC96A",4.0,2.388366,0,2
1DQJ_AB_C|NC93A,0.64987326,0.4687838,0,2
1DQJ_AB_C|RC21A,1.2137709,1.5993909,0,2
1DQJ_AB_C|SA91A,1.4318883,1.12133,0,2
"1DQJ_AB_C|SA91A,RC21A",3.1707318,2.4136236,0,2
"1DQJ_AB_C|SA91A,YC20A",3.573092,3.2830226,0,2
1DQJ_AB_C|SC100A,0.7755829,1.65568,0,2
1DQJ_AB_C|TC89A,0.84084374,0.5829582,0,2
1DQJ_AB_C|WB98A,4.0,2.337601,0,2
"1DQJ_AB_C|WB98A,KC97A",4.0,3.3237762,0,2
"1DQJ_AB_C|WB98A,SC100A",4.0,3.2169611,0,2
"1DQJ_AB_C|WB98A,YC20A",4.0,4.206301,0,2
1DQJ_AB_C|WC62A,0.7580786,1.6229194,0,2
1DQJ_AB_C|WC63A,1.3462692,2.2431922,0,2
1DQJ_AB_C|YA50A,2.678299,1.6713091,0,2
1DQJ_AB_C|YA96A,1.135051,0.9623138,0,2
"1DQJ_AB_C|YA96A,RC21A",3.4851997,2.442134,0,2
"1DQJ_AB_C|YA96A,SC100A",0.91344726,2.0051966,0,2
1DQJ_AB_C|YB33A,4.0,3.1441138,0,2
1DQJ_AB_C|YB50A,4.0,1.5627261,0,2
1DQJ_AB_C|YB53A,1.1802781,0.95396674,0,2
"1DQJ_AB_C|YB53A,DC101A",2.727121,3.451439,0,2
"1DQJ_AB_C|YB53A,LC75A",1.2168618,2.4044087,0,2
"1DQJ_AB_C|YB53A,WC62A",1.286308,2.4702458,0,2
"1DQJ_AB_C|YB53A,WC63A",2.1992323,3.041643,0,2
1DQJ_AB_C|YC20A,3.2857084,2.4621549,0,2
1XGT_AB_C|LB33A,2.1988916,2.210054,0,2
1XGT_AB_C|LB33F,-1.8617703,-1.3627783,0,2
1XGT_AB_C|LB33I,-0.061315425,0.60733867,0,2
1XGT_AB_C|LB33V,1.0463123,2.0452242,0,2
"3BDY_HL_V|DL28N,PL30A,RL31K,SL32T,TL97S,TL98S",-0.9690793,-1.0409302,0,2
"3BDY_HL_V|DL28N,PL30A,RL31K,SL32T,TL97S,TL98S,KH31S,DH32G,TH55S,NH56E,GH101V,DH103V",-2.7154896,-3.6357136,0,2
"3BDY_HL_V|DL28N,PL30A,RL31K,SL32T,TL97S,TL98S,KH31S,DH32G,TH55S,NH56E,GH101V,DH103V,RH51A,RH60A",-2.7728782,-2.9025156,0,2
"3BDY_HL_V|DL28N,PL30A,RL31K,SL32T,YL57F,TL97S,TL98S",-0.97316396,-1.1603023,0,2
"3BDY_HL_V|DL28N,PL30A,RL31K,SL32T,YL57F,TL97S,TL98S,KH31S,DH32G,TH55S,NH56E,GH101V,DH103V",-2.727121,-3.7391536,0,2
3HFM_HL_Y|DH32A,1.8982269,1.7670823,0,2
"3HFM_HL_Y|DH32A,KY97A",4.0,2.6670938,0,2
"3HFM_HL_Y|DH32A,KY97M",1.1234494,2.776015,0,2
3HFM_HL_Y|DH32N,0.17036153,0.9622363,0,2
"3HFM_HL_Y|DH32N,KY97A",4.0,2.2690573,0,2
"3HFM_HL_Y|DH32N,KY97M",0.3025042,2.5143936,0,2
3HFM_HL_Y|DY101A,1.2081919,2.9897404,0,2
3HFM_HL_Y|DY101E,2.132881,0.752479,0,2
3HFM_HL_Y|DY101F,2.3282614,0.5082334,0,2
3HFM_HL_Y|DY101G,0.35884774,1.1133182,0,2
3HFM_HL_Y|DY101K,2.1245396,1.9506836,0,2
3HFM_HL_Y|DY101N,1.4911126,2.0505824,0,2
3HFM_HL_Y|DY101Q,2.0851746,-0.71506006,0,2
3HFM_HL_Y|DY101R,2.2798727,2.0856028,0,2
3HFM_HL_Y|DY101S,1.8694,1.3320067,0,2
3HFM_HL_Y|GY102V,0.395285,0.16871063,0,2
3HFM_HL_Y|HY15A,-0.4453172,1.6012355,0,2
3HFM_HL_Y|IY98A,0.0,0.8363965,0,2
3HFM_HL_Y|KY96A,4.0,1.6903229,0,2
3HFM_HL_Y|KY96M,4.0,1.9185617,0,2
3HFM_HL_Y|KY96R,4.0,1.1921557,0,2
3HFM_HL_Y|KY97A,4.0,1.3828115,0,2
3HFM_HL_Y|KY97D,4.0,0.7301391,0,2
3HFM_HL_Y|KY97E,3.6045077,1.0614778,0,2
3HFM_HL_Y|KY97G,4.0,0.66015726,0,2
3HFM_HL_Y|KY97M,0.9469717,1.6957726,0,2
3HFM_HL_Y|KY97R,3.0528512,0.51389974,0,2
3HFM_HL_Y|LY75A,0.70445603,0.93723536,0,2
3HFM_HL_Y|NL31A,4.0,1.753953,0,2
"3HFM_HL_Y|NL31A,KY96A",4.0,3.0466654,0,2
3HFM_HL_Y|NL31D,1.3434845,-1.1246055,0,2
3HFM_HL_Y|NL31E,4.0,0.20411606,0,2
3HFM_HL_Y|NL32A,4.0,1.1766952,0,2
3HFM_HL_Y|NY19D,0.41047263,-0.1799489,0,2
3HFM_HL_Y|NY19K,0.2401111,0.32801613,0,2
3HFM_HL_Y|NY19Q,-0.042485796,-0.5546096,0,2
3HFM_HL_Y|NY93A,0.21121821,0.45951802,0,2
3HFM_HL_Y|QL53A,0.9530879,0.9466258,0,2
3HFM_HL_Y|RY21A,0.8618019,1.6654761,0,2
3HFM_HL_Y|RY21E,2.4534352,0.10832372,0,2
3HFM_HL_Y|RY21G,2.4220753,-0.35017678,0,2
3HFM_HL_Y|RY21H,2.1693182,-0.46793222,0,2
3HFM_HL_Y|RY21K,1.766342,0.10758732,0,2
3HFM_HL_Y|RY21M,2.0498905,1.9962533,0,2
3HFM_HL_Y|RY21N,2.3282614,0.37850747,0,2
3HFM_HL_Y|RY21Q,2.3975346,-1.952277,0,2
3HFM_HL_Y|RY21W,2.132881,0.5499353,0,2
3HFM_HL_Y|RY73A,-0.3313971,1.7535126,0,2
3HFM_HL_Y|SH31A,0.17036153,0.61324304,0,2
3HFM_HL_Y|SY100A,0.26765963,1.4045725,0,2
3HFM_HL_Y|TY89A,0.0,0.49065566,0,2
3HFM_HL_Y|WH98A,4.0,1.796933,0,2
"3HFM_HL_Y|WH98A,KY96A",4.0,3.051657,0,2
3HFM_HL_Y|WH98F,3.245562,0.7466489,0,2
"3HFM_HL_Y|WH98F,YY20A",4.0,3.4796839,0,2
3HFM_HL_Y|WY63A,0.31918663,2.3401325,0,2
3HFM_HL_Y|YH33A,4.0,2.859035,0,2
"3HFM_HL_Y|YH33A,KY97A",4.0,3.7739074,0,2
3HFM_HL_Y|YH33F,1.0712212,0.24303336,0,2
3HFM_HL_Y|YH33L,2.0069382,1.5475034,0,2
3HFM_HL_Y|YH33W,1.7495645,1.5570987,0,2
3HFM_HL_Y|YH50A,4.0,1.9013177,0,2
"3HFM_HL_Y|YH50A,RY21A",4.0,3.4576187,0,2
3HFM_HL_Y|YH50F,1.6099914,0.36545932,0,2
3HFM_HL_Y|YH50L,2.8488367,0.5869038,0,2
3HFM_HL_Y|YH53A,3.25038,1.2074114,0,2
3HFM_HL_Y|YH53F,0.62049925,0.6192383,0,2
3HFM_HL_Y|YH53L,0.8068894,0.34235847,0,2
3HFM_HL_Y|YH53W,0.7061819,-0.44657847,0,2
3HFM_HL_Y|YH58A,1.6760437,1.8067275,0,2
3HFM_HL_Y|YH58F,0.36312544,0.60378474,0,2
3HFM_HL_Y|YH58L,1.5136731,0.72534835,0,2
3HFM_HL_Y|YL50A,4.0,0.7723824,0,2
"3HFM_HL_Y|YL50A,KY96A",4.0,2.0810084,0,2
"3HFM_HL_Y|YL50A,KY97A",4.0,1.7637676,0,2
"3HFM_HL_Y|YL50A,RY21A",4.0,2.3744953,0,2
3HFM_HL_Y|YL50F,2.3548672,0.48112255,0,2
"3HFM_HL_Y|YL50F,RY21A",4.0,2.1549768,0,2
"3HFM_HL_Y|YL50F,YY20A",4.0,2.605736,0,2
3HFM_HL_Y|YL50L,4.0,0.4317913,0,2
3HFM_HL_Y|YL96A,2.707045,1.1511077,0,2
"3HFM_HL_Y|YL96A,RY21A",4.0,2.7067075,0,2
3HFM_HL_Y|YL96F,1.4017794,0.58320946,0,2
"3HFM_HL_Y|YL96F,RY21A",4.0,2.251721,0,2
3HFM_HL_Y|YY20A,4.0,2.521951,0,2
3HFM_HL_Y|YY20F,-0.4839681,0.88285476,0,2
3HFM_HL_Y|YY20L,2.1845057,1.985465,0,2
3SE9_HL_G|DH77A,-0.7664817,0.42525336,0,2
3SE9_HL_G|EL90A,0.41735974,1.2630482,0,2
3SE9_HL_G|FL91A,0.023615688,1.3782339,0,2
3SE9_HL_G|GH106A,-0.3075798,0.65775853,0,2
3SE9_HL_G|GH107A,-0.6151596,0.13553418,0,2
3SE9_HL_G|GH109A,0.18514356,0.9082224,0,2
3SE9_HL_G|GH57A,0.4524448,0.7823434,0,2
3SE9_HL_G|GH62A,0.04634,0.6466826,0,2
3SE9_HL_G|GL29A,0.46369976,0.4864185,0,2
3SE9_HL_G|LH34A,0.56599987,1.4910111,0,2
3SE9_HL_G|LL89A,0.964243,1.6067593,0,2
3SE9_HL_G|NH60A,1.5217615,1.2126149,0,2
3SE9_HL_G|PH64A,-0.4419396,-0.26373363,0,2
3SE9_HL_G|RH67A,1.4695449,0.89404345,0,2
3SE9_HL_G|RH74A,2.6792572,1.4944763,0,2
3SE9_HL_G|RH76A,-0.2322162,0.951352,0,2
3SE9_HL_G|TH105A,-0.4419396,0.35382012,0,2
3SE9_HL_G|TH56A,-0.85929936,0.87259114,0,2
3SE9_HL_G|VH55A,-0.85929936,0.124689996,0,2
3SE9_HL_G|VH59A,0.9833596,1.4861567,0,2
3SE9_HL_G|VL3A,-0.49433115,0.17430492,0,2
3SE9_HL_G|WH48A,1.0584464,1.2776722,0,2
3SE9_HL_G|WH51A,1.275695,1.9687135,0,2
3SE9_HL_G|YH104A,0.46369976,0.90690386,0,2
3SE9_HL_G|YL28A,1.1177194,0.34235063,0,2
4U6H_AB_E|NE21A,-0.3480795,0.99057794,0,2
4U6H_AB_E|QE25A,0.11883454,1.8700767,0,2
4ZS6_HL_A|EA156A,3.0386665,1.1096375,0,2
4ZS6_HL_A|YA160A,-0.11025046,2.0820506,0,2
1KIP_AB_C|AB32Y,-0.8005932,-1.0179039,1,0
1XGU_AB_C|FB33A,4.0,1.5663438,1,0
1XGU_AB_C|FB33I,1.8004549,0.10552537,1,0
1XGU_AB_C|FB33L,1.8617703,-0.041536927,1,0
1XGU_AB_C|FB33V,2.9080825,0.41411904,1,0
2B2X_HL_A|EH64K,-0.033433665,0.90373975,1,0
"2B2X_HL_A|EH64K,QL28S,YL52N",0.911615,1.3772134,1,0
"2B2X_HL_A|EH64K,QL28S,YL52N,GH102S",2.7106705,1.2072569,1,0
"2B2X_HL_A|EH64K,QL28S,YL52N,SH35A",3.119054,1.9393977,1,0
"2B2X_HL_A|EH64K,QL28S,YL52N,SH35V",3.770335,1.6584054,1,0
"2B2X_HL_A|EH64K,YL52N",0.34853002,1.4293917,1,0
"2B2X_HL_A|QL28S,YL52N",0.8626942,0.9479737,1,0
2B2X_HL_A|VH50T,0.024054652,-0.0832659,1,0
"2B2X_HL_A|VH50T,EH64D,QL28S,YL52N",0.87177193,0.019225629,1,0
"2B2X_HL_A|VH50T,EH64K,QL28S",0.991589,0.51123786,1,0
"2B2X_HL_A|VH50T,EH64K,QL28S,YL52D",1.5439764,0.32635936,1,0
"2B2X_HL_A|VH50T,EH64K,QL28S,YL52E",0.95452905,0.8054711,1,0
"2B2X_HL_A|VH50T,EH64K,QL28S,YL52K",1.7007239,1.0092617,1,0
"2B2X_HL_A|VH50T,EH64K,QL28S,YL52N",1.043214,1.0875903,1,0
"2B2X_HL_A|VH50T,EH64K,QL28S,YL52N,FH99W",1.043214,0.529911,1,0
"2B2X_HL_A|VH50T,EH64K,QL28S,YL52N,FH99Y",1.7978828,0.24548976,1,0
"2B2X_HL_A|VH50T,EH64K,QL28S,YL52N,GH100F",1.4322319,1.5566306,1,0
"2B2X_HL_A|VH50T,EH64K,QL28S,YL52N,GH100L",3.770335,1.3746518,1,0
"2B2X_HL_A|VH50T,EH64K,QL28S,YL52N,GH100M",1.145348,1.0874767,1,0
"2B2X_HL_A|VH50T,EH64K,QL28S,YL52N,GH100S",1.6009614,1.000261,1,0
"2B2X_HL_A|VH50T,EH64K,QL28S,YL52N,GH53A",1.5558206,1.5996652,1,0
"2B2X_HL_A|VH50T,EH64K,QL28S,YL52N,GH53N",2.2985272,1.1421283,1,0
"2B2X_HL_A|VH50T,EH64K,QL28S,YL52N,GH53S",1.7188073,1.0539945,1,0
"2B2X_HL_A|VH50T,EH64K,QL28S,YL52N,GH54I",2.4067745,1.3161852,1,0
"2B2X_HL_A|VH50T,EH64K,QL28S,YL52N,GH54T",2.2073808,1.0166446,1,0
"2B2X_HL_A|VH50T,EH64K,QL28S,YL52N,GH54Y",1.043214,0.7492144,1,0
"2B2X_HL_A|VH50T,EH64K,QL28S,YL52N,GL92Q",2.6158988,1.2447952,1,0
"2B2X_HL_A|VH50T,EH64K,QL28S,YL52N,GL92S",1.5558206,1.0392421,1,0
"2B2X_HL_A|VH50T,EH64K,QL28S,YL52N,HL31K",2.2073808,1.2126063,1,0
"2B2X_HL_A|VH50T,EH64K,QL28S,YL52N,HL31R",2.1670115,0.96073437,1,0
"2B2X_HL_A|VH50T,EH64K,QL28S,YL52N,HL31W",2.2985272,1.0272523,1,0
"2B2X_HL_A|VH50T,EH64K,QL28S,YL52N,LH60D",0.981894,0.6862549,1,0
"2B2X_HL_A|VH50T,EH64K,QL28S,YL52N,LL49F",1.7554936,1.3546834,1,0
"2B2X_HL_A|VH50T,EH64K,QL28S,YL52N,LL49K",1.9044149,1.3470081,1,0
"2B2X_HL_A|VH50T,EH64K,QL28S,YL52N,LL49W",2.9507816,0.9487563,1,0
"2B2X_HL_A|VH50T,EH64K,QL28S,YL52N,NL30V",2.0925434,1.213738,1,0
"2B2X_HL_A|VH50T,EH64K,QL28S,YL52N,NL30W",2.6158988,0.7889117,1,0
"2B2X_HL_A|VH50T,EH64K,QL28S,YL52N,NL30Y",2.9507816,0.5109502,1,0
"2B2X_HL_A|VH50T,EH64K,QL28S,YL52N,NL30Y,SL91I",1.4775821,0.6829519,1,0
"2B2X_HL_A|VH50T,EH64K,QL28S,YL52N,RH31Q",2.350542,1.1966035,1,0
"2B2X_HL_A|VH50T,EH64K,QL28S,YL52N,SH35A",2.6158988,1.7170006,1,0
"2B2X_HL_A|VH50T,EH64K,QL28S,YL52N,SH35A,GH102S",2.6158988,1.5737559,1,0
"2B2X_HL_A|VH50T,EH64K,QL28S,YL52N,SH35Q",3.770335,1.1925942,1,0
"2B2X_HL_A|VH50T,EH64K,QL28S,YL52N,SH35V,GH102S",2.4688888,1.4559909,1,0
"2B2X_HL_A|VH50T,EH64K,QL28S,YL52N,SH52M",3.119054,0.727341,1,0
"2B2X_HL_A|VH50T,EH64K,QL28S,YL52N,SL24R",0.82788163,1.049163,1,0
"2B2X_HL_A|VH50T,EH64K,QL28S,YL52N,SL91Q",2.8172472,1.0904359,1,0
"2B2X_HL_A|VH50T,EH64K,QL28S,YL52N,SL91R",3.770335,1.0200852,1,0
"2B2X_HL_A|VH50T,EH64K,QL28S,YL52N,SL91R,NL30E",3.770335,0.88574153,1,0
"2B2X_HL_A|VH50T,EH64K,QL28S,YL52N,SL91T",3.3598623,0.9578566,1,0
"2B2X_HL_A|VH50T,EH64K,QL28S,YL52N,TH33E,GH53Q",2.7106705,1.1283921,1,0
"2B2X_HL_A|VH50T,EH64K,QL28S,YL52N,TH33I,SH52T,GH53N,GH54N",2.9507816,0.9109843,1,0
"2B2X_HL_A|VH50T,EH64K,QL28S,YL52N,TH33I,SH52T,GH53Q,GH54F",2.2985272,1.0570806,1,0
"2B2X_HL_A|VH50T,EH64K,QL28S,YL52N,TH33N",3.770335,1.0452005,1,0
"2B2X_HL_A|VH50T,EH64K,QL28S,YL52N,TH33V",1.4775821,1.5239555,1,0
"2B2X_HL_A|VH50T,EH64K,QL28S,YL52N,WL90Q",3.119054,1.4013855,1,0
"2B2X_HL_A|VH50T,EH64K,QL28S,YL52N,WL90Q,FL33Y",1.914233,0.4757181,1,0
"2B2X_HL_A|VH50T,EH64K,QL28S,YL52N,YH58E",3.119054,1.4629318,1,0
"2B2X_HL_A|VH50T,EH64K,QL28S,YL52N,YH58Q",3.119054,1.4866529,1,0
"2B2X_HL_A|VH50T,EH64K,QL28S,YL52N,YH58W",1.8641591,1.0985748,1,0
"2B2X_HL_A|VH50T,EH64K,QL28S,YL52N,YH59E",1.5872209,1.3240558,1,0
"2B2X_HL_A|VH50T,EH64K,QL28S,YL52R",1.8880546,0.87789243,1,0
"2B2X_HL_A|VH50T,EH64K,YL52N",0.28173435,1.2242447,1,0
"2B2X_HL_A|VH50T,EH64N,QL28S,YL52N",1.0069425,0.7753396,1,0
"2B2X_HL_A|VH50T,EH64Q,QL28S,YL52N",0.96559924,0.7572212,1,0
"2B2X_HL_A|VH50T,EH64Q,QL28S,YL52N,LH60D",1.0862032,0.26717943,1,0
"2B2X_HL_A|VH50T,QL28S,YL52N",0.96559924,0.49052897,1,0
"2B2X_HL_A|VH50T,QL28S,YL52N,LH60D",0.90141344,-0.1954759,1,0
"2B2X_HL_A|VH50T,YL52N",0.18636756,0.6880042,1,0
2B2X_HL_A|YL52E,-0.22410508,0.7550007,1,0
2VIR_AB_C|SC115L,3.680209,-0.16224672,1,0
2VIR_AB_C|TC89I,4.0,0.88953936,1,0
"3G6D_LH_A|EL3V,GL76R,TL77V,QL78E,EL80G",0.13981691,-0.6453446,1,0
"3G6D_LH_A|EL3V,GL76R,TL77V,QL78E,EL80G,DH54N",0.111178115,-0.11748653,1,0
"3G6D_LH_A|EL3V,GL76R,TL77V,QL78E,EL80G,TL89S,ML92I,VL93D,TL94K",0.27145106,-0.975743,1,0
3G6D_LH_A|HH104A,-0.9530879,1.3537706,1,0
"3G6D_LH_A|KH210T,KH215T",-0.13294782,-0.3477834,1,0
"3G6D_LH_A|TL89S,ML92I,VL93D,TL94K",0.7979767,-0.43409258,1,0
3G6D_LH_A|WH105A,-1.4965084,1.9038607,1,0
"3IDX_HL_G|CG27I,CG242Q",-2.4650376,0.49731925,1,0
"3IDX_HL_G|CG27I,CG242Q,MG247A",-2.1736174,0.7141532,1,0
"3IDX_HL_G|KG85C,EG121C,CG27I,CG242Q",-2.3776865,0.64900506,1,0
"3IDX_HL_G|KG85C,EG121C,WG13M,MG247A,CG14W,CG129V,CG27I,CG242Q",-2.1922898,1.0984217,1,0
"3IDX_HL_G|KG85C,EG122C,WG13M,MG247A,CG14W,CG129V,CG27I,CG242Q",-2.2927184,1.0647157,1,0
"3IDX_HL_G|TG41C,GG245C,MG247A",0.40945426,0.32734638,1,0
"3IDX_HL_G|TG41C,GG245C,WG13M,MG247A,CG14W,CG129V,CG27I,CG242Q",-2.3310676,0.723098,1,0
"3IDX_HL_G|WG13M,MG247A,CG14W,CG129V",-0.6475391,0.9119351,1,0
"3IDX_HL_G|WG13M,MG247A,CG14W,CG129V,CG27I,CG242Q",-2.3479884,0.8441881,1,0
"3IDX_HL_G|WG13M,MG247A,CG14W,CG129V,KG85C,EG121C",-0.36166522,1.0058799,1,0
"3IDX_HL_G|WG13M,SG111T,WG200S,MG247A,CG14W,CG129V,CG27I,CG242Q",-1.8639641,0.9746926,1,0
"3L5X_A_HL|EL93F,YL94G",-0.42800838,0.5436725,1,0
"3L5X_A_HL|EL93H,YL94G",-0.7626503,0.1440687,1,0
"3L5X_A_HL|HL91P,NL92I,EL93D,YL94A",-0.6466697,0.9145779,1,0
"3L5X_A_HL|HL91P,NL92L,EL93D,YL94S",-0.6327897,0.18721533,1,0
"3L5X_A_HL|HL91P,NL92L,EL93D,YL94T",-0.81005055,0.09236908,1,0
"3L5X_A_HL|HL91P,NL92L,EL93D,YL94V",-0.85822237,0.31592837,1,0
"3L5X_A_HL|HL91P,NL92L,YL94A",-0.44441348,1.489899,1,0
"3L5X_A_HL|HL91Q,NL92D,EL93I,YL94G",-1.5503801,0.10049168,1,0
"3L5X_A_HL|HL91Q,NL92D,EL93L,YL94G",-1.785132,-0.021526946,1,0
"3L5X_A_HL|HL91Q,NL92D,EL93Y,YL94G",-1.451453,-0.971892,1,0
"3L5X_A_HL|NL92D,EL93L,YL94G",-0.42962858,-0.05219046,1,0
"3L5X_A_HL|NL92D,EL93N,YL94S",-0.53403836,0.10983723,1,0
"3L5X_A_HL|NL92D,EL93P,YL94G",-1.4699602,0.31754354,1,0
"3L5X_A_HL|NL92D,EL93R,YL94D",-0.52253926,-0.9901219,1,0
"3L5X_A_HL|NL92D,EL93W,YL94E",-1.1963489,-1.0770988,1,0
"3L5X_A_HL|NL92D,EL93W,YL94G",-1.6825228,-0.7825711,1,0
"3L5X_A_HL|NL92D,EL93W,YL94S",-0.71612674,-0.5495415,1,0
"3L5X_A_HL|NL92D,EL93Y,YL94A",-0.8069743,-0.1547517,1,0
"3L5X_A_HL|NL92E,EL93S,YL94G",-1.2653587,0.262217,1,0
"3L5X_A_HL|NL92E,EL93W,YL94G",-1.5503801,-0.33375132,1,0
"3L5X_A_HL|NL92F,EL93W,YL94G",-1.2329907,0.4292464,1,0
"3L5X_A_HL|NL92L,EL93D,YL94S",-0.6170473,-0.056757785,1,0
"3L5X_A_HL|NL92L,EL93L,YL94G",-0.6259698,0.57720214,1,0
"3L5X_A_HL|NL92L,EL93M,YL94G",-0.82567644,0.26940766,1,0
"3L5X_A_HL|NL92L,EL93N,YL94G",-0.6954369,0.5076379,1,0
"3L5X_A_HL|NL92S,EL93H,YL94G",-1.2457265,0.28200483,1,0
"3L5X_A_HL|NL92S,EL93I,YL94G",-0.8069743,0.5442775,1,0
"3L5X_A_HL|NL92S,EL93S,YL94G",-0.24921271,0.37237906,1,0
"3L5X_A_HL|NL92S,EL93V,YL94G",-0.51687235,0.6161118,1,0
"3L5X_A_HL|NL92S,EL93W,YL94A",-0.30302802,0.8536607,1,0
"3L5X_A_HL|NL92S,EL93W,YL94G",-1.2720501,0.08476006,1,0
"3L5X_A_HL|NL92S,EL93Y,YL94G",-0.9641868,-0.10583909,1,0
"3L5X_A_HL|NL92V,EL93G,YL94G",-0.46300006,0.226205,1,0
"3L5X_A_HL|NL92V,EL93W,YL94G",-0.83525383,0.3264726,1,0
3L5X_A_HL|YL94A,-0.82885176,1.355231,1,0
3N85_A_LH|SH32A,-0.13401966,1.4130347,1,0
3N85_A_LH|SH32Y,0.0571225,-0.86780363,1,0
3N85_A_LH|SH50G,0.48767117,-0.25156954,1,0
3N85_A_LH|SH52Y,-0.78460336,-0.7398659,1,0
3N85_A_LH|WH100F,-0.015185109,1.2254255,1,0
3N85_A_LH|WH30K,-0.78460336,1.3062006,1,0
3N85_A_LH|WH30R,-0.5539675,0.11369686,1,0
3N85_A_LH|WL91F,0.13959166,1.1928018,1,0
3N85_A_LH|WL94Y,-0.03871881,-0.788142,1,0
3SE8_HL_G|DH110A,-0.38934898,1.353458,1,0
3SE8_HL_G|DH114A,-0.2441398,1.8013301,1,0
3SE8_HL_G|DL49A,0.8558488,2.1201625,1,0
3SE8_HL_G|EL1A,-0.5565174,1.7211604,1,0
3SE8_HL_G|EL91A,1.513491,1.5674503,1,0
3SE8_HL_G|FH115A,1.0676043,1.0278621,1,0
3SE8_HL_G|FL90A,-0.8640972,1.2392429,1,0
3SE8_HL_G|FL92A,0.8323254,1.221721,1,0
3SE8_HL_G|GH56A,0.3570972,1.3287104,1,0
3SE8_HL_G|KH52A,1.1114144,0.96238065,1,0
3SE8_HL_G|LH54A,0.054776184,1.2781036,1,0
3SE8_HL_G|NL30A,0.19434923,0.87526095,1,0
3SE8_HL_G|PH78A,0.01881787,0.9014147,1,0
3SE8_HL_G|PH81A,-0.07091986,1.096536,1,0
3SE8_HL_G|QH63A,1.1144251,0.6715605,1,0
3SE8_HL_G|QH65A,0.54980505,0.79177564,1,0
3SE8_HL_G|QH76A,0.09689985,1.1354663,1,0
3SE8_HL_G|QL27A,-0.21612903,1.02555,1,0
3SE8_HL_G|RH30A,-0.03949762,1.1898801,1,0
3SE8_HL_G|RH62A,1.2061691,1.043842,1,0
3SE8_HL_G|RH72A,2.6444623,1.3270438,1,0
3SE8_HL_G|SH59A,1.1508402,0.704784,1,0
3SE8_HL_G|VH58A,1.2496852,0.96079284,1,0
3SE8_HL_G|WH47A,1.4751467,2.265191,1,0
3SE8_HL_G|WH50A,1.333526,2.4988422,1,0
3SE8_HL_G|WH55A,0.7611056,2.0586703,1,0
3SE8_HL_G|YH111A,0.82992166,1.9990414,1,0
3SE8_HL_G|YH60A,0.8558488,1.7097889,1,0
4KRL_A_B|DB112A,0.6496817,1.9324535,1,0
5C6T_HL_A|EA194A,1.0906719,1.2757857,1,0
5C6T_HL_A|FA192A,1.9972014,1.7615612,1,0
5C6T_HL_A|FA199A,2.7581792,1.8034052,1,0
5C6T_HL_A|FA200A,0.41047263,1.950419,1,0
5C6T_HL_A|FH99A,1.4600298,1.290582,1,0
5C6T_HL_A|IA201A,0.88561165,1.2446809,1,0
5C6T_HL_A|NA183A,0.28399685,0.96385735,1,0
5C6T_HL_A|NA186A,0.3630724,1.3995265,1,0
5C6T_HL_A|NA188A,-0.36658686,0.99508125,1,0
"5C6T_HL_A|NA195A,DA197A",0.58650106,1.7151785,1,0
5C6T_HL_A|NH97A,1.5258962,1.1510776,1,0
5C6T_HL_A|RH31S,0.3115454,0.39621145,1,0
5C6T_HL_A|RL48A,0.1229613,2.0165844,1,0
5C6T_HL_A|SH32A,-0.8683455,1.3060535,1,0
5C6T_HL_A|TA185A,0.33786914,1.2088914,1,0
5C6T_HL_A|YA182A,3.2083547,2.1970348,1,0
"5C6T_HL_A|YA182A,NA195A,DA197A",2.942425,2.4754684,1,0
5C6T_HL_A|YH104A,0.3630724,2.6918964,1,0
5C6T_HL_A|YH98A,1.7166799,2.0422535,1,0
5C6T_HL_A|YL47A,0.5516565,2.3918808,1,0
1KIP_AB_C|AB32Y,-0.8005932,-1.2988766,1,1
1XGU_AB_C|FB33A,4.0,3.3047006,1,1
1XGU_AB_C|FB33I,1.8004549,1.1679912,1,1
1XGU_AB_C|FB33L,1.8617703,1.7100335,1,1
1XGU_AB_C|FB33V,2.9080825,2.1641684,1,1
2B2X_HL_A|EH64K,-0.033433665,0.14168735,1,1
"2B2X_HL_A|EH64K,QL28S,YL52N",0.911615,0.6761853,1,1
"2B2X_HL_A|EH64K,QL28S,YL52N,GH102S",2.7106705,0.592635,1,1
"2B2X_HL_A|EH64K,QL28S,YL52N,SH35A",3.119054,1.5818077,1,1
"2B2X_HL_A|EH64K,QL28S,YL52N,SH35V",3.770335,0.8636524,1,1
"2B2X_HL_A|EH64K,YL52N",0.34853002,0.81491256,1,1
"2B2X_HL_A|QL28S,YL52N",0.8626942,0.062554054,1,1
2B2X_HL_A|VH50T,0.024054652,-0.93932724,1,1
"2B2X_HL_A|VH50T,EH64D,QL28S,YL52N",0.87177193,0.15804845,1,1
"2B2X_HL_A|VH50T,EH64K,QL28S",0.991589,0.4661634,1,1
"2B2X_HL_A|VH50T,EH64K,QL28S,YL52D",1.5439764,0.82088923,1,1
"2B2X_HL_A|VH50T,EH64K,QL28S,YL52E",0.95452905,1.0518061,1,1
"2B2X_HL_A|VH50T,EH64K,QL28S,YL52K",1.7007239,1.4196203,1,1
"2B2X_HL_A|VH50T,EH64K,QL28S,YL52N",1.043214,1.1024334,1,1
"2B2X_HL_A|VH50T,EH64K,QL28S,YL52N,FH99W",1.043214,0.67195135,1,1
"2B2X_HL_A|VH50T,EH64K,QL28S,YL52N,FH99Y",1.7978828,0.62136555,1,1
"2B2X_HL_A|VH50T,EH64K,QL28S,YL52N,GH100F",1.4322319,1.4055562,1,1
"2B2X_HL_A|VH50T,EH64K,QL28S,YL52N,GH100L",3.770335,1.5234057,1,1
"2B2X_HL_A|VH50T,EH64K,QL28S,YL52N,GH100M",1.145348,1.377049,1,1
"2B2X_HL_A|VH50T,EH64K,QL28S,YL52N,GH100S",1.6009614,1.1520675,1,1
"2B2X_HL_A|VH50T,EH64K,QL28S,YL52N,GH53A",1.5558206,1.5825583,1,1
"2B2X_HL_A|VH50T,EH64K,QL28S,YL52N,GH53N",2.2985272,1.5264231,1,1
"2B2X_HL_A|VH50T,EH64K,QL28S,YL52N,GH53S",1.7188073,1.2498206,1,1
"2B2X_HL_A|VH50T,EH64K,QL28S,YL52N,GH54I",2.4067745,1.7702291,1,1
"2B2X_HL_A|VH50T,EH64K,QL28S,YL52N,GH54T",2.2073808,1.6402262,1,1
"2B2X_HL_A|VH50T,EH64K,QL28S,YL52N,GH54Y",1.043214,1.2804838,1,1
"2B2X_HL_A|VH50T,EH64K,QL28S,YL52N,GL92Q",2.6158988,1.388612,1,1
"2B2X_HL_A|VH50T,EH64K,QL28S,YL52N,GL92S",1.5558206,0.9815008,1,1
"2B2X_HL_A|VH50T,EH64K,QL28S,YL52N,HL31K",2.2073808,1.4566953,1,1
"2B2X_HL_A|VH50T,EH64K,QL28S,YL52N,HL31R",2.1670115,1.0360669,1,1
"2B2X_HL_A|VH50T,EH64K,QL28S,YL52N,HL31W",2.2985272,1.0170215,1,1
"2B2X_HL_A|VH50T,EH64K,QL28S,YL52N,LH60D",0.981894,0.4861585,1,1
"2B2X_HL_A|VH50T,EH64K,QL28S,YL52N,LL49F",1.7554936,1.2024051,1,1
"2B2X_HL_A|VH50T,EH64K,QL28S,YL52N,LL49K",1.9044149,1.6417576,1,1
"2B2X_HL_A|VH50T,EH64K,QL28S,YL52N,LL49W",2.9507816,0.8912795,1,1
"2B2X_HL_A|VH50T,EH64K,QL28S,YL52N,NL30V",2.0925434,0.9399085,1,1
"2B2X_HL_A|VH50T,EH64K,QL28S,YL52N,NL30W",2.6158988,1.319832,1,1
"2B2X_HL_A|VH50T,EH64K,QL28S,YL52N,NL30Y",2.9507816,1.0079309,1,1
"2B2X_HL_A|VH50T,EH64K,QL28S,YL52N,NL30Y,SL91I",1.4775821,1.836298,1,1
"2B2X_HL_A|VH50T,EH64K,QL28S,YL52N,RH31Q",2.350542,1.6388584,1,1
"2B2X_HL_A|VH50T,EH64K,QL28S,YL52N,SH35A",2.6158988,1.9143381,1,1
"2B2X_HL_A|VH50T,EH64K,QL28S,YL52N,SH35A,GH102S",2.6158988,1.7512972,1,1
"2B2X_HL_A|VH50T,EH64K,QL28S,YL52N,SH35Q",3.770335,1.5071267,1,1
"2B2X_HL_A|VH50T,EH64K,QL28S,YL52N,SH35V,GH102S",2.4688888,1.2021013,1,1
"2B2X_HL_A|VH50T,EH64K,QL28S,YL52N,SH52M",3.119054,1.4789642,1,1
"2B2X_HL_A|VH50T,EH64K,QL28S,YL52N,SL24R",0.82788163,1.5545839,1,1
"2B2X_HL_A|VH50T,EH64K,QL28S,YL52N,SL91Q",2.8172472,1.9274305,1,1
"2B2X_HL_A|VH50T,EH64K,QL28S,YL52N,SL91R",3.770335,1.7060047,1,1
"2B2X_HL_A|VH50T,EH64K,QL28S,YL52N,SL91R,NL30E",3.770335,2.206076,1,1
"2B2X_HL_A|VH50T,EH64K,QL28S,YL52N,SL91T",3.3598623,1.619852,1,1
"2B2X_HL_A|VH50T,EH64K,QL28S,YL52N,TH33E,GH53Q",2.7106705,1.8078659,1,1
"2B2X_HL_A|VH50T,EH64K,QL28S,YL52N,TH33I,SH52T,GH53N,GH54N",2.9507816,2.2697284,1,1
"2B2X_HL_A|VH50T,EH64K,QL28S,YL52N,TH33I,SH52T,GH53Q,GH54F",2.2985272,2.627384,1,1
"2B2X_HL_A|VH50T,EH64K,QL28S,YL52N,TH33N",3.770335,1.0300198,1,1
"2B2X_HL_A|VH50T,EH64K,QL28S,YL52N,TH33V",1.4775821,1.0344936,1,1
"2B2X_HL_A|VH50T,EH64K,QL28S,YL52N,WL90Q",3.119054,2.0960615,1,1
"2B2X_HL_A|VH50T,EH64K,QL28S,YL52N,WL90Q,FL33Y",1.914233,0.8180447,1,1
"2B2X_HL_A|VH50T,EH64K,QL28S,YL52N,YH58E",3.119054,1.9667556,1,1
"2B2X_HL_A|VH50T,EH64K,QL28S,YL52N,YH58Q",3.119054,2.2791624,1,1
"2B2X_HL_A|VH50T,EH64K,QL28S,YL52N,YH58W",1.8641591,1.3098071,1,1
"2B2X_HL_A|VH50T,EH64K,QL28S,YL52N,YH59E",1.5872209,1.5205841,1,1
"2B2X_HL_A|VH50T,EH64K,QL28S,YL52R",1.8880546,1.0721489,1,1
"2B2X_HL_A|VH50T,EH64K,YL52N",0.28173435,1.0387079,1,1
"2B2X_HL_A|VH50T,EH64N,QL28S,YL52N",1.0069425,0.43655813,1,1
"2B2X_HL_A|VH50T,EH64Q,QL28S,YL52N",0.96559924,0.6938607,1,1
"2B2X_HL_A|VH50T,EH64Q,QL28S,YL52N,LH60D",1.0862032,0.15833524,1,1
"2B2X_HL_A|VH50T,QL28S,YL52N",0.96559924,0.22689408,1,1
"2B2X_HL_A|VH50T,QL28S,YL52N,LH60D",0.90141344,-0.5500698,1,1
"2B2X_HL_A|VH50T,YL52N",0.18636756,0.3914429,1,1
2B2X_HL_A|YL52E,-0.22410508,1.0674847,1,1
2VIR_AB_C|SC115L,3.680209,0.19099629,1,1
2VIR_AB_C|TC89I,4.0,-0.06966148,1,1
"3G6D_LH_A|EL3V,GL76R,TL77V,QL78E,EL80G",0.13981691,-1.4073117,1,1
"3G6D_LH_A|EL3V,GL76R,TL77V,QL78E,EL80G,DH54N",0.111178115,-1.3637277,1,1
"3G6D_LH_A|EL3V,GL76R,TL77V,QL78E,EL80G,TL89S,ML92I,VL93D,TL94K",0.27145106,-2.105334,1,1
3G6D_LH_A|HH104A,-0.9530879,1.2682133,1,1
"3G6D_LH_A|KH210T,KH215T",-0.13294782,-0.053277798,1,1
"3G6D_LH_A|TL89S,ML92I,VL93D,TL94K",0.7979767,-0.14841834,1,1
3G6D_LH_A|WH105A,-1.4965084,3.041675,1,1
"3IDX_HL_G|CG27I,CG242Q",-2.4650376,0.41610008,1,1
"3IDX_HL_G|CG27I,CG242Q,MG247A",-2.1736174,0.4473684,1,1
"3IDX_HL_G|KG85C,EG121C,CG27I,CG242Q",-2.3776865,0.17441887,1,1
"3IDX_HL_G|KG85C,EG121C,WG13M,MG247A,CG14W,CG129V,CG27I,CG242Q",-2.1922898,1.4838465,1,1
"3IDX_HL_G|KG85C,EG122C,WG13M,MG247A,CG14W,CG129V,CG27I,CG242Q",-2.2927184,1.4085863,1,1
"3IDX_HL_G|TG41C,GG245C,MG247A",0.40945426,0.31539255,1,1
"3IDX_HL_G|TG41C,GG245C,WG13M,MG247A,CG14W,CG129V,CG27I,CG242Q",-2.3310676,1.1248351,1,1
"3IDX_HL_G|WG13M,MG247A,CG14W,CG129V",-0.6475391,0.62132937,1,1
"3IDX_HL_G|WG13M,MG247A,CG14W,CG129V,CG27I,CG242Q",-2.3479884,0.91658723,1,1
"3IDX_HL_G|WG13M,MG247A,CG14W,CG129V,KG85C,EG121C",-0.36166522,1.2022873,1,1
"3IDX_HL_G|WG13M,SG111T,WG200S,MG247A,CG14W,CG129V,CG27I,CG242Q",-1.8639641,1.8467917,1,1
"3L5X_A_HL|EL93F,YL94G",-0.42800838,0.31304818,1,1
"3L5X_A_HL|EL93H,YL94G",-0.7626503,0.09414674,1,1
"3L5X_A_HL|HL91P,NL92I,EL93D,YL94A",-0.6466697,1.0631832,1,1
"3L5X_A_HL|HL91P,NL92L,EL93D,YL94S",-0.6327897,-0.22541666,1,1
"3L5X_A_HL|HL91P,NL92L,EL93D,YL94T",-0.81005055,0.12422851,1,1
"3L5X_A_HL|HL91P,NL92L,EL93D,YL94V",-0.85822237,-0.15309456,1,1
"3L5X_A_HL|HL91P,NL92L,YL94A",-0.44441348,1.2028525,1,1
"3L5X_A_HL|HL91Q,NL92D,EL93I,YL94G",-1.5503801,0.08333199,1,1
"3L5X_A_HL|HL91Q,NL92D,EL93L,YL94G",-1.785132,-0.024641922,1,1
"3L5X_A_HL|HL91Q,NL92D,EL93Y,YL94G",-1.451453,-0.7831998,1,1
"3L5X_A_HL|NL92D,EL93L,YL94G",-0.42962858,0.35032487,1,1
"3L5X_A_HL|NL92D,EL93N,YL94S",-0.53403836,-0.23398687,1,1
"3L5X_A_HL|NL92D,EL93P,YL94G",-1.4699602,0.639775,1,1
"3L5X_A_HL|NL92D,EL93R,YL94D",-0.52253926,-0.4693153,1,1
"3L5X_A_HL|NL92D,EL93W,YL94E",-1.1963489,-0.61434394,1,1
"3L5X_A_HL|NL92D,EL93W,YL94G",-1.6825228,-0.62313336,1,1
"3L5X_A_HL|NL92D,EL93W,YL94S",-0.71612674,-0.74025095,1,1
"3L5X_A_HL|NL92D,EL93Y,YL94A",-0.8069743,0.3178116,1,1
"3L5X_A_HL|NL92E,EL93S,YL94G",-1.2653587,0.23262656,1,1
"3L5X_A_HL|NL92E,EL93W,YL94G",-1.5503801,-0.327205,1,1
"3L5X_A_HL|NL92F,EL93W,YL94G",-1.2329907,-0.03100386,1,1
"3L5X_A_HL|NL92L,EL93D,YL94S",-0.6170473,0.118910834,1,1
"3L5X_A_HL|NL92L,EL93L,YL94G",-0.6259698,0.7123657,1,1
"3L5X_A_HL|NL92L,EL93M,YL94G",-0.82567644,0.7409472,1,1
"3L5X_A_HL|NL92L,EL93N,YL94G",-0.6954369,0.36245096,1,1
"3L5X_A_HL|NL92S,EL93H,YL94G",-1.2457265,0.13435024,1,1
"3L5X_A_HL|NL92S,EL93I,YL94G",-0.8069743,0.3782321,1,1
"3L5X_A_HL|NL92S,EL93S,YL94G",-0.24921271,-0.03810691,1,1
"3L5X_A_HL|NL92S,EL93V,YL94G",-0.51687235,0.0057268087,1,1
"3L5X_A_HL|NL92S,EL93W,YL94A",-0.30302802,0.4615864,1,1
"3L5X_A_HL|NL92S,EL93W,YL94G",-1.2720501,-0.4856459,1,1
"3L5X_A_HL|NL92S,EL93Y,YL94G",-0.9641868,-0.454128,1,1
"3L5X_A_HL|NL92V,EL93G,YL94G",-0.46300006,0.17410861,1,1
"3L5X_A_HL|NL92V,EL93W,YL94G",-0.83525383,-0.30164912,1,1
3L5X_A_HL|YL94A,-0.82885176,0.6644305,1,1
3N85_A_LH|SH32A,-0.13401966,1.2847679,1,1
3N85_A_LH|SH32Y,0.0571225,-0.86410254,1,1
3N85_A_LH|SH50G,0.48767117,0.06674054,1,1
3N85_A_LH|SH52Y,-0.78460336,-1.0147351,1,1
3N85_A_LH|WH100F,-0.015185109,0.7801844,1,1
3N85_A_LH|WH30K,-0.78460336,1.9913195,1,1
3N85_A_LH|WH30R,-0.5539675,0.28801924,1,1
3N85_A_LH|WL91F,0.13959166,0.6457028,1,1
3N85_A_LH|WL94Y,-0.03871881,-0.50098604,1,1
3SE8_HL_G|DH110A,-0.38934898,1.2040179,1,1
3SE8_HL_G|DH114A,-0.2441398,2.08552,1,1
3SE8_HL_G|DL49A,0.8558488,1.6808307,1,1
3SE8_HL_G|EL1A,-0.5565174,1.1091299,1,1
3SE8_HL_G|EL91A,1.513491,2.2790365,1,1
3SE8_HL_G|FH115A,1.0676043,1.7419825,1,1
3SE8_HL_G|FL90A,-0.8640972,1.7721289,1,1
3SE8_HL_G|FL92A,0.8323254,1.998443,1,1
3SE8_HL_G|GH56A,0.3570972,1.379206,1,1
3SE8_HL_G|KH52A,1.1114144,0.70160246,1,1
3SE8_HL_G|LH54A,0.054776184,1.1091756,1,1
3SE8_HL_G|NL30A,0.19434923,1.4271232,1,1
3SE8_HL_G|PH78A,0.01881787,0.2377643,1,1
3SE8_HL_G|PH81A,-0.07091986,0.5229738,1,1
3SE8_HL_G|QH63A,1.1144251,0.4127363,1,1
3SE8_HL_G|QH65A,0.54980505,0.39693096,1,1
3SE8_HL_G|QH76A,0.09689985,0.79344743,1,1
3SE8_HL_G|QL27A,-0.21612903,0.86714417,1,1
3SE8_HL_G|RH30A,-0.03949762,1.0923144,1,1
3SE8_HL_G|RH62A,1.2061691,0.8939755,1,1
3SE8_HL_G|RH72A,2.6444623,1.3772686,1,1
3SE8_HL_G|SH59A,1.1508402,0.58698016,1,1
3SE8_HL_G|VH58A,1.2496852,1.3962435,1,1
3SE8_HL_G|WH47A,1.4751467,2.1402404,1,1
3SE8_HL_G|WH50A,1.333526,3.0162442,1,1
3SE8_HL_G|WH55A,0.7611056,2.3397076,1,1
3SE8_HL_G|YH111A,0.82992166,1.4676697,1,1
3SE8_HL_G|YH60A,0.8558488,1.8069681,1,1
4KRL_A_B|DB112A,0.6496817,3.2649987,1,1
5C6T_HL_A|EA194A,1.0906719,0.89980847,1,1
5C6T_HL_A|FA192A,1.9972014,1.2167296,1,1
5C6T_HL_A|FA199A,2.7581792,1.749381,1,1
5C6T_HL_A|FA200A,0.41047263,1.5821943,1,1
5C6T_HL_A|FH99A,1.4600298,1.7745746,1,1
5C6T_HL_A|IA201A,0.88561165,0.923306,1,1
5C6T_HL_A|NA183A,0.28399685,1.0627095,1,1
5C6T_HL_A|NA186A,0.3630724,0.09750709,1,1
5C6T_HL_A|NA188A,-0.36658686,1.1225545,1,1
"5C6T_HL_A|NA195A,DA197A",0.58650106,1.5185155,1,1
5C6T_HL_A|NH97A,1.5258962,2.3889234,1,1
5C6T_HL_A|RH31S,0.3115454,0.31277028,1,1
5C6T_HL_A|RL48A,0.1229613,2.3604853,1,1
5C6T_HL_A|SH32A,-0.8683455,1.2501042,1,1
5C6T_HL_A|TA185A,0.33786914,0.9752074,1,1
5C6T_HL_A|YA182A,3.2083547,1.2928065,1,1
"5C6T_HL_A|YA182A,NA195A,DA197A",2.942425,2.2748091,1,1
5C6T_HL_A|YH104A,0.3630724,2.829516,1,1
5C6T_HL_A|YH98A,1.7166799,2.4792528,1,1
5C6T_HL_A|YL47A,0.5516565,1.8401884,1,1
1KIP_AB_C|AB32Y,-0.8005932,-1.2288241,1,2
1XGU_AB_C|FB33A,4.0,1.7657943,1,2
1XGU_AB_C|FB33I,1.8004549,0.26590544,1,2
1XGU_AB_C|FB33L,1.8617703,0.2802627,1,2
1XGU_AB_C|FB33V,2.9080825,0.43384856,1,2
2B2X_HL_A|EH64K,-0.033433665,0.24416348,1,2
"2B2X_HL_A|EH64K,QL28S,YL52N",0.911615,1.1701499,1,2
"2B2X_HL_A|EH64K,QL28S,YL52N,GH102S",2.7106705,0.79966,1,2
"2B2X_HL_A|EH64K,QL28S,YL52N,SH35A",3.119054,1.8730062,1,2
"2B2X_HL_A|EH64K,QL28S,YL52N,SH35V",3.770335,1.1149123,1,2
"2B2X_HL_A|EH64K,YL52N",0.34853002,0.99045193,1,2
"2B2X_HL_A|QL28S,YL52N",0.8626942,1.04836,1,2
2B2X_HL_A|VH50T,0.024054652,-0.16082054,1,2
"2B2X_HL_A|VH50T,EH64D,QL28S,YL52N",0.87177193,0.82349205,1,2
"2B2X_HL_A|VH50T,EH64K,QL28S",0.991589,0.39648414,1,2
"2B2X_HL_A|VH50T,EH64K,QL28S,YL52D",1.5439764,0.699907,1,2
"2B2X_HL_A|VH50T,EH64K,QL28S,YL52E",0.95452905,0.92126364,1,2
"2B2X_HL_A|VH50T,EH64K,QL28S,YL52K",1.7007239,0.97447586,1,2
"2B2X_HL_A|VH50T,EH64K,QL28S,YL52N",1.043214,1.064549,1,2
"2B2X_HL_A|VH50T,EH64K,QL28S,YL52N,FH99W",1.043214,0.7612186,1,2
"2B2X_HL_A|VH50T,EH64K,QL28S,YL52N,FH99Y",1.7978828,0.3555789,1,2
"2B2X_HL_A|VH50T,EH64K,QL28S,YL52N,GH100F",1.4322319,0.9718585,1,2
"2B2X_HL_A|VH50T,EH64K,QL28S,YL52N,GH100L",3.770335,1.1242267,1,2
"2B2X_HL_A|VH50T,EH64K,QL28S,YL52N,GH100M",1.145348,0.74902433,1,2
"2B2X_HL_A|VH50T,EH64K,QL28S,YL52N,GH100S",1.6009614,0.891599,1,2
"2B2X_HL_A|VH50T,EH64K,QL28S,YL52N,GH53A",1.5558206,1.4115462,1,2
"2B2X_HL_A|VH50T,EH64K,QL28S,YL52N,GH53N",2.2985272,0.8558095,1,2
"2B2X_HL_A|VH50T,EH64K,QL28S,YL52N,GH53S",1.7188073,0.99724424,1,2
"2B2X_HL_A|VH50T,EH64K,QL28S,YL52N,GH54I",2.4067745,1.0123525,1,2
"2B2X_HL_A|VH50T,EH64K,QL28S,YL52N,GH54T",2.2073808,0.8939241,1,2
"2B2X_HL_A|VH50T,EH64K,QL28S,YL52N,GH54Y",1.043214,0.600531,1,2
"2B2X_HL_A|VH50T,EH64K,QL28S,YL52N,GL92Q",2.6158988,1.0173434,1,2
"2B2X_HL_A|VH50T,EH64K,QL28S,YL52N,GL92S",1.5558206,0.95962083,1,2
"2B2X_HL_A|VH50T,EH64K,QL28S,YL52N,HL31K",2.2073808,1.1008807,1,2
"2B2X_HL_A|VH50T,EH64K,QL28S,YL52N,HL31R",2.1670115,1.0436192,1,2
"2B2X_HL_A|VH50T,EH64K,QL28S,YL52N,HL31W",2.2985272,1.1506945,1,2
"2B2X_HL_A|VH50T,EH64K,QL28S,YL52N,LH60D",0.981894,0.60757464,1,2
"2B2X_HL_A|VH50T,EH64K,QL28S,YL52N,LL49F",1.7554936,0.8275123,1,2
"2B2X_HL_A|VH50T,EH64K,QL28S,YL52N,LL49K",1.9044149,0.7710687,1,2
"2B2X_HL_A|VH50T,EH64K,QL28S,YL52N,LL49W",2.9507816,0.5828482,1,2
"2B2X_HL_A|VH50T,EH64K,QL28S,YL52N,NL30V",2.0925434,1.2488409,1,2
"2B2X_HL_A|VH50T,EH64K,QL28S,YL52N,NL30W",2.6158988,0.9609755,1,2
"2B2X_HL_A|VH50T,EH64K,QL28S,YL52N,NL30Y",2.9507816,0.5899559,1,2
"2B2X_HL_A|VH50T,EH64K,QL28S,YL52N,NL30Y,SL91I",1.4775821,0.61733073,1,2
"2B2X_HL_A|VH50T,EH64K,QL28S,YL52N,RH31Q",2.350542,1.2990181,1,2
"2B2X_HL_A|VH50T,EH64K,QL28S,YL52N,SH35A",2.6158988,1.6775744,1,2
"2B2X_HL_A|VH50T,EH64K,QL28S,YL52N,SH35A,GH102S",2.6158988,1.3941144,1,2
"2B2X_HL_A|VH50T,EH64K,QL28S,YL52N,SH35Q",3.770335,0.932918,1,2
"2B2X_HL_A|VH50T,EH64K,QL28S,YL52N,SH35V,GH102S",2.4688888,0.84191865,1,2
"2B2X_HL_A|VH50T,EH64K,QL28S,YL52N,SH52M",3.119054,0.47721452,1,2
"2B2X_HL_A|VH50T,EH64K,QL28S,YL52N,SL24R",0.82788163,0.959471,1,2
"2B2X_HL_A|VH50T,EH64K,QL28S,YL52N,SL91Q",2.8172472,0.98763335,1,2
"2B2X_HL_A|VH50T,EH64K,QL28S,YL52N,SL91R",3.770335,0.8724557,1,2
"2B2X_HL_A|VH50T,EH64K,QL28S,YL52N,SL91R,NL30E",3.770335,0.6962057,1,2
"2B2X_HL_A|VH50T,EH64K,QL28S,YL52N,SL91T",3.3598623,0.9482596,1,2
"2B2X_HL_A|VH50T,EH64K,QL28S,YL52N,TH33E,GH53Q",2.7106705,0.8252271,1,2
"2B2X_HL_A|VH50T,EH64K,QL28S,YL52N,TH33I,SH52T,GH53N,GH54N",2.9507816,0.6027912,1,2
"2B2X_HL_A|VH50T,EH64K,QL28S,YL52N,TH33I,SH52T,GH53Q,GH54F",2.2985272,0.65996885,1,2
"2B2X_HL_A|VH50T,EH64K,QL28S,YL52N,TH33N",3.770335,1.1052605,1,2
"2B2X_HL_A|VH50T,EH64K,QL28S,YL52N,TH33V",1.4775821,1.5577725,1,2
"2B2X_HL_A|VH50T,EH64K,QL28S,YL52N,WL90Q",3.119054,1.404841,1,2
"2B2X_HL_A|VH50T,EH64K,QL28S,YL52N,WL90Q,FL33Y",1.914233,0.5129843,1,2
"2B2X_HL_A|VH50T,EH64K,QL28S,YL52N,YH58E",3.119054,1.4245055,1,2
"2B2X_HL_A|VH50T,EH64K,QL28S,YL52N,YH58Q",3.119054,1.5463468,1,2
"2B2X_HL_A|VH50T,EH64K,QL28S,YL52N,YH58W",1.8641591,1.202545,1,2
"2B2X_HL_A|VH50T,EH64K,QL28S,YL52N,YH59E",1.5872209,1.2897476,1,2
"2B2X_HL_A|VH50T,EH64K,QL28S,YL52R",1.8880546,0.92943424,1,2
"2B2X_HL_A|VH50T,EH64K,YL52N",0.28173435,0.91535395,1,2
"2B2X_HL_A|VH50T,EH64N,QL28S,YL52N",1.0069425,1.0486097,1,2
"2B2X_HL_A|VH50T,EH64Q,QL28S,YL52N",0.96559924,1.2207565,1,2
"2B2X_HL_A|VH50T,EH64Q,QL28S,YL52N,LH60D",1.0862032,0.7454146,1,2
"2B2X_HL_A|VH50T,QL28S,YL52N",0.96559924,0.938701,1,2
"2B2X_HL_A|VH50T,QL28S,YL52N,LH60D",0.90141344,0.3801802,1,2
"2B2X_HL_A|VH50T,YL52N",0.18636756,0.87834615,1,2
2B2X_HL_A|YL52E,-0.22410508,0.7186153,1,2
2VIR_AB_C|SC115L,3.680209,-0.099882364,1,2
2VIR_AB_C|TC89I,4.0,0.015636582,1,2
"3G6D_LH_A|EL3V,GL76R,TL77V,QL78E,EL80G",0.13981691,-0.102624945,1,2
"3G6D_LH_A|EL3V,GL76R,TL77V,QL78E,EL80G,DH54N",0.111178115,0.08440311,1,2
"3G6D_LH_A|EL3V,GL76R,TL77V,QL78E,EL80G,TL89S,ML92I,VL93D,TL94K",0.27145106,-0.47762635,1,2
3G6D_LH_A|HH104A,-0.9530879,1.4676638,1,2
"3G6D_LH_A|KH210T,KH215T",-0.13294782,-0.05820564,1,2
"3G6D_LH_A|TL89S,ML92I,VL93D,TL94K",0.7979767,-0.31386328,1,2
3G6D_LH_A|WH105A,-1.4965084,1.8889062,1,2
"3IDX_HL_G|CG27I,CG242Q",-2.4650376,0.35497198,1,2
"3IDX_HL_G|CG27I,CG242Q,MG247A",-2.1736174,0.8853715,1,2
"3IDX_HL_G|KG85C,EG121C,CG27I,CG242Q",-2.3776865,0.22297409,1,2
"3IDX_HL_G|KG85C,EG121C,WG13M,MG247A,CG14W,CG129V,CG27I,CG242Q",-2.1922898,0.8737596,1,2
"3IDX_HL_G|KG85C,EG122C,WG13M,MG247A,CG14W,CG129V,CG27I,CG242Q",-2.2927184,0.92654425,1,2
"3IDX_HL_G|TG41C,GG245C,MG247A",0.40945426,0.33958924,1,2
"3IDX_HL_G|TG41C,GG245C,WG13M,MG247A,CG14W,CG129V,CG27I,CG242Q",-2.3310676,0.32746536,1,2
"3IDX_HL_G|WG13M,MG247A,CG14W,CG129V",-0.6475391,1.1413168,1,2
"3IDX_HL_G|WG13M,MG247A,CG14W,CG129V,CG27I,CG242Q",-2.3479884,0.8509827,1,2
"3IDX_HL_G|WG13M,MG247A,CG14W,CG129V,KG85C,EG121C",-0.36166522,0.72876954,1,2
"3IDX_HL_G|WG13M,SG111T,WG200S,MG247A,CG14W,CG129V,CG27I,CG242Q",-1.8639641,1.2480098,1,2
"3L5X_A_HL|EL93F,YL94G",-0.42800838,1.1163266,1,2
"3L5X_A_HL|EL93H,YL94G",-0.7626503,0.6603691,1,2
"3L5X_A_HL|HL91P,NL92I,EL93D,YL94A",-0.6466697,1.7688916,1,2
"3L5X_A_HL|HL91P,NL92L,EL93D,YL94S",-0.6327897,1.4951773,1,2
"3L5X_A_HL|HL91P,NL92L,EL93D,YL94T",-0.81005055,1.2482904,1,2
"3L5X_A_HL|HL91P,NL92L,EL93D,YL94V",-0.85822237,1.3105707,1,2
"3L5X_A_HL|HL91P,NL92L,YL94A",-0.44441348,1.826951,1,2
"3L5X_A_HL|HL91Q,NL92D,EL93I,YL94G",-1.5503801,1.2573014,1,2
"3L5X_A_HL|HL91Q,NL92D,EL93L,YL94G",-1.785132,1.3465818,1,2
"3L5X_A_HL|HL91Q,NL92D,EL93Y,YL94G",-1.451453,0.41850653,1,2
"3L5X_A_HL|NL92D,EL93L,YL94G",-0.42962858,1.2678603,1,2
"3L5X_A_HL|NL92D,EL93N,YL94S",-0.53403836,0.899906,1,2
"3L5X_A_HL|NL92D,EL93P,YL94G",-1.4699602,1.0178084,1,2
"3L5X_A_HL|NL92D,EL93R,YL94D",-0.52253926,-0.20843278,1,2
"3L5X_A_HL|NL92D,EL93W,YL94E",-1.1963489,-0.10339363,1,2
"3L5X_A_HL|NL92D,EL93W,YL94G",-1.6825228,0.5306426,1,2
"3L5X_A_HL|NL92D,EL93W,YL94S",-0.71612674,0.6598151,1,2
"3L5X_A_HL|NL92D,EL93Y,YL94A",-0.8069743,1.1111375,1,2
"3L5X_A_HL|NL92E,EL93S,YL94G",-1.2653587,1.3114741,1,2
"3L5X_A_HL|NL92E,EL93W,YL94G",-1.5503801,0.7824057,1,2
"3L5X_A_HL|NL92F,EL93W,YL94G",-1.2329907,1.0861866,1,2
"3L5X_A_HL|NL92L,EL93D,YL94S",-0.6170473,1.4427276,1,2
"3L5X_A_HL|NL92L,EL93L,YL94G",-0.6259698,1.5644329,1,2
"3L5X_A_HL|NL92L,EL93M,YL94G",-0.82567644,1.4747918,1,2
"3L5X_A_HL|NL92L,EL93N,YL94G",-0.6954369,1.5139235,1,2
"3L5X_A_HL|NL92S,EL93H,YL94G",-1.2457265,1.1738371,1,2
"3L5X_A_HL|NL92S,EL93I,YL94G",-0.8069743,1.6684793,1,2
"3L5X_A_HL|NL92S,EL93S,YL94G",-0.24921271,1.4387428,1,2
"3L5X_A_HL|NL92S,EL93V,YL94G",-0.51687235,1.7478014,1,2
"3L5X_A_HL|NL92S,EL93W,YL94A",-0.30302802,1.8461345,1,2
"3L5X_A_HL|NL92S,EL93W,YL94G",-1.2720501,1.2386972,1,2
"3L5X_A_HL|NL92S,EL93Y,YL94G",-0.9641868,0.89297396,1,2
"3L5X_A_HL|NL92V,EL93G,YL94G",-0.46300006,1.3003979,1,2
"3L5X_A_HL|NL92V,EL93W,YL94G",-0.83525383,1.2555902,1,2
3L5X_A_HL|YL94A,-0.82885176,1.4824187,1,2
3N85_A_LH|SH32A,-0.13401966,1.316423,1,2
3N85_A_LH|SH32Y,0.0571225,-0.94852734,1,2
3N85_A_LH|SH50G,0.48767117,-0.08720735,1,2
3N85_A_LH|SH52Y,-0.78460336,-0.9708937,1,2
3N85_A_LH|WH100F,-0.015185109,0.7084791,1,2
3N85_A_LH|WH30K,-0.78460336,0.74882144,1,2
3N85_A_LH|WH30R,-0.5539675,0.2803174,1,2
3N85_A_LH|WL91F,0.13959166,0.48824573,1,2
3N85_A_LH|WL94Y,-0.03871881,-0.8901137,1,2
3SE8_HL_G|DH110A,-0.38934898,1.29226,1,2
3SE8_HL_G|DH114A,-0.2441398,1.6057671,1,2
3SE8_HL_G|DL49A,0.8558488,1.5875217,1,2
3SE8_HL_G|EL1A,-0.5565174,1.725446,1,2
3SE8_HL_G|EL91A,1.513491,1.9496607,1,2
3SE8_HL_G|FH115A,1.0676043,1.2924829,1,2
3SE8_HL_G|FL90A,-0.8640972,1.6672007,1,2
3SE8_HL_G|FL92A,0.8323254,1.3278259,1,2
3SE8_HL_G|GH56A,0.3570972,1.1292281,1,2
3SE8_HL_G|KH52A,1.1114144,1.5704775,1,2
3SE8_HL_G|LH54A,0.054776184,1.2459661,1,2
3SE8_HL_G|NL30A,0.19434923,1.3427186,1,2
3SE8_HL_G|PH78A,0.01881787,1.088827,1,2
3SE8_HL_G|PH81A,-0.07091986,1.1486175,1,2
3SE8_HL_G|QH63A,1.1144251,0.9798577,1,2
3SE8_HL_G|QH65A,0.54980505,1.0553625,1,2
3SE8_HL_G|QH76A,0.09689985,1.4055663,1,2
3SE8_HL_G|QL27A,-0.21612903,1.3518457,1,2
3SE8_HL_G|RH30A,-0.03949762,1.4229492,1,2
3SE8_HL_G|RH62A,1.2061691,1.254256,1,2
3SE8_HL_G|RH72A,2.6444623,1.4802303,1,2
3SE8_HL_G|SH59A,1.1508402,1.2101122,1,2
3SE8_HL_G|VH58A,1.2496852,1.4181113,1,2
3SE8_HL_G|WH47A,1.4751467,1.7573394,1,2
3SE8_HL_G|WH50A,1.333526,2.2083602,1,2
3SE8_HL_G|WH55A,0.7611056,2.0842774,1,2
3SE8_HL_G|YH111A,0.82992166,1.963878,1,2
3SE8_HL_G|YH60A,0.8558488,1.9120017,1,2
4KRL_A_B|DB112A,0.6496817,1.80654,1,2
5C6T_HL_A|EA194A,1.0906719,0.95145,1,2
5C6T_HL_A|FA192A,1.9972014,1.4176716,1,2
5C6T_HL_A|FA199A,2.7581792,1.6250432,1,2
5C6T_HL_A|FA200A,0.41047263,1.6751084,1,2
5C6T_HL_A|FH99A,1.4600298,1.3798027,1,2
5C6T_HL_A|IA201A,0.88561165,1.4073477,1,2
5C6T_HL_A|NA183A,0.28399685,0.8393118,1,2
5C6T_HL_A|NA186A,0.3630724,0.9701065,1,2
5C6T_HL_A|NA188A,-0.36658686,1.0890621,1,2
"5C6T_HL_A|NA195A,DA197A",0.58650106,1.3609111,1,2
5C6T_HL_A|NH97A,1.5258962,1.4208988,1,2
5C6T_HL_A|RH31S,0.3115454,0.39279693,1,2
5C6T_HL_A|RL48A,0.1229613,1.3939382,1,2
5C6T_HL_A|SH32A,-0.8683455,1.4367249,1,2
5C6T_HL_A|TA185A,0.33786914,1.1551383,1,2
5C6T_HL_A|YA182A,3.2083547,1.6708012,1,2
"5C6T_HL_A|YA182A,NA195A,DA197A",2.942425,2.0342007,1,2
5C6T_HL_A|YH104A,0.3630724,2.2778986,1,2
5C6T_HL_A|YH98A,1.7166799,2.1639097,1,2
5C6T_HL_A|YL47A,0.5516565,2.044486,1,2
1DVF_AB_CD|DB100A,2.7895143,1.7072601,2,0
"1DVF_AB_CD|DB100A,DD52A",4.0,2.2475336,2,0
"1DVF_AB_CD|DB100A,HD33A",4.0,2.9783947,2,0
"1DVF_AB_CD|DB100A,ND55A",4.0,1.6687012,2,0
1DVF_AB_CD|DB54A,4.0,0.959309,2,0
"1DVF_AB_CD|DB54A,YC49A",4.0,3.2741058,2,0
1DVF_AB_CD|DB58A,1.6000048,0.84197235,2,0
"1DVF_AB_CD|DB58A,QD104A",1.4641725,1.123708,2,0
1DVF_AB_CD|DD52A,1.6822901,1.6947577,2,0
1DVF_AB_CD|EB98A,4.0,1.5772583,2,0
"1DVF_AB_CD|EB98A,YD102A",4.0,4.159044,2,0
1DVF_AB_CD|HA30A,1.6493824,0.5679904,2,0
1DVF_AB_CD|HD33A,1.8606005,2.5506253,2,0
1DVF_AB_CD|ID101A,2.6815457,0.946414,2,0
1DVF_AB_CD|KD30A,1.0035173,0.23433366,2,0
1DVF_AB_CD|NB56A,1.1624389,-0.050862953,2,0
"1DVF_AB_CD|NB56A,HD33A",2.5259995,1.7608793,2,0
"1DVF_AB_CD|NB56A,ND55A",2.3010929,0.59313977,2,0
"1DVF_AB_CD|NB56A,QD104A",1.4868644,0.8609493,2,0
1DVF_AB_CD|ND55A,1.8606005,0.6714305,2,0
1DVF_AB_CD|QD104A,1.6287225,1.1916351,2,0
1DVF_AB_CD|RB99A,1.8746451,1.012733,2,0
1DVF_AB_CD|RD106A,4.0,0.8747122,2,0
1DVF_AB_CD|SA93A,1.1624389,0.39103058,2,0
1DVF_AB_CD|TB30A,0.9075126,-0.1753709,2,0
1DVF_AB_CD|WA92A,0.34072307,1.2361088,2,0
1DVF_AB_CD|WB52A,4.0,2.654558,2,0
"1DVF_AB_CD|WB52A,QD104A",4.0,3.4471138,2,0
1DVF_AB_CD|YA32A,2.0303695,1.9784911,2,0
"1DVF_AB_CD|YA32A,RD106A",4.0,2.064711,2,0
1DVF_AB_CD|YA49A,1.6785902,1.603186,2,0
"1DVF_AB_CD|YA49A,HD33A",2.625045,2.9793365,2,0
"1DVF_AB_CD|YA49A,ND55A",2.0303695,1.8754386,2,0
1DVF_AB_CD|YA50A,0.6877736,1.4647726,2,0
1DVF_AB_CD|YB101F,2.0123136,1.813396,2,0
1DVF_AB_CD|YB32A,1.8314707,1.2448654,2,0
1DVF_AB_CD|YC49A,1.8606005,1.9142158,2,0
1DVF_AB_CD|YD102A,4.0,3.4301417,2,0
1MHP_HL_A|FH99W,0.0,0.25804904,2,0
1MHP_HL_A|FH99Y,0.75466895,-0.62435955,2,0
1MHP_HL_A|GH100F,0.38901797,-0.1910423,2,0
1MHP_HL_A|GH100L,2.727121,0.21412826,2,0
1MHP_HL_A|GH100M,0.10213403,-0.016671136,2,0
1MHP_HL_A|GH100S,0.5577475,0.23351666,2,0
1MHP_HL_A|GH53A,0.5126066,-0.0053866953,2,0
1MHP_HL_A|GH53N,1.2553134,0.2900831,2,0
1MHP_HL_A|GH53S,0.6755934,0.0881265,2,0
1MHP_HL_A|GH54I,1.3635606,-0.5429027,2,0
1MHP_HL_A|GH54T,1.1641668,-0.34222272,2,0
1MHP_HL_A|GH54Y,0.0,-1.1415577,2,0
1MHP_HL_A|GL91Q,1.572685,0.32169136,2,0
1MHP_HL_A|GL91S,0.5126066,0.63866913,2,0
1MHP_HL_A|HL30K,1.1641668,0.36865324,2,0
1MHP_HL_A|HL30R,1.1237977,-1.2564778,2,0
1MHP_HL_A|HL30W,1.2553134,-0.9384728,2,0
1MHP_HL_A|KH64D,-0.17144196,-0.5004836,2,0
1MHP_HL_A|KH64E,-0.07761467,-0.2443927,2,0
"1MHP_HL_A|KH64E,SL27Q",-0.85684633,-0.9394438,2,0
"1MHP_HL_A|KH64E,SL27Q,NL51Y",-1.0191593,-1.4286823,2,0
1MHP_HL_A|KH64N,-0.03627145,-0.13956612,2,0
1MHP_HL_A|KH64Q,-0.07761467,-0.14907444,2,0
1MHP_HL_A|LH60D,-0.061319917,-0.586103,2,0
"1MHP_HL_A|LH60D,KH64E",-0.1418005,-0.5232332,2,0
"1MHP_HL_A|LH60D,KH64Q",0.042989343,-0.5510854,2,0
1MHP_HL_A|LL48F,0.71227974,-0.36312714,2,0
1MHP_HL_A|LL48K,0.8612009,0.209003,2,0
1MHP_HL_A|LL48W,1.9075676,-0.6047414,2,0
1MHP_HL_A|NL29V,1.0493295,0.30897477,2,0
1MHP_HL_A|NL29W,1.572685,-0.25104502,2,0
1MHP_HL_A|NL29Y,1.9075676,-0.8950106,2,0
"1MHP_HL_A|NL29Y,SL90I",0.43436813,-2.543507,2,0
1MHP_HL_A|NL51D,0.5007625,-0.09619286,2,0
1MHP_HL_A|NL51E,-0.08868487,0.3429039,2,0
1MHP_HL_A|NL51K,0.65751,0.94748056,2,0
1MHP_HL_A|NL51R,0.84484076,0.42903733,2,0
1MHP_HL_A|NL51Y,-0.05162489,-0.18779817,2,0
1MHP_HL_A|RH31Q,1.3073281,-0.0053914785,2,0
1MHP_HL_A|SH35A,1.572685,0.77708364,2,0
"1MHP_HL_A|SH35A,GH102S",1.572685,1.1447796,2,0
1MHP_HL_A|SH35Q,2.727121,-0.7373207,2,0
"1MHP_HL_A|SH35V,GH102S",1.4256749,0.41626197,2,0
1MHP_HL_A|SH52M,2.0758402,-0.68196964,2,0
1MHP_HL_A|SL23R,-0.21533228,-0.36595583,2,0
1MHP_HL_A|SL27Q,-0.6661127,-0.1446225,2,0
1MHP_HL_A|SL90Q,1.7740332,-0.5691993,2,0
1MHP_HL_A|SL90T,2.3166485,-0.79866725,2,0
"1MHP_HL_A|TH33E,GH53Q",1.6674565,0.036052592,2,0
"1MHP_HL_A|TH33I,SH52T,GH53N,GH54N",1.9075676,0.20454895,2,0
"1MHP_HL_A|TH33I,SH52T,GH53Q,GH54F",1.2553134,-1.4013939,2,0
1MHP_HL_A|TH33N,2.727121,0.12946719,2,0
1MHP_HL_A|TH33V,0.43436813,1.2901281,2,0
1MHP_HL_A|TH50V,-0.13159887,0.42933437,2,0
"1MHP_HL_A|TH50V,GH102S",1.6674565,0.5154542,2,0
"1MHP_HL_A|TH50V,KH64E",-0.1805197,-0.46192813,2,0
"1MHP_HL_A|TH50V,KH64E,SL27Q,NL51E",-1.267319,-1.0154206,2,0
"1MHP_HL_A|TH50V,KH64E,SL27Q,NL51Y",-1.0844951,-1.3626444,2,0
"1MHP_HL_A|TH50V,SH35A",2.0758402,0.5743358,2,0
"1MHP_HL_A|TH50V,SH35V",2.727121,-0.12206387,2,0
"1MHP_HL_A|TH50V,SL27Q",-0.6946839,-0.20689312,2,0
"1MHP_HL_A|TH50V,SL27Q,NL51Y",-1.0235296,-0.64838433,2,0
1MHP_HL_A|WL89Q,2.0758402,1.5684471,2,0
"1MHP_HL_A|WL89Q,FL32Y",0.871019,0.6930891,2,0
1MHP_HL_A|YH58E,2.0758402,0.3924479,2,0
1MHP_HL_A|YH58Q,2.0758402,0.6583913,2,0
1MHP_HL_A|YH58W,0.82094526,0.2063216,2,0
1MHP_HL_A|YH59E,0.54400706,0.18374854,2,0
1N8Z_AB_C|DB102W,-0.71302944,-0.034472845,2,0
1N8Z_AB_C|FC539A,0.035102826,0.89199245,2,0
1N8Z_AB_C|HA91F,0.034232877,-0.34521416,2,0
1N8Z_AB_C|LC509A,-0.023045197,0.6504116,2,0
1N8Z_AB_C|NA30S,0.06666317,0.5093602,2,0
"1N8Z_AB_C|NA30S,HA91F,YA92W",-0.07476232,-0.6032375,2,0
"1N8Z_AB_C|NA30S,HA91F,YA92W,TA94S,DB102W,YB105F,YB109V",0.050661404,-0.6752801,2,0
1N8Z_AB_C|RB50A,2.9754758,1.7780389,2,0
1N8Z_AB_C|RB59A,1.8037988,1.4366789,2,0
1N8Z_AB_C|SC535A,0.030827092,0.13062552,2,0
1N8Z_AB_C|TA94S,0.32168603,0.668751,2,0
1N8Z_AB_C|VC536A,0.008972699,0.13841924,2,0
1N8Z_AB_C|YB105F,0.8540034,1.0803684,2,0
1N8Z_AB_C|YB109V,0.23192272,0.55019087,2,0
1XGQ_AB_C|VB33A,1.1525793,1.781663,2,0
1XGQ_AB_C|VB33F,-2.9080825,-3.2834232,2,0
1XGQ_AB_C|VB33I,-1.1076277,-1.9130543,2,0
1XGQ_AB_C|VB33L,-1.0463123,-2.188035,2,0
1YQV_HL_Y|RY45K,1.8995041,-0.7419061,2,0
"1YQV_HL_Y|RY68K,TY40S,IY55V,SY91T",4.0,0.7450473,2,0
"1YQV_HL_Y|RY68K,TY40S,IY55V,SY91T,QY121H",0.0,0.42877698,2,0
1YY9_CD_A|AC25P,0.07225565,-0.38697806,2,0
1YY9_CD_A|AD98P,1.0372273,-0.36497703,2,0
1YY9_CD_A|GD54P,0.26807046,-0.22147828,2,0
1YY9_CD_A|LD29P,0.030827092,0.49619567,2,0
1YY9_CD_A|NC93A,-0.74186975,0.43602854,2,0
1YY9_CD_A|ND56A,-0.057046015,-0.06337338,2,0
1YY9_CD_A|SC26D,-0.19925442,-0.28471,2,0
"1YY9_CD_A|SC26D,TC31E,NC93A",-1.3329437,0.18767247,2,0
"1YY9_CD_A|SC26D,TC31E,NC93A,ND56A,TD61E",-0.6517935,-1.1812387,2,0
1YY9_CD_A|SC26P,-0.009110746,-0.123555176,2,0
1YY9_CD_A|SC28P,-0.22229962,-0.19382674,2,0
1YY9_CD_A|SC54P,-0.018363854,0.05752196,2,0
1YY9_CD_A|SD53P,0.8175451,-0.08204593,2,0
1YY9_CD_A|TC31E,-0.51892465,0.6363039,2,0
"1YY9_CD_A|TC31E,NC93A",-0.81853306,0.8099336,2,0
1YY9_CD_A|TC96P,4.0,0.6561883,2,0
1YY9_CD_A|TD61E,-0.057046015,0.012237143,2,0
1YY9_CD_A|WD52P,1.4782712,0.82915515,2,0
1YY9_CD_A|YD101P,1.6514195,0.7265624,2,0
3NPS_A_BC|DA214A,1.466743,1.2857748,2,0
3NPS_A_BC|DA46A,0.3399866,1.0441481,2,0
3NPS_A_BC|DA47A,1.0674704,1.2534975,2,0
3NPS_A_BC|DA91A,1.5070341,1.2777125,2,0
3NPS_A_BC|EA163A,0.61534816,0.64467466,2,0
3NPS_A_BC|FA50A,0.21957076,1.5754204,2,0
3NPS_A_BC|FA89A,1.5714045,3.1483397,2,0
3NPS_A_BC|FA92A,0.46353978,1.7471204,2,0
3NPS_A_BC|HA138A,1.8750918,1.895029,2,0
3NPS_A_BC|IA26A,0.6415425,1.2626199,2,0
3NPS_A_BC|IA45A,-0.33181784,0.613936,2,0
3NPS_A_BC|KA221A,-0.10361039,0.6177467,2,0
3NPS_A_BC|LA147A,0.29573628,0.36455747,2,0
3NPS_A_BC|NA90A,0.25341922,0.6447795,2,0
3NPS_A_BC|QA140A,0.29573628,0.24689522,2,0
3NPS_A_BC|QA168A,-0.059223834,0.81307715,2,0
3NPS_A_BC|QA169A,0.7409076,1.2071842,2,0
3NPS_A_BC|QA218A,-0.040916756,0.4527406,2,0
3NPS_A_BC|QA23A,0.026323749,0.3071774,2,0
3NPS_A_BC|RA219A,-0.08390186,0.24047902,2,0
3NPS_A_BC|RA48A,-1.062741,0.32584155,2,0
3NPS_A_BC|RA51A,0.13816836,0.49907696,2,0
3NPS_A_BC|RA82A,-0.15159543,0.27886152,2,0
3NPS_A_BC|TA144A,0.17497002,0.9635633,2,0
3NPS_A_BC|TA93A,0.72381234,1.5805706,2,0
3NPS_A_BC|YA141A,1.7748737,3.1271763,2,0
3NPS_A_BC|YA52A,0.4518898,1.1329842,2,0
3W2D_A_HL|KA67N,4.0,0.66488236,2,0
3W2D_A_HL|KA67R,-0.42812017,1.0004481,2,0
3W2D_A_HL|YA45F,0.8779443,-1.1663107,2,0
3W2D_A_HL|YA45L,2.3647563,0.57922083,2,0
"4KRO_A_B|DA321T,FA323A",0.1269707,0.111754574,2,0
"4KRP_A_B|DA277T,FA279A",0.35829666,0.027747273,2,0
4NM8_ABCDEF_HL|DB19N,0.66149956,1.1515337,2,0
4NM8_ABCDEF_HL|IB18M,0.10977998,-0.058413308,2,0
4NM8_ABCDEF_HL|LB38Y,-0.6151596,0.11419322,2,0
4NM8_ABCDEF_HL|QB34R,2.9754758,1.3542693,2,0
4NM8_ABCDEF_HL|QB34T,2.3309386,0.5803171,2,0
4NM8_ABCDEF_HL|RB25M,3.442353,0.91722524,2,0
4NM8_ABCDEF_HL|TB32E,-0.5517196,0.63746905,2,0
4NM8_ABCDEF_HL|TB32I,-0.050205972,1.0952725,2,0
4NM8_ABCDEF_HL|TB32R,1.2211944,1.3663913,2,0
1DVF_AB_CD|DB100A,2.7895143,1.3736945,2,1
"1DVF_AB_CD|DB100A,DD52A",4.0,2.3894565,2,1
"1DVF_AB_CD|DB100A,HD33A",4.0,2.5147185,2,1
"1DVF_AB_CD|DB100A,ND55A",4.0,1.7605988,2,1
1DVF_AB_CD|DB54A,4.0,1.4101185,2,1
"1DVF_AB_CD|DB54A,YC49A",4.0,2.7214124,2,1
1DVF_AB_CD|DB58A,1.6000048,1.4238147,2,1
"1DVF_AB_CD|DB58A,QD104A",1.4641725,2.0978324,2,1
1DVF_AB_CD|DD52A,1.6822901,1.6988717,2,1
1DVF_AB_CD|EB98A,4.0,1.3876528,2,1
"1DVF_AB_CD|EB98A,YD102A",4.0,3.1741626,2,1
1DVF_AB_CD|HA30A,1.6493824,0.25328043,2,1
1DVF_AB_CD|HD33A,1.8606005,1.9916804,2,1
1DVF_AB_CD|ID101A,2.6815457,0.9027189,2,1
1DVF_AB_CD|KD30A,1.0035173,0.7007774,2,1
1DVF_AB_CD|NB56A,1.1624389,0.23165403,2,1
"1DVF_AB_CD|NB56A,HD33A",2.5259995,1.9240196,2,1
"1DVF_AB_CD|NB56A,ND55A",2.3010929,0.9887242,2,1
"1DVF_AB_CD|NB56A,QD104A",1.4868644,1.4117557,2,1
1DVF_AB_CD|ND55A,1.8606005,0.8255893,2,1
1DVF_AB_CD|QD104A,1.6287225,1.4074985,2,1
1DVF_AB_CD|RB99A,1.8746451,1.1635771,2,1
1DVF_AB_CD|RD106A,4.0,1.4452918,2,1
1DVF_AB_CD|SA93A,1.1624389,0.33431637,2,1
1DVF_AB_CD|TB30A,0.9075126,-0.14000638,2,1
1DVF_AB_CD|WA92A,0.34072307,2.2732275,2,1
1DVF_AB_CD|WB52A,4.0,2.5093987,2,1
"1DVF_AB_CD|WB52A,QD104A",4.0,3.205859,2,1
1DVF_AB_CD|YA32A,2.0303695,1.7616836,2,1
"1DVF_AB_CD|YA32A,RD106A",4.0,2.7138689,2,1
1DVF_AB_CD|YA49A,1.6785902,1.7936033,2,1
"1DVF_AB_CD|YA49A,HD33A",2.625045,2.9269032,2,1
"1DVF_AB_CD|YA49A,ND55A",2.0303695,2.2794087,2,1
1DVF_AB_CD|YA50A,0.6877736,1.8075852,2,1
1DVF_AB_CD|YB101F,2.0123136,0.39432856,2,1
1DVF_AB_CD|YB32A,1.8314707,1.7498398,2,1
1DVF_AB_CD|YC49A,1.8606005,1.4670295,2,1
1DVF_AB_CD|YD102A,4.0,2.1766841,2,1
1MHP_HL_A|FH99W,0.0,0.11954534,2,1
1MHP_HL_A|FH99Y,0.75466895,-0.3500045,2,1
1MHP_HL_A|GH100F,0.38901797,-0.38439122,2,1
1MHP_HL_A|GH100L,2.727121,-0.05029098,2,1
1MHP_HL_A|GH100M,0.10213403,-0.07086097,2,1
1MHP_HL_A|GH100S,0.5577475,0.23577799,2,1
1MHP_HL_A|GH53A,0.5126066,0.90524834,2,1
1MHP_HL_A|GH53N,1.2553134,0.46714133,2,1
1MHP_HL_A|GH53S,0.6755934,0.388381,2,1
1MHP_HL_A|GH54I,1.3635606,0.036462147,2,1
1MHP_HL_A|GH54T,1.1641668,0.2915895,2,1
1MHP_HL_A|GH54Y,0.0,-0.4491224,2,1
1MHP_HL_A|GL91Q,1.572685,-0.023280293,2,1
1MHP_HL_A|GL91S,0.5126066,0.21781038,2,1
1MHP_HL_A|HL30K,1.1641668,-0.039801262,2,1
1MHP_HL_A|HL30R,1.1237977,-0.27195984,2,1
1MHP_HL_A|HL30W,1.2553134,-0.76848406,2,1
1MHP_HL_A|KH64D,-0.17144196,-0.2374565,2,1
1MHP_HL_A|KH64E,-0.07761467,0.15929058,2,1
"1MHP_HL_A|KH64E,SL27Q",-0.85684633,0.41023827,2,1
"1MHP_HL_A|KH64E,SL27Q,NL51Y",-1.0191593,-0.06325842,2,1
1MHP_HL_A|KH64N,-0.03627145,0.121247426,2,1
1MHP_HL_A|KH64Q,-0.07761467,0.14208709,2,1
1MHP_HL_A|LH60D,-0.061319917,-0.5884552,2,1
"1MHP_HL_A|LH60D,KH64E",-0.1418005,-0.080342114,2,1
"1MHP_HL_A|LH60D,KH64Q",0.042989343,0.12616469,2,1
1MHP_HL_A|LL48F,0.71227974,-0.7665227,2,1
1MHP_HL_A|LL48K,0.8612009,-0.13997576,2,1
1MHP_HL_A|LL48W,1.9075676,-0.91868454,2,1
1MHP_HL_A|NL29V,1.0493295,-0.46151817,2,1
1MHP_HL_A|NL29W,1.572685,-0.88647956,2,1
1MHP_HL_A|NL29Y,1.9075676,-0.98919314,2,1
"1MHP_HL_A|NL29Y,SL90I",0.43436813,-1.3048093,2,1
1MHP_HL_A|NL51D,0.5007625,-0.42686918,2,1
1MHP_HL_A|NL51E,-0.08868487,0.12167248,2,1
1MHP_HL_A|NL51K,0.65751,-0.06235086,2,1
1MHP_HL_A|NL51R,0.84484076,-0.19525576,2,1
1MHP_HL_A|NL51Y,-0.05162489,-0.5822766,2,1
1MHP_HL_A|RH31Q,1.3073281,0.14270546,2,1
1MHP_HL_A|SH35A,1.572685,0.80161226,2,1
"1MHP_HL_A|SH35A,GH102S",1.572685,1.235607,2,1
1MHP_HL_A|SH35Q,2.727121,-0.03754658,2,1
"1MHP_HL_A|SH35V,GH102S",1.4256749,0.16664071,2,1
1MHP_HL_A|SH52M,2.0758402,-0.68004405,2,1
1MHP_HL_A|SL23R,-0.21533228,-0.2146979,2,1
1MHP_HL_A|SL27Q,-0.6661127,0.18465303,2,1
1MHP_HL_A|SL90Q,1.7740332,-0.28459615,2,1
1MHP_HL_A|SL90T,2.3166485,-0.130151,2,1
"1MHP_HL_A|TH33E,GH53Q",1.6674565,0.77877307,2,1
"1MHP_HL_A|TH33I,SH52T,GH53N,GH54N",1.9075676,0.68391067,2,1
"1MHP_HL_A|TH33I,SH52T,GH53Q,GH54F",1.2553134,0.6401303,2,1
1MHP_HL_A|TH33N,2.727121,-0.24542783,2,1
1MHP_HL_A|TH33V,0.43436813,0.45237616,2,1
1MHP_HL_A|TH50V,-0.13159887,0.1630121,2,1
"1MHP_HL_A|TH50V,GH102S",1.6674565,0.124900535,2,1
"1MHP_HL_A|TH50V,KH64E",-0.1805197,-0.16289271,2,1
"1MHP_HL_A|TH50V,KH64E,SL27Q,NL51E",-1.267319,-0.032548163,2,1
"1MHP_HL_A|TH50V,KH64E,SL27Q,NL51Y",-1.0844951,-0.4564453,2,1
"1MHP_HL_A|TH50V,SH35A",2.0758402,0.60978055,2,1
"1MHP_HL_A|TH50V,SH35V",2.727121,-0.12519461,2,1
"1MHP_HL_A|TH50V,SL27Q",-0.6946839,0.026144106,2,1
"1MHP_HL_A|TH50V,SL27Q,NL51Y",-1.0235296,-0.43950537,2,1
1MHP_HL_A|WL89Q,2.0758402,1.0460279,2,1
"1MHP_HL_A|WL89Q,FL32Y",0.871019,0.6357083,2,1
1MHP_HL_A|YH58E,2.0758402,1.3025379,2,1
1MHP_HL_A|YH58Q,2.0758402,0.71563745,2,1
1MHP_HL_A|YH58W,0.82094526,0.33268222,2,1
1MHP_HL_A|YH59E,0.54400706,0.7377212,2,1
1N8Z_AB_C|DB102W,-0.71302944,-0.054756504,2,1
1N8Z_AB_C|FC539A,0.035102826,1.7037046,2,1
1N8Z_AB_C|HA91F,0.034232877,-0.91800994,2,1
1N8Z_AB_C|LC509A,-0.023045197,0.67699605,2,1
1N8Z_AB_C|NA30S,0.06666317,-0.27241793,2,1
"1N8Z_AB_C|NA30S,HA91F,YA92W",-0.07476232,-0.8615091,2,1
"1N8Z_AB_C|NA30S,HA91F,YA92W,TA94S,DB102W,YB105F,YB109V",0.050661404,-1.2216573,2,1
1N8Z_AB_C|RB50A,2.9754758,1.9278661,2,1
1N8Z_AB_C|RB59A,1.8037988,1.1603007,2,1
1N8Z_AB_C|SC535A,0.030827092,0.52100235,2,1
1N8Z_AB_C|TA94S,0.32168603,-0.054932166,2,1
1N8Z_AB_C|VC536A,0.008972699,0.4724141,2,1
1N8Z_AB_C|YB105F,0.8540034,0.26301014,2,1
1N8Z_AB_C|YB109V,0.23192272,0.23405059,2,1
1XGQ_AB_C|VB33A,1.1525793,1.3427256,2,1
1XGQ_AB_C|VB33F,-2.9080825,-1.1192845,2,1
1XGQ_AB_C|VB33I,-1.1076277,-0.6668301,2,1
1XGQ_AB_C|VB33L,-1.0463123,-0.8052561,2,1
1YQV_HL_Y|RY45K,1.8995041,-0.64666617,2,1
"1YQV_HL_Y|RY68K,TY40S,IY55V,SY91T",4.0,0.54200727,2,1
"1YQV_HL_Y|RY68K,TY40S,IY55V,SY91T,QY121H",0.0,0.3827341,2,1
1YY9_CD_A|AC25P,0.07225565,-0.42999262,2,1
1YY9_CD_A|AD98P,1.0372273,-0.8971742,2,1
1YY9_CD_A|GD54P,0.26807046,-0.07880473,2,1
1YY9_CD_A|LD29P,0.030827092,0.6682921,2,1
1YY9_CD_A|NC93A,-0.74186975,0.46678907,2,1
1YY9_CD_A|ND56A,-0.057046015,0.10244234,2,1
1YY9_CD_A|SC26D,-0.19925442,-0.86334866,2,1
"1YY9_CD_A|SC26D,TC31E,NC93A",-1.3329437,-0.14825718,2,1
"1YY9_CD_A|SC26D,TC31E,NC93A,ND56A,TD61E",-0.6517935,-0.57653224,2,1
1YY9_CD_A|SC26P,-0.009110746,-0.24102941,2,1
1YY9_CD_A|SC28P,-0.22229962,0.16972987,2,1
1YY9_CD_A|SC54P,-0.018363854,0.22872166,2,1
1YY9_CD_A|SD53P,0.8175451,0.23004119,2,1
1YY9_CD_A|TC31E,-0.51892465,0.3579441,2,1
"1YY9_CD_A|TC31E,NC93A",-0.81853306,0.56387055,2,1
1YY9_CD_A|TC96P,4.0,0.24865584,2,1
1YY9_CD_A|TD61E,-0.057046015,-0.01141892,2,1
1YY9_CD_A|WD52P,1.4782712,1.4371657,2,1
1YY9_CD_A|YD101P,1.6514195,0.8028262,2,1
3NPS_A_BC|DA214A,1.466743,1.0432192,2,1
3NPS_A_BC|DA46A,0.3399866,1.1623312,2,1
3NPS_A_BC|DA47A,1.0674704,1.4337494,2,1
3NPS_A_BC|DA91A,1.5070341,1.3784777,2,1
3NPS_A_BC|EA163A,0.61534816,0.7287749,2,1
3NPS_A_BC|FA50A,0.21957076,1.4632195,2,1
3NPS_A_BC|FA89A,1.5714045,2.2896073,2,1
3NPS_A_BC|FA92A,0.46353978,1.630354,2,1
3NPS_A_BC|HA138A,1.8750918,1.8047276,2,1
3NPS_A_BC|IA26A,0.6415425,0.9534503,2,1
3NPS_A_BC|IA45A,-0.33181784,0.36482912,2,1
3NPS_A_BC|KA221A,-0.10361039,0.8805138,2,1
3NPS_A_BC|LA147A,0.29573628,0.5071502,2,1
3NPS_A_BC|NA90A,0.25341922,0.9939416,2,1
3NPS_A_BC|QA140A,0.29573628,0.9982633,2,1
3NPS_A_BC|QA168A,-0.059223834,1.2821722,2,1
3NPS_A_BC|QA169A,0.7409076,1.7050368,2,1
3NPS_A_BC|QA218A,-0.040916756,0.8445642,2,1
3NPS_A_BC|QA23A,0.026323749,0.9069336,2,1
3NPS_A_BC|RA219A,-0.08390186,0.29448697,2,1
3NPS_A_BC|RA48A,-1.062741,0.682329,2,1
3NPS_A_BC|RA51A,0.13816836,0.575124,2,1
3NPS_A_BC|RA82A,-0.15159543,0.4790803,2,1
3NPS_A_BC|TA144A,0.17497002,1.0012534,2,1
3NPS_A_BC|TA93A,0.72381234,1.2989459,2,1
3NPS_A_BC|YA141A,1.7748737,1.7575936,2,1
3NPS_A_BC|YA52A,0.4518898,0.696893,2,1
3W2D_A_HL|KA67N,4.0,0.3093411,2,1
3W2D_A_HL|KA67R,-0.42812017,0.85754734,2,1
3W2D_A_HL|YA45F,0.8779443,-0.69112027,2,1
3W2D_A_HL|YA45L,2.3647563,0.078878686,2,1
"4KRO_A_B|DA321T,FA323A",0.1269707,0.5481152,2,1
"4KRP_A_B|DA277T,FA279A",0.35829666,0.4973006,2,1
4NM8_ABCDEF_HL|DB19N,0.66149956,0.81206924,2,1
4NM8_ABCDEF_HL|IB18M,0.10977998,0.5013333,2,1
4NM8_ABCDEF_HL|LB38Y,-0.6151596,0.19511609,2,1
4NM8_ABCDEF_HL|QB34R,2.9754758,0.96356535,2,1
4NM8_ABCDEF_HL|QB34T,2.3309386,0.91815776,2,1
4NM8_ABCDEF_HL|RB25M,3.442353,0.2612686,2,1
4NM8_ABCDEF_HL|TB32E,-0.5517196,0.36603966,2,1
4NM8_ABCDEF_HL|TB32I,-0.050205972,0.8976478,2,1
4NM8_ABCDEF_HL|TB32R,1.2211944,0.75012916,2,1
1DVF_AB_CD|DB100A,2.7895143,0.036007635,2,2
"1DVF_AB_CD|DB100A,DD52A",4.0,0.13936141,2,2
"1DVF_AB_CD|DB100A,HD33A",4.0,0.011775911,2,2
"1DVF_AB_CD|DB100A,ND55A",4.0,0.06639461,2,2
1DVF_AB_CD|DB54A,4.0,0.09270306,2,2
"1DVF_AB_CD|DB54A,YC49A",4.0,0.13389656,2,2
1DVF_AB_CD|DB58A,1.6000048,0.1227843,2,2
"1DVF_AB_CD|DB58A,QD104A",1.4641725,0.07374343,2,2
1DVF_AB_CD|DD52A,1.6822901,0.1274712,2,2
1DVF_AB_CD|EB98A,4.0,0.041586354,2,2
"1DVF_AB_CD|EB98A,YD102A",4.0,0.09716959,2,2
1DVF_AB_CD|HA30A,1.6493824,-0.008387037,2,2
1DVF_AB_CD|HD33A,1.8606005,-0.07118815,2,2
1DVF_AB_CD|ID101A,2.6815457,0.0471726,2,2
1DVF_AB_CD|KD30A,1.0035173,0.03716106,2,2
1DVF_AB_CD|NB56A,1.1624389,-0.08170969,2,2
"1DVF_AB_CD|NB56A,HD33A",2.5259995,-0.05887518,2,2
"1DVF_AB_CD|NB56A,ND55A",2.3010929,0.070228845,2,2
"1DVF_AB_CD|NB56A,QD104A",1.4868644,-0.041245274,2,2
1DVF_AB_CD|ND55A,1.8606005,-0.0028205588,2,2
1DVF_AB_CD|QD104A,1.6287225,-0.10859278,2,2
1DVF_AB_CD|RB99A,1.8746451,0.08871502,2,2
1DVF_AB_CD|RD106A,4.0,-0.020230517,2,2
1DVF_AB_CD|SA93A,1.1624389,-0.015852071,2,2
1DVF_AB_CD|TB30A,0.9075126,-0.014047109,2,2
1DVF_AB_CD|WA92A,0.34072307,0.011326358,2,2
1DVF_AB_CD|WB52A,4.0,0.11292735,2,2
"1DVF_AB_CD|WB52A,QD104A",4.0,0.117459536,2,2
1DVF_AB_CD|YA32A,2.0303695,0.22440976,2,2
"1DVF_AB_CD|YA32A,RD106A",4.0,0.23229235,2,2
1DVF_AB_CD|YA49A,1.6785902,0.12220429,2,2
"1DVF_AB_CD|YA49A,HD33A",2.625045,0.07474205,2,2
"1DVF_AB_CD|YA49A,ND55A",2.0303695,0.17790945,2,2
1DVF_AB_CD|YA50A,0.6877736,0.031054065,2,2
1DVF_AB_CD|YB101F,2.0123136,-0.034815747,2,2
1DVF_AB_CD|YB32A,1.8314707,0.08516018,2,2
1DVF_AB_CD|YC49A,1.8606005,-0.033986684,2,2
1DVF_AB_CD|YD102A,4.0,0.043214373,2,2
1MHP_HL_A|FH99W,0.0,-0.049865663,2,2
1MHP_HL_A|FH99Y,0.75466895,-0.012384586,2,2
1MHP_HL_A|GH100F,0.38901797,-0.09480107,2,2
1MHP_HL_A|GH100L,2.727121,-0.11600655,2,2
1MHP_HL_A|GH100M,0.10213403,-0.10089545,2,2
1MHP_HL_A|GH100S,0.5577475,-0.11241162,2,2
1MHP_HL_A|GH53A,0.5126066,-0.105954066,2,2
1MHP_HL_A|GH53N,1.2553134,-0.021094326,2,2
1MHP_HL_A|GH53S,0.6755934,-0.19201466,2,2
1MHP_HL_A|GH54I,1.3635606,-0.1567333,2,2
1MHP_HL_A|GH54T,1.1641668,-0.039428387,2,2
1MHP_HL_A|GH54Y,0.0,-0.18071778,2,2
1MHP_HL_A|GL91Q,1.572685,-0.20832002,2,2
1MHP_HL_A|GL91S,0.5126066,-0.0579877,2,2
1MHP_HL_A|HL30K,1.1641668,0.06082982,2,2
1MHP_HL_A|HL30R,1.1237977,-0.22025679,2,2
1MHP_HL_A|HL30W,1.2553134,-0.07072092,2,2
1MHP_HL_A|KH64D,-0.17144196,-0.19565699,2,2
1MHP_HL_A|KH64E,-0.07761467,-0.16380224,2,2
"1MHP_HL_A|KH64E,SL27Q",-0.85684633,-0.13508488,2,2
"1MHP_HL_A|KH64E,SL27Q,NL51Y",-1.0191593,-0.17602183,2,2
1MHP_HL_A|KH64N,-0.03627145,-0.07877199,2,2
1MHP_HL_A|KH64Q,-0.07761467,-0.3153429,2,2
1MHP_HL_A|LH60D,-0.061319917,-0.118097186,2,2
"1MHP_HL_A|LH60D,KH64E",-0.1418005,-0.1412699,2,2
"1MHP_HL_A|LH60D,KH64Q",0.042989343,-0.24915634,2,2
1MHP_HL_A|LL48F,0.71227974,-0.002278477,2,2
1MHP_HL_A|LL48K,0.8612009,-0.049567007,2,2
1MHP_HL_A|LL48W,1.9075676,-0.115680456,2,2
1MHP_HL_A|NL29V,1.0493295,-0.3874617,2,2
1MHP_HL_A|NL29W,1.572685,-0.360931,2,2
1MHP_HL_A|NL29Y,1.9075676,-0.3060404,2,2
"1MHP_HL_A|NL29Y,SL90I",0.43436813,-0.23946835,2,2
1MHP_HL_A|NL51D,0.5007625,-0.24994558,2,2
1MHP_HL_A|NL51E,-0.08868487,-0.21218605,2,2
1MHP_HL_A|NL51K,0.65751,-0.10693135,2,2
1MHP_HL_A|NL51R,0.84484076,-0.35439247,2,2
1MHP_HL_A|NL51Y,-0.05162489,-0.2711283,2,2
1MHP_HL_A|RH31Q,1.3073281,-0.053815067,2,2
1MHP_HL_A|SH35A,1.572685,0.030774854,2,2
"1MHP_HL_A|SH35A,GH102S",1.572685,-0.027812097,2,2
1MHP_HL_A|SH35Q,2.727121,-0.07095223,2,2
"1MHP_HL_A|SH35V,GH102S",1.4256749,-0.03787687,2,2
1MHP_HL_A|SH52M,2.0758402,-0.068707466,2,2
1MHP_HL_A|SL23R,-0.21533228,-0.20673478,2,2
1MHP_HL_A|SL27Q,-0.6661127,-0.21988867,2,2
1MHP_HL_A|SL90Q,1.7740332,-0.22176644,2,2
1MHP_HL_A|SL90T,2.3166485,-0.06512335,2,2
"1MHP_HL_A|TH33E,GH53Q",1.6674565,-0.27867013,2,2
"1MHP_HL_A|TH33I,SH52T,GH53N,GH54N",1.9075676,-0.0007522926,2,2
"1MHP_HL_A|TH33I,SH52T,GH53Q,GH54F",1.2553134,-0.11599175,2,2
1MHP_HL_A|TH33N,2.727121,-0.20171152,2,2
1MHP_HL_A|TH33V,0.43436813,-0.34215453,2,2
1MHP_HL_A|TH50V,-0.13159887,-0.20934524,2,2
"1MHP_HL_A|TH50V,GH102S",1.6674565,-0.11948037,2,2
"1MHP_HL_A|TH50V,KH64E",-0.1805197,-0.12060243,2,2
"1MHP_HL_A|TH50V,KH64E,SL27Q,NL51E",-1.267319,-0.17642571,2,2
"1MHP_HL_A|TH50V,KH64E,SL27Q,NL51Y",-1.0844951,-0.20705631,2,2
"1MHP_HL_A|TH50V,SH35A",2.0758402,0.009662285,2,2
"1MHP_HL_A|TH50V,SH35V",2.727121,-0.012519542,2,2
"1MHP_HL_A|TH50V,SL27Q",-0.6946839,-0.098830804,2,2
"1MHP_HL_A|TH50V,SL27Q,NL51Y",-1.0235296,-0.19670609,2,2
1MHP_HL_A|WL89Q,2.0758402,-0.28072575,2,2
"1MHP_HL_A|WL89Q,FL32Y",0.871019,-0.24425524,2,2
1MHP_HL_A|YH58E,2.0758402,-0.027117468,2,2
1MHP_HL_A|YH58Q,2.0758402,-0.06002429,2,2
1MHP_HL_A|YH58W,0.82094526,-0.12136075,2,2
1MHP_HL_A|YH59E,0.54400706,0.01991789,2,2
1N8Z_AB_C|DB102W,-0.71302944,-0.24584366,2,2
1N8Z_AB_C|FC539A,0.035102826,-0.12176319,2,2
1N8Z_AB_C|HA91F,0.034232877,-0.021548998,2,2
1N8Z_AB_C|LC509A,-0.023045197,-0.13182694,2,2
1N8Z_AB_C|NA30S,0.06666317,-0.21994624,2,2
"1N8Z_AB_C|NA30S,HA91F,YA92W",-0.07476232,-0.27374482,2,2
"1N8Z_AB_C|NA30S,HA91F,YA92W,TA94S,DB102W,YB105F,YB109V",0.050661404,-0.28391007,2,2
1N8Z_AB_C|RB50A,2.9754758,0.094157115,2,2
1N8Z_AB_C|RB59A,1.8037988,0.06491847,2,2
1N8Z_AB_C|SC535A,0.030827092,-0.045567963,2,2
1N8Z_AB_C|TA94S,0.32168603,-0.15961036,2,2
1N8Z_AB_C|VC536A,0.008972699,-0.09245608,2,2
1N8Z_AB_C|YB105F,0.8540034,0.007171601,2,2
1N8Z_AB_C|YB109V,0.23192272,-0.13578439,2,2
1XGQ_AB_C|VB33A,1.1525793,-0.010371447,2,2
1XGQ_AB_C|VB33F,-2.9080825,-0.22170849,2,2
1XGQ_AB_C|VB33I,-1.1076277,-0.1508615,2,2
1XGQ_AB_C|VB33L,-1.0463123,-0.21239659,2,2
1YQV_HL_Y|RY45K,1.8995041,-0.17340171,2,2
"1YQV_HL_Y|RY68K,TY40S,IY55V,SY91T",4.0,-0.04890018,2,2
"1YQV_HL_Y|RY68K,TY40S,IY55V,SY91T,QY121H",0.0,-0.051680245,2,2
1YY9_CD_A|AC25P,0.07225565,-0.028605208,2,2
1YY9_CD_A|AD98P,1.0372273,-0.2558383,2,2
1YY9_CD_A|GD54P,0.26807046,0.06575927,2,2
1YY9_CD_A|LD29P,0.030827092,-0.0001951009,2,2
1YY9_CD_A|NC93A,-0.74186975,-0.1590744,2,2
1YY9_CD_A|ND56A,-0.057046015,-0.0829134,2,2
1YY9_CD_A|SC26D,-0.19925442,-0.10953459,2,2
"1YY9_CD_A|SC26D,TC31E,NC93A",-1.3329437,-0.03772514,2,2
"1YY9_CD_A|SC26D,TC31E,NC93A,ND56A,TD61E",-0.6517935,-0.10415404,2,2
1YY9_CD_A|SC26P,-0.009110746,0.041359104,2,2
1YY9_CD_A|SC28P,-0.22229962,-0.16615158,2,2
1YY9_CD_A|SC54P,-0.018363854,-0.1263189,2,2
1YY9_CD_A|SD53P,0.8175451,-0.14659992,2,2
1YY9_CD_A|TC31E,-0.51892465,-0.058698654,2,2
"1YY9_CD_A|TC31E,NC93A",-0.81853306,-0.10380766,2,2
1YY9_CD_A|TC96P,4.0,-0.31497496,2,2
1YY9_CD_A|TD61E,-0.057046015,-0.31439447,2,2
1YY9_CD_A|WD52P,1.4782712,0.12130512,2,2
1YY9_CD_A|YD101P,1.6514195,0.008968331,2,2
3NPS_A_BC|DA214A,1.466743,-0.11699421,2,2
3NPS_A_BC|DA46A,0.3399866,-0.17211738,2,2
3NPS_A_BC|DA47A,1.0674704,0.023655228,2,2
3NPS_A_BC|DA91A,1.5070341,-0.048330314,2,2
3NPS_A_BC|EA163A,0.61534816,0.045707762,2,2
3NPS_A_BC|FA50A,0.21957076,-0.15886874,2,2
3NPS_A_BC|FA89A,1.5714045,-0.19105035,2,2
3NPS_A_BC|FA92A,0.46353978,-0.021674111,2,2
3NPS_A_BC|HA138A,1.8750918,0.0976975,2,2
3NPS_A_BC|IA26A,0.6415425,-0.13988057,2,2
3NPS_A_BC|IA45A,-0.33181784,-0.048430115,2,2
3NPS_A_BC|KA221A,-0.10361039,0.042767458,2,2
3NPS_A_BC|LA147A,0.29573628,-0.13299942,2,2
3NPS_A_BC|NA90A,0.25341922,0.014914066,2,2
3NPS_A_BC|QA140A,0.29573628,-0.009071983,2,2
3NPS_A_BC|QA168A,-0.059223834,-0.10803437,2,2
3NPS_A_BC|QA169A,0.7409076,-0.068463124,2,2
3NPS_A_BC|QA218A,-0.040916756,0.05388949,2,2
3NPS_A_BC|QA23A,0.026323749,-0.057553377,2,2
3NPS_A_BC|RA219A,-0.08390186,-0.05191951,2,2
3NPS_A_BC|RA48A,-1.062741,-0.124813594,2,2
3NPS_A_BC|RA51A,0.13816836,0.101122364,2,2
3NPS_A_BC|RA82A,-0.15159543,-0.06297888,2,2
3NPS_A_BC|TA144A,0.17497002,-0.1585871,2,2
3NPS_A_BC|TA93A,0.72381234,-0.061343186,2,2
3NPS_A_BC|YA141A,1.7748737,-0.06732812,2,2
3NPS_A_BC|YA52A,0.4518898,-0.059077054,2,2
3W2D_A_HL|KA67N,4.0,-0.05299732,2,2
3W2D_A_HL|KA67R,-0.42812017,-0.1520752,2,2
3W2D_A_HL|YA45F,0.8779443,-0.31901705,2,2
3W2D_A_HL|YA45L,2.3647563,-0.21509242,2,2
"4KRO_A_B|DA321T,FA323A",0.1269707,0.11783381,2,2
"4KRP_A_B|DA277T,FA279A",0.35829666,0.1688156,2,2
4NM8_ABCDEF_HL|DB19N,0.66149956,-0.009146456,2,2
4NM8_ABCDEF_HL|IB18M,0.10977998,-0.029746443,2,2
4NM8_ABCDEF_HL|LB38Y,-0.6151596,-0.17014046,2,2
4NM8_ABCDEF_HL|QB34R,2.9754758,-0.08596255,2,2
4NM8_ABCDEF_HL|QB34T,2.3309386,-0.053303417,2,2
4NM8_ABCDEF_HL|RB25M,3.442353,-0.035222534,2,2
4NM8_ABCDEF_HL|TB32E,-0.5517196,-0.032950282,2,2
4NM8_ABCDEF_HL|TB32I,-0.050205972,-0.028271988,2,2
4NM8_ABCDEF_HL|TB32R,1.2211944,-0.063979834,2,2
"1CZ8_HL_VW|LL4M,DH28T,HH31N,YH101H,TH105S",2.939849,1.3355393,3,0
1KIR_AB_C|SA50Y,-1.3870943,-0.48756233,3,0
1MLC_AB_E|KB65D,0.018548755,-0.5387495,3,0
1MLC_AB_E|NA32G,-0.8773867,0.3379712,3,0
"1MLC_AB_E|NA32G,NA92A",-0.6866531,0.09782365,3,0
"1MLC_AB_E|NA32G,NA92A,SB57V,TB58D",-1.7349738,-0.7093175,3,0
1MLC_AB_E|NA32Y,0.0,-0.36897686,3,0
1MLC_AB_E|NA92A,-1.2533532,0.223728,3,0
"1MLC_AB_E|NA92A,SB57V,TB58D",-2.394188,-0.45994037,3,0
"1MLC_AB_E|NA92A,TB28D,SB57V,TB58D",-2.5813644,-0.7686541,3,0
"1MLC_AB_E|NA92A,TB28D,SB57V,TB58D,EB35S,GB99D",-2.9539242,-0.35436288,3,0
"1MLC_AB_E|NA92A,TB28D,SB57V,TB58D,GB99D",-0.20357698,-0.50382864,3,0
"1MLC_AB_E|NA92A,TB28D,SB57V,TB58D,NA32L",-2.5843081,-0.6187958,3,0
"1MLC_AB_E|NA92A,TB28D,SB57V,TB58D,RB98M,DB100Q",-0.41047263,-0.96837664,3,0
"1MLC_AB_E|NA92A,TB28D,SB57V,TB58D,SA91N,SA93A",-1.6104395,-0.6430147,3,0
"1MLC_AB_E|NA92A,TB28D,SB57V,TB58D,SB30G",-2.3584673,-1.0256076,3,0
"1MLC_AB_E|NA92A,TB28D,SB57V,TB58D,YB32W,RB98V,DB100Q",0.36138764,-1.0583328,3,0
"1MLC_AB_E|NA92A,TB28D,SB57V,TB58D,YB59E",-1.4661698,-0.7291897,3,0
1MLC_AB_E|SB57A,-0.37902167,0.052083608,3,0
1MLC_AB_E|SB57V,-0.49418068,0.07146381,3,0
"1MLC_AB_E|SB57V,TB58D",-0.9877286,-0.09939723,3,0
1MLC_AB_E|TB28D,-0.15094383,-0.16525483,3,0
1MLC_AB_E|TB31A,0.44700673,0.11859462,3,0
1MLC_AB_E|TB31V,0.5262404,0.0152798705,3,0
1MLC_AB_E|TB31W,0.13214268,-0.5066793,3,0
1MLC_AB_E|TB58D,-0.55968237,-0.554259,3,0
1NCA_N_LH|DH101K,0.71416,1.381655,3,0
1NCA_N_LH|EH100D,0.41047263,-0.22178479,3,0
1NCA_N_LH|NH102Q,0.5426153,0.47018126,3,0
1NCA_N_LH|NH31Q,0.0,0.9767256,3,0
1NMB_N_LH|DH57E,2.9536283,0.44649965,3,0
1NMB_N_LH|DH57N,2.9536283,0.26255623,3,0
1NMB_N_LH|LL94V,0.9000208,-0.40284568,3,0
1NMB_N_LH|TL93F,-0.023903161,-0.36326775,3,0
1NMB_N_LH|TL93W,0.18419003,-0.6793819,3,0
1NMB_N_LH|YH103A,2.14062,0.72090673,3,0
1NMB_N_LH|YH105F,1.4194101,2.187829,3,0
1NMB_N_LH|YL32F,0.46632215,2.1986163,3,0
1VFB_AB_C|DB100A,3.005002,2.7213678,3,0
"1VFB_AB_C|DB100A,SC24A",3.369756,3.6427474,3,0
1VFB_AB_C|DB54A,0.8151114,2.20306,3,0
"1VFB_AB_C|DB54A,TC118A",1.2546439,2.4494236,3,0
1VFB_AB_C|DB58A,-0.20700333,1.5545645,3,0
1VFB_AB_C|DB58E,0.078081094,0.9113475,3,0
1VFB_AB_C|DB58N,-0.12818155,0.032913607,3,0
1VFB_AB_C|DC119A,0.9530879,1.9699696,3,0
1VFB_AB_C|DC18A,0.34013057,2.176147,3,0
1VFB_AB_C|EB98A,1.1565572,2.4899693,3,0
1VFB_AB_C|GB31A,0.30646533,1.1194162,3,0
1VFB_AB_C|GB31E,-0.5097613,1.2592973,3,0
1VFB_AB_C|GB31W,0.0039611305,1.6039609,3,0
1VFB_AB_C|HA30A,0.84488255,0.84893465,3,0
1VFB_AB_C|IC124A,1.2314179,0.79583365,3,0
1VFB_AB_C|KC116A,0.7134504,2.232868,3,0
1VFB_AB_C|LC129A,0.17154472,0.4014344,3,0
1VFB_AB_C|NA31W,0.17432266,0.8971744,3,0
1VFB_AB_C|NB56A,0.17771798,0.3102912,3,0
1VFB_AB_C|NC19A,0.3960868,0.54708064,3,0
1VFB_AB_C|QC121A,2.876998,1.0044898,3,0
1VFB_AB_C|RB99A,-0.099735305,1.5484133,3,0
1VFB_AB_C|RB99W,0.7049742,-0.06695977,3,0
1VFB_AB_C|RB99Y,1.235379,-0.87536585,3,0
1VFB_AB_C|RC125A,1.8368999,1.4068954,3,0
1VFB_AB_C|SA93A,0.34312394,0.6251131,3,0
1VFB_AB_C|SB28D,0.0,-0.35242346,3,0
1VFB_AB_C|SB28E,-0.104007296,0.3935337,3,0
1VFB_AB_C|SB28N,0.14394745,-0.19406317,3,0
1VFB_AB_C|SB28Q,0.078081094,0.5675716,3,0
1VFB_AB_C|SC24A,0.850965,1.2734324,3,0
1VFB_AB_C|TA52F,0.4708752,0.051226716,3,0
1VFB_AB_C|TA53R,1.6458516,0.086527824,3,0
1VFB_AB_C|TB30A,-0.05584954,-0.17913966,3,0
1VFB_AB_C|TC118A,0.7650957,0.70298105,3,0
1VFB_AB_C|VC120A,0.9169499,0.9117912,3,0
1VFB_AB_C|WA92A,3.037848,1.8727568,3,0
"1VFB_AB_C|WA92A,IC124A",3.8503337,2.6518764,3,0
"1VFB_AB_C|WA92A,LC129A",3.3073628,2.2957084,3,0
"1VFB_AB_C|WA92A,QC121A",3.5189366,3.2127156,3,0
"1VFB_AB_C|WA92A,RC125A",3.3932896,2.778484,3,0
1VFB_AB_C|WB52A,0.6406274,3.5741076,3,0
"1VFB_AB_C|WB52A,DC119A",2.2473724,4.1029553,3,0
1VFB_AB_C|YA32A,1.5281335,2.3868096,3,0
"1VFB_AB_C|YA32A,IC124A",2.9057157,2.4151094,3,0
"1VFB_AB_C|YA32A,QC121A",1.586041,2.722753,3,0
1VFB_AB_C|YA49A,0.79754156,1.8816224,3,0
1VFB_AB_C|YA50A,0.456086,2.5696857,3,0
"1VFB_AB_C|YA50A,DC119A",1.2314179,3.143776,3,0
"1VFB_AB_C|YA50A,DC18A",1.265924,3.4315162,3,0
1VFB_AB_C|YA50K,1.7156012,2.1604998,3,0
1VFB_AB_C|YA50R,0.8443241,1.3846314,3,0
1VFB_AB_C|YB101F,1.2695644,3.0402231,3,0
"1VFB_AB_C|YB101F,DC119A",2.736521,3.318729,3,0
"1VFB_AB_C|YB101F,VC120A",2.5384777,2.5979803,3,0
1VFB_AB_C|YB32A,0.7916793,1.1647077,3,0
"1VFB_AB_C|YB32A,KC116A",1.586041,2.3254263,3,0
1VFB_AB_C|YB32E,1.9021881,0.9928276,3,0
1VFB_AB_C|YC23A,0.41047263,2.0165865,3,0
1XGP_AB_C|AB33F,-4.0,-2.018547,3,0
1XGP_AB_C|AB33I,-2.260207,-1.8239049,3,0
1XGP_AB_C|AB33L,-2.1988916,-1.7379329,3,0
1XGP_AB_C|AB33V,-1.1525793,-0.874658,3,0
2JEL_LH_P|AP82S,0.0,0.10452242,3,0
2JEL_LH_P|DP69E,0.9530879,1.0551221,3,0
2JEL_LH_P|EP5D,0.41047263,-0.17488125,3,0
2JEL_LH_P|EP5Q,0.7129768,0.13577251,3,0
2JEL_LH_P|EP68A,0.41047263,0.7834465,3,0
2JEL_LH_P|EP75R,2.727121,1.0335267,3,0
2JEL_LH_P|EP83A,0.0,-0.10504523,3,0
2JEL_LH_P|EP85A,0.0,-0.2755477,3,0
2JEL_LH_P|EP85D,0.0,-0.103401005,3,0
2JEL_LH_P|EP85K,0.0,-0.08377157,3,0
2JEL_LH_P|EP85Q,0.0,-0.058466263,3,0
2JEL_LH_P|FP2W,2.6191528,2.2155726,3,0
2JEL_LH_P|FP2Y,0.0,0.03341591,3,0
2JEL_LH_P|HP76A,-0.41047263,1.1558615,3,0
2JEL_LH_P|HP76D,-0.65058374,0.23032759,3,0
2JEL_LH_P|KP24E,0.0,0.94287246,3,0
2JEL_LH_P|KP27E,0.0,0.9541266,3,0
2JEL_LH_P|KP72E,0.41047263,0.69990385,3,0
2JEL_LH_P|KP72R,0.0,0.74428433,3,0
2JEL_LH_P|KP79E,0.41047263,1.0078366,3,0
2JEL_LH_P|NP12D,0.0,0.005681714,3,0
2JEL_LH_P|NP38T,0.0,0.2152814,3,0
2JEL_LH_P|PP11E,0.0,-0.13466237,3,0
2JEL_LH_P|QP3K,4.0,0.26644364,3,0
2JEL_LH_P|QP4K,1.3635606,-0.64358187,3,0
2JEL_LH_P|QP57E,-0.41047263,0.08232579,3,0
2JEL_LH_P|QP71E,2.727121,0.23147072,3,0
2JEL_LH_P|RP17G,0.0,0.056254577,3,0
2JEL_LH_P|RP17K,0.0,-0.1846352,3,0
2JEL_LH_P|SP41C,1.4957032,0.73433536,3,0
2JEL_LH_P|SP43C,0.0,0.73572576,3,0
2JEL_LH_P|SP46C,0.0,0.89442855,3,0
2JEL_LH_P|SP64T,4.0,0.79144067,3,0
2JEL_LH_P|TP34Q,0.0,-0.20186879,3,0
2JEL_LH_P|TP36Q,0.41047263,-0.0129849585,3,0
2JEL_LH_P|TP62A,0.0,0.8777644,3,0
2JEL_LH_P|TP62N,0.0,0.8868889,3,0
2JEL_LH_P|TP7N,0.41047263,0.20457295,3,0
2JEL_LH_P|TP7S,0.0,-0.076663196,3,0
2JEL_LH_P|VP6F,0.0,-0.5263601,3,0
"2NY7_HL_G|CG27I,CG226Q",0.19971907,-0.65102124,3,0
"2NY7_HL_G|CG27I,CG226Q,MG231A",0.20319231,-0.623469,3,0
"2NY7_HL_G|GG229C,MG231A",-0.37879732,0.62837213,3,0
"2NY7_HL_G|GG229C,WG13M,MG231A,CG14W,CG110V,CG27I,CG226Q",0.21462485,-2.0231483,3,0
"2NY7_HL_G|KG66C,EG102C,CG27I,CG226Q",0.04085667,-1.2904971,3,0
"2NY7_HL_G|KG66C,EG102C,WG13M,MG231A,CG14W,CG110V,CG27I,CG226Q",0.3998023,-2.459109,3,0
"2NY7_HL_G|KG66C,EG103C,WG13M,MG231A,CG14W,CG110V,CG27I,CG226Q",0.29989544,-2.3456488,3,0
"2NY7_HL_G|WG13M,MG231A,CG14W,CG110V",1.1574335,-0.24150148,3,0
"2NY7_HL_G|WG13M,MG231A,CG14W,CG110V,CG27I,CG226Q",0.44904727,-2.105889,3,0
"2NY7_HL_G|WG13M,MG231A,CG14W,CG110V,KG66C,EG102C",0.55101526,0.355218,3,0
"2NY7_HL_G|WG13M,SG92T,WG181S,MG231A,CG14W,CG110V,CG27I,CG226Q",-0.3035898,-3.2751284,3,0
3BN9_B_CD|DB214A,0.5662115,2.0467086,3,0
3BN9_B_CD|DB46A,0.42238826,1.56004,3,0
3BN9_B_CD|DB47A,0.31110755,1.2038463,3,0
3BN9_B_CD|EB163A,0.37321588,0.28314486,3,0
3BN9_B_CD|FB50A,-0.044997852,1.6990013,3,0
3BN9_B_CD|FB89A,0.6392419,2.2026925,3,0
3BN9_B_CD|HB138A,0.085063316,1.0254582,3,0
3BN9_B_CD|IB26A,0.0,0.9220764,3,0
3BN9_B_CD|IB45A,0.8352155,0.77368134,3,0
3BN9_B_CD|KB221A,0.7849689,0.5866288,3,0
3BN9_B_CD|LB147A,0.33619216,-0.13271718,3,0
3BN9_B_CD|NB90A,0.7733444,1.2595494,3,0
3BN9_B_CD|PD104H,2.4272547,-0.29310334,3,0
3BN9_B_CD|QB140A,0.1331048,0.4959434,3,0
3BN9_B_CD|QB168A,-0.03469869,0.096963346,3,0
3BN9_B_CD|QB169A,2.5089848,1.3011935,3,0
3BN9_B_CD|QB218A,0.70571065,0.77501947,3,0
3BN9_B_CD|QB23A,-0.41530684,0.2670385,3,0
3BN9_B_CD|QD105V,1.2241027,-0.31470758,3,0
3BN9_B_CD|RB219A,-0.093698174,-0.040162407,3,0
3BN9_B_CD|RB48A,-0.044997852,1.713937,3,0
3BN9_B_CD|RB51A,-0.07155777,0.34977952,3,0
3BN9_B_CD|RB82A,-0.15923285,-0.08551644,3,0
3BN9_B_CD|SD30G,1.1861069,-0.67478645,3,0
3BN9_B_CD|SD30N,1.145505,-0.28245044,3,0
3BN9_B_CD|TB144A,0.2908351,-0.110284254,3,0
3BN9_B_CD|TB93A,1.1320528,1.3036542,3,0
3BN9_B_CD|TD102Q,-0.02153644,0.41237286,3,0
3BN9_B_CD|TD102R,-0.058294915,0.16386887,3,0
3BN9_B_CD|TD28R,0.33290586,-0.050762217,3,0
3BN9_B_CD|YB141A,1.0846525,2.7923727,3,0
3BN9_B_CD|YB52A,0.018951595,1.3923222,3,0
3BN9_B_CD|YD103S,0.45868576,1.2864676,3,0
4GXU_ABCDEF_MN|DA189E,2.1650882,2.7903018,3,0
"4GXU_ABCDEF_MN|DA189E,DA224G",3.0102077,2.2736337,3,0
4GXU_ABCDEF_MN|DA224G,1.9608781,1.4740685,3,0
"1CZ8_HL_VW|LL4M,DH28T,HH31N,YH101H,TH105S",2.939849,0.413592,3,1
1KIR_AB_C|SA50Y,-1.3870943,-1.2931851,3,1
1MLC_AB_E|KB65D,0.018548755,-0.5358667,3,1
1MLC_AB_E|NA32G,-0.8773867,-0.51621723,3,1
"1MLC_AB_E|NA32G,NA92A",-0.6866531,0.106789865,3,1
"1MLC_AB_E|NA32G,NA92A,SB57V,TB58D",-1.7349738,-0.063995376,3,1
1MLC_AB_E|NA32Y,0.0,-1.4427501,3,1
1MLC_AB_E|NA92A,-1.2533532,1.0425881,3,1
"1MLC_AB_E|NA92A,SB57V,TB58D",-2.394188,0.40481058,3,1
"1MLC_AB_E|NA92A,TB28D,SB57V,TB58D",-2.5813644,0.14574406,3,1
"1MLC_AB_E|NA92A,TB28D,SB57V,TB58D,EB35S,GB99D",-2.9539242,0.5050437,3,1
"1MLC_AB_E|NA92A,TB28D,SB57V,TB58D,GB99D",-0.20357698,0.5126102,3,1
"1MLC_AB_E|NA92A,TB28D,SB57V,TB58D,NA32L",-2.5843081,-0.115521036,3,1
"1MLC_AB_E|NA92A,TB28D,SB57V,TB58D,RB98M,DB100Q",-0.41047263,0.043807216,3,1
"1MLC_AB_E|NA92A,TB28D,SB57V,TB58D,SA91N,SA93A",-1.6104395,0.42518142,3,1
"1MLC_AB_E|NA92A,TB28D,SB57V,TB58D,SB30G",-2.3584673,-0.013230082,3,1
"1MLC_AB_E|NA92A,TB28D,SB57V,TB58D,YB32W,RB98V,DB100Q",0.36138764,0.04540369,3,1
"1MLC_AB_E|NA92A,TB28D,SB57V,TB58D,YB59E",-1.4661698,0.81250197,3,1
1MLC_AB_E|SB57A,-0.37902167,0.891981,3,1
1MLC_AB_E|SB57V,-0.49418068,0.19006091,3,1
"1MLC_AB_E|SB57V,TB58D",-0.9877286,0.13438863,3,1
1MLC_AB_E|TB28D,-0.15094383,-0.012714718,3,1
1MLC_AB_E|TB31A,0.44700673,1.0463921,3,1
1MLC_AB_E|TB31V,0.5262404,0.18607874,3,1
1MLC_AB_E|TB31W,0.13214268,-0.27070227,3,1
1MLC_AB_E|TB58D,-0.55968237,-0.064994626,3,1
1NCA_N_LH|DH101K,0.71416,0.17438583,3,1
1NCA_N_LH|EH100D,0.41047263,-0.40120682,3,1
1NCA_N_LH|NH102Q,0.5426153,0.22091381,3,1
1NCA_N_LH|NH31Q,0.0,0.6303341,3,1
1NMB_N_LH|DH57E,2.9536283,0.67769873,3,1
1NMB_N_LH|DH57N,2.9536283,-0.08580266,3,1
1NMB_N_LH|LL94V,0.9000208,-0.09610501,3,1
1NMB_N_LH|TL93F,-0.023903161,-0.27662143,3,1
1NMB_N_LH|TL93W,0.18419003,-0.34193724,3,1
1NMB_N_LH|YH103A,2.14062,1.5841628,3,1
1NMB_N_LH|YH105F,1.4194101,1.4529861,3,1
1NMB_N_LH|YL32F,0.46632215,1.3640553,3,1
1VFB_AB_C|DB100A,3.005002,0.808965,3,1
"1VFB_AB_C|DB100A,SC24A",3.369756,2.0721931,3,1
1VFB_AB_C|DB54A,0.8151114,0.5764802,3,1
"1VFB_AB_C|DB54A,TC118A",1.2546439,1.6112696,3,1
1VFB_AB_C|DB58A,-0.20700333,1.0541098,3,1
1VFB_AB_C|DB58E,0.078081094,0.71472895,3,1
1VFB_AB_C|DB58N,-0.12818155,0.059131667,3,1
1VFB_AB_C|DC119A,0.9530879,1.556327,3,1
1VFB_AB_C|DC18A,0.34013057,2.1488416,3,1
1VFB_AB_C|EB98A,1.1565572,0.9223914,3,1
1VFB_AB_C|GB31A,0.30646533,1.2429036,3,1
1VFB_AB_C|GB31E,-0.5097613,1.0226012,3,1
1VFB_AB_C|GB31W,0.0039611305,0.9422701,3,1
1VFB_AB_C|HA30A,0.84488255,1.7167468,3,1
1VFB_AB_C|IC124A,1.2314179,1.5822349,3,1
1VFB_AB_C|KC116A,0.7134504,2.4954286,3,1
1VFB_AB_C|LC129A,0.17154472,1.550187,3,1
1VFB_AB_C|NA31W,0.17432266,-0.48021716,3,1
1VFB_AB_C|NB56A,0.17771798,0.44714963,3,1
1VFB_AB_C|NC19A,0.3960868,1.6132928,3,1
1VFB_AB_C|QC121A,2.876998,1.2020004,3,1
1VFB_AB_C|RB99A,-0.099735305,1.314409,3,1
1VFB_AB_C|RB99W,0.7049742,-0.07810768,3,1
1VFB_AB_C|RB99Y,1.235379,-0.9357138,3,1
1VFB_AB_C|RC125A,1.8368999,1.6409096,3,1
1VFB_AB_C|SA93A,0.34312394,1.0754323,3,1
1VFB_AB_C|SB28D,0.0,0.10544535,3,1
1VFB_AB_C|SB28E,-0.104007296,0.3540441,3,1
1VFB_AB_C|SB28N,0.14394745,0.43739316,3,1
1VFB_AB_C|SB28Q,0.078081094,0.2917243,3,1
1VFB_AB_C|SC24A,0.850965,1.3697804,3,1
1VFB_AB_C|TA52F,0.4708752,-0.58722574,3,1
1VFB_AB_C|TA53R,1.6458516,-0.39690873,3,1
1VFB_AB_C|TB30A,-0.05584954,0.37706378,3,1
1VFB_AB_C|TC118A,0.7650957,1.3274925,3,1
1VFB_AB_C|VC120A,0.9169499,1.7169478,3,1
1VFB_AB_C|WA92A,3.037848,1.4338288,3,1
"1VFB_AB_C|WA92A,IC124A",3.8503337,2.1529016,3,1
"1VFB_AB_C|WA92A,LC129A",3.3073628,2.2991478,3,1
"1VFB_AB_C|WA92A,QC121A",3.5189366,2.3207972,3,1
"1VFB_AB_C|WA92A,RC125A",3.3932896,2.500007,3,1
1VFB_AB_C|WB52A,0.6406274,2.683094,3,1
"1VFB_AB_C|WB52A,DC119A",2.2473724,2.7742372,3,1
1VFB_AB_C|YA32A,1.5281335,2.4064765,3,1
"1VFB_AB_C|YA32A,IC124A",2.9057157,2.680572,3,1
"1VFB_AB_C|YA32A,QC121A",1.586041,2.926732,3,1
1VFB_AB_C|YA49A,0.79754156,2.457074,3,1
1VFB_AB_C|YA50A,0.456086,2.5950868,3,1
"1VFB_AB_C|YA50A,DC119A",1.2314179,2.6988285,3,1
"1VFB_AB_C|YA50A,DC18A",1.265924,3.045466,3,1
1VFB_AB_C|YA50K,1.7156012,2.1066458,3,1
1VFB_AB_C|YA50R,0.8443241,1.3149315,3,1
1VFB_AB_C|YB101F,1.2695644,1.349689,3,1
"1VFB_AB_C|YB101F,DC119A",2.736521,2.0403986,3,1
"1VFB_AB_C|YB101F,VC120A",2.5384777,2.1987572,3,1
1VFB_AB_C|YB32A,0.7916793,1.9257433,3,1
"1VFB_AB_C|YB32A,KC116A",1.586041,2.9155605,3,1
1VFB_AB_C|YB32E,1.9021881,1.4762231,3,1
1VFB_AB_C|YC23A,0.41047263,2.0591877,3,1
1XGP_AB_C|AB33F,-4.0,-1.6550242,3,1
1XGP_AB_C|AB33I,-2.260207,-1.3120925,3,1
1XGP_AB_C|AB33L,-2.1988916,-1.2798815,3,1
1XGP_AB_C|AB33V,-1.1525793,-0.98149955,3,1
2JEL_LH_P|AP82S,0.0,-0.22144729,3,1
2JEL_LH_P|DP69E,0.9530879,1.1422362,3,1
2JEL_LH_P|EP5D,0.41047263,-1.0460219,3,1
2JEL_LH_P|EP5Q,0.7129768,-0.6938795,3,1
2JEL_LH_P|EP68A,0.41047263,0.33052468,3,1
2JEL_LH_P|EP75R,2.727121,-0.20201555,3,1
2JEL_LH_P|EP83A,0.0,0.5915538,3,1
2JEL_LH_P|EP85A,0.0,0.4850179,3,1
2JEL_LH_P|EP85D,0.0,-0.23739101,3,1
2JEL_LH_P|EP85K,0.0,-0.3068809,3,1
2JEL_LH_P|EP85Q,0.0,-0.035646223,3,1
2JEL_LH_P|FP2W,2.6191528,1.0931807,3,1
2JEL_LH_P|FP2Y,0.0,0.29330075,3,1
2JEL_LH_P|HP76A,-0.41047263,1.2978975,3,1
2JEL_LH_P|HP76D,-0.65058374,0.3410019,3,1
2JEL_LH_P|KP24E,0.0,1.4151635,3,1
2JEL_LH_P|KP27E,0.0,1.1600311,3,1
2JEL_LH_P|KP72E,0.41047263,0.7619386,3,1
2JEL_LH_P|KP72R,0.0,0.74038553,3,1
2JEL_LH_P|KP79E,0.41047263,1.4668218,3,1
2JEL_LH_P|NP12D,0.0,-0.13630177,3,1
2JEL_LH_P|NP38T,0.0,-0.045565613,3,1
2JEL_LH_P|PP11E,0.0,0.30082926,3,1
2JEL_LH_P|QP3K,4.0,-0.84863484,3,1
2JEL_LH_P|QP4K,1.3635606,-1.1359682,3,1
2JEL_LH_P|QP57E,-0.41047263,0.6417904,3,1
2JEL_LH_P|QP71E,2.727121,0.9108891,3,1
2JEL_LH_P|RP17G,0.0,0.54551476,3,1
2JEL_LH_P|RP17K,0.0,0.062879354,3,1
2JEL_LH_P|SP41C,1.4957032,0.9138203,3,1
2JEL_LH_P|SP43C,0.0,0.33066034,3,1
2JEL_LH_P|SP46C,0.0,0.46995133,3,1
2JEL_LH_P|SP64T,4.0,0.271209,3,1
2JEL_LH_P|TP34Q,0.0,0.1497851,3,1
2JEL_LH_P|TP36Q,0.41047263,0.3871098,3,1
2JEL_LH_P|TP62A,0.0,1.5108714,3,1
2JEL_LH_P|TP62N,0.0,1.128806,3,1
2JEL_LH_P|TP7N,0.41047263,0.8826492,3,1
2JEL_LH_P|TP7S,0.0,0.49400103,3,1
2JEL_LH_P|VP6F,0.0,-0.25444484,3,1
"2NY7_HL_G|CG27I,CG226Q",0.19971907,0.030877063,3,1
"2NY7_HL_G|CG27I,CG226Q,MG231A",0.20319231,0.47028983,3,1
"2NY7_HL_G|GG229C,MG231A",-0.37879732,1.874995,3,1
"2NY7_HL_G|GG229C,WG13M,MG231A,CG14W,CG110V,CG27I,CG226Q",0.21462485,1.2990602,3,1
"2NY7_HL_G|KG66C,EG102C,CG27I,CG226Q",0.04085667,0.065275334,3,1
"2NY7_HL_G|KG66C,EG102C,WG13M,MG231A,CG14W,CG110V,CG27I,CG226Q",0.3998023,0.94676316,3,1
"2NY7_HL_G|KG66C,EG103C,WG13M,MG231A,CG14W,CG110V,CG27I,CG226Q",0.29989544,0.94203323,3,1
"2NY7_HL_G|WG13M,MG231A,CG14W,CG110V",1.1574335,1.2092528,3,1
"2NY7_HL_G|WG13M,MG231A,CG14W,CG110V,CG27I,CG226Q",0.44904727,0.7333193,3,1
"2NY7_HL_G|WG13M,MG231A,CG14W,CG110V,KG66C,EG102C",0.55101526,0.83307874,3,1
"2NY7_HL_G|WG13M,SG92T,WG181S,MG231A,CG14W,CG110V,CG27I,CG226Q",-0.3035898,0.46642342,3,1
3BN9_B_CD|DB214A,0.5662115,1.3359742,3,1
3BN9_B_CD|DB46A,0.42238826,1.1886765,3,1
3BN9_B_CD|DB47A,0.31110755,1.5510352,3,1
3BN9_B_CD|EB163A,0.37321588,0.8097865,3,1
3BN9_B_CD|FB50A,-0.044997852,1.2943213,3,1
3BN9_B_CD|FB89A,0.6392419,1.9666829,3,1
3BN9_B_CD|HB138A,0.085063316,1.1629941,3,1
3BN9_B_CD|IB26A,0.0,1.385403,3,1
3BN9_B_CD|IB45A,0.8352155,0.79734594,3,1
3BN9_B_CD|KB221A,0.7849689,1.5712767,3,1
3BN9_B_CD|LB147A,0.33619216,0.36681396,3,1
3BN9_B_CD|NB90A,0.7733444,1.4353671,3,1
3BN9_B_CD|PD104H,2.4272547,-0.30414778,3,1
3BN9_B_CD|QB140A,0.1331048,0.7467555,3,1
3BN9_B_CD|QB168A,-0.03469869,1.5750791,3,1
3BN9_B_CD|QB169A,2.5089848,2.0391877,3,1
3BN9_B_CD|QB218A,0.70571065,1.1912977,3,1
3BN9_B_CD|QB23A,-0.41530684,0.9875512,3,1
3BN9_B_CD|QD105V,1.2241027,-0.21651238,3,1
3BN9_B_CD|RB219A,-0.093698174,0.61085033,3,1
3BN9_B_CD|RB48A,-0.044997852,1.5904766,3,1
3BN9_B_CD|RB51A,-0.07155777,0.93603414,3,1
3BN9_B_CD|RB82A,-0.15923285,0.88150346,3,1
3BN9_B_CD|SD30G,1.1861069,-0.61494225,3,1
3BN9_B_CD|SD30N,1.145505,0.12850736,3,1
3BN9_B_CD|TB144A,0.2908351,0.5477371,3,1
3BN9_B_CD|TB93A,1.1320528,1.3343303,3,1
3BN9_B_CD|TD102Q,-0.02153644,0.018137047,3,1
3BN9_B_CD|TD102R,-0.058294915,-0.011270169,3,1
3BN9_B_CD|TD28R,0.33290586,-0.24531485,3,1
3BN9_B_CD|YB141A,1.0846525,1.9097829,3,1
3BN9_B_CD|YB52A,0.018951595,0.99414,3,1
3BN9_B_CD|YD103S,0.45868576,0.81254923,3,1
4GXU_ABCDEF_MN|DA189E,2.1650882,2.2861345,3,1
"4GXU_ABCDEF_MN|DA189E,DA224G",3.0102077,2.3024182,3,1
4GXU_ABCDEF_MN|DA224G,1.9608781,1.1111094,3,1
"1CZ8_HL_VW|LL4M,DH28T,HH31N,YH101H,TH105S",2.939849,0.89901346,3,2
1KIR_AB_C|SA50Y,-1.3870943,-1.0958915,3,2
1MLC_AB_E|KB65D,0.018548755,-0.83282083,3,2
1MLC_AB_E|NA32G,-0.8773867,-0.4115678,3,2
"1MLC_AB_E|NA32G,NA92A",-0.6866531,0.27833444,3,2
"1MLC_AB_E|NA32G,NA92A,SB57V,TB58D",-1.7349738,-1.421074,3,2
1MLC_AB_E|NA32Y,0.0,-1.1633116,3,2
1MLC_AB_E|NA92A,-1.2533532,0.7712934,3,2
"1MLC_AB_E|NA92A,SB57V,TB58D",-2.394188,-0.97648627,3,2
"1MLC_AB_E|NA92A,TB28D,SB57V,TB58D",-2.5813644,-1.3103037,3,2
"1MLC_AB_E|NA92A,TB28D,SB57V,TB58D,EB35S,GB99D",-2.9539242,-0.97755903,3,2
"1MLC_AB_E|NA92A,TB28D,SB57V,TB58D,GB99D",-0.20357698,-0.97517955,3,2
"1MLC_AB_E|NA92A,TB28D,SB57V,TB58D,NA32L",-2.5843081,-1.5211192,3,2
"1MLC_AB_E|NA92A,TB28D,SB57V,TB58D,RB98M,DB100Q",-0.41047263,-1.772018,3,2
"1MLC_AB_E|NA92A,TB28D,SB57V,TB58D,SA91N,SA93A",-1.6104395,-0.22891828,3,2
"1MLC_AB_E|NA92A,TB28D,SB57V,TB58D,SB30G",-2.3584673,-1.3716336,3,2
"1MLC_AB_E|NA92A,TB28D,SB57V,TB58D,YB32W,RB98V,DB100Q",0.36138764,-1.6229953,3,2
"1MLC_AB_E|NA92A,TB28D,SB57V,TB58D,YB59E",-1.4661698,-1.0641892,3,2
1MLC_AB_E|SB57A,-0.37902167,0.6228033,3,2
1MLC_AB_E|SB57V,-0.49418068,-0.44162923,3,2
"1MLC_AB_E|SB57V,TB58D",-0.9877286,-1.2527149,3,2
1MLC_AB_E|TB28D,-0.15094383,-0.5769782,3,2
1MLC_AB_E|TB31A,0.44700673,0.26103306,3,2
1MLC_AB_E|TB31V,0.5262404,-0.74452084,3,2
1MLC_AB_E|TB31W,0.13214268,-1.04811,3,2
1MLC_AB_E|TB58D,-0.55968237,-1.0389308,3,2
1NCA_N_LH|DH101K,0.71416,0.87444544,3,2
1NCA_N_LH|EH100D,0.41047263,0.47702247,3,2
1NCA_N_LH|NH102Q,0.5426153,-0.40618974,3,2
1NCA_N_LH|NH31Q,0.0,-0.41332114,3,2
1NMB_N_LH|DH57E,2.9536283,-0.14027515,3,2
1NMB_N_LH|DH57N,2.9536283,0.093510136,3,2
1NMB_N_LH|LL94V,0.9000208,-0.1703302,3,2
1NMB_N_LH|TL93F,-0.023903161,-0.85893244,3,2
1NMB_N_LH|TL93W,0.18419003,-0.94126683,3,2
1NMB_N_LH|YH103A,2.14062,1.1145353,3,2
1NMB_N_LH|YH105F,1.4194101,0.5886419,3,2
1NMB_N_LH|YL32F,0.46632215,0.7067604,3,2
1VFB_AB_C|DB100A,3.005002,1.5175716,3,2
"1VFB_AB_C|DB100A,SC24A",3.369756,2.7409453,3,2
1VFB_AB_C|DB54A,0.8151114,1.3842641,3,2
"1VFB_AB_C|DB54A,TC118A",1.2546439,2.217389,3,2
1VFB_AB_C|DB58A,-0.20700333,1.0200565,3,2
1VFB_AB_C|DB58E,0.078081094,0.059162006,3,2
1VFB_AB_C|DB58N,-0.12818155,0.24018006,3,2
1VFB_AB_C|DC119A,0.9530879,1.8444678,3,2
1VFB_AB_C|DC18A,0.34013057,1.8767643,3,2
1VFB_AB_C|EB98A,1.1565572,1.2705901,3,2
1VFB_AB_C|GB31A,0.30646533,1.1162488,3,2
1VFB_AB_C|GB31E,-0.5097613,0.17546816,3,2
1VFB_AB_C|GB31W,0.0039611305,0.3089658,3,2
1VFB_AB_C|HA30A,0.84488255,1.6570282,3,2
1VFB_AB_C|IC124A,1.2314179,1.4773911,3,2
1VFB_AB_C|KC116A,0.7134504,1.5275582,3,2
1VFB_AB_C|LC129A,0.17154472,0.8098607,3,2
1VFB_AB_C|NA31W,0.17432266,-0.578252,3,2
1VFB_AB_C|NB56A,0.17771798,0.4298777,3,2
1VFB_AB_C|NC19A,0.3960868,1.5071265,3,2
1VFB_AB_C|QC121A,2.876998,1.8549795,3,2
1VFB_AB_C|RB99A,-0.099735305,1.4383311,3,2
1VFB_AB_C|RB99W,0.7049742,0.06578493,3,2
1VFB_AB_C|RB99Y,1.235379,-0.5178806,3,2
1VFB_AB_C|RC125A,1.8368999,1.220034,3,2
1VFB_AB_C|SA93A,0.34312394,0.80385154,3,2
1VFB_AB_C|SB28D,0.0,-0.21662539,3,2
1VFB_AB_C|SB28E,-0.104007296,-0.50680566,3,2
1VFB_AB_C|SB28N,0.14394745,-0.22004654,3,2
1VFB_AB_C|SB28Q,0.078081094,-0.30558914,3,2
1VFB_AB_C|SC24A,0.850965,1.364124,3,2
1VFB_AB_C|TA52F,0.4708752,-1.0049988,3,2
1VFB_AB_C|TA53R,1.6458516,-1.038057,3,2
1VFB_AB_C|TB30A,-0.05584954,-0.008021064,3,2
1VFB_AB_C|TC118A,0.7650957,1.058612,3,2
1VFB_AB_C|VC120A,0.9169499,1.2503613,3,2
1VFB_AB_C|WA92A,3.037848,1.9828101,3,2
"1VFB_AB_C|WA92A,IC124A",3.8503337,2.791569,3,2
"1VFB_AB_C|WA92A,LC129A",3.3073628,2.428008,3,2
"1VFB_AB_C|WA92A,QC121A",3.5189366,3.4890013,3,2
"1VFB_AB_C|WA92A,RC125A",3.3932896,2.8902118,3,2
1VFB_AB_C|WB52A,0.6406274,2.5209937,3,2
"1VFB_AB_C|WB52A,DC119A",2.2473724,3.4971163,3,2
1VFB_AB_C|YA32A,1.5281335,2.26172,3,2
"1VFB_AB_C|YA32A,IC124A",2.9057157,2.9012804,3,2
"1VFB_AB_C|YA32A,QC121A",1.586041,3.3546994,3,2
1VFB_AB_C|YA49A,0.79754156,1.978623,3,2
1VFB_AB_C|YA50A,0.456086,2.2745557,3,2
"1VFB_AB_C|YA50A,DC119A",1.2314179,3.1752756,3,2
"1VFB_AB_C|YA50A,DC18A",1.265924,3.137118,3,2
1VFB_AB_C|YA50K,1.7156012,1.8583333,3,2
1VFB_AB_C|YA50R,0.8443241,0.9783662,3,2
1VFB_AB_C|YB101F,1.2695644,0.5997148,3,2
"1VFB_AB_C|YB101F,DC119A",2.736521,2.2079692,3,2
"1VFB_AB_C|YB101F,VC120A",2.5384777,1.8486736,3,2
1VFB_AB_C|YB32A,0.7916793,1.5969539,3,2
"1VFB_AB_C|YB32A,KC116A",1.586041,2.4048715,3,2
1VFB_AB_C|YB32E,1.9021881,0.8105042,3,2
1VFB_AB_C|YC23A,0.41047263,1.4558486,3,2
1XGP_AB_C|AB33F,-4.0,-1.5679628,3,2
1XGP_AB_C|AB33I,-2.260207,-1.471327,3,2
1XGP_AB_C|AB33L,-2.1988916,-1.4388305,3,2
1XGP_AB_C|AB33V,-1.1525793,-1.021865,3,2
2JEL_LH_P|AP82S,0.0,-0.47612232,3,2
2JEL_LH_P|DP69E,0.9530879,0.8639715,3,2
2JEL_LH_P|EP5D,0.41047263,-0.54020816,3,2
2JEL_LH_P|EP5Q,0.7129768,-0.71337694,3,2
2JEL_LH_P|EP68A,0.41047263,0.6723177,3,2
2JEL_LH_P|EP75R,2.727121,-0.7018691,3,2
2JEL_LH_P|EP83A,0.0,0.6541089,3,2
2JEL_LH_P|EP85A,0.0,0.35499495,3,2
2JEL_LH_P|EP85D,0.0,-0.05336561,3,2
2JEL_LH_P|EP85K,0.0,-0.0061624087,3,2
2JEL_LH_P|EP85Q,0.0,-0.1606085,3,2
2JEL_LH_P|FP2W,2.6191528,0.59074485,3,2
2JEL_LH_P|FP2Y,0.0,0.35627025,3,2
2JEL_LH_P|HP76A,-0.41047263,1.4266167,3,2
2JEL_LH_P|HP76D,-0.65058374,0.5597933,3,2
2JEL_LH_P|KP24E,0.0,0.38943994,3,2
2JEL_LH_P|KP27E,0.0,0.47035104,3,2
2JEL_LH_P|KP72E,0.41047263,0.4913562,3,2
2JEL_LH_P|KP72R,0.0,0.09679666,3,2
2JEL_LH_P|KP79E,0.41047263,0.55158836,3,2
2JEL_LH_P|NP12D,0.0,0.015052147,3,2
2JEL_LH_P|NP38T,0.0,-0.626689,3,2
2JEL_LH_P|PP11E,0.0,0.12352915,3,2
2JEL_LH_P|QP3K,4.0,0.4420488,3,2
2JEL_LH_P|QP4K,1.3635606,0.22023864,3,2
2JEL_LH_P|QP57E,-0.41047263,0.41024256,3,2
2JEL_LH_P|QP71E,2.727121,1.1297083,3,2
2JEL_LH_P|RP17G,0.0,-0.038277052,3,2
2JEL_LH_P|RP17K,0.0,0.0048852265,3,2
2JEL_LH_P|SP41C,1.4957032,0.17671274,3,2
2JEL_LH_P|SP43C,0.0,0.090326905,3,2
2JEL_LH_P|SP46C,0.0,0.4426813,3,2
2JEL_LH_P|SP64T,4.0,-0.6926956,3,2
2JEL_LH_P|TP34Q,0.0,-0.34504408,3,2
2JEL_LH_P|TP36Q,0.41047263,-0.21628146,3,2
2JEL_LH_P|TP62A,0.0,1.2970538,3,2
2JEL_LH_P|TP62N,0.0,0.876747,3,2
2JEL_LH_P|TP7N,0.41047263,0.38438147,3,2
2JEL_LH_P|TP7S,0.0,0.2248532,3,2
2JEL_LH_P|VP6F,0.0,-0.35118347,3,2
"2NY7_HL_G|CG27I,CG226Q",0.19971907,-0.7774711,3,2
"2NY7_HL_G|CG27I,CG226Q,MG231A",0.20319231,-0.5424021,3,2
"2NY7_HL_G|GG229C,MG231A",-0.37879732,1.2644409,3,2
"2NY7_HL_G|GG229C,WG13M,MG231A,CG14W,CG110V,CG27I,CG226Q",0.21462485,-1.1253862,3,2
"2NY7_HL_G|KG66C,EG102C,CG27I,CG226Q",0.04085667,-0.98610705,3,2
"2NY7_HL_G|KG66C,EG102C,WG13M,MG231A,CG14W,CG110V,CG27I,CG226Q",0.3998023,-1.2364525,3,2
"2NY7_HL_G|KG66C,EG103C,WG13M,MG231A,CG14W,CG110V,CG27I,CG226Q",0.29989544,-1.326464,3,2
"2NY7_HL_G|WG13M,MG231A,CG14W,CG110V",1.1574335,0.13774341,3,2
"2NY7_HL_G|WG13M,MG231A,CG14W,CG110V,CG27I,CG226Q",0.44904727,-1.1972302,3,2
"2NY7_HL_G|WG13M,MG231A,CG14W,CG110V,KG66C,EG102C",0.55101526,0.69716895,3,2
"2NY7_HL_G|WG13M,SG92T,WG181S,MG231A,CG14W,CG110V,CG27I,CG226Q",-0.3035898,-1.9756923,3,2
3BN9_B_CD|DB214A,0.5662115,1.3092304,3,2
3BN9_B_CD|DB46A,0.42238826,1.2630975,3,2
3BN9_B_CD|DB47A,0.31110755,1.3248631,3,2
3BN9_B_CD|EB163A,0.37321588,0.7472726,3,2
3BN9_B_CD|FB50A,-0.044997852,1.0124515,3,2
3BN9_B_CD|FB89A,0.6392419,1.6052231,3,2
3BN9_B_CD|HB138A,0.085063316,1.5265585,3,2
3BN9_B_CD|IB26A,0.0,1.5308268,3,2
3BN9_B_CD|IB45A,0.8352155,1.2444029,3,2
3BN9_B_CD|KB221A,0.7849689,1.2467501,3,2
3BN9_B_CD|LB147A,0.33619216,0.45775235,3,2
3BN9_B_CD|NB90A,0.7733444,1.93496,3,2
3BN9_B_CD|PD104H,2.4272547,-0.68106645,3,2
3BN9_B_CD|QB140A,0.1331048,1.2353216,3,2
3BN9_B_CD|QB168A,-0.03469869,1.5595953,3,2
3BN9_B_CD|QB169A,2.5089848,1.7073085,3,2
3BN9_B_CD|QB218A,0.70571065,1.3457572,3,2
3BN9_B_CD|QB23A,-0.41530684,0.87191075,3,2
3BN9_B_CD|QD105V,1.2241027,-0.1776375,3,2
3BN9_B_CD|RB219A,-0.093698174,0.6346487,3,2
3BN9_B_CD|RB48A,-0.044997852,1.3679029,3,2
3BN9_B_CD|RB51A,-0.07155777,1.0305821,3,2
3BN9_B_CD|RB82A,-0.15923285,0.7232289,3,2
3BN9_B_CD|SD30G,1.1861069,-0.19533361,3,2
3BN9_B_CD|SD30N,1.145505,0.11712359,3,2
3BN9_B_CD|TB144A,0.2908351,0.6910909,3,2
3BN9_B_CD|TB93A,1.1320528,1.3998356,3,2
3BN9_B_CD|TD102Q,-0.02153644,-0.45347005,3,2
3BN9_B_CD|TD102R,-0.058294915,-0.5658936,3,2
3BN9_B_CD|TD28R,0.33290586,-1.1226563,3,2
3BN9_B_CD|YB141A,1.0846525,2.0071344,3,2
3BN9_B_CD|YB52A,0.018951595,1.2529265,3,2
3BN9_B_CD|YD103S,0.45868576,1.0256708,3,2
4GXU_ABCDEF_MN|DA189E,2.1650882,1.3791927,3,2
"4GXU_ABCDEF_MN|DA189E,DA224G",3.0102077,1.1663369,3,2
4GXU_ABCDEF_MN|DA224G,1.9608781,0.18187404,3,2
"1JRH_LH_I|AI49S,II51T,HI55D",0.070675574,-0.12692225,4,0
"1JRH_LH_I|AI85D,KI88R,EI90K",-0.047747865,-0.3072398,4,0
"1JRH_LH_I|AI93L,VI94M",0.63366294,0.3249267,4,0
1JRH_LH_I|DH56A,1.8860998,0.9233704,4,0
1JRH_LH_I|DH57A,1.6660647,1.1280046,4,0
1JRH_LH_I|DH58A,1.8546488,1.2367171,4,0
1JRH_LH_I|DL28A,0.43464687,1.6873114,4,0
1JRH_LH_I|EI35Q,0.09956847,-0.06304586,4,0
1JRH_LH_I|EI45A,-0.5657849,0.3080071,4,0
1JRH_LH_I|EI45P,-3.7881775,0.25627652,4,0
"1JRH_LH_I|EI45P,II47L",-3.4567804,0.37256163,4,0
"1JRH_LH_I|EI45P,II47R",-3.4400978,0.3133884,4,0
1JRH_LH_I|EL27A,0.5426153,1.1689962,4,0
1JRH_LH_I|FH103A,0.0,0.42511725,4,0
1JRH_LH_I|GI40A,4.0,0.92179674,4,0
1JRH_LH_I|HH107A,1.6977708,1.8082825,4,0
"1JRH_LH_I|II25N,PI27S,VI29T,VI31I",0.14370596,-0.044791896,4,0
1JRH_LH_I|KI37A,3.713863,0.4239589,4,0
1JRH_LH_I|KI37M,3.2923293,0.7146886,4,0
1JRH_LH_I|KI42A,3.3858175,0.7553069,4,0
1JRH_LH_I|KI42M,4.0,0.3430215,4,0
1JRH_LH_I|KI88A,0.31209365,1.0243462,4,0
"1JRH_LH_I|MI15L,II18V",-0.21360606,0.2835289,4,0
1JRH_LH_I|NI38A,0.1704579,0.023572471,4,0
1JRH_LH_I|NI38Q,0.5344714,-0.57492745,4,0
1JRH_LH_I|NI43A,4.0,1.2341061,4,0
1JRH_LH_I|NI69A,-0.19953421,0.014259518,4,0
1JRH_LH_I|RH100A,0.5426153,1.2081399,4,0
1JRH_LH_I|RI74A,0.3926171,0.32119024,4,0
1JRH_LH_I|SI44A,0.37771076,0.9470708,4,0
"1JRH_LH_I|SI44G,EI45G,II47R",-3.3777049,0.48591965,4,0
"1JRH_LH_I|SI44G,EI45P,II47K",-3.884419,0.60224384,4,0
"1JRH_LH_I|SI61Y,DI62E,HI63Q,VI64I,GI65M,DI66Y,SI68D,NI69V,LI71A",2.9588323,1.0094734,4,0
1JRH_LH_I|SL93A,-0.65058374,0.8714615,4,0
1JRH_LH_I|TI4V,-0.025565991,0.3259176,4,0
"1JRH_LH_I|TI9L,EI11K",-0.025565991,0.8137017,4,0
1JRH_LH_I|TL94A,0.38526937,0.5146348,4,0
1JRH_LH_I|VI41A,1.6791569,0.41434956,4,0
"1JRH_LH_I|VI73A,RI78K",-0.21360606,-0.3787453,4,0
1JRH_LH_I|WH54A,2.6862645,1.1735368,4,0
1JRH_LH_I|WH55A,2.4213178,1.4201708,4,0
1JRH_LH_I|WI46F,-0.25261214,-0.09621017,4,0
1JRH_LH_I|WI46Y,0.29852974,-0.30415127,4,0
1JRH_LH_I|WI72A,4.0,1.4716471,4,0
1JRH_LH_I|WI72F,1.102707,0.7522423,4,0
1JRH_LH_I|WI72Y,1.1878273,0.22352158,4,0
1JRH_LH_I|WL92A,2.818407,1.6822326,4,0
1JRH_LH_I|WL95A,1.6660647,1.4996796,4,0
1JRH_LH_I|YH104A,1.0610564,0.5279957,4,0
1JRH_LH_I|YH32A,1.4333102,0.767979,4,0
1JRH_LH_I|YH60A,1.2555921,1.9241886,4,0
1JRH_LH_I|YI39A,3.5271235,1.1630737,4,0
1JRH_LH_I|YI39F,0.9087807,0.7509689,4,0
1JRH_LH_I|YL30A,1.1084566,0.77020943,4,0
1JRH_LH_I|YL91A,0.58083415,1.900126,4,0
1KIQ_AB_C|FB101Y,-2.4949589,-1.4813315,4,0
1XGR_AB_C|IB33A,2.260207,3.0444098,4,0
1XGR_AB_C|IB33F,-1.8004549,-3.0006764,4,0
1XGR_AB_C|IB33L,0.061315425,-0.84617394,4,0
1XGR_AB_C|IB33V,1.1076277,1.0895526,4,0
2BDN_HL_A|DH31E,1.0852306,0.46668997,4,0
2BDN_HL_A|LH27K,0.8740124,-0.04554713,4,0
2BDN_HL_A|LH27R,0.65058374,-0.3300793,4,0
2BDN_HL_A|NH28D,0.13214268,-0.40712315,4,0
2BDN_HL_A|NH28Q,1.3994616,0.48894238,4,0
2BDN_HL_A|NL31K,3.4897714,0.6008849,4,0
2BDN_HL_A|NL31R,-0.9171868,0.16677636,4,0
2BDN_HL_A|SL53D,-0.1605731,-0.24473587,4,0
2BDN_HL_A|SL53E,-0.85132045,0.35705566,4,0
2BDN_HL_A|TL56D,-0.4254655,-0.03248243,4,0
2BDN_HL_A|TL56E,-0.6888026,0.19417463,4,0
2BDN_HL_A|YL30K,0.67475796,0.91285974,4,0
2NYY_DC_A|DA1030A,0.009336901,1.2841867,4,0
2NYY_DC_A|DA1034A,2.5297937,1.2904434,4,0
2NYY_DC_A|DC30Y,0.64113563,0.09341588,4,0
2NYY_DC_A|EA892A,2.839132,1.1946585,4,0
2NYY_DC_A|ED5Q,-0.2479871,0.56227195,4,0
2NYY_DC_A|FA889A,0.4193659,0.61701304,4,0
2NYY_DC_A|FA925A,4.0,1.5339289,4,0
2NYY_DC_A|HA1036A,4.0,1.8152438,4,0
2NYY_DC_A|HC34R,0.10088469,-0.18833494,4,0
2NYY_DC_A|IA928A,-0.009487502,0.77666724,4,0
2NYY_DC_A|KA1028A,-0.028934313,0.37603354,4,0
2NYY_DC_A|KA875A,0.29098648,0.3504931,4,0
2NYY_DC_A|KA895A,-0.14014584,0.002861754,4,0
2NYY_DC_A|KD29R,0.071385965,-0.26072198,4,0
"2NYY_DC_A|KD29S,YD30D,DD31H,SD60P",0.04961051,0.5662935,4,0
2NYY_DC_A|LA891A,2.5892105,0.633891,4,0
2NYY_DC_A|MD33Q,-0.059869844,0.52011335,4,0
2NYY_DC_A|NA890A,0.89044046,0.78591806,4,0
2NYY_DC_A|NA926A,0.09934822,0.25732785,4,0
2NYY_DC_A|QA887A,0.5208145,0.4196062,4,0
2NYY_DC_A|RA1033A,0.82012254,0.9706266,4,0
2NYY_DC_A|RA1266A,0.2995321,0.83665675,4,0
2NYY_DC_A|SA874A,-0.23032175,0.35513413,4,0
2NYY_DC_A|SA927A,0.0,0.3280362,4,0
2NYY_DC_A|SC28Q,0.4133828,0.91938543,4,0
2NYY_DC_A|SC31N,-0.35338265,0.08644615,4,0
2NYY_DC_A|TA1035A,1.630871,0.1469925,4,0
2NYY_DC_A|VD36I,-0.21317148,-0.41801807,4,0
"2NYY_DC_A|VD36I,ED5Q",-0.0490461,0.52516097,4,0
2NYY_DC_A|YD30D,0.06462482,0.44454065,4,0
2NYY_DC_A|YD30Q,0.12897444,1.1305765,4,0
2NYY_DC_A|YD56Q,0.5196862,1.3615646,4,0
2NZ9_DC_A|DA1030A,-0.031082604,1.4793301,4,0
2NZ9_DC_A|DA1034A,2.3396032,1.2169915,4,0
2NZ9_DC_A|EA892A,2.77036,1.3202469,4,0
2NZ9_DC_A|FA889A,-0.04961051,0.73424315,4,0
2NZ9_DC_A|FA925A,3.340439,1.3564094,4,0
2NZ9_DC_A|HA1036A,4.0,1.7726259,4,0
2NZ9_DC_A|IA928A,0.069281444,0.73908705,4,0
2NZ9_DC_A|KA1028A,-0.008714417,0.33650982,4,0
2NZ9_DC_A|KA875A,0.5407011,0.55051804,4,0
2NZ9_DC_A|KA895A,-0.29975358,-0.058744162,4,0
2NZ9_DC_A|LA891A,2.279965,0.74541664,4,0
2NZ9_DC_A|NA890A,2.1600318,0.6893417,4,0
2NZ9_DC_A|NA926A,-0.15216734,0.36871675,4,0
2NZ9_DC_A|QA887A,0.09926054,0.4455165,4,0
2NZ9_DC_A|RA1033A,0.29088098,0.8318009,4,0
2NZ9_DC_A|RA1266A,0.39015788,0.67239994,4,0
2NZ9_DC_A|SA874A,-0.11948046,0.37124628,4,0
2NZ9_DC_A|SA927A,-0.078544825,0.34599742,4,0
"2NZ9_DC_A|SD29K,DD30Y,HD31D",-0.04961051,-0.55957663,4,0
2NZ9_DC_A|TA1035A,2.3703818,0.2675243,4,0
2VIS_AB_C|IC89T,-4.0,-1.5776939,4,0
"3BE1_HL_A|DL28N,PL30A,RL31K,SL32T,TL97S,TL98S",-0.6860794,-0.4717897,4,0
"3BE1_HL_A|DL28N,PL30A,RL31K,SL32T,TL97S,TL98S,KH30S,DH31G,TH54S,NH55E,GH100V,DH102V",-2.7728782,-2.4551265,4,0
"3BE1_HL_A|DL28N,PL30A,RL31K,SL32T,TL97S,TL98S,KH30S,DH31G,TH54S,NH55E,GH100V,DH102V,YL36A",-3.190238,-2.9052782,4,0
"3BE1_HL_A|DL28N,PL30A,RL31K,SL32T,TL97S,TL98S,KH30S,DH31G,TH54S,NH55E,GH100V,DH102V,YL36A,IL33A",-2.7728782,-2.8355262,4,0
"3BE1_HL_A|DL28N,PL30A,RL31K,SL32T,YL57F,TL97S,TL98S",-0.8683455,-0.4419031,4,0
"3BE1_HL_A|DL28N,PL30A,RL31K,SL32T,YL57F,TL97S,TL98S,KH30S,DH31G,TH54S,NH55E,GH100V,DH102V",-2.8824897,-2.6932094,4,0
3LZF_AB_HL|DA187E,0.49836498,0.5244754,4,0
"3LZF_AB_HL|DA187E,DA222G",0.12738612,0.9715593,4,0
3LZF_AB_HL|DA222G,0.5378587,0.25510296,4,0
3NGB_HL_G|AH57G,-0.056030333,-1.709082,4,0
"3NGB_HL_G|AH57G,VH58T,PH63K,VH74T",1.6734211,1.2422688,4,0
"3NGB_HL_G|CH32S,CH102A",0.25899792,0.4099372,4,0
3NGB_HL_G|DH103A,0.05987142,0.20932762,4,0
3NGB_HL_G|EL88A,1.3199503,1.049408,4,0
3NGB_HL_G|FL89A,0.85886127,0.76558673,4,0
3NGB_HL_G|GH55A,-1.2766591,0.5765416,4,0
3NGB_HL_G|GH55S,0.74304354,0.24324633,4,0
3NGB_HL_G|GH56A,1.2656107,1.6009955,4,0
3NGB_HL_G|IH30A,-0.0027431613,0.24757059,4,0
3NGB_HL_G|IH30T,0.0733938,-0.31106883,4,0
"3NGB_HL_G|IH30T,KH52N,RH54N,GH55S,AH57G,VH58T,RH62Q,PH63K,VH74T,YH75S,YL26S",0.86214453,2.8550513,4,0
3NGB_HL_G|KH52A,0.62288266,1.369799,4,0
3NGB_HL_G|KH52N,0.17497002,0.16166112,4,0
3NGB_HL_G|MH70A,0.5305512,0.87086886,4,0
3NGB_HL_G|NH105A,1.1185741,0.5558681,4,0
3NGB_HL_G|NH59A,1.7671243,1.3394668,4,0
3NGB_HL_G|PH63A,-0.04252045,-0.39533487,4,0
3NGB_HL_G|PH63K,0.23252328,0.07553403,4,0
3NGB_HL_G|QH65A,-0.34038836,0.36966097,4,0
3NGB_HL_G|QL25A,-0.23060839,-0.1058158,4,0
3NGB_HL_G|RH54A,-0.25938424,0.62434256,4,0
3NGB_HL_G|RH54N,0.04645046,0.34599218,4,0
3NGB_HL_G|RH62A,0.9958448,0.28104526,4,0
3NGB_HL_G|RH62Q,0.09654992,0.36777213,4,0
3NGB_HL_G|RH72A,1.6432176,2.0143113,4,0
3NGB_HL_G|SL28A,-0.14471176,0.37320843,4,0
3NGB_HL_G|TH33A,0.7071634,1.8834473,4,0
3NGB_HL_G|TH33Y,0.084193856,-0.24091242,4,0
"3NGB_HL_G|TH33Y,GH56S,AH57G,VH58T,PH63K,VH74T,YH75S",1.9381938,1.5782306,4,0
3NGB_HL_G|VH58A,1.3584284,1.3096172,4,0
3NGB_HL_G|VH58T,0.13787223,-0.81873363,4,0
3NGB_HL_G|VH74A,1.087914,0.91123116,4,0
3NGB_HL_G|VH74T,0.16493925,-0.023495017,4,0
3NGB_HL_G|VL1A,-0.7733632,0.42655843,4,0
3NGB_HL_G|WH106A,4.0,1.5981148,4,0
3NGB_HL_G|WH47A,1.2021707,1.8853918,4,0
3NGB_HL_G|WH50A,1.2917941,2.7007515,4,0
3NGB_HL_G|YH104A,1.4235861,0.9640934,4,0
3NGB_HL_G|YH60A,0.5484263,0.8318624,4,0
3NGB_HL_G|YH75A,-0.19932224,0.3263304,4,0
3NGB_HL_G|YH75S,0.3325709,-0.047885027,4,0
3NGB_HL_G|YL26A,0.98528093,0.589048,4,0
3NGB_HL_G|YL26S,0.6512687,0.22745393,4,0
3NGB_HL_G|YL87A,2.0227883,1.534158,4,0
4JPK_HL_A|DA141R,3.857323,0.76721275,4,0
"4JPK_HL_A|DA159N,DA33N",0.6189681,0.17989483,4,0
4JPK_HL_A|FA144I,1.3875175,0.9268115,4,0
4JPK_HL_A|FA63L,1.1672868,0.41919395,4,0
4JPK_HL_A|RA130K,0.23006605,-0.12284071,4,0
4JPK_HL_A|RA81T,0.75870305,-0.01600771,4,0
4JPK_HL_A|SA41G,2.151695,0.36442262,4,0
4JPK_HL_A|TA35S,-0.032093357,-1.092704,4,0
4JPK_HL_A|VA30N,0.59459484,0.14311671,4,0
"1JRH_LH_I|AI49S,II51T,HI55D",0.070675574,0.20794861,4,1
"1JRH_LH_I|AI85D,KI88R,EI90K",-0.047747865,-0.7663634,4,1
"1JRH_LH_I|AI93L,VI94M",0.63366294,-0.14739364,4,1
1JRH_LH_I|DH56A,1.8860998,1.9013458,4,1
1JRH_LH_I|DH57A,1.6660647,1.5604247,4,1
1JRH_LH_I|DH58A,1.8546488,1.9131992,4,1
1JRH_LH_I|DL28A,0.43464687,2.2279184,4,1
1JRH_LH_I|EI35Q,0.09956847,-0.25758165,4,1
1JRH_LH_I|EI45A,-0.5657849,0.93009853,4,1
1JRH_LH_I|EI45P,-3.7881775,0.028350143,4,1
"1JRH_LH_I|EI45P,II47L",-3.4567804,0.6092162,4,1
"1JRH_LH_I|EI45P,II47R",-3.4400978,0.42569435,4,1
1JRH_LH_I|EL27A,0.5426153,1.6822087,4,1
1JRH_LH_I|FH103A,0.0,0.5221647,4,1
1JRH_LH_I|GI40A,4.0,1.4917599,4,1
1JRH_LH_I|HH107A,1.6977708,2.1052747,4,1
"1JRH_LH_I|II25N,PI27S,VI29T,VI31I",0.14370596,-0.009067618,4,1
1JRH_LH_I|KI37A,3.713863,2.0925148,4,1
1JRH_LH_I|KI37M,3.2923293,1.1120907,4,1
1JRH_LH_I|KI42A,3.3858175,1.3156044,4,1
1JRH_LH_I|KI42M,4.0,0.96225023,4,1
1JRH_LH_I|KI88A,0.31209365,1.6039791,4,1
"1JRH_LH_I|MI15L,II18V",-0.21360606,0.5322329,4,1
1JRH_LH_I|NI38A,0.1704579,1.1697146,4,1
1JRH_LH_I|NI38Q,0.5344714,0.027771058,4,1
1JRH_LH_I|NI43A,4.0,2.3102574,4,1
1JRH_LH_I|NI69A,-0.19953421,1.4667078,4,1
1JRH_LH_I|RH100A,0.5426153,1.9086145,4,1
1JRH_LH_I|RI74A,0.3926171,1.754861,4,1
1JRH_LH_I|SI44A,0.37771076,0.78204316,4,1
"1JRH_LH_I|SI44G,EI45G,II47R",-3.3777049,-0.6596997,4,1
"1JRH_LH_I|SI44G,EI45P,II47K",-3.884419,-0.33976105,4,1
"1JRH_LH_I|SI61Y,DI62E,HI63Q,VI64I,GI65M,DI66Y,SI68D,NI69V,LI71A",2.9588323,0.71284944,4,1
1JRH_LH_I|SL93A,-0.65058374,1.328862,4,1
1JRH_LH_I|TI4V,-0.025565991,-0.53451616,4,1
"1JRH_LH_I|TI9L,EI11K",-0.025565991,-0.2694155,4,1
1JRH_LH_I|TL94A,0.38526937,1.2728539,4,1
1JRH_LH_I|VI41A,1.6791569,1.385557,4,1
"1JRH_LH_I|VI73A,RI78K",-0.21360606,0.47400177,4,1
1JRH_LH_I|WH54A,2.6862645,2.435246,4,1
1JRH_LH_I|WH55A,2.4213178,2.1493976,4,1
1JRH_LH_I|WI46F,-0.25261214,0.16818722,4,1
1JRH_LH_I|WI46Y,0.29852974,0.06852678,4,1
1JRH_LH_I|WI72A,4.0,2.2368963,4,1
1JRH_LH_I|WI72F,1.102707,1.2936417,4,1
1JRH_LH_I|WI72Y,1.1878273,0.8861002,4,1
1JRH_LH_I|WL92A,2.818407,2.650925,4,1
1JRH_LH_I|WL95A,1.6660647,1.7613028,4,1
1JRH_LH_I|YH104A,1.0610564,2.3533943,4,1
1JRH_LH_I|YH32A,1.4333102,2.0995839,4,1
1JRH_LH_I|YH60A,1.2555921,2.2430594,4,1
1JRH_LH_I|YI39A,3.5271235,2.1460104,4,1
1JRH_LH_I|YI39F,0.9087807,0.64422095,4,1
1JRH_LH_I|YL30A,1.1084566,2.0116026,4,1
1JRH_LH_I|YL91A,0.58083415,1.8273557,4,1
1KIQ_AB_C|FB101Y,-2.4949589,-1.3671358,4,1
1XGR_AB_C|IB33A,2.260207,0.89560294,4,1
1XGR_AB_C|IB33F,-1.8004549,-0.7032739,4,1
1XGR_AB_C|IB33L,0.061315425,-0.6643422,4,1
1XGR_AB_C|IB33V,1.1076277,-0.21418893,4,1
2BDN_HL_A|DH31E,1.0852306,0.65778184,4,1
2BDN_HL_A|LH27K,0.8740124,-0.15968332,4,1
2BDN_HL_A|LH27R,0.65058374,-0.42339638,4,1
2BDN_HL_A|NH28D,0.13214268,-0.93650335,4,1
2BDN_HL_A|NH28Q,1.3994616,0.6344079,4,1
2BDN_HL_A|NL31K,3.4897714,0.22189623,4,1
2BDN_HL_A|NL31R,-0.9171868,0.024828417,4,1
2BDN_HL_A|SL53D,-0.1605731,-1.0365479,4,1
2BDN_HL_A|SL53E,-0.85132045,-0.43688783,4,1
2BDN_HL_A|TL56D,-0.4254655,-0.4064914,4,1
2BDN_HL_A|TL56E,-0.6888026,0.053025372,4,1
2BDN_HL_A|YL30K,0.67475796,1.1506664,4,1
2NYY_DC_A|DA1030A,0.009336901,1.5607139,4,1
2NYY_DC_A|DA1034A,2.5297937,1.6986427,4,1
2NYY_DC_A|DC30Y,0.64113563,-0.37005055,4,1
2NYY_DC_A|EA892A,2.839132,1.0096074,4,1
2NYY_DC_A|ED5Q,-0.2479871,0.47045392,4,1
2NYY_DC_A|FA889A,0.4193659,1.3927923,4,1
2NYY_DC_A|FA925A,4.0,0.96364266,4,1
2NYY_DC_A|HA1036A,4.0,1.2513908,4,1
2NYY_DC_A|HC34R,0.10088469,-0.05470994,4,1
2NYY_DC_A|IA928A,-0.009487502,1.5920327,4,1
2NYY_DC_A|KA1028A,-0.028934313,1.6341045,4,1
2NYY_DC_A|KA875A,0.29098648,1.3526535,4,1
2NYY_DC_A|KA895A,-0.14014584,1.1754022,4,1
2NYY_DC_A|KD29R,0.071385965,-0.25603646,4,1
"2NYY_DC_A|KD29S,YD30D,DD31H,SD60P",0.04961051,0.5084445,4,1
2NYY_DC_A|LA891A,2.5892105,0.6157356,4,1
2NYY_DC_A|MD33Q,-0.059869844,0.73975956,4,1
2NYY_DC_A|NA890A,0.89044046,1.7089906,4,1
2NYY_DC_A|NA926A,0.09934822,1.2326996,4,1
2NYY_DC_A|QA887A,0.5208145,0.5297388,4,1
2NYY_DC_A|RA1033A,0.82012254,1.1883436,4,1
2NYY_DC_A|RA1266A,0.2995321,1.7452651,4,1
2NYY_DC_A|SA874A,-0.23032175,0.47889763,4,1
2NYY_DC_A|SA927A,0.0,0.5928213,4,1
2NYY_DC_A|SC28Q,0.4133828,0.64812565,4,1
2NYY_DC_A|SC31N,-0.35338265,0.011082118,4,1
2NYY_DC_A|TA1035A,1.630871,0.5945343,4,1
2NYY_DC_A|VD36I,-0.21317148,0.21440968,4,1
"2NYY_DC_A|VD36I,ED5Q",-0.0490461,0.58263296,4,1
2NYY_DC_A|YD30D,0.06462482,0.46336323,4,1
2NYY_DC_A|YD30Q,0.12897444,1.0801222,4,1
2NYY_DC_A|YD56Q,0.5196862,1.2410736,4,1
2NZ9_DC_A|DA1030A,-0.031082604,1.5773379,4,1
2NZ9_DC_A|DA1034A,2.3396032,1.6804405,4,1
2NZ9_DC_A|EA892A,2.77036,1.0400708,4,1
2NZ9_DC_A|FA889A,-0.04961051,1.4455109,4,1
2NZ9_DC_A|FA925A,3.340439,0.9718674,4,1
2NZ9_DC_A|HA1036A,4.0,1.1655964,4,1
2NZ9_DC_A|IA928A,0.069281444,1.5635532,4,1
2NZ9_DC_A|KA1028A,-0.008714417,1.6760377,4,1
2NZ9_DC_A|KA875A,0.5407011,1.2502282,4,1
2NZ9_DC_A|KA895A,-0.29975358,1.2995435,4,1
2NZ9_DC_A|LA891A,2.279965,0.5963172,4,1
2NZ9_DC_A|NA890A,2.1600318,1.7437959,4,1
2NZ9_DC_A|NA926A,-0.15216734,1.28914,4,1
2NZ9_DC_A|QA887A,0.09926054,0.52713543,4,1
2NZ9_DC_A|RA1033A,0.29088098,1.2624302,4,1
2NZ9_DC_A|RA1266A,0.39015788,1.6591719,4,1
2NZ9_DC_A|SA874A,-0.11948046,0.5097515,4,1
2NZ9_DC_A|SA927A,-0.078544825,0.64482653,4,1
"2NZ9_DC_A|SD29K,DD30Y,HD31D",-0.04961051,-0.3608697,4,1
2NZ9_DC_A|TA1035A,2.3703818,0.71275824,4,1
2VIS_AB_C|IC89T,-4.0,0.96456796,4,1
"3BE1_HL_A|DL28N,PL30A,RL31K,SL32T,TL97S,TL98S",-0.6860794,0.77667034,4,1
"3BE1_HL_A|DL28N,PL30A,RL31K,SL32T,TL97S,TL98S,KH30S,DH31G,TH54S,NH55E,GH100V,DH102V",-2.7728782,0.56267303,4,1
"3BE1_HL_A|DL28N,PL30A,RL31K,SL32T,TL97S,TL98S,KH30S,DH31G,TH54S,NH55E,GH100V,DH102V,YL36A",-3.190238,1.2105343,4,1
"3BE1_HL_A|DL28N,PL30A,RL31K,SL32T,TL97S,TL98S,KH30S,DH31G,TH54S,NH55E,GH100V,DH102V,YL36A,IL33A",-2.7728782,1.1096481,4,1
"3BE1_HL_A|DL28N,PL30A,RL31K,SL32T,YL57F,TL97S,TL98S",-0.8683455,1.043049,4,1
"3BE1_HL_A|DL28N,PL30A,RL31K,SL32T,YL57F,TL97S,TL98S,KH30S,DH31G,TH54S,NH55E,GH100V,DH102V",-2.8824897,0.69543153,4,1
3LZF_AB_HL|DA187E,0.49836498,0.6775897,4,1
"3LZF_AB_HL|DA187E,DA222G",0.12738612,0.88323045,4,1
3LZF_AB_HL|DA222G,0.5378587,0.534539,4,1
3NGB_HL_G|AH57G,-0.056030333,-1.531313,4,1
"3NGB_HL_G|AH57G,VH58T,PH63K,VH74T",1.6734211,-1.43548,4,1
"3NGB_HL_G|CH32S,CH102A",0.25899792,0.9578096,4,1
3NGB_HL_G|DH103A,0.05987142,1.6927136,4,1
3NGB_HL_G|EL88A,1.3199503,1.4801894,4,1
3NGB_HL_G|FL89A,0.85886127,1.3082811,4,1
3NGB_HL_G|GH55A,-1.2766591,0.98709404,4,1
3NGB_HL_G|GH55S,0.74304354,0.3763165,4,1
3NGB_HL_G|GH56A,1.2656107,1.107146,4,1
3NGB_HL_G|IH30A,-0.0027431613,0.70664746,4,1
3NGB_HL_G|IH30T,0.0733938,-0.69502306,4,1
"3NGB_HL_G|IH30T,KH52N,RH54N,GH55S,AH57G,VH58T,RH62Q,PH63K,VH74T,YH75S,YL26S",0.86214453,-0.4790854,4,1
3NGB_HL_G|KH52A,0.62288266,1.8208786,4,1
3NGB_HL_G|KH52N,0.17497002,0.2008681,4,1
3NGB_HL_G|MH70A,0.5305512,1.2029369,4,1
3NGB_HL_G|NH105A,1.1185741,1.1407387,4,1
3NGB_HL_G|NH59A,1.7671243,1.6991276,4,1
3NGB_HL_G|PH63A,-0.04252045,0.37943533,4,1
3NGB_HL_G|PH63K,0.23252328,-0.2911734,4,1
3NGB_HL_G|QH65A,-0.34038836,1.2249056,4,1
3NGB_HL_G|QL25A,-0.23060839,0.5825042,4,1
3NGB_HL_G|RH54A,-0.25938424,1.9166042,4,1
3NGB_HL_G|RH54N,0.04645046,0.07888965,4,1
3NGB_HL_G|RH62A,0.9958448,1.7117074,4,1
3NGB_HL_G|RH62Q,0.09654992,0.8290117,4,1
3NGB_HL_G|RH72A,1.6432176,1.5771106,4,1
3NGB_HL_G|SL28A,-0.14471176,0.9172615,4,1
3NGB_HL_G|TH33A,0.7071634,1.2823237,4,1
3NGB_HL_G|TH33Y,0.084193856,-1.0113957,4,1
"3NGB_HL_G|TH33Y,GH56S,AH57G,VH58T,PH63K,VH74T,YH75S",1.9381938,-1.3216885,4,1
3NGB_HL_G|VH58A,1.3584284,0.966841,4,1
3NGB_HL_G|VH58T,0.13787223,-0.5944697,4,1
3NGB_HL_G|VH74A,1.087914,1.128349,4,1
3NGB_HL_G|VH74T,0.16493925,-0.54454213,4,1
3NGB_HL_G|VL1A,-0.7733632,0.7028043,4,1
3NGB_HL_G|WH106A,4.0,1.8452798,4,1
3NGB_HL_G|WH47A,1.2021707,2.093081,4,1
3NGB_HL_G|WH50A,1.2917941,1.9125684,4,1
3NGB_HL_G|YH104A,1.4235861,2.2435439,4,1
3NGB_HL_G|YH60A,0.5484263,1.7700336,4,1
3NGB_HL_G|YH75A,-0.19932224,1.4055482,4,1
3NGB_HL_G|YH75S,0.3325709,0.58581847,4,1
3NGB_HL_G|YL26A,0.98528093,2.0277243,4,1
3NGB_HL_G|YL26S,0.6512687,1.1523535,4,1
3NGB_HL_G|YL87A,2.0227883,2.4622402,4,1
4JPK_HL_A|DA141R,3.857323,0.4507702,4,1
"4JPK_HL_A|DA159N,DA33N",0.6189681,0.166716,4,1
4JPK_HL_A|FA144I,1.3875175,-0.504935,4,1
4JPK_HL_A|FA63L,1.1672868,0.24607262,4,1
4JPK_HL_A|RA130K,0.23006605,-0.17474625,4,1
4JPK_HL_A|RA81T,0.75870305,0.5387534,4,1
4JPK_HL_A|SA41G,2.151695,-0.41254643,4,1
4JPK_HL_A|TA35S,-0.032093357,-0.22212176,4,1
4JPK_HL_A|VA30N,0.59459484,0.42216748,4,1
"1JRH_LH_I|AI49S,II51T,HI55D",0.070675574,0.045873173,4,2
"1JRH_LH_I|AI85D,KI88R,EI90K",-0.047747865,-1.1789298,4,2
"1JRH_LH_I|AI93L,VI94M",0.63366294,-0.30048987,4,2
1JRH_LH_I|DH56A,1.8860998,1.715944,4,2
1JRH_LH_I|DH57A,1.6660647,1.3123175,4,2
1JRH_LH_I|DH58A,1.8546488,1.7108761,4,2
1JRH_LH_I|DL28A,0.43464687,2.0953841,4,2
1JRH_LH_I|EI35Q,0.09956847,0.08409416,4,2
1JRH_LH_I|EI45A,-0.5657849,1.3301673,4,2
1JRH_LH_I|EI45P,-3.7881775,-0.0192485,4,2
"1JRH_LH_I|EI45P,II47L",-3.4567804,0.26458117,4,2
"1JRH_LH_I|EI45P,II47R",-3.4400978,0.007265471,4,2
1JRH_LH_I|EL27A,0.5426153,1.8335412,4,2
1JRH_LH_I|FH103A,0.0,1.0573565,4,2
1JRH_LH_I|GI40A,4.0,1.7231227,4,2
1JRH_LH_I|HH107A,1.6977708,1.7104299,4,2
"1JRH_LH_I|II25N,PI27S,VI29T,VI31I",0.14370596,0.31001195,4,2
1JRH_LH_I|KI37A,3.713863,2.03939,4,2
1JRH_LH_I|KI37M,3.2923293,1.1502618,4,2
1JRH_LH_I|KI42A,3.3858175,1.8328471,4,2
1JRH_LH_I|KI42M,4.0,0.8332625,4,2
1JRH_LH_I|KI88A,0.31209365,1.8540804,4,2
"1JRH_LH_I|MI15L,II18V",-0.21360606,0.6030476,4,2
1JRH_LH_I|NI38A,0.1704579,1.1808276,4,2
1JRH_LH_I|NI38Q,0.5344714,-0.011868082,4,2
1JRH_LH_I|NI43A,4.0,1.9642153,4,2
1JRH_LH_I|NI69A,-0.19953421,1.3033415,4,2
1JRH_LH_I|RH100A,0.5426153,1.5044032,4,2
1JRH_LH_I|RI74A,0.3926171,1.4397955,4,2
1JRH_LH_I|SI44A,0.37771076,0.92440367,4,2
"1JRH_LH_I|SI44G,EI45G,II47R",-3.3777049,-0.99197686,4,2
"1JRH_LH_I|SI44G,EI45P,II47K",-3.884419,-0.9417175,4,2
"1JRH_LH_I|SI61Y,DI62E,HI63Q,VI64I,GI65M,DI66Y,SI68D,NI69V,LI71A",2.9588323,0.30275723,4,2
1JRH_LH_I|SL93A,-0.65058374,1.1754866,4,2
1JRH_LH_I|TI4V,-0.025565991,-0.373521,4,2
"1JRH_LH_I|TI9L,EI11K",-0.025565991,-0.32689348,4,2
1JRH_LH_I|TL94A,0.38526937,1.0715367,4,2
1JRH_LH_I|VI41A,1.6791569,1.565871,4,2
"1JRH_LH_I|VI73A,RI78K",-0.21360606,0.31729454,4,2
1JRH_LH_I|WH54A,2.6862645,1.7618778,4,2
1JRH_LH_I|WH55A,2.4213178,1.6528392,4,2
1JRH_LH_I|WI46F,-0.25261214,0.15895203,4,2
1JRH_LH_I|WI46Y,0.29852974,-0.005312957,4,2
1JRH_LH_I|WI72A,4.0,1.9142246,4,2
1JRH_LH_I|WI72F,1.102707,0.82140106,4,2
1JRH_LH_I|WI72Y,1.1878273,0.3414029,4,2
1JRH_LH_I|WL92A,2.818407,1.9693418,4,2
1JRH_LH_I|WL95A,1.6660647,1.7405385,4,2
1JRH_LH_I|YH104A,1.0610564,2.3207507,4,2
1JRH_LH_I|YH32A,1.4333102,2.2569618,4,2
1JRH_LH_I|YH60A,1.2555921,1.7706116,4,2
1JRH_LH_I|YI39A,3.5271235,2.2768025,4,2
1JRH_LH_I|YI39F,0.9087807,0.9761074,4,2
1JRH_LH_I|YL30A,1.1084566,1.8436967,4,2
1JRH_LH_I|YL91A,0.58083415,1.32369,4,2
1KIQ_AB_C|FB101Y,-2.4949589,-0.9025032,4,2
1XGR_AB_C|IB33A,2.260207,1.74593,4,2
1XGR_AB_C|IB33F,-1.8004549,-0.8640806,4,2
1XGR_AB_C|IB33L,0.061315425,-0.6355514,4,2
1XGR_AB_C|IB33V,1.1076277,-0.05962065,4,2
2BDN_HL_A|DH31E,1.0852306,0.20184708,4,2
2BDN_HL_A|LH27K,0.8740124,0.42931578,4,2
2BDN_HL_A|LH27R,0.65058374,0.07736429,4,2
2BDN_HL_A|NH28D,0.13214268,-0.96794444,4,2
2BDN_HL_A|NH28Q,1.3994616,-0.5749505,4,2
2BDN_HL_A|NL31K,3.4897714,-0.05902658,4,2
2BDN_HL_A|NL31R,-0.9171868,-0.5295694,4,2
2BDN_HL_A|SL53D,-0.1605731,-1.0720671,4,2
2BDN_HL_A|SL53E,-0.85132045,-0.6828373,4,2
2BDN_HL_A|TL56D,-0.4254655,-0.6753195,4,2
2BDN_HL_A|TL56E,-0.6888026,-0.36444065,4,2
2BDN_HL_A|YL30K,0.67475796,1.213876,4,2
2NYY_DC_A|DA1030A,0.009336901,1.5883591,4,2
2NYY_DC_A|DA1034A,2.5297937,1.5975194,4,2
2NYY_DC_A|DC30Y,0.64113563,-0.11667751,4,2
2NYY_DC_A|EA892A,2.839132,1.8017062,4,2
2NYY_DC_A|ED5Q,-0.2479871,0.0781244,4,2
2NYY_DC_A|FA889A,0.4193659,1.5174247,4,2
2NYY_DC_A|FA925A,4.0,1.3238248,4,2
2NYY_DC_A|HA1036A,4.0,1.7715333,4,2
2NYY_DC_A|HC34R,0.10088469,0.13686705,4,2
2NYY_DC_A|IA928A,-0.009487502,1.3799663,4,2
2NYY_DC_A|KA1028A,-0.028934313,1.4569323,4,2
2NYY_DC_A|KA875A,0.29098648,1.5371146,4,2
2NYY_DC_A|KA895A,-0.14014584,1.4666117,4,2
2NYY_DC_A|KD29R,0.071385965,-0.38624087,4,2
"2NYY_DC_A|KD29S,YD30D,DD31H,SD60P",0.04961051,0.6155404,4,2
2NYY_DC_A|LA891A,2.5892105,1.1515166,4,2
2NYY_DC_A|MD33Q,-0.059869844,-0.41238728,4,2
2NYY_DC_A|NA890A,0.89044046,1.4929864,4,2
2NYY_DC_A|NA926A,0.09934822,1.6567371,4,2
2NYY_DC_A|QA887A,0.5208145,0.66863316,4,2
2NYY_DC_A|RA1033A,0.82012254,1.4750131,4,2
2NYY_DC_A|RA1266A,0.2995321,1.9273342,4,2
2NYY_DC_A|SA874A,-0.23032175,0.8547242,4,2
2NYY_DC_A|SA927A,0.0,1.1531789,4,2
2NYY_DC_A|SC28Q,0.4133828,-0.06213747,4,2
2NYY_DC_A|SC31N,-0.35338265,0.77080613,4,2
2NYY_DC_A|TA1035A,1.630871,0.8421759,4,2
2NYY_DC_A|VD36I,-0.21317148,0.104284935,4,2
"2NYY_DC_A|VD36I,ED5Q",-0.0490461,0.20588875,4,2
2NYY_DC_A|YD30D,0.06462482,0.9662066,4,2
2NYY_DC_A|YD30Q,0.12897444,1.2483761,4,2
2NYY_DC_A|YD56Q,0.5196862,1.3200052,4,2
2NZ9_DC_A|DA1030A,-0.031082604,1.6087409,4,2
2NZ9_DC_A|DA1034A,2.3396032,1.5626805,4,2
2NZ9_DC_A|EA892A,2.77036,1.7905215,4,2
2NZ9_DC_A|FA889A,-0.04961051,1.5443592,4,2
2NZ9_DC_A|FA925A,3.340439,1.3570265,4,2
2NZ9_DC_A|HA1036A,4.0,1.6886348,4,2
2NZ9_DC_A|IA928A,0.069281444,1.3522751,4,2
2NZ9_DC_A|KA1028A,-0.008714417,1.455065,4,2
2NZ9_DC_A|KA875A,0.5407011,1.6007588,4,2
2NZ9_DC_A|KA895A,-0.29975358,1.6504384,4,2
2NZ9_DC_A|LA891A,2.279965,1.1044263,4,2
2NZ9_DC_A|NA890A,2.1600318,1.5312573,4,2
2NZ9_DC_A|NA926A,-0.15216734,1.6949968,4,2
2NZ9_DC_A|QA887A,0.09926054,0.643398,4,2
2NZ9_DC_A|RA1033A,0.29088098,1.5754179,4,2
2NZ9_DC_A|RA1266A,0.39015788,1.9067526,4,2
2NZ9_DC_A|SA874A,-0.11948046,0.86201775,4,2
2NZ9_DC_A|SA927A,-0.078544825,1.1915269,4,2
"2NZ9_DC_A|SD29K,DD30Y,HD31D",-0.04961051,-0.36751983,4,2
2NZ9_DC_A|TA1035A,2.3703818,0.96141165,4,2
2VIS_AB_C|IC89T,-4.0,-0.22517681,4,2
"3BE1_HL_A|DL28N,PL30A,RL31K,SL32T,TL97S,TL98S",-0.6860794,1.6444579,4,2
"3BE1_HL_A|DL28N,PL30A,RL31K,SL32T,TL97S,TL98S,KH30S,DH31G,TH54S,NH55E,GH100V,DH102V",-2.7728782,0.55536616,4,2
"3BE1_HL_A|DL28N,PL30A,RL31K,SL32T,TL97S,TL98S,KH30S,DH31G,TH54S,NH55E,GH100V,DH102V,YL36A",-3.190238,1.3999631,4,2
"3BE1_HL_A|DL28N,PL30A,RL31K,SL32T,TL97S,TL98S,KH30S,DH31G,TH54S,NH55E,GH100V,DH102V,YL36A,IL33A",-2.7728782,1.5384188,4,2
"3BE1_HL_A|DL28N,PL30A,RL31K,SL32T,YL57F,TL97S,TL98S",-0.8683455,1.913708,4,2
"3BE1_HL_A|DL28N,PL30A,RL31K,SL32T,YL57F,TL97S,TL98S,KH30S,DH31G,TH54S,NH55E,GH100V,DH102V",-2.8824897,0.8105393,4,2
3LZF_AB_HL|DA187E,0.49836498,0.3869228,4,2
"3LZF_AB_HL|DA187E,DA222G",0.12738612,0.51635164,4,2
3LZF_AB_HL|DA222G,0.5378587,0.3255173,4,2
3NGB_HL_G|AH57G,-0.056030333,-1.5265263,4,2
"3NGB_HL_G|AH57G,VH58T,PH63K,VH74T",1.6734211,-0.85698426,4,2
"3NGB_HL_G|CH32S,CH102A",0.25899792,1.4655826,4,2
3NGB_HL_G|DH103A,0.05987142,1.4809537,4,2
3NGB_HL_G|EL88A,1.3199503,1.6542289,4,2
3NGB_HL_G|FL89A,0.85886127,1.3900228,4,2
3NGB_HL_G|GH55A,-1.2766591,1.323064,4,2
3NGB_HL_G|GH55S,0.74304354,0.6296305,4,2
3NGB_HL_G|GH56A,1.2656107,1.1669573,4,2
3NGB_HL_G|IH30A,-0.0027431613,1.0169696,4,2
3NGB_HL_G|IH30T,0.0733938,-0.102201134,4,2
"3NGB_HL_G|IH30T,KH52N,RH54N,GH55S,AH57G,VH58T,RH62Q,PH63K,VH74T,YH75S,YL26S",0.86214453,0.49092343,4,2
3NGB_HL_G|KH52A,0.62288266,1.137145,4,2
3NGB_HL_G|KH52N,0.17497002,0.56837237,4,2
3NGB_HL_G|MH70A,0.5305512,0.7782577,4,2
3NGB_HL_G|NH105A,1.1185741,0.45198753,4,2
3NGB_HL_G|NH59A,1.7671243,0.84510005,4,2
3NGB_HL_G|PH63A,-0.04252045,0.38778004,4,2
3NGB_HL_G|PH63K,0.23252328,0.19274539,4,2
3NGB_HL_G|QH65A,-0.34038836,1.0529675,4,2
3NGB_HL_G|QL25A,-0.23060839,0.941322,4,2
3NGB_HL_G|RH54A,-0.25938424,1.3604354,4,2
3NGB_HL_G|RH54N,0.04645046,0.7640454,4,2
3NGB_HL_G|RH62A,0.9958448,1.4407334,4,2
3NGB_HL_G|RH62Q,0.09654992,-0.04098317,4,2
3NGB_HL_G|RH72A,1.6432176,1.0196437,4,2
3NGB_HL_G|SL28A,-0.14471176,0.88307005,4,2
3NGB_HL_G|TH33A,0.7071634,1.4269972,4,2
3NGB_HL_G|TH33Y,0.084193856,-1.1882757,4,2
"3NGB_HL_G|TH33Y,GH56S,AH57G,VH58T,PH63K,VH74T,YH75S",1.9381938,-0.6336358,4,2
3NGB_HL_G|VH58A,1.3584284,1.1060222,4,2
3NGB_HL_G|VH58T,0.13787223,0.07343943,4,2
3NGB_HL_G|VH74A,1.087914,1.4254255,4,2
3NGB_HL_G|VH74T,0.16493925,0.018749408,4,2
3NGB_HL_G|VL1A,-0.7733632,0.8053919,4,2
3NGB_HL_G|WH106A,4.0,1.6295211,4,2
3NGB_HL_G|WH47A,1.2021707,1.7775067,4,2
3NGB_HL_G|WH50A,1.2917941,1.8533642,4,2
3NGB_HL_G|YH104A,1.4235861,1.9041779,4,2
3NGB_HL_G|YH60A,0.5484263,1.6088743,4,2
3NGB_HL_G|YH75A,-0.19932224,1.5740343,4,2
3NGB_HL_G|YH75S,0.3325709,1.1081102,4,2
3NGB_HL_G|YL26A,0.98528093,2.0340328,4,2
3NGB_HL_G|YL26S,0.6512687,1.202759,4,2
3NGB_HL_G|YL87A,2.0227883,1.9581678,4,2
4JPK_HL_A|DA141R,3.857323,0.23359376,4,2
"4JPK_HL_A|DA159N,DA33N",0.6189681,-0.10909112,4,2
4JPK_HL_A|FA144I,1.3875175,0.22801149,4,2
4JPK_HL_A|FA63L,1.1672868,0.39367896,4,2
4JPK_HL_A|RA130K,0.23006605,-0.28853822,4,2
4JPK_HL_A|RA81T,0.75870305,0.48490438,4,2
4JPK_HL_A|SA41G,2.151695,-0.45343378,4,2
4JPK_HL_A|TA35S,-0.032093357,-0.060766216,4,2
4JPK_HL_A|VA30N,0.59459484,0.16032308,4,2
