row_id,ddg_true,ddg_pred,fold,seed
1AHW_AB_C|DC167A,-0.4845926,1.5623477,0,0
"1AHW_AB_C|KC138A,DC139A",1.1814722,1.9579798,0,0
"1AHW_AB_C|KC154A,KC155A",-1.329712,2.160958,0,0
1AHW_AB_C|LC165A,0.9869364,1.0783789,0,0
1AHW_AB_C|NC188A,1.0782224,1.3814895,0,0
"1AHW_AB_C|TC110A,KC111A",0.6388569,0.94052345,0,0
1AHW_AB_C|TC156A,-0.07411996,1.5610069,0,0
1AHW_AB_C|TC159A,1.105771,1.1019489,0,0
1AHW_AB_C|TC186A,1.345882,0.6701692,0,0
1AHW_AB_C|VC187A,-0.31423107,1.1031872,0,0
1AHW_AB_C|YC146A,-1.8890098,2.029114,0,0
1BJ1_HL_VW|HH101Y,-1.5835956,-0.9625552,0,0
"1BJ1_HL_VW|HH101Y,YH103I,GH104A,SH105K",-0.43125325,1.1726207,0,0
"1BJ1_HL_VW|HH101Y,YH103R,GH104N,SH105T",-0.7626503,1.4763284,0,0
"1BJ1_HL_VW|HH101Y,YH103R,SH105T",-1.173123,0.15363482,0,0
1BJ1_HL_VW|HH107A,0.78965265,0.56703156,0,0
"1BJ1_HL_VW|LH72I,TH74K",0.076517485,0.8785109,0,0
"1BJ1_HL_VW|LH72V,TH74V",0.6706598,0.6037911,0,0
"1BJ1_HL_VW|ML4L,TH28D,NH31H,HH101Y,SH105T",-1.52138,-1.8672488,0,0
1BJ1_HL_VW|NH31H,-0.7626503,-0.540302,0,0
1BJ1_HL_VW|SH105T,-0.39039657,0.21416329,0,0
1BJ1_HL_VW|TH28D,-0.22003505,-0.54936326,0,0
"1BJ1_HL_VW|TH28D,NH31H",-0.6929008,-1.158578,0,0
"1BJ1_HL_VW|TH28D,NH31H,YH54W,HH101Y,SH105T",-1.2034981,-1.5559791,0,0
1BJ1_HL_VW|TH59A,0.85066694,0.34566897,0,0
1BJ1_HL_VW|YH27A,2.2425284,1.1532356,0,0
1BJ1_HL_VW|YH54A,1.3276595,1.6413537,0,0
1BJ1_HL_VW|YH54W,-0.13726985,-0.19948052,0,0
1BJ1_HL_VW|YH99A,4.0,1.1343356,0,0
1DQJ_AB_C|DB32A,2.0134337,1.9548547,0,0
"1DQJ_AB_C|DB32A,KC97A",1.1223834,2.8241377,0,0
1DQJ_AB_C|DC101A,1.3765504,2.2859292,0,0
1DQJ_AB_C|KC96A,4.0,2.012425,0,0
1DQJ_AB_C|KC97A,3.5197058,1.1996982,0,0
1DQJ_AB_C|LC75A,1.452407,0.68495333,0,0
1DQJ_AB_C|NA31A,2.0134337,1.0705987,0,0
1DQJ_AB_C|NA32A,4.0,1.5741984,0,0
"1DQJ_AB_C|NA32A,KC96A",4.0,3.5739195,0,0
1DQJ_AB_C|NC93A,0.64987326,0.9664137,0,0
1DQJ_AB_C|RC21A,1.2137709,0.8859435,0,0
1DQJ_AB_C|SA91A,1.4318883,1.0537336,0,0
"1DQJ_AB_C|SA91A,RC21A",3.1707318,2.0979924,0,0
"1DQJ_AB_C|SA91A,YC20A",3.573092,2.8645875,0,0
1DQJ_AB_C|SC100A,0.7755829,1.4564817,0,0
1DQJ_AB_C|TC89A,0.84084374,0.7542742,0,0
1DQJ_AB_C|WB98A,4.0,1.5302335,0,0
"1DQJ_AB_C|WB98A,KC97A",4.0,2.7284245,0,0
"1DQJ_AB_C|WB98A,SC100A",4.0,2.6022315,0,0
"1DQJ_AB_C|WB98A,YC20A",4.0,3.030477,0,0
1DQJ_AB_C|WC62A,0.7580786,1.3799767,0,0
1DQJ_AB_C|WC63A,1.3462692,1.7286254,0,0
1DQJ_AB_C|YA50A,2.678299,1.651431,0,0
1DQJ_AB_C|YA96A,1.135051,1.4910716,0,0
"1DQJ_AB_C|YA96A,RC21A",3.4851997,2.4121537,0,0
"1DQJ_AB_C|YA96A,SC100A",0.91344726,2.6717405,0,0
1DQJ_AB_C|YB33A,4.0,2.7102766,0,0
1DQJ_AB_C|YB50A,4.0,2.3793557,0,0
1DQJ_AB_C|YB53A,1.1802781,0.82500994,0,0
"1DQJ_AB_C|YB53A,DC101A",2.727121,3.2199492,0,0
"1DQJ_AB_C|YB53A,LC75A",1.2168618,2.0158968,0,0
"1DQJ_AB_C|YB53A,WC62A",1.286308,2.1219728,0,0
"1DQJ_AB_C|YB53A,WC63A",2.1992323,2.4110913,0,0
1DQJ_AB_C|YC20A,3.2857084,1.9874648,0,0
1XGT_AB_C|LB33A,2.1988916,2.189576,0,0
1XGT_AB_C|LB33F,-1.8617703,-1.5927819,0,0
1XGT_AB_C|LB33I,-0.061315425,0.39340258,0,0
1XGT_AB_C|LB33V,1.0463123,1.8498634,0,0
"3BDY_HL_V|DL28N,PL30A,RL31K,SL32T,TL97S,TL98S",-0.9690793,0.34082288,0,0
"3BDY_HL_V|DL28N,PL30A,RL31K,SL32T,TL97S,TL98S,KH31S,DH32G,TH55S,NH56E,GH101V,DH103V",-2.7154896,-2.1636739,0,0
"3BDY_HL_V|DL28N,PL30A,RL31K,SL32T,TL97S,TL98S,KH31S,DH32G,TH55S,NH56E,GH101V,DH103V,RH51A,RH60A",-2.7728782,-1.9789516,0,0
"3BDY_HL_V|DL28N,PL30A,RL31K,SL32T,YL57F,TL97S,TL98S",-0.97316396,0.2063159,0,0
"3BDY_HL_V|DL28N,PL30A,RL31K,SL32T,YL57F,TL97S,TL98S,KH31S,DH32G,TH55S,NH56E,GH101V,DH103V",-2.727121,-2.3087194,0,0
3HFM_HL_Y|DH32A,1.8982269,0.9113692,0,0
"3HFM_HL_Y|DH32A,KY97A",4.0,1.8935161,0,0
"3HFM_HL_Y|DH32A,KY97M",1.1234494,2.0714397,0,0
3HFM_HL_Y|DH32N,0.17036153,0.2885819,0,0
"3HFM_HL_Y|DH32N,KY97A",4.0,1.4947044,0,0
"3HFM_HL_Y|DH32N,KY97M",0.3025042,1.8305933,0,0
3HFM_HL_Y|DY101A,1.2081919,1.9136965,0,0
3HFM_HL_Y|DY101E,2.132881,0.65684456,0,0
3HFM_HL_Y|DY101F,2.3282614,0.69960755,0,0
3HFM_HL_Y|DY101G,0.35884774,0.42361873,0,0
3HFM_HL_Y|DY101K,2.1245396,2.0538125,0,0
3HFM_HL_Y|DY101N,1.4911126,1.2118777,0,0
3HFM_HL_Y|DY101Q,2.0851746,-0.5340875,0,0
3HFM_HL_Y|DY101R,2.2798727,1.995847,0,0
3HFM_HL_Y|DY101S,1.8694,0.7517137,0,0
3HFM_HL_Y|GY102V,0.395285,0.8438365,0,0
3HFM_HL_Y|HY15A,-0.4453172,1.3046879,0,0
3HFM_HL_Y|IY98A,0.0,0.17682049,0,0
3HFM_HL_Y|KY96A,4.0,1.8109581,0,0
3HFM_HL_Y|KY96M,4.0,2.0196202,0,0
3HFM_HL_Y|KY96R,4.0,1.0205007,0,0
3HFM_HL_Y|KY97A,4.0,1.0582539,0,0
3HFM_HL_Y|KY97D,4.0,0.38412678,0,0
3HFM_HL_Y|KY97E,3.6045077,0.54782385,0,0
3HFM_HL_Y|KY97G,4.0,0.10802792,0,0
3HFM_HL_Y|KY97M,0.9469717,1.4562633,0,0
3HFM_HL_Y|KY97R,3.0528512,0.13858594,0,0
3HFM_HL_Y|LY75A,0.70445603,0.57408583,0,0
3HFM_HL_Y|NL31A,4.0,0.86967117,0,0
"3HFM_HL_Y|NL31A,KY96A",4.0,2.6827526,0,0
3HFM_HL_Y|NL31D,1.3434845,-0.44742906,0,0
3HFM_HL_Y|NL31E,4.0,-0.29847264,0,0
3HFM_HL_Y|NL32A,4.0,1.3197167,0,0
3HFM_HL_Y|NY19D,0.41047263,0.4272911,0,0
3HFM_HL_Y|NY19K,0.2401111,0.8873591,0,0
3HFM_HL_Y|NY19Q,-0.042485796,-0.0250905,0,0
3HFM_HL_Y|NY93A,0.21121821,0.8607227,0,0
3HFM_HL_Y|QL53A,0.9530879,0.15257959,0,0
3HFM_HL_Y|RY21A,0.8618019,0.85728264,0,0
3HFM_HL_Y|RY21E,2.4534352,-0.28244042,0,0
3HFM_HL_Y|RY21G,2.4220753,-0.8281171,0,0
3HFM_HL_Y|RY21H,2.1693182,-0.8142887,0,0
3HFM_HL_Y|RY21K,1.766342,-0.36996907,0,0
3HFM_HL_Y|RY21M,2.0498905,1.408555,0,0
3HFM_HL_Y|RY21N,2.3282614,-0.2166862,0,0
3HFM_HL_Y|RY21Q,2.3975346,-1.2684689,0,0
3HFM_HL_Y|RY21W,2.132881,0.19215403,0,0
3HFM_HL_Y|RY73A,-0.3313971,0.5509452,0,0
3HFM_HL_Y|SH31A,0.17036153,0.8237728,0,0
3HFM_HL_Y|SY100A,0.26765963,1.2260754,0,0
3HFM_HL_Y|TY89A,0.0,0.76152945,0,0
3HFM_HL_Y|WH98A,4.0,1.2370445,0,0
"3HFM_HL_Y|WH98A,KY96A",4.0,2.9700627,0,0
3HFM_HL_Y|WH98F,3.245562,0.06790573,0,0
"3HFM_HL_Y|WH98F,YY20A",4.0,2.232371,0,0
3HFM_HL_Y|WY63A,0.31918663,1.7899214,0,0
3HFM_HL_Y|YH33A,4.0,2.3677983,0,0
"3HFM_HL_Y|YH33A,KY97A",4.0,3.1020892,0,0
3HFM_HL_Y|YH33F,1.0712212,-0.4420275,0,0
3HFM_HL_Y|YH33L,2.0069382,0.58270735,0,0
3HFM_HL_Y|YH33W,1.7495645,0.82454693,0,0
3HFM_HL_Y|YH50A,4.0,2.1842048,0,0
"3HFM_HL_Y|YH50A,RY21A",4.0,2.613436,0,0
3HFM_HL_Y|YH50F,1.6099914,-0.2459334,0,0
3HFM_HL_Y|YH50L,2.8488367,0.5867375,0,0
3HFM_HL_Y|YH53A,3.25038,1.1210339,0,0
3HFM_HL_Y|YH53F,0.62049925,0.32038534,0,0
3HFM_HL_Y|YH53L,0.8068894,0.4277346,0,0
3HFM_HL_Y|YH53W,0.7061819,-0.06275734,0,0
3HFM_HL_Y|YH58A,1.6760437,1.8766567,0,0
3HFM_HL_Y|YH58F,0.36312544,0.075598694,0,0
3HFM_HL_Y|YH58L,1.5136731,1.0712354,0,0
3HFM_HL_Y|YL50A,4.0,1.2164956,0,0
"3HFM_HL_Y|YL50A,KY96A",4.0,2.8512201,0,0
"3HFM_HL_Y|YL50A,KY97A",4.0,2.289379,0,0
"3HFM_HL_Y|YL50A,RY21A",4.0,2.25972,0,0
3HFM_HL_Y|YL50F,2.3548672,0.22394882,0,0
"3HFM_HL_Y|YL50F,RY21A",4.0,1.3170483,0,0
"3HFM_HL_Y|YL50F,YY20A",4.0,2.1273842,0,0
3HFM_HL_Y|YL50L,4.0,0.52857393,0,0
3HFM_HL_Y|YL96A,2.707045,1.489317,0,0
"3HFM_HL_Y|YL96A,RY21A",4.0,2.3174598,0,0
3HFM_HL_Y|YL96F,1.4017794,0.29424196,0,0
"3HFM_HL_Y|YL96F,RY21A",4.0,1.2361121,0,0
3HFM_HL_Y|YY20A,4.0,1.9434196,0,0
3HFM_HL_Y|YY20F,-0.4839681,0.50227636,0,0
3HFM_HL_Y|YY20L,2.1845057,1.5903615,0,0
3SE9_HL_G|DH77A,-0.7664817,1.1863463,0,0
3SE9_HL_G|EL90A,0.41735974,1.4922359,0,0
3SE9_HL_G|FL91A,0.023615688,1.4182417,0,0
3SE9_HL_G|GH106A,-0.3075798,1.3181711,0,0
3SE9_HL_G|GH107A,-0.6151596,1.2525083,0,0
3SE9_HL_G|GH109A,0.18514356,1.4468535,0,0
3SE9_HL_G|GH57A,0.4524448,1.8136675,0,0
3SE9_HL_G|GH62A,0.04634,1.5256828,0,0
3SE9_HL_G|GL29A,0.46369976,1.0292835,0,0
3SE9_HL_G|LH34A,0.56599987,1.7252026,0,0
3SE9_HL_G|LL89A,0.964243,1.598413,0,0
3SE9_HL_G|NH60A,1.5217615,1.0944166,0,0
3SE9_HL_G|PH64A,-0.4419396,-0.12675458,0,0
3SE9_HL_G|RH67A,1.4695449,1.131815,0,0
3SE9_HL_G|RH74A,2.6792572,1.3730065,0,0
3SE9_HL_G|RH76A,-0.2322162,1.3320568,0,0
3SE9_HL_G|TH105A,-0.4419396,0.50295556,0,0
3SE9_HL_G|TH56A,-0.85929936,0.7005197,0,0
3SE9_HL_G|VH55A,-0.85929936,0.4776392,0,0
3SE9_HL_G|VH59A,0.9833596,1.3810395,0,0
3SE9_HL_G|VL3A,-0.49433115,0.28748932,0,0
3SE9_HL_G|WH48A,1.0584464,1.5935975,0,0
3SE9_HL_G|WH51A,1.275695,2.6375148,0,0
3SE9_HL_G|YH104A,0.46369976,1.4878974,0,0
3SE9_HL_G|YL28A,1.1177194,1.1480894,0,0
4U6H_AB_E|NE21A,-0.3480795,1.6111583,0,0
4U6H_AB_E|QE25A,0.11883454,1.887504,0,0
4ZS6_HL_A|EA156A,3.0386665,0.8484626,0,0
4ZS6_HL_A|YA160A,-0.11025046,1.966133,0,0
1AHW_AB_C|DC167A,-0.4845926,1.1107816,0,1
"1AHW_AB_C|KC138A,DC139A",1.1814722,1.1293466,0,1
"1AHW_AB_C|KC154A,KC155A",-1.329712,1.1935014,0,1
1AHW_AB_C|LC165A,0.9869364,1.08323,0,1
1AHW_AB_C|NC188A,1.0782224,1.0204482,0,1
"1AHW_AB_C|TC110A,KC111A",0.6388569,0.1519508,0,1
1AHW_AB_C|TC156A,-0.07411996,1.1921376,0,1
1AHW_AB_C|TC159A,1.105771,1.1971406,0,1
1AHW_AB_C|TC186A,1.345882,0.37858713,0,1
1AHW_AB_C|VC187A,-0.31423107,0.5178633,0,1
1AHW_AB_C|YC146A,-1.8890098,1.5727453,0,1
1BJ1_HL_VW|HH101Y,-1.5835956,-0.9397559,0,1
"1BJ1_HL_VW|HH101Y,YH103I,GH104A,SH105K",-0.43125325,0.44721112,0,1
"1BJ1_HL_VW|HH101Y,YH103R,GH104N,SH105T",-0.7626503,1.0152817,0,1
"1BJ1_HL_VW|HH101Y,YH103R,SH105T",-1.173123,-0.1836853,0,1
1BJ1_HL_VW|HH107A,0.78965265,0.882383,0,1
"1BJ1_HL_VW|LH72I,TH74K",0.076517485,0.69283897,0,1
"1BJ1_HL_VW|LH72V,TH74V",0.6706598,0.11729453,0,1
"1BJ1_HL_VW|ML4L,TH28D,NH31H,HH101Y,SH105T",-1.52138,-1.5023594,0,1
1BJ1_HL_VW|NH31H,-0.7626503,-0.22119746,0,1
1BJ1_HL_VW|SH105T,-0.39039657,0.36645088,0,1
1BJ1_HL_VW|TH28D,-0.22003505,-0.42346665,0,1
"1BJ1_HL_VW|TH28D,NH31H",-0.6929008,-0.52510977,0,1
"1BJ1_HL_VW|TH28D,NH31H,YH54W,HH101Y,SH105T",-1.2034981,-1.0115706,0,1
1BJ1_HL_VW|TH59A,0.85066694,0.5148245,0,1
1BJ1_HL_VW|YH27A,2.2425284,0.7864064,0,1
1BJ1_HL_VW|YH54A,1.3276595,1.2095238,0,1
1BJ1_HL_VW|YH54W,-0.13726985,0.027301185,0,1
1BJ1_HL_VW|YH99A,4.0,1.0135134,0,1
1DQJ_AB_C|DB32A,2.0134337,2.3461888,0,1
"1DQJ_AB_C|DB32A,KC97A",1.1223834,2.7329516,0,1
1DQJ_AB_C|DC101A,1.3765504,1.7043812,0,1
1DQJ_AB_C|KC96A,4.0,1.445987,0,1
1DQJ_AB_C|KC97A,3.5197058,0.939571,0,1
1DQJ_AB_C|LC75A,1.452407,1.3458822,0,1
1DQJ_AB_C|NA31A,2.0134337,1.6307844,0,1
1DQJ_AB_C|NA32A,4.0,2.242362,0,1
"1DQJ_AB_C|NA32A,KC96A",4.0,3.3547862,0,1
1DQJ_AB_C|NC93A,0.64987326,1.0932257,0,1
1DQJ_AB_C|RC21A,1.2137709,1.0481695,0,1
1DQJ_AB_C|SA91A,1.4318883,1.6693413,0,1
"1DQJ_AB_C|SA91A,RC21A",3.1707318,2.772097,0,1
"1DQJ_AB_C|SA91A,YC20A",3.573092,3.179611,0,1
1DQJ_AB_C|SC100A,0.7755829,1.5740048,0,1
1DQJ_AB_C|TC89A,0.84084374,0.8069123,0,1
1DQJ_AB_C|WB98A,4.0,2.2481809,0,1
"1DQJ_AB_C|WB98A,KC97A",4.0,2.789179,0,1
"1DQJ_AB_C|WB98A,SC100A",4.0,3.4660783,0,1
"1DQJ_AB_C|WB98A,YC20A",4.0,3.4675858,0,1
1DQJ_AB_C|WC62A,0.7580786,1.1346551,0,1
1DQJ_AB_C|WC63A,1.3462692,1.814642,0,1
1DQJ_AB_C|YA50A,2.678299,1.8253398,0,1
1DQJ_AB_C|YA96A,1.135051,1.5952208,0,1
"1DQJ_AB_C|YA96A,RC21A",3.4851997,2.7286234,0,1
"1DQJ_AB_C|YA96A,SC100A",0.91344726,3.0093043,0,1
1DQJ_AB_C|YB33A,4.0,2.4959474,0,1
1DQJ_AB_C|YB50A,4.0,1.8774318,0,1
1DQJ_AB_C|YB53A,1.1802781,0.5278674,0,1
"1DQJ_AB_C|YB53A,DC101A",2.727121,2.347013,0,1
"1DQJ_AB_C|YB53A,LC75A",1.2168618,2.4766617,0,1
"1DQJ_AB_C|YB53A,WC62A",1.286308,1.5584401,0,1
"1DQJ_AB_C|YB53A,WC63A",2.1992323,2.446745,0,1
1DQJ_AB_C|YC20A,3.2857084,1.9929116,0,1
1XGT_AB_C|LB33A,2.1988916,2.3438666,0,1
1XGT_AB_C|LB33F,-1.8617703,-0.42761907,0,1
1XGT_AB_C|LB33I,-0.061315425,0.498548,0,1
1XGT_AB_C|LB33V,1.0463123,1.5429598,0,1
"3BDY_HL_V|DL28N,PL30A,RL31K,SL32T,TL97S,TL98S",-0.9690793,0.38061056,0,1
"3BDY_HL_V|DL28N,PL30A,RL31K,SL32T,TL97S,TL98S,KH31S,DH32G,TH55S,NH56E,GH101V,DH103V",-2.7154896,-1.9078776,0,1
"3BDY_HL_V|DL28N,PL30A,RL31K,SL32T,TL97S,TL98S,KH31S,DH32G,TH55S,NH56E,GH101V,DH103V,RH51A,RH60A",-2.7728782,-2.1443229,0,1
"3BDY_HL_V|DL28N,PL30A,RL31K,SL32T,YL57F,TL97S,TL98S",-0.97316396,0.53370786,0,1
"3BDY_HL_V|DL28N,PL30A,RL31K,SL32T,YL57F,TL97S,TL98S,KH31S,DH32G,TH55S,NH56E,GH101V,DH103V",-2.727121,-1.9809048,0,1
3HFM_HL_Y|DH32A,1.8982269,1.0704014,0,1
"3HFM_HL_Y|DH32A,KY97A",4.0,1.6650791,0,1
"3HFM_HL_Y|DH32A,KY97M",1.1234494,1.2320235,0,1
3HFM_HL_Y|DH32N,0.17036153,0.45023283,0,1
"3HFM_HL_Y|DH32N,KY97A",4.0,1.2768694,0,1
"3HFM_HL_Y|DH32N,KY97M",0.3025042,0.9212029,0,1
3HFM_HL_Y|DY101A,1.2081919,1.3376302,0,1
3HFM_HL_Y|DY101E,2.132881,0.43150714,0,1
3HFM_HL_Y|DY101F,2.3282614,0.57541895,0,1
3HFM_HL_Y|DY101G,0.35884774,1.1509163,0,1
3HFM_HL_Y|DY101K,2.1245396,1.1705496,0,1
3HFM_HL_Y|DY101N,1.4911126,0.6206149,0,1
3HFM_HL_Y|DY101Q,2.0851746,0.17417777,0,1
3HFM_HL_Y|DY101R,2.2798727,1.0576676,0,1
3HFM_HL_Y|DY101S,1.8694,0.31364664,0,1
3HFM_HL_Y|GY102V,0.395285,0.46547735,0,1
3HFM_HL_Y|HY15A,-0.4453172,1.0658653,0,1
3HFM_HL_Y|IY98A,0.0,0.61295044,0,1
3HFM_HL_Y|KY96A,4.0,1.3096821,0,1
3HFM_HL_Y|KY96M,4.0,0.66068876,0,1
3HFM_HL_Y|KY96R,4.0,0.08192544,0,1
3HFM_HL_Y|KY97A,4.0,0.8000345,0,1
3HFM_HL_Y|KY97D,4.0,-0.7205407,0,1
3HFM_HL_Y|KY97E,3.6045077,-0.7479674,0,1
3HFM_HL_Y|KY97G,4.0,0.7730859,0,1
3HFM_HL_Y|KY97M,0.9469717,0.41366252,0,1
3HFM_HL_Y|KY97R,3.0528512,-0.44569752,0,1
3HFM_HL_Y|LY75A,0.70445603,0.7844584,0,1
3HFM_HL_Y|NL31A,4.0,1.3583403,0,1
"3HFM_HL_Y|NL31A,KY96A",4.0,2.1830616,0,1
3HFM_HL_Y|NL31D,1.3434845,-0.1269539,0,1
3HFM_HL_Y|NL31E,4.0,0.0582686,0,1
3HFM_HL_Y|NL32A,4.0,1.3016392,0,1
3HFM_HL_Y|NY19D,0.41047263,0.04779803,0,1
3HFM_HL_Y|NY19K,0.2401111,1.3754631,0,1
3HFM_HL_Y|NY19Q,-0.042485796,0.20284261,0,1
3HFM_HL_Y|NY93A,0.21121821,0.93137735,0,1
3HFM_HL_Y|QL53A,0.9530879,0.5238225,0,1
3HFM_HL_Y|RY21A,0.8618019,1.1059674,0,1
3HFM_HL_Y|RY21E,2.4534352,-1.27796,0,1
3HFM_HL_Y|RY21G,2.4220753,0.6815677,0,1
3HFM_HL_Y|RY21H,2.1693182,-0.3653852,0,1
3HFM_HL_Y|RY21K,1.766342,1.3906072,0,1
3HFM_HL_Y|RY21M,2.0498905,1.0756396,0,1
3HFM_HL_Y|RY21N,2.3282614,-0.2551621,0,1
3HFM_HL_Y|RY21Q,2.3975346,-0.7316574,0,1
3HFM_HL_Y|RY21W,2.132881,0.74181384,0,1
3HFM_HL_Y|RY73A,-0.3313971,0.9093165,0,1
3HFM_HL_Y|SH31A,0.17036153,1.1640409,0,1
3HFM_HL_Y|SY100A,0.26765963,1.2965825,0,1
3HFM_HL_Y|TY89A,0.0,0.7187894,0,1
3HFM_HL_Y|WH98A,4.0,1.8581666,0,1
"3HFM_HL_Y|WH98A,KY96A",4.0,2.8713863,0,1
3HFM_HL_Y|WH98F,3.245562,0.92983484,0,1
"3HFM_HL_Y|WH98F,YY20A",4.0,2.589668,0,1
3HFM_HL_Y|WY63A,0.31918663,1.6871457,0,1
3HFM_HL_Y|YH33A,4.0,2.51174,0,1
"3HFM_HL_Y|YH33A,KY97A",4.0,3.0079389,0,1
3HFM_HL_Y|YH33F,1.0712212,0.76413023,0,1
3HFM_HL_Y|YH33L,2.0069382,0.69963723,0,1
3HFM_HL_Y|YH33W,1.7495645,0.80442554,0,1
3HFM_HL_Y|YH50A,4.0,2.151406,0,1
"3HFM_HL_Y|YH50A,RY21A",4.0,3.2299526,0,1
3HFM_HL_Y|YH50F,1.6099914,0.9608533,0,1
3HFM_HL_Y|YH50L,2.8488367,0.49060404,0,1
3HFM_HL_Y|YH53A,3.25038,0.97650826,0,1
3HFM_HL_Y|YH53F,0.62049925,0.5927861,0,1
3HFM_HL_Y|YH53L,0.8068894,0.40184006,0,1
3HFM_HL_Y|YH53W,0.7061819,0.050917514,0,1
3HFM_HL_Y|YH58A,1.6760437,1.5780568,0,1
3HFM_HL_Y|YH58F,0.36312544,0.9145529,0,1
3HFM_HL_Y|YH58L,1.5136731,0.7910746,0,1
3HFM_HL_Y|YL50A,4.0,0.8359733,0,1
"3HFM_HL_Y|YL50A,KY96A",4.0,2.3240418,0,1
"3HFM_HL_Y|YL50A,KY97A",4.0,1.5743043,0,1
"3HFM_HL_Y|YL50A,RY21A",4.0,2.1848898,0,1
3HFM_HL_Y|YL50F,2.3548672,0.4775333,0,1
"3HFM_HL_Y|YL50F,RY21A",4.0,1.6508654,0,1
"3HFM_HL_Y|YL50F,YY20A",4.0,2.2581685,0,1
3HFM_HL_Y|YL50L,4.0,0.16576838,0,1
3HFM_HL_Y|YL96A,2.707045,1.8362547,0,1
"3HFM_HL_Y|YL96A,RY21A",4.0,3.00399,0,1
3HFM_HL_Y|YL96F,1.4017794,0.91569716,0,1
"3HFM_HL_Y|YL96F,RY21A",4.0,2.1089606,0,1
3HFM_HL_Y|YY20A,4.0,1.870562,0,1
3HFM_HL_Y|YY20F,-0.4839681,0.13386613,0,1
3HFM_HL_Y|YY20L,2.1845057,1.2371128,0,1
3SE9_HL_G|DH77A,-0.7664817,0.56156343,0,1
3SE9_HL_G|EL90A,0.41735974,1.805809,0,1
3SE9_HL_G|FL91A,0.023615688,1.6609954,0,1
3SE9_HL_G|GH106A,-0.3075798,0.827187,0,1
3SE9_HL_G|GH107A,-0.6151596,0.3405255,0,1
3SE9_HL_G|GH109A,0.18514356,1.0639186,0,1
3SE9_HL_G|GH57A,0.4524448,0.7102753,0,1
3SE9_HL_G|GH62A,0.04634,0.79690087,0,1
3SE9_HL_G|GL29A,0.46369976,0.7408753,0,1
3SE9_HL_G|LH34A,0.56599987,1.940808,0,1
3SE9_HL_G|LL89A,0.964243,2.3576322,0,1
3SE9_HL_G|NH60A,1.5217615,2.3627474,0,1
3SE9_HL_G|PH64A,-0.4419396,-0.3071501,0,1
3SE9_HL_G|RH67A,1.4695449,1.3266094,0,1
3SE9_HL_G|RH74A,2.6792572,1.6043686,0,1
3SE9_HL_G|RH76A,-0.2322162,1.2404855,0,1
3SE9_HL_G|TH105A,-0.4419396,0.07329795,0,1
3SE9_HL_G|TH56A,-0.85929936,0.525023,0,1
3SE9_HL_G|VH55A,-0.85929936,0.0023205131,0,1
3SE9_HL_G|VH59A,0.9833596,1.7689549,0,1
3SE9_HL_G|VL3A,-0.49433115,0.3079245,0,1
3SE9_HL_G|WH48A,1.0584464,1.6734161,0,1
3SE9_HL_G|WH51A,1.275695,2.6254232,0,1
3SE9_HL_G|YH104A,0.46369976,1.1963006,0,1
3SE9_HL_G|YL28A,1.1177194,0.69761455,0,1
4U6H_AB_E|NE21A,-0.3480795,1.4751483,0,1
4U6H_AB_E|QE25A,0.11883454,1.3802024,0,1
4ZS6_HL_A|EA156A,3.0386665,0.9967866,0,1
4ZS6_HL_A|YA160A,-0.11025046,1.635307,0,1
1AHW_AB_C|DC167A,-0.4845926,0.9410855,0,2
"1AHW_AB_C|KC138A,DC139A",1.1814722,2.0053155,0,2
"1AHW_AB_C|KC154A,KC155A",-1.329712,3.2077734,0,2
1AHW_AB_C|LC165A,0.9869364,0.7019307,0,2
1AHW_AB_C|NC188A,1.0782224,0.9739949,0,2
"1AHW_AB_C|TC110A,KC111A",0.6388569,0.40800273,0,2
1AHW_AB_C|TC156A,-0.07411996,0.9124427,0,2
1AHW_AB_C|TC159A,1.105771,1.4597359,0,2
1AHW_AB_C|TC186A,1.345882,1.1716752,0,2
1AHW_AB_C|VC187A,-0.31423107,0.3615842,0,2
1AHW_AB_C|YC146A,-1.8890098,0.8755969,0,2
1BJ1_HL_VW|HH101Y,-1.5835956,-1.577502,0,2
"1BJ1_HL_VW|HH101Y,YH103I,GH104A,SH105K",-0.43125325,0.18432233,0,2
"1BJ1_HL_VW|HH101Y,YH103R,GH104N,SH105T",-0.7626503,0.5219112,0,2
"1BJ1_HL_VW|HH101Y,YH103R,SH105T",-1.173123,-0.765278,0,2
1BJ1_HL_VW|HH107A,0.78965265,0.7603474,0,2
"1BJ1_HL_VW|LH72I,TH74K",0.076517485,0.7746175,0,2
"1BJ1_HL_VW|LH72V,TH74V",0.6706598,0.3971159,0,2
"1BJ1_HL_VW|ML4L,TH28D,NH31H,HH101Y,SH105T",-1.52138,-3.2032535,0,2
1BJ1_HL_VW|NH31H,-0.7626503,0.3259068,0,2
1BJ1_HL_VW|SH105T,-0.39039657,-0.46941775,0,2
1BJ1_HL_VW|TH28D,-0.22003505,-0.115364686,0,2
"1BJ1_HL_VW|TH28D,NH31H",-0.6929008,-1.0514421,0,2
"1BJ1_HL_VW|TH28D,NH31H,YH54W,HH101Y,SH105T",-1.2034981,-2.3238013,0,2
1BJ1_HL_VW|TH59A,0.85066694,0.6846005,0,2
1BJ1_HL_VW|YH27A,2.2425284,0.9232225,0,2
1BJ1_HL_VW|YH54A,1.3276595,0.8527266,0,2
1BJ1_HL_VW|YH54W,-0.13726985,-0.043223456,0,2
1BJ1_HL_VW|YH99A,4.0,0.59688854,0,2
1DQJ_AB_C|DB32A,2.0134337,0.5495534,0,2
"1DQJ_AB_C|DB32A,KC97A",1.1223834,1.6286623,0,2
1DQJ_AB_C|DC101A,1.3765504,1.5157263,0,2
1DQJ_AB_C|KC96A,4.0,1.6832528,0,2
1DQJ_AB_C|KC97A,3.5197058,1.2754939,0,2
1DQJ_AB_C|LC75A,1.452407,0.6318812,0,2
1DQJ_AB_C|NA31A,2.0134337,1.6734266,0,2
1DQJ_AB_C|NA32A,4.0,1.9800253,0,2
"1DQJ_AB_C|NA32A,KC96A",4.0,3.2388637,0,2
1DQJ_AB_C|NC93A,0.64987326,0.40673873,0,2
1DQJ_AB_C|RC21A,1.2137709,0.8368317,0,2
1DQJ_AB_C|SA91A,1.4318883,0.70021856,0,2
"1DQJ_AB_C|SA91A,RC21A",3.1707318,1.65993,0,2
"1DQJ_AB_C|SA91A,YC20A",3.573092,2.2630217,0,2
1DQJ_AB_C|SC100A,0.7755829,1.2894211,0,2
1DQJ_AB_C|TC89A,0.84084374,0.48669645,0,2
1DQJ_AB_C|WB98A,4.0,2.3174934,0,2
"1DQJ_AB_C|WB98A,KC97A",4.0,3.7055924,0,2
"1DQJ_AB_C|WB98A,SC100A",4.0,3.5666773,0,2
"1DQJ_AB_C|WB98A,YC20A",4.0,3.7820225,0,2
1DQJ_AB_C|WC62A,0.7580786,0.6457686,0,2
1DQJ_AB_C|WC63A,1.3462692,1.5810962,0,2
1DQJ_AB_C|YA50A,2.678299,1.6829307,0,2
1DQJ_AB_C|YA96A,1.135051,2.0999355,0,2
"1DQJ_AB_C|YA96A,RC21A",3.4851997,2.7028651,0,2
"1DQJ_AB_C|YA96A,SC100A",0.91344726,2.781916,0,2
1DQJ_AB_C|YB33A,4.0,3.2675712,0,2
1DQJ_AB_C|YB50A,4.0,1.9917006,0,2
1DQJ_AB_C|YB53A,1.1802781,0.34020466,0,2
"1DQJ_AB_C|YB53A,DC101A",2.727121,2.2396877,0,2
"1DQJ_AB_C|YB53A,LC75A",1.2168618,1.8998623,0,2
"1DQJ_AB_C|YB53A,WC62A",1.286308,1.6229768,0,2
"1DQJ_AB_C|YB53A,WC63A",2.1992323,3.308724,0,2
1DQJ_AB_C|YC20A,3.2857084,1.0669988,0,2
1XGT_AB_C|LB33A,2.1988916,3.3150628,0,2
1XGT_AB_C|LB33F,-1.8617703,-3.036924,0,2
1XGT_AB_C|LB33I,-0.061315425,0.29345942,0,2
1XGT_AB_C|LB33V,1.0463123,2.295146,0,2
"3BDY_HL_V|DL28N,PL30A,RL31K,SL32T,TL97S,TL98S",-0.9690793,0.0028473735,0,2
"3BDY_HL_V|DL28N,PL30A,RL31K,SL32T,TL97S,TL98S,KH31S,DH32G,TH55S,NH56E,GH101V,DH103V",-2.7154896,-2.4981234,0,2
"3BDY_HL_V|DL28N,PL30A,RL31K,SL32T,TL97S,TL98S,KH31S,DH32G,TH55S,NH56E,GH101V,DH103V,RH51A,RH60A",-2.7728782,-2.6593568,0,2
"3BDY_HL_V|DL28N,PL30A,RL31K,SL32T,YL57F,TL97S,TL98S",-0.97316396,0.0041528493,0,2
"3BDY_HL_V|DL28N,PL30A,RL31K,SL32T,YL57F,TL97S,TL98S,KH31S,DH32G,TH55S,NH56E,GH101V,DH103V",-2.727121,-2.4665837,0,2
3HFM_HL_Y|DH32A,1.8982269,-0.11404851,0,2
"3HFM_HL_Y|DH32A,KY97A",4.0,1.3278961,0,2
"3HFM_HL_Y|DH32A,KY97M",1.1234494,1.502547,0,2
3HFM_HL_Y|DH32N,0.17036153,-0.091613024,0,2
"3HFM_HL_Y|DH32N,KY97A",4.0,1.7004964,0,2
"3HFM_HL_Y|DH32N,KY97M",0.3025042,2.345477,0,2
3HFM_HL_Y|DY101A,1.2081919,1.5266314,0,2
3HFM_HL_Y|DY101E,2.132881,1.1305614,0,2
3HFM_HL_Y|DY101F,2.3282614,1.0641229,0,2
3HFM_HL_Y|DY101G,0.35884774,0.81492823,0,2
3HFM_HL_Y|DY101K,2.1245396,2.9973276,0,2
3HFM_HL_Y|DY101N,1.4911126,1.5647538,0,2
3HFM_HL_Y|DY101Q,2.0851746,0.15306763,0,2
3HFM_HL_Y|DY101R,2.2798727,3.12476,0,2
3HFM_HL_Y|DY101S,1.8694,0.59893155,0,2
3HFM_HL_Y|GY102V,0.395285,1.1124237,0,2
3HFM_HL_Y|HY15A,-0.4453172,0.33816364,0,2
3HFM_HL_Y|IY98A,0.0,-0.07672602,0,2
3HFM_HL_Y|KY96A,4.0,2.1885488,0,2
3HFM_HL_Y|KY96M,4.0,2.344501,0,2
3HFM_HL_Y|KY96R,4.0,0.28955686,0,2
3HFM_HL_Y|KY97A,4.0,1.2626455,0,2
3HFM_HL_Y|KY97D,4.0,0.038806483,0,2
3HFM_HL_Y|KY97E,3.6045077,0.8055871,0,2
3HFM_HL_Y|KY97G,4.0,1.5777707,0,2
3HFM_HL_Y|KY97M,0.9469717,1.7435184,0,2
3HFM_HL_Y|KY97R,3.0528512,-0.71736646,0,2
3HFM_HL_Y|LY75A,0.70445603,0.2829138,0,2
3HFM_HL_Y|NL31A,4.0,2.2445571,0,2
"3HFM_HL_Y|NL31A,KY96A",4.0,5.1026244,0,2
3HFM_HL_Y|NL31D,1.3434845,1.2856607,0,2
3HFM_HL_Y|NL31E,4.0,1.0267645,0,2
3HFM_HL_Y|NL32A,4.0,1.2608707,0,2
3HFM_HL_Y|NY19D,0.41047263,-0.49812698,0,2
3HFM_HL_Y|NY19K,0.2401111,-0.05756341,0,2
3HFM_HL_Y|NY19Q,-0.042485796,-0.36230665,0,2
3HFM_HL_Y|NY93A,0.21121821,0.55369866,0,2
3HFM_HL_Y|QL53A,0.9530879,0.33058128,0,2
3HFM_HL_Y|RY21A,0.8618019,1.4365785,0,2
3HFM_HL_Y|RY21E,2.4534352,-1.1795566,0,2
3HFM_HL_Y|RY21G,2.4220753,0.21237421,0,2
3HFM_HL_Y|RY21H,2.1693182,0.032409985,0,2
3HFM_HL_Y|RY21K,1.766342,0.31281525,0,2
3HFM_HL_Y|RY21M,2.0498905,1.7952776,0,2
3HFM_HL_Y|RY21N,2.3282614,0.84955806,0,2
3HFM_HL_Y|RY21Q,2.3975346,-0.09148276,0,2
3HFM_HL_Y|RY21W,2.132881,0.5721723,0,2
3HFM_HL_Y|RY73A,-0.3313971,0.82691157,0,2
3HFM_HL_Y|SH31A,0.17036153,0.55357313,0,2
3HFM_HL_Y|SY100A,0.26765963,1.1057868,0,2
3HFM_HL_Y|TY89A,0.0,0.70155597,0,2
3HFM_HL_Y|WH98A,4.0,2.5379193,0,2
"3HFM_HL_Y|WH98A,KY96A",4.0,5.407681,0,2
3HFM_HL_Y|WH98F,3.245562,0.9711922,0,2
"3HFM_HL_Y|WH98F,YY20A",4.0,3.2844489,0,2
3HFM_HL_Y|WY63A,0.31918663,1.6042652,0,2
3HFM_HL_Y|YH33A,4.0,2.8330905,0,2
"3HFM_HL_Y|YH33A,KY97A",4.0,4.036793,0,2
3HFM_HL_Y|YH33F,1.0712212,-0.64903736,0,2
3HFM_HL_Y|YH33L,2.0069382,0.80983007,0,2
3HFM_HL_Y|YH33W,1.7495645,1.3755586,0,2
3HFM_HL_Y|YH50A,4.0,1.7922773,0,2
"3HFM_HL_Y|YH50A,RY21A",4.0,2.848848,0,2
3HFM_HL_Y|YH50F,1.6099914,-0.17220464,0,2
3HFM_HL_Y|YH50L,2.8488367,0.12489886,0,2
3HFM_HL_Y|YH53A,3.25038,0.78925025,0,2
3HFM_HL_Y|YH53F,0.62049925,0.61858726,0,2
3HFM_HL_Y|YH53L,0.8068894,0.7993842,0,2
3HFM_HL_Y|YH53W,0.7061819,0.06714115,0,2
3HFM_HL_Y|YH58A,1.6760437,0.7188985,0,2
3HFM_HL_Y|YH58F,0.36312544,0.29336393,0,2
3HFM_HL_Y|YH58L,1.5136731,0.08198813,0,2
3HFM_HL_Y|YL50A,4.0,0.68368,0,2
"3HFM_HL_Y|YL50A,KY96A",4.0,3.9553823,0,2
"3HFM_HL_Y|YL50A,KY97A",4.0,2.6502118,0,2
"3HFM_HL_Y|YL50A,RY21A",4.0,2.649685,0,2
3HFM_HL_Y|YL50F,2.3548672,0.10888908,0,2
"3HFM_HL_Y|YL50F,RY21A",4.0,2.7590632,0,2
"3HFM_HL_Y|YL50F,YY20A",4.0,2.9032786,0,2
3HFM_HL_Y|YL50L,4.0,-0.028140314,0,2
3HFM_HL_Y|YL96A,2.707045,2.028738,0,2
"3HFM_HL_Y|YL96A,RY21A",4.0,3.0929317,0,2
3HFM_HL_Y|YL96F,1.4017794,0.119629435,0,2
"3HFM_HL_Y|YL96F,RY21A",4.0,2.4080415,0,2
3HFM_HL_Y|YY20A,4.0,1.4143937,0,2
3HFM_HL_Y|YY20F,-0.4839681,0.34763494,0,2
3HFM_HL_Y|YY20L,2.1845057,1.5602853,0,2
3SE9_HL_G|DH77A,-0.7664817,0.5556319,0,2
3SE9_HL_G|EL90A,0.41735974,1.153925,0,2
3SE9_HL_G|FL91A,0.023615688,0.8075942,0,2
3SE9_HL_G|GH106A,-0.3075798,0.4469399,0,2
3SE9_HL_G|GH107A,-0.6151596,0.060864963,0,2
3SE9_HL_G|GH109A,0.18514356,0.31652603,0,2
3SE9_HL_G|GH57A,0.4524448,0.4808839,0,2
3SE9_HL_G|GH62A,0.04634,0.5943962,0,2
3SE9_HL_G|GL29A,0.46369976,0.104013585,0,2
3SE9_HL_G|LH34A,0.56599987,1.8812416,0,2
3SE9_HL_G|LL89A,0.964243,1.3179913,0,2
3SE9_HL_G|NH60A,1.5217615,2.3559737,0,2
3SE9_HL_G|PH64A,-0.4419396,-0.0049916655,0,2
3SE9_HL_G|RH67A,1.4695449,0.674323,0,2
3SE9_HL_G|RH74A,2.6792572,2.0152822,0,2
3SE9_HL_G|RH76A,-0.2322162,1.0748427,0,2
3SE9_HL_G|TH105A,-0.4419396,-0.48543215,0,2
3SE9_HL_G|TH56A,-0.85929936,0.45413923,0,2
3SE9_HL_G|VH55A,-0.85929936,0.13620363,0,2
3SE9_HL_G|VH59A,0.9833596,2.3192198,0,2
3SE9_HL_G|VL3A,-0.49433115,-0.12562667,0,2
3SE9_HL_G|WH48A,1.0584464,1.7538762,0,2
3SE9_HL_G|WH51A,1.275695,2.8036368,0,2
3SE9_HL_G|YH104A,0.46369976,1.308517,0,2
3SE9_HL_G|YL28A,1.1177194,0.9654729,0,2
4U6H_AB_E|NE21A,-0.3480795,1.7380874,0,2
4U6H_AB_E|QE25A,0.11883454,0.7829092,0,2
4ZS6_HL_A|EA156A,3.0386665,0.073030956,0,2
4ZS6_HL_A|YA160A,-0.11025046,0.8938187,0,2
1KIP_AB_C|AB32Y,-0.8005932,-1.4796989,1,0
1XGU_AB_C|FB33A,4.0,2.5602612,1,0
1XGU_AB_C|FB33I,1.8004549,1.3857244,1,0
1XGU_AB_C|FB33L,1.8617703,1.5699308,1,0
1XGU_AB_C|FB33V,2.9080825,2.217029,1,0
2B2X_HL_A|EH64K,-0.033433665,0.069823295,1,0
"2B2X_HL_A|EH64K,QL28S,YL52N",0.911615,0.86545867,1,0
"2B2X_HL_A|EH64K,QL28S,YL52N,GH102S",2.7106705,0.9256946,1,0
"2B2X_HL_A|EH64K,QL28S,YL52N,SH35A",3.119054,0.83868,1,0
"2B2X_HL_A|EH64K,QL28S,YL52N,SH35V",3.770335,0.91549516,1,0
"2B2X_HL_A|EH64K,YL52N",0.34853002,0.64620024,1,0
"2B2X_HL_A|QL28S,YL52N",0.8626942,0.42075315,1,0
2B2X_HL_A|VH50T,0.024054652,-1.5070096,1,0
"2B2X_HL_A|VH50T,EH64D,QL28S,YL52N",0.87177193,1.2536277,1,0
"2B2X_HL_A|VH50T,EH64K,QL28S",0.991589,0.8189813,1,0
"2B2X_HL_A|VH50T,EH64K,QL28S,YL52D",1.5439764,1.2654891,1,0
"2B2X_HL_A|VH50T,EH64K,QL28S,YL52E",0.95452905,1.3589263,1,0
"2B2X_HL_A|VH50T,EH64K,QL28S,YL52K",1.7007239,1.2825979,1,0
"2B2X_HL_A|VH50T,EH64K,QL28S,YL52N",1.043214,1.4128188,1,0
"2B2X_HL_A|VH50T,EH64K,QL28S,YL52N,FH99W",1.043214,1.4987231,1,0
"2B2X_HL_A|VH50T,EH64K,QL28S,YL52N,FH99Y",1.7978828,1.4356874,1,0
"2B2X_HL_A|VH50T,EH64K,QL28S,YL52N,GH100F",1.4322319,1.1110715,1,0
"2B2X_HL_A|VH50T,EH64K,QL28S,YL52N,GH100L",3.770335,1.3316877,1,0
"2B2X_HL_A|VH50T,EH64K,QL28S,YL52N,GH100M",1.145348,1.4266704,1,0
"2B2X_HL_A|VH50T,EH64K,QL28S,YL52N,GH100S",1.6009614,1.3622277,1,0
"2B2X_HL_A|VH50T,EH64K,QL28S,YL52N,GH53A",1.5558206,0.8387308,1,0
"2B2X_HL_A|VH50T,EH64K,QL28S,YL52N,GH53N",2.2985272,1.60991,1,0
"2B2X_HL_A|VH50T,EH64K,QL28S,YL52N,GH53S",1.7188073,1.3212359,1,0
"2B2X_HL_A|VH50T,EH64K,QL28S,YL52N,GH54I",2.4067745,1.5205401,1,0
"2B2X_HL_A|VH50T,EH64K,QL28S,YL52N,GH54T",2.2073808,1.7421925,1,0
"2B2X_HL_A|VH50T,EH64K,QL28S,YL52N,GH54Y",1.043214,1.545991,1,0
"2B2X_HL_A|VH50T,EH64K,QL28S,YL52N,GL92Q",2.6158988,1.9160666,1,0
"2B2X_HL_A|VH50T,EH64K,QL28S,YL52N,GL92S",1.5558206,1.6686654,1,0
"2B2X_HL_A|VH50T,EH64K,QL28S,YL52N,HL31K",2.2073808,1.48366,1,0
"2B2X_HL_A|VH50T,EH64K,QL28S,YL52N,HL31R",2.1670115,1.4712199,1,0
"2B2X_HL_A|VH50T,EH64K,QL28S,YL52N,HL31W",2.2985272,1.4552388,1,0
"2B2X_HL_A|VH50T,EH64K,QL28S,YL52N,LH60D",0.981894,1.2572963,1,0
"2B2X_HL_A|VH50T,EH64K,QL28S,YL52N,LL49F",1.7554936,1.3476895,1,0
"2B2X_HL_A|VH50T,EH64K,QL28S,YL52N,LL49K",1.9044149,1.4878516,1,0
"2B2X_HL_A|VH50T,EH64K,QL28S,YL52N,LL49W",2.9507816,1.4702852,1,0
"2B2X_HL_A|VH50T,EH64K,QL28S,YL52N,NL30V",2.0925434,0.71290797,1,0
"2B2X_HL_A|VH50T,EH64K,QL28S,YL52N,NL30W",2.6158988,1.2220227,1,0
"2B2X_HL_A|VH50T,EH64K,QL28S,YL52N,NL30Y",2.9507816,1.0692114,1,0
"2B2X_HL_A|VH50T,EH64K,QL28S,YL52N,NL30Y,SL91I",1.4775821,1.2172933,1,0
"2B2X_HL_A|VH50T,EH64K,QL28S,YL52N,RH31Q",2.350542,1.617947,1,0
"2B2X_HL_A|VH50T,EH64K,QL28S,YL52N,SH35A",2.6158988,1.4313098,1,0
"2B2X_HL_A|VH50T,EH64K,QL28S,YL52N,SH35A,GH102S",2.6158988,1.2339112,1,0
"2B2X_HL_A|VH50T,EH64K,QL28S,YL52N,SH35Q",3.770335,1.8678199,1,0
"2B2X_HL_A|VH50T,EH64K,QL28S,YL52N,SH35V,GH102S",2.4688888,1.6635563,1,0
"2B2X_HL_A|VH50T,EH64K,QL28S,YL52N,SH52M",3.119054,1.8991286,1,0
"2B2X_HL_A|VH50T,EH64K,QL28S,YL52N,SL24R",0.82788163,1.6767597,1,0
"2B2X_HL_A|VH50T,EH64K,QL28S,YL52N,SL91Q",2.8172472,1.8166673,1,0
"2B2X_HL_A|VH50T,EH64K,QL28S,YL52N,SL91R",3.770335,1.7542713,1,0
"2B2X_HL_A|VH50T,EH64K,QL28S,YL52N,SL91R,NL30E",3.770335,1.5697243,1,0
"2B2X_HL_A|VH50T,EH64K,QL28S,YL52N,SL91T",3.3598623,1.6778957,1,0
"2B2X_HL_A|VH50T,EH64K,QL28S,YL52N,TH33E,GH53Q",2.7106705,1.660109,1,0
"2B2X_HL_A|VH50T,EH64K,QL28S,YL52N,TH33I,SH52T,GH53N,GH54N",2.9507816,1.8547293,1,0
"2B2X_HL_A|VH50T,EH64K,QL28S,YL52N,TH33I,SH52T,GH53Q,GH54F",2.2985272,1.9009199,1,0
"2B2X_HL_A|VH50T,EH64K,QL28S,YL52N,TH33N",3.770335,1.6138879,1,0
"2B2X_HL_A|VH50T,EH64K,QL28S,YL52N,TH33V",1.4775821,1.1000644,1,0
"2B2X_HL_A|VH50T,EH64K,QL28S,YL52N,WL90Q",3.119054,1.8372731,1,0
"2B2X_HL_A|VH50T,EH64K,QL28S,YL52N,WL90Q,FL33Y",1.914233,1.7735913,1,0
"2B2X_HL_A|VH50T,EH64K,QL28S,YL52N,YH58E",3.119054,1.6545471,1,0
"2B2X_HL_A|VH50T,EH64K,QL28S,YL52N,YH58Q",3.119054,1.6821597,1,0
"2B2X_HL_A|VH50T,EH64K,QL28S,YL52N,YH58W",1.8641591,1.3144633,1,0
"2B2X_HL_A|VH50T,EH64K,QL28S,YL52N,YH59E",1.5872209,1.6530609,1,0
"2B2X_HL_A|VH50T,EH64K,QL28S,YL52R",1.8880546,1.1994479,1,0
"2B2X_HL_A|VH50T,EH64K,YL52N",0.28173435,1.1114339,1,0
"2B2X_HL_A|VH50T,EH64N,QL28S,YL52N",1.0069425,1.4547617,1,0
"2B2X_HL_A|VH50T,EH64Q,QL28S,YL52N",0.96559924,1.4472656,1,0
"2B2X_HL_A|VH50T,EH64Q,QL28S,YL52N,LH60D",1.0862032,1.3116274,1,0
"2B2X_HL_A|VH50T,QL28S,YL52N",0.96559924,0.9987773,1,0
"2B2X_HL_A|VH50T,QL28S,YL52N,LH60D",0.90141344,0.97075695,1,0
"2B2X_HL_A|VH50T,YL52N",0.18636756,0.56749815,1,0
2B2X_HL_A|YL52E,-0.22410508,0.17578065,1,0
2VIR_AB_C|SC115L,3.680209,1.4509509,1,0
2VIR_AB_C|TC89I,4.0,3.6572874,1,0
"3G6D_LH_A|EL3V,GL76R,TL77V,QL78E,EL80G",0.13981691,-1.0743524,1,0
"3G6D_LH_A|EL3V,GL76R,TL77V,QL78E,EL80G,DH54N",0.111178115,-0.65980524,1,0
"3G6D_LH_A|EL3V,GL76R,TL77V,QL78E,EL80G,TL89S,ML92I,VL93D,TL94K",0.27145106,-2.0802884,1,0
3G6D_LH_A|HH104A,-0.9530879,1.4315587,1,0
"3G6D_LH_A|KH210T,KH215T",-0.13294782,0.3506754,1,0
"3G6D_LH_A|TL89S,ML92I,VL93D,TL94K",0.7979767,-0.8157988,1,0
3G6D_LH_A|WH105A,-1.4965084,2.0877748,1,0
"3IDX_HL_G|CG27I,CG242Q",-2.4650376,0.4505044,1,0
"3IDX_HL_G|CG27I,CG242Q,MG247A",-2.1736174,0.4019853,1,0
"3IDX_HL_G|KG85C,EG121C,CG27I,CG242Q",-2.3776865,0.17273182,1,0
"3IDX_HL_G|KG85C,EG121C,WG13M,MG247A,CG14W,CG129V,CG27I,CG242Q",-2.1922898,0.25382355,1,0
"3IDX_HL_G|KG85C,EG122C,WG13M,MG247A,CG14W,CG129V,CG27I,CG242Q",-2.2927184,0.18549922,1,0
"3IDX_HL_G|TG41C,GG245C,MG247A",0.40945426,0.30354008,1,0
"3IDX_HL_G|TG41C,GG245C,WG13M,MG247A,CG14W,CG129V,CG27I,CG242Q",-2.3310676,0.42754373,1,0
"3IDX_HL_G|WG13M,MG247A,CG14W,CG129V",-0.6475391,0.5237152,1,0
"3IDX_HL_G|WG13M,MG247A,CG14W,CG129V,CG27I,CG242Q",-2.3479884,0.44567692,1,0
"3IDX_HL_G|WG13M,MG247A,CG14W,CG129V,KG85C,EG121C",-0.36166522,0.20950904,1,0
"3IDX_HL_G|WG13M,SG111T,WG200S,MG247A,CG14W,CG129V,CG27I,CG242Q",-1.8639641,0.41912428,1,0
"3L5X_A_HL|EL93F,YL94G",-0.42800838,-0.08902017,1,0
"3L5X_A_HL|EL93H,YL94G",-0.7626503,0.09557335,1,0
"3L5X_A_HL|HL91P,NL92I,EL93D,YL94A",-0.6466697,0.7801543,1,0
"3L5X_A_HL|HL91P,NL92L,EL93D,YL94S",-0.6327897,0.5641953,1,0
"3L5X_A_HL|HL91P,NL92L,EL93D,YL94T",-0.81005055,0.9980771,1,0
"3L5X_A_HL|HL91P,NL92L,EL93D,YL94V",-0.85822237,0.56080145,1,0
"3L5X_A_HL|HL91P,NL92L,YL94A",-0.44441348,0.90734845,1,0
"3L5X_A_HL|HL91Q,NL92D,EL93I,YL94G",-1.5503801,-0.43593273,1,0
"3L5X_A_HL|HL91Q,NL92D,EL93L,YL94G",-1.785132,-0.5861913,1,0
"3L5X_A_HL|HL91Q,NL92D,EL93Y,YL94G",-1.451453,-0.9312646,1,0
"3L5X_A_HL|NL92D,EL93L,YL94G",-0.42962858,-0.44466522,1,0
"3L5X_A_HL|NL92D,EL93N,YL94S",-0.53403836,0.41055772,1,0
"3L5X_A_HL|NL92D,EL93P,YL94G",-1.4699602,1.043245,1,0
"3L5X_A_HL|NL92D,EL93R,YL94D",-0.52253926,-0.22966003,1,0
"3L5X_A_HL|NL92D,EL93W,YL94E",-1.1963489,-1.0176,1,0
"3L5X_A_HL|NL92D,EL93W,YL94G",-1.6825228,-0.90551835,1,0
"3L5X_A_HL|NL92D,EL93W,YL94S",-0.71612674,-0.62326837,1,0
"3L5X_A_HL|NL92D,EL93Y,YL94A",-0.8069743,-0.797495,1,0
"3L5X_A_HL|NL92E,EL93S,YL94G",-1.2653587,-0.9947987,1,0
"3L5X_A_HL|NL92E,EL93W,YL94G",-1.5503801,-1.3288562,1,0
"3L5X_A_HL|NL92F,EL93W,YL94G",-1.2329907,-1.1394624,1,0
"3L5X_A_HL|NL92L,EL93D,YL94S",-0.6170473,-0.57749254,1,0
"3L5X_A_HL|NL92L,EL93L,YL94G",-0.6259698,-0.73035586,1,0
"3L5X_A_HL|NL92L,EL93M,YL94G",-0.82567644,-0.7349469,1,0
"3L5X_A_HL|NL92L,EL93N,YL94G",-0.6954369,-0.5155046,1,0
"3L5X_A_HL|NL92S,EL93H,YL94G",-1.2457265,-0.69139373,1,0
"3L5X_A_HL|NL92S,EL93I,YL94G",-0.8069743,-0.5471704,1,0
"3L5X_A_HL|NL92S,EL93S,YL94G",-0.24921271,-0.7997413,1,0
"3L5X_A_HL|NL92S,EL93V,YL94G",-0.51687235,-0.8672294,1,0
"3L5X_A_HL|NL92S,EL93W,YL94A",-0.30302802,-0.9404307,1,0
"3L5X_A_HL|NL92S,EL93W,YL94G",-1.2720501,-0.98864716,1,0
"3L5X_A_HL|NL92S,EL93Y,YL94G",-0.9641868,-0.91290766,1,0
"3L5X_A_HL|NL92V,EL93G,YL94G",-0.46300006,-1.1694123,1,0
"3L5X_A_HL|NL92V,EL93W,YL94G",-0.83525383,-1.1143008,1,0
3L5X_A_HL|YL94A,-0.82885176,1.0699164,1,0
3N85_A_LH|SH32A,-0.13401966,1.7661618,1,0
3N85_A_LH|SH32Y,0.0571225,-0.43566033,1,0
3N85_A_LH|SH50G,0.48767117,-0.54114634,1,0
3N85_A_LH|SH52Y,-0.78460336,-0.8720023,1,0
3N85_A_LH|WH100F,-0.015185109,1.1201779,1,0
3N85_A_LH|WH30K,-0.78460336,1.5222709,1,0
3N85_A_LH|WH30R,-0.5539675,-0.17478743,1,0
3N85_A_LH|WL91F,0.13959166,1.2651075,1,0
3N85_A_LH|WL94Y,-0.03871881,-0.32045487,1,0
3SE8_HL_G|DH110A,-0.38934898,0.39423245,1,0
3SE8_HL_G|DH114A,-0.2441398,1.0450386,1,0
3SE8_HL_G|DL49A,0.8558488,3.0477622,1,0
3SE8_HL_G|EL1A,-0.5565174,0.43885437,1,0
3SE8_HL_G|EL91A,1.513491,2.5210478,1,0
3SE8_HL_G|FH115A,1.0676043,1.4597787,1,0
3SE8_HL_G|FL90A,-0.8640972,2.2193682,1,0
3SE8_HL_G|FL92A,0.8323254,1.2829401,1,0
3SE8_HL_G|GH56A,0.3570972,0.8205544,1,0
3SE8_HL_G|KH52A,1.1114144,0.974943,1,0
3SE8_HL_G|LH54A,0.054776184,0.46058688,1,0
3SE8_HL_G|NL30A,0.19434923,0.29307094,1,0
3SE8_HL_G|PH78A,0.01881787,-0.43675402,1,0
3SE8_HL_G|PH81A,-0.07091986,-0.16699564,1,0
3SE8_HL_G|QH63A,1.1144251,-0.19862169,1,0
3SE8_HL_G|QH65A,0.54980505,1.1358795,1,0
3SE8_HL_G|QH76A,0.09689985,0.61014,1,0
3SE8_HL_G|QL27A,-0.21612903,0.28071094,1,0
3SE8_HL_G|RH30A,-0.03949762,0.2133142,1,0
3SE8_HL_G|RH62A,1.2061691,0.5329382,1,0
3SE8_HL_G|RH72A,2.6444623,1.8880353,1,0
3SE8_HL_G|SH59A,1.1508402,0.90753937,1,0
3SE8_HL_G|VH58A,1.2496852,0.34327546,1,0
3SE8_HL_G|WH47A,1.4751467,3.0717978,1,0
3SE8_HL_G|WH50A,1.333526,3.2194602,1,0
3SE8_HL_G|WH55A,0.7611056,0.9763363,1,0
3SE8_HL_G|YH111A,0.82992166,1.3907522,1,0
3SE8_HL_G|YH60A,0.8558488,1.278776,1,0
4KRL_A_B|DB112A,0.6496817,2.8078666,1,0
5C6T_HL_A|EA194A,1.0906719,1.6488602,1,0
5C6T_HL_A|FA192A,1.9972014,1.9074072,1,0
5C6T_HL_A|FA199A,2.7581792,2.043106,1,0
5C6T_HL_A|FA200A,0.41047263,1.5553157,1,0
5C6T_HL_A|FH99A,1.4600298,0.75801224,1,0
5C6T_HL_A|IA201A,0.88561165,0.36383572,1,0
5C6T_HL_A|NA183A,0.28399685,0.43508375,1,0
5C6T_HL_A|NA186A,0.3630724,-0.193647,1,0
5C6T_HL_A|NA188A,-0.36658686,0.71526456,1,0
"5C6T_HL_A|NA195A,DA197A",0.58650106,1.375779,1,0
5C6T_HL_A|NH97A,1.5258962,0.8453521,1,0
5C6T_HL_A|RH31S,0.3115454,-0.046140246,1,0
5C6T_HL_A|RL48A,0.1229613,3.3619108,1,0
5C6T_HL_A|SH32A,-0.8683455,1.2097763,1,0
5C6T_HL_A|TA185A,0.33786914,0.74444896,1,0
5C6T_HL_A|YA182A,3.2083547,1.1872965,1,0
"5C6T_HL_A|YA182A,NA195A,DA197A",2.942425,1.7601255,1,0
5C6T_HL_A|YH104A,0.3630724,3.2449408,1,0
5C6T_HL_A|YH98A,1.7166799,2.4456494,1,0
5C6T_HL_A|YL47A,0.5516565,3.7343318,1,0
1KIP_AB_C|AB32Y,-0.8005932,-1.7047753,1,1
1XGU_AB_C|FB33A,4.0,2.866195,1,1
1XGU_AB_C|FB33I,1.8004549,1.6594654,1,1
1XGU_AB_C|FB33L,1.8617703,0.97179484,1,1
1XGU_AB_C|FB33V,2.9080825,2.1583815,1,1
2B2X_HL_A|EH64K,-0.033433665,0.6618737,1,1
"2B2X_HL_A|EH64K,QL28S,YL52N",0.911615,0.81713337,1,1
"2B2X_HL_A|EH64K,QL28S,YL52N,GH102S",2.7106705,1.3289312,1,1
"2B2X_HL_A|EH64K,QL28S,YL52N,SH35A",3.119054,1.1995863,1,1
"2B2X_HL_A|EH64K,QL28S,YL52N,SH35V",3.770335,1.2071333,1,1
"2B2X_HL_A|EH64K,YL52N",0.34853002,0.9469863,1,1
"2B2X_HL_A|QL28S,YL52N",0.8626942,-0.1680633,1,1
2B2X_HL_A|VH50T,0.024054652,-0.32823598,1,1
"2B2X_HL_A|VH50T,EH64D,QL28S,YL52N",0.87177193,0.80517304,1,1
"2B2X_HL_A|VH50T,EH64K,QL28S",0.991589,0.9809654,1,1
"2B2X_HL_A|VH50T,EH64K,QL28S,YL52D",1.5439764,1.2977334,1,1
"2B2X_HL_A|VH50T,EH64K,QL28S,YL52E",0.95452905,1.2946827,1,1
"2B2X_HL_A|VH50T,EH64K,QL28S,YL52K",1.7007239,1.746802,1,1
"2B2X_HL_A|VH50T,EH64K,QL28S,YL52N",1.043214,1.3151524,1,1
"2B2X_HL_A|VH50T,EH64K,QL28S,YL52N,FH99W",1.043214,1.1994553,1,1
"2B2X_HL_A|VH50T,EH64K,QL28S,YL52N,FH99Y",1.7978828,1.1393778,1,1
"2B2X_HL_A|VH50T,EH64K,QL28S,YL52N,GH100F",1.4322319,0.93361014,1,1
"2B2X_HL_A|VH50T,EH64K,QL28S,YL52N,GH100L",3.770335,1.3094298,1,1
"2B2X_HL_A|VH50T,EH64K,QL28S,YL52N,GH100M",1.145348,1.3319414,1,1
"2B2X_HL_A|VH50T,EH64K,QL28S,YL52N,GH100S",1.6009614,1.2468854,1,1
"2B2X_HL_A|VH50T,EH64K,QL28S,YL52N,GH53A",1.5558206,1.089839,1,1
"2B2X_HL_A|VH50T,EH64K,QL28S,YL52N,GH53N",2.2985272,1.8596956,1,1
"2B2X_HL_A|VH50T,EH64K,QL28S,YL52N,GH53S",1.7188073,1.5584773,1,1
"2B2X_HL_A|VH50T,EH64K,QL28S,YL52N,GH54I",2.4067745,1.4380006,1,1
"2B2X_HL_A|VH50T,EH64K,QL28S,YL52N,GH54T",2.2073808,1.7616603,1,1
"2B2X_HL_A|VH50T,EH64K,QL28S,YL52N,GH54Y",1.043214,1.5278404,1,1
"2B2X_HL_A|VH50T,EH64K,QL28S,YL52N,GL92Q",2.6158988,2.1396408,1,1
"2B2X_HL_A|VH50T,EH64K,QL28S,YL52N,GL92S",1.5558206,1.5791498,1,1
"2B2X_HL_A|VH50T,EH64K,QL28S,YL52N,HL31K",2.2073808,1.7369293,1,1
"2B2X_HL_A|VH50T,EH64K,QL28S,YL52N,HL31R",2.1670115,1.3874661,1,1
"2B2X_HL_A|VH50T,EH64K,QL28S,YL52N,HL31W",2.2985272,1.2815086,1,1
"2B2X_HL_A|VH50T,EH64K,QL28S,YL52N,LH60D",0.981894,1.3918177,1,1
"2B2X_HL_A|VH50T,EH64K,QL28S,YL52N,LL49F",1.7554936,1.5499071,1,1
"2B2X_HL_A|VH50T,EH64K,QL28S,YL52N,LL49K",1.9044149,2.1974285,1,1
"2B2X_HL_A|VH50T,EH64K,QL28S,YL52N,LL49W",2.9507816,1.710792,1,1
"2B2X_HL_A|VH50T,EH64K,QL28S,YL52N,NL30V",2.0925434,0.971528,1,1
"2B2X_HL_A|VH50T,EH64K,QL28S,YL52N,NL30W",2.6158988,1.7520698,1,1
"2B2X_HL_A|VH50T,EH64K,QL28S,YL52N,NL30Y",2.9507816,1.4969171,1,1
"2B2X_HL_A|VH50T,EH64K,QL28S,YL52N,NL30Y,SL91I",1.4775821,1.8671784,1,1
"2B2X_HL_A|VH50T,EH64K,QL28S,YL52N,RH31Q",2.350542,1.7116078,1,1
"2B2X_HL_A|VH50T,EH64K,QL28S,YL52N,SH35A",2.6158988,1.8063763,1,1
"2B2X_HL_A|VH50T,EH64K,QL28S,YL52N,SH35A,GH102S",2.6158988,2.0977921,1,1
"2B2X_HL_A|VH50T,EH64K,QL28S,YL52N,SH35Q",3.770335,2.2438715,1,1
"2B2X_HL_A|VH50T,EH64K,QL28S,YL52N,SH35V,GH102S",2.4688888,2.3737352,1,1
"2B2X_HL_A|VH50T,EH64K,QL28S,YL52N,SH52M",3.119054,2.0234063,1,1
"2B2X_HL_A|VH50T,EH64K,QL28S,YL52N,SL24R",0.82788163,1.7284346,1,1
"2B2X_HL_A|VH50T,EH64K,QL28S,YL52N,SL91Q",2.8172472,2.1677632,1,1
"2B2X_HL_A|VH50T,EH64K,QL28S,YL52N,SL91R",3.770335,2.0384011,1,1
"2B2X_HL_A|VH50T,EH64K,QL28S,YL52N,SL91R,NL30E",3.770335,2.2452686,1,1
"2B2X_HL_A|VH50T,EH64K,QL28S,YL52N,SL91T",3.3598623,1.6877954,1,1
"2B2X_HL_A|VH50T,EH64K,QL28S,YL52N,TH33E,GH53Q",2.7106705,2.6740437,1,1
"2B2X_HL_A|VH50T,EH64K,QL28S,YL52N,TH33I,SH52T,GH53N,GH54N",2.9507816,2.48489,1,1
"2B2X_HL_A|VH50T,EH64K,QL28S,YL52N,TH33I,SH52T,GH53Q,GH54F",2.2985272,3.386202,1,1
"2B2X_HL_A|VH50T,EH64K,QL28S,YL52N,TH33N",3.770335,1.8555096,1,1
"2B2X_HL_A|VH50T,EH64K,QL28S,YL52N,TH33V",1.4775821,1.1340106,1,1
"2B2X_HL_A|VH50T,EH64K,QL28S,YL52N,WL90Q",3.119054,2.231839,1,1
"2B2X_HL_A|VH50T,EH64K,QL28S,YL52N,WL90Q,FL33Y",1.914233,2.1972866,1,1
"2B2X_HL_A|VH50T,EH64K,QL28S,YL52N,YH58E",3.119054,1.9234939,1,1
"2B2X_HL_A|VH50T,EH64K,QL28S,YL52N,YH58Q",3.119054,2.4844463,1,1
"2B2X_HL_A|VH50T,EH64K,QL28S,YL52N,YH58W",1.8641591,1.5211567,1,1
"2B2X_HL_A|VH50T,EH64K,QL28S,YL52N,YH59E",1.5872209,1.9470848,1,1
"2B2X_HL_A|VH50T,EH64K,QL28S,YL52R",1.8880546,1.3745874,1,1
"2B2X_HL_A|VH50T,EH64K,YL52N",0.28173435,1.2868991,1,1
"2B2X_HL_A|VH50T,EH64N,QL28S,YL52N",1.0069425,1.0068629,1,1
"2B2X_HL_A|VH50T,EH64Q,QL28S,YL52N",0.96559924,1.0810156,1,1
"2B2X_HL_A|VH50T,EH64Q,QL28S,YL52N,LH60D",1.0862032,1.1783148,1,1
"2B2X_HL_A|VH50T,QL28S,YL52N",0.96559924,0.49120188,1,1
"2B2X_HL_A|VH50T,QL28S,YL52N,LH60D",0.90141344,0.47127813,1,1
"2B2X_HL_A|VH50T,YL52N",0.18636756,0.57287425,1,1
2B2X_HL_A|YL52E,-0.22410508,0.123202875,1,1
2VIR_AB_C|SC115L,3.680209,1.8659453,1,1
2VIR_AB_C|TC89I,4.0,2.2406888,1,1
"3G6D_LH_A|EL3V,GL76R,TL77V,QL78E,EL80G",0.13981691,-0.23066042,1,1
"3G6D_LH_A|EL3V,GL76R,TL77V,QL78E,EL80G,DH54N",0.111178115,-0.015489593,1,1
"3G6D_LH_A|EL3V,GL76R,TL77V,QL78E,EL80G,TL89S,ML92I,VL93D,TL94K",0.27145106,-0.6900621,1,1
3G6D_LH_A|HH104A,-0.9530879,0.85520065,1,1
"3G6D_LH_A|KH210T,KH215T",-0.13294782,0.013300836,1,1
"3G6D_LH_A|TL89S,ML92I,VL93D,TL94K",0.7979767,-0.56420225,1,1
3G6D_LH_A|WH105A,-1.4965084,2.7918046,1,1
"3IDX_HL_G|CG27I,CG242Q",-2.4650376,0.07117413,1,1
"3IDX_HL_G|CG27I,CG242Q,MG247A",-2.1736174,0.18212919,1,1
"3IDX_HL_G|KG85C,EG121C,CG27I,CG242Q",-2.3776865,0.5212813,1,1
"3IDX_HL_G|KG85C,EG121C,WG13M,MG247A,CG14W,CG129V,CG27I,CG242Q",-2.1922898,0.34969467,1,1
"3IDX_HL_G|KG85C,EG122C,WG13M,MG247A,CG14W,CG129V,CG27I,CG242Q",-2.2927184,0.2418035,1,1
"3IDX_HL_G|TG41C,GG245C,MG247A",0.40945426,-0.018164858,1,1
"3IDX_HL_G|TG41C,GG245C,WG13M,MG247A,CG14W,CG129V,CG27I,CG242Q",-2.3310676,0.33250678,1,1
"3IDX_HL_G|WG13M,MG247A,CG14W,CG129V",-0.6475391,0.27475452,1,1
"3IDX_HL_G|WG13M,MG247A,CG14W,CG129V,CG27I,CG242Q",-2.3479884,0.40698612,1,1
"3IDX_HL_G|WG13M,MG247A,CG14W,CG129V,KG85C,EG121C",-0.36166522,0.25851563,1,1
"3IDX_HL_G|WG13M,SG111T,WG200S,MG247A,CG14W,CG129V,CG27I,CG242Q",-1.8639641,0.64926356,1,1
"3L5X_A_HL|EL93F,YL94G",-0.42800838,0.7810973,1,1
"3L5X_A_HL|EL93H,YL94G",-0.7626503,0.98453605,1,1
"3L5X_A_HL|HL91P,NL92I,EL93D,YL94A",-0.6466697,1.753232,1,1
"3L5X_A_HL|HL91P,NL92L,EL93D,YL94S",-0.6327897,1.2769393,1,1
"3L5X_A_HL|HL91P,NL92L,EL93D,YL94T",-0.81005055,1.6075195,1,1
"3L5X_A_HL|HL91P,NL92L,EL93D,YL94V",-0.85822237,1.2235773,1,1
"3L5X_A_HL|HL91P,NL92L,YL94A",-0.44441348,1.8296629,1,1
"3L5X_A_HL|HL91Q,NL92D,EL93I,YL94G",-1.5503801,0.81662047,1,1
"3L5X_A_HL|HL91Q,NL92D,EL93L,YL94G",-1.785132,0.72871584,1,1
"3L5X_A_HL|HL91Q,NL92D,EL93Y,YL94G",-1.451453,0.45539415,1,1
"3L5X_A_HL|NL92D,EL93L,YL94G",-0.42962858,0.4302264,1,1
"3L5X_A_HL|NL92D,EL93N,YL94S",-0.53403836,0.7533297,1,1
"3L5X_A_HL|NL92D,EL93P,YL94G",-1.4699602,1.9929888,1,1
"3L5X_A_HL|NL92D,EL93R,YL94D",-0.52253926,0.005453147,1,1
"3L5X_A_HL|NL92D,EL93W,YL94E",-1.1963489,-0.5329838,1,1
"3L5X_A_HL|NL92D,EL93W,YL94G",-1.6825228,0.0024576634,1,1
"3L5X_A_HL|NL92D,EL93W,YL94S",-0.71612674,-0.23925497,1,1
"3L5X_A_HL|NL92D,EL93Y,YL94A",-0.8069743,0.4034286,1,1
"3L5X_A_HL|NL92E,EL93S,YL94G",-1.2653587,0.20177832,1,1
"3L5X_A_HL|NL92E,EL93W,YL94G",-1.5503801,-0.24230395,1,1
"3L5X_A_HL|NL92F,EL93W,YL94G",-1.2329907,-0.09905715,1,1
"3L5X_A_HL|NL92L,EL93D,YL94S",-0.6170473,0.27997172,1,1
"3L5X_A_HL|NL92L,EL93L,YL94G",-0.6259698,0.2831335,1,1
"3L5X_A_HL|NL92L,EL93M,YL94G",-0.82567644,0.48941088,1,1
"3L5X_A_HL|NL92L,EL93N,YL94G",-0.6954369,0.6861823,1,1
"3L5X_A_HL|NL92S,EL93H,YL94G",-1.2457265,0.70910245,1,1
"3L5X_A_HL|NL92S,EL93I,YL94G",-0.8069743,0.61259574,1,1
"3L5X_A_HL|NL92S,EL93S,YL94G",-0.24921271,0.51562124,1,1
"3L5X_A_HL|NL92S,EL93V,YL94G",-0.51687235,0.5315516,1,1
"3L5X_A_HL|NL92S,EL93W,YL94A",-0.30302802,0.3186518,1,1
"3L5X_A_HL|NL92S,EL93W,YL94G",-1.2720501,0.20203404,1,1
"3L5X_A_HL|NL92S,EL93Y,YL94G",-0.9641868,0.25811654,1,1
"3L5X_A_HL|NL92V,EL93G,YL94G",-0.46300006,0.3046295,1,1
"3L5X_A_HL|NL92V,EL93W,YL94G",-0.83525383,-0.00047318637,1,1
3L5X_A_HL|YL94A,-0.82885176,1.0067924,1,1
3N85_A_LH|SH32A,-0.13401966,1.0175998,1,1
3N85_A_LH|SH32Y,0.0571225,-0.5328022,1,1
3N85_A_LH|SH50G,0.48767117,-0.540203,1,1
3N85_A_LH|SH52Y,-0.78460336,-0.88529116,1,1
3N85_A_LH|WH100F,-0.015185109,0.54870045,1,1
3N85_A_LH|WH30K,-0.78460336,1.5522863,1,1
3N85_A_LH|WH30R,-0.5539675,0.23990005,1,1
3N85_A_LH|WL91F,0.13959166,0.8501152,1,1
3N85_A_LH|WL94Y,-0.03871881,-0.75678754,1,1
3SE8_HL_G|DH110A,-0.38934898,0.7626421,1,1
3SE8_HL_G|DH114A,-0.2441398,1.2071631,1,1
3SE8_HL_G|DL49A,0.8558488,1.8811684,1,1
3SE8_HL_G|EL1A,-0.5565174,0.7312582,1,1
3SE8_HL_G|EL91A,1.513491,2.545532,1,1
3SE8_HL_G|FH115A,1.0676043,0.9386548,1,1
3SE8_HL_G|FL90A,-0.8640972,1.4989694,1,1
3SE8_HL_G|FL92A,0.8323254,1.2160863,1,1
3SE8_HL_G|GH56A,0.3570972,0.46478695,1,1
3SE8_HL_G|KH52A,1.1114144,0.3409316,1,1
3SE8_HL_G|LH54A,0.054776184,0.636983,1,1
3SE8_HL_G|NL30A,0.19434923,0.3991567,1,1
3SE8_HL_G|PH78A,0.01881787,-0.2958113,1,1
3SE8_HL_G|PH81A,-0.07091986,-0.29895335,1,1
3SE8_HL_G|QH63A,1.1144251,-0.2640624,1,1
3SE8_HL_G|QH65A,0.54980505,0.4082048,1,1
3SE8_HL_G|QH76A,0.09689985,-0.04859361,1,1
3SE8_HL_G|QL27A,-0.21612903,0.28584015,1,1
3SE8_HL_G|RH30A,-0.03949762,0.31445444,1,1
3SE8_HL_G|RH62A,1.2061691,0.8213785,1,1
3SE8_HL_G|RH72A,2.6444623,1.6075944,1,1
3SE8_HL_G|SH59A,1.1508402,1.0311885,1,1
3SE8_HL_G|VH58A,1.2496852,0.6564224,1,1
3SE8_HL_G|WH47A,1.4751467,2.6650133,1,1
3SE8_HL_G|WH50A,1.333526,3.018478,1,1
3SE8_HL_G|WH55A,0.7611056,1.2861347,1,1
3SE8_HL_G|YH111A,0.82992166,0.967441,1,1
3SE8_HL_G|YH60A,0.8558488,1.1785303,1,1
4KRL_A_B|DB112A,0.6496817,2.5679426,1,1
5C6T_HL_A|EA194A,1.0906719,1.9741402,1,1
5C6T_HL_A|FA192A,1.9972014,2.2266295,1,1
5C6T_HL_A|FA199A,2.7581792,1.9401262,1,1
5C6T_HL_A|FA200A,0.41047263,1.4151902,1,1
5C6T_HL_A|FH99A,1.4600298,0.68784577,1,1
5C6T_HL_A|IA201A,0.88561165,0.26210183,1,1
5C6T_HL_A|NA183A,0.28399685,0.61071974,1,1
5C6T_HL_A|NA186A,0.3630724,0.62077785,1,1
5C6T_HL_A|NA188A,-0.36658686,0.82870394,1,1
"5C6T_HL_A|NA195A,DA197A",0.58650106,0.89803034,1,1
5C6T_HL_A|NH97A,1.5258962,0.6494488,1,1
5C6T_HL_A|RH31S,0.3115454,-0.013699889,1,1
5C6T_HL_A|RL48A,0.1229613,1.0732303,1,1
5C6T_HL_A|SH32A,-0.8683455,0.20691085,1,1
5C6T_HL_A|TA185A,0.33786914,0.6295811,1,1
5C6T_HL_A|YA182A,3.2083547,1.1932269,1,1
"5C6T_HL_A|YA182A,NA195A,DA197A",2.942425,1.1884879,1,1
5C6T_HL_A|YH104A,0.3630724,1.1504081,1,1
5C6T_HL_A|YH98A,1.7166799,1.6069057,1,1
5C6T_HL_A|YL47A,0.5516565,1.60177,1,1
1KIP_AB_C|AB32Y,-0.8005932,-0.9817189,1,2
1XGU_AB_C|FB33A,4.0,3.1103804,1,2
1XGU_AB_C|FB33I,1.8004549,2.1114595,1,2
1XGU_AB_C|FB33L,1.8617703,2.133239,1,2
1XGU_AB_C|FB33V,2.9080825,2.3363926,1,2
2B2X_HL_A|EH64K,-0.033433665,0.45496088,1,2
"2B2X_HL_A|EH64K,QL28S,YL52N",0.911615,1.1066313,1,2
"2B2X_HL_A|EH64K,QL28S,YL52N,GH102S",2.7106705,1.6603312,1,2
"2B2X_HL_A|EH64K,QL28S,YL52N,SH35A",3.119054,1.1890166,1,2
"2B2X_HL_A|EH64K,QL28S,YL52N,SH35V",3.770335,1.3553227,1,2
"2B2X_HL_A|EH64K,YL52N",0.34853002,0.90365595,1,2
"2B2X_HL_A|QL28S,YL52N",0.8626942,0.61162275,1,2
2B2X_HL_A|VH50T,0.024054652,-0.733383,1,2
"2B2X_HL_A|VH50T,EH64D,QL28S,YL52N",0.87177193,0.8240119,1,2
"2B2X_HL_A|VH50T,EH64K,QL28S",0.991589,0.95086306,1,2
"2B2X_HL_A|VH50T,EH64K,QL28S,YL52D",1.5439764,0.99259996,1,2
"2B2X_HL_A|VH50T,EH64K,QL28S,YL52E",0.95452905,1.1924499,1,2
"2B2X_HL_A|VH50T,EH64K,QL28S,YL52K",1.7007239,1.2931845,1,2
"2B2X_HL_A|VH50T,EH64K,QL28S,YL52N",1.043214,1.3125542,1,2
"2B2X_HL_A|VH50T,EH64K,QL28S,YL52N,FH99W",1.043214,1.2871926,1,2
"2B2X_HL_A|VH50T,EH64K,QL28S,YL52N,FH99Y",1.7978828,1.1848719,1,2
"2B2X_HL_A|VH50T,EH64K,QL28S,YL52N,GH100F",1.4322319,0.75757694,1,2
"2B2X_HL_A|VH50T,EH64K,QL28S,YL52N,GH100L",3.770335,1.1306624,1,2
"2B2X_HL_A|VH50T,EH64K,QL28S,YL52N,GH100M",1.145348,1.1891202,1,2
"2B2X_HL_A|VH50T,EH64K,QL28S,YL52N,GH100S",1.6009614,1.2868907,1,2
"2B2X_HL_A|VH50T,EH64K,QL28S,YL52N,GH53A",1.5558206,0.8379985,1,2
"2B2X_HL_A|VH50T,EH64K,QL28S,YL52N,GH53N",2.2985272,1.5567913,1,2
"2B2X_HL_A|VH50T,EH64K,QL28S,YL52N,GH53S",1.7188073,1.4800861,1,2
"2B2X_HL_A|VH50T,EH64K,QL28S,YL52N,GH54I",2.4067745,1.2236325,1,2
"2B2X_HL_A|VH50T,EH64K,QL28S,YL52N,GH54T",2.2073808,1.3663892,1,2
"2B2X_HL_A|VH50T,EH64K,QL28S,YL52N,GH54Y",1.043214,1.3291955,1,2
"2B2X_HL_A|VH50T,EH64K,QL28S,YL52N,GL92Q",2.6158988,1.5981464,1,2
"2B2X_HL_A|VH50T,EH64K,QL28S,YL52N,GL92S",1.5558206,1.5334224,1,2
"2B2X_HL_A|VH50T,EH64K,QL28S,YL52N,HL31K",2.2073808,1.6118704,1,2
"2B2X_HL_A|VH50T,EH64K,QL28S,YL52N,HL31R",2.1670115,1.4875776,1,2
"2B2X_HL_A|VH50T,EH64K,QL28S,YL52N,HL31W",2.2985272,1.463831,1,2
"2B2X_HL_A|VH50T,EH64K,QL28S,YL52N,LH60D",0.981894,1.1469878,1,2
"2B2X_HL_A|VH50T,EH64K,QL28S,YL52N,LL49F",1.7554936,1.2088807,1,2
"2B2X_HL_A|VH50T,EH64K,QL28S,YL52N,LL49K",1.9044149,1.306575,1,2
"2B2X_HL_A|VH50T,EH64K,QL28S,YL52N,LL49W",2.9507816,1.1521164,1,2
"2B2X_HL_A|VH50T,EH64K,QL28S,YL52N,NL30V",2.0925434,0.9870316,1,2
"2B2X_HL_A|VH50T,EH64K,QL28S,YL52N,NL30W",2.6158988,1.5910549,1,2
"2B2X_HL_A|VH50T,EH64K,QL28S,YL52N,NL30Y",2.9507816,1.429272,1,2
"2B2X_HL_A|VH50T,EH64K,QL28S,YL52N,NL30Y,SL91I",1.4775821,1.6879342,1,2
"2B2X_HL_A|VH50T,EH64K,QL28S,YL52N,RH31Q",2.350542,1.4950186,1,2
"2B2X_HL_A|VH50T,EH64K,QL28S,YL52N,SH35A",2.6158988,1.4623996,1,2
"2B2X_HL_A|VH50T,EH64K,QL28S,YL52N,SH35A,GH102S",2.6158988,2.0246093,1,2
"2B2X_HL_A|VH50T,EH64K,QL28S,YL52N,SH35Q",3.770335,1.5965686,1,2
"2B2X_HL_A|VH50T,EH64K,QL28S,YL52N,SH35V,GH102S",2.4688888,2.1826658,1,2
"2B2X_HL_A|VH50T,EH64K,QL28S,YL52N,SH52M",3.119054,1.7551638,1,2
"2B2X_HL_A|VH50T,EH64K,QL28S,YL52N,SL24R",0.82788163,1.3150243,1,2
"2B2X_HL_A|VH50T,EH64K,QL28S,YL52N,SL91Q",2.8172472,1.6858004,1,2
"2B2X_HL_A|VH50T,EH64K,QL28S,YL52N,SL91R",3.770335,1.6982256,1,2
"2B2X_HL_A|VH50T,EH64K,QL28S,YL52N,SL91R,NL30E",3.770335,1.6639082,1,2
"2B2X_HL_A|VH50T,EH64K,QL28S,YL52N,SL91T",3.3598623,1.3488126,1,2
"2B2X_HL_A|VH50T,EH64K,QL28S,YL52N,TH33E,GH53Q",2.7106705,2.1426916,1,2
"2B2X_HL_A|VH50T,EH64K,QL28S,YL52N,TH33I,SH52T,GH53N,GH54N",2.9507816,1.8098526,1,2
"2B2X_HL_A|VH50T,EH64K,QL28S,YL52N,TH33I,SH52T,GH53Q,GH54F",2.2985272,2.4573812,1,2
"2B2X_HL_A|VH50T,EH64K,QL28S,YL52N,TH33N",3.770335,1.8314055,1,2
"2B2X_HL_A|VH50T,EH64K,QL28S,YL52N,TH33V",1.4775821,1.5136707,1,2
"2B2X_HL_A|VH50T,EH64K,QL28S,YL52N,WL90Q",3.119054,1.6725688,1,2
"2B2X_HL_A|VH50T,EH64K,QL28S,YL52N,WL90Q,FL33Y",1.914233,1.5588262,1,2
"2B2X_HL_A|VH50T,EH64K,QL28S,YL52N,YH58E",3.119054,1.6282837,1,2
"2B2X_HL_A|VH50T,EH64K,QL28S,YL52N,YH58Q",3.119054,1.784149,1,2
"2B2X_HL_A|VH50T,EH64K,QL28S,YL52N,YH58W",1.8641591,1.4684871,1,2
"2B2X_HL_A|VH50T,EH64K,QL28S,YL52N,YH59E",1.5872209,1.718898,1,2
"2B2X_HL_A|VH50T,EH64K,QL28S,YL52R",1.8880546,1.1043144,1,2
"2B2X_HL_A|VH50T,EH64K,YL52N",0.28173435,1.2013289,1,2
"2B2X_HL_A|VH50T,EH64N,QL28S,YL52N",1.0069425,1.2281122,1,2
"2B2X_HL_A|VH50T,EH64Q,QL28S,YL52N",0.96559924,1.2346821,1,2
"2B2X_HL_A|VH50T,EH64Q,QL28S,YL52N,LH60D",1.0862032,1.0103067,1,2
"2B2X_HL_A|VH50T,QL28S,YL52N",0.96559924,0.74559736,1,2
"2B2X_HL_A|VH50T,QL28S,YL52N,LH60D",0.90141344,0.55588984,1,2
"2B2X_HL_A|VH50T,YL52N",0.18636756,0.7560911,1,2
2B2X_HL_A|YL52E,-0.22410508,0.31231177,1,2
2VIR_AB_C|SC115L,3.680209,1.3624282,1,2
2VIR_AB_C|TC89I,4.0,3.090245,1,2
"3G6D_LH_A|EL3V,GL76R,TL77V,QL78E,EL80G",0.13981691,-0.13989542,1,2
"3G6D_LH_A|EL3V,GL76R,TL77V,QL78E,EL80G,DH54N",0.111178115,0.23087467,1,2
"3G6D_LH_A|EL3V,GL76R,TL77V,QL78E,EL80G,TL89S,ML92I,VL93D,TL94K",0.27145106,-0.43799722,1,2
3G6D_LH_A|HH104A,-0.9530879,1.4945685,1,2
"3G6D_LH_A|KH210T,KH215T",-0.13294782,-0.012605369,1,2
"3G6D_LH_A|TL89S,ML92I,VL93D,TL94K",0.7979767,-0.45152473,1,2
3G6D_LH_A|WH105A,-1.4965084,2.5143116,1,2
"3IDX_HL_G|CG27I,CG242Q",-2.4650376,0.30495456,1,2
"3IDX_HL_G|CG27I,CG242Q,MG247A",-2.1736174,0.072806,1,2
"3IDX_HL_G|KG85C,EG121C,CG27I,CG242Q",-2.3776865,0.17396899,1,2
"3IDX_HL_G|KG85C,EG121C,WG13M,MG247A,CG14W,CG129V,CG27I,CG242Q",-2.1922898,-0.08376376,1,2
"3IDX_HL_G|KG85C,EG122C,WG13M,MG247A,CG14W,CG129V,CG27I,CG242Q",-2.2927184,-0.108556315,1,2
"3IDX_HL_G|TG41C,GG245C,MG247A",0.40945426,0.0014098436,1,2
"3IDX_HL_G|TG41C,GG245C,WG13M,MG247A,CG14W,CG129V,CG27I,CG242Q",-2.3310676,-0.20832504,1,2
"3IDX_HL_G|WG13M,MG247A,CG14W,CG129V",-0.6475391,0.061127424,1,2
"3IDX_HL_G|WG13M,MG247A,CG14W,CG129V,CG27I,CG242Q",-2.3479884,-0.084157184,1,2
"3IDX_HL_G|WG13M,MG247A,CG14W,CG129V,KG85C,EG121C",-0.36166522,0.12964652,1,2
"3IDX_HL_G|WG13M,SG111T,WG200S,MG247A,CG14W,CG129V,CG27I,CG242Q",-1.8639641,-0.14362215,1,2
"3L5X_A_HL|EL93F,YL94G",-0.42800838,0.28998417,1,2
"3L5X_A_HL|EL93H,YL94G",-0.7626503,0.60059226,1,2
"3L5X_A_HL|HL91P,NL92I,EL93D,YL94A",-0.6466697,0.6338609,1,2
"3L5X_A_HL|HL91P,NL92L,EL93D,YL94S",-0.6327897,0.4340706,1,2
"3L5X_A_HL|HL91P,NL92L,EL93D,YL94T",-0.81005055,0.5693457,1,2
"3L5X_A_HL|HL91P,NL92L,EL93D,YL94V",-0.85822237,0.42351174,1,2
"3L5X_A_HL|HL91P,NL92L,YL94A",-0.44441348,0.62071276,1,2
"3L5X_A_HL|HL91Q,NL92D,EL93I,YL94G",-1.5503801,0.25246242,1,2
"3L5X_A_HL|HL91Q,NL92D,EL93L,YL94G",-1.785132,0.09621824,1,2
"3L5X_A_HL|HL91Q,NL92D,EL93Y,YL94G",-1.451453,-0.007930353,1,2
"3L5X_A_HL|NL92D,EL93L,YL94G",-0.42962858,-0.05105096,1,2
"3L5X_A_HL|NL92D,EL93N,YL94S",-0.53403836,0.54003,1,2
"3L5X_A_HL|NL92D,EL93P,YL94G",-1.4699602,0.53322345,1,2
"3L5X_A_HL|NL92D,EL93R,YL94D",-0.52253926,-0.22100516,1,2
"3L5X_A_HL|NL92D,EL93W,YL94E",-1.1963489,-0.35607344,1,2
"3L5X_A_HL|NL92D,EL93W,YL94G",-1.6825228,-0.202201,1,2
"3L5X_A_HL|NL92D,EL93W,YL94S",-0.71612674,-0.14070307,1,2
"3L5X_A_HL|NL92D,EL93Y,YL94A",-0.8069743,-0.09181881,1,2
"3L5X_A_HL|NL92E,EL93S,YL94G",-1.2653587,0.2608576,1,2
"3L5X_A_HL|NL92E,EL93W,YL94G",-1.5503801,-0.09094848,1,2
"3L5X_A_HL|NL92F,EL93W,YL94G",-1.2329907,-0.19248055,1,2
"3L5X_A_HL|NL92L,EL93D,YL94S",-0.6170473,0.13093454,1,2
"3L5X_A_HL|NL92L,EL93L,YL94G",-0.6259698,0.13362461,1,2
"3L5X_A_HL|NL92L,EL93M,YL94G",-0.82567644,0.33607692,1,2
"3L5X_A_HL|NL92L,EL93N,YL94G",-0.6954369,0.40055752,1,2
"3L5X_A_HL|NL92S,EL93H,YL94G",-1.2457265,0.4761411,1,2
"3L5X_A_HL|NL92S,EL93I,YL94G",-0.8069743,0.46795577,1,2
"3L5X_A_HL|NL92S,EL93S,YL94G",-0.24921271,0.43238127,1,2
"3L5X_A_HL|NL92S,EL93V,YL94G",-0.51687235,0.33873153,1,2
"3L5X_A_HL|NL92S,EL93W,YL94A",-0.30302802,0.35210133,1,2
"3L5X_A_HL|NL92S,EL93W,YL94G",-1.2720501,0.18639995,1,2
"3L5X_A_HL|NL92S,EL93Y,YL94G",-0.9641868,0.14023013,1,2
"3L5X_A_HL|NL92V,EL93G,YL94G",-0.46300006,0.26721007,1,2
"3L5X_A_HL|NL92V,EL93W,YL94G",-0.83525383,0.11700327,1,2
3L5X_A_HL|YL94A,-0.82885176,1.0285505,1,2
3N85_A_LH|SH32A,-0.13401966,1.43778,1,2
3N85_A_LH|SH32Y,0.0571225,-0.2942865,1,2
3N85_A_LH|SH50G,0.48767117,-0.4323057,1,2
3N85_A_LH|SH52Y,-0.78460336,-1.1118888,1,2
3N85_A_LH|WH100F,-0.015185109,1.1834058,1,2
3N85_A_LH|WH30K,-0.78460336,1.2250265,1,2
3N85_A_LH|WH30R,-0.5539675,-0.12161979,1,2
3N85_A_LH|WL91F,0.13959166,0.42611343,1,2
3N85_A_LH|WL94Y,-0.03871881,-0.5716481,1,2
3SE8_HL_G|DH110A,-0.38934898,0.45684427,1,2
3SE8_HL_G|DH114A,-0.2441398,1.4636159,1,2
3SE8_HL_G|DL49A,0.8558488,1.4521389,1,2
3SE8_HL_G|EL1A,-0.5565174,0.05619023,1,2
3SE8_HL_G|EL91A,1.513491,2.0119247,1,2
3SE8_HL_G|FH115A,1.0676043,1.9565482,1,2
3SE8_HL_G|FL90A,-0.8640972,1.7967429,1,2
3SE8_HL_G|FL92A,0.8323254,0.8330642,1,2
3SE8_HL_G|GH56A,0.3570972,0.7443087,1,2
3SE8_HL_G|KH52A,1.1114144,0.15725411,1,2
3SE8_HL_G|LH54A,0.054776184,0.49344122,1,2
3SE8_HL_G|NL30A,0.19434923,0.33060756,1,2
3SE8_HL_G|PH78A,0.01881787,0.21101774,1,2
3SE8_HL_G|PH81A,-0.07091986,0.7661214,1,2
3SE8_HL_G|QH63A,1.1144251,0.38832307,1,2
3SE8_HL_G|QH65A,0.54980505,0.33016115,1,2
3SE8_HL_G|QH76A,0.09689985,0.23036723,1,2
3SE8_HL_G|QL27A,-0.21612903,0.17410511,1,2
3SE8_HL_G|RH30A,-0.03949762,1.0287291,1,2
3SE8_HL_G|RH62A,1.2061691,0.8523376,1,2
3SE8_HL_G|RH72A,2.6444623,1.5373435,1,2
3SE8_HL_G|SH59A,1.1508402,0.44144326,1,2
3SE8_HL_G|VH58A,1.2496852,1.1361765,1,2
3SE8_HL_G|WH47A,1.4751467,1.9939722,1,2
3SE8_HL_G|WH50A,1.333526,3.169365,1,2
3SE8_HL_G|WH55A,0.7611056,0.9165652,1,2
3SE8_HL_G|YH111A,0.82992166,1.3041736,1,2
3SE8_HL_G|YH60A,0.8558488,0.81427914,1,2
4KRL_A_B|DB112A,0.6496817,2.1719146,1,2
5C6T_HL_A|EA194A,1.0906719,1.0718927,1,2
5C6T_HL_A|FA192A,1.9972014,1.6109614,1,2
5C6T_HL_A|FA199A,2.7581792,1.4100245,1,2
5C6T_HL_A|FA200A,0.41047263,1.0868908,1,2
5C6T_HL_A|FH99A,1.4600298,0.9460364,1,2
5C6T_HL_A|IA201A,0.88561165,0.3126143,1,2
5C6T_HL_A|NA183A,0.28399685,0.85523,1,2
5C6T_HL_A|NA186A,0.3630724,0.20989378,1,2
5C6T_HL_A|NA188A,-0.36658686,0.5427266,1,2
"5C6T_HL_A|NA195A,DA197A",0.58650106,1.0512959,1,2
5C6T_HL_A|NH97A,1.5258962,0.6047801,1,2
5C6T_HL_A|RH31S,0.3115454,0.3571632,1,2
5C6T_HL_A|RL48A,0.1229613,2.3432665,1,2
5C6T_HL_A|SH32A,-0.8683455,0.73299885,1,2
5C6T_HL_A|TA185A,0.33786914,1.182581,1,2
5C6T_HL_A|YA182A,3.2083547,0.7360102,1,2
"5C6T_HL_A|YA182A,NA195A,DA197A",2.942425,1.1645366,1,2
5C6T_HL_A|YH104A,0.3630724,3.0052743,1,2
5C6T_HL_A|YH98A,1.7166799,1.8777989,1,2
5C6T_HL_A|YL47A,0.5516565,2.577647,1,2
1DVF_AB_CD|DB100A,2.7895143,1.1739064,2,0
"1DVF_AB_CD|DB100A,DD52A",4.0,2.1638992,2,0
"1DVF_AB_CD|DB100A,HD33A",4.0,1.9520285,2,0
"1DVF_AB_CD|DB100A,ND55A",4.0,1.1196035,2,0
1DVF_AB_CD|DB54A,4.0,0.58438694,2,0
"1DVF_AB_CD|DB54A,YC49A",4.0,2.7371197,2,0
1DVF_AB_CD|DB58A,1.6000048,0.51761687,2,0
"1DVF_AB_CD|DB58A,QD104A",1.4641725,0.9985624,2,0
1DVF_AB_CD|DD52A,1.6822901,1.1857014,2,0
1DVF_AB_CD|EB98A,4.0,1.6396121,2,0
"1DVF_AB_CD|EB98A,YD102A",4.0,3.4290652,2,0
1DVF_AB_CD|HA30A,1.6493824,0.803483,2,0
1DVF_AB_CD|HD33A,1.8606005,0.37920505,2,0
1DVF_AB_CD|ID101A,2.6815457,0.86724013,2,0
1DVF_AB_CD|KD30A,1.0035173,-0.022138394,2,0
1DVF_AB_CD|NB56A,1.1624389,0.23302552,2,0
"1DVF_AB_CD|NB56A,HD33A",2.5259995,0.92034525,2,0
"1DVF_AB_CD|NB56A,ND55A",2.3010929,0.3962647,2,0
"1DVF_AB_CD|NB56A,QD104A",1.4868644,0.53964925,2,0
1DVF_AB_CD|ND55A,1.8606005,0.5757617,2,0
1DVF_AB_CD|QD104A,1.6287225,1.062667,2,0
1DVF_AB_CD|RB99A,1.8746451,1.1137905,2,0
1DVF_AB_CD|RD106A,4.0,0.56943125,2,0
1DVF_AB_CD|SA93A,1.1624389,0.21893093,2,0
1DVF_AB_CD|TB30A,0.9075126,-0.4943906,2,0
1DVF_AB_CD|WA92A,0.34072307,0.3518407,2,0
1DVF_AB_CD|WB52A,4.0,2.8513472,2,0
"1DVF_AB_CD|WB52A,QD104A",4.0,2.937931,2,0
1DVF_AB_CD|YA32A,2.0303695,2.2236738,2,0
"1DVF_AB_CD|YA32A,RD106A",4.0,2.1230717,2,0
1DVF_AB_CD|YA49A,1.6785902,3.0184302,2,0
"1DVF_AB_CD|YA49A,HD33A",2.625045,3.3751764,2,0
"1DVF_AB_CD|YA49A,ND55A",2.0303695,2.371782,2,0
1DVF_AB_CD|YA50A,0.6877736,2.3780165,2,0
1DVF_AB_CD|YB101F,2.0123136,1.3377712,2,0
1DVF_AB_CD|YB32A,1.8314707,0.9742942,2,0
1DVF_AB_CD|YC49A,1.8606005,1.8241813,2,0
1DVF_AB_CD|YD102A,4.0,2.1109283,2,0
1MHP_HL_A|FH99W,0.0,0.043946862,2,0
1MHP_HL_A|FH99Y,0.75466895,-0.29844984,2,0
1MHP_HL_A|GH100F,0.38901797,0.094540276,2,0
1MHP_HL_A|GH100L,2.727121,0.83718944,2,0
1MHP_HL_A|GH100M,0.10213403,0.642686,2,0
1MHP_HL_A|GH100S,0.5577475,0.44454604,2,0
1MHP_HL_A|GH53A,0.5126066,0.7122338,2,0
1MHP_HL_A|GH53N,1.2553134,-0.54339486,2,0
1MHP_HL_A|GH53S,0.6755934,0.03133645,2,0
1MHP_HL_A|GH54I,1.3635606,0.2886454,2,0
1MHP_HL_A|GH54T,1.1641668,0.076077975,2,0
1MHP_HL_A|GH54Y,0.0,-0.47477043,2,0
1MHP_HL_A|GL91Q,1.572685,-0.13507527,2,0
1MHP_HL_A|GL91S,0.5126066,0.32120222,2,0
1MHP_HL_A|HL30K,1.1641668,0.24755758,2,0
1MHP_HL_A|HL30R,1.1237977,-0.9224329,2,0
1MHP_HL_A|HL30W,1.2553134,-0.93272567,2,0
1MHP_HL_A|KH64D,-0.17144196,-0.8181038,2,0
1MHP_HL_A|KH64E,-0.07761467,-0.76775193,2,0
"1MHP_HL_A|KH64E,SL27Q",-0.85684633,-0.85656655,2,0
"1MHP_HL_A|KH64E,SL27Q,NL51Y",-1.0191593,-1.6397681,2,0
1MHP_HL_A|KH64N,-0.03627145,-0.7021636,2,0
1MHP_HL_A|KH64Q,-0.07761467,-0.57819164,2,0
1MHP_HL_A|LH60D,-0.061319917,-0.2045531,2,0
"1MHP_HL_A|LH60D,KH64E",-0.1418005,-0.8495129,2,0
"1MHP_HL_A|LH60D,KH64Q",0.042989343,-0.7183187,2,0
1MHP_HL_A|LL48F,0.71227974,-1.2051886,2,0
1MHP_HL_A|LL48K,0.8612009,-0.0054717436,2,0
1MHP_HL_A|LL48W,1.9075676,-1.1680049,2,0
1MHP_HL_A|NL29V,1.0493295,1.0216234,2,0
1MHP_HL_A|NL29W,1.572685,0.56019324,2,0
1MHP_HL_A|NL29Y,1.9075676,-0.19595376,2,0
"1MHP_HL_A|NL29Y,SL90I",0.43436813,-0.44083607,2,0
1MHP_HL_A|NL51D,0.5007625,0.0805642,2,0
1MHP_HL_A|NL51E,-0.08868487,0.11475581,2,0
1MHP_HL_A|NL51K,0.65751,0.76538694,2,0
1MHP_HL_A|NL51R,0.84484076,0.21278343,2,0
1MHP_HL_A|NL51Y,-0.05162489,-0.31463164,2,0
1MHP_HL_A|RH31Q,1.3073281,0.3287269,2,0
1MHP_HL_A|SH35A,1.572685,0.61978114,2,0
"1MHP_HL_A|SH35A,GH102S",1.572685,1.6164818,2,0
1MHP_HL_A|SH35Q,2.727121,-0.714067,2,0
"1MHP_HL_A|SH35V,GH102S",1.4256749,1.3636583,2,0
1MHP_HL_A|SH52M,2.0758402,0.4652933,2,0
1MHP_HL_A|SL23R,-0.21533228,-0.26967257,2,0
1MHP_HL_A|SL27Q,-0.6661127,-0.35920426,2,0
1MHP_HL_A|SL90Q,1.7740332,-0.55891883,2,0
1MHP_HL_A|SL90T,2.3166485,-0.6331063,2,0
"1MHP_HL_A|TH33E,GH53Q",1.6674565,0.8603536,2,0
"1MHP_HL_A|TH33I,SH52T,GH53N,GH54N",1.9075676,1.2212347,2,0
"1MHP_HL_A|TH33I,SH52T,GH53Q,GH54F",1.2553134,0.97512585,2,0
1MHP_HL_A|TH33N,2.727121,-0.03989119,2,0
1MHP_HL_A|TH33V,0.43436813,1.0662267,2,0
1MHP_HL_A|TH50V,-0.13159887,0.47759348,2,0
"1MHP_HL_A|TH50V,GH102S",1.6674565,1.0280743,2,0
"1MHP_HL_A|TH50V,KH64E",-0.1805197,-0.59902173,2,0
"1MHP_HL_A|TH50V,KH64E,SL27Q,NL51E",-1.267319,-1.353406,2,0
"1MHP_HL_A|TH50V,KH64E,SL27Q,NL51Y",-1.0844951,-1.8655856,2,0
"1MHP_HL_A|TH50V,SH35A",2.0758402,1.0021583,2,0
"1MHP_HL_A|TH50V,SH35V",2.727121,0.60662436,2,0
"1MHP_HL_A|TH50V,SL27Q",-0.6946839,0.09485768,2,0
"1MHP_HL_A|TH50V,SL27Q,NL51Y",-1.0235296,-0.78193796,2,0
1MHP_HL_A|WL89Q,2.0758402,-0.08853588,2,0
"1MHP_HL_A|WL89Q,FL32Y",0.871019,-0.65467864,2,0
1MHP_HL_A|YH58E,2.0758402,0.5728588,2,0
1MHP_HL_A|YH58Q,2.0758402,0.31013784,2,0
1MHP_HL_A|YH58W,0.82094526,0.31689048,2,0
1MHP_HL_A|YH59E,0.54400706,0.32786947,2,0
1N8Z_AB_C|DB102W,-0.71302944,-0.615042,2,0
1N8Z_AB_C|FC539A,0.035102826,1.158526,2,0
1N8Z_AB_C|HA91F,0.034232877,-0.96099806,2,0
1N8Z_AB_C|LC509A,-0.023045197,0.56384486,2,0
1N8Z_AB_C|NA30S,0.06666317,0.34281215,2,0
"1N8Z_AB_C|NA30S,HA91F,YA92W",-0.07476232,-0.36317816,2,0
"1N8Z_AB_C|NA30S,HA91F,YA92W,TA94S,DB102W,YB105F,YB109V",0.050661404,-1.1075459,2,0
1N8Z_AB_C|RB50A,2.9754758,2.023265,2,0
1N8Z_AB_C|RB59A,1.8037988,0.9402937,2,0
1N8Z_AB_C|SC535A,0.030827092,0.32164675,2,0
1N8Z_AB_C|TA94S,0.32168603,-0.321951,2,0
1N8Z_AB_C|VC536A,0.008972699,0.010482751,2,0
1N8Z_AB_C|YB105F,0.8540034,0.72402495,2,0
1N8Z_AB_C|YB109V,0.23192272,0.050960347,2,0
1XGQ_AB_C|VB33A,1.1525793,0.6490228,2,0
1XGQ_AB_C|VB33F,-2.9080825,-2.200802,2,0
1XGQ_AB_C|VB33I,-1.1076277,-1.1067786,2,0
1XGQ_AB_C|VB33L,-1.0463123,-1.1198428,2,0
1YQV_HL_Y|RY45K,1.8995041,0.041477248,2,0
"1YQV_HL_Y|RY68K,TY40S,IY55V,SY91T",4.0,1.438311,2,0
"1YQV_HL_Y|RY68K,TY40S,IY55V,SY91T,QY121H",0.0,1.2251486,2,0
1YY9_CD_A|AC25P,0.07225565,-0.28886992,2,0
1YY9_CD_A|AD98P,1.0372273,-0.43625897,2,0
1YY9_CD_A|GD54P,0.26807046,-0.21949208,2,0
1YY9_CD_A|LD29P,0.030827092,-0.14644706,2,0
1YY9_CD_A|NC93A,-0.74186975,-0.07971213,2,0
1YY9_CD_A|ND56A,-0.057046015,0.19670753,2,0
1YY9_CD_A|SC26D,-0.19925442,-0.37704152,2,0
"1YY9_CD_A|SC26D,TC31E,NC93A",-1.3329437,-0.3606937,2,0
"1YY9_CD_A|SC26D,TC31E,NC93A,ND56A,TD61E",-0.6517935,-1.040004,2,0
1YY9_CD_A|SC26P,-0.009110746,-0.32557738,2,0
1YY9_CD_A|SC28P,-0.22229962,0.14994216,2,0
1YY9_CD_A|SC54P,-0.018363854,0.26564142,2,0
1YY9_CD_A|SD53P,0.8175451,0.34315267,2,0
1YY9_CD_A|TC31E,-0.51892465,-0.013755344,2,0
"1YY9_CD_A|TC31E,NC93A",-0.81853306,0.117751755,2,0
1YY9_CD_A|TC96P,4.0,-0.19628474,2,0
1YY9_CD_A|TD61E,-0.057046015,-0.22364774,2,0
1YY9_CD_A|WD52P,1.4782712,1.4833905,2,0
1YY9_CD_A|YD101P,1.6514195,0.7562611,2,0
3NPS_A_BC|DA214A,1.466743,1.5233047,2,0
3NPS_A_BC|DA46A,0.3399866,0.7281922,2,0
3NPS_A_BC|DA47A,1.0674704,1.7011809,2,0
3NPS_A_BC|DA91A,1.5070341,1.4960998,2,0
3NPS_A_BC|EA163A,0.61534816,0.2904824,2,0
3NPS_A_BC|FA50A,0.21957076,1.4865403,2,0
3NPS_A_BC|FA89A,1.5714045,2.5948052,2,0
3NPS_A_BC|FA92A,0.46353978,2.346,2,0
3NPS_A_BC|HA138A,1.8750918,0.3778561,2,0
3NPS_A_BC|IA26A,0.6415425,0.6279718,2,0
3NPS_A_BC|IA45A,-0.33181784,0.6394599,2,0
3NPS_A_BC|KA221A,-0.10361039,0.9774321,2,0
3NPS_A_BC|LA147A,0.29573628,-0.0058416724,2,0
3NPS_A_BC|NA90A,0.25341922,0.851529,2,0
3NPS_A_BC|QA140A,0.29573628,0.34596774,2,0
3NPS_A_BC|QA168A,-0.059223834,0.7365017,2,0
3NPS_A_BC|QA169A,0.7409076,1.9493315,2,0
3NPS_A_BC|QA218A,-0.040916756,0.8565592,2,0
3NPS_A_BC|QA23A,0.026323749,1.146492,2,0
3NPS_A_BC|RA219A,-0.08390186,-0.19633323,2,0
3NPS_A_BC|RA48A,-1.062741,0.56936216,2,0
3NPS_A_BC|RA51A,0.13816836,0.350419,2,0
3NPS_A_BC|RA82A,-0.15159543,0.25641376,2,0
3NPS_A_BC|TA144A,0.17497002,0.48442805,2,0
3NPS_A_BC|TA93A,0.72381234,1.4155982,2,0
3NPS_A_BC|YA141A,1.7748737,2.1677027,2,0
3NPS_A_BC|YA52A,0.4518898,0.40106794,2,0
3W2D_A_HL|KA67N,4.0,0.82271254,2,0
3W2D_A_HL|KA67R,-0.42812017,0.43705347,2,0
3W2D_A_HL|YA45F,0.8779443,-1.3876714,2,0
3W2D_A_HL|YA45L,2.3647563,0.8091025,2,0
"4KRO_A_B|DA321T,FA323A",0.1269707,0.5676235,2,0
"4KRP_A_B|DA277T,FA279A",0.35829666,0.5972028,2,0
4NM8_ABCDEF_HL|DB19N,0.66149956,0.48675948,2,0
4NM8_ABCDEF_HL|IB18M,0.10977998,-0.40617102,2,0
4NM8_ABCDEF_HL|LB38Y,-0.6151596,-0.8424099,2,0
4NM8_ABCDEF_HL|QB34R,2.9754758,0.6671776,2,0
4NM8_ABCDEF_HL|QB34T,2.3309386,0.54052544,2,0
4NM8_ABCDEF_HL|RB25M,3.442353,-0.69551975,2,0
4NM8_ABCDEF_HL|TB32E,-0.5517196,-0.91712856,2,0
4NM8_ABCDEF_HL|TB32I,-0.050205972,0.4408144,2,0
4NM8_ABCDEF_HL|TB32R,1.2211944,-0.2394101,2,0
1DVF_AB_CD|DB100A,2.7895143,0.96123075,2,1
"1DVF_AB_CD|DB100A,DD52A",4.0,1.947079,2,1
"1DVF_AB_CD|DB100A,HD33A",4.0,2.123048,2,1
"1DVF_AB_CD|DB100A,ND55A",4.0,1.3641888,2,1
1DVF_AB_CD|DB54A,4.0,0.5596193,2,1
"1DVF_AB_CD|DB54A,YC49A",4.0,2.1210449,2,1
1DVF_AB_CD|DB58A,1.6000048,1.2249205,2,1
"1DVF_AB_CD|DB58A,QD104A",1.4641725,1.6869256,2,1
1DVF_AB_CD|DD52A,1.6822901,1.3707955,2,1
1DVF_AB_CD|EB98A,4.0,1.3232377,2,1
"1DVF_AB_CD|EB98A,YD102A",4.0,2.5603504,2,1
1DVF_AB_CD|HA30A,1.6493824,0.4389642,2,1
1DVF_AB_CD|HD33A,1.8606005,1.5269828,2,1
1DVF_AB_CD|ID101A,2.6815457,0.69971055,2,1
1DVF_AB_CD|KD30A,1.0035173,0.5390066,2,1
1DVF_AB_CD|NB56A,1.1624389,-0.0008076057,2,1
"1DVF_AB_CD|NB56A,HD33A",2.5259995,1.3051174,2,1
"1DVF_AB_CD|NB56A,ND55A",2.3010929,0.60036546,2,1
"1DVF_AB_CD|NB56A,QD104A",1.4868644,0.8394526,2,1
1DVF_AB_CD|ND55A,1.8606005,0.78145826,2,1
1DVF_AB_CD|QD104A,1.6287225,0.97251797,2,1
1DVF_AB_CD|RB99A,1.8746451,0.6355182,2,1
1DVF_AB_CD|RD106A,4.0,0.74994785,2,1
1DVF_AB_CD|SA93A,1.1624389,0.7491853,2,1
1DVF_AB_CD|TB30A,0.9075126,-0.13860458,2,1
1DVF_AB_CD|WA92A,0.34072307,1.3916814,2,1
1DVF_AB_CD|WB52A,4.0,2.485713,2,1
"1DVF_AB_CD|WB52A,QD104A",4.0,2.5256352,2,1
1DVF_AB_CD|YA32A,2.0303695,2.172099,2,1
"1DVF_AB_CD|YA32A,RD106A",4.0,2.4081306,2,1
1DVF_AB_CD|YA49A,1.6785902,1.891,2,1
"1DVF_AB_CD|YA49A,HD33A",2.625045,2.685008,2,1
"1DVF_AB_CD|YA49A,ND55A",2.0303695,1.9803071,2,1
1DVF_AB_CD|YA50A,0.6877736,1.4724467,2,1
1DVF_AB_CD|YB101F,2.0123136,0.6519072,2,1
1DVF_AB_CD|YB32A,1.8314707,1.6858758,2,1
1DVF_AB_CD|YC49A,1.8606005,1.5102214,2,1
1DVF_AB_CD|YD102A,4.0,1.508616,2,1
1MHP_HL_A|FH99W,0.0,-0.0195937,2,1
1MHP_HL_A|FH99Y,0.75466895,-0.061147295,2,1
1MHP_HL_A|GH100F,0.38901797,-0.38292924,2,1
1MHP_HL_A|GH100L,2.727121,-0.05672688,2,1
1MHP_HL_A|GH100M,0.10213403,0.041633487,2,1
1MHP_HL_A|GH100S,0.5577475,0.034275375,2,1
1MHP_HL_A|GH53A,0.5126066,0.36851627,2,1
1MHP_HL_A|GH53N,1.2553134,0.3451664,2,1
1MHP_HL_A|GH53S,0.6755934,0.14914405,2,1
1MHP_HL_A|GH54I,1.3635606,-0.0053690225,2,1
1MHP_HL_A|GH54T,1.1641668,0.045548737,2,1
1MHP_HL_A|GH54Y,0.0,-0.44602448,2,1
1MHP_HL_A|GL91Q,1.572685,-0.07194734,2,1
1MHP_HL_A|GL91S,0.5126066,0.09933851,2,1
1MHP_HL_A|HL30K,1.1641668,0.46087158,2,1
1MHP_HL_A|HL30R,1.1237977,-0.46400267,2,1
1MHP_HL_A|HL30W,1.2553134,-0.71327484,2,1
1MHP_HL_A|KH64D,-0.17144196,-0.48916835,2,1
1MHP_HL_A|KH64E,-0.07761467,-0.51512945,2,1
"1MHP_HL_A|KH64E,SL27Q",-0.85684633,-0.65202075,2,1
"1MHP_HL_A|KH64E,SL27Q,NL51Y",-1.0191593,-1.0301392,2,1
1MHP_HL_A|KH64N,-0.03627145,-0.07912015,2,1
1MHP_HL_A|KH64Q,-0.07761467,-0.23881799,2,1
1MHP_HL_A|LH60D,-0.061319917,-0.2600563,2,1
"1MHP_HL_A|LH60D,KH64E",-0.1418005,-0.7226596,2,1
"1MHP_HL_A|LH60D,KH64Q",0.042989343,-0.47658193,2,1
1MHP_HL_A|LL48F,0.71227974,-0.49194825,2,1
1MHP_HL_A|LL48K,0.8612009,0.38277516,2,1
1MHP_HL_A|LL48W,1.9075676,-0.6217552,2,1
1MHP_HL_A|NL29V,1.0493295,-0.2312361,2,1
1MHP_HL_A|NL29W,1.572685,-0.6082481,2,1
1MHP_HL_A|NL29Y,1.9075676,-0.64978665,2,1
"1MHP_HL_A|NL29Y,SL90I",0.43436813,-1.0443561,2,1
1MHP_HL_A|NL51D,0.5007625,-0.27514973,2,1
1MHP_HL_A|NL51E,-0.08868487,-0.3145968,2,1
1MHP_HL_A|NL51K,0.65751,0.116631374,2,1
1MHP_HL_A|NL51R,0.84484076,-0.19520798,2,1
1MHP_HL_A|NL51Y,-0.05162489,-0.35440865,2,1
1MHP_HL_A|RH31Q,1.3073281,0.27447817,2,1
1MHP_HL_A|SH35A,1.572685,0.7028416,2,1
"1MHP_HL_A|SH35A,GH102S",1.572685,0.87063634,2,1
1MHP_HL_A|SH35Q,2.727121,-0.13910568,2,1
"1MHP_HL_A|SH35V,GH102S",1.4256749,0.3672368,2,1
1MHP_HL_A|SH52M,2.0758402,-0.020541728,2,1
1MHP_HL_A|SL23R,-0.21533228,-0.30765042,2,1
1MHP_HL_A|SL27Q,-0.6661127,-0.104918845,2,1
1MHP_HL_A|SL90Q,1.7740332,-0.13330051,2,1
1MHP_HL_A|SL90T,2.3166485,-0.056581892,2,1
"1MHP_HL_A|TH33E,GH53Q",1.6674565,0.02280087,2,1
"1MHP_HL_A|TH33I,SH52T,GH53N,GH54N",1.9075676,1.2102958,2,1
"1MHP_HL_A|TH33I,SH52T,GH53Q,GH54F",1.2553134,0.6230003,2,1
1MHP_HL_A|TH33N,2.727121,0.05986379,2,1
1MHP_HL_A|TH33V,0.43436813,-0.18847924,2,1
1MHP_HL_A|TH50V,-0.13159887,-0.10793618,2,1
"1MHP_HL_A|TH50V,GH102S",1.6674565,0.015769467,2,1
"1MHP_HL_A|TH50V,KH64E",-0.1805197,-0.7189319,2,1
"1MHP_HL_A|TH50V,KH64E,SL27Q,NL51E",-1.267319,-1.1019514,2,1
"1MHP_HL_A|TH50V,KH64E,SL27Q,NL51Y",-1.0844951,-1.2687652,2,1
"1MHP_HL_A|TH50V,SH35A",2.0758402,0.59387153,2,1
"1MHP_HL_A|TH50V,SH35V",2.727121,0.048900124,2,1
"1MHP_HL_A|TH50V,SL27Q",-0.6946839,-0.24074689,2,1
"1MHP_HL_A|TH50V,SL27Q,NL51Y",-1.0235296,-0.7531602,2,1
1MHP_HL_A|WL89Q,2.0758402,0.5887191,2,1
"1MHP_HL_A|WL89Q,FL32Y",0.871019,0.31189874,2,1
1MHP_HL_A|YH58E,2.0758402,0.46929342,2,1
1MHP_HL_A|YH58Q,2.0758402,0.73517746,2,1
1MHP_HL_A|YH58W,0.82094526,0.087584995,2,1
1MHP_HL_A|YH59E,0.54400706,0.20992866,2,1
1N8Z_AB_C|DB102W,-0.71302944,-0.39572254,2,1
1N8Z_AB_C|FC539A,0.035102826,1.3165156,2,1
1N8Z_AB_C|HA91F,0.034232877,-1.0732198,2,1
1N8Z_AB_C|LC509A,-0.023045197,0.52972424,2,1
1N8Z_AB_C|NA30S,0.06666317,-0.6423375,2,1
"1N8Z_AB_C|NA30S,HA91F,YA92W",-0.07476232,-1.1515347,2,1
"1N8Z_AB_C|NA30S,HA91F,YA92W,TA94S,DB102W,YB105F,YB109V",0.050661404,-0.9158423,2,1
1N8Z_AB_C|RB50A,2.9754758,1.1057315,2,1
1N8Z_AB_C|RB59A,1.8037988,0.9383297,2,1
1N8Z_AB_C|SC535A,0.030827092,0.8693378,2,1
1N8Z_AB_C|TA94S,0.32168603,-0.36042312,2,1
1N8Z_AB_C|VC536A,0.008972699,0.6139627,2,1
1N8Z_AB_C|YB105F,0.8540034,0.39691007,2,1
1N8Z_AB_C|YB109V,0.23192272,0.25923666,2,1
1XGQ_AB_C|VB33A,1.1525793,1.1660787,2,1
1XGQ_AB_C|VB33F,-2.9080825,-1.0081211,2,1
1XGQ_AB_C|VB33I,-1.1076277,0.28138635,2,1
1XGQ_AB_C|VB33L,-1.0463123,-0.15279797,2,1
1YQV_HL_Y|RY45K,1.8995041,0.2639053,2,1
"1YQV_HL_Y|RY68K,TY40S,IY55V,SY91T",4.0,0.5017974,2,1
"1YQV_HL_Y|RY68K,TY40S,IY55V,SY91T,QY121H",0.0,0.6804292,2,1
1YY9_CD_A|AC25P,0.07225565,-0.4520625,2,1
1YY9_CD_A|AD98P,1.0372273,-0.7217413,2,1
1YY9_CD_A|GD54P,0.26807046,-0.20470083,2,1
1YY9_CD_A|LD29P,0.030827092,0.15969175,2,1
1YY9_CD_A|NC93A,-0.74186975,-0.04342719,2,1
1YY9_CD_A|ND56A,-0.057046015,0.014273517,2,1
1YY9_CD_A|SC26D,-0.19925442,-0.19108427,2,1
"1YY9_CD_A|SC26D,TC31E,NC93A",-1.3329437,-0.71600586,2,1
"1YY9_CD_A|SC26D,TC31E,NC93A,ND56A,TD61E",-0.6517935,-1.0426834,2,1
1YY9_CD_A|SC26P,-0.009110746,0.027937628,2,1
1YY9_CD_A|SC28P,-0.22229962,-0.060558073,2,1
1YY9_CD_A|SC54P,-0.018363854,-0.012034304,2,1
1YY9_CD_A|SD53P,0.8175451,0.029456493,2,1
1YY9_CD_A|TC31E,-0.51892465,-0.21108976,2,1
"1YY9_CD_A|TC31E,NC93A",-0.81853306,-0.4936983,2,1
1YY9_CD_A|TC96P,4.0,-0.24024111,2,1
1YY9_CD_A|TD61E,-0.057046015,-0.44881588,2,1
1YY9_CD_A|WD52P,1.4782712,1.1988804,2,1
1YY9_CD_A|YD101P,1.6514195,0.6785808,2,1
3NPS_A_BC|DA214A,1.466743,1.1385974,2,1
3NPS_A_BC|DA46A,0.3399866,1.3866783,2,1
3NPS_A_BC|DA47A,1.0674704,1.4717662,2,1
3NPS_A_BC|DA91A,1.5070341,1.3206884,2,1
3NPS_A_BC|EA163A,0.61534816,1.0632299,2,1
3NPS_A_BC|FA50A,0.21957076,1.3907393,2,1
3NPS_A_BC|FA89A,1.5714045,1.9594494,2,1
3NPS_A_BC|FA92A,0.46353978,1.6231114,2,1
3NPS_A_BC|HA138A,1.8750918,1.4995694,2,1
3NPS_A_BC|IA26A,0.6415425,0.4913288,2,1
3NPS_A_BC|IA45A,-0.33181784,0.5365758,2,1
3NPS_A_BC|KA221A,-0.10361039,1.1569276,2,1
3NPS_A_BC|LA147A,0.29573628,0.36516172,2,1
3NPS_A_BC|NA90A,0.25341922,0.9681589,2,1
3NPS_A_BC|QA140A,0.29573628,1.2084253,2,1
3NPS_A_BC|QA168A,-0.059223834,0.97212285,2,1
3NPS_A_BC|QA169A,0.7409076,2.0458589,2,1
3NPS_A_BC|QA218A,-0.040916756,1.2581367,2,1
3NPS_A_BC|QA23A,0.026323749,1.276682,2,1
3NPS_A_BC|RA219A,-0.08390186,-0.11275781,2,1
3NPS_A_BC|RA48A,-1.062741,0.23256212,2,1
3NPS_A_BC|RA51A,0.13816836,0.41758245,2,1
3NPS_A_BC|RA82A,-0.15159543,0.43289268,2,1
3NPS_A_BC|TA144A,0.17497002,0.90478456,2,1
3NPS_A_BC|TA93A,0.72381234,1.2127216,2,1
3NPS_A_BC|YA141A,1.7748737,1.7751899,2,1
3NPS_A_BC|YA52A,0.4518898,0.9852738,2,1
3W2D_A_HL|KA67N,4.0,-0.36917183,2,1
3W2D_A_HL|KA67R,-0.42812017,0.061297894,2,1
3W2D_A_HL|YA45F,0.8779443,-0.61871934,2,1
3W2D_A_HL|YA45L,2.3647563,-0.117178984,2,1
"4KRO_A_B|DA321T,FA323A",0.1269707,0.6235152,2,1
"4KRP_A_B|DA277T,FA279A",0.35829666,0.6067881,2,1
4NM8_ABCDEF_HL|DB19N,0.66149956,1.086851,2,1
4NM8_ABCDEF_HL|IB18M,0.10977998,-0.14061886,2,1
4NM8_ABCDEF_HL|LB38Y,-0.6151596,0.20974475,2,1
4NM8_ABCDEF_HL|QB34R,2.9754758,0.5675029,2,1
4NM8_ABCDEF_HL|QB34T,2.3309386,0.2526271,2,1
4NM8_ABCDEF_HL|RB25M,3.442353,-0.20078534,2,1
4NM8_ABCDEF_HL|TB32E,-0.5517196,-0.21760851,2,1
4NM8_ABCDEF_HL|TB32I,-0.050205972,0.8345534,2,1
4NM8_ABCDEF_HL|TB32R,1.2211944,0.46444336,2,1
1DVF_AB_CD|DB100A,2.7895143,1.3475972,2,2
"1DVF_AB_CD|DB100A,DD52A",4.0,2.0312889,2,2
"1DVF_AB_CD|DB100A,HD33A",4.0,1.7068825,2,2
"1DVF_AB_CD|DB100A,ND55A",4.0,0.8569676,2,2
1DVF_AB_CD|DB54A,4.0,0.7466003,2,2
"1DVF_AB_CD|DB54A,YC49A",4.0,1.8120054,2,2
1DVF_AB_CD|DB58A,1.6000048,0.38933313,2,2
"1DVF_AB_CD|DB58A,QD104A",1.4641725,0.8986246,2,2
1DVF_AB_CD|DD52A,1.6822901,1.1445404,2,2
1DVF_AB_CD|EB98A,4.0,1.3514767,2,2
"1DVF_AB_CD|EB98A,YD102A",4.0,1.9725299,2,2
1DVF_AB_CD|HA30A,1.6493824,0.57662874,2,2
1DVF_AB_CD|HD33A,1.8606005,0.64995754,2,2
1DVF_AB_CD|ID101A,2.6815457,0.82335037,2,2
1DVF_AB_CD|KD30A,1.0035173,0.38350993,2,2
1DVF_AB_CD|NB56A,1.1624389,0.10040282,2,2
"1DVF_AB_CD|NB56A,HD33A",2.5259995,0.790953,2,2
"1DVF_AB_CD|NB56A,ND55A",2.3010929,0.018992528,2,2
"1DVF_AB_CD|NB56A,QD104A",1.4868644,0.7214721,2,2
1DVF_AB_CD|ND55A,1.8606005,0.25507727,2,2
1DVF_AB_CD|QD104A,1.6287225,0.76964253,2,2
1DVF_AB_CD|RB99A,1.8746451,0.674199,2,2
1DVF_AB_CD|RD106A,4.0,1.2357671,2,2
1DVF_AB_CD|SA93A,1.1624389,0.066052444,2,2
1DVF_AB_CD|TB30A,0.9075126,-0.19068596,2,2
1DVF_AB_CD|WA92A,0.34072307,0.9602798,2,2
1DVF_AB_CD|WB52A,4.0,2.4266646,2,2
"1DVF_AB_CD|WB52A,QD104A",4.0,3.317625,2,2
1DVF_AB_CD|YA32A,2.0303695,1.054761,2,2
"1DVF_AB_CD|YA32A,RD106A",4.0,1.5226479,2,2
1DVF_AB_CD|YA49A,1.6785902,1.6153152,2,2
"1DVF_AB_CD|YA49A,HD33A",2.625045,2.020568,2,2
"1DVF_AB_CD|YA49A,ND55A",2.0303695,1.0934863,2,2
1DVF_AB_CD|YA50A,0.6877736,1.504515,2,2
1DVF_AB_CD|YB101F,2.0123136,1.5292464,2,2
1DVF_AB_CD|YB32A,1.8314707,1.2968891,2,2
1DVF_AB_CD|YC49A,1.8606005,1.0700788,2,2
1DVF_AB_CD|YD102A,4.0,1.0289601,2,2
1MHP_HL_A|FH99W,0.0,0.30370423,2,2
1MHP_HL_A|FH99Y,0.75466895,-0.017984852,2,2
1MHP_HL_A|GH100F,0.38901797,-0.06333377,2,2
1MHP_HL_A|GH100L,2.727121,1.0277952,2,2
1MHP_HL_A|GH100M,0.10213403,0.9437656,2,2
1MHP_HL_A|GH100S,0.5577475,0.62152416,2,2
1MHP_HL_A|GH53A,0.5126066,0.828787,2,2
1MHP_HL_A|GH53N,1.2553134,-0.34425718,2,2
1MHP_HL_A|GH53S,0.6755934,0.11624067,2,2
1MHP_HL_A|GH54I,1.3635606,0.38885522,2,2
1MHP_HL_A|GH54T,1.1641668,0.10173278,2,2
1MHP_HL_A|GH54Y,0.0,-0.25559503,2,2
1MHP_HL_A|GL91Q,1.572685,0.20227957,2,2
1MHP_HL_A|GL91S,0.5126066,0.3305344,2,2
1MHP_HL_A|HL30K,1.1641668,0.8646359,2,2
1MHP_HL_A|HL30R,1.1237977,-0.014226876,2,2
1MHP_HL_A|HL30W,1.2553134,-0.4510703,2,2
1MHP_HL_A|KH64D,-0.17144196,0.057547353,2,2
1MHP_HL_A|KH64E,-0.07761467,0.020691857,2,2
"1MHP_HL_A|KH64E,SL27Q",-0.85684633,-0.30312318,2,2
"1MHP_HL_A|KH64E,SL27Q,NL51Y",-1.0191593,-0.7463053,2,2
1MHP_HL_A|KH64N,-0.03627145,0.23718849,2,2
1MHP_HL_A|KH64Q,-0.07761467,0.29004854,2,2
1MHP_HL_A|LH60D,-0.061319917,-0.3799522,2,2
"1MHP_HL_A|LH60D,KH64E",-0.1418005,-0.06950345,2,2
"1MHP_HL_A|LH60D,KH64Q",0.042989343,-0.062686436,2,2
1MHP_HL_A|LL48F,0.71227974,-1.260161,2,2
1MHP_HL_A|LL48K,0.8612009,-0.18834424,2,2
1MHP_HL_A|LL48W,1.9075676,-1.0131848,2,2
1MHP_HL_A|NL29V,1.0493295,0.865148,2,2
1MHP_HL_A|NL29W,1.572685,-0.014293164,2,2
1MHP_HL_A|NL29Y,1.9075676,-0.43492907,2,2
"1MHP_HL_A|NL29Y,SL90I",0.43436813,-0.9482359,2,2
1MHP_HL_A|NL51D,0.5007625,0.5415538,2,2
1MHP_HL_A|NL51E,-0.08868487,0.84173787,2,2
1MHP_HL_A|NL51K,0.65751,1.0923189,2,2
1MHP_HL_A|NL51R,0.84484076,0.81736773,2,2
1MHP_HL_A|NL51Y,-0.05162489,0.41719747,2,2
1MHP_HL_A|RH31Q,1.3073281,0.48633122,2,2
1MHP_HL_A|SH35A,1.572685,0.89998573,2,2
"1MHP_HL_A|SH35A,GH102S",1.572685,2.1154509,2,2
1MHP_HL_A|SH35Q,2.727121,-0.011915967,2,2
"1MHP_HL_A|SH35V,GH102S",1.4256749,2.2120888,2,2
1MHP_HL_A|SH52M,2.0758402,0.9996385,2,2
1MHP_HL_A|SL23R,-0.21533228,0.14382605,2,2
1MHP_HL_A|SL27Q,-0.6661127,0.0307739,2,2
1MHP_HL_A|SL90Q,1.7740332,-0.21342808,2,2
1MHP_HL_A|SL90T,2.3166485,-0.36150324,2,2
"1MHP_HL_A|TH33E,GH53Q",1.6674565,0.7583485,2,2
"1MHP_HL_A|TH33I,SH52T,GH53N,GH54N",1.9075676,0.67829645,2,2
"1MHP_HL_A|TH33I,SH52T,GH53Q,GH54F",1.2553134,0.98161405,2,2
1MHP_HL_A|TH33N,2.727121,0.41624832,2,2
1MHP_HL_A|TH33V,0.43436813,1.5135372,2,2
1MHP_HL_A|TH50V,-0.13159887,0.907751,2,2
"1MHP_HL_A|TH50V,GH102S",1.6674565,1.7750977,2,2
"1MHP_HL_A|TH50V,KH64E",-0.1805197,0.2699563,2,2
"1MHP_HL_A|TH50V,KH64E,SL27Q,NL51E",-1.267319,-0.5837423,2,2
"1MHP_HL_A|TH50V,KH64E,SL27Q,NL51Y",-1.0844951,-0.933682,2,2
"1MHP_HL_A|TH50V,SH35A",2.0758402,1.3423389,2,2
"1MHP_HL_A|TH50V,SH35V",2.727121,1.4162346,2,2
"1MHP_HL_A|TH50V,SL27Q",-0.6946839,0.38245422,2,2
"1MHP_HL_A|TH50V,SL27Q,NL51Y",-1.0235296,-0.21976113,2,2
1MHP_HL_A|WL89Q,2.0758402,1.4129179,2,2
"1MHP_HL_A|WL89Q,FL32Y",0.871019,0.66706616,2,2
1MHP_HL_A|YH58E,2.0758402,1.2182153,2,2
1MHP_HL_A|YH58Q,2.0758402,1.1911703,2,2
1MHP_HL_A|YH58W,0.82094526,0.66682225,2,2
1MHP_HL_A|YH59E,0.54400706,0.82208633,2,2
1N8Z_AB_C|DB102W,-0.71302944,-0.14447641,2,2
1N8Z_AB_C|FC539A,0.035102826,0.7513157,2,2
1N8Z_AB_C|HA91F,0.034232877,-0.45493048,2,2
1N8Z_AB_C|LC509A,-0.023045197,0.77559775,2,2
1N8Z_AB_C|NA30S,0.06666317,0.5947881,2,2
"1N8Z_AB_C|NA30S,HA91F,YA92W",-0.07476232,0.02153837,2,2
"1N8Z_AB_C|NA30S,HA91F,YA92W,TA94S,DB102W,YB105F,YB109V",0.050661404,0.050467987,2,2
1N8Z_AB_C|RB50A,2.9754758,1.0735693,2,2
1N8Z_AB_C|RB59A,1.8037988,1.0066863,2,2
1N8Z_AB_C|SC535A,0.030827092,0.44501033,2,2
1N8Z_AB_C|TA94S,0.32168603,0.2610577,2,2
1N8Z_AB_C|VC536A,0.008972699,0.92648715,2,2
1N8Z_AB_C|YB105F,0.8540034,0.99520427,2,2
1N8Z_AB_C|YB109V,0.23192272,0.699586,2,2
1XGQ_AB_C|VB33A,1.1525793,1.0933082,2,2
1XGQ_AB_C|VB33F,-2.9080825,-1.9694293,2,2
1XGQ_AB_C|VB33I,-1.1076277,-0.80250293,2,2
1XGQ_AB_C|VB33L,-1.0463123,-0.9448921,2,2
1YQV_HL_Y|RY45K,1.8995041,0.16622049,2,2
"1YQV_HL_Y|RY68K,TY40S,IY55V,SY91T",4.0,1.7673568,2,2
"1YQV_HL_Y|RY68K,TY40S,IY55V,SY91T,QY121H",0.0,1.5266367,2,2
1YY9_CD_A|AC25P,0.07225565,-0.17164361,2,2
1YY9_CD_A|AD98P,1.0372273,-0.23927253,2,2
1YY9_CD_A|GD54P,0.26807046,-0.041848786,2,2
1YY9_CD_A|LD29P,0.030827092,-0.27067986,2,2
1YY9_CD_A|NC93A,-0.74186975,0.527751,2,2
1YY9_CD_A|ND56A,-0.057046015,0.224244,2,2
1YY9_CD_A|SC26D,-0.19925442,-0.42050666,2,2
"1YY9_CD_A|SC26D,TC31E,NC93A",-1.3329437,-0.11023123,2,2
"1YY9_CD_A|SC26D,TC31E,NC93A,ND56A,TD61E",-0.6517935,-1.0141041,2,2
1YY9_CD_A|SC26P,-0.009110746,0.04352462,2,2
1YY9_CD_A|SC28P,-0.22229962,0.18931088,2,2
1YY9_CD_A|SC54P,-0.018363854,0.22181526,2,2
1YY9_CD_A|SD53P,0.8175451,0.1806691,2,2
1YY9_CD_A|TC31E,-0.51892465,0.3918891,2,2
"1YY9_CD_A|TC31E,NC93A",-0.81853306,0.29445112,2,2
1YY9_CD_A|TC96P,4.0,0.30369347,2,2
1YY9_CD_A|TD61E,-0.057046015,-0.33349046,2,2
1YY9_CD_A|WD52P,1.4782712,1.243808,2,2
1YY9_CD_A|YD101P,1.6514195,1.3879089,2,2
3NPS_A_BC|DA214A,1.466743,0.9940106,2,2
3NPS_A_BC|DA46A,0.3399866,1.0669403,2,2
3NPS_A_BC|DA47A,1.0674704,1.2787935,2,2
3NPS_A_BC|DA91A,1.5070341,1.155744,2,2
3NPS_A_BC|EA163A,0.61534816,0.32550836,2,2
3NPS_A_BC|FA50A,0.21957076,1.5491942,2,2
3NPS_A_BC|FA89A,1.5714045,2.4533327,2,2
3NPS_A_BC|FA92A,0.46353978,1.489318,2,2
3NPS_A_BC|HA138A,1.8750918,1.0817397,2,2
3NPS_A_BC|IA26A,0.6415425,0.8395313,2,2
3NPS_A_BC|IA45A,-0.33181784,0.87888366,2,2
3NPS_A_BC|KA221A,-0.10361039,0.880085,2,2
3NPS_A_BC|LA147A,0.29573628,-0.04237064,2,2
3NPS_A_BC|NA90A,0.25341922,0.94422984,2,2
3NPS_A_BC|QA140A,0.29573628,0.42781976,2,2
3NPS_A_BC|QA168A,-0.059223834,0.56139183,2,2
3NPS_A_BC|QA169A,0.7409076,1.803138,2,2
3NPS_A_BC|QA218A,-0.040916756,1.212886,2,2
3NPS_A_BC|QA23A,0.026323749,0.7420591,2,2
3NPS_A_BC|RA219A,-0.08390186,-0.08473598,2,2
3NPS_A_BC|RA48A,-1.062741,0.11929075,2,2
3NPS_A_BC|RA51A,0.13816836,0.34889188,2,2
3NPS_A_BC|RA82A,-0.15159543,0.29026207,2,2
3NPS_A_BC|TA144A,0.17497002,0.93727607,2,2
3NPS_A_BC|TA93A,0.72381234,1.791216,2,2
3NPS_A_BC|YA141A,1.7748737,1.9098942,2,2
3NPS_A_BC|YA52A,0.4518898,0.3392361,2,2
3W2D_A_HL|KA67N,4.0,0.85837203,2,2
3W2D_A_HL|KA67R,-0.42812017,0.7947703,2,2
3W2D_A_HL|YA45F,0.8779443,-1.4720024,2,2
3W2D_A_HL|YA45L,2.3647563,0.15579465,2,2
"4KRO_A_B|DA321T,FA323A",0.1269707,0.70753825,2,2
"4KRP_A_B|DA277T,FA279A",0.35829666,0.7991393,2,2
4NM8_ABCDEF_HL|DB19N,0.66149956,1.0299665,2,2
4NM8_ABCDEF_HL|IB18M,0.10977998,0.8411302,2,2
4NM8_ABCDEF_HL|LB38Y,-0.6151596,0.06817596,2,2
4NM8_ABCDEF_HL|QB34R,2.9754758,1.3909038,2,2
4NM8_ABCDEF_HL|QB34T,2.3309386,0.9387799,2,2
4NM8_ABCDEF_HL|RB25M,3.442353,0.5907059,2,2
4NM8_ABCDEF_HL|TB32E,-0.5517196,0.33237624,2,2
4NM8_ABCDEF_HL|TB32I,-0.050205972,1.4399163,2,2
4NM8_ABCDEF_HL|TB32R,1.2211944,0.98057973,2,2
"1CZ8_HL_VW|LL4M,DH28T,HH31N,YH101H,TH105S",2.939849,1.270222,3,0
1KIR_AB_C|SA50Y,-1.3870943,-1.2466996,3,0
1MLC_AB_E|KB65D,0.018548755,-1.1091,3,0
1MLC_AB_E|NA32G,-0.8773867,-0.08933575,3,0
"1MLC_AB_E|NA32G,NA92A",-0.6866531,0.0841965,3,0
"1MLC_AB_E|NA32G,NA92A,SB57V,TB58D",-1.7349738,-1.6884695,3,0
1MLC_AB_E|NA32Y,0.0,-1.4213324,3,0
1MLC_AB_E|NA92A,-1.2533532,0.7246951,3,0
"1MLC_AB_E|NA92A,SB57V,TB58D",-2.394188,-1.4698029,3,0
"1MLC_AB_E|NA92A,TB28D,SB57V,TB58D",-2.5813644,-1.126192,3,0
"1MLC_AB_E|NA92A,TB28D,SB57V,TB58D,EB35S,GB99D",-2.9539242,-0.65383744,3,0
"1MLC_AB_E|NA92A,TB28D,SB57V,TB58D,GB99D",-0.20357698,-0.5996202,3,0
"1MLC_AB_E|NA92A,TB28D,SB57V,TB58D,NA32L",-2.5843081,-1.4446559,3,0
"1MLC_AB_E|NA92A,TB28D,SB57V,TB58D,RB98M,DB100Q",-0.41047263,-0.8504702,3,0
"1MLC_AB_E|NA92A,TB28D,SB57V,TB58D,SA91N,SA93A",-1.6104395,-0.020373322,3,0
"1MLC_AB_E|NA92A,TB28D,SB57V,TB58D,SB30G",-2.3584673,-0.61390215,3,0
"1MLC_AB_E|NA92A,TB28D,SB57V,TB58D,YB32W,RB98V,DB100Q",0.36138764,-0.45308897,3,0
"1MLC_AB_E|NA92A,TB28D,SB57V,TB58D,YB59E",-1.4661698,-0.09650762,3,0
1MLC_AB_E|SB57A,-0.37902167,0.5462274,3,0
1MLC_AB_E|SB57V,-0.49418068,-0.57253265,3,0
"1MLC_AB_E|SB57V,TB58D",-0.9877286,-1.5467354,3,0
1MLC_AB_E|TB28D,-0.15094383,-0.19433928,3,0
1MLC_AB_E|TB31A,0.44700673,0.4281046,3,0
1MLC_AB_E|TB31V,0.5262404,-0.40196434,3,0
1MLC_AB_E|TB31W,0.13214268,-1.0112286,3,0
1MLC_AB_E|TB58D,-0.55968237,-0.55979395,3,0
1NCA_N_LH|DH101K,0.71416,1.4063525,3,0
1NCA_N_LH|EH100D,0.41047263,0.09783726,3,0
1NCA_N_LH|NH102Q,0.5426153,-0.21555975,3,0
1NCA_N_LH|NH31Q,0.0,-0.2621696,3,0
1NMB_N_LH|DH57E,2.9536283,0.64583784,3,0
1NMB_N_LH|DH57N,2.9536283,0.966812,3,0
1NMB_N_LH|LL94V,0.9000208,-0.82581484,3,0
1NMB_N_LH|TL93F,-0.023903161,-0.20802337,3,0
1NMB_N_LH|TL93W,0.18419003,-0.82767296,3,0
1NMB_N_LH|YH103A,2.14062,1.5832143,3,0
1NMB_N_LH|YH105F,1.4194101,1.8993096,3,0
1NMB_N_LH|YL32F,0.46632215,2.3822422,3,0
1VFB_AB_C|DB100A,3.005002,2.5231876,3,0
"1VFB_AB_C|DB100A,SC24A",3.369756,3.4229038,3,0
1VFB_AB_C|DB54A,0.8151114,1.617023,3,0
"1VFB_AB_C|DB54A,TC118A",1.2546439,1.9713811,3,0
1VFB_AB_C|DB58A,-0.20700333,1.1118947,3,0
1VFB_AB_C|DB58E,0.078081094,0.2737565,3,0
1VFB_AB_C|DB58N,-0.12818155,0.4358078,3,0
1VFB_AB_C|DC119A,0.9530879,2.5877087,3,0
1VFB_AB_C|DC18A,0.34013057,2.8416693,3,0
1VFB_AB_C|EB98A,1.1565572,1.2130785,3,0
1VFB_AB_C|GB31A,0.30646533,0.843119,3,0
1VFB_AB_C|GB31E,-0.5097613,0.4878905,3,0
1VFB_AB_C|GB31W,0.0039611305,0.32096368,3,0
1VFB_AB_C|HA30A,0.84488255,1.4943935,3,0
1VFB_AB_C|IC124A,1.2314179,0.72342575,3,0
1VFB_AB_C|KC116A,0.7134504,2.207326,3,0
1VFB_AB_C|LC129A,0.17154472,0.44321647,3,0
1VFB_AB_C|NA31W,0.17432266,-0.77068,3,0
1VFB_AB_C|NB56A,0.17771798,0.3617758,3,0
1VFB_AB_C|NC19A,0.3960868,1.3367004,3,0
1VFB_AB_C|QC121A,2.876998,0.77486384,3,0
1VFB_AB_C|RB99A,-0.099735305,1.4867249,3,0
1VFB_AB_C|RB99W,0.7049742,-0.41007802,3,0
1VFB_AB_C|RB99Y,1.235379,-0.60200053,3,0
1VFB_AB_C|RC125A,1.8368999,1.137955,3,0
1VFB_AB_C|SA93A,0.34312394,0.7942905,3,0
1VFB_AB_C|SB28D,0.0,-0.13454553,3,0
1VFB_AB_C|SB28E,-0.104007296,-0.08355083,3,0
1VFB_AB_C|SB28N,0.14394745,-0.020026527,3,0
1VFB_AB_C|SB28Q,0.078081094,0.0821804,3,0
1VFB_AB_C|SC24A,0.850965,1.3163806,3,0
1VFB_AB_C|TA52F,0.4708752,-0.4243472,3,0
1VFB_AB_C|TA53R,1.6458516,-0.618381,3,0
1VFB_AB_C|TB30A,-0.05584954,0.087995835,3,0
1VFB_AB_C|TC118A,0.7650957,0.9267696,3,0
1VFB_AB_C|VC120A,0.9169499,0.6488285,3,0
1VFB_AB_C|WA92A,3.037848,1.7873993,3,0
"1VFB_AB_C|WA92A,IC124A",3.8503337,2.4028847,3,0
"1VFB_AB_C|WA92A,LC129A",3.3073628,1.8128997,3,0
"1VFB_AB_C|WA92A,QC121A",3.5189366,2.7019176,3,0
"1VFB_AB_C|WA92A,RC125A",3.3932896,2.5461082,3,0
1VFB_AB_C|WB52A,0.6406274,2.8213081,3,0
"1VFB_AB_C|WB52A,DC119A",2.2473724,4.307244,3,0
1VFB_AB_C|YA32A,1.5281335,2.767978,3,0
"1VFB_AB_C|YA32A,IC124A",2.9057157,2.883499,3,0
"1VFB_AB_C|YA32A,QC121A",1.586041,3.4006548,3,0
1VFB_AB_C|YA49A,0.79754156,2.243808,3,0
1VFB_AB_C|YA50A,0.456086,3.2521362,3,0
"1VFB_AB_C|YA50A,DC119A",1.2314179,4.1259503,3,0
"1VFB_AB_C|YA50A,DC18A",1.265924,4.3708816,3,0
1VFB_AB_C|YA50K,1.7156012,2.5742714,3,0
1VFB_AB_C|YA50R,0.8443241,1.7901827,3,0
1VFB_AB_C|YB101F,1.2695644,1.6780756,3,0
"1VFB_AB_C|YB101F,DC119A",2.736521,3.533292,3,0
"1VFB_AB_C|YB101F,VC120A",2.5384777,2.1492934,3,0
1VFB_AB_C|YB32A,0.7916793,1.8615474,3,0
"1VFB_AB_C|YB32A,KC116A",1.586041,2.889039,3,0
1VFB_AB_C|YB32E,1.9021881,1.1084496,3,0
1VFB_AB_C|YC23A,0.41047263,1.5357682,3,0
1XGP_AB_C|AB33F,-4.0,-1.6584624,3,0
1XGP_AB_C|AB33I,-2.260207,-1.5217814,3,0
1XGP_AB_C|AB33L,-2.1988916,-1.330286,3,0
1XGP_AB_C|AB33V,-1.1525793,-1.242535,3,0
2JEL_LH_P|AP82S,0.0,-0.6276028,3,0
2JEL_LH_P|DP69E,0.9530879,1.2473748,3,0
2JEL_LH_P|EP5D,0.41047263,-0.9337661,3,0
2JEL_LH_P|EP5Q,0.7129768,0.059084877,3,0
2JEL_LH_P|EP68A,0.41047263,0.87197644,3,0
2JEL_LH_P|EP75R,2.727121,0.43790472,3,0
2JEL_LH_P|EP83A,0.0,0.9701978,3,0
2JEL_LH_P|EP85A,0.0,0.7406882,3,0
2JEL_LH_P|EP85D,0.0,-0.44852468,3,0
2JEL_LH_P|EP85K,0.0,-0.21247876,3,0
2JEL_LH_P|EP85Q,0.0,0.31435582,3,0
2JEL_LH_P|FP2W,2.6191528,1.3524961,3,0
2JEL_LH_P|FP2Y,0.0,-0.5996169,3,0
2JEL_LH_P|HP76A,-0.41047263,1.4367372,3,0
2JEL_LH_P|HP76D,-0.65058374,-0.39731002,3,0
2JEL_LH_P|KP24E,0.0,1.5998596,3,0
2JEL_LH_P|KP27E,0.0,1.48691,3,0
2JEL_LH_P|KP72E,0.41047263,0.5504476,3,0
2JEL_LH_P|KP72R,0.0,0.5902543,3,0
2JEL_LH_P|KP79E,0.41047263,1.1674851,3,0
2JEL_LH_P|NP12D,0.0,-0.6433264,3,0
2JEL_LH_P|NP38T,0.0,0.277526,3,0
2JEL_LH_P|PP11E,0.0,-0.48248568,3,0
2JEL_LH_P|QP3K,4.0,-0.783257,3,0
2JEL_LH_P|QP4K,1.3635606,-0.8427279,3,0
2JEL_LH_P|QP57E,-0.41047263,0.30806762,3,0
2JEL_LH_P|QP71E,2.727121,0.49849364,3,0
2JEL_LH_P|RP17G,0.0,1.1728268,3,0
2JEL_LH_P|RP17K,0.0,-0.0014178976,3,0
2JEL_LH_P|SP41C,1.4957032,1.6348577,3,0
2JEL_LH_P|SP43C,0.0,1.0235023,3,0
2JEL_LH_P|SP46C,0.0,1.3022877,3,0
2JEL_LH_P|SP64T,4.0,-0.13831815,3,0
2JEL_LH_P|TP34Q,0.0,0.38050973,3,0
2JEL_LH_P|TP36Q,0.41047263,0.22006959,3,0
2JEL_LH_P|TP62A,0.0,1.5566665,3,0
2JEL_LH_P|TP62N,0.0,1.320772,3,0
2JEL_LH_P|TP7N,0.41047263,0.98832905,3,0
2JEL_LH_P|TP7S,0.0,0.22414583,3,0
2JEL_LH_P|VP6F,0.0,-0.502922,3,0
"2NY7_HL_G|CG27I,CG226Q",0.19971907,-1.1537496,3,0
"2NY7_HL_G|CG27I,CG226Q,MG231A",0.20319231,-1.2189865,3,0
"2NY7_HL_G|GG229C,MG231A",-0.37879732,0.5845007,3,0
"2NY7_HL_G|GG229C,WG13M,MG231A,CG14W,CG110V,CG27I,CG226Q",0.21462485,-2.2572064,3,0
"2NY7_HL_G|KG66C,EG102C,CG27I,CG226Q",0.04085667,-1.0815839,3,0
"2NY7_HL_G|KG66C,EG102C,WG13M,MG231A,CG14W,CG110V,CG27I,CG226Q",0.3998023,-2.2276347,3,0
"2NY7_HL_G|KG66C,EG103C,WG13M,MG231A,CG14W,CG110V,CG27I,CG226Q",0.29989544,-2.055528,3,0
"2NY7_HL_G|WG13M,MG231A,CG14W,CG110V",1.1574335,-0.91798484,3,0
"2NY7_HL_G|WG13M,MG231A,CG14W,CG110V,CG27I,CG226Q",0.44904727,-2.1840641,3,0
"2NY7_HL_G|WG13M,MG231A,CG14W,CG110V,KG66C,EG102C",0.55101526,0.54251134,3,0
"2NY7_HL_G|WG13M,SG92T,WG181S,MG231A,CG14W,CG110V,CG27I,CG226Q",-0.3035898,-2.3706753,3,0
3BN9_B_CD|DB214A,0.5662115,2.7505584,3,0
3BN9_B_CD|DB46A,0.42238826,2.5663915,3,0
3BN9_B_CD|DB47A,0.31110755,1.9553347,3,0
3BN9_B_CD|EB163A,0.37321588,0.91784376,3,0
3BN9_B_CD|FB50A,-0.044997852,1.7284669,3,0
3BN9_B_CD|FB89A,0.6392419,3.3087373,3,0
3BN9_B_CD|HB138A,0.085063316,1.4447439,3,0
3BN9_B_CD|IB26A,0.0,1.0062058,3,0
3BN9_B_CD|IB45A,0.8352155,0.79355586,3,0
3BN9_B_CD|KB221A,0.7849689,2.1601222,3,0
3BN9_B_CD|LB147A,0.33619216,0.10620349,3,0
3BN9_B_CD|NB90A,0.7733444,2.0559707,3,0
3BN9_B_CD|PD104H,2.4272547,-0.49927846,3,0
3BN9_B_CD|QB140A,0.1331048,0.75861865,3,0
3BN9_B_CD|QB168A,-0.03469869,0.7740066,3,0
3BN9_B_CD|QB169A,2.5089848,1.682552,3,0
3BN9_B_CD|QB218A,0.70571065,0.8355327,3,0
3BN9_B_CD|QB23A,-0.41530684,0.64400214,3,0
3BN9_B_CD|QD105V,1.2241027,0.6728511,3,0
3BN9_B_CD|RB219A,-0.093698174,0.4902496,3,0
3BN9_B_CD|RB48A,-0.044997852,2.0921988,3,0
3BN9_B_CD|RB51A,-0.07155777,1.4428068,3,0
3BN9_B_CD|RB82A,-0.15923285,1.1620058,3,0
3BN9_B_CD|SD30G,1.1861069,0.26804742,3,0
3BN9_B_CD|SD30N,1.145505,0.55718756,3,0
3BN9_B_CD|TB144A,0.2908351,0.4469562,3,0
3BN9_B_CD|TB93A,1.1320528,1.8455902,3,0
3BN9_B_CD|TD102Q,-0.02153644,-0.06320021,3,0
3BN9_B_CD|TD102R,-0.058294915,0.0664945,3,0
3BN9_B_CD|TD28R,0.33290586,0.1207345,3,0
3BN9_B_CD|YB141A,1.0846525,3.2470658,3,0
3BN9_B_CD|YB52A,0.018951595,2.0380104,3,0
3BN9_B_CD|YD103S,0.45868576,1.3318192,3,0
4GXU_ABCDEF_MN|DA189E,2.1650882,2.3189304,3,0
"4GXU_ABCDEF_MN|DA189E,DA224G",3.0102077,2.9220152,3,0
4GXU_ABCDEF_MN|DA224G,1.9608781,1.6021062,3,0
"1CZ8_HL_VW|LL4M,DH28T,HH31N,YH101H,TH105S",2.939849,1.8039387,3,1
1KIR_AB_C|SA50Y,-1.3870943,-0.41712734,3,1
1MLC_AB_E|KB65D,0.018548755,-0.31000128,3,1
1MLC_AB_E|NA32G,-0.8773867,-0.06743097,3,1
"1MLC_AB_E|NA32G,NA92A",-0.6866531,-0.34242535,3,1
"1MLC_AB_E|NA32G,NA92A,SB57V,TB58D",-1.7349738,-2.1482878,3,1
1MLC_AB_E|NA32Y,0.0,-0.7072973,3,1
1MLC_AB_E|NA92A,-1.2533532,0.19425863,3,1
"1MLC_AB_E|NA92A,SB57V,TB58D",-2.394188,-1.691179,3,1
"1MLC_AB_E|NA92A,TB28D,SB57V,TB58D",-2.5813644,-2.313992,3,1
"1MLC_AB_E|NA92A,TB28D,SB57V,TB58D,EB35S,GB99D",-2.9539242,-1.4252247,3,1
"1MLC_AB_E|NA92A,TB28D,SB57V,TB58D,GB99D",-0.20357698,-1.7273197,3,1
"1MLC_AB_E|NA92A,TB28D,SB57V,TB58D,NA32L",-2.5843081,-3.0977376,3,1
"1MLC_AB_E|NA92A,TB28D,SB57V,TB58D,RB98M,DB100Q",-0.41047263,-2.3438473,3,1
"1MLC_AB_E|NA92A,TB28D,SB57V,TB58D,SA91N,SA93A",-1.6104395,-1.4656212,3,1
"1MLC_AB_E|NA92A,TB28D,SB57V,TB58D,SB30G",-2.3584673,-1.8215541,3,1
"1MLC_AB_E|NA92A,TB28D,SB57V,TB58D,YB32W,RB98V,DB100Q",0.36138764,-2.2748368,3,1
"1MLC_AB_E|NA92A,TB28D,SB57V,TB58D,YB59E",-1.4661698,-1.8850261,3,1
1MLC_AB_E|SB57A,-0.37902167,-0.27302995,3,1
1MLC_AB_E|SB57V,-0.49418068,-0.40707043,3,1
"1MLC_AB_E|SB57V,TB58D",-0.9877286,-1.011674,3,1
1MLC_AB_E|TB28D,-0.15094383,-0.20567381,3,1
1MLC_AB_E|TB31A,0.44700673,0.5005847,3,1
1MLC_AB_E|TB31V,0.5262404,0.42877302,3,1
1MLC_AB_E|TB31W,0.13214268,-0.51422167,3,1
1MLC_AB_E|TB58D,-0.55968237,0.16900456,3,1
1NCA_N_LH|DH101K,0.71416,2.229069,3,1
1NCA_N_LH|EH100D,0.41047263,-0.1466287,3,1
1NCA_N_LH|NH102Q,0.5426153,0.33689457,3,1
1NCA_N_LH|NH31Q,0.0,0.42251065,3,1
1NMB_N_LH|DH57E,2.9536283,0.3707651,3,1
1NMB_N_LH|DH57N,2.9536283,0.2629211,3,1
1NMB_N_LH|LL94V,0.9000208,0.07371117,3,1
1NMB_N_LH|TL93F,-0.023903161,-0.49415043,3,1
1NMB_N_LH|TL93W,0.18419003,-0.81079686,3,1
1NMB_N_LH|YH103A,2.14062,0.6553893,3,1
1NMB_N_LH|YH105F,1.4194101,1.0655376,3,1
1NMB_N_LH|YL32F,0.46632215,1.2802432,3,1
1VFB_AB_C|DB100A,3.005002,2.7758164,3,1
"1VFB_AB_C|DB100A,SC24A",3.369756,3.763036,3,1
1VFB_AB_C|DB54A,0.8151114,1.8909184,3,1
"1VFB_AB_C|DB54A,TC118A",1.2546439,2.2799368,3,1
1VFB_AB_C|DB58A,-0.20700333,0.899124,3,1
1VFB_AB_C|DB58E,0.078081094,0.3999711,3,1
1VFB_AB_C|DB58N,-0.12818155,-0.053420812,3,1
1VFB_AB_C|DC119A,0.9530879,1.8431981,3,1
1VFB_AB_C|DC18A,0.34013057,1.683077,3,1
1VFB_AB_C|EB98A,1.1565572,1.9561237,3,1
1VFB_AB_C|GB31A,0.30646533,0.768262,3,1
1VFB_AB_C|GB31E,-0.5097613,0.49771795,3,1
1VFB_AB_C|GB31W,0.0039611305,0.64030313,3,1
1VFB_AB_C|HA30A,0.84488255,1.5035881,3,1
1VFB_AB_C|IC124A,1.2314179,1.0492947,3,1
1VFB_AB_C|KC116A,0.7134504,0.8452126,3,1
1VFB_AB_C|LC129A,0.17154472,0.4885128,3,1
1VFB_AB_C|NA31W,0.17432266,0.38469464,3,1
1VFB_AB_C|NB56A,0.17771798,0.38212982,3,1
1VFB_AB_C|NC19A,0.3960868,0.91255426,3,1
1VFB_AB_C|QC121A,2.876998,0.75927544,3,1
1VFB_AB_C|RB99A,-0.099735305,1.69422,3,1
1VFB_AB_C|RB99W,0.7049742,-0.17729658,3,1
1VFB_AB_C|RB99Y,1.235379,-0.33315715,3,1
1VFB_AB_C|RC125A,1.8368999,0.76737046,3,1
1VFB_AB_C|SA93A,0.34312394,0.71014607,3,1
1VFB_AB_C|SB28D,0.0,-0.12320347,3,1
1VFB_AB_C|SB28E,-0.104007296,0.25157055,3,1
1VFB_AB_C|SB28N,0.14394745,-0.10517123,3,1
1VFB_AB_C|SB28Q,0.078081094,0.32116812,3,1
1VFB_AB_C|SC24A,0.850965,1.1818484,3,1
1VFB_AB_C|TA52F,0.4708752,-0.032806844,3,1
1VFB_AB_C|TA53R,1.6458516,-0.20167053,3,1
1VFB_AB_C|TB30A,-0.05584954,-0.04602772,3,1
1VFB_AB_C|TC118A,0.7650957,0.81243,3,1
1VFB_AB_C|VC120A,0.9169499,0.13164297,3,1
1VFB_AB_C|WA92A,3.037848,1.6061513,3,1
"1VFB_AB_C|WA92A,IC124A",3.8503337,3.0519998,3,1
"1VFB_AB_C|WA92A,LC129A",3.3073628,1.7717696,3,1
"1VFB_AB_C|WA92A,QC121A",3.5189366,2.9480863,3,1
"1VFB_AB_C|WA92A,RC125A",3.3932896,2.1380398,3,1
1VFB_AB_C|WB52A,0.6406274,2.8971384,3,1
"1VFB_AB_C|WB52A,DC119A",2.2473724,4.302781,3,1
1VFB_AB_C|YA32A,1.5281335,2.3299248,3,1
"1VFB_AB_C|YA32A,IC124A",2.9057157,3.5899568,3,1
"1VFB_AB_C|YA32A,QC121A",1.586041,3.7157204,3,1
1VFB_AB_C|YA49A,0.79754156,1.6356393,3,1
1VFB_AB_C|YA50A,0.456086,2.407681,3,1
"1VFB_AB_C|YA50A,DC119A",1.2314179,3.8629155,3,1
"1VFB_AB_C|YA50A,DC18A",1.265924,3.7700703,3,1
1VFB_AB_C|YA50K,1.7156012,1.8174788,3,1
1VFB_AB_C|YA50R,0.8443241,0.86635935,3,1
1VFB_AB_C|YB101F,1.2695644,1.7312437,3,1
"1VFB_AB_C|YB101F,DC119A",2.736521,3.5213964,3,1
"1VFB_AB_C|YB101F,VC120A",2.5384777,2.0956588,3,1
1VFB_AB_C|YB32A,0.7916793,0.8803413,3,1
"1VFB_AB_C|YB32A,KC116A",1.586041,1.491702,3,1
1VFB_AB_C|YB32E,1.9021881,0.39628857,3,1
1VFB_AB_C|YC23A,0.41047263,1.4350159,3,1
1XGP_AB_C|AB33F,-4.0,-1.9809898,3,1
1XGP_AB_C|AB33I,-2.260207,-1.70555,3,1
1XGP_AB_C|AB33L,-2.1988916,-1.7119938,3,1
1XGP_AB_C|AB33V,-1.1525793,-0.9476086,3,1
2JEL_LH_P|AP82S,0.0,-0.62955415,3,1
2JEL_LH_P|DP69E,0.9530879,0.26533693,3,1
2JEL_LH_P|EP5D,0.41047263,0.30847126,3,1
2JEL_LH_P|EP5Q,0.7129768,0.75871193,3,1
2JEL_LH_P|EP68A,0.41047263,1.3559182,3,1
2JEL_LH_P|EP75R,2.727121,0.7738302,3,1
2JEL_LH_P|EP83A,0.0,1.1290594,3,1
2JEL_LH_P|EP85A,0.0,0.7784951,3,1
2JEL_LH_P|EP85D,0.0,0.33563143,3,1
2JEL_LH_P|EP85K,0.0,0.6852828,3,1
2JEL_LH_P|EP85Q,0.0,0.6351683,3,1
2JEL_LH_P|FP2W,2.6191528,1.1979377,3,1
2JEL_LH_P|FP2Y,0.0,-0.3067285,3,1
2JEL_LH_P|HP76A,-0.41047263,1.3046794,3,1
2JEL_LH_P|HP76D,-0.65058374,0.23377854,3,1
2JEL_LH_P|KP24E,0.0,-0.42413864,3,1
2JEL_LH_P|KP27E,0.0,-0.31739026,3,1
2JEL_LH_P|KP72E,0.41047263,-1.0141196,3,1
2JEL_LH_P|KP72R,0.0,-0.12801896,3,1
2JEL_LH_P|KP79E,0.41047263,-0.7071482,3,1
2JEL_LH_P|NP12D,0.0,-0.62364864,3,1
2JEL_LH_P|NP38T,0.0,-0.055898607,3,1
2JEL_LH_P|PP11E,0.0,-0.7689699,3,1
2JEL_LH_P|QP3K,4.0,-0.12834422,3,1
2JEL_LH_P|QP4K,1.3635606,-0.20043612,3,1
2JEL_LH_P|QP57E,-0.41047263,-0.9459171,3,1
2JEL_LH_P|QP71E,2.727121,-1.2991788,3,1
2JEL_LH_P|RP17G,0.0,0.7624711,3,1
2JEL_LH_P|RP17K,0.0,0.28883535,3,1
2JEL_LH_P|SP41C,1.4957032,0.2852181,3,1
2JEL_LH_P|SP43C,0.0,0.26383,3,1
2JEL_LH_P|SP46C,0.0,0.65995204,3,1
2JEL_LH_P|SP64T,4.0,-0.39085788,3,1
2JEL_LH_P|TP34Q,0.0,1.0525606,3,1
2JEL_LH_P|TP36Q,0.41047263,1.0109296,3,1
2JEL_LH_P|TP62A,0.0,1.7610062,3,1
2JEL_LH_P|TP62N,0.0,1.4850428,3,1
2JEL_LH_P|TP7N,0.41047263,1.1276654,3,1
2JEL_LH_P|TP7S,0.0,0.7948592,3,1
2JEL_LH_P|VP6F,0.0,-0.6077125,3,1
"2NY7_HL_G|CG27I,CG226Q",0.19971907,0.8146645,3,1
"2NY7_HL_G|CG27I,CG226Q,MG231A",0.20319231,1.4135768,3,1
"2NY7_HL_G|GG229C,MG231A",-0.37879732,1.5652041,3,1
"2NY7_HL_G|GG229C,WG13M,MG231A,CG14W,CG110V,CG27I,CG226Q",0.21462485,2.3953352,3,1
"2NY7_HL_G|KG66C,EG102C,CG27I,CG226Q",0.04085667,1.3112648,3,1
"2NY7_HL_G|KG66C,EG102C,WG13M,MG231A,CG14W,CG110V,CG27I,CG226Q",0.3998023,2.158899,3,1
"2NY7_HL_G|KG66C,EG103C,WG13M,MG231A,CG14W,CG110V,CG27I,CG226Q",0.29989544,2.099142,3,1
"2NY7_HL_G|WG13M,MG231A,CG14W,CG110V",1.1574335,1.6778415,3,1
"2NY7_HL_G|WG13M,MG231A,CG14W,CG110V,CG27I,CG226Q",0.44904727,1.787939,3,1
"2NY7_HL_G|WG13M,MG231A,CG14W,CG110V,KG66C,EG102C",0.55101526,1.6250641,3,1
"2NY7_HL_G|WG13M,SG92T,WG181S,MG231A,CG14W,CG110V,CG27I,CG226Q",-0.3035898,2.0063236,3,1
3BN9_B_CD|DB214A,0.5662115,2.143014,3,1
3BN9_B_CD|DB46A,0.42238826,1.3347559,3,1
3BN9_B_CD|DB47A,0.31110755,1.6453155,3,1
3BN9_B_CD|EB163A,0.37321588,1.5829983,3,1
3BN9_B_CD|FB50A,-0.044997852,1.6594063,3,1
3BN9_B_CD|FB89A,0.6392419,2.8565004,3,1
3BN9_B_CD|HB138A,0.085063316,1.7322081,3,1
3BN9_B_CD|IB26A,0.0,0.7687402,3,1
3BN9_B_CD|IB45A,0.8352155,0.71542346,3,1
3BN9_B_CD|KB221A,0.7849689,0.6490376,3,1
3BN9_B_CD|LB147A,0.33619216,0.5893997,3,1
3BN9_B_CD|NB90A,0.7733444,0.86637866,3,1
3BN9_B_CD|PD104H,2.4272547,0.06403539,3,1
3BN9_B_CD|QB140A,0.1331048,0.38431367,3,1
3BN9_B_CD|QB168A,-0.03469869,0.39543128,3,1
3BN9_B_CD|QB169A,2.5089848,1.1713704,3,1
3BN9_B_CD|QB218A,0.70571065,0.43603894,3,1
3BN9_B_CD|QB23A,-0.41530684,0.5652955,3,1
3BN9_B_CD|QD105V,1.2241027,0.8321359,3,1
3BN9_B_CD|RB219A,-0.093698174,0.45589834,3,1
3BN9_B_CD|RB48A,-0.044997852,1.2422364,3,1
3BN9_B_CD|RB51A,-0.07155777,1.4551005,3,1
3BN9_B_CD|RB82A,-0.15923285,0.43254486,3,1
3BN9_B_CD|SD30G,1.1861069,0.4011072,3,1
3BN9_B_CD|SD30N,1.145505,0.77743566,3,1
3BN9_B_CD|TB144A,0.2908351,0.72384894,3,1
3BN9_B_CD|TB93A,1.1320528,1.909239,3,1
3BN9_B_CD|TD102Q,-0.02153644,0.3544154,3,1
3BN9_B_CD|TD102R,-0.058294915,0.14259411,3,1
3BN9_B_CD|TD28R,0.33290586,0.12057115,3,1
3BN9_B_CD|YB141A,1.0846525,3.5202672,3,1
3BN9_B_CD|YB52A,0.018951595,2.1560824,3,1
3BN9_B_CD|YD103S,0.45868576,0.92603946,3,1
4GXU_ABCDEF_MN|DA189E,2.1650882,1.0060104,3,1
"4GXU_ABCDEF_MN|DA189E,DA224G",3.0102077,2.9090292,3,1
4GXU_ABCDEF_MN|DA224G,1.9608781,2.048563,3,1
"1CZ8_HL_VW|LL4M,DH28T,HH31N,YH101H,TH105S",2.939849,1.2568521,3,2
1KIR_AB_C|SA50Y,-1.3870943,-0.6078897,3,2
1MLC_AB_E|KB65D,0.018548755,-0.8709213,3,2
1MLC_AB_E|NA32G,-0.8773867,-0.030816652,3,2
"1MLC_AB_E|NA32G,NA92A",-0.6866531,-0.23465699,3,2
"1MLC_AB_E|NA32G,NA92A,SB57V,TB58D",-1.7349738,-1.8204924,3,2
1MLC_AB_E|NA32Y,0.0,-0.5304095,3,2
1MLC_AB_E|NA92A,-1.2533532,0.17230535,3,2
"1MLC_AB_E|NA92A,SB57V,TB58D",-2.394188,-1.369067,3,2
"1MLC_AB_E|NA92A,TB28D,SB57V,TB58D",-2.5813644,-1.894691,3,2
"1MLC_AB_E|NA92A,TB28D,SB57V,TB58D,EB35S,GB99D",-2.9539242,-0.7525431,3,2
"1MLC_AB_E|NA92A,TB28D,SB57V,TB58D,GB99D",-0.20357698,-1.16335,3,2
"1MLC_AB_E|NA92A,TB28D,SB57V,TB58D,NA32L",-2.5843081,-2.368293,3,2
"1MLC_AB_E|NA92A,TB28D,SB57V,TB58D,RB98M,DB100Q",-0.41047263,-2.2424154,3,2
"1MLC_AB_E|NA92A,TB28D,SB57V,TB58D,SA91N,SA93A",-1.6104395,-1.7872105,3,2
"1MLC_AB_E|NA92A,TB28D,SB57V,TB58D,SB30G",-2.3584673,-2.066389,3,2
"1MLC_AB_E|NA92A,TB28D,SB57V,TB58D,YB32W,RB98V,DB100Q",0.36138764,-2.1149435,3,2
"1MLC_AB_E|NA92A,TB28D,SB57V,TB58D,YB59E",-1.4661698,-1.4548725,3,2
1MLC_AB_E|SB57A,-0.37902167,-0.6213092,3,2
1MLC_AB_E|SB57V,-0.49418068,-0.3722252,3,2
"1MLC_AB_E|SB57V,TB58D",-0.9877286,-0.81124055,3,2
1MLC_AB_E|TB28D,-0.15094383,-0.21454138,3,2
1MLC_AB_E|TB31A,0.44700673,-0.008648835,3,2
1MLC_AB_E|TB31V,0.5262404,0.13030186,3,2
1MLC_AB_E|TB31W,0.13214268,-0.38279626,3,2
1MLC_AB_E|TB58D,-0.55968237,-0.26691374,3,2
1NCA_N_LH|DH101K,0.71416,1.24521,3,2
1NCA_N_LH|EH100D,0.41047263,0.18018773,3,2
1NCA_N_LH|NH102Q,0.5426153,0.43782,3,2
1NCA_N_LH|NH31Q,0.0,0.37380242,3,2
1NMB_N_LH|DH57E,2.9536283,0.31401655,3,2
1NMB_N_LH|DH57N,2.9536283,0.15223403,3,2
1NMB_N_LH|LL94V,0.9000208,-0.14049897,3,2
1NMB_N_LH|TL93F,-0.023903161,-0.45511648,3,2
1NMB_N_LH|TL93W,0.18419003,-0.81261873,3,2
1NMB_N_LH|YH103A,2.14062,1.1093749,3,2
1NMB_N_LH|YH105F,1.4194101,1.5340617,3,2
1NMB_N_LH|YL32F,0.46632215,0.88750786,3,2
1VFB_AB_C|DB100A,3.005002,0.6965866,3,2
"1VFB_AB_C|DB100A,SC24A",3.369756,2.5482445,3,2
1VFB_AB_C|DB54A,0.8151114,0.08384618,3,2
"1VFB_AB_C|DB54A,TC118A",1.2546439,0.40620768,3,2
1VFB_AB_C|DB58A,-0.20700333,0.3211626,3,2
1VFB_AB_C|DB58E,0.078081094,0.110573076,3,2
1VFB_AB_C|DB58N,-0.12818155,-0.09470456,3,2
1VFB_AB_C|DC119A,0.9530879,1.2769518,3,2
1VFB_AB_C|DC18A,0.34013057,1.640579,3,2
1VFB_AB_C|EB98A,1.1565572,0.6675103,3,2
1VFB_AB_C|GB31A,0.30646533,0.33245277,3,2
1VFB_AB_C|GB31E,-0.5097613,-0.022651888,3,2
1VFB_AB_C|GB31W,0.0039611305,0.6160145,3,2
1VFB_AB_C|HA30A,0.84488255,0.2731618,3,2
1VFB_AB_C|IC124A,1.2314179,0.6925283,3,2
1VFB_AB_C|KC116A,0.7134504,1.3322465,3,2
1VFB_AB_C|LC129A,0.17154472,0.15515019,3,2
1VFB_AB_C|NA31W,0.17432266,0.030429117,3,2
1VFB_AB_C|NB56A,0.17771798,-0.15749338,3,2
1VFB_AB_C|NC19A,0.3960868,0.7937454,3,2
1VFB_AB_C|QC121A,2.876998,1.1581966,3,2
1VFB_AB_C|RB99A,-0.099735305,1.0192674,3,2
1VFB_AB_C|RB99W,0.7049742,0.1117722,3,2
1VFB_AB_C|RB99Y,1.235379,-0.254888,3,2
1VFB_AB_C|RC125A,1.8368999,0.4543587,3,2
1VFB_AB_C|SA93A,0.34312394,0.0044306964,3,2
1VFB_AB_C|SB28D,0.0,-0.41982487,3,2
1VFB_AB_C|SB28E,-0.104007296,-0.25077614,3,2
1VFB_AB_C|SB28N,0.14394745,-0.30499953,3,2
1VFB_AB_C|SB28Q,0.078081094,0.005649239,3,2
1VFB_AB_C|SC24A,0.850965,1.5129652,3,2
1VFB_AB_C|TA52F,0.4708752,-0.66798806,3,2
1VFB_AB_C|TA53R,1.6458516,-0.38886142,3,2
1VFB_AB_C|TB30A,-0.05584954,-0.69517875,3,2
1VFB_AB_C|TC118A,0.7650957,0.36899483,3,2
1VFB_AB_C|VC120A,0.9169499,-0.041085683,3,2
1VFB_AB_C|WA92A,3.037848,1.5216191,3,2
"1VFB_AB_C|WA92A,IC124A",3.8503337,2.018232,3,2
"1VFB_AB_C|WA92A,LC129A",3.3073628,1.2108784,3,2
"1VFB_AB_C|WA92A,QC121A",3.5189366,2.7422576,3,2
"1VFB_AB_C|WA92A,RC125A",3.3932896,1.6580476,3,2
1VFB_AB_C|WB52A,0.6406274,3.151173,3,2
"1VFB_AB_C|WB52A,DC119A",2.2473724,3.0463195,3,2
1VFB_AB_C|YA32A,1.5281335,1.3508457,3,2
"1VFB_AB_C|YA32A,IC124A",2.9057157,1.8178202,3,2
"1VFB_AB_C|YA32A,QC121A",1.586041,2.461924,3,2
1VFB_AB_C|YA49A,0.79754156,1.4402497,3,2
1VFB_AB_C|YA50A,0.456086,1.6475551,3,2
"1VFB_AB_C|YA50A,DC119A",1.2314179,2.1949131,3,2
"1VFB_AB_C|YA50A,DC18A",1.265924,2.6366763,3,2
1VFB_AB_C|YA50K,1.7156012,1.4394314,3,2
1VFB_AB_C|YA50R,0.8443241,0.7526589,3,2
1VFB_AB_C|YB101F,1.2695644,1.1760863,3,2
"1VFB_AB_C|YB101F,DC119A",2.736521,2.15555,3,2
"1VFB_AB_C|YB101F,VC120A",2.5384777,1.6950909,3,2
1VFB_AB_C|YB32A,0.7916793,0.7440724,3,2
"1VFB_AB_C|YB32A,KC116A",1.586041,1.5632933,3,2
1VFB_AB_C|YB32E,1.9021881,0.3385043,3,2
1VFB_AB_C|YC23A,0.41047263,0.6483165,3,2
1XGP_AB_C|AB33F,-4.0,-2.4010572,3,2
1XGP_AB_C|AB33I,-2.260207,-2.0348468,3,2
1XGP_AB_C|AB33L,-2.1988916,-1.9197567,3,2
1XGP_AB_C|AB33V,-1.1525793,-1.1794734,3,2
2JEL_LH_P|AP82S,0.0,-0.15545198,3,2
2JEL_LH_P|DP69E,0.9530879,0.8804648,3,2
2JEL_LH_P|EP5D,0.41047263,-0.7112825,3,2
2JEL_LH_P|EP5Q,0.7129768,0.08097756,3,2
2JEL_LH_P|EP68A,0.41047263,0.6558995,3,2
2JEL_LH_P|EP75R,2.727121,1.2812345,3,2
2JEL_LH_P|EP83A,0.0,0.41895863,3,2
2JEL_LH_P|EP85A,0.0,0.18195648,3,2
2JEL_LH_P|EP85D,0.0,-0.43722144,3,2
2JEL_LH_P|EP85K,0.0,-0.07203605,3,2
2JEL_LH_P|EP85Q,0.0,0.18350807,3,2
2JEL_LH_P|FP2W,2.6191528,1.527745,3,2
2JEL_LH_P|FP2Y,0.0,0.07116009,3,2
2JEL_LH_P|HP76A,-0.41047263,0.777596,3,2
2JEL_LH_P|HP76D,-0.65058374,-0.27702832,3,2
2JEL_LH_P|KP24E,0.0,2.043165,3,2
2JEL_LH_P|KP27E,0.0,1.8116182,3,2
2JEL_LH_P|KP72E,0.41047263,0.22242138,3,2
2JEL_LH_P|KP72R,0.0,0.97780323,3,2
2JEL_LH_P|KP79E,0.41047263,1.4550961,3,2
2JEL_LH_P|NP12D,0.0,-0.9032828,3,2
2JEL_LH_P|NP38T,0.0,-0.14088881,3,2
2JEL_LH_P|PP11E,0.0,-0.6879187,3,2
2JEL_LH_P|QP3K,4.0,-0.58066565,3,2
2JEL_LH_P|QP4K,1.3635606,-0.99043506,3,2
2JEL_LH_P|QP57E,-0.41047263,0.3968656,3,2
2JEL_LH_P|QP71E,2.727121,-0.22051233,3,2
2JEL_LH_P|RP17G,0.0,0.5296677,3,2
2JEL_LH_P|RP17K,0.0,-0.5612643,3,2
2JEL_LH_P|SP41C,1.4957032,0.94663584,3,2
2JEL_LH_P|SP43C,0.0,0.901928,3,2
2JEL_LH_P|SP46C,0.0,0.6597476,3,2
2JEL_LH_P|SP64T,4.0,-0.40827188,3,2
2JEL_LH_P|TP34Q,0.0,0.60170555,3,2
2JEL_LH_P|TP36Q,0.41047263,0.59923106,3,2
2JEL_LH_P|TP62A,0.0,0.7547934,3,2
2JEL_LH_P|TP62N,0.0,1.116059,3,2
2JEL_LH_P|TP7N,0.41047263,0.9356862,3,2
2JEL_LH_P|TP7S,0.0,0.47831455,3,2
2JEL_LH_P|VP6F,0.0,-0.46790275,3,2
"2NY7_HL_G|CG27I,CG226Q",0.19971907,-1.2191156,3,2
"2NY7_HL_G|CG27I,CG226Q,MG231A",0.20319231,-1.4338021,3,2
"2NY7_HL_G|GG229C,MG231A",-0.37879732,0.67605346,3,2
"2NY7_HL_G|GG229C,WG13M,MG231A,CG14W,CG110V,CG27I,CG226Q",0.21462485,-2.6442335,3,2
"2NY7_HL_G|KG66C,EG102C,CG27I,CG226Q",0.04085667,-1.4473281,3,2
"2NY7_HL_G|KG66C,EG102C,WG13M,MG231A,CG14W,CG110V,CG27I,CG226Q",0.3998023,-2.5487876,3,2
"2NY7_HL_G|KG66C,EG103C,WG13M,MG231A,CG14W,CG110V,CG27I,CG226Q",0.29989544,-2.5395896,3,2
"2NY7_HL_G|WG13M,MG231A,CG14W,CG110V",1.1574335,-0.25856712,3,2
"2NY7_HL_G|WG13M,MG231A,CG14W,CG110V,CG27I,CG226Q",0.44904727,-2.5620415,3,2
"2NY7_HL_G|WG13M,MG231A,CG14W,CG110V,KG66C,EG102C",0.55101526,0.41971192,3,2
"2NY7_HL_G|WG13M,SG92T,WG181S,MG231A,CG14W,CG110V,CG27I,CG226Q",-0.3035898,-2.9719071,3,2
3BN9_B_CD|DB214A,0.5662115,2.0329669,3,2
3BN9_B_CD|DB46A,0.42238826,1.2941408,3,2
3BN9_B_CD|DB47A,0.31110755,1.1273748,3,2
3BN9_B_CD|EB163A,0.37321588,0.5917438,3,2
3BN9_B_CD|FB50A,-0.044997852,1.5829493,3,2
3BN9_B_CD|FB89A,0.6392419,3.202039,3,2
3BN9_B_CD|HB138A,0.085063316,1.1975498,3,2
3BN9_B_CD|IB26A,0.0,1.098168,3,2
3BN9_B_CD|IB45A,0.8352155,0.6626575,3,2
3BN9_B_CD|KB221A,0.7849689,1.1450123,3,2
3BN9_B_CD|LB147A,0.33619216,-0.10860159,3,2
3BN9_B_CD|NB90A,0.7733444,1.6818608,3,2
3BN9_B_CD|PD104H,2.4272547,-0.14482573,3,2
3BN9_B_CD|QB140A,0.1331048,0.23951975,3,2
3BN9_B_CD|QB168A,-0.03469869,0.09292726,3,2
3BN9_B_CD|QB169A,2.5089848,2.2208533,3,2
3BN9_B_CD|QB218A,0.70571065,0.23624542,3,2
3BN9_B_CD|QB23A,-0.41530684,0.39585668,3,2
3BN9_B_CD|QD105V,1.2241027,0.3409838,3,2
3BN9_B_CD|RB219A,-0.093698174,-0.29799768,3,2
3BN9_B_CD|RB48A,-0.044997852,0.8194752,3,2
3BN9_B_CD|RB51A,-0.07155777,0.60931396,3,2
3BN9_B_CD|RB82A,-0.15923285,-0.07342441,3,2
3BN9_B_CD|SD30G,1.1861069,0.5710128,3,2
3BN9_B_CD|SD30N,1.145505,0.8641872,3,2
3BN9_B_CD|TB144A,0.2908351,0.15701982,3,2
3BN9_B_CD|TB93A,1.1320528,1.6573836,3,2
3BN9_B_CD|TD102Q,-0.02153644,-0.01597666,3,2
3BN9_B_CD|TD102R,-0.058294915,-0.3289903,3,2
3BN9_B_CD|TD28R,0.33290586,0.33315447,3,2
3BN9_B_CD|YB141A,1.0846525,2.5780892,3,2
3BN9_B_CD|YB52A,0.018951595,1.9783974,3,2
3BN9_B_CD|YD103S,0.45868576,1.3774092,3,2
4GXU_ABCDEF_MN|DA189E,2.1650882,3.109552,3,2
"4GXU_ABCDEF_MN|DA189E,DA224G",3.0102077,2.9144936,3,2
4GXU_ABCDEF_MN|DA224G,1.9608781,1.3242663,3,2
"1JRH_LH_I|AI49S,II51T,HI55D",0.070675574,-0.5738671,4,0
"1JRH_LH_I|AI85D,KI88R,EI90K",-0.047747865,-1.5922515,4,0
"1JRH_LH_I|AI93L,VI94M",0.63366294,-1.3087196,4,0
1JRH_LH_I|DH56A,1.8860998,1.4550313,4,0
1JRH_LH_I|DH57A,1.6660647,1.4466537,4,0
1JRH_LH_I|DH58A,1.8546488,1.6367824,4,0
1JRH_LH_I|DL28A,0.43464687,1.6865437,4,0
1JRH_LH_I|EI35Q,0.09956847,-0.37627912,4,0
1JRH_LH_I|EI45A,-0.5657849,1.1683356,4,0
1JRH_LH_I|EI45P,-3.7881775,0.23485368,4,0
"1JRH_LH_I|EI45P,II47L",-3.4567804,0.8788102,4,0
"1JRH_LH_I|EI45P,II47R",-3.4400978,0.30291277,4,0
1JRH_LH_I|EL27A,0.5426153,1.488482,4,0
1JRH_LH_I|FH103A,0.0,0.9317245,4,0
1JRH_LH_I|GI40A,4.0,0.9112624,4,0
1JRH_LH_I|HH107A,1.6977708,1.6118506,4,0
"1JRH_LH_I|II25N,PI27S,VI29T,VI31I",0.14370596,-0.12791786,4,0
1JRH_LH_I|KI37A,3.713863,1.8426691,4,0
1JRH_LH_I|KI37M,3.2923293,0.9509984,4,0
1JRH_LH_I|KI42A,3.3858175,1.3628132,4,0
1JRH_LH_I|KI42M,4.0,0.62903357,4,0
1JRH_LH_I|KI88A,0.31209365,1.6227875,4,0
"1JRH_LH_I|MI15L,II18V",-0.21360606,0.76969826,4,0
1JRH_LH_I|NI38A,0.1704579,1.2486972,4,0
1JRH_LH_I|NI38Q,0.5344714,-0.3149873,4,0
1JRH_LH_I|NI43A,4.0,1.6323025,4,0
1JRH_LH_I|NI69A,-0.19953421,1.3671918,4,0
1JRH_LH_I|RH100A,0.5426153,1.5013908,4,0
1JRH_LH_I|RI74A,0.3926171,1.9060913,4,0
1JRH_LH_I|SI44A,0.37771076,0.80929965,4,0
"1JRH_LH_I|SI44G,EI45G,II47R",-3.3777049,0.1330371,4,0
"1JRH_LH_I|SI44G,EI45P,II47K",-3.884419,0.060742427,4,0
"1JRH_LH_I|SI61Y,DI62E,HI63Q,VI64I,GI65M,DI66Y,SI68D,NI69V,LI71A",2.9588323,-0.06083379,4,0
1JRH_LH_I|SL93A,-0.65058374,0.9818047,4,0
1JRH_LH_I|TI4V,-0.025565991,-0.7296283,4,0
"1JRH_LH_I|TI9L,EI11K",-0.025565991,-0.6680922,4,0
1JRH_LH_I|TL94A,0.38526937,0.762038,4,0
1JRH_LH_I|VI41A,1.6791569,1.0721663,4,0
"1JRH_LH_I|VI73A,RI78K",-0.21360606,0.24093908,4,0
1JRH_LH_I|WH54A,2.6862645,1.9726645,4,0
1JRH_LH_I|WH55A,2.4213178,1.6651391,4,0
1JRH_LH_I|WI46F,-0.25261214,0.25422716,4,0
1JRH_LH_I|WI46Y,0.29852974,0.10949977,4,0
1JRH_LH_I|WI72A,4.0,1.594287,4,0
1JRH_LH_I|WI72F,1.102707,0.33549154,4,0
1JRH_LH_I|WI72Y,1.1878273,-0.043384694,4,0
1JRH_LH_I|WL92A,2.818407,2.006952,4,0
1JRH_LH_I|WL95A,1.6660647,1.9344076,4,0
1JRH_LH_I|YH104A,1.0610564,2.2636492,4,0
1JRH_LH_I|YH32A,1.4333102,2.148469,4,0
1JRH_LH_I|YH60A,1.2555921,2.1436539,4,0
1JRH_LH_I|YI39A,3.5271235,1.934487,4,0
1JRH_LH_I|YI39F,0.9087807,0.60617816,4,0
1JRH_LH_I|YL30A,1.1084566,1.8279573,4,0
1JRH_LH_I|YL91A,0.58083415,1.6238179,4,0
1KIQ_AB_C|FB101Y,-2.4949589,-0.7420683,4,0
1XGR_AB_C|IB33A,2.260207,1.5490404,4,0
1XGR_AB_C|IB33F,-1.8004549,-0.30730826,4,0
1XGR_AB_C|IB33L,0.061315425,0.011755653,4,0
1XGR_AB_C|IB33V,1.1076277,-0.2682619,4,0
2BDN_HL_A|DH31E,1.0852306,-0.46070614,4,0
2BDN_HL_A|LH27K,0.8740124,0.03468088,4,0
2BDN_HL_A|LH27R,0.65058374,-0.082208104,4,0
2BDN_HL_A|NH28D,0.13214268,-0.9054474,4,0
2BDN_HL_A|NH28Q,1.3994616,-0.80857956,4,0
2BDN_HL_A|NL31K,3.4897714,-0.3910616,4,0
2BDN_HL_A|NL31R,-0.9171868,-0.58804953,4,0
2BDN_HL_A|SL53D,-0.1605731,-0.75080466,4,0
2BDN_HL_A|SL53E,-0.85132045,-0.8161143,4,0
2BDN_HL_A|TL56D,-0.4254655,-0.8906993,4,0
2BDN_HL_A|TL56E,-0.6888026,-0.90578103,4,0
2BDN_HL_A|YL30K,0.67475796,1.1130176,4,0
2NYY_DC_A|DA1030A,0.009336901,0.754841,4,0
2NYY_DC_A|DA1034A,2.5297937,1.2300751,4,0
2NYY_DC_A|DC30Y,0.64113563,-0.6279016,4,0
2NYY_DC_A|EA892A,2.839132,1.4387083,4,0
2NYY_DC_A|ED5Q,-0.2479871,0.020500198,4,0
2NYY_DC_A|FA889A,0.4193659,1.5430965,4,0
2NYY_DC_A|FA925A,4.0,1.4615964,4,0
2NYY_DC_A|HA1036A,4.0,1.5524431,4,0
2NYY_DC_A|HC34R,0.10088469,0.0036128089,4,0
2NYY_DC_A|IA928A,-0.009487502,1.308346,4,0
2NYY_DC_A|KA1028A,-0.028934313,1.1258439,4,0
2NYY_DC_A|KA875A,0.29098648,1.4860764,4,0
2NYY_DC_A|KA895A,-0.14014584,1.3211575,4,0
2NYY_DC_A|KD29R,0.071385965,-0.35447693,4,0
"2NYY_DC_A|KD29S,YD30D,DD31H,SD60P",0.04961051,1.2353526,4,0
2NYY_DC_A|LA891A,2.5892105,0.3976739,4,0
2NYY_DC_A|MD33Q,-0.059869844,-0.5474338,4,0
2NYY_DC_A|NA890A,0.89044046,1.1145949,4,0
2NYY_DC_A|NA926A,0.09934822,1.0483149,4,0
2NYY_DC_A|QA887A,0.5208145,0.66196334,4,0
2NYY_DC_A|RA1033A,0.82012254,1.2376025,4,0
2NYY_DC_A|RA1266A,0.2995321,1.5373782,4,0
2NYY_DC_A|SA874A,-0.23032175,0.7217138,4,0
2NYY_DC_A|SA927A,0.0,1.0025357,4,0
2NYY_DC_A|SC28Q,0.4133828,-0.76639265,4,0
2NYY_DC_A|SC31N,-0.35338265,0.78666306,4,0
2NYY_DC_A|TA1035A,1.630871,0.9240036,4,0
2NYY_DC_A|VD36I,-0.21317148,0.46630564,4,0
"2NYY_DC_A|VD36I,ED5Q",-0.0490461,0.3291361,4,0
2NYY_DC_A|YD30D,0.06462482,0.9641956,4,0
2NYY_DC_A|YD30Q,0.12897444,0.5909143,4,0
2NYY_DC_A|YD56Q,0.5196862,0.5918885,4,0
2NZ9_DC_A|DA1030A,-0.031082604,0.7656943,4,0
2NZ9_DC_A|DA1034A,2.3396032,1.1762964,4,0
2NZ9_DC_A|EA892A,2.77036,1.5210476,4,0
2NZ9_DC_A|FA889A,-0.04961051,1.5172127,4,0
2NZ9_DC_A|FA925A,3.340439,1.505492,4,0
2NZ9_DC_A|HA1036A,4.0,1.5154344,4,0
2NZ9_DC_A|IA928A,0.069281444,1.2997609,4,0
2NZ9_DC_A|KA1028A,-0.008714417,1.1243647,4,0
2NZ9_DC_A|KA875A,0.5407011,1.3985496,4,0
2NZ9_DC_A|KA895A,-0.29975358,1.4030514,4,0
2NZ9_DC_A|LA891A,2.279965,0.43075296,4,0
2NZ9_DC_A|NA890A,2.1600318,1.0932761,4,0
2NZ9_DC_A|NA926A,-0.15216734,1.0599618,4,0
2NZ9_DC_A|QA887A,0.09926054,0.6701744,4,0
2NZ9_DC_A|RA1033A,0.29088098,1.2598124,4,0
2NZ9_DC_A|RA1266A,0.39015788,1.5800027,4,0
2NZ9_DC_A|SA874A,-0.11948046,0.6833675,4,0
2NZ9_DC_A|SA927A,-0.078544825,1.0510626,4,0
"2NZ9_DC_A|SD29K,DD30Y,HD31D",-0.04961051,-0.9033513,4,0
2NZ9_DC_A|TA1035A,2.3703818,1.0100229,4,0
2VIS_AB_C|IC89T,-4.0,0.39422616,4,0
"3BE1_HL_A|DL28N,PL30A,RL31K,SL32T,TL97S,TL98S",-0.6860794,1.0225873,4,0
"3BE1_HL_A|DL28N,PL30A,RL31K,SL32T,TL97S,TL98S,KH30S,DH31G,TH54S,NH55E,GH100V,DH102V",-2.7728782,0.18974379,4,0
"3BE1_HL_A|DL28N,PL30A,RL31K,SL32T,TL97S,TL98S,KH30S,DH31G,TH54S,NH55E,GH100V,DH102V,YL36A",-3.190238,1.3264656,4,0
"3BE1_HL_A|DL28N,PL30A,RL31K,SL32T,TL97S,TL98S,KH30S,DH31G,TH54S,NH55E,GH100V,DH102V,YL36A,IL33A",-2.7728782,1.9094809,4,0
"3BE1_HL_A|DL28N,PL30A,RL31K,SL32T,YL57F,TL97S,TL98S",-0.8683455,1.3636394,4,0
"3BE1_HL_A|DL28N,PL30A,RL31K,SL32T,YL57F,TL97S,TL98S,KH30S,DH31G,TH54S,NH55E,GH100V,DH102V",-2.8824897,0.33333784,4,0
3LZF_AB_HL|DA187E,0.49836498,-0.050623603,4,0
"3LZF_AB_HL|DA187E,DA222G",0.12738612,0.9595918,4,0
3LZF_AB_HL|DA222G,0.5378587,0.249122,4,0
3NGB_HL_G|AH57G,-0.056030333,-0.9570372,4,0
"3NGB_HL_G|AH57G,VH58T,PH63K,VH74T",1.6734211,0.95802546,4,0
"3NGB_HL_G|CH32S,CH102A",0.25899792,1.2557666,4,0
3NGB_HL_G|DH103A,0.05987142,1.2018585,4,0
3NGB_HL_G|EL88A,1.3199503,1.4076935,4,0
3NGB_HL_G|FL89A,0.85886127,1.4793535,4,0
3NGB_HL_G|GH55A,-1.2766591,1.1638979,4,0
3NGB_HL_G|GH55S,0.74304354,0.6866793,4,0
3NGB_HL_G|GH56A,1.2656107,0.86296064,4,0
3NGB_HL_G|IH30A,-0.0027431613,1.0835024,4,0
3NGB_HL_G|IH30T,0.0733938,0.84240276,4,0
"3NGB_HL_G|IH30T,KH52N,RH54N,GH55S,AH57G,VH58T,RH62Q,PH63K,VH74T,YH75S,YL26S",0.86214453,3.6608262,4,0
3NGB_HL_G|KH52A,0.62288266,1.3812404,4,0
3NGB_HL_G|KH52N,0.17497002,0.36475584,4,0
3NGB_HL_G|MH70A,0.5305512,0.86094964,4,0
3NGB_HL_G|NH105A,1.1185741,0.35736144,4,0
3NGB_HL_G|NH59A,1.7671243,1.4468548,4,0
3NGB_HL_G|PH63A,-0.04252045,0.7374392,4,0
3NGB_HL_G|PH63K,0.23252328,0.18065071,4,0
3NGB_HL_G|QH65A,-0.34038836,1.2457787,4,0
3NGB_HL_G|QL25A,-0.23060839,1.2404001,4,0
3NGB_HL_G|RH54A,-0.25938424,1.5703173,4,0
3NGB_HL_G|RH54N,0.04645046,0.5810976,4,0
3NGB_HL_G|RH62A,0.9958448,1.4641912,4,0
3NGB_HL_G|RH62Q,0.09654992,-0.04125943,4,0
3NGB_HL_G|RH72A,1.6432176,1.2107922,4,0
3NGB_HL_G|SL28A,-0.14471176,0.8192606,4,0
3NGB_HL_G|TH33A,0.7071634,0.8727357,4,0
3NGB_HL_G|TH33Y,0.084193856,-0.682064,4,0
"3NGB_HL_G|TH33Y,GH56S,AH57G,VH58T,PH63K,VH74T,YH75S",1.9381938,1.5687596,4,0
3NGB_HL_G|VH58A,1.3584284,1.7449621,4,0
3NGB_HL_G|VH58T,0.13787223,0.7065456,4,0
3NGB_HL_G|VH74A,1.087914,1.4939862,4,0
3NGB_HL_G|VH74T,0.16493925,0.66237783,4,0
3NGB_HL_G|VL1A,-0.7733632,1.0689814,4,0
3NGB_HL_G|WH106A,4.0,1.4364629,4,0
3NGB_HL_G|WH47A,1.2021707,1.5518329,4,0
3NGB_HL_G|WH50A,1.2917941,1.7740409,4,0
3NGB_HL_G|YH104A,1.4235861,1.7715052,4,0
3NGB_HL_G|YH60A,0.5484263,1.4338207,4,0
3NGB_HL_G|YH75A,-0.19932224,1.9375776,4,0
3NGB_HL_G|YH75S,0.3325709,1.4334724,4,0
3NGB_HL_G|YL26A,0.98528093,1.8204134,4,0
3NGB_HL_G|YL26S,0.6512687,1.0423077,4,0
3NGB_HL_G|YL87A,2.0227883,2.0846062,4,0
4JPK_HL_A|DA141R,3.857323,0.32904312,4,0
"4JPK_HL_A|DA159N,DA33N",0.6189681,0.13094947,4,0
4JPK_HL_A|FA144I,1.3875175,0.09747039,4,0
4JPK_HL_A|FA63L,1.1672868,0.43412533,4,0
4JPK_HL_A|RA130K,0.23006605,-0.23572618,4,0
4JPK_HL_A|RA81T,0.75870305,0.64566565,4,0
4JPK_HL_A|SA41G,2.151695,-0.21383414,4,0
4JPK_HL_A|TA35S,-0.032093357,-0.13031012,4,0
4JPK_HL_A|VA30N,0.59459484,0.04651644,4,0
"1JRH_LH_I|AI49S,II51T,HI55D",0.070675574,-0.5647265,4,1
"1JRH_LH_I|AI85D,KI88R,EI90K",-0.047747865,-1.5061176,4,1
"1JRH_LH_I|AI93L,VI94M",0.63366294,-0.574214,4,1
1JRH_LH_I|DH56A,1.8860998,1.8714526,4,1
1JRH_LH_I|DH57A,1.6660647,1.8704888,4,1
1JRH_LH_I|DH58A,1.8546488,1.6720436,4,1
1JRH_LH_I|DL28A,0.43464687,2.0808027,4,1
1JRH_LH_I|EI35Q,0.09956847,-0.4263368,4,1
1JRH_LH_I|EI45A,-0.5657849,0.9557385,4,1
1JRH_LH_I|EI45P,-3.7881775,0.49896666,4,1
"1JRH_LH_I|EI45P,II47L",-3.4567804,1.0070155,4,1
"1JRH_LH_I|EI45P,II47R",-3.4400978,0.6661493,4,1
1JRH_LH_I|EL27A,0.5426153,2.269653,4,1
1JRH_LH_I|FH103A,0.0,1.3437274,4,1
1JRH_LH_I|GI40A,4.0,0.94369364,4,1
1JRH_LH_I|HH107A,1.6977708,1.9874269,4,1
"1JRH_LH_I|II25N,PI27S,VI29T,VI31I",0.14370596,-0.37299794,4,1
1JRH_LH_I|KI37A,3.713863,1.1296024,4,1
1JRH_LH_I|KI37M,3.2923293,0.53995925,4,1
1JRH_LH_I|KI42A,3.3858175,0.91458327,4,1
1JRH_LH_I|KI42M,4.0,0.3547944,4,1
1JRH_LH_I|KI88A,0.31209365,0.72732395,4,1
"1JRH_LH_I|MI15L,II18V",-0.21360606,0.5114991,4,1
1JRH_LH_I|NI38A,0.1704579,0.6637709,4,1
1JRH_LH_I|NI38Q,0.5344714,-0.5689952,4,1
1JRH_LH_I|NI43A,4.0,1.1669832,4,1
1JRH_LH_I|NI69A,-0.19953421,1.01632,4,1
1JRH_LH_I|RH100A,0.5426153,1.847205,4,1
1JRH_LH_I|RI74A,0.3926171,1.6008341,4,1
1JRH_LH_I|SI44A,0.37771076,0.93241256,4,1
"1JRH_LH_I|SI44G,EI45G,II47R",-3.3777049,0.5229926,4,1
"1JRH_LH_I|SI44G,EI45P,II47K",-3.884419,0.8816808,4,1
"1JRH_LH_I|SI61Y,DI62E,HI63Q,VI64I,GI65M,DI66Y,SI68D,NI69V,LI71A",2.9588323,0.017079785,4,1
1JRH_LH_I|SL93A,-0.65058374,1.486489,4,1
1JRH_LH_I|TI4V,-0.025565991,-0.5800636,4,1
"1JRH_LH_I|TI9L,EI11K",-0.025565991,0.26238507,4,1
1JRH_LH_I|TL94A,0.38526937,1.0968399,4,1
1JRH_LH_I|VI41A,1.6791569,0.6799566,4,1
"1JRH_LH_I|VI73A,RI78K",-0.21360606,0.23887941,4,1
1JRH_LH_I|WH54A,2.6862645,2.3972971,4,1
1JRH_LH_I|WH55A,2.4213178,1.7763247,4,1
1JRH_LH_I|WI46F,-0.25261214,0.06325554,4,1
1JRH_LH_I|WI46Y,0.29852974,-0.1339876,4,1
1JRH_LH_I|WI72A,4.0,1.7264328,4,1
1JRH_LH_I|WI72F,1.102707,0.21928969,4,1
1JRH_LH_I|WI72Y,1.1878273,-0.37660939,4,1
1JRH_LH_I|WL92A,2.818407,1.9808841,4,1
1JRH_LH_I|WL95A,1.6660647,1.9334561,4,1
1JRH_LH_I|YH104A,1.0610564,2.3547802,4,1
1JRH_LH_I|YH32A,1.4333102,2.0462737,4,1
1JRH_LH_I|YH60A,1.2555921,2.2589786,4,1
1JRH_LH_I|YI39A,3.5271235,2.1943998,4,1
1JRH_LH_I|YI39F,0.9087807,0.5887308,4,1
1JRH_LH_I|YL30A,1.1084566,1.9809014,4,1
1JRH_LH_I|YL91A,0.58083415,2.103954,4,1
1KIQ_AB_C|FB101Y,-2.4949589,-0.72403544,4,1
1XGR_AB_C|IB33A,2.260207,1.5204597,4,1
1XGR_AB_C|IB33F,-1.8004549,-0.7229619,4,1
1XGR_AB_C|IB33L,0.061315425,-0.1278305,4,1
1XGR_AB_C|IB33V,1.1076277,0.2903806,4,1
2BDN_HL_A|DH31E,1.0852306,0.06855771,4,1
2BDN_HL_A|LH27K,0.8740124,0.5624969,4,1
2BDN_HL_A|LH27R,0.65058374,-0.014472023,4,1
2BDN_HL_A|NH28D,0.13214268,-0.68033296,4,1
2BDN_HL_A|NH28Q,1.3994616,0.029955521,4,1
2BDN_HL_A|NL31K,3.4897714,0.1922749,4,1
2BDN_HL_A|NL31R,-0.9171868,-0.41981575,4,1
2BDN_HL_A|SL53D,-0.1605731,-0.1594826,4,1
2BDN_HL_A|SL53E,-0.85132045,0.08781623,4,1
2BDN_HL_A|TL56D,-0.4254655,-0.33929732,4,1
2BDN_HL_A|TL56E,-0.6888026,-0.20185626,4,1
2BDN_HL_A|YL30K,0.67475796,1.4035254,4,1
2NYY_DC_A|DA1030A,0.009336901,1.5384337,4,1
2NYY_DC_A|DA1034A,2.5297937,1.5027827,4,1
2NYY_DC_A|DC30Y,0.64113563,-0.06582964,4,1
2NYY_DC_A|EA892A,2.839132,0.89974153,4,1
2NYY_DC_A|ED5Q,-0.2479871,0.13323116,4,1
2NYY_DC_A|FA889A,0.4193659,1.5331402,4,1
2NYY_DC_A|FA925A,4.0,1.2048002,4,1
2NYY_DC_A|HA1036A,4.0,1.9449568,4,1
2NYY_DC_A|HC34R,0.10088469,-0.23469424,4,1
2NYY_DC_A|IA928A,-0.009487502,1.0782624,4,1
2NYY_DC_A|KA1028A,-0.028934313,1.0819306,4,1
2NYY_DC_A|KA875A,0.29098648,0.9291921,4,1
2NYY_DC_A|KA895A,-0.14014584,0.967967,4,1
2NYY_DC_A|KD29R,0.071385965,-0.673342,4,1
"2NYY_DC_A|KD29S,YD30D,DD31H,SD60P",0.04961051,1.212054,4,1
2NYY_DC_A|LA891A,2.5892105,0.62048036,4,1
2NYY_DC_A|MD33Q,-0.059869844,0.12659355,4,1
2NYY_DC_A|NA890A,0.89044046,0.6180362,4,1
2NYY_DC_A|NA926A,0.09934822,0.7606051,4,1
2NYY_DC_A|QA887A,0.5208145,0.98388267,4,1
2NYY_DC_A|RA1033A,0.82012254,0.8199671,4,1
2NYY_DC_A|RA1266A,0.2995321,1.2018139,4,1
2NYY_DC_A|SA874A,-0.23032175,0.7496521,4,1
2NYY_DC_A|SA927A,0.0,0.9471482,4,1
2NYY_DC_A|SC28Q,0.4133828,0.65145135,4,1
2NYY_DC_A|SC31N,-0.35338265,1.0808525,4,1
2NYY_DC_A|TA1035A,1.630871,0.37931794,4,1
2NYY_DC_A|VD36I,-0.21317148,-0.32999387,4,1
"2NYY_DC_A|VD36I,ED5Q",-0.0490461,0.17672247,4,1
2NYY_DC_A|YD30D,0.06462482,0.65549403,4,1
2NYY_DC_A|YD30Q,0.12897444,0.88686603,4,1
2NYY_DC_A|YD56Q,0.5196862,0.9025866,4,1
2NZ9_DC_A|DA1030A,-0.031082604,1.5758932,4,1
2NZ9_DC_A|DA1034A,2.3396032,1.386334,4,1
2NZ9_DC_A|EA892A,2.77036,1.0358491,4,1
2NZ9_DC_A|FA889A,-0.04961051,1.4777055,4,1
2NZ9_DC_A|FA925A,3.340439,1.2281011,4,1
2NZ9_DC_A|HA1036A,4.0,1.7334945,4,1
2NZ9_DC_A|IA928A,0.069281444,1.0189555,4,1
2NZ9_DC_A|KA1028A,-0.008714417,1.0739098,4,1
2NZ9_DC_A|KA875A,0.5407011,0.91783816,4,1
2NZ9_DC_A|KA895A,-0.29975358,0.9835949,4,1
2NZ9_DC_A|LA891A,2.279965,0.61524487,4,1
2NZ9_DC_A|NA890A,2.1600318,0.5850188,4,1
2NZ9_DC_A|NA926A,-0.15216734,0.68546593,4,1
2NZ9_DC_A|QA887A,0.09926054,1.0186635,4,1
2NZ9_DC_A|RA1033A,0.29088098,0.86936635,4,1
2NZ9_DC_A|RA1266A,0.39015788,1.1246495,4,1
2NZ9_DC_A|SA874A,-0.11948046,0.6663155,4,1
2NZ9_DC_A|SA927A,-0.078544825,0.98409605,4,1
"2NZ9_DC_A|SD29K,DD30Y,HD31D",-0.04961051,-0.16262537,4,1
2NZ9_DC_A|TA1035A,2.3703818,0.4328806,4,1
2VIS_AB_C|IC89T,-4.0,0.5293654,4,1
"3BE1_HL_A|DL28N,PL30A,RL31K,SL32T,TL97S,TL98S",-0.6860794,0.81319714,4,1
"3BE1_HL_A|DL28N,PL30A,RL31K,SL32T,TL97S,TL98S,KH30S,DH31G,TH54S,NH55E,GH100V,DH102V",-2.7728782,-1.3792241,4,1
"3BE1_HL_A|DL28N,PL30A,RL31K,SL32T,TL97S,TL98S,KH30S,DH31G,TH54S,NH55E,GH100V,DH102V,YL36A",-3.190238,-0.7385377,4,1
"3BE1_HL_A|DL28N,PL30A,RL31K,SL32T,TL97S,TL98S,KH30S,DH31G,TH54S,NH55E,GH100V,DH102V,YL36A,IL33A",-2.7728782,-0.21927169,4,1
"3BE1_HL_A|DL28N,PL30A,RL31K,SL32T,YL57F,TL97S,TL98S",-0.8683455,0.96079767,4,1
"3BE1_HL_A|DL28N,PL30A,RL31K,SL32T,YL57F,TL97S,TL98S,KH30S,DH31G,TH54S,NH55E,GH100V,DH102V",-2.8824897,-1.4489716,4,1
3LZF_AB_HL|DA187E,0.49836498,-0.44165865,4,1
"3LZF_AB_HL|DA187E,DA222G",0.12738612,-0.086221375,4,1
3LZF_AB_HL|DA222G,0.5378587,-1.474228,4,1
3NGB_HL_G|AH57G,-0.056030333,-0.43656972,4,1
"3NGB_HL_G|AH57G,VH58T,PH63K,VH74T",1.6734211,0.3594698,4,1
"3NGB_HL_G|CH32S,CH102A",0.25899792,1.153066,4,1
3NGB_HL_G|DH103A,0.05987142,1.3481171,4,1
3NGB_HL_G|EL88A,1.3199503,1.6822475,4,1
3NGB_HL_G|FL89A,0.85886127,1.9166913,4,1
3NGB_HL_G|GH55A,-1.2766591,1.0690289,4,1
3NGB_HL_G|GH55S,0.74304354,0.8375201,4,1
3NGB_HL_G|GH56A,1.2656107,1.1391468,4,1
3NGB_HL_G|IH30A,-0.0027431613,0.8859983,4,1
3NGB_HL_G|IH30T,0.0733938,0.492231,4,1
"3NGB_HL_G|IH30T,KH52N,RH54N,GH55S,AH57G,VH58T,RH62Q,PH63K,VH74T,YH75S,YL26S",0.86214453,2.1118648,4,1
3NGB_HL_G|KH52A,0.62288266,0.95205635,4,1
3NGB_HL_G|KH52N,0.17497002,0.24536777,4,1
3NGB_HL_G|MH70A,0.5305512,0.9131349,4,1
3NGB_HL_G|NH105A,1.1185741,0.3749549,4,1
3NGB_HL_G|NH59A,1.7671243,1.4428868,4,1
3NGB_HL_G|PH63A,-0.04252045,0.2517303,4,1
3NGB_HL_G|PH63K,0.23252328,0.42608535,4,1
3NGB_HL_G|QH65A,-0.34038836,1.4745291,4,1
3NGB_HL_G|QL25A,-0.23060839,0.9653868,4,1
3NGB_HL_G|RH54A,-0.25938424,1.2423046,4,1
3NGB_HL_G|RH54N,0.04645046,0.7647415,4,1
3NGB_HL_G|RH62A,0.9958448,1.1436329,4,1
3NGB_HL_G|RH62Q,0.09654992,0.055388466,4,1
3NGB_HL_G|RH72A,1.6432176,0.9720139,4,1
3NGB_HL_G|SL28A,-0.14471176,0.93857056,4,1
3NGB_HL_G|TH33A,0.7071634,0.8685555,4,1
3NGB_HL_G|TH33Y,0.084193856,0.07546832,4,1
"3NGB_HL_G|TH33Y,GH56S,AH57G,VH58T,PH63K,VH74T,YH75S",1.9381938,0.71227676,4,1
3NGB_HL_G|VH58A,1.3584284,1.2481843,4,1
3NGB_HL_G|VH58T,0.13787223,0.4796982,4,1
3NGB_HL_G|VH74A,1.087914,1.1232206,4,1
3NGB_HL_G|VH74T,0.16493925,0.5544137,4,1
3NGB_HL_G|VL1A,-0.7733632,0.9760989,4,1
3NGB_HL_G|WH106A,4.0,1.5412308,4,1
3NGB_HL_G|WH47A,1.2021707,1.2662382,4,1
3NGB_HL_G|WH50A,1.2917941,2.0297546,4,1
3NGB_HL_G|YH104A,1.4235861,1.6630511,4,1
3NGB_HL_G|YH60A,0.5484263,1.2247866,4,1
3NGB_HL_G|YH75A,-0.19932224,1.3047596,4,1
3NGB_HL_G|YH75S,0.3325709,0.72142696,4,1
3NGB_HL_G|YL26A,0.98528093,1.141769,4,1
3NGB_HL_G|YL26S,0.6512687,0.74836,4,1
3NGB_HL_G|YL87A,2.0227883,2.6900866,4,1
4JPK_HL_A|DA141R,3.857323,0.9635368,4,1
"4JPK_HL_A|DA159N,DA33N",0.6189681,0.6015612,4,1
4JPK_HL_A|FA144I,1.3875175,0.75691295,4,1
4JPK_HL_A|FA63L,1.1672868,0.69294226,4,1
4JPK_HL_A|RA130K,0.23006605,0.17203125,4,1
4JPK_HL_A|RA81T,0.75870305,0.68881905,4,1
4JPK_HL_A|SA41G,2.151695,0.3553828,4,1
4JPK_HL_A|TA35S,-0.032093357,0.026549347,4,1
4JPK_HL_A|VA30N,0.59459484,0.77052194,4,1
"1JRH_LH_I|AI49S,II51T,HI55D",0.070675574,-0.11319061,4,2
"1JRH_LH_I|AI85D,KI88R,EI90K",-0.047747865,-1.2780299,4,2
"1JRH_LH_I|AI93L,VI94M",0.63366294,-1.1071604,4,2
1JRH_LH_I|DH56A,1.8860998,0.9845274,4,2
1JRH_LH_I|DH57A,1.6660647,1.0711042,4,2
1JRH_LH_I|DH58A,1.8546488,1.4618927,4,2
1JRH_LH_I|DL28A,0.43464687,1.4724104,4,2
1JRH_LH_I|EI35Q,0.09956847,-0.50630474,4,2
1JRH_LH_I|EI45A,-0.5657849,0.5137901,4,2
1JRH_LH_I|EI45P,-3.7881775,0.10119447,4,2
"1JRH_LH_I|EI45P,II47L",-3.4567804,0.6411269,4,2
"1JRH_LH_I|EI45P,II47R",-3.4400978,0.33861646,4,2
1JRH_LH_I|EL27A,0.5426153,1.1949099,4,2
1JRH_LH_I|FH103A,0.0,1.122135,4,2
1JRH_LH_I|GI40A,4.0,0.42383108,4,2
1JRH_LH_I|HH107A,1.6977708,1.2850355,4,2
"1JRH_LH_I|II25N,PI27S,VI29T,VI31I",0.14370596,0.009921111,4,2
1JRH_LH_I|KI37A,3.713863,1.0287071,4,2
1JRH_LH_I|KI37M,3.2923293,0.4268854,4,2
1JRH_LH_I|KI42A,3.3858175,0.8973452,4,2
1JRH_LH_I|KI42M,4.0,0.2663923,4,2
1JRH_LH_I|KI88A,0.31209365,0.9721064,4,2
"1JRH_LH_I|MI15L,II18V",-0.21360606,0.5203619,4,2
1JRH_LH_I|NI38A,0.1704579,0.39393598,4,2
1JRH_LH_I|NI38Q,0.5344714,-0.4925382,4,2
1JRH_LH_I|NI43A,4.0,0.7281786,4,2
1JRH_LH_I|NI69A,-0.19953421,0.7399006,4,2
1JRH_LH_I|RH100A,0.5426153,1.4154928,4,2
1JRH_LH_I|RI74A,0.3926171,1.363779,4,2
1JRH_LH_I|SI44A,0.37771076,0.45679873,4,2
"1JRH_LH_I|SI44G,EI45G,II47R",-3.3777049,0.5297919,4,2
"1JRH_LH_I|SI44G,EI45P,II47K",-3.884419,0.36816612,4,2
"1JRH_LH_I|SI61Y,DI62E,HI63Q,VI64I,GI65M,DI66Y,SI68D,NI69V,LI71A",2.9588323,-0.31172517,4,2
1JRH_LH_I|SL93A,-0.65058374,0.5601337,4,2
1JRH_LH_I|TI4V,-0.025565991,-0.40737474,4,2
"1JRH_LH_I|TI9L,EI11K",-0.025565991,-0.20168337,4,2
1JRH_LH_I|TL94A,0.38526937,0.70066273,4,2
1JRH_LH_I|VI41A,1.6791569,0.4944905,4,2
"1JRH_LH_I|VI73A,RI78K",-0.21360606,0.14548846,4,2
1JRH_LH_I|WH54A,2.6862645,1.5179423,4,2
1JRH_LH_I|WH55A,2.4213178,1.2280886,4,2
1JRH_LH_I|WI46F,-0.25261214,0.25196192,4,2
1JRH_LH_I|WI46Y,0.29852974,0.0622584,4,2
1JRH_LH_I|WI72A,4.0,1.251747,4,2
1JRH_LH_I|WI72F,1.102707,0.076960534,4,2
1JRH_LH_I|WI72Y,1.1878273,-0.31205562,4,2
1JRH_LH_I|WL92A,2.818407,1.1935747,4,2
1JRH_LH_I|WL95A,1.6660647,1.6104295,4,2
1JRH_LH_I|YH104A,1.0610564,2.1109931,4,2
1JRH_LH_I|YH32A,1.4333102,1.9668653,4,2
1JRH_LH_I|YH60A,1.2555921,1.9903272,4,2
1JRH_LH_I|YI39A,3.5271235,1.3104529,4,2
1JRH_LH_I|YI39F,0.9087807,0.33807465,4,2
1JRH_LH_I|YL30A,1.1084566,1.4519683,4,2
1JRH_LH_I|YL91A,0.58083415,1.3494016,4,2
1KIQ_AB_C|FB101Y,-2.4949589,-0.84096074,4,2
1XGR_AB_C|IB33A,2.260207,1.7668186,4,2
1XGR_AB_C|IB33F,-1.8004549,-0.3088338,4,2
1XGR_AB_C|IB33L,0.061315425,-0.06936715,4,2
1XGR_AB_C|IB33V,1.1076277,0.32317305,4,2
2BDN_HL_A|DH31E,1.0852306,-0.27051336,4,2
2BDN_HL_A|LH27K,0.8740124,0.45910215,4,2
2BDN_HL_A|LH27R,0.65058374,-0.22408828,4,2
2BDN_HL_A|NH28D,0.13214268,-0.56645834,4,2
2BDN_HL_A|NH28Q,1.3994616,-0.50012517,4,2
2BDN_HL_A|NL31K,3.4897714,0.09452047,4,2
2BDN_HL_A|NL31R,-0.9171868,-0.62318146,4,2
2BDN_HL_A|SL53D,-0.1605731,-1.0375484,4,2
2BDN_HL_A|SL53E,-0.85132045,-0.93753433,4,2
2BDN_HL_A|TL56D,-0.4254655,-0.7309423,4,2
2BDN_HL_A|TL56E,-0.6888026,-0.7074,4,2
2BDN_HL_A|YL30K,0.67475796,1.2492895,4,2
2NYY_DC_A|DA1030A,0.009336901,0.6252341,4,2
2NYY_DC_A|DA1034A,2.5297937,0.8938793,4,2
2NYY_DC_A|DC30Y,0.64113563,-0.9450067,4,2
2NYY_DC_A|EA892A,2.839132,0.54580945,4,2
2NYY_DC_A|ED5Q,-0.2479871,0.11448089,4,2
2NYY_DC_A|FA889A,0.4193659,0.9362063,4,2
2NYY_DC_A|FA925A,4.0,0.6930676,4,2
2NYY_DC_A|HA1036A,4.0,1.0175865,4,2
2NYY_DC_A|HC34R,0.10088469,0.1446529,4,2
2NYY_DC_A|IA928A,-0.009487502,0.76173854,4,2
2NYY_DC_A|KA1028A,-0.028934313,0.75357527,4,2
2NYY_DC_A|KA875A,0.29098648,0.7343728,4,2
2NYY_DC_A|KA895A,-0.14014584,0.8813039,4,2
2NYY_DC_A|KD29R,0.071385965,-0.7418493,4,2
"2NYY_DC_A|KD29S,YD30D,DD31H,SD60P",0.04961051,1.0125546,4,2
2NYY_DC_A|LA891A,2.5892105,0.3358938,4,2
2NYY_DC_A|MD33Q,-0.059869844,-0.115427904,4,2
2NYY_DC_A|NA890A,0.89044046,0.5272174,4,2
2NYY_DC_A|NA926A,0.09934822,0.4848324,4,2
2NYY_DC_A|QA887A,0.5208145,0.5346758,4,2
2NYY_DC_A|RA1033A,0.82012254,0.6403491,4,2
2NYY_DC_A|RA1266A,0.2995321,0.90976834,4,2
2NYY_DC_A|SA874A,-0.23032175,0.25924346,4,2
2NYY_DC_A|SA927A,0.0,0.4560315,4,2
2NYY_DC_A|SC28Q,0.4133828,-0.67682695,4,2
2NYY_DC_A|SC31N,-0.35338265,0.093088716,4,2
2NYY_DC_A|TA1035A,1.630871,0.41627723,4,2
2NYY_DC_A|VD36I,-0.21317148,-0.44704157,4,2
"2NYY_DC_A|VD36I,ED5Q",-0.0490461,-0.082403384,4,2
2NYY_DC_A|YD30D,0.06462482,1.2973778,4,2
2NYY_DC_A|YD30Q,0.12897444,1.0399193,4,2
2NYY_DC_A|YD56Q,0.5196862,1.0903127,4,2
2NZ9_DC_A|DA1030A,-0.031082604,0.56766546,4,2
2NZ9_DC_A|DA1034A,2.3396032,0.84360766,4,2
2NZ9_DC_A|EA892A,2.77036,0.5974974,4,2
2NZ9_DC_A|FA889A,-0.04961051,0.9359983,4,2
2NZ9_DC_A|FA925A,3.340439,0.70941204,4,2
2NZ9_DC_A|HA1036A,4.0,0.939529,4,2
2NZ9_DC_A|IA928A,0.069281444,0.7312698,4,2
2NZ9_DC_A|KA1028A,-0.008714417,0.7805106,4,2
2NZ9_DC_A|KA875A,0.5407011,0.78279406,4,2
2NZ9_DC_A|KA895A,-0.29975358,0.9483228,4,2
2NZ9_DC_A|LA891A,2.279965,0.38478714,4,2
2NZ9_DC_A|NA890A,2.1600318,0.53781813,4,2
2NZ9_DC_A|NA926A,-0.15216734,0.4449012,4,2
2NZ9_DC_A|QA887A,0.09926054,0.5334203,4,2
2NZ9_DC_A|RA1033A,0.29088098,0.65864277,4,2
2NZ9_DC_A|RA1266A,0.39015788,0.9338991,4,2
2NZ9_DC_A|SA874A,-0.11948046,0.21032143,4,2
2NZ9_DC_A|SA927A,-0.078544825,0.4676175,4,2
"2NZ9_DC_A|SD29K,DD30Y,HD31D",-0.04961051,-0.8834495,4,2
2NZ9_DC_A|TA1035A,2.3703818,0.4290668,4,2
2VIS_AB_C|IC89T,-4.0,0.5113487,4,2
"3BE1_HL_A|DL28N,PL30A,RL31K,SL32T,TL97S,TL98S",-0.6860794,1.2507,4,2
"3BE1_HL_A|DL28N,PL30A,RL31K,SL32T,TL97S,TL98S,KH30S,DH31G,TH54S,NH55E,GH100V,DH102V",-2.7728782,0.90276265,4,2
"3BE1_HL_A|DL28N,PL30A,RL31K,SL32T,TL97S,TL98S,KH30S,DH31G,TH54S,NH55E,GH100V,DH102V,YL36A",-3.190238,1.7955815,4,2
"3BE1_HL_A|DL28N,PL30A,RL31K,SL32T,TL97S,TL98S,KH30S,DH31G,TH54S,NH55E,GH100V,DH102V,YL36A,IL33A",-2.7728782,2.2530353,4,2
"3BE1_HL_A|DL28N,PL30A,RL31K,SL32T,YL57F,TL97S,TL98S",-0.8683455,1.5588692,4,2
"3BE1_HL_A|DL28N,PL30A,RL31K,SL32T,YL57F,TL97S,TL98S,KH30S,DH31G,TH54S,NH55E,GH100V,DH102V",-2.8824897,1.2507002,4,2
3LZF_AB_HL|DA187E,0.49836498,0.5223255,4,2
"3LZF_AB_HL|DA187E,DA222G",0.12738612,1.0775142,4,2
3LZF_AB_HL|DA222G,0.5378587,1.3806766,4,2
3NGB_HL_G|AH57G,-0.056030333,-0.8010226,4,2
"3NGB_HL_G|AH57G,VH58T,PH63K,VH74T",1.6734211,-0.12777022,4,2
"3NGB_HL_G|CH32S,CH102A",0.25899792,1.2963814,4,2
3NGB_HL_G|DH103A,0.05987142,0.755182,4,2
3NGB_HL_G|EL88A,1.3199503,0.98121315,4,2
3NGB_HL_G|FL89A,0.85886127,1.2241696,4,2
3NGB_HL_G|GH55A,-1.2766591,0.88585263,4,2
3NGB_HL_G|GH55S,0.74304354,0.39100644,4,2
3NGB_HL_G|GH56A,1.2656107,0.9523524,4,2
3NGB_HL_G|IH30A,-0.0027431613,0.8419243,4,2
3NGB_HL_G|IH30T,0.0733938,0.2291393,4,2
"3NGB_HL_G|IH30T,KH52N,RH54N,GH55S,AH57G,VH58T,RH62Q,PH63K,VH74T,YH75S,YL26S",0.86214453,2.730534,4,2
3NGB_HL_G|KH52A,0.62288266,0.65689266,4,2
3NGB_HL_G|KH52N,0.17497002,-0.036810182,4,2
3NGB_HL_G|MH70A,0.5305512,1.0180622,4,2
3NGB_HL_G|NH105A,1.1185741,0.7462909,4,2
3NGB_HL_G|NH59A,1.7671243,1.0728332,4,2
3NGB_HL_G|PH63A,-0.04252045,0.50816864,4,2
3NGB_HL_G|PH63K,0.23252328,-0.037115075,4,2
3NGB_HL_G|QH65A,-0.34038836,1.2119969,4,2
3NGB_HL_G|QL25A,-0.23060839,0.93915534,4,2
3NGB_HL_G|RH54A,-0.25938424,1.2090248,4,2
3NGB_HL_G|RH54N,0.04645046,0.5620114,4,2
3NGB_HL_G|RH62A,0.9958448,1.2167579,4,2
3NGB_HL_G|RH62Q,0.09654992,0.37505984,4,2
3NGB_HL_G|RH72A,1.6432176,0.7683074,4,2
3NGB_HL_G|SL28A,-0.14471176,0.6741549,4,2
3NGB_HL_G|TH33A,0.7071634,1.1387627,4,2
3NGB_HL_G|TH33Y,0.084193856,-0.9030371,4,2
"3NGB_HL_G|TH33Y,GH56S,AH57G,VH58T,PH63K,VH74T,YH75S",1.9381938,0.6872422,4,2
3NGB_HL_G|VH58A,1.3584284,1.0608121,4,2
3NGB_HL_G|VH58T,0.13787223,0.21696338,4,2
3NGB_HL_G|VH74A,1.087914,1.0930749,4,2
3NGB_HL_G|VH74T,0.16493925,0.2607988,4,2
3NGB_HL_G|VL1A,-0.7733632,0.72983927,4,2
3NGB_HL_G|WH106A,4.0,1.1727799,4,2
3NGB_HL_G|WH47A,1.2021707,1.446316,4,2
3NGB_HL_G|WH50A,1.2917941,1.7430038,4,2
3NGB_HL_G|YH104A,1.4235861,1.6751232,4,2
3NGB_HL_G|YH60A,0.5484263,1.4873995,4,2
3NGB_HL_G|YH75A,-0.19932224,1.4904271,4,2
3NGB_HL_G|YH75S,0.3325709,0.9342618,4,2
3NGB_HL_G|YL26A,0.98528093,1.6724725,4,2
3NGB_HL_G|YL26S,0.6512687,0.8151447,4,2
3NGB_HL_G|YL87A,2.0227883,1.6476072,4,2
4JPK_HL_A|DA141R,3.857323,-0.01254081,4,2
"4JPK_HL_A|DA159N,DA33N",0.6189681,0.40430054,4,2
4JPK_HL_A|FA144I,1.3875175,-0.21717635,4,2
4JPK_HL_A|FA63L,1.1672868,0.09871,4,2
4JPK_HL_A|RA130K,0.23006605,-0.034630246,4,2
4JPK_HL_A|RA81T,0.75870305,0.72583365,4,2
4JPK_HL_A|SA41G,2.151695,0.000966765,4,2
4JPK_HL_A|TA35S,-0.032093357,-0.38580364,4,2
4JPK_HL_A|VA30N,0.59459484,0.42762417,4,2
