row_id,ddg_true,ddg_pred,fold,seed
1AHW_AB_C|DC167A,-0.4845926,1.5895278,0,0
"1AHW_AB_C|KC138A,DC139A",1.1814722,2.682748,0,0
"1AHW_AB_C|KC154A,KC155A",-1.329712,2.8344965,0,0
1AHW_AB_C|LC165A,0.9869364,0.7387027,0,0
1AHW_AB_C|NC188A,1.0782224,1.3544503,0,0
"1AHW_AB_C|TC110A,KC111A",0.6388569,2.010596,0,0
1AHW_AB_C|TC156A,-0.07411996,1.4817358,0,0
1AHW_AB_C|TC159A,1.105771,2.2960181,0,0
1AHW_AB_C|TC186A,1.345882,1.1058923,0,0
1AHW_AB_C|VC187A,-0.31423107,0.7941688,0,0
1AHW_AB_C|YC146A,-1.8890098,2.217913,0,0
1BJ1_HL_VW|HH101Y,-1.5835956,-0.65395975,0,0
"1BJ1_HL_VW|HH101Y,YH103I,GH104A,SH105K",-0.43125325,0.39144972,0,0
"1BJ1_HL_VW|HH101Y,YH103R,GH104N,SH105T",-0.7626503,0.35626104,0,0
"1BJ1_HL_VW|HH101Y,YH103R,SH105T",-1.173123,-0.7439423,0,0
1BJ1_HL_VW|HH107A,0.78965265,0.26189274,0,0
"1BJ1_HL_VW|LH72I,TH74K",0.076517485,0.9426663,0,0
"1BJ1_HL_VW|LH72V,TH74V",0.6706598,0.565268,0,0
"1BJ1_HL_VW|ML4L,TH28D,NH31H,HH101Y,SH105T",-1.52138,-1.864967,0,0
1BJ1_HL_VW|NH31H,-0.7626503,-0.30746424,0,0
1BJ1_HL_VW|SH105T,-0.39039657,0.14345995,0,0
1BJ1_HL_VW|TH28D,-0.22003505,-0.24986866,0,0
"1BJ1_HL_VW|TH28D,NH31H",-0.6929008,-0.82258666,0,0
"1BJ1_HL_VW|TH28D,NH31H,YH54W,HH101Y,SH105T",-1.2034981,-1.4936109,0,0
1BJ1_HL_VW|TH59A,0.85066694,1.13157,0,0
1BJ1_HL_VW|YH27A,2.2425284,0.6817782,0,0
1BJ1_HL_VW|YH54A,1.3276595,1.7387472,0,0
1BJ1_HL_VW|YH54W,-0.13726985,0.2953147,0,0
1BJ1_HL_VW|YH99A,4.0,0.41493365,0,0
1DQJ_AB_C|DB32A,2.0134337,0.8366629,0,0
"1DQJ_AB_C|DB32A,KC97A",1.1223834,1.3097326,0,0
1DQJ_AB_C|DC101A,1.3765504,1.1299261,0,0
1DQJ_AB_C|KC96A,4.0,1.1757413,0,0
1DQJ_AB_C|KC97A,3.5197058,0.86578774,0,0
1DQJ_AB_C|LC75A,1.452407,0.78540695,0,0
1DQJ_AB_C|NA31A,2.0134337,1.3104157,0,0
1DQJ_AB_C|NA32A,4.0,1.3941156,0,0
"1DQJ_AB_C|NA32A,KC96A",4.0,2.1920316,0,0
1DQJ_AB_C|NC93A,0.64987326,0.39699566,0,0
1DQJ_AB_C|RC21A,1.2137709,0.7284783,0,0
1DQJ_AB_C|SA91A,1.4318883,1.2301191,0,0
"1DQJ_AB_C|SA91A,RC21A",3.1707318,1.4643167,0,0
"1DQJ_AB_C|SA91A,YC20A",3.573092,2.4718504,0,0
1DQJ_AB_C|SC100A,0.7755829,1.7703933,0,0
1DQJ_AB_C|TC89A,0.84084374,0.47780553,0,0
1DQJ_AB_C|WB98A,4.0,1.4605858,0,0
"1DQJ_AB_C|WB98A,KC97A",4.0,1.815409,0,0
"1DQJ_AB_C|WB98A,SC100A",4.0,3.3579204,0,0
"1DQJ_AB_C|WB98A,YC20A",4.0,2.8992982,0,0
1DQJ_AB_C|WC62A,0.7580786,1.974979,0,0
1DQJ_AB_C|WC63A,1.3462692,1.7148112,0,0
1DQJ_AB_C|YA50A,2.678299,1.1192477,0,0
1DQJ_AB_C|YA96A,1.135051,0.777683,0,0
"1DQJ_AB_C|YA96A,RC21A",3.4851997,1.1266559,0,0
"1DQJ_AB_C|YA96A,SC100A",0.91344726,2.3289797,0,0
1DQJ_AB_C|YB33A,4.0,3.511266,0,0
1DQJ_AB_C|YB50A,4.0,1.9178712,0,0
1DQJ_AB_C|YB53A,1.1802781,0.66570204,0,0
"1DQJ_AB_C|YB53A,DC101A",2.727121,1.6336071,0,0
"1DQJ_AB_C|YB53A,LC75A",1.2168618,0.6800131,0,0
"1DQJ_AB_C|YB53A,WC62A",1.286308,2.351637,0,0
"1DQJ_AB_C|YB53A,WC63A",2.1992323,1.9692305,0,0
1DQJ_AB_C|YC20A,3.2857084,1.5301964,0,0
1XGT_AB_C|LB33A,2.1988916,2.401617,0,0
1XGT_AB_C|LB33F,-1.8617703,-1.8942273,0,0
1XGT_AB_C|LB33I,-0.061315425,0.032747857,0,0
1XGT_AB_C|LB33V,1.0463123,1.0748405,0,0
"3BDY_HL_V|DL28N,PL30A,RL31K,SL32T,TL97S,TL98S",-0.9690793,-1.003757,0,0
"3BDY_HL_V|DL28N,PL30A,RL31K,SL32T,TL97S,TL98S,KH31S,DH32G,TH55S,NH56E,GH101V,DH103V",-2.7154896,-2.6017747,0,0
"3BDY_HL_V|DL28N,PL30A,RL31K,SL32T,TL97S,TL98S,KH31S,DH32G,TH55S,NH56E,GH101V,DH103V,RH51A,RH60A",-2.7728782,-2.1833363,0,0
"3BDY_HL_V|DL28N,PL30A,RL31K,SL32T,YL57F,TL97S,TL98S",-0.97316396,-0.86606956,0,0
"3BDY_HL_V|DL28N,PL30A,RL31K,SL32T,YL57F,TL97S,TL98S,KH31S,DH32G,TH55S,NH56E,GH101V,DH103V",-2.727121,-2.5601535,0,0
3HFM_HL_Y|DH32A,1.8982269,0.47200653,0,0
"3HFM_HL_Y|DH32A,KY97A",4.0,1.1666548,0,0
"3HFM_HL_Y|DH32A,KY97M",1.1234494,1.4860876,0,0
3HFM_HL_Y|DH32N,0.17036153,0.14865339,0,0
"3HFM_HL_Y|DH32N,KY97A",4.0,0.8798347,0,0
"3HFM_HL_Y|DH32N,KY97M",0.3025042,1.2269574,0,0
3HFM_HL_Y|DY101A,1.2081919,0.9243403,0,0
3HFM_HL_Y|DY101E,2.132881,0.45001242,0,0
3HFM_HL_Y|DY101F,2.3282614,0.53457135,0,0
3HFM_HL_Y|DY101G,0.35884774,0.123456694,0,0
3HFM_HL_Y|DY101K,2.1245396,1.052298,0,0
3HFM_HL_Y|DY101N,1.4911126,0.8282132,0,0
3HFM_HL_Y|DY101Q,2.0851746,-0.12749562,0,0
3HFM_HL_Y|DY101R,2.2798727,1.0441381,0,0
3HFM_HL_Y|DY101S,1.8694,0.35447156,0,0
3HFM_HL_Y|GY102V,0.395285,0.6841945,0,0
3HFM_HL_Y|HY15A,-0.4453172,0.31215024,0,0
3HFM_HL_Y|IY98A,0.0,0.47740015,0,0
3HFM_HL_Y|KY96A,4.0,1.3304331,0,0
3HFM_HL_Y|KY96M,4.0,1.2811339,0,0
3HFM_HL_Y|KY96R,4.0,0.66644806,0,0
3HFM_HL_Y|KY97A,4.0,0.927976,0,0
3HFM_HL_Y|KY97D,4.0,0.7602215,0,0
3HFM_HL_Y|KY97E,3.6045077,0.8334345,0,0
3HFM_HL_Y|KY97G,4.0,0.51416874,0,0
3HFM_HL_Y|KY97M,0.9469717,1.1653277,0,0
3HFM_HL_Y|KY97R,3.0528512,0.29720804,0,0
3HFM_HL_Y|LY75A,0.70445603,0.49802914,0,0
3HFM_HL_Y|NL31A,4.0,1.0977414,0,0
"3HFM_HL_Y|NL31A,KY96A",4.0,3.1059415,0,0
3HFM_HL_Y|NL31D,1.3434845,0.19312784,0,0
3HFM_HL_Y|NL31E,4.0,0.4663054,0,0
3HFM_HL_Y|NL32A,4.0,1.05115,0,0
3HFM_HL_Y|NY19D,0.41047263,0.18289292,0,0
3HFM_HL_Y|NY19K,0.2401111,0.4966956,0,0
3HFM_HL_Y|NY19Q,-0.042485796,0.10238976,0,0
3HFM_HL_Y|NY93A,0.21121821,0.37206638,0,0
3HFM_HL_Y|QL53A,0.9530879,0.22645316,0,0
3HFM_HL_Y|RY21A,0.8618019,0.84902155,0,0
3HFM_HL_Y|RY21E,2.4534352,0.51154995,0,0
3HFM_HL_Y|RY21G,2.4220753,0.07742379,0,0
3HFM_HL_Y|RY21H,2.1693182,-0.02607797,0,0
3HFM_HL_Y|RY21K,1.766342,0.35325605,0,0
3HFM_HL_Y|RY21M,2.0498905,1.0072564,0,0
3HFM_HL_Y|RY21N,2.3282614,0.51998174,0,0
3HFM_HL_Y|RY21Q,2.3975346,-0.2131021,0,0
3HFM_HL_Y|RY21W,2.132881,0.48833892,0,0
3HFM_HL_Y|RY73A,-0.3313971,0.7230537,0,0
3HFM_HL_Y|SH31A,0.17036153,0.48972824,0,0
3HFM_HL_Y|SY100A,0.26765963,1.2668428,0,0
3HFM_HL_Y|TY89A,0.0,0.3950406,0,0
3HFM_HL_Y|WH98A,4.0,1.2908592,0,0
"3HFM_HL_Y|WH98A,KY96A",4.0,2.7240484,0,0
3HFM_HL_Y|WH98F,3.245562,0.4728202,0,0
"3HFM_HL_Y|WH98F,YY20A",4.0,1.9816829,0,0
3HFM_HL_Y|WY63A,0.31918663,2.0061207,0,0
3HFM_HL_Y|YH33A,4.0,3.1528475,0,0
"3HFM_HL_Y|YH33A,KY97A",4.0,3.8319464,0,0
3HFM_HL_Y|YH33F,1.0712212,-0.8846779,0,0
3HFM_HL_Y|YH33L,2.0069382,0.72404116,0,0
3HFM_HL_Y|YH33W,1.7495645,0.33591962,0,0
3HFM_HL_Y|YH50A,4.0,2.1229515,0,0
"3HFM_HL_Y|YH50A,RY21A",4.0,2.61416,0,0
3HFM_HL_Y|YH50F,1.6099914,0.48727772,0,0
3HFM_HL_Y|YH50L,2.8488367,0.81305283,0,0
3HFM_HL_Y|YH53A,3.25038,1.0830035,0,0
3HFM_HL_Y|YH53F,0.62049925,0.7367071,0,0
3HFM_HL_Y|YH53L,0.8068894,0.7892172,0,0
3HFM_HL_Y|YH53W,0.7061819,0.32486337,0,0
3HFM_HL_Y|YH58A,1.6760437,2.0364573,0,0
3HFM_HL_Y|YH58F,0.36312544,0.51143193,0,0
3HFM_HL_Y|YH58L,1.5136731,1.2607136,0,0
3HFM_HL_Y|YL50A,4.0,0.9538019,0,0
"3HFM_HL_Y|YL50A,KY96A",4.0,2.57428,0,0
"3HFM_HL_Y|YL50A,KY97A",4.0,1.901298,0,0
"3HFM_HL_Y|YL50A,RY21A",4.0,1.9305238,0,0
3HFM_HL_Y|YL50F,2.3548672,0.27001193,0,0
"3HFM_HL_Y|YL50F,RY21A",4.0,1.3745276,0,0
"3HFM_HL_Y|YL50F,YY20A",4.0,1.8965364,0,0
3HFM_HL_Y|YL50L,4.0,0.48415384,0,0
3HFM_HL_Y|YL96A,2.707045,0.88011944,0,0
"3HFM_HL_Y|YL96A,RY21A",4.0,1.3961105,0,0
3HFM_HL_Y|YL96F,1.4017794,0.48585662,0,0
"3HFM_HL_Y|YL96F,RY21A",4.0,1.1375263,0,0
3HFM_HL_Y|YY20A,4.0,1.5818928,0,0
3HFM_HL_Y|YY20F,-0.4839681,0.574383,0,0
3HFM_HL_Y|YY20L,2.1845057,1.281812,0,0
3SE9_HL_G|DH77A,-0.7664817,0.5046972,0,0
3SE9_HL_G|EL90A,0.41735974,0.5697657,0,0
3SE9_HL_G|FL91A,0.023615688,0.6289096,0,0
3SE9_HL_G|GH106A,-0.3075798,0.7230757,0,0
3SE9_HL_G|GH107A,-0.6151596,0.35884544,0,0
3SE9_HL_G|GH109A,0.18514356,0.89206773,0,0
3SE9_HL_G|GH57A,0.4524448,1.0932325,0,0
3SE9_HL_G|GH62A,0.04634,0.7564375,0,0
3SE9_HL_G|GL29A,0.46369976,0.6253964,0,0
3SE9_HL_G|LH34A,0.56599987,1.8736335,0,0
3SE9_HL_G|LL89A,0.964243,1.0771362,0,0
3SE9_HL_G|NH60A,1.5217615,2.3393118,0,0
3SE9_HL_G|PH64A,-0.4419396,-0.27577335,0,0
3SE9_HL_G|RH67A,1.4695449,0.93931925,0,0
3SE9_HL_G|RH74A,2.6792572,1.3700409,0,0
3SE9_HL_G|RH76A,-0.2322162,1.1429447,0,0
3SE9_HL_G|TH105A,-0.4419396,-0.30693525,0,0
3SE9_HL_G|TH56A,-0.85929936,1.090655,0,0
3SE9_HL_G|VH55A,-0.85929936,0.011688881,0,0
3SE9_HL_G|VH59A,0.9833596,1.7125053,0,0
3SE9_HL_G|VL3A,-0.49433115,0.15244436,0,0
3SE9_HL_G|WH48A,1.0584464,0.9669647,0,0
3SE9_HL_G|WH51A,1.275695,2.099133,0,0
3SE9_HL_G|YH104A,0.46369976,0.7232887,0,0
3SE9_HL_G|YL28A,1.1177194,0.27375564,0,0
4U6H_AB_E|NE21A,-0.3480795,0.7312509,0,0
4U6H_AB_E|QE25A,0.11883454,2.0167243,0,0
4ZS6_HL_A|EA156A,3.0386665,0.13645035,0,0
4ZS6_HL_A|YA160A,-0.11025046,2.03051,0,0
1AHW_AB_C|DC167A,-0.4845926,1.3142215,0,1
"1AHW_AB_C|KC138A,DC139A",1.1814722,1.2124208,0,1
"1AHW_AB_C|KC154A,KC155A",-1.329712,0.95673406,0,1
1AHW_AB_C|LC165A,0.9869364,0.8783438,0,1
1AHW_AB_C|NC188A,1.0782224,1.0788729,0,1
"1AHW_AB_C|TC110A,KC111A",0.6388569,1.1018747,0,1
1AHW_AB_C|TC156A,-0.07411996,1.3804314,0,1
1AHW_AB_C|TC159A,1.105771,1.2490355,0,1
1AHW_AB_C|TC186A,1.345882,0.70081025,0,1
1AHW_AB_C|VC187A,-0.31423107,0.36112177,0,1
1AHW_AB_C|YC146A,-1.8890098,1.5595636,0,1
1BJ1_HL_VW|HH101Y,-1.5835956,-0.9075735,0,1
"1BJ1_HL_VW|HH101Y,YH103I,GH104A,SH105K",-0.43125325,0.045763515,0,1
"1BJ1_HL_VW|HH101Y,YH103R,GH104N,SH105T",-0.7626503,-0.070048675,0,1
"1BJ1_HL_VW|HH101Y,YH103R,SH105T",-1.173123,-0.51856345,0,1
1BJ1_HL_VW|HH107A,0.78965265,0.67556053,0,1
"1BJ1_HL_VW|LH72I,TH74K",0.076517485,1.3083782,0,1
"1BJ1_HL_VW|LH72V,TH74V",0.6706598,0.3546052,0,1
"1BJ1_HL_VW|ML4L,TH28D,NH31H,HH101Y,SH105T",-1.52138,-1.8299496,0,1
1BJ1_HL_VW|NH31H,-0.7626503,0.2966959,0,1
1BJ1_HL_VW|SH105T,-0.39039657,0.3068747,0,1
1BJ1_HL_VW|TH28D,-0.22003505,-0.17420499,0,1
"1BJ1_HL_VW|TH28D,NH31H",-0.6929008,-0.23732294,0,1
"1BJ1_HL_VW|TH28D,NH31H,YH54W,HH101Y,SH105T",-1.2034981,-0.9108791,0,1
1BJ1_HL_VW|TH59A,0.85066694,1.0014858,0,1
1BJ1_HL_VW|YH27A,2.2425284,0.7132665,0,1
1BJ1_HL_VW|YH54A,1.3276595,0.8773911,0,1
1BJ1_HL_VW|YH54W,-0.13726985,0.18648845,0,1
1BJ1_HL_VW|YH99A,4.0,0.49135816,0,1
1DQJ_AB_C|DB32A,2.0134337,0.49053705,0,1
"1DQJ_AB_C|DB32A,KC97A",1.1223834,0.121490985,0,1
1DQJ_AB_C|DC101A,1.3765504,1.1629192,0,1
1DQJ_AB_C|KC96A,4.0,0.72468334,0,1
1DQJ_AB_C|KC97A,3.5197058,0.20554015,0,1
1DQJ_AB_C|LC75A,1.452407,0.71502227,0,1
1DQJ_AB_C|NA31A,2.0134337,0.8816705,0,1
1DQJ_AB_C|NA32A,4.0,1.2090182,0,1
"1DQJ_AB_C|NA32A,KC96A",4.0,1.5926598,0,1
1DQJ_AB_C|NC93A,0.64987326,0.05925281,0,1
1DQJ_AB_C|RC21A,1.2137709,0.7946353,0,1
1DQJ_AB_C|SA91A,1.4318883,0.93385607,0,1
"1DQJ_AB_C|SA91A,RC21A",3.1707318,1.3809652,0,1
"1DQJ_AB_C|SA91A,YC20A",3.573092,2.2726629,0,1
1DQJ_AB_C|SC100A,0.7755829,1.3926818,0,1
1DQJ_AB_C|TC89A,0.84084374,1.0008196,0,1
1DQJ_AB_C|WB98A,4.0,1.2502066,0,1
"1DQJ_AB_C|WB98A,KC97A",4.0,0.7554223,0,1
"1DQJ_AB_C|WB98A,SC100A",4.0,2.671209,0,1
"1DQJ_AB_C|WB98A,YC20A",4.0,2.5791368,0,1
1DQJ_AB_C|WC62A,0.7580786,0.6764294,0,1
1DQJ_AB_C|WC63A,1.3462692,1.3817265,0,1
1DQJ_AB_C|YA50A,2.678299,1.4026736,0,1
1DQJ_AB_C|YA96A,1.135051,1.9378874,0,1
"1DQJ_AB_C|YA96A,RC21A",3.4851997,2.642641,0,1
"1DQJ_AB_C|YA96A,SC100A",0.91344726,3.5237622,0,1
1DQJ_AB_C|YB33A,4.0,3.536749,0,1
1DQJ_AB_C|YB50A,4.0,1.4102665,0,1
1DQJ_AB_C|YB53A,1.1802781,0.30967635,0,1
"1DQJ_AB_C|YB53A,DC101A",2.727121,1.3331387,0,1
"1DQJ_AB_C|YB53A,LC75A",1.2168618,0.32775664,0,1
"1DQJ_AB_C|YB53A,WC62A",1.286308,0.5669109,0,1
"1DQJ_AB_C|YB53A,WC63A",2.1992323,1.418816,0,1
1DQJ_AB_C|YC20A,3.2857084,1.4312294,0,1
1XGT_AB_C|LB33A,2.1988916,2.303175,0,1
1XGT_AB_C|LB33F,-1.8617703,-2.166535,0,1
1XGT_AB_C|LB33I,-0.061315425,-0.24927677,0,1
1XGT_AB_C|LB33V,1.0463123,1.0412511,0,1
"3BDY_HL_V|DL28N,PL30A,RL31K,SL32T,TL97S,TL98S",-0.9690793,-1.5372329,0,1
"3BDY_HL_V|DL28N,PL30A,RL31K,SL32T,TL97S,TL98S,KH31S,DH32G,TH55S,NH56E,GH101V,DH103V",-2.7154896,-2.8909078,0,1
"3BDY_HL_V|DL28N,PL30A,RL31K,SL32T,TL97S,TL98S,KH31S,DH32G,TH55S,NH56E,GH101V,DH103V,RH51A,RH60A",-2.7728782,-3.3727283,0,1
"3BDY_HL_V|DL28N,PL30A,RL31K,SL32T,YL57F,TL97S,TL98S",-0.97316396,-1.303573,0,1
"3BDY_HL_V|DL28N,PL30A,RL31K,SL32T,YL57F,TL97S,TL98S,KH31S,DH32G,TH55S,NH56E,GH101V,DH103V",-2.727121,-2.7015502,0,1
3HFM_HL_Y|DH32A,1.8982269,-0.01051566,0,1
"3HFM_HL_Y|DH32A,KY97A",4.0,0.11791532,0,1
"3HFM_HL_Y|DH32A,KY97M",1.1234494,0.113828525,0,1
3HFM_HL_Y|DH32N,0.17036153,-0.1881064,0,1
"3HFM_HL_Y|DH32N,KY97A",4.0,0.053533223,0,1
"3HFM_HL_Y|DH32N,KY97M",0.3025042,0.047882907,0,1
3HFM_HL_Y|DY101A,1.2081919,0.8737688,0,1
3HFM_HL_Y|DY101E,2.132881,0.31304234,0,1
3HFM_HL_Y|DY101F,2.3282614,0.4354,0,1
3HFM_HL_Y|DY101G,0.35884774,0.8337776,0,1
3HFM_HL_Y|DY101K,2.1245396,1.0463302,0,1
3HFM_HL_Y|DY101N,1.4911126,0.6679188,0,1
3HFM_HL_Y|DY101Q,2.0851746,0.41724008,0,1
3HFM_HL_Y|DY101R,2.2798727,0.8352539,0,1
3HFM_HL_Y|DY101S,1.8694,0.30271083,0,1
3HFM_HL_Y|GY102V,0.395285,0.64821976,0,1
3HFM_HL_Y|HY15A,-0.4453172,0.60081303,0,1
3HFM_HL_Y|IY98A,0.0,0.1509487,0,1
3HFM_HL_Y|KY96A,4.0,0.74284834,0,1
3HFM_HL_Y|KY96M,4.0,0.060176082,0,1
3HFM_HL_Y|KY96R,4.0,-0.2336754,0,1
3HFM_HL_Y|KY97A,4.0,0.2904678,0,1
3HFM_HL_Y|KY97D,4.0,-0.06607154,0,1
3HFM_HL_Y|KY97E,3.6045077,0.14606903,0,1
3HFM_HL_Y|KY97G,4.0,0.28383762,0,1
3HFM_HL_Y|KY97M,0.9469717,0.12345967,0,1
3HFM_HL_Y|KY97R,3.0528512,-0.29252428,0,1
3HFM_HL_Y|LY75A,0.70445603,0.115292296,0,1
3HFM_HL_Y|NL31A,4.0,1.0728983,0,1
"3HFM_HL_Y|NL31A,KY96A",4.0,1.6244296,0,1
3HFM_HL_Y|NL31D,1.3434845,0.31191325,0,1
3HFM_HL_Y|NL31E,4.0,0.48382598,0,1
3HFM_HL_Y|NL32A,4.0,0.93263036,0,1
3HFM_HL_Y|NY19D,0.41047263,0.3510087,0,1
3HFM_HL_Y|NY19K,0.2401111,0.96135336,0,1
3HFM_HL_Y|NY19Q,-0.042485796,0.47180808,0,1
3HFM_HL_Y|NY93A,0.21121821,0.2933833,0,1
3HFM_HL_Y|QL53A,0.9530879,-0.10472673,0,1
3HFM_HL_Y|RY21A,0.8618019,1.1074966,0,1
3HFM_HL_Y|RY21E,2.4534352,0.31848627,0,1
3HFM_HL_Y|RY21G,2.4220753,0.7855676,0,1
3HFM_HL_Y|RY21H,2.1693182,-0.31491464,0,1
3HFM_HL_Y|RY21K,1.766342,1.0618807,0,1
3HFM_HL_Y|RY21M,2.0498905,0.7626653,0,1
3HFM_HL_Y|RY21N,2.3282614,0.61542743,0,1
3HFM_HL_Y|RY21Q,2.3975346,0.14161015,0,1
3HFM_HL_Y|RY21W,2.132881,0.7549972,0,1
3HFM_HL_Y|RY73A,-0.3313971,0.574516,0,1
3HFM_HL_Y|SH31A,0.17036153,0.3556878,0,1
3HFM_HL_Y|SY100A,0.26765963,1.1866452,0,1
3HFM_HL_Y|TY89A,0.0,1.0886362,0,1
3HFM_HL_Y|WH98A,4.0,0.76890737,0,1
"3HFM_HL_Y|WH98A,KY96A",4.0,1.1733224,0,1
3HFM_HL_Y|WH98F,3.245562,0.35025293,0,1
"3HFM_HL_Y|WH98F,YY20A",4.0,2.1384354,0,1
3HFM_HL_Y|WY63A,0.31918663,1.5854934,0,1
3HFM_HL_Y|YH33A,4.0,3.7207348,0,1
"3HFM_HL_Y|YH33A,KY97A",4.0,2.7578096,0,1
3HFM_HL_Y|YH33F,1.0712212,-0.36870646,0,1
3HFM_HL_Y|YH33L,2.0069382,1.0316052,0,1
3HFM_HL_Y|YH33W,1.7495645,1.0919945,0,1
3HFM_HL_Y|YH50A,4.0,1.4833449,0,1
"3HFM_HL_Y|YH50A,RY21A",4.0,2.6954348,0,1
3HFM_HL_Y|YH50F,1.6099914,0.47048658,0,1
3HFM_HL_Y|YH50L,2.8488367,0.85199165,0,1
3HFM_HL_Y|YH53A,3.25038,0.55339813,0,1
3HFM_HL_Y|YH53F,0.62049925,0.46332127,0,1
3HFM_HL_Y|YH53L,0.8068894,0.6185818,0,1
3HFM_HL_Y|YH53W,0.7061819,0.31155145,0,1
3HFM_HL_Y|YH58A,1.6760437,1.1123796,0,1
3HFM_HL_Y|YH58F,0.36312544,0.2406146,0,1
3HFM_HL_Y|YH58L,1.5136731,0.52131796,0,1
3HFM_HL_Y|YL50A,4.0,0.7720251,0,1
"3HFM_HL_Y|YL50A,KY96A",4.0,1.2953049,0,1
"3HFM_HL_Y|YL50A,KY97A",4.0,0.6976425,0,1
"3HFM_HL_Y|YL50A,RY21A",4.0,1.817643,0,1
3HFM_HL_Y|YL50F,2.3548672,0.52366143,0,1
"3HFM_HL_Y|YL50F,RY21A",4.0,1.7224293,0,1
"3HFM_HL_Y|YL50F,YY20A",4.0,2.0069156,0,1
3HFM_HL_Y|YL50L,4.0,0.20407547,0,1
3HFM_HL_Y|YL96A,2.707045,2.0790555,0,1
"3HFM_HL_Y|YL96A,RY21A",4.0,3.1406949,0,1
3HFM_HL_Y|YL96F,1.4017794,0.88525456,0,1
"3HFM_HL_Y|YL96F,RY21A",4.0,2.5016232,0,1
3HFM_HL_Y|YY20A,4.0,1.6366119,0,1
3HFM_HL_Y|YY20F,-0.4839681,0.33155382,0,1
3HFM_HL_Y|YY20L,2.1845057,1.4045895,0,1
3SE9_HL_G|DH77A,-0.7664817,0.08149562,0,1
3SE9_HL_G|EL90A,0.41735974,0.94925773,0,1
3SE9_HL_G|FL91A,0.023615688,0.6429779,0,1
3SE9_HL_G|GH106A,-0.3075798,0.37962037,0,1
3SE9_HL_G|GH107A,-0.6151596,0.17077434,0,1
3SE9_HL_G|GH109A,0.18514356,0.83398485,0,1
3SE9_HL_G|GH57A,0.4524448,0.56769055,0,1
3SE9_HL_G|GH62A,0.04634,0.41492903,0,1
3SE9_HL_G|GL29A,0.46369976,0.40029383,0,1
3SE9_HL_G|LH34A,0.56599987,1.5676131,0,1
3SE9_HL_G|LL89A,0.964243,1.2838801,0,1
3SE9_HL_G|NH60A,1.5217615,1.7205236,0,1
3SE9_HL_G|PH64A,-0.4419396,-0.028375559,0,1
3SE9_HL_G|RH67A,1.4695449,0.49651968,0,1
3SE9_HL_G|RH74A,2.6792572,1.8105121,0,1
3SE9_HL_G|RH76A,-0.2322162,0.50149256,0,1
3SE9_HL_G|TH105A,-0.4419396,0.019325834,0,1
3SE9_HL_G|TH56A,-0.85929936,0.44561982,0,1
3SE9_HL_G|VH55A,-0.85929936,-0.29941726,0,1
3SE9_HL_G|VH59A,0.9833596,1.5853472,0,1
3SE9_HL_G|VL3A,-0.49433115,0.24361177,0,1
3SE9_HL_G|WH48A,1.0584464,1.4836248,0,1
3SE9_HL_G|WH51A,1.275695,1.3727442,0,1
3SE9_HL_G|YH104A,0.46369976,1.1276985,0,1
3SE9_HL_G|YL28A,1.1177194,0.3327806,0,1
4U6H_AB_E|NE21A,-0.3480795,0.8277743,0,1
4U6H_AB_E|QE25A,0.11883454,1.406225,0,1
4ZS6_HL_A|EA156A,3.0386665,0.38239294,0,1
4ZS6_HL_A|YA160A,-0.11025046,2.3495536,0,1
1AHW_AB_C|DC167A,-0.4845926,0.71039796,0,2
"1AHW_AB_C|KC138A,DC139A",1.1814722,2.177344,0,2
"1AHW_AB_C|KC154A,KC155A",-1.329712,1.5707623,0,2
1AHW_AB_C|LC165A,0.9869364,0.6711346,0,2
1AHW_AB_C|NC188A,1.0782224,1.145804,0,2
"1AHW_AB_C|TC110A,KC111A",0.6388569,1.2558941,0,2
1AHW_AB_C|TC156A,-0.07411996,0.27864385,0,2
1AHW_AB_C|TC159A,1.105771,1.2879738,0,2
1AHW_AB_C|TC186A,1.345882,1.2912172,0,2
1AHW_AB_C|VC187A,-0.31423107,0.4753644,0,2
1AHW_AB_C|YC146A,-1.8890098,1.5642284,0,2
1BJ1_HL_VW|HH101Y,-1.5835956,-1.3319983,0,2
"1BJ1_HL_VW|HH101Y,YH103I,GH104A,SH105K",-0.43125325,-0.026963498,0,2
"1BJ1_HL_VW|HH101Y,YH103R,GH104N,SH105T",-0.7626503,-1.6247262,0,2
"1BJ1_HL_VW|HH101Y,YH103R,SH105T",-1.173123,-1.8090497,0,2
1BJ1_HL_VW|HH107A,0.78965265,0.31092855,0,2
"1BJ1_HL_VW|LH72I,TH74K",0.076517485,0.38022414,0,2
"1BJ1_HL_VW|LH72V,TH74V",0.6706598,0.12499872,0,2
"1BJ1_HL_VW|ML4L,TH28D,NH31H,HH101Y,SH105T",-1.52138,-2.3626668,0,2
1BJ1_HL_VW|NH31H,-0.7626503,0.14008744,0,2
1BJ1_HL_VW|SH105T,-0.39039657,-0.8503515,0,2
1BJ1_HL_VW|TH28D,-0.22003505,-0.34064332,0,2
"1BJ1_HL_VW|TH28D,NH31H",-0.6929008,-0.38511068,0,2
"1BJ1_HL_VW|TH28D,NH31H,YH54W,HH101Y,SH105T",-1.2034981,-1.6382433,0,2
1BJ1_HL_VW|TH59A,0.85066694,1.325146,0,2
1BJ1_HL_VW|YH27A,2.2425284,0.61033475,0,2
1BJ1_HL_VW|YH54A,1.3276595,0.7697613,0,2
1BJ1_HL_VW|YH54W,-0.13726985,0.25703144,0,2
1BJ1_HL_VW|YH99A,4.0,0.9650053,0,2
1DQJ_AB_C|DB32A,2.0134337,-0.05627687,0,2
"1DQJ_AB_C|DB32A,KC97A",1.1223834,-0.47552946,0,2
1DQJ_AB_C|DC101A,1.3765504,1.5275689,0,2
1DQJ_AB_C|KC96A,4.0,1.455414,0,2
1DQJ_AB_C|KC97A,3.5197058,0.2652464,0,2
1DQJ_AB_C|LC75A,1.452407,1.0879894,0,2
1DQJ_AB_C|NA31A,2.0134337,2.461539,0,2
1DQJ_AB_C|NA32A,4.0,1.5076001,0,2
"1DQJ_AB_C|NA32A,KC96A",4.0,2.2702832,0,2
1DQJ_AB_C|NC93A,0.64987326,0.07904537,0,2
1DQJ_AB_C|RC21A,1.2137709,1.0542898,0,2
1DQJ_AB_C|SA91A,1.4318883,0.20322514,0,2
"1DQJ_AB_C|SA91A,RC21A",3.1707318,1.1000677,0,2
"1DQJ_AB_C|SA91A,YC20A",3.573092,2.012542,0,2
1DQJ_AB_C|SC100A,0.7755829,0.97103024,0,2
1DQJ_AB_C|TC89A,0.84084374,1.0277909,0,2
1DQJ_AB_C|WB98A,4.0,2.1288605,0,2
"1DQJ_AB_C|WB98A,KC97A",4.0,1.3782722,0,2
"1DQJ_AB_C|WB98A,SC100A",4.0,3.5026803,0,2
"1DQJ_AB_C|WB98A,YC20A",4.0,3.9495463,0,2
1DQJ_AB_C|WC62A,0.7580786,1.769182,0,2
1DQJ_AB_C|WC63A,1.3462692,2.671746,0,2
1DQJ_AB_C|YA50A,2.678299,0.9216004,0,2
1DQJ_AB_C|YA96A,1.135051,0.7433782,0,2
"1DQJ_AB_C|YA96A,RC21A",3.4851997,1.3611643,0,2
"1DQJ_AB_C|YA96A,SC100A",0.91344726,1.5994502,0,2
1DQJ_AB_C|YB33A,4.0,2.9924293,0,2
1DQJ_AB_C|YB50A,4.0,1.8299588,0,2
1DQJ_AB_C|YB53A,1.1802781,0.7581697,0,2
"1DQJ_AB_C|YB53A,DC101A",2.727121,1.6477015,0,2
"1DQJ_AB_C|YB53A,LC75A",1.2168618,1.418956,0,2
"1DQJ_AB_C|YB53A,WC62A",1.286308,1.6082628,0,2
"1DQJ_AB_C|YB53A,WC63A",2.1992323,2.973069,0,2
1DQJ_AB_C|YC20A,3.2857084,1.579982,0,2
1XGT_AB_C|LB33A,2.1988916,2.1332762,0,2
1XGT_AB_C|LB33F,-1.8617703,-1.6466206,0,2
1XGT_AB_C|LB33I,-0.061315425,0.08576879,0,2
1XGT_AB_C|LB33V,1.0463123,1.2364397,0,2
"3BDY_HL_V|DL28N,PL30A,RL31K,SL32T,TL97S,TL98S",-0.9690793,-1.02152,0,2
"3BDY_HL_V|DL28N,PL30A,RL31K,SL32T,TL97S,TL98S,KH31S,DH32G,TH55S,NH56E,GH101V,DH103V",-2.7154896,-3.022626,0,2
"3BDY_HL_V|DL28N,PL30A,RL31K,SL32T,TL97S,TL98S,KH31S,DH32G,TH55S,NH56E,GH101V,DH103V,RH51A,RH60A",-2.7728782,-2.6580753,0,2
"3BDY_HL_V|DL28N,PL30A,RL31K,SL32T,YL57F,TL97S,TL98S",-0.97316396,-1.1120516,0,2
"3BDY_HL_V|DL28N,PL30A,RL31K,SL32T,YL57F,TL97S,TL98S,KH31S,DH32G,TH55S,NH56E,GH101V,DH103V",-2.727121,-3.1260958,0,2
3HFM_HL_Y|DH32A,1.8982269,0.009234283,0,2
"3HFM_HL_Y|DH32A,KY97A",4.0,-0.11896658,0,2
"3HFM_HL_Y|DH32A,KY97M",1.1234494,0.08694323,0,2
3HFM_HL_Y|DH32N,0.17036153,-0.36809802,0,2
"3HFM_HL_Y|DH32N,KY97A",4.0,-0.083893865,0,2
"3HFM_HL_Y|DH32N,KY97M",0.3025042,0.08285414,0,2
3HFM_HL_Y|DY101A,1.2081919,1.1875129,0,2
3HFM_HL_Y|DY101E,2.132881,0.6787381,0,2
3HFM_HL_Y|DY101F,2.3282614,1.1496139,0,2
3HFM_HL_Y|DY101G,0.35884774,0.35407242,0,2
3HFM_HL_Y|DY101K,2.1245396,1.7291073,0,2
3HFM_HL_Y|DY101N,1.4911126,1.4134724,0,2
3HFM_HL_Y|DY101Q,2.0851746,0.6597875,0,2
3HFM_HL_Y|DY101R,2.2798727,1.0682422,0,2
3HFM_HL_Y|DY101S,1.8694,0.9125459,0,2
3HFM_HL_Y|GY102V,0.395285,1.2192994,0,2
3HFM_HL_Y|HY15A,-0.4453172,0.9949793,0,2
3HFM_HL_Y|IY98A,0.0,0.29319975,0,2
3HFM_HL_Y|KY96A,4.0,1.5788676,0,2
3HFM_HL_Y|KY96M,4.0,1.4477304,0,2
3HFM_HL_Y|KY96R,4.0,0.19619668,0,2
3HFM_HL_Y|KY97A,4.0,0.19085334,0,2
3HFM_HL_Y|KY97D,4.0,-0.0372446,0,2
3HFM_HL_Y|KY97E,3.6045077,-0.12242548,0,2
3HFM_HL_Y|KY97G,4.0,0.0034750514,0,2
3HFM_HL_Y|KY97M,0.9469717,0.32962647,0,2
3HFM_HL_Y|KY97R,3.0528512,-1.0815067,0,2
3HFM_HL_Y|LY75A,0.70445603,0.59019905,0,2
3HFM_HL_Y|NL31A,4.0,2.4040763,0,2
"3HFM_HL_Y|NL31A,KY96A",4.0,4.203322,0,2
3HFM_HL_Y|NL31D,1.3434845,0.9286983,0,2
3HFM_HL_Y|NL31E,4.0,1.4349824,0,2
3HFM_HL_Y|NL32A,4.0,1.086731,0,2
3HFM_HL_Y|NY19D,0.41047263,-0.2155886,0,2
3HFM_HL_Y|NY19K,0.2401111,0.40363422,0,2
3HFM_HL_Y|NY19Q,-0.042485796,-0.1007919,0,2
3HFM_HL_Y|NY93A,0.21121821,0.09012292,0,2
3HFM_HL_Y|QL53A,0.9530879,0.1721303,0,2
3HFM_HL_Y|RY21A,0.8618019,1.1723807,0,2
3HFM_HL_Y|RY21E,2.4534352,0.3451743,0,2
3HFM_HL_Y|RY21G,2.4220753,0.09326029,0,2
3HFM_HL_Y|RY21H,2.1693182,-1.0146621,0,2
3HFM_HL_Y|RY21K,1.766342,0.20618255,0,2
3HFM_HL_Y|RY21M,2.0498905,1.4285612,0,2
3HFM_HL_Y|RY21N,2.3282614,1.0350866,0,2
3HFM_HL_Y|RY21Q,2.3975346,-0.16895191,0,2
3HFM_HL_Y|RY21W,2.132881,0.41623667,0,2
3HFM_HL_Y|RY73A,-0.3313971,0.831991,0,2
3HFM_HL_Y|SH31A,0.17036153,0.098796666,0,2
3HFM_HL_Y|SY100A,0.26765963,0.60823643,0,2
3HFM_HL_Y|TY89A,0.0,1.0926484,0,2
3HFM_HL_Y|WH98A,4.0,2.3042276,0,2
"3HFM_HL_Y|WH98A,KY96A",4.0,3.9827166,0,2
3HFM_HL_Y|WH98F,3.245562,0.6468353,0,2
"3HFM_HL_Y|WH98F,YY20A",4.0,2.7507803,0,2
3HFM_HL_Y|WY63A,0.31918663,2.5966275,0,2
3HFM_HL_Y|YH33A,4.0,2.3728874,0,2
"3HFM_HL_Y|YH33A,KY97A",4.0,1.0204059,0,2
3HFM_HL_Y|YH33F,1.0712212,-1.6353092,0,2
3HFM_HL_Y|YH33L,2.0069382,0.1505691,0,2
3HFM_HL_Y|YH33W,1.7495645,0.7484926,0,2
3HFM_HL_Y|YH50A,4.0,1.5491654,0,2
"3HFM_HL_Y|YH50A,RY21A",4.0,2.762192,0,2
3HFM_HL_Y|YH50F,1.6099914,0.15629576,0,2
3HFM_HL_Y|YH50L,2.8488367,0.59625274,0,2
3HFM_HL_Y|YH53A,3.25038,1.1920767,0,2
3HFM_HL_Y|YH53F,0.62049925,0.6757427,0,2
3HFM_HL_Y|YH53L,0.8068894,1.0835,0,2
3HFM_HL_Y|YH53W,0.7061819,0.3858174,0,2
3HFM_HL_Y|YH58A,1.6760437,1.0528022,0,2
3HFM_HL_Y|YH58F,0.36312544,-0.000520017,0,2
3HFM_HL_Y|YH58L,1.5136731,0.7810128,0,2
3HFM_HL_Y|YL50A,4.0,0.44324812,0,2
"3HFM_HL_Y|YL50A,KY96A",4.0,2.3476353,0,2
"3HFM_HL_Y|YL50A,KY97A",4.0,0.4965397,0,2
"3HFM_HL_Y|YL50A,RY21A",4.0,1.6899719,0,2
3HFM_HL_Y|YL50F,2.3548672,-0.0041586272,0,2
"3HFM_HL_Y|YL50F,RY21A",4.0,1.3487535,0,2
"3HFM_HL_Y|YL50F,YY20A",4.0,1.8697368,0,2
3HFM_HL_Y|YL50L,4.0,-0.22622547,0,2
3HFM_HL_Y|YL96A,2.707045,0.9588985,0,2
"3HFM_HL_Y|YL96A,RY21A",4.0,1.6645867,0,2
3HFM_HL_Y|YL96F,1.4017794,0.24706925,0,2
"3HFM_HL_Y|YL96F,RY21A",4.0,1.157355,0,2
3HFM_HL_Y|YY20A,4.0,1.7800806,0,2
3HFM_HL_Y|YY20F,-0.4839681,0.24733444,0,2
3HFM_HL_Y|YY20L,2.1845057,1.7000896,0,2
3SE9_HL_G|DH77A,-0.7664817,0.19385116,0,2
3SE9_HL_G|EL90A,0.41735974,1.0544544,0,2
3SE9_HL_G|FL91A,0.023615688,0.36089724,0,2
3SE9_HL_G|GH106A,-0.3075798,0.35075125,0,2
3SE9_HL_G|GH107A,-0.6151596,-0.54381365,0,2
3SE9_HL_G|GH109A,0.18514356,0.5936262,0,2
3SE9_HL_G|GH57A,0.4524448,0.6454684,0,2
3SE9_HL_G|GH62A,0.04634,0.45724666,0,2
3SE9_HL_G|GL29A,0.46369976,0.16255367,0,2
3SE9_HL_G|LH34A,0.56599987,0.9591567,0,2
3SE9_HL_G|LL89A,0.964243,0.46698412,0,2
3SE9_HL_G|NH60A,1.5217615,1.9035041,0,2
3SE9_HL_G|PH64A,-0.4419396,-0.04354999,0,2
3SE9_HL_G|RH67A,1.4695449,0.47578147,0,2
3SE9_HL_G|RH74A,2.6792572,1.6052215,0,2
3SE9_HL_G|RH76A,-0.2322162,1.0258994,0,2
3SE9_HL_G|TH105A,-0.4419396,0.3565449,0,2
3SE9_HL_G|TH56A,-0.85929936,0.46589848,0,2
3SE9_HL_G|VH55A,-0.85929936,0.16696267,0,2
3SE9_HL_G|VH59A,0.9833596,1.4829483,0,2
3SE9_HL_G|VL3A,-0.49433115,-0.22641301,0,2
3SE9_HL_G|WH48A,1.0584464,1.2800393,0,2
3SE9_HL_G|WH51A,1.275695,1.8557351,0,2
3SE9_HL_G|YH104A,0.46369976,1.6013538,0,2
3SE9_HL_G|YL28A,1.1177194,0.6240249,0,2
4U6H_AB_E|NE21A,-0.3480795,0.43422806,0,2
4U6H_AB_E|QE25A,0.11883454,0.88441765,0,2
4ZS6_HL_A|EA156A,3.0386665,-0.088164225,0,2
4ZS6_HL_A|YA160A,-0.11025046,1.263449,0,2
1AHW_AB_C|DC167A,-0.4845926,1.2064025,0,3
"1AHW_AB_C|KC138A,DC139A",1.1814722,1.2244161,0,3
"1AHW_AB_C|KC154A,KC155A",-1.329712,1.020316,0,3
1AHW_AB_C|LC165A,0.9869364,0.39855477,0,3
1AHW_AB_C|NC188A,1.0782224,0.43134275,0,3
"1AHW_AB_C|TC110A,KC111A",0.6388569,0.66044986,0,3
1AHW_AB_C|TC156A,-0.07411996,0.7185343,0,3
1AHW_AB_C|TC159A,1.105771,0.35788593,0,3
1AHW_AB_C|TC186A,1.345882,0.7350916,0,3
1AHW_AB_C|VC187A,-0.31423107,0.46616378,0,3
1AHW_AB_C|YC146A,-1.8890098,1.3395207,0,3
1BJ1_HL_VW|HH101Y,-1.5835956,-0.33467826,0,3
"1BJ1_HL_VW|HH101Y,YH103I,GH104A,SH105K",-0.43125325,1.4394572,0,3
"1BJ1_HL_VW|HH101Y,YH103R,GH104N,SH105T",-0.7626503,1.460991,0,3
"1BJ1_HL_VW|HH101Y,YH103R,SH105T",-1.173123,0.7122348,0,3
1BJ1_HL_VW|HH107A,0.78965265,0.35138726,0,3
"1BJ1_HL_VW|LH72I,TH74K",0.076517485,0.36197048,0,3
"1BJ1_HL_VW|LH72V,TH74V",0.6706598,-0.12185642,0,3
"1BJ1_HL_VW|ML4L,TH28D,NH31H,HH101Y,SH105T",-1.52138,-0.92007434,0,3
1BJ1_HL_VW|NH31H,-0.7626503,-0.3790342,0,3
1BJ1_HL_VW|SH105T,-0.39039657,0.346411,0,3
1BJ1_HL_VW|TH28D,-0.22003505,-0.2100785,0,3
"1BJ1_HL_VW|TH28D,NH31H",-0.6929008,-0.86021656,0,3
"1BJ1_HL_VW|TH28D,NH31H,YH54W,HH101Y,SH105T",-1.2034981,-0.7845365,0,3
1BJ1_HL_VW|TH59A,0.85066694,0.78996116,0,3
1BJ1_HL_VW|YH27A,2.2425284,1.4394057,0,3
1BJ1_HL_VW|YH54A,1.3276595,1.0189499,0,3
1BJ1_HL_VW|YH54W,-0.13726985,0.16402903,0,3
1BJ1_HL_VW|YH99A,4.0,0.605691,0,3
1DQJ_AB_C|DB32A,2.0134337,0.8385069,0,3
"1DQJ_AB_C|DB32A,KC97A",1.1223834,1.0494429,0,3
1DQJ_AB_C|DC101A,1.3765504,1.1698388,0,3
1DQJ_AB_C|KC96A,4.0,0.4765012,0,3
1DQJ_AB_C|KC97A,3.5197058,0.45573783,0,3
1DQJ_AB_C|LC75A,1.452407,0.7418049,0,3
1DQJ_AB_C|NA31A,2.0134337,0.7103417,0,3
1DQJ_AB_C|NA32A,4.0,1.697334,0,3
"1DQJ_AB_C|NA32A,KC96A",4.0,2.407985,0,3
1DQJ_AB_C|NC93A,0.64987326,0.32352296,0,3
1DQJ_AB_C|RC21A,1.2137709,0.26124382,0,3
1DQJ_AB_C|SA91A,1.4318883,1.7517656,0,3
"1DQJ_AB_C|SA91A,RC21A",3.1707318,2.6041698,0,3
"1DQJ_AB_C|SA91A,YC20A",3.573092,3.2078836,0,3
1DQJ_AB_C|SC100A,0.7755829,0.91462755,0,3
1DQJ_AB_C|TC89A,0.84084374,0.40015858,0,3
1DQJ_AB_C|WB98A,4.0,0.77966774,0,3
"1DQJ_AB_C|WB98A,KC97A",4.0,0.9315607,0,3
"1DQJ_AB_C|WB98A,SC100A",4.0,1.3944306,0,3
"1DQJ_AB_C|WB98A,YC20A",4.0,1.5292035,0,3
1DQJ_AB_C|WC62A,0.7580786,0.9301857,0,3
1DQJ_AB_C|WC63A,1.3462692,1.1015323,0,3
1DQJ_AB_C|YA50A,2.678299,1.3944808,0,3
1DQJ_AB_C|YA96A,1.135051,1.2426918,0,3
"1DQJ_AB_C|YA96A,RC21A",3.4851997,1.822401,0,3
"1DQJ_AB_C|YA96A,SC100A",0.91344726,2.4152148,0,3
1DQJ_AB_C|YB33A,4.0,2.9742267,0,3
1DQJ_AB_C|YB50A,4.0,2.0644746,0,3
1DQJ_AB_C|YB53A,1.1802781,0.37873802,0,3
"1DQJ_AB_C|YB53A,DC101A",2.727121,1.1110904,0,3
"1DQJ_AB_C|YB53A,LC75A",1.2168618,0.6901245,0,3
"1DQJ_AB_C|YB53A,WC62A",1.286308,1.1294603,0,3
"1DQJ_AB_C|YB53A,WC63A",2.1992323,1.502039,0,3
1DQJ_AB_C|YC20A,3.2857084,1.3522767,0,3
1XGT_AB_C|LB33A,2.1988916,2.1792598,0,3
1XGT_AB_C|LB33F,-1.8617703,-0.8232846,0,3
1XGT_AB_C|LB33I,-0.061315425,0.032734036,0,3
1XGT_AB_C|LB33V,1.0463123,0.48014036,0,3
"3BDY_HL_V|DL28N,PL30A,RL31K,SL32T,TL97S,TL98S",-0.9690793,-0.45981163,0,3
"3BDY_HL_V|DL28N,PL30A,RL31K,SL32T,TL97S,TL98S,KH31S,DH32G,TH55S,NH56E,GH101V,DH103V",-2.7154896,-2.679641,0,3
"3BDY_HL_V|DL28N,PL30A,RL31K,SL32T,TL97S,TL98S,KH31S,DH32G,TH55S,NH56E,GH101V,DH103V,RH51A,RH60A",-2.7728782,-2.1755726,0,3
"3BDY_HL_V|DL28N,PL30A,RL31K,SL32T,YL57F,TL97S,TL98S",-0.97316396,-0.43918073,0,3
"3BDY_HL_V|DL28N,PL30A,RL31K,SL32T,YL57F,TL97S,TL98S,KH31S,DH32G,TH55S,NH56E,GH101V,DH103V",-2.727121,-2.6499739,0,3
3HFM_HL_Y|DH32A,1.8982269,0.40313998,0,3
"3HFM_HL_Y|DH32A,KY97A",4.0,0.58989567,0,3
"3HFM_HL_Y|DH32A,KY97M",1.1234494,0.17198144,0,3
3HFM_HL_Y|DH32N,0.17036153,0.016959805,0,3
"3HFM_HL_Y|DH32N,KY97A",4.0,0.3312339,0,3
"3HFM_HL_Y|DH32N,KY97M",0.3025042,-0.054029595,0,3
3HFM_HL_Y|DY101A,1.2081919,0.89048594,0,3
3HFM_HL_Y|DY101E,2.132881,0.19836101,0,3
3HFM_HL_Y|DY101F,2.3282614,0.12088768,0,3
3HFM_HL_Y|DY101G,0.35884774,0.5433926,0,3
3HFM_HL_Y|DY101K,2.1245396,0.6913246,0,3
3HFM_HL_Y|DY101N,1.4911126,0.45865855,0,3
3HFM_HL_Y|DY101Q,2.0851746,0.051356833,0,3
3HFM_HL_Y|DY101R,2.2798727,0.45773655,0,3
3HFM_HL_Y|DY101S,1.8694,0.17886832,0,3
3HFM_HL_Y|GY102V,0.395285,0.35550585,0,3
3HFM_HL_Y|HY15A,-0.4453172,0.67213374,0,3
3HFM_HL_Y|IY98A,0.0,0.26026022,0,3
3HFM_HL_Y|KY96A,4.0,0.26217812,0,3
3HFM_HL_Y|KY96M,4.0,-0.5565381,0,3
3HFM_HL_Y|KY96R,4.0,-0.39133602,0,3
3HFM_HL_Y|KY97A,4.0,0.39873013,0,3
3HFM_HL_Y|KY97D,4.0,-0.06934209,0,3
3HFM_HL_Y|KY97E,3.6045077,-0.09052718,0,3
3HFM_HL_Y|KY97G,4.0,-0.08333935,0,3
3HFM_HL_Y|KY97M,0.9469717,-0.21807031,0,3
3HFM_HL_Y|KY97R,3.0528512,-0.09551066,0,3
3HFM_HL_Y|LY75A,0.70445603,0.4259215,0,3
3HFM_HL_Y|NL31A,4.0,0.59513706,0,3
"3HFM_HL_Y|NL31A,KY96A",4.0,0.93352777,0,3
3HFM_HL_Y|NL31D,1.3434845,-0.33376402,0,3
3HFM_HL_Y|NL31E,4.0,-0.15790363,0,3
3HFM_HL_Y|NL32A,4.0,1.0393988,0,3
3HFM_HL_Y|NY19D,0.41047263,-0.070097856,0,3
3HFM_HL_Y|NY19K,0.2401111,0.43253815,0,3
3HFM_HL_Y|NY19Q,-0.042485796,-0.16569139,0,3
3HFM_HL_Y|NY93A,0.21121821,0.21108988,0,3
3HFM_HL_Y|QL53A,0.9530879,0.571849,0,3
3HFM_HL_Y|RY21A,0.8618019,0.3319757,0,3
3HFM_HL_Y|RY21E,2.4534352,-0.4047382,0,3
3HFM_HL_Y|RY21G,2.4220753,-0.20483501,0,3
3HFM_HL_Y|RY21H,2.1693182,-0.40795705,0,3
3HFM_HL_Y|RY21K,1.766342,0.28897387,0,3
3HFM_HL_Y|RY21M,2.0498905,-0.19894184,0,3
3HFM_HL_Y|RY21N,2.3282614,0.0748618,0,3
3HFM_HL_Y|RY21Q,2.3975346,-0.6775654,0,3
3HFM_HL_Y|RY21W,2.132881,-0.23426022,0,3
3HFM_HL_Y|RY73A,-0.3313971,0.38383955,0,3
3HFM_HL_Y|SH31A,0.17036153,0.7965792,0,3
3HFM_HL_Y|SY100A,0.26765963,0.73805773,0,3
3HFM_HL_Y|TY89A,0.0,0.5899295,0,3
3HFM_HL_Y|WH98A,4.0,0.9880772,0,3
"3HFM_HL_Y|WH98A,KY96A",4.0,1.2086546,0,3
3HFM_HL_Y|WH98F,3.245562,0.02705603,0,3
"3HFM_HL_Y|WH98F,YY20A",4.0,0.73409885,0,3
3HFM_HL_Y|WY63A,0.31918663,1.2718807,0,3
3HFM_HL_Y|YH33A,4.0,2.2641692,0,3
"3HFM_HL_Y|YH33A,KY97A",4.0,2.564395,0,3
3HFM_HL_Y|YH33F,1.0712212,0.12892477,0,3
3HFM_HL_Y|YH33L,2.0069382,0.6809706,0,3
3HFM_HL_Y|YH33W,1.7495645,0.4780268,0,3
3HFM_HL_Y|YH50A,4.0,1.9617721,0,3
"3HFM_HL_Y|YH50A,RY21A",4.0,2.498627,0,3
3HFM_HL_Y|YH50F,1.6099914,0.32146996,0,3
3HFM_HL_Y|YH50L,2.8488367,0.6188131,0,3
3HFM_HL_Y|YH53A,3.25038,0.55331177,0,3
3HFM_HL_Y|YH53F,0.62049925,0.18579404,0,3
3HFM_HL_Y|YH53L,0.8068894,0.1784123,0,3
3HFM_HL_Y|YH53W,0.7061819,-0.030460395,0,3
3HFM_HL_Y|YH58A,1.6760437,1.3847363,0,3
3HFM_HL_Y|YH58F,0.36312544,0.27199537,0,3
3HFM_HL_Y|YH58L,1.5136731,0.5897028,0,3
3HFM_HL_Y|YL50A,4.0,1.0951533,0,3
"3HFM_HL_Y|YL50A,KY96A",4.0,1.4782804,0,3
"3HFM_HL_Y|YL50A,KY97A",4.0,1.5346596,0,3
"3HFM_HL_Y|YL50A,RY21A",4.0,1.6924022,0,3
3HFM_HL_Y|YL50F,2.3548672,0.0021220697,0,3
"3HFM_HL_Y|YL50F,RY21A",4.0,0.42142016,0,3
"3HFM_HL_Y|YL50F,YY20A",4.0,1.1593652,0,3
3HFM_HL_Y|YL50L,4.0,0.08920066,0,3
3HFM_HL_Y|YL96A,2.707045,1.367123,0,3
"3HFM_HL_Y|YL96A,RY21A",4.0,1.8756207,0,3
3HFM_HL_Y|YL96F,1.4017794,0.24166308,0,3
"3HFM_HL_Y|YL96F,RY21A",4.0,0.72821367,0,3
3HFM_HL_Y|YY20A,4.0,0.9038687,0,3
3HFM_HL_Y|YY20F,-0.4839681,0.20694433,0,3
3HFM_HL_Y|YY20L,2.1845057,0.6446229,0,3
3SE9_HL_G|DH77A,-0.7664817,0.5930124,0,3
3SE9_HL_G|EL90A,0.41735974,1.1496158,0,3
3SE9_HL_G|FL91A,0.023615688,1.167287,0,3
3SE9_HL_G|GH106A,-0.3075798,0.63908,0,3
3SE9_HL_G|GH107A,-0.6151596,0.8466255,0,3
3SE9_HL_G|GH109A,0.18514356,0.7021051,0,3
3SE9_HL_G|GH57A,0.4524448,0.9549301,0,3
3SE9_HL_G|GH62A,0.04634,0.34034654,0,3
3SE9_HL_G|GL29A,0.46369976,0.3982747,0,3
3SE9_HL_G|LH34A,0.56599987,1.206496,0,3
3SE9_HL_G|LL89A,0.964243,1.6333616,0,3
3SE9_HL_G|NH60A,1.5217615,1.6281599,0,3
3SE9_HL_G|PH64A,-0.4419396,0.16593903,0,3
3SE9_HL_G|RH67A,1.4695449,0.28525463,0,3
3SE9_HL_G|RH74A,2.6792572,0.5670865,0,3
3SE9_HL_G|RH76A,-0.2322162,0.5644334,0,3
3SE9_HL_G|TH105A,-0.4419396,0.30810145,0,3
3SE9_HL_G|TH56A,-0.85929936,0.899641,0,3
3SE9_HL_G|VH55A,-0.85929936,0.5322991,0,3
3SE9_HL_G|VH59A,0.9833596,1.4777548,0,3
3SE9_HL_G|VL3A,-0.49433115,0.70110416,0,3
3SE9_HL_G|WH48A,1.0584464,1.156482,0,3
3SE9_HL_G|WH51A,1.275695,1.7093307,0,3
3SE9_HL_G|YH104A,0.46369976,1.6811993,0,3
3SE9_HL_G|YL28A,1.1177194,0.74822944,0,3
4U6H_AB_E|NE21A,-0.3480795,0.46161893,0,3
4U6H_AB_E|QE25A,0.11883454,1.7728746,0,3
4ZS6_HL_A|EA156A,3.0386665,0.64403313,0,3
4ZS6_HL_A|YA160A,-0.11025046,1.3728591,0,3
1AHW_AB_C|DC167A,-0.4845926,1.3183446,0,4
"1AHW_AB_C|KC138A,DC139A",1.1814722,2.343859,0,4
"1AHW_AB_C|KC154A,KC155A",-1.329712,2.32225,0,4
1AHW_AB_C|LC165A,0.9869364,0.5492623,0,4
1AHW_AB_C|NC188A,1.0782224,0.8733883,0,4
"1AHW_AB_C|TC110A,KC111A",0.6388569,1.3902159,0,4
1AHW_AB_C|TC156A,-0.07411996,0.7505217,0,4
1AHW_AB_C|TC159A,1.105771,1.5460634,0,4
1AHW_AB_C|TC186A,1.345882,0.76694447,0,4
1AHW_AB_C|VC187A,-0.31423107,0.92280126,0,4
1AHW_AB_C|YC146A,-1.8890098,1.2639061,0,4
1BJ1_HL_VW|HH101Y,-1.5835956,-3.1716003,0,4
"1BJ1_HL_VW|HH101Y,YH103I,GH104A,SH105K",-0.43125325,-1.2936256,0,4
"1BJ1_HL_VW|HH101Y,YH103R,GH104N,SH105T",-0.7626503,-2.3767695,0,4
"1BJ1_HL_VW|HH101Y,YH103R,SH105T",-1.173123,-2.7989755,0,4
1BJ1_HL_VW|HH107A,0.78965265,-0.29141605,0,4
"1BJ1_HL_VW|LH72I,TH74K",0.076517485,0.61389446,0,4
"1BJ1_HL_VW|LH72V,TH74V",0.6706598,0.5001462,0,4
"1BJ1_HL_VW|ML4L,TH28D,NH31H,HH101Y,SH105T",-1.52138,-2.7104695,0,4
1BJ1_HL_VW|NH31H,-0.7626503,0.33309308,0,4
1BJ1_HL_VW|SH105T,-0.39039657,-0.44662988,0,4
1BJ1_HL_VW|TH28D,-0.22003505,-0.021287955,0,4
"1BJ1_HL_VW|TH28D,NH31H",-0.6929008,-0.05750077,0,4
"1BJ1_HL_VW|TH28D,NH31H,YH54W,HH101Y,SH105T",-1.2034981,-2.8193119,0,4
1BJ1_HL_VW|TH59A,0.85066694,0.6855747,0,4
1BJ1_HL_VW|YH27A,2.2425284,0.7764789,0,4
1BJ1_HL_VW|YH54A,1.3276595,1.1845766,0,4
1BJ1_HL_VW|YH54W,-0.13726985,-0.13846748,0,4
1BJ1_HL_VW|YH99A,4.0,0.6970146,0,4
1DQJ_AB_C|DB32A,2.0134337,1.1099277,0,4
"1DQJ_AB_C|DB32A,KC97A",1.1223834,0.8392646,0,4
1DQJ_AB_C|DC101A,1.3765504,1.0873922,0,4
1DQJ_AB_C|KC96A,4.0,1.1023074,0,4
1DQJ_AB_C|KC97A,3.5197058,0.30106187,0,4
1DQJ_AB_C|LC75A,1.452407,0.8517372,0,4
1DQJ_AB_C|NA31A,2.0134337,1.0397614,0,4
1DQJ_AB_C|NA32A,4.0,1.243906,0,4
"1DQJ_AB_C|NA32A,KC96A",4.0,1.5083218,0,4
1DQJ_AB_C|NC93A,0.64987326,0.12692475,0,4
1DQJ_AB_C|RC21A,1.2137709,1.0624951,0,4
1DQJ_AB_C|SA91A,1.4318883,0.6197113,0,4
"1DQJ_AB_C|SA91A,RC21A",3.1707318,1.4906387,0,4
"1DQJ_AB_C|SA91A,YC20A",3.573092,2.0253017,0,4
1DQJ_AB_C|SC100A,0.7755829,1.1618131,0,4
1DQJ_AB_C|TC89A,0.84084374,1.3586997,0,4
1DQJ_AB_C|WB98A,4.0,1.6838926,0,4
"1DQJ_AB_C|WB98A,KC97A",4.0,1.5572101,0,4
"1DQJ_AB_C|WB98A,SC100A",4.0,3.168247,0,4
"1DQJ_AB_C|WB98A,YC20A",4.0,3.882576,0,4
1DQJ_AB_C|WC62A,0.7580786,1.5126485,0,4
1DQJ_AB_C|WC63A,1.3462692,0.9295941,0,4
1DQJ_AB_C|YA50A,2.678299,0.8411332,0,4
1DQJ_AB_C|YA96A,1.135051,1.0183853,0,4
"1DQJ_AB_C|YA96A,RC21A",3.4851997,1.7609583,0,4
"1DQJ_AB_C|YA96A,SC100A",0.91344726,1.8811576,0,4
1DQJ_AB_C|YB33A,4.0,2.694528,0,4
1DQJ_AB_C|YB50A,4.0,1.476742,0,4
1DQJ_AB_C|YB53A,1.1802781,1.2006531,0,4
"1DQJ_AB_C|YB53A,DC101A",2.727121,2.3255777,0,4
"1DQJ_AB_C|YB53A,LC75A",1.2168618,1.4803326,0,4
"1DQJ_AB_C|YB53A,WC62A",1.286308,2.4811108,0,4
"1DQJ_AB_C|YB53A,WC63A",2.1992323,1.794978,0,4
1DQJ_AB_C|YC20A,3.2857084,1.5416963,0,4
1XGT_AB_C|LB33A,2.1988916,2.09205,0,4
1XGT_AB_C|LB33F,-1.8617703,-1.8091409,0,4
1XGT_AB_C|LB33I,-0.061315425,-0.05847263,0,4
1XGT_AB_C|LB33V,1.0463123,1.3671603,0,4
"3BDY_HL_V|DL28N,PL30A,RL31K,SL32T,TL97S,TL98S",-0.9690793,-0.7079751,0,4
"3BDY_HL_V|DL28N,PL30A,RL31K,SL32T,TL97S,TL98S,KH31S,DH32G,TH55S,NH56E,GH101V,DH103V",-2.7154896,-2.1287065,0,4
"3BDY_HL_V|DL28N,PL30A,RL31K,SL32T,TL97S,TL98S,KH31S,DH32G,TH55S,NH56E,GH101V,DH103V,RH51A,RH60A",-2.7728782,-2.2966037,0,4
"3BDY_HL_V|DL28N,PL30A,RL31K,SL32T,YL57F,TL97S,TL98S",-0.97316396,-0.54695606,0,4
"3BDY_HL_V|DL28N,PL30A,RL31K,SL32T,YL57F,TL97S,TL98S,KH31S,DH32G,TH55S,NH56E,GH101V,DH103V",-2.727121,-1.8904537,0,4
3HFM_HL_Y|DH32A,1.8982269,-0.0355412,0,4
"3HFM_HL_Y|DH32A,KY97A",4.0,-0.14515711,0,4
"3HFM_HL_Y|DH32A,KY97M",1.1234494,0.17376961,0,4
3HFM_HL_Y|DH32N,0.17036153,-0.37760806,0,4
"3HFM_HL_Y|DH32N,KY97A",4.0,-0.17978875,0,4
"3HFM_HL_Y|DH32N,KY97M",0.3025042,0.1385363,0,4
3HFM_HL_Y|DY101A,1.2081919,1.1241362,0,4
3HFM_HL_Y|DY101E,2.132881,0.64811033,0,4
3HFM_HL_Y|DY101F,2.3282614,0.5053356,0,4
3HFM_HL_Y|DY101G,0.35884774,0.4512084,0,4
3HFM_HL_Y|DY101K,2.1245396,1.18905,0,4
3HFM_HL_Y|DY101N,1.4911126,1.0906218,0,4
3HFM_HL_Y|DY101Q,2.0851746,0.30355233,0,4
3HFM_HL_Y|DY101R,2.2798727,0.87991333,0,4
3HFM_HL_Y|DY101S,1.8694,0.4749888,0,4
3HFM_HL_Y|GY102V,0.395285,0.5487614,0,4
3HFM_HL_Y|HY15A,-0.4453172,0.3360609,0,4
3HFM_HL_Y|IY98A,0.0,0.32747868,0,4
3HFM_HL_Y|KY96A,4.0,1.0743163,0,4
3HFM_HL_Y|KY96M,4.0,0.783468,0,4
3HFM_HL_Y|KY96R,4.0,0.43049148,0,4
3HFM_HL_Y|KY97A,4.0,0.4094282,0,4
3HFM_HL_Y|KY97D,4.0,0.38110012,0,4
3HFM_HL_Y|KY97E,3.6045077,0.4015904,0,4
3HFM_HL_Y|KY97G,4.0,0.22519082,0,4
3HFM_HL_Y|KY97M,0.9469717,0.60746354,0,4
3HFM_HL_Y|KY97R,3.0528512,0.042250056,0,4
3HFM_HL_Y|LY75A,0.70445603,0.37433693,0,4
3HFM_HL_Y|NL31A,4.0,1.3382231,0,4
"3HFM_HL_Y|NL31A,KY96A",4.0,2.7539055,0,4
3HFM_HL_Y|NL31D,1.3434845,0.18579064,0,4
3HFM_HL_Y|NL31E,4.0,0.52359027,0,4
3HFM_HL_Y|NL32A,4.0,0.91116107,0,4
3HFM_HL_Y|NY19D,0.41047263,-0.08685777,0,4
3HFM_HL_Y|NY19K,0.2401111,0.51251894,0,4
3HFM_HL_Y|NY19Q,-0.042485796,-0.39087504,0,4
3HFM_HL_Y|NY93A,0.21121821,0.04476313,0,4
3HFM_HL_Y|QL53A,0.9530879,0.09899189,0,4
3HFM_HL_Y|RY21A,0.8618019,1.1941471,0,4
3HFM_HL_Y|RY21E,2.4534352,0.15294643,0,4
3HFM_HL_Y|RY21G,2.4220753,0.5657268,0,4
3HFM_HL_Y|RY21H,2.1693182,0.14872266,0,4
3HFM_HL_Y|RY21K,1.766342,0.8678514,0,4
3HFM_HL_Y|RY21M,2.0498905,1.2066458,0,4
3HFM_HL_Y|RY21N,2.3282614,1.0675293,0,4
3HFM_HL_Y|RY21Q,2.3975346,-0.18576969,0,4
3HFM_HL_Y|RY21W,2.132881,0.55990815,0,4
3HFM_HL_Y|RY73A,-0.3313971,0.96743476,0,4
3HFM_HL_Y|SH31A,0.17036153,0.05588006,0,4
3HFM_HL_Y|SY100A,0.26765963,0.884708,0,4
3HFM_HL_Y|TY89A,0.0,1.1810015,0,4
3HFM_HL_Y|WH98A,4.0,1.4433092,0,4
"3HFM_HL_Y|WH98A,KY96A",4.0,2.7353542,0,4
3HFM_HL_Y|WH98F,3.245562,0.7719091,0,4
"3HFM_HL_Y|WH98F,YY20A",4.0,3.020287,0,4
3HFM_HL_Y|WY63A,0.31918663,1.0197693,0,4
3HFM_HL_Y|YH33A,4.0,2.248357,0,4
"3HFM_HL_Y|YH33A,KY97A",4.0,1.6789535,0,4
3HFM_HL_Y|YH33F,1.0712212,-1.2848054,0,4
3HFM_HL_Y|YH33L,2.0069382,0.24991105,0,4
3HFM_HL_Y|YH33W,1.7495645,0.14052297,0,4
3HFM_HL_Y|YH50A,4.0,1.4043313,0,4
"3HFM_HL_Y|YH50A,RY21A",4.0,2.780186,0,4
3HFM_HL_Y|YH50F,1.6099914,0.083065554,0,4
3HFM_HL_Y|YH50L,2.8488367,0.26674527,0,4
3HFM_HL_Y|YH53A,3.25038,1.3582212,0,4
3HFM_HL_Y|YH53F,0.62049925,0.90731394,0,4
3HFM_HL_Y|YH53L,0.8068894,1.0852199,0,4
3HFM_HL_Y|YH53W,0.7061819,0.3192778,0,4
3HFM_HL_Y|YH58A,1.6760437,1.154556,0,4
3HFM_HL_Y|YH58F,0.36312544,0.7428731,0,4
3HFM_HL_Y|YH58L,1.5136731,0.96703434,0,4
3HFM_HL_Y|YL50A,4.0,0.2782542,0,4
"3HFM_HL_Y|YL50A,KY96A",4.0,1.2369968,0,4
"3HFM_HL_Y|YL50A,KY97A",4.0,0.47529888,0,4
"3HFM_HL_Y|YL50A,RY21A",4.0,1.421779,0,4
3HFM_HL_Y|YL50F,2.3548672,-0.22890373,0,4
"3HFM_HL_Y|YL50F,RY21A",4.0,1.0608246,0,4
"3HFM_HL_Y|YL50F,YY20A",4.0,1.3685311,0,4
3HFM_HL_Y|YL50L,4.0,-0.20219438,0,4
3HFM_HL_Y|YL96A,2.707045,1.2144548,0,4
"3HFM_HL_Y|YL96A,RY21A",4.0,2.1313322,0,4
3HFM_HL_Y|YL96F,1.4017794,0.8024627,0,4
"3HFM_HL_Y|YL96F,RY21A",4.0,1.8167129,0,4
3HFM_HL_Y|YY20A,4.0,1.749376,0,4
3HFM_HL_Y|YY20F,-0.4839681,0.1759395,0,4
3HFM_HL_Y|YY20L,2.1845057,1.2276416,0,4
3SE9_HL_G|DH77A,-0.7664817,0.35276228,0,4
3SE9_HL_G|EL90A,0.41735974,1.1664996,0,4
3SE9_HL_G|FL91A,0.023615688,0.43502042,0,4
3SE9_HL_G|GH106A,-0.3075798,0.25206706,0,4
3SE9_HL_G|GH107A,-0.6151596,-0.034198012,0,4
3SE9_HL_G|GH109A,0.18514356,0.46820226,0,4
3SE9_HL_G|GH57A,0.4524448,0.5601017,0,4
3SE9_HL_G|GH62A,0.04634,0.52701,0,4
3SE9_HL_G|GL29A,0.46369976,0.2910434,0,4
3SE9_HL_G|LH34A,0.56599987,1.0483521,0,4
3SE9_HL_G|LL89A,0.964243,0.8923852,0,4
3SE9_HL_G|NH60A,1.5217615,1.9942298,0,4
3SE9_HL_G|PH64A,-0.4419396,-0.02293092,0,4
3SE9_HL_G|RH67A,1.4695449,0.7303357,0,4
3SE9_HL_G|RH74A,2.6792572,1.8040258,0,4
3SE9_HL_G|RH76A,-0.2322162,0.86867464,0,4
3SE9_HL_G|TH105A,-0.4419396,0.61598796,0,4
3SE9_HL_G|TH56A,-0.85929936,0.76931816,0,4
3SE9_HL_G|VH55A,-0.85929936,-0.14826828,0,4
3SE9_HL_G|VH59A,0.9833596,1.5474484,0,4
3SE9_HL_G|VL3A,-0.49433115,-0.11311934,0,4
3SE9_HL_G|WH48A,1.0584464,1.4835813,0,4
3SE9_HL_G|WH51A,1.275695,1.532402,0,4
3SE9_HL_G|YH104A,0.46369976,1.2476543,0,4
3SE9_HL_G|YL28A,1.1177194,0.6324994,0,4
4U6H_AB_E|NE21A,-0.3480795,0.56668335,0,4
4U6H_AB_E|QE25A,0.11883454,1.8638768,0,4
4ZS6_HL_A|EA156A,3.0386665,-0.055883676,0,4
4ZS6_HL_A|YA160A,-0.11025046,2.5545225,0,4
1AHW_AB_C|DC167A,-0.4845926,1.2108506,0,5
"1AHW_AB_C|KC138A,DC139A",1.1814722,1.8182302,0,5
"1AHW_AB_C|KC154A,KC155A",-1.329712,2.242974,0,5
1AHW_AB_C|LC165A,0.9869364,0.7402232,0,5
1AHW_AB_C|NC188A,1.0782224,1.567691,0,5
"1AHW_AB_C|TC110A,KC111A",0.6388569,1.3905926,0,5
1AHW_AB_C|TC156A,-0.07411996,0.18006358,0,5
1AHW_AB_C|TC159A,1.105771,2.091659,0,5
1AHW_AB_C|TC186A,1.345882,0.6695213,0,5
1AHW_AB_C|VC187A,-0.31423107,0.38928595,0,5
1AHW_AB_C|YC146A,-1.8890098,2.122131,0,5
1BJ1_HL_VW|HH101Y,-1.5835956,-1.544978,0,5
"1BJ1_HL_VW|HH101Y,YH103I,GH104A,SH105K",-0.43125325,-0.69390124,0,5
"1BJ1_HL_VW|HH101Y,YH103R,GH104N,SH105T",-0.7626503,-0.46053284,0,5
"1BJ1_HL_VW|HH101Y,YH103R,SH105T",-1.173123,-1.0490235,0,5
1BJ1_HL_VW|HH107A,0.78965265,0.59190434,0,5
"1BJ1_HL_VW|LH72I,TH74K",0.076517485,1.1525353,0,5
"1BJ1_HL_VW|LH72V,TH74V",0.6706598,0.67775834,0,5
"1BJ1_HL_VW|ML4L,TH28D,NH31H,HH101Y,SH105T",-1.52138,-2.2418072,0,5
1BJ1_HL_VW|NH31H,-0.7626503,-0.07043883,0,5
1BJ1_HL_VW|SH105T,-0.39039657,0.041762892,0,5
1BJ1_HL_VW|TH28D,-0.22003505,-0.07107672,0,5
"1BJ1_HL_VW|TH28D,NH31H",-0.6929008,-0.009664375,0,5
"1BJ1_HL_VW|TH28D,NH31H,YH54W,HH101Y,SH105T",-1.2034981,-1.249778,0,5
1BJ1_HL_VW|TH59A,0.85066694,0.89754933,0,5
1BJ1_HL_VW|YH27A,2.2425284,0.6829181,0,5
1BJ1_HL_VW|YH54A,1.3276595,1.5498219,0,5
1BJ1_HL_VW|YH54W,-0.13726985,0.10784683,0,5
1BJ1_HL_VW|YH99A,4.0,0.2871063,0,5
1DQJ_AB_C|DB32A,2.0134337,0.31552812,0,5
"1DQJ_AB_C|DB32A,KC97A",1.1223834,0.5484168,0,5
1DQJ_AB_C|DC101A,1.3765504,2.0471933,0,5
1DQJ_AB_C|KC96A,4.0,1.1654993,0,5
1DQJ_AB_C|KC97A,3.5197058,-0.031786453,0,5
1DQJ_AB_C|LC75A,1.452407,1.0512667,0,5
1DQJ_AB_C|NA31A,2.0134337,0.49878982,0,5
1DQJ_AB_C|NA32A,4.0,1.0824621,0,5
"1DQJ_AB_C|NA32A,KC96A",4.0,1.8843108,0,5
1DQJ_AB_C|NC93A,0.64987326,0.15415746,0,5
1DQJ_AB_C|RC21A,1.2137709,1.2598871,0,5
1DQJ_AB_C|SA91A,1.4318883,0.35384482,0,5
"1DQJ_AB_C|SA91A,RC21A",3.1707318,1.2800758,0,5
"1DQJ_AB_C|SA91A,YC20A",3.573092,2.037385,0,5
1DQJ_AB_C|SC100A,0.7755829,0.8375989,0,5
1DQJ_AB_C|TC89A,0.84084374,0.41500247,0,5
1DQJ_AB_C|WB98A,4.0,2.7312162,0,5
"1DQJ_AB_C|WB98A,KC97A",4.0,2.085383,0,5
"1DQJ_AB_C|WB98A,SC100A",4.0,4.0580387,0,5
"1DQJ_AB_C|WB98A,YC20A",4.0,5.736375,0,5
1DQJ_AB_C|WC62A,0.7580786,1.5617249,0,5
1DQJ_AB_C|WC63A,1.3462692,2.5698004,0,5
1DQJ_AB_C|YA50A,2.678299,1.4353523,0,5
1DQJ_AB_C|YA96A,1.135051,1.9965376,0,5
"1DQJ_AB_C|YA96A,RC21A",3.4851997,3.522463,0,5
"1DQJ_AB_C|YA96A,SC100A",0.91344726,2.7910352,0,5
1DQJ_AB_C|YB33A,4.0,2.9807346,0,5
1DQJ_AB_C|YB50A,4.0,1.7669373,0,5
1DQJ_AB_C|YB53A,1.1802781,0.8336839,0,5
"1DQJ_AB_C|YB53A,DC101A",2.727121,2.9231346,0,5
"1DQJ_AB_C|YB53A,LC75A",1.2168618,1.7298875,0,5
"1DQJ_AB_C|YB53A,WC62A",1.286308,1.9475092,0,5
"1DQJ_AB_C|YB53A,WC63A",2.1992323,3.7486203,0,5
1DQJ_AB_C|YC20A,3.2857084,1.9775594,0,5
1XGT_AB_C|LB33A,2.1988916,2.3573687,0,5
1XGT_AB_C|LB33F,-1.8617703,-1.6455563,0,5
1XGT_AB_C|LB33I,-0.061315425,0.062268984,0,5
1XGT_AB_C|LB33V,1.0463123,1.2860093,0,5
"3BDY_HL_V|DL28N,PL30A,RL31K,SL32T,TL97S,TL98S",-0.9690793,-0.9151103,0,5
"3BDY_HL_V|DL28N,PL30A,RL31K,SL32T,TL97S,TL98S,KH31S,DH32G,TH55S,NH56E,GH101V,DH103V",-2.7154896,-2.804253,0,5
"3BDY_HL_V|DL28N,PL30A,RL31K,SL32T,TL97S,TL98S,KH31S,DH32G,TH55S,NH56E,GH101V,DH103V,RH51A,RH60A",-2.7728782,-3.0143082,0,5
"3BDY_HL_V|DL28N,PL30A,RL31K,SL32T,YL57F,TL97S,TL98S",-0.97316396,-0.94403243,0,5
"3BDY_HL_V|DL28N,PL30A,RL31K,SL32T,YL57F,TL97S,TL98S,KH31S,DH32G,TH55S,NH56E,GH101V,DH103V",-2.727121,-2.816102,0,5
3HFM_HL_Y|DH32A,1.8982269,-0.013849549,0,5
"3HFM_HL_Y|DH32A,KY97A",4.0,-0.04414354,0,5
"3HFM_HL_Y|DH32A,KY97M",1.1234494,0.05827209,0,5
3HFM_HL_Y|DH32N,0.17036153,-0.115051,0,5
"3HFM_HL_Y|DH32N,KY97A",4.0,-0.13518775,0,5
"3HFM_HL_Y|DH32N,KY97M",0.3025042,-0.035453297,0,5
3HFM_HL_Y|DY101A,1.2081919,1.0472227,0,5
3HFM_HL_Y|DY101E,2.132881,0.4947761,0,5
3HFM_HL_Y|DY101F,2.3282614,1.2032727,0,5
3HFM_HL_Y|DY101G,0.35884774,0.39693722,0,5
3HFM_HL_Y|DY101K,2.1245396,1.570171,0,5
3HFM_HL_Y|DY101N,1.4911126,1.0566698,0,5
3HFM_HL_Y|DY101Q,2.0851746,0.9717836,0,5
3HFM_HL_Y|DY101R,2.2798727,1.3137176,0,5
3HFM_HL_Y|DY101S,1.8694,0.6205377,0,5
3HFM_HL_Y|GY102V,0.395285,0.7350906,0,5
3HFM_HL_Y|HY15A,-0.4453172,0.38928834,0,5
3HFM_HL_Y|IY98A,0.0,0.13929076,0,5
3HFM_HL_Y|KY96A,4.0,1.1283311,0,5
3HFM_HL_Y|KY96M,4.0,1.347165,0,5
3HFM_HL_Y|KY96R,4.0,0.31812412,0,5
3HFM_HL_Y|KY97A,4.0,0.10578841,0,5
3HFM_HL_Y|KY97D,4.0,0.088853925,0,5
3HFM_HL_Y|KY97E,3.6045077,0.12793647,0,5
3HFM_HL_Y|KY97G,4.0,0.3537857,0,5
3HFM_HL_Y|KY97M,0.9469717,0.4713324,0,5
3HFM_HL_Y|KY97R,3.0528512,-0.2125629,0,5
3HFM_HL_Y|LY75A,0.70445603,0.57856613,0,5
3HFM_HL_Y|NL31A,4.0,0.2783139,0,5
"3HFM_HL_Y|NL31A,KY96A",4.0,1.5157123,0,5
3HFM_HL_Y|NL31D,1.3434845,0.13598521,0,5
3HFM_HL_Y|NL31E,4.0,-0.20307223,0,5
3HFM_HL_Y|NL32A,4.0,0.57749134,0,5
3HFM_HL_Y|NY19D,0.41047263,-0.4514933,0,5
3HFM_HL_Y|NY19K,0.2401111,1.2239357,0,5
3HFM_HL_Y|NY19Q,-0.042485796,0.5398962,0,5
3HFM_HL_Y|NY93A,0.21121821,0.19414577,0,5
3HFM_HL_Y|QL53A,0.9530879,0.0840472,0,5
3HFM_HL_Y|RY21A,0.8618019,1.4033859,0,5
3HFM_HL_Y|RY21E,2.4534352,0.17680044,0,5
3HFM_HL_Y|RY21G,2.4220753,0.22466642,0,5
3HFM_HL_Y|RY21H,2.1693182,-0.3882231,0,5
3HFM_HL_Y|RY21K,1.766342,1.0759069,0,5
3HFM_HL_Y|RY21M,2.0498905,1.2450608,0,5
3HFM_HL_Y|RY21N,2.3282614,0.6432318,0,5
3HFM_HL_Y|RY21Q,2.3975346,-0.027268795,0,5
3HFM_HL_Y|RY21W,2.132881,0.4324846,0,5
3HFM_HL_Y|RY73A,-0.3313971,0.9402152,0,5
3HFM_HL_Y|SH31A,0.17036153,-0.15583071,0,5
3HFM_HL_Y|SY100A,0.26765963,0.79304177,0,5
3HFM_HL_Y|TY89A,0.0,0.4251183,0,5
3HFM_HL_Y|WH98A,4.0,1.0550644,0,5
"3HFM_HL_Y|WH98A,KY96A",4.0,1.7908341,0,5
3HFM_HL_Y|WH98F,3.245562,1.0578625,0,5
"3HFM_HL_Y|WH98F,YY20A",4.0,3.1442614,0,5
3HFM_HL_Y|WY63A,0.31918663,2.9852588,0,5
3HFM_HL_Y|YH33A,4.0,2.9823759,0,5
"3HFM_HL_Y|YH33A,KY97A",4.0,1.9546748,0,5
3HFM_HL_Y|YH33F,1.0712212,-1.031873,0,5
3HFM_HL_Y|YH33L,2.0069382,0.47029898,0,5
3HFM_HL_Y|YH33W,1.7495645,1.0008734,0,5
3HFM_HL_Y|YH50A,4.0,1.4366983,0,5
"3HFM_HL_Y|YH50A,RY21A",4.0,2.709124,0,5
3HFM_HL_Y|YH50F,1.6099914,-0.11691876,0,5
3HFM_HL_Y|YH50L,2.8488367,0.2758708,0,5
3HFM_HL_Y|YH53A,3.25038,0.5373921,0,5
3HFM_HL_Y|YH53F,0.62049925,0.66686165,0,5
3HFM_HL_Y|YH53L,0.8068894,1.3252728,0,5
3HFM_HL_Y|YH53W,0.7061819,0.4109546,0,5
3HFM_HL_Y|YH58A,1.6760437,2.249073,0,5
3HFM_HL_Y|YH58F,0.36312544,0.022680063,0,5
3HFM_HL_Y|YH58L,1.5136731,1.1109526,0,5
3HFM_HL_Y|YL50A,4.0,1.01179,0,5
"3HFM_HL_Y|YL50A,KY96A",4.0,2.0832534,0,5
"3HFM_HL_Y|YL50A,KY97A",4.0,0.7557649,0,5
"3HFM_HL_Y|YL50A,RY21A",4.0,2.557676,0,5
3HFM_HL_Y|YL50F,2.3548672,0.50797236,0,5
"3HFM_HL_Y|YL50F,RY21A",4.0,2.3575625,0,5
"3HFM_HL_Y|YL50F,YY20A",4.0,2.4299548,0,5
3HFM_HL_Y|YL50L,4.0,0.10500947,0,5
3HFM_HL_Y|YL96A,2.707045,1.8607944,0,5
"3HFM_HL_Y|YL96A,RY21A",4.0,3.4837017,0,5
3HFM_HL_Y|YL96F,1.4017794,0.80160064,0,5
"3HFM_HL_Y|YL96F,RY21A",4.0,2.8592436,0,5
3HFM_HL_Y|YY20A,4.0,2.3141673,0,5
3HFM_HL_Y|YY20F,-0.4839681,0.45965275,0,5
3HFM_HL_Y|YY20L,2.1845057,1.6353477,0,5
3SE9_HL_G|DH77A,-0.7664817,-0.0755588,0,5
3SE9_HL_G|EL90A,0.41735974,1.1853327,0,5
3SE9_HL_G|FL91A,0.023615688,0.69889313,0,5
3SE9_HL_G|GH106A,-0.3075798,0.62372935,0,5
3SE9_HL_G|GH107A,-0.6151596,-0.36734623,0,5
3SE9_HL_G|GH109A,0.18514356,0.5914608,0,5
3SE9_HL_G|GH57A,0.4524448,0.83708996,0,5
3SE9_HL_G|GH62A,0.04634,0.38611895,0,5
3SE9_HL_G|GL29A,0.46369976,0.13201062,0,5
3SE9_HL_G|LH34A,0.56599987,1.3790532,0,5
3SE9_HL_G|LL89A,0.964243,0.97989887,0,5
3SE9_HL_G|NH60A,1.5217615,2.2021976,0,5
3SE9_HL_G|PH64A,-0.4419396,0.35011792,0,5
3SE9_HL_G|RH67A,1.4695449,0.086863995,0,5
3SE9_HL_G|RH74A,2.6792572,1.842513,0,5
3SE9_HL_G|RH76A,-0.2322162,0.93177366,0,5
3SE9_HL_G|TH105A,-0.4419396,0.59997386,0,5
3SE9_HL_G|TH56A,-0.85929936,0.59389657,0,5
3SE9_HL_G|VH55A,-0.85929936,0.3216494,0,5
3SE9_HL_G|VH59A,0.9833596,2.3109598,0,5
3SE9_HL_G|VL3A,-0.49433115,0.8651437,0,5
3SE9_HL_G|WH48A,1.0584464,1.2947637,0,5
3SE9_HL_G|WH51A,1.275695,1.8763849,0,5
3SE9_HL_G|YH104A,0.46369976,0.28496543,0,5
3SE9_HL_G|YL28A,1.1177194,0.15103208,0,5
4U6H_AB_E|NE21A,-0.3480795,1.8187577,0,5
4U6H_AB_E|QE25A,0.11883454,0.21981192,0,5
4ZS6_HL_A|EA156A,3.0386665,-0.21648738,0,5
4ZS6_HL_A|YA160A,-0.11025046,2.6867695,0,5
1AHW_AB_C|DC167A,-0.4845926,1.9737535,0,6
"1AHW_AB_C|KC138A,DC139A",1.1814722,2.969342,0,6
"1AHW_AB_C|KC154A,KC155A",-1.329712,2.1198819,0,6
1AHW_AB_C|LC165A,0.9869364,1.1848718,0,6
1AHW_AB_C|NC188A,1.0782224,1.5270047,0,6
"1AHW_AB_C|TC110A,KC111A",0.6388569,1.3422807,0,6
1AHW_AB_C|TC156A,-0.07411996,0.05900452,0,6
1AHW_AB_C|TC159A,1.105771,1.8384687,0,6
1AHW_AB_C|TC186A,1.345882,1.6795667,0,6
1AHW_AB_C|VC187A,-0.31423107,1.0833346,0,6
1AHW_AB_C|YC146A,-1.8890098,2.251926,0,6
1BJ1_HL_VW|HH101Y,-1.5835956,-0.6514735,0,6
"1BJ1_HL_VW|HH101Y,YH103I,GH104A,SH105K",-0.43125325,0.8932695,0,6
"1BJ1_HL_VW|HH101Y,YH103R,GH104N,SH105T",-0.7626503,0.5221621,0,6
"1BJ1_HL_VW|HH101Y,YH103R,SH105T",-1.173123,-0.036659244,0,6
1BJ1_HL_VW|HH107A,0.78965265,0.5419939,0,6
"1BJ1_HL_VW|LH72I,TH74K",0.076517485,0.362605,0,6
"1BJ1_HL_VW|LH72V,TH74V",0.6706598,0.070298776,0,6
"1BJ1_HL_VW|ML4L,TH28D,NH31H,HH101Y,SH105T",-1.52138,-0.6873146,0,6
1BJ1_HL_VW|NH31H,-0.7626503,0.07490896,0,6
1BJ1_HL_VW|SH105T,-0.39039657,0.030067619,0,6
1BJ1_HL_VW|TH28D,-0.22003505,-0.089818686,0,6
"1BJ1_HL_VW|TH28D,NH31H",-0.6929008,-0.18529664,0,6
"1BJ1_HL_VW|TH28D,NH31H,YH54W,HH101Y,SH105T",-1.2034981,-0.44585302,0,6
1BJ1_HL_VW|TH59A,0.85066694,0.9688024,0,6
1BJ1_HL_VW|YH27A,2.2425284,0.7517623,0,6
1BJ1_HL_VW|YH54A,1.3276595,1.1988535,0,6
1BJ1_HL_VW|YH54W,-0.13726985,-0.23211135,0,6
1BJ1_HL_VW|YH99A,4.0,0.45331877,0,6
1DQJ_AB_C|DB32A,2.0134337,0.74743366,0,6
"1DQJ_AB_C|DB32A,KC97A",1.1223834,1.1817542,0,6
1DQJ_AB_C|DC101A,1.3765504,1.3942487,0,6
1DQJ_AB_C|KC96A,4.0,1.019393,0,6
1DQJ_AB_C|KC97A,3.5197058,0.9703826,0,6
1DQJ_AB_C|LC75A,1.452407,0.15499763,0,6
1DQJ_AB_C|NA31A,2.0134337,0.67510176,0,6
1DQJ_AB_C|NA32A,4.0,1.0591465,0,6
"1DQJ_AB_C|NA32A,KC96A",4.0,1.3137825,0,6
1DQJ_AB_C|NC93A,0.64987326,0.20106308,0,6
1DQJ_AB_C|RC21A,1.2137709,0.5182077,0,6
1DQJ_AB_C|SA91A,1.4318883,0.30539384,0,6
"1DQJ_AB_C|SA91A,RC21A",3.1707318,0.53193134,0,6
"1DQJ_AB_C|SA91A,YC20A",3.573092,1.7399906,0,6
1DQJ_AB_C|SC100A,0.7755829,1.004868,0,6
1DQJ_AB_C|TC89A,0.84084374,0.58295333,0,6
1DQJ_AB_C|WB98A,4.0,0.9580655,0,6
"1DQJ_AB_C|WB98A,KC97A",4.0,1.7272633,0,6
"1DQJ_AB_C|WB98A,SC100A",4.0,1.5449785,0,6
"1DQJ_AB_C|WB98A,YC20A",4.0,2.584034,0,6
1DQJ_AB_C|WC62A,0.7580786,2.1262197,0,6
1DQJ_AB_C|WC63A,1.3462692,1.3250483,0,6
1DQJ_AB_C|YA50A,2.678299,0.8777829,0,6
1DQJ_AB_C|YA96A,1.135051,0.33948463,0,6
"1DQJ_AB_C|YA96A,RC21A",3.4851997,0.43949926,0,6
"1DQJ_AB_C|YA96A,SC100A",0.91344726,0.873151,0,6
1DQJ_AB_C|YB33A,4.0,2.1335616,0,6
1DQJ_AB_C|YB50A,4.0,1.4313507,0,6
1DQJ_AB_C|YB53A,1.1802781,0.8051413,0,6
"1DQJ_AB_C|YB53A,DC101A",2.727121,1.9725337,0,6
"1DQJ_AB_C|YB53A,LC75A",1.2168618,0.86643374,0,6
"1DQJ_AB_C|YB53A,WC62A",1.286308,2.4749396,0,6
"1DQJ_AB_C|YB53A,WC63A",2.1992323,1.6776563,0,6
1DQJ_AB_C|YC20A,3.2857084,1.525631,0,6
1XGT_AB_C|LB33A,2.1988916,1.8192368,0,6
1XGT_AB_C|LB33F,-1.8617703,-2.0054202,0,6
1XGT_AB_C|LB33I,-0.061315425,-0.21223785,0,6
1XGT_AB_C|LB33V,1.0463123,0.9134553,0,6
"3BDY_HL_V|DL28N,PL30A,RL31K,SL32T,TL97S,TL98S",-0.9690793,-0.34648436,0,6
"3BDY_HL_V|DL28N,PL30A,RL31K,SL32T,TL97S,TL98S,KH31S,DH32G,TH55S,NH56E,GH101V,DH103V",-2.7154896,-2.5900085,0,6
"3BDY_HL_V|DL28N,PL30A,RL31K,SL32T,TL97S,TL98S,KH31S,DH32G,TH55S,NH56E,GH101V,DH103V,RH51A,RH60A",-2.7728782,-2.4148388,0,6
"3BDY_HL_V|DL28N,PL30A,RL31K,SL32T,YL57F,TL97S,TL98S",-0.97316396,-0.44739893,0,6
"3BDY_HL_V|DL28N,PL30A,RL31K,SL32T,YL57F,TL97S,TL98S,KH31S,DH32G,TH55S,NH56E,GH101V,DH103V",-2.727121,-2.6227908,0,6
3HFM_HL_Y|DH32A,1.8982269,0.5169126,0,6
"3HFM_HL_Y|DH32A,KY97A",4.0,1.4598109,0,6
"3HFM_HL_Y|DH32A,KY97M",1.1234494,1.8108455,0,6
3HFM_HL_Y|DH32N,0.17036153,0.03773723,0,6
"3HFM_HL_Y|DH32N,KY97A",4.0,1.2269036,0,6
"3HFM_HL_Y|DH32N,KY97M",0.3025042,1.5614821,0,6
3HFM_HL_Y|DY101A,1.2081919,1.4881862,0,6
3HFM_HL_Y|DY101E,2.132881,0.72289985,0,6
3HFM_HL_Y|DY101F,2.3282614,1.0190812,0,6
3HFM_HL_Y|DY101G,0.35884774,0.25246695,0,6
3HFM_HL_Y|DY101K,2.1245396,1.4364403,0,6
3HFM_HL_Y|DY101N,1.4911126,0.970373,0,6
3HFM_HL_Y|DY101Q,2.0851746,0.31384167,0,6
3HFM_HL_Y|DY101R,2.2798727,1.4151438,0,6
3HFM_HL_Y|DY101S,1.8694,0.7877794,0,6
3HFM_HL_Y|GY102V,0.395285,0.59638435,0,6
3HFM_HL_Y|HY15A,-0.4453172,0.17830469,0,6
3HFM_HL_Y|IY98A,0.0,0.37108135,0,6
3HFM_HL_Y|KY96A,4.0,0.98087883,0,6
3HFM_HL_Y|KY96M,4.0,0.7548349,0,6
3HFM_HL_Y|KY96R,4.0,0.755352,0,6
3HFM_HL_Y|KY97A,4.0,1.1762987,0,6
3HFM_HL_Y|KY97D,4.0,0.6793615,0,6
3HFM_HL_Y|KY97E,3.6045077,0.5100542,0,6
3HFM_HL_Y|KY97G,4.0,0.64563435,0,6
3HFM_HL_Y|KY97M,0.9469717,1.2079204,0,6
3HFM_HL_Y|KY97R,3.0528512,0.19520189,0,6
3HFM_HL_Y|LY75A,0.70445603,-0.18008271,0,6
3HFM_HL_Y|NL31A,4.0,0.42916733,0,6
"3HFM_HL_Y|NL31A,KY96A",4.0,1.974998,0,6
3HFM_HL_Y|NL31D,1.3434845,-0.35170177,0,6
3HFM_HL_Y|NL31E,4.0,0.17596191,0,6
3HFM_HL_Y|NL32A,4.0,1.0727386,0,6
3HFM_HL_Y|NY19D,0.41047263,0.3318656,0,6
3HFM_HL_Y|NY19K,0.2401111,0.60737497,0,6
3HFM_HL_Y|NY19Q,-0.042485796,0.46998787,0,6
3HFM_HL_Y|NY93A,0.21121821,0.2595809,0,6
3HFM_HL_Y|QL53A,0.9530879,-0.114171565,0,6
3HFM_HL_Y|RY21A,0.8618019,0.7412038,0,6
3HFM_HL_Y|RY21E,2.4534352,-0.04382042,0,6
3HFM_HL_Y|RY21G,2.4220753,-0.06260951,0,6
3HFM_HL_Y|RY21H,2.1693182,0.06907663,0,6
3HFM_HL_Y|RY21K,1.766342,0.2077253,0,6
3HFM_HL_Y|RY21M,2.0498905,0.74303216,0,6
3HFM_HL_Y|RY21N,2.3282614,0.3512795,0,6
3HFM_HL_Y|RY21Q,2.3975346,-0.23036472,0,6
3HFM_HL_Y|RY21W,2.132881,0.14296478,0,6
3HFM_HL_Y|RY73A,-0.3313971,0.55835027,0,6
3HFM_HL_Y|SH31A,0.17036153,0.059065152,0,6
3HFM_HL_Y|SY100A,0.26765963,1.0563773,0,6
3HFM_HL_Y|TY89A,0.0,0.5125496,0,6
3HFM_HL_Y|WH98A,4.0,1.246709,0,6
"3HFM_HL_Y|WH98A,KY96A",4.0,2.4143977,0,6
3HFM_HL_Y|WH98F,3.245562,0.72895586,0,6
"3HFM_HL_Y|WH98F,YY20A",4.0,2.5031347,0,6
3HFM_HL_Y|WY63A,0.31918663,1.6590891,0,6
3HFM_HL_Y|YH33A,4.0,1.8884869,0,6
"3HFM_HL_Y|YH33A,KY97A",4.0,2.9945912,0,6
3HFM_HL_Y|YH33F,1.0712212,-1.684651,0,6
3HFM_HL_Y|YH33L,2.0069382,0.108091995,0,6
3HFM_HL_Y|YH33W,1.7495645,-0.28647873,0,6
3HFM_HL_Y|YH50A,4.0,1.5308318,0,6
"3HFM_HL_Y|YH50A,RY21A",4.0,1.4383572,0,6
3HFM_HL_Y|YH50F,1.6099914,-0.22847493,0,6
3HFM_HL_Y|YH50L,2.8488367,0.31270748,0,6
3HFM_HL_Y|YH53A,3.25038,0.8781685,0,6
3HFM_HL_Y|YH53F,0.62049925,0.5558007,0,6
3HFM_HL_Y|YH53L,0.8068894,0.612079,0,6
3HFM_HL_Y|YH53W,0.7061819,-0.2569221,0,6
3HFM_HL_Y|YH58A,1.6760437,1.5234152,0,6
3HFM_HL_Y|YH58F,0.36312544,-0.36717978,0,6
3HFM_HL_Y|YH58L,1.5136731,0.27439743,0,6
3HFM_HL_Y|YL50A,4.0,0.84902734,0,6
"3HFM_HL_Y|YL50A,KY96A",4.0,1.8954608,0,6
"3HFM_HL_Y|YL50A,KY97A",4.0,2.0240169,0,6
"3HFM_HL_Y|YL50A,RY21A",4.0,1.3316004,0,6
3HFM_HL_Y|YL50F,2.3548672,-0.12453696,0,6
"3HFM_HL_Y|YL50F,RY21A",4.0,0.73408544,0,6
"3HFM_HL_Y|YL50F,YY20A",4.0,1.5005075,0,6
3HFM_HL_Y|YL50L,4.0,0.25390318,0,6
3HFM_HL_Y|YL96A,2.707045,0.32923314,0,6
"3HFM_HL_Y|YL96A,RY21A",4.0,0.59139186,0,6
3HFM_HL_Y|YL96F,1.4017794,-0.21562831,0,6
"3HFM_HL_Y|YL96F,RY21A",4.0,0.5322953,0,6
3HFM_HL_Y|YY20A,4.0,1.4820155,0,6
3HFM_HL_Y|YY20F,-0.4839681,0.26642895,0,6
3HFM_HL_Y|YY20L,2.1845057,1.5209715,0,6
3SE9_HL_G|DH77A,-0.7664817,0.3400187,0,6
3SE9_HL_G|EL90A,0.41735974,0.71106845,0,6
3SE9_HL_G|FL91A,0.023615688,0.5447118,0,6
3SE9_HL_G|GH106A,-0.3075798,0.4373631,0,6
3SE9_HL_G|GH107A,-0.6151596,-0.03820907,0,6
3SE9_HL_G|GH109A,0.18514356,0.607769,0,6
3SE9_HL_G|GH57A,0.4524448,0.7737118,0,6
3SE9_HL_G|GH62A,0.04634,0.34113678,0,6
3SE9_HL_G|GL29A,0.46369976,0.5305149,0,6
3SE9_HL_G|LH34A,0.56599987,0.93303514,0,6
3SE9_HL_G|LL89A,0.964243,1.1624131,0,6
3SE9_HL_G|NH60A,1.5217615,1.6451623,0,6
3SE9_HL_G|PH64A,-0.4419396,0.4835986,0,6
3SE9_HL_G|RH67A,1.4695449,0.3819335,0,6
3SE9_HL_G|RH74A,2.6792572,1.4960725,0,6
3SE9_HL_G|RH76A,-0.2322162,0.506245,0,6
3SE9_HL_G|TH105A,-0.4419396,0.1823308,0,6
3SE9_HL_G|TH56A,-0.85929936,0.11531365,0,6
3SE9_HL_G|VH55A,-0.85929936,0.31581852,0,6
3SE9_HL_G|VH59A,0.9833596,1.2620751,0,6
3SE9_HL_G|VL3A,-0.49433115,0.23128997,0,6
3SE9_HL_G|WH48A,1.0584464,1.5602902,0,6
3SE9_HL_G|WH51A,1.275695,1.7313929,0,6
3SE9_HL_G|YH104A,0.46369976,0.8358522,0,6
3SE9_HL_G|YL28A,1.1177194,0.5698482,0,6
4U6H_AB_E|NE21A,-0.3480795,0.99013865,0,6
4U6H_AB_E|QE25A,0.11883454,1.3284659,0,6
4ZS6_HL_A|EA156A,3.0386665,-0.70513904,0,6
4ZS6_HL_A|YA160A,-0.11025046,1.8578514,0,6
1AHW_AB_C|DC167A,-0.4845926,1.5051391,0,7
"1AHW_AB_C|KC138A,DC139A",1.1814722,1.7479932,0,7
"1AHW_AB_C|KC154A,KC155A",-1.329712,2.1377752,0,7
1AHW_AB_C|LC165A,0.9869364,0.97218335,0,7
1AHW_AB_C|NC188A,1.0782224,1.2421577,0,7
"1AHW_AB_C|TC110A,KC111A",0.6388569,0.9925888,0,7
1AHW_AB_C|TC156A,-0.07411996,0.10641707,0,7
1AHW_AB_C|TC159A,1.105771,1.4603207,0,7
1AHW_AB_C|TC186A,1.345882,0.45740932,0,7
1AHW_AB_C|VC187A,-0.31423107,1.0469738,0,7
1AHW_AB_C|YC146A,-1.8890098,1.927525,0,7
1BJ1_HL_VW|HH101Y,-1.5835956,-0.9676669,0,7
"1BJ1_HL_VW|HH101Y,YH103I,GH104A,SH105K",-0.43125325,-0.18004876,0,7
"1BJ1_HL_VW|HH101Y,YH103R,GH104N,SH105T",-0.7626503,-0.43222764,0,7
"1BJ1_HL_VW|HH101Y,YH103R,SH105T",-1.173123,-1.4956443,0,7
1BJ1_HL_VW|HH107A,0.78965265,-0.20523223,0,7
"1BJ1_HL_VW|LH72I,TH74K",0.076517485,1.0148917,0,7
"1BJ1_HL_VW|LH72V,TH74V",0.6706598,-0.026593603,0,7
"1BJ1_HL_VW|ML4L,TH28D,NH31H,HH101Y,SH105T",-1.52138,-2.6006591,0,7
1BJ1_HL_VW|NH31H,-0.7626503,0.034269016,0,7
1BJ1_HL_VW|SH105T,-0.39039657,-0.4034221,0,7
1BJ1_HL_VW|TH28D,-0.22003505,-0.22853068,0,7
"1BJ1_HL_VW|TH28D,NH31H",-0.6929008,-0.6573792,0,7
"1BJ1_HL_VW|TH28D,NH31H,YH54W,HH101Y,SH105T",-1.2034981,-2.11715,0,7
1BJ1_HL_VW|TH59A,0.85066694,0.48527604,0,7
1BJ1_HL_VW|YH27A,2.2425284,0.65311027,0,7
1BJ1_HL_VW|YH54A,1.3276595,0.17958924,0,7
1BJ1_HL_VW|YH54W,-0.13726985,0.12883574,0,7
1BJ1_HL_VW|YH99A,4.0,0.6351989,0,7
1DQJ_AB_C|DB32A,2.0134337,0.68186325,0,7
"1DQJ_AB_C|DB32A,KC97A",1.1223834,0.3693533,0,7
1DQJ_AB_C|DC101A,1.3765504,1.4262748,0,7
1DQJ_AB_C|KC96A,4.0,1.0154108,0,7
1DQJ_AB_C|KC97A,3.5197058,0.21505335,0,7
1DQJ_AB_C|LC75A,1.452407,0.7984472,0,7
1DQJ_AB_C|NA31A,2.0134337,0.8054793,0,7
1DQJ_AB_C|NA32A,4.0,1.1223593,0,7
"1DQJ_AB_C|NA32A,KC96A",4.0,1.9462953,0,7
1DQJ_AB_C|NC93A,0.64987326,-0.040788166,0,7
1DQJ_AB_C|RC21A,1.2137709,0.53684396,0,7
1DQJ_AB_C|SA91A,1.4318883,0.22266114,0,7
"1DQJ_AB_C|SA91A,RC21A",3.1707318,0.7595704,0,7
"1DQJ_AB_C|SA91A,YC20A",3.573092,1.6963371,0,7
1DQJ_AB_C|SC100A,0.7755829,0.745014,0,7
1DQJ_AB_C|TC89A,0.84084374,0.4499229,0,7
1DQJ_AB_C|WB98A,4.0,1.2713447,0,7
"1DQJ_AB_C|WB98A,KC97A",4.0,0.9494572,0,7
"1DQJ_AB_C|WB98A,SC100A",4.0,1.5781558,0,7
"1DQJ_AB_C|WB98A,YC20A",4.0,3.2539928,0,7
1DQJ_AB_C|WC62A,0.7580786,1.7254348,0,7
1DQJ_AB_C|WC63A,1.3462692,1.3848383,0,7
1DQJ_AB_C|YA50A,2.678299,0.97604275,0,7
1DQJ_AB_C|YA96A,1.135051,1.7622634,0,7
"1DQJ_AB_C|YA96A,RC21A",3.4851997,2.1779625,0,7
"1DQJ_AB_C|YA96A,SC100A",0.91344726,2.4816728,0,7
1DQJ_AB_C|YB33A,4.0,2.963583,0,7
1DQJ_AB_C|YB50A,4.0,1.6301953,0,7
1DQJ_AB_C|YB53A,1.1802781,0.60306513,0,7
"1DQJ_AB_C|YB53A,DC101A",2.727121,1.5552943,0,7
"1DQJ_AB_C|YB53A,LC75A",1.2168618,0.814475,0,7
"1DQJ_AB_C|YB53A,WC62A",1.286308,1.6105726,0,7
"1DQJ_AB_C|YB53A,WC63A",2.1992323,1.6911273,0,7
1DQJ_AB_C|YC20A,3.2857084,1.7562046,0,7
1XGT_AB_C|LB33A,2.1988916,1.9300367,0,7
1XGT_AB_C|LB33F,-1.8617703,-1.539352,0,7
1XGT_AB_C|LB33I,-0.061315425,0.06854379,0,7
1XGT_AB_C|LB33V,1.0463123,1.1216865,0,7
"3BDY_HL_V|DL28N,PL30A,RL31K,SL32T,TL97S,TL98S",-0.9690793,-0.84090656,0,7
"3BDY_HL_V|DL28N,PL30A,RL31K,SL32T,TL97S,TL98S,KH31S,DH32G,TH55S,NH56E,GH101V,DH103V",-2.7154896,-2.0480454,0,7
"3BDY_HL_V|DL28N,PL30A,RL31K,SL32T,TL97S,TL98S,KH31S,DH32G,TH55S,NH56E,GH101V,DH103V,RH51A,RH60A",-2.7728782,-2.5843441,0,7
"3BDY_HL_V|DL28N,PL30A,RL31K,SL32T,YL57F,TL97S,TL98S",-0.97316396,-0.86317635,0,7
"3BDY_HL_V|DL28N,PL30A,RL31K,SL32T,YL57F,TL97S,TL98S,KH31S,DH32G,TH55S,NH56E,GH101V,DH103V",-2.727121,-2.118896,0,7
3HFM_HL_Y|DH32A,1.8982269,0.28753063,0,7
"3HFM_HL_Y|DH32A,KY97A",4.0,0.0037458465,0,7
"3HFM_HL_Y|DH32A,KY97M",1.1234494,0.20539054,0,7
3HFM_HL_Y|DH32N,0.17036153,0.09041897,0,7
"3HFM_HL_Y|DH32N,KY97A",4.0,0.10948603,0,7
"3HFM_HL_Y|DH32N,KY97M",0.3025042,0.30315664,0,7
3HFM_HL_Y|DY101A,1.2081919,0.659842,0,7
3HFM_HL_Y|DY101E,2.132881,0.3014789,0,7
3HFM_HL_Y|DY101F,2.3282614,0.50527716,0,7
3HFM_HL_Y|DY101G,0.35884774,0.10032164,0,7
3HFM_HL_Y|DY101K,2.1245396,0.7389381,0,7
3HFM_HL_Y|DY101N,1.4911126,0.48790467,0,7
3HFM_HL_Y|DY101Q,2.0851746,0.10654485,0,7
3HFM_HL_Y|DY101R,2.2798727,0.564155,0,7
3HFM_HL_Y|DY101S,1.8694,0.3274038,0,7
3HFM_HL_Y|GY102V,0.395285,0.3293313,0,7
3HFM_HL_Y|HY15A,-0.4453172,-0.12943938,0,7
3HFM_HL_Y|IY98A,0.0,0.53601086,0,7
3HFM_HL_Y|KY96A,4.0,0.9260324,0,7
3HFM_HL_Y|KY96M,4.0,0.74635184,0,7
3HFM_HL_Y|KY96R,4.0,0.3724796,0,7
3HFM_HL_Y|KY97A,4.0,0.23049587,0,7
3HFM_HL_Y|KY97D,4.0,0.026449926,0,7
3HFM_HL_Y|KY97E,3.6045077,0.027601574,0,7
3HFM_HL_Y|KY97G,4.0,0.07617714,0,7
3HFM_HL_Y|KY97M,0.9469717,0.24901885,0,7
3HFM_HL_Y|KY97R,3.0528512,-0.11329276,0,7
3HFM_HL_Y|LY75A,0.70445603,0.16543621,0,7
3HFM_HL_Y|NL31A,4.0,1.1041553,0,7
"3HFM_HL_Y|NL31A,KY96A",4.0,2.1132057,0,7
3HFM_HL_Y|NL31D,1.3434845,-0.50062674,0,7
3HFM_HL_Y|NL31E,4.0,0.56147397,0,7
3HFM_HL_Y|NL32A,4.0,0.66187364,0,7
3HFM_HL_Y|NY19D,0.41047263,0.057433978,0,7
3HFM_HL_Y|NY19K,0.2401111,0.5623307,0,7
3HFM_HL_Y|NY19Q,-0.042485796,0.047612935,0,7
3HFM_HL_Y|NY93A,0.21121821,-0.0498477,0,7
3HFM_HL_Y|QL53A,0.9530879,-0.22135228,0,7
3HFM_HL_Y|RY21A,0.8618019,0.5765359,0,7
3HFM_HL_Y|RY21E,2.4534352,0.1727651,0,7
3HFM_HL_Y|RY21G,2.4220753,0.017798603,0,7
3HFM_HL_Y|RY21H,2.1693182,0.013889719,0,7
3HFM_HL_Y|RY21K,1.766342,0.43028563,0,7
3HFM_HL_Y|RY21M,2.0498905,0.9090646,0,7
3HFM_HL_Y|RY21N,2.3282614,0.5132852,0,7
3HFM_HL_Y|RY21Q,2.3975346,-0.24227804,0,7
3HFM_HL_Y|RY21W,2.132881,0.5525147,0,7
3HFM_HL_Y|RY73A,-0.3313971,0.17273253,0,7
3HFM_HL_Y|SH31A,0.17036153,0.057337403,0,7
3HFM_HL_Y|SY100A,0.26765963,0.47567207,0,7
3HFM_HL_Y|TY89A,0.0,0.455575,0,7
3HFM_HL_Y|WH98A,4.0,1.8461394,0,7
"3HFM_HL_Y|WH98A,KY96A",4.0,2.758725,0,7
3HFM_HL_Y|WH98F,3.245562,0.40146947,0,7
"3HFM_HL_Y|WH98F,YY20A",4.0,2.7993023,0,7
3HFM_HL_Y|WY63A,0.31918663,1.5727886,0,7
3HFM_HL_Y|YH33A,4.0,3.0023289,0,7
"3HFM_HL_Y|YH33A,KY97A",4.0,1.7248431,0,7
3HFM_HL_Y|YH33F,1.0712212,-1.046354,0,7
3HFM_HL_Y|YH33L,2.0069382,0.78096086,0,7
3HFM_HL_Y|YH33W,1.7495645,0.8355341,0,7
3HFM_HL_Y|YH50A,4.0,1.7869095,0,7
"3HFM_HL_Y|YH50A,RY21A",4.0,2.065889,0,7
3HFM_HL_Y|YH50F,1.6099914,0.25564063,0,7
3HFM_HL_Y|YH50L,2.8488367,0.5900205,0,7
3HFM_HL_Y|YH53A,3.25038,0.767229,0,7
3HFM_HL_Y|YH53F,0.62049925,0.4778473,0,7
3HFM_HL_Y|YH53L,0.8068894,0.7603731,0,7
3HFM_HL_Y|YH53W,0.7061819,0.0698401,0,7
3HFM_HL_Y|YH58A,1.6760437,0.9048272,0,7
3HFM_HL_Y|YH58F,0.36312544,0.103433765,0,7
3HFM_HL_Y|YH58L,1.5136731,0.4814047,0,7
3HFM_HL_Y|YL50A,4.0,0.52074957,0,7
"3HFM_HL_Y|YL50A,KY96A",4.0,1.7838384,0,7
"3HFM_HL_Y|YL50A,KY97A",4.0,0.3880804,0,7
"3HFM_HL_Y|YL50A,RY21A",4.0,1.1800584,0,7
3HFM_HL_Y|YL50F,2.3548672,0.314202,0,7
"3HFM_HL_Y|YL50F,RY21A",4.0,1.1501858,0,7
"3HFM_HL_Y|YL50F,YY20A",4.0,2.7300754,0,7
3HFM_HL_Y|YL50L,4.0,0.23973987,0,7
3HFM_HL_Y|YL96A,2.707045,1.7427464,0,7
"3HFM_HL_Y|YL96A,RY21A",4.0,1.9421662,0,7
3HFM_HL_Y|YL96F,1.4017794,0.6577582,0,7
"3HFM_HL_Y|YL96F,RY21A",4.0,1.4724557,0,7
3HFM_HL_Y|YY20A,4.0,1.8712548,0,7
3HFM_HL_Y|YY20F,-0.4839681,0.56132317,0,7
3HFM_HL_Y|YY20L,2.1845057,1.521633,0,7
3SE9_HL_G|DH77A,-0.7664817,0.059273608,0,7
3SE9_HL_G|EL90A,0.41735974,1.1393073,0,7
3SE9_HL_G|FL91A,0.023615688,0.35293084,0,7
3SE9_HL_G|GH106A,-0.3075798,0.76135296,0,7
3SE9_HL_G|GH107A,-0.6151596,0.4603165,0,7
3SE9_HL_G|GH109A,0.18514356,0.9977224,0,7
3SE9_HL_G|GH57A,0.4524448,0.94542533,0,7
3SE9_HL_G|GH62A,0.04634,0.7167903,0,7
3SE9_HL_G|GL29A,0.46369976,0.6223193,0,7
3SE9_HL_G|LH34A,0.56599987,0.8203343,0,7
3SE9_HL_G|LL89A,0.964243,1.1493803,0,7
3SE9_HL_G|NH60A,1.5217615,1.3854765,0,7
3SE9_HL_G|PH64A,-0.4419396,-0.10996715,0,7
3SE9_HL_G|RH67A,1.4695449,0.1889821,0,7
3SE9_HL_G|RH74A,2.6792572,1.1482843,0,7
3SE9_HL_G|RH76A,-0.2322162,0.9674021,0,7
3SE9_HL_G|TH105A,-0.4419396,-0.027260996,0,7
3SE9_HL_G|TH56A,-0.85929936,0.41181576,0,7
3SE9_HL_G|VH55A,-0.85929936,-0.028107204,0,7
3SE9_HL_G|VH59A,0.9833596,0.98856515,0,7
3SE9_HL_G|VL3A,-0.49433115,0.5874078,0,7
3SE9_HL_G|WH48A,1.0584464,1.0588458,0,7
3SE9_HL_G|WH51A,1.275695,1.8893694,0,7
3SE9_HL_G|YH104A,0.46369976,0.22341299,0,7
3SE9_HL_G|YL28A,1.1177194,0.4369315,0,7
4U6H_AB_E|NE21A,-0.3480795,0.41569993,0,7
4U6H_AB_E|QE25A,0.11883454,0.20119464,0,7
4ZS6_HL_A|EA156A,3.0386665,0.10018486,0,7
4ZS6_HL_A|YA160A,-0.11025046,2.6162238,0,7
1KIP_AB_C|AB32Y,-0.8005932,-1.216081,1,0
1XGU_AB_C|FB33A,4.0,0.24487105,1,0
1XGU_AB_C|FB33I,1.8004549,0.016622819,1,0
1XGU_AB_C|FB33L,1.8617703,0.009385176,1,0
1XGU_AB_C|FB33V,2.9080825,-0.028496202,1,0
2B2X_HL_A|EH64K,-0.033433665,0.16822451,1,0
"2B2X_HL_A|EH64K,QL28S,YL52N",0.911615,0.25670835,1,0
"2B2X_HL_A|EH64K,QL28S,YL52N,GH102S",2.7106705,0.1875216,1,0
"2B2X_HL_A|EH64K,QL28S,YL52N,SH35A",3.119054,0.54351985,1,0
"2B2X_HL_A|EH64K,QL28S,YL52N,SH35V",3.770335,0.29458645,1,0
"2B2X_HL_A|EH64K,YL52N",0.34853002,0.33807477,1,0
"2B2X_HL_A|QL28S,YL52N",0.8626942,0.13585088,1,0
2B2X_HL_A|VH50T,0.024054652,-0.29137513,1,0
"2B2X_HL_A|VH50T,EH64D,QL28S,YL52N",0.87177193,0.3962536,1,0
"2B2X_HL_A|VH50T,EH64K,QL28S",0.991589,-0.048052765,1,0
"2B2X_HL_A|VH50T,EH64K,QL28S,YL52D",1.5439764,0.3168519,1,0
"2B2X_HL_A|VH50T,EH64K,QL28S,YL52E",0.95452905,0.195943,1,0
"2B2X_HL_A|VH50T,EH64K,QL28S,YL52K",1.7007239,0.2522747,1,0
"2B2X_HL_A|VH50T,EH64K,QL28S,YL52N",1.043214,0.29092374,1,0
"2B2X_HL_A|VH50T,EH64K,QL28S,YL52N,FH99W",1.043214,0.18178177,1,0
"2B2X_HL_A|VH50T,EH64K,QL28S,YL52N,FH99Y",1.7978828,-0.010440491,1,0
"2B2X_HL_A|VH50T,EH64K,QL28S,YL52N,GH100F",1.4322319,-0.003566131,1,0
"2B2X_HL_A|VH50T,EH64K,QL28S,YL52N,GH100L",3.770335,0.09079086,1,0
"2B2X_HL_A|VH50T,EH64K,QL28S,YL52N,GH100M",1.145348,0.050349347,1,0
"2B2X_HL_A|VH50T,EH64K,QL28S,YL52N,GH100S",1.6009614,0.11063374,1,0
"2B2X_HL_A|VH50T,EH64K,QL28S,YL52N,GH53A",1.5558206,0.22997832,1,0
"2B2X_HL_A|VH50T,EH64K,QL28S,YL52N,GH53N",2.2985272,0.16219965,1,0
"2B2X_HL_A|VH50T,EH64K,QL28S,YL52N,GH53S",1.7188073,0.19411218,1,0
"2B2X_HL_A|VH50T,EH64K,QL28S,YL52N,GH54I",2.4067745,0.18451592,1,0
"2B2X_HL_A|VH50T,EH64K,QL28S,YL52N,GH54T",2.2073808,0.2078723,1,0
"2B2X_HL_A|VH50T,EH64K,QL28S,YL52N,GH54Y",1.043214,-0.052945875,1,0
"2B2X_HL_A|VH50T,EH64K,QL28S,YL52N,GL92Q",2.6158988,0.12539396,1,0
"2B2X_HL_A|VH50T,EH64K,QL28S,YL52N,GL92S",1.5558206,0.15154573,1,0
"2B2X_HL_A|VH50T,EH64K,QL28S,YL52N,HL31K",2.2073808,0.4685971,1,0
"2B2X_HL_A|VH50T,EH64K,QL28S,YL52N,HL31R",2.1670115,0.29254422,1,0
"2B2X_HL_A|VH50T,EH64K,QL28S,YL52N,HL31W",2.2985272,0.24475265,1,0
"2B2X_HL_A|VH50T,EH64K,QL28S,YL52N,LH60D",0.981894,0.5072534,1,0
"2B2X_HL_A|VH50T,EH64K,QL28S,YL52N,LL49F",1.7554936,0.5024113,1,0
"2B2X_HL_A|VH50T,EH64K,QL28S,YL52N,LL49K",1.9044149,0.47597396,1,0
"2B2X_HL_A|VH50T,EH64K,QL28S,YL52N,LL49W",2.9507816,0.31921756,1,0
"2B2X_HL_A|VH50T,EH64K,QL28S,YL52N,NL30V",2.0925434,0.14571801,1,0
"2B2X_HL_A|VH50T,EH64K,QL28S,YL52N,NL30W",2.6158988,0.19254583,1,0
"2B2X_HL_A|VH50T,EH64K,QL28S,YL52N,NL30Y",2.9507816,-0.0008410737,1,0
"2B2X_HL_A|VH50T,EH64K,QL28S,YL52N,NL30Y,SL91I",1.4775821,0.030860953,1,0
"2B2X_HL_A|VH50T,EH64K,QL28S,YL52N,RH31Q",2.350542,0.4873765,1,0
"2B2X_HL_A|VH50T,EH64K,QL28S,YL52N,SH35A",2.6158988,0.5905117,1,0
"2B2X_HL_A|VH50T,EH64K,QL28S,YL52N,SH35A,GH102S",2.6158988,0.56728077,1,0
"2B2X_HL_A|VH50T,EH64K,QL28S,YL52N,SH35Q",3.770335,0.3697114,1,0
"2B2X_HL_A|VH50T,EH64K,QL28S,YL52N,SH35V,GH102S",2.4688888,0.3620718,1,0
"2B2X_HL_A|VH50T,EH64K,QL28S,YL52N,SH52M",3.119054,0.47363693,1,0
"2B2X_HL_A|VH50T,EH64K,QL28S,YL52N,SL24R",0.82788163,0.12261134,1,0
"2B2X_HL_A|VH50T,EH64K,QL28S,YL52N,SL91Q",2.8172472,0.25978237,1,0
"2B2X_HL_A|VH50T,EH64K,QL28S,YL52N,SL91R",3.770335,0.20910421,1,0
"2B2X_HL_A|VH50T,EH64K,QL28S,YL52N,SL91R,NL30E",3.770335,0.22125843,1,0
"2B2X_HL_A|VH50T,EH64K,QL28S,YL52N,SL91T",3.3598623,0.4047289,1,0
"2B2X_HL_A|VH50T,EH64K,QL28S,YL52N,TH33E,GH53Q",2.7106705,0.35773906,1,0
"2B2X_HL_A|VH50T,EH64K,QL28S,YL52N,TH33I,SH52T,GH53N,GH54N",2.9507816,0.45417446,1,0
"2B2X_HL_A|VH50T,EH64K,QL28S,YL52N,TH33I,SH52T,GH53Q,GH54F",2.2985272,0.75005436,1,0
"2B2X_HL_A|VH50T,EH64K,QL28S,YL52N,TH33N",3.770335,0.44162434,1,0
"2B2X_HL_A|VH50T,EH64K,QL28S,YL52N,TH33V",1.4775821,0.2701526,1,0
"2B2X_HL_A|VH50T,EH64K,QL28S,YL52N,WL90Q",3.119054,0.5966794,1,0
"2B2X_HL_A|VH50T,EH64K,QL28S,YL52N,WL90Q,FL33Y",1.914233,0.48184627,1,0
"2B2X_HL_A|VH50T,EH64K,QL28S,YL52N,YH58E",3.119054,0.6541217,1,0
"2B2X_HL_A|VH50T,EH64K,QL28S,YL52N,YH58Q",3.119054,0.76063526,1,0
"2B2X_HL_A|VH50T,EH64K,QL28S,YL52N,YH58W",1.8641591,0.5001069,1,0
"2B2X_HL_A|VH50T,EH64K,QL28S,YL52N,YH59E",1.5872209,0.6953959,1,0
"2B2X_HL_A|VH50T,EH64K,QL28S,YL52R",1.8880546,0.07826208,1,0
"2B2X_HL_A|VH50T,EH64K,YL52N",0.28173435,0.30416855,1,0
"2B2X_HL_A|VH50T,EH64N,QL28S,YL52N",1.0069425,0.41782716,1,0
"2B2X_HL_A|VH50T,EH64Q,QL28S,YL52N",0.96559924,0.30323446,1,0
"2B2X_HL_A|VH50T,EH64Q,QL28S,YL52N,LH60D",1.0862032,0.52699333,1,0
"2B2X_HL_A|VH50T,QL28S,YL52N",0.96559924,0.16458291,1,0
"2B2X_HL_A|VH50T,QL28S,YL52N,LH60D",0.90141344,0.41029596,1,0
"2B2X_HL_A|VH50T,YL52N",0.18636756,0.08611504,1,0
2B2X_HL_A|YL52E,-0.22410508,0.022936434,1,0
2VIR_AB_C|SC115L,3.680209,0.18424219,1,0
2VIR_AB_C|TC89I,4.0,0.3833328,1,0
"3G6D_LH_A|EL3V,GL76R,TL77V,QL78E,EL80G",0.13981691,-0.1297183,1,0
"3G6D_LH_A|EL3V,GL76R,TL77V,QL78E,EL80G,DH54N",0.111178115,0.018657856,1,0
"3G6D_LH_A|EL3V,GL76R,TL77V,QL78E,EL80G,TL89S,ML92I,VL93D,TL94K",0.27145106,-0.17184156,1,0
3G6D_LH_A|HH104A,-0.9530879,0.31303602,1,0
"3G6D_LH_A|KH210T,KH215T",-0.13294782,0.0038247406,1,0
"3G6D_LH_A|TL89S,ML92I,VL93D,TL94K",0.7979767,-0.36406174,1,0
3G6D_LH_A|WH105A,-1.4965084,0.699705,1,0
"3IDX_HL_G|CG27I,CG242Q",-2.4650376,-0.22639981,1,0
"3IDX_HL_G|CG27I,CG242Q,MG247A",-2.1736174,0.30778712,1,0
"3IDX_HL_G|KG85C,EG121C,CG27I,CG242Q",-2.3776865,0.30931577,1,0
"3IDX_HL_G|KG85C,EG121C,WG13M,MG247A,CG14W,CG129V,CG27I,CG242Q",-2.1922898,1.2164837,1,0
"3IDX_HL_G|KG85C,EG122C,WG13M,MG247A,CG14W,CG129V,CG27I,CG242Q",-2.2927184,1.1524227,1,0
"3IDX_HL_G|TG41C,GG245C,MG247A",0.40945426,0.41460946,1,0
"3IDX_HL_G|TG41C,GG245C,WG13M,MG247A,CG14W,CG129V,CG27I,CG242Q",-2.3310676,0.85016125,1,0
"3IDX_HL_G|WG13M,MG247A,CG14W,CG129V",-0.6475391,0.42174956,1,0
"3IDX_HL_G|WG13M,MG247A,CG14W,CG129V,CG27I,CG242Q",-2.3479884,0.61882687,1,0
"3IDX_HL_G|WG13M,MG247A,CG14W,CG129V,KG85C,EG121C",-0.36166522,1.0228598,1,0
"3IDX_HL_G|WG13M,SG111T,WG200S,MG247A,CG14W,CG129V,CG27I,CG242Q",-1.8639641,0.9095915,1,0
"3L5X_A_HL|EL93F,YL94G",-0.42800838,0.72351015,1,0
"3L5X_A_HL|EL93H,YL94G",-0.7626503,0.69567966,1,0
"3L5X_A_HL|HL91P,NL92I,EL93D,YL94A",-0.6466697,1.68351,1,0
"3L5X_A_HL|HL91P,NL92L,EL93D,YL94S",-0.6327897,1.3161947,1,0
"3L5X_A_HL|HL91P,NL92L,EL93D,YL94T",-0.81005055,1.4618905,1,0
"3L5X_A_HL|HL91P,NL92L,EL93D,YL94V",-0.85822237,1.2074003,1,0
"3L5X_A_HL|HL91P,NL92L,YL94A",-0.44441348,1.6252279,1,0
"3L5X_A_HL|HL91Q,NL92D,EL93I,YL94G",-1.5503801,1.0669936,1,0
"3L5X_A_HL|HL91Q,NL92D,EL93L,YL94G",-1.785132,1.0283368,1,0
"3L5X_A_HL|HL91Q,NL92D,EL93Y,YL94G",-1.451453,0.5237761,1,0
"3L5X_A_HL|NL92D,EL93L,YL94G",-0.42962858,0.70543426,1,0
"3L5X_A_HL|NL92D,EL93N,YL94S",-0.53403836,0.44918317,1,0
"3L5X_A_HL|NL92D,EL93P,YL94G",-1.4699602,1.2469543,1,0
"3L5X_A_HL|NL92D,EL93R,YL94D",-0.52253926,0.4209063,1,0
"3L5X_A_HL|NL92D,EL93W,YL94E",-1.1963489,0.2433958,1,0
"3L5X_A_HL|NL92D,EL93W,YL94G",-1.6825228,0.47932547,1,0
"3L5X_A_HL|NL92D,EL93W,YL94S",-0.71612674,0.29455248,1,0
"3L5X_A_HL|NL92D,EL93Y,YL94A",-0.8069743,0.29760072,1,0
"3L5X_A_HL|NL92E,EL93S,YL94G",-1.2653587,0.5965479,1,0
"3L5X_A_HL|NL92E,EL93W,YL94G",-1.5503801,0.4308762,1,0
"3L5X_A_HL|NL92F,EL93W,YL94G",-1.2329907,0.3789575,1,0
"3L5X_A_HL|NL92L,EL93D,YL94S",-0.6170473,0.43183887,1,0
"3L5X_A_HL|NL92L,EL93L,YL94G",-0.6259698,0.64629084,1,0
"3L5X_A_HL|NL92L,EL93M,YL94G",-0.82567644,0.70035326,1,0
"3L5X_A_HL|NL92L,EL93N,YL94G",-0.6954369,0.612491,1,0
"3L5X_A_HL|NL92S,EL93H,YL94G",-1.2457265,0.5854192,1,0
"3L5X_A_HL|NL92S,EL93I,YL94G",-0.8069743,0.705264,1,0
"3L5X_A_HL|NL92S,EL93S,YL94G",-0.24921271,0.5869084,1,0
"3L5X_A_HL|NL92S,EL93V,YL94G",-0.51687235,0.58541304,1,0
"3L5X_A_HL|NL92S,EL93W,YL94A",-0.30302802,0.5773598,1,0
"3L5X_A_HL|NL92S,EL93W,YL94G",-1.2720501,0.47631824,1,0
"3L5X_A_HL|NL92S,EL93Y,YL94G",-0.9641868,0.2046901,1,0
"3L5X_A_HL|NL92V,EL93G,YL94G",-0.46300006,0.7376547,1,0
"3L5X_A_HL|NL92V,EL93W,YL94G",-0.83525383,0.43837798,1,0
3L5X_A_HL|YL94A,-0.82885176,0.7202237,1,0
3N85_A_LH|SH32A,-0.13401966,0.10374486,1,0
3N85_A_LH|SH32Y,0.0571225,-0.31926808,1,0
3N85_A_LH|SH50G,0.48767117,-0.08489326,1,0
3N85_A_LH|SH52Y,-0.78460336,-0.22740957,1,0
3N85_A_LH|WH100F,-0.015185109,-0.056125816,1,0
3N85_A_LH|WH30K,-0.78460336,0.2983394,1,0
3N85_A_LH|WH30R,-0.5539675,0.05514417,1,0
3N85_A_LH|WL91F,0.13959166,-0.17295271,1,0
3N85_A_LH|WL94Y,-0.03871881,-0.35970348,1,0
3SE8_HL_G|DH110A,-0.38934898,0.10393446,1,0
3SE8_HL_G|DH114A,-0.2441398,0.17800507,1,0
3SE8_HL_G|DL49A,0.8558488,0.67030555,1,0
3SE8_HL_G|EL1A,-0.5565174,0.13136059,1,0
3SE8_HL_G|EL91A,1.513491,0.6864338,1,0
3SE8_HL_G|FH115A,1.0676043,0.21833512,1,0
3SE8_HL_G|FL90A,-0.8640972,0.4893723,1,0
3SE8_HL_G|FL92A,0.8323254,0.09487776,1,0
3SE8_HL_G|GH56A,0.3570972,0.42920274,1,0
3SE8_HL_G|KH52A,1.1114144,0.39820594,1,0
3SE8_HL_G|LH54A,0.054776184,0.37543264,1,0
3SE8_HL_G|NL30A,0.19434923,0.10248322,1,0
3SE8_HL_G|PH78A,0.01881787,-0.29817912,1,0
3SE8_HL_G|PH81A,-0.07091986,-0.30815217,1,0
3SE8_HL_G|QH63A,1.1144251,0.123204865,1,0
3SE8_HL_G|QH65A,0.54980505,0.5796198,1,0
3SE8_HL_G|QH76A,0.09689985,0.45016402,1,0
3SE8_HL_G|QL27A,-0.21612903,0.16526937,1,0
3SE8_HL_G|RH30A,-0.03949762,0.65760344,1,0
3SE8_HL_G|RH62A,1.2061691,0.22943738,1,0
3SE8_HL_G|RH72A,2.6444623,0.34351283,1,0
3SE8_HL_G|SH59A,1.1508402,0.2696806,1,0
3SE8_HL_G|VH58A,1.2496852,0.43267554,1,0
3SE8_HL_G|WH47A,1.4751467,0.85000765,1,0
3SE8_HL_G|WH50A,1.333526,0.679982,1,0
3SE8_HL_G|WH55A,0.7611056,0.6137458,1,0
3SE8_HL_G|YH111A,0.82992166,0.81279176,1,0
3SE8_HL_G|YH60A,0.8558488,0.80047333,1,0
4KRL_A_B|DB112A,0.6496817,0.4008484,1,0
5C6T_HL_A|EA194A,1.0906719,0.53634375,1,0
5C6T_HL_A|FA192A,1.9972014,0.9376119,1,0
5C6T_HL_A|FA199A,2.7581792,1.0914187,1,0
5C6T_HL_A|FA200A,0.41047263,0.76398045,1,0
5C6T_HL_A|FH99A,1.4600298,0.1907993,1,0
5C6T_HL_A|IA201A,0.88561165,0.29429144,1,0
5C6T_HL_A|NA183A,0.28399685,0.81232655,1,0
5C6T_HL_A|NA186A,0.3630724,0.87870824,1,0
5C6T_HL_A|NA188A,-0.36658686,0.3105351,1,0
"5C6T_HL_A|NA195A,DA197A",0.58650106,1.1611762,1,0
5C6T_HL_A|NH97A,1.5258962,-0.036601502,1,0
5C6T_HL_A|RH31S,0.3115454,0.0912667,1,0
5C6T_HL_A|RL48A,0.1229613,0.9427398,1,0
5C6T_HL_A|SH32A,-0.8683455,0.4448133,1,0
5C6T_HL_A|TA185A,0.33786914,0.006036766,1,0
5C6T_HL_A|YA182A,3.2083547,1.0058637,1,0
"5C6T_HL_A|YA182A,NA195A,DA197A",2.942425,2.3197875,1,0
5C6T_HL_A|YH104A,0.3630724,0.5052918,1,0
5C6T_HL_A|YH98A,1.7166799,0.9355269,1,0
5C6T_HL_A|YL47A,0.5516565,0.97697693,1,0
1KIP_AB_C|AB32Y,-0.8005932,-1.8198073,1,1
1XGU_AB_C|FB33A,4.0,4.7701073,1,1
1XGU_AB_C|FB33I,1.8004549,2.2234223,1,1
1XGU_AB_C|FB33L,1.8617703,2.376206,1,1
1XGU_AB_C|FB33V,2.9080825,3.492246,1,1
2B2X_HL_A|EH64K,-0.033433665,0.26613197,1,1
"2B2X_HL_A|EH64K,QL28S,YL52N",0.911615,1.0262626,1,1
"2B2X_HL_A|EH64K,QL28S,YL52N,GH102S",2.7106705,1.9496403,1,1
"2B2X_HL_A|EH64K,QL28S,YL52N,SH35A",3.119054,1.5637268,1,1
"2B2X_HL_A|EH64K,QL28S,YL52N,SH35V",3.770335,1.6660681,1,1
"2B2X_HL_A|EH64K,YL52N",0.34853002,0.51404274,1,1
"2B2X_HL_A|QL28S,YL52N",0.8626942,0.5793915,1,1
2B2X_HL_A|VH50T,0.024054652,-0.4138032,1,1
"2B2X_HL_A|VH50T,EH64D,QL28S,YL52N",0.87177193,0.89232635,1,1
"2B2X_HL_A|VH50T,EH64K,QL28S",0.991589,0.88544846,1,1
"2B2X_HL_A|VH50T,EH64K,QL28S,YL52D",1.5439764,0.9522399,1,1
"2B2X_HL_A|VH50T,EH64K,QL28S,YL52E",0.95452905,1.0454761,1,1
"2B2X_HL_A|VH50T,EH64K,QL28S,YL52K",1.7007239,2.004133,1,1
"2B2X_HL_A|VH50T,EH64K,QL28S,YL52N",1.043214,1.2977928,1,1
"2B2X_HL_A|VH50T,EH64K,QL28S,YL52N,FH99W",1.043214,1.2489405,1,1
"2B2X_HL_A|VH50T,EH64K,QL28S,YL52N,FH99Y",1.7978828,1.1514875,1,1
"2B2X_HL_A|VH50T,EH64K,QL28S,YL52N,GH100F",1.4322319,0.76238525,1,1
"2B2X_HL_A|VH50T,EH64K,QL28S,YL52N,GH100L",3.770335,1.4079118,1,1
"2B2X_HL_A|VH50T,EH64K,QL28S,YL52N,GH100M",1.145348,1.4779809,1,1
"2B2X_HL_A|VH50T,EH64K,QL28S,YL52N,GH100S",1.6009614,1.9396789,1,1
"2B2X_HL_A|VH50T,EH64K,QL28S,YL52N,GH53A",1.5558206,1.2243767,1,1
"2B2X_HL_A|VH50T,EH64K,QL28S,YL52N,GH53N",2.2985272,1.494917,1,1
"2B2X_HL_A|VH50T,EH64K,QL28S,YL52N,GH53S",1.7188073,1.5946413,1,1
"2B2X_HL_A|VH50T,EH64K,QL28S,YL52N,GH54I",2.4067745,1.5595589,1,1
"2B2X_HL_A|VH50T,EH64K,QL28S,YL52N,GH54T",2.2073808,1.6019988,1,1
"2B2X_HL_A|VH50T,EH64K,QL28S,YL52N,GH54Y",1.043214,1.0672598,1,1
"2B2X_HL_A|VH50T,EH64K,QL28S,YL52N,GL92Q",2.6158988,1.7541993,1,1
"2B2X_HL_A|VH50T,EH64K,QL28S,YL52N,GL92S",1.5558206,1.6126928,1,1
"2B2X_HL_A|VH50T,EH64K,QL28S,YL52N,HL31K",2.2073808,2.199144,1,1
"2B2X_HL_A|VH50T,EH64K,QL28S,YL52N,HL31R",2.1670115,1.5272291,1,1
"2B2X_HL_A|VH50T,EH64K,QL28S,YL52N,HL31W",2.2985272,1.1402307,1,1
"2B2X_HL_A|VH50T,EH64K,QL28S,YL52N,LH60D",0.981894,0.99844253,1,1
"2B2X_HL_A|VH50T,EH64K,QL28S,YL52N,LL49F",1.7554936,1.7955635,1,1
"2B2X_HL_A|VH50T,EH64K,QL28S,YL52N,LL49K",1.9044149,2.389265,1,1
"2B2X_HL_A|VH50T,EH64K,QL28S,YL52N,LL49W",2.9507816,1.9528549,1,1
"2B2X_HL_A|VH50T,EH64K,QL28S,YL52N,NL30V",2.0925434,1.7221799,1,1
"2B2X_HL_A|VH50T,EH64K,QL28S,YL52N,NL30W",2.6158988,1.8310454,1,1
"2B2X_HL_A|VH50T,EH64K,QL28S,YL52N,NL30Y",2.9507816,1.4161686,1,1
"2B2X_HL_A|VH50T,EH64K,QL28S,YL52N,NL30Y,SL91I",1.4775821,1.5454499,1,1
"2B2X_HL_A|VH50T,EH64K,QL28S,YL52N,RH31Q",2.350542,1.5022486,1,1
"2B2X_HL_A|VH50T,EH64K,QL28S,YL52N,SH35A",2.6158988,1.895196,1,1
"2B2X_HL_A|VH50T,EH64K,QL28S,YL52N,SH35A,GH102S",2.6158988,2.495143,1,1
"2B2X_HL_A|VH50T,EH64K,QL28S,YL52N,SH35Q",3.770335,2.1727014,1,1
"2B2X_HL_A|VH50T,EH64K,QL28S,YL52N,SH35V,GH102S",2.4688888,2.595422,1,1
"2B2X_HL_A|VH50T,EH64K,QL28S,YL52N,SH52M",3.119054,1.3555418,1,1
"2B2X_HL_A|VH50T,EH64K,QL28S,YL52N,SL24R",0.82788163,0.86645424,1,1
"2B2X_HL_A|VH50T,EH64K,QL28S,YL52N,SL91Q",2.8172472,1.809363,1,1
"2B2X_HL_A|VH50T,EH64K,QL28S,YL52N,SL91R",3.770335,1.0544044,1,1
"2B2X_HL_A|VH50T,EH64K,QL28S,YL52N,SL91R,NL30E",3.770335,1.7183465,1,1
"2B2X_HL_A|VH50T,EH64K,QL28S,YL52N,SL91T",3.3598623,1.7481622,1,1
"2B2X_HL_A|VH50T,EH64K,QL28S,YL52N,TH33E,GH53Q",2.7106705,1.8983715,1,1
"2B2X_HL_A|VH50T,EH64K,QL28S,YL52N,TH33I,SH52T,GH53N,GH54N",2.9507816,2.1904826,1,1
"2B2X_HL_A|VH50T,EH64K,QL28S,YL52N,TH33I,SH52T,GH53Q,GH54F",2.2985272,1.8235203,1,1
"2B2X_HL_A|VH50T,EH64K,QL28S,YL52N,TH33N",3.770335,1.9605227,1,1
"2B2X_HL_A|VH50T,EH64K,QL28S,YL52N,TH33V",1.4775821,1.6401987,1,1
"2B2X_HL_A|VH50T,EH64K,QL28S,YL52N,WL90Q",3.119054,2.276896,1,1
"2B2X_HL_A|VH50T,EH64K,QL28S,YL52N,WL90Q,FL33Y",1.914233,2.186422,1,1
"2B2X_HL_A|VH50T,EH64K,QL28S,YL52N,YH58E",3.119054,1.9577923,1,1
"2B2X_HL_A|VH50T,EH64K,QL28S,YL52N,YH58Q",3.119054,2.5560205,1,1
"2B2X_HL_A|VH50T,EH64K,QL28S,YL52N,YH58W",1.8641591,1.9428166,1,1
"2B2X_HL_A|VH50T,EH64K,QL28S,YL52N,YH59E",1.5872209,1.8224437,1,1
"2B2X_HL_A|VH50T,EH64K,QL28S,YL52R",1.8880546,1.1724687,1,1
"2B2X_HL_A|VH50T,EH64K,YL52N",0.28173435,0.9989134,1,1
"2B2X_HL_A|VH50T,EH64N,QL28S,YL52N",1.0069425,1.1062623,1,1
"2B2X_HL_A|VH50T,EH64Q,QL28S,YL52N",0.96559924,1.0214761,1,1
"2B2X_HL_A|VH50T,EH64Q,QL28S,YL52N,LH60D",1.0862032,0.8530413,1,1
"2B2X_HL_A|VH50T,QL28S,YL52N",0.96559924,0.8187809,1,1
"2B2X_HL_A|VH50T,QL28S,YL52N,LH60D",0.90141344,0.50816274,1,1
"2B2X_HL_A|VH50T,YL52N",0.18636756,0.5316174,1,1
2B2X_HL_A|YL52E,-0.22410508,0.12511835,1,1
2VIR_AB_C|SC115L,3.680209,1.0564026,1,1
2VIR_AB_C|TC89I,4.0,3.9124148,1,1
"3G6D_LH_A|EL3V,GL76R,TL77V,QL78E,EL80G",0.13981691,0.3412004,1,1
"3G6D_LH_A|EL3V,GL76R,TL77V,QL78E,EL80G,DH54N",0.111178115,0.943923,1,1
"3G6D_LH_A|EL3V,GL76R,TL77V,QL78E,EL80G,TL89S,ML92I,VL93D,TL94K",0.27145106,-0.26744696,1,1
3G6D_LH_A|HH104A,-0.9530879,0.2505716,1,1
"3G6D_LH_A|KH210T,KH215T",-0.13294782,-0.9201999,1,1
"3G6D_LH_A|TL89S,ML92I,VL93D,TL94K",0.7979767,-0.89333546,1,1
3G6D_LH_A|WH105A,-1.4965084,1.7145283,1,1
"3IDX_HL_G|CG27I,CG242Q",-2.4650376,-0.83627176,1,1
"3IDX_HL_G|CG27I,CG242Q,MG247A",-2.1736174,-0.97452736,1,1
"3IDX_HL_G|KG85C,EG121C,CG27I,CG242Q",-2.3776865,0.30822134,1,1
"3IDX_HL_G|KG85C,EG121C,WG13M,MG247A,CG14W,CG129V,CG27I,CG242Q",-2.1922898,0.6809288,1,1
"3IDX_HL_G|KG85C,EG122C,WG13M,MG247A,CG14W,CG129V,CG27I,CG242Q",-2.2927184,0.58898103,1,1
"3IDX_HL_G|TG41C,GG245C,MG247A",0.40945426,0.4560089,1,1
"3IDX_HL_G|TG41C,GG245C,WG13M,MG247A,CG14W,CG129V,CG27I,CG242Q",-2.3310676,0.19067234,1,1
"3IDX_HL_G|WG13M,MG247A,CG14W,CG129V",-0.6475391,0.5337888,1,1
"3IDX_HL_G|WG13M,MG247A,CG14W,CG129V,CG27I,CG242Q",-2.3479884,-0.24008563,1,1
"3IDX_HL_G|WG13M,MG247A,CG14W,CG129V,KG85C,EG121C",-0.36166522,1.4111408,1,1
"3IDX_HL_G|WG13M,SG111T,WG200S,MG247A,CG14W,CG129V,CG27I,CG242Q",-1.8639641,-0.63798416,1,1
"3L5X_A_HL|EL93F,YL94G",-0.42800838,0.47905684,1,1
"3L5X_A_HL|EL93H,YL94G",-0.7626503,1.0066174,1,1
"3L5X_A_HL|HL91P,NL92I,EL93D,YL94A",-0.6466697,1.3993402,1,1
"3L5X_A_HL|HL91P,NL92L,EL93D,YL94S",-0.6327897,1.3020095,1,1
"3L5X_A_HL|HL91P,NL92L,EL93D,YL94T",-0.81005055,1.3775386,1,1
"3L5X_A_HL|HL91P,NL92L,EL93D,YL94V",-0.85822237,1.2665766,1,1
"3L5X_A_HL|HL91P,NL92L,YL94A",-0.44441348,1.47315,1,1
"3L5X_A_HL|HL91Q,NL92D,EL93I,YL94G",-1.5503801,0.5056931,1,1
"3L5X_A_HL|HL91Q,NL92D,EL93L,YL94G",-1.785132,0.6287681,1,1
"3L5X_A_HL|HL91Q,NL92D,EL93Y,YL94G",-1.451453,-0.36398456,1,1
"3L5X_A_HL|NL92D,EL93L,YL94G",-0.42962858,0.20551363,1,1
"3L5X_A_HL|NL92D,EL93N,YL94S",-0.53403836,0.5614039,1,1
"3L5X_A_HL|NL92D,EL93P,YL94G",-1.4699602,0.78198767,1,1
"3L5X_A_HL|NL92D,EL93R,YL94D",-0.52253926,-0.21612123,1,1
"3L5X_A_HL|NL92D,EL93W,YL94E",-1.1963489,-0.7259309,1,1
"3L5X_A_HL|NL92D,EL93W,YL94G",-1.6825228,-0.7263566,1,1
"3L5X_A_HL|NL92D,EL93W,YL94S",-0.71612674,-0.46456423,1,1
"3L5X_A_HL|NL92D,EL93Y,YL94A",-0.8069743,-0.27374884,1,1
"3L5X_A_HL|NL92E,EL93S,YL94G",-1.2653587,0.15884957,1,1
"3L5X_A_HL|NL92E,EL93W,YL94G",-1.5503801,-0.52481186,1,1
"3L5X_A_HL|NL92F,EL93W,YL94G",-1.2329907,-0.4993373,1,1
"3L5X_A_HL|NL92L,EL93D,YL94S",-0.6170473,0.51996404,1,1
"3L5X_A_HL|NL92L,EL93L,YL94G",-0.6259698,0.6138493,1,1
"3L5X_A_HL|NL92L,EL93M,YL94G",-0.82567644,0.5384705,1,1
"3L5X_A_HL|NL92L,EL93N,YL94G",-0.6954369,0.7967348,1,1
"3L5X_A_HL|NL92S,EL93H,YL94G",-1.2457265,0.63556707,1,1
"3L5X_A_HL|NL92S,EL93I,YL94G",-0.8069743,0.5133003,1,1
"3L5X_A_HL|NL92S,EL93S,YL94G",-0.24921271,0.42901614,1,1
"3L5X_A_HL|NL92S,EL93V,YL94G",-0.51687235,0.53897583,1,1
"3L5X_A_HL|NL92S,EL93W,YL94A",-0.30302802,0.06481636,1,1
"3L5X_A_HL|NL92S,EL93W,YL94G",-1.2720501,-0.16835746,1,1
"3L5X_A_HL|NL92S,EL93Y,YL94G",-0.9641868,-0.16648766,1,1
"3L5X_A_HL|NL92V,EL93G,YL94G",-0.46300006,0.3815977,1,1
"3L5X_A_HL|NL92V,EL93W,YL94G",-0.83525383,-0.13518266,1,1
3L5X_A_HL|YL94A,-0.82885176,0.7504833,1,1
3N85_A_LH|SH32A,-0.13401966,0.93989384,1,1
3N85_A_LH|SH32Y,0.0571225,0.0066258535,1,1
3N85_A_LH|SH50G,0.48767117,-0.11032902,1,1
3N85_A_LH|SH52Y,-0.78460336,-0.58305824,1,1
3N85_A_LH|WH100F,-0.015185109,0.28787735,1,1
3N85_A_LH|WH30K,-0.78460336,1.1698122,1,1
3N85_A_LH|WH30R,-0.5539675,0.21780968,1,1
3N85_A_LH|WL91F,0.13959166,0.7141197,1,1
3N85_A_LH|WL94Y,-0.03871881,0.007365063,1,1
3SE8_HL_G|DH110A,-0.38934898,-0.12987582,1,1
3SE8_HL_G|DH114A,-0.2441398,0.8736907,1,1
3SE8_HL_G|DL49A,0.8558488,1.6662256,1,1
3SE8_HL_G|EL1A,-0.5565174,-0.07078636,1,1
3SE8_HL_G|EL91A,1.513491,1.5626955,1,1
3SE8_HL_G|FH115A,1.0676043,2.8418102,1,1
3SE8_HL_G|FL90A,-0.8640972,1.0728862,1,1
3SE8_HL_G|FL92A,0.8323254,1.5129548,1,1
3SE8_HL_G|GH56A,0.3570972,0.9472306,1,1
3SE8_HL_G|KH52A,1.1114144,0.32691097,1,1
3SE8_HL_G|LH54A,0.054776184,0.27833462,1,1
3SE8_HL_G|NL30A,0.19434923,0.72345495,1,1
3SE8_HL_G|PH78A,0.01881787,-0.24861783,1,1
3SE8_HL_G|PH81A,-0.07091986,0.17869239,1,1
3SE8_HL_G|QH63A,1.1144251,-0.15148842,1,1
3SE8_HL_G|QH65A,0.54980505,-0.44038758,1,1
3SE8_HL_G|QH76A,0.09689985,-0.11581454,1,1
3SE8_HL_G|QL27A,-0.21612903,-0.28673053,1,1
3SE8_HL_G|RH30A,-0.03949762,0.81360435,1,1
3SE8_HL_G|RH62A,1.2061691,0.3590201,1,1
3SE8_HL_G|RH72A,2.6444623,2.4355946,1,1
3SE8_HL_G|SH59A,1.1508402,-0.16329053,1,1
3SE8_HL_G|VH58A,1.2496852,1.5102304,1,1
3SE8_HL_G|WH47A,1.4751467,1.665116,1,1
3SE8_HL_G|WH50A,1.333526,1.3930383,1,1
3SE8_HL_G|WH55A,0.7611056,0.4874482,1,1
3SE8_HL_G|YH111A,0.82992166,0.41878796,1,1
3SE8_HL_G|YH60A,0.8558488,1.2118268,1,1
4KRL_A_B|DB112A,0.6496817,1.8301297,1,1
5C6T_HL_A|EA194A,1.0906719,1.0562788,1,1
5C6T_HL_A|FA192A,1.9972014,2.2260432,1,1
5C6T_HL_A|FA199A,2.7581792,2.200355,1,1
5C6T_HL_A|FA200A,0.41047263,0.55197155,1,1
5C6T_HL_A|FH99A,1.4600298,0.0716666,1,1
5C6T_HL_A|IA201A,0.88561165,0.20505369,1,1
5C6T_HL_A|NA183A,0.28399685,0.45896965,1,1
5C6T_HL_A|NA186A,0.3630724,0.07140955,1,1
5C6T_HL_A|NA188A,-0.36658686,0.7148895,1,1
"5C6T_HL_A|NA195A,DA197A",0.58650106,0.9676423,1,1
5C6T_HL_A|NH97A,1.5258962,-0.25883198,1,1
5C6T_HL_A|RH31S,0.3115454,0.46763864,1,1
5C6T_HL_A|RL48A,0.1229613,1.039456,1,1
5C6T_HL_A|SH32A,-0.8683455,0.29396158,1,1
5C6T_HL_A|TA185A,0.33786914,0.30944532,1,1
5C6T_HL_A|YA182A,3.2083547,1.2343771,1,1
"5C6T_HL_A|YA182A,NA195A,DA197A",2.942425,2.1202307,1,1
5C6T_HL_A|YH104A,0.3630724,0.95903003,1,1
5C6T_HL_A|YH98A,1.7166799,0.4108607,1,1
5C6T_HL_A|YL47A,0.5516565,1.6649069,1,1
1KIP_AB_C|AB32Y,-0.8005932,-1.4105238,1,2
1XGU_AB_C|FB33A,4.0,3.7971694,1,2
1XGU_AB_C|FB33I,1.8004549,1.6499454,1,2
1XGU_AB_C|FB33L,1.8617703,1.9556752,1,2
1XGU_AB_C|FB33V,2.9080825,2.8879535,1,2
2B2X_HL_A|EH64K,-0.033433665,0.19356227,1,2
"2B2X_HL_A|EH64K,QL28S,YL52N",0.911615,1.3128252,1,2
"2B2X_HL_A|EH64K,QL28S,YL52N,GH102S",2.7106705,1.8873531,1,2
"2B2X_HL_A|EH64K,QL28S,YL52N,SH35A",3.119054,1.9069746,1,2
"2B2X_HL_A|EH64K,QL28S,YL52N,SH35V",3.770335,2.1034875,1,2
"2B2X_HL_A|EH64K,YL52N",0.34853002,0.50500894,1,2
"2B2X_HL_A|QL28S,YL52N",0.8626942,0.6902805,1,2
2B2X_HL_A|VH50T,0.024054652,-0.2559766,1,2
"2B2X_HL_A|VH50T,EH64D,QL28S,YL52N",0.87177193,1.0846951,1,2
"2B2X_HL_A|VH50T,EH64K,QL28S",0.991589,1.511536,1,2
"2B2X_HL_A|VH50T,EH64K,QL28S,YL52D",1.5439764,1.2887533,1,2
"2B2X_HL_A|VH50T,EH64K,QL28S,YL52E",0.95452905,1.5387135,1,2
"2B2X_HL_A|VH50T,EH64K,QL28S,YL52K",1.7007239,2.1888762,1,2
"2B2X_HL_A|VH50T,EH64K,QL28S,YL52N",1.043214,1.6039773,1,2
"2B2X_HL_A|VH50T,EH64K,QL28S,YL52N,FH99W",1.043214,1.5097,1,2
"2B2X_HL_A|VH50T,EH64K,QL28S,YL52N,FH99Y",1.7978828,1.466132,1,2
"2B2X_HL_A|VH50T,EH64K,QL28S,YL52N,GH100F",1.4322319,1.3871224,1,2
"2B2X_HL_A|VH50T,EH64K,QL28S,YL52N,GH100L",3.770335,1.9075012,1,2
"2B2X_HL_A|VH50T,EH64K,QL28S,YL52N,GH100M",1.145348,1.6462082,1,2
"2B2X_HL_A|VH50T,EH64K,QL28S,YL52N,GH100S",1.6009614,2.101183,1,2
"2B2X_HL_A|VH50T,EH64K,QL28S,YL52N,GH53A",1.5558206,1.7301728,1,2
"2B2X_HL_A|VH50T,EH64K,QL28S,YL52N,GH53N",2.2985272,1.7454891,1,2
"2B2X_HL_A|VH50T,EH64K,QL28S,YL52N,GH53S",1.7188073,1.8260379,1,2
"2B2X_HL_A|VH50T,EH64K,QL28S,YL52N,GH54I",2.4067745,1.636727,1,2
"2B2X_HL_A|VH50T,EH64K,QL28S,YL52N,GH54T",2.2073808,2.0032995,1,2
"2B2X_HL_A|VH50T,EH64K,QL28S,YL52N,GH54Y",1.043214,1.478851,1,2
"2B2X_HL_A|VH50T,EH64K,QL28S,YL52N,GL92Q",2.6158988,1.8879308,1,2
"2B2X_HL_A|VH50T,EH64K,QL28S,YL52N,GL92S",1.5558206,1.7246352,1,2
"2B2X_HL_A|VH50T,EH64K,QL28S,YL52N,HL31K",2.2073808,2.389606,1,2
"2B2X_HL_A|VH50T,EH64K,QL28S,YL52N,HL31R",2.1670115,1.6811626,1,2
"2B2X_HL_A|VH50T,EH64K,QL28S,YL52N,HL31W",2.2985272,1.7010503,1,2
"2B2X_HL_A|VH50T,EH64K,QL28S,YL52N,LH60D",0.981894,1.3736008,1,2
"2B2X_HL_A|VH50T,EH64K,QL28S,YL52N,LL49F",1.7554936,1.694504,1,2
"2B2X_HL_A|VH50T,EH64K,QL28S,YL52N,LL49K",1.9044149,2.1059105,1,2
"2B2X_HL_A|VH50T,EH64K,QL28S,YL52N,LL49W",2.9507816,1.8740308,1,2
"2B2X_HL_A|VH50T,EH64K,QL28S,YL52N,NL30V",2.0925434,1.9920738,1,2
"2B2X_HL_A|VH50T,EH64K,QL28S,YL52N,NL30W",2.6158988,1.750996,1,2
"2B2X_HL_A|VH50T,EH64K,QL28S,YL52N,NL30Y",2.9507816,1.842822,1,2
"2B2X_HL_A|VH50T,EH64K,QL28S,YL52N,NL30Y,SL91I",1.4775821,1.9166099,1,2
"2B2X_HL_A|VH50T,EH64K,QL28S,YL52N,RH31Q",2.350542,1.8554314,1,2
"2B2X_HL_A|VH50T,EH64K,QL28S,YL52N,SH35A",2.6158988,2.2055564,1,2
"2B2X_HL_A|VH50T,EH64K,QL28S,YL52N,SH35A,GH102S",2.6158988,2.661069,1,2
"2B2X_HL_A|VH50T,EH64K,QL28S,YL52N,SH35Q",3.770335,2.4924552,1,2
"2B2X_HL_A|VH50T,EH64K,QL28S,YL52N,SH35V,GH102S",2.4688888,2.935663,1,2
"2B2X_HL_A|VH50T,EH64K,QL28S,YL52N,SH52M",3.119054,1.4371634,1,2
"2B2X_HL_A|VH50T,EH64K,QL28S,YL52N,SL24R",0.82788163,0.98042566,1,2
"2B2X_HL_A|VH50T,EH64K,QL28S,YL52N,SL91Q",2.8172472,1.9826146,1,2
"2B2X_HL_A|VH50T,EH64K,QL28S,YL52N,SL91R",3.770335,1.2634894,1,2
"2B2X_HL_A|VH50T,EH64K,QL28S,YL52N,SL91R,NL30E",3.770335,1.8387874,1,2
"2B2X_HL_A|VH50T,EH64K,QL28S,YL52N,SL91T",3.3598623,2.0648274,1,2
"2B2X_HL_A|VH50T,EH64K,QL28S,YL52N,TH33E,GH53Q",2.7106705,2.5891802,1,2
"2B2X_HL_A|VH50T,EH64K,QL28S,YL52N,TH33I,SH52T,GH53N,GH54N",2.9507816,2.5404048,1,2
"2B2X_HL_A|VH50T,EH64K,QL28S,YL52N,TH33I,SH52T,GH53Q,GH54F",2.2985272,2.523427,1,2
"2B2X_HL_A|VH50T,EH64K,QL28S,YL52N,TH33N",3.770335,2.4062178,1,2
"2B2X_HL_A|VH50T,EH64K,QL28S,YL52N,TH33V",1.4775821,1.9222089,1,2
"2B2X_HL_A|VH50T,EH64K,QL28S,YL52N,WL90Q",3.119054,2.1878514,1,2
"2B2X_HL_A|VH50T,EH64K,QL28S,YL52N,WL90Q,FL33Y",1.914233,2.1311448,1,2
"2B2X_HL_A|VH50T,EH64K,QL28S,YL52N,YH58E",3.119054,2.4131827,1,2
"2B2X_HL_A|VH50T,EH64K,QL28S,YL52N,YH58Q",3.119054,2.6902838,1,2
"2B2X_HL_A|VH50T,EH64K,QL28S,YL52N,YH58W",1.8641591,1.9366571,1,2
"2B2X_HL_A|VH50T,EH64K,QL28S,YL52N,YH59E",1.5872209,1.9369814,1,2
"2B2X_HL_A|VH50T,EH64K,QL28S,YL52R",1.8880546,1.535479,1,2
"2B2X_HL_A|VH50T,EH64K,YL52N",0.28173435,0.8672055,1,2
"2B2X_HL_A|VH50T,EH64N,QL28S,YL52N",1.0069425,1.3085399,1,2
"2B2X_HL_A|VH50T,EH64Q,QL28S,YL52N",0.96559924,1.2318213,1,2
"2B2X_HL_A|VH50T,EH64Q,QL28S,YL52N,LH60D",1.0862032,1.0590323,1,2
"2B2X_HL_A|VH50T,QL28S,YL52N",0.96559924,1.0099953,1,2
"2B2X_HL_A|VH50T,QL28S,YL52N,LH60D",0.90141344,0.85604167,1,2
"2B2X_HL_A|VH50T,YL52N",0.18636756,0.28644502,1,2
2B2X_HL_A|YL52E,-0.22410508,0.029575428,1,2
2VIR_AB_C|SC115L,3.680209,0.7746701,1,2
2VIR_AB_C|TC89I,4.0,3.3583744,1,2
"3G6D_LH_A|EL3V,GL76R,TL77V,QL78E,EL80G",0.13981691,0.97588044,1,2
"3G6D_LH_A|EL3V,GL76R,TL77V,QL78E,EL80G,DH54N",0.111178115,1.4021268,1,2
"3G6D_LH_A|EL3V,GL76R,TL77V,QL78E,EL80G,TL89S,ML92I,VL93D,TL94K",0.27145106,0.5153989,1,2
3G6D_LH_A|HH104A,-0.9530879,0.18845934,1,2
"3G6D_LH_A|KH210T,KH215T",-0.13294782,-0.44313148,1,2
"3G6D_LH_A|TL89S,ML92I,VL93D,TL94K",0.7979767,-0.7912934,1,2
3G6D_LH_A|WH105A,-1.4965084,1.423582,1,2
"3IDX_HL_G|CG27I,CG242Q",-2.4650376,0.12101361,1,2
"3IDX_HL_G|CG27I,CG242Q,MG247A",-2.1736174,0.09834239,1,2
"3IDX_HL_G|KG85C,EG121C,CG27I,CG242Q",-2.3776865,0.39587972,1,2
"3IDX_HL_G|KG85C,EG121C,WG13M,MG247A,CG14W,CG129V,CG27I,CG242Q",-2.1922898,0.08678204,1,2
"3IDX_HL_G|KG85C,EG122C,WG13M,MG247A,CG14W,CG129V,CG27I,CG242Q",-2.2927184,0.1897603,1,2
"3IDX_HL_G|TG41C,GG245C,MG247A",0.40945426,0.23556551,1,2
"3IDX_HL_G|TG41C,GG245C,WG13M,MG247A,CG14W,CG129V,CG27I,CG242Q",-2.3310676,-0.079984,1,2
"3IDX_HL_G|WG13M,MG247A,CG14W,CG129V",-0.6475391,0.23895231,1,2
"3IDX_HL_G|WG13M,MG247A,CG14W,CG129V,CG27I,CG242Q",-2.3479884,0.2076168,1,2
"3IDX_HL_G|WG13M,MG247A,CG14W,CG129V,KG85C,EG121C",-0.36166522,0.041142713,1,2
"3IDX_HL_G|WG13M,SG111T,WG200S,MG247A,CG14W,CG129V,CG27I,CG242Q",-1.8639641,-0.056882337,1,2
"3L5X_A_HL|EL93F,YL94G",-0.42800838,0.3853863,1,2
"3L5X_A_HL|EL93H,YL94G",-0.7626503,0.7308229,1,2
"3L5X_A_HL|HL91P,NL92I,EL93D,YL94A",-0.6466697,0.6343787,1,2
"3L5X_A_HL|HL91P,NL92L,EL93D,YL94S",-0.6327897,0.86772317,1,2
"3L5X_A_HL|HL91P,NL92L,EL93D,YL94T",-0.81005055,0.95853305,1,2
"3L5X_A_HL|HL91P,NL92L,EL93D,YL94V",-0.85822237,1.1118124,1,2
"3L5X_A_HL|HL91P,NL92L,YL94A",-0.44441348,0.66804177,1,2
"3L5X_A_HL|HL91Q,NL92D,EL93I,YL94G",-1.5503801,0.19213524,1,2
"3L5X_A_HL|HL91Q,NL92D,EL93L,YL94G",-1.785132,0.040174466,1,2
"3L5X_A_HL|HL91Q,NL92D,EL93Y,YL94G",-1.451453,-0.09194674,1,2
"3L5X_A_HL|NL92D,EL93L,YL94G",-0.42962858,-0.2702539,1,2
"3L5X_A_HL|NL92D,EL93N,YL94S",-0.53403836,0.47328624,1,2
"3L5X_A_HL|NL92D,EL93P,YL94G",-1.4699602,0.17675754,1,2
"3L5X_A_HL|NL92D,EL93R,YL94D",-0.52253926,-0.5037024,1,2
"3L5X_A_HL|NL92D,EL93W,YL94E",-1.1963489,-0.36658758,1,2
"3L5X_A_HL|NL92D,EL93W,YL94G",-1.6825228,-0.4262923,1,2
"3L5X_A_HL|NL92D,EL93W,YL94S",-0.71612674,-0.13584074,1,2
"3L5X_A_HL|NL92D,EL93Y,YL94A",-0.8069743,-0.0050113797,1,2
"3L5X_A_HL|NL92E,EL93S,YL94G",-1.2653587,0.051471233,1,2
"3L5X_A_HL|NL92E,EL93W,YL94G",-1.5503801,-0.38496968,1,2
"3L5X_A_HL|NL92F,EL93W,YL94G",-1.2329907,-0.43763417,1,2
"3L5X_A_HL|NL92L,EL93D,YL94S",-0.6170473,0.6630813,1,2
"3L5X_A_HL|NL92L,EL93L,YL94G",-0.6259698,0.02715486,1,2
"3L5X_A_HL|NL92L,EL93M,YL94G",-0.82567644,0.23083267,1,2
"3L5X_A_HL|NL92L,EL93N,YL94G",-0.6954369,0.2720551,1,2
"3L5X_A_HL|NL92S,EL93H,YL94G",-1.2457265,0.33002508,1,2
"3L5X_A_HL|NL92S,EL93I,YL94G",-0.8069743,0.2116453,1,2
"3L5X_A_HL|NL92S,EL93S,YL94G",-0.24921271,0.050733052,1,2
"3L5X_A_HL|NL92S,EL93V,YL94G",-0.51687235,0.37766823,1,2
"3L5X_A_HL|NL92S,EL93W,YL94A",-0.30302802,0.08013485,1,2
"3L5X_A_HL|NL92S,EL93W,YL94G",-1.2720501,-0.1650627,1,2
"3L5X_A_HL|NL92S,EL93Y,YL94G",-0.9641868,0.007237889,1,2
"3L5X_A_HL|NL92V,EL93G,YL94G",-0.46300006,-0.060591407,1,2
"3L5X_A_HL|NL92V,EL93W,YL94G",-0.83525383,0.0946161,1,2
3L5X_A_HL|YL94A,-0.82885176,0.72618884,1,2
3N85_A_LH|SH32A,-0.13401966,0.99362373,1,2
3N85_A_LH|SH32Y,0.0571225,-0.52166516,1,2
3N85_A_LH|SH50G,0.48767117,-0.76196885,1,2
3N85_A_LH|SH52Y,-0.78460336,-0.93204117,1,2
3N85_A_LH|WH100F,-0.015185109,0.47195074,1,2
3N85_A_LH|WH30K,-0.78460336,0.7690115,1,2
3N85_A_LH|WH30R,-0.5539675,-0.0006560683,1,2
3N85_A_LH|WL91F,0.13959166,0.38168007,1,2
3N85_A_LH|WL94Y,-0.03871881,0.12360628,1,2
3SE8_HL_G|DH110A,-0.38934898,-0.07438233,1,2
3SE8_HL_G|DH114A,-0.2441398,1.7525721,1,2
3SE8_HL_G|DL49A,0.8558488,1.1583364,1,2
3SE8_HL_G|EL1A,-0.5565174,0.027307939,1,2
3SE8_HL_G|EL91A,1.513491,1.2135556,1,2
3SE8_HL_G|FH115A,1.0676043,2.108895,1,2
3SE8_HL_G|FL90A,-0.8640972,0.6916672,1,2
3SE8_HL_G|FL92A,0.8323254,0.5731449,1,2
3SE8_HL_G|GH56A,0.3570972,0.51378006,1,2
3SE8_HL_G|KH52A,1.1114144,0.26399493,1,2
3SE8_HL_G|LH54A,0.054776184,-0.1329233,1,2
3SE8_HL_G|NL30A,0.19434923,1.0784225,1,2
3SE8_HL_G|PH78A,0.01881787,0.23083991,1,2
3SE8_HL_G|PH81A,-0.07091986,0.7252363,1,2
3SE8_HL_G|QH63A,1.1144251,-0.29675823,1,2
3SE8_HL_G|QH65A,0.54980505,0.20592505,1,2
3SE8_HL_G|QH76A,0.09689985,0.13088922,1,2
3SE8_HL_G|QL27A,-0.21612903,0.041581288,1,2
3SE8_HL_G|RH30A,-0.03949762,0.18195534,1,2
3SE8_HL_G|RH62A,1.2061691,0.2797792,1,2
3SE8_HL_G|RH72A,2.6444623,1.6555574,1,2
3SE8_HL_G|SH59A,1.1508402,0.12946726,1,2
3SE8_HL_G|VH58A,1.2496852,0.61821085,1,2
3SE8_HL_G|WH47A,1.4751467,1.8364995,1,2
3SE8_HL_G|WH50A,1.333526,1.9957348,1,2
3SE8_HL_G|WH55A,0.7611056,-0.11768872,1,2
3SE8_HL_G|YH111A,0.82992166,0.70541745,1,2
3SE8_HL_G|YH60A,0.8558488,0.8943896,1,2
4KRL_A_B|DB112A,0.6496817,2.5648694,1,2
5C6T_HL_A|EA194A,1.0906719,0.67706656,1,2
5C6T_HL_A|FA192A,1.9972014,1.8253373,1,2
5C6T_HL_A|FA199A,2.7581792,2.252583,1,2
5C6T_HL_A|FA200A,0.41047263,0.79751027,1,2
5C6T_HL_A|FH99A,1.4600298,0.44909814,1,2
5C6T_HL_A|IA201A,0.88561165,0.11692767,1,2
5C6T_HL_A|NA183A,0.28399685,0.97470134,1,2
5C6T_HL_A|NA186A,0.3630724,0.018088944,1,2
5C6T_HL_A|NA188A,-0.36658686,0.093538895,1,2
"5C6T_HL_A|NA195A,DA197A",0.58650106,0.8396839,1,2
5C6T_HL_A|NH97A,1.5258962,0.20170337,1,2
5C6T_HL_A|RH31S,0.3115454,0.63892347,1,2
5C6T_HL_A|RL48A,0.1229613,1.1053696,1,2
5C6T_HL_A|SH32A,-0.8683455,0.55232143,1,2
5C6T_HL_A|TA185A,0.33786914,1.1423353,1,2
5C6T_HL_A|YA182A,3.2083547,0.35095614,1,2
"5C6T_HL_A|YA182A,NA195A,DA197A",2.942425,1.1656744,1,2
5C6T_HL_A|YH104A,0.3630724,1.2644203,1,2
5C6T_HL_A|YH98A,1.7166799,0.8163293,1,2
5C6T_HL_A|YL47A,0.5516565,2.423118,1,2
1KIP_AB_C|AB32Y,-0.8005932,-1.0658776,1,3
1XGU_AB_C|FB33A,4.0,3.5085297,1,3
1XGU_AB_C|FB33I,1.8004549,1.9340482,1,3
1XGU_AB_C|FB33L,1.8617703,2.2017703,1,3
1XGU_AB_C|FB33V,2.9080825,3.0158863,1,3
2B2X_HL_A|EH64K,-0.033433665,0.29153955,1,3
"2B2X_HL_A|EH64K,QL28S,YL52N",0.911615,0.83948946,1,3
"2B2X_HL_A|EH64K,QL28S,YL52N,GH102S",2.7106705,1.0861967,1,3
"2B2X_HL_A|EH64K,QL28S,YL52N,SH35A",3.119054,1.598942,1,3
"2B2X_HL_A|EH64K,QL28S,YL52N,SH35V",3.770335,1.5302683,1,3
"2B2X_HL_A|EH64K,YL52N",0.34853002,0.79198474,1,3
"2B2X_HL_A|QL28S,YL52N",0.8626942,0.25996342,1,3
2B2X_HL_A|VH50T,0.024054652,-0.48757607,1,3
"2B2X_HL_A|VH50T,EH64D,QL28S,YL52N",0.87177193,0.20570548,1,3
"2B2X_HL_A|VH50T,EH64K,QL28S",0.991589,0.4463831,1,3
"2B2X_HL_A|VH50T,EH64K,QL28S,YL52D",1.5439764,0.52250767,1,3
"2B2X_HL_A|VH50T,EH64K,QL28S,YL52E",0.95452905,0.8771675,1,3
"2B2X_HL_A|VH50T,EH64K,QL28S,YL52K",1.7007239,1.2751443,1,3
"2B2X_HL_A|VH50T,EH64K,QL28S,YL52N",1.043214,0.8772027,1,3
"2B2X_HL_A|VH50T,EH64K,QL28S,YL52N,FH99W",1.043214,0.84110665,1,3
"2B2X_HL_A|VH50T,EH64K,QL28S,YL52N,FH99Y",1.7978828,0.68819046,1,3
"2B2X_HL_A|VH50T,EH64K,QL28S,YL52N,GH100F",1.4322319,0.83692765,1,3
"2B2X_HL_A|VH50T,EH64K,QL28S,YL52N,GH100L",3.770335,1.4292123,1,3
"2B2X_HL_A|VH50T,EH64K,QL28S,YL52N,GH100M",1.145348,1.213844,1,3
"2B2X_HL_A|VH50T,EH64K,QL28S,YL52N,GH100S",1.6009614,1.1962013,1,3
"2B2X_HL_A|VH50T,EH64K,QL28S,YL52N,GH53A",1.5558206,1.1667775,1,3
"2B2X_HL_A|VH50T,EH64K,QL28S,YL52N,GH53N",2.2985272,1.1557868,1,3
"2B2X_HL_A|VH50T,EH64K,QL28S,YL52N,GH53S",1.7188073,0.874428,1,3
"2B2X_HL_A|VH50T,EH64K,QL28S,YL52N,GH54I",2.4067745,1.1309565,1,3
"2B2X_HL_A|VH50T,EH64K,QL28S,YL52N,GH54T",2.2073808,1.3109524,1,3
"2B2X_HL_A|VH50T,EH64K,QL28S,YL52N,GH54Y",1.043214,0.78718096,1,3
"2B2X_HL_A|VH50T,EH64K,QL28S,YL52N,GL92Q",2.6158988,1.239676,1,3
"2B2X_HL_A|VH50T,EH64K,QL28S,YL52N,GL92S",1.5558206,0.94038075,1,3
"2B2X_HL_A|VH50T,EH64K,QL28S,YL52N,HL31K",2.2073808,1.1836032,1,3
"2B2X_HL_A|VH50T,EH64K,QL28S,YL52N,HL31R",2.1670115,0.7675023,1,3
"2B2X_HL_A|VH50T,EH64K,QL28S,YL52N,HL31W",2.2985272,0.7075281,1,3
"2B2X_HL_A|VH50T,EH64K,QL28S,YL52N,LH60D",0.981894,0.5508887,1,3
"2B2X_HL_A|VH50T,EH64K,QL28S,YL52N,LL49F",1.7554936,0.7067662,1,3
"2B2X_HL_A|VH50T,EH64K,QL28S,YL52N,LL49K",1.9044149,1.1238769,1,3
"2B2X_HL_A|VH50T,EH64K,QL28S,YL52N,LL49W",2.9507816,0.75061613,1,3
"2B2X_HL_A|VH50T,EH64K,QL28S,YL52N,NL30V",2.0925434,1.0476075,1,3
"2B2X_HL_A|VH50T,EH64K,QL28S,YL52N,NL30W",2.6158988,1.0678078,1,3
"2B2X_HL_A|VH50T,EH64K,QL28S,YL52N,NL30Y",2.9507816,0.92250216,1,3
"2B2X_HL_A|VH50T,EH64K,QL28S,YL52N,NL30Y,SL91I",1.4775821,1.2137045,1,3
"2B2X_HL_A|VH50T,EH64K,QL28S,YL52N,RH31Q",2.350542,0.9644462,1,3
"2B2X_HL_A|VH50T,EH64K,QL28S,YL52N,SH35A",2.6158988,1.5952168,1,3
"2B2X_HL_A|VH50T,EH64K,QL28S,YL52N,SH35A,GH102S",2.6158988,1.8719051,1,3
"2B2X_HL_A|VH50T,EH64K,QL28S,YL52N,SH35Q",3.770335,1.543936,1,3
"2B2X_HL_A|VH50T,EH64K,QL28S,YL52N,SH35V,GH102S",2.4688888,1.8160533,1,3
"2B2X_HL_A|VH50T,EH64K,QL28S,YL52N,SH52M",3.119054,1.1020607,1,3
"2B2X_HL_A|VH50T,EH64K,QL28S,YL52N,SL24R",0.82788163,0.9240435,1,3
"2B2X_HL_A|VH50T,EH64K,QL28S,YL52N,SL91Q",2.8172472,1.2648395,1,3
"2B2X_HL_A|VH50T,EH64K,QL28S,YL52N,SL91R",3.770335,1.0976462,1,3
"2B2X_HL_A|VH50T,EH64K,QL28S,YL52N,SL91R,NL30E",3.770335,1.4052413,1,3
"2B2X_HL_A|VH50T,EH64K,QL28S,YL52N,SL91T",3.3598623,1.2694378,1,3
"2B2X_HL_A|VH50T,EH64K,QL28S,YL52N,TH33E,GH53Q",2.7106705,1.3954773,1,3
"2B2X_HL_A|VH50T,EH64K,QL28S,YL52N,TH33I,SH52T,GH53N,GH54N",2.9507816,2.0483112,1,3
"2B2X_HL_A|VH50T,EH64K,QL28S,YL52N,TH33I,SH52T,GH53Q,GH54F",2.2985272,1.9225514,1,3
"2B2X_HL_A|VH50T,EH64K,QL28S,YL52N,TH33N",3.770335,0.96021545,1,3
"2B2X_HL_A|VH50T,EH64K,QL28S,YL52N,TH33V",1.4775821,0.89808357,1,3
"2B2X_HL_A|VH50T,EH64K,QL28S,YL52N,WL90Q",3.119054,1.507095,1,3
"2B2X_HL_A|VH50T,EH64K,QL28S,YL52N,WL90Q,FL33Y",1.914233,1.2767086,1,3
"2B2X_HL_A|VH50T,EH64K,QL28S,YL52N,YH58E",3.119054,1.3799845,1,3
"2B2X_HL_A|VH50T,EH64K,QL28S,YL52N,YH58Q",3.119054,1.7124355,1,3
"2B2X_HL_A|VH50T,EH64K,QL28S,YL52N,YH58W",1.8641591,0.7611048,1,3
"2B2X_HL_A|VH50T,EH64K,QL28S,YL52N,YH59E",1.5872209,1.0613033,1,3
"2B2X_HL_A|VH50T,EH64K,QL28S,YL52R",1.8880546,0.9088835,1,3
"2B2X_HL_A|VH50T,EH64K,YL52N",0.28173435,0.7964681,1,3
"2B2X_HL_A|VH50T,EH64N,QL28S,YL52N",1.0069425,0.5138081,1,3
"2B2X_HL_A|VH50T,EH64Q,QL28S,YL52N",0.96559924,0.56503946,1,3
"2B2X_HL_A|VH50T,EH64Q,QL28S,YL52N,LH60D",1.0862032,0.29894808,1,3
"2B2X_HL_A|VH50T,QL28S,YL52N",0.96559924,0.29267636,1,3
"2B2X_HL_A|VH50T,QL28S,YL52N,LH60D",0.90141344,-0.029693872,1,3
"2B2X_HL_A|VH50T,YL52N",0.18636756,0.19987954,1,3
2B2X_HL_A|YL52E,-0.22410508,0.20382176,1,3
2VIR_AB_C|SC115L,3.680209,1.1935929,1,3
2VIR_AB_C|TC89I,4.0,3.012603,1,3
"3G6D_LH_A|EL3V,GL76R,TL77V,QL78E,EL80G",0.13981691,0.26035756,1,3
"3G6D_LH_A|EL3V,GL76R,TL77V,QL78E,EL80G,DH54N",0.111178115,0.62603617,1,3
"3G6D_LH_A|EL3V,GL76R,TL77V,QL78E,EL80G,TL89S,ML92I,VL93D,TL94K",0.27145106,0.59319824,1,3
3G6D_LH_A|HH104A,-0.9530879,-0.119485416,1,3
"3G6D_LH_A|KH210T,KH215T",-0.13294782,-0.41965657,1,3
"3G6D_LH_A|TL89S,ML92I,VL93D,TL94K",0.7979767,0.21304786,1,3
3G6D_LH_A|WH105A,-1.4965084,1.9368113,1,3
"3IDX_HL_G|CG27I,CG242Q",-2.4650376,0.059826262,1,3
"3IDX_HL_G|CG27I,CG242Q,MG247A",-2.1736174,0.027834835,1,3
"3IDX_HL_G|KG85C,EG121C,CG27I,CG242Q",-2.3776865,0.12200972,1,3
"3IDX_HL_G|KG85C,EG121C,WG13M,MG247A,CG14W,CG129V,CG27I,CG242Q",-2.1922898,0.14857206,1,3
"3IDX_HL_G|KG85C,EG122C,WG13M,MG247A,CG14W,CG129V,CG27I,CG242Q",-2.2927184,0.18455073,1,3
"3IDX_HL_G|TG41C,GG245C,MG247A",0.40945426,-0.0019520428,1,3
"3IDX_HL_G|TG41C,GG245C,WG13M,MG247A,CG14W,CG129V,CG27I,CG242Q",-2.3310676,0.21095923,1,3
"3IDX_HL_G|WG13M,MG247A,CG14W,CG129V",-0.6475391,0.1969024,1,3
"3IDX_HL_G|WG13M,MG247A,CG14W,CG129V,CG27I,CG242Q",-2.3479884,0.179353,1,3
"3IDX_HL_G|WG13M,MG247A,CG14W,CG129V,KG85C,EG121C",-0.36166522,0.3098966,1,3
"3IDX_HL_G|WG13M,SG111T,WG200S,MG247A,CG14W,CG129V,CG27I,CG242Q",-1.8639641,-0.007707281,1,3
"3L5X_A_HL|EL93F,YL94G",-0.42800838,0.14528212,1,3
"3L5X_A_HL|EL93H,YL94G",-0.7626503,0.45726427,1,3
"3L5X_A_HL|HL91P,NL92I,EL93D,YL94A",-0.6466697,0.88503444,1,3
"3L5X_A_HL|HL91P,NL92L,EL93D,YL94S",-0.6327897,0.57286376,1,3
"3L5X_A_HL|HL91P,NL92L,EL93D,YL94T",-0.81005055,0.8112142,1,3
"3L5X_A_HL|HL91P,NL92L,EL93D,YL94V",-0.85822237,0.7500529,1,3
"3L5X_A_HL|HL91P,NL92L,YL94A",-0.44441348,1.0633866,1,3
"3L5X_A_HL|HL91Q,NL92D,EL93I,YL94G",-1.5503801,0.38774717,1,3
"3L5X_A_HL|HL91Q,NL92D,EL93L,YL94G",-1.785132,0.4339942,1,3
"3L5X_A_HL|HL91Q,NL92D,EL93Y,YL94G",-1.451453,-0.27450663,1,3
"3L5X_A_HL|NL92D,EL93L,YL94G",-0.42962858,0.283966,1,3
"3L5X_A_HL|NL92D,EL93N,YL94S",-0.53403836,0.12701401,1,3
"3L5X_A_HL|NL92D,EL93P,YL94G",-1.4699602,0.5233716,1,3
"3L5X_A_HL|NL92D,EL93R,YL94D",-0.52253926,0.25860193,1,3
"3L5X_A_HL|NL92D,EL93W,YL94E",-1.1963489,-0.09136894,1,3
"3L5X_A_HL|NL92D,EL93W,YL94G",-1.6825228,-0.124032274,1,3
"3L5X_A_HL|NL92D,EL93W,YL94S",-0.71612674,-0.21218438,1,3
"3L5X_A_HL|NL92D,EL93Y,YL94A",-0.8069743,-0.07128037,1,3
"3L5X_A_HL|NL92E,EL93S,YL94G",-1.2653587,0.15818761,1,3
"3L5X_A_HL|NL92E,EL93W,YL94G",-1.5503801,0.029522674,1,3
"3L5X_A_HL|NL92F,EL93W,YL94G",-1.2329907,-0.3100514,1,3
"3L5X_A_HL|NL92L,EL93D,YL94S",-0.6170473,0.23393445,1,3
"3L5X_A_HL|NL92L,EL93L,YL94G",-0.6259698,0.43257624,1,3
"3L5X_A_HL|NL92L,EL93M,YL94G",-0.82567644,0.4532493,1,3
"3L5X_A_HL|NL92L,EL93N,YL94G",-0.6954369,0.37938547,1,3
"3L5X_A_HL|NL92S,EL93H,YL94G",-1.2457265,0.4334769,1,3
"3L5X_A_HL|NL92S,EL93I,YL94G",-0.8069743,0.2548312,1,3
"3L5X_A_HL|NL92S,EL93S,YL94G",-0.24921271,-0.04898253,1,3
"3L5X_A_HL|NL92S,EL93V,YL94G",-0.51687235,0.18681027,1,3
"3L5X_A_HL|NL92S,EL93W,YL94A",-0.30302802,0.07130983,1,3
"3L5X_A_HL|NL92S,EL93W,YL94G",-1.2720501,-0.16016239,1,3
"3L5X_A_HL|NL92S,EL93Y,YL94G",-0.9641868,-0.26930165,1,3
"3L5X_A_HL|NL92V,EL93G,YL94G",-0.46300006,0.12697613,1,3
"3L5X_A_HL|NL92V,EL93W,YL94G",-0.83525383,0.058366247,1,3
3L5X_A_HL|YL94A,-0.82885176,0.4743351,1,3
3N85_A_LH|SH32A,-0.13401966,1.0486443,1,3
3N85_A_LH|SH32Y,0.0571225,0.072798274,1,3
3N85_A_LH|SH50G,0.48767117,-0.4276296,1,3
3N85_A_LH|SH52Y,-0.78460336,-0.92662334,1,3
3N85_A_LH|WH100F,-0.015185109,0.21730188,1,3
3N85_A_LH|WH30K,-0.78460336,0.53748053,1,3
3N85_A_LH|WH30R,-0.5539675,0.19279957,1,3
3N85_A_LH|WL91F,0.13959166,0.8422883,1,3
3N85_A_LH|WL94Y,-0.03871881,-0.53152376,1,3
3SE8_HL_G|DH110A,-0.38934898,0.061784238,1,3
3SE8_HL_G|DH114A,-0.2441398,1.0247861,1,3
3SE8_HL_G|DL49A,0.8558488,1.6659464,1,3
3SE8_HL_G|EL1A,-0.5565174,-0.30137634,1,3
3SE8_HL_G|EL91A,1.513491,1.2453247,1,3
3SE8_HL_G|FH115A,1.0676043,0.982461,1,3
3SE8_HL_G|FL90A,-0.8640972,0.80306345,1,3
3SE8_HL_G|FL92A,0.8323254,0.41759378,1,3
3SE8_HL_G|GH56A,0.3570972,1.1550506,1,3
3SE8_HL_G|KH52A,1.1114144,0.61608356,1,3
3SE8_HL_G|LH54A,0.054776184,0.1298303,1,3
3SE8_HL_G|NL30A,0.19434923,0.7846563,1,3
3SE8_HL_G|PH78A,0.01881787,-0.02919151,1,3
3SE8_HL_G|PH81A,-0.07091986,0.19494897,1,3
3SE8_HL_G|QH63A,1.1144251,0.107115984,1,3
3SE8_HL_G|QH65A,0.54980505,0.1744278,1,3
3SE8_HL_G|QH76A,0.09689985,0.14249615,1,3
3SE8_HL_G|QL27A,-0.21612903,0.00043861382,1,3
3SE8_HL_G|RH30A,-0.03949762,0.5568084,1,3
3SE8_HL_G|RH62A,1.2061691,0.28374264,1,3
3SE8_HL_G|RH72A,2.6444623,1.4100784,1,3
3SE8_HL_G|SH59A,1.1508402,0.64638543,1,3
3SE8_HL_G|VH58A,1.2496852,0.92224985,1,3
3SE8_HL_G|WH47A,1.4751467,1.4538022,1,3
3SE8_HL_G|WH50A,1.333526,2.215581,1,3
3SE8_HL_G|WH55A,0.7611056,0.4787353,1,3
3SE8_HL_G|YH111A,0.82992166,0.5324649,1,3
3SE8_HL_G|YH60A,0.8558488,0.63376117,1,3
4KRL_A_B|DB112A,0.6496817,1.5027752,1,3
5C6T_HL_A|EA194A,1.0906719,0.6713238,1,3
5C6T_HL_A|FA192A,1.9972014,1.0492842,1,3
5C6T_HL_A|FA199A,2.7581792,1.2449073,1,3
5C6T_HL_A|FA200A,0.41047263,0.74248004,1,3
5C6T_HL_A|FH99A,1.4600298,-0.13517144,1,3
5C6T_HL_A|IA201A,0.88561165,-0.3393988,1,3
5C6T_HL_A|NA183A,0.28399685,1.2539042,1,3
5C6T_HL_A|NA186A,0.3630724,-0.16608551,1,3
5C6T_HL_A|NA188A,-0.36658686,0.7456616,1,3
"5C6T_HL_A|NA195A,DA197A",0.58650106,0.9958479,1,3
5C6T_HL_A|NH97A,1.5258962,0.42342216,1,3
5C6T_HL_A|RH31S,0.3115454,0.051289834,1,3
5C6T_HL_A|RL48A,0.1229613,1.3852042,1,3
5C6T_HL_A|SH32A,-0.8683455,0.84627616,1,3
5C6T_HL_A|TA185A,0.33786914,0.70736235,1,3
5C6T_HL_A|YA182A,3.2083547,0.7951555,1,3
"5C6T_HL_A|YA182A,NA195A,DA197A",2.942425,1.4896083,1,3
5C6T_HL_A|YH104A,0.3630724,0.99755424,1,3
5C6T_HL_A|YH98A,1.7166799,0.7022435,1,3
5C6T_HL_A|YL47A,0.5516565,1.7032002,1,3
1KIP_AB_C|AB32Y,-0.8005932,-1.4341635,1,4
1XGU_AB_C|FB33A,4.0,3.6922445,1,4
1XGU_AB_C|FB33I,1.8004549,1.8190695,1,4
1XGU_AB_C|FB33L,1.8617703,1.9497467,1,4
1XGU_AB_C|FB33V,2.9080825,2.798119,1,4
2B2X_HL_A|EH64K,-0.033433665,0.018028015,1,4
"2B2X_HL_A|EH64K,QL28S,YL52N",0.911615,-0.05259563,1,4
"2B2X_HL_A|EH64K,QL28S,YL52N,GH102S",2.7106705,0.30960757,1,4
"2B2X_HL_A|EH64K,QL28S,YL52N,SH35A",3.119054,0.28430653,1,4
"2B2X_HL_A|EH64K,QL28S,YL52N,SH35V",3.770335,0.36813807,1,4
"2B2X_HL_A|EH64K,YL52N",0.34853002,0.40539935,1,4
"2B2X_HL_A|QL28S,YL52N",0.8626942,-0.30909052,1,4
2B2X_HL_A|VH50T,0.024054652,-0.053552493,1,4
"2B2X_HL_A|VH50T,EH64D,QL28S,YL52N",0.87177193,-0.066069804,1,4
"2B2X_HL_A|VH50T,EH64K,QL28S",0.991589,0.014640162,1,4
"2B2X_HL_A|VH50T,EH64K,QL28S,YL52D",1.5439764,-0.21680395,1,4
"2B2X_HL_A|VH50T,EH64K,QL28S,YL52E",0.95452905,0.05609799,1,4
"2B2X_HL_A|VH50T,EH64K,QL28S,YL52K",1.7007239,0.9835207,1,4
"2B2X_HL_A|VH50T,EH64K,QL28S,YL52N",1.043214,0.3105409,1,4
"2B2X_HL_A|VH50T,EH64K,QL28S,YL52N,FH99W",1.043214,0.14728613,1,4
"2B2X_HL_A|VH50T,EH64K,QL28S,YL52N,FH99Y",1.7978828,0.16394989,1,4
"2B2X_HL_A|VH50T,EH64K,QL28S,YL52N,GH100F",1.4322319,-0.055095047,1,4
"2B2X_HL_A|VH50T,EH64K,QL28S,YL52N,GH100L",3.770335,0.16727352,1,4
"2B2X_HL_A|VH50T,EH64K,QL28S,YL52N,GH100M",1.145348,0.37811282,1,4
"2B2X_HL_A|VH50T,EH64K,QL28S,YL52N,GH100S",1.6009614,0.4471799,1,4
"2B2X_HL_A|VH50T,EH64K,QL28S,YL52N,GH53A",1.5558206,0.58416265,1,4
"2B2X_HL_A|VH50T,EH64K,QL28S,YL52N,GH53N",2.2985272,0.73511875,1,4
"2B2X_HL_A|VH50T,EH64K,QL28S,YL52N,GH53S",1.7188073,0.5241451,1,4
"2B2X_HL_A|VH50T,EH64K,QL28S,YL52N,GH54I",2.4067745,0.38701534,1,4
"2B2X_HL_A|VH50T,EH64K,QL28S,YL52N,GH54T",2.2073808,0.5751688,1,4
"2B2X_HL_A|VH50T,EH64K,QL28S,YL52N,GH54Y",1.043214,0.3202034,1,4
"2B2X_HL_A|VH50T,EH64K,QL28S,YL52N,GL92Q",2.6158988,0.7923586,1,4
"2B2X_HL_A|VH50T,EH64K,QL28S,YL52N,GL92S",1.5558206,0.40222687,1,4
"2B2X_HL_A|VH50T,EH64K,QL28S,YL52N,HL31K",2.2073808,0.94009423,1,4
"2B2X_HL_A|VH50T,EH64K,QL28S,YL52N,HL31R",2.1670115,0.37937602,1,4
"2B2X_HL_A|VH50T,EH64K,QL28S,YL52N,HL31W",2.2985272,0.27403066,1,4
"2B2X_HL_A|VH50T,EH64K,QL28S,YL52N,LH60D",0.981894,0.25389904,1,4
"2B2X_HL_A|VH50T,EH64K,QL28S,YL52N,LL49F",1.7554936,0.23447205,1,4
"2B2X_HL_A|VH50T,EH64K,QL28S,YL52N,LL49K",1.9044149,0.6420711,1,4
"2B2X_HL_A|VH50T,EH64K,QL28S,YL52N,LL49W",2.9507816,0.21654578,1,4
"2B2X_HL_A|VH50T,EH64K,QL28S,YL52N,NL30V",2.0925434,0.1055536,1,4
"2B2X_HL_A|VH50T,EH64K,QL28S,YL52N,NL30W",2.6158988,0.3068783,1,4
"2B2X_HL_A|VH50T,EH64K,QL28S,YL52N,NL30Y",2.9507816,0.2547788,1,4
"2B2X_HL_A|VH50T,EH64K,QL28S,YL52N,NL30Y,SL91I",1.4775821,0.2643833,1,4
"2B2X_HL_A|VH50T,EH64K,QL28S,YL52N,RH31Q",2.350542,0.36395016,1,4
"2B2X_HL_A|VH50T,EH64K,QL28S,YL52N,SH35A",2.6158988,0.76847696,1,4
"2B2X_HL_A|VH50T,EH64K,QL28S,YL52N,SH35A,GH102S",2.6158988,0.9630453,1,4
"2B2X_HL_A|VH50T,EH64K,QL28S,YL52N,SH35Q",3.770335,0.99680704,1,4
"2B2X_HL_A|VH50T,EH64K,QL28S,YL52N,SH35V,GH102S",2.4688888,1.0513097,1,4
"2B2X_HL_A|VH50T,EH64K,QL28S,YL52N,SH52M",3.119054,0.41251847,1,4
"2B2X_HL_A|VH50T,EH64K,QL28S,YL52N,SL24R",0.82788163,0.24214984,1,4
"2B2X_HL_A|VH50T,EH64K,QL28S,YL52N,SL91Q",2.8172472,0.7527134,1,4
"2B2X_HL_A|VH50T,EH64K,QL28S,YL52N,SL91R",3.770335,0.54320157,1,4
"2B2X_HL_A|VH50T,EH64K,QL28S,YL52N,SL91R,NL30E",3.770335,1.096494,1,4
"2B2X_HL_A|VH50T,EH64K,QL28S,YL52N,SL91T",3.3598623,0.28921357,1,4
"2B2X_HL_A|VH50T,EH64K,QL28S,YL52N,TH33E,GH53Q",2.7106705,1.482278,1,4
"2B2X_HL_A|VH50T,EH64K,QL28S,YL52N,TH33I,SH52T,GH53N,GH54N",2.9507816,1.6677438,1,4
"2B2X_HL_A|VH50T,EH64K,QL28S,YL52N,TH33I,SH52T,GH53Q,GH54F",2.2985272,1.6211538,1,4
"2B2X_HL_A|VH50T,EH64K,QL28S,YL52N,TH33N",3.770335,0.74960977,1,4
"2B2X_HL_A|VH50T,EH64K,QL28S,YL52N,TH33V",1.4775821,0.5777681,1,4
"2B2X_HL_A|VH50T,EH64K,QL28S,YL52N,WL90Q",3.119054,1.2206942,1,4
"2B2X_HL_A|VH50T,EH64K,QL28S,YL52N,WL90Q,FL33Y",1.914233,1.4147187,1,4
"2B2X_HL_A|VH50T,EH64K,QL28S,YL52N,YH58E",3.119054,0.4957061,1,4
"2B2X_HL_A|VH50T,EH64K,QL28S,YL52N,YH58Q",3.119054,1.0530335,1,4
"2B2X_HL_A|VH50T,EH64K,QL28S,YL52N,YH58W",1.8641591,0.4147586,1,4
"2B2X_HL_A|VH50T,EH64K,QL28S,YL52N,YH59E",1.5872209,0.5576064,1,4
"2B2X_HL_A|VH50T,EH64K,QL28S,YL52R",1.8880546,0.54140127,1,4
"2B2X_HL_A|VH50T,EH64K,YL52N",0.28173435,0.72701144,1,4
"2B2X_HL_A|VH50T,EH64N,QL28S,YL52N",1.0069425,0.16998962,1,4
"2B2X_HL_A|VH50T,EH64Q,QL28S,YL52N",0.96559924,0.19536267,1,4
"2B2X_HL_A|VH50T,EH64Q,QL28S,YL52N,LH60D",1.0862032,0.115457974,1,4
"2B2X_HL_A|VH50T,QL28S,YL52N",0.96559924,0.0846832,1,4
"2B2X_HL_A|VH50T,QL28S,YL52N,LH60D",0.90141344,-0.05990518,1,4
"2B2X_HL_A|VH50T,YL52N",0.18636756,0.5551229,1,4
2B2X_HL_A|YL52E,-0.22410508,-0.22217627,1,4
2VIR_AB_C|SC115L,3.680209,1.4321173,1,4
2VIR_AB_C|TC89I,4.0,3.8075438,1,4
"3G6D_LH_A|EL3V,GL76R,TL77V,QL78E,EL80G",0.13981691,0.14179279,1,4
"3G6D_LH_A|EL3V,GL76R,TL77V,QL78E,EL80G,DH54N",0.111178115,0.7707312,1,4
"3G6D_LH_A|EL3V,GL76R,TL77V,QL78E,EL80G,TL89S,ML92I,VL93D,TL94K",0.27145106,0.12877174,1,4
3G6D_LH_A|HH104A,-0.9530879,0.11582623,1,4
"3G6D_LH_A|KH210T,KH215T",-0.13294782,-0.5382333,1,4
"3G6D_LH_A|TL89S,ML92I,VL93D,TL94K",0.7979767,-0.07441137,1,4
3G6D_LH_A|WH105A,-1.4965084,2.1481583,1,4
"3IDX_HL_G|CG27I,CG242Q",-2.4650376,0.20965396,1,4
"3IDX_HL_G|CG27I,CG242Q,MG247A",-2.1736174,0.13280441,1,4
"3IDX_HL_G|KG85C,EG121C,CG27I,CG242Q",-2.3776865,-0.092780896,1,4
"3IDX_HL_G|KG85C,EG121C,WG13M,MG247A,CG14W,CG129V,CG27I,CG242Q",-2.1922898,0.48379156,1,4
"3IDX_HL_G|KG85C,EG122C,WG13M,MG247A,CG14W,CG129V,CG27I,CG242Q",-2.2927184,0.5877861,1,4
"3IDX_HL_G|TG41C,GG245C,MG247A",0.40945426,-0.0043078307,1,4
"3IDX_HL_G|TG41C,GG245C,WG13M,MG247A,CG14W,CG129V,CG27I,CG242Q",-2.3310676,0.6068627,1,4
"3IDX_HL_G|WG13M,MG247A,CG14W,CG129V",-0.6475391,0.23928128,1,4
"3IDX_HL_G|WG13M,MG247A,CG14W,CG129V,CG27I,CG242Q",-2.3479884,0.6178419,1,4
"3IDX_HL_G|WG13M,MG247A,CG14W,CG129V,KG85C,EG121C",-0.36166522,0.09868661,1,4
"3IDX_HL_G|WG13M,SG111T,WG200S,MG247A,CG14W,CG129V,CG27I,CG242Q",-1.8639641,-0.11528466,1,4
"3L5X_A_HL|EL93F,YL94G",-0.42800838,-0.18183106,1,4
"3L5X_A_HL|EL93H,YL94G",-0.7626503,0.1236582,1,4
"3L5X_A_HL|HL91P,NL92I,EL93D,YL94A",-0.6466697,-0.3599148,1,4
"3L5X_A_HL|HL91P,NL92L,EL93D,YL94S",-0.6327897,-0.6220886,1,4
"3L5X_A_HL|HL91P,NL92L,EL93D,YL94T",-0.81005055,-0.74840575,1,4
"3L5X_A_HL|HL91P,NL92L,EL93D,YL94V",-0.85822237,-0.7892805,1,4
"3L5X_A_HL|HL91P,NL92L,YL94A",-0.44441348,-0.6160375,1,4
"3L5X_A_HL|HL91Q,NL92D,EL93I,YL94G",-1.5503801,-0.47586986,1,4
"3L5X_A_HL|HL91Q,NL92D,EL93L,YL94G",-1.785132,-0.70619464,1,4
"3L5X_A_HL|HL91Q,NL92D,EL93Y,YL94G",-1.451453,-0.908858,1,4
"3L5X_A_HL|NL92D,EL93L,YL94G",-0.42962858,-1.0220546,1,4
"3L5X_A_HL|NL92D,EL93N,YL94S",-0.53403836,-0.37715283,1,4
"3L5X_A_HL|NL92D,EL93P,YL94G",-1.4699602,-0.4480371,1,4
"3L5X_A_HL|NL92D,EL93R,YL94D",-0.52253926,-0.47691873,1,4
"3L5X_A_HL|NL92D,EL93W,YL94E",-1.1963489,-1.3752282,1,4
"3L5X_A_HL|NL92D,EL93W,YL94G",-1.6825228,-1.4781245,1,4
"3L5X_A_HL|NL92D,EL93W,YL94S",-0.71612674,-1.5901577,1,4
"3L5X_A_HL|NL92D,EL93Y,YL94A",-0.8069743,-0.9293959,1,4
"3L5X_A_HL|NL92E,EL93S,YL94G",-1.2653587,-1.0205228,1,4
"3L5X_A_HL|NL92E,EL93W,YL94G",-1.5503801,-1.4436922,1,4
"3L5X_A_HL|NL92F,EL93W,YL94G",-1.2329907,-1.3625339,1,4
"3L5X_A_HL|NL92L,EL93D,YL94S",-0.6170473,-1.1154616,1,4
"3L5X_A_HL|NL92L,EL93L,YL94G",-0.6259698,-1.5630199,1,4
"3L5X_A_HL|NL92L,EL93M,YL94G",-0.82567644,-1.206725,1,4
"3L5X_A_HL|NL92L,EL93N,YL94G",-0.6954369,-0.93420154,1,4
"3L5X_A_HL|NL92S,EL93H,YL94G",-1.2457265,-0.3066518,1,4
"3L5X_A_HL|NL92S,EL93I,YL94G",-0.8069743,-0.49809045,1,4
"3L5X_A_HL|NL92S,EL93S,YL94G",-0.24921271,-0.7791328,1,4
"3L5X_A_HL|NL92S,EL93V,YL94G",-0.51687235,-0.5510208,1,4
"3L5X_A_HL|NL92S,EL93W,YL94A",-0.30302802,-1.0556996,1,4
"3L5X_A_HL|NL92S,EL93W,YL94G",-1.2720501,-1.0912505,1,4
"3L5X_A_HL|NL92S,EL93Y,YL94G",-0.9641868,-0.66944575,1,4
"3L5X_A_HL|NL92V,EL93G,YL94G",-0.46300006,-0.99505216,1,4
"3L5X_A_HL|NL92V,EL93W,YL94G",-0.83525383,-1.3679196,1,4
3L5X_A_HL|YL94A,-0.82885176,0.25470707,1,4
3N85_A_LH|SH32A,-0.13401966,0.9859519,1,4
3N85_A_LH|SH32Y,0.0571225,-1.6808087,1,4
3N85_A_LH|SH50G,0.48767117,-0.3232469,1,4
3N85_A_LH|SH52Y,-0.78460336,-1.1277035,1,4
3N85_A_LH|WH100F,-0.015185109,0.80327445,1,4
3N85_A_LH|WH30K,-0.78460336,1.344873,1,4
3N85_A_LH|WH30R,-0.5539675,0.49214533,1,4
3N85_A_LH|WL91F,0.13959166,1.5716786,1,4
3N85_A_LH|WL94Y,-0.03871881,0.121016346,1,4
3SE8_HL_G|DH110A,-0.38934898,-0.0036208946,1,4
3SE8_HL_G|DH114A,-0.2441398,1.6674619,1,4
3SE8_HL_G|DL49A,0.8558488,2.0914369,1,4
3SE8_HL_G|EL1A,-0.5565174,-0.14407201,1,4
3SE8_HL_G|EL91A,1.513491,1.3677692,1,4
3SE8_HL_G|FH115A,1.0676043,2.40638,1,4
3SE8_HL_G|FL90A,-0.8640972,0.83062863,1,4
3SE8_HL_G|FL92A,0.8323254,1.336796,1,4
3SE8_HL_G|GH56A,0.3570972,0.720355,1,4
3SE8_HL_G|KH52A,1.1114144,0.52185094,1,4
3SE8_HL_G|LH54A,0.054776184,1.1302972,1,4
3SE8_HL_G|NL30A,0.19434923,0.5392238,1,4
3SE8_HL_G|PH78A,0.01881787,-0.14682646,1,4
3SE8_HL_G|PH81A,-0.07091986,0.30342826,1,4
3SE8_HL_G|QH63A,1.1144251,-0.06838998,1,4
3SE8_HL_G|QH65A,0.54980505,0.090360545,1,4
3SE8_HL_G|QH76A,0.09689985,0.16822582,1,4
3SE8_HL_G|QL27A,-0.21612903,-0.024368409,1,4
3SE8_HL_G|RH30A,-0.03949762,0.38430417,1,4
3SE8_HL_G|RH62A,1.2061691,0.23575263,1,4
3SE8_HL_G|RH72A,2.6444623,0.81539893,1,4
3SE8_HL_G|SH59A,1.1508402,0.6190229,1,4
3SE8_HL_G|VH58A,1.2496852,0.8761539,1,4
3SE8_HL_G|WH47A,1.4751467,1.8553762,1,4
3SE8_HL_G|WH50A,1.333526,1.3240895,1,4
3SE8_HL_G|WH55A,0.7611056,0.4563301,1,4
3SE8_HL_G|YH111A,0.82992166,-0.079942726,1,4
3SE8_HL_G|YH60A,0.8558488,0.8447966,1,4
4KRL_A_B|DB112A,0.6496817,1.4262317,1,4
5C6T_HL_A|EA194A,1.0906719,0.84124404,1,4
5C6T_HL_A|FA192A,1.9972014,1.8057224,1,4
5C6T_HL_A|FA199A,2.7581792,1.3908844,1,4
5C6T_HL_A|FA200A,0.41047263,1.8108027,1,4
5C6T_HL_A|FH99A,1.4600298,0.7282883,1,4
5C6T_HL_A|IA201A,0.88561165,0.5936189,1,4
5C6T_HL_A|NA183A,0.28399685,1.7918811,1,4
5C6T_HL_A|NA186A,0.3630724,-0.8163251,1,4
5C6T_HL_A|NA188A,-0.36658686,2.051819,1,4
"5C6T_HL_A|NA195A,DA197A",0.58650106,2.299539,1,4
5C6T_HL_A|NH97A,1.5258962,0.016107509,1,4
5C6T_HL_A|RH31S,0.3115454,0.6612598,1,4
5C6T_HL_A|RL48A,0.1229613,1.2555512,1,4
5C6T_HL_A|SH32A,-0.8683455,0.09719,1,4
5C6T_HL_A|TA185A,0.33786914,0.91609234,1,4
5C6T_HL_A|YA182A,3.2083547,0.530205,1,4
"5C6T_HL_A|YA182A,NA195A,DA197A",2.942425,2.0914683,1,4
5C6T_HL_A|YH104A,0.3630724,2.0638824,1,4
5C6T_HL_A|YH98A,1.7166799,0.42094892,1,4
5C6T_HL_A|YL47A,0.5516565,2.168787,1,4
1KIP_AB_C|AB32Y,-0.8005932,-1.6186346,1,5
1XGU_AB_C|FB33A,4.0,1.0428841,1,5
1XGU_AB_C|FB33I,1.8004549,0.2026919,1,5
1XGU_AB_C|FB33L,1.8617703,0.17902513,1,5
1XGU_AB_C|FB33V,2.9080825,0.34543198,1,5
2B2X_HL_A|EH64K,-0.033433665,-0.080837086,1,5
"2B2X_HL_A|EH64K,QL28S,YL52N",0.911615,0.7479792,1,5
"2B2X_HL_A|EH64K,QL28S,YL52N,GH102S",2.7106705,0.9010005,1,5
"2B2X_HL_A|EH64K,QL28S,YL52N,SH35A",3.119054,1.0936878,1,5
"2B2X_HL_A|EH64K,QL28S,YL52N,SH35V",3.770335,0.930698,1,5
"2B2X_HL_A|EH64K,YL52N",0.34853002,0.6443772,1,5
"2B2X_HL_A|QL28S,YL52N",0.8626942,0.73785,1,5
2B2X_HL_A|VH50T,0.024054652,-0.060835894,1,5
"2B2X_HL_A|VH50T,EH64D,QL28S,YL52N",0.87177193,0.98297864,1,5
"2B2X_HL_A|VH50T,EH64K,QL28S",0.991589,0.27214736,1,5
"2B2X_HL_A|VH50T,EH64K,QL28S,YL52D",1.5439764,0.67306554,1,5
"2B2X_HL_A|VH50T,EH64K,QL28S,YL52E",0.95452905,0.5359884,1,5
"2B2X_HL_A|VH50T,EH64K,QL28S,YL52K",1.7007239,0.81522095,1,5
"2B2X_HL_A|VH50T,EH64K,QL28S,YL52N",1.043214,0.85931116,1,5
"2B2X_HL_A|VH50T,EH64K,QL28S,YL52N,FH99W",1.043214,0.5082393,1,5
"2B2X_HL_A|VH50T,EH64K,QL28S,YL52N,FH99Y",1.7978828,0.16057245,1,5
"2B2X_HL_A|VH50T,EH64K,QL28S,YL52N,GH100F",1.4322319,0.6679411,1,5
"2B2X_HL_A|VH50T,EH64K,QL28S,YL52N,GH100L",3.770335,0.8263829,1,5
"2B2X_HL_A|VH50T,EH64K,QL28S,YL52N,GH100M",1.145348,0.803717,1,5
"2B2X_HL_A|VH50T,EH64K,QL28S,YL52N,GH100S",1.6009614,0.9072925,1,5
"2B2X_HL_A|VH50T,EH64K,QL28S,YL52N,GH53A",1.5558206,0.9788745,1,5
"2B2X_HL_A|VH50T,EH64K,QL28S,YL52N,GH53N",2.2985272,0.800621,1,5
"2B2X_HL_A|VH50T,EH64K,QL28S,YL52N,GH53S",1.7188073,0.7061761,1,5
"2B2X_HL_A|VH50T,EH64K,QL28S,YL52N,GH54I",2.4067745,0.88948756,1,5
"2B2X_HL_A|VH50T,EH64K,QL28S,YL52N,GH54T",2.2073808,1.1553488,1,5
"2B2X_HL_A|VH50T,EH64K,QL28S,YL52N,GH54Y",1.043214,0.33342546,1,5
"2B2X_HL_A|VH50T,EH64K,QL28S,YL52N,GL92Q",2.6158988,0.8384371,1,5
"2B2X_HL_A|VH50T,EH64K,QL28S,YL52N,GL92S",1.5558206,0.85836947,1,5
"2B2X_HL_A|VH50T,EH64K,QL28S,YL52N,HL31K",2.2073808,1.0791156,1,5
"2B2X_HL_A|VH50T,EH64K,QL28S,YL52N,HL31R",2.1670115,0.95602876,1,5
"2B2X_HL_A|VH50T,EH64K,QL28S,YL52N,HL31W",2.2985272,0.6520656,1,5
"2B2X_HL_A|VH50T,EH64K,QL28S,YL52N,LH60D",0.981894,0.74588585,1,5
"2B2X_HL_A|VH50T,EH64K,QL28S,YL52N,LL49F",1.7554936,0.7819542,1,5
"2B2X_HL_A|VH50T,EH64K,QL28S,YL52N,LL49K",1.9044149,1.1635273,1,5
"2B2X_HL_A|VH50T,EH64K,QL28S,YL52N,LL49W",2.9507816,0.5742956,1,5
"2B2X_HL_A|VH50T,EH64K,QL28S,YL52N,NL30V",2.0925434,0.85361344,1,5
"2B2X_HL_A|VH50T,EH64K,QL28S,YL52N,NL30W",2.6158988,0.5893398,1,5
"2B2X_HL_A|VH50T,EH64K,QL28S,YL52N,NL30Y",2.9507816,0.38093364,1,5
"2B2X_HL_A|VH50T,EH64K,QL28S,YL52N,NL30Y,SL91I",1.4775821,0.26068902,1,5
"2B2X_HL_A|VH50T,EH64K,QL28S,YL52N,RH31Q",2.350542,0.8028353,1,5
"2B2X_HL_A|VH50T,EH64K,QL28S,YL52N,SH35A",2.6158988,1.2684474,1,5
"2B2X_HL_A|VH50T,EH64K,QL28S,YL52N,SH35A,GH102S",2.6158988,1.4648536,1,5
"2B2X_HL_A|VH50T,EH64K,QL28S,YL52N,SH35Q",3.770335,0.9843593,1,5
"2B2X_HL_A|VH50T,EH64K,QL28S,YL52N,SH35V,GH102S",2.4688888,1.3522868,1,5
"2B2X_HL_A|VH50T,EH64K,QL28S,YL52N,SH52M",3.119054,0.6972572,1,5
"2B2X_HL_A|VH50T,EH64K,QL28S,YL52N,SL24R",0.82788163,0.8214255,1,5
"2B2X_HL_A|VH50T,EH64K,QL28S,YL52N,SL91Q",2.8172472,0.79864794,1,5
"2B2X_HL_A|VH50T,EH64K,QL28S,YL52N,SL91R",3.770335,0.88581556,1,5
"2B2X_HL_A|VH50T,EH64K,QL28S,YL52N,SL91R,NL30E",3.770335,0.47665423,1,5
"2B2X_HL_A|VH50T,EH64K,QL28S,YL52N,SL91T",3.3598623,0.8668551,1,5
"2B2X_HL_A|VH50T,EH64K,QL28S,YL52N,TH33E,GH53Q",2.7106705,0.53847355,1,5
"2B2X_HL_A|VH50T,EH64K,QL28S,YL52N,TH33I,SH52T,GH53N,GH54N",2.9507816,1.1128887,1,5
"2B2X_HL_A|VH50T,EH64K,QL28S,YL52N,TH33I,SH52T,GH53Q,GH54F",2.2985272,0.9918938,1,5
"2B2X_HL_A|VH50T,EH64K,QL28S,YL52N,TH33N",3.770335,0.8903735,1,5
"2B2X_HL_A|VH50T,EH64K,QL28S,YL52N,TH33V",1.4775821,0.85694367,1,5
"2B2X_HL_A|VH50T,EH64K,QL28S,YL52N,WL90Q",3.119054,1.385116,1,5
"2B2X_HL_A|VH50T,EH64K,QL28S,YL52N,WL90Q,FL33Y",1.914233,0.9403613,1,5
"2B2X_HL_A|VH50T,EH64K,QL28S,YL52N,YH58E",3.119054,0.905348,1,5
"2B2X_HL_A|VH50T,EH64K,QL28S,YL52N,YH58Q",3.119054,1.3804624,1,5
"2B2X_HL_A|VH50T,EH64K,QL28S,YL52N,YH58W",1.8641591,0.83818454,1,5
"2B2X_HL_A|VH50T,EH64K,QL28S,YL52N,YH59E",1.5872209,1.3031576,1,5
"2B2X_HL_A|VH50T,EH64K,QL28S,YL52R",1.8880546,0.8164121,1,5
"2B2X_HL_A|VH50T,EH64K,YL52N",0.28173435,0.76608497,1,5
"2B2X_HL_A|VH50T,EH64N,QL28S,YL52N",1.0069425,1.2366607,1,5
"2B2X_HL_A|VH50T,EH64Q,QL28S,YL52N",0.96559924,1.0600941,1,5
"2B2X_HL_A|VH50T,EH64Q,QL28S,YL52N,LH60D",1.0862032,0.95035106,1,5
"2B2X_HL_A|VH50T,QL28S,YL52N",0.96559924,0.8771115,1,5
"2B2X_HL_A|VH50T,QL28S,YL52N,LH60D",0.90141344,0.7201814,1,5
"2B2X_HL_A|VH50T,YL52N",0.18636756,0.7999653,1,5
2B2X_HL_A|YL52E,-0.22410508,0.30872792,1,5
2VIR_AB_C|SC115L,3.680209,-0.15768707,1,5
2VIR_AB_C|TC89I,4.0,0.47810572,1,5
"3G6D_LH_A|EL3V,GL76R,TL77V,QL78E,EL80G",0.13981691,0.26499784,1,5
"3G6D_LH_A|EL3V,GL76R,TL77V,QL78E,EL80G,DH54N",0.111178115,0.5469586,1,5
"3G6D_LH_A|EL3V,GL76R,TL77V,QL78E,EL80G,TL89S,ML92I,VL93D,TL94K",0.27145106,-0.202743,1,5
3G6D_LH_A|HH104A,-0.9530879,0.36535916,1,5
"3G6D_LH_A|KH210T,KH215T",-0.13294782,0.535122,1,5
"3G6D_LH_A|TL89S,ML92I,VL93D,TL94K",0.7979767,-0.26392728,1,5
3G6D_LH_A|WH105A,-1.4965084,1.3105943,1,5
"3IDX_HL_G|CG27I,CG242Q",-2.4650376,-0.056340598,1,5
"3IDX_HL_G|CG27I,CG242Q,MG247A",-2.1736174,0.11623086,1,5
"3IDX_HL_G|KG85C,EG121C,CG27I,CG242Q",-2.3776865,0.63864547,1,5
"3IDX_HL_G|KG85C,EG121C,WG13M,MG247A,CG14W,CG129V,CG27I,CG242Q",-2.1922898,0.66388524,1,5
"3IDX_HL_G|KG85C,EG122C,WG13M,MG247A,CG14W,CG129V,CG27I,CG242Q",-2.2927184,0.6299677,1,5
"3IDX_HL_G|TG41C,GG245C,MG247A",0.40945426,0.63707525,1,5
"3IDX_HL_G|TG41C,GG245C,WG13M,MG247A,CG14W,CG129V,CG27I,CG242Q",-2.3310676,0.30312806,1,5
"3IDX_HL_G|WG13M,MG247A,CG14W,CG129V",-0.6475391,0.3206172,1,5
"3IDX_HL_G|WG13M,MG247A,CG14W,CG129V,CG27I,CG242Q",-2.3479884,0.20616482,1,5
"3IDX_HL_G|WG13M,MG247A,CG14W,CG129V,KG85C,EG121C",-0.36166522,0.93751955,1,5
"3IDX_HL_G|WG13M,SG111T,WG200S,MG247A,CG14W,CG129V,CG27I,CG242Q",-1.8639641,0.39509994,1,5
"3L5X_A_HL|EL93F,YL94G",-0.42800838,0.7474656,1,5
"3L5X_A_HL|EL93H,YL94G",-0.7626503,0.7757263,1,5
"3L5X_A_HL|HL91P,NL92I,EL93D,YL94A",-0.6466697,0.6837873,1,5
"3L5X_A_HL|HL91P,NL92L,EL93D,YL94S",-0.6327897,0.4668914,1,5
"3L5X_A_HL|HL91P,NL92L,EL93D,YL94T",-0.81005055,0.596186,1,5
"3L5X_A_HL|HL91P,NL92L,EL93D,YL94V",-0.85822237,0.2944973,1,5
"3L5X_A_HL|HL91P,NL92L,YL94A",-0.44441348,0.46202427,1,5
"3L5X_A_HL|HL91Q,NL92D,EL93I,YL94G",-1.5503801,0.6842892,1,5
"3L5X_A_HL|HL91Q,NL92D,EL93L,YL94G",-1.785132,0.7011735,1,5
"3L5X_A_HL|HL91Q,NL92D,EL93Y,YL94G",-1.451453,0.22107767,1,5
"3L5X_A_HL|NL92D,EL93L,YL94G",-0.42962858,0.57099724,1,5
"3L5X_A_HL|NL92D,EL93N,YL94S",-0.53403836,0.74246347,1,5
"3L5X_A_HL|NL92D,EL93P,YL94G",-1.4699602,0.5020643,1,5
"3L5X_A_HL|NL92D,EL93R,YL94D",-0.52253926,0.42786437,1,5
"3L5X_A_HL|NL92D,EL93W,YL94E",-1.1963489,0.027147759,1,5
"3L5X_A_HL|NL92D,EL93W,YL94G",-1.6825228,0.22844692,1,5
"3L5X_A_HL|NL92D,EL93W,YL94S",-0.71612674,0.45955646,1,5
"3L5X_A_HL|NL92D,EL93Y,YL94A",-0.8069743,0.44926065,1,5
"3L5X_A_HL|NL92E,EL93S,YL94G",-1.2653587,0.15609896,1,5
"3L5X_A_HL|NL92E,EL93W,YL94G",-1.5503801,-0.10653226,1,5
"3L5X_A_HL|NL92F,EL93W,YL94G",-1.2329907,0.15696724,1,5
"3L5X_A_HL|NL92L,EL93D,YL94S",-0.6170473,0.5305105,1,5
"3L5X_A_HL|NL92L,EL93L,YL94G",-0.6259698,0.6030719,1,5
"3L5X_A_HL|NL92L,EL93M,YL94G",-0.82567644,0.5621316,1,5
"3L5X_A_HL|NL92L,EL93N,YL94G",-0.6954369,0.61665505,1,5
"3L5X_A_HL|NL92S,EL93H,YL94G",-1.2457265,0.7511376,1,5
"3L5X_A_HL|NL92S,EL93I,YL94G",-0.8069743,0.80239004,1,5
"3L5X_A_HL|NL92S,EL93S,YL94G",-0.24921271,0.7516577,1,5
"3L5X_A_HL|NL92S,EL93V,YL94G",-0.51687235,0.788694,1,5
"3L5X_A_HL|NL92S,EL93W,YL94A",-0.30302802,0.81421727,1,5
"3L5X_A_HL|NL92S,EL93W,YL94G",-1.2720501,0.41954023,1,5
"3L5X_A_HL|NL92S,EL93Y,YL94G",-0.9641868,0.2966925,1,5
"3L5X_A_HL|NL92V,EL93G,YL94G",-0.46300006,0.64425844,1,5
"3L5X_A_HL|NL92V,EL93W,YL94G",-0.83525383,0.30761832,1,5
3L5X_A_HL|YL94A,-0.82885176,0.6595421,1,5
3N85_A_LH|SH32A,-0.13401966,0.14592934,1,5
3N85_A_LH|SH32Y,0.0571225,-0.5068458,1,5
3N85_A_LH|SH50G,0.48767117,-0.06937689,1,5
3N85_A_LH|SH52Y,-0.78460336,-1.0148448,1,5
3N85_A_LH|WH100F,-0.015185109,0.054957416,1,5
3N85_A_LH|WH30K,-0.78460336,0.083700985,1,5
3N85_A_LH|WH30R,-0.5539675,-0.029300839,1,5
3N85_A_LH|WL91F,0.13959166,-0.010525953,1,5
3N85_A_LH|WL94Y,-0.03871881,-0.5134463,1,5
3SE8_HL_G|DH110A,-0.38934898,0.2928236,1,5
3SE8_HL_G|DH114A,-0.2441398,0.4368131,1,5
3SE8_HL_G|DL49A,0.8558488,1.0409477,1,5
3SE8_HL_G|EL1A,-0.5565174,0.37871748,1,5
3SE8_HL_G|EL91A,1.513491,1.2938336,1,5
3SE8_HL_G|FH115A,1.0676043,0.83543456,1,5
3SE8_HL_G|FL90A,-0.8640972,0.8667494,1,5
3SE8_HL_G|FL92A,0.8323254,0.5461149,1,5
3SE8_HL_G|GH56A,0.3570972,0.31758314,1,5
3SE8_HL_G|KH52A,1.1114144,0.68200034,1,5
3SE8_HL_G|LH54A,0.054776184,0.8766452,1,5
3SE8_HL_G|NL30A,0.19434923,0.54275143,1,5
3SE8_HL_G|PH78A,0.01881787,0.31142867,1,5
3SE8_HL_G|PH81A,-0.07091986,0.52522975,1,5
3SE8_HL_G|QH63A,1.1144251,0.46954435,1,5
3SE8_HL_G|QH65A,0.54980505,0.39924484,1,5
3SE8_HL_G|QH76A,0.09689985,0.3913434,1,5
3SE8_HL_G|QL27A,-0.21612903,0.6907246,1,5
3SE8_HL_G|RH30A,-0.03949762,1.0387256,1,5
3SE8_HL_G|RH62A,1.2061691,0.47993213,1,5
3SE8_HL_G|RH72A,2.6444623,0.23043402,1,5
3SE8_HL_G|SH59A,1.1508402,0.10299398,1,5
3SE8_HL_G|VH58A,1.2496852,0.680468,1,5
3SE8_HL_G|WH47A,1.4751467,0.89710134,1,5
3SE8_HL_G|WH50A,1.333526,1.2745254,1,5
3SE8_HL_G|WH55A,0.7611056,0.8072271,1,5
3SE8_HL_G|YH111A,0.82992166,1.044433,1,5
3SE8_HL_G|YH60A,0.8558488,0.36656603,1,5
4KRL_A_B|DB112A,0.6496817,0.95830244,1,5
5C6T_HL_A|EA194A,1.0906719,0.05339018,1,5
5C6T_HL_A|FA192A,1.9972014,0.3901796,1,5
5C6T_HL_A|FA199A,2.7581792,0.4301312,1,5
5C6T_HL_A|FA200A,0.41047263,0.8957499,1,5
5C6T_HL_A|FH99A,1.4600298,0.48319614,1,5
5C6T_HL_A|IA201A,0.88561165,0.0069229826,1,5
5C6T_HL_A|NA183A,0.28399685,0.5515089,1,5
5C6T_HL_A|NA186A,0.3630724,0.6901512,1,5
5C6T_HL_A|NA188A,-0.36658686,1.0594227,1,5
"5C6T_HL_A|NA195A,DA197A",0.58650106,1.1676913,1,5
5C6T_HL_A|NH97A,1.5258962,0.17419265,1,5
5C6T_HL_A|RH31S,0.3115454,0.38981926,1,5
5C6T_HL_A|RL48A,0.1229613,1.083595,1,5
5C6T_HL_A|SH32A,-0.8683455,0.6748451,1,5
5C6T_HL_A|TA185A,0.33786914,0.17680661,1,5
5C6T_HL_A|YA182A,3.2083547,0.6549614,1,5
"5C6T_HL_A|YA182A,NA195A,DA197A",2.942425,1.7574344,1,5
5C6T_HL_A|YH104A,0.3630724,1.3916111,1,5
5C6T_HL_A|YH98A,1.7166799,1.2281393,1,5
5C6T_HL_A|YL47A,0.5516565,0.85408896,1,5
1KIP_AB_C|AB32Y,-0.8005932,-2.054942,1,6
1XGU_AB_C|FB33A,4.0,1.4004829,1,6
1XGU_AB_C|FB33I,1.8004549,0.31645676,1,6
1XGU_AB_C|FB33L,1.8617703,0.5364158,1,6
1XGU_AB_C|FB33V,2.9080825,0.33949894,1,6
2B2X_HL_A|EH64K,-0.033433665,0.04364505,1,6
"2B2X_HL_A|EH64K,QL28S,YL52N",0.911615,0.54988265,1,6
"2B2X_HL_A|EH64K,QL28S,YL52N,GH102S",2.7106705,0.54063386,1,6
"2B2X_HL_A|EH64K,QL28S,YL52N,SH35A",3.119054,0.7948087,1,6
"2B2X_HL_A|EH64K,QL28S,YL52N,SH35V",3.770335,0.7047082,1,6
"2B2X_HL_A|EH64K,YL52N",0.34853002,0.4915178,1,6
"2B2X_HL_A|QL28S,YL52N",0.8626942,0.37024125,1,6
2B2X_HL_A|VH50T,0.024054652,0.5863097,1,6
"2B2X_HL_A|VH50T,EH64D,QL28S,YL52N",0.87177193,0.71132535,1,6
"2B2X_HL_A|VH50T,EH64K,QL28S",0.991589,0.636371,1,6
"2B2X_HL_A|VH50T,EH64K,QL28S,YL52D",1.5439764,0.8552319,1,6
"2B2X_HL_A|VH50T,EH64K,QL28S,YL52E",0.95452905,0.883698,1,6
"2B2X_HL_A|VH50T,EH64K,QL28S,YL52K",1.7007239,1.1149282,1,6
"2B2X_HL_A|VH50T,EH64K,QL28S,YL52N",1.043214,0.95487696,1,6
"2B2X_HL_A|VH50T,EH64K,QL28S,YL52N,FH99W",1.043214,0.64046526,1,6
"2B2X_HL_A|VH50T,EH64K,QL28S,YL52N,FH99Y",1.7978828,0.23599188,1,6
"2B2X_HL_A|VH50T,EH64K,QL28S,YL52N,GH100F",1.4322319,0.8324745,1,6
"2B2X_HL_A|VH50T,EH64K,QL28S,YL52N,GH100L",3.770335,1.1074352,1,6
"2B2X_HL_A|VH50T,EH64K,QL28S,YL52N,GH100M",1.145348,0.91184974,1,6
"2B2X_HL_A|VH50T,EH64K,QL28S,YL52N,GH100S",1.6009614,0.9950382,1,6
"2B2X_HL_A|VH50T,EH64K,QL28S,YL52N,GH53A",1.5558206,0.9867026,1,6
"2B2X_HL_A|VH50T,EH64K,QL28S,YL52N,GH53N",2.2985272,0.8880486,1,6
"2B2X_HL_A|VH50T,EH64K,QL28S,YL52N,GH53S",1.7188073,0.8679449,1,6
"2B2X_HL_A|VH50T,EH64K,QL28S,YL52N,GH54I",2.4067745,1.0704083,1,6
"2B2X_HL_A|VH50T,EH64K,QL28S,YL52N,GH54T",2.2073808,1.3893664,1,6
"2B2X_HL_A|VH50T,EH64K,QL28S,YL52N,GH54Y",1.043214,0.5925808,1,6
"2B2X_HL_A|VH50T,EH64K,QL28S,YL52N,GL92Q",2.6158988,0.9005993,1,6
"2B2X_HL_A|VH50T,EH64K,QL28S,YL52N,GL92S",1.5558206,0.8862094,1,6
"2B2X_HL_A|VH50T,EH64K,QL28S,YL52N,HL31K",2.2073808,1.0804212,1,6
"2B2X_HL_A|VH50T,EH64K,QL28S,YL52N,HL31R",2.1670115,0.89578635,1,6
"2B2X_HL_A|VH50T,EH64K,QL28S,YL52N,HL31W",2.2985272,0.9043839,1,6
"2B2X_HL_A|VH50T,EH64K,QL28S,YL52N,LH60D",0.981894,0.89690685,1,6
"2B2X_HL_A|VH50T,EH64K,QL28S,YL52N,LL49F",1.7554936,0.69669217,1,6
"2B2X_HL_A|VH50T,EH64K,QL28S,YL52N,LL49K",1.9044149,0.8781379,1,6
"2B2X_HL_A|VH50T,EH64K,QL28S,YL52N,LL49W",2.9507816,0.51276535,1,6
"2B2X_HL_A|VH50T,EH64K,QL28S,YL52N,NL30V",2.0925434,0.9976583,1,6
"2B2X_HL_A|VH50T,EH64K,QL28S,YL52N,NL30W",2.6158988,1.1280328,1,6
"2B2X_HL_A|VH50T,EH64K,QL28S,YL52N,NL30Y",2.9507816,0.7551505,1,6
"2B2X_HL_A|VH50T,EH64K,QL28S,YL52N,NL30Y,SL91I",1.4775821,0.9631482,1,6
"2B2X_HL_A|VH50T,EH64K,QL28S,YL52N,RH31Q",2.350542,1.1690048,1,6
"2B2X_HL_A|VH50T,EH64K,QL28S,YL52N,SH35A",2.6158988,1.1763813,1,6
"2B2X_HL_A|VH50T,EH64K,QL28S,YL52N,SH35A,GH102S",2.6158988,1.1720585,1,6
"2B2X_HL_A|VH50T,EH64K,QL28S,YL52N,SH35Q",3.770335,1.0381469,1,6
"2B2X_HL_A|VH50T,EH64K,QL28S,YL52N,SH35V,GH102S",2.4688888,1.1103648,1,6
"2B2X_HL_A|VH50T,EH64K,QL28S,YL52N,SH52M",3.119054,1.0763392,1,6
"2B2X_HL_A|VH50T,EH64K,QL28S,YL52N,SL24R",0.82788163,0.9342583,1,6
"2B2X_HL_A|VH50T,EH64K,QL28S,YL52N,SL91Q",2.8172472,1.1006793,1,6
"2B2X_HL_A|VH50T,EH64K,QL28S,YL52N,SL91R",3.770335,1.1125616,1,6
"2B2X_HL_A|VH50T,EH64K,QL28S,YL52N,SL91R,NL30E",3.770335,1.208281,1,6
"2B2X_HL_A|VH50T,EH64K,QL28S,YL52N,SL91T",3.3598623,1.1892743,1,6
"2B2X_HL_A|VH50T,EH64K,QL28S,YL52N,TH33E,GH53Q",2.7106705,0.9145501,1,6
"2B2X_HL_A|VH50T,EH64K,QL28S,YL52N,TH33I,SH52T,GH53N,GH54N",2.9507816,1.1361963,1,6
"2B2X_HL_A|VH50T,EH64K,QL28S,YL52N,TH33I,SH52T,GH53Q,GH54F",2.2985272,1.5460676,1,6
"2B2X_HL_A|VH50T,EH64K,QL28S,YL52N,TH33N",3.770335,0.87015384,1,6
"2B2X_HL_A|VH50T,EH64K,QL28S,YL52N,TH33V",1.4775821,0.8250542,1,6
"2B2X_HL_A|VH50T,EH64K,QL28S,YL52N,WL90Q",3.119054,1.4778832,1,6
"2B2X_HL_A|VH50T,EH64K,QL28S,YL52N,WL90Q,FL33Y",1.914233,1.0420735,1,6
"2B2X_HL_A|VH50T,EH64K,QL28S,YL52N,YH58E",3.119054,1.3507806,1,6
"2B2X_HL_A|VH50T,EH64K,QL28S,YL52N,YH58Q",3.119054,1.54254,1,6
"2B2X_HL_A|VH50T,EH64K,QL28S,YL52N,YH58W",1.8641591,1.1911341,1,6
"2B2X_HL_A|VH50T,EH64K,QL28S,YL52N,YH59E",1.5872209,1.2734272,1,6
"2B2X_HL_A|VH50T,EH64K,QL28S,YL52R",1.8880546,0.9253573,1,6
"2B2X_HL_A|VH50T,EH64K,YL52N",0.28173435,0.90966266,1,6
"2B2X_HL_A|VH50T,EH64N,QL28S,YL52N",1.0069425,0.84583277,1,6
"2B2X_HL_A|VH50T,EH64Q,QL28S,YL52N",0.96559924,0.8922558,1,6
"2B2X_HL_A|VH50T,EH64Q,QL28S,YL52N,LH60D",1.0862032,0.84536654,1,6
"2B2X_HL_A|VH50T,QL28S,YL52N",0.96559924,0.6916329,1,6
"2B2X_HL_A|VH50T,QL28S,YL52N,LH60D",0.90141344,0.59158766,1,6
"2B2X_HL_A|VH50T,YL52N",0.18636756,0.6989228,1,6
2B2X_HL_A|YL52E,-0.22410508,0.42100918,1,6
2VIR_AB_C|SC115L,3.680209,0.05099142,1,6
2VIR_AB_C|TC89I,4.0,0.86416584,1,6
"3G6D_LH_A|EL3V,GL76R,TL77V,QL78E,EL80G",0.13981691,0.29039547,1,6
"3G6D_LH_A|EL3V,GL76R,TL77V,QL78E,EL80G,DH54N",0.111178115,0.30002886,1,6
"3G6D_LH_A|EL3V,GL76R,TL77V,QL78E,EL80G,TL89S,ML92I,VL93D,TL94K",0.27145106,-0.41828394,1,6
3G6D_LH_A|HH104A,-0.9530879,0.64063275,1,6
"3G6D_LH_A|KH210T,KH215T",-0.13294782,0.6446571,1,6
"3G6D_LH_A|TL89S,ML92I,VL93D,TL94K",0.7979767,-0.60683846,1,6
3G6D_LH_A|WH105A,-1.4965084,1.5048691,1,6
"3IDX_HL_G|CG27I,CG242Q",-2.4650376,0.14511703,1,6
"3IDX_HL_G|CG27I,CG242Q,MG247A",-2.1736174,0.06409688,1,6
"3IDX_HL_G|KG85C,EG121C,CG27I,CG242Q",-2.3776865,0.6822893,1,6
"3IDX_HL_G|KG85C,EG121C,WG13M,MG247A,CG14W,CG129V,CG27I,CG242Q",-2.1922898,0.33622405,1,6
"3IDX_HL_G|KG85C,EG122C,WG13M,MG247A,CG14W,CG129V,CG27I,CG242Q",-2.2927184,0.25243193,1,6
"3IDX_HL_G|TG41C,GG245C,MG247A",0.40945426,0.4450974,1,6
"3IDX_HL_G|TG41C,GG245C,WG13M,MG247A,CG14W,CG129V,CG27I,CG242Q",-2.3310676,0.24267484,1,6
"3IDX_HL_G|WG13M,MG247A,CG14W,CG129V",-0.6475391,0.08852278,1,6
"3IDX_HL_G|WG13M,MG247A,CG14W,CG129V,CG27I,CG242Q",-2.3479884,-0.07823487,1,6
"3IDX_HL_G|WG13M,MG247A,CG14W,CG129V,KG85C,EG121C",-0.36166522,0.6781182,1,6
"3IDX_HL_G|WG13M,SG111T,WG200S,MG247A,CG14W,CG129V,CG27I,CG242Q",-1.8639641,-0.18556947,1,6
"3L5X_A_HL|EL93F,YL94G",-0.42800838,0.8665769,1,6
"3L5X_A_HL|EL93H,YL94G",-0.7626503,0.6662165,1,6
"3L5X_A_HL|HL91P,NL92I,EL93D,YL94A",-0.6466697,0.9985438,1,6
"3L5X_A_HL|HL91P,NL92L,EL93D,YL94S",-0.6327897,0.92974323,1,6
"3L5X_A_HL|HL91P,NL92L,EL93D,YL94T",-0.81005055,1.2440705,1,6
"3L5X_A_HL|HL91P,NL92L,EL93D,YL94V",-0.85822237,0.8507331,1,6
"3L5X_A_HL|HL91P,NL92L,YL94A",-0.44441348,1.2520441,1,6
"3L5X_A_HL|HL91Q,NL92D,EL93I,YL94G",-1.5503801,0.79464185,1,6
"3L5X_A_HL|HL91Q,NL92D,EL93L,YL94G",-1.785132,0.79721934,1,6
"3L5X_A_HL|HL91Q,NL92D,EL93Y,YL94G",-1.451453,0.0676889,1,6
"3L5X_A_HL|NL92D,EL93L,YL94G",-0.42962858,0.81817865,1,6
"3L5X_A_HL|NL92D,EL93N,YL94S",-0.53403836,0.5330943,1,6
"3L5X_A_HL|NL92D,EL93P,YL94G",-1.4699602,0.7443426,1,6
"3L5X_A_HL|NL92D,EL93R,YL94D",-0.52253926,0.4017624,1,6
"3L5X_A_HL|NL92D,EL93W,YL94E",-1.1963489,-0.050275955,1,6
"3L5X_A_HL|NL92D,EL93W,YL94G",-1.6825228,0.20040323,1,6
"3L5X_A_HL|NL92D,EL93W,YL94S",-0.71612674,0.13384585,1,6
"3L5X_A_HL|NL92D,EL93Y,YL94A",-0.8069743,0.16422352,1,6
"3L5X_A_HL|NL92E,EL93S,YL94G",-1.2653587,0.54195964,1,6
"3L5X_A_HL|NL92E,EL93W,YL94G",-1.5503801,0.120401755,1,6
"3L5X_A_HL|NL92F,EL93W,YL94G",-1.2329907,0.3571841,1,6
"3L5X_A_HL|NL92L,EL93D,YL94S",-0.6170473,0.70848703,1,6
"3L5X_A_HL|NL92L,EL93L,YL94G",-0.6259698,1.1081047,1,6
"3L5X_A_HL|NL92L,EL93M,YL94G",-0.82567644,0.9959095,1,6
"3L5X_A_HL|NL92L,EL93N,YL94G",-0.6954369,0.8145642,1,6
"3L5X_A_HL|NL92S,EL93H,YL94G",-1.2457265,0.7022331,1,6
"3L5X_A_HL|NL92S,EL93I,YL94G",-0.8069743,1.0226427,1,6
"3L5X_A_HL|NL92S,EL93S,YL94G",-0.24921271,0.8233259,1,6
"3L5X_A_HL|NL92S,EL93V,YL94G",-0.51687235,0.8396652,1,6
"3L5X_A_HL|NL92S,EL93W,YL94A",-0.30302802,0.6610983,1,6
"3L5X_A_HL|NL92S,EL93W,YL94G",-1.2720501,0.4517037,1,6
"3L5X_A_HL|NL92S,EL93Y,YL94G",-0.9641868,0.26367638,1,6
"3L5X_A_HL|NL92V,EL93G,YL94G",-0.46300006,0.7536922,1,6
"3L5X_A_HL|NL92V,EL93W,YL94G",-0.83525383,0.32188967,1,6
3L5X_A_HL|YL94A,-0.82885176,1.0386007,1,6
3N85_A_LH|SH32A,-0.13401966,0.34046838,1,6
3N85_A_LH|SH32Y,0.0571225,-1.0102221,1,6
3N85_A_LH|SH50G,0.48767117,-0.058705162,1,6
3N85_A_LH|SH52Y,-0.78460336,-1.368227,1,6
3N85_A_LH|WH100F,-0.015185109,0.87898,1,6
3N85_A_LH|WH30K,-0.78460336,0.37419364,1,6
3N85_A_LH|WH30R,-0.5539675,0.12429038,1,6
3N85_A_LH|WL91F,0.13959166,0.99798137,1,6
3N85_A_LH|WL94Y,-0.03871881,-0.3961121,1,6
3SE8_HL_G|DH110A,-0.38934898,0.5820908,1,6
3SE8_HL_G|DH114A,-0.2441398,0.59429574,1,6
3SE8_HL_G|DL49A,0.8558488,0.7766978,1,6
3SE8_HL_G|EL1A,-0.5565174,0.25359386,1,6
3SE8_HL_G|EL91A,1.513491,0.7532278,1,6
3SE8_HL_G|FH115A,1.0676043,0.41085166,1,6
3SE8_HL_G|FL90A,-0.8640972,0.6438305,1,6
3SE8_HL_G|FL92A,0.8323254,0.16933425,1,6
3SE8_HL_G|GH56A,0.3570972,0.70624894,1,6
3SE8_HL_G|KH52A,1.1114144,0.7010346,1,6
3SE8_HL_G|LH54A,0.054776184,0.6748372,1,6
3SE8_HL_G|NL30A,0.19434923,0.50198466,1,6
3SE8_HL_G|PH78A,0.01881787,0.43878362,1,6
3SE8_HL_G|PH81A,-0.07091986,0.33475664,1,6
3SE8_HL_G|QH63A,1.1144251,0.3502949,1,6
3SE8_HL_G|QH65A,0.54980505,0.46126178,1,6
3SE8_HL_G|QH76A,0.09689985,0.69303435,1,6
3SE8_HL_G|QL27A,-0.21612903,0.24496193,1,6
3SE8_HL_G|RH30A,-0.03949762,0.63101816,1,6
3SE8_HL_G|RH62A,1.2061691,0.6108272,1,6
3SE8_HL_G|RH72A,2.6444623,0.6940654,1,6
3SE8_HL_G|SH59A,1.1508402,0.8566696,1,6
3SE8_HL_G|VH58A,1.2496852,1.0386239,1,6
3SE8_HL_G|WH47A,1.4751467,1.1511965,1,6
3SE8_HL_G|WH50A,1.333526,2.4265344,1,6
3SE8_HL_G|WH55A,0.7611056,1.0707773,1,6
3SE8_HL_G|YH111A,0.82992166,0.76854736,1,6
3SE8_HL_G|YH60A,0.8558488,0.99843496,1,6
4KRL_A_B|DB112A,0.6496817,1.6516794,1,6
5C6T_HL_A|EA194A,1.0906719,-0.021433732,1,6
5C6T_HL_A|FA192A,1.9972014,1.1008894,1,6
5C6T_HL_A|FA199A,2.7581792,1.0123743,1,6
5C6T_HL_A|FA200A,0.41047263,1.2357115,1,6
5C6T_HL_A|FH99A,1.4600298,0.25143555,1,6
5C6T_HL_A|IA201A,0.88561165,0.10625387,1,6
5C6T_HL_A|NA183A,0.28399685,0.7297094,1,6
5C6T_HL_A|NA186A,0.3630724,0.48770157,1,6
5C6T_HL_A|NA188A,-0.36658686,0.5605348,1,6
"5C6T_HL_A|NA195A,DA197A",0.58650106,1.030156,1,6
5C6T_HL_A|NH97A,1.5258962,0.6622825,1,6
5C6T_HL_A|RH31S,0.3115454,0.112611294,1,6
5C6T_HL_A|RL48A,0.1229613,1.441054,1,6
5C6T_HL_A|SH32A,-0.8683455,0.8123246,1,6
5C6T_HL_A|TA185A,0.33786914,0.33072662,1,6
5C6T_HL_A|YA182A,3.2083547,0.70658123,1,6
"5C6T_HL_A|YA182A,NA195A,DA197A",2.942425,1.5982065,1,6
5C6T_HL_A|YH104A,0.3630724,1.74823,1,6
5C6T_HL_A|YH98A,1.7166799,1.7852429,1,6
5C6T_HL_A|YL47A,0.5516565,2.1266232,1,6
1KIP_AB_C|AB32Y,-0.8005932,-1.3030138,1,7
1XGU_AB_C|FB33A,4.0,4.2416544,1,7
1XGU_AB_C|FB33I,1.8004549,2.183006,1,7
1XGU_AB_C|FB33L,1.8617703,2.1890736,1,7
1XGU_AB_C|FB33V,2.9080825,3.1608078,1,7
2B2X_HL_A|EH64K,-0.033433665,0.3339116,1,7
"2B2X_HL_A|EH64K,QL28S,YL52N",0.911615,0.95849186,1,7
"2B2X_HL_A|EH64K,QL28S,YL52N,GH102S",2.7106705,1.3873973,1,7
"2B2X_HL_A|EH64K,QL28S,YL52N,SH35A",3.119054,1.5367416,1,7
"2B2X_HL_A|EH64K,QL28S,YL52N,SH35V",3.770335,1.6104732,1,7
"2B2X_HL_A|EH64K,YL52N",0.34853002,0.5815654,1,7
"2B2X_HL_A|QL28S,YL52N",0.8626942,0.7833584,1,7
2B2X_HL_A|VH50T,0.024054652,-0.428413,1,7
"2B2X_HL_A|VH50T,EH64D,QL28S,YL52N",0.87177193,0.69508475,1,7
"2B2X_HL_A|VH50T,EH64K,QL28S",0.991589,0.58475083,1,7
"2B2X_HL_A|VH50T,EH64K,QL28S,YL52D",1.5439764,0.61781347,1,7
"2B2X_HL_A|VH50T,EH64K,QL28S,YL52E",0.95452905,0.68035513,1,7
"2B2X_HL_A|VH50T,EH64K,QL28S,YL52K",1.7007239,1.2266414,1,7
"2B2X_HL_A|VH50T,EH64K,QL28S,YL52N",1.043214,1.0264213,1,7
"2B2X_HL_A|VH50T,EH64K,QL28S,YL52N,FH99W",1.043214,0.69549036,1,7
"2B2X_HL_A|VH50T,EH64K,QL28S,YL52N,FH99Y",1.7978828,0.93259984,1,7
"2B2X_HL_A|VH50T,EH64K,QL28S,YL52N,GH100F",1.4322319,0.8815983,1,7
"2B2X_HL_A|VH50T,EH64K,QL28S,YL52N,GH100L",3.770335,1.4238981,1,7
"2B2X_HL_A|VH50T,EH64K,QL28S,YL52N,GH100M",1.145348,1.3156024,1,7
"2B2X_HL_A|VH50T,EH64K,QL28S,YL52N,GH100S",1.6009614,1.5123115,1,7
"2B2X_HL_A|VH50T,EH64K,QL28S,YL52N,GH53A",1.5558206,1.4355155,1,7
"2B2X_HL_A|VH50T,EH64K,QL28S,YL52N,GH53N",2.2985272,1.5535829,1,7
"2B2X_HL_A|VH50T,EH64K,QL28S,YL52N,GH53S",1.7188073,1.4590716,1,7
"2B2X_HL_A|VH50T,EH64K,QL28S,YL52N,GH54I",2.4067745,1.2997131,1,7
"2B2X_HL_A|VH50T,EH64K,QL28S,YL52N,GH54T",2.2073808,1.4675848,1,7
"2B2X_HL_A|VH50T,EH64K,QL28S,YL52N,GH54Y",1.043214,0.6777061,1,7
"2B2X_HL_A|VH50T,EH64K,QL28S,YL52N,GL92Q",2.6158988,1.3886569,1,7
"2B2X_HL_A|VH50T,EH64K,QL28S,YL52N,GL92S",1.5558206,1.2547636,1,7
"2B2X_HL_A|VH50T,EH64K,QL28S,YL52N,HL31K",2.2073808,1.9934602,1,7
"2B2X_HL_A|VH50T,EH64K,QL28S,YL52N,HL31R",2.1670115,1.197888,1,7
"2B2X_HL_A|VH50T,EH64K,QL28S,YL52N,HL31W",2.2985272,1.147248,1,7
"2B2X_HL_A|VH50T,EH64K,QL28S,YL52N,LH60D",0.981894,0.8864167,1,7
"2B2X_HL_A|VH50T,EH64K,QL28S,YL52N,LL49F",1.7554936,1.0918385,1,7
"2B2X_HL_A|VH50T,EH64K,QL28S,YL52N,LL49K",1.9044149,1.6542146,1,7
"2B2X_HL_A|VH50T,EH64K,QL28S,YL52N,LL49W",2.9507816,1.2296553,1,7
"2B2X_HL_A|VH50T,EH64K,QL28S,YL52N,NL30V",2.0925434,1.1811981,1,7
"2B2X_HL_A|VH50T,EH64K,QL28S,YL52N,NL30W",2.6158988,1.1945118,1,7
"2B2X_HL_A|VH50T,EH64K,QL28S,YL52N,NL30Y",2.9507816,1.0259027,1,7
"2B2X_HL_A|VH50T,EH64K,QL28S,YL52N,NL30Y,SL91I",1.4775821,0.83084196,1,7
"2B2X_HL_A|VH50T,EH64K,QL28S,YL52N,RH31Q",2.350542,1.0586005,1,7
"2B2X_HL_A|VH50T,EH64K,QL28S,YL52N,SH35A",2.6158988,1.6605899,1,7
"2B2X_HL_A|VH50T,EH64K,QL28S,YL52N,SH35A,GH102S",2.6158988,2.089144,1,7
"2B2X_HL_A|VH50T,EH64K,QL28S,YL52N,SH35Q",3.770335,2.1442478,1,7
"2B2X_HL_A|VH50T,EH64K,QL28S,YL52N,SH35V,GH102S",2.4688888,2.195035,1,7
"2B2X_HL_A|VH50T,EH64K,QL28S,YL52N,SH52M",3.119054,1.1379575,1,7
"2B2X_HL_A|VH50T,EH64K,QL28S,YL52N,SL24R",0.82788163,0.49679202,1,7
"2B2X_HL_A|VH50T,EH64K,QL28S,YL52N,SL91Q",2.8172472,1.6476727,1,7
"2B2X_HL_A|VH50T,EH64K,QL28S,YL52N,SL91R",3.770335,0.6729963,1,7
"2B2X_HL_A|VH50T,EH64K,QL28S,YL52N,SL91R,NL30E",3.770335,0.9519575,1,7
"2B2X_HL_A|VH50T,EH64K,QL28S,YL52N,SL91T",3.3598623,1.6609553,1,7
"2B2X_HL_A|VH50T,EH64K,QL28S,YL52N,TH33E,GH53Q",2.7106705,1.9418926,1,7
"2B2X_HL_A|VH50T,EH64K,QL28S,YL52N,TH33I,SH52T,GH53N,GH54N",2.9507816,2.2855146,1,7
"2B2X_HL_A|VH50T,EH64K,QL28S,YL52N,TH33I,SH52T,GH53Q,GH54F",2.2985272,1.9452507,1,7
"2B2X_HL_A|VH50T,EH64K,QL28S,YL52N,TH33N",3.770335,1.7146897,1,7
"2B2X_HL_A|VH50T,EH64K,QL28S,YL52N,TH33V",1.4775821,1.0673814,1,7
"2B2X_HL_A|VH50T,EH64K,QL28S,YL52N,WL90Q",3.119054,1.8372018,1,7
"2B2X_HL_A|VH50T,EH64K,QL28S,YL52N,WL90Q,FL33Y",1.914233,1.7316724,1,7
"2B2X_HL_A|VH50T,EH64K,QL28S,YL52N,YH58E",3.119054,1.9685178,1,7
"2B2X_HL_A|VH50T,EH64K,QL28S,YL52N,YH58Q",3.119054,2.6106048,1,7
"2B2X_HL_A|VH50T,EH64K,QL28S,YL52N,YH58W",1.8641591,1.6094303,1,7
"2B2X_HL_A|VH50T,EH64K,QL28S,YL52N,YH59E",1.5872209,1.2745271,1,7
"2B2X_HL_A|VH50T,EH64K,QL28S,YL52R",1.8880546,0.8020902,1,7
"2B2X_HL_A|VH50T,EH64K,YL52N",0.28173435,0.72337353,1,7
"2B2X_HL_A|VH50T,EH64N,QL28S,YL52N",1.0069425,1.0350649,1,7
"2B2X_HL_A|VH50T,EH64Q,QL28S,YL52N",0.96559924,0.82551247,1,7
"2B2X_HL_A|VH50T,EH64Q,QL28S,YL52N,LH60D",1.0862032,0.7867957,1,7
"2B2X_HL_A|VH50T,QL28S,YL52N",0.96559924,0.81313354,1,7
"2B2X_HL_A|VH50T,QL28S,YL52N,LH60D",0.90141344,0.59448755,1,7
"2B2X_HL_A|VH50T,YL52N",0.18636756,0.45072076,1,7
2B2X_HL_A|YL52E,-0.22410508,-0.039774936,1,7
2VIR_AB_C|SC115L,3.680209,1.1826175,1,7
2VIR_AB_C|TC89I,4.0,3.1813602,1,7
"3G6D_LH_A|EL3V,GL76R,TL77V,QL78E,EL80G",0.13981691,0.26341993,1,7
"3G6D_LH_A|EL3V,GL76R,TL77V,QL78E,EL80G,DH54N",0.111178115,0.8984744,1,7
"3G6D_LH_A|EL3V,GL76R,TL77V,QL78E,EL80G,TL89S,ML92I,VL93D,TL94K",0.27145106,-0.5408859,1,7
3G6D_LH_A|HH104A,-0.9530879,0.16219619,1,7
"3G6D_LH_A|KH210T,KH215T",-0.13294782,-0.16245927,1,7
"3G6D_LH_A|TL89S,ML92I,VL93D,TL94K",0.7979767,-0.86607605,1,7
3G6D_LH_A|WH105A,-1.4965084,1.0516684,1,7
"3IDX_HL_G|CG27I,CG242Q",-2.4650376,0.014436442,1,7
"3IDX_HL_G|CG27I,CG242Q,MG247A",-2.1736174,-0.18842904,1,7
"3IDX_HL_G|KG85C,EG121C,CG27I,CG242Q",-2.3776865,0.08469938,1,7
"3IDX_HL_G|KG85C,EG121C,WG13M,MG247A,CG14W,CG129V,CG27I,CG242Q",-2.1922898,0.34640908,1,7
"3IDX_HL_G|KG85C,EG122C,WG13M,MG247A,CG14W,CG129V,CG27I,CG242Q",-2.2927184,0.18548761,1,7
"3IDX_HL_G|TG41C,GG245C,MG247A",0.40945426,0.13186227,1,7
"3IDX_HL_G|TG41C,GG245C,WG13M,MG247A,CG14W,CG129V,CG27I,CG242Q",-2.3310676,0.49818984,1,7
"3IDX_HL_G|WG13M,MG247A,CG14W,CG129V",-0.6475391,0.7365836,1,7
"3IDX_HL_G|WG13M,MG247A,CG14W,CG129V,CG27I,CG242Q",-2.3479884,0.7461201,1,7
"3IDX_HL_G|WG13M,MG247A,CG14W,CG129V,KG85C,EG121C",-0.36166522,0.4114828,1,7
"3IDX_HL_G|WG13M,SG111T,WG200S,MG247A,CG14W,CG129V,CG27I,CG242Q",-1.8639641,0.59704804,1,7
"3L5X_A_HL|EL93F,YL94G",-0.42800838,0.25303498,1,7
"3L5X_A_HL|EL93H,YL94G",-0.7626503,0.1486848,1,7
"3L5X_A_HL|HL91P,NL92I,EL93D,YL94A",-0.6466697,-0.07375276,1,7
"3L5X_A_HL|HL91P,NL92L,EL93D,YL94S",-0.6327897,0.048560668,1,7
"3L5X_A_HL|HL91P,NL92L,EL93D,YL94T",-0.81005055,0.12944809,1,7
"3L5X_A_HL|HL91P,NL92L,EL93D,YL94V",-0.85822237,-0.2281412,1,7
"3L5X_A_HL|HL91P,NL92L,YL94A",-0.44441348,0.23927915,1,7
"3L5X_A_HL|HL91Q,NL92D,EL93I,YL94G",-1.5503801,-0.10110213,1,7
"3L5X_A_HL|HL91Q,NL92D,EL93L,YL94G",-1.785132,-0.14352296,1,7
"3L5X_A_HL|HL91Q,NL92D,EL93Y,YL94G",-1.451453,-0.4294806,1,7
"3L5X_A_HL|NL92D,EL93L,YL94G",-0.42962858,-0.4789889,1,7
"3L5X_A_HL|NL92D,EL93N,YL94S",-0.53403836,0.053517576,1,7
"3L5X_A_HL|NL92D,EL93P,YL94G",-1.4699602,-0.4605053,1,7
"3L5X_A_HL|NL92D,EL93R,YL94D",-0.52253926,-0.5515667,1,7
"3L5X_A_HL|NL92D,EL93W,YL94E",-1.1963489,-0.6695178,1,7
"3L5X_A_HL|NL92D,EL93W,YL94G",-1.6825228,-0.9149881,1,7
"3L5X_A_HL|NL92D,EL93W,YL94S",-0.71612674,-0.6086504,1,7
"3L5X_A_HL|NL92D,EL93Y,YL94A",-0.8069743,-0.4266479,1,7
"3L5X_A_HL|NL92E,EL93S,YL94G",-1.2653587,-0.2635896,1,7
"3L5X_A_HL|NL92E,EL93W,YL94G",-1.5503801,-0.8527239,1,7
"3L5X_A_HL|NL92F,EL93W,YL94G",-1.2329907,-0.97369725,1,7
"3L5X_A_HL|NL92L,EL93D,YL94S",-0.6170473,-0.09743996,1,7
"3L5X_A_HL|NL92L,EL93L,YL94G",-0.6259698,-0.41472453,1,7
"3L5X_A_HL|NL92L,EL93M,YL94G",-0.82567644,-0.22008039,1,7
"3L5X_A_HL|NL92L,EL93N,YL94G",-0.6954369,-0.14576577,1,7
"3L5X_A_HL|NL92S,EL93H,YL94G",-1.2457265,-0.48974472,1,7
"3L5X_A_HL|NL92S,EL93I,YL94G",-0.8069743,-0.3780808,1,7
"3L5X_A_HL|NL92S,EL93S,YL94G",-0.24921271,-0.38660032,1,7
"3L5X_A_HL|NL92S,EL93V,YL94G",-0.51687235,-0.09360321,1,7
"3L5X_A_HL|NL92S,EL93W,YL94A",-0.30302802,-0.5438205,1,7
"3L5X_A_HL|NL92S,EL93W,YL94G",-1.2720501,-0.7756369,1,7
"3L5X_A_HL|NL92S,EL93Y,YL94G",-0.9641868,-0.9494975,1,7
"3L5X_A_HL|NL92V,EL93G,YL94G",-0.46300006,-0.29787058,1,7
"3L5X_A_HL|NL92V,EL93W,YL94G",-0.83525383,-0.656983,1,7
3L5X_A_HL|YL94A,-0.82885176,1.0704546,1,7
3N85_A_LH|SH32A,-0.13401966,1.4516542,1,7
3N85_A_LH|SH32Y,0.0571225,-0.49710912,1,7
3N85_A_LH|SH50G,0.48767117,-0.33539984,1,7
3N85_A_LH|SH52Y,-0.78460336,-0.6607885,1,7
3N85_A_LH|WH100F,-0.015185109,-0.18533467,1,7
3N85_A_LH|WH30K,-0.78460336,1.1571058,1,7
3N85_A_LH|WH30R,-0.5539675,0.2271847,1,7
3N85_A_LH|WL91F,0.13959166,0.5448877,1,7
3N85_A_LH|WL94Y,-0.03871881,-0.28527263,1,7
3SE8_HL_G|DH110A,-0.38934898,0.021556925,1,7
3SE8_HL_G|DH114A,-0.2441398,0.5360421,1,7
3SE8_HL_G|DL49A,0.8558488,1.2589788,1,7
3SE8_HL_G|EL1A,-0.5565174,-0.6617271,1,7
3SE8_HL_G|EL91A,1.513491,0.98720086,1,7
3SE8_HL_G|FH115A,1.0676043,0.79416794,1,7
3SE8_HL_G|FL90A,-0.8640972,0.50044847,1,7
3SE8_HL_G|FL92A,0.8323254,0.70039594,1,7
3SE8_HL_G|GH56A,0.3570972,0.87154615,1,7
3SE8_HL_G|KH52A,1.1114144,0.07826637,1,7
3SE8_HL_G|LH54A,0.054776184,0.18025322,1,7
3SE8_HL_G|NL30A,0.19434923,0.73389465,1,7
3SE8_HL_G|PH78A,0.01881787,-0.0575968,1,7
3SE8_HL_G|PH81A,-0.07091986,0.77129984,1,7
3SE8_HL_G|QH63A,1.1144251,-0.30154645,1,7
3SE8_HL_G|QH65A,0.54980505,0.21454038,1,7
3SE8_HL_G|QH76A,0.09689985,0.0039838627,1,7
3SE8_HL_G|QL27A,-0.21612903,-0.051671144,1,7
3SE8_HL_G|RH30A,-0.03949762,0.845217,1,7
3SE8_HL_G|RH62A,1.2061691,0.0016147234,1,7
3SE8_HL_G|RH72A,2.6444623,2.5454533,1,7
3SE8_HL_G|SH59A,1.1508402,0.6169505,1,7
3SE8_HL_G|VH58A,1.2496852,0.78584504,1,7
3SE8_HL_G|WH47A,1.4751467,1.5674957,1,7
3SE8_HL_G|WH50A,1.333526,2.2973306,1,7
3SE8_HL_G|WH55A,0.7611056,1.1071317,1,7
3SE8_HL_G|YH111A,0.82992166,0.022923287,1,7
3SE8_HL_G|YH60A,0.8558488,0.8764268,1,7
4KRL_A_B|DB112A,0.6496817,1.4559026,1,7
5C6T_HL_A|EA194A,1.0906719,0.9408798,1,7
5C6T_HL_A|FA192A,1.9972014,1.9263443,1,7
5C6T_HL_A|FA199A,2.7581792,1.5620238,1,7
5C6T_HL_A|FA200A,0.41047263,0.8830385,1,7
5C6T_HL_A|FH99A,1.4600298,-0.8392739,1,7
5C6T_HL_A|IA201A,0.88561165,0.44620544,1,7
5C6T_HL_A|NA183A,0.28399685,0.5926225,1,7
5C6T_HL_A|NA186A,0.3630724,-0.20879641,1,7
5C6T_HL_A|NA188A,-0.36658686,1.1657649,1,7
"5C6T_HL_A|NA195A,DA197A",0.58650106,0.96312135,1,7
5C6T_HL_A|NH97A,1.5258962,-0.1518734,1,7
5C6T_HL_A|RH31S,0.3115454,-0.016945243,1,7
5C6T_HL_A|RL48A,0.1229613,0.9422024,1,7
5C6T_HL_A|SH32A,-0.8683455,0.43958452,1,7
5C6T_HL_A|TA185A,0.33786914,0.8559845,1,7
5C6T_HL_A|YA182A,3.2083547,1.4122245,1,7
"5C6T_HL_A|YA182A,NA195A,DA197A",2.942425,2.3148806,1,7
5C6T_HL_A|YH104A,0.3630724,-0.034908857,1,7
5C6T_HL_A|YH98A,1.7166799,0.38310343,1,7
5C6T_HL_A|YL47A,0.5516565,2.5095851,1,7
1DVF_AB_CD|DB100A,2.7895143,0.3599853,2,0
"1DVF_AB_CD|DB100A,DD52A",4.0,0.7958909,2,0
"1DVF_AB_CD|DB100A,HD33A",4.0,0.41298518,2,0
"1DVF_AB_CD|DB100A,ND55A",4.0,0.25605366,2,0
1DVF_AB_CD|DB54A,4.0,0.71550465,2,0
"1DVF_AB_CD|DB54A,YC49A",4.0,1.6977508,2,0
1DVF_AB_CD|DB58A,1.6000048,0.7743507,2,0
"1DVF_AB_CD|DB58A,QD104A",1.4641725,1.0017173,2,0
1DVF_AB_CD|DD52A,1.6822901,0.5665051,2,0
1DVF_AB_CD|EB98A,4.0,0.9358633,2,0
"1DVF_AB_CD|EB98A,YD102A",4.0,2.110216,2,0
1DVF_AB_CD|HA30A,1.6493824,0.35823917,2,0
1DVF_AB_CD|HD33A,1.8606005,-0.13092057,2,0
1DVF_AB_CD|ID101A,2.6815457,0.7373893,2,0
1DVF_AB_CD|KD30A,1.0035173,-0.11091514,2,0
1DVF_AB_CD|NB56A,1.1624389,-0.1070542,2,0
"1DVF_AB_CD|NB56A,HD33A",2.5259995,0.46274835,2,0
"1DVF_AB_CD|NB56A,ND55A",2.3010929,-0.5556551,2,0
"1DVF_AB_CD|NB56A,QD104A",1.4868644,0.45039904,2,0
1DVF_AB_CD|ND55A,1.8606005,-0.13477114,2,0
1DVF_AB_CD|QD104A,1.6287225,0.60623497,2,0
1DVF_AB_CD|RB99A,1.8746451,0.31888005,2,0
1DVF_AB_CD|RD106A,4.0,0.07261589,2,0
1DVF_AB_CD|SA93A,1.1624389,0.27937186,2,0
1DVF_AB_CD|TB30A,0.9075126,0.10099664,2,0
1DVF_AB_CD|WA92A,0.34072307,-0.15288436,2,0
1DVF_AB_CD|WB52A,4.0,2.0139487,2,0
"1DVF_AB_CD|WB52A,QD104A",4.0,1.571223,2,0
1DVF_AB_CD|YA32A,2.0303695,1.285352,2,0
"1DVF_AB_CD|YA32A,RD106A",4.0,1.1641273,2,0
1DVF_AB_CD|YA49A,1.6785902,2.2831929,2,0
"1DVF_AB_CD|YA49A,HD33A",2.625045,2.7377725,2,0
"1DVF_AB_CD|YA49A,ND55A",2.0303695,1.4449546,2,0
1DVF_AB_CD|YA50A,0.6877736,1.9224265,2,0
1DVF_AB_CD|YB101F,2.0123136,1.3999155,2,0
1DVF_AB_CD|YB32A,1.8314707,1.2215073,2,0
1DVF_AB_CD|YC49A,1.8606005,0.61075574,2,0
1DVF_AB_CD|YD102A,4.0,1.4101586,2,0
1MHP_HL_A|FH99W,0.0,-0.20383212,2,0
1MHP_HL_A|FH99Y,0.75466895,-0.6082573,2,0
1MHP_HL_A|GH100F,0.38901797,-0.13865817,2,0
1MHP_HL_A|GH100L,2.727121,-0.008141883,2,0
1MHP_HL_A|GH100M,0.10213403,-0.055401713,2,0
1MHP_HL_A|GH100S,0.5577475,-0.44977197,2,0
1MHP_HL_A|GH53A,0.5126066,0.08741236,2,0
1MHP_HL_A|GH53N,1.2553134,-0.13343495,2,0
1MHP_HL_A|GH53S,0.6755934,-0.1864346,2,0
1MHP_HL_A|GH54I,1.3635606,-0.032982107,2,0
1MHP_HL_A|GH54T,1.1641668,0.43074954,2,0
1MHP_HL_A|GH54Y,0.0,-1.115123,2,0
1MHP_HL_A|GL91Q,1.572685,0.32591042,2,0
1MHP_HL_A|GL91S,0.5126066,0.0052033365,2,0
1MHP_HL_A|HL30K,1.1641668,0.5241589,2,0
1MHP_HL_A|HL30R,1.1237977,-0.67737174,2,0
1MHP_HL_A|HL30W,1.2553134,-0.67917085,2,0
1MHP_HL_A|KH64D,-0.17144196,-0.80447483,2,0
1MHP_HL_A|KH64E,-0.07761467,-0.5131637,2,0
"1MHP_HL_A|KH64E,SL27Q",-0.85684633,-0.87946856,2,0
"1MHP_HL_A|KH64E,SL27Q,NL51Y",-1.0191593,-1.4125926,2,0
1MHP_HL_A|KH64N,-0.03627145,-0.65787184,2,0
1MHP_HL_A|KH64Q,-0.07761467,-0.48310712,2,0
1MHP_HL_A|LH60D,-0.061319917,-0.20450018,2,0
"1MHP_HL_A|LH60D,KH64E",-0.1418005,-0.809769,2,0
"1MHP_HL_A|LH60D,KH64Q",0.042989343,-0.7045892,2,0
1MHP_HL_A|LL48F,0.71227974,-0.51677185,2,0
1MHP_HL_A|LL48K,0.8612009,-0.4140267,2,0
1MHP_HL_A|LL48W,1.9075676,-1.4709275,2,0
1MHP_HL_A|NL29V,1.0493295,0.07157025,2,0
1MHP_HL_A|NL29W,1.572685,0.013262682,2,0
1MHP_HL_A|NL29Y,1.9075676,-0.22745062,2,0
"1MHP_HL_A|NL29Y,SL90I",0.43436813,0.17483953,2,0
1MHP_HL_A|NL51D,0.5007625,-0.21508753,2,0
1MHP_HL_A|NL51E,-0.08868487,-0.1864153,2,0
1MHP_HL_A|NL51K,0.65751,0.21885613,2,0
1MHP_HL_A|NL51R,0.84484076,-0.30117875,2,0
1MHP_HL_A|NL51Y,-0.05162489,-0.5268181,2,0
1MHP_HL_A|RH31Q,1.3073281,0.2105194,2,0
1MHP_HL_A|SH35A,1.572685,1.3884685,2,0
"1MHP_HL_A|SH35A,GH102S",1.572685,1.302418,2,0
1MHP_HL_A|SH35Q,2.727121,0.51521295,2,0
"1MHP_HL_A|SH35V,GH102S",1.4256749,1.3197167,2,0
1MHP_HL_A|SH52M,2.0758402,0.21673691,2,0
1MHP_HL_A|SL23R,-0.21533228,-0.20915207,2,0
1MHP_HL_A|SL27Q,-0.6661127,-0.11461304,2,0
1MHP_HL_A|SL90Q,1.7740332,0.33277127,2,0
1MHP_HL_A|SL90T,2.3166485,0.5966447,2,0
"1MHP_HL_A|TH33E,GH53Q",1.6674565,0.5705475,2,0
"1MHP_HL_A|TH33I,SH52T,GH53N,GH54N",1.9075676,0.95896035,2,0
"1MHP_HL_A|TH33I,SH52T,GH53Q,GH54F",1.2553134,0.8935194,2,0
1MHP_HL_A|TH33N,2.727121,0.13050914,2,0
1MHP_HL_A|TH33V,0.43436813,0.57965565,2,0
1MHP_HL_A|TH50V,-0.13159887,0.272706,2,0
"1MHP_HL_A|TH50V,GH102S",1.6674565,0.6664007,2,0
"1MHP_HL_A|TH50V,KH64E",-0.1805197,-0.40669572,2,0
"1MHP_HL_A|TH50V,KH64E,SL27Q,NL51E",-1.267319,-0.888349,2,0
"1MHP_HL_A|TH50V,KH64E,SL27Q,NL51Y",-1.0844951,-1.3979435,2,0
"1MHP_HL_A|TH50V,SH35A",2.0758402,1.3657017,2,0
"1MHP_HL_A|TH50V,SH35V",2.727121,1.2446928,2,0
"1MHP_HL_A|TH50V,SL27Q",-0.6946839,-0.017180204,2,0
"1MHP_HL_A|TH50V,SL27Q,NL51Y",-1.0235296,-0.7203925,2,0
1MHP_HL_A|WL89Q,2.0758402,0.76506186,2,0
"1MHP_HL_A|WL89Q,FL32Y",0.871019,0.07969174,2,0
1MHP_HL_A|YH58E,2.0758402,1.1486964,2,0
1MHP_HL_A|YH58Q,2.0758402,0.88378346,2,0
1MHP_HL_A|YH58W,0.82094526,0.24740615,2,0
1MHP_HL_A|YH59E,0.54400706,0.7481981,2,0
1N8Z_AB_C|DB102W,-0.71302944,-0.06763729,2,0
1N8Z_AB_C|FC539A,0.035102826,1.3520794,2,0
1N8Z_AB_C|HA91F,0.034232877,-0.16067518,2,0
1N8Z_AB_C|LC509A,-0.023045197,0.49596584,2,0
1N8Z_AB_C|NA30S,0.06666317,-0.19871393,2,0
"1N8Z_AB_C|NA30S,HA91F,YA92W",-0.07476232,0.6870184,2,0
"1N8Z_AB_C|NA30S,HA91F,YA92W,TA94S,DB102W,YB105F,YB109V",0.050661404,0.18374673,2,0
1N8Z_AB_C|RB50A,2.9754758,1.9032502,2,0
1N8Z_AB_C|RB59A,1.8037988,1.2170978,2,0
1N8Z_AB_C|SC535A,0.030827092,0.46025032,2,0
1N8Z_AB_C|TA94S,0.32168603,-0.5360896,2,0
1N8Z_AB_C|VC536A,0.008972699,0.1288813,2,0
1N8Z_AB_C|YB105F,0.8540034,0.8479446,2,0
1N8Z_AB_C|YB109V,0.23192272,0.28280202,2,0
1XGQ_AB_C|VB33A,1.1525793,0.8436261,2,0
1XGQ_AB_C|VB33F,-2.9080825,-2.6799223,2,0
1XGQ_AB_C|VB33I,-1.1076277,-0.9644554,2,0
1XGQ_AB_C|VB33L,-1.0463123,-1.0155139,2,0
1YQV_HL_Y|RY45K,1.8995041,0.2015112,2,0
"1YQV_HL_Y|RY68K,TY40S,IY55V,SY91T",4.0,0.98687273,2,0
"1YQV_HL_Y|RY68K,TY40S,IY55V,SY91T,QY121H",0.0,0.8898787,2,0
1YY9_CD_A|AC25P,0.07225565,-0.25443017,2,0
1YY9_CD_A|AD98P,1.0372273,-0.5208329,2,0
1YY9_CD_A|GD54P,0.26807046,-0.02058652,2,0
1YY9_CD_A|LD29P,0.030827092,0.19162321,2,0
1YY9_CD_A|NC93A,-0.74186975,-0.0213833,2,0
1YY9_CD_A|ND56A,-0.057046015,-0.05001022,2,0
1YY9_CD_A|SC26D,-0.19925442,-0.017041065,2,0
"1YY9_CD_A|SC26D,TC31E,NC93A",-1.3329437,0.012277059,2,0
"1YY9_CD_A|SC26D,TC31E,NC93A,ND56A,TD61E",-0.6517935,-0.44715106,2,0
1YY9_CD_A|SC26P,-0.009110746,0.38075754,2,0
1YY9_CD_A|SC28P,-0.22229962,0.059045702,2,0
1YY9_CD_A|SC54P,-0.018363854,0.31032193,2,0
1YY9_CD_A|SD53P,0.8175451,0.15086499,2,0
1YY9_CD_A|TC31E,-0.51892465,0.31224692,2,0
"1YY9_CD_A|TC31E,NC93A",-0.81853306,0.20283061,2,0
1YY9_CD_A|TC96P,4.0,-0.24285616,2,0
1YY9_CD_A|TD61E,-0.057046015,-0.2623403,2,0
1YY9_CD_A|WD52P,1.4782712,1.0036497,2,0
1YY9_CD_A|YD101P,1.6514195,0.73947686,2,0
3NPS_A_BC|DA214A,1.466743,0.7594399,2,0
3NPS_A_BC|DA46A,0.3399866,0.6146195,2,0
3NPS_A_BC|DA47A,1.0674704,1.3527834,2,0
3NPS_A_BC|DA91A,1.5070341,0.96251744,2,0
3NPS_A_BC|EA163A,0.61534816,0.21808717,2,0
3NPS_A_BC|FA50A,0.21957076,0.97479075,2,0
3NPS_A_BC|FA89A,1.5714045,1.4665973,2,0
3NPS_A_BC|FA92A,0.46353978,1.1535232,2,0
3NPS_A_BC|HA138A,1.8750918,0.040494293,2,0
3NPS_A_BC|IA26A,0.6415425,-0.06430739,2,0
3NPS_A_BC|IA45A,-0.33181784,0.5894342,2,0
3NPS_A_BC|KA221A,-0.10361039,0.080318496,2,0
3NPS_A_BC|LA147A,0.29573628,0.09515996,2,0
3NPS_A_BC|NA90A,0.25341922,0.36518255,2,0
3NPS_A_BC|QA140A,0.29573628,0.38956314,2,0
3NPS_A_BC|QA168A,-0.059223834,-0.16901952,2,0
3NPS_A_BC|QA169A,0.7409076,1.5464656,2,0
3NPS_A_BC|QA218A,-0.040916756,0.73357195,2,0
3NPS_A_BC|QA23A,0.026323749,0.29636627,2,0
3NPS_A_BC|RA219A,-0.08390186,-0.30711,2,0
3NPS_A_BC|RA48A,-1.062741,-0.1401027,2,0
3NPS_A_BC|RA51A,0.13816836,0.25529352,2,0
3NPS_A_BC|RA82A,-0.15159543,-0.2546116,2,0
3NPS_A_BC|TA144A,0.17497002,0.39948714,2,0
3NPS_A_BC|TA93A,0.72381234,1.0004463,2,0
3NPS_A_BC|YA141A,1.7748737,1.33712,2,0
3NPS_A_BC|YA52A,0.4518898,0.37235975,2,0
3W2D_A_HL|KA67N,4.0,0.8607752,2,0
3W2D_A_HL|KA67R,-0.42812017,1.0612574,2,0
3W2D_A_HL|YA45F,0.8779443,-0.88529235,2,0
3W2D_A_HL|YA45L,2.3647563,0.6590119,2,0
"4KRO_A_B|DA321T,FA323A",0.1269707,1.354696,2,0
"4KRP_A_B|DA277T,FA279A",0.35829666,1.2105339,2,0
4NM8_ABCDEF_HL|DB19N,0.66149956,0.097662196,2,0
4NM8_ABCDEF_HL|IB18M,0.10977998,0.044632345,2,0
4NM8_ABCDEF_HL|LB38Y,-0.6151596,-0.44003287,2,0
4NM8_ABCDEF_HL|QB34R,2.9754758,1.4108789,2,0
4NM8_ABCDEF_HL|QB34T,2.3309386,1.3045034,2,0
4NM8_ABCDEF_HL|RB25M,3.442353,0.21695372,2,0
4NM8_ABCDEF_HL|TB32E,-0.5517196,-0.63541484,2,0
4NM8_ABCDEF_HL|TB32I,-0.050205972,0.71303844,2,0
4NM8_ABCDEF_HL|TB32R,1.2211944,-0.10965924,2,0
1DVF_AB_CD|DB100A,2.7895143,0.5963878,2,1
"1DVF_AB_CD|DB100A,DD52A",4.0,1.8857783,2,1
"1DVF_AB_CD|DB100A,HD33A",4.0,1.43753,2,1
"1DVF_AB_CD|DB100A,ND55A",4.0,1.3957939,2,1
1DVF_AB_CD|DB54A,4.0,0.67589796,2,1
"1DVF_AB_CD|DB54A,YC49A",4.0,2.857985,2,1
1DVF_AB_CD|DB58A,1.6000048,0.47207305,2,1
"1DVF_AB_CD|DB58A,QD104A",1.4641725,1.1469496,2,1
1DVF_AB_CD|DD52A,1.6822901,1.1185306,2,1
1DVF_AB_CD|EB98A,4.0,1.2179435,2,1
"1DVF_AB_CD|EB98A,YD102A",4.0,3.6511765,2,1
1DVF_AB_CD|HA30A,1.6493824,0.43602124,2,1
1DVF_AB_CD|HD33A,1.8606005,0.8493284,2,1
1DVF_AB_CD|ID101A,2.6815457,0.93046594,2,1
1DVF_AB_CD|KD30A,1.0035173,1.2510543,2,1
1DVF_AB_CD|NB56A,1.1624389,0.012316652,2,1
"1DVF_AB_CD|NB56A,HD33A",2.5259995,0.44747168,2,1
"1DVF_AB_CD|NB56A,ND55A",2.3010929,0.4892636,2,1
"1DVF_AB_CD|NB56A,QD104A",1.4868644,0.5717443,2,1
1DVF_AB_CD|ND55A,1.8606005,0.80072355,2,1
1DVF_AB_CD|QD104A,1.6287225,0.955044,2,1
1DVF_AB_CD|RB99A,1.8746451,0.49701995,2,1
1DVF_AB_CD|RD106A,4.0,1.2686028,2,1
1DVF_AB_CD|SA93A,1.1624389,0.43367037,2,1
1DVF_AB_CD|TB30A,0.9075126,0.2520383,2,1
1DVF_AB_CD|WA92A,0.34072307,1.7363245,2,1
1DVF_AB_CD|WB52A,4.0,1.1352391,2,1
"1DVF_AB_CD|WB52A,QD104A",4.0,1.8928406,2,1
1DVF_AB_CD|YA32A,2.0303695,1.3176595,2,1
"1DVF_AB_CD|YA32A,RD106A",4.0,2.5858285,2,1
1DVF_AB_CD|YA49A,1.6785902,1.0187814,2,1
"1DVF_AB_CD|YA49A,HD33A",2.625045,1.7652398,2,1
"1DVF_AB_CD|YA49A,ND55A",2.0303695,1.9044688,2,1
1DVF_AB_CD|YA50A,0.6877736,0.92445946,2,1
1DVF_AB_CD|YB101F,2.0123136,0.4922685,2,1
1DVF_AB_CD|YB32A,1.8314707,0.92598295,2,1
1DVF_AB_CD|YC49A,1.8606005,2.062419,2,1
1DVF_AB_CD|YD102A,4.0,2.0297046,2,1
1MHP_HL_A|FH99W,0.0,0.018400818,2,1
1MHP_HL_A|FH99Y,0.75466895,-0.040956877,2,1
1MHP_HL_A|GH100F,0.38901797,-0.015419096,2,1
1MHP_HL_A|GH100L,2.727121,0.075386904,2,1
1MHP_HL_A|GH100M,0.10213403,0.0072820857,2,1
1MHP_HL_A|GH100S,0.5577475,0.123684004,2,1
1MHP_HL_A|GH53A,0.5126066,0.19391888,2,1
1MHP_HL_A|GH53N,1.2553134,0.03236283,2,1
1MHP_HL_A|GH53S,0.6755934,-0.046543814,2,1
1MHP_HL_A|GH54I,1.3635606,0.025362492,2,1
1MHP_HL_A|GH54T,1.1641668,0.2685353,2,1
1MHP_HL_A|GH54Y,0.0,-0.060441993,2,1
1MHP_HL_A|GL91Q,1.572685,-0.061036818,2,1
1MHP_HL_A|GL91S,0.5126066,0.01071199,2,1
1MHP_HL_A|HL30K,1.1641668,0.21768174,2,1
1MHP_HL_A|HL30R,1.1237977,-0.046014182,2,1
1MHP_HL_A|HL30W,1.2553134,-0.3259878,2,1
1MHP_HL_A|KH64D,-0.17144196,-0.27891812,2,1
1MHP_HL_A|KH64E,-0.07761467,-0.25479373,2,1
"1MHP_HL_A|KH64E,SL27Q",-0.85684633,-0.56588244,2,1
"1MHP_HL_A|KH64E,SL27Q,NL51Y",-1.0191593,-1.3527235,2,1
1MHP_HL_A|KH64N,-0.03627145,0.21371514,2,1
1MHP_HL_A|KH64Q,-0.07761467,-0.20711052,2,1
1MHP_HL_A|LH60D,-0.061319917,0.30685917,2,1
"1MHP_HL_A|LH60D,KH64E",-0.1418005,-0.34699503,2,1
"1MHP_HL_A|LH60D,KH64Q",0.042989343,-0.22875717,2,1
1MHP_HL_A|LL48F,0.71227974,0.08851341,2,1
1MHP_HL_A|LL48K,0.8612009,0.4030274,2,1
1MHP_HL_A|LL48W,1.9075676,-0.08016289,2,1
1MHP_HL_A|NL29V,1.0493295,-0.11524958,2,1
1MHP_HL_A|NL29W,1.572685,-0.21909454,2,1
1MHP_HL_A|NL29Y,1.9075676,-0.2347076,2,1
"1MHP_HL_A|NL29Y,SL90I",0.43436813,-0.6772465,2,1
1MHP_HL_A|NL51D,0.5007625,-0.53423536,2,1
1MHP_HL_A|NL51E,-0.08868487,-0.49081835,2,1
1MHP_HL_A|NL51K,0.65751,-0.19188192,2,1
1MHP_HL_A|NL51R,0.84484076,-0.29237944,2,1
1MHP_HL_A|NL51Y,-0.05162489,-0.63603103,2,1
1MHP_HL_A|RH31Q,1.3073281,0.07400767,2,1
1MHP_HL_A|SH35A,1.572685,0.6019683,2,1
"1MHP_HL_A|SH35A,GH102S",1.572685,0.460723,2,1
1MHP_HL_A|SH35Q,2.727121,0.10731622,2,1
"1MHP_HL_A|SH35V,GH102S",1.4256749,-0.026244022,2,1
1MHP_HL_A|SH52M,2.0758402,0.12002927,2,1
1MHP_HL_A|SL23R,-0.21533228,-0.029140837,2,1
1MHP_HL_A|SL27Q,-0.6661127,-0.19130954,2,1
1MHP_HL_A|SL90Q,1.7740332,-0.004347302,2,1
1MHP_HL_A|SL90T,2.3166485,0.4054054,2,1
"1MHP_HL_A|TH33E,GH53Q",1.6674565,-0.1427719,2,1
"1MHP_HL_A|TH33I,SH52T,GH53N,GH54N",1.9075676,0.46081445,2,1
"1MHP_HL_A|TH33I,SH52T,GH53Q,GH54F",1.2553134,-0.11554802,2,1
1MHP_HL_A|TH33N,2.727121,0.23920119,2,1
1MHP_HL_A|TH33V,0.43436813,-0.04119309,2,1
1MHP_HL_A|TH50V,-0.13159887,-0.367985,2,1
"1MHP_HL_A|TH50V,GH102S",1.6674565,-0.36025414,2,1
"1MHP_HL_A|TH50V,KH64E",-0.1805197,-0.86954355,2,1
"1MHP_HL_A|TH50V,KH64E,SL27Q,NL51E",-1.267319,-1.6425579,2,1
"1MHP_HL_A|TH50V,KH64E,SL27Q,NL51Y",-1.0844951,-1.8561176,2,1
"1MHP_HL_A|TH50V,SH35A",2.0758402,-0.018327996,2,1
"1MHP_HL_A|TH50V,SH35V",2.727121,-0.5912738,2,1
"1MHP_HL_A|TH50V,SL27Q",-0.6946839,-0.669065,2,1
"1MHP_HL_A|TH50V,SL27Q,NL51Y",-1.0235296,-1.3888752,2,1
1MHP_HL_A|WL89Q,2.0758402,0.595125,2,1
"1MHP_HL_A|WL89Q,FL32Y",0.871019,0.27772084,2,1
1MHP_HL_A|YH58E,2.0758402,0.4395625,2,1
1MHP_HL_A|YH58Q,2.0758402,0.49746078,2,1
1MHP_HL_A|YH58W,0.82094526,0.22771004,2,1
1MHP_HL_A|YH59E,0.54400706,0.22993854,2,1
1N8Z_AB_C|DB102W,-0.71302944,-0.2242113,2,1
1N8Z_AB_C|FC539A,0.035102826,0.7367865,2,1
1N8Z_AB_C|HA91F,0.034232877,0.087680385,2,1
1N8Z_AB_C|LC509A,-0.023045197,0.8518857,2,1
1N8Z_AB_C|NA30S,0.06666317,0.024025433,2,1
"1N8Z_AB_C|NA30S,HA91F,YA92W",-0.07476232,-0.15688312,2,1
"1N8Z_AB_C|NA30S,HA91F,YA92W,TA94S,DB102W,YB105F,YB109V",0.050661404,-0.71003604,2,1
1N8Z_AB_C|RB50A,2.9754758,0.5897644,2,1
1N8Z_AB_C|RB59A,1.8037988,0.6634302,2,1
1N8Z_AB_C|SC535A,0.030827092,0.24982765,2,1
1N8Z_AB_C|TA94S,0.32168603,-0.08334,2,1
1N8Z_AB_C|VC536A,0.008972699,0.54104245,2,1
1N8Z_AB_C|YB105F,0.8540034,0.27112937,2,1
1N8Z_AB_C|YB109V,0.23192272,0.08700995,2,1
1XGQ_AB_C|VB33A,1.1525793,0.8556076,2,1
1XGQ_AB_C|VB33F,-2.9080825,0.051557243,2,1
1XGQ_AB_C|VB33I,-1.1076277,0.14792627,2,1
1XGQ_AB_C|VB33L,-1.0463123,0.07727391,2,1
1YQV_HL_Y|RY45K,1.8995041,0.2333982,2,1
"1YQV_HL_Y|RY68K,TY40S,IY55V,SY91T",4.0,0.3806246,2,1
"1YQV_HL_Y|RY68K,TY40S,IY55V,SY91T,QY121H",0.0,0.2756208,2,1
1YY9_CD_A|AC25P,0.07225565,-0.5308458,2,1
1YY9_CD_A|AD98P,1.0372273,-0.6942818,2,1
1YY9_CD_A|GD54P,0.26807046,0.14480215,2,1
1YY9_CD_A|LD29P,0.030827092,0.05751671,2,1
1YY9_CD_A|NC93A,-0.74186975,-0.032345846,2,1
1YY9_CD_A|ND56A,-0.057046015,0.012864597,2,1
1YY9_CD_A|SC26D,-0.19925442,0.13796352,2,1
"1YY9_CD_A|SC26D,TC31E,NC93A",-1.3329437,-0.33653972,2,1
"1YY9_CD_A|SC26D,TC31E,NC93A,ND56A,TD61E",-0.6517935,-0.7475306,2,1
1YY9_CD_A|SC26P,-0.009110746,0.08452048,2,1
1YY9_CD_A|SC28P,-0.22229962,-0.08748936,2,1
1YY9_CD_A|SC54P,-0.018363854,-0.11216266,2,1
1YY9_CD_A|SD53P,0.8175451,-0.035453252,2,1
1YY9_CD_A|TC31E,-0.51892465,0.11384558,2,1
"1YY9_CD_A|TC31E,NC93A",-0.81853306,-0.14887547,2,1
1YY9_CD_A|TC96P,4.0,-0.24147522,2,1
1YY9_CD_A|TD61E,-0.057046015,-0.18878385,2,1
1YY9_CD_A|WD52P,1.4782712,0.30316803,2,1
1YY9_CD_A|YD101P,1.6514195,0.45400566,2,1
3NPS_A_BC|DA214A,1.466743,0.45544302,2,1
3NPS_A_BC|DA46A,0.3399866,0.65220135,2,1
3NPS_A_BC|DA47A,1.0674704,0.96116084,2,1
3NPS_A_BC|DA91A,1.5070341,0.64527786,2,1
3NPS_A_BC|EA163A,0.61534816,1.0824566,2,1
3NPS_A_BC|FA50A,0.21957076,1.5151659,2,1
3NPS_A_BC|FA89A,1.5714045,1.0612158,2,1
3NPS_A_BC|FA92A,0.46353978,1.0101798,2,1
3NPS_A_BC|HA138A,1.8750918,0.8061595,2,1
3NPS_A_BC|IA26A,0.6415425,1.0029781,2,1
3NPS_A_BC|IA45A,-0.33181784,0.5897372,2,1
3NPS_A_BC|KA221A,-0.10361039,0.6536372,2,1
3NPS_A_BC|LA147A,0.29573628,1.1605572,2,1
3NPS_A_BC|NA90A,0.25341922,0.9838352,2,1
3NPS_A_BC|QA140A,0.29573628,0.6987243,2,1
3NPS_A_BC|QA168A,-0.059223834,0.82095706,2,1
3NPS_A_BC|QA169A,0.7409076,0.75257295,2,1
3NPS_A_BC|QA218A,-0.040916756,0.826182,2,1
3NPS_A_BC|QA23A,0.026323749,0.8025338,2,1
3NPS_A_BC|RA219A,-0.08390186,0.45062566,2,1
3NPS_A_BC|RA48A,-1.062741,0.41302824,2,1
3NPS_A_BC|RA51A,0.13816836,0.8688329,2,1
3NPS_A_BC|RA82A,-0.15159543,0.7498077,2,1
3NPS_A_BC|TA144A,0.17497002,0.4452424,2,1
3NPS_A_BC|TA93A,0.72381234,0.82779324,2,1
3NPS_A_BC|YA141A,1.7748737,1.5301834,2,1
3NPS_A_BC|YA52A,0.4518898,1.6021008,2,1
3W2D_A_HL|KA67N,4.0,0.08288628,2,1
3W2D_A_HL|KA67R,-0.42812017,0.0116325095,2,1
3W2D_A_HL|YA45F,0.8779443,0.2003701,2,1
3W2D_A_HL|YA45L,2.3647563,0.3720785,2,1
"4KRO_A_B|DA321T,FA323A",0.1269707,0.9062066,2,1
"4KRP_A_B|DA277T,FA279A",0.35829666,0.94470656,2,1
4NM8_ABCDEF_HL|DB19N,0.66149956,0.40427864,2,1
4NM8_ABCDEF_HL|IB18M,0.10977998,0.30380473,2,1
4NM8_ABCDEF_HL|LB38Y,-0.6151596,0.041080274,2,1
4NM8_ABCDEF_HL|QB34R,2.9754758,0.5847691,2,1
4NM8_ABCDEF_HL|QB34T,2.3309386,0.34251782,2,1
4NM8_ABCDEF_HL|RB25M,3.442353,0.036771905,2,1
4NM8_ABCDEF_HL|TB32E,-0.5517196,0.09685324,2,1
4NM8_ABCDEF_HL|TB32I,-0.050205972,0.023216717,2,1
4NM8_ABCDEF_HL|TB32R,1.2211944,0.23877805,2,1
1DVF_AB_CD|DB100A,2.7895143,1.8845725,2,2
"1DVF_AB_CD|DB100A,DD52A",4.0,2.032325,2,2
"1DVF_AB_CD|DB100A,HD33A",4.0,1.6397581,2,2
"1DVF_AB_CD|DB100A,ND55A",4.0,1.4101269,2,2
1DVF_AB_CD|DB54A,4.0,0.83045185,2,2
"1DVF_AB_CD|DB54A,YC49A",4.0,1.7865907,2,2
1DVF_AB_CD|DB58A,1.6000048,0.57084745,2,2
"1DVF_AB_CD|DB58A,QD104A",1.4641725,1.0924058,2,2
1DVF_AB_CD|DD52A,1.6822901,0.20967616,2,2
1DVF_AB_CD|EB98A,4.0,0.7185228,2,2
"1DVF_AB_CD|EB98A,YD102A",4.0,1.8086065,2,2
1DVF_AB_CD|HA30A,1.6493824,0.3076238,2,2
1DVF_AB_CD|HD33A,1.8606005,0.003591612,2,2
1DVF_AB_CD|ID101A,2.6815457,1.0262265,2,2
1DVF_AB_CD|KD30A,1.0035173,-0.117078155,2,2
1DVF_AB_CD|NB56A,1.1624389,0.35034904,2,2
"1DVF_AB_CD|NB56A,HD33A",2.5259995,0.53048027,2,2
"1DVF_AB_CD|NB56A,ND55A",2.3010929,0.121530235,2,2
"1DVF_AB_CD|NB56A,QD104A",1.4868644,0.922395,2,2
1DVF_AB_CD|ND55A,1.8606005,0.014004756,2,2
1DVF_AB_CD|QD104A,1.6287225,0.71226126,2,2
1DVF_AB_CD|RB99A,1.8746451,0.3195353,2,2
1DVF_AB_CD|RD106A,4.0,0.10126223,2,2
1DVF_AB_CD|SA93A,1.1624389,-0.04124092,2,2
1DVF_AB_CD|TB30A,0.9075126,-0.022146124,2,2
1DVF_AB_CD|WA92A,0.34072307,0.54372483,2,2
1DVF_AB_CD|WB52A,4.0,1.3364542,2,2
"1DVF_AB_CD|WB52A,QD104A",4.0,1.3838385,2,2
1DVF_AB_CD|YA32A,2.0303695,1.1524299,2,2
"1DVF_AB_CD|YA32A,RD106A",4.0,1.2612948,2,2
1DVF_AB_CD|YA49A,1.6785902,0.8346748,2,2
"1DVF_AB_CD|YA49A,HD33A",2.625045,0.65591484,2,2
"1DVF_AB_CD|YA49A,ND55A",2.0303695,0.33494443,2,2
1DVF_AB_CD|YA50A,0.6877736,0.7018883,2,2
1DVF_AB_CD|YB101F,2.0123136,1.5625939,2,2
1DVF_AB_CD|YB32A,1.8314707,1.0062975,2,2
1DVF_AB_CD|YC49A,1.8606005,1.0615993,2,2
1DVF_AB_CD|YD102A,4.0,1.3746843,2,2
1MHP_HL_A|FH99W,0.0,-0.45662633,2,2
1MHP_HL_A|FH99Y,0.75466895,-0.8627181,2,2
1MHP_HL_A|GH100F,0.38901797,-0.3830318,2,2
1MHP_HL_A|GH100L,2.727121,0.53146225,2,2
1MHP_HL_A|GH100M,0.10213403,-0.13805926,2,2
1MHP_HL_A|GH100S,0.5577475,0.17192674,2,2
1MHP_HL_A|GH53A,0.5126066,-0.17790991,2,2
1MHP_HL_A|GH53N,1.2553134,-0.423487,2,2
1MHP_HL_A|GH53S,0.6755934,-0.3813943,2,2
1MHP_HL_A|GH54I,1.3635606,-0.30989832,2,2
1MHP_HL_A|GH54T,1.1641668,-0.4057339,2,2
1MHP_HL_A|GH54Y,0.0,-1.6692888,2,2
1MHP_HL_A|GL91Q,1.572685,-0.19206084,2,2
1MHP_HL_A|GL91S,0.5126066,-0.33324572,2,2
1MHP_HL_A|HL30K,1.1641668,0.6034968,2,2
1MHP_HL_A|HL30R,1.1237977,-0.3938832,2,2
1MHP_HL_A|HL30W,1.2553134,-0.20255223,2,2
1MHP_HL_A|KH64D,-0.17144196,-0.2704562,2,2
1MHP_HL_A|KH64E,-0.07761467,-0.17452121,2,2
"1MHP_HL_A|KH64E,SL27Q",-0.85684633,-1.0014025,2,2
"1MHP_HL_A|KH64E,SL27Q,NL51Y",-1.0191593,-1.4423144,2,2
1MHP_HL_A|KH64N,-0.03627145,-0.01883636,2,2
1MHP_HL_A|KH64Q,-0.07761467,-0.13553908,2,2
1MHP_HL_A|LH60D,-0.061319917,-0.39808753,2,2
"1MHP_HL_A|LH60D,KH64E",-0.1418005,-0.6597209,2,2
"1MHP_HL_A|LH60D,KH64Q",0.042989343,-0.45432624,2,2
1MHP_HL_A|LL48F,0.71227974,-0.49168715,2,2
1MHP_HL_A|LL48K,0.8612009,0.31791148,2,2
1MHP_HL_A|LL48W,1.9075676,-0.32629144,2,2
1MHP_HL_A|NL29V,1.0493295,0.4355142,2,2
1MHP_HL_A|NL29W,1.572685,0.3125305,2,2
1MHP_HL_A|NL29Y,1.9075676,-0.3939255,2,2
"1MHP_HL_A|NL29Y,SL90I",0.43436813,-0.18261848,2,2
1MHP_HL_A|NL51D,0.5007625,-0.13460329,2,2
1MHP_HL_A|NL51E,-0.08868487,0.1163913,2,2
1MHP_HL_A|NL51K,0.65751,0.61567837,2,2
1MHP_HL_A|NL51R,0.84484076,0.48717478,2,2
1MHP_HL_A|NL51Y,-0.05162489,-0.31759128,2,2
1MHP_HL_A|RH31Q,1.3073281,0.48032418,2,2
1MHP_HL_A|SH35A,1.572685,1.8043821,2,2
"1MHP_HL_A|SH35A,GH102S",1.572685,1.626212,2,2
1MHP_HL_A|SH35Q,2.727121,1.0612499,2,2
"1MHP_HL_A|SH35V,GH102S",1.4256749,1.3543454,2,2
1MHP_HL_A|SH52M,2.0758402,0.6710025,2,2
1MHP_HL_A|SL23R,-0.21533228,0.020276934,2,2
1MHP_HL_A|SL27Q,-0.6661127,-0.5289924,2,2
1MHP_HL_A|SL90Q,1.7740332,0.40337119,2,2
1MHP_HL_A|SL90T,2.3166485,0.25157937,2,2
"1MHP_HL_A|TH33E,GH53Q",1.6674565,0.8129813,2,2
"1MHP_HL_A|TH33I,SH52T,GH53N,GH54N",1.9075676,0.59245193,2,2
"1MHP_HL_A|TH33I,SH52T,GH53Q,GH54F",1.2553134,0.20161343,2,2
1MHP_HL_A|TH33N,2.727121,0.49133483,2,2
1MHP_HL_A|TH33V,0.43436813,0.8092772,2,2
1MHP_HL_A|TH50V,-0.13159887,0.3142606,2,2
"1MHP_HL_A|TH50V,GH102S",1.6674565,0.26189145,2,2
"1MHP_HL_A|TH50V,KH64E",-0.1805197,-0.29468495,2,2
"1MHP_HL_A|TH50V,KH64E,SL27Q,NL51E",-1.267319,-0.9808591,2,2
"1MHP_HL_A|TH50V,KH64E,SL27Q,NL51Y",-1.0844951,-1.3460203,2,2
"1MHP_HL_A|TH50V,SH35A",2.0758402,1.8430305,2,2
"1MHP_HL_A|TH50V,SH35V",2.727121,1.5085784,2,2
"1MHP_HL_A|TH50V,SL27Q",-0.6946839,-0.19146647,2,2
"1MHP_HL_A|TH50V,SL27Q,NL51Y",-1.0235296,-0.70671535,2,2
1MHP_HL_A|WL89Q,2.0758402,1.4725943,2,2
"1MHP_HL_A|WL89Q,FL32Y",0.871019,-0.10330433,2,2
1MHP_HL_A|YH58E,2.0758402,1.3933525,2,2
1MHP_HL_A|YH58Q,2.0758402,1.5615345,2,2
1MHP_HL_A|YH58W,0.82094526,1.2105328,2,2
1MHP_HL_A|YH59E,0.54400706,0.36399138,2,2
1N8Z_AB_C|DB102W,-0.71302944,-0.35437393,2,2
1N8Z_AB_C|FC539A,0.035102826,1.1949307,2,2
1N8Z_AB_C|HA91F,0.034232877,-0.1431333,2,2
1N8Z_AB_C|LC509A,-0.023045197,0.790718,2,2
1N8Z_AB_C|NA30S,0.06666317,0.36947802,2,2
"1N8Z_AB_C|NA30S,HA91F,YA92W",-0.07476232,0.37415892,2,2
"1N8Z_AB_C|NA30S,HA91F,YA92W,TA94S,DB102W,YB105F,YB109V",0.050661404,1.2208589,2,2
1N8Z_AB_C|RB50A,2.9754758,1.0084605,2,2
1N8Z_AB_C|RB59A,1.8037988,0.8126168,2,2
1N8Z_AB_C|SC535A,0.030827092,0.21673077,2,2
1N8Z_AB_C|TA94S,0.32168603,-0.05659684,2,2
1N8Z_AB_C|VC536A,0.008972699,0.58531344,2,2
1N8Z_AB_C|YB105F,0.8540034,1.6367283,2,2
1N8Z_AB_C|YB109V,0.23192272,0.3202715,2,2
1XGQ_AB_C|VB33A,1.1525793,0.91633487,2,2
1XGQ_AB_C|VB33F,-2.9080825,-2.3472826,2,2
1XGQ_AB_C|VB33I,-1.1076277,-0.8844981,2,2
1XGQ_AB_C|VB33L,-1.0463123,-0.798506,2,2
1YQV_HL_Y|RY45K,1.8995041,0.49224412,2,2
"1YQV_HL_Y|RY68K,TY40S,IY55V,SY91T",4.0,0.7880669,2,2
"1YQV_HL_Y|RY68K,TY40S,IY55V,SY91T,QY121H",0.0,1.0251087,2,2
1YY9_CD_A|AC25P,0.07225565,-0.4346726,2,2
1YY9_CD_A|AD98P,1.0372273,-1.3907272,2,2
1YY9_CD_A|GD54P,0.26807046,-0.2156978,2,2
1YY9_CD_A|LD29P,0.030827092,0.23783857,2,2
1YY9_CD_A|NC93A,-0.74186975,-0.20015681,2,2
1YY9_CD_A|ND56A,-0.057046015,0.4758409,2,2
1YY9_CD_A|SC26D,-0.19925442,0.17565049,2,2
"1YY9_CD_A|SC26D,TC31E,NC93A",-1.3329437,0.36578164,2,2
"1YY9_CD_A|SC26D,TC31E,NC93A,ND56A,TD61E",-0.6517935,0.15474796,2,2
1YY9_CD_A|SC26P,-0.009110746,0.29241723,2,2
1YY9_CD_A|SC28P,-0.22229962,-0.4093606,2,2
1YY9_CD_A|SC54P,-0.018363854,0.028033089,2,2
1YY9_CD_A|SD53P,0.8175451,-0.24853703,2,2
1YY9_CD_A|TC31E,-0.51892465,1.0519794,2,2
"1YY9_CD_A|TC31E,NC93A",-0.81853306,0.5914046,2,2
1YY9_CD_A|TC96P,4.0,-0.150323,2,2
1YY9_CD_A|TD61E,-0.057046015,-0.12443173,2,2
1YY9_CD_A|WD52P,1.4782712,0.5665209,2,2
1YY9_CD_A|YD101P,1.6514195,1.443104,2,2
3NPS_A_BC|DA214A,1.466743,0.4298009,2,2
3NPS_A_BC|DA46A,0.3399866,0.8098128,2,2
3NPS_A_BC|DA47A,1.0674704,1.2306244,2,2
3NPS_A_BC|DA91A,1.5070341,0.26108107,2,2
3NPS_A_BC|EA163A,0.61534816,-0.20648605,2,2
3NPS_A_BC|FA50A,0.21957076,0.71968645,2,2
3NPS_A_BC|FA89A,1.5714045,1.0539639,2,2
3NPS_A_BC|FA92A,0.46353978,0.33660933,2,2
3NPS_A_BC|HA138A,1.8750918,-0.15882654,2,2
3NPS_A_BC|IA26A,0.6415425,0.20520227,2,2
3NPS_A_BC|IA45A,-0.33181784,0.70109665,2,2
3NPS_A_BC|KA221A,-0.10361039,0.3481986,2,2
3NPS_A_BC|LA147A,0.29573628,0.46953893,2,2
3NPS_A_BC|NA90A,0.25341922,0.44096106,2,2
3NPS_A_BC|QA140A,0.29573628,0.21781668,2,2
3NPS_A_BC|QA168A,-0.059223834,0.31900346,2,2
3NPS_A_BC|QA169A,0.7409076,1.9274565,2,2
3NPS_A_BC|QA218A,-0.040916756,0.55131805,2,2
3NPS_A_BC|QA23A,0.026323749,0.16848622,2,2
3NPS_A_BC|RA219A,-0.08390186,-0.065748736,2,2
3NPS_A_BC|RA48A,-1.062741,-0.28154367,2,2
3NPS_A_BC|RA51A,0.13816836,-0.012079354,2,2
3NPS_A_BC|RA82A,-0.15159543,-0.16016228,2,2
3NPS_A_BC|TA144A,0.17497002,0.26664597,2,2
3NPS_A_BC|TA93A,0.72381234,1.0413662,2,2
3NPS_A_BC|YA141A,1.7748737,1.1146686,2,2
3NPS_A_BC|YA52A,0.4518898,-0.07228121,2,2
3W2D_A_HL|KA67N,4.0,0.23692842,2,2
3W2D_A_HL|KA67R,-0.42812017,0.3042648,2,2
3W2D_A_HL|YA45F,0.8779443,-0.59941465,2,2
3W2D_A_HL|YA45L,2.3647563,0.6040284,2,2
"4KRO_A_B|DA321T,FA323A",0.1269707,1.1566824,2,2
"4KRP_A_B|DA277T,FA279A",0.35829666,1.3513637,2,2
4NM8_ABCDEF_HL|DB19N,0.66149956,0.359947,2,2
4NM8_ABCDEF_HL|IB18M,0.10977998,0.7903578,2,2
4NM8_ABCDEF_HL|LB38Y,-0.6151596,-0.12421365,2,2
4NM8_ABCDEF_HL|QB34R,2.9754758,0.8747231,2,2
4NM8_ABCDEF_HL|QB34T,2.3309386,0.4887623,2,2
4NM8_ABCDEF_HL|RB25M,3.442353,0.7427354,2,2
4NM8_ABCDEF_HL|TB32E,-0.5517196,0.2579289,2,2
4NM8_ABCDEF_HL|TB32I,-0.050205972,0.517763,2,2
4NM8_ABCDEF_HL|TB32R,1.2211944,0.6367337,2,2
1DVF_AB_CD|DB100A,2.7895143,0.39105567,2,3
"1DVF_AB_CD|DB100A,DD52A",4.0,1.0206115,2,3
"1DVF_AB_CD|DB100A,HD33A",4.0,1.5248649,2,3
"1DVF_AB_CD|DB100A,ND55A",4.0,0.6713624,2,3
1DVF_AB_CD|DB54A,4.0,0.26018912,2,3
"1DVF_AB_CD|DB54A,YC49A",4.0,1.2000756,2,3
1DVF_AB_CD|DB58A,1.6000048,0.2328183,2,3
"1DVF_AB_CD|DB58A,QD104A",1.4641725,0.7764041,2,3
1DVF_AB_CD|DD52A,1.6822901,0.37877017,2,3
1DVF_AB_CD|EB98A,4.0,0.28885892,2,3
"1DVF_AB_CD|EB98A,YD102A",4.0,0.81764185,2,3
1DVF_AB_CD|HA30A,1.6493824,0.9857701,2,3
1DVF_AB_CD|HD33A,1.8606005,0.8370736,2,3
1DVF_AB_CD|ID101A,2.6815457,0.96480507,2,3
1DVF_AB_CD|KD30A,1.0035173,0.52490515,2,3
1DVF_AB_CD|NB56A,1.1624389,0.11128692,2,3
"1DVF_AB_CD|NB56A,HD33A",2.5259995,0.8288804,2,3
"1DVF_AB_CD|NB56A,ND55A",2.3010929,0.30179262,2,3
"1DVF_AB_CD|NB56A,QD104A",1.4868644,0.56598794,2,3
1DVF_AB_CD|ND55A,1.8606005,0.2530366,2,3
1DVF_AB_CD|QD104A,1.6287225,0.6864023,2,3
1DVF_AB_CD|RB99A,1.8746451,0.49813792,2,3
1DVF_AB_CD|RD106A,4.0,0.64474076,2,3
1DVF_AB_CD|SA93A,1.1624389,0.20205736,2,3
1DVF_AB_CD|TB30A,0.9075126,0.5388371,2,3
1DVF_AB_CD|WA92A,0.34072307,0.13884896,2,3
1DVF_AB_CD|WB52A,4.0,1.1316441,2,3
"1DVF_AB_CD|WB52A,QD104A",4.0,1.8856694,2,3
1DVF_AB_CD|YA32A,2.0303695,1.247588,2,3
"1DVF_AB_CD|YA32A,RD106A",4.0,1.772164,2,3
1DVF_AB_CD|YA49A,1.6785902,1.4702281,2,3
"1DVF_AB_CD|YA49A,HD33A",2.625045,2.369755,2,3
"1DVF_AB_CD|YA49A,ND55A",2.0303695,1.5483469,2,3
1DVF_AB_CD|YA50A,0.6877736,1.4938616,2,3
1DVF_AB_CD|YB101F,2.0123136,0.40336618,2,3
1DVF_AB_CD|YB32A,1.8314707,0.8909145,2,3
1DVF_AB_CD|YC49A,1.8606005,1.0070729,2,3
1DVF_AB_CD|YD102A,4.0,0.64654076,2,3
1MHP_HL_A|FH99W,0.0,-0.021415517,2,3
1MHP_HL_A|FH99Y,0.75466895,-0.16332011,2,3
1MHP_HL_A|GH100F,0.38901797,-0.2688095,2,3
1MHP_HL_A|GH100L,2.727121,-0.2809197,2,3
1MHP_HL_A|GH100M,0.10213403,-0.21276619,2,3
1MHP_HL_A|GH100S,0.5577475,-0.15943356,2,3
1MHP_HL_A|GH53A,0.5126066,0.46940956,2,3
1MHP_HL_A|GH53N,1.2553134,0.07580591,2,3
1MHP_HL_A|GH53S,0.6755934,-0.075030625,2,3
1MHP_HL_A|GH54I,1.3635606,-0.45801413,2,3
1MHP_HL_A|GH54T,1.1641668,-0.109857544,2,3
1MHP_HL_A|GH54Y,0.0,-0.7649949,2,3
1MHP_HL_A|GL91Q,1.572685,-0.37349558,2,3
1MHP_HL_A|GL91S,0.5126066,-0.22952124,2,3
1MHP_HL_A|HL30K,1.1641668,0.3133844,2,3
1MHP_HL_A|HL30R,1.1237977,0.18218032,2,3
1MHP_HL_A|HL30W,1.2553134,-0.14649995,2,3
1MHP_HL_A|KH64D,-0.17144196,-0.2610987,2,3
1MHP_HL_A|KH64E,-0.07761467,-0.2818532,2,3
"1MHP_HL_A|KH64E,SL27Q",-0.85684633,-0.49905935,2,3
"1MHP_HL_A|KH64E,SL27Q,NL51Y",-1.0191593,-1.6666176,2,3
1MHP_HL_A|KH64N,-0.03627145,0.005141953,2,3
1MHP_HL_A|KH64Q,-0.07761467,-0.2613379,2,3
1MHP_HL_A|LH60D,-0.061319917,-0.22095789,2,3
"1MHP_HL_A|LH60D,KH64E",-0.1418005,-0.39552343,2,3
"1MHP_HL_A|LH60D,KH64Q",0.042989343,-0.2790574,2,3
1MHP_HL_A|LL48F,0.71227974,0.045498334,2,3
1MHP_HL_A|LL48K,0.8612009,0.28040397,2,3
1MHP_HL_A|LL48W,1.9075676,-0.27336356,2,3
1MHP_HL_A|NL29V,1.0493295,-0.65347236,2,3
1MHP_HL_A|NL29W,1.572685,-0.7159682,2,3
1MHP_HL_A|NL29Y,1.9075676,-0.9771337,2,3
"1MHP_HL_A|NL29Y,SL90I",0.43436813,-1.0796471,2,3
1MHP_HL_A|NL51D,0.5007625,-0.42974567,2,3
1MHP_HL_A|NL51E,-0.08868487,-0.44115937,2,3
1MHP_HL_A|NL51K,0.65751,-0.22455366,2,3
1MHP_HL_A|NL51R,0.84484076,-0.4866121,2,3
1MHP_HL_A|NL51Y,-0.05162489,-1.1578838,2,3
1MHP_HL_A|RH31Q,1.3073281,-0.076552704,2,3
1MHP_HL_A|SH35A,1.572685,0.5557241,2,3
"1MHP_HL_A|SH35A,GH102S",1.572685,0.28566006,2,3
1MHP_HL_A|SH35Q,2.727121,0.11850937,2,3
"1MHP_HL_A|SH35V,GH102S",1.4256749,-0.07171651,2,3
1MHP_HL_A|SH52M,2.0758402,-0.16338287,2,3
1MHP_HL_A|SL23R,-0.21533228,-0.09703629,2,3
1MHP_HL_A|SL27Q,-0.6661127,-0.23882863,2,3
1MHP_HL_A|SL90Q,1.7740332,-0.42708135,2,3
1MHP_HL_A|SL90T,2.3166485,-0.115481846,2,3
"1MHP_HL_A|TH33E,GH53Q",1.6674565,-0.24442644,2,3
"1MHP_HL_A|TH33I,SH52T,GH53N,GH54N",1.9075676,0.58111835,2,3
"1MHP_HL_A|TH33I,SH52T,GH53Q,GH54F",1.2553134,-0.27855152,2,3
1MHP_HL_A|TH33N,2.727121,-0.1083728,2,3
1MHP_HL_A|TH33V,0.43436813,-0.27435508,2,3
1MHP_HL_A|TH50V,-0.13159887,-0.26355162,2,3
"1MHP_HL_A|TH50V,GH102S",1.6674565,-0.2886687,2,3
"1MHP_HL_A|TH50V,KH64E",-0.1805197,-0.76353973,2,3
"1MHP_HL_A|TH50V,KH64E,SL27Q,NL51E",-1.267319,-1.4827963,2,3
"1MHP_HL_A|TH50V,KH64E,SL27Q,NL51Y",-1.0844951,-2.1365256,2,3
"1MHP_HL_A|TH50V,SH35A",2.0758402,0.16815837,2,3
"1MHP_HL_A|TH50V,SH35V",2.727121,-0.26610628,2,3
"1MHP_HL_A|TH50V,SL27Q",-0.6946839,-0.5969323,2,3
"1MHP_HL_A|TH50V,SL27Q,NL51Y",-1.0235296,-1.6695269,2,3
1MHP_HL_A|WL89Q,2.0758402,0.024592811,2,3
"1MHP_HL_A|WL89Q,FL32Y",0.871019,0.17502522,2,3
1MHP_HL_A|YH58E,2.0758402,0.60730106,2,3
1MHP_HL_A|YH58Q,2.0758402,0.71842426,2,3
1MHP_HL_A|YH58W,0.82094526,0.42145613,2,3
1MHP_HL_A|YH59E,0.54400706,0.05303193,2,3
1N8Z_AB_C|DB102W,-0.71302944,-0.729665,2,3
1N8Z_AB_C|FC539A,0.035102826,0.48594674,2,3
1N8Z_AB_C|HA91F,0.034232877,-0.0940678,2,3
1N8Z_AB_C|LC509A,-0.023045197,0.42191792,2,3
1N8Z_AB_C|NA30S,0.06666317,0.20176743,2,3
"1N8Z_AB_C|NA30S,HA91F,YA92W",-0.07476232,0.062274188,2,3
"1N8Z_AB_C|NA30S,HA91F,YA92W,TA94S,DB102W,YB105F,YB109V",0.050661404,-0.089989275,2,3
1N8Z_AB_C|RB50A,2.9754758,0.8488667,2,3
1N8Z_AB_C|RB59A,1.8037988,0.47398874,2,3
1N8Z_AB_C|SC535A,0.030827092,0.31526065,2,3
1N8Z_AB_C|TA94S,0.32168603,-0.14335659,2,3
1N8Z_AB_C|VC536A,0.008972699,0.53848076,2,3
1N8Z_AB_C|YB105F,0.8540034,0.6171015,2,3
1N8Z_AB_C|YB109V,0.23192272,-0.07732235,2,3
1XGQ_AB_C|VB33A,1.1525793,0.5282357,2,3
1XGQ_AB_C|VB33F,-2.9080825,-0.13022426,2,3
1XGQ_AB_C|VB33I,-1.1076277,0.04330612,2,3
1XGQ_AB_C|VB33L,-1.0463123,-0.07232512,2,3
1YQV_HL_Y|RY45K,1.8995041,0.16601922,2,3
"1YQV_HL_Y|RY68K,TY40S,IY55V,SY91T",4.0,0.28070536,2,3
"1YQV_HL_Y|RY68K,TY40S,IY55V,SY91T,QY121H",0.0,0.26206538,2,3
1YY9_CD_A|AC25P,0.07225565,-0.5952656,2,3
1YY9_CD_A|AD98P,1.0372273,-0.90663826,2,3
1YY9_CD_A|GD54P,0.26807046,-0.08424009,2,3
1YY9_CD_A|LD29P,0.030827092,0.39490262,2,3
1YY9_CD_A|NC93A,-0.74186975,-0.17125322,2,3
1YY9_CD_A|ND56A,-0.057046015,0.090818405,2,3
1YY9_CD_A|SC26D,-0.19925442,-0.29900923,2,3
"1YY9_CD_A|SC26D,TC31E,NC93A",-1.3329437,-0.499092,2,3
"1YY9_CD_A|SC26D,TC31E,NC93A,ND56A,TD61E",-0.6517935,-0.843466,2,3
1YY9_CD_A|SC26P,-0.009110746,-0.37645516,2,3
1YY9_CD_A|SC28P,-0.22229962,-0.2672452,2,3
1YY9_CD_A|SC54P,-0.018363854,0.056815125,2,3
1YY9_CD_A|SD53P,0.8175451,-0.084567904,2,3
1YY9_CD_A|TC31E,-0.51892465,-0.20133148,2,3
"1YY9_CD_A|TC31E,NC93A",-0.81853306,-0.2929399,2,3
1YY9_CD_A|TC96P,4.0,-0.21772832,2,3
1YY9_CD_A|TD61E,-0.057046015,-0.36689174,2,3
1YY9_CD_A|WD52P,1.4782712,0.5585602,2,3
1YY9_CD_A|YD101P,1.6514195,0.60585606,2,3
3NPS_A_BC|DA214A,1.466743,0.305201,2,3
3NPS_A_BC|DA46A,0.3399866,0.49585047,2,3
3NPS_A_BC|DA47A,1.0674704,0.46951097,2,3
3NPS_A_BC|DA91A,1.5070341,0.8144375,2,3
3NPS_A_BC|EA163A,0.61534816,0.9757422,2,3
3NPS_A_BC|FA50A,0.21957076,0.292225,2,3
3NPS_A_BC|FA89A,1.5714045,0.5489002,2,3
3NPS_A_BC|FA92A,0.46353978,0.6384658,2,3
3NPS_A_BC|HA138A,1.8750918,0.8525599,2,3
3NPS_A_BC|IA26A,0.6415425,0.42825955,2,3
3NPS_A_BC|IA45A,-0.33181784,0.6541437,2,3
3NPS_A_BC|KA221A,-0.10361039,0.83688605,2,3
3NPS_A_BC|LA147A,0.29573628,0.4987584,2,3
3NPS_A_BC|NA90A,0.25341922,0.2489179,2,3
3NPS_A_BC|QA140A,0.29573628,0.32581803,2,3
3NPS_A_BC|QA168A,-0.059223834,0.8578121,2,3
3NPS_A_BC|QA169A,0.7409076,0.49467328,2,3
3NPS_A_BC|QA218A,-0.040916756,0.62388074,2,3
3NPS_A_BC|QA23A,0.026323749,0.5530813,2,3
3NPS_A_BC|RA219A,-0.08390186,0.5808886,2,3
3NPS_A_BC|RA48A,-1.062741,0.4219582,2,3
3NPS_A_BC|RA51A,0.13816836,0.55451936,2,3
3NPS_A_BC|RA82A,-0.15159543,0.2923519,2,3
3NPS_A_BC|TA144A,0.17497002,0.355285,2,3
3NPS_A_BC|TA93A,0.72381234,0.079444386,2,3
3NPS_A_BC|YA141A,1.7748737,0.7254271,2,3
3NPS_A_BC|YA52A,0.4518898,0.87038475,2,3
3W2D_A_HL|KA67N,4.0,0.26025155,2,3
3W2D_A_HL|KA67R,-0.42812017,0.2767703,2,3
3W2D_A_HL|YA45F,0.8779443,0.021918727,2,3
3W2D_A_HL|YA45L,2.3647563,0.00062568486,2,3
"4KRO_A_B|DA321T,FA323A",0.1269707,0.6061911,2,3
"4KRP_A_B|DA277T,FA279A",0.35829666,0.6039332,2,3
4NM8_ABCDEF_HL|DB19N,0.66149956,-0.014186004,2,3
4NM8_ABCDEF_HL|IB18M,0.10977998,-0.24754936,2,3
4NM8_ABCDEF_HL|LB38Y,-0.6151596,-0.10895303,2,3
4NM8_ABCDEF_HL|QB34R,2.9754758,0.2833827,2,3
4NM8_ABCDEF_HL|QB34T,2.3309386,0.31222266,2,3
4NM8_ABCDEF_HL|RB25M,3.442353,0.2259759,2,3
4NM8_ABCDEF_HL|TB32E,-0.5517196,0.21017927,2,3
4NM8_ABCDEF_HL|TB32I,-0.050205972,0.16029692,2,3
4NM8_ABCDEF_HL|TB32R,1.2211944,0.20952114,2,3
1DVF_AB_CD|DB100A,2.7895143,2.228219,2,4
"1DVF_AB_CD|DB100A,DD52A",4.0,3.145129,2,4
"1DVF_AB_CD|DB100A,HD33A",4.0,2.4487112,2,4
"1DVF_AB_CD|DB100A,ND55A",4.0,1.5478961,2,4
1DVF_AB_CD|DB54A,4.0,1.0778463,2,4
"1DVF_AB_CD|DB54A,YC49A",4.0,2.472299,2,4
1DVF_AB_CD|DB58A,1.6000048,0.7680546,2,4
"1DVF_AB_CD|DB58A,QD104A",1.4641725,0.4543949,2,4
1DVF_AB_CD|DD52A,1.6822901,1.614534,2,4
1DVF_AB_CD|EB98A,4.0,1.1370972,2,4
"1DVF_AB_CD|EB98A,YD102A",4.0,3.4808478,2,4
1DVF_AB_CD|HA30A,1.6493824,0.7014138,2,4
1DVF_AB_CD|HD33A,1.8606005,0.54296273,2,4
1DVF_AB_CD|ID101A,2.6815457,1.0517585,2,4
1DVF_AB_CD|KD30A,1.0035173,0.4045157,2,4
1DVF_AB_CD|NB56A,1.1624389,0.12171258,2,4
"1DVF_AB_CD|NB56A,HD33A",2.5259995,0.50891,2,4
"1DVF_AB_CD|NB56A,ND55A",2.3010929,0.2608812,2,4
"1DVF_AB_CD|NB56A,QD104A",1.4868644,0.13671835,2,4
1DVF_AB_CD|ND55A,1.8606005,0.29885674,2,4
1DVF_AB_CD|QD104A,1.6287225,0.50622076,2,4
1DVF_AB_CD|RB99A,1.8746451,0.35331103,2,4
1DVF_AB_CD|RD106A,4.0,0.5798756,2,4
1DVF_AB_CD|SA93A,1.1624389,0.19945186,2,4
1DVF_AB_CD|TB30A,0.9075126,-0.13673818,2,4
1DVF_AB_CD|WA92A,0.34072307,0.86293656,2,4
1DVF_AB_CD|WB52A,4.0,1.7936343,2,4
"1DVF_AB_CD|WB52A,QD104A",4.0,1.0780448,2,4
1DVF_AB_CD|YA32A,2.0303695,1.5108398,2,4
"1DVF_AB_CD|YA32A,RD106A",4.0,1.3465446,2,4
1DVF_AB_CD|YA49A,1.6785902,1.3651204,2,4
"1DVF_AB_CD|YA49A,HD33A",2.625045,1.519024,2,4
"1DVF_AB_CD|YA49A,ND55A",2.0303695,1.0732495,2,4
1DVF_AB_CD|YA50A,0.6877736,1.0475826,2,4
1DVF_AB_CD|YB101F,2.0123136,1.6352016,2,4
1DVF_AB_CD|YB32A,1.8314707,0.97897774,2,4
1DVF_AB_CD|YC49A,1.8606005,1.456508,2,4
1DVF_AB_CD|YD102A,4.0,2.324854,2,4
1MHP_HL_A|FH99W,0.0,-0.37073222,2,4
1MHP_HL_A|FH99Y,0.75466895,-0.86931163,2,4
1MHP_HL_A|GH100F,0.38901797,-0.070435196,2,4
1MHP_HL_A|GH100L,2.727121,0.2862186,2,4
1MHP_HL_A|GH100M,0.10213403,-0.12991832,2,4
1MHP_HL_A|GH100S,0.5577475,-0.21736957,2,4
1MHP_HL_A|GH53A,0.5126066,0.9619731,2,4
1MHP_HL_A|GH53N,1.2553134,-0.35738808,2,4
1MHP_HL_A|GH53S,0.6755934,0.33356985,2,4
1MHP_HL_A|GH54I,1.3635606,-0.35315502,2,4
1MHP_HL_A|GH54T,1.1641668,-0.006847306,2,4
1MHP_HL_A|GH54Y,0.0,-1.1316516,2,4
1MHP_HL_A|GL91Q,1.572685,-0.011440062,2,4
1MHP_HL_A|GL91S,0.5126066,0.29428157,2,4
1MHP_HL_A|HL30K,1.1641668,0.17471337,2,4
1MHP_HL_A|HL30R,1.1237977,-0.16041255,2,4
1MHP_HL_A|HL30W,1.2553134,-0.34910384,2,4
1MHP_HL_A|KH64D,-0.17144196,-0.43024734,2,4
1MHP_HL_A|KH64E,-0.07761467,-0.17350617,2,4
"1MHP_HL_A|KH64E,SL27Q",-0.85684633,-0.09666574,2,4
"1MHP_HL_A|KH64E,SL27Q,NL51Y",-1.0191593,-0.049856834,2,4
1MHP_HL_A|KH64N,-0.03627145,-0.009287417,2,4
1MHP_HL_A|KH64Q,-0.07761467,0.05989883,2,4
1MHP_HL_A|LH60D,-0.061319917,-0.34879526,2,4
"1MHP_HL_A|LH60D,KH64E",-0.1418005,-0.5527737,2,4
"1MHP_HL_A|LH60D,KH64Q",0.042989343,-0.3165644,2,4
1MHP_HL_A|LL48F,0.71227974,-0.34518066,2,4
1MHP_HL_A|LL48K,0.8612009,-0.18630362,2,4
1MHP_HL_A|LL48W,1.9075676,-0.6745526,2,4
1MHP_HL_A|NL29V,1.0493295,0.14728984,2,4
1MHP_HL_A|NL29W,1.572685,-0.024182439,2,4
1MHP_HL_A|NL29Y,1.9075676,-0.28402624,2,4
"1MHP_HL_A|NL29Y,SL90I",0.43436813,-0.13287352,2,4
1MHP_HL_A|NL51D,0.5007625,-0.2550721,2,4
1MHP_HL_A|NL51E,-0.08868487,0.39034224,2,4
1MHP_HL_A|NL51K,0.65751,0.39415228,2,4
1MHP_HL_A|NL51R,0.84484076,0.38768524,2,4
1MHP_HL_A|NL51Y,-0.05162489,-0.020236857,2,4
1MHP_HL_A|RH31Q,1.3073281,0.24329433,2,4
1MHP_HL_A|SH35A,1.572685,0.6755632,2,4
"1MHP_HL_A|SH35A,GH102S",1.572685,0.9879914,2,4
1MHP_HL_A|SH35Q,2.727121,0.08192728,2,4
"1MHP_HL_A|SH35V,GH102S",1.4256749,0.8233357,2,4
1MHP_HL_A|SH52M,2.0758402,-0.16092016,2,4
1MHP_HL_A|SL23R,-0.21533228,-0.16947648,2,4
1MHP_HL_A|SL27Q,-0.6661127,0.17774758,2,4
1MHP_HL_A|SL90Q,1.7740332,-0.078999564,2,4
1MHP_HL_A|SL90T,2.3166485,-0.31592506,2,4
"1MHP_HL_A|TH33E,GH53Q",1.6674565,0.98408055,2,4
"1MHP_HL_A|TH33I,SH52T,GH53N,GH54N",1.9075676,0.69427454,2,4
"1MHP_HL_A|TH33I,SH52T,GH53Q,GH54F",1.2553134,1.1087978,2,4
1MHP_HL_A|TH33N,2.727121,0.4946857,2,4
1MHP_HL_A|TH33V,0.43436813,0.5802481,2,4
1MHP_HL_A|TH50V,-0.13159887,0.35729626,2,4
"1MHP_HL_A|TH50V,GH102S",1.6674565,0.58724284,2,4
"1MHP_HL_A|TH50V,KH64E",-0.1805197,0.07414298,2,4
"1MHP_HL_A|TH50V,KH64E,SL27Q,NL51E",-1.267319,0.30578682,2,4
"1MHP_HL_A|TH50V,KH64E,SL27Q,NL51Y",-1.0844951,0.03521706,2,4
"1MHP_HL_A|TH50V,SH35A",2.0758402,1.0104884,2,4
"1MHP_HL_A|TH50V,SH35V",2.727121,0.910062,2,4
"1MHP_HL_A|TH50V,SL27Q",-0.6946839,0.24577627,2,4
"1MHP_HL_A|TH50V,SL27Q,NL51Y",-1.0235296,0.22854015,2,4
1MHP_HL_A|WL89Q,2.0758402,0.77638525,2,4
"1MHP_HL_A|WL89Q,FL32Y",0.871019,0.24285796,2,4
1MHP_HL_A|YH58E,2.0758402,1.2238325,2,4
1MHP_HL_A|YH58Q,2.0758402,1.1202836,2,4
1MHP_HL_A|YH58W,0.82094526,0.6084723,2,4
1MHP_HL_A|YH59E,0.54400706,0.35853177,2,4
1N8Z_AB_C|DB102W,-0.71302944,-0.15577225,2,4
1N8Z_AB_C|FC539A,0.035102826,1.0266662,2,4
1N8Z_AB_C|HA91F,0.034232877,0.0052322736,2,4
1N8Z_AB_C|LC509A,-0.023045197,1.3034481,2,4
1N8Z_AB_C|NA30S,0.06666317,0.15727952,2,4
"1N8Z_AB_C|NA30S,HA91F,YA92W",-0.07476232,0.1904446,2,4
"1N8Z_AB_C|NA30S,HA91F,YA92W,TA94S,DB102W,YB105F,YB109V",0.050661404,0.43490827,2,4
1N8Z_AB_C|RB50A,2.9754758,0.97913796,2,4
1N8Z_AB_C|RB59A,1.8037988,0.9696068,2,4
1N8Z_AB_C|SC535A,0.030827092,0.41531813,2,4
1N8Z_AB_C|TA94S,0.32168603,0.01822184,2,4
1N8Z_AB_C|VC536A,0.008972699,0.48159805,2,4
1N8Z_AB_C|YB105F,0.8540034,0.6310628,2,4
1N8Z_AB_C|YB109V,0.23192272,0.61723554,2,4
1XGQ_AB_C|VB33A,1.1525793,0.68201333,2,4
1XGQ_AB_C|VB33F,-2.9080825,-2.6705291,2,4
1XGQ_AB_C|VB33I,-1.1076277,-1.2454805,2,4
1XGQ_AB_C|VB33L,-1.0463123,-1.3494544,2,4
1YQV_HL_Y|RY45K,1.8995041,0.4815013,2,4
"1YQV_HL_Y|RY68K,TY40S,IY55V,SY91T",4.0,0.6608616,2,4
"1YQV_HL_Y|RY68K,TY40S,IY55V,SY91T,QY121H",0.0,0.6927283,2,4
1YY9_CD_A|AC25P,0.07225565,0.008185928,2,4
1YY9_CD_A|AD98P,1.0372273,-0.69134176,2,4
1YY9_CD_A|GD54P,0.26807046,-0.5633751,2,4
1YY9_CD_A|LD29P,0.030827092,-0.337789,2,4
1YY9_CD_A|NC93A,-0.74186975,0.12634587,2,4
1YY9_CD_A|ND56A,-0.057046015,0.10482065,2,4
1YY9_CD_A|SC26D,-0.19925442,-0.26525766,2,4
"1YY9_CD_A|SC26D,TC31E,NC93A",-1.3329437,0.7767074,2,4
"1YY9_CD_A|SC26D,TC31E,NC93A,ND56A,TD61E",-0.6517935,1.0281055,2,4
1YY9_CD_A|SC26P,-0.009110746,-0.3750356,2,4
1YY9_CD_A|SC28P,-0.22229962,-0.26339787,2,4
1YY9_CD_A|SC54P,-0.018363854,-0.075281255,2,4
1YY9_CD_A|SD53P,0.8175451,-0.3546595,2,4
1YY9_CD_A|TC31E,-0.51892465,1.0944853,2,4
"1YY9_CD_A|TC31E,NC93A",-0.81853306,1.534173,2,4
1YY9_CD_A|TC96P,4.0,-0.27935994,2,4
1YY9_CD_A|TD61E,-0.057046015,0.031616237,2,4
1YY9_CD_A|WD52P,1.4782712,0.56419766,2,4
1YY9_CD_A|YD101P,1.6514195,0.3697989,2,4
3NPS_A_BC|DA214A,1.466743,0.6453846,2,4
3NPS_A_BC|DA46A,0.3399866,0.93690217,2,4
3NPS_A_BC|DA47A,1.0674704,1.0733744,2,4
3NPS_A_BC|DA91A,1.5070341,0.5537177,2,4
3NPS_A_BC|EA163A,0.61534816,-0.05038944,2,4
3NPS_A_BC|FA50A,0.21957076,0.811256,2,4
3NPS_A_BC|FA89A,1.5714045,1.3079467,2,4
3NPS_A_BC|FA92A,0.46353978,1.2034117,2,4
3NPS_A_BC|HA138A,1.8750918,0.5538512,2,4
3NPS_A_BC|IA26A,0.6415425,0.48176768,2,4
3NPS_A_BC|IA45A,-0.33181784,0.3666607,2,4
3NPS_A_BC|KA221A,-0.10361039,0.98241526,2,4
3NPS_A_BC|LA147A,0.29573628,0.39771065,2,4
3NPS_A_BC|NA90A,0.25341922,0.53051907,2,4
3NPS_A_BC|QA140A,0.29573628,0.38423878,2,4
3NPS_A_BC|QA168A,-0.059223834,0.60937756,2,4
3NPS_A_BC|QA169A,0.7409076,1.4157432,2,4
3NPS_A_BC|QA218A,-0.040916756,0.71509993,2,4
3NPS_A_BC|QA23A,0.026323749,0.17242184,2,4
3NPS_A_BC|RA219A,-0.08390186,-0.39977688,2,4
3NPS_A_BC|RA48A,-1.062741,-0.1306601,2,4
3NPS_A_BC|RA51A,0.13816836,0.19826837,2,4
3NPS_A_BC|RA82A,-0.15159543,-0.12714587,2,4
3NPS_A_BC|TA144A,0.17497002,0.46384314,2,4
3NPS_A_BC|TA93A,0.72381234,1.3117826,2,4
3NPS_A_BC|YA141A,1.7748737,1.4847707,2,4
3NPS_A_BC|YA52A,0.4518898,0.4567164,2,4
3W2D_A_HL|KA67N,4.0,0.4118308,2,4
3W2D_A_HL|KA67R,-0.42812017,0.72142506,2,4
3W2D_A_HL|YA45F,0.8779443,-0.69748384,2,4
3W2D_A_HL|YA45L,2.3647563,0.13696496,2,4
"4KRO_A_B|DA321T,FA323A",0.1269707,0.6249824,2,4
"4KRP_A_B|DA277T,FA279A",0.35829666,0.6841669,2,4
4NM8_ABCDEF_HL|DB19N,0.66149956,0.55168235,2,4
4NM8_ABCDEF_HL|IB18M,0.10977998,0.5188019,2,4
4NM8_ABCDEF_HL|LB38Y,-0.6151596,-0.033373695,2,4
4NM8_ABCDEF_HL|QB34R,2.9754758,0.7153871,2,4
4NM8_ABCDEF_HL|QB34T,2.3309386,0.2813339,2,4
4NM8_ABCDEF_HL|RB25M,3.442353,0.91406393,2,4
4NM8_ABCDEF_HL|TB32E,-0.5517196,-0.13468035,2,4
4NM8_ABCDEF_HL|TB32I,-0.050205972,0.47319624,2,4
4NM8_ABCDEF_HL|TB32R,1.2211944,0.2608453,2,4
1DVF_AB_CD|DB100A,2.7895143,0.109774396,2,5
"1DVF_AB_CD|DB100A,DD52A",4.0,0.14717115,2,5
"1DVF_AB_CD|DB100A,HD33A",4.0,0.51065856,2,5
"1DVF_AB_CD|DB100A,ND55A",4.0,0.21041326,2,5
1DVF_AB_CD|DB54A,4.0,0.1912437,2,5
"1DVF_AB_CD|DB54A,YC49A",4.0,0.45645198,2,5
1DVF_AB_CD|DB58A,1.6000048,-0.04659915,2,5
"1DVF_AB_CD|DB58A,QD104A",1.4641725,0.19121945,2,5
1DVF_AB_CD|DD52A,1.6822901,-0.019251693,2,5
1DVF_AB_CD|EB98A,4.0,0.08998762,2,5
"1DVF_AB_CD|EB98A,YD102A",4.0,0.012175094,2,5
1DVF_AB_CD|HA30A,1.6493824,0.23533003,2,5
1DVF_AB_CD|HD33A,1.8606005,0.28487116,2,5
1DVF_AB_CD|ID101A,2.6815457,0.41800457,2,5
1DVF_AB_CD|KD30A,1.0035173,0.049452145,2,5
1DVF_AB_CD|NB56A,1.1624389,-0.05330155,2,5
"1DVF_AB_CD|NB56A,HD33A",2.5259995,0.3869436,2,5
"1DVF_AB_CD|NB56A,ND55A",2.3010929,0.055494834,2,5
"1DVF_AB_CD|NB56A,QD104A",1.4868644,0.24025066,2,5
1DVF_AB_CD|ND55A,1.8606005,-0.0032802038,2,5
1DVF_AB_CD|QD104A,1.6287225,0.08742505,2,5
1DVF_AB_CD|RB99A,1.8746451,-0.029029358,2,5
1DVF_AB_CD|RD106A,4.0,0.09744094,2,5
1DVF_AB_CD|SA93A,1.1624389,-0.038884107,2,5
1DVF_AB_CD|TB30A,0.9075126,-0.02831632,2,5
1DVF_AB_CD|WA92A,0.34072307,-0.10900061,2,5
1DVF_AB_CD|WB52A,4.0,0.14463861,2,5
"1DVF_AB_CD|WB52A,QD104A",4.0,0.289094,2,5
1DVF_AB_CD|YA32A,2.0303695,0.22221889,2,5
"1DVF_AB_CD|YA32A,RD106A",4.0,0.49180236,2,5
1DVF_AB_CD|YA49A,1.6785902,0.18708092,2,5
"1DVF_AB_CD|YA49A,HD33A",2.625045,0.5039777,2,5
"1DVF_AB_CD|YA49A,ND55A",2.0303695,0.29526436,2,5
1DVF_AB_CD|YA50A,0.6877736,0.12488623,2,5
1DVF_AB_CD|YB101F,2.0123136,0.012481976,2,5
1DVF_AB_CD|YB32A,1.8314707,0.17614408,2,5
1DVF_AB_CD|YC49A,1.8606005,0.18324839,2,5
1DVF_AB_CD|YD102A,4.0,-0.18498793,2,5
1MHP_HL_A|FH99W,0.0,-0.3313083,2,5
1MHP_HL_A|FH99Y,0.75466895,-0.3906699,2,5
1MHP_HL_A|GH100F,0.38901797,-0.09380309,2,5
1MHP_HL_A|GH100L,2.727121,-0.044352822,2,5
1MHP_HL_A|GH100M,0.10213403,0.0013570078,2,5
1MHP_HL_A|GH100S,0.5577475,0.06753598,2,5
1MHP_HL_A|GH53A,0.5126066,-0.119525716,2,5
1MHP_HL_A|GH53N,1.2553134,-0.06126099,2,5
1MHP_HL_A|GH53S,0.6755934,-0.072181344,2,5
1MHP_HL_A|GH54I,1.3635606,0.0033448376,2,5
1MHP_HL_A|GH54T,1.1641668,0.079286516,2,5
1MHP_HL_A|GH54Y,0.0,-0.045932185,2,5
1MHP_HL_A|GL91Q,1.572685,-0.10163839,2,5
1MHP_HL_A|GL91S,0.5126066,-0.10014519,2,5
1MHP_HL_A|HL30K,1.1641668,-0.032547127,2,5
1MHP_HL_A|HL30R,1.1237977,-0.111249514,2,5
1MHP_HL_A|HL30W,1.2553134,-0.20523438,2,5
1MHP_HL_A|KH64D,-0.17144196,-0.116891086,2,5
1MHP_HL_A|KH64E,-0.07761467,-0.21936135,2,5
"1MHP_HL_A|KH64E,SL27Q",-0.85684633,-0.1910344,2,5
"1MHP_HL_A|KH64E,SL27Q,NL51Y",-1.0191593,-0.33744448,2,5
1MHP_HL_A|KH64N,-0.03627145,-0.084128246,2,5
1MHP_HL_A|KH64Q,-0.07761467,-0.19695361,2,5
1MHP_HL_A|LH60D,-0.061319917,-0.016011812,2,5
"1MHP_HL_A|LH60D,KH64E",-0.1418005,-0.081838824,2,5
"1MHP_HL_A|LH60D,KH64Q",0.042989343,0.0059210844,2,5
1MHP_HL_A|LL48F,0.71227974,0.015852828,2,5
1MHP_HL_A|LL48K,0.8612009,0.14095855,2,5
1MHP_HL_A|LL48W,1.9075676,0.041002776,2,5
1MHP_HL_A|NL29V,1.0493295,0.010539856,2,5
1MHP_HL_A|NL29W,1.572685,-0.022713918,2,5
1MHP_HL_A|NL29Y,1.9075676,-0.04733708,2,5
"1MHP_HL_A|NL29Y,SL90I",0.43436813,-0.2872683,2,5
1MHP_HL_A|NL51D,0.5007625,-0.20587768,2,5
1MHP_HL_A|NL51E,-0.08868487,-0.2119586,2,5
1MHP_HL_A|NL51K,0.65751,-0.11389942,2,5
1MHP_HL_A|NL51R,0.84484076,-0.13371454,2,5
1MHP_HL_A|NL51Y,-0.05162489,-0.24602355,2,5
1MHP_HL_A|RH31Q,1.3073281,-0.26624545,2,5
1MHP_HL_A|SH35A,1.572685,-0.017639998,2,5
"1MHP_HL_A|SH35A,GH102S",1.572685,0.02306677,2,5
1MHP_HL_A|SH35Q,2.727121,-0.020643387,2,5
"1MHP_HL_A|SH35V,GH102S",1.4256749,0.07028057,2,5
1MHP_HL_A|SH52M,2.0758402,-0.19925834,2,5
1MHP_HL_A|SL23R,-0.21533228,0.05838752,2,5
1MHP_HL_A|SL27Q,-0.6661127,-0.023214221,2,5
1MHP_HL_A|SL90Q,1.7740332,-0.11138192,2,5
1MHP_HL_A|SL90T,2.3166485,-0.08978842,2,5
"1MHP_HL_A|TH33E,GH53Q",1.6674565,-0.07737529,2,5
"1MHP_HL_A|TH33I,SH52T,GH53N,GH54N",1.9075676,0.035320256,2,5
"1MHP_HL_A|TH33I,SH52T,GH53Q,GH54F",1.2553134,-0.19878975,2,5
1MHP_HL_A|TH33N,2.727121,0.033583846,2,5
1MHP_HL_A|TH33V,0.43436813,-0.01098758,2,5
1MHP_HL_A|TH50V,-0.13159887,-0.25814638,2,5
"1MHP_HL_A|TH50V,GH102S",1.6674565,-0.12239534,2,5
"1MHP_HL_A|TH50V,KH64E",-0.1805197,-0.2962497,2,5
"1MHP_HL_A|TH50V,KH64E,SL27Q,NL51E",-1.267319,-0.4515852,2,5
"1MHP_HL_A|TH50V,KH64E,SL27Q,NL51Y",-1.0844951,-0.49113244,2,5
"1MHP_HL_A|TH50V,SH35A",2.0758402,-0.100551896,2,5
"1MHP_HL_A|TH50V,SH35V",2.727121,-0.121371076,2,5
"1MHP_HL_A|TH50V,SL27Q",-0.6946839,-0.19479215,2,5
"1MHP_HL_A|TH50V,SL27Q,NL51Y",-1.0235296,-0.3341681,2,5
1MHP_HL_A|WL89Q,2.0758402,-0.03661145,2,5
"1MHP_HL_A|WL89Q,FL32Y",0.871019,0.087193444,2,5
1MHP_HL_A|YH58E,2.0758402,0.02742457,2,5
1MHP_HL_A|YH58Q,2.0758402,-0.032615945,2,5
1MHP_HL_A|YH58W,0.82094526,-0.14585562,2,5
1MHP_HL_A|YH59E,0.54400706,0.07423951,2,5
1N8Z_AB_C|DB102W,-0.71302944,-0.039961815,2,5
1N8Z_AB_C|FC539A,0.035102826,-0.029947726,2,5
1N8Z_AB_C|HA91F,0.034232877,-0.12254338,2,5
1N8Z_AB_C|LC509A,-0.023045197,0.13354625,2,5
1N8Z_AB_C|NA30S,0.06666317,-0.050950784,2,5
"1N8Z_AB_C|NA30S,HA91F,YA92W",-0.07476232,-0.20697363,2,5
"1N8Z_AB_C|NA30S,HA91F,YA92W,TA94S,DB102W,YB105F,YB109V",0.050661404,-0.08733724,2,5
1N8Z_AB_C|RB50A,2.9754758,-0.10466481,2,5
1N8Z_AB_C|RB59A,1.8037988,-0.06739426,2,5
1N8Z_AB_C|SC535A,0.030827092,0.01219989,2,5
1N8Z_AB_C|TA94S,0.32168603,-0.11506355,2,5
1N8Z_AB_C|VC536A,0.008972699,0.18154973,2,5
1N8Z_AB_C|YB105F,0.8540034,-0.15172136,2,5
1N8Z_AB_C|YB109V,0.23192272,0.019925233,2,5
1XGQ_AB_C|VB33A,1.1525793,0.14081103,2,5
1XGQ_AB_C|VB33F,-2.9080825,0.05278823,2,5
1XGQ_AB_C|VB33I,-1.1076277,-0.013517685,2,5
1XGQ_AB_C|VB33L,-1.0463123,0.034950342,2,5
1YQV_HL_Y|RY45K,1.8995041,-0.17415868,2,5
"1YQV_HL_Y|RY68K,TY40S,IY55V,SY91T",4.0,-0.085106716,2,5
"1YQV_HL_Y|RY68K,TY40S,IY55V,SY91T,QY121H",0.0,-0.09184103,2,5
1YY9_CD_A|AC25P,0.07225565,-0.13615516,2,5
1YY9_CD_A|AD98P,1.0372273,-0.21597472,2,5
1YY9_CD_A|GD54P,0.26807046,-0.29348466,2,5
1YY9_CD_A|LD29P,0.030827092,-0.14276224,2,5
1YY9_CD_A|NC93A,-0.74186975,-0.0075049475,2,5
1YY9_CD_A|ND56A,-0.057046015,-0.051574275,2,5
1YY9_CD_A|SC26D,-0.19925442,-0.15321776,2,5
"1YY9_CD_A|SC26D,TC31E,NC93A",-1.3329437,-0.06157283,2,5
"1YY9_CD_A|SC26D,TC31E,NC93A,ND56A,TD61E",-0.6517935,-0.12414636,2,5
1YY9_CD_A|SC26P,-0.009110746,-0.27403063,2,5
1YY9_CD_A|SC28P,-0.22229962,-0.29913524,2,5
1YY9_CD_A|SC54P,-0.018363854,-0.23688108,2,5
1YY9_CD_A|SD53P,0.8175451,-0.3586432,2,5
1YY9_CD_A|TC31E,-0.51892465,0.037000548,2,5
"1YY9_CD_A|TC31E,NC93A",-0.81853306,0.026932303,2,5
1YY9_CD_A|TC96P,4.0,-0.30813926,2,5
1YY9_CD_A|TD61E,-0.057046015,0.0027974546,2,5
1YY9_CD_A|WD52P,1.4782712,-0.05804749,2,5
1YY9_CD_A|YD101P,1.6514195,-0.13171805,2,5
3NPS_A_BC|DA214A,1.466743,0.03975415,2,5
3NPS_A_BC|DA46A,0.3399866,0.2736624,2,5
3NPS_A_BC|DA47A,1.0674704,0.21795498,2,5
3NPS_A_BC|DA91A,1.5070341,0.16914184,2,5
3NPS_A_BC|EA163A,0.61534816,0.06535365,2,5
3NPS_A_BC|FA50A,0.21957076,0.12722836,2,5
3NPS_A_BC|FA89A,1.5714045,0.023968343,2,5
3NPS_A_BC|FA92A,0.46353978,0.16402848,2,5
3NPS_A_BC|HA138A,1.8750918,0.09709059,2,5
3NPS_A_BC|IA26A,0.6415425,0.12544517,2,5
3NPS_A_BC|IA45A,-0.33181784,0.39714223,2,5
3NPS_A_BC|KA221A,-0.10361039,0.25060344,2,5
3NPS_A_BC|LA147A,0.29573628,0.27649534,2,5
3NPS_A_BC|NA90A,0.25341922,-0.021388121,2,5
3NPS_A_BC|QA140A,0.29573628,0.13388301,2,5
3NPS_A_BC|QA168A,-0.059223834,0.27221763,2,5
3NPS_A_BC|QA169A,0.7409076,0.156787,2,5
3NPS_A_BC|QA218A,-0.040916756,0.18307748,2,5
3NPS_A_BC|QA23A,0.026323749,0.35845205,2,5
3NPS_A_BC|RA219A,-0.08390186,0.21090372,2,5
3NPS_A_BC|RA48A,-1.062741,0.2649599,2,5
3NPS_A_BC|RA51A,0.13816836,0.08654904,2,5
3NPS_A_BC|RA82A,-0.15159543,0.22865607,2,5
3NPS_A_BC|TA144A,0.17497002,0.095351875,2,5
3NPS_A_BC|TA93A,0.72381234,-0.00300565,2,5
3NPS_A_BC|YA141A,1.7748737,0.008027036,2,5
3NPS_A_BC|YA52A,0.4518898,0.1291509,2,5
3W2D_A_HL|KA67N,4.0,-0.05853662,2,5
3W2D_A_HL|KA67R,-0.42812017,-0.1694856,2,5
3W2D_A_HL|YA45F,0.8779443,-0.06064439,2,5
3W2D_A_HL|YA45L,2.3647563,-0.08904064,2,5
"4KRO_A_B|DA321T,FA323A",0.1269707,0.7856429,2,5
"4KRP_A_B|DA277T,FA279A",0.35829666,0.7457483,2,5
4NM8_ABCDEF_HL|DB19N,0.66149956,0.06730507,2,5
4NM8_ABCDEF_HL|IB18M,0.10977998,-0.048554465,2,5
4NM8_ABCDEF_HL|LB38Y,-0.6151596,0.07516332,2,5
4NM8_ABCDEF_HL|QB34R,2.9754758,-0.17992096,2,5
4NM8_ABCDEF_HL|QB34T,2.3309386,-0.17749725,2,5
4NM8_ABCDEF_HL|RB25M,3.442353,-0.1510307,2,5
4NM8_ABCDEF_HL|TB32E,-0.5517196,-0.09388871,2,5
4NM8_ABCDEF_HL|TB32I,-0.050205972,-0.13273107,2,5
4NM8_ABCDEF_HL|TB32R,1.2211944,-0.06680741,2,5
1DVF_AB_CD|DB100A,2.7895143,0.8051453,2,6
"1DVF_AB_CD|DB100A,DD52A",4.0,1.0169883,2,6
"1DVF_AB_CD|DB100A,HD33A",4.0,0.95793784,2,6
"1DVF_AB_CD|DB100A,ND55A",4.0,0.48587888,2,6
1DVF_AB_CD|DB54A,4.0,1.5993705,2,6
"1DVF_AB_CD|DB54A,YC49A",4.0,1.7701257,2,6
1DVF_AB_CD|DB58A,1.6000048,1.1325845,2,6
"1DVF_AB_CD|DB58A,QD104A",1.4641725,0.30314505,2,6
1DVF_AB_CD|DD52A,1.6822901,0.95538795,2,6
1DVF_AB_CD|EB98A,4.0,0.8516402,2,6
"1DVF_AB_CD|EB98A,YD102A",4.0,3.2358131,2,6
1DVF_AB_CD|HA30A,1.6493824,0.24271065,2,6
1DVF_AB_CD|HD33A,1.8606005,0.5354722,2,6
1DVF_AB_CD|ID101A,2.6815457,0.9584278,2,6
1DVF_AB_CD|KD30A,1.0035173,0.22852363,2,6
1DVF_AB_CD|NB56A,1.1624389,0.5371257,2,6
"1DVF_AB_CD|NB56A,HD33A",2.5259995,0.55937284,2,6
"1DVF_AB_CD|NB56A,ND55A",2.3010929,0.12648307,2,6
"1DVF_AB_CD|NB56A,QD104A",1.4868644,0.0011562062,2,6
1DVF_AB_CD|ND55A,1.8606005,0.09914879,2,6
1DVF_AB_CD|QD104A,1.6287225,0.6944843,2,6
1DVF_AB_CD|RB99A,1.8746451,0.7044307,2,6
1DVF_AB_CD|RD106A,4.0,0.10848856,2,6
1DVF_AB_CD|SA93A,1.1624389,0.042406563,2,6
1DVF_AB_CD|TB30A,0.9075126,0.15581356,2,6
1DVF_AB_CD|WA92A,0.34072307,0.7082809,2,6
1DVF_AB_CD|WB52A,4.0,3.0333657,2,6
"1DVF_AB_CD|WB52A,QD104A",4.0,1.2012228,2,6
1DVF_AB_CD|YA32A,2.0303695,1.4922502,2,6
"1DVF_AB_CD|YA32A,RD106A",4.0,1.0409385,2,6
1DVF_AB_CD|YA49A,1.6785902,1.4011132,2,6
"1DVF_AB_CD|YA49A,HD33A",2.625045,0.45620316,2,6
"1DVF_AB_CD|YA49A,ND55A",2.0303695,0.9536093,2,6
1DVF_AB_CD|YA50A,0.6877736,1.9400673,2,6
1DVF_AB_CD|YB101F,2.0123136,2.393376,2,6
1DVF_AB_CD|YB32A,1.8314707,0.723509,2,6
1DVF_AB_CD|YC49A,1.8606005,0.639231,2,6
1DVF_AB_CD|YD102A,4.0,2.7360039,2,6
1MHP_HL_A|FH99W,0.0,-0.6597729,2,6
1MHP_HL_A|FH99Y,0.75466895,-0.3815527,2,6
1MHP_HL_A|GH100F,0.38901797,-0.30448586,2,6
1MHP_HL_A|GH100L,2.727121,-0.5883423,2,6
1MHP_HL_A|GH100M,0.10213403,-0.24628548,2,6
1MHP_HL_A|GH100S,0.5577475,-0.81978506,2,6
1MHP_HL_A|GH53A,0.5126066,0.9473685,2,6
1MHP_HL_A|GH53N,1.2553134,-0.13288866,2,6
1MHP_HL_A|GH53S,0.6755934,-0.17921433,2,6
1MHP_HL_A|GH54I,1.3635606,-0.24907035,2,6
1MHP_HL_A|GH54T,1.1641668,0.45692644,2,6
1MHP_HL_A|GH54Y,0.0,-1.4475676,2,6
1MHP_HL_A|GL91Q,1.572685,0.18555094,2,6
1MHP_HL_A|GL91S,0.5126066,0.36952996,2,6
1MHP_HL_A|HL30K,1.1641668,0.6039946,2,6
1MHP_HL_A|HL30R,1.1237977,-0.44690213,2,6
1MHP_HL_A|HL30W,1.2553134,-0.12288842,2,6
1MHP_HL_A|KH64D,-0.17144196,-0.59674823,2,6
1MHP_HL_A|KH64E,-0.07761467,-0.44632387,2,6
"1MHP_HL_A|KH64E,SL27Q",-0.85684633,-0.15698679,2,6
"1MHP_HL_A|KH64E,SL27Q,NL51Y",-1.0191593,-0.33733952,2,6
1MHP_HL_A|KH64N,-0.03627145,-0.12917498,2,6
1MHP_HL_A|KH64Q,-0.07761467,-0.19316138,2,6
1MHP_HL_A|LH60D,-0.061319917,0.16158848,2,6
"1MHP_HL_A|LH60D,KH64E",-0.1418005,-0.310889,2,6
"1MHP_HL_A|LH60D,KH64Q",0.042989343,0.0151656,2,6
1MHP_HL_A|LL48F,0.71227974,-0.5897546,2,6
1MHP_HL_A|LL48K,0.8612009,-0.1184246,2,6
1MHP_HL_A|LL48W,1.9075676,-0.9796605,2,6
1MHP_HL_A|NL29V,1.0493295,0.5681115,2,6
1MHP_HL_A|NL29W,1.572685,0.012525498,2,6
1MHP_HL_A|NL29Y,1.9075676,-0.40126705,2,6
"1MHP_HL_A|NL29Y,SL90I",0.43436813,-0.21143976,2,6
1MHP_HL_A|NL51D,0.5007625,0.027016673,2,6
1MHP_HL_A|NL51E,-0.08868487,0.36520654,2,6
1MHP_HL_A|NL51K,0.65751,0.6661417,2,6
1MHP_HL_A|NL51R,0.84484076,0.48307818,2,6
1MHP_HL_A|NL51Y,-0.05162489,0.014164836,2,6
1MHP_HL_A|RH31Q,1.3073281,-0.0043211738,2,6
1MHP_HL_A|SH35A,1.572685,1.3174413,2,6
"1MHP_HL_A|SH35A,GH102S",1.572685,0.49124336,2,6
1MHP_HL_A|SH35Q,2.727121,0.79745954,2,6
"1MHP_HL_A|SH35V,GH102S",1.4256749,0.34006098,2,6
1MHP_HL_A|SH52M,2.0758402,0.27287987,2,6
1MHP_HL_A|SL23R,-0.21533228,-0.0004116716,2,6
1MHP_HL_A|SL27Q,-0.6661127,0.1506498,2,6
1MHP_HL_A|SL90Q,1.7740332,0.6772642,2,6
1MHP_HL_A|SL90T,2.3166485,-0.042652465,2,6
"1MHP_HL_A|TH33E,GH53Q",1.6674565,1.3068624,2,6
"1MHP_HL_A|TH33I,SH52T,GH53N,GH54N",1.9075676,1.4102404,2,6
"1MHP_HL_A|TH33I,SH52T,GH53Q,GH54F",1.2553134,1.1959999,2,6
1MHP_HL_A|TH33N,2.727121,0.25973698,2,6
1MHP_HL_A|TH33V,0.43436813,0.8994943,2,6
1MHP_HL_A|TH50V,-0.13159887,0.3181809,2,6
"1MHP_HL_A|TH50V,GH102S",1.6674565,-0.20547664,2,6
"1MHP_HL_A|TH50V,KH64E",-0.1805197,-0.038370024,2,6
"1MHP_HL_A|TH50V,KH64E,SL27Q,NL51E",-1.267319,0.09344134,2,6
"1MHP_HL_A|TH50V,KH64E,SL27Q,NL51Y",-1.0844951,-0.29613847,2,6
"1MHP_HL_A|TH50V,SH35A",2.0758402,1.2934896,2,6
"1MHP_HL_A|TH50V,SH35V",2.727121,1.0730594,2,6
"1MHP_HL_A|TH50V,SL27Q",-0.6946839,0.41188505,2,6
"1MHP_HL_A|TH50V,SL27Q,NL51Y",-1.0235296,-0.023749381,2,6
1MHP_HL_A|WL89Q,2.0758402,1.8529887,2,6
"1MHP_HL_A|WL89Q,FL32Y",0.871019,1.8201182,2,6
1MHP_HL_A|YH58E,2.0758402,1.4578555,2,6
1MHP_HL_A|YH58Q,2.0758402,1.5663509,2,6
1MHP_HL_A|YH58W,0.82094526,0.41355535,2,6
1MHP_HL_A|YH59E,0.54400706,0.686998,2,6
1N8Z_AB_C|DB102W,-0.71302944,-1.114607,2,6
1N8Z_AB_C|FC539A,0.035102826,1.0189563,2,6
1N8Z_AB_C|HA91F,0.034232877,-0.4395457,2,6
1N8Z_AB_C|LC509A,-0.023045197,1.2321087,2,6
1N8Z_AB_C|NA30S,0.06666317,0.34936115,2,6
"1N8Z_AB_C|NA30S,HA91F,YA92W",-0.07476232,-0.11199163,2,6
"1N8Z_AB_C|NA30S,HA91F,YA92W,TA94S,DB102W,YB105F,YB109V",0.050661404,-1.2472475,2,6
1N8Z_AB_C|RB50A,2.9754758,1.4265989,2,6
1N8Z_AB_C|RB59A,1.8037988,1.6858028,2,6
1N8Z_AB_C|SC535A,0.030827092,0.4839768,2,6
1N8Z_AB_C|TA94S,0.32168603,-0.123742,2,6
1N8Z_AB_C|VC536A,0.008972699,0.6224785,2,6
1N8Z_AB_C|YB105F,0.8540034,1.486928,2,6
1N8Z_AB_C|YB109V,0.23192272,0.14484228,2,6
1XGQ_AB_C|VB33A,1.1525793,1.2671849,2,6
1XGQ_AB_C|VB33F,-2.9080825,-2.4631732,2,6
1XGQ_AB_C|VB33I,-1.1076277,-0.9640246,2,6
1XGQ_AB_C|VB33L,-1.0463123,-0.8934826,2,6
1YQV_HL_Y|RY45K,1.8995041,1.1884187,2,6
"1YQV_HL_Y|RY68K,TY40S,IY55V,SY91T",4.0,0.43878245,2,6
"1YQV_HL_Y|RY68K,TY40S,IY55V,SY91T,QY121H",0.0,0.55956215,2,6
1YY9_CD_A|AC25P,0.07225565,-0.27716845,2,6
1YY9_CD_A|AD98P,1.0372273,-0.4670314,2,6
1YY9_CD_A|GD54P,0.26807046,-0.49472123,2,6
1YY9_CD_A|LD29P,0.030827092,0.2686714,2,6
1YY9_CD_A|NC93A,-0.74186975,-1.105052,2,6
1YY9_CD_A|ND56A,-0.057046015,0.16564226,2,6
1YY9_CD_A|SC26D,-0.19925442,-0.48163772,2,6
"1YY9_CD_A|SC26D,TC31E,NC93A",-1.3329437,-0.39618003,2,6
"1YY9_CD_A|SC26D,TC31E,NC93A,ND56A,TD61E",-0.6517935,-0.30833855,2,6
1YY9_CD_A|SC26P,-0.009110746,-0.33844364,2,6
1YY9_CD_A|SC28P,-0.22229962,-0.39178202,2,6
1YY9_CD_A|SC54P,-0.018363854,0.25982517,2,6
1YY9_CD_A|SD53P,0.8175451,-0.15051644,2,6
1YY9_CD_A|TC31E,-0.51892465,0.6130325,2,6
"1YY9_CD_A|TC31E,NC93A",-0.81853306,-0.38852495,2,6
1YY9_CD_A|TC96P,4.0,0.015252712,2,6
1YY9_CD_A|TD61E,-0.057046015,0.010127279,2,6
1YY9_CD_A|WD52P,1.4782712,0.8288304,2,6
1YY9_CD_A|YD101P,1.6514195,0.28627542,2,6
3NPS_A_BC|DA214A,1.466743,0.5702346,2,6
3NPS_A_BC|DA46A,0.3399866,0.22499233,2,6
3NPS_A_BC|DA47A,1.0674704,0.115087055,2,6
3NPS_A_BC|DA91A,1.5070341,0.45662585,2,6
3NPS_A_BC|EA163A,0.61534816,0.16270019,2,6
3NPS_A_BC|FA50A,0.21957076,0.53923714,2,6
3NPS_A_BC|FA89A,1.5714045,1.3048213,2,6
3NPS_A_BC|FA92A,0.46353978,0.7302525,2,6
3NPS_A_BC|HA138A,1.8750918,0.4297412,2,6
3NPS_A_BC|IA26A,0.6415425,0.039427985,2,6
3NPS_A_BC|IA45A,-0.33181784,0.41166943,2,6
3NPS_A_BC|KA221A,-0.10361039,0.87517786,2,6
3NPS_A_BC|LA147A,0.29573628,0.22975439,2,6
3NPS_A_BC|NA90A,0.25341922,0.36637104,2,6
3NPS_A_BC|QA140A,0.29573628,0.41210452,2,6
3NPS_A_BC|QA168A,-0.059223834,0.20279755,2,6
3NPS_A_BC|QA169A,0.7409076,1.6965655,2,6
3NPS_A_BC|QA218A,-0.040916756,0.43437412,2,6
3NPS_A_BC|QA23A,0.026323749,-0.07478079,2,6
3NPS_A_BC|RA219A,-0.08390186,-0.39506546,2,6
3NPS_A_BC|RA48A,-1.062741,-0.67055357,2,6
3NPS_A_BC|RA51A,0.13816836,-0.16164263,2,6
3NPS_A_BC|RA82A,-0.15159543,0.03693773,2,6
3NPS_A_BC|TA144A,0.17497002,0.32870013,2,6
3NPS_A_BC|TA93A,0.72381234,0.98309314,2,6
3NPS_A_BC|YA141A,1.7748737,1.2419924,2,6
3NPS_A_BC|YA52A,0.4518898,-0.17401356,2,6
3W2D_A_HL|KA67N,4.0,1.0404707,2,6
3W2D_A_HL|KA67R,-0.42812017,0.865046,2,6
3W2D_A_HL|YA45F,0.8779443,0.2747723,2,6
3W2D_A_HL|YA45L,2.3647563,0.609249,2,6
"4KRO_A_B|DA321T,FA323A",0.1269707,1.4318472,2,6
"4KRP_A_B|DA277T,FA279A",0.35829666,1.5298942,2,6
4NM8_ABCDEF_HL|DB19N,0.66149956,0.91896194,2,6
4NM8_ABCDEF_HL|IB18M,0.10977998,1.2369779,2,6
4NM8_ABCDEF_HL|LB38Y,-0.6151596,0.9598132,2,6
4NM8_ABCDEF_HL|QB34R,2.9754758,2.345801,2,6
4NM8_ABCDEF_HL|QB34T,2.3309386,2.3609195,2,6
4NM8_ABCDEF_HL|RB25M,3.442353,1.0062789,2,6
4NM8_ABCDEF_HL|TB32E,-0.5517196,0.8232177,2,6
4NM8_ABCDEF_HL|TB32I,-0.050205972,1.481206,2,6
4NM8_ABCDEF_HL|TB32R,1.2211944,1.3531867,2,6
1DVF_AB_CD|DB100A,2.7895143,2.5134065,2,7
"1DVF_AB_CD|DB100A,DD52A",4.0,3.5211132,2,7
"1DVF_AB_CD|DB100A,HD33A",4.0,3.4054105,2,7
"1DVF_AB_CD|DB100A,ND55A",4.0,3.3928132,2,7
1DVF_AB_CD|DB54A,4.0,1.2639441,2,7
"1DVF_AB_CD|DB54A,YC49A",4.0,2.7491648,2,7
1DVF_AB_CD|DB58A,1.6000048,0.54805917,2,7
"1DVF_AB_CD|DB58A,QD104A",1.4641725,1.2391624,2,7
1DVF_AB_CD|DD52A,1.6822901,0.987442,2,7
1DVF_AB_CD|EB98A,4.0,1.5317119,2,7
"1DVF_AB_CD|EB98A,YD102A",4.0,2.0636752,2,7
1DVF_AB_CD|HA30A,1.6493824,1.1962461,2,7
1DVF_AB_CD|HD33A,1.8606005,0.20968175,2,7
1DVF_AB_CD|ID101A,2.6815457,1.465099,2,7
1DVF_AB_CD|KD30A,1.0035173,0.6522244,2,7
1DVF_AB_CD|NB56A,1.1624389,0.14819922,2,7
"1DVF_AB_CD|NB56A,HD33A",2.5259995,1.5690593,2,7
"1DVF_AB_CD|NB56A,ND55A",2.3010929,0.73953503,2,7
"1DVF_AB_CD|NB56A,QD104A",1.4868644,0.4420186,2,7
1DVF_AB_CD|ND55A,1.8606005,0.93628764,2,7
1DVF_AB_CD|QD104A,1.6287225,0.88249356,2,7
1DVF_AB_CD|RB99A,1.8746451,0.43145314,2,7
1DVF_AB_CD|RD106A,4.0,0.86456436,2,7
1DVF_AB_CD|SA93A,1.1624389,0.22215152,2,7
1DVF_AB_CD|TB30A,0.9075126,0.41859937,2,7
1DVF_AB_CD|WA92A,0.34072307,1.4205534,2,7
1DVF_AB_CD|WB52A,4.0,1.8818293,2,7
"1DVF_AB_CD|WB52A,QD104A",4.0,2.1405559,2,7
1DVF_AB_CD|YA32A,2.0303695,1.7862041,2,7
"1DVF_AB_CD|YA32A,RD106A",4.0,1.8780885,2,7
1DVF_AB_CD|YA49A,1.6785902,1.2487227,2,7
"1DVF_AB_CD|YA49A,HD33A",2.625045,0.8323371,2,7
"1DVF_AB_CD|YA49A,ND55A",2.0303695,1.2239985,2,7
1DVF_AB_CD|YA50A,0.6877736,1.2532197,2,7
1DVF_AB_CD|YB101F,2.0123136,2.274078,2,7
1DVF_AB_CD|YB32A,1.8314707,1.2456332,2,7
1DVF_AB_CD|YC49A,1.8606005,0.5133005,2,7
1DVF_AB_CD|YD102A,4.0,1.9931118,2,7
1MHP_HL_A|FH99W,0.0,-0.01588853,2,7
1MHP_HL_A|FH99Y,0.75466895,-0.03703093,2,7
1MHP_HL_A|GH100F,0.38901797,0.16639513,2,7
1MHP_HL_A|GH100L,2.727121,0.4474034,2,7
1MHP_HL_A|GH100M,0.10213403,-0.050598856,2,7
1MHP_HL_A|GH100S,0.5577475,0.23168841,2,7
1MHP_HL_A|GH53A,0.5126066,0.25230783,2,7
1MHP_HL_A|GH53N,1.2553134,-0.056817006,2,7
1MHP_HL_A|GH53S,0.6755934,-0.42661825,2,7
1MHP_HL_A|GH54I,1.3635606,-0.22478269,2,7
1MHP_HL_A|GH54T,1.1641668,-0.2446694,2,7
1MHP_HL_A|GH54Y,0.0,-0.64753425,2,7
1MHP_HL_A|GL91Q,1.572685,-0.0092664175,2,7
1MHP_HL_A|GL91S,0.5126066,0.1587945,2,7
1MHP_HL_A|HL30K,1.1641668,1.4155557,2,7
1MHP_HL_A|HL30R,1.1237977,0.022369888,2,7
1MHP_HL_A|HL30W,1.2553134,-0.059300747,2,7
1MHP_HL_A|KH64D,-0.17144196,-0.24446623,2,7
1MHP_HL_A|KH64E,-0.07761467,-0.26374492,2,7
"1MHP_HL_A|KH64E,SL27Q",-0.85684633,-0.836674,2,7
"1MHP_HL_A|KH64E,SL27Q,NL51Y",-1.0191593,-1.24519,2,7
1MHP_HL_A|KH64N,-0.03627145,-0.25899443,2,7
1MHP_HL_A|KH64Q,-0.07761467,-0.44914305,2,7
1MHP_HL_A|LH60D,-0.061319917,-0.45550752,2,7
"1MHP_HL_A|LH60D,KH64E",-0.1418005,-0.5868262,2,7
"1MHP_HL_A|LH60D,KH64Q",0.042989343,-0.652227,2,7
1MHP_HL_A|LL48F,0.71227974,0.47201204,2,7
1MHP_HL_A|LL48K,0.8612009,1.0687706,2,7
1MHP_HL_A|LL48W,1.9075676,0.754837,2,7
1MHP_HL_A|NL29V,1.0493295,0.4346697,2,7
1MHP_HL_A|NL29W,1.572685,0.15609023,2,7
1MHP_HL_A|NL29Y,1.9075676,-0.3866448,2,7
"1MHP_HL_A|NL29Y,SL90I",0.43436813,-0.23154734,2,7
1MHP_HL_A|NL51D,0.5007625,-0.63700074,2,7
1MHP_HL_A|NL51E,-0.08868487,-0.43101954,2,7
1MHP_HL_A|NL51K,0.65751,0.3033335,2,7
1MHP_HL_A|NL51R,0.84484076,0.36010215,2,7
1MHP_HL_A|NL51Y,-0.05162489,-0.21844386,2,7
1MHP_HL_A|RH31Q,1.3073281,-0.2171586,2,7
1MHP_HL_A|SH35A,1.572685,1.5458636,2,7
"1MHP_HL_A|SH35A,GH102S",1.572685,1.5555224,2,7
1MHP_HL_A|SH35Q,2.727121,1.2063017,2,7
"1MHP_HL_A|SH35V,GH102S",1.4256749,1.3988559,2,7
1MHP_HL_A|SH52M,2.0758402,0.29769373,2,7
1MHP_HL_A|SL23R,-0.21533228,0.06556365,2,7
1MHP_HL_A|SL27Q,-0.6661127,-0.57007784,2,7
1MHP_HL_A|SL90Q,1.7740332,0.22446911,2,7
1MHP_HL_A|SL90T,2.3166485,0.52564096,2,7
"1MHP_HL_A|TH33E,GH53Q",1.6674565,0.59979886,2,7
"1MHP_HL_A|TH33I,SH52T,GH53N,GH54N",1.9075676,0.8454088,2,7
"1MHP_HL_A|TH33I,SH52T,GH53Q,GH54F",1.2553134,0.018453855,2,7
1MHP_HL_A|TH33N,2.727121,1.4237902,2,7
1MHP_HL_A|TH33V,0.43436813,0.27697122,2,7
1MHP_HL_A|TH50V,-0.13159887,0.09580493,2,7
"1MHP_HL_A|TH50V,GH102S",1.6674565,0.13433945,2,7
"1MHP_HL_A|TH50V,KH64E",-0.1805197,-0.2293651,2,7
"1MHP_HL_A|TH50V,KH64E,SL27Q,NL51E",-1.267319,-1.2315569,2,7
"1MHP_HL_A|TH50V,KH64E,SL27Q,NL51Y",-1.0844951,-1.2889482,2,7
"1MHP_HL_A|TH50V,SH35A",2.0758402,1.5929221,2,7
"1MHP_HL_A|TH50V,SH35V",2.727121,1.4592612,2,7
"1MHP_HL_A|TH50V,SL27Q",-0.6946839,-0.50064784,2,7
"1MHP_HL_A|TH50V,SL27Q,NL51Y",-1.0235296,-1.0118055,2,7
1MHP_HL_A|WL89Q,2.0758402,0.7564341,2,7
"1MHP_HL_A|WL89Q,FL32Y",0.871019,0.5345526,2,7
1MHP_HL_A|YH58E,2.0758402,0.38059798,2,7
1MHP_HL_A|YH58Q,2.0758402,0.6973409,2,7
1MHP_HL_A|YH58W,0.82094526,0.4176399,2,7
1MHP_HL_A|YH59E,0.54400706,0.480257,2,7
1N8Z_AB_C|DB102W,-0.71302944,0.2071847,2,7
1N8Z_AB_C|FC539A,0.035102826,1.3109522,2,7
1N8Z_AB_C|HA91F,0.034232877,-0.15373497,2,7
1N8Z_AB_C|LC509A,-0.023045197,1.6407429,2,7
1N8Z_AB_C|NA30S,0.06666317,-0.16223167,2,7
"1N8Z_AB_C|NA30S,HA91F,YA92W",-0.07476232,-0.5705273,2,7
"1N8Z_AB_C|NA30S,HA91F,YA92W,TA94S,DB102W,YB105F,YB109V",0.050661404,1.033338,2,7
1N8Z_AB_C|RB50A,2.9754758,1.1734319,2,7
1N8Z_AB_C|RB59A,1.8037988,0.40626833,2,7
1N8Z_AB_C|SC535A,0.030827092,0.91744995,2,7
1N8Z_AB_C|TA94S,0.32168603,0.14716624,2,7
1N8Z_AB_C|VC536A,0.008972699,0.7709318,2,7
1N8Z_AB_C|YB105F,0.8540034,1.5305014,2,7
1N8Z_AB_C|YB109V,0.23192272,1.2513229,2,7
1XGQ_AB_C|VB33A,1.1525793,1.3960053,2,7
1XGQ_AB_C|VB33F,-2.9080825,-2.4263153,2,7
1XGQ_AB_C|VB33I,-1.1076277,-1.1897141,2,7
1XGQ_AB_C|VB33L,-1.0463123,-1.0890466,2,7
1YQV_HL_Y|RY45K,1.8995041,0.16937853,2,7
"1YQV_HL_Y|RY68K,TY40S,IY55V,SY91T",4.0,1.044228,2,7
"1YQV_HL_Y|RY68K,TY40S,IY55V,SY91T,QY121H",0.0,0.7215193,2,7
1YY9_CD_A|AC25P,0.07225565,-0.4550845,2,7
1YY9_CD_A|AD98P,1.0372273,-0.8161563,2,7
1YY9_CD_A|GD54P,0.26807046,0.030130569,2,7
1YY9_CD_A|LD29P,0.030827092,0.0032392405,2,7
1YY9_CD_A|NC93A,-0.74186975,-0.19046287,2,7
1YY9_CD_A|ND56A,-0.057046015,-0.2900976,2,7
1YY9_CD_A|SC26D,-0.19925442,-0.07489194,2,7
"1YY9_CD_A|SC26D,TC31E,NC93A",-1.3329437,-0.09811206,2,7
"1YY9_CD_A|SC26D,TC31E,NC93A,ND56A,TD61E",-0.6517935,-0.6805339,2,7
1YY9_CD_A|SC26P,-0.009110746,0.18857853,2,7
1YY9_CD_A|SC28P,-0.22229962,-0.07457678,2,7
1YY9_CD_A|SC54P,-0.018363854,-0.03746861,2,7
1YY9_CD_A|SD53P,0.8175451,-0.4887872,2,7
1YY9_CD_A|TC31E,-0.51892465,0.101466715,2,7
"1YY9_CD_A|TC31E,NC93A",-0.81853306,0.265934,2,7
1YY9_CD_A|TC96P,4.0,-0.5070276,2,7
1YY9_CD_A|TD61E,-0.057046015,-0.25587085,2,7
1YY9_CD_A|WD52P,1.4782712,0.15439983,2,7
1YY9_CD_A|YD101P,1.6514195,0.65663457,2,7
3NPS_A_BC|DA214A,1.466743,0.5300571,2,7
3NPS_A_BC|DA46A,0.3399866,0.43963677,2,7
3NPS_A_BC|DA47A,1.0674704,1.4876314,2,7
3NPS_A_BC|DA91A,1.5070341,1.0787861,2,7
3NPS_A_BC|EA163A,0.61534816,0.31215504,2,7
3NPS_A_BC|FA50A,0.21957076,0.53287405,2,7
3NPS_A_BC|FA89A,1.5714045,1.0263194,2,7
3NPS_A_BC|FA92A,0.46353978,0.8053458,2,7
3NPS_A_BC|HA138A,1.8750918,0.32569975,2,7
3NPS_A_BC|IA26A,0.6415425,-0.018264934,2,7
3NPS_A_BC|IA45A,-0.33181784,0.8828692,2,7
3NPS_A_BC|KA221A,-0.10361039,0.7183467,2,7
3NPS_A_BC|LA147A,0.29573628,-0.06301513,2,7
3NPS_A_BC|NA90A,0.25341922,0.4717477,2,7
3NPS_A_BC|QA140A,0.29573628,0.5551286,2,7
3NPS_A_BC|QA168A,-0.059223834,0.64594275,2,7
3NPS_A_BC|QA169A,0.7409076,1.7795376,2,7
3NPS_A_BC|QA218A,-0.040916756,0.58018637,2,7
3NPS_A_BC|QA23A,0.026323749,0.17205042,2,7
3NPS_A_BC|RA219A,-0.08390186,-0.16668375,2,7
3NPS_A_BC|RA48A,-1.062741,0.15453124,2,7
3NPS_A_BC|RA51A,0.13816836,0.14493352,2,7
3NPS_A_BC|RA82A,-0.15159543,0.042060256,2,7
3NPS_A_BC|TA144A,0.17497002,0.61208224,2,7
3NPS_A_BC|TA93A,0.72381234,1.0373013,2,7
3NPS_A_BC|YA141A,1.7748737,1.2949787,2,7
3NPS_A_BC|YA52A,0.4518898,0.08812747,2,7
3W2D_A_HL|KA67N,4.0,1.1319069,2,7
3W2D_A_HL|KA67R,-0.42812017,0.94942075,2,7
3W2D_A_HL|YA45F,0.8779443,-0.64770997,2,7
3W2D_A_HL|YA45L,2.3647563,-0.09176639,2,7
"4KRO_A_B|DA321T,FA323A",0.1269707,2.2677915,2,7
"4KRP_A_B|DA277T,FA279A",0.35829666,2.1099567,2,7
4NM8_ABCDEF_HL|DB19N,0.66149956,0.68526715,2,7
4NM8_ABCDEF_HL|IB18M,0.10977998,2.321347,2,7
4NM8_ABCDEF_HL|LB38Y,-0.6151596,0.79723823,2,7
4NM8_ABCDEF_HL|QB34R,2.9754758,1.9802817,2,7
4NM8_ABCDEF_HL|QB34T,2.3309386,1.6044433,2,7
4NM8_ABCDEF_HL|RB25M,3.442353,0.6172222,2,7
4NM8_ABCDEF_HL|TB32E,-0.5517196,0.51400167,2,7
4NM8_ABCDEF_HL|TB32I,-0.050205972,1.6134485,2,7
4NM8_ABCDEF_HL|TB32R,1.2211944,1.678006,2,7
"1CZ8_HL_VW|LL4M,DH28T,HH31N,YH101H,TH105S",2.939849,1.5193714,3,0
1KIR_AB_C|SA50Y,-1.3870943,-0.48178178,3,0
1MLC_AB_E|KB65D,0.018548755,-1.0725503,3,0
1MLC_AB_E|NA32G,-0.8773867,0.50014454,3,0
"1MLC_AB_E|NA32G,NA92A",-0.6866531,0.29442674,3,0
"1MLC_AB_E|NA32G,NA92A,SB57V,TB58D",-1.7349738,-0.07057288,3,0
1MLC_AB_E|NA32Y,0.0,-0.7128975,3,0
1MLC_AB_E|NA92A,-1.2533532,0.101976156,3,0
"1MLC_AB_E|NA92A,SB57V,TB58D",-2.394188,-0.041446254,3,0
"1MLC_AB_E|NA92A,TB28D,SB57V,TB58D",-2.5813644,-0.6563076,3,0
"1MLC_AB_E|NA92A,TB28D,SB57V,TB58D,EB35S,GB99D",-2.9539242,-1.1865215,3,0
"1MLC_AB_E|NA92A,TB28D,SB57V,TB58D,GB99D",-0.20357698,-0.7324138,3,0
"1MLC_AB_E|NA92A,TB28D,SB57V,TB58D,NA32L",-2.5843081,-0.51642954,3,0
"1MLC_AB_E|NA92A,TB28D,SB57V,TB58D,RB98M,DB100Q",-0.41047263,-0.3373605,3,0
"1MLC_AB_E|NA92A,TB28D,SB57V,TB58D,SA91N,SA93A",-1.6104395,-0.10243529,3,0
"1MLC_AB_E|NA92A,TB28D,SB57V,TB58D,SB30G",-2.3584673,-0.38466626,3,0
"1MLC_AB_E|NA92A,TB28D,SB57V,TB58D,YB32W,RB98V,DB100Q",0.36138764,-0.24058257,3,0
"1MLC_AB_E|NA92A,TB28D,SB57V,TB58D,YB59E",-1.4661698,-0.07723749,3,0
1MLC_AB_E|SB57A,-0.37902167,-0.2684449,3,0
1MLC_AB_E|SB57V,-0.49418068,-0.20764385,3,0
"1MLC_AB_E|SB57V,TB58D",-0.9877286,-0.23892175,3,0
1MLC_AB_E|TB28D,-0.15094383,-0.83955026,3,0
1MLC_AB_E|TB31A,0.44700673,0.006389573,3,0
1MLC_AB_E|TB31V,0.5262404,-0.07636449,3,0
1MLC_AB_E|TB31W,0.13214268,-0.51002014,3,0
1MLC_AB_E|TB58D,-0.55968237,-0.07865925,3,0
1NCA_N_LH|DH101K,0.71416,1.7454935,3,0
1NCA_N_LH|EH100D,0.41047263,-0.14152722,3,0
1NCA_N_LH|NH102Q,0.5426153,-0.03699489,3,0
1NCA_N_LH|NH31Q,0.0,0.013091087,3,0
1NMB_N_LH|DH57E,2.9536283,0.61681384,3,0
1NMB_N_LH|DH57N,2.9536283,-0.0051454976,3,0
1NMB_N_LH|LL94V,0.9000208,-0.55263245,3,0
1NMB_N_LH|TL93F,-0.023903161,-0.06714022,3,0
1NMB_N_LH|TL93W,0.18419003,-0.454193,3,0
1NMB_N_LH|YH103A,2.14062,0.4934759,3,0
1NMB_N_LH|YH105F,1.4194101,0.93123394,3,0
1NMB_N_LH|YL32F,0.46632215,1.0022088,3,0
1VFB_AB_C|DB100A,3.005002,2.2325547,3,0
"1VFB_AB_C|DB100A,SC24A",3.369756,4.691086,3,0
1VFB_AB_C|DB54A,0.8151114,2.4003527,3,0
"1VFB_AB_C|DB54A,TC118A",1.2546439,1.4393436,3,0
1VFB_AB_C|DB58A,-0.20700333,0.8463566,3,0
1VFB_AB_C|DB58E,0.078081094,0.3104695,3,0
1VFB_AB_C|DB58N,-0.12818155,0.26109946,3,0
1VFB_AB_C|DC119A,0.9530879,1.4840666,3,0
1VFB_AB_C|DC18A,0.34013057,1.3690022,3,0
1VFB_AB_C|EB98A,1.1565572,2.690005,3,0
1VFB_AB_C|GB31A,0.30646533,0.8945429,3,0
1VFB_AB_C|GB31E,-0.5097613,0.5904419,3,0
1VFB_AB_C|GB31W,0.0039611305,0.4725638,3,0
1VFB_AB_C|HA30A,0.84488255,0.30850464,3,0
1VFB_AB_C|IC124A,1.2314179,0.17176817,3,0
1VFB_AB_C|KC116A,0.7134504,1.3572788,3,0
1VFB_AB_C|LC129A,0.17154472,0.0058225095,3,0
1VFB_AB_C|NA31W,0.17432266,1.0551654,3,0
1VFB_AB_C|NB56A,0.17771798,0.62324345,3,0
1VFB_AB_C|NC19A,0.3960868,0.572763,3,0
1VFB_AB_C|QC121A,2.876998,0.5071092,3,0
1VFB_AB_C|RB99A,-0.099735305,1.021573,3,0
1VFB_AB_C|RB99W,0.7049742,0.1708543,3,0
1VFB_AB_C|RB99Y,1.235379,-0.24613422,3,0
1VFB_AB_C|RC125A,1.8368999,0.2988035,3,0
1VFB_AB_C|SA93A,0.34312394,0.30705744,3,0
1VFB_AB_C|SB28D,0.0,-0.06934013,3,0
1VFB_AB_C|SB28E,-0.104007296,0.1263208,3,0
1VFB_AB_C|SB28N,0.14394745,0.050422713,3,0
1VFB_AB_C|SB28Q,0.078081094,0.30542886,3,0
1VFB_AB_C|SC24A,0.850965,2.054323,3,0
1VFB_AB_C|TA52F,0.4708752,-0.22493708,3,0
1VFB_AB_C|TA53R,1.6458516,-0.6034948,3,0
1VFB_AB_C|TB30A,-0.05584954,-0.035176754,3,0
1VFB_AB_C|TC118A,0.7650957,0.24991928,3,0
1VFB_AB_C|VC120A,0.9169499,-0.11571419,3,0
1VFB_AB_C|WA92A,3.037848,1.8877283,3,0
"1VFB_AB_C|WA92A,IC124A",3.8503337,1.868698,3,0
"1VFB_AB_C|WA92A,LC129A",3.3073628,1.0175172,3,0
"1VFB_AB_C|WA92A,QC121A",3.5189366,1.7591772,3,0
"1VFB_AB_C|WA92A,RC125A",3.3932896,1.6306492,3,0
1VFB_AB_C|WB52A,0.6406274,2.9034944,3,0
"1VFB_AB_C|WB52A,DC119A",2.2473724,3.475548,3,0
1VFB_AB_C|YA32A,1.5281335,1.8723055,3,0
"1VFB_AB_C|YA32A,IC124A",2.9057157,1.8538882,3,0
"1VFB_AB_C|YA32A,QC121A",1.586041,1.463518,3,0
1VFB_AB_C|YA49A,0.79754156,0.9113178,3,0
1VFB_AB_C|YA50A,0.456086,1.7731043,3,0
"1VFB_AB_C|YA50A,DC119A",1.2314179,2.6487615,3,0
"1VFB_AB_C|YA50A,DC18A",1.265924,2.896842,3,0
1VFB_AB_C|YA50K,1.7156012,1.5188326,3,0
1VFB_AB_C|YA50R,0.8443241,1.1386856,3,0
1VFB_AB_C|YB101F,1.2695644,2.3323436,3,0
"1VFB_AB_C|YB101F,DC119A",2.736521,3.9845808,3,0
"1VFB_AB_C|YB101F,VC120A",2.5384777,1.8344748,3,0
1VFB_AB_C|YB32A,0.7916793,1.1762604,3,0
"1VFB_AB_C|YB32A,KC116A",1.586041,2.1829662,3,0
1VFB_AB_C|YB32E,1.9021881,0.9701472,3,0
1VFB_AB_C|YC23A,0.41047263,1.1693146,3,0
1XGP_AB_C|AB33F,-4.0,-1.8602304,3,0
1XGP_AB_C|AB33I,-2.260207,-1.2320892,3,0
1XGP_AB_C|AB33L,-2.1988916,-1.0749806,3,0
1XGP_AB_C|AB33V,-1.1525793,-0.73395663,3,0
2JEL_LH_P|AP82S,0.0,-0.32702166,3,0
2JEL_LH_P|DP69E,0.9530879,1.0321196,3,0
2JEL_LH_P|EP5D,0.41047263,-0.33680975,3,0
2JEL_LH_P|EP5Q,0.7129768,-0.16025752,3,0
2JEL_LH_P|EP68A,0.41047263,0.40727454,3,0
2JEL_LH_P|EP75R,2.727121,0.7967651,3,0
2JEL_LH_P|EP83A,0.0,0.18217762,3,0
2JEL_LH_P|EP85A,0.0,0.026835129,3,0
2JEL_LH_P|EP85D,0.0,-0.2916319,3,0
2JEL_LH_P|EP85K,0.0,-0.15248013,3,0
2JEL_LH_P|EP85Q,0.0,0.015500888,3,0
2JEL_LH_P|FP2W,2.6191528,0.9798662,3,0
2JEL_LH_P|FP2Y,0.0,-0.26762474,3,0
2JEL_LH_P|HP76A,-0.41047263,0.7181373,3,0
2JEL_LH_P|HP76D,-0.65058374,0.47365576,3,0
2JEL_LH_P|KP24E,0.0,1.056539,3,0
2JEL_LH_P|KP27E,0.0,0.7502852,3,0
2JEL_LH_P|KP72E,0.41047263,-0.22579914,3,0
2JEL_LH_P|KP72R,0.0,-0.07780163,3,0
2JEL_LH_P|KP79E,0.41047263,0.76748765,3,0
2JEL_LH_P|NP12D,0.0,-0.29877716,3,0
2JEL_LH_P|NP38T,0.0,0.21916519,3,0
2JEL_LH_P|PP11E,0.0,-0.35109568,3,0
2JEL_LH_P|QP3K,4.0,0.13189986,3,0
2JEL_LH_P|QP4K,1.3635606,0.02314654,3,0
2JEL_LH_P|QP57E,-0.41047263,0.26443207,3,0
2JEL_LH_P|QP71E,2.727121,0.19145592,3,0
2JEL_LH_P|RP17G,0.0,0.40098852,3,0
2JEL_LH_P|RP17K,0.0,-0.13148877,3,0
2JEL_LH_P|SP41C,1.4957032,0.7615967,3,0
2JEL_LH_P|SP43C,0.0,0.028954208,3,0
2JEL_LH_P|SP46C,0.0,0.6105803,3,0
2JEL_LH_P|SP64T,4.0,0.032971576,3,0
2JEL_LH_P|TP34Q,0.0,0.5158749,3,0
2JEL_LH_P|TP36Q,0.41047263,-0.2899959,3,0
2JEL_LH_P|TP62A,0.0,0.56359035,3,0
2JEL_LH_P|TP62N,0.0,0.92156947,3,0
2JEL_LH_P|TP7N,0.41047263,0.67318106,3,0
2JEL_LH_P|TP7S,0.0,0.23746248,3,0
2JEL_LH_P|VP6F,0.0,-0.49364257,3,0
"2NY7_HL_G|CG27I,CG226Q",0.19971907,-1.5972975,3,0
"2NY7_HL_G|CG27I,CG226Q,MG231A",0.20319231,-1.4831829,3,0
"2NY7_HL_G|GG229C,MG231A",-0.37879732,0.7495485,3,0
"2NY7_HL_G|GG229C,WG13M,MG231A,CG14W,CG110V,CG27I,CG226Q",0.21462485,-2.0135088,3,0
"2NY7_HL_G|KG66C,EG102C,CG27I,CG226Q",0.04085667,-1.227137,3,0
"2NY7_HL_G|KG66C,EG102C,WG13M,MG231A,CG14W,CG110V,CG27I,CG226Q",0.3998023,-1.6266502,3,0
"2NY7_HL_G|KG66C,EG103C,WG13M,MG231A,CG14W,CG110V,CG27I,CG226Q",0.29989544,-1.551717,3,0
"2NY7_HL_G|WG13M,MG231A,CG14W,CG110V",1.1574335,-0.5122281,3,0
"2NY7_HL_G|WG13M,MG231A,CG14W,CG110V,CG27I,CG226Q",0.44904727,-1.935698,3,0
"2NY7_HL_G|WG13M,MG231A,CG14W,CG110V,KG66C,EG102C",0.55101526,-0.26153755,3,0
"2NY7_HL_G|WG13M,SG92T,WG181S,MG231A,CG14W,CG110V,CG27I,CG226Q",-0.3035898,-1.9931233,3,0
3BN9_B_CD|DB214A,0.5662115,1.059663,3,0
3BN9_B_CD|DB46A,0.42238826,0.60883254,3,0
3BN9_B_CD|DB47A,0.31110755,0.5354755,3,0
3BN9_B_CD|EB163A,0.37321588,-0.06118574,3,0
3BN9_B_CD|FB50A,-0.044997852,0.2276399,3,0
3BN9_B_CD|FB89A,0.6392419,1.6745926,3,0
3BN9_B_CD|HB138A,0.085063316,0.8406062,3,0
3BN9_B_CD|IB26A,0.0,0.8336015,3,0
3BN9_B_CD|IB45A,0.8352155,0.32406533,3,0
3BN9_B_CD|KB221A,0.7849689,0.098141864,3,0
3BN9_B_CD|LB147A,0.33619216,0.049951047,3,0
3BN9_B_CD|NB90A,0.7733444,0.49480456,3,0
3BN9_B_CD|PD104H,2.4272547,-0.27358368,3,0
3BN9_B_CD|QB140A,0.1331048,-0.07854581,3,0
3BN9_B_CD|QB168A,-0.03469869,-0.3697995,3,0
3BN9_B_CD|QB169A,2.5089848,0.64933664,3,0
3BN9_B_CD|QB218A,0.70571065,0.20584159,3,0
3BN9_B_CD|QB23A,-0.41530684,0.065884724,3,0
3BN9_B_CD|QD105V,1.2241027,-0.08648036,3,0
3BN9_B_CD|RB219A,-0.093698174,-0.067390025,3,0
3BN9_B_CD|RB48A,-0.044997852,0.048920088,3,0
3BN9_B_CD|RB51A,-0.07155777,-0.088520184,3,0
3BN9_B_CD|RB82A,-0.15923285,0.21662365,3,0
3BN9_B_CD|SD30G,1.1861069,0.8989338,3,0
3BN9_B_CD|SD30N,1.145505,0.69682825,3,0
3BN9_B_CD|TB144A,0.2908351,-0.009704977,3,0
3BN9_B_CD|TB93A,1.1320528,0.87150943,3,0
3BN9_B_CD|TD102Q,-0.02153644,-0.31150392,3,0
3BN9_B_CD|TD102R,-0.058294915,-0.3194554,3,0
3BN9_B_CD|TD28R,0.33290586,-0.45454836,3,0
3BN9_B_CD|YB141A,1.0846525,1.6608016,3,0
3BN9_B_CD|YB52A,0.018951595,0.61079824,3,0
3BN9_B_CD|YD103S,0.45868576,1.095252,3,0
4GXU_ABCDEF_MN|DA189E,2.1650882,1.0830002,3,0
"4GXU_ABCDEF_MN|DA189E,DA224G",3.0102077,1.4478098,3,0
4GXU_ABCDEF_MN|DA224G,1.9608781,0.37102276,3,0
"1CZ8_HL_VW|LL4M,DH28T,HH31N,YH101H,TH105S",2.939849,0.5625791,3,1
1KIR_AB_C|SA50Y,-1.3870943,-0.17792073,3,1
1MLC_AB_E|KB65D,0.018548755,-0.044600092,3,1
1MLC_AB_E|NA32G,-0.8773867,-0.2733075,3,1
"1MLC_AB_E|NA32G,NA92A",-0.6866531,-0.32912275,3,1
"1MLC_AB_E|NA32G,NA92A,SB57V,TB58D",-1.7349738,-0.9681175,3,1
1MLC_AB_E|NA32Y,0.0,-0.41182217,3,1
1MLC_AB_E|NA92A,-1.2533532,0.042045563,3,1
"1MLC_AB_E|NA92A,SB57V,TB58D",-2.394188,-0.6733713,3,1
"1MLC_AB_E|NA92A,TB28D,SB57V,TB58D",-2.5813644,-0.73656726,3,1
"1MLC_AB_E|NA92A,TB28D,SB57V,TB58D,EB35S,GB99D",-2.9539242,-0.49550256,3,1
"1MLC_AB_E|NA92A,TB28D,SB57V,TB58D,GB99D",-0.20357698,-0.56460726,3,1
"1MLC_AB_E|NA92A,TB28D,SB57V,TB58D,NA32L",-2.5843081,-1.3232403,3,1
"1MLC_AB_E|NA92A,TB28D,SB57V,TB58D,RB98M,DB100Q",-0.41047263,-1.0255613,3,1
"1MLC_AB_E|NA92A,TB28D,SB57V,TB58D,SA91N,SA93A",-1.6104395,-0.3320432,3,1
"1MLC_AB_E|NA92A,TB28D,SB57V,TB58D,SB30G",-2.3584673,-0.9813454,3,1
"1MLC_AB_E|NA92A,TB28D,SB57V,TB58D,YB32W,RB98V,DB100Q",0.36138764,-1.1253284,3,1
"1MLC_AB_E|NA92A,TB28D,SB57V,TB58D,YB59E",-1.4661698,-0.5214126,3,1
1MLC_AB_E|SB57A,-0.37902167,0.13118917,3,1
1MLC_AB_E|SB57V,-0.49418068,-0.29582384,3,1
"1MLC_AB_E|SB57V,TB58D",-0.9877286,-0.473959,3,1
1MLC_AB_E|TB28D,-0.15094383,0.15293518,3,1
1MLC_AB_E|TB31A,0.44700673,-0.0092829615,3,1
1MLC_AB_E|TB31V,0.5262404,-0.14937264,3,1
1MLC_AB_E|TB31W,0.13214268,-0.27473873,3,1
1MLC_AB_E|TB58D,-0.55968237,0.027839549,3,1
1NCA_N_LH|DH101K,0.71416,0.3171463,3,1
1NCA_N_LH|EH100D,0.41047263,0.24041036,3,1
1NCA_N_LH|NH102Q,0.5426153,-0.15703163,3,1
1NCA_N_LH|NH31Q,0.0,-0.3192998,3,1
1NMB_N_LH|DH57E,2.9536283,0.13486722,3,1
1NMB_N_LH|DH57N,2.9536283,0.43195507,3,1
1NMB_N_LH|LL94V,0.9000208,-0.12765378,3,1
1NMB_N_LH|TL93F,-0.023903161,-0.42394784,3,1
1NMB_N_LH|TL93W,0.18419003,-0.4370859,3,1
1NMB_N_LH|YH103A,2.14062,0.28293583,3,1
1NMB_N_LH|YH105F,1.4194101,0.2192921,3,1
1NMB_N_LH|YL32F,0.46632215,0.1831167,3,1
1VFB_AB_C|DB100A,3.005002,0.24161044,3,1
"1VFB_AB_C|DB100A,SC24A",3.369756,1.0493057,3,1
1VFB_AB_C|DB54A,0.8151114,0.26944256,3,1
"1VFB_AB_C|DB54A,TC118A",1.2546439,1.0025089,3,1
1VFB_AB_C|DB58A,-0.20700333,0.21185651,3,1
1VFB_AB_C|DB58E,0.078081094,-0.058439992,3,1
1VFB_AB_C|DB58N,-0.12818155,0.15810797,3,1
1VFB_AB_C|DC119A,0.9530879,0.73642695,3,1
1VFB_AB_C|DC18A,0.34013057,0.8172966,3,1
1VFB_AB_C|EB98A,1.1565572,0.48071656,3,1
1VFB_AB_C|GB31A,0.30646533,0.22322476,3,1
1VFB_AB_C|GB31E,-0.5097613,-0.05350726,3,1
1VFB_AB_C|GB31W,0.0039611305,-0.033066086,3,1
1VFB_AB_C|HA30A,0.84488255,0.18814616,3,1
1VFB_AB_C|IC124A,1.2314179,0.39660412,3,1
1VFB_AB_C|KC116A,0.7134504,1.0751177,3,1
1VFB_AB_C|LC129A,0.17154472,0.50349075,3,1
1VFB_AB_C|NA31W,0.17432266,-0.33725938,3,1
1VFB_AB_C|NB56A,0.17771798,0.025683459,3,1
1VFB_AB_C|NC19A,0.3960868,0.25415495,3,1
1VFB_AB_C|QC121A,2.876998,0.38462558,3,1
1VFB_AB_C|RB99A,-0.099735305,0.3874288,3,1
1VFB_AB_C|RB99W,0.7049742,-0.18706864,3,1
1VFB_AB_C|RB99Y,1.235379,-0.14151603,3,1
1VFB_AB_C|RC125A,1.8368999,0.80173045,3,1
1VFB_AB_C|SA93A,0.34312394,0.2870797,3,1
1VFB_AB_C|SB28D,0.0,-0.078895964,3,1
1VFB_AB_C|SB28E,-0.104007296,-0.13458127,3,1
1VFB_AB_C|SB28N,0.14394745,0.057986952,3,1
1VFB_AB_C|SB28Q,0.078081094,-0.091430806,3,1
1VFB_AB_C|SC24A,0.850965,0.3987003,3,1
1VFB_AB_C|TA52F,0.4708752,-0.13061315,3,1
1VFB_AB_C|TA53R,1.6458516,-0.014267638,3,1
1VFB_AB_C|TB30A,-0.05584954,0.037838053,3,1
1VFB_AB_C|TC118A,0.7650957,0.7160791,3,1
1VFB_AB_C|VC120A,0.9169499,0.15378192,3,1
1VFB_AB_C|WA92A,3.037848,0.9273566,3,1
"1VFB_AB_C|WA92A,IC124A",3.8503337,1.6040491,3,1
"1VFB_AB_C|WA92A,LC129A",3.3073628,1.5285014,3,1
"1VFB_AB_C|WA92A,QC121A",3.5189366,1.4288425,3,1
"1VFB_AB_C|WA92A,RC125A",3.3932896,2.0965116,3,1
1VFB_AB_C|WB52A,0.6406274,0.4148936,3,1
"1VFB_AB_C|WB52A,DC119A",2.2473724,1.3280243,3,1
1VFB_AB_C|YA32A,1.5281335,0.60070527,3,1
"1VFB_AB_C|YA32A,IC124A",2.9057157,1.0585887,3,1
"1VFB_AB_C|YA32A,QC121A",1.586041,1.1331947,3,1
1VFB_AB_C|YA49A,0.79754156,0.7617203,3,1
1VFB_AB_C|YA50A,0.456086,0.853014,3,1
"1VFB_AB_C|YA50A,DC119A",1.2314179,1.8912764,3,1
"1VFB_AB_C|YA50A,DC18A",1.265924,1.9221303,3,1
1VFB_AB_C|YA50K,1.7156012,0.77366966,3,1
1VFB_AB_C|YA50R,0.8443241,0.5559964,3,1
1VFB_AB_C|YB101F,1.2695644,0.17303073,3,1
"1VFB_AB_C|YB101F,DC119A",2.736521,0.9241181,3,1
"1VFB_AB_C|YB101F,VC120A",2.5384777,0.16104344,3,1
1VFB_AB_C|YB32A,0.7916793,0.23736286,3,1
"1VFB_AB_C|YB32A,KC116A",1.586041,1.2517415,3,1
1VFB_AB_C|YB32E,1.9021881,0.028680697,3,1
1VFB_AB_C|YC23A,0.41047263,0.61627406,3,1
1XGP_AB_C|AB33F,-4.0,-0.92940485,3,1
1XGP_AB_C|AB33I,-2.260207,-0.82359564,3,1
1XGP_AB_C|AB33L,-2.1988916,-0.8549986,3,1
1XGP_AB_C|AB33V,-1.1525793,-0.843166,3,1
2JEL_LH_P|AP82S,0.0,-0.7457812,3,1
2JEL_LH_P|DP69E,0.9530879,0.14327715,3,1
2JEL_LH_P|EP5D,0.41047263,-0.19615397,3,1
2JEL_LH_P|EP5Q,0.7129768,-0.0941563,3,1
2JEL_LH_P|EP68A,0.41047263,0.42216286,3,1
2JEL_LH_P|EP75R,2.727121,0.13030975,3,1
2JEL_LH_P|EP83A,0.0,0.70880157,3,1
2JEL_LH_P|EP85A,0.0,0.65079784,3,1
2JEL_LH_P|EP85D,0.0,0.17293772,3,1
2JEL_LH_P|EP85K,0.0,0.35723832,3,1
2JEL_LH_P|EP85Q,0.0,0.18380363,3,1
2JEL_LH_P|FP2W,2.6191528,-0.00079086423,3,1
2JEL_LH_P|FP2Y,0.0,-0.19201925,3,1
2JEL_LH_P|HP76A,-0.41047263,0.68705577,3,1
2JEL_LH_P|HP76D,-0.65058374,0.11961202,3,1
2JEL_LH_P|KP24E,0.0,0.114408664,3,1
2JEL_LH_P|KP27E,0.0,0.028994605,3,1
2JEL_LH_P|KP72E,0.41047263,-0.25604162,3,1
2JEL_LH_P|KP72R,0.0,-0.15136623,3,1
2JEL_LH_P|KP79E,0.41047263,0.070153594,3,1
2JEL_LH_P|NP12D,0.0,0.3468395,3,1
2JEL_LH_P|NP38T,0.0,0.25171858,3,1
2JEL_LH_P|PP11E,0.0,-0.01932522,3,1
2JEL_LH_P|QP3K,4.0,0.062716134,3,1
2JEL_LH_P|QP4K,1.3635606,-0.006249331,3,1
2JEL_LH_P|QP57E,-0.41047263,0.12110649,3,1
2JEL_LH_P|QP71E,2.727121,-0.15072808,3,1
2JEL_LH_P|RP17G,0.0,0.231101,3,1
2JEL_LH_P|RP17K,0.0,0.11676381,3,1
2JEL_LH_P|SP41C,1.4957032,0.034677103,3,1
2JEL_LH_P|SP43C,0.0,0.04552553,3,1
2JEL_LH_P|SP46C,0.0,0.16083014,3,1
2JEL_LH_P|SP64T,4.0,-0.09755253,3,1
2JEL_LH_P|TP34Q,0.0,-0.16633469,3,1
2JEL_LH_P|TP36Q,0.41047263,-0.031809263,3,1
2JEL_LH_P|TP62A,0.0,0.3311156,3,1
2JEL_LH_P|TP62N,0.0,-0.0050966814,3,1
2JEL_LH_P|TP7N,0.41047263,0.1770907,3,1
2JEL_LH_P|TP7S,0.0,0.11622085,3,1
2JEL_LH_P|VP6F,0.0,-0.07461054,3,1
"2NY7_HL_G|CG27I,CG226Q",0.19971907,-0.41164118,3,1
"2NY7_HL_G|CG27I,CG226Q,MG231A",0.20319231,-0.04805956,3,1
"2NY7_HL_G|GG229C,MG231A",-0.37879732,0.21120983,3,1
"2NY7_HL_G|GG229C,WG13M,MG231A,CG14W,CG110V,CG27I,CG226Q",0.21462485,-0.43062958,3,1
"2NY7_HL_G|KG66C,EG102C,CG27I,CG226Q",0.04085667,-0.30579332,3,1
"2NY7_HL_G|KG66C,EG102C,WG13M,MG231A,CG14W,CG110V,CG27I,CG226Q",0.3998023,0.050102197,3,1
"2NY7_HL_G|KG66C,EG103C,WG13M,MG231A,CG14W,CG110V,CG27I,CG226Q",0.29989544,-0.061374553,3,1
"2NY7_HL_G|WG13M,MG231A,CG14W,CG110V",1.1574335,0.7778975,3,1
"2NY7_HL_G|WG13M,MG231A,CG14W,CG110V,CG27I,CG226Q",0.44904727,-0.054540552,3,1
"2NY7_HL_G|WG13M,MG231A,CG14W,CG110V,KG66C,EG102C",0.55101526,0.9218393,3,1
"2NY7_HL_G|WG13M,SG92T,WG181S,MG231A,CG14W,CG110V,CG27I,CG226Q",-0.3035898,-0.05295711,3,1
3BN9_B_CD|DB214A,0.5662115,0.5991937,3,1
3BN9_B_CD|DB46A,0.42238826,0.6358137,3,1
3BN9_B_CD|DB47A,0.31110755,0.6908553,3,1
3BN9_B_CD|EB163A,0.37321588,0.9421139,3,1
3BN9_B_CD|FB50A,-0.044997852,1.1744235,3,1
3BN9_B_CD|FB89A,0.6392419,0.85336125,3,1
3BN9_B_CD|HB138A,0.085063316,0.5257747,3,1
3BN9_B_CD|IB26A,0.0,0.60525435,3,1
3BN9_B_CD|IB45A,0.8352155,0.31836212,3,1
3BN9_B_CD|KB221A,0.7849689,0.67530143,3,1
3BN9_B_CD|LB147A,0.33619216,0.5103372,3,1
3BN9_B_CD|NB90A,0.7733444,0.8286301,3,1
3BN9_B_CD|PD104H,2.4272547,0.031419586,3,1
3BN9_B_CD|QB140A,0.1331048,0.73047286,3,1
3BN9_B_CD|QB168A,-0.03469869,0.5757547,3,1
3BN9_B_CD|QB169A,2.5089848,0.9283454,3,1
3BN9_B_CD|QB218A,0.70571065,0.63324654,3,1
3BN9_B_CD|QB23A,-0.41530684,0.6780371,3,1
3BN9_B_CD|QD105V,1.2241027,0.016898416,3,1
3BN9_B_CD|RB219A,-0.093698174,0.66821736,3,1
3BN9_B_CD|RB48A,-0.044997852,1.0039636,3,1
3BN9_B_CD|RB51A,-0.07155777,1.0953534,3,1
3BN9_B_CD|RB82A,-0.15923285,0.7934648,3,1
3BN9_B_CD|SD30G,1.1861069,-0.05566033,3,1
3BN9_B_CD|SD30N,1.145505,0.31757608,3,1
3BN9_B_CD|TB144A,0.2908351,0.50085276,3,1
3BN9_B_CD|TB93A,1.1320528,0.5131631,3,1
3BN9_B_CD|TD102Q,-0.02153644,-0.23166338,3,1
3BN9_B_CD|TD102R,-0.058294915,-0.18874991,3,1
3BN9_B_CD|TD28R,0.33290586,0.27028543,3,1
3BN9_B_CD|YB141A,1.0846525,1.0197127,3,1
3BN9_B_CD|YB52A,0.018951595,1.1147184,3,1
3BN9_B_CD|YD103S,0.45868576,0.7719234,3,1
4GXU_ABCDEF_MN|DA189E,2.1650882,0.1728274,3,1
"4GXU_ABCDEF_MN|DA189E,DA224G",3.0102077,0.39153904,3,1
4GXU_ABCDEF_MN|DA224G,1.9608781,0.09905862,3,1
"1CZ8_HL_VW|LL4M,DH28T,HH31N,YH101H,TH105S",2.939849,1.5946506,3,2
1KIR_AB_C|SA50Y,-1.3870943,-0.79995906,3,2
1MLC_AB_E|KB65D,0.018548755,-0.2696423,3,2
1MLC_AB_E|NA32G,-0.8773867,0.056799468,3,2
"1MLC_AB_E|NA32G,NA92A",-0.6866531,0.4868517,3,2
"1MLC_AB_E|NA32G,NA92A,SB57V,TB58D",-1.7349738,0.8643248,3,2
1MLC_AB_E|NA32Y,0.0,-0.58608526,3,2
1MLC_AB_E|NA92A,-1.2533532,0.24106355,3,2
"1MLC_AB_E|NA92A,SB57V,TB58D",-2.394188,0.7211021,3,2
"1MLC_AB_E|NA92A,TB28D,SB57V,TB58D",-2.5813644,0.36464572,3,2
"1MLC_AB_E|NA92A,TB28D,SB57V,TB58D,EB35S,GB99D",-2.9539242,0.41372675,3,2
"1MLC_AB_E|NA92A,TB28D,SB57V,TB58D,GB99D",-0.20357698,0.7215131,3,2
"1MLC_AB_E|NA92A,TB28D,SB57V,TB58D,NA32L",-2.5843081,0.6013557,3,2
"1MLC_AB_E|NA92A,TB28D,SB57V,TB58D,RB98M,DB100Q",-0.41047263,0.49866366,3,2
"1MLC_AB_E|NA92A,TB28D,SB57V,TB58D,SA91N,SA93A",-1.6104395,1.2791052,3,2
"1MLC_AB_E|NA92A,TB28D,SB57V,TB58D,SB30G",-2.3584673,0.47076118,3,2
"1MLC_AB_E|NA92A,TB28D,SB57V,TB58D,YB32W,RB98V,DB100Q",0.36138764,0.87912405,3,2
"1MLC_AB_E|NA92A,TB28D,SB57V,TB58D,YB59E",-1.4661698,1.168965,3,2
1MLC_AB_E|SB57A,-0.37902167,0.017740488,3,2
1MLC_AB_E|SB57V,-0.49418068,-0.1722974,3,2
"1MLC_AB_E|SB57V,TB58D",-0.9877286,0.38444823,3,2
1MLC_AB_E|TB28D,-0.15094383,-0.17401905,3,2
1MLC_AB_E|TB31A,0.44700673,0.15982401,3,2
1MLC_AB_E|TB31V,0.5262404,0.026558515,3,2
1MLC_AB_E|TB31W,0.13214268,-0.51232356,3,2
1MLC_AB_E|TB58D,-0.55968237,0.69755185,3,2
1NCA_N_LH|DH101K,0.71416,0.6595402,3,2
1NCA_N_LH|EH100D,0.41047263,0.20946397,3,2
1NCA_N_LH|NH102Q,0.5426153,0.17746466,3,2
1NCA_N_LH|NH31Q,0.0,-0.034228325,3,2
1NMB_N_LH|DH57E,2.9536283,-0.035465606,3,2
1NMB_N_LH|DH57N,2.9536283,-0.13971934,3,2
1NMB_N_LH|LL94V,0.9000208,-0.25936747,3,2
1NMB_N_LH|TL93F,-0.023903161,-0.15369295,3,2
1NMB_N_LH|TL93W,0.18419003,-0.33942366,3,2
1NMB_N_LH|YH103A,2.14062,1.3863595,3,2
1NMB_N_LH|YH105F,1.4194101,1.0194665,3,2
1NMB_N_LH|YL32F,0.46632215,0.5710566,3,2
1VFB_AB_C|DB100A,3.005002,0.4263239,3,2
"1VFB_AB_C|DB100A,SC24A",3.369756,1.110625,3,2
1VFB_AB_C|DB54A,0.8151114,0.4907338,3,2
"1VFB_AB_C|DB54A,TC118A",1.2546439,1.1482371,3,2
1VFB_AB_C|DB58A,-0.20700333,0.61209095,3,2
1VFB_AB_C|DB58E,0.078081094,-0.05942379,3,2
1VFB_AB_C|DB58N,-0.12818155,-0.09194307,3,2
1VFB_AB_C|DC119A,0.9530879,1.7374926,3,2
1VFB_AB_C|DC18A,0.34013057,1.1775798,3,2
1VFB_AB_C|EB98A,1.1565572,0.86859643,3,2
1VFB_AB_C|GB31A,0.30646533,0.52754676,3,2
1VFB_AB_C|GB31E,-0.5097613,0.04620379,3,2
1VFB_AB_C|GB31W,0.0039611305,0.14947301,3,2
1VFB_AB_C|HA30A,0.84488255,0.51698583,3,2
1VFB_AB_C|IC124A,1.2314179,0.51231456,3,2
1VFB_AB_C|KC116A,0.7134504,1.6277611,3,2
1VFB_AB_C|LC129A,0.17154472,0.28244963,3,2
1VFB_AB_C|NA31W,0.17432266,0.08962642,3,2
1VFB_AB_C|NB56A,0.17771798,0.28155917,3,2
1VFB_AB_C|NC19A,0.3960868,0.7204354,3,2
1VFB_AB_C|QC121A,2.876998,0.6385468,3,2
1VFB_AB_C|RB99A,-0.099735305,0.74622977,3,2
1VFB_AB_C|RB99W,0.7049742,-0.029942527,3,2
1VFB_AB_C|RB99Y,1.235379,-0.2836067,3,2
1VFB_AB_C|RC125A,1.8368999,0.90333587,3,2
1VFB_AB_C|SA93A,0.34312394,0.943092,3,2
1VFB_AB_C|SB28D,0.0,-0.138907,3,2
1VFB_AB_C|SB28E,-0.104007296,-0.14704858,3,2
1VFB_AB_C|SB28N,0.14394745,0.070897914,3,2
1VFB_AB_C|SB28Q,0.078081094,0.15986891,3,2
1VFB_AB_C|SC24A,0.850965,0.697939,3,2
1VFB_AB_C|TA52F,0.4708752,-0.07514344,3,2
1VFB_AB_C|TA53R,1.6458516,-0.22222714,3,2
1VFB_AB_C|TB30A,-0.05584954,-0.010395609,3,2
1VFB_AB_C|TC118A,0.7650957,0.67000395,3,2
1VFB_AB_C|VC120A,0.9169499,0.48593134,3,2
1VFB_AB_C|WA92A,3.037848,0.68626815,3,2
"1VFB_AB_C|WA92A,IC124A",3.8503337,0.8839214,3,2
"1VFB_AB_C|WA92A,LC129A",3.3073628,0.702263,3,2
"1VFB_AB_C|WA92A,QC121A",3.5189366,1.1272893,3,2
"1VFB_AB_C|WA92A,RC125A",3.3932896,0.96844393,3,2
1VFB_AB_C|WB52A,0.6406274,1.5712044,3,2
"1VFB_AB_C|WB52A,DC119A",2.2473724,2.9276621,3,2
1VFB_AB_C|YA32A,1.5281335,1.6149604,3,2
"1VFB_AB_C|YA32A,IC124A",2.9057157,1.4651767,3,2
"1VFB_AB_C|YA32A,QC121A",1.586041,1.8806199,3,2
1VFB_AB_C|YA49A,0.79754156,1.2915164,3,2
1VFB_AB_C|YA50A,0.456086,1.1831604,3,2
"1VFB_AB_C|YA50A,DC119A",1.2314179,2.8097382,3,2
"1VFB_AB_C|YA50A,DC18A",1.265924,2.5161147,3,2
1VFB_AB_C|YA50K,1.7156012,1.2781775,3,2
1VFB_AB_C|YA50R,0.8443241,0.6780401,3,2
1VFB_AB_C|YB101F,1.2695644,1.9909604,3,2
"1VFB_AB_C|YB101F,DC119A",2.736521,3.7805097,3,2
"1VFB_AB_C|YB101F,VC120A",2.5384777,2.4906738,3,2
1VFB_AB_C|YB32A,0.7916793,1.3069991,3,2
"1VFB_AB_C|YB32A,KC116A",1.586041,2.0336688,3,2
1VFB_AB_C|YB32E,1.9021881,0.86966056,3,2
1VFB_AB_C|YC23A,0.41047263,0.97481954,3,2
1XGP_AB_C|AB33F,-4.0,-2.5757692,3,2
1XGP_AB_C|AB33I,-2.260207,-1.2010878,3,2
1XGP_AB_C|AB33L,-2.1988916,-1.2746283,3,2
1XGP_AB_C|AB33V,-1.1525793,-0.7525434,3,2
2JEL_LH_P|AP82S,0.0,-0.16595389,3,2
2JEL_LH_P|DP69E,0.9530879,0.5842248,3,2
2JEL_LH_P|EP5D,0.41047263,-0.5366051,3,2
2JEL_LH_P|EP5Q,0.7129768,-0.19842477,3,2
2JEL_LH_P|EP68A,0.41047263,0.47106785,3,2
2JEL_LH_P|EP75R,2.727121,0.7314318,3,2
2JEL_LH_P|EP83A,0.0,0.22854777,3,2
2JEL_LH_P|EP85A,0.0,0.65788144,3,2
2JEL_LH_P|EP85D,0.0,-0.19257523,3,2
2JEL_LH_P|EP85K,0.0,0.2654841,3,2
2JEL_LH_P|EP85Q,0.0,0.08118713,3,2
2JEL_LH_P|FP2W,2.6191528,0.8125825,3,2
2JEL_LH_P|FP2Y,0.0,-0.10930134,3,2
2JEL_LH_P|HP76A,-0.41047263,0.7100764,3,2
2JEL_LH_P|HP76D,-0.65058374,0.15458238,3,2
2JEL_LH_P|KP24E,0.0,1.3156619,3,2
2JEL_LH_P|KP27E,0.0,1.4855663,3,2
2JEL_LH_P|KP72E,0.41047263,0.30698663,3,2
2JEL_LH_P|KP72R,0.0,0.3730706,3,2
2JEL_LH_P|KP79E,0.41047263,0.5433707,3,2
2JEL_LH_P|NP12D,0.0,-0.3760448,3,2
2JEL_LH_P|NP38T,0.0,0.28638262,3,2
2JEL_LH_P|PP11E,0.0,-0.14105813,3,2
2JEL_LH_P|QP3K,4.0,0.2447472,3,2
2JEL_LH_P|QP4K,1.3635606,0.14570966,3,2
2JEL_LH_P|QP57E,-0.41047263,0.0791707,3,2
2JEL_LH_P|QP71E,2.727121,0.45961457,3,2
2JEL_LH_P|RP17G,0.0,0.7405797,3,2
2JEL_LH_P|RP17K,0.0,0.06733796,3,2
2JEL_LH_P|SP41C,1.4957032,0.9173331,3,2
2JEL_LH_P|SP43C,0.0,0.49952477,3,2
2JEL_LH_P|SP46C,0.0,0.7391035,3,2
2JEL_LH_P|SP64T,4.0,0.17787221,3,2
2JEL_LH_P|TP34Q,0.0,0.2130994,3,2
2JEL_LH_P|TP36Q,0.41047263,-0.011083379,3,2
2JEL_LH_P|TP62A,0.0,0.27458268,3,2
2JEL_LH_P|TP62N,0.0,0.5994427,3,2
2JEL_LH_P|TP7N,0.41047263,0.70758194,3,2
2JEL_LH_P|TP7S,0.0,0.43439627,3,2
2JEL_LH_P|VP6F,0.0,-0.09024702,3,2
"2NY7_HL_G|CG27I,CG226Q",0.19971907,-1.4814352,3,2
"2NY7_HL_G|CG27I,CG226Q,MG231A",0.20319231,-1.3193922,3,2
"2NY7_HL_G|GG229C,MG231A",-0.37879732,0.15060881,3,2
"2NY7_HL_G|GG229C,WG13M,MG231A,CG14W,CG110V,CG27I,CG226Q",0.21462485,-2.9687955,3,2
"2NY7_HL_G|KG66C,EG102C,CG27I,CG226Q",0.04085667,-0.96824026,3,2
"2NY7_HL_G|KG66C,EG102C,WG13M,MG231A,CG14W,CG110V,CG27I,CG226Q",0.3998023,-1.8159189,3,2
"2NY7_HL_G|KG66C,EG103C,WG13M,MG231A,CG14W,CG110V,CG27I,CG226Q",0.29989544,-2.0287514,3,2
"2NY7_HL_G|WG13M,MG231A,CG14W,CG110V",1.1574335,-0.6804818,3,2
"2NY7_HL_G|WG13M,MG231A,CG14W,CG110V,CG27I,CG226Q",0.44904727,-2.3779216,3,2
"2NY7_HL_G|WG13M,MG231A,CG14W,CG110V,KG66C,EG102C",0.55101526,0.021736775,3,2
"2NY7_HL_G|WG13M,SG92T,WG181S,MG231A,CG14W,CG110V,CG27I,CG226Q",-0.3035898,-2.5495849,3,2
3BN9_B_CD|DB214A,0.5662115,0.85377336,3,2
3BN9_B_CD|DB46A,0.42238826,0.72800905,3,2
3BN9_B_CD|DB47A,0.31110755,0.45673615,3,2
3BN9_B_CD|EB163A,0.37321588,0.22177194,3,2
3BN9_B_CD|FB50A,-0.044997852,1.0638816,3,2
3BN9_B_CD|FB89A,0.6392419,1.7269849,3,2
3BN9_B_CD|HB138A,0.085063316,0.17509319,3,2
3BN9_B_CD|IB26A,0.0,0.77567065,3,2
3BN9_B_CD|IB45A,0.8352155,0.54861486,3,2
3BN9_B_CD|KB221A,0.7849689,0.7296529,3,2
3BN9_B_CD|LB147A,0.33619216,0.34369093,3,2
3BN9_B_CD|NB90A,0.7733444,0.74075973,3,2
3BN9_B_CD|PD104H,2.4272547,-0.35037827,3,2
3BN9_B_CD|QB140A,0.1331048,0.2683342,3,2
3BN9_B_CD|QB168A,-0.03469869,0.25040203,3,2
3BN9_B_CD|QB169A,2.5089848,0.85033524,3,2
3BN9_B_CD|QB218A,0.70571065,0.29344547,3,2
3BN9_B_CD|QB23A,-0.41530684,0.45662445,3,2
3BN9_B_CD|QD105V,1.2241027,-0.123804584,3,2
3BN9_B_CD|RB219A,-0.093698174,-0.020964548,3,2
3BN9_B_CD|RB48A,-0.044997852,0.76490355,3,2
3BN9_B_CD|RB51A,-0.07155777,0.87094295,3,2
3BN9_B_CD|RB82A,-0.15923285,0.44699407,3,2
3BN9_B_CD|SD30G,1.1861069,0.35068327,3,2
3BN9_B_CD|SD30N,1.145505,0.31268382,3,2
3BN9_B_CD|TB144A,0.2908351,0.3844508,3,2
3BN9_B_CD|TB93A,1.1320528,0.7936852,3,2
3BN9_B_CD|TD102Q,-0.02153644,-0.3504215,3,2
3BN9_B_CD|TD102R,-0.058294915,-0.48397684,3,2
3BN9_B_CD|TD28R,0.33290586,0.15823284,3,2
3BN9_B_CD|YB141A,1.0846525,0.9470767,3,2
3BN9_B_CD|YB52A,0.018951595,0.86902297,3,2
3BN9_B_CD|YD103S,0.45868576,1.3236024,3,2
4GXU_ABCDEF_MN|DA189E,2.1650882,1.2495025,3,2
"4GXU_ABCDEF_MN|DA189E,DA224G",3.0102077,2.1592152,3,2
4GXU_ABCDEF_MN|DA224G,1.9608781,0.9200108,3,2
"1CZ8_HL_VW|LL4M,DH28T,HH31N,YH101H,TH105S",2.939849,1.204864,3,3
1KIR_AB_C|SA50Y,-1.3870943,-1.7476251,3,3
1MLC_AB_E|KB65D,0.018548755,-0.7319629,3,3
1MLC_AB_E|NA32G,-0.8773867,0.15969318,3,3
"1MLC_AB_E|NA32G,NA92A",-0.6866531,0.26379102,3,3
"1MLC_AB_E|NA32G,NA92A,SB57V,TB58D",-1.7349738,-0.41117987,3,3
1MLC_AB_E|NA32Y,0.0,-0.88493335,3,3
1MLC_AB_E|NA92A,-1.2533532,0.2913148,3,3
"1MLC_AB_E|NA92A,SB57V,TB58D",-2.394188,-0.12557754,3,3
"1MLC_AB_E|NA92A,TB28D,SB57V,TB58D",-2.5813644,-0.79262024,3,3
"1MLC_AB_E|NA92A,TB28D,SB57V,TB58D,EB35S,GB99D",-2.9539242,-0.84386724,3,3
"1MLC_AB_E|NA92A,TB28D,SB57V,TB58D,GB99D",-0.20357698,-0.8750075,3,3
"1MLC_AB_E|NA92A,TB28D,SB57V,TB58D,NA32L",-2.5843081,-0.8182852,3,3
"1MLC_AB_E|NA92A,TB28D,SB57V,TB58D,RB98M,DB100Q",-0.41047263,-1.0543352,3,3
"1MLC_AB_E|NA92A,TB28D,SB57V,TB58D,SA91N,SA93A",-1.6104395,-0.2333159,3,3
"1MLC_AB_E|NA92A,TB28D,SB57V,TB58D,SB30G",-2.3584673,-1.0441611,3,3
"1MLC_AB_E|NA92A,TB28D,SB57V,TB58D,YB32W,RB98V,DB100Q",0.36138764,-0.7418993,3,3
"1MLC_AB_E|NA92A,TB28D,SB57V,TB58D,YB59E",-1.4661698,-0.056126293,3,3
1MLC_AB_E|SB57A,-0.37902167,0.53993434,3,3
1MLC_AB_E|SB57V,-0.49418068,-0.021250293,3,3
"1MLC_AB_E|SB57V,TB58D",-0.9877286,-0.12595601,3,3
1MLC_AB_E|TB28D,-0.15094383,-0.6753532,3,3
1MLC_AB_E|TB31A,0.44700673,0.65377235,3,3
1MLC_AB_E|TB31V,0.5262404,0.16049092,3,3
1MLC_AB_E|TB31W,0.13214268,-0.38639137,3,3
1MLC_AB_E|TB58D,-0.55968237,0.30778497,3,3
1NCA_N_LH|DH101K,0.71416,0.94613403,3,3
1NCA_N_LH|EH100D,0.41047263,0.32577652,3,3
1NCA_N_LH|NH102Q,0.5426153,-0.13334508,3,3
1NCA_N_LH|NH31Q,0.0,-0.24390851,3,3
1NMB_N_LH|DH57E,2.9536283,0.24856175,3,3
1NMB_N_LH|DH57N,2.9536283,0.412891,3,3
1NMB_N_LH|LL94V,0.9000208,-0.42037418,3,3
1NMB_N_LH|TL93F,-0.023903161,-0.08378705,3,3
1NMB_N_LH|TL93W,0.18419003,-0.63544875,3,3
1NMB_N_LH|YH103A,2.14062,0.62673235,3,3
1NMB_N_LH|YH105F,1.4194101,0.95838976,3,3
1NMB_N_LH|YL32F,0.46632215,1.4891096,3,3
1VFB_AB_C|DB100A,3.005002,2.4711986,3,3
"1VFB_AB_C|DB100A,SC24A",3.369756,3.939747,3,3
1VFB_AB_C|DB54A,0.8151114,1.8436984,3,3
"1VFB_AB_C|DB54A,TC118A",1.2546439,1.6687652,3,3
1VFB_AB_C|DB58A,-0.20700333,0.99220353,3,3
1VFB_AB_C|DB58E,0.078081094,0.11404633,3,3
1VFB_AB_C|DB58N,-0.12818155,0.21479292,3,3
1VFB_AB_C|DC119A,0.9530879,1.3530413,3,3
1VFB_AB_C|DC18A,0.34013057,1.7382653,3,3
1VFB_AB_C|EB98A,1.1565572,2.48813,3,3
1VFB_AB_C|GB31A,0.30646533,0.31222612,3,3
1VFB_AB_C|GB31E,-0.5097613,-0.26028967,3,3
1VFB_AB_C|GB31W,0.0039611305,-0.33287024,3,3
1VFB_AB_C|HA30A,0.84488255,0.7423462,3,3
1VFB_AB_C|IC124A,1.2314179,0.08498565,3,3
1VFB_AB_C|KC116A,0.7134504,1.0995331,3,3
1VFB_AB_C|LC129A,0.17154472,0.26376897,3,3
1VFB_AB_C|NA31W,0.17432266,0.02548781,3,3
1VFB_AB_C|NB56A,0.17771798,0.6028494,3,3
1VFB_AB_C|NC19A,0.3960868,0.83832884,3,3
1VFB_AB_C|QC121A,2.876998,0.6732035,3,3
1VFB_AB_C|RB99A,-0.099735305,1.3772504,3,3
1VFB_AB_C|RB99W,0.7049742,-0.43589377,3,3
1VFB_AB_C|RB99Y,1.235379,-0.7736917,3,3
1VFB_AB_C|RC125A,1.8368999,0.62827295,3,3
1VFB_AB_C|SA93A,0.34312394,0.6402319,3,3
1VFB_AB_C|SB28D,0.0,-0.5101165,3,3
1VFB_AB_C|SB28E,-0.104007296,-0.36096603,3,3
1VFB_AB_C|SB28N,0.14394745,-0.27822757,3,3
1VFB_AB_C|SB28Q,0.078081094,-0.22472103,3,3
1VFB_AB_C|SC24A,0.850965,1.4587175,3,3
1VFB_AB_C|TA52F,0.4708752,-0.16348724,3,3
1VFB_AB_C|TA53R,1.6458516,-0.10897863,3,3
1VFB_AB_C|TB30A,-0.05584954,-0.19485795,3,3
1VFB_AB_C|TC118A,0.7650957,0.56829655,3,3
1VFB_AB_C|VC120A,0.9169499,0.33609638,3,3
1VFB_AB_C|WA92A,3.037848,1.5481321,3,3
"1VFB_AB_C|WA92A,IC124A",3.8503337,1.1635438,3,3
"1VFB_AB_C|WA92A,LC129A",3.3073628,1.2224212,3,3
"1VFB_AB_C|WA92A,QC121A",3.5189366,1.5577062,3,3
"1VFB_AB_C|WA92A,RC125A",3.3932896,1.7756407,3,3
1VFB_AB_C|WB52A,0.6406274,2.992737,3,3
"1VFB_AB_C|WB52A,DC119A",2.2473724,3.8364353,3,3
1VFB_AB_C|YA32A,1.5281335,2.5934937,3,3
"1VFB_AB_C|YA32A,IC124A",2.9057157,1.7725497,3,3
"1VFB_AB_C|YA32A,QC121A",1.586041,2.2774148,3,3
1VFB_AB_C|YA49A,0.79754156,1.7173568,3,3
1VFB_AB_C|YA50A,0.456086,1.9524525,3,3
"1VFB_AB_C|YA50A,DC119A",1.2314179,3.0775099,3,3
"1VFB_AB_C|YA50A,DC18A",1.265924,3.5475762,3,3
1VFB_AB_C|YA50K,1.7156012,1.7328727,3,3
1VFB_AB_C|YA50R,0.8443241,1.5477388,3,3
1VFB_AB_C|YB101F,1.2695644,2.393158,3,3
"1VFB_AB_C|YB101F,DC119A",2.736521,4.1660047,3,3
"1VFB_AB_C|YB101F,VC120A",2.5384777,1.9770523,3,3
1VFB_AB_C|YB32A,0.7916793,1.0735931,3,3
"1VFB_AB_C|YB32A,KC116A",1.586041,1.2949578,3,3
1VFB_AB_C|YB32E,1.9021881,0.40547708,3,3
1VFB_AB_C|YC23A,0.41047263,1.306534,3,3
1XGP_AB_C|AB33F,-4.0,-2.2017026,3,3
1XGP_AB_C|AB33I,-2.260207,-1.3746802,3,3
1XGP_AB_C|AB33L,-2.1988916,-1.3889627,3,3
1XGP_AB_C|AB33V,-1.1525793,-0.8864619,3,3
2JEL_LH_P|AP82S,0.0,-0.2579448,3,3
2JEL_LH_P|DP69E,0.9530879,0.6302088,3,3
2JEL_LH_P|EP5D,0.41047263,-0.469061,3,3
2JEL_LH_P|EP5Q,0.7129768,0.027468085,3,3
2JEL_LH_P|EP68A,0.41047263,0.41878074,3,3
2JEL_LH_P|EP75R,2.727121,0.5376208,3,3
2JEL_LH_P|EP83A,0.0,0.31315273,3,3
2JEL_LH_P|EP85A,0.0,0.16535638,3,3
2JEL_LH_P|EP85D,0.0,-0.5091336,3,3
2JEL_LH_P|EP85K,0.0,-0.13278681,3,3
2JEL_LH_P|EP85Q,0.0,-0.1536843,3,3
2JEL_LH_P|FP2W,2.6191528,1.2781196,3,3
2JEL_LH_P|FP2Y,0.0,0.19233349,3,3
2JEL_LH_P|HP76A,-0.41047263,0.67619425,3,3
2JEL_LH_P|HP76D,-0.65058374,-0.025059186,3,3
2JEL_LH_P|KP24E,0.0,0.9832584,3,3
2JEL_LH_P|KP27E,0.0,0.92138326,3,3
2JEL_LH_P|KP72E,0.41047263,0.06889491,3,3
2JEL_LH_P|KP72R,0.0,0.46850982,3,3
2JEL_LH_P|KP79E,0.41047263,0.5123055,3,3
2JEL_LH_P|NP12D,0.0,-1.4577767,3,3
2JEL_LH_P|NP38T,0.0,-0.0839837,3,3
2JEL_LH_P|PP11E,0.0,-0.11201137,3,3
2JEL_LH_P|QP3K,4.0,0.57931477,3,3
2JEL_LH_P|QP4K,1.3635606,-0.08740584,3,3
2JEL_LH_P|QP57E,-0.41047263,0.31692803,3,3
2JEL_LH_P|QP71E,2.727121,0.38409054,3,3
2JEL_LH_P|RP17G,0.0,0.3933344,3,3
2JEL_LH_P|RP17K,0.0,0.091919705,3,3
2JEL_LH_P|SP41C,1.4957032,1.2650061,3,3
2JEL_LH_P|SP43C,0.0,0.24788596,3,3
2JEL_LH_P|SP46C,0.0,0.6369424,3,3
2JEL_LH_P|SP64T,4.0,0.96327484,3,3
2JEL_LH_P|TP34Q,0.0,0.20009048,3,3
2JEL_LH_P|TP36Q,0.41047263,-0.46569616,3,3
2JEL_LH_P|TP62A,0.0,0.9251353,3,3
2JEL_LH_P|TP62N,0.0,0.91945314,3,3
2JEL_LH_P|TP7N,0.41047263,0.7864411,3,3
2JEL_LH_P|TP7S,0.0,0.15206893,3,3
2JEL_LH_P|VP6F,0.0,-0.23991877,3,3
"2NY7_HL_G|CG27I,CG226Q",0.19971907,-1.2379622,3,3
"2NY7_HL_G|CG27I,CG226Q,MG231A",0.20319231,-1.2671193,3,3
"2NY7_HL_G|GG229C,MG231A",-0.37879732,-0.39007953,3,3
"2NY7_HL_G|GG229C,WG13M,MG231A,CG14W,CG110V,CG27I,CG226Q",0.21462485,-2.3910017,3,3
"2NY7_HL_G|KG66C,EG102C,CG27I,CG226Q",0.04085667,-1.0344452,3,3
"2NY7_HL_G|KG66C,EG102C,WG13M,MG231A,CG14W,CG110V,CG27I,CG226Q",0.3998023,-1.9899899,3,3
"2NY7_HL_G|KG66C,EG103C,WG13M,MG231A,CG14W,CG110V,CG27I,CG226Q",0.29989544,-2.0429533,3,3
"2NY7_HL_G|WG13M,MG231A,CG14W,CG110V",1.1574335,-0.81887436,3,3
"2NY7_HL_G|WG13M,MG231A,CG14W,CG110V,CG27I,CG226Q",0.44904727,-1.9797543,3,3
"2NY7_HL_G|WG13M,MG231A,CG14W,CG110V,KG66C,EG102C",0.55101526,-0.76206857,3,3
"2NY7_HL_G|WG13M,SG92T,WG181S,MG231A,CG14W,CG110V,CG27I,CG226Q",-0.3035898,-2.5915003,3,3
3BN9_B_CD|DB214A,0.5662115,1.1160753,3,3
3BN9_B_CD|DB46A,0.42238826,1.2609044,3,3
3BN9_B_CD|DB47A,0.31110755,0.7743805,3,3
3BN9_B_CD|EB163A,0.37321588,-0.13056296,3,3
3BN9_B_CD|FB50A,-0.044997852,0.92042977,3,3
3BN9_B_CD|FB89A,0.6392419,1.8515851,3,3
3BN9_B_CD|HB138A,0.085063316,0.38340914,3,3
3BN9_B_CD|IB26A,0.0,0.3396777,3,3
3BN9_B_CD|IB45A,0.8352155,0.30312544,3,3
3BN9_B_CD|KB221A,0.7849689,1.0098945,3,3
3BN9_B_CD|LB147A,0.33619216,-0.07291116,3,3
3BN9_B_CD|NB90A,0.7733444,0.6655204,3,3
3BN9_B_CD|PD104H,2.4272547,-0.20854156,3,3
3BN9_B_CD|QB140A,0.1331048,0.368043,3,3
3BN9_B_CD|QB168A,-0.03469869,-0.23839658,3,3
3BN9_B_CD|QB169A,2.5089848,0.72503716,3,3
3BN9_B_CD|QB218A,0.70571065,0.63363546,3,3
3BN9_B_CD|QB23A,-0.41530684,0.4485296,3,3
3BN9_B_CD|QD105V,1.2241027,-0.23781583,3,3
3BN9_B_CD|RB219A,-0.093698174,4.303083e-05,3,3
3BN9_B_CD|RB48A,-0.044997852,1.0790893,3,3
3BN9_B_CD|RB51A,-0.07155777,0.503464,3,3
3BN9_B_CD|RB82A,-0.15923285,0.30239758,3,3
3BN9_B_CD|SD30G,1.1861069,0.40708262,3,3
3BN9_B_CD|SD30N,1.145505,0.39530078,3,3
3BN9_B_CD|TB144A,0.2908351,0.2442709,3,3
3BN9_B_CD|TB93A,1.1320528,0.94166374,3,3
3BN9_B_CD|TD102Q,-0.02153644,-0.1312604,3,3
3BN9_B_CD|TD102R,-0.058294915,-0.14907835,3,3
3BN9_B_CD|TD28R,0.33290586,0.11060365,3,3
3BN9_B_CD|YB141A,1.0846525,1.4340934,3,3
3BN9_B_CD|YB52A,0.018951595,1.2702109,3,3
3BN9_B_CD|YD103S,0.45868576,1.2284428,3,3
4GXU_ABCDEF_MN|DA189E,2.1650882,1.4948915,3,3
"4GXU_ABCDEF_MN|DA189E,DA224G",3.0102077,2.5506024,3,3
4GXU_ABCDEF_MN|DA224G,1.9608781,0.86429834,3,3
"1CZ8_HL_VW|LL4M,DH28T,HH31N,YH101H,TH105S",2.939849,1.7878426,3,4
1KIR_AB_C|SA50Y,-1.3870943,-0.7354736,3,4
1MLC_AB_E|KB65D,0.018548755,-0.15642925,3,4
1MLC_AB_E|NA32G,-0.8773867,-0.027783167,3,4
"1MLC_AB_E|NA32G,NA92A",-0.6866531,0.52217096,3,4
"1MLC_AB_E|NA32G,NA92A,SB57V,TB58D",-1.7349738,-0.68056154,3,4
1MLC_AB_E|NA32Y,0.0,-0.8175344,3,4
1MLC_AB_E|NA92A,-1.2533532,0.5847113,3,4
"1MLC_AB_E|NA92A,SB57V,TB58D",-2.394188,-0.6265464,3,4
"1MLC_AB_E|NA92A,TB28D,SB57V,TB58D",-2.5813644,-0.90037173,3,4
"1MLC_AB_E|NA92A,TB28D,SB57V,TB58D,EB35S,GB99D",-2.9539242,-1.1674567,3,4
"1MLC_AB_E|NA92A,TB28D,SB57V,TB58D,GB99D",-0.20357698,-0.9611958,3,4
"1MLC_AB_E|NA92A,TB28D,SB57V,TB58D,NA32L",-2.5843081,-0.69024754,3,4
"1MLC_AB_E|NA92A,TB28D,SB57V,TB58D,RB98M,DB100Q",-0.41047263,0.32971728,3,4
"1MLC_AB_E|NA92A,TB28D,SB57V,TB58D,SA91N,SA93A",-1.6104395,-0.53729725,3,4
"1MLC_AB_E|NA92A,TB28D,SB57V,TB58D,SB30G",-2.3584673,-0.9003993,3,4
"1MLC_AB_E|NA92A,TB28D,SB57V,TB58D,YB32W,RB98V,DB100Q",0.36138764,0.5163504,3,4
"1MLC_AB_E|NA92A,TB28D,SB57V,TB58D,YB59E",-1.4661698,-0.30061454,3,4
1MLC_AB_E|SB57A,-0.37902167,-0.26724643,3,4
1MLC_AB_E|SB57V,-0.49418068,-0.9527067,3,4
"1MLC_AB_E|SB57V,TB58D",-0.9877286,-1.3571744,3,4
1MLC_AB_E|TB28D,-0.15094383,-0.3000937,3,4
1MLC_AB_E|TB31A,0.44700673,0.4848952,3,4
1MLC_AB_E|TB31V,0.5262404,0.3608335,3,4
1MLC_AB_E|TB31W,0.13214268,-0.033253703,3,4
1MLC_AB_E|TB58D,-0.55968237,-0.32946765,3,4
1NCA_N_LH|DH101K,0.71416,2.2407293,3,4
1NCA_N_LH|EH100D,0.41047263,0.26796773,3,4
1NCA_N_LH|NH102Q,0.5426153,0.64882535,3,4
1NCA_N_LH|NH31Q,0.0,0.27618477,3,4
1NMB_N_LH|DH57E,2.9536283,0.15085252,3,4
1NMB_N_LH|DH57N,2.9536283,0.016111642,3,4
1NMB_N_LH|LL94V,0.9000208,-0.72092855,3,4
1NMB_N_LH|TL93F,-0.023903161,0.060804177,3,4
1NMB_N_LH|TL93W,0.18419003,-0.43532047,3,4
1NMB_N_LH|YH103A,2.14062,0.34960255,3,4
1NMB_N_LH|YH105F,1.4194101,0.93372154,3,4
1NMB_N_LH|YL32F,0.46632215,0.83779746,3,4
1VFB_AB_C|DB100A,3.005002,2.4012532,3,4
"1VFB_AB_C|DB100A,SC24A",3.369756,3.4423945,3,4
1VFB_AB_C|DB54A,0.8151114,2.12136,3,4
"1VFB_AB_C|DB54A,TC118A",1.2546439,1.2253743,3,4
1VFB_AB_C|DB58A,-0.20700333,1.0619332,3,4
1VFB_AB_C|DB58E,0.078081094,0.07854338,3,4
1VFB_AB_C|DB58N,-0.12818155,0.10176413,3,4
1VFB_AB_C|DC119A,0.9530879,2.0238914,3,4
1VFB_AB_C|DC18A,0.34013057,1.026931,3,4
1VFB_AB_C|EB98A,1.1565572,3.065587,3,4
1VFB_AB_C|GB31A,0.30646533,0.42519745,3,4
1VFB_AB_C|GB31E,-0.5097613,0.07183987,3,4
1VFB_AB_C|GB31W,0.0039611305,0.074623734,3,4
1VFB_AB_C|HA30A,0.84488255,0.9077415,3,4
1VFB_AB_C|IC124A,1.2314179,0.81350386,3,4
1VFB_AB_C|KC116A,0.7134504,1.5752906,3,4
1VFB_AB_C|LC129A,0.17154472,0.9344587,3,4
1VFB_AB_C|NA31W,0.17432266,0.2987079,3,4
1VFB_AB_C|NB56A,0.17771798,0.8127834,3,4
1VFB_AB_C|NC19A,0.3960868,0.2634003,3,4
1VFB_AB_C|QC121A,2.876998,0.18170963,3,4
1VFB_AB_C|RB99A,-0.099735305,1.9365697,3,4
1VFB_AB_C|RB99W,0.7049742,0.27575603,3,4
1VFB_AB_C|RB99Y,1.235379,0.074528664,3,4
1VFB_AB_C|RC125A,1.8368999,0.49521765,3,4
1VFB_AB_C|SA93A,0.34312394,0.37917772,3,4
1VFB_AB_C|SB28D,0.0,-0.26173055,3,4
1VFB_AB_C|SB28E,-0.104007296,-0.2729563,3,4
1VFB_AB_C|SB28N,0.14394745,-0.26339957,3,4
1VFB_AB_C|SB28Q,0.078081094,0.4483802,3,4
1VFB_AB_C|SC24A,0.850965,0.6040786,3,4
1VFB_AB_C|TA52F,0.4708752,-0.5516418,3,4
1VFB_AB_C|TA53R,1.6458516,-0.19712932,3,4
1VFB_AB_C|TB30A,-0.05584954,0.18452235,3,4
1VFB_AB_C|TC118A,0.7650957,0.096182495,3,4
1VFB_AB_C|VC120A,0.9169499,0.33962873,3,4
1VFB_AB_C|WA92A,3.037848,1.4138974,3,4
"1VFB_AB_C|WA92A,IC124A",3.8503337,2.3932614,3,4
"1VFB_AB_C|WA92A,LC129A",3.3073628,1.8388513,3,4
"1VFB_AB_C|WA92A,QC121A",3.5189366,1.1098176,3,4
"1VFB_AB_C|WA92A,RC125A",3.3932896,1.1262257,3,4
1VFB_AB_C|WB52A,0.6406274,2.9847589,3,4
"1VFB_AB_C|WB52A,DC119A",2.2473724,4.0042157,3,4
1VFB_AB_C|YA32A,1.5281335,1.9092549,3,4
"1VFB_AB_C|YA32A,IC124A",2.9057157,2.5558982,3,4
"1VFB_AB_C|YA32A,QC121A",1.586041,1.416209,3,4
1VFB_AB_C|YA49A,0.79754156,1.3878919,3,4
1VFB_AB_C|YA50A,0.456086,1.4461335,3,4
"1VFB_AB_C|YA50A,DC119A",1.2314179,2.9433305,3,4
"1VFB_AB_C|YA50A,DC18A",1.265924,2.1374645,3,4
1VFB_AB_C|YA50K,1.7156012,1.5619462,3,4
1VFB_AB_C|YA50R,0.8443241,1.3046101,3,4
1VFB_AB_C|YB101F,1.2695644,1.8336332,3,4
"1VFB_AB_C|YB101F,DC119A",2.736521,4.3156805,3,4
"1VFB_AB_C|YB101F,VC120A",2.5384777,2.0068266,3,4
1VFB_AB_C|YB32A,0.7916793,1.5014495,3,4
"1VFB_AB_C|YB32A,KC116A",1.586041,2.2153754,3,4
1VFB_AB_C|YB32E,1.9021881,0.8614861,3,4
1VFB_AB_C|YC23A,0.41047263,1.3992682,3,4
1XGP_AB_C|AB33F,-4.0,-3.0388706,3,4
1XGP_AB_C|AB33I,-2.260207,-1.6305395,3,4
1XGP_AB_C|AB33L,-2.1988916,-1.8443674,3,4
1XGP_AB_C|AB33V,-1.1525793,-1.1982155,3,4
2JEL_LH_P|AP82S,0.0,0.37601146,3,4
2JEL_LH_P|DP69E,0.9530879,1.6762873,3,4
2JEL_LH_P|EP5D,0.41047263,-0.09700151,3,4
2JEL_LH_P|EP5Q,0.7129768,0.17226128,3,4
2JEL_LH_P|EP68A,0.41047263,1.2393541,3,4
2JEL_LH_P|EP75R,2.727121,1.1359752,3,4
2JEL_LH_P|EP83A,0.0,0.29054374,3,4
2JEL_LH_P|EP85A,0.0,0.39313588,3,4
2JEL_LH_P|EP85D,0.0,0.16400796,3,4
2JEL_LH_P|EP85K,0.0,0.32031706,3,4
2JEL_LH_P|EP85Q,0.0,0.64129674,3,4
2JEL_LH_P|FP2W,2.6191528,1.4401481,3,4
2JEL_LH_P|FP2Y,0.0,0.015020438,3,4
2JEL_LH_P|HP76A,-0.41047263,0.75913644,3,4
2JEL_LH_P|HP76D,-0.65058374,0.7665837,3,4
2JEL_LH_P|KP24E,0.0,0.9754605,3,4
2JEL_LH_P|KP27E,0.0,0.881122,3,4
2JEL_LH_P|KP72E,0.41047263,0.47960737,3,4
2JEL_LH_P|KP72R,0.0,0.9522954,3,4
2JEL_LH_P|KP79E,0.41047263,0.43134207,3,4
2JEL_LH_P|NP12D,0.0,-0.21978168,3,4
2JEL_LH_P|NP38T,0.0,1.1927366,3,4
2JEL_LH_P|PP11E,0.0,0.9397738,3,4
2JEL_LH_P|QP3K,4.0,-0.36829585,3,4
2JEL_LH_P|QP4K,1.3635606,-0.88961023,3,4
2JEL_LH_P|QP57E,-0.41047263,0.002005051,3,4
2JEL_LH_P|QP71E,2.727121,0.18915139,3,4
2JEL_LH_P|RP17G,0.0,0.4717722,3,4
2JEL_LH_P|RP17K,0.0,0.18633626,3,4
2JEL_LH_P|SP41C,1.4957032,1.0379623,3,4
2JEL_LH_P|SP43C,0.0,0.5432587,3,4
2JEL_LH_P|SP46C,0.0,1.0108745,3,4
2JEL_LH_P|SP64T,4.0,0.53024566,3,4
2JEL_LH_P|TP34Q,0.0,0.45900327,3,4
2JEL_LH_P|TP36Q,0.41047263,0.023095988,3,4
2JEL_LH_P|TP62A,0.0,0.8677687,3,4
2JEL_LH_P|TP62N,0.0,1.0245006,3,4
2JEL_LH_P|TP7N,0.41047263,1.3498473,3,4
2JEL_LH_P|TP7S,0.0,1.0242305,3,4
2JEL_LH_P|VP6F,0.0,-0.38986063,3,4
"2NY7_HL_G|CG27I,CG226Q",0.19971907,-1.2646556,3,4
"2NY7_HL_G|CG27I,CG226Q,MG231A",0.20319231,-1.2241639,3,4
"2NY7_HL_G|GG229C,MG231A",-0.37879732,0.15530582,3,4
"2NY7_HL_G|GG229C,WG13M,MG231A,CG14W,CG110V,CG27I,CG226Q",0.21462485,-2.1967566,3,4
"2NY7_HL_G|KG66C,EG102C,CG27I,CG226Q",0.04085667,-0.74486464,3,4
"2NY7_HL_G|KG66C,EG102C,WG13M,MG231A,CG14W,CG110V,CG27I,CG226Q",0.3998023,-1.4279377,3,4
"2NY7_HL_G|KG66C,EG103C,WG13M,MG231A,CG14W,CG110V,CG27I,CG226Q",0.29989544,-1.8098567,3,4
"2NY7_HL_G|WG13M,MG231A,CG14W,CG110V",1.1574335,-0.55872124,3,4
"2NY7_HL_G|WG13M,MG231A,CG14W,CG110V,CG27I,CG226Q",0.44904727,-1.7131631,3,4
"2NY7_HL_G|WG13M,MG231A,CG14W,CG110V,KG66C,EG102C",0.55101526,-0.2271277,3,4
"2NY7_HL_G|WG13M,SG92T,WG181S,MG231A,CG14W,CG110V,CG27I,CG226Q",-0.3035898,-1.9513751,3,4
3BN9_B_CD|DB214A,0.5662115,1.2970444,3,4
3BN9_B_CD|DB46A,0.42238826,0.6886568,3,4
3BN9_B_CD|DB47A,0.31110755,0.36235777,3,4
3BN9_B_CD|EB163A,0.37321588,-0.012419209,3,4
3BN9_B_CD|FB50A,-0.044997852,0.1931628,3,4
3BN9_B_CD|FB89A,0.6392419,1.943207,3,4
3BN9_B_CD|HB138A,0.085063316,1.1573088,3,4
3BN9_B_CD|IB26A,0.0,0.36011672,3,4
3BN9_B_CD|IB45A,0.8352155,0.54928654,3,4
3BN9_B_CD|KB221A,0.7849689,0.011056542,3,4
3BN9_B_CD|LB147A,0.33619216,-0.109441414,3,4
3BN9_B_CD|NB90A,0.7733444,0.5545567,3,4
3BN9_B_CD|PD104H,2.4272547,-1.1499449,3,4
3BN9_B_CD|QB140A,0.1331048,-0.048034187,3,4
3BN9_B_CD|QB168A,-0.03469869,-0.66479695,3,4
3BN9_B_CD|QB169A,2.5089848,0.12168194,3,4
3BN9_B_CD|QB218A,0.70571065,0.15700395,3,4
3BN9_B_CD|QB23A,-0.41530684,-0.24193607,3,4
3BN9_B_CD|QD105V,1.2241027,-0.18897517,3,4
3BN9_B_CD|RB219A,-0.093698174,-0.25061095,3,4
3BN9_B_CD|RB48A,-0.044997852,0.040488925,3,4
3BN9_B_CD|RB51A,-0.07155777,-0.14744337,3,4
3BN9_B_CD|RB82A,-0.15923285,-0.09220144,3,4
3BN9_B_CD|SD30G,1.1861069,0.5577182,3,4
3BN9_B_CD|SD30N,1.145505,0.42386523,3,4
3BN9_B_CD|TB144A,0.2908351,0.25876078,3,4
3BN9_B_CD|TB93A,1.1320528,0.81634116,3,4
3BN9_B_CD|TD102Q,-0.02153644,0.15915146,3,4
3BN9_B_CD|TD102R,-0.058294915,-0.17904066,3,4
3BN9_B_CD|TD28R,0.33290586,0.07526694,3,4
3BN9_B_CD|YB141A,1.0846525,1.658476,3,4
3BN9_B_CD|YB52A,0.018951595,0.1821867,3,4
3BN9_B_CD|YD103S,0.45868576,1.7556106,3,4
4GXU_ABCDEF_MN|DA189E,2.1650882,1.4940288,3,4
"4GXU_ABCDEF_MN|DA189E,DA224G",3.0102077,1.9017985,3,4
4GXU_ABCDEF_MN|DA224G,1.9608781,0.5742884,3,4
"1CZ8_HL_VW|LL4M,DH28T,HH31N,YH101H,TH105S",2.939849,1.8406448,3,5
1KIR_AB_C|SA50Y,-1.3870943,-0.40510097,3,5
1MLC_AB_E|KB65D,0.018548755,-0.44106007,3,5
1MLC_AB_E|NA32G,-0.8773867,0.53525436,3,5
"1MLC_AB_E|NA32G,NA92A",-0.6866531,0.8868249,3,5
"1MLC_AB_E|NA32G,NA92A,SB57V,TB58D",-1.7349738,0.07108463,3,5
1MLC_AB_E|NA32Y,0.0,-0.65659857,3,5
1MLC_AB_E|NA92A,-1.2533532,0.37925807,3,5
"1MLC_AB_E|NA92A,SB57V,TB58D",-2.394188,0.0748861,3,5
"1MLC_AB_E|NA92A,TB28D,SB57V,TB58D",-2.5813644,-0.20432264,3,5
"1MLC_AB_E|NA92A,TB28D,SB57V,TB58D,EB35S,GB99D",-2.9539242,-0.93573636,3,5
"1MLC_AB_E|NA92A,TB28D,SB57V,TB58D,GB99D",-0.20357698,-0.6322745,3,5
"1MLC_AB_E|NA92A,TB28D,SB57V,TB58D,NA32L",-2.5843081,-0.37224066,3,5
"1MLC_AB_E|NA92A,TB28D,SB57V,TB58D,RB98M,DB100Q",-0.41047263,0.25277048,3,5
"1MLC_AB_E|NA92A,TB28D,SB57V,TB58D,SA91N,SA93A",-1.6104395,0.6420804,3,5
"1MLC_AB_E|NA92A,TB28D,SB57V,TB58D,SB30G",-2.3584673,0.027151596,3,5
"1MLC_AB_E|NA92A,TB28D,SB57V,TB58D,YB32W,RB98V,DB100Q",0.36138764,0.74424356,3,5
"1MLC_AB_E|NA92A,TB28D,SB57V,TB58D,YB59E",-1.4661698,0.48114997,3,5
1MLC_AB_E|SB57A,-0.37902167,-0.10579142,3,5
1MLC_AB_E|SB57V,-0.49418068,-0.6230771,3,5
"1MLC_AB_E|SB57V,TB58D",-0.9877286,-0.33861566,3,5
1MLC_AB_E|TB28D,-0.15094383,-0.3610118,3,5
1MLC_AB_E|TB31A,0.44700673,0.60788673,3,5
1MLC_AB_E|TB31V,0.5262404,0.3610006,3,5
1MLC_AB_E|TB31W,0.13214268,-0.17779556,3,5
1MLC_AB_E|TB58D,-0.55968237,-0.49493933,3,5
1NCA_N_LH|DH101K,0.71416,1.9050713,3,5
1NCA_N_LH|EH100D,0.41047263,0.4004792,3,5
1NCA_N_LH|NH102Q,0.5426153,0.63980615,3,5
1NCA_N_LH|NH31Q,0.0,-0.21431771,3,5
1NMB_N_LH|DH57E,2.9536283,0.5785288,3,5
1NMB_N_LH|DH57N,2.9536283,0.6518429,3,5
1NMB_N_LH|LL94V,0.9000208,-0.42014366,3,5
1NMB_N_LH|TL93F,-0.023903161,-0.34136808,3,5
1NMB_N_LH|TL93W,0.18419003,-0.72251415,3,5
1NMB_N_LH|YH103A,2.14062,0.4899094,3,5
1NMB_N_LH|YH105F,1.4194101,0.42396772,3,5
1NMB_N_LH|YL32F,0.46632215,0.536546,3,5
1VFB_AB_C|DB100A,3.005002,2.4839532,3,5
"1VFB_AB_C|DB100A,SC24A",3.369756,3.8559258,3,5
1VFB_AB_C|DB54A,0.8151114,2.783212,3,5
"1VFB_AB_C|DB54A,TC118A",1.2546439,1.5843576,3,5
1VFB_AB_C|DB58A,-0.20700333,1.3244524,3,5
1VFB_AB_C|DB58E,0.078081094,0.17695472,3,5
1VFB_AB_C|DB58N,-0.12818155,0.49258238,3,5
1VFB_AB_C|DC119A,0.9530879,1.6957726,3,5
1VFB_AB_C|DC18A,0.34013057,1.1165885,3,5
1VFB_AB_C|EB98A,1.1565572,3.2573295,3,5
1VFB_AB_C|GB31A,0.30646533,1.0148991,3,5
1VFB_AB_C|GB31E,-0.5097613,0.37173614,3,5
1VFB_AB_C|GB31W,0.0039611305,0.47023016,3,5
1VFB_AB_C|HA30A,0.84488255,1.1984746,3,5
1VFB_AB_C|IC124A,1.2314179,0.8329151,3,5
1VFB_AB_C|KC116A,0.7134504,1.3021623,3,5
1VFB_AB_C|LC129A,0.17154472,1.0122832,3,5
1VFB_AB_C|NA31W,0.17432266,0.39817885,3,5
1VFB_AB_C|NB56A,0.17771798,0.7580645,3,5
1VFB_AB_C|NC19A,0.3960868,0.31518644,3,5
1VFB_AB_C|QC121A,2.876998,0.180557,3,5
1VFB_AB_C|RB99A,-0.099735305,1.9433938,3,5
1VFB_AB_C|RB99W,0.7049742,0.09968117,3,5
1VFB_AB_C|RB99Y,1.235379,-0.022057341,3,5
1VFB_AB_C|RC125A,1.8368999,0.53467005,3,5
1VFB_AB_C|SA93A,0.34312394,0.26886442,3,5
1VFB_AB_C|SB28D,0.0,-0.13956085,3,5
1VFB_AB_C|SB28E,-0.104007296,-0.117699146,3,5
1VFB_AB_C|SB28N,0.14394745,-0.2533294,3,5
1VFB_AB_C|SB28Q,0.078081094,0.3639061,3,5
1VFB_AB_C|SC24A,0.850965,1.1103281,3,5
1VFB_AB_C|TA52F,0.4708752,-0.04982672,3,5
1VFB_AB_C|TA53R,1.6458516,0.21568277,3,5
1VFB_AB_C|TB30A,-0.05584954,0.2567897,3,5
1VFB_AB_C|TC118A,0.7650957,0.39852837,3,5
1VFB_AB_C|VC120A,0.9169499,-0.024573278,3,5
1VFB_AB_C|WA92A,3.037848,1.1472498,3,5
"1VFB_AB_C|WA92A,IC124A",3.8503337,2.2542875,3,5
"1VFB_AB_C|WA92A,LC129A",3.3073628,2.4483614,3,5
"1VFB_AB_C|WA92A,QC121A",3.5189366,1.9385538,3,5
"1VFB_AB_C|WA92A,RC125A",3.3932896,0.56133074,3,5
1VFB_AB_C|WB52A,0.6406274,3.2686682,3,5
"1VFB_AB_C|WB52A,DC119A",2.2473724,3.9772165,3,5
1VFB_AB_C|YA32A,1.5281335,1.7295239,3,5
"1VFB_AB_C|YA32A,IC124A",2.9057157,2.5710227,3,5
"1VFB_AB_C|YA32A,QC121A",1.586041,2.0401354,3,5
1VFB_AB_C|YA49A,0.79754156,0.937772,3,5
1VFB_AB_C|YA50A,0.456086,1.3358744,3,5
"1VFB_AB_C|YA50A,DC119A",1.2314179,1.9325435,3,5
"1VFB_AB_C|YA50A,DC18A",1.265924,2.0163524,3,5
1VFB_AB_C|YA50K,1.7156012,1.5919528,3,5
1VFB_AB_C|YA50R,0.8443241,1.13521,3,5
1VFB_AB_C|YB101F,1.2695644,2.3615901,3,5
"1VFB_AB_C|YB101F,DC119A",2.736521,3.6105525,3,5
"1VFB_AB_C|YB101F,VC120A",2.5384777,2.187948,3,5
1VFB_AB_C|YB32A,0.7916793,1.2617929,3,5
"1VFB_AB_C|YB32A,KC116A",1.586041,1.8939823,3,5
1VFB_AB_C|YB32E,1.9021881,0.7875822,3,5
1VFB_AB_C|YC23A,0.41047263,1.3862212,3,5
1XGP_AB_C|AB33F,-4.0,-3.1363294,3,5
1XGP_AB_C|AB33I,-2.260207,-2.0641022,3,5
1XGP_AB_C|AB33L,-2.1988916,-1.9605495,3,5
1XGP_AB_C|AB33V,-1.1525793,-1.3118039,3,5
2JEL_LH_P|AP82S,0.0,0.5332261,3,5
2JEL_LH_P|DP69E,0.9530879,0.4091235,3,5
2JEL_LH_P|EP5D,0.41047263,-0.39853776,3,5
2JEL_LH_P|EP5Q,0.7129768,-0.21973139,3,5
2JEL_LH_P|EP68A,0.41047263,0.5663981,3,5
2JEL_LH_P|EP75R,2.727121,0.50890374,3,5
2JEL_LH_P|EP83A,0.0,-0.21499687,3,5
2JEL_LH_P|EP85A,0.0,0.4856543,3,5
2JEL_LH_P|EP85D,0.0,-0.31251094,3,5
2JEL_LH_P|EP85K,0.0,-0.18926322,3,5
2JEL_LH_P|EP85Q,0.0,0.104247525,3,5
2JEL_LH_P|FP2W,2.6191528,1.8866793,3,5
2JEL_LH_P|FP2Y,0.0,-0.19046907,3,5
2JEL_LH_P|HP76A,-0.41047263,-0.19757591,3,5
2JEL_LH_P|HP76D,-0.65058374,-0.062038105,3,5
2JEL_LH_P|KP24E,0.0,0.70609707,3,5
2JEL_LH_P|KP27E,0.0,0.6199477,3,5
2JEL_LH_P|KP72E,0.41047263,-0.023886962,3,5
2JEL_LH_P|KP72R,0.0,0.11500576,3,5
2JEL_LH_P|KP79E,0.41047263,0.7063469,3,5
2JEL_LH_P|NP12D,0.0,-0.70778304,3,5
2JEL_LH_P|NP38T,0.0,1.3463914,3,5
2JEL_LH_P|PP11E,0.0,1.0861993,3,5
2JEL_LH_P|QP3K,4.0,0.060867917,3,5
2JEL_LH_P|QP4K,1.3635606,-0.13775912,3,5
2JEL_LH_P|QP57E,-0.41047263,0.1383383,3,5
2JEL_LH_P|QP71E,2.727121,0.54621905,3,5
2JEL_LH_P|RP17G,0.0,0.58250415,3,5
2JEL_LH_P|RP17K,0.0,-0.113727584,3,5
2JEL_LH_P|SP41C,1.4957032,1.1149635,3,5
2JEL_LH_P|SP43C,0.0,0.8278664,3,5
2JEL_LH_P|SP46C,0.0,1.1642413,3,5
2JEL_LH_P|SP64T,4.0,0.12564829,3,5
2JEL_LH_P|TP34Q,0.0,0.18122667,3,5
2JEL_LH_P|TP36Q,0.41047263,0.060132783,3,5
2JEL_LH_P|TP62A,0.0,0.41871625,3,5
2JEL_LH_P|TP62N,0.0,1.0419881,3,5
2JEL_LH_P|TP7N,0.41047263,0.9613202,3,5
2JEL_LH_P|TP7S,0.0,0.6907575,3,5
2JEL_LH_P|VP6F,0.0,0.013486203,3,5
"2NY7_HL_G|CG27I,CG226Q",0.19971907,-1.4172817,3,5
"2NY7_HL_G|CG27I,CG226Q,MG231A",0.20319231,-1.4831687,3,5
"2NY7_HL_G|GG229C,MG231A",-0.37879732,0.22921121,3,5
"2NY7_HL_G|GG229C,WG13M,MG231A,CG14W,CG110V,CG27I,CG226Q",0.21462485,-2.3557613,3,5
"2NY7_HL_G|KG66C,EG102C,CG27I,CG226Q",0.04085667,-1.2455268,3,5
"2NY7_HL_G|KG66C,EG102C,WG13M,MG231A,CG14W,CG110V,CG27I,CG226Q",0.3998023,-1.8550267,3,5
"2NY7_HL_G|KG66C,EG103C,WG13M,MG231A,CG14W,CG110V,CG27I,CG226Q",0.29989544,-2.030084,3,5
"2NY7_HL_G|WG13M,MG231A,CG14W,CG110V",1.1574335,-0.5188387,3,5
"2NY7_HL_G|WG13M,MG231A,CG14W,CG110V,CG27I,CG226Q",0.44904727,-1.7821708,3,5
"2NY7_HL_G|WG13M,MG231A,CG14W,CG110V,KG66C,EG102C",0.55101526,-0.27825737,3,5
"2NY7_HL_G|WG13M,SG92T,WG181S,MG231A,CG14W,CG110V,CG27I,CG226Q",-0.3035898,-2.0465498,3,5
3BN9_B_CD|DB214A,0.5662115,1.561265,3,5
3BN9_B_CD|DB46A,0.42238826,0.37373787,3,5
3BN9_B_CD|DB47A,0.31110755,0.20246872,3,5
3BN9_B_CD|EB163A,0.37321588,-0.28519997,3,5
3BN9_B_CD|FB50A,-0.044997852,0.65203553,3,5
3BN9_B_CD|FB89A,0.6392419,1.6658286,3,5
3BN9_B_CD|HB138A,0.085063316,1.0296085,3,5
3BN9_B_CD|IB26A,0.0,0.6209797,3,5
3BN9_B_CD|IB45A,0.8352155,0.3886691,3,5
3BN9_B_CD|KB221A,0.7849689,0.2861266,3,5
3BN9_B_CD|LB147A,0.33619216,-0.100455545,3,5
3BN9_B_CD|NB90A,0.7733444,0.5477955,3,5
3BN9_B_CD|PD104H,2.4272547,-0.79570866,3,5
3BN9_B_CD|QB140A,0.1331048,0.17447524,3,5
3BN9_B_CD|QB168A,-0.03469869,-0.63918316,3,5
3BN9_B_CD|QB169A,2.5089848,0.79916745,3,5
3BN9_B_CD|QB218A,0.70571065,0.4882896,3,5
3BN9_B_CD|QB23A,-0.41530684,0.16321306,3,5
3BN9_B_CD|QD105V,1.2241027,0.491291,3,5
3BN9_B_CD|RB219A,-0.093698174,0.028448243,3,5
3BN9_B_CD|RB48A,-0.044997852,0.22324792,3,5
3BN9_B_CD|RB51A,-0.07155777,0.18269435,3,5
3BN9_B_CD|RB82A,-0.15923285,-0.124061406,3,5
3BN9_B_CD|SD30G,1.1861069,0.9039002,3,5
3BN9_B_CD|SD30N,1.145505,0.80365926,3,5
3BN9_B_CD|TB144A,0.2908351,0.1440627,3,5
3BN9_B_CD|TB93A,1.1320528,0.8765471,3,5
3BN9_B_CD|TD102Q,-0.02153644,0.15233842,3,5
3BN9_B_CD|TD102R,-0.058294915,0.07128653,3,5
3BN9_B_CD|TD28R,0.33290586,-0.0049236976,3,5
3BN9_B_CD|YB141A,1.0846525,1.2925406,3,5
3BN9_B_CD|YB52A,0.018951595,0.3074701,3,5
3BN9_B_CD|YD103S,0.45868576,1.8730057,3,5
4GXU_ABCDEF_MN|DA189E,2.1650882,0.76439285,3,5
"4GXU_ABCDEF_MN|DA189E,DA224G",3.0102077,1.1214142,3,5
4GXU_ABCDEF_MN|DA224G,1.9608781,0.17110527,3,5
"1CZ8_HL_VW|LL4M,DH28T,HH31N,YH101H,TH105S",2.939849,1.781869,3,6
1KIR_AB_C|SA50Y,-1.3870943,-0.6897616,3,6
1MLC_AB_E|KB65D,0.018548755,-0.7010692,3,6
1MLC_AB_E|NA32G,-0.8773867,0.52953726,3,6
"1MLC_AB_E|NA32G,NA92A",-0.6866531,0.53851634,3,6
"1MLC_AB_E|NA32G,NA92A,SB57V,TB58D",-1.7349738,-0.61620075,3,6
1MLC_AB_E|NA32Y,0.0,-0.63665634,3,6
1MLC_AB_E|NA92A,-1.2533532,0.17673653,3,6
"1MLC_AB_E|NA92A,SB57V,TB58D",-2.394188,-0.47442505,3,6
"1MLC_AB_E|NA92A,TB28D,SB57V,TB58D",-2.5813644,-0.55262065,3,6
"1MLC_AB_E|NA92A,TB28D,SB57V,TB58D,EB35S,GB99D",-2.9539242,-0.72342956,3,6
"1MLC_AB_E|NA92A,TB28D,SB57V,TB58D,GB99D",-0.20357698,-0.7085806,3,6
"1MLC_AB_E|NA92A,TB28D,SB57V,TB58D,NA32L",-2.5843081,-0.7950297,3,6
"1MLC_AB_E|NA92A,TB28D,SB57V,TB58D,RB98M,DB100Q",-0.41047263,-0.60281414,3,6
"1MLC_AB_E|NA92A,TB28D,SB57V,TB58D,SA91N,SA93A",-1.6104395,-0.1714449,3,6
"1MLC_AB_E|NA92A,TB28D,SB57V,TB58D,SB30G",-2.3584673,-0.62769145,3,6
"1MLC_AB_E|NA92A,TB28D,SB57V,TB58D,YB32W,RB98V,DB100Q",0.36138764,-0.6338632,3,6
"1MLC_AB_E|NA92A,TB28D,SB57V,TB58D,YB59E",-1.4661698,-0.09860917,3,6
1MLC_AB_E|SB57A,-0.37902167,-0.24730782,3,6
1MLC_AB_E|SB57V,-0.49418068,-0.35087073,3,6
"1MLC_AB_E|SB57V,TB58D",-0.9877286,-1.0022633,3,6
1MLC_AB_E|TB28D,-0.15094383,-0.10377048,3,6
1MLC_AB_E|TB31A,0.44700673,0.7250829,3,6
1MLC_AB_E|TB31V,0.5262404,0.25684008,3,6
1MLC_AB_E|TB31W,0.13214268,-0.13850245,3,6
1MLC_AB_E|TB58D,-0.55968237,-1.181338,3,6
1NCA_N_LH|DH101K,0.71416,1.5738494,3,6
1NCA_N_LH|EH100D,0.41047263,0.3139642,3,6
1NCA_N_LH|NH102Q,0.5426153,0.7574193,3,6
1NCA_N_LH|NH31Q,0.0,-0.14529279,3,6
1NMB_N_LH|DH57E,2.9536283,0.7962109,3,6
1NMB_N_LH|DH57N,2.9536283,0.62159085,3,6
1NMB_N_LH|LL94V,0.9000208,-0.08395811,3,6
1NMB_N_LH|TL93F,-0.023903161,-1.6753701,3,6
1NMB_N_LH|TL93W,0.18419003,-0.6568395,3,6
1NMB_N_LH|YH103A,2.14062,0.50197387,3,6
1NMB_N_LH|YH105F,1.4194101,0.5296245,3,6
1NMB_N_LH|YL32F,0.46632215,0.80503756,3,6
1VFB_AB_C|DB100A,3.005002,2.9469907,3,6
"1VFB_AB_C|DB100A,SC24A",3.369756,4.0168114,3,6
1VFB_AB_C|DB54A,0.8151114,3.337726,3,6
"1VFB_AB_C|DB54A,TC118A",1.2546439,2.3245137,3,6
1VFB_AB_C|DB58A,-0.20700333,1.1067033,3,6
1VFB_AB_C|DB58E,0.078081094,0.13853182,3,6
1VFB_AB_C|DB58N,-0.12818155,0.40606764,3,6
1VFB_AB_C|DC119A,0.9530879,1.8938364,3,6
1VFB_AB_C|DC18A,0.34013057,2.1350162,3,6
1VFB_AB_C|EB98A,1.1565572,3.1889305,3,6
1VFB_AB_C|GB31A,0.30646533,1.1250421,3,6
1VFB_AB_C|GB31E,-0.5097613,0.2744011,3,6
1VFB_AB_C|GB31W,0.0039611305,0.17205708,3,6
1VFB_AB_C|HA30A,0.84488255,1.641356,3,6
1VFB_AB_C|IC124A,1.2314179,0.9612087,3,6
1VFB_AB_C|KC116A,0.7134504,1.5639511,3,6
1VFB_AB_C|LC129A,0.17154472,0.8157461,3,6
1VFB_AB_C|NA31W,0.17432266,0.15182568,3,6
1VFB_AB_C|NB56A,0.17771798,0.99026054,3,6
1VFB_AB_C|NC19A,0.3960868,0.20021121,3,6
1VFB_AB_C|QC121A,2.876998,0.28762653,3,6
1VFB_AB_C|RB99A,-0.099735305,1.950541,3,6
1VFB_AB_C|RB99W,0.7049742,-0.112253405,3,6
1VFB_AB_C|RB99Y,1.235379,0.23364311,3,6
1VFB_AB_C|RC125A,1.8368999,0.68720573,3,6
1VFB_AB_C|SA93A,0.34312394,0.42110988,3,6
1VFB_AB_C|SB28D,0.0,-0.046373636,3,6
1VFB_AB_C|SB28E,-0.104007296,0.22059757,3,6
1VFB_AB_C|SB28N,0.14394745,-0.36144122,3,6
1VFB_AB_C|SB28Q,0.078081094,0.46939296,3,6
1VFB_AB_C|SC24A,0.850965,1.3621371,3,6
1VFB_AB_C|TA52F,0.4708752,-0.7256882,3,6
1VFB_AB_C|TA53R,1.6458516,-0.4238254,3,6
1VFB_AB_C|TB30A,-0.05584954,0.36072677,3,6
1VFB_AB_C|TC118A,0.7650957,0.3282483,3,6
1VFB_AB_C|VC120A,0.9169499,0.2687499,3,6
1VFB_AB_C|WA92A,3.037848,1.6298983,3,6
"1VFB_AB_C|WA92A,IC124A",3.8503337,2.1561797,3,6
"1VFB_AB_C|WA92A,LC129A",3.3073628,2.2387621,3,6
"1VFB_AB_C|WA92A,QC121A",3.5189366,2.229391,3,6
"1VFB_AB_C|WA92A,RC125A",3.3932896,1.2998432,3,6
1VFB_AB_C|WB52A,0.6406274,3.6615689,3,6
"1VFB_AB_C|WB52A,DC119A",2.2473724,4.5334125,3,6
1VFB_AB_C|YA32A,1.5281335,2.2569525,3,6
"1VFB_AB_C|YA32A,IC124A",2.9057157,2.0521562,3,6
"1VFB_AB_C|YA32A,QC121A",1.586041,2.7303114,3,6
1VFB_AB_C|YA49A,0.79754156,1.1680534,3,6
1VFB_AB_C|YA50A,0.456086,1.5716158,3,6
"1VFB_AB_C|YA50A,DC119A",1.2314179,2.0711153,3,6
"1VFB_AB_C|YA50A,DC18A",1.265924,2.4018762,3,6
1VFB_AB_C|YA50K,1.7156012,1.6424873,3,6
1VFB_AB_C|YA50R,0.8443241,1.4037995,3,6
1VFB_AB_C|YB101F,1.2695644,2.3278008,3,6
"1VFB_AB_C|YB101F,DC119A",2.736521,2.9880865,3,6
"1VFB_AB_C|YB101F,VC120A",2.5384777,1.86184,3,6
1VFB_AB_C|YB32A,0.7916793,1.781101,3,6
"1VFB_AB_C|YB32A,KC116A",1.586041,2.311761,3,6
1VFB_AB_C|YB32E,1.9021881,0.81673265,3,6
1VFB_AB_C|YC23A,0.41047263,1.0216755,3,6
1XGP_AB_C|AB33F,-4.0,-2.8542037,3,6
1XGP_AB_C|AB33I,-2.260207,-1.7905598,3,6
1XGP_AB_C|AB33L,-2.1988916,-1.7350851,3,6
1XGP_AB_C|AB33V,-1.1525793,-0.95296746,3,6
2JEL_LH_P|AP82S,0.0,-0.0066707833,3,6
2JEL_LH_P|DP69E,0.9530879,1.1254026,3,6
2JEL_LH_P|EP5D,0.41047263,-0.42527986,3,6
2JEL_LH_P|EP5Q,0.7129768,0.32242063,3,6
2JEL_LH_P|EP68A,0.41047263,0.56445324,3,6
2JEL_LH_P|EP75R,2.727121,2.0482316,3,6
2JEL_LH_P|EP83A,0.0,0.7761495,3,6
2JEL_LH_P|EP85A,0.0,0.08717684,3,6
2JEL_LH_P|EP85D,0.0,-0.41512853,3,6
2JEL_LH_P|EP85K,0.0,-0.0630666,3,6
2JEL_LH_P|EP85Q,0.0,0.38256076,3,6
2JEL_LH_P|FP2W,2.6191528,2.2917438,3,6
2JEL_LH_P|FP2Y,0.0,-0.04456024,3,6
2JEL_LH_P|HP76A,-0.41047263,0.6655762,3,6
2JEL_LH_P|HP76D,-0.65058374,-0.31432417,3,6
2JEL_LH_P|KP24E,0.0,0.9034423,3,6
2JEL_LH_P|KP27E,0.0,0.736615,3,6
2JEL_LH_P|KP72E,0.41047263,-0.011490262,3,6
2JEL_LH_P|KP72R,0.0,0.8286458,3,6
2JEL_LH_P|KP79E,0.41047263,0.5978951,3,6
2JEL_LH_P|NP12D,0.0,-0.9771719,3,6
2JEL_LH_P|NP38T,0.0,0.9601751,3,6
2JEL_LH_P|PP11E,0.0,1.8010379,3,6
2JEL_LH_P|QP3K,4.0,-0.02196315,3,6
2JEL_LH_P|QP4K,1.3635606,-1.354903,3,6
2JEL_LH_P|QP57E,-0.41047263,-0.6276265,3,6
2JEL_LH_P|QP71E,2.727121,0.50301677,3,6
2JEL_LH_P|RP17G,0.0,0.35144857,3,6
2JEL_LH_P|RP17K,0.0,-0.5792423,3,6
2JEL_LH_P|SP41C,1.4957032,1.0479906,3,6
2JEL_LH_P|SP43C,0.0,-0.15447752,3,6
2JEL_LH_P|SP46C,0.0,0.60004365,3,6
2JEL_LH_P|SP64T,4.0,-0.016150102,3,6
2JEL_LH_P|TP34Q,0.0,0.1915595,3,6
2JEL_LH_P|TP36Q,0.41047263,-0.1244388,3,6
2JEL_LH_P|TP62A,0.0,0.4464908,3,6
2JEL_LH_P|TP62N,0.0,0.26685652,3,6
2JEL_LH_P|TP7N,0.41047263,0.7475748,3,6
2JEL_LH_P|TP7S,0.0,0.86223155,3,6
2JEL_LH_P|VP6F,0.0,-0.4065006,3,6
"2NY7_HL_G|CG27I,CG226Q",0.19971907,-1.7644093,3,6
"2NY7_HL_G|CG27I,CG226Q,MG231A",0.20319231,-1.1965601,3,6
"2NY7_HL_G|GG229C,MG231A",-0.37879732,0.44560692,3,6
"2NY7_HL_G|GG229C,WG13M,MG231A,CG14W,CG110V,CG27I,CG226Q",0.21462485,-2.1867037,3,6
"2NY7_HL_G|KG66C,EG102C,CG27I,CG226Q",0.04085667,-1.475232,3,6
"2NY7_HL_G|KG66C,EG102C,WG13M,MG231A,CG14W,CG110V,CG27I,CG226Q",0.3998023,-1.74596,3,6
"2NY7_HL_G|KG66C,EG103C,WG13M,MG231A,CG14W,CG110V,CG27I,CG226Q",0.29989544,-1.7395077,3,6
"2NY7_HL_G|WG13M,MG231A,CG14W,CG110V",1.1574335,-0.3478283,3,6
"2NY7_HL_G|WG13M,MG231A,CG14W,CG110V,CG27I,CG226Q",0.44904727,-1.5522568,3,6
"2NY7_HL_G|WG13M,MG231A,CG14W,CG110V,KG66C,EG102C",0.55101526,-0.53833735,3,6
"2NY7_HL_G|WG13M,SG92T,WG181S,MG231A,CG14W,CG110V,CG27I,CG226Q",-0.3035898,-1.7256502,3,6
3BN9_B_CD|DB214A,0.5662115,1.659611,3,6
3BN9_B_CD|DB46A,0.42238826,0.80622375,3,6
3BN9_B_CD|DB47A,0.31110755,0.53515494,3,6
3BN9_B_CD|EB163A,0.37321588,0.3098464,3,6
3BN9_B_CD|FB50A,-0.044997852,0.41669756,3,6
3BN9_B_CD|FB89A,0.6392419,1.8495172,3,6
3BN9_B_CD|HB138A,0.085063316,1.3098916,3,6
3BN9_B_CD|IB26A,0.0,0.6978682,3,6
3BN9_B_CD|IB45A,0.8352155,0.3684243,3,6
3BN9_B_CD|KB221A,0.7849689,0.12532532,3,6
3BN9_B_CD|LB147A,0.33619216,0.09540416,3,6
3BN9_B_CD|NB90A,0.7733444,0.7204749,3,6
3BN9_B_CD|PD104H,2.4272547,-0.42315942,3,6
3BN9_B_CD|QB140A,0.1331048,-0.037392348,3,6
3BN9_B_CD|QB168A,-0.03469869,-0.65737295,3,6
3BN9_B_CD|QB169A,2.5089848,0.69558626,3,6
3BN9_B_CD|QB218A,0.70571065,0.10926917,3,6
3BN9_B_CD|QB23A,-0.41530684,0.08740048,3,6
3BN9_B_CD|QD105V,1.2241027,0.3273563,3,6
3BN9_B_CD|RB219A,-0.093698174,-0.37088248,3,6
3BN9_B_CD|RB48A,-0.044997852,-0.38096508,3,6
3BN9_B_CD|RB51A,-0.07155777,-0.076128975,3,6
3BN9_B_CD|RB82A,-0.15923285,0.0020541176,3,6
3BN9_B_CD|SD30G,1.1861069,0.7229248,3,6
3BN9_B_CD|SD30N,1.145505,0.48702106,3,6
3BN9_B_CD|TB144A,0.2908351,0.27954224,3,6
3BN9_B_CD|TB93A,1.1320528,1.1458757,3,6
3BN9_B_CD|TD102Q,-0.02153644,-0.13395798,3,6
3BN9_B_CD|TD102R,-0.058294915,-0.68541384,3,6
3BN9_B_CD|TD28R,0.33290586,0.12912999,3,6
3BN9_B_CD|YB141A,1.0846525,1.8892109,3,6
3BN9_B_CD|YB52A,0.018951595,0.7232395,3,6
3BN9_B_CD|YD103S,0.45868576,1.7870129,3,6
4GXU_ABCDEF_MN|DA189E,2.1650882,2.042799,3,6
"4GXU_ABCDEF_MN|DA189E,DA224G",3.0102077,1.8523194,3,6
4GXU_ABCDEF_MN|DA224G,1.9608781,0.41261992,3,6
"1CZ8_HL_VW|LL4M,DH28T,HH31N,YH101H,TH105S",2.939849,1.6749215,3,7
1KIR_AB_C|SA50Y,-1.3870943,0.13917018,3,7
1MLC_AB_E|KB65D,0.018548755,0.12117796,3,7
1MLC_AB_E|NA32G,-0.8773867,0.4006642,3,7
"1MLC_AB_E|NA32G,NA92A",-0.6866531,1.0846407,3,7
"1MLC_AB_E|NA32G,NA92A,SB57V,TB58D",-1.7349738,1.0348346,3,7
1MLC_AB_E|NA32Y,0.0,-0.3808341,3,7
1MLC_AB_E|NA92A,-1.2533532,0.46480978,3,7
"1MLC_AB_E|NA92A,SB57V,TB58D",-2.394188,0.8067831,3,7
"1MLC_AB_E|NA92A,TB28D,SB57V,TB58D",-2.5813644,0.70488244,3,7
"1MLC_AB_E|NA92A,TB28D,SB57V,TB58D,EB35S,GB99D",-2.9539242,0.29161578,3,7
"1MLC_AB_E|NA92A,TB28D,SB57V,TB58D,GB99D",-0.20357698,0.8246892,3,7
"1MLC_AB_E|NA92A,TB28D,SB57V,TB58D,NA32L",-2.5843081,0.82311887,3,7
"1MLC_AB_E|NA92A,TB28D,SB57V,TB58D,RB98M,DB100Q",-0.41047263,1.2001711,3,7
"1MLC_AB_E|NA92A,TB28D,SB57V,TB58D,SA91N,SA93A",-1.6104395,0.78646475,3,7
"1MLC_AB_E|NA92A,TB28D,SB57V,TB58D,SB30G",-2.3584673,0.3415225,3,7
"1MLC_AB_E|NA92A,TB28D,SB57V,TB58D,YB32W,RB98V,DB100Q",0.36138764,1.3705972,3,7
"1MLC_AB_E|NA92A,TB28D,SB57V,TB58D,YB59E",-1.4661698,1.2824311,3,7
1MLC_AB_E|SB57A,-0.37902167,-0.24701868,3,7
1MLC_AB_E|SB57V,-0.49418068,0.04811771,3,7
"1MLC_AB_E|SB57V,TB58D",-0.9877286,0.29244125,3,7
1MLC_AB_E|TB28D,-0.15094383,-0.106052235,3,7
1MLC_AB_E|TB31A,0.44700673,1.0458076,3,7
1MLC_AB_E|TB31V,0.5262404,0.4805249,3,7
1MLC_AB_E|TB31W,0.13214268,-0.06442181,3,7
1MLC_AB_E|TB58D,-0.55968237,-0.19196017,3,7
1NCA_N_LH|DH101K,0.71416,1.4899731,3,7
1NCA_N_LH|EH100D,0.41047263,0.4381668,3,7
1NCA_N_LH|NH102Q,0.5426153,0.33777946,3,7
1NCA_N_LH|NH31Q,0.0,0.2125654,3,7
1NMB_N_LH|DH57E,2.9536283,0.031850275,3,7
1NMB_N_LH|DH57N,2.9536283,-0.09768188,3,7
1NMB_N_LH|LL94V,0.9000208,-0.6656879,3,7
1NMB_N_LH|TL93F,-0.023903161,-0.35675347,3,7
1NMB_N_LH|TL93W,0.18419003,-0.5623139,3,7
1NMB_N_LH|YH103A,2.14062,0.0922661,3,7
1NMB_N_LH|YH105F,1.4194101,0.29302764,3,7
1NMB_N_LH|YL32F,0.46632215,1.1790289,3,7
1VFB_AB_C|DB100A,3.005002,2.2441547,3,7
"1VFB_AB_C|DB100A,SC24A",3.369756,5.878663,3,7
1VFB_AB_C|DB54A,0.8151114,2.4048197,3,7
"1VFB_AB_C|DB54A,TC118A",1.2546439,2.679786,3,7
1VFB_AB_C|DB58A,-0.20700333,1.0621501,3,7
1VFB_AB_C|DB58E,0.078081094,0.2773561,3,7
1VFB_AB_C|DB58N,-0.12818155,0.47217846,3,7
1VFB_AB_C|DC119A,0.9530879,2.256702,3,7
1VFB_AB_C|DC18A,0.34013057,1.3706726,3,7
1VFB_AB_C|EB98A,1.1565572,3.192549,3,7
1VFB_AB_C|GB31A,0.30646533,1.9495778,3,7
1VFB_AB_C|GB31E,-0.5097613,0.82321817,3,7
1VFB_AB_C|GB31W,0.0039611305,0.549058,3,7
1VFB_AB_C|HA30A,0.84488255,1.6369406,3,7
1VFB_AB_C|IC124A,1.2314179,1.431684,3,7
1VFB_AB_C|KC116A,0.7134504,1.6240599,3,7
1VFB_AB_C|LC129A,0.17154472,0.6839068,3,7
1VFB_AB_C|NA31W,0.17432266,0.17771725,3,7
1VFB_AB_C|NB56A,0.17771798,1.2165256,3,7
1VFB_AB_C|NC19A,0.3960868,1.4046429,3,7
1VFB_AB_C|QC121A,2.876998,0.8656966,3,7
1VFB_AB_C|RB99A,-0.099735305,1.2913873,3,7
1VFB_AB_C|RB99W,0.7049742,0.22670433,3,7
1VFB_AB_C|RB99Y,1.235379,0.4537863,3,7
1VFB_AB_C|RC125A,1.8368999,1.4281071,3,7
1VFB_AB_C|SA93A,0.34312394,0.6268652,3,7
1VFB_AB_C|SB28D,0.0,-0.5052164,3,7
1VFB_AB_C|SB28E,-0.104007296,-0.3514446,3,7
1VFB_AB_C|SB28N,0.14394745,-0.36370724,3,7
1VFB_AB_C|SB28Q,0.078081094,-0.06274301,3,7
1VFB_AB_C|SC24A,0.850965,2.3223162,3,7
1VFB_AB_C|TA52F,0.4708752,-0.5694575,3,7
1VFB_AB_C|TA53R,1.6458516,-0.26239538,3,7
1VFB_AB_C|TB30A,-0.05584954,0.3588454,3,7
1VFB_AB_C|TC118A,0.7650957,1.338162,3,7
1VFB_AB_C|VC120A,0.9169499,0.62759304,3,7
1VFB_AB_C|WA92A,3.037848,1.2630582,3,7
"1VFB_AB_C|WA92A,IC124A",3.8503337,2.9399316,3,7
"1VFB_AB_C|WA92A,LC129A",3.3073628,1.4687768,3,7
"1VFB_AB_C|WA92A,QC121A",3.5189366,2.518682,3,7
"1VFB_AB_C|WA92A,RC125A",3.3932896,2.3206887,3,7
1VFB_AB_C|WB52A,0.6406274,3.554505,3,7
"1VFB_AB_C|WB52A,DC119A",2.2473724,5.0898857,3,7
1VFB_AB_C|YA32A,1.5281335,1.701888,3,7
"1VFB_AB_C|YA32A,IC124A",2.9057157,2.0670238,3,7
"1VFB_AB_C|YA32A,QC121A",1.586041,1.8098512,3,7
1VFB_AB_C|YA49A,0.79754156,1.0353266,3,7
1VFB_AB_C|YA50A,0.456086,1.5299906,3,7
"1VFB_AB_C|YA50A,DC119A",1.2314179,3.1412282,3,7
"1VFB_AB_C|YA50A,DC18A",1.265924,2.4993052,3,7
1VFB_AB_C|YA50K,1.7156012,0.8733711,3,7
1VFB_AB_C|YA50R,0.8443241,0.67410207,3,7
1VFB_AB_C|YB101F,1.2695644,2.8040195,3,7
"1VFB_AB_C|YB101F,DC119A",2.736521,4.452616,3,7
"1VFB_AB_C|YB101F,VC120A",2.5384777,3.0081234,3,7
1VFB_AB_C|YB32A,0.7916793,1.6188309,3,7
"1VFB_AB_C|YB32A,KC116A",1.586041,2.1292253,3,7
1VFB_AB_C|YB32E,1.9021881,0.7679808,3,7
1VFB_AB_C|YC23A,0.41047263,0.5266997,3,7
1XGP_AB_C|AB33F,-4.0,-3.041479,3,7
1XGP_AB_C|AB33I,-2.260207,-2.1372669,3,7
1XGP_AB_C|AB33L,-2.1988916,-1.891208,3,7
1XGP_AB_C|AB33V,-1.1525793,-1.3752022,3,7
2JEL_LH_P|AP82S,0.0,-0.4738409,3,7
2JEL_LH_P|DP69E,0.9530879,0.29527557,3,7
2JEL_LH_P|EP5D,0.41047263,-0.075098336,3,7
2JEL_LH_P|EP5Q,0.7129768,0.10668823,3,7
2JEL_LH_P|EP68A,0.41047263,1.1426394,3,7
2JEL_LH_P|EP75R,2.727121,0.9887956,3,7
2JEL_LH_P|EP83A,0.0,0.5699153,3,7
2JEL_LH_P|EP85A,0.0,0.42351508,3,7
2JEL_LH_P|EP85D,0.0,0.10409779,3,7
2JEL_LH_P|EP85K,0.0,0.46566427,3,7
2JEL_LH_P|EP85Q,0.0,0.2813424,3,7
2JEL_LH_P|FP2W,2.6191528,1.548231,3,7
2JEL_LH_P|FP2Y,0.0,0.27199733,3,7
2JEL_LH_P|HP76A,-0.41047263,1.8515399,3,7
2JEL_LH_P|HP76D,-0.65058374,1.2489699,3,7
2JEL_LH_P|KP24E,0.0,0.14219311,3,7
2JEL_LH_P|KP27E,0.0,0.24630775,3,7
2JEL_LH_P|KP72E,0.41047263,-0.97782874,3,7
2JEL_LH_P|KP72R,0.0,-0.19214775,3,7
2JEL_LH_P|KP79E,0.41047263,0.10409662,3,7
2JEL_LH_P|NP12D,0.0,-0.37931216,3,7
2JEL_LH_P|NP38T,0.0,0.50943804,3,7
2JEL_LH_P|PP11E,0.0,2.2757926,3,7
2JEL_LH_P|QP3K,4.0,0.29098833,3,7
2JEL_LH_P|QP4K,1.3635606,-0.5727575,3,7
2JEL_LH_P|QP57E,-0.41047263,-0.27687126,3,7
2JEL_LH_P|QP71E,2.727121,-0.26660347,3,7
2JEL_LH_P|RP17G,0.0,0.26155823,3,7
2JEL_LH_P|RP17K,0.0,-0.1382117,3,7
2JEL_LH_P|SP41C,1.4957032,0.91703933,3,7
2JEL_LH_P|SP43C,0.0,0.89969456,3,7
2JEL_LH_P|SP46C,0.0,1.1327106,3,7
2JEL_LH_P|SP64T,4.0,-0.29674363,3,7
2JEL_LH_P|TP34Q,0.0,1.0168288,3,7
2JEL_LH_P|TP36Q,0.41047263,0.93339086,3,7
2JEL_LH_P|TP62A,0.0,0.6653377,3,7
2JEL_LH_P|TP62N,0.0,0.38865286,3,7
2JEL_LH_P|TP7N,0.41047263,0.4597668,3,7
2JEL_LH_P|TP7S,0.0,0.32645684,3,7
2JEL_LH_P|VP6F,0.0,-0.10273342,3,7
"2NY7_HL_G|CG27I,CG226Q",0.19971907,-2.296401,3,7
"2NY7_HL_G|CG27I,CG226Q,MG231A",0.20319231,-2.14515,3,7
"2NY7_HL_G|GG229C,MG231A",-0.37879732,0.21927767,3,7
"2NY7_HL_G|GG229C,WG13M,MG231A,CG14W,CG110V,CG27I,CG226Q",0.21462485,-2.3506362,3,7
"2NY7_HL_G|KG66C,EG102C,CG27I,CG226Q",0.04085667,-1.6452247,3,7
"2NY7_HL_G|KG66C,EG102C,WG13M,MG231A,CG14W,CG110V,CG27I,CG226Q",0.3998023,-2.2086945,3,7
"2NY7_HL_G|KG66C,EG103C,WG13M,MG231A,CG14W,CG110V,CG27I,CG226Q",0.29989544,-2.3020968,3,7
"2NY7_HL_G|WG13M,MG231A,CG14W,CG110V",1.1574335,-0.35940778,3,7
"2NY7_HL_G|WG13M,MG231A,CG14W,CG110V,CG27I,CG226Q",0.44904727,-2.2689846,3,7
"2NY7_HL_G|WG13M,MG231A,CG14W,CG110V,KG66C,EG102C",0.55101526,-0.5032631,3,7
"2NY7_HL_G|WG13M,SG92T,WG181S,MG231A,CG14W,CG110V,CG27I,CG226Q",-0.3035898,-2.05515,3,7
3BN9_B_CD|DB214A,0.5662115,1.4808593,3,7
3BN9_B_CD|DB46A,0.42238826,1.8092347,3,7
3BN9_B_CD|DB47A,0.31110755,1.9061787,3,7
3BN9_B_CD|EB163A,0.37321588,0.36994326,3,7
3BN9_B_CD|FB50A,-0.044997852,1.7235484,3,7
3BN9_B_CD|FB89A,0.6392419,2.1586742,3,7
3BN9_B_CD|HB138A,0.085063316,1.3729011,3,7
3BN9_B_CD|IB26A,0.0,1.2650765,3,7
3BN9_B_CD|IB45A,0.8352155,1.7246993,3,7
3BN9_B_CD|KB221A,0.7849689,0.6287628,3,7
3BN9_B_CD|LB147A,0.33619216,0.31626296,3,7
3BN9_B_CD|NB90A,0.7733444,1.5040694,3,7
3BN9_B_CD|PD104H,2.4272547,-0.11682317,3,7
3BN9_B_CD|QB140A,0.1331048,-0.036191583,3,7
3BN9_B_CD|QB168A,-0.03469869,-0.10769874,3,7
3BN9_B_CD|QB169A,2.5089848,0.88499856,3,7
3BN9_B_CD|QB218A,0.70571065,0.12582664,3,7
3BN9_B_CD|QB23A,-0.41530684,0.3970914,3,7
3BN9_B_CD|QD105V,1.2241027,0.124640316,3,7
3BN9_B_CD|RB219A,-0.093698174,0.43237072,3,7
3BN9_B_CD|RB48A,-0.044997852,0.6768192,3,7
3BN9_B_CD|RB51A,-0.07155777,0.16759619,3,7
3BN9_B_CD|RB82A,-0.15923285,0.07685615,3,7
3BN9_B_CD|SD30G,1.1861069,0.39887756,3,7
3BN9_B_CD|SD30N,1.145505,0.55866396,3,7
3BN9_B_CD|TB144A,0.2908351,0.7855001,3,7
3BN9_B_CD|TB93A,1.1320528,1.373082,3,7
3BN9_B_CD|TD102Q,-0.02153644,-0.24221937,3,7
3BN9_B_CD|TD102R,-0.058294915,-0.87374675,3,7
3BN9_B_CD|TD28R,0.33290586,0.5233204,3,7
3BN9_B_CD|YB141A,1.0846525,2.3470824,3,7
3BN9_B_CD|YB52A,0.018951595,1.1004126,3,7
3BN9_B_CD|YD103S,0.45868576,1.1971078,3,7
4GXU_ABCDEF_MN|DA189E,2.1650882,1.6091812,3,7
"4GXU_ABCDEF_MN|DA189E,DA224G",3.0102077,2.4130425,3,7
4GXU_ABCDEF_MN|DA224G,1.9608781,0.81156224,3,7
"1JRH_LH_I|AI49S,II51T,HI55D",0.070675574,-0.036767125,4,0
"1JRH_LH_I|AI85D,KI88R,EI90K",-0.047747865,-0.531543,4,0
"1JRH_LH_I|AI93L,VI94M",0.63366294,0.1605491,4,0
1JRH_LH_I|DH56A,1.8860998,1.8870058,4,0
1JRH_LH_I|DH57A,1.6660647,0.55946314,4,0
1JRH_LH_I|DH58A,1.8546488,0.66417086,4,0
1JRH_LH_I|DL28A,0.43464687,1.5241009,4,0
1JRH_LH_I|EI35Q,0.09956847,-0.8121028,4,0
1JRH_LH_I|EI45A,-0.5657849,0.24695751,4,0
1JRH_LH_I|EI45P,-3.7881775,-0.062613115,4,0
"1JRH_LH_I|EI45P,II47L",-3.4567804,0.75389934,4,0
"1JRH_LH_I|EI45P,II47R",-3.4400978,-0.12172942,4,0
1JRH_LH_I|EL27A,0.5426153,1.37524,4,0
1JRH_LH_I|FH103A,0.0,-0.12339031,4,0
1JRH_LH_I|GI40A,4.0,0.9920243,4,0
1JRH_LH_I|HH107A,1.6977708,0.7166662,4,0
"1JRH_LH_I|II25N,PI27S,VI29T,VI31I",0.14370596,-0.42605123,4,0
1JRH_LH_I|KI37A,3.713863,0.8688445,4,0
1JRH_LH_I|KI37M,3.2923293,0.83209074,4,0
1JRH_LH_I|KI42A,3.3858175,0.97897804,4,0
1JRH_LH_I|KI42M,4.0,0.35354522,4,0
1JRH_LH_I|KI88A,0.31209365,0.41591927,4,0
"1JRH_LH_I|MI15L,II18V",-0.21360606,1.1272967,4,0
1JRH_LH_I|NI38A,0.1704579,0.19251075,4,0
1JRH_LH_I|NI38Q,0.5344714,-0.6545421,4,0
1JRH_LH_I|NI43A,4.0,0.8596425,4,0
1JRH_LH_I|NI69A,-0.19953421,0.019975483,4,0
1JRH_LH_I|RH100A,0.5426153,2.0939457,4,0
1JRH_LH_I|RI74A,0.3926171,1.3633595,4,0
1JRH_LH_I|SI44A,0.37771076,0.9709048,4,0
"1JRH_LH_I|SI44G,EI45G,II47R",-3.3777049,-0.27801326,4,0
"1JRH_LH_I|SI44G,EI45P,II47K",-3.884419,-0.61869156,4,0
"1JRH_LH_I|SI61Y,DI62E,HI63Q,VI64I,GI65M,DI66Y,SI68D,NI69V,LI71A",2.9588323,-0.507483,4,0
1JRH_LH_I|SL93A,-0.65058374,0.46673444,4,0
1JRH_LH_I|TI4V,-0.025565991,0.35906354,4,0
"1JRH_LH_I|TI9L,EI11K",-0.025565991,-0.24473628,4,0
1JRH_LH_I|TL94A,0.38526937,0.25005624,4,0
1JRH_LH_I|VI41A,1.6791569,0.42860016,4,0
"1JRH_LH_I|VI73A,RI78K",-0.21360606,-0.4149803,4,0
1JRH_LH_I|WH54A,2.6862645,2.7779903,4,0
1JRH_LH_I|WH55A,2.4213178,1.5374788,4,0
1JRH_LH_I|WI46F,-0.25261214,0.3072229,4,0
1JRH_LH_I|WI46Y,0.29852974,0.15884593,4,0
1JRH_LH_I|WI72A,4.0,1.5892514,4,0
1JRH_LH_I|WI72F,1.102707,0.21252474,4,0
1JRH_LH_I|WI72Y,1.1878273,-0.14315312,4,0
1JRH_LH_I|WL92A,2.818407,0.2951728,4,0
1JRH_LH_I|WL95A,1.6660647,0.7599443,4,0
1JRH_LH_I|YH104A,1.0610564,1.4212345,4,0
1JRH_LH_I|YH32A,1.4333102,1.4644421,4,0
1JRH_LH_I|YH60A,1.2555921,1.5887905,4,0
1JRH_LH_I|YI39A,3.5271235,1.7118455,4,0
1JRH_LH_I|YI39F,0.9087807,0.7060536,4,0
1JRH_LH_I|YL30A,1.1084566,1.2380812,4,0
1JRH_LH_I|YL91A,0.58083415,2.1476145,4,0
1KIQ_AB_C|FB101Y,-2.4949589,-1.2537245,4,0
1XGR_AB_C|IB33A,2.260207,1.8551847,4,0
1XGR_AB_C|IB33F,-1.8004549,-1.5591666,4,0
1XGR_AB_C|IB33L,0.061315425,0.40091014,4,0
1XGR_AB_C|IB33V,1.1076277,0.59936404,4,0
2BDN_HL_A|DH31E,1.0852306,0.28997937,4,0
2BDN_HL_A|LH27K,0.8740124,0.025861502,4,0
2BDN_HL_A|LH27R,0.65058374,-0.15875816,4,0
2BDN_HL_A|NH28D,0.13214268,-0.5620415,4,0
2BDN_HL_A|NH28Q,1.3994616,0.15209684,4,0
2BDN_HL_A|NL31K,3.4897714,0.68525887,4,0
2BDN_HL_A|NL31R,-0.9171868,0.4369568,4,0
2BDN_HL_A|SL53D,-0.1605731,-0.55716074,4,0
2BDN_HL_A|SL53E,-0.85132045,-0.41671553,4,0
2BDN_HL_A|TL56D,-0.4254655,-0.22453092,4,0
2BDN_HL_A|TL56E,-0.6888026,-0.08725084,4,0
2BDN_HL_A|YL30K,0.67475796,0.7331184,4,0
2NYY_DC_A|DA1030A,0.009336901,0.91173196,4,0
2NYY_DC_A|DA1034A,2.5297937,1.3672178,4,0
2NYY_DC_A|DC30Y,0.64113563,-0.18798582,4,0
2NYY_DC_A|EA892A,2.839132,0.731334,4,0
2NYY_DC_A|ED5Q,-0.2479871,-0.36093655,4,0
2NYY_DC_A|FA889A,0.4193659,1.2885903,4,0
2NYY_DC_A|FA925A,4.0,1.1826426,4,0
2NYY_DC_A|HA1036A,4.0,1.1803718,4,0
2NYY_DC_A|HC34R,0.10088469,-0.45751965,4,0
2NYY_DC_A|IA928A,-0.009487502,0.67099404,4,0
2NYY_DC_A|KA1028A,-0.028934313,0.5700309,4,0
2NYY_DC_A|KA875A,0.29098648,1.0445329,4,0
2NYY_DC_A|KA895A,-0.14014584,0.6501044,4,0
2NYY_DC_A|KD29R,0.071385965,-0.11180674,4,0
"2NYY_DC_A|KD29S,YD30D,DD31H,SD60P",0.04961051,0.7601787,4,0
2NYY_DC_A|LA891A,2.5892105,-0.811679,4,0
2NYY_DC_A|MD33Q,-0.059869844,-0.23660524,4,0
2NYY_DC_A|NA890A,0.89044046,-0.221938,4,0
2NYY_DC_A|NA926A,0.09934822,-0.44843575,4,0
2NYY_DC_A|QA887A,0.5208145,0.013722964,4,0
2NYY_DC_A|RA1033A,0.82012254,0.8443284,4,0
2NYY_DC_A|RA1266A,0.2995321,1.0431358,4,0
2NYY_DC_A|SA874A,-0.23032175,0.51069415,4,0
2NYY_DC_A|SA927A,0.0,0.8160237,4,0
2NYY_DC_A|SC28Q,0.4133828,0.013520792,4,0
2NYY_DC_A|SC31N,-0.35338265,0.5061929,4,0
2NYY_DC_A|TA1035A,1.630871,0.85165334,4,0
2NYY_DC_A|VD36I,-0.21317148,0.28823027,4,0
"2NYY_DC_A|VD36I,ED5Q",-0.0490461,-0.04258401,4,0
2NYY_DC_A|YD30D,0.06462482,0.7424134,4,0
2NYY_DC_A|YD30Q,0.12897444,0.6681833,4,0
2NYY_DC_A|YD56Q,0.5196862,0.62726116,4,0
2NZ9_DC_A|DA1030A,-0.031082604,1.0238271,4,0
2NZ9_DC_A|DA1034A,2.3396032,1.1800618,4,0
2NZ9_DC_A|EA892A,2.77036,0.8954947,4,0
2NZ9_DC_A|FA889A,-0.04961051,1.2033907,4,0
2NZ9_DC_A|FA925A,3.340439,1.1612985,4,0
2NZ9_DC_A|HA1036A,4.0,1.1384996,4,0
2NZ9_DC_A|IA928A,0.069281444,0.736447,4,0
2NZ9_DC_A|KA1028A,-0.008714417,0.6074412,4,0
2NZ9_DC_A|KA875A,0.5407011,0.97797847,4,0
2NZ9_DC_A|KA895A,-0.29975358,0.8127912,4,0
2NZ9_DC_A|LA891A,2.279965,-0.7579708,4,0
2NZ9_DC_A|NA890A,2.1600318,-0.25037175,4,0
2NZ9_DC_A|NA926A,-0.15216734,-0.4848143,4,0
2NZ9_DC_A|QA887A,0.09926054,0.025405996,4,0
2NZ9_DC_A|RA1033A,0.29088098,0.8380723,4,0
2NZ9_DC_A|RA1266A,0.39015788,0.86867297,4,0
2NZ9_DC_A|SA874A,-0.11948046,0.34292233,4,0
2NZ9_DC_A|SA927A,-0.078544825,0.9191476,4,0
"2NZ9_DC_A|SD29K,DD30Y,HD31D",-0.04961051,-0.34623098,4,0
2NZ9_DC_A|TA1035A,2.3703818,0.93671954,4,0
2VIS_AB_C|IC89T,-4.0,-1.6084454,4,0
"3BE1_HL_A|DL28N,PL30A,RL31K,SL32T,TL97S,TL98S",-0.6860794,-1.094276,4,0
"3BE1_HL_A|DL28N,PL30A,RL31K,SL32T,TL97S,TL98S,KH30S,DH31G,TH54S,NH55E,GH100V,DH102V",-2.7728782,-2.4220986,4,0
"3BE1_HL_A|DL28N,PL30A,RL31K,SL32T,TL97S,TL98S,KH30S,DH31G,TH54S,NH55E,GH100V,DH102V,YL36A",-3.190238,-0.959787,4,0
"3BE1_HL_A|DL28N,PL30A,RL31K,SL32T,TL97S,TL98S,KH30S,DH31G,TH54S,NH55E,GH100V,DH102V,YL36A,IL33A",-2.7728782,-0.9811578,4,0
"3BE1_HL_A|DL28N,PL30A,RL31K,SL32T,YL57F,TL97S,TL98S",-0.8683455,-0.91783524,4,0
"3BE1_HL_A|DL28N,PL30A,RL31K,SL32T,YL57F,TL97S,TL98S,KH30S,DH31G,TH54S,NH55E,GH100V,DH102V",-2.8824897,-2.3306115,4,0
3LZF_AB_HL|DA187E,0.49836498,0.28535676,4,0
"3LZF_AB_HL|DA187E,DA222G",0.12738612,0.5195863,4,0
3LZF_AB_HL|DA222G,0.5378587,0.15340184,4,0
3NGB_HL_G|AH57G,-0.056030333,-0.74888885,4,0
"3NGB_HL_G|AH57G,VH58T,PH63K,VH74T",1.6734211,-0.20332558,4,0
"3NGB_HL_G|CH32S,CH102A",0.25899792,0.16387385,4,0
3NGB_HL_G|DH103A,0.05987142,0.026425734,4,0
3NGB_HL_G|EL88A,1.3199503,0.23876894,4,0
3NGB_HL_G|FL89A,0.85886127,0.3058733,4,0
3NGB_HL_G|GH55A,-1.2766591,0.43889037,4,0
3NGB_HL_G|GH55S,0.74304354,0.3221795,4,0
3NGB_HL_G|GH56A,1.2656107,0.62421787,4,0
3NGB_HL_G|IH30A,-0.0027431613,0.24692193,4,0
3NGB_HL_G|IH30T,0.0733938,-0.2149933,4,0
"3NGB_HL_G|IH30T,KH52N,RH54N,GH55S,AH57G,VH58T,RH62Q,PH63K,VH74T,YH75S,YL26S",0.86214453,-0.8790716,4,0
3NGB_HL_G|KH52A,0.62288266,1.5163198,4,0
3NGB_HL_G|KH52N,0.17497002,0.07335168,4,0
3NGB_HL_G|MH70A,0.5305512,0.08874418,4,0
3NGB_HL_G|NH105A,1.1185741,0.38804045,4,0
3NGB_HL_G|NH59A,1.7671243,1.9920827,4,0
3NGB_HL_G|PH63A,-0.04252045,-0.10090281,4,0
3NGB_HL_G|PH63K,0.23252328,-0.21366358,4,0
3NGB_HL_G|QH65A,-0.34038836,0.7166052,4,0
3NGB_HL_G|QL25A,-0.23060839,0.36400938,4,0
3NGB_HL_G|RH54A,-0.25938424,0.5930295,4,0
3NGB_HL_G|RH54N,0.04645046,0.09010044,4,0
3NGB_HL_G|RH62A,0.9958448,0.6670681,4,0
3NGB_HL_G|RH62Q,0.09654992,0.037487507,4,0
3NGB_HL_G|RH72A,1.6432176,1.8148404,4,0
3NGB_HL_G|SL28A,-0.14471176,1.0541917,4,0
3NGB_HL_G|TH33A,0.7071634,1.7437273,4,0
3NGB_HL_G|TH33Y,0.084193856,-1.175043,4,0
"3NGB_HL_G|TH33Y,GH56S,AH57G,VH58T,PH63K,VH74T,YH75S",1.9381938,-0.46980998,4,0
3NGB_HL_G|VH58A,1.3584284,1.3408151,4,0
3NGB_HL_G|VH58T,0.13787223,0.057938397,4,0
3NGB_HL_G|VH74A,1.087914,0.42748106,4,0
3NGB_HL_G|VH74T,0.16493925,-0.25375915,4,0
3NGB_HL_G|VL1A,-0.7733632,-0.06668325,4,0
3NGB_HL_G|WH106A,4.0,0.5518627,4,0
3NGB_HL_G|WH47A,1.2021707,1.2603439,4,0
3NGB_HL_G|WH50A,1.2917941,2.0947735,4,0
3NGB_HL_G|YH104A,1.4235861,1.082828,4,0
3NGB_HL_G|YH60A,0.5484263,0.7780367,4,0
3NGB_HL_G|YH75A,-0.19932224,0.77395713,4,0
3NGB_HL_G|YH75S,0.3325709,0.56806254,4,0
3NGB_HL_G|YL26A,0.98528093,0.92792976,4,0
3NGB_HL_G|YL26S,0.6512687,0.51087797,4,0
3NGB_HL_G|YL87A,2.0227883,1.4965987,4,0
4JPK_HL_A|DA141R,3.857323,0.65915954,4,0
"4JPK_HL_A|DA159N,DA33N",0.6189681,2.0310142,4,0
4JPK_HL_A|FA144I,1.3875175,0.9179292,4,0
4JPK_HL_A|FA63L,1.1672868,1.3605096,4,0
4JPK_HL_A|RA130K,0.23006605,-0.41932204,4,0
4JPK_HL_A|RA81T,0.75870305,0.2937657,4,0
4JPK_HL_A|SA41G,2.151695,0.48623094,4,0
4JPK_HL_A|TA35S,-0.032093357,0.12652591,4,0
4JPK_HL_A|VA30N,0.59459484,0.21797284,4,0
"1JRH_LH_I|AI49S,II51T,HI55D",0.070675574,0.07283074,4,1
"1JRH_LH_I|AI85D,KI88R,EI90K",-0.047747865,-0.04431063,4,1
"1JRH_LH_I|AI93L,VI94M",0.63366294,-0.055592656,4,1
1JRH_LH_I|DH56A,1.8860998,2.7440023,4,1
1JRH_LH_I|DH57A,1.6660647,0.8988467,4,1
1JRH_LH_I|DH58A,1.8546488,1.4385147,4,1
1JRH_LH_I|DL28A,0.43464687,1.2516398,4,1
1JRH_LH_I|EI35Q,0.09956847,-0.12124537,4,1
1JRH_LH_I|EI45A,-0.5657849,0.60660267,4,1
1JRH_LH_I|EI45P,-3.7881775,0.2979641,4,1
"1JRH_LH_I|EI45P,II47L",-3.4567804,0.65434265,4,1
"1JRH_LH_I|EI45P,II47R",-3.4400978,0.5827824,4,1
1JRH_LH_I|EL27A,0.5426153,1.7447078,4,1
1JRH_LH_I|FH103A,0.0,0.32656693,4,1
1JRH_LH_I|GI40A,4.0,0.43110746,4,1
1JRH_LH_I|HH107A,1.6977708,0.6104262,4,1
"1JRH_LH_I|II25N,PI27S,VI29T,VI31I",0.14370596,-0.48917705,4,1
1JRH_LH_I|KI37A,3.713863,0.7400165,4,1
1JRH_LH_I|KI37M,3.2923293,0.23347506,4,1
1JRH_LH_I|KI42A,3.3858175,0.33783716,4,1
1JRH_LH_I|KI42M,4.0,-0.16745257,4,1
1JRH_LH_I|KI88A,0.31209365,0.21128376,4,1
"1JRH_LH_I|MI15L,II18V",-0.21360606,0.5193312,4,1
1JRH_LH_I|NI38A,0.1704579,0.4006865,4,1
1JRH_LH_I|NI38Q,0.5344714,-0.58251125,4,1
1JRH_LH_I|NI43A,4.0,0.795448,4,1
1JRH_LH_I|NI69A,-0.19953421,0.25475156,4,1
1JRH_LH_I|RH100A,0.5426153,1.5422969,4,1
1JRH_LH_I|RI74A,0.3926171,1.3434825,4,1
1JRH_LH_I|SI44A,0.37771076,1.2098734,4,1
"1JRH_LH_I|SI44G,EI45G,II47R",-3.3777049,0.7726224,4,1
"1JRH_LH_I|SI44G,EI45P,II47K",-3.884419,0.5228845,4,1
"1JRH_LH_I|SI61Y,DI62E,HI63Q,VI64I,GI65M,DI66Y,SI68D,NI69V,LI71A",2.9588323,-0.18270254,4,1
1JRH_LH_I|SL93A,-0.65058374,0.32267445,4,1
1JRH_LH_I|TI4V,-0.025565991,-0.0082107335,4,1
"1JRH_LH_I|TI9L,EI11K",-0.025565991,0.6274244,4,1
1JRH_LH_I|TL94A,0.38526937,0.5522955,4,1
1JRH_LH_I|VI41A,1.6791569,0.07646316,4,1
"1JRH_LH_I|VI73A,RI78K",-0.21360606,0.051172104,4,1
1JRH_LH_I|WH54A,2.6862645,3.1712625,4,1
1JRH_LH_I|WH55A,2.4213178,1.9840124,4,1
1JRH_LH_I|WI46F,-0.25261214,0.30417997,4,1
1JRH_LH_I|WI46Y,0.29852974,0.03249278,4,1
1JRH_LH_I|WI72A,4.0,1.7817407,4,1
1JRH_LH_I|WI72F,1.102707,0.24991006,4,1
1JRH_LH_I|WI72Y,1.1878273,-0.35231385,4,1
1JRH_LH_I|WL92A,2.818407,1.4001625,4,1
1JRH_LH_I|WL95A,1.6660647,0.58229196,4,1
1JRH_LH_I|YH104A,1.0610564,1.3344965,4,1
1JRH_LH_I|YH32A,1.4333102,1.0655203,4,1
1JRH_LH_I|YH60A,1.2555921,2.4896054,4,1
1JRH_LH_I|YI39A,3.5271235,1.9622803,4,1
1JRH_LH_I|YI39F,0.9087807,0.8864394,4,1
1JRH_LH_I|YL30A,1.1084566,1.6112671,4,1
1JRH_LH_I|YL91A,0.58083415,2.5001292,4,1
1KIQ_AB_C|FB101Y,-2.4949589,-0.74077964,4,1
1XGR_AB_C|IB33A,2.260207,3.0405502,4,1
1XGR_AB_C|IB33F,-1.8004549,-0.5075354,4,1
1XGR_AB_C|IB33L,0.061315425,0.3770763,4,1
1XGR_AB_C|IB33V,1.1076277,1.7262826,4,1
2BDN_HL_A|DH31E,1.0852306,0.20240842,4,1
2BDN_HL_A|LH27K,0.8740124,0.42423812,4,1
2BDN_HL_A|LH27R,0.65058374,0.34068716,4,1
2BDN_HL_A|NH28D,0.13214268,-0.52604795,4,1
2BDN_HL_A|NH28Q,1.3994616,0.08312156,4,1
2BDN_HL_A|NL31K,3.4897714,0.18886177,4,1
2BDN_HL_A|NL31R,-0.9171868,0.20541601,4,1
2BDN_HL_A|SL53D,-0.1605731,-0.7050004,4,1
2BDN_HL_A|SL53E,-0.85132045,-0.32181472,4,1
2BDN_HL_A|TL56D,-0.4254655,-0.38551387,4,1
2BDN_HL_A|TL56E,-0.6888026,-0.29697248,4,1
2BDN_HL_A|YL30K,0.67475796,0.90668625,4,1
2NYY_DC_A|DA1030A,0.009336901,0.94802535,4,1
2NYY_DC_A|DA1034A,2.5297937,1.3950603,4,1
2NYY_DC_A|DC30Y,0.64113563,0.4971567,4,1
2NYY_DC_A|EA892A,2.839132,0.69753295,4,1
2NYY_DC_A|ED5Q,-0.2479871,0.14591718,4,1
2NYY_DC_A|FA889A,0.4193659,1.3779447,4,1
2NYY_DC_A|FA925A,4.0,1.1835666,4,1
2NYY_DC_A|HA1036A,4.0,1.8240991,4,1
2NYY_DC_A|HC34R,0.10088469,-0.031255737,4,1
2NYY_DC_A|IA928A,-0.009487502,0.74655306,4,1
2NYY_DC_A|KA1028A,-0.028934313,0.39083713,4,1
2NYY_DC_A|KA875A,0.29098648,0.53115416,4,1
2NYY_DC_A|KA895A,-0.14014584,0.6727111,4,1
2NYY_DC_A|KD29R,0.071385965,-0.106178015,4,1
"2NYY_DC_A|KD29S,YD30D,DD31H,SD60P",0.04961051,0.3112626,4,1
2NYY_DC_A|LA891A,2.5892105,0.22276148,4,1
2NYY_DC_A|MD33Q,-0.059869844,0.25217804,4,1
2NYY_DC_A|NA890A,0.89044046,0.38777265,4,1
2NYY_DC_A|NA926A,0.09934822,0.35340443,4,1
2NYY_DC_A|QA887A,0.5208145,0.94960374,4,1
2NYY_DC_A|RA1033A,0.82012254,0.43701625,4,1
2NYY_DC_A|RA1266A,0.2995321,0.30893934,4,1
2NYY_DC_A|SA874A,-0.23032175,0.50761986,4,1
2NYY_DC_A|SA927A,0.0,0.76584184,4,1
2NYY_DC_A|SC28Q,0.4133828,0.34678987,4,1
2NYY_DC_A|SC31N,-0.35338265,0.079886734,4,1
2NYY_DC_A|TA1035A,1.630871,0.14117603,4,1
2NYY_DC_A|VD36I,-0.21317148,-0.16927385,4,1
"2NYY_DC_A|VD36I,ED5Q",-0.0490461,0.037763696,4,1
2NYY_DC_A|YD30D,0.06462482,0.08409281,4,1
2NYY_DC_A|YD30Q,0.12897444,0.81345695,4,1
2NYY_DC_A|YD56Q,0.5196862,0.66742784,4,1
2NZ9_DC_A|DA1030A,-0.031082604,0.99875736,4,1
2NZ9_DC_A|DA1034A,2.3396032,1.2470224,4,1
2NZ9_DC_A|EA892A,2.77036,0.8684149,4,1
2NZ9_DC_A|FA889A,-0.04961051,1.2867072,4,1
2NZ9_DC_A|FA925A,3.340439,1.0848086,4,1
2NZ9_DC_A|HA1036A,4.0,1.5238416,4,1
2NZ9_DC_A|IA928A,0.069281444,0.5314019,4,1
2NZ9_DC_A|KA1028A,-0.008714417,0.3747779,4,1
2NZ9_DC_A|KA875A,0.5407011,0.41941953,4,1
2NZ9_DC_A|KA895A,-0.29975358,0.66342163,4,1
2NZ9_DC_A|LA891A,2.279965,0.250817,4,1
2NZ9_DC_A|NA890A,2.1600318,0.37619698,4,1
2NZ9_DC_A|NA926A,-0.15216734,0.27194744,4,1
2NZ9_DC_A|QA887A,0.09926054,0.9920022,4,1
2NZ9_DC_A|RA1033A,0.29088098,0.48615098,4,1
2NZ9_DC_A|RA1266A,0.39015788,0.28520206,4,1
2NZ9_DC_A|SA874A,-0.11948046,0.45540544,4,1
2NZ9_DC_A|SA927A,-0.078544825,0.7107382,4,1
"2NZ9_DC_A|SD29K,DD30Y,HD31D",-0.04961051,-0.11069873,4,1
2NZ9_DC_A|TA1035A,2.3703818,0.20181742,4,1
2VIS_AB_C|IC89T,-4.0,-0.10376643,4,1
"3BE1_HL_A|DL28N,PL30A,RL31K,SL32T,TL97S,TL98S",-0.6860794,-0.26353976,4,1
"3BE1_HL_A|DL28N,PL30A,RL31K,SL32T,TL97S,TL98S,KH30S,DH31G,TH54S,NH55E,GH100V,DH102V",-2.7728782,-1.7603033,4,1
"3BE1_HL_A|DL28N,PL30A,RL31K,SL32T,TL97S,TL98S,KH30S,DH31G,TH54S,NH55E,GH100V,DH102V,YL36A",-3.190238,-0.6617252,4,1
"3BE1_HL_A|DL28N,PL30A,RL31K,SL32T,TL97S,TL98S,KH30S,DH31G,TH54S,NH55E,GH100V,DH102V,YL36A,IL33A",-2.7728782,0.013810724,4,1
"3BE1_HL_A|DL28N,PL30A,RL31K,SL32T,YL57F,TL97S,TL98S",-0.8683455,-0.28287596,4,1
"3BE1_HL_A|DL28N,PL30A,RL31K,SL32T,YL57F,TL97S,TL98S,KH30S,DH31G,TH54S,NH55E,GH100V,DH102V",-2.8824897,-1.8215642,4,1
3LZF_AB_HL|DA187E,0.49836498,0.29246813,4,1
"3LZF_AB_HL|DA187E,DA222G",0.12738612,0.8585284,4,1
3LZF_AB_HL|DA222G,0.5378587,0.14106414,4,1
3NGB_HL_G|AH57G,-0.056030333,-0.88011247,4,1
"3NGB_HL_G|AH57G,VH58T,PH63K,VH74T",1.6734211,-0.076974764,4,1
"3NGB_HL_G|CH32S,CH102A",0.25899792,0.26127237,4,1
3NGB_HL_G|DH103A,0.05987142,0.26190925,4,1
3NGB_HL_G|EL88A,1.3199503,0.59549415,4,1
3NGB_HL_G|FL89A,0.85886127,1.2128599,4,1
3NGB_HL_G|GH55A,-1.2766591,0.7293263,4,1
3NGB_HL_G|GH55S,0.74304354,0.4163658,4,1
3NGB_HL_G|GH56A,1.2656107,0.7200095,4,1
3NGB_HL_G|IH30A,-0.0027431613,0.77868074,4,1
3NGB_HL_G|IH30T,0.0733938,-0.22884417,4,1
"3NGB_HL_G|IH30T,KH52N,RH54N,GH55S,AH57G,VH58T,RH62Q,PH63K,VH74T,YH75S,YL26S",0.86214453,1.3280869,4,1
3NGB_HL_G|KH52A,0.62288266,0.8253915,4,1
3NGB_HL_G|KH52N,0.17497002,-0.20808151,4,1
3NGB_HL_G|MH70A,0.5305512,1.1566479,4,1
3NGB_HL_G|NH105A,1.1185741,0.023217991,4,1
3NGB_HL_G|NH59A,1.7671243,1.2437172,4,1
3NGB_HL_G|PH63A,-0.04252045,-0.0046206713,4,1
3NGB_HL_G|PH63K,0.23252328,-0.054679647,4,1
3NGB_HL_G|QH65A,-0.34038836,1.2296836,4,1
3NGB_HL_G|QL25A,-0.23060839,0.35456806,4,1
3NGB_HL_G|RH54A,-0.25938424,0.5868095,4,1
3NGB_HL_G|RH54N,0.04645046,0.29999155,4,1
3NGB_HL_G|RH62A,0.9958448,0.23244679,4,1
3NGB_HL_G|RH62Q,0.09654992,-0.19873193,4,1
3NGB_HL_G|RH72A,1.6432176,0.9726498,4,1
3NGB_HL_G|SL28A,-0.14471176,0.64656043,4,1
3NGB_HL_G|TH33A,0.7071634,0.7013366,4,1
3NGB_HL_G|TH33Y,0.084193856,-0.6387469,4,1
"3NGB_HL_G|TH33Y,GH56S,AH57G,VH58T,PH63K,VH74T,YH75S",1.9381938,0.42086875,4,1
3NGB_HL_G|VH58A,1.3584284,0.8230171,4,1
3NGB_HL_G|VH58T,0.13787223,0.17148204,4,1
3NGB_HL_G|VH74A,1.087914,0.6863109,4,1
3NGB_HL_G|VH74T,0.16493925,0.08743126,4,1
3NGB_HL_G|VL1A,-0.7733632,-0.04650025,4,1
3NGB_HL_G|WH106A,4.0,0.5243747,4,1
3NGB_HL_G|WH47A,1.2021707,1.428047,4,1
3NGB_HL_G|WH50A,1.2917941,1.8398244,4,1
3NGB_HL_G|YH104A,1.4235861,0.51508397,4,1
3NGB_HL_G|YH60A,0.5484263,0.83540523,4,1
3NGB_HL_G|YH75A,-0.19932224,0.18254173,4,1
3NGB_HL_G|YH75S,0.3325709,-0.15640825,4,1
3NGB_HL_G|YL26A,0.98528093,0.66510814,4,1
3NGB_HL_G|YL26S,0.6512687,0.13567975,4,1
3NGB_HL_G|YL87A,2.0227883,2.0924802,4,1
4JPK_HL_A|DA141R,3.857323,0.20138684,4,1
"4JPK_HL_A|DA159N,DA33N",0.6189681,0.52167845,4,1
4JPK_HL_A|FA144I,1.3875175,0.6849407,4,1
4JPK_HL_A|FA63L,1.1672868,1.1488745,4,1
4JPK_HL_A|RA130K,0.23006605,-0.2058816,4,1
4JPK_HL_A|RA81T,0.75870305,0.047690038,4,1
4JPK_HL_A|SA41G,2.151695,0.54211545,4,1
4JPK_HL_A|TA35S,-0.032093357,-0.39320472,4,1
4JPK_HL_A|VA30N,0.59459484,0.0012907237,4,1
"1JRH_LH_I|AI49S,II51T,HI55D",0.070675574,-0.17330423,4,2
"1JRH_LH_I|AI85D,KI88R,EI90K",-0.047747865,-0.3742407,4,2
"1JRH_LH_I|AI93L,VI94M",0.63366294,-0.40869892,4,2
1JRH_LH_I|DH56A,1.8860998,0.1501533,4,2
1JRH_LH_I|DH57A,1.6660647,0.13762787,4,2
1JRH_LH_I|DH58A,1.8546488,0.054259352,4,2
1JRH_LH_I|DL28A,0.43464687,0.08533111,4,2
1JRH_LH_I|EI35Q,0.09956847,0.12995806,4,2
1JRH_LH_I|EI45A,-0.5657849,0.20426014,4,2
1JRH_LH_I|EI45P,-3.7881775,-0.0032212548,4,2
"1JRH_LH_I|EI45P,II47L",-3.4567804,0.034557573,4,2
"1JRH_LH_I|EI45P,II47R",-3.4400978,-0.108447656,4,2
1JRH_LH_I|EL27A,0.5426153,0.12099121,4,2
1JRH_LH_I|FH103A,0.0,0.05140732,4,2
1JRH_LH_I|GI40A,4.0,-0.058344036,4,2
1JRH_LH_I|HH107A,1.6977708,0.36017454,4,2
"1JRH_LH_I|II25N,PI27S,VI29T,VI31I",0.14370596,0.10736518,4,2
1JRH_LH_I|KI37A,3.713863,0.1446296,4,2
1JRH_LH_I|KI37M,3.2923293,-0.07845643,4,2
1JRH_LH_I|KI42A,3.3858175,0.027583674,4,2
1JRH_LH_I|KI42M,4.0,-0.2685814,4,2
1JRH_LH_I|KI88A,0.31209365,0.32085347,4,2
"1JRH_LH_I|MI15L,II18V",-0.21360606,0.19095662,4,2
1JRH_LH_I|NI38A,0.1704579,0.21157911,4,2
1JRH_LH_I|NI38Q,0.5344714,0.11262716,4,2
1JRH_LH_I|NI43A,4.0,0.535224,4,2
1JRH_LH_I|NI69A,-0.19953421,0.3869173,4,2
1JRH_LH_I|RH100A,0.5426153,0.2585433,4,2
1JRH_LH_I|RI74A,0.3926171,0.46676105,4,2
1JRH_LH_I|SI44A,0.37771076,0.35168403,4,2
"1JRH_LH_I|SI44G,EI45G,II47R",-3.3777049,0.008316226,4,2
"1JRH_LH_I|SI44G,EI45P,II47K",-3.884419,0.13955918,4,2
"1JRH_LH_I|SI61Y,DI62E,HI63Q,VI64I,GI65M,DI66Y,SI68D,NI69V,LI71A",2.9588323,-0.011267103,4,2
1JRH_LH_I|SL93A,-0.65058374,0.045829076,4,2
1JRH_LH_I|TI4V,-0.025565991,0.044541463,4,2
"1JRH_LH_I|TI9L,EI11K",-0.025565991,-0.12696368,4,2
1JRH_LH_I|TL94A,0.38526937,0.17549585,4,2
1JRH_LH_I|VI41A,1.6791569,0.07133076,4,2
"1JRH_LH_I|VI73A,RI78K",-0.21360606,0.29913524,4,2
1JRH_LH_I|WH54A,2.6862645,0.46051252,4,2
1JRH_LH_I|WH55A,2.4213178,0.2527601,4,2
1JRH_LH_I|WI46F,-0.25261214,0.089258105,4,2
1JRH_LH_I|WI46Y,0.29852974,0.07328225,4,2
1JRH_LH_I|WI72A,4.0,0.62974834,4,2
1JRH_LH_I|WI72F,1.102707,0.30655426,4,2
1JRH_LH_I|WI72Y,1.1878273,0.1848887,4,2
1JRH_LH_I|WL92A,2.818407,0.28465378,4,2
1JRH_LH_I|WL95A,1.6660647,0.1609502,4,2
1JRH_LH_I|YH104A,1.0610564,0.55903983,4,2
1JRH_LH_I|YH32A,1.4333102,0.37801564,4,2
1JRH_LH_I|YH60A,1.2555921,0.4971245,4,2
1JRH_LH_I|YI39A,3.5271235,0.50050193,4,2
1JRH_LH_I|YI39F,0.9087807,0.07796336,4,2
1JRH_LH_I|YL30A,1.1084566,0.45007348,4,2
1JRH_LH_I|YL91A,0.58083415,0.43026048,4,2
1KIQ_AB_C|FB101Y,-2.4949589,-0.25490773,4,2
1XGR_AB_C|IB33A,2.260207,0.20618688,4,2
1XGR_AB_C|IB33F,-1.8004549,-0.149092,4,2
1XGR_AB_C|IB33L,0.061315425,-0.044716813,4,2
1XGR_AB_C|IB33V,1.1076277,0.07399754,4,2
2BDN_HL_A|DH31E,1.0852306,-0.15258381,4,2
2BDN_HL_A|LH27K,0.8740124,-0.22561716,4,2
2BDN_HL_A|LH27R,0.65058374,-0.33142203,4,2
2BDN_HL_A|NH28D,0.13214268,-0.09031959,4,2
2BDN_HL_A|NH28Q,1.3994616,-0.026465729,4,2
2BDN_HL_A|NL31K,3.4897714,-0.023553163,4,2
2BDN_HL_A|NL31R,-0.9171868,-0.09892647,4,2
2BDN_HL_A|SL53D,-0.1605731,-0.395662,4,2
2BDN_HL_A|SL53E,-0.85132045,-0.4220615,4,2
2BDN_HL_A|TL56D,-0.4254655,-0.13495697,4,2
2BDN_HL_A|TL56E,-0.6888026,-0.17325072,4,2
2BDN_HL_A|YL30K,0.67475796,0.4398033,4,2
2NYY_DC_A|DA1030A,0.009336901,0.23736459,4,2
2NYY_DC_A|DA1034A,2.5297937,0.22785513,4,2
2NYY_DC_A|DC30Y,0.64113563,-0.35282946,4,2
2NYY_DC_A|EA892A,2.839132,0.17796978,4,2
2NYY_DC_A|ED5Q,-0.2479871,0.2651018,4,2
2NYY_DC_A|FA889A,0.4193659,0.34905028,4,2
2NYY_DC_A|FA925A,4.0,0.20949613,4,2
2NYY_DC_A|HA1036A,4.0,0.5425523,4,2
2NYY_DC_A|HC34R,0.10088469,-0.172706,4,2
2NYY_DC_A|IA928A,-0.009487502,0.28048742,4,2
2NYY_DC_A|KA1028A,-0.028934313,0.21439986,4,2
2NYY_DC_A|KA875A,0.29098648,0.39257926,4,2
2NYY_DC_A|KA895A,-0.14014584,0.24017757,4,2
2NYY_DC_A|KD29R,0.071385965,-0.1511321,4,2
"2NYY_DC_A|KD29S,YD30D,DD31H,SD60P",0.04961051,0.25220388,4,2
2NYY_DC_A|LA891A,2.5892105,-0.03603653,4,2
2NYY_DC_A|MD33Q,-0.059869844,-0.012037184,4,2
2NYY_DC_A|NA890A,0.89044046,0.1928883,4,2
2NYY_DC_A|NA926A,0.09934822,-0.07797946,4,2
2NYY_DC_A|QA887A,0.5208145,0.50250053,4,2
2NYY_DC_A|RA1033A,0.82012254,0.28365088,4,2
2NYY_DC_A|RA1266A,0.2995321,0.35619366,4,2
2NYY_DC_A|SA874A,-0.23032175,0.33676195,4,2
2NYY_DC_A|SA927A,0.0,0.20199005,4,2
2NYY_DC_A|SC28Q,0.4133828,-0.22569568,4,2
2NYY_DC_A|SC31N,-0.35338265,-0.07083748,4,2
2NYY_DC_A|TA1035A,1.630871,0.10223279,4,2
2NYY_DC_A|VD36I,-0.21317148,0.101250075,4,2
"2NYY_DC_A|VD36I,ED5Q",-0.0490461,0.15083332,4,2
2NYY_DC_A|YD30D,0.06462482,0.31380224,4,2
2NYY_DC_A|YD30Q,0.12897444,0.29179335,4,2
2NYY_DC_A|YD56Q,0.5196862,0.11227214,4,2
2NZ9_DC_A|DA1030A,-0.031082604,0.2050206,4,2
2NZ9_DC_A|DA1034A,2.3396032,0.24344406,4,2
2NZ9_DC_A|EA892A,2.77036,0.21112008,4,2
2NZ9_DC_A|FA889A,-0.04961051,0.302634,4,2
2NZ9_DC_A|FA925A,3.340439,0.18173516,4,2
2NZ9_DC_A|HA1036A,4.0,0.47725993,4,2
2NZ9_DC_A|IA928A,0.069281444,0.29003382,4,2
2NZ9_DC_A|KA1028A,-0.008714417,0.21711533,4,2
2NZ9_DC_A|KA875A,0.5407011,0.39362192,4,2
2NZ9_DC_A|KA895A,-0.29975358,0.2513556,4,2
2NZ9_DC_A|LA891A,2.279965,-0.004476443,4,2
2NZ9_DC_A|NA890A,2.1600318,0.17693724,4,2
2NZ9_DC_A|NA926A,-0.15216734,-0.1114838,4,2
2NZ9_DC_A|QA887A,0.09926054,0.49664414,4,2
2NZ9_DC_A|RA1033A,0.29088098,0.25603402,4,2
2NZ9_DC_A|RA1266A,0.39015788,0.31092083,4,2
2NZ9_DC_A|SA874A,-0.11948046,0.31950974,4,2
2NZ9_DC_A|SA927A,-0.078544825,0.16775775,4,2
"2NZ9_DC_A|SD29K,DD30Y,HD31D",-0.04961051,-0.35996944,4,2
2NZ9_DC_A|TA1035A,2.3703818,0.08633062,4,2
2VIS_AB_C|IC89T,-4.0,0.061469294,4,2
"3BE1_HL_A|DL28N,PL30A,RL31K,SL32T,TL97S,TL98S",-0.6860794,0.21311368,4,2
"3BE1_HL_A|DL28N,PL30A,RL31K,SL32T,TL97S,TL98S,KH30S,DH31G,TH54S,NH55E,GH100V,DH102V",-2.7728782,-0.33026916,4,2
"3BE1_HL_A|DL28N,PL30A,RL31K,SL32T,TL97S,TL98S,KH30S,DH31G,TH54S,NH55E,GH100V,DH102V,YL36A",-3.190238,0.08849412,4,2
"3BE1_HL_A|DL28N,PL30A,RL31K,SL32T,TL97S,TL98S,KH30S,DH31G,TH54S,NH55E,GH100V,DH102V,YL36A,IL33A",-2.7728782,0.25832587,4,2
"3BE1_HL_A|DL28N,PL30A,RL31K,SL32T,YL57F,TL97S,TL98S",-0.8683455,0.40997636,4,2
"3BE1_HL_A|DL28N,PL30A,RL31K,SL32T,YL57F,TL97S,TL98S,KH30S,DH31G,TH54S,NH55E,GH100V,DH102V",-2.8824897,-0.13739225,4,2
3LZF_AB_HL|DA187E,0.49836498,0.085729495,4,2
"3LZF_AB_HL|DA187E,DA222G",0.12738612,0.32744342,4,2
3LZF_AB_HL|DA222G,0.5378587,0.46732372,4,2
3NGB_HL_G|AH57G,-0.056030333,-0.5338558,4,2
"3NGB_HL_G|AH57G,VH58T,PH63K,VH74T",1.6734211,0.05574806,4,2
"3NGB_HL_G|CH32S,CH102A",0.25899792,0.14478776,4,2
3NGB_HL_G|DH103A,0.05987142,0.044248395,4,2
3NGB_HL_G|EL88A,1.3199503,0.20735641,4,2
3NGB_HL_G|FL89A,0.85886127,0.41670018,4,2
3NGB_HL_G|GH55A,-1.2766591,-0.01971513,4,2
3NGB_HL_G|GH55S,0.74304354,0.037063375,4,2
3NGB_HL_G|GH56A,1.2656107,0.1962679,4,2
3NGB_HL_G|IH30A,-0.0027431613,0.19478269,4,2
3NGB_HL_G|IH30T,0.0733938,0.07173781,4,2
"3NGB_HL_G|IH30T,KH52N,RH54N,GH55S,AH57G,VH58T,RH62Q,PH63K,VH74T,YH75S,YL26S",0.86214453,1.8557796,4,2
3NGB_HL_G|KH52A,0.62288266,0.21381184,4,2
3NGB_HL_G|KH52N,0.17497002,0.2501297,4,2
3NGB_HL_G|MH70A,0.5305512,0.12383522,4,2
3NGB_HL_G|NH105A,1.1185741,0.074593976,4,2
3NGB_HL_G|NH59A,1.7671243,0.081598,4,2
3NGB_HL_G|PH63A,-0.04252045,0.12854183,4,2
3NGB_HL_G|PH63K,0.23252328,0.047480583,4,2
3NGB_HL_G|QH65A,-0.34038836,0.007146515,4,2
3NGB_HL_G|QL25A,-0.23060839,0.15234719,4,2
3NGB_HL_G|RH54A,-0.25938424,0.1823008,4,2
3NGB_HL_G|RH54N,0.04645046,0.27607864,4,2
3NGB_HL_G|RH62A,0.9958448,0.070413575,4,2
3NGB_HL_G|RH62Q,0.09654992,-0.027111344,4,2
3NGB_HL_G|RH72A,1.6432176,0.06788823,4,2
3NGB_HL_G|SL28A,-0.14471176,0.07750563,4,2
3NGB_HL_G|TH33A,0.7071634,0.15296067,4,2
3NGB_HL_G|TH33Y,0.084193856,-0.25984025,4,2
"3NGB_HL_G|TH33Y,GH56S,AH57G,VH58T,PH63K,VH74T,YH75S",1.9381938,0.42608654,4,2
3NGB_HL_G|VH58A,1.3584284,0.34985948,4,2
3NGB_HL_G|VH58T,0.13787223,0.18859924,4,2
3NGB_HL_G|VH74A,1.087914,0.2494699,4,2
3NGB_HL_G|VH74T,0.16493925,0.023186622,4,2
3NGB_HL_G|VL1A,-0.7733632,0.29465455,4,2
3NGB_HL_G|WH106A,4.0,0.34421206,4,2
3NGB_HL_G|WH47A,1.2021707,0.18745281,4,2
3NGB_HL_G|WH50A,1.2917941,0.4646721,4,2
3NGB_HL_G|YH104A,1.4235861,0.49055642,4,2
3NGB_HL_G|YH60A,0.5484263,0.32226688,4,2
3NGB_HL_G|YH75A,-0.19932224,0.44373614,4,2
3NGB_HL_G|YH75S,0.3325709,0.4603142,4,2
3NGB_HL_G|YL26A,0.98528093,0.4104796,4,2
3NGB_HL_G|YL26S,0.6512687,0.42321354,4,2
3NGB_HL_G|YL87A,2.0227883,0.537329,4,2
4JPK_HL_A|DA141R,3.857323,-0.29094625,4,2
"4JPK_HL_A|DA159N,DA33N",0.6189681,-0.034363106,4,2
4JPK_HL_A|FA144I,1.3875175,-0.0069234595,4,2
4JPK_HL_A|FA63L,1.1672868,0.04117336,4,2
4JPK_HL_A|RA130K,0.23006605,0.11744183,4,2
4JPK_HL_A|RA81T,0.75870305,0.21368691,4,2
4JPK_HL_A|SA41G,2.151695,0.22339354,4,2
4JPK_HL_A|TA35S,-0.032093357,-0.0406799,4,2
4JPK_HL_A|VA30N,0.59459484,-0.18911198,4,2
"1JRH_LH_I|AI49S,II51T,HI55D",0.070675574,-0.24017681,4,3
"1JRH_LH_I|AI85D,KI88R,EI90K",-0.047747865,0.317217,4,3
"1JRH_LH_I|AI93L,VI94M",0.63366294,0.053400137,4,3
1JRH_LH_I|DH56A,1.8860998,2.1695325,4,3
1JRH_LH_I|DH57A,1.6660647,0.92752945,4,3
1JRH_LH_I|DH58A,1.8546488,1.3105513,4,3
1JRH_LH_I|DL28A,0.43464687,1.4906722,4,3
1JRH_LH_I|EI35Q,0.09956847,-0.97060484,4,3
1JRH_LH_I|EI45A,-0.5657849,0.39632174,4,3
1JRH_LH_I|EI45P,-3.7881775,0.18976778,4,3
"1JRH_LH_I|EI45P,II47L",-3.4567804,0.5911737,4,3
"1JRH_LH_I|EI45P,II47R",-3.4400978,0.79724896,4,3
1JRH_LH_I|EL27A,0.5426153,1.1280681,4,3
1JRH_LH_I|FH103A,0.0,-0.11125916,4,3
1JRH_LH_I|GI40A,4.0,1.3094326,4,3
1JRH_LH_I|HH107A,1.6977708,1.1782695,4,3
"1JRH_LH_I|II25N,PI27S,VI29T,VI31I",0.14370596,-0.5977161,4,3
1JRH_LH_I|KI37A,3.713863,1.2457827,4,3
1JRH_LH_I|KI37M,3.2923293,0.47463483,4,3
1JRH_LH_I|KI42A,3.3858175,1.1049459,4,3
1JRH_LH_I|KI42M,4.0,0.6715119,4,3
1JRH_LH_I|KI88A,0.31209365,0.6666094,4,3
"1JRH_LH_I|MI15L,II18V",-0.21360606,0.8590478,4,3
1JRH_LH_I|NI38A,0.1704579,0.36654016,4,3
1JRH_LH_I|NI38Q,0.5344714,-1.6495893,4,3
1JRH_LH_I|NI43A,4.0,0.41243967,4,3
1JRH_LH_I|NI69A,-0.19953421,-0.5769571,4,3
1JRH_LH_I|RH100A,0.5426153,2.0969396,4,3
1JRH_LH_I|RI74A,0.3926171,2.2052574,4,3
1JRH_LH_I|SI44A,0.37771076,3.2339513,4,3
"1JRH_LH_I|SI44G,EI45G,II47R",-3.3777049,1.1400949,4,3
"1JRH_LH_I|SI44G,EI45P,II47K",-3.884419,1.0011758,4,3
"1JRH_LH_I|SI61Y,DI62E,HI63Q,VI64I,GI65M,DI66Y,SI68D,NI69V,LI71A",2.9588323,1.0003697,4,3
1JRH_LH_I|SL93A,-0.65058374,1.2876637,4,3
1JRH_LH_I|TI4V,-0.025565991,0.2026283,4,3
"1JRH_LH_I|TI9L,EI11K",-0.025565991,0.35037568,4,3
1JRH_LH_I|TL94A,0.38526937,0.7613073,4,3
1JRH_LH_I|VI41A,1.6791569,0.5601261,4,3
"1JRH_LH_I|VI73A,RI78K",-0.21360606,-0.70463604,4,3
1JRH_LH_I|WH54A,2.6862645,2.0886905,4,3
1JRH_LH_I|WH55A,2.4213178,1.8127794,4,3
1JRH_LH_I|WI46F,-0.25261214,-0.052542105,4,3
1JRH_LH_I|WI46Y,0.29852974,-0.5087192,4,3
1JRH_LH_I|WI72A,4.0,1.5698687,4,3
1JRH_LH_I|WI72F,1.102707,0.0858268,4,3
1JRH_LH_I|WI72Y,1.1878273,-0.8837653,4,3
1JRH_LH_I|WL92A,2.818407,0.686133,4,3
1JRH_LH_I|WL95A,1.6660647,1.213118,4,3
1JRH_LH_I|YH104A,1.0610564,1.4002821,4,3
1JRH_LH_I|YH32A,1.4333102,0.9903512,4,3
1JRH_LH_I|YH60A,1.2555921,1.3194216,4,3
1JRH_LH_I|YI39A,3.5271235,2.7781084,4,3
1JRH_LH_I|YI39F,0.9087807,1.5857604,4,3
1JRH_LH_I|YL30A,1.1084566,1.3371712,4,3
1JRH_LH_I|YL91A,0.58083415,2.5133736,4,3
1KIQ_AB_C|FB101Y,-2.4949589,-1.7735134,4,3
1XGR_AB_C|IB33A,2.260207,1.9791404,4,3
1XGR_AB_C|IB33F,-1.8004549,-1.7312094,4,3
1XGR_AB_C|IB33L,0.061315425,0.19777426,4,3
1XGR_AB_C|IB33V,1.1076277,1.3300055,4,3
2BDN_HL_A|DH31E,1.0852306,0.26950422,4,3
2BDN_HL_A|LH27K,0.8740124,-0.31827882,4,3
2BDN_HL_A|LH27R,0.65058374,-0.5839616,4,3
2BDN_HL_A|NH28D,0.13214268,-0.24408281,4,3
2BDN_HL_A|NH28Q,1.3994616,0.15609264,4,3
2BDN_HL_A|NL31K,3.4897714,0.6825114,4,3
2BDN_HL_A|NL31R,-0.9171868,0.45558375,4,3
2BDN_HL_A|SL53D,-0.1605731,-0.15657152,4,3
2BDN_HL_A|SL53E,-0.85132045,-0.008895723,4,3
2BDN_HL_A|TL56D,-0.4254655,-0.45788497,4,3
2BDN_HL_A|TL56E,-0.6888026,-0.19602571,4,3
2BDN_HL_A|YL30K,0.67475796,0.9566965,4,3
2NYY_DC_A|DA1030A,0.009336901,0.9786178,4,3
2NYY_DC_A|DA1034A,2.5297937,1.5491006,4,3
2NYY_DC_A|DC30Y,0.64113563,-0.78050464,4,3
2NYY_DC_A|EA892A,2.839132,0.5368102,4,3
2NYY_DC_A|ED5Q,-0.2479871,-0.041452974,4,3
2NYY_DC_A|FA889A,0.4193659,1.2497303,4,3
2NYY_DC_A|FA925A,4.0,1.4266217,4,3
2NYY_DC_A|HA1036A,4.0,1.0476363,4,3
2NYY_DC_A|HC34R,0.10088469,-0.18802881,4,3
2NYY_DC_A|IA928A,-0.009487502,1.0374959,4,3
2NYY_DC_A|KA1028A,-0.028934313,0.6554232,4,3
2NYY_DC_A|KA875A,0.29098648,0.65909576,4,3
2NYY_DC_A|KA895A,-0.14014584,0.9654652,4,3
2NYY_DC_A|KD29R,0.071385965,-0.30960009,4,3
"2NYY_DC_A|KD29S,YD30D,DD31H,SD60P",0.04961051,0.44448167,4,3
2NYY_DC_A|LA891A,2.5892105,-0.055375546,4,3
2NYY_DC_A|MD33Q,-0.059869844,-0.022608679,4,3
2NYY_DC_A|NA890A,0.89044046,1.1039997,4,3
2NYY_DC_A|NA926A,0.09934822,0.511033,4,3
2NYY_DC_A|QA887A,0.5208145,0.6190183,4,3
2NYY_DC_A|RA1033A,0.82012254,0.48717028,4,3
2NYY_DC_A|RA1266A,0.2995321,1.1005503,4,3
2NYY_DC_A|SA874A,-0.23032175,1.1506573,4,3
2NYY_DC_A|SA927A,0.0,2.1460657,4,3
2NYY_DC_A|SC28Q,0.4133828,0.045341678,4,3
2NYY_DC_A|SC31N,-0.35338265,0.26875377,4,3
2NYY_DC_A|TA1035A,1.630871,0.035949826,4,3
2NYY_DC_A|VD36I,-0.21317148,0.1729843,4,3
"2NYY_DC_A|VD36I,ED5Q",-0.0490461,0.005106285,4,3
2NYY_DC_A|YD30D,0.06462482,0.4721079,4,3
2NYY_DC_A|YD30Q,0.12897444,0.72984254,4,3
2NYY_DC_A|YD56Q,0.5196862,0.27401072,4,3
2NZ9_DC_A|DA1030A,-0.031082604,1.0327452,4,3
2NZ9_DC_A|DA1034A,2.3396032,1.3684345,4,3
2NZ9_DC_A|EA892A,2.77036,0.6911514,4,3
2NZ9_DC_A|FA889A,-0.04961051,1.3949912,4,3
2NZ9_DC_A|FA925A,3.340439,1.3502027,4,3
2NZ9_DC_A|HA1036A,4.0,0.86283755,4,3
2NZ9_DC_A|IA928A,0.069281444,0.9220908,4,3
2NZ9_DC_A|KA1028A,-0.008714417,0.6162638,4,3
2NZ9_DC_A|KA875A,0.5407011,0.72914696,4,3
2NZ9_DC_A|KA895A,-0.29975358,0.8482964,4,3
2NZ9_DC_A|LA891A,2.279965,0.023170913,4,3
2NZ9_DC_A|NA890A,2.1600318,0.89286494,4,3
2NZ9_DC_A|NA926A,-0.15216734,0.4995404,4,3
2NZ9_DC_A|QA887A,0.09926054,0.54790705,4,3
2NZ9_DC_A|RA1033A,0.29088098,0.6063986,4,3
2NZ9_DC_A|RA1266A,0.39015788,0.9373264,4,3
2NZ9_DC_A|SA874A,-0.11948046,0.9378743,4,3
2NZ9_DC_A|SA927A,-0.078544825,2.079956,4,3
"2NZ9_DC_A|SD29K,DD30Y,HD31D",-0.04961051,-0.74224806,4,3
2NZ9_DC_A|TA1035A,2.3703818,0.18123677,4,3
2VIS_AB_C|IC89T,-4.0,-2.5999432,4,3
"3BE1_HL_A|DL28N,PL30A,RL31K,SL32T,TL97S,TL98S",-0.6860794,-0.53776586,4,3
"3BE1_HL_A|DL28N,PL30A,RL31K,SL32T,TL97S,TL98S,KH30S,DH31G,TH54S,NH55E,GH100V,DH102V",-2.7728782,-2.3636744,4,3
"3BE1_HL_A|DL28N,PL30A,RL31K,SL32T,TL97S,TL98S,KH30S,DH31G,TH54S,NH55E,GH100V,DH102V,YL36A",-3.190238,-0.9879242,4,3
"3BE1_HL_A|DL28N,PL30A,RL31K,SL32T,TL97S,TL98S,KH30S,DH31G,TH54S,NH55E,GH100V,DH102V,YL36A,IL33A",-2.7728782,-0.7970013,4,3
"3BE1_HL_A|DL28N,PL30A,RL31K,SL32T,YL57F,TL97S,TL98S",-0.8683455,-0.35886475,4,3
"3BE1_HL_A|DL28N,PL30A,RL31K,SL32T,YL57F,TL97S,TL98S,KH30S,DH31G,TH54S,NH55E,GH100V,DH102V",-2.8824897,-2.201282,4,3
3LZF_AB_HL|DA187E,0.49836498,0.51950824,4,3
"3LZF_AB_HL|DA187E,DA222G",0.12738612,0.61137855,4,3
3LZF_AB_HL|DA222G,0.5378587,0.016728953,4,3
3NGB_HL_G|AH57G,-0.056030333,-0.48917982,4,3
"3NGB_HL_G|AH57G,VH58T,PH63K,VH74T",1.6734211,0.3041459,4,3
"3NGB_HL_G|CH32S,CH102A",0.25899792,0.22657017,4,3
3NGB_HL_G|DH103A,0.05987142,0.3784127,4,3
3NGB_HL_G|EL88A,1.3199503,0.82578963,4,3
3NGB_HL_G|FL89A,0.85886127,0.59399635,4,3
3NGB_HL_G|GH55A,-1.2766591,0.23854344,4,3
3NGB_HL_G|GH55S,0.74304354,-0.18974683,4,3
3NGB_HL_G|GH56A,1.2656107,0.7311408,4,3
3NGB_HL_G|IH30A,-0.0027431613,0.18187088,4,3
3NGB_HL_G|IH30T,0.0733938,-0.33890602,4,3
"3NGB_HL_G|IH30T,KH52N,RH54N,GH55S,AH57G,VH58T,RH62Q,PH63K,VH74T,YH75S,YL26S",0.86214453,1.374493,4,3
3NGB_HL_G|KH52A,0.62288266,1.4594319,4,3
3NGB_HL_G|KH52N,0.17497002,-0.48011208,4,3
3NGB_HL_G|MH70A,0.5305512,0.6894088,4,3
3NGB_HL_G|NH105A,1.1185741,0.9080896,4,3
3NGB_HL_G|NH59A,1.7671243,1.1728833,4,3
3NGB_HL_G|PH63A,-0.04252045,-0.041757546,4,3
3NGB_HL_G|PH63K,0.23252328,0.21609326,4,3
3NGB_HL_G|QH65A,-0.34038836,0.52947706,4,3
3NGB_HL_G|QL25A,-0.23060839,0.7548257,4,3
3NGB_HL_G|RH54A,-0.25938424,0.9182169,4,3
3NGB_HL_G|RH54N,0.04645046,0.3646679,4,3
3NGB_HL_G|RH62A,0.9958448,0.92147255,4,3
3NGB_HL_G|RH62Q,0.09654992,0.1412166,4,3
3NGB_HL_G|RH72A,1.6432176,1.9092755,4,3
3NGB_HL_G|SL28A,-0.14471176,0.56670016,4,3
3NGB_HL_G|TH33A,0.7071634,0.86422527,4,3
3NGB_HL_G|TH33Y,0.084193856,-1.8162476,4,3
"3NGB_HL_G|TH33Y,GH56S,AH57G,VH58T,PH63K,VH74T,YH75S",1.9381938,-0.024987688,4,3
3NGB_HL_G|VH58A,1.3584284,1.466724,4,3
3NGB_HL_G|VH58T,0.13787223,-0.19724123,4,3
3NGB_HL_G|VH74A,1.087914,0.59945595,4,3
3NGB_HL_G|VH74T,0.16493925,0.43803385,4,3
3NGB_HL_G|VL1A,-0.7733632,0.17644542,4,3
3NGB_HL_G|WH106A,4.0,0.80853605,4,3
3NGB_HL_G|WH47A,1.2021707,1.0785317,4,3
3NGB_HL_G|WH50A,1.2917941,1.8562695,4,3
3NGB_HL_G|YH104A,1.4235861,1.3216058,4,3
3NGB_HL_G|YH60A,0.5484263,0.6036859,4,3
3NGB_HL_G|YH75A,-0.19932224,0.7103386,4,3
3NGB_HL_G|YH75S,0.3325709,0.47852716,4,3
3NGB_HL_G|YL26A,0.98528093,1.6342249,4,3
3NGB_HL_G|YL26S,0.6512687,0.8232756,4,3
3NGB_HL_G|YL87A,2.0227883,2.8616703,4,3
4JPK_HL_A|DA141R,3.857323,0.89978075,4,3
"4JPK_HL_A|DA159N,DA33N",0.6189681,1.853847,4,3
4JPK_HL_A|FA144I,1.3875175,1.2694352,4,3
4JPK_HL_A|FA63L,1.1672868,1.4324487,4,3
4JPK_HL_A|RA130K,0.23006605,0.026101017,4,3
4JPK_HL_A|RA81T,0.75870305,-0.09087242,4,3
4JPK_HL_A|SA41G,2.151695,1.0901669,4,3
4JPK_HL_A|TA35S,-0.032093357,-1.5121391,4,3
4JPK_HL_A|VA30N,0.59459484,0.5086553,4,3
"1JRH_LH_I|AI49S,II51T,HI55D",0.070675574,0.25708562,4,4
"1JRH_LH_I|AI85D,KI88R,EI90K",-0.047747865,0.10657842,4,4
"1JRH_LH_I|AI93L,VI94M",0.63366294,0.19529662,4,4
1JRH_LH_I|DH56A,1.8860998,1.6121227,4,4
1JRH_LH_I|DH57A,1.6660647,0.9776093,4,4
1JRH_LH_I|DH58A,1.8546488,1.7125397,4,4
1JRH_LH_I|DL28A,0.43464687,1.9188569,4,4
1JRH_LH_I|EI35Q,0.09956847,-0.9237356,4,4
1JRH_LH_I|EI45A,-0.5657849,0.2575387,4,4
1JRH_LH_I|EI45P,-3.7881775,0.46838495,4,4
"1JRH_LH_I|EI45P,II47L",-3.4567804,1.3472015,4,4
"1JRH_LH_I|EI45P,II47R",-3.4400978,0.9454159,4,4
1JRH_LH_I|EL27A,0.5426153,0.6644705,4,4
1JRH_LH_I|FH103A,0.0,0.15387811,4,4
1JRH_LH_I|GI40A,4.0,-0.0993097,4,4
1JRH_LH_I|HH107A,1.6977708,1.2829721,4,4
"1JRH_LH_I|II25N,PI27S,VI29T,VI31I",0.14370596,-0.40285492,4,4
1JRH_LH_I|KI37A,3.713863,0.2683116,4,4
1JRH_LH_I|KI37M,3.2923293,-0.0129803615,4,4
1JRH_LH_I|KI42A,3.3858175,0.7384929,4,4
1JRH_LH_I|KI42M,4.0,0.2147553,4,4
1JRH_LH_I|KI88A,0.31209365,0.48437428,4,4
"1JRH_LH_I|MI15L,II18V",-0.21360606,1.4519899,4,4
1JRH_LH_I|NI38A,0.1704579,0.36693966,4,4
1JRH_LH_I|NI38Q,0.5344714,-0.6991047,4,4
1JRH_LH_I|NI43A,4.0,1.5972672,4,4
1JRH_LH_I|NI69A,-0.19953421,0.38440046,4,4
1JRH_LH_I|RH100A,0.5426153,2.124266,4,4
1JRH_LH_I|RI74A,0.3926171,0.87789667,4,4
1JRH_LH_I|SI44A,0.37771076,0.5829065,4,4
"1JRH_LH_I|SI44G,EI45G,II47R",-3.3777049,1.6739721,4,4
"1JRH_LH_I|SI44G,EI45P,II47K",-3.884419,1.5219518,4,4
"1JRH_LH_I|SI61Y,DI62E,HI63Q,VI64I,GI65M,DI66Y,SI68D,NI69V,LI71A",2.9588323,0.9423749,4,4
1JRH_LH_I|SL93A,-0.65058374,1.1024784,4,4
1JRH_LH_I|TI4V,-0.025565991,-0.19410622,4,4
"1JRH_LH_I|TI9L,EI11K",-0.025565991,1.2710948,4,4
1JRH_LH_I|TL94A,0.38526937,0.8009206,4,4
1JRH_LH_I|VI41A,1.6791569,0.49505562,4,4
"1JRH_LH_I|VI73A,RI78K",-0.21360606,0.27217415,4,4
1JRH_LH_I|WH54A,2.6862645,1.754465,4,4
1JRH_LH_I|WH55A,2.4213178,1.0883042,4,4
1JRH_LH_I|WI46F,-0.25261214,0.4423732,4,4
1JRH_LH_I|WI46Y,0.29852974,0.16727588,4,4
1JRH_LH_I|WI72A,4.0,0.63617194,4,4
1JRH_LH_I|WI72F,1.102707,-0.40896282,4,4
1JRH_LH_I|WI72Y,1.1878273,-0.99563086,4,4
1JRH_LH_I|WL92A,2.818407,0.46785542,4,4
1JRH_LH_I|WL95A,1.6660647,0.85603696,4,4
1JRH_LH_I|YH104A,1.0610564,1.768596,4,4
1JRH_LH_I|YH32A,1.4333102,1.9155905,4,4
1JRH_LH_I|YH60A,1.2555921,1.6000112,4,4
1JRH_LH_I|YI39A,3.5271235,1.768357,4,4
1JRH_LH_I|YI39F,0.9087807,0.33005166,4,4
1JRH_LH_I|YL30A,1.1084566,1.2059134,4,4
1JRH_LH_I|YL91A,0.58083415,2.5156875,4,4
1KIQ_AB_C|FB101Y,-2.4949589,-2.264175,4,4
1XGR_AB_C|IB33A,2.260207,1.7945365,4,4
1XGR_AB_C|IB33F,-1.8004549,-1.8543117,4,4
1XGR_AB_C|IB33L,0.061315425,-0.13266657,4,4
1XGR_AB_C|IB33V,1.1076277,1.1626616,4,4
2BDN_HL_A|DH31E,1.0852306,0.57188404,4,4
2BDN_HL_A|LH27K,0.8740124,0.05128816,4,4
2BDN_HL_A|LH27R,0.65058374,-0.21522003,4,4
2BDN_HL_A|NH28D,0.13214268,-0.3847735,4,4
2BDN_HL_A|NH28Q,1.3994616,0.39953524,4,4
2BDN_HL_A|NL31K,3.4897714,0.8757272,4,4
2BDN_HL_A|NL31R,-0.9171868,0.395395,4,4
2BDN_HL_A|SL53D,-0.1605731,-0.061510917,4,4
2BDN_HL_A|SL53E,-0.85132045,0.3147332,4,4
2BDN_HL_A|TL56D,-0.4254655,-0.30133444,4,4
2BDN_HL_A|TL56E,-0.6888026,-0.009633976,4,4
2BDN_HL_A|YL30K,0.67475796,1.2927018,4,4
2NYY_DC_A|DA1030A,0.009336901,0.92477953,4,4
2NYY_DC_A|DA1034A,2.5297937,1.5931944,4,4
2NYY_DC_A|DC30Y,0.64113563,-0.10421687,4,4
2NYY_DC_A|EA892A,2.839132,1.1513397,4,4
2NYY_DC_A|ED5Q,-0.2479871,0.28082088,4,4
2NYY_DC_A|FA889A,0.4193659,0.6951361,4,4
2NYY_DC_A|FA925A,4.0,0.6259499,4,4
2NYY_DC_A|HA1036A,4.0,1.561619,4,4
2NYY_DC_A|HC34R,0.10088469,-0.21942201,4,4
2NYY_DC_A|IA928A,-0.009487502,1.7762148,4,4
2NYY_DC_A|KA1028A,-0.028934313,0.09716865,4,4
2NYY_DC_A|KA875A,0.29098648,1.349466,4,4
2NYY_DC_A|KA895A,-0.14014584,0.4234834,4,4
2NYY_DC_A|KD29R,0.071385965,-0.28593105,4,4
"2NYY_DC_A|KD29S,YD30D,DD31H,SD60P",0.04961051,0.30830032,4,4
2NYY_DC_A|LA891A,2.5892105,0.18028763,4,4
2NYY_DC_A|MD33Q,-0.059869844,0.1767492,4,4
2NYY_DC_A|NA890A,0.89044046,0.3780644,4,4
2NYY_DC_A|NA926A,0.09934822,0.6394985,4,4
2NYY_DC_A|QA887A,0.5208145,0.4671351,4,4
2NYY_DC_A|RA1033A,0.82012254,1.0753862,4,4
2NYY_DC_A|RA1266A,0.2995321,1.1713756,4,4
2NYY_DC_A|SA874A,-0.23032175,0.4583553,4,4
2NYY_DC_A|SA927A,0.0,1.0913296,4,4
2NYY_DC_A|SC28Q,0.4133828,0.75350046,4,4
2NYY_DC_A|SC31N,-0.35338265,0.034902196,4,4
2NYY_DC_A|TA1035A,1.630871,0.25806937,4,4
2NYY_DC_A|VD36I,-0.21317148,0.1262111,4,4
"2NYY_DC_A|VD36I,ED5Q",-0.0490461,0.21779503,4,4
2NYY_DC_A|YD30D,0.06462482,0.07951029,4,4
2NYY_DC_A|YD30Q,0.12897444,0.8353464,4,4
2NYY_DC_A|YD56Q,0.5196862,1.2181598,4,4
2NZ9_DC_A|DA1030A,-0.031082604,1.005761,4,4
2NZ9_DC_A|DA1034A,2.3396032,1.4361084,4,4
2NZ9_DC_A|EA892A,2.77036,1.3563143,4,4
2NZ9_DC_A|FA889A,-0.04961051,0.73418456,4,4
2NZ9_DC_A|FA925A,3.340439,0.7121939,4,4
2NZ9_DC_A|HA1036A,4.0,1.4381084,4,4
2NZ9_DC_A|IA928A,0.069281444,1.6766973,4,4
2NZ9_DC_A|KA1028A,-0.008714417,0.062819354,4,4
2NZ9_DC_A|KA875A,0.5407011,1.4447049,4,4
2NZ9_DC_A|KA895A,-0.29975358,0.36216125,4,4
2NZ9_DC_A|LA891A,2.279965,0.27862245,4,4
2NZ9_DC_A|NA890A,2.1600318,0.1583479,4,4
2NZ9_DC_A|NA926A,-0.15216734,0.57418936,4,4
2NZ9_DC_A|QA887A,0.09926054,0.40588766,4,4
2NZ9_DC_A|RA1033A,0.29088098,1.0293102,4,4
2NZ9_DC_A|RA1266A,0.39015788,1.0427814,4,4
2NZ9_DC_A|SA874A,-0.11948046,0.29001945,4,4
2NZ9_DC_A|SA927A,-0.078544825,1.139625,4,4
"2NZ9_DC_A|SD29K,DD30Y,HD31D",-0.04961051,-0.256898,4,4
2NZ9_DC_A|TA1035A,2.3703818,0.35485187,4,4
2VIS_AB_C|IC89T,-4.0,0.14863826,4,4
"3BE1_HL_A|DL28N,PL30A,RL31K,SL32T,TL97S,TL98S",-0.6860794,1.0475333,4,4
"3BE1_HL_A|DL28N,PL30A,RL31K,SL32T,TL97S,TL98S,KH30S,DH31G,TH54S,NH55E,GH100V,DH102V",-2.7728782,1.0652416,4,4
"3BE1_HL_A|DL28N,PL30A,RL31K,SL32T,TL97S,TL98S,KH30S,DH31G,TH54S,NH55E,GH100V,DH102V,YL36A",-3.190238,1.9135048,4,4
"3BE1_HL_A|DL28N,PL30A,RL31K,SL32T,TL97S,TL98S,KH30S,DH31G,TH54S,NH55E,GH100V,DH102V,YL36A,IL33A",-2.7728782,2.2757835,4,4
"3BE1_HL_A|DL28N,PL30A,RL31K,SL32T,YL57F,TL97S,TL98S",-0.8683455,1.3750819,4,4
"3BE1_HL_A|DL28N,PL30A,RL31K,SL32T,YL57F,TL97S,TL98S,KH30S,DH31G,TH54S,NH55E,GH100V,DH102V",-2.8824897,1.350632,4,4
3LZF_AB_HL|DA187E,0.49836498,0.29219562,4,4
"3LZF_AB_HL|DA187E,DA222G",0.12738612,0.87272197,4,4
3LZF_AB_HL|DA222G,0.5378587,0.27185073,4,4
3NGB_HL_G|AH57G,-0.056030333,-2.0403407,4,4
"3NGB_HL_G|AH57G,VH58T,PH63K,VH74T",1.6734211,-1.7137997,4,4
"3NGB_HL_G|CH32S,CH102A",0.25899792,0.63348216,4,4
3NGB_HL_G|DH103A,0.05987142,0.3579028,4,4
3NGB_HL_G|EL88A,1.3199503,0.6093846,4,4
3NGB_HL_G|FL89A,0.85886127,0.7073123,4,4
3NGB_HL_G|GH55A,-1.2766591,1.164244,4,4
3NGB_HL_G|GH55S,0.74304354,0.5548012,4,4
3NGB_HL_G|GH56A,1.2656107,1.532115,4,4
3NGB_HL_G|IH30A,-0.0027431613,0.1258883,4,4
3NGB_HL_G|IH30T,0.0733938,-0.88810337,4,4
"3NGB_HL_G|IH30T,KH52N,RH54N,GH55S,AH57G,VH58T,RH62Q,PH63K,VH74T,YH75S,YL26S",0.86214453,0.6006649,4,4
3NGB_HL_G|KH52A,0.62288266,1.1555709,4,4
3NGB_HL_G|KH52N,0.17497002,-0.22587399,4,4
3NGB_HL_G|MH70A,0.5305512,0.9001545,4,4
3NGB_HL_G|NH105A,1.1185741,0.6286929,4,4
3NGB_HL_G|NH59A,1.7671243,1.7004884,4,4
3NGB_HL_G|PH63A,-0.04252045,-0.050748464,4,4
3NGB_HL_G|PH63K,0.23252328,-0.26867554,4,4
3NGB_HL_G|QH65A,-0.34038836,0.36364248,4,4
3NGB_HL_G|QL25A,-0.23060839,0.455039,4,4
3NGB_HL_G|RH54A,-0.25938424,1.0287181,4,4
3NGB_HL_G|RH54N,0.04645046,0.6273566,4,4
3NGB_HL_G|RH62A,0.9958448,0.9826015,4,4
3NGB_HL_G|RH62Q,0.09654992,0.5455461,4,4
3NGB_HL_G|RH72A,1.6432176,1.1763281,4,4
3NGB_HL_G|SL28A,-0.14471176,1.4296166,4,4
3NGB_HL_G|TH33A,0.7071634,1.6711912,4,4
3NGB_HL_G|TH33Y,0.084193856,-0.6251711,4,4
"3NGB_HL_G|TH33Y,GH56S,AH57G,VH58T,PH63K,VH74T,YH75S",1.9381938,-0.8704714,4,4
3NGB_HL_G|VH58A,1.3584284,1.2815638,4,4
3NGB_HL_G|VH58T,0.13787223,-0.8105555,4,4
3NGB_HL_G|VH74A,1.087914,0.4783171,4,4
3NGB_HL_G|VH74T,0.16493925,-0.017784689,4,4
3NGB_HL_G|VL1A,-0.7733632,0.11991929,4,4
3NGB_HL_G|WH106A,4.0,0.7990919,4,4
3NGB_HL_G|WH47A,1.2021707,0.41508067,4,4
3NGB_HL_G|WH50A,1.2917941,1.661131,4,4
3NGB_HL_G|YH104A,1.4235861,1.3573089,4,4
3NGB_HL_G|YH60A,0.5484263,1.0602949,4,4
3NGB_HL_G|YH75A,-0.19932224,0.8667178,4,4
3NGB_HL_G|YH75S,0.3325709,0.21757706,4,4
3NGB_HL_G|YL26A,0.98528093,0.86827826,4,4
3NGB_HL_G|YL26S,0.6512687,0.35146958,4,4
3NGB_HL_G|YL87A,2.0227883,1.985228,4,4
4JPK_HL_A|DA141R,3.857323,0.24826378,4,4
"4JPK_HL_A|DA159N,DA33N",0.6189681,0.6313287,4,4
4JPK_HL_A|FA144I,1.3875175,0.19543993,4,4
4JPK_HL_A|FA63L,1.1672868,1.4056579,4,4
4JPK_HL_A|RA130K,0.23006605,-0.68950707,4,4
4JPK_HL_A|RA81T,0.75870305,0.05936468,4,4
4JPK_HL_A|SA41G,2.151695,1.0070866,4,4
4JPK_HL_A|TA35S,-0.032093357,-1.3732572,4,4
4JPK_HL_A|VA30N,0.59459484,0.76296604,4,4
"1JRH_LH_I|AI49S,II51T,HI55D",0.070675574,0.030523498,4,5
"1JRH_LH_I|AI85D,KI88R,EI90K",-0.047747865,-0.39084062,4,5
"1JRH_LH_I|AI93L,VI94M",0.63366294,-0.24591261,4,5
1JRH_LH_I|DH56A,1.8860998,0.15838803,4,5
1JRH_LH_I|DH57A,1.6660647,0.15817429,4,5
1JRH_LH_I|DH58A,1.8546488,0.2226035,4,5
1JRH_LH_I|DL28A,0.43464687,0.0013428889,4,5
1JRH_LH_I|EI35Q,0.09956847,-0.092724256,4,5
1JRH_LH_I|EI45A,-0.5657849,0.11708027,4,5
1JRH_LH_I|EI45P,-3.7881775,-0.15585195,4,5
"1JRH_LH_I|EI45P,II47L",-3.4567804,-0.016884215,4,5
"1JRH_LH_I|EI45P,II47R",-3.4400978,0.10267213,4,5
1JRH_LH_I|EL27A,0.5426153,0.23676178,4,5
1JRH_LH_I|FH103A,0.0,0.20681643,4,5
1JRH_LH_I|GI40A,4.0,-0.065696076,4,5
1JRH_LH_I|HH107A,1.6977708,0.028395738,4,5
"1JRH_LH_I|II25N,PI27S,VI29T,VI31I",0.14370596,0.51895434,4,5
1JRH_LH_I|KI37A,3.713863,0.16257745,4,5
1JRH_LH_I|KI37M,3.2923293,-0.017311145,4,5
1JRH_LH_I|KI42A,3.3858175,0.002851244,4,5
1JRH_LH_I|KI42M,4.0,-0.11287588,4,5
1JRH_LH_I|KI88A,0.31209365,0.051743012,4,5
"1JRH_LH_I|MI15L,II18V",-0.21360606,0.04649147,4,5
1JRH_LH_I|NI38A,0.1704579,-0.014873896,4,5
1JRH_LH_I|NI38Q,0.5344714,-0.14442056,4,5
1JRH_LH_I|NI43A,4.0,-0.18556131,4,5
1JRH_LH_I|NI69A,-0.19953421,-0.17081195,4,5
1JRH_LH_I|RH100A,0.5426153,0.15422654,4,5
1JRH_LH_I|RI74A,0.3926171,-0.013719682,4,5
1JRH_LH_I|SI44A,0.37771076,-0.037904147,4,5
"1JRH_LH_I|SI44G,EI45G,II47R",-3.3777049,0.035219412,4,5
"1JRH_LH_I|SI44G,EI45P,II47K",-3.884419,0.03720073,4,5
"1JRH_LH_I|SI61Y,DI62E,HI63Q,VI64I,GI65M,DI66Y,SI68D,NI69V,LI71A",2.9588323,-0.48604432,4,5
1JRH_LH_I|SL93A,-0.65058374,-0.03493218,4,5
1JRH_LH_I|TI4V,-0.025565991,0.018726494,4,5
"1JRH_LH_I|TI9L,EI11K",-0.025565991,0.18353164,4,5
1JRH_LH_I|TL94A,0.38526937,-0.1409672,4,5
1JRH_LH_I|VI41A,1.6791569,0.015283506,4,5
"1JRH_LH_I|VI73A,RI78K",-0.21360606,0.2656694,4,5
1JRH_LH_I|WH54A,2.6862645,0.29303065,4,5
1JRH_LH_I|WH55A,2.4213178,0.08825722,4,5
1JRH_LH_I|WI46F,-0.25261214,-0.026682064,4,5
1JRH_LH_I|WI46Y,0.29852974,-0.04712254,4,5
1JRH_LH_I|WI72A,4.0,0.15916903,4,5
1JRH_LH_I|WI72F,1.102707,-0.072112314,4,5
1JRH_LH_I|WI72Y,1.1878273,-0.0940759,4,5
1JRH_LH_I|WL92A,2.818407,0.12141162,4,5
1JRH_LH_I|WL95A,1.6660647,0.26727578,4,5
1JRH_LH_I|YH104A,1.0610564,-0.024070613,4,5
1JRH_LH_I|YH32A,1.4333102,0.23210979,4,5
1JRH_LH_I|YH60A,1.2555921,0.18633582,4,5
1JRH_LH_I|YI39A,3.5271235,0.07611893,4,5
1JRH_LH_I|YI39F,0.9087807,-0.19183443,4,5
1JRH_LH_I|YL30A,1.1084566,0.06645428,4,5
1JRH_LH_I|YL91A,0.58083415,0.28666082,4,5
1KIQ_AB_C|FB101Y,-2.4949589,-0.37678695,4,5
1XGR_AB_C|IB33A,2.260207,0.099983364,4,5
1XGR_AB_C|IB33F,-1.8004549,-0.031236231,4,5
1XGR_AB_C|IB33L,0.061315425,-0.021457516,4,5
1XGR_AB_C|IB33V,1.1076277,-0.04186939,4,5
2BDN_HL_A|DH31E,1.0852306,-0.1877906,4,5
2BDN_HL_A|LH27K,0.8740124,0.10103947,4,5
2BDN_HL_A|LH27R,0.65058374,0.06323671,4,5
2BDN_HL_A|NH28D,0.13214268,-0.20103507,4,5
2BDN_HL_A|NH28Q,1.3994616,-0.10730474,4,5
2BDN_HL_A|NL31K,3.4897714,-0.10901795,4,5
2BDN_HL_A|NL31R,-0.9171868,-0.17428935,4,5
2BDN_HL_A|SL53D,-0.1605731,-0.07982203,4,5
2BDN_HL_A|SL53E,-0.85132045,-0.11147557,4,5
2BDN_HL_A|TL56D,-0.4254655,-0.07045155,4,5
2BDN_HL_A|TL56E,-0.6888026,-0.10431163,4,5
2BDN_HL_A|YL30K,0.67475796,-0.044534177,4,5
2NYY_DC_A|DA1030A,0.009336901,0.21046308,4,5
2NYY_DC_A|DA1034A,2.5297937,0.12579308,4,5
2NYY_DC_A|DC30Y,0.64113563,-0.25503856,4,5
2NYY_DC_A|EA892A,2.839132,0.042122435,4,5
2NYY_DC_A|ED5Q,-0.2479871,0.18948707,4,5
2NYY_DC_A|FA889A,0.4193659,0.30175835,4,5
2NYY_DC_A|FA925A,4.0,0.14964649,4,5
2NYY_DC_A|HA1036A,4.0,0.03403629,4,5
2NYY_DC_A|HC34R,0.10088469,-0.18640439,4,5
2NYY_DC_A|IA928A,-0.009487502,0.20874923,4,5
2NYY_DC_A|KA1028A,-0.028934313,0.07848166,4,5
2NYY_DC_A|KA875A,0.29098648,0.105146796,4,5
2NYY_DC_A|KA895A,-0.14014584,0.13414255,4,5
2NYY_DC_A|KD29R,0.071385965,-0.18873645,4,5
"2NYY_DC_A|KD29S,YD30D,DD31H,SD60P",0.04961051,-0.122528836,4,5
2NYY_DC_A|LA891A,2.5892105,0.02090213,4,5
2NYY_DC_A|MD33Q,-0.059869844,0.017552879,4,5
2NYY_DC_A|NA890A,0.89044046,0.077760816,4,5
2NYY_DC_A|NA926A,0.09934822,-0.003203977,4,5
2NYY_DC_A|QA887A,0.5208145,0.26864251,4,5
2NYY_DC_A|RA1033A,0.82012254,0.1169827,4,5
2NYY_DC_A|RA1266A,0.2995321,0.13732654,4,5
2NYY_DC_A|SA874A,-0.23032175,0.02748591,4,5
2NYY_DC_A|SA927A,0.0,-0.059777714,4,5
2NYY_DC_A|SC28Q,0.4133828,-0.12761092,4,5
2NYY_DC_A|SC31N,-0.35338265,-0.069868565,4,5
2NYY_DC_A|TA1035A,1.630871,0.02211057,4,5
2NYY_DC_A|VD36I,-0.21317148,-0.1585911,4,5
"2NYY_DC_A|VD36I,ED5Q",-0.0490461,0.06426409,4,5
2NYY_DC_A|YD30D,0.06462482,-0.022663578,4,5
2NYY_DC_A|YD30Q,0.12897444,-0.04837607,4,5
2NYY_DC_A|YD56Q,0.5196862,-0.080807984,4,5
2NZ9_DC_A|DA1030A,-0.031082604,0.20308164,4,5
2NZ9_DC_A|DA1034A,2.3396032,0.11230759,4,5
2NZ9_DC_A|EA892A,2.77036,0.060758125,4,5
2NZ9_DC_A|FA889A,-0.04961051,0.2687258,4,5
2NZ9_DC_A|FA925A,3.340439,0.17394722,4,5
2NZ9_DC_A|HA1036A,4.0,-0.039724708,4,5
2NZ9_DC_A|IA928A,0.069281444,0.19639459,4,5
2NZ9_DC_A|KA1028A,-0.008714417,0.083665416,4,5
2NZ9_DC_A|KA875A,0.5407011,0.13051239,4,5
2NZ9_DC_A|KA895A,-0.29975358,0.114411876,4,5
2NZ9_DC_A|LA891A,2.279965,0.09547731,4,5
2NZ9_DC_A|NA890A,2.1600318,0.054671574,4,5
2NZ9_DC_A|NA926A,-0.15216734,-0.013919171,4,5
2NZ9_DC_A|QA887A,0.09926054,0.27134994,4,5
2NZ9_DC_A|RA1033A,0.29088098,0.12733811,4,5
2NZ9_DC_A|RA1266A,0.39015788,0.095407024,4,5
2NZ9_DC_A|SA874A,-0.11948046,0.034586374,4,5
2NZ9_DC_A|SA927A,-0.078544825,-0.076017566,4,5
"2NZ9_DC_A|SD29K,DD30Y,HD31D",-0.04961051,-0.00025021657,4,5
2NZ9_DC_A|TA1035A,2.3703818,-0.010683723,4,5
2VIS_AB_C|IC89T,-4.0,0.03263318,4,5
"3BE1_HL_A|DL28N,PL30A,RL31K,SL32T,TL97S,TL98S",-0.6860794,-0.075243086,4,5
"3BE1_HL_A|DL28N,PL30A,RL31K,SL32T,TL97S,TL98S,KH30S,DH31G,TH54S,NH55E,GH100V,DH102V",-2.7728782,-0.33628604,4,5
"3BE1_HL_A|DL28N,PL30A,RL31K,SL32T,TL97S,TL98S,KH30S,DH31G,TH54S,NH55E,GH100V,DH102V,YL36A",-3.190238,-0.021617886,4,5
"3BE1_HL_A|DL28N,PL30A,RL31K,SL32T,TL97S,TL98S,KH30S,DH31G,TH54S,NH55E,GH100V,DH102V,YL36A,IL33A",-2.7728782,0.11286008,4,5
"3BE1_HL_A|DL28N,PL30A,RL31K,SL32T,YL57F,TL97S,TL98S",-0.8683455,0.041905362,4,5
"3BE1_HL_A|DL28N,PL30A,RL31K,SL32T,YL57F,TL97S,TL98S,KH30S,DH31G,TH54S,NH55E,GH100V,DH102V",-2.8824897,-0.30759087,4,5
3LZF_AB_HL|DA187E,0.49836498,-0.04057532,4,5
"3LZF_AB_HL|DA187E,DA222G",0.12738612,0.03361238,4,5
3LZF_AB_HL|DA222G,0.5378587,0.096408784,4,5
3NGB_HL_G|AH57G,-0.056030333,-0.29017565,4,5
"3NGB_HL_G|AH57G,VH58T,PH63K,VH74T",1.6734211,-0.1606182,4,5
"3NGB_HL_G|CH32S,CH102A",0.25899792,0.023005892,4,5
3NGB_HL_G|DH103A,0.05987142,0.0026725717,4,5
3NGB_HL_G|EL88A,1.3199503,0.10141429,4,5
3NGB_HL_G|FL89A,0.85886127,0.1716151,4,5
3NGB_HL_G|GH55A,-1.2766591,-0.23381081,4,5
3NGB_HL_G|GH55S,0.74304354,-0.265625,4,5
3NGB_HL_G|GH56A,1.2656107,-0.11626662,4,5
3NGB_HL_G|IH30A,-0.0027431613,0.041508984,4,5
3NGB_HL_G|IH30T,0.0733938,-0.104458824,4,5
"3NGB_HL_G|IH30T,KH52N,RH54N,GH55S,AH57G,VH58T,RH62Q,PH63K,VH74T,YH75S,YL26S",0.86214453,-0.070049,4,5
3NGB_HL_G|KH52A,0.62288266,-0.024869233,4,5
3NGB_HL_G|KH52N,0.17497002,-0.16212098,4,5
3NGB_HL_G|MH70A,0.5305512,0.28094307,4,5
3NGB_HL_G|NH105A,1.1185741,-0.10254122,4,5
3NGB_HL_G|NH59A,1.7671243,0.17535305,4,5
3NGB_HL_G|PH63A,-0.04252045,-0.025711928,4,5
3NGB_HL_G|PH63K,0.23252328,0.030404653,4,5
3NGB_HL_G|QH65A,-0.34038836,0.022559348,4,5
3NGB_HL_G|QL25A,-0.23060839,0.08282609,4,5
3NGB_HL_G|RH54A,-0.25938424,0.20371315,4,5
3NGB_HL_G|RH54N,0.04645046,0.10650559,4,5
3NGB_HL_G|RH62A,0.9958448,-0.034184042,4,5
3NGB_HL_G|RH62Q,0.09654992,-0.13764666,4,5
3NGB_HL_G|RH72A,1.6432176,-0.021898147,4,5
3NGB_HL_G|SL28A,-0.14471176,-0.058478728,4,5
3NGB_HL_G|TH33A,0.7071634,0.03926008,4,5
3NGB_HL_G|TH33Y,0.084193856,-0.09068077,4,5
"3NGB_HL_G|TH33Y,GH56S,AH57G,VH58T,PH63K,VH74T,YH75S",1.9381938,-0.22753285,4,5
3NGB_HL_G|VH58A,1.3584284,0.09593974,4,5
3NGB_HL_G|VH58T,0.13787223,-0.08244558,4,5
3NGB_HL_G|VH74A,1.087914,0.12987833,4,5
3NGB_HL_G|VH74T,0.16493925,-0.026303016,4,5
3NGB_HL_G|VL1A,-0.7733632,-0.16446196,4,5
3NGB_HL_G|WH106A,4.0,0.0493893,4,5
3NGB_HL_G|WH47A,1.2021707,0.19504163,4,5
3NGB_HL_G|WH50A,1.2917941,0.12145972,4,5
3NGB_HL_G|YH104A,1.4235861,0.16524154,4,5
3NGB_HL_G|YH60A,0.5484263,0.35731348,4,5
3NGB_HL_G|YH75A,-0.19932224,0.08455521,4,5
3NGB_HL_G|YH75S,0.3325709,-0.06121029,4,5
3NGB_HL_G|YL26A,0.98528093,0.10852972,4,5
3NGB_HL_G|YL26S,0.6512687,0.043246623,4,5
3NGB_HL_G|YL87A,2.0227883,0.10954353,4,5
4JPK_HL_A|DA141R,3.857323,0.013425905,4,5
"4JPK_HL_A|DA159N,DA33N",0.6189681,-0.026172604,4,5
4JPK_HL_A|FA144I,1.3875175,-0.17900242,4,5
4JPK_HL_A|FA63L,1.1672868,0.14869675,4,5
4JPK_HL_A|RA130K,0.23006605,0.13786238,4,5
4JPK_HL_A|RA81T,0.75870305,-0.22792973,4,5
4JPK_HL_A|SA41G,2.151695,-0.12066887,4,5
4JPK_HL_A|TA35S,-0.032093357,-0.03776361,4,5
4JPK_HL_A|VA30N,0.59459484,0.030359324,4,5
"1JRH_LH_I|AI49S,II51T,HI55D",0.070675574,0.14562136,4,6
"1JRH_LH_I|AI85D,KI88R,EI90K",-0.047747865,-0.2745459,4,6
"1JRH_LH_I|AI93L,VI94M",0.63366294,0.054437723,4,6
1JRH_LH_I|DH56A,1.8860998,1.450055,4,6
1JRH_LH_I|DH57A,1.6660647,1.4748304,4,6
1JRH_LH_I|DH58A,1.8546488,1.3290501,4,6
1JRH_LH_I|DL28A,0.43464687,1.3398615,4,6
1JRH_LH_I|EI35Q,0.09956847,-0.36917877,4,6
1JRH_LH_I|EI45A,-0.5657849,0.49829692,4,6
1JRH_LH_I|EI45P,-3.7881775,0.706463,4,6
"1JRH_LH_I|EI45P,II47L",-3.4567804,0.788539,4,6
"1JRH_LH_I|EI45P,II47R",-3.4400978,0.82157063,4,6
1JRH_LH_I|EL27A,0.5426153,1.2390808,4,6
1JRH_LH_I|FH103A,0.0,-0.14548585,4,6
1JRH_LH_I|GI40A,4.0,0.75308007,4,6
1JRH_LH_I|HH107A,1.6977708,0.43532237,4,6
"1JRH_LH_I|II25N,PI27S,VI29T,VI31I",0.14370596,-0.0836916,4,6
1JRH_LH_I|KI37A,3.713863,0.012088148,4,6
1JRH_LH_I|KI37M,3.2923293,0.24551733,4,6
1JRH_LH_I|KI42A,3.3858175,0.93003774,4,6
1JRH_LH_I|KI42M,4.0,-0.41015553,4,6
1JRH_LH_I|KI88A,0.31209365,0.03307176,4,6
"1JRH_LH_I|MI15L,II18V",-0.21360606,0.31692576,4,6
1JRH_LH_I|NI38A,0.1704579,-0.74366504,4,6
1JRH_LH_I|NI38Q,0.5344714,-0.9980685,4,6
1JRH_LH_I|NI43A,4.0,0.15998444,4,6
1JRH_LH_I|NI69A,-0.19953421,0.06761001,4,6
1JRH_LH_I|RH100A,0.5426153,2.1787357,4,6
1JRH_LH_I|RI74A,0.3926171,0.62276644,4,6
1JRH_LH_I|SI44A,0.37771076,0.2880994,4,6
"1JRH_LH_I|SI44G,EI45G,II47R",-3.3777049,0.48593694,4,6
"1JRH_LH_I|SI44G,EI45P,II47K",-3.884419,0.6530238,4,6
"1JRH_LH_I|SI61Y,DI62E,HI63Q,VI64I,GI65M,DI66Y,SI68D,NI69V,LI71A",2.9588323,0.40724474,4,6
1JRH_LH_I|SL93A,-0.65058374,0.067467526,4,6
1JRH_LH_I|TI4V,-0.025565991,0.6220117,4,6
"1JRH_LH_I|TI9L,EI11K",-0.025565991,0.41855592,4,6
1JRH_LH_I|TL94A,0.38526937,0.8370623,4,6
1JRH_LH_I|VI41A,1.6791569,0.27105454,4,6
"1JRH_LH_I|VI73A,RI78K",-0.21360606,-0.13116275,4,6
1JRH_LH_I|WH54A,2.6862645,1.6018522,4,6
1JRH_LH_I|WH55A,2.4213178,0.73551244,4,6
1JRH_LH_I|WI46F,-0.25261214,0.12957545,4,6
1JRH_LH_I|WI46Y,0.29852974,0.19067602,4,6
1JRH_LH_I|WI72A,4.0,0.6224564,4,6
1JRH_LH_I|WI72F,1.102707,0.11271648,4,6
1JRH_LH_I|WI72Y,1.1878273,-0.48792598,4,6
1JRH_LH_I|WL92A,2.818407,0.7187541,4,6
1JRH_LH_I|WL95A,1.6660647,0.63503337,4,6
1JRH_LH_I|YH104A,1.0610564,1.5815129,4,6
1JRH_LH_I|YH32A,1.4333102,1.5447153,4,6
1JRH_LH_I|YH60A,1.2555921,1.3886737,4,6
1JRH_LH_I|YI39A,3.5271235,0.98309743,4,6
1JRH_LH_I|YI39F,0.9087807,0.54506296,4,6
1JRH_LH_I|YL30A,1.1084566,1.4211862,4,6
1JRH_LH_I|YL91A,0.58083415,3.659603,4,6
1KIQ_AB_C|FB101Y,-2.4949589,-1.5591147,4,6
1XGR_AB_C|IB33A,2.260207,2.0657487,4,6
1XGR_AB_C|IB33F,-1.8004549,-1.5424544,4,6
1XGR_AB_C|IB33L,0.061315425,0.20760903,4,6
1XGR_AB_C|IB33V,1.1076277,1.0944848,4,6
2BDN_HL_A|DH31E,1.0852306,0.4208326,4,6
2BDN_HL_A|LH27K,0.8740124,-0.7410931,4,6
2BDN_HL_A|LH27R,0.65058374,-0.9017032,4,6
2BDN_HL_A|NH28D,0.13214268,-0.61772186,4,6
2BDN_HL_A|NH28Q,1.3994616,0.08154428,4,6
2BDN_HL_A|NL31K,3.4897714,0.51162827,4,6
2BDN_HL_A|NL31R,-0.9171868,0.4817056,4,6
2BDN_HL_A|SL53D,-0.1605731,-0.58404946,4,6
2BDN_HL_A|SL53E,-0.85132045,-0.18761289,4,6
2BDN_HL_A|TL56D,-0.4254655,0.2178576,4,6
2BDN_HL_A|TL56E,-0.6888026,0.26545554,4,6
2BDN_HL_A|YL30K,0.67475796,0.5790097,4,6
2NYY_DC_A|DA1030A,0.009336901,1.1652452,4,6
2NYY_DC_A|DA1034A,2.5297937,1.0535965,4,6
2NYY_DC_A|DC30Y,0.64113563,-0.026564587,4,6
2NYY_DC_A|EA892A,2.839132,1.2066251,4,6
2NYY_DC_A|ED5Q,-0.2479871,-0.14156939,4,6
2NYY_DC_A|FA889A,0.4193659,-0.023505125,4,6
2NYY_DC_A|FA925A,4.0,0.88872766,4,6
2NYY_DC_A|HA1036A,4.0,2.4424295,4,6
2NYY_DC_A|HC34R,0.10088469,-0.41433072,4,6
2NYY_DC_A|IA928A,-0.009487502,3.072236,4,6
2NYY_DC_A|KA1028A,-0.028934313,0.87240964,4,6
2NYY_DC_A|KA875A,0.29098648,0.5421221,4,6
2NYY_DC_A|KA895A,-0.14014584,-1.107013,4,6
2NYY_DC_A|KD29R,0.071385965,-0.061975013,4,6
"2NYY_DC_A|KD29S,YD30D,DD31H,SD60P",0.04961051,0.8598136,4,6
2NYY_DC_A|LA891A,2.5892105,0.8519752,4,6
2NYY_DC_A|MD33Q,-0.059869844,-0.13310146,4,6
2NYY_DC_A|NA890A,0.89044046,0.30149618,4,6
2NYY_DC_A|NA926A,0.09934822,-0.38289446,4,6
2NYY_DC_A|QA887A,0.5208145,1.3759586,4,6
2NYY_DC_A|RA1033A,0.82012254,1.2694446,4,6
2NYY_DC_A|RA1266A,0.2995321,1.1957244,4,6
2NYY_DC_A|SA874A,-0.23032175,0.5134056,4,6
2NYY_DC_A|SA927A,0.0,0.87284553,4,6
2NYY_DC_A|SC28Q,0.4133828,0.45613435,4,6
2NYY_DC_A|SC31N,-0.35338265,0.5583542,4,6
2NYY_DC_A|TA1035A,1.630871,0.78056127,4,6
2NYY_DC_A|VD36I,-0.21317148,-0.23016562,4,6
"2NYY_DC_A|VD36I,ED5Q",-0.0490461,-0.2882287,4,6
2NYY_DC_A|YD30D,0.06462482,0.8914046,4,6
2NYY_DC_A|YD30Q,0.12897444,1.1256604,4,6
2NYY_DC_A|YD56Q,0.5196862,0.7275212,4,6
2NZ9_DC_A|DA1030A,-0.031082604,1.2113839,4,6
2NZ9_DC_A|DA1034A,2.3396032,0.9802336,4,6
2NZ9_DC_A|EA892A,2.77036,1.4823617,4,6
2NZ9_DC_A|FA889A,-0.04961051,-0.044912275,4,6
2NZ9_DC_A|FA925A,3.340439,0.98326665,4,6
2NZ9_DC_A|HA1036A,4.0,2.2813616,4,6
2NZ9_DC_A|IA928A,0.069281444,2.9185205,4,6
2NZ9_DC_A|KA1028A,-0.008714417,0.7998897,4,6
2NZ9_DC_A|KA875A,0.5407011,0.8987467,4,6
2NZ9_DC_A|KA895A,-0.29975358,-0.9160293,4,6
2NZ9_DC_A|LA891A,2.279965,0.89433414,4,6
2NZ9_DC_A|NA890A,2.1600318,0.19106358,4,6
2NZ9_DC_A|NA926A,-0.15216734,-0.48977512,4,6
2NZ9_DC_A|QA887A,0.09926054,1.3090283,4,6
2NZ9_DC_A|RA1033A,0.29088098,1.1128114,4,6
2NZ9_DC_A|RA1266A,0.39015788,1.0327656,4,6
2NZ9_DC_A|SA874A,-0.11948046,0.2138762,4,6
2NZ9_DC_A|SA927A,-0.078544825,1.0182749,4,6
"2NZ9_DC_A|SD29K,DD30Y,HD31D",-0.04961051,-0.9081952,4,6
2NZ9_DC_A|TA1035A,2.3703818,0.9728012,4,6
2VIS_AB_C|IC89T,-4.0,0.80593467,4,6
"3BE1_HL_A|DL28N,PL30A,RL31K,SL32T,TL97S,TL98S",-0.6860794,-0.9166568,4,6
"3BE1_HL_A|DL28N,PL30A,RL31K,SL32T,TL97S,TL98S,KH30S,DH31G,TH54S,NH55E,GH100V,DH102V",-2.7728782,-2.3286479,4,6
"3BE1_HL_A|DL28N,PL30A,RL31K,SL32T,TL97S,TL98S,KH30S,DH31G,TH54S,NH55E,GH100V,DH102V,YL36A",-3.190238,-1.1407603,4,6
"3BE1_HL_A|DL28N,PL30A,RL31K,SL32T,TL97S,TL98S,KH30S,DH31G,TH54S,NH55E,GH100V,DH102V,YL36A,IL33A",-2.7728782,-1.0948642,4,6
"3BE1_HL_A|DL28N,PL30A,RL31K,SL32T,YL57F,TL97S,TL98S",-0.8683455,-0.60156375,4,6
"3BE1_HL_A|DL28N,PL30A,RL31K,SL32T,YL57F,TL97S,TL98S,KH30S,DH31G,TH54S,NH55E,GH100V,DH102V",-2.8824897,-2.1447017,4,6
3LZF_AB_HL|DA187E,0.49836498,0.23902808,4,6
"3LZF_AB_HL|DA187E,DA222G",0.12738612,0.556839,4,6
3LZF_AB_HL|DA222G,0.5378587,0.25497204,4,6
3NGB_HL_G|AH57G,-0.056030333,-0.8611257,4,6
"3NGB_HL_G|AH57G,VH58T,PH63K,VH74T",1.6734211,-1.0440547,4,6
"3NGB_HL_G|CH32S,CH102A",0.25899792,-0.13614543,4,6
3NGB_HL_G|DH103A,0.05987142,0.29872313,4,6
3NGB_HL_G|EL88A,1.3199503,0.9704515,4,6
3NGB_HL_G|FL89A,0.85886127,0.36932558,4,6
3NGB_HL_G|GH55A,-1.2766591,0.58824587,4,6
3NGB_HL_G|GH55S,0.74304354,0.5243663,4,6
3NGB_HL_G|GH56A,1.2656107,1.0568804,4,6
3NGB_HL_G|IH30A,-0.0027431613,-0.70131296,4,6
3NGB_HL_G|IH30T,0.0733938,-1.327264,4,6
"3NGB_HL_G|IH30T,KH52N,RH54N,GH55S,AH57G,VH58T,RH62Q,PH63K,VH74T,YH75S,YL26S",0.86214453,1.2964845,4,6
3NGB_HL_G|KH52A,0.62288266,1.3213925,4,6
3NGB_HL_G|KH52N,0.17497002,0.4538125,4,6
3NGB_HL_G|MH70A,0.5305512,0.21357125,4,6
3NGB_HL_G|NH105A,1.1185741,0.1026237,4,6
3NGB_HL_G|NH59A,1.7671243,1.263869,4,6
3NGB_HL_G|PH63A,-0.04252045,-0.5041632,4,6
3NGB_HL_G|PH63K,0.23252328,-0.573615,4,6
3NGB_HL_G|QH65A,-0.34038836,0.6676989,4,6
3NGB_HL_G|QL25A,-0.23060839,0.46280044,4,6
3NGB_HL_G|RH54A,-0.25938424,0.8454141,4,6
3NGB_HL_G|RH54N,0.04645046,0.7573824,4,6
3NGB_HL_G|RH62A,0.9958448,1.1839731,4,6
3NGB_HL_G|RH62Q,0.09654992,0.53310657,4,6
3NGB_HL_G|RH72A,1.6432176,2.0593517,4,6
3NGB_HL_G|SL28A,-0.14471176,0.8285554,4,6
3NGB_HL_G|TH33A,0.7071634,2.0789256,4,6
3NGB_HL_G|TH33Y,0.084193856,-1.4407299,4,6
"3NGB_HL_G|TH33Y,GH56S,AH57G,VH58T,PH63K,VH74T,YH75S",1.9381938,-0.98807627,4,6
3NGB_HL_G|VH58A,1.3584284,1.5599934,4,6
3NGB_HL_G|VH58T,0.13787223,-0.06996071,4,6
3NGB_HL_G|VH74A,1.087914,-0.2681226,4,6
3NGB_HL_G|VH74T,0.16493925,-0.7424207,4,6
3NGB_HL_G|VL1A,-0.7733632,-0.42786103,4,6
3NGB_HL_G|WH106A,4.0,0.81789863,4,6
3NGB_HL_G|WH47A,1.2021707,0.8604777,4,6
3NGB_HL_G|WH50A,1.2917941,1.5829457,4,6
3NGB_HL_G|YH104A,1.4235861,0.7644475,4,6
3NGB_HL_G|YH60A,0.5484263,0.98394954,4,6
3NGB_HL_G|YH75A,-0.19932224,0.32601634,4,6
3NGB_HL_G|YH75S,0.3325709,0.4162063,4,6
3NGB_HL_G|YL26A,0.98528093,1.6222192,4,6
3NGB_HL_G|YL26S,0.6512687,1.0191615,4,6
3NGB_HL_G|YL87A,2.0227883,1.8475608,4,6
4JPK_HL_A|DA141R,3.857323,-0.18840648,4,6
"4JPK_HL_A|DA159N,DA33N",0.6189681,1.6213866,4,6
4JPK_HL_A|FA144I,1.3875175,0.54796135,4,6
4JPK_HL_A|FA63L,1.1672868,-0.10941827,4,6
4JPK_HL_A|RA130K,0.23006605,0.09210241,4,6
4JPK_HL_A|RA81T,0.75870305,0.66489226,4,6
4JPK_HL_A|SA41G,2.151695,0.7227601,4,6
4JPK_HL_A|TA35S,-0.032093357,-2.155313,4,6
4JPK_HL_A|VA30N,0.59459484,0.69372123,4,6
"1JRH_LH_I|AI49S,II51T,HI55D",0.070675574,-0.27704367,4,7
"1JRH_LH_I|AI85D,KI88R,EI90K",-0.047747865,-0.77232957,4,7
"1JRH_LH_I|AI93L,VI94M",0.63366294,0.12745081,4,7
1JRH_LH_I|DH56A,1.8860998,1.2845024,4,7
1JRH_LH_I|DH57A,1.6660647,0.89819944,4,7
1JRH_LH_I|DH58A,1.8546488,1.1278534,4,7
1JRH_LH_I|DL28A,0.43464687,1.0758566,4,7
1JRH_LH_I|EI35Q,0.09956847,-0.43292272,4,7
1JRH_LH_I|EI45A,-0.5657849,0.36004737,4,7
1JRH_LH_I|EI45P,-3.7881775,-0.12025306,4,7
"1JRH_LH_I|EI45P,II47L",-3.4567804,0.18399882,4,7
"1JRH_LH_I|EI45P,II47R",-3.4400978,-0.3620979,4,7
1JRH_LH_I|EL27A,0.5426153,1.0302991,4,7
1JRH_LH_I|FH103A,0.0,0.4103666,4,7
1JRH_LH_I|GI40A,4.0,1.0916742,4,7
1JRH_LH_I|HH107A,1.6977708,1.0208992,4,7
"1JRH_LH_I|II25N,PI27S,VI29T,VI31I",0.14370596,-0.6625371,4,7
1JRH_LH_I|KI37A,3.713863,1.0393946,4,7
1JRH_LH_I|KI37M,3.2923293,0.6855235,4,7
1JRH_LH_I|KI42A,3.3858175,0.8831005,4,7
1JRH_LH_I|KI42M,4.0,0.23808765,4,7
1JRH_LH_I|KI88A,0.31209365,0.8342986,4,7
"1JRH_LH_I|MI15L,II18V",-0.21360606,0.73242414,4,7
1JRH_LH_I|NI38A,0.1704579,0.76199055,4,7
1JRH_LH_I|NI38Q,0.5344714,-0.9462446,4,7
1JRH_LH_I|NI43A,4.0,1.2134839,4,7
1JRH_LH_I|NI69A,-0.19953421,0.7585745,4,7
1JRH_LH_I|RH100A,0.5426153,1.0620571,4,7
1JRH_LH_I|RI74A,0.3926171,1.7262806,4,7
1JRH_LH_I|SI44A,0.37771076,1.0901816,4,7
"1JRH_LH_I|SI44G,EI45G,II47R",-3.3777049,0.40768555,4,7
"1JRH_LH_I|SI44G,EI45P,II47K",-3.884419,0.34146038,4,7
"1JRH_LH_I|SI61Y,DI62E,HI63Q,VI64I,GI65M,DI66Y,SI68D,NI69V,LI71A",2.9588323,0.49151295,4,7
1JRH_LH_I|SL93A,-0.65058374,1.3122487,4,7
1JRH_LH_I|TI4V,-0.025565991,-0.38510403,4,7
"1JRH_LH_I|TI9L,EI11K",-0.025565991,0.15866747,4,7
1JRH_LH_I|TL94A,0.38526937,0.47637913,4,7
1JRH_LH_I|VI41A,1.6791569,0.47343537,4,7
"1JRH_LH_I|VI73A,RI78K",-0.21360606,0.5396137,4,7
1JRH_LH_I|WH54A,2.6862645,1.9033108,4,7
1JRH_LH_I|WH55A,2.4213178,1.1590574,4,7
1JRH_LH_I|WI46F,-0.25261214,0.17384456,4,7
1JRH_LH_I|WI46Y,0.29852974,0.055021446,4,7
1JRH_LH_I|WI72A,4.0,1.6325282,4,7
1JRH_LH_I|WI72F,1.102707,0.5490321,4,7
1JRH_LH_I|WI72Y,1.1878273,0.100775145,4,7
1JRH_LH_I|WL92A,2.818407,1.3648231,4,7
1JRH_LH_I|WL95A,1.6660647,1.0351874,4,7
1JRH_LH_I|YH104A,1.0610564,1.1739606,4,7
1JRH_LH_I|YH32A,1.4333102,1.1643596,4,7
1JRH_LH_I|YH60A,1.2555921,1.8366035,4,7
1JRH_LH_I|YI39A,3.5271235,1.5494992,4,7
1JRH_LH_I|YI39F,0.9087807,0.3456626,4,7
1JRH_LH_I|YL30A,1.1084566,1.2755897,4,7
1JRH_LH_I|YL91A,0.58083415,2.383045,4,7
1KIQ_AB_C|FB101Y,-2.4949589,-1.0510976,4,7
1XGR_AB_C|IB33A,2.260207,2.386037,4,7
1XGR_AB_C|IB33F,-1.8004549,-1.0715753,4,7
1XGR_AB_C|IB33L,0.061315425,-0.108804524,4,7
1XGR_AB_C|IB33V,1.1076277,1.0765818,4,7
2BDN_HL_A|DH31E,1.0852306,0.13833752,4,7
2BDN_HL_A|LH27K,0.8740124,-0.22438228,4,7
2BDN_HL_A|LH27R,0.65058374,-0.32743967,4,7
2BDN_HL_A|NH28D,0.13214268,-0.29121062,4,7
2BDN_HL_A|NH28Q,1.3994616,0.24023007,4,7
2BDN_HL_A|NL31K,3.4897714,0.6664852,4,7
2BDN_HL_A|NL31R,-0.9171868,0.3885075,4,7
2BDN_HL_A|SL53D,-0.1605731,-0.13802713,4,7
2BDN_HL_A|SL53E,-0.85132045,0.14919516,4,7
2BDN_HL_A|TL56D,-0.4254655,-0.24351868,4,7
2BDN_HL_A|TL56E,-0.6888026,-0.113550425,4,7
2BDN_HL_A|YL30K,0.67475796,0.917158,4,7
2NYY_DC_A|DA1030A,0.009336901,1.8838867,4,7
2NYY_DC_A|DA1034A,2.5297937,1.3230991,4,7
2NYY_DC_A|DC30Y,0.64113563,-0.53499985,4,7
2NYY_DC_A|EA892A,2.839132,0.54666555,4,7
2NYY_DC_A|ED5Q,-0.2479871,0.25638026,4,7
2NYY_DC_A|FA889A,0.4193659,1.18164,4,7
2NYY_DC_A|FA925A,4.0,1.0412025,4,7
2NYY_DC_A|HA1036A,4.0,1.6504487,4,7
2NYY_DC_A|HC34R,0.10088469,0.08445914,4,7
2NYY_DC_A|IA928A,-0.009487502,0.5776167,4,7
2NYY_DC_A|KA1028A,-0.028934313,1.4974438,4,7
2NYY_DC_A|KA875A,0.29098648,1.0852408,4,7
2NYY_DC_A|KA895A,-0.14014584,1.18227,4,7
2NYY_DC_A|KD29R,0.071385965,-0.08472218,4,7
"2NYY_DC_A|KD29S,YD30D,DD31H,SD60P",0.04961051,0.2965105,4,7
2NYY_DC_A|LA891A,2.5892105,0.24660948,4,7
2NYY_DC_A|MD33Q,-0.059869844,0.12309275,4,7
2NYY_DC_A|NA890A,0.89044046,0.67749906,4,7
2NYY_DC_A|NA926A,0.09934822,0.7519357,4,7
2NYY_DC_A|QA887A,0.5208145,2.2086475,4,7
2NYY_DC_A|RA1033A,0.82012254,1.3010595,4,7
2NYY_DC_A|RA1266A,0.2995321,1.3302358,4,7
2NYY_DC_A|SA874A,-0.23032175,0.8648125,4,7
2NYY_DC_A|SA927A,0.0,1.0964062,4,7
2NYY_DC_A|SC28Q,0.4133828,0.34434935,4,7
2NYY_DC_A|SC31N,-0.35338265,-0.09916143,4,7
2NYY_DC_A|TA1035A,1.630871,0.6864861,4,7
2NYY_DC_A|VD36I,-0.21317148,0.02103108,4,7
"2NYY_DC_A|VD36I,ED5Q",-0.0490461,0.2915952,4,7
2NYY_DC_A|YD30D,0.06462482,0.32738084,4,7
2NYY_DC_A|YD30Q,0.12897444,0.73498833,4,7
2NYY_DC_A|YD56Q,0.5196862,0.8045373,4,7
2NZ9_DC_A|DA1030A,-0.031082604,2.0159574,4,7
2NZ9_DC_A|DA1034A,2.3396032,1.2717103,4,7
2NZ9_DC_A|EA892A,2.77036,0.68338513,4,7
2NZ9_DC_A|FA889A,-0.04961051,1.2130185,4,7
2NZ9_DC_A|FA925A,3.340439,0.97020435,4,7
2NZ9_DC_A|HA1036A,4.0,1.4151144,4,7
2NZ9_DC_A|IA928A,0.069281444,0.5436436,4,7
2NZ9_DC_A|KA1028A,-0.008714417,1.4002919,4,7
2NZ9_DC_A|KA875A,0.5407011,0.94885063,4,7
2NZ9_DC_A|KA895A,-0.29975358,1.2837732,4,7
2NZ9_DC_A|LA891A,2.279965,0.3651407,4,7
2NZ9_DC_A|NA890A,2.1600318,0.6806339,4,7
2NZ9_DC_A|NA926A,-0.15216734,0.705686,4,7
2NZ9_DC_A|QA887A,0.09926054,2.1913435,4,7
2NZ9_DC_A|RA1033A,0.29088098,1.1870822,4,7
2NZ9_DC_A|RA1266A,0.39015788,1.095641,4,7
2NZ9_DC_A|SA874A,-0.11948046,0.6935631,4,7
2NZ9_DC_A|SA927A,-0.078544825,1.0920001,4,7
"2NZ9_DC_A|SD29K,DD30Y,HD31D",-0.04961051,-0.36137727,4,7
2NZ9_DC_A|TA1035A,2.3703818,0.6950885,4,7
2VIS_AB_C|IC89T,-4.0,-1.250671,4,7
"3BE1_HL_A|DL28N,PL30A,RL31K,SL32T,TL97S,TL98S",-0.6860794,-0.15269631,4,7
"3BE1_HL_A|DL28N,PL30A,RL31K,SL32T,TL97S,TL98S,KH30S,DH31G,TH54S,NH55E,GH100V,DH102V",-2.7728782,-1.611233,4,7
"3BE1_HL_A|DL28N,PL30A,RL31K,SL32T,TL97S,TL98S,KH30S,DH31G,TH54S,NH55E,GH100V,DH102V,YL36A",-3.190238,-0.3551599,4,7
"3BE1_HL_A|DL28N,PL30A,RL31K,SL32T,TL97S,TL98S,KH30S,DH31G,TH54S,NH55E,GH100V,DH102V,YL36A,IL33A",-2.7728782,0.34906322,4,7
"3BE1_HL_A|DL28N,PL30A,RL31K,SL32T,YL57F,TL97S,TL98S",-0.8683455,-0.108300745,4,7
"3BE1_HL_A|DL28N,PL30A,RL31K,SL32T,YL57F,TL97S,TL98S,KH30S,DH31G,TH54S,NH55E,GH100V,DH102V",-2.8824897,-1.602187,4,7
3LZF_AB_HL|DA187E,0.49836498,0.6015372,4,7
"3LZF_AB_HL|DA187E,DA222G",0.12738612,0.8752912,4,7
3LZF_AB_HL|DA222G,0.5378587,0.32142758,4,7
3NGB_HL_G|AH57G,-0.056030333,-0.6629256,4,7
"3NGB_HL_G|AH57G,VH58T,PH63K,VH74T",1.6734211,-0.8606149,4,7
"3NGB_HL_G|CH32S,CH102A",0.25899792,0.4234742,4,7
3NGB_HL_G|DH103A,0.05987142,0.20137608,4,7
3NGB_HL_G|EL88A,1.3199503,0.9774891,4,7
3NGB_HL_G|FL89A,0.85886127,0.8326361,4,7
3NGB_HL_G|GH55A,-1.2766591,0.7194333,4,7
3NGB_HL_G|GH55S,0.74304354,0.38222012,4,7
3NGB_HL_G|GH56A,1.2656107,0.6759169,4,7
3NGB_HL_G|IH30A,-0.0027431613,0.473194,4,7
3NGB_HL_G|IH30T,0.0733938,-0.20427659,4,7
"3NGB_HL_G|IH30T,KH52N,RH54N,GH55S,AH57G,VH58T,RH62Q,PH63K,VH74T,YH75S,YL26S",0.86214453,1.0588346,4,7
3NGB_HL_G|KH52A,0.62288266,1.014336,4,7
3NGB_HL_G|KH52N,0.17497002,-0.25638062,4,7
3NGB_HL_G|MH70A,0.5305512,1.0067368,4,7
3NGB_HL_G|NH105A,1.1185741,0.39022556,4,7
3NGB_HL_G|NH59A,1.7671243,0.94751394,4,7
3NGB_HL_G|PH63A,-0.04252045,-0.015151419,4,7
3NGB_HL_G|PH63K,0.23252328,-0.17411837,4,7
3NGB_HL_G|QH65A,-0.34038836,0.6304412,4,7
3NGB_HL_G|QL25A,-0.23060839,0.6824143,4,7
3NGB_HL_G|RH54A,-0.25938424,0.5765377,4,7
3NGB_HL_G|RH54N,0.04645046,0.05048663,4,7
3NGB_HL_G|RH62A,0.9958448,0.52524054,4,7
3NGB_HL_G|RH62Q,0.09654992,-0.09604891,4,7
3NGB_HL_G|RH72A,1.6432176,1.2679055,4,7
3NGB_HL_G|SL28A,-0.14471176,0.6580428,4,7
3NGB_HL_G|TH33A,0.7071634,1.0563226,4,7
3NGB_HL_G|TH33Y,0.084193856,-1.0347723,4,7
"3NGB_HL_G|TH33Y,GH56S,AH57G,VH58T,PH63K,VH74T,YH75S",1.9381938,-0.66857195,4,7
3NGB_HL_G|VH58A,1.3584284,0.7725339,4,7
3NGB_HL_G|VH58T,0.13787223,-0.5925288,4,7
3NGB_HL_G|VH74A,1.087914,0.51552474,4,7
3NGB_HL_G|VH74T,0.16493925,-0.28518546,4,7
3NGB_HL_G|VL1A,-0.7733632,0.27061322,4,7
3NGB_HL_G|WH106A,4.0,1.0549787,4,7
3NGB_HL_G|WH47A,1.2021707,1.0145249,4,7
3NGB_HL_G|WH50A,1.2917941,1.180365,4,7
3NGB_HL_G|YH104A,1.4235861,0.8600495,4,7
3NGB_HL_G|YH60A,0.5484263,0.7788491,4,7
3NGB_HL_G|YH75A,-0.19932224,0.44209954,4,7
3NGB_HL_G|YH75S,0.3325709,0.11450892,4,7
3NGB_HL_G|YL26A,0.98528093,0.7939733,4,7
3NGB_HL_G|YL26S,0.6512687,0.20304888,4,7
3NGB_HL_G|YL87A,2.0227883,1.469438,4,7
4JPK_HL_A|DA141R,3.857323,-0.15886308,4,7
"4JPK_HL_A|DA159N,DA33N",0.6189681,0.67720175,4,7
4JPK_HL_A|FA144I,1.3875175,0.48167577,4,7
4JPK_HL_A|FA63L,1.1672868,0.5072315,4,7
4JPK_HL_A|RA130K,0.23006605,0.33126435,4,7
4JPK_HL_A|RA81T,0.75870305,0.2586215,4,7
4JPK_HL_A|SA41G,2.151695,0.51878226,4,7
4JPK_HL_A|TA35S,-0.032093357,-0.42605305,4,7
4JPK_HL_A|VA30N,0.59459484,-0.052307695,4,7
