row_id,ddg_true,ddg_pred,fold,seed
1AHW_AB_C|DC167A,-0.4845926,1.4001224,0,0
"1AHW_AB_C|KC138A,DC139A",1.1814722,3.155883,0,0
"1AHW_AB_C|KC154A,KC155A",-1.329712,1.5297875,0,0
1AHW_AB_C|LC165A,0.9869364,0.6205165,0,0
1AHW_AB_C|NC188A,1.0782224,2.466686,0,0
"1AHW_AB_C|TC110A,KC111A",0.6388569,1.7215744,0,0
1AHW_AB_C|TC156A,-0.07411996,1.2734535,0,0
1AHW_AB_C|TC159A,1.105771,2.0358477,0,0
1AHW_AB_C|TC186A,1.345882,1.1240408,0,0
1AHW_AB_C|VC187A,-0.31423107,1.1055965,0,0
1AHW_AB_C|YC146A,-1.8890098,2.000455,0,0
1BJ1_HL_VW|HH101Y,-1.5835956,-1.2093704,0,0
"1BJ1_HL_VW|HH101Y,YH103I,GH104A,SH105K",-0.43125325,-0.05383634,0,0
"1BJ1_HL_VW|HH101Y,YH103R,GH104N,SH105T",-0.7626503,-0.0070890673,0,0
"1BJ1_HL_VW|HH101Y,YH103R,SH105T",-1.173123,-0.7222768,0,0
1BJ1_HL_VW|HH107A,0.78965265,0.1717957,0,0
"1BJ1_HL_VW|LH72I,TH74K",0.076517485,1.2210432,0,0
"1BJ1_HL_VW|LH72V,TH74V",0.6706598,0.645709,0,0
"1BJ1_HL_VW|ML4L,TH28D,NH31H,HH101Y,SH105T",-1.52138,-1.9072593,0,0
1BJ1_HL_VW|NH31H,-0.7626503,-0.007887225,0,0
1BJ1_HL_VW|SH105T,-0.39039657,0.0067381794,0,0
1BJ1_HL_VW|TH28D,-0.22003505,-0.21566658,0,0
"1BJ1_HL_VW|TH28D,NH31H",-0.6929008,-0.5564479,0,0
"1BJ1_HL_VW|TH28D,NH31H,YH54W,HH101Y,SH105T",-1.2034981,-1.0922662,0,0
1BJ1_HL_VW|TH59A,0.85066694,0.936861,0,0
1BJ1_HL_VW|YH27A,2.2425284,0.7773706,0,0
1BJ1_HL_VW|YH54A,1.3276595,1.1635673,0,0
1BJ1_HL_VW|YH54W,-0.13726985,0.2934882,0,0
1BJ1_HL_VW|YH99A,4.0,0.8759129,0,0
1DQJ_AB_C|DB32A,2.0134337,0.23493086,0,0
"1DQJ_AB_C|DB32A,KC97A",1.1223834,0.17170803,0,0
1DQJ_AB_C|DC101A,1.3765504,1.1156881,0,0
1DQJ_AB_C|KC96A,4.0,1.5290096,0,0
1DQJ_AB_C|KC97A,3.5197058,0.24789818,0,0
1DQJ_AB_C|LC75A,1.452407,0.50071687,0,0
1DQJ_AB_C|NA31A,2.0134337,0.99264604,0,0
1DQJ_AB_C|NA32A,4.0,1.7026988,0,0
"1DQJ_AB_C|NA32A,KC96A",4.0,3.496794,0,0
1DQJ_AB_C|NC93A,0.64987326,0.003613419,0,0
1DQJ_AB_C|RC21A,1.2137709,0.6759399,0,0
1DQJ_AB_C|SA91A,1.4318883,0.97237325,0,0
"1DQJ_AB_C|SA91A,RC21A",3.1707318,1.1773591,0,0
"1DQJ_AB_C|SA91A,YC20A",3.573092,1.8853084,0,0
1DQJ_AB_C|SC100A,0.7755829,1.2182878,0,0
1DQJ_AB_C|TC89A,0.84084374,0.7338709,0,0
1DQJ_AB_C|WB98A,4.0,1.6302135,0,0
"1DQJ_AB_C|WB98A,KC97A",4.0,1.5093406,0,0
"1DQJ_AB_C|WB98A,SC100A",4.0,2.8357413,0,0
"1DQJ_AB_C|WB98A,YC20A",4.0,2.5549319,0,0
1DQJ_AB_C|WC62A,0.7580786,1.4566761,0,0
1DQJ_AB_C|WC63A,1.3462692,1.5332378,0,0
1DQJ_AB_C|YA50A,2.678299,1.5759411,0,0
1DQJ_AB_C|YA96A,1.135051,1.3442465,0,0
"1DQJ_AB_C|YA96A,RC21A",3.4851997,1.7411724,0,0
"1DQJ_AB_C|YA96A,SC100A",0.91344726,3.1280203,0,0
1DQJ_AB_C|YB33A,4.0,3.4572706,0,0
1DQJ_AB_C|YB50A,4.0,1.8776301,0,0
1DQJ_AB_C|YB53A,1.1802781,0.387362,0,0
"1DQJ_AB_C|YB53A,DC101A",2.727121,1.1570545,0,0
"1DQJ_AB_C|YB53A,LC75A",1.2168618,0.60732573,0,0
"1DQJ_AB_C|YB53A,WC62A",1.286308,1.1253346,0,0
"1DQJ_AB_C|YB53A,WC63A",2.1992323,1.0956821,0,0
1DQJ_AB_C|YC20A,3.2857084,1.620275,0,0
1XGT_AB_C|LB33A,2.1988916,2.3332214,0,0
1XGT_AB_C|LB33F,-1.8617703,-2.0298445,0,0
1XGT_AB_C|LB33I,-0.061315425,-0.03476656,0,0
1XGT_AB_C|LB33V,1.0463123,1.0026785,0,0
"3BDY_HL_V|DL28N,PL30A,RL31K,SL32T,TL97S,TL98S",-0.9690793,-0.56380826,0,0
"3BDY_HL_V|DL28N,PL30A,RL31K,SL32T,TL97S,TL98S,KH31S,DH32G,TH55S,NH56E,GH101V,DH103V",-2.7154896,-2.9495084,0,0
"3BDY_HL_V|DL28N,PL30A,RL31K,SL32T,TL97S,TL98S,KH31S,DH32G,TH55S,NH56E,GH101V,DH103V,RH51A,RH60A",-2.7728782,-3.045011,0,0
"3BDY_HL_V|DL28N,PL30A,RL31K,SL32T,YL57F,TL97S,TL98S",-0.97316396,-0.60160005,0,0
"3BDY_HL_V|DL28N,PL30A,RL31K,SL32T,YL57F,TL97S,TL98S,KH31S,DH32G,TH55S,NH56E,GH101V,DH103V",-2.727121,-2.857247,0,0
3HFM_HL_Y|DH32A,1.8982269,0.022028316,0,0
"3HFM_HL_Y|DH32A,KY97A",4.0,-0.036960434,0,0
"3HFM_HL_Y|DH32A,KY97M",1.1234494,-0.09730873,0,0
3HFM_HL_Y|DH32N,0.17036153,-0.20058991,0,0
"3HFM_HL_Y|DH32N,KY97A",4.0,-0.16387893,0,0
"3HFM_HL_Y|DH32N,KY97M",0.3025042,-0.20448704,0,0
3HFM_HL_Y|DY101A,1.2081919,1.3691398,0,0
3HFM_HL_Y|DY101E,2.132881,0.30820203,0,0
3HFM_HL_Y|DY101F,2.3282614,0.6547388,0,0
3HFM_HL_Y|DY101G,0.35884774,0.618026,0,0
3HFM_HL_Y|DY101K,2.1245396,1.7537448,0,0
3HFM_HL_Y|DY101N,1.4911126,1.412275,0,0
3HFM_HL_Y|DY101Q,2.0851746,-0.2724812,0,0
3HFM_HL_Y|DY101R,2.2798727,1.6917485,0,0
3HFM_HL_Y|DY101S,1.8694,0.67346215,0,0
3HFM_HL_Y|GY102V,0.395285,0.42250833,0,0
3HFM_HL_Y|HY15A,-0.4453172,0.20218672,0,0
3HFM_HL_Y|IY98A,0.0,0.18081614,0,0
3HFM_HL_Y|KY96A,4.0,1.6151782,0,0
3HFM_HL_Y|KY96M,4.0,1.2660455,0,0
3HFM_HL_Y|KY96R,4.0,0.3709806,0,0
3HFM_HL_Y|KY97A,4.0,0.3816117,0,0
3HFM_HL_Y|KY97D,4.0,0.04462482,0,0
3HFM_HL_Y|KY97E,3.6045077,0.014067498,0,0
3HFM_HL_Y|KY97G,4.0,-0.31754893,0,0
3HFM_HL_Y|KY97M,0.9469717,0.4772707,0,0
3HFM_HL_Y|KY97R,3.0528512,-0.6069108,0,0
3HFM_HL_Y|LY75A,0.70445603,0.44594222,0,0
3HFM_HL_Y|NL31A,4.0,0.7132812,0,0
"3HFM_HL_Y|NL31A,KY96A",4.0,2.6921086,0,0
3HFM_HL_Y|NL31D,1.3434845,-0.033086333,0,0
3HFM_HL_Y|NL31E,4.0,0.27175245,0,0
3HFM_HL_Y|NL32A,4.0,1.0165397,0,0
3HFM_HL_Y|NY19D,0.41047263,0.13253236,0,0
3HFM_HL_Y|NY19K,0.2401111,0.58481354,0,0
3HFM_HL_Y|NY19Q,-0.042485796,-0.37016335,0,0
3HFM_HL_Y|NY93A,0.21121821,0.1463839,0,0
3HFM_HL_Y|QL53A,0.9530879,0.3240164,0,0
3HFM_HL_Y|RY21A,0.8618019,0.9279341,0,0
3HFM_HL_Y|RY21E,2.4534352,0.31449136,0,0
3HFM_HL_Y|RY21G,2.4220753,0.11191139,0,0
3HFM_HL_Y|RY21H,2.1693182,-0.15715013,0,0
3HFM_HL_Y|RY21K,1.766342,0.4793436,0,0
3HFM_HL_Y|RY21M,2.0498905,1.0942647,0,0
3HFM_HL_Y|RY21N,2.3282614,0.54532033,0,0
3HFM_HL_Y|RY21Q,2.3975346,-0.68741417,0,0
3HFM_HL_Y|RY21W,2.132881,0.34259143,0,0
3HFM_HL_Y|RY73A,-0.3313971,1.2198105,0,0
3HFM_HL_Y|SH31A,0.17036153,0.4379483,0,0
3HFM_HL_Y|SY100A,0.26765963,0.96522063,0,0
3HFM_HL_Y|TY89A,0.0,0.9780898,0,0
3HFM_HL_Y|WH98A,4.0,1.3788003,0,0
"3HFM_HL_Y|WH98A,KY96A",4.0,2.71765,0,0
3HFM_HL_Y|WH98F,3.245562,0.48987213,0,0
"3HFM_HL_Y|WH98F,YY20A",4.0,2.091438,0,0
3HFM_HL_Y|WY63A,0.31918663,2.183599,0,0
3HFM_HL_Y|YH33A,4.0,2.8570862,0,0
"3HFM_HL_Y|YH33A,KY97A",4.0,3.3034413,0,0
3HFM_HL_Y|YH33F,1.0712212,-0.55859673,0,0
3HFM_HL_Y|YH33L,2.0069382,0.8764977,0,0
3HFM_HL_Y|YH33W,1.7495645,0.615214,0,0
3HFM_HL_Y|YH50A,4.0,1.8913058,0,0
"3HFM_HL_Y|YH50A,RY21A",4.0,3.182997,0,0
3HFM_HL_Y|YH50F,1.6099914,0.57337284,0,0
3HFM_HL_Y|YH50L,2.8488367,0.63694465,0,0
3HFM_HL_Y|YH53A,3.25038,0.6135022,0,0
3HFM_HL_Y|YH53F,0.62049925,0.4252192,0,0
3HFM_HL_Y|YH53L,0.8068894,0.28350493,0,0
3HFM_HL_Y|YH53W,0.7061819,0.27492875,0,0
3HFM_HL_Y|YH58A,1.6760437,1.2806407,0,0
3HFM_HL_Y|YH58F,0.36312544,0.41037208,0,0
3HFM_HL_Y|YH58L,1.5136731,0.642886,0,0
3HFM_HL_Y|YL50A,4.0,1.108642,0,0
"3HFM_HL_Y|YL50A,KY96A",4.0,3.199895,0,0
"3HFM_HL_Y|YL50A,KY97A",4.0,1.5060856,0,0
"3HFM_HL_Y|YL50A,RY21A",4.0,2.2920644,0,0
3HFM_HL_Y|YL50F,2.3548672,0.3444768,0,0
"3HFM_HL_Y|YL50F,RY21A",4.0,1.4422777,0,0
"3HFM_HL_Y|YL50F,YY20A",4.0,3.2913644,0,0
3HFM_HL_Y|YL50L,4.0,-0.009435962,0,0
3HFM_HL_Y|YL96A,2.707045,1.0394902,0,0
"3HFM_HL_Y|YL96A,RY21A",4.0,2.0582104,0,0
3HFM_HL_Y|YL96F,1.4017794,0.48981097,0,0
"3HFM_HL_Y|YL96F,RY21A",4.0,1.5315416,0,0
3HFM_HL_Y|YY20A,4.0,2.1434104,0,0
3HFM_HL_Y|YY20F,-0.4839681,0.56435406,0,0
3HFM_HL_Y|YY20L,2.1845057,1.5708138,0,0
3SE9_HL_G|DH77A,-0.7664817,0.38088477,0,0
3SE9_HL_G|EL90A,0.41735974,1.1582997,0,0
3SE9_HL_G|FL91A,0.023615688,0.3031968,0,0
3SE9_HL_G|GH106A,-0.3075798,0.8530892,0,0
3SE9_HL_G|GH107A,-0.6151596,0.25180545,0,0
3SE9_HL_G|GH109A,0.18514356,0.7871598,0,0
3SE9_HL_G|GH57A,0.4524448,0.38983944,0,0
3SE9_HL_G|GH62A,0.04634,0.4898167,0,0
3SE9_HL_G|GL29A,0.46369976,0.4213073,0,0
3SE9_HL_G|LH34A,0.56599987,1.9134433,0,0
3SE9_HL_G|LL89A,0.964243,1.0012887,0,0
3SE9_HL_G|NH60A,1.5217615,1.2920476,0,0
3SE9_HL_G|PH64A,-0.4419396,-0.059125826,0,0
3SE9_HL_G|RH67A,1.4695449,0.7722237,0,0
3SE9_HL_G|RH74A,2.6792572,1.1489531,0,0
3SE9_HL_G|RH76A,-0.2322162,0.81346136,0,0
3SE9_HL_G|TH105A,-0.4419396,-0.11985007,0,0
3SE9_HL_G|TH56A,-0.85929936,0.93876463,0,0
3SE9_HL_G|VH55A,-0.85929936,-0.056894924,0,0
3SE9_HL_G|VH59A,0.9833596,1.6456006,0,0
3SE9_HL_G|VL3A,-0.49433115,0.53688246,0,0
3SE9_HL_G|WH48A,1.0584464,1.0981334,0,0
3SE9_HL_G|WH51A,1.275695,1.4141153,0,0
3SE9_HL_G|YH104A,0.46369976,0.84746224,0,0
3SE9_HL_G|YL28A,1.1177194,0.3377795,0,0
4U6H_AB_E|NE21A,-0.3480795,0.3441262,0,0
4U6H_AB_E|QE25A,0.11883454,1.6174998,0,0
4ZS6_HL_A|EA156A,3.0386665,0.75665694,0,0
4ZS6_HL_A|YA160A,-0.11025046,2.2974524,0,0
1AHW_AB_C|DC167A,-0.4845926,0.8502442,0,1
"1AHW_AB_C|KC138A,DC139A",1.1814722,1.5188773,0,1
"1AHW_AB_C|KC154A,KC155A",-1.329712,1.0497696,0,1
1AHW_AB_C|LC165A,0.9869364,1.1581498,0,1
1AHW_AB_C|NC188A,1.0782224,0.5493979,0,1
"1AHW_AB_C|TC110A,KC111A",0.6388569,0.85519993,0,1
1AHW_AB_C|TC156A,-0.07411996,1.7733822,0,1
1AHW_AB_C|TC159A,1.105771,1.1559439,0,1
1AHW_AB_C|TC186A,1.345882,1.2266546,0,1
1AHW_AB_C|VC187A,-0.31423107,0.8984934,0,1
1AHW_AB_C|YC146A,-1.8890098,0.8659768,0,1
1BJ1_HL_VW|HH101Y,-1.5835956,-0.26561394,0,1
"1BJ1_HL_VW|HH101Y,YH103I,GH104A,SH105K",-0.43125325,0.886637,0,1
"1BJ1_HL_VW|HH101Y,YH103R,GH104N,SH105T",-0.7626503,1.1043997,0,1
"1BJ1_HL_VW|HH101Y,YH103R,SH105T",-1.173123,0.5075301,0,1
1BJ1_HL_VW|HH107A,0.78965265,0.5006377,0,1
"1BJ1_HL_VW|LH72I,TH74K",0.076517485,0.45109338,0,1
"1BJ1_HL_VW|LH72V,TH74V",0.6706598,0.23856297,0,1
"1BJ1_HL_VW|ML4L,TH28D,NH31H,HH101Y,SH105T",-1.52138,-0.8812919,0,1
1BJ1_HL_VW|NH31H,-0.7626503,0.10522732,0,1
1BJ1_HL_VW|SH105T,-0.39039657,0.27684563,0,1
1BJ1_HL_VW|TH28D,-0.22003505,-0.18764547,0,1
"1BJ1_HL_VW|TH28D,NH31H",-0.6929008,-0.3738504,0,1
"1BJ1_HL_VW|TH28D,NH31H,YH54W,HH101Y,SH105T",-1.2034981,-0.29064703,0,1
1BJ1_HL_VW|TH59A,0.85066694,0.6529493,0,1
1BJ1_HL_VW|YH27A,2.2425284,0.98730314,0,1
1BJ1_HL_VW|YH54A,1.3276595,0.8518609,0,1
1BJ1_HL_VW|YH54W,-0.13726985,0.2656576,0,1
1BJ1_HL_VW|YH99A,4.0,1.1521063,0,1
1DQJ_AB_C|DB32A,2.0134337,0.8523876,0,1
"1DQJ_AB_C|DB32A,KC97A",1.1223834,0.81589174,0,1
1DQJ_AB_C|DC101A,1.3765504,0.9976208,0,1
1DQJ_AB_C|KC96A,4.0,0.24190184,0,1
1DQJ_AB_C|KC97A,3.5197058,0.0014056489,0,1
1DQJ_AB_C|LC75A,1.452407,0.5053842,0,1
1DQJ_AB_C|NA31A,2.0134337,0.46175024,0,1
1DQJ_AB_C|NA32A,4.0,0.97028315,0,1
"1DQJ_AB_C|NA32A,KC96A",4.0,0.92673206,0,1
1DQJ_AB_C|NC93A,0.64987326,0.17043553,0,1
1DQJ_AB_C|RC21A,1.2137709,0.38737792,0,1
1DQJ_AB_C|SA91A,1.4318883,0.8548261,0,1
"1DQJ_AB_C|SA91A,RC21A",3.1707318,0.76282847,0,1
"1DQJ_AB_C|SA91A,YC20A",3.573092,1.5770749,0,1
1DQJ_AB_C|SC100A,0.7755829,0.8066149,0,1
1DQJ_AB_C|TC89A,0.84084374,0.62417424,0,1
1DQJ_AB_C|WB98A,4.0,1.755993,0,1
"1DQJ_AB_C|WB98A,KC97A",4.0,1.6852878,0,1
"1DQJ_AB_C|WB98A,SC100A",4.0,2.7241986,0,1
"1DQJ_AB_C|WB98A,YC20A",4.0,2.794575,0,1
1DQJ_AB_C|WC62A,0.7580786,0.8154615,0,1
1DQJ_AB_C|WC63A,1.3462692,0.65934235,0,1
1DQJ_AB_C|YA50A,2.678299,1.164864,0,1
1DQJ_AB_C|YA96A,1.135051,1.1625867,0,1
"1DQJ_AB_C|YA96A,RC21A",3.4851997,1.265106,0,1
"1DQJ_AB_C|YA96A,SC100A",0.91344726,1.7943599,0,1
1DQJ_AB_C|YB33A,4.0,2.0528638,0,1
1DQJ_AB_C|YB50A,4.0,1.6839132,0,1
1DQJ_AB_C|YB53A,1.1802781,0.47973165,0,1
"1DQJ_AB_C|YB53A,DC101A",2.727121,0.99479425,0,1
"1DQJ_AB_C|YB53A,LC75A",1.2168618,0.90187854,0,1
"1DQJ_AB_C|YB53A,WC62A",1.286308,0.9044005,0,1
"1DQJ_AB_C|YB53A,WC63A",2.1992323,0.61273634,0,1
1DQJ_AB_C|YC20A,3.2857084,1.1073598,0,1
1XGT_AB_C|LB33A,2.1988916,1.5300279,0,1
1XGT_AB_C|LB33F,-1.8617703,-0.49002418,0,1
1XGT_AB_C|LB33I,-0.061315425,-0.041892447,0,1
1XGT_AB_C|LB33V,1.0463123,0.34181967,0,1
"3BDY_HL_V|DL28N,PL30A,RL31K,SL32T,TL97S,TL98S",-0.9690793,-0.46200657,0,1
"3BDY_HL_V|DL28N,PL30A,RL31K,SL32T,TL97S,TL98S,KH31S,DH32G,TH55S,NH56E,GH101V,DH103V",-2.7154896,-2.4675329,0,1
"3BDY_HL_V|DL28N,PL30A,RL31K,SL32T,TL97S,TL98S,KH31S,DH32G,TH55S,NH56E,GH101V,DH103V,RH51A,RH60A",-2.7728782,-2.6042883,0,1
"3BDY_HL_V|DL28N,PL30A,RL31K,SL32T,YL57F,TL97S,TL98S",-0.97316396,-0.2933898,0,1
"3BDY_HL_V|DL28N,PL30A,RL31K,SL32T,YL57F,TL97S,TL98S,KH31S,DH32G,TH55S,NH56E,GH101V,DH103V",-2.727121,-2.125857,0,1
3HFM_HL_Y|DH32A,1.8982269,0.18885456,0,1
"3HFM_HL_Y|DH32A,KY97A",4.0,0.05988579,0,1
"3HFM_HL_Y|DH32A,KY97M",1.1234494,-0.24678554,0,1
3HFM_HL_Y|DH32N,0.17036153,0.063659504,0,1
"3HFM_HL_Y|DH32N,KY97A",4.0,0.04997569,0,1
"3HFM_HL_Y|DH32N,KY97M",0.3025042,-0.2819631,0,1
3HFM_HL_Y|DY101A,1.2081919,0.8818039,0,1
3HFM_HL_Y|DY101E,2.132881,0.0070665404,0,1
3HFM_HL_Y|DY101F,2.3282614,-0.112987384,0,1
3HFM_HL_Y|DY101G,0.35884774,0.56051004,0,1
3HFM_HL_Y|DY101K,2.1245396,0.42648283,0,1
3HFM_HL_Y|DY101N,1.4911126,0.4880059,0,1
3HFM_HL_Y|DY101Q,2.0851746,0.125225,0,1
3HFM_HL_Y|DY101R,2.2798727,0.30996084,0,1
3HFM_HL_Y|DY101S,1.8694,0.16988409,0,1
3HFM_HL_Y|GY102V,0.395285,-0.0441821,0,1
3HFM_HL_Y|HY15A,-0.4453172,0.09679851,0,1
3HFM_HL_Y|IY98A,0.0,0.27863473,0,1
3HFM_HL_Y|KY96A,4.0,0.15935266,0,1
3HFM_HL_Y|KY96M,4.0,-0.305791,0,1
3HFM_HL_Y|KY96R,4.0,-0.22340006,0,1
3HFM_HL_Y|KY97A,4.0,-0.033188883,0,1
3HFM_HL_Y|KY97D,4.0,-0.56623757,0,1
3HFM_HL_Y|KY97E,3.6045077,-0.69671327,0,1
3HFM_HL_Y|KY97G,4.0,-0.19705112,0,1
3HFM_HL_Y|KY97M,0.9469717,-0.6185807,0,1
3HFM_HL_Y|KY97R,3.0528512,-0.6415682,0,1
3HFM_HL_Y|LY75A,0.70445603,0.3268411,0,1
3HFM_HL_Y|NL31A,4.0,0.38003597,0,1
"3HFM_HL_Y|NL31A,KY96A",4.0,0.54919845,0,1
3HFM_HL_Y|NL31D,1.3434845,-0.32402602,0,1
3HFM_HL_Y|NL31E,4.0,-0.17781939,0,1
3HFM_HL_Y|NL32A,4.0,0.58511597,0,1
3HFM_HL_Y|NY19D,0.41047263,0.0076530837,0,1
3HFM_HL_Y|NY19K,0.2401111,0.37570116,0,1
3HFM_HL_Y|NY19Q,-0.042485796,0.18070859,0,1
3HFM_HL_Y|NY93A,0.21121821,0.108292565,0,1
3HFM_HL_Y|QL53A,0.9530879,0.3085571,0,1
3HFM_HL_Y|RY21A,0.8618019,0.34390688,0,1
3HFM_HL_Y|RY21E,2.4534352,-0.3922174,0,1
3HFM_HL_Y|RY21G,2.4220753,0.13714238,0,1
3HFM_HL_Y|RY21H,2.1693182,-0.08366096,0,1
3HFM_HL_Y|RY21K,1.766342,0.3566346,0,1
3HFM_HL_Y|RY21M,2.0498905,-0.024245718,0,1
3HFM_HL_Y|RY21N,2.3282614,0.07818337,0,1
3HFM_HL_Y|RY21Q,2.3975346,-0.24080953,0,1
3HFM_HL_Y|RY21W,2.132881,-0.21771786,0,1
3HFM_HL_Y|RY73A,-0.3313971,0.61077493,0,1
3HFM_HL_Y|SH31A,0.17036153,0.5572436,0,1
3HFM_HL_Y|SY100A,0.26765963,0.5574605,0,1
3HFM_HL_Y|TY89A,0.0,0.5620765,0,1
3HFM_HL_Y|WH98A,4.0,1.1758318,0,1
"3HFM_HL_Y|WH98A,KY96A",4.0,1.1274245,0,1
3HFM_HL_Y|WH98F,3.245562,0.24522075,0,1
"3HFM_HL_Y|WH98F,YY20A",4.0,1.1511298,0,1
3HFM_HL_Y|WY63A,0.31918663,0.681692,0,1
3HFM_HL_Y|YH33A,4.0,1.7415236,0,1
"3HFM_HL_Y|YH33A,KY97A",4.0,1.5719692,0,1
3HFM_HL_Y|YH33F,1.0712212,0.35560042,0,1
3HFM_HL_Y|YH33L,2.0069382,0.17870821,0,1
3HFM_HL_Y|YH33W,1.7495645,0.087454915,0,1
3HFM_HL_Y|YH50A,4.0,1.6667805,0,1
"3HFM_HL_Y|YH50A,RY21A",4.0,1.8987563,0,1
3HFM_HL_Y|YH50F,1.6099914,0.5900759,0,1
3HFM_HL_Y|YH50L,2.8488367,0.4466836,0,1
3HFM_HL_Y|YH53A,3.25038,0.5634713,0,1
3HFM_HL_Y|YH53F,0.62049925,0.3632737,0,1
3HFM_HL_Y|YH53L,0.8068894,0.22950143,0,1
3HFM_HL_Y|YH53W,0.7061819,0.107556775,0,1
3HFM_HL_Y|YH58A,1.6760437,0.7010916,0,1
3HFM_HL_Y|YH58F,0.36312544,0.3707101,0,1
3HFM_HL_Y|YH58L,1.5136731,0.31159142,0,1
3HFM_HL_Y|YL50A,4.0,0.75323576,0,1
"3HFM_HL_Y|YL50A,KY96A",4.0,0.6930033,0,1
"3HFM_HL_Y|YL50A,KY97A",4.0,0.6796,0,1
"3HFM_HL_Y|YL50A,RY21A",4.0,0.94505423,0,1
3HFM_HL_Y|YL50F,2.3548672,0.3452011,0,1
"3HFM_HL_Y|YL50F,RY21A",4.0,0.45748487,0,1
"3HFM_HL_Y|YL50F,YY20A",4.0,1.1212401,0,1
3HFM_HL_Y|YL50L,4.0,0.25673294,0,1
3HFM_HL_Y|YL96A,2.707045,1.0553596,0,1
"3HFM_HL_Y|YL96A,RY21A",4.0,1.2548532,0,1
3HFM_HL_Y|YL96F,1.4017794,0.5442062,0,1
"3HFM_HL_Y|YL96F,RY21A",4.0,0.6313772,0,1
3HFM_HL_Y|YY20A,4.0,0.9911971,0,1
3HFM_HL_Y|YY20F,-0.4839681,0.0791222,0,1
3HFM_HL_Y|YY20L,2.1845057,0.55575365,0,1
3SE9_HL_G|DH77A,-0.7664817,0.31602654,0,1
3SE9_HL_G|EL90A,0.41735974,1.066126,0,1
3SE9_HL_G|FL91A,0.023615688,0.7968081,0,1
3SE9_HL_G|GH106A,-0.3075798,0.73488635,0,1
3SE9_HL_G|GH107A,-0.6151596,0.69367725,0,1
3SE9_HL_G|GH109A,0.18514356,1.1264715,0,1
3SE9_HL_G|GH57A,0.4524448,0.8395272,0,1
3SE9_HL_G|GH62A,0.04634,0.8040104,0,1
3SE9_HL_G|GL29A,0.46369976,0.36058792,0,1
3SE9_HL_G|LH34A,0.56599987,1.0438046,0,1
3SE9_HL_G|LL89A,0.964243,1.77527,0,1
3SE9_HL_G|NH60A,1.5217615,1.1266006,0,1
3SE9_HL_G|PH64A,-0.4419396,0.09539728,0,1
3SE9_HL_G|RH67A,1.4695449,0.56788045,0,1
3SE9_HL_G|RH74A,2.6792572,1.0117849,0,1
3SE9_HL_G|RH76A,-0.2322162,0.22457406,0,1
3SE9_HL_G|TH105A,-0.4419396,0.12350032,0,1
3SE9_HL_G|TH56A,-0.85929936,0.7213936,0,1
3SE9_HL_G|VH55A,-0.85929936,0.40746087,0,1
3SE9_HL_G|VH59A,0.9833596,1.1673862,0,1
3SE9_HL_G|VL3A,-0.49433115,0.18269598,0,1
3SE9_HL_G|WH48A,1.0584464,1.301828,0,1
3SE9_HL_G|WH51A,1.275695,1.4086655,0,1
3SE9_HL_G|YH104A,0.46369976,1.5952516,0,1
3SE9_HL_G|YL28A,1.1177194,0.44293267,0,1
4U6H_AB_E|NE21A,-0.3480795,0.455871,0,1
4U6H_AB_E|QE25A,0.11883454,1.3908343,0,1
4ZS6_HL_A|EA156A,3.0386665,1.3425564,0,1
4ZS6_HL_A|YA160A,-0.11025046,1.8084148,0,1
1AHW_AB_C|DC167A,-0.4845926,0.2912253,0,2
"1AHW_AB_C|KC138A,DC139A",1.1814722,0.45084333,0,2
"1AHW_AB_C|KC154A,KC155A",-1.329712,0.364352,0,2
1AHW_AB_C|LC165A,0.9869364,0.37040198,0,2
1AHW_AB_C|NC188A,1.0782224,0.19581738,0,2
"1AHW_AB_C|TC110A,KC111A",0.6388569,0.42659685,0,2
1AHW_AB_C|TC156A,-0.07411996,0.37158513,0,2
1AHW_AB_C|TC159A,1.105771,0.022908472,0,2
1AHW_AB_C|TC186A,1.345882,0.3557107,0,2
1AHW_AB_C|VC187A,-0.31423107,0.281133,0,2
1AHW_AB_C|YC146A,-1.8890098,0.23170689,0,2
1BJ1_HL_VW|HH101Y,-1.5835956,-0.2994064,0,2
"1BJ1_HL_VW|HH101Y,YH103I,GH104A,SH105K",-0.43125325,0.0734233,0,2
"1BJ1_HL_VW|HH101Y,YH103R,GH104N,SH105T",-0.7626503,0.31994945,0,2
"1BJ1_HL_VW|HH101Y,YH103R,SH105T",-1.173123,-0.040058292,0,2
1BJ1_HL_VW|HH107A,0.78965265,0.27581784,0,2
"1BJ1_HL_VW|LH72I,TH74K",0.076517485,-0.17380387,0,2
"1BJ1_HL_VW|LH72V,TH74V",0.6706598,-0.3310704,0,2
"1BJ1_HL_VW|ML4L,TH28D,NH31H,HH101Y,SH105T",-1.52138,-0.62686783,0,2
1BJ1_HL_VW|NH31H,-0.7626503,-0.21484402,0,2
1BJ1_HL_VW|SH105T,-0.39039657,-0.009628501,0,2
1BJ1_HL_VW|TH28D,-0.22003505,-0.29766688,0,2
"1BJ1_HL_VW|TH28D,NH31H",-0.6929008,-0.5466889,0,2
"1BJ1_HL_VW|TH28D,NH31H,YH54W,HH101Y,SH105T",-1.2034981,-0.6818944,0,2
1BJ1_HL_VW|TH59A,0.85066694,0.14853355,0,2
1BJ1_HL_VW|YH27A,2.2425284,0.19624722,0,2
1BJ1_HL_VW|YH54A,1.3276595,0.2550993,0,2
1BJ1_HL_VW|YH54W,-0.13726985,-0.085964404,0,2
1BJ1_HL_VW|YH99A,4.0,-0.037794042,0,2
1DQJ_AB_C|DB32A,2.0134337,0.07443971,0,2
"1DQJ_AB_C|DB32A,KC97A",1.1223834,0.478072,0,2
1DQJ_AB_C|DC101A,1.3765504,0.4154591,0,2
1DQJ_AB_C|KC96A,4.0,0.18705437,0,2
1DQJ_AB_C|KC97A,3.5197058,0.3708066,0,2
1DQJ_AB_C|LC75A,1.452407,0.31643033,0,2
1DQJ_AB_C|NA31A,2.0134337,0.21425977,0,2
1DQJ_AB_C|NA32A,4.0,0.2706442,0,2
"1DQJ_AB_C|NA32A,KC96A",4.0,0.544604,0,2
1DQJ_AB_C|NC93A,0.64987326,0.36171973,0,2
1DQJ_AB_C|RC21A,1.2137709,-0.021137398,0,2
1DQJ_AB_C|SA91A,1.4318883,0.029753074,0,2
"1DQJ_AB_C|SA91A,RC21A",3.1707318,-0.028281718,0,2
"1DQJ_AB_C|SA91A,YC20A",3.573092,0.24199015,0,2
1DQJ_AB_C|SC100A,0.7755829,0.11980014,0,2
1DQJ_AB_C|TC89A,0.84084374,0.21727788,0,2
1DQJ_AB_C|WB98A,4.0,0.031174794,0,2
"1DQJ_AB_C|WB98A,KC97A",4.0,0.43627077,0,2
"1DQJ_AB_C|WB98A,SC100A",4.0,0.26080158,0,2
"1DQJ_AB_C|WB98A,YC20A",4.0,0.24298513,0,2
1DQJ_AB_C|WC62A,0.7580786,0.41401306,0,2
1DQJ_AB_C|WC63A,1.3462692,0.2673899,0,2
1DQJ_AB_C|YA50A,2.678299,0.4522391,0,2
1DQJ_AB_C|YA96A,1.135051,0.31238413,0,2
"1DQJ_AB_C|YA96A,RC21A",3.4851997,0.35376155,0,2
"1DQJ_AB_C|YA96A,SC100A",0.91344726,0.49247807,0,2
1DQJ_AB_C|YB33A,4.0,0.14050013,0,2
1DQJ_AB_C|YB50A,4.0,0.4441985,0,2
1DQJ_AB_C|YB53A,1.1802781,0.32070684,0,2
"1DQJ_AB_C|YB53A,DC101A",2.727121,0.8274526,0,2
"1DQJ_AB_C|YB53A,LC75A",1.2168618,0.60752714,0,2
"1DQJ_AB_C|YB53A,WC62A",1.286308,0.7797445,0,2
"1DQJ_AB_C|YB53A,WC63A",2.1992323,0.65033424,0,2
1DQJ_AB_C|YC20A,3.2857084,0.23704845,0,2
1XGT_AB_C|LB33A,2.1988916,0.06358472,0,2
1XGT_AB_C|LB33F,-1.8617703,-0.09185991,0,2
1XGT_AB_C|LB33I,-0.061315425,-0.047547624,0,2
1XGT_AB_C|LB33V,1.0463123,-0.017540213,0,2
"3BDY_HL_V|DL28N,PL30A,RL31K,SL32T,TL97S,TL98S",-0.9690793,-0.017234389,0,2
"3BDY_HL_V|DL28N,PL30A,RL31K,SL32T,TL97S,TL98S,KH31S,DH32G,TH55S,NH56E,GH101V,DH103V",-2.7154896,-0.8263181,0,2
"3BDY_HL_V|DL28N,PL30A,RL31K,SL32T,TL97S,TL98S,KH31S,DH32G,TH55S,NH56E,GH101V,DH103V,RH51A,RH60A",-2.7728782,-0.61340886,0,2
"3BDY_HL_V|DL28N,PL30A,RL31K,SL32T,YL57F,TL97S,TL98S",-0.97316396,0.1667304,0,2
"3BDY_HL_V|DL28N,PL30A,RL31K,SL32T,YL57F,TL97S,TL98S,KH31S,DH32G,TH55S,NH56E,GH101V,DH103V",-2.727121,-0.5306825,0,2
3HFM_HL_Y|DH32A,1.8982269,-0.088080436,0,2
"3HFM_HL_Y|DH32A,KY97A",4.0,0.5075032,0,2
"3HFM_HL_Y|DH32A,KY97M",1.1234494,0.25020808,0,2
3HFM_HL_Y|DH32N,0.17036153,-0.114709765,0,2
"3HFM_HL_Y|DH32N,KY97A",4.0,0.49403638,0,2
"3HFM_HL_Y|DH32N,KY97M",0.3025042,0.22408688,0,2
3HFM_HL_Y|DY101A,1.2081919,0.36022627,0,2
3HFM_HL_Y|DY101E,2.132881,-0.009832382,0,2
3HFM_HL_Y|DY101F,2.3282614,0.07592101,0,2
3HFM_HL_Y|DY101G,0.35884774,0.00574553,0,2
3HFM_HL_Y|DY101K,2.1245396,0.10292048,0,2
3HFM_HL_Y|DY101N,1.4911126,0.12214362,0,2
3HFM_HL_Y|DY101Q,2.0851746,0.08923329,0,2
3HFM_HL_Y|DY101R,2.2798727,0.022915043,0,2
3HFM_HL_Y|DY101S,1.8694,0.119836725,0,2
3HFM_HL_Y|GY102V,0.395285,0.1270312,0,2
3HFM_HL_Y|HY15A,-0.4453172,0.22857168,0,2
3HFM_HL_Y|IY98A,0.0,0.35530064,0,2
3HFM_HL_Y|KY96A,4.0,0.28772846,0,2
3HFM_HL_Y|KY96M,4.0,0.14861396,0,2
3HFM_HL_Y|KY96R,4.0,0.09672385,0,2
3HFM_HL_Y|KY97A,4.0,0.49396944,0,2
3HFM_HL_Y|KY97D,4.0,0.14442232,0,2
3HFM_HL_Y|KY97E,3.6045077,0.059218325,0,2
3HFM_HL_Y|KY97G,4.0,0.37783378,0,2
3HFM_HL_Y|KY97M,0.9469717,0.27625328,0,2
3HFM_HL_Y|KY97R,3.0528512,0.20289338,0,2
3HFM_HL_Y|LY75A,0.70445603,0.38693956,0,2
3HFM_HL_Y|NL31A,4.0,0.12370332,0,2
"3HFM_HL_Y|NL31A,KY96A",4.0,0.49675614,0,2
3HFM_HL_Y|NL31D,1.3434845,-0.026920505,0,2
3HFM_HL_Y|NL31E,4.0,-0.057320215,0,2
3HFM_HL_Y|NL32A,4.0,0.4192822,0,2
3HFM_HL_Y|NY19D,0.41047263,-0.027884845,0,2
3HFM_HL_Y|NY19K,0.2401111,0.12043094,0,2
3HFM_HL_Y|NY19Q,-0.042485796,0.08313774,0,2
3HFM_HL_Y|NY93A,0.21121821,0.40000367,0,2
3HFM_HL_Y|QL53A,0.9530879,0.27335137,0,2
3HFM_HL_Y|RY21A,0.8618019,0.121710606,0,2
3HFM_HL_Y|RY21E,2.4534352,-0.21531588,0,2
3HFM_HL_Y|RY21G,2.4220753,0.036268942,0,2
3HFM_HL_Y|RY21H,2.1693182,-0.079684764,0,2
3HFM_HL_Y|RY21K,1.766342,-0.059115596,0,2
3HFM_HL_Y|RY21M,2.0498905,-0.0145635605,0,2
3HFM_HL_Y|RY21N,2.3282614,-0.050404362,0,2
3HFM_HL_Y|RY21Q,2.3975346,-0.107981175,0,2
3HFM_HL_Y|RY21W,2.132881,-0.037368264,0,2
3HFM_HL_Y|RY73A,-0.3313971,0.5802914,0,2
3HFM_HL_Y|SH31A,0.17036153,0.0013927743,0,2
3HFM_HL_Y|SY100A,0.26765963,0.19315201,0,2
3HFM_HL_Y|TY89A,0.0,0.31585684,0,2
3HFM_HL_Y|WH98A,4.0,0.12830901,0,2
"3HFM_HL_Y|WH98A,KY96A",4.0,0.5075229,0,2
3HFM_HL_Y|WH98F,3.245562,-0.21274948,0,2
"3HFM_HL_Y|WH98F,YY20A",4.0,0.16027096,0,2
3HFM_HL_Y|WY63A,0.31918663,0.2504601,0,2
3HFM_HL_Y|YH33A,4.0,0.07390251,0,2
"3HFM_HL_Y|YH33A,KY97A",4.0,0.59258264,0,2
3HFM_HL_Y|YH33F,1.0712212,-0.08392525,0,2
3HFM_HL_Y|YH33L,2.0069382,-0.03858891,0,2
3HFM_HL_Y|YH33W,1.7495645,-0.18284535,0,2
3HFM_HL_Y|YH50A,4.0,0.31977656,0,2
"3HFM_HL_Y|YH50A,RY21A",4.0,0.49484044,0,2
3HFM_HL_Y|YH50F,1.6099914,0.16582486,0,2
3HFM_HL_Y|YH50L,2.8488367,0.20185283,0,2
3HFM_HL_Y|YH53A,3.25038,0.20873865,0,2
3HFM_HL_Y|YH53F,0.62049925,-0.026828028,0,2
3HFM_HL_Y|YH53L,0.8068894,0.057160757,0,2
3HFM_HL_Y|YH53W,0.7061819,-0.15539624,0,2
3HFM_HL_Y|YH58A,1.6760437,0.55308515,0,2
3HFM_HL_Y|YH58F,0.36312544,0.22121987,0,2
3HFM_HL_Y|YH58L,1.5136731,0.33749735,0,2
3HFM_HL_Y|YL50A,4.0,0.29953665,0,2
"3HFM_HL_Y|YL50A,KY96A",4.0,0.7282645,0,2
"3HFM_HL_Y|YL50A,KY97A",4.0,0.9267395,0,2
"3HFM_HL_Y|YL50A,RY21A",4.0,0.4904768,0,2
3HFM_HL_Y|YL50F,2.3548672,0.101472534,0,2
"3HFM_HL_Y|YL50F,RY21A",4.0,0.29681426,0,2
"3HFM_HL_Y|YL50F,YY20A",4.0,0.45014137,0,2
3HFM_HL_Y|YL50L,4.0,0.10726344,0,2
3HFM_HL_Y|YL96A,2.707045,0.29600555,0,2
"3HFM_HL_Y|YL96A,RY21A",4.0,0.48639548,0,2
3HFM_HL_Y|YL96F,1.4017794,0.0961652,0,2
"3HFM_HL_Y|YL96F,RY21A",4.0,0.30423525,0,2
3HFM_HL_Y|YY20A,4.0,0.2512155,0,2
3HFM_HL_Y|YY20F,-0.4839681,-0.08005795,0,2
3HFM_HL_Y|YY20L,2.1845057,0.085815735,0,2
3SE9_HL_G|DH77A,-0.7664817,0.18011072,0,2
3SE9_HL_G|EL90A,0.41735974,0.10623317,0,2
3SE9_HL_G|FL91A,0.023615688,0.47412425,0,2
3SE9_HL_G|GH106A,-0.3075798,-0.031718478,0,2
3SE9_HL_G|GH107A,-0.6151596,0.06101171,0,2
3SE9_HL_G|GH109A,0.18514356,-0.03513992,0,2
3SE9_HL_G|GH57A,0.4524448,0.16714418,0,2
3SE9_HL_G|GH62A,0.04634,0.0739514,0,2
3SE9_HL_G|GL29A,0.46369976,0.008425318,0,2
3SE9_HL_G|LH34A,0.56599987,0.29716885,0,2
3SE9_HL_G|LL89A,0.964243,0.07636578,0,2
3SE9_HL_G|NH60A,1.5217615,0.28815928,0,2
3SE9_HL_G|PH64A,-0.4419396,0.37746546,0,2
3SE9_HL_G|RH67A,1.4695449,0.01038263,0,2
3SE9_HL_G|RH74A,2.6792572,0.11863623,0,2
3SE9_HL_G|RH76A,-0.2322162,0.12753823,0,2
3SE9_HL_G|TH105A,-0.4419396,-0.19947213,0,2
3SE9_HL_G|TH56A,-0.85929936,0.123384334,0,2
3SE9_HL_G|VH55A,-0.85929936,0.15686011,0,2
3SE9_HL_G|VH59A,0.9833596,0.5689323,0,2
3SE9_HL_G|VL3A,-0.49433115,0.14818457,0,2
3SE9_HL_G|WH48A,1.0584464,0.14136052,0,2
3SE9_HL_G|WH51A,1.275695,0.35042632,0,2
3SE9_HL_G|YH104A,0.46369976,0.5097452,0,2
3SE9_HL_G|YL28A,1.1177194,0.22829679,0,2
4U6H_AB_E|NE21A,-0.3480795,0.21599299,0,2
4U6H_AB_E|QE25A,0.11883454,0.3338858,0,2
4ZS6_HL_A|EA156A,3.0386665,0.27128074,0,2
4ZS6_HL_A|YA160A,-0.11025046,0.49524438,0,2
1KIP_AB_C|AB32Y,-0.8005932,-0.60530645,1,0
1XGU_AB_C|FB33A,4.0,0.09787273,1,0
1XGU_AB_C|FB33I,1.8004549,-0.05635739,1,0
1XGU_AB_C|FB33L,1.8617703,-0.1013965,1,0
1XGU_AB_C|FB33V,2.9080825,-0.102988,1,0
2B2X_HL_A|EH64K,-0.033433665,-0.26643836,1,0
"2B2X_HL_A|EH64K,QL28S,YL52N",0.911615,0.42368853,1,0
"2B2X_HL_A|EH64K,QL28S,YL52N,GH102S",2.7106705,0.43831035,1,0
"2B2X_HL_A|EH64K,QL28S,YL52N,SH35A",3.119054,0.5715831,1,0
"2B2X_HL_A|EH64K,QL28S,YL52N,SH35V",3.770335,0.4314284,1,0
"2B2X_HL_A|EH64K,YL52N",0.34853002,0.057140782,1,0
"2B2X_HL_A|QL28S,YL52N",0.8626942,0.24917762,1,0
2B2X_HL_A|VH50T,0.024054652,-0.174991,1,0
"2B2X_HL_A|VH50T,EH64D,QL28S,YL52N",0.87177193,0.35067478,1,0
"2B2X_HL_A|VH50T,EH64K,QL28S",0.991589,0.292828,1,0
"2B2X_HL_A|VH50T,EH64K,QL28S,YL52D",1.5439764,0.4401998,1,0
"2B2X_HL_A|VH50T,EH64K,QL28S,YL52E",0.95452905,0.41318807,1,0
"2B2X_HL_A|VH50T,EH64K,QL28S,YL52K",1.7007239,0.36174273,1,0
"2B2X_HL_A|VH50T,EH64K,QL28S,YL52N",1.043214,0.48033273,1,0
"2B2X_HL_A|VH50T,EH64K,QL28S,YL52N,FH99W",1.043214,0.4303165,1,0
"2B2X_HL_A|VH50T,EH64K,QL28S,YL52N,FH99Y",1.7978828,0.38760594,1,0
"2B2X_HL_A|VH50T,EH64K,QL28S,YL52N,GH100F",1.4322319,0.32490212,1,0
"2B2X_HL_A|VH50T,EH64K,QL28S,YL52N,GH100L",3.770335,0.39141414,1,0
"2B2X_HL_A|VH50T,EH64K,QL28S,YL52N,GH100M",1.145348,0.32426146,1,0
"2B2X_HL_A|VH50T,EH64K,QL28S,YL52N,GH100S",1.6009614,0.43661308,1,0
"2B2X_HL_A|VH50T,EH64K,QL28S,YL52N,GH53A",1.5558206,0.5706876,1,0
"2B2X_HL_A|VH50T,EH64K,QL28S,YL52N,GH53N",2.2985272,0.5332647,1,0
"2B2X_HL_A|VH50T,EH64K,QL28S,YL52N,GH53S",1.7188073,0.55633724,1,0
"2B2X_HL_A|VH50T,EH64K,QL28S,YL52N,GH54I",2.4067745,0.4856436,1,0
"2B2X_HL_A|VH50T,EH64K,QL28S,YL52N,GH54T",2.2073808,0.5484394,1,0
"2B2X_HL_A|VH50T,EH64K,QL28S,YL52N,GH54Y",1.043214,0.40207374,1,0
"2B2X_HL_A|VH50T,EH64K,QL28S,YL52N,GL92Q",2.6158988,0.4028359,1,0
"2B2X_HL_A|VH50T,EH64K,QL28S,YL52N,GL92S",1.5558206,0.4529052,1,0
"2B2X_HL_A|VH50T,EH64K,QL28S,YL52N,HL31K",2.2073808,0.5633465,1,0
"2B2X_HL_A|VH50T,EH64K,QL28S,YL52N,HL31R",2.1670115,0.4886754,1,0
"2B2X_HL_A|VH50T,EH64K,QL28S,YL52N,HL31W",2.2985272,0.4610448,1,0
"2B2X_HL_A|VH50T,EH64K,QL28S,YL52N,LH60D",0.981894,0.49639013,1,0
"2B2X_HL_A|VH50T,EH64K,QL28S,YL52N,LL49F",1.7554936,0.48271328,1,0
"2B2X_HL_A|VH50T,EH64K,QL28S,YL52N,LL49K",1.9044149,0.44746426,1,0
"2B2X_HL_A|VH50T,EH64K,QL28S,YL52N,LL49W",2.9507816,0.3589179,1,0
"2B2X_HL_A|VH50T,EH64K,QL28S,YL52N,NL30V",2.0925434,0.4959521,1,0
"2B2X_HL_A|VH50T,EH64K,QL28S,YL52N,NL30W",2.6158988,0.4967462,1,0
"2B2X_HL_A|VH50T,EH64K,QL28S,YL52N,NL30Y",2.9507816,0.43371576,1,0
"2B2X_HL_A|VH50T,EH64K,QL28S,YL52N,NL30Y,SL91I",1.4775821,0.46090618,1,0
"2B2X_HL_A|VH50T,EH64K,QL28S,YL52N,RH31Q",2.350542,0.594035,1,0
"2B2X_HL_A|VH50T,EH64K,QL28S,YL52N,SH35A",2.6158988,0.57689315,1,0
"2B2X_HL_A|VH50T,EH64K,QL28S,YL52N,SH35A,GH102S",2.6158988,0.51490587,1,0
"2B2X_HL_A|VH50T,EH64K,QL28S,YL52N,SH35Q",3.770335,0.3707695,1,0
"2B2X_HL_A|VH50T,EH64K,QL28S,YL52N,SH35V,GH102S",2.4688888,0.43778902,1,0
"2B2X_HL_A|VH50T,EH64K,QL28S,YL52N,SH52M",3.119054,0.41787076,1,0
"2B2X_HL_A|VH50T,EH64K,QL28S,YL52N,SL24R",0.82788163,0.3608071,1,0
"2B2X_HL_A|VH50T,EH64K,QL28S,YL52N,SL91Q",2.8172472,0.4836668,1,0
"2B2X_HL_A|VH50T,EH64K,QL28S,YL52N,SL91R",3.770335,0.48653743,1,0
"2B2X_HL_A|VH50T,EH64K,QL28S,YL52N,SL91R,NL30E",3.770335,0.5174757,1,0
"2B2X_HL_A|VH50T,EH64K,QL28S,YL52N,SL91T",3.3598623,0.4957005,1,0
"2B2X_HL_A|VH50T,EH64K,QL28S,YL52N,TH33E,GH53Q",2.7106705,0.46871406,1,0
"2B2X_HL_A|VH50T,EH64K,QL28S,YL52N,TH33I,SH52T,GH53N,GH54N",2.9507816,0.49077633,1,0
"2B2X_HL_A|VH50T,EH64K,QL28S,YL52N,TH33I,SH52T,GH53Q,GH54F",2.2985272,0.5463675,1,0
"2B2X_HL_A|VH50T,EH64K,QL28S,YL52N,TH33N",3.770335,0.44478992,1,0
"2B2X_HL_A|VH50T,EH64K,QL28S,YL52N,TH33V",1.4775821,0.42678624,1,0
"2B2X_HL_A|VH50T,EH64K,QL28S,YL52N,WL90Q",3.119054,0.6975187,1,0
"2B2X_HL_A|VH50T,EH64K,QL28S,YL52N,WL90Q,FL33Y",1.914233,0.60447794,1,0
"2B2X_HL_A|VH50T,EH64K,QL28S,YL52N,YH58E",3.119054,0.6863624,1,0
"2B2X_HL_A|VH50T,EH64K,QL28S,YL52N,YH58Q",3.119054,0.69348,1,0
"2B2X_HL_A|VH50T,EH64K,QL28S,YL52N,YH58W",1.8641591,0.57230455,1,0
"2B2X_HL_A|VH50T,EH64K,QL28S,YL52N,YH59E",1.5872209,0.55765986,1,0
"2B2X_HL_A|VH50T,EH64K,QL28S,YL52R",1.8880546,0.27794415,1,0
"2B2X_HL_A|VH50T,EH64K,YL52N",0.28173435,0.16848026,1,0
"2B2X_HL_A|VH50T,EH64N,QL28S,YL52N",1.0069425,0.39536268,1,0
"2B2X_HL_A|VH50T,EH64Q,QL28S,YL52N",0.96559924,0.37376624,1,0
"2B2X_HL_A|VH50T,EH64Q,QL28S,YL52N,LH60D",1.0862032,0.37463936,1,0
"2B2X_HL_A|VH50T,QL28S,YL52N",0.96559924,0.3031264,1,0
"2B2X_HL_A|VH50T,QL28S,YL52N,LH60D",0.90141344,0.30559132,1,0
"2B2X_HL_A|VH50T,YL52N",0.18636756,0.05477593,1,0
2B2X_HL_A|YL52E,-0.22410508,-0.06980213,1,0
2VIR_AB_C|SC115L,3.680209,0.017968973,1,0
2VIR_AB_C|TC89I,4.0,-0.057195492,1,0
"3G6D_LH_A|EL3V,GL76R,TL77V,QL78E,EL80G",0.13981691,-0.2690859,1,0
"3G6D_LH_A|EL3V,GL76R,TL77V,QL78E,EL80G,DH54N",0.111178115,-0.19842938,1,0
"3G6D_LH_A|EL3V,GL76R,TL77V,QL78E,EL80G,TL89S,ML92I,VL93D,TL94K",0.27145106,-0.5777321,1,0
3G6D_LH_A|HH104A,-0.9530879,0.25926816,1,0
"3G6D_LH_A|KH210T,KH215T",-0.13294782,0.29110032,1,0
"3G6D_LH_A|TL89S,ML92I,VL93D,TL94K",0.7979767,-0.2794561,1,0
3G6D_LH_A|WH105A,-1.4965084,0.5102726,1,0
"3IDX_HL_G|CG27I,CG242Q",-2.4650376,-0.30633128,1,0
"3IDX_HL_G|CG27I,CG242Q,MG247A",-2.1736174,-0.1257381,1,0
"3IDX_HL_G|KG85C,EG121C,CG27I,CG242Q",-2.3776865,-0.057693966,1,0
"3IDX_HL_G|KG85C,EG121C,WG13M,MG247A,CG14W,CG129V,CG27I,CG242Q",-2.1922898,-0.019039681,1,0
"3IDX_HL_G|KG85C,EG122C,WG13M,MG247A,CG14W,CG129V,CG27I,CG242Q",-2.2927184,-0.008965833,1,0
"3IDX_HL_G|TG41C,GG245C,MG247A",0.40945426,0.08689228,1,0
"3IDX_HL_G|TG41C,GG245C,WG13M,MG247A,CG14W,CG129V,CG27I,CG242Q",-2.3310676,-0.3640161,1,0
"3IDX_HL_G|WG13M,MG247A,CG14W,CG129V",-0.6475391,0.08205791,1,0
"3IDX_HL_G|WG13M,MG247A,CG14W,CG129V,CG27I,CG242Q",-2.3479884,-0.18844625,1,0
"3IDX_HL_G|WG13M,MG247A,CG14W,CG129V,KG85C,EG121C",-0.36166522,0.38302156,1,0
"3IDX_HL_G|WG13M,SG111T,WG200S,MG247A,CG14W,CG129V,CG27I,CG242Q",-1.8639641,-0.14320607,1,0
"3L5X_A_HL|EL93F,YL94G",-0.42800838,0.17526977,1,0
"3L5X_A_HL|EL93H,YL94G",-0.7626503,0.14934118,1,0
"3L5X_A_HL|HL91P,NL92I,EL93D,YL94A",-0.6466697,0.56604576,1,0
"3L5X_A_HL|HL91P,NL92L,EL93D,YL94S",-0.6327897,0.46866316,1,0
"3L5X_A_HL|HL91P,NL92L,EL93D,YL94T",-0.81005055,0.42264616,1,0
"3L5X_A_HL|HL91P,NL92L,EL93D,YL94V",-0.85822237,0.40982118,1,0
"3L5X_A_HL|HL91P,NL92L,YL94A",-0.44441348,0.6216303,1,0
"3L5X_A_HL|HL91Q,NL92D,EL93I,YL94G",-1.5503801,0.08398646,1,0
"3L5X_A_HL|HL91Q,NL92D,EL93L,YL94G",-1.785132,0.046485953,1,0
"3L5X_A_HL|HL91Q,NL92D,EL93Y,YL94G",-1.451453,-0.14457007,1,0
"3L5X_A_HL|NL92D,EL93L,YL94G",-0.42962858,0.016751716,1,0
"3L5X_A_HL|NL92D,EL93N,YL94S",-0.53403836,0.18557763,1,0
"3L5X_A_HL|NL92D,EL93P,YL94G",-1.4699602,0.2965015,1,0
"3L5X_A_HL|NL92D,EL93R,YL94D",-0.52253926,0.11771464,1,0
"3L5X_A_HL|NL92D,EL93W,YL94E",-1.1963489,-0.16044715,1,0
"3L5X_A_HL|NL92D,EL93W,YL94G",-1.6825228,-0.1401216,1,0
"3L5X_A_HL|NL92D,EL93W,YL94S",-0.71612674,0.0011518784,1,0
"3L5X_A_HL|NL92D,EL93Y,YL94A",-0.8069743,0.05219817,1,0
"3L5X_A_HL|NL92E,EL93S,YL94G",-1.2653587,0.018994583,1,0
"3L5X_A_HL|NL92E,EL93W,YL94G",-1.5503801,-0.20702466,1,0
"3L5X_A_HL|NL92F,EL93W,YL94G",-1.2329907,-0.107799515,1,0
"3L5X_A_HL|NL92L,EL93D,YL94S",-0.6170473,0.14265274,1,0
"3L5X_A_HL|NL92L,EL93L,YL94G",-0.6259698,0.09511187,1,0
"3L5X_A_HL|NL92L,EL93M,YL94G",-0.82567644,0.07118229,1,0
"3L5X_A_HL|NL92L,EL93N,YL94G",-0.6954369,0.080339685,1,0
"3L5X_A_HL|NL92S,EL93H,YL94G",-1.2457265,0.1627835,1,0
"3L5X_A_HL|NL92S,EL93I,YL94G",-0.8069743,0.24448808,1,0
"3L5X_A_HL|NL92S,EL93S,YL94G",-0.24921271,0.24604802,1,0
"3L5X_A_HL|NL92S,EL93V,YL94G",-0.51687235,0.20615225,1,0
"3L5X_A_HL|NL92S,EL93W,YL94A",-0.30302802,0.25631493,1,0
"3L5X_A_HL|NL92S,EL93W,YL94G",-1.2720501,0.02463788,1,0
"3L5X_A_HL|NL92S,EL93Y,YL94G",-0.9641868,-0.014322927,1,0
"3L5X_A_HL|NL92V,EL93G,YL94G",-0.46300006,0.0514478,1,0
"3L5X_A_HL|NL92V,EL93W,YL94G",-0.83525383,-0.07818879,1,0
3L5X_A_HL|YL94A,-0.82885176,0.24734916,1,0
3N85_A_LH|SH32A,-0.13401966,-0.029519292,1,0
3N85_A_LH|SH32Y,0.0571225,-0.3723703,1,0
3N85_A_LH|SH50G,0.48767117,-0.19098663,1,0
3N85_A_LH|SH52Y,-0.78460336,-0.41101438,1,0
3N85_A_LH|WH100F,-0.015185109,0.10989608,1,0
3N85_A_LH|WH30K,-0.78460336,0.015765147,1,0
3N85_A_LH|WH30R,-0.5539675,-0.08587755,1,0
3N85_A_LH|WL91F,0.13959166,0.28620055,1,0
3N85_A_LH|WL94Y,-0.03871881,-0.14221872,1,0
3SE8_HL_G|DH110A,-0.38934898,0.10568286,1,0
3SE8_HL_G|DH114A,-0.2441398,0.15973923,1,0
3SE8_HL_G|DL49A,0.8558488,0.19937363,1,0
3SE8_HL_G|EL1A,-0.5565174,-0.005035626,1,0
3SE8_HL_G|EL91A,1.513491,0.31234688,1,0
3SE8_HL_G|FH115A,1.0676043,0.045077577,1,0
3SE8_HL_G|FL90A,-0.8640972,0.16707791,1,0
3SE8_HL_G|FL92A,0.8323254,0.053659707,1,0
3SE8_HL_G|GH56A,0.3570972,-0.026652286,1,0
3SE8_HL_G|KH52A,1.1114144,0.5078776,1,0
3SE8_HL_G|LH54A,0.054776184,0.18354939,1,0
3SE8_HL_G|NL30A,0.19434923,0.0498631,1,0
3SE8_HL_G|PH78A,0.01881787,0.02949289,1,0
3SE8_HL_G|PH81A,-0.07091986,0.004397234,1,0
3SE8_HL_G|QH63A,1.1144251,0.05378338,1,0
3SE8_HL_G|QH65A,0.54980505,0.17938712,1,0
3SE8_HL_G|QH76A,0.09689985,0.51857066,1,0
3SE8_HL_G|QL27A,-0.21612903,0.13658647,1,0
3SE8_HL_G|RH30A,-0.03949762,0.24957688,1,0
3SE8_HL_G|RH62A,1.2061691,0.3669781,1,0
3SE8_HL_G|RH72A,2.6444623,0.32581,1,0
3SE8_HL_G|SH59A,1.1508402,0.12997605,1,0
3SE8_HL_G|VH58A,1.2496852,0.33183923,1,0
3SE8_HL_G|WH47A,1.4751467,0.42006588,1,0
3SE8_HL_G|WH50A,1.333526,0.3705829,1,0
3SE8_HL_G|WH55A,0.7611056,0.554089,1,0
3SE8_HL_G|YH111A,0.82992166,0.34927386,1,0
3SE8_HL_G|YH60A,0.8558488,0.3086838,1,0
4KRL_A_B|DB112A,0.6496817,0.26598212,1,0
5C6T_HL_A|EA194A,1.0906719,0.13350861,1,0
5C6T_HL_A|FA192A,1.9972014,0.6065351,1,0
5C6T_HL_A|FA199A,2.7581792,0.3921985,1,0
5C6T_HL_A|FA200A,0.41047263,0.21494989,1,0
5C6T_HL_A|FH99A,1.4600298,0.08276908,1,0
5C6T_HL_A|IA201A,0.88561165,0.14898603,1,0
5C6T_HL_A|NA183A,0.28399685,0.27590838,1,0
5C6T_HL_A|NA186A,0.3630724,0.23469613,1,0
5C6T_HL_A|NA188A,-0.36658686,0.2709922,1,0
"5C6T_HL_A|NA195A,DA197A",0.58650106,0.67638326,1,0
5C6T_HL_A|NH97A,1.5258962,-0.034525853,1,0
5C6T_HL_A|RH31S,0.3115454,-0.07238521,1,0
5C6T_HL_A|RL48A,0.1229613,0.5221098,1,0
5C6T_HL_A|SH32A,-0.8683455,0.11703953,1,0
5C6T_HL_A|TA185A,0.33786914,0.15350384,1,0
5C6T_HL_A|YA182A,3.2083547,0.30858532,1,0
"5C6T_HL_A|YA182A,NA195A,DA197A",2.942425,1.1197551,1,0
5C6T_HL_A|YH104A,0.3630724,0.40278435,1,0
5C6T_HL_A|YH98A,1.7166799,0.33940917,1,0
5C6T_HL_A|YL47A,0.5516565,0.35675567,1,0
1KIP_AB_C|AB32Y,-0.8005932,-1.1726108,1,1
1XGU_AB_C|FB33A,4.0,4.1519227,1,1
1XGU_AB_C|FB33I,1.8004549,2.5533807,1,1
1XGU_AB_C|FB33L,1.8617703,2.4781647,1,1
1XGU_AB_C|FB33V,2.9080825,3.4363532,1,1
2B2X_HL_A|EH64K,-0.033433665,0.39690486,1,1
"2B2X_HL_A|EH64K,QL28S,YL52N",0.911615,0.88249165,1,1
"2B2X_HL_A|EH64K,QL28S,YL52N,GH102S",2.7106705,1.1337731,1,1
"2B2X_HL_A|EH64K,QL28S,YL52N,SH35A",3.119054,1.0123944,1,1
"2B2X_HL_A|EH64K,QL28S,YL52N,SH35V",3.770335,0.9973135,1,1
"2B2X_HL_A|EH64K,YL52N",0.34853002,0.6496496,1,1
"2B2X_HL_A|QL28S,YL52N",0.8626942,0.397847,1,1
2B2X_HL_A|VH50T,0.024054652,-0.5307547,1,1
"2B2X_HL_A|VH50T,EH64D,QL28S,YL52N",0.87177193,0.5482809,1,1
"2B2X_HL_A|VH50T,EH64K,QL28S",0.991589,0.74385595,1,1
"2B2X_HL_A|VH50T,EH64K,QL28S,YL52D",1.5439764,0.91060513,1,1
"2B2X_HL_A|VH50T,EH64K,QL28S,YL52E",0.95452905,0.9901924,1,1
"2B2X_HL_A|VH50T,EH64K,QL28S,YL52K",1.7007239,1.6240394,1,1
"2B2X_HL_A|VH50T,EH64K,QL28S,YL52N",1.043214,1.0561044,1,1
"2B2X_HL_A|VH50T,EH64K,QL28S,YL52N,FH99W",1.043214,1.2200248,1,1
"2B2X_HL_A|VH50T,EH64K,QL28S,YL52N,FH99Y",1.7978828,0.96297395,1,1
"2B2X_HL_A|VH50T,EH64K,QL28S,YL52N,GH100F",1.4322319,0.73318285,1,1
"2B2X_HL_A|VH50T,EH64K,QL28S,YL52N,GH100L",3.770335,0.9842107,1,1
"2B2X_HL_A|VH50T,EH64K,QL28S,YL52N,GH100M",1.145348,1.1472667,1,1
"2B2X_HL_A|VH50T,EH64K,QL28S,YL52N,GH100S",1.6009614,1.2463462,1,1
"2B2X_HL_A|VH50T,EH64K,QL28S,YL52N,GH53A",1.5558206,0.8910384,1,1
"2B2X_HL_A|VH50T,EH64K,QL28S,YL52N,GH53N",2.2985272,1.1729795,1,1
"2B2X_HL_A|VH50T,EH64K,QL28S,YL52N,GH53S",1.7188073,1.1504376,1,1
"2B2X_HL_A|VH50T,EH64K,QL28S,YL52N,GH54I",2.4067745,1.0579594,1,1
"2B2X_HL_A|VH50T,EH64K,QL28S,YL52N,GH54T",2.2073808,1.2119497,1,1
"2B2X_HL_A|VH50T,EH64K,QL28S,YL52N,GH54Y",1.043214,0.7792083,1,1
"2B2X_HL_A|VH50T,EH64K,QL28S,YL52N,GL92Q",2.6158988,1.2644248,1,1
"2B2X_HL_A|VH50T,EH64K,QL28S,YL52N,GL92S",1.5558206,1.1648277,1,1
"2B2X_HL_A|VH50T,EH64K,QL28S,YL52N,HL31K",2.2073808,1.5273681,1,1
"2B2X_HL_A|VH50T,EH64K,QL28S,YL52N,HL31R",2.1670115,1.1085829,1,1
"2B2X_HL_A|VH50T,EH64K,QL28S,YL52N,HL31W",2.2985272,1.0402997,1,1
"2B2X_HL_A|VH50T,EH64K,QL28S,YL52N,LH60D",0.981894,0.85480726,1,1
"2B2X_HL_A|VH50T,EH64K,QL28S,YL52N,LL49F",1.7554936,1.1853731,1,1
"2B2X_HL_A|VH50T,EH64K,QL28S,YL52N,LL49K",1.9044149,1.69739,1,1
"2B2X_HL_A|VH50T,EH64K,QL28S,YL52N,LL49W",2.9507816,1.4797512,1,1
"2B2X_HL_A|VH50T,EH64K,QL28S,YL52N,NL30V",2.0925434,1.0708319,1,1
"2B2X_HL_A|VH50T,EH64K,QL28S,YL52N,NL30W",2.6158988,1.3607428,1,1
"2B2X_HL_A|VH50T,EH64K,QL28S,YL52N,NL30Y",2.9507816,1.0078182,1,1
"2B2X_HL_A|VH50T,EH64K,QL28S,YL52N,NL30Y,SL91I",1.4775821,0.8764516,1,1
"2B2X_HL_A|VH50T,EH64K,QL28S,YL52N,RH31Q",2.350542,1.1514597,1,1
"2B2X_HL_A|VH50T,EH64K,QL28S,YL52N,SH35A",2.6158988,1.2189932,1,1
"2B2X_HL_A|VH50T,EH64K,QL28S,YL52N,SH35A,GH102S",2.6158988,1.4673674,1,1
"2B2X_HL_A|VH50T,EH64K,QL28S,YL52N,SH35Q",3.770335,1.4399477,1,1
"2B2X_HL_A|VH50T,EH64K,QL28S,YL52N,SH35V,GH102S",2.4688888,1.4617876,1,1
"2B2X_HL_A|VH50T,EH64K,QL28S,YL52N,SH52M",3.119054,1.0939815,1,1
"2B2X_HL_A|VH50T,EH64K,QL28S,YL52N,SL24R",0.82788163,0.9786079,1,1
"2B2X_HL_A|VH50T,EH64K,QL28S,YL52N,SL91Q",2.8172472,1.3757188,1,1
"2B2X_HL_A|VH50T,EH64K,QL28S,YL52N,SL91R",3.770335,0.82652694,1,1
"2B2X_HL_A|VH50T,EH64K,QL28S,YL52N,SL91R,NL30E",3.770335,1.0676569,1,1
"2B2X_HL_A|VH50T,EH64K,QL28S,YL52N,SL91T",3.3598623,1.2148995,1,1
"2B2X_HL_A|VH50T,EH64K,QL28S,YL52N,TH33E,GH53Q",2.7106705,1.3231274,1,1
"2B2X_HL_A|VH50T,EH64K,QL28S,YL52N,TH33I,SH52T,GH53N,GH54N",2.9507816,1.591245,1,1
"2B2X_HL_A|VH50T,EH64K,QL28S,YL52N,TH33I,SH52T,GH53Q,GH54F",2.2985272,1.3094298,1,1
"2B2X_HL_A|VH50T,EH64K,QL28S,YL52N,TH33N",3.770335,1.5199883,1,1
"2B2X_HL_A|VH50T,EH64K,QL28S,YL52N,TH33V",1.4775821,1.0555059,1,1
"2B2X_HL_A|VH50T,EH64K,QL28S,YL52N,WL90Q",3.119054,1.3909434,1,1
"2B2X_HL_A|VH50T,EH64K,QL28S,YL52N,WL90Q,FL33Y",1.914233,1.235836,1,1
"2B2X_HL_A|VH50T,EH64K,QL28S,YL52N,YH58E",3.119054,1.2917452,1,1
"2B2X_HL_A|VH50T,EH64K,QL28S,YL52N,YH58Q",3.119054,1.6664675,1,1
"2B2X_HL_A|VH50T,EH64K,QL28S,YL52N,YH58W",1.8641591,1.3816863,1,1
"2B2X_HL_A|VH50T,EH64K,QL28S,YL52N,YH59E",1.5872209,1.2981076,1,1
"2B2X_HL_A|VH50T,EH64K,QL28S,YL52R",1.8880546,1.1870306,1,1
"2B2X_HL_A|VH50T,EH64K,YL52N",0.28173435,0.8024802,1,1
"2B2X_HL_A|VH50T,EH64N,QL28S,YL52N",1.0069425,0.79083544,1,1
"2B2X_HL_A|VH50T,EH64Q,QL28S,YL52N",0.96559924,0.71296054,1,1
"2B2X_HL_A|VH50T,EH64Q,QL28S,YL52N,LH60D",1.0862032,0.56678796,1,1
"2B2X_HL_A|VH50T,QL28S,YL52N",0.96559924,0.45545295,1,1
"2B2X_HL_A|VH50T,QL28S,YL52N,LH60D",0.90141344,0.22663444,1,1
"2B2X_HL_A|VH50T,YL52N",0.18636756,0.19376919,1,1
2B2X_HL_A|YL52E,-0.22410508,0.31074917,1,1
2VIR_AB_C|SC115L,3.680209,0.7674233,1,1
2VIR_AB_C|TC89I,4.0,4.429739,1,1
"3G6D_LH_A|EL3V,GL76R,TL77V,QL78E,EL80G",0.13981691,-0.34671974,1,1
"3G6D_LH_A|EL3V,GL76R,TL77V,QL78E,EL80G,DH54N",0.111178115,0.03560703,1,1
"3G6D_LH_A|EL3V,GL76R,TL77V,QL78E,EL80G,TL89S,ML92I,VL93D,TL94K",0.27145106,-0.7092386,1,1
3G6D_LH_A|HH104A,-0.9530879,1.2954743,1,1
"3G6D_LH_A|KH210T,KH215T",-0.13294782,-0.39797473,1,1
"3G6D_LH_A|TL89S,ML92I,VL93D,TL94K",0.7979767,-0.064636216,1,1
3G6D_LH_A|WH105A,-1.4965084,1.1117979,1,1
"3IDX_HL_G|CG27I,CG242Q",-2.4650376,0.10303393,1,1
"3IDX_HL_G|CG27I,CG242Q,MG247A",-2.1736174,-0.08336267,1,1
"3IDX_HL_G|KG85C,EG121C,CG27I,CG242Q",-2.3776865,0.79365474,1,1
"3IDX_HL_G|KG85C,EG121C,WG13M,MG247A,CG14W,CG129V,CG27I,CG242Q",-2.1922898,1.7817352,1,1
"3IDX_HL_G|KG85C,EG122C,WG13M,MG247A,CG14W,CG129V,CG27I,CG242Q",-2.2927184,1.7013637,1,1
"3IDX_HL_G|TG41C,GG245C,MG247A",0.40945426,0.54609436,1,1
"3IDX_HL_G|TG41C,GG245C,WG13M,MG247A,CG14W,CG129V,CG27I,CG242Q",-2.3310676,1.5015758,1,1
"3IDX_HL_G|WG13M,MG247A,CG14W,CG129V",-0.6475391,1.2160622,1,1
"3IDX_HL_G|WG13M,MG247A,CG14W,CG129V,CG27I,CG242Q",-2.3479884,1.2966654,1,1
"3IDX_HL_G|WG13M,MG247A,CG14W,CG129V,KG85C,EG121C",-0.36166522,1.4592531,1,1
"3IDX_HL_G|WG13M,SG111T,WG200S,MG247A,CG14W,CG129V,CG27I,CG242Q",-1.8639641,0.119049415,1,1
"3L5X_A_HL|EL93F,YL94G",-0.42800838,0.4254831,1,1
"3L5X_A_HL|EL93H,YL94G",-0.7626503,0.63103485,1,1
"3L5X_A_HL|HL91P,NL92I,EL93D,YL94A",-0.6466697,0.7300072,1,1
"3L5X_A_HL|HL91P,NL92L,EL93D,YL94S",-0.6327897,0.7834338,1,1
"3L5X_A_HL|HL91P,NL92L,EL93D,YL94T",-0.81005055,1.1356288,1,1
"3L5X_A_HL|HL91P,NL92L,EL93D,YL94V",-0.85822237,0.5220792,1,1
"3L5X_A_HL|HL91P,NL92L,YL94A",-0.44441348,1.6208127,1,1
"3L5X_A_HL|HL91Q,NL92D,EL93I,YL94G",-1.5503801,0.09823896,1,1
"3L5X_A_HL|HL91Q,NL92D,EL93L,YL94G",-1.785132,0.11396539,1,1
"3L5X_A_HL|HL91Q,NL92D,EL93Y,YL94G",-1.451453,-0.39173374,1,1
"3L5X_A_HL|NL92D,EL93L,YL94G",-0.42962858,-0.25201237,1,1
"3L5X_A_HL|NL92D,EL93N,YL94S",-0.53403836,0.11408797,1,1
"3L5X_A_HL|NL92D,EL93P,YL94G",-1.4699602,0.06192324,1,1
"3L5X_A_HL|NL92D,EL93R,YL94D",-0.52253926,-0.61138254,1,1
"3L5X_A_HL|NL92D,EL93W,YL94E",-1.1963489,-0.7166563,1,1
"3L5X_A_HL|NL92D,EL93W,YL94G",-1.6825228,-0.54830825,1,1
"3L5X_A_HL|NL92D,EL93W,YL94S",-0.71612674,-0.40480036,1,1
"3L5X_A_HL|NL92D,EL93Y,YL94A",-0.8069743,-0.47138953,1,1
"3L5X_A_HL|NL92E,EL93S,YL94G",-1.2653587,-0.39999756,1,1
"3L5X_A_HL|NL92E,EL93W,YL94G",-1.5503801,-0.49290714,1,1
"3L5X_A_HL|NL92F,EL93W,YL94G",-1.2329907,-0.57428795,1,1
"3L5X_A_HL|NL92L,EL93D,YL94S",-0.6170473,0.29230726,1,1
"3L5X_A_HL|NL92L,EL93L,YL94G",-0.6259698,0.08797859,1,1
"3L5X_A_HL|NL92L,EL93M,YL94G",-0.82567644,0.24781361,1,1
"3L5X_A_HL|NL92L,EL93N,YL94G",-0.6954369,0.34669968,1,1
"3L5X_A_HL|NL92S,EL93H,YL94G",-1.2457265,-0.03446712,1,1
"3L5X_A_HL|NL92S,EL93I,YL94G",-0.8069743,-0.018301528,1,1
"3L5X_A_HL|NL92S,EL93S,YL94G",-0.24921271,-0.22190112,1,1
"3L5X_A_HL|NL92S,EL93V,YL94G",-0.51687235,-0.11707614,1,1
"3L5X_A_HL|NL92S,EL93W,YL94A",-0.30302802,-0.15118255,1,1
"3L5X_A_HL|NL92S,EL93W,YL94G",-1.2720501,-0.3050876,1,1
"3L5X_A_HL|NL92S,EL93Y,YL94G",-0.9641868,-0.41242254,1,1
"3L5X_A_HL|NL92V,EL93G,YL94G",-0.46300006,-0.32373163,1,1
"3L5X_A_HL|NL92V,EL93W,YL94G",-0.83525383,-0.21094275,1,1
3L5X_A_HL|YL94A,-0.82885176,1.0750866,1,1
3N85_A_LH|SH32A,-0.13401966,0.993762,1,1
3N85_A_LH|SH32Y,0.0571225,-0.026038643,1,1
3N85_A_LH|SH50G,0.48767117,0.06668407,1,1
3N85_A_LH|SH52Y,-0.78460336,-1.0325364,1,1
3N85_A_LH|WH100F,-0.015185109,-0.45954067,1,1
3N85_A_LH|WH30K,-0.78460336,0.91289264,1,1
3N85_A_LH|WH30R,-0.5539675,-0.018190922,1,1
3N85_A_LH|WL91F,0.13959166,0.16439271,1,1
3N85_A_LH|WL94Y,-0.03871881,-0.6730222,1,1
3SE8_HL_G|DH110A,-0.38934898,0.1018298,1,1
3SE8_HL_G|DH114A,-0.2441398,0.48622134,1,1
3SE8_HL_G|DL49A,0.8558488,1.7208815,1,1
3SE8_HL_G|EL1A,-0.5565174,-0.36602083,1,1
3SE8_HL_G|EL91A,1.513491,1.4676039,1,1
3SE8_HL_G|FH115A,1.0676043,3.6018507,1,1
3SE8_HL_G|FL90A,-0.8640972,1.1443021,1,1
3SE8_HL_G|FL92A,0.8323254,1.8299345,1,1
3SE8_HL_G|GH56A,0.3570972,0.9542848,1,1
3SE8_HL_G|KH52A,1.1114144,0.6388271,1,1
3SE8_HL_G|LH54A,0.054776184,-0.005576223,1,1
3SE8_HL_G|NL30A,0.19434923,0.73717886,1,1
3SE8_HL_G|PH78A,0.01881787,0.10159509,1,1
3SE8_HL_G|PH81A,-0.07091986,0.4450956,1,1
3SE8_HL_G|QH63A,1.1144251,0.14178187,1,1
3SE8_HL_G|QH65A,0.54980505,0.10178995,1,1
3SE8_HL_G|QH76A,0.09689985,0.24275506,1,1
3SE8_HL_G|QL27A,-0.21612903,0.2559072,1,1
3SE8_HL_G|RH30A,-0.03949762,0.37473738,1,1
3SE8_HL_G|RH62A,1.2061691,0.36402956,1,1
3SE8_HL_G|RH72A,2.6444623,2.6846454,1,1
3SE8_HL_G|SH59A,1.1508402,0.53891325,1,1
3SE8_HL_G|VH58A,1.2496852,1.3290511,1,1
3SE8_HL_G|WH47A,1.4751467,1.6169548,1,1
3SE8_HL_G|WH50A,1.333526,1.8022002,1,1
3SE8_HL_G|WH55A,0.7611056,0.04476363,1,1
3SE8_HL_G|YH111A,0.82992166,0.66238356,1,1
3SE8_HL_G|YH60A,0.8558488,0.8793846,1,1
4KRL_A_B|DB112A,0.6496817,2.3237479,1,1
5C6T_HL_A|EA194A,1.0906719,1.3519007,1,1
5C6T_HL_A|FA192A,1.9972014,1.6445625,1,1
5C6T_HL_A|FA199A,2.7581792,1.309965,1,1
5C6T_HL_A|FA200A,0.41047263,-0.047304776,1,1
5C6T_HL_A|FH99A,1.4600298,-0.011055399,1,1
5C6T_HL_A|IA201A,0.88561165,-0.118072644,1,1
5C6T_HL_A|NA183A,0.28399685,0.7244837,1,1
5C6T_HL_A|NA186A,0.3630724,0.15012553,1,1
5C6T_HL_A|NA188A,-0.36658686,1.4560744,1,1
"5C6T_HL_A|NA195A,DA197A",0.58650106,1.3617804,1,1
5C6T_HL_A|NH97A,1.5258962,0.3529978,1,1
5C6T_HL_A|RH31S,0.3115454,-0.09934827,1,1
5C6T_HL_A|RL48A,0.1229613,0.6505275,1,1
5C6T_HL_A|SH32A,-0.8683455,0.3882425,1,1
5C6T_HL_A|TA185A,0.33786914,0.6599238,1,1
5C6T_HL_A|YA182A,3.2083547,0.9488049,1,1
"5C6T_HL_A|YA182A,NA195A,DA197A",2.942425,2.738471,1,1
5C6T_HL_A|YH104A,0.3630724,0.7686312,1,1
5C6T_HL_A|YH98A,1.7166799,0.49081746,1,1
5C6T_HL_A|YL47A,0.5516565,1.3151888,1,1
1KIP_AB_C|AB32Y,-0.8005932,-1.3453423,1,2
1XGU_AB_C|FB33A,4.0,3.2751582,1,2
1XGU_AB_C|FB33I,1.8004549,1.6287696,1,2
1XGU_AB_C|FB33L,1.8617703,1.8515491,1,2
1XGU_AB_C|FB33V,2.9080825,2.710254,1,2
2B2X_HL_A|EH64K,-0.033433665,-0.12026413,1,2
"2B2X_HL_A|EH64K,QL28S,YL52N",0.911615,0.9324794,1,2
"2B2X_HL_A|EH64K,QL28S,YL52N,GH102S",2.7106705,1.3949814,1,2
"2B2X_HL_A|EH64K,QL28S,YL52N,SH35A",3.119054,1.5699247,1,2
"2B2X_HL_A|EH64K,QL28S,YL52N,SH35V",3.770335,1.6923974,1,2
"2B2X_HL_A|EH64K,YL52N",0.34853002,0.49155277,1,2
"2B2X_HL_A|QL28S,YL52N",0.8626942,0.49429423,1,2
2B2X_HL_A|VH50T,0.024054652,-0.2844423,1,2
"2B2X_HL_A|VH50T,EH64D,QL28S,YL52N",0.87177193,0.85500985,1,2
"2B2X_HL_A|VH50T,EH64K,QL28S",0.991589,0.82515126,1,2
"2B2X_HL_A|VH50T,EH64K,QL28S,YL52D",1.5439764,0.8381646,1,2
"2B2X_HL_A|VH50T,EH64K,QL28S,YL52E",0.95452905,1.1068455,1,2
"2B2X_HL_A|VH50T,EH64K,QL28S,YL52K",1.7007239,1.7795684,1,2
"2B2X_HL_A|VH50T,EH64K,QL28S,YL52N",1.043214,1.2763052,1,2
"2B2X_HL_A|VH50T,EH64K,QL28S,YL52N,FH99W",1.043214,1.2219182,1,2
"2B2X_HL_A|VH50T,EH64K,QL28S,YL52N,FH99Y",1.7978828,0.94531417,1,2
"2B2X_HL_A|VH50T,EH64K,QL28S,YL52N,GH100F",1.4322319,0.61987257,1,2
"2B2X_HL_A|VH50T,EH64K,QL28S,YL52N,GH100L",3.770335,1.053552,1,2
"2B2X_HL_A|VH50T,EH64K,QL28S,YL52N,GH100M",1.145348,0.9894079,1,2
"2B2X_HL_A|VH50T,EH64K,QL28S,YL52N,GH100S",1.6009614,1.463473,1,2
"2B2X_HL_A|VH50T,EH64K,QL28S,YL52N,GH53A",1.5558206,1.384106,1,2
"2B2X_HL_A|VH50T,EH64K,QL28S,YL52N,GH53N",2.2985272,1.5412735,1,2
"2B2X_HL_A|VH50T,EH64K,QL28S,YL52N,GH53S",1.7188073,1.4852808,1,2
"2B2X_HL_A|VH50T,EH64K,QL28S,YL52N,GH54I",2.4067745,1.0867586,1,2
"2B2X_HL_A|VH50T,EH64K,QL28S,YL52N,GH54T",2.2073808,1.2660958,1,2
"2B2X_HL_A|VH50T,EH64K,QL28S,YL52N,GH54Y",1.043214,0.800396,1,2
"2B2X_HL_A|VH50T,EH64K,QL28S,YL52N,GL92Q",2.6158988,1.3861692,1,2
"2B2X_HL_A|VH50T,EH64K,QL28S,YL52N,GL92S",1.5558206,1.3196478,1,2
"2B2X_HL_A|VH50T,EH64K,QL28S,YL52N,HL31K",2.2073808,2.1007838,1,2
"2B2X_HL_A|VH50T,EH64K,QL28S,YL52N,HL31R",2.1670115,1.2865264,1,2
"2B2X_HL_A|VH50T,EH64K,QL28S,YL52N,HL31W",2.2985272,1.2089807,1,2
"2B2X_HL_A|VH50T,EH64K,QL28S,YL52N,LH60D",0.981894,1.1023968,1,2
"2B2X_HL_A|VH50T,EH64K,QL28S,YL52N,LL49F",1.7554936,1.3136576,1,2
"2B2X_HL_A|VH50T,EH64K,QL28S,YL52N,LL49K",1.9044149,1.8165891,1,2
"2B2X_HL_A|VH50T,EH64K,QL28S,YL52N,LL49W",2.9507816,1.6609392,1,2
"2B2X_HL_A|VH50T,EH64K,QL28S,YL52N,NL30V",2.0925434,1.2061197,1,2
"2B2X_HL_A|VH50T,EH64K,QL28S,YL52N,NL30W",2.6158988,1.1374513,1,2
"2B2X_HL_A|VH50T,EH64K,QL28S,YL52N,NL30Y",2.9507816,1.0921828,1,2
"2B2X_HL_A|VH50T,EH64K,QL28S,YL52N,NL30Y,SL91I",1.4775821,1.2034268,1,2
"2B2X_HL_A|VH50T,EH64K,QL28S,YL52N,RH31Q",2.350542,1.2761979,1,2
"2B2X_HL_A|VH50T,EH64K,QL28S,YL52N,SH35A",2.6158988,1.8715264,1,2
"2B2X_HL_A|VH50T,EH64K,QL28S,YL52N,SH35A,GH102S",2.6158988,1.9697127,1,2
"2B2X_HL_A|VH50T,EH64K,QL28S,YL52N,SH35Q",3.770335,2.0250735,1,2
"2B2X_HL_A|VH50T,EH64K,QL28S,YL52N,SH35V,GH102S",2.4688888,2.1295762,1,2
"2B2X_HL_A|VH50T,EH64K,QL28S,YL52N,SH52M",3.119054,0.9960252,1,2
"2B2X_HL_A|VH50T,EH64K,QL28S,YL52N,SL24R",0.82788163,0.8422121,1,2
"2B2X_HL_A|VH50T,EH64K,QL28S,YL52N,SL91Q",2.8172472,1.7509058,1,2
"2B2X_HL_A|VH50T,EH64K,QL28S,YL52N,SL91R",3.770335,1.1170527,1,2
"2B2X_HL_A|VH50T,EH64K,QL28S,YL52N,SL91R,NL30E",3.770335,1.2299609,1,2
"2B2X_HL_A|VH50T,EH64K,QL28S,YL52N,SL91T",3.3598623,1.5941288,1,2
"2B2X_HL_A|VH50T,EH64K,QL28S,YL52N,TH33E,GH53Q",2.7106705,2.0734587,1,2
"2B2X_HL_A|VH50T,EH64K,QL28S,YL52N,TH33I,SH52T,GH53N,GH54N",2.9507816,2.0323443,1,2
"2B2X_HL_A|VH50T,EH64K,QL28S,YL52N,TH33I,SH52T,GH53Q,GH54F",2.2985272,1.874028,1,2
"2B2X_HL_A|VH50T,EH64K,QL28S,YL52N,TH33N",3.770335,2.1335232,1,2
"2B2X_HL_A|VH50T,EH64K,QL28S,YL52N,TH33V",1.4775821,1.4689968,1,2
"2B2X_HL_A|VH50T,EH64K,QL28S,YL52N,WL90Q",3.119054,1.802668,1,2
"2B2X_HL_A|VH50T,EH64K,QL28S,YL52N,WL90Q,FL33Y",1.914233,1.542933,1,2
"2B2X_HL_A|VH50T,EH64K,QL28S,YL52N,YH58E",3.119054,1.8603729,1,2
"2B2X_HL_A|VH50T,EH64K,QL28S,YL52N,YH58Q",3.119054,2.156001,1,2
"2B2X_HL_A|VH50T,EH64K,QL28S,YL52N,YH58W",1.8641591,1.5461233,1,2
"2B2X_HL_A|VH50T,EH64K,QL28S,YL52N,YH59E",1.5872209,1.7950609,1,2
"2B2X_HL_A|VH50T,EH64K,QL28S,YL52R",1.8880546,1.0591831,1,2
"2B2X_HL_A|VH50T,EH64K,YL52N",0.28173435,0.91508055,1,2
"2B2X_HL_A|VH50T,EH64N,QL28S,YL52N",1.0069425,1.0886097,1,2
"2B2X_HL_A|VH50T,EH64Q,QL28S,YL52N",0.96559924,0.97129405,1,2
"2B2X_HL_A|VH50T,EH64Q,QL28S,YL52N,LH60D",1.0862032,0.84323967,1,2
"2B2X_HL_A|VH50T,QL28S,YL52N",0.96559924,0.9082989,1,2
"2B2X_HL_A|VH50T,QL28S,YL52N,LH60D",0.90141344,0.7309373,1,2
"2B2X_HL_A|VH50T,YL52N",0.18636756,0.5514054,1,2
2B2X_HL_A|YL52E,-0.22410508,0.0044495687,1,2
2VIR_AB_C|SC115L,3.680209,1.0237458,1,2
2VIR_AB_C|TC89I,4.0,3.7101264,1,2
"3G6D_LH_A|EL3V,GL76R,TL77V,QL78E,EL80G",0.13981691,0.71252775,1,2
"3G6D_LH_A|EL3V,GL76R,TL77V,QL78E,EL80G,DH54N",0.111178115,1.211899,1,2
"3G6D_LH_A|EL3V,GL76R,TL77V,QL78E,EL80G,TL89S,ML92I,VL93D,TL94K",0.27145106,0.36269474,1,2
3G6D_LH_A|HH104A,-0.9530879,-0.14347076,1,2
"3G6D_LH_A|KH210T,KH215T",-0.13294782,-0.4971187,1,2
"3G6D_LH_A|TL89S,ML92I,VL93D,TL94K",0.7979767,-0.37325317,1,2
3G6D_LH_A|WH105A,-1.4965084,0.9763484,1,2
"3IDX_HL_G|CG27I,CG242Q",-2.4650376,0.3686294,1,2
"3IDX_HL_G|CG27I,CG242Q,MG247A",-2.1736174,0.30254412,1,2
"3IDX_HL_G|KG85C,EG121C,CG27I,CG242Q",-2.3776865,0.2694406,1,2
"3IDX_HL_G|KG85C,EG121C,WG13M,MG247A,CG14W,CG129V,CG27I,CG242Q",-2.1922898,0.1966577,1,2
"3IDX_HL_G|KG85C,EG122C,WG13M,MG247A,CG14W,CG129V,CG27I,CG242Q",-2.2927184,0.15847693,1,2
"3IDX_HL_G|TG41C,GG245C,MG247A",0.40945426,0.16865763,1,2
"3IDX_HL_G|TG41C,GG245C,WG13M,MG247A,CG14W,CG129V,CG27I,CG242Q",-2.3310676,0.16944057,1,2
"3IDX_HL_G|WG13M,MG247A,CG14W,CG129V",-0.6475391,0.50923985,1,2
"3IDX_HL_G|WG13M,MG247A,CG14W,CG129V,CG27I,CG242Q",-2.3479884,0.2546423,1,2
"3IDX_HL_G|WG13M,MG247A,CG14W,CG129V,KG85C,EG121C",-0.36166522,0.14104532,1,2
"3IDX_HL_G|WG13M,SG111T,WG200S,MG247A,CG14W,CG129V,CG27I,CG242Q",-1.8639641,-0.15285689,1,2
"3L5X_A_HL|EL93F,YL94G",-0.42800838,0.103808075,1,2
"3L5X_A_HL|EL93H,YL94G",-0.7626503,0.44521028,1,2
"3L5X_A_HL|HL91P,NL92I,EL93D,YL94A",-0.6466697,0.4912644,1,2
"3L5X_A_HL|HL91P,NL92L,EL93D,YL94S",-0.6327897,0.42316473,1,2
"3L5X_A_HL|HL91P,NL92L,EL93D,YL94T",-0.81005055,0.38322437,1,2
"3L5X_A_HL|HL91P,NL92L,EL93D,YL94V",-0.85822237,0.40539384,1,2
"3L5X_A_HL|HL91P,NL92L,YL94A",-0.44441348,0.65365916,1,2
"3L5X_A_HL|HL91Q,NL92D,EL93I,YL94G",-1.5503801,-0.07479622,1,2
"3L5X_A_HL|HL91Q,NL92D,EL93L,YL94G",-1.785132,-0.24867763,1,2
"3L5X_A_HL|HL91Q,NL92D,EL93Y,YL94G",-1.451453,-0.37441373,1,2
"3L5X_A_HL|NL92D,EL93L,YL94G",-0.42962858,-0.48475915,1,2
"3L5X_A_HL|NL92D,EL93N,YL94S",-0.53403836,0.29170316,1,2
"3L5X_A_HL|NL92D,EL93P,YL94G",-1.4699602,-0.020726811,1,2
"3L5X_A_HL|NL92D,EL93R,YL94D",-0.52253926,-0.7701313,1,2
"3L5X_A_HL|NL92D,EL93W,YL94E",-1.1963489,-0.45678943,1,2
"3L5X_A_HL|NL92D,EL93W,YL94G",-1.6825228,-0.6569324,1,2
"3L5X_A_HL|NL92D,EL93W,YL94S",-0.71612674,-0.2885238,1,2
"3L5X_A_HL|NL92D,EL93Y,YL94A",-0.8069743,-0.23615326,1,2
"3L5X_A_HL|NL92E,EL93S,YL94G",-1.2653587,0.13206996,1,2
"3L5X_A_HL|NL92E,EL93W,YL94G",-1.5503801,-0.4845835,1,2
"3L5X_A_HL|NL92F,EL93W,YL94G",-1.2329907,-0.7811837,1,2
"3L5X_A_HL|NL92L,EL93D,YL94S",-0.6170473,0.3498885,1,2
"3L5X_A_HL|NL92L,EL93L,YL94G",-0.6259698,-0.31128854,1,2
"3L5X_A_HL|NL92L,EL93M,YL94G",-0.82567644,-0.18183357,1,2
"3L5X_A_HL|NL92L,EL93N,YL94G",-0.6954369,-0.0120594725,1,2
"3L5X_A_HL|NL92S,EL93H,YL94G",-1.2457265,0.15717448,1,2
"3L5X_A_HL|NL92S,EL93I,YL94G",-0.8069743,0.059915103,1,2
"3L5X_A_HL|NL92S,EL93S,YL94G",-0.24921271,0.21174155,1,2
"3L5X_A_HL|NL92S,EL93V,YL94G",-0.51687235,0.057602458,1,2
"3L5X_A_HL|NL92S,EL93W,YL94A",-0.30302802,0.1550979,1,2
"3L5X_A_HL|NL92S,EL93W,YL94G",-1.2720501,-0.24040726,1,2
"3L5X_A_HL|NL92S,EL93Y,YL94G",-0.9641868,-0.1712095,1,2
"3L5X_A_HL|NL92V,EL93G,YL94G",-0.46300006,-0.034622148,1,2
"3L5X_A_HL|NL92V,EL93W,YL94G",-0.83525383,-0.25874788,1,2
3L5X_A_HL|YL94A,-0.82885176,1.4805468,1,2
3N85_A_LH|SH32A,-0.13401966,0.9993427,1,2
3N85_A_LH|SH32Y,0.0571225,-1.0571656,1,2
3N85_A_LH|SH50G,0.48767117,-0.36206555,1,2
3N85_A_LH|SH52Y,-0.78460336,-0.6254787,1,2
3N85_A_LH|WH100F,-0.015185109,0.47733933,1,2
3N85_A_LH|WH30K,-0.78460336,0.8656182,1,2
3N85_A_LH|WH30R,-0.5539675,-0.12190926,1,2
3N85_A_LH|WL91F,0.13959166,0.4950568,1,2
3N85_A_LH|WL94Y,-0.03871881,-0.060910225,1,2
3SE8_HL_G|DH110A,-0.38934898,0.08945501,1,2
3SE8_HL_G|DH114A,-0.2441398,1.0883301,1,2
3SE8_HL_G|DL49A,0.8558488,0.88240445,1,2
3SE8_HL_G|EL1A,-0.5565174,0.14792351,1,2
3SE8_HL_G|EL91A,1.513491,0.9743811,1,2
3SE8_HL_G|FH115A,1.0676043,2.2294323,1,2
3SE8_HL_G|FL90A,-0.8640972,0.5287375,1,2
3SE8_HL_G|FL92A,0.8323254,0.69455004,1,2
3SE8_HL_G|GH56A,0.3570972,0.47172767,1,2
3SE8_HL_G|KH52A,1.1114144,0.29231304,1,2
3SE8_HL_G|LH54A,0.054776184,0.08957304,1,2
3SE8_HL_G|NL30A,0.19434923,1.1095614,1,2
3SE8_HL_G|PH78A,0.01881787,0.056798816,1,2
3SE8_HL_G|PH81A,-0.07091986,0.253406,1,2
3SE8_HL_G|QH63A,1.1144251,-0.5038015,1,2
3SE8_HL_G|QH65A,0.54980505,0.010380805,1,2
3SE8_HL_G|QH76A,0.09689985,-0.108661905,1,2
3SE8_HL_G|QL27A,-0.21612903,-0.05149239,1,2
3SE8_HL_G|RH30A,-0.03949762,-0.16177562,1,2
3SE8_HL_G|RH62A,1.2061691,0.3694709,1,2
3SE8_HL_G|RH72A,2.6444623,2.0288672,1,2
3SE8_HL_G|SH59A,1.1508402,0.118649796,1,2
3SE8_HL_G|VH58A,1.2496852,0.69766575,1,2
3SE8_HL_G|WH47A,1.4751467,1.4409996,1,2
3SE8_HL_G|WH50A,1.333526,1.6813824,1,2
3SE8_HL_G|WH55A,0.7611056,-0.11152234,1,2
3SE8_HL_G|YH111A,0.82992166,0.7672412,1,2
3SE8_HL_G|YH60A,0.8558488,0.10915536,1,2
4KRL_A_B|DB112A,0.6496817,1.9019212,1,2
5C6T_HL_A|EA194A,1.0906719,1.8276107,1,2
5C6T_HL_A|FA192A,1.9972014,2.3902254,1,2
5C6T_HL_A|FA199A,2.7581792,2.1992626,1,2
5C6T_HL_A|FA200A,0.41047263,0.8336019,1,2
5C6T_HL_A|FH99A,1.4600298,0.82638437,1,2
5C6T_HL_A|IA201A,0.88561165,0.79510045,1,2
5C6T_HL_A|NA183A,0.28399685,0.77630466,1,2
5C6T_HL_A|NA186A,0.3630724,-0.5099782,1,2
5C6T_HL_A|NA188A,-0.36658686,1.3961073,1,2
"5C6T_HL_A|NA195A,DA197A",0.58650106,1.4610809,1,2
5C6T_HL_A|NH97A,1.5258962,0.350888,1,2
5C6T_HL_A|RH31S,0.3115454,0.32781225,1,2
5C6T_HL_A|RL48A,0.1229613,0.9763106,1,2
5C6T_HL_A|SH32A,-0.8683455,1.2106615,1,2
5C6T_HL_A|TA185A,0.33786914,0.74958533,1,2
5C6T_HL_A|YA182A,3.2083547,1.6830328,1,2
"5C6T_HL_A|YA182A,NA195A,DA197A",2.942425,2.0559938,1,2
5C6T_HL_A|YH104A,0.3630724,1.835007,1,2
5C6T_HL_A|YH98A,1.7166799,1.5134207,1,2
5C6T_HL_A|YL47A,0.5516565,1.5759561,1,2
1DVF_AB_CD|DB100A,2.7895143,0.3531046,2,0
"1DVF_AB_CD|DB100A,DD52A",4.0,1.0493543,2,0
"1DVF_AB_CD|DB100A,HD33A",4.0,0.893947,2,0
"1DVF_AB_CD|DB100A,ND55A",4.0,0.27232802,2,0
1DVF_AB_CD|DB54A,4.0,0.44969532,2,0
"1DVF_AB_CD|DB54A,YC49A",4.0,1.0018054,2,0
1DVF_AB_CD|DB58A,1.6000048,0.3798376,2,0
"1DVF_AB_CD|DB58A,QD104A",1.4641725,1.4348673,2,0
1DVF_AB_CD|DD52A,1.6822901,0.50353724,2,0
1DVF_AB_CD|EB98A,4.0,0.444856,2,0
"1DVF_AB_CD|EB98A,YD102A",4.0,2.400138,2,0
1DVF_AB_CD|HA30A,1.6493824,0.5697377,2,0
1DVF_AB_CD|HD33A,1.8606005,0.43674338,2,0
1DVF_AB_CD|ID101A,2.6815457,0.5675318,2,0
1DVF_AB_CD|KD30A,1.0035173,0.66876495,2,0
1DVF_AB_CD|NB56A,1.1624389,0.15508749,2,0
"1DVF_AB_CD|NB56A,HD33A",2.5259995,0.7780024,2,0
"1DVF_AB_CD|NB56A,ND55A",2.3010929,0.23096435,2,0
"1DVF_AB_CD|NB56A,QD104A",1.4868644,1.1322058,2,0
1DVF_AB_CD|ND55A,1.8606005,-0.0038729673,2,0
1DVF_AB_CD|QD104A,1.6287225,0.758487,2,0
1DVF_AB_CD|RB99A,1.8746451,0.45366743,2,0
1DVF_AB_CD|RD106A,4.0,0.2980188,2,0
1DVF_AB_CD|SA93A,1.1624389,0.10768122,2,0
1DVF_AB_CD|TB30A,0.9075126,0.32848832,2,0
1DVF_AB_CD|WA92A,0.34072307,0.46247816,2,0
1DVF_AB_CD|WB52A,4.0,0.7054104,2,0
"1DVF_AB_CD|WB52A,QD104A",4.0,1.7589638,2,0
1DVF_AB_CD|YA32A,2.0303695,0.8414736,2,0
"1DVF_AB_CD|YA32A,RD106A",4.0,1.4128271,2,0
1DVF_AB_CD|YA49A,1.6785902,0.7783274,2,0
"1DVF_AB_CD|YA49A,HD33A",2.625045,1.2882671,2,0
"1DVF_AB_CD|YA49A,ND55A",2.0303695,0.75751114,2,0
1DVF_AB_CD|YA50A,0.6877736,0.8527135,2,0
1DVF_AB_CD|YB101F,2.0123136,0.53421557,2,0
1DVF_AB_CD|YB32A,1.8314707,0.8042439,2,0
1DVF_AB_CD|YC49A,1.8606005,0.50954235,2,0
1DVF_AB_CD|YD102A,4.0,1.3841819,2,0
1MHP_HL_A|FH99W,0.0,-0.28417572,2,0
1MHP_HL_A|FH99Y,0.75466895,-0.28549647,2,0
1MHP_HL_A|GH100F,0.38901797,-0.22730584,2,0
1MHP_HL_A|GH100L,2.727121,-0.3129974,2,0
1MHP_HL_A|GH100M,0.10213403,-0.26347724,2,0
1MHP_HL_A|GH100S,0.5577475,-0.12223617,2,0
1MHP_HL_A|GH53A,0.5126066,0.41703632,2,0
1MHP_HL_A|GH53N,1.2553134,-0.0013288306,2,0
1MHP_HL_A|GH53S,0.6755934,0.0931325,2,0
1MHP_HL_A|GH54I,1.3635606,-0.20860763,2,0
1MHP_HL_A|GH54T,1.1641668,-0.05143971,2,0
1MHP_HL_A|GH54Y,0.0,-0.36424994,2,0
1MHP_HL_A|GL91Q,1.572685,-0.19618057,2,0
1MHP_HL_A|GL91S,0.5126066,-0.00925544,2,0
1MHP_HL_A|HL30K,1.1641668,0.14508913,2,0
1MHP_HL_A|HL30R,1.1237977,0.02158051,2,0
1MHP_HL_A|HL30W,1.2553134,-0.22611418,2,0
1MHP_HL_A|KH64D,-0.17144196,-0.30290353,2,0
1MHP_HL_A|KH64E,-0.07761467,-0.4506282,2,0
"1MHP_HL_A|KH64E,SL27Q",-0.85684633,-0.8338746,2,0
"1MHP_HL_A|KH64E,SL27Q,NL51Y",-1.0191593,-2.032795,2,0
1MHP_HL_A|KH64N,-0.03627145,-0.054071084,2,0
1MHP_HL_A|KH64Q,-0.07761467,-0.40651247,2,0
1MHP_HL_A|LH60D,-0.061319917,-0.18767448,2,0
"1MHP_HL_A|LH60D,KH64E",-0.1418005,-0.46201676,2,0
"1MHP_HL_A|LH60D,KH64Q",0.042989343,-0.3349508,2,0
1MHP_HL_A|LL48F,0.71227974,-0.19012168,2,0
1MHP_HL_A|LL48K,0.8612009,-0.23856364,2,0
1MHP_HL_A|LL48W,1.9075676,-0.5450555,2,0
1MHP_HL_A|NL29V,1.0493295,-0.41775882,2,0
1MHP_HL_A|NL29W,1.572685,-0.59326863,2,0
1MHP_HL_A|NL29Y,1.9075676,-0.56934273,2,0
"1MHP_HL_A|NL29Y,SL90I",0.43436813,-0.5163893,2,0
1MHP_HL_A|NL51D,0.5007625,-0.6084763,2,0
1MHP_HL_A|NL51E,-0.08868487,-0.6389518,2,0
1MHP_HL_A|NL51K,0.65751,-0.58756894,2,0
1MHP_HL_A|NL51R,0.84484076,-0.7803456,2,0
1MHP_HL_A|NL51Y,-0.05162489,-1.2826566,2,0
1MHP_HL_A|RH31Q,1.3073281,-0.03444651,2,0
1MHP_HL_A|SH35A,1.572685,0.46019858,2,0
"1MHP_HL_A|SH35A,GH102S",1.572685,0.41910407,2,0
1MHP_HL_A|SH35Q,2.727121,-0.20210487,2,0
"1MHP_HL_A|SH35V,GH102S",1.4256749,-0.028960772,2,0
1MHP_HL_A|SH52M,2.0758402,-0.271454,2,0
1MHP_HL_A|SL23R,-0.21533228,-0.64062876,2,0
1MHP_HL_A|SL27Q,-0.6661127,-0.56564265,2,0
1MHP_HL_A|SL90Q,1.7740332,-0.13764408,2,0
1MHP_HL_A|SL90T,2.3166485,-0.07113311,2,0
"1MHP_HL_A|TH33E,GH53Q",1.6674565,-0.21994458,2,0
"1MHP_HL_A|TH33I,SH52T,GH53N,GH54N",1.9075676,0.33885798,2,0
"1MHP_HL_A|TH33I,SH52T,GH53Q,GH54F",1.2553134,-0.1686609,2,0
1MHP_HL_A|TH33N,2.727121,-0.3238541,2,0
1MHP_HL_A|TH33V,0.43436813,-0.52576053,2,0
1MHP_HL_A|TH50V,-0.13159887,-0.4879718,2,0
"1MHP_HL_A|TH50V,GH102S",1.6674565,-0.2707519,2,0
"1MHP_HL_A|TH50V,KH64E",-0.1805197,-0.79826075,2,0
"1MHP_HL_A|TH50V,KH64E,SL27Q,NL51E",-1.267319,-1.8586036,2,0
"1MHP_HL_A|TH50V,KH64E,SL27Q,NL51Y",-1.0844951,-2.3509674,2,0
"1MHP_HL_A|TH50V,SH35A",2.0758402,0.050046913,2,0
"1MHP_HL_A|TH50V,SH35V",2.727121,-0.45903793,2,0
"1MHP_HL_A|TH50V,SL27Q",-0.6946839,-0.7633553,2,0
"1MHP_HL_A|TH50V,SL27Q,NL51Y",-1.0235296,-1.8492774,2,0
1MHP_HL_A|WL89Q,2.0758402,0.35338074,2,0
"1MHP_HL_A|WL89Q,FL32Y",0.871019,0.22675651,2,0
1MHP_HL_A|YH58E,2.0758402,0.510648,2,0
1MHP_HL_A|YH58Q,2.0758402,0.47508392,2,0
1MHP_HL_A|YH58W,0.82094526,0.12622051,2,0
1MHP_HL_A|YH59E,0.54400706,0.15945713,2,0
1N8Z_AB_C|DB102W,-0.71302944,-0.51730883,2,0
1N8Z_AB_C|FC539A,0.035102826,0.37256458,2,0
1N8Z_AB_C|HA91F,0.034232877,0.035667043,2,0
1N8Z_AB_C|LC509A,-0.023045197,0.46368217,2,0
1N8Z_AB_C|NA30S,0.06666317,-0.03988686,2,0
"1N8Z_AB_C|NA30S,HA91F,YA92W",-0.07476232,0.18407802,2,0
"1N8Z_AB_C|NA30S,HA91F,YA92W,TA94S,DB102W,YB105F,YB109V",0.050661404,-0.11157444,2,0
1N8Z_AB_C|RB50A,2.9754758,0.6540448,2,0
1N8Z_AB_C|RB59A,1.8037988,0.71166277,2,0
1N8Z_AB_C|SC535A,0.030827092,0.13169813,2,0
1N8Z_AB_C|TA94S,0.32168603,-0.16106392,2,0
1N8Z_AB_C|VC536A,0.008972699,0.31297833,2,0
1N8Z_AB_C|YB105F,0.8540034,0.3363142,2,0
1N8Z_AB_C|YB109V,0.23192272,-0.12796722,2,0
1XGQ_AB_C|VB33A,1.1525793,0.50231695,2,0
1XGQ_AB_C|VB33F,-2.9080825,-0.291606,2,0
1XGQ_AB_C|VB33I,-1.1076277,-0.11506321,2,0
1XGQ_AB_C|VB33L,-1.0463123,-0.20667866,2,0
1YQV_HL_Y|RY45K,1.8995041,0.21630703,2,0
"1YQV_HL_Y|RY68K,TY40S,IY55V,SY91T",4.0,0.11955113,2,0
"1YQV_HL_Y|RY68K,TY40S,IY55V,SY91T,QY121H",0.0,-0.047841277,2,0
1YY9_CD_A|AC25P,0.07225565,-0.7077599,2,0
1YY9_CD_A|AD98P,1.0372273,-0.6655679,2,0
1YY9_CD_A|GD54P,0.26807046,0.13662457,2,0
1YY9_CD_A|LD29P,0.030827092,0.06777975,2,0
1YY9_CD_A|NC93A,-0.74186975,-0.16023988,2,0
1YY9_CD_A|ND56A,-0.057046015,0.067291595,2,0
1YY9_CD_A|SC26D,-0.19925442,-0.051343203,2,0
"1YY9_CD_A|SC26D,TC31E,NC93A",-1.3329437,-0.5220563,2,0
"1YY9_CD_A|SC26D,TC31E,NC93A,ND56A,TD61E",-0.6517935,-0.9771988,2,0
1YY9_CD_A|SC26P,-0.009110746,0.18171822,2,0
1YY9_CD_A|SC28P,-0.22229962,-0.049749456,2,0
1YY9_CD_A|SC54P,-0.018363854,-0.051034704,2,0
1YY9_CD_A|SD53P,0.8175451,-0.11176087,2,0
1YY9_CD_A|TC31E,-0.51892465,-0.14876096,2,0
"1YY9_CD_A|TC31E,NC93A",-0.81853306,-0.27042216,2,0
1YY9_CD_A|TC96P,4.0,-0.145786,2,0
1YY9_CD_A|TD61E,-0.057046015,-0.32843354,2,0
1YY9_CD_A|WD52P,1.4782712,0.43114525,2,0
1YY9_CD_A|YD101P,1.6514195,0.4619774,2,0
3NPS_A_BC|DA214A,1.466743,0.5849121,2,0
3NPS_A_BC|DA46A,0.3399866,0.38713637,2,0
3NPS_A_BC|DA47A,1.0674704,0.05384311,2,0
3NPS_A_BC|DA91A,1.5070341,0.56772876,2,0
3NPS_A_BC|EA163A,0.61534816,0.6592562,2,0
3NPS_A_BC|FA50A,0.21957076,0.3849957,2,0
3NPS_A_BC|FA89A,1.5714045,0.7737097,2,0
3NPS_A_BC|FA92A,0.46353978,0.96391165,2,0
3NPS_A_BC|HA138A,1.8750918,0.63822263,2,0
3NPS_A_BC|IA26A,0.6415425,0.18133163,2,0
3NPS_A_BC|IA45A,-0.33181784,0.3216123,2,0
3NPS_A_BC|KA221A,-0.10361039,0.72307146,2,0
3NPS_A_BC|LA147A,0.29573628,0.4890244,2,0
3NPS_A_BC|NA90A,0.25341922,0.2858701,2,0
3NPS_A_BC|QA140A,0.29573628,0.38362855,2,0
3NPS_A_BC|QA168A,-0.059223834,0.7249672,2,0
3NPS_A_BC|QA169A,0.7409076,0.7813179,2,0
3NPS_A_BC|QA218A,-0.040916756,0.6179948,2,0
3NPS_A_BC|QA23A,0.026323749,0.6089698,2,0
3NPS_A_BC|RA219A,-0.08390186,0.767189,2,0
3NPS_A_BC|RA48A,-1.062741,0.6177638,2,0
3NPS_A_BC|RA51A,0.13816836,0.95583755,2,0
3NPS_A_BC|RA82A,-0.15159543,0.29329637,2,0
3NPS_A_BC|TA144A,0.17497002,0.08919793,2,0
3NPS_A_BC|TA93A,0.72381234,0.3675576,2,0
3NPS_A_BC|YA141A,1.7748737,1.0702804,2,0
3NPS_A_BC|YA52A,0.4518898,0.51695186,2,0
3W2D_A_HL|KA67N,4.0,0.36831176,2,0
3W2D_A_HL|KA67R,-0.42812017,0.054184064,2,0
3W2D_A_HL|YA45F,0.8779443,0.040990088,2,0
3W2D_A_HL|YA45L,2.3647563,0.011298194,2,0
"4KRO_A_B|DA321T,FA323A",0.1269707,0.7452045,2,0
"4KRP_A_B|DA277T,FA279A",0.35829666,0.8045194,2,0
4NM8_ABCDEF_HL|DB19N,0.66149956,0.122671,2,0
4NM8_ABCDEF_HL|IB18M,0.10977998,0.01416828,2,0
4NM8_ABCDEF_HL|LB38Y,-0.6151596,-0.42922297,2,0
4NM8_ABCDEF_HL|QB34R,2.9754758,-0.40236935,2,0
4NM8_ABCDEF_HL|QB34T,2.3309386,-0.34891167,2,0
4NM8_ABCDEF_HL|RB25M,3.442353,-0.2639321,2,0
4NM8_ABCDEF_HL|TB32E,-0.5517196,-0.31398064,2,0
4NM8_ABCDEF_HL|TB32I,-0.050205972,-0.3788878,2,0
4NM8_ABCDEF_HL|TB32R,1.2211944,-0.43492872,2,0
1DVF_AB_CD|DB100A,2.7895143,0.56087047,2,1
"1DVF_AB_CD|DB100A,DD52A",4.0,1.016697,2,1
"1DVF_AB_CD|DB100A,HD33A",4.0,0.88410425,2,1
"1DVF_AB_CD|DB100A,ND55A",4.0,0.9100217,2,1
1DVF_AB_CD|DB54A,4.0,0.46691483,2,1
"1DVF_AB_CD|DB54A,YC49A",4.0,0.56706125,2,1
1DVF_AB_CD|DB58A,1.6000048,0.28499636,2,1
"1DVF_AB_CD|DB58A,QD104A",1.4641725,1.3294855,2,1
1DVF_AB_CD|DD52A,1.6822901,0.5033748,2,1
1DVF_AB_CD|EB98A,4.0,1.0334206,2,1
"1DVF_AB_CD|EB98A,YD102A",4.0,3.5047808,2,1
1DVF_AB_CD|HA30A,1.6493824,0.42931578,2,1
1DVF_AB_CD|HD33A,1.8606005,0.56051624,2,1
1DVF_AB_CD|ID101A,2.6815457,0.9268525,2,1
1DVF_AB_CD|KD30A,1.0035173,0.6287343,2,1
1DVF_AB_CD|NB56A,1.1624389,0.17434336,2,1
"1DVF_AB_CD|NB56A,HD33A",2.5259995,0.39933595,2,1
"1DVF_AB_CD|NB56A,ND55A",2.3010929,0.4062612,2,1
"1DVF_AB_CD|NB56A,QD104A",1.4868644,1.0018994,2,1
1DVF_AB_CD|ND55A,1.8606005,0.49206418,2,1
1DVF_AB_CD|QD104A,1.6287225,0.91279274,2,1
1DVF_AB_CD|RB99A,1.8746451,0.8838888,2,1
1DVF_AB_CD|RD106A,4.0,0.46181327,2,1
1DVF_AB_CD|SA93A,1.1624389,0.4944318,2,1
1DVF_AB_CD|TB30A,0.9075126,0.4082982,2,1
1DVF_AB_CD|WA92A,0.34072307,2.1634498,2,1
1DVF_AB_CD|WB52A,4.0,1.3814086,2,1
"1DVF_AB_CD|WB52A,QD104A",4.0,2.5969481,2,1
1DVF_AB_CD|YA32A,2.0303695,1.2581967,2,1
"1DVF_AB_CD|YA32A,RD106A",4.0,1.7447265,2,1
1DVF_AB_CD|YA49A,1.6785902,0.80681795,2,1
"1DVF_AB_CD|YA49A,HD33A",2.625045,1.1854825,2,1
"1DVF_AB_CD|YA49A,ND55A",2.0303695,1.0540149,2,1
1DVF_AB_CD|YA50A,0.6877736,0.9570957,2,1
1DVF_AB_CD|YB101F,2.0123136,0.6812839,2,1
1DVF_AB_CD|YB32A,1.8314707,1.0570956,2,1
1DVF_AB_CD|YC49A,1.8606005,0.7886397,2,1
1DVF_AB_CD|YD102A,4.0,1.8876288,2,1
1MHP_HL_A|FH99W,0.0,-0.19674067,2,1
1MHP_HL_A|FH99Y,0.75466895,-0.13384832,2,1
1MHP_HL_A|GH100F,0.38901797,-0.18950143,2,1
1MHP_HL_A|GH100L,2.727121,-0.27845362,2,1
1MHP_HL_A|GH100M,0.10213403,-0.20927696,2,1
1MHP_HL_A|GH100S,0.5577475,-0.04898977,2,1
1MHP_HL_A|GH53A,0.5126066,0.18717143,2,1
1MHP_HL_A|GH53N,1.2553134,0.053580735,2,1
1MHP_HL_A|GH53S,0.6755934,-0.15579636,2,1
1MHP_HL_A|GH54I,1.3635606,-0.06616858,2,1
1MHP_HL_A|GH54T,1.1641668,0.19127372,2,1
1MHP_HL_A|GH54Y,0.0,-0.16049606,2,1
1MHP_HL_A|GL91Q,1.572685,-0.27258655,2,1
1MHP_HL_A|GL91S,0.5126066,-0.05153509,2,1
1MHP_HL_A|HL30K,1.1641668,0.35935554,2,1
1MHP_HL_A|HL30R,1.1237977,-0.024727922,2,1
1MHP_HL_A|HL30W,1.2553134,-0.41865417,2,1
1MHP_HL_A|KH64D,-0.17144196,-0.56642824,2,1
1MHP_HL_A|KH64E,-0.07761467,-0.4631913,2,1
"1MHP_HL_A|KH64E,SL27Q",-0.85684633,-0.80420136,2,1
"1MHP_HL_A|KH64E,SL27Q,NL51Y",-1.0191593,-1.4397777,2,1
1MHP_HL_A|KH64N,-0.03627145,-0.01390687,2,1
1MHP_HL_A|KH64Q,-0.07761467,-0.2549428,2,1
1MHP_HL_A|LH60D,-0.061319917,0.2028532,2,1
"1MHP_HL_A|LH60D,KH64E",-0.1418005,-0.56360775,2,1
"1MHP_HL_A|LH60D,KH64Q",0.042989343,-0.33132753,2,1
1MHP_HL_A|LL48F,0.71227974,0.113143146,2,1
1MHP_HL_A|LL48K,0.8612009,0.33630082,2,1
1MHP_HL_A|LL48W,1.9075676,-0.34988517,2,1
1MHP_HL_A|NL29V,1.0493295,-0.4191066,2,1
1MHP_HL_A|NL29W,1.572685,-0.65649754,2,1
1MHP_HL_A|NL29Y,1.9075676,-0.6047668,2,1
"1MHP_HL_A|NL29Y,SL90I",0.43436813,-0.79498976,2,1
1MHP_HL_A|NL51D,0.5007625,-0.074060485,2,1
1MHP_HL_A|NL51E,-0.08868487,-0.13621223,2,1
1MHP_HL_A|NL51K,0.65751,-0.02219081,2,1
1MHP_HL_A|NL51R,0.84484076,-0.19530101,2,1
1MHP_HL_A|NL51Y,-0.05162489,-0.51551086,2,1
1MHP_HL_A|RH31Q,1.3073281,0.04527126,2,1
1MHP_HL_A|SH35A,1.572685,0.52612644,2,1
"1MHP_HL_A|SH35A,GH102S",1.572685,0.65716785,2,1
1MHP_HL_A|SH35Q,2.727121,-0.32774067,2,1
"1MHP_HL_A|SH35V,GH102S",1.4256749,-0.0054451935,2,1
1MHP_HL_A|SH52M,2.0758402,-0.23532884,2,1
1MHP_HL_A|SL23R,-0.21533228,0.016873632,2,1
1MHP_HL_A|SL27Q,-0.6661127,-0.36130816,2,1
1MHP_HL_A|SL90Q,1.7740332,-0.11744672,2,1
1MHP_HL_A|SL90T,2.3166485,0.28005564,2,1
"1MHP_HL_A|TH33E,GH53Q",1.6674565,-0.35864416,2,1
"1MHP_HL_A|TH33I,SH52T,GH53N,GH54N",1.9075676,0.615233,2,1
"1MHP_HL_A|TH33I,SH52T,GH53Q,GH54F",1.2553134,-0.14969048,2,1
1MHP_HL_A|TH33N,2.727121,0.03608187,2,1
1MHP_HL_A|TH33V,0.43436813,-0.32124493,2,1
1MHP_HL_A|TH50V,-0.13159887,-0.3844848,2,1
"1MHP_HL_A|TH50V,GH102S",1.6674565,-0.056787122,2,1
"1MHP_HL_A|TH50V,KH64E",-0.1805197,-0.87018067,2,1
"1MHP_HL_A|TH50V,KH64E,SL27Q,NL51E",-1.267319,-1.5830958,2,1
"1MHP_HL_A|TH50V,KH64E,SL27Q,NL51Y",-1.0844951,-1.8083963,2,1
"1MHP_HL_A|TH50V,SH35A",2.0758402,0.059013177,2,1
"1MHP_HL_A|TH50V,SH35V",2.727121,-0.61841255,2,1
"1MHP_HL_A|TH50V,SL27Q",-0.6946839,-0.6637714,2,1
"1MHP_HL_A|TH50V,SL27Q,NL51Y",-1.0235296,-1.2632262,2,1
1MHP_HL_A|WL89Q,2.0758402,0.522477,2,1
"1MHP_HL_A|WL89Q,FL32Y",0.871019,0.2438871,2,1
1MHP_HL_A|YH58E,2.0758402,0.23886636,2,1
1MHP_HL_A|YH58Q,2.0758402,0.35821337,2,1
1MHP_HL_A|YH58W,0.82094526,-0.07266267,2,1
1MHP_HL_A|YH59E,0.54400706,0.2211434,2,1
1N8Z_AB_C|DB102W,-0.71302944,-0.45057324,2,1
1N8Z_AB_C|FC539A,0.035102826,0.9458155,2,1
1N8Z_AB_C|HA91F,0.034232877,-0.29904187,2,1
1N8Z_AB_C|LC509A,-0.023045197,1.2687281,2,1
1N8Z_AB_C|NA30S,0.06666317,-0.27993023,2,1
"1N8Z_AB_C|NA30S,HA91F,YA92W",-0.07476232,-0.4136352,2,1
"1N8Z_AB_C|NA30S,HA91F,YA92W,TA94S,DB102W,YB105F,YB109V",0.050661404,-0.49441037,2,1
1N8Z_AB_C|RB50A,2.9754758,0.40345463,2,1
1N8Z_AB_C|RB59A,1.8037988,0.33887112,2,1
1N8Z_AB_C|SC535A,0.030827092,0.36682096,2,1
1N8Z_AB_C|TA94S,0.32168603,-0.06470086,2,1
1N8Z_AB_C|VC536A,0.008972699,0.56951034,2,1
1N8Z_AB_C|YB105F,0.8540034,0.5917749,2,1
1N8Z_AB_C|YB109V,0.23192272,0.21670258,2,1
1XGQ_AB_C|VB33A,1.1525793,1.2925737,2,1
1XGQ_AB_C|VB33F,-2.9080825,-0.15621871,2,1
1XGQ_AB_C|VB33I,-1.1076277,0.06840867,2,1
1XGQ_AB_C|VB33L,-1.0463123,-0.12529038,2,1
1YQV_HL_Y|RY45K,1.8995041,0.15267333,2,1
"1YQV_HL_Y|RY68K,TY40S,IY55V,SY91T",4.0,0.13791618,2,1
"1YQV_HL_Y|RY68K,TY40S,IY55V,SY91T,QY121H",0.0,0.096764416,2,1
1YY9_CD_A|AC25P,0.07225565,-0.5809725,2,1
1YY9_CD_A|AD98P,1.0372273,-0.89009523,2,1
1YY9_CD_A|GD54P,0.26807046,-0.09536007,2,1
1YY9_CD_A|LD29P,0.030827092,-0.0011474341,2,1
1YY9_CD_A|NC93A,-0.74186975,0.17187677,2,1
1YY9_CD_A|ND56A,-0.057046015,0.17918009,2,1
1YY9_CD_A|SC26D,-0.19925442,-0.059645846,2,1
"1YY9_CD_A|SC26D,TC31E,NC93A",-1.3329437,-0.29460183,2,1
"1YY9_CD_A|SC26D,TC31E,NC93A,ND56A,TD61E",-0.6517935,-0.76538366,2,1
1YY9_CD_A|SC26P,-0.009110746,-0.081314325,2,1
1YY9_CD_A|SC28P,-0.22229962,-0.2705072,2,1
1YY9_CD_A|SC54P,-0.018363854,-0.13906875,2,1
1YY9_CD_A|SD53P,0.8175451,-0.31852496,2,1
1YY9_CD_A|TC31E,-0.51892465,0.1306625,2,1
"1YY9_CD_A|TC31E,NC93A",-0.81853306,0.03231344,2,1
1YY9_CD_A|TC96P,4.0,-0.101518214,2,1
1YY9_CD_A|TD61E,-0.057046015,-0.15724367,2,1
1YY9_CD_A|WD52P,1.4782712,0.25958663,2,1
1YY9_CD_A|YD101P,1.6514195,0.22428593,2,1
3NPS_A_BC|DA214A,1.466743,0.57930094,2,1
3NPS_A_BC|DA46A,0.3399866,0.83160746,2,1
3NPS_A_BC|DA47A,1.0674704,0.4315808,2,1
3NPS_A_BC|DA91A,1.5070341,0.83204675,2,1
3NPS_A_BC|EA163A,0.61534816,0.5255686,2,1
3NPS_A_BC|FA50A,0.21957076,1.4410694,2,1
3NPS_A_BC|FA89A,1.5714045,1.1361542,2,1
3NPS_A_BC|FA92A,0.46353978,1.3617867,2,1
3NPS_A_BC|HA138A,1.8750918,0.49463218,2,1
3NPS_A_BC|IA26A,0.6415425,0.842047,2,1
3NPS_A_BC|IA45A,-0.33181784,1.0081882,2,1
3NPS_A_BC|KA221A,-0.10361039,0.68558645,2,1
3NPS_A_BC|LA147A,0.29573628,0.83006495,2,1
3NPS_A_BC|NA90A,0.25341922,0.72639096,2,1
3NPS_A_BC|QA140A,0.29573628,0.52122253,2,1
3NPS_A_BC|QA168A,-0.059223834,0.88953114,2,1
3NPS_A_BC|QA169A,0.7409076,0.7773373,2,1
3NPS_A_BC|QA218A,-0.040916756,0.770677,2,1
3NPS_A_BC|QA23A,0.026323749,0.8208904,2,1
3NPS_A_BC|RA219A,-0.08390186,0.42690313,2,1
3NPS_A_BC|RA48A,-1.062741,0.5737122,2,1
3NPS_A_BC|RA51A,0.13816836,0.89848846,2,1
3NPS_A_BC|RA82A,-0.15159543,0.44251835,2,1
3NPS_A_BC|TA144A,0.17497002,0.51862264,2,1
3NPS_A_BC|TA93A,0.72381234,0.70820934,2,1
3NPS_A_BC|YA141A,1.7748737,1.0995481,2,1
3NPS_A_BC|YA52A,0.4518898,1.2733538,2,1
3W2D_A_HL|KA67N,4.0,0.13078558,2,1
3W2D_A_HL|KA67R,-0.42812017,0.044440653,2,1
3W2D_A_HL|YA45F,0.8779443,-0.32768476,2,1
3W2D_A_HL|YA45L,2.3647563,-0.03629207,2,1
"4KRO_A_B|DA321T,FA323A",0.1269707,0.8741027,2,1
"4KRP_A_B|DA277T,FA279A",0.35829666,0.9885921,2,1
4NM8_ABCDEF_HL|DB19N,0.66149956,0.19988826,2,1
4NM8_ABCDEF_HL|IB18M,0.10977998,-0.2346882,2,1
4NM8_ABCDEF_HL|LB38Y,-0.6151596,-0.18149047,2,1
4NM8_ABCDEF_HL|QB34R,2.9754758,0.22441718,2,1
4NM8_ABCDEF_HL|QB34T,2.3309386,-0.031496808,2,1
4NM8_ABCDEF_HL|RB25M,3.442353,-0.07243025,2,1
4NM8_ABCDEF_HL|TB32E,-0.5517196,0.009618897,2,1
4NM8_ABCDEF_HL|TB32I,-0.050205972,-0.09172425,2,1
4NM8_ABCDEF_HL|TB32R,1.2211944,0.14610513,2,1
1DVF_AB_CD|DB100A,2.7895143,2.0505216,2,2
"1DVF_AB_CD|DB100A,DD52A",4.0,2.753043,2,2
"1DVF_AB_CD|DB100A,HD33A",4.0,0.9802213,2,2
"1DVF_AB_CD|DB100A,ND55A",4.0,1.6916081,2,2
1DVF_AB_CD|DB54A,4.0,1.091525,2,2
"1DVF_AB_CD|DB54A,YC49A",4.0,1.4249439,2,2
1DVF_AB_CD|DB58A,1.6000048,0.41930518,2,2
"1DVF_AB_CD|DB58A,QD104A",1.4641725,0.42019793,2,2
1DVF_AB_CD|DD52A,1.6822901,0.45454803,2,2
1DVF_AB_CD|EB98A,4.0,1.2708073,2,2
"1DVF_AB_CD|EB98A,YD102A",4.0,2.6526833,2,2
1DVF_AB_CD|HA30A,1.6493824,0.31830198,2,2
1DVF_AB_CD|HD33A,1.8606005,0.16142347,2,2
1DVF_AB_CD|ID101A,2.6815457,0.77218527,2,2
1DVF_AB_CD|KD30A,1.0035173,0.28483197,2,2
1DVF_AB_CD|NB56A,1.1624389,0.49533477,2,2
"1DVF_AB_CD|NB56A,HD33A",2.5259995,0.693219,2,2
"1DVF_AB_CD|NB56A,ND55A",2.3010929,0.67793494,2,2
"1DVF_AB_CD|NB56A,QD104A",1.4868644,1.3427591,2,2
1DVF_AB_CD|ND55A,1.8606005,0.33969665,2,2
1DVF_AB_CD|QD104A,1.6287225,0.35379508,2,2
1DVF_AB_CD|RB99A,1.8746451,0.55656147,2,2
1DVF_AB_CD|RD106A,4.0,0.31495076,2,2
1DVF_AB_CD|SA93A,1.1624389,0.3954168,2,2
1DVF_AB_CD|TB30A,0.9075126,0.037061747,2,2
1DVF_AB_CD|WA92A,0.34072307,0.25417534,2,2
1DVF_AB_CD|WB52A,4.0,1.4560558,2,2
"1DVF_AB_CD|WB52A,QD104A",4.0,1.5545974,2,2
1DVF_AB_CD|YA32A,2.0303695,1.018428,2,2
"1DVF_AB_CD|YA32A,RD106A",4.0,1.0094371,2,2
1DVF_AB_CD|YA49A,1.6785902,1.2496071,2,2
"1DVF_AB_CD|YA49A,HD33A",2.625045,0.5930133,2,2
"1DVF_AB_CD|YA49A,ND55A",2.0303695,0.86066157,2,2
1DVF_AB_CD|YA50A,0.6877736,0.65002143,2,2
1DVF_AB_CD|YB101F,2.0123136,1.6097043,2,2
1DVF_AB_CD|YB32A,1.8314707,0.90112567,2,2
1DVF_AB_CD|YC49A,1.8606005,0.63765764,2,2
1DVF_AB_CD|YD102A,4.0,1.8677925,2,2
1MHP_HL_A|FH99W,0.0,-0.41248152,2,2
1MHP_HL_A|FH99Y,0.75466895,-0.6652024,2,2
1MHP_HL_A|GH100F,0.38901797,-0.12594116,2,2
1MHP_HL_A|GH100L,2.727121,0.3251423,2,2
1MHP_HL_A|GH100M,0.10213403,0.048946988,2,2
1MHP_HL_A|GH100S,0.5577475,-0.12177722,2,2
1MHP_HL_A|GH53A,0.5126066,-0.36848852,2,2
1MHP_HL_A|GH53N,1.2553134,-0.2167476,2,2
1MHP_HL_A|GH53S,0.6755934,-0.655215,2,2
1MHP_HL_A|GH54I,1.3635606,-0.07140581,2,2
1MHP_HL_A|GH54T,1.1641668,0.05205642,2,2
1MHP_HL_A|GH54Y,0.0,-1.0631788,2,2
1MHP_HL_A|GL91Q,1.572685,-0.06626898,2,2
1MHP_HL_A|GL91S,0.5126066,-0.43828598,2,2
1MHP_HL_A|HL30K,1.1641668,0.93048424,2,2
1MHP_HL_A|HL30R,1.1237977,-0.5518022,2,2
1MHP_HL_A|HL30W,1.2553134,-0.3984703,2,2
1MHP_HL_A|KH64D,-0.17144196,-0.18528494,2,2
1MHP_HL_A|KH64E,-0.07761467,-0.15305269,2,2
"1MHP_HL_A|KH64E,SL27Q",-0.85684633,-1.0215698,2,2
"1MHP_HL_A|KH64E,SL27Q,NL51Y",-1.0191593,-1.3932061,2,2
1MHP_HL_A|KH64N,-0.03627145,0.047275957,2,2
1MHP_HL_A|KH64Q,-0.07761467,0.047429655,2,2
1MHP_HL_A|LH60D,-0.061319917,-0.27213502,2,2
"1MHP_HL_A|LH60D,KH64E",-0.1418005,-0.39016822,2,2
"1MHP_HL_A|LH60D,KH64Q",0.042989343,-0.15398489,2,2
1MHP_HL_A|LL48F,0.71227974,-0.46730444,2,2
1MHP_HL_A|LL48K,0.8612009,0.14019926,2,2
1MHP_HL_A|LL48W,1.9075676,-0.5152939,2,2
1MHP_HL_A|NL29V,1.0493295,0.15000322,2,2
1MHP_HL_A|NL29W,1.572685,0.11671659,2,2
1MHP_HL_A|NL29Y,1.9075676,-0.22619668,2,2
"1MHP_HL_A|NL29Y,SL90I",0.43436813,-0.18182585,2,2
1MHP_HL_A|NL51D,0.5007625,-0.3828772,2,2
1MHP_HL_A|NL51E,-0.08868487,-0.19570431,2,2
1MHP_HL_A|NL51K,0.65751,0.3792333,2,2
1MHP_HL_A|NL51R,0.84484076,0.026218664,2,2
1MHP_HL_A|NL51Y,-0.05162489,-0.31728262,2,2
1MHP_HL_A|RH31Q,1.3073281,0.08724365,2,2
1MHP_HL_A|SH35A,1.572685,2.046527,2,2
"1MHP_HL_A|SH35A,GH102S",1.572685,1.5228039,2,2
1MHP_HL_A|SH35Q,2.727121,1.3702413,2,2
"1MHP_HL_A|SH35V,GH102S",1.4256749,1.3574562,2,2
1MHP_HL_A|SH52M,2.0758402,0.81111294,2,2
1MHP_HL_A|SL23R,-0.21533228,-0.13882077,2,2
1MHP_HL_A|SL27Q,-0.6661127,-0.36545816,2,2
1MHP_HL_A|SL90Q,1.7740332,0.3310432,2,2
1MHP_HL_A|SL90T,2.3166485,0.41712013,2,2
"1MHP_HL_A|TH33E,GH53Q",1.6674565,1.0575122,2,2
"1MHP_HL_A|TH33I,SH52T,GH53N,GH54N",1.9075676,0.7982075,2,2
"1MHP_HL_A|TH33I,SH52T,GH53Q,GH54F",1.2553134,0.27049822,2,2
1MHP_HL_A|TH33N,2.727121,0.18130451,2,2
1MHP_HL_A|TH33V,0.43436813,0.56358033,2,2
1MHP_HL_A|TH50V,-0.13159887,0.08443917,2,2
"1MHP_HL_A|TH50V,GH102S",1.6674565,-0.36760834,2,2
"1MHP_HL_A|TH50V,KH64E",-0.1805197,-0.43543038,2,2
"1MHP_HL_A|TH50V,KH64E,SL27Q,NL51E",-1.267319,-1.1654685,2,2
"1MHP_HL_A|TH50V,KH64E,SL27Q,NL51Y",-1.0844951,-1.5119181,2,2
"1MHP_HL_A|TH50V,SH35A",2.0758402,1.6289788,2,2
"1MHP_HL_A|TH50V,SH35V",2.727121,1.5162487,2,2
"1MHP_HL_A|TH50V,SL27Q",-0.6946839,-0.16526511,2,2
"1MHP_HL_A|TH50V,SL27Q,NL51Y",-1.0235296,-0.97614557,2,2
1MHP_HL_A|WL89Q,2.0758402,1.2707033,2,2
"1MHP_HL_A|WL89Q,FL32Y",0.871019,0.62572074,2,2
1MHP_HL_A|YH58E,2.0758402,1.0047762,2,2
1MHP_HL_A|YH58Q,2.0758402,1.2829006,2,2
1MHP_HL_A|YH58W,0.82094526,0.7678865,2,2
1MHP_HL_A|YH59E,0.54400706,0.7528423,2,2
1N8Z_AB_C|DB102W,-0.71302944,-0.13202663,2,2
1N8Z_AB_C|FC539A,0.035102826,1.3859781,2,2
1N8Z_AB_C|HA91F,0.034232877,-0.113523476,2,2
1N8Z_AB_C|LC509A,-0.023045197,0.6099827,2,2
1N8Z_AB_C|NA30S,0.06666317,0.08841957,2,2
"1N8Z_AB_C|NA30S,HA91F,YA92W",-0.07476232,0.4945865,2,2
"1N8Z_AB_C|NA30S,HA91F,YA92W,TA94S,DB102W,YB105F,YB109V",0.050661404,0.915751,2,2
1N8Z_AB_C|RB50A,2.9754758,1.0903046,2,2
1N8Z_AB_C|RB59A,1.8037988,0.55138767,2,2
1N8Z_AB_C|SC535A,0.030827092,0.25366232,2,2
1N8Z_AB_C|TA94S,0.32168603,0.2603911,2,2
1N8Z_AB_C|VC536A,0.008972699,0.80652165,2,2
1N8Z_AB_C|YB105F,0.8540034,1.5671176,2,2
1N8Z_AB_C|YB109V,0.23192272,0.21839187,2,2
1XGQ_AB_C|VB33A,1.1525793,0.6500376,2,2
1XGQ_AB_C|VB33F,-2.9080825,-2.0465927,2,2
1XGQ_AB_C|VB33I,-1.1076277,-0.9579222,2,2
1XGQ_AB_C|VB33L,-1.0463123,-0.7685112,2,2
1YQV_HL_Y|RY45K,1.8995041,0.62242013,2,2
"1YQV_HL_Y|RY68K,TY40S,IY55V,SY91T",4.0,1.5040745,2,2
"1YQV_HL_Y|RY68K,TY40S,IY55V,SY91T,QY121H",0.0,1.865392,2,2
1YY9_CD_A|AC25P,0.07225565,0.15860139,2,2
1YY9_CD_A|AD98P,1.0372273,-1.1223714,2,2
1YY9_CD_A|GD54P,0.26807046,0.04126777,2,2
1YY9_CD_A|LD29P,0.030827092,0.20594335,2,2
1YY9_CD_A|NC93A,-0.74186975,0.54933953,2,2
1YY9_CD_A|ND56A,-0.057046015,0.32650545,2,2
1YY9_CD_A|SC26D,-0.19925442,0.21483785,2,2
"1YY9_CD_A|SC26D,TC31E,NC93A",-1.3329437,0.47002718,2,2
"1YY9_CD_A|SC26D,TC31E,NC93A,ND56A,TD61E",-0.6517935,-0.1236738,2,2
1YY9_CD_A|SC26P,-0.009110746,0.38421,2,2
1YY9_CD_A|SC28P,-0.22229962,-0.584579,2,2
1YY9_CD_A|SC54P,-0.018363854,-0.070324585,2,2
1YY9_CD_A|SD53P,0.8175451,-0.44747475,2,2
1YY9_CD_A|TC31E,-0.51892465,0.9115483,2,2
"1YY9_CD_A|TC31E,NC93A",-0.81853306,1.19337,2,2
1YY9_CD_A|TC96P,4.0,-0.16515334,2,2
1YY9_CD_A|TD61E,-0.057046015,0.0038198605,2,2
1YY9_CD_A|WD52P,1.4782712,0.5054651,2,2
1YY9_CD_A|YD101P,1.6514195,1.1474315,2,2
3NPS_A_BC|DA214A,1.466743,0.37638527,2,2
3NPS_A_BC|DA46A,0.3399866,0.29797995,2,2
3NPS_A_BC|DA47A,1.0674704,1.1990309,2,2
3NPS_A_BC|DA91A,1.5070341,0.8231172,2,2
3NPS_A_BC|EA163A,0.61534816,-0.2903519,2,2
3NPS_A_BC|FA50A,0.21957076,1.0717632,2,2
3NPS_A_BC|FA89A,1.5714045,0.67451847,2,2
3NPS_A_BC|FA92A,0.46353978,0.7361852,2,2
3NPS_A_BC|HA138A,1.8750918,0.04453257,2,2
3NPS_A_BC|IA26A,0.6415425,-0.05968711,2,2
3NPS_A_BC|IA45A,-0.33181784,0.8053077,2,2
3NPS_A_BC|KA221A,-0.10361039,0.3932818,2,2
3NPS_A_BC|LA147A,0.29573628,0.48594597,2,2
3NPS_A_BC|NA90A,0.25341922,0.42359075,2,2
3NPS_A_BC|QA140A,0.29573628,0.7873238,2,2
3NPS_A_BC|QA168A,-0.059223834,0.30733043,2,2
3NPS_A_BC|QA169A,0.7409076,2.3186088,2,2
3NPS_A_BC|QA218A,-0.040916756,0.34574327,2,2
3NPS_A_BC|QA23A,0.026323749,0.5223044,2,2
3NPS_A_BC|RA219A,-0.08390186,-0.18186972,2,2
3NPS_A_BC|RA48A,-1.062741,0.040459383,2,2
3NPS_A_BC|RA51A,0.13816836,-0.16221732,2,2
3NPS_A_BC|RA82A,-0.15159543,0.048960295,2,2
3NPS_A_BC|TA144A,0.17497002,0.67996395,2,2
3NPS_A_BC|TA93A,0.72381234,1.205126,2,2
3NPS_A_BC|YA141A,1.7748737,1.2220566,2,2
3NPS_A_BC|YA52A,0.4518898,0.025981281,2,2
3W2D_A_HL|KA67N,4.0,0.64885956,2,2
3W2D_A_HL|KA67R,-0.42812017,0.84709704,2,2
3W2D_A_HL|YA45F,0.8779443,-0.3274433,2,2
3W2D_A_HL|YA45L,2.3647563,0.84740543,2,2
"4KRO_A_B|DA321T,FA323A",0.1269707,0.9768386,2,2
"4KRP_A_B|DA277T,FA279A",0.35829666,0.86892307,2,2
4NM8_ABCDEF_HL|DB19N,0.66149956,0.40267995,2,2
4NM8_ABCDEF_HL|IB18M,0.10977998,0.26550874,2,2
4NM8_ABCDEF_HL|LB38Y,-0.6151596,-0.31766587,2,2
4NM8_ABCDEF_HL|QB34R,2.9754758,0.92861825,2,2
4NM8_ABCDEF_HL|QB34T,2.3309386,0.7340798,2,2
4NM8_ABCDEF_HL|RB25M,3.442353,0.5214776,2,2
4NM8_ABCDEF_HL|TB32E,-0.5517196,0.53179437,2,2
4NM8_ABCDEF_HL|TB32I,-0.050205972,0.86615175,2,2
4NM8_ABCDEF_HL|TB32R,1.2211944,0.9208527,2,2
"1CZ8_HL_VW|LL4M,DH28T,HH31N,YH101H,TH105S",2.939849,1.1576538,3,0
1KIR_AB_C|SA50Y,-1.3870943,-1.0585302,3,0
1MLC_AB_E|KB65D,0.018548755,-0.76851386,3,0
1MLC_AB_E|NA32G,-0.8773867,0.8542545,3,0
"1MLC_AB_E|NA32G,NA92A",-0.6866531,0.7505896,3,0
"1MLC_AB_E|NA32G,NA92A,SB57V,TB58D",-1.7349738,-0.8114517,3,0
1MLC_AB_E|NA32Y,0.0,-1.0352226,3,0
1MLC_AB_E|NA92A,-1.2533532,0.024339493,3,0
"1MLC_AB_E|NA92A,SB57V,TB58D",-2.394188,-0.71452045,3,0
"1MLC_AB_E|NA92A,TB28D,SB57V,TB58D",-2.5813644,-1.200686,3,0
"1MLC_AB_E|NA92A,TB28D,SB57V,TB58D,EB35S,GB99D",-2.9539242,-1.2902355,3,0
"1MLC_AB_E|NA92A,TB28D,SB57V,TB58D,GB99D",-0.20357698,-1.1683503,3,0
"1MLC_AB_E|NA92A,TB28D,SB57V,TB58D,NA32L",-2.5843081,-1.5050584,3,0
"1MLC_AB_E|NA92A,TB28D,SB57V,TB58D,RB98M,DB100Q",-0.41047263,-1.2785126,3,0
"1MLC_AB_E|NA92A,TB28D,SB57V,TB58D,SA91N,SA93A",-1.6104395,-0.8305614,3,0
"1MLC_AB_E|NA92A,TB28D,SB57V,TB58D,SB30G",-2.3584673,-1.2161429,3,0
"1MLC_AB_E|NA92A,TB28D,SB57V,TB58D,YB32W,RB98V,DB100Q",0.36138764,-1.1841388,3,0
"1MLC_AB_E|NA92A,TB28D,SB57V,TB58D,YB59E",-1.4661698,-0.6964895,3,0
1MLC_AB_E|SB57A,-0.37902167,0.18639441,3,0
1MLC_AB_E|SB57V,-0.49418068,-0.107975006,3,0
"1MLC_AB_E|SB57V,TB58D",-0.9877286,-0.6733069,3,0
1MLC_AB_E|TB28D,-0.15094383,-0.45766357,3,0
1MLC_AB_E|TB31A,0.44700673,0.39268374,3,0
1MLC_AB_E|TB31V,0.5262404,0.11995448,3,0
1MLC_AB_E|TB31W,0.13214268,-0.3708817,3,0
1MLC_AB_E|TB58D,-0.55968237,-0.46586555,3,0
1NCA_N_LH|DH101K,0.71416,1.1184365,3,0
1NCA_N_LH|EH100D,0.41047263,0.09606864,3,0
1NCA_N_LH|NH102Q,0.5426153,-0.09132838,3,0
1NCA_N_LH|NH31Q,0.0,0.0573156,3,0
1NMB_N_LH|DH57E,2.9536283,0.5109348,3,0
1NMB_N_LH|DH57N,2.9536283,0.43498644,3,0
1NMB_N_LH|LL94V,0.9000208,-0.31413823,3,0
1NMB_N_LH|TL93F,-0.023903161,-0.3776199,3,0
1NMB_N_LH|TL93W,0.18419003,-1.0782658,3,0
1NMB_N_LH|YH103A,2.14062,0.65762496,3,0
1NMB_N_LH|YH105F,1.4194101,0.6842981,3,0
1NMB_N_LH|YL32F,0.46632215,1.2598047,3,0
1VFB_AB_C|DB100A,3.005002,2.3397832,3,0
"1VFB_AB_C|DB100A,SC24A",3.369756,3.1922488,3,0
1VFB_AB_C|DB54A,0.8151114,2.3715367,3,0
"1VFB_AB_C|DB54A,TC118A",1.2546439,2.7405894,3,0
1VFB_AB_C|DB58A,-0.20700333,0.9118169,3,0
1VFB_AB_C|DB58E,0.078081094,0.4016991,3,0
1VFB_AB_C|DB58N,-0.12818155,0.23349495,3,0
1VFB_AB_C|DC119A,0.9530879,1.6990539,3,0
1VFB_AB_C|DC18A,0.34013057,1.5918803,3,0
1VFB_AB_C|EB98A,1.1565572,2.5320225,3,0
1VFB_AB_C|GB31A,0.30646533,0.32767323,3,0
1VFB_AB_C|GB31E,-0.5097613,-0.24336168,3,0
1VFB_AB_C|GB31W,0.0039611305,-0.32796627,3,0
1VFB_AB_C|HA30A,0.84488255,0.5424543,3,0
1VFB_AB_C|IC124A,1.2314179,0.26956046,3,0
1VFB_AB_C|KC116A,0.7134504,1.3707618,3,0
1VFB_AB_C|LC129A,0.17154472,0.07645566,3,0
1VFB_AB_C|NA31W,0.17432266,-0.06453875,3,0
1VFB_AB_C|NB56A,0.17771798,0.5422956,3,0
1VFB_AB_C|NC19A,0.3960868,0.43461907,3,0
1VFB_AB_C|QC121A,2.876998,0.8413171,3,0
1VFB_AB_C|RB99A,-0.099735305,1.6599808,3,0
1VFB_AB_C|RB99W,0.7049742,0.43677008,3,0
1VFB_AB_C|RB99Y,1.235379,0.0032720407,3,0
1VFB_AB_C|RC125A,1.8368999,0.81960386,3,0
1VFB_AB_C|SA93A,0.34312394,0.31739593,3,0
1VFB_AB_C|SB28D,0.0,-0.0787197,3,0
1VFB_AB_C|SB28E,-0.104007296,0.12899579,3,0
1VFB_AB_C|SB28N,0.14394745,0.13771708,3,0
1VFB_AB_C|SB28Q,0.078081094,0.18029816,3,0
1VFB_AB_C|SC24A,0.850965,0.9275607,3,0
1VFB_AB_C|TA52F,0.4708752,-0.43643165,3,0
1VFB_AB_C|TA53R,1.6458516,-0.23975979,3,0
1VFB_AB_C|TB30A,-0.05584954,-0.030616567,3,0
1VFB_AB_C|TC118A,0.7650957,0.6029151,3,0
1VFB_AB_C|VC120A,0.9169499,0.4217711,3,0
1VFB_AB_C|WA92A,3.037848,1.2008275,3,0
"1VFB_AB_C|WA92A,IC124A",3.8503337,1.1827676,3,0
"1VFB_AB_C|WA92A,LC129A",3.3073628,0.9681868,3,0
"1VFB_AB_C|WA92A,QC121A",3.5189366,1.90966,3,0
"1VFB_AB_C|WA92A,RC125A",3.3932896,1.7364122,3,0
1VFB_AB_C|WB52A,0.6406274,2.8301716,3,0
"1VFB_AB_C|WB52A,DC119A",2.2473724,5.137933,3,0
1VFB_AB_C|YA32A,1.5281335,2.3409483,3,0
"1VFB_AB_C|YA32A,IC124A",2.9057157,2.34669,3,0
"1VFB_AB_C|YA32A,QC121A",1.586041,3.3924627,3,0
1VFB_AB_C|YA49A,0.79754156,1.3447757,3,0
1VFB_AB_C|YA50A,0.456086,1.6616405,3,0
"1VFB_AB_C|YA50A,DC119A",1.2314179,4.0114684,3,0
"1VFB_AB_C|YA50A,DC18A",1.265924,3.52794,3,0
1VFB_AB_C|YA50K,1.7156012,1.2312536,3,0
1VFB_AB_C|YA50R,0.8443241,0.7717763,3,0
1VFB_AB_C|YB101F,1.2695644,2.5588677,3,0
"1VFB_AB_C|YB101F,DC119A",2.736521,4.992721,3,0
"1VFB_AB_C|YB101F,VC120A",2.5384777,3.158125,3,0
1VFB_AB_C|YB32A,0.7916793,1.1614336,3,0
"1VFB_AB_C|YB32A,KC116A",1.586041,2.4955,3,0
1VFB_AB_C|YB32E,1.9021881,0.61138856,3,0
1VFB_AB_C|YC23A,0.41047263,1.6374398,3,0
1XGP_AB_C|AB33F,-4.0,-2.7006483,3,0
1XGP_AB_C|AB33I,-2.260207,-1.3997288,3,0
1XGP_AB_C|AB33L,-2.1988916,-1.5375706,3,0
1XGP_AB_C|AB33V,-1.1525793,-1.1054752,3,0
2JEL_LH_P|AP82S,0.0,-0.022794329,3,0
2JEL_LH_P|DP69E,0.9530879,0.6083757,3,0
2JEL_LH_P|EP5D,0.41047263,-0.22529848,3,0
2JEL_LH_P|EP5Q,0.7129768,0.22161523,3,0
2JEL_LH_P|EP68A,0.41047263,0.84661376,3,0
2JEL_LH_P|EP75R,2.727121,1.011718,3,0
2JEL_LH_P|EP83A,0.0,0.5780582,3,0
2JEL_LH_P|EP85A,0.0,0.3013471,3,0
2JEL_LH_P|EP85D,0.0,-0.22386357,3,0
2JEL_LH_P|EP85K,0.0,0.31073123,3,0
2JEL_LH_P|EP85Q,0.0,0.26643074,3,0
2JEL_LH_P|FP2W,2.6191528,0.42506388,3,0
2JEL_LH_P|FP2Y,0.0,-0.37350884,3,0
2JEL_LH_P|HP76A,-0.41047263,0.47942188,3,0
2JEL_LH_P|HP76D,-0.65058374,-0.050012466,3,0
2JEL_LH_P|KP24E,0.0,0.81188035,3,0
2JEL_LH_P|KP27E,0.0,0.9684607,3,0
2JEL_LH_P|KP72E,0.41047263,-0.1752254,3,0
2JEL_LH_P|KP72R,0.0,0.41698638,3,0
2JEL_LH_P|KP79E,0.41047263,0.7421198,3,0
2JEL_LH_P|NP12D,0.0,-0.77107346,3,0
2JEL_LH_P|NP38T,0.0,-0.18944047,3,0
2JEL_LH_P|PP11E,0.0,0.0028793113,3,0
2JEL_LH_P|QP3K,4.0,-0.15946223,3,0
2JEL_LH_P|QP4K,1.3635606,-0.9725505,3,0
2JEL_LH_P|QP57E,-0.41047263,0.35842896,3,0
2JEL_LH_P|QP71E,2.727121,0.12543154,3,0
2JEL_LH_P|RP17G,0.0,0.4359387,3,0
2JEL_LH_P|RP17K,0.0,-0.20220287,3,0
2JEL_LH_P|SP41C,1.4957032,0.71342707,3,0
2JEL_LH_P|SP43C,0.0,0.5008515,3,0
2JEL_LH_P|SP46C,0.0,0.3268298,3,0
2JEL_LH_P|SP64T,4.0,-0.37125334,3,0
2JEL_LH_P|TP34Q,0.0,0.17134415,3,0
2JEL_LH_P|TP36Q,0.41047263,0.10708895,3,0
2JEL_LH_P|TP62A,0.0,1.207805,3,0
2JEL_LH_P|TP62N,0.0,0.95853937,3,0
2JEL_LH_P|TP7N,0.41047263,0.7016934,3,0
2JEL_LH_P|TP7S,0.0,0.62300354,3,0
2JEL_LH_P|VP6F,0.0,-0.61778086,3,0
"2NY7_HL_G|CG27I,CG226Q",0.19971907,-0.8461559,3,0
"2NY7_HL_G|CG27I,CG226Q,MG231A",0.20319231,-1.1616426,3,0
"2NY7_HL_G|GG229C,MG231A",-0.37879732,0.09417823,3,0
"2NY7_HL_G|GG229C,WG13M,MG231A,CG14W,CG110V,CG27I,CG226Q",0.21462485,-2.2835634,3,0
"2NY7_HL_G|KG66C,EG102C,CG27I,CG226Q",0.04085667,-0.77393824,3,0
"2NY7_HL_G|KG66C,EG102C,WG13M,MG231A,CG14W,CG110V,CG27I,CG226Q",0.3998023,-2.124662,3,0
"2NY7_HL_G|KG66C,EG103C,WG13M,MG231A,CG14W,CG110V,CG27I,CG226Q",0.29989544,-1.9785467,3,0
"2NY7_HL_G|WG13M,MG231A,CG14W,CG110V",1.1574335,-1.0064422,3,0
"2NY7_HL_G|WG13M,MG231A,CG14W,CG110V,CG27I,CG226Q",0.44904727,-2.1397567,3,0
"2NY7_HL_G|WG13M,MG231A,CG14W,CG110V,KG66C,EG102C",0.55101526,-0.8182344,3,0
"2NY7_HL_G|WG13M,SG92T,WG181S,MG231A,CG14W,CG110V,CG27I,CG226Q",-0.3035898,-2.758892,3,0
3BN9_B_CD|DB214A,0.5662115,1.2979813,3,0
3BN9_B_CD|DB46A,0.42238826,1.1258128,3,0
3BN9_B_CD|DB47A,0.31110755,0.74491084,3,0
3BN9_B_CD|EB163A,0.37321588,0.13212176,3,0
3BN9_B_CD|FB50A,-0.044997852,1.046433,3,0
3BN9_B_CD|FB89A,0.6392419,1.8594071,3,0
3BN9_B_CD|HB138A,0.085063316,0.5320653,3,0
3BN9_B_CD|IB26A,0.0,0.75898343,3,0
3BN9_B_CD|IB45A,0.8352155,0.34800225,3,0
3BN9_B_CD|KB221A,0.7849689,0.5464649,3,0
3BN9_B_CD|LB147A,0.33619216,0.39304236,3,0
3BN9_B_CD|NB90A,0.7733444,0.9072408,3,0
3BN9_B_CD|PD104H,2.4272547,-0.3160441,3,0
3BN9_B_CD|QB140A,0.1331048,0.066986725,3,0
3BN9_B_CD|QB168A,-0.03469869,-0.07033721,3,0
3BN9_B_CD|QB169A,2.5089848,0.7539497,3,0
3BN9_B_CD|QB218A,0.70571065,0.29652256,3,0
3BN9_B_CD|QB23A,-0.41530684,0.20729692,3,0
3BN9_B_CD|QD105V,1.2241027,-0.1819267,3,0
3BN9_B_CD|RB219A,-0.093698174,-0.13640314,3,0
3BN9_B_CD|RB48A,-0.044997852,0.66959405,3,0
3BN9_B_CD|RB51A,-0.07155777,0.37743774,3,0
3BN9_B_CD|RB82A,-0.15923285,0.13251434,3,0
3BN9_B_CD|SD30G,1.1861069,0.2773924,3,0
3BN9_B_CD|SD30N,1.145505,0.20842305,3,0
3BN9_B_CD|TB144A,0.2908351,0.61700934,3,0
3BN9_B_CD|TB93A,1.1320528,0.91106915,3,0
3BN9_B_CD|TD102Q,-0.02153644,-0.1606311,3,0
3BN9_B_CD|TD102R,-0.058294915,-0.37222227,3,0
3BN9_B_CD|TD28R,0.33290586,-0.17282005,3,0
3BN9_B_CD|YB141A,1.0846525,1.9897915,3,0
3BN9_B_CD|YB52A,0.018951595,0.7145101,3,0
3BN9_B_CD|YD103S,0.45868576,0.91475314,3,0
4GXU_ABCDEF_MN|DA189E,2.1650882,1.3288293,3,0
"4GXU_ABCDEF_MN|DA189E,DA224G",3.0102077,2.1629128,3,0
4GXU_ABCDEF_MN|DA224G,1.9608781,0.7443382,3,0
"1CZ8_HL_VW|LL4M,DH28T,HH31N,YH101H,TH105S",2.939849,1.5987768,3,1
1KIR_AB_C|SA50Y,-1.3870943,-0.21329474,3,1
1MLC_AB_E|KB65D,0.018548755,-0.46913394,3,1
1MLC_AB_E|NA32G,-0.8773867,-0.12992078,3,1
"1MLC_AB_E|NA32G,NA92A",-0.6866531,-0.11890376,3,1
"1MLC_AB_E|NA32G,NA92A,SB57V,TB58D",-1.7349738,-1.0646327,3,1
1MLC_AB_E|NA32Y,0.0,-0.74185467,3,1
1MLC_AB_E|NA92A,-1.2533532,0.16617292,3,1
"1MLC_AB_E|NA92A,SB57V,TB58D",-2.394188,-0.51723915,3,1
"1MLC_AB_E|NA92A,TB28D,SB57V,TB58D",-2.5813644,-0.93752533,3,1
"1MLC_AB_E|NA92A,TB28D,SB57V,TB58D,EB35S,GB99D",-2.9539242,-0.7201941,3,1
"1MLC_AB_E|NA92A,TB28D,SB57V,TB58D,GB99D",-0.20357698,-0.6754043,3,1
"1MLC_AB_E|NA92A,TB28D,SB57V,TB58D,NA32L",-2.5843081,-1.3330116,3,1
"1MLC_AB_E|NA92A,TB28D,SB57V,TB58D,RB98M,DB100Q",-0.41047263,-0.8314607,3,1
"1MLC_AB_E|NA92A,TB28D,SB57V,TB58D,SA91N,SA93A",-1.6104395,-0.23777723,3,1
"1MLC_AB_E|NA92A,TB28D,SB57V,TB58D,SB30G",-2.3584673,-1.2326217,3,1
"1MLC_AB_E|NA92A,TB28D,SB57V,TB58D,YB32W,RB98V,DB100Q",0.36138764,-0.722702,3,1
"1MLC_AB_E|NA92A,TB28D,SB57V,TB58D,YB59E",-1.4661698,-0.5378886,3,1
1MLC_AB_E|SB57A,-0.37902167,-0.17611805,3,1
1MLC_AB_E|SB57V,-0.49418068,-0.46963593,3,1
"1MLC_AB_E|SB57V,TB58D",-0.9877286,-0.6565637,3,1
1MLC_AB_E|TB28D,-0.15094383,-0.2573344,3,1
1MLC_AB_E|TB31A,0.44700673,0.4141328,3,1
1MLC_AB_E|TB31V,0.5262404,0.14213246,3,1
1MLC_AB_E|TB31W,0.13214268,-0.20120624,3,1
1MLC_AB_E|TB58D,-0.55968237,-0.62691355,3,1
1NCA_N_LH|DH101K,0.71416,1.9653053,3,1
1NCA_N_LH|EH100D,0.41047263,0.24433592,3,1
1NCA_N_LH|NH102Q,0.5426153,0.25035998,3,1
1NCA_N_LH|NH31Q,0.0,0.32114345,3,1
1NMB_N_LH|DH57E,2.9536283,0.4275989,3,1
1NMB_N_LH|DH57N,2.9536283,0.40609914,3,1
1NMB_N_LH|LL94V,0.9000208,-0.31594235,3,1
1NMB_N_LH|TL93F,-0.023903161,-0.35584256,3,1
1NMB_N_LH|TL93W,0.18419003,-0.6999322,3,1
1NMB_N_LH|YH103A,2.14062,0.38971287,3,1
1NMB_N_LH|YH105F,1.4194101,0.48248228,3,1
1NMB_N_LH|YL32F,0.46632215,0.500123,3,1
1VFB_AB_C|DB100A,3.005002,2.7197206,3,1
"1VFB_AB_C|DB100A,SC24A",3.369756,3.6660268,3,1
1VFB_AB_C|DB54A,0.8151114,2.5742013,3,1
"1VFB_AB_C|DB54A,TC118A",1.2546439,4.34585,3,1
1VFB_AB_C|DB58A,-0.20700333,1.1375546,3,1
1VFB_AB_C|DB58E,0.078081094,0.37724528,3,1
1VFB_AB_C|DB58N,-0.12818155,0.44535246,3,1
1VFB_AB_C|DC119A,0.9530879,1.3607174,3,1
1VFB_AB_C|DC18A,0.34013057,1.052707,3,1
1VFB_AB_C|EB98A,1.1565572,2.9275868,3,1
1VFB_AB_C|GB31A,0.30646533,1.5023876,3,1
1VFB_AB_C|GB31E,-0.5097613,0.54195005,3,1
1VFB_AB_C|GB31W,0.0039611305,0.31815687,3,1
1VFB_AB_C|HA30A,0.84488255,0.74766153,3,1
1VFB_AB_C|IC124A,1.2314179,0.7210513,3,1
1VFB_AB_C|KC116A,0.7134504,1.030012,3,1
1VFB_AB_C|LC129A,0.17154472,0.737846,3,1
1VFB_AB_C|NA31W,0.17432266,-0.05739507,3,1
1VFB_AB_C|NB56A,0.17771798,0.57465184,3,1
1VFB_AB_C|NC19A,0.3960868,0.08935837,3,1
1VFB_AB_C|QC121A,2.876998,0.66517353,3,1
1VFB_AB_C|RB99A,-0.099735305,1.0448303,3,1
1VFB_AB_C|RB99W,0.7049742,-0.24888647,3,1
1VFB_AB_C|RB99Y,1.235379,-0.29171446,3,1
1VFB_AB_C|RC125A,1.8368999,1.0088396,3,1
1VFB_AB_C|SA93A,0.34312394,1.2347883,3,1
1VFB_AB_C|SB28D,0.0,-0.2011976,3,1
1VFB_AB_C|SB28E,-0.104007296,-0.036575116,3,1
1VFB_AB_C|SB28N,0.14394745,0.0708409,3,1
1VFB_AB_C|SB28Q,0.078081094,0.20974627,3,1
1VFB_AB_C|SC24A,0.850965,0.81604356,3,1
1VFB_AB_C|TA52F,0.4708752,-0.2703626,3,1
1VFB_AB_C|TA53R,1.6458516,0.04361777,3,1
1VFB_AB_C|TB30A,-0.05584954,0.43580496,3,1
1VFB_AB_C|TC118A,0.7650957,1.5387667,3,1
1VFB_AB_C|VC120A,0.9169499,0.24257565,3,1
1VFB_AB_C|WA92A,3.037848,0.70982283,3,1
"1VFB_AB_C|WA92A,IC124A",3.8503337,0.7474958,3,1
"1VFB_AB_C|WA92A,LC129A",3.3073628,0.72752553,3,1
"1VFB_AB_C|WA92A,QC121A",3.5189366,1.165641,3,1
"1VFB_AB_C|WA92A,RC125A",3.3932896,1.509995,3,1
1VFB_AB_C|WB52A,0.6406274,3.3777423,3,1
"1VFB_AB_C|WB52A,DC119A",2.2473724,4.8893385,3,1
1VFB_AB_C|YA32A,1.5281335,1.6076463,3,1
"1VFB_AB_C|YA32A,IC124A",2.9057157,1.9637487,3,1
"1VFB_AB_C|YA32A,QC121A",1.586041,2.389699,3,1
1VFB_AB_C|YA49A,0.79754156,1.5640255,3,1
1VFB_AB_C|YA50A,0.456086,2.113008,3,1
"1VFB_AB_C|YA50A,DC119A",1.2314179,3.8197932,3,1
"1VFB_AB_C|YA50A,DC18A",1.265924,3.325398,3,1
1VFB_AB_C|YA50K,1.7156012,1.9756436,3,1
1VFB_AB_C|YA50R,0.8443241,1.1883464,3,1
1VFB_AB_C|YB101F,1.2695644,1.6138732,3,1
"1VFB_AB_C|YB101F,DC119A",2.736521,3.5891287,3,1
"1VFB_AB_C|YB101F,VC120A",2.5384777,1.9726405,3,1
1VFB_AB_C|YB32A,0.7916793,1.4914008,3,1
"1VFB_AB_C|YB32A,KC116A",1.586041,2.450599,3,1
1VFB_AB_C|YB32E,1.9021881,0.8247795,3,1
1VFB_AB_C|YC23A,0.41047263,2.22681,3,1
1XGP_AB_C|AB33F,-4.0,-2.1127946,3,1
1XGP_AB_C|AB33I,-2.260207,-1.4243993,3,1
1XGP_AB_C|AB33L,-2.1988916,-1.274065,3,1
1XGP_AB_C|AB33V,-1.1525793,-0.6349012,3,1
2JEL_LH_P|AP82S,0.0,-0.22500038,3,1
2JEL_LH_P|DP69E,0.9530879,0.09894397,3,1
2JEL_LH_P|EP5D,0.41047263,0.39712465,3,1
2JEL_LH_P|EP5Q,0.7129768,0.65875816,3,1
2JEL_LH_P|EP68A,0.41047263,0.8994063,3,1
2JEL_LH_P|EP75R,2.727121,1.5958102,3,1
2JEL_LH_P|EP83A,0.0,1.1365995,3,1
2JEL_LH_P|EP85A,0.0,0.23330629,3,1
2JEL_LH_P|EP85D,0.0,-0.17998907,3,1
2JEL_LH_P|EP85K,0.0,0.23681799,3,1
2JEL_LH_P|EP85Q,0.0,0.2494838,3,1
2JEL_LH_P|FP2W,2.6191528,0.27870038,3,1
2JEL_LH_P|FP2Y,0.0,-0.19329342,3,1
2JEL_LH_P|HP76A,-0.41047263,1.3071904,3,1
2JEL_LH_P|HP76D,-0.65058374,0.29134446,3,1
2JEL_LH_P|KP24E,0.0,-0.1523585,3,1
2JEL_LH_P|KP27E,0.0,0.007830709,3,1
2JEL_LH_P|KP72E,0.41047263,-1.0210797,3,1
2JEL_LH_P|KP72R,0.0,0.25729147,3,1
2JEL_LH_P|KP79E,0.41047263,-0.254731,3,1
2JEL_LH_P|NP12D,0.0,-0.7229427,3,1
2JEL_LH_P|NP38T,0.0,-0.38474846,3,1
2JEL_LH_P|PP11E,0.0,-0.64317477,3,1
2JEL_LH_P|QP3K,4.0,-0.056185916,3,1
2JEL_LH_P|QP4K,1.3635606,-0.24660718,3,1
2JEL_LH_P|QP57E,-0.41047263,-1.0664929,3,1
2JEL_LH_P|QP71E,2.727121,-0.71913344,3,1
2JEL_LH_P|RP17G,0.0,0.4704586,3,1
2JEL_LH_P|RP17K,0.0,0.35177028,3,1
2JEL_LH_P|SP41C,1.4957032,0.22395265,3,1
2JEL_LH_P|SP43C,0.0,0.10923646,3,1
2JEL_LH_P|SP46C,0.0,0.2661399,3,1
2JEL_LH_P|SP64T,4.0,-0.105466284,3,1
2JEL_LH_P|TP34Q,0.0,0.67643195,3,1
2JEL_LH_P|TP36Q,0.41047263,0.34658465,3,1
2JEL_LH_P|TP62A,0.0,0.9692071,3,1
2JEL_LH_P|TP62N,0.0,0.9502989,3,1
2JEL_LH_P|TP7N,0.41047263,1.0379071,3,1
2JEL_LH_P|TP7S,0.0,0.8165802,3,1
2JEL_LH_P|VP6F,0.0,0.0014894977,3,1
"2NY7_HL_G|CG27I,CG226Q",0.19971907,0.44364056,3,1
"2NY7_HL_G|CG27I,CG226Q,MG231A",0.20319231,0.77419037,3,1
"2NY7_HL_G|GG229C,MG231A",-0.37879732,0.28450242,3,1
"2NY7_HL_G|GG229C,WG13M,MG231A,CG14W,CG110V,CG27I,CG226Q",0.21462485,0.7026047,3,1
"2NY7_HL_G|KG66C,EG102C,CG27I,CG226Q",0.04085667,0.62939477,3,1
"2NY7_HL_G|KG66C,EG102C,WG13M,MG231A,CG14W,CG110V,CG27I,CG226Q",0.3998023,0.7290831,3,1
"2NY7_HL_G|KG66C,EG103C,WG13M,MG231A,CG14W,CG110V,CG27I,CG226Q",0.29989544,0.69090885,3,1
"2NY7_HL_G|WG13M,MG231A,CG14W,CG110V",1.1574335,1.1276938,3,1
"2NY7_HL_G|WG13M,MG231A,CG14W,CG110V,CG27I,CG226Q",0.44904727,0.78101665,3,1
"2NY7_HL_G|WG13M,MG231A,CG14W,CG110V,KG66C,EG102C",0.55101526,1.0134438,3,1
"2NY7_HL_G|WG13M,SG92T,WG181S,MG231A,CG14W,CG110V,CG27I,CG226Q",-0.3035898,-0.054530643,3,1
3BN9_B_CD|DB214A,0.5662115,1.3769039,3,1
3BN9_B_CD|DB46A,0.42238826,0.37549004,3,1
3BN9_B_CD|DB47A,0.31110755,0.59862965,3,1
3BN9_B_CD|EB163A,0.37321588,0.9963303,3,1
3BN9_B_CD|FB50A,-0.044997852,0.8402556,3,1
3BN9_B_CD|FB89A,0.6392419,1.4825861,3,1
3BN9_B_CD|HB138A,0.085063316,0.60625476,3,1
3BN9_B_CD|IB26A,0.0,0.5499631,3,1
3BN9_B_CD|IB45A,0.8352155,0.32779038,3,1
3BN9_B_CD|KB221A,0.7849689,0.49354556,3,1
3BN9_B_CD|LB147A,0.33619216,0.15036377,3,1
3BN9_B_CD|NB90A,0.7733444,0.39791855,3,1
3BN9_B_CD|PD104H,2.4272547,-0.099497154,3,1
3BN9_B_CD|QB140A,0.1331048,0.08568262,3,1
3BN9_B_CD|QB168A,-0.03469869,-0.124352075,3,1
3BN9_B_CD|QB169A,2.5089848,0.5822247,3,1
3BN9_B_CD|QB218A,0.70571065,0.25734347,3,1
3BN9_B_CD|QB23A,-0.41530684,0.15673482,3,1
3BN9_B_CD|QD105V,1.2241027,-0.04638933,3,1
3BN9_B_CD|RB219A,-0.093698174,0.14773002,3,1
3BN9_B_CD|RB48A,-0.044997852,0.18643227,3,1
3BN9_B_CD|RB51A,-0.07155777,0.44334087,3,1
3BN9_B_CD|RB82A,-0.15923285,0.14489618,3,1
3BN9_B_CD|SD30G,1.1861069,0.22641593,3,1
3BN9_B_CD|SD30N,1.145505,0.53570807,3,1
3BN9_B_CD|TB144A,0.2908351,0.84329224,3,1
3BN9_B_CD|TB93A,1.1320528,1.1909962,3,1
3BN9_B_CD|TD102Q,-0.02153644,-0.2174047,3,1
3BN9_B_CD|TD102R,-0.058294915,-0.20426074,3,1
3BN9_B_CD|TD28R,0.33290586,0.08617125,3,1
3BN9_B_CD|YB141A,1.0846525,1.6375601,3,1
3BN9_B_CD|YB52A,0.018951595,0.92993605,3,1
3BN9_B_CD|YD103S,0.45868576,0.53192884,3,1
4GXU_ABCDEF_MN|DA189E,2.1650882,0.52450883,3,1
"4GXU_ABCDEF_MN|DA189E,DA224G",3.0102077,1.0524908,3,1
4GXU_ABCDEF_MN|DA224G,1.9608781,0.3034288,3,1
"1CZ8_HL_VW|LL4M,DH28T,HH31N,YH101H,TH105S",2.939849,0.80254906,3,2
1KIR_AB_C|SA50Y,-1.3870943,-0.529239,3,2
1MLC_AB_E|KB65D,0.018548755,-0.46856982,3,2
1MLC_AB_E|NA32G,-0.8773867,-0.032540992,3,2
"1MLC_AB_E|NA32G,NA92A",-0.6866531,-0.0867417,3,2
"1MLC_AB_E|NA32G,NA92A,SB57V,TB58D",-1.7349738,-0.45441034,3,2
1MLC_AB_E|NA32Y,0.0,-0.3241199,3,2
1MLC_AB_E|NA92A,-1.2533532,0.050949045,3,2
"1MLC_AB_E|NA92A,SB57V,TB58D",-2.394188,-0.33937624,3,2
"1MLC_AB_E|NA92A,TB28D,SB57V,TB58D",-2.5813644,-0.568889,3,2
"1MLC_AB_E|NA92A,TB28D,SB57V,TB58D,EB35S,GB99D",-2.9539242,-0.5985274,3,2
"1MLC_AB_E|NA92A,TB28D,SB57V,TB58D,GB99D",-0.20357698,-0.6223937,3,2
"1MLC_AB_E|NA92A,TB28D,SB57V,TB58D,NA32L",-2.5843081,-0.7921382,3,2
"1MLC_AB_E|NA92A,TB28D,SB57V,TB58D,RB98M,DB100Q",-0.41047263,-0.9374285,3,2
"1MLC_AB_E|NA92A,TB28D,SB57V,TB58D,SA91N,SA93A",-1.6104395,-0.53322417,3,2
"1MLC_AB_E|NA92A,TB28D,SB57V,TB58D,SB30G",-2.3584673,-0.79934716,3,2
"1MLC_AB_E|NA92A,TB28D,SB57V,TB58D,YB32W,RB98V,DB100Q",0.36138764,-0.8218812,3,2
"1MLC_AB_E|NA92A,TB28D,SB57V,TB58D,YB59E",-1.4661698,-0.5103428,3,2
1MLC_AB_E|SB57A,-0.37902167,0.031643987,3,2
1MLC_AB_E|SB57V,-0.49418068,-0.30158788,3,2
"1MLC_AB_E|SB57V,TB58D",-0.9877286,-0.27744737,3,2
1MLC_AB_E|TB28D,-0.15094383,-0.13823639,3,2
1MLC_AB_E|TB31A,0.44700673,0.09526802,3,2
1MLC_AB_E|TB31V,0.5262404,-0.032745227,3,2
1MLC_AB_E|TB31W,0.13214268,-0.23172337,3,2
1MLC_AB_E|TB58D,-0.55968237,-0.033890307,3,2
1NCA_N_LH|DH101K,0.71416,0.1341388,3,2
1NCA_N_LH|EH100D,0.41047263,-0.08411223,3,2
1NCA_N_LH|NH102Q,0.5426153,-0.27157667,3,2
1NCA_N_LH|NH31Q,0.0,-0.12089351,3,2
1NMB_N_LH|DH57E,2.9536283,-0.04112346,3,2
1NMB_N_LH|DH57N,2.9536283,0.068637736,3,2
1NMB_N_LH|LL94V,0.9000208,-0.07164082,3,2
1NMB_N_LH|TL93F,-0.023903161,-0.31505463,3,2
1NMB_N_LH|TL93W,0.18419003,-0.4125697,3,2
1NMB_N_LH|YH103A,2.14062,0.29689798,3,2
1NMB_N_LH|YH105F,1.4194101,0.24706393,3,2
1NMB_N_LH|YL32F,0.46632215,0.014335036,3,2
1VFB_AB_C|DB100A,3.005002,0.055331834,3,2
"1VFB_AB_C|DB100A,SC24A",3.369756,0.3165747,3,2
1VFB_AB_C|DB54A,0.8151114,0.29800433,3,2
"1VFB_AB_C|DB54A,TC118A",1.2546439,0.67629784,3,2
1VFB_AB_C|DB58A,-0.20700333,-0.066639006,3,2
1VFB_AB_C|DB58E,0.078081094,-0.31507704,3,2
1VFB_AB_C|DB58N,-0.12818155,-0.17057192,3,2
1VFB_AB_C|DC119A,0.9530879,0.3496978,3,2
1VFB_AB_C|DC18A,0.34013057,0.38595584,3,2
1VFB_AB_C|EB98A,1.1565572,0.15816349,3,2
1VFB_AB_C|GB31A,0.30646533,0.11240753,3,2
1VFB_AB_C|GB31E,-0.5097613,-0.082325056,3,2
1VFB_AB_C|GB31W,0.0039611305,-0.13373864,3,2
1VFB_AB_C|HA30A,0.84488255,0.22519729,3,2
1VFB_AB_C|IC124A,1.2314179,0.27347162,3,2
1VFB_AB_C|KC116A,0.7134504,0.66593736,3,2
1VFB_AB_C|LC129A,0.17154472,0.26076612,3,2
1VFB_AB_C|NA31W,0.17432266,-0.1078024,3,2
1VFB_AB_C|NB56A,0.17771798,0.14287335,3,2
1VFB_AB_C|NC19A,0.3960868,0.2065239,3,2
1VFB_AB_C|QC121A,2.876998,0.38477138,3,2
1VFB_AB_C|RB99A,-0.099735305,0.09918485,3,2
1VFB_AB_C|RB99W,0.7049742,-0.32565713,3,2
1VFB_AB_C|RB99Y,1.235379,-0.31763905,3,2
1VFB_AB_C|RC125A,1.8368999,0.5655108,3,2
1VFB_AB_C|SA93A,0.34312394,0.19582492,3,2
1VFB_AB_C|SB28D,0.0,-0.13384841,3,2
1VFB_AB_C|SB28E,-0.104007296,-0.19171765,3,2
1VFB_AB_C|SB28N,0.14394745,-0.13960737,3,2
1VFB_AB_C|SB28Q,0.078081094,-0.15675302,3,2
1VFB_AB_C|SC24A,0.850965,0.10074756,3,2
1VFB_AB_C|TA52F,0.4708752,-0.14414561,3,2
1VFB_AB_C|TA53R,1.6458516,-0.36189038,3,2
1VFB_AB_C|TB30A,-0.05584954,0.06300894,3,2
1VFB_AB_C|TC118A,0.7650957,0.3902759,3,2
1VFB_AB_C|VC120A,0.9169499,0.20578825,3,2
1VFB_AB_C|WA92A,3.037848,0.15902936,3,2
"1VFB_AB_C|WA92A,IC124A",3.8503337,0.4793011,3,2
"1VFB_AB_C|WA92A,LC129A",3.3073628,0.41477036,3,2
"1VFB_AB_C|WA92A,QC121A",3.5189366,0.50093305,3,2
"1VFB_AB_C|WA92A,RC125A",3.3932896,0.8074661,3,2
1VFB_AB_C|WB52A,0.6406274,0.38566312,3,2
"1VFB_AB_C|WB52A,DC119A",2.2473724,0.9349449,3,2
1VFB_AB_C|YA32A,1.5281335,0.23937345,3,2
"1VFB_AB_C|YA32A,IC124A",2.9057157,0.64054143,3,2
"1VFB_AB_C|YA32A,QC121A",1.586041,0.6190246,3,2
1VFB_AB_C|YA49A,0.79754156,0.3937685,3,2
1VFB_AB_C|YA50A,0.456086,0.11362486,3,2
"1VFB_AB_C|YA50A,DC119A",1.2314179,0.47676718,3,2
"1VFB_AB_C|YA50A,DC18A",1.265924,0.524418,3,2
1VFB_AB_C|YA50K,1.7156012,0.041297883,3,2
1VFB_AB_C|YA50R,0.8443241,-0.008104246,3,2
1VFB_AB_C|YB101F,1.2695644,0.3235613,3,2
"1VFB_AB_C|YB101F,DC119A",2.736521,0.87141514,3,2
"1VFB_AB_C|YB101F,VC120A",2.5384777,0.6518342,3,2
1VFB_AB_C|YB32A,0.7916793,0.09494557,3,2
"1VFB_AB_C|YB32A,KC116A",1.586041,0.9840581,3,2
1VFB_AB_C|YB32E,1.9021881,-0.041523542,3,2
1VFB_AB_C|YC23A,0.41047263,0.3097255,3,2
1XGP_AB_C|AB33F,-4.0,-0.8113862,3,2
1XGP_AB_C|AB33I,-2.260207,-0.61316526,3,2
1XGP_AB_C|AB33L,-2.1988916,-0.6364574,3,2
1XGP_AB_C|AB33V,-1.1525793,-0.61397403,3,2
2JEL_LH_P|AP82S,0.0,-0.7061967,3,2
2JEL_LH_P|DP69E,0.9530879,0.018034227,3,2
2JEL_LH_P|EP5D,0.41047263,-0.2032201,3,2
2JEL_LH_P|EP5Q,0.7129768,-0.36116883,3,2
2JEL_LH_P|EP68A,0.41047263,0.3735506,3,2
2JEL_LH_P|EP75R,2.727121,-0.30474654,3,2
2JEL_LH_P|EP83A,0.0,0.06439222,3,2
2JEL_LH_P|EP85A,0.0,-0.0075206086,3,2
2JEL_LH_P|EP85D,0.0,-0.1694752,3,2
2JEL_LH_P|EP85K,0.0,-0.43205628,3,2
2JEL_LH_P|EP85Q,0.0,-0.32274103,3,2
2JEL_LH_P|FP2W,2.6191528,-0.071458034,3,2
2JEL_LH_P|FP2Y,0.0,-0.19072726,3,2
2JEL_LH_P|HP76A,-0.41047263,0.122289695,3,2
2JEL_LH_P|HP76D,-0.65058374,-0.3955534,3,2
2JEL_LH_P|KP24E,0.0,-0.23697034,3,2
2JEL_LH_P|KP27E,0.0,-0.043164648,3,2
2JEL_LH_P|KP72E,0.41047263,-0.1597349,3,2
2JEL_LH_P|KP72R,0.0,0.031334564,3,2
2JEL_LH_P|KP79E,0.41047263,-0.26927984,3,2
2JEL_LH_P|NP12D,0.0,-0.068017945,3,2
2JEL_LH_P|NP38T,0.0,-0.13138674,3,2
2JEL_LH_P|PP11E,0.0,0.3516176,3,2
2JEL_LH_P|QP3K,4.0,-0.21254534,3,2
2JEL_LH_P|QP4K,1.3635606,-0.13550247,3,2
2JEL_LH_P|QP57E,-0.41047263,0.13035646,3,2
2JEL_LH_P|QP71E,2.727121,-0.08225063,3,2
2JEL_LH_P|RP17G,0.0,0.0034618452,3,2
2JEL_LH_P|RP17K,0.0,-0.18029459,3,2
2JEL_LH_P|SP41C,1.4957032,-0.015046068,3,2
2JEL_LH_P|SP43C,0.0,-0.018978812,3,2
2JEL_LH_P|SP46C,0.0,-0.15941502,3,2
2JEL_LH_P|SP64T,4.0,-0.26889613,3,2
2JEL_LH_P|TP34Q,0.0,-0.27272993,3,2
2JEL_LH_P|TP36Q,0.41047263,-0.5465701,3,2
2JEL_LH_P|TP62A,0.0,0.17796892,3,2
2JEL_LH_P|TP62N,0.0,0.0058322474,3,2
2JEL_LH_P|TP7N,0.41047263,0.02712188,3,2
2JEL_LH_P|TP7S,0.0,-0.07180898,3,2
2JEL_LH_P|VP6F,0.0,-0.26950008,3,2
"2NY7_HL_G|CG27I,CG226Q",0.19971907,-0.80456567,3,2
"2NY7_HL_G|CG27I,CG226Q,MG231A",0.20319231,-0.530833,3,2
"2NY7_HL_G|GG229C,MG231A",-0.37879732,0.2649471,3,2
"2NY7_HL_G|GG229C,WG13M,MG231A,CG14W,CG110V,CG27I,CG226Q",0.21462485,-1.1091431,3,2
"2NY7_HL_G|KG66C,EG102C,CG27I,CG226Q",0.04085667,-0.29770362,3,2
"2NY7_HL_G|KG66C,EG102C,WG13M,MG231A,CG14W,CG110V,CG27I,CG226Q",0.3998023,-0.59374857,3,2
"2NY7_HL_G|KG66C,EG103C,WG13M,MG231A,CG14W,CG110V,CG27I,CG226Q",0.29989544,-0.6723671,3,2
"2NY7_HL_G|WG13M,MG231A,CG14W,CG110V",1.1574335,0.009285383,3,2
"2NY7_HL_G|WG13M,MG231A,CG14W,CG110V,CG27I,CG226Q",0.44904727,-0.99566096,3,2
"2NY7_HL_G|WG13M,MG231A,CG14W,CG110V,KG66C,EG102C",0.55101526,0.5460661,3,2
"2NY7_HL_G|WG13M,SG92T,WG181S,MG231A,CG14W,CG110V,CG27I,CG226Q",-0.3035898,-1.0468874,3,2
3BN9_B_CD|DB214A,0.5662115,0.4527769,3,2
3BN9_B_CD|DB46A,0.42238826,0.40237278,3,2
3BN9_B_CD|DB47A,0.31110755,0.06265602,3,2
3BN9_B_CD|EB163A,0.37321588,0.1485219,3,2
3BN9_B_CD|FB50A,-0.044997852,0.5907229,3,2
3BN9_B_CD|FB89A,0.6392419,0.6778761,3,2
3BN9_B_CD|HB138A,0.085063316,0.33633903,3,2
3BN9_B_CD|IB26A,0.0,0.5500396,3,2
3BN9_B_CD|IB45A,0.8352155,0.44255596,3,2
3BN9_B_CD|KB221A,0.7849689,0.30753338,3,2
3BN9_B_CD|LB147A,0.33619216,0.13786185,3,2
3BN9_B_CD|NB90A,0.7733444,0.10324926,3,2
3BN9_B_CD|PD104H,2.4272547,0.01494389,3,2
3BN9_B_CD|QB140A,0.1331048,0.20010632,3,2
3BN9_B_CD|QB168A,-0.03469869,0.24219424,3,2
3BN9_B_CD|QB169A,2.5089848,0.56708795,3,2
3BN9_B_CD|QB218A,0.70571065,0.31193763,3,2
3BN9_B_CD|QB23A,-0.41530684,0.5438325,3,2
3BN9_B_CD|QD105V,1.2241027,0.30790842,3,2
3BN9_B_CD|RB219A,-0.093698174,0.3001744,3,2
3BN9_B_CD|RB48A,-0.044997852,0.34849542,3,2
3BN9_B_CD|RB51A,-0.07155777,0.32843,3,2
3BN9_B_CD|RB82A,-0.15923285,0.26893866,3,2
3BN9_B_CD|SD30G,1.1861069,0.018597797,3,2
3BN9_B_CD|SD30N,1.145505,0.15312621,3,2
3BN9_B_CD|TB144A,0.2908351,0.2206093,3,2
3BN9_B_CD|TB93A,1.1320528,0.07380568,3,2
3BN9_B_CD|TD102Q,-0.02153644,-0.21177688,3,2
3BN9_B_CD|TD102R,-0.058294915,-0.24671385,3,2
3BN9_B_CD|TD28R,0.33290586,-0.1870597,3,2
3BN9_B_CD|YB141A,1.0846525,0.37984592,3,2
3BN9_B_CD|YB52A,0.018951595,0.6630438,3,2
3BN9_B_CD|YD103S,0.45868576,0.45889717,3,2
4GXU_ABCDEF_MN|DA189E,2.1650882,-0.08334764,3,2
"4GXU_ABCDEF_MN|DA189E,DA224G",3.0102077,0.069391705,3,2
4GXU_ABCDEF_MN|DA224G,1.9608781,-0.09736581,3,2
"1JRH_LH_I|AI49S,II51T,HI55D",0.070675574,-0.2675735,4,0
"1JRH_LH_I|AI85D,KI88R,EI90K",-0.047747865,-0.1938151,4,0
"1JRH_LH_I|AI93L,VI94M",0.63366294,0.05312193,4,0
1JRH_LH_I|DH56A,1.8860998,1.9956316,4,0
1JRH_LH_I|DH57A,1.6660647,0.7858524,4,0
1JRH_LH_I|DH58A,1.8546488,0.70342934,4,0
1JRH_LH_I|DL28A,0.43464687,1.5609701,4,0
1JRH_LH_I|EI35Q,0.09956847,-1.0126557,4,0
1JRH_LH_I|EI45A,-0.5657849,0.38141277,4,0
1JRH_LH_I|EI45P,-3.7881775,0.3902416,4,0
"1JRH_LH_I|EI45P,II47L",-3.4567804,1.0107876,4,0
"1JRH_LH_I|EI45P,II47R",-3.4400978,0.42783338,4,0
1JRH_LH_I|EL27A,0.5426153,1.1962022,4,0
1JRH_LH_I|FH103A,0.0,0.20581834,4,0
1JRH_LH_I|GI40A,4.0,0.7356833,4,0
1JRH_LH_I|HH107A,1.6977708,0.4325877,4,0
"1JRH_LH_I|II25N,PI27S,VI29T,VI31I",0.14370596,-1.2543786,4,0
1JRH_LH_I|KI37A,3.713863,1.0449594,4,0
1JRH_LH_I|KI37M,3.2923293,0.6334511,4,0
1JRH_LH_I|KI42A,3.3858175,1.7300569,4,0
1JRH_LH_I|KI42M,4.0,0.96294814,4,0
1JRH_LH_I|KI88A,0.31209365,1.2028841,4,0
"1JRH_LH_I|MI15L,II18V",-0.21360606,1.2055491,4,0
1JRH_LH_I|NI38A,0.1704579,0.1067097,4,0
1JRH_LH_I|NI38Q,0.5344714,-0.40639564,4,0
1JRH_LH_I|NI43A,4.0,0.7418399,4,0
1JRH_LH_I|NI69A,-0.19953421,0.5671095,4,0
1JRH_LH_I|RH100A,0.5426153,1.8947301,4,0
1JRH_LH_I|RI74A,0.3926171,1.0233496,4,0
1JRH_LH_I|SI44A,0.37771076,0.7340573,4,0
"1JRH_LH_I|SI44G,EI45G,II47R",-3.3777049,-0.010121843,4,0
"1JRH_LH_I|SI44G,EI45P,II47K",-3.884419,-0.062289134,4,0
"1JRH_LH_I|SI61Y,DI62E,HI63Q,VI64I,GI65M,DI66Y,SI68D,NI69V,LI71A",2.9588323,-0.7482375,4,0
1JRH_LH_I|SL93A,-0.65058374,0.43709424,4,0
1JRH_LH_I|TI4V,-0.025565991,0.80704147,4,0
"1JRH_LH_I|TI9L,EI11K",-0.025565991,-0.09201514,4,0
1JRH_LH_I|TL94A,0.38526937,0.05373711,4,0
1JRH_LH_I|VI41A,1.6791569,0.37131873,4,0
"1JRH_LH_I|VI73A,RI78K",-0.21360606,-0.46931466,4,0
1JRH_LH_I|WH54A,2.6862645,3.3521013,4,0
1JRH_LH_I|WH55A,2.4213178,1.6891196,4,0
1JRH_LH_I|WI46F,-0.25261214,0.49057963,4,0
1JRH_LH_I|WI46Y,0.29852974,0.4303353,4,0
1JRH_LH_I|WI72A,4.0,1.5440034,4,0
1JRH_LH_I|WI72F,1.102707,0.44786793,4,0
1JRH_LH_I|WI72Y,1.1878273,0.15470062,4,0
1JRH_LH_I|WL92A,2.818407,0.010135967,4,0
1JRH_LH_I|WL95A,1.6660647,0.6028488,4,0
1JRH_LH_I|YH104A,1.0610564,1.3781524,4,0
1JRH_LH_I|YH32A,1.4333102,1.1486117,4,0
1JRH_LH_I|YH60A,1.2555921,1.35211,4,0
1JRH_LH_I|YI39A,3.5271235,0.6497795,4,0
1JRH_LH_I|YI39F,0.9087807,0.024765449,4,0
1JRH_LH_I|YL30A,1.1084566,1.3634506,4,0
1JRH_LH_I|YL91A,0.58083415,2.8661885,4,0
1KIQ_AB_C|FB101Y,-2.4949589,-1.1956494,4,0
1XGR_AB_C|IB33A,2.260207,1.415422,4,0
1XGR_AB_C|IB33F,-1.8004549,-1.7053901,4,0
1XGR_AB_C|IB33L,0.061315425,0.15063247,4,0
1XGR_AB_C|IB33V,1.1076277,0.9188454,4,0
2BDN_HL_A|DH31E,1.0852306,0.3552103,4,0
2BDN_HL_A|LH27K,0.8740124,-0.41226918,4,0
2BDN_HL_A|LH27R,0.65058374,-0.5799532,4,0
2BDN_HL_A|NH28D,0.13214268,-0.4291355,4,0
2BDN_HL_A|NH28Q,1.3994616,0.29286107,4,0
2BDN_HL_A|NL31K,3.4897714,0.7096097,4,0
2BDN_HL_A|NL31R,-0.9171868,0.27933055,4,0
2BDN_HL_A|SL53D,-0.1605731,-0.5221305,4,0
2BDN_HL_A|SL53E,-0.85132045,-0.3798128,4,0
2BDN_HL_A|TL56D,-0.4254655,-0.26204753,4,0
2BDN_HL_A|TL56E,-0.6888026,-0.19173716,4,0
2BDN_HL_A|YL30K,0.67475796,0.73778194,4,0
2NYY_DC_A|DA1030A,0.009336901,0.5459922,4,0
2NYY_DC_A|DA1034A,2.5297937,0.7888068,4,0
2NYY_DC_A|DC30Y,0.64113563,-0.61919665,4,0
2NYY_DC_A|EA892A,2.839132,0.52325875,4,0
2NYY_DC_A|ED5Q,-0.2479871,0.15700682,4,0
2NYY_DC_A|FA889A,0.4193659,0.50865316,4,0
2NYY_DC_A|FA925A,4.0,0.8653523,4,0
2NYY_DC_A|HA1036A,4.0,0.6210158,4,0
2NYY_DC_A|HC34R,0.10088469,-0.4569507,4,0
2NYY_DC_A|IA928A,-0.009487502,1.0000845,4,0
2NYY_DC_A|KA1028A,-0.028934313,1.6717908,4,0
2NYY_DC_A|KA875A,0.29098648,0.8773106,4,0
2NYY_DC_A|KA895A,-0.14014584,0.671008,4,0
2NYY_DC_A|KD29R,0.071385965,-0.08321839,4,0
"2NYY_DC_A|KD29S,YD30D,DD31H,SD60P",0.04961051,0.79554564,4,0
2NYY_DC_A|LA891A,2.5892105,-0.23829067,4,0
2NYY_DC_A|MD33Q,-0.059869844,0.06074971,4,0
2NYY_DC_A|NA890A,0.89044046,-0.23436184,4,0
2NYY_DC_A|NA926A,0.09934822,0.35745767,4,0
2NYY_DC_A|QA887A,0.5208145,0.2506091,4,0
2NYY_DC_A|RA1033A,0.82012254,0.9527044,4,0
2NYY_DC_A|RA1266A,0.2995321,1.5317947,4,0
2NYY_DC_A|SA874A,-0.23032175,0.5001451,4,0
2NYY_DC_A|SA927A,0.0,0.800199,4,0
2NYY_DC_A|SC28Q,0.4133828,0.18416065,4,0
2NYY_DC_A|SC31N,-0.35338265,-0.043050505,4,0
2NYY_DC_A|TA1035A,1.630871,0.6330815,4,0
2NYY_DC_A|VD36I,-0.21317148,0.26366153,4,0
"2NYY_DC_A|VD36I,ED5Q",-0.0490461,0.3648057,4,0
2NYY_DC_A|YD30D,0.06462482,0.7335699,4,0
2NYY_DC_A|YD30Q,0.12897444,1.0294343,4,0
2NYY_DC_A|YD56Q,0.5196862,0.38974738,4,0
2NZ9_DC_A|DA1030A,-0.031082604,0.5210525,4,0
2NZ9_DC_A|DA1034A,2.3396032,0.7361092,4,0
2NZ9_DC_A|EA892A,2.77036,0.6581895,4,0
2NZ9_DC_A|FA889A,-0.04961051,0.5540606,4,0
2NZ9_DC_A|FA925A,3.340439,0.8675754,4,0
2NZ9_DC_A|HA1036A,4.0,0.49320897,4,0
2NZ9_DC_A|IA928A,0.069281444,0.9518434,4,0
2NZ9_DC_A|KA1028A,-0.008714417,1.587684,4,0
2NZ9_DC_A|KA875A,0.5407011,1.2561947,4,0
2NZ9_DC_A|KA895A,-0.29975358,0.9381208,4,0
2NZ9_DC_A|LA891A,2.279965,-0.3348821,4,0
2NZ9_DC_A|NA890A,2.1600318,-0.30644128,4,0
2NZ9_DC_A|NA926A,-0.15216734,0.3220043,4,0
2NZ9_DC_A|QA887A,0.09926054,0.20797531,4,0
2NZ9_DC_A|RA1033A,0.29088098,0.8181573,4,0
2NZ9_DC_A|RA1266A,0.39015788,1.2120183,4,0
2NZ9_DC_A|SA874A,-0.11948046,0.4873224,4,0
2NZ9_DC_A|SA927A,-0.078544825,0.7729581,4,0
"2NZ9_DC_A|SD29K,DD30Y,HD31D",-0.04961051,-0.8046876,4,0
2NZ9_DC_A|TA1035A,2.3703818,0.68532795,4,0
2VIS_AB_C|IC89T,-4.0,-2.4578338,4,0
"3BE1_HL_A|DL28N,PL30A,RL31K,SL32T,TL97S,TL98S",-0.6860794,-0.8417084,4,0
"3BE1_HL_A|DL28N,PL30A,RL31K,SL32T,TL97S,TL98S,KH30S,DH31G,TH54S,NH55E,GH100V,DH102V",-2.7728782,-2.5525248,4,0
"3BE1_HL_A|DL28N,PL30A,RL31K,SL32T,TL97S,TL98S,KH30S,DH31G,TH54S,NH55E,GH100V,DH102V,YL36A",-3.190238,-2.285521,4,0
"3BE1_HL_A|DL28N,PL30A,RL31K,SL32T,TL97S,TL98S,KH30S,DH31G,TH54S,NH55E,GH100V,DH102V,YL36A,IL33A",-2.7728782,-2.3681607,4,0
"3BE1_HL_A|DL28N,PL30A,RL31K,SL32T,YL57F,TL97S,TL98S",-0.8683455,-0.70131004,4,0
"3BE1_HL_A|DL28N,PL30A,RL31K,SL32T,YL57F,TL97S,TL98S,KH30S,DH31G,TH54S,NH55E,GH100V,DH102V",-2.8824897,-2.484315,4,0
3LZF_AB_HL|DA187E,0.49836498,0.27323598,4,0
"3LZF_AB_HL|DA187E,DA222G",0.12738612,0.42974803,4,0
3LZF_AB_HL|DA222G,0.5378587,-0.029665465,4,0
3NGB_HL_G|AH57G,-0.056030333,-0.872588,4,0
"3NGB_HL_G|AH57G,VH58T,PH63K,VH74T",1.6734211,-0.14095628,4,0
"3NGB_HL_G|CH32S,CH102A",0.25899792,0.24997316,4,0
3NGB_HL_G|DH103A,0.05987142,-0.03355023,4,0
3NGB_HL_G|EL88A,1.3199503,0.5232733,4,0
3NGB_HL_G|FL89A,0.85886127,0.42574582,4,0
3NGB_HL_G|GH55A,-1.2766591,0.142462,4,0
3NGB_HL_G|GH55S,0.74304354,0.339153,4,0
3NGB_HL_G|GH56A,1.2656107,0.69141436,4,0
3NGB_HL_G|IH30A,-0.0027431613,0.29257968,4,0
3NGB_HL_G|IH30T,0.0733938,-0.18331169,4,0
"3NGB_HL_G|IH30T,KH52N,RH54N,GH55S,AH57G,VH58T,RH62Q,PH63K,VH74T,YH75S,YL26S",0.86214453,1.1512,4,0
3NGB_HL_G|KH52A,0.62288266,1.8615797,4,0
3NGB_HL_G|KH52N,0.17497002,0.08434916,4,0
3NGB_HL_G|MH70A,0.5305512,0.5265383,4,0
3NGB_HL_G|NH105A,1.1185741,0.27499977,4,0
3NGB_HL_G|NH59A,1.7671243,1.5157428,4,0
3NGB_HL_G|PH63A,-0.04252045,-0.018602198,4,0
3NGB_HL_G|PH63K,0.23252328,-0.1868413,4,0
3NGB_HL_G|QH65A,-0.34038836,1.0260826,4,0
3NGB_HL_G|QL25A,-0.23060839,0.19149688,4,0
3NGB_HL_G|RH54A,-0.25938424,0.77730256,4,0
3NGB_HL_G|RH54N,0.04645046,0.1437659,4,0
3NGB_HL_G|RH62A,0.9958448,1.2316376,4,0
3NGB_HL_G|RH62Q,0.09654992,0.19636646,4,0
3NGB_HL_G|RH72A,1.6432176,2.5022297,4,0
3NGB_HL_G|SL28A,-0.14471176,0.6962524,4,0
3NGB_HL_G|TH33A,0.7071634,1.3921399,4,0
3NGB_HL_G|TH33Y,0.084193856,-1.6275797,4,0
"3NGB_HL_G|TH33Y,GH56S,AH57G,VH58T,PH63K,VH74T,YH75S",1.9381938,0.038779683,4,0
3NGB_HL_G|VH58A,1.3584284,0.82963204,4,0
3NGB_HL_G|VH58T,0.13787223,-0.7470254,4,0
3NGB_HL_G|VH74A,1.087914,0.19575924,4,0
3NGB_HL_G|VH74T,0.16493925,-0.12382113,4,0
3NGB_HL_G|VL1A,-0.7733632,-0.025427373,4,0
3NGB_HL_G|WH106A,4.0,0.72855616,4,0
3NGB_HL_G|WH47A,1.2021707,0.82370406,4,0
3NGB_HL_G|WH50A,1.2917941,1.9320724,4,0
3NGB_HL_G|YH104A,1.4235861,1.1130114,4,0
3NGB_HL_G|YH60A,0.5484263,0.9579257,4,0
3NGB_HL_G|YH75A,-0.19932224,0.45925474,4,0
3NGB_HL_G|YH75S,0.3325709,0.42692208,4,0
3NGB_HL_G|YL26A,0.98528093,0.6495051,4,0
3NGB_HL_G|YL26S,0.6512687,0.5813771,4,0
3NGB_HL_G|YL87A,2.0227883,1.7984713,4,0
4JPK_HL_A|DA141R,3.857323,0.31471446,4,0
"4JPK_HL_A|DA159N,DA33N",0.6189681,1.0078226,4,0
4JPK_HL_A|FA144I,1.3875175,1.6617365,4,0
4JPK_HL_A|FA63L,1.1672868,0.6200138,4,0
4JPK_HL_A|RA130K,0.23006605,-0.45683873,4,0
4JPK_HL_A|RA81T,0.75870305,-0.31645045,4,0
4JPK_HL_A|SA41G,2.151695,0.89831233,4,0
4JPK_HL_A|TA35S,-0.032093357,-0.05057472,4,0
4JPK_HL_A|VA30N,0.59459484,0.10296889,4,0
"1JRH_LH_I|AI49S,II51T,HI55D",0.070675574,-0.0256267,4,1
"1JRH_LH_I|AI85D,KI88R,EI90K",-0.047747865,-0.37331098,4,1
"1JRH_LH_I|AI93L,VI94M",0.63366294,-0.49805745,4,1
1JRH_LH_I|DH56A,1.8860998,1.6733576,4,1
1JRH_LH_I|DH57A,1.6660647,1.3869616,4,1
1JRH_LH_I|DH58A,1.8546488,1.0960507,4,1
1JRH_LH_I|DL28A,0.43464687,1.1914841,4,1
1JRH_LH_I|EI35Q,0.09956847,0.0962671,4,1
1JRH_LH_I|EI45A,-0.5657849,0.29856053,4,1
1JRH_LH_I|EI45P,-3.7881775,-0.16992316,4,1
"1JRH_LH_I|EI45P,II47L",-3.4567804,0.26874337,4,1
"1JRH_LH_I|EI45P,II47R",-3.4400978,0.10402065,4,1
1JRH_LH_I|EL27A,0.5426153,0.9734381,4,1
1JRH_LH_I|FH103A,0.0,0.52995235,4,1
1JRH_LH_I|GI40A,4.0,0.6998788,4,1
1JRH_LH_I|HH107A,1.6977708,0.46709087,4,1
"1JRH_LH_I|II25N,PI27S,VI29T,VI31I",0.14370596,-0.27455196,4,1
1JRH_LH_I|KI37A,3.713863,0.99588317,4,1
1JRH_LH_I|KI37M,3.2923293,0.2732487,4,1
1JRH_LH_I|KI42A,3.3858175,0.93882656,4,1
1JRH_LH_I|KI42M,4.0,0.08790868,4,1
1JRH_LH_I|KI88A,0.31209365,0.8081949,4,1
"1JRH_LH_I|MI15L,II18V",-0.21360606,0.6286411,4,1
1JRH_LH_I|NI38A,0.1704579,0.9032714,4,1
1JRH_LH_I|NI38Q,0.5344714,0.1890336,4,1
1JRH_LH_I|NI43A,4.0,1.0826393,4,1
1JRH_LH_I|NI69A,-0.19953421,0.58506435,4,1
1JRH_LH_I|RH100A,0.5426153,1.0050974,4,1
1JRH_LH_I|RI74A,0.3926171,1.0090077,4,1
1JRH_LH_I|SI44A,0.37771076,0.6839471,4,1
"1JRH_LH_I|SI44G,EI45G,II47R",-3.3777049,0.07755751,4,1
"1JRH_LH_I|SI44G,EI45P,II47K",-3.884419,0.13076732,4,1
"1JRH_LH_I|SI61Y,DI62E,HI63Q,VI64I,GI65M,DI66Y,SI68D,NI69V,LI71A",2.9588323,0.3359335,4,1
1JRH_LH_I|SL93A,-0.65058374,0.9048459,4,1
1JRH_LH_I|TI4V,-0.025565991,-0.038861267,4,1
"1JRH_LH_I|TI9L,EI11K",-0.025565991,-0.044148922,4,1
1JRH_LH_I|TL94A,0.38526937,0.637135,4,1
1JRH_LH_I|VI41A,1.6791569,0.8101824,4,1
"1JRH_LH_I|VI73A,RI78K",-0.21360606,0.5454437,4,1
1JRH_LH_I|WH54A,2.6862645,1.5268415,4,1
1JRH_LH_I|WH55A,2.4213178,1.7515031,4,1
1JRH_LH_I|WI46F,-0.25261214,0.2875299,4,1
1JRH_LH_I|WI46Y,0.29852974,-0.017420769,4,1
1JRH_LH_I|WI72A,4.0,1.2687403,4,1
1JRH_LH_I|WI72F,1.102707,0.29552418,4,1
1JRH_LH_I|WI72Y,1.1878273,0.050652348,4,1
1JRH_LH_I|WL92A,2.818407,1.6614938,4,1
1JRH_LH_I|WL95A,1.6660647,0.50978243,4,1
1JRH_LH_I|YH104A,1.0610564,1.2111057,4,1
1JRH_LH_I|YH32A,1.4333102,1.019136,4,1
1JRH_LH_I|YH60A,1.2555921,1.3001267,4,1
1JRH_LH_I|YI39A,3.5271235,1.625005,4,1
1JRH_LH_I|YI39F,0.9087807,0.46050838,4,1
1JRH_LH_I|YL30A,1.1084566,1.4457927,4,1
1JRH_LH_I|YL91A,0.58083415,2.0281858,4,1
1KIQ_AB_C|FB101Y,-2.4949589,-0.34450987,4,1
1XGR_AB_C|IB33A,2.260207,1.5960182,4,1
1XGR_AB_C|IB33F,-1.8004549,0.15633082,4,1
1XGR_AB_C|IB33L,0.061315425,0.39538673,4,1
1XGR_AB_C|IB33V,1.1076277,0.5015722,4,1
2BDN_HL_A|DH31E,1.0852306,0.5447875,4,1
2BDN_HL_A|LH27K,0.8740124,0.19842973,4,1
2BDN_HL_A|LH27R,0.65058374,0.11639593,4,1
2BDN_HL_A|NH28D,0.13214268,-0.02018584,4,1
2BDN_HL_A|NH28Q,1.3994616,0.18764281,4,1
2BDN_HL_A|NL31K,3.4897714,-0.059871748,4,1
2BDN_HL_A|NL31R,-0.9171868,-0.18944329,4,1
2BDN_HL_A|SL53D,-0.1605731,0.07427217,4,1
2BDN_HL_A|SL53E,-0.85132045,0.2995013,4,1
2BDN_HL_A|TL56D,-0.4254655,-0.05150406,4,1
2BDN_HL_A|TL56E,-0.6888026,0.0065880567,4,1
2BDN_HL_A|YL30K,0.67475796,0.80980015,4,1
2NYY_DC_A|DA1030A,0.009336901,1.0329303,4,1
2NYY_DC_A|DA1034A,2.5297937,1.0721108,4,1
2NYY_DC_A|DC30Y,0.64113563,0.09224371,4,1
2NYY_DC_A|EA892A,2.839132,0.81954896,4,1
2NYY_DC_A|ED5Q,-0.2479871,-0.24974,4,1
2NYY_DC_A|FA889A,0.4193659,0.8797717,4,1
2NYY_DC_A|FA925A,4.0,1.3660852,4,1
2NYY_DC_A|HA1036A,4.0,1.0023929,4,1
2NYY_DC_A|HC34R,0.10088469,-0.22846779,4,1
2NYY_DC_A|IA928A,-0.009487502,1.2268913,4,1
2NYY_DC_A|KA1028A,-0.028934313,0.6406303,4,1
2NYY_DC_A|KA875A,0.29098648,0.65960515,4,1
2NYY_DC_A|KA895A,-0.14014584,0.77805316,4,1
2NYY_DC_A|KD29R,0.071385965,0.09024393,4,1
"2NYY_DC_A|KD29S,YD30D,DD31H,SD60P",0.04961051,0.25055668,4,1
2NYY_DC_A|LA891A,2.5892105,0.6692158,4,1
2NYY_DC_A|MD33Q,-0.059869844,-0.53753954,4,1
2NYY_DC_A|NA890A,0.89044046,0.63884443,4,1
2NYY_DC_A|NA926A,0.09934822,1.1421758,4,1
2NYY_DC_A|QA887A,0.5208145,1.0455663,4,1
2NYY_DC_A|RA1033A,0.82012254,0.8011302,4,1
2NYY_DC_A|RA1266A,0.2995321,1.2089841,4,1
2NYY_DC_A|SA874A,-0.23032175,0.7525937,4,1
2NYY_DC_A|SA927A,0.0,0.93385583,4,1
2NYY_DC_A|SC28Q,0.4133828,-0.09851578,4,1
2NYY_DC_A|SC31N,-0.35338265,0.44904503,4,1
2NYY_DC_A|TA1035A,1.630871,0.5538904,4,1
2NYY_DC_A|VD36I,-0.21317148,-0.058047988,4,1
"2NYY_DC_A|VD36I,ED5Q",-0.0490461,-0.07266344,4,1
2NYY_DC_A|YD30D,0.06462482,0.38507155,4,1
2NYY_DC_A|YD30Q,0.12897444,0.49974945,4,1
2NYY_DC_A|YD56Q,0.5196862,0.66405326,4,1
2NZ9_DC_A|DA1030A,-0.031082604,1.0491749,4,1
2NZ9_DC_A|DA1034A,2.3396032,1.067955,4,1
2NZ9_DC_A|EA892A,2.77036,0.85952073,4,1
2NZ9_DC_A|FA889A,-0.04961051,0.9257266,4,1
2NZ9_DC_A|FA925A,3.340439,1.4847747,4,1
2NZ9_DC_A|HA1036A,4.0,0.86607665,4,1
2NZ9_DC_A|IA928A,0.069281444,1.2155664,4,1
2NZ9_DC_A|KA1028A,-0.008714417,0.6829735,4,1
2NZ9_DC_A|KA875A,0.5407011,0.8110086,4,1
2NZ9_DC_A|KA895A,-0.29975358,0.8912787,4,1
2NZ9_DC_A|LA891A,2.279965,0.7235702,4,1
2NZ9_DC_A|NA890A,2.1600318,0.6134177,4,1
2NZ9_DC_A|NA926A,-0.15216734,1.1134288,4,1
2NZ9_DC_A|QA887A,0.09926054,0.9664857,4,1
2NZ9_DC_A|RA1033A,0.29088098,0.8408069,4,1
2NZ9_DC_A|RA1266A,0.39015788,1.149689,4,1
2NZ9_DC_A|SA874A,-0.11948046,0.77924025,4,1
2NZ9_DC_A|SA927A,-0.078544825,0.9274102,4,1
"2NZ9_DC_A|SD29K,DD30Y,HD31D",-0.04961051,-0.45955247,4,1
2NZ9_DC_A|TA1035A,2.3703818,0.6525974,4,1
2VIS_AB_C|IC89T,-4.0,0.20894569,4,1
"3BE1_HL_A|DL28N,PL30A,RL31K,SL32T,TL97S,TL98S",-0.6860794,0.5528177,4,1
"3BE1_HL_A|DL28N,PL30A,RL31K,SL32T,TL97S,TL98S,KH30S,DH31G,TH54S,NH55E,GH100V,DH102V",-2.7728782,-0.17335868,4,1
"3BE1_HL_A|DL28N,PL30A,RL31K,SL32T,TL97S,TL98S,KH30S,DH31G,TH54S,NH55E,GH100V,DH102V,YL36A",-3.190238,0.93156683,4,1
"3BE1_HL_A|DL28N,PL30A,RL31K,SL32T,TL97S,TL98S,KH30S,DH31G,TH54S,NH55E,GH100V,DH102V,YL36A,IL33A",-2.7728782,1.6648746,4,1
"3BE1_HL_A|DL28N,PL30A,RL31K,SL32T,YL57F,TL97S,TL98S",-0.8683455,0.81584823,4,1
"3BE1_HL_A|DL28N,PL30A,RL31K,SL32T,YL57F,TL97S,TL98S,KH30S,DH31G,TH54S,NH55E,GH100V,DH102V",-2.8824897,0.27170062,4,1
3LZF_AB_HL|DA187E,0.49836498,0.07761986,4,1
"3LZF_AB_HL|DA187E,DA222G",0.12738612,0.37252855,4,1
3LZF_AB_HL|DA222G,0.5378587,0.09291699,4,1
3NGB_HL_G|AH57G,-0.056030333,-0.7027742,4,1
"3NGB_HL_G|AH57G,VH58T,PH63K,VH74T",1.6734211,-0.09202148,4,1
"3NGB_HL_G|CH32S,CH102A",0.25899792,0.5681844,4,1
3NGB_HL_G|DH103A,0.05987142,0.49507686,4,1
3NGB_HL_G|EL88A,1.3199503,0.7984002,4,1
3NGB_HL_G|FL89A,0.85886127,0.908491,4,1
3NGB_HL_G|GH55A,-1.2766591,1.3283653,4,1
3NGB_HL_G|GH55S,0.74304354,0.4531158,4,1
3NGB_HL_G|GH56A,1.2656107,0.93565613,4,1
3NGB_HL_G|IH30A,-0.0027431613,0.5930958,4,1
3NGB_HL_G|IH30T,0.0733938,-0.20042118,4,1
"3NGB_HL_G|IH30T,KH52N,RH54N,GH55S,AH57G,VH58T,RH62Q,PH63K,VH74T,YH75S,YL26S",0.86214453,3.6498842,4,1
3NGB_HL_G|KH52A,0.62288266,0.60369295,4,1
3NGB_HL_G|KH52N,0.17497002,0.29002005,4,1
3NGB_HL_G|MH70A,0.5305512,0.44359848,4,1
3NGB_HL_G|NH105A,1.1185741,0.023587555,4,1
3NGB_HL_G|NH59A,1.7671243,0.7783514,4,1
3NGB_HL_G|PH63A,-0.04252045,0.79393697,4,1
3NGB_HL_G|PH63K,0.23252328,0.22416472,4,1
3NGB_HL_G|QH65A,-0.34038836,0.8925994,4,1
3NGB_HL_G|QL25A,-0.23060839,0.7951172,4,1
3NGB_HL_G|RH54A,-0.25938424,0.7518173,4,1
3NGB_HL_G|RH54N,0.04645046,0.35778946,4,1
3NGB_HL_G|RH62A,0.9958448,0.5738096,4,1
3NGB_HL_G|RH62Q,0.09654992,0.04064154,4,1
3NGB_HL_G|RH72A,1.6432176,0.66611373,4,1
3NGB_HL_G|SL28A,-0.14471176,0.92208153,4,1
3NGB_HL_G|TH33A,0.7071634,0.30348438,4,1
3NGB_HL_G|TH33Y,0.084193856,-0.60335356,4,1
"3NGB_HL_G|TH33Y,GH56S,AH57G,VH58T,PH63K,VH74T,YH75S",1.9381938,1.2527927,4,1
3NGB_HL_G|VH58A,1.3584284,0.7877087,4,1
3NGB_HL_G|VH58T,0.13787223,0.012102339,4,1
3NGB_HL_G|VH74A,1.087914,0.36323696,4,1
3NGB_HL_G|VH74T,0.16493925,-0.13515954,4,1
3NGB_HL_G|VL1A,-0.7733632,0.3075853,4,1
3NGB_HL_G|WH106A,4.0,0.9618458,4,1
3NGB_HL_G|WH47A,1.2021707,0.36412963,4,1
3NGB_HL_G|WH50A,1.2917941,1.1476679,4,1
3NGB_HL_G|YH104A,1.4235861,0.90155834,4,1
3NGB_HL_G|YH60A,0.5484263,0.26726133,4,1
3NGB_HL_G|YH75A,-0.19932224,1.0321053,4,1
3NGB_HL_G|YH75S,0.3325709,0.5172933,4,1
3NGB_HL_G|YL26A,0.98528093,0.86262256,4,1
3NGB_HL_G|YL26S,0.6512687,0.30559316,4,1
3NGB_HL_G|YL87A,2.0227883,1.8815455,4,1
4JPK_HL_A|DA141R,3.857323,-0.08278378,4,1
"4JPK_HL_A|DA159N,DA33N",0.6189681,0.08146431,4,1
4JPK_HL_A|FA144I,1.3875175,0.17624676,4,1
4JPK_HL_A|FA63L,1.1672868,0.33896244,4,1
4JPK_HL_A|RA130K,0.23006605,0.03285124,4,1
4JPK_HL_A|RA81T,0.75870305,0.08008518,4,1
4JPK_HL_A|SA41G,2.151695,-0.037686378,4,1
4JPK_HL_A|TA35S,-0.032093357,0.058353543,4,1
4JPK_HL_A|VA30N,0.59459484,0.07318019,4,1
"1JRH_LH_I|AI49S,II51T,HI55D",0.070675574,-0.5417414,4,2
"1JRH_LH_I|AI85D,KI88R,EI90K",-0.047747865,-0.94294816,4,2
"1JRH_LH_I|AI93L,VI94M",0.63366294,-0.7717679,4,2
1JRH_LH_I|DH56A,1.8860998,0.2855096,4,2
1JRH_LH_I|DH57A,1.6660647,0.19845878,4,2
1JRH_LH_I|DH58A,1.8546488,0.24078129,4,2
1JRH_LH_I|DL28A,0.43464687,-0.017923139,4,2
1JRH_LH_I|EI35Q,0.09956847,-0.052532006,4,2
1JRH_LH_I|EI45A,-0.5657849,-0.12162487,4,2
1JRH_LH_I|EI45P,-3.7881775,-0.16781375,4,2
"1JRH_LH_I|EI45P,II47L",-3.4567804,-0.076427065,4,2
"1JRH_LH_I|EI45P,II47R",-3.4400978,-0.08366074,4,2
1JRH_LH_I|EL27A,0.5426153,0.38122207,4,2
1JRH_LH_I|FH103A,0.0,0.31769693,4,2
1JRH_LH_I|GI40A,4.0,0.19794156,4,2
1JRH_LH_I|HH107A,1.6977708,0.084093064,4,2
"1JRH_LH_I|II25N,PI27S,VI29T,VI31I",0.14370596,0.29810876,4,2
1JRH_LH_I|KI37A,3.713863,0.27963907,4,2
1JRH_LH_I|KI37M,3.2923293,0.030523688,4,2
1JRH_LH_I|KI42A,3.3858175,0.27292502,4,2
1JRH_LH_I|KI42M,4.0,0.10882418,4,2
1JRH_LH_I|KI88A,0.31209365,0.26020277,4,2
"1JRH_LH_I|MI15L,II18V",-0.21360606,0.049966387,4,2
1JRH_LH_I|NI38A,0.1704579,-0.021866884,4,2
1JRH_LH_I|NI38Q,0.5344714,-0.2491875,4,2
1JRH_LH_I|NI43A,4.0,0.07139404,4,2
1JRH_LH_I|NI69A,-0.19953421,0.1629518,4,2
1JRH_LH_I|RH100A,0.5426153,0.025505766,4,2
1JRH_LH_I|RI74A,0.3926171,0.3090797,4,2
1JRH_LH_I|SI44A,0.37771076,-0.062178813,4,2
"1JRH_LH_I|SI44G,EI45G,II47R",-3.3777049,-0.46797657,4,2
"1JRH_LH_I|SI44G,EI45P,II47K",-3.884419,-0.22549711,4,2
"1JRH_LH_I|SI61Y,DI62E,HI63Q,VI64I,GI65M,DI66Y,SI68D,NI69V,LI71A",2.9588323,0.123367175,4,2
1JRH_LH_I|SL93A,-0.65058374,-0.058163583,4,2
1JRH_LH_I|TI4V,-0.025565991,-0.22903226,4,2
"1JRH_LH_I|TI9L,EI11K",-0.025565991,-0.18547928,4,2
1JRH_LH_I|TL94A,0.38526937,0.14514881,4,2
1JRH_LH_I|VI41A,1.6791569,0.1600323,4,2
"1JRH_LH_I|VI73A,RI78K",-0.21360606,0.22853659,4,2
1JRH_LH_I|WH54A,2.6862645,0.35161698,4,2
1JRH_LH_I|WH55A,2.4213178,0.18405344,4,2
1JRH_LH_I|WI46F,-0.25261214,-0.15199791,4,2
1JRH_LH_I|WI46Y,0.29852974,-0.27381134,4,2
1JRH_LH_I|WI72A,4.0,0.5540145,4,2
1JRH_LH_I|WI72F,1.102707,0.2441989,4,2
1JRH_LH_I|WI72Y,1.1878273,0.11567092,4,2
1JRH_LH_I|WL92A,2.818407,0.21711491,4,2
1JRH_LH_I|WL95A,1.6660647,0.35807884,4,2
1JRH_LH_I|YH104A,1.0610564,0.30371183,4,2
1JRH_LH_I|YH32A,1.4333102,0.14657708,4,2
1JRH_LH_I|YH60A,1.2555921,0.55580205,4,2
1JRH_LH_I|YI39A,3.5271235,0.31059968,4,2
1JRH_LH_I|YI39F,0.9087807,0.09736161,4,2
1JRH_LH_I|YL30A,1.1084566,0.22366203,4,2
1JRH_LH_I|YL91A,0.58083415,0.40585887,4,2
1KIQ_AB_C|FB101Y,-2.4949589,-0.10220839,4,2
1XGR_AB_C|IB33A,2.260207,0.468785,4,2
1XGR_AB_C|IB33F,-1.8004549,0.053389594,4,2
1XGR_AB_C|IB33L,0.061315425,0.16268499,4,2
1XGR_AB_C|IB33V,1.1076277,0.1976114,4,2
2BDN_HL_A|DH31E,1.0852306,-0.150069,4,2
2BDN_HL_A|LH27K,0.8740124,-0.063070044,4,2
2BDN_HL_A|LH27R,0.65058374,-0.15031663,4,2
2BDN_HL_A|NH28D,0.13214268,-0.16558158,4,2
2BDN_HL_A|NH28Q,1.3994616,-0.16687912,4,2
2BDN_HL_A|NL31K,3.4897714,0.096306115,4,2
2BDN_HL_A|NL31R,-0.9171868,0.01396469,4,2
2BDN_HL_A|SL53D,-0.1605731,-0.13663785,4,2
2BDN_HL_A|SL53E,-0.85132045,-0.1848776,4,2
2BDN_HL_A|TL56D,-0.4254655,-0.21843778,4,2
2BDN_HL_A|TL56E,-0.6888026,-0.23095275,4,2
2BDN_HL_A|YL30K,0.67475796,0.12992656,4,2
2NYY_DC_A|DA1030A,0.009336901,0.36272925,4,2
2NYY_DC_A|DA1034A,2.5297937,0.13369611,4,2
2NYY_DC_A|DC30Y,0.64113563,-0.24042787,4,2
2NYY_DC_A|EA892A,2.839132,0.0005812049,4,2
2NYY_DC_A|ED5Q,-0.2479871,-0.42963767,4,2
2NYY_DC_A|FA889A,0.4193659,0.1125173,4,2
2NYY_DC_A|FA925A,4.0,0.4290449,4,2
2NYY_DC_A|HA1036A,4.0,0.18047397,4,2
2NYY_DC_A|HC34R,0.10088469,-0.2595291,4,2
2NYY_DC_A|IA928A,-0.009487502,0.19469343,4,2
2NYY_DC_A|KA1028A,-0.028934313,0.4051779,4,2
2NYY_DC_A|KA875A,0.29098648,0.06543769,4,2
2NYY_DC_A|KA895A,-0.14014584,0.43336767,4,2
2NYY_DC_A|KD29R,0.071385965,-0.16705984,4,2
"2NYY_DC_A|KD29S,YD30D,DD31H,SD60P",0.04961051,-0.10196734,4,2
2NYY_DC_A|LA891A,2.5892105,0.12353006,4,2
2NYY_DC_A|MD33Q,-0.059869844,-0.033188246,4,2
2NYY_DC_A|NA890A,0.89044046,-0.119614124,4,2
2NYY_DC_A|NA926A,0.09934822,0.24447428,4,2
2NYY_DC_A|QA887A,0.5208145,0.40427327,4,2
2NYY_DC_A|RA1033A,0.82012254,0.17787364,4,2
2NYY_DC_A|RA1266A,0.2995321,0.3587821,4,2
2NYY_DC_A|SA874A,-0.23032175,0.10679565,4,2
2NYY_DC_A|SA927A,0.0,-0.009043336,4,2
2NYY_DC_A|SC28Q,0.4133828,-0.15214603,4,2
2NYY_DC_A|SC31N,-0.35338265,-0.20758982,4,2
2NYY_DC_A|TA1035A,1.630871,-0.052069232,4,2
2NYY_DC_A|VD36I,-0.21317148,0.0707929,4,2
"2NYY_DC_A|VD36I,ED5Q",-0.0490461,-0.11795202,4,2
2NYY_DC_A|YD30D,0.06462482,0.20041226,4,2
2NYY_DC_A|YD30Q,0.12897444,0.06319271,4,2
2NYY_DC_A|YD56Q,0.5196862,0.037432544,4,2
2NZ9_DC_A|DA1030A,-0.031082604,0.31661975,4,2
2NZ9_DC_A|DA1034A,2.3396032,0.1340145,4,2
2NZ9_DC_A|EA892A,2.77036,-0.026667062,4,2
2NZ9_DC_A|FA889A,-0.04961051,0.23992743,4,2
2NZ9_DC_A|FA925A,3.340439,0.3995359,4,2
2NZ9_DC_A|HA1036A,4.0,0.13830602,4,2
2NZ9_DC_A|IA928A,0.069281444,0.13511784,4,2
2NZ9_DC_A|KA1028A,-0.008714417,0.38566738,4,2
2NZ9_DC_A|KA875A,0.5407011,0.15389761,4,2
2NZ9_DC_A|KA895A,-0.29975358,0.45782208,4,2
2NZ9_DC_A|LA891A,2.279965,0.18299426,4,2
2NZ9_DC_A|NA890A,2.1600318,-0.13085592,4,2
2NZ9_DC_A|NA926A,-0.15216734,0.21712448,4,2
2NZ9_DC_A|QA887A,0.09926054,0.45328677,4,2
2NZ9_DC_A|RA1033A,0.29088098,0.083409995,4,2
2NZ9_DC_A|RA1266A,0.39015788,0.3273871,4,2
2NZ9_DC_A|SA874A,-0.11948046,0.17512721,4,2
2NZ9_DC_A|SA927A,-0.078544825,-0.031718504,4,2
"2NZ9_DC_A|SD29K,DD30Y,HD31D",-0.04961051,-0.5584662,4,2
2NZ9_DC_A|TA1035A,2.3703818,-0.03195087,4,2
2VIS_AB_C|IC89T,-4.0,-0.088573955,4,2
"3BE1_HL_A|DL28N,PL30A,RL31K,SL32T,TL97S,TL98S",-0.6860794,0.8177088,4,2
"3BE1_HL_A|DL28N,PL30A,RL31K,SL32T,TL97S,TL98S,KH30S,DH31G,TH54S,NH55E,GH100V,DH102V",-2.7728782,0.4438396,4,2
"3BE1_HL_A|DL28N,PL30A,RL31K,SL32T,TL97S,TL98S,KH30S,DH31G,TH54S,NH55E,GH100V,DH102V,YL36A",-3.190238,0.79654706,4,2
"3BE1_HL_A|DL28N,PL30A,RL31K,SL32T,TL97S,TL98S,KH30S,DH31G,TH54S,NH55E,GH100V,DH102V,YL36A,IL33A",-2.7728782,0.9684593,4,2
"3BE1_HL_A|DL28N,PL30A,RL31K,SL32T,YL57F,TL97S,TL98S",-0.8683455,1.0309228,4,2
"3BE1_HL_A|DL28N,PL30A,RL31K,SL32T,YL57F,TL97S,TL98S,KH30S,DH31G,TH54S,NH55E,GH100V,DH102V",-2.8824897,0.7016032,4,2
3LZF_AB_HL|DA187E,0.49836498,-0.12677495,4,2
"3LZF_AB_HL|DA187E,DA222G",0.12738612,-0.06765192,4,2
3LZF_AB_HL|DA222G,0.5378587,-0.263237,4,2
3NGB_HL_G|AH57G,-0.056030333,-0.48912293,4,2
"3NGB_HL_G|AH57G,VH58T,PH63K,VH74T",1.6734211,0.10472767,4,2
"3NGB_HL_G|CH32S,CH102A",0.25899792,0.117793605,4,2
3NGB_HL_G|DH103A,0.05987142,0.0068541467,4,2
3NGB_HL_G|EL88A,1.3199503,0.2594903,4,2
3NGB_HL_G|FL89A,0.85886127,0.45039904,4,2
3NGB_HL_G|GH55A,-1.2766591,0.111422,4,2
3NGB_HL_G|GH55S,0.74304354,0.09324695,4,2
3NGB_HL_G|GH56A,1.2656107,0.22305839,4,2
3NGB_HL_G|IH30A,-0.0027431613,0.15628886,4,2
3NGB_HL_G|IH30T,0.0733938,-0.053170823,4,2
"3NGB_HL_G|IH30T,KH52N,RH54N,GH55S,AH57G,VH58T,RH62Q,PH63K,VH74T,YH75S,YL26S",0.86214453,1.9294347,4,2
3NGB_HL_G|KH52A,0.62288266,0.22809167,4,2
3NGB_HL_G|KH52N,0.17497002,0.07571754,4,2
3NGB_HL_G|MH70A,0.5305512,-0.07537471,4,2
3NGB_HL_G|NH105A,1.1185741,0.10886033,4,2
3NGB_HL_G|NH59A,1.7671243,0.2357523,4,2
3NGB_HL_G|PH63A,-0.04252045,0.38038677,4,2
3NGB_HL_G|PH63K,0.23252328,0.28892463,4,2
3NGB_HL_G|QH65A,-0.34038836,0.1049927,4,2
3NGB_HL_G|QL25A,-0.23060839,0.46054524,4,2
3NGB_HL_G|RH54A,-0.25938424,0.094327316,4,2
3NGB_HL_G|RH54N,0.04645046,-0.0034648404,4,2
3NGB_HL_G|RH62A,0.9958448,0.009593584,4,2
3NGB_HL_G|RH62Q,0.09654992,-0.1834817,4,2
3NGB_HL_G|RH72A,1.6432176,0.18633713,4,2
3NGB_HL_G|SL28A,-0.14471176,-0.039354928,4,2
3NGB_HL_G|TH33A,0.7071634,0.22173373,4,2
3NGB_HL_G|TH33Y,0.084193856,-0.33465272,4,2
"3NGB_HL_G|TH33Y,GH56S,AH57G,VH58T,PH63K,VH74T,YH75S",1.9381938,0.36062217,4,2
3NGB_HL_G|VH58A,1.3584284,0.45648944,4,2
3NGB_HL_G|VH58T,0.13787223,0.18358992,4,2
3NGB_HL_G|VH74A,1.087914,0.231779,4,2
3NGB_HL_G|VH74T,0.16493925,0.073430106,4,2
3NGB_HL_G|VL1A,-0.7733632,0.24359126,4,2
3NGB_HL_G|WH106A,4.0,0.40167546,4,2
3NGB_HL_G|WH47A,1.2021707,0.25696534,4,2
3NGB_HL_G|WH50A,1.2917941,0.55143607,4,2
3NGB_HL_G|YH104A,1.4235861,0.37347806,4,2
3NGB_HL_G|YH60A,0.5484263,0.3353021,4,2
3NGB_HL_G|YH75A,-0.19932224,0.21581881,4,2
3NGB_HL_G|YH75S,0.3325709,0.18972547,4,2
3NGB_HL_G|YL26A,0.98528093,0.13961586,4,2
3NGB_HL_G|YL26S,0.6512687,0.09785788,4,2
3NGB_HL_G|YL87A,2.0227883,0.21728833,4,2
4JPK_HL_A|DA141R,3.857323,-0.37833375,4,2
"4JPK_HL_A|DA159N,DA33N",0.6189681,-0.17791253,4,2
4JPK_HL_A|FA144I,1.3875175,-0.0687674,4,2
4JPK_HL_A|FA63L,1.1672868,-0.04676318,4,2
4JPK_HL_A|RA130K,0.23006605,0.1065654,4,2
4JPK_HL_A|RA81T,0.75870305,0.11803746,4,2
4JPK_HL_A|SA41G,2.151695,-0.21182849,4,2
4JPK_HL_A|TA35S,-0.032093357,0.094524026,4,2
4JPK_HL_A|VA30N,0.59459484,-0.22404873,4,2
