row_id,ddg_true,ddg_pred,fold,seed
1AHW_AB_C|DC167A,-0.4845926,1.1938757,0,0
"1AHW_AB_C|KC138A,DC139A",1.1814722,3.1185603,0,0
"1AHW_AB_C|KC154A,KC155A",-1.329712,1.6316957,0,0
1AHW_AB_C|LC165A,0.9869364,0.5631283,0,0
1AHW_AB_C|NC188A,1.0782224,2.945431,0,0
"1AHW_AB_C|TC110A,KC111A",0.6388569,1.6278548,0,0
1AHW_AB_C|TC156A,-0.07411996,1.3810015,0,0
1AHW_AB_C|TC159A,1.105771,1.9318569,0,0
1AHW_AB_C|TC186A,1.345882,1.0738945,0,0
1AHW_AB_C|VC187A,-0.31423107,0.93248564,0,0
1AHW_AB_C|YC146A,-1.8890098,1.934455,0,0
1BJ1_HL_VW|HH101Y,-1.5835956,-1.2917929,0,0
"1BJ1_HL_VW|HH101Y,YH103I,GH104A,SH105K",-0.43125325,-0.16443592,0,0
"1BJ1_HL_VW|HH101Y,YH103R,GH104N,SH105T",-0.7626503,-0.0827619,0,0
"1BJ1_HL_VW|HH101Y,YH103R,SH105T",-1.173123,-0.9147629,0,0
1BJ1_HL_VW|HH107A,0.78965265,0.10439035,0,0
"1BJ1_HL_VW|LH72I,TH74K",0.076517485,1.577846,0,0
"1BJ1_HL_VW|LH72V,TH74V",0.6706598,0.9075804,0,0
"1BJ1_HL_VW|ML4L,TH28D,NH31H,HH101Y,SH105T",-1.52138,-2.011732,0,0
1BJ1_HL_VW|NH31H,-0.7626503,-0.079810575,0,0
1BJ1_HL_VW|SH105T,-0.39039657,0.054782636,0,0
1BJ1_HL_VW|TH28D,-0.22003505,-0.1120888,0,0
"1BJ1_HL_VW|TH28D,NH31H",-0.6929008,-0.5413733,0,0
"1BJ1_HL_VW|TH28D,NH31H,YH54W,HH101Y,SH105T",-1.2034981,-1.2865654,0,0
1BJ1_HL_VW|TH59A,0.85066694,0.798704,0,0
1BJ1_HL_VW|YH27A,2.2425284,0.6489152,0,0
1BJ1_HL_VW|YH54A,1.3276595,1.2425858,0,0
1BJ1_HL_VW|YH54W,-0.13726985,0.19351113,0,0
1BJ1_HL_VW|YH99A,4.0,0.8950245,0,0
1DQJ_AB_C|DB32A,2.0134337,0.37489113,0,0
"1DQJ_AB_C|DB32A,KC97A",1.1223834,0.032198746,0,0
1DQJ_AB_C|DC101A,1.3765504,1.340434,0,0
1DQJ_AB_C|KC96A,4.0,1.3969806,0,0
1DQJ_AB_C|KC97A,3.5197058,0.19498143,0,0
1DQJ_AB_C|LC75A,1.452407,0.63785344,0,0
1DQJ_AB_C|NA31A,2.0134337,0.93760765,0,0
1DQJ_AB_C|NA32A,4.0,1.2957908,0,0
"1DQJ_AB_C|NA32A,KC96A",4.0,2.758082,0,0
1DQJ_AB_C|NC93A,0.64987326,0.033755124,0,0
1DQJ_AB_C|RC21A,1.2137709,0.7384907,0,0
1DQJ_AB_C|SA91A,1.4318883,1.0302716,0,0
"1DQJ_AB_C|SA91A,RC21A",3.1707318,1.3482013,0,0
"1DQJ_AB_C|SA91A,YC20A",3.573092,1.9501162,0,0
1DQJ_AB_C|SC100A,0.7755829,1.4488015,0,0
1DQJ_AB_C|TC89A,0.84084374,0.7832332,0,0
1DQJ_AB_C|WB98A,4.0,1.4954183,0,0
"1DQJ_AB_C|WB98A,KC97A",4.0,1.1912001,0,0
"1DQJ_AB_C|WB98A,SC100A",4.0,2.9169207,0,0
"1DQJ_AB_C|WB98A,YC20A",4.0,2.2204385,0,0
1DQJ_AB_C|WC62A,0.7580786,1.498776,0,0
1DQJ_AB_C|WC63A,1.3462692,1.5666826,0,0
1DQJ_AB_C|YA50A,2.678299,1.3771298,0,0
1DQJ_AB_C|YA96A,1.135051,1.4755152,0,0
"1DQJ_AB_C|YA96A,RC21A",3.4851997,2.1388814,0,0
"1DQJ_AB_C|YA96A,SC100A",0.91344726,3.6273568,0,0
1DQJ_AB_C|YB33A,4.0,2.8442683,0,0
1DQJ_AB_C|YB50A,4.0,1.8448629,0,0
1DQJ_AB_C|YB53A,1.1802781,0.27423453,0,0
"1DQJ_AB_C|YB53A,DC101A",2.727121,1.1669449,0,0
"1DQJ_AB_C|YB53A,LC75A",1.2168618,0.6405334,0,0
"1DQJ_AB_C|YB53A,WC62A",1.286308,1.0175009,0,0
"1DQJ_AB_C|YB53A,WC63A",2.1992323,1.0634784,0,0
1DQJ_AB_C|YC20A,3.2857084,1.6090415,0,0
1XGT_AB_C|LB33A,2.1988916,2.1324801,0,0
1XGT_AB_C|LB33F,-1.8617703,-2.0892324,0,0
1XGT_AB_C|LB33I,-0.061315425,0.20561312,0,0
1XGT_AB_C|LB33V,1.0463123,1.1960533,0,0
"3BDY_HL_V|DL28N,PL30A,RL31K,SL32T,TL97S,TL98S",-0.9690793,-0.52011836,0,0
"3BDY_HL_V|DL28N,PL30A,RL31K,SL32T,TL97S,TL98S,KH31S,DH32G,TH55S,NH56E,GH101V,DH103V",-2.7154896,-2.798564,0,0
"3BDY_HL_V|DL28N,PL30A,RL31K,SL32T,TL97S,TL98S,KH31S,DH32G,TH55S,NH56E,GH101V,DH103V,RH51A,RH60A",-2.7728782,-2.689383,0,0
"3BDY_HL_V|DL28N,PL30A,RL31K,SL32T,YL57F,TL97S,TL98S",-0.97316396,-0.62785125,0,0
"3BDY_HL_V|DL28N,PL30A,RL31K,SL32T,YL57F,TL97S,TL98S,KH31S,DH32G,TH55S,NH56E,GH101V,DH103V",-2.727121,-2.8072667,0,0
3HFM_HL_Y|DH32A,1.8982269,0.013024942,0,0
"3HFM_HL_Y|DH32A,KY97A",4.0,-0.16388068,0,0
"3HFM_HL_Y|DH32A,KY97M",1.1234494,-0.18173398,0,0
3HFM_HL_Y|DH32N,0.17036153,-0.18441653,0,0
"3HFM_HL_Y|DH32N,KY97A",4.0,-0.22960553,0,0
"3HFM_HL_Y|DH32N,KY97M",0.3025042,-0.24158996,0,0
3HFM_HL_Y|DY101A,1.2081919,1.6701409,0,0
3HFM_HL_Y|DY101E,2.132881,0.50775886,0,0
3HFM_HL_Y|DY101F,2.3282614,1.035461,0,0
3HFM_HL_Y|DY101G,0.35884774,1.04097,0,0
3HFM_HL_Y|DY101K,2.1245396,2.1573086,0,0
3HFM_HL_Y|DY101N,1.4911126,1.7861956,0,0
3HFM_HL_Y|DY101Q,2.0851746,0.38514817,0,0
3HFM_HL_Y|DY101R,2.2798727,2.1259696,0,0
3HFM_HL_Y|DY101S,1.8694,1.0593405,0,0
3HFM_HL_Y|GY102V,0.395285,0.52615726,0,0
3HFM_HL_Y|HY15A,-0.4453172,0.28100005,0,0
3HFM_HL_Y|IY98A,0.0,0.107965596,0,0
3HFM_HL_Y|KY96A,4.0,1.5045316,0,0
3HFM_HL_Y|KY96M,4.0,1.2047757,0,0
3HFM_HL_Y|KY96R,4.0,0.30363274,0,0
3HFM_HL_Y|KY97A,4.0,0.40574488,0,0
3HFM_HL_Y|KY97D,4.0,0.055782706,0,0
3HFM_HL_Y|KY97E,3.6045077,0.0907254,0,0
3HFM_HL_Y|KY97G,4.0,-0.27268398,0,0
3HFM_HL_Y|KY97M,0.9469717,0.5806666,0,0
3HFM_HL_Y|KY97R,3.0528512,-0.5473326,0,0
3HFM_HL_Y|LY75A,0.70445603,0.4879293,0,0
3HFM_HL_Y|NL31A,4.0,0.75688225,0,0
"3HFM_HL_Y|NL31A,KY96A",4.0,2.644317,0,0
3HFM_HL_Y|NL31D,1.3434845,0.29022324,0,0
3HFM_HL_Y|NL31E,4.0,0.46435434,0,0
3HFM_HL_Y|NL32A,4.0,0.66579324,0,0
3HFM_HL_Y|NY19D,0.41047263,0.20099027,0,0
3HFM_HL_Y|NY19K,0.2401111,0.89117473,0,0
3HFM_HL_Y|NY19Q,-0.042485796,-0.08710688,0,0
3HFM_HL_Y|NY93A,0.21121821,0.19289176,0,0
3HFM_HL_Y|QL53A,0.9530879,0.100169055,0,0
3HFM_HL_Y|RY21A,0.8618019,1.0639822,0,0
3HFM_HL_Y|RY21E,2.4534352,0.4506687,0,0
3HFM_HL_Y|RY21G,2.4220753,0.1762095,0,0
3HFM_HL_Y|RY21H,2.1693182,-0.06740367,0,0
3HFM_HL_Y|RY21K,1.766342,0.5725926,0,0
3HFM_HL_Y|RY21M,2.0498905,1.3381493,0,0
3HFM_HL_Y|RY21N,2.3282614,0.6643925,0,0
3HFM_HL_Y|RY21Q,2.3975346,-0.4781478,0,0
3HFM_HL_Y|RY21W,2.132881,0.5111976,0,0
3HFM_HL_Y|RY73A,-0.3313971,1.323545,0,0
3HFM_HL_Y|SH31A,0.17036153,0.5164993,0,0
3HFM_HL_Y|SY100A,0.26765963,1.2241743,0,0
3HFM_HL_Y|TY89A,0.0,0.9281003,0,0
3HFM_HL_Y|WH98A,4.0,1.1375463,0,0
"3HFM_HL_Y|WH98A,KY96A",4.0,2.1913042,0,0
3HFM_HL_Y|WH98F,3.245562,0.3549003,0,0
"3HFM_HL_Y|WH98F,YY20A",4.0,1.8636558,0,0
3HFM_HL_Y|WY63A,0.31918663,2.3024702,0,0
3HFM_HL_Y|YH33A,4.0,2.3930285,0,0
"3HFM_HL_Y|YH33A,KY97A",4.0,2.9535646,0,0
3HFM_HL_Y|YH33F,1.0712212,-1.2515051,0,0
3HFM_HL_Y|YH33L,2.0069382,0.27931967,0,0
3HFM_HL_Y|YH33W,1.7495645,0.43178445,0,0
3HFM_HL_Y|YH50A,4.0,2.0000644,0,0
"3HFM_HL_Y|YH50A,RY21A",4.0,3.5747678,0,0
3HFM_HL_Y|YH50F,1.6099914,0.36332253,0,0
3HFM_HL_Y|YH50L,2.8488367,0.6488569,0,0
3HFM_HL_Y|YH53A,3.25038,0.39614648,0,0
3HFM_HL_Y|YH53F,0.62049925,0.2483237,0,0
3HFM_HL_Y|YH53L,0.8068894,0.20964012,0,0
3HFM_HL_Y|YH53W,0.7061819,0.15199485,0,0
3HFM_HL_Y|YH58A,1.6760437,1.2857739,0,0
3HFM_HL_Y|YH58F,0.36312544,0.16930176,0,0
3HFM_HL_Y|YH58L,1.5136731,0.6028864,0,0
3HFM_HL_Y|YL50A,4.0,1.1141183,0,0
"3HFM_HL_Y|YL50A,KY96A",4.0,3.0274053,0,0
"3HFM_HL_Y|YL50A,KY97A",4.0,1.497915,0,0
"3HFM_HL_Y|YL50A,RY21A",4.0,2.5254261,0,0
3HFM_HL_Y|YL50F,2.3548672,0.12354315,0,0
"3HFM_HL_Y|YL50F,RY21A",4.0,1.3987502,0,0
"3HFM_HL_Y|YL50F,YY20A",4.0,3.3339412,0,0
3HFM_HL_Y|YL50L,4.0,-0.1520359,0,0
3HFM_HL_Y|YL96A,2.707045,1.1847275,0,0
"3HFM_HL_Y|YL96A,RY21A",4.0,2.5103574,0,0
3HFM_HL_Y|YL96F,1.4017794,0.5832408,0,0
"3HFM_HL_Y|YL96F,RY21A",4.0,1.9314644,0,0
3HFM_HL_Y|YY20A,4.0,2.2721362,0,0
3HFM_HL_Y|YY20F,-0.4839681,0.6013195,0,0
3HFM_HL_Y|YY20L,2.1845057,1.6411487,0,0
3SE9_HL_G|DH77A,-0.7664817,0.36550117,0,0
3SE9_HL_G|EL90A,0.41735974,1.409639,0,0
3SE9_HL_G|FL91A,0.023615688,0.3092362,0,0
3SE9_HL_G|GH106A,-0.3075798,0.77703285,0,0
3SE9_HL_G|GH107A,-0.6151596,0.2639454,0,0
3SE9_HL_G|GH109A,0.18514356,0.77734035,0,0
3SE9_HL_G|GH57A,0.4524448,0.3694298,0,0
3SE9_HL_G|GH62A,0.04634,0.46932504,0,0
3SE9_HL_G|GL29A,0.46369976,0.32679823,0,0
3SE9_HL_G|LH34A,0.56599987,1.8867625,0,0
3SE9_HL_G|LL89A,0.964243,0.80349684,0,0
3SE9_HL_G|NH60A,1.5217615,1.1352925,0,0
3SE9_HL_G|PH64A,-0.4419396,-0.16111664,0,0
3SE9_HL_G|RH67A,1.4695449,0.65482783,0,0
3SE9_HL_G|RH74A,2.6792572,1.3022919,0,0
3SE9_HL_G|RH76A,-0.2322162,0.7438731,0,0
3SE9_HL_G|TH105A,-0.4419396,-0.24309832,0,0
3SE9_HL_G|TH56A,-0.85929936,0.80960256,0,0
3SE9_HL_G|VH55A,-0.85929936,-0.20187268,0,0
3SE9_HL_G|VH59A,0.9833596,1.3534254,0,0
3SE9_HL_G|VL3A,-0.49433115,0.56384856,0,0
3SE9_HL_G|WH48A,1.0584464,1.0312991,0,0
3SE9_HL_G|WH51A,1.275695,1.3732364,0,0
3SE9_HL_G|YH104A,0.46369976,0.54077,0,0
3SE9_HL_G|YL28A,1.1177194,0.35227343,0,0
4U6H_AB_E|NE21A,-0.3480795,0.5376136,0,0
4U6H_AB_E|QE25A,0.11883454,1.4846978,0,0
4ZS6_HL_A|EA156A,3.0386665,0.5100704,0,0
4ZS6_HL_A|YA160A,-0.11025046,2.310589,0,0
1AHW_AB_C|DC167A,-0.4845926,0.95755446,0,1
"1AHW_AB_C|KC138A,DC139A",1.1814722,1.6750475,0,1
"1AHW_AB_C|KC154A,KC155A",-1.329712,1.1285301,0,1
1AHW_AB_C|LC165A,0.9869364,1.347494,0,1
1AHW_AB_C|NC188A,1.0782224,0.653898,0,1
"1AHW_AB_C|TC110A,KC111A",0.6388569,0.96182823,0,1
1AHW_AB_C|TC156A,-0.07411996,1.9265182,0,1
1AHW_AB_C|TC159A,1.105771,1.1010975,0,1
1AHW_AB_C|TC186A,1.345882,1.2867686,0,1
1AHW_AB_C|VC187A,-0.31423107,0.9908776,0,1
1AHW_AB_C|YC146A,-1.8890098,0.75922453,0,1
1BJ1_HL_VW|HH101Y,-1.5835956,-0.290485,0,1
"1BJ1_HL_VW|HH101Y,YH103I,GH104A,SH105K",-0.43125325,0.99533725,0,1
"1BJ1_HL_VW|HH101Y,YH103R,GH104N,SH105T",-0.7626503,1.25838,0,1
"1BJ1_HL_VW|HH101Y,YH103R,SH105T",-1.173123,0.53237605,0,1
1BJ1_HL_VW|HH107A,0.78965265,0.4836667,0,1
"1BJ1_HL_VW|LH72I,TH74K",0.076517485,0.4258188,0,1
"1BJ1_HL_VW|LH72V,TH74V",0.6706598,0.11900681,0,1
"1BJ1_HL_VW|ML4L,TH28D,NH31H,HH101Y,SH105T",-1.52138,-0.80508494,0,1
1BJ1_HL_VW|NH31H,-0.7626503,0.12703474,0,1
1BJ1_HL_VW|SH105T,-0.39039657,0.2800494,0,1
1BJ1_HL_VW|TH28D,-0.22003505,-0.21471842,0,1
"1BJ1_HL_VW|TH28D,NH31H",-0.6929008,-0.3476207,0,1
"1BJ1_HL_VW|TH28D,NH31H,YH54W,HH101Y,SH105T",-1.2034981,-0.25018764,0,1
1BJ1_HL_VW|TH59A,0.85066694,0.61041737,0,1
1BJ1_HL_VW|YH27A,2.2425284,0.9800019,0,1
1BJ1_HL_VW|YH54A,1.3276595,0.9892217,0,1
1BJ1_HL_VW|YH54W,-0.13726985,0.2899308,0,1
1BJ1_HL_VW|YH99A,4.0,1.1437688,0,1
1DQJ_AB_C|DB32A,2.0134337,0.799229,0,1
"1DQJ_AB_C|DB32A,KC97A",1.1223834,0.8066319,0,1
1DQJ_AB_C|DC101A,1.3765504,0.95515203,0,1
1DQJ_AB_C|KC96A,4.0,0.20173237,0,1
1DQJ_AB_C|KC97A,3.5197058,0.013017543,0,1
1DQJ_AB_C|LC75A,1.452407,0.47374347,0,1
1DQJ_AB_C|NA31A,2.0134337,0.37409902,0,1
1DQJ_AB_C|NA32A,4.0,0.94369256,0,1
"1DQJ_AB_C|NA32A,KC96A",4.0,0.907408,0,1
1DQJ_AB_C|NC93A,0.64987326,0.17010191,0,1
1DQJ_AB_C|RC21A,1.2137709,0.3926975,0,1
1DQJ_AB_C|SA91A,1.4318883,0.8801148,0,1
"1DQJ_AB_C|SA91A,RC21A",3.1707318,0.8532671,0,1
"1DQJ_AB_C|SA91A,YC20A",3.573092,1.7685089,0,1
1DQJ_AB_C|SC100A,0.7755829,0.7910855,0,1
1DQJ_AB_C|TC89A,0.84084374,0.5818937,0,1
1DQJ_AB_C|WB98A,4.0,1.8955381,0,1
"1DQJ_AB_C|WB98A,KC97A",4.0,1.9477963,0,1
"1DQJ_AB_C|WB98A,SC100A",4.0,2.9737034,0,1
"1DQJ_AB_C|WB98A,YC20A",4.0,3.1344755,0,1
1DQJ_AB_C|WC62A,0.7580786,0.7360383,0,1
1DQJ_AB_C|WC63A,1.3462692,0.61183,0,1
1DQJ_AB_C|YA50A,2.678299,1.187915,0,1
1DQJ_AB_C|YA96A,1.135051,1.0263897,0,1
"1DQJ_AB_C|YA96A,RC21A",3.4851997,1.1882123,0,1
"1DQJ_AB_C|YA96A,SC100A",0.91344726,1.706836,0,1
1DQJ_AB_C|YB33A,4.0,1.9485288,0,1
1DQJ_AB_C|YB50A,4.0,1.6737446,0,1
1DQJ_AB_C|YB53A,1.1802781,0.41390216,0,1
"1DQJ_AB_C|YB53A,DC101A",2.727121,0.9195665,0,1
"1DQJ_AB_C|YB53A,LC75A",1.2168618,0.8359183,0,1
"1DQJ_AB_C|YB53A,WC62A",1.286308,0.83070076,0,1
"1DQJ_AB_C|YB53A,WC63A",2.1992323,0.5748209,0,1
1DQJ_AB_C|YC20A,3.2857084,1.1707287,0,1
1XGT_AB_C|LB33A,2.1988916,1.4891385,0,1
1XGT_AB_C|LB33F,-1.8617703,-0.36661136,0,1
1XGT_AB_C|LB33I,-0.061315425,0.057094783,0,1
1XGT_AB_C|LB33V,1.0463123,0.313353,0,1
"3BDY_HL_V|DL28N,PL30A,RL31K,SL32T,TL97S,TL98S",-0.9690793,-0.5558771,0,1
"3BDY_HL_V|DL28N,PL30A,RL31K,SL32T,TL97S,TL98S,KH31S,DH32G,TH55S,NH56E,GH101V,DH103V",-2.7154896,-2.5953321,0,1
"3BDY_HL_V|DL28N,PL30A,RL31K,SL32T,TL97S,TL98S,KH31S,DH32G,TH55S,NH56E,GH101V,DH103V,RH51A,RH60A",-2.7728782,-2.3327856,0,1
"3BDY_HL_V|DL28N,PL30A,RL31K,SL32T,YL57F,TL97S,TL98S",-0.97316396,-0.37835824,0,1
"3BDY_HL_V|DL28N,PL30A,RL31K,SL32T,YL57F,TL97S,TL98S,KH31S,DH32G,TH55S,NH56E,GH101V,DH103V",-2.727121,-2.4472747,0,1
3HFM_HL_Y|DH32A,1.8982269,0.14105369,0,1
"3HFM_HL_Y|DH32A,KY97A",4.0,0.082348466,0,1
"3HFM_HL_Y|DH32A,KY97M",1.1234494,-0.32675987,0,1
3HFM_HL_Y|DH32N,0.17036153,0.01127696,0,1
"3HFM_HL_Y|DH32N,KY97A",4.0,0.025091544,0,1
"3HFM_HL_Y|DH32N,KY97M",0.3025042,-0.401365,0,1
3HFM_HL_Y|DY101A,1.2081919,0.83366776,0,1
3HFM_HL_Y|DY101E,2.132881,-0.061234843,0,1
3HFM_HL_Y|DY101F,2.3282614,-0.17598861,0,1
3HFM_HL_Y|DY101G,0.35884774,0.5596881,0,1
3HFM_HL_Y|DY101K,2.1245396,0.3666241,0,1
3HFM_HL_Y|DY101N,1.4911126,0.4290734,0,1
3HFM_HL_Y|DY101Q,2.0851746,0.06595998,0,1
3HFM_HL_Y|DY101R,2.2798727,0.25433925,0,1
3HFM_HL_Y|DY101S,1.8694,0.109083414,0,1
3HFM_HL_Y|GY102V,0.395285,-0.11908976,0,1
3HFM_HL_Y|HY15A,-0.4453172,0.08253954,0,1
3HFM_HL_Y|IY98A,0.0,0.27125567,0,1
3HFM_HL_Y|KY96A,4.0,0.14585003,0,1
3HFM_HL_Y|KY96M,4.0,-0.33183813,0,1
3HFM_HL_Y|KY96R,4.0,-0.27546704,0,1
3HFM_HL_Y|KY97A,4.0,-0.0070036277,0,1
3HFM_HL_Y|KY97D,4.0,-0.60498226,0,1
3HFM_HL_Y|KY97E,3.6045077,-0.6998087,0,1
3HFM_HL_Y|KY97G,4.0,-0.19863424,0,1
3HFM_HL_Y|KY97M,0.9469717,-0.669626,0,1
3HFM_HL_Y|KY97R,3.0528512,-0.69601345,0,1
3HFM_HL_Y|LY75A,0.70445603,0.32911327,0,1
3HFM_HL_Y|NL31A,4.0,0.31751704,0,1
"3HFM_HL_Y|NL31A,KY96A",4.0,0.46748027,0,1
3HFM_HL_Y|NL31D,1.3434845,-0.322104,0,1
3HFM_HL_Y|NL31E,4.0,-0.23127277,0,1
3HFM_HL_Y|NL32A,4.0,0.5859382,0,1
3HFM_HL_Y|NY19D,0.41047263,-0.02126248,0,1
3HFM_HL_Y|NY19K,0.2401111,0.34445772,0,1
3HFM_HL_Y|NY19Q,-0.042485796,0.13283272,0,1
3HFM_HL_Y|NY93A,0.21121821,0.11027141,0,1
3HFM_HL_Y|QL53A,0.9530879,0.27217573,0,1
3HFM_HL_Y|RY21A,0.8618019,0.36055306,0,1
3HFM_HL_Y|RY21E,2.4534352,-0.39358068,0,1
3HFM_HL_Y|RY21G,2.4220753,0.1630136,0,1
3HFM_HL_Y|RY21H,2.1693182,-0.069472626,0,1
3HFM_HL_Y|RY21K,1.766342,0.35331398,0,1
3HFM_HL_Y|RY21M,2.0498905,-0.019906074,0,1
3HFM_HL_Y|RY21N,2.3282614,0.07794935,0,1
3HFM_HL_Y|RY21Q,2.3975346,-0.22261573,0,1
3HFM_HL_Y|RY21W,2.132881,-0.21704142,0,1
3HFM_HL_Y|RY73A,-0.3313971,0.686591,0,1
3HFM_HL_Y|SH31A,0.17036153,0.5531652,0,1
3HFM_HL_Y|SY100A,0.26765963,0.54392064,0,1
3HFM_HL_Y|TY89A,0.0,0.56633115,0,1
3HFM_HL_Y|WH98A,4.0,1.2155282,0,1
"3HFM_HL_Y|WH98A,KY96A",4.0,1.1960504,0,1
3HFM_HL_Y|WH98F,3.245562,0.25758153,0,1
"3HFM_HL_Y|WH98F,YY20A",4.0,1.3637687,0,1
3HFM_HL_Y|WY63A,0.31918663,0.62354517,0,1
3HFM_HL_Y|YH33A,4.0,1.673458,0,1
"3HFM_HL_Y|YH33A,KY97A",4.0,1.6076506,0,1
3HFM_HL_Y|YH33F,1.0712212,0.37165132,0,1
3HFM_HL_Y|YH33L,2.0069382,0.20163801,0,1
3HFM_HL_Y|YH33W,1.7495645,0.12686324,0,1
3HFM_HL_Y|YH50A,4.0,1.7083197,0,1
"3HFM_HL_Y|YH50A,RY21A",4.0,2.0445123,0,1
3HFM_HL_Y|YH50F,1.6099914,0.6307101,0,1
3HFM_HL_Y|YH50L,2.8488367,0.48646888,0,1
3HFM_HL_Y|YH53A,3.25038,0.5460012,0,1
3HFM_HL_Y|YH53F,0.62049925,0.35000873,0,1
3HFM_HL_Y|YH53L,0.8068894,0.21690062,0,1
3HFM_HL_Y|YH53W,0.7061819,0.0915689,0,1
3HFM_HL_Y|YH58A,1.6760437,0.8011459,0,1
3HFM_HL_Y|YH58F,0.36312544,0.4023651,0,1
3HFM_HL_Y|YH58L,1.5136731,0.34031603,0,1
3HFM_HL_Y|YL50A,4.0,0.7301234,0,1
"3HFM_HL_Y|YL50A,KY96A",4.0,0.7020947,0,1
"3HFM_HL_Y|YL50A,KY97A",4.0,0.7374158,0,1
"3HFM_HL_Y|YL50A,RY21A",4.0,1.0104674,0,1
3HFM_HL_Y|YL50F,2.3548672,0.3382288,0,1
"3HFM_HL_Y|YL50F,RY21A",4.0,0.5185844,0,1
"3HFM_HL_Y|YL50F,YY20A",4.0,1.281669,0,1
3HFM_HL_Y|YL50L,4.0,0.26216018,0,1
3HFM_HL_Y|YL96A,2.707045,0.9448335,0,1
"3HFM_HL_Y|YL96A,RY21A",4.0,1.2094027,0,1
3HFM_HL_Y|YL96F,1.4017794,0.4793878,0,1
"3HFM_HL_Y|YL96F,RY21A",4.0,0.61990654,0,1
3HFM_HL_Y|YY20A,4.0,1.0459986,0,1
3HFM_HL_Y|YY20F,-0.4839681,0.12517811,0,1
3HFM_HL_Y|YY20L,2.1845057,0.5698229,0,1
3SE9_HL_G|DH77A,-0.7664817,0.38546863,0,1
3SE9_HL_G|EL90A,0.41735974,1.1333839,0,1
3SE9_HL_G|FL91A,0.023615688,0.7350167,0,1
3SE9_HL_G|GH106A,-0.3075798,0.69021285,0,1
3SE9_HL_G|GH107A,-0.6151596,0.6597717,0,1
3SE9_HL_G|GH109A,0.18514356,1.0536711,0,1
3SE9_HL_G|GH57A,0.4524448,0.8707315,0,1
3SE9_HL_G|GH62A,0.04634,0.79602563,0,1
3SE9_HL_G|GL29A,0.46369976,0.36601308,0,1
3SE9_HL_G|LH34A,0.56599987,1.0568316,0,1
3SE9_HL_G|LL89A,0.964243,1.721962,0,1
3SE9_HL_G|NH60A,1.5217615,1.0359387,0,1
3SE9_HL_G|PH64A,-0.4419396,0.05747685,0,1
3SE9_HL_G|RH67A,1.4695449,0.54365826,0,1
3SE9_HL_G|RH74A,2.6792572,0.9237875,0,1
3SE9_HL_G|RH76A,-0.2322162,0.1653841,0,1
3SE9_HL_G|TH105A,-0.4419396,0.036921807,0,1
3SE9_HL_G|TH56A,-0.85929936,0.5771496,0,1
3SE9_HL_G|VH55A,-0.85929936,0.46840402,0,1
3SE9_HL_G|VH59A,0.9833596,1.1924847,0,1
3SE9_HL_G|VL3A,-0.49433115,0.12561412,0,1
3SE9_HL_G|WH48A,1.0584464,1.3314391,0,1
3SE9_HL_G|WH51A,1.275695,1.4313713,0,1
3SE9_HL_G|YH104A,0.46369976,1.6462688,0,1
3SE9_HL_G|YL28A,1.1177194,0.44540462,0,1
4U6H_AB_E|NE21A,-0.3480795,0.44200125,0,1
4U6H_AB_E|QE25A,0.11883454,1.4418225,0,1
4ZS6_HL_A|EA156A,3.0386665,1.2865741,0,1
4ZS6_HL_A|YA160A,-0.11025046,1.9837747,0,1
1AHW_AB_C|DC167A,-0.4845926,0.3147592,0,2
"1AHW_AB_C|KC138A,DC139A",1.1814722,0.48010498,0,2
"1AHW_AB_C|KC154A,KC155A",-1.329712,0.3662224,0,2
1AHW_AB_C|LC165A,0.9869364,0.3967492,0,2
1AHW_AB_C|NC188A,1.0782224,0.21625414,0,2
"1AHW_AB_C|TC110A,KC111A",0.6388569,0.4501809,0,2
1AHW_AB_C|TC156A,-0.07411996,0.3983888,0,2
1AHW_AB_C|TC159A,1.105771,0.026312701,0,2
1AHW_AB_C|TC186A,1.345882,0.38704696,0,2
1AHW_AB_C|VC187A,-0.31423107,0.2980634,0,2
1AHW_AB_C|YC146A,-1.8890098,0.24619469,0,2
1BJ1_HL_VW|HH101Y,-1.5835956,-0.30637053,0,2
"1BJ1_HL_VW|HH101Y,YH103I,GH104A,SH105K",-0.43125325,0.07445175,0,2
"1BJ1_HL_VW|HH101Y,YH103R,GH104N,SH105T",-0.7626503,0.29830745,0,2
"1BJ1_HL_VW|HH101Y,YH103R,SH105T",-1.173123,-0.08707461,0,2
1BJ1_HL_VW|HH107A,0.78965265,0.29744282,0,2
"1BJ1_HL_VW|LH72I,TH74K",0.076517485,-0.1691894,0,2
"1BJ1_HL_VW|LH72V,TH74V",0.6706598,-0.3399693,0,2
"1BJ1_HL_VW|ML4L,TH28D,NH31H,HH101Y,SH105T",-1.52138,-0.8249184,0,2
1BJ1_HL_VW|NH31H,-0.7626503,-0.23136398,0,2
1BJ1_HL_VW|SH105T,-0.39039657,-0.013443593,0,2
1BJ1_HL_VW|TH28D,-0.22003505,-0.2888499,0,2
"1BJ1_HL_VW|TH28D,NH31H",-0.6929008,-0.5738136,0,2
"1BJ1_HL_VW|TH28D,NH31H,YH54W,HH101Y,SH105T",-1.2034981,-0.8579672,0,2
1BJ1_HL_VW|TH59A,0.85066694,0.16295975,0,2
1BJ1_HL_VW|YH27A,2.2425284,0.20920905,0,2
1BJ1_HL_VW|YH54A,1.3276595,0.25825322,0,2
1BJ1_HL_VW|YH54W,-0.13726985,-0.08925334,0,2
1BJ1_HL_VW|YH99A,4.0,-0.03432949,0,2
1DQJ_AB_C|DB32A,2.0134337,0.06765295,0,2
"1DQJ_AB_C|DB32A,KC97A",1.1223834,0.50675976,0,2
1DQJ_AB_C|DC101A,1.3765504,0.4364227,0,2
1DQJ_AB_C|KC96A,4.0,0.194987,0,2
1DQJ_AB_C|KC97A,3.5197058,0.39128026,0,2
1DQJ_AB_C|LC75A,1.452407,0.32230198,0,2
1DQJ_AB_C|NA31A,2.0134337,0.20562404,0,2
1DQJ_AB_C|NA32A,4.0,0.25199056,0,2
"1DQJ_AB_C|NA32A,KC96A",4.0,0.5322937,0,2
1DQJ_AB_C|NC93A,0.64987326,0.37560236,0,2
1DQJ_AB_C|RC21A,1.2137709,-0.028325468,0,2
1DQJ_AB_C|SA91A,1.4318883,0.00012530386,0,2
"1DQJ_AB_C|SA91A,RC21A",3.1707318,-0.07438734,0,2
"1DQJ_AB_C|SA91A,YC20A",3.573092,0.22224247,0,2
1DQJ_AB_C|SC100A,0.7755829,0.128701,0,2
1DQJ_AB_C|TC89A,0.84084374,0.22428158,0,2
1DQJ_AB_C|WB98A,4.0,0.023983993,0,2
"1DQJ_AB_C|WB98A,KC97A",4.0,0.4395517,0,2
"1DQJ_AB_C|WB98A,SC100A",4.0,0.24154931,0,2
"1DQJ_AB_C|WB98A,YC20A",4.0,0.23898402,0,2
1DQJ_AB_C|WC62A,0.7580786,0.43327093,0,2
1DQJ_AB_C|WC63A,1.3462692,0.28141585,0,2
1DQJ_AB_C|YA50A,2.678299,0.48781645,0,2
1DQJ_AB_C|YA96A,1.135051,0.34173673,0,2
"1DQJ_AB_C|YA96A,RC21A",3.4851997,0.3783281,0,2
"1DQJ_AB_C|YA96A,SC100A",0.91344726,0.5233367,0,2
1DQJ_AB_C|YB33A,4.0,0.14916754,0,2
1DQJ_AB_C|YB50A,4.0,0.48362803,0,2
1DQJ_AB_C|YB53A,1.1802781,0.34477583,0,2
"1DQJ_AB_C|YB53A,DC101A",2.727121,0.871202,0,2
"1DQJ_AB_C|YB53A,LC75A",1.2168618,0.6193081,0,2
"1DQJ_AB_C|YB53A,WC62A",1.286308,0.8182968,0,2
"1DQJ_AB_C|YB53A,WC63A",2.1992323,0.6813707,0,2
1DQJ_AB_C|YC20A,3.2857084,0.2444421,0,2
1XGT_AB_C|LB33A,2.1988916,0.066871695,0,2
1XGT_AB_C|LB33F,-1.8617703,-0.10106276,0,2
1XGT_AB_C|LB33I,-0.061315425,-0.050708823,0,2
1XGT_AB_C|LB33V,1.0463123,-0.023907542,0,2
"3BDY_HL_V|DL28N,PL30A,RL31K,SL32T,TL97S,TL98S",-0.9690793,-0.11269356,0,2
"3BDY_HL_V|DL28N,PL30A,RL31K,SL32T,TL97S,TL98S,KH31S,DH32G,TH55S,NH56E,GH101V,DH103V",-2.7154896,-1.0118254,0,2
"3BDY_HL_V|DL28N,PL30A,RL31K,SL32T,TL97S,TL98S,KH31S,DH32G,TH55S,NH56E,GH101V,DH103V,RH51A,RH60A",-2.7728782,-0.57025886,0,2
"3BDY_HL_V|DL28N,PL30A,RL31K,SL32T,YL57F,TL97S,TL98S",-0.97316396,-0.011690531,0,2
"3BDY_HL_V|DL28N,PL30A,RL31K,SL32T,YL57F,TL97S,TL98S,KH31S,DH32G,TH55S,NH56E,GH101V,DH103V",-2.727121,-0.91532165,0,2
3HFM_HL_Y|DH32A,1.8982269,-0.08757366,0,2
"3HFM_HL_Y|DH32A,KY97A",4.0,0.5495372,0,2
"3HFM_HL_Y|DH32A,KY97M",1.1234494,0.27915147,0,2
3HFM_HL_Y|DH32N,0.17036153,-0.11294037,0,2
"3HFM_HL_Y|DH32N,KY97A",4.0,0.5399167,0,2
"3HFM_HL_Y|DH32N,KY97M",0.3025042,0.25429687,0,2
3HFM_HL_Y|DY101A,1.2081919,0.3852699,0,2
3HFM_HL_Y|DY101E,2.132881,0.0095586255,0,2
3HFM_HL_Y|DY101F,2.3282614,0.106173016,0,2
3HFM_HL_Y|DY101G,0.35884774,0.030224562,0,2
3HFM_HL_Y|DY101K,2.1245396,0.12872842,0,2
3HFM_HL_Y|DY101N,1.4911126,0.1463153,0,2
3HFM_HL_Y|DY101Q,2.0851746,0.11175377,0,2
3HFM_HL_Y|DY101R,2.2798727,0.0498437,0,2
3HFM_HL_Y|DY101S,1.8694,0.13679579,0,2
3HFM_HL_Y|GY102V,0.395285,0.13432142,0,2
3HFM_HL_Y|HY15A,-0.4453172,0.23467499,0,2
3HFM_HL_Y|IY98A,0.0,0.37741295,0,2
3HFM_HL_Y|KY96A,4.0,0.2973885,0,2
3HFM_HL_Y|KY96M,4.0,0.15955973,0,2
3HFM_HL_Y|KY96R,4.0,0.1000262,0,2
3HFM_HL_Y|KY97A,4.0,0.5201688,0,2
3HFM_HL_Y|KY97D,4.0,0.16265413,0,2
3HFM_HL_Y|KY97E,3.6045077,0.08885295,0,2
3HFM_HL_Y|KY97G,4.0,0.40543237,0,2
3HFM_HL_Y|KY97M,0.9469717,0.29586893,0,2
3HFM_HL_Y|KY97R,3.0528512,0.21736452,0,2
3HFM_HL_Y|LY75A,0.70445603,0.39987725,0,2
3HFM_HL_Y|NL31A,4.0,0.09390067,0,2
"3HFM_HL_Y|NL31A,KY96A",4.0,0.49225253,0,2
3HFM_HL_Y|NL31D,1.3434845,-0.06927748,0,2
3HFM_HL_Y|NL31E,4.0,-0.09737747,0,2
3HFM_HL_Y|NL32A,4.0,0.41314822,0,2
3HFM_HL_Y|NY19D,0.41047263,-0.03557917,0,2
3HFM_HL_Y|NY19K,0.2401111,0.12509388,0,2
3HFM_HL_Y|NY19Q,-0.042485796,0.082138725,0,2
3HFM_HL_Y|NY93A,0.21121821,0.40955928,0,2
3HFM_HL_Y|QL53A,0.9530879,0.32121143,0,2
3HFM_HL_Y|RY21A,0.8618019,0.12256799,0,2
3HFM_HL_Y|RY21E,2.4534352,-0.23061052,0,2
3HFM_HL_Y|RY21G,2.4220753,0.031247064,0,2
3HFM_HL_Y|RY21H,2.1693182,-0.09105727,0,2
3HFM_HL_Y|RY21K,1.766342,-0.07244369,0,2
3HFM_HL_Y|RY21M,2.0498905,-0.022479936,0,2
3HFM_HL_Y|RY21N,2.3282614,-0.06406759,0,2
3HFM_HL_Y|RY21Q,2.3975346,-0.12597091,0,2
3HFM_HL_Y|RY21W,2.132881,-0.04365305,0,2
3HFM_HL_Y|RY73A,-0.3313971,0.5958838,0,2
3HFM_HL_Y|SH31A,0.17036153,-0.04181293,0,2
3HFM_HL_Y|SY100A,0.26765963,0.20356837,0,2
3HFM_HL_Y|TY89A,0.0,0.32623786,0,2
3HFM_HL_Y|WH98A,4.0,0.12351357,0,2
"3HFM_HL_Y|WH98A,KY96A",4.0,0.5128636,0,2
3HFM_HL_Y|WH98F,3.245562,-0.23604754,0,2
"3HFM_HL_Y|WH98F,YY20A",4.0,0.15349692,0,2
3HFM_HL_Y|WY63A,0.31918663,0.2656226,0,2
3HFM_HL_Y|YH33A,4.0,0.09067627,0,2
"3HFM_HL_Y|YH33A,KY97A",4.0,0.64236903,0,2
3HFM_HL_Y|YH33F,1.0712212,-0.078829184,0,2
3HFM_HL_Y|YH33L,2.0069382,-0.022886783,0,2
3HFM_HL_Y|YH33W,1.7495645,-0.16868468,0,2
3HFM_HL_Y|YH50A,4.0,0.33397958,0,2
"3HFM_HL_Y|YH50A,RY21A",4.0,0.50693434,0,2
3HFM_HL_Y|YH50F,1.6099914,0.17359015,0,2
3HFM_HL_Y|YH50L,2.8488367,0.21708095,0,2
3HFM_HL_Y|YH53A,3.25038,0.24527833,0,2
3HFM_HL_Y|YH53F,0.62049925,-0.009218432,0,2
3HFM_HL_Y|YH53L,0.8068894,0.084114484,0,2
3HFM_HL_Y|YH53W,0.7061819,-0.13121489,0,2
3HFM_HL_Y|YH58A,1.6760437,0.58059055,0,2
3HFM_HL_Y|YH58F,0.36312544,0.23205948,0,2
3HFM_HL_Y|YH58L,1.5136731,0.36058375,0,2
3HFM_HL_Y|YL50A,4.0,0.31321788,0,2
"3HFM_HL_Y|YL50A,KY96A",4.0,0.76011336,0,2
"3HFM_HL_Y|YL50A,KY97A",4.0,0.97193813,0,2
"3HFM_HL_Y|YL50A,RY21A",4.0,0.5062403,0,2
3HFM_HL_Y|YL50F,2.3548672,0.10518698,0,2
"3HFM_HL_Y|YL50F,RY21A",4.0,0.3045647,0,2
"3HFM_HL_Y|YL50F,YY20A",4.0,0.47171557,0,2
3HFM_HL_Y|YL50L,4.0,0.1121477,0,2
3HFM_HL_Y|YL96A,2.707045,0.3278057,0,2
"3HFM_HL_Y|YL96A,RY21A",4.0,0.5223377,0,2
3HFM_HL_Y|YL96F,1.4017794,0.11236354,0,2
"3HFM_HL_Y|YL96F,RY21A",4.0,0.3222801,0,2
3HFM_HL_Y|YY20A,4.0,0.25913176,0,2
3HFM_HL_Y|YY20F,-0.4839681,-0.08281376,0,2
3HFM_HL_Y|YY20L,2.1845057,0.08782715,0,2
3SE9_HL_G|DH77A,-0.7664817,0.18995434,0,2
3SE9_HL_G|EL90A,0.41735974,0.101620235,0,2
3SE9_HL_G|FL91A,0.023615688,0.52072823,0,2
3SE9_HL_G|GH106A,-0.3075798,-0.043588676,0,2
3SE9_HL_G|GH107A,-0.6151596,0.05563543,0,2
3SE9_HL_G|GH109A,0.18514356,-0.05455387,0,2
3SE9_HL_G|GH57A,0.4524448,0.15328884,0,2
3SE9_HL_G|GH62A,0.04634,0.03582763,0,2
3SE9_HL_G|GL29A,0.46369976,0.004081294,0,2
3SE9_HL_G|LH34A,0.56599987,0.3255269,0,2
3SE9_HL_G|LL89A,0.964243,0.07017595,0,2
3SE9_HL_G|NH60A,1.5217615,0.29804638,0,2
3SE9_HL_G|PH64A,-0.4419396,0.38108307,0,2
3SE9_HL_G|RH67A,1.4695449,0.025520258,0,2
3SE9_HL_G|RH74A,2.6792572,0.12171341,0,2
3SE9_HL_G|RH76A,-0.2322162,0.13873798,0,2
3SE9_HL_G|TH105A,-0.4419396,-0.23042697,0,2
3SE9_HL_G|TH56A,-0.85929936,0.11696655,0,2
3SE9_HL_G|VH55A,-0.85929936,0.16579199,0,2
3SE9_HL_G|VH59A,0.9833596,0.58444524,0,2
3SE9_HL_G|VL3A,-0.49433115,0.16002184,0,2
3SE9_HL_G|WH48A,1.0584464,0.14980087,0,2
3SE9_HL_G|WH51A,1.275695,0.36639795,0,2
3SE9_HL_G|YH104A,0.46369976,0.54095966,0,2
3SE9_HL_G|YL28A,1.1177194,0.2572623,0,2
4U6H_AB_E|NE21A,-0.3480795,0.2307165,0,2
4U6H_AB_E|QE25A,0.11883454,0.3417208,0,2
4ZS6_HL_A|EA156A,3.0386665,0.28373787,0,2
4ZS6_HL_A|YA160A,-0.11025046,0.51615465,0,2
1KIP_AB_C|AB32Y,-0.8005932,-0.61180043,1,0
1XGU_AB_C|FB33A,4.0,0.07870304,1,0
1XGU_AB_C|FB33I,1.8004549,-0.050351933,1,0
1XGU_AB_C|FB33L,1.8617703,-0.09412638,1,0
1XGU_AB_C|FB33V,2.9080825,-0.10937469,1,0
2B2X_HL_A|EH64K,-0.033433665,-0.2585935,1,0
"2B2X_HL_A|EH64K,QL28S,YL52N",0.911615,0.38202086,1,0
"2B2X_HL_A|EH64K,QL28S,YL52N,GH102S",2.7106705,0.40723056,1,0
"2B2X_HL_A|EH64K,QL28S,YL52N,SH35A",3.119054,0.5449109,1,0
"2B2X_HL_A|EH64K,QL28S,YL52N,SH35V",3.770335,0.3623689,1,0
"2B2X_HL_A|EH64K,YL52N",0.34853002,0.039408848,1,0
"2B2X_HL_A|QL28S,YL52N",0.8626942,0.22410218,1,0
2B2X_HL_A|VH50T,0.024054652,-0.13766287,1,0
"2B2X_HL_A|VH50T,EH64D,QL28S,YL52N",0.87177193,0.35689422,1,0
"2B2X_HL_A|VH50T,EH64K,QL28S",0.991589,0.2837557,1,0
"2B2X_HL_A|VH50T,EH64K,QL28S,YL52D",1.5439764,0.4303034,1,0
"2B2X_HL_A|VH50T,EH64K,QL28S,YL52E",0.95452905,0.39432576,1,0
"2B2X_HL_A|VH50T,EH64K,QL28S,YL52K",1.7007239,0.3596824,1,0
"2B2X_HL_A|VH50T,EH64K,QL28S,YL52N",1.043214,0.46258926,1,0
"2B2X_HL_A|VH50T,EH64K,QL28S,YL52N,FH99W",1.043214,0.41647413,1,0
"2B2X_HL_A|VH50T,EH64K,QL28S,YL52N,FH99Y",1.7978828,0.3700739,1,0
"2B2X_HL_A|VH50T,EH64K,QL28S,YL52N,GH100F",1.4322319,0.3538692,1,0
"2B2X_HL_A|VH50T,EH64K,QL28S,YL52N,GH100L",3.770335,0.38795373,1,0
"2B2X_HL_A|VH50T,EH64K,QL28S,YL52N,GH100M",1.145348,0.3317032,1,0
"2B2X_HL_A|VH50T,EH64K,QL28S,YL52N,GH100S",1.6009614,0.4494834,1,0
"2B2X_HL_A|VH50T,EH64K,QL28S,YL52N,GH53A",1.5558206,0.5761156,1,0
"2B2X_HL_A|VH50T,EH64K,QL28S,YL52N,GH53N",2.2985272,0.5126891,1,0
"2B2X_HL_A|VH50T,EH64K,QL28S,YL52N,GH53S",1.7188073,0.5567118,1,0
"2B2X_HL_A|VH50T,EH64K,QL28S,YL52N,GH54I",2.4067745,0.49210608,1,0
"2B2X_HL_A|VH50T,EH64K,QL28S,YL52N,GH54T",2.2073808,0.5458071,1,0
"2B2X_HL_A|VH50T,EH64K,QL28S,YL52N,GH54Y",1.043214,0.3641275,1,0
"2B2X_HL_A|VH50T,EH64K,QL28S,YL52N,GL92Q",2.6158988,0.3965677,1,0
"2B2X_HL_A|VH50T,EH64K,QL28S,YL52N,GL92S",1.5558206,0.4817347,1,0
"2B2X_HL_A|VH50T,EH64K,QL28S,YL52N,HL31K",2.2073808,0.5677759,1,0
"2B2X_HL_A|VH50T,EH64K,QL28S,YL52N,HL31R",2.1670115,0.5015747,1,0
"2B2X_HL_A|VH50T,EH64K,QL28S,YL52N,HL31W",2.2985272,0.44789332,1,0
"2B2X_HL_A|VH50T,EH64K,QL28S,YL52N,LH60D",0.981894,0.43253067,1,0
"2B2X_HL_A|VH50T,EH64K,QL28S,YL52N,LL49F",1.7554936,0.47409388,1,0
"2B2X_HL_A|VH50T,EH64K,QL28S,YL52N,LL49K",1.9044149,0.41984028,1,0
"2B2X_HL_A|VH50T,EH64K,QL28S,YL52N,LL49W",2.9507816,0.32133722,1,0
"2B2X_HL_A|VH50T,EH64K,QL28S,YL52N,NL30V",2.0925434,0.4692648,1,0
"2B2X_HL_A|VH50T,EH64K,QL28S,YL52N,NL30W",2.6158988,0.46250048,1,0
"2B2X_HL_A|VH50T,EH64K,QL28S,YL52N,NL30Y",2.9507816,0.3840657,1,0
"2B2X_HL_A|VH50T,EH64K,QL28S,YL52N,NL30Y,SL91I",1.4775821,0.42354712,1,0
"2B2X_HL_A|VH50T,EH64K,QL28S,YL52N,RH31Q",2.350542,0.56099784,1,0
"2B2X_HL_A|VH50T,EH64K,QL28S,YL52N,SH35A",2.6158988,0.57661945,1,0
"2B2X_HL_A|VH50T,EH64K,QL28S,YL52N,SH35A,GH102S",2.6158988,0.5615642,1,0
"2B2X_HL_A|VH50T,EH64K,QL28S,YL52N,SH35Q",3.770335,0.3399347,1,0
"2B2X_HL_A|VH50T,EH64K,QL28S,YL52N,SH35V,GH102S",2.4688888,0.43176976,1,0
"2B2X_HL_A|VH50T,EH64K,QL28S,YL52N,SH52M",3.119054,0.41147742,1,0
"2B2X_HL_A|VH50T,EH64K,QL28S,YL52N,SL24R",0.82788163,0.32151338,1,0
"2B2X_HL_A|VH50T,EH64K,QL28S,YL52N,SL91Q",2.8172472,0.43526343,1,0
"2B2X_HL_A|VH50T,EH64K,QL28S,YL52N,SL91R",3.770335,0.4437248,1,0
"2B2X_HL_A|VH50T,EH64K,QL28S,YL52N,SL91R,NL30E",3.770335,0.49948823,1,0
"2B2X_HL_A|VH50T,EH64K,QL28S,YL52N,SL91T",3.3598623,0.48605722,1,0
"2B2X_HL_A|VH50T,EH64K,QL28S,YL52N,TH33E,GH53Q",2.7106705,0.4211454,1,0
"2B2X_HL_A|VH50T,EH64K,QL28S,YL52N,TH33I,SH52T,GH53N,GH54N",2.9507816,0.6488071,1,0
"2B2X_HL_A|VH50T,EH64K,QL28S,YL52N,TH33I,SH52T,GH53Q,GH54F",2.2985272,0.69067013,1,0
"2B2X_HL_A|VH50T,EH64K,QL28S,YL52N,TH33N",3.770335,0.43014827,1,0
"2B2X_HL_A|VH50T,EH64K,QL28S,YL52N,TH33V",1.4775821,0.39674821,1,0
"2B2X_HL_A|VH50T,EH64K,QL28S,YL52N,WL90Q",3.119054,0.65867203,1,0
"2B2X_HL_A|VH50T,EH64K,QL28S,YL52N,WL90Q,FL33Y",1.914233,0.5506151,1,0
"2B2X_HL_A|VH50T,EH64K,QL28S,YL52N,YH58E",3.119054,0.6514182,1,0
"2B2X_HL_A|VH50T,EH64K,QL28S,YL52N,YH58Q",3.119054,0.6706201,1,0
"2B2X_HL_A|VH50T,EH64K,QL28S,YL52N,YH58W",1.8641591,0.5759659,1,0
"2B2X_HL_A|VH50T,EH64K,QL28S,YL52N,YH59E",1.5872209,0.52807915,1,0
"2B2X_HL_A|VH50T,EH64K,QL28S,YL52R",1.8880546,0.2770758,1,0
"2B2X_HL_A|VH50T,EH64K,YL52N",0.28173435,0.16546866,1,0
"2B2X_HL_A|VH50T,EH64N,QL28S,YL52N",1.0069425,0.38684282,1,0
"2B2X_HL_A|VH50T,EH64Q,QL28S,YL52N",0.96559924,0.3660782,1,0
"2B2X_HL_A|VH50T,EH64Q,QL28S,YL52N,LH60D",1.0862032,0.31833652,1,0
"2B2X_HL_A|VH50T,QL28S,YL52N",0.96559924,0.2996714,1,0
"2B2X_HL_A|VH50T,QL28S,YL52N,LH60D",0.90141344,0.2668472,1,0
"2B2X_HL_A|VH50T,YL52N",0.18636756,0.06895032,1,0
2B2X_HL_A|YL52E,-0.22410508,-0.071240276,1,0
2VIR_AB_C|SC115L,3.680209,4.6027824e-05,1,0
2VIR_AB_C|TC89I,4.0,-0.05415591,1,0
"3G6D_LH_A|EL3V,GL76R,TL77V,QL78E,EL80G",0.13981691,-0.3056722,1,0
"3G6D_LH_A|EL3V,GL76R,TL77V,QL78E,EL80G,DH54N",0.111178115,-0.15555337,1,0
"3G6D_LH_A|EL3V,GL76R,TL77V,QL78E,EL80G,TL89S,ML92I,VL93D,TL94K",0.27145106,-0.36816147,1,0
3G6D_LH_A|HH104A,-0.9530879,0.26215854,1,0
"3G6D_LH_A|KH210T,KH215T",-0.13294782,0.29280394,1,0
"3G6D_LH_A|TL89S,ML92I,VL93D,TL94K",0.7979767,-0.28346363,1,0
3G6D_LH_A|WH105A,-1.4965084,0.4737794,1,0
"3IDX_HL_G|CG27I,CG242Q",-2.4650376,-0.32472974,1,0
"3IDX_HL_G|CG27I,CG242Q,MG247A",-2.1736174,-0.14476326,1,0
"3IDX_HL_G|KG85C,EG121C,CG27I,CG242Q",-2.3776865,-0.09133247,1,0
"3IDX_HL_G|KG85C,EG121C,WG13M,MG247A,CG14W,CG129V,CG27I,CG242Q",-2.1922898,0.22960085,1,0
"3IDX_HL_G|KG85C,EG122C,WG13M,MG247A,CG14W,CG129V,CG27I,CG242Q",-2.2927184,0.18922275,1,0
"3IDX_HL_G|TG41C,GG245C,MG247A",0.40945426,0.075966306,1,0
"3IDX_HL_G|TG41C,GG245C,WG13M,MG247A,CG14W,CG129V,CG27I,CG242Q",-2.3310676,-0.19544609,1,0
"3IDX_HL_G|WG13M,MG247A,CG14W,CG129V",-0.6475391,0.10160455,1,0
"3IDX_HL_G|WG13M,MG247A,CG14W,CG129V,CG27I,CG242Q",-2.3479884,-0.15229243,1,0
"3IDX_HL_G|WG13M,MG247A,CG14W,CG129V,KG85C,EG121C",-0.36166522,0.5394639,1,0
"3IDX_HL_G|WG13M,SG111T,WG200S,MG247A,CG14W,CG129V,CG27I,CG242Q",-1.8639641,-0.0062955637,1,0
"3L5X_A_HL|EL93F,YL94G",-0.42800838,0.13206835,1,0
"3L5X_A_HL|EL93H,YL94G",-0.7626503,0.117014535,1,0
"3L5X_A_HL|HL91P,NL92I,EL93D,YL94A",-0.6466697,0.5678637,1,0
"3L5X_A_HL|HL91P,NL92L,EL93D,YL94S",-0.6327897,0.45663127,1,0
"3L5X_A_HL|HL91P,NL92L,EL93D,YL94T",-0.81005055,0.4266899,1,0
"3L5X_A_HL|HL91P,NL92L,EL93D,YL94V",-0.85822237,0.3903978,1,0
"3L5X_A_HL|HL91P,NL92L,YL94A",-0.44441348,0.5566672,1,0
"3L5X_A_HL|HL91Q,NL92D,EL93I,YL94G",-1.5503801,0.10059977,1,0
"3L5X_A_HL|HL91Q,NL92D,EL93L,YL94G",-1.785132,0.052379437,1,0
"3L5X_A_HL|HL91Q,NL92D,EL93Y,YL94G",-1.451453,-0.1451939,1,0
"3L5X_A_HL|NL92D,EL93L,YL94G",-0.42962858,0.0021777619,1,0
"3L5X_A_HL|NL92D,EL93N,YL94S",-0.53403836,0.19977075,1,0
"3L5X_A_HL|NL92D,EL93P,YL94G",-1.4699602,0.2950712,1,0
"3L5X_A_HL|NL92D,EL93R,YL94D",-0.52253926,0.15984777,1,0
"3L5X_A_HL|NL92D,EL93W,YL94E",-1.1963489,-0.15666436,1,0
"3L5X_A_HL|NL92D,EL93W,YL94G",-1.6825228,-0.16709894,1,0
"3L5X_A_HL|NL92D,EL93W,YL94S",-0.71612674,-0.011076132,1,0
"3L5X_A_HL|NL92D,EL93Y,YL94A",-0.8069743,0.04323052,1,0
"3L5X_A_HL|NL92E,EL93S,YL94G",-1.2653587,-0.03288722,1,0
"3L5X_A_HL|NL92E,EL93W,YL94G",-1.5503801,-0.25982508,1,0
"3L5X_A_HL|NL92F,EL93W,YL94G",-1.2329907,-0.17310113,1,0
"3L5X_A_HL|NL92L,EL93D,YL94S",-0.6170473,0.11957011,1,0
"3L5X_A_HL|NL92L,EL93L,YL94G",-0.6259698,0.015011182,1,0
"3L5X_A_HL|NL92L,EL93M,YL94G",-0.82567644,-0.0050245617,1,0
"3L5X_A_HL|NL92L,EL93N,YL94G",-0.6954369,0.022873351,1,0
"3L5X_A_HL|NL92S,EL93H,YL94G",-1.2457265,0.106548786,1,0
"3L5X_A_HL|NL92S,EL93I,YL94G",-0.8069743,0.19077817,1,0
"3L5X_A_HL|NL92S,EL93S,YL94G",-0.24921271,0.17521685,1,0
"3L5X_A_HL|NL92S,EL93V,YL94G",-0.51687235,0.123289235,1,0
"3L5X_A_HL|NL92S,EL93W,YL94A",-0.30302802,0.19094323,1,0
"3L5X_A_HL|NL92S,EL93W,YL94G",-1.2720501,-0.042646326,1,0
"3L5X_A_HL|NL92S,EL93Y,YL94G",-0.9641868,-0.07454862,1,0
"3L5X_A_HL|NL92V,EL93G,YL94G",-0.46300006,-0.08424859,1,0
"3L5X_A_HL|NL92V,EL93W,YL94G",-0.83525383,-0.17489892,1,0
3L5X_A_HL|YL94A,-0.82885176,0.21463476,1,0
3N85_A_LH|SH32A,-0.13401966,-0.016213229,1,0
3N85_A_LH|SH32Y,0.0571225,-0.36320952,1,0
3N85_A_LH|SH50G,0.48767117,-0.17625865,1,0
3N85_A_LH|SH52Y,-0.78460336,-0.4163132,1,0
3N85_A_LH|WH100F,-0.015185109,0.12533198,1,0
3N85_A_LH|WH30K,-0.78460336,0.014539024,1,0
3N85_A_LH|WH30R,-0.5539675,-0.084325336,1,0
3N85_A_LH|WL91F,0.13959166,0.3061602,1,0
3N85_A_LH|WL94Y,-0.03871881,-0.14383914,1,0
3SE8_HL_G|DH110A,-0.38934898,0.04414253,1,0
3SE8_HL_G|DH114A,-0.2441398,0.10803699,1,0
3SE8_HL_G|DL49A,0.8558488,0.18138175,1,0
3SE8_HL_G|EL1A,-0.5565174,-0.048176136,1,0
3SE8_HL_G|EL91A,1.513491,0.26919264,1,0
3SE8_HL_G|FH115A,1.0676043,0.020433603,1,0
3SE8_HL_G|FL90A,-0.8640972,0.14889391,1,0
3SE8_HL_G|FL92A,0.8323254,0.031601056,1,0
3SE8_HL_G|GH56A,0.3570972,-0.033353247,1,0
3SE8_HL_G|KH52A,1.1114144,0.47380012,1,0
3SE8_HL_G|LH54A,0.054776184,0.13881023,1,0
3SE8_HL_G|NL30A,0.19434923,0.029582007,1,0
3SE8_HL_G|PH78A,0.01881787,-0.028052298,1,0
3SE8_HL_G|PH81A,-0.07091986,-0.03570738,1,0
3SE8_HL_G|QH63A,1.1144251,0.03208658,1,0
3SE8_HL_G|QH65A,0.54980505,0.15539588,1,0
3SE8_HL_G|QH76A,0.09689985,0.48425293,1,0
3SE8_HL_G|QL27A,-0.21612903,0.10171649,1,0
3SE8_HL_G|RH30A,-0.03949762,0.20249544,1,0
3SE8_HL_G|RH62A,1.2061691,0.31169534,1,0
3SE8_HL_G|RH72A,2.6444623,0.28600335,1,0
3SE8_HL_G|SH59A,1.1508402,0.13007283,1,0
3SE8_HL_G|VH58A,1.2496852,0.32745066,1,0
3SE8_HL_G|WH47A,1.4751467,0.3973275,1,0
3SE8_HL_G|WH50A,1.333526,0.3503685,1,0
3SE8_HL_G|WH55A,0.7611056,0.4926988,1,0
3SE8_HL_G|YH111A,0.82992166,0.32001525,1,0
3SE8_HL_G|YH60A,0.8558488,0.268833,1,0
4KRL_A_B|DB112A,0.6496817,0.20728138,1,0
5C6T_HL_A|EA194A,1.0906719,0.12726763,1,0
5C6T_HL_A|FA192A,1.9972014,0.6362748,1,0
5C6T_HL_A|FA199A,2.7581792,0.40372866,1,0
5C6T_HL_A|FA200A,0.41047263,0.25786993,1,0
5C6T_HL_A|FH99A,1.4600298,0.04535327,1,0
5C6T_HL_A|IA201A,0.88561165,0.17394789,1,0
5C6T_HL_A|NA183A,0.28399685,0.27507338,1,0
5C6T_HL_A|NA186A,0.3630724,0.23979312,1,0
5C6T_HL_A|NA188A,-0.36658686,0.26770148,1,0
"5C6T_HL_A|NA195A,DA197A",0.58650106,0.6730742,1,0
5C6T_HL_A|NH97A,1.5258962,-0.049921013,1,0
5C6T_HL_A|RH31S,0.3115454,-0.099066794,1,0
5C6T_HL_A|RL48A,0.1229613,0.49196255,1,0
5C6T_HL_A|SH32A,-0.8683455,0.123478465,1,0
5C6T_HL_A|TA185A,0.33786914,0.17218213,1,0
5C6T_HL_A|YA182A,3.2083547,0.32540897,1,0
"5C6T_HL_A|YA182A,NA195A,DA197A",2.942425,1.1547678,1,0
5C6T_HL_A|YH104A,0.3630724,0.37448978,1,0
5C6T_HL_A|YH98A,1.7166799,0.31618866,1,0
5C6T_HL_A|YL47A,0.5516565,0.34992948,1,0
1KIP_AB_C|AB32Y,-0.8005932,-1.2045505,1,1
1XGU_AB_C|FB33A,4.0,4.129395,1,1
1XGU_AB_C|FB33I,1.8004549,2.4184165,1,1
1XGU_AB_C|FB33L,1.8617703,2.393299,1,1
1XGU_AB_C|FB33V,2.9080825,3.344356,1,1
2B2X_HL_A|EH64K,-0.033433665,0.4150256,1,1
"2B2X_HL_A|EH64K,QL28S,YL52N",0.911615,1.0521446,1,1
"2B2X_HL_A|EH64K,QL28S,YL52N,GH102S",2.7106705,1.2983279,1,1
"2B2X_HL_A|EH64K,QL28S,YL52N,SH35A",3.119054,1.3052696,1,1
"2B2X_HL_A|EH64K,QL28S,YL52N,SH35V",3.770335,1.3259988,1,1
"2B2X_HL_A|EH64K,YL52N",0.34853002,0.7258178,1,1
"2B2X_HL_A|QL28S,YL52N",0.8626942,0.5480142,1,1
2B2X_HL_A|VH50T,0.024054652,-0.507316,1,1
"2B2X_HL_A|VH50T,EH64D,QL28S,YL52N",0.87177193,0.5899435,1,1
"2B2X_HL_A|VH50T,EH64K,QL28S",0.991589,0.8260278,1,1
"2B2X_HL_A|VH50T,EH64K,QL28S,YL52D",1.5439764,0.97300005,1,1
"2B2X_HL_A|VH50T,EH64K,QL28S,YL52E",0.95452905,1.0184791,1,1
"2B2X_HL_A|VH50T,EH64K,QL28S,YL52K",1.7007239,1.7717768,1,1
"2B2X_HL_A|VH50T,EH64K,QL28S,YL52N",1.043214,1.1205534,1,1
"2B2X_HL_A|VH50T,EH64K,QL28S,YL52N,FH99W",1.043214,1.3037386,1,1
"2B2X_HL_A|VH50T,EH64K,QL28S,YL52N,FH99Y",1.7978828,1.0262537,1,1
"2B2X_HL_A|VH50T,EH64K,QL28S,YL52N,GH100F",1.4322319,0.80574983,1,1
"2B2X_HL_A|VH50T,EH64K,QL28S,YL52N,GH100L",3.770335,1.178374,1,1
"2B2X_HL_A|VH50T,EH64K,QL28S,YL52N,GH100M",1.145348,1.3912176,1,1
"2B2X_HL_A|VH50T,EH64K,QL28S,YL52N,GH100S",1.6009614,1.4255887,1,1
"2B2X_HL_A|VH50T,EH64K,QL28S,YL52N,GH53A",1.5558206,1.0955336,1,1
"2B2X_HL_A|VH50T,EH64K,QL28S,YL52N,GH53N",2.2985272,1.3273177,1,1
"2B2X_HL_A|VH50T,EH64K,QL28S,YL52N,GH53S",1.7188073,1.2559862,1,1
"2B2X_HL_A|VH50T,EH64K,QL28S,YL52N,GH54I",2.4067745,1.266243,1,1
"2B2X_HL_A|VH50T,EH64K,QL28S,YL52N,GH54T",2.2073808,1.362175,1,1
"2B2X_HL_A|VH50T,EH64K,QL28S,YL52N,GH54Y",1.043214,0.8983121,1,1
"2B2X_HL_A|VH50T,EH64K,QL28S,YL52N,GL92Q",2.6158988,1.4657542,1,1
"2B2X_HL_A|VH50T,EH64K,QL28S,YL52N,GL92S",1.5558206,1.2686797,1,1
"2B2X_HL_A|VH50T,EH64K,QL28S,YL52N,HL31K",2.2073808,1.7231523,1,1
"2B2X_HL_A|VH50T,EH64K,QL28S,YL52N,HL31R",2.1670115,1.184054,1,1
"2B2X_HL_A|VH50T,EH64K,QL28S,YL52N,HL31W",2.2985272,1.0880342,1,1
"2B2X_HL_A|VH50T,EH64K,QL28S,YL52N,LH60D",0.981894,0.8799404,1,1
"2B2X_HL_A|VH50T,EH64K,QL28S,YL52N,LL49F",1.7554936,1.2048638,1,1
"2B2X_HL_A|VH50T,EH64K,QL28S,YL52N,LL49K",1.9044149,1.9399327,1,1
"2B2X_HL_A|VH50T,EH64K,QL28S,YL52N,LL49W",2.9507816,1.7247938,1,1
"2B2X_HL_A|VH50T,EH64K,QL28S,YL52N,NL30V",2.0925434,1.2074159,1,1
"2B2X_HL_A|VH50T,EH64K,QL28S,YL52N,NL30W",2.6158988,1.4963197,1,1
"2B2X_HL_A|VH50T,EH64K,QL28S,YL52N,NL30Y",2.9507816,1.0111046,1,1
"2B2X_HL_A|VH50T,EH64K,QL28S,YL52N,NL30Y,SL91I",1.4775821,0.945542,1,1
"2B2X_HL_A|VH50T,EH64K,QL28S,YL52N,RH31Q",2.350542,1.2188419,1,1
"2B2X_HL_A|VH50T,EH64K,QL28S,YL52N,SH35A",2.6158988,1.4638618,1,1
"2B2X_HL_A|VH50T,EH64K,QL28S,YL52N,SH35A,GH102S",2.6158988,1.7631813,1,1
"2B2X_HL_A|VH50T,EH64K,QL28S,YL52N,SH35Q",3.770335,1.723039,1,1
"2B2X_HL_A|VH50T,EH64K,QL28S,YL52N,SH35V,GH102S",2.4688888,1.8251249,1,1
"2B2X_HL_A|VH50T,EH64K,QL28S,YL52N,SH52M",3.119054,1.228932,1,1
"2B2X_HL_A|VH50T,EH64K,QL28S,YL52N,SL24R",0.82788163,0.8443956,1,1
"2B2X_HL_A|VH50T,EH64K,QL28S,YL52N,SL91Q",2.8172472,1.5163856,1,1
"2B2X_HL_A|VH50T,EH64K,QL28S,YL52N,SL91R",3.770335,0.782158,1,1
"2B2X_HL_A|VH50T,EH64K,QL28S,YL52N,SL91R,NL30E",3.770335,1.0482556,1,1
"2B2X_HL_A|VH50T,EH64K,QL28S,YL52N,SL91T",3.3598623,1.2725111,1,1
"2B2X_HL_A|VH50T,EH64K,QL28S,YL52N,TH33E,GH53Q",2.7106705,1.6437279,1,1
"2B2X_HL_A|VH50T,EH64K,QL28S,YL52N,TH33I,SH52T,GH53N,GH54N",2.9507816,1.9811913,1,1
"2B2X_HL_A|VH50T,EH64K,QL28S,YL52N,TH33I,SH52T,GH53Q,GH54F",2.2985272,1.6852629,1,1
"2B2X_HL_A|VH50T,EH64K,QL28S,YL52N,TH33N",3.770335,1.7573112,1,1
"2B2X_HL_A|VH50T,EH64K,QL28S,YL52N,TH33V",1.4775821,1.2641023,1,1
"2B2X_HL_A|VH50T,EH64K,QL28S,YL52N,WL90Q",3.119054,1.5818616,1,1
"2B2X_HL_A|VH50T,EH64K,QL28S,YL52N,WL90Q,FL33Y",1.914233,1.3413545,1,1
"2B2X_HL_A|VH50T,EH64K,QL28S,YL52N,YH58E",3.119054,1.4768311,1,1
"2B2X_HL_A|VH50T,EH64K,QL28S,YL52N,YH58Q",3.119054,1.8768547,1,1
"2B2X_HL_A|VH50T,EH64K,QL28S,YL52N,YH58W",1.8641591,1.5303948,1,1
"2B2X_HL_A|VH50T,EH64K,QL28S,YL52N,YH59E",1.5872209,1.4802951,1,1
"2B2X_HL_A|VH50T,EH64K,QL28S,YL52R",1.8880546,1.2223359,1,1
"2B2X_HL_A|VH50T,EH64K,YL52N",0.28173435,0.8571253,1,1
"2B2X_HL_A|VH50T,EH64N,QL28S,YL52N",1.0069425,0.81822675,1,1
"2B2X_HL_A|VH50T,EH64Q,QL28S,YL52N",0.96559924,0.7055165,1,1
"2B2X_HL_A|VH50T,EH64Q,QL28S,YL52N,LH60D",1.0862032,0.50022393,1,1
"2B2X_HL_A|VH50T,QL28S,YL52N",0.96559924,0.54564685,1,1
"2B2X_HL_A|VH50T,QL28S,YL52N,LH60D",0.90141344,0.28170556,1,1
"2B2X_HL_A|VH50T,YL52N",0.18636756,0.28866088,1,1
2B2X_HL_A|YL52E,-0.22410508,0.27817237,1,1
2VIR_AB_C|SC115L,3.680209,0.7871423,1,1
2VIR_AB_C|TC89I,4.0,4.4647484,1,1
"3G6D_LH_A|EL3V,GL76R,TL77V,QL78E,EL80G",0.13981691,-0.030992022,1,1
"3G6D_LH_A|EL3V,GL76R,TL77V,QL78E,EL80G,DH54N",0.111178115,0.70382005,1,1
"3G6D_LH_A|EL3V,GL76R,TL77V,QL78E,EL80G,TL89S,ML92I,VL93D,TL94K",0.27145106,-0.4133665,1,1
3G6D_LH_A|HH104A,-0.9530879,1.2947997,1,1
"3G6D_LH_A|KH210T,KH215T",-0.13294782,-0.47311792,1,1
"3G6D_LH_A|TL89S,ML92I,VL93D,TL94K",0.7979767,-0.037152134,1,1
3G6D_LH_A|WH105A,-1.4965084,1.1249778,1,1
"3IDX_HL_G|CG27I,CG242Q",-2.4650376,0.25712255,1,1
"3IDX_HL_G|CG27I,CG242Q,MG247A",-2.1736174,0.123839885,1,1
"3IDX_HL_G|KG85C,EG121C,CG27I,CG242Q",-2.3776865,1.0486822,1,1
"3IDX_HL_G|KG85C,EG121C,WG13M,MG247A,CG14W,CG129V,CG27I,CG242Q",-2.1922898,2.44726,1,1
"3IDX_HL_G|KG85C,EG122C,WG13M,MG247A,CG14W,CG129V,CG27I,CG242Q",-2.2927184,2.524375,1,1
"3IDX_HL_G|TG41C,GG245C,MG247A",0.40945426,0.60421455,1,1
"3IDX_HL_G|TG41C,GG245C,WG13M,MG247A,CG14W,CG129V,CG27I,CG242Q",-2.3310676,1.9875432,1,1
"3IDX_HL_G|WG13M,MG247A,CG14W,CG129V",-0.6475391,1.5691458,1,1
"3IDX_HL_G|WG13M,MG247A,CG14W,CG129V,CG27I,CG242Q",-2.3479884,1.7193646,1,1
"3IDX_HL_G|WG13M,MG247A,CG14W,CG129V,KG85C,EG121C",-0.36166522,2.0465698,1,1
"3IDX_HL_G|WG13M,SG111T,WG200S,MG247A,CG14W,CG129V,CG27I,CG242Q",-1.8639641,0.6181213,1,1
"3L5X_A_HL|EL93F,YL94G",-0.42800838,0.4449134,1,1
"3L5X_A_HL|EL93H,YL94G",-0.7626503,0.6549059,1,1
"3L5X_A_HL|HL91P,NL92I,EL93D,YL94A",-0.6466697,1.1288224,1,1
"3L5X_A_HL|HL91P,NL92L,EL93D,YL94S",-0.6327897,1.0769216,1,1
"3L5X_A_HL|HL91P,NL92L,EL93D,YL94T",-0.81005055,1.4929338,1,1
"3L5X_A_HL|HL91P,NL92L,EL93D,YL94V",-0.85822237,0.81547207,1,1
"3L5X_A_HL|HL91P,NL92L,YL94A",-0.44441348,1.781105,1,1
"3L5X_A_HL|HL91Q,NL92D,EL93I,YL94G",-1.5503801,0.27437884,1,1
"3L5X_A_HL|HL91Q,NL92D,EL93L,YL94G",-1.785132,0.38296026,1,1
"3L5X_A_HL|HL91Q,NL92D,EL93Y,YL94G",-1.451453,-0.43025205,1,1
"3L5X_A_HL|NL92D,EL93L,YL94G",-0.42962858,-0.0814519,1,1
"3L5X_A_HL|NL92D,EL93N,YL94S",-0.53403836,0.26600727,1,1
"3L5X_A_HL|NL92D,EL93P,YL94G",-1.4699602,0.24455255,1,1
"3L5X_A_HL|NL92D,EL93R,YL94D",-0.52253926,-0.5305252,1,1
"3L5X_A_HL|NL92D,EL93W,YL94E",-1.1963489,-0.77347517,1,1
"3L5X_A_HL|NL92D,EL93W,YL94G",-1.6825228,-0.6012244,1,1
"3L5X_A_HL|NL92D,EL93W,YL94S",-0.71612674,-0.45044008,1,1
"3L5X_A_HL|NL92D,EL93Y,YL94A",-0.8069743,-0.4322203,1,1
"3L5X_A_HL|NL92E,EL93S,YL94G",-1.2653587,-0.44799903,1,1
"3L5X_A_HL|NL92E,EL93W,YL94G",-1.5503801,-0.58780545,1,1
"3L5X_A_HL|NL92F,EL93W,YL94G",-1.2329907,-0.65925837,1,1
"3L5X_A_HL|NL92L,EL93D,YL94S",-0.6170473,0.36041892,1,1
"3L5X_A_HL|NL92L,EL93L,YL94G",-0.6259698,0.18418857,1,1
"3L5X_A_HL|NL92L,EL93M,YL94G",-0.82567644,0.28691357,1,1
"3L5X_A_HL|NL92L,EL93N,YL94G",-0.6954369,0.36218765,1,1
"3L5X_A_HL|NL92S,EL93H,YL94G",-1.2457265,0.066291906,1,1
"3L5X_A_HL|NL92S,EL93I,YL94G",-0.8069743,0.08045836,1,1
"3L5X_A_HL|NL92S,EL93S,YL94G",-0.24921271,-0.21031694,1,1
"3L5X_A_HL|NL92S,EL93V,YL94G",-0.51687235,0.05197981,1,1
"3L5X_A_HL|NL92S,EL93W,YL94A",-0.30302802,-0.081096485,1,1
"3L5X_A_HL|NL92S,EL93W,YL94G",-1.2720501,-0.2793175,1,1
"3L5X_A_HL|NL92S,EL93Y,YL94G",-0.9641868,-0.42408592,1,1
"3L5X_A_HL|NL92V,EL93G,YL94G",-0.46300006,-0.22823614,1,1
"3L5X_A_HL|NL92V,EL93W,YL94G",-0.83525383,-0.16109134,1,1
3L5X_A_HL|YL94A,-0.82885176,1.1861273,1,1
3N85_A_LH|SH32A,-0.13401966,1.0511433,1,1
3N85_A_LH|SH32Y,0.0571225,-0.061940342,1,1
3N85_A_LH|SH50G,0.48767117,0.03513913,1,1
3N85_A_LH|SH52Y,-0.78460336,-0.92629784,1,1
3N85_A_LH|WH100F,-0.015185109,-0.26932892,1,1
3N85_A_LH|WH30K,-0.78460336,0.9991759,1,1
3N85_A_LH|WH30R,-0.5539675,-0.037778437,1,1
3N85_A_LH|WL91F,0.13959166,0.2611679,1,1
3N85_A_LH|WL94Y,-0.03871881,-0.655742,1,1
3SE8_HL_G|DH110A,-0.38934898,0.018644959,1,1
3SE8_HL_G|DH114A,-0.2441398,0.35431063,1,1
3SE8_HL_G|DL49A,0.8558488,1.6228422,1,1
3SE8_HL_G|EL1A,-0.5565174,-0.4180828,1,1
3SE8_HL_G|EL91A,1.513491,1.3980234,1,1
3SE8_HL_G|FH115A,1.0676043,3.3861775,1,1
3SE8_HL_G|FL90A,-0.8640972,1.1625528,1,1
3SE8_HL_G|FL92A,0.8323254,1.7618159,1,1
3SE8_HL_G|GH56A,0.3570972,0.95944166,1,1
3SE8_HL_G|KH52A,1.1114144,0.64458144,1,1
3SE8_HL_G|LH54A,0.054776184,0.0046870634,1,1
3SE8_HL_G|NL30A,0.19434923,0.65099,1,1
3SE8_HL_G|PH78A,0.01881787,0.06914504,1,1
3SE8_HL_G|PH81A,-0.07091986,0.46589208,1,1
3SE8_HL_G|QH63A,1.1144251,0.14281677,1,1
3SE8_HL_G|QH65A,0.54980505,0.09685953,1,1
3SE8_HL_G|QH76A,0.09689985,0.20537665,1,1
3SE8_HL_G|QL27A,-0.21612903,0.2674787,1,1
3SE8_HL_G|RH30A,-0.03949762,0.43753847,1,1
3SE8_HL_G|RH62A,1.2061691,0.43408978,1,1
3SE8_HL_G|RH72A,2.6444623,2.7277007,1,1
3SE8_HL_G|SH59A,1.1508402,0.5291868,1,1
3SE8_HL_G|VH58A,1.2496852,1.3481445,1,1
3SE8_HL_G|WH47A,1.4751467,1.5795908,1,1
3SE8_HL_G|WH50A,1.333526,1.7788638,1,1
3SE8_HL_G|WH55A,0.7611056,0.023956046,1,1
3SE8_HL_G|YH111A,0.82992166,0.633929,1,1
3SE8_HL_G|YH60A,0.8558488,0.84102833,1,1
4KRL_A_B|DB112A,0.6496817,2.0597062,1,1
5C6T_HL_A|EA194A,1.0906719,1.3002408,1,1
5C6T_HL_A|FA192A,1.9972014,1.6571438,1,1
5C6T_HL_A|FA199A,2.7581792,1.3765516,1,1
5C6T_HL_A|FA200A,0.41047263,0.021457866,1,1
5C6T_HL_A|FH99A,1.4600298,-0.028522737,1,1
5C6T_HL_A|IA201A,0.88561165,-0.1184989,1,1
5C6T_HL_A|NA183A,0.28399685,0.6630658,1,1
5C6T_HL_A|NA186A,0.3630724,0.12882644,1,1
5C6T_HL_A|NA188A,-0.36658686,1.3010364,1,1
"5C6T_HL_A|NA195A,DA197A",0.58650106,1.3642293,1,1
5C6T_HL_A|NH97A,1.5258962,0.31289318,1,1
5C6T_HL_A|RH31S,0.3115454,-0.08270621,1,1
5C6T_HL_A|RL48A,0.1229613,0.6430699,1,1
5C6T_HL_A|SH32A,-0.8683455,0.39408362,1,1
5C6T_HL_A|TA185A,0.33786914,0.7297592,1,1
5C6T_HL_A|YA182A,3.2083547,1.0002131,1,1
"5C6T_HL_A|YA182A,NA195A,DA197A",2.942425,2.8454223,1,1
5C6T_HL_A|YH104A,0.3630724,0.6821352,1,1
5C6T_HL_A|YH98A,1.7166799,0.44623503,1,1
5C6T_HL_A|YL47A,0.5516565,1.3037969,1,1
1KIP_AB_C|AB32Y,-0.8005932,-1.1305729,1,2
1XGU_AB_C|FB33A,4.0,3.1025133,1,2
1XGU_AB_C|FB33I,1.8004549,1.536928,1,2
1XGU_AB_C|FB33L,1.8617703,1.5936453,1,2
1XGU_AB_C|FB33V,2.9080825,2.4331195,1,2
2B2X_HL_A|EH64K,-0.033433665,0.19699875,1,2
"2B2X_HL_A|EH64K,QL28S,YL52N",0.911615,0.9329976,1,2
"2B2X_HL_A|EH64K,QL28S,YL52N,GH102S",2.7106705,1.422896,1,2
"2B2X_HL_A|EH64K,QL28S,YL52N,SH35A",3.119054,1.5437081,1,2
"2B2X_HL_A|EH64K,QL28S,YL52N,SH35V",3.770335,1.6270533,1,2
"2B2X_HL_A|EH64K,YL52N",0.34853002,0.91785544,1,2
"2B2X_HL_A|QL28S,YL52N",0.8626942,0.42968872,1,2
2B2X_HL_A|VH50T,0.024054652,-0.429715,1,2
"2B2X_HL_A|VH50T,EH64D,QL28S,YL52N",0.87177193,0.6487207,1,2
"2B2X_HL_A|VH50T,EH64K,QL28S",0.991589,0.39525288,1,2
"2B2X_HL_A|VH50T,EH64K,QL28S,YL52D",1.5439764,0.58833754,1,2
"2B2X_HL_A|VH50T,EH64K,QL28S,YL52E",0.95452905,0.9620513,1,2
"2B2X_HL_A|VH50T,EH64K,QL28S,YL52K",1.7007239,1.8657174,1,2
"2B2X_HL_A|VH50T,EH64K,QL28S,YL52N",1.043214,1.0855924,1,2
"2B2X_HL_A|VH50T,EH64K,QL28S,YL52N,FH99W",1.043214,1.1287185,1,2
"2B2X_HL_A|VH50T,EH64K,QL28S,YL52N,FH99Y",1.7978828,0.7407142,1,2
"2B2X_HL_A|VH50T,EH64K,QL28S,YL52N,GH100F",1.4322319,0.5017353,1,2
"2B2X_HL_A|VH50T,EH64K,QL28S,YL52N,GH100L",3.770335,0.97417164,1,2
"2B2X_HL_A|VH50T,EH64K,QL28S,YL52N,GH100M",1.145348,0.9756166,1,2
"2B2X_HL_A|VH50T,EH64K,QL28S,YL52N,GH100S",1.6009614,1.3323572,1,2
"2B2X_HL_A|VH50T,EH64K,QL28S,YL52N,GH53A",1.5558206,1.2949395,1,2
"2B2X_HL_A|VH50T,EH64K,QL28S,YL52N,GH53N",2.2985272,1.3762013,1,2
"2B2X_HL_A|VH50T,EH64K,QL28S,YL52N,GH53S",1.7188073,1.3139216,1,2
"2B2X_HL_A|VH50T,EH64K,QL28S,YL52N,GH54I",2.4067745,1.0652553,1,2
"2B2X_HL_A|VH50T,EH64K,QL28S,YL52N,GH54T",2.2073808,1.2334881,1,2
"2B2X_HL_A|VH50T,EH64K,QL28S,YL52N,GH54Y",1.043214,0.68548626,1,2
"2B2X_HL_A|VH50T,EH64K,QL28S,YL52N,GL92Q",2.6158988,1.5046676,1,2
"2B2X_HL_A|VH50T,EH64K,QL28S,YL52N,GL92S",1.5558206,1.292431,1,2
"2B2X_HL_A|VH50T,EH64K,QL28S,YL52N,HL31K",2.2073808,1.897155,1,2
"2B2X_HL_A|VH50T,EH64K,QL28S,YL52N,HL31R",2.1670115,1.0420347,1,2
"2B2X_HL_A|VH50T,EH64K,QL28S,YL52N,HL31W",2.2985272,0.9429995,1,2
"2B2X_HL_A|VH50T,EH64K,QL28S,YL52N,LH60D",0.981894,0.93317604,1,2
"2B2X_HL_A|VH50T,EH64K,QL28S,YL52N,LL49F",1.7554936,0.921337,1,2
"2B2X_HL_A|VH50T,EH64K,QL28S,YL52N,LL49K",1.9044149,1.3968326,1,2
"2B2X_HL_A|VH50T,EH64K,QL28S,YL52N,LL49W",2.9507816,1.158073,1,2
"2B2X_HL_A|VH50T,EH64K,QL28S,YL52N,NL30V",2.0925434,1.0779486,1,2
"2B2X_HL_A|VH50T,EH64K,QL28S,YL52N,NL30W",2.6158988,0.98959994,1,2
"2B2X_HL_A|VH50T,EH64K,QL28S,YL52N,NL30Y",2.9507816,0.8739505,1,2
"2B2X_HL_A|VH50T,EH64K,QL28S,YL52N,NL30Y,SL91I",1.4775821,1.0353498,1,2
"2B2X_HL_A|VH50T,EH64K,QL28S,YL52N,RH31Q",2.350542,1.1691356,1,2
"2B2X_HL_A|VH50T,EH64K,QL28S,YL52N,SH35A",2.6158988,1.6907448,1,2
"2B2X_HL_A|VH50T,EH64K,QL28S,YL52N,SH35A,GH102S",2.6158988,2.001404,1,2
"2B2X_HL_A|VH50T,EH64K,QL28S,YL52N,SH35Q",3.770335,1.7905946,1,2
"2B2X_HL_A|VH50T,EH64K,QL28S,YL52N,SH35V,GH102S",2.4688888,2.1418135,1,2
"2B2X_HL_A|VH50T,EH64K,QL28S,YL52N,SH52M",3.119054,1.0250555,1,2
"2B2X_HL_A|VH50T,EH64K,QL28S,YL52N,SL24R",0.82788163,0.94968486,1,2
"2B2X_HL_A|VH50T,EH64K,QL28S,YL52N,SL91Q",2.8172472,1.7110953,1,2
"2B2X_HL_A|VH50T,EH64K,QL28S,YL52N,SL91R",3.770335,0.9921007,1,2
"2B2X_HL_A|VH50T,EH64K,QL28S,YL52N,SL91R,NL30E",3.770335,1.0170676,1,2
"2B2X_HL_A|VH50T,EH64K,QL28S,YL52N,SL91T",3.3598623,1.3262964,1,2
"2B2X_HL_A|VH50T,EH64K,QL28S,YL52N,TH33E,GH53Q",2.7106705,2.0375621,1,2
"2B2X_HL_A|VH50T,EH64K,QL28S,YL52N,TH33I,SH52T,GH53N,GH54N",2.9507816,2.0918489,1,2
"2B2X_HL_A|VH50T,EH64K,QL28S,YL52N,TH33I,SH52T,GH53Q,GH54F",2.2985272,2.2608712,1,2
"2B2X_HL_A|VH50T,EH64K,QL28S,YL52N,TH33N",3.770335,1.7488623,1,2
"2B2X_HL_A|VH50T,EH64K,QL28S,YL52N,TH33V",1.4775821,1.2975959,1,2
"2B2X_HL_A|VH50T,EH64K,QL28S,YL52N,WL90Q",3.119054,1.985872,1,2
"2B2X_HL_A|VH50T,EH64K,QL28S,YL52N,WL90Q,FL33Y",1.914233,1.7230654,1,2
"2B2X_HL_A|VH50T,EH64K,QL28S,YL52N,YH58E",3.119054,1.7368335,1,2
"2B2X_HL_A|VH50T,EH64K,QL28S,YL52N,YH58Q",3.119054,2.3080177,1,2
"2B2X_HL_A|VH50T,EH64K,QL28S,YL52N,YH58W",1.8641591,1.4075303,1,2
"2B2X_HL_A|VH50T,EH64K,QL28S,YL52N,YH59E",1.5872209,1.8451747,1,2
"2B2X_HL_A|VH50T,EH64K,QL28S,YL52R",1.8880546,0.94062436,1,2
"2B2X_HL_A|VH50T,EH64K,YL52N",0.28173435,1.0979457,1,2
"2B2X_HL_A|VH50T,EH64N,QL28S,YL52N",1.0069425,0.90218115,1,2
"2B2X_HL_A|VH50T,EH64Q,QL28S,YL52N",0.96559924,0.8623106,1,2
"2B2X_HL_A|VH50T,EH64Q,QL28S,YL52N,LH60D",1.0862032,0.72682786,1,2
"2B2X_HL_A|VH50T,QL28S,YL52N",0.96559924,0.62026626,1,2
"2B2X_HL_A|VH50T,QL28S,YL52N,LH60D",0.90141344,0.482344,1,2
"2B2X_HL_A|VH50T,YL52N",0.18636756,0.667622,1,2
2B2X_HL_A|YL52E,-0.22410508,0.33207732,1,2
2VIR_AB_C|SC115L,3.680209,0.760428,1,2
2VIR_AB_C|TC89I,4.0,2.840198,1,2
"3G6D_LH_A|EL3V,GL76R,TL77V,QL78E,EL80G",0.13981691,0.68085134,1,2
"3G6D_LH_A|EL3V,GL76R,TL77V,QL78E,EL80G,DH54N",0.111178115,1.2921737,1,2
"3G6D_LH_A|EL3V,GL76R,TL77V,QL78E,EL80G,TL89S,ML92I,VL93D,TL94K",0.27145106,0.3881488,1,2
3G6D_LH_A|HH104A,-0.9530879,0.23633671,1,2
"3G6D_LH_A|KH210T,KH215T",-0.13294782,-0.5816635,1,2
"3G6D_LH_A|TL89S,ML92I,VL93D,TL94K",0.7979767,-0.2058939,1,2
3G6D_LH_A|WH105A,-1.4965084,1.1955206,1,2
"3IDX_HL_G|CG27I,CG242Q",-2.4650376,0.02044959,1,2
"3IDX_HL_G|CG27I,CG242Q,MG247A",-2.1736174,-0.13471179,1,2
"3IDX_HL_G|KG85C,EG121C,CG27I,CG242Q",-2.3776865,0.12968618,1,2
"3IDX_HL_G|KG85C,EG121C,WG13M,MG247A,CG14W,CG129V,CG27I,CG242Q",-2.1922898,-0.35439935,1,2
"3IDX_HL_G|KG85C,EG122C,WG13M,MG247A,CG14W,CG129V,CG27I,CG242Q",-2.2927184,-0.415661,1,2
"3IDX_HL_G|TG41C,GG245C,MG247A",0.40945426,0.2570136,1,2
"3IDX_HL_G|TG41C,GG245C,WG13M,MG247A,CG14W,CG129V,CG27I,CG242Q",-2.3310676,-0.12220852,1,2
"3IDX_HL_G|WG13M,MG247A,CG14W,CG129V",-0.6475391,0.13637075,1,2
"3IDX_HL_G|WG13M,MG247A,CG14W,CG129V,CG27I,CG242Q",-2.3479884,-0.2667769,1,2
"3IDX_HL_G|WG13M,MG247A,CG14W,CG129V,KG85C,EG121C",-0.36166522,-0.12326637,1,2
"3IDX_HL_G|WG13M,SG111T,WG200S,MG247A,CG14W,CG129V,CG27I,CG242Q",-1.8639641,-0.7467564,1,2
"3L5X_A_HL|EL93F,YL94G",-0.42800838,0.45592007,1,2
"3L5X_A_HL|EL93H,YL94G",-0.7626503,0.73940724,1,2
"3L5X_A_HL|HL91P,NL92I,EL93D,YL94A",-0.6466697,0.89910066,1,2
"3L5X_A_HL|HL91P,NL92L,EL93D,YL94S",-0.6327897,0.68670857,1,2
"3L5X_A_HL|HL91P,NL92L,EL93D,YL94T",-0.81005055,0.60218066,1,2
"3L5X_A_HL|HL91P,NL92L,EL93D,YL94V",-0.85822237,0.680211,1,2
"3L5X_A_HL|HL91P,NL92L,YL94A",-0.44441348,1.1896513,1,2
"3L5X_A_HL|HL91Q,NL92D,EL93I,YL94G",-1.5503801,0.31809202,1,2
"3L5X_A_HL|HL91Q,NL92D,EL93L,YL94G",-1.785132,0.10878852,1,2
"3L5X_A_HL|HL91Q,NL92D,EL93Y,YL94G",-1.451453,-0.205509,1,2
"3L5X_A_HL|NL92D,EL93L,YL94G",-0.42962858,-0.23678654,1,2
"3L5X_A_HL|NL92D,EL93N,YL94S",-0.53403836,0.42143655,1,2
"3L5X_A_HL|NL92D,EL93P,YL94G",-1.4699602,0.33412665,1,2
"3L5X_A_HL|NL92D,EL93R,YL94D",-0.52253926,-0.75302684,1,2
"3L5X_A_HL|NL92D,EL93W,YL94E",-1.1963489,-0.5569832,1,2
"3L5X_A_HL|NL92D,EL93W,YL94G",-1.6825228,-0.47893086,1,2
"3L5X_A_HL|NL92D,EL93W,YL94S",-0.71612674,-0.30233783,1,2
"3L5X_A_HL|NL92D,EL93Y,YL94A",-0.8069743,-0.10170244,1,2
"3L5X_A_HL|NL92E,EL93S,YL94G",-1.2653587,0.4171578,1,2
"3L5X_A_HL|NL92E,EL93W,YL94G",-1.5503801,-0.2583383,1,2
"3L5X_A_HL|NL92F,EL93W,YL94G",-1.2329907,-0.5439137,1,2
"3L5X_A_HL|NL92L,EL93D,YL94S",-0.6170473,0.55412227,1,2
"3L5X_A_HL|NL92L,EL93L,YL94G",-0.6259698,0.1354529,1,2
"3L5X_A_HL|NL92L,EL93M,YL94G",-0.82567644,0.33489612,1,2
"3L5X_A_HL|NL92L,EL93N,YL94G",-0.6954369,0.39664212,1,2
"3L5X_A_HL|NL92S,EL93H,YL94G",-1.2457265,0.61973345,1,2
"3L5X_A_HL|NL92S,EL93I,YL94G",-0.8069743,0.541195,1,2
"3L5X_A_HL|NL92S,EL93S,YL94G",-0.24921271,0.6455765,1,2
"3L5X_A_HL|NL92S,EL93V,YL94G",-0.51687235,0.49022767,1,2
"3L5X_A_HL|NL92S,EL93W,YL94A",-0.30302802,0.5634548,1,2
"3L5X_A_HL|NL92S,EL93W,YL94G",-1.2720501,0.15707548,1,2
"3L5X_A_HL|NL92S,EL93Y,YL94G",-0.9641868,0.14058042,1,2
"3L5X_A_HL|NL92V,EL93G,YL94G",-0.46300006,0.5385975,1,2
"3L5X_A_HL|NL92V,EL93W,YL94G",-0.83525383,0.1349252,1,2
3L5X_A_HL|YL94A,-0.82885176,1.8170394,1,2
3N85_A_LH|SH32A,-0.13401966,0.92551917,1,2
3N85_A_LH|SH32Y,0.0571225,-0.76330817,1,2
3N85_A_LH|SH50G,0.48767117,-0.1450195,1,2
3N85_A_LH|SH52Y,-0.78460336,-0.78676146,1,2
3N85_A_LH|WH100F,-0.015185109,0.6778248,1,2
3N85_A_LH|WH30K,-0.78460336,1.0994031,1,2
3N85_A_LH|WH30R,-0.5539675,0.2606907,1,2
3N85_A_LH|WL91F,0.13959166,0.40494236,1,2
3N85_A_LH|WL94Y,-0.03871881,-0.31165263,1,2
3SE8_HL_G|DH110A,-0.38934898,0.20979562,1,2
3SE8_HL_G|DH114A,-0.2441398,0.8970217,1,2
3SE8_HL_G|DL49A,0.8558488,0.6319204,1,2
3SE8_HL_G|EL1A,-0.5565174,0.2109394,1,2
3SE8_HL_G|EL91A,1.513491,0.7992087,1,2
3SE8_HL_G|FH115A,1.0676043,2.0496619,1,2
3SE8_HL_G|FL90A,-0.8640972,0.6516271,1,2
3SE8_HL_G|FL92A,0.8323254,1.060914,1,2
3SE8_HL_G|GH56A,0.3570972,0.49091706,1,2
3SE8_HL_G|KH52A,1.1114144,0.025403049,1,2
3SE8_HL_G|LH54A,0.054776184,0.071322635,1,2
3SE8_HL_G|NL30A,0.19434923,0.95601153,1,2
3SE8_HL_G|PH78A,0.01881787,-0.028457265,1,2
3SE8_HL_G|PH81A,-0.07091986,0.076691344,1,2
3SE8_HL_G|QH63A,1.1144251,-0.19779074,1,2
3SE8_HL_G|QH65A,0.54980505,0.046269182,1,2
3SE8_HL_G|QH76A,0.09689985,-0.03592391,1,2
3SE8_HL_G|QL27A,-0.21612903,-0.029466737,1,2
3SE8_HL_G|RH30A,-0.03949762,0.10338567,1,2
3SE8_HL_G|RH62A,1.2061691,0.2429865,1,2
3SE8_HL_G|RH72A,2.6444623,2.0479298,1,2
3SE8_HL_G|SH59A,1.1508402,0.14439076,1,2
3SE8_HL_G|VH58A,1.2496852,0.8678766,1,2
3SE8_HL_G|WH47A,1.4751467,1.6415155,1,2
3SE8_HL_G|WH50A,1.333526,1.8857788,1,2
3SE8_HL_G|WH55A,0.7611056,0.22348043,1,2
3SE8_HL_G|YH111A,0.82992166,0.85560274,1,2
3SE8_HL_G|YH60A,0.8558488,0.23972636,1,2
4KRL_A_B|DB112A,0.6496817,1.7548457,1,2
5C6T_HL_A|EA194A,1.0906719,1.1354314,1,2
5C6T_HL_A|FA192A,1.9972014,1.7924286,1,2
5C6T_HL_A|FA199A,2.7581792,1.6566405,1,2
5C6T_HL_A|FA200A,0.41047263,0.8170488,1,2
5C6T_HL_A|FH99A,1.4600298,0.6925906,1,2
5C6T_HL_A|IA201A,0.88561165,0.5074719,1,2
5C6T_HL_A|NA183A,0.28399685,0.647973,1,2
5C6T_HL_A|NA186A,0.3630724,-0.35973537,1,2
5C6T_HL_A|NA188A,-0.36658686,0.99603546,1,2
"5C6T_HL_A|NA195A,DA197A",0.58650106,1.0557547,1,2
5C6T_HL_A|NH97A,1.5258962,0.28483576,1,2
5C6T_HL_A|RH31S,0.3115454,0.08681238,1,2
5C6T_HL_A|RL48A,0.1229613,0.38700175,1,2
5C6T_HL_A|SH32A,-0.8683455,0.9274601,1,2
5C6T_HL_A|TA185A,0.33786914,0.6239928,1,2
5C6T_HL_A|YA182A,3.2083547,1.3008065,1,2
"5C6T_HL_A|YA182A,NA195A,DA197A",2.942425,1.711228,1,2
5C6T_HL_A|YH104A,0.3630724,1.9732037,1,2
5C6T_HL_A|YH98A,1.7166799,1.3840337,1,2
5C6T_HL_A|YL47A,0.5516565,1.5055265,1,2
1DVF_AB_CD|DB100A,2.7895143,0.28802305,2,0
"1DVF_AB_CD|DB100A,DD52A",4.0,1.0693233,2,0
"1DVF_AB_CD|DB100A,HD33A",4.0,0.80580413,2,0
"1DVF_AB_CD|DB100A,ND55A",4.0,0.22842649,2,0
1DVF_AB_CD|DB54A,4.0,0.38079607,2,0
"1DVF_AB_CD|DB54A,YC49A",4.0,0.91491103,2,0
1DVF_AB_CD|DB58A,1.6000048,0.40395463,2,0
"1DVF_AB_CD|DB58A,QD104A",1.4641725,1.4988394,2,0
1DVF_AB_CD|DD52A,1.6822901,0.622056,2,0
1DVF_AB_CD|EB98A,4.0,0.4312972,2,0
"1DVF_AB_CD|EB98A,YD102A",4.0,2.4360228,2,0
1DVF_AB_CD|HA30A,1.6493824,0.53921515,2,0
1DVF_AB_CD|HD33A,1.8606005,0.45168793,2,0
1DVF_AB_CD|ID101A,2.6815457,0.62651217,2,0
1DVF_AB_CD|KD30A,1.0035173,0.63798696,2,0
1DVF_AB_CD|NB56A,1.1624389,0.1161268,2,0
"1DVF_AB_CD|NB56A,HD33A",2.5259995,0.723848,2,0
"1DVF_AB_CD|NB56A,ND55A",2.3010929,0.18060422,2,0
"1DVF_AB_CD|NB56A,QD104A",1.4868644,1.1976881,2,0
1DVF_AB_CD|ND55A,1.8606005,-0.002927998,2,0
1DVF_AB_CD|QD104A,1.6287225,0.87105125,2,0
1DVF_AB_CD|RB99A,1.8746451,0.40126252,2,0
1DVF_AB_CD|RD106A,4.0,0.2874434,2,0
1DVF_AB_CD|SA93A,1.1624389,0.15214345,2,0
1DVF_AB_CD|TB30A,0.9075126,0.23607984,2,0
1DVF_AB_CD|WA92A,0.34072307,0.49535573,2,0
1DVF_AB_CD|WB52A,4.0,0.7274354,2,0
"1DVF_AB_CD|WB52A,QD104A",4.0,1.8271669,2,0
1DVF_AB_CD|YA32A,2.0303695,0.8544069,2,0
"1DVF_AB_CD|YA32A,RD106A",4.0,1.3768334,2,0
1DVF_AB_CD|YA49A,1.6785902,0.8511426,2,0
"1DVF_AB_CD|YA49A,HD33A",2.625045,1.2689047,2,0
"1DVF_AB_CD|YA49A,ND55A",2.0303695,0.78478086,2,0
1DVF_AB_CD|YA50A,0.6877736,0.9261758,2,0
1DVF_AB_CD|YB101F,2.0123136,0.59176564,2,0
1DVF_AB_CD|YB32A,1.8314707,0.8582633,2,0
1DVF_AB_CD|YC49A,1.8606005,0.5176066,2,0
1DVF_AB_CD|YD102A,4.0,1.489173,2,0
1MHP_HL_A|FH99W,0.0,-0.30461413,2,0
1MHP_HL_A|FH99Y,0.75466895,-0.32807344,2,0
1MHP_HL_A|GH100F,0.38901797,-0.18681592,2,0
1MHP_HL_A|GH100L,2.727121,-0.36496013,2,0
1MHP_HL_A|GH100M,0.10213403,-0.28627124,2,0
1MHP_HL_A|GH100S,0.5577475,-0.13045475,2,0
1MHP_HL_A|GH53A,0.5126066,0.47875628,2,0
1MHP_HL_A|GH53N,1.2553134,0.120886706,2,0
1MHP_HL_A|GH53S,0.6755934,0.13971394,2,0
1MHP_HL_A|GH54I,1.3635606,-0.21331733,2,0
1MHP_HL_A|GH54T,1.1641668,0.057915762,2,0
1MHP_HL_A|GH54Y,0.0,-0.4114919,2,0
1MHP_HL_A|GL91Q,1.572685,-0.15206432,2,0
1MHP_HL_A|GL91S,0.5126066,0.016892202,2,0
1MHP_HL_A|HL30K,1.1641668,0.17970806,2,0
1MHP_HL_A|HL30R,1.1237977,0.08105528,2,0
1MHP_HL_A|HL30W,1.2553134,-0.17221513,2,0
1MHP_HL_A|KH64D,-0.17144196,-0.22156528,2,0
1MHP_HL_A|KH64E,-0.07761467,-0.36342064,2,0
"1MHP_HL_A|KH64E,SL27Q",-0.85684633,-0.80651635,2,0
"1MHP_HL_A|KH64E,SL27Q,NL51Y",-1.0191593,-2.0892954,2,0
1MHP_HL_A|KH64N,-0.03627145,0.025666323,2,0
1MHP_HL_A|KH64Q,-0.07761467,-0.3173056,2,0
1MHP_HL_A|LH60D,-0.061319917,-0.17872822,2,0
"1MHP_HL_A|LH60D,KH64E",-0.1418005,-0.4442432,2,0
"1MHP_HL_A|LH60D,KH64Q",0.042989343,-0.29977876,2,0
1MHP_HL_A|LL48F,0.71227974,-0.17265281,2,0
1MHP_HL_A|LL48K,0.8612009,-0.28951284,2,0
1MHP_HL_A|LL48W,1.9075676,-0.6096224,2,0
1MHP_HL_A|NL29V,1.0493295,-0.5248068,2,0
1MHP_HL_A|NL29W,1.572685,-0.66230166,2,0
1MHP_HL_A|NL29Y,1.9075676,-0.6441917,2,0
"1MHP_HL_A|NL29Y,SL90I",0.43436813,-0.5695642,2,0
1MHP_HL_A|NL51D,0.5007625,-0.6653671,2,0
1MHP_HL_A|NL51E,-0.08868487,-0.7097778,2,0
1MHP_HL_A|NL51K,0.65751,-0.70959574,2,0
1MHP_HL_A|NL51R,0.84484076,-0.86631066,2,0
1MHP_HL_A|NL51Y,-0.05162489,-1.3646188,2,0
1MHP_HL_A|RH31Q,1.3073281,-0.048171647,2,0
1MHP_HL_A|SH35A,1.572685,0.5468857,2,0
"1MHP_HL_A|SH35A,GH102S",1.572685,0.4906016,2,0
1MHP_HL_A|SH35Q,2.727121,-0.13697362,2,0
"1MHP_HL_A|SH35V,GH102S",1.4256749,-0.027134985,2,0
1MHP_HL_A|SH52M,2.0758402,-0.24833947,2,0
1MHP_HL_A|SL23R,-0.21533228,-0.6773669,2,0
1MHP_HL_A|SL27Q,-0.6661127,-0.54875505,2,0
1MHP_HL_A|SL90Q,1.7740332,-0.098735355,2,0
1MHP_HL_A|SL90T,2.3166485,0.010442907,2,0
"1MHP_HL_A|TH33E,GH53Q",1.6674565,-0.2143121,2,0
"1MHP_HL_A|TH33I,SH52T,GH53N,GH54N",1.9075676,0.44163173,2,0
"1MHP_HL_A|TH33I,SH52T,GH53Q,GH54F",1.2553134,-0.10419544,2,0
1MHP_HL_A|TH33N,2.727121,-0.3132671,2,0
1MHP_HL_A|TH33V,0.43436813,-0.5491786,2,0
1MHP_HL_A|TH50V,-0.13159887,-0.49362153,2,0
"1MHP_HL_A|TH50V,GH102S",1.6674565,-0.30304602,2,0
"1MHP_HL_A|TH50V,KH64E",-0.1805197,-0.8092474,2,0
"1MHP_HL_A|TH50V,KH64E,SL27Q,NL51E",-1.267319,-1.8787705,2,0
"1MHP_HL_A|TH50V,KH64E,SL27Q,NL51Y",-1.0844951,-2.4296832,2,0
"1MHP_HL_A|TH50V,SH35A",2.0758402,0.033605665,2,0
"1MHP_HL_A|TH50V,SH35V",2.727121,-0.52856374,2,0
"1MHP_HL_A|TH50V,SL27Q",-0.6946839,-0.8059682,2,0
"1MHP_HL_A|TH50V,SL27Q,NL51Y",-1.0235296,-1.9222602,2,0
1MHP_HL_A|WL89Q,2.0758402,0.40225396,2,0
"1MHP_HL_A|WL89Q,FL32Y",0.871019,0.21531531,2,0
1MHP_HL_A|YH58E,2.0758402,0.61605406,2,0
1MHP_HL_A|YH58Q,2.0758402,0.5799703,2,0
1MHP_HL_A|YH58W,0.82094526,0.20072603,2,0
1MHP_HL_A|YH59E,0.54400706,0.19904676,2,0
1N8Z_AB_C|DB102W,-0.71302944,-0.64199257,2,0
1N8Z_AB_C|FC539A,0.035102826,0.37951854,2,0
1N8Z_AB_C|HA91F,0.034232877,0.09708568,2,0
1N8Z_AB_C|LC509A,-0.023045197,0.46486878,2,0
1N8Z_AB_C|NA30S,0.06666317,-0.02487828,2,0
"1N8Z_AB_C|NA30S,HA91F,YA92W",-0.07476232,0.25903076,2,0
"1N8Z_AB_C|NA30S,HA91F,YA92W,TA94S,DB102W,YB105F,YB109V",0.050661404,-0.1273109,2,0
1N8Z_AB_C|RB50A,2.9754758,0.638374,2,0
1N8Z_AB_C|RB59A,1.8037988,0.69878536,2,0
1N8Z_AB_C|SC535A,0.030827092,0.12736821,2,0
1N8Z_AB_C|TA94S,0.32168603,-0.23728147,2,0
1N8Z_AB_C|VC536A,0.008972699,0.37969992,2,0
1N8Z_AB_C|YB105F,0.8540034,0.4127784,2,0
1N8Z_AB_C|YB109V,0.23192272,-0.15387535,2,0
1XGQ_AB_C|VB33A,1.1525793,0.5968681,2,0
1XGQ_AB_C|VB33F,-2.9080825,-0.24445316,2,0
1XGQ_AB_C|VB33I,-1.1076277,-0.046239026,2,0
1XGQ_AB_C|VB33L,-1.0463123,-0.19194439,2,0
1YQV_HL_Y|RY45K,1.8995041,0.30795583,2,0
"1YQV_HL_Y|RY68K,TY40S,IY55V,SY91T",4.0,0.18686286,2,0
"1YQV_HL_Y|RY68K,TY40S,IY55V,SY91T,QY121H",0.0,0.057313196,2,0
1YY9_CD_A|AC25P,0.07225565,-0.67521834,2,0
1YY9_CD_A|AD98P,1.0372273,-0.5977709,2,0
1YY9_CD_A|GD54P,0.26807046,0.23189643,2,0
1YY9_CD_A|LD29P,0.030827092,0.08445168,2,0
1YY9_CD_A|NC93A,-0.74186975,-0.30144194,2,0
1YY9_CD_A|ND56A,-0.057046015,0.030562114,2,0
1YY9_CD_A|SC26D,-0.19925442,0.008051461,2,0
"1YY9_CD_A|SC26D,TC31E,NC93A",-1.3329437,-0.56935984,2,0
"1YY9_CD_A|SC26D,TC31E,NC93A,ND56A,TD61E",-0.6517935,-0.9850851,2,0
1YY9_CD_A|SC26P,-0.009110746,0.2776403,2,0
1YY9_CD_A|SC28P,-0.22229962,0.0747484,2,0
1YY9_CD_A|SC54P,-0.018363854,0.1154206,2,0
1YY9_CD_A|SD53P,0.8175451,0.043355428,2,0
1YY9_CD_A|TC31E,-0.51892465,-0.20604783,2,0
"1YY9_CD_A|TC31E,NC93A",-0.81853306,-0.43764737,2,0
1YY9_CD_A|TC96P,4.0,-0.11913363,2,0
1YY9_CD_A|TD61E,-0.057046015,-0.39212573,2,0
1YY9_CD_A|WD52P,1.4782712,0.543422,2,0
1YY9_CD_A|YD101P,1.6514195,0.5531763,2,0
3NPS_A_BC|DA214A,1.466743,0.67976546,2,0
3NPS_A_BC|DA46A,0.3399866,0.3921523,2,0
3NPS_A_BC|DA47A,1.0674704,0.13579407,2,0
3NPS_A_BC|DA91A,1.5070341,0.649955,2,0
3NPS_A_BC|EA163A,0.61534816,0.6743101,2,0
3NPS_A_BC|FA50A,0.21957076,0.4222319,2,0
3NPS_A_BC|FA89A,1.5714045,0.849323,2,0
3NPS_A_BC|FA92A,0.46353978,0.9764057,2,0
3NPS_A_BC|HA138A,1.8750918,0.6527613,2,0
3NPS_A_BC|IA26A,0.6415425,0.20853537,2,0
3NPS_A_BC|IA45A,-0.33181784,0.33308142,2,0
3NPS_A_BC|KA221A,-0.10361039,0.7772068,2,0
3NPS_A_BC|LA147A,0.29573628,0.5460274,2,0
3NPS_A_BC|NA90A,0.25341922,0.31961372,2,0
3NPS_A_BC|QA140A,0.29573628,0.43071917,2,0
3NPS_A_BC|QA168A,-0.059223834,0.78102493,2,0
3NPS_A_BC|QA169A,0.7409076,0.9095594,2,0
3NPS_A_BC|QA218A,-0.040916756,0.6798675,2,0
3NPS_A_BC|QA23A,0.026323749,0.7359576,2,0
3NPS_A_BC|RA219A,-0.08390186,0.80730724,2,0
3NPS_A_BC|RA48A,-1.062741,0.63733613,2,0
3NPS_A_BC|RA51A,0.13816836,1.0643407,2,0
3NPS_A_BC|RA82A,-0.15159543,0.29814872,2,0
3NPS_A_BC|TA144A,0.17497002,0.127969,2,0
3NPS_A_BC|TA93A,0.72381234,0.4374833,2,0
3NPS_A_BC|YA141A,1.7748737,1.1546226,2,0
3NPS_A_BC|YA52A,0.4518898,0.49894708,2,0
3W2D_A_HL|KA67N,4.0,0.36904767,2,0
3W2D_A_HL|KA67R,-0.42812017,0.052427486,2,0
3W2D_A_HL|YA45F,0.8779443,0.06779669,2,0
3W2D_A_HL|YA45L,2.3647563,0.097667255,2,0
"4KRO_A_B|DA321T,FA323A",0.1269707,0.6790602,2,0
"4KRP_A_B|DA277T,FA279A",0.35829666,0.71466565,2,0
4NM8_ABCDEF_HL|DB19N,0.66149956,0.17560786,2,0
4NM8_ABCDEF_HL|IB18M,0.10977998,0.05394374,2,0
4NM8_ABCDEF_HL|LB38Y,-0.6151596,-0.36545756,2,0
4NM8_ABCDEF_HL|QB34R,2.9754758,-0.37462685,2,0
4NM8_ABCDEF_HL|QB34T,2.3309386,-0.31770998,2,0
4NM8_ABCDEF_HL|RB25M,3.442353,-0.23264313,2,0
4NM8_ABCDEF_HL|TB32E,-0.5517196,-0.31536096,2,0
4NM8_ABCDEF_HL|TB32I,-0.050205972,-0.38323477,2,0
4NM8_ABCDEF_HL|TB32R,1.2211944,-0.43772963,2,0
1DVF_AB_CD|DB100A,2.7895143,0.5961446,2,1
"1DVF_AB_CD|DB100A,DD52A",4.0,1.0396346,2,1
"1DVF_AB_CD|DB100A,HD33A",4.0,0.903772,2,1
"1DVF_AB_CD|DB100A,ND55A",4.0,0.9346037,2,1
1DVF_AB_CD|DB54A,4.0,0.4903776,2,1
"1DVF_AB_CD|DB54A,YC49A",4.0,0.66593665,2,1
1DVF_AB_CD|DB58A,1.6000048,0.26828516,2,1
"1DVF_AB_CD|DB58A,QD104A",1.4641725,1.2609442,2,1
1DVF_AB_CD|DD52A,1.6822901,0.47613078,2,1
1DVF_AB_CD|EB98A,4.0,1.0787513,2,1
"1DVF_AB_CD|EB98A,YD102A",4.0,3.4803348,2,1
1DVF_AB_CD|HA30A,1.6493824,0.3995874,2,1
1DVF_AB_CD|HD33A,1.8606005,0.5344508,2,1
1DVF_AB_CD|ID101A,2.6815457,0.84467566,2,1
1DVF_AB_CD|KD30A,1.0035173,0.5884001,2,1
1DVF_AB_CD|NB56A,1.1624389,0.1135245,2,1
"1DVF_AB_CD|NB56A,HD33A",2.5259995,0.36347663,2,1
"1DVF_AB_CD|NB56A,ND55A",2.3010929,0.348579,2,1
"1DVF_AB_CD|NB56A,QD104A",1.4868644,0.94093657,2,1
1DVF_AB_CD|ND55A,1.8606005,0.45329857,2,1
1DVF_AB_CD|QD104A,1.6287225,0.8306513,2,1
1DVF_AB_CD|RB99A,1.8746451,0.8200039,2,1
1DVF_AB_CD|RD106A,4.0,0.36962372,2,1
1DVF_AB_CD|SA93A,1.1624389,0.48397946,2,1
1DVF_AB_CD|TB30A,0.9075126,0.3921559,2,1
1DVF_AB_CD|WA92A,0.34072307,2.1360736,2,1
1DVF_AB_CD|WB52A,4.0,1.3409003,2,1
"1DVF_AB_CD|WB52A,QD104A",4.0,2.5618603,2,1
1DVF_AB_CD|YA32A,2.0303695,1.3465344,2,1
"1DVF_AB_CD|YA32A,RD106A",4.0,1.7954776,2,1
1DVF_AB_CD|YA49A,1.6785902,0.81144136,2,1
"1DVF_AB_CD|YA49A,HD33A",2.625045,1.1269804,2,1
"1DVF_AB_CD|YA49A,ND55A",2.0303695,1.0400541,2,1
1DVF_AB_CD|YA50A,0.6877736,0.98935986,2,1
1DVF_AB_CD|YB101F,2.0123136,0.71063095,2,1
1DVF_AB_CD|YB32A,1.8314707,1.0431194,2,1
1DVF_AB_CD|YC49A,1.8606005,0.81757164,2,1
1DVF_AB_CD|YD102A,4.0,1.7693883,2,1
1MHP_HL_A|FH99W,0.0,-0.25323206,2,1
1MHP_HL_A|FH99Y,0.75466895,-0.19570804,2,1
1MHP_HL_A|GH100F,0.38901797,-0.21748345,2,1
1MHP_HL_A|GH100L,2.727121,-0.33156693,2,1
1MHP_HL_A|GH100M,0.10213403,-0.2621485,2,1
1MHP_HL_A|GH100S,0.5577475,-0.1815192,2,1
1MHP_HL_A|GH53A,0.5126066,0.17933255,2,1
1MHP_HL_A|GH53N,1.2553134,0.07727046,2,1
1MHP_HL_A|GH53S,0.6755934,-0.20753244,2,1
1MHP_HL_A|GH54I,1.3635606,-0.045774158,2,1
1MHP_HL_A|GH54T,1.1641668,0.23441808,2,1
1MHP_HL_A|GH54Y,0.0,-0.14449805,2,1
1MHP_HL_A|GL91Q,1.572685,-0.33172095,2,1
1MHP_HL_A|GL91S,0.5126066,-0.12251963,2,1
1MHP_HL_A|HL30K,1.1641668,0.350954,2,1
1MHP_HL_A|HL30R,1.1237977,-0.034173768,2,1
1MHP_HL_A|HL30W,1.2553134,-0.43235546,2,1
1MHP_HL_A|KH64D,-0.17144196,-0.49876457,2,1
1MHP_HL_A|KH64E,-0.07761467,-0.42849654,2,1
"1MHP_HL_A|KH64E,SL27Q",-0.85684633,-0.70122063,2,1
"1MHP_HL_A|KH64E,SL27Q,NL51Y",-1.0191593,-1.3596061,2,1
1MHP_HL_A|KH64N,-0.03627145,0.013340469,2,1
1MHP_HL_A|KH64Q,-0.07761467,-0.23313127,2,1
1MHP_HL_A|LH60D,-0.061319917,0.1898972,2,1
"1MHP_HL_A|LH60D,KH64E",-0.1418005,-0.50391304,2,1
"1MHP_HL_A|LH60D,KH64Q",0.042989343,-0.31057668,2,1
1MHP_HL_A|LL48F,0.71227974,0.090210944,2,1
1MHP_HL_A|LL48K,0.8612009,0.3247745,2,1
1MHP_HL_A|LL48W,1.9075676,-0.36019582,2,1
1MHP_HL_A|NL29V,1.0493295,-0.4758885,2,1
1MHP_HL_A|NL29W,1.572685,-0.656086,2,1
1MHP_HL_A|NL29Y,1.9075676,-0.6199156,2,1
"1MHP_HL_A|NL29Y,SL90I",0.43436813,-0.73088294,2,1
1MHP_HL_A|NL51D,0.5007625,-0.10647245,2,1
1MHP_HL_A|NL51E,-0.08868487,-0.16565877,2,1
1MHP_HL_A|NL51K,0.65751,-0.0046934485,2,1
1MHP_HL_A|NL51R,0.84484076,-0.14896041,2,1
1MHP_HL_A|NL51Y,-0.05162489,-0.5085059,2,1
1MHP_HL_A|RH31Q,1.3073281,-0.0028286204,2,1
1MHP_HL_A|SH35A,1.572685,0.5835279,2,1
"1MHP_HL_A|SH35A,GH102S",1.572685,0.6586556,2,1
1MHP_HL_A|SH35Q,2.727121,-0.2914147,2,1
"1MHP_HL_A|SH35V,GH102S",1.4256749,-0.041207097,2,1
1MHP_HL_A|SH52M,2.0758402,-0.23387703,2,1
1MHP_HL_A|SL23R,-0.21533228,0.07299316,2,1
1MHP_HL_A|SL27Q,-0.6661127,-0.286626,2,1
1MHP_HL_A|SL90Q,1.7740332,-0.0564045,2,1
1MHP_HL_A|SL90T,2.3166485,0.3541904,2,1
"1MHP_HL_A|TH33E,GH53Q",1.6674565,-0.4130336,2,1
"1MHP_HL_A|TH33I,SH52T,GH53N,GH54N",1.9075676,0.7681361,2,1
"1MHP_HL_A|TH33I,SH52T,GH53Q,GH54F",1.2553134,-0.07086455,2,1
1MHP_HL_A|TH33N,2.727121,0.00038321316,2,1
1MHP_HL_A|TH33V,0.43436813,-0.38084328,2,1
1MHP_HL_A|TH50V,-0.13159887,-0.40816432,2,1
"1MHP_HL_A|TH50V,GH102S",1.6674565,-0.16309838,2,1
"1MHP_HL_A|TH50V,KH64E",-0.1805197,-0.85798997,2,1
"1MHP_HL_A|TH50V,KH64E,SL27Q,NL51E",-1.267319,-1.5829128,2,1
"1MHP_HL_A|TH50V,KH64E,SL27Q,NL51Y",-1.0844951,-1.776857,2,1
"1MHP_HL_A|TH50V,SH35A",2.0758402,0.053533904,2,1
"1MHP_HL_A|TH50V,SH35V",2.727121,-0.6523501,2,1
"1MHP_HL_A|TH50V,SL27Q",-0.6946839,-0.6415873,2,1
"1MHP_HL_A|TH50V,SL27Q,NL51Y",-1.0235296,-1.2619028,2,1
1MHP_HL_A|WL89Q,2.0758402,0.50378656,2,1
"1MHP_HL_A|WL89Q,FL32Y",0.871019,0.22194307,2,1
1MHP_HL_A|YH58E,2.0758402,0.21019559,2,1
1MHP_HL_A|YH58Q,2.0758402,0.3614307,2,1
1MHP_HL_A|YH58W,0.82094526,-0.088761196,2,1
1MHP_HL_A|YH59E,0.54400706,0.18127362,2,1
1N8Z_AB_C|DB102W,-0.71302944,-0.45246542,2,1
1N8Z_AB_C|FC539A,0.035102826,1.0369242,2,1
1N8Z_AB_C|HA91F,0.034232877,-0.33270943,2,1
1N8Z_AB_C|LC509A,-0.023045197,1.2933092,2,1
1N8Z_AB_C|NA30S,0.06666317,-0.37065595,2,1
"1N8Z_AB_C|NA30S,HA91F,YA92W",-0.07476232,-0.54815364,2,1
"1N8Z_AB_C|NA30S,HA91F,YA92W,TA94S,DB102W,YB105F,YB109V",0.050661404,-0.8690858,2,1
1N8Z_AB_C|RB50A,2.9754758,0.36492503,2,1
1N8Z_AB_C|RB59A,1.8037988,0.32142323,2,1
1N8Z_AB_C|SC535A,0.030827092,0.35365373,2,1
1N8Z_AB_C|TA94S,0.32168603,-0.12796502,2,1
1N8Z_AB_C|VC536A,0.008972699,0.5828008,2,1
1N8Z_AB_C|YB105F,0.8540034,0.5976512,2,1
1N8Z_AB_C|YB109V,0.23192272,0.20209034,2,1
1XGQ_AB_C|VB33A,1.1525793,1.3583089,2,1
1XGQ_AB_C|VB33F,-2.9080825,-0.18783844,2,1
1XGQ_AB_C|VB33I,-1.1076277,0.093027666,2,1
1XGQ_AB_C|VB33L,-1.0463123,-0.118618704,2,1
1YQV_HL_Y|RY45K,1.8995041,0.123609915,2,1
"1YQV_HL_Y|RY68K,TY40S,IY55V,SY91T",4.0,0.11644673,2,1
"1YQV_HL_Y|RY68K,TY40S,IY55V,SY91T,QY121H",0.0,0.022378795,2,1
1YY9_CD_A|AC25P,0.07225565,-0.5996082,2,1
1YY9_CD_A|AD98P,1.0372273,-0.87336457,2,1
1YY9_CD_A|GD54P,0.26807046,-0.05904478,2,1
1YY9_CD_A|LD29P,0.030827092,-0.047260188,2,1
1YY9_CD_A|NC93A,-0.74186975,0.09783508,2,1
1YY9_CD_A|ND56A,-0.057046015,0.10165244,2,1
1YY9_CD_A|SC26D,-0.19925442,-0.060015514,2,1
"1YY9_CD_A|SC26D,TC31E,NC93A",-1.3329437,-0.331285,2,1
"1YY9_CD_A|SC26D,TC31E,NC93A,ND56A,TD61E",-0.6517935,-0.7828597,2,1
1YY9_CD_A|SC26P,-0.009110746,-0.08397151,2,1
1YY9_CD_A|SC28P,-0.22229962,-0.23342925,2,1
1YY9_CD_A|SC54P,-0.018363854,-0.12695095,2,1
1YY9_CD_A|SD53P,0.8175451,-0.3100978,2,1
1YY9_CD_A|TC31E,-0.51892465,0.074353784,2,1
"1YY9_CD_A|TC31E,NC93A",-0.81853306,-0.047065668,2,1
1YY9_CD_A|TC96P,4.0,-0.1457008,2,1
1YY9_CD_A|TD61E,-0.057046015,-0.16036788,2,1
1YY9_CD_A|WD52P,1.4782712,0.22913177,2,1
1YY9_CD_A|YD101P,1.6514195,0.24081443,2,1
3NPS_A_BC|DA214A,1.466743,0.55097264,2,1
3NPS_A_BC|DA46A,0.3399866,0.7808131,2,1
3NPS_A_BC|DA47A,1.0674704,0.47133476,2,1
3NPS_A_BC|DA91A,1.5070341,0.8003353,2,1
3NPS_A_BC|EA163A,0.61534816,0.5668409,2,1
3NPS_A_BC|FA50A,0.21957076,1.3021309,2,1
3NPS_A_BC|FA89A,1.5714045,1.1254249,2,1
3NPS_A_BC|FA92A,0.46353978,1.3440367,2,1
3NPS_A_BC|HA138A,1.8750918,0.4784295,2,1
3NPS_A_BC|IA26A,0.6415425,0.8527085,2,1
3NPS_A_BC|IA45A,-0.33181784,0.96260726,2,1
3NPS_A_BC|KA221A,-0.10361039,0.6155608,2,1
3NPS_A_BC|LA147A,0.29573628,0.8121602,2,1
3NPS_A_BC|NA90A,0.25341922,0.62275094,2,1
3NPS_A_BC|QA140A,0.29573628,0.47950715,2,1
3NPS_A_BC|QA168A,-0.059223834,0.8197677,2,1
3NPS_A_BC|QA169A,0.7409076,0.7367983,2,1
3NPS_A_BC|QA218A,-0.040916756,0.70927924,2,1
3NPS_A_BC|QA23A,0.026323749,0.75101054,2,1
3NPS_A_BC|RA219A,-0.08390186,0.44575626,2,1
3NPS_A_BC|RA48A,-1.062741,0.4587829,2,1
3NPS_A_BC|RA51A,0.13816836,0.6917654,2,1
3NPS_A_BC|RA82A,-0.15159543,0.38985395,2,1
3NPS_A_BC|TA144A,0.17497002,0.4513877,2,1
3NPS_A_BC|TA93A,0.72381234,0.75886977,2,1
3NPS_A_BC|YA141A,1.7748737,1.0510256,2,1
3NPS_A_BC|YA52A,0.4518898,1.2102422,2,1
3W2D_A_HL|KA67N,4.0,0.14639202,2,1
3W2D_A_HL|KA67R,-0.42812017,0.07028436,2,1
3W2D_A_HL|YA45F,0.8779443,-0.41850448,2,1
3W2D_A_HL|YA45L,2.3647563,-0.078065485,2,1
"4KRO_A_B|DA321T,FA323A",0.1269707,0.9311312,2,1
"4KRP_A_B|DA277T,FA279A",0.35829666,1.0246431,2,1
4NM8_ABCDEF_HL|DB19N,0.66149956,0.2331722,2,1
4NM8_ABCDEF_HL|IB18M,0.10977998,-0.209635,2,1
4NM8_ABCDEF_HL|LB38Y,-0.6151596,-0.13201131,2,1
4NM8_ABCDEF_HL|QB34R,2.9754758,0.26016968,2,1
4NM8_ABCDEF_HL|QB34T,2.3309386,-0.03300246,2,1
4NM8_ABCDEF_HL|RB25M,3.442353,-0.02380582,2,1
4NM8_ABCDEF_HL|TB32E,-0.5517196,-8.113682e-05,2,1
4NM8_ABCDEF_HL|TB32I,-0.050205972,-0.05228036,2,1
4NM8_ABCDEF_HL|TB32R,1.2211944,0.19686183,2,1
1DVF_AB_CD|DB100A,2.7895143,2.0010948,2,2
"1DVF_AB_CD|DB100A,DD52A",4.0,2.8385234,2,2
"1DVF_AB_CD|DB100A,HD33A",4.0,1.0029517,2,2
"1DVF_AB_CD|DB100A,ND55A",4.0,1.6793662,2,2
1DVF_AB_CD|DB54A,4.0,1.0500454,2,2
"1DVF_AB_CD|DB54A,YC49A",4.0,1.470691,2,2
1DVF_AB_CD|DB58A,1.6000048,0.49032107,2,2
"1DVF_AB_CD|DB58A,QD104A",1.4641725,0.42245466,2,2
1DVF_AB_CD|DD52A,1.6822901,0.46374145,2,2
1DVF_AB_CD|EB98A,4.0,1.336106,2,2
"1DVF_AB_CD|EB98A,YD102A",4.0,2.8511767,2,2
1DVF_AB_CD|HA30A,1.6493824,0.31453216,2,2
1DVF_AB_CD|HD33A,1.8606005,0.10631327,2,2
1DVF_AB_CD|ID101A,2.6815457,0.7522733,2,2
1DVF_AB_CD|KD30A,1.0035173,0.04199721,2,2
1DVF_AB_CD|NB56A,1.1624389,0.40912235,2,2
"1DVF_AB_CD|NB56A,HD33A",2.5259995,0.6207397,2,2
"1DVF_AB_CD|NB56A,ND55A",2.3010929,0.60499394,2,2
"1DVF_AB_CD|NB56A,QD104A",1.4868644,1.2445626,2,2
1DVF_AB_CD|ND55A,1.8606005,0.31875587,2,2
1DVF_AB_CD|QD104A,1.6287225,0.32549104,2,2
1DVF_AB_CD|RB99A,1.8746451,0.5959195,2,2
1DVF_AB_CD|RD106A,4.0,0.2917778,2,2
1DVF_AB_CD|SA93A,1.1624389,0.37765715,2,2
1DVF_AB_CD|TB30A,0.9075126,0.0072796047,2,2
1DVF_AB_CD|WA92A,0.34072307,0.3560744,2,2
1DVF_AB_CD|WB52A,4.0,1.4837062,2,2
"1DVF_AB_CD|WB52A,QD104A",4.0,1.6324168,2,2
1DVF_AB_CD|YA32A,2.0303695,1.0318727,2,2
"1DVF_AB_CD|YA32A,RD106A",4.0,0.9580606,2,2
1DVF_AB_CD|YA49A,1.6785902,1.2565471,2,2
"1DVF_AB_CD|YA49A,HD33A",2.625045,0.6043341,2,2
"1DVF_AB_CD|YA49A,ND55A",2.0303695,0.93092203,2,2
1DVF_AB_CD|YA50A,0.6877736,0.62876344,2,2
1DVF_AB_CD|YB101F,2.0123136,1.5783677,2,2
1DVF_AB_CD|YB32A,1.8314707,0.89808655,2,2
1DVF_AB_CD|YC49A,1.8606005,0.637467,2,2
1DVF_AB_CD|YD102A,4.0,1.9872233,2,2
1MHP_HL_A|FH99W,0.0,-0.40612558,2,2
1MHP_HL_A|FH99Y,0.75466895,-0.70025194,2,2
1MHP_HL_A|GH100F,0.38901797,-0.19619307,2,2
1MHP_HL_A|GH100L,2.727121,0.30572966,2,2
1MHP_HL_A|GH100M,0.10213403,-0.0059405454,2,2
1MHP_HL_A|GH100S,0.5577475,-0.19173454,2,2
1MHP_HL_A|GH53A,0.5126066,-0.3775403,2,2
1MHP_HL_A|GH53N,1.2553134,-0.18706493,2,2
1MHP_HL_A|GH53S,0.6755934,-0.7721666,2,2
1MHP_HL_A|GH54I,1.3635606,-0.193452,2,2
1MHP_HL_A|GH54T,1.1641668,0.044227958,2,2
1MHP_HL_A|GH54Y,0.0,-1.2239618,2,2
1MHP_HL_A|GL91Q,1.572685,0.0346841,2,2
1MHP_HL_A|GL91S,0.5126066,-0.44650057,2,2
1MHP_HL_A|HL30K,1.1641668,0.8884851,2,2
1MHP_HL_A|HL30R,1.1237977,-0.6360011,2,2
1MHP_HL_A|HL30W,1.2553134,-0.51214814,2,2
1MHP_HL_A|KH64D,-0.17144196,-0.2097256,2,2
1MHP_HL_A|KH64E,-0.07761467,-0.18421242,2,2
"1MHP_HL_A|KH64E,SL27Q",-0.85684633,-1.1173371,2,2
"1MHP_HL_A|KH64E,SL27Q,NL51Y",-1.0191593,-1.5226263,2,2
1MHP_HL_A|KH64N,-0.03627145,0.055719793,2,2
1MHP_HL_A|KH64Q,-0.07761467,0.012077689,2,2
1MHP_HL_A|LH60D,-0.061319917,-0.2522978,2,2
"1MHP_HL_A|LH60D,KH64E",-0.1418005,-0.44495514,2,2
"1MHP_HL_A|LH60D,KH64Q",0.042989343,-0.2135468,2,2
1MHP_HL_A|LL48F,0.71227974,-0.48419434,2,2
1MHP_HL_A|LL48K,0.8612009,0.1360041,2,2
1MHP_HL_A|LL48W,1.9075676,-0.4813452,2,2
1MHP_HL_A|NL29V,1.0493295,0.09792197,2,2
1MHP_HL_A|NL29W,1.572685,0.14713234,2,2
1MHP_HL_A|NL29Y,1.9075676,-0.24456584,2,2
"1MHP_HL_A|NL29Y,SL90I",0.43436813,-0.34689385,2,2
1MHP_HL_A|NL51D,0.5007625,-0.39493105,2,2
1MHP_HL_A|NL51E,-0.08868487,-0.23454235,2,2
1MHP_HL_A|NL51K,0.65751,0.38307586,2,2
1MHP_HL_A|NL51R,0.84484076,0.020901673,2,2
1MHP_HL_A|NL51Y,-0.05162489,-0.34028697,2,2
1MHP_HL_A|RH31Q,1.3073281,0.08697514,2,2
1MHP_HL_A|SH35A,1.572685,2.2221315,2,2
"1MHP_HL_A|SH35A,GH102S",1.572685,1.611195,2,2
1MHP_HL_A|SH35Q,2.727121,1.4411963,2,2
"1MHP_HL_A|SH35V,GH102S",1.4256749,1.2657113,2,2
1MHP_HL_A|SH52M,2.0758402,0.83419955,2,2
1MHP_HL_A|SL23R,-0.21533228,-0.07551261,2,2
1MHP_HL_A|SL27Q,-0.6661127,-0.47769165,2,2
1MHP_HL_A|SL90Q,1.7740332,0.30368963,2,2
1MHP_HL_A|SL90T,2.3166485,0.47083274,2,2
"1MHP_HL_A|TH33E,GH53Q",1.6674565,1.204579,2,2
"1MHP_HL_A|TH33I,SH52T,GH53N,GH54N",1.9075676,0.80687416,2,2
"1MHP_HL_A|TH33I,SH52T,GH53Q,GH54F",1.2553134,-0.07203125,2,2
1MHP_HL_A|TH33N,2.727121,0.16940337,2,2
1MHP_HL_A|TH33V,0.43436813,0.487085,2,2
1MHP_HL_A|TH50V,-0.13159887,0.039837226,2,2
"1MHP_HL_A|TH50V,GH102S",1.6674565,-0.46444252,2,2
"1MHP_HL_A|TH50V,KH64E",-0.1805197,-0.4242083,2,2
"1MHP_HL_A|TH50V,KH64E,SL27Q,NL51E",-1.267319,-1.2637213,2,2
"1MHP_HL_A|TH50V,KH64E,SL27Q,NL51Y",-1.0844951,-1.5938102,2,2
"1MHP_HL_A|TH50V,SH35A",2.0758402,1.7444597,2,2
"1MHP_HL_A|TH50V,SH35V",2.727121,1.5354896,2,2
"1MHP_HL_A|TH50V,SL27Q",-0.6946839,-0.26607358,2,2
"1MHP_HL_A|TH50V,SL27Q,NL51Y",-1.0235296,-1.0092754,2,2
1MHP_HL_A|WL89Q,2.0758402,1.4116665,2,2
"1MHP_HL_A|WL89Q,FL32Y",0.871019,0.79516923,2,2
1MHP_HL_A|YH58E,2.0758402,0.99532807,2,2
1MHP_HL_A|YH58Q,2.0758402,1.3240904,2,2
1MHP_HL_A|YH58W,0.82094526,0.79811394,2,2
1MHP_HL_A|YH59E,0.54400706,0.7639853,2,2
1N8Z_AB_C|DB102W,-0.71302944,-0.20119593,2,2
1N8Z_AB_C|FC539A,0.035102826,1.3319578,2,2
1N8Z_AB_C|HA91F,0.034232877,-0.34434828,2,2
1N8Z_AB_C|LC509A,-0.023045197,0.5873908,2,2
1N8Z_AB_C|NA30S,0.06666317,0.04673306,2,2
"1N8Z_AB_C|NA30S,HA91F,YA92W",-0.07476232,0.26828158,2,2
"1N8Z_AB_C|NA30S,HA91F,YA92W,TA94S,DB102W,YB105F,YB109V",0.050661404,0.39968175,2,2
1N8Z_AB_C|RB50A,2.9754758,1.0775234,2,2
1N8Z_AB_C|RB59A,1.8037988,0.56729186,2,2
1N8Z_AB_C|SC535A,0.030827092,0.17540178,2,2
1N8Z_AB_C|TA94S,0.32168603,0.09042099,2,2
1N8Z_AB_C|VC536A,0.008972699,0.717649,2,2
1N8Z_AB_C|YB105F,0.8540034,1.3444438,2,2
1N8Z_AB_C|YB109V,0.23192272,0.2124176,2,2
1XGQ_AB_C|VB33A,1.1525793,0.7040814,2,2
1XGQ_AB_C|VB33F,-2.9080825,-1.9810531,2,2
1XGQ_AB_C|VB33I,-1.1076277,-0.9049381,2,2
1XGQ_AB_C|VB33L,-1.0463123,-0.67141974,2,2
1YQV_HL_Y|RY45K,1.8995041,0.63544834,2,2
"1YQV_HL_Y|RY68K,TY40S,IY55V,SY91T",4.0,1.368427,2,2
"1YQV_HL_Y|RY68K,TY40S,IY55V,SY91T,QY121H",0.0,1.7015628,2,2
1YY9_CD_A|AC25P,0.07225565,0.07225636,2,2
1YY9_CD_A|AD98P,1.0372273,-1.0148557,2,2
1YY9_CD_A|GD54P,0.26807046,-0.10577464,2,2
1YY9_CD_A|LD29P,0.030827092,0.15661928,2,2
1YY9_CD_A|NC93A,-0.74186975,0.49272236,2,2
1YY9_CD_A|ND56A,-0.057046015,0.3185893,2,2
1YY9_CD_A|SC26D,-0.19925442,0.10061914,2,2
"1YY9_CD_A|SC26D,TC31E,NC93A",-1.3329437,0.49427572,2,2
"1YY9_CD_A|SC26D,TC31E,NC93A,ND56A,TD61E",-0.6517935,0.00088051707,2,2
1YY9_CD_A|SC26P,-0.009110746,0.20038411,2,2
1YY9_CD_A|SC28P,-0.22229962,-0.5967797,2,2
1YY9_CD_A|SC54P,-0.018363854,-0.072457686,2,2
1YY9_CD_A|SD53P,0.8175451,-0.48141554,2,2
1YY9_CD_A|TC31E,-0.51892465,0.8529744,2,2
"1YY9_CD_A|TC31E,NC93A",-0.81853306,1.1098899,2,2
1YY9_CD_A|TC96P,4.0,-0.24710098,2,2
1YY9_CD_A|TD61E,-0.057046015,-0.019403294,2,2
1YY9_CD_A|WD52P,1.4782712,0.49833205,2,2
1YY9_CD_A|YD101P,1.6514195,1.0739592,2,2
3NPS_A_BC|DA214A,1.466743,0.35783368,2,2
3NPS_A_BC|DA46A,0.3399866,0.30538175,2,2
3NPS_A_BC|DA47A,1.0674704,1.0723118,2,2
3NPS_A_BC|DA91A,1.5070341,0.7023109,2,2
3NPS_A_BC|EA163A,0.61534816,-0.35386112,2,2
3NPS_A_BC|FA50A,0.21957076,0.9802855,2,2
3NPS_A_BC|FA89A,1.5714045,0.6920401,2,2
3NPS_A_BC|FA92A,0.46353978,0.72620475,2,2
3NPS_A_BC|HA138A,1.8750918,0.062032804,2,2
3NPS_A_BC|IA26A,0.6415425,0.10375516,2,2
3NPS_A_BC|IA45A,-0.33181784,0.8626362,2,2
3NPS_A_BC|KA221A,-0.10361039,0.44250754,2,2
3NPS_A_BC|LA147A,0.29573628,0.50351644,2,2
3NPS_A_BC|NA90A,0.25341922,0.41590843,2,2
3NPS_A_BC|QA140A,0.29573628,0.7656715,2,2
3NPS_A_BC|QA168A,-0.059223834,0.30930284,2,2
3NPS_A_BC|QA169A,0.7409076,2.3457298,2,2
3NPS_A_BC|QA218A,-0.040916756,0.40480867,2,2
3NPS_A_BC|QA23A,0.026323749,0.44302824,2,2
3NPS_A_BC|RA219A,-0.08390186,-0.14297968,2,2
3NPS_A_BC|RA48A,-1.062741,0.05991832,2,2
3NPS_A_BC|RA51A,0.13816836,-0.1496962,2,2
3NPS_A_BC|RA82A,-0.15159543,0.07222967,2,2
3NPS_A_BC|TA144A,0.17497002,0.636029,2,2
3NPS_A_BC|TA93A,0.72381234,1.136104,2,2
3NPS_A_BC|YA141A,1.7748737,1.2962921,2,2
3NPS_A_BC|YA52A,0.4518898,-0.060566634,2,2
3W2D_A_HL|KA67N,4.0,0.5467104,2,2
3W2D_A_HL|KA67R,-0.42812017,0.78827,2,2
3W2D_A_HL|YA45F,0.8779443,-0.4460478,2,2
3W2D_A_HL|YA45L,2.3647563,0.8497124,2,2
"4KRO_A_B|DA321T,FA323A",0.1269707,1.0689707,2,2
"4KRP_A_B|DA277T,FA279A",0.35829666,0.90391636,2,2
4NM8_ABCDEF_HL|DB19N,0.66149956,0.38363287,2,2
4NM8_ABCDEF_HL|IB18M,0.10977998,0.23447117,2,2
4NM8_ABCDEF_HL|LB38Y,-0.6151596,-0.2216116,2,2
4NM8_ABCDEF_HL|QB34R,2.9754758,0.90394866,2,2
4NM8_ABCDEF_HL|QB34T,2.3309386,0.6101271,2,2
4NM8_ABCDEF_HL|RB25M,3.442353,0.5783888,2,2
4NM8_ABCDEF_HL|TB32E,-0.5517196,0.54525495,2,2
4NM8_ABCDEF_HL|TB32I,-0.050205972,0.85337806,2,2
4NM8_ABCDEF_HL|TB32R,1.2211944,0.9192586,2,2
"1CZ8_HL_VW|LL4M,DH28T,HH31N,YH101H,TH105S",2.939849,1.4250414,3,0
1KIR_AB_C|SA50Y,-1.3870943,-0.8831408,3,0
1MLC_AB_E|KB65D,0.018548755,-0.79944724,3,0
1MLC_AB_E|NA32G,-0.8773867,0.871514,3,0
"1MLC_AB_E|NA32G,NA92A",-0.6866531,0.8287875,3,0
"1MLC_AB_E|NA32G,NA92A,SB57V,TB58D",-1.7349738,-0.49918053,3,0
1MLC_AB_E|NA32Y,0.0,-0.82726395,3,0
1MLC_AB_E|NA92A,-1.2533532,0.017078785,3,0
"1MLC_AB_E|NA92A,SB57V,TB58D",-2.394188,-0.6457876,3,0
"1MLC_AB_E|NA92A,TB28D,SB57V,TB58D",-2.5813644,-1.1011064,3,0
"1MLC_AB_E|NA92A,TB28D,SB57V,TB58D,EB35S,GB99D",-2.9539242,-1.3556318,3,0
"1MLC_AB_E|NA92A,TB28D,SB57V,TB58D,GB99D",-0.20357698,-1.1508725,3,0
"1MLC_AB_E|NA92A,TB28D,SB57V,TB58D,NA32L",-2.5843081,-1.1403263,3,0
"1MLC_AB_E|NA92A,TB28D,SB57V,TB58D,RB98M,DB100Q",-0.41047263,-1.096724,3,0
"1MLC_AB_E|NA92A,TB28D,SB57V,TB58D,SA91N,SA93A",-1.6104395,-0.8602903,3,0
"1MLC_AB_E|NA92A,TB28D,SB57V,TB58D,SB30G",-2.3584673,-0.94173056,3,0
"1MLC_AB_E|NA92A,TB28D,SB57V,TB58D,YB32W,RB98V,DB100Q",0.36138764,-1.0533468,3,0
"1MLC_AB_E|NA92A,TB28D,SB57V,TB58D,YB59E",-1.4661698,-0.6636054,3,0
1MLC_AB_E|SB57A,-0.37902167,0.077257946,3,0
1MLC_AB_E|SB57V,-0.49418068,-0.16557053,3,0
"1MLC_AB_E|SB57V,TB58D",-0.9877286,-0.63643146,3,0
1MLC_AB_E|TB28D,-0.15094383,-0.41398993,3,0
1MLC_AB_E|TB31A,0.44700673,0.36610922,3,0
1MLC_AB_E|TB31V,0.5262404,0.14272228,3,0
1MLC_AB_E|TB31W,0.13214268,-0.2943186,3,0
1MLC_AB_E|TB58D,-0.55968237,-0.4096027,3,0
1NCA_N_LH|DH101K,0.71416,1.2546985,3,0
1NCA_N_LH|EH100D,0.41047263,0.16706726,3,0
1NCA_N_LH|NH102Q,0.5426153,-0.21083286,3,0
1NCA_N_LH|NH31Q,0.0,0.07361138,3,0
1NMB_N_LH|DH57E,2.9536283,0.26013035,3,0
1NMB_N_LH|DH57N,2.9536283,0.23726994,3,0
1NMB_N_LH|LL94V,0.9000208,-0.4714809,3,0
1NMB_N_LH|TL93F,-0.023903161,-0.52235883,3,0
1NMB_N_LH|TL93W,0.18419003,-1.14571,3,0
1NMB_N_LH|YH103A,2.14062,0.4105973,3,0
1NMB_N_LH|YH105F,1.4194101,0.49896646,3,0
1NMB_N_LH|YL32F,0.46632215,1.2020991,3,0
1VFB_AB_C|DB100A,3.005002,2.1171699,3,0
"1VFB_AB_C|DB100A,SC24A",3.369756,3.2287045,3,0
1VFB_AB_C|DB54A,0.8151114,2.4597347,3,0
"1VFB_AB_C|DB54A,TC118A",1.2546439,3.1563556,3,0
1VFB_AB_C|DB58A,-0.20700333,0.7817086,3,0
1VFB_AB_C|DB58E,0.078081094,0.22179632,3,0
1VFB_AB_C|DB58N,-0.12818155,0.10612455,3,0
1VFB_AB_C|DC119A,0.9530879,1.9262844,3,0
1VFB_AB_C|DC18A,0.34013057,1.3675271,3,0
1VFB_AB_C|EB98A,1.1565572,2.675174,3,0
1VFB_AB_C|GB31A,0.30646533,0.37601006,3,0
1VFB_AB_C|GB31E,-0.5097613,-0.17905138,3,0
1VFB_AB_C|GB31W,0.0039611305,-0.24259162,3,0
1VFB_AB_C|HA30A,0.84488255,0.5196019,3,0
1VFB_AB_C|IC124A,1.2314179,0.11218448,3,0
1VFB_AB_C|KC116A,0.7134504,1.2303197,3,0
1VFB_AB_C|LC129A,0.17154472,-0.090399206,3,0
1VFB_AB_C|NA31W,0.17432266,-0.053889822,3,0
1VFB_AB_C|NB56A,0.17771798,0.41095135,3,0
1VFB_AB_C|NC19A,0.3960868,0.5671578,3,0
1VFB_AB_C|QC121A,2.876998,0.7139414,3,0
1VFB_AB_C|RB99A,-0.099735305,1.5805945,3,0
1VFB_AB_C|RB99W,0.7049742,0.2974521,3,0
1VFB_AB_C|RB99Y,1.235379,-0.075055934,3,0
1VFB_AB_C|RC125A,1.8368999,0.72976655,3,0
1VFB_AB_C|SA93A,0.34312394,0.30806047,3,0
1VFB_AB_C|SB28D,0.0,-0.06495848,3,0
1VFB_AB_C|SB28E,-0.104007296,0.11968807,3,0
1VFB_AB_C|SB28N,0.14394745,0.11108932,3,0
1VFB_AB_C|SB28Q,0.078081094,0.16535404,3,0
1VFB_AB_C|SC24A,0.850965,1.2473482,3,0
1VFB_AB_C|TA52F,0.4708752,-0.6271942,3,0
1VFB_AB_C|TA53R,1.6458516,-0.25745934,3,0
1VFB_AB_C|TB30A,-0.05584954,-0.06188871,3,0
1VFB_AB_C|TC118A,0.7650957,0.8510666,3,0
1VFB_AB_C|VC120A,0.9169499,0.16740125,3,0
1VFB_AB_C|WA92A,3.037848,1.0919632,3,0
"1VFB_AB_C|WA92A,IC124A",3.8503337,1.0431335,3,0
"1VFB_AB_C|WA92A,LC129A",3.3073628,0.7831981,3,0
"1VFB_AB_C|WA92A,QC121A",3.5189366,1.6012003,3,0
"1VFB_AB_C|WA92A,RC125A",3.3932896,1.3260708,3,0
1VFB_AB_C|WB52A,0.6406274,3.2203896,3,0
"1VFB_AB_C|WB52A,DC119A",2.2473724,5.7690086,3,0
1VFB_AB_C|YA32A,1.5281335,2.49172,3,0
"1VFB_AB_C|YA32A,IC124A",2.9057157,2.523082,3,0
"1VFB_AB_C|YA32A,QC121A",1.586041,3.4253833,3,0
1VFB_AB_C|YA49A,0.79754156,1.2470592,3,0
1VFB_AB_C|YA50A,0.456086,1.6374382,3,0
"1VFB_AB_C|YA50A,DC119A",1.2314179,4.157893,3,0
"1VFB_AB_C|YA50A,DC18A",1.265924,3.154101,3,0
1VFB_AB_C|YA50K,1.7156012,1.291525,3,0
1VFB_AB_C|YA50R,0.8443241,0.7424966,3,0
1VFB_AB_C|YB101F,1.2695644,2.5238588,3,0
"1VFB_AB_C|YB101F,DC119A",2.736521,5.363878,3,0
"1VFB_AB_C|YB101F,VC120A",2.5384777,2.9698844,3,0
1VFB_AB_C|YB32A,0.7916793,1.1953676,3,0
"1VFB_AB_C|YB32A,KC116A",1.586041,2.3573182,3,0
1VFB_AB_C|YB32E,1.9021881,0.6648935,3,0
1VFB_AB_C|YC23A,0.41047263,1.6014215,3,0
1XGP_AB_C|AB33F,-4.0,-2.9591875,3,0
1XGP_AB_C|AB33I,-2.260207,-1.5501225,3,0
1XGP_AB_C|AB33L,-2.1988916,-1.7126625,3,0
1XGP_AB_C|AB33V,-1.1525793,-1.2498677,3,0
2JEL_LH_P|AP82S,0.0,0.14891769,3,0
2JEL_LH_P|DP69E,0.9530879,0.66237485,3,0
2JEL_LH_P|EP5D,0.41047263,-0.3019039,3,0
2JEL_LH_P|EP5Q,0.7129768,0.17582458,3,0
2JEL_LH_P|EP68A,0.41047263,0.83637625,3,0
2JEL_LH_P|EP75R,2.727121,1.2099036,3,0
2JEL_LH_P|EP83A,0.0,0.65257245,3,0
2JEL_LH_P|EP85A,0.0,0.30204844,3,0
2JEL_LH_P|EP85D,0.0,-0.15913877,3,0
2JEL_LH_P|EP85K,0.0,0.3827977,3,0
2JEL_LH_P|EP85Q,0.0,0.29862326,3,0
2JEL_LH_P|FP2W,2.6191528,0.51393723,3,0
2JEL_LH_P|FP2Y,0.0,-0.38931048,3,0
2JEL_LH_P|HP76A,-0.41047263,0.4981509,3,0
2JEL_LH_P|HP76D,-0.65058374,0.14595434,3,0
2JEL_LH_P|KP24E,0.0,0.98122585,3,0
2JEL_LH_P|KP27E,0.0,1.2884327,3,0
2JEL_LH_P|KP72E,0.41047263,-0.20241815,3,0
2JEL_LH_P|KP72R,0.0,0.36307216,3,0
2JEL_LH_P|KP79E,0.41047263,0.7664693,3,0
2JEL_LH_P|NP12D,0.0,-0.6250403,3,0
2JEL_LH_P|NP38T,0.0,0.0293548,3,0
2JEL_LH_P|PP11E,0.0,0.056589905,3,0
2JEL_LH_P|QP3K,4.0,-0.18819383,3,0
2JEL_LH_P|QP4K,1.3635606,-0.8476031,3,0
2JEL_LH_P|QP57E,-0.41047263,0.50191605,3,0
2JEL_LH_P|QP71E,2.727121,0.1516661,3,0
2JEL_LH_P|RP17G,0.0,0.52583766,3,0
2JEL_LH_P|RP17K,0.0,-0.18357414,3,0
2JEL_LH_P|SP41C,1.4957032,0.71263546,3,0
2JEL_LH_P|SP43C,0.0,0.5672465,3,0
2JEL_LH_P|SP46C,0.0,0.47314778,3,0
2JEL_LH_P|SP64T,4.0,-0.36924964,3,0
2JEL_LH_P|TP34Q,0.0,0.091921076,3,0
2JEL_LH_P|TP36Q,0.41047263,0.12529185,3,0
2JEL_LH_P|TP62A,0.0,0.87306213,3,0
2JEL_LH_P|TP62N,0.0,0.75377935,3,0
2JEL_LH_P|TP7N,0.41047263,0.5742668,3,0
2JEL_LH_P|TP7S,0.0,0.41383344,3,0
2JEL_LH_P|VP6F,0.0,-0.7188275,3,0
"2NY7_HL_G|CG27I,CG226Q",0.19971907,-1.0916499,3,0
"2NY7_HL_G|CG27I,CG226Q,MG231A",0.20319231,-1.4718431,3,0
"2NY7_HL_G|GG229C,MG231A",-0.37879732,-0.07125031,3,0
"2NY7_HL_G|GG229C,WG13M,MG231A,CG14W,CG110V,CG27I,CG226Q",0.21462485,-2.5876703,3,0
"2NY7_HL_G|KG66C,EG102C,CG27I,CG226Q",0.04085667,-1.0660233,3,0
"2NY7_HL_G|KG66C,EG102C,WG13M,MG231A,CG14W,CG110V,CG27I,CG226Q",0.3998023,-2.1223245,3,0
"2NY7_HL_G|KG66C,EG103C,WG13M,MG231A,CG14W,CG110V,CG27I,CG226Q",0.29989544,-1.9489374,3,0
"2NY7_HL_G|WG13M,MG231A,CG14W,CG110V",1.1574335,-1.0868696,3,0
"2NY7_HL_G|WG13M,MG231A,CG14W,CG110V,CG27I,CG226Q",0.44904727,-2.3704958,3,0
"2NY7_HL_G|WG13M,MG231A,CG14W,CG110V,KG66C,EG102C",0.55101526,-0.63117766,3,0
"2NY7_HL_G|WG13M,SG92T,WG181S,MG231A,CG14W,CG110V,CG27I,CG226Q",-0.3035898,-2.7876074,3,0
3BN9_B_CD|DB214A,0.5662115,1.1479732,3,0
3BN9_B_CD|DB46A,0.42238826,1.1492071,3,0
3BN9_B_CD|DB47A,0.31110755,0.707596,3,0
3BN9_B_CD|EB163A,0.37321588,0.13151596,3,0
3BN9_B_CD|FB50A,-0.044997852,0.73174596,3,0
3BN9_B_CD|FB89A,0.6392419,1.5608364,3,0
3BN9_B_CD|HB138A,0.085063316,0.64254177,3,0
3BN9_B_CD|IB26A,0.0,0.5207571,3,0
3BN9_B_CD|IB45A,0.8352155,0.28553954,3,0
3BN9_B_CD|KB221A,0.7849689,0.6489821,3,0
3BN9_B_CD|LB147A,0.33619216,0.14756595,3,0
3BN9_B_CD|NB90A,0.7733444,0.8469639,3,0
3BN9_B_CD|PD104H,2.4272547,-0.3913881,3,0
3BN9_B_CD|QB140A,0.1331048,0.13753754,3,0
3BN9_B_CD|QB168A,-0.03469869,-0.12505077,3,0
3BN9_B_CD|QB169A,2.5089848,0.7220175,3,0
3BN9_B_CD|QB218A,0.70571065,0.37944248,3,0
3BN9_B_CD|QB23A,-0.41530684,0.23575503,3,0
3BN9_B_CD|QD105V,1.2241027,-0.22888449,3,0
3BN9_B_CD|RB219A,-0.093698174,-0.34199563,3,0
3BN9_B_CD|RB48A,-0.044997852,0.60246676,3,0
3BN9_B_CD|RB51A,-0.07155777,0.21709177,3,0
3BN9_B_CD|RB82A,-0.15923285,0.27583975,3,0
3BN9_B_CD|SD30G,1.1861069,0.39566678,3,0
3BN9_B_CD|SD30N,1.145505,0.22615622,3,0
3BN9_B_CD|TB144A,0.2908351,0.4347227,3,0
3BN9_B_CD|TB93A,1.1320528,0.7390245,3,0
3BN9_B_CD|TD102Q,-0.02153644,-0.22297509,3,0
3BN9_B_CD|TD102R,-0.058294915,-0.50034744,3,0
3BN9_B_CD|TD28R,0.33290586,-0.15615399,3,0
3BN9_B_CD|YB141A,1.0846525,1.7499769,3,0
3BN9_B_CD|YB52A,0.018951595,0.6463357,3,0
3BN9_B_CD|YD103S,0.45868576,0.85825884,3,0
4GXU_ABCDEF_MN|DA189E,2.1650882,1.3442482,3,0
"4GXU_ABCDEF_MN|DA189E,DA224G",3.0102077,2.3192499,3,0
4GXU_ABCDEF_MN|DA224G,1.9608781,0.8574325,3,0
"1CZ8_HL_VW|LL4M,DH28T,HH31N,YH101H,TH105S",2.939849,2.0004165,3,1
1KIR_AB_C|SA50Y,-1.3870943,0.15841779,3,1
1MLC_AB_E|KB65D,0.018548755,-0.19604382,3,1
1MLC_AB_E|NA32G,-0.8773867,0.17302272,3,1
"1MLC_AB_E|NA32G,NA92A",-0.6866531,-0.185052,3,1
"1MLC_AB_E|NA32G,NA92A,SB57V,TB58D",-1.7349738,-0.89143604,3,1
1MLC_AB_E|NA32Y,0.0,-0.37942767,3,1
1MLC_AB_E|NA92A,-1.2533532,-0.10264799,3,1
"1MLC_AB_E|NA92A,SB57V,TB58D",-2.394188,-0.5482275,3,1
"1MLC_AB_E|NA92A,TB28D,SB57V,TB58D",-2.5813644,-0.7184553,3,1
"1MLC_AB_E|NA92A,TB28D,SB57V,TB58D,EB35S,GB99D",-2.9539242,-0.9894106,3,1
"1MLC_AB_E|NA92A,TB28D,SB57V,TB58D,GB99D",-0.20357698,-0.6072667,3,1
"1MLC_AB_E|NA92A,TB28D,SB57V,TB58D,NA32L",-2.5843081,-1.0574417,3,1
"1MLC_AB_E|NA92A,TB28D,SB57V,TB58D,RB98M,DB100Q",-0.41047263,-0.30334222,3,1
"1MLC_AB_E|NA92A,TB28D,SB57V,TB58D,SA91N,SA93A",-1.6104395,-0.23853874,3,1
"1MLC_AB_E|NA92A,TB28D,SB57V,TB58D,SB30G",-2.3584673,-1.1748981,3,1
"1MLC_AB_E|NA92A,TB28D,SB57V,TB58D,YB32W,RB98V,DB100Q",0.36138764,-0.16808668,3,1
"1MLC_AB_E|NA92A,TB28D,SB57V,TB58D,YB59E",-1.4661698,0.18448718,3,1
1MLC_AB_E|SB57A,-0.37902167,-0.46484968,3,1
1MLC_AB_E|SB57V,-0.49418068,-0.655661,3,1
"1MLC_AB_E|SB57V,TB58D",-0.9877286,-0.54399776,3,1
1MLC_AB_E|TB28D,-0.15094383,-0.20604247,3,1
1MLC_AB_E|TB31A,0.44700673,0.31131577,3,1
1MLC_AB_E|TB31V,0.5262404,0.11711289,3,1
1MLC_AB_E|TB31W,0.13214268,-0.20652163,3,1
1MLC_AB_E|TB58D,-0.55968237,-0.26362768,3,1
1NCA_N_LH|DH101K,0.71416,2.2742877,3,1
1NCA_N_LH|EH100D,0.41047263,0.29115126,3,1
1NCA_N_LH|NH102Q,0.5426153,0.41655946,3,1
1NCA_N_LH|NH31Q,0.0,0.46497843,3,1
1NMB_N_LH|DH57E,2.9536283,0.56203157,3,1
1NMB_N_LH|DH57N,2.9536283,0.5421614,3,1
1NMB_N_LH|LL94V,0.9000208,-0.35304826,3,1
1NMB_N_LH|TL93F,-0.023903161,-0.51781964,3,1
1NMB_N_LH|TL93W,0.18419003,-0.66522425,3,1
1NMB_N_LH|YH103A,2.14062,-0.021341309,3,1
1NMB_N_LH|YH105F,1.4194101,0.2915152,3,1
1NMB_N_LH|YL32F,0.46632215,0.40558764,3,1
1VFB_AB_C|DB100A,3.005002,2.4488003,3,1
"1VFB_AB_C|DB100A,SC24A",3.369756,3.9127457,3,1
1VFB_AB_C|DB54A,0.8151114,2.8486562,3,1
"1VFB_AB_C|DB54A,TC118A",1.2546439,4.2548394,3,1
1VFB_AB_C|DB58A,-0.20700333,1.1322148,3,1
1VFB_AB_C|DB58E,0.078081094,0.57966614,3,1
1VFB_AB_C|DB58N,-0.12818155,0.6174087,3,1
1VFB_AB_C|DC119A,0.9530879,1.8229009,3,1
1VFB_AB_C|DC18A,0.34013057,1.1530001,3,1
1VFB_AB_C|EB98A,1.1565572,3.0860264,3,1
1VFB_AB_C|GB31A,0.30646533,1.4602224,3,1
1VFB_AB_C|GB31E,-0.5097613,0.7018912,3,1
1VFB_AB_C|GB31W,0.0039611305,0.47293898,3,1
1VFB_AB_C|HA30A,0.84488255,1.2047824,3,1
1VFB_AB_C|IC124A,1.2314179,1.0848175,3,1
1VFB_AB_C|KC116A,0.7134504,0.576211,3,1
1VFB_AB_C|LC129A,0.17154472,0.93765306,3,1
1VFB_AB_C|NA31W,0.17432266,0.28259742,3,1
1VFB_AB_C|NB56A,0.17771798,0.66938543,3,1
1VFB_AB_C|NC19A,0.3960868,-0.09159852,3,1
1VFB_AB_C|QC121A,2.876998,0.33182383,3,1
1VFB_AB_C|RB99A,-0.099735305,1.4271289,3,1
1VFB_AB_C|RB99W,0.7049742,0.10665189,3,1
1VFB_AB_C|RB99Y,1.235379,0.10529579,3,1
1VFB_AB_C|RC125A,1.8368999,1.0173671,3,1
1VFB_AB_C|SA93A,0.34312394,0.93989307,3,1
1VFB_AB_C|SB28D,0.0,-0.28405246,3,1
1VFB_AB_C|SB28E,-0.104007296,-0.09009349,3,1
1VFB_AB_C|SB28N,0.14394745,-0.01734161,3,1
1VFB_AB_C|SB28Q,0.078081094,0.17645073,3,1
1VFB_AB_C|SC24A,0.850965,1.1780707,3,1
1VFB_AB_C|TA52F,0.4708752,-0.33570486,3,1
1VFB_AB_C|TA53R,1.6458516,0.007849012,3,1
1VFB_AB_C|TB30A,-0.05584954,0.13612977,3,1
1VFB_AB_C|TC118A,0.7650957,1.3195531,3,1
1VFB_AB_C|VC120A,0.9169499,0.391103,3,1
1VFB_AB_C|WA92A,3.037848,0.5896964,3,1
"1VFB_AB_C|WA92A,IC124A",3.8503337,0.8749656,3,1
"1VFB_AB_C|WA92A,LC129A",3.3073628,0.6539981,3,1
"1VFB_AB_C|WA92A,QC121A",3.5189366,0.88944256,3,1
"1VFB_AB_C|WA92A,RC125A",3.3932896,1.1818295,3,1
1VFB_AB_C|WB52A,0.6406274,3.2906122,3,1
"1VFB_AB_C|WB52A,DC119A",2.2473724,5.33282,3,1
1VFB_AB_C|YA32A,1.5281335,1.4783982,3,1
"1VFB_AB_C|YA32A,IC124A",2.9057157,2.0986748,3,1
"1VFB_AB_C|YA32A,QC121A",1.586041,2.0484033,3,1
1VFB_AB_C|YA49A,0.79754156,1.3032993,3,1
1VFB_AB_C|YA50A,0.456086,1.6906441,3,1
"1VFB_AB_C|YA50A,DC119A",1.2314179,3.8757544,3,1
"1VFB_AB_C|YA50A,DC18A",1.265924,2.8860223,3,1
1VFB_AB_C|YA50K,1.7156012,1.9137068,3,1
1VFB_AB_C|YA50R,0.8443241,1.06178,3,1
1VFB_AB_C|YB101F,1.2695644,2.0875857,3,1
"1VFB_AB_C|YB101F,DC119A",2.736521,4.688322,3,1
"1VFB_AB_C|YB101F,VC120A",2.5384777,2.7087932,3,1
1VFB_AB_C|YB32A,0.7916793,1.3264679,3,1
"1VFB_AB_C|YB32A,KC116A",1.586041,1.6046505,3,1
1VFB_AB_C|YB32E,1.9021881,0.9703143,3,1
1VFB_AB_C|YC23A,0.41047263,2.42623,3,1
1XGP_AB_C|AB33F,-4.0,-2.7670534,3,1
1XGP_AB_C|AB33I,-2.260207,-1.5458814,3,1
1XGP_AB_C|AB33L,-2.1988916,-1.4611796,3,1
1XGP_AB_C|AB33V,-1.1525793,-0.7372333,3,1
2JEL_LH_P|AP82S,0.0,-0.0153097175,3,1
2JEL_LH_P|DP69E,0.9530879,0.28108498,3,1
2JEL_LH_P|EP5D,0.41047263,0.4114137,3,1
2JEL_LH_P|EP5Q,0.7129768,0.82484716,3,1
2JEL_LH_P|EP68A,0.41047263,0.9077727,3,1
2JEL_LH_P|EP75R,2.727121,1.4485276,3,1
2JEL_LH_P|EP83A,0.0,1.2275567,3,1
2JEL_LH_P|EP85A,0.0,0.3059184,3,1
2JEL_LH_P|EP85D,0.0,-0.21775928,3,1
2JEL_LH_P|EP85K,0.0,0.401486,3,1
2JEL_LH_P|EP85Q,0.0,0.47775885,3,1
2JEL_LH_P|FP2W,2.6191528,0.4330972,3,1
2JEL_LH_P|FP2Y,0.0,-0.14523774,3,1
2JEL_LH_P|HP76A,-0.41047263,1.2275769,3,1
2JEL_LH_P|HP76D,-0.65058374,0.33121192,3,1
2JEL_LH_P|KP24E,0.0,-0.24517044,3,1
2JEL_LH_P|KP27E,0.0,-0.11930305,3,1
2JEL_LH_P|KP72E,0.41047263,-1.4451987,3,1
2JEL_LH_P|KP72R,0.0,-0.0633803,3,1
2JEL_LH_P|KP79E,0.41047263,-0.4769461,3,1
2JEL_LH_P|NP12D,0.0,-0.96402353,3,1
2JEL_LH_P|NP38T,0.0,-0.45940882,3,1
2JEL_LH_P|PP11E,0.0,-0.4972495,3,1
2JEL_LH_P|QP3K,4.0,-0.032170054,3,1
2JEL_LH_P|QP4K,1.3635606,-0.25109094,3,1
2JEL_LH_P|QP57E,-0.41047263,-1.2238524,3,1
2JEL_LH_P|QP71E,2.727121,-0.97344714,3,1
2JEL_LH_P|RP17G,0.0,0.504304,3,1
2JEL_LH_P|RP17K,0.0,0.5421816,3,1
2JEL_LH_P|SP41C,1.4957032,0.19634974,3,1
2JEL_LH_P|SP43C,0.0,0.045270156,3,1
2JEL_LH_P|SP46C,0.0,0.35741577,3,1
2JEL_LH_P|SP64T,4.0,-0.09976584,3,1
2JEL_LH_P|TP34Q,0.0,0.66758204,3,1
2JEL_LH_P|TP36Q,0.41047263,0.2995966,3,1
2JEL_LH_P|TP62A,0.0,0.8371545,3,1
2JEL_LH_P|TP62N,0.0,0.92714065,3,1
2JEL_LH_P|TP7N,0.41047263,1.2151712,3,1
2JEL_LH_P|TP7S,0.0,0.99391586,3,1
2JEL_LH_P|VP6F,0.0,0.0019887015,3,1
"2NY7_HL_G|CG27I,CG226Q",0.19971907,0.30962342,3,1
"2NY7_HL_G|CG27I,CG226Q,MG231A",0.20319231,0.3467064,3,1
"2NY7_HL_G|GG229C,MG231A",-0.37879732,-0.06962763,3,1
"2NY7_HL_G|GG229C,WG13M,MG231A,CG14W,CG110V,CG27I,CG226Q",0.21462485,0.78030413,3,1
"2NY7_HL_G|KG66C,EG102C,CG27I,CG226Q",0.04085667,0.6623911,3,1
"2NY7_HL_G|KG66C,EG102C,WG13M,MG231A,CG14W,CG110V,CG27I,CG226Q",0.3998023,1.2804763,3,1
"2NY7_HL_G|KG66C,EG103C,WG13M,MG231A,CG14W,CG110V,CG27I,CG226Q",0.29989544,1.2407035,3,1
"2NY7_HL_G|WG13M,MG231A,CG14W,CG110V",1.1574335,1.1785308,3,1
"2NY7_HL_G|WG13M,MG231A,CG14W,CG110V,CG27I,CG226Q",0.44904727,0.77011514,3,1
"2NY7_HL_G|WG13M,MG231A,CG14W,CG110V,KG66C,EG102C",0.55101526,1.3524014,3,1
"2NY7_HL_G|WG13M,SG92T,WG181S,MG231A,CG14W,CG110V,CG27I,CG226Q",-0.3035898,0.24790406,3,1
3BN9_B_CD|DB214A,0.5662115,1.6210625,3,1
3BN9_B_CD|DB46A,0.42238826,0.42064354,3,1
3BN9_B_CD|DB47A,0.31110755,0.6551251,3,1
3BN9_B_CD|EB163A,0.37321588,0.8105742,3,1
3BN9_B_CD|FB50A,-0.044997852,0.5158929,3,1
3BN9_B_CD|FB89A,0.6392419,1.6627134,3,1
3BN9_B_CD|HB138A,0.085063316,1.2629642,3,1
3BN9_B_CD|IB26A,0.0,0.60577345,3,1
3BN9_B_CD|IB45A,0.8352155,0.02692474,3,1
3BN9_B_CD|KB221A,0.7849689,0.2793718,3,1
3BN9_B_CD|LB147A,0.33619216,0.081922755,3,1
3BN9_B_CD|NB90A,0.7733444,0.38523066,3,1
3BN9_B_CD|PD104H,2.4272547,-0.4242659,3,1
3BN9_B_CD|QB140A,0.1331048,-0.08008022,3,1
3BN9_B_CD|QB168A,-0.03469869,-0.32000902,3,1
3BN9_B_CD|QB169A,2.5089848,0.44320223,3,1
3BN9_B_CD|QB218A,0.70571065,0.17157392,3,1
3BN9_B_CD|QB23A,-0.41530684,-0.026134353,3,1
3BN9_B_CD|QD105V,1.2241027,-0.1279799,3,1
3BN9_B_CD|RB219A,-0.093698174,0.064544514,3,1
3BN9_B_CD|RB48A,-0.044997852,-0.07404271,3,1
3BN9_B_CD|RB51A,-0.07155777,0.30487284,3,1
3BN9_B_CD|RB82A,-0.15923285,-0.010643497,3,1
3BN9_B_CD|SD30G,1.1861069,0.050860997,3,1
3BN9_B_CD|SD30N,1.145505,0.30165365,3,1
3BN9_B_CD|TB144A,0.2908351,0.6450509,3,1
3BN9_B_CD|TB93A,1.1320528,0.95237494,3,1
3BN9_B_CD|TD102Q,-0.02153644,-0.40303907,3,1
3BN9_B_CD|TD102R,-0.058294915,-0.5295697,3,1
3BN9_B_CD|TD28R,0.33290586,0.13568947,3,1
3BN9_B_CD|YB141A,1.0846525,1.6773674,3,1
3BN9_B_CD|YB52A,0.018951595,0.8262674,3,1
3BN9_B_CD|YD103S,0.45868576,1.0103182,3,1
4GXU_ABCDEF_MN|DA189E,2.1650882,0.58106846,3,1
"4GXU_ABCDEF_MN|DA189E,DA224G",3.0102077,1.3254272,3,1
4GXU_ABCDEF_MN|DA224G,1.9608781,0.46570578,3,1
"1CZ8_HL_VW|LL4M,DH28T,HH31N,YH101H,TH105S",2.939849,0.8162663,3,2
1KIR_AB_C|SA50Y,-1.3870943,-0.53469706,3,2
1MLC_AB_E|KB65D,0.018548755,-0.45524272,3,2
1MLC_AB_E|NA32G,-0.8773867,-0.036240675,3,2
"1MLC_AB_E|NA32G,NA92A",-0.6866531,-0.07515225,3,2
"1MLC_AB_E|NA32G,NA92A,SB57V,TB58D",-1.7349738,-0.38639793,3,2
1MLC_AB_E|NA32Y,0.0,-0.3281097,3,2
1MLC_AB_E|NA92A,-1.2533532,0.05859209,3,2
"1MLC_AB_E|NA92A,SB57V,TB58D",-2.394188,-0.2839538,3,2
"1MLC_AB_E|NA92A,TB28D,SB57V,TB58D",-2.5813644,-0.49889356,3,2
"1MLC_AB_E|NA92A,TB28D,SB57V,TB58D,EB35S,GB99D",-2.9539242,-0.49009404,3,2
"1MLC_AB_E|NA92A,TB28D,SB57V,TB58D,GB99D",-0.20357698,-0.5068953,3,2
"1MLC_AB_E|NA92A,TB28D,SB57V,TB58D,NA32L",-2.5843081,-0.6590422,3,2
"1MLC_AB_E|NA92A,TB28D,SB57V,TB58D,RB98M,DB100Q",-0.41047263,-0.8463399,3,2
"1MLC_AB_E|NA92A,TB28D,SB57V,TB58D,SA91N,SA93A",-1.6104395,-0.40715548,3,2
"1MLC_AB_E|NA92A,TB28D,SB57V,TB58D,SB30G",-2.3584673,-0.6860874,3,2
"1MLC_AB_E|NA92A,TB28D,SB57V,TB58D,YB32W,RB98V,DB100Q",0.36138764,-0.7278437,3,2
"1MLC_AB_E|NA92A,TB28D,SB57V,TB58D,YB59E",-1.4661698,-0.42998183,3,2
1MLC_AB_E|SB57A,-0.37902167,0.07169401,3,2
1MLC_AB_E|SB57V,-0.49418068,-0.28117478,3,2
"1MLC_AB_E|SB57V,TB58D",-0.9877286,-0.2595786,3,2
1MLC_AB_E|TB28D,-0.15094383,-0.14511302,3,2
1MLC_AB_E|TB31A,0.44700673,0.08745646,3,2
1MLC_AB_E|TB31V,0.5262404,-0.059958838,3,2
1MLC_AB_E|TB31W,0.13214268,-0.24867606,3,2
1MLC_AB_E|TB58D,-0.55968237,-0.02662345,3,2
1NCA_N_LH|DH101K,0.71416,0.14981517,3,2
1NCA_N_LH|EH100D,0.41047263,-0.09360717,3,2
1NCA_N_LH|NH102Q,0.5426153,-0.2655033,3,2
1NCA_N_LH|NH31Q,0.0,-0.13053903,3,2
1NMB_N_LH|DH57E,2.9536283,-0.051553704,3,2
1NMB_N_LH|DH57N,2.9536283,0.11009989,3,2
1NMB_N_LH|LL94V,0.9000208,-0.06682624,3,2
1NMB_N_LH|TL93F,-0.023903161,-0.3865605,3,2
1NMB_N_LH|TL93W,0.18419003,-0.48337176,3,2
1NMB_N_LH|YH103A,2.14062,0.34694833,3,2
1NMB_N_LH|YH105F,1.4194101,0.27320662,3,2
1NMB_N_LH|YL32F,0.46632215,0.016106963,3,2
1VFB_AB_C|DB100A,3.005002,0.062191777,3,2
"1VFB_AB_C|DB100A,SC24A",3.369756,0.3590611,3,2
1VFB_AB_C|DB54A,0.8151114,0.29388043,3,2
"1VFB_AB_C|DB54A,TC118A",1.2546439,0.7559125,3,2
1VFB_AB_C|DB58A,-0.20700333,-0.061234802,3,2
1VFB_AB_C|DB58E,0.078081094,-0.34690747,3,2
1VFB_AB_C|DB58N,-0.12818155,-0.15984493,3,2
1VFB_AB_C|DC119A,0.9530879,0.38420117,3,2
1VFB_AB_C|DC18A,0.34013057,0.4154486,3,2
1VFB_AB_C|EB98A,1.1565572,0.16569814,3,2
1VFB_AB_C|GB31A,0.30646533,0.14885032,3,2
1VFB_AB_C|GB31E,-0.5097613,-0.048526157,3,2
1VFB_AB_C|GB31W,0.0039611305,-0.08771461,3,2
1VFB_AB_C|HA30A,0.84488255,0.2508373,3,2
1VFB_AB_C|IC124A,1.2314179,0.295448,3,2
1VFB_AB_C|KC116A,0.7134504,0.70012575,3,2
1VFB_AB_C|LC129A,0.17154472,0.26965556,3,2
1VFB_AB_C|NA31W,0.17432266,-0.12133518,3,2
1VFB_AB_C|NB56A,0.17771798,0.14683363,3,2
1VFB_AB_C|NC19A,0.3960868,0.2422378,3,2
1VFB_AB_C|QC121A,2.876998,0.41795442,3,2
1VFB_AB_C|RB99A,-0.099735305,0.10971806,3,2
1VFB_AB_C|RB99W,0.7049742,-0.3259863,3,2
1VFB_AB_C|RB99Y,1.235379,-0.33835837,3,2
1VFB_AB_C|RC125A,1.8368999,0.5998166,3,2
1VFB_AB_C|SA93A,0.34312394,0.20436046,3,2
1VFB_AB_C|SB28D,0.0,-0.107053414,3,2
1VFB_AB_C|SB28E,-0.104007296,-0.18918076,3,2
1VFB_AB_C|SB28N,0.14394745,-0.119232774,3,2
1VFB_AB_C|SB28Q,0.078081094,-0.15081918,3,2
1VFB_AB_C|SC24A,0.850965,0.11270235,3,2
1VFB_AB_C|TA52F,0.4708752,-0.19472411,3,2
1VFB_AB_C|TA53R,1.6458516,-0.36989713,3,2
1VFB_AB_C|TB30A,-0.05584954,0.062443785,3,2
1VFB_AB_C|TC118A,0.7650957,0.43217632,3,2
1VFB_AB_C|VC120A,0.9169499,0.20463508,3,2
1VFB_AB_C|WA92A,3.037848,0.16659889,3,2
"1VFB_AB_C|WA92A,IC124A",3.8503337,0.51478386,3,2
"1VFB_AB_C|WA92A,LC129A",3.3073628,0.43309778,3,2
"1VFB_AB_C|WA92A,QC121A",3.5189366,0.5450108,3,2
"1VFB_AB_C|WA92A,RC125A",3.3932896,0.8864514,3,2
1VFB_AB_C|WB52A,0.6406274,0.40885428,3,2
"1VFB_AB_C|WB52A,DC119A",2.2473724,1.0028918,3,2
1VFB_AB_C|YA32A,1.5281335,0.26606244,3,2
"1VFB_AB_C|YA32A,IC124A",2.9057157,0.6837832,3,2
"1VFB_AB_C|YA32A,QC121A",1.586041,0.6717,3,2
1VFB_AB_C|YA49A,0.79754156,0.4480736,3,2
1VFB_AB_C|YA50A,0.456086,0.13295469,3,2
"1VFB_AB_C|YA50A,DC119A",1.2314179,0.5401345,3,2
"1VFB_AB_C|YA50A,DC18A",1.265924,0.5820649,3,2
1VFB_AB_C|YA50K,1.7156012,0.065808676,3,2
1VFB_AB_C|YA50R,0.8443241,0.0072663873,3,2
1VFB_AB_C|YB101F,1.2695644,0.3462771,3,2
"1VFB_AB_C|YB101F,DC119A",2.736521,0.9393348,3,2
"1VFB_AB_C|YB101F,VC120A",2.5384777,0.68349093,3,2
1VFB_AB_C|YB32A,0.7916793,0.10372398,3,2
"1VFB_AB_C|YB32A,KC116A",1.586041,1.0508779,3,2
1VFB_AB_C|YB32E,1.9021881,-0.045642294,3,2
1VFB_AB_C|YC23A,0.41047263,0.3351291,3,2
1XGP_AB_C|AB33F,-4.0,-0.83146405,3,2
1XGP_AB_C|AB33I,-2.260207,-0.62550056,3,2
1XGP_AB_C|AB33L,-2.1988916,-0.65561855,3,2
1XGP_AB_C|AB33V,-1.1525793,-0.6574649,3,2
2JEL_LH_P|AP82S,0.0,-0.7098835,3,2
2JEL_LH_P|DP69E,0.9530879,0.017397776,3,2
2JEL_LH_P|EP5D,0.41047263,-0.22353193,3,2
2JEL_LH_P|EP5Q,0.7129768,-0.377717,3,2
2JEL_LH_P|EP68A,0.41047263,0.3717315,3,2
2JEL_LH_P|EP75R,2.727121,-0.35501906,3,2
2JEL_LH_P|EP83A,0.0,0.08142262,3,2
2JEL_LH_P|EP85A,0.0,0.008739047,3,2
2JEL_LH_P|EP85D,0.0,-0.1958915,3,2
2JEL_LH_P|EP85K,0.0,-0.43358445,3,2
2JEL_LH_P|EP85Q,0.0,-0.3497765,3,2
2JEL_LH_P|FP2W,2.6191528,-0.08204707,3,2
2JEL_LH_P|FP2Y,0.0,-0.21870446,3,2
2JEL_LH_P|HP76A,-0.41047263,0.11922214,3,2
2JEL_LH_P|HP76D,-0.65058374,-0.42472598,3,2
2JEL_LH_P|KP24E,0.0,-0.21246344,3,2
2JEL_LH_P|KP27E,0.0,0.022096626,3,2
2JEL_LH_P|KP72E,0.41047263,-0.156008,3,2
2JEL_LH_P|KP72R,0.0,0.0137823,3,2
2JEL_LH_P|KP79E,0.41047263,-0.26415405,3,2
2JEL_LH_P|NP12D,0.0,-0.073487215,3,2
2JEL_LH_P|NP38T,0.0,-0.12836492,3,2
2JEL_LH_P|PP11E,0.0,0.36224315,3,2
2JEL_LH_P|QP3K,4.0,-0.22094724,3,2
2JEL_LH_P|QP4K,1.3635606,-0.1386396,3,2
2JEL_LH_P|QP57E,-0.41047263,0.16315055,3,2
2JEL_LH_P|QP71E,2.727121,-0.06548309,3,2
2JEL_LH_P|RP17G,0.0,0.018099919,3,2
2JEL_LH_P|RP17K,0.0,-0.18383601,3,2
2JEL_LH_P|SP41C,1.4957032,-0.014567226,3,2
2JEL_LH_P|SP43C,0.0,-0.018816616,3,2
2JEL_LH_P|SP46C,0.0,-0.17639813,3,2
2JEL_LH_P|SP64T,4.0,-0.2781443,3,2
2JEL_LH_P|TP34Q,0.0,-0.30595377,3,2
2JEL_LH_P|TP36Q,0.41047263,-0.5960853,3,2
2JEL_LH_P|TP62A,0.0,0.21743971,3,2
2JEL_LH_P|TP62N,0.0,0.02897074,3,2
2JEL_LH_P|TP7N,0.41047263,0.052651472,3,2
2JEL_LH_P|TP7S,0.0,-0.07998427,3,2
2JEL_LH_P|VP6F,0.0,-0.30572966,3,2
"2NY7_HL_G|CG27I,CG226Q",0.19971907,-1.0192233,3,2
"2NY7_HL_G|CG27I,CG226Q,MG231A",0.20319231,-0.6905982,3,2
"2NY7_HL_G|GG229C,MG231A",-0.37879732,0.29969612,3,2
"2NY7_HL_G|GG229C,WG13M,MG231A,CG14W,CG110V,CG27I,CG226Q",0.21462485,-1.1883234,3,2
"2NY7_HL_G|KG66C,EG102C,CG27I,CG226Q",0.04085667,-0.36916444,3,2
"2NY7_HL_G|KG66C,EG102C,WG13M,MG231A,CG14W,CG110V,CG27I,CG226Q",0.3998023,-0.4122096,3,2
"2NY7_HL_G|KG66C,EG103C,WG13M,MG231A,CG14W,CG110V,CG27I,CG226Q",0.29989544,-0.49989414,3,2
"2NY7_HL_G|WG13M,MG231A,CG14W,CG110V",1.1574335,-0.0070684627,3,2
"2NY7_HL_G|WG13M,MG231A,CG14W,CG110V,CG27I,CG226Q",0.44904727,-1.1020858,3,2
"2NY7_HL_G|WG13M,MG231A,CG14W,CG110V,KG66C,EG102C",0.55101526,0.8431807,3,2
"2NY7_HL_G|WG13M,SG92T,WG181S,MG231A,CG14W,CG110V,CG27I,CG226Q",-0.3035898,-1.0853643,3,2
3BN9_B_CD|DB214A,0.5662115,0.50131434,3,2
3BN9_B_CD|DB46A,0.42238826,0.4268628,3,2
3BN9_B_CD|DB47A,0.31110755,0.097838946,3,2
3BN9_B_CD|EB163A,0.37321588,0.15915987,3,2
3BN9_B_CD|FB50A,-0.044997852,0.61885965,3,2
3BN9_B_CD|FB89A,0.6392419,0.7009556,3,2
3BN9_B_CD|HB138A,0.085063316,0.34744483,3,2
3BN9_B_CD|IB26A,0.0,0.5843667,3,2
3BN9_B_CD|IB45A,0.8352155,0.47917888,3,2
3BN9_B_CD|KB221A,0.7849689,0.3429596,3,2
3BN9_B_CD|LB147A,0.33619216,0.12953484,3,2
3BN9_B_CD|NB90A,0.7733444,0.102870815,3,2
3BN9_B_CD|PD104H,2.4272547,-0.016415507,3,2
3BN9_B_CD|QB140A,0.1331048,0.21260026,3,2
3BN9_B_CD|QB168A,-0.03469869,0.2711146,3,2
3BN9_B_CD|QB169A,2.5089848,0.6082679,3,2
3BN9_B_CD|QB218A,0.70571065,0.35709563,3,2
3BN9_B_CD|QB23A,-0.41530684,0.57677406,3,2
3BN9_B_CD|QD105V,1.2241027,0.32214406,3,2
3BN9_B_CD|RB219A,-0.093698174,0.3051809,3,2
3BN9_B_CD|RB48A,-0.044997852,0.38847288,3,2
3BN9_B_CD|RB51A,-0.07155777,0.34669763,3,2
3BN9_B_CD|RB82A,-0.15923285,0.2827157,3,2
3BN9_B_CD|SD30G,1.1861069,0.014085136,3,2
3BN9_B_CD|SD30N,1.145505,0.16897693,3,2
3BN9_B_CD|TB144A,0.2908351,0.23985744,3,2
3BN9_B_CD|TB93A,1.1320528,0.10383632,3,2
3BN9_B_CD|TD102Q,-0.02153644,-0.2526199,3,2
3BN9_B_CD|TD102R,-0.058294915,-0.26751035,3,2
3BN9_B_CD|TD28R,0.33290586,-0.1859768,3,2
3BN9_B_CD|YB141A,1.0846525,0.3872223,3,2
3BN9_B_CD|YB52A,0.018951595,0.69956714,3,2
3BN9_B_CD|YD103S,0.45868576,0.49280855,3,2
4GXU_ABCDEF_MN|DA189E,2.1650882,-0.06159121,3,2
"4GXU_ABCDEF_MN|DA189E,DA224G",3.0102077,0.14851761,3,2
4GXU_ABCDEF_MN|DA224G,1.9608781,-0.058621068,3,2
"1JRH_LH_I|AI49S,II51T,HI55D",0.070675574,-0.62508565,4,0
"1JRH_LH_I|AI85D,KI88R,EI90K",-0.047747865,-0.44461212,4,0
"1JRH_LH_I|AI93L,VI94M",0.63366294,-0.48804957,4,0
1JRH_LH_I|DH56A,1.8860998,2.6887171,4,0
1JRH_LH_I|DH57A,1.6660647,0.40685275,4,0
1JRH_LH_I|DH58A,1.8546488,0.6939685,4,0
1JRH_LH_I|DL28A,0.43464687,1.8051434,4,0
1JRH_LH_I|EI35Q,0.09956847,-0.72550595,4,0
1JRH_LH_I|EI45A,-0.5657849,0.6527797,4,0
1JRH_LH_I|EI45P,-3.7881775,0.46655622,4,0
"1JRH_LH_I|EI45P,II47L",-3.4567804,0.67078865,4,0
"1JRH_LH_I|EI45P,II47R",-3.4400978,0.41856638,4,0
1JRH_LH_I|EL27A,0.5426153,1.4517776,4,0
1JRH_LH_I|FH103A,0.0,0.32685155,4,0
1JRH_LH_I|GI40A,4.0,1.0711907,4,0
1JRH_LH_I|HH107A,1.6977708,-0.06657408,4,0
"1JRH_LH_I|II25N,PI27S,VI29T,VI31I",0.14370596,-1.9187208,4,0
1JRH_LH_I|KI37A,3.713863,1.5095115,4,0
1JRH_LH_I|KI37M,3.2923293,0.7031855,4,0
1JRH_LH_I|KI42A,3.3858175,1.4738386,4,0
1JRH_LH_I|KI42M,4.0,0.08365431,4,0
1JRH_LH_I|KI88A,0.31209365,0.5938101,4,0
"1JRH_LH_I|MI15L,II18V",-0.21360606,1.1782911,4,0
1JRH_LH_I|NI38A,0.1704579,0.11936744,4,0
1JRH_LH_I|NI38Q,0.5344714,-0.15774909,4,0
1JRH_LH_I|NI43A,4.0,0.69376755,4,0
1JRH_LH_I|NI69A,-0.19953421,0.55973864,4,0
1JRH_LH_I|RH100A,0.5426153,2.1448524,4,0
1JRH_LH_I|RI74A,0.3926171,0.8384645,4,0
1JRH_LH_I|SI44A,0.37771076,0.54536605,4,0
"1JRH_LH_I|SI44G,EI45G,II47R",-3.3777049,0.15203819,4,0
"1JRH_LH_I|SI44G,EI45P,II47K",-3.884419,-0.15211815,4,0
"1JRH_LH_I|SI61Y,DI62E,HI63Q,VI64I,GI65M,DI66Y,SI68D,NI69V,LI71A",2.9588323,0.66932863,4,0
1JRH_LH_I|SL93A,-0.65058374,0.22376683,4,0
1JRH_LH_I|TI4V,-0.025565991,1.6618932,4,0
"1JRH_LH_I|TI9L,EI11K",-0.025565991,-0.24943906,4,0
1JRH_LH_I|TL94A,0.38526937,-0.077095225,4,0
1JRH_LH_I|VI41A,1.6791569,0.24944228,4,0
"1JRH_LH_I|VI73A,RI78K",-0.21360606,-0.6129265,4,0
1JRH_LH_I|WH54A,2.6862645,3.3613627,4,0
1JRH_LH_I|WH55A,2.4213178,1.6163802,4,0
1JRH_LH_I|WI46F,-0.25261214,0.7539987,4,0
1JRH_LH_I|WI46Y,0.29852974,0.966301,4,0
1JRH_LH_I|WI72A,4.0,1.6580863,4,0
1JRH_LH_I|WI72F,1.102707,0.6666472,4,0
1JRH_LH_I|WI72Y,1.1878273,0.7359989,4,0
1JRH_LH_I|WL92A,2.818407,-0.13431457,4,0
1JRH_LH_I|WL95A,1.6660647,0.64554185,4,0
1JRH_LH_I|YH104A,1.0610564,1.1564733,4,0
1JRH_LH_I|YH32A,1.4333102,1.0257859,4,0
1JRH_LH_I|YH60A,1.2555921,1.0053763,4,0
1JRH_LH_I|YI39A,3.5271235,0.033323035,4,0
1JRH_LH_I|YI39F,0.9087807,-0.27180874,4,0
1JRH_LH_I|YL30A,1.1084566,1.4884923,4,0
1JRH_LH_I|YL91A,0.58083415,2.5126624,4,0
1KIQ_AB_C|FB101Y,-2.4949589,-1.9322261,4,0
1XGR_AB_C|IB33A,2.260207,1.8083926,4,0
1XGR_AB_C|IB33F,-1.8004549,-1.4220674,4,0
1XGR_AB_C|IB33L,0.061315425,-0.015032328,4,0
1XGR_AB_C|IB33V,1.1076277,0.7944903,4,0
2BDN_HL_A|DH31E,1.0852306,0.5830024,4,0
2BDN_HL_A|LH27K,0.8740124,-0.5349286,4,0
2BDN_HL_A|LH27R,0.65058374,-0.6682717,4,0
2BDN_HL_A|NH28D,0.13214268,-0.5839945,4,0
2BDN_HL_A|NH28Q,1.3994616,0.20754883,4,0
2BDN_HL_A|NL31K,3.4897714,0.8738687,4,0
2BDN_HL_A|NL31R,-0.9171868,0.6614502,4,0
2BDN_HL_A|SL53D,-0.1605731,-0.4815004,4,0
2BDN_HL_A|SL53E,-0.85132045,-0.42468527,4,0
2BDN_HL_A|TL56D,-0.4254655,0.03340604,4,0
2BDN_HL_A|TL56E,-0.6888026,0.15777177,4,0
2BDN_HL_A|YL30K,0.67475796,0.8731008,4,0
2NYY_DC_A|DA1030A,0.009336901,0.55843174,4,0
2NYY_DC_A|DA1034A,2.5297937,1.040605,4,0
2NYY_DC_A|DC30Y,0.64113563,-0.12262733,4,0
2NYY_DC_A|EA892A,2.839132,1.3704067,4,0
2NYY_DC_A|ED5Q,-0.2479871,0.46004018,4,0
2NYY_DC_A|FA889A,0.4193659,0.39302754,4,0
2NYY_DC_A|FA925A,4.0,1.2297674,4,0
2NYY_DC_A|HA1036A,4.0,1.2588694,4,0
2NYY_DC_A|HC34R,0.10088469,-0.37015212,4,0
2NYY_DC_A|IA928A,-0.009487502,1.0388535,4,0
2NYY_DC_A|KA1028A,-0.028934313,2.1752448,4,0
2NYY_DC_A|KA875A,0.29098648,0.53565246,4,0
2NYY_DC_A|KA895A,-0.14014584,0.28489372,4,0
2NYY_DC_A|KD29R,0.071385965,-0.14516121,4,0
"2NYY_DC_A|KD29S,YD30D,DD31H,SD60P",0.04961051,0.41379502,4,0
2NYY_DC_A|LA891A,2.5892105,0.59667224,4,0
2NYY_DC_A|MD33Q,-0.059869844,0.16661233,4,0
2NYY_DC_A|NA890A,0.89044046,-0.15658945,4,0
2NYY_DC_A|NA926A,0.09934822,-0.08172064,4,0
2NYY_DC_A|QA887A,0.5208145,0.1764152,4,0
2NYY_DC_A|RA1033A,0.82012254,1.0352563,4,0
2NYY_DC_A|RA1266A,0.2995321,1.4236938,4,0
2NYY_DC_A|SA874A,-0.23032175,0.680785,4,0
2NYY_DC_A|SA927A,0.0,1.1114407,4,0
2NYY_DC_A|SC28Q,0.4133828,-0.032024525,4,0
2NYY_DC_A|SC31N,-0.35338265,0.0019904561,4,0
2NYY_DC_A|TA1035A,1.630871,0.52048165,4,0
2NYY_DC_A|VD36I,-0.21317148,0.23830885,4,0
"2NYY_DC_A|VD36I,ED5Q",-0.0490461,0.59258217,4,0
2NYY_DC_A|YD30D,0.06462482,0.7103519,4,0
2NYY_DC_A|YD30Q,0.12897444,0.9586811,4,0
2NYY_DC_A|YD56Q,0.5196862,0.06566825,4,0
2NZ9_DC_A|DA1030A,-0.031082604,0.67876047,4,0
2NZ9_DC_A|DA1034A,2.3396032,0.9580202,4,0
2NZ9_DC_A|EA892A,2.77036,1.5475072,4,0
2NZ9_DC_A|FA889A,-0.04961051,0.48531768,4,0
2NZ9_DC_A|FA925A,3.340439,1.0126864,4,0
2NZ9_DC_A|HA1036A,4.0,0.99769527,4,0
2NZ9_DC_A|IA928A,0.069281444,0.9741904,4,0
2NZ9_DC_A|KA1028A,-0.008714417,1.9475163,4,0
2NZ9_DC_A|KA875A,0.5407011,0.92550725,4,0
2NZ9_DC_A|KA895A,-0.29975358,0.6815937,4,0
2NZ9_DC_A|LA891A,2.279965,0.45287913,4,0
2NZ9_DC_A|NA890A,2.1600318,-0.32189593,4,0
2NZ9_DC_A|NA926A,-0.15216734,-0.18143684,4,0
2NZ9_DC_A|QA887A,0.09926054,0.15393394,4,0
2NZ9_DC_A|RA1033A,0.29088098,0.90274465,4,0
2NZ9_DC_A|RA1266A,0.39015788,0.9933143,4,0
2NZ9_DC_A|SA874A,-0.11948046,0.6694738,4,0
2NZ9_DC_A|SA927A,-0.078544825,1.0145425,4,0
"2NZ9_DC_A|SD29K,DD30Y,HD31D",-0.04961051,-0.6212542,4,0
2NZ9_DC_A|TA1035A,2.3703818,0.556335,4,0
2VIS_AB_C|IC89T,-4.0,-3.896395,4,0
"3BE1_HL_A|DL28N,PL30A,RL31K,SL32T,TL97S,TL98S",-0.6860794,-1.087352,4,0
"3BE1_HL_A|DL28N,PL30A,RL31K,SL32T,TL97S,TL98S,KH30S,DH31G,TH54S,NH55E,GH100V,DH102V",-2.7728782,-2.4535758,4,0
"3BE1_HL_A|DL28N,PL30A,RL31K,SL32T,TL97S,TL98S,KH30S,DH31G,TH54S,NH55E,GH100V,DH102V,YL36A",-3.190238,-1.8487523,4,0
"3BE1_HL_A|DL28N,PL30A,RL31K,SL32T,TL97S,TL98S,KH30S,DH31G,TH54S,NH55E,GH100V,DH102V,YL36A,IL33A",-2.7728782,-1.9280002,4,0
"3BE1_HL_A|DL28N,PL30A,RL31K,SL32T,YL57F,TL97S,TL98S",-0.8683455,-0.94983333,4,0
"3BE1_HL_A|DL28N,PL30A,RL31K,SL32T,YL57F,TL97S,TL98S,KH30S,DH31G,TH54S,NH55E,GH100V,DH102V",-2.8824897,-2.3938832,4,0
3LZF_AB_HL|DA187E,0.49836498,0.26951218,4,0
"3LZF_AB_HL|DA187E,DA222G",0.12738612,0.34041926,4,0
3LZF_AB_HL|DA222G,0.5378587,0.10255131,4,0
3NGB_HL_G|AH57G,-0.056030333,-1.2800647,4,0
"3NGB_HL_G|AH57G,VH58T,PH63K,VH74T",1.6734211,-0.6167182,4,0
"3NGB_HL_G|CH32S,CH102A",0.25899792,0.05752594,4,0
3NGB_HL_G|DH103A,0.05987142,-0.5536785,4,0
3NGB_HL_G|EL88A,1.3199503,0.7111023,4,0
3NGB_HL_G|FL89A,0.85886127,0.18195862,4,0
3NGB_HL_G|GH55A,-1.2766591,0.07057763,4,0
3NGB_HL_G|GH55S,0.74304354,1.0631647,4,0
3NGB_HL_G|GH56A,1.2656107,0.88588876,4,0
3NGB_HL_G|IH30A,-0.0027431613,0.58849204,4,0
3NGB_HL_G|IH30T,0.0733938,-0.11764522,4,0
"3NGB_HL_G|IH30T,KH52N,RH54N,GH55S,AH57G,VH58T,RH62Q,PH63K,VH74T,YH75S,YL26S",0.86214453,-0.079796605,4,0
3NGB_HL_G|KH52A,0.62288266,2.143297,4,0
3NGB_HL_G|KH52N,0.17497002,0.3832194,4,0
3NGB_HL_G|MH70A,0.5305512,0.1361813,4,0
3NGB_HL_G|NH105A,1.1185741,-0.46198574,4,0
3NGB_HL_G|NH59A,1.7671243,1.2511157,4,0
3NGB_HL_G|PH63A,-0.04252045,0.6847043,4,0
3NGB_HL_G|PH63K,0.23252328,-0.1519838,4,0
3NGB_HL_G|QH65A,-0.34038836,0.7143787,4,0
3NGB_HL_G|QL25A,-0.23060839,0.8684282,4,0
3NGB_HL_G|RH54A,-0.25938424,0.6866761,4,0
3NGB_HL_G|RH54N,0.04645046,0.084212504,4,0
3NGB_HL_G|RH62A,0.9958448,1.4116327,4,0
3NGB_HL_G|RH62Q,0.09654992,0.010111015,4,0
3NGB_HL_G|RH72A,1.6432176,2.897056,4,0
3NGB_HL_G|SL28A,-0.14471176,0.2633833,4,0
3NGB_HL_G|TH33A,0.7071634,1.3015478,4,0
3NGB_HL_G|TH33Y,0.084193856,-1.3676798,4,0
"3NGB_HL_G|TH33Y,GH56S,AH57G,VH58T,PH63K,VH74T,YH75S",1.9381938,-0.3702136,4,0
3NGB_HL_G|VH58A,1.3584284,1.3029381,4,0
3NGB_HL_G|VH58T,0.13787223,-0.4345581,4,0
3NGB_HL_G|VH74A,1.087914,-0.09867234,4,0
3NGB_HL_G|VH74T,0.16493925,-0.1245183,4,0
3NGB_HL_G|VL1A,-0.7733632,-0.47024515,4,0
3NGB_HL_G|WH106A,4.0,0.5167928,4,0
3NGB_HL_G|WH47A,1.2021707,0.4250542,4,0
3NGB_HL_G|WH50A,1.2917941,1.376756,4,0
3NGB_HL_G|YH104A,1.4235861,0.86865,4,0
3NGB_HL_G|YH60A,0.5484263,1.0443004,4,0
3NGB_HL_G|YH75A,-0.19932224,0.11880147,4,0
3NGB_HL_G|YH75S,0.3325709,0.47427464,4,0
3NGB_HL_G|YL26A,0.98528093,0.514102,4,0
3NGB_HL_G|YL26S,0.6512687,0.54213005,4,0
3NGB_HL_G|YL87A,2.0227883,1.1174728,4,0
4JPK_HL_A|DA141R,3.857323,0.24883479,4,0
"4JPK_HL_A|DA159N,DA33N",0.6189681,1.6794325,4,0
4JPK_HL_A|FA144I,1.3875175,2.0894058,4,0
4JPK_HL_A|FA63L,1.1672868,0.48256448,4,0
4JPK_HL_A|RA130K,0.23006605,-0.14266548,4,0
4JPK_HL_A|RA81T,0.75870305,-0.24547419,4,0
4JPK_HL_A|SA41G,2.151695,1.3752935,4,0
4JPK_HL_A|TA35S,-0.032093357,-0.7036165,4,0
4JPK_HL_A|VA30N,0.59459484,0.1495421,4,0
"1JRH_LH_I|AI49S,II51T,HI55D",0.070675574,-0.018385332,4,1
"1JRH_LH_I|AI85D,KI88R,EI90K",-0.047747865,-0.3213189,4,1
"1JRH_LH_I|AI93L,VI94M",0.63366294,-0.34131333,4,1
1JRH_LH_I|DH56A,1.8860998,1.7284608,4,1
1JRH_LH_I|DH57A,1.6660647,1.3849876,4,1
1JRH_LH_I|DH58A,1.8546488,0.9025313,4,1
1JRH_LH_I|DL28A,0.43464687,1.0286365,4,1
1JRH_LH_I|EI35Q,0.09956847,0.012057751,4,1
1JRH_LH_I|EI45A,-0.5657849,0.29801714,4,1
1JRH_LH_I|EI45P,-3.7881775,-0.09026842,4,1
"1JRH_LH_I|EI45P,II47L",-3.4567804,0.24627933,4,1
"1JRH_LH_I|EI45P,II47R",-3.4400978,0.08187541,4,1
1JRH_LH_I|EL27A,0.5426153,0.912297,4,1
1JRH_LH_I|FH103A,0.0,0.44472274,4,1
1JRH_LH_I|GI40A,4.0,0.6777695,4,1
1JRH_LH_I|HH107A,1.6977708,0.51195544,4,1
"1JRH_LH_I|II25N,PI27S,VI29T,VI31I",0.14370596,-0.1862276,4,1
1JRH_LH_I|KI37A,3.713863,0.51469535,4,1
1JRH_LH_I|KI37M,3.2923293,0.015586976,4,1
1JRH_LH_I|KI42A,3.3858175,0.83940905,4,1
1JRH_LH_I|KI42M,4.0,0.1283593,4,1
1JRH_LH_I|KI88A,0.31209365,0.6652501,4,1
"1JRH_LH_I|MI15L,II18V",-0.21360606,0.63252795,4,1
1JRH_LH_I|NI38A,0.1704579,0.52156866,4,1
1JRH_LH_I|NI38Q,0.5344714,-0.05761983,4,1
1JRH_LH_I|NI43A,4.0,0.9732165,4,1
1JRH_LH_I|NI69A,-0.19953421,0.36909673,4,1
1JRH_LH_I|RH100A,0.5426153,1.2493571,4,1
1JRH_LH_I|RI74A,0.3926171,0.844121,4,1
1JRH_LH_I|SI44A,0.37771076,0.6016127,4,1
"1JRH_LH_I|SI44G,EI45G,II47R",-3.3777049,0.07624364,4,1
"1JRH_LH_I|SI44G,EI45P,II47K",-3.884419,0.08738612,4,1
"1JRH_LH_I|SI61Y,DI62E,HI63Q,VI64I,GI65M,DI66Y,SI68D,NI69V,LI71A",2.9588323,-0.15103015,4,1
1JRH_LH_I|SL93A,-0.65058374,0.7267995,4,1
1JRH_LH_I|TI4V,-0.025565991,-0.08534819,4,1
"1JRH_LH_I|TI9L,EI11K",-0.025565991,-0.0024542324,4,1
1JRH_LH_I|TL94A,0.38526937,0.3627321,4,1
1JRH_LH_I|VI41A,1.6791569,0.74275666,4,1
"1JRH_LH_I|VI73A,RI78K",-0.21360606,0.19328776,4,1
1JRH_LH_I|WH54A,2.6862645,2.0878918,4,1
1JRH_LH_I|WH55A,2.4213178,1.6658207,4,1
1JRH_LH_I|WI46F,-0.25261214,0.27350298,4,1
1JRH_LH_I|WI46Y,0.29852974,0.017958384,4,1
1JRH_LH_I|WI72A,4.0,1.0883913,4,1
1JRH_LH_I|WI72F,1.102707,0.26920354,4,1
1JRH_LH_I|WI72Y,1.1878273,-0.0011636987,4,1
1JRH_LH_I|WL92A,2.818407,1.3662918,4,1
1JRH_LH_I|WL95A,1.6660647,0.5601788,4,1
1JRH_LH_I|YH104A,1.0610564,0.9898593,4,1
1JRH_LH_I|YH32A,1.4333102,0.83737737,4,1
1JRH_LH_I|YH60A,1.2555921,1.5143359,4,1
1JRH_LH_I|YI39A,3.5271235,1.5406495,4,1
1JRH_LH_I|YI39F,0.9087807,0.41825676,4,1
1JRH_LH_I|YL30A,1.1084566,1.397139,4,1
1JRH_LH_I|YL91A,0.58083415,2.4506793,4,1
1KIQ_AB_C|FB101Y,-2.4949589,-0.61412233,4,1
1XGR_AB_C|IB33A,2.260207,1.7702286,4,1
1XGR_AB_C|IB33F,-1.8004549,-0.13292597,4,1
1XGR_AB_C|IB33L,0.061315425,0.247868,4,1
1XGR_AB_C|IB33V,1.1076277,0.4684231,4,1
2BDN_HL_A|DH31E,1.0852306,0.3574683,4,1
2BDN_HL_A|LH27K,0.8740124,0.23488873,4,1
2BDN_HL_A|LH27R,0.65058374,0.19183524,4,1
2BDN_HL_A|NH28D,0.13214268,-0.18234812,4,1
2BDN_HL_A|NH28Q,1.3994616,0.16310774,4,1
2BDN_HL_A|NL31K,3.4897714,-0.17123553,4,1
2BDN_HL_A|NL31R,-0.9171868,-0.25668997,4,1
2BDN_HL_A|SL53D,-0.1605731,-0.10289327,4,1
2BDN_HL_A|SL53E,-0.85132045,0.107100114,4,1
2BDN_HL_A|TL56D,-0.4254655,-0.2597417,4,1
2BDN_HL_A|TL56E,-0.6888026,-0.1941447,4,1
2BDN_HL_A|YL30K,0.67475796,0.7964021,4,1
2NYY_DC_A|DA1030A,0.009336901,0.9231259,4,1
2NYY_DC_A|DA1034A,2.5297937,1.1246548,4,1
2NYY_DC_A|DC30Y,0.64113563,0.031704973,4,1
2NYY_DC_A|EA892A,2.839132,0.8852528,4,1
2NYY_DC_A|ED5Q,-0.2479871,-0.13653511,4,1
2NYY_DC_A|FA889A,0.4193659,0.8137448,4,1
2NYY_DC_A|FA925A,4.0,0.9861267,4,1
2NYY_DC_A|HA1036A,4.0,0.90371263,4,1
2NYY_DC_A|HC34R,0.10088469,-0.15075208,4,1
2NYY_DC_A|IA928A,-0.009487502,1.0893073,4,1
2NYY_DC_A|KA1028A,-0.028934313,0.23431292,4,1
2NYY_DC_A|KA875A,0.29098648,0.5944523,4,1
2NYY_DC_A|KA895A,-0.14014584,0.3531765,4,1
2NYY_DC_A|KD29R,0.071385965,-0.06521523,4,1
"2NYY_DC_A|KD29S,YD30D,DD31H,SD60P",0.04961051,0.24389324,4,1
2NYY_DC_A|LA891A,2.5892105,0.54187757,4,1
2NYY_DC_A|MD33Q,-0.059869844,-0.32402587,4,1
2NYY_DC_A|NA890A,0.89044046,0.38081816,4,1
2NYY_DC_A|NA926A,0.09934822,0.8484422,4,1
2NYY_DC_A|QA887A,0.5208145,0.63562405,4,1
2NYY_DC_A|RA1033A,0.82012254,0.58131903,4,1
2NYY_DC_A|RA1266A,0.2995321,1.1299037,4,1
2NYY_DC_A|SA874A,-0.23032175,0.6857278,4,1
2NYY_DC_A|SA927A,0.0,0.9605287,4,1
2NYY_DC_A|SC28Q,0.4133828,-0.07171518,4,1
2NYY_DC_A|SC31N,-0.35338265,0.5057084,4,1
2NYY_DC_A|TA1035A,1.630871,0.36665025,4,1
2NYY_DC_A|VD36I,-0.21317148,0.1340582,4,1
"2NYY_DC_A|VD36I,ED5Q",-0.0490461,0.0580958,4,1
2NYY_DC_A|YD30D,0.06462482,0.42015326,4,1
2NYY_DC_A|YD30Q,0.12897444,0.67762107,4,1
2NYY_DC_A|YD56Q,0.5196862,0.6844761,4,1
2NZ9_DC_A|DA1030A,-0.031082604,0.95239586,4,1
2NZ9_DC_A|DA1034A,2.3396032,1.1360137,4,1
2NZ9_DC_A|EA892A,2.77036,0.908664,4,1
2NZ9_DC_A|FA889A,-0.04961051,0.86480594,4,1
2NZ9_DC_A|FA925A,3.340439,1.0469556,4,1
2NZ9_DC_A|HA1036A,4.0,0.7870649,4,1
2NZ9_DC_A|IA928A,0.069281444,1.0504383,4,1
2NZ9_DC_A|KA1028A,-0.008714417,0.27971244,4,1
2NZ9_DC_A|KA875A,0.5407011,0.6912632,4,1
2NZ9_DC_A|KA895A,-0.29975358,0.4215207,4,1
2NZ9_DC_A|LA891A,2.279965,0.6159333,4,1
2NZ9_DC_A|NA890A,2.1600318,0.31834364,4,1
2NZ9_DC_A|NA926A,-0.15216734,0.8310954,4,1
2NZ9_DC_A|QA887A,0.09926054,0.5524032,4,1
2NZ9_DC_A|RA1033A,0.29088098,0.6101963,4,1
2NZ9_DC_A|RA1266A,0.39015788,1.059788,4,1
2NZ9_DC_A|SA874A,-0.11948046,0.69346714,4,1
2NZ9_DC_A|SA927A,-0.078544825,0.94531447,4,1
"2NZ9_DC_A|SD29K,DD30Y,HD31D",-0.04961051,-0.47634313,4,1
2NZ9_DC_A|TA1035A,2.3703818,0.44388977,4,1
2VIS_AB_C|IC89T,-4.0,0.24291143,4,1
"3BE1_HL_A|DL28N,PL30A,RL31K,SL32T,TL97S,TL98S",-0.6860794,-0.065574706,4,1
"3BE1_HL_A|DL28N,PL30A,RL31K,SL32T,TL97S,TL98S,KH30S,DH31G,TH54S,NH55E,GH100V,DH102V",-2.7728782,-1.8943595,4,1
"3BE1_HL_A|DL28N,PL30A,RL31K,SL32T,TL97S,TL98S,KH30S,DH31G,TH54S,NH55E,GH100V,DH102V,YL36A",-3.190238,-0.56513685,4,1
"3BE1_HL_A|DL28N,PL30A,RL31K,SL32T,TL97S,TL98S,KH30S,DH31G,TH54S,NH55E,GH100V,DH102V,YL36A,IL33A",-2.7728782,0.05393977,4,1
"3BE1_HL_A|DL28N,PL30A,RL31K,SL32T,YL57F,TL97S,TL98S",-0.8683455,-0.028570233,4,1
"3BE1_HL_A|DL28N,PL30A,RL31K,SL32T,YL57F,TL97S,TL98S,KH30S,DH31G,TH54S,NH55E,GH100V,DH102V",-2.8824897,-1.9044527,4,1
3LZF_AB_HL|DA187E,0.49836498,0.23183355,4,1
"3LZF_AB_HL|DA187E,DA222G",0.12738612,0.8131675,4,1
3LZF_AB_HL|DA222G,0.5378587,0.4212254,4,1
3NGB_HL_G|AH57G,-0.056030333,-0.84119993,4,1
"3NGB_HL_G|AH57G,VH58T,PH63K,VH74T",1.6734211,-0.34530425,4,1
"3NGB_HL_G|CH32S,CH102A",0.25899792,0.3658245,4,1
3NGB_HL_G|DH103A,0.05987142,0.3306707,4,1
3NGB_HL_G|EL88A,1.3199503,0.6578382,4,1
3NGB_HL_G|FL89A,0.85886127,0.7754402,4,1
3NGB_HL_G|GH55A,-1.2766591,1.1539794,4,1
3NGB_HL_G|GH55S,0.74304354,0.2887418,4,1
3NGB_HL_G|GH56A,1.2656107,0.79059875,4,1
3NGB_HL_G|IH30A,-0.0027431613,0.70033723,4,1
3NGB_HL_G|IH30T,0.0733938,-0.2219345,4,1
"3NGB_HL_G|IH30T,KH52N,RH54N,GH55S,AH57G,VH58T,RH62Q,PH63K,VH74T,YH75S,YL26S",0.86214453,1.2566181,4,1
3NGB_HL_G|KH52A,0.62288266,0.708837,4,1
3NGB_HL_G|KH52N,0.17497002,0.34042057,4,1
3NGB_HL_G|MH70A,0.5305512,0.6528613,4,1
3NGB_HL_G|NH105A,1.1185741,-0.06595774,4,1
3NGB_HL_G|NH59A,1.7671243,0.79888767,4,1
3NGB_HL_G|PH63A,-0.04252045,0.5501489,4,1
3NGB_HL_G|PH63K,0.23252328,0.053958114,4,1
3NGB_HL_G|QH65A,-0.34038836,0.8283607,4,1
3NGB_HL_G|QL25A,-0.23060839,0.68028224,4,1
3NGB_HL_G|RH54A,-0.25938424,0.6145037,4,1
3NGB_HL_G|RH54N,0.04645046,0.31315187,4,1
3NGB_HL_G|RH62A,0.9958448,0.41835713,4,1
3NGB_HL_G|RH62Q,0.09654992,-0.08018345,4,1
3NGB_HL_G|RH72A,1.6432176,0.8602031,4,1
3NGB_HL_G|SL28A,-0.14471176,0.9260573,4,1
3NGB_HL_G|TH33A,0.7071634,0.45203364,4,1
3NGB_HL_G|TH33Y,0.084193856,-0.6514224,4,1
"3NGB_HL_G|TH33Y,GH56S,AH57G,VH58T,PH63K,VH74T,YH75S",1.9381938,0.39177436,4,1
3NGB_HL_G|VH58A,1.3584284,0.93293405,4,1
3NGB_HL_G|VH58T,0.13787223,0.07945049,4,1
3NGB_HL_G|VH74A,1.087914,0.3434202,4,1
3NGB_HL_G|VH74T,0.16493925,-0.17712992,4,1
3NGB_HL_G|VL1A,-0.7733632,0.17646514,4,1
3NGB_HL_G|WH106A,4.0,0.91779405,4,1
3NGB_HL_G|WH47A,1.2021707,0.50847197,4,1
3NGB_HL_G|WH50A,1.2917941,1.4886906,4,1
3NGB_HL_G|YH104A,1.4235861,0.8172726,4,1
3NGB_HL_G|YH60A,0.5484263,0.4235809,4,1
3NGB_HL_G|YH75A,-0.19932224,0.84948915,4,1
3NGB_HL_G|YH75S,0.3325709,0.34274665,4,1
3NGB_HL_G|YL26A,0.98528093,0.68787146,4,1
3NGB_HL_G|YL26S,0.6512687,0.16032231,4,1
3NGB_HL_G|YL87A,2.0227883,1.958868,4,1
4JPK_HL_A|DA141R,3.857323,0.018186215,4,1
"4JPK_HL_A|DA159N,DA33N",0.6189681,0.46179208,4,1
4JPK_HL_A|FA144I,1.3875175,0.2575356,4,1
4JPK_HL_A|FA63L,1.1672868,0.46070775,4,1
4JPK_HL_A|RA130K,0.23006605,0.06661889,4,1
4JPK_HL_A|RA81T,0.75870305,0.15688607,4,1
4JPK_HL_A|SA41G,2.151695,0.06447905,4,1
4JPK_HL_A|TA35S,-0.032093357,-0.15860853,4,1
4JPK_HL_A|VA30N,0.59459484,0.3239778,4,1
"1JRH_LH_I|AI49S,II51T,HI55D",0.070675574,-0.48074117,4,2
"1JRH_LH_I|AI85D,KI88R,EI90K",-0.047747865,-1.1376323,4,2
"1JRH_LH_I|AI93L,VI94M",0.63366294,-0.8469316,4,2
1JRH_LH_I|DH56A,1.8860998,0.53354543,4,2
1JRH_LH_I|DH57A,1.6660647,0.3766334,4,2
1JRH_LH_I|DH58A,1.8546488,0.41834533,4,2
1JRH_LH_I|DL28A,0.43464687,0.12765977,4,2
1JRH_LH_I|EI35Q,0.09956847,-0.13136312,4,2
1JRH_LH_I|EI45A,-0.5657849,-0.0566298,4,2
1JRH_LH_I|EI45P,-3.7881775,-0.19841757,4,2
"1JRH_LH_I|EI45P,II47L",-3.4567804,-0.017531883,4,2
"1JRH_LH_I|EI45P,II47R",-3.4400978,-0.10291178,4,2
1JRH_LH_I|EL27A,0.5426153,0.7329812,4,2
1JRH_LH_I|FH103A,0.0,0.61953235,4,2
1JRH_LH_I|GI40A,4.0,0.38438964,4,2
1JRH_LH_I|HH107A,1.6977708,0.24790391,4,2
"1JRH_LH_I|II25N,PI27S,VI29T,VI31I",0.14370596,0.280357,4,2
1JRH_LH_I|KI37A,3.713863,0.5646383,4,2
1JRH_LH_I|KI37M,3.2923293,0.15748596,4,2
1JRH_LH_I|KI42A,3.3858175,0.4955269,4,2
1JRH_LH_I|KI42M,4.0,0.2001782,4,2
1JRH_LH_I|KI88A,0.31209365,0.5305399,4,2
"1JRH_LH_I|MI15L,II18V",-0.21360606,0.2429663,4,2
1JRH_LH_I|NI38A,0.1704579,0.12493669,4,2
1JRH_LH_I|NI38Q,0.5344714,-0.29946232,4,2
1JRH_LH_I|NI43A,4.0,0.31853065,4,2
1JRH_LH_I|NI69A,-0.19953421,0.38731757,4,2
1JRH_LH_I|RH100A,0.5426153,0.28836948,4,2
1JRH_LH_I|RI74A,0.3926171,0.5249861,4,2
1JRH_LH_I|SI44A,0.37771076,0.032469913,4,2
"1JRH_LH_I|SI44G,EI45G,II47R",-3.3777049,-0.57985175,4,2
"1JRH_LH_I|SI44G,EI45P,II47K",-3.884419,-0.30013824,4,2
"1JRH_LH_I|SI61Y,DI62E,HI63Q,VI64I,GI65M,DI66Y,SI68D,NI69V,LI71A",2.9588323,0.26176822,4,2
1JRH_LH_I|SL93A,-0.65058374,0.024167255,4,2
1JRH_LH_I|TI4V,-0.025565991,-0.2841,4,2
"1JRH_LH_I|TI9L,EI11K",-0.025565991,-0.1922015,4,2
1JRH_LH_I|TL94A,0.38526937,0.3103019,4,2
1JRH_LH_I|VI41A,1.6791569,0.38322547,4,2
"1JRH_LH_I|VI73A,RI78K",-0.21360606,0.37401992,4,2
1JRH_LH_I|WH54A,2.6862645,0.6471282,4,2
1JRH_LH_I|WH55A,2.4213178,0.33123592,4,2
1JRH_LH_I|WI46F,-0.25261214,-0.18012705,4,2
1JRH_LH_I|WI46Y,0.29852974,-0.34881124,4,2
1JRH_LH_I|WI72A,4.0,0.9427977,4,2
1JRH_LH_I|WI72F,1.102707,0.37307376,4,2
1JRH_LH_I|WI72Y,1.1878273,0.19080704,4,2
1JRH_LH_I|WL92A,2.818407,0.38264683,4,2
1JRH_LH_I|WL95A,1.6660647,0.67544675,4,2
1JRH_LH_I|YH104A,1.0610564,0.7408951,4,2
1JRH_LH_I|YH32A,1.4333102,0.44766515,4,2
1JRH_LH_I|YH60A,1.2555921,1.0885637,4,2
1JRH_LH_I|YI39A,3.5271235,0.55505383,4,2
1JRH_LH_I|YI39F,0.9087807,0.17478558,4,2
1JRH_LH_I|YL30A,1.1084566,0.5177774,4,2
1JRH_LH_I|YL91A,0.58083415,0.6883931,4,2
1KIQ_AB_C|FB101Y,-2.4949589,-0.1643959,4,2
1XGR_AB_C|IB33A,2.260207,0.78800255,4,2
1XGR_AB_C|IB33F,-1.8004549,-0.017816443,4,2
1XGR_AB_C|IB33L,0.061315425,0.20113581,4,2
1XGR_AB_C|IB33V,1.1076277,0.24172196,4,2
2BDN_HL_A|DH31E,1.0852306,-0.14250326,4,2
2BDN_HL_A|LH27K,0.8740124,-0.06862664,4,2
2BDN_HL_A|LH27R,0.65058374,-0.21130875,4,2
2BDN_HL_A|NH28D,0.13214268,-0.17041063,4,2
2BDN_HL_A|NH28Q,1.3994616,-0.14827296,4,2
2BDN_HL_A|NL31K,3.4897714,0.14711967,4,2
2BDN_HL_A|NL31R,-0.9171868,0.0017172024,4,2
2BDN_HL_A|SL53D,-0.1605731,-0.28902993,4,2
2BDN_HL_A|SL53E,-0.85132045,-0.35383943,4,2
2BDN_HL_A|TL56D,-0.4254655,-0.292447,4,2
2BDN_HL_A|TL56E,-0.6888026,-0.31403026,4,2
2BDN_HL_A|YL30K,0.67475796,0.34512728,4,2
2NYY_DC_A|DA1030A,0.009336901,0.69064826,4,2
2NYY_DC_A|DA1034A,2.5297937,0.41709253,4,2
2NYY_DC_A|DC30Y,0.64113563,-0.33695433,4,2
2NYY_DC_A|EA892A,2.839132,0.16557935,4,2
2NYY_DC_A|ED5Q,-0.2479871,-0.39774352,4,2
2NYY_DC_A|FA889A,0.4193659,0.27984238,4,2
2NYY_DC_A|FA925A,4.0,0.73661125,4,2
2NYY_DC_A|HA1036A,4.0,0.461011,4,2
2NYY_DC_A|HC34R,0.10088469,-0.30805472,4,2
2NYY_DC_A|IA928A,-0.009487502,0.44188112,4,2
2NYY_DC_A|KA1028A,-0.028934313,0.7498375,4,2
2NYY_DC_A|KA875A,0.29098648,0.3527635,4,2
2NYY_DC_A|KA895A,-0.14014584,0.77915144,4,2
2NYY_DC_A|KD29R,0.071385965,-0.21200982,4,2
"2NYY_DC_A|KD29S,YD30D,DD31H,SD60P",0.04961051,0.03704624,4,2
2NYY_DC_A|LA891A,2.5892105,0.2731633,4,2
2NYY_DC_A|MD33Q,-0.059869844,-0.043084808,4,2
2NYY_DC_A|NA890A,0.89044046,0.09516103,4,2
2NYY_DC_A|NA926A,0.09934822,0.4559034,4,2
2NYY_DC_A|QA887A,0.5208145,0.824945,4,2
2NYY_DC_A|RA1033A,0.82012254,0.47978967,4,2
2NYY_DC_A|RA1266A,0.2995321,0.67616636,4,2
2NYY_DC_A|SA874A,-0.23032175,0.3755109,4,2
2NYY_DC_A|SA927A,0.0,0.16171634,4,2
2NYY_DC_A|SC28Q,0.4133828,-0.260825,4,2
2NYY_DC_A|SC31N,-0.35338265,-0.26808065,4,2
2NYY_DC_A|TA1035A,1.630871,0.056175396,4,2
2NYY_DC_A|VD36I,-0.21317148,0.12770614,4,2
"2NYY_DC_A|VD36I,ED5Q",-0.0490461,-0.055776007,4,2
2NYY_DC_A|YD30D,0.06462482,0.43862385,4,2
2NYY_DC_A|YD30Q,0.12897444,0.238558,4,2
2NYY_DC_A|YD56Q,0.5196862,0.1726571,4,2
2NZ9_DC_A|DA1030A,-0.031082604,0.6445633,4,2
2NZ9_DC_A|DA1034A,2.3396032,0.41076896,4,2
2NZ9_DC_A|EA892A,2.77036,0.1455374,4,2
2NZ9_DC_A|FA889A,-0.04961051,0.4515429,4,2
2NZ9_DC_A|FA925A,3.340439,0.6930673,4,2
2NZ9_DC_A|HA1036A,4.0,0.3957543,4,2
2NZ9_DC_A|IA928A,0.069281444,0.35066774,4,2
2NZ9_DC_A|KA1028A,-0.008714417,0.7205094,4,2
2NZ9_DC_A|KA875A,0.5407011,0.45639443,4,2
2NZ9_DC_A|KA895A,-0.29975358,0.8325127,4,2
2NZ9_DC_A|LA891A,2.279965,0.36404818,4,2
2NZ9_DC_A|NA890A,2.1600318,0.07109284,4,2
2NZ9_DC_A|NA926A,-0.15216734,0.41023105,4,2
2NZ9_DC_A|QA887A,0.09926054,0.8693995,4,2
2NZ9_DC_A|RA1033A,0.29088098,0.3622026,4,2
2NZ9_DC_A|RA1266A,0.39015788,0.62236756,4,2
2NZ9_DC_A|SA874A,-0.11948046,0.4982655,4,2
2NZ9_DC_A|SA927A,-0.078544825,0.14116374,4,2
"2NZ9_DC_A|SD29K,DD30Y,HD31D",-0.04961051,-0.71293604,4,2
2NZ9_DC_A|TA1035A,2.3703818,0.08714982,4,2
2VIS_AB_C|IC89T,-4.0,-0.04012344,4,2
"3BE1_HL_A|DL28N,PL30A,RL31K,SL32T,TL97S,TL98S",-0.6860794,1.029895,4,2
"3BE1_HL_A|DL28N,PL30A,RL31K,SL32T,TL97S,TL98S,KH30S,DH31G,TH54S,NH55E,GH100V,DH102V",-2.7728782,0.6715698,4,2
"3BE1_HL_A|DL28N,PL30A,RL31K,SL32T,TL97S,TL98S,KH30S,DH31G,TH54S,NH55E,GH100V,DH102V,YL36A",-3.190238,1.4216955,4,2
"3BE1_HL_A|DL28N,PL30A,RL31K,SL32T,TL97S,TL98S,KH30S,DH31G,TH54S,NH55E,GH100V,DH102V,YL36A,IL33A",-2.7728782,1.8294873,4,2
"3BE1_HL_A|DL28N,PL30A,RL31K,SL32T,YL57F,TL97S,TL98S",-0.8683455,1.2746379,4,2
"3BE1_HL_A|DL28N,PL30A,RL31K,SL32T,YL57F,TL97S,TL98S,KH30S,DH31G,TH54S,NH55E,GH100V,DH102V",-2.8824897,0.88122976,4,2
3LZF_AB_HL|DA187E,0.49836498,-0.053794965,4,2
"3LZF_AB_HL|DA187E,DA222G",0.12738612,0.19114909,4,2
3LZF_AB_HL|DA222G,0.5378587,-0.09137173,4,2
3NGB_HL_G|AH57G,-0.056030333,-0.71122485,4,2
"3NGB_HL_G|AH57G,VH58T,PH63K,VH74T",1.6734211,-0.015123844,4,2
"3NGB_HL_G|CH32S,CH102A",0.25899792,0.3099282,4,2
3NGB_HL_G|DH103A,0.05987142,0.15645358,4,2
3NGB_HL_G|EL88A,1.3199503,0.6397394,4,2
3NGB_HL_G|FL89A,0.85886127,0.7275818,4,2
3NGB_HL_G|GH55A,-1.2766591,0.2684931,4,2
3NGB_HL_G|GH55S,0.74304354,0.23175359,4,2
3NGB_HL_G|GH56A,1.2656107,0.34481543,4,2
3NGB_HL_G|IH30A,-0.0027431613,0.31363788,4,2
3NGB_HL_G|IH30T,0.0733938,-0.042481944,4,2
"3NGB_HL_G|IH30T,KH52N,RH54N,GH55S,AH57G,VH58T,RH62Q,PH63K,VH74T,YH75S,YL26S",0.86214453,2.3843572,4,2
3NGB_HL_G|KH52A,0.62288266,0.43312308,4,2
3NGB_HL_G|KH52N,0.17497002,0.17560983,4,2
3NGB_HL_G|MH70A,0.5305512,-0.014158659,4,2
3NGB_HL_G|NH105A,1.1185741,0.18245131,4,2
3NGB_HL_G|NH59A,1.7671243,0.4749719,4,2
3NGB_HL_G|PH63A,-0.04252045,0.42434326,4,2
3NGB_HL_G|PH63K,0.23252328,0.28564572,4,2
3NGB_HL_G|QH65A,-0.34038836,0.28210583,4,2
3NGB_HL_G|QL25A,-0.23060839,0.7386113,4,2
3NGB_HL_G|RH54A,-0.25938424,0.23719478,4,2
3NGB_HL_G|RH54N,0.04645046,0.078636326,4,2
3NGB_HL_G|RH62A,0.9958448,0.14026296,4,2
3NGB_HL_G|RH62Q,0.09654992,-0.19638354,4,2
3NGB_HL_G|RH72A,1.6432176,0.29119805,4,2
3NGB_HL_G|SL28A,-0.14471176,0.07665973,4,2
3NGB_HL_G|TH33A,0.7071634,0.42917353,4,2
3NGB_HL_G|TH33Y,0.084193856,-0.6338494,4,2
"3NGB_HL_G|TH33Y,GH56S,AH57G,VH58T,PH63K,VH74T,YH75S",1.9381938,0.364985,4,2
3NGB_HL_G|VH58A,1.3584284,0.6786269,4,2
3NGB_HL_G|VH58T,0.13787223,0.23812634,4,2
3NGB_HL_G|VH74A,1.087914,0.43060687,4,2
3NGB_HL_G|VH74T,0.16493925,0.10028038,4,2
3NGB_HL_G|VL1A,-0.7733632,0.3961789,4,2
3NGB_HL_G|WH106A,4.0,0.6822945,4,2
3NGB_HL_G|WH47A,1.2021707,0.4566936,4,2
3NGB_HL_G|WH50A,1.2917941,0.8863581,4,2
3NGB_HL_G|YH104A,1.4235861,0.7328198,4,2
3NGB_HL_G|YH60A,0.5484263,0.67289644,4,2
3NGB_HL_G|YH75A,-0.19932224,0.5717053,4,2
3NGB_HL_G|YH75S,0.3325709,0.49928313,4,2
3NGB_HL_G|YL26A,0.98528093,0.4488057,4,2
3NGB_HL_G|YL26S,0.6512687,0.34718812,4,2
3NGB_HL_G|YL87A,2.0227883,0.49981505,4,2
4JPK_HL_A|DA141R,3.857323,-0.44769943,4,2
"4JPK_HL_A|DA159N,DA33N",0.6189681,-0.103718504,4,2
4JPK_HL_A|FA144I,1.3875175,-0.036506005,4,2
4JPK_HL_A|FA63L,1.1672868,0.037651487,4,2
4JPK_HL_A|RA130K,0.23006605,0.22394225,4,2
4JPK_HL_A|RA81T,0.75870305,0.31799772,4,2
4JPK_HL_A|SA41G,2.151695,-0.1694318,4,2
4JPK_HL_A|TA35S,-0.032093357,0.113043316,4,2
4JPK_HL_A|VA30N,0.59459484,-0.22863448,4,2
