row_id,ddg_true,ddg_pred,fold,seed
1AHW_AB_C|DC167A,-0.4845926,1.8442535,0,0
"1AHW_AB_C|KC138A,DC139A",1.1814722,1.7853476,0,0
"1AHW_AB_C|KC154A,KC155A",-1.329712,0.5799738,0,0
1AHW_AB_C|LC165A,0.9869364,0.5464648,0,0
1AHW_AB_C|NC188A,1.0782224,0.9780642,0,0
"1AHW_AB_C|TC110A,KC111A",0.6388569,0.588014,0,0
1AHW_AB_C|TC156A,-0.07411996,0.20755279,0,0
1AHW_AB_C|TC159A,1.105771,1.4790835,0,0
1AHW_AB_C|TC186A,1.345882,0.60132015,0,0
1AHW_AB_C|VC187A,-0.31423107,0.97014856,0,0
1AHW_AB_C|YC146A,-1.8890098,1.9958537,0,0
1BJ1_HL_VW|HH101Y,-1.5835956,-1.9317565,0,0
"1BJ1_HL_VW|HH101Y,YH103I,GH104A,SH105K",-0.43125325,-1.3574619,0,0
"1BJ1_HL_VW|HH101Y,YH103R,GH104N,SH105T",-0.7626503,-1.1867493,0,0
"1BJ1_HL_VW|HH101Y,YH103R,SH105T",-1.173123,-1.4479477,0,0
1BJ1_HL_VW|HH107A,0.78965265,0.015066795,0,0
"1BJ1_HL_VW|LH72I,TH74K",0.076517485,0.7044527,0,0
"1BJ1_HL_VW|LH72V,TH74V",0.6706598,0.18285069,0,0
"1BJ1_HL_VW|ML4L,TH28D,NH31H,HH101Y,SH105T",-1.52138,-2.195637,0,0
1BJ1_HL_VW|NH31H,-0.7626503,0.009037495,0,0
1BJ1_HL_VW|SH105T,-0.39039657,0.21833584,0,0
1BJ1_HL_VW|TH28D,-0.22003505,-0.5253571,0,0
"1BJ1_HL_VW|TH28D,NH31H",-0.6929008,-0.72464466,0,0
"1BJ1_HL_VW|TH28D,NH31H,YH54W,HH101Y,SH105T",-1.2034981,-1.728778,0,0
1BJ1_HL_VW|TH59A,0.85066694,0.8317852,0,0
1BJ1_HL_VW|YH27A,2.2425284,0.46989483,0,0
1BJ1_HL_VW|YH54A,1.3276595,1.1633,0,0
1BJ1_HL_VW|YH54W,-0.13726985,0.18182197,0,0
1BJ1_HL_VW|YH99A,4.0,0.3696383,0,0
1DQJ_AB_C|DB32A,2.0134337,0.384921,0,0
"1DQJ_AB_C|DB32A,KC97A",1.1223834,0.23782364,0,0
1DQJ_AB_C|DC101A,1.3765504,1.5257856,0,0
1DQJ_AB_C|KC96A,4.0,0.9926975,0,0
1DQJ_AB_C|KC97A,3.5197058,0.24905089,0,0
1DQJ_AB_C|LC75A,1.452407,0.6146665,0,0
1DQJ_AB_C|NA31A,2.0134337,1.3433311,0,0
1DQJ_AB_C|NA32A,4.0,1.0328956,0,0
"1DQJ_AB_C|NA32A,KC96A",4.0,1.5565436,0,0
1DQJ_AB_C|NC93A,0.64987326,-0.04284238,0,0
1DQJ_AB_C|RC21A,1.2137709,0.6157809,0,0
1DQJ_AB_C|SA91A,1.4318883,0.7996312,0,0
"1DQJ_AB_C|SA91A,RC21A",3.1707318,1.0015751,0,0
"1DQJ_AB_C|SA91A,YC20A",3.573092,1.1853559,0,0
1DQJ_AB_C|SC100A,0.7755829,1.0946381,0,0
1DQJ_AB_C|TC89A,0.84084374,0.59149635,0,0
1DQJ_AB_C|WB98A,4.0,1.9600837,0,0
"1DQJ_AB_C|WB98A,KC97A",4.0,1.4717555,0,0
"1DQJ_AB_C|WB98A,SC100A",4.0,3.2462308,0,0
"1DQJ_AB_C|WB98A,YC20A",4.0,3.0196626,0,0
1DQJ_AB_C|WC62A,0.7580786,1.9558599,0,0
1DQJ_AB_C|WC63A,1.3462692,2.0888586,0,0
1DQJ_AB_C|YA50A,2.678299,1.7024786,0,0
1DQJ_AB_C|YA96A,1.135051,1.0870806,0,0
"1DQJ_AB_C|YA96A,RC21A",3.4851997,1.5701339,0,0
"1DQJ_AB_C|YA96A,SC100A",0.91344726,1.8847713,0,0
1DQJ_AB_C|YB33A,4.0,3.0820196,0,0
1DQJ_AB_C|YB50A,4.0,2.0674498,0,0
1DQJ_AB_C|YB53A,1.1802781,0.5416515,0,0
"1DQJ_AB_C|YB53A,DC101A",2.727121,2.2304432,0,0
"1DQJ_AB_C|YB53A,LC75A",1.2168618,0.4791873,0,0
"1DQJ_AB_C|YB53A,WC62A",1.286308,2.0631652,0,0
"1DQJ_AB_C|YB53A,WC63A",2.1992323,2.2837415,0,0
1DQJ_AB_C|YC20A,3.2857084,1.036822,0,0
1XGT_AB_C|LB33A,2.1988916,1.9134374,0,0
1XGT_AB_C|LB33F,-1.8617703,-2.0671737,0,0
1XGT_AB_C|LB33I,-0.061315425,-0.20800057,0,0
1XGT_AB_C|LB33V,1.0463123,1.0889262,0,0
"3BDY_HL_V|DL28N,PL30A,RL31K,SL32T,TL97S,TL98S",-0.9690793,-1.4284911,0,0
"3BDY_HL_V|DL28N,PL30A,RL31K,SL32T,TL97S,TL98S,KH31S,DH32G,TH55S,NH56E,GH101V,DH103V",-2.7154896,-2.9481332,0,0
"3BDY_HL_V|DL28N,PL30A,RL31K,SL32T,TL97S,TL98S,KH31S,DH32G,TH55S,NH56E,GH101V,DH103V,RH51A,RH60A",-2.7728782,-3.329241,0,0
"3BDY_HL_V|DL28N,PL30A,RL31K,SL32T,YL57F,TL97S,TL98S",-0.97316396,-1.5187501,0,0
"3BDY_HL_V|DL28N,PL30A,RL31K,SL32T,YL57F,TL97S,TL98S,KH31S,DH32G,TH55S,NH56E,GH101V,DH103V",-2.727121,-3.028273,0,0
3HFM_HL_Y|DH32A,1.8982269,0.2885451,0,0
"3HFM_HL_Y|DH32A,KY97A",4.0,0.43179816,0,0
"3HFM_HL_Y|DH32A,KY97M",1.1234494,0.61654747,0,0
3HFM_HL_Y|DH32N,0.17036153,-0.05359277,0,0
"3HFM_HL_Y|DH32N,KY97A",4.0,0.36728054,0,0
"3HFM_HL_Y|DH32N,KY97M",0.3025042,0.5569689,0,0
3HFM_HL_Y|DY101A,1.2081919,1.3630837,0,0
3HFM_HL_Y|DY101E,2.132881,0.2947551,0,0
3HFM_HL_Y|DY101F,2.3282614,0.94180894,0,0
3HFM_HL_Y|DY101G,0.35884774,0.3866192,0,0
3HFM_HL_Y|DY101K,2.1245396,1.4439871,0,0
3HFM_HL_Y|DY101N,1.4911126,1.4166596,0,0
3HFM_HL_Y|DY101Q,2.0851746,0.32735133,0,0
3HFM_HL_Y|DY101R,2.2798727,1.1870002,0,0
3HFM_HL_Y|DY101S,1.8694,0.9220725,0,0
3HFM_HL_Y|GY102V,0.395285,0.33563098,0,0
3HFM_HL_Y|HY15A,-0.4453172,0.25281638,0,0
3HFM_HL_Y|IY98A,0.0,0.31963265,0,0
3HFM_HL_Y|KY96A,4.0,1.0099496,0,0
3HFM_HL_Y|KY96M,4.0,0.6915594,0,0
3HFM_HL_Y|KY96R,4.0,0.22181869,0,0
3HFM_HL_Y|KY97A,4.0,0.31644425,0,0
3HFM_HL_Y|KY97D,4.0,0.11737021,0,0
3HFM_HL_Y|KY97E,3.6045077,0.09405457,0,0
3HFM_HL_Y|KY97G,4.0,-0.086813,0,0
3HFM_HL_Y|KY97M,0.9469717,0.39730236,0,0
3HFM_HL_Y|KY97R,3.0528512,-0.20306072,0,0
3HFM_HL_Y|LY75A,0.70445603,0.26879618,0,0
3HFM_HL_Y|NL31A,4.0,1.482264,0,0
"3HFM_HL_Y|NL31A,KY96A",4.0,3.407547,0,0
3HFM_HL_Y|NL31D,1.3434845,-0.3131102,0,0
3HFM_HL_Y|NL31E,4.0,0.63169116,0,0
3HFM_HL_Y|NL32A,4.0,0.70461166,0,0
3HFM_HL_Y|NY19D,0.41047263,-0.023703355,0,0
3HFM_HL_Y|NY19K,0.2401111,0.5530849,0,0
3HFM_HL_Y|NY19Q,-0.042485796,0.22495759,0,0
3HFM_HL_Y|NY93A,0.21121821,-0.05860291,0,0
3HFM_HL_Y|QL53A,0.9530879,-0.15202947,0,0
3HFM_HL_Y|RY21A,0.8618019,0.7872432,0,0
3HFM_HL_Y|RY21E,2.4534352,-0.4973758,0,0
3HFM_HL_Y|RY21G,2.4220753,0.09680884,0,0
3HFM_HL_Y|RY21H,2.1693182,-0.24803168,0,0
3HFM_HL_Y|RY21K,1.766342,0.32964653,0,0
3HFM_HL_Y|RY21M,2.0498905,1.3072596,0,0
3HFM_HL_Y|RY21N,2.3282614,0.7621932,0,0
3HFM_HL_Y|RY21Q,2.3975346,-0.37022153,0,0
3HFM_HL_Y|RY21W,2.132881,0.66464514,0,0
3HFM_HL_Y|RY73A,-0.3313971,0.670401,0,0
3HFM_HL_Y|SH31A,0.17036153,0.4871416,0,0
3HFM_HL_Y|SY100A,0.26765963,0.5819375,0,0
3HFM_HL_Y|TY89A,0.0,0.47804934,0,0
3HFM_HL_Y|WH98A,4.0,1.4357667,0,0
"3HFM_HL_Y|WH98A,KY96A",4.0,2.7608688,0,0
3HFM_HL_Y|WH98F,3.245562,0.389758,0,0
"3HFM_HL_Y|WH98F,YY20A",4.0,2.1713781,0,0
3HFM_HL_Y|WY63A,0.31918663,2.7743175,0,0
3HFM_HL_Y|YH33A,4.0,2.6724842,0,0
"3HFM_HL_Y|YH33A,KY97A",4.0,2.3115869,0,0
3HFM_HL_Y|YH33F,1.0712212,-1.3925401,0,0
3HFM_HL_Y|YH33L,2.0069382,0.6744872,0,0
3HFM_HL_Y|YH33W,1.7495645,0.8325299,0,0
3HFM_HL_Y|YH50A,4.0,2.305499,0,0
"3HFM_HL_Y|YH50A,RY21A",4.0,3.3137846,0,0
3HFM_HL_Y|YH50F,1.6099914,-0.0717747,0,0
3HFM_HL_Y|YH50L,2.8488367,0.54607993,0,0
3HFM_HL_Y|YH53A,3.25038,0.85544366,0,0
3HFM_HL_Y|YH53F,0.62049925,0.30904916,0,0
3HFM_HL_Y|YH53L,0.8068894,0.54086894,0,0
3HFM_HL_Y|YH53W,0.7061819,0.12520558,0,0
3HFM_HL_Y|YH58A,1.6760437,1.7646041,0,0
3HFM_HL_Y|YH58F,0.36312544,0.35738927,0,0
3HFM_HL_Y|YH58L,1.5136731,1.2787831,0,0
3HFM_HL_Y|YL50A,4.0,1.5564327,0,0
"3HFM_HL_Y|YL50A,KY96A",4.0,3.1581275,0,0
"3HFM_HL_Y|YL50A,KY97A",4.0,1.3488841,0,0
"3HFM_HL_Y|YL50A,RY21A",4.0,2.561759,0,0
3HFM_HL_Y|YL50F,2.3548672,0.17216727,0,0
"3HFM_HL_Y|YL50F,RY21A",4.0,1.402406,0,0
"3HFM_HL_Y|YL50F,YY20A",4.0,2.2998412,0,0
3HFM_HL_Y|YL50L,4.0,0.043889046,0,0
3HFM_HL_Y|YL96A,2.707045,0.97840977,0,0
"3HFM_HL_Y|YL96A,RY21A",4.0,1.8259671,0,0
3HFM_HL_Y|YL96F,1.4017794,0.27508286,0,0
"3HFM_HL_Y|YL96F,RY21A",4.0,1.3347144,0,0
3HFM_HL_Y|YY20A,4.0,1.1183947,0,0
3HFM_HL_Y|YY20F,-0.4839681,0.30689615,0,0
3HFM_HL_Y|YY20L,2.1845057,0.93633866,0,0
3SE9_HL_G|DH77A,-0.7664817,0.58176893,0,0
3SE9_HL_G|EL90A,0.41735974,0.8126807,0,0
3SE9_HL_G|FL91A,0.023615688,0.5812029,0,0
3SE9_HL_G|GH106A,-0.3075798,0.6895493,0,0
3SE9_HL_G|GH107A,-0.6151596,0.27166316,0,0
3SE9_HL_G|GH109A,0.18514356,0.79188895,0,0
3SE9_HL_G|GH57A,0.4524448,0.49143618,0,0
3SE9_HL_G|GH62A,0.04634,0.8238969,0,0
3SE9_HL_G|GL29A,0.46369976,0.6869192,0,0
3SE9_HL_G|LH34A,0.56599987,1.5295198,0,0
3SE9_HL_G|LL89A,0.964243,0.88263685,0,0
3SE9_HL_G|NH60A,1.5217615,2.2278845,0,0
3SE9_HL_G|PH64A,-0.4419396,-0.44408634,0,0
3SE9_HL_G|RH67A,1.4695449,0.22768036,0,0
3SE9_HL_G|RH74A,2.6792572,1.5202885,0,0
3SE9_HL_G|RH76A,-0.2322162,0.66995645,0,0
3SE9_HL_G|TH105A,-0.4419396,-0.5701408,0,0
3SE9_HL_G|TH56A,-0.85929936,0.9233387,0,0
3SE9_HL_G|VH55A,-0.85929936,0.3568044,0,0
3SE9_HL_G|VH59A,0.9833596,1.696449,0,0
3SE9_HL_G|VL3A,-0.49433115,0.25209644,0,0
3SE9_HL_G|WH48A,1.0584464,0.92831194,0,0
3SE9_HL_G|WH51A,1.275695,1.7714931,0,0
3SE9_HL_G|YH104A,0.46369976,1.4572496,0,0
3SE9_HL_G|YL28A,1.1177194,0.38904598,0,0
4U6H_AB_E|NE21A,-0.3480795,0.018786289,0,0
4U6H_AB_E|QE25A,0.11883454,1.4208902,0,0
4ZS6_HL_A|EA156A,3.0386665,0.25818604,0,0
4ZS6_HL_A|YA160A,-0.11025046,3.1080494,0,0
1AHW_AB_C|DC167A,-0.4845926,2.0055535,0,1
"1AHW_AB_C|KC138A,DC139A",1.1814722,1.7857985,0,1
"1AHW_AB_C|KC154A,KC155A",-1.329712,0.68817973,0,1
1AHW_AB_C|LC165A,0.9869364,0.6343815,0,1
1AHW_AB_C|NC188A,1.0782224,1.3913326,0,1
"1AHW_AB_C|TC110A,KC111A",0.6388569,0.85012704,0,1
1AHW_AB_C|TC156A,-0.07411996,0.94982034,0,1
1AHW_AB_C|TC159A,1.105771,1.1636133,0,1
1AHW_AB_C|TC186A,1.345882,0.7556112,0,1
1AHW_AB_C|VC187A,-0.31423107,0.18346626,0,1
1AHW_AB_C|YC146A,-1.8890098,1.1182432,0,1
1BJ1_HL_VW|HH101Y,-1.5835956,-0.8840353,0,1
"1BJ1_HL_VW|HH101Y,YH103I,GH104A,SH105K",-0.43125325,-0.80834126,0,1
"1BJ1_HL_VW|HH101Y,YH103R,GH104N,SH105T",-0.7626503,-0.7706557,0,1
"1BJ1_HL_VW|HH101Y,YH103R,SH105T",-1.173123,-1.1151612,0,1
1BJ1_HL_VW|HH107A,0.78965265,0.680702,0,1
"1BJ1_HL_VW|LH72I,TH74K",0.076517485,0.703385,0,1
"1BJ1_HL_VW|LH72V,TH74V",0.6706598,0.23974586,0,1
"1BJ1_HL_VW|ML4L,TH28D,NH31H,HH101Y,SH105T",-1.52138,-2.189632,0,1
1BJ1_HL_VW|NH31H,-0.7626503,0.119218186,0,1
1BJ1_HL_VW|SH105T,-0.39039657,-0.019818734,0,1
1BJ1_HL_VW|TH28D,-0.22003505,-0.18386622,0,1
"1BJ1_HL_VW|TH28D,NH31H",-0.6929008,-0.49386364,0,1
"1BJ1_HL_VW|TH28D,NH31H,YH54W,HH101Y,SH105T",-1.2034981,-1.7395393,0,1
1BJ1_HL_VW|TH59A,0.85066694,1.1149322,0,1
1BJ1_HL_VW|YH27A,2.2425284,0.98073286,0,1
1BJ1_HL_VW|YH54A,1.3276595,1.581995,0,1
1BJ1_HL_VW|YH54W,-0.13726985,0.7565772,0,1
1BJ1_HL_VW|YH99A,4.0,0.46564454,0,1
1DQJ_AB_C|DB32A,2.0134337,0.9275914,0,1
"1DQJ_AB_C|DB32A,KC97A",1.1223834,0.5362769,0,1
1DQJ_AB_C|DC101A,1.3765504,1.9877288,0,1
1DQJ_AB_C|KC96A,4.0,0.37068677,0,1
1DQJ_AB_C|KC97A,3.5197058,0.15337916,0,1
1DQJ_AB_C|LC75A,1.452407,1.4616573,0,1
1DQJ_AB_C|NA31A,2.0134337,1.1003196,0,1
1DQJ_AB_C|NA32A,4.0,1.5585408,0,1
"1DQJ_AB_C|NA32A,KC96A",4.0,1.7115427,0,1
1DQJ_AB_C|NC93A,0.64987326,0.2772896,0,1
1DQJ_AB_C|RC21A,1.2137709,0.7271898,0,1
1DQJ_AB_C|SA91A,1.4318883,0.755598,0,1
"1DQJ_AB_C|SA91A,RC21A",3.1707318,1.270928,0,1
"1DQJ_AB_C|SA91A,YC20A",3.573092,1.5142471,0,1
1DQJ_AB_C|SC100A,0.7755829,1.444343,0,1
1DQJ_AB_C|TC89A,0.84084374,0.6965332,0,1
1DQJ_AB_C|WB98A,4.0,1.526446,0,1
"1DQJ_AB_C|WB98A,KC97A",4.0,1.0303949,0,1
"1DQJ_AB_C|WB98A,SC100A",4.0,3.098568,0,1
"1DQJ_AB_C|WB98A,YC20A",4.0,2.4261374,0,1
1DQJ_AB_C|WC62A,0.7580786,0.38109648,0,1
1DQJ_AB_C|WC63A,1.3462692,1.0326229,0,1
1DQJ_AB_C|YA50A,2.678299,1.1197271,0,1
1DQJ_AB_C|YA96A,1.135051,2.078339,0,1
"1DQJ_AB_C|YA96A,RC21A",3.4851997,2.9499667,0,1
"1DQJ_AB_C|YA96A,SC100A",0.91344726,3.3057926,0,1
1DQJ_AB_C|YB33A,4.0,3.7789805,0,1
1DQJ_AB_C|YB50A,4.0,1.2472265,0,1
1DQJ_AB_C|YB53A,1.1802781,0.30431274,0,1
"1DQJ_AB_C|YB53A,DC101A",2.727121,2.235275,0,1
"1DQJ_AB_C|YB53A,LC75A",1.2168618,1.4142238,0,1
"1DQJ_AB_C|YB53A,WC62A",1.286308,0.4621555,0,1
"1DQJ_AB_C|YB53A,WC63A",2.1992323,1.6378828,0,1
1DQJ_AB_C|YC20A,3.2857084,0.6742959,0,1
1XGT_AB_C|LB33A,2.1988916,2.1774282,0,1
1XGT_AB_C|LB33F,-1.8617703,-1.805218,0,1
1XGT_AB_C|LB33I,-0.061315425,-0.0879499,0,1
1XGT_AB_C|LB33V,1.0463123,1.4922485,0,1
"3BDY_HL_V|DL28N,PL30A,RL31K,SL32T,TL97S,TL98S",-0.9690793,-1.2172822,0,1
"3BDY_HL_V|DL28N,PL30A,RL31K,SL32T,TL97S,TL98S,KH31S,DH32G,TH55S,NH56E,GH101V,DH103V",-2.7154896,-2.808106,0,1
"3BDY_HL_V|DL28N,PL30A,RL31K,SL32T,TL97S,TL98S,KH31S,DH32G,TH55S,NH56E,GH101V,DH103V,RH51A,RH60A",-2.7728782,-3.0719156,0,1
"3BDY_HL_V|DL28N,PL30A,RL31K,SL32T,YL57F,TL97S,TL98S",-0.97316396,-1.2955285,0,1
"3BDY_HL_V|DL28N,PL30A,RL31K,SL32T,YL57F,TL97S,TL98S,KH31S,DH32G,TH55S,NH56E,GH101V,DH103V",-2.727121,-2.9374537,0,1
3HFM_HL_Y|DH32A,1.8982269,0.16153443,0,1
"3HFM_HL_Y|DH32A,KY97A",4.0,0.42148042,0,1
"3HFM_HL_Y|DH32A,KY97M",1.1234494,0.43083474,0,1
3HFM_HL_Y|DH32N,0.17036153,-0.22878358,0,1
"3HFM_HL_Y|DH32N,KY97A",4.0,-0.11922991,0,1
"3HFM_HL_Y|DH32N,KY97M",0.3025042,-0.14293878,0,1
3HFM_HL_Y|DY101A,1.2081919,1.4362096,0,1
3HFM_HL_Y|DY101E,2.132881,0.7440593,0,1
3HFM_HL_Y|DY101F,2.3282614,0.75272876,0,1
3HFM_HL_Y|DY101G,0.35884774,1.2406684,0,1
3HFM_HL_Y|DY101K,2.1245396,1.8070972,0,1
3HFM_HL_Y|DY101N,1.4911126,1.0296309,0,1
3HFM_HL_Y|DY101Q,2.0851746,0.65136606,0,1
3HFM_HL_Y|DY101R,2.2798727,1.7222424,0,1
3HFM_HL_Y|DY101S,1.8694,1.2203447,0,1
3HFM_HL_Y|GY102V,0.395285,0.3712438,0,1
3HFM_HL_Y|HY15A,-0.4453172,0.39633626,0,1
3HFM_HL_Y|IY98A,0.0,0.34163898,0,1
3HFM_HL_Y|KY96A,4.0,0.18725738,0,1
3HFM_HL_Y|KY96M,4.0,0.22009416,0,1
3HFM_HL_Y|KY96R,4.0,0.001225587,0,1
3HFM_HL_Y|KY97A,4.0,0.22755937,0,1
3HFM_HL_Y|KY97D,4.0,0.0875694,0,1
3HFM_HL_Y|KY97E,3.6045077,-0.033869866,0,1
3HFM_HL_Y|KY97G,4.0,0.2442916,0,1
3HFM_HL_Y|KY97M,0.9469717,0.31879544,0,1
3HFM_HL_Y|KY97R,3.0528512,-0.16609359,0,1
3HFM_HL_Y|LY75A,0.70445603,0.7351844,0,1
3HFM_HL_Y|NL31A,4.0,1.0921154,0,1
"3HFM_HL_Y|NL31A,KY96A",4.0,1.0177091,0,1
3HFM_HL_Y|NL31D,1.3434845,-0.13220741,0,1
3HFM_HL_Y|NL31E,4.0,0.41100547,0,1
3HFM_HL_Y|NL32A,4.0,1.1708267,0,1
3HFM_HL_Y|NY19D,0.41047263,0.07280511,0,1
3HFM_HL_Y|NY19K,0.2401111,0.51997286,0,1
3HFM_HL_Y|NY19Q,-0.042485796,0.05115296,0,1
3HFM_HL_Y|NY93A,0.21121821,0.3798989,0,1
3HFM_HL_Y|QL53A,0.9530879,0.16040562,0,1
3HFM_HL_Y|RY21A,0.8618019,0.89707464,0,1
3HFM_HL_Y|RY21E,2.4534352,-0.09965187,0,1
3HFM_HL_Y|RY21G,2.4220753,0.35067266,0,1
3HFM_HL_Y|RY21H,2.1693182,-0.40695202,0,1
3HFM_HL_Y|RY21K,1.766342,0.77405006,0,1
3HFM_HL_Y|RY21M,2.0498905,0.8194619,0,1
3HFM_HL_Y|RY21N,2.3282614,-0.014081094,0,1
3HFM_HL_Y|RY21Q,2.3975346,-0.25658825,0,1
3HFM_HL_Y|RY21W,2.132881,0.8086399,0,1
3HFM_HL_Y|RY73A,-0.3313971,0.9148472,0,1
3HFM_HL_Y|SH31A,0.17036153,0.019871105,0,1
3HFM_HL_Y|SY100A,0.26765963,1.0080386,0,1
3HFM_HL_Y|TY89A,0.0,0.6827706,0,1
3HFM_HL_Y|WH98A,4.0,0.9407407,0,1
"3HFM_HL_Y|WH98A,KY96A",4.0,1.1715598,0,1
3HFM_HL_Y|WH98F,3.245562,0.55596554,0,1
"3HFM_HL_Y|WH98F,YY20A",4.0,1.2694775,0,1
3HFM_HL_Y|WY63A,0.31918663,1.3540905,0,1
3HFM_HL_Y|YH33A,4.0,3.809406,0,1
"3HFM_HL_Y|YH33A,KY97A",4.0,2.7564294,0,1
3HFM_HL_Y|YH33F,1.0712212,0.0007592775,0,1
3HFM_HL_Y|YH33L,2.0069382,1.321387,0,1
3HFM_HL_Y|YH33W,1.7495645,1.6211139,0,1
3HFM_HL_Y|YH50A,4.0,1.441949,0,1
"3HFM_HL_Y|YH50A,RY21A",4.0,2.1430116,0,1
3HFM_HL_Y|YH50F,1.6099914,0.41696948,0,1
3HFM_HL_Y|YH50L,2.8488367,0.55063266,0,1
3HFM_HL_Y|YH53A,3.25038,0.39758927,0,1
3HFM_HL_Y|YH53F,0.62049925,0.40203565,0,1
3HFM_HL_Y|YH53L,0.8068894,0.4573043,0,1
3HFM_HL_Y|YH53W,0.7061819,0.14121215,0,1
3HFM_HL_Y|YH58A,1.6760437,1.5266943,0,1
3HFM_HL_Y|YH58F,0.36312544,0.3019051,0,1
3HFM_HL_Y|YH58L,1.5136731,1.0342565,0,1
3HFM_HL_Y|YL50A,4.0,0.53031874,0,1
"3HFM_HL_Y|YL50A,KY96A",4.0,0.54789793,0,1
"3HFM_HL_Y|YL50A,KY97A",4.0,0.26669988,0,1
"3HFM_HL_Y|YL50A,RY21A",4.0,1.3922453,0,1
3HFM_HL_Y|YL50F,2.3548672,0.19361876,0,1
"3HFM_HL_Y|YL50F,RY21A",4.0,1.0846194,0,1
"3HFM_HL_Y|YL50F,YY20A",4.0,0.73387325,0,1
3HFM_HL_Y|YL50L,4.0,-0.086465016,0,1
3HFM_HL_Y|YL96A,2.707045,2.2002535,0,1
"3HFM_HL_Y|YL96A,RY21A",4.0,3.423813,0,1
3HFM_HL_Y|YL96F,1.4017794,0.4294838,0,1
"3HFM_HL_Y|YL96F,RY21A",4.0,1.8313301,0,1
3HFM_HL_Y|YY20A,4.0,0.60862994,0,1
3HFM_HL_Y|YY20F,-0.4839681,-0.12470999,0,1
3HFM_HL_Y|YY20L,2.1845057,0.48554742,0,1
3SE9_HL_G|DH77A,-0.7664817,-0.06814276,0,1
3SE9_HL_G|EL90A,0.41735974,1.1015538,0,1
3SE9_HL_G|FL91A,0.023615688,0.8209585,0,1
3SE9_HL_G|GH106A,-0.3075798,0.4933227,0,1
3SE9_HL_G|GH107A,-0.6151596,-0.10334933,0,1
3SE9_HL_G|GH109A,0.18514356,1.133825,0,1
3SE9_HL_G|GH57A,0.4524448,0.6285812,0,1
3SE9_HL_G|GH62A,0.04634,0.8962816,0,1
3SE9_HL_G|GL29A,0.46369976,0.64737546,0,1
3SE9_HL_G|LH34A,0.56599987,1.7115052,0,1
3SE9_HL_G|LL89A,0.964243,2.1223137,0,1
3SE9_HL_G|NH60A,1.5217615,1.8263575,0,1
3SE9_HL_G|PH64A,-0.4419396,-0.32368466,0,1
3SE9_HL_G|RH67A,1.4695449,0.46622786,0,1
3SE9_HL_G|RH74A,2.6792572,1.8241272,0,1
3SE9_HL_G|RH76A,-0.2322162,0.9685211,0,1
3SE9_HL_G|TH105A,-0.4419396,0.40108308,0,1
3SE9_HL_G|TH56A,-0.85929936,0.56071305,0,1
3SE9_HL_G|VH55A,-0.85929936,-0.11822048,0,1
3SE9_HL_G|VH59A,0.9833596,1.6163327,0,1
3SE9_HL_G|VL3A,-0.49433115,0.13260533,0,1
3SE9_HL_G|WH48A,1.0584464,1.4426502,0,1
3SE9_HL_G|WH51A,1.275695,1.62484,0,1
3SE9_HL_G|YH104A,0.46369976,1.361576,0,1
3SE9_HL_G|YL28A,1.1177194,0.3509512,0,1
4U6H_AB_E|NE21A,-0.3480795,1.0271429,0,1
4U6H_AB_E|QE25A,0.11883454,1.5633954,0,1
4ZS6_HL_A|EA156A,3.0386665,0.1872791,0,1
4ZS6_HL_A|YA160A,-0.11025046,2.2172227,0,1
1AHW_AB_C|DC167A,-0.4845926,1.0911703,0,2
"1AHW_AB_C|KC138A,DC139A",1.1814722,1.3479717,0,2
"1AHW_AB_C|KC154A,KC155A",-1.329712,2.5940406,0,2
1AHW_AB_C|LC165A,0.9869364,0.43906665,0,2
1AHW_AB_C|NC188A,1.0782224,0.87457955,0,2
"1AHW_AB_C|TC110A,KC111A",0.6388569,1.0595788,0,2
1AHW_AB_C|TC156A,-0.07411996,0.45401177,0,2
1AHW_AB_C|TC159A,1.105771,1.4743125,0,2
1AHW_AB_C|TC186A,1.345882,1.1643554,0,2
1AHW_AB_C|VC187A,-0.31423107,0.5507432,0,2
1AHW_AB_C|YC146A,-1.8890098,2.1957998,0,2
1BJ1_HL_VW|HH101Y,-1.5835956,-0.89435077,0,2
"1BJ1_HL_VW|HH101Y,YH103I,GH104A,SH105K",-0.43125325,1.421544,0,2
"1BJ1_HL_VW|HH101Y,YH103R,GH104N,SH105T",-0.7626503,0.40425324,0,2
"1BJ1_HL_VW|HH101Y,YH103R,SH105T",-1.173123,-0.6633568,0,2
1BJ1_HL_VW|HH107A,0.78965265,0.57415915,0,2
"1BJ1_HL_VW|LH72I,TH74K",0.076517485,0.6495578,0,2
"1BJ1_HL_VW|LH72V,TH74V",0.6706598,0.15277694,0,2
"1BJ1_HL_VW|ML4L,TH28D,NH31H,HH101Y,SH105T",-1.52138,-1.7106463,0,2
1BJ1_HL_VW|NH31H,-0.7626503,0.038894992,0,2
1BJ1_HL_VW|SH105T,-0.39039657,-0.10892072,0,2
1BJ1_HL_VW|TH28D,-0.22003505,-0.23282203,0,2
"1BJ1_HL_VW|TH28D,NH31H",-0.6929008,-0.18080464,0,2
"1BJ1_HL_VW|TH28D,NH31H,YH54W,HH101Y,SH105T",-1.2034981,-1.4209414,0,2
1BJ1_HL_VW|TH59A,0.85066694,1.2102212,0,2
1BJ1_HL_VW|YH27A,2.2425284,0.6663796,0,2
1BJ1_HL_VW|YH54A,1.3276595,0.62006295,0,2
1BJ1_HL_VW|YH54W,-0.13726985,-0.0060254633,0,2
1BJ1_HL_VW|YH99A,4.0,1.0672975,0,2
1DQJ_AB_C|DB32A,2.0134337,0.7710823,0,2
"1DQJ_AB_C|DB32A,KC97A",1.1223834,0.40450642,0,2
1DQJ_AB_C|DC101A,1.3765504,0.9101106,0,2
1DQJ_AB_C|KC96A,4.0,1.1996522,0,2
1DQJ_AB_C|KC97A,3.5197058,0.21662296,0,2
1DQJ_AB_C|LC75A,1.452407,0.78054476,0,2
1DQJ_AB_C|NA31A,2.0134337,1.2483621,0,2
1DQJ_AB_C|NA32A,4.0,1.3754237,0,2
"1DQJ_AB_C|NA32A,KC96A",4.0,1.8824843,0,2
1DQJ_AB_C|NC93A,0.64987326,0.5387888,0,2
1DQJ_AB_C|RC21A,1.2137709,0.47954664,0,2
1DQJ_AB_C|SA91A,1.4318883,0.5587442,0,2
"1DQJ_AB_C|SA91A,RC21A",3.1707318,0.93280566,0,2
"1DQJ_AB_C|SA91A,YC20A",3.573092,2.5117023,0,2
1DQJ_AB_C|SC100A,0.7755829,0.93230534,0,2
1DQJ_AB_C|TC89A,0.84084374,0.8328129,0,2
1DQJ_AB_C|WB98A,4.0,2.0652266,0,2
"1DQJ_AB_C|WB98A,KC97A",4.0,1.508719,0,2
"1DQJ_AB_C|WB98A,SC100A",4.0,3.345499,0,2
"1DQJ_AB_C|WB98A,YC20A",4.0,4.301916,0,2
1DQJ_AB_C|WC62A,0.7580786,0.7100276,0,2
1DQJ_AB_C|WC63A,1.3462692,1.5171685,0,2
1DQJ_AB_C|YA50A,2.678299,0.94172406,0,2
1DQJ_AB_C|YA96A,1.135051,1.290699,0,2
"1DQJ_AB_C|YA96A,RC21A",3.4851997,1.6498426,0,2
"1DQJ_AB_C|YA96A,SC100A",0.91344726,2.2602427,0,2
1DQJ_AB_C|YB33A,4.0,3.122415,0,2
1DQJ_AB_C|YB50A,4.0,1.708164,0,2
1DQJ_AB_C|YB53A,1.1802781,0.51067924,0,2
"1DQJ_AB_C|YB53A,DC101A",2.727121,1.1909702,0,2
"1DQJ_AB_C|YB53A,LC75A",1.2168618,1.0302608,0,2
"1DQJ_AB_C|YB53A,WC62A",1.286308,0.6199956,0,2
"1DQJ_AB_C|YB53A,WC63A",2.1992323,1.3003281,0,2
1DQJ_AB_C|YC20A,3.2857084,1.6628528,0,2
1XGT_AB_C|LB33A,2.1988916,2.265873,0,2
1XGT_AB_C|LB33F,-1.8617703,-1.935368,0,2
1XGT_AB_C|LB33I,-0.061315425,-0.14120257,0,2
1XGT_AB_C|LB33V,1.0463123,0.9454968,0,2
"3BDY_HL_V|DL28N,PL30A,RL31K,SL32T,TL97S,TL98S",-0.9690793,-0.75562,0,2
"3BDY_HL_V|DL28N,PL30A,RL31K,SL32T,TL97S,TL98S,KH31S,DH32G,TH55S,NH56E,GH101V,DH103V",-2.7154896,-2.5972788,0,2
"3BDY_HL_V|DL28N,PL30A,RL31K,SL32T,TL97S,TL98S,KH31S,DH32G,TH55S,NH56E,GH101V,DH103V,RH51A,RH60A",-2.7728782,-1.6239977,0,2
"3BDY_HL_V|DL28N,PL30A,RL31K,SL32T,YL57F,TL97S,TL98S",-0.97316396,-0.6781188,0,2
"3BDY_HL_V|DL28N,PL30A,RL31K,SL32T,YL57F,TL97S,TL98S,KH31S,DH32G,TH55S,NH56E,GH101V,DH103V",-2.727121,-2.5687945,0,2
3HFM_HL_Y|DH32A,1.8982269,0.489493,0,2
"3HFM_HL_Y|DH32A,KY97A",4.0,0.43644834,0,2
"3HFM_HL_Y|DH32A,KY97M",1.1234494,0.5814115,0,2
3HFM_HL_Y|DH32N,0.17036153,0.12996519,0,2
"3HFM_HL_Y|DH32N,KY97A",4.0,0.25676244,0,2
"3HFM_HL_Y|DH32N,KY97M",0.3025042,0.38702527,0,2
3HFM_HL_Y|DY101A,1.2081919,0.7010704,0,2
3HFM_HL_Y|DY101E,2.132881,0.39394596,0,2
3HFM_HL_Y|DY101F,2.3282614,0.46180135,0,2
3HFM_HL_Y|DY101G,0.35884774,0.42259628,0,2
3HFM_HL_Y|DY101K,2.1245396,1.067271,0,2
3HFM_HL_Y|DY101N,1.4911126,0.61268926,0,2
3HFM_HL_Y|DY101Q,2.0851746,-0.18139523,0,2
3HFM_HL_Y|DY101R,2.2798727,0.74044335,0,2
3HFM_HL_Y|DY101S,1.8694,0.112210505,0,2
3HFM_HL_Y|GY102V,0.395285,0.012285121,0,2
3HFM_HL_Y|HY15A,-0.4453172,0.31659546,0,2
3HFM_HL_Y|IY98A,0.0,0.5192826,0,2
3HFM_HL_Y|KY96A,4.0,1.4587587,0,2
3HFM_HL_Y|KY96M,4.0,1.0253845,0,2
3HFM_HL_Y|KY96R,4.0,0.43679315,0,2
3HFM_HL_Y|KY97A,4.0,0.2985941,0,2
3HFM_HL_Y|KY97D,4.0,0.26577735,0,2
3HFM_HL_Y|KY97E,3.6045077,0.12666973,0,2
3HFM_HL_Y|KY97G,4.0,0.4422131,0,2
3HFM_HL_Y|KY97M,0.9469717,0.36102897,0,2
3HFM_HL_Y|KY97R,3.0528512,0.092849515,0,2
3HFM_HL_Y|LY75A,0.70445603,0.30334702,0,2
3HFM_HL_Y|NL31A,4.0,1.4635776,0,2
"3HFM_HL_Y|NL31A,KY96A",4.0,3.1407492,0,2
3HFM_HL_Y|NL31D,1.3434845,0.39092666,0,2
3HFM_HL_Y|NL31E,4.0,0.52023935,0,2
3HFM_HL_Y|NL32A,4.0,0.9455668,0,2
3HFM_HL_Y|NY19D,0.41047263,-0.061682105,0,2
3HFM_HL_Y|NY19K,0.2401111,0.46072745,0,2
3HFM_HL_Y|NY19Q,-0.042485796,-0.044293366,0,2
3HFM_HL_Y|NY93A,0.21121821,0.5230031,0,2
3HFM_HL_Y|QL53A,0.9530879,0.33860415,0,2
3HFM_HL_Y|RY21A,0.8618019,0.49302295,0,2
3HFM_HL_Y|RY21E,2.4534352,0.063752905,0,2
3HFM_HL_Y|RY21G,2.4220753,0.15035927,0,2
3HFM_HL_Y|RY21H,2.1693182,-0.40325007,0,2
3HFM_HL_Y|RY21K,1.766342,0.078303486,0,2
3HFM_HL_Y|RY21M,2.0498905,0.58031535,0,2
3HFM_HL_Y|RY21N,2.3282614,0.31796998,0,2
3HFM_HL_Y|RY21Q,2.3975346,-0.35005307,0,2
3HFM_HL_Y|RY21W,2.132881,0.2046856,0,2
3HFM_HL_Y|RY73A,-0.3313971,0.34624973,0,2
3HFM_HL_Y|SH31A,0.17036153,0.34011137,0,2
3HFM_HL_Y|SY100A,0.26765963,0.75581527,0,2
3HFM_HL_Y|TY89A,0.0,0.7680216,0,2
3HFM_HL_Y|WH98A,4.0,2.1518795,0,2
"3HFM_HL_Y|WH98A,KY96A",4.0,3.67516,0,2
3HFM_HL_Y|WH98F,3.245562,0.52859616,0,2
"3HFM_HL_Y|WH98F,YY20A",4.0,2.797261,0,2
3HFM_HL_Y|WY63A,0.31918663,1.7578708,0,2
3HFM_HL_Y|YH33A,4.0,2.7452831,0,2
"3HFM_HL_Y|YH33A,KY97A",4.0,2.6531007,0,2
3HFM_HL_Y|YH33F,1.0712212,-1.3774235,0,2
3HFM_HL_Y|YH33L,2.0069382,0.4008571,0,2
3HFM_HL_Y|YH33W,1.7495645,-0.085789174,0,2
3HFM_HL_Y|YH50A,4.0,1.7670943,0,2
"3HFM_HL_Y|YH50A,RY21A",4.0,2.223345,0,2
3HFM_HL_Y|YH50F,1.6099914,0.02978075,0,2
3HFM_HL_Y|YH50L,2.8488367,0.47666085,0,2
3HFM_HL_Y|YH53A,3.25038,1.4005978,0,2
3HFM_HL_Y|YH53F,0.62049925,0.2558356,0,2
3HFM_HL_Y|YH53L,0.8068894,0.5769607,0,2
3HFM_HL_Y|YH53W,0.7061819,0.054042738,0,2
3HFM_HL_Y|YH58A,1.6760437,1.6316224,0,2
3HFM_HL_Y|YH58F,0.36312544,0.038390394,0,2
3HFM_HL_Y|YH58L,1.5136731,0.8692174,0,2
3HFM_HL_Y|YL50A,4.0,0.9313971,0,2
"3HFM_HL_Y|YL50A,KY96A",4.0,2.278304,0,2
"3HFM_HL_Y|YL50A,KY97A",4.0,0.8054241,0,2
"3HFM_HL_Y|YL50A,RY21A",4.0,1.3005016,0,2
3HFM_HL_Y|YL50F,2.3548672,0.16450028,0,2
"3HFM_HL_Y|YL50F,RY21A",4.0,0.6810093,0,2
"3HFM_HL_Y|YL50F,YY20A",4.0,1.9536253,0,2
3HFM_HL_Y|YL50L,4.0,0.1628028,0,2
3HFM_HL_Y|YL96A,2.707045,1.6645349,0,2
"3HFM_HL_Y|YL96A,RY21A",4.0,2.0529616,0,2
3HFM_HL_Y|YL96F,1.4017794,0.32811096,0,2
"3HFM_HL_Y|YL96F,RY21A",4.0,1.0101464,0,2
3HFM_HL_Y|YY20A,4.0,1.8003066,0,2
3HFM_HL_Y|YY20F,-0.4839681,0.17101419,0,2
3HFM_HL_Y|YY20L,2.1845057,1.0597379,0,2
3SE9_HL_G|DH77A,-0.7664817,0.13976637,0,2
3SE9_HL_G|EL90A,0.41735974,1.3115807,0,2
3SE9_HL_G|FL91A,0.023615688,0.48045242,0,2
3SE9_HL_G|GH106A,-0.3075798,0.4915814,0,2
3SE9_HL_G|GH107A,-0.6151596,0.4987325,0,2
3SE9_HL_G|GH109A,0.18514356,0.78525925,0,2
3SE9_HL_G|GH57A,0.4524448,0.58772314,0,2
3SE9_HL_G|GH62A,0.04634,0.34277344,0,2
3SE9_HL_G|GL29A,0.46369976,0.7769357,0,2
3SE9_HL_G|LH34A,0.56599987,0.9677272,0,2
3SE9_HL_G|LL89A,0.964243,0.54635906,0,2
3SE9_HL_G|NH60A,1.5217615,1.8200451,0,2
3SE9_HL_G|PH64A,-0.4419396,-0.22755212,0,2
3SE9_HL_G|RH67A,1.4695449,0.35425267,0,2
3SE9_HL_G|RH74A,2.6792572,1.3356174,0,2
3SE9_HL_G|RH76A,-0.2322162,0.904683,0,2
3SE9_HL_G|TH105A,-0.4419396,0.50113237,0,2
3SE9_HL_G|TH56A,-0.85929936,0.1820974,0,2
3SE9_HL_G|VH55A,-0.85929936,0.001113154,0,2
3SE9_HL_G|VH59A,0.9833596,1.7093182,0,2
3SE9_HL_G|VL3A,-0.49433115,0.1667577,0,2
3SE9_HL_G|WH48A,1.0584464,1.3437637,0,2
3SE9_HL_G|WH51A,1.275695,2.019334,0,2
3SE9_HL_G|YH104A,0.46369976,1.3621613,0,2
3SE9_HL_G|YL28A,1.1177194,0.7066603,0,2
4U6H_AB_E|NE21A,-0.3480795,0.8279716,0,2
4U6H_AB_E|QE25A,0.11883454,0.45372987,0,2
4ZS6_HL_A|EA156A,3.0386665,-0.08602594,0,2
4ZS6_HL_A|YA160A,-0.11025046,1.8749185,0,2
1KIP_AB_C|AB32Y,-0.8005932,-1.8569154,1,0
1XGU_AB_C|FB33A,4.0,2.2122068,1,0
1XGU_AB_C|FB33I,1.8004549,0.6842386,1,0
1XGU_AB_C|FB33L,1.8617703,0.782391,1,0
1XGU_AB_C|FB33V,2.9080825,1.0382596,1,0
2B2X_HL_A|EH64K,-0.033433665,0.30315942,1,0
"2B2X_HL_A|EH64K,QL28S,YL52N",0.911615,0.7458903,1,0
"2B2X_HL_A|EH64K,QL28S,YL52N,GH102S",2.7106705,1.0340655,1,0
"2B2X_HL_A|EH64K,QL28S,YL52N,SH35A",3.119054,1.8180348,1,0
"2B2X_HL_A|EH64K,QL28S,YL52N,SH35V",3.770335,1.2409776,1,0
"2B2X_HL_A|EH64K,YL52N",0.34853002,0.8935342,1,0
"2B2X_HL_A|QL28S,YL52N",0.8626942,0.37138093,1,0
2B2X_HL_A|VH50T,0.024054652,-0.20975141,1,0
"2B2X_HL_A|VH50T,EH64D,QL28S,YL52N",0.87177193,0.2436883,1,0
"2B2X_HL_A|VH50T,EH64K,QL28S",0.991589,0.24478455,1,0
"2B2X_HL_A|VH50T,EH64K,QL28S,YL52D",1.5439764,0.5730407,1,0
"2B2X_HL_A|VH50T,EH64K,QL28S,YL52E",0.95452905,0.6171481,1,0
"2B2X_HL_A|VH50T,EH64K,QL28S,YL52K",1.7007239,1.1947954,1,0
"2B2X_HL_A|VH50T,EH64K,QL28S,YL52N",1.043214,0.6823416,1,0
"2B2X_HL_A|VH50T,EH64K,QL28S,YL52N,FH99W",1.043214,0.2855633,1,0
"2B2X_HL_A|VH50T,EH64K,QL28S,YL52N,FH99Y",1.7978828,-0.081012286,1,0
"2B2X_HL_A|VH50T,EH64K,QL28S,YL52N,GH100F",1.4322319,0.8895016,1,0
"2B2X_HL_A|VH50T,EH64K,QL28S,YL52N,GH100L",3.770335,1.4516943,1,0
"2B2X_HL_A|VH50T,EH64K,QL28S,YL52N,GH100M",1.145348,0.93809986,1,0
"2B2X_HL_A|VH50T,EH64K,QL28S,YL52N,GH100S",1.6009614,1.082286,1,0
"2B2X_HL_A|VH50T,EH64K,QL28S,YL52N,GH53A",1.5558206,1.4304214,1,0
"2B2X_HL_A|VH50T,EH64K,QL28S,YL52N,GH53N",2.2985272,1.2148435,1,0
"2B2X_HL_A|VH50T,EH64K,QL28S,YL52N,GH53S",1.7188073,1.1880001,1,0
"2B2X_HL_A|VH50T,EH64K,QL28S,YL52N,GH54I",2.4067745,1.2005994,1,0
"2B2X_HL_A|VH50T,EH64K,QL28S,YL52N,GH54T",2.2073808,1.5065893,1,0
"2B2X_HL_A|VH50T,EH64K,QL28S,YL52N,GH54Y",1.043214,0.5373438,1,0
"2B2X_HL_A|VH50T,EH64K,QL28S,YL52N,GL92Q",2.6158988,1.3921237,1,0
"2B2X_HL_A|VH50T,EH64K,QL28S,YL52N,GL92S",1.5558206,1.093393,1,0
"2B2X_HL_A|VH50T,EH64K,QL28S,YL52N,HL31K",2.2073808,1.0344075,1,0
"2B2X_HL_A|VH50T,EH64K,QL28S,YL52N,HL31R",2.1670115,0.50838906,1,0
"2B2X_HL_A|VH50T,EH64K,QL28S,YL52N,HL31W",2.2985272,0.5442969,1,0
"2B2X_HL_A|VH50T,EH64K,QL28S,YL52N,LH60D",0.981894,0.36762494,1,0
"2B2X_HL_A|VH50T,EH64K,QL28S,YL52N,LL49F",1.7554936,0.5764276,1,0
"2B2X_HL_A|VH50T,EH64K,QL28S,YL52N,LL49K",1.9044149,0.7310932,1,0
"2B2X_HL_A|VH50T,EH64K,QL28S,YL52N,LL49W",2.9507816,0.43094414,1,0
"2B2X_HL_A|VH50T,EH64K,QL28S,YL52N,NL30V",2.0925434,0.62446535,1,0
"2B2X_HL_A|VH50T,EH64K,QL28S,YL52N,NL30W",2.6158988,0.7236041,1,0
"2B2X_HL_A|VH50T,EH64K,QL28S,YL52N,NL30Y",2.9507816,0.19858648,1,0
"2B2X_HL_A|VH50T,EH64K,QL28S,YL52N,NL30Y,SL91I",1.4775821,0.34250236,1,0
"2B2X_HL_A|VH50T,EH64K,QL28S,YL52N,RH31Q",2.350542,0.93019634,1,0
"2B2X_HL_A|VH50T,EH64K,QL28S,YL52N,SH35A",2.6158988,1.8605556,1,0
"2B2X_HL_A|VH50T,EH64K,QL28S,YL52N,SH35A,GH102S",2.6158988,1.9819387,1,0
"2B2X_HL_A|VH50T,EH64K,QL28S,YL52N,SH35Q",3.770335,1.4123179,1,0
"2B2X_HL_A|VH50T,EH64K,QL28S,YL52N,SH35V,GH102S",2.4688888,1.5037522,1,0
"2B2X_HL_A|VH50T,EH64K,QL28S,YL52N,SH52M",3.119054,0.48615527,1,0
"2B2X_HL_A|VH50T,EH64K,QL28S,YL52N,SL24R",0.82788163,0.7545165,1,0
"2B2X_HL_A|VH50T,EH64K,QL28S,YL52N,SL91Q",2.8172472,0.9538115,1,0
"2B2X_HL_A|VH50T,EH64K,QL28S,YL52N,SL91R",3.770335,0.70781416,1,0
"2B2X_HL_A|VH50T,EH64K,QL28S,YL52N,SL91R,NL30E",3.770335,0.88468754,1,0
"2B2X_HL_A|VH50T,EH64K,QL28S,YL52N,SL91T",3.3598623,0.8576238,1,0
"2B2X_HL_A|VH50T,EH64K,QL28S,YL52N,TH33E,GH53Q",2.7106705,1.2942281,1,0
"2B2X_HL_A|VH50T,EH64K,QL28S,YL52N,TH33I,SH52T,GH53N,GH54N",2.9507816,2.0072098,1,0
"2B2X_HL_A|VH50T,EH64K,QL28S,YL52N,TH33I,SH52T,GH53Q,GH54F",2.2985272,2.218365,1,0
"2B2X_HL_A|VH50T,EH64K,QL28S,YL52N,TH33N",3.770335,0.65748143,1,0
"2B2X_HL_A|VH50T,EH64K,QL28S,YL52N,TH33V",1.4775821,0.39094728,1,0
"2B2X_HL_A|VH50T,EH64K,QL28S,YL52N,WL90Q",3.119054,1.3578067,1,0
"2B2X_HL_A|VH50T,EH64K,QL28S,YL52N,WL90Q,FL33Y",1.914233,0.71305424,1,0
"2B2X_HL_A|VH50T,EH64K,QL28S,YL52N,YH58E",3.119054,1.1928623,1,0
"2B2X_HL_A|VH50T,EH64K,QL28S,YL52N,YH58Q",3.119054,1.8968066,1,0
"2B2X_HL_A|VH50T,EH64K,QL28S,YL52N,YH58W",1.8641591,0.8884005,1,0
"2B2X_HL_A|VH50T,EH64K,QL28S,YL52N,YH59E",1.5872209,1.0789752,1,0
"2B2X_HL_A|VH50T,EH64K,QL28S,YL52R",1.8880546,0.7691837,1,0
"2B2X_HL_A|VH50T,EH64K,YL52N",0.28173435,0.8412131,1,0
"2B2X_HL_A|VH50T,EH64N,QL28S,YL52N",1.0069425,0.6459724,1,0
"2B2X_HL_A|VH50T,EH64Q,QL28S,YL52N",0.96559924,0.7203804,1,0
"2B2X_HL_A|VH50T,EH64Q,QL28S,YL52N,LH60D",1.0862032,0.43123233,1,0
"2B2X_HL_A|VH50T,QL28S,YL52N",0.96559924,0.20915253,1,0
"2B2X_HL_A|VH50T,QL28S,YL52N,LH60D",0.90141344,-0.19466187,1,0
"2B2X_HL_A|VH50T,YL52N",0.18636756,0.37821555,1,0
2B2X_HL_A|YL52E,-0.22410508,0.5638459,1,0
2VIR_AB_C|SC115L,3.680209,0.38520527,1,0
2VIR_AB_C|TC89I,4.0,3.0627806,1,0
"3G6D_LH_A|EL3V,GL76R,TL77V,QL78E,EL80G",0.13981691,0.11497994,1,0
"3G6D_LH_A|EL3V,GL76R,TL77V,QL78E,EL80G,DH54N",0.111178115,0.4102167,1,0
"3G6D_LH_A|EL3V,GL76R,TL77V,QL78E,EL80G,TL89S,ML92I,VL93D,TL94K",0.27145106,-0.19419004,1,0
3G6D_LH_A|HH104A,-0.9530879,0.20415686,1,0
"3G6D_LH_A|KH210T,KH215T",-0.13294782,0.17379148,1,0
"3G6D_LH_A|TL89S,ML92I,VL93D,TL94K",0.7979767,-0.52291644,1,0
3G6D_LH_A|WH105A,-1.4965084,0.8221215,1,0
"3IDX_HL_G|CG27I,CG242Q",-2.4650376,-0.029536724,1,0
"3IDX_HL_G|CG27I,CG242Q,MG247A",-2.1736174,-0.15236127,1,0
"3IDX_HL_G|KG85C,EG121C,CG27I,CG242Q",-2.3776865,0.17971756,1,0
"3IDX_HL_G|KG85C,EG121C,WG13M,MG247A,CG14W,CG129V,CG27I,CG242Q",-2.1922898,0.29046285,1,0
"3IDX_HL_G|KG85C,EG122C,WG13M,MG247A,CG14W,CG129V,CG27I,CG242Q",-2.2927184,0.3211851,1,0
"3IDX_HL_G|TG41C,GG245C,MG247A",0.40945426,0.01470001,1,0
"3IDX_HL_G|TG41C,GG245C,WG13M,MG247A,CG14W,CG129V,CG27I,CG242Q",-2.3310676,-0.22254603,1,0
"3IDX_HL_G|WG13M,MG247A,CG14W,CG129V",-0.6475391,0.3338166,1,0
"3IDX_HL_G|WG13M,MG247A,CG14W,CG129V,CG27I,CG242Q",-2.3479884,0.16858776,1,0
"3IDX_HL_G|WG13M,MG247A,CG14W,CG129V,KG85C,EG121C",-0.36166522,0.5092714,1,0
"3IDX_HL_G|WG13M,SG111T,WG200S,MG247A,CG14W,CG129V,CG27I,CG242Q",-1.8639641,0.17336453,1,0
"3L5X_A_HL|EL93F,YL94G",-0.42800838,0.5369458,1,0
"3L5X_A_HL|EL93H,YL94G",-0.7626503,0.41450667,1,0
"3L5X_A_HL|HL91P,NL92I,EL93D,YL94A",-0.6466697,0.60090536,1,0
"3L5X_A_HL|HL91P,NL92L,EL93D,YL94S",-0.6327897,0.32842368,1,0
"3L5X_A_HL|HL91P,NL92L,EL93D,YL94T",-0.81005055,0.6198811,1,0
"3L5X_A_HL|HL91P,NL92L,EL93D,YL94V",-0.85822237,0.37837577,1,0
"3L5X_A_HL|HL91P,NL92L,YL94A",-0.44441348,1.0541974,1,0
"3L5X_A_HL|HL91Q,NL92D,EL93I,YL94G",-1.5503801,0.6476532,1,0
"3L5X_A_HL|HL91Q,NL92D,EL93L,YL94G",-1.785132,0.5738564,1,0
"3L5X_A_HL|HL91Q,NL92D,EL93Y,YL94G",-1.451453,-0.2568394,1,0
"3L5X_A_HL|NL92D,EL93L,YL94G",-0.42962858,0.35913044,1,0
"3L5X_A_HL|NL92D,EL93N,YL94S",-0.53403836,0.4965073,1,0
"3L5X_A_HL|NL92D,EL93P,YL94G",-1.4699602,0.4131437,1,0
"3L5X_A_HL|NL92D,EL93R,YL94D",-0.52253926,-0.0143342465,1,0
"3L5X_A_HL|NL92D,EL93W,YL94E",-1.1963489,-0.4242242,1,0
"3L5X_A_HL|NL92D,EL93W,YL94G",-1.6825228,-0.28467909,1,0
"3L5X_A_HL|NL92D,EL93W,YL94S",-0.71612674,-0.1660172,1,0
"3L5X_A_HL|NL92D,EL93Y,YL94A",-0.8069743,-0.14266428,1,0
"3L5X_A_HL|NL92E,EL93S,YL94G",-1.2653587,0.0061161965,1,0
"3L5X_A_HL|NL92E,EL93W,YL94G",-1.5503801,-0.4296012,1,0
"3L5X_A_HL|NL92F,EL93W,YL94G",-1.2329907,-0.3273803,1,0
"3L5X_A_HL|NL92L,EL93D,YL94S",-0.6170473,0.27039677,1,0
"3L5X_A_HL|NL92L,EL93L,YL94G",-0.6259698,0.40508437,1,0
"3L5X_A_HL|NL92L,EL93M,YL94G",-0.82567644,0.24268474,1,0
"3L5X_A_HL|NL92L,EL93N,YL94G",-0.6954369,0.37650484,1,0
"3L5X_A_HL|NL92S,EL93H,YL94G",-1.2457265,0.20843528,1,0
"3L5X_A_HL|NL92S,EL93I,YL94G",-0.8069743,0.39784533,1,0
"3L5X_A_HL|NL92S,EL93S,YL94G",-0.24921271,0.2095327,1,0
"3L5X_A_HL|NL92S,EL93V,YL94G",-0.51687235,0.34088206,1,0
"3L5X_A_HL|NL92S,EL93W,YL94A",-0.30302802,0.1717828,1,0
"3L5X_A_HL|NL92S,EL93W,YL94G",-1.2720501,-0.20132625,1,0
"3L5X_A_HL|NL92S,EL93Y,YL94G",-0.9641868,-0.44912046,1,0
"3L5X_A_HL|NL92V,EL93G,YL94G",-0.46300006,-0.2759717,1,0
"3L5X_A_HL|NL92V,EL93W,YL94G",-0.83525383,-0.35913146,1,0
3L5X_A_HL|YL94A,-0.82885176,0.9627142,1,0
3N85_A_LH|SH32A,-0.13401966,0.36567384,1,0
3N85_A_LH|SH32Y,0.0571225,-0.6301098,1,0
3N85_A_LH|SH50G,0.48767117,-0.13590288,1,0
3N85_A_LH|SH52Y,-0.78460336,-0.98282665,1,0
3N85_A_LH|WH100F,-0.015185109,0.6522119,1,0
3N85_A_LH|WH30K,-0.78460336,0.73803186,1,0
3N85_A_LH|WH30R,-0.5539675,0.26168883,1,0
3N85_A_LH|WL91F,0.13959166,0.60327154,1,0
3N85_A_LH|WL94Y,-0.03871881,-0.49716288,1,0
3SE8_HL_G|DH110A,-0.38934898,0.17522286,1,0
3SE8_HL_G|DH114A,-0.2441398,0.23403923,1,0
3SE8_HL_G|DL49A,0.8558488,1.388666,1,0
3SE8_HL_G|EL1A,-0.5565174,-0.10771772,1,0
3SE8_HL_G|EL91A,1.513491,0.93369216,1,0
3SE8_HL_G|FH115A,1.0676043,-0.0066569373,1,0
3SE8_HL_G|FL90A,-0.8640972,1.0102488,1,0
3SE8_HL_G|FL92A,0.8323254,0.60927266,1,0
3SE8_HL_G|GH56A,0.3570972,1.0439684,1,0
3SE8_HL_G|KH52A,1.1114144,0.83780396,1,0
3SE8_HL_G|LH54A,0.054776184,0.4779644,1,0
3SE8_HL_G|NL30A,0.19434923,0.59784746,1,0
3SE8_HL_G|PH78A,0.01881787,-0.26073718,1,0
3SE8_HL_G|PH81A,-0.07091986,-0.47058296,1,0
3SE8_HL_G|QH63A,1.1144251,0.24819995,1,0
3SE8_HL_G|QH65A,0.54980505,0.39372766,1,0
3SE8_HL_G|QH76A,0.09689985,0.38780642,1,0
3SE8_HL_G|QL27A,-0.21612903,0.05230005,1,0
3SE8_HL_G|RH30A,-0.03949762,0.9015647,1,0
3SE8_HL_G|RH62A,1.2061691,0.17170101,1,0
3SE8_HL_G|RH72A,2.6444623,1.3778297,1,0
3SE8_HL_G|SH59A,1.1508402,1.2268122,1,0
3SE8_HL_G|VH58A,1.2496852,1.0194165,1,0
3SE8_HL_G|WH47A,1.4751467,1.0105737,1,0
3SE8_HL_G|WH50A,1.333526,2.2032173,1,0
3SE8_HL_G|WH55A,0.7611056,1.4185638,1,0
3SE8_HL_G|YH111A,0.82992166,0.97271013,1,0
3SE8_HL_G|YH60A,0.8558488,1.5616115,1,0
4KRL_A_B|DB112A,0.6496817,1.0177251,1,0
5C6T_HL_A|EA194A,1.0906719,0.76263356,1,0
5C6T_HL_A|FA192A,1.9972014,2.1194017,1,0
5C6T_HL_A|FA199A,2.7581792,1.3790998,1,0
5C6T_HL_A|FA200A,0.41047263,1.3193413,1,0
5C6T_HL_A|FH99A,1.4600298,-0.49281967,1,0
5C6T_HL_A|IA201A,0.88561165,-0.5228427,1,0
5C6T_HL_A|NA183A,0.28399685,1.2067957,1,0
5C6T_HL_A|NA186A,0.3630724,-0.034989357,1,0
5C6T_HL_A|NA188A,-0.36658686,1.3974078,1,0
"5C6T_HL_A|NA195A,DA197A",0.58650106,1.3861619,1,0
5C6T_HL_A|NH97A,1.5258962,0.45780057,1,0
5C6T_HL_A|RH31S,0.3115454,-0.3661883,1,0
5C6T_HL_A|RL48A,0.1229613,0.96131,1,0
5C6T_HL_A|SH32A,-0.8683455,1.0905987,1,0
5C6T_HL_A|TA185A,0.33786914,0.3991679,1,0
5C6T_HL_A|YA182A,3.2083547,1.4972507,1,0
"5C6T_HL_A|YA182A,NA195A,DA197A",2.942425,2.7308438,1,0
5C6T_HL_A|YH104A,0.3630724,1.1685241,1,0
5C6T_HL_A|YH98A,1.7166799,1.493501,1,0
5C6T_HL_A|YL47A,0.5516565,2.03465,1,0
1KIP_AB_C|AB32Y,-0.8005932,-1.6234365,1,1
1XGU_AB_C|FB33A,4.0,3.5684624,1,1
1XGU_AB_C|FB33I,1.8004549,1.3285731,1,1
1XGU_AB_C|FB33L,1.8617703,1.6142049,1,1
1XGU_AB_C|FB33V,2.9080825,2.7184727,1,1
2B2X_HL_A|EH64K,-0.033433665,0.5758953,1,1
"2B2X_HL_A|EH64K,QL28S,YL52N",0.911615,1.0829917,1,1
"2B2X_HL_A|EH64K,QL28S,YL52N,GH102S",2.7106705,1.4488235,1,1
"2B2X_HL_A|EH64K,QL28S,YL52N,SH35A",3.119054,1.9718738,1,1
"2B2X_HL_A|EH64K,QL28S,YL52N,SH35V",3.770335,2.0830677,1,1
"2B2X_HL_A|EH64K,YL52N",0.34853002,1.1683681,1,1
"2B2X_HL_A|QL28S,YL52N",0.8626942,0.4130639,1,1
2B2X_HL_A|VH50T,0.024054652,-0.6204177,1,1
"2B2X_HL_A|VH50T,EH64D,QL28S,YL52N",0.87177193,0.42621747,1,1
"2B2X_HL_A|VH50T,EH64K,QL28S",0.991589,0.56402296,1,1
"2B2X_HL_A|VH50T,EH64K,QL28S,YL52D",1.5439764,0.9157811,1,1
"2B2X_HL_A|VH50T,EH64K,QL28S,YL52E",0.95452905,0.90791804,1,1
"2B2X_HL_A|VH50T,EH64K,QL28S,YL52K",1.7007239,1.8396306,1,1
"2B2X_HL_A|VH50T,EH64K,QL28S,YL52N",1.043214,1.1390545,1,1
"2B2X_HL_A|VH50T,EH64K,QL28S,YL52N,FH99W",1.043214,1.1391395,1,1
"2B2X_HL_A|VH50T,EH64K,QL28S,YL52N,FH99Y",1.7978828,0.72194844,1,1
"2B2X_HL_A|VH50T,EH64K,QL28S,YL52N,GH100F",1.4322319,1.3679341,1,1
"2B2X_HL_A|VH50T,EH64K,QL28S,YL52N,GH100L",3.770335,2.2858236,1,1
"2B2X_HL_A|VH50T,EH64K,QL28S,YL52N,GH100M",1.145348,1.9797193,1,1
"2B2X_HL_A|VH50T,EH64K,QL28S,YL52N,GH100S",1.6009614,1.9596494,1,1
"2B2X_HL_A|VH50T,EH64K,QL28S,YL52N,GH53A",1.5558206,1.7938759,1,1
"2B2X_HL_A|VH50T,EH64K,QL28S,YL52N,GH53N",2.2985272,1.710179,1,1
"2B2X_HL_A|VH50T,EH64K,QL28S,YL52N,GH53S",1.7188073,1.5672011,1,1
"2B2X_HL_A|VH50T,EH64K,QL28S,YL52N,GH54I",2.4067745,1.433479,1,1
"2B2X_HL_A|VH50T,EH64K,QL28S,YL52N,GH54T",2.2073808,1.9121948,1,1
"2B2X_HL_A|VH50T,EH64K,QL28S,YL52N,GH54Y",1.043214,0.76981574,1,1
"2B2X_HL_A|VH50T,EH64K,QL28S,YL52N,GL92Q",2.6158988,2.079935,1,1
"2B2X_HL_A|VH50T,EH64K,QL28S,YL52N,GL92S",1.5558206,1.5236198,1,1
"2B2X_HL_A|VH50T,EH64K,QL28S,YL52N,HL31K",2.2073808,2.328315,1,1
"2B2X_HL_A|VH50T,EH64K,QL28S,YL52N,HL31R",2.1670115,1.3959037,1,1
"2B2X_HL_A|VH50T,EH64K,QL28S,YL52N,HL31W",2.2985272,1.1654367,1,1
"2B2X_HL_A|VH50T,EH64K,QL28S,YL52N,LH60D",0.981894,0.80631346,1,1
"2B2X_HL_A|VH50T,EH64K,QL28S,YL52N,LL49F",1.7554936,1.234232,1,1
"2B2X_HL_A|VH50T,EH64K,QL28S,YL52N,LL49K",1.9044149,1.8559561,1,1
"2B2X_HL_A|VH50T,EH64K,QL28S,YL52N,LL49W",2.9507816,1.2996706,1,1
"2B2X_HL_A|VH50T,EH64K,QL28S,YL52N,NL30V",2.0925434,1.367075,1,1
"2B2X_HL_A|VH50T,EH64K,QL28S,YL52N,NL30W",2.6158988,1.5940033,1,1
"2B2X_HL_A|VH50T,EH64K,QL28S,YL52N,NL30Y",2.9507816,1.1902982,1,1
"2B2X_HL_A|VH50T,EH64K,QL28S,YL52N,NL30Y,SL91I",1.4775821,1.7584481,1,1
"2B2X_HL_A|VH50T,EH64K,QL28S,YL52N,RH31Q",2.350542,1.3480191,1,1
"2B2X_HL_A|VH50T,EH64K,QL28S,YL52N,SH35A",2.6158988,2.2010815,1,1
"2B2X_HL_A|VH50T,EH64K,QL28S,YL52N,SH35A,GH102S",2.6158988,2.4476166,1,1
"2B2X_HL_A|VH50T,EH64K,QL28S,YL52N,SH35Q",3.770335,2.3671005,1,1
"2B2X_HL_A|VH50T,EH64K,QL28S,YL52N,SH35V,GH102S",2.4688888,2.61046,1,1
"2B2X_HL_A|VH50T,EH64K,QL28S,YL52N,SH52M",3.119054,1.456011,1,1
"2B2X_HL_A|VH50T,EH64K,QL28S,YL52N,SL24R",0.82788163,1.3487791,1,1
"2B2X_HL_A|VH50T,EH64K,QL28S,YL52N,SL91Q",2.8172472,2.300177,1,1
"2B2X_HL_A|VH50T,EH64K,QL28S,YL52N,SL91R",3.770335,1.8636746,1,1
"2B2X_HL_A|VH50T,EH64K,QL28S,YL52N,SL91R,NL30E",3.770335,2.0878165,1,1
"2B2X_HL_A|VH50T,EH64K,QL28S,YL52N,SL91T",3.3598623,2.1897714,1,1
"2B2X_HL_A|VH50T,EH64K,QL28S,YL52N,TH33E,GH53Q",2.7106705,2.0197527,1,1
"2B2X_HL_A|VH50T,EH64K,QL28S,YL52N,TH33I,SH52T,GH53N,GH54N",2.9507816,2.8028932,1,1
"2B2X_HL_A|VH50T,EH64K,QL28S,YL52N,TH33I,SH52T,GH53Q,GH54F",2.2985272,2.8477585,1,1
"2B2X_HL_A|VH50T,EH64K,QL28S,YL52N,TH33N",3.770335,1.460272,1,1
"2B2X_HL_A|VH50T,EH64K,QL28S,YL52N,TH33V",1.4775821,1.3790401,1,1
"2B2X_HL_A|VH50T,EH64K,QL28S,YL52N,WL90Q",3.119054,2.330959,1,1
"2B2X_HL_A|VH50T,EH64K,QL28S,YL52N,WL90Q,FL33Y",1.914233,1.79735,1,1
"2B2X_HL_A|VH50T,EH64K,QL28S,YL52N,YH58E",3.119054,1.8408529,1,1
"2B2X_HL_A|VH50T,EH64K,QL28S,YL52N,YH58Q",3.119054,2.7121072,1,1
"2B2X_HL_A|VH50T,EH64K,QL28S,YL52N,YH58W",1.8641591,1.919336,1,1
"2B2X_HL_A|VH50T,EH64K,QL28S,YL52N,YH59E",1.5872209,1.9837624,1,1
"2B2X_HL_A|VH50T,EH64K,QL28S,YL52R",1.8880546,1.3319134,1,1
"2B2X_HL_A|VH50T,EH64K,YL52N",0.28173435,1.3324109,1,1
"2B2X_HL_A|VH50T,EH64N,QL28S,YL52N",1.0069425,0.8112382,1,1
"2B2X_HL_A|VH50T,EH64Q,QL28S,YL52N",0.96559924,0.74818975,1,1
"2B2X_HL_A|VH50T,EH64Q,QL28S,YL52N,LH60D",1.0862032,0.50790447,1,1
"2B2X_HL_A|VH50T,QL28S,YL52N",0.96559924,0.32861868,1,1
"2B2X_HL_A|VH50T,QL28S,YL52N,LH60D",0.90141344,0.008710556,1,1
"2B2X_HL_A|VH50T,YL52N",0.18636756,0.49488816,1,1
2B2X_HL_A|YL52E,-0.22410508,0.36719382,1,1
2VIR_AB_C|SC115L,3.680209,0.9790515,1,1
2VIR_AB_C|TC89I,4.0,3.4112906,1,1
"3G6D_LH_A|EL3V,GL76R,TL77V,QL78E,EL80G",0.13981691,0.55808926,1,1
"3G6D_LH_A|EL3V,GL76R,TL77V,QL78E,EL80G,DH54N",0.111178115,1.2617258,1,1
"3G6D_LH_A|EL3V,GL76R,TL77V,QL78E,EL80G,TL89S,ML92I,VL93D,TL94K",0.27145106,0.37884477,1,1
3G6D_LH_A|HH104A,-0.9530879,0.32530132,1,1
"3G6D_LH_A|KH210T,KH215T",-0.13294782,-0.11008246,1,1
"3G6D_LH_A|TL89S,ML92I,VL93D,TL94K",0.7979767,-0.46744823,1,1
3G6D_LH_A|WH105A,-1.4965084,1.9504455,1,1
"3IDX_HL_G|CG27I,CG242Q",-2.4650376,-0.10216947,1,1
"3IDX_HL_G|CG27I,CG242Q,MG247A",-2.1736174,-0.06746788,1,1
"3IDX_HL_G|KG85C,EG121C,CG27I,CG242Q",-2.3776865,0.5151256,1,1
"3IDX_HL_G|KG85C,EG121C,WG13M,MG247A,CG14W,CG129V,CG27I,CG242Q",-2.1922898,0.95199746,1,1
"3IDX_HL_G|KG85C,EG122C,WG13M,MG247A,CG14W,CG129V,CG27I,CG242Q",-2.2927184,1.1953194,1,1
"3IDX_HL_G|TG41C,GG245C,MG247A",0.40945426,0.20786949,1,1
"3IDX_HL_G|TG41C,GG245C,WG13M,MG247A,CG14W,CG129V,CG27I,CG242Q",-2.3310676,0.4283139,1,1
"3IDX_HL_G|WG13M,MG247A,CG14W,CG129V",-0.6475391,0.24429974,1,1
"3IDX_HL_G|WG13M,MG247A,CG14W,CG129V,CG27I,CG242Q",-2.3479884,0.26094952,1,1
"3IDX_HL_G|WG13M,MG247A,CG14W,CG129V,KG85C,EG121C",-0.36166522,0.72430265,1,1
"3IDX_HL_G|WG13M,SG111T,WG200S,MG247A,CG14W,CG129V,CG27I,CG242Q",-1.8639641,0.101025194,1,1
"3L5X_A_HL|EL93F,YL94G",-0.42800838,0.33350757,1,1
"3L5X_A_HL|EL93H,YL94G",-0.7626503,0.6175792,1,1
"3L5X_A_HL|HL91P,NL92I,EL93D,YL94A",-0.6466697,1.5234345,1,1
"3L5X_A_HL|HL91P,NL92L,EL93D,YL94S",-0.6327897,1.0271248,1,1
"3L5X_A_HL|HL91P,NL92L,EL93D,YL94T",-0.81005055,1.9463383,1,1
"3L5X_A_HL|HL91P,NL92L,EL93D,YL94V",-0.85822237,1.2129599,1,1
"3L5X_A_HL|HL91P,NL92L,YL94A",-0.44441348,1.6096207,1,1
"3L5X_A_HL|HL91Q,NL92D,EL93I,YL94G",-1.5503801,0.6592867,1,1
"3L5X_A_HL|HL91Q,NL92D,EL93L,YL94G",-1.785132,0.57490265,1,1
"3L5X_A_HL|HL91Q,NL92D,EL93Y,YL94G",-1.451453,-0.28421268,1,1
"3L5X_A_HL|NL92D,EL93L,YL94G",-0.42962858,0.03584096,1,1
"3L5X_A_HL|NL92D,EL93N,YL94S",-0.53403836,0.53894156,1,1
"3L5X_A_HL|NL92D,EL93P,YL94G",-1.4699602,0.51189744,1,1
"3L5X_A_HL|NL92D,EL93R,YL94D",-0.52253926,0.32234967,1,1
"3L5X_A_HL|NL92D,EL93W,YL94E",-1.1963489,-0.6727839,1,1
"3L5X_A_HL|NL92D,EL93W,YL94G",-1.6825228,-0.57855827,1,1
"3L5X_A_HL|NL92D,EL93W,YL94S",-0.71612674,-0.5106739,1,1
"3L5X_A_HL|NL92D,EL93Y,YL94A",-0.8069743,-0.07863216,1,1
"3L5X_A_HL|NL92E,EL93S,YL94G",-1.2653587,-0.30287904,1,1
"3L5X_A_HL|NL92E,EL93W,YL94G",-1.5503801,-0.83032185,1,1
"3L5X_A_HL|NL92F,EL93W,YL94G",-1.2329907,-0.6061298,1,1
"3L5X_A_HL|NL92L,EL93D,YL94S",-0.6170473,0.64799905,1,1
"3L5X_A_HL|NL92L,EL93L,YL94G",-0.6259698,0.510311,1,1
"3L5X_A_HL|NL92L,EL93M,YL94G",-0.82567644,0.689687,1,1
"3L5X_A_HL|NL92L,EL93N,YL94G",-0.6954369,0.85431284,1,1
"3L5X_A_HL|NL92S,EL93H,YL94G",-1.2457265,0.13020468,1,1
"3L5X_A_HL|NL92S,EL93I,YL94G",-0.8069743,0.22419019,1,1
"3L5X_A_HL|NL92S,EL93S,YL94G",-0.24921271,0.0077026,1,1
"3L5X_A_HL|NL92S,EL93V,YL94G",-0.51687235,0.15274516,1,1
"3L5X_A_HL|NL92S,EL93W,YL94A",-0.30302802,0.22318166,1,1
"3L5X_A_HL|NL92S,EL93W,YL94G",-1.2720501,-0.31354597,1,1
"3L5X_A_HL|NL92S,EL93Y,YL94G",-0.9641868,-0.52909756,1,1
"3L5X_A_HL|NL92V,EL93G,YL94G",-0.46300006,0.004087448,1,1
"3L5X_A_HL|NL92V,EL93W,YL94G",-0.83525383,-0.2819249,1,1
3L5X_A_HL|YL94A,-0.82885176,1.2169152,1,1
3N85_A_LH|SH32A,-0.13401966,0.73196745,1,1
3N85_A_LH|SH32Y,0.0571225,-0.50064915,1,1
3N85_A_LH|SH50G,0.48767117,0.070143275,1,1
3N85_A_LH|SH52Y,-0.78460336,-0.73177165,1,1
3N85_A_LH|WH100F,-0.015185109,-0.12568744,1,1
3N85_A_LH|WH30K,-0.78460336,0.85140985,1,1
3N85_A_LH|WH30R,-0.5539675,0.371894,1,1
3N85_A_LH|WL91F,0.13959166,-0.22679725,1,1
3N85_A_LH|WL94Y,-0.03871881,-0.53837264,1,1
3SE8_HL_G|DH110A,-0.38934898,0.33659697,1,1
3SE8_HL_G|DH114A,-0.2441398,0.7339374,1,1
3SE8_HL_G|DL49A,0.8558488,0.96402514,1,1
3SE8_HL_G|EL1A,-0.5565174,0.53092974,1,1
3SE8_HL_G|EL91A,1.513491,1.3579191,1,1
3SE8_HL_G|FH115A,1.0676043,1.6500639,1,1
3SE8_HL_G|FL90A,-0.8640972,1.3905805,1,1
3SE8_HL_G|FL92A,0.8323254,1.0441929,1,1
3SE8_HL_G|GH56A,0.3570972,0.6352608,1,1
3SE8_HL_G|KH52A,1.1114144,0.13075711,1,1
3SE8_HL_G|LH54A,0.054776184,0.7825666,1,1
3SE8_HL_G|NL30A,0.19434923,0.33698887,1,1
3SE8_HL_G|PH78A,0.01881787,0.026595224,1,1
3SE8_HL_G|PH81A,-0.07091986,0.08409677,1,1
3SE8_HL_G|QH63A,1.1144251,0.06955826,1,1
3SE8_HL_G|QH65A,0.54980505,0.18570465,1,1
3SE8_HL_G|QH76A,0.09689985,0.14020012,1,1
3SE8_HL_G|QL27A,-0.21612903,0.082646266,1,1
3SE8_HL_G|RH30A,-0.03949762,0.50250435,1,1
3SE8_HL_G|RH62A,1.2061691,0.23317757,1,1
3SE8_HL_G|RH72A,2.6444623,0.9858842,1,1
3SE8_HL_G|SH59A,1.1508402,0.55093765,1,1
3SE8_HL_G|VH58A,1.2496852,0.68547547,1,1
3SE8_HL_G|WH47A,1.4751467,1.3653126,1,1
3SE8_HL_G|WH50A,1.333526,1.9671414,1,1
3SE8_HL_G|WH55A,0.7611056,0.99849,1,1
3SE8_HL_G|YH111A,0.82992166,0.7925034,1,1
3SE8_HL_G|YH60A,0.8558488,1.008095,1,1
4KRL_A_B|DB112A,0.6496817,1.895213,1,1
5C6T_HL_A|EA194A,1.0906719,1.3555788,1,1
5C6T_HL_A|FA192A,1.9972014,1.2510757,1,1
5C6T_HL_A|FA199A,2.7581792,1.6298834,1,1
5C6T_HL_A|FA200A,0.41047263,0.5596576,1,1
5C6T_HL_A|FH99A,1.4600298,0.33196765,1,1
5C6T_HL_A|IA201A,0.88561165,-0.79232895,1,1
5C6T_HL_A|NA183A,0.28399685,0.16607165,1,1
5C6T_HL_A|NA186A,0.3630724,-0.09122144,1,1
5C6T_HL_A|NA188A,-0.36658686,0.62479216,1,1
"5C6T_HL_A|NA195A,DA197A",0.58650106,0.799757,1,1
5C6T_HL_A|NH97A,1.5258962,0.18987603,1,1
5C6T_HL_A|RH31S,0.3115454,0.041922476,1,1
5C6T_HL_A|RL48A,0.1229613,0.16094102,1,1
5C6T_HL_A|SH32A,-0.8683455,0.37156987,1,1
5C6T_HL_A|TA185A,0.33786914,0.6446391,1,1
5C6T_HL_A|YA182A,3.2083547,0.3692517,1,1
"5C6T_HL_A|YA182A,NA195A,DA197A",2.942425,0.9849474,1,1
5C6T_HL_A|YH104A,0.3630724,1.2524883,1,1
5C6T_HL_A|YH98A,1.7166799,1.0416014,1,1
5C6T_HL_A|YL47A,0.5516565,1.1571313,1,1
1KIP_AB_C|AB32Y,-0.8005932,-0.955495,1,2
1XGU_AB_C|FB33A,4.0,3.194997,1,2
1XGU_AB_C|FB33I,1.8004549,1.7551031,1,2
1XGU_AB_C|FB33L,1.8617703,1.985871,1,2
1XGU_AB_C|FB33V,2.9080825,2.919701,1,2
2B2X_HL_A|EH64K,-0.033433665,0.13290745,1,2
"2B2X_HL_A|EH64K,QL28S,YL52N",0.911615,1.0919403,1,2
"2B2X_HL_A|EH64K,QL28S,YL52N,GH102S",2.7106705,2.023702,1,2
"2B2X_HL_A|EH64K,QL28S,YL52N,SH35A",3.119054,1.8001971,1,2
"2B2X_HL_A|EH64K,QL28S,YL52N,SH35V",3.770335,1.8456279,1,2
"2B2X_HL_A|EH64K,YL52N",0.34853002,0.2212861,1,2
"2B2X_HL_A|QL28S,YL52N",0.8626942,0.89671934,1,2
2B2X_HL_A|VH50T,0.024054652,-0.35237083,1,2
"2B2X_HL_A|VH50T,EH64D,QL28S,YL52N",0.87177193,0.91592777,1,2
"2B2X_HL_A|VH50T,EH64K,QL28S",0.991589,1.0609928,1,2
"2B2X_HL_A|VH50T,EH64K,QL28S,YL52D",1.5439764,1.1142218,1,2
"2B2X_HL_A|VH50T,EH64K,QL28S,YL52E",0.95452905,1.1685711,1,2
"2B2X_HL_A|VH50T,EH64K,QL28S,YL52K",1.7007239,1.7478633,1,2
"2B2X_HL_A|VH50T,EH64K,QL28S,YL52N",1.043214,1.3020271,1,2
"2B2X_HL_A|VH50T,EH64K,QL28S,YL52N,FH99W",1.043214,1.3600312,1,2
"2B2X_HL_A|VH50T,EH64K,QL28S,YL52N,FH99Y",1.7978828,1.4183419,1,2
"2B2X_HL_A|VH50T,EH64K,QL28S,YL52N,GH100F",1.4322319,0.6227431,1,2
"2B2X_HL_A|VH50T,EH64K,QL28S,YL52N,GH100L",3.770335,1.300942,1,2
"2B2X_HL_A|VH50T,EH64K,QL28S,YL52N,GH100M",1.145348,1.2352178,1,2
"2B2X_HL_A|VH50T,EH64K,QL28S,YL52N,GH100S",1.6009614,1.680983,1,2
"2B2X_HL_A|VH50T,EH64K,QL28S,YL52N,GH53A",1.5558206,1.2983898,1,2
"2B2X_HL_A|VH50T,EH64K,QL28S,YL52N,GH53N",2.2985272,1.553902,1,2
"2B2X_HL_A|VH50T,EH64K,QL28S,YL52N,GH53S",1.7188073,1.4434705,1,2
"2B2X_HL_A|VH50T,EH64K,QL28S,YL52N,GH54I",2.4067745,1.3520635,1,2
"2B2X_HL_A|VH50T,EH64K,QL28S,YL52N,GH54T",2.2073808,1.381578,1,2
"2B2X_HL_A|VH50T,EH64K,QL28S,YL52N,GH54Y",1.043214,1.1094116,1,2
"2B2X_HL_A|VH50T,EH64K,QL28S,YL52N,GL92Q",2.6158988,1.8846521,1,2
"2B2X_HL_A|VH50T,EH64K,QL28S,YL52N,GL92S",1.5558206,1.6388632,1,2
"2B2X_HL_A|VH50T,EH64K,QL28S,YL52N,HL31K",2.2073808,2.2119465,1,2
"2B2X_HL_A|VH50T,EH64K,QL28S,YL52N,HL31R",2.1670115,1.4177014,1,2
"2B2X_HL_A|VH50T,EH64K,QL28S,YL52N,HL31W",2.2985272,1.3655541,1,2
"2B2X_HL_A|VH50T,EH64K,QL28S,YL52N,LH60D",0.981894,1.2655847,1,2
"2B2X_HL_A|VH50T,EH64K,QL28S,YL52N,LL49F",1.7554936,1.1622826,1,2
"2B2X_HL_A|VH50T,EH64K,QL28S,YL52N,LL49K",1.9044149,1.7874306,1,2
"2B2X_HL_A|VH50T,EH64K,QL28S,YL52N,LL49W",2.9507816,1.645969,1,2
"2B2X_HL_A|VH50T,EH64K,QL28S,YL52N,NL30V",2.0925434,1.5497158,1,2
"2B2X_HL_A|VH50T,EH64K,QL28S,YL52N,NL30W",2.6158988,1.6532537,1,2
"2B2X_HL_A|VH50T,EH64K,QL28S,YL52N,NL30Y",2.9507816,1.5435607,1,2
"2B2X_HL_A|VH50T,EH64K,QL28S,YL52N,NL30Y,SL91I",1.4775821,1.5468335,1,2
"2B2X_HL_A|VH50T,EH64K,QL28S,YL52N,RH31Q",2.350542,1.4636129,1,2
"2B2X_HL_A|VH50T,EH64K,QL28S,YL52N,SH35A",2.6158988,2.0590603,1,2
"2B2X_HL_A|VH50T,EH64K,QL28S,YL52N,SH35A,GH102S",2.6158988,2.5303223,1,2
"2B2X_HL_A|VH50T,EH64K,QL28S,YL52N,SH35Q",3.770335,2.2038639,1,2
"2B2X_HL_A|VH50T,EH64K,QL28S,YL52N,SH35V,GH102S",2.4688888,2.6823263,1,2
"2B2X_HL_A|VH50T,EH64K,QL28S,YL52N,SH52M",3.119054,1.1568896,1,2
"2B2X_HL_A|VH50T,EH64K,QL28S,YL52N,SL24R",0.82788163,0.5678596,1,2
"2B2X_HL_A|VH50T,EH64K,QL28S,YL52N,SL91Q",2.8172472,1.8803867,1,2
"2B2X_HL_A|VH50T,EH64K,QL28S,YL52N,SL91R",3.770335,1.061171,1,2
"2B2X_HL_A|VH50T,EH64K,QL28S,YL52N,SL91R,NL30E",3.770335,1.6169224,1,2
"2B2X_HL_A|VH50T,EH64K,QL28S,YL52N,SL91T",3.3598623,1.5843021,1,2
"2B2X_HL_A|VH50T,EH64K,QL28S,YL52N,TH33E,GH53Q",2.7106705,2.158217,1,2
"2B2X_HL_A|VH50T,EH64K,QL28S,YL52N,TH33I,SH52T,GH53N,GH54N",2.9507816,2.0050642,1,2
"2B2X_HL_A|VH50T,EH64K,QL28S,YL52N,TH33I,SH52T,GH53Q,GH54F",2.2985272,1.7590113,1,2
"2B2X_HL_A|VH50T,EH64K,QL28S,YL52N,TH33N",3.770335,2.3380136,1,2
"2B2X_HL_A|VH50T,EH64K,QL28S,YL52N,TH33V",1.4775821,1.7611775,1,2
"2B2X_HL_A|VH50T,EH64K,QL28S,YL52N,WL90Q",3.119054,2.0565438,1,2
"2B2X_HL_A|VH50T,EH64K,QL28S,YL52N,WL90Q,FL33Y",1.914233,2.0434008,1,2
"2B2X_HL_A|VH50T,EH64K,QL28S,YL52N,YH58E",3.119054,2.1243303,1,2
"2B2X_HL_A|VH50T,EH64K,QL28S,YL52N,YH58Q",3.119054,2.294,1,2
"2B2X_HL_A|VH50T,EH64K,QL28S,YL52N,YH58W",1.8641591,1.6998687,1,2
"2B2X_HL_A|VH50T,EH64K,QL28S,YL52N,YH59E",1.5872209,1.897943,1,2
"2B2X_HL_A|VH50T,EH64K,QL28S,YL52R",1.8880546,1.2619202,1,2
"2B2X_HL_A|VH50T,EH64K,YL52N",0.28173435,0.7605722,1,2
"2B2X_HL_A|VH50T,EH64N,QL28S,YL52N",1.0069425,1.2776959,1,2
"2B2X_HL_A|VH50T,EH64Q,QL28S,YL52N",0.96559924,1.1903524,1,2
"2B2X_HL_A|VH50T,EH64Q,QL28S,YL52N,LH60D",1.0862032,1.1789122,1,2
"2B2X_HL_A|VH50T,QL28S,YL52N",0.96559924,1.1358563,1,2
"2B2X_HL_A|VH50T,QL28S,YL52N,LH60D",0.90141344,1.0836833,1,2
"2B2X_HL_A|VH50T,YL52N",0.18636756,0.63054895,1,2
2B2X_HL_A|YL52E,-0.22410508,-0.14644432,1,2
2VIR_AB_C|SC115L,3.680209,0.5039538,1,2
2VIR_AB_C|TC89I,4.0,4.3025784,1,2
"3G6D_LH_A|EL3V,GL76R,TL77V,QL78E,EL80G",0.13981691,0.94286036,1,2
"3G6D_LH_A|EL3V,GL76R,TL77V,QL78E,EL80G,DH54N",0.111178115,1.6175773,1,2
"3G6D_LH_A|EL3V,GL76R,TL77V,QL78E,EL80G,TL89S,ML92I,VL93D,TL94K",0.27145106,0.11628989,1,2
3G6D_LH_A|HH104A,-0.9530879,0.6613202,1,2
"3G6D_LH_A|KH210T,KH215T",-0.13294782,-0.5737839,1,2
"3G6D_LH_A|TL89S,ML92I,VL93D,TL94K",0.7979767,-1.2239611,1,2
3G6D_LH_A|WH105A,-1.4965084,1.127137,1,2
"3IDX_HL_G|CG27I,CG242Q",-2.4650376,0.07592664,1,2
"3IDX_HL_G|CG27I,CG242Q,MG247A",-2.1736174,0.18665403,1,2
"3IDX_HL_G|KG85C,EG121C,CG27I,CG242Q",-2.3776865,0.50967455,1,2
"3IDX_HL_G|KG85C,EG121C,WG13M,MG247A,CG14W,CG129V,CG27I,CG242Q",-2.1922898,0.40589792,1,2
"3IDX_HL_G|KG85C,EG122C,WG13M,MG247A,CG14W,CG129V,CG27I,CG242Q",-2.2927184,0.43497422,1,2
"3IDX_HL_G|TG41C,GG245C,MG247A",0.40945426,0.461054,1,2
"3IDX_HL_G|TG41C,GG245C,WG13M,MG247A,CG14W,CG129V,CG27I,CG242Q",-2.3310676,0.09298312,1,2
"3IDX_HL_G|WG13M,MG247A,CG14W,CG129V",-0.6475391,0.22613113,1,2
"3IDX_HL_G|WG13M,MG247A,CG14W,CG129V,CG27I,CG242Q",-2.3479884,0.10545929,1,2
"3IDX_HL_G|WG13M,MG247A,CG14W,CG129V,KG85C,EG121C",-0.36166522,0.2548002,1,2
"3IDX_HL_G|WG13M,SG111T,WG200S,MG247A,CG14W,CG129V,CG27I,CG242Q",-1.8639641,-0.4036237,1,2
"3L5X_A_HL|EL93F,YL94G",-0.42800838,0.3166259,1,2
"3L5X_A_HL|EL93H,YL94G",-0.7626503,0.87780833,1,2
"3L5X_A_HL|HL91P,NL92I,EL93D,YL94A",-0.6466697,0.46459395,1,2
"3L5X_A_HL|HL91P,NL92L,EL93D,YL94S",-0.6327897,0.63618636,1,2
"3L5X_A_HL|HL91P,NL92L,EL93D,YL94T",-0.81005055,0.5285051,1,2
"3L5X_A_HL|HL91P,NL92L,EL93D,YL94V",-0.85822237,0.8328115,1,2
"3L5X_A_HL|HL91P,NL92L,YL94A",-0.44441348,0.4408212,1,2
"3L5X_A_HL|HL91Q,NL92D,EL93I,YL94G",-1.5503801,0.75858426,1,2
"3L5X_A_HL|HL91Q,NL92D,EL93L,YL94G",-1.785132,0.6100334,1,2
"3L5X_A_HL|HL91Q,NL92D,EL93Y,YL94G",-1.451453,0.11176245,1,2
"3L5X_A_HL|NL92D,EL93L,YL94G",-0.42962858,-0.13145493,1,2
"3L5X_A_HL|NL92D,EL93N,YL94S",-0.53403836,1.0616907,1,2
"3L5X_A_HL|NL92D,EL93P,YL94G",-1.4699602,0.3581945,1,2
"3L5X_A_HL|NL92D,EL93R,YL94D",-0.52253926,-0.2887187,1,2
"3L5X_A_HL|NL92D,EL93W,YL94E",-1.1963489,-0.6110736,1,2
"3L5X_A_HL|NL92D,EL93W,YL94G",-1.6825228,-0.7087774,1,2
"3L5X_A_HL|NL92D,EL93W,YL94S",-0.71612674,-0.10078873,1,2
"3L5X_A_HL|NL92D,EL93Y,YL94A",-0.8069743,-0.13962312,1,2
"3L5X_A_HL|NL92E,EL93S,YL94G",-1.2653587,0.21688962,1,2
"3L5X_A_HL|NL92E,EL93W,YL94G",-1.5503801,-0.71583354,1,2
"3L5X_A_HL|NL92F,EL93W,YL94G",-1.2329907,-1.2432456,1,2
"3L5X_A_HL|NL92L,EL93D,YL94S",-0.6170473,0.57861316,1,2
"3L5X_A_HL|NL92L,EL93L,YL94G",-0.6259698,-0.17402402,1,2
"3L5X_A_HL|NL92L,EL93M,YL94G",-0.82567644,0.1396527,1,2
"3L5X_A_HL|NL92L,EL93N,YL94G",-0.6954369,0.22470686,1,2
"3L5X_A_HL|NL92S,EL93H,YL94G",-1.2457265,0.5897236,1,2
"3L5X_A_HL|NL92S,EL93I,YL94G",-0.8069743,0.5276996,1,2
"3L5X_A_HL|NL92S,EL93S,YL94G",-0.24921271,0.7131325,1,2
"3L5X_A_HL|NL92S,EL93V,YL94G",-0.51687235,0.7832619,1,2
"3L5X_A_HL|NL92S,EL93W,YL94A",-0.30302802,0.02674814,1,2
"3L5X_A_HL|NL92S,EL93W,YL94G",-1.2720501,-0.14770274,1,2
"3L5X_A_HL|NL92S,EL93Y,YL94G",-0.9641868,0.06961624,1,2
"3L5X_A_HL|NL92V,EL93G,YL94G",-0.46300006,0.51384115,1,2
"3L5X_A_HL|NL92V,EL93W,YL94G",-0.83525383,-0.15256624,1,2
3L5X_A_HL|YL94A,-0.82885176,0.9468291,1,2
3N85_A_LH|SH32A,-0.13401966,0.77273667,1,2
3N85_A_LH|SH32Y,0.0571225,-1.0451618,1,2
3N85_A_LH|SH50G,0.48767117,-0.64683807,1,2
3N85_A_LH|SH52Y,-0.78460336,-0.4972293,1,2
3N85_A_LH|WH100F,-0.015185109,0.39636973,1,2
3N85_A_LH|WH30K,-0.78460336,0.74690866,1,2
3N85_A_LH|WH30R,-0.5539675,-0.44878253,1,2
3N85_A_LH|WL91F,0.13959166,0.71167207,1,2
3N85_A_LH|WL94Y,-0.03871881,0.040573288,1,2
3SE8_HL_G|DH110A,-0.38934898,-0.2999903,1,2
3SE8_HL_G|DH114A,-0.2441398,0.9244598,1,2
3SE8_HL_G|DL49A,0.8558488,1.6580231,1,2
3SE8_HL_G|EL1A,-0.5565174,-0.42435881,1,2
3SE8_HL_G|EL91A,1.513491,1.344848,1,2
3SE8_HL_G|FH115A,1.0676043,2.7501545,1,2
3SE8_HL_G|FL90A,-0.8640972,0.8165562,1,2
3SE8_HL_G|FL92A,0.8323254,0.5761684,1,2
3SE8_HL_G|GH56A,0.3570972,0.6162119,1,2
3SE8_HL_G|KH52A,1.1114144,0.41841337,1,2
3SE8_HL_G|LH54A,0.054776184,0.24016133,1,2
3SE8_HL_G|NL30A,0.19434923,0.96930456,1,2
3SE8_HL_G|PH78A,0.01881787,0.26429838,1,2
3SE8_HL_G|PH81A,-0.07091986,0.78958094,1,2
3SE8_HL_G|QH63A,1.1144251,-0.27015546,1,2
3SE8_HL_G|QH65A,0.54980505,-0.0646379,1,2
3SE8_HL_G|QH76A,0.09689985,-0.020152777,1,2
3SE8_HL_G|QL27A,-0.21612903,-0.21658033,1,2
3SE8_HL_G|RH30A,-0.03949762,0.6023669,1,2
3SE8_HL_G|RH62A,1.2061691,0.615687,1,2
3SE8_HL_G|RH72A,2.6444623,1.9843818,1,2
3SE8_HL_G|SH59A,1.1508402,0.58909297,1,2
3SE8_HL_G|VH58A,1.2496852,1.0324247,1,2
3SE8_HL_G|WH47A,1.4751467,1.852751,1,2
3SE8_HL_G|WH50A,1.333526,1.679856,1,2
3SE8_HL_G|WH55A,0.7611056,-0.25664404,1,2
3SE8_HL_G|YH111A,0.82992166,-0.32845747,1,2
3SE8_HL_G|YH60A,0.8558488,0.8652916,1,2
4KRL_A_B|DB112A,0.6496817,1.4625465,1,2
5C6T_HL_A|EA194A,1.0906719,1.6592499,1,2
5C6T_HL_A|FA192A,1.9972014,1.4851757,1,2
5C6T_HL_A|FA199A,2.7581792,1.0768131,1,2
5C6T_HL_A|FA200A,0.41047263,0.47281092,1,2
5C6T_HL_A|FH99A,1.4600298,0.9231144,1,2
5C6T_HL_A|IA201A,0.88561165,0.29920647,1,2
5C6T_HL_A|NA183A,0.28399685,0.9636948,1,2
5C6T_HL_A|NA186A,0.3630724,-0.25700083,1,2
5C6T_HL_A|NA188A,-0.36658686,1.0023463,1,2
"5C6T_HL_A|NA195A,DA197A",0.58650106,1.6600949,1,2
5C6T_HL_A|NH97A,1.5258962,0.49913263,1,2
5C6T_HL_A|RH31S,0.3115454,1.2973601,1,2
5C6T_HL_A|RL48A,0.1229613,2.1386812,1,2
5C6T_HL_A|SH32A,-0.8683455,0.49205238,1,2
5C6T_HL_A|TA185A,0.33786914,1.1224319,1,2
5C6T_HL_A|YA182A,3.2083547,0.6333569,1,2
"5C6T_HL_A|YA182A,NA195A,DA197A",2.942425,1.6535629,1,2
5C6T_HL_A|YH104A,0.3630724,1.3945837,1,2
5C6T_HL_A|YH98A,1.7166799,0.5198655,1,2
5C6T_HL_A|YL47A,0.5516565,1.8693478,1,2
1DVF_AB_CD|DB100A,2.7895143,0.7574276,2,0
"1DVF_AB_CD|DB100A,DD52A",4.0,1.7131075,2,0
"1DVF_AB_CD|DB100A,HD33A",4.0,2.0634305,2,0
"1DVF_AB_CD|DB100A,ND55A",4.0,0.9370253,2,0
1DVF_AB_CD|DB54A,4.0,0.35111928,2,0
"1DVF_AB_CD|DB54A,YC49A",4.0,0.96268857,2,0
1DVF_AB_CD|DB58A,1.6000048,0.889018,2,0
"1DVF_AB_CD|DB58A,QD104A",1.4641725,0.9220238,2,0
1DVF_AB_CD|DD52A,1.6822901,0.89669466,2,0
1DVF_AB_CD|EB98A,4.0,0.8759549,2,0
"1DVF_AB_CD|EB98A,YD102A",4.0,2.4071505,2,0
1DVF_AB_CD|HA30A,1.6493824,0.5115069,2,0
1DVF_AB_CD|HD33A,1.8606005,0.61698765,2,0
1DVF_AB_CD|ID101A,2.6815457,0.2825212,2,0
1DVF_AB_CD|KD30A,1.0035173,0.20455976,2,0
1DVF_AB_CD|NB56A,1.1624389,0.0020024627,2,0
"1DVF_AB_CD|NB56A,HD33A",2.5259995,0.7183611,2,0
"1DVF_AB_CD|NB56A,ND55A",2.3010929,-0.121429235,2,0
"1DVF_AB_CD|NB56A,QD104A",1.4868644,0.10414545,2,0
1DVF_AB_CD|ND55A,1.8606005,0.2835816,2,0
1DVF_AB_CD|QD104A,1.6287225,0.98537064,2,0
1DVF_AB_CD|RB99A,1.8746451,0.35523796,2,0
1DVF_AB_CD|RD106A,4.0,0.13100761,2,0
1DVF_AB_CD|SA93A,1.1624389,0.36798704,2,0
1DVF_AB_CD|TB30A,0.9075126,-0.338749,2,0
1DVF_AB_CD|WA92A,0.34072307,0.0020622462,2,0
1DVF_AB_CD|WB52A,4.0,1.3339132,2,0
"1DVF_AB_CD|WB52A,QD104A",4.0,1.6602614,2,0
1DVF_AB_CD|YA32A,2.0303695,1.2776519,2,0
"1DVF_AB_CD|YA32A,RD106A",4.0,0.5560346,2,0
1DVF_AB_CD|YA49A,1.6785902,1.7822527,2,0
"1DVF_AB_CD|YA49A,HD33A",2.625045,3.041407,2,0
"1DVF_AB_CD|YA49A,ND55A",2.0303695,1.844291,2,0
1DVF_AB_CD|YA50A,0.6877736,1.790922,2,0
1DVF_AB_CD|YB101F,2.0123136,1.5049074,2,0
1DVF_AB_CD|YB32A,1.8314707,1.3993112,2,0
1DVF_AB_CD|YC49A,1.8606005,0.1321458,2,0
1DVF_AB_CD|YD102A,4.0,1.6542183,2,0
1MHP_HL_A|FH99W,0.0,-0.35183167,2,0
1MHP_HL_A|FH99Y,0.75466895,-0.709588,2,0
1MHP_HL_A|GH100F,0.38901797,0.073072255,2,0
1MHP_HL_A|GH100L,2.727121,0.42374742,2,0
1MHP_HL_A|GH100M,0.10213403,0.045615315,2,0
1MHP_HL_A|GH100S,0.5577475,0.17468894,2,0
1MHP_HL_A|GH53A,0.5126066,0.47238857,2,0
1MHP_HL_A|GH53N,1.2553134,-0.010993496,2,0
1MHP_HL_A|GH53S,0.6755934,0.14411081,2,0
1MHP_HL_A|GH54I,1.3635606,0.13599016,2,0
1MHP_HL_A|GH54T,1.1641668,0.710387,2,0
1MHP_HL_A|GH54Y,0.0,-0.58427393,2,0
1MHP_HL_A|GL91Q,1.572685,0.08733916,2,0
1MHP_HL_A|GL91S,0.5126066,0.25819325,2,0
1MHP_HL_A|HL30K,1.1641668,0.6756964,2,0
1MHP_HL_A|HL30R,1.1237977,-0.20411523,2,0
1MHP_HL_A|HL30W,1.2553134,-0.45828354,2,0
1MHP_HL_A|KH64D,-0.17144196,-0.7585665,2,0
1MHP_HL_A|KH64E,-0.07761467,-0.6070864,2,0
"1MHP_HL_A|KH64E,SL27Q",-0.85684633,-0.91568035,2,0
"1MHP_HL_A|KH64E,SL27Q,NL51Y",-1.0191593,-1.7538337,2,0
1MHP_HL_A|KH64N,-0.03627145,-0.40257716,2,0
1MHP_HL_A|KH64Q,-0.07761467,-0.5207937,2,0
1MHP_HL_A|LH60D,-0.061319917,-0.044757083,2,0
"1MHP_HL_A|LH60D,KH64E",-0.1418005,-0.6992188,2,0
"1MHP_HL_A|LH60D,KH64Q",0.042989343,-0.3976636,2,0
1MHP_HL_A|LL48F,0.71227974,-0.08245137,2,0
1MHP_HL_A|LL48K,0.8612009,0.10727875,2,0
1MHP_HL_A|LL48W,1.9075676,-0.46566218,2,0
1MHP_HL_A|NL29V,1.0493295,0.17032364,2,0
1MHP_HL_A|NL29W,1.572685,0.04022436,2,0
1MHP_HL_A|NL29Y,1.9075676,-0.2372442,2,0
"1MHP_HL_A|NL29Y,SL90I",0.43436813,-0.1751864,2,0
1MHP_HL_A|NL51D,0.5007625,-0.27758107,2,0
1MHP_HL_A|NL51E,-0.08868487,-0.09238252,2,0
1MHP_HL_A|NL51K,0.65751,0.28959966,2,0
1MHP_HL_A|NL51R,0.84484076,-0.08694596,2,0
1MHP_HL_A|NL51Y,-0.05162489,-0.59010476,2,0
1MHP_HL_A|RH31Q,1.3073281,0.29030293,2,0
1MHP_HL_A|SH35A,1.572685,1.0903542,2,0
"1MHP_HL_A|SH35A,GH102S",1.572685,1.387076,2,0
1MHP_HL_A|SH35Q,2.727121,0.14531831,2,0
"1MHP_HL_A|SH35V,GH102S",1.4256749,1.0532132,2,0
1MHP_HL_A|SH52M,2.0758402,-0.35929197,2,0
1MHP_HL_A|SL23R,-0.21533228,-0.069545045,2,0
1MHP_HL_A|SL27Q,-0.6661127,-0.11391315,2,0
1MHP_HL_A|SL90Q,1.7740332,0.030872196,2,0
1MHP_HL_A|SL90T,2.3166485,0.23734336,2,0
"1MHP_HL_A|TH33E,GH53Q",1.6674565,0.74590063,2,0
"1MHP_HL_A|TH33I,SH52T,GH53N,GH54N",1.9075676,0.72170144,2,0
"1MHP_HL_A|TH33I,SH52T,GH53Q,GH54F",1.2553134,0.6026643,2,0
1MHP_HL_A|TH33N,2.727121,0.15762894,2,0
1MHP_HL_A|TH33V,0.43436813,0.3708853,2,0
1MHP_HL_A|TH50V,-0.13159887,0.30875868,2,0
"1MHP_HL_A|TH50V,GH102S",1.6674565,0.77907443,2,0
"1MHP_HL_A|TH50V,KH64E",-0.1805197,-0.7314824,2,0
"1MHP_HL_A|TH50V,KH64E,SL27Q,NL51E",-1.267319,-1.2755054,2,0
"1MHP_HL_A|TH50V,KH64E,SL27Q,NL51Y",-1.0844951,-1.8273776,2,0
"1MHP_HL_A|TH50V,SH35A",2.0758402,1.3099451,2,0
"1MHP_HL_A|TH50V,SH35V",2.727121,0.90506804,2,0
"1MHP_HL_A|TH50V,SL27Q",-0.6946839,-0.11778261,2,0
"1MHP_HL_A|TH50V,SL27Q,NL51Y",-1.0235296,-0.90483606,2,0
1MHP_HL_A|WL89Q,2.0758402,0.4879889,2,0
"1MHP_HL_A|WL89Q,FL32Y",0.871019,-0.3815003,2,0
1MHP_HL_A|YH58E,2.0758402,1.0301237,2,0
1MHP_HL_A|YH58Q,2.0758402,1.0968423,2,0
1MHP_HL_A|YH58W,0.82094526,0.40805435,2,0
1MHP_HL_A|YH59E,0.54400706,0.41420507,2,0
1N8Z_AB_C|DB102W,-0.71302944,-0.14312953,2,0
1N8Z_AB_C|FC539A,0.035102826,0.94049203,2,0
1N8Z_AB_C|HA91F,0.034232877,-0.06153846,2,0
1N8Z_AB_C|LC509A,-0.023045197,1.0610551,2,0
1N8Z_AB_C|NA30S,0.06666317,-0.09330628,2,0
"1N8Z_AB_C|NA30S,HA91F,YA92W",-0.07476232,0.28267032,2,0
"1N8Z_AB_C|NA30S,HA91F,YA92W,TA94S,DB102W,YB105F,YB109V",0.050661404,-0.07430215,2,0
1N8Z_AB_C|RB50A,2.9754758,1.594725,2,0
1N8Z_AB_C|RB59A,1.8037988,0.8919912,2,0
1N8Z_AB_C|SC535A,0.030827092,0.38772815,2,0
1N8Z_AB_C|TA94S,0.32168603,-0.19549318,2,0
1N8Z_AB_C|VC536A,0.008972699,0.15226795,2,0
1N8Z_AB_C|YB105F,0.8540034,0.5743383,2,0
1N8Z_AB_C|YB109V,0.23192272,0.6682355,2,0
1XGQ_AB_C|VB33A,1.1525793,1.0567467,2,0
1XGQ_AB_C|VB33F,-2.9080825,-2.6317372,2,0
1XGQ_AB_C|VB33I,-1.1076277,-1.2677293,2,0
1XGQ_AB_C|VB33L,-1.0463123,-1.2266968,2,0
1YQV_HL_Y|RY45K,1.8995041,0.71003884,2,0
"1YQV_HL_Y|RY68K,TY40S,IY55V,SY91T",4.0,0.6543369,2,0
"1YQV_HL_Y|RY68K,TY40S,IY55V,SY91T,QY121H",0.0,0.7125716,2,0
1YY9_CD_A|AC25P,0.07225565,-0.42009354,2,0
1YY9_CD_A|AD98P,1.0372273,-1.3462368,2,0
1YY9_CD_A|GD54P,0.26807046,-0.014954794,2,0
1YY9_CD_A|LD29P,0.030827092,-0.0121471435,2,0
1YY9_CD_A|NC93A,-0.74186975,0.30186152,2,0
1YY9_CD_A|ND56A,-0.057046015,-0.002756536,2,0
1YY9_CD_A|SC26D,-0.19925442,-0.2741938,2,0
"1YY9_CD_A|SC26D,TC31E,NC93A",-1.3329437,-0.24593437,2,0
"1YY9_CD_A|SC26D,TC31E,NC93A,ND56A,TD61E",-0.6517935,-0.9207564,2,0
1YY9_CD_A|SC26P,-0.009110746,-0.21364696,2,0
1YY9_CD_A|SC28P,-0.22229962,-0.07959054,2,0
1YY9_CD_A|SC54P,-0.018363854,-0.11909333,2,0
1YY9_CD_A|SD53P,0.8175451,-0.22853196,2,0
1YY9_CD_A|TC31E,-0.51892465,0.2372907,2,0
"1YY9_CD_A|TC31E,NC93A",-0.81853306,0.36626685,2,0
1YY9_CD_A|TC96P,4.0,-0.19686739,2,0
1YY9_CD_A|TD61E,-0.057046015,-0.24565257,2,0
1YY9_CD_A|WD52P,1.4782712,0.39405715,2,0
1YY9_CD_A|YD101P,1.6514195,0.17142291,2,0
3NPS_A_BC|DA214A,1.466743,0.9310266,2,0
3NPS_A_BC|DA46A,0.3399866,0.28225994,2,0
3NPS_A_BC|DA47A,1.0674704,0.59536505,2,0
3NPS_A_BC|DA91A,1.5070341,0.77432156,2,0
3NPS_A_BC|EA163A,0.61534816,0.13932404,2,0
3NPS_A_BC|FA50A,0.21957076,0.9991982,2,0
3NPS_A_BC|FA89A,1.5714045,1.2759705,2,0
3NPS_A_BC|FA92A,0.46353978,1.2260847,2,0
3NPS_A_BC|HA138A,1.8750918,-0.051080473,2,0
3NPS_A_BC|IA26A,0.6415425,0.2545883,2,0
3NPS_A_BC|IA45A,-0.33181784,0.1727823,2,0
3NPS_A_BC|KA221A,-0.10361039,0.12394719,2,0
3NPS_A_BC|LA147A,0.29573628,0.18383233,2,0
3NPS_A_BC|NA90A,0.25341922,0.6512856,2,0
3NPS_A_BC|QA140A,0.29573628,0.40150422,2,0
3NPS_A_BC|QA168A,-0.059223834,0.40860575,2,0
3NPS_A_BC|QA169A,0.7409076,1.8991283,2,0
3NPS_A_BC|QA218A,-0.040916756,0.54729885,2,0
3NPS_A_BC|QA23A,0.026323749,0.6911501,2,0
3NPS_A_BC|RA219A,-0.08390186,-0.27826422,2,0
3NPS_A_BC|RA48A,-1.062741,0.14388272,2,0
3NPS_A_BC|RA51A,0.13816836,0.2846346,2,0
3NPS_A_BC|RA82A,-0.15159543,-0.74988174,2,0
3NPS_A_BC|TA144A,0.17497002,0.5733268,2,0
3NPS_A_BC|TA93A,0.72381234,0.92982626,2,0
3NPS_A_BC|YA141A,1.7748737,1.3511585,2,0
3NPS_A_BC|YA52A,0.4518898,0.19720434,2,0
3W2D_A_HL|KA67N,4.0,0.18474768,2,0
3W2D_A_HL|KA67R,-0.42812017,0.14636105,2,0
3W2D_A_HL|YA45F,0.8779443,-0.6806655,2,0
3W2D_A_HL|YA45L,2.3647563,0.61560065,2,0
"4KRO_A_B|DA321T,FA323A",0.1269707,1.7842534,2,0
"4KRP_A_B|DA277T,FA279A",0.35829666,1.6368442,2,0
4NM8_ABCDEF_HL|DB19N,0.66149956,0.2018937,2,0
4NM8_ABCDEF_HL|IB18M,0.10977998,-0.19632511,2,0
4NM8_ABCDEF_HL|LB38Y,-0.6151596,-0.19833557,2,0
4NM8_ABCDEF_HL|QB34R,2.9754758,1.4067259,2,0
4NM8_ABCDEF_HL|QB34T,2.3309386,1.2731872,2,0
4NM8_ABCDEF_HL|RB25M,3.442353,-0.13221166,2,0
4NM8_ABCDEF_HL|TB32E,-0.5517196,-0.438074,2,0
4NM8_ABCDEF_HL|TB32I,-0.050205972,0.776064,2,0
4NM8_ABCDEF_HL|TB32R,1.2211944,0.44494218,2,0
1DVF_AB_CD|DB100A,2.7895143,0.047386084,2,1
"1DVF_AB_CD|DB100A,DD52A",4.0,0.81021494,2,1
"1DVF_AB_CD|DB100A,HD33A",4.0,0.85615724,2,1
"1DVF_AB_CD|DB100A,ND55A",4.0,0.84639436,2,1
1DVF_AB_CD|DB54A,4.0,0.18506093,2,1
"1DVF_AB_CD|DB54A,YC49A",4.0,1.3574599,2,1
1DVF_AB_CD|DB58A,1.6000048,0.5822806,2,1
"1DVF_AB_CD|DB58A,QD104A",1.4641725,1.1705335,2,1
1DVF_AB_CD|DD52A,1.6822901,0.605018,2,1
1DVF_AB_CD|EB98A,4.0,0.6875715,2,1
"1DVF_AB_CD|EB98A,YD102A",4.0,1.7481098,2,1
1DVF_AB_CD|HA30A,1.6493824,0.31089205,2,1
1DVF_AB_CD|HD33A,1.8606005,0.68637484,2,1
1DVF_AB_CD|ID101A,2.6815457,0.50316954,2,1
1DVF_AB_CD|KD30A,1.0035173,0.72629255,2,1
1DVF_AB_CD|NB56A,1.1624389,-0.11116783,2,1
"1DVF_AB_CD|NB56A,HD33A",2.5259995,0.6169369,2,1
"1DVF_AB_CD|NB56A,ND55A",2.3010929,0.6016525,2,1
"1DVF_AB_CD|NB56A,QD104A",1.4868644,0.45798802,2,1
1DVF_AB_CD|ND55A,1.8606005,0.60702795,2,1
1DVF_AB_CD|QD104A,1.6287225,0.5202211,2,1
1DVF_AB_CD|RB99A,1.8746451,0.51903313,2,1
1DVF_AB_CD|RD106A,4.0,0.514341,2,1
1DVF_AB_CD|SA93A,1.1624389,0.2547116,2,1
1DVF_AB_CD|TB30A,0.9075126,0.16929433,2,1
1DVF_AB_CD|WA92A,0.34072307,0.8145454,2,1
1DVF_AB_CD|WB52A,4.0,0.8055261,2,1
"1DVF_AB_CD|WB52A,QD104A",4.0,1.3568056,2,1
1DVF_AB_CD|YA32A,2.0303695,0.49687427,2,1
"1DVF_AB_CD|YA32A,RD106A",4.0,1.0147487,2,1
1DVF_AB_CD|YA49A,1.6785902,0.556515,2,1
"1DVF_AB_CD|YA49A,HD33A",2.625045,1.3021677,2,1
"1DVF_AB_CD|YA49A,ND55A",2.0303695,1.2961916,2,1
1DVF_AB_CD|YA50A,0.6877736,0.6454053,2,1
1DVF_AB_CD|YB101F,2.0123136,0.2519706,2,1
1DVF_AB_CD|YB32A,1.8314707,0.53403807,2,1
1DVF_AB_CD|YC49A,1.8606005,1.3889797,2,1
1DVF_AB_CD|YD102A,4.0,0.89291143,2,1
1MHP_HL_A|FH99W,0.0,-0.27775618,2,1
1MHP_HL_A|FH99Y,0.75466895,-0.3726423,2,1
1MHP_HL_A|GH100F,0.38901797,-0.14786595,2,1
1MHP_HL_A|GH100L,2.727121,-0.21126631,2,1
1MHP_HL_A|GH100M,0.10213403,-0.1318638,2,1
1MHP_HL_A|GH100S,0.5577475,0.1059292,2,1
1MHP_HL_A|GH53A,0.5126066,0.32409954,2,1
1MHP_HL_A|GH53N,1.2553134,0.1680925,2,1
1MHP_HL_A|GH53S,0.6755934,0.16920853,2,1
1MHP_HL_A|GH54I,1.3635606,-0.20952404,2,1
1MHP_HL_A|GH54T,1.1641668,-0.056873586,2,1
1MHP_HL_A|GH54Y,0.0,-0.43771634,2,1
1MHP_HL_A|GL91Q,1.572685,-0.3086284,2,1
1MHP_HL_A|GL91S,0.5126066,-0.12676756,2,1
1MHP_HL_A|HL30K,1.1641668,0.11889219,2,1
1MHP_HL_A|HL30R,1.1237977,-0.069428995,2,1
1MHP_HL_A|HL30W,1.2553134,-0.18612114,2,1
1MHP_HL_A|KH64D,-0.17144196,-0.24162889,2,1
1MHP_HL_A|KH64E,-0.07761467,-0.44410342,2,1
"1MHP_HL_A|KH64E,SL27Q",-0.85684633,-1.0742184,2,1
"1MHP_HL_A|KH64E,SL27Q,NL51Y",-1.0191593,-1.9567804,2,1
1MHP_HL_A|KH64N,-0.03627145,-0.065004945,2,1
1MHP_HL_A|KH64Q,-0.07761467,-0.35102248,2,1
1MHP_HL_A|LH60D,-0.061319917,-0.03629971,2,1
"1MHP_HL_A|LH60D,KH64E",-0.1418005,-0.446693,2,1
"1MHP_HL_A|LH60D,KH64Q",0.042989343,-0.23562342,2,1
1MHP_HL_A|LL48F,0.71227974,-0.2053727,2,1
1MHP_HL_A|LL48K,0.8612009,-0.10702187,2,1
1MHP_HL_A|LL48W,1.9075676,-0.48287076,2,1
1MHP_HL_A|NL29V,1.0493295,-0.31317312,2,1
1MHP_HL_A|NL29W,1.572685,-0.54569215,2,1
1MHP_HL_A|NL29Y,1.9075676,-0.6203883,2,1
"1MHP_HL_A|NL29Y,SL90I",0.43436813,-1.0384841,2,1
1MHP_HL_A|NL51D,0.5007625,-0.29365665,2,1
1MHP_HL_A|NL51E,-0.08868487,-0.40591386,2,1
1MHP_HL_A|NL51K,0.65751,-0.26552674,2,1
1MHP_HL_A|NL51R,0.84484076,-0.45913726,2,1
1MHP_HL_A|NL51Y,-0.05162489,-1.0027136,2,1
1MHP_HL_A|RH31Q,1.3073281,-0.02397364,2,1
1MHP_HL_A|SH35A,1.572685,0.24935475,2,1
"1MHP_HL_A|SH35A,GH102S",1.572685,0.22914425,2,1
1MHP_HL_A|SH35Q,2.727121,-0.23494378,2,1
"1MHP_HL_A|SH35V,GH102S",1.4256749,-0.096952856,2,1
1MHP_HL_A|SH52M,2.0758402,-0.13549712,2,1
1MHP_HL_A|SL23R,-0.21533228,-0.510722,2,1
1MHP_HL_A|SL27Q,-0.6661127,-0.6485935,2,1
1MHP_HL_A|SL90Q,1.7740332,-0.5498843,2,1
1MHP_HL_A|SL90T,2.3166485,-0.17046611,2,1
"1MHP_HL_A|TH33E,GH53Q",1.6674565,-0.3032083,2,1
"1MHP_HL_A|TH33I,SH52T,GH53N,GH54N",1.9075676,0.34727257,2,1
"1MHP_HL_A|TH33I,SH52T,GH53Q,GH54F",1.2553134,-0.17301948,2,1
1MHP_HL_A|TH33N,2.727121,-0.33917338,2,1
1MHP_HL_A|TH33V,0.43436813,-0.4219694,2,1
1MHP_HL_A|TH50V,-0.13159887,-0.19612946,2,1
"1MHP_HL_A|TH50V,GH102S",1.6674565,-0.10269627,2,1
"1MHP_HL_A|TH50V,KH64E",-0.1805197,-0.72179836,2,1
"1MHP_HL_A|TH50V,KH64E,SL27Q,NL51E",-1.267319,-1.718186,2,1
"1MHP_HL_A|TH50V,KH64E,SL27Q,NL51Y",-1.0844951,-2.1816385,2,1
"1MHP_HL_A|TH50V,SH35A",2.0758402,-0.043143105,2,1
"1MHP_HL_A|TH50V,SH35V",2.727121,-0.47292155,2,1
"1MHP_HL_A|TH50V,SL27Q",-0.6946839,-0.83306736,2,1
"1MHP_HL_A|TH50V,SL27Q,NL51Y",-1.0235296,-1.7011179,2,1
1MHP_HL_A|WL89Q,2.0758402,0.18734066,2,1
"1MHP_HL_A|WL89Q,FL32Y",0.871019,0.023882769,2,1
1MHP_HL_A|YH58E,2.0758402,0.25306413,2,1
1MHP_HL_A|YH58Q,2.0758402,0.3247711,2,1
1MHP_HL_A|YH58W,0.82094526,0.19896515,2,1
1MHP_HL_A|YH59E,0.54400706,0.038377322,2,1
1N8Z_AB_C|DB102W,-0.71302944,-0.29730988,2,1
1N8Z_AB_C|FC539A,0.035102826,0.7611682,2,1
1N8Z_AB_C|HA91F,0.034232877,-0.07371953,2,1
1N8Z_AB_C|LC509A,-0.023045197,0.2714748,2,1
1N8Z_AB_C|NA30S,0.06666317,-0.013968684,2,1
"1N8Z_AB_C|NA30S,HA91F,YA92W",-0.07476232,-0.042615596,2,1
"1N8Z_AB_C|NA30S,HA91F,YA92W,TA94S,DB102W,YB105F,YB109V",0.050661404,-0.09263161,2,1
1N8Z_AB_C|RB50A,2.9754758,0.4382886,2,1
1N8Z_AB_C|RB59A,1.8037988,0.8515831,2,1
1N8Z_AB_C|SC535A,0.030827092,0.4729488,2,1
1N8Z_AB_C|TA94S,0.32168603,-0.08953901,2,1
1N8Z_AB_C|VC536A,0.008972699,0.58956164,2,1
1N8Z_AB_C|YB105F,0.8540034,0.061817646,2,1
1N8Z_AB_C|YB109V,0.23192272,0.11548181,2,1
1XGQ_AB_C|VB33A,1.1525793,0.54306316,2,1
1XGQ_AB_C|VB33F,-2.9080825,-0.13503152,2,1
1XGQ_AB_C|VB33I,-1.1076277,0.0072190836,2,1
1XGQ_AB_C|VB33L,-1.0463123,-0.07617821,2,1
1YQV_HL_Y|RY45K,1.8995041,-0.02297939,2,1
"1YQV_HL_Y|RY68K,TY40S,IY55V,SY91T",4.0,0.08314911,2,1
"1YQV_HL_Y|RY68K,TY40S,IY55V,SY91T,QY121H",0.0,0.08905555,2,1
1YY9_CD_A|AC25P,0.07225565,-0.46191156,2,1
1YY9_CD_A|AD98P,1.0372273,-0.6094614,2,1
1YY9_CD_A|GD54P,0.26807046,0.08357122,2,1
1YY9_CD_A|LD29P,0.030827092,0.21938393,2,1
1YY9_CD_A|NC93A,-0.74186975,-0.05648991,2,1
1YY9_CD_A|ND56A,-0.057046015,-0.093218535,2,1
1YY9_CD_A|SC26D,-0.19925442,-0.16766976,2,1
"1YY9_CD_A|SC26D,TC31E,NC93A",-1.3329437,-0.41377756,2,1
"1YY9_CD_A|SC26D,TC31E,NC93A,ND56A,TD61E",-0.6517935,-0.64141333,2,1
1YY9_CD_A|SC26P,-0.009110746,0.10387917,2,1
1YY9_CD_A|SC28P,-0.22229962,-0.12942407,2,1
1YY9_CD_A|SC54P,-0.018363854,0.03558761,2,1
1YY9_CD_A|SD53P,0.8175451,0.050587878,2,1
1YY9_CD_A|TC31E,-0.51892465,-0.17636849,2,1
"1YY9_CD_A|TC31E,NC93A",-0.81853306,-0.22112057,2,1
1YY9_CD_A|TC96P,4.0,-0.075907305,2,1
1YY9_CD_A|TD61E,-0.057046015,-0.339643,2,1
1YY9_CD_A|WD52P,1.4782712,0.50051576,2,1
1YY9_CD_A|YD101P,1.6514195,0.33175364,2,1
3NPS_A_BC|DA214A,1.466743,0.22263089,2,1
3NPS_A_BC|DA46A,0.3399866,0.42100322,2,1
3NPS_A_BC|DA47A,1.0674704,0.54598445,2,1
3NPS_A_BC|DA91A,1.5070341,0.37156072,2,1
3NPS_A_BC|EA163A,0.61534816,0.60935056,2,1
3NPS_A_BC|FA50A,0.21957076,1.3171223,2,1
3NPS_A_BC|FA89A,1.5714045,0.8643983,2,1
3NPS_A_BC|FA92A,0.46353978,0.79135,2,1
3NPS_A_BC|HA138A,1.8750918,0.49256277,2,1
3NPS_A_BC|IA26A,0.6415425,0.6778572,2,1
3NPS_A_BC|IA45A,-0.33181784,0.49714845,2,1
3NPS_A_BC|KA221A,-0.10361039,0.39501458,2,1
3NPS_A_BC|LA147A,0.29573628,0.60150397,2,1
3NPS_A_BC|NA90A,0.25341922,0.66563565,2,1
3NPS_A_BC|QA140A,0.29573628,0.7240567,2,1
3NPS_A_BC|QA168A,-0.059223834,0.60159934,2,1
3NPS_A_BC|QA169A,0.7409076,0.96515626,2,1
3NPS_A_BC|QA218A,-0.040916756,0.41814387,2,1
3NPS_A_BC|QA23A,0.026323749,0.6777729,2,1
3NPS_A_BC|RA219A,-0.08390186,0.38431254,2,1
3NPS_A_BC|RA48A,-1.062741,0.40759015,2,1
3NPS_A_BC|RA51A,0.13816836,0.30663195,2,1
3NPS_A_BC|RA82A,-0.15159543,0.62265056,2,1
3NPS_A_BC|TA144A,0.17497002,0.6668738,2,1
3NPS_A_BC|TA93A,0.72381234,0.6400182,2,1
3NPS_A_BC|YA141A,1.7748737,0.9778168,2,1
3NPS_A_BC|YA52A,0.4518898,0.96547496,2,1
3W2D_A_HL|KA67N,4.0,-0.16651015,2,1
3W2D_A_HL|KA67R,-0.42812017,-0.115033165,2,1
3W2D_A_HL|YA45F,0.8779443,-0.073445156,2,1
3W2D_A_HL|YA45L,2.3647563,0.100985214,2,1
"4KRO_A_B|DA321T,FA323A",0.1269707,0.7394165,2,1
"4KRP_A_B|DA277T,FA279A",0.35829666,0.6651704,2,1
4NM8_ABCDEF_HL|DB19N,0.66149956,-0.074354276,2,1
4NM8_ABCDEF_HL|IB18M,0.10977998,-0.098174974,2,1
4NM8_ABCDEF_HL|LB38Y,-0.6151596,-0.29910493,2,1
4NM8_ABCDEF_HL|QB34R,2.9754758,0.4209851,2,1
4NM8_ABCDEF_HL|QB34T,2.3309386,0.38055688,2,1
4NM8_ABCDEF_HL|RB25M,3.442353,0.054923017,2,1
4NM8_ABCDEF_HL|TB32E,-0.5517196,0.03567346,2,1
4NM8_ABCDEF_HL|TB32I,-0.050205972,0.12149753,2,1
4NM8_ABCDEF_HL|TB32R,1.2211944,0.22385441,2,1
1DVF_AB_CD|DB100A,2.7895143,1.5531393,2,2
"1DVF_AB_CD|DB100A,DD52A",4.0,1.9074754,2,2
"1DVF_AB_CD|DB100A,HD33A",4.0,1.9022098,2,2
"1DVF_AB_CD|DB100A,ND55A",4.0,0.9050008,2,2
1DVF_AB_CD|DB54A,4.0,0.96134037,2,2
"1DVF_AB_CD|DB54A,YC49A",4.0,2.0969732,2,2
1DVF_AB_CD|DB58A,1.6000048,1.1511924,2,2
"1DVF_AB_CD|DB58A,QD104A",1.4641725,1.2288347,2,2
1DVF_AB_CD|DD52A,1.6822901,0.6465195,2,2
1DVF_AB_CD|EB98A,4.0,0.9119082,2,2
"1DVF_AB_CD|EB98A,YD102A",4.0,1.5563035,2,2
1DVF_AB_CD|HA30A,1.6493824,0.65003556,2,2
1DVF_AB_CD|HD33A,1.8606005,0.71200454,2,2
1DVF_AB_CD|ID101A,2.6815457,0.47165012,2,2
1DVF_AB_CD|KD30A,1.0035173,0.29540247,2,2
1DVF_AB_CD|NB56A,1.1624389,0.49104038,2,2
"1DVF_AB_CD|NB56A,HD33A",2.5259995,0.95447004,2,2
"1DVF_AB_CD|NB56A,ND55A",2.3010929,0.41610074,2,2
"1DVF_AB_CD|NB56A,QD104A",1.4868644,0.3431315,2,2
1DVF_AB_CD|ND55A,1.8606005,0.28741896,2,2
1DVF_AB_CD|QD104A,1.6287225,0.26790783,2,2
1DVF_AB_CD|RB99A,1.8746451,0.40732488,2,2
1DVF_AB_CD|RD106A,4.0,0.42443785,2,2
1DVF_AB_CD|SA93A,1.1624389,0.16376576,2,2
1DVF_AB_CD|TB30A,0.9075126,0.47092092,2,2
1DVF_AB_CD|WA92A,0.34072307,1.5417825,2,2
1DVF_AB_CD|WB52A,4.0,1.4754632,2,2
"1DVF_AB_CD|WB52A,QD104A",4.0,1.5125494,2,2
1DVF_AB_CD|YA32A,2.0303695,1.4738265,2,2
"1DVF_AB_CD|YA32A,RD106A",4.0,1.8522102,2,2
1DVF_AB_CD|YA49A,1.6785902,1.5683278,2,2
"1DVF_AB_CD|YA49A,HD33A",2.625045,2.1442847,2,2
"1DVF_AB_CD|YA49A,ND55A",2.0303695,1.3682986,2,2
1DVF_AB_CD|YA50A,0.6877736,1.3195145,2,2
1DVF_AB_CD|YB101F,2.0123136,1.9174851,2,2
1DVF_AB_CD|YB32A,1.8314707,1.3734761,2,2
1DVF_AB_CD|YC49A,1.8606005,1.6226965,2,2
1DVF_AB_CD|YD102A,4.0,0.8718068,2,2
1MHP_HL_A|FH99W,0.0,-0.6728022,2,2
1MHP_HL_A|FH99Y,0.75466895,-1.0600929,2,2
1MHP_HL_A|GH100F,0.38901797,0.07950318,2,2
1MHP_HL_A|GH100L,2.727121,0.46026522,2,2
1MHP_HL_A|GH100M,0.10213403,0.055724077,2,2
1MHP_HL_A|GH100S,0.5577475,0.012503952,2,2
1MHP_HL_A|GH53A,0.5126066,0.38488784,2,2
1MHP_HL_A|GH53N,1.2553134,-0.3748939,2,2
1MHP_HL_A|GH53S,0.6755934,-0.47519824,2,2
1MHP_HL_A|GH54I,1.3635606,0.038677357,2,2
1MHP_HL_A|GH54T,1.1641668,0.23855686,2,2
1MHP_HL_A|GH54Y,0.0,-0.89566875,2,2
1MHP_HL_A|GL91Q,1.572685,-0.1284588,2,2
1MHP_HL_A|GL91S,0.5126066,-0.14376253,2,2
1MHP_HL_A|HL30K,1.1641668,0.49880746,2,2
1MHP_HL_A|HL30R,1.1237977,-0.12981766,2,2
1MHP_HL_A|HL30W,1.2553134,-0.3116218,2,2
1MHP_HL_A|KH64D,-0.17144196,-0.6480697,2,2
1MHP_HL_A|KH64E,-0.07761467,-0.61060286,2,2
"1MHP_HL_A|KH64E,SL27Q",-0.85684633,-0.7736015,2,2
"1MHP_HL_A|KH64E,SL27Q,NL51Y",-1.0191593,-1.487405,2,2
1MHP_HL_A|KH64N,-0.03627145,-0.17043266,2,2
1MHP_HL_A|KH64Q,-0.07761467,-0.30630845,2,2
1MHP_HL_A|LH60D,-0.061319917,-0.48527113,2,2
"1MHP_HL_A|LH60D,KH64E",-0.1418005,-1.0675087,2,2
"1MHP_HL_A|LH60D,KH64Q",0.042989343,-0.7868933,2,2
1MHP_HL_A|LL48F,0.71227974,-0.6391702,2,2
1MHP_HL_A|LL48K,0.8612009,-0.19612911,2,2
1MHP_HL_A|LL48W,1.9075676,-0.8425747,2,2
1MHP_HL_A|NL29V,1.0493295,0.3717482,2,2
1MHP_HL_A|NL29W,1.572685,0.20376846,2,2
1MHP_HL_A|NL29Y,1.9075676,-0.16436115,2,2
"1MHP_HL_A|NL29Y,SL90I",0.43436813,0.109078154,2,2
1MHP_HL_A|NL51D,0.5007625,-0.30150542,2,2
1MHP_HL_A|NL51E,-0.08868487,-0.15414828,2,2
1MHP_HL_A|NL51K,0.65751,0.5701495,2,2
1MHP_HL_A|NL51R,0.84484076,0.10481684,2,2
1MHP_HL_A|NL51Y,-0.05162489,-0.63950825,2,2
1MHP_HL_A|RH31Q,1.3073281,0.22239831,2,2
1MHP_HL_A|SH35A,1.572685,1.50402,2,2
"1MHP_HL_A|SH35A,GH102S",1.572685,1.3215321,2,2
1MHP_HL_A|SH35Q,2.727121,0.91959333,2,2
"1MHP_HL_A|SH35V,GH102S",1.4256749,1.043916,2,2
1MHP_HL_A|SH52M,2.0758402,0.49898368,2,2
1MHP_HL_A|SL23R,-0.21533228,0.003401734,2,2
1MHP_HL_A|SL27Q,-0.6661127,-0.17162108,2,2
1MHP_HL_A|SL90Q,1.7740332,0.17713514,2,2
1MHP_HL_A|SL90T,2.3166485,0.45298228,2,2
"1MHP_HL_A|TH33E,GH53Q",1.6674565,0.39112258,2,2
"1MHP_HL_A|TH33I,SH52T,GH53N,GH54N",1.9075676,0.86346596,2,2
"1MHP_HL_A|TH33I,SH52T,GH53Q,GH54F",1.2553134,0.76171297,2,2
1MHP_HL_A|TH33N,2.727121,0.42154905,2,2
1MHP_HL_A|TH33V,0.43436813,0.9308146,2,2
1MHP_HL_A|TH50V,-0.13159887,0.09912262,2,2
"1MHP_HL_A|TH50V,GH102S",1.6674565,0.13390589,2,2
"1MHP_HL_A|TH50V,KH64E",-0.1805197,-0.68018395,2,2
"1MHP_HL_A|TH50V,KH64E,SL27Q,NL51E",-1.267319,-1.1105126,2,2
"1MHP_HL_A|TH50V,KH64E,SL27Q,NL51Y",-1.0844951,-1.624234,2,2
"1MHP_HL_A|TH50V,SH35A",2.0758402,1.2177225,2,2
"1MHP_HL_A|TH50V,SH35V",2.727121,0.88430774,2,2
"1MHP_HL_A|TH50V,SL27Q",-0.6946839,-0.09810213,2,2
"1MHP_HL_A|TH50V,SL27Q,NL51Y",-1.0235296,-0.8788244,2,2
1MHP_HL_A|WL89Q,2.0758402,1.2961112,2,2
"1MHP_HL_A|WL89Q,FL32Y",0.871019,0.61175585,2,2
1MHP_HL_A|YH58E,2.0758402,1.1890272,2,2
1MHP_HL_A|YH58Q,2.0758402,1.6203169,2,2
1MHP_HL_A|YH58W,0.82094526,0.89792734,2,2
1MHP_HL_A|YH59E,0.54400706,0.2866606,2,2
1N8Z_AB_C|DB102W,-0.71302944,-0.32313794,2,2
1N8Z_AB_C|FC539A,0.035102826,1.4851853,2,2
1N8Z_AB_C|HA91F,0.034232877,0.13810134,2,2
1N8Z_AB_C|LC509A,-0.023045197,0.9272969,2,2
1N8Z_AB_C|NA30S,0.06666317,0.059904367,2,2
"1N8Z_AB_C|NA30S,HA91F,YA92W",-0.07476232,0.6455622,2,2
"1N8Z_AB_C|NA30S,HA91F,YA92W,TA94S,DB102W,YB105F,YB109V",0.050661404,1.5400472,2,2
1N8Z_AB_C|RB50A,2.9754758,1.2417322,2,2
1N8Z_AB_C|RB59A,1.8037988,1.3221972,2,2
1N8Z_AB_C|SC535A,0.030827092,0.29247913,2,2
1N8Z_AB_C|TA94S,0.32168603,-0.32151997,2,2
1N8Z_AB_C|VC536A,0.008972699,0.30611914,2,2
1N8Z_AB_C|YB105F,0.8540034,1.5120567,2,2
1N8Z_AB_C|YB109V,0.23192272,0.538377,2,2
1XGQ_AB_C|VB33A,1.1525793,0.9729985,2,2
1XGQ_AB_C|VB33F,-2.9080825,-2.3503134,2,2
1XGQ_AB_C|VB33I,-1.1076277,-0.54840606,2,2
1XGQ_AB_C|VB33L,-1.0463123,-0.4295577,2,2
1YQV_HL_Y|RY45K,1.8995041,0.18579209,2,2
"1YQV_HL_Y|RY68K,TY40S,IY55V,SY91T",4.0,1.1923786,2,2
"1YQV_HL_Y|RY68K,TY40S,IY55V,SY91T,QY121H",0.0,1.0132937,2,2
1YY9_CD_A|AC25P,0.07225565,-0.22131011,2,2
1YY9_CD_A|AD98P,1.0372273,-0.51600516,2,2
1YY9_CD_A|GD54P,0.26807046,0.22048044,2,2
1YY9_CD_A|LD29P,0.030827092,0.36464325,2,2
1YY9_CD_A|NC93A,-0.74186975,0.23418653,2,2
1YY9_CD_A|ND56A,-0.057046015,0.5671001,2,2
1YY9_CD_A|SC26D,-0.19925442,-0.09257997,2,2
"1YY9_CD_A|SC26D,TC31E,NC93A",-1.3329437,0.008026525,2,2
"1YY9_CD_A|SC26D,TC31E,NC93A,ND56A,TD61E",-0.6517935,-0.26960638,2,2
1YY9_CD_A|SC26P,-0.009110746,0.37250826,2,2
1YY9_CD_A|SC28P,-0.22229962,-0.10716324,2,2
1YY9_CD_A|SC54P,-0.018363854,0.15820602,2,2
1YY9_CD_A|SD53P,0.8175451,0.2177603,2,2
1YY9_CD_A|TC31E,-0.51892465,0.19772378,2,2
"1YY9_CD_A|TC31E,NC93A",-0.81853306,0.2539373,2,2
1YY9_CD_A|TC96P,4.0,-0.10038958,2,2
1YY9_CD_A|TD61E,-0.057046015,-0.41354865,2,2
1YY9_CD_A|WD52P,1.4782712,0.9303287,2,2
1YY9_CD_A|YD101P,1.6514195,1.3812503,2,2
3NPS_A_BC|DA214A,1.466743,0.24929997,2,2
3NPS_A_BC|DA46A,0.3399866,0.6607101,2,2
3NPS_A_BC|DA47A,1.0674704,0.9457964,2,2
3NPS_A_BC|DA91A,1.5070341,0.6226066,2,2
3NPS_A_BC|EA163A,0.61534816,0.2768963,2,2
3NPS_A_BC|FA50A,0.21957076,1.2469403,2,2
3NPS_A_BC|FA89A,1.5714045,1.4111363,2,2
3NPS_A_BC|FA92A,0.46353978,0.7643928,2,2
3NPS_A_BC|HA138A,1.8750918,0.020087533,2,2
3NPS_A_BC|IA26A,0.6415425,0.27765432,2,2
3NPS_A_BC|IA45A,-0.33181784,0.34921458,2,2
3NPS_A_BC|KA221A,-0.10361039,0.7252515,2,2
3NPS_A_BC|LA147A,0.29573628,0.48429862,2,2
3NPS_A_BC|NA90A,0.25341922,0.4494073,2,2
3NPS_A_BC|QA140A,0.29573628,0.2672764,2,2
3NPS_A_BC|QA168A,-0.059223834,0.3627635,2,2
3NPS_A_BC|QA169A,0.7409076,1.8568357,2,2
3NPS_A_BC|QA218A,-0.040916756,0.32004774,2,2
3NPS_A_BC|QA23A,0.026323749,0.43411094,2,2
3NPS_A_BC|RA219A,-0.08390186,-0.19683158,2,2
3NPS_A_BC|RA48A,-1.062741,-0.20804271,2,2
3NPS_A_BC|RA51A,0.13816836,0.0006974265,2,2
3NPS_A_BC|RA82A,-0.15159543,0.5292,2,2
3NPS_A_BC|TA144A,0.17497002,0.2905574,2,2
3NPS_A_BC|TA93A,0.72381234,0.98351884,2,2
3NPS_A_BC|YA141A,1.7748737,1.2944281,2,2
3NPS_A_BC|YA52A,0.4518898,0.6923532,2,2
3W2D_A_HL|KA67N,4.0,0.00860066,2,2
3W2D_A_HL|KA67R,-0.42812017,0.68681735,2,2
3W2D_A_HL|YA45F,0.8779443,-0.47230592,2,2
3W2D_A_HL|YA45L,2.3647563,0.30590668,2,2
"4KRO_A_B|DA321T,FA323A",0.1269707,1.1548511,2,2
"4KRP_A_B|DA277T,FA279A",0.35829666,1.2573037,2,2
4NM8_ABCDEF_HL|DB19N,0.66149956,0.95934737,2,2
4NM8_ABCDEF_HL|IB18M,0.10977998,0.5529468,2,2
4NM8_ABCDEF_HL|LB38Y,-0.6151596,0.14195019,2,2
4NM8_ABCDEF_HL|QB34R,2.9754758,1.3144017,2,2
4NM8_ABCDEF_HL|QB34T,2.3309386,1.0122339,2,2
4NM8_ABCDEF_HL|RB25M,3.442353,0.2536528,2,2
4NM8_ABCDEF_HL|TB32E,-0.5517196,0.08909506,2,2
4NM8_ABCDEF_HL|TB32I,-0.050205972,1.1038742,2,2
4NM8_ABCDEF_HL|TB32R,1.2211944,0.98535967,2,2
"1CZ8_HL_VW|LL4M,DH28T,HH31N,YH101H,TH105S",2.939849,0.68429315,3,0
1KIR_AB_C|SA50Y,-1.3870943,-0.7298712,3,0
1MLC_AB_E|KB65D,0.018548755,-0.559922,3,0
1MLC_AB_E|NA32G,-0.8773867,-0.4859668,3,0
"1MLC_AB_E|NA32G,NA92A",-0.6866531,-0.03321711,3,0
"1MLC_AB_E|NA32G,NA92A,SB57V,TB58D",-1.7349738,-0.4638014,3,0
1MLC_AB_E|NA32Y,0.0,-1.0638305,3,0
1MLC_AB_E|NA92A,-1.2533532,0.47190014,3,0
"1MLC_AB_E|NA92A,SB57V,TB58D",-2.394188,-0.1306003,3,0
"1MLC_AB_E|NA92A,TB28D,SB57V,TB58D",-2.5813644,-0.4129822,3,0
"1MLC_AB_E|NA92A,TB28D,SB57V,TB58D,EB35S,GB99D",-2.9539242,-0.49200207,3,0
"1MLC_AB_E|NA92A,TB28D,SB57V,TB58D,GB99D",-0.20357698,-0.47393975,3,0
"1MLC_AB_E|NA92A,TB28D,SB57V,TB58D,NA32L",-2.5843081,-0.7078057,3,0
"1MLC_AB_E|NA92A,TB28D,SB57V,TB58D,RB98M,DB100Q",-0.41047263,-0.6009322,3,0
"1MLC_AB_E|NA92A,TB28D,SB57V,TB58D,SA91N,SA93A",-1.6104395,0.6780568,3,0
"1MLC_AB_E|NA92A,TB28D,SB57V,TB58D,SB30G",-2.3584673,-0.3178348,3,0
"1MLC_AB_E|NA92A,TB28D,SB57V,TB58D,YB32W,RB98V,DB100Q",0.36138764,-0.15224293,3,0
"1MLC_AB_E|NA92A,TB28D,SB57V,TB58D,YB59E",-1.4661698,0.3103548,3,0
1MLC_AB_E|SB57A,-0.37902167,0.70134985,3,0
1MLC_AB_E|SB57V,-0.49418068,-0.08329617,3,0
"1MLC_AB_E|SB57V,TB58D",-0.9877286,-0.44109455,3,0
1MLC_AB_E|TB28D,-0.15094383,-0.5182874,3,0
1MLC_AB_E|TB31A,0.44700673,0.35986453,3,0
1MLC_AB_E|TB31V,0.5262404,-0.10844013,3,0
1MLC_AB_E|TB31W,0.13214268,-0.31489262,3,0
1MLC_AB_E|TB58D,-0.55968237,-0.2891601,3,0
1NCA_N_LH|DH101K,0.71416,0.5312804,3,0
1NCA_N_LH|EH100D,0.41047263,0.05812169,3,0
1NCA_N_LH|NH102Q,0.5426153,-0.13858482,3,0
1NCA_N_LH|NH31Q,0.0,-0.07144959,3,0
1NMB_N_LH|DH57E,2.9536283,-0.029513583,3,0
1NMB_N_LH|DH57N,2.9536283,0.148925,3,0
1NMB_N_LH|LL94V,0.9000208,-0.58429027,3,0
1NMB_N_LH|TL93F,-0.023903161,-0.148054,3,0
1NMB_N_LH|TL93W,0.18419003,-0.577183,3,0
1NMB_N_LH|YH103A,2.14062,1.4353374,3,0
1NMB_N_LH|YH105F,1.4194101,0.41521978,3,0
1NMB_N_LH|YL32F,0.46632215,0.6749168,3,0
1VFB_AB_C|DB100A,3.005002,1.2499176,3,0
"1VFB_AB_C|DB100A,SC24A",3.369756,3.147287,3,0
1VFB_AB_C|DB54A,0.8151114,1.1513082,3,0
"1VFB_AB_C|DB54A,TC118A",1.2546439,1.5903721,3,0
1VFB_AB_C|DB58A,-0.20700333,0.9003815,3,0
1VFB_AB_C|DB58E,0.078081094,0.057236157,3,0
1VFB_AB_C|DB58N,-0.12818155,0.40808934,3,0
1VFB_AB_C|DC119A,0.9530879,2.388831,3,0
1VFB_AB_C|DC18A,0.34013057,2.0171406,3,0
1VFB_AB_C|EB98A,1.1565572,1.2789959,3,0
1VFB_AB_C|GB31A,0.30646533,0.6021334,3,0
1VFB_AB_C|GB31E,-0.5097613,-0.19522443,3,0
1VFB_AB_C|GB31W,0.0039611305,-0.20989105,3,0
1VFB_AB_C|HA30A,0.84488255,0.60870534,3,0
1VFB_AB_C|IC124A,1.2314179,0.4993756,3,0
1VFB_AB_C|KC116A,0.7134504,1.8685282,3,0
1VFB_AB_C|LC129A,0.17154472,0.64976263,3,0
1VFB_AB_C|NA31W,0.17432266,-0.68060094,3,0
1VFB_AB_C|NB56A,0.17771798,0.42014307,3,0
1VFB_AB_C|NC19A,0.3960868,0.6030997,3,0
1VFB_AB_C|QC121A,2.876998,0.71782583,3,0
1VFB_AB_C|RB99A,-0.099735305,0.63424665,3,0
1VFB_AB_C|RB99W,0.7049742,-0.5833816,3,0
1VFB_AB_C|RB99Y,1.235379,-0.5911236,3,0
1VFB_AB_C|RC125A,1.8368999,1.186895,3,0
1VFB_AB_C|SA93A,0.34312394,0.4870744,3,0
1VFB_AB_C|SB28D,0.0,-0.25639617,3,0
1VFB_AB_C|SB28E,-0.104007296,-0.2393645,3,0
1VFB_AB_C|SB28N,0.14394745,-0.1003873,3,0
1VFB_AB_C|SB28Q,0.078081094,-0.15978307,3,0
1VFB_AB_C|SC24A,0.850965,0.94834536,3,0
1VFB_AB_C|TA52F,0.4708752,-0.28099346,3,0
1VFB_AB_C|TA53R,1.6458516,-0.14300358,3,0
1VFB_AB_C|TB30A,-0.05584954,0.31853834,3,0
1VFB_AB_C|TC118A,0.7650957,0.49579242,3,0
1VFB_AB_C|VC120A,0.9169499,0.53631747,3,0
1VFB_AB_C|WA92A,3.037848,1.3193938,3,0
"1VFB_AB_C|WA92A,IC124A",3.8503337,2.3142443,3,0
"1VFB_AB_C|WA92A,LC129A",3.3073628,2.1063151,3,0
"1VFB_AB_C|WA92A,QC121A",3.5189366,2.1438012,3,0
"1VFB_AB_C|WA92A,RC125A",3.3932896,2.8018773,3,0
1VFB_AB_C|WB52A,0.6406274,1.6025884,3,0
"1VFB_AB_C|WB52A,DC119A",2.2473724,4.3539042,3,0
1VFB_AB_C|YA32A,1.5281335,2.119168,3,0
"1VFB_AB_C|YA32A,IC124A",2.9057157,3.239505,3,0
"1VFB_AB_C|YA32A,QC121A",1.586041,2.5230086,3,0
1VFB_AB_C|YA49A,0.79754156,1.468278,3,0
1VFB_AB_C|YA50A,0.456086,2.3122866,3,0
"1VFB_AB_C|YA50A,DC119A",1.2314179,5.7273073,3,0
"1VFB_AB_C|YA50A,DC18A",1.265924,5.1904273,3,0
1VFB_AB_C|YA50K,1.7156012,1.2860426,3,0
1VFB_AB_C|YA50R,0.8443241,1.2703241,3,0
1VFB_AB_C|YB101F,1.2695644,0.94645005,3,0
"1VFB_AB_C|YB101F,DC119A",2.736521,3.9390435,3,0
"1VFB_AB_C|YB101F,VC120A",2.5384777,1.7928631,3,0
1VFB_AB_C|YB32A,0.7916793,1.5062033,3,0
"1VFB_AB_C|YB32A,KC116A",1.586041,2.932627,3,0
1VFB_AB_C|YB32E,1.9021881,0.68078977,3,0
1VFB_AB_C|YC23A,0.41047263,1.3444011,3,0
1XGP_AB_C|AB33F,-4.0,-1.3995491,3,0
1XGP_AB_C|AB33I,-2.260207,-1.2121873,3,0
1XGP_AB_C|AB33L,-2.1988916,-1.1540968,3,0
1XGP_AB_C|AB33V,-1.1525793,-1.3080189,3,0
2JEL_LH_P|AP82S,0.0,-0.8549431,3,0
2JEL_LH_P|DP69E,0.9530879,0.4197017,3,0
2JEL_LH_P|EP5D,0.41047263,-0.15960306,3,0
2JEL_LH_P|EP5Q,0.7129768,0.15901771,3,0
2JEL_LH_P|EP68A,0.41047263,0.5795943,3,0
2JEL_LH_P|EP75R,2.727121,0.5385594,3,0
2JEL_LH_P|EP83A,0.0,1.3888584,3,0
2JEL_LH_P|EP85A,0.0,1.0535822,3,0
2JEL_LH_P|EP85D,0.0,0.10481665,3,0
2JEL_LH_P|EP85K,0.0,0.3943101,3,0
2JEL_LH_P|EP85Q,0.0,0.3578195,3,0
2JEL_LH_P|FP2W,2.6191528,0.7064317,3,0
2JEL_LH_P|FP2Y,0.0,-0.47682104,3,0
2JEL_LH_P|HP76A,-0.41047263,0.30613843,3,0
2JEL_LH_P|HP76D,-0.65058374,-0.094622746,3,0
2JEL_LH_P|KP24E,0.0,1.3197744,3,0
2JEL_LH_P|KP27E,0.0,1.0146062,3,0
2JEL_LH_P|KP72E,0.41047263,-0.017725687,3,0
2JEL_LH_P|KP72R,0.0,0.13502204,3,0
2JEL_LH_P|KP79E,0.41047263,0.67223686,3,0
2JEL_LH_P|NP12D,0.0,-0.16820182,3,0
2JEL_LH_P|NP38T,0.0,-0.016898952,3,0
2JEL_LH_P|PP11E,0.0,0.013903119,3,0
2JEL_LH_P|QP3K,4.0,-0.09450736,3,0
2JEL_LH_P|QP4K,1.3635606,-0.39503616,3,0
2JEL_LH_P|QP57E,-0.41047263,0.2519222,3,0
2JEL_LH_P|QP71E,2.727121,0.09300167,3,0
2JEL_LH_P|RP17G,0.0,1.2013024,3,0
2JEL_LH_P|RP17K,0.0,0.25144944,3,0
2JEL_LH_P|SP41C,1.4957032,0.52456874,3,0
2JEL_LH_P|SP43C,0.0,0.025175422,3,0
2JEL_LH_P|SP46C,0.0,0.5761042,3,0
2JEL_LH_P|SP64T,4.0,-0.12703359,3,0
2JEL_LH_P|TP34Q,0.0,0.05061101,3,0
2JEL_LH_P|TP36Q,0.41047263,0.061611913,3,0
2JEL_LH_P|TP62A,0.0,0.4791285,3,0
2JEL_LH_P|TP62N,0.0,0.36691222,3,0
2JEL_LH_P|TP7N,0.41047263,0.36347723,3,0
2JEL_LH_P|TP7S,0.0,0.219639,3,0
2JEL_LH_P|VP6F,0.0,-0.23070386,3,0
"2NY7_HL_G|CG27I,CG226Q",0.19971907,-1.1414508,3,0
"2NY7_HL_G|CG27I,CG226Q,MG231A",0.20319231,-1.1277792,3,0
"2NY7_HL_G|GG229C,MG231A",-0.37879732,0.09440357,3,0
"2NY7_HL_G|GG229C,WG13M,MG231A,CG14W,CG110V,CG27I,CG226Q",0.21462485,-2.5422795,3,0
"2NY7_HL_G|KG66C,EG102C,CG27I,CG226Q",0.04085667,-0.4238892,3,0
"2NY7_HL_G|KG66C,EG102C,WG13M,MG231A,CG14W,CG110V,CG27I,CG226Q",0.3998023,-1.5743042,3,0
"2NY7_HL_G|KG66C,EG103C,WG13M,MG231A,CG14W,CG110V,CG27I,CG226Q",0.29989544,-1.5961752,3,0
"2NY7_HL_G|WG13M,MG231A,CG14W,CG110V",1.1574335,-0.7732565,3,0
"2NY7_HL_G|WG13M,MG231A,CG14W,CG110V,CG27I,CG226Q",0.44904727,-2.1783216,3,0
"2NY7_HL_G|WG13M,MG231A,CG14W,CG110V,KG66C,EG102C",0.55101526,0.06376258,3,0
"2NY7_HL_G|WG13M,SG92T,WG181S,MG231A,CG14W,CG110V,CG27I,CG226Q",-0.3035898,-2.6947856,3,0
3BN9_B_CD|DB214A,0.5662115,1.0764378,3,0
3BN9_B_CD|DB46A,0.42238826,1.0881919,3,0
3BN9_B_CD|DB47A,0.31110755,1.064494,3,0
3BN9_B_CD|EB163A,0.37321588,0.40235192,3,0
3BN9_B_CD|FB50A,-0.044997852,0.56331265,3,0
3BN9_B_CD|FB89A,0.6392419,1.691248,3,0
3BN9_B_CD|HB138A,0.085063316,0.5417858,3,0
3BN9_B_CD|IB26A,0.0,0.6056083,3,0
3BN9_B_CD|IB45A,0.8352155,0.39477104,3,0
3BN9_B_CD|KB221A,0.7849689,1.0382327,3,0
3BN9_B_CD|LB147A,0.33619216,0.3789499,3,0
3BN9_B_CD|NB90A,0.7733444,0.48408756,3,0
3BN9_B_CD|PD104H,2.4272547,-0.29240027,3,0
3BN9_B_CD|QB140A,0.1331048,0.4964104,3,0
3BN9_B_CD|QB168A,-0.03469869,0.18136638,3,0
3BN9_B_CD|QB169A,2.5089848,0.6764048,3,0
3BN9_B_CD|QB218A,0.70571065,0.4635119,3,0
3BN9_B_CD|QB23A,-0.41530684,0.5631744,3,0
3BN9_B_CD|QD105V,1.2241027,-0.17860089,3,0
3BN9_B_CD|RB219A,-0.093698174,0.387852,3,0
3BN9_B_CD|RB48A,-0.044997852,1.3344215,3,0
3BN9_B_CD|RB51A,-0.07155777,0.49935856,3,0
3BN9_B_CD|RB82A,-0.15923285,0.73193115,3,0
3BN9_B_CD|SD30G,1.1861069,0.0067209676,3,0
3BN9_B_CD|SD30N,1.145505,0.1110025,3,0
3BN9_B_CD|TB144A,0.2908351,0.7224837,3,0
3BN9_B_CD|TB93A,1.1320528,0.6691628,3,0
3BN9_B_CD|TD102Q,-0.02153644,-0.12957053,3,0
3BN9_B_CD|TD102R,-0.058294915,-0.1165742,3,0
3BN9_B_CD|TD28R,0.33290586,-0.25204447,3,0
3BN9_B_CD|YB141A,1.0846525,1.5205169,3,0
3BN9_B_CD|YB52A,0.018951595,0.7601821,3,0
3BN9_B_CD|YD103S,0.45868576,0.7376883,3,0
4GXU_ABCDEF_MN|DA189E,2.1650882,0.3067702,3,0
"4GXU_ABCDEF_MN|DA189E,DA224G",3.0102077,0.8406109,3,0
4GXU_ABCDEF_MN|DA224G,1.9608781,0.2404882,3,0
"1CZ8_HL_VW|LL4M,DH28T,HH31N,YH101H,TH105S",2.939849,0.4814409,3,1
1KIR_AB_C|SA50Y,-1.3870943,-0.30115294,3,1
1MLC_AB_E|KB65D,0.018548755,-0.23943113,3,1
1MLC_AB_E|NA32G,-0.8773867,-0.14438117,3,1
"1MLC_AB_E|NA32G,NA92A",-0.6866531,-0.1121809,3,1
"1MLC_AB_E|NA32G,NA92A,SB57V,TB58D",-1.7349738,-0.5374455,3,1
1MLC_AB_E|NA32Y,0.0,-0.41994745,3,1
1MLC_AB_E|NA92A,-1.2533532,0.15195575,3,1
"1MLC_AB_E|NA92A,SB57V,TB58D",-2.394188,-0.26385033,3,1
"1MLC_AB_E|NA92A,TB28D,SB57V,TB58D",-2.5813644,-0.39396715,3,1
"1MLC_AB_E|NA92A,TB28D,SB57V,TB58D,EB35S,GB99D",-2.9539242,-0.12078796,3,1
"1MLC_AB_E|NA92A,TB28D,SB57V,TB58D,GB99D",-0.20357698,-0.23460375,3,1
"1MLC_AB_E|NA92A,TB28D,SB57V,TB58D,NA32L",-2.5843081,-0.5810744,3,1
"1MLC_AB_E|NA92A,TB28D,SB57V,TB58D,RB98M,DB100Q",-0.41047263,-0.67785513,3,1
"1MLC_AB_E|NA92A,TB28D,SB57V,TB58D,SA91N,SA93A",-1.6104395,0.16097794,3,1
"1MLC_AB_E|NA92A,TB28D,SB57V,TB58D,SB30G",-2.3584673,-0.5364614,3,1
"1MLC_AB_E|NA92A,TB28D,SB57V,TB58D,YB32W,RB98V,DB100Q",0.36138764,-0.59501785,3,1
"1MLC_AB_E|NA92A,TB28D,SB57V,TB58D,YB59E",-1.4661698,-0.27318126,3,1
1MLC_AB_E|SB57A,-0.37902167,0.45027888,3,1
1MLC_AB_E|SB57V,-0.49418068,-0.12406233,3,1
"1MLC_AB_E|SB57V,TB58D",-0.9877286,-0.39023173,3,1
1MLC_AB_E|TB28D,-0.15094383,0.0034122206,3,1
1MLC_AB_E|TB31A,0.44700673,0.0024840534,3,1
1MLC_AB_E|TB31V,0.5262404,-0.36760557,3,1
1MLC_AB_E|TB31W,0.13214268,-0.4822594,3,1
1MLC_AB_E|TB58D,-0.55968237,-0.14848332,3,1
1NCA_N_LH|DH101K,0.71416,0.33570564,3,1
1NCA_N_LH|EH100D,0.41047263,0.048338868,3,1
1NCA_N_LH|NH102Q,0.5426153,-0.24951093,3,1
1NCA_N_LH|NH31Q,0.0,-0.42051572,3,1
1NMB_N_LH|DH57E,2.9536283,-0.14725088,3,1
1NMB_N_LH|DH57N,2.9536283,0.08363663,3,1
1NMB_N_LH|LL94V,0.9000208,0.04929553,3,1
1NMB_N_LH|TL93F,-0.023903161,-0.25132704,3,1
1NMB_N_LH|TL93W,0.18419003,-0.31088114,3,1
1NMB_N_LH|YH103A,2.14062,0.7110938,3,1
1NMB_N_LH|YH105F,1.4194101,0.412058,3,1
1NMB_N_LH|YL32F,0.46632215,0.21429564,3,1
1VFB_AB_C|DB100A,3.005002,0.3935243,3,1
"1VFB_AB_C|DB100A,SC24A",3.369756,0.9951548,3,1
1VFB_AB_C|DB54A,0.8151114,0.33449513,3,1
"1VFB_AB_C|DB54A,TC118A",1.2546439,0.7691017,3,1
1VFB_AB_C|DB58A,-0.20700333,0.32117236,3,1
1VFB_AB_C|DB58E,0.078081094,-0.05331003,3,1
1VFB_AB_C|DB58N,-0.12818155,0.18377458,3,1
1VFB_AB_C|DC119A,0.9530879,0.4919799,3,1
1VFB_AB_C|DC18A,0.34013057,0.7366214,3,1
1VFB_AB_C|EB98A,1.1565572,0.4118973,3,1
1VFB_AB_C|GB31A,0.30646533,0.06734056,3,1
1VFB_AB_C|GB31E,-0.5097613,-0.3257199,3,1
1VFB_AB_C|GB31W,0.0039611305,-0.32907116,3,1
1VFB_AB_C|HA30A,0.84488255,0.1896909,3,1
1VFB_AB_C|IC124A,1.2314179,0.4376247,3,1
1VFB_AB_C|KC116A,0.7134504,0.77040756,3,1
1VFB_AB_C|LC129A,0.17154472,0.3159029,3,1
1VFB_AB_C|NA31W,0.17432266,-0.4150679,3,1
1VFB_AB_C|NB56A,0.17771798,0.0904456,3,1
1VFB_AB_C|NC19A,0.3960868,0.6008697,3,1
1VFB_AB_C|QC121A,2.876998,0.72575617,3,1
1VFB_AB_C|RB99A,-0.099735305,0.28703058,3,1
1VFB_AB_C|RB99W,0.7049742,-0.4092325,3,1
1VFB_AB_C|RB99Y,1.235379,-0.38412374,3,1
1VFB_AB_C|RC125A,1.8368999,0.7283199,3,1
1VFB_AB_C|SA93A,0.34312394,0.21894291,3,1
1VFB_AB_C|SB28D,0.0,0.06027709,3,1
1VFB_AB_C|SB28E,-0.104007296,-0.07108592,3,1
1VFB_AB_C|SB28N,0.14394745,0.12869307,3,1
1VFB_AB_C|SB28Q,0.078081094,-0.104896605,3,1
1VFB_AB_C|SC24A,0.850965,0.5517398,3,1
1VFB_AB_C|TA52F,0.4708752,-0.22284402,3,1
1VFB_AB_C|TA53R,1.6458516,-0.45402992,3,1
1VFB_AB_C|TB30A,-0.05584954,0.23941056,3,1
1VFB_AB_C|TC118A,0.7650957,0.41439968,3,1
1VFB_AB_C|VC120A,0.9169499,0.350716,3,1
1VFB_AB_C|WA92A,3.037848,0.69410866,3,1
"1VFB_AB_C|WA92A,IC124A",3.8503337,1.3376405,3,1
"1VFB_AB_C|WA92A,LC129A",3.3073628,0.9976541,3,1
"1VFB_AB_C|WA92A,QC121A",3.5189366,1.5904722,3,1
"1VFB_AB_C|WA92A,RC125A",3.3932896,1.6636639,3,1
1VFB_AB_C|WB52A,0.6406274,0.40559083,3,1
"1VFB_AB_C|WB52A,DC119A",2.2473724,1.1823076,3,1
1VFB_AB_C|YA32A,1.5281335,0.7175179,3,1
"1VFB_AB_C|YA32A,IC124A",2.9057157,1.215494,3,1
"1VFB_AB_C|YA32A,QC121A",1.586041,1.4957482,3,1
1VFB_AB_C|YA49A,0.79754156,0.6784063,3,1
1VFB_AB_C|YA50A,0.456086,0.8807973,3,1
"1VFB_AB_C|YA50A,DC119A",1.2314179,1.4570678,3,1
"1VFB_AB_C|YA50A,DC18A",1.265924,1.7433966,3,1
1VFB_AB_C|YA50K,1.7156012,0.6204578,3,1
1VFB_AB_C|YA50R,0.8443241,0.36376607,3,1
1VFB_AB_C|YB101F,1.2695644,0.3641569,3,1
"1VFB_AB_C|YB101F,DC119A",2.736521,0.86693674,3,1
"1VFB_AB_C|YB101F,VC120A",2.5384777,0.59407276,3,1
1VFB_AB_C|YB32A,0.7916793,0.450212,3,1
"1VFB_AB_C|YB32A,KC116A",1.586041,1.3368015,3,1
1VFB_AB_C|YB32E,1.9021881,0.15261,3,1
1VFB_AB_C|YC23A,0.41047263,0.9149695,3,1
1XGP_AB_C|AB33F,-4.0,-0.65135866,3,1
1XGP_AB_C|AB33I,-2.260207,-0.6054855,3,1
1XGP_AB_C|AB33L,-2.1988916,-0.60048336,3,1
1XGP_AB_C|AB33V,-1.1525793,-0.6438581,3,1
2JEL_LH_P|AP82S,0.0,-0.7363331,3,1
2JEL_LH_P|DP69E,0.9530879,0.102684274,3,1
2JEL_LH_P|EP5D,0.41047263,-0.010001123,3,1
2JEL_LH_P|EP5Q,0.7129768,0.034555517,3,1
2JEL_LH_P|EP68A,0.41047263,0.55374485,3,1
2JEL_LH_P|EP75R,2.727121,0.19967921,3,1
2JEL_LH_P|EP83A,0.0,0.30999064,3,1
2JEL_LH_P|EP85A,0.0,0.37120593,3,1
2JEL_LH_P|EP85D,0.0,-0.14754152,3,1
2JEL_LH_P|EP85K,0.0,-0.112426,3,1
2JEL_LH_P|EP85Q,0.0,-0.21313308,3,1
2JEL_LH_P|FP2W,2.6191528,-0.16662508,3,1
2JEL_LH_P|FP2Y,0.0,-0.31751353,3,1
2JEL_LH_P|HP76A,-0.41047263,0.82220864,3,1
2JEL_LH_P|HP76D,-0.65058374,0.064566284,3,1
2JEL_LH_P|KP24E,0.0,0.069960386,3,1
2JEL_LH_P|KP27E,0.0,0.009253506,3,1
2JEL_LH_P|KP72E,0.41047263,0.020013208,3,1
2JEL_LH_P|KP72R,0.0,-0.054371454,3,1
2JEL_LH_P|KP79E,0.41047263,0.04489488,3,1
2JEL_LH_P|NP12D,0.0,-0.0020187646,3,1
2JEL_LH_P|NP38T,0.0,0.063807055,3,1
2JEL_LH_P|PP11E,0.0,-0.047672853,3,1
2JEL_LH_P|QP3K,4.0,-0.10123856,3,1
2JEL_LH_P|QP4K,1.3635606,-0.13322021,3,1
2JEL_LH_P|QP57E,-0.41047263,0.03506383,3,1
2JEL_LH_P|QP71E,2.727121,-0.08464682,3,1
2JEL_LH_P|RP17G,0.0,0.33142185,3,1
2JEL_LH_P|RP17K,0.0,0.052659903,3,1
2JEL_LH_P|SP41C,1.4957032,-0.084916994,3,1
2JEL_LH_P|SP43C,0.0,-0.03970007,3,1
2JEL_LH_P|SP46C,0.0,-0.08833592,3,1
2JEL_LH_P|SP64T,4.0,-0.40038055,3,1
2JEL_LH_P|TP34Q,0.0,0.010032918,3,1
2JEL_LH_P|TP36Q,0.41047263,0.26214036,3,1
2JEL_LH_P|TP62A,0.0,0.59229594,3,1
2JEL_LH_P|TP62N,0.0,0.10537961,3,1
2JEL_LH_P|TP7N,0.41047263,0.09855871,3,1
2JEL_LH_P|TP7S,0.0,0.16112459,3,1
2JEL_LH_P|VP6F,0.0,-0.274588,3,1
"2NY7_HL_G|CG27I,CG226Q",0.19971907,-0.24958687,3,1
"2NY7_HL_G|CG27I,CG226Q,MG231A",0.20319231,0.5255434,3,1
"2NY7_HL_G|GG229C,MG231A",-0.37879732,0.6106034,3,1
"2NY7_HL_G|GG229C,WG13M,MG231A,CG14W,CG110V,CG27I,CG226Q",0.21462485,0.5174381,3,1
"2NY7_HL_G|KG66C,EG102C,CG27I,CG226Q",0.04085667,-0.03335108,3,1
"2NY7_HL_G|KG66C,EG102C,WG13M,MG231A,CG14W,CG110V,CG27I,CG226Q",0.3998023,0.75376505,3,1
"2NY7_HL_G|KG66C,EG103C,WG13M,MG231A,CG14W,CG110V,CG27I,CG226Q",0.29989544,0.7231081,3,1
"2NY7_HL_G|WG13M,MG231A,CG14W,CG110V",1.1574335,0.739092,3,1
"2NY7_HL_G|WG13M,MG231A,CG14W,CG110V,CG27I,CG226Q",0.44904727,0.54070115,3,1
"2NY7_HL_G|WG13M,MG231A,CG14W,CG110V,KG66C,EG102C",0.55101526,1.0083357,3,1
"2NY7_HL_G|WG13M,SG92T,WG181S,MG231A,CG14W,CG110V,CG27I,CG226Q",-0.3035898,0.55659306,3,1
3BN9_B_CD|DB214A,0.5662115,0.6079103,3,1
3BN9_B_CD|DB46A,0.42238826,0.39933044,3,1
3BN9_B_CD|DB47A,0.31110755,0.61146605,3,1
3BN9_B_CD|EB163A,0.37321588,0.58888453,3,1
3BN9_B_CD|FB50A,-0.044997852,0.94853544,3,1
3BN9_B_CD|FB89A,0.6392419,0.42316222,3,1
3BN9_B_CD|HB138A,0.085063316,0.3418864,3,1
3BN9_B_CD|IB26A,0.0,0.3632558,3,1
3BN9_B_CD|IB45A,0.8352155,0.2939362,3,1
3BN9_B_CD|KB221A,0.7849689,0.7983652,3,1
3BN9_B_CD|LB147A,0.33619216,0.66458154,3,1
3BN9_B_CD|NB90A,0.7733444,0.5856523,3,1
3BN9_B_CD|PD104H,2.4272547,-0.3504858,3,1
3BN9_B_CD|QB140A,0.1331048,0.50688875,3,1
3BN9_B_CD|QB168A,-0.03469869,0.51940894,3,1
3BN9_B_CD|QB169A,2.5089848,0.73059136,3,1
3BN9_B_CD|QB218A,0.70571065,0.46255463,3,1
3BN9_B_CD|QB23A,-0.41530684,0.51006913,3,1
3BN9_B_CD|QD105V,1.2241027,0.05711125,3,1
3BN9_B_CD|RB219A,-0.093698174,0.50235516,3,1
3BN9_B_CD|RB48A,-0.044997852,0.6768367,3,1
3BN9_B_CD|RB51A,-0.07155777,0.69626856,3,1
3BN9_B_CD|RB82A,-0.15923285,0.47421944,3,1
3BN9_B_CD|SD30G,1.1861069,0.12187569,3,1
3BN9_B_CD|SD30N,1.145505,0.3816899,3,1
3BN9_B_CD|TB144A,0.2908351,0.44949883,3,1
3BN9_B_CD|TB93A,1.1320528,0.8287439,3,1
3BN9_B_CD|TD102Q,-0.02153644,-0.13664065,3,1
3BN9_B_CD|TD102R,-0.058294915,-0.21907137,3,1
3BN9_B_CD|TD28R,0.33290586,-0.17087667,3,1
3BN9_B_CD|YB141A,1.0846525,0.84740657,3,1
3BN9_B_CD|YB52A,0.018951595,0.9823381,3,1
3BN9_B_CD|YD103S,0.45868576,0.3878389,3,1
4GXU_ABCDEF_MN|DA189E,2.1650882,-0.09690893,3,1
"4GXU_ABCDEF_MN|DA189E,DA224G",3.0102077,0.19643807,3,1
4GXU_ABCDEF_MN|DA224G,1.9608781,0.0155127775,3,1
"1CZ8_HL_VW|LL4M,DH28T,HH31N,YH101H,TH105S",2.939849,0.8299326,3,2
1KIR_AB_C|SA50Y,-1.3870943,-0.7065301,3,2
1MLC_AB_E|KB65D,0.018548755,-0.4554865,3,2
1MLC_AB_E|NA32G,-0.8773867,-0.1265642,3,2
"1MLC_AB_E|NA32G,NA92A",-0.6866531,0.33663476,3,2
"1MLC_AB_E|NA32G,NA92A,SB57V,TB58D",-1.7349738,0.3868049,3,2
1MLC_AB_E|NA32Y,0.0,-0.72767615,3,2
1MLC_AB_E|NA92A,-1.2533532,0.07403616,3,2
"1MLC_AB_E|NA92A,SB57V,TB58D",-2.394188,0.36394447,3,2
"1MLC_AB_E|NA92A,TB28D,SB57V,TB58D",-2.5813644,0.23973995,3,2
"1MLC_AB_E|NA92A,TB28D,SB57V,TB58D,EB35S,GB99D",-2.9539242,0.069620654,3,2
"1MLC_AB_E|NA92A,TB28D,SB57V,TB58D,GB99D",-0.20357698,0.43536773,3,2
"1MLC_AB_E|NA92A,TB28D,SB57V,TB58D,NA32L",-2.5843081,0.12363355,3,2
"1MLC_AB_E|NA92A,TB28D,SB57V,TB58D,RB98M,DB100Q",-0.41047263,0.23335922,3,2
"1MLC_AB_E|NA92A,TB28D,SB57V,TB58D,SA91N,SA93A",-1.6104395,1.4864359,3,2
"1MLC_AB_E|NA92A,TB28D,SB57V,TB58D,SB30G",-2.3584673,0.49325216,3,2
"1MLC_AB_E|NA92A,TB28D,SB57V,TB58D,YB32W,RB98V,DB100Q",0.36138764,0.7134844,3,2
"1MLC_AB_E|NA92A,TB28D,SB57V,TB58D,YB59E",-1.4661698,0.86239713,3,2
1MLC_AB_E|SB57A,-0.37902167,0.59372795,3,2
1MLC_AB_E|SB57V,-0.49418068,0.044209518,3,2
"1MLC_AB_E|SB57V,TB58D",-0.9877286,-0.04955394,3,2
1MLC_AB_E|TB28D,-0.15094383,-0.2202546,3,2
1MLC_AB_E|TB31A,0.44700673,0.49491477,3,2
1MLC_AB_E|TB31V,0.5262404,0.18141308,3,2
1MLC_AB_E|TB31W,0.13214268,-0.04962855,3,2
1MLC_AB_E|TB58D,-0.55968237,-0.014534332,3,2
1NCA_N_LH|DH101K,0.71416,0.41180295,3,2
1NCA_N_LH|EH100D,0.41047263,0.2019346,3,2
1NCA_N_LH|NH102Q,0.5426153,0.008036546,3,2
1NCA_N_LH|NH31Q,0.0,0.14651501,3,2
1NMB_N_LH|DH57E,2.9536283,-0.018579751,3,2
1NMB_N_LH|DH57N,2.9536283,0.25345638,3,2
1NMB_N_LH|LL94V,0.9000208,0.053755507,3,2
1NMB_N_LH|TL93F,-0.023903161,-0.6673648,3,2
1NMB_N_LH|TL93W,0.18419003,-1.018294,3,2
1NMB_N_LH|YH103A,2.14062,1.4038706,3,2
1NMB_N_LH|YH105F,1.4194101,0.7779175,3,2
1NMB_N_LH|YL32F,0.46632215,0.59169716,3,2
1VFB_AB_C|DB100A,3.005002,0.6100331,3,2
"1VFB_AB_C|DB100A,SC24A",3.369756,2.2719285,3,2
1VFB_AB_C|DB54A,0.8151114,0.44801274,3,2
"1VFB_AB_C|DB54A,TC118A",1.2546439,0.8676045,3,2
1VFB_AB_C|DB58A,-0.20700333,0.6656976,3,2
1VFB_AB_C|DB58E,0.078081094,-0.11534976,3,2
1VFB_AB_C|DB58N,-0.12818155,0.14136514,3,2
1VFB_AB_C|DC119A,0.9530879,1.4568936,3,2
1VFB_AB_C|DC18A,0.34013057,1.3128357,3,2
1VFB_AB_C|EB98A,1.1565572,0.8916561,3,2
1VFB_AB_C|GB31A,0.30646533,0.60814345,3,2
1VFB_AB_C|GB31E,-0.5097613,0.08326311,3,2
1VFB_AB_C|GB31W,0.0039611305,0.124493346,3,2
1VFB_AB_C|HA30A,0.84488255,0.700392,3,2
1VFB_AB_C|IC124A,1.2314179,0.5299664,3,2
1VFB_AB_C|KC116A,0.7134504,1.6309307,3,2
1VFB_AB_C|LC129A,0.17154472,0.33704388,3,2
1VFB_AB_C|NA31W,0.17432266,-0.048062004,3,2
1VFB_AB_C|NB56A,0.17771798,0.4352569,3,2
1VFB_AB_C|NC19A,0.3960868,0.9619926,3,2
1VFB_AB_C|QC121A,2.876998,1.1369181,3,2
1VFB_AB_C|RB99A,-0.099735305,0.5762686,3,2
1VFB_AB_C|RB99W,0.7049742,-0.2607937,3,2
1VFB_AB_C|RB99Y,1.235379,-0.5155285,3,2
1VFB_AB_C|RC125A,1.8368999,0.837343,3,2
1VFB_AB_C|SA93A,0.34312394,0.79345316,3,2
1VFB_AB_C|SB28D,0.0,-0.0873454,3,2
1VFB_AB_C|SB28E,-0.104007296,-0.15384096,3,2
1VFB_AB_C|SB28N,0.14394745,0.08390779,3,2
1VFB_AB_C|SB28Q,0.078081094,0.023412079,3,2
1VFB_AB_C|SC24A,0.850965,1.2376724,3,2
1VFB_AB_C|TA52F,0.4708752,-0.11911344,3,2
1VFB_AB_C|TA53R,1.6458516,-0.40230533,3,2
1VFB_AB_C|TB30A,-0.05584954,0.30307242,3,2
1VFB_AB_C|TC118A,0.7650957,0.62487775,3,2
1VFB_AB_C|VC120A,0.9169499,0.23020825,3,2
1VFB_AB_C|WA92A,3.037848,0.5325974,3,2
"1VFB_AB_C|WA92A,IC124A",3.8503337,0.9682129,3,2
"1VFB_AB_C|WA92A,LC129A",3.3073628,0.89544123,3,2
"1VFB_AB_C|WA92A,QC121A",3.5189366,1.8467225,3,2
"1VFB_AB_C|WA92A,RC125A",3.3932896,1.4685034,3,2
1VFB_AB_C|WB52A,0.6406274,0.9611733,3,2
"1VFB_AB_C|WB52A,DC119A",2.2473724,2.3513913,3,2
1VFB_AB_C|YA32A,1.5281335,1.207835,3,2
"1VFB_AB_C|YA32A,IC124A",2.9057157,1.4569417,3,2
"1VFB_AB_C|YA32A,QC121A",1.586041,2.1755583,3,2
1VFB_AB_C|YA49A,0.79754156,1.5508047,3,2
1VFB_AB_C|YA50A,0.456086,1.587164,3,2
"1VFB_AB_C|YA50A,DC119A",1.2314179,3.2687702,3,2
"1VFB_AB_C|YA50A,DC18A",1.265924,3.1540244,3,2
1VFB_AB_C|YA50K,1.7156012,1.2557303,3,2
1VFB_AB_C|YA50R,0.8443241,0.55958724,3,2
1VFB_AB_C|YB101F,1.2695644,1.4175045,3,2
"1VFB_AB_C|YB101F,DC119A",2.736521,2.8951774,3,2
"1VFB_AB_C|YB101F,VC120A",2.5384777,1.5224959,3,2
1VFB_AB_C|YB32A,0.7916793,1.2230927,3,2
"1VFB_AB_C|YB32A,KC116A",1.586041,2.9230714,3,2
1VFB_AB_C|YB32E,1.9021881,0.49793944,3,2
1VFB_AB_C|YC23A,0.41047263,0.9051695,3,2
1XGP_AB_C|AB33F,-4.0,-0.76156884,3,2
1XGP_AB_C|AB33I,-2.260207,-0.5145453,3,2
1XGP_AB_C|AB33L,-2.1988916,-0.5259254,3,2
1XGP_AB_C|AB33V,-1.1525793,-0.4572684,3,2
2JEL_LH_P|AP82S,0.0,-0.39590177,3,2
2JEL_LH_P|DP69E,0.9530879,0.27083495,3,2
2JEL_LH_P|EP5D,0.41047263,0.33541042,3,2
2JEL_LH_P|EP5Q,0.7129768,0.28529337,3,2
2JEL_LH_P|EP68A,0.41047263,0.67688245,3,2
2JEL_LH_P|EP75R,2.727121,0.36495632,3,2
2JEL_LH_P|EP83A,0.0,0.39063045,3,2
2JEL_LH_P|EP85A,0.0,0.34951124,3,2
2JEL_LH_P|EP85D,0.0,-0.07811334,3,2
2JEL_LH_P|EP85K,0.0,0.07200007,3,2
2JEL_LH_P|EP85Q,0.0,-0.040351853,3,2
2JEL_LH_P|FP2W,2.6191528,0.76134217,3,2
2JEL_LH_P|FP2Y,0.0,-0.04048805,3,2
2JEL_LH_P|HP76A,-0.41047263,0.61025834,3,2
2JEL_LH_P|HP76D,-0.65058374,-0.06854188,3,2
2JEL_LH_P|KP24E,0.0,0.8313645,3,2
2JEL_LH_P|KP27E,0.0,0.8335779,3,2
2JEL_LH_P|KP72E,0.41047263,0.31183204,3,2
2JEL_LH_P|KP72R,0.0,0.5714871,3,2
2JEL_LH_P|KP79E,0.41047263,0.47943005,3,2
2JEL_LH_P|NP12D,0.0,-0.23951891,3,2
2JEL_LH_P|NP38T,0.0,0.050996423,3,2
2JEL_LH_P|PP11E,0.0,-0.046302594,3,2
2JEL_LH_P|QP3K,4.0,0.06232802,3,2
2JEL_LH_P|QP4K,1.3635606,-0.30465898,3,2
2JEL_LH_P|QP57E,-0.41047263,0.32447472,3,2
2JEL_LH_P|QP71E,2.727121,0.25425708,3,2
2JEL_LH_P|RP17G,0.0,1.010883,3,2
2JEL_LH_P|RP17K,0.0,0.3129545,3,2
2JEL_LH_P|SP41C,1.4957032,0.5187507,3,2
2JEL_LH_P|SP43C,0.0,0.17930332,3,2
2JEL_LH_P|SP46C,0.0,0.25168672,3,2
2JEL_LH_P|SP64T,4.0,0.21442038,3,2
2JEL_LH_P|TP34Q,0.0,0.15209234,3,2
2JEL_LH_P|TP36Q,0.41047263,-0.020106696,3,2
2JEL_LH_P|TP62A,0.0,1.0575243,3,2
2JEL_LH_P|TP62N,0.0,0.94305,3,2
2JEL_LH_P|TP7N,0.41047263,0.73688495,3,2
2JEL_LH_P|TP7S,0.0,0.5286784,3,2
2JEL_LH_P|VP6F,0.0,-0.056120463,3,2
"2NY7_HL_G|CG27I,CG226Q",0.19971907,-1.5981764,3,2
"2NY7_HL_G|CG27I,CG226Q,MG231A",0.20319231,-1.4067339,3,2
"2NY7_HL_G|GG229C,MG231A",-0.37879732,0.31951624,3,2
"2NY7_HL_G|GG229C,WG13M,MG231A,CG14W,CG110V,CG27I,CG226Q",0.21462485,-3.2853785,3,2
"2NY7_HL_G|KG66C,EG102C,CG27I,CG226Q",0.04085667,-0.9788698,3,2
"2NY7_HL_G|KG66C,EG102C,WG13M,MG231A,CG14W,CG110V,CG27I,CG226Q",0.3998023,-2.0464132,3,2
"2NY7_HL_G|KG66C,EG103C,WG13M,MG231A,CG14W,CG110V,CG27I,CG226Q",0.29989544,-2.1414096,3,2
"2NY7_HL_G|WG13M,MG231A,CG14W,CG110V",1.1574335,-0.62844294,3,2
"2NY7_HL_G|WG13M,MG231A,CG14W,CG110V,CG27I,CG226Q",0.44904727,-2.8489776,3,2
"2NY7_HL_G|WG13M,MG231A,CG14W,CG110V,KG66C,EG102C",0.55101526,0.36461508,3,2
"2NY7_HL_G|WG13M,SG92T,WG181S,MG231A,CG14W,CG110V,CG27I,CG226Q",-0.3035898,-3.1512084,3,2
3BN9_B_CD|DB214A,0.5662115,0.6188615,3,2
3BN9_B_CD|DB46A,0.42238826,0.28131527,3,2
3BN9_B_CD|DB47A,0.31110755,0.43362698,3,2
3BN9_B_CD|EB163A,0.37321588,0.43914184,3,2
3BN9_B_CD|FB50A,-0.044997852,0.8105026,3,2
3BN9_B_CD|FB89A,0.6392419,2.2928696,3,2
3BN9_B_CD|HB138A,0.085063316,0.30312225,3,2
3BN9_B_CD|IB26A,0.0,1.1281295,3,2
3BN9_B_CD|IB45A,0.8352155,0.50082636,3,2
3BN9_B_CD|KB221A,0.7849689,0.9912707,3,2
3BN9_B_CD|LB147A,0.33619216,0.4443138,3,2
3BN9_B_CD|NB90A,0.7733444,0.63405627,3,2
3BN9_B_CD|PD104H,2.4272547,-0.11786092,3,2
3BN9_B_CD|QB140A,0.1331048,0.38925666,3,2
3BN9_B_CD|QB168A,-0.03469869,0.59159684,3,2
3BN9_B_CD|QB169A,2.5089848,0.91199964,3,2
3BN9_B_CD|QB218A,0.70571065,0.6486094,3,2
3BN9_B_CD|QB23A,-0.41530684,0.3550546,3,2
3BN9_B_CD|QD105V,1.2241027,-0.0111791715,3,2
3BN9_B_CD|RB219A,-0.093698174,0.25900045,3,2
3BN9_B_CD|RB48A,-0.044997852,0.45978615,3,2
3BN9_B_CD|RB51A,-0.07155777,0.36798635,3,2
3BN9_B_CD|RB82A,-0.15923285,0.7855177,3,2
3BN9_B_CD|SD30G,1.1861069,0.51347715,3,2
3BN9_B_CD|SD30N,1.145505,0.55585116,3,2
3BN9_B_CD|TB144A,0.2908351,0.2925228,3,2
3BN9_B_CD|TB93A,1.1320528,0.52957636,3,2
3BN9_B_CD|TD102Q,-0.02153644,-0.4069999,3,2
3BN9_B_CD|TD102R,-0.058294915,-0.4493139,3,2
3BN9_B_CD|TD28R,0.33290586,-0.22830486,3,2
3BN9_B_CD|YB141A,1.0846525,1.2617776,3,2
3BN9_B_CD|YB52A,0.018951595,0.31744704,3,2
3BN9_B_CD|YD103S,0.45868576,0.65225756,3,2
4GXU_ABCDEF_MN|DA189E,2.1650882,0.64335996,3,2
"4GXU_ABCDEF_MN|DA189E,DA224G",3.0102077,1.4996475,3,2
4GXU_ABCDEF_MN|DA224G,1.9608781,0.6386736,3,2
"1JRH_LH_I|AI49S,II51T,HI55D",0.070675574,-0.7754874,4,0
"1JRH_LH_I|AI85D,KI88R,EI90K",-0.047747865,-0.22933567,4,0
"1JRH_LH_I|AI93L,VI94M",0.63366294,-0.60623825,4,0
1JRH_LH_I|DH56A,1.8860998,2.8694544,4,0
1JRH_LH_I|DH57A,1.6660647,0.7000755,4,0
1JRH_LH_I|DH58A,1.8546488,0.9980341,4,0
1JRH_LH_I|DL28A,0.43464687,1.8536843,4,0
1JRH_LH_I|EI35Q,0.09956847,-0.12166928,4,0
1JRH_LH_I|EI45A,-0.5657849,0.39037645,4,0
1JRH_LH_I|EI45P,-3.7881775,0.01857555,4,0
"1JRH_LH_I|EI45P,II47L",-3.4567804,0.23749271,4,0
"1JRH_LH_I|EI45P,II47R",-3.4400978,0.28913108,4,0
1JRH_LH_I|EL27A,0.5426153,1.5170681,4,0
1JRH_LH_I|FH103A,0.0,0.051116854,4,0
1JRH_LH_I|GI40A,4.0,0.7716389,4,0
1JRH_LH_I|HH107A,1.6977708,0.029239662,4,0
"1JRH_LH_I|II25N,PI27S,VI29T,VI31I",0.14370596,-0.55046463,4,0
1JRH_LH_I|KI37A,3.713863,-0.0987327,4,0
1JRH_LH_I|KI37M,3.2923293,0.16148925,4,0
1JRH_LH_I|KI42A,3.3858175,1.2798176,4,0
1JRH_LH_I|KI42M,4.0,-0.6537044,4,0
1JRH_LH_I|KI88A,0.31209365,0.72141623,4,0
"1JRH_LH_I|MI15L,II18V",-0.21360606,0.833704,4,0
1JRH_LH_I|NI38A,0.1704579,-0.25868592,4,0
1JRH_LH_I|NI38Q,0.5344714,-0.4178579,4,0
1JRH_LH_I|NI43A,4.0,0.8336401,4,0
1JRH_LH_I|NI69A,-0.19953421,0.7999369,4,0
1JRH_LH_I|RH100A,0.5426153,2.5293407,4,0
1JRH_LH_I|RI74A,0.3926171,-0.4440675,4,0
1JRH_LH_I|SI44A,0.37771076,2.069478,4,0
"1JRH_LH_I|SI44G,EI45G,II47R",-3.3777049,0.6061711,4,0
"1JRH_LH_I|SI44G,EI45P,II47K",-3.884419,0.37938082,4,0
"1JRH_LH_I|SI61Y,DI62E,HI63Q,VI64I,GI65M,DI66Y,SI68D,NI69V,LI71A",2.9588323,0.8952582,4,0
1JRH_LH_I|SL93A,-0.65058374,0.37763923,4,0
1JRH_LH_I|TI4V,-0.025565991,0.6117505,4,0
"1JRH_LH_I|TI9L,EI11K",-0.025565991,0.26664925,4,0
1JRH_LH_I|TL94A,0.38526937,0.19944131,4,0
1JRH_LH_I|VI41A,1.6791569,1.5184342,4,0
"1JRH_LH_I|VI73A,RI78K",-0.21360606,-1.1699522,4,0
1JRH_LH_I|WH54A,2.6862645,3.3209848,4,0
1JRH_LH_I|WH55A,2.4213178,2.02589,4,0
1JRH_LH_I|WI46F,-0.25261214,-0.17230779,4,0
1JRH_LH_I|WI46Y,0.29852974,-0.26986384,4,0
1JRH_LH_I|WI72A,4.0,0.8176809,4,0
1JRH_LH_I|WI72F,1.102707,-0.2966513,4,0
1JRH_LH_I|WI72Y,1.1878273,0.32328838,4,0
1JRH_LH_I|WL92A,2.818407,-0.012205385,4,0
1JRH_LH_I|WL95A,1.6660647,0.85565495,4,0
1JRH_LH_I|YH104A,1.0610564,1.0685351,4,0
1JRH_LH_I|YH32A,1.4333102,0.9100055,4,0
1JRH_LH_I|YH60A,1.2555921,1.3580211,4,0
1JRH_LH_I|YI39A,3.5271235,0.52971315,4,0
1JRH_LH_I|YI39F,0.9087807,-0.31061125,4,0
1JRH_LH_I|YL30A,1.1084566,1.130218,4,0
1JRH_LH_I|YL91A,0.58083415,2.5973744,4,0
1KIQ_AB_C|FB101Y,-2.4949589,-1.9973401,4,0
1XGR_AB_C|IB33A,2.260207,2.2553637,4,0
1XGR_AB_C|IB33F,-1.8004549,-1.4881971,4,0
1XGR_AB_C|IB33L,0.061315425,0.26994467,4,0
1XGR_AB_C|IB33V,1.1076277,1.0638658,4,0
2BDN_HL_A|DH31E,1.0852306,0.5535382,4,0
2BDN_HL_A|LH27K,0.8740124,-0.51212734,4,0
2BDN_HL_A|LH27R,0.65058374,-0.63205343,4,0
2BDN_HL_A|NH28D,0.13214268,-0.53581643,4,0
2BDN_HL_A|NH28Q,1.3994616,0.059802525,4,0
2BDN_HL_A|NL31K,3.4897714,1.1204605,4,0
2BDN_HL_A|NL31R,-0.9171868,0.7627723,4,0
2BDN_HL_A|SL53D,-0.1605731,-0.7848505,4,0
2BDN_HL_A|SL53E,-0.85132045,-0.76604116,4,0
2BDN_HL_A|TL56D,-0.4254655,-0.011515256,4,0
2BDN_HL_A|TL56E,-0.6888026,0.15713409,4,0
2BDN_HL_A|YL30K,0.67475796,0.77437174,4,0
2NYY_DC_A|DA1030A,0.009336901,1.5098895,4,0
2NYY_DC_A|DA1034A,2.5297937,1.6626467,4,0
2NYY_DC_A|DC30Y,0.64113563,0.080781795,4,0
2NYY_DC_A|EA892A,2.839132,1.3496584,4,0
2NYY_DC_A|ED5Q,-0.2479871,0.12385284,4,0
2NYY_DC_A|FA889A,0.4193659,0.8960308,4,0
2NYY_DC_A|FA925A,4.0,1.1841859,4,0
2NYY_DC_A|HA1036A,4.0,2.6276639,4,0
2NYY_DC_A|HC34R,0.10088469,-0.14360946,4,0
2NYY_DC_A|IA928A,-0.009487502,1.156443,4,0
2NYY_DC_A|KA1028A,-0.028934313,1.4415575,4,0
2NYY_DC_A|KA875A,0.29098648,1.4263614,4,0
2NYY_DC_A|KA895A,-0.14014584,0.40616572,4,0
2NYY_DC_A|KD29R,0.071385965,-0.109412625,4,0
"2NYY_DC_A|KD29S,YD30D,DD31H,SD60P",0.04961051,0.43288612,4,0
2NYY_DC_A|LA891A,2.5892105,0.87837803,4,0
2NYY_DC_A|MD33Q,-0.059869844,0.1624802,4,0
2NYY_DC_A|NA890A,0.89044046,-0.60396343,4,0
2NYY_DC_A|NA926A,0.09934822,0.35615176,4,0
2NYY_DC_A|QA887A,0.5208145,0.078437485,4,0
2NYY_DC_A|RA1033A,0.82012254,1.0425639,4,0
2NYY_DC_A|RA1266A,0.2995321,1.3772461,4,0
2NYY_DC_A|SA874A,-0.23032175,1.0230657,4,0
2NYY_DC_A|SA927A,0.0,1.5956961,4,0
2NYY_DC_A|SC28Q,0.4133828,0.4851015,4,0
2NYY_DC_A|SC31N,-0.35338265,-0.34328306,4,0
2NYY_DC_A|TA1035A,1.630871,1.1204993,4,0
2NYY_DC_A|VD36I,-0.21317148,0.4646735,4,0
"2NYY_DC_A|VD36I,ED5Q",-0.0490461,0.39533588,4,0
2NYY_DC_A|YD30D,0.06462482,0.95693684,4,0
2NYY_DC_A|YD30Q,0.12897444,1.057171,4,0
2NYY_DC_A|YD56Q,0.5196862,0.0045833886,4,0
2NZ9_DC_A|DA1030A,-0.031082604,1.6507676,4,0
2NZ9_DC_A|DA1034A,2.3396032,1.5648019,4,0
2NZ9_DC_A|EA892A,2.77036,1.653099,4,0
2NZ9_DC_A|FA889A,-0.04961051,0.7665805,4,0
2NZ9_DC_A|FA925A,3.340439,1.0994418,4,0
2NZ9_DC_A|HA1036A,4.0,2.2621064,4,0
2NZ9_DC_A|IA928A,0.069281444,1.1980168,4,0
2NZ9_DC_A|KA1028A,-0.008714417,1.2853918,4,0
2NZ9_DC_A|KA875A,0.5407011,1.696339,4,0
2NZ9_DC_A|KA895A,-0.29975358,0.6555324,4,0
2NZ9_DC_A|LA891A,2.279965,0.92010283,4,0
2NZ9_DC_A|NA890A,2.1600318,-0.8942503,4,0
2NZ9_DC_A|NA926A,-0.15216734,0.41997874,4,0
2NZ9_DC_A|QA887A,0.09926054,0.011884376,4,0
2NZ9_DC_A|RA1033A,0.29088098,0.9224836,4,0
2NZ9_DC_A|RA1266A,0.39015788,1.1944939,4,0
2NZ9_DC_A|SA874A,-0.11948046,0.9775622,4,0
2NZ9_DC_A|SA927A,-0.078544825,1.5839678,4,0
"2NZ9_DC_A|SD29K,DD30Y,HD31D",-0.04961051,-0.2823376,4,0
2NZ9_DC_A|TA1035A,2.3703818,1.182534,4,0
2VIS_AB_C|IC89T,-4.0,-3.3807654,4,0
"3BE1_HL_A|DL28N,PL30A,RL31K,SL32T,TL97S,TL98S",-0.6860794,-0.8552881,4,0
"3BE1_HL_A|DL28N,PL30A,RL31K,SL32T,TL97S,TL98S,KH30S,DH31G,TH54S,NH55E,GH100V,DH102V",-2.7728782,-2.1555874,4,0
"3BE1_HL_A|DL28N,PL30A,RL31K,SL32T,TL97S,TL98S,KH30S,DH31G,TH54S,NH55E,GH100V,DH102V,YL36A",-3.190238,-1.5076495,4,0
"3BE1_HL_A|DL28N,PL30A,RL31K,SL32T,TL97S,TL98S,KH30S,DH31G,TH54S,NH55E,GH100V,DH102V,YL36A,IL33A",-2.7728782,-1.502016,4,0
"3BE1_HL_A|DL28N,PL30A,RL31K,SL32T,YL57F,TL97S,TL98S",-0.8683455,-0.6571507,4,0
"3BE1_HL_A|DL28N,PL30A,RL31K,SL32T,YL57F,TL97S,TL98S,KH30S,DH31G,TH54S,NH55E,GH100V,DH102V",-2.8824897,-2.0689914,4,0
3LZF_AB_HL|DA187E,0.49836498,0.14192721,4,0
"3LZF_AB_HL|DA187E,DA222G",0.12738612,0.18525168,4,0
3LZF_AB_HL|DA222G,0.5378587,-0.1494447,4,0
3NGB_HL_G|AH57G,-0.056030333,-0.81945837,4,0
"3NGB_HL_G|AH57G,VH58T,PH63K,VH74T",1.6734211,-0.52110064,4,0
"3NGB_HL_G|CH32S,CH102A",0.25899792,0.2988368,4,0
3NGB_HL_G|DH103A,0.05987142,-0.22555238,4,0
3NGB_HL_G|EL88A,1.3199503,0.7073737,4,0
3NGB_HL_G|FL89A,0.85886127,0.40778986,4,0
3NGB_HL_G|GH55A,-1.2766591,0.20542401,4,0
3NGB_HL_G|GH55S,0.74304354,0.458465,4,0
3NGB_HL_G|GH56A,1.2656107,0.84666306,4,0
3NGB_HL_G|IH30A,-0.0027431613,0.11421133,4,0
3NGB_HL_G|IH30T,0.0733938,-0.07517453,4,0
"3NGB_HL_G|IH30T,KH52N,RH54N,GH55S,AH57G,VH58T,RH62Q,PH63K,VH74T,YH75S,YL26S",0.86214453,0.12223797,4,0
3NGB_HL_G|KH52A,0.62288266,1.3380619,4,0
3NGB_HL_G|KH52N,0.17497002,-0.34136686,4,0
3NGB_HL_G|MH70A,0.5305512,0.34809962,4,0
3NGB_HL_G|NH105A,1.1185741,0.23426288,4,0
3NGB_HL_G|NH59A,1.7671243,1.3187454,4,0
3NGB_HL_G|PH63A,-0.04252045,0.067792736,4,0
3NGB_HL_G|PH63K,0.23252328,0.31569284,4,0
3NGB_HL_G|QH65A,-0.34038836,1.0909224,4,0
3NGB_HL_G|QL25A,-0.23060839,0.5871096,4,0
3NGB_HL_G|RH54A,-0.25938424,0.84105754,4,0
3NGB_HL_G|RH54N,0.04645046,0.34948063,4,0
3NGB_HL_G|RH62A,0.9958448,1.5968567,4,0
3NGB_HL_G|RH62Q,0.09654992,0.263186,4,0
3NGB_HL_G|RH72A,1.6432176,3.0701802,4,0
3NGB_HL_G|SL28A,-0.14471176,0.18299296,4,0
3NGB_HL_G|TH33A,0.7071634,0.9123748,4,0
3NGB_HL_G|TH33Y,0.084193856,-0.8091664,4,0
"3NGB_HL_G|TH33Y,GH56S,AH57G,VH58T,PH63K,VH74T,YH75S",1.9381938,-0.43853906,4,0
3NGB_HL_G|VH58A,1.3584284,1.5733513,4,0
3NGB_HL_G|VH58T,0.13787223,-0.17597052,4,0
3NGB_HL_G|VH74A,1.087914,0.15901509,4,0
3NGB_HL_G|VH74T,0.16493925,0.44505987,4,0
3NGB_HL_G|VL1A,-0.7733632,-0.20256418,4,0
3NGB_HL_G|WH106A,4.0,0.55156094,4,0
3NGB_HL_G|WH47A,1.2021707,0.4571959,4,0
3NGB_HL_G|WH50A,1.2917941,1.3160778,4,0
3NGB_HL_G|YH104A,1.4235861,1.1062561,4,0
3NGB_HL_G|YH60A,0.5484263,0.5155572,4,0
3NGB_HL_G|YH75A,-0.19932224,0.16516599,4,0
3NGB_HL_G|YH75S,0.3325709,0.31181094,4,0
3NGB_HL_G|YL26A,0.98528093,0.91143864,4,0
3NGB_HL_G|YL26S,0.6512687,0.66048723,4,0
3NGB_HL_G|YL87A,2.0227883,1.6207327,4,0
4JPK_HL_A|DA141R,3.857323,0.26315293,4,0
"4JPK_HL_A|DA159N,DA33N",0.6189681,2.5432918,4,0
4JPK_HL_A|FA144I,1.3875175,0.83383214,4,0
4JPK_HL_A|FA63L,1.1672868,1.1575658,4,0
4JPK_HL_A|RA130K,0.23006605,0.29519293,4,0
4JPK_HL_A|RA81T,0.75870305,0.10022623,4,0
4JPK_HL_A|SA41G,2.151695,1.3738087,4,0
4JPK_HL_A|TA35S,-0.032093357,-1.8083528,4,0
4JPK_HL_A|VA30N,0.59459484,0.87791604,4,0
"1JRH_LH_I|AI49S,II51T,HI55D",0.070675574,0.06707322,4,1
"1JRH_LH_I|AI85D,KI88R,EI90K",-0.047747865,-0.31278473,4,1
"1JRH_LH_I|AI93L,VI94M",0.63366294,-0.21442515,4,1
1JRH_LH_I|DH56A,1.8860998,2.8586037,4,1
1JRH_LH_I|DH57A,1.6660647,1.4847529,4,1
1JRH_LH_I|DH58A,1.8546488,1.2513899,4,1
1JRH_LH_I|DL28A,0.43464687,1.156557,4,1
1JRH_LH_I|EI35Q,0.09956847,0.55242544,4,1
1JRH_LH_I|EI45A,-0.5657849,0.20637989,4,1
1JRH_LH_I|EI45P,-3.7881775,0.44934008,4,1
"1JRH_LH_I|EI45P,II47L",-3.4567804,0.37618598,4,1
"1JRH_LH_I|EI45P,II47R",-3.4400978,0.47901925,4,1
1JRH_LH_I|EL27A,0.5426153,1.5254798,4,1
1JRH_LH_I|FH103A,0.0,0.18315637,4,1
1JRH_LH_I|GI40A,4.0,0.7500226,4,1
1JRH_LH_I|HH107A,1.6977708,0.419127,4,1
"1JRH_LH_I|II25N,PI27S,VI29T,VI31I",0.14370596,-0.19851923,4,1
1JRH_LH_I|KI37A,3.713863,0.02055854,4,1
1JRH_LH_I|KI37M,3.2923293,0.22945407,4,1
1JRH_LH_I|KI42A,3.3858175,0.9249562,4,1
1JRH_LH_I|KI42M,4.0,0.4349639,4,1
1JRH_LH_I|KI88A,0.31209365,0.67757595,4,1
"1JRH_LH_I|MI15L,II18V",-0.21360606,-0.05221653,4,1
1JRH_LH_I|NI38A,0.1704579,0.099574916,4,1
1JRH_LH_I|NI38Q,0.5344714,-0.38728583,4,1
1JRH_LH_I|NI43A,4.0,0.569306,4,1
1JRH_LH_I|NI69A,-0.19953421,0.25523013,4,1
1JRH_LH_I|RH100A,0.5426153,1.5085438,4,1
1JRH_LH_I|RI74A,0.3926171,0.42086992,4,1
1JRH_LH_I|SI44A,0.37771076,0.70784783,4,1
"1JRH_LH_I|SI44G,EI45G,II47R",-3.3777049,0.35402524,4,1
"1JRH_LH_I|SI44G,EI45P,II47K",-3.884419,0.3912249,4,1
"1JRH_LH_I|SI61Y,DI62E,HI63Q,VI64I,GI65M,DI66Y,SI68D,NI69V,LI71A",2.9588323,-1.3170754,4,1
1JRH_LH_I|SL93A,-0.65058374,0.6255504,4,1
1JRH_LH_I|TI4V,-0.025565991,0.509273,4,1
"1JRH_LH_I|TI9L,EI11K",-0.025565991,0.48790982,4,1
1JRH_LH_I|TL94A,0.38526937,0.3816488,4,1
1JRH_LH_I|VI41A,1.6791569,0.5374023,4,1
"1JRH_LH_I|VI73A,RI78K",-0.21360606,-1.5005511,4,1
1JRH_LH_I|WH54A,2.6862645,2.4114583,4,1
1JRH_LH_I|WH55A,2.4213178,0.34240505,4,1
1JRH_LH_I|WI46F,-0.25261214,0.055492345,4,1
1JRH_LH_I|WI46Y,0.29852974,-0.17700511,4,1
1JRH_LH_I|WI72A,4.0,-0.55536973,4,1
1JRH_LH_I|WI72F,1.102707,-0.30261126,4,1
1JRH_LH_I|WI72Y,1.1878273,-0.93796986,4,1
1JRH_LH_I|WL92A,2.818407,0.4123147,4,1
1JRH_LH_I|WL95A,1.6660647,0.14869753,4,1
1JRH_LH_I|YH104A,1.0610564,0.7054029,4,1
1JRH_LH_I|YH32A,1.4333102,0.59789246,4,1
1JRH_LH_I|YH60A,1.2555921,1.9309684,4,1
1JRH_LH_I|YI39A,3.5271235,1.4338732,4,1
1JRH_LH_I|YI39F,0.9087807,0.93687797,4,1
1JRH_LH_I|YL30A,1.1084566,1.9529915,4,1
1JRH_LH_I|YL91A,0.58083415,1.6305401,4,1
1KIQ_AB_C|FB101Y,-2.4949589,-2.112527,4,1
1XGR_AB_C|IB33A,2.260207,2.6183577,4,1
1XGR_AB_C|IB33F,-1.8004549,-1.5348129,4,1
1XGR_AB_C|IB33L,0.061315425,0.46198425,4,1
1XGR_AB_C|IB33V,1.1076277,1.4375937,4,1
2BDN_HL_A|DH31E,1.0852306,0.32888734,4,1
2BDN_HL_A|LH27K,0.8740124,0.49154532,4,1
2BDN_HL_A|LH27R,0.65058374,0.26724854,4,1
2BDN_HL_A|NH28D,0.13214268,-0.05577966,4,1
2BDN_HL_A|NH28Q,1.3994616,0.43342233,4,1
2BDN_HL_A|NL31K,3.4897714,0.43719736,4,1
2BDN_HL_A|NL31R,-0.9171868,0.303585,4,1
2BDN_HL_A|SL53D,-0.1605731,-0.380924,4,1
2BDN_HL_A|SL53E,-0.85132045,-0.25490078,4,1
2BDN_HL_A|TL56D,-0.4254655,-0.008313704,4,1
2BDN_HL_A|TL56E,-0.6888026,0.102804855,4,1
2BDN_HL_A|YL30K,0.67475796,1.3480392,4,1
2NYY_DC_A|DA1030A,0.009336901,1.7448441,4,1
2NYY_DC_A|DA1034A,2.5297937,1.8936896,4,1
2NYY_DC_A|DC30Y,0.64113563,0.64049155,4,1
2NYY_DC_A|EA892A,2.839132,3.0115435,4,1
2NYY_DC_A|ED5Q,-0.2479871,0.08410332,4,1
2NYY_DC_A|FA889A,0.4193659,2.2887216,4,1
2NYY_DC_A|FA925A,4.0,1.7772954,4,1
2NYY_DC_A|HA1036A,4.0,2.922501,4,1
2NYY_DC_A|HC34R,0.10088469,-0.057176113,4,1
2NYY_DC_A|IA928A,-0.009487502,2.1677525,4,1
2NYY_DC_A|KA1028A,-0.028934313,-0.084972,4,1
2NYY_DC_A|KA875A,0.29098648,1.3301471,4,1
2NYY_DC_A|KA895A,-0.14014584,0.66985875,4,1
2NYY_DC_A|KD29R,0.071385965,-0.20670277,4,1
"2NYY_DC_A|KD29S,YD30D,DD31H,SD60P",0.04961051,0.49692434,4,1
2NYY_DC_A|LA891A,2.5892105,1.5331975,4,1
2NYY_DC_A|MD33Q,-0.059869844,0.18252102,4,1
2NYY_DC_A|NA890A,0.89044046,0.03519948,4,1
2NYY_DC_A|NA926A,0.09934822,-0.03699077,4,1
2NYY_DC_A|QA887A,0.5208145,0.41901964,4,1
2NYY_DC_A|RA1033A,0.82012254,1.83095,4,1
2NYY_DC_A|RA1266A,0.2995321,2.0695746,4,1
2NYY_DC_A|SA874A,-0.23032175,1.227677,4,1
2NYY_DC_A|SA927A,0.0,1.6374274,4,1
2NYY_DC_A|SC28Q,0.4133828,0.23241317,4,1
2NYY_DC_A|SC31N,-0.35338265,-0.3097794,4,1
2NYY_DC_A|TA1035A,1.630871,1.9811473,4,1
2NYY_DC_A|VD36I,-0.21317148,-0.08431462,4,1
"2NYY_DC_A|VD36I,ED5Q",-0.0490461,0.04018457,4,1
2NYY_DC_A|YD30D,0.06462482,0.6130293,4,1
2NYY_DC_A|YD30Q,0.12897444,1.7750672,4,1
2NYY_DC_A|YD56Q,0.5196862,0.6402733,4,1
2NZ9_DC_A|DA1030A,-0.031082604,1.9100161,4,1
2NZ9_DC_A|DA1034A,2.3396032,1.8922303,4,1
2NZ9_DC_A|EA892A,2.77036,3.218362,4,1
2NZ9_DC_A|FA889A,-0.04961051,2.0829413,4,1
2NZ9_DC_A|FA925A,3.340439,1.5682021,4,1
2NZ9_DC_A|HA1036A,4.0,2.5268965,4,1
2NZ9_DC_A|IA928A,0.069281444,2.3002577,4,1
2NZ9_DC_A|KA1028A,-0.008714417,-0.08950787,4,1
2NZ9_DC_A|KA875A,0.5407011,1.6095939,4,1
2NZ9_DC_A|KA895A,-0.29975358,0.7696065,4,1
2NZ9_DC_A|LA891A,2.279965,1.6602426,4,1
2NZ9_DC_A|NA890A,2.1600318,-0.09739476,4,1
2NZ9_DC_A|NA926A,-0.15216734,-0.005059555,4,1
2NZ9_DC_A|QA887A,0.09926054,0.34686464,4,1
2NZ9_DC_A|RA1033A,0.29088098,1.5128603,4,1
2NZ9_DC_A|RA1266A,0.39015788,1.8706105,4,1
2NZ9_DC_A|SA874A,-0.11948046,1.0346528,4,1
2NZ9_DC_A|SA927A,-0.078544825,1.950074,4,1
"2NZ9_DC_A|SD29K,DD30Y,HD31D",-0.04961051,0.13070385,4,1
2NZ9_DC_A|TA1035A,2.3703818,2.0912602,4,1
2VIS_AB_C|IC89T,-4.0,-0.540846,4,1
"3BE1_HL_A|DL28N,PL30A,RL31K,SL32T,TL97S,TL98S",-0.6860794,-0.32251218,4,1
"3BE1_HL_A|DL28N,PL30A,RL31K,SL32T,TL97S,TL98S,KH30S,DH31G,TH54S,NH55E,GH100V,DH102V",-2.7728782,-1.8061843,4,1
"3BE1_HL_A|DL28N,PL30A,RL31K,SL32T,TL97S,TL98S,KH30S,DH31G,TH54S,NH55E,GH100V,DH102V,YL36A",-3.190238,-1.6084208,4,1
"3BE1_HL_A|DL28N,PL30A,RL31K,SL32T,TL97S,TL98S,KH30S,DH31G,TH54S,NH55E,GH100V,DH102V,YL36A,IL33A",-2.7728782,-1.2358804,4,1
"3BE1_HL_A|DL28N,PL30A,RL31K,SL32T,YL57F,TL97S,TL98S",-0.8683455,-0.42922246,4,1
"3BE1_HL_A|DL28N,PL30A,RL31K,SL32T,YL57F,TL97S,TL98S,KH30S,DH31G,TH54S,NH55E,GH100V,DH102V",-2.8824897,-1.87651,4,1
3LZF_AB_HL|DA187E,0.49836498,0.25378796,4,1
"3LZF_AB_HL|DA187E,DA222G",0.12738612,1.1317819,4,1
3LZF_AB_HL|DA222G,0.5378587,0.6978199,4,1
3NGB_HL_G|AH57G,-0.056030333,-0.40996212,4,1
"3NGB_HL_G|AH57G,VH58T,PH63K,VH74T",1.6734211,-0.49195814,4,1
"3NGB_HL_G|CH32S,CH102A",0.25899792,0.13077807,4,1
3NGB_HL_G|DH103A,0.05987142,0.1754174,4,1
3NGB_HL_G|EL88A,1.3199503,0.33239195,4,1
3NGB_HL_G|FL89A,0.85886127,0.48888057,4,1
3NGB_HL_G|GH55A,-1.2766591,0.708865,4,1
3NGB_HL_G|GH55S,0.74304354,1.19418,4,1
3NGB_HL_G|GH56A,1.2656107,1.2342719,4,1
3NGB_HL_G|IH30A,-0.0027431613,0.38054875,4,1
3NGB_HL_G|IH30T,0.0733938,-0.41370887,4,1
"3NGB_HL_G|IH30T,KH52N,RH54N,GH55S,AH57G,VH58T,RH62Q,PH63K,VH74T,YH75S,YL26S",0.86214453,0.41102976,4,1
3NGB_HL_G|KH52A,0.62288266,1.193728,4,1
3NGB_HL_G|KH52N,0.17497002,-0.17659068,4,1
3NGB_HL_G|MH70A,0.5305512,0.39900878,4,1
3NGB_HL_G|NH105A,1.1185741,-0.21544039,4,1
3NGB_HL_G|NH59A,1.7671243,0.98964936,4,1
3NGB_HL_G|PH63A,-0.04252045,-0.038108103,4,1
3NGB_HL_G|PH63K,0.23252328,0.49732137,4,1
3NGB_HL_G|QH65A,-0.34038836,0.6503615,4,1
3NGB_HL_G|QL25A,-0.23060839,0.36796433,4,1
3NGB_HL_G|RH54A,-0.25938424,0.32141584,4,1
3NGB_HL_G|RH54N,0.04645046,0.5017024,4,1
3NGB_HL_G|RH62A,0.9958448,0.06749135,4,1
3NGB_HL_G|RH62Q,0.09654992,-0.3087945,4,1
3NGB_HL_G|RH72A,1.6432176,1.8833195,4,1
3NGB_HL_G|SL28A,-0.14471176,0.19174603,4,1
3NGB_HL_G|TH33A,0.7071634,1.0390407,4,1
3NGB_HL_G|TH33Y,0.084193856,0.2006954,4,1
"3NGB_HL_G|TH33Y,GH56S,AH57G,VH58T,PH63K,VH74T,YH75S",1.9381938,0.06248171,4,1
3NGB_HL_G|VH58A,1.3584284,0.9067712,4,1
3NGB_HL_G|VH58T,0.13787223,-0.45290938,4,1
3NGB_HL_G|VH74A,1.087914,-0.3078868,4,1
3NGB_HL_G|VH74T,0.16493925,-0.46574908,4,1
3NGB_HL_G|VL1A,-0.7733632,-0.4063724,4,1
3NGB_HL_G|WH106A,4.0,0.4786146,4,1
3NGB_HL_G|WH47A,1.2021707,0.5913048,4,1
3NGB_HL_G|WH50A,1.2917941,1.1077209,4,1
3NGB_HL_G|YH104A,1.4235861,0.71504694,4,1
3NGB_HL_G|YH60A,0.5484263,0.59773177,4,1
3NGB_HL_G|YH75A,-0.19932224,0.077572145,4,1
3NGB_HL_G|YH75S,0.3325709,0.34081313,4,1
3NGB_HL_G|YL26A,0.98528093,0.37284064,4,1
3NGB_HL_G|YL26S,0.6512687,0.14801401,4,1
3NGB_HL_G|YL87A,2.0227883,1.6539145,4,1
4JPK_HL_A|DA141R,3.857323,-0.28030714,4,1
"4JPK_HL_A|DA159N,DA33N",0.6189681,2.2334945,4,1
4JPK_HL_A|FA144I,1.3875175,2.3706443,4,1
4JPK_HL_A|FA63L,1.1672868,1.4449375,4,1
4JPK_HL_A|RA130K,0.23006605,0.0008788444,4,1
4JPK_HL_A|RA81T,0.75870305,0.15157622,4,1
4JPK_HL_A|SA41G,2.151695,0.2942338,4,1
4JPK_HL_A|TA35S,-0.032093357,-1.2393557,4,1
4JPK_HL_A|VA30N,0.59459484,0.75772566,4,1
"1JRH_LH_I|AI49S,II51T,HI55D",0.070675574,0.034519874,4,2
"1JRH_LH_I|AI85D,KI88R,EI90K",-0.047747865,-0.5329021,4,2
"1JRH_LH_I|AI93L,VI94M",0.63366294,-0.3419739,4,2
1JRH_LH_I|DH56A,1.8860998,0.19372055,4,2
1JRH_LH_I|DH57A,1.6660647,0.30793113,4,2
1JRH_LH_I|DH58A,1.8546488,0.21542092,4,2
1JRH_LH_I|DL28A,0.43464687,0.14772198,4,2
1JRH_LH_I|EI35Q,0.09956847,0.11291212,4,2
1JRH_LH_I|EI45A,-0.5657849,-0.0023277178,4,2
1JRH_LH_I|EI45P,-3.7881775,-0.13083124,4,2
"1JRH_LH_I|EI45P,II47L",-3.4567804,-0.012268521,4,2
"1JRH_LH_I|EI45P,II47R",-3.4400978,-0.095399246,4,2
1JRH_LH_I|EL27A,0.5426153,0.17256626,4,2
1JRH_LH_I|FH103A,0.0,0.12141648,4,2
1JRH_LH_I|GI40A,4.0,0.26288468,4,2
1JRH_LH_I|HH107A,1.6977708,0.28584692,4,2
"1JRH_LH_I|II25N,PI27S,VI29T,VI31I",0.14370596,0.53304565,4,2
1JRH_LH_I|KI37A,3.713863,0.3005014,4,2
1JRH_LH_I|KI37M,3.2923293,0.029179357,4,2
1JRH_LH_I|KI42A,3.3858175,0.26187062,4,2
1JRH_LH_I|KI42M,4.0,0.06335433,4,2
1JRH_LH_I|KI88A,0.31209365,0.43088427,4,2
"1JRH_LH_I|MI15L,II18V",-0.21360606,0.22947994,4,2
1JRH_LH_I|NI38A,0.1704579,0.2634376,4,2
1JRH_LH_I|NI38Q,0.5344714,-0.15631576,4,2
1JRH_LH_I|NI43A,4.0,0.28913832,4,2
1JRH_LH_I|NI69A,-0.19953421,0.44522372,4,2
1JRH_LH_I|RH100A,0.5426153,0.22739653,4,2
1JRH_LH_I|RI74A,0.3926171,0.5673138,4,2
1JRH_LH_I|SI44A,0.37771076,0.23610151,4,2
"1JRH_LH_I|SI44G,EI45G,II47R",-3.3777049,0.36302322,4,2
"1JRH_LH_I|SI44G,EI45P,II47K",-3.884419,0.28905773,4,2
"1JRH_LH_I|SI61Y,DI62E,HI63Q,VI64I,GI65M,DI66Y,SI68D,NI69V,LI71A",2.9588323,0.041777357,4,2
1JRH_LH_I|SL93A,-0.65058374,0.111984946,4,2
1JRH_LH_I|TI4V,-0.025565991,-0.24789798,4,2
"1JRH_LH_I|TI9L,EI11K",-0.025565991,0.16242278,4,2
1JRH_LH_I|TL94A,0.38526937,0.4343038,4,2
1JRH_LH_I|VI41A,1.6791569,0.36759892,4,2
"1JRH_LH_I|VI73A,RI78K",-0.21360606,0.44450203,4,2
1JRH_LH_I|WH54A,2.6862645,0.4732749,4,2
1JRH_LH_I|WH55A,2.4213178,-0.03802716,4,2
1JRH_LH_I|WI46F,-0.25261214,-0.08439878,4,2
1JRH_LH_I|WI46Y,0.29852974,-0.027828991,4,2
1JRH_LH_I|WI72A,4.0,0.68719476,4,2
1JRH_LH_I|WI72F,1.102707,0.19023336,4,2
1JRH_LH_I|WI72Y,1.1878273,0.18513328,4,2
1JRH_LH_I|WL92A,2.818407,0.2746195,4,2
1JRH_LH_I|WL95A,1.6660647,0.31603807,4,2
1JRH_LH_I|YH104A,1.0610564,0.4580028,4,2
1JRH_LH_I|YH32A,1.4333102,0.29799795,4,2
1JRH_LH_I|YH60A,1.2555921,0.80569303,4,2
1JRH_LH_I|YI39A,3.5271235,0.56899595,4,2
1JRH_LH_I|YI39F,0.9087807,0.27214894,4,2
1JRH_LH_I|YL30A,1.1084566,0.493664,4,2
1JRH_LH_I|YL91A,0.58083415,0.29607752,4,2
1KIQ_AB_C|FB101Y,-2.4949589,0.12294656,4,2
1XGR_AB_C|IB33A,2.260207,0.32614818,4,2
1XGR_AB_C|IB33F,-1.8004549,-0.057718277,4,2
1XGR_AB_C|IB33L,0.061315425,0.024047323,4,2
1XGR_AB_C|IB33V,1.1076277,0.112637326,4,2
2BDN_HL_A|DH31E,1.0852306,0.09701572,4,2
2BDN_HL_A|LH27K,0.8740124,-0.03728944,4,2
2BDN_HL_A|LH27R,0.65058374,-0.1913465,4,2
2BDN_HL_A|NH28D,0.13214268,-0.28253782,4,2
2BDN_HL_A|NH28Q,1.3994616,-0.31008387,4,2
2BDN_HL_A|NL31K,3.4897714,0.053525217,4,2
2BDN_HL_A|NL31R,-0.9171868,-0.05706446,4,2
2BDN_HL_A|SL53D,-0.1605731,-0.13325177,4,2
2BDN_HL_A|SL53E,-0.85132045,-0.14123458,4,2
2BDN_HL_A|TL56D,-0.4254655,-0.15479788,4,2
2BDN_HL_A|TL56E,-0.6888026,-0.15531963,4,2
2BDN_HL_A|YL30K,0.67475796,0.53525215,4,2
2NYY_DC_A|DA1030A,0.009336901,0.19334772,4,2
2NYY_DC_A|DA1034A,2.5297937,0.34087124,4,2
2NYY_DC_A|DC30Y,0.64113563,-0.22993433,4,2
2NYY_DC_A|EA892A,2.839132,0.18269636,4,2
2NYY_DC_A|ED5Q,-0.2479871,-0.0070299953,4,2
2NYY_DC_A|FA889A,0.4193659,0.38431635,4,2
2NYY_DC_A|FA925A,4.0,0.17168099,4,2
2NYY_DC_A|HA1036A,4.0,0.64254385,4,2
2NYY_DC_A|HC34R,0.10088469,-0.023934491,4,2
2NYY_DC_A|IA928A,-0.009487502,0.44264475,4,2
2NYY_DC_A|KA1028A,-0.028934313,0.13289547,4,2
2NYY_DC_A|KA875A,0.29098648,0.36996636,4,2
2NYY_DC_A|KA895A,-0.14014584,0.016304977,4,2
2NYY_DC_A|KD29R,0.071385965,-0.08438781,4,2
"2NYY_DC_A|KD29S,YD30D,DD31H,SD60P",0.04961051,0.43927723,4,2
2NYY_DC_A|LA891A,2.5892105,0.31297386,4,2
2NYY_DC_A|MD33Q,-0.059869844,0.015845977,4,2
2NYY_DC_A|NA890A,0.89044046,-0.03990054,4,2
2NYY_DC_A|NA926A,0.09934822,0.15101074,4,2
2NYY_DC_A|QA887A,0.5208145,0.18058595,4,2
2NYY_DC_A|RA1033A,0.82012254,0.34824917,4,2
2NYY_DC_A|RA1266A,0.2995321,0.2118482,4,2
2NYY_DC_A|SA874A,-0.23032175,0.09421711,4,2
2NYY_DC_A|SA927A,0.0,0.17629972,4,2
2NYY_DC_A|SC28Q,0.4133828,-0.22694755,4,2
2NYY_DC_A|SC31N,-0.35338265,0.011459336,4,2
2NYY_DC_A|TA1035A,1.630871,0.19517295,4,2
2NYY_DC_A|VD36I,-0.21317148,0.30709913,4,2
"2NYY_DC_A|VD36I,ED5Q",-0.0490461,0.14212939,4,2
2NYY_DC_A|YD30D,0.06462482,0.29050368,4,2
2NYY_DC_A|YD30Q,0.12897444,0.32265723,4,2
2NYY_DC_A|YD56Q,0.5196862,0.24813445,4,2
2NZ9_DC_A|DA1030A,-0.031082604,0.16115512,4,2
2NZ9_DC_A|DA1034A,2.3396032,0.30158275,4,2
2NZ9_DC_A|EA892A,2.77036,0.17280133,4,2
2NZ9_DC_A|FA889A,-0.04961051,0.42565712,4,2
2NZ9_DC_A|FA925A,3.340439,0.14271228,4,2
2NZ9_DC_A|HA1036A,4.0,0.6029694,4,2
2NZ9_DC_A|IA928A,0.069281444,0.38222465,4,2
2NZ9_DC_A|KA1028A,-0.008714417,0.15815605,4,2
2NZ9_DC_A|KA875A,0.5407011,0.27985185,4,2
2NZ9_DC_A|KA895A,-0.29975358,-0.02399294,4,2
2NZ9_DC_A|LA891A,2.279965,0.38238692,4,2
2NZ9_DC_A|NA890A,2.1600318,-0.06955044,4,2
2NZ9_DC_A|NA926A,-0.15216734,0.1473485,4,2
2NZ9_DC_A|QA887A,0.09926054,0.2207022,4,2
2NZ9_DC_A|RA1033A,0.29088098,0.31540278,4,2
2NZ9_DC_A|RA1266A,0.39015788,0.21419305,4,2
2NZ9_DC_A|SA874A,-0.11948046,0.071542695,4,2
2NZ9_DC_A|SA927A,-0.078544825,0.13287413,4,2
"2NZ9_DC_A|SD29K,DD30Y,HD31D",-0.04961051,-0.13912898,4,2
2NZ9_DC_A|TA1035A,2.3703818,0.24051686,4,2
2VIS_AB_C|IC89T,-4.0,-0.121261746,4,2
"3BE1_HL_A|DL28N,PL30A,RL31K,SL32T,TL97S,TL98S",-0.6860794,0.84744143,4,2
"3BE1_HL_A|DL28N,PL30A,RL31K,SL32T,TL97S,TL98S,KH30S,DH31G,TH54S,NH55E,GH100V,DH102V",-2.7728782,1.1631898,4,2
"3BE1_HL_A|DL28N,PL30A,RL31K,SL32T,TL97S,TL98S,KH30S,DH31G,TH54S,NH55E,GH100V,DH102V,YL36A",-3.190238,1.6543312,4,2
"3BE1_HL_A|DL28N,PL30A,RL31K,SL32T,TL97S,TL98S,KH30S,DH31G,TH54S,NH55E,GH100V,DH102V,YL36A,IL33A",-2.7728782,1.9456834,4,2
"3BE1_HL_A|DL28N,PL30A,RL31K,SL32T,YL57F,TL97S,TL98S",-0.8683455,1.1860719,4,2
"3BE1_HL_A|DL28N,PL30A,RL31K,SL32T,YL57F,TL97S,TL98S,KH30S,DH31G,TH54S,NH55E,GH100V,DH102V",-2.8824897,1.4335936,4,2
3LZF_AB_HL|DA187E,0.49836498,0.105453014,4,2
"3LZF_AB_HL|DA187E,DA222G",0.12738612,0.3345841,4,2
3LZF_AB_HL|DA222G,0.5378587,0.3840297,4,2
3NGB_HL_G|AH57G,-0.056030333,-0.3013669,4,2
"3NGB_HL_G|AH57G,VH58T,PH63K,VH74T",1.6734211,0.32588437,4,2
"3NGB_HL_G|CH32S,CH102A",0.25899792,0.18501918,4,2
3NGB_HL_G|DH103A,0.05987142,0.25590384,4,2
3NGB_HL_G|EL88A,1.3199503,0.17258403,4,2
3NGB_HL_G|FL89A,0.85886127,0.25254664,4,2
3NGB_HL_G|GH55A,-1.2766591,0.15443496,4,2
3NGB_HL_G|GH55S,0.74304354,0.09790619,4,2
3NGB_HL_G|GH56A,1.2656107,0.23128435,4,2
3NGB_HL_G|IH30A,-0.0027431613,0.2723997,4,2
3NGB_HL_G|IH30T,0.0733938,0.13033795,4,2
"3NGB_HL_G|IH30T,KH52N,RH54N,GH55S,AH57G,VH58T,RH62Q,PH63K,VH74T,YH75S,YL26S",0.86214453,2.6136994,4,2
3NGB_HL_G|KH52A,0.62288266,0.17427649,4,2
3NGB_HL_G|KH52N,0.17497002,0.07756351,4,2
3NGB_HL_G|MH70A,0.5305512,0.005201131,4,2
3NGB_HL_G|NH105A,1.1185741,-0.22710794,4,2
3NGB_HL_G|NH59A,1.7671243,0.20903206,4,2
3NGB_HL_G|PH63A,-0.04252045,0.22997974,4,2
3NGB_HL_G|PH63K,0.23252328,0.15738991,4,2
3NGB_HL_G|QH65A,-0.34038836,0.24996707,4,2
3NGB_HL_G|QL25A,-0.23060839,0.05000355,4,2
3NGB_HL_G|RH54A,-0.25938424,0.18703498,4,2
3NGB_HL_G|RH54N,0.04645046,0.17758001,4,2
3NGB_HL_G|RH62A,0.9958448,0.22887146,4,2
3NGB_HL_G|RH62Q,0.09654992,0.05562076,4,2
3NGB_HL_G|RH72A,1.6432176,0.03564173,4,2
3NGB_HL_G|SL28A,-0.14471176,0.061542057,4,2
3NGB_HL_G|TH33A,0.7071634,0.15294626,4,2
3NGB_HL_G|TH33Y,0.084193856,-0.43399614,4,2
"3NGB_HL_G|TH33Y,GH56S,AH57G,VH58T,PH63K,VH74T,YH75S",1.9381938,1.0360026,4,2
3NGB_HL_G|VH58A,1.3584284,0.07289666,4,2
3NGB_HL_G|VH58T,0.13787223,-0.0751214,4,2
3NGB_HL_G|VH74A,1.087914,0.28160816,4,2
3NGB_HL_G|VH74T,0.16493925,0.08321502,4,2
3NGB_HL_G|VL1A,-0.7733632,-0.035112023,4,2
3NGB_HL_G|WH106A,4.0,0.26792604,4,2
3NGB_HL_G|WH47A,1.2021707,0.2808645,4,2
3NGB_HL_G|WH50A,1.2917941,0.32129663,4,2
3NGB_HL_G|YH104A,1.4235861,0.30546302,4,2
3NGB_HL_G|YH60A,0.5484263,0.35826322,4,2
3NGB_HL_G|YH75A,-0.19932224,0.40482453,4,2
3NGB_HL_G|YH75S,0.3325709,0.3872686,4,2
3NGB_HL_G|YL26A,0.98528093,0.27854457,4,2
3NGB_HL_G|YL26S,0.6512687,0.21158737,4,2
3NGB_HL_G|YL87A,2.0227883,0.6305755,4,2
4JPK_HL_A|DA141R,3.857323,-0.21330988,4,2
"4JPK_HL_A|DA159N,DA33N",0.6189681,-0.11691314,4,2
4JPK_HL_A|FA144I,1.3875175,-0.08470985,4,2
4JPK_HL_A|FA63L,1.1672868,0.11908021,4,2
4JPK_HL_A|RA130K,0.23006605,-0.049093142,4,2
4JPK_HL_A|RA81T,0.75870305,0.24852428,4,2
4JPK_HL_A|SA41G,2.151695,-0.03846722,4,2
4JPK_HL_A|TA35S,-0.032093357,0.10682461,4,2
4JPK_HL_A|VA30N,0.59459484,0.080094054,4,2
