row_id,ddg_true,ddg_pred,fold,seed
1AHW_AB_C|DC167A,-0.4845926,1.4511595,0,0
"1AHW_AB_C|KC138A,DC139A",1.1814722,2.319927,0,0
"1AHW_AB_C|KC154A,KC155A",-1.329712,2.1719186,0,0
1AHW_AB_C|LC165A,0.9869364,0.801373,0,0
1AHW_AB_C|NC188A,1.0782224,1.3029393,0,0
"1AHW_AB_C|TC110A,KC111A",0.6388569,1.6230488,0,0
1AHW_AB_C|TC156A,-0.07411996,1.039694,0,0
1AHW_AB_C|TC159A,1.105771,2.442325,0,0
1AHW_AB_C|TC186A,1.345882,0.94556504,0,0
1AHW_AB_C|VC187A,-0.31423107,0.80198044,0,0
1AHW_AB_C|YC146A,-1.8890098,2.0074453,0,0
1BJ1_HL_VW|HH101Y,-1.5835956,-0.6833729,0,0
"1BJ1_HL_VW|HH101Y,YH103I,GH104A,SH105K",-0.43125325,0.108837545,0,0
"1BJ1_HL_VW|HH101Y,YH103R,GH104N,SH105T",-0.7626503,0.2421488,0,0
"1BJ1_HL_VW|HH101Y,YH103R,SH105T",-1.173123,-0.81149584,0,0
1BJ1_HL_VW|HH107A,0.78965265,0.74733657,0,0
"1BJ1_HL_VW|LH72I,TH74K",0.076517485,0.9999768,0,0
"1BJ1_HL_VW|LH72V,TH74V",0.6706598,0.47049797,0,0
"1BJ1_HL_VW|ML4L,TH28D,NH31H,HH101Y,SH105T",-1.52138,-1.9114832,0,0
1BJ1_HL_VW|NH31H,-0.7626503,-0.39489275,0,0
1BJ1_HL_VW|SH105T,-0.39039657,0.1767654,0,0
1BJ1_HL_VW|TH28D,-0.22003505,-0.046240456,0,0
"1BJ1_HL_VW|TH28D,NH31H",-0.6929008,-0.7814931,0,0
"1BJ1_HL_VW|TH28D,NH31H,YH54W,HH101Y,SH105T",-1.2034981,-1.7026825,0,0
1BJ1_HL_VW|TH59A,0.85066694,1.2410132,0,0
1BJ1_HL_VW|YH27A,2.2425284,0.7556189,0,0
1BJ1_HL_VW|YH54A,1.3276595,1.4688433,0,0
1BJ1_HL_VW|YH54W,-0.13726985,-0.004162878,0,0
1BJ1_HL_VW|YH99A,4.0,0.045474105,0,0
1DQJ_AB_C|DB32A,2.0134337,0.7102262,0,0
"1DQJ_AB_C|DB32A,KC97A",1.1223834,0.8859069,0,0
1DQJ_AB_C|DC101A,1.3765504,1.1633844,0,0
1DQJ_AB_C|KC96A,4.0,1.0178334,0,0
1DQJ_AB_C|KC97A,3.5197058,0.6018668,0,0
1DQJ_AB_C|LC75A,1.452407,0.641702,0,0
1DQJ_AB_C|NA31A,2.0134337,1.520367,0,0
1DQJ_AB_C|NA32A,4.0,1.390663,0,0
"1DQJ_AB_C|NA32A,KC96A",4.0,1.8839457,0,0
1DQJ_AB_C|NC93A,0.64987326,0.043611273,0,0
1DQJ_AB_C|RC21A,1.2137709,0.5367078,0,0
1DQJ_AB_C|SA91A,1.4318883,1.2387357,0,0
"1DQJ_AB_C|SA91A,RC21A",3.1707318,1.0519481,0,0
"1DQJ_AB_C|SA91A,YC20A",3.573092,2.405239,0,0
1DQJ_AB_C|SC100A,0.7755829,1.4794842,0,0
1DQJ_AB_C|TC89A,0.84084374,0.24068113,0,0
1DQJ_AB_C|WB98A,4.0,1.5669885,0,0
"1DQJ_AB_C|WB98A,KC97A",4.0,1.6448156,0,0
"1DQJ_AB_C|WB98A,SC100A",4.0,3.2976434,0,0
"1DQJ_AB_C|WB98A,YC20A",4.0,3.048573,0,0
1DQJ_AB_C|WC62A,0.7580786,2.154082,0,0
1DQJ_AB_C|WC63A,1.3462692,1.9925653,0,0
1DQJ_AB_C|YA50A,2.678299,1.2692487,0,0
1DQJ_AB_C|YA96A,1.135051,0.8176071,0,0
"1DQJ_AB_C|YA96A,RC21A",3.4851997,0.87045395,0,0
"1DQJ_AB_C|YA96A,SC100A",0.91344726,2.0507634,0,0
1DQJ_AB_C|YB33A,4.0,3.379577,0,0
1DQJ_AB_C|YB50A,4.0,1.8981044,0,0
1DQJ_AB_C|YB53A,1.1802781,0.44969457,0,0
"1DQJ_AB_C|YB53A,DC101A",2.727121,1.3494772,0,0
"1DQJ_AB_C|YB53A,LC75A",1.2168618,0.32629877,0,0
"1DQJ_AB_C|YB53A,WC62A",1.286308,2.415816,0,0
"1DQJ_AB_C|YB53A,WC63A",2.1992323,2.1980271,0,0
1DQJ_AB_C|YC20A,3.2857084,1.5337905,0,0
1XGT_AB_C|LB33A,2.1988916,2.2973754,0,0
1XGT_AB_C|LB33F,-1.8617703,-2.041185,0,0
1XGT_AB_C|LB33I,-0.061315425,0.004819222,0,0
1XGT_AB_C|LB33V,1.0463123,0.88336337,0,0
"3BDY_HL_V|DL28N,PL30A,RL31K,SL32T,TL97S,TL98S",-0.9690793,-1.1557708,0,0
"3BDY_HL_V|DL28N,PL30A,RL31K,SL32T,TL97S,TL98S,KH31S,DH32G,TH55S,NH56E,GH101V,DH103V",-2.7154896,-2.8416827,0,0
"3BDY_HL_V|DL28N,PL30A,RL31K,SL32T,TL97S,TL98S,KH31S,DH32G,TH55S,NH56E,GH101V,DH103V,RH51A,RH60A",-2.7728782,-2.349198,0,0
"3BDY_HL_V|DL28N,PL30A,RL31K,SL32T,YL57F,TL97S,TL98S",-0.97316396,-1.0399368,0,0
"3BDY_HL_V|DL28N,PL30A,RL31K,SL32T,YL57F,TL97S,TL98S,KH31S,DH32G,TH55S,NH56E,GH101V,DH103V",-2.727121,-2.7921386,0,0
3HFM_HL_Y|DH32A,1.8982269,0.3225652,0,0
"3HFM_HL_Y|DH32A,KY97A",4.0,0.60309494,0,0
"3HFM_HL_Y|DH32A,KY97M",1.1234494,0.9219211,0,0
3HFM_HL_Y|DH32N,0.17036153,-0.024875306,0,0
"3HFM_HL_Y|DH32N,KY97A",4.0,0.2802713,0,0
"3HFM_HL_Y|DH32N,KY97M",0.3025042,0.6254635,0,0
3HFM_HL_Y|DY101A,1.2081919,1.0432993,0,0
3HFM_HL_Y|DY101E,2.132881,0.49260336,0,0
3HFM_HL_Y|DY101F,2.3282614,0.6752611,0,0
3HFM_HL_Y|DY101G,0.35884774,0.31760007,0,0
3HFM_HL_Y|DY101K,2.1245396,1.2367597,0,0
3HFM_HL_Y|DY101N,1.4911126,0.9975266,0,0
3HFM_HL_Y|DY101Q,2.0851746,0.24611597,0,0
3HFM_HL_Y|DY101R,2.2798727,1.1841694,0,0
3HFM_HL_Y|DY101S,1.8694,0.5709217,0,0
3HFM_HL_Y|GY102V,0.395285,0.7650638,0,0
3HFM_HL_Y|HY15A,-0.4453172,0.012558587,0,0
3HFM_HL_Y|IY98A,0.0,0.3416869,0,0
3HFM_HL_Y|KY96A,4.0,1.2124132,0,0
3HFM_HL_Y|KY96M,4.0,1.2367764,0,0
3HFM_HL_Y|KY96R,4.0,0.48206747,0,0
3HFM_HL_Y|KY97A,4.0,0.5882037,0,0
3HFM_HL_Y|KY97D,4.0,0.46375912,0,0
3HFM_HL_Y|KY97E,3.6045077,0.43211293,0,0
3HFM_HL_Y|KY97G,4.0,0.27048254,0,0
3HFM_HL_Y|KY97M,0.9469717,0.8696831,0,0
3HFM_HL_Y|KY97R,3.0528512,-0.021961823,0,0
3HFM_HL_Y|LY75A,0.70445603,0.4810472,0,0
3HFM_HL_Y|NL31A,4.0,1.1680021,0,0
"3HFM_HL_Y|NL31A,KY96A",4.0,3.1883123,0,0
3HFM_HL_Y|NL31D,1.3434845,-0.1530943,0,0
3HFM_HL_Y|NL31E,4.0,0.25918585,0,0
3HFM_HL_Y|NL32A,4.0,0.97408086,0,0
3HFM_HL_Y|NY19D,0.41047263,0.0007393062,0,0
3HFM_HL_Y|NY19K,0.2401111,0.42884314,0,0
3HFM_HL_Y|NY19Q,-0.042485796,0.028304078,0,0
3HFM_HL_Y|NY93A,0.21121821,-0.023955714,0,0
3HFM_HL_Y|QL53A,0.9530879,0.110639036,0,0
3HFM_HL_Y|RY21A,0.8618019,0.6897261,0,0
3HFM_HL_Y|RY21E,2.4534352,0.37867546,0,0
3HFM_HL_Y|RY21G,2.4220753,-0.019969516,0,0
3HFM_HL_Y|RY21H,2.1693182,0.06770067,0,0
3HFM_HL_Y|RY21K,1.766342,0.30242705,0,0
3HFM_HL_Y|RY21M,2.0498905,1.0706747,0,0
3HFM_HL_Y|RY21N,2.3282614,0.50792336,0,0
3HFM_HL_Y|RY21Q,2.3975346,-0.29974616,0,0
3HFM_HL_Y|RY21W,2.132881,0.56545174,0,0
3HFM_HL_Y|RY73A,-0.3313971,0.70922744,0,0
3HFM_HL_Y|SH31A,0.17036153,0.2240993,0,0
3HFM_HL_Y|SY100A,0.26765963,0.9334721,0,0
3HFM_HL_Y|TY89A,0.0,0.11335431,0,0
3HFM_HL_Y|WH98A,4.0,1.1893656,0,0
"3HFM_HL_Y|WH98A,KY96A",4.0,2.7019083,0,0
3HFM_HL_Y|WH98F,3.245562,0.27082652,0,0
"3HFM_HL_Y|WH98F,YY20A",4.0,2.0714598,0,0
3HFM_HL_Y|WY63A,0.31918663,2.1791983,0,0
3HFM_HL_Y|YH33A,4.0,2.9928193,0,0
"3HFM_HL_Y|YH33A,KY97A",4.0,3.1374474,0,0
3HFM_HL_Y|YH33F,1.0712212,-1.3224549,0,0
3HFM_HL_Y|YH33L,2.0069382,0.46557075,0,0
3HFM_HL_Y|YH33W,1.7495645,0.306292,0,0
3HFM_HL_Y|YH50A,4.0,2.0442598,0,0
"3HFM_HL_Y|YH50A,RY21A",4.0,2.2704334,0,0
3HFM_HL_Y|YH50F,1.6099914,0.28075123,0,0
3HFM_HL_Y|YH50L,2.8488367,0.60814005,0,0
3HFM_HL_Y|YH53A,3.25038,0.9776785,0,0
3HFM_HL_Y|YH53F,0.62049925,0.57609874,0,0
3HFM_HL_Y|YH53L,0.8068894,0.6876057,0,0
3HFM_HL_Y|YH53W,0.7061819,0.08268942,0,0
3HFM_HL_Y|YH58A,1.6760437,2.0322592,0,0
3HFM_HL_Y|YH58F,0.36312544,0.43788934,0,0
3HFM_HL_Y|YH58L,1.5136731,1.2005063,0,0
3HFM_HL_Y|YL50A,4.0,1.0655192,0,0
"3HFM_HL_Y|YL50A,KY96A",4.0,2.8454216,0,0
"3HFM_HL_Y|YL50A,KY97A",4.0,1.7615252,0,0
"3HFM_HL_Y|YL50A,RY21A",4.0,2.0152338,0,0
3HFM_HL_Y|YL50F,2.3548672,0.1565703,0,0
"3HFM_HL_Y|YL50F,RY21A",4.0,1.4896613,0,0
"3HFM_HL_Y|YL50F,YY20A",4.0,2.2250745,0,0
3HFM_HL_Y|YL50L,4.0,0.26070982,0,0
3HFM_HL_Y|YL96A,2.707045,0.8699027,0,0
"3HFM_HL_Y|YL96A,RY21A",4.0,1.1672761,0,0
3HFM_HL_Y|YL96F,1.4017794,0.3310414,0,0
"3HFM_HL_Y|YL96F,RY21A",4.0,1.0200366,0,0
3HFM_HL_Y|YY20A,4.0,1.6097935,0,0
3HFM_HL_Y|YY20F,-0.4839681,0.6440668,0,0
3HFM_HL_Y|YY20L,2.1845057,1.3528553,0,0
3SE9_HL_G|DH77A,-0.7664817,0.38776678,0,0
3SE9_HL_G|EL90A,0.41735974,0.7884294,0,0
3SE9_HL_G|FL91A,0.023615688,0.5606868,0,0
3SE9_HL_G|GH106A,-0.3075798,0.7064354,0,0
3SE9_HL_G|GH107A,-0.6151596,0.43003464,0,0
3SE9_HL_G|GH109A,0.18514356,1.0409918,0,0
3SE9_HL_G|GH57A,0.4524448,0.9049478,0,0
3SE9_HL_G|GH62A,0.04634,0.8858759,0,0
3SE9_HL_G|GL29A,0.46369976,0.60621023,0,0
3SE9_HL_G|LH34A,0.56599987,1.6265103,0,0
3SE9_HL_G|LL89A,0.964243,0.99169904,0,0
3SE9_HL_G|NH60A,1.5217615,2.244539,0,0
3SE9_HL_G|PH64A,-0.4419396,-0.17611808,0,0
3SE9_HL_G|RH67A,1.4695449,0.78652734,0,0
3SE9_HL_G|RH74A,2.6792572,1.7344152,0,0
3SE9_HL_G|RH76A,-0.2322162,1.1812656,0,0
3SE9_HL_G|TH105A,-0.4419396,-0.62583953,0,0
3SE9_HL_G|TH56A,-0.85929936,0.9462444,0,0
3SE9_HL_G|VH55A,-0.85929936,-0.37629682,0,0
3SE9_HL_G|VH59A,0.9833596,1.7284191,0,0
3SE9_HL_G|VL3A,-0.49433115,0.1936913,0,0
3SE9_HL_G|WH48A,1.0584464,1.1445913,0,0
3SE9_HL_G|WH51A,1.275695,2.1013465,0,0
3SE9_HL_G|YH104A,0.46369976,0.6083501,0,0
3SE9_HL_G|YL28A,1.1177194,0.41567022,0,0
4U6H_AB_E|NE21A,-0.3480795,0.43873912,0,0
4U6H_AB_E|QE25A,0.11883454,1.5632315,0,0
4ZS6_HL_A|EA156A,3.0386665,0.29797918,0,0
4ZS6_HL_A|YA160A,-0.11025046,1.5975523,0,0
1AHW_AB_C|DC167A,-0.4845926,1.2182907,0,1
"1AHW_AB_C|KC138A,DC139A",1.1814722,1.1121529,0,1
"1AHW_AB_C|KC154A,KC155A",-1.329712,0.84019697,0,1
1AHW_AB_C|LC165A,0.9869364,0.8456052,0,1
1AHW_AB_C|NC188A,1.0782224,1.0240736,0,1
"1AHW_AB_C|TC110A,KC111A",0.6388569,0.921164,0,1
1AHW_AB_C|TC156A,-0.07411996,1.0673312,0,1
1AHW_AB_C|TC159A,1.105771,0.8177026,0,1
1AHW_AB_C|TC186A,1.345882,0.6808361,0,1
1AHW_AB_C|VC187A,-0.31423107,0.14890131,0,1
1AHW_AB_C|YC146A,-1.8890098,1.4625306,0,1
1BJ1_HL_VW|HH101Y,-1.5835956,-0.83238167,0,1
"1BJ1_HL_VW|HH101Y,YH103I,GH104A,SH105K",-0.43125325,0.08016559,0,1
"1BJ1_HL_VW|HH101Y,YH103R,GH104N,SH105T",-0.7626503,0.039769594,0,1
"1BJ1_HL_VW|HH101Y,YH103R,SH105T",-1.173123,-0.33882922,0,1
1BJ1_HL_VW|HH107A,0.78965265,0.8169571,0,1
"1BJ1_HL_VW|LH72I,TH74K",0.076517485,1.2104948,0,1
"1BJ1_HL_VW|LH72V,TH74V",0.6706598,0.2756657,0,1
"1BJ1_HL_VW|ML4L,TH28D,NH31H,HH101Y,SH105T",-1.52138,-1.5912715,0,1
1BJ1_HL_VW|NH31H,-0.7626503,0.5002422,0,1
1BJ1_HL_VW|SH105T,-0.39039657,0.32808882,0,1
1BJ1_HL_VW|TH28D,-0.22003505,-0.1276496,0,1
"1BJ1_HL_VW|TH28D,NH31H",-0.6929008,-0.037826702,0,1
"1BJ1_HL_VW|TH28D,NH31H,YH54W,HH101Y,SH105T",-1.2034981,-0.6761294,0,1
1BJ1_HL_VW|TH59A,0.85066694,0.9022761,0,1
1BJ1_HL_VW|YH27A,2.2425284,0.7489014,0,1
1BJ1_HL_VW|YH54A,1.3276595,0.9384507,0,1
1BJ1_HL_VW|YH54W,-0.13726985,0.27330017,0,1
1BJ1_HL_VW|YH99A,4.0,0.28088143,0,1
1DQJ_AB_C|DB32A,2.0134337,0.3405044,0,1
"1DQJ_AB_C|DB32A,KC97A",1.1223834,0.081846334,0,1
1DQJ_AB_C|DC101A,1.3765504,1.1541187,0,1
1DQJ_AB_C|KC96A,4.0,0.7803422,0,1
1DQJ_AB_C|KC97A,3.5197058,0.24569772,0,1
1DQJ_AB_C|LC75A,1.452407,0.7680696,0,1
1DQJ_AB_C|NA31A,2.0134337,1.006463,0,1
1DQJ_AB_C|NA32A,4.0,1.2692665,0,1
"1DQJ_AB_C|NA32A,KC96A",4.0,1.784975,0,1
1DQJ_AB_C|NC93A,0.64987326,-0.12959647,0,1
1DQJ_AB_C|RC21A,1.2137709,0.79326695,0,1
1DQJ_AB_C|SA91A,1.4318883,1.1494954,0,1
"1DQJ_AB_C|SA91A,RC21A",3.1707318,1.5129778,0,1
"1DQJ_AB_C|SA91A,YC20A",3.573092,2.6654117,0,1
1DQJ_AB_C|SC100A,0.7755829,1.2095826,0,1
1DQJ_AB_C|TC89A,0.84084374,0.8136705,0,1
1DQJ_AB_C|WB98A,4.0,1.178003,0,1
"1DQJ_AB_C|WB98A,KC97A",4.0,0.91942966,0,1
"1DQJ_AB_C|WB98A,SC100A",4.0,2.2353384,0,1
"1DQJ_AB_C|WB98A,YC20A",4.0,2.8050897,0,1
1DQJ_AB_C|WC62A,0.7580786,0.6498883,0,1
1DQJ_AB_C|WC63A,1.3462692,1.2636209,0,1
1DQJ_AB_C|YA50A,2.678299,1.4256088,0,1
1DQJ_AB_C|YA96A,1.135051,1.6979301,0,1
"1DQJ_AB_C|YA96A,RC21A",3.4851997,2.3590987,0,1
"1DQJ_AB_C|YA96A,SC100A",0.91344726,3.0319142,0,1
1DQJ_AB_C|YB33A,4.0,3.274732,0,1
1DQJ_AB_C|YB50A,4.0,1.4701428,0,1
1DQJ_AB_C|YB53A,1.1802781,0.48321503,0,1
"1DQJ_AB_C|YB53A,DC101A",2.727121,1.4788551,0,1
"1DQJ_AB_C|YB53A,LC75A",1.2168618,0.6383865,0,1
"1DQJ_AB_C|YB53A,WC62A",1.286308,0.87422043,0,1
"1DQJ_AB_C|YB53A,WC63A",2.1992323,1.5563552,0,1
1DQJ_AB_C|YC20A,3.2857084,1.4583673,0,1
1XGT_AB_C|LB33A,2.1988916,2.3727307,0,1
1XGT_AB_C|LB33F,-1.8617703,-1.861113,0,1
1XGT_AB_C|LB33I,-0.061315425,-0.31233662,0,1
1XGT_AB_C|LB33V,1.0463123,0.9845626,0,1
"3BDY_HL_V|DL28N,PL30A,RL31K,SL32T,TL97S,TL98S",-0.9690793,-1.8515108,0,1
"3BDY_HL_V|DL28N,PL30A,RL31K,SL32T,TL97S,TL98S,KH31S,DH32G,TH55S,NH56E,GH101V,DH103V",-2.7154896,-3.2719412,0,1
"3BDY_HL_V|DL28N,PL30A,RL31K,SL32T,TL97S,TL98S,KH31S,DH32G,TH55S,NH56E,GH101V,DH103V,RH51A,RH60A",-2.7728782,-3.7312791,0,1
"3BDY_HL_V|DL28N,PL30A,RL31K,SL32T,YL57F,TL97S,TL98S",-0.97316396,-1.5323646,0,1
"3BDY_HL_V|DL28N,PL30A,RL31K,SL32T,YL57F,TL97S,TL98S,KH31S,DH32G,TH55S,NH56E,GH101V,DH103V",-2.727121,-2.969606,0,1
3HFM_HL_Y|DH32A,1.8982269,-0.0045636073,0,1
"3HFM_HL_Y|DH32A,KY97A",4.0,0.23814191,0,1
"3HFM_HL_Y|DH32A,KY97M",1.1234494,0.18007115,0,1
3HFM_HL_Y|DH32N,0.17036153,-0.279481,0,1
"3HFM_HL_Y|DH32N,KY97A",4.0,-0.0052966326,0,1
"3HFM_HL_Y|DH32N,KY97M",0.3025042,-0.051043674,0,1
3HFM_HL_Y|DY101A,1.2081919,0.81321865,0,1
3HFM_HL_Y|DY101E,2.132881,0.39146936,0,1
3HFM_HL_Y|DY101F,2.3282614,0.4135598,0,1
3HFM_HL_Y|DY101G,0.35884774,0.9183575,0,1
3HFM_HL_Y|DY101K,2.1245396,1.0988886,0,1
3HFM_HL_Y|DY101N,1.4911126,0.75291044,0,1
3HFM_HL_Y|DY101Q,2.0851746,0.5001538,0,1
3HFM_HL_Y|DY101R,2.2798727,0.83862484,0,1
3HFM_HL_Y|DY101S,1.8694,0.3303785,0,1
3HFM_HL_Y|GY102V,0.395285,0.7970634,0,1
3HFM_HL_Y|HY15A,-0.4453172,0.4015447,0,1
3HFM_HL_Y|IY98A,0.0,0.11960204,0,1
3HFM_HL_Y|KY96A,4.0,0.72330993,0,1
3HFM_HL_Y|KY96M,4.0,-0.0056998357,0,1
3HFM_HL_Y|KY96R,4.0,-0.10670449,0,1
3HFM_HL_Y|KY97A,4.0,0.31654245,0,1
3HFM_HL_Y|KY97D,4.0,-0.13168749,0,1
3HFM_HL_Y|KY97E,3.6045077,0.12806296,0,1
3HFM_HL_Y|KY97G,4.0,0.39428598,0,1
3HFM_HL_Y|KY97M,0.9469717,0.14628053,0,1
3HFM_HL_Y|KY97R,3.0528512,-0.2697941,0,1
3HFM_HL_Y|LY75A,0.70445603,0.18508674,0,1
3HFM_HL_Y|NL31A,4.0,0.92865914,0,1
"3HFM_HL_Y|NL31A,KY96A",4.0,1.5674169,0,1
3HFM_HL_Y|NL31D,1.3434845,0.55212665,0,1
3HFM_HL_Y|NL31E,4.0,0.5940426,0,1
3HFM_HL_Y|NL32A,4.0,1.0419439,0,1
3HFM_HL_Y|NY19D,0.41047263,0.3001253,0,1
3HFM_HL_Y|NY19K,0.2401111,0.91916764,0,1
3HFM_HL_Y|NY19Q,-0.042485796,0.5172925,0,1
3HFM_HL_Y|NY93A,0.21121821,0.08162339,0,1
3HFM_HL_Y|QL53A,0.9530879,-0.14988653,0,1
3HFM_HL_Y|RY21A,0.8618019,1.0102587,0,1
3HFM_HL_Y|RY21E,2.4534352,0.511489,0,1
3HFM_HL_Y|RY21G,2.4220753,0.7734256,0,1
3HFM_HL_Y|RY21H,2.1693182,-0.09750812,0,1
3HFM_HL_Y|RY21K,1.766342,0.9889412,0,1
3HFM_HL_Y|RY21M,2.0498905,0.7529347,0,1
3HFM_HL_Y|RY21N,2.3282614,0.6821441,0,1
3HFM_HL_Y|RY21Q,2.3975346,0.2734146,0,1
3HFM_HL_Y|RY21W,2.132881,0.7656808,0,1
3HFM_HL_Y|RY73A,-0.3313971,0.4932326,0,1
3HFM_HL_Y|SH31A,0.17036153,0.16830257,0,1
3HFM_HL_Y|SY100A,0.26765963,1.1019764,0,1
3HFM_HL_Y|TY89A,0.0,0.93900603,0,1
3HFM_HL_Y|WH98A,4.0,0.5987006,0,1
"3HFM_HL_Y|WH98A,KY96A",4.0,1.15457,0,1
3HFM_HL_Y|WH98F,3.245562,0.31498802,0,1
"3HFM_HL_Y|WH98F,YY20A",4.0,2.1246607,0,1
3HFM_HL_Y|WY63A,0.31918663,1.2961503,0,1
3HFM_HL_Y|YH33A,4.0,3.6013343,0,1
"3HFM_HL_Y|YH33A,KY97A",4.0,3.0168025,0,1
3HFM_HL_Y|YH33F,1.0712212,-0.29447865,0,1
3HFM_HL_Y|YH33L,2.0069382,0.6343657,0,1
3HFM_HL_Y|YH33W,1.7495645,1.0317243,0,1
3HFM_HL_Y|YH50A,4.0,1.4565799,0,1
"3HFM_HL_Y|YH50A,RY21A",4.0,2.4748976,0,1
3HFM_HL_Y|YH50F,1.6099914,0.518843,0,1
3HFM_HL_Y|YH50L,2.8488367,0.70276344,0,1
3HFM_HL_Y|YH53A,3.25038,0.5785448,0,1
3HFM_HL_Y|YH53F,0.62049925,0.5193793,0,1
3HFM_HL_Y|YH53L,0.8068894,0.59347147,0,1
3HFM_HL_Y|YH53W,0.7061819,0.35323238,0,1
3HFM_HL_Y|YH58A,1.6760437,1.3632904,0,1
3HFM_HL_Y|YH58F,0.36312544,0.50439566,0,1
3HFM_HL_Y|YH58L,1.5136731,0.7653267,0,1
3HFM_HL_Y|YL50A,4.0,0.79783744,0,1
"3HFM_HL_Y|YL50A,KY96A",4.0,1.3788933,0,1
"3HFM_HL_Y|YL50A,KY97A",4.0,0.8336642,0,1
"3HFM_HL_Y|YL50A,RY21A",4.0,1.7453809,0,1
3HFM_HL_Y|YL50F,2.3548672,0.62738204,0,1
"3HFM_HL_Y|YL50F,RY21A",4.0,1.7664045,0,1
"3HFM_HL_Y|YL50F,YY20A",4.0,2.1103354,0,1
3HFM_HL_Y|YL50L,4.0,0.08276872,0,1
3HFM_HL_Y|YL96A,2.707045,1.9598799,0,1
"3HFM_HL_Y|YL96A,RY21A",4.0,2.9007413,0,1
3HFM_HL_Y|YL96F,1.4017794,0.7507124,0,1
"3HFM_HL_Y|YL96F,RY21A",4.0,2.2486365,0,1
3HFM_HL_Y|YY20A,4.0,1.6408883,0,1
3HFM_HL_Y|YY20F,-0.4839681,0.36096126,0,1
3HFM_HL_Y|YY20L,2.1845057,1.3780847,0,1
3SE9_HL_G|DH77A,-0.7664817,0.1989021,0,1
3SE9_HL_G|EL90A,0.41735974,1.196916,0,1
3SE9_HL_G|FL91A,0.023615688,0.7490329,0,1
3SE9_HL_G|GH106A,-0.3075798,0.23699276,0,1
3SE9_HL_G|GH107A,-0.6151596,0.2999881,0,1
3SE9_HL_G|GH109A,0.18514356,0.6961409,0,1
3SE9_HL_G|GH57A,0.4524448,0.5996984,0,1
3SE9_HL_G|GH62A,0.04634,0.44284195,0,1
3SE9_HL_G|GL29A,0.46369976,0.26673746,0,1
3SE9_HL_G|LH34A,0.56599987,1.6547493,0,1
3SE9_HL_G|LL89A,0.964243,1.1911362,0,1
3SE9_HL_G|NH60A,1.5217615,1.8480614,0,1
3SE9_HL_G|PH64A,-0.4419396,0.14390483,0,1
3SE9_HL_G|RH67A,1.4695449,0.47734404,0,1
3SE9_HL_G|RH74A,2.6792572,1.7611489,0,1
3SE9_HL_G|RH76A,-0.2322162,0.5649385,0,1
3SE9_HL_G|TH105A,-0.4419396,0.030746587,0,1
3SE9_HL_G|TH56A,-0.85929936,0.36430478,0,1
3SE9_HL_G|VH55A,-0.85929936,-0.16261579,0,1
3SE9_HL_G|VH59A,0.9833596,1.6412523,0,1
3SE9_HL_G|VL3A,-0.49433115,0.436211,0,1
3SE9_HL_G|WH48A,1.0584464,1.5815418,0,1
3SE9_HL_G|WH51A,1.275695,1.3698968,0,1
3SE9_HL_G|YH104A,0.46369976,1.1124513,0,1
3SE9_HL_G|YL28A,1.1177194,0.50378317,0,1
4U6H_AB_E|NE21A,-0.3480795,0.7997215,0,1
4U6H_AB_E|QE25A,0.11883454,0.9349952,0,1
4ZS6_HL_A|EA156A,3.0386665,0.4210477,0,1
4ZS6_HL_A|YA160A,-0.11025046,2.058815,0,1
1AHW_AB_C|DC167A,-0.4845926,0.5164035,0,2
"1AHW_AB_C|KC138A,DC139A",1.1814722,0.97868913,0,2
"1AHW_AB_C|KC154A,KC155A",-1.329712,0.61714643,0,2
1AHW_AB_C|LC165A,0.9869364,0.6629129,0,2
1AHW_AB_C|NC188A,1.0782224,0.6042716,0,2
"1AHW_AB_C|TC110A,KC111A",0.6388569,0.8427698,0,2
1AHW_AB_C|TC156A,-0.07411996,0.26266214,0,2
1AHW_AB_C|TC159A,1.105771,0.3411098,0,2
1AHW_AB_C|TC186A,1.345882,0.3953418,0,2
1AHW_AB_C|VC187A,-0.31423107,0.65298945,0,2
1AHW_AB_C|YC146A,-1.8890098,0.5349541,0,2
1BJ1_HL_VW|HH101Y,-1.5835956,-0.41335753,0,2
"1BJ1_HL_VW|HH101Y,YH103I,GH104A,SH105K",-0.43125325,0.5258417,0,2
"1BJ1_HL_VW|HH101Y,YH103R,GH104N,SH105T",-0.7626503,0.34170672,0,2
"1BJ1_HL_VW|HH101Y,YH103R,SH105T",-1.173123,-0.11422767,0,2
1BJ1_HL_VW|HH107A,0.78965265,0.4238566,0,2
"1BJ1_HL_VW|LH72I,TH74K",0.076517485,-0.121882394,0,2
"1BJ1_HL_VW|LH72V,TH74V",0.6706598,-0.09671648,0,2
"1BJ1_HL_VW|ML4L,TH28D,NH31H,HH101Y,SH105T",-1.52138,-0.88267565,0,2
1BJ1_HL_VW|NH31H,-0.7626503,-0.36744606,0,2
1BJ1_HL_VW|SH105T,-0.39039657,0.017031576,0,2
1BJ1_HL_VW|TH28D,-0.22003505,-0.13355963,0,2
"1BJ1_HL_VW|TH28D,NH31H",-0.6929008,-0.5786863,0,2
"1BJ1_HL_VW|TH28D,NH31H,YH54W,HH101Y,SH105T",-1.2034981,-0.51726997,0,2
1BJ1_HL_VW|TH59A,0.85066694,0.0036540553,0,2
1BJ1_HL_VW|YH27A,2.2425284,0.52499604,0,2
1BJ1_HL_VW|YH54A,1.3276595,0.6227658,0,2
1BJ1_HL_VW|YH54W,-0.13726985,0.18903407,0,2
1BJ1_HL_VW|YH99A,4.0,0.7056127,0,2
1DQJ_AB_C|DB32A,2.0134337,-0.085590035,0,2
"1DQJ_AB_C|DB32A,KC97A",1.1223834,0.049704034,0,2
1DQJ_AB_C|DC101A,1.3765504,0.45271254,0,2
1DQJ_AB_C|KC96A,4.0,0.7064517,0,2
1DQJ_AB_C|KC97A,3.5197058,0.2396444,0,2
1DQJ_AB_C|LC75A,1.452407,0.34064925,0,2
1DQJ_AB_C|NA31A,2.0134337,0.36078593,0,2
1DQJ_AB_C|NA32A,4.0,0.41274336,0,2
"1DQJ_AB_C|NA32A,KC96A",4.0,0.9624923,0,2
1DQJ_AB_C|NC93A,0.64987326,0.2714127,0,2
1DQJ_AB_C|RC21A,1.2137709,0.359441,0,2
1DQJ_AB_C|SA91A,1.4318883,0.294129,0,2
"1DQJ_AB_C|SA91A,RC21A",3.1707318,0.4491237,0,2
"1DQJ_AB_C|SA91A,YC20A",3.573092,0.65540886,0,2
1DQJ_AB_C|SC100A,0.7755829,0.2918792,0,2
1DQJ_AB_C|TC89A,0.84084374,0.45455584,0,2
1DQJ_AB_C|WB98A,4.0,0.40980425,0,2
"1DQJ_AB_C|WB98A,KC97A",4.0,0.67382807,0,2
"1DQJ_AB_C|WB98A,SC100A",4.0,0.61416715,0,2
"1DQJ_AB_C|WB98A,YC20A",4.0,0.8152738,0,2
1DQJ_AB_C|WC62A,0.7580786,0.6089292,0,2
1DQJ_AB_C|WC63A,1.3462692,0.75776273,0,2
1DQJ_AB_C|YA50A,2.678299,0.4565004,0,2
1DQJ_AB_C|YA96A,1.135051,0.42624024,0,2
"1DQJ_AB_C|YA96A,RC21A",3.4851997,0.596082,0,2
"1DQJ_AB_C|YA96A,SC100A",0.91344726,0.48826817,0,2
1DQJ_AB_C|YB33A,4.0,0.5094702,0,2
1DQJ_AB_C|YB50A,4.0,0.56709915,0,2
1DQJ_AB_C|YB53A,1.1802781,0.5704909,0,2
"1DQJ_AB_C|YB53A,DC101A",2.727121,0.87001795,0,2
"1DQJ_AB_C|YB53A,LC75A",1.2168618,0.9679766,0,2
"1DQJ_AB_C|YB53A,WC62A",1.286308,1.12208,0,2
"1DQJ_AB_C|YB53A,WC63A",2.1992323,1.171448,0,2
1DQJ_AB_C|YC20A,3.2857084,0.4934152,0,2
1XGT_AB_C|LB33A,2.1988916,0.22541156,0,2
1XGT_AB_C|LB33F,-1.8617703,-0.064088464,0,2
1XGT_AB_C|LB33I,-0.061315425,0.083202094,0,2
1XGT_AB_C|LB33V,1.0463123,0.11929764,0,2
"3BDY_HL_V|DL28N,PL30A,RL31K,SL32T,TL97S,TL98S",-0.9690793,-0.29492941,0,2
"3BDY_HL_V|DL28N,PL30A,RL31K,SL32T,TL97S,TL98S,KH31S,DH32G,TH55S,NH56E,GH101V,DH103V",-2.7154896,-1.0364926,0,2
"3BDY_HL_V|DL28N,PL30A,RL31K,SL32T,TL97S,TL98S,KH31S,DH32G,TH55S,NH56E,GH101V,DH103V,RH51A,RH60A",-2.7728782,-0.51634365,0,2
"3BDY_HL_V|DL28N,PL30A,RL31K,SL32T,YL57F,TL97S,TL98S",-0.97316396,-0.15637058,0,2
"3BDY_HL_V|DL28N,PL30A,RL31K,SL32T,YL57F,TL97S,TL98S,KH31S,DH32G,TH55S,NH56E,GH101V,DH103V",-2.727121,-0.9127596,0,2
3HFM_HL_Y|DH32A,1.8982269,0.048709545,0,2
"3HFM_HL_Y|DH32A,KY97A",4.0,0.20510942,0,2
"3HFM_HL_Y|DH32A,KY97M",1.1234494,-0.24020405,0,2
3HFM_HL_Y|DH32N,0.17036153,-0.13214482,0,2
"3HFM_HL_Y|DH32N,KY97A",4.0,0.004864458,0,2
"3HFM_HL_Y|DH32N,KY97M",0.3025042,-0.4821831,0,2
3HFM_HL_Y|DY101A,1.2081919,0.48750654,0,2
3HFM_HL_Y|DY101E,2.132881,0.12840198,0,2
3HFM_HL_Y|DY101F,2.3282614,0.18170641,0,2
3HFM_HL_Y|DY101G,0.35884774,0.17819081,0,2
3HFM_HL_Y|DY101K,2.1245396,0.29962578,0,2
3HFM_HL_Y|DY101N,1.4911126,0.1960939,0,2
3HFM_HL_Y|DY101Q,2.0851746,0.1712437,0,2
3HFM_HL_Y|DY101R,2.2798727,0.2578478,0,2
3HFM_HL_Y|DY101S,1.8694,0.21396957,0,2
3HFM_HL_Y|GY102V,0.395285,0.03508631,0,2
3HFM_HL_Y|HY15A,-0.4453172,0.14136638,0,2
3HFM_HL_Y|IY98A,0.0,0.3057818,0,2
3HFM_HL_Y|KY96A,4.0,0.7400817,0,2
3HFM_HL_Y|KY96M,4.0,0.25471008,0,2
3HFM_HL_Y|KY96R,4.0,0.20239742,0,2
3HFM_HL_Y|KY97A,4.0,0.19324578,0,2
3HFM_HL_Y|KY97D,4.0,-0.34068036,0,2
3HFM_HL_Y|KY97E,3.6045077,-0.3250763,0,2
3HFM_HL_Y|KY97G,4.0,-0.081338376,0,2
3HFM_HL_Y|KY97M,0.9469717,-0.36545205,0,2
3HFM_HL_Y|KY97R,3.0528512,-0.41082445,0,2
3HFM_HL_Y|LY75A,0.70445603,0.35662022,0,2
3HFM_HL_Y|NL31A,4.0,0.20465499,0,2
"3HFM_HL_Y|NL31A,KY96A",4.0,0.88360274,0,2
3HFM_HL_Y|NL31D,1.3434845,0.07446377,0,2
3HFM_HL_Y|NL31E,4.0,0.040601872,0,2
3HFM_HL_Y|NL32A,4.0,0.3927131,0,2
3HFM_HL_Y|NY19D,0.41047263,-0.1334175,0,2
3HFM_HL_Y|NY19K,0.2401111,-0.031313192,0,2
3HFM_HL_Y|NY19Q,-0.042485796,-0.06284952,0,2
3HFM_HL_Y|NY93A,0.21121821,0.23249507,0,2
3HFM_HL_Y|QL53A,0.9530879,0.45024014,0,2
3HFM_HL_Y|RY21A,0.8618019,0.3883465,0,2
3HFM_HL_Y|RY21E,2.4534352,-0.08655985,0,2
3HFM_HL_Y|RY21G,2.4220753,0.058483746,0,2
3HFM_HL_Y|RY21H,2.1693182,-0.04262695,0,2
3HFM_HL_Y|RY21K,1.766342,-0.05166517,0,2
3HFM_HL_Y|RY21M,2.0498905,-0.052646685,0,2
3HFM_HL_Y|RY21N,2.3282614,0.079723366,0,2
3HFM_HL_Y|RY21Q,2.3975346,-0.19393559,0,2
3HFM_HL_Y|RY21W,2.132881,-0.1675403,0,2
3HFM_HL_Y|RY73A,-0.3313971,0.47728294,0,2
3HFM_HL_Y|SH31A,0.17036153,0.20263603,0,2
3HFM_HL_Y|SY100A,0.26765963,0.2802398,0,2
3HFM_HL_Y|TY89A,0.0,0.48795718,0,2
3HFM_HL_Y|WH98A,4.0,0.50114214,0,2
"3HFM_HL_Y|WH98A,KY96A",4.0,1.2014226,0,2
3HFM_HL_Y|WH98F,3.245562,0.12545128,0,2
"3HFM_HL_Y|WH98F,YY20A",4.0,0.25051528,0,2
3HFM_HL_Y|WY63A,0.31918663,0.7331564,0,2
3HFM_HL_Y|YH33A,4.0,0.3872166,0,2
"3HFM_HL_Y|YH33A,KY97A",4.0,0.39804485,0,2
3HFM_HL_Y|YH33F,1.0712212,0.14721999,0,2
3HFM_HL_Y|YH33L,2.0069382,0.1590206,0,2
3HFM_HL_Y|YH33W,1.7495645,0.17828833,0,2
3HFM_HL_Y|YH50A,4.0,0.4174637,0,2
"3HFM_HL_Y|YH50A,RY21A",4.0,0.46482122,0,2
3HFM_HL_Y|YH50F,1.6099914,0.24245568,0,2
3HFM_HL_Y|YH50L,2.8488367,0.22949141,0,2
3HFM_HL_Y|YH53A,3.25038,0.5416302,0,2
3HFM_HL_Y|YH53F,0.62049925,0.1428783,0,2
3HFM_HL_Y|YH53L,0.8068894,0.15266027,0,2
3HFM_HL_Y|YH53W,0.7061819,0.17283098,0,2
3HFM_HL_Y|YH58A,1.6760437,0.6369728,0,2
3HFM_HL_Y|YH58F,0.36312544,0.13963993,0,2
3HFM_HL_Y|YH58L,1.5136731,0.24048434,0,2
3HFM_HL_Y|YL50A,4.0,0.41049403,0,2
"3HFM_HL_Y|YL50A,KY96A",4.0,1.1290604,0,2
"3HFM_HL_Y|YL50A,KY97A",4.0,0.68527806,0,2
"3HFM_HL_Y|YL50A,RY21A",4.0,0.75552064,0,2
3HFM_HL_Y|YL50F,2.3548672,0.1071676,0,2
"3HFM_HL_Y|YL50F,RY21A",4.0,0.44811895,0,2
"3HFM_HL_Y|YL50F,YY20A",4.0,0.31751117,0,2
3HFM_HL_Y|YL50L,4.0,0.11859819,0,2
3HFM_HL_Y|YL96A,2.707045,0.4386184,0,2
"3HFM_HL_Y|YL96A,RY21A",4.0,0.61432487,0,2
3HFM_HL_Y|YL96F,1.4017794,0.11770402,0,2
"3HFM_HL_Y|YL96F,RY21A",4.0,0.24631633,0,2
3HFM_HL_Y|YY20A,4.0,0.4480864,0,2
3HFM_HL_Y|YY20F,-0.4839681,-0.04660776,0,2
3HFM_HL_Y|YY20L,2.1845057,0.10650076,0,2
3SE9_HL_G|DH77A,-0.7664817,0.23972325,0,2
3SE9_HL_G|EL90A,0.41735974,0.33460185,0,2
3SE9_HL_G|FL91A,0.023615688,0.28615433,0,2
3SE9_HL_G|GH106A,-0.3075798,0.14602652,0,2
3SE9_HL_G|GH107A,-0.6151596,0.05730481,0,2
3SE9_HL_G|GH109A,0.18514356,0.14221288,0,2
3SE9_HL_G|GH57A,0.4524448,0.2722732,0,2
3SE9_HL_G|GH62A,0.04634,0.01978575,0,2
3SE9_HL_G|GL29A,0.46369976,0.034113638,0,2
3SE9_HL_G|LH34A,0.56599987,0.29045492,0,2
3SE9_HL_G|LL89A,0.964243,0.56220585,0,2
3SE9_HL_G|NH60A,1.5217615,0.33284295,0,2
3SE9_HL_G|PH64A,-0.4419396,0.05136112,0,2
3SE9_HL_G|RH67A,1.4695449,0.27552548,0,2
3SE9_HL_G|RH74A,2.6792572,0.20397584,0,2
3SE9_HL_G|RH76A,-0.2322162,0.2805727,0,2
3SE9_HL_G|TH105A,-0.4419396,-0.029103864,0,2
3SE9_HL_G|TH56A,-0.85929936,0.23293032,0,2
3SE9_HL_G|VH55A,-0.85929936,0.52739775,0,2
3SE9_HL_G|VH59A,0.9833596,0.4775845,0,2
3SE9_HL_G|VL3A,-0.49433115,0.24192739,0,2
3SE9_HL_G|WH48A,1.0584464,0.4514314,0,2
3SE9_HL_G|WH51A,1.275695,0.42865855,0,2
3SE9_HL_G|YH104A,0.46369976,0.6304794,0,2
3SE9_HL_G|YL28A,1.1177194,0.5553451,0,2
4U6H_AB_E|NE21A,-0.3480795,0.4235055,0,2
4U6H_AB_E|QE25A,0.11883454,0.7588711,0,2
4ZS6_HL_A|EA156A,3.0386665,0.46568418,0,2
4ZS6_HL_A|YA160A,-0.11025046,0.5155377,0,2
1AHW_AB_C|DC167A,-0.4845926,1.5111551,0,3
"1AHW_AB_C|KC138A,DC139A",1.1814722,1.3020803,0,3
"1AHW_AB_C|KC154A,KC155A",-1.329712,0.9001264,0,3
1AHW_AB_C|LC165A,0.9869364,0.08133891,0,3
1AHW_AB_C|NC188A,1.0782224,0.52125764,0,3
"1AHW_AB_C|TC110A,KC111A",0.6388569,0.06733588,0,3
1AHW_AB_C|TC156A,-0.07411996,0.2598427,0,3
1AHW_AB_C|TC159A,1.105771,0.07412646,0,3
1AHW_AB_C|TC186A,1.345882,0.56268513,0,3
1AHW_AB_C|VC187A,-0.31423107,0.13437402,0,3
1AHW_AB_C|YC146A,-1.8890098,1.7240611,0,3
1BJ1_HL_VW|HH101Y,-1.5835956,-0.45206058,0,3
"1BJ1_HL_VW|HH101Y,YH103I,GH104A,SH105K",-0.43125325,0.8453633,0,3
"1BJ1_HL_VW|HH101Y,YH103R,GH104N,SH105T",-0.7626503,1.072569,0,3
"1BJ1_HL_VW|HH101Y,YH103R,SH105T",-1.173123,0.43553647,0,3
1BJ1_HL_VW|HH107A,0.78965265,0.026222833,0,3
"1BJ1_HL_VW|LH72I,TH74K",0.076517485,0.7581482,0,3
"1BJ1_HL_VW|LH72V,TH74V",0.6706598,-0.18378247,0,3
"1BJ1_HL_VW|ML4L,TH28D,NH31H,HH101Y,SH105T",-1.52138,-1.5647625,0,3
1BJ1_HL_VW|NH31H,-0.7626503,-0.48654738,0,3
1BJ1_HL_VW|SH105T,-0.39039657,0.20983237,0,3
1BJ1_HL_VW|TH28D,-0.22003505,-0.44018912,0,3
"1BJ1_HL_VW|TH28D,NH31H",-0.6929008,-1.1971363,0,3
"1BJ1_HL_VW|TH28D,NH31H,YH54W,HH101Y,SH105T",-1.2034981,-1.2766216,0,3
1BJ1_HL_VW|TH59A,0.85066694,1.305485,0,3
1BJ1_HL_VW|YH27A,2.2425284,1.5630147,0,3
1BJ1_HL_VW|YH54A,1.3276595,0.76509315,0,3
1BJ1_HL_VW|YH54W,-0.13726985,0.08476161,0,3
1BJ1_HL_VW|YH99A,4.0,0.60588133,0,3
1DQJ_AB_C|DB32A,2.0134337,0.83895594,0,3
"1DQJ_AB_C|DB32A,KC97A",1.1223834,0.7231105,0,3
1DQJ_AB_C|DC101A,1.3765504,1.43517,0,3
1DQJ_AB_C|KC96A,4.0,0.6530329,0,3
1DQJ_AB_C|KC97A,3.5197058,0.27900887,0,3
1DQJ_AB_C|LC75A,1.452407,0.6562558,0,3
1DQJ_AB_C|NA31A,2.0134337,0.89341694,0,3
1DQJ_AB_C|NA32A,4.0,1.4631526,0,3
"1DQJ_AB_C|NA32A,KC96A",4.0,2.4795935,0,3
1DQJ_AB_C|NC93A,0.64987326,0.026708446,0,3
1DQJ_AB_C|RC21A,1.2137709,0.10608573,0,3
1DQJ_AB_C|SA91A,1.4318883,1.7068031,0,3
"1DQJ_AB_C|SA91A,RC21A",3.1707318,2.0681791,0,3
"1DQJ_AB_C|SA91A,YC20A",3.573092,3.0013058,0,3
1DQJ_AB_C|SC100A,0.7755829,1.2873626,0,3
1DQJ_AB_C|TC89A,0.84084374,0.52511203,0,3
1DQJ_AB_C|WB98A,4.0,1.104181,0,3
"1DQJ_AB_C|WB98A,KC97A",4.0,1.1828206,0,3
"1DQJ_AB_C|WB98A,SC100A",4.0,1.9889821,0,3
"1DQJ_AB_C|WB98A,YC20A",4.0,2.0124888,0,3
1DQJ_AB_C|WC62A,0.7580786,0.7650488,0,3
1DQJ_AB_C|WC63A,1.3462692,1.274243,0,3
1DQJ_AB_C|YA50A,2.678299,1.2482119,0,3
1DQJ_AB_C|YA96A,1.135051,1.3715876,0,3
"1DQJ_AB_C|YA96A,RC21A",3.4851997,1.7676493,0,3
"1DQJ_AB_C|YA96A,SC100A",0.91344726,3.0681977,0,3
1DQJ_AB_C|YB33A,4.0,3.3163533,0,3
1DQJ_AB_C|YB50A,4.0,2.359954,0,3
1DQJ_AB_C|YB53A,1.1802781,0.047820695,0,3
"1DQJ_AB_C|YB53A,DC101A",2.727121,1.0651293,0,3
"1DQJ_AB_C|YB53A,LC75A",1.2168618,0.4421675,0,3
"1DQJ_AB_C|YB53A,WC62A",1.286308,0.6746174,0,3
"1DQJ_AB_C|YB53A,WC63A",2.1992323,1.4908623,0,3
1DQJ_AB_C|YC20A,3.2857084,1.5477223,0,3
1XGT_AB_C|LB33A,2.1988916,2.5059836,0,3
1XGT_AB_C|LB33F,-1.8617703,-1.5986562,0,3
1XGT_AB_C|LB33I,-0.061315425,-0.1071855,0,3
1XGT_AB_C|LB33V,1.0463123,0.78838176,0,3
"3BDY_HL_V|DL28N,PL30A,RL31K,SL32T,TL97S,TL98S",-0.9690793,-1.0578105,0,3
"3BDY_HL_V|DL28N,PL30A,RL31K,SL32T,TL97S,TL98S,KH31S,DH32G,TH55S,NH56E,GH101V,DH103V",-2.7154896,-2.9898071,0,3
"3BDY_HL_V|DL28N,PL30A,RL31K,SL32T,TL97S,TL98S,KH31S,DH32G,TH55S,NH56E,GH101V,DH103V,RH51A,RH60A",-2.7728782,-2.8129406,0,3
"3BDY_HL_V|DL28N,PL30A,RL31K,SL32T,YL57F,TL97S,TL98S",-0.97316396,-0.96112007,0,3
"3BDY_HL_V|DL28N,PL30A,RL31K,SL32T,YL57F,TL97S,TL98S,KH31S,DH32G,TH55S,NH56E,GH101V,DH103V",-2.727121,-2.8950467,0,3
3HFM_HL_Y|DH32A,1.8982269,0.30165043,0,3
"3HFM_HL_Y|DH32A,KY97A",4.0,0.256414,0,3
"3HFM_HL_Y|DH32A,KY97M",1.1234494,0.13141395,0,3
3HFM_HL_Y|DH32N,0.17036153,-0.019643914,0,3
"3HFM_HL_Y|DH32N,KY97A",4.0,0.06605057,0,3
"3HFM_HL_Y|DH32N,KY97M",0.3025042,-0.06847576,0,3
3HFM_HL_Y|DY101A,1.2081919,0.94281155,0,3
3HFM_HL_Y|DY101E,2.132881,0.3360371,0,3
3HFM_HL_Y|DY101F,2.3282614,0.31909123,0,3
3HFM_HL_Y|DY101G,0.35884774,0.7027648,0,3
3HFM_HL_Y|DY101K,2.1245396,1.0579524,0,3
3HFM_HL_Y|DY101N,1.4911126,0.7488821,0,3
3HFM_HL_Y|DY101Q,2.0851746,0.29277462,0,3
3HFM_HL_Y|DY101R,2.2798727,0.8289785,0,3
3HFM_HL_Y|DY101S,1.8694,0.35545093,0,3
3HFM_HL_Y|GY102V,0.395285,0.6409791,0,3
3HFM_HL_Y|HY15A,-0.4453172,0.2371488,0,3
3HFM_HL_Y|IY98A,0.0,0.059973247,0,3
3HFM_HL_Y|KY96A,4.0,0.48177975,0,3
3HFM_HL_Y|KY96M,4.0,-0.49226978,0,3
3HFM_HL_Y|KY96R,4.0,-0.37397096,0,3
3HFM_HL_Y|KY97A,4.0,0.17003432,0,3
3HFM_HL_Y|KY97D,4.0,-0.03456398,0,3
3HFM_HL_Y|KY97E,3.6045077,-0.099143304,0,3
3HFM_HL_Y|KY97G,4.0,-0.07154982,0,3
3HFM_HL_Y|KY97M,0.9469717,-0.21622543,0,3
3HFM_HL_Y|KY97R,3.0528512,-0.15273525,0,3
3HFM_HL_Y|LY75A,0.70445603,0.25773755,0,3
3HFM_HL_Y|NL31A,4.0,0.93331057,0,3
"3HFM_HL_Y|NL31A,KY96A",4.0,1.7205125,0,3
3HFM_HL_Y|NL31D,1.3434845,-0.3790762,0,3
3HFM_HL_Y|NL31E,4.0,0.15153238,0,3
3HFM_HL_Y|NL32A,4.0,0.96000487,0,3
3HFM_HL_Y|NY19D,0.41047263,0.014821279,0,3
3HFM_HL_Y|NY19K,0.2401111,0.92973185,0,3
3HFM_HL_Y|NY19Q,-0.042485796,0.06417307,0,3
3HFM_HL_Y|NY93A,0.21121821,-0.09155247,0,3
3HFM_HL_Y|QL53A,0.9530879,0.47228587,0,3
3HFM_HL_Y|RY21A,0.8618019,0.26549774,0,3
3HFM_HL_Y|RY21E,2.4534352,-0.3266616,0,3
3HFM_HL_Y|RY21G,2.4220753,-0.1174665,0,3
3HFM_HL_Y|RY21H,2.1693182,-0.27960783,0,3
3HFM_HL_Y|RY21K,1.766342,0.52736664,0,3
3HFM_HL_Y|RY21M,2.0498905,0.047167078,0,3
3HFM_HL_Y|RY21N,2.3282614,0.35744652,0,3
3HFM_HL_Y|RY21Q,2.3975346,-0.61156124,0,3
3HFM_HL_Y|RY21W,2.132881,0.14569525,0,3
3HFM_HL_Y|RY73A,-0.3313971,0.08469881,0,3
3HFM_HL_Y|SH31A,0.17036153,0.6739278,0,3
3HFM_HL_Y|SY100A,0.26765963,0.77663183,0,3
3HFM_HL_Y|TY89A,0.0,0.8342307,0,3
3HFM_HL_Y|WH98A,4.0,1.1896747,0,3
"3HFM_HL_Y|WH98A,KY96A",4.0,1.8587471,0,3
3HFM_HL_Y|WH98F,3.245562,0.44741344,0,3
"3HFM_HL_Y|WH98F,YY20A",4.0,1.3084981,0,3
3HFM_HL_Y|WY63A,0.31918663,1.3161702,0,3
3HFM_HL_Y|YH33A,4.0,2.6853375,0,3
"3HFM_HL_Y|YH33A,KY97A",4.0,2.4690766,0,3
3HFM_HL_Y|YH33F,1.0712212,-0.11261839,0,3
3HFM_HL_Y|YH33L,2.0069382,0.7221346,0,3
3HFM_HL_Y|YH33W,1.7495645,0.7469024,0,3
3HFM_HL_Y|YH50A,4.0,2.3443146,0,3
"3HFM_HL_Y|YH50A,RY21A",4.0,2.2737353,0,3
3HFM_HL_Y|YH50F,1.6099914,0.49295673,0,3
3HFM_HL_Y|YH50L,2.8488367,0.8401273,0,3
3HFM_HL_Y|YH53A,3.25038,0.49220756,0,3
3HFM_HL_Y|YH53F,0.62049925,0.40376994,0,3
3HFM_HL_Y|YH53L,0.8068894,0.37662804,0,3
3HFM_HL_Y|YH53W,0.7061819,0.061597705,0,3
3HFM_HL_Y|YH58A,1.6760437,1.5040331,0,3
3HFM_HL_Y|YH58F,0.36312544,0.34290308,0,3
3HFM_HL_Y|YH58L,1.5136731,0.6094205,0,3
3HFM_HL_Y|YL50A,4.0,1.1607177,0,3
"3HFM_HL_Y|YL50A,KY96A",4.0,1.904495,0,3
"3HFM_HL_Y|YL50A,KY97A",4.0,1.3423828,0,3
"3HFM_HL_Y|YL50A,RY21A",4.0,1.5091511,0,3
3HFM_HL_Y|YL50F,2.3548672,0.17969865,0,3
"3HFM_HL_Y|YL50F,RY21A",4.0,0.51121765,0,3
"3HFM_HL_Y|YL50F,YY20A",4.0,1.6557257,0,3
3HFM_HL_Y|YL50L,4.0,0.0149880005,0,3
3HFM_HL_Y|YL96A,2.707045,1.5615611,0,3
"3HFM_HL_Y|YL96A,RY21A",4.0,1.8660717,0,3
3HFM_HL_Y|YL96F,1.4017794,0.73624194,0,3
"3HFM_HL_Y|YL96F,RY21A",4.0,1.1510462,0,3
3HFM_HL_Y|YY20A,4.0,1.121583,0,3
3HFM_HL_Y|YY20F,-0.4839681,0.36315593,0,3
3HFM_HL_Y|YY20L,2.1845057,1.1267115,0,3
3SE9_HL_G|DH77A,-0.7664817,0.20317388,0,3
3SE9_HL_G|EL90A,0.41735974,1.0232645,0,3
3SE9_HL_G|FL91A,0.023615688,0.687251,0,3
3SE9_HL_G|GH106A,-0.3075798,0.65131396,0,3
3SE9_HL_G|GH107A,-0.6151596,0.4263515,0,3
3SE9_HL_G|GH109A,0.18514356,0.8262472,0,3
3SE9_HL_G|GH57A,0.4524448,0.90056974,0,3
3SE9_HL_G|GH62A,0.04634,0.32740805,0,3
3SE9_HL_G|GL29A,0.46369976,0.27010557,0,3
3SE9_HL_G|LH34A,0.56599987,1.3374397,0,3
3SE9_HL_G|LL89A,0.964243,1.8319865,0,3
3SE9_HL_G|NH60A,1.5217615,2.3296955,0,3
3SE9_HL_G|PH64A,-0.4419396,-0.20073974,0,3
3SE9_HL_G|RH67A,1.4695449,0.36957425,0,3
3SE9_HL_G|RH74A,2.6792572,1.422247,0,3
3SE9_HL_G|RH76A,-0.2322162,0.5957489,0,3
3SE9_HL_G|TH105A,-0.4419396,-0.049390636,0,3
3SE9_HL_G|TH56A,-0.85929936,0.5242769,0,3
3SE9_HL_G|VH55A,-0.85929936,-0.023405991,0,3
3SE9_HL_G|VH59A,0.9833596,1.9994264,0,3
3SE9_HL_G|VL3A,-0.49433115,0.30868518,0,3
3SE9_HL_G|WH48A,1.0584464,1.8320376,0,3
3SE9_HL_G|WH51A,1.275695,2.1477194,0,3
3SE9_HL_G|YH104A,0.46369976,1.4219992,0,3
3SE9_HL_G|YL28A,1.1177194,0.64432967,0,3
4U6H_AB_E|NE21A,-0.3480795,0.3040646,0,3
4U6H_AB_E|QE25A,0.11883454,1.1626978,0,3
4ZS6_HL_A|EA156A,3.0386665,0.29377493,0,3
4ZS6_HL_A|YA160A,-0.11025046,2.1635747,0,3
1AHW_AB_C|DC167A,-0.4845926,1.3654885,0,4
"1AHW_AB_C|KC138A,DC139A",1.1814722,2.6163342,0,4
"1AHW_AB_C|KC154A,KC155A",-1.329712,2.2773015,0,4
1AHW_AB_C|LC165A,0.9869364,0.4760328,0,4
1AHW_AB_C|NC188A,1.0782224,1.0522988,0,4
"1AHW_AB_C|TC110A,KC111A",0.6388569,1.2140622,0,4
1AHW_AB_C|TC156A,-0.07411996,0.3930435,0,4
1AHW_AB_C|TC159A,1.105771,1.586736,0,4
1AHW_AB_C|TC186A,1.345882,0.52251786,0,4
1AHW_AB_C|VC187A,-0.31423107,0.7239554,0,4
1AHW_AB_C|YC146A,-1.8890098,1.0211712,0,4
1BJ1_HL_VW|HH101Y,-1.5835956,-3.2678964,0,4
"1BJ1_HL_VW|HH101Y,YH103I,GH104A,SH105K",-0.43125325,-1.7238508,0,4
"1BJ1_HL_VW|HH101Y,YH103R,GH104N,SH105T",-0.7626503,-2.4382582,0,4
"1BJ1_HL_VW|HH101Y,YH103R,SH105T",-1.173123,-2.808724,0,4
1BJ1_HL_VW|HH107A,0.78965265,-0.6116523,0,4
"1BJ1_HL_VW|LH72I,TH74K",0.076517485,0.60271937,0,4
"1BJ1_HL_VW|LH72V,TH74V",0.6706598,0.4898329,0,4
"1BJ1_HL_VW|ML4L,TH28D,NH31H,HH101Y,SH105T",-1.52138,-2.7974567,0,4
1BJ1_HL_VW|NH31H,-0.7626503,0.39957118,0,4
1BJ1_HL_VW|SH105T,-0.39039657,-0.40998024,0,4
1BJ1_HL_VW|TH28D,-0.22003505,-0.03469556,0,4
"1BJ1_HL_VW|TH28D,NH31H",-0.6929008,-0.10929301,0,4
"1BJ1_HL_VW|TH28D,NH31H,YH54W,HH101Y,SH105T",-1.2034981,-3.0608342,0,4
1BJ1_HL_VW|TH59A,0.85066694,0.45109916,0,4
1BJ1_HL_VW|YH27A,2.2425284,0.7878448,0,4
1BJ1_HL_VW|YH54A,1.3276595,1.0456818,0,4
1BJ1_HL_VW|YH54W,-0.13726985,-0.09562512,0,4
1BJ1_HL_VW|YH99A,4.0,0.6549918,0,4
1DQJ_AB_C|DB32A,2.0134337,1.4149725,0,4
"1DQJ_AB_C|DB32A,KC97A",1.1223834,0.9562862,0,4
1DQJ_AB_C|DC101A,1.3765504,1.2733815,0,4
1DQJ_AB_C|KC96A,4.0,1.0691236,0,4
1DQJ_AB_C|KC97A,3.5197058,0.2604795,0,4
1DQJ_AB_C|LC75A,1.452407,0.807159,0,4
1DQJ_AB_C|NA31A,2.0134337,1.0969794,0,4
1DQJ_AB_C|NA32A,4.0,1.422404,0,4
"1DQJ_AB_C|NA32A,KC96A",4.0,1.6234475,0,4
1DQJ_AB_C|NC93A,0.64987326,0.16037965,0,4
1DQJ_AB_C|RC21A,1.2137709,1.3550507,0,4
1DQJ_AB_C|SA91A,1.4318883,0.62225616,0,4
"1DQJ_AB_C|SA91A,RC21A",3.1707318,1.7752272,0,4
"1DQJ_AB_C|SA91A,YC20A",3.573092,1.9912224,0,4
1DQJ_AB_C|SC100A,0.7755829,1.3202174,0,4
1DQJ_AB_C|TC89A,0.84084374,1.2997246,0,4
1DQJ_AB_C|WB98A,4.0,1.6509714,0,4
"1DQJ_AB_C|WB98A,KC97A",4.0,1.365152,0,4
"1DQJ_AB_C|WB98A,SC100A",4.0,3.082652,0,4
"1DQJ_AB_C|WB98A,YC20A",4.0,3.73054,0,4
1DQJ_AB_C|WC62A,0.7580786,1.4549533,0,4
1DQJ_AB_C|WC63A,1.3462692,0.8325317,0,4
1DQJ_AB_C|YA50A,2.678299,1.1786559,0,4
1DQJ_AB_C|YA96A,1.135051,1.1833936,0,4
"1DQJ_AB_C|YA96A,RC21A",3.4851997,2.1975758,0,4
"1DQJ_AB_C|YA96A,SC100A",0.91344726,2.034411,0,4
1DQJ_AB_C|YB33A,4.0,2.6816342,0,4
1DQJ_AB_C|YB50A,4.0,1.522992,0,4
1DQJ_AB_C|YB53A,1.1802781,1.1221832,0,4
"1DQJ_AB_C|YB53A,DC101A",2.727121,2.3546042,0,4
"1DQJ_AB_C|YB53A,LC75A",1.2168618,1.3439525,0,4
"1DQJ_AB_C|YB53A,WC62A",1.286308,2.1335456,0,4
"1DQJ_AB_C|YB53A,WC63A",2.1992323,1.5590026,0,4
1DQJ_AB_C|YC20A,3.2857084,1.4187618,0,4
1XGT_AB_C|LB33A,2.1988916,1.8633873,0,4
1XGT_AB_C|LB33F,-1.8617703,-1.6242777,0,4
1XGT_AB_C|LB33I,-0.061315425,-0.15057072,0,4
1XGT_AB_C|LB33V,1.0463123,1.1884191,0,4
"3BDY_HL_V|DL28N,PL30A,RL31K,SL32T,TL97S,TL98S",-0.9690793,-1.1375706,0,4
"3BDY_HL_V|DL28N,PL30A,RL31K,SL32T,TL97S,TL98S,KH31S,DH32G,TH55S,NH56E,GH101V,DH103V",-2.7154896,-2.9189842,0,4
"3BDY_HL_V|DL28N,PL30A,RL31K,SL32T,TL97S,TL98S,KH31S,DH32G,TH55S,NH56E,GH101V,DH103V,RH51A,RH60A",-2.7728782,-3.2950118,0,4
"3BDY_HL_V|DL28N,PL30A,RL31K,SL32T,YL57F,TL97S,TL98S",-0.97316396,-0.99298227,0,4
"3BDY_HL_V|DL28N,PL30A,RL31K,SL32T,YL57F,TL97S,TL98S,KH31S,DH32G,TH55S,NH56E,GH101V,DH103V",-2.727121,-2.6871676,0,4
3HFM_HL_Y|DH32A,1.8982269,-0.10993972,0,4
"3HFM_HL_Y|DH32A,KY97A",4.0,-0.36174145,0,4
"3HFM_HL_Y|DH32A,KY97M",1.1234494,0.02205186,0,4
3HFM_HL_Y|DH32N,0.17036153,-0.53314906,0,4
"3HFM_HL_Y|DH32N,KY97A",4.0,-0.5500312,0,4
"3HFM_HL_Y|DH32N,KY97M",0.3025042,-0.1803903,0,4
3HFM_HL_Y|DY101A,1.2081919,1.2304636,0,4
3HFM_HL_Y|DY101E,2.132881,0.9887374,0,4
3HFM_HL_Y|DY101F,2.3282614,0.7520265,0,4
3HFM_HL_Y|DY101G,0.35884774,0.67491853,0,4
3HFM_HL_Y|DY101K,2.1245396,1.4896365,0,4
3HFM_HL_Y|DY101N,1.4911126,1.3959144,0,4
3HFM_HL_Y|DY101Q,2.0851746,0.5221353,0,4
3HFM_HL_Y|DY101R,2.2798727,1.0826075,0,4
3HFM_HL_Y|DY101S,1.8694,0.6579367,0,4
3HFM_HL_Y|GY102V,0.395285,0.7165916,0,4
3HFM_HL_Y|HY15A,-0.4453172,0.30946085,0,4
3HFM_HL_Y|IY98A,0.0,0.29522437,0,4
3HFM_HL_Y|KY96A,4.0,0.9843282,0,4
3HFM_HL_Y|KY96M,4.0,0.8084544,0,4
3HFM_HL_Y|KY96R,4.0,0.25739208,0,4
3HFM_HL_Y|KY97A,4.0,0.31784326,0,4
3HFM_HL_Y|KY97D,4.0,0.27110687,0,4
3HFM_HL_Y|KY97E,3.6045077,0.45559114,0,4
3HFM_HL_Y|KY97G,4.0,0.14322843,0,4
3HFM_HL_Y|KY97M,0.9469717,0.5791633,0,4
3HFM_HL_Y|KY97R,3.0528512,-0.08792405,0,4
3HFM_HL_Y|LY75A,0.70445603,0.27730367,0,4
3HFM_HL_Y|NL31A,4.0,1.5958123,0,4
"3HFM_HL_Y|NL31A,KY96A",4.0,2.853623,0,4
3HFM_HL_Y|NL31D,1.3434845,0.31849402,0,4
3HFM_HL_Y|NL31E,4.0,0.6743177,0,4
3HFM_HL_Y|NL32A,4.0,0.89438367,0,4
3HFM_HL_Y|NY19D,0.41047263,-0.14609274,0,4
3HFM_HL_Y|NY19K,0.2401111,0.61165714,0,4
3HFM_HL_Y|NY19Q,-0.042485796,-0.28076667,0,4
3HFM_HL_Y|NY93A,0.21121821,0.060110826,0,4
3HFM_HL_Y|QL53A,0.9530879,-0.11808371,0,4
3HFM_HL_Y|RY21A,0.8618019,1.4697024,0,4
3HFM_HL_Y|RY21E,2.4534352,0.3989912,0,4
3HFM_HL_Y|RY21G,2.4220753,0.8945071,0,4
3HFM_HL_Y|RY21H,2.1693182,0.48994952,0,4
3HFM_HL_Y|RY21K,1.766342,1.2518553,0,4
3HFM_HL_Y|RY21M,2.0498905,1.6126285,0,4
3HFM_HL_Y|RY21N,2.3282614,1.4140716,0,4
3HFM_HL_Y|RY21Q,2.3975346,0.03828999,0,4
3HFM_HL_Y|RY21W,2.132881,0.8573342,0,4
3HFM_HL_Y|RY73A,-0.3313971,0.71183795,0,4
3HFM_HL_Y|SH31A,0.17036153,-0.1111808,0,4
3HFM_HL_Y|SY100A,0.26765963,0.97508013,0,4
3HFM_HL_Y|TY89A,0.0,1.0658866,0,4
3HFM_HL_Y|WH98A,4.0,1.4481574,0,4
"3HFM_HL_Y|WH98A,KY96A",4.0,2.4669795,0,4
3HFM_HL_Y|WH98F,3.245562,0.9857115,0,4
"3HFM_HL_Y|WH98F,YY20A",4.0,2.9854105,0,4
3HFM_HL_Y|WY63A,0.31918663,0.7527309,0,4
3HFM_HL_Y|YH33A,4.0,2.3517525,0,4
"3HFM_HL_Y|YH33A,KY97A",4.0,1.3498662,0,4
3HFM_HL_Y|YH33F,1.0712212,-1.0357623,0,4
3HFM_HL_Y|YH33L,2.0069382,0.42591378,0,4
3HFM_HL_Y|YH33W,1.7495645,0.21359324,0,4
3HFM_HL_Y|YH50A,4.0,1.5018948,0,4
"3HFM_HL_Y|YH50A,RY21A",4.0,3.1090958,0,4
3HFM_HL_Y|YH50F,1.6099914,1.1301599e-05,0,4
3HFM_HL_Y|YH50L,2.8488367,0.38353425,0,4
3HFM_HL_Y|YH53A,3.25038,1.5365801,0,4
3HFM_HL_Y|YH53F,0.62049925,1.1168945,0,4
3HFM_HL_Y|YH53L,0.8068894,1.5150584,0,4
3HFM_HL_Y|YH53W,0.7061819,0.42243728,0,4
3HFM_HL_Y|YH58A,1.6760437,0.89904815,0,4
3HFM_HL_Y|YH58F,0.36312544,0.5342912,0,4
3HFM_HL_Y|YH58L,1.5136731,0.9259814,0,4
3HFM_HL_Y|YL50A,4.0,0.3692643,0,4
"3HFM_HL_Y|YL50A,KY96A",4.0,1.0896306,0,4
"3HFM_HL_Y|YL50A,KY97A",4.0,0.33254412,0,4
"3HFM_HL_Y|YL50A,RY21A",4.0,1.6883079,0,4
3HFM_HL_Y|YL50F,2.3548672,-0.19229291,0,4
"3HFM_HL_Y|YL50F,RY21A",4.0,1.2009038,0,4
"3HFM_HL_Y|YL50F,YY20A",4.0,1.2297877,0,4
3HFM_HL_Y|YL50L,4.0,0.006081314,0,4
3HFM_HL_Y|YL96A,2.707045,1.427948,0,4
"3HFM_HL_Y|YL96A,RY21A",4.0,2.5889657,0,4
3HFM_HL_Y|YL96F,1.4017794,0.9993041,0,4
"3HFM_HL_Y|YL96F,RY21A",4.0,2.1842904,0,4
3HFM_HL_Y|YY20A,4.0,1.6393887,0,4
3HFM_HL_Y|YY20F,-0.4839681,0.11791277,0,4
3HFM_HL_Y|YY20L,2.1845057,1.2015681,0,4
3SE9_HL_G|DH77A,-0.7664817,0.07179749,0,4
3SE9_HL_G|EL90A,0.41735974,1.1174526,0,4
3SE9_HL_G|FL91A,0.023615688,0.29780143,0,4
3SE9_HL_G|GH106A,-0.3075798,0.29968742,0,4
3SE9_HL_G|GH107A,-0.6151596,-0.3379377,0,4
3SE9_HL_G|GH109A,0.18514356,0.6154258,0,4
3SE9_HL_G|GH57A,0.4524448,0.8383436,0,4
3SE9_HL_G|GH62A,0.04634,0.5372538,0,4
3SE9_HL_G|GL29A,0.46369976,0.3292837,0,4
3SE9_HL_G|LH34A,0.56599987,0.9370237,0,4
3SE9_HL_G|LL89A,0.964243,0.99744827,0,4
3SE9_HL_G|NH60A,1.5217615,2.0476205,0,4
3SE9_HL_G|PH64A,-0.4419396,0.030127537,0,4
3SE9_HL_G|RH67A,1.4695449,0.6283197,0,4
3SE9_HL_G|RH74A,2.6792572,1.7759149,0,4
3SE9_HL_G|RH76A,-0.2322162,0.8167384,0,4
3SE9_HL_G|TH105A,-0.4419396,0.51501507,0,4
3SE9_HL_G|TH56A,-0.85929936,0.5668296,0,4
3SE9_HL_G|VH55A,-0.85929936,-0.647121,0,4
3SE9_HL_G|VH59A,0.9833596,1.2847377,0,4
3SE9_HL_G|VL3A,-0.49433115,-0.4114828,0,4
3SE9_HL_G|WH48A,1.0584464,1.4256779,0,4
3SE9_HL_G|WH51A,1.275695,1.4906886,0,4
3SE9_HL_G|YH104A,0.46369976,1.4233639,0,4
3SE9_HL_G|YL28A,1.1177194,0.7598544,0,4
4U6H_AB_E|NE21A,-0.3480795,0.75607246,0,4
4U6H_AB_E|QE25A,0.11883454,1.9149617,0,4
4ZS6_HL_A|EA156A,3.0386665,-0.44898742,0,4
4ZS6_HL_A|YA160A,-0.11025046,2.3231318,0,4
1AHW_AB_C|DC167A,-0.4845926,1.4150145,0,5
"1AHW_AB_C|KC138A,DC139A",1.1814722,1.8282539,0,5
"1AHW_AB_C|KC154A,KC155A",-1.329712,2.244107,0,5
1AHW_AB_C|LC165A,0.9869364,0.7297353,0,5
1AHW_AB_C|NC188A,1.0782224,1.425357,0,5
"1AHW_AB_C|TC110A,KC111A",0.6388569,1.3758519,0,5
1AHW_AB_C|TC156A,-0.07411996,0.19286206,0,5
1AHW_AB_C|TC159A,1.105771,2.1339457,0,5
1AHW_AB_C|TC186A,1.345882,0.5576724,0,5
1AHW_AB_C|VC187A,-0.31423107,0.49024665,0,5
1AHW_AB_C|YC146A,-1.8890098,2.1026244,0,5
1BJ1_HL_VW|HH101Y,-1.5835956,-1.5846274,0,5
"1BJ1_HL_VW|HH101Y,YH103I,GH104A,SH105K",-0.43125325,-0.88497996,0,5
"1BJ1_HL_VW|HH101Y,YH103R,GH104N,SH105T",-0.7626503,-0.4351691,0,5
"1BJ1_HL_VW|HH101Y,YH103R,SH105T",-1.173123,-0.9240037,0,5
1BJ1_HL_VW|HH107A,0.78965265,0.54266757,0,5
"1BJ1_HL_VW|LH72I,TH74K",0.076517485,1.1936305,0,5
"1BJ1_HL_VW|LH72V,TH74V",0.6706598,0.7228553,0,5
"1BJ1_HL_VW|ML4L,TH28D,NH31H,HH101Y,SH105T",-1.52138,-2.4162698,0,5
1BJ1_HL_VW|NH31H,-0.7626503,-0.07379403,0,5
1BJ1_HL_VW|SH105T,-0.39039657,0.073493235,0,5
1BJ1_HL_VW|TH28D,-0.22003505,-0.1539064,0,5
"1BJ1_HL_VW|TH28D,NH31H",-0.6929008,-0.18970373,0,5
"1BJ1_HL_VW|TH28D,NH31H,YH54W,HH101Y,SH105T",-1.2034981,-1.4970514,0,5
1BJ1_HL_VW|TH59A,0.85066694,1.2995785,0,5
1BJ1_HL_VW|YH27A,2.2425284,0.69970554,0,5
1BJ1_HL_VW|YH54A,1.3276595,1.5522889,0,5
1BJ1_HL_VW|YH54W,-0.13726985,0.18307817,0,5
1BJ1_HL_VW|YH99A,4.0,0.36406475,0,5
1DQJ_AB_C|DB32A,2.0134337,0.34386522,0,5
"1DQJ_AB_C|DB32A,KC97A",1.1223834,0.7361131,0,5
1DQJ_AB_C|DC101A,1.3765504,2.071183,0,5
1DQJ_AB_C|KC96A,4.0,1.4282734,0,5
1DQJ_AB_C|KC97A,3.5197058,0.08558727,0,5
1DQJ_AB_C|LC75A,1.452407,1.0567153,0,5
1DQJ_AB_C|NA31A,2.0134337,0.67838603,0,5
1DQJ_AB_C|NA32A,4.0,1.1469009,0,5
"1DQJ_AB_C|NA32A,KC96A",4.0,2.1401432,0,5
1DQJ_AB_C|NC93A,0.64987326,0.091708936,0,5
1DQJ_AB_C|RC21A,1.2137709,1.2679828,0,5
1DQJ_AB_C|SA91A,1.4318883,0.4525153,0,5
"1DQJ_AB_C|SA91A,RC21A",3.1707318,1.3348247,0,5
"1DQJ_AB_C|SA91A,YC20A",3.573092,2.1029193,0,5
1DQJ_AB_C|SC100A,0.7755829,0.7218552,0,5
1DQJ_AB_C|TC89A,0.84084374,0.49405837,0,5
1DQJ_AB_C|WB98A,4.0,2.4989119,0,5
"1DQJ_AB_C|WB98A,KC97A",4.0,2.3108234,0,5
"1DQJ_AB_C|WB98A,SC100A",4.0,3.5645463,0,5
"1DQJ_AB_C|WB98A,YC20A",4.0,5.633503,0,5
1DQJ_AB_C|WC62A,0.7580786,1.9034,0,5
1DQJ_AB_C|WC63A,1.3462692,2.819124,0,5
1DQJ_AB_C|YA50A,2.678299,1.4279634,0,5
1DQJ_AB_C|YA96A,1.135051,1.6701072,0,5
"1DQJ_AB_C|YA96A,RC21A",3.4851997,3.1955793,0,5
"1DQJ_AB_C|YA96A,SC100A",0.91344726,2.2580938,0,5
1DQJ_AB_C|YB33A,4.0,3.1728492,0,5
1DQJ_AB_C|YB50A,4.0,1.6913722,0,5
1DQJ_AB_C|YB53A,1.1802781,0.8693182,0,5
"1DQJ_AB_C|YB53A,DC101A",2.727121,2.8622775,0,5
"1DQJ_AB_C|YB53A,LC75A",1.2168618,1.6794686,0,5
"1DQJ_AB_C|YB53A,WC62A",1.286308,2.4113667,0,5
"1DQJ_AB_C|YB53A,WC63A",2.1992323,3.9200768,0,5
1DQJ_AB_C|YC20A,3.2857084,2.0181596,0,5
1XGT_AB_C|LB33A,2.1988916,2.2938015,0,5
1XGT_AB_C|LB33F,-1.8617703,-1.5970969,0,5
1XGT_AB_C|LB33I,-0.061315425,0.0580386,0,5
1XGT_AB_C|LB33V,1.0463123,1.1497297,0,5
"3BDY_HL_V|DL28N,PL30A,RL31K,SL32T,TL97S,TL98S",-0.9690793,-0.89459324,0,5
"3BDY_HL_V|DL28N,PL30A,RL31K,SL32T,TL97S,TL98S,KH31S,DH32G,TH55S,NH56E,GH101V,DH103V",-2.7154896,-2.5643127,0,5
"3BDY_HL_V|DL28N,PL30A,RL31K,SL32T,TL97S,TL98S,KH31S,DH32G,TH55S,NH56E,GH101V,DH103V,RH51A,RH60A",-2.7728782,-2.7958987,0,5
"3BDY_HL_V|DL28N,PL30A,RL31K,SL32T,YL57F,TL97S,TL98S",-0.97316396,-0.8330563,0,5
"3BDY_HL_V|DL28N,PL30A,RL31K,SL32T,YL57F,TL97S,TL98S,KH31S,DH32G,TH55S,NH56E,GH101V,DH103V",-2.727121,-2.5209916,0,5
3HFM_HL_Y|DH32A,1.8982269,0.021958195,0,5
"3HFM_HL_Y|DH32A,KY97A",4.0,0.03926164,0,5
"3HFM_HL_Y|DH32A,KY97M",1.1234494,0.16265118,0,5
3HFM_HL_Y|DH32N,0.17036153,-0.10896798,0,5
"3HFM_HL_Y|DH32N,KY97A",4.0,-0.13319169,0,5
"3HFM_HL_Y|DH32N,KY97M",0.3025042,-0.0036872178,0,5
3HFM_HL_Y|DY101A,1.2081919,1.0773607,0,5
3HFM_HL_Y|DY101E,2.132881,0.6451219,0,5
3HFM_HL_Y|DY101F,2.3282614,1.1181962,0,5
3HFM_HL_Y|DY101G,0.35884774,0.3854089,0,5
3HFM_HL_Y|DY101K,2.1245396,1.6371286,0,5
3HFM_HL_Y|DY101N,1.4911126,1.0612036,0,5
3HFM_HL_Y|DY101Q,2.0851746,0.9587815,0,5
3HFM_HL_Y|DY101R,2.2798727,1.3091528,0,5
3HFM_HL_Y|DY101S,1.8694,0.71016115,0,5
3HFM_HL_Y|GY102V,0.395285,0.4439973,0,5
3HFM_HL_Y|HY15A,-0.4453172,0.4229692,0,5
3HFM_HL_Y|IY98A,0.0,0.102459736,0,5
3HFM_HL_Y|KY96A,4.0,1.32402,0,5
3HFM_HL_Y|KY96M,4.0,1.6147678,0,5
3HFM_HL_Y|KY96R,4.0,0.5822324,0,5
3HFM_HL_Y|KY97A,4.0,0.19831163,0,5
3HFM_HL_Y|KY97D,4.0,0.15100268,0,5
3HFM_HL_Y|KY97E,3.6045077,0.25763607,0,5
3HFM_HL_Y|KY97G,4.0,0.48928523,0,5
3HFM_HL_Y|KY97M,0.9469717,0.63151544,0,5
3HFM_HL_Y|KY97R,3.0528512,-0.09319122,0,5
3HFM_HL_Y|LY75A,0.70445603,0.48039645,0,5
3HFM_HL_Y|NL31A,4.0,0.21926802,0,5
"3HFM_HL_Y|NL31A,KY96A",4.0,1.653772,0,5
3HFM_HL_Y|NL31D,1.3434845,0.12485596,0,5
3HFM_HL_Y|NL31E,4.0,0.029578015,0,5
3HFM_HL_Y|NL32A,4.0,0.49898463,0,5
3HFM_HL_Y|NY19D,0.41047263,-0.3112368,0,5
3HFM_HL_Y|NY19K,0.2401111,1.1435083,0,5
3HFM_HL_Y|NY19Q,-0.042485796,0.6833843,0,5
3HFM_HL_Y|NY93A,0.21121821,0.116537385,0,5
3HFM_HL_Y|QL53A,0.9530879,0.116813935,0,5
3HFM_HL_Y|RY21A,0.8618019,1.321532,0,5
3HFM_HL_Y|RY21E,2.4534352,0.1209536,0,5
3HFM_HL_Y|RY21G,2.4220753,0.2500595,0,5
3HFM_HL_Y|RY21H,2.1693182,-0.262226,0,5
3HFM_HL_Y|RY21K,1.766342,0.9485021,0,5
3HFM_HL_Y|RY21M,2.0498905,1.2426152,0,5
3HFM_HL_Y|RY21N,2.3282614,0.607747,0,5
3HFM_HL_Y|RY21Q,2.3975346,-0.04038307,0,5
3HFM_HL_Y|RY21W,2.132881,0.46809447,0,5
3HFM_HL_Y|RY73A,-0.3313971,0.68936956,0,5
3HFM_HL_Y|SH31A,0.17036153,-0.47422716,0,5
3HFM_HL_Y|SY100A,0.26765963,0.70347834,0,5
3HFM_HL_Y|TY89A,0.0,0.4817301,0,5
3HFM_HL_Y|WH98A,4.0,1.0329013,0,5
"3HFM_HL_Y|WH98A,KY96A",4.0,1.9273419,0,5
3HFM_HL_Y|WH98F,3.245562,1.1460538,0,5
"3HFM_HL_Y|WH98F,YY20A",4.0,3.120517,0,5
3HFM_HL_Y|WY63A,0.31918663,3.1757202,0,5
3HFM_HL_Y|YH33A,4.0,3.1563897,0,5
"3HFM_HL_Y|YH33A,KY97A",4.0,2.4781325,0,5
3HFM_HL_Y|YH33F,1.0712212,-0.25791126,0,5
3HFM_HL_Y|YH33L,2.0069382,1.0985719,0,5
3HFM_HL_Y|YH33W,1.7495645,1.340913,0,5
3HFM_HL_Y|YH50A,4.0,1.3603827,0,5
"3HFM_HL_Y|YH50A,RY21A",4.0,2.5193467,0,5
3HFM_HL_Y|YH50F,1.6099914,0.07433193,0,5
3HFM_HL_Y|YH50L,2.8488367,0.37859592,0,5
3HFM_HL_Y|YH53A,3.25038,0.6241748,0,5
3HFM_HL_Y|YH53F,0.62049925,0.8446673,0,5
3HFM_HL_Y|YH53L,0.8068894,1.5268124,0,5
3HFM_HL_Y|YH53W,0.7061819,0.36649644,0,5
3HFM_HL_Y|YH58A,1.6760437,2.3437247,0,5
3HFM_HL_Y|YH58F,0.36312544,0.43123373,0,5
3HFM_HL_Y|YH58L,1.5136731,1.4538808,0,5
3HFM_HL_Y|YL50A,4.0,1.0254778,0,5
"3HFM_HL_Y|YL50A,KY96A",4.0,2.269129,0,5
"3HFM_HL_Y|YL50A,KY97A",4.0,0.9786359,0,5
"3HFM_HL_Y|YL50A,RY21A",4.0,2.4778802,0,5
3HFM_HL_Y|YL50F,2.3548672,0.59131587,0,5
"3HFM_HL_Y|YL50F,RY21A",4.0,2.2765255,0,5
"3HFM_HL_Y|YL50F,YY20A",4.0,2.4388068,0,5
3HFM_HL_Y|YL50L,4.0,0.15987638,0,5
3HFM_HL_Y|YL96A,2.707045,1.5401442,0,5
"3HFM_HL_Y|YL96A,RY21A",4.0,2.9912624,0,5
3HFM_HL_Y|YL96F,1.4017794,0.9490149,0,5
"3HFM_HL_Y|YL96F,RY21A",4.0,2.5982788,0,5
3HFM_HL_Y|YY20A,4.0,2.2883894,0,5
3HFM_HL_Y|YY20F,-0.4839681,0.43420678,0,5
3HFM_HL_Y|YY20L,2.1845057,1.6857715,0,5
3SE9_HL_G|DH77A,-0.7664817,0.09021733,0,5
3SE9_HL_G|EL90A,0.41735974,1.1780788,0,5
3SE9_HL_G|FL91A,0.023615688,0.7224208,0,5
3SE9_HL_G|GH106A,-0.3075798,0.5666948,0,5
3SE9_HL_G|GH107A,-0.6151596,-0.38257602,0,5
3SE9_HL_G|GH109A,0.18514356,0.53663236,0,5
3SE9_HL_G|GH57A,0.4524448,0.6131692,0,5
3SE9_HL_G|GH62A,0.04634,0.28217757,0,5
3SE9_HL_G|GL29A,0.46369976,0.0936865,0,5
3SE9_HL_G|LH34A,0.56599987,1.4104314,0,5
3SE9_HL_G|LL89A,0.964243,0.78794557,0,5
3SE9_HL_G|NH60A,1.5217615,2.271247,0,5
3SE9_HL_G|PH64A,-0.4419396,0.32079306,0,5
3SE9_HL_G|RH67A,1.4695449,0.07353683,0,5
3SE9_HL_G|RH74A,2.6792572,1.9179926,0,5
3SE9_HL_G|RH76A,-0.2322162,0.92641926,0,5
3SE9_HL_G|TH105A,-0.4419396,0.5249796,0,5
3SE9_HL_G|TH56A,-0.85929936,0.63086534,0,5
3SE9_HL_G|VH55A,-0.85929936,0.33690596,0,5
3SE9_HL_G|VH59A,0.9833596,2.0201697,0,5
3SE9_HL_G|VL3A,-0.49433115,0.819604,0,5
3SE9_HL_G|WH48A,1.0584464,1.2621623,0,5
3SE9_HL_G|WH51A,1.275695,1.7003094,0,5
3SE9_HL_G|YH104A,0.46369976,0.3801028,0,5
3SE9_HL_G|YL28A,1.1177194,0.25336137,0,5
4U6H_AB_E|NE21A,-0.3480795,1.6241143,0,5
4U6H_AB_E|QE25A,0.11883454,0.20018584,0,5
4ZS6_HL_A|EA156A,3.0386665,-0.13120857,0,5
4ZS6_HL_A|YA160A,-0.11025046,2.4460487,0,5
1AHW_AB_C|DC167A,-0.4845926,1.9153917,0,6
"1AHW_AB_C|KC138A,DC139A",1.1814722,3.02431,0,6
"1AHW_AB_C|KC154A,KC155A",-1.329712,2.0760198,0,6
1AHW_AB_C|LC165A,0.9869364,1.2880795,0,6
1AHW_AB_C|NC188A,1.0782224,1.5189687,0,6
"1AHW_AB_C|TC110A,KC111A",0.6388569,1.5353539,0,6
1AHW_AB_C|TC156A,-0.07411996,0.07582073,0,6
1AHW_AB_C|TC159A,1.105771,2.0103586,0,6
1AHW_AB_C|TC186A,1.345882,1.5078965,0,6
1AHW_AB_C|VC187A,-0.31423107,1.191022,0,6
1AHW_AB_C|YC146A,-1.8890098,2.37899,0,6
1BJ1_HL_VW|HH101Y,-1.5835956,-0.66333646,0,6
"1BJ1_HL_VW|HH101Y,YH103I,GH104A,SH105K",-0.43125325,0.56360453,0,6
"1BJ1_HL_VW|HH101Y,YH103R,GH104N,SH105T",-0.7626503,0.15362044,0,6
"1BJ1_HL_VW|HH101Y,YH103R,SH105T",-1.173123,-0.15527602,0,6
1BJ1_HL_VW|HH107A,0.78965265,0.6666932,0,6
"1BJ1_HL_VW|LH72I,TH74K",0.076517485,0.45756876,0,6
"1BJ1_HL_VW|LH72V,TH74V",0.6706598,0.21221851,0,6
"1BJ1_HL_VW|ML4L,TH28D,NH31H,HH101Y,SH105T",-1.52138,-0.8557576,0,6
1BJ1_HL_VW|NH31H,-0.7626503,-0.055911046,0,6
1BJ1_HL_VW|SH105T,-0.39039657,0.01766669,0,6
1BJ1_HL_VW|TH28D,-0.22003505,0.00065124687,0,6
"1BJ1_HL_VW|TH28D,NH31H",-0.6929008,-0.22332527,0,6
"1BJ1_HL_VW|TH28D,NH31H,YH54W,HH101Y,SH105T",-1.2034981,-0.62408906,0,6
1BJ1_HL_VW|TH59A,0.85066694,1.225613,0,6
1BJ1_HL_VW|YH27A,2.2425284,0.77302134,0,6
1BJ1_HL_VW|YH54A,1.3276595,1.2169787,0,6
1BJ1_HL_VW|YH54W,-0.13726985,-0.29157314,0,6
1BJ1_HL_VW|YH99A,4.0,0.44017735,0,6
1DQJ_AB_C|DB32A,2.0134337,0.724371,0,6
"1DQJ_AB_C|DB32A,KC97A",1.1223834,1.2675562,0,6
1DQJ_AB_C|DC101A,1.3765504,1.4155178,0,6
1DQJ_AB_C|KC96A,4.0,1.3134239,0,6
1DQJ_AB_C|KC97A,3.5197058,1.0555758,0,6
1DQJ_AB_C|LC75A,1.452407,0.20615572,0,6
1DQJ_AB_C|NA31A,2.0134337,0.6586009,0,6
1DQJ_AB_C|NA32A,4.0,1.0479274,0,6
"1DQJ_AB_C|NA32A,KC96A",4.0,1.6987388,0,6
1DQJ_AB_C|NC93A,0.64987326,0.39190814,0,6
1DQJ_AB_C|RC21A,1.2137709,0.5763573,0,6
1DQJ_AB_C|SA91A,1.4318883,0.29096878,0,6
"1DQJ_AB_C|SA91A,RC21A",3.1707318,0.51667076,0,6
"1DQJ_AB_C|SA91A,YC20A",3.573092,1.9763821,0,6
1DQJ_AB_C|SC100A,0.7755829,0.93611646,0,6
1DQJ_AB_C|TC89A,0.84084374,0.59563607,0,6
1DQJ_AB_C|WB98A,4.0,0.9712023,0,6
"1DQJ_AB_C|WB98A,KC97A",4.0,1.7389047,0,6
"1DQJ_AB_C|WB98A,SC100A",4.0,1.4436512,0,6
"1DQJ_AB_C|WB98A,YC20A",4.0,2.5443876,0,6
1DQJ_AB_C|WC62A,0.7580786,2.4005544,0,6
1DQJ_AB_C|WC63A,1.3462692,1.3885369,0,6
1DQJ_AB_C|YA50A,2.678299,0.96624285,0,6
1DQJ_AB_C|YA96A,1.135051,0.47059983,0,6
"1DQJ_AB_C|YA96A,RC21A",3.4851997,0.57294685,0,6
"1DQJ_AB_C|YA96A,SC100A",0.91344726,1.0210415,0,6
1DQJ_AB_C|YB33A,4.0,2.2877727,0,6
1DQJ_AB_C|YB50A,4.0,1.4753895,0,6
1DQJ_AB_C|YB53A,1.1802781,0.9744097,0,6
"1DQJ_AB_C|YB53A,DC101A",2.727121,2.0810068,0,6
"1DQJ_AB_C|YB53A,LC75A",1.2168618,1.06622,0,6
"1DQJ_AB_C|YB53A,WC62A",1.286308,2.850959,0,6
"1DQJ_AB_C|YB53A,WC63A",2.1992323,1.8344631,0,6
1DQJ_AB_C|YC20A,3.2857084,1.5977316,0,6
1XGT_AB_C|LB33A,2.1988916,1.8149189,0,6
1XGT_AB_C|LB33F,-1.8617703,-1.8887191,0,6
1XGT_AB_C|LB33I,-0.061315425,-0.22339508,0,6
1XGT_AB_C|LB33V,1.0463123,0.9141141,0,6
"3BDY_HL_V|DL28N,PL30A,RL31K,SL32T,TL97S,TL98S",-0.9690793,-0.35403204,0,6
"3BDY_HL_V|DL28N,PL30A,RL31K,SL32T,TL97S,TL98S,KH31S,DH32G,TH55S,NH56E,GH101V,DH103V",-2.7154896,-2.5720272,0,6
"3BDY_HL_V|DL28N,PL30A,RL31K,SL32T,TL97S,TL98S,KH31S,DH32G,TH55S,NH56E,GH101V,DH103V,RH51A,RH60A",-2.7728782,-2.3241565,0,6
"3BDY_HL_V|DL28N,PL30A,RL31K,SL32T,YL57F,TL97S,TL98S",-0.97316396,-0.49039805,0,6
"3BDY_HL_V|DL28N,PL30A,RL31K,SL32T,YL57F,TL97S,TL98S,KH31S,DH32G,TH55S,NH56E,GH101V,DH103V",-2.727121,-2.5950258,0,6
3HFM_HL_Y|DH32A,1.8982269,0.45918337,0,6
"3HFM_HL_Y|DH32A,KY97A",4.0,1.3420829,0,6
"3HFM_HL_Y|DH32A,KY97M",1.1234494,1.7809334,0,6
3HFM_HL_Y|DH32N,0.17036153,-0.01173945,0,6
"3HFM_HL_Y|DH32N,KY97A",4.0,1.0266774,0,6
"3HFM_HL_Y|DH32N,KY97M",0.3025042,1.4588989,0,6
3HFM_HL_Y|DY101A,1.2081919,1.4709624,0,6
3HFM_HL_Y|DY101E,2.132881,0.7097143,0,6
3HFM_HL_Y|DY101F,2.3282614,1.1221207,0,6
3HFM_HL_Y|DY101G,0.35884774,0.29562545,0,6
3HFM_HL_Y|DY101K,2.1245396,1.4924693,0,6
3HFM_HL_Y|DY101N,1.4911126,1.0541148,0,6
3HFM_HL_Y|DY101Q,2.0851746,0.42467684,0,6
3HFM_HL_Y|DY101R,2.2798727,1.5262831,0,6
3HFM_HL_Y|DY101S,1.8694,0.89062715,0,6
3HFM_HL_Y|GY102V,0.395285,0.5404356,0,6
3HFM_HL_Y|HY15A,-0.4453172,0.100833334,0,6
3HFM_HL_Y|IY98A,0.0,0.4055686,0,6
3HFM_HL_Y|KY96A,4.0,1.2244703,0,6
3HFM_HL_Y|KY96M,4.0,0.9737421,0,6
3HFM_HL_Y|KY96R,4.0,1.0508544,0,6
3HFM_HL_Y|KY97A,4.0,1.1790173,0,6
3HFM_HL_Y|KY97D,4.0,0.64379495,0,6
3HFM_HL_Y|KY97E,3.6045077,0.5587137,0,6
3HFM_HL_Y|KY97G,4.0,0.6419367,0,6
3HFM_HL_Y|KY97M,0.9469717,1.245427,0,6
3HFM_HL_Y|KY97R,3.0528512,0.24784578,0,6
3HFM_HL_Y|LY75A,0.70445603,-0.0759289,0,6
3HFM_HL_Y|NL31A,4.0,0.38366732,0,6
"3HFM_HL_Y|NL31A,KY96A",4.0,2.1287174,0,6
3HFM_HL_Y|NL31D,1.3434845,-0.33071357,0,6
3HFM_HL_Y|NL31E,4.0,0.004677425,0,6
3HFM_HL_Y|NL32A,4.0,1.113658,0,6
3HFM_HL_Y|NY19D,0.41047263,0.2636403,0,6
3HFM_HL_Y|NY19K,0.2401111,0.61443233,0,6
3HFM_HL_Y|NY19Q,-0.042485796,0.4682171,0,6
3HFM_HL_Y|NY93A,0.21121821,0.40335056,0,6
3HFM_HL_Y|QL53A,0.9530879,-0.080228,0,6
3HFM_HL_Y|RY21A,0.8618019,0.77782154,0,6
3HFM_HL_Y|RY21E,2.4534352,-0.03281082,0,6
3HFM_HL_Y|RY21G,2.4220753,0.0059445715,0,6
3HFM_HL_Y|RY21H,2.1693182,0.20960127,0,6
3HFM_HL_Y|RY21K,1.766342,0.2413206,0,6
3HFM_HL_Y|RY21M,2.0498905,0.76376486,0,6
3HFM_HL_Y|RY21N,2.3282614,0.38685754,0,6
3HFM_HL_Y|RY21Q,2.3975346,-0.20184693,0,6
3HFM_HL_Y|RY21W,2.132881,0.21678086,0,6
3HFM_HL_Y|RY73A,-0.3313971,0.425616,0,6
3HFM_HL_Y|SH31A,0.17036153,0.08043066,0,6
3HFM_HL_Y|SY100A,0.26765963,0.922992,0,6
3HFM_HL_Y|TY89A,0.0,0.4943392,0,6
3HFM_HL_Y|WH98A,4.0,1.2517262,0,6
"3HFM_HL_Y|WH98A,KY96A",4.0,2.5978208,0,6
3HFM_HL_Y|WH98F,3.245562,0.5935144,0,6
"3HFM_HL_Y|WH98F,YY20A",4.0,2.2256866,0,6
3HFM_HL_Y|WY63A,0.31918663,1.6356295,0,6
3HFM_HL_Y|YH33A,4.0,2.0825315,0,6
"3HFM_HL_Y|YH33A,KY97A",4.0,3.202048,0,6
3HFM_HL_Y|YH33F,1.0712212,-1.3945215,0,6
3HFM_HL_Y|YH33L,2.0069382,0.26152253,0,6
3HFM_HL_Y|YH33W,1.7495645,-0.17492941,0,6
3HFM_HL_Y|YH50A,4.0,1.5440209,0,6
"3HFM_HL_Y|YH50A,RY21A",4.0,1.4528084,0,6
3HFM_HL_Y|YH50F,1.6099914,-0.089155525,0,6
3HFM_HL_Y|YH50L,2.8488367,0.44708386,0,6
3HFM_HL_Y|YH53A,3.25038,1.080415,0,6
3HFM_HL_Y|YH53F,0.62049925,0.5711792,0,6
3HFM_HL_Y|YH53L,0.8068894,0.74633974,0,6
3HFM_HL_Y|YH53W,0.7061819,-0.23223111,0,6
3HFM_HL_Y|YH58A,1.6760437,1.8823856,0,6
3HFM_HL_Y|YH58F,0.36312544,-0.104485236,0,6
3HFM_HL_Y|YH58L,1.5136731,0.5588401,0,6
3HFM_HL_Y|YL50A,4.0,0.9614993,0,6
"3HFM_HL_Y|YL50A,KY96A",4.0,2.1642766,0,6
"3HFM_HL_Y|YL50A,KY97A",4.0,2.0847137,0,6
"3HFM_HL_Y|YL50A,RY21A",4.0,1.3796568,0,6
3HFM_HL_Y|YL50F,2.3548672,-0.035651524,0,6
"3HFM_HL_Y|YL50F,RY21A",4.0,0.7887885,0,6
"3HFM_HL_Y|YL50F,YY20A",4.0,1.4428841,0,6
3HFM_HL_Y|YL50L,4.0,0.40128672,0,6
3HFM_HL_Y|YL96A,2.707045,0.50158197,0,6
"3HFM_HL_Y|YL96A,RY21A",4.0,0.7360985,0,6
3HFM_HL_Y|YL96F,1.4017794,-0.04051859,0,6
"3HFM_HL_Y|YL96F,RY21A",4.0,0.7181442,0,6
3HFM_HL_Y|YY20A,4.0,1.5261359,0,6
3HFM_HL_Y|YY20F,-0.4839681,0.28186557,0,6
3HFM_HL_Y|YY20L,2.1845057,1.5476041,0,6
3SE9_HL_G|DH77A,-0.7664817,0.3286512,0,6
3SE9_HL_G|EL90A,0.41735974,0.90744436,0,6
3SE9_HL_G|FL91A,0.023615688,0.5110888,0,6
3SE9_HL_G|GH106A,-0.3075798,0.40979686,0,6
3SE9_HL_G|GH107A,-0.6151596,-0.0654413,0,6
3SE9_HL_G|GH109A,0.18514356,0.52783805,0,6
3SE9_HL_G|GH57A,0.4524448,0.76771355,0,6
3SE9_HL_G|GH62A,0.04634,0.36735573,0,6
3SE9_HL_G|GL29A,0.46369976,0.5741688,0,6
3SE9_HL_G|LH34A,0.56599987,1.0439272,0,6
3SE9_HL_G|LL89A,0.964243,0.9768971,0,6
3SE9_HL_G|NH60A,1.5217615,1.8442473,0,6
3SE9_HL_G|PH64A,-0.4419396,0.64253384,0,6
3SE9_HL_G|RH67A,1.4695449,0.43969855,0,6
3SE9_HL_G|RH74A,2.6792572,1.6825914,0,6
3SE9_HL_G|RH76A,-0.2322162,0.58561075,0,6
3SE9_HL_G|TH105A,-0.4419396,0.20184012,0,6
3SE9_HL_G|TH56A,-0.85929936,0.06196413,0,6
3SE9_HL_G|VH55A,-0.85929936,0.12128745,0,6
3SE9_HL_G|VH59A,0.9833596,1.2621799,0,6
3SE9_HL_G|VL3A,-0.49433115,0.18260975,0,6
3SE9_HL_G|WH48A,1.0584464,1.7536416,0,6
3SE9_HL_G|WH51A,1.275695,1.8523861,0,6
3SE9_HL_G|YH104A,0.46369976,0.85291463,0,6
3SE9_HL_G|YL28A,1.1177194,0.63940305,0,6
4U6H_AB_E|NE21A,-0.3480795,0.88875544,0,6
4U6H_AB_E|QE25A,0.11883454,1.1620318,0,6
4ZS6_HL_A|EA156A,3.0386665,-0.53782886,0,6
4ZS6_HL_A|YA160A,-0.11025046,1.608182,0,6
1AHW_AB_C|DC167A,-0.4845926,1.4096961,0,7
"1AHW_AB_C|KC138A,DC139A",1.1814722,1.9928246,0,7
"1AHW_AB_C|KC154A,KC155A",-1.329712,2.1218495,0,7
1AHW_AB_C|LC165A,0.9869364,1.0085127,0,7
1AHW_AB_C|NC188A,1.0782224,1.3623902,0,7
"1AHW_AB_C|TC110A,KC111A",0.6388569,1.1151267,0,7
1AHW_AB_C|TC156A,-0.07411996,0.1358375,0,7
1AHW_AB_C|TC159A,1.105771,1.4787867,0,7
1AHW_AB_C|TC186A,1.345882,0.40513393,0,7
1AHW_AB_C|VC187A,-0.31423107,1.1988366,0,7
1AHW_AB_C|YC146A,-1.8890098,1.9490825,0,7
1BJ1_HL_VW|HH101Y,-1.5835956,-0.8965305,0,7
"1BJ1_HL_VW|HH101Y,YH103I,GH104A,SH105K",-0.43125325,0.11393594,0,7
"1BJ1_HL_VW|HH101Y,YH103R,GH104N,SH105T",-0.7626503,-0.070669055,0,7
"1BJ1_HL_VW|HH101Y,YH103R,SH105T",-1.173123,-1.1116208,0,7
1BJ1_HL_VW|HH107A,0.78965265,0.12892905,0,7
"1BJ1_HL_VW|LH72I,TH74K",0.076517485,0.96919024,0,7
"1BJ1_HL_VW|LH72V,TH74V",0.6706598,0.03488785,0,7
"1BJ1_HL_VW|ML4L,TH28D,NH31H,HH101Y,SH105T",-1.52138,-2.3148339,0,7
1BJ1_HL_VW|NH31H,-0.7626503,-0.024602935,0,7
1BJ1_HL_VW|SH105T,-0.39039657,-0.14040747,0,7
1BJ1_HL_VW|TH28D,-0.22003505,-0.19714421,0,7
"1BJ1_HL_VW|TH28D,NH31H",-0.6929008,-0.6741805,0,7
"1BJ1_HL_VW|TH28D,NH31H,YH54W,HH101Y,SH105T",-1.2034981,-1.9148847,0,7
1BJ1_HL_VW|TH59A,0.85066694,0.5192665,0,7
1BJ1_HL_VW|YH27A,2.2425284,0.76114625,0,7
1BJ1_HL_VW|YH54A,1.3276595,0.22650579,0,7
1BJ1_HL_VW|YH54W,-0.13726985,0.0572026,0,7
1BJ1_HL_VW|YH99A,4.0,0.49760962,0,7
1DQJ_AB_C|DB32A,2.0134337,0.7896434,0,7
"1DQJ_AB_C|DB32A,KC97A",1.1223834,0.5788092,0,7
1DQJ_AB_C|DC101A,1.3765504,1.3149343,0,7
1DQJ_AB_C|KC96A,4.0,1.0426134,0,7
1DQJ_AB_C|KC97A,3.5197058,0.22867784,0,7
1DQJ_AB_C|LC75A,1.452407,0.88710386,0,7
1DQJ_AB_C|NA31A,2.0134337,0.76106477,0,7
1DQJ_AB_C|NA32A,4.0,1.1294152,0,7
"1DQJ_AB_C|NA32A,KC96A",4.0,1.9105371,0,7
1DQJ_AB_C|NC93A,0.64987326,-0.054117225,0,7
1DQJ_AB_C|RC21A,1.2137709,0.48962772,0,7
1DQJ_AB_C|SA91A,1.4318883,0.35252357,0,7
"1DQJ_AB_C|SA91A,RC21A",3.1707318,0.82154936,0,7
"1DQJ_AB_C|SA91A,YC20A",3.573092,2.2022972,0,7
1DQJ_AB_C|SC100A,0.7755829,0.7765003,0,7
1DQJ_AB_C|TC89A,0.84084374,0.45410293,0,7
1DQJ_AB_C|WB98A,4.0,1.1566585,0,7
"1DQJ_AB_C|WB98A,KC97A",4.0,1.0776662,0,7
"1DQJ_AB_C|WB98A,SC100A",4.0,1.5908219,0,7
"1DQJ_AB_C|WB98A,YC20A",4.0,3.2979167,0,7
1DQJ_AB_C|WC62A,0.7580786,1.9420776,0,7
1DQJ_AB_C|WC63A,1.3462692,1.5279802,0,7
1DQJ_AB_C|YA50A,2.678299,1.0111389,0,7
1DQJ_AB_C|YA96A,1.135051,1.673312,0,7
"1DQJ_AB_C|YA96A,RC21A",3.4851997,1.9503633,0,7
"1DQJ_AB_C|YA96A,SC100A",0.91344726,2.092261,0,7
1DQJ_AB_C|YB33A,4.0,3.0554433,0,7
1DQJ_AB_C|YB50A,4.0,1.814669,0,7
1DQJ_AB_C|YB53A,1.1802781,0.4928895,0,7
"1DQJ_AB_C|YB53A,DC101A",2.727121,1.3095766,0,7
"1DQJ_AB_C|YB53A,LC75A",1.2168618,0.88175374,0,7
"1DQJ_AB_C|YB53A,WC62A",1.286308,1.8322618,0,7
"1DQJ_AB_C|YB53A,WC63A",2.1992323,1.6557037,0,7
1DQJ_AB_C|YC20A,3.2857084,1.7999277,0,7
1XGT_AB_C|LB33A,2.1988916,1.8102413,0,7
1XGT_AB_C|LB33F,-1.8617703,-1.7356914,0,7
1XGT_AB_C|LB33I,-0.061315425,-0.055751815,0,7
1XGT_AB_C|LB33V,1.0463123,0.98991615,0,7
"3BDY_HL_V|DL28N,PL30A,RL31K,SL32T,TL97S,TL98S",-0.9690793,-0.8101655,0,7
"3BDY_HL_V|DL28N,PL30A,RL31K,SL32T,TL97S,TL98S,KH31S,DH32G,TH55S,NH56E,GH101V,DH103V",-2.7154896,-2.1544325,0,7
"3BDY_HL_V|DL28N,PL30A,RL31K,SL32T,TL97S,TL98S,KH31S,DH32G,TH55S,NH56E,GH101V,DH103V,RH51A,RH60A",-2.7728782,-2.8384042,0,7
"3BDY_HL_V|DL28N,PL30A,RL31K,SL32T,YL57F,TL97S,TL98S",-0.97316396,-0.8376343,0,7
"3BDY_HL_V|DL28N,PL30A,RL31K,SL32T,YL57F,TL97S,TL98S,KH31S,DH32G,TH55S,NH56E,GH101V,DH103V",-2.727121,-2.2250164,0,7
3HFM_HL_Y|DH32A,1.8982269,0.21753123,0,7
"3HFM_HL_Y|DH32A,KY97A",4.0,-0.033766024,0,7
"3HFM_HL_Y|DH32A,KY97M",1.1234494,0.17733085,0,7
3HFM_HL_Y|DH32N,0.17036153,0.051300924,0,7
"3HFM_HL_Y|DH32N,KY97A",4.0,-0.007877342,0,7
"3HFM_HL_Y|DH32N,KY97M",0.3025042,0.1802086,0,7
3HFM_HL_Y|DY101A,1.2081919,0.7021931,0,7
3HFM_HL_Y|DY101E,2.132881,0.23819163,0,7
3HFM_HL_Y|DY101F,2.3282614,0.49280867,0,7
3HFM_HL_Y|DY101G,0.35884774,0.08644264,0,7
3HFM_HL_Y|DY101K,2.1245396,0.7736854,0,7
3HFM_HL_Y|DY101N,1.4911126,0.5318288,0,7
3HFM_HL_Y|DY101Q,2.0851746,0.062095165,0,7
3HFM_HL_Y|DY101R,2.2798727,0.60256743,0,7
3HFM_HL_Y|DY101S,1.8694,0.3429138,0,7
3HFM_HL_Y|GY102V,0.395285,0.14250535,0,7
3HFM_HL_Y|HY15A,-0.4453172,-0.2235775,0,7
3HFM_HL_Y|IY98A,0.0,0.5608985,0,7
3HFM_HL_Y|KY96A,4.0,0.9515817,0,7
3HFM_HL_Y|KY96M,4.0,0.7925458,0,7
3HFM_HL_Y|KY96R,4.0,0.45591736,0,7
3HFM_HL_Y|KY97A,4.0,0.23522198,0,7
3HFM_HL_Y|KY97D,4.0,0.008433118,0,7
3HFM_HL_Y|KY97E,3.6045077,-0.042165406,0,7
3HFM_HL_Y|KY97G,4.0,0.028920539,0,7
3HFM_HL_Y|KY97M,0.9469717,0.20320898,0,7
3HFM_HL_Y|KY97R,3.0528512,-0.16342759,0,7
3HFM_HL_Y|LY75A,0.70445603,0.26616433,0,7
3HFM_HL_Y|NL31A,4.0,1.2382901,0,7
"3HFM_HL_Y|NL31A,KY96A",4.0,2.125114,0,7
3HFM_HL_Y|NL31D,1.3434845,-0.57991225,0,7
3HFM_HL_Y|NL31E,4.0,0.4840188,0,7
3HFM_HL_Y|NL32A,4.0,0.735078,0,7
3HFM_HL_Y|NY19D,0.41047263,0.10044975,0,7
3HFM_HL_Y|NY19K,0.2401111,0.4996124,0,7
3HFM_HL_Y|NY19Q,-0.042485796,0.105555296,0,7
3HFM_HL_Y|NY93A,0.21121821,-0.069878094,0,7
3HFM_HL_Y|QL53A,0.9530879,-0.3647027,0,7
3HFM_HL_Y|RY21A,0.8618019,0.5237675,0,7
3HFM_HL_Y|RY21E,2.4534352,0.10147015,0,7
3HFM_HL_Y|RY21G,2.4220753,-0.02305948,0,7
3HFM_HL_Y|RY21H,2.1693182,0.05304355,0,7
3HFM_HL_Y|RY21K,1.766342,0.32350922,0,7
3HFM_HL_Y|RY21M,2.0498905,0.8489714,0,7
3HFM_HL_Y|RY21N,2.3282614,0.46051964,0,7
3HFM_HL_Y|RY21Q,2.3975346,-0.31708407,0,7
3HFM_HL_Y|RY21W,2.132881,0.48954743,0,7
3HFM_HL_Y|RY73A,-0.3313971,0.17441827,0,7
3HFM_HL_Y|SH31A,0.17036153,0.016177453,0,7
3HFM_HL_Y|SY100A,0.26765963,0.5032989,0,7
3HFM_HL_Y|TY89A,0.0,0.3610114,0,7
3HFM_HL_Y|WH98A,4.0,1.7692161,0,7
"3HFM_HL_Y|WH98A,KY96A",4.0,2.6160975,0,7
3HFM_HL_Y|WH98F,3.245562,0.17777908,0,7
"3HFM_HL_Y|WH98F,YY20A",4.0,2.435206,0,7
3HFM_HL_Y|WY63A,0.31918663,1.6835707,0,7
3HFM_HL_Y|YH33A,4.0,3.339374,0,7
"3HFM_HL_Y|YH33A,KY97A",4.0,2.154081,0,7
3HFM_HL_Y|YH33F,1.0712212,-1.0077982,0,7
3HFM_HL_Y|YH33L,2.0069382,1.0932161,0,7
3HFM_HL_Y|YH33W,1.7495645,1.1608047,0,7
3HFM_HL_Y|YH50A,4.0,1.970595,0,7
"3HFM_HL_Y|YH50A,RY21A",4.0,2.225864,0,7
3HFM_HL_Y|YH50F,1.6099914,0.2883957,0,7
3HFM_HL_Y|YH50L,2.8488367,0.7136614,0,7
3HFM_HL_Y|YH53A,3.25038,0.813558,0,7
3HFM_HL_Y|YH53F,0.62049925,0.41672054,0,7
3HFM_HL_Y|YH53L,0.8068894,0.7806311,0,7
3HFM_HL_Y|YH53W,0.7061819,0.0912348,0,7
3HFM_HL_Y|YH58A,1.6760437,0.9550039,0,7
3HFM_HL_Y|YH58F,0.36312544,0.15462583,0,7
3HFM_HL_Y|YH58L,1.5136731,0.5747156,0,7
3HFM_HL_Y|YL50A,4.0,0.5583074,0,7
"3HFM_HL_Y|YL50A,KY96A",4.0,1.8077924,0,7
"3HFM_HL_Y|YL50A,KY97A",4.0,0.51505494,0,7
"3HFM_HL_Y|YL50A,RY21A",4.0,1.1486528,0,7
3HFM_HL_Y|YL50F,2.3548672,0.33569875,0,7
"3HFM_HL_Y|YL50F,RY21A",4.0,1.1073531,0,7
"3HFM_HL_Y|YL50F,YY20A",4.0,2.604703,0,7
3HFM_HL_Y|YL50L,4.0,0.28455925,0,7
3HFM_HL_Y|YL96A,2.707045,1.6835103,0,7
"3HFM_HL_Y|YL96A,RY21A",4.0,1.8501292,0,7
3HFM_HL_Y|YL96F,1.4017794,0.856724,0,7
"3HFM_HL_Y|YL96F,RY21A",4.0,1.5438172,0,7
3HFM_HL_Y|YY20A,4.0,1.8656449,0,7
3HFM_HL_Y|YY20F,-0.4839681,0.54031897,0,7
3HFM_HL_Y|YY20L,2.1845057,1.5278368,0,7
3SE9_HL_G|DH77A,-0.7664817,0.12816247,0,7
3SE9_HL_G|EL90A,0.41735974,1.2067648,0,7
3SE9_HL_G|FL91A,0.023615688,0.44941476,0,7
3SE9_HL_G|GH106A,-0.3075798,0.81343496,0,7
3SE9_HL_G|GH107A,-0.6151596,0.51418376,0,7
3SE9_HL_G|GH109A,0.18514356,1.1484882,0,7
3SE9_HL_G|GH57A,0.4524448,1.036666,0,7
3SE9_HL_G|GH62A,0.04634,0.7775577,0,7
3SE9_HL_G|GL29A,0.46369976,0.75886035,0,7
3SE9_HL_G|LH34A,0.56599987,0.83825755,0,7
3SE9_HL_G|LL89A,0.964243,1.2676853,0,7
3SE9_HL_G|NH60A,1.5217615,1.3182032,0,7
3SE9_HL_G|PH64A,-0.4419396,-0.06799784,0,7
3SE9_HL_G|RH67A,1.4695449,0.1010621,0,7
3SE9_HL_G|RH74A,2.6792572,0.9865969,0,7
3SE9_HL_G|RH76A,-0.2322162,0.8102105,0,7
3SE9_HL_G|TH105A,-0.4419396,-0.0971959,0,7
3SE9_HL_G|TH56A,-0.85929936,0.5766995,0,7
3SE9_HL_G|VH55A,-0.85929936,0.06353252,0,7
3SE9_HL_G|VH59A,0.9833596,1.1594696,0,7
3SE9_HL_G|VL3A,-0.49433115,0.78186166,0,7
3SE9_HL_G|WH48A,1.0584464,1.0812409,0,7
3SE9_HL_G|WH51A,1.275695,1.8838959,0,7
3SE9_HL_G|YH104A,0.46369976,0.46644735,0,7
3SE9_HL_G|YL28A,1.1177194,0.51118064,0,7
4U6H_AB_E|NE21A,-0.3480795,0.41567042,0,7
4U6H_AB_E|QE25A,0.11883454,0.33585277,0,7
4ZS6_HL_A|EA156A,3.0386665,0.11592766,0,7
4ZS6_HL_A|YA160A,-0.11025046,2.2392128,0,7
1KIP_AB_C|AB32Y,-0.8005932,-1.461789,1,0
1XGU_AB_C|FB33A,4.0,0.23503336,1,0
1XGU_AB_C|FB33I,1.8004549,0.009058304,1,0
1XGU_AB_C|FB33L,1.8617703,-0.0013945475,1,0
1XGU_AB_C|FB33V,2.9080825,-0.04686745,1,0
2B2X_HL_A|EH64K,-0.033433665,0.26756823,1,0
"2B2X_HL_A|EH64K,QL28S,YL52N",0.911615,0.48674756,1,0
"2B2X_HL_A|EH64K,QL28S,YL52N,GH102S",2.7106705,0.5124766,1,0
"2B2X_HL_A|EH64K,QL28S,YL52N,SH35A",3.119054,0.8795029,1,0
"2B2X_HL_A|EH64K,QL28S,YL52N,SH35V",3.770335,0.54805684,1,0
"2B2X_HL_A|EH64K,YL52N",0.34853002,0.6241913,1,0
"2B2X_HL_A|QL28S,YL52N",0.8626942,0.22479036,1,0
2B2X_HL_A|VH50T,0.024054652,-0.26346692,1,0
"2B2X_HL_A|VH50T,EH64D,QL28S,YL52N",0.87177193,0.58197,1,0
"2B2X_HL_A|VH50T,EH64K,QL28S",0.991589,0.048339143,1,0
"2B2X_HL_A|VH50T,EH64K,QL28S,YL52D",1.5439764,0.4652152,1,0
"2B2X_HL_A|VH50T,EH64K,QL28S,YL52E",0.95452905,0.34908664,1,0
"2B2X_HL_A|VH50T,EH64K,QL28S,YL52K",1.7007239,0.54842955,1,0
"2B2X_HL_A|VH50T,EH64K,QL28S,YL52N",1.043214,0.56859934,1,0
"2B2X_HL_A|VH50T,EH64K,QL28S,YL52N,FH99W",1.043214,0.40350357,1,0
"2B2X_HL_A|VH50T,EH64K,QL28S,YL52N,FH99Y",1.7978828,0.13218126,1,0
"2B2X_HL_A|VH50T,EH64K,QL28S,YL52N,GH100F",1.4322319,0.29975143,1,0
"2B2X_HL_A|VH50T,EH64K,QL28S,YL52N,GH100L",3.770335,0.36912334,1,0
"2B2X_HL_A|VH50T,EH64K,QL28S,YL52N,GH100M",1.145348,0.33739543,1,0
"2B2X_HL_A|VH50T,EH64K,QL28S,YL52N,GH100S",1.6009614,0.44437587,1,0
"2B2X_HL_A|VH50T,EH64K,QL28S,YL52N,GH53A",1.5558206,0.5504416,1,0
"2B2X_HL_A|VH50T,EH64K,QL28S,YL52N,GH53N",2.2985272,0.48291636,1,0
"2B2X_HL_A|VH50T,EH64K,QL28S,YL52N,GH53S",1.7188073,0.4830783,1,0
"2B2X_HL_A|VH50T,EH64K,QL28S,YL52N,GH54I",2.4067745,0.46272928,1,0
"2B2X_HL_A|VH50T,EH64K,QL28S,YL52N,GH54T",2.2073808,0.5353209,1,0
"2B2X_HL_A|VH50T,EH64K,QL28S,YL52N,GH54Y",1.043214,0.13089022,1,0
"2B2X_HL_A|VH50T,EH64K,QL28S,YL52N,GL92Q",2.6158988,0.41596457,1,0
"2B2X_HL_A|VH50T,EH64K,QL28S,YL52N,GL92S",1.5558206,0.4587493,1,0
"2B2X_HL_A|VH50T,EH64K,QL28S,YL52N,HL31K",2.2073808,0.8073731,1,0
"2B2X_HL_A|VH50T,EH64K,QL28S,YL52N,HL31R",2.1670115,0.55571115,1,0
"2B2X_HL_A|VH50T,EH64K,QL28S,YL52N,HL31W",2.2985272,0.48783034,1,0
"2B2X_HL_A|VH50T,EH64K,QL28S,YL52N,LH60D",0.981894,0.7175135,1,0
"2B2X_HL_A|VH50T,EH64K,QL28S,YL52N,LL49F",1.7554936,0.8730647,1,0
"2B2X_HL_A|VH50T,EH64K,QL28S,YL52N,LL49K",1.9044149,0.836358,1,0
"2B2X_HL_A|VH50T,EH64K,QL28S,YL52N,LL49W",2.9507816,0.60378534,1,0
"2B2X_HL_A|VH50T,EH64K,QL28S,YL52N,NL30V",2.0925434,0.3033496,1,0
"2B2X_HL_A|VH50T,EH64K,QL28S,YL52N,NL30W",2.6158988,0.37937185,1,0
"2B2X_HL_A|VH50T,EH64K,QL28S,YL52N,NL30Y",2.9507816,0.12738088,1,0
"2B2X_HL_A|VH50T,EH64K,QL28S,YL52N,NL30Y,SL91I",1.4775821,0.16522732,1,0
"2B2X_HL_A|VH50T,EH64K,QL28S,YL52N,RH31Q",2.350542,0.7412703,1,0
"2B2X_HL_A|VH50T,EH64K,QL28S,YL52N,SH35A",2.6158988,0.9729302,1,0
"2B2X_HL_A|VH50T,EH64K,QL28S,YL52N,SH35A,GH102S",2.6158988,1.0421883,1,0
"2B2X_HL_A|VH50T,EH64K,QL28S,YL52N,SH35Q",3.770335,0.67769355,1,0
"2B2X_HL_A|VH50T,EH64K,QL28S,YL52N,SH35V,GH102S",2.4688888,0.75218743,1,0
"2B2X_HL_A|VH50T,EH64K,QL28S,YL52N,SH52M",3.119054,0.7808968,1,0
"2B2X_HL_A|VH50T,EH64K,QL28S,YL52N,SL24R",0.82788163,0.40166527,1,0
"2B2X_HL_A|VH50T,EH64K,QL28S,YL52N,SL91Q",2.8172472,0.53573656,1,0
"2B2X_HL_A|VH50T,EH64K,QL28S,YL52N,SL91R",3.770335,0.47471792,1,0
"2B2X_HL_A|VH50T,EH64K,QL28S,YL52N,SL91R,NL30E",3.770335,0.39333323,1,0
"2B2X_HL_A|VH50T,EH64K,QL28S,YL52N,SL91T",3.3598623,0.7243182,1,0
"2B2X_HL_A|VH50T,EH64K,QL28S,YL52N,TH33E,GH53Q",2.7106705,0.6332076,1,0
"2B2X_HL_A|VH50T,EH64K,QL28S,YL52N,TH33I,SH52T,GH53N,GH54N",2.9507816,0.8853685,1,0
"2B2X_HL_A|VH50T,EH64K,QL28S,YL52N,TH33I,SH52T,GH53Q,GH54F",2.2985272,1.2192351,1,0
"2B2X_HL_A|VH50T,EH64K,QL28S,YL52N,TH33N",3.770335,0.723803,1,0
"2B2X_HL_A|VH50T,EH64K,QL28S,YL52N,TH33V",1.4775821,0.5057526,1,0
"2B2X_HL_A|VH50T,EH64K,QL28S,YL52N,WL90Q",3.119054,0.8782064,1,0
"2B2X_HL_A|VH50T,EH64K,QL28S,YL52N,WL90Q,FL33Y",1.914233,0.659625,1,0
"2B2X_HL_A|VH50T,EH64K,QL28S,YL52N,YH58E",3.119054,0.9677533,1,0
"2B2X_HL_A|VH50T,EH64K,QL28S,YL52N,YH58Q",3.119054,1.2068429,1,0
"2B2X_HL_A|VH50T,EH64K,QL28S,YL52N,YH58W",1.8641591,0.86181676,1,0
"2B2X_HL_A|VH50T,EH64K,QL28S,YL52N,YH59E",1.5872209,1.0366234,1,0
"2B2X_HL_A|VH50T,EH64K,QL28S,YL52R",1.8880546,0.285825,1,0
"2B2X_HL_A|VH50T,EH64K,YL52N",0.28173435,0.6311875,1,0
"2B2X_HL_A|VH50T,EH64N,QL28S,YL52N",1.0069425,0.6898847,1,0
"2B2X_HL_A|VH50T,EH64Q,QL28S,YL52N",0.96559924,0.5244591,1,0
"2B2X_HL_A|VH50T,EH64Q,QL28S,YL52N,LH60D",1.0862032,0.6898336,1,0
"2B2X_HL_A|VH50T,QL28S,YL52N",0.96559924,0.30080807,1,0
"2B2X_HL_A|VH50T,QL28S,YL52N,LH60D",0.90141344,0.49181432,1,0
"2B2X_HL_A|VH50T,YL52N",0.18636756,0.29338712,1,0
2B2X_HL_A|YL52E,-0.22410508,0.10849444,1,0
2VIR_AB_C|SC115L,3.680209,0.26051804,1,0
2VIR_AB_C|TC89I,4.0,0.6061815,1,0
"3G6D_LH_A|EL3V,GL76R,TL77V,QL78E,EL80G",0.13981691,-0.1643492,1,0
"3G6D_LH_A|EL3V,GL76R,TL77V,QL78E,EL80G,DH54N",0.111178115,0.064102806,1,0
"3G6D_LH_A|EL3V,GL76R,TL77V,QL78E,EL80G,TL89S,ML92I,VL93D,TL94K",0.27145106,-0.27338508,1,0
3G6D_LH_A|HH104A,-0.9530879,0.3332204,1,0
"3G6D_LH_A|KH210T,KH215T",-0.13294782,0.017216854,1,0
"3G6D_LH_A|TL89S,ML92I,VL93D,TL94K",0.7979767,-0.450044,1,0
3G6D_LH_A|WH105A,-1.4965084,0.70135474,1,0
"3IDX_HL_G|CG27I,CG242Q",-2.4650376,-0.20366633,1,0
"3IDX_HL_G|CG27I,CG242Q,MG247A",-2.1736174,0.36805382,1,0
"3IDX_HL_G|KG85C,EG121C,CG27I,CG242Q",-2.3776865,0.35699823,1,0
"3IDX_HL_G|KG85C,EG121C,WG13M,MG247A,CG14W,CG129V,CG27I,CG242Q",-2.1922898,1.252945,1,0
"3IDX_HL_G|KG85C,EG122C,WG13M,MG247A,CG14W,CG129V,CG27I,CG242Q",-2.2927184,1.1906462,1,0
"3IDX_HL_G|TG41C,GG245C,MG247A",0.40945426,0.47194493,1,0
"3IDX_HL_G|TG41C,GG245C,WG13M,MG247A,CG14W,CG129V,CG27I,CG242Q",-2.3310676,0.9134906,1,0
"3IDX_HL_G|WG13M,MG247A,CG14W,CG129V",-0.6475391,0.42968342,1,0
"3IDX_HL_G|WG13M,MG247A,CG14W,CG129V,CG27I,CG242Q",-2.3479884,0.66950744,1,0
"3IDX_HL_G|WG13M,MG247A,CG14W,CG129V,KG85C,EG121C",-0.36166522,1.0269713,1,0
"3IDX_HL_G|WG13M,SG111T,WG200S,MG247A,CG14W,CG129V,CG27I,CG242Q",-1.8639641,0.9030822,1,0
"3L5X_A_HL|EL93F,YL94G",-0.42800838,0.8102435,1,0
"3L5X_A_HL|EL93H,YL94G",-0.7626503,0.7112137,1,0
"3L5X_A_HL|HL91P,NL92I,EL93D,YL94A",-0.6466697,1.9891057,1,0
"3L5X_A_HL|HL91P,NL92L,EL93D,YL94S",-0.6327897,1.5326164,1,0
"3L5X_A_HL|HL91P,NL92L,EL93D,YL94T",-0.81005055,1.7300586,1,0
"3L5X_A_HL|HL91P,NL92L,EL93D,YL94V",-0.85822237,1.3819613,1,0
"3L5X_A_HL|HL91P,NL92L,YL94A",-0.44441348,1.9258478,1,0
"3L5X_A_HL|HL91Q,NL92D,EL93I,YL94G",-1.5503801,1.1585376,1,0
"3L5X_A_HL|HL91Q,NL92D,EL93L,YL94G",-1.785132,1.0946103,1,0
"3L5X_A_HL|HL91Q,NL92D,EL93Y,YL94G",-1.451453,0.44840503,1,0
"3L5X_A_HL|NL92D,EL93L,YL94G",-0.42962858,0.6824798,1,0
"3L5X_A_HL|NL92D,EL93N,YL94S",-0.53403836,0.5914197,1,0
"3L5X_A_HL|NL92D,EL93P,YL94G",-1.4699602,1.3174658,1,0
"3L5X_A_HL|NL92D,EL93R,YL94D",-0.52253926,0.43355954,1,0
"3L5X_A_HL|NL92D,EL93W,YL94E",-1.1963489,0.2261956,1,0
"3L5X_A_HL|NL92D,EL93W,YL94G",-1.6825228,0.41787395,1,0
"3L5X_A_HL|NL92D,EL93W,YL94S",-0.71612674,0.33078766,1,0
"3L5X_A_HL|NL92D,EL93Y,YL94A",-0.8069743,0.31197798,1,0
"3L5X_A_HL|NL92E,EL93S,YL94G",-1.2653587,0.5745858,1,0
"3L5X_A_HL|NL92E,EL93W,YL94G",-1.5503801,0.36361822,1,0
"3L5X_A_HL|NL92F,EL93W,YL94G",-1.2329907,0.37792116,1,0
"3L5X_A_HL|NL92L,EL93D,YL94S",-0.6170473,0.5316654,1,0
"3L5X_A_HL|NL92L,EL93L,YL94G",-0.6259698,0.66065276,1,0
"3L5X_A_HL|NL92L,EL93M,YL94G",-0.82567644,0.7435343,1,0
"3L5X_A_HL|NL92L,EL93N,YL94G",-0.6954369,0.6808109,1,0
"3L5X_A_HL|NL92S,EL93H,YL94G",-1.2457265,0.5808261,1,0
"3L5X_A_HL|NL92S,EL93I,YL94G",-0.8069743,0.7391242,1,0
"3L5X_A_HL|NL92S,EL93S,YL94G",-0.24921271,0.59576666,1,0
"3L5X_A_HL|NL92S,EL93V,YL94G",-0.51687235,0.5811946,1,0
"3L5X_A_HL|NL92S,EL93W,YL94A",-0.30302802,0.7272858,1,0
"3L5X_A_HL|NL92S,EL93W,YL94G",-1.2720501,0.46009356,1,0
"3L5X_A_HL|NL92S,EL93Y,YL94G",-0.9641868,0.09420452,1,0
"3L5X_A_HL|NL92V,EL93G,YL94G",-0.46300006,0.56089133,1,0
"3L5X_A_HL|NL92V,EL93W,YL94G",-0.83525383,0.40412495,1,0
3L5X_A_HL|YL94A,-0.82885176,0.8251062,1,0
3N85_A_LH|SH32A,-0.13401966,0.1250624,1,0
3N85_A_LH|SH32Y,0.0571225,-0.3868728,1,0
3N85_A_LH|SH50G,0.48767117,-0.11306147,1,0
3N85_A_LH|SH52Y,-0.78460336,-0.24983591,1,0
3N85_A_LH|WH100F,-0.015185109,0.05838012,1,0
3N85_A_LH|WH30K,-0.78460336,0.36190346,1,0
3N85_A_LH|WH30R,-0.5539675,0.035330035,1,0
3N85_A_LH|WL91F,0.13959166,-0.110463426,1,0
3N85_A_LH|WL94Y,-0.03871881,-0.46781301,1,0
3SE8_HL_G|DH110A,-0.38934898,0.10654285,1,0
3SE8_HL_G|DH114A,-0.2441398,0.116611265,1,0
3SE8_HL_G|DL49A,0.8558488,0.9016179,1,0
3SE8_HL_G|EL1A,-0.5565174,0.15212834,1,0
3SE8_HL_G|EL91A,1.513491,0.6907283,1,0
3SE8_HL_G|FH115A,1.0676043,0.100972645,1,0
3SE8_HL_G|FL90A,-0.8640972,0.44038063,1,0
3SE8_HL_G|FL92A,0.8323254,0.0320654,1,0
3SE8_HL_G|GH56A,0.3570972,0.54048485,1,0
3SE8_HL_G|KH52A,1.1114144,0.5815816,1,0
3SE8_HL_G|LH54A,0.054776184,0.43015957,1,0
3SE8_HL_G|NL30A,0.19434923,0.04426594,1,0
3SE8_HL_G|PH78A,0.01881787,-0.28071645,1,0
3SE8_HL_G|PH81A,-0.07091986,-0.31039295,1,0
3SE8_HL_G|QH63A,1.1144251,0.11204048,1,0
3SE8_HL_G|QH65A,0.54980505,0.6299453,1,0
3SE8_HL_G|QH76A,0.09689985,0.4849102,1,0
3SE8_HL_G|QL27A,-0.21612903,0.31777215,1,0
3SE8_HL_G|RH30A,-0.03949762,0.62460226,1,0
3SE8_HL_G|RH62A,1.2061691,0.21291733,1,0
3SE8_HL_G|RH72A,2.6444623,0.54566777,1,0
3SE8_HL_G|SH59A,1.1508402,0.5798986,1,0
3SE8_HL_G|VH58A,1.2496852,0.6144378,1,0
3SE8_HL_G|WH47A,1.4751467,1.0708158,1,0
3SE8_HL_G|WH50A,1.333526,0.9263555,1,0
3SE8_HL_G|WH55A,0.7611056,0.5527138,1,0
3SE8_HL_G|YH111A,0.82992166,0.95768917,1,0
3SE8_HL_G|YH60A,0.8558488,1.1476195,1,0
4KRL_A_B|DB112A,0.6496817,0.48702955,1,0
5C6T_HL_A|EA194A,1.0906719,0.65915436,1,0
5C6T_HL_A|FA192A,1.9972014,1.311675,1,0
5C6T_HL_A|FA199A,2.7581792,1.4151702,1,0
5C6T_HL_A|FA200A,0.41047263,1.0083711,1,0
5C6T_HL_A|FH99A,1.4600298,0.069409244,1,0
5C6T_HL_A|IA201A,0.88561165,0.41087392,1,0
5C6T_HL_A|NA183A,0.28399685,0.9717349,1,0
5C6T_HL_A|NA186A,0.3630724,0.993137,1,0
5C6T_HL_A|NA188A,-0.36658686,0.3735584,1,0
"5C6T_HL_A|NA195A,DA197A",0.58650106,1.2925277,1,0
5C6T_HL_A|NH97A,1.5258962,-0.012428455,1,0
5C6T_HL_A|RH31S,0.3115454,0.04885284,1,0
5C6T_HL_A|RL48A,0.1229613,1.1158497,1,0
5C6T_HL_A|SH32A,-0.8683455,0.45309746,1,0
5C6T_HL_A|TA185A,0.33786914,0.04824487,1,0
5C6T_HL_A|YA182A,3.2083547,1.2905501,1,0
"5C6T_HL_A|YA182A,NA195A,DA197A",2.942425,2.6557205,1,0
5C6T_HL_A|YH104A,0.3630724,0.74296737,1,0
5C6T_HL_A|YH98A,1.7166799,1.11104,1,0
5C6T_HL_A|YL47A,0.5516565,1.4497824,1,0
1KIP_AB_C|AB32Y,-0.8005932,-1.8165524,1,1
1XGU_AB_C|FB33A,4.0,4.637199,1,1
1XGU_AB_C|FB33I,1.8004549,2.0709753,1,1
1XGU_AB_C|FB33L,1.8617703,2.1877654,1,1
1XGU_AB_C|FB33V,2.9080825,3.3677282,1,1
2B2X_HL_A|EH64K,-0.033433665,0.3338211,1,1
"2B2X_HL_A|EH64K,QL28S,YL52N",0.911615,1.2550253,1,1
"2B2X_HL_A|EH64K,QL28S,YL52N,GH102S",2.7106705,2.259654,1,1
"2B2X_HL_A|EH64K,QL28S,YL52N,SH35A",3.119054,1.7472575,1,1
"2B2X_HL_A|EH64K,QL28S,YL52N,SH35V",3.770335,1.8864497,1,1
"2B2X_HL_A|EH64K,YL52N",0.34853002,0.5425415,1,1
"2B2X_HL_A|QL28S,YL52N",0.8626942,0.8741343,1,1
2B2X_HL_A|VH50T,0.024054652,-0.3721269,1,1
"2B2X_HL_A|VH50T,EH64D,QL28S,YL52N",0.87177193,1.312745,1,1
"2B2X_HL_A|VH50T,EH64K,QL28S",0.991589,1.086337,1,1
"2B2X_HL_A|VH50T,EH64K,QL28S,YL52D",1.5439764,1.1215421,1,1
"2B2X_HL_A|VH50T,EH64K,QL28S,YL52E",0.95452905,1.1156693,1,1
"2B2X_HL_A|VH50T,EH64K,QL28S,YL52K",1.7007239,2.0260959,1,1
"2B2X_HL_A|VH50T,EH64K,QL28S,YL52N",1.043214,1.5717028,1,1
"2B2X_HL_A|VH50T,EH64K,QL28S,YL52N,FH99W",1.043214,1.5240034,1,1
"2B2X_HL_A|VH50T,EH64K,QL28S,YL52N,FH99Y",1.7978828,1.4521735,1,1
"2B2X_HL_A|VH50T,EH64K,QL28S,YL52N,GH100F",1.4322319,0.90195775,1,1
"2B2X_HL_A|VH50T,EH64K,QL28S,YL52N,GH100L",3.770335,1.5773705,1,1
"2B2X_HL_A|VH50T,EH64K,QL28S,YL52N,GH100M",1.145348,1.6753428,1,1
"2B2X_HL_A|VH50T,EH64K,QL28S,YL52N,GH100S",1.6009614,2.1834683,1,1
"2B2X_HL_A|VH50T,EH64K,QL28S,YL52N,GH53A",1.5558206,1.44038,1,1
"2B2X_HL_A|VH50T,EH64K,QL28S,YL52N,GH53N",2.2985272,1.941861,1,1
"2B2X_HL_A|VH50T,EH64K,QL28S,YL52N,GH53S",1.7188073,1.9346459,1,1
"2B2X_HL_A|VH50T,EH64K,QL28S,YL52N,GH54I",2.4067745,1.824978,1,1
"2B2X_HL_A|VH50T,EH64K,QL28S,YL52N,GH54T",2.2073808,1.871483,1,1
"2B2X_HL_A|VH50T,EH64K,QL28S,YL52N,GH54Y",1.043214,1.2770542,1,1
"2B2X_HL_A|VH50T,EH64K,QL28S,YL52N,GL92Q",2.6158988,1.9795787,1,1
"2B2X_HL_A|VH50T,EH64K,QL28S,YL52N,GL92S",1.5558206,1.8908066,1,1
"2B2X_HL_A|VH50T,EH64K,QL28S,YL52N,HL31K",2.2073808,2.443288,1,1
"2B2X_HL_A|VH50T,EH64K,QL28S,YL52N,HL31R",2.1670115,1.9095838,1,1
"2B2X_HL_A|VH50T,EH64K,QL28S,YL52N,HL31W",2.2985272,1.5447524,1,1
"2B2X_HL_A|VH50T,EH64K,QL28S,YL52N,LH60D",0.981894,1.2962525,1,1
"2B2X_HL_A|VH50T,EH64K,QL28S,YL52N,LL49F",1.7554936,2.1098628,1,1
"2B2X_HL_A|VH50T,EH64K,QL28S,YL52N,LL49K",1.9044149,2.6752615,1,1
"2B2X_HL_A|VH50T,EH64K,QL28S,YL52N,LL49W",2.9507816,2.449814,1,1
"2B2X_HL_A|VH50T,EH64K,QL28S,YL52N,NL30V",2.0925434,2.0510926,1,1
"2B2X_HL_A|VH50T,EH64K,QL28S,YL52N,NL30W",2.6158988,2.3480768,1,1
"2B2X_HL_A|VH50T,EH64K,QL28S,YL52N,NL30Y",2.9507816,1.846521,1,1
"2B2X_HL_A|VH50T,EH64K,QL28S,YL52N,NL30Y,SL91I",1.4775821,1.9264559,1,1
"2B2X_HL_A|VH50T,EH64K,QL28S,YL52N,RH31Q",2.350542,1.8376232,1,1
"2B2X_HL_A|VH50T,EH64K,QL28S,YL52N,SH35A",2.6158988,2.122192,1,1
"2B2X_HL_A|VH50T,EH64K,QL28S,YL52N,SH35A,GH102S",2.6158988,2.8117092,1,1
"2B2X_HL_A|VH50T,EH64K,QL28S,YL52N,SH35Q",3.770335,2.4777975,1,1
"2B2X_HL_A|VH50T,EH64K,QL28S,YL52N,SH35V,GH102S",2.4688888,2.9782474,1,1
"2B2X_HL_A|VH50T,EH64K,QL28S,YL52N,SH52M",3.119054,1.6777486,1,1
"2B2X_HL_A|VH50T,EH64K,QL28S,YL52N,SL24R",0.82788163,1.0857776,1,1
"2B2X_HL_A|VH50T,EH64K,QL28S,YL52N,SL91Q",2.8172472,2.0725121,1,1
"2B2X_HL_A|VH50T,EH64K,QL28S,YL52N,SL91R",3.770335,1.3500636,1,1
"2B2X_HL_A|VH50T,EH64K,QL28S,YL52N,SL91R,NL30E",3.770335,2.0138748,1,1
"2B2X_HL_A|VH50T,EH64K,QL28S,YL52N,SL91T",3.3598623,1.9702387,1,1
"2B2X_HL_A|VH50T,EH64K,QL28S,YL52N,TH33E,GH53Q",2.7106705,2.3491616,1,1
"2B2X_HL_A|VH50T,EH64K,QL28S,YL52N,TH33I,SH52T,GH53N,GH54N",2.9507816,2.7514803,1,1
"2B2X_HL_A|VH50T,EH64K,QL28S,YL52N,TH33I,SH52T,GH53Q,GH54F",2.2985272,2.1537364,1,1
"2B2X_HL_A|VH50T,EH64K,QL28S,YL52N,TH33N",3.770335,2.4396193,1,1
"2B2X_HL_A|VH50T,EH64K,QL28S,YL52N,TH33V",1.4775821,1.9783769,1,1
"2B2X_HL_A|VH50T,EH64K,QL28S,YL52N,WL90Q",3.119054,2.4951544,1,1
"2B2X_HL_A|VH50T,EH64K,QL28S,YL52N,WL90Q,FL33Y",1.914233,2.487609,1,1
"2B2X_HL_A|VH50T,EH64K,QL28S,YL52N,YH58E",3.119054,2.016547,1,1
"2B2X_HL_A|VH50T,EH64K,QL28S,YL52N,YH58Q",3.119054,2.6763315,1,1
"2B2X_HL_A|VH50T,EH64K,QL28S,YL52N,YH58W",1.8641591,2.1448395,1,1
"2B2X_HL_A|VH50T,EH64K,QL28S,YL52N,YH59E",1.5872209,2.0050967,1,1
"2B2X_HL_A|VH50T,EH64K,QL28S,YL52R",1.8880546,1.4400713,1,1
"2B2X_HL_A|VH50T,EH64K,YL52N",0.28173435,1.0648345,1,1
"2B2X_HL_A|VH50T,EH64N,QL28S,YL52N",1.0069425,1.5223228,1,1
"2B2X_HL_A|VH50T,EH64Q,QL28S,YL52N",0.96559924,1.4672891,1,1
"2B2X_HL_A|VH50T,EH64Q,QL28S,YL52N,LH60D",1.0862032,1.3050103,1,1
"2B2X_HL_A|VH50T,QL28S,YL52N",0.96559924,1.2647922,1,1
"2B2X_HL_A|VH50T,QL28S,YL52N,LH60D",0.90141344,0.9870294,1,1
"2B2X_HL_A|VH50T,YL52N",0.18636756,0.7473053,1,1
2B2X_HL_A|YL52E,-0.22410508,-0.060052283,1,1
2VIR_AB_C|SC115L,3.680209,0.97865236,1,1
2VIR_AB_C|TC89I,4.0,4.2000437,1,1
"3G6D_LH_A|EL3V,GL76R,TL77V,QL78E,EL80G",0.13981691,0.47586438,1,1
"3G6D_LH_A|EL3V,GL76R,TL77V,QL78E,EL80G,DH54N",0.111178115,1.1945165,1,1
"3G6D_LH_A|EL3V,GL76R,TL77V,QL78E,EL80G,TL89S,ML92I,VL93D,TL94K",0.27145106,-0.2669241,1,1
3G6D_LH_A|HH104A,-0.9530879,0.5193194,1,1
"3G6D_LH_A|KH210T,KH215T",-0.13294782,-0.72417414,1,1
"3G6D_LH_A|TL89S,ML92I,VL93D,TL94K",0.7979767,-1.0508158,1,1
3G6D_LH_A|WH105A,-1.4965084,1.4383583,1,1
"3IDX_HL_G|CG27I,CG242Q",-2.4650376,-0.8061476,1,1
"3IDX_HL_G|CG27I,CG242Q,MG247A",-2.1736174,-0.97541034,1,1
"3IDX_HL_G|KG85C,EG121C,CG27I,CG242Q",-2.3776865,0.5631652,1,1
"3IDX_HL_G|KG85C,EG121C,WG13M,MG247A,CG14W,CG129V,CG27I,CG242Q",-2.1922898,0.8827885,1,1
"3IDX_HL_G|KG85C,EG122C,WG13M,MG247A,CG14W,CG129V,CG27I,CG242Q",-2.2927184,0.7298879,1,1
"3IDX_HL_G|TG41C,GG245C,MG247A",0.40945426,0.4180283,1,1
"3IDX_HL_G|TG41C,GG245C,WG13M,MG247A,CG14W,CG129V,CG27I,CG242Q",-2.3310676,0.1636138,1,1
"3IDX_HL_G|WG13M,MG247A,CG14W,CG129V",-0.6475391,0.5449238,1,1
"3IDX_HL_G|WG13M,MG247A,CG14W,CG129V,CG27I,CG242Q",-2.3479884,-0.25908765,1,1
"3IDX_HL_G|WG13M,MG247A,CG14W,CG129V,KG85C,EG121C",-0.36166522,1.7341272,1,1
"3IDX_HL_G|WG13M,SG111T,WG200S,MG247A,CG14W,CG129V,CG27I,CG242Q",-1.8639641,-0.5434966,1,1
"3L5X_A_HL|EL93F,YL94G",-0.42800838,0.4141165,1,1
"3L5X_A_HL|EL93H,YL94G",-0.7626503,0.94431937,1,1
"3L5X_A_HL|HL91P,NL92I,EL93D,YL94A",-0.6466697,1.5824771,1,1
"3L5X_A_HL|HL91P,NL92L,EL93D,YL94S",-0.6327897,1.3975118,1,1
"3L5X_A_HL|HL91P,NL92L,EL93D,YL94T",-0.81005055,1.5784513,1,1
"3L5X_A_HL|HL91P,NL92L,EL93D,YL94V",-0.85822237,1.4127362,1,1
"3L5X_A_HL|HL91P,NL92L,YL94A",-0.44441348,1.5961188,1,1
"3L5X_A_HL|HL91Q,NL92D,EL93I,YL94G",-1.5503801,0.6376203,1,1
"3L5X_A_HL|HL91Q,NL92D,EL93L,YL94G",-1.785132,0.72273284,1,1
"3L5X_A_HL|HL91Q,NL92D,EL93Y,YL94G",-1.451453,-0.24673718,1,1
"3L5X_A_HL|NL92D,EL93L,YL94G",-0.42962858,0.21797884,1,1
"3L5X_A_HL|NL92D,EL93N,YL94S",-0.53403836,0.61876357,1,1
"3L5X_A_HL|NL92D,EL93P,YL94G",-1.4699602,0.8315758,1,1
"3L5X_A_HL|NL92D,EL93R,YL94D",-0.52253926,-0.1427243,1,1
"3L5X_A_HL|NL92D,EL93W,YL94E",-1.1963489,-0.61509764,1,1
"3L5X_A_HL|NL92D,EL93W,YL94G",-1.6825228,-0.6892142,1,1
"3L5X_A_HL|NL92D,EL93W,YL94S",-0.71612674,-0.381567,1,1
"3L5X_A_HL|NL92D,EL93Y,YL94A",-0.8069743,-0.19165537,1,1
"3L5X_A_HL|NL92E,EL93S,YL94G",-1.2653587,0.18217745,1,1
"3L5X_A_HL|NL92E,EL93W,YL94G",-1.5503801,-0.5039245,1,1
"3L5X_A_HL|NL92F,EL93W,YL94G",-1.2329907,-0.48987424,1,1
"3L5X_A_HL|NL92L,EL93D,YL94S",-0.6170473,0.5936932,1,1
"3L5X_A_HL|NL92L,EL93L,YL94G",-0.6259698,0.61563855,1,1
"3L5X_A_HL|NL92L,EL93M,YL94G",-0.82567644,0.58362514,1,1
"3L5X_A_HL|NL92L,EL93N,YL94G",-0.6954369,0.8634048,1,1
"3L5X_A_HL|NL92S,EL93H,YL94G",-1.2457265,0.6520038,1,1
"3L5X_A_HL|NL92S,EL93I,YL94G",-0.8069743,0.60619473,1,1
"3L5X_A_HL|NL92S,EL93S,YL94G",-0.24921271,0.5463596,1,1
"3L5X_A_HL|NL92S,EL93V,YL94G",-0.51687235,0.645823,1,1
"3L5X_A_HL|NL92S,EL93W,YL94A",-0.30302802,0.29067397,1,1
"3L5X_A_HL|NL92S,EL93W,YL94G",-1.2720501,-0.038903512,1,1
"3L5X_A_HL|NL92S,EL93Y,YL94G",-0.9641868,-0.092913456,1,1
"3L5X_A_HL|NL92V,EL93G,YL94G",-0.46300006,0.4228338,1,1
"3L5X_A_HL|NL92V,EL93W,YL94G",-0.83525383,-0.028337993,1,1
3L5X_A_HL|YL94A,-0.82885176,0.77311194,1,1
3N85_A_LH|SH32A,-0.13401966,0.87771857,1,1
3N85_A_LH|SH32Y,0.0571225,0.0044908896,1,1
3N85_A_LH|SH50G,0.48767117,-0.17064404,1,1
3N85_A_LH|SH52Y,-0.78460336,-0.5288883,1,1
3N85_A_LH|WH100F,-0.015185109,-0.09974625,1,1
3N85_A_LH|WH30K,-0.78460336,1.0300571,1,1
3N85_A_LH|WH30R,-0.5539675,0.2884118,1,1
3N85_A_LH|WL91F,0.13959166,0.35973045,1,1
3N85_A_LH|WL94Y,-0.03871881,0.04746679,1,1
3SE8_HL_G|DH110A,-0.38934898,0.110581696,1,1
3SE8_HL_G|DH114A,-0.2441398,1.0964394,1,1
3SE8_HL_G|DL49A,0.8558488,1.7557526,1,1
3SE8_HL_G|EL1A,-0.5565174,-0.09481261,1,1
3SE8_HL_G|EL91A,1.513491,1.9017161,1,1
3SE8_HL_G|FH115A,1.0676043,2.5182428,1,1
3SE8_HL_G|FL90A,-0.8640972,1.0457803,1,1
3SE8_HL_G|FL92A,0.8323254,1.2245018,1,1
3SE8_HL_G|GH56A,0.3570972,1.0667107,1,1
3SE8_HL_G|KH52A,1.1114144,0.5109774,1,1
3SE8_HL_G|LH54A,0.054776184,0.57232904,1,1
3SE8_HL_G|NL30A,0.19434923,0.5707361,1,1
3SE8_HL_G|PH78A,0.01881787,-0.033838086,1,1
3SE8_HL_G|PH81A,-0.07091986,0.21887684,1,1
3SE8_HL_G|QH63A,1.1144251,-0.15351826,1,1
3SE8_HL_G|QH65A,0.54980505,-0.23155206,1,1
3SE8_HL_G|QH76A,0.09689985,-0.14447665,1,1
3SE8_HL_G|QL27A,-0.21612903,-0.22096094,1,1
3SE8_HL_G|RH30A,-0.03949762,0.815331,1,1
3SE8_HL_G|RH62A,1.2061691,0.6559095,1,1
3SE8_HL_G|RH72A,2.6444623,2.447973,1,1
3SE8_HL_G|SH59A,1.1508402,-0.203376,1,1
3SE8_HL_G|VH58A,1.2496852,1.549645,1,1
3SE8_HL_G|WH47A,1.4751467,1.7091589,1,1
3SE8_HL_G|WH50A,1.333526,1.5296575,1,1
3SE8_HL_G|WH55A,0.7611056,0.2057904,1,1
3SE8_HL_G|YH111A,0.82992166,0.35548943,1,1
3SE8_HL_G|YH60A,0.8558488,1.0158798,1,1
4KRL_A_B|DB112A,0.6496817,1.9151822,1,1
5C6T_HL_A|EA194A,1.0906719,1.0761865,1,1
5C6T_HL_A|FA192A,1.9972014,2.5150347,1,1
5C6T_HL_A|FA199A,2.7581792,2.3447623,1,1
5C6T_HL_A|FA200A,0.41047263,0.5077025,1,1
5C6T_HL_A|FH99A,1.4600298,0.078596085,1,1
5C6T_HL_A|IA201A,0.88561165,0.2938711,1,1
5C6T_HL_A|NA183A,0.28399685,0.67913425,1,1
5C6T_HL_A|NA186A,0.3630724,0.11556855,1,1
5C6T_HL_A|NA188A,-0.36658686,0.7401797,1,1
"5C6T_HL_A|NA195A,DA197A",0.58650106,1.2181407,1,1
5C6T_HL_A|NH97A,1.5258962,-0.25910828,1,1
5C6T_HL_A|RH31S,0.3115454,0.5593565,1,1
5C6T_HL_A|RL48A,0.1229613,0.9089741,1,1
5C6T_HL_A|SH32A,-0.8683455,0.1295816,1,1
5C6T_HL_A|TA185A,0.33786914,0.25729227,1,1
5C6T_HL_A|YA182A,3.2083547,1.2924788,1,1
"5C6T_HL_A|YA182A,NA195A,DA197A",2.942425,2.4118268,1,1
5C6T_HL_A|YH104A,0.3630724,0.9784005,1,1
5C6T_HL_A|YH98A,1.7166799,0.43993562,1,1
5C6T_HL_A|YL47A,0.5516565,1.5466456,1,1
1KIP_AB_C|AB32Y,-0.8005932,-1.1326091,1,2
1XGU_AB_C|FB33A,4.0,3.752427,1,2
1XGU_AB_C|FB33I,1.8004549,1.6812259,1,2
1XGU_AB_C|FB33L,1.8617703,2.049031,1,2
1XGU_AB_C|FB33V,2.9080825,2.9533777,1,2
2B2X_HL_A|EH64K,-0.033433665,0.275916,1,2
"2B2X_HL_A|EH64K,QL28S,YL52N",0.911615,1.3602384,1,2
"2B2X_HL_A|EH64K,QL28S,YL52N,GH102S",2.7106705,1.9485329,1,2
"2B2X_HL_A|EH64K,QL28S,YL52N,SH35A",3.119054,1.9810076,1,2
"2B2X_HL_A|EH64K,QL28S,YL52N,SH35V",3.770335,2.2047296,1,2
"2B2X_HL_A|EH64K,YL52N",0.34853002,0.48345777,1,2
"2B2X_HL_A|QL28S,YL52N",0.8626942,0.73033357,1,2
2B2X_HL_A|VH50T,0.024054652,-0.15553036,1,2
"2B2X_HL_A|VH50T,EH64D,QL28S,YL52N",0.87177193,1.1476618,1,2
"2B2X_HL_A|VH50T,EH64K,QL28S",0.991589,1.6352931,1,2
"2B2X_HL_A|VH50T,EH64K,QL28S,YL52D",1.5439764,1.4355996,1,2
"2B2X_HL_A|VH50T,EH64K,QL28S,YL52E",0.95452905,1.650018,1,2
"2B2X_HL_A|VH50T,EH64K,QL28S,YL52K",1.7007239,2.2943027,1,2
"2B2X_HL_A|VH50T,EH64K,QL28S,YL52N",1.043214,1.6665695,1,2
"2B2X_HL_A|VH50T,EH64K,QL28S,YL52N,FH99W",1.043214,1.6789557,1,2
"2B2X_HL_A|VH50T,EH64K,QL28S,YL52N,FH99Y",1.7978828,1.6411555,1,2
"2B2X_HL_A|VH50T,EH64K,QL28S,YL52N,GH100F",1.4322319,1.3750176,1,2
"2B2X_HL_A|VH50T,EH64K,QL28S,YL52N,GH100L",3.770335,1.9985629,1,2
"2B2X_HL_A|VH50T,EH64K,QL28S,YL52N,GH100M",1.145348,1.5583345,1,2
"2B2X_HL_A|VH50T,EH64K,QL28S,YL52N,GH100S",1.6009614,2.096058,1,2
"2B2X_HL_A|VH50T,EH64K,QL28S,YL52N,GH53A",1.5558206,1.7091386,1,2
"2B2X_HL_A|VH50T,EH64K,QL28S,YL52N,GH53N",2.2985272,1.8222624,1,2
"2B2X_HL_A|VH50T,EH64K,QL28S,YL52N,GH53S",1.7188073,1.8921559,1,2
"2B2X_HL_A|VH50T,EH64K,QL28S,YL52N,GH54I",2.4067745,1.6703008,1,2
"2B2X_HL_A|VH50T,EH64K,QL28S,YL52N,GH54T",2.2073808,2.0616748,1,2
"2B2X_HL_A|VH50T,EH64K,QL28S,YL52N,GH54Y",1.043214,1.5097364,1,2
"2B2X_HL_A|VH50T,EH64K,QL28S,YL52N,GL92Q",2.6158988,1.9351304,1,2
"2B2X_HL_A|VH50T,EH64K,QL28S,YL52N,GL92S",1.5558206,1.7759649,1,2
"2B2X_HL_A|VH50T,EH64K,QL28S,YL52N,HL31K",2.2073808,2.5508263,1,2
"2B2X_HL_A|VH50T,EH64K,QL28S,YL52N,HL31R",2.1670115,1.9147128,1,2
"2B2X_HL_A|VH50T,EH64K,QL28S,YL52N,HL31W",2.2985272,1.8451957,1,2
"2B2X_HL_A|VH50T,EH64K,QL28S,YL52N,LH60D",0.981894,1.4248936,1,2
"2B2X_HL_A|VH50T,EH64K,QL28S,YL52N,LL49F",1.7554936,1.7947367,1,2
"2B2X_HL_A|VH50T,EH64K,QL28S,YL52N,LL49K",1.9044149,2.1771154,1,2
"2B2X_HL_A|VH50T,EH64K,QL28S,YL52N,LL49W",2.9507816,1.9911064,1,2
"2B2X_HL_A|VH50T,EH64K,QL28S,YL52N,NL30V",2.0925434,2.129567,1,2
"2B2X_HL_A|VH50T,EH64K,QL28S,YL52N,NL30W",2.6158988,1.9231997,1,2
"2B2X_HL_A|VH50T,EH64K,QL28S,YL52N,NL30Y",2.9507816,1.9974458,1,2
"2B2X_HL_A|VH50T,EH64K,QL28S,YL52N,NL30Y,SL91I",1.4775821,2.0356977,1,2
"2B2X_HL_A|VH50T,EH64K,QL28S,YL52N,RH31Q",2.350542,1.9607537,1,2
"2B2X_HL_A|VH50T,EH64K,QL28S,YL52N,SH35A",2.6158988,2.2847154,1,2
"2B2X_HL_A|VH50T,EH64K,QL28S,YL52N,SH35A,GH102S",2.6158988,2.755278,1,2
"2B2X_HL_A|VH50T,EH64K,QL28S,YL52N,SH35Q",3.770335,2.639703,1,2
"2B2X_HL_A|VH50T,EH64K,QL28S,YL52N,SH35V,GH102S",2.4688888,3.0762954,1,2
"2B2X_HL_A|VH50T,EH64K,QL28S,YL52N,SH52M",3.119054,1.5660831,1,2
"2B2X_HL_A|VH50T,EH64K,QL28S,YL52N,SL24R",0.82788163,1.0162606,1,2
"2B2X_HL_A|VH50T,EH64K,QL28S,YL52N,SL91Q",2.8172472,2.0789554,1,2
"2B2X_HL_A|VH50T,EH64K,QL28S,YL52N,SL91R",3.770335,1.2797124,1,2
"2B2X_HL_A|VH50T,EH64K,QL28S,YL52N,SL91R,NL30E",3.770335,1.9203932,1,2
"2B2X_HL_A|VH50T,EH64K,QL28S,YL52N,SL91T",3.3598623,2.1705136,1,2
"2B2X_HL_A|VH50T,EH64K,QL28S,YL52N,TH33E,GH53Q",2.7106705,2.7710254,1,2
"2B2X_HL_A|VH50T,EH64K,QL28S,YL52N,TH33I,SH52T,GH53N,GH54N",2.9507816,2.6835778,1,2
"2B2X_HL_A|VH50T,EH64K,QL28S,YL52N,TH33I,SH52T,GH53Q,GH54F",2.2985272,2.6985033,1,2
"2B2X_HL_A|VH50T,EH64K,QL28S,YL52N,TH33N",3.770335,2.4981651,1,2
"2B2X_HL_A|VH50T,EH64K,QL28S,YL52N,TH33V",1.4775821,1.9802258,1,2
"2B2X_HL_A|VH50T,EH64K,QL28S,YL52N,WL90Q",3.119054,2.175422,1,2
"2B2X_HL_A|VH50T,EH64K,QL28S,YL52N,WL90Q,FL33Y",1.914233,2.1655822,1,2
"2B2X_HL_A|VH50T,EH64K,QL28S,YL52N,YH58E",3.119054,2.446493,1,2
"2B2X_HL_A|VH50T,EH64K,QL28S,YL52N,YH58Q",3.119054,2.7506857,1,2
"2B2X_HL_A|VH50T,EH64K,QL28S,YL52N,YH58W",1.8641591,2.0404477,1,2
"2B2X_HL_A|VH50T,EH64K,QL28S,YL52N,YH59E",1.5872209,1.9895035,1,2
"2B2X_HL_A|VH50T,EH64K,QL28S,YL52R",1.8880546,1.6882272,1,2
"2B2X_HL_A|VH50T,EH64K,YL52N",0.28173435,0.8782039,1,2
"2B2X_HL_A|VH50T,EH64N,QL28S,YL52N",1.0069425,1.3494076,1,2
"2B2X_HL_A|VH50T,EH64Q,QL28S,YL52N",0.96559924,1.3155179,1,2
"2B2X_HL_A|VH50T,EH64Q,QL28S,YL52N,LH60D",1.0862032,1.1402112,1,2
"2B2X_HL_A|VH50T,QL28S,YL52N",0.96559924,1.0496534,1,2
"2B2X_HL_A|VH50T,QL28S,YL52N,LH60D",0.90141344,0.8843007,1,2
"2B2X_HL_A|VH50T,YL52N",0.18636756,0.30596793,1,2
2B2X_HL_A|YL52E,-0.22410508,0.16380864,1,2
2VIR_AB_C|SC115L,3.680209,0.85561496,1,2
2VIR_AB_C|TC89I,4.0,3.2244608,1,2
"3G6D_LH_A|EL3V,GL76R,TL77V,QL78E,EL80G",0.13981691,1.1183562,1,2
"3G6D_LH_A|EL3V,GL76R,TL77V,QL78E,EL80G,DH54N",0.111178115,1.5664816,1,2
"3G6D_LH_A|EL3V,GL76R,TL77V,QL78E,EL80G,TL89S,ML92I,VL93D,TL94K",0.27145106,0.69325423,1,2
3G6D_LH_A|HH104A,-0.9530879,0.43797937,1,2
"3G6D_LH_A|KH210T,KH215T",-0.13294782,-0.32769662,1,2
"3G6D_LH_A|TL89S,ML92I,VL93D,TL94K",0.7979767,-0.601837,1,2
3G6D_LH_A|WH105A,-1.4965084,1.4275603,1,2
"3IDX_HL_G|CG27I,CG242Q",-2.4650376,0.25132897,1,2
"3IDX_HL_G|CG27I,CG242Q,MG247A",-2.1736174,0.21383889,1,2
"3IDX_HL_G|KG85C,EG121C,CG27I,CG242Q",-2.3776865,0.48006353,1,2
"3IDX_HL_G|KG85C,EG121C,WG13M,MG247A,CG14W,CG129V,CG27I,CG242Q",-2.1922898,0.1360284,1,2
"3IDX_HL_G|KG85C,EG122C,WG13M,MG247A,CG14W,CG129V,CG27I,CG242Q",-2.2927184,0.28053185,1,2
"3IDX_HL_G|TG41C,GG245C,MG247A",0.40945426,0.20810328,1,2
"3IDX_HL_G|TG41C,GG245C,WG13M,MG247A,CG14W,CG129V,CG27I,CG242Q",-2.3310676,-0.04190403,1,2
"3IDX_HL_G|WG13M,MG247A,CG14W,CG129V",-0.6475391,0.24912646,1,2
"3IDX_HL_G|WG13M,MG247A,CG14W,CG129V,CG27I,CG242Q",-2.3479884,0.27757373,1,2
"3IDX_HL_G|WG13M,MG247A,CG14W,CG129V,KG85C,EG121C",-0.36166522,0.039959278,1,2
"3IDX_HL_G|WG13M,SG111T,WG200S,MG247A,CG14W,CG129V,CG27I,CG242Q",-1.8639641,-0.0124873705,1,2
"3L5X_A_HL|EL93F,YL94G",-0.42800838,0.48698807,1,2
"3L5X_A_HL|EL93H,YL94G",-0.7626503,0.88478637,1,2
"3L5X_A_HL|HL91P,NL92I,EL93D,YL94A",-0.6466697,0.78243834,1,2
"3L5X_A_HL|HL91P,NL92L,EL93D,YL94S",-0.6327897,1.11166,1,2
"3L5X_A_HL|HL91P,NL92L,EL93D,YL94T",-0.81005055,1.2144154,1,2
"3L5X_A_HL|HL91P,NL92L,EL93D,YL94V",-0.85822237,1.3906335,1,2
"3L5X_A_HL|HL91P,NL92L,YL94A",-0.44441348,0.8776914,1,2
"3L5X_A_HL|HL91Q,NL92D,EL93I,YL94G",-1.5503801,0.35962212,1,2
"3L5X_A_HL|HL91Q,NL92D,EL93L,YL94G",-1.785132,0.24807647,1,2
"3L5X_A_HL|HL91Q,NL92D,EL93Y,YL94G",-1.451453,0.08238378,1,2
"3L5X_A_HL|NL92D,EL93L,YL94G",-0.42962858,-0.08198406,1,2
"3L5X_A_HL|NL92D,EL93N,YL94S",-0.53403836,0.5690403,1,2
"3L5X_A_HL|NL92D,EL93P,YL94G",-1.4699602,0.42937046,1,2
"3L5X_A_HL|NL92D,EL93R,YL94D",-0.52253926,-0.4658317,1,2
"3L5X_A_HL|NL92D,EL93W,YL94E",-1.1963489,-0.35036278,1,2
"3L5X_A_HL|NL92D,EL93W,YL94G",-1.6825228,-0.3158624,1,2
"3L5X_A_HL|NL92D,EL93W,YL94S",-0.71612674,-0.07698619,1,2
"3L5X_A_HL|NL92D,EL93Y,YL94A",-0.8069743,0.04364297,1,2
"3L5X_A_HL|NL92E,EL93S,YL94G",-1.2653587,0.16023599,1,2
"3L5X_A_HL|NL92E,EL93W,YL94G",-1.5503801,-0.31001687,1,2
"3L5X_A_HL|NL92F,EL93W,YL94G",-1.2329907,-0.4077057,1,2
"3L5X_A_HL|NL92L,EL93D,YL94S",-0.6170473,0.83073837,1,2
"3L5X_A_HL|NL92L,EL93L,YL94G",-0.6259698,0.3027565,1,2
"3L5X_A_HL|NL92L,EL93M,YL94G",-0.82567644,0.4034247,1,2
"3L5X_A_HL|NL92L,EL93N,YL94G",-0.6954369,0.5211649,1,2
"3L5X_A_HL|NL92S,EL93H,YL94G",-1.2457265,0.57287115,1,2
"3L5X_A_HL|NL92S,EL93I,YL94G",-0.8069743,0.39905816,1,2
"3L5X_A_HL|NL92S,EL93S,YL94G",-0.24921271,0.24957308,1,2
"3L5X_A_HL|NL92S,EL93V,YL94G",-0.51687235,0.56758803,1,2
"3L5X_A_HL|NL92S,EL93W,YL94A",-0.30302802,0.10296225,1,2
"3L5X_A_HL|NL92S,EL93W,YL94G",-1.2720501,-0.025376994,1,2
"3L5X_A_HL|NL92S,EL93Y,YL94G",-0.9641868,0.20224814,1,2
"3L5X_A_HL|NL92V,EL93G,YL94G",-0.46300006,0.13232361,1,2
"3L5X_A_HL|NL92V,EL93W,YL94G",-0.83525383,0.18988234,1,2
3L5X_A_HL|YL94A,-0.82885176,0.8289267,1,2
3N85_A_LH|SH32A,-0.13401966,0.85747683,1,2
3N85_A_LH|SH32Y,0.0571225,-0.41437578,1,2
3N85_A_LH|SH50G,0.48767117,-0.6313852,1,2
3N85_A_LH|SH52Y,-0.78460336,-0.8408761,1,2
3N85_A_LH|WH100F,-0.015185109,0.4008831,1,2
3N85_A_LH|WH30K,-0.78460336,0.7049715,1,2
3N85_A_LH|WH30R,-0.5539675,-0.14832145,1,2
3N85_A_LH|WL91F,0.13959166,0.35370627,1,2
3N85_A_LH|WL94Y,-0.03871881,0.2405986,1,2
3SE8_HL_G|DH110A,-0.38934898,-0.024593476,1,2
3SE8_HL_G|DH114A,-0.2441398,1.6853287,1,2
3SE8_HL_G|DL49A,0.8558488,1.1263031,1,2
3SE8_HL_G|EL1A,-0.5565174,-0.13428652,1,2
3SE8_HL_G|EL91A,1.513491,1.4048455,1,2
3SE8_HL_G|FH115A,1.0676043,2.1996074,1,2
3SE8_HL_G|FL90A,-0.8640972,0.6919356,1,2
3SE8_HL_G|FL92A,0.8323254,0.68242466,1,2
3SE8_HL_G|GH56A,0.3570972,0.4147694,1,2
3SE8_HL_G|KH52A,1.1114144,0.39475542,1,2
3SE8_HL_G|LH54A,0.054776184,-0.13531259,1,2
3SE8_HL_G|NL30A,0.19434923,0.82375836,1,2
3SE8_HL_G|PH78A,0.01881787,0.26053417,1,2
3SE8_HL_G|PH81A,-0.07091986,0.64841217,1,2
3SE8_HL_G|QH63A,1.1144251,-0.30561736,1,2
3SE8_HL_G|QH65A,0.54980505,0.0054178275,1,2
3SE8_HL_G|QH76A,0.09689985,0.100651935,1,2
3SE8_HL_G|QL27A,-0.21612903,-0.04127245,1,2
3SE8_HL_G|RH30A,-0.03949762,0.19303703,1,2
3SE8_HL_G|RH62A,1.2061691,0.6696304,1,2
3SE8_HL_G|RH72A,2.6444623,1.4438778,1,2
3SE8_HL_G|SH59A,1.1508402,0.05549237,1,2
3SE8_HL_G|VH58A,1.2496852,0.66960907,1,2
3SE8_HL_G|WH47A,1.4751467,1.8579208,1,2
3SE8_HL_G|WH50A,1.333526,1.9511883,1,2
3SE8_HL_G|WH55A,0.7611056,-0.23151857,1,2
3SE8_HL_G|YH111A,0.82992166,0.61479414,1,2
3SE8_HL_G|YH60A,0.8558488,0.9521831,1,2
4KRL_A_B|DB112A,0.6496817,2.503305,1,2
5C6T_HL_A|EA194A,1.0906719,0.63108057,1,2
5C6T_HL_A|FA192A,1.9972014,1.8330935,1,2
5C6T_HL_A|FA199A,2.7581792,2.3425484,1,2
5C6T_HL_A|FA200A,0.41047263,0.81404436,1,2
5C6T_HL_A|FH99A,1.4600298,0.31101376,1,2
5C6T_HL_A|IA201A,0.88561165,0.15921842,1,2
5C6T_HL_A|NA183A,0.28399685,0.9768919,1,2
5C6T_HL_A|NA186A,0.3630724,0.023137953,1,2
5C6T_HL_A|NA188A,-0.36658686,0.16852494,1,2
"5C6T_HL_A|NA195A,DA197A",0.58650106,0.8843165,1,2
5C6T_HL_A|NH97A,1.5258962,0.14969312,1,2
5C6T_HL_A|RH31S,0.3115454,0.71490705,1,2
5C6T_HL_A|RL48A,0.1229613,1.0019926,1,2
5C6T_HL_A|SH32A,-0.8683455,-0.070656195,1,2
5C6T_HL_A|TA185A,0.33786914,1.1782788,1,2
5C6T_HL_A|YA182A,3.2083547,0.40317214,1,2
"5C6T_HL_A|YA182A,NA195A,DA197A",2.942425,1.1974962,1,2
5C6T_HL_A|YH104A,0.3630724,1.2518623,1,2
5C6T_HL_A|YH98A,1.7166799,0.8521421,1,2
5C6T_HL_A|YL47A,0.5516565,2.3129282,1,2
1KIP_AB_C|AB32Y,-0.8005932,-1.0148467,1,3
1XGU_AB_C|FB33A,4.0,3.3266785,1,3
1XGU_AB_C|FB33I,1.8004549,1.5958403,1,3
1XGU_AB_C|FB33L,1.8617703,1.9107386,1,3
1XGU_AB_C|FB33V,2.9080825,2.724123,1,3
2B2X_HL_A|EH64K,-0.033433665,0.3337496,1,3
"2B2X_HL_A|EH64K,QL28S,YL52N",0.911615,0.95967674,1,3
"2B2X_HL_A|EH64K,QL28S,YL52N,GH102S",2.7106705,1.2483177,1,3
"2B2X_HL_A|EH64K,QL28S,YL52N,SH35A",3.119054,1.792119,1,3
"2B2X_HL_A|EH64K,QL28S,YL52N,SH35V",3.770335,1.6008734,1,3
"2B2X_HL_A|EH64K,YL52N",0.34853002,0.8622258,1,3
"2B2X_HL_A|QL28S,YL52N",0.8626942,0.3445776,1,3
2B2X_HL_A|VH50T,0.024054652,-0.3236222,1,3
"2B2X_HL_A|VH50T,EH64D,QL28S,YL52N",0.87177193,0.44023538,1,3
"2B2X_HL_A|VH50T,EH64K,QL28S",0.991589,0.624873,1,3
"2B2X_HL_A|VH50T,EH64K,QL28S,YL52D",1.5439764,0.8122301,1,3
"2B2X_HL_A|VH50T,EH64K,QL28S,YL52E",0.95452905,1.0802706,1,3
"2B2X_HL_A|VH50T,EH64K,QL28S,YL52K",1.7007239,1.5444148,1,3
"2B2X_HL_A|VH50T,EH64K,QL28S,YL52N",1.043214,1.0791082,1,3
"2B2X_HL_A|VH50T,EH64K,QL28S,YL52N,FH99W",1.043214,0.9730063,1,3
"2B2X_HL_A|VH50T,EH64K,QL28S,YL52N,FH99Y",1.7978828,0.70893204,1,3
"2B2X_HL_A|VH50T,EH64K,QL28S,YL52N,GH100F",1.4322319,0.9479174,1,3
"2B2X_HL_A|VH50T,EH64K,QL28S,YL52N,GH100L",3.770335,1.4972165,1,3
"2B2X_HL_A|VH50T,EH64K,QL28S,YL52N,GH100M",1.145348,1.3052871,1,3
"2B2X_HL_A|VH50T,EH64K,QL28S,YL52N,GH100S",1.6009614,1.4048159,1,3
"2B2X_HL_A|VH50T,EH64K,QL28S,YL52N,GH53A",1.5558206,1.3653789,1,3
"2B2X_HL_A|VH50T,EH64K,QL28S,YL52N,GH53N",2.2985272,1.2746279,1,3
"2B2X_HL_A|VH50T,EH64K,QL28S,YL52N,GH53S",1.7188073,1.1114651,1,3
"2B2X_HL_A|VH50T,EH64K,QL28S,YL52N,GH54I",2.4067745,1.2661513,1,3
"2B2X_HL_A|VH50T,EH64K,QL28S,YL52N,GH54T",2.2073808,1.4819497,1,3
"2B2X_HL_A|VH50T,EH64K,QL28S,YL52N,GH54Y",1.043214,0.8334827,1,3
"2B2X_HL_A|VH50T,EH64K,QL28S,YL52N,GL92Q",2.6158988,1.5318059,1,3
"2B2X_HL_A|VH50T,EH64K,QL28S,YL52N,GL92S",1.5558206,1.1652079,1,3
"2B2X_HL_A|VH50T,EH64K,QL28S,YL52N,HL31K",2.2073808,1.4730821,1,3
"2B2X_HL_A|VH50T,EH64K,QL28S,YL52N,HL31R",2.1670115,1.0170695,1,3
"2B2X_HL_A|VH50T,EH64K,QL28S,YL52N,HL31W",2.2985272,0.8876736,1,3
"2B2X_HL_A|VH50T,EH64K,QL28S,YL52N,LH60D",0.981894,0.66161066,1,3
"2B2X_HL_A|VH50T,EH64K,QL28S,YL52N,LL49F",1.7554936,0.94425654,1,3
"2B2X_HL_A|VH50T,EH64K,QL28S,YL52N,LL49K",1.9044149,1.4162091,1,3
"2B2X_HL_A|VH50T,EH64K,QL28S,YL52N,LL49W",2.9507816,0.9915735,1,3
"2B2X_HL_A|VH50T,EH64K,QL28S,YL52N,NL30V",2.0925434,1.2281002,1,3
"2B2X_HL_A|VH50T,EH64K,QL28S,YL52N,NL30W",2.6158988,1.2202165,1,3
"2B2X_HL_A|VH50T,EH64K,QL28S,YL52N,NL30Y",2.9507816,0.89918154,1,3
"2B2X_HL_A|VH50T,EH64K,QL28S,YL52N,NL30Y,SL91I",1.4775821,1.043323,1,3
"2B2X_HL_A|VH50T,EH64K,QL28S,YL52N,RH31Q",2.350542,1.217119,1,3
"2B2X_HL_A|VH50T,EH64K,QL28S,YL52N,SH35A",2.6158988,1.8741503,1,3
"2B2X_HL_A|VH50T,EH64K,QL28S,YL52N,SH35A,GH102S",2.6158988,2.215509,1,3
"2B2X_HL_A|VH50T,EH64K,QL28S,YL52N,SH35Q",3.770335,1.8352238,1,3
"2B2X_HL_A|VH50T,EH64K,QL28S,YL52N,SH35V,GH102S",2.4688888,2.0480618,1,3
"2B2X_HL_A|VH50T,EH64K,QL28S,YL52N,SH52M",3.119054,1.1589874,1,3
"2B2X_HL_A|VH50T,EH64K,QL28S,YL52N,SL24R",0.82788163,1.038891,1,3
"2B2X_HL_A|VH50T,EH64K,QL28S,YL52N,SL91Q",2.8172472,1.4450234,1,3
"2B2X_HL_A|VH50T,EH64K,QL28S,YL52N,SL91R",3.770335,1.1979424,1,3
"2B2X_HL_A|VH50T,EH64K,QL28S,YL52N,SL91R,NL30E",3.770335,1.4391391,1,3
"2B2X_HL_A|VH50T,EH64K,QL28S,YL52N,SL91T",3.3598623,1.426816,1,3
"2B2X_HL_A|VH50T,EH64K,QL28S,YL52N,TH33E,GH53Q",2.7106705,1.5975769,1,3
"2B2X_HL_A|VH50T,EH64K,QL28S,YL52N,TH33I,SH52T,GH53N,GH54N",2.9507816,1.9759269,1,3
"2B2X_HL_A|VH50T,EH64K,QL28S,YL52N,TH33I,SH52T,GH53Q,GH54F",2.2985272,2.1177483,1,3
"2B2X_HL_A|VH50T,EH64K,QL28S,YL52N,TH33N",3.770335,1.101846,1,3
"2B2X_HL_A|VH50T,EH64K,QL28S,YL52N,TH33V",1.4775821,1.0193117,1,3
"2B2X_HL_A|VH50T,EH64K,QL28S,YL52N,WL90Q",3.119054,1.7735558,1,3
"2B2X_HL_A|VH50T,EH64K,QL28S,YL52N,WL90Q,FL33Y",1.914233,1.4573168,1,3
"2B2X_HL_A|VH50T,EH64K,QL28S,YL52N,YH58E",3.119054,1.68843,1,3
"2B2X_HL_A|VH50T,EH64K,QL28S,YL52N,YH58Q",3.119054,2.194291,1,3
"2B2X_HL_A|VH50T,EH64K,QL28S,YL52N,YH58W",1.8641591,1.1315457,1,3
"2B2X_HL_A|VH50T,EH64K,QL28S,YL52N,YH59E",1.5872209,1.3187896,1,3
"2B2X_HL_A|VH50T,EH64K,QL28S,YL52R",1.8880546,1.1596317,1,3
"2B2X_HL_A|VH50T,EH64K,YL52N",0.28173435,0.9485066,1,3
"2B2X_HL_A|VH50T,EH64N,QL28S,YL52N",1.0069425,0.6621389,1,3
"2B2X_HL_A|VH50T,EH64Q,QL28S,YL52N",0.96559924,0.7741925,1,3
"2B2X_HL_A|VH50T,EH64Q,QL28S,YL52N,LH60D",1.0862032,0.43787676,1,3
"2B2X_HL_A|VH50T,QL28S,YL52N",0.96559924,0.46697858,1,3
"2B2X_HL_A|VH50T,QL28S,YL52N,LH60D",0.90141344,0.05879968,1,3
"2B2X_HL_A|VH50T,YL52N",0.18636756,0.33700407,1,3
2B2X_HL_A|YL52E,-0.22410508,0.24821796,1,3
2VIR_AB_C|SC115L,3.680209,0.7221164,1,3
2VIR_AB_C|TC89I,4.0,2.1760688,1,3
"3G6D_LH_A|EL3V,GL76R,TL77V,QL78E,EL80G",0.13981691,0.20530504,1,3
"3G6D_LH_A|EL3V,GL76R,TL77V,QL78E,EL80G,DH54N",0.111178115,0.41967773,1,3
"3G6D_LH_A|EL3V,GL76R,TL77V,QL78E,EL80G,TL89S,ML92I,VL93D,TL94K",0.27145106,0.44640908,1,3
3G6D_LH_A|HH104A,-0.9530879,0.20427968,1,3
"3G6D_LH_A|KH210T,KH215T",-0.13294782,-0.2963733,1,3
"3G6D_LH_A|TL89S,ML92I,VL93D,TL94K",0.7979767,0.019403294,1,3
3G6D_LH_A|WH105A,-1.4965084,1.8078038,1,3
"3IDX_HL_G|CG27I,CG242Q",-2.4650376,0.14321606,1,3
"3IDX_HL_G|CG27I,CG242Q,MG247A",-2.1736174,0.1474099,1,3
"3IDX_HL_G|KG85C,EG121C,CG27I,CG242Q",-2.3776865,0.2370063,1,3
"3IDX_HL_G|KG85C,EG121C,WG13M,MG247A,CG14W,CG129V,CG27I,CG242Q",-2.1922898,0.34326044,1,3
"3IDX_HL_G|KG85C,EG122C,WG13M,MG247A,CG14W,CG129V,CG27I,CG242Q",-2.2927184,0.34310803,1,3
"3IDX_HL_G|TG41C,GG245C,MG247A",0.40945426,0.09522144,1,3
"3IDX_HL_G|TG41C,GG245C,WG13M,MG247A,CG14W,CG129V,CG27I,CG242Q",-2.3310676,0.3516813,1,3
"3IDX_HL_G|WG13M,MG247A,CG14W,CG129V",-0.6475391,0.23588766,1,3
"3IDX_HL_G|WG13M,MG247A,CG14W,CG129V,CG27I,CG242Q",-2.3479884,0.2988589,1,3
"3IDX_HL_G|WG13M,MG247A,CG14W,CG129V,KG85C,EG121C",-0.36166522,0.37980914,1,3
"3IDX_HL_G|WG13M,SG111T,WG200S,MG247A,CG14W,CG129V,CG27I,CG242Q",-1.8639641,0.12609659,1,3
"3L5X_A_HL|EL93F,YL94G",-0.42800838,0.26209432,1,3
"3L5X_A_HL|EL93H,YL94G",-0.7626503,0.54546046,1,3
"3L5X_A_HL|HL91P,NL92I,EL93D,YL94A",-0.6466697,1.270108,1,3
"3L5X_A_HL|HL91P,NL92L,EL93D,YL94S",-0.6327897,0.85915965,1,3
"3L5X_A_HL|HL91P,NL92L,EL93D,YL94T",-0.81005055,1.1546258,1,3
"3L5X_A_HL|HL91P,NL92L,EL93D,YL94V",-0.85822237,1.0211902,1,3
"3L5X_A_HL|HL91P,NL92L,YL94A",-0.44441348,1.3820106,1,3
"3L5X_A_HL|HL91Q,NL92D,EL93I,YL94G",-1.5503801,0.68494004,1,3
"3L5X_A_HL|HL91Q,NL92D,EL93L,YL94G",-1.785132,0.696301,1,3
"3L5X_A_HL|HL91Q,NL92D,EL93Y,YL94G",-1.451453,-0.10933544,1,3
"3L5X_A_HL|NL92D,EL93L,YL94G",-0.42962858,0.36518183,1,3
"3L5X_A_HL|NL92D,EL93N,YL94S",-0.53403836,0.23538056,1,3
"3L5X_A_HL|NL92D,EL93P,YL94G",-1.4699602,0.6931296,1,3
"3L5X_A_HL|NL92D,EL93R,YL94D",-0.52253926,0.4012378,1,3
"3L5X_A_HL|NL92D,EL93W,YL94E",-1.1963489,-0.039461147,1,3
"3L5X_A_HL|NL92D,EL93W,YL94G",-1.6825228,-0.019483775,1,3
"3L5X_A_HL|NL92D,EL93W,YL94S",-0.71612674,-0.077298686,1,3
"3L5X_A_HL|NL92D,EL93Y,YL94A",-0.8069743,0.017445058,1,3
"3L5X_A_HL|NL92E,EL93S,YL94G",-1.2653587,0.26268205,1,3
"3L5X_A_HL|NL92E,EL93W,YL94G",-1.5503801,0.086063504,1,3
"3L5X_A_HL|NL92F,EL93W,YL94G",-1.2329907,-0.17471996,1,3
"3L5X_A_HL|NL92L,EL93D,YL94S",-0.6170473,0.4232182,1,3
"3L5X_A_HL|NL92L,EL93L,YL94G",-0.6259698,0.5211857,1,3
"3L5X_A_HL|NL92L,EL93M,YL94G",-0.82567644,0.57864046,1,3
"3L5X_A_HL|NL92L,EL93N,YL94G",-0.6954369,0.4690022,1,3
"3L5X_A_HL|NL92S,EL93H,YL94G",-1.2457265,0.5786409,1,3
"3L5X_A_HL|NL92S,EL93I,YL94G",-0.8069743,0.44676688,1,3
"3L5X_A_HL|NL92S,EL93S,YL94G",-0.24921271,0.20802048,1,3
"3L5X_A_HL|NL92S,EL93V,YL94G",-0.51687235,0.36021996,1,3
"3L5X_A_HL|NL92S,EL93W,YL94A",-0.30302802,0.38266006,1,3
"3L5X_A_HL|NL92S,EL93W,YL94G",-1.2720501,0.040674403,1,3
"3L5X_A_HL|NL92S,EL93Y,YL94G",-0.9641868,-0.18682648,1,3
"3L5X_A_HL|NL92V,EL93G,YL94G",-0.46300006,0.32896224,1,3
"3L5X_A_HL|NL92V,EL93W,YL94G",-0.83525383,0.21362096,1,3
3L5X_A_HL|YL94A,-0.82885176,0.598738,1,3
3N85_A_LH|SH32A,-0.13401966,0.9589243,1,3
3N85_A_LH|SH32Y,0.0571225,-0.15103565,1,3
3N85_A_LH|SH50G,0.48767117,-0.46506006,1,3
3N85_A_LH|SH52Y,-0.78460336,-1.5065742,1,3
3N85_A_LH|WH100F,-0.015185109,0.044848833,1,3
3N85_A_LH|WH30K,-0.78460336,0.57100147,1,3
3N85_A_LH|WH30R,-0.5539675,0.21521275,1,3
3N85_A_LH|WL91F,0.13959166,0.5084424,1,3
3N85_A_LH|WL94Y,-0.03871881,-0.95603037,1,3
3SE8_HL_G|DH110A,-0.38934898,0.23028108,1,3
3SE8_HL_G|DH114A,-0.2441398,0.9620739,1,3
3SE8_HL_G|DL49A,0.8558488,1.751025,1,3
3SE8_HL_G|EL1A,-0.5565174,-0.074354306,1,3
3SE8_HL_G|EL91A,1.513491,1.5145973,1,3
3SE8_HL_G|FH115A,1.0676043,1.1761191,1,3
3SE8_HL_G|FL90A,-0.8640972,1.421885,1,3
3SE8_HL_G|FL92A,0.8323254,0.77032965,1,3
3SE8_HL_G|GH56A,0.3570972,1.3894739,1,3
3SE8_HL_G|KH52A,1.1114144,0.4873972,1,3
3SE8_HL_G|LH54A,0.054776184,0.5185537,1,3
3SE8_HL_G|NL30A,0.19434923,0.79193854,1,3
3SE8_HL_G|PH78A,0.01881787,0.12168661,1,3
3SE8_HL_G|PH81A,-0.07091986,0.10266759,1,3
3SE8_HL_G|QH63A,1.1144251,0.04984163,1,3
3SE8_HL_G|QH65A,0.54980505,0.12833168,1,3
3SE8_HL_G|QH76A,0.09689985,0.0045514414,1,3
3SE8_HL_G|QL27A,-0.21612903,-0.023556255,1,3
3SE8_HL_G|RH30A,-0.03949762,0.5369164,1,3
3SE8_HL_G|RH62A,1.2061691,0.48669106,1,3
3SE8_HL_G|RH72A,2.6444623,1.500523,1,3
3SE8_HL_G|SH59A,1.1508402,0.5279336,1,3
3SE8_HL_G|VH58A,1.2496852,1.2106391,1,3
3SE8_HL_G|WH47A,1.4751467,1.293102,1,3
3SE8_HL_G|WH50A,1.333526,2.425085,1,3
3SE8_HL_G|WH55A,0.7611056,0.43484443,1,3
3SE8_HL_G|YH111A,0.82992166,0.7622611,1,3
3SE8_HL_G|YH60A,0.8558488,0.8002718,1,3
4KRL_A_B|DB112A,0.6496817,1.7387732,1,3
5C6T_HL_A|EA194A,1.0906719,0.513963,1,3
5C6T_HL_A|FA192A,1.9972014,1.0696155,1,3
5C6T_HL_A|FA199A,2.7581792,1.1805657,1,3
5C6T_HL_A|FA200A,0.41047263,0.9605339,1,3
5C6T_HL_A|FH99A,1.4600298,0.3015881,1,3
5C6T_HL_A|IA201A,0.88561165,-0.110700496,1,3
5C6T_HL_A|NA183A,0.28399685,0.950433,1,3
5C6T_HL_A|NA186A,0.3630724,-0.22425696,1,3
5C6T_HL_A|NA188A,-0.36658686,0.6662276,1,3
"5C6T_HL_A|NA195A,DA197A",0.58650106,0.93456316,1,3
5C6T_HL_A|NH97A,1.5258962,0.54263127,1,3
5C6T_HL_A|RH31S,0.3115454,-0.067102626,1,3
5C6T_HL_A|RL48A,0.1229613,1.1934987,1,3
5C6T_HL_A|SH32A,-0.8683455,0.899065,1,3
5C6T_HL_A|TA185A,0.33786914,0.78277564,1,3
5C6T_HL_A|YA182A,3.2083547,0.61381257,1,3
"5C6T_HL_A|YA182A,NA195A,DA197A",2.942425,1.4422644,1,3
5C6T_HL_A|YH104A,0.3630724,1.315202,1,3
5C6T_HL_A|YH98A,1.7166799,1.0621387,1,3
5C6T_HL_A|YL47A,0.5516565,1.7399342,1,3
1KIP_AB_C|AB32Y,-0.8005932,-1.1798726,1,4
1XGU_AB_C|FB33A,4.0,3.6627479,1,4
1XGU_AB_C|FB33I,1.8004549,1.7905253,1,4
1XGU_AB_C|FB33L,1.8617703,1.9771214,1,4
1XGU_AB_C|FB33V,2.9080825,2.7237992,1,4
2B2X_HL_A|EH64K,-0.033433665,0.13933298,1,4
"2B2X_HL_A|EH64K,QL28S,YL52N",0.911615,0.072901934,1,4
"2B2X_HL_A|EH64K,QL28S,YL52N,GH102S",2.7106705,0.37981173,1,4
"2B2X_HL_A|EH64K,QL28S,YL52N,SH35A",3.119054,0.3776801,1,4
"2B2X_HL_A|EH64K,QL28S,YL52N,SH35V",3.770335,0.4436184,1,4
"2B2X_HL_A|EH64K,YL52N",0.34853002,0.542138,1,4
"2B2X_HL_A|QL28S,YL52N",0.8626942,-0.21537298,1,4
2B2X_HL_A|VH50T,0.024054652,-0.05773194,1,4
"2B2X_HL_A|VH50T,EH64D,QL28S,YL52N",0.87177193,0.018509258,1,4
"2B2X_HL_A|VH50T,EH64K,QL28S",0.991589,0.093001574,1,4
"2B2X_HL_A|VH50T,EH64K,QL28S,YL52D",1.5439764,-0.19142443,1,4
"2B2X_HL_A|VH50T,EH64K,QL28S,YL52E",0.95452905,0.11055417,1,4
"2B2X_HL_A|VH50T,EH64K,QL28S,YL52K",1.7007239,1.081565,1,4
"2B2X_HL_A|VH50T,EH64K,QL28S,YL52N",1.043214,0.39578,1,4
"2B2X_HL_A|VH50T,EH64K,QL28S,YL52N,FH99W",1.043214,0.2516324,1,4
"2B2X_HL_A|VH50T,EH64K,QL28S,YL52N,FH99Y",1.7978828,0.2993415,1,4
"2B2X_HL_A|VH50T,EH64K,QL28S,YL52N,GH100F",1.4322319,-0.11047964,1,4
"2B2X_HL_A|VH50T,EH64K,QL28S,YL52N,GH100L",3.770335,0.18186218,1,4
"2B2X_HL_A|VH50T,EH64K,QL28S,YL52N,GH100M",1.145348,0.32438472,1,4
"2B2X_HL_A|VH50T,EH64K,QL28S,YL52N,GH100S",1.6009614,0.5362766,1,4
"2B2X_HL_A|VH50T,EH64K,QL28S,YL52N,GH53A",1.5558206,0.5316782,1,4
"2B2X_HL_A|VH50T,EH64K,QL28S,YL52N,GH53N",2.2985272,0.7213031,1,4
"2B2X_HL_A|VH50T,EH64K,QL28S,YL52N,GH53S",1.7188073,0.5379728,1,4
"2B2X_HL_A|VH50T,EH64K,QL28S,YL52N,GH54I",2.4067745,0.38577574,1,4
"2B2X_HL_A|VH50T,EH64K,QL28S,YL52N,GH54T",2.2073808,0.5690435,1,4
"2B2X_HL_A|VH50T,EH64K,QL28S,YL52N,GH54Y",1.043214,0.3509307,1,4
"2B2X_HL_A|VH50T,EH64K,QL28S,YL52N,GL92Q",2.6158988,0.8506627,1,4
"2B2X_HL_A|VH50T,EH64K,QL28S,YL52N,GL92S",1.5558206,0.4790352,1,4
"2B2X_HL_A|VH50T,EH64K,QL28S,YL52N,HL31K",2.2073808,1.0241781,1,4
"2B2X_HL_A|VH50T,EH64K,QL28S,YL52N,HL31R",2.1670115,0.46940666,1,4
"2B2X_HL_A|VH50T,EH64K,QL28S,YL52N,HL31W",2.2985272,0.3329757,1,4
"2B2X_HL_A|VH50T,EH64K,QL28S,YL52N,LH60D",0.981894,0.31188768,1,4
"2B2X_HL_A|VH50T,EH64K,QL28S,YL52N,LL49F",1.7554936,0.23102371,1,4
"2B2X_HL_A|VH50T,EH64K,QL28S,YL52N,LL49K",1.9044149,0.67671573,1,4
"2B2X_HL_A|VH50T,EH64K,QL28S,YL52N,LL49W",2.9507816,0.23932427,1,4
"2B2X_HL_A|VH50T,EH64K,QL28S,YL52N,NL30V",2.0925434,0.17188734,1,4
"2B2X_HL_A|VH50T,EH64K,QL28S,YL52N,NL30W",2.6158988,0.39279574,1,4
"2B2X_HL_A|VH50T,EH64K,QL28S,YL52N,NL30Y",2.9507816,0.35026905,1,4
"2B2X_HL_A|VH50T,EH64K,QL28S,YL52N,NL30Y,SL91I",1.4775821,0.30147982,1,4
"2B2X_HL_A|VH50T,EH64K,QL28S,YL52N,RH31Q",2.350542,0.4516105,1,4
"2B2X_HL_A|VH50T,EH64K,QL28S,YL52N,SH35A",2.6158988,0.8190969,1,4
"2B2X_HL_A|VH50T,EH64K,QL28S,YL52N,SH35A,GH102S",2.6158988,0.98003054,1,4
"2B2X_HL_A|VH50T,EH64K,QL28S,YL52N,SH35Q",3.770335,1.0441097,1,4
"2B2X_HL_A|VH50T,EH64K,QL28S,YL52N,SH35V,GH102S",2.4688888,1.064777,1,4
"2B2X_HL_A|VH50T,EH64K,QL28S,YL52N,SH52M",3.119054,0.4421101,1,4
"2B2X_HL_A|VH50T,EH64K,QL28S,YL52N,SL24R",0.82788163,0.29714498,1,4
"2B2X_HL_A|VH50T,EH64K,QL28S,YL52N,SL91Q",2.8172472,0.76529557,1,4
"2B2X_HL_A|VH50T,EH64K,QL28S,YL52N,SL91R",3.770335,0.5518211,1,4
"2B2X_HL_A|VH50T,EH64K,QL28S,YL52N,SL91R,NL30E",3.770335,1.0629704,1,4
"2B2X_HL_A|VH50T,EH64K,QL28S,YL52N,SL91T",3.3598623,0.30858856,1,4
"2B2X_HL_A|VH50T,EH64K,QL28S,YL52N,TH33E,GH53Q",2.7106705,1.4828831,1,4
"2B2X_HL_A|VH50T,EH64K,QL28S,YL52N,TH33I,SH52T,GH53N,GH54N",2.9507816,1.502039,1,4
"2B2X_HL_A|VH50T,EH64K,QL28S,YL52N,TH33I,SH52T,GH53Q,GH54F",2.2985272,1.5220975,1,4
"2B2X_HL_A|VH50T,EH64K,QL28S,YL52N,TH33N",3.770335,0.8253444,1,4
"2B2X_HL_A|VH50T,EH64K,QL28S,YL52N,TH33V",1.4775821,0.6287486,1,4
"2B2X_HL_A|VH50T,EH64K,QL28S,YL52N,WL90Q",3.119054,1.2798445,1,4
"2B2X_HL_A|VH50T,EH64K,QL28S,YL52N,WL90Q,FL33Y",1.914233,1.4828564,1,4
"2B2X_HL_A|VH50T,EH64K,QL28S,YL52N,YH58E",3.119054,0.56651205,1,4
"2B2X_HL_A|VH50T,EH64K,QL28S,YL52N,YH58Q",3.119054,1.1661997,1,4
"2B2X_HL_A|VH50T,EH64K,QL28S,YL52N,YH58W",1.8641591,0.48078406,1,4
"2B2X_HL_A|VH50T,EH64K,QL28S,YL52N,YH59E",1.5872209,0.62832177,1,4
"2B2X_HL_A|VH50T,EH64K,QL28S,YL52R",1.8880546,0.6447418,1,4
"2B2X_HL_A|VH50T,EH64K,YL52N",0.28173435,0.8003802,1,4
"2B2X_HL_A|VH50T,EH64N,QL28S,YL52N",1.0069425,0.25231442,1,4
"2B2X_HL_A|VH50T,EH64Q,QL28S,YL52N",0.96559924,0.29988366,1,4
"2B2X_HL_A|VH50T,EH64Q,QL28S,YL52N,LH60D",1.0862032,0.19461817,1,4
"2B2X_HL_A|VH50T,QL28S,YL52N",0.96559924,0.14788055,1,4
"2B2X_HL_A|VH50T,QL28S,YL52N,LH60D",0.90141344,-0.012521557,1,4
"2B2X_HL_A|VH50T,YL52N",0.18636756,0.5719615,1,4
2B2X_HL_A|YL52E,-0.22410508,-0.21496043,1,4
2VIR_AB_C|SC115L,3.680209,1.3991511,1,4
2VIR_AB_C|TC89I,4.0,3.9600344,1,4
"3G6D_LH_A|EL3V,GL76R,TL77V,QL78E,EL80G",0.13981691,0.30617225,1,4
"3G6D_LH_A|EL3V,GL76R,TL77V,QL78E,EL80G,DH54N",0.111178115,0.9621548,1,4
"3G6D_LH_A|EL3V,GL76R,TL77V,QL78E,EL80G,TL89S,ML92I,VL93D,TL94K",0.27145106,0.44090647,1,4
3G6D_LH_A|HH104A,-0.9530879,0.13397211,1,4
"3G6D_LH_A|KH210T,KH215T",-0.13294782,-0.478939,1,4
"3G6D_LH_A|TL89S,ML92I,VL93D,TL94K",0.7979767,0.06259308,1,4
3G6D_LH_A|WH105A,-1.4965084,2.2011638,1,4
"3IDX_HL_G|CG27I,CG242Q",-2.4650376,0.24792129,1,4
"3IDX_HL_G|CG27I,CG242Q,MG247A",-2.1736174,0.21660326,1,4
"3IDX_HL_G|KG85C,EG121C,CG27I,CG242Q",-2.3776865,0.0049381265,1,4
"3IDX_HL_G|KG85C,EG121C,WG13M,MG247A,CG14W,CG129V,CG27I,CG242Q",-2.1922898,0.62667817,1,4
"3IDX_HL_G|KG85C,EG122C,WG13M,MG247A,CG14W,CG129V,CG27I,CG242Q",-2.2927184,0.70190144,1,4
"3IDX_HL_G|TG41C,GG245C,MG247A",0.40945426,0.00053471606,1,4
"3IDX_HL_G|TG41C,GG245C,WG13M,MG247A,CG14W,CG129V,CG27I,CG242Q",-2.3310676,0.7351893,1,4
"3IDX_HL_G|WG13M,MG247A,CG14W,CG129V",-0.6475391,0.29885775,1,4
"3IDX_HL_G|WG13M,MG247A,CG14W,CG129V,CG27I,CG242Q",-2.3479884,0.76221293,1,4
"3IDX_HL_G|WG13M,MG247A,CG14W,CG129V,KG85C,EG121C",-0.36166522,0.18248737,1,4
"3IDX_HL_G|WG13M,SG111T,WG200S,MG247A,CG14W,CG129V,CG27I,CG242Q",-1.8639641,-0.016522978,1,4
"3L5X_A_HL|EL93F,YL94G",-0.42800838,-0.15997346,1,4
"3L5X_A_HL|EL93H,YL94G",-0.7626503,0.18245885,1,4
"3L5X_A_HL|HL91P,NL92I,EL93D,YL94A",-0.6466697,-0.36261854,1,4
"3L5X_A_HL|HL91P,NL92L,EL93D,YL94S",-0.6327897,-0.42920387,1,4
"3L5X_A_HL|HL91P,NL92L,EL93D,YL94T",-0.81005055,-0.65135646,1,4
"3L5X_A_HL|HL91P,NL92L,EL93D,YL94V",-0.85822237,-0.73408794,1,4
"3L5X_A_HL|HL91P,NL92L,YL94A",-0.44441348,-0.5947211,1,4
"3L5X_A_HL|HL91Q,NL92D,EL93I,YL94G",-1.5503801,-0.45665038,1,4
"3L5X_A_HL|HL91Q,NL92D,EL93L,YL94G",-1.785132,-0.633601,1,4
"3L5X_A_HL|HL91Q,NL92D,EL93Y,YL94G",-1.451453,-0.7455101,1,4
"3L5X_A_HL|NL92D,EL93L,YL94G",-0.42962858,-1.0028306,1,4
"3L5X_A_HL|NL92D,EL93N,YL94S",-0.53403836,-0.31272846,1,4
"3L5X_A_HL|NL92D,EL93P,YL94G",-1.4699602,-0.41554493,1,4
"3L5X_A_HL|NL92D,EL93R,YL94D",-0.52253926,-0.47275364,1,4
"3L5X_A_HL|NL92D,EL93W,YL94E",-1.1963489,-1.3772228,1,4
"3L5X_A_HL|NL92D,EL93W,YL94G",-1.6825228,-1.3928328,1,4
"3L5X_A_HL|NL92D,EL93W,YL94S",-0.71612674,-1.4528791,1,4
"3L5X_A_HL|NL92D,EL93Y,YL94A",-0.8069743,-0.96909183,1,4
"3L5X_A_HL|NL92E,EL93S,YL94G",-1.2653587,-0.9283979,1,4
"3L5X_A_HL|NL92E,EL93W,YL94G",-1.5503801,-1.361652,1,4
"3L5X_A_HL|NL92F,EL93W,YL94G",-1.2329907,-1.2698677,1,4
"3L5X_A_HL|NL92L,EL93D,YL94S",-0.6170473,-0.9641294,1,4
"3L5X_A_HL|NL92L,EL93L,YL94G",-0.6259698,-1.4709243,1,4
"3L5X_A_HL|NL92L,EL93M,YL94G",-0.82567644,-1.148382,1,4
"3L5X_A_HL|NL92L,EL93N,YL94G",-0.6954369,-0.8513021,1,4
"3L5X_A_HL|NL92S,EL93H,YL94G",-1.2457265,-0.075533904,1,4
"3L5X_A_HL|NL92S,EL93I,YL94G",-0.8069743,-0.32026216,1,4
"3L5X_A_HL|NL92S,EL93S,YL94G",-0.24921271,-0.5033147,1,4
"3L5X_A_HL|NL92S,EL93V,YL94G",-0.51687235,-0.3540836,1,4
"3L5X_A_HL|NL92S,EL93W,YL94A",-0.30302802,-0.92513394,1,4
"3L5X_A_HL|NL92S,EL93W,YL94G",-1.2720501,-0.80973804,1,4
"3L5X_A_HL|NL92S,EL93Y,YL94G",-0.9641868,-0.34409446,1,4
"3L5X_A_HL|NL92V,EL93G,YL94G",-0.46300006,-0.89565074,1,4
"3L5X_A_HL|NL92V,EL93W,YL94G",-0.83525383,-1.2645082,1,4
3L5X_A_HL|YL94A,-0.82885176,0.21503092,1,4
3N85_A_LH|SH32A,-0.13401966,0.9850344,1,4
3N85_A_LH|SH32Y,0.0571225,-1.5465367,1,4
3N85_A_LH|SH50G,0.48767117,-0.35948485,1,4
3N85_A_LH|SH52Y,-0.78460336,-1.1275637,1,4
3N85_A_LH|WH100F,-0.015185109,0.73348624,1,4
3N85_A_LH|WH30K,-0.78460336,1.4501817,1,4
3N85_A_LH|WH30R,-0.5539675,0.5248176,1,4
3N85_A_LH|WL91F,0.13959166,1.445809,1,4
3N85_A_LH|WL94Y,-0.03871881,0.15294333,1,4
3SE8_HL_G|DH110A,-0.38934898,-0.07387119,1,4
3SE8_HL_G|DH114A,-0.2441398,1.4818324,1,4
3SE8_HL_G|DL49A,0.8558488,2.1464267,1,4
3SE8_HL_G|EL1A,-0.5565174,-0.22241361,1,4
3SE8_HL_G|EL91A,1.513491,1.4594306,1,4
3SE8_HL_G|FH115A,1.0676043,2.2926455,1,4
3SE8_HL_G|FL90A,-0.8640972,0.92470634,1,4
3SE8_HL_G|FL92A,0.8323254,1.3840193,1,4
3SE8_HL_G|GH56A,0.3570972,0.66320217,1,4
3SE8_HL_G|KH52A,1.1114144,0.63208735,1,4
3SE8_HL_G|LH54A,0.054776184,1.0659509,1,4
3SE8_HL_G|NL30A,0.19434923,0.45360458,1,4
3SE8_HL_G|PH78A,0.01881787,-0.14892837,1,4
3SE8_HL_G|PH81A,-0.07091986,0.32419634,1,4
3SE8_HL_G|QH63A,1.1144251,-0.049295392,1,4
3SE8_HL_G|QH65A,0.54980505,0.024456065,1,4
3SE8_HL_G|QH76A,0.09689985,0.15673314,1,4
3SE8_HL_G|QL27A,-0.21612903,-0.085013814,1,4
3SE8_HL_G|RH30A,-0.03949762,0.38626575,1,4
3SE8_HL_G|RH62A,1.2061691,0.36973226,1,4
3SE8_HL_G|RH72A,2.6444623,0.82643765,1,4
3SE8_HL_G|SH59A,1.1508402,0.5142688,1,4
3SE8_HL_G|VH58A,1.2496852,0.8198192,1,4
3SE8_HL_G|WH47A,1.4751467,2.0100443,1,4
3SE8_HL_G|WH50A,1.333526,1.4065565,1,4
3SE8_HL_G|WH55A,0.7611056,0.38622418,1,4
3SE8_HL_G|YH111A,0.82992166,-0.18000427,1,4
3SE8_HL_G|YH60A,0.8558488,0.9411036,1,4
4KRL_A_B|DB112A,0.6496817,1.3784634,1,4
5C6T_HL_A|EA194A,1.0906719,0.72804534,1,4
5C6T_HL_A|FA192A,1.9972014,1.9063684,1,4
5C6T_HL_A|FA199A,2.7581792,1.3544738,1,4
5C6T_HL_A|FA200A,0.41047263,1.5942314,1,4
5C6T_HL_A|FH99A,1.4600298,0.7566968,1,4
5C6T_HL_A|IA201A,0.88561165,0.59952927,1,4
5C6T_HL_A|NA183A,0.28399685,1.628474,1,4
5C6T_HL_A|NA186A,0.3630724,-0.80134875,1,4
5C6T_HL_A|NA188A,-0.36658686,1.9892745,1,4
"5C6T_HL_A|NA195A,DA197A",0.58650106,2.2770243,1,4
5C6T_HL_A|NH97A,1.5258962,0.041032888,1,4
5C6T_HL_A|RH31S,0.3115454,0.8043306,1,4
5C6T_HL_A|RL48A,0.1229613,1.0664079,1,4
5C6T_HL_A|SH32A,-0.8683455,-0.035202656,1,4
5C6T_HL_A|TA185A,0.33786914,0.9090993,1,4
5C6T_HL_A|YA182A,3.2083547,0.3745031,1,4
"5C6T_HL_A|YA182A,NA195A,DA197A",2.942425,2.0078213,1,4
5C6T_HL_A|YH104A,0.3630724,1.8493388,1,4
5C6T_HL_A|YH98A,1.7166799,0.31880397,1,4
5C6T_HL_A|YL47A,0.5516565,1.9460938,1,4
1KIP_AB_C|AB32Y,-0.8005932,-1.6253371,1,5
1XGU_AB_C|FB33A,4.0,1.1875978,1,5
1XGU_AB_C|FB33I,1.8004549,0.35919598,1,5
1XGU_AB_C|FB33L,1.8617703,0.32015482,1,5
1XGU_AB_C|FB33V,2.9080825,0.5335408,1,5
2B2X_HL_A|EH64K,-0.033433665,0.26823038,1,5
"2B2X_HL_A|EH64K,QL28S,YL52N",0.911615,0.81649256,1,5
"2B2X_HL_A|EH64K,QL28S,YL52N,GH102S",2.7106705,1.2496599,1,5
"2B2X_HL_A|EH64K,QL28S,YL52N,SH35A",3.119054,1.3639461,1,5
"2B2X_HL_A|EH64K,QL28S,YL52N,SH35V",3.770335,1.2805754,1,5
"2B2X_HL_A|EH64K,YL52N",0.34853002,0.8692029,1,5
"2B2X_HL_A|QL28S,YL52N",0.8626942,0.571519,1,5
2B2X_HL_A|VH50T,0.024054652,0.023520049,1,5
"2B2X_HL_A|VH50T,EH64D,QL28S,YL52N",0.87177193,0.90494597,1,5
"2B2X_HL_A|VH50T,EH64K,QL28S",0.991589,0.39758378,1,5
"2B2X_HL_A|VH50T,EH64K,QL28S,YL52D",1.5439764,0.72771984,1,5
"2B2X_HL_A|VH50T,EH64K,QL28S,YL52E",0.95452905,0.66449213,1,5
"2B2X_HL_A|VH50T,EH64K,QL28S,YL52K",1.7007239,1.1875556,1,5
"2B2X_HL_A|VH50T,EH64K,QL28S,YL52N",1.043214,0.9575834,1,5
"2B2X_HL_A|VH50T,EH64K,QL28S,YL52N,FH99W",1.043214,0.5172862,1,5
"2B2X_HL_A|VH50T,EH64K,QL28S,YL52N,FH99Y",1.7978828,0.18281938,1,5
"2B2X_HL_A|VH50T,EH64K,QL28S,YL52N,GH100F",1.4322319,1.0395198,1,5
"2B2X_HL_A|VH50T,EH64K,QL28S,YL52N,GH100L",3.770335,1.323779,1,5
"2B2X_HL_A|VH50T,EH64K,QL28S,YL52N,GH100M",1.145348,1.2553517,1,5
"2B2X_HL_A|VH50T,EH64K,QL28S,YL52N,GH100S",1.6009614,1.2538418,1,5
"2B2X_HL_A|VH50T,EH64K,QL28S,YL52N,GH53A",1.5558206,1.3233601,1,5
"2B2X_HL_A|VH50T,EH64K,QL28S,YL52N,GH53N",2.2985272,1.1997683,1,5
"2B2X_HL_A|VH50T,EH64K,QL28S,YL52N,GH53S",1.7188073,1.0081276,1,5
"2B2X_HL_A|VH50T,EH64K,QL28S,YL52N,GH54I",2.4067745,1.3645967,1,5
"2B2X_HL_A|VH50T,EH64K,QL28S,YL52N,GH54T",2.2073808,1.70006,1,5
"2B2X_HL_A|VH50T,EH64K,QL28S,YL52N,GH54Y",1.043214,0.6307206,1,5
"2B2X_HL_A|VH50T,EH64K,QL28S,YL52N,GL92Q",2.6158988,1.2800155,1,5
"2B2X_HL_A|VH50T,EH64K,QL28S,YL52N,GL92S",1.5558206,1.1107415,1,5
"2B2X_HL_A|VH50T,EH64K,QL28S,YL52N,HL31K",2.2073808,1.5458721,1,5
"2B2X_HL_A|VH50T,EH64K,QL28S,YL52N,HL31R",2.1670115,1.2320378,1,5
"2B2X_HL_A|VH50T,EH64K,QL28S,YL52N,HL31W",2.2985272,0.86616004,1,5
"2B2X_HL_A|VH50T,EH64K,QL28S,YL52N,LH60D",0.981894,0.6431848,1,5
"2B2X_HL_A|VH50T,EH64K,QL28S,YL52N,LL49F",1.7554936,0.9272814,1,5
"2B2X_HL_A|VH50T,EH64K,QL28S,YL52N,LL49K",1.9044149,1.4406486,1,5
"2B2X_HL_A|VH50T,EH64K,QL28S,YL52N,LL49W",2.9507816,0.70727956,1,5
"2B2X_HL_A|VH50T,EH64K,QL28S,YL52N,NL30V",2.0925434,1.0869483,1,5
"2B2X_HL_A|VH50T,EH64K,QL28S,YL52N,NL30W",2.6158988,0.8677361,1,5
"2B2X_HL_A|VH50T,EH64K,QL28S,YL52N,NL30Y",2.9507816,0.6328849,1,5
"2B2X_HL_A|VH50T,EH64K,QL28S,YL52N,NL30Y,SL91I",1.4775821,0.74379057,1,5
"2B2X_HL_A|VH50T,EH64K,QL28S,YL52N,RH31Q",2.350542,0.951869,1,5
"2B2X_HL_A|VH50T,EH64K,QL28S,YL52N,SH35A",2.6158988,1.5784843,1,5
"2B2X_HL_A|VH50T,EH64K,QL28S,YL52N,SH35A,GH102S",2.6158988,2.0572865,1,5
"2B2X_HL_A|VH50T,EH64K,QL28S,YL52N,SH35Q",3.770335,1.4161097,1,5
"2B2X_HL_A|VH50T,EH64K,QL28S,YL52N,SH35V,GH102S",2.4688888,2.0078273,1,5
"2B2X_HL_A|VH50T,EH64K,QL28S,YL52N,SH52M",3.119054,0.95210445,1,5
"2B2X_HL_A|VH50T,EH64K,QL28S,YL52N,SL24R",0.82788163,1.009827,1,5
"2B2X_HL_A|VH50T,EH64K,QL28S,YL52N,SL91Q",2.8172472,1.147458,1,5
"2B2X_HL_A|VH50T,EH64K,QL28S,YL52N,SL91R",3.770335,1.1818252,1,5
"2B2X_HL_A|VH50T,EH64K,QL28S,YL52N,SL91R,NL30E",3.770335,0.90612185,1,5
"2B2X_HL_A|VH50T,EH64K,QL28S,YL52N,SL91T",3.3598623,1.1843736,1,5
"2B2X_HL_A|VH50T,EH64K,QL28S,YL52N,TH33E,GH53Q",2.7106705,1.14993,1,5
"2B2X_HL_A|VH50T,EH64K,QL28S,YL52N,TH33I,SH52T,GH53N,GH54N",2.9507816,2.0976553,1,5
"2B2X_HL_A|VH50T,EH64K,QL28S,YL52N,TH33I,SH52T,GH53Q,GH54F",2.2985272,2.3153217,1,5
"2B2X_HL_A|VH50T,EH64K,QL28S,YL52N,TH33N",3.770335,1.016101,1,5
"2B2X_HL_A|VH50T,EH64K,QL28S,YL52N,TH33V",1.4775821,0.9881686,1,5
"2B2X_HL_A|VH50T,EH64K,QL28S,YL52N,WL90Q",3.119054,1.8110688,1,5
"2B2X_HL_A|VH50T,EH64K,QL28S,YL52N,WL90Q,FL33Y",1.914233,1.2773665,1,5
"2B2X_HL_A|VH50T,EH64K,QL28S,YL52N,YH58E",3.119054,1.140933,1,5
"2B2X_HL_A|VH50T,EH64K,QL28S,YL52N,YH58Q",3.119054,1.9346069,1,5
"2B2X_HL_A|VH50T,EH64K,QL28S,YL52N,YH58W",1.8641591,1.0830692,1,5
"2B2X_HL_A|VH50T,EH64K,QL28S,YL52N,YH59E",1.5872209,1.4854316,1,5
"2B2X_HL_A|VH50T,EH64K,QL28S,YL52R",1.8880546,1.0567294,1,5
"2B2X_HL_A|VH50T,EH64K,YL52N",0.28173435,1.0329578,1,5
"2B2X_HL_A|VH50T,EH64N,QL28S,YL52N",1.0069425,1.2328007,1,5
"2B2X_HL_A|VH50T,EH64Q,QL28S,YL52N",0.96559924,1.1261656,1,5
"2B2X_HL_A|VH50T,EH64Q,QL28S,YL52N,LH60D",1.0862032,0.8362622,1,5
"2B2X_HL_A|VH50T,QL28S,YL52N",0.96559924,0.74272525,1,5
"2B2X_HL_A|VH50T,QL28S,YL52N,LH60D",0.90141344,0.40941858,1,5
"2B2X_HL_A|VH50T,YL52N",0.18636756,0.8108916,1,5
2B2X_HL_A|YL52E,-0.22410508,0.30937952,1,5
2VIR_AB_C|SC115L,3.680209,0.08111052,1,5
2VIR_AB_C|TC89I,4.0,0.7939998,1,5
"3G6D_LH_A|EL3V,GL76R,TL77V,QL78E,EL80G",0.13981691,0.4130113,1,5
"3G6D_LH_A|EL3V,GL76R,TL77V,QL78E,EL80G,DH54N",0.111178115,0.8531219,1,5
"3G6D_LH_A|EL3V,GL76R,TL77V,QL78E,EL80G,TL89S,ML92I,VL93D,TL94K",0.27145106,-0.11592071,1,5
3G6D_LH_A|HH104A,-0.9530879,0.32936475,1,5
"3G6D_LH_A|KH210T,KH215T",-0.13294782,0.37423754,1,5
"3G6D_LH_A|TL89S,ML92I,VL93D,TL94K",0.7979767,-0.28873596,1,5
3G6D_LH_A|WH105A,-1.4965084,1.575358,1,5
"3IDX_HL_G|CG27I,CG242Q",-2.4650376,0.013434276,1,5
"3IDX_HL_G|CG27I,CG242Q,MG247A",-2.1736174,-0.10223359,1,5
"3IDX_HL_G|KG85C,EG121C,CG27I,CG242Q",-2.3776865,0.60036796,1,5
"3IDX_HL_G|KG85C,EG121C,WG13M,MG247A,CG14W,CG129V,CG27I,CG242Q",-2.1922898,0.34156013,1,5
"3IDX_HL_G|KG85C,EG122C,WG13M,MG247A,CG14W,CG129V,CG27I,CG242Q",-2.2927184,0.3064856,1,5
"3IDX_HL_G|TG41C,GG245C,MG247A",0.40945426,0.5329823,1,5
"3IDX_HL_G|TG41C,GG245C,WG13M,MG247A,CG14W,CG129V,CG27I,CG242Q",-2.3310676,0.2617753,1,5
"3IDX_HL_G|WG13M,MG247A,CG14W,CG129V",-0.6475391,0.0999984,1,5
"3IDX_HL_G|WG13M,MG247A,CG14W,CG129V,CG27I,CG242Q",-2.3479884,0.025778007,1,5
"3IDX_HL_G|WG13M,MG247A,CG14W,CG129V,KG85C,EG121C",-0.36166522,0.5905036,1,5
"3IDX_HL_G|WG13M,SG111T,WG200S,MG247A,CG14W,CG129V,CG27I,CG242Q",-1.8639641,0.11769816,1,5
"3L5X_A_HL|EL93F,YL94G",-0.42800838,0.8812483,1,5
"3L5X_A_HL|EL93H,YL94G",-0.7626503,0.836616,1,5
"3L5X_A_HL|HL91P,NL92I,EL93D,YL94A",-0.6466697,1.1501316,1,5
"3L5X_A_HL|HL91P,NL92L,EL93D,YL94S",-0.6327897,0.83392197,1,5
"3L5X_A_HL|HL91P,NL92L,EL93D,YL94T",-0.81005055,1.1748401,1,5
"3L5X_A_HL|HL91P,NL92L,EL93D,YL94V",-0.85822237,0.6691751,1,5
"3L5X_A_HL|HL91P,NL92L,YL94A",-0.44441348,0.9726132,1,5
"3L5X_A_HL|HL91Q,NL92D,EL93I,YL94G",-1.5503801,1.0903057,1,5
"3L5X_A_HL|HL91Q,NL92D,EL93L,YL94G",-1.785132,1.1071653,1,5
"3L5X_A_HL|HL91Q,NL92D,EL93Y,YL94G",-1.451453,0.44981202,1,5
"3L5X_A_HL|NL92D,EL93L,YL94G",-0.42962858,0.6660447,1,5
"3L5X_A_HL|NL92D,EL93N,YL94S",-0.53403836,1.0043174,1,5
"3L5X_A_HL|NL92D,EL93P,YL94G",-1.4699602,0.5632215,1,5
"3L5X_A_HL|NL92D,EL93R,YL94D",-0.52253926,0.6245753,1,5
"3L5X_A_HL|NL92D,EL93W,YL94E",-1.1963489,0.074653104,1,5
"3L5X_A_HL|NL92D,EL93W,YL94G",-1.6825228,0.13466422,1,5
"3L5X_A_HL|NL92D,EL93W,YL94S",-0.71612674,0.5511688,1,5
"3L5X_A_HL|NL92D,EL93Y,YL94A",-0.8069743,0.64716375,1,5
"3L5X_A_HL|NL92E,EL93S,YL94G",-1.2653587,0.15823983,1,5
"3L5X_A_HL|NL92E,EL93W,YL94G",-1.5503801,-0.17119437,1,5
"3L5X_A_HL|NL92F,EL93W,YL94G",-1.2329907,0.1414611,1,5
"3L5X_A_HL|NL92L,EL93D,YL94S",-0.6170473,0.7760211,1,5
"3L5X_A_HL|NL92L,EL93L,YL94G",-0.6259698,0.7783253,1,5
"3L5X_A_HL|NL92L,EL93M,YL94G",-0.82567644,0.72061485,1,5
"3L5X_A_HL|NL92L,EL93N,YL94G",-0.6954369,0.8011563,1,5
"3L5X_A_HL|NL92S,EL93H,YL94G",-1.2457265,0.78252673,1,5
"3L5X_A_HL|NL92S,EL93I,YL94G",-0.8069743,0.9034779,1,5
"3L5X_A_HL|NL92S,EL93S,YL94G",-0.24921271,0.7237443,1,5
"3L5X_A_HL|NL92S,EL93V,YL94G",-0.51687235,0.84512913,1,5
"3L5X_A_HL|NL92S,EL93W,YL94A",-0.30302802,0.96190035,1,5
"3L5X_A_HL|NL92S,EL93W,YL94G",-1.2720501,0.33253485,1,5
"3L5X_A_HL|NL92S,EL93Y,YL94G",-0.9641868,0.27004835,1,5
"3L5X_A_HL|NL92V,EL93G,YL94G",-0.46300006,0.4710408,1,5
"3L5X_A_HL|NL92V,EL93W,YL94G",-0.83525383,0.29284418,1,5
3L5X_A_HL|YL94A,-0.82885176,0.92832744,1,5
3N85_A_LH|SH32A,-0.13401966,0.32107034,1,5
3N85_A_LH|SH32Y,0.0571225,-0.4791583,1,5
3N85_A_LH|SH50G,0.48767117,-0.05960759,1,5
3N85_A_LH|SH52Y,-0.78460336,-1.1368285,1,5
3N85_A_LH|WH100F,-0.015185109,0.37583825,1,5
3N85_A_LH|WH30K,-0.78460336,0.26917621,1,5
3N85_A_LH|WH30R,-0.5539675,0.07396799,1,5
3N85_A_LH|WL91F,0.13959166,0.1884801,1,5
3N85_A_LH|WL94Y,-0.03871881,-0.5016449,1,5
3SE8_HL_G|DH110A,-0.38934898,0.33541504,1,5
3SE8_HL_G|DH114A,-0.2441398,0.5945162,1,5
3SE8_HL_G|DL49A,0.8558488,1.419397,1,5
3SE8_HL_G|EL1A,-0.5565174,0.24949016,1,5
3SE8_HL_G|EL91A,1.513491,1.3981683,1,5
3SE8_HL_G|FH115A,1.0676043,0.868728,1,5
3SE8_HL_G|FL90A,-0.8640972,1.2934097,1,5
3SE8_HL_G|FL92A,0.8323254,0.674044,1,5
3SE8_HL_G|GH56A,0.3570972,0.68096083,1,5
3SE8_HL_G|KH52A,1.1114144,0.41087037,1,5
3SE8_HL_G|LH54A,0.054776184,0.6760758,1,5
3SE8_HL_G|NL30A,0.19434923,0.65832543,1,5
3SE8_HL_G|PH78A,0.01881787,0.25302994,1,5
3SE8_HL_G|PH81A,-0.07091986,0.50894433,1,5
3SE8_HL_G|QH63A,1.1144251,0.32078737,1,5
3SE8_HL_G|QH65A,0.54980505,0.34901068,1,5
3SE8_HL_G|QH76A,0.09689985,0.35562173,1,5
3SE8_HL_G|QL27A,-0.21612903,0.6192726,1,5
3SE8_HL_G|RH30A,-0.03949762,0.7960876,1,5
3SE8_HL_G|RH62A,1.2061691,0.3495239,1,5
3SE8_HL_G|RH72A,2.6444623,0.5869983,1,5
3SE8_HL_G|SH59A,1.1508402,0.34791413,1,5
3SE8_HL_G|VH58A,1.2496852,1.1889794,1,5
3SE8_HL_G|WH47A,1.4751467,1.2023505,1,5
3SE8_HL_G|WH50A,1.333526,1.7245924,1,5
3SE8_HL_G|WH55A,0.7611056,0.7732345,1,5
3SE8_HL_G|YH111A,0.82992166,1.1408098,1,5
3SE8_HL_G|YH60A,0.8558488,0.3346873,1,5
4KRL_A_B|DB112A,0.6496817,1.2099195,1,5
5C6T_HL_A|EA194A,1.0906719,0.046289574,1,5
5C6T_HL_A|FA192A,1.9972014,0.47707957,1,5
5C6T_HL_A|FA199A,2.7581792,0.20877327,1,5
5C6T_HL_A|FA200A,0.41047263,0.7579057,1,5
5C6T_HL_A|FH99A,1.4600298,0.50038946,1,5
5C6T_HL_A|IA201A,0.88561165,-0.14940126,1,5
5C6T_HL_A|NA183A,0.28399685,0.26871648,1,5
5C6T_HL_A|NA186A,0.3630724,0.3987618,1,5
5C6T_HL_A|NA188A,-0.36658686,0.8576319,1,5
"5C6T_HL_A|NA195A,DA197A",0.58650106,0.85214484,1,5
5C6T_HL_A|NH97A,1.5258962,0.33354798,1,5
5C6T_HL_A|RH31S,0.3115454,0.22046019,1,5
5C6T_HL_A|RL48A,0.1229613,0.8091947,1,5
5C6T_HL_A|SH32A,-0.8683455,0.9279884,1,5
5C6T_HL_A|TA185A,0.33786914,0.12806495,1,5
5C6T_HL_A|YA182A,3.2083547,0.53955895,1,5
"5C6T_HL_A|YA182A,NA195A,DA197A",2.942425,1.2367936,1,5
5C6T_HL_A|YH104A,0.3630724,1.5221645,1,5
5C6T_HL_A|YH98A,1.7166799,1.3050586,1,5
5C6T_HL_A|YL47A,0.5516565,1.1432651,1,5
1KIP_AB_C|AB32Y,-0.8005932,-1.6757785,1,6
1XGU_AB_C|FB33A,4.0,1.9490194,1,6
1XGU_AB_C|FB33I,1.8004549,0.5227787,1,6
1XGU_AB_C|FB33L,1.8617703,0.7467839,1,6
1XGU_AB_C|FB33V,2.9080825,0.66857857,1,6
2B2X_HL_A|EH64K,-0.033433665,0.007741095,1,6
"2B2X_HL_A|EH64K,QL28S,YL52N",0.911615,0.56337565,1,6
"2B2X_HL_A|EH64K,QL28S,YL52N,GH102S",2.7106705,0.5970896,1,6
"2B2X_HL_A|EH64K,QL28S,YL52N,SH35A",3.119054,0.845167,1,6
"2B2X_HL_A|EH64K,QL28S,YL52N,SH35V",3.770335,0.74542534,1,6
"2B2X_HL_A|EH64K,YL52N",0.34853002,0.48942173,1,6
"2B2X_HL_A|QL28S,YL52N",0.8626942,0.39273334,1,6
2B2X_HL_A|VH50T,0.024054652,0.612397,1,6
"2B2X_HL_A|VH50T,EH64D,QL28S,YL52N",0.87177193,0.76151884,1,6
"2B2X_HL_A|VH50T,EH64K,QL28S",0.991589,0.6475056,1,6
"2B2X_HL_A|VH50T,EH64K,QL28S,YL52D",1.5439764,0.8871632,1,6
"2B2X_HL_A|VH50T,EH64K,QL28S,YL52E",0.95452905,0.9244185,1,6
"2B2X_HL_A|VH50T,EH64K,QL28S,YL52K",1.7007239,1.2002866,1,6
"2B2X_HL_A|VH50T,EH64K,QL28S,YL52N",1.043214,0.9837844,1,6
"2B2X_HL_A|VH50T,EH64K,QL28S,YL52N,FH99W",1.043214,0.6423896,1,6
"2B2X_HL_A|VH50T,EH64K,QL28S,YL52N,FH99Y",1.7978828,0.32875347,1,6
"2B2X_HL_A|VH50T,EH64K,QL28S,YL52N,GH100F",1.4322319,0.8281693,1,6
"2B2X_HL_A|VH50T,EH64K,QL28S,YL52N,GH100L",3.770335,1.1110501,1,6
"2B2X_HL_A|VH50T,EH64K,QL28S,YL52N,GH100M",1.145348,0.9392634,1,6
"2B2X_HL_A|VH50T,EH64K,QL28S,YL52N,GH100S",1.6009614,1.0702991,1,6
"2B2X_HL_A|VH50T,EH64K,QL28S,YL52N,GH53A",1.5558206,1.0255566,1,6
"2B2X_HL_A|VH50T,EH64K,QL28S,YL52N,GH53N",2.2985272,0.90497714,1,6
"2B2X_HL_A|VH50T,EH64K,QL28S,YL52N,GH53S",1.7188073,0.90748173,1,6
"2B2X_HL_A|VH50T,EH64K,QL28S,YL52N,GH54I",2.4067745,1.1128209,1,6
"2B2X_HL_A|VH50T,EH64K,QL28S,YL52N,GH54T",2.2073808,1.4512541,1,6
"2B2X_HL_A|VH50T,EH64K,QL28S,YL52N,GH54Y",1.043214,0.67362064,1,6
"2B2X_HL_A|VH50T,EH64K,QL28S,YL52N,GL92Q",2.6158988,0.9151695,1,6
"2B2X_HL_A|VH50T,EH64K,QL28S,YL52N,GL92S",1.5558206,0.922455,1,6
"2B2X_HL_A|VH50T,EH64K,QL28S,YL52N,HL31K",2.2073808,1.1440156,1,6
"2B2X_HL_A|VH50T,EH64K,QL28S,YL52N,HL31R",2.1670115,0.9357961,1,6
"2B2X_HL_A|VH50T,EH64K,QL28S,YL52N,HL31W",2.2985272,0.9408334,1,6
"2B2X_HL_A|VH50T,EH64K,QL28S,YL52N,LH60D",0.981894,0.93252164,1,6
"2B2X_HL_A|VH50T,EH64K,QL28S,YL52N,LL49F",1.7554936,0.73065925,1,6
"2B2X_HL_A|VH50T,EH64K,QL28S,YL52N,LL49K",1.9044149,0.9070937,1,6
"2B2X_HL_A|VH50T,EH64K,QL28S,YL52N,LL49W",2.9507816,0.5388768,1,6
"2B2X_HL_A|VH50T,EH64K,QL28S,YL52N,NL30V",2.0925434,1.1149644,1,6
"2B2X_HL_A|VH50T,EH64K,QL28S,YL52N,NL30W",2.6158988,1.1917453,1,6
"2B2X_HL_A|VH50T,EH64K,QL28S,YL52N,NL30Y",2.9507816,0.8332665,1,6
"2B2X_HL_A|VH50T,EH64K,QL28S,YL52N,NL30Y,SL91I",1.4775821,1.0201992,1,6
"2B2X_HL_A|VH50T,EH64K,QL28S,YL52N,RH31Q",2.350542,1.2225076,1,6
"2B2X_HL_A|VH50T,EH64K,QL28S,YL52N,SH35A",2.6158988,1.237397,1,6
"2B2X_HL_A|VH50T,EH64K,QL28S,YL52N,SH35A,GH102S",2.6158988,1.2708606,1,6
"2B2X_HL_A|VH50T,EH64K,QL28S,YL52N,SH35Q",3.770335,1.0705731,1,6
"2B2X_HL_A|VH50T,EH64K,QL28S,YL52N,SH35V,GH102S",2.4688888,1.2085277,1,6
"2B2X_HL_A|VH50T,EH64K,QL28S,YL52N,SH52M",3.119054,1.0870644,1,6
"2B2X_HL_A|VH50T,EH64K,QL28S,YL52N,SL24R",0.82788163,0.8889231,1,6
"2B2X_HL_A|VH50T,EH64K,QL28S,YL52N,SL91Q",2.8172472,1.1141382,1,6
"2B2X_HL_A|VH50T,EH64K,QL28S,YL52N,SL91R",3.770335,1.1227379,1,6
"2B2X_HL_A|VH50T,EH64K,QL28S,YL52N,SL91R,NL30E",3.770335,1.2855607,1,6
"2B2X_HL_A|VH50T,EH64K,QL28S,YL52N,SL91T",3.3598623,1.2166531,1,6
"2B2X_HL_A|VH50T,EH64K,QL28S,YL52N,TH33E,GH53Q",2.7106705,0.97378105,1,6
"2B2X_HL_A|VH50T,EH64K,QL28S,YL52N,TH33I,SH52T,GH53N,GH54N",2.9507816,1.185373,1,6
"2B2X_HL_A|VH50T,EH64K,QL28S,YL52N,TH33I,SH52T,GH53Q,GH54F",2.2985272,1.596125,1,6
"2B2X_HL_A|VH50T,EH64K,QL28S,YL52N,TH33N",3.770335,0.9369218,1,6
"2B2X_HL_A|VH50T,EH64K,QL28S,YL52N,TH33V",1.4775821,0.9077124,1,6
"2B2X_HL_A|VH50T,EH64K,QL28S,YL52N,WL90Q",3.119054,1.5974444,1,6
"2B2X_HL_A|VH50T,EH64K,QL28S,YL52N,WL90Q,FL33Y",1.914233,1.2364397,1,6
"2B2X_HL_A|VH50T,EH64K,QL28S,YL52N,YH58E",3.119054,1.4185243,1,6
"2B2X_HL_A|VH50T,EH64K,QL28S,YL52N,YH58Q",3.119054,1.6500779,1,6
"2B2X_HL_A|VH50T,EH64K,QL28S,YL52N,YH58W",1.8641591,1.2436143,1,6
"2B2X_HL_A|VH50T,EH64K,QL28S,YL52N,YH59E",1.5872209,1.3507876,1,6
"2B2X_HL_A|VH50T,EH64K,QL28S,YL52R",1.8880546,0.9721671,1,6
"2B2X_HL_A|VH50T,EH64K,YL52N",0.28173435,0.9139039,1,6
"2B2X_HL_A|VH50T,EH64N,QL28S,YL52N",1.0069425,0.89905846,1,6
"2B2X_HL_A|VH50T,EH64Q,QL28S,YL52N",0.96559924,0.93451846,1,6
"2B2X_HL_A|VH50T,EH64Q,QL28S,YL52N,LH60D",1.0862032,0.8883197,1,6
"2B2X_HL_A|VH50T,QL28S,YL52N",0.96559924,0.7251277,1,6
"2B2X_HL_A|VH50T,QL28S,YL52N,LH60D",0.90141344,0.62552625,1,6
"2B2X_HL_A|VH50T,YL52N",0.18636756,0.71623963,1,6
2B2X_HL_A|YL52E,-0.22410508,0.45691323,1,6
2VIR_AB_C|SC115L,3.680209,0.15800655,1,6
2VIR_AB_C|TC89I,4.0,1.2102846,1,6
"3G6D_LH_A|EL3V,GL76R,TL77V,QL78E,EL80G",0.13981691,0.43178618,1,6
"3G6D_LH_A|EL3V,GL76R,TL77V,QL78E,EL80G,DH54N",0.111178115,0.46418262,1,6
"3G6D_LH_A|EL3V,GL76R,TL77V,QL78E,EL80G,TL89S,ML92I,VL93D,TL94K",0.27145106,-0.2695859,1,6
3G6D_LH_A|HH104A,-0.9530879,0.63151973,1,6
"3G6D_LH_A|KH210T,KH215T",-0.13294782,0.6332248,1,6
"3G6D_LH_A|TL89S,ML92I,VL93D,TL94K",0.7979767,-0.5579608,1,6
3G6D_LH_A|WH105A,-1.4965084,1.7324404,1,6
"3IDX_HL_G|CG27I,CG242Q",-2.4650376,0.2119852,1,6
"3IDX_HL_G|CG27I,CG242Q,MG247A",-2.1736174,0.09033272,1,6
"3IDX_HL_G|KG85C,EG121C,CG27I,CG242Q",-2.3776865,0.75415164,1,6
"3IDX_HL_G|KG85C,EG121C,WG13M,MG247A,CG14W,CG129V,CG27I,CG242Q",-2.1922898,0.33058965,1,6
"3IDX_HL_G|KG85C,EG122C,WG13M,MG247A,CG14W,CG129V,CG27I,CG242Q",-2.2927184,0.25413483,1,6
"3IDX_HL_G|TG41C,GG245C,MG247A",0.40945426,0.5097125,1,6
"3IDX_HL_G|TG41C,GG245C,WG13M,MG247A,CG14W,CG129V,CG27I,CG242Q",-2.3310676,0.31208974,1,6
"3IDX_HL_G|WG13M,MG247A,CG14W,CG129V",-0.6475391,0.062709786,1,6
"3IDX_HL_G|WG13M,MG247A,CG14W,CG129V,CG27I,CG242Q",-2.3479884,-0.08824033,1,6
"3IDX_HL_G|WG13M,MG247A,CG14W,CG129V,KG85C,EG121C",-0.36166522,0.6597701,1,6
"3IDX_HL_G|WG13M,SG111T,WG200S,MG247A,CG14W,CG129V,CG27I,CG242Q",-1.8639641,-0.2283128,1,6
"3L5X_A_HL|EL93F,YL94G",-0.42800838,0.9292016,1,6
"3L5X_A_HL|EL93H,YL94G",-0.7626503,0.68116796,1,6
"3L5X_A_HL|HL91P,NL92I,EL93D,YL94A",-0.6466697,1.1789521,1,6
"3L5X_A_HL|HL91P,NL92L,EL93D,YL94S",-0.6327897,1.1185967,1,6
"3L5X_A_HL|HL91P,NL92L,EL93D,YL94T",-0.81005055,1.4207822,1,6
"3L5X_A_HL|HL91P,NL92L,EL93D,YL94V",-0.85822237,1.0460067,1,6
"3L5X_A_HL|HL91P,NL92L,YL94A",-0.44441348,1.4634478,1,6
"3L5X_A_HL|HL91Q,NL92D,EL93I,YL94G",-1.5503801,0.9364244,1,6
"3L5X_A_HL|HL91Q,NL92D,EL93L,YL94G",-1.785132,0.92829245,1,6
"3L5X_A_HL|HL91Q,NL92D,EL93Y,YL94G",-1.451453,0.24074152,1,6
"3L5X_A_HL|NL92D,EL93L,YL94G",-0.42962858,0.9150925,1,6
"3L5X_A_HL|NL92D,EL93N,YL94S",-0.53403836,0.64079845,1,6
"3L5X_A_HL|NL92D,EL93P,YL94G",-1.4699602,0.8703065,1,6
"3L5X_A_HL|NL92D,EL93R,YL94D",-0.52253926,0.47626182,1,6
"3L5X_A_HL|NL92D,EL93W,YL94E",-1.1963489,0.003775043,1,6
"3L5X_A_HL|NL92D,EL93W,YL94G",-1.6825228,0.24945146,1,6
"3L5X_A_HL|NL92D,EL93W,YL94S",-0.71612674,0.20877607,1,6
"3L5X_A_HL|NL92D,EL93Y,YL94A",-0.8069743,0.3361268,1,6
"3L5X_A_HL|NL92E,EL93S,YL94G",-1.2653587,0.6552083,1,6
"3L5X_A_HL|NL92E,EL93W,YL94G",-1.5503801,0.14615193,1,6
"3L5X_A_HL|NL92F,EL93W,YL94G",-1.2329907,0.35890415,1,6
"3L5X_A_HL|NL92L,EL93D,YL94S",-0.6170473,0.83059555,1,6
"3L5X_A_HL|NL92L,EL93L,YL94G",-0.6259698,1.1911411,1,6
"3L5X_A_HL|NL92L,EL93M,YL94G",-0.82567644,1.0994222,1,6
"3L5X_A_HL|NL92L,EL93N,YL94G",-0.6954369,0.89654624,1,6
"3L5X_A_HL|NL92S,EL93H,YL94G",-1.2457265,0.78729886,1,6
"3L5X_A_HL|NL92S,EL93I,YL94G",-0.8069743,1.1696357,1,6
"3L5X_A_HL|NL92S,EL93S,YL94G",-0.24921271,1.0082455,1,6
"3L5X_A_HL|NL92S,EL93V,YL94G",-0.51687235,1.0052128,1,6
"3L5X_A_HL|NL92S,EL93W,YL94A",-0.30302802,0.78997,1,6
"3L5X_A_HL|NL92S,EL93W,YL94G",-1.2720501,0.5284594,1,6
"3L5X_A_HL|NL92S,EL93Y,YL94G",-0.9641868,0.40905297,1,6
"3L5X_A_HL|NL92V,EL93G,YL94G",-0.46300006,0.8733788,1,6
"3L5X_A_HL|NL92V,EL93W,YL94G",-0.83525383,0.3764386,1,6
3L5X_A_HL|YL94A,-0.82885176,1.0819921,1,6
3N85_A_LH|SH32A,-0.13401966,0.3919022,1,6
3N85_A_LH|SH32Y,0.0571225,-0.890867,1,6
3N85_A_LH|SH50G,0.48767117,-0.04111244,1,6
3N85_A_LH|SH52Y,-0.78460336,-1.197988,1,6
3N85_A_LH|WH100F,-0.015185109,0.8557309,1,6
3N85_A_LH|WH30K,-0.78460336,0.31635034,1,6
3N85_A_LH|WH30R,-0.5539675,0.06301828,1,6
3N85_A_LH|WL91F,0.13959166,0.9950617,1,6
3N85_A_LH|WL94Y,-0.03871881,-0.32359564,1,6
3SE8_HL_G|DH110A,-0.38934898,0.5748566,1,6
3SE8_HL_G|DH114A,-0.2441398,0.70070565,1,6
3SE8_HL_G|DL49A,0.8558488,0.9133791,1,6
3SE8_HL_G|EL1A,-0.5565174,0.24853185,1,6
3SE8_HL_G|EL91A,1.513491,0.87642753,1,6
3SE8_HL_G|FH115A,1.0676043,0.5866156,1,6
3SE8_HL_G|FL90A,-0.8640972,0.8878246,1,6
3SE8_HL_G|FL92A,0.8323254,0.28467357,1,6
3SE8_HL_G|GH56A,0.3570972,0.7808677,1,6
3SE8_HL_G|KH52A,1.1114144,0.827625,1,6
3SE8_HL_G|LH54A,0.054776184,0.75157696,1,6
3SE8_HL_G|NL30A,0.19434923,0.47092682,1,6
3SE8_HL_G|PH78A,0.01881787,0.44564983,1,6
3SE8_HL_G|PH81A,-0.07091986,0.37232837,1,6
3SE8_HL_G|QH63A,1.1144251,0.38506198,1,6
3SE8_HL_G|QH65A,0.54980505,0.4865353,1,6
3SE8_HL_G|QH76A,0.09689985,0.8039185,1,6
3SE8_HL_G|QL27A,-0.21612903,0.2650042,1,6
3SE8_HL_G|RH30A,-0.03949762,0.6622141,1,6
3SE8_HL_G|RH62A,1.2061691,0.64102226,1,6
3SE8_HL_G|RH72A,2.6444623,0.7514607,1,6
3SE8_HL_G|SH59A,1.1508402,0.9804334,1,6
3SE8_HL_G|VH58A,1.2496852,1.2229363,1,6
3SE8_HL_G|WH47A,1.4751467,1.2613001,1,6
3SE8_HL_G|WH50A,1.333526,2.9121256,1,6
3SE8_HL_G|WH55A,0.7611056,1.2049216,1,6
3SE8_HL_G|YH111A,0.82992166,0.8158574,1,6
3SE8_HL_G|YH60A,0.8558488,1.1332698,1,6
4KRL_A_B|DB112A,0.6496817,1.9646136,1,6
5C6T_HL_A|EA194A,1.0906719,-0.08643264,1,6
5C6T_HL_A|FA192A,1.9972014,1.2324057,1,6
5C6T_HL_A|FA199A,2.7581792,1.1162636,1,6
5C6T_HL_A|FA200A,0.41047263,1.3957157,1,6
5C6T_HL_A|FH99A,1.4600298,0.45642665,1,6
5C6T_HL_A|IA201A,0.88561165,0.09809918,1,6
5C6T_HL_A|NA183A,0.28399685,0.69152874,1,6
5C6T_HL_A|NA186A,0.3630724,0.46192458,1,6
5C6T_HL_A|NA188A,-0.36658686,0.54310465,1,6
"5C6T_HL_A|NA195A,DA197A",0.58650106,1.2088294,1,6
5C6T_HL_A|NH97A,1.5258962,0.7522552,1,6
5C6T_HL_A|RH31S,0.3115454,0.25711387,1,6
5C6T_HL_A|RL48A,0.1229613,1.6986139,1,6
5C6T_HL_A|SH32A,-0.8683455,0.9381948,1,6
5C6T_HL_A|TA185A,0.33786914,0.2567321,1,6
5C6T_HL_A|YA182A,3.2083547,0.6739979,1,6
"5C6T_HL_A|YA182A,NA195A,DA197A",2.942425,1.768637,1,6
5C6T_HL_A|YH104A,0.3630724,2.0239365,1,6
5C6T_HL_A|YH98A,1.7166799,2.0534325,1,6
5C6T_HL_A|YL47A,0.5516565,2.329497,1,6
1KIP_AB_C|AB32Y,-0.8005932,-1.2157661,1,7
1XGU_AB_C|FB33A,4.0,4.6250353,1,7
1XGU_AB_C|FB33I,1.8004549,2.0644886,1,7
1XGU_AB_C|FB33L,1.8617703,2.0547626,1,7
1XGU_AB_C|FB33V,2.9080825,3.2113574,1,7
2B2X_HL_A|EH64K,-0.033433665,0.43999594,1,7
"2B2X_HL_A|EH64K,QL28S,YL52N",0.911615,1.0740871,1,7
"2B2X_HL_A|EH64K,QL28S,YL52N,GH102S",2.7106705,1.5750486,1,7
"2B2X_HL_A|EH64K,QL28S,YL52N,SH35A",3.119054,1.6239061,1,7
"2B2X_HL_A|EH64K,QL28S,YL52N,SH35V",3.770335,1.6592504,1,7
"2B2X_HL_A|EH64K,YL52N",0.34853002,0.530507,1,7
"2B2X_HL_A|QL28S,YL52N",0.8626942,0.87007827,1,7
2B2X_HL_A|VH50T,0.024054652,-0.4214581,1,7
"2B2X_HL_A|VH50T,EH64D,QL28S,YL52N",0.87177193,0.9159535,1,7
"2B2X_HL_A|VH50T,EH64K,QL28S",0.991589,0.86870056,1,7
"2B2X_HL_A|VH50T,EH64K,QL28S,YL52D",1.5439764,0.9396384,1,7
"2B2X_HL_A|VH50T,EH64K,QL28S,YL52E",0.95452905,0.98520535,1,7
"2B2X_HL_A|VH50T,EH64K,QL28S,YL52K",1.7007239,1.5459327,1,7
"2B2X_HL_A|VH50T,EH64K,QL28S,YL52N",1.043214,1.2216092,1,7
"2B2X_HL_A|VH50T,EH64K,QL28S,YL52N,FH99W",1.043214,0.8702394,1,7
"2B2X_HL_A|VH50T,EH64K,QL28S,YL52N,FH99Y",1.7978828,1.1959817,1,7
"2B2X_HL_A|VH50T,EH64K,QL28S,YL52N,GH100F",1.4322319,1.0354924,1,7
"2B2X_HL_A|VH50T,EH64K,QL28S,YL52N,GH100L",3.770335,1.5825176,1,7
"2B2X_HL_A|VH50T,EH64K,QL28S,YL52N,GH100M",1.145348,1.4373548,1,7
"2B2X_HL_A|VH50T,EH64K,QL28S,YL52N,GH100S",1.6009614,1.7719102,1,7
"2B2X_HL_A|VH50T,EH64K,QL28S,YL52N,GH53A",1.5558206,1.6014023,1,7
"2B2X_HL_A|VH50T,EH64K,QL28S,YL52N,GH53N",2.2985272,1.7282392,1,7
"2B2X_HL_A|VH50T,EH64K,QL28S,YL52N,GH53S",1.7188073,1.751597,1,7
"2B2X_HL_A|VH50T,EH64K,QL28S,YL52N,GH54I",2.4067745,1.4877418,1,7
"2B2X_HL_A|VH50T,EH64K,QL28S,YL52N,GH54T",2.2073808,1.7138706,1,7
"2B2X_HL_A|VH50T,EH64K,QL28S,YL52N,GH54Y",1.043214,0.88170105,1,7
"2B2X_HL_A|VH50T,EH64K,QL28S,YL52N,GL92Q",2.6158988,1.4921416,1,7
"2B2X_HL_A|VH50T,EH64K,QL28S,YL52N,GL92S",1.5558206,1.4793363,1,7
"2B2X_HL_A|VH50T,EH64K,QL28S,YL52N,HL31K",2.2073808,2.3446534,1,7
"2B2X_HL_A|VH50T,EH64K,QL28S,YL52N,HL31R",2.1670115,1.5775058,1,7
"2B2X_HL_A|VH50T,EH64K,QL28S,YL52N,HL31W",2.2985272,1.4574304,1,7
"2B2X_HL_A|VH50T,EH64K,QL28S,YL52N,LH60D",0.981894,1.1834768,1,7
"2B2X_HL_A|VH50T,EH64K,QL28S,YL52N,LL49F",1.7554936,1.3969578,1,7
"2B2X_HL_A|VH50T,EH64K,QL28S,YL52N,LL49K",1.9044149,1.955802,1,7
"2B2X_HL_A|VH50T,EH64K,QL28S,YL52N,LL49W",2.9507816,1.4862989,1,7
"2B2X_HL_A|VH50T,EH64K,QL28S,YL52N,NL30V",2.0925434,1.4182361,1,7
"2B2X_HL_A|VH50T,EH64K,QL28S,YL52N,NL30W",2.6158988,1.5150365,1,7
"2B2X_HL_A|VH50T,EH64K,QL28S,YL52N,NL30Y",2.9507816,1.2823048,1,7
"2B2X_HL_A|VH50T,EH64K,QL28S,YL52N,NL30Y,SL91I",1.4775821,1.1017035,1,7
"2B2X_HL_A|VH50T,EH64K,QL28S,YL52N,RH31Q",2.350542,1.2195045,1,7
"2B2X_HL_A|VH50T,EH64K,QL28S,YL52N,SH35A",2.6158988,1.8502727,1,7
"2B2X_HL_A|VH50T,EH64K,QL28S,YL52N,SH35A,GH102S",2.6158988,2.4035268,1,7
"2B2X_HL_A|VH50T,EH64K,QL28S,YL52N,SH35Q",3.770335,2.2444322,1,7
"2B2X_HL_A|VH50T,EH64K,QL28S,YL52N,SH35V,GH102S",2.4688888,2.4814878,1,7
"2B2X_HL_A|VH50T,EH64K,QL28S,YL52N,SH52M",3.119054,1.3200098,1,7
"2B2X_HL_A|VH50T,EH64K,QL28S,YL52N,SL24R",0.82788163,0.76560324,1,7
"2B2X_HL_A|VH50T,EH64K,QL28S,YL52N,SL91Q",2.8172472,1.6795204,1,7
"2B2X_HL_A|VH50T,EH64K,QL28S,YL52N,SL91R",3.770335,0.9572515,1,7
"2B2X_HL_A|VH50T,EH64K,QL28S,YL52N,SL91R,NL30E",3.770335,1.3651823,1,7
"2B2X_HL_A|VH50T,EH64K,QL28S,YL52N,SL91T",3.3598623,1.8246726,1,7
"2B2X_HL_A|VH50T,EH64K,QL28S,YL52N,TH33E,GH53Q",2.7106705,2.2373672,1,7
"2B2X_HL_A|VH50T,EH64K,QL28S,YL52N,TH33I,SH52T,GH53N,GH54N",2.9507816,2.429126,1,7
"2B2X_HL_A|VH50T,EH64K,QL28S,YL52N,TH33I,SH52T,GH53Q,GH54F",2.2985272,2.220374,1,7
"2B2X_HL_A|VH50T,EH64K,QL28S,YL52N,TH33N",3.770335,1.9138882,1,7
"2B2X_HL_A|VH50T,EH64K,QL28S,YL52N,TH33V",1.4775821,1.2079345,1,7
"2B2X_HL_A|VH50T,EH64K,QL28S,YL52N,WL90Q",3.119054,1.9816855,1,7
"2B2X_HL_A|VH50T,EH64K,QL28S,YL52N,WL90Q,FL33Y",1.914233,1.9134607,1,7
"2B2X_HL_A|VH50T,EH64K,QL28S,YL52N,YH58E",3.119054,2.2026026,1,7
"2B2X_HL_A|VH50T,EH64K,QL28S,YL52N,YH58Q",3.119054,2.6916037,1,7
"2B2X_HL_A|VH50T,EH64K,QL28S,YL52N,YH58W",1.8641591,1.7573057,1,7
"2B2X_HL_A|VH50T,EH64K,QL28S,YL52N,YH59E",1.5872209,1.5638127,1,7
"2B2X_HL_A|VH50T,EH64K,QL28S,YL52R",1.8880546,1.1149709,1,7
"2B2X_HL_A|VH50T,EH64K,YL52N",0.28173435,0.7109753,1,7
"2B2X_HL_A|VH50T,EH64N,QL28S,YL52N",1.0069425,1.17275,1,7
"2B2X_HL_A|VH50T,EH64Q,QL28S,YL52N",0.96559924,1.0106479,1,7
"2B2X_HL_A|VH50T,EH64Q,QL28S,YL52N,LH60D",1.0862032,1.0745854,1,7
"2B2X_HL_A|VH50T,QL28S,YL52N",0.96559924,0.99411976,1,7
"2B2X_HL_A|VH50T,QL28S,YL52N,LH60D",0.90141344,0.89476115,1,7
"2B2X_HL_A|VH50T,YL52N",0.18636756,0.3492133,1,7
2B2X_HL_A|YL52E,-0.22410508,-0.027014796,1,7
2VIR_AB_C|SC115L,3.680209,1.0407695,1,7
2VIR_AB_C|TC89I,4.0,3.8988247,1,7
"3G6D_LH_A|EL3V,GL76R,TL77V,QL78E,EL80G",0.13981691,0.30124936,1,7
"3G6D_LH_A|EL3V,GL76R,TL77V,QL78E,EL80G,DH54N",0.111178115,0.93601906,1,7
"3G6D_LH_A|EL3V,GL76R,TL77V,QL78E,EL80G,TL89S,ML92I,VL93D,TL94K",0.27145106,-0.52794397,1,7
3G6D_LH_A|HH104A,-0.9530879,0.23824777,1,7
"3G6D_LH_A|KH210T,KH215T",-0.13294782,0.042441893,1,7
"3G6D_LH_A|TL89S,ML92I,VL93D,TL94K",0.7979767,-0.69404,1,7
3G6D_LH_A|WH105A,-1.4965084,1.1953309,1,7
"3IDX_HL_G|CG27I,CG242Q",-2.4650376,0.15577583,1,7
"3IDX_HL_G|CG27I,CG242Q,MG247A",-2.1736174,-0.036798086,1,7
"3IDX_HL_G|KG85C,EG121C,CG27I,CG242Q",-2.3776865,0.34931278,1,7
"3IDX_HL_G|KG85C,EG121C,WG13M,MG247A,CG14W,CG129V,CG27I,CG242Q",-2.1922898,0.52269584,1,7
"3IDX_HL_G|KG85C,EG122C,WG13M,MG247A,CG14W,CG129V,CG27I,CG242Q",-2.2927184,0.3467052,1,7
"3IDX_HL_G|TG41C,GG245C,MG247A",0.40945426,0.30986574,1,7
"3IDX_HL_G|TG41C,GG245C,WG13M,MG247A,CG14W,CG129V,CG27I,CG242Q",-2.3310676,0.7477861,1,7
"3IDX_HL_G|WG13M,MG247A,CG14W,CG129V",-0.6475391,0.7140868,1,7
"3IDX_HL_G|WG13M,MG247A,CG14W,CG129V,CG27I,CG242Q",-2.3479884,0.84165645,1,7
"3IDX_HL_G|WG13M,MG247A,CG14W,CG129V,KG85C,EG121C",-0.36166522,0.59600407,1,7
"3IDX_HL_G|WG13M,SG111T,WG200S,MG247A,CG14W,CG129V,CG27I,CG242Q",-1.8639641,0.607834,1,7
"3L5X_A_HL|EL93F,YL94G",-0.42800838,0.25814515,1,7
"3L5X_A_HL|EL93H,YL94G",-0.7626503,0.10444391,1,7
"3L5X_A_HL|HL91P,NL92I,EL93D,YL94A",-0.6466697,-0.09068453,1,7
"3L5X_A_HL|HL91P,NL92L,EL93D,YL94S",-0.6327897,0.16412012,1,7
"3L5X_A_HL|HL91P,NL92L,EL93D,YL94T",-0.81005055,0.33444,1,7
"3L5X_A_HL|HL91P,NL92L,EL93D,YL94V",-0.85822237,-0.27318653,1,7
"3L5X_A_HL|HL91P,NL92L,YL94A",-0.44441348,0.22414976,1,7
"3L5X_A_HL|HL91Q,NL92D,EL93I,YL94G",-1.5503801,-0.048536625,1,7
"3L5X_A_HL|HL91Q,NL92D,EL93L,YL94G",-1.785132,-0.10890278,1,7
"3L5X_A_HL|HL91Q,NL92D,EL93Y,YL94G",-1.451453,-0.2661587,1,7
"3L5X_A_HL|NL92D,EL93L,YL94G",-0.42962858,-0.42332375,1,7
"3L5X_A_HL|NL92D,EL93N,YL94S",-0.53403836,0.15452707,1,7
"3L5X_A_HL|NL92D,EL93P,YL94G",-1.4699602,-0.35662407,1,7
"3L5X_A_HL|NL92D,EL93R,YL94D",-0.52253926,-0.3379985,1,7
"3L5X_A_HL|NL92D,EL93W,YL94E",-1.1963489,-0.6019784,1,7
"3L5X_A_HL|NL92D,EL93W,YL94G",-1.6825228,-0.8676908,1,7
"3L5X_A_HL|NL92D,EL93W,YL94S",-0.71612674,-0.5377828,1,7
"3L5X_A_HL|NL92D,EL93Y,YL94A",-0.8069743,-0.40686014,1,7
"3L5X_A_HL|NL92E,EL93S,YL94G",-1.2653587,-0.22241908,1,7
"3L5X_A_HL|NL92E,EL93W,YL94G",-1.5503801,-0.8372838,1,7
"3L5X_A_HL|NL92F,EL93W,YL94G",-1.2329907,-0.97703844,1,7
"3L5X_A_HL|NL92L,EL93D,YL94S",-0.6170473,-0.019974966,1,7
"3L5X_A_HL|NL92L,EL93L,YL94G",-0.6259698,-0.38673663,1,7
"3L5X_A_HL|NL92L,EL93M,YL94G",-0.82567644,-0.26279667,1,7
"3L5X_A_HL|NL92L,EL93N,YL94G",-0.6954369,-0.10501343,1,7
"3L5X_A_HL|NL92S,EL93H,YL94G",-1.2457265,-0.52507293,1,7
"3L5X_A_HL|NL92S,EL93I,YL94G",-0.8069743,-0.3853845,1,7
"3L5X_A_HL|NL92S,EL93S,YL94G",-0.24921271,-0.37376162,1,7
"3L5X_A_HL|NL92S,EL93V,YL94G",-0.51687235,-0.24676815,1,7
"3L5X_A_HL|NL92S,EL93W,YL94A",-0.30302802,-0.78307056,1,7
"3L5X_A_HL|NL92S,EL93W,YL94G",-1.2720501,-0.85424656,1,7
"3L5X_A_HL|NL92S,EL93Y,YL94G",-0.9641868,-0.8795678,1,7
"3L5X_A_HL|NL92V,EL93G,YL94G",-0.46300006,-0.33988014,1,7
"3L5X_A_HL|NL92V,EL93W,YL94G",-0.83525383,-0.8171347,1,7
3L5X_A_HL|YL94A,-0.82885176,0.86224836,1,7
3N85_A_LH|SH32A,-0.13401966,1.1662798,1,7
3N85_A_LH|SH32Y,0.0571225,-0.28336188,1,7
3N85_A_LH|SH50G,0.48767117,-0.36204487,1,7
3N85_A_LH|SH52Y,-0.78460336,-0.67543924,1,7
3N85_A_LH|WH100F,-0.015185109,-0.29954872,1,7
3N85_A_LH|WH30K,-0.78460336,1.1086392,1,7
3N85_A_LH|WH30R,-0.5539675,0.31350413,1,7
3N85_A_LH|WL91F,0.13959166,0.30635673,1,7
3N85_A_LH|WL94Y,-0.03871881,-0.3818178,1,7
3SE8_HL_G|DH110A,-0.38934898,0.18659423,1,7
3SE8_HL_G|DH114A,-0.2441398,0.4900061,1,7
3SE8_HL_G|DL49A,0.8558488,1.240745,1,7
3SE8_HL_G|EL1A,-0.5565174,-0.6160691,1,7
3SE8_HL_G|EL91A,1.513491,0.9896211,1,7
3SE8_HL_G|FH115A,1.0676043,0.41900393,1,7
3SE8_HL_G|FL90A,-0.8640972,0.55518883,1,7
3SE8_HL_G|FL92A,0.8323254,0.37836632,1,7
3SE8_HL_G|GH56A,0.3570972,0.84317136,1,7
3SE8_HL_G|KH52A,1.1114144,0.11574066,1,7
3SE8_HL_G|LH54A,0.054776184,0.34944487,1,7
3SE8_HL_G|NL30A,0.19434923,0.56881124,1,7
3SE8_HL_G|PH78A,0.01881787,0.029311318,1,7
3SE8_HL_G|PH81A,-0.07091986,0.49888754,1,7
3SE8_HL_G|QH63A,1.1144251,-0.1599145,1,7
3SE8_HL_G|QH65A,0.54980505,0.37543,1,7
3SE8_HL_G|QH76A,0.09689985,0.123959884,1,7
3SE8_HL_G|QL27A,-0.21612903,-0.042676654,1,7
3SE8_HL_G|RH30A,-0.03949762,0.74530125,1,7
3SE8_HL_G|RH62A,1.2061691,0.05264575,1,7
3SE8_HL_G|RH72A,2.6444623,1.6758361,1,7
3SE8_HL_G|SH59A,1.1508402,0.57807255,1,7
3SE8_HL_G|VH58A,1.2496852,0.84046745,1,7
3SE8_HL_G|WH47A,1.4751467,1.3120713,1,7
3SE8_HL_G|WH50A,1.333526,2.2498262,1,7
3SE8_HL_G|WH55A,0.7611056,1.2623291,1,7
3SE8_HL_G|YH111A,0.82992166,0.094751,1,7
3SE8_HL_G|YH60A,0.8558488,0.8439614,1,7
4KRL_A_B|DB112A,0.6496817,1.6643041,1,7
5C6T_HL_A|EA194A,1.0906719,1.2433707,1,7
5C6T_HL_A|FA192A,1.9972014,2.2772796,1,7
5C6T_HL_A|FA199A,2.7581792,1.8103999,1,7
5C6T_HL_A|FA200A,0.41047263,1.0987211,1,7
5C6T_HL_A|FH99A,1.4600298,-0.75740343,1,7
5C6T_HL_A|IA201A,0.88561165,0.21396606,1,7
5C6T_HL_A|NA183A,0.28399685,0.8402032,1,7
5C6T_HL_A|NA186A,0.3630724,-0.2436375,1,7
5C6T_HL_A|NA188A,-0.36658686,1.4771577,1,7
"5C6T_HL_A|NA195A,DA197A",0.58650106,1.2359504,1,7
5C6T_HL_A|NH97A,1.5258962,-0.069771826,1,7
5C6T_HL_A|RH31S,0.3115454,0.16400515,1,7
5C6T_HL_A|RL48A,0.1229613,0.41266972,1,7
5C6T_HL_A|SH32A,-0.8683455,0.6253075,1,7
5C6T_HL_A|TA185A,0.33786914,1.0282032,1,7
5C6T_HL_A|YA182A,3.2083547,1.4993935,1,7
"5C6T_HL_A|YA182A,NA195A,DA197A",2.942425,2.60022,1,7
5C6T_HL_A|YH104A,0.3630724,0.013940604,1,7
5C6T_HL_A|YH98A,1.7166799,0.77720666,1,7
5C6T_HL_A|YL47A,0.5516565,2.1206222,1,7
1DVF_AB_CD|DB100A,2.7895143,0.32343683,2,0
"1DVF_AB_CD|DB100A,DD52A",4.0,1.0096271,2,0
"1DVF_AB_CD|DB100A,HD33A",4.0,0.59512126,2,0
"1DVF_AB_CD|DB100A,ND55A",4.0,0.2585192,2,0
1DVF_AB_CD|DB54A,4.0,0.8651248,2,0
"1DVF_AB_CD|DB54A,YC49A",4.0,1.904404,2,0
1DVF_AB_CD|DB58A,1.6000048,0.93604505,2,0
"1DVF_AB_CD|DB58A,QD104A",1.4641725,1.053761,2,0
1DVF_AB_CD|DD52A,1.6822901,0.6822926,2,0
1DVF_AB_CD|EB98A,4.0,1.0212535,2,0
"1DVF_AB_CD|EB98A,YD102A",4.0,2.283877,2,0
1DVF_AB_CD|HA30A,1.6493824,0.39510882,2,0
1DVF_AB_CD|HD33A,1.8606005,-0.06545372,2,0
1DVF_AB_CD|ID101A,2.6815457,0.72984457,2,0
1DVF_AB_CD|KD30A,1.0035173,-0.018170565,2,0
1DVF_AB_CD|NB56A,1.1624389,0.027896315,2,0
"1DVF_AB_CD|NB56A,HD33A",2.5259995,0.702857,2,0
"1DVF_AB_CD|NB56A,ND55A",2.3010929,-0.40442792,2,0
"1DVF_AB_CD|NB56A,QD104A",1.4868644,0.45782527,2,0
1DVF_AB_CD|ND55A,1.8606005,-0.09010953,2,0
1DVF_AB_CD|QD104A,1.6287225,0.55390203,2,0
1DVF_AB_CD|RB99A,1.8746451,0.33013818,2,0
1DVF_AB_CD|RD106A,4.0,0.042239733,2,0
1DVF_AB_CD|SA93A,1.1624389,0.32511404,2,0
1DVF_AB_CD|TB30A,0.9075126,0.27838165,2,0
1DVF_AB_CD|WA92A,0.34072307,-0.06861115,2,0
1DVF_AB_CD|WB52A,4.0,1.9933703,2,0
"1DVF_AB_CD|WB52A,QD104A",4.0,1.621154,2,0
1DVF_AB_CD|YA32A,2.0303695,1.3669385,2,0
"1DVF_AB_CD|YA32A,RD106A",4.0,1.3410727,2,0
1DVF_AB_CD|YA49A,1.6785902,2.3892667,2,0
"1DVF_AB_CD|YA49A,HD33A",2.625045,3.1011524,2,0
"1DVF_AB_CD|YA49A,ND55A",2.0303695,1.628347,2,0
1DVF_AB_CD|YA50A,0.6877736,1.9119432,2,0
1DVF_AB_CD|YB101F,2.0123136,1.1508274,2,0
1DVF_AB_CD|YB32A,1.8314707,1.1888412,2,0
1DVF_AB_CD|YC49A,1.8606005,0.69692993,2,0
1DVF_AB_CD|YD102A,4.0,1.4243269,2,0
1MHP_HL_A|FH99W,0.0,-0.18795839,2,0
1MHP_HL_A|FH99Y,0.75466895,-0.53152895,2,0
1MHP_HL_A|GH100F,0.38901797,-0.20812815,2,0
1MHP_HL_A|GH100L,2.727121,-0.045218907,2,0
1MHP_HL_A|GH100M,0.10213403,-0.19480619,2,0
1MHP_HL_A|GH100S,0.5577475,-0.48349917,2,0
1MHP_HL_A|GH53A,0.5126066,0.21048412,2,0
1MHP_HL_A|GH53N,1.2553134,0.02625522,2,0
1MHP_HL_A|GH53S,0.6755934,-0.045473635,2,0
1MHP_HL_A|GH54I,1.3635606,-0.05510562,2,0
1MHP_HL_A|GH54T,1.1641668,0.56721056,2,0
1MHP_HL_A|GH54Y,0.0,-1.189686,2,0
1MHP_HL_A|GL91Q,1.572685,0.43236813,2,0
1MHP_HL_A|GL91S,0.5126066,0.08920771,2,0
1MHP_HL_A|HL30K,1.1641668,0.37106064,2,0
1MHP_HL_A|HL30R,1.1237977,-0.603642,2,0
1MHP_HL_A|HL30W,1.2553134,-0.65498793,2,0
1MHP_HL_A|KH64D,-0.17144196,-0.7667731,2,0
1MHP_HL_A|KH64E,-0.07761467,-0.4457802,2,0
"1MHP_HL_A|KH64E,SL27Q",-0.85684633,-0.85196805,2,0
"1MHP_HL_A|KH64E,SL27Q,NL51Y",-1.0191593,-1.3777293,2,0
1MHP_HL_A|KH64N,-0.03627145,-0.5191624,2,0
1MHP_HL_A|KH64Q,-0.07761467,-0.29479545,2,0
1MHP_HL_A|LH60D,-0.061319917,-0.2778533,2,0
"1MHP_HL_A|LH60D,KH64E",-0.1418005,-0.85308886,2,0
"1MHP_HL_A|LH60D,KH64Q",0.042989343,-0.6642461,2,0
1MHP_HL_A|LL48F,0.71227974,-0.57437146,2,0
1MHP_HL_A|LL48K,0.8612009,-0.6021323,2,0
1MHP_HL_A|LL48W,1.9075676,-1.4538087,2,0
1MHP_HL_A|NL29V,1.0493295,0.1307677,2,0
1MHP_HL_A|NL29W,1.572685,0.006726235,2,0
1MHP_HL_A|NL29Y,1.9075676,-0.26510176,2,0
"1MHP_HL_A|NL29Y,SL90I",0.43436813,0.13435364,2,0
1MHP_HL_A|NL51D,0.5007625,-0.1566549,2,0
1MHP_HL_A|NL51E,-0.08868487,-0.1632904,2,0
1MHP_HL_A|NL51K,0.65751,0.13663445,2,0
1MHP_HL_A|NL51R,0.84484076,-0.27923524,2,0
1MHP_HL_A|NL51Y,-0.05162489,-0.47290775,2,0
1MHP_HL_A|RH31Q,1.3073281,0.23876762,2,0
1MHP_HL_A|SH35A,1.572685,1.4837613,2,0
"1MHP_HL_A|SH35A,GH102S",1.572685,1.515019,2,0
1MHP_HL_A|SH35Q,2.727121,0.6040443,2,0
"1MHP_HL_A|SH35V,GH102S",1.4256749,1.5499089,2,0
1MHP_HL_A|SH52M,2.0758402,0.18420756,2,0
1MHP_HL_A|SL23R,-0.21533228,-0.30114543,2,0
1MHP_HL_A|SL27Q,-0.6661127,-0.033007976,2,0
1MHP_HL_A|SL90Q,1.7740332,0.5320221,2,0
1MHP_HL_A|SL90T,2.3166485,0.7216238,2,0
"1MHP_HL_A|TH33E,GH53Q",1.6674565,0.7676611,2,0
"1MHP_HL_A|TH33I,SH52T,GH53N,GH54N",1.9075676,1.3236648,2,0
"1MHP_HL_A|TH33I,SH52T,GH53Q,GH54F",1.2553134,1.177259,2,0
1MHP_HL_A|TH33N,2.727121,0.17479213,2,0
1MHP_HL_A|TH33V,0.43436813,0.65360653,2,0
1MHP_HL_A|TH50V,-0.13159887,0.4007597,2,0
"1MHP_HL_A|TH50V,GH102S",1.6674565,0.8658006,2,0
"1MHP_HL_A|TH50V,KH64E",-0.1805197,-0.23134625,2,0
"1MHP_HL_A|TH50V,KH64E,SL27Q,NL51E",-1.267319,-0.7931495,2,0
"1MHP_HL_A|TH50V,KH64E,SL27Q,NL51Y",-1.0844951,-1.286468,2,0
"1MHP_HL_A|TH50V,SH35A",2.0758402,1.5538805,2,0
"1MHP_HL_A|TH50V,SH35V",2.727121,1.467265,2,0
"1MHP_HL_A|TH50V,SL27Q",-0.6946839,0.10425471,2,0
"1MHP_HL_A|TH50V,SL27Q,NL51Y",-1.0235296,-0.60789347,2,0
1MHP_HL_A|WL89Q,2.0758402,0.8455317,2,0
"1MHP_HL_A|WL89Q,FL32Y",0.871019,0.23901564,2,0
1MHP_HL_A|YH58E,2.0758402,1.0380609,2,0
1MHP_HL_A|YH58Q,2.0758402,0.9432236,2,0
1MHP_HL_A|YH58W,0.82094526,0.23615196,2,0
1MHP_HL_A|YH59E,0.54400706,0.7228708,2,0
1N8Z_AB_C|DB102W,-0.71302944,-0.06583883,2,0
1N8Z_AB_C|FC539A,0.035102826,1.3139462,2,0
1N8Z_AB_C|HA91F,0.034232877,-0.18447828,2,0
1N8Z_AB_C|LC509A,-0.023045197,0.5445918,2,0
1N8Z_AB_C|NA30S,0.06666317,-0.2382472,2,0
"1N8Z_AB_C|NA30S,HA91F,YA92W",-0.07476232,0.7274543,2,0
"1N8Z_AB_C|NA30S,HA91F,YA92W,TA94S,DB102W,YB105F,YB109V",0.050661404,0.30080807,2,0
1N8Z_AB_C|RB50A,2.9754758,1.9738863,2,0
1N8Z_AB_C|RB59A,1.8037988,1.2747103,2,0
1N8Z_AB_C|SC535A,0.030827092,0.5097376,2,0
1N8Z_AB_C|TA94S,0.32168603,-0.5074271,2,0
1N8Z_AB_C|VC536A,0.008972699,0.1416517,2,0
1N8Z_AB_C|YB105F,0.8540034,0.74339235,2,0
1N8Z_AB_C|YB109V,0.23192272,0.41780785,2,0
1XGQ_AB_C|VB33A,1.1525793,0.75890183,2,0
1XGQ_AB_C|VB33F,-2.9080825,-2.7346265,2,0
1XGQ_AB_C|VB33I,-1.1076277,-1.0197482,2,0
1XGQ_AB_C|VB33L,-1.0463123,-1.0095662,2,0
1YQV_HL_Y|RY45K,1.8995041,0.40806124,2,0
"1YQV_HL_Y|RY68K,TY40S,IY55V,SY91T",4.0,1.0539551,2,0
"1YQV_HL_Y|RY68K,TY40S,IY55V,SY91T,QY121H",0.0,1.0522975,2,0
1YY9_CD_A|AC25P,0.07225565,-0.15448293,2,0
1YY9_CD_A|AD98P,1.0372273,-0.4304824,2,0
1YY9_CD_A|GD54P,0.26807046,0.07164824,2,0
1YY9_CD_A|LD29P,0.030827092,0.13043056,2,0
1YY9_CD_A|NC93A,-0.74186975,0.06310262,2,0
1YY9_CD_A|ND56A,-0.057046015,0.11998735,2,0
1YY9_CD_A|SC26D,-0.19925442,-0.04938169,2,0
"1YY9_CD_A|SC26D,TC31E,NC93A",-1.3329437,-0.014901269,2,0
"1YY9_CD_A|SC26D,TC31E,NC93A,ND56A,TD61E",-0.6517935,-0.478789,2,0
1YY9_CD_A|SC26P,-0.009110746,0.38389298,2,0
1YY9_CD_A|SC28P,-0.22229962,0.18849656,2,0
1YY9_CD_A|SC54P,-0.018363854,0.42055878,2,0
1YY9_CD_A|SD53P,0.8175451,0.29155317,2,0
1YY9_CD_A|TC31E,-0.51892465,0.27398625,2,0
"1YY9_CD_A|TC31E,NC93A",-0.81853306,0.25632215,2,0
1YY9_CD_A|TC96P,4.0,-0.20977904,2,0
1YY9_CD_A|TD61E,-0.057046015,-0.3553572,2,0
1YY9_CD_A|WD52P,1.4782712,1.001522,2,0
1YY9_CD_A|YD101P,1.6514195,0.7460964,2,0
3NPS_A_BC|DA214A,1.466743,0.84197676,2,0
3NPS_A_BC|DA46A,0.3399866,0.86048436,2,0
3NPS_A_BC|DA47A,1.0674704,1.3539984,2,0
3NPS_A_BC|DA91A,1.5070341,1.0466399,2,0
3NPS_A_BC|EA163A,0.61534816,0.17987883,2,0
3NPS_A_BC|FA50A,0.21957076,1.0574778,2,0
3NPS_A_BC|FA89A,1.5714045,1.5627112,2,0
3NPS_A_BC|FA92A,0.46353978,1.2089065,2,0
3NPS_A_BC|HA138A,1.8750918,0.09350623,2,0
3NPS_A_BC|IA26A,0.6415425,-0.14617829,2,0
3NPS_A_BC|IA45A,-0.33181784,0.6539544,2,0
3NPS_A_BC|KA221A,-0.10361039,0.29872835,2,0
3NPS_A_BC|LA147A,0.29573628,0.07564336,2,0
3NPS_A_BC|NA90A,0.25341922,0.45911625,2,0
3NPS_A_BC|QA140A,0.29573628,0.46583167,2,0
3NPS_A_BC|QA168A,-0.059223834,-0.14879183,2,0
3NPS_A_BC|QA169A,0.7409076,1.8043346,2,0
3NPS_A_BC|QA218A,-0.040916756,0.8720902,2,0
3NPS_A_BC|QA23A,0.026323749,0.24310488,2,0
3NPS_A_BC|RA219A,-0.08390186,-0.30254817,2,0
3NPS_A_BC|RA48A,-1.062741,-0.16582274,2,0
3NPS_A_BC|RA51A,0.13816836,0.23653647,2,0
3NPS_A_BC|RA82A,-0.15159543,-0.26515457,2,0
3NPS_A_BC|TA144A,0.17497002,0.41608495,2,0
3NPS_A_BC|TA93A,0.72381234,1.1049604,2,0
3NPS_A_BC|YA141A,1.7748737,1.5291793,2,0
3NPS_A_BC|YA52A,0.4518898,0.27201423,2,0
3W2D_A_HL|KA67N,4.0,0.8664639,2,0
3W2D_A_HL|KA67R,-0.42812017,1.1879221,2,0
3W2D_A_HL|YA45F,0.8779443,-1.0423388,2,0
3W2D_A_HL|YA45L,2.3647563,0.60666144,2,0
"4KRO_A_B|DA321T,FA323A",0.1269707,1.565906,2,0
"4KRP_A_B|DA277T,FA279A",0.35829666,1.4011704,2,0
4NM8_ABCDEF_HL|DB19N,0.66149956,0.09121433,2,0
4NM8_ABCDEF_HL|IB18M,0.10977998,0.06020318,2,0
4NM8_ABCDEF_HL|LB38Y,-0.6151596,-0.44710106,2,0
4NM8_ABCDEF_HL|QB34R,2.9754758,1.5906992,2,0
4NM8_ABCDEF_HL|QB34T,2.3309386,1.3172939,2,0
4NM8_ABCDEF_HL|RB25M,3.442353,0.22001371,2,0
4NM8_ABCDEF_HL|TB32E,-0.5517196,-0.60626733,2,0
4NM8_ABCDEF_HL|TB32I,-0.050205972,0.81375265,2,0
4NM8_ABCDEF_HL|TB32R,1.2211944,-0.006734401,2,0
1DVF_AB_CD|DB100A,2.7895143,1.0733753,2,1
"1DVF_AB_CD|DB100A,DD52A",4.0,2.1022048,2,1
"1DVF_AB_CD|DB100A,HD33A",4.0,1.9284644,2,1
"1DVF_AB_CD|DB100A,ND55A",4.0,2.0508533,2,1
1DVF_AB_CD|DB54A,4.0,1.0612059,2,1
"1DVF_AB_CD|DB54A,YC49A",4.0,3.318521,2,1
1DVF_AB_CD|DB58A,1.6000048,0.55067754,2,1
"1DVF_AB_CD|DB58A,QD104A",1.4641725,0.7955119,2,1
1DVF_AB_CD|DD52A,1.6822901,0.8980141,2,1
1DVF_AB_CD|EB98A,4.0,1.4132407,2,1
"1DVF_AB_CD|EB98A,YD102A",4.0,3.4717379,2,1
1DVF_AB_CD|HA30A,1.6493824,0.5349784,2,1
1DVF_AB_CD|HD33A,1.8606005,0.7758917,2,1
1DVF_AB_CD|ID101A,2.6815457,0.5664997,2,1
1DVF_AB_CD|KD30A,1.0035173,0.93747836,2,1
1DVF_AB_CD|NB56A,1.1624389,0.13735503,2,1
"1DVF_AB_CD|NB56A,HD33A",2.5259995,0.48970395,2,1
"1DVF_AB_CD|NB56A,ND55A",2.3010929,0.762678,2,1
"1DVF_AB_CD|NB56A,QD104A",1.4868644,0.31089765,2,1
1DVF_AB_CD|ND55A,1.8606005,0.9165993,2,1
1DVF_AB_CD|QD104A,1.6287225,0.6623704,2,1
1DVF_AB_CD|RB99A,1.8746451,0.386035,2,1
1DVF_AB_CD|RD106A,4.0,0.6771217,2,1
1DVF_AB_CD|SA93A,1.1624389,0.45109057,2,1
1DVF_AB_CD|TB30A,0.9075126,0.3253798,2,1
1DVF_AB_CD|WA92A,0.34072307,1.6581734,2,1
1DVF_AB_CD|WB52A,4.0,1.4374307,2,1
"1DVF_AB_CD|WB52A,QD104A",4.0,1.7778834,2,1
1DVF_AB_CD|YA32A,2.0303695,1.5184462,2,1
"1DVF_AB_CD|YA32A,RD106A",4.0,2.228887,2,1
1DVF_AB_CD|YA49A,1.6785902,1.2024149,2,1
"1DVF_AB_CD|YA49A,HD33A",2.625045,1.8494934,2,1
"1DVF_AB_CD|YA49A,ND55A",2.0303695,2.2120638,2,1
1DVF_AB_CD|YA50A,0.6877736,0.9879219,2,1
1DVF_AB_CD|YB101F,2.0123136,0.75584584,2,1
1DVF_AB_CD|YB32A,1.8314707,1.3841851,2,1
1DVF_AB_CD|YC49A,1.8606005,2.0951724,2,1
1DVF_AB_CD|YD102A,4.0,1.6718407,2,1
1MHP_HL_A|FH99W,0.0,-0.003121078,2,1
1MHP_HL_A|FH99Y,0.75466895,-0.15663163,2,1
1MHP_HL_A|GH100F,0.38901797,0.01593797,2,1
1MHP_HL_A|GH100L,2.727121,0.32830232,2,1
1MHP_HL_A|GH100M,0.10213403,0.102228045,2,1
1MHP_HL_A|GH100S,0.5577475,0.077493355,2,1
1MHP_HL_A|GH53A,0.5126066,-0.10971013,2,1
1MHP_HL_A|GH53N,1.2553134,-0.21997803,2,1
1MHP_HL_A|GH53S,0.6755934,-0.3997404,2,1
1MHP_HL_A|GH54I,1.3635606,0.39353904,2,1
1MHP_HL_A|GH54T,1.1641668,0.5972683,2,1
1MHP_HL_A|GH54Y,0.0,0.1675016,2,1
1MHP_HL_A|GL91Q,1.572685,0.15006326,2,1
1MHP_HL_A|GL91S,0.5126066,0.1441919,2,1
1MHP_HL_A|HL30K,1.1641668,0.28350925,2,1
1MHP_HL_A|HL30R,1.1237977,-0.20447108,2,1
1MHP_HL_A|HL30W,1.2553134,-0.5146248,2,1
1MHP_HL_A|KH64D,-0.17144196,-0.76165044,2,1
1MHP_HL_A|KH64E,-0.07761467,-0.7341582,2,1
"1MHP_HL_A|KH64E,SL27Q",-0.85684633,-0.775375,2,1
"1MHP_HL_A|KH64E,SL27Q,NL51Y",-1.0191593,-1.3113602,2,1
1MHP_HL_A|KH64N,-0.03627145,-0.20037809,2,1
1MHP_HL_A|KH64Q,-0.07761467,-0.5696778,2,1
1MHP_HL_A|LH60D,-0.061319917,-0.02134601,2,1
"1MHP_HL_A|LH60D,KH64E",-0.1418005,-0.8156779,2,1
"1MHP_HL_A|LH60D,KH64Q",0.042989343,-0.59309727,2,1
1MHP_HL_A|LL48F,0.71227974,-0.14788714,2,1
1MHP_HL_A|LL48K,0.8612009,0.360128,2,1
1MHP_HL_A|LL48W,1.9075676,-0.31755865,2,1
1MHP_HL_A|NL29V,1.0493295,-0.06636551,2,1
1MHP_HL_A|NL29W,1.572685,-0.20773578,2,1
1MHP_HL_A|NL29Y,1.9075676,-0.2952847,2,1
"1MHP_HL_A|NL29Y,SL90I",0.43436813,-0.47071958,2,1
1MHP_HL_A|NL51D,0.5007625,-0.40083632,2,1
1MHP_HL_A|NL51E,-0.08868487,-0.32110488,2,1
1MHP_HL_A|NL51K,0.65751,-0.059075773,2,1
1MHP_HL_A|NL51R,0.84484076,-0.13802326,2,1
1MHP_HL_A|NL51Y,-0.05162489,-0.439062,2,1
1MHP_HL_A|RH31Q,1.3073281,0.1379918,2,1
1MHP_HL_A|SH35A,1.572685,0.99812865,2,1
"1MHP_HL_A|SH35A,GH102S",1.572685,0.8450904,2,1
1MHP_HL_A|SH35Q,2.727121,0.25015566,2,1
"1MHP_HL_A|SH35V,GH102S",1.4256749,0.21530755,2,1
1MHP_HL_A|SH52M,2.0758402,0.3515564,2,1
1MHP_HL_A|SL23R,-0.21533228,0.0038253441,2,1
1MHP_HL_A|SL27Q,-0.6661127,-0.18408176,2,1
1MHP_HL_A|SL90Q,1.7740332,0.28175467,2,1
1MHP_HL_A|SL90T,2.3166485,0.8299224,2,1
"1MHP_HL_A|TH33E,GH53Q",1.6674565,-0.20153782,2,1
"1MHP_HL_A|TH33I,SH52T,GH53N,GH54N",1.9075676,0.9555103,2,1
"1MHP_HL_A|TH33I,SH52T,GH53Q,GH54F",1.2553134,0.3097102,2,1
1MHP_HL_A|TH33N,2.727121,0.10062348,2,1
1MHP_HL_A|TH33V,0.43436813,-0.24522412,2,1
1MHP_HL_A|TH50V,-0.13159887,-0.38734192,2,1
"1MHP_HL_A|TH50V,GH102S",1.6674565,-0.33617932,2,1
"1MHP_HL_A|TH50V,KH64E",-0.1805197,-1.0201442,2,1
"1MHP_HL_A|TH50V,KH64E,SL27Q,NL51E",-1.267319,-1.5217277,2,1
"1MHP_HL_A|TH50V,KH64E,SL27Q,NL51Y",-1.0844951,-1.7063642,2,1
"1MHP_HL_A|TH50V,SH35A",2.0758402,0.34464055,2,1
"1MHP_HL_A|TH50V,SH35V",2.727121,-0.33267266,2,1
"1MHP_HL_A|TH50V,SL27Q",-0.6946839,-0.5574556,2,1
"1MHP_HL_A|TH50V,SL27Q,NL51Y",-1.0235296,-1.1247259,2,1
1MHP_HL_A|WL89Q,2.0758402,0.8707953,2,1
"1MHP_HL_A|WL89Q,FL32Y",0.871019,0.4021367,2,1
1MHP_HL_A|YH58E,2.0758402,0.67198944,2,1
1MHP_HL_A|YH58Q,2.0758402,0.8186327,2,1
1MHP_HL_A|YH58W,0.82094526,0.36321348,2,1
1MHP_HL_A|YH59E,0.54400706,0.2808683,2,1
1N8Z_AB_C|DB102W,-0.71302944,-0.20201802,2,1
1N8Z_AB_C|FC539A,0.035102826,0.9306006,2,1
1N8Z_AB_C|HA91F,0.034232877,0.0641544,2,1
1N8Z_AB_C|LC509A,-0.023045197,1.0329689,2,1
1N8Z_AB_C|NA30S,0.06666317,-0.0830892,2,1
"1N8Z_AB_C|NA30S,HA91F,YA92W",-0.07476232,-0.22416782,2,1
"1N8Z_AB_C|NA30S,HA91F,YA92W,TA94S,DB102W,YB105F,YB109V",0.050661404,-0.5898546,2,1
1N8Z_AB_C|RB50A,2.9754758,0.6674419,2,1
1N8Z_AB_C|RB59A,1.8037988,0.7735873,2,1
1N8Z_AB_C|SC535A,0.030827092,0.23830384,2,1
1N8Z_AB_C|TA94S,0.32168603,-0.23328659,2,1
1N8Z_AB_C|VC536A,0.008972699,0.518712,2,1
1N8Z_AB_C|YB105F,0.8540034,0.3522416,2,1
1N8Z_AB_C|YB109V,0.23192272,0.35965222,2,1
1XGQ_AB_C|VB33A,1.1525793,1.1684707,2,1
1XGQ_AB_C|VB33F,-2.9080825,-0.3675758,2,1
1XGQ_AB_C|VB33I,-1.1076277,-0.058796644,2,1
1XGQ_AB_C|VB33L,-1.0463123,-0.115228355,2,1
1YQV_HL_Y|RY45K,1.8995041,0.16625832,2,1
"1YQV_HL_Y|RY68K,TY40S,IY55V,SY91T",4.0,0.40813065,2,1
"1YQV_HL_Y|RY68K,TY40S,IY55V,SY91T,QY121H",0.0,0.33541566,2,1
1YY9_CD_A|AC25P,0.07225565,-0.48601162,2,1
1YY9_CD_A|AD98P,1.0372273,-1.0901762,2,1
1YY9_CD_A|GD54P,0.26807046,0.30590898,2,1
1YY9_CD_A|LD29P,0.030827092,0.17040522,2,1
1YY9_CD_A|NC93A,-0.74186975,0.119962044,2,1
1YY9_CD_A|ND56A,-0.057046015,0.16081318,2,1
1YY9_CD_A|SC26D,-0.19925442,0.17767493,2,1
"1YY9_CD_A|SC26D,TC31E,NC93A",-1.3329437,-0.24833134,2,1
"1YY9_CD_A|SC26D,TC31E,NC93A,ND56A,TD61E",-0.6517935,-0.7680247,2,1
1YY9_CD_A|SC26P,-0.009110746,0.2711261,2,1
1YY9_CD_A|SC28P,-0.22229962,-0.24583283,2,1
1YY9_CD_A|SC54P,-0.018363854,-0.13399757,2,1
1YY9_CD_A|SD53P,0.8175451,-0.10875644,2,1
1YY9_CD_A|TC31E,-0.51892465,0.11882319,2,1
"1YY9_CD_A|TC31E,NC93A",-0.81853306,-0.04093802,2,1
1YY9_CD_A|TC96P,4.0,-0.35282293,2,1
1YY9_CD_A|TD61E,-0.057046015,-0.267101,2,1
1YY9_CD_A|WD52P,1.4782712,0.61055523,2,1
1YY9_CD_A|YD101P,1.6514195,0.42593792,2,1
3NPS_A_BC|DA214A,1.466743,0.3627076,2,1
3NPS_A_BC|DA46A,0.3399866,0.73965806,2,1
3NPS_A_BC|DA47A,1.0674704,1.2177702,2,1
3NPS_A_BC|DA91A,1.5070341,0.4147027,2,1
3NPS_A_BC|EA163A,0.61534816,0.6797741,2,1
3NPS_A_BC|FA50A,0.21957076,1.3756375,2,1
3NPS_A_BC|FA89A,1.5714045,1.2987,2,1
3NPS_A_BC|FA92A,0.46353978,0.8915568,2,1
3NPS_A_BC|HA138A,1.8750918,0.6060111,2,1
3NPS_A_BC|IA26A,0.6415425,0.722464,2,1
3NPS_A_BC|IA45A,-0.33181784,0.31693563,2,1
3NPS_A_BC|KA221A,-0.10361039,0.5721296,2,1
3NPS_A_BC|LA147A,0.29573628,0.75075036,2,1
3NPS_A_BC|NA90A,0.25341922,0.6796491,2,1
3NPS_A_BC|QA140A,0.29573628,0.53912807,2,1
3NPS_A_BC|QA168A,-0.059223834,0.9317062,2,1
3NPS_A_BC|QA169A,0.7409076,1.0950209,2,1
3NPS_A_BC|QA218A,-0.040916756,0.8263233,2,1
3NPS_A_BC|QA23A,0.026323749,0.8201922,2,1
3NPS_A_BC|RA219A,-0.08390186,0.05907958,2,1
3NPS_A_BC|RA48A,-1.062741,0.10782293,2,1
3NPS_A_BC|RA51A,0.13816836,0.21056558,2,1
3NPS_A_BC|RA82A,-0.15159543,0.49971223,2,1
3NPS_A_BC|TA144A,0.17497002,0.47438282,2,1
3NPS_A_BC|TA93A,0.72381234,1.1647341,2,1
3NPS_A_BC|YA141A,1.7748737,1.1993376,2,1
3NPS_A_BC|YA52A,0.4518898,1.0088425,2,1
3W2D_A_HL|KA67N,4.0,-0.15705645,2,1
3W2D_A_HL|KA67R,-0.42812017,-0.21863326,2,1
3W2D_A_HL|YA45F,0.8779443,-0.09968893,2,1
3W2D_A_HL|YA45L,2.3647563,0.33465052,2,1
"4KRO_A_B|DA321T,FA323A",0.1269707,0.9581081,2,1
"4KRP_A_B|DA277T,FA279A",0.35829666,1.0716007,2,1
4NM8_ABCDEF_HL|DB19N,0.66149956,0.8007645,2,1
4NM8_ABCDEF_HL|IB18M,0.10977998,0.46642452,2,1
4NM8_ABCDEF_HL|LB38Y,-0.6151596,-0.100662455,2,1
4NM8_ABCDEF_HL|QB34R,2.9754758,0.7817749,2,1
4NM8_ABCDEF_HL|QB34T,2.3309386,0.26985472,2,1
4NM8_ABCDEF_HL|RB25M,3.442353,-0.03596992,2,1
4NM8_ABCDEF_HL|TB32E,-0.5517196,0.011591598,2,1
4NM8_ABCDEF_HL|TB32I,-0.050205972,0.22647826,2,1
4NM8_ABCDEF_HL|TB32R,1.2211944,0.45334017,2,1
1DVF_AB_CD|DB100A,2.7895143,2.0166662,2,2
"1DVF_AB_CD|DB100A,DD52A",4.0,1.9278451,2,2
"1DVF_AB_CD|DB100A,HD33A",4.0,1.686796,2,2
"1DVF_AB_CD|DB100A,ND55A",4.0,1.6074307,2,2
1DVF_AB_CD|DB54A,4.0,0.914042,2,2
"1DVF_AB_CD|DB54A,YC49A",4.0,2.229838,2,2
1DVF_AB_CD|DB58A,1.6000048,0.52820486,2,2
"1DVF_AB_CD|DB58A,QD104A",1.4641725,1.0150775,2,2
1DVF_AB_CD|DD52A,1.6822901,0.06915788,2,2
1DVF_AB_CD|EB98A,4.0,0.97052646,2,2
"1DVF_AB_CD|EB98A,YD102A",4.0,2.4838693,2,2
1DVF_AB_CD|HA30A,1.6493824,0.5633518,2,2
1DVF_AB_CD|HD33A,1.8606005,-0.008422241,2,2
1DVF_AB_CD|ID101A,2.6815457,1.1635152,2,2
1DVF_AB_CD|KD30A,1.0035173,-0.062218152,2,2
1DVF_AB_CD|NB56A,1.1624389,0.3636306,2,2
"1DVF_AB_CD|NB56A,HD33A",2.5259995,0.65821743,2,2
"1DVF_AB_CD|NB56A,ND55A",2.3010929,0.25671938,2,2
"1DVF_AB_CD|NB56A,QD104A",1.4868644,1.3383466,2,2
1DVF_AB_CD|ND55A,1.8606005,0.10603795,2,2
1DVF_AB_CD|QD104A,1.6287225,0.8401651,2,2
1DVF_AB_CD|RB99A,1.8746451,0.36527547,2,2
1DVF_AB_CD|RD106A,4.0,0.041578382,2,2
1DVF_AB_CD|SA93A,1.1624389,-0.14312491,2,2
1DVF_AB_CD|TB30A,0.9075126,-0.082842015,2,2
1DVF_AB_CD|WA92A,0.34072307,0.52061146,2,2
1DVF_AB_CD|WB52A,4.0,1.1632161,2,2
"1DVF_AB_CD|WB52A,QD104A",4.0,1.2597463,2,2
1DVF_AB_CD|YA32A,2.0303695,1.2163479,2,2
"1DVF_AB_CD|YA32A,RD106A",4.0,1.0957578,2,2
1DVF_AB_CD|YA49A,1.6785902,1.0788829,2,2
"1DVF_AB_CD|YA49A,HD33A",2.625045,0.78996915,2,2
"1DVF_AB_CD|YA49A,ND55A",2.0303695,0.548348,2,2
1DVF_AB_CD|YA50A,0.6877736,0.5466602,2,2
1DVF_AB_CD|YB101F,2.0123136,1.4326268,2,2
1DVF_AB_CD|YB32A,1.8314707,1.2321819,2,2
1DVF_AB_CD|YC49A,1.8606005,1.2543509,2,2
1DVF_AB_CD|YD102A,4.0,1.7849901,2,2
1MHP_HL_A|FH99W,0.0,-0.40485877,2,2
1MHP_HL_A|FH99Y,0.75466895,-0.6060107,2,2
1MHP_HL_A|GH100F,0.38901797,-0.504219,2,2
1MHP_HL_A|GH100L,2.727121,0.6358146,2,2
1MHP_HL_A|GH100M,0.10213403,-0.5797061,2,2
1MHP_HL_A|GH100S,0.5577475,-0.25632498,2,2
1MHP_HL_A|GH53A,0.5126066,-0.19194424,2,2
1MHP_HL_A|GH53N,1.2553134,-0.3292638,2,2
1MHP_HL_A|GH53S,0.6755934,-0.34790495,2,2
1MHP_HL_A|GH54I,1.3635606,-0.40546632,2,2
1MHP_HL_A|GH54T,1.1641668,-0.4691222,2,2
1MHP_HL_A|GH54Y,0.0,-1.9288335,2,2
1MHP_HL_A|GL91Q,1.572685,-0.015165113,2,2
1MHP_HL_A|GL91S,0.5126066,-0.3017797,2,2
1MHP_HL_A|HL30K,1.1641668,0.8253083,2,2
1MHP_HL_A|HL30R,1.1237977,-0.11253173,2,2
1MHP_HL_A|HL30W,1.2553134,0.080232605,2,2
1MHP_HL_A|KH64D,-0.17144196,-0.1602467,2,2
1MHP_HL_A|KH64E,-0.07761467,-0.0712638,2,2
"1MHP_HL_A|KH64E,SL27Q",-0.85684633,-0.9669849,2,2
"1MHP_HL_A|KH64E,SL27Q,NL51Y",-1.0191593,-1.4272075,2,2
1MHP_HL_A|KH64N,-0.03627145,0.036124133,2,2
1MHP_HL_A|KH64Q,-0.07761467,-0.048059545,2,2
1MHP_HL_A|LH60D,-0.061319917,-0.28997043,2,2
"1MHP_HL_A|LH60D,KH64E",-0.1418005,-0.49894586,2,2
"1MHP_HL_A|LH60D,KH64Q",0.042989343,-0.32243598,2,2
1MHP_HL_A|LL48F,0.71227974,-0.4553739,2,2
1MHP_HL_A|LL48K,0.8612009,0.310984,2,2
1MHP_HL_A|LL48W,1.9075676,-0.21649715,2,2
1MHP_HL_A|NL29V,1.0493295,0.46541277,2,2
1MHP_HL_A|NL29W,1.572685,0.39682212,2,2
1MHP_HL_A|NL29Y,1.9075676,-0.43584192,2,2
"1MHP_HL_A|NL29Y,SL90I",0.43436813,-0.39289215,2,2
1MHP_HL_A|NL51D,0.5007625,-0.22587433,2,2
1MHP_HL_A|NL51E,-0.08868487,-0.09702373,2,2
1MHP_HL_A|NL51K,0.65751,0.5748738,2,2
1MHP_HL_A|NL51R,0.84484076,0.5549365,2,2
1MHP_HL_A|NL51Y,-0.05162489,-0.28533348,2,2
1MHP_HL_A|RH31Q,1.3073281,0.57295847,2,2
1MHP_HL_A|SH35A,1.572685,1.917732,2,2
"1MHP_HL_A|SH35A,GH102S",1.572685,1.543847,2,2
1MHP_HL_A|SH35Q,2.727121,1.4436105,2,2
"1MHP_HL_A|SH35V,GH102S",1.4256749,1.3397591,2,2
1MHP_HL_A|SH52M,2.0758402,0.71415627,2,2
1MHP_HL_A|SL23R,-0.21533228,0.068579994,2,2
1MHP_HL_A|SL27Q,-0.6661127,-0.61889035,2,2
1MHP_HL_A|SL90Q,1.7740332,0.51549506,2,2
1MHP_HL_A|SL90T,2.3166485,0.32824144,2,2
"1MHP_HL_A|TH33E,GH53Q",1.6674565,0.95544606,2,2
"1MHP_HL_A|TH33I,SH52T,GH53N,GH54N",1.9075676,0.47973025,2,2
"1MHP_HL_A|TH33I,SH52T,GH53Q,GH54F",1.2553134,0.068333626,2,2
1MHP_HL_A|TH33N,2.727121,0.62088263,2,2
1MHP_HL_A|TH33V,0.43436813,0.7873335,2,2
1MHP_HL_A|TH50V,-0.13159887,0.5033035,2,2
"1MHP_HL_A|TH50V,GH102S",1.6674565,0.19103551,2,2
"1MHP_HL_A|TH50V,KH64E",-0.1805197,-0.08160118,2,2
"1MHP_HL_A|TH50V,KH64E,SL27Q,NL51E",-1.267319,-0.9949958,2,2
"1MHP_HL_A|TH50V,KH64E,SL27Q,NL51Y",-1.0844951,-1.1594437,2,2
"1MHP_HL_A|TH50V,SH35A",2.0758402,2.0045617,2,2
"1MHP_HL_A|TH50V,SH35V",2.727121,1.7948151,2,2
"1MHP_HL_A|TH50V,SL27Q",-0.6946839,-0.062274046,2,2
"1MHP_HL_A|TH50V,SL27Q,NL51Y",-1.0235296,-0.5232854,2,2
1MHP_HL_A|WL89Q,2.0758402,1.6508985,2,2
"1MHP_HL_A|WL89Q,FL32Y",0.871019,-0.14908841,2,2
1MHP_HL_A|YH58E,2.0758402,1.5538772,2,2
1MHP_HL_A|YH58Q,2.0758402,1.7899077,2,2
1MHP_HL_A|YH58W,0.82094526,1.3535305,2,2
1MHP_HL_A|YH59E,0.54400706,0.4037948,2,2
1N8Z_AB_C|DB102W,-0.71302944,-0.39546838,2,2
1N8Z_AB_C|FC539A,0.035102826,1.28015,2,2
1N8Z_AB_C|HA91F,0.034232877,-0.012913719,2,2
1N8Z_AB_C|LC509A,-0.023045197,0.9737113,2,2
1N8Z_AB_C|NA30S,0.06666317,0.2795646,2,2
"1N8Z_AB_C|NA30S,HA91F,YA92W",-0.07476232,0.5009649,2,2
"1N8Z_AB_C|NA30S,HA91F,YA92W,TA94S,DB102W,YB105F,YB109V",0.050661404,1.1261355,2,2
1N8Z_AB_C|RB50A,2.9754758,1.2075204,2,2
1N8Z_AB_C|RB59A,1.8037988,0.9190811,2,2
1N8Z_AB_C|SC535A,0.030827092,0.27628073,2,2
1N8Z_AB_C|TA94S,0.32168603,-0.2094473,2,2
1N8Z_AB_C|VC536A,0.008972699,0.5517463,2,2
1N8Z_AB_C|YB105F,0.8540034,1.5126776,2,2
1N8Z_AB_C|YB109V,0.23192272,0.4648589,2,2
1XGQ_AB_C|VB33A,1.1525793,1.0596546,2,2
1XGQ_AB_C|VB33F,-2.9080825,-2.0295827,2,2
1XGQ_AB_C|VB33I,-1.1076277,-0.7559375,2,2
1XGQ_AB_C|VB33L,-1.0463123,-0.6733924,2,2
1YQV_HL_Y|RY45K,1.8995041,0.30026862,2,2
"1YQV_HL_Y|RY68K,TY40S,IY55V,SY91T",4.0,0.77129847,2,2
"1YQV_HL_Y|RY68K,TY40S,IY55V,SY91T,QY121H",0.0,1.0817223,2,2
1YY9_CD_A|AC25P,0.07225565,-0.32896027,2,2
1YY9_CD_A|AD98P,1.0372273,-1.0945543,2,2
1YY9_CD_A|GD54P,0.26807046,-0.21490982,2,2
1YY9_CD_A|LD29P,0.030827092,0.2742827,2,2
1YY9_CD_A|NC93A,-0.74186975,-0.21426842,2,2
1YY9_CD_A|ND56A,-0.057046015,0.5673581,2,2
1YY9_CD_A|SC26D,-0.19925442,0.35063305,2,2
"1YY9_CD_A|SC26D,TC31E,NC93A",-1.3329437,0.43797722,2,2
"1YY9_CD_A|SC26D,TC31E,NC93A,ND56A,TD61E",-0.6517935,0.21602604,2,2
1YY9_CD_A|SC26P,-0.009110746,0.49601844,2,2
1YY9_CD_A|SC28P,-0.22229962,-0.29213375,2,2
1YY9_CD_A|SC54P,-0.018363854,0.12816176,2,2
1YY9_CD_A|SD53P,0.8175451,-0.02178979,2,2
1YY9_CD_A|TC31E,-0.51892465,1.0996872,2,2
"1YY9_CD_A|TC31E,NC93A",-0.81853306,0.6310938,2,2
1YY9_CD_A|TC96P,4.0,-0.10927183,2,2
1YY9_CD_A|TD61E,-0.057046015,-0.19647777,2,2
1YY9_CD_A|WD52P,1.4782712,0.47458744,2,2
1YY9_CD_A|YD101P,1.6514195,1.4666212,2,2
3NPS_A_BC|DA214A,1.466743,0.44359758,2,2
3NPS_A_BC|DA46A,0.3399866,0.65071976,2,2
3NPS_A_BC|DA47A,1.0674704,1.0978287,2,2
3NPS_A_BC|DA91A,1.5070341,0.35515425,2,2
3NPS_A_BC|EA163A,0.61534816,-0.086040385,2,2
3NPS_A_BC|FA50A,0.21957076,1.0130278,2,2
3NPS_A_BC|FA89A,1.5714045,1.2729671,2,2
3NPS_A_BC|FA92A,0.46353978,0.34519476,2,2
3NPS_A_BC|HA138A,1.8750918,-0.029007502,2,2
3NPS_A_BC|IA26A,0.6415425,0.10052502,2,2
3NPS_A_BC|IA45A,-0.33181784,0.84540254,2,2
3NPS_A_BC|KA221A,-0.10361039,0.68239266,2,2
3NPS_A_BC|LA147A,0.29573628,0.61790574,2,2
3NPS_A_BC|NA90A,0.25341922,0.6733969,2,2
3NPS_A_BC|QA140A,0.29573628,0.4339375,2,2
3NPS_A_BC|QA168A,-0.059223834,0.28385347,2,2
3NPS_A_BC|QA169A,0.7409076,2.0982032,2,2
3NPS_A_BC|QA218A,-0.040916756,0.8560563,2,2
3NPS_A_BC|QA23A,0.026323749,0.1085013,2,2
3NPS_A_BC|RA219A,-0.08390186,0.020501196,2,2
3NPS_A_BC|RA48A,-1.062741,-0.12506062,2,2
3NPS_A_BC|RA51A,0.13816836,0.090600446,2,2
3NPS_A_BC|RA82A,-0.15159543,-0.052919947,2,2
3NPS_A_BC|TA144A,0.17497002,0.4124514,2,2
3NPS_A_BC|TA93A,0.72381234,1.324651,2,2
3NPS_A_BC|YA141A,1.7748737,1.4649075,2,2
3NPS_A_BC|YA52A,0.4518898,-0.013149843,2,2
3W2D_A_HL|KA67N,4.0,0.21614018,2,2
3W2D_A_HL|KA67R,-0.42812017,0.16033766,2,2
3W2D_A_HL|YA45F,0.8779443,-0.64800847,2,2
3W2D_A_HL|YA45L,2.3647563,0.7041783,2,2
"4KRO_A_B|DA321T,FA323A",0.1269707,1.2264483,2,2
"4KRP_A_B|DA277T,FA279A",0.35829666,1.4740646,2,2
4NM8_ABCDEF_HL|DB19N,0.66149956,0.56237596,2,2
4NM8_ABCDEF_HL|IB18M,0.10977998,0.91210556,2,2
4NM8_ABCDEF_HL|LB38Y,-0.6151596,-0.24877712,2,2
4NM8_ABCDEF_HL|QB34R,2.9754758,1.0927783,2,2
4NM8_ABCDEF_HL|QB34T,2.3309386,0.6434338,2,2
4NM8_ABCDEF_HL|RB25M,3.442353,0.7242029,2,2
4NM8_ABCDEF_HL|TB32E,-0.5517196,0.3256573,2,2
4NM8_ABCDEF_HL|TB32I,-0.050205972,0.5743694,2,2
4NM8_ABCDEF_HL|TB32R,1.2211944,0.76405233,2,2
1DVF_AB_CD|DB100A,2.7895143,0.28948218,2,3
"1DVF_AB_CD|DB100A,DD52A",4.0,0.882733,2,3
"1DVF_AB_CD|DB100A,HD33A",4.0,1.3071697,2,3
"1DVF_AB_CD|DB100A,ND55A",4.0,0.5452335,2,3
1DVF_AB_CD|DB54A,4.0,0.16559164,2,3
"1DVF_AB_CD|DB54A,YC49A",4.0,1.0147712,2,3
1DVF_AB_CD|DB58A,1.6000048,0.18018591,2,3
"1DVF_AB_CD|DB58A,QD104A",1.4641725,0.70616084,2,3
1DVF_AB_CD|DD52A,1.6822901,0.3335113,2,3
1DVF_AB_CD|EB98A,4.0,0.20646152,2,3
"1DVF_AB_CD|EB98A,YD102A",4.0,0.7513166,2,3
1DVF_AB_CD|HA30A,1.6493824,0.85110277,2,3
1DVF_AB_CD|HD33A,1.8606005,0.7121238,2,3
1DVF_AB_CD|ID101A,2.6815457,0.9103234,2,3
1DVF_AB_CD|KD30A,1.0035173,0.43133536,2,3
1DVF_AB_CD|NB56A,1.1624389,0.004495672,2,3
"1DVF_AB_CD|NB56A,HD33A",2.5259995,0.6067352,2,3
"1DVF_AB_CD|NB56A,ND55A",2.3010929,0.18988831,2,3
"1DVF_AB_CD|NB56A,QD104A",1.4868644,0.40894303,2,3
1DVF_AB_CD|ND55A,1.8606005,0.2010824,2,3
1DVF_AB_CD|QD104A,1.6287225,0.6315569,2,3
1DVF_AB_CD|RB99A,1.8746451,0.4474393,2,3
1DVF_AB_CD|RD106A,4.0,0.62168235,2,3
1DVF_AB_CD|SA93A,1.1624389,0.1348572,2,3
1DVF_AB_CD|TB30A,0.9075126,0.4073344,2,3
1DVF_AB_CD|WA92A,0.34072307,0.116554596,2,3
1DVF_AB_CD|WB52A,4.0,0.9803138,2,3
"1DVF_AB_CD|WB52A,QD104A",4.0,1.6843636,2,3
1DVF_AB_CD|YA32A,2.0303695,1.0727713,2,3
"1DVF_AB_CD|YA32A,RD106A",4.0,1.5853451,2,3
1DVF_AB_CD|YA49A,1.6785902,1.2522569,2,3
"1DVF_AB_CD|YA49A,HD33A",2.625045,2.017366,2,3
"1DVF_AB_CD|YA49A,ND55A",2.0303695,1.3524767,2,3
1DVF_AB_CD|YA50A,0.6877736,1.2244405,2,3
1DVF_AB_CD|YB101F,2.0123136,0.37356177,2,3
1DVF_AB_CD|YB32A,1.8314707,0.7370146,2,3
1DVF_AB_CD|YC49A,1.8606005,0.86745876,2,3
1DVF_AB_CD|YD102A,4.0,0.62713027,2,3
1MHP_HL_A|FH99W,0.0,-0.07192982,2,3
1MHP_HL_A|FH99Y,0.75466895,-0.17363837,2,3
1MHP_HL_A|GH100F,0.38901797,-0.23428659,2,3
1MHP_HL_A|GH100L,2.727121,-0.24893366,2,3
1MHP_HL_A|GH100M,0.10213403,-0.16638982,2,3
1MHP_HL_A|GH100S,0.5577475,-0.11530363,2,3
1MHP_HL_A|GH53A,0.5126066,0.3554261,2,3
1MHP_HL_A|GH53N,1.2553134,0.05705042,2,3
1MHP_HL_A|GH53S,0.6755934,-0.09833995,2,3
1MHP_HL_A|GH54I,1.3635606,-0.45497698,2,3
1MHP_HL_A|GH54T,1.1641668,-0.11551064,2,3
1MHP_HL_A|GH54Y,0.0,-0.74285287,2,3
1MHP_HL_A|GL91Q,1.572685,-0.3418932,2,3
1MHP_HL_A|GL91S,0.5126066,-0.18522482,2,3
1MHP_HL_A|HL30K,1.1641668,0.29465058,2,3
1MHP_HL_A|HL30R,1.1237977,0.15371278,2,3
1MHP_HL_A|HL30W,1.2553134,-0.16455892,2,3
1MHP_HL_A|KH64D,-0.17144196,-0.32975653,2,3
1MHP_HL_A|KH64E,-0.07761467,-0.31375727,2,3
"1MHP_HL_A|KH64E,SL27Q",-0.85684633,-0.52332276,2,3
"1MHP_HL_A|KH64E,SL27Q,NL51Y",-1.0191593,-1.6456771,2,3
1MHP_HL_A|KH64N,-0.03627145,-0.029693622,2,3
1MHP_HL_A|KH64Q,-0.07761467,-0.29906753,2,3
1MHP_HL_A|LH60D,-0.061319917,-0.21090078,2,3
"1MHP_HL_A|LH60D,KH64E",-0.1418005,-0.4280054,2,3
"1MHP_HL_A|LH60D,KH64Q",0.042989343,-0.30706406,2,3
1MHP_HL_A|LL48F,0.71227974,0.001180822,2,3
1MHP_HL_A|LL48K,0.8612009,0.22973377,2,3
1MHP_HL_A|LL48W,1.9075676,-0.3023281,2,3
1MHP_HL_A|NL29V,1.0493295,-0.6891262,2,3
1MHP_HL_A|NL29W,1.572685,-0.72873527,2,3
1MHP_HL_A|NL29Y,1.9075676,-0.9476207,2,3
"1MHP_HL_A|NL29Y,SL90I",0.43436813,-1.026249,2,3
1MHP_HL_A|NL51D,0.5007625,-0.43252712,2,3
1MHP_HL_A|NL51E,-0.08868487,-0.43325588,2,3
1MHP_HL_A|NL51K,0.65751,-0.25360405,2,3
1MHP_HL_A|NL51R,0.84484076,-0.506364,2,3
1MHP_HL_A|NL51Y,-0.05162489,-1.1125364,2,3
1MHP_HL_A|RH31Q,1.3073281,-0.119222425,2,3
1MHP_HL_A|SH35A,1.572685,0.46398506,2,3
"1MHP_HL_A|SH35A,GH102S",1.572685,0.28887066,2,3
1MHP_HL_A|SH35Q,2.727121,0.073505506,2,3
"1MHP_HL_A|SH35V,GH102S",1.4256749,-0.031055972,2,3
1MHP_HL_A|SH52M,2.0758402,-0.17068486,2,3
1MHP_HL_A|SL23R,-0.21533228,-0.13922836,2,3
1MHP_HL_A|SL27Q,-0.6661127,-0.26043096,2,3
1MHP_HL_A|SL90Q,1.7740332,-0.41944826,2,3
1MHP_HL_A|SL90T,2.3166485,-0.12291975,2,3
"1MHP_HL_A|TH33E,GH53Q",1.6674565,-0.20850118,2,3
"1MHP_HL_A|TH33I,SH52T,GH53N,GH54N",1.9075676,0.6490735,2,3
"1MHP_HL_A|TH33I,SH52T,GH53Q,GH54F",1.2553134,-0.20187946,2,3
1MHP_HL_A|TH33N,2.727121,-0.124116644,2,3
1MHP_HL_A|TH33V,0.43436813,-0.30858094,2,3
1MHP_HL_A|TH50V,-0.13159887,-0.3519299,2,3
"1MHP_HL_A|TH50V,GH102S",1.6674565,-0.24493466,2,3
"1MHP_HL_A|TH50V,KH64E",-0.1805197,-0.8362416,2,3
"1MHP_HL_A|TH50V,KH64E,SL27Q,NL51E",-1.267319,-1.5150496,2,3
"1MHP_HL_A|TH50V,KH64E,SL27Q,NL51Y",-1.0844951,-2.136985,2,3
"1MHP_HL_A|TH50V,SH35A",2.0758402,0.06228677,2,3
"1MHP_HL_A|TH50V,SH35V",2.727121,-0.3308011,2,3
"1MHP_HL_A|TH50V,SL27Q",-0.6946839,-0.6356351,2,3
"1MHP_HL_A|TH50V,SL27Q,NL51Y",-1.0235296,-1.6472658,2,3
1MHP_HL_A|WL89Q,2.0758402,0.026655603,2,3
"1MHP_HL_A|WL89Q,FL32Y",0.871019,0.16826677,2,3
1MHP_HL_A|YH58E,2.0758402,0.5343715,2,3
1MHP_HL_A|YH58Q,2.0758402,0.6102995,2,3
1MHP_HL_A|YH58W,0.82094526,0.34746397,2,3
1MHP_HL_A|YH59E,0.54400706,0.012008839,2,3
1N8Z_AB_C|DB102W,-0.71302944,-0.7779627,2,3
1N8Z_AB_C|FC539A,0.035102826,0.41858244,2,3
1N8Z_AB_C|HA91F,0.034232877,-0.13327235,2,3
1N8Z_AB_C|LC509A,-0.023045197,0.39529422,2,3
1N8Z_AB_C|NA30S,0.06666317,0.19816883,2,3
"1N8Z_AB_C|NA30S,HA91F,YA92W",-0.07476232,0.039092287,2,3
"1N8Z_AB_C|NA30S,HA91F,YA92W,TA94S,DB102W,YB105F,YB109V",0.050661404,-0.14336532,2,3
1N8Z_AB_C|RB50A,2.9754758,0.68869907,2,3
1N8Z_AB_C|RB59A,1.8037988,0.40551925,2,3
1N8Z_AB_C|SC535A,0.030827092,0.3133875,2,3
1N8Z_AB_C|TA94S,0.32168603,-0.16217719,2,3
1N8Z_AB_C|VC536A,0.008972699,0.4767527,2,3
1N8Z_AB_C|YB105F,0.8540034,0.5255903,2,3
1N8Z_AB_C|YB109V,0.23192272,-0.10146153,2,3
1XGQ_AB_C|VB33A,1.1525793,0.4303166,2,3
1XGQ_AB_C|VB33F,-2.9080825,-0.11800938,2,3
1XGQ_AB_C|VB33I,-1.1076277,0.035605084,2,3
1XGQ_AB_C|VB33L,-1.0463123,-0.07780846,2,3
1YQV_HL_Y|RY45K,1.8995041,0.14526445,2,3
"1YQV_HL_Y|RY68K,TY40S,IY55V,SY91T",4.0,0.29379755,2,3
"1YQV_HL_Y|RY68K,TY40S,IY55V,SY91T,QY121H",0.0,0.2763527,2,3
1YY9_CD_A|AC25P,0.07225565,-0.6145591,2,3
1YY9_CD_A|AD98P,1.0372273,-0.8923291,2,3
1YY9_CD_A|GD54P,0.26807046,-0.13593747,2,3
1YY9_CD_A|LD29P,0.030827092,0.3426794,2,3
1YY9_CD_A|NC93A,-0.74186975,-0.22621879,2,3
1YY9_CD_A|ND56A,-0.057046015,-0.010550438,2,3
1YY9_CD_A|SC26D,-0.19925442,-0.30167624,2,3
"1YY9_CD_A|SC26D,TC31E,NC93A",-1.3329437,-0.51636606,2,3
"1YY9_CD_A|SC26D,TC31E,NC93A,ND56A,TD61E",-0.6517935,-0.91027474,2,3
1YY9_CD_A|SC26P,-0.009110746,-0.40207654,2,3
1YY9_CD_A|SC28P,-0.22229962,-0.31302127,2,3
1YY9_CD_A|SC54P,-0.018363854,-0.0060978653,2,3
1YY9_CD_A|SD53P,0.8175451,-0.1535477,2,3
1YY9_CD_A|TC31E,-0.51892465,-0.20859832,2,3
"1YY9_CD_A|TC31E,NC93A",-0.81853306,-0.33049762,2,3
1YY9_CD_A|TC96P,4.0,-0.28167823,2,3
1YY9_CD_A|TD61E,-0.057046015,-0.38305324,2,3
1YY9_CD_A|WD52P,1.4782712,0.46203202,2,3
1YY9_CD_A|YD101P,1.6514195,0.44225007,2,3
3NPS_A_BC|DA214A,1.466743,0.29235294,2,3
3NPS_A_BC|DA46A,0.3399866,0.41667828,2,3
3NPS_A_BC|DA47A,1.0674704,0.4303064,2,3
3NPS_A_BC|DA91A,1.5070341,0.6763879,2,3
3NPS_A_BC|EA163A,0.61534816,0.77443254,2,3
3NPS_A_BC|FA50A,0.21957076,0.2812729,2,3
3NPS_A_BC|FA89A,1.5714045,0.49193773,2,3
3NPS_A_BC|FA92A,0.46353978,0.5777104,2,3
3NPS_A_BC|HA138A,1.8750918,0.6618335,2,3
3NPS_A_BC|IA26A,0.6415425,0.37028995,2,3
3NPS_A_BC|IA45A,-0.33181784,0.59200716,2,3
3NPS_A_BC|KA221A,-0.10361039,0.70200086,2,3
3NPS_A_BC|LA147A,0.29573628,0.46501634,2,3
3NPS_A_BC|NA90A,0.25341922,0.2518605,2,3
3NPS_A_BC|QA140A,0.29573628,0.27501467,2,3
3NPS_A_BC|QA168A,-0.059223834,0.80222696,2,3
3NPS_A_BC|QA169A,0.7409076,0.4364451,2,3
3NPS_A_BC|QA218A,-0.040916756,0.53799033,2,3
3NPS_A_BC|QA23A,0.026323749,0.43880188,2,3
3NPS_A_BC|RA219A,-0.08390186,0.47387642,2,3
3NPS_A_BC|RA48A,-1.062741,0.3464794,2,3
3NPS_A_BC|RA51A,0.13816836,0.50791603,2,3
3NPS_A_BC|RA82A,-0.15159543,0.26349655,2,3
3NPS_A_BC|TA144A,0.17497002,0.35240442,2,3
3NPS_A_BC|TA93A,0.72381234,0.068113424,2,3
3NPS_A_BC|YA141A,1.7748737,0.68766683,2,3
3NPS_A_BC|YA52A,0.4518898,0.7114888,2,3
3W2D_A_HL|KA67N,4.0,0.18567695,2,3
3W2D_A_HL|KA67R,-0.42812017,0.20511062,2,3
3W2D_A_HL|YA45F,0.8779443,-0.009159225,2,3
3W2D_A_HL|YA45L,2.3647563,-0.056588117,2,3
"4KRO_A_B|DA321T,FA323A",0.1269707,0.6236844,2,3
"4KRP_A_B|DA277T,FA279A",0.35829666,0.6078516,2,3
4NM8_ABCDEF_HL|DB19N,0.66149956,-0.024415102,2,3
4NM8_ABCDEF_HL|IB18M,0.10977998,-0.23716722,2,3
4NM8_ABCDEF_HL|LB38Y,-0.6151596,-0.16237883,2,3
4NM8_ABCDEF_HL|QB34R,2.9754758,0.2103027,2,3
4NM8_ABCDEF_HL|QB34T,2.3309386,0.23185037,2,3
4NM8_ABCDEF_HL|RB25M,3.442353,0.17898692,2,3
4NM8_ABCDEF_HL|TB32E,-0.5517196,0.1868961,2,3
4NM8_ABCDEF_HL|TB32I,-0.050205972,0.13012448,2,3
4NM8_ABCDEF_HL|TB32R,1.2211944,0.17492552,2,3
1DVF_AB_CD|DB100A,2.7895143,2.5446012,2,4
"1DVF_AB_CD|DB100A,DD52A",4.0,2.4166393,2,4
"1DVF_AB_CD|DB100A,HD33A",4.0,2.4077277,2,4
"1DVF_AB_CD|DB100A,ND55A",4.0,2.270133,2,4
1DVF_AB_CD|DB54A,4.0,1.2782844,2,4
"1DVF_AB_CD|DB54A,YC49A",4.0,2.386055,2,4
1DVF_AB_CD|DB58A,1.6000048,0.6149087,2,4
"1DVF_AB_CD|DB58A,QD104A",1.4641725,0.58004475,2,4
1DVF_AB_CD|DD52A,1.6822901,1.4646939,2,4
1DVF_AB_CD|EB98A,4.0,1.6653646,2,4
"1DVF_AB_CD|EB98A,YD102A",4.0,4.3987527,2,4
1DVF_AB_CD|HA30A,1.6493824,0.8088249,2,4
1DVF_AB_CD|HD33A,1.8606005,0.6859743,2,4
1DVF_AB_CD|ID101A,2.6815457,1.6055341,2,4
1DVF_AB_CD|KD30A,1.0035173,0.024661314,2,4
1DVF_AB_CD|NB56A,1.1624389,0.123304024,2,4
"1DVF_AB_CD|NB56A,HD33A",2.5259995,0.8828756,2,4
"1DVF_AB_CD|NB56A,ND55A",2.3010929,1.292487,2,4
"1DVF_AB_CD|NB56A,QD104A",1.4868644,-0.013085513,2,4
1DVF_AB_CD|ND55A,1.8606005,1.1320264,2,4
1DVF_AB_CD|QD104A,1.6287225,0.5364119,2,4
1DVF_AB_CD|RB99A,1.8746451,0.018884111,2,4
1DVF_AB_CD|RD106A,4.0,0.80955786,2,4
1DVF_AB_CD|SA93A,1.1624389,0.009492123,2,4
1DVF_AB_CD|TB30A,0.9075126,-0.254996,2,4
1DVF_AB_CD|WA92A,0.34072307,0.44805354,2,4
1DVF_AB_CD|WB52A,4.0,1.7252021,2,4
"1DVF_AB_CD|WB52A,QD104A",4.0,0.6823842,2,4
1DVF_AB_CD|YA32A,2.0303695,1.5879372,2,4
"1DVF_AB_CD|YA32A,RD106A",4.0,1.3394494,2,4
1DVF_AB_CD|YA49A,1.6785902,1.226523,2,4
"1DVF_AB_CD|YA49A,HD33A",2.625045,1.1311,2,4
"1DVF_AB_CD|YA49A,ND55A",2.0303695,1.1933357,2,4
1DVF_AB_CD|YA50A,0.6877736,0.8759152,2,4
1DVF_AB_CD|YB101F,2.0123136,1.716979,2,4
1DVF_AB_CD|YB32A,1.8314707,1.1179897,2,4
1DVF_AB_CD|YC49A,1.8606005,0.53860897,2,4
1DVF_AB_CD|YD102A,4.0,2.9230075,2,4
1MHP_HL_A|FH99W,0.0,0.09991071,2,4
1MHP_HL_A|FH99Y,0.75466895,-0.32043326,2,4
1MHP_HL_A|GH100F,0.38901797,-0.13277933,2,4
1MHP_HL_A|GH100L,2.727121,0.020906352,2,4
1MHP_HL_A|GH100M,0.10213403,-0.66647685,2,4
1MHP_HL_A|GH100S,0.5577475,-0.46724322,2,4
1MHP_HL_A|GH53A,0.5126066,1.2478733,2,4
1MHP_HL_A|GH53N,1.2553134,-0.27621195,2,4
1MHP_HL_A|GH53S,0.6755934,0.28319854,2,4
1MHP_HL_A|GH54I,1.3635606,-0.80678695,2,4
1MHP_HL_A|GH54T,1.1641668,-0.16343057,2,4
1MHP_HL_A|GH54Y,0.0,-1.5632279,2,4
1MHP_HL_A|GL91Q,1.572685,-0.56736904,2,4
1MHP_HL_A|GL91S,0.5126066,0.24202186,2,4
1MHP_HL_A|HL30K,1.1641668,0.09152345,2,4
1MHP_HL_A|HL30R,1.1237977,-0.078105606,2,4
1MHP_HL_A|HL30W,1.2553134,-0.06319408,2,4
1MHP_HL_A|KH64D,-0.17144196,-0.24118796,2,4
1MHP_HL_A|KH64E,-0.07761467,-0.12380058,2,4
"1MHP_HL_A|KH64E,SL27Q",-0.85684633,-0.059924558,2,4
"1MHP_HL_A|KH64E,SL27Q,NL51Y",-1.0191593,0.10773903,2,4
1MHP_HL_A|KH64N,-0.03627145,0.17299809,2,4
1MHP_HL_A|KH64Q,-0.07761467,0.23904668,2,4
1MHP_HL_A|LH60D,-0.061319917,-0.4783693,2,4
"1MHP_HL_A|LH60D,KH64E",-0.1418005,-0.45358095,2,4
"1MHP_HL_A|LH60D,KH64Q",0.042989343,-0.14178753,2,4
1MHP_HL_A|LL48F,0.71227974,-0.9198549,2,4
1MHP_HL_A|LL48K,0.8612009,-0.61208063,2,4
1MHP_HL_A|LL48W,1.9075676,-1.3681754,2,4
1MHP_HL_A|NL29V,1.0493295,0.45997006,2,4
1MHP_HL_A|NL29W,1.572685,0.18366137,2,4
1MHP_HL_A|NL29Y,1.9075676,-0.13255495,2,4
"1MHP_HL_A|NL29Y,SL90I",0.43436813,-0.047652364,2,4
1MHP_HL_A|NL51D,0.5007625,-0.40776262,2,4
1MHP_HL_A|NL51E,-0.08868487,0.62071866,2,4
1MHP_HL_A|NL51K,0.65751,0.545578,2,4
1MHP_HL_A|NL51R,0.84484076,0.7081117,2,4
1MHP_HL_A|NL51Y,-0.05162489,0.20339803,2,4
1MHP_HL_A|RH31Q,1.3073281,0.15067025,2,4
1MHP_HL_A|SH35A,1.572685,0.9563972,2,4
"1MHP_HL_A|SH35A,GH102S",1.572685,1.3001407,2,4
1MHP_HL_A|SH35Q,2.727121,0.271566,2,4
"1MHP_HL_A|SH35V,GH102S",1.4256749,1.1724317,2,4
1MHP_HL_A|SH52M,2.0758402,-0.11712973,2,4
1MHP_HL_A|SL23R,-0.21533228,-0.54164946,2,4
1MHP_HL_A|SL27Q,-0.6661127,-0.0057654483,2,4
1MHP_HL_A|SL90Q,1.7740332,-0.02640475,2,4
1MHP_HL_A|SL90T,2.3166485,-0.2163599,2,4
"1MHP_HL_A|TH33E,GH53Q",1.6674565,0.9981017,2,4
"1MHP_HL_A|TH33I,SH52T,GH53N,GH54N",1.9075676,0.6128336,2,4
"1MHP_HL_A|TH33I,SH52T,GH53Q,GH54F",1.2553134,0.77647316,2,4
1MHP_HL_A|TH33N,2.727121,0.58941656,2,4
1MHP_HL_A|TH33V,0.43436813,0.6973823,2,4
1MHP_HL_A|TH50V,-0.13159887,0.6079987,2,4
"1MHP_HL_A|TH50V,GH102S",1.6674565,0.4881711,2,4
"1MHP_HL_A|TH50V,KH64E",-0.1805197,0.48342788,2,4
"1MHP_HL_A|TH50V,KH64E,SL27Q,NL51E",-1.267319,0.622653,2,4
"1MHP_HL_A|TH50V,KH64E,SL27Q,NL51Y",-1.0844951,0.3595924,2,4
"1MHP_HL_A|TH50V,SH35A",2.0758402,1.5867525,2,4
"1MHP_HL_A|TH50V,SH35V",2.727121,1.5611794,2,4
"1MHP_HL_A|TH50V,SL27Q",-0.6946839,0.33995795,2,4
"1MHP_HL_A|TH50V,SL27Q,NL51Y",-1.0235296,0.4357449,2,4
1MHP_HL_A|WL89Q,2.0758402,0.80605286,2,4
"1MHP_HL_A|WL89Q,FL32Y",0.871019,0.13949567,2,4
1MHP_HL_A|YH58E,2.0758402,1.0712292,2,4
1MHP_HL_A|YH58Q,2.0758402,0.7923053,2,4
1MHP_HL_A|YH58W,0.82094526,0.7727936,2,4
1MHP_HL_A|YH59E,0.54400706,0.31165794,2,4
1N8Z_AB_C|DB102W,-0.71302944,-0.10158841,2,4
1N8Z_AB_C|FC539A,0.035102826,1.0826743,2,4
1N8Z_AB_C|HA91F,0.034232877,0.22814474,2,4
1N8Z_AB_C|LC509A,-0.023045197,1.3224955,2,4
1N8Z_AB_C|NA30S,0.06666317,0.35224232,2,4
"1N8Z_AB_C|NA30S,HA91F,YA92W",-0.07476232,0.3199965,2,4
"1N8Z_AB_C|NA30S,HA91F,YA92W,TA94S,DB102W,YB105F,YB109V",0.050661404,0.2590692,2,4
1N8Z_AB_C|RB50A,2.9754758,1.1331042,2,4
1N8Z_AB_C|RB59A,1.8037988,1.057292,2,4
1N8Z_AB_C|SC535A,0.030827092,0.58496666,2,4
1N8Z_AB_C|TA94S,0.32168603,-0.023399074,2,4
1N8Z_AB_C|VC536A,0.008972699,0.65756047,2,4
1N8Z_AB_C|YB105F,0.8540034,0.6249661,2,4
1N8Z_AB_C|YB109V,0.23192272,0.7015117,2,4
1XGQ_AB_C|VB33A,1.1525793,0.91328293,2,4
1XGQ_AB_C|VB33F,-2.9080825,-2.7082446,2,4
1XGQ_AB_C|VB33I,-1.1076277,-1.3067833,2,4
1XGQ_AB_C|VB33L,-1.0463123,-1.1895461,2,4
1YQV_HL_Y|RY45K,1.8995041,1.03167,2,4
"1YQV_HL_Y|RY68K,TY40S,IY55V,SY91T",4.0,1.2958148,2,4
"1YQV_HL_Y|RY68K,TY40S,IY55V,SY91T,QY121H",0.0,1.4578133,2,4
1YY9_CD_A|AC25P,0.07225565,0.11031151,2,4
1YY9_CD_A|AD98P,1.0372273,-0.8723799,2,4
1YY9_CD_A|GD54P,0.26807046,-0.8810928,2,4
1YY9_CD_A|LD29P,0.030827092,-0.2254883,2,4
1YY9_CD_A|NC93A,-0.74186975,-0.04693049,2,4
1YY9_CD_A|ND56A,-0.057046015,0.10379442,2,4
1YY9_CD_A|SC26D,-0.19925442,0.030020375,2,4
"1YY9_CD_A|SC26D,TC31E,NC93A",-1.3329437,1.0310378,2,4
"1YY9_CD_A|SC26D,TC31E,NC93A,ND56A,TD61E",-0.6517935,1.3073622,2,4
1YY9_CD_A|SC26P,-0.009110746,-0.13707842,2,4
1YY9_CD_A|SC28P,-0.22229962,-0.4685181,2,4
1YY9_CD_A|SC54P,-0.018363854,0.03254838,2,4
1YY9_CD_A|SD53P,0.8175451,-0.28954777,2,4
1YY9_CD_A|TC31E,-0.51892465,1.1402773,2,4
"1YY9_CD_A|TC31E,NC93A",-0.81853306,1.6585755,2,4
1YY9_CD_A|TC96P,4.0,-0.22596359,2,4
1YY9_CD_A|TD61E,-0.057046015,0.15460709,2,4
1YY9_CD_A|WD52P,1.4782712,0.29703334,2,4
1YY9_CD_A|YD101P,1.6514195,-0.009555216,2,4
3NPS_A_BC|DA214A,1.466743,0.58949643,2,4
3NPS_A_BC|DA46A,0.3399866,0.5842187,2,4
3NPS_A_BC|DA47A,1.0674704,1.0256525,2,4
3NPS_A_BC|DA91A,1.5070341,0.4944012,2,4
3NPS_A_BC|EA163A,0.61534816,0.112495035,2,4
3NPS_A_BC|FA50A,0.21957076,0.44312647,2,4
3NPS_A_BC|FA89A,1.5714045,1.0272379,2,4
3NPS_A_BC|FA92A,0.46353978,1.3329754,2,4
3NPS_A_BC|HA138A,1.8750918,0.5402946,2,4
3NPS_A_BC|IA26A,0.6415425,0.4144115,2,4
3NPS_A_BC|IA45A,-0.33181784,0.81158274,2,4
3NPS_A_BC|KA221A,-0.10361039,1.1036038,2,4
3NPS_A_BC|LA147A,0.29573628,0.6354649,2,4
3NPS_A_BC|NA90A,0.25341922,0.7691402,2,4
3NPS_A_BC|QA140A,0.29573628,0.5944602,2,4
3NPS_A_BC|QA168A,-0.059223834,0.35150364,2,4
3NPS_A_BC|QA169A,0.7409076,2.0046751,2,4
3NPS_A_BC|QA218A,-0.040916756,0.5040732,2,4
3NPS_A_BC|QA23A,0.026323749,-0.38311756,2,4
3NPS_A_BC|RA219A,-0.08390186,-0.44426093,2,4
3NPS_A_BC|RA48A,-1.062741,-0.24907415,2,4
3NPS_A_BC|RA51A,0.13816836,0.22300924,2,4
3NPS_A_BC|RA82A,-0.15159543,-0.12221658,2,4
3NPS_A_BC|TA144A,0.17497002,0.52689177,2,4
3NPS_A_BC|TA93A,0.72381234,1.1460861,2,4
3NPS_A_BC|YA141A,1.7748737,1.935121,2,4
3NPS_A_BC|YA52A,0.4518898,0.08387175,2,4
3W2D_A_HL|KA67N,4.0,0.5773737,2,4
3W2D_A_HL|KA67R,-0.42812017,0.59423894,2,4
3W2D_A_HL|YA45F,0.8779443,-0.47003964,2,4
3W2D_A_HL|YA45L,2.3647563,0.25061256,2,4
"4KRO_A_B|DA321T,FA323A",0.1269707,0.55116373,2,4
"4KRP_A_B|DA277T,FA279A",0.35829666,0.64433986,2,4
4NM8_ABCDEF_HL|DB19N,0.66149956,0.50760007,2,4
4NM8_ABCDEF_HL|IB18M,0.10977998,0.84366286,2,4
4NM8_ABCDEF_HL|LB38Y,-0.6151596,-0.1363498,2,4
4NM8_ABCDEF_HL|QB34R,2.9754758,1.5105363,2,4
4NM8_ABCDEF_HL|QB34T,2.3309386,0.86177284,2,4
4NM8_ABCDEF_HL|RB25M,3.442353,1.0447215,2,4
4NM8_ABCDEF_HL|TB32E,-0.5517196,0.3685634,2,4
4NM8_ABCDEF_HL|TB32I,-0.050205972,1.0890962,2,4
4NM8_ABCDEF_HL|TB32R,1.2211944,1.0497352,2,4
1DVF_AB_CD|DB100A,2.7895143,0.101629905,2,5
"1DVF_AB_CD|DB100A,DD52A",4.0,0.15265858,2,5
"1DVF_AB_CD|DB100A,HD33A",4.0,0.5032654,2,5
"1DVF_AB_CD|DB100A,ND55A",4.0,0.1985592,2,5
1DVF_AB_CD|DB54A,4.0,0.18690881,2,5
"1DVF_AB_CD|DB54A,YC49A",4.0,0.47957662,2,5
1DVF_AB_CD|DB58A,1.6000048,-0.05562221,2,5
"1DVF_AB_CD|DB58A,QD104A",1.4641725,0.16612053,2,5
1DVF_AB_CD|DD52A,1.6822901,-0.011871465,2,5
1DVF_AB_CD|EB98A,4.0,0.116786905,2,5
"1DVF_AB_CD|EB98A,YD102A",4.0,0.04017794,2,5
1DVF_AB_CD|HA30A,1.6493824,0.2220223,2,5
1DVF_AB_CD|HD33A,1.8606005,0.2777056,2,5
1DVF_AB_CD|ID101A,2.6815457,0.390901,2,5
1DVF_AB_CD|KD30A,1.0035173,0.024827488,2,5
1DVF_AB_CD|NB56A,1.1624389,-0.084079884,2,5
"1DVF_AB_CD|NB56A,HD33A",2.5259995,0.348472,2,5
"1DVF_AB_CD|NB56A,ND55A",2.3010929,0.013320513,2,5
"1DVF_AB_CD|NB56A,QD104A",1.4868644,0.18840289,2,5
1DVF_AB_CD|ND55A,1.8606005,-0.020185925,2,5
1DVF_AB_CD|QD104A,1.6287225,0.06604469,2,5
1DVF_AB_CD|RB99A,1.8746451,-0.021933518,2,5
1DVF_AB_CD|RD106A,4.0,0.09516109,2,5
1DVF_AB_CD|SA93A,1.1624389,-0.056787856,2,5
1DVF_AB_CD|TB30A,0.9075126,-0.044241987,2,5
1DVF_AB_CD|WA92A,0.34072307,-0.09510547,2,5
1DVF_AB_CD|WB52A,4.0,0.14384535,2,5
"1DVF_AB_CD|WB52A,QD104A",4.0,0.2711716,2,5
1DVF_AB_CD|YA32A,2.0303695,0.21631876,2,5
"1DVF_AB_CD|YA32A,RD106A",4.0,0.4872757,2,5
1DVF_AB_CD|YA49A,1.6785902,0.20477864,2,5
"1DVF_AB_CD|YA49A,HD33A",2.625045,0.52483064,2,5
"1DVF_AB_CD|YA49A,ND55A",2.0303695,0.30903393,2,5
1DVF_AB_CD|YA50A,0.6877736,0.122274436,2,5
1DVF_AB_CD|YB101F,2.0123136,-0.0036569647,2,5
1DVF_AB_CD|YB32A,1.8314707,0.1861113,2,5
1DVF_AB_CD|YC49A,1.8606005,0.19700828,2,5
1DVF_AB_CD|YD102A,4.0,-0.19287652,2,5
1MHP_HL_A|FH99W,0.0,-0.3497901,2,5
1MHP_HL_A|FH99Y,0.75466895,-0.41418502,2,5
1MHP_HL_A|GH100F,0.38901797,-0.10400052,2,5
1MHP_HL_A|GH100L,2.727121,-0.04767217,2,5
1MHP_HL_A|GH100M,0.10213403,-0.0091507025,2,5
1MHP_HL_A|GH100S,0.5577475,0.054590546,2,5
1MHP_HL_A|GH53A,0.5126066,-0.1291855,2,5
1MHP_HL_A|GH53N,1.2553134,-0.077997945,2,5
1MHP_HL_A|GH53S,0.6755934,-0.08469412,2,5
1MHP_HL_A|GH54I,1.3635606,-0.023797631,2,5
1MHP_HL_A|GH54T,1.1641668,0.04405106,2,5
1MHP_HL_A|GH54Y,0.0,-0.079508886,2,5
1MHP_HL_A|GL91Q,1.572685,-0.11345166,2,5
1MHP_HL_A|GL91S,0.5126066,-0.11192353,2,5
1MHP_HL_A|HL30K,1.1641668,-0.044530537,2,5
1MHP_HL_A|HL30R,1.1237977,-0.123632744,2,5
1MHP_HL_A|HL30W,1.2553134,-0.21421081,2,5
1MHP_HL_A|KH64D,-0.17144196,-0.112249665,2,5
1MHP_HL_A|KH64E,-0.07761467,-0.21871004,2,5
"1MHP_HL_A|KH64E,SL27Q",-0.85684633,-0.19249326,2,5
"1MHP_HL_A|KH64E,SL27Q,NL51Y",-1.0191593,-0.3392375,2,5
1MHP_HL_A|KH64N,-0.03627145,-0.08539055,2,5
1MHP_HL_A|KH64Q,-0.07761467,-0.19929853,2,5
1MHP_HL_A|LH60D,-0.061319917,-0.007638231,2,5
"1MHP_HL_A|LH60D,KH64E",-0.1418005,-0.070751995,2,5
"1MHP_HL_A|LH60D,KH64Q",0.042989343,0.017100416,2,5
1MHP_HL_A|LL48F,0.71227974,0.0026372336,2,5
1MHP_HL_A|LL48K,0.8612009,0.12262521,2,5
1MHP_HL_A|LL48W,1.9075676,0.024462558,2,5
1MHP_HL_A|NL29V,1.0493295,-0.03410279,2,5
1MHP_HL_A|NL29W,1.572685,-0.068776935,2,5
1MHP_HL_A|NL29Y,1.9075676,-0.09507991,2,5
"1MHP_HL_A|NL29Y,SL90I",0.43436813,-0.3148349,2,5
1MHP_HL_A|NL51D,0.5007625,-0.22027639,2,5
1MHP_HL_A|NL51E,-0.08868487,-0.22789377,2,5
1MHP_HL_A|NL51K,0.65751,-0.14011547,2,5
1MHP_HL_A|NL51R,0.84484076,-0.15517408,2,5
1MHP_HL_A|NL51Y,-0.05162489,-0.26361188,2,5
1MHP_HL_A|RH31Q,1.3073281,-0.3067732,2,5
1MHP_HL_A|SH35A,1.572685,-0.030377751,2,5
"1MHP_HL_A|SH35A,GH102S",1.572685,0.026283927,2,5
1MHP_HL_A|SH35Q,2.727121,-0.038619217,2,5
"1MHP_HL_A|SH35V,GH102S",1.4256749,0.077590026,2,5
1MHP_HL_A|SH52M,2.0758402,-0.2204184,2,5
1MHP_HL_A|SL23R,-0.21533228,0.034533627,2,5
1MHP_HL_A|SL27Q,-0.6661127,-0.041428078,2,5
1MHP_HL_A|SL90Q,1.7740332,-0.14228547,2,5
1MHP_HL_A|SL90T,2.3166485,-0.12081838,2,5
"1MHP_HL_A|TH33E,GH53Q",1.6674565,-0.07327953,2,5
"1MHP_HL_A|TH33I,SH52T,GH53N,GH54N",1.9075676,0.0067243427,2,5
"1MHP_HL_A|TH33I,SH52T,GH53Q,GH54F",1.2553134,-0.20901021,2,5
1MHP_HL_A|TH33N,2.727121,0.031989746,2,5
1MHP_HL_A|TH33V,0.43436813,-0.012883693,2,5
1MHP_HL_A|TH50V,-0.13159887,-0.26548,2,5
"1MHP_HL_A|TH50V,GH102S",1.6674565,-0.116692096,2,5
"1MHP_HL_A|TH50V,KH64E",-0.1805197,-0.28896627,2,5
"1MHP_HL_A|TH50V,KH64E,SL27Q,NL51E",-1.267319,-0.45272228,2,5
"1MHP_HL_A|TH50V,KH64E,SL27Q,NL51Y",-1.0844951,-0.48667154,2,5
"1MHP_HL_A|TH50V,SH35A",2.0758402,-0.10077272,2,5
"1MHP_HL_A|TH50V,SH35V",2.727121,-0.11719784,2,5
"1MHP_HL_A|TH50V,SL27Q",-0.6946839,-0.20026681,2,5
"1MHP_HL_A|TH50V,SL27Q,NL51Y",-1.0235296,-0.3362736,2,5
1MHP_HL_A|WL89Q,2.0758402,-0.030632302,2,5
"1MHP_HL_A|WL89Q,FL32Y",0.871019,0.079358615,2,5
1MHP_HL_A|YH58E,2.0758402,0.017175674,2,5
1MHP_HL_A|YH58Q,2.0758402,-0.046236087,2,5
1MHP_HL_A|YH58W,0.82094526,-0.16411653,2,5
1MHP_HL_A|YH59E,0.54400706,0.08950124,2,5
1N8Z_AB_C|DB102W,-0.71302944,-0.07594803,2,5
1N8Z_AB_C|FC539A,0.035102826,-0.05363407,2,5
1N8Z_AB_C|HA91F,0.034232877,-0.11859878,2,5
1N8Z_AB_C|LC509A,-0.023045197,0.12292426,2,5
1N8Z_AB_C|NA30S,0.06666317,-0.07246676,2,5
"1N8Z_AB_C|NA30S,HA91F,YA92W",-0.07476232,-0.20461845,2,5
"1N8Z_AB_C|NA30S,HA91F,YA92W,TA94S,DB102W,YB105F,YB109V",0.050661404,-0.07164992,2,5
1N8Z_AB_C|RB50A,2.9754758,-0.09502993,2,5
1N8Z_AB_C|RB59A,1.8037988,-0.06145815,2,5
1N8Z_AB_C|SC535A,0.030827092,-0.017454248,2,5
1N8Z_AB_C|TA94S,0.32168603,-0.10953533,2,5
1N8Z_AB_C|VC536A,0.008972699,0.16298172,2,5
1N8Z_AB_C|YB105F,0.8540034,-0.17336568,2,5
1N8Z_AB_C|YB109V,0.23192272,0.008496419,2,5
1XGQ_AB_C|VB33A,1.1525793,0.11858066,2,5
1XGQ_AB_C|VB33F,-2.9080825,0.03527487,2,5
1XGQ_AB_C|VB33I,-1.1076277,-0.038471833,2,5
1XGQ_AB_C|VB33L,-1.0463123,0.015084341,2,5
1YQV_HL_Y|RY45K,1.8995041,-0.17904076,2,5
"1YQV_HL_Y|RY68K,TY40S,IY55V,SY91T",4.0,-0.077788174,2,5
"1YQV_HL_Y|RY68K,TY40S,IY55V,SY91T,QY121H",0.0,-0.083575375,2,5
1YY9_CD_A|AC25P,0.07225565,-0.18009016,2,5
1YY9_CD_A|AD98P,1.0372273,-0.24999326,2,5
1YY9_CD_A|GD54P,0.26807046,-0.32148534,2,5
1YY9_CD_A|LD29P,0.030827092,-0.15571728,2,5
1YY9_CD_A|NC93A,-0.74186975,-0.013729937,2,5
1YY9_CD_A|ND56A,-0.057046015,-0.081679404,2,5
1YY9_CD_A|SC26D,-0.19925442,-0.17098877,2,5
"1YY9_CD_A|SC26D,TC31E,NC93A",-1.3329437,-0.06573485,2,5
"1YY9_CD_A|SC26D,TC31E,NC93A,ND56A,TD61E",-0.6517935,-0.1266528,2,5
1YY9_CD_A|SC26P,-0.009110746,-0.30960527,2,5
1YY9_CD_A|SC28P,-0.22229962,-0.33152965,2,5
1YY9_CD_A|SC54P,-0.018363854,-0.26358396,2,5
1YY9_CD_A|SD53P,0.8175451,-0.38118201,2,5
1YY9_CD_A|TC31E,-0.51892465,0.008818641,2,5
"1YY9_CD_A|TC31E,NC93A",-0.81853306,0.018107481,2,5
1YY9_CD_A|TC96P,4.0,-0.329912,2,5
1YY9_CD_A|TD61E,-0.057046015,-0.025117375,2,5
1YY9_CD_A|WD52P,1.4782712,-0.07037945,2,5
1YY9_CD_A|YD101P,1.6514195,-0.15926948,2,5
3NPS_A_BC|DA214A,1.466743,0.03929372,2,5
3NPS_A_BC|DA46A,0.3399866,0.24472377,2,5
3NPS_A_BC|DA47A,1.0674704,0.20404804,2,5
3NPS_A_BC|DA91A,1.5070341,0.15061086,2,5
3NPS_A_BC|EA163A,0.61534816,0.05426792,2,5
3NPS_A_BC|FA50A,0.21957076,0.13556215,2,5
3NPS_A_BC|FA89A,1.5714045,0.04648348,2,5
3NPS_A_BC|FA92A,0.46353978,0.14453572,2,5
3NPS_A_BC|HA138A,1.8750918,0.10328656,2,5
3NPS_A_BC|IA26A,0.6415425,0.12843406,2,5
3NPS_A_BC|IA45A,-0.33181784,0.38118455,2,5
3NPS_A_BC|KA221A,-0.10361039,0.24703953,2,5
3NPS_A_BC|LA147A,0.29573628,0.24490076,2,5
3NPS_A_BC|NA90A,0.25341922,-0.0037328824,2,5
3NPS_A_BC|QA140A,0.29573628,0.095735855,2,5
3NPS_A_BC|QA168A,-0.059223834,0.23503259,2,5
3NPS_A_BC|QA169A,0.7409076,0.14157552,2,5
3NPS_A_BC|QA218A,-0.040916756,0.15302166,2,5
3NPS_A_BC|QA23A,0.026323749,0.32589698,2,5
3NPS_A_BC|RA219A,-0.08390186,0.18534926,2,5
3NPS_A_BC|RA48A,-1.062741,0.21913782,2,5
3NPS_A_BC|RA51A,0.13816836,0.062222533,2,5
3NPS_A_BC|RA82A,-0.15159543,0.18914086,2,5
3NPS_A_BC|TA144A,0.17497002,0.07400241,2,5
3NPS_A_BC|TA93A,0.72381234,-0.03278364,2,5
3NPS_A_BC|YA141A,1.7748737,0.018816419,2,5
3NPS_A_BC|YA52A,0.4518898,0.13331342,2,5
3W2D_A_HL|KA67N,4.0,-0.08436242,2,5
3W2D_A_HL|KA67R,-0.42812017,-0.19740126,2,5
3W2D_A_HL|YA45F,0.8779443,-0.086868696,2,5
3W2D_A_HL|YA45L,2.3647563,-0.11894705,2,5
"4KRO_A_B|DA321T,FA323A",0.1269707,0.7673537,2,5
"4KRP_A_B|DA277T,FA279A",0.35829666,0.7248816,2,5
4NM8_ABCDEF_HL|DB19N,0.66149956,0.023401245,2,5
4NM8_ABCDEF_HL|IB18M,0.10977998,-0.065708585,2,5
4NM8_ABCDEF_HL|LB38Y,-0.6151596,0.050223507,2,5
4NM8_ABCDEF_HL|QB34R,2.9754758,-0.17078134,2,5
4NM8_ABCDEF_HL|QB34T,2.3309386,-0.16368681,2,5
4NM8_ABCDEF_HL|RB25M,3.442353,-0.14525768,2,5
4NM8_ABCDEF_HL|TB32E,-0.5517196,-0.100144,2,5
4NM8_ABCDEF_HL|TB32I,-0.050205972,-0.13333547,2,5
4NM8_ABCDEF_HL|TB32R,1.2211944,-0.07932162,2,5
1DVF_AB_CD|DB100A,2.7895143,0.9582703,2,6
"1DVF_AB_CD|DB100A,DD52A",4.0,1.1658605,2,6
"1DVF_AB_CD|DB100A,HD33A",4.0,1.0690187,2,6
"1DVF_AB_CD|DB100A,ND55A",4.0,0.65941346,2,6
1DVF_AB_CD|DB54A,4.0,1.7143568,2,6
"1DVF_AB_CD|DB54A,YC49A",4.0,1.9094367,2,6
1DVF_AB_CD|DB58A,1.6000048,1.3140942,2,6
"1DVF_AB_CD|DB58A,QD104A",1.4641725,0.8343041,2,6
1DVF_AB_CD|DD52A,1.6822901,0.98013026,2,6
1DVF_AB_CD|EB98A,4.0,1.0823945,2,6
"1DVF_AB_CD|EB98A,YD102A",4.0,3.5476358,2,6
1DVF_AB_CD|HA30A,1.6493824,0.34286195,2,6
1DVF_AB_CD|HD33A,1.8606005,0.46308124,2,6
1DVF_AB_CD|ID101A,2.6815457,0.9605695,2,6
1DVF_AB_CD|KD30A,1.0035173,0.16222714,2,6
1DVF_AB_CD|NB56A,1.1624389,0.71985817,2,6
"1DVF_AB_CD|NB56A,HD33A",2.5259995,0.60939324,2,6
"1DVF_AB_CD|NB56A,ND55A",2.3010929,0.1888288,2,6
"1DVF_AB_CD|NB56A,QD104A",1.4868644,0.488059,2,6
1DVF_AB_CD|ND55A,1.8606005,0.08738513,2,6
1DVF_AB_CD|QD104A,1.6287225,0.9296555,2,6
1DVF_AB_CD|RB99A,1.8746451,1.0611496,2,6
1DVF_AB_CD|RD106A,4.0,0.18495964,2,6
1DVF_AB_CD|SA93A,1.1624389,0.0053880047,2,6
1DVF_AB_CD|TB30A,0.9075126,0.22009712,2,6
1DVF_AB_CD|WA92A,0.34072307,0.9941292,2,6
1DVF_AB_CD|WB52A,4.0,2.924223,2,6
"1DVF_AB_CD|WB52A,QD104A",4.0,1.4978606,2,6
1DVF_AB_CD|YA32A,2.0303695,1.6933451,2,6
"1DVF_AB_CD|YA32A,RD106A",4.0,1.5352806,2,6
1DVF_AB_CD|YA49A,1.6785902,1.6484656,2,6
"1DVF_AB_CD|YA49A,HD33A",2.625045,0.64147,2,6
"1DVF_AB_CD|YA49A,ND55A",2.0303695,1.1857264,2,6
1DVF_AB_CD|YA50A,0.6877736,2.076663,2,6
1DVF_AB_CD|YB101F,2.0123136,2.1400235,2,6
1DVF_AB_CD|YB32A,1.8314707,0.79182804,2,6
1DVF_AB_CD|YC49A,1.8606005,0.6873374,2,6
1DVF_AB_CD|YD102A,4.0,2.7333984,2,6
1MHP_HL_A|FH99W,0.0,-0.56032026,2,6
1MHP_HL_A|FH99Y,0.75466895,-0.3673181,2,6
1MHP_HL_A|GH100F,0.38901797,-0.4507574,2,6
1MHP_HL_A|GH100L,2.727121,-0.7352026,2,6
1MHP_HL_A|GH100M,0.10213403,-0.40596977,2,6
1MHP_HL_A|GH100S,0.5577475,-0.9129249,2,6
1MHP_HL_A|GH53A,0.5126066,0.9438315,2,6
1MHP_HL_A|GH53N,1.2553134,-0.15039241,2,6
1MHP_HL_A|GH53S,0.6755934,-0.22900853,2,6
1MHP_HL_A|GH54I,1.3635606,-0.46976906,2,6
1MHP_HL_A|GH54T,1.1641668,0.3044672,2,6
1MHP_HL_A|GH54Y,0.0,-1.616123,2,6
1MHP_HL_A|GL91Q,1.572685,0.17828159,2,6
1MHP_HL_A|GL91S,0.5126066,0.43301585,2,6
1MHP_HL_A|HL30K,1.1641668,0.5644372,2,6
1MHP_HL_A|HL30R,1.1237977,-0.39722833,2,6
1MHP_HL_A|HL30W,1.2553134,0.004888857,2,6
1MHP_HL_A|KH64D,-0.17144196,-0.4392708,2,6
1MHP_HL_A|KH64E,-0.07761467,-0.24754897,2,6
"1MHP_HL_A|KH64E,SL27Q",-0.85684633,-0.0028159013,2,6
"1MHP_HL_A|KH64E,SL27Q,NL51Y",-1.0191593,-0.20608687,2,6
1MHP_HL_A|KH64N,-0.03627145,0.047936395,2,6
1MHP_HL_A|KH64Q,-0.07761467,0.0011547785,2,6
1MHP_HL_A|LH60D,-0.061319917,0.17725578,2,6
"1MHP_HL_A|LH60D,KH64E",-0.1418005,-0.17467299,2,6
"1MHP_HL_A|LH60D,KH64Q",0.042989343,0.13989475,2,6
1MHP_HL_A|LL48F,0.71227974,-0.65065503,2,6
1MHP_HL_A|LL48K,0.8612009,-0.18096772,2,6
1MHP_HL_A|LL48W,1.9075676,-0.8695102,2,6
1MHP_HL_A|NL29V,1.0493295,0.50733024,2,6
1MHP_HL_A|NL29W,1.572685,-0.023664014,2,6
1MHP_HL_A|NL29Y,1.9075676,-0.4505319,2,6
"1MHP_HL_A|NL29Y,SL90I",0.43436813,-0.33059442,2,6
1MHP_HL_A|NL51D,0.5007625,0.039204568,2,6
1MHP_HL_A|NL51E,-0.08868487,0.4169896,2,6
1MHP_HL_A|NL51K,0.65751,0.7001011,2,6
1MHP_HL_A|NL51R,0.84484076,0.58011764,2,6
1MHP_HL_A|NL51Y,-0.05162489,0.056767464,2,6
1MHP_HL_A|RH31Q,1.3073281,-0.071800314,2,6
1MHP_HL_A|SH35A,1.572685,1.3268386,2,6
"1MHP_HL_A|SH35A,GH102S",1.572685,0.48572797,2,6
1MHP_HL_A|SH35Q,2.727121,0.7484339,2,6
"1MHP_HL_A|SH35V,GH102S",1.4256749,0.37070644,2,6
1MHP_HL_A|SH52M,2.0758402,0.19663382,2,6
1MHP_HL_A|SL23R,-0.21533228,-0.01496972,2,6
1MHP_HL_A|SL27Q,-0.6661127,0.17534506,2,6
1MHP_HL_A|SL90Q,1.7740332,0.54880095,2,6
1MHP_HL_A|SL90T,2.3166485,-0.16278298,2,6
"1MHP_HL_A|TH33E,GH53Q",1.6674565,1.4144843,2,6
"1MHP_HL_A|TH33I,SH52T,GH53N,GH54N",1.9075676,1.4465954,2,6
"1MHP_HL_A|TH33I,SH52T,GH53Q,GH54F",1.2553134,1.1365602,2,6
1MHP_HL_A|TH33N,2.727121,0.33061048,2,6
1MHP_HL_A|TH33V,0.43436813,1.097733,2,6
1MHP_HL_A|TH50V,-0.13159887,0.39592168,2,6
"1MHP_HL_A|TH50V,GH102S",1.6674565,-0.11858464,2,6
"1MHP_HL_A|TH50V,KH64E",-0.1805197,0.1621114,2,6
"1MHP_HL_A|TH50V,KH64E,SL27Q,NL51E",-1.267319,0.2863933,2,6
"1MHP_HL_A|TH50V,KH64E,SL27Q,NL51Y",-1.0844951,-0.13172169,2,6
"1MHP_HL_A|TH50V,SH35A",2.0758402,1.4190774,2,6
"1MHP_HL_A|TH50V,SH35V",2.727121,1.1897811,2,6
"1MHP_HL_A|TH50V,SL27Q",-0.6946839,0.5040563,2,6
"1MHP_HL_A|TH50V,SL27Q,NL51Y",-1.0235296,0.07398655,2,6
1MHP_HL_A|WL89Q,2.0758402,1.7350976,2,6
"1MHP_HL_A|WL89Q,FL32Y",0.871019,1.732144,2,6
1MHP_HL_A|YH58E,2.0758402,1.4252644,2,6
1MHP_HL_A|YH58Q,2.0758402,1.4984412,2,6
1MHP_HL_A|YH58W,0.82094526,0.51976913,2,6
1MHP_HL_A|YH59E,0.54400706,0.65778106,2,6
1N8Z_AB_C|DB102W,-0.71302944,-1.1502565,2,6
1N8Z_AB_C|FC539A,0.035102826,0.9798366,2,6
1N8Z_AB_C|HA91F,0.034232877,-0.3669434,2,6
1N8Z_AB_C|LC509A,-0.023045197,1.1711174,2,6
1N8Z_AB_C|NA30S,0.06666317,0.34156516,2,6
"1N8Z_AB_C|NA30S,HA91F,YA92W",-0.07476232,-0.017935928,2,6
"1N8Z_AB_C|NA30S,HA91F,YA92W,TA94S,DB102W,YB105F,YB109V",0.050661404,-0.97189033,2,6
1N8Z_AB_C|RB50A,2.9754758,1.5999194,2,6
1N8Z_AB_C|RB59A,1.8037988,1.755103,2,6
1N8Z_AB_C|SC535A,0.030827092,0.589074,2,6
1N8Z_AB_C|TA94S,0.32168603,-0.058813304,2,6
1N8Z_AB_C|VC536A,0.008972699,0.50917375,2,6
1N8Z_AB_C|YB105F,0.8540034,1.4090227,2,6
1N8Z_AB_C|YB109V,0.23192272,0.23999178,2,6
1XGQ_AB_C|VB33A,1.1525793,1.2565727,2,6
1XGQ_AB_C|VB33F,-2.9080825,-2.471243,2,6
1XGQ_AB_C|VB33I,-1.1076277,-0.9777763,2,6
1XGQ_AB_C|VB33L,-1.0463123,-0.85668033,2,6
1YQV_HL_Y|RY45K,1.8995041,0.92192197,2,6
"1YQV_HL_Y|RY68K,TY40S,IY55V,SY91T",4.0,0.40203276,2,6
"1YQV_HL_Y|RY68K,TY40S,IY55V,SY91T,QY121H",0.0,0.554385,2,6
1YY9_CD_A|AC25P,0.07225565,-0.360933,2,6
1YY9_CD_A|AD98P,1.0372273,-0.53322625,2,6
1YY9_CD_A|GD54P,0.26807046,-0.59176135,2,6
1YY9_CD_A|LD29P,0.030827092,0.23068738,2,6
1YY9_CD_A|NC93A,-0.74186975,-1.1299961,2,6
1YY9_CD_A|ND56A,-0.057046015,0.3442224,2,6
1YY9_CD_A|SC26D,-0.19925442,-0.5828445,2,6
"1YY9_CD_A|SC26D,TC31E,NC93A",-1.3329437,-0.4404258,2,6
"1YY9_CD_A|SC26D,TC31E,NC93A,ND56A,TD61E",-0.6517935,-0.20766252,2,6
1YY9_CD_A|SC26P,-0.009110746,-0.41640934,2,6
1YY9_CD_A|SC28P,-0.22229962,-0.36031577,2,6
1YY9_CD_A|SC54P,-0.018363854,0.23793107,2,6
1YY9_CD_A|SD53P,0.8175451,-0.24342558,2,6
1YY9_CD_A|TC31E,-0.51892465,0.51277196,2,6
"1YY9_CD_A|TC31E,NC93A",-0.81853306,-0.4198107,2,6
1YY9_CD_A|TC96P,4.0,-0.012638213,2,6
1YY9_CD_A|TD61E,-0.057046015,0.12697808,2,6
1YY9_CD_A|WD52P,1.4782712,0.81290287,2,6
1YY9_CD_A|YD101P,1.6514195,0.34233364,2,6
3NPS_A_BC|DA214A,1.466743,0.72541505,2,6
3NPS_A_BC|DA46A,0.3399866,0.35121492,2,6
3NPS_A_BC|DA47A,1.0674704,0.27632928,2,6
3NPS_A_BC|DA91A,1.5070341,0.5379289,2,6
3NPS_A_BC|EA163A,0.61534816,0.31035718,2,6
3NPS_A_BC|FA50A,0.21957076,0.52950364,2,6
3NPS_A_BC|FA89A,1.5714045,1.4559734,2,6
3NPS_A_BC|FA92A,0.46353978,0.7978403,2,6
3NPS_A_BC|HA138A,1.8750918,0.30860808,2,6
3NPS_A_BC|IA26A,0.6415425,0.017553965,2,6
3NPS_A_BC|IA45A,-0.33181784,0.550058,2,6
3NPS_A_BC|KA221A,-0.10361039,1.0372937,2,6
3NPS_A_BC|LA147A,0.29573628,0.22460344,2,6
3NPS_A_BC|NA90A,0.25341922,0.53469586,2,6
3NPS_A_BC|QA140A,0.29573628,0.43300903,2,6
3NPS_A_BC|QA168A,-0.059223834,0.15053202,2,6
3NPS_A_BC|QA169A,0.7409076,1.7749153,2,6
3NPS_A_BC|QA218A,-0.040916756,0.6146648,2,6
3NPS_A_BC|QA23A,0.026323749,-0.20343827,2,6
3NPS_A_BC|RA219A,-0.08390186,-0.45985988,2,6
3NPS_A_BC|RA48A,-1.062741,-0.70914817,2,6
3NPS_A_BC|RA51A,0.13816836,-0.2248886,2,6
3NPS_A_BC|RA82A,-0.15159543,-0.033997357,2,6
3NPS_A_BC|TA144A,0.17497002,0.27848414,2,6
3NPS_A_BC|TA93A,0.72381234,1.0735381,2,6
3NPS_A_BC|YA141A,1.7748737,1.3791276,2,6
3NPS_A_BC|YA52A,0.4518898,-0.3050113,2,6
3W2D_A_HL|KA67N,4.0,1.0279474,2,6
3W2D_A_HL|KA67R,-0.42812017,0.94437987,2,6
3W2D_A_HL|YA45F,0.8779443,0.12176519,2,6
3W2D_A_HL|YA45L,2.3647563,0.49108782,2,6
"4KRO_A_B|DA321T,FA323A",0.1269707,1.8151774,2,6
"4KRP_A_B|DA277T,FA279A",0.35829666,1.8631642,2,6
4NM8_ABCDEF_HL|DB19N,0.66149956,0.9299178,2,6
4NM8_ABCDEF_HL|IB18M,0.10977998,1.1063368,2,6
4NM8_ABCDEF_HL|LB38Y,-0.6151596,0.98221743,2,6
4NM8_ABCDEF_HL|QB34R,2.9754758,2.3216162,2,6
4NM8_ABCDEF_HL|QB34T,2.3309386,2.3626108,2,6
4NM8_ABCDEF_HL|RB25M,3.442353,0.98320484,2,6
4NM8_ABCDEF_HL|TB32E,-0.5517196,0.66987157,2,6
4NM8_ABCDEF_HL|TB32I,-0.050205972,1.3551631,2,6
4NM8_ABCDEF_HL|TB32R,1.2211944,1.2728022,2,6
1DVF_AB_CD|DB100A,2.7895143,2.5384548,2,7
"1DVF_AB_CD|DB100A,DD52A",4.0,3.5054111,2,7
"1DVF_AB_CD|DB100A,HD33A",4.0,3.3427067,2,7
"1DVF_AB_CD|DB100A,ND55A",4.0,3.482724,2,7
1DVF_AB_CD|DB54A,4.0,1.2714442,2,7
"1DVF_AB_CD|DB54A,YC49A",4.0,2.8906276,2,7
1DVF_AB_CD|DB58A,1.6000048,0.59824806,2,7
"1DVF_AB_CD|DB58A,QD104A",1.4641725,1.2546331,2,7
1DVF_AB_CD|DD52A,1.6822901,1.0240684,2,7
1DVF_AB_CD|EB98A,4.0,1.3960032,2,7
"1DVF_AB_CD|EB98A,YD102A",4.0,1.9515673,2,7
1DVF_AB_CD|HA30A,1.6493824,1.434533,2,7
1DVF_AB_CD|HD33A,1.8606005,0.027190004,2,7
1DVF_AB_CD|ID101A,2.6815457,1.4431058,2,7
1DVF_AB_CD|KD30A,1.0035173,0.7942296,2,7
1DVF_AB_CD|NB56A,1.1624389,0.20159052,2,7
"1DVF_AB_CD|NB56A,HD33A",2.5259995,1.4251686,2,7
"1DVF_AB_CD|NB56A,ND55A",2.3010929,0.6576264,2,7
"1DVF_AB_CD|NB56A,QD104A",1.4868644,0.62161154,2,7
1DVF_AB_CD|ND55A,1.8606005,0.95747167,2,7
1DVF_AB_CD|QD104A,1.6287225,0.87754047,2,7
1DVF_AB_CD|RB99A,1.8746451,0.43439266,2,7
1DVF_AB_CD|RD106A,4.0,0.8328743,2,7
1DVF_AB_CD|SA93A,1.1624389,0.24329464,2,7
1DVF_AB_CD|TB30A,0.9075126,0.5660857,2,7
1DVF_AB_CD|WA92A,0.34072307,1.4642947,2,7
1DVF_AB_CD|WB52A,4.0,1.8938613,2,7
"1DVF_AB_CD|WB52A,QD104A",4.0,2.2595756,2,7
1DVF_AB_CD|YA32A,2.0303695,1.7899531,2,7
"1DVF_AB_CD|YA32A,RD106A",4.0,1.9005773,2,7
1DVF_AB_CD|YA49A,1.6785902,1.1961865,2,7
"1DVF_AB_CD|YA49A,HD33A",2.625045,0.7163721,2,7
"1DVF_AB_CD|YA49A,ND55A",2.0303695,1.2236611,2,7
1DVF_AB_CD|YA50A,0.6877736,1.2488924,2,7
1DVF_AB_CD|YB101F,2.0123136,2.454468,2,7
1DVF_AB_CD|YB32A,1.8314707,1.3413602,2,7
1DVF_AB_CD|YC49A,1.8606005,0.5080465,2,7
1DVF_AB_CD|YD102A,4.0,2.0534189,2,7
1MHP_HL_A|FH99W,0.0,-0.2508709,2,7
1MHP_HL_A|FH99Y,0.75466895,-0.17117563,2,7
1MHP_HL_A|GH100F,0.38901797,0.40954247,2,7
1MHP_HL_A|GH100L,2.727121,0.6117233,2,7
1MHP_HL_A|GH100M,0.10213403,-0.040306646,2,7
1MHP_HL_A|GH100S,0.5577475,0.39119574,2,7
1MHP_HL_A|GH53A,0.5126066,0.3682949,2,7
1MHP_HL_A|GH53N,1.2553134,0.054569993,2,7
1MHP_HL_A|GH53S,0.6755934,-0.22780915,2,7
1MHP_HL_A|GH54I,1.3635606,-0.17677219,2,7
1MHP_HL_A|GH54T,1.1641668,-0.20571366,2,7
1MHP_HL_A|GH54Y,0.0,-0.78654134,2,7
1MHP_HL_A|GL91Q,1.572685,0.1799396,2,7
1MHP_HL_A|GL91S,0.5126066,0.2898245,2,7
1MHP_HL_A|HL30K,1.1641668,1.1266041,2,7
1MHP_HL_A|HL30R,1.1237977,0.00466498,2,7
1MHP_HL_A|HL30W,1.2553134,-0.16524005,2,7
1MHP_HL_A|KH64D,-0.17144196,-0.17324038,2,7
1MHP_HL_A|KH64E,-0.07761467,-0.14506577,2,7
"1MHP_HL_A|KH64E,SL27Q",-0.85684633,-0.75057507,2,7
"1MHP_HL_A|KH64E,SL27Q,NL51Y",-1.0191593,-1.1061558,2,7
1MHP_HL_A|KH64N,-0.03627145,-0.28032458,2,7
1MHP_HL_A|KH64Q,-0.07761467,-0.3982993,2,7
1MHP_HL_A|LH60D,-0.061319917,-0.4725316,2,7
"1MHP_HL_A|LH60D,KH64E",-0.1418005,-0.46971235,2,7
"1MHP_HL_A|LH60D,KH64Q",0.042989343,-0.60446274,2,7
1MHP_HL_A|LL48F,0.71227974,0.5313681,2,7
1MHP_HL_A|LL48K,0.8612009,0.9648634,2,7
1MHP_HL_A|LL48W,1.9075676,0.63952327,2,7
1MHP_HL_A|NL29V,1.0493295,0.4140407,2,7
1MHP_HL_A|NL29W,1.572685,0.012286693,2,7
1MHP_HL_A|NL29Y,1.9075676,-0.61012685,2,7
"1MHP_HL_A|NL29Y,SL90I",0.43436813,-0.42429075,2,7
1MHP_HL_A|NL51D,0.5007625,-0.56868297,2,7
1MHP_HL_A|NL51E,-0.08868487,-0.39576086,2,7
1MHP_HL_A|NL51K,0.65751,0.2648472,2,7
1MHP_HL_A|NL51R,0.84484076,0.42646825,2,7
1MHP_HL_A|NL51Y,-0.05162489,-0.19750698,2,7
1MHP_HL_A|RH31Q,1.3073281,-0.29388323,2,7
1MHP_HL_A|SH35A,1.572685,1.5875884,2,7
"1MHP_HL_A|SH35A,GH102S",1.572685,1.7410692,2,7
1MHP_HL_A|SH35Q,2.727121,1.2711943,2,7
"1MHP_HL_A|SH35V,GH102S",1.4256749,1.6806912,2,7
1MHP_HL_A|SH52M,2.0758402,0.24968381,2,7
1MHP_HL_A|SL23R,-0.21533228,0.035338085,2,7
1MHP_HL_A|SL27Q,-0.6661127,-0.6479911,2,7
1MHP_HL_A|SL90Q,1.7740332,0.11008383,2,7
1MHP_HL_A|SL90T,2.3166485,0.5515613,2,7
"1MHP_HL_A|TH33E,GH53Q",1.6674565,0.7276605,2,7
"1MHP_HL_A|TH33I,SH52T,GH53N,GH54N",1.9075676,0.86165005,2,7
"1MHP_HL_A|TH33I,SH52T,GH53Q,GH54F",1.2553134,0.23939429,2,7
1MHP_HL_A|TH33N,2.727121,1.3423505,2,7
1MHP_HL_A|TH33V,0.43436813,0.20495601,2,7
1MHP_HL_A|TH50V,-0.13159887,0.077292636,2,7
"1MHP_HL_A|TH50V,GH102S",1.6674565,0.3068178,2,7
"1MHP_HL_A|TH50V,KH64E",-0.1805197,-0.110220596,2,7
"1MHP_HL_A|TH50V,KH64E,SL27Q,NL51E",-1.267319,-1.1231533,2,7
"1MHP_HL_A|TH50V,KH64E,SL27Q,NL51Y",-1.0844951,-1.182347,2,7
"1MHP_HL_A|TH50V,SH35A",2.0758402,1.5915928,2,7
"1MHP_HL_A|TH50V,SH35V",2.727121,1.5082546,2,7
"1MHP_HL_A|TH50V,SL27Q",-0.6946839,-0.5654781,2,7
"1MHP_HL_A|TH50V,SL27Q,NL51Y",-1.0235296,-1.0124,2,7
1MHP_HL_A|WL89Q,2.0758402,0.882618,2,7
"1MHP_HL_A|WL89Q,FL32Y",0.871019,0.4851593,2,7
1MHP_HL_A|YH58E,2.0758402,0.4986733,2,7
1MHP_HL_A|YH58Q,2.0758402,0.86412525,2,7
1MHP_HL_A|YH58W,0.82094526,0.38249892,2,7
1MHP_HL_A|YH59E,0.54400706,0.4357568,2,7
1N8Z_AB_C|DB102W,-0.71302944,0.21260126,2,7
1N8Z_AB_C|FC539A,0.035102826,1.423861,2,7
1N8Z_AB_C|HA91F,0.034232877,-0.07866518,2,7
1N8Z_AB_C|LC509A,-0.023045197,1.6354831,2,7
1N8Z_AB_C|NA30S,0.06666317,-0.12595008,2,7
"1N8Z_AB_C|NA30S,HA91F,YA92W",-0.07476232,-0.4767827,2,7
"1N8Z_AB_C|NA30S,HA91F,YA92W,TA94S,DB102W,YB105F,YB109V",0.050661404,1.3328757,2,7
1N8Z_AB_C|RB50A,2.9754758,1.3211524,2,7
1N8Z_AB_C|RB59A,1.8037988,0.46881235,2,7
1N8Z_AB_C|SC535A,0.030827092,1.0038571,2,7
1N8Z_AB_C|TA94S,0.32168603,0.15822476,2,7
1N8Z_AB_C|VC536A,0.008972699,0.7820214,2,7
1N8Z_AB_C|YB105F,0.8540034,1.5494721,2,7
1N8Z_AB_C|YB109V,0.23192272,1.6140239,2,7
1XGQ_AB_C|VB33A,1.1525793,1.413415,2,7
1XGQ_AB_C|VB33F,-2.9080825,-2.3765645,2,7
1XGQ_AB_C|VB33I,-1.1076277,-1.2139018,2,7
1XGQ_AB_C|VB33L,-1.0463123,-1.1348233,2,7
1YQV_HL_Y|RY45K,1.8995041,0.15573813,2,7
"1YQV_HL_Y|RY68K,TY40S,IY55V,SY91T",4.0,1.0130516,2,7
"1YQV_HL_Y|RY68K,TY40S,IY55V,SY91T,QY121H",0.0,0.8217305,2,7
1YY9_CD_A|AC25P,0.07225565,-0.36738193,2,7
1YY9_CD_A|AD98P,1.0372273,-0.73273414,2,7
1YY9_CD_A|GD54P,0.26807046,0.08416368,2,7
1YY9_CD_A|LD29P,0.030827092,0.030657701,2,7
1YY9_CD_A|NC93A,-0.74186975,-0.2300684,2,7
1YY9_CD_A|ND56A,-0.057046015,-0.32076386,2,7
1YY9_CD_A|SC26D,-0.19925442,-0.120691,2,7
"1YY9_CD_A|SC26D,TC31E,NC93A",-1.3329437,-0.15108131,2,7
"1YY9_CD_A|SC26D,TC31E,NC93A,ND56A,TD61E",-0.6517935,-0.7283226,2,7
1YY9_CD_A|SC26P,-0.009110746,0.20710538,2,7
1YY9_CD_A|SC28P,-0.22229962,-0.027709212,2,7
1YY9_CD_A|SC54P,-0.018363854,-0.020116653,2,7
1YY9_CD_A|SD53P,0.8175451,-0.34783164,2,7
1YY9_CD_A|TC31E,-0.51892465,-0.0038536675,2,7
"1YY9_CD_A|TC31E,NC93A",-0.81853306,0.2200928,2,7
1YY9_CD_A|TC96P,4.0,-0.39966857,2,7
1YY9_CD_A|TD61E,-0.057046015,-0.25011507,2,7
1YY9_CD_A|WD52P,1.4782712,0.15379533,2,7
1YY9_CD_A|YD101P,1.6514195,0.6215149,2,7
3NPS_A_BC|DA214A,1.466743,0.6915238,2,7
3NPS_A_BC|DA46A,0.3399866,0.6222155,2,7
3NPS_A_BC|DA47A,1.0674704,1.561591,2,7
3NPS_A_BC|DA91A,1.5070341,1.1918262,2,7
3NPS_A_BC|EA163A,0.61534816,0.2816843,2,7
3NPS_A_BC|FA50A,0.21957076,0.41820544,2,7
3NPS_A_BC|FA89A,1.5714045,1.0559864,2,7
3NPS_A_BC|FA92A,0.46353978,0.8668708,2,7
3NPS_A_BC|HA138A,1.8750918,0.22468251,2,7
3NPS_A_BC|IA26A,0.6415425,-0.037831802,2,7
3NPS_A_BC|IA45A,-0.33181784,0.9464222,2,7
3NPS_A_BC|KA221A,-0.10361039,0.89735425,2,7
3NPS_A_BC|LA147A,0.29573628,-0.031092841,2,7
3NPS_A_BC|NA90A,0.25341922,0.5690856,2,7
3NPS_A_BC|QA140A,0.29573628,0.54003966,2,7
3NPS_A_BC|QA168A,-0.059223834,0.6111338,2,7
3NPS_A_BC|QA169A,0.7409076,1.5341866,2,7
3NPS_A_BC|QA218A,-0.040916756,0.7556358,2,7
3NPS_A_BC|QA23A,0.026323749,-0.05387484,2,7
3NPS_A_BC|RA219A,-0.08390186,-0.23387714,2,7
3NPS_A_BC|RA48A,-1.062741,0.09900606,2,7
3NPS_A_BC|RA51A,0.13816836,0.17288676,2,7
3NPS_A_BC|RA82A,-0.15159543,0.011445608,2,7
3NPS_A_BC|TA144A,0.17497002,0.75135696,2,7
3NPS_A_BC|TA93A,0.72381234,1.2422518,2,7
3NPS_A_BC|YA141A,1.7748737,1.3294805,2,7
3NPS_A_BC|YA52A,0.4518898,0.0038374588,2,7
3W2D_A_HL|KA67N,4.0,1.2436845,2,7
3W2D_A_HL|KA67R,-0.42812017,1.0173362,2,7
3W2D_A_HL|YA45F,0.8779443,-0.8654158,2,7
3W2D_A_HL|YA45L,2.3647563,-0.2879595,2,7
"4KRO_A_B|DA321T,FA323A",0.1269707,2.4615142,2,7
"4KRP_A_B|DA277T,FA279A",0.35829666,2.291445,2,7
4NM8_ABCDEF_HL|DB19N,0.66149956,0.7223755,2,7
4NM8_ABCDEF_HL|IB18M,0.10977998,2.2393134,2,7
4NM8_ABCDEF_HL|LB38Y,-0.6151596,0.81918067,2,7
4NM8_ABCDEF_HL|QB34R,2.9754758,1.8146452,2,7
4NM8_ABCDEF_HL|QB34T,2.3309386,1.4560697,2,7
4NM8_ABCDEF_HL|RB25M,3.442353,0.5780526,2,7
4NM8_ABCDEF_HL|TB32E,-0.5517196,0.48016354,2,7
4NM8_ABCDEF_HL|TB32I,-0.050205972,1.5651186,2,7
4NM8_ABCDEF_HL|TB32R,1.2211944,1.6125531,2,7
"1CZ8_HL_VW|LL4M,DH28T,HH31N,YH101H,TH105S",2.939849,1.5499439,3,0
1KIR_AB_C|SA50Y,-1.3870943,-0.47409028,3,0
1MLC_AB_E|KB65D,0.018548755,-0.8936023,3,0
1MLC_AB_E|NA32G,-0.8773867,0.5433535,3,0
"1MLC_AB_E|NA32G,NA92A",-0.6866531,0.29174381,3,0
"1MLC_AB_E|NA32G,NA92A,SB57V,TB58D",-1.7349738,-0.11874258,3,0
1MLC_AB_E|NA32Y,0.0,-0.7731308,3,0
1MLC_AB_E|NA92A,-1.2533532,0.08794294,3,0
"1MLC_AB_E|NA92A,SB57V,TB58D",-2.394188,-0.108479895,3,0
"1MLC_AB_E|NA92A,TB28D,SB57V,TB58D",-2.5813644,-0.7030325,3,0
"1MLC_AB_E|NA92A,TB28D,SB57V,TB58D,EB35S,GB99D",-2.9539242,-1.4535125,3,0
"1MLC_AB_E|NA92A,TB28D,SB57V,TB58D,GB99D",-0.20357698,-0.827228,3,0
"1MLC_AB_E|NA92A,TB28D,SB57V,TB58D,NA32L",-2.5843081,-0.59387666,3,0
"1MLC_AB_E|NA92A,TB28D,SB57V,TB58D,RB98M,DB100Q",-0.41047263,-0.4190048,3,0
"1MLC_AB_E|NA92A,TB28D,SB57V,TB58D,SA91N,SA93A",-1.6104395,-0.25718403,3,0
"1MLC_AB_E|NA92A,TB28D,SB57V,TB58D,SB30G",-2.3584673,-0.45608383,3,0
"1MLC_AB_E|NA92A,TB28D,SB57V,TB58D,YB32W,RB98V,DB100Q",0.36138764,-0.27923447,3,0
"1MLC_AB_E|NA92A,TB28D,SB57V,TB58D,YB59E",-1.4661698,-0.18132895,3,0
1MLC_AB_E|SB57A,-0.37902167,-0.21263014,3,0
1MLC_AB_E|SB57V,-0.49418068,-0.23004079,3,0
"1MLC_AB_E|SB57V,TB58D",-0.9877286,-0.30983382,3,0
1MLC_AB_E|TB28D,-0.15094383,-0.8183824,3,0
1MLC_AB_E|TB31A,0.44700673,0.038927704,3,0
1MLC_AB_E|TB31V,0.5262404,-0.090838805,3,0
1MLC_AB_E|TB31W,0.13214268,-0.5420207,3,0
1MLC_AB_E|TB58D,-0.55968237,-0.07928455,3,0
1NCA_N_LH|DH101K,0.71416,1.6731877,3,0
1NCA_N_LH|EH100D,0.41047263,-0.14480054,3,0
1NCA_N_LH|NH102Q,0.5426153,0.03682874,3,0
1NCA_N_LH|NH31Q,0.0,0.0046568736,3,0
1NMB_N_LH|DH57E,2.9536283,0.59120286,3,0
1NMB_N_LH|DH57N,2.9536283,-0.022020001,3,0
1NMB_N_LH|LL94V,0.9000208,-0.6290981,3,0
1NMB_N_LH|TL93F,-0.023903161,-0.17568246,3,0
1NMB_N_LH|TL93W,0.18419003,-0.5446365,3,0
1NMB_N_LH|YH103A,2.14062,0.49673164,3,0
1NMB_N_LH|YH105F,1.4194101,0.8487128,3,0
1NMB_N_LH|YL32F,0.46632215,1.0451673,3,0
1VFB_AB_C|DB100A,3.005002,2.2360053,3,0
"1VFB_AB_C|DB100A,SC24A",3.369756,4.8490257,3,0
1VFB_AB_C|DB54A,0.8151114,2.5316875,3,0
"1VFB_AB_C|DB54A,TC118A",1.2546439,1.6009308,3,0
1VFB_AB_C|DB58A,-0.20700333,0.79760736,3,0
1VFB_AB_C|DB58E,0.078081094,0.32472467,3,0
1VFB_AB_C|DB58N,-0.12818155,0.26508653,3,0
1VFB_AB_C|DC119A,0.9530879,1.4855605,3,0
1VFB_AB_C|DC18A,0.34013057,1.3667758,3,0
1VFB_AB_C|EB98A,1.1565572,2.7189372,3,0
1VFB_AB_C|GB31A,0.30646533,0.77086896,3,0
1VFB_AB_C|GB31E,-0.5097613,0.46021527,3,0
1VFB_AB_C|GB31W,0.0039611305,0.36064577,3,0
1VFB_AB_C|HA30A,0.84488255,0.26110297,3,0
1VFB_AB_C|IC124A,1.2314179,0.30838782,3,0
1VFB_AB_C|KC116A,0.7134504,1.3766499,3,0
1VFB_AB_C|LC129A,0.17154472,0.046447918,3,0
1VFB_AB_C|NA31W,0.17432266,0.99308467,3,0
1VFB_AB_C|NB56A,0.17771798,0.5938521,3,0
1VFB_AB_C|NC19A,0.3960868,0.5833783,3,0
1VFB_AB_C|QC121A,2.876998,0.63463324,3,0
1VFB_AB_C|RB99A,-0.099735305,0.9319022,3,0
1VFB_AB_C|RB99W,0.7049742,0.04776095,3,0
1VFB_AB_C|RB99Y,1.235379,-0.2932436,3,0
1VFB_AB_C|RC125A,1.8368999,0.39280212,3,0
1VFB_AB_C|SA93A,0.34312394,0.3203392,3,0
1VFB_AB_C|SB28D,0.0,-0.079718225,3,0
1VFB_AB_C|SB28E,-0.104007296,0.122106045,3,0
1VFB_AB_C|SB28N,0.14394745,0.03806351,3,0
1VFB_AB_C|SB28Q,0.078081094,0.29265875,3,0
1VFB_AB_C|SC24A,0.850965,2.0972385,3,0
1VFB_AB_C|TA52F,0.4708752,-0.23199022,3,0
1VFB_AB_C|TA53R,1.6458516,-0.65438306,3,0
1VFB_AB_C|TB30A,-0.05584954,-0.10272297,3,0
1VFB_AB_C|TC118A,0.7650957,0.30185163,3,0
1VFB_AB_C|VC120A,0.9169499,0.0016335845,3,0
1VFB_AB_C|WA92A,3.037848,1.9957235,3,0
"1VFB_AB_C|WA92A,IC124A",3.8503337,2.1888163,3,0
"1VFB_AB_C|WA92A,LC129A",3.3073628,1.1559391,3,0
"1VFB_AB_C|WA92A,QC121A",3.5189366,2.0636733,3,0
"1VFB_AB_C|WA92A,RC125A",3.3932896,1.8333641,3,0
1VFB_AB_C|WB52A,0.6406274,2.7906537,3,0
"1VFB_AB_C|WB52A,DC119A",2.2473724,3.605673,3,0
1VFB_AB_C|YA32A,1.5281335,2.0476813,3,0
"1VFB_AB_C|YA32A,IC124A",2.9057157,2.2726207,3,0
"1VFB_AB_C|YA32A,QC121A",1.586041,1.8059961,3,0
1VFB_AB_C|YA49A,0.79754156,0.83273995,3,0
1VFB_AB_C|YA50A,0.456086,1.598634,3,0
"1VFB_AB_C|YA50A,DC119A",1.2314179,2.6180818,3,0
"1VFB_AB_C|YA50A,DC18A",1.265924,2.717161,3,0
1VFB_AB_C|YA50K,1.7156012,1.3057255,3,0
1VFB_AB_C|YA50R,0.8443241,0.97789764,3,0
1VFB_AB_C|YB101F,1.2695644,2.14821,3,0
"1VFB_AB_C|YB101F,DC119A",2.736521,3.8313727,3,0
"1VFB_AB_C|YB101F,VC120A",2.5384777,1.7717397,3,0
1VFB_AB_C|YB32A,0.7916793,1.2034932,3,0
"1VFB_AB_C|YB32A,KC116A",1.586041,2.274004,3,0
1VFB_AB_C|YB32E,1.9021881,0.96772635,3,0
1VFB_AB_C|YC23A,0.41047263,1.2308804,3,0
1XGP_AB_C|AB33F,-4.0,-1.8199241,3,0
1XGP_AB_C|AB33I,-2.260207,-1.1706547,3,0
1XGP_AB_C|AB33L,-2.1988916,-0.9761098,3,0
1XGP_AB_C|AB33V,-1.1525793,-0.7166844,3,0
2JEL_LH_P|AP82S,0.0,-0.17838147,3,0
2JEL_LH_P|DP69E,0.9530879,1.0290179,3,0
2JEL_LH_P|EP5D,0.41047263,-0.23494351,3,0
2JEL_LH_P|EP5Q,0.7129768,-0.10082857,3,0
2JEL_LH_P|EP68A,0.41047263,0.41962546,3,0
2JEL_LH_P|EP75R,2.727121,0.8282575,3,0
2JEL_LH_P|EP83A,0.0,0.28935385,3,0
2JEL_LH_P|EP85A,0.0,0.10562213,3,0
2JEL_LH_P|EP85D,0.0,-0.22029948,3,0
2JEL_LH_P|EP85K,0.0,-0.111223444,3,0
2JEL_LH_P|EP85Q,0.0,0.05733092,3,0
2JEL_LH_P|FP2W,2.6191528,1.0032475,3,0
2JEL_LH_P|FP2Y,0.0,-0.22988908,3,0
2JEL_LH_P|HP76A,-0.41047263,0.7513705,3,0
2JEL_LH_P|HP76D,-0.65058374,0.50120103,3,0
2JEL_LH_P|KP24E,0.0,1.0018346,3,0
2JEL_LH_P|KP27E,0.0,0.74173087,3,0
2JEL_LH_P|KP72E,0.41047263,-0.32430094,3,0
2JEL_LH_P|KP72R,0.0,-0.022035405,3,0
2JEL_LH_P|KP79E,0.41047263,0.7442791,3,0
2JEL_LH_P|NP12D,0.0,-0.25406477,3,0
2JEL_LH_P|NP38T,0.0,0.1837323,3,0
2JEL_LH_P|PP11E,0.0,-0.36002707,3,0
2JEL_LH_P|QP3K,4.0,0.2592671,3,0
2JEL_LH_P|QP4K,1.3635606,0.016429208,3,0
2JEL_LH_P|QP57E,-0.41047263,0.31843197,3,0
2JEL_LH_P|QP71E,2.727121,0.20204939,3,0
2JEL_LH_P|RP17G,0.0,0.36570096,3,0
2JEL_LH_P|RP17K,0.0,-0.12210221,3,0
2JEL_LH_P|SP41C,1.4957032,0.73980755,3,0
2JEL_LH_P|SP43C,0.0,0.0021915734,3,0
2JEL_LH_P|SP46C,0.0,0.6258168,3,0
2JEL_LH_P|SP64T,4.0,-0.03617228,3,0
2JEL_LH_P|TP34Q,0.0,0.4350953,3,0
2JEL_LH_P|TP36Q,0.41047263,-0.41507626,3,0
2JEL_LH_P|TP62A,0.0,0.6614306,3,0
2JEL_LH_P|TP62N,0.0,0.9668411,3,0
2JEL_LH_P|TP7N,0.41047263,0.7479855,3,0
2JEL_LH_P|TP7S,0.0,0.36490548,3,0
2JEL_LH_P|VP6F,0.0,-0.47557622,3,0
"2NY7_HL_G|CG27I,CG226Q",0.19971907,-1.7256196,3,0
"2NY7_HL_G|CG27I,CG226Q,MG231A",0.20319231,-1.6366279,3,0
"2NY7_HL_G|GG229C,MG231A",-0.37879732,0.75164515,3,0
"2NY7_HL_G|GG229C,WG13M,MG231A,CG14W,CG110V,CG27I,CG226Q",0.21462485,-2.206043,3,0
"2NY7_HL_G|KG66C,EG102C,CG27I,CG226Q",0.04085667,-1.3233147,3,0
"2NY7_HL_G|KG66C,EG102C,WG13M,MG231A,CG14W,CG110V,CG27I,CG226Q",0.3998023,-1.7855086,3,0
"2NY7_HL_G|KG66C,EG103C,WG13M,MG231A,CG14W,CG110V,CG27I,CG226Q",0.29989544,-1.6855779,3,0
"2NY7_HL_G|WG13M,MG231A,CG14W,CG110V",1.1574335,-0.50509846,3,0
"2NY7_HL_G|WG13M,MG231A,CG14W,CG110V,CG27I,CG226Q",0.44904727,-2.1364622,3,0
"2NY7_HL_G|WG13M,MG231A,CG14W,CG110V,KG66C,EG102C",0.55101526,-0.1746724,3,0
"2NY7_HL_G|WG13M,SG92T,WG181S,MG231A,CG14W,CG110V,CG27I,CG226Q",-0.3035898,-2.2989378,3,0
3BN9_B_CD|DB214A,0.5662115,1.1251979,3,0
3BN9_B_CD|DB46A,0.42238826,0.7722426,3,0
3BN9_B_CD|DB47A,0.31110755,0.5365515,3,0
3BN9_B_CD|EB163A,0.37321588,0.040292278,3,0
3BN9_B_CD|FB50A,-0.044997852,0.27704722,3,0
3BN9_B_CD|FB89A,0.6392419,1.9095345,3,0
3BN9_B_CD|HB138A,0.085063316,1.0367212,3,0
3BN9_B_CD|IB26A,0.0,0.93770146,3,0
3BN9_B_CD|IB45A,0.8352155,0.41324788,3,0
3BN9_B_CD|KB221A,0.7849689,0.10010676,3,0
3BN9_B_CD|LB147A,0.33619216,0.16420054,3,0
3BN9_B_CD|NB90A,0.7733444,0.580159,3,0
3BN9_B_CD|PD104H,2.4272547,-0.2576769,3,0
3BN9_B_CD|QB140A,0.1331048,-0.025436942,3,0
3BN9_B_CD|QB168A,-0.03469869,-0.3543973,3,0
3BN9_B_CD|QB169A,2.5089848,0.77727705,3,0
3BN9_B_CD|QB218A,0.70571065,0.24973066,3,0
3BN9_B_CD|QB23A,-0.41530684,0.21399651,3,0
3BN9_B_CD|QD105V,1.2241027,-0.057558578,3,0
3BN9_B_CD|RB219A,-0.093698174,-0.01650101,3,0
3BN9_B_CD|RB48A,-0.044997852,-0.043832637,3,0
3BN9_B_CD|RB51A,-0.07155777,-0.03210886,3,0
3BN9_B_CD|RB82A,-0.15923285,0.27063483,3,0
3BN9_B_CD|SD30G,1.1861069,0.9244023,3,0
3BN9_B_CD|SD30N,1.145505,0.72617626,3,0
3BN9_B_CD|TB144A,0.2908351,0.055083446,3,0
3BN9_B_CD|TB93A,1.1320528,0.8995814,3,0
3BN9_B_CD|TD102Q,-0.02153644,-0.34311444,3,0
3BN9_B_CD|TD102R,-0.058294915,-0.34236944,3,0
3BN9_B_CD|TD28R,0.33290586,-0.50005364,3,0
3BN9_B_CD|YB141A,1.0846525,1.8442845,3,0
3BN9_B_CD|YB52A,0.018951595,0.66929334,3,0
3BN9_B_CD|YD103S,0.45868576,1.1806375,3,0
4GXU_ABCDEF_MN|DA189E,2.1650882,1.0453215,3,0
"4GXU_ABCDEF_MN|DA189E,DA224G",3.0102077,1.4264871,3,0
4GXU_ABCDEF_MN|DA224G,1.9608781,0.36600572,3,0
"1CZ8_HL_VW|LL4M,DH28T,HH31N,YH101H,TH105S",2.939849,0.63076395,3,1
1KIR_AB_C|SA50Y,-1.3870943,-0.08353009,3,1
1MLC_AB_E|KB65D,0.018548755,-0.17067918,3,1
1MLC_AB_E|NA32G,-0.8773867,-0.30361682,3,1
"1MLC_AB_E|NA32G,NA92A",-0.6866531,-0.40970495,3,1
"1MLC_AB_E|NA32G,NA92A,SB57V,TB58D",-1.7349738,-1.0229751,3,1
1MLC_AB_E|NA32Y,0.0,-0.38421154,3,1
1MLC_AB_E|NA92A,-1.2533532,0.0059460998,3,1
"1MLC_AB_E|NA92A,SB57V,TB58D",-2.394188,-0.6311846,3,1
"1MLC_AB_E|NA92A,TB28D,SB57V,TB58D",-2.5813644,-0.6979618,3,1
"1MLC_AB_E|NA92A,TB28D,SB57V,TB58D,EB35S,GB99D",-2.9539242,-0.41805235,3,1
"1MLC_AB_E|NA92A,TB28D,SB57V,TB58D,GB99D",-0.20357698,-0.42380676,3,1
"1MLC_AB_E|NA92A,TB28D,SB57V,TB58D,NA32L",-2.5843081,-1.301849,3,1
"1MLC_AB_E|NA92A,TB28D,SB57V,TB58D,RB98M,DB100Q",-0.41047263,-0.9844503,3,1
"1MLC_AB_E|NA92A,TB28D,SB57V,TB58D,SA91N,SA93A",-1.6104395,-0.110654466,3,1
"1MLC_AB_E|NA92A,TB28D,SB57V,TB58D,SB30G",-2.3584673,-1.0070791,3,1
"1MLC_AB_E|NA92A,TB28D,SB57V,TB58D,YB32W,RB98V,DB100Q",0.36138764,-1.105595,3,1
"1MLC_AB_E|NA92A,TB28D,SB57V,TB58D,YB59E",-1.4661698,-0.42872277,3,1
1MLC_AB_E|SB57A,-0.37902167,0.21420589,3,1
1MLC_AB_E|SB57V,-0.49418068,-0.30443972,3,1
"1MLC_AB_E|SB57V,TB58D",-0.9877286,-0.4297184,3,1
1MLC_AB_E|TB28D,-0.15094383,0.082664154,3,1
1MLC_AB_E|TB31A,0.44700673,0.079079494,3,1
1MLC_AB_E|TB31V,0.5262404,-0.10980373,3,1
1MLC_AB_E|TB31W,0.13214268,-0.23556325,3,1
1MLC_AB_E|TB58D,-0.55968237,0.06905101,3,1
1NCA_N_LH|DH101K,0.71416,0.43772295,3,1
1NCA_N_LH|EH100D,0.41047263,0.21203053,3,1
1NCA_N_LH|NH102Q,0.5426153,-0.19304866,3,1
1NCA_N_LH|NH31Q,0.0,-0.25065672,3,1
1NMB_N_LH|DH57E,2.9536283,0.23014107,3,1
1NMB_N_LH|DH57N,2.9536283,0.49899966,3,1
1NMB_N_LH|LL94V,0.9000208,-0.17421669,3,1
1NMB_N_LH|TL93F,-0.023903161,-0.43859425,3,1
1NMB_N_LH|TL93W,0.18419003,-0.47087547,3,1
1NMB_N_LH|YH103A,2.14062,0.2966484,3,1
1NMB_N_LH|YH105F,1.4194101,0.24131146,3,1
1NMB_N_LH|YL32F,0.46632215,0.20931709,3,1
1VFB_AB_C|DB100A,3.005002,0.5358475,3,1
"1VFB_AB_C|DB100A,SC24A",3.369756,1.7119006,3,1
1VFB_AB_C|DB54A,0.8151114,0.49602023,3,1
"1VFB_AB_C|DB54A,TC118A",1.2546439,1.603455,3,1
1VFB_AB_C|DB58A,-0.20700333,0.30317357,3,1
1VFB_AB_C|DB58E,0.078081094,-0.032053553,3,1
1VFB_AB_C|DB58N,-0.12818155,0.16540684,3,1
1VFB_AB_C|DC119A,0.9530879,1.0057652,3,1
1VFB_AB_C|DC18A,0.34013057,0.9995207,3,1
1VFB_AB_C|EB98A,1.1565572,0.525571,3,1
1VFB_AB_C|GB31A,0.30646533,0.5696985,3,1
1VFB_AB_C|GB31E,-0.5097613,0.1997805,3,1
1VFB_AB_C|GB31W,0.0039611305,0.19292763,3,1
1VFB_AB_C|HA30A,0.84488255,0.34185705,3,1
1VFB_AB_C|IC124A,1.2314179,0.58281153,3,1
1VFB_AB_C|KC116A,0.7134504,1.2561429,3,1
1VFB_AB_C|LC129A,0.17154472,0.57455826,3,1
1VFB_AB_C|NA31W,0.17432266,-0.27170444,3,1
1VFB_AB_C|NB56A,0.17771798,0.055162877,3,1
1VFB_AB_C|NC19A,0.3960868,0.46139002,3,1
1VFB_AB_C|QC121A,2.876998,0.5213985,3,1
1VFB_AB_C|RB99A,-0.099735305,0.47353664,3,1
1VFB_AB_C|RB99W,0.7049742,-0.21322158,3,1
1VFB_AB_C|RB99Y,1.235379,-0.16721544,3,1
1VFB_AB_C|RC125A,1.8368999,0.90533936,3,1
1VFB_AB_C|SA93A,0.34312394,0.46425572,3,1
1VFB_AB_C|SB28D,0.0,-0.093864284,3,1
1VFB_AB_C|SB28E,-0.104007296,-0.11714057,3,1
1VFB_AB_C|SB28N,0.14394745,0.06636924,3,1
1VFB_AB_C|SB28Q,0.078081094,-0.07194448,3,1
1VFB_AB_C|SC24A,0.850965,0.55345327,3,1
1VFB_AB_C|TA52F,0.4708752,-0.09777164,3,1
1VFB_AB_C|TA53R,1.6458516,-0.06827178,3,1
1VFB_AB_C|TB30A,-0.05584954,0.14955992,3,1
1VFB_AB_C|TC118A,0.7650957,0.990097,3,1
1VFB_AB_C|VC120A,0.9169499,0.24429342,3,1
1VFB_AB_C|WA92A,3.037848,1.0459628,3,1
"1VFB_AB_C|WA92A,IC124A",3.8503337,1.98959,3,1
"1VFB_AB_C|WA92A,LC129A",3.3073628,1.7498738,3,1
"1VFB_AB_C|WA92A,QC121A",3.5189366,1.7587782,3,1
"1VFB_AB_C|WA92A,RC125A",3.3932896,2.4260778,3,1
1VFB_AB_C|WB52A,0.6406274,0.58807546,3,1
"1VFB_AB_C|WB52A,DC119A",2.2473724,1.9222616,3,1
1VFB_AB_C|YA32A,1.5281335,0.76591176,3,1
"1VFB_AB_C|YA32A,IC124A",2.9057157,1.5208962,3,1
"1VFB_AB_C|YA32A,QC121A",1.586041,1.5460804,3,1
1VFB_AB_C|YA49A,0.79754156,0.97813314,3,1
1VFB_AB_C|YA50A,0.456086,1.2168909,3,1
"1VFB_AB_C|YA50A,DC119A",1.2314179,2.7695858,3,1
"1VFB_AB_C|YA50A,DC18A",1.265924,2.6616673,3,1
1VFB_AB_C|YA50K,1.7156012,0.9911369,3,1
1VFB_AB_C|YA50R,0.8443241,0.69761884,3,1
1VFB_AB_C|YB101F,1.2695644,0.27447513,3,1
"1VFB_AB_C|YB101F,DC119A",2.736521,1.3573565,3,1
"1VFB_AB_C|YB101F,VC120A",2.5384777,0.3780425,3,1
1VFB_AB_C|YB32A,0.7916793,0.28982875,3,1
"1VFB_AB_C|YB32A,KC116A",1.586041,1.5173976,3,1
1VFB_AB_C|YB32E,1.9021881,0.041729365,3,1
1VFB_AB_C|YC23A,0.41047263,0.7577282,3,1
1XGP_AB_C|AB33F,-4.0,-0.9663692,3,1
1XGP_AB_C|AB33I,-2.260207,-0.836871,3,1
1XGP_AB_C|AB33L,-2.1988916,-0.8817989,3,1
1XGP_AB_C|AB33V,-1.1525793,-0.87122357,3,1
2JEL_LH_P|AP82S,0.0,-0.81036204,3,1
2JEL_LH_P|DP69E,0.9530879,0.22442186,3,1
2JEL_LH_P|EP5D,0.41047263,-0.18377247,3,1
2JEL_LH_P|EP5Q,0.7129768,-0.041177787,3,1
2JEL_LH_P|EP68A,0.41047263,0.55418915,3,1
2JEL_LH_P|EP75R,2.727121,0.12497644,3,1
2JEL_LH_P|EP83A,0.0,0.91326904,3,1
2JEL_LH_P|EP85A,0.0,0.7292416,3,1
2JEL_LH_P|EP85D,0.0,0.12956387,3,1
2JEL_LH_P|EP85K,0.0,0.3367814,3,1
2JEL_LH_P|EP85Q,0.0,0.16087946,3,1
2JEL_LH_P|FP2W,2.6191528,0.012549914,3,1
2JEL_LH_P|FP2Y,0.0,-0.21823597,3,1
2JEL_LH_P|HP76A,-0.41047263,0.8983253,3,1
2JEL_LH_P|HP76D,-0.65058374,0.10276684,3,1
2JEL_LH_P|KP24E,0.0,-0.016450085,3,1
2JEL_LH_P|KP27E,0.0,-0.021556579,3,1
2JEL_LH_P|KP72E,0.41047263,-0.35019362,3,1
2JEL_LH_P|KP72R,0.0,-0.18186456,3,1
2JEL_LH_P|KP79E,0.41047263,-0.07860059,3,1
2JEL_LH_P|NP12D,0.0,0.36584345,3,1
2JEL_LH_P|NP38T,0.0,0.35184976,3,1
2JEL_LH_P|PP11E,0.0,-0.13203257,3,1
2JEL_LH_P|QP3K,4.0,0.09827646,3,1
2JEL_LH_P|QP4K,1.3635606,-0.050172217,3,1
2JEL_LH_P|QP57E,-0.41047263,0.07085863,3,1
2JEL_LH_P|QP71E,2.727121,-0.17765838,3,1
2JEL_LH_P|RP17G,0.0,0.14663798,3,1
2JEL_LH_P|RP17K,0.0,0.05865161,3,1
2JEL_LH_P|SP41C,1.4957032,0.090821624,3,1
2JEL_LH_P|SP43C,0.0,0.027149267,3,1
2JEL_LH_P|SP46C,0.0,0.18812054,3,1
2JEL_LH_P|SP64T,4.0,-0.1537841,3,1
2JEL_LH_P|TP34Q,0.0,-0.11886891,3,1
2JEL_LH_P|TP36Q,0.41047263,-0.025348268,3,1
2JEL_LH_P|TP62A,0.0,0.4329999,3,1
2JEL_LH_P|TP62N,0.0,-0.013382159,3,1
2JEL_LH_P|TP7N,0.41047263,0.16004029,3,1
2JEL_LH_P|TP7S,0.0,0.0875167,3,1
2JEL_LH_P|VP6F,0.0,-0.11131107,3,1
"2NY7_HL_G|CG27I,CG226Q",0.19971907,-0.44023332,3,1
"2NY7_HL_G|CG27I,CG226Q,MG231A",0.20319231,0.08929684,3,1
"2NY7_HL_G|GG229C,MG231A",-0.37879732,0.4092388,3,1
"2NY7_HL_G|GG229C,WG13M,MG231A,CG14W,CG110V,CG27I,CG226Q",0.21462485,-0.2273288,3,1
"2NY7_HL_G|KG66C,EG102C,CG27I,CG226Q",0.04085667,-0.30694088,3,1
"2NY7_HL_G|KG66C,EG102C,WG13M,MG231A,CG14W,CG110V,CG27I,CG226Q",0.3998023,0.31227115,3,1
"2NY7_HL_G|KG66C,EG103C,WG13M,MG231A,CG14W,CG110V,CG27I,CG226Q",0.29989544,0.1803248,3,1
"2NY7_HL_G|WG13M,MG231A,CG14W,CG110V",1.1574335,1.0531273,3,1
"2NY7_HL_G|WG13M,MG231A,CG14W,CG110V,CG27I,CG226Q",0.44904727,0.15575054,3,1
"2NY7_HL_G|WG13M,MG231A,CG14W,CG110V,KG66C,EG102C",0.55101526,1.2580287,3,1
"2NY7_HL_G|WG13M,SG92T,WG181S,MG231A,CG14W,CG110V,CG27I,CG226Q",-0.3035898,0.12158529,3,1
3BN9_B_CD|DB214A,0.5662115,0.76943046,3,1
3BN9_B_CD|DB46A,0.42238826,0.9327437,3,1
3BN9_B_CD|DB47A,0.31110755,0.83407843,3,1
3BN9_B_CD|EB163A,0.37321588,1.1511334,3,1
3BN9_B_CD|FB50A,-0.044997852,1.4212761,3,1
3BN9_B_CD|FB89A,0.6392419,0.9774341,3,1
3BN9_B_CD|HB138A,0.085063316,0.68777955,3,1
3BN9_B_CD|IB26A,0.0,0.7013822,3,1
3BN9_B_CD|IB45A,0.8352155,0.36363164,3,1
3BN9_B_CD|KB221A,0.7849689,0.86662024,3,1
3BN9_B_CD|LB147A,0.33619216,0.5567907,3,1
3BN9_B_CD|NB90A,0.7733444,1.0936749,3,1
3BN9_B_CD|PD104H,2.4272547,0.0047364905,3,1
3BN9_B_CD|QB140A,0.1331048,0.8294875,3,1
3BN9_B_CD|QB168A,-0.03469869,0.78092647,3,1
3BN9_B_CD|QB169A,2.5089848,1.2138603,3,1
3BN9_B_CD|QB218A,0.70571065,0.7641319,3,1
3BN9_B_CD|QB23A,-0.41530684,0.938996,3,1
3BN9_B_CD|QD105V,1.2241027,0.06498623,3,1
3BN9_B_CD|RB219A,-0.093698174,0.7590416,3,1
3BN9_B_CD|RB48A,-0.044997852,1.447612,3,1
3BN9_B_CD|RB51A,-0.07155777,1.3399814,3,1
3BN9_B_CD|RB82A,-0.15923285,0.86068845,3,1
3BN9_B_CD|SD30G,1.1861069,-0.03870488,3,1
3BN9_B_CD|SD30N,1.145505,0.4318258,3,1
3BN9_B_CD|TB144A,0.2908351,0.69480085,3,1
3BN9_B_CD|TB93A,1.1320528,0.7468946,3,1
3BN9_B_CD|TD102Q,-0.02153644,-0.3163744,3,1
3BN9_B_CD|TD102R,-0.058294915,-0.27631986,3,1
3BN9_B_CD|TD28R,0.33290586,0.24366778,3,1
3BN9_B_CD|YB141A,1.0846525,1.2295853,3,1
3BN9_B_CD|YB52A,0.018951595,1.406197,3,1
3BN9_B_CD|YD103S,0.45868576,0.8246549,3,1
4GXU_ABCDEF_MN|DA189E,2.1650882,0.27000502,3,1
"4GXU_ABCDEF_MN|DA189E,DA224G",3.0102077,0.51146436,3,1
4GXU_ABCDEF_MN|DA224G,1.9608781,0.14290065,3,1
"1CZ8_HL_VW|LL4M,DH28T,HH31N,YH101H,TH105S",2.939849,2.5049872,3,2
1KIR_AB_C|SA50Y,-1.3870943,-0.20031837,3,2
1MLC_AB_E|KB65D,0.018548755,-0.27246904,3,2
1MLC_AB_E|NA32G,-0.8773867,0.23699808,3,2
"1MLC_AB_E|NA32G,NA92A",-0.6866531,0.45193818,3,2
"1MLC_AB_E|NA32G,NA92A,SB57V,TB58D",-1.7349738,0.4643077,3,2
1MLC_AB_E|NA32Y,0.0,-0.42270255,3,2
1MLC_AB_E|NA92A,-1.2533532,0.0094726235,3,2
"1MLC_AB_E|NA92A,SB57V,TB58D",-2.394188,0.3656146,3,2
"1MLC_AB_E|NA92A,TB28D,SB57V,TB58D",-2.5813644,0.24463803,3,2
"1MLC_AB_E|NA92A,TB28D,SB57V,TB58D,EB35S,GB99D",-2.9539242,-0.1125147,3,2
"1MLC_AB_E|NA92A,TB28D,SB57V,TB58D,GB99D",-0.20357698,0.66791534,3,2
"1MLC_AB_E|NA92A,TB28D,SB57V,TB58D,NA32L",-2.5843081,0.17799023,3,2
"1MLC_AB_E|NA92A,TB28D,SB57V,TB58D,RB98M,DB100Q",-0.41047263,0.22232288,3,2
"1MLC_AB_E|NA92A,TB28D,SB57V,TB58D,SA91N,SA93A",-1.6104395,0.9625379,3,2
"1MLC_AB_E|NA92A,TB28D,SB57V,TB58D,SB30G",-2.3584673,0.050938845,3,2
"1MLC_AB_E|NA92A,TB28D,SB57V,TB58D,YB32W,RB98V,DB100Q",0.36138764,0.7669758,3,2
"1MLC_AB_E|NA92A,TB28D,SB57V,TB58D,YB59E",-1.4661698,1.7223166,3,2
1MLC_AB_E|SB57A,-0.37902167,-0.61093366,3,2
1MLC_AB_E|SB57V,-0.49418068,-0.3105068,3,2
"1MLC_AB_E|SB57V,TB58D",-0.9877286,0.36747563,3,2
1MLC_AB_E|TB28D,-0.15094383,-0.105839066,3,2
1MLC_AB_E|TB31A,0.44700673,0.22397879,3,2
1MLC_AB_E|TB31V,0.5262404,0.21818098,3,2
1MLC_AB_E|TB31W,0.13214268,-0.16063473,3,2
1MLC_AB_E|TB58D,-0.55968237,0.6571062,3,2
1NCA_N_LH|DH101K,0.71416,1.0641121,3,2
1NCA_N_LH|EH100D,0.41047263,0.10703735,3,2
1NCA_N_LH|NH102Q,0.5426153,0.35662895,3,2
1NCA_N_LH|NH31Q,0.0,-0.29534212,3,2
1NMB_N_LH|DH57E,2.9536283,0.4655955,3,2
1NMB_N_LH|DH57N,2.9536283,0.47117883,3,2
1NMB_N_LH|LL94V,0.9000208,0.044086054,3,2
1NMB_N_LH|TL93F,-0.023903161,-0.12177361,3,2
1NMB_N_LH|TL93W,0.18419003,-0.21190915,3,2
1NMB_N_LH|YH103A,2.14062,1.0954325,3,2
1NMB_N_LH|YH105F,1.4194101,0.5985191,3,2
1NMB_N_LH|YL32F,0.46632215,0.53291005,3,2
1VFB_AB_C|DB100A,3.005002,0.6512233,3,2
"1VFB_AB_C|DB100A,SC24A",3.369756,1.0892493,3,2
1VFB_AB_C|DB54A,0.8151114,0.5362435,3,2
"1VFB_AB_C|DB54A,TC118A",1.2546439,0.8522429,3,2
1VFB_AB_C|DB58A,-0.20700333,0.6015319,3,2
1VFB_AB_C|DB58E,0.078081094,0.21957102,3,2
1VFB_AB_C|DB58N,-0.12818155,0.30566195,3,2
1VFB_AB_C|DC119A,0.9530879,2.3939366,3,2
1VFB_AB_C|DC18A,0.34013057,1.4339677,3,2
1VFB_AB_C|EB98A,1.1565572,1.1347502,3,2
1VFB_AB_C|GB31A,0.30646533,0.9668852,3,2
1VFB_AB_C|GB31E,-0.5097613,0.8951605,3,2
1VFB_AB_C|GB31W,0.0039611305,0.80491245,3,2
1VFB_AB_C|HA30A,0.84488255,0.5466185,3,2
1VFB_AB_C|IC124A,1.2314179,0.54242855,3,2
1VFB_AB_C|KC116A,0.7134504,1.6779414,3,2
1VFB_AB_C|LC129A,0.17154472,0.3281006,3,2
1VFB_AB_C|NA31W,0.17432266,0.55981064,3,2
1VFB_AB_C|NB56A,0.17771798,0.15171316,3,2
1VFB_AB_C|NC19A,0.3960868,0.05455903,3,2
1VFB_AB_C|QC121A,2.876998,0.3036958,3,2
1VFB_AB_C|RB99A,-0.099735305,0.77867144,3,2
1VFB_AB_C|RB99W,0.7049742,0.19662386,3,2
1VFB_AB_C|RB99Y,1.235379,0.117661156,3,2
1VFB_AB_C|RC125A,1.8368999,0.6233944,3,2
1VFB_AB_C|SA93A,0.34312394,-0.4241457,3,2
1VFB_AB_C|SB28D,0.0,-0.37704343,3,2
1VFB_AB_C|SB28E,-0.104007296,-0.2398836,3,2
1VFB_AB_C|SB28N,0.14394745,0.013157614,3,2
1VFB_AB_C|SB28Q,0.078081094,0.29418558,3,2
1VFB_AB_C|SC24A,0.850965,0.37535882,3,2
1VFB_AB_C|TA52F,0.4708752,0.048728343,3,2
1VFB_AB_C|TA53R,1.6458516,-0.28145367,3,2
1VFB_AB_C|TB30A,-0.05584954,-0.33619955,3,2
1VFB_AB_C|TC118A,0.7650957,0.55196315,3,2
1VFB_AB_C|VC120A,0.9169499,-0.11832736,3,2
1VFB_AB_C|WA92A,3.037848,1.2355824,3,2
"1VFB_AB_C|WA92A,IC124A",3.8503337,1.1500636,3,2
"1VFB_AB_C|WA92A,LC129A",3.3073628,1.5846063,3,2
"1VFB_AB_C|WA92A,QC121A",3.5189366,1.2287552,3,2
"1VFB_AB_C|WA92A,RC125A",3.3932896,0.7620246,3,2
1VFB_AB_C|WB52A,0.6406274,1.5468729,3,2
"1VFB_AB_C|WB52A,DC119A",2.2473724,3.2630734,3,2
1VFB_AB_C|YA32A,1.5281335,1.8283625,3,2
"1VFB_AB_C|YA32A,IC124A",2.9057157,1.3000073,3,2
"1VFB_AB_C|YA32A,QC121A",1.586041,1.6237098,3,2
1VFB_AB_C|YA49A,0.79754156,1.0380915,3,2
1VFB_AB_C|YA50A,0.456086,1.3173221,3,2
"1VFB_AB_C|YA50A,DC119A",1.2314179,2.8921819,3,2
"1VFB_AB_C|YA50A,DC18A",1.265924,2.546205,3,2
1VFB_AB_C|YA50K,1.7156012,1.9429414,3,2
1VFB_AB_C|YA50R,0.8443241,0.84314436,3,2
1VFB_AB_C|YB101F,1.2695644,2.5536141,3,2
"1VFB_AB_C|YB101F,DC119A",2.736521,4.3120027,3,2
"1VFB_AB_C|YB101F,VC120A",2.5384777,1.9738514,3,2
1VFB_AB_C|YB32A,0.7916793,0.553834,3,2
"1VFB_AB_C|YB32A,KC116A",1.586041,1.5576627,3,2
1VFB_AB_C|YB32E,1.9021881,0.50878125,3,2
1VFB_AB_C|YC23A,0.41047263,0.7180309,3,2
1XGP_AB_C|AB33F,-4.0,-2.857926,3,2
1XGP_AB_C|AB33I,-2.260207,-1.9366869,3,2
1XGP_AB_C|AB33L,-2.1988916,-1.657332,3,2
1XGP_AB_C|AB33V,-1.1525793,-0.94069606,3,2
2JEL_LH_P|AP82S,0.0,0.018595025,3,2
2JEL_LH_P|DP69E,0.9530879,0.743748,3,2
2JEL_LH_P|EP5D,0.41047263,-0.5411093,3,2
2JEL_LH_P|EP5Q,0.7129768,-0.23136243,3,2
2JEL_LH_P|EP68A,0.41047263,0.6947552,3,2
2JEL_LH_P|EP75R,2.727121,1.3374602,3,2
2JEL_LH_P|EP83A,0.0,-0.08187344,3,2
2JEL_LH_P|EP85A,0.0,0.6051677,3,2
2JEL_LH_P|EP85D,0.0,-0.05595821,3,2
2JEL_LH_P|EP85K,0.0,0.55098635,3,2
2JEL_LH_P|EP85Q,0.0,0.41068655,3,2
2JEL_LH_P|FP2W,2.6191528,1.7814432,3,2
2JEL_LH_P|FP2Y,0.0,-0.03682863,3,2
2JEL_LH_P|HP76A,-0.41047263,0.7274789,3,2
2JEL_LH_P|HP76D,-0.65058374,0.27189872,3,2
2JEL_LH_P|KP24E,0.0,1.8210119,3,2
2JEL_LH_P|KP27E,0.0,1.9072757,3,2
2JEL_LH_P|KP72E,0.41047263,0.36419183,3,2
2JEL_LH_P|KP72R,0.0,0.7566039,3,2
2JEL_LH_P|KP79E,0.41047263,0.94832313,3,2
2JEL_LH_P|NP12D,0.0,-0.57495564,3,2
2JEL_LH_P|NP38T,0.0,0.21073145,3,2
2JEL_LH_P|PP11E,0.0,-0.38764146,3,2
2JEL_LH_P|QP3K,4.0,0.7140997,3,2
2JEL_LH_P|QP4K,1.3635606,0.035046317,3,2
2JEL_LH_P|QP57E,-0.41047263,-0.081311874,3,2
2JEL_LH_P|QP71E,2.727121,0.3680898,3,2
2JEL_LH_P|RP17G,0.0,0.4862907,3,2
2JEL_LH_P|RP17K,0.0,-0.07723782,3,2
2JEL_LH_P|SP41C,1.4957032,1.0782236,3,2
2JEL_LH_P|SP43C,0.0,0.97256833,3,2
2JEL_LH_P|SP46C,0.0,1.0719544,3,2
2JEL_LH_P|SP64T,4.0,0.09798986,3,2
2JEL_LH_P|TP34Q,0.0,0.36157328,3,2
2JEL_LH_P|TP36Q,0.41047263,-0.14344105,3,2
2JEL_LH_P|TP62A,0.0,-0.16582817,3,2
2JEL_LH_P|TP62N,0.0,0.7474544,3,2
2JEL_LH_P|TP7N,0.41047263,0.889492,3,2
2JEL_LH_P|TP7S,0.0,0.5380463,3,2
2JEL_LH_P|VP6F,0.0,-0.3040915,3,2
"2NY7_HL_G|CG27I,CG226Q",0.19971907,-1.5052687,3,2
"2NY7_HL_G|CG27I,CG226Q,MG231A",0.20319231,-1.4364966,3,2
"2NY7_HL_G|GG229C,MG231A",-0.37879732,-0.2518477,3,2
"2NY7_HL_G|GG229C,WG13M,MG231A,CG14W,CG110V,CG27I,CG226Q",0.21462485,-2.783009,3,2
"2NY7_HL_G|KG66C,EG102C,CG27I,CG226Q",0.04085667,-1.4361483,3,2
"2NY7_HL_G|KG66C,EG102C,WG13M,MG231A,CG14W,CG110V,CG27I,CG226Q",0.3998023,-1.8936713,3,2
"2NY7_HL_G|KG66C,EG103C,WG13M,MG231A,CG14W,CG110V,CG27I,CG226Q",0.29989544,-2.127178,3,2
"2NY7_HL_G|WG13M,MG231A,CG14W,CG110V",1.1574335,-0.21142605,3,2
"2NY7_HL_G|WG13M,MG231A,CG14W,CG110V,CG27I,CG226Q",0.44904727,-1.8248234,3,2
"2NY7_HL_G|WG13M,MG231A,CG14W,CG110V,KG66C,EG102C",0.55101526,-0.054523386,3,2
"2NY7_HL_G|WG13M,SG92T,WG181S,MG231A,CG14W,CG110V,CG27I,CG226Q",-0.3035898,-1.9822104,3,2
3BN9_B_CD|DB214A,0.5662115,1.4828885,3,2
3BN9_B_CD|DB46A,0.42238826,0.44937965,3,2
3BN9_B_CD|DB47A,0.31110755,0.50011814,3,2
3BN9_B_CD|EB163A,0.37321588,0.29224148,3,2
3BN9_B_CD|FB50A,-0.044997852,0.87122065,3,2
3BN9_B_CD|FB89A,0.6392419,1.5384723,3,2
3BN9_B_CD|HB138A,0.085063316,0.9974272,3,2
3BN9_B_CD|IB26A,0.0,0.6190857,3,2
3BN9_B_CD|IB45A,0.8352155,0.33387432,3,2
3BN9_B_CD|KB221A,0.7849689,0.0875205,3,2
3BN9_B_CD|LB147A,0.33619216,0.19837615,3,2
3BN9_B_CD|NB90A,0.7733444,0.5872338,3,2
3BN9_B_CD|PD104H,2.4272547,-0.80854553,3,2
3BN9_B_CD|QB140A,0.1331048,0.075076565,3,2
3BN9_B_CD|QB168A,-0.03469869,-0.64653975,3,2
3BN9_B_CD|QB169A,2.5089848,0.6936556,3,2
3BN9_B_CD|QB218A,0.70571065,0.15141177,3,2
3BN9_B_CD|QB23A,-0.41530684,0.060705546,3,2
3BN9_B_CD|QD105V,1.2241027,0.71226865,3,2
3BN9_B_CD|RB219A,-0.093698174,-0.30098552,3,2
3BN9_B_CD|RB48A,-0.044997852,0.2083714,3,2
3BN9_B_CD|RB51A,-0.07155777,0.3273881,3,2
3BN9_B_CD|RB82A,-0.15923285,-0.19484171,3,2
3BN9_B_CD|SD30G,1.1861069,0.39053473,3,2
3BN9_B_CD|SD30N,1.145505,0.7065555,3,2
3BN9_B_CD|TB144A,0.2908351,0.5367617,3,2
3BN9_B_CD|TB93A,1.1320528,0.9534124,3,2
3BN9_B_CD|TD102Q,-0.02153644,-0.60626256,3,2
3BN9_B_CD|TD102R,-0.058294915,-0.79572564,3,2
3BN9_B_CD|TD28R,0.33290586,0.42744827,3,2
3BN9_B_CD|YB141A,1.0846525,1.4370376,3,2
3BN9_B_CD|YB52A,0.018951595,0.4548073,3,2
3BN9_B_CD|YD103S,0.45868576,1.8456599,3,2
4GXU_ABCDEF_MN|DA189E,2.1650882,1.8463039,3,2
"4GXU_ABCDEF_MN|DA189E,DA224G",3.0102077,2.4347768,3,2
4GXU_ABCDEF_MN|DA224G,1.9608781,0.64304894,3,2
"1CZ8_HL_VW|LL4M,DH28T,HH31N,YH101H,TH105S",2.939849,1.550727,3,3
1KIR_AB_C|SA50Y,-1.3870943,-0.9662936,3,3
1MLC_AB_E|KB65D,0.018548755,-0.05479202,3,3
1MLC_AB_E|NA32G,-0.8773867,-0.12078312,3,3
"1MLC_AB_E|NA32G,NA92A",-0.6866531,-0.52480966,3,3
"1MLC_AB_E|NA32G,NA92A,SB57V,TB58D",-1.7349738,-0.9290791,3,3
1MLC_AB_E|NA32Y,0.0,-0.6639077,3,3
1MLC_AB_E|NA92A,-1.2533532,-0.2709653,3,3
"1MLC_AB_E|NA92A,SB57V,TB58D",-2.394188,-0.43324396,3,3
"1MLC_AB_E|NA92A,TB28D,SB57V,TB58D",-2.5813644,-1.0414462,3,3
"1MLC_AB_E|NA92A,TB28D,SB57V,TB58D,EB35S,GB99D",-2.9539242,-1.2879505,3,3
"1MLC_AB_E|NA92A,TB28D,SB57V,TB58D,GB99D",-0.20357698,-1.0740329,3,3
"1MLC_AB_E|NA92A,TB28D,SB57V,TB58D,NA32L",-2.5843081,-1.3184454,3,3
"1MLC_AB_E|NA92A,TB28D,SB57V,TB58D,RB98M,DB100Q",-0.41047263,-0.8462938,3,3
"1MLC_AB_E|NA92A,TB28D,SB57V,TB58D,SA91N,SA93A",-1.6104395,-0.51359165,3,3
"1MLC_AB_E|NA92A,TB28D,SB57V,TB58D,SB30G",-2.3584673,-1.5168501,3,3
"1MLC_AB_E|NA92A,TB28D,SB57V,TB58D,YB32W,RB98V,DB100Q",0.36138764,-0.457459,3,3
"1MLC_AB_E|NA92A,TB28D,SB57V,TB58D,YB59E",-1.4661698,-0.11396827,3,3
1MLC_AB_E|SB57A,-0.37902167,0.095355004,3,3
1MLC_AB_E|SB57V,-0.49418068,-0.13614607,3,3
"1MLC_AB_E|SB57V,TB58D",-0.9877286,-0.0082956115,3,3
1MLC_AB_E|TB28D,-0.15094383,-0.45183122,3,3
1MLC_AB_E|TB31A,0.44700673,0.6930793,3,3
1MLC_AB_E|TB31V,0.5262404,0.23638962,3,3
1MLC_AB_E|TB31W,0.13214268,-0.10328181,3,3
1MLC_AB_E|TB58D,-0.55968237,0.067875855,3,3
1NCA_N_LH|DH101K,0.71416,1.6524969,3,3
1NCA_N_LH|EH100D,0.41047263,0.13603823,3,3
1NCA_N_LH|NH102Q,0.5426153,0.3669921,3,3
1NCA_N_LH|NH31Q,0.0,-0.5208946,3,3
1NMB_N_LH|DH57E,2.9536283,0.18188336,3,3
1NMB_N_LH|DH57N,2.9536283,0.8212627,3,3
1NMB_N_LH|LL94V,0.9000208,-0.7046403,3,3
1NMB_N_LH|TL93F,-0.023903161,-0.0025867103,3,3
1NMB_N_LH|TL93W,0.18419003,-0.5993744,3,3
1NMB_N_LH|YH103A,2.14062,-0.05391756,3,3
1NMB_N_LH|YH105F,1.4194101,0.36281198,3,3
1NMB_N_LH|YL32F,0.46632215,0.81851923,3,3
1VFB_AB_C|DB100A,3.005002,2.643163,3,3
"1VFB_AB_C|DB100A,SC24A",3.369756,4.00325,3,3
1VFB_AB_C|DB54A,0.8151114,3.2188761,3,3
"1VFB_AB_C|DB54A,TC118A",1.2546439,2.0487118,3,3
1VFB_AB_C|DB58A,-0.20700333,0.97119075,3,3
1VFB_AB_C|DB58E,0.078081094,-0.00018880982,3,3
1VFB_AB_C|DB58N,-0.12818155,0.23664144,3,3
1VFB_AB_C|DC119A,0.9530879,1.1272273,3,3
1VFB_AB_C|DC18A,0.34013057,2.1224504,3,3
1VFB_AB_C|EB98A,1.1565572,3.8504324,3,3
1VFB_AB_C|GB31A,0.30646533,0.4163249,3,3
1VFB_AB_C|GB31E,-0.5097613,-0.3210713,3,3
1VFB_AB_C|GB31W,0.0039611305,-0.15710339,3,3
1VFB_AB_C|HA30A,0.84488255,0.92447686,3,3
1VFB_AB_C|IC124A,1.2314179,0.19869335,3,3
1VFB_AB_C|KC116A,0.7134504,0.8229958,3,3
1VFB_AB_C|LC129A,0.17154472,0.65317357,3,3
1VFB_AB_C|NA31W,0.17432266,0.10222326,3,3
1VFB_AB_C|NB56A,0.17771798,0.6020987,3,3
1VFB_AB_C|NC19A,0.3960868,0.6358742,3,3
1VFB_AB_C|QC121A,2.876998,0.7455089,3,3
1VFB_AB_C|RB99A,-0.099735305,1.8156126,3,3
1VFB_AB_C|RB99W,0.7049742,0.21990596,3,3
1VFB_AB_C|RB99Y,1.235379,0.012305326,3,3
1VFB_AB_C|RC125A,1.8368999,0.38930458,3,3
1VFB_AB_C|SA93A,0.34312394,0.017577656,3,3
1VFB_AB_C|SB28D,0.0,-0.6530196,3,3
1VFB_AB_C|SB28E,-0.104007296,-0.60263264,3,3
1VFB_AB_C|SB28N,0.14394745,-0.49664915,3,3
1VFB_AB_C|SB28Q,0.078081094,-0.23356043,3,3
1VFB_AB_C|SC24A,0.850965,1.2822165,3,3
1VFB_AB_C|TA52F,0.4708752,-0.010115965,3,3
1VFB_AB_C|TA53R,1.6458516,0.23483717,3,3
1VFB_AB_C|TB30A,-0.05584954,-0.24150406,3,3
1VFB_AB_C|TC118A,0.7650957,0.20118974,3,3
1VFB_AB_C|VC120A,0.9169499,0.22058405,3,3
1VFB_AB_C|WA92A,3.037848,1.5796447,3,3
"1VFB_AB_C|WA92A,IC124A",3.8503337,1.4478866,3,3
"1VFB_AB_C|WA92A,LC129A",3.3073628,1.8780715,3,3
"1VFB_AB_C|WA92A,QC121A",3.5189366,1.6122504,3,3
"1VFB_AB_C|WA92A,RC125A",3.3932896,1.3855531,3,3
1VFB_AB_C|WB52A,0.6406274,3.2356598,3,3
"1VFB_AB_C|WB52A,DC119A",2.2473724,3.1721628,3,3
1VFB_AB_C|YA32A,1.5281335,2.1921225,3,3
"1VFB_AB_C|YA32A,IC124A",2.9057157,1.549659,3,3
"1VFB_AB_C|YA32A,QC121A",1.586041,1.4707394,3,3
1VFB_AB_C|YA49A,0.79754156,1.2340621,3,3
1VFB_AB_C|YA50A,0.456086,1.063041,3,3
"1VFB_AB_C|YA50A,DC119A",1.2314179,1.4446476,3,3
"1VFB_AB_C|YA50A,DC18A",1.265924,2.3598025,3,3
1VFB_AB_C|YA50K,1.7156012,0.97195965,3,3
1VFB_AB_C|YA50R,0.8443241,1.3211027,3,3
1VFB_AB_C|YB101F,1.2695644,2.1743264,3,3
"1VFB_AB_C|YB101F,DC119A",2.736521,3.2487683,3,3
"1VFB_AB_C|YB101F,VC120A",2.5384777,1.9662269,3,3
1VFB_AB_C|YB32A,0.7916793,1.1274283,3,3
"1VFB_AB_C|YB32A,KC116A",1.586041,1.0519139,3,3
1VFB_AB_C|YB32E,1.9021881,0.3984538,3,3
1VFB_AB_C|YC23A,0.41047263,1.8113708,3,3
1XGP_AB_C|AB33F,-4.0,-2.3619988,3,3
1XGP_AB_C|AB33I,-2.260207,-1.5304126,3,3
1XGP_AB_C|AB33L,-2.1988916,-1.6167778,3,3
1XGP_AB_C|AB33V,-1.1525793,-0.9412692,3,3
2JEL_LH_P|AP82S,0.0,0.019039813,3,3
2JEL_LH_P|DP69E,0.9530879,0.65485543,3,3
2JEL_LH_P|EP5D,0.41047263,-0.1107927,3,3
2JEL_LH_P|EP5Q,0.7129768,0.14715691,3,3
2JEL_LH_P|EP68A,0.41047263,0.713778,3,3
2JEL_LH_P|EP75R,2.727121,1.2697983,3,3
2JEL_LH_P|EP83A,0.0,0.056588735,3,3
2JEL_LH_P|EP85A,0.0,0.33629996,3,3
2JEL_LH_P|EP85D,0.0,-0.1437033,3,3
2JEL_LH_P|EP85K,0.0,0.09369789,3,3
2JEL_LH_P|EP85Q,0.0,0.0046343887,3,3
2JEL_LH_P|FP2W,2.6191528,1.9383543,3,3
2JEL_LH_P|FP2Y,0.0,0.46575743,3,3
2JEL_LH_P|HP76A,-0.41047263,0.89899826,3,3
2JEL_LH_P|HP76D,-0.65058374,0.24059467,3,3
2JEL_LH_P|KP24E,0.0,1.0590724,3,3
2JEL_LH_P|KP27E,0.0,0.90166014,3,3
2JEL_LH_P|KP72E,0.41047263,-0.3594753,3,3
2JEL_LH_P|KP72R,0.0,0.6251794,3,3
2JEL_LH_P|KP79E,0.41047263,0.4380041,3,3
2JEL_LH_P|NP12D,0.0,-1.1647563,3,3
2JEL_LH_P|NP38T,0.0,-0.24482879,3,3
2JEL_LH_P|PP11E,0.0,-0.31432086,3,3
2JEL_LH_P|QP3K,4.0,1.1449795,3,3
2JEL_LH_P|QP4K,1.3635606,-0.025604527,3,3
2JEL_LH_P|QP57E,-0.41047263,-0.07402737,3,3
2JEL_LH_P|QP71E,2.727121,0.30071953,3,3
2JEL_LH_P|RP17G,0.0,0.14017907,3,3
2JEL_LH_P|RP17K,0.0,-0.30854386,3,3
2JEL_LH_P|SP41C,1.4957032,1.1849,3,3
2JEL_LH_P|SP43C,0.0,0.004218572,3,3
2JEL_LH_P|SP46C,0.0,0.77079403,3,3
2JEL_LH_P|SP64T,4.0,1.2355077,3,3
2JEL_LH_P|TP34Q,0.0,0.019163046,3,3
2JEL_LH_P|TP36Q,0.41047263,-1.0084319,3,3
2JEL_LH_P|TP62A,0.0,0.5991522,3,3
2JEL_LH_P|TP62N,0.0,1.073295,3,3
2JEL_LH_P|TP7N,0.41047263,0.9250595,3,3
2JEL_LH_P|TP7S,0.0,0.19794902,3,3
2JEL_LH_P|VP6F,0.0,-0.44304252,3,3
"2NY7_HL_G|CG27I,CG226Q",0.19971907,-1.2489351,3,3
"2NY7_HL_G|CG27I,CG226Q,MG231A",0.20319231,-1.2184607,3,3
"2NY7_HL_G|GG229C,MG231A",-0.37879732,-0.039760545,3,3
"2NY7_HL_G|GG229C,WG13M,MG231A,CG14W,CG110V,CG27I,CG226Q",0.21462485,-2.22511,3,3
"2NY7_HL_G|KG66C,EG102C,CG27I,CG226Q",0.04085667,-1.0459198,3,3
"2NY7_HL_G|KG66C,EG102C,WG13M,MG231A,CG14W,CG110V,CG27I,CG226Q",0.3998023,-1.707917,3,3
"2NY7_HL_G|KG66C,EG103C,WG13M,MG231A,CG14W,CG110V,CG27I,CG226Q",0.29989544,-1.784044,3,3
"2NY7_HL_G|WG13M,MG231A,CG14W,CG110V",1.1574335,-0.5854575,3,3
"2NY7_HL_G|WG13M,MG231A,CG14W,CG110V,CG27I,CG226Q",0.44904727,-1.6640344,3,3
"2NY7_HL_G|WG13M,MG231A,CG14W,CG110V,KG66C,EG102C",0.55101526,-0.41820252,3,3
"2NY7_HL_G|WG13M,SG92T,WG181S,MG231A,CG14W,CG110V,CG27I,CG226Q",-0.3035898,-2.2974038,3,3
3BN9_B_CD|DB214A,0.5662115,1.9963187,3,3
3BN9_B_CD|DB46A,0.42238826,0.52079225,3,3
3BN9_B_CD|DB47A,0.31110755,-0.014652413,3,3
3BN9_B_CD|EB163A,0.37321588,-0.22271653,3,3
3BN9_B_CD|FB50A,-0.044997852,0.3434636,3,3
3BN9_B_CD|FB89A,0.6392419,2.0797698,3,3
3BN9_B_CD|HB138A,0.085063316,0.9965169,3,3
3BN9_B_CD|IB26A,0.0,0.70272434,3,3
3BN9_B_CD|IB45A,0.8352155,0.30141264,3,3
3BN9_B_CD|KB221A,0.7849689,0.1183801,3,3
3BN9_B_CD|LB147A,0.33619216,0.3076137,3,3
3BN9_B_CD|NB90A,0.7733444,0.5411394,3,3
3BN9_B_CD|PD104H,2.4272547,-0.6578941,3,3
3BN9_B_CD|QB140A,0.1331048,-0.13969184,3,3
3BN9_B_CD|QB168A,-0.03469869,-0.9131462,3,3
3BN9_B_CD|QB169A,2.5089848,0.8020496,3,3
3BN9_B_CD|QB218A,0.70571065,0.4446967,3,3
3BN9_B_CD|QB23A,-0.41530684,0.254044,3,3
3BN9_B_CD|QD105V,1.2241027,-0.25695166,3,3
3BN9_B_CD|RB219A,-0.093698174,-0.40763432,3,3
3BN9_B_CD|RB48A,-0.044997852,0.33730528,3,3
3BN9_B_CD|RB51A,-0.07155777,-0.18046178,3,3
3BN9_B_CD|RB82A,-0.15923285,-0.23445351,3,3
3BN9_B_CD|SD30G,1.1861069,0.5205966,3,3
3BN9_B_CD|SD30N,1.145505,0.6074006,3,3
3BN9_B_CD|TB144A,0.2908351,0.038393445,3,3
3BN9_B_CD|TB93A,1.1320528,1.077045,3,3
3BN9_B_CD|TD102Q,-0.02153644,0.08392194,3,3
3BN9_B_CD|TD102R,-0.058294915,-0.24256545,3,3
3BN9_B_CD|TD28R,0.33290586,0.34983966,3,3
3BN9_B_CD|YB141A,1.0846525,1.6437678,3,3
3BN9_B_CD|YB52A,0.018951595,0.8009798,3,3
3BN9_B_CD|YD103S,0.45868576,1.6698638,3,3
4GXU_ABCDEF_MN|DA189E,2.1650882,1.8422155,3,3
"4GXU_ABCDEF_MN|DA189E,DA224G",3.0102077,2.3680441,3,3
4GXU_ABCDEF_MN|DA224G,1.9608781,0.32214695,3,3
"1CZ8_HL_VW|LL4M,DH28T,HH31N,YH101H,TH105S",2.939849,1.795897,3,4
1KIR_AB_C|SA50Y,-1.3870943,-0.8198938,3,4
1MLC_AB_E|KB65D,0.018548755,0.081668414,3,4
1MLC_AB_E|NA32G,-0.8773867,-0.22507598,3,4
"1MLC_AB_E|NA32G,NA92A",-0.6866531,0.24958567,3,4
"1MLC_AB_E|NA32G,NA92A,SB57V,TB58D",-1.7349738,-0.85599047,3,4
1MLC_AB_E|NA32Y,0.0,-0.58555675,3,4
1MLC_AB_E|NA92A,-1.2533532,0.5071158,3,4
"1MLC_AB_E|NA92A,SB57V,TB58D",-2.394188,-0.58621204,3,4
"1MLC_AB_E|NA92A,TB28D,SB57V,TB58D",-2.5813644,-0.7494249,3,4
"1MLC_AB_E|NA92A,TB28D,SB57V,TB58D,EB35S,GB99D",-2.9539242,-0.7827128,3,4
"1MLC_AB_E|NA92A,TB28D,SB57V,TB58D,GB99D",-0.20357698,-0.6375607,3,4
"1MLC_AB_E|NA92A,TB28D,SB57V,TB58D,NA32L",-2.5843081,-0.66657317,3,4
"1MLC_AB_E|NA92A,TB28D,SB57V,TB58D,RB98M,DB100Q",-0.41047263,0.25059444,3,4
"1MLC_AB_E|NA92A,TB28D,SB57V,TB58D,SA91N,SA93A",-1.6104395,-0.5500244,3,4
"1MLC_AB_E|NA92A,TB28D,SB57V,TB58D,SB30G",-2.3584673,-0.92820686,3,4
"1MLC_AB_E|NA92A,TB28D,SB57V,TB58D,YB32W,RB98V,DB100Q",0.36138764,0.34727174,3,4
"1MLC_AB_E|NA92A,TB28D,SB57V,TB58D,YB59E",-1.4661698,-0.0054741474,3,4
1MLC_AB_E|SB57A,-0.37902167,-0.4024208,3,4
1MLC_AB_E|SB57V,-0.49418068,-0.913482,3,4
"1MLC_AB_E|SB57V,TB58D",-0.9877286,-1.3284268,3,4
1MLC_AB_E|TB28D,-0.15094383,-0.20063856,3,4
1MLC_AB_E|TB31A,0.44700673,0.8536191,3,4
1MLC_AB_E|TB31V,0.5262404,0.6990325,3,4
1MLC_AB_E|TB31W,0.13214268,0.36880222,3,4
1MLC_AB_E|TB58D,-0.55968237,-0.5810398,3,4
1NCA_N_LH|DH101K,0.71416,2.6480272,3,4
1NCA_N_LH|EH100D,0.41047263,0.6353776,3,4
1NCA_N_LH|NH102Q,0.5426153,0.5476576,3,4
1NCA_N_LH|NH31Q,0.0,0.37302086,3,4
1NMB_N_LH|DH57E,2.9536283,0.47343168,3,4
1NMB_N_LH|DH57N,2.9536283,0.30473304,3,4
1NMB_N_LH|LL94V,0.9000208,-0.53075975,3,4
1NMB_N_LH|TL93F,-0.023903161,-0.02881319,3,4
1NMB_N_LH|TL93W,0.18419003,-0.322818,3,4
1NMB_N_LH|YH103A,2.14062,0.14173685,3,4
1NMB_N_LH|YH105F,1.4194101,1.3449363,3,4
1NMB_N_LH|YL32F,0.46632215,0.7656761,3,4
1VFB_AB_C|DB100A,3.005002,2.3587596,3,4
"1VFB_AB_C|DB100A,SC24A",3.369756,3.3512323,3,4
1VFB_AB_C|DB54A,0.8151114,2.8290622,3,4
"1VFB_AB_C|DB54A,TC118A",1.2546439,1.6727164,3,4
1VFB_AB_C|DB58A,-0.20700333,1.132088,3,4
1VFB_AB_C|DB58E,0.078081094,0.16710316,3,4
1VFB_AB_C|DB58N,-0.12818155,0.22974335,3,4
1VFB_AB_C|DC119A,0.9530879,1.6717868,3,4
1VFB_AB_C|DC18A,0.34013057,0.99651575,3,4
1VFB_AB_C|EB98A,1.1565572,3.5986469,3,4
1VFB_AB_C|GB31A,0.30646533,0.69926757,3,4
1VFB_AB_C|GB31E,-0.5097613,0.3735767,3,4
1VFB_AB_C|GB31W,0.0039611305,0.32269108,3,4
1VFB_AB_C|HA30A,0.84488255,1.2264189,3,4
1VFB_AB_C|IC124A,1.2314179,0.6756465,3,4
1VFB_AB_C|KC116A,0.7134504,1.5252852,3,4
1VFB_AB_C|LC129A,0.17154472,0.782606,3,4
1VFB_AB_C|NA31W,0.17432266,-0.2137404,3,4
1VFB_AB_C|NB56A,0.17771798,0.9792102,3,4
1VFB_AB_C|NC19A,0.3960868,-0.39930162,3,4
1VFB_AB_C|QC121A,2.876998,-0.35017952,3,4
1VFB_AB_C|RB99A,-0.099735305,2.1803503,3,4
1VFB_AB_C|RB99W,0.7049742,-0.012864605,3,4
1VFB_AB_C|RB99Y,1.235379,0.09645824,3,4
1VFB_AB_C|RC125A,1.8368999,0.1405658,3,4
1VFB_AB_C|SA93A,0.34312394,-0.010415998,3,4
1VFB_AB_C|SB28D,0.0,-0.24687831,3,4
1VFB_AB_C|SB28E,-0.104007296,-0.43257478,3,4
1VFB_AB_C|SB28N,0.14394745,-0.49523708,3,4
1VFB_AB_C|SB28Q,0.078081094,0.47545904,3,4
1VFB_AB_C|SC24A,0.850965,0.55056995,3,4
1VFB_AB_C|TA52F,0.4708752,-0.9695022,3,4
1VFB_AB_C|TA53R,1.6458516,0.54561645,3,4
1VFB_AB_C|TB30A,-0.05584954,0.25621304,3,4
1VFB_AB_C|TC118A,0.7650957,-0.02071451,3,4
1VFB_AB_C|VC120A,0.9169499,0.21288355,3,4
1VFB_AB_C|WA92A,3.037848,1.5751063,3,4
"1VFB_AB_C|WA92A,IC124A",3.8503337,2.25203,3,4
"1VFB_AB_C|WA92A,LC129A",3.3073628,1.8298463,3,4
"1VFB_AB_C|WA92A,QC121A",3.5189366,0.63744044,3,4
"1VFB_AB_C|WA92A,RC125A",3.3932896,0.9027471,3,4
1VFB_AB_C|WB52A,0.6406274,3.3642745,3,4
"1VFB_AB_C|WB52A,DC119A",2.2473724,3.462428,3,4
1VFB_AB_C|YA32A,1.5281335,2.050798,3,4
"1VFB_AB_C|YA32A,IC124A",2.9057157,2.2425728,3,4
"1VFB_AB_C|YA32A,QC121A",1.586041,0.98307323,3,4
1VFB_AB_C|YA49A,0.79754156,1.4939599,3,4
1VFB_AB_C|YA50A,0.456086,1.0021573,3,4
"1VFB_AB_C|YA50A,DC119A",1.2314179,1.8278306,3,4
"1VFB_AB_C|YA50A,DC18A",1.265924,1.8304828,3,4
1VFB_AB_C|YA50K,1.7156012,1.2445474,3,4
1VFB_AB_C|YA50R,0.8443241,1.0294137,3,4
1VFB_AB_C|YB101F,1.2695644,2.142547,3,4
"1VFB_AB_C|YB101F,DC119A",2.736521,4.046457,3,4
"1VFB_AB_C|YB101F,VC120A",2.5384777,2.0893695,3,4
1VFB_AB_C|YB32A,0.7916793,1.410243,3,4
"1VFB_AB_C|YB32A,KC116A",1.586041,2.2425084,3,4
1VFB_AB_C|YB32E,1.9021881,0.8314069,3,4
1VFB_AB_C|YC23A,0.41047263,1.2868896,3,4
1XGP_AB_C|AB33F,-4.0,-3.1002502,3,4
1XGP_AB_C|AB33I,-2.260207,-1.7592809,3,4
1XGP_AB_C|AB33L,-2.1988916,-2.0384784,3,4
1XGP_AB_C|AB33V,-1.1525793,-1.0582558,3,4
2JEL_LH_P|AP82S,0.0,0.260997,3,4
2JEL_LH_P|DP69E,0.9530879,1.639653,3,4
2JEL_LH_P|EP5D,0.41047263,0.09285872,3,4
2JEL_LH_P|EP5Q,0.7129768,0.35821992,3,4
2JEL_LH_P|EP68A,0.41047263,1.170608,3,4
2JEL_LH_P|EP75R,2.727121,1.4250909,3,4
2JEL_LH_P|EP83A,0.0,0.14098594,3,4
2JEL_LH_P|EP85A,0.0,0.30142832,3,4
2JEL_LH_P|EP85D,0.0,0.16150704,3,4
2JEL_LH_P|EP85K,0.0,0.3277902,3,4
2JEL_LH_P|EP85Q,0.0,0.51966226,3,4
2JEL_LH_P|FP2W,2.6191528,1.9688109,3,4
2JEL_LH_P|FP2Y,0.0,0.268902,3,4
2JEL_LH_P|HP76A,-0.41047263,0.80592334,3,4
2JEL_LH_P|HP76D,-0.65058374,1.0075871,3,4
2JEL_LH_P|KP24E,0.0,1.1870887,3,4
2JEL_LH_P|KP27E,0.0,1.0957041,3,4
2JEL_LH_P|KP72E,0.41047263,0.39737234,3,4
2JEL_LH_P|KP72R,0.0,1.2591528,3,4
2JEL_LH_P|KP79E,0.41047263,0.23152642,3,4
2JEL_LH_P|NP12D,0.0,-0.12642317,3,4
2JEL_LH_P|NP38T,0.0,1.5469253,3,4
2JEL_LH_P|PP11E,0.0,1.5589259,3,4
2JEL_LH_P|QP3K,4.0,-0.39289057,3,4
2JEL_LH_P|QP4K,1.3635606,-0.8859592,3,4
2JEL_LH_P|QP57E,-0.41047263,-0.18741105,3,4
2JEL_LH_P|QP71E,2.727121,-0.042307686,3,4
2JEL_LH_P|RP17G,0.0,0.5524174,3,4
2JEL_LH_P|RP17K,0.0,-0.0044159265,3,4
2JEL_LH_P|SP41C,1.4957032,1.3337247,3,4
2JEL_LH_P|SP43C,0.0,0.3722939,3,4
2JEL_LH_P|SP46C,0.0,1.0455687,3,4
2JEL_LH_P|SP64T,4.0,0.6537956,3,4
2JEL_LH_P|TP34Q,0.0,0.3893897,3,4
2JEL_LH_P|TP36Q,0.41047263,-0.50116533,3,4
2JEL_LH_P|TP62A,0.0,0.63586926,3,4
2JEL_LH_P|TP62N,0.0,1.068527,3,4
2JEL_LH_P|TP7N,0.41047263,1.4141858,3,4
2JEL_LH_P|TP7S,0.0,0.8428924,3,4
2JEL_LH_P|VP6F,0.0,-0.5723469,3,4
"2NY7_HL_G|CG27I,CG226Q",0.19971907,-1.3696363,3,4
"2NY7_HL_G|CG27I,CG226Q,MG231A",0.20319231,-0.9405851,3,4
"2NY7_HL_G|GG229C,MG231A",-0.37879732,0.51453495,3,4
"2NY7_HL_G|GG229C,WG13M,MG231A,CG14W,CG110V,CG27I,CG226Q",0.21462485,-2.0301323,3,4
"2NY7_HL_G|KG66C,EG102C,CG27I,CG226Q",0.04085667,-1.0565177,3,4
"2NY7_HL_G|KG66C,EG102C,WG13M,MG231A,CG14W,CG110V,CG27I,CG226Q",0.3998023,-1.5149038,3,4
"2NY7_HL_G|KG66C,EG103C,WG13M,MG231A,CG14W,CG110V,CG27I,CG226Q",0.29989544,-1.8431695,3,4
"2NY7_HL_G|WG13M,MG231A,CG14W,CG110V",1.1574335,-0.42060882,3,4
"2NY7_HL_G|WG13M,MG231A,CG14W,CG110V,CG27I,CG226Q",0.44904727,-1.4643362,3,4
"2NY7_HL_G|WG13M,MG231A,CG14W,CG110V,KG66C,EG102C",0.55101526,-0.36131233,3,4
"2NY7_HL_G|WG13M,SG92T,WG181S,MG231A,CG14W,CG110V,CG27I,CG226Q",-0.3035898,-1.7772437,3,4
3BN9_B_CD|DB214A,0.5662115,1.3401082,3,4
3BN9_B_CD|DB46A,0.42238826,0.51249766,3,4
3BN9_B_CD|DB47A,0.31110755,0.018140621,3,4
3BN9_B_CD|EB163A,0.37321588,0.33141714,3,4
3BN9_B_CD|FB50A,-0.044997852,0.33210522,3,4
3BN9_B_CD|FB89A,0.6392419,2.3236468,3,4
3BN9_B_CD|HB138A,0.085063316,1.6051983,3,4
3BN9_B_CD|IB26A,0.0,0.8947458,3,4
3BN9_B_CD|IB45A,0.8352155,0.2506359,3,4
3BN9_B_CD|KB221A,0.7849689,-0.10273741,3,4
3BN9_B_CD|LB147A,0.33619216,0.28890702,3,4
3BN9_B_CD|NB90A,0.7733444,0.46648303,3,4
3BN9_B_CD|PD104H,2.4272547,-1.6235839,3,4
3BN9_B_CD|QB140A,0.1331048,-0.25840834,3,4
3BN9_B_CD|QB168A,-0.03469869,-0.58279866,3,4
3BN9_B_CD|QB169A,2.5089848,0.763034,3,4
3BN9_B_CD|QB218A,0.70571065,0.35613966,3,4
3BN9_B_CD|QB23A,-0.41530684,0.023650184,3,4
3BN9_B_CD|QD105V,1.2241027,-0.3072649,3,4
3BN9_B_CD|RB219A,-0.093698174,-0.18253374,3,4
3BN9_B_CD|RB48A,-0.044997852,-0.7424421,3,4
3BN9_B_CD|RB51A,-0.07155777,-0.074695334,3,4
3BN9_B_CD|RB82A,-0.15923285,-0.21430226,3,4
3BN9_B_CD|SD30G,1.1861069,0.5988933,3,4
3BN9_B_CD|SD30N,1.145505,0.49735904,3,4
3BN9_B_CD|TB144A,0.2908351,0.28021166,3,4
3BN9_B_CD|TB93A,1.1320528,0.90078086,3,4
3BN9_B_CD|TD102Q,-0.02153644,0.12553988,3,4
3BN9_B_CD|TD102R,-0.058294915,-0.06995221,3,4
3BN9_B_CD|TD28R,0.33290586,0.043936916,3,4
3BN9_B_CD|YB141A,1.0846525,1.7508494,3,4
3BN9_B_CD|YB52A,0.018951595,0.65263927,3,4
3BN9_B_CD|YD103S,0.45868576,2.0368946,3,4
4GXU_ABCDEF_MN|DA189E,2.1650882,1.6424105,3,4
"4GXU_ABCDEF_MN|DA189E,DA224G",3.0102077,1.7112548,3,4
4GXU_ABCDEF_MN|DA224G,1.9608781,0.22111835,3,4
"1CZ8_HL_VW|LL4M,DH28T,HH31N,YH101H,TH105S",2.939849,1.9743311,3,5
1KIR_AB_C|SA50Y,-1.3870943,-0.009485081,3,5
1MLC_AB_E|KB65D,0.018548755,-0.38701302,3,5
1MLC_AB_E|NA32G,-0.8773867,0.48763156,3,5
"1MLC_AB_E|NA32G,NA92A",-0.6866531,0.40208447,3,5
"1MLC_AB_E|NA32G,NA92A,SB57V,TB58D",-1.7349738,-0.4954068,3,5
1MLC_AB_E|NA32Y,0.0,-0.8090068,3,5
1MLC_AB_E|NA92A,-1.2533532,-0.24851628,3,5
"1MLC_AB_E|NA92A,SB57V,TB58D",-2.394188,-0.45827818,3,5
"1MLC_AB_E|NA92A,TB28D,SB57V,TB58D",-2.5813644,-0.60958815,3,5
"1MLC_AB_E|NA92A,TB28D,SB57V,TB58D,EB35S,GB99D",-2.9539242,-1.0187141,3,5
"1MLC_AB_E|NA92A,TB28D,SB57V,TB58D,GB99D",-0.20357698,-0.82147086,3,5
"1MLC_AB_E|NA92A,TB28D,SB57V,TB58D,NA32L",-2.5843081,-0.97567505,3,5
"1MLC_AB_E|NA92A,TB28D,SB57V,TB58D,RB98M,DB100Q",-0.41047263,0.065956704,3,5
"1MLC_AB_E|NA92A,TB28D,SB57V,TB58D,SA91N,SA93A",-1.6104395,0.2161109,3,5
"1MLC_AB_E|NA92A,TB28D,SB57V,TB58D,SB30G",-2.3584673,-0.39154226,3,5
"1MLC_AB_E|NA92A,TB28D,SB57V,TB58D,YB32W,RB98V,DB100Q",0.36138764,0.6526323,3,5
"1MLC_AB_E|NA92A,TB28D,SB57V,TB58D,YB59E",-1.4661698,0.39833605,3,5
1MLC_AB_E|SB57A,-0.37902167,-0.1683163,3,5
1MLC_AB_E|SB57V,-0.49418068,-0.67426753,3,5
"1MLC_AB_E|SB57V,TB58D",-0.9877286,-0.52180713,3,5
1MLC_AB_E|TB28D,-0.15094383,-0.28548443,3,5
1MLC_AB_E|TB31A,0.44700673,0.4937055,3,5
1MLC_AB_E|TB31V,0.5262404,0.21260129,3,5
1MLC_AB_E|TB31W,0.13214268,-0.18735169,3,5
1MLC_AB_E|TB58D,-0.55968237,-0.7861737,3,5
1NCA_N_LH|DH101K,0.71416,1.8061807,3,5
1NCA_N_LH|EH100D,0.41047263,0.47559226,3,5
1NCA_N_LH|NH102Q,0.5426153,0.8424111,3,5
1NCA_N_LH|NH31Q,0.0,-0.40898585,3,5
1NMB_N_LH|DH57E,2.9536283,0.7019582,3,5
1NMB_N_LH|DH57N,2.9536283,0.89183944,3,5
1NMB_N_LH|LL94V,0.9000208,-0.2478363,3,5
1NMB_N_LH|TL93F,-0.023903161,-0.6244632,3,5
1NMB_N_LH|TL93W,0.18419003,-1.1501139,3,5
1NMB_N_LH|YH103A,2.14062,0.36438668,3,5
1NMB_N_LH|YH105F,1.4194101,0.30387926,3,5
1NMB_N_LH|YL32F,0.46632215,0.53174686,3,5
1VFB_AB_C|DB100A,3.005002,2.552503,3,5
"1VFB_AB_C|DB100A,SC24A",3.369756,3.8157032,3,5
1VFB_AB_C|DB54A,0.8151114,2.5452132,3,5
"1VFB_AB_C|DB54A,TC118A",1.2546439,1.0504715,3,5
1VFB_AB_C|DB58A,-0.20700333,1.1109464,3,5
1VFB_AB_C|DB58E,0.078081094,0.18644485,3,5
1VFB_AB_C|DB58N,-0.12818155,0.54655427,3,5
1VFB_AB_C|DC119A,0.9530879,1.6630201,3,5
1VFB_AB_C|DC18A,0.34013057,1.1595876,3,5
1VFB_AB_C|EB98A,1.1565572,3.3240392,3,5
1VFB_AB_C|GB31A,0.30646533,1.046649,3,5
1VFB_AB_C|GB31E,-0.5097613,0.5678203,3,5
1VFB_AB_C|GB31W,0.0039611305,0.66696215,3,5
1VFB_AB_C|HA30A,0.84488255,1.5466853,3,5
1VFB_AB_C|IC124A,1.2314179,0.7226458,3,5
1VFB_AB_C|KC116A,0.7134504,1.3979075,3,5
1VFB_AB_C|LC129A,0.17154472,0.91676563,3,5
1VFB_AB_C|NA31W,0.17432266,0.45104647,3,5
1VFB_AB_C|NB56A,0.17771798,0.70000416,3,5
1VFB_AB_C|NC19A,0.3960868,0.22559042,3,5
1VFB_AB_C|QC121A,2.876998,-0.009620197,3,5
1VFB_AB_C|RB99A,-0.099735305,1.7409692,3,5
1VFB_AB_C|RB99W,0.7049742,-0.1521276,3,5
1VFB_AB_C|RB99Y,1.235379,-0.16783908,3,5
1VFB_AB_C|RC125A,1.8368999,0.34068453,3,5
1VFB_AB_C|SA93A,0.34312394,0.1802841,3,5
1VFB_AB_C|SB28D,0.0,-0.29578283,3,5
1VFB_AB_C|SB28E,-0.104007296,-0.31104714,3,5
1VFB_AB_C|SB28N,0.14394745,-0.39900053,3,5
1VFB_AB_C|SB28Q,0.078081094,0.2978837,3,5
1VFB_AB_C|SC24A,0.850965,1.0511912,3,5
1VFB_AB_C|TA52F,0.4708752,-0.0814472,3,5
1VFB_AB_C|TA53R,1.6458516,0.3600731,3,5
1VFB_AB_C|TB30A,-0.05584954,0.13746507,3,5
1VFB_AB_C|TC118A,0.7650957,0.24724446,3,5
1VFB_AB_C|VC120A,0.9169499,0.1687952,3,5
1VFB_AB_C|WA92A,3.037848,0.69472593,3,5
"1VFB_AB_C|WA92A,IC124A",3.8503337,1.6133398,3,5
"1VFB_AB_C|WA92A,LC129A",3.3073628,2.0216773,3,5
"1VFB_AB_C|WA92A,QC121A",3.5189366,1.5757997,3,5
"1VFB_AB_C|WA92A,RC125A",3.3932896,-0.09379019,3,5
1VFB_AB_C|WB52A,0.6406274,3.3133447,3,5
"1VFB_AB_C|WB52A,DC119A",2.2473724,3.70802,3,5
1VFB_AB_C|YA32A,1.5281335,1.7712603,3,5
"1VFB_AB_C|YA32A,IC124A",2.9057157,2.511281,3,5
"1VFB_AB_C|YA32A,QC121A",1.586041,2.2840617,3,5
1VFB_AB_C|YA49A,0.79754156,0.7365006,3,5
1VFB_AB_C|YA50A,0.456086,1.0655146,3,5
"1VFB_AB_C|YA50A,DC119A",1.2314179,1.5163023,3,5
"1VFB_AB_C|YA50A,DC18A",1.265924,1.7266972,3,5
1VFB_AB_C|YA50K,1.7156012,1.3564023,3,5
1VFB_AB_C|YA50R,0.8443241,1.2175364,3,5
1VFB_AB_C|YB101F,1.2695644,2.188534,3,5
"1VFB_AB_C|YB101F,DC119A",2.736521,3.5596445,3,5
"1VFB_AB_C|YB101F,VC120A",2.5384777,2.3609703,3,5
1VFB_AB_C|YB32A,0.7916793,1.0151689,3,5
"1VFB_AB_C|YB32A,KC116A",1.586041,1.9279907,3,5
1VFB_AB_C|YB32E,1.9021881,0.5728383,3,5
1VFB_AB_C|YC23A,0.41047263,1.2795367,3,5
1XGP_AB_C|AB33F,-4.0,-2.9130983,3,5
1XGP_AB_C|AB33I,-2.260207,-1.8267429,3,5
1XGP_AB_C|AB33L,-2.1988916,-1.8290842,3,5
1XGP_AB_C|AB33V,-1.1525793,-1.1672614,3,5
2JEL_LH_P|AP82S,0.0,0.6874578,3,5
2JEL_LH_P|DP69E,0.9530879,0.51796234,3,5
2JEL_LH_P|EP5D,0.41047263,-0.27675092,3,5
2JEL_LH_P|EP5Q,0.7129768,-0.19041128,3,5
2JEL_LH_P|EP68A,0.41047263,0.42272896,3,5
2JEL_LH_P|EP75R,2.727121,0.72989976,3,5
2JEL_LH_P|EP83A,0.0,-0.34968,3,5
2JEL_LH_P|EP85A,0.0,0.4104156,3,5
2JEL_LH_P|EP85D,0.0,-0.3755983,3,5
2JEL_LH_P|EP85K,0.0,-0.25106996,3,5
2JEL_LH_P|EP85Q,0.0,0.1539433,3,5
2JEL_LH_P|FP2W,2.6191528,2.167699,3,5
2JEL_LH_P|FP2Y,0.0,0.07117292,3,5
2JEL_LH_P|HP76A,-0.41047263,-0.43022126,3,5
2JEL_LH_P|HP76D,-0.65058374,-0.19282167,3,5
2JEL_LH_P|KP24E,0.0,0.655144,3,5
2JEL_LH_P|KP27E,0.0,0.48772484,3,5
2JEL_LH_P|KP72E,0.41047263,0.023372486,3,5
2JEL_LH_P|KP72R,0.0,0.2648734,3,5
2JEL_LH_P|KP79E,0.41047263,0.81784177,3,5
2JEL_LH_P|NP12D,0.0,-0.79271144,3,5
2JEL_LH_P|NP38T,0.0,1.2392186,3,5
2JEL_LH_P|PP11E,0.0,1.1921313,3,5
2JEL_LH_P|QP3K,4.0,0.11699788,3,5
2JEL_LH_P|QP4K,1.3635606,-0.110464275,3,5
2JEL_LH_P|QP57E,-0.41047263,-0.14588672,3,5
2JEL_LH_P|QP71E,2.727121,0.59874636,3,5
2JEL_LH_P|RP17G,0.0,0.56016695,3,5
2JEL_LH_P|RP17K,0.0,-0.1864621,3,5
2JEL_LH_P|SP41C,1.4957032,0.9959587,3,5
2JEL_LH_P|SP43C,0.0,0.7173141,3,5
2JEL_LH_P|SP46C,0.0,1.2125287,3,5
2JEL_LH_P|SP64T,4.0,0.05692313,3,5
2JEL_LH_P|TP34Q,0.0,0.35142142,3,5
2JEL_LH_P|TP36Q,0.41047263,0.06851471,3,5
2JEL_LH_P|TP62A,0.0,0.4989791,3,5
2JEL_LH_P|TP62N,0.0,1.2215303,3,5
2JEL_LH_P|TP7N,0.41047263,1.0466799,3,5
2JEL_LH_P|TP7S,0.0,0.83196974,3,5
2JEL_LH_P|VP6F,0.0,0.027983598,3,5
"2NY7_HL_G|CG27I,CG226Q",0.19971907,-1.3433723,3,5
"2NY7_HL_G|CG27I,CG226Q,MG231A",0.20319231,-1.4573123,3,5
"2NY7_HL_G|GG229C,MG231A",-0.37879732,0.3585456,3,5
"2NY7_HL_G|GG229C,WG13M,MG231A,CG14W,CG110V,CG27I,CG226Q",0.21462485,-2.256213,3,5
"2NY7_HL_G|KG66C,EG102C,CG27I,CG226Q",0.04085667,-1.3126782,3,5
"2NY7_HL_G|KG66C,EG102C,WG13M,MG231A,CG14W,CG110V,CG27I,CG226Q",0.3998023,-1.9493415,3,5
"2NY7_HL_G|KG66C,EG103C,WG13M,MG231A,CG14W,CG110V,CG27I,CG226Q",0.29989544,-2.0824456,3,5
"2NY7_HL_G|WG13M,MG231A,CG14W,CG110V",1.1574335,-0.60132515,3,5
"2NY7_HL_G|WG13M,MG231A,CG14W,CG110V,CG27I,CG226Q",0.44904727,-1.7678442,3,5
"2NY7_HL_G|WG13M,MG231A,CG14W,CG110V,KG66C,EG102C",0.55101526,-0.4292766,3,5
"2NY7_HL_G|WG13M,SG92T,WG181S,MG231A,CG14W,CG110V,CG27I,CG226Q",-0.3035898,-1.906399,3,5
3BN9_B_CD|DB214A,0.5662115,1.5390266,3,5
3BN9_B_CD|DB46A,0.42238826,0.32554,3,5
3BN9_B_CD|DB47A,0.31110755,0.08896978,3,5
3BN9_B_CD|EB163A,0.37321588,0.023132116,3,5
3BN9_B_CD|FB50A,-0.044997852,0.5614841,3,5
3BN9_B_CD|FB89A,0.6392419,1.9935937,3,5
3BN9_B_CD|HB138A,0.085063316,1.1095926,3,5
3BN9_B_CD|IB26A,0.0,0.7279554,3,5
3BN9_B_CD|IB45A,0.8352155,-0.06528425,3,5
3BN9_B_CD|KB221A,0.7849689,0.17359377,3,5
3BN9_B_CD|LB147A,0.33619216,-0.050471805,3,5
3BN9_B_CD|NB90A,0.7733444,0.4156862,3,5
3BN9_B_CD|PD104H,2.4272547,-0.93635947,3,5
3BN9_B_CD|QB140A,0.1331048,-0.016101215,3,5
3BN9_B_CD|QB168A,-0.03469869,-0.7097584,3,5
3BN9_B_CD|QB169A,2.5089848,0.8307371,3,5
3BN9_B_CD|QB218A,0.70571065,0.2513268,3,5
3BN9_B_CD|QB23A,-0.41530684,0.121927366,3,5
3BN9_B_CD|QD105V,1.2241027,0.23134978,3,5
3BN9_B_CD|RB219A,-0.093698174,-0.20372084,3,5
3BN9_B_CD|RB48A,-0.044997852,-0.22375491,3,5
3BN9_B_CD|RB51A,-0.07155777,-0.07950181,3,5
3BN9_B_CD|RB82A,-0.15923285,-0.19069314,3,5
3BN9_B_CD|SD30G,1.1861069,0.5887755,3,5
3BN9_B_CD|SD30N,1.145505,0.7438857,3,5
3BN9_B_CD|TB144A,0.2908351,-0.028187064,3,5
3BN9_B_CD|TB93A,1.1320528,0.81284064,3,5
3BN9_B_CD|TD102Q,-0.02153644,0.1915514,3,5
3BN9_B_CD|TD102R,-0.058294915,0.102317646,3,5
3BN9_B_CD|TD28R,0.33290586,0.053047918,3,5
3BN9_B_CD|YB141A,1.0846525,1.3672457,3,5
3BN9_B_CD|YB52A,0.018951595,0.39775592,3,5
3BN9_B_CD|YD103S,0.45868576,2.008513,3,5
4GXU_ABCDEF_MN|DA189E,2.1650882,0.6217041,3,5
"4GXU_ABCDEF_MN|DA189E,DA224G",3.0102077,0.9113726,3,5
4GXU_ABCDEF_MN|DA224G,1.9608781,0.08615224,3,5
"1CZ8_HL_VW|LL4M,DH28T,HH31N,YH101H,TH105S",2.939849,1.8888465,3,6
1KIR_AB_C|SA50Y,-1.3870943,-1.064186,3,6
1MLC_AB_E|KB65D,0.018548755,-0.72578603,3,6
1MLC_AB_E|NA32G,-0.8773867,0.57254905,3,6
"1MLC_AB_E|NA32G,NA92A",-0.6866531,0.71560436,3,6
"1MLC_AB_E|NA32G,NA92A,SB57V,TB58D",-1.7349738,-0.6122672,3,6
1MLC_AB_E|NA32Y,0.0,-0.72722995,3,6
1MLC_AB_E|NA92A,-1.2533532,0.34719178,3,6
"1MLC_AB_E|NA92A,SB57V,TB58D",-2.394188,-0.5798691,3,6
"1MLC_AB_E|NA92A,TB28D,SB57V,TB58D",-2.5813644,-0.808392,3,6
"1MLC_AB_E|NA92A,TB28D,SB57V,TB58D,EB35S,GB99D",-2.9539242,-1.1723843,3,6
"1MLC_AB_E|NA92A,TB28D,SB57V,TB58D,GB99D",-0.20357698,-1.1762166,3,6
"1MLC_AB_E|NA92A,TB28D,SB57V,TB58D,NA32L",-2.5843081,-0.8736331,3,6
"1MLC_AB_E|NA92A,TB28D,SB57V,TB58D,RB98M,DB100Q",-0.41047263,-0.7520774,3,6
"1MLC_AB_E|NA92A,TB28D,SB57V,TB58D,SA91N,SA93A",-1.6104395,-0.6494211,3,6
"1MLC_AB_E|NA92A,TB28D,SB57V,TB58D,SB30G",-2.3584673,-0.806163,3,6
"1MLC_AB_E|NA92A,TB28D,SB57V,TB58D,YB32W,RB98V,DB100Q",0.36138764,-0.7147432,3,6
"1MLC_AB_E|NA92A,TB28D,SB57V,TB58D,YB59E",-1.4661698,-0.4009064,3,6
1MLC_AB_E|SB57A,-0.37902167,-0.22555213,3,6
1MLC_AB_E|SB57V,-0.49418068,-0.5424821,3,6
"1MLC_AB_E|SB57V,TB58D",-0.9877286,-1.1690454,3,6
1MLC_AB_E|TB28D,-0.15094383,-0.44997567,3,6
1MLC_AB_E|TB31A,0.44700673,0.61858314,3,6
1MLC_AB_E|TB31V,0.5262404,0.033153463,3,6
1MLC_AB_E|TB31W,0.13214268,-0.44160628,3,6
1MLC_AB_E|TB58D,-0.55968237,-0.9649271,3,6
1NCA_N_LH|DH101K,0.71416,1.4661443,3,6
1NCA_N_LH|EH100D,0.41047263,0.18973832,3,6
1NCA_N_LH|NH102Q,0.5426153,0.65410346,3,6
1NCA_N_LH|NH31Q,0.0,-0.13999091,3,6
1NMB_N_LH|DH57E,2.9536283,0.7388538,3,6
1NMB_N_LH|DH57N,2.9536283,0.42054665,3,6
1NMB_N_LH|LL94V,0.9000208,0.06502058,3,6
1NMB_N_LH|TL93F,-0.023903161,-1.4770846,3,6
1NMB_N_LH|TL93W,0.18419003,-1.0292009,3,6
1NMB_N_LH|YH103A,2.14062,0.7085691,3,6
1NMB_N_LH|YH105F,1.4194101,0.9017637,3,6
1NMB_N_LH|YL32F,0.46632215,0.8703312,3,6
1VFB_AB_C|DB100A,3.005002,3.2507598,3,6
"1VFB_AB_C|DB100A,SC24A",3.369756,4.169698,3,6
1VFB_AB_C|DB54A,0.8151114,2.6958869,3,6
"1VFB_AB_C|DB54A,TC118A",1.2546439,2.2040544,3,6
1VFB_AB_C|DB58A,-0.20700333,1.0400729,3,6
1VFB_AB_C|DB58E,0.078081094,0.14815299,3,6
1VFB_AB_C|DB58N,-0.12818155,0.298652,3,6
1VFB_AB_C|DC119A,0.9530879,1.6444464,3,6
1VFB_AB_C|DC18A,0.34013057,2.0401878,3,6
1VFB_AB_C|EB98A,1.1565572,2.8093448,3,6
1VFB_AB_C|GB31A,0.30646533,1.2676848,3,6
1VFB_AB_C|GB31E,-0.5097613,0.22131282,3,6
1VFB_AB_C|GB31W,0.0039611305,0.06553408,3,6
1VFB_AB_C|HA30A,0.84488255,1.391899,3,6
1VFB_AB_C|IC124A,1.2314179,0.8088499,3,6
1VFB_AB_C|KC116A,0.7134504,1.3206089,3,6
1VFB_AB_C|LC129A,0.17154472,0.90108156,3,6
1VFB_AB_C|NA31W,0.17432266,0.13927044,3,6
1VFB_AB_C|NB56A,0.17771798,0.8304899,3,6
1VFB_AB_C|NC19A,0.3960868,0.48990527,3,6
1VFB_AB_C|QC121A,2.876998,0.5258858,3,6
1VFB_AB_C|RB99A,-0.099735305,2.3385277,3,6
1VFB_AB_C|RB99W,0.7049742,-0.20673408,3,6
1VFB_AB_C|RB99Y,1.235379,0.19193684,3,6
1VFB_AB_C|RC125A,1.8368999,0.5217311,3,6
1VFB_AB_C|SA93A,0.34312394,0.24651448,3,6
1VFB_AB_C|SB28D,0.0,-0.19270717,3,6
1VFB_AB_C|SB28E,-0.104007296,0.1964599,3,6
1VFB_AB_C|SB28N,0.14394745,-0.26727107,3,6
1VFB_AB_C|SB28Q,0.078081094,0.3030492,3,6
1VFB_AB_C|SC24A,0.850965,1.2184644,3,6
1VFB_AB_C|TA52F,0.4708752,-0.66419786,3,6
1VFB_AB_C|TA53R,1.6458516,-0.7579906,3,6
1VFB_AB_C|TB30A,-0.05584954,0.2493413,3,6
1VFB_AB_C|TC118A,0.7650957,0.4408183,3,6
1VFB_AB_C|VC120A,0.9169499,0.37823027,3,6
1VFB_AB_C|WA92A,3.037848,1.7322319,3,6
"1VFB_AB_C|WA92A,IC124A",3.8503337,2.044542,3,6
"1VFB_AB_C|WA92A,LC129A",3.3073628,2.1898174,3,6
"1VFB_AB_C|WA92A,QC121A",3.5189366,2.2456942,3,6
"1VFB_AB_C|WA92A,RC125A",3.3932896,1.3969455,3,6
1VFB_AB_C|WB52A,0.6406274,3.1515863,3,6
"1VFB_AB_C|WB52A,DC119A",2.2473724,4.2178144,3,6
1VFB_AB_C|YA32A,1.5281335,2.7408633,3,6
"1VFB_AB_C|YA32A,IC124A",2.9057157,2.3937247,3,6
"1VFB_AB_C|YA32A,QC121A",1.586041,3.1674933,3,6
1VFB_AB_C|YA49A,0.79754156,1.5306313,3,6
1VFB_AB_C|YA50A,0.456086,1.8160044,3,6
"1VFB_AB_C|YA50A,DC119A",1.2314179,2.5103328,3,6
"1VFB_AB_C|YA50A,DC18A",1.265924,2.8747535,3,6
1VFB_AB_C|YA50K,1.7156012,1.8407744,3,6
1VFB_AB_C|YA50R,0.8443241,1.3920062,3,6
1VFB_AB_C|YB101F,1.2695644,2.3904326,3,6
"1VFB_AB_C|YB101F,DC119A",2.736521,3.135656,3,6
"1VFB_AB_C|YB101F,VC120A",2.5384777,1.9414797,3,6
1VFB_AB_C|YB32A,0.7916793,1.8946775,3,6
"1VFB_AB_C|YB32A,KC116A",1.586041,2.3252792,3,6
1VFB_AB_C|YB32E,1.9021881,0.89813733,3,6
1VFB_AB_C|YC23A,0.41047263,1.0047553,3,6
1XGP_AB_C|AB33F,-4.0,-2.8404193,3,6
1XGP_AB_C|AB33I,-2.260207,-1.7435424,3,6
1XGP_AB_C|AB33L,-2.1988916,-1.6914749,3,6
1XGP_AB_C|AB33V,-1.1525793,-1.0158565,3,6
2JEL_LH_P|AP82S,0.0,0.36930004,3,6
2JEL_LH_P|DP69E,0.9530879,1.4375557,3,6
2JEL_LH_P|EP5D,0.41047263,-0.425105,3,6
2JEL_LH_P|EP5Q,0.7129768,0.42130354,3,6
2JEL_LH_P|EP68A,0.41047263,0.5407266,3,6
2JEL_LH_P|EP75R,2.727121,1.4811606,3,6
2JEL_LH_P|EP83A,0.0,0.73948354,3,6
2JEL_LH_P|EP85A,0.0,0.1319282,3,6
2JEL_LH_P|EP85D,0.0,-0.4147101,3,6
2JEL_LH_P|EP85K,0.0,-0.057510026,3,6
2JEL_LH_P|EP85Q,0.0,0.268663,3,6
2JEL_LH_P|FP2W,2.6191528,2.249129,3,6
2JEL_LH_P|FP2Y,0.0,-0.049042445,3,6
2JEL_LH_P|HP76A,-0.41047263,0.47377464,3,6
2JEL_LH_P|HP76D,-0.65058374,-0.49237812,3,6
2JEL_LH_P|KP24E,0.0,0.7811615,3,6
2JEL_LH_P|KP27E,0.0,0.61959857,3,6
2JEL_LH_P|KP72E,0.41047263,-0.15873383,3,6
2JEL_LH_P|KP72R,0.0,0.4176784,3,6
2JEL_LH_P|KP79E,0.41047263,0.5153822,3,6
2JEL_LH_P|NP12D,0.0,-0.95381266,3,6
2JEL_LH_P|NP38T,0.0,1.0038654,3,6
2JEL_LH_P|PP11E,0.0,1.814926,3,6
2JEL_LH_P|QP3K,4.0,-0.09826875,3,6
2JEL_LH_P|QP4K,1.3635606,-1.104771,3,6
2JEL_LH_P|QP57E,-0.41047263,0.08163518,3,6
2JEL_LH_P|QP71E,2.727121,0.68653554,3,6
2JEL_LH_P|RP17G,0.0,0.10150319,3,6
2JEL_LH_P|RP17K,0.0,-0.45776835,3,6
2JEL_LH_P|SP41C,1.4957032,1.0424243,3,6
2JEL_LH_P|SP43C,0.0,-0.12362885,3,6
2JEL_LH_P|SP46C,0.0,0.51790774,3,6
2JEL_LH_P|SP64T,4.0,-0.14698692,3,6
2JEL_LH_P|TP34Q,0.0,0.27134332,3,6
2JEL_LH_P|TP36Q,0.41047263,-0.013024023,3,6
2JEL_LH_P|TP62A,0.0,0.6146957,3,6
2JEL_LH_P|TP62N,0.0,0.35011163,3,6
2JEL_LH_P|TP7N,0.41047263,0.8106279,3,6
2JEL_LH_P|TP7S,0.0,1.0777341,3,6
2JEL_LH_P|VP6F,0.0,-0.15629022,3,6
"2NY7_HL_G|CG27I,CG226Q",0.19971907,-1.6168367,3,6
"2NY7_HL_G|CG27I,CG226Q,MG231A",0.20319231,-1.3593663,3,6
"2NY7_HL_G|GG229C,MG231A",-0.37879732,0.33086747,3,6
"2NY7_HL_G|GG229C,WG13M,MG231A,CG14W,CG110V,CG27I,CG226Q",0.21462485,-2.2265284,3,6
"2NY7_HL_G|KG66C,EG102C,CG27I,CG226Q",0.04085667,-1.21398,3,6
"2NY7_HL_G|KG66C,EG102C,WG13M,MG231A,CG14W,CG110V,CG27I,CG226Q",0.3998023,-1.7851132,3,6
"2NY7_HL_G|KG66C,EG103C,WG13M,MG231A,CG14W,CG110V,CG27I,CG226Q",0.29989544,-1.7762172,3,6
"2NY7_HL_G|WG13M,MG231A,CG14W,CG110V",1.1574335,-0.60429937,3,6
"2NY7_HL_G|WG13M,MG231A,CG14W,CG110V,CG27I,CG226Q",0.44904727,-1.7308669,3,6
"2NY7_HL_G|WG13M,MG231A,CG14W,CG110V,KG66C,EG102C",0.55101526,-0.7001876,3,6
"2NY7_HL_G|WG13M,SG92T,WG181S,MG231A,CG14W,CG110V,CG27I,CG226Q",-0.3035898,-1.7797761,3,6
3BN9_B_CD|DB214A,0.5662115,1.8432063,3,6
3BN9_B_CD|DB46A,0.42238826,1.1404326,3,6
3BN9_B_CD|DB47A,0.31110755,0.69995606,3,6
3BN9_B_CD|EB163A,0.37321588,0.028512942,3,6
3BN9_B_CD|FB50A,-0.044997852,0.7853381,3,6
3BN9_B_CD|FB89A,0.6392419,2.2080262,3,6
3BN9_B_CD|HB138A,0.085063316,1.4958894,3,6
3BN9_B_CD|IB26A,0.0,0.8047285,3,6
3BN9_B_CD|IB45A,0.8352155,0.44934216,3,6
3BN9_B_CD|KB221A,0.7849689,0.27187544,3,6
3BN9_B_CD|LB147A,0.33619216,0.2605436,3,6
3BN9_B_CD|NB90A,0.7733444,0.7875764,3,6
3BN9_B_CD|PD104H,2.4272547,-0.41606513,3,6
3BN9_B_CD|QB140A,0.1331048,0.010778094,3,6
3BN9_B_CD|QB168A,-0.03469869,-0.6421261,3,6
3BN9_B_CD|QB169A,2.5089848,0.76075166,3,6
3BN9_B_CD|QB218A,0.70571065,0.051887494,3,6
3BN9_B_CD|QB23A,-0.41530684,0.137222,3,6
3BN9_B_CD|QD105V,1.2241027,0.22027104,3,6
3BN9_B_CD|RB219A,-0.093698174,-0.6155381,3,6
3BN9_B_CD|RB48A,-0.044997852,-0.26659247,3,6
3BN9_B_CD|RB51A,-0.07155777,-0.15350251,3,6
3BN9_B_CD|RB82A,-0.15923285,0.022785673,3,6
3BN9_B_CD|SD30G,1.1861069,0.7784446,3,6
3BN9_B_CD|SD30N,1.145505,0.5578978,3,6
3BN9_B_CD|TB144A,0.2908351,0.48492748,3,6
3BN9_B_CD|TB93A,1.1320528,0.9778874,3,6
3BN9_B_CD|TD102Q,-0.02153644,-0.16266443,3,6
3BN9_B_CD|TD102R,-0.058294915,-0.7307789,3,6
3BN9_B_CD|TD28R,0.33290586,-0.22207582,3,6
3BN9_B_CD|YB141A,1.0846525,2.2803092,3,6
3BN9_B_CD|YB52A,0.018951595,0.8507254,3,6
3BN9_B_CD|YD103S,0.45868576,1.6544552,3,6
4GXU_ABCDEF_MN|DA189E,2.1650882,2.4095178,3,6
"4GXU_ABCDEF_MN|DA189E,DA224G",3.0102077,2.2692714,3,6
4GXU_ABCDEF_MN|DA224G,1.9608781,0.3883958,3,6
"1CZ8_HL_VW|LL4M,DH28T,HH31N,YH101H,TH105S",2.939849,1.7903451,3,7
1KIR_AB_C|SA50Y,-1.3870943,0.3300326,3,7
1MLC_AB_E|KB65D,0.018548755,0.07997943,3,7
1MLC_AB_E|NA32G,-0.8773867,0.37391475,3,7
"1MLC_AB_E|NA32G,NA92A",-0.6866531,1.077417,3,7
"1MLC_AB_E|NA32G,NA92A,SB57V,TB58D",-1.7349738,1.0768735,3,7
1MLC_AB_E|NA32Y,0.0,-0.2622447,3,7
1MLC_AB_E|NA92A,-1.2533532,0.40784213,3,7
"1MLC_AB_E|NA92A,SB57V,TB58D",-2.394188,0.8594128,3,7
"1MLC_AB_E|NA92A,TB28D,SB57V,TB58D",-2.5813644,0.7522033,3,7
"1MLC_AB_E|NA92A,TB28D,SB57V,TB58D,EB35S,GB99D",-2.9539242,0.42852756,3,7
"1MLC_AB_E|NA92A,TB28D,SB57V,TB58D,GB99D",-0.20357698,0.91278154,3,7
"1MLC_AB_E|NA92A,TB28D,SB57V,TB58D,NA32L",-2.5843081,0.9248526,3,7
"1MLC_AB_E|NA92A,TB28D,SB57V,TB58D,RB98M,DB100Q",-0.41047263,1.3133961,3,7
"1MLC_AB_E|NA92A,TB28D,SB57V,TB58D,SA91N,SA93A",-1.6104395,0.8200632,3,7
"1MLC_AB_E|NA92A,TB28D,SB57V,TB58D,SB30G",-2.3584673,0.27293703,3,7
"1MLC_AB_E|NA92A,TB28D,SB57V,TB58D,YB32W,RB98V,DB100Q",0.36138764,1.5532366,3,7
"1MLC_AB_E|NA92A,TB28D,SB57V,TB58D,YB59E",-1.4661698,1.3382776,3,7
1MLC_AB_E|SB57A,-0.37902167,-0.22330272,3,7
1MLC_AB_E|SB57V,-0.49418068,0.061519723,3,7
"1MLC_AB_E|SB57V,TB58D",-0.9877286,0.33019882,3,7
1MLC_AB_E|TB28D,-0.15094383,-0.16777653,3,7
1MLC_AB_E|TB31A,0.44700673,1.2277172,3,7
1MLC_AB_E|TB31V,0.5262404,0.5735733,3,7
1MLC_AB_E|TB31W,0.13214268,0.01536566,3,7
1MLC_AB_E|TB58D,-0.55968237,-0.20828268,3,7
1NCA_N_LH|DH101K,0.71416,1.595374,3,7
1NCA_N_LH|EH100D,0.41047263,0.45853695,3,7
1NCA_N_LH|NH102Q,0.5426153,0.41462094,3,7
1NCA_N_LH|NH31Q,0.0,0.28482455,3,7
1NMB_N_LH|DH57E,2.9536283,-0.0037520304,3,7
1NMB_N_LH|DH57N,2.9536283,-0.055302747,3,7
1NMB_N_LH|LL94V,0.9000208,-0.66840595,3,7
1NMB_N_LH|TL93F,-0.023903161,-0.24554467,3,7
1NMB_N_LH|TL93W,0.18419003,-0.4611028,3,7
1NMB_N_LH|YH103A,2.14062,0.18663129,3,7
1NMB_N_LH|YH105F,1.4194101,0.22113895,3,7
1NMB_N_LH|YL32F,0.46632215,1.1176655,3,7
1VFB_AB_C|DB100A,3.005002,2.263452,3,7
"1VFB_AB_C|DB100A,SC24A",3.369756,5.890353,3,7
1VFB_AB_C|DB54A,0.8151114,2.4225624,3,7
"1VFB_AB_C|DB54A,TC118A",1.2546439,2.7792456,3,7
1VFB_AB_C|DB58A,-0.20700333,1.1633006,3,7
1VFB_AB_C|DB58E,0.078081094,0.37426266,3,7
1VFB_AB_C|DB58N,-0.12818155,0.6550366,3,7
1VFB_AB_C|DC119A,0.9530879,2.1486154,3,7
1VFB_AB_C|DC18A,0.34013057,1.4059547,3,7
1VFB_AB_C|EB98A,1.1565572,3.2406657,3,7
1VFB_AB_C|GB31A,0.30646533,2.2267413,3,7
1VFB_AB_C|GB31E,-0.5097613,1.0952151,3,7
1VFB_AB_C|GB31W,0.0039611305,0.8202083,3,7
1VFB_AB_C|HA30A,0.84488255,1.5105791,3,7
1VFB_AB_C|IC124A,1.2314179,1.3791305,3,7
1VFB_AB_C|KC116A,0.7134504,1.6027601,3,7
1VFB_AB_C|LC129A,0.17154472,0.51511556,3,7
1VFB_AB_C|NA31W,0.17432266,0.26508725,3,7
1VFB_AB_C|NB56A,0.17771798,1.1367401,3,7
1VFB_AB_C|NC19A,0.3960868,1.423298,3,7
1VFB_AB_C|QC121A,2.876998,0.7464828,3,7
1VFB_AB_C|RB99A,-0.099735305,1.1716888,3,7
1VFB_AB_C|RB99W,0.7049742,0.182199,3,7
1VFB_AB_C|RB99Y,1.235379,0.48986125,3,7
1VFB_AB_C|RC125A,1.8368999,1.3672129,3,7
1VFB_AB_C|SA93A,0.34312394,0.5946959,3,7
1VFB_AB_C|SB28D,0.0,-0.42335355,3,7
1VFB_AB_C|SB28E,-0.104007296,-0.29244006,3,7
1VFB_AB_C|SB28N,0.14394745,-0.22977164,3,7
1VFB_AB_C|SB28Q,0.078081094,0.029061418,3,7
1VFB_AB_C|SC24A,0.850965,2.238727,3,7
1VFB_AB_C|TA52F,0.4708752,-0.7026121,3,7
1VFB_AB_C|TA53R,1.6458516,-0.19869632,3,7
1VFB_AB_C|TB30A,-0.05584954,0.14869863,3,7
1VFB_AB_C|TC118A,0.7650957,1.2677878,3,7
1VFB_AB_C|VC120A,0.9169499,0.6435461,3,7
1VFB_AB_C|WA92A,3.037848,1.4303945,3,7
"1VFB_AB_C|WA92A,IC124A",3.8503337,3.095961,3,7
"1VFB_AB_C|WA92A,LC129A",3.3073628,1.5107188,3,7
"1VFB_AB_C|WA92A,QC121A",3.5189366,2.6009142,3,7
"1VFB_AB_C|WA92A,RC125A",3.3932896,2.5310678,3,7
1VFB_AB_C|WB52A,0.6406274,3.5188127,3,7
"1VFB_AB_C|WB52A,DC119A",2.2473724,5.0458407,3,7
1VFB_AB_C|YA32A,1.5281335,1.5444071,3,7
"1VFB_AB_C|YA32A,IC124A",2.9057157,2.025755,3,7
"1VFB_AB_C|YA32A,QC121A",1.586041,1.7124735,3,7
1VFB_AB_C|YA49A,0.79754156,1.047173,3,7
1VFB_AB_C|YA50A,0.456086,1.2058666,3,7
"1VFB_AB_C|YA50A,DC119A",1.2314179,2.8555038,3,7
"1VFB_AB_C|YA50A,DC18A",1.265924,2.35524,3,7
1VFB_AB_C|YA50K,1.7156012,0.6725209,3,7
1VFB_AB_C|YA50R,0.8443241,0.69463754,3,7
1VFB_AB_C|YB101F,1.2695644,2.702228,3,7
"1VFB_AB_C|YB101F,DC119A",2.736521,4.3655987,3,7
"1VFB_AB_C|YB101F,VC120A",2.5384777,2.9095755,3,7
1VFB_AB_C|YB32A,0.7916793,1.6420182,3,7
"1VFB_AB_C|YB32A,KC116A",1.586041,2.3004255,3,7
1VFB_AB_C|YB32E,1.9021881,0.80616003,3,7
1VFB_AB_C|YC23A,0.41047263,0.45591408,3,7
1XGP_AB_C|AB33F,-4.0,-3.188429,3,7
1XGP_AB_C|AB33I,-2.260207,-2.2574055,3,7
1XGP_AB_C|AB33L,-2.1988916,-2.0260642,3,7
1XGP_AB_C|AB33V,-1.1525793,-1.3929192,3,7
2JEL_LH_P|AP82S,0.0,-0.5966938,3,7
2JEL_LH_P|DP69E,0.9530879,0.3573869,3,7
2JEL_LH_P|EP5D,0.41047263,-0.11467845,3,7
2JEL_LH_P|EP5Q,0.7129768,0.07493986,3,7
2JEL_LH_P|EP68A,0.41047263,1.115017,3,7
2JEL_LH_P|EP75R,2.727121,1.0232786,3,7
2JEL_LH_P|EP83A,0.0,0.5494863,3,7
2JEL_LH_P|EP85A,0.0,0.4189734,3,7
2JEL_LH_P|EP85D,0.0,0.049071014,3,7
2JEL_LH_P|EP85K,0.0,0.44235528,3,7
2JEL_LH_P|EP85Q,0.0,0.27197447,3,7
2JEL_LH_P|FP2W,2.6191528,1.7598038,3,7
2JEL_LH_P|FP2Y,0.0,0.30525094,3,7
2JEL_LH_P|HP76A,-0.41047263,1.8701501,3,7
2JEL_LH_P|HP76D,-0.65058374,1.2043552,3,7
2JEL_LH_P|KP24E,0.0,0.13118428,3,7
2JEL_LH_P|KP27E,0.0,0.2502098,3,7
2JEL_LH_P|KP72E,0.41047263,-0.90903527,3,7
2JEL_LH_P|KP72R,0.0,-0.15719378,3,7
2JEL_LH_P|KP79E,0.41047263,0.06405482,3,7
2JEL_LH_P|NP12D,0.0,-0.3234019,3,7
2JEL_LH_P|NP38T,0.0,0.6451125,3,7
2JEL_LH_P|PP11E,0.0,2.4829893,3,7
2JEL_LH_P|QP3K,4.0,0.21248215,3,7
2JEL_LH_P|QP4K,1.3635606,-0.54953337,3,7
2JEL_LH_P|QP57E,-0.41047263,-0.21450347,3,7
2JEL_LH_P|QP71E,2.727121,-0.29236627,3,7
2JEL_LH_P|RP17G,0.0,0.20860365,3,7
2JEL_LH_P|RP17K,0.0,-0.18305182,3,7
2JEL_LH_P|SP41C,1.4957032,1.064971,3,7
2JEL_LH_P|SP43C,0.0,0.86211723,3,7
2JEL_LH_P|SP46C,0.0,1.2059667,3,7
2JEL_LH_P|SP64T,4.0,-0.13413599,3,7
2JEL_LH_P|TP34Q,0.0,1.00321,3,7
2JEL_LH_P|TP36Q,0.41047263,0.9962444,3,7
2JEL_LH_P|TP62A,0.0,0.72492445,3,7
2JEL_LH_P|TP62N,0.0,0.4236187,3,7
2JEL_LH_P|TP7N,0.41047263,0.4700868,3,7
2JEL_LH_P|TP7S,0.0,0.33106497,3,7
2JEL_LH_P|VP6F,0.0,0.016147107,3,7
"2NY7_HL_G|CG27I,CG226Q",0.19971907,-2.3159356,3,7
"2NY7_HL_G|CG27I,CG226Q,MG231A",0.20319231,-2.1231458,3,7
"2NY7_HL_G|GG229C,MG231A",-0.37879732,0.11851878,3,7
"2NY7_HL_G|GG229C,WG13M,MG231A,CG14W,CG110V,CG27I,CG226Q",0.21462485,-2.321961,3,7
"2NY7_HL_G|KG66C,EG102C,CG27I,CG226Q",0.04085667,-1.7155143,3,7
"2NY7_HL_G|KG66C,EG102C,WG13M,MG231A,CG14W,CG110V,CG27I,CG226Q",0.3998023,-2.1840942,3,7
"2NY7_HL_G|KG66C,EG103C,WG13M,MG231A,CG14W,CG110V,CG27I,CG226Q",0.29989544,-2.289237,3,7
"2NY7_HL_G|WG13M,MG231A,CG14W,CG110V",1.1574335,-0.30050334,3,7
"2NY7_HL_G|WG13M,MG231A,CG14W,CG110V,CG27I,CG226Q",0.44904727,-2.205262,3,7
"2NY7_HL_G|WG13M,MG231A,CG14W,CG110V,KG66C,EG102C",0.55101526,-0.48801023,3,7
"2NY7_HL_G|WG13M,SG92T,WG181S,MG231A,CG14W,CG110V,CG27I,CG226Q",-0.3035898,-1.901966,3,7
3BN9_B_CD|DB214A,0.5662115,1.382439,3,7
3BN9_B_CD|DB46A,0.42238826,1.7116381,3,7
3BN9_B_CD|DB47A,0.31110755,1.8778465,3,7
3BN9_B_CD|EB163A,0.37321588,0.25525722,3,7
3BN9_B_CD|FB50A,-0.044997852,1.5037578,3,7
3BN9_B_CD|FB89A,0.6392419,2.0276895,3,7
3BN9_B_CD|HB138A,0.085063316,1.3242382,3,7
3BN9_B_CD|IB26A,0.0,1.4010011,3,7
3BN9_B_CD|IB45A,0.8352155,1.5251448,3,7
3BN9_B_CD|KB221A,0.7849689,0.7749844,3,7
3BN9_B_CD|LB147A,0.33619216,0.3368218,3,7
3BN9_B_CD|NB90A,0.7733444,1.5210551,3,7
3BN9_B_CD|PD104H,2.4272547,-0.24072579,3,7
3BN9_B_CD|QB140A,0.1331048,-0.04365354,3,7
3BN9_B_CD|QB168A,-0.03469869,-0.22667742,3,7
3BN9_B_CD|QB169A,2.5089848,0.84420294,3,7
3BN9_B_CD|QB218A,0.70571065,0.09381649,3,7
3BN9_B_CD|QB23A,-0.41530684,0.4756796,3,7
3BN9_B_CD|QD105V,1.2241027,0.05630837,3,7
3BN9_B_CD|RB219A,-0.093698174,0.35341245,3,7
3BN9_B_CD|RB48A,-0.044997852,0.53747964,3,7
3BN9_B_CD|RB51A,-0.07155777,0.09487718,3,7
3BN9_B_CD|RB82A,-0.15923285,0.21928275,3,7
3BN9_B_CD|SD30G,1.1861069,0.16175567,3,7
3BN9_B_CD|SD30N,1.145505,0.31835464,3,7
3BN9_B_CD|TB144A,0.2908351,0.7693824,3,7
3BN9_B_CD|TB93A,1.1320528,1.4232246,3,7
3BN9_B_CD|TD102Q,-0.02153644,-0.15589711,3,7
3BN9_B_CD|TD102R,-0.058294915,-0.7227002,3,7
3BN9_B_CD|TD28R,0.33290586,0.52124435,3,7
3BN9_B_CD|YB141A,1.0846525,2.2829452,3,7
3BN9_B_CD|YB52A,0.018951595,0.9628495,3,7
3BN9_B_CD|YD103S,0.45868576,1.2043022,3,7
4GXU_ABCDEF_MN|DA189E,2.1650882,1.5773746,3,7
"4GXU_ABCDEF_MN|DA189E,DA224G",3.0102077,2.3473296,3,7
4GXU_ABCDEF_MN|DA224G,1.9608781,0.7472064,3,7
"1JRH_LH_I|AI49S,II51T,HI55D",0.070675574,-0.19774592,4,0
"1JRH_LH_I|AI85D,KI88R,EI90K",-0.047747865,-0.2567017,4,0
"1JRH_LH_I|AI93L,VI94M",0.63366294,0.043152325,4,0
1JRH_LH_I|DH56A,1.8860998,2.0971575,4,0
1JRH_LH_I|DH57A,1.6660647,0.50353146,4,0
1JRH_LH_I|DH58A,1.8546488,0.4879725,4,0
1JRH_LH_I|DL28A,0.43464687,1.3619643,4,0
1JRH_LH_I|EI35Q,0.09956847,-0.06002126,4,0
1JRH_LH_I|EI45A,-0.5657849,0.1741243,4,0
1JRH_LH_I|EI45P,-3.7881775,-0.30994895,4,0
"1JRH_LH_I|EI45P,II47L",-3.4567804,0.39067647,4,0
"1JRH_LH_I|EI45P,II47R",-3.4400978,0.0142171085,4,0
1JRH_LH_I|EL27A,0.5426153,1.5311987,4,0
1JRH_LH_I|FH103A,0.0,-0.05275633,4,0
1JRH_LH_I|GI40A,4.0,0.900817,4,0
1JRH_LH_I|HH107A,1.6977708,0.048398234,4,0
"1JRH_LH_I|II25N,PI27S,VI29T,VI31I",0.14370596,-0.50035214,4,0
1JRH_LH_I|KI37A,3.713863,0.29496384,4,0
1JRH_LH_I|KI37M,3.2923293,0.71664774,4,0
1JRH_LH_I|KI42A,3.3858175,0.774704,4,0
1JRH_LH_I|KI42M,4.0,0.073633656,4,0
1JRH_LH_I|KI88A,0.31209365,0.28275558,4,0
"1JRH_LH_I|MI15L,II18V",-0.21360606,0.75375277,4,0
1JRH_LH_I|NI38A,0.1704579,0.100069225,4,0
1JRH_LH_I|NI38Q,0.5344714,-0.2386967,4,0
1JRH_LH_I|NI43A,4.0,0.7609094,4,0
1JRH_LH_I|NI69A,-0.19953421,-0.19568296,4,0
1JRH_LH_I|RH100A,0.5426153,2.5337043,4,0
1JRH_LH_I|RI74A,0.3926171,0.66749424,4,0
1JRH_LH_I|SI44A,0.37771076,1.1980836,4,0
"1JRH_LH_I|SI44G,EI45G,II47R",-3.3777049,0.037899278,4,0
"1JRH_LH_I|SI44G,EI45P,II47K",-3.884419,-0.5314231,4,0
"1JRH_LH_I|SI61Y,DI62E,HI63Q,VI64I,GI65M,DI66Y,SI68D,NI69V,LI71A",2.9588323,0.19550106,4,0
1JRH_LH_I|SL93A,-0.65058374,0.46446228,4,0
1JRH_LH_I|TI4V,-0.025565991,1.3047673,4,0
"1JRH_LH_I|TI9L,EI11K",-0.025565991,0.08277792,4,0
1JRH_LH_I|TL94A,0.38526937,0.34024808,4,0
1JRH_LH_I|VI41A,1.6791569,0.4996708,4,0
"1JRH_LH_I|VI73A,RI78K",-0.21360606,-0.47106725,4,0
1JRH_LH_I|WH54A,2.6862645,2.891139,4,0
1JRH_LH_I|WH55A,2.4213178,1.5461198,4,0
1JRH_LH_I|WI46F,-0.25261214,0.4082864,4,0
1JRH_LH_I|WI46Y,0.29852974,0.52196765,4,0
1JRH_LH_I|WI72A,4.0,0.9898406,4,0
1JRH_LH_I|WI72F,1.102707,0.15980305,4,0
1JRH_LH_I|WI72Y,1.1878273,0.13582213,4,0
1JRH_LH_I|WL92A,2.818407,0.046367466,4,0
1JRH_LH_I|WL95A,1.6660647,0.7373628,4,0
1JRH_LH_I|YH104A,1.0610564,0.8858498,4,0
1JRH_LH_I|YH32A,1.4333102,0.88839674,4,0
1JRH_LH_I|YH60A,1.2555921,1.4089645,4,0
1JRH_LH_I|YI39A,3.5271235,1.3274646,4,0
1JRH_LH_I|YI39F,0.9087807,0.69153047,4,0
1JRH_LH_I|YL30A,1.1084566,1.6954077,4,0
1JRH_LH_I|YL91A,0.58083415,2.953229,4,0
1KIQ_AB_C|FB101Y,-2.4949589,-1.6437368,4,0
1XGR_AB_C|IB33A,2.260207,1.8436128,4,0
1XGR_AB_C|IB33F,-1.8004549,-1.3812371,4,0
1XGR_AB_C|IB33L,0.061315425,0.5755293,4,0
1XGR_AB_C|IB33V,1.1076277,0.9882605,4,0
2BDN_HL_A|DH31E,1.0852306,0.3851493,4,0
2BDN_HL_A|LH27K,0.8740124,0.13473977,4,0
2BDN_HL_A|LH27R,0.65058374,-0.34227324,4,0
2BDN_HL_A|NH28D,0.13214268,-0.43041483,4,0
2BDN_HL_A|NH28Q,1.3994616,0.22852564,4,0
2BDN_HL_A|NL31K,3.4897714,1.0574672,4,0
2BDN_HL_A|NL31R,-0.9171868,0.6748628,4,0
2BDN_HL_A|SL53D,-0.1605731,-0.3570955,4,0
2BDN_HL_A|SL53E,-0.85132045,-0.38867578,4,0
2BDN_HL_A|TL56D,-0.4254655,-0.16903844,4,0
2BDN_HL_A|TL56E,-0.6888026,0.04075627,4,0
2BDN_HL_A|YL30K,0.67475796,1.1920925,4,0
2NYY_DC_A|DA1030A,0.009336901,1.0382843,4,0
2NYY_DC_A|DA1034A,2.5297937,1.4029598,4,0
2NYY_DC_A|DC30Y,0.64113563,0.32634377,4,0
2NYY_DC_A|EA892A,2.839132,0.86925787,4,0
2NYY_DC_A|ED5Q,-0.2479871,-0.5419332,4,0
2NYY_DC_A|FA889A,0.4193659,1.4149543,4,0
2NYY_DC_A|FA925A,4.0,1.1346292,4,0
2NYY_DC_A|HA1036A,4.0,1.8140937,4,0
2NYY_DC_A|HC34R,0.10088469,-0.5935601,4,0
2NYY_DC_A|IA928A,-0.009487502,1.3341025,4,0
2NYY_DC_A|KA1028A,-0.028934313,0.14299649,4,0
2NYY_DC_A|KA875A,0.29098648,0.8789911,4,0
2NYY_DC_A|KA895A,-0.14014584,0.14336105,4,0
2NYY_DC_A|KD29R,0.071385965,0.12507084,4,0
"2NYY_DC_A|KD29S,YD30D,DD31H,SD60P",0.04961051,0.21439719,4,0
2NYY_DC_A|LA891A,2.5892105,0.050904132,4,0
2NYY_DC_A|MD33Q,-0.059869844,0.09040773,4,0
2NYY_DC_A|NA890A,0.89044046,-0.03605505,4,0
2NYY_DC_A|NA926A,0.09934822,-0.7075818,4,0
2NYY_DC_A|QA887A,0.5208145,-0.2381629,4,0
2NYY_DC_A|RA1033A,0.82012254,0.83041394,4,0
2NYY_DC_A|RA1266A,0.2995321,1.1355318,4,0
2NYY_DC_A|SA874A,-0.23032175,0.66727245,4,0
2NYY_DC_A|SA927A,0.0,1.0984455,4,0
2NYY_DC_A|SC28Q,0.4133828,-0.25328103,4,0
2NYY_DC_A|SC31N,-0.35338265,0.08849232,4,0
2NYY_DC_A|TA1035A,1.630871,0.6809057,4,0
2NYY_DC_A|VD36I,-0.21317148,0.682324,4,0
"2NYY_DC_A|VD36I,ED5Q",-0.0490461,-0.0019604936,4,0
2NYY_DC_A|YD30D,0.06462482,0.8865423,4,0
2NYY_DC_A|YD30Q,0.12897444,0.8890647,4,0
2NYY_DC_A|YD56Q,0.5196862,0.5232049,4,0
2NZ9_DC_A|DA1030A,-0.031082604,1.1368828,4,0
2NZ9_DC_A|DA1034A,2.3396032,1.2936751,4,0
2NZ9_DC_A|EA892A,2.77036,1.1213449,4,0
2NZ9_DC_A|FA889A,-0.04961051,1.3962138,4,0
2NZ9_DC_A|FA925A,3.340439,0.9636209,4,0
2NZ9_DC_A|HA1036A,4.0,1.6779473,4,0
2NZ9_DC_A|IA928A,0.069281444,1.4079416,4,0
2NZ9_DC_A|KA1028A,-0.008714417,-0.0034897178,4,0
2NZ9_DC_A|KA875A,0.5407011,0.96502376,4,0
2NZ9_DC_A|KA895A,-0.29975358,0.4284623,4,0
2NZ9_DC_A|LA891A,2.279965,0.24413633,4,0
2NZ9_DC_A|NA890A,2.1600318,-0.21426407,4,0
2NZ9_DC_A|NA926A,-0.15216734,-0.7200343,4,0
2NZ9_DC_A|QA887A,0.09926054,-0.27565542,4,0
2NZ9_DC_A|RA1033A,0.29088098,0.6963535,4,0
2NZ9_DC_A|RA1266A,0.39015788,0.88105446,4,0
2NZ9_DC_A|SA874A,-0.11948046,0.49863452,4,0
2NZ9_DC_A|SA927A,-0.078544825,1.1650939,4,0
"2NZ9_DC_A|SD29K,DD30Y,HD31D",-0.04961051,0.0018173456,4,0
2NZ9_DC_A|TA1035A,2.3703818,0.8051968,4,0
2VIS_AB_C|IC89T,-4.0,-2.9913893,4,0
"3BE1_HL_A|DL28N,PL30A,RL31K,SL32T,TL97S,TL98S",-0.6860794,-0.5981771,4,0
"3BE1_HL_A|DL28N,PL30A,RL31K,SL32T,TL97S,TL98S,KH30S,DH31G,TH54S,NH55E,GH100V,DH102V",-2.7728782,-1.7493794,4,0
"3BE1_HL_A|DL28N,PL30A,RL31K,SL32T,TL97S,TL98S,KH30S,DH31G,TH54S,NH55E,GH100V,DH102V,YL36A",-3.190238,-0.6071969,4,0
"3BE1_HL_A|DL28N,PL30A,RL31K,SL32T,TL97S,TL98S,KH30S,DH31G,TH54S,NH55E,GH100V,DH102V,YL36A,IL33A",-2.7728782,-0.7828585,4,0
"3BE1_HL_A|DL28N,PL30A,RL31K,SL32T,YL57F,TL97S,TL98S",-0.8683455,-0.4988302,4,0
"3BE1_HL_A|DL28N,PL30A,RL31K,SL32T,YL57F,TL97S,TL98S,KH30S,DH31G,TH54S,NH55E,GH100V,DH102V",-2.8824897,-1.7320597,4,0
3LZF_AB_HL|DA187E,0.49836498,0.3838968,4,0
"3LZF_AB_HL|DA187E,DA222G",0.12738612,0.40818492,4,0
3LZF_AB_HL|DA222G,0.5378587,0.11656973,4,0
3NGB_HL_G|AH57G,-0.056030333,-0.4061898,4,0
"3NGB_HL_G|AH57G,VH58T,PH63K,VH74T",1.6734211,0.11380133,4,0
"3NGB_HL_G|CH32S,CH102A",0.25899792,0.12774935,4,0
3NGB_HL_G|DH103A,0.05987142,-0.49508232,4,0
3NGB_HL_G|EL88A,1.3199503,0.5069576,4,0
3NGB_HL_G|FL89A,0.85886127,0.51576114,4,0
3NGB_HL_G|GH55A,-1.2766591,-0.034892086,4,0
3NGB_HL_G|GH55S,0.74304354,0.8289997,4,0
3NGB_HL_G|GH56A,1.2656107,0.7395397,4,0
3NGB_HL_G|IH30A,-0.0027431613,0.15110151,4,0
3NGB_HL_G|IH30T,0.0733938,-0.13247691,4,0
"3NGB_HL_G|IH30T,KH52N,RH54N,GH55S,AH57G,VH58T,RH62Q,PH63K,VH74T,YH75S,YL26S",0.86214453,-0.6542162,4,0
3NGB_HL_G|KH52A,0.62288266,1.688942,4,0
3NGB_HL_G|KH52N,0.17497002,0.18773797,4,0
3NGB_HL_G|MH70A,0.5305512,0.32598242,4,0
3NGB_HL_G|NH105A,1.1185741,0.09564334,4,0
3NGB_HL_G|NH59A,1.7671243,1.9397575,4,0
3NGB_HL_G|PH63A,-0.04252045,0.22178182,4,0
3NGB_HL_G|PH63K,0.23252328,-0.010000158,4,0
3NGB_HL_G|QH65A,-0.34038836,0.9244058,4,0
3NGB_HL_G|QL25A,-0.23060839,0.6673492,4,0
3NGB_HL_G|RH54A,-0.25938424,0.61802554,4,0
3NGB_HL_G|RH54N,0.04645046,0.42600662,4,0
3NGB_HL_G|RH62A,0.9958448,1.4851394,4,0
3NGB_HL_G|RH62Q,0.09654992,0.37492254,4,0
3NGB_HL_G|RH72A,1.6432176,2.697298,4,0
3NGB_HL_G|SL28A,-0.14471176,0.5736455,4,0
3NGB_HL_G|TH33A,0.7071634,1.5390286,4,0
3NGB_HL_G|TH33Y,0.084193856,-0.96845204,4,0
"3NGB_HL_G|TH33Y,GH56S,AH57G,VH58T,PH63K,VH74T,YH75S",1.9381938,0.082590386,4,0
3NGB_HL_G|VH58A,1.3584284,1.4711834,4,0
3NGB_HL_G|VH58T,0.13787223,-0.12165118,4,0
3NGB_HL_G|VH74A,1.087914,-0.091439046,4,0
3NGB_HL_G|VH74T,0.16493925,-0.51043785,4,0
3NGB_HL_G|VL1A,-0.7733632,-0.19731878,4,0
3NGB_HL_G|WH106A,4.0,0.5425869,4,0
3NGB_HL_G|WH47A,1.2021707,1.070397,4,0
3NGB_HL_G|WH50A,1.2917941,1.5142102,4,0
3NGB_HL_G|YH104A,1.4235861,0.8455825,4,0
3NGB_HL_G|YH60A,0.5484263,1.2285051,4,0
3NGB_HL_G|YH75A,-0.19932224,0.24810156,4,0
3NGB_HL_G|YH75S,0.3325709,0.5792765,4,0
3NGB_HL_G|YL26A,0.98528093,1.1519037,4,0
3NGB_HL_G|YL26S,0.6512687,1.0905039,4,0
3NGB_HL_G|YL87A,2.0227883,1.1650872,4,0
4JPK_HL_A|DA141R,3.857323,0.43953252,4,0
"4JPK_HL_A|DA159N,DA33N",0.6189681,3.0811858,4,0
4JPK_HL_A|FA144I,1.3875175,1.26373,4,0
4JPK_HL_A|FA63L,1.1672868,1.7756602,4,0
4JPK_HL_A|RA130K,0.23006605,-0.82591057,4,0
4JPK_HL_A|RA81T,0.75870305,0.43754554,4,0
4JPK_HL_A|SA41G,2.151695,0.85062224,4,0
4JPK_HL_A|TA35S,-0.032093357,-0.24283718,4,0
4JPK_HL_A|VA30N,0.59459484,0.577984,4,0
"1JRH_LH_I|AI49S,II51T,HI55D",0.070675574,-0.047394037,4,1
"1JRH_LH_I|AI85D,KI88R,EI90K",-0.047747865,0.123998,4,1
"1JRH_LH_I|AI93L,VI94M",0.63366294,-0.043857947,4,1
1JRH_LH_I|DH56A,1.8860998,2.479247,4,1
1JRH_LH_I|DH57A,1.6660647,0.89498305,4,1
1JRH_LH_I|DH58A,1.8546488,1.3787084,4,1
1JRH_LH_I|DL28A,0.43464687,1.0517349,4,1
1JRH_LH_I|EI35Q,0.09956847,-0.0720482,4,1
1JRH_LH_I|EI45A,-0.5657849,0.5191051,4,1
1JRH_LH_I|EI45P,-3.7881775,0.24439292,4,1
"1JRH_LH_I|EI45P,II47L",-3.4567804,0.60830224,4,1
"1JRH_LH_I|EI45P,II47R",-3.4400978,0.6269324,4,1
1JRH_LH_I|EL27A,0.5426153,1.5078902,4,1
1JRH_LH_I|FH103A,0.0,0.30193022,4,1
1JRH_LH_I|GI40A,4.0,0.43896833,4,1
1JRH_LH_I|HH107A,1.6977708,0.6656996,4,1
"1JRH_LH_I|II25N,PI27S,VI29T,VI31I",0.14370596,-0.3402938,4,1
1JRH_LH_I|KI37A,3.713863,0.53469276,4,1
1JRH_LH_I|KI37M,3.2923293,0.08227949,4,1
1JRH_LH_I|KI42A,3.3858175,0.045893926,4,1
1JRH_LH_I|KI42M,4.0,-0.2755508,4,1
1JRH_LH_I|KI88A,0.31209365,0.16740195,4,1
"1JRH_LH_I|MI15L,II18V",-0.21360606,0.46393928,4,1
1JRH_LH_I|NI38A,0.1704579,0.357844,4,1
1JRH_LH_I|NI38Q,0.5344714,-0.5581404,4,1
1JRH_LH_I|NI43A,4.0,0.75975984,4,1
1JRH_LH_I|NI69A,-0.19953421,0.27078927,4,1
1JRH_LH_I|RH100A,0.5426153,1.1475694,4,1
1JRH_LH_I|RI74A,0.3926171,1.2556572,4,1
1JRH_LH_I|SI44A,0.37771076,1.0805051,4,1
"1JRH_LH_I|SI44G,EI45G,II47R",-3.3777049,0.6555936,4,1
"1JRH_LH_I|SI44G,EI45P,II47K",-3.884419,0.4376748,4,1
"1JRH_LH_I|SI61Y,DI62E,HI63Q,VI64I,GI65M,DI66Y,SI68D,NI69V,LI71A",2.9588323,0.009355292,4,1
1JRH_LH_I|SL93A,-0.65058374,0.31142265,4,1
1JRH_LH_I|TI4V,-0.025565991,0.029948227,4,1
"1JRH_LH_I|TI9L,EI11K",-0.025565991,0.72394514,4,1
1JRH_LH_I|TL94A,0.38526937,0.4291014,4,1
1JRH_LH_I|VI41A,1.6791569,0.08274981,4,1
"1JRH_LH_I|VI73A,RI78K",-0.21360606,-0.19170517,4,1
1JRH_LH_I|WH54A,2.6862645,2.7946758,4,1
1JRH_LH_I|WH55A,2.4213178,1.6580834,4,1
1JRH_LH_I|WI46F,-0.25261214,0.26210028,4,1
1JRH_LH_I|WI46Y,0.29852974,-0.008547664,4,1
1JRH_LH_I|WI72A,4.0,1.7835116,4,1
1JRH_LH_I|WI72F,1.102707,0.2229738,4,1
1JRH_LH_I|WI72Y,1.1878273,-0.3790605,4,1
1JRH_LH_I|WL92A,2.818407,1.1889441,4,1
1JRH_LH_I|WL95A,1.6660647,0.4665063,4,1
1JRH_LH_I|YH104A,1.0610564,1.167706,4,1
1JRH_LH_I|YH32A,1.4333102,0.99723923,4,1
1JRH_LH_I|YH60A,1.2555921,2.1910946,4,1
1JRH_LH_I|YI39A,3.5271235,1.9573927,4,1
1JRH_LH_I|YI39F,0.9087807,0.91163707,4,1
1JRH_LH_I|YL30A,1.1084566,1.4421124,4,1
1JRH_LH_I|YL91A,0.58083415,2.1811662,4,1
1KIQ_AB_C|FB101Y,-2.4949589,-0.6262002,4,1
1XGR_AB_C|IB33A,2.260207,2.6143947,4,1
1XGR_AB_C|IB33F,-1.8004549,-0.34271508,4,1
1XGR_AB_C|IB33L,0.061315425,0.43238556,4,1
1XGR_AB_C|IB33V,1.1076277,1.4772444,4,1
2BDN_HL_A|DH31E,1.0852306,0.2461154,4,1
2BDN_HL_A|LH27K,0.8740124,0.2668987,4,1
2BDN_HL_A|LH27R,0.65058374,0.17899284,4,1
2BDN_HL_A|NH28D,0.13214268,-0.43175066,4,1
2BDN_HL_A|NH28Q,1.3994616,0.19138853,4,1
2BDN_HL_A|NL31K,3.4897714,0.3474023,4,1
2BDN_HL_A|NL31R,-0.9171868,0.33947572,4,1
2BDN_HL_A|SL53D,-0.1605731,-0.51833653,4,1
2BDN_HL_A|SL53E,-0.85132045,-0.20019522,4,1
2BDN_HL_A|TL56D,-0.4254655,-0.3703879,4,1
2BDN_HL_A|TL56E,-0.6888026,-0.28907552,4,1
2BDN_HL_A|YL30K,0.67475796,0.941232,4,1
2NYY_DC_A|DA1030A,0.009336901,0.97759444,4,1
2NYY_DC_A|DA1034A,2.5297937,1.2784655,4,1
2NYY_DC_A|DC30Y,0.64113563,0.47044456,4,1
2NYY_DC_A|EA892A,2.839132,0.5460274,4,1
2NYY_DC_A|ED5Q,-0.2479871,0.013922542,4,1
2NYY_DC_A|FA889A,0.4193659,1.3372467,4,1
2NYY_DC_A|FA925A,4.0,1.2384918,4,1
2NYY_DC_A|HA1036A,4.0,1.4299078,4,1
2NYY_DC_A|HC34R,0.10088469,-0.015141547,4,1
2NYY_DC_A|IA928A,-0.009487502,0.6382472,4,1
2NYY_DC_A|KA1028A,-0.028934313,0.16427882,4,1
2NYY_DC_A|KA875A,0.29098648,0.3686035,4,1
2NYY_DC_A|KA895A,-0.14014584,0.44124752,4,1
2NYY_DC_A|KD29R,0.071385965,-0.21286222,4,1
"2NYY_DC_A|KD29S,YD30D,DD31H,SD60P",0.04961051,0.1501923,4,1
2NYY_DC_A|LA891A,2.5892105,0.2917506,4,1
2NYY_DC_A|MD33Q,-0.059869844,0.2189337,4,1
2NYY_DC_A|NA890A,0.89044046,0.3562103,4,1
2NYY_DC_A|NA926A,0.09934822,0.21925274,4,1
2NYY_DC_A|QA887A,0.5208145,0.75099254,4,1
2NYY_DC_A|RA1033A,0.82012254,0.17286025,4,1
2NYY_DC_A|RA1266A,0.2995321,0.20601317,4,1
2NYY_DC_A|SA874A,-0.23032175,0.5037111,4,1
2NYY_DC_A|SA927A,0.0,0.6044252,4,1
2NYY_DC_A|SC28Q,0.4133828,0.34709877,4,1
2NYY_DC_A|SC31N,-0.35338265,0.08420386,4,1
2NYY_DC_A|TA1035A,1.630871,0.0012062415,4,1
2NYY_DC_A|VD36I,-0.21317148,-0.22937143,4,1
"2NYY_DC_A|VD36I,ED5Q",-0.0490461,-0.05404155,4,1
2NYY_DC_A|YD30D,0.06462482,0.070399284,4,1
2NYY_DC_A|YD30Q,0.12897444,0.80809796,4,1
2NYY_DC_A|YD56Q,0.5196862,0.6394215,4,1
2NZ9_DC_A|DA1030A,-0.031082604,1.0395069,4,1
2NZ9_DC_A|DA1034A,2.3396032,1.0967982,4,1
2NZ9_DC_A|EA892A,2.77036,0.70138496,4,1
2NZ9_DC_A|FA889A,-0.04961051,1.295871,4,1
2NZ9_DC_A|FA925A,3.340439,1.1592765,4,1
2NZ9_DC_A|HA1036A,4.0,1.1506641,4,1
2NZ9_DC_A|IA928A,0.069281444,0.44099542,4,1
2NZ9_DC_A|KA1028A,-0.008714417,0.16393198,4,1
2NZ9_DC_A|KA875A,0.5407011,0.22464633,4,1
2NZ9_DC_A|KA895A,-0.29975358,0.41925633,4,1
2NZ9_DC_A|LA891A,2.279965,0.36619332,4,1
2NZ9_DC_A|NA890A,2.1600318,0.34346017,4,1
2NZ9_DC_A|NA926A,-0.15216734,0.122010216,4,1
2NZ9_DC_A|QA887A,0.09926054,0.75277674,4,1
2NZ9_DC_A|RA1033A,0.29088098,0.21124199,4,1
2NZ9_DC_A|RA1266A,0.39015788,0.1625961,4,1
2NZ9_DC_A|SA874A,-0.11948046,0.47600394,4,1
2NZ9_DC_A|SA927A,-0.078544825,0.57594264,4,1
"2NZ9_DC_A|SD29K,DD30Y,HD31D",-0.04961051,-0.07823804,4,1
2NZ9_DC_A|TA1035A,2.3703818,0.065675646,4,1
2VIS_AB_C|IC89T,-4.0,-0.0759272,4,1
"3BE1_HL_A|DL28N,PL30A,RL31K,SL32T,TL97S,TL98S",-0.6860794,-0.2433689,4,1
"3BE1_HL_A|DL28N,PL30A,RL31K,SL32T,TL97S,TL98S,KH30S,DH31G,TH54S,NH55E,GH100V,DH102V",-2.7728782,-1.8469281,4,1
"3BE1_HL_A|DL28N,PL30A,RL31K,SL32T,TL97S,TL98S,KH30S,DH31G,TH54S,NH55E,GH100V,DH102V,YL36A",-3.190238,-0.88627756,4,1
"3BE1_HL_A|DL28N,PL30A,RL31K,SL32T,TL97S,TL98S,KH30S,DH31G,TH54S,NH55E,GH100V,DH102V,YL36A,IL33A",-2.7728782,-0.24421108,4,1
"3BE1_HL_A|DL28N,PL30A,RL31K,SL32T,YL57F,TL97S,TL98S",-0.8683455,-0.2766815,4,1
"3BE1_HL_A|DL28N,PL30A,RL31K,SL32T,YL57F,TL97S,TL98S,KH30S,DH31G,TH54S,NH55E,GH100V,DH102V",-2.8824897,-1.9264753,4,1
3LZF_AB_HL|DA187E,0.49836498,0.41856796,4,1
"3LZF_AB_HL|DA187E,DA222G",0.12738612,0.86376345,4,1
3LZF_AB_HL|DA222G,0.5378587,0.16122018,4,1
3NGB_HL_G|AH57G,-0.056030333,-0.9480651,4,1
"3NGB_HL_G|AH57G,VH58T,PH63K,VH74T",1.6734211,-0.13453773,4,1
"3NGB_HL_G|CH32S,CH102A",0.25899792,0.15898927,4,1
3NGB_HL_G|DH103A,0.05987142,0.327178,4,1
3NGB_HL_G|EL88A,1.3199503,0.6131052,4,1
3NGB_HL_G|FL89A,0.85886127,1.2055018,4,1
3NGB_HL_G|GH55A,-1.2766591,0.7151034,4,1
3NGB_HL_G|GH55S,0.74304354,0.45058134,4,1
3NGB_HL_G|GH56A,1.2656107,0.7350273,4,1
3NGB_HL_G|IH30A,-0.0027431613,0.5962891,4,1
3NGB_HL_G|IH30T,0.0733938,-0.28090337,4,1
"3NGB_HL_G|IH30T,KH52N,RH54N,GH55S,AH57G,VH58T,RH62Q,PH63K,VH74T,YH75S,YL26S",0.86214453,1.1735961,4,1
3NGB_HL_G|KH52A,0.62288266,0.7265783,4,1
3NGB_HL_G|KH52N,0.17497002,-0.23414233,4,1
3NGB_HL_G|MH70A,0.5305512,1.0087712,4,1
3NGB_HL_G|NH105A,1.1185741,-0.059914693,4,1
3NGB_HL_G|NH59A,1.7671243,1.1660066,4,1
3NGB_HL_G|PH63A,-0.04252045,-0.049769238,4,1
3NGB_HL_G|PH63K,0.23252328,-0.0032312647,4,1
3NGB_HL_G|QH65A,-0.34038836,1.1182795,4,1
3NGB_HL_G|QL25A,-0.23060839,0.17707409,4,1
3NGB_HL_G|RH54A,-0.25938424,0.51805353,4,1
3NGB_HL_G|RH54N,0.04645046,0.2989962,4,1
3NGB_HL_G|RH62A,0.9958448,0.16682217,4,1
3NGB_HL_G|RH62Q,0.09654992,-0.16688156,4,1
3NGB_HL_G|RH72A,1.6432176,0.60788196,4,1
3NGB_HL_G|SL28A,-0.14471176,0.594159,4,1
3NGB_HL_G|TH33A,0.7071634,0.5363854,4,1
3NGB_HL_G|TH33Y,0.084193856,-0.5989246,4,1
"3NGB_HL_G|TH33Y,GH56S,AH57G,VH58T,PH63K,VH74T,YH75S",1.9381938,0.43471396,4,1
3NGB_HL_G|VH58A,1.3584284,0.69916266,4,1
3NGB_HL_G|VH58T,0.13787223,0.027041271,4,1
3NGB_HL_G|VH74A,1.087914,0.6095028,4,1
3NGB_HL_G|VH74T,0.16493925,0.1173168,4,1
3NGB_HL_G|VL1A,-0.7733632,-0.07423557,4,1
3NGB_HL_G|WH106A,4.0,0.46826228,4,1
3NGB_HL_G|WH47A,1.2021707,1.2916801,4,1
3NGB_HL_G|WH50A,1.2917941,1.5528591,4,1
3NGB_HL_G|YH104A,1.4235861,0.4585861,4,1
3NGB_HL_G|YH60A,0.5484263,0.66302097,4,1
3NGB_HL_G|YH75A,-0.19932224,0.14913926,4,1
3NGB_HL_G|YH75S,0.3325709,-0.16892952,4,1
3NGB_HL_G|YL26A,0.98528093,0.5682172,4,1
3NGB_HL_G|YL26S,0.6512687,0.12512268,4,1
3NGB_HL_G|YL87A,2.0227883,1.7884264,4,1
4JPK_HL_A|DA141R,3.857323,0.32576647,4,1
"4JPK_HL_A|DA159N,DA33N",0.6189681,0.5938577,4,1
4JPK_HL_A|FA144I,1.3875175,0.6689395,4,1
4JPK_HL_A|FA63L,1.1672868,1.0185698,4,1
4JPK_HL_A|RA130K,0.23006605,-0.2404016,4,1
4JPK_HL_A|RA81T,0.75870305,-0.07014656,4,1
4JPK_HL_A|SA41G,2.151695,0.3874153,4,1
4JPK_HL_A|TA35S,-0.032093357,-0.5340265,4,1
4JPK_HL_A|VA30N,0.59459484,0.10081958,4,1
"1JRH_LH_I|AI49S,II51T,HI55D",0.070675574,-0.20231755,4,2
"1JRH_LH_I|AI85D,KI88R,EI90K",-0.047747865,-0.36498073,4,2
"1JRH_LH_I|AI93L,VI94M",0.63366294,-0.419352,4,2
1JRH_LH_I|DH56A,1.8860998,0.180832,4,2
1JRH_LH_I|DH57A,1.6660647,0.18096614,4,2
1JRH_LH_I|DH58A,1.8546488,0.08108965,4,2
1JRH_LH_I|DL28A,0.43464687,0.09302734,4,2
1JRH_LH_I|EI35Q,0.09956847,0.0972984,4,2
1JRH_LH_I|EI45A,-0.5657849,0.27647722,4,2
1JRH_LH_I|EI45P,-3.7881775,0.051857706,4,2
"1JRH_LH_I|EI45P,II47L",-3.4567804,0.07221559,4,2
"1JRH_LH_I|EI45P,II47R",-3.4400978,-0.080708936,4,2
1JRH_LH_I|EL27A,0.5426153,0.08691177,4,2
1JRH_LH_I|FH103A,0.0,0.026095428,4,2
1JRH_LH_I|GI40A,4.0,-0.07543951,4,2
1JRH_LH_I|HH107A,1.6977708,0.3865269,4,2
"1JRH_LH_I|II25N,PI27S,VI29T,VI31I",0.14370596,0.12446301,4,2
1JRH_LH_I|KI37A,3.713863,0.13395543,4,2
1JRH_LH_I|KI37M,3.2923293,-0.09936096,4,2
1JRH_LH_I|KI42A,3.3858175,0.11062333,4,2
1JRH_LH_I|KI42M,4.0,-0.19121705,4,2
1JRH_LH_I|KI88A,0.31209365,0.39630824,4,2
"1JRH_LH_I|MI15L,II18V",-0.21360606,0.19550267,4,2
1JRH_LH_I|NI38A,0.1704579,0.25606427,4,2
1JRH_LH_I|NI38Q,0.5344714,0.13527188,4,2
1JRH_LH_I|NI43A,4.0,0.6154452,4,2
1JRH_LH_I|NI69A,-0.19953421,0.47397393,4,2
1JRH_LH_I|RH100A,0.5426153,0.23567502,4,2
1JRH_LH_I|RI74A,0.3926171,0.5026361,4,2
1JRH_LH_I|SI44A,0.37771076,0.39536655,4,2
"1JRH_LH_I|SI44G,EI45G,II47R",-3.3777049,-0.014501203,4,2
"1JRH_LH_I|SI44G,EI45P,II47K",-3.884419,0.10929315,4,2
"1JRH_LH_I|SI61Y,DI62E,HI63Q,VI64I,GI65M,DI66Y,SI68D,NI69V,LI71A",2.9588323,0.044203825,4,2
1JRH_LH_I|SL93A,-0.65058374,0.08525891,4,2
1JRH_LH_I|TI4V,-0.025565991,0.0795539,4,2
"1JRH_LH_I|TI9L,EI11K",-0.025565991,-0.11968231,4,2
1JRH_LH_I|TL94A,0.38526937,0.1512964,4,2
1JRH_LH_I|VI41A,1.6791569,0.06418663,4,2
"1JRH_LH_I|VI73A,RI78K",-0.21360606,0.2827556,4,2
1JRH_LH_I|WH54A,2.6862645,0.44663525,4,2
1JRH_LH_I|WH55A,2.4213178,0.20320447,4,2
1JRH_LH_I|WI46F,-0.25261214,0.07518047,4,2
1JRH_LH_I|WI46Y,0.29852974,0.041119076,4,2
1JRH_LH_I|WI72A,4.0,0.64042133,4,2
1JRH_LH_I|WI72F,1.102707,0.29452902,4,2
1JRH_LH_I|WI72Y,1.1878273,0.14667025,4,2
1JRH_LH_I|WL92A,2.818407,0.18848348,4,2
1JRH_LH_I|WL95A,1.6660647,0.18651779,4,2
1JRH_LH_I|YH104A,1.0610564,0.499607,4,2
1JRH_LH_I|YH32A,1.4333102,0.31484017,4,2
1JRH_LH_I|YH60A,1.2555921,0.43388623,4,2
1JRH_LH_I|YI39A,3.5271235,0.47816288,4,2
1JRH_LH_I|YI39F,0.9087807,0.03047799,4,2
1JRH_LH_I|YL30A,1.1084566,0.47469792,4,2
1JRH_LH_I|YL91A,0.58083415,0.39208135,4,2
1KIQ_AB_C|FB101Y,-2.4949589,-0.24048282,4,2
1XGR_AB_C|IB33A,2.260207,0.2338232,4,2
1XGR_AB_C|IB33F,-1.8004549,-0.06462443,4,2
1XGR_AB_C|IB33L,0.061315425,0.029575005,4,2
1XGR_AB_C|IB33V,1.1076277,0.13302062,4,2
2BDN_HL_A|DH31E,1.0852306,-0.12800728,4,2
2BDN_HL_A|LH27K,0.8740124,-0.2968704,4,2
2BDN_HL_A|LH27R,0.65058374,-0.39800316,4,2
2BDN_HL_A|NH28D,0.13214268,-0.037698235,4,2
2BDN_HL_A|NH28Q,1.3994616,0.042353097,4,2
2BDN_HL_A|NL31K,3.4897714,0.041761752,4,2
2BDN_HL_A|NL31R,-0.9171868,-0.031105403,4,2
2BDN_HL_A|SL53D,-0.1605731,-0.31761515,4,2
2BDN_HL_A|SL53E,-0.85132045,-0.33633998,4,2
2BDN_HL_A|TL56D,-0.4254655,-0.14267299,4,2
2BDN_HL_A|TL56E,-0.6888026,-0.17321762,4,2
2BDN_HL_A|YL30K,0.67475796,0.45660347,4,2
2NYY_DC_A|DA1030A,0.009336901,0.2516035,4,2
2NYY_DC_A|DA1034A,2.5297937,0.26329345,4,2
2NYY_DC_A|DC30Y,0.64113563,-0.32543,4,2
2NYY_DC_A|EA892A,2.839132,0.19657582,4,2
2NYY_DC_A|ED5Q,-0.2479871,0.20970888,4,2
2NYY_DC_A|FA889A,0.4193659,0.3595375,4,2
2NYY_DC_A|FA925A,4.0,0.25569046,4,2
2NYY_DC_A|HA1036A,4.0,0.55316544,4,2
2NYY_DC_A|HC34R,0.10088469,-0.17537215,4,2
2NYY_DC_A|IA928A,-0.009487502,0.26435125,4,2
2NYY_DC_A|KA1028A,-0.028934313,0.18016618,4,2
2NYY_DC_A|KA875A,0.29098648,0.4408844,4,2
2NYY_DC_A|KA895A,-0.14014584,0.27291608,4,2
2NYY_DC_A|KD29R,0.071385965,-0.17641811,4,2
"2NYY_DC_A|KD29S,YD30D,DD31H,SD60P",0.04961051,0.2074611,4,2
2NYY_DC_A|LA891A,2.5892105,-0.046646688,4,2
2NYY_DC_A|MD33Q,-0.059869844,0.016618423,4,2
2NYY_DC_A|NA890A,0.89044046,0.2067552,4,2
2NYY_DC_A|NA926A,0.09934822,-0.033236336,4,2
2NYY_DC_A|QA887A,0.5208145,0.4821113,4,2
2NYY_DC_A|RA1033A,0.82012254,0.28633013,4,2
2NYY_DC_A|RA1266A,0.2995321,0.38817465,4,2
2NYY_DC_A|SA874A,-0.23032175,0.30665025,4,2
2NYY_DC_A|SA927A,0.0,0.1719564,4,2
2NYY_DC_A|SC28Q,0.4133828,-0.16580243,4,2
2NYY_DC_A|SC31N,-0.35338265,-0.15093127,4,2
2NYY_DC_A|TA1035A,1.630871,0.08594442,4,2
2NYY_DC_A|VD36I,-0.21317148,0.10831176,4,2
"2NYY_DC_A|VD36I,ED5Q",-0.0490461,0.12442437,4,2
2NYY_DC_A|YD30D,0.06462482,0.3061201,4,2
2NYY_DC_A|YD30Q,0.12897444,0.2983041,4,2
2NYY_DC_A|YD56Q,0.5196862,0.14211178,4,2
2NZ9_DC_A|DA1030A,-0.031082604,0.21657595,4,2
2NZ9_DC_A|DA1034A,2.3396032,0.2806316,4,2
2NZ9_DC_A|EA892A,2.77036,0.23187993,4,2
2NZ9_DC_A|FA889A,-0.04961051,0.31837916,4,2
2NZ9_DC_A|FA925A,3.340439,0.22150281,4,2
2NZ9_DC_A|HA1036A,4.0,0.49006572,4,2
2NZ9_DC_A|IA928A,0.069281444,0.2773955,4,2
2NZ9_DC_A|KA1028A,-0.008714417,0.19507754,4,2
2NZ9_DC_A|KA875A,0.5407011,0.44765246,4,2
2NZ9_DC_A|KA895A,-0.29975358,0.28318462,4,2
2NZ9_DC_A|LA891A,2.279965,0.0002634339,4,2
2NZ9_DC_A|NA890A,2.1600318,0.19738202,4,2
2NZ9_DC_A|NA926A,-0.15216734,-0.064961925,4,2
2NZ9_DC_A|QA887A,0.09926054,0.46900848,4,2
2NZ9_DC_A|RA1033A,0.29088098,0.26383603,4,2
2NZ9_DC_A|RA1266A,0.39015788,0.33977827,4,2
2NZ9_DC_A|SA874A,-0.11948046,0.29985437,4,2
2NZ9_DC_A|SA927A,-0.078544825,0.13432793,4,2
"2NZ9_DC_A|SD29K,DD30Y,HD31D",-0.04961051,-0.311699,4,2
2NZ9_DC_A|TA1035A,2.3703818,0.07147498,4,2
2VIS_AB_C|IC89T,-4.0,0.043872688,4,2
"3BE1_HL_A|DL28N,PL30A,RL31K,SL32T,TL97S,TL98S",-0.6860794,0.18281764,4,2
"3BE1_HL_A|DL28N,PL30A,RL31K,SL32T,TL97S,TL98S,KH30S,DH31G,TH54S,NH55E,GH100V,DH102V",-2.7728782,-0.30105498,4,2
"3BE1_HL_A|DL28N,PL30A,RL31K,SL32T,TL97S,TL98S,KH30S,DH31G,TH54S,NH55E,GH100V,DH102V,YL36A",-3.190238,0.06729244,4,2
"3BE1_HL_A|DL28N,PL30A,RL31K,SL32T,TL97S,TL98S,KH30S,DH31G,TH54S,NH55E,GH100V,DH102V,YL36A,IL33A",-2.7728782,0.21608797,4,2
"3BE1_HL_A|DL28N,PL30A,RL31K,SL32T,YL57F,TL97S,TL98S",-0.8683455,0.34187707,4,2
"3BE1_HL_A|DL28N,PL30A,RL31K,SL32T,YL57F,TL97S,TL98S,KH30S,DH31G,TH54S,NH55E,GH100V,DH102V",-2.8824897,-0.14594081,4,2
3LZF_AB_HL|DA187E,0.49836498,0.10895472,4,2
"3LZF_AB_HL|DA187E,DA222G",0.12738612,0.3534883,4,2
3LZF_AB_HL|DA222G,0.5378587,0.519097,4,2
3NGB_HL_G|AH57G,-0.056030333,-0.52168125,4,2
"3NGB_HL_G|AH57G,VH58T,PH63K,VH74T",1.6734211,-0.073692456,4,2
"3NGB_HL_G|CH32S,CH102A",0.25899792,0.12784725,4,2
3NGB_HL_G|DH103A,0.05987142,0.04573736,4,2
3NGB_HL_G|EL88A,1.3199503,0.21529338,4,2
3NGB_HL_G|FL89A,0.85886127,0.44510713,4,2
3NGB_HL_G|GH55A,-1.2766591,0.036267973,4,2
3NGB_HL_G|GH55S,0.74304354,0.08327182,4,2
3NGB_HL_G|GH56A,1.2656107,0.23253776,4,2
3NGB_HL_G|IH30A,-0.0027431613,0.17792724,4,2
3NGB_HL_G|IH30T,0.0733938,0.043033306,4,2
"3NGB_HL_G|IH30T,KH52N,RH54N,GH55S,AH57G,VH58T,RH62Q,PH63K,VH74T,YH75S,YL26S",0.86214453,1.5445868,4,2
3NGB_HL_G|KH52A,0.62288266,0.20089582,4,2
3NGB_HL_G|KH52N,0.17497002,0.21037936,4,2
3NGB_HL_G|MH70A,0.5305512,0.18553925,4,2
3NGB_HL_G|NH105A,1.1185741,0.119948,4,2
3NGB_HL_G|NH59A,1.7671243,0.07759758,4,2
3NGB_HL_G|PH63A,-0.04252045,0.1043448,4,2
3NGB_HL_G|PH63K,0.23252328,0.011404961,4,2
3NGB_HL_G|QH65A,-0.34038836,-0.01750439,4,2
3NGB_HL_G|QL25A,-0.23060839,0.13523526,4,2
3NGB_HL_G|RH54A,-0.25938424,0.11550808,4,2
3NGB_HL_G|RH54N,0.04645046,0.16948289,4,2
3NGB_HL_G|RH62A,0.9958448,0.026971985,4,2
3NGB_HL_G|RH62Q,0.09654992,-0.059852574,4,2
3NGB_HL_G|RH72A,1.6432176,0.009699792,4,2
3NGB_HL_G|SL28A,-0.14471176,0.17077515,4,2
3NGB_HL_G|TH33A,0.7071634,0.21543683,4,2
3NGB_HL_G|TH33Y,0.084193856,-0.15025695,4,2
"3NGB_HL_G|TH33Y,GH56S,AH57G,VH58T,PH63K,VH74T,YH75S",1.9381938,0.30723938,4,2
3NGB_HL_G|VH58A,1.3584284,0.32737213,4,2
3NGB_HL_G|VH58T,0.13787223,0.14192474,4,2
3NGB_HL_G|VH74A,1.087914,0.18838815,4,2
3NGB_HL_G|VH74T,0.16493925,-0.04605831,4,2
3NGB_HL_G|VL1A,-0.7733632,0.289054,4,2
3NGB_HL_G|WH106A,4.0,0.38066202,4,2
3NGB_HL_G|WH47A,1.2021707,0.13771658,4,2
3NGB_HL_G|WH50A,1.2917941,0.46473822,4,2
3NGB_HL_G|YH104A,1.4235861,0.49982405,4,2
3NGB_HL_G|YH60A,0.5484263,0.3358156,4,2
3NGB_HL_G|YH75A,-0.19932224,0.403186,4,2
3NGB_HL_G|YH75S,0.3325709,0.40968856,4,2
3NGB_HL_G|YL26A,0.98528093,0.41290903,4,2
3NGB_HL_G|YL26S,0.6512687,0.41432762,4,2
3NGB_HL_G|YL87A,2.0227883,0.47851956,4,2
4JPK_HL_A|DA141R,3.857323,-0.30824158,4,2
"4JPK_HL_A|DA159N,DA33N",0.6189681,-0.085406974,4,2
4JPK_HL_A|FA144I,1.3875175,0.042109415,4,2
4JPK_HL_A|FA63L,1.1672868,0.09092495,4,2
4JPK_HL_A|RA130K,0.23006605,0.11343981,4,2
4JPK_HL_A|RA81T,0.75870305,0.22567189,4,2
4JPK_HL_A|SA41G,2.151695,0.17896454,4,2
4JPK_HL_A|TA35S,-0.032093357,0.0057691075,4,2
4JPK_HL_A|VA30N,0.59459484,-0.1772003,4,2
"1JRH_LH_I|AI49S,II51T,HI55D",0.070675574,-0.48988956,4,3
"1JRH_LH_I|AI85D,KI88R,EI90K",-0.047747865,0.28974652,4,3
"1JRH_LH_I|AI93L,VI94M",0.63366294,-0.07004267,4,3
1JRH_LH_I|DH56A,1.8860998,2.3736522,4,3
1JRH_LH_I|DH57A,1.6660647,1.1465623,4,3
1JRH_LH_I|DH58A,1.8546488,1.1963307,4,3
1JRH_LH_I|DL28A,0.43464687,1.4021912,4,3
1JRH_LH_I|EI35Q,0.09956847,-0.6842791,4,3
1JRH_LH_I|EI45A,-0.5657849,0.30035555,4,3
1JRH_LH_I|EI45P,-3.7881775,0.07414492,4,3
"1JRH_LH_I|EI45P,II47L",-3.4567804,0.3565343,4,3
"1JRH_LH_I|EI45P,II47R",-3.4400978,1.1227729,4,3
1JRH_LH_I|EL27A,0.5426153,1.1122603,4,3
1JRH_LH_I|FH103A,0.0,-0.25641856,4,3
1JRH_LH_I|GI40A,4.0,1.5138023,4,3
1JRH_LH_I|HH107A,1.6977708,1.2824321,4,3
"1JRH_LH_I|II25N,PI27S,VI29T,VI31I",0.14370596,-0.67274326,4,3
1JRH_LH_I|KI37A,3.713863,1.0042676,4,3
1JRH_LH_I|KI37M,3.2923293,0.09656208,4,3
1JRH_LH_I|KI42A,3.3858175,0.86328965,4,3
1JRH_LH_I|KI42M,4.0,0.2556303,4,3
1JRH_LH_I|KI88A,0.31209365,0.7524714,4,3
"1JRH_LH_I|MI15L,II18V",-0.21360606,0.56165314,4,3
1JRH_LH_I|NI38A,0.1704579,0.33494174,4,3
1JRH_LH_I|NI38Q,0.5344714,-1.5641553,4,3
1JRH_LH_I|NI43A,4.0,0.09743774,4,3
1JRH_LH_I|NI69A,-0.19953421,-0.65194637,4,3
1JRH_LH_I|RH100A,0.5426153,2.0034692,4,3
1JRH_LH_I|RI74A,0.3926171,2.0838602,4,3
1JRH_LH_I|SI44A,0.37771076,3.1551669,4,3
"1JRH_LH_I|SI44G,EI45G,II47R",-3.3777049,1.3391544,4,3
"1JRH_LH_I|SI44G,EI45P,II47K",-3.884419,1.3926861,4,3
"1JRH_LH_I|SI61Y,DI62E,HI63Q,VI64I,GI65M,DI66Y,SI68D,NI69V,LI71A",2.9588323,1.2740804,4,3
1JRH_LH_I|SL93A,-0.65058374,1.0175178,4,3
1JRH_LH_I|TI4V,-0.025565991,0.2929034,4,3
"1JRH_LH_I|TI9L,EI11K",-0.025565991,0.3334042,4,3
1JRH_LH_I|TL94A,0.38526937,0.6939615,4,3
1JRH_LH_I|VI41A,1.6791569,0.5093561,4,3
"1JRH_LH_I|VI73A,RI78K",-0.21360606,-0.8703925,4,3
1JRH_LH_I|WH54A,2.6862645,1.8363578,4,3
1JRH_LH_I|WH55A,2.4213178,1.5994521,4,3
1JRH_LH_I|WI46F,-0.25261214,-0.09285296,4,3
1JRH_LH_I|WI46Y,0.29852974,-0.5104796,4,3
1JRH_LH_I|WI72A,4.0,1.2685893,4,3
1JRH_LH_I|WI72F,1.102707,0.21647622,4,3
1JRH_LH_I|WI72Y,1.1878273,-0.8292418,4,3
1JRH_LH_I|WL92A,2.818407,0.29004046,4,3
1JRH_LH_I|WL95A,1.6660647,1.2027296,4,3
1JRH_LH_I|YH104A,1.0610564,1.038284,4,3
1JRH_LH_I|YH32A,1.4333102,0.94194686,4,3
1JRH_LH_I|YH60A,1.2555921,1.3035326,4,3
1JRH_LH_I|YI39A,3.5271235,2.4198298,4,3
1JRH_LH_I|YI39F,0.9087807,1.699494,4,3
1JRH_LH_I|YL30A,1.1084566,1.2984645,4,3
1JRH_LH_I|YL91A,0.58083415,2.624652,4,3
1KIQ_AB_C|FB101Y,-2.4949589,-1.9010832,4,3
1XGR_AB_C|IB33A,2.260207,2.2728894,4,3
1XGR_AB_C|IB33F,-1.8004549,-1.3849702,4,3
1XGR_AB_C|IB33L,0.061315425,0.19874208,4,3
1XGR_AB_C|IB33V,1.1076277,1.5140935,4,3
2BDN_HL_A|DH31E,1.0852306,0.2798788,4,3
2BDN_HL_A|LH27K,0.8740124,-0.42820334,4,3
2BDN_HL_A|LH27R,0.65058374,-0.6665425,4,3
2BDN_HL_A|NH28D,0.13214268,-0.22238947,4,3
2BDN_HL_A|NH28Q,1.3994616,0.1967003,4,3
2BDN_HL_A|NL31K,3.4897714,0.7224037,4,3
2BDN_HL_A|NL31R,-0.9171868,0.5040186,4,3
2BDN_HL_A|SL53D,-0.1605731,-0.2558431,4,3
2BDN_HL_A|SL53E,-0.85132045,-0.19356418,4,3
2BDN_HL_A|TL56D,-0.4254655,-0.55375946,4,3
2BDN_HL_A|TL56E,-0.6888026,-0.24610502,4,3
2BDN_HL_A|YL30K,0.67475796,0.97755253,4,3
2NYY_DC_A|DA1030A,0.009336901,0.7408037,4,3
2NYY_DC_A|DA1034A,2.5297937,1.4322019,4,3
2NYY_DC_A|DC30Y,0.64113563,-0.6674758,4,3
2NYY_DC_A|EA892A,2.839132,0.7340522,4,3
2NYY_DC_A|ED5Q,-0.2479871,-0.115143545,4,3
2NYY_DC_A|FA889A,0.4193659,1.130738,4,3
2NYY_DC_A|FA925A,4.0,1.4572821,4,3
2NYY_DC_A|HA1036A,4.0,1.139238,4,3
2NYY_DC_A|HC34R,0.10088469,-0.35452026,4,3
2NYY_DC_A|IA928A,-0.009487502,1.0348728,4,3
2NYY_DC_A|KA1028A,-0.028934313,0.35319737,4,3
2NYY_DC_A|KA875A,0.29098648,0.62914157,4,3
2NYY_DC_A|KA895A,-0.14014584,0.7344508,4,3
2NYY_DC_A|KD29R,0.071385965,-0.4511063,4,3
"2NYY_DC_A|KD29S,YD30D,DD31H,SD60P",0.04961051,0.62044543,4,3
2NYY_DC_A|LA891A,2.5892105,0.27726284,4,3
2NYY_DC_A|MD33Q,-0.059869844,0.12901114,4,3
2NYY_DC_A|NA890A,0.89044046,1.2094322,4,3
2NYY_DC_A|NA926A,0.09934822,0.42724204,4,3
2NYY_DC_A|QA887A,0.5208145,0.44589347,4,3
2NYY_DC_A|RA1033A,0.82012254,0.62647814,4,3
2NYY_DC_A|RA1266A,0.2995321,1.1617056,4,3
2NYY_DC_A|SA874A,-0.23032175,0.9287405,4,3
2NYY_DC_A|SA927A,0.0,2.1513944,4,3
2NYY_DC_A|SC28Q,0.4133828,-0.07113279,4,3
2NYY_DC_A|SC31N,-0.35338265,0.020142034,4,3
2NYY_DC_A|TA1035A,1.630871,0.06254057,4,3
2NYY_DC_A|VD36I,-0.21317148,0.18967807,4,3
"2NYY_DC_A|VD36I,ED5Q",-0.0490461,-0.07187255,4,3
2NYY_DC_A|YD30D,0.06462482,0.6106745,4,3
2NYY_DC_A|YD30Q,0.12897444,0.8503782,4,3
2NYY_DC_A|YD56Q,0.5196862,0.15024748,4,3
2NZ9_DC_A|DA1030A,-0.031082604,0.62126255,4,3
2NZ9_DC_A|DA1034A,2.3396032,1.2365538,4,3
2NZ9_DC_A|EA892A,2.77036,0.8931043,4,3
2NZ9_DC_A|FA889A,-0.04961051,1.3160146,4,3
2NZ9_DC_A|FA925A,3.340439,1.3707939,4,3
2NZ9_DC_A|HA1036A,4.0,0.8980275,4,3
2NZ9_DC_A|IA928A,0.069281444,0.89191216,4,3
2NZ9_DC_A|KA1028A,-0.008714417,0.2510809,4,3
2NZ9_DC_A|KA875A,0.5407011,0.6923421,4,3
2NZ9_DC_A|KA895A,-0.29975358,0.6806356,4,3
2NZ9_DC_A|LA891A,2.279965,0.46356517,4,3
2NZ9_DC_A|NA890A,2.1600318,1.0300375,4,3
2NZ9_DC_A|NA926A,-0.15216734,0.41051716,4,3
2NZ9_DC_A|QA887A,0.09926054,0.4062631,4,3
2NZ9_DC_A|RA1033A,0.29088098,0.6828564,4,3
2NZ9_DC_A|RA1266A,0.39015788,0.9527608,4,3
2NZ9_DC_A|SA874A,-0.11948046,0.66790825,4,3
2NZ9_DC_A|SA927A,-0.078544825,2.1028981,4,3
"2NZ9_DC_A|SD29K,DD30Y,HD31D",-0.04961051,-1.1024574,4,3
2NZ9_DC_A|TA1035A,2.3703818,0.14387318,4,3
2VIS_AB_C|IC89T,-4.0,-3.16598,4,3
"3BE1_HL_A|DL28N,PL30A,RL31K,SL32T,TL97S,TL98S",-0.6860794,-0.19750665,4,3
"3BE1_HL_A|DL28N,PL30A,RL31K,SL32T,TL97S,TL98S,KH30S,DH31G,TH54S,NH55E,GH100V,DH102V",-2.7728782,-1.5008825,4,3
"3BE1_HL_A|DL28N,PL30A,RL31K,SL32T,TL97S,TL98S,KH30S,DH31G,TH54S,NH55E,GH100V,DH102V,YL36A",-3.190238,-0.054767355,4,3
"3BE1_HL_A|DL28N,PL30A,RL31K,SL32T,TL97S,TL98S,KH30S,DH31G,TH54S,NH55E,GH100V,DH102V,YL36A,IL33A",-2.7728782,0.06059698,4,3
"3BE1_HL_A|DL28N,PL30A,RL31K,SL32T,YL57F,TL97S,TL98S",-0.8683455,-0.17117226,4,3
"3BE1_HL_A|DL28N,PL30A,RL31K,SL32T,YL57F,TL97S,TL98S,KH30S,DH31G,TH54S,NH55E,GH100V,DH102V",-2.8824897,-1.432993,4,3
3LZF_AB_HL|DA187E,0.49836498,0.4566137,4,3
"3LZF_AB_HL|DA187E,DA222G",0.12738612,0.40881222,4,3
3LZF_AB_HL|DA222G,0.5378587,-0.21990927,4,3
3NGB_HL_G|AH57G,-0.056030333,-0.5457021,4,3
"3NGB_HL_G|AH57G,VH58T,PH63K,VH74T",1.6734211,0.061442345,4,3
"3NGB_HL_G|CH32S,CH102A",0.25899792,0.022459535,4,3
3NGB_HL_G|DH103A,0.05987142,0.14742738,4,3
3NGB_HL_G|EL88A,1.3199503,0.98965865,4,3
3NGB_HL_G|FL89A,0.85886127,0.7423432,4,3
3NGB_HL_G|GH55A,-1.2766591,-0.022265663,4,3
3NGB_HL_G|GH55S,0.74304354,-0.07646881,4,3
3NGB_HL_G|GH56A,1.2656107,0.8188136,4,3
3NGB_HL_G|IH30A,-0.0027431613,0.14850399,4,3
3NGB_HL_G|IH30T,0.0733938,-0.40746954,4,3
"3NGB_HL_G|IH30T,KH52N,RH54N,GH55S,AH57G,VH58T,RH62Q,PH63K,VH74T,YH75S,YL26S",0.86214453,2.2219472,4,3
3NGB_HL_G|KH52A,0.62288266,1.612503,4,3
3NGB_HL_G|KH52N,0.17497002,-0.374103,4,3
3NGB_HL_G|MH70A,0.5305512,0.8654233,4,3
3NGB_HL_G|NH105A,1.1185741,0.67602235,4,3
3NGB_HL_G|NH59A,1.7671243,1.3151509,4,3
3NGB_HL_G|PH63A,-0.04252045,-0.008875318,4,3
3NGB_HL_G|PH63K,0.23252328,0.06023649,4,3
3NGB_HL_G|QH65A,-0.34038836,0.57981193,4,3
3NGB_HL_G|QL25A,-0.23060839,0.77298796,4,3
3NGB_HL_G|RH54A,-0.25938424,0.95092016,4,3
3NGB_HL_G|RH54N,0.04645046,0.40957588,4,3
3NGB_HL_G|RH62A,0.9958448,1.4158452,4,3
3NGB_HL_G|RH62Q,0.09654992,0.34372342,4,3
3NGB_HL_G|RH72A,1.6432176,2.272545,4,3
3NGB_HL_G|SL28A,-0.14471176,0.40794158,4,3
3NGB_HL_G|TH33A,0.7071634,0.97063565,4,3
3NGB_HL_G|TH33Y,0.084193856,-1.4789182,4,3
"3NGB_HL_G|TH33Y,GH56S,AH57G,VH58T,PH63K,VH74T,YH75S",1.9381938,0.12224854,4,3
3NGB_HL_G|VH58A,1.3584284,1.7452561,4,3
3NGB_HL_G|VH58T,0.13787223,-0.1564148,4,3
3NGB_HL_G|VH74A,1.087914,0.25476122,4,3
3NGB_HL_G|VH74T,0.16493925,0.18688975,4,3
3NGB_HL_G|VL1A,-0.7733632,0.18374948,4,3
3NGB_HL_G|WH106A,4.0,0.89372873,4,3
3NGB_HL_G|WH47A,1.2021707,1.0932177,4,3
3NGB_HL_G|WH50A,1.2917941,1.4971696,4,3
3NGB_HL_G|YH104A,1.4235861,1.3137816,4,3
3NGB_HL_G|YH60A,0.5484263,0.5589446,4,3
3NGB_HL_G|YH75A,-0.19932224,0.68694186,4,3
3NGB_HL_G|YH75S,0.3325709,0.65730506,4,3
3NGB_HL_G|YL26A,0.98528093,1.8018202,4,3
3NGB_HL_G|YL26S,0.6512687,1.3503462,4,3
3NGB_HL_G|YL87A,2.0227883,2.7166488,4,3
4JPK_HL_A|DA141R,3.857323,0.9803964,4,3
"4JPK_HL_A|DA159N,DA33N",0.6189681,2.1727045,4,3
4JPK_HL_A|FA144I,1.3875175,1.0382526,4,3
4JPK_HL_A|FA63L,1.1672868,1.1181357,4,3
4JPK_HL_A|RA130K,0.23006605,-0.0837475,4,3
4JPK_HL_A|RA81T,0.75870305,-0.28095034,4,3
4JPK_HL_A|SA41G,2.151695,1.1058289,4,3
4JPK_HL_A|TA35S,-0.032093357,-1.5912104,4,3
4JPK_HL_A|VA30N,0.59459484,0.5880181,4,3
"1JRH_LH_I|AI49S,II51T,HI55D",0.070675574,0.15863337,4,4
"1JRH_LH_I|AI85D,KI88R,EI90K",-0.047747865,0.029397972,4,4
"1JRH_LH_I|AI93L,VI94M",0.63366294,0.28422126,4,4
1JRH_LH_I|DH56A,1.8860998,1.5974883,4,4
1JRH_LH_I|DH57A,1.6660647,1.0685691,4,4
1JRH_LH_I|DH58A,1.8546488,1.7214091,4,4
1JRH_LH_I|DL28A,0.43464687,1.8767048,4,4
1JRH_LH_I|EI35Q,0.09956847,-0.9486165,4,4
1JRH_LH_I|EI45A,-0.5657849,0.29651505,4,4
1JRH_LH_I|EI45P,-3.7881775,0.47441247,4,4
"1JRH_LH_I|EI45P,II47L",-3.4567804,1.291739,4,4
"1JRH_LH_I|EI45P,II47R",-3.4400978,1.0672626,4,4
1JRH_LH_I|EL27A,0.5426153,0.6740884,4,4
1JRH_LH_I|FH103A,0.0,0.12121134,4,4
1JRH_LH_I|GI40A,4.0,0.049842812,4,4
1JRH_LH_I|HH107A,1.6977708,1.3880494,4,4
"1JRH_LH_I|II25N,PI27S,VI29T,VI31I",0.14370596,-0.5687351,4,4
1JRH_LH_I|KI37A,3.713863,0.1984333,4,4
1JRH_LH_I|KI37M,3.2923293,-0.16570781,4,4
1JRH_LH_I|KI42A,3.3858175,0.48216784,4,4
1JRH_LH_I|KI42M,4.0,0.05032049,4,4
1JRH_LH_I|KI88A,0.31209365,0.6334937,4,4
"1JRH_LH_I|MI15L,II18V",-0.21360606,1.5371102,4,4
1JRH_LH_I|NI38A,0.1704579,0.53134567,4,4
1JRH_LH_I|NI38Q,0.5344714,-0.6348341,4,4
1JRH_LH_I|NI43A,4.0,1.8764051,4,4
1JRH_LH_I|NI69A,-0.19953421,0.41061112,4,4
1JRH_LH_I|RH100A,0.5426153,2.0396988,4,4
1JRH_LH_I|RI74A,0.3926171,0.92694986,4,4
1JRH_LH_I|SI44A,0.37771076,0.5017565,4,4
"1JRH_LH_I|SI44G,EI45G,II47R",-3.3777049,1.6462998,4,4
"1JRH_LH_I|SI44G,EI45P,II47K",-3.884419,1.3281213,4,4
"1JRH_LH_I|SI61Y,DI62E,HI63Q,VI64I,GI65M,DI66Y,SI68D,NI69V,LI71A",2.9588323,1.2501029,4,4
1JRH_LH_I|SL93A,-0.65058374,1.0836797,4,4
1JRH_LH_I|TI4V,-0.025565991,-0.26178694,4,4
"1JRH_LH_I|TI9L,EI11K",-0.025565991,1.2570878,4,4
1JRH_LH_I|TL94A,0.38526937,0.7629598,4,4
1JRH_LH_I|VI41A,1.6791569,0.4424049,4,4
"1JRH_LH_I|VI73A,RI78K",-0.21360606,-0.08545813,4,4
1JRH_LH_I|WH54A,2.6862645,1.9003531,4,4
1JRH_LH_I|WH55A,2.4213178,1.2054592,4,4
1JRH_LH_I|WI46F,-0.25261214,0.4733945,4,4
1JRH_LH_I|WI46Y,0.29852974,0.26378554,4,4
1JRH_LH_I|WI72A,4.0,0.7054439,4,4
1JRH_LH_I|WI72F,1.102707,-0.5245531,4,4
1JRH_LH_I|WI72Y,1.1878273,-0.94012517,4,4
1JRH_LH_I|WL92A,2.818407,0.5410088,4,4
1JRH_LH_I|WL95A,1.6660647,0.96233696,4,4
1JRH_LH_I|YH104A,1.0610564,1.7468702,4,4
1JRH_LH_I|YH32A,1.4333102,1.8421078,4,4
1JRH_LH_I|YH60A,1.2555921,1.6443217,4,4
1JRH_LH_I|YI39A,3.5271235,1.8833172,4,4
1JRH_LH_I|YI39F,0.9087807,0.2765313,4,4
1JRH_LH_I|YL30A,1.1084566,1.2162418,4,4
1JRH_LH_I|YL91A,0.58083415,2.489128,4,4
1KIQ_AB_C|FB101Y,-2.4949589,-2.1494167,4,4
1XGR_AB_C|IB33A,2.260207,1.7947603,4,4
1XGR_AB_C|IB33F,-1.8004549,-1.6676768,4,4
1XGR_AB_C|IB33L,0.061315425,-0.07043946,4,4
1XGR_AB_C|IB33V,1.1076277,1.0385827,4,4
2BDN_HL_A|DH31E,1.0852306,0.6315107,4,4
2BDN_HL_A|LH27K,0.8740124,0.020407546,4,4
2BDN_HL_A|LH27R,0.65058374,-0.23198128,4,4
2BDN_HL_A|NH28D,0.13214268,-0.3495308,4,4
2BDN_HL_A|NH28Q,1.3994616,0.41882566,4,4
2BDN_HL_A|NL31K,3.4897714,0.8646844,4,4
2BDN_HL_A|NL31R,-0.9171868,0.33614388,4,4
2BDN_HL_A|SL53D,-0.1605731,0.051319737,4,4
2BDN_HL_A|SL53E,-0.85132045,0.39905098,4,4
2BDN_HL_A|TL56D,-0.4254655,-0.29819962,4,4
2BDN_HL_A|TL56E,-0.6888026,-0.04333011,4,4
2BDN_HL_A|YL30K,0.67475796,1.3722554,4,4
2NYY_DC_A|DA1030A,0.009336901,0.97344095,4,4
2NYY_DC_A|DA1034A,2.5297937,1.687641,4,4
2NYY_DC_A|DC30Y,0.64113563,0.0683404,4,4
2NYY_DC_A|EA892A,2.839132,1.1037418,4,4
2NYY_DC_A|ED5Q,-0.2479871,0.2103294,4,4
2NYY_DC_A|FA889A,0.4193659,0.7319475,4,4
2NYY_DC_A|FA925A,4.0,0.6700778,4,4
2NYY_DC_A|HA1036A,4.0,1.4832293,4,4
2NYY_DC_A|HC34R,0.10088469,-0.2246136,4,4
2NYY_DC_A|IA928A,-0.009487502,1.6321912,4,4
2NYY_DC_A|KA1028A,-0.028934313,0.048187494,4,4
2NYY_DC_A|KA875A,0.29098648,1.3957185,4,4
2NYY_DC_A|KA895A,-0.14014584,0.51523244,4,4
2NYY_DC_A|KD29R,0.071385965,-0.29902434,4,4
"2NYY_DC_A|KD29S,YD30D,DD31H,SD60P",0.04961051,0.25552148,4,4
2NYY_DC_A|LA891A,2.5892105,0.18195333,4,4
2NYY_DC_A|MD33Q,-0.059869844,0.16694815,4,4
2NYY_DC_A|NA890A,0.89044046,0.61242366,4,4
2NYY_DC_A|NA926A,0.09934822,0.6279556,4,4
2NYY_DC_A|QA887A,0.5208145,0.24950235,4,4
2NYY_DC_A|RA1033A,0.82012254,0.96364623,4,4
2NYY_DC_A|RA1266A,0.2995321,1.017891,4,4
2NYY_DC_A|SA874A,-0.23032175,0.4803755,4,4
2NYY_DC_A|SA927A,0.0,1.1692089,4,4
2NYY_DC_A|SC28Q,0.4133828,0.66680247,4,4
2NYY_DC_A|SC31N,-0.35338265,-0.07111493,4,4
2NYY_DC_A|TA1035A,1.630871,0.3780252,4,4
2NYY_DC_A|VD36I,-0.21317148,0.11004336,4,4
"2NYY_DC_A|VD36I,ED5Q",-0.0490461,0.19348101,4,4
2NYY_DC_A|YD30D,0.06462482,0.09637881,4,4
2NYY_DC_A|YD30Q,0.12897444,0.8343939,4,4
2NYY_DC_A|YD56Q,0.5196862,1.0592058,4,4
2NZ9_DC_A|DA1030A,-0.031082604,1.0657718,4,4
2NZ9_DC_A|DA1034A,2.3396032,1.5135112,4,4
2NZ9_DC_A|EA892A,2.77036,1.2943442,4,4
2NZ9_DC_A|FA889A,-0.04961051,0.7441572,4,4
2NZ9_DC_A|FA925A,3.340439,0.76108056,4,4
2NZ9_DC_A|HA1036A,4.0,1.3688543,4,4
2NZ9_DC_A|IA928A,0.069281444,1.5448728,4,4
2NZ9_DC_A|KA1028A,-0.008714417,0.019780185,4,4
2NZ9_DC_A|KA875A,0.5407011,1.4278295,4,4
2NZ9_DC_A|KA895A,-0.29975358,0.44183838,4,4
2NZ9_DC_A|LA891A,2.279965,0.26828164,4,4
2NZ9_DC_A|NA890A,2.1600318,0.4228412,4,4
2NZ9_DC_A|NA926A,-0.15216734,0.55640894,4,4
2NZ9_DC_A|QA887A,0.09926054,0.22037603,4,4
2NZ9_DC_A|RA1033A,0.29088098,0.9358149,4,4
2NZ9_DC_A|RA1266A,0.39015788,0.9062382,4,4
2NZ9_DC_A|SA874A,-0.11948046,0.33113697,4,4
2NZ9_DC_A|SA927A,-0.078544825,1.1944909,4,4
"2NZ9_DC_A|SD29K,DD30Y,HD31D",-0.04961051,-0.0793454,4,4
2NZ9_DC_A|TA1035A,2.3703818,0.44948933,4,4
2VIS_AB_C|IC89T,-4.0,-0.04366262,4,4
"3BE1_HL_A|DL28N,PL30A,RL31K,SL32T,TL97S,TL98S",-0.6860794,1.0151995,4,4
"3BE1_HL_A|DL28N,PL30A,RL31K,SL32T,TL97S,TL98S,KH30S,DH31G,TH54S,NH55E,GH100V,DH102V",-2.7728782,0.9935077,4,4
"3BE1_HL_A|DL28N,PL30A,RL31K,SL32T,TL97S,TL98S,KH30S,DH31G,TH54S,NH55E,GH100V,DH102V,YL36A",-3.190238,1.8784691,4,4
"3BE1_HL_A|DL28N,PL30A,RL31K,SL32T,TL97S,TL98S,KH30S,DH31G,TH54S,NH55E,GH100V,DH102V,YL36A,IL33A",-2.7728782,2.313602,4,4
"3BE1_HL_A|DL28N,PL30A,RL31K,SL32T,YL57F,TL97S,TL98S",-0.8683455,1.3363894,4,4
"3BE1_HL_A|DL28N,PL30A,RL31K,SL32T,YL57F,TL97S,TL98S,KH30S,DH31G,TH54S,NH55E,GH100V,DH102V",-2.8824897,1.2722067,4,4
3LZF_AB_HL|DA187E,0.49836498,0.42665318,4,4
"3LZF_AB_HL|DA187E,DA222G",0.12738612,0.9807863,4,4
3LZF_AB_HL|DA222G,0.5378587,0.28712395,4,4
3NGB_HL_G|AH57G,-0.056030333,-1.8803024,4,4
"3NGB_HL_G|AH57G,VH58T,PH63K,VH74T",1.6734211,-1.6583785,4,4
"3NGB_HL_G|CH32S,CH102A",0.25899792,0.6290612,4,4
3NGB_HL_G|DH103A,0.05987142,0.44636646,4,4
3NGB_HL_G|EL88A,1.3199503,0.7477132,4,4
3NGB_HL_G|FL89A,0.85886127,0.70657563,4,4
3NGB_HL_G|GH55A,-1.2766591,1.2370733,4,4
3NGB_HL_G|GH55S,0.74304354,0.596008,4,4
3NGB_HL_G|GH56A,1.2656107,1.5829569,4,4
3NGB_HL_G|IH30A,-0.0027431613,0.21649544,4,4
3NGB_HL_G|IH30T,0.0733938,-0.7808994,4,4
"3NGB_HL_G|IH30T,KH52N,RH54N,GH55S,AH57G,VH58T,RH62Q,PH63K,VH74T,YH75S,YL26S",0.86214453,0.58246243,4,4
3NGB_HL_G|KH52A,0.62288266,1.2609847,4,4
3NGB_HL_G|KH52N,0.17497002,-0.21535411,4,4
3NGB_HL_G|MH70A,0.5305512,1.0162699,4,4
3NGB_HL_G|NH105A,1.1185741,0.61136305,4,4
3NGB_HL_G|NH59A,1.7671243,1.6421324,4,4
3NGB_HL_G|PH63A,-0.04252045,-0.005830205,4,4
3NGB_HL_G|PH63K,0.23252328,-0.2885378,4,4
3NGB_HL_G|QH65A,-0.34038836,0.4455208,4,4
3NGB_HL_G|QL25A,-0.23060839,0.50491554,4,4
3NGB_HL_G|RH54A,-0.25938424,1.1338168,4,4
3NGB_HL_G|RH54N,0.04645046,0.68471503,4,4
3NGB_HL_G|RH62A,0.9958448,1.0564216,4,4
3NGB_HL_G|RH62Q,0.09654992,0.52697706,4,4
3NGB_HL_G|RH72A,1.6432176,1.2252821,4,4
3NGB_HL_G|SL28A,-0.14471176,1.49804,4,4
3NGB_HL_G|TH33A,0.7071634,1.5782155,4,4
3NGB_HL_G|TH33Y,0.084193856,-0.6307729,4,4
"3NGB_HL_G|TH33Y,GH56S,AH57G,VH58T,PH63K,VH74T,YH75S",1.9381938,-0.8248225,4,4
3NGB_HL_G|VH58A,1.3584284,1.3732933,4,4
3NGB_HL_G|VH58T,0.13787223,-0.6654312,4,4
3NGB_HL_G|VH74A,1.087914,0.52487314,4,4
3NGB_HL_G|VH74T,0.16493925,0.04479779,4,4
3NGB_HL_G|VL1A,-0.7733632,0.16035151,4,4
3NGB_HL_G|WH106A,4.0,1.1398381,4,4
3NGB_HL_G|WH47A,1.2021707,0.48608315,4,4
3NGB_HL_G|WH50A,1.2917941,1.8142754,4,4
3NGB_HL_G|YH104A,1.4235861,1.4374194,4,4
3NGB_HL_G|YH60A,0.5484263,1.1630883,4,4
3NGB_HL_G|YH75A,-0.19932224,0.90359056,4,4
3NGB_HL_G|YH75S,0.3325709,0.12736036,4,4
3NGB_HL_G|YL26A,0.98528093,0.87147707,4,4
3NGB_HL_G|YL26S,0.6512687,0.38525385,4,4
3NGB_HL_G|YL87A,2.0227883,2.0959146,4,4
4JPK_HL_A|DA141R,3.857323,0.578305,4,4
"4JPK_HL_A|DA159N,DA33N",0.6189681,0.57306695,4,4
4JPK_HL_A|FA144I,1.3875175,0.19055045,4,4
4JPK_HL_A|FA63L,1.1672868,1.4445634,4,4
4JPK_HL_A|RA130K,0.23006605,-0.9404922,4,4
4JPK_HL_A|RA81T,0.75870305,-0.08218521,4,4
4JPK_HL_A|SA41G,2.151695,0.9012734,4,4
4JPK_HL_A|TA35S,-0.032093357,-1.1889265,4,4
4JPK_HL_A|VA30N,0.59459484,0.7201036,4,4
"1JRH_LH_I|AI49S,II51T,HI55D",0.070675574,0.013961241,4,5
"1JRH_LH_I|AI85D,KI88R,EI90K",-0.047747865,-0.42955613,4,5
"1JRH_LH_I|AI93L,VI94M",0.63366294,-0.26069868,4,5
1JRH_LH_I|DH56A,1.8860998,0.16384675,4,5
1JRH_LH_I|DH57A,1.6660647,0.19701369,4,5
1JRH_LH_I|DH58A,1.8546488,0.23558204,4,5
1JRH_LH_I|DL28A,0.43464687,0.03360717,4,5
1JRH_LH_I|EI35Q,0.09956847,-0.0883468,4,5
1JRH_LH_I|EI45A,-0.5657849,0.12537448,4,5
1JRH_LH_I|EI45P,-3.7881775,-0.16281188,4,5
"1JRH_LH_I|EI45P,II47L",-3.4567804,-0.0045563616,4,5
"1JRH_LH_I|EI45P,II47R",-3.4400978,0.10950026,4,5
1JRH_LH_I|EL27A,0.5426153,0.2474512,4,5
1JRH_LH_I|FH103A,0.0,0.23171426,4,5
1JRH_LH_I|GI40A,4.0,-0.0820211,4,5
1JRH_LH_I|HH107A,1.6977708,0.043203235,4,5
"1JRH_LH_I|II25N,PI27S,VI29T,VI31I",0.14370596,0.5702538,4,5
1JRH_LH_I|KI37A,3.713863,0.19036286,4,5
1JRH_LH_I|KI37M,3.2923293,-0.001672715,4,5
1JRH_LH_I|KI42A,3.3858175,-0.0004266724,4,5
1JRH_LH_I|KI42M,4.0,-0.12172644,4,5
1JRH_LH_I|KI88A,0.31209365,0.061293773,4,5
"1JRH_LH_I|MI15L,II18V",-0.21360606,0.06252475,4,5
1JRH_LH_I|NI38A,0.1704579,0.008301422,4,5
1JRH_LH_I|NI38Q,0.5344714,-0.12784174,4,5
1JRH_LH_I|NI43A,4.0,-0.16365933,4,5
1JRH_LH_I|NI69A,-0.19953421,-0.14979212,4,5
1JRH_LH_I|RH100A,0.5426153,0.16686937,4,5
1JRH_LH_I|RI74A,0.3926171,-0.002382502,4,5
1JRH_LH_I|SI44A,0.37771076,-0.046864424,4,5
"1JRH_LH_I|SI44G,EI45G,II47R",-3.3777049,0.04666145,4,5
"1JRH_LH_I|SI44G,EI45P,II47K",-3.884419,0.038820863,4,5
"1JRH_LH_I|SI61Y,DI62E,HI63Q,VI64I,GI65M,DI66Y,SI68D,NI69V,LI71A",2.9588323,-0.4108585,4,5
1JRH_LH_I|SL93A,-0.65058374,-0.0044101663,4,5
1JRH_LH_I|TI4V,-0.025565991,0.05182554,4,5
"1JRH_LH_I|TI9L,EI11K",-0.025565991,0.2176051,4,5
1JRH_LH_I|TL94A,0.38526937,-0.1356164,4,5
1JRH_LH_I|VI41A,1.6791569,0.029791564,4,5
"1JRH_LH_I|VI73A,RI78K",-0.21360606,0.27915633,4,5
1JRH_LH_I|WH54A,2.6862645,0.29173076,4,5
1JRH_LH_I|WH55A,2.4213178,0.09876785,4,5
1JRH_LH_I|WI46F,-0.25261214,-0.034658562,4,5
1JRH_LH_I|WI46Y,0.29852974,-0.051090695,4,5
1JRH_LH_I|WI72A,4.0,0.14955282,4,5
1JRH_LH_I|WI72F,1.102707,-0.095920965,4,5
1JRH_LH_I|WI72Y,1.1878273,-0.11802822,4,5
1JRH_LH_I|WL92A,2.818407,0.13231866,4,5
1JRH_LH_I|WL95A,1.6660647,0.30284083,4,5
1JRH_LH_I|YH104A,1.0610564,0.0040198714,4,5
1JRH_LH_I|YH32A,1.4333102,0.26867992,4,5
1JRH_LH_I|YH60A,1.2555921,0.19568093,4,5
1JRH_LH_I|YI39A,3.5271235,0.0854526,4,5
1JRH_LH_I|YI39F,0.9087807,-0.19392483,4,5
1JRH_LH_I|YL30A,1.1084566,0.12965243,4,5
1JRH_LH_I|YL91A,0.58083415,0.30896568,4,5
1KIQ_AB_C|FB101Y,-2.4949589,-0.38079655,4,5
1XGR_AB_C|IB33A,2.260207,0.101946086,4,5
1XGR_AB_C|IB33F,-1.8004549,-0.02798725,4,5
1XGR_AB_C|IB33L,0.061315425,-0.023331285,4,5
1XGR_AB_C|IB33V,1.1076277,-0.048875116,4,5
2BDN_HL_A|DH31E,1.0852306,-0.19876482,4,5
2BDN_HL_A|LH27K,0.8740124,0.10977961,4,5
2BDN_HL_A|LH27R,0.65058374,0.071066365,4,5
2BDN_HL_A|NH28D,0.13214268,-0.16402128,4,5
2BDN_HL_A|NH28Q,1.3994616,-0.06513594,4,5
2BDN_HL_A|NL31K,3.4897714,-0.071253486,4,5
2BDN_HL_A|NL31R,-0.9171868,-0.1355664,4,5
2BDN_HL_A|SL53D,-0.1605731,-0.04982,4,5
2BDN_HL_A|SL53E,-0.85132045,-0.0844657,4,5
2BDN_HL_A|TL56D,-0.4254655,-0.036780566,4,5
2BDN_HL_A|TL56E,-0.6888026,-0.06945807,4,5
2BDN_HL_A|YL30K,0.67475796,0.018224522,4,5
2NYY_DC_A|DA1030A,0.009336901,0.2428471,4,5
2NYY_DC_A|DA1034A,2.5297937,0.15511008,4,5
2NYY_DC_A|DC30Y,0.64113563,-0.25600094,4,5
2NYY_DC_A|EA892A,2.839132,0.054448865,4,5
2NYY_DC_A|ED5Q,-0.2479871,0.21794866,4,5
2NYY_DC_A|FA889A,0.4193659,0.30653727,4,5
2NYY_DC_A|FA925A,4.0,0.15811257,4,5
2NYY_DC_A|HA1036A,4.0,0.012883782,4,5
2NYY_DC_A|HC34R,0.10088469,-0.1897976,4,5
2NYY_DC_A|IA928A,-0.009487502,0.237756,4,5
2NYY_DC_A|KA1028A,-0.028934313,0.08916028,4,5
2NYY_DC_A|KA875A,0.29098648,0.13595806,4,5
2NYY_DC_A|KA895A,-0.14014584,0.16072054,4,5
2NYY_DC_A|KD29R,0.071385965,-0.1787602,4,5
"2NYY_DC_A|KD29S,YD30D,DD31H,SD60P",0.04961051,-0.10817009,4,5
2NYY_DC_A|LA891A,2.5892105,0.05064328,4,5
2NYY_DC_A|MD33Q,-0.059869844,0.031917937,4,5
2NYY_DC_A|NA890A,0.89044046,0.099941716,4,5
2NYY_DC_A|NA926A,0.09934822,0.011541791,4,5
2NYY_DC_A|QA887A,0.5208145,0.304106,4,5
2NYY_DC_A|RA1033A,0.82012254,0.1095919,4,5
2NYY_DC_A|RA1266A,0.2995321,0.16085497,4,5
2NYY_DC_A|SA874A,-0.23032175,0.06264582,4,5
2NYY_DC_A|SA927A,0.0,-0.06126969,4,5
2NYY_DC_A|SC28Q,0.4133828,-0.11678299,4,5
2NYY_DC_A|SC31N,-0.35338265,-0.06664361,4,5
2NYY_DC_A|TA1035A,1.630871,0.02220451,4,5
2NYY_DC_A|VD36I,-0.21317148,-0.1495566,4,5
"2NYY_DC_A|VD36I,ED5Q",-0.0490461,0.0797662,4,5
2NYY_DC_A|YD30D,0.06462482,-0.011179153,4,5
2NYY_DC_A|YD30Q,0.12897444,-0.04006252,4,5
2NYY_DC_A|YD56Q,0.5196862,-0.037239294,4,5
2NZ9_DC_A|DA1030A,-0.031082604,0.23847897,4,5
2NZ9_DC_A|DA1034A,2.3396032,0.13907991,4,5
2NZ9_DC_A|EA892A,2.77036,0.06664714,4,5
2NZ9_DC_A|FA889A,-0.04961051,0.27446312,4,5
2NZ9_DC_A|FA925A,3.340439,0.18233873,4,5
2NZ9_DC_A|HA1036A,4.0,-0.057839043,4,5
2NZ9_DC_A|IA928A,0.069281444,0.22654803,4,5
2NZ9_DC_A|KA1028A,-0.008714417,0.09228559,4,5
2NZ9_DC_A|KA875A,0.5407011,0.1591865,4,5
2NZ9_DC_A|KA895A,-0.29975358,0.14588404,4,5
2NZ9_DC_A|LA891A,2.279965,0.13728099,4,5
2NZ9_DC_A|NA890A,2.1600318,0.06793676,4,5
2NZ9_DC_A|NA926A,-0.15216734,0.0007777959,4,5
2NZ9_DC_A|QA887A,0.09926054,0.30044585,4,5
2NZ9_DC_A|RA1033A,0.29088098,0.12423591,4,5
2NZ9_DC_A|RA1266A,0.39015788,0.12018937,4,5
2NZ9_DC_A|SA874A,-0.11948046,0.07625702,4,5
2NZ9_DC_A|SA927A,-0.078544825,-0.074836425,4,5
"2NZ9_DC_A|SD29K,DD30Y,HD31D",-0.04961051,0.007987209,4,5
2NZ9_DC_A|TA1035A,2.3703818,-0.0039052442,4,5
2VIS_AB_C|IC89T,-4.0,0.04106237,4,5
"3BE1_HL_A|DL28N,PL30A,RL31K,SL32T,TL97S,TL98S",-0.6860794,-0.04261484,4,5
"3BE1_HL_A|DL28N,PL30A,RL31K,SL32T,TL97S,TL98S,KH30S,DH31G,TH54S,NH55E,GH100V,DH102V",-2.7728782,-0.24223162,4,5
"3BE1_HL_A|DL28N,PL30A,RL31K,SL32T,TL97S,TL98S,KH30S,DH31G,TH54S,NH55E,GH100V,DH102V,YL36A",-3.190238,0.09229879,4,5
"3BE1_HL_A|DL28N,PL30A,RL31K,SL32T,TL97S,TL98S,KH30S,DH31G,TH54S,NH55E,GH100V,DH102V,YL36A,IL33A",-2.7728782,0.23000015,4,5
"3BE1_HL_A|DL28N,PL30A,RL31K,SL32T,YL57F,TL97S,TL98S",-0.8683455,0.09027149,4,5
"3BE1_HL_A|DL28N,PL30A,RL31K,SL32T,YL57F,TL97S,TL98S,KH30S,DH31G,TH54S,NH55E,GH100V,DH102V",-2.8824897,-0.20106962,4,5
3LZF_AB_HL|DA187E,0.49836498,-0.037266903,4,5
"3LZF_AB_HL|DA187E,DA222G",0.12738612,0.06167163,4,5
3LZF_AB_HL|DA222G,0.5378587,0.15968537,4,5
3NGB_HL_G|AH57G,-0.056030333,-0.3036689,4,5
"3NGB_HL_G|AH57G,VH58T,PH63K,VH74T",1.6734211,-0.18261835,4,5
"3NGB_HL_G|CH32S,CH102A",0.25899792,0.026716858,4,5
3NGB_HL_G|DH103A,0.05987142,0.024278797,4,5
3NGB_HL_G|EL88A,1.3199503,0.101563245,4,5
3NGB_HL_G|FL89A,0.85886127,0.19642316,4,5
3NGB_HL_G|GH55A,-1.2766591,-0.24242416,4,5
3NGB_HL_G|GH55S,0.74304354,-0.27648485,4,5
3NGB_HL_G|GH56A,1.2656107,-0.13215557,4,5
3NGB_HL_G|IH30A,-0.0027431613,0.033133954,4,5
3NGB_HL_G|IH30T,0.0733938,-0.12925884,4,5
"3NGB_HL_G|IH30T,KH52N,RH54N,GH55S,AH57G,VH58T,RH62Q,PH63K,VH74T,YH75S,YL26S",0.86214453,-0.066708624,4,5
3NGB_HL_G|KH52A,0.62288266,-0.011024766,4,5
3NGB_HL_G|KH52N,0.17497002,-0.15816192,4,5
3NGB_HL_G|MH70A,0.5305512,0.33353603,4,5
3NGB_HL_G|NH105A,1.1185741,-0.1130658,4,5
3NGB_HL_G|NH59A,1.7671243,0.18692192,4,5
3NGB_HL_G|PH63A,-0.04252045,0.011076316,4,5
3NGB_HL_G|PH63K,0.23252328,0.059232272,4,5
3NGB_HL_G|QH65A,-0.34038836,0.04527702,4,5
3NGB_HL_G|QL25A,-0.23060839,0.07883215,4,5
3NGB_HL_G|RH54A,-0.25938424,0.22777148,4,5
3NGB_HL_G|RH54N,0.04645046,0.12715511,4,5
3NGB_HL_G|RH62A,0.9958448,-0.01189661,4,5
3NGB_HL_G|RH62Q,0.09654992,-0.12245728,4,5
3NGB_HL_G|RH72A,1.6432176,-0.0366631,4,5
3NGB_HL_G|SL28A,-0.14471176,-0.01970791,4,5
3NGB_HL_G|TH33A,0.7071634,0.059423313,4,5
3NGB_HL_G|TH33Y,0.084193856,-0.076026216,4,5
"3NGB_HL_G|TH33Y,GH56S,AH57G,VH58T,PH63K,VH74T,YH75S",1.9381938,-0.22827958,4,5
3NGB_HL_G|VH58A,1.3584284,0.094371274,4,5
3NGB_HL_G|VH58T,0.13787223,-0.094425544,4,5
3NGB_HL_G|VH74A,1.087914,0.14971535,4,5
3NGB_HL_G|VH74T,0.16493925,-0.0111993775,4,5
3NGB_HL_G|VL1A,-0.7733632,-0.17822236,4,5
3NGB_HL_G|WH106A,4.0,0.04601644,4,5
3NGB_HL_G|WH47A,1.2021707,0.20909767,4,5
3NGB_HL_G|WH50A,1.2917941,0.13216303,4,5
3NGB_HL_G|YH104A,1.4235861,0.18995143,4,5
3NGB_HL_G|YH60A,0.5484263,0.38958365,4,5
3NGB_HL_G|YH75A,-0.19932224,0.10879047,4,5
3NGB_HL_G|YH75S,0.3325709,-0.036319815,4,5
3NGB_HL_G|YL26A,0.98528093,0.13711447,4,5
3NGB_HL_G|YL26S,0.6512687,0.0691649,4,5
3NGB_HL_G|YL87A,2.0227883,0.13594623,4,5
4JPK_HL_A|DA141R,3.857323,0.010901913,4,5
"4JPK_HL_A|DA159N,DA33N",0.6189681,-0.0010202304,4,5
4JPK_HL_A|FA144I,1.3875175,-0.15967998,4,5
4JPK_HL_A|FA63L,1.1672868,0.1778616,4,5
4JPK_HL_A|RA130K,0.23006605,0.18145424,4,5
4JPK_HL_A|RA81T,0.75870305,-0.23324922,4,5
4JPK_HL_A|SA41G,2.151695,-0.08741343,4,5
4JPK_HL_A|TA35S,-0.032093357,-0.02812088,4,5
4JPK_HL_A|VA30N,0.59459484,0.060169443,4,5
"1JRH_LH_I|AI49S,II51T,HI55D",0.070675574,-0.025164738,4,6
"1JRH_LH_I|AI85D,KI88R,EI90K",-0.047747865,-0.24656661,4,6
"1JRH_LH_I|AI93L,VI94M",0.63366294,-0.049311183,4,6
1JRH_LH_I|DH56A,1.8860998,1.406196,4,6
1JRH_LH_I|DH57A,1.6660647,1.2025747,4,6
1JRH_LH_I|DH58A,1.8546488,1.1763237,4,6
1JRH_LH_I|DL28A,0.43464687,1.241584,4,6
1JRH_LH_I|EI35Q,0.09956847,-0.17060715,4,6
1JRH_LH_I|EI45A,-0.5657849,0.56966084,4,6
1JRH_LH_I|EI45P,-3.7881775,0.793476,4,6
"1JRH_LH_I|EI45P,II47L",-3.4567804,0.97949314,4,6
"1JRH_LH_I|EI45P,II47R",-3.4400978,0.9892555,4,6
1JRH_LH_I|EL27A,0.5426153,0.92503065,4,6
1JRH_LH_I|FH103A,0.0,-0.33908427,4,6
1JRH_LH_I|GI40A,4.0,0.93677324,4,6
1JRH_LH_I|HH107A,1.6977708,0.2925495,4,6
"1JRH_LH_I|II25N,PI27S,VI29T,VI31I",0.14370596,-0.23900922,4,6
1JRH_LH_I|KI37A,3.713863,0.06100802,4,6
1JRH_LH_I|KI37M,3.2923293,0.11645401,4,6
1JRH_LH_I|KI42A,3.3858175,0.89155644,4,6
1JRH_LH_I|KI42M,4.0,-0.35602742,4,6
1JRH_LH_I|KI88A,0.31209365,0.22055285,4,6
"1JRH_LH_I|MI15L,II18V",-0.21360606,0.4862064,4,6
1JRH_LH_I|NI38A,0.1704579,-0.5851603,4,6
1JRH_LH_I|NI38Q,0.5344714,-0.9641202,4,6
1JRH_LH_I|NI43A,4.0,0.32533765,4,6
1JRH_LH_I|NI69A,-0.19953421,0.16970745,4,6
1JRH_LH_I|RH100A,0.5426153,1.710408,4,6
1JRH_LH_I|RI74A,0.3926171,0.76054,4,6
1JRH_LH_I|SI44A,0.37771076,0.58945996,4,6
"1JRH_LH_I|SI44G,EI45G,II47R",-3.3777049,0.64662045,4,6
"1JRH_LH_I|SI44G,EI45P,II47K",-3.884419,0.77333975,4,6
"1JRH_LH_I|SI61Y,DI62E,HI63Q,VI64I,GI65M,DI66Y,SI68D,NI69V,LI71A",2.9588323,0.18033956,4,6
1JRH_LH_I|SL93A,-0.65058374,-0.089623496,4,6
1JRH_LH_I|TI4V,-0.025565991,0.36337242,4,6
"1JRH_LH_I|TI9L,EI11K",-0.025565991,0.5784499,4,6
1JRH_LH_I|TL94A,0.38526937,0.5050393,4,6
1JRH_LH_I|VI41A,1.6791569,0.30476874,4,6
"1JRH_LH_I|VI73A,RI78K",-0.21360606,-0.25426105,4,6
1JRH_LH_I|WH54A,2.6862645,1.8922046,4,6
1JRH_LH_I|WH55A,2.4213178,0.66589075,4,6
1JRH_LH_I|WI46F,-0.25261214,0.012578718,4,6
1JRH_LH_I|WI46Y,0.29852974,-0.004748807,4,6
1JRH_LH_I|WI72A,4.0,0.67067367,4,6
1JRH_LH_I|WI72F,1.102707,-0.20033053,4,6
1JRH_LH_I|WI72Y,1.1878273,-0.7356195,4,6
1JRH_LH_I|WL92A,2.818407,0.587205,4,6
1JRH_LH_I|WL95A,1.6660647,0.60474,4,6
1JRH_LH_I|YH104A,1.0610564,1.2591228,4,6
1JRH_LH_I|YH32A,1.4333102,1.2559575,4,6
1JRH_LH_I|YH60A,1.2555921,1.3280194,4,6
1JRH_LH_I|YI39A,3.5271235,1.288256,4,6
1JRH_LH_I|YI39F,0.9087807,0.6238361,4,6
1JRH_LH_I|YL30A,1.1084566,1.4343376,4,6
1JRH_LH_I|YL91A,0.58083415,3.2720807,4,6
1KIQ_AB_C|FB101Y,-2.4949589,-1.8189884,4,6
1XGR_AB_C|IB33A,2.260207,1.7556645,4,6
1XGR_AB_C|IB33F,-1.8004549,-1.7414188,4,6
1XGR_AB_C|IB33L,0.061315425,-0.015748486,4,6
1XGR_AB_C|IB33V,1.1076277,0.87636405,4,6
2BDN_HL_A|DH31E,1.0852306,0.3490905,4,6
2BDN_HL_A|LH27K,0.8740124,-0.83195144,4,6
2BDN_HL_A|LH27R,0.65058374,-1.0105926,4,6
2BDN_HL_A|NH28D,0.13214268,-0.5117864,4,6
2BDN_HL_A|NH28Q,1.3994616,0.24562518,4,6
2BDN_HL_A|NL31K,3.4897714,0.59650844,4,6
2BDN_HL_A|NL31R,-0.9171868,0.5120563,4,6
2BDN_HL_A|SL53D,-0.1605731,-0.5067706,4,6
2BDN_HL_A|SL53E,-0.85132045,-0.078665294,4,6
2BDN_HL_A|TL56D,-0.4254655,0.24469896,4,6
2BDN_HL_A|TL56E,-0.6888026,0.27894685,4,6
2BDN_HL_A|YL30K,0.67475796,0.7484867,4,6
2NYY_DC_A|DA1030A,0.009336901,1.0520569,4,6
2NYY_DC_A|DA1034A,2.5297937,1.0450333,4,6
2NYY_DC_A|DC30Y,0.64113563,-0.21948114,4,6
2NYY_DC_A|EA892A,2.839132,1.0025761,4,6
2NYY_DC_A|ED5Q,-0.2479871,-0.22984669,4,6
2NYY_DC_A|FA889A,0.4193659,0.28724945,4,6
2NYY_DC_A|FA925A,4.0,0.84726137,4,6
2NYY_DC_A|HA1036A,4.0,2.154225,4,6
2NYY_DC_A|HC34R,0.10088469,-0.48998153,4,6
2NYY_DC_A|IA928A,-0.009487502,2.780295,4,6
2NYY_DC_A|KA1028A,-0.028934313,0.7546223,4,6
2NYY_DC_A|KA875A,0.29098648,0.5061198,4,6
2NYY_DC_A|KA895A,-0.14014584,-1.1104795,4,6
2NYY_DC_A|KD29R,0.071385965,-0.13159032,4,6
"2NYY_DC_A|KD29S,YD30D,DD31H,SD60P",0.04961051,0.90026706,4,6
2NYY_DC_A|LA891A,2.5892105,0.8533961,4,6
2NYY_DC_A|MD33Q,-0.059869844,-0.19074203,4,6
2NYY_DC_A|NA890A,0.89044046,0.49339855,4,6
2NYY_DC_A|NA926A,0.09934822,-0.19793119,4,6
2NYY_DC_A|QA887A,0.5208145,1.1511493,4,6
2NYY_DC_A|RA1033A,0.82012254,0.94377655,4,6
2NYY_DC_A|RA1266A,0.2995321,1.0232108,4,6
2NYY_DC_A|SA874A,-0.23032175,0.4355871,4,6
2NYY_DC_A|SA927A,0.0,0.79993206,4,6
2NYY_DC_A|SC28Q,0.4133828,0.5852895,4,6
2NYY_DC_A|SC31N,-0.35338265,0.32184583,4,6
2NYY_DC_A|TA1035A,1.630871,0.5669473,4,6
2NYY_DC_A|VD36I,-0.21317148,-0.21533225,4,6
"2NYY_DC_A|VD36I,ED5Q",-0.0490461,-0.36461383,4,6
2NYY_DC_A|YD30D,0.06462482,0.75640756,4,6
2NYY_DC_A|YD30Q,0.12897444,0.92110515,4,6
2NYY_DC_A|YD56Q,0.5196862,0.5687572,4,6
2NZ9_DC_A|DA1030A,-0.031082604,1.0872113,4,6
2NZ9_DC_A|DA1034A,2.3396032,0.9344294,4,6
2NZ9_DC_A|EA892A,2.77036,1.2721661,4,6
2NZ9_DC_A|FA889A,-0.04961051,0.26021856,4,6
2NZ9_DC_A|FA925A,3.340439,0.8954666,4,6
2NZ9_DC_A|HA1036A,4.0,1.9550852,4,6
2NZ9_DC_A|IA928A,0.069281444,2.6741865,4,6
2NZ9_DC_A|KA1028A,-0.008714417,0.7269638,4,6
2NZ9_DC_A|KA875A,0.5407011,0.7399131,4,6
2NZ9_DC_A|KA895A,-0.29975358,-0.96046644,4,6
2NZ9_DC_A|LA891A,2.279965,0.94877064,4,6
2NZ9_DC_A|NA890A,2.1600318,0.3886089,4,6
2NZ9_DC_A|NA926A,-0.15216734,-0.26824638,4,6
2NZ9_DC_A|QA887A,0.09926054,1.089547,4,6
2NZ9_DC_A|RA1033A,0.29088098,0.8691733,4,6
2NZ9_DC_A|RA1266A,0.39015788,0.8567098,4,6
2NZ9_DC_A|SA874A,-0.11948046,0.12630999,4,6
2NZ9_DC_A|SA927A,-0.078544825,0.9389493,4,6
"2NZ9_DC_A|SD29K,DD30Y,HD31D",-0.04961051,-0.8906414,4,6
2NZ9_DC_A|TA1035A,2.3703818,0.753272,4,6
2VIS_AB_C|IC89T,-4.0,0.80049306,4,6
"3BE1_HL_A|DL28N,PL30A,RL31K,SL32T,TL97S,TL98S",-0.6860794,-1.136967,4,6
"3BE1_HL_A|DL28N,PL30A,RL31K,SL32T,TL97S,TL98S,KH30S,DH31G,TH54S,NH55E,GH100V,DH102V",-2.7728782,-2.3472238,4,6
"3BE1_HL_A|DL28N,PL30A,RL31K,SL32T,TL97S,TL98S,KH30S,DH31G,TH54S,NH55E,GH100V,DH102V,YL36A",-3.190238,-1.1029637,4,6
"3BE1_HL_A|DL28N,PL30A,RL31K,SL32T,TL97S,TL98S,KH30S,DH31G,TH54S,NH55E,GH100V,DH102V,YL36A,IL33A",-2.7728782,-1.177529,4,6
"3BE1_HL_A|DL28N,PL30A,RL31K,SL32T,YL57F,TL97S,TL98S",-0.8683455,-0.7371483,4,6
"3BE1_HL_A|DL28N,PL30A,RL31K,SL32T,YL57F,TL97S,TL98S,KH30S,DH31G,TH54S,NH55E,GH100V,DH102V",-2.8824897,-2.11203,4,6
3LZF_AB_HL|DA187E,0.49836498,0.20391862,4,6
"3LZF_AB_HL|DA187E,DA222G",0.12738612,0.5271174,4,6
3LZF_AB_HL|DA222G,0.5378587,0.24971385,4,6
3NGB_HL_G|AH57G,-0.056030333,-0.879381,4,6
"3NGB_HL_G|AH57G,VH58T,PH63K,VH74T",1.6734211,-1.2793951,4,6
"3NGB_HL_G|CH32S,CH102A",0.25899792,-0.3697993,4,6
3NGB_HL_G|DH103A,0.05987142,0.13228457,4,6
3NGB_HL_G|EL88A,1.3199503,0.5154748,4,6
3NGB_HL_G|FL89A,0.85886127,0.24675368,4,6
3NGB_HL_G|GH55A,-1.2766591,0.297906,4,6
3NGB_HL_G|GH55S,0.74304354,0.4075849,4,6
3NGB_HL_G|GH56A,1.2656107,0.6357772,4,6
3NGB_HL_G|IH30A,-0.0027431613,-0.92618513,4,6
3NGB_HL_G|IH30T,0.0733938,-1.4129426,4,6
"3NGB_HL_G|IH30T,KH52N,RH54N,GH55S,AH57G,VH58T,RH62Q,PH63K,VH74T,YH75S,YL26S",0.86214453,0.9868595,4,6
3NGB_HL_G|KH52A,0.62288266,1.395591,4,6
3NGB_HL_G|KH52N,0.17497002,0.5009229,4,6
3NGB_HL_G|MH70A,0.5305512,0.25651973,4,6
3NGB_HL_G|NH105A,1.1185741,-0.21903911,4,6
3NGB_HL_G|NH59A,1.7671243,1.3056703,4,6
3NGB_HL_G|PH63A,-0.04252045,-0.54724634,4,6
3NGB_HL_G|PH63K,0.23252328,-0.63571316,4,6
3NGB_HL_G|QH65A,-0.34038836,0.5291692,4,6
3NGB_HL_G|QL25A,-0.23060839,0.49091628,4,6
3NGB_HL_G|RH54A,-0.25938424,0.769126,4,6
3NGB_HL_G|RH54N,0.04645046,0.75109535,4,6
3NGB_HL_G|RH62A,0.9958448,1.0854864,4,6
3NGB_HL_G|RH62Q,0.09654992,0.5655338,4,6
3NGB_HL_G|RH72A,1.6432176,2.0231764,4,6
3NGB_HL_G|SL28A,-0.14471176,0.7219881,4,6
3NGB_HL_G|TH33A,0.7071634,1.7737739,4,6
3NGB_HL_G|TH33Y,0.084193856,-1.6206313,4,6
"3NGB_HL_G|TH33Y,GH56S,AH57G,VH58T,PH63K,VH74T,YH75S",1.9381938,-1.5019712,4,6
3NGB_HL_G|VH58A,1.3584284,1.4523327,4,6
3NGB_HL_G|VH58T,0.13787223,-0.3180525,4,6
3NGB_HL_G|VH74A,1.087914,-0.42203656,4,6
3NGB_HL_G|VH74T,0.16493925,-0.673126,4,6
3NGB_HL_G|VL1A,-0.7733632,-0.5933911,4,6
3NGB_HL_G|WH106A,4.0,0.77654165,4,6
3NGB_HL_G|WH47A,1.2021707,0.79068804,4,6
3NGB_HL_G|WH50A,1.2917941,1.4988385,4,6
3NGB_HL_G|YH104A,1.4235861,0.71808046,4,6
3NGB_HL_G|YH60A,0.5484263,0.93231,4,6
3NGB_HL_G|YH75A,-0.19932224,0.08528108,4,6
3NGB_HL_G|YH75S,0.3325709,0.32127976,4,6
3NGB_HL_G|YL26A,0.98528093,1.4741036,4,6
3NGB_HL_G|YL26S,0.6512687,1.0592456,4,6
3NGB_HL_G|YL87A,2.0227883,1.6455724,4,6
4JPK_HL_A|DA141R,3.857323,0.0011876146,4,6
"4JPK_HL_A|DA159N,DA33N",0.6189681,1.5885278,4,6
4JPK_HL_A|FA144I,1.3875175,0.4770683,4,6
4JPK_HL_A|FA63L,1.1672868,0.18458652,4,6
4JPK_HL_A|RA130K,0.23006605,-0.0726376,4,6
4JPK_HL_A|RA81T,0.75870305,0.5191208,4,6
4JPK_HL_A|SA41G,2.151695,0.8719114,4,6
4JPK_HL_A|TA35S,-0.032093357,-2.3588808,4,6
4JPK_HL_A|VA30N,0.59459484,0.7837151,4,6
"1JRH_LH_I|AI49S,II51T,HI55D",0.070675574,-0.30191937,4,7
"1JRH_LH_I|AI85D,KI88R,EI90K",-0.047747865,-0.4274481,4,7
"1JRH_LH_I|AI93L,VI94M",0.63366294,-0.053954832,4,7
1JRH_LH_I|DH56A,1.8860998,1.5872934,4,7
1JRH_LH_I|DH57A,1.6660647,0.89522755,4,7
1JRH_LH_I|DH58A,1.8546488,1.5272763,4,7
1JRH_LH_I|DL28A,0.43464687,1.099635,4,7
1JRH_LH_I|EI35Q,0.09956847,-0.48973247,4,7
1JRH_LH_I|EI45A,-0.5657849,0.5378622,4,7
1JRH_LH_I|EI45P,-3.7881775,-0.33233604,4,7
"1JRH_LH_I|EI45P,II47L",-3.4567804,0.016131632,4,7
"1JRH_LH_I|EI45P,II47R",-3.4400978,-0.484067,4,7
1JRH_LH_I|EL27A,0.5426153,1.1982788,4,7
1JRH_LH_I|FH103A,0.0,0.19728997,4,7
1JRH_LH_I|GI40A,4.0,1.4364657,4,7
1JRH_LH_I|HH107A,1.6977708,1.3025255,4,7
"1JRH_LH_I|II25N,PI27S,VI29T,VI31I",0.14370596,-1.004346,4,7
1JRH_LH_I|KI37A,3.713863,1.010991,4,7
1JRH_LH_I|KI37M,3.2923293,1.5005764,4,7
1JRH_LH_I|KI42A,3.3858175,1.2932762,4,7
1JRH_LH_I|KI42M,4.0,0.92159283,4,7
1JRH_LH_I|KI88A,0.31209365,0.3273065,4,7
"1JRH_LH_I|MI15L,II18V",-0.21360606,0.16301093,4,7
1JRH_LH_I|NI38A,0.1704579,0.49289498,4,7
1JRH_LH_I|NI38Q,0.5344714,-1.5458214,4,7
1JRH_LH_I|NI43A,4.0,0.61142504,4,7
1JRH_LH_I|NI69A,-0.19953421,0.642112,4,7
1JRH_LH_I|RH100A,0.5426153,1.9550314,4,7
1JRH_LH_I|RI74A,0.3926171,2.0652668,4,7
1JRH_LH_I|SI44A,0.37771076,1.1047701,4,7
"1JRH_LH_I|SI44G,EI45G,II47R",-3.3777049,0.9224642,4,7
"1JRH_LH_I|SI44G,EI45P,II47K",-3.884419,0.66221064,4,7
"1JRH_LH_I|SI61Y,DI62E,HI63Q,VI64I,GI65M,DI66Y,SI68D,NI69V,LI71A",2.9588323,1.0340546,4,7
1JRH_LH_I|SL93A,-0.65058374,1.6260964,4,7
1JRH_LH_I|TI4V,-0.025565991,0.43925112,4,7
"1JRH_LH_I|TI9L,EI11K",-0.025565991,0.5871764,4,7
1JRH_LH_I|TL94A,0.38526937,0.055799354,4,7
1JRH_LH_I|VI41A,1.6791569,0.64895076,4,7
"1JRH_LH_I|VI73A,RI78K",-0.21360606,0.4348438,4,7
1JRH_LH_I|WH54A,2.6862645,1.8541756,4,7
1JRH_LH_I|WH55A,2.4213178,0.88363487,4,7
1JRH_LH_I|WI46F,-0.25261214,0.2742885,4,7
1JRH_LH_I|WI46Y,0.29852974,0.3305121,4,7
1JRH_LH_I|WI72A,4.0,1.3582999,4,7
1JRH_LH_I|WI72F,1.102707,0.4679415,4,7
1JRH_LH_I|WI72Y,1.1878273,0.07384522,4,7
1JRH_LH_I|WL92A,2.818407,0.8573802,4,7
1JRH_LH_I|WL95A,1.6660647,0.9367992,4,7
1JRH_LH_I|YH104A,1.0610564,0.5873813,4,7
1JRH_LH_I|YH32A,1.4333102,0.18635187,4,7
1JRH_LH_I|YH60A,1.2555921,1.80096,4,7
1JRH_LH_I|YI39A,3.5271235,1.9641138,4,7
1JRH_LH_I|YI39F,0.9087807,0.16452688,4,7
1JRH_LH_I|YL30A,1.1084566,1.546888,4,7
1JRH_LH_I|YL91A,0.58083415,2.9245586,4,7
1KIQ_AB_C|FB101Y,-2.4949589,-1.8333278,4,7
1XGR_AB_C|IB33A,2.260207,2.800038,4,7
1XGR_AB_C|IB33F,-1.8004549,-1.3438113,4,7
1XGR_AB_C|IB33L,0.061315425,0.49182266,4,7
1XGR_AB_C|IB33V,1.1076277,1.4854906,4,7
2BDN_HL_A|DH31E,1.0852306,0.03214475,4,7
2BDN_HL_A|LH27K,0.8740124,-0.35882628,4,7
2BDN_HL_A|LH27R,0.65058374,-0.66423523,4,7
2BDN_HL_A|NH28D,0.13214268,-0.31852224,4,7
2BDN_HL_A|NH28Q,1.3994616,0.3900183,4,7
2BDN_HL_A|NL31K,3.4897714,1.1208963,4,7
2BDN_HL_A|NL31R,-0.9171868,0.8872388,4,7
2BDN_HL_A|SL53D,-0.1605731,-0.09632511,4,7
2BDN_HL_A|SL53E,-0.85132045,0.4751406,4,7
2BDN_HL_A|TL56D,-0.4254655,-0.34986523,4,7
2BDN_HL_A|TL56E,-0.6888026,-0.23322952,4,7
2BDN_HL_A|YL30K,0.67475796,1.2070683,4,7
2NYY_DC_A|DA1030A,0.009336901,2.2091763,4,7
2NYY_DC_A|DA1034A,2.5297937,1.5968803,4,7
2NYY_DC_A|DC30Y,0.64113563,-0.010734919,4,7
2NYY_DC_A|EA892A,2.839132,1.4856343,4,7
2NYY_DC_A|ED5Q,-0.2479871,0.28606224,4,7
2NYY_DC_A|FA889A,0.4193659,1.15219,4,7
2NYY_DC_A|FA925A,4.0,1.5484189,4,7
2NYY_DC_A|HA1036A,4.0,2.036304,4,7
2NYY_DC_A|HC34R,0.10088469,0.17010155,4,7
2NYY_DC_A|IA928A,-0.009487502,1.0140582,4,7
2NYY_DC_A|KA1028A,-0.028934313,1.801611,4,7
2NYY_DC_A|KA875A,0.29098648,0.6486037,4,7
2NYY_DC_A|KA895A,-0.14014584,0.8463457,4,7
2NYY_DC_A|KD29R,0.071385965,-0.18640897,4,7
"2NYY_DC_A|KD29S,YD30D,DD31H,SD60P",0.04961051,-0.28914273,4,7
2NYY_DC_A|LA891A,2.5892105,0.32305002,4,7
2NYY_DC_A|MD33Q,-0.059869844,0.33127278,4,7
2NYY_DC_A|NA890A,0.89044046,0.009823691,4,7
2NYY_DC_A|NA926A,0.09934822,0.27241617,4,7
2NYY_DC_A|QA887A,0.5208145,2.207897,4,7
2NYY_DC_A|RA1033A,0.82012254,1.8319428,4,7
2NYY_DC_A|RA1266A,0.2995321,1.8708441,4,7
2NYY_DC_A|SA874A,-0.23032175,1.6058301,4,7
2NYY_DC_A|SA927A,0.0,1.7531376,4,7
2NYY_DC_A|SC28Q,0.4133828,0.043479986,4,7
2NYY_DC_A|SC31N,-0.35338265,-0.5315643,4,7
2NYY_DC_A|TA1035A,1.630871,1.3066878,4,7
2NYY_DC_A|VD36I,-0.21317148,0.152277,4,7
"2NYY_DC_A|VD36I,ED5Q",-0.0490461,0.23240763,4,7
2NYY_DC_A|YD30D,0.06462482,0.4599128,4,7
2NYY_DC_A|YD30Q,0.12897444,0.9299781,4,7
2NYY_DC_A|YD56Q,0.5196862,0.8682356,4,7
2NZ9_DC_A|DA1030A,-0.031082604,2.4581456,4,7
2NZ9_DC_A|DA1034A,2.3396032,1.5511234,4,7
2NZ9_DC_A|EA892A,2.77036,1.8032073,4,7
2NZ9_DC_A|FA889A,-0.04961051,1.1724437,4,7
2NZ9_DC_A|FA925A,3.340439,1.5484604,4,7
2NZ9_DC_A|HA1036A,4.0,1.7866386,4,7
2NZ9_DC_A|IA928A,0.069281444,1.0330087,4,7
2NZ9_DC_A|KA1028A,-0.008714417,1.698261,4,7
2NZ9_DC_A|KA875A,0.5407011,0.6443065,4,7
2NZ9_DC_A|KA895A,-0.29975358,1.1507638,4,7
2NZ9_DC_A|LA891A,2.279965,0.4864008,4,7
2NZ9_DC_A|NA890A,2.1600318,-0.085080065,4,7
2NZ9_DC_A|NA926A,-0.15216734,0.2242549,4,7
2NZ9_DC_A|QA887A,0.09926054,2.072271,4,7
2NZ9_DC_A|RA1033A,0.29088098,1.4178194,4,7
2NZ9_DC_A|RA1266A,0.39015788,1.6419812,4,7
2NZ9_DC_A|SA874A,-0.11948046,1.1504754,4,7
2NZ9_DC_A|SA927A,-0.078544825,1.8834287,4,7
"2NZ9_DC_A|SD29K,DD30Y,HD31D",-0.04961051,0.07085821,4,7
2NZ9_DC_A|TA1035A,2.3703818,1.3121979,4,7
2VIS_AB_C|IC89T,-4.0,-3.286262,4,7
"3BE1_HL_A|DL28N,PL30A,RL31K,SL32T,TL97S,TL98S",-0.6860794,-0.19555819,4,7
"3BE1_HL_A|DL28N,PL30A,RL31K,SL32T,TL97S,TL98S,KH30S,DH31G,TH54S,NH55E,GH100V,DH102V",-2.7728782,-1.5186529,4,7
"3BE1_HL_A|DL28N,PL30A,RL31K,SL32T,TL97S,TL98S,KH30S,DH31G,TH54S,NH55E,GH100V,DH102V,YL36A",-3.190238,-0.71398586,4,7
"3BE1_HL_A|DL28N,PL30A,RL31K,SL32T,TL97S,TL98S,KH30S,DH31G,TH54S,NH55E,GH100V,DH102V,YL36A,IL33A",-2.7728782,-0.074656494,4,7
"3BE1_HL_A|DL28N,PL30A,RL31K,SL32T,YL57F,TL97S,TL98S",-0.8683455,-0.28011587,4,7
"3BE1_HL_A|DL28N,PL30A,RL31K,SL32T,YL57F,TL97S,TL98S,KH30S,DH31G,TH54S,NH55E,GH100V,DH102V",-2.8824897,-1.6696831,4,7
3LZF_AB_HL|DA187E,0.49836498,0.2798814,4,7
"3LZF_AB_HL|DA187E,DA222G",0.12738612,0.7075623,4,7
3LZF_AB_HL|DA222G,0.5378587,0.26203686,4,7
3NGB_HL_G|AH57G,-0.056030333,-0.62721026,4,7
"3NGB_HL_G|AH57G,VH58T,PH63K,VH74T",1.6734211,-0.9720729,4,7
"3NGB_HL_G|CH32S,CH102A",0.25899792,0.19289148,4,7
3NGB_HL_G|DH103A,0.05987142,-0.4294949,4,7
3NGB_HL_G|EL88A,1.3199503,1.0872365,4,7
3NGB_HL_G|FL89A,0.85886127,0.62311876,4,7
3NGB_HL_G|GH55A,-1.2766591,0.6752664,4,7
3NGB_HL_G|GH55S,0.74304354,0.51692134,4,7
3NGB_HL_G|GH56A,1.2656107,0.6742973,4,7
3NGB_HL_G|IH30A,-0.0027431613,0.38224003,4,7
3NGB_HL_G|IH30T,0.0733938,-0.3264427,4,7
"3NGB_HL_G|IH30T,KH52N,RH54N,GH55S,AH57G,VH58T,RH62Q,PH63K,VH74T,YH75S,YL26S",0.86214453,0.9139437,4,7
3NGB_HL_G|KH52A,0.62288266,1.5704019,4,7
3NGB_HL_G|KH52N,0.17497002,-0.53148544,4,7
3NGB_HL_G|MH70A,0.5305512,1.5105654,4,7
3NGB_HL_G|NH105A,1.1185741,0.4588895,4,7
3NGB_HL_G|NH59A,1.7671243,1.4980304,4,7
3NGB_HL_G|PH63A,-0.04252045,0.08443525,4,7
3NGB_HL_G|PH63K,0.23252328,-0.078279994,4,7
3NGB_HL_G|QH65A,-0.34038836,1.0827515,4,7
3NGB_HL_G|QL25A,-0.23060839,1.0576015,4,7
3NGB_HL_G|RH54A,-0.25938424,0.5757886,4,7
3NGB_HL_G|RH54N,0.04645046,-0.097725235,4,7
3NGB_HL_G|RH62A,0.9958448,0.6388241,4,7
3NGB_HL_G|RH62Q,0.09654992,0.06630703,4,7
3NGB_HL_G|RH72A,1.6432176,2.6547303,4,7
3NGB_HL_G|SL28A,-0.14471176,0.35591838,4,7
3NGB_HL_G|TH33A,0.7071634,1.530112,4,7
3NGB_HL_G|TH33Y,0.084193856,-0.47362176,4,7
"3NGB_HL_G|TH33Y,GH56S,AH57G,VH58T,PH63K,VH74T,YH75S",1.9381938,0.06850307,4,7
3NGB_HL_G|VH58A,1.3584284,1.0912157,4,7
3NGB_HL_G|VH58T,0.13787223,-0.7099591,4,7
3NGB_HL_G|VH74A,1.087914,0.19663855,4,7
3NGB_HL_G|VH74T,0.16493925,-0.5169072,4,7
3NGB_HL_G|VL1A,-0.7733632,-0.26239964,4,7
3NGB_HL_G|WH106A,4.0,1.378554,4,7
3NGB_HL_G|WH47A,1.2021707,1.0391095,4,7
3NGB_HL_G|WH50A,1.2917941,1.2182795,4,7
3NGB_HL_G|YH104A,1.4235861,0.668134,4,7
3NGB_HL_G|YH60A,0.5484263,0.7846311,4,7
3NGB_HL_G|YH75A,-0.19932224,-0.121739246,4,7
3NGB_HL_G|YH75S,0.3325709,-0.18732423,4,7
3NGB_HL_G|YL26A,0.98528093,0.7027919,4,7
3NGB_HL_G|YL26S,0.6512687,0.40821138,4,7
3NGB_HL_G|YL87A,2.0227883,0.6267591,4,7
4JPK_HL_A|DA141R,3.857323,-0.4115986,4,7
"4JPK_HL_A|DA159N,DA33N",0.6189681,1.3046743,4,7
4JPK_HL_A|FA144I,1.3875175,1.3583091,4,7
4JPK_HL_A|FA63L,1.1672868,0.6072207,4,7
4JPK_HL_A|RA130K,0.23006605,0.5835759,4,7
4JPK_HL_A|RA81T,0.75870305,0.33374682,4,7
4JPK_HL_A|SA41G,2.151695,0.99337405,4,7
4JPK_HL_A|TA35S,-0.032093357,-0.25896892,4,7
4JPK_HL_A|VA30N,0.59459484,0.41838843,4,7
