row_id,ddg_true,ddg_pred,fold,seed
1AHW_AB_C|DC167A,-0.4845926,0.53588504,0,0
"1AHW_AB_C|KC138A,DC139A",1.1814722,0.8477561,0,0
"1AHW_AB_C|KC154A,KC155A",-1.329712,0.72300196,0,0
1AHW_AB_C|LC165A,0.9869364,0.5328787,0,0
1AHW_AB_C|NC188A,1.0782224,0.5082843,0,0
"1AHW_AB_C|TC110A,KC111A",0.6388569,0.38866046,0,0
1AHW_AB_C|TC156A,-0.07411996,0.15943177,0,0
1AHW_AB_C|TC159A,1.105771,0.30548128,0,0
1AHW_AB_C|TC186A,1.345882,0.25610036,0,0
1AHW_AB_C|VC187A,-0.31423107,0.51855886,0,0
1AHW_AB_C|YC146A,-1.8890098,0.6062438,0,0
1BJ1_HL_VW|HH101Y,-1.5835956,-0.31619275,0,0
"1BJ1_HL_VW|HH101Y,YH103I,GH104A,SH105K",-0.43125325,0.3430633,0,0
"1BJ1_HL_VW|HH101Y,YH103R,GH104N,SH105T",-0.7626503,0.10832898,0,0
"1BJ1_HL_VW|HH101Y,YH103R,SH105T",-1.173123,0.12115292,0,0
1BJ1_HL_VW|HH107A,0.78965265,0.3732262,0,0
"1BJ1_HL_VW|LH72I,TH74K",0.076517485,0.26398057,0,0
"1BJ1_HL_VW|LH72V,TH74V",0.6706598,0.278426,0,0
"1BJ1_HL_VW|ML4L,TH28D,NH31H,HH101Y,SH105T",-1.52138,-0.36794704,0,0
1BJ1_HL_VW|NH31H,-0.7626503,0.034639783,0,0
1BJ1_HL_VW|SH105T,-0.39039657,-0.042625673,0,0
1BJ1_HL_VW|TH28D,-0.22003505,0.08505266,0,0
"1BJ1_HL_VW|TH28D,NH31H",-0.6929008,-0.05701848,0,0
"1BJ1_HL_VW|TH28D,NH31H,YH54W,HH101Y,SH105T",-1.2034981,-0.25295216,0,0
1BJ1_HL_VW|TH59A,0.85066694,0.51902497,0,0
1BJ1_HL_VW|YH27A,2.2425284,1.0697566,0,0
1BJ1_HL_VW|YH54A,1.3276595,1.4137198,0,0
1BJ1_HL_VW|YH54W,-0.13726985,0.3098031,0,0
1BJ1_HL_VW|YH99A,4.0,0.8170631,0,0
1DQJ_AB_C|DB32A,2.0134337,0.45228305,0,0
"1DQJ_AB_C|DB32A,KC97A",1.1223834,0.51617265,0,0
1DQJ_AB_C|DC101A,1.3765504,0.8730139,0,0
1DQJ_AB_C|KC96A,4.0,0.38321486,0,0
1DQJ_AB_C|KC97A,3.5197058,0.14477456,0,0
1DQJ_AB_C|LC75A,1.452407,1.0573931,0,0
1DQJ_AB_C|NA31A,2.0134337,0.70923775,0,0
1DQJ_AB_C|NA32A,4.0,1.1621151,0,0
"1DQJ_AB_C|NA32A,KC96A",4.0,1.4182644,0,0
1DQJ_AB_C|NC93A,0.64987326,0.41708976,0,0
1DQJ_AB_C|RC21A,1.2137709,0.6264176,0,0
1DQJ_AB_C|SA91A,1.4318883,0.060601257,0,0
"1DQJ_AB_C|SA91A,RC21A",3.1707318,0.5500961,0,0
"1DQJ_AB_C|SA91A,YC20A",3.573092,0.9055036,0,0
1DQJ_AB_C|SC100A,0.7755829,0.14211485,0,0
1DQJ_AB_C|TC89A,0.84084374,0.28968245,0,0
1DQJ_AB_C|WB98A,4.0,0.853454,0,0
"1DQJ_AB_C|WB98A,KC97A",4.0,0.7233338,0,0
"1DQJ_AB_C|WB98A,SC100A",4.0,0.7857129,0,0
"1DQJ_AB_C|WB98A,YC20A",4.0,1.4786928,0,0
1DQJ_AB_C|WC62A,0.7580786,0.66383594,0,0
1DQJ_AB_C|WC63A,1.3462692,1.1616417,0,0
1DQJ_AB_C|YA50A,2.678299,0.73880726,0,0
1DQJ_AB_C|YA96A,1.135051,0.61837417,0,0
"1DQJ_AB_C|YA96A,RC21A",3.4851997,0.98482364,0,0
"1DQJ_AB_C|YA96A,SC100A",0.91344726,0.6557166,0,0
1DQJ_AB_C|YB33A,4.0,0.6261869,0,0
1DQJ_AB_C|YB50A,4.0,1.0526125,0,0
1DQJ_AB_C|YB53A,1.1802781,0.84932667,0,0
"1DQJ_AB_C|YB53A,DC101A",2.727121,1.7565637,0,0
"1DQJ_AB_C|YB53A,LC75A",1.2168618,1.8293356,0,0
"1DQJ_AB_C|YB53A,WC62A",1.286308,1.3754619,0,0
"1DQJ_AB_C|YB53A,WC63A",2.1992323,1.7436017,0,0
1DQJ_AB_C|YC20A,3.2857084,0.9355604,0,0
1XGT_AB_C|LB33A,2.1988916,0.3004274,0,0
1XGT_AB_C|LB33F,-1.8617703,-0.3694143,0,0
1XGT_AB_C|LB33I,-0.061315425,-0.33118218,0,0
1XGT_AB_C|LB33V,1.0463123,-0.17034154,0,0
"3BDY_HL_V|DL28N,PL30A,RL31K,SL32T,TL97S,TL98S",-0.9690793,0.53038305,0,0
"3BDY_HL_V|DL28N,PL30A,RL31K,SL32T,TL97S,TL98S,KH31S,DH32G,TH55S,NH56E,GH101V,DH103V",-2.7154896,0.07872787,0,0
"3BDY_HL_V|DL28N,PL30A,RL31K,SL32T,TL97S,TL98S,KH31S,DH32G,TH55S,NH56E,GH101V,DH103V,RH51A,RH60A",-2.7728782,0.32157382,0,0
"3BDY_HL_V|DL28N,PL30A,RL31K,SL32T,YL57F,TL97S,TL98S",-0.97316396,0.54993516,0,0
"3BDY_HL_V|DL28N,PL30A,RL31K,SL32T,YL57F,TL97S,TL98S,KH31S,DH32G,TH55S,NH56E,GH101V,DH103V",-2.727121,0.04115857,0,0
3HFM_HL_Y|DH32A,1.8982269,0.3912703,0,0
"3HFM_HL_Y|DH32A,KY97A",4.0,0.49875897,0,0
"3HFM_HL_Y|DH32A,KY97M",1.1234494,0.38334277,0,0
3HFM_HL_Y|DH32N,0.17036153,0.09911956,0,0
"3HFM_HL_Y|DH32N,KY97A",4.0,0.2765599,0,0
"3HFM_HL_Y|DH32N,KY97M",0.3025042,0.15706791,0,0
3HFM_HL_Y|DY101A,1.2081919,0.71272665,0,0
3HFM_HL_Y|DY101E,2.132881,0.3391072,0,0
3HFM_HL_Y|DY101F,2.3282614,0.5636101,0,0
3HFM_HL_Y|DY101G,0.35884774,0.19021398,0,0
3HFM_HL_Y|DY101K,2.1245396,0.8465032,0,0
3HFM_HL_Y|DY101N,1.4911126,0.3046135,0,0
3HFM_HL_Y|DY101Q,2.0851746,0.51637864,0,0
3HFM_HL_Y|DY101R,2.2798727,0.6181345,0,0
3HFM_HL_Y|DY101S,1.8694,0.38542134,0,0
3HFM_HL_Y|GY102V,0.395285,0.9978052,0,0
3HFM_HL_Y|HY15A,-0.4453172,0.49258405,0,0
3HFM_HL_Y|IY98A,0.0,0.7894967,0,0
3HFM_HL_Y|KY96A,4.0,0.5208403,0,0
3HFM_HL_Y|KY96M,4.0,0.2645616,0,0
3HFM_HL_Y|KY96R,4.0,-0.025255984,0,0
3HFM_HL_Y|KY97A,4.0,0.338364,0,0
3HFM_HL_Y|KY97D,4.0,-0.17697427,0,0
3HFM_HL_Y|KY97E,3.6045077,-0.3482792,0,0
3HFM_HL_Y|KY97G,4.0,-0.15554921,0,0
3HFM_HL_Y|KY97M,0.9469717,0.20428814,0,0
3HFM_HL_Y|KY97R,3.0528512,-0.09229986,0,0
3HFM_HL_Y|LY75A,0.70445603,0.73120517,0,0
3HFM_HL_Y|NL31A,4.0,0.5408368,0,0
"3HFM_HL_Y|NL31A,KY96A",4.0,0.71753716,0,0
3HFM_HL_Y|NL31D,1.3434845,0.2696627,0,0
3HFM_HL_Y|NL31E,4.0,0.2349107,0,0
3HFM_HL_Y|NL32A,4.0,0.730358,0,0
3HFM_HL_Y|NY19D,0.41047263,0.23522803,0,0
3HFM_HL_Y|NY19K,0.2401111,0.46510056,0,0
3HFM_HL_Y|NY19Q,-0.042485796,0.38383064,0,0
3HFM_HL_Y|NY93A,0.21121821,0.5004407,0,0
3HFM_HL_Y|QL53A,0.9530879,0.52926326,0,0
3HFM_HL_Y|RY21A,0.8618019,0.7435557,0,0
3HFM_HL_Y|RY21E,2.4534352,0.35048267,0,0
3HFM_HL_Y|RY21G,2.4220753,0.1992805,0,0
3HFM_HL_Y|RY21H,2.1693182,0.51372063,0,0
3HFM_HL_Y|RY21K,1.766342,0.51675564,0,0
3HFM_HL_Y|RY21M,2.0498905,0.56496,0,0
3HFM_HL_Y|RY21N,2.3282614,0.5619208,0,0
3HFM_HL_Y|RY21Q,2.3975346,0.28364822,0,0
3HFM_HL_Y|RY21W,2.132881,0.3631661,0,0
3HFM_HL_Y|RY73A,-0.3313971,0.49572945,0,0
3HFM_HL_Y|SH31A,0.17036153,0.14149468,0,0
3HFM_HL_Y|SY100A,0.26765963,0.32522264,0,0
3HFM_HL_Y|TY89A,0.0,0.3537393,0,0
3HFM_HL_Y|WH98A,4.0,0.45684135,0,0
"3HFM_HL_Y|WH98A,KY96A",4.0,0.6329956,0,0
3HFM_HL_Y|WH98F,3.245562,0.21946909,0,0
"3HFM_HL_Y|WH98F,YY20A",4.0,0.766531,0,0
3HFM_HL_Y|WY63A,0.31918663,1.0778291,0,0
3HFM_HL_Y|YH33A,4.0,0.43070063,0,0
"3HFM_HL_Y|YH33A,KY97A",4.0,0.37172738,0,0
3HFM_HL_Y|YH33F,1.0712212,0.23207694,0,0
3HFM_HL_Y|YH33L,2.0069382,0.25802144,0,0
3HFM_HL_Y|YH33W,1.7495645,0.17176372,0,0
3HFM_HL_Y|YH50A,4.0,0.6004862,0,0
"3HFM_HL_Y|YH50A,RY21A",4.0,0.93913066,0,0
3HFM_HL_Y|YH50F,1.6099914,0.14766663,0,0
3HFM_HL_Y|YH50L,2.8488367,0.25398105,0,0
3HFM_HL_Y|YH53A,3.25038,0.4539158,0,0
3HFM_HL_Y|YH53F,0.62049925,0.25498006,0,0
3HFM_HL_Y|YH53L,0.8068894,0.3159237,0,0
3HFM_HL_Y|YH53W,0.7061819,0.22019552,0,0
3HFM_HL_Y|YH58A,1.6760437,0.6624108,0,0
3HFM_HL_Y|YH58F,0.36312544,0.22604854,0,0
3HFM_HL_Y|YH58L,1.5136731,0.38289717,0,0
3HFM_HL_Y|YL50A,4.0,0.38160545,0,0
"3HFM_HL_Y|YL50A,KY96A",4.0,0.5615385,0,0
"3HFM_HL_Y|YL50A,KY97A",4.0,0.40271956,0,0
"3HFM_HL_Y|YL50A,RY21A",4.0,0.7526105,0,0
3HFM_HL_Y|YL50F,2.3548672,0.20115206,0,0
"3HFM_HL_Y|YL50F,RY21A",4.0,0.5033012,0,0
"3HFM_HL_Y|YL50F,YY20A",4.0,0.73195755,0,0
3HFM_HL_Y|YL50L,4.0,0.2919241,0,0
3HFM_HL_Y|YL96A,2.707045,0.55988973,0,0
"3HFM_HL_Y|YL96A,RY21A",4.0,0.8965178,0,0
3HFM_HL_Y|YL96F,1.4017794,0.22688112,0,0
"3HFM_HL_Y|YL96F,RY21A",4.0,0.6026234,0,0
3HFM_HL_Y|YY20A,4.0,1.0128274,0,0
3HFM_HL_Y|YY20F,-0.4839681,0.36519042,0,0
3HFM_HL_Y|YY20L,2.1845057,0.65668416,0,0
3SE9_HL_G|DH77A,-0.7664817,0.5775183,0,0
3SE9_HL_G|EL90A,0.41735974,0.60967463,0,0
3SE9_HL_G|FL91A,0.023615688,0.48180488,0,0
3SE9_HL_G|GH106A,-0.3075798,0.36732998,0,0
3SE9_HL_G|GH107A,-0.6151596,0.14639853,0,0
3SE9_HL_G|GH109A,0.18514356,0.35436782,0,0
3SE9_HL_G|GH57A,0.4524448,0.5252659,0,0
3SE9_HL_G|GH62A,0.04634,0.5792007,0,0
3SE9_HL_G|GL29A,0.46369976,0.21072976,0,0
3SE9_HL_G|LH34A,0.56599987,0.39792633,0,0
3SE9_HL_G|LL89A,0.964243,1.1615224,0,0
3SE9_HL_G|NH60A,1.5217615,1.0985862,0,0
3SE9_HL_G|PH64A,-0.4419396,0.22675343,0,0
3SE9_HL_G|RH67A,1.4695449,0.32662287,0,0
3SE9_HL_G|RH74A,2.6792572,-0.01784472,0,0
3SE9_HL_G|RH76A,-0.2322162,0.26072976,0,0
3SE9_HL_G|TH105A,-0.4419396,-0.007883387,0,0
3SE9_HL_G|TH56A,-0.85929936,0.23375718,0,0
3SE9_HL_G|VH55A,-0.85929936,0.15754862,0,0
3SE9_HL_G|VH59A,0.9833596,0.49729407,0,0
3SE9_HL_G|VL3A,-0.49433115,0.30813575,0,0
3SE9_HL_G|WH48A,1.0584464,0.9983692,0,0
3SE9_HL_G|WH51A,1.275695,1.1263382,0,0
3SE9_HL_G|YH104A,0.46369976,0.31034437,0,0
3SE9_HL_G|YL28A,1.1177194,0.37787873,0,0
4U6H_AB_E|NE21A,-0.3480795,0.5557471,0,0
4U6H_AB_E|QE25A,0.11883454,0.35338616,0,0
4ZS6_HL_A|EA156A,3.0386665,0.54695946,0,0
4ZS6_HL_A|YA160A,-0.11025046,0.6280134,0,0
1AHW_AB_C|DC167A,-0.4845926,0.19002162,0,1
"1AHW_AB_C|KC138A,DC139A",1.1814722,0.4688316,0,1
"1AHW_AB_C|KC154A,KC155A",-1.329712,0.320216,0,1
1AHW_AB_C|LC165A,0.9869364,0.25613463,0,1
1AHW_AB_C|NC188A,1.0782224,0.42839488,0,1
"1AHW_AB_C|TC110A,KC111A",0.6388569,0.15356313,0,1
1AHW_AB_C|TC156A,-0.07411996,0.14443041,0,1
1AHW_AB_C|TC159A,1.105771,0.2880231,0,1
1AHW_AB_C|TC186A,1.345882,0.30523416,0,1
1AHW_AB_C|VC187A,-0.31423107,0.3323855,0,1
1AHW_AB_C|YC146A,-1.8890098,0.60789526,0,1
1BJ1_HL_VW|HH101Y,-1.5835956,-0.19236822,0,1
"1BJ1_HL_VW|HH101Y,YH103I,GH104A,SH105K",-0.43125325,0.2845128,0,1
"1BJ1_HL_VW|HH101Y,YH103R,GH104N,SH105T",-0.7626503,0.14140035,0,1
"1BJ1_HL_VW|HH101Y,YH103R,SH105T",-1.173123,0.1645834,0,1
1BJ1_HL_VW|HH107A,0.78965265,0.41148728,0,1
"1BJ1_HL_VW|LH72I,TH74K",0.076517485,0.21781169,0,1
"1BJ1_HL_VW|LH72V,TH74V",0.6706598,0.2087865,0,1
"1BJ1_HL_VW|ML4L,TH28D,NH31H,HH101Y,SH105T",-1.52138,-0.44224283,0,1
1BJ1_HL_VW|NH31H,-0.7626503,0.06465864,0,1
1BJ1_HL_VW|SH105T,-0.39039657,-0.0053837597,0,1
1BJ1_HL_VW|TH28D,-0.22003505,-0.0041105486,0,1
"1BJ1_HL_VW|TH28D,NH31H",-0.6929008,-0.026989128,0,1
"1BJ1_HL_VW|TH28D,NH31H,YH54W,HH101Y,SH105T",-1.2034981,-0.31008452,0,1
1BJ1_HL_VW|TH59A,0.85066694,0.4626733,0,1
1BJ1_HL_VW|YH27A,2.2425284,0.99699134,0,1
1BJ1_HL_VW|YH54A,1.3276595,1.3405203,0,1
1BJ1_HL_VW|YH54W,-0.13726985,0.3582561,0,1
1BJ1_HL_VW|YH99A,4.0,0.73654854,0,1
1DQJ_AB_C|DB32A,2.0134337,0.67675525,0,1
"1DQJ_AB_C|DB32A,KC97A",1.1223834,0.83377373,0,1
1DQJ_AB_C|DC101A,1.3765504,0.8926386,0,1
1DQJ_AB_C|KC96A,4.0,0.6594006,0,1
1DQJ_AB_C|KC97A,3.5197058,0.28234807,0,1
1DQJ_AB_C|LC75A,1.452407,1.1713486,0,1
1DQJ_AB_C|NA31A,2.0134337,0.44425043,0,1
1DQJ_AB_C|NA32A,4.0,1.0994728,0,1
"1DQJ_AB_C|NA32A,KC96A",4.0,1.5630699,0,1
1DQJ_AB_C|NC93A,0.64987326,0.46319228,0,1
1DQJ_AB_C|RC21A,1.2137709,0.69606644,0,1
1DQJ_AB_C|SA91A,1.4318883,0.24702354,0,1
"1DQJ_AB_C|SA91A,RC21A",3.1707318,0.68268305,0,1
"1DQJ_AB_C|SA91A,YC20A",3.573092,1.1416931,0,1
1DQJ_AB_C|SC100A,0.7755829,0.57964474,0,1
1DQJ_AB_C|TC89A,0.84084374,0.5603988,0,1
1DQJ_AB_C|WB98A,4.0,0.6346698,0,1
"1DQJ_AB_C|WB98A,KC97A",4.0,0.8652856,0,1
"1DQJ_AB_C|WB98A,SC100A",4.0,1.0630293,0,1
"1DQJ_AB_C|WB98A,YC20A",4.0,1.5986917,0,1
1DQJ_AB_C|WC62A,0.7580786,0.8471467,0,1
1DQJ_AB_C|WC63A,1.3462692,1.584207,0,1
1DQJ_AB_C|YA50A,2.678299,0.69556993,0,1
1DQJ_AB_C|YA96A,1.135051,0.6400991,0,1
"1DQJ_AB_C|YA96A,RC21A",3.4851997,1.2231127,0,1
"1DQJ_AB_C|YA96A,SC100A",0.91344726,1.1473625,0,1
1DQJ_AB_C|YB33A,4.0,0.5285795,0,1
1DQJ_AB_C|YB50A,4.0,0.75273216,0,1
1DQJ_AB_C|YB53A,1.1802781,0.89134425,0,1
"1DQJ_AB_C|YB53A,DC101A",2.727121,1.8841952,0,1
"1DQJ_AB_C|YB53A,LC75A",1.2168618,2.0661354,0,1
"1DQJ_AB_C|YB53A,WC62A",1.286308,1.7527726,0,1
"1DQJ_AB_C|YB53A,WC63A",2.1992323,2.2522826,0,1
1DQJ_AB_C|YC20A,3.2857084,1.0681648,0,1
1XGT_AB_C|LB33A,2.1988916,0.27124226,0,1
1XGT_AB_C|LB33F,-1.8617703,-0.18157053,0,1
1XGT_AB_C|LB33I,-0.061315425,-0.0861249,0,1
1XGT_AB_C|LB33V,1.0463123,0.0364335,0,1
"3BDY_HL_V|DL28N,PL30A,RL31K,SL32T,TL97S,TL98S",-0.9690793,0.3240241,0,1
"3BDY_HL_V|DL28N,PL30A,RL31K,SL32T,TL97S,TL98S,KH31S,DH32G,TH55S,NH56E,GH101V,DH103V",-2.7154896,-0.20906848,0,1
"3BDY_HL_V|DL28N,PL30A,RL31K,SL32T,TL97S,TL98S,KH31S,DH32G,TH55S,NH56E,GH101V,DH103V,RH51A,RH60A",-2.7728782,0.013117414,0,1
"3BDY_HL_V|DL28N,PL30A,RL31K,SL32T,YL57F,TL97S,TL98S",-0.97316396,0.36640698,0,1
"3BDY_HL_V|DL28N,PL30A,RL31K,SL32T,YL57F,TL97S,TL98S,KH31S,DH32G,TH55S,NH56E,GH101V,DH103V",-2.727121,-0.15998122,0,1
3HFM_HL_Y|DH32A,1.8982269,0.37688988,0,1
"3HFM_HL_Y|DH32A,KY97A",4.0,0.3614733,0,1
"3HFM_HL_Y|DH32A,KY97M",1.1234494,0.1268118,0,1
3HFM_HL_Y|DH32N,0.17036153,0.26115173,0,1
"3HFM_HL_Y|DH32N,KY97A",4.0,0.27325982,0,1
"3HFM_HL_Y|DH32N,KY97M",0.3025042,0.045518663,0,1
3HFM_HL_Y|DY101A,1.2081919,0.63676196,0,1
3HFM_HL_Y|DY101E,2.132881,0.17230496,0,1
3HFM_HL_Y|DY101F,2.3282614,0.28087327,0,1
3HFM_HL_Y|DY101G,0.35884774,0.17964588,0,1
3HFM_HL_Y|DY101K,2.1245396,0.8637245,0,1
3HFM_HL_Y|DY101N,1.4911126,0.16318004,0,1
3HFM_HL_Y|DY101Q,2.0851746,0.32267523,0,1
3HFM_HL_Y|DY101R,2.2798727,0.64293283,0,1
3HFM_HL_Y|DY101S,1.8694,0.24205996,0,1
3HFM_HL_Y|GY102V,0.395285,0.6245122,0,1
3HFM_HL_Y|HY15A,-0.4453172,0.2966062,0,1
3HFM_HL_Y|IY98A,0.0,0.60361725,0,1
3HFM_HL_Y|KY96A,4.0,0.48590124,0,1
3HFM_HL_Y|KY96M,4.0,0.012799002,0,1
3HFM_HL_Y|KY96R,4.0,-0.013021164,0,1
3HFM_HL_Y|KY97A,4.0,0.24483044,0,1
3HFM_HL_Y|KY97D,4.0,0.06832574,0,1
3HFM_HL_Y|KY97E,3.6045077,-0.047279626,0,1
3HFM_HL_Y|KY97G,4.0,-0.18842568,0,1
3HFM_HL_Y|KY97M,0.9469717,-0.15672164,0,1
3HFM_HL_Y|KY97R,3.0528512,-0.13886231,0,1
3HFM_HL_Y|LY75A,0.70445603,0.73509276,0,1
3HFM_HL_Y|NL31A,4.0,0.16913055,0,1
"3HFM_HL_Y|NL31A,KY96A",4.0,0.2552394,0,1
3HFM_HL_Y|NL31D,1.3434845,0.15067732,0,1
3HFM_HL_Y|NL31E,4.0,0.07374279,0,1
3HFM_HL_Y|NL32A,4.0,0.44384035,0,1
3HFM_HL_Y|NY19D,0.41047263,0.18677656,0,1
3HFM_HL_Y|NY19K,0.2401111,0.33597258,0,1
3HFM_HL_Y|NY19Q,-0.042485796,0.35877138,0,1
3HFM_HL_Y|NY93A,0.21121821,0.40868354,0,1
3HFM_HL_Y|QL53A,0.9530879,0.2373267,0,1
3HFM_HL_Y|RY21A,0.8618019,0.6770361,0,1
3HFM_HL_Y|RY21E,2.4534352,0.41514844,0,1
3HFM_HL_Y|RY21G,2.4220753,0.20696245,0,1
3HFM_HL_Y|RY21H,2.1693182,0.30991393,0,1
3HFM_HL_Y|RY21K,1.766342,0.45736712,0,1
3HFM_HL_Y|RY21M,2.0498905,0.24184932,0,1
3HFM_HL_Y|RY21N,2.3282614,0.26871485,0,1
3HFM_HL_Y|RY21Q,2.3975346,0.10427362,0,1
3HFM_HL_Y|RY21W,2.132881,-0.055616453,0,1
3HFM_HL_Y|RY73A,-0.3313971,0.43019748,0,1
3HFM_HL_Y|SH31A,0.17036153,0.34191966,0,1
3HFM_HL_Y|SY100A,0.26765963,0.48714834,0,1
3HFM_HL_Y|TY89A,0.0,0.46662432,0,1
3HFM_HL_Y|WH98A,4.0,0.28855744,0,1
"3HFM_HL_Y|WH98A,KY96A",4.0,0.38799864,0,1
3HFM_HL_Y|WH98F,3.245562,0.1490448,0,1
"3HFM_HL_Y|WH98F,YY20A",4.0,0.4860797,0,1
3HFM_HL_Y|WY63A,0.31918663,1.2361302,0,1
3HFM_HL_Y|YH33A,4.0,0.22307341,0,1
"3HFM_HL_Y|YH33A,KY97A",4.0,0.26935428,0,1
3HFM_HL_Y|YH33F,1.0712212,0.14088167,0,1
3HFM_HL_Y|YH33L,2.0069382,-0.0054279044,0,1
3HFM_HL_Y|YH33W,1.7495645,-0.04591071,0,1
3HFM_HL_Y|YH50A,4.0,0.30811185,0,1
"3HFM_HL_Y|YH50A,RY21A",4.0,0.6679463,0,1
3HFM_HL_Y|YH50F,1.6099914,0.25790733,0,1
3HFM_HL_Y|YH50L,2.8488367,0.11672665,0,1
3HFM_HL_Y|YH53A,3.25038,0.39505208,0,1
3HFM_HL_Y|YH53F,0.62049925,0.3014175,0,1
3HFM_HL_Y|YH53L,0.8068894,0.13731854,0,1
3HFM_HL_Y|YH53W,0.7061819,0.1583948,0,1
3HFM_HL_Y|YH58A,1.6760437,0.33448255,0,1
3HFM_HL_Y|YH58F,0.36312544,0.2582029,0,1
3HFM_HL_Y|YH58L,1.5136731,0.119447276,0,1
3HFM_HL_Y|YL50A,4.0,0.24466528,0,1
"3HFM_HL_Y|YL50A,KY96A",4.0,0.4418167,0,1
"3HFM_HL_Y|YL50A,KY97A",4.0,0.31658116,0,1
"3HFM_HL_Y|YL50A,RY21A",4.0,0.6267565,0,1
3HFM_HL_Y|YL50F,2.3548672,0.056330506,0,1
"3HFM_HL_Y|YL50F,RY21A",4.0,0.18462385,0,1
"3HFM_HL_Y|YL50F,YY20A",4.0,0.522914,0,1
3HFM_HL_Y|YL50L,4.0,0.0109129585,0,1
3HFM_HL_Y|YL96A,2.707045,0.27649522,0,1
"3HFM_HL_Y|YL96A,RY21A",4.0,0.66587585,0,1
3HFM_HL_Y|YL96F,1.4017794,0.20814545,0,1
"3HFM_HL_Y|YL96F,RY21A",4.0,0.3012267,0,1
3HFM_HL_Y|YY20A,4.0,0.9891786,0,1
3HFM_HL_Y|YY20F,-0.4839681,0.27637154,0,1
3HFM_HL_Y|YY20L,2.1845057,0.49255812,0,1
3SE9_HL_G|DH77A,-0.7664817,1.0898205,0,1
3SE9_HL_G|EL90A,0.41735974,0.7745123,0,1
3SE9_HL_G|FL91A,0.023615688,0.68130744,0,1
3SE9_HL_G|GH106A,-0.3075798,0.7148076,0,1
3SE9_HL_G|GH107A,-0.6151596,0.47272223,0,1
3SE9_HL_G|GH109A,0.18514356,0.6757394,0,1
3SE9_HL_G|GH57A,0.4524448,0.71854275,0,1
3SE9_HL_G|GH62A,0.04634,0.5964272,0,1
3SE9_HL_G|GL29A,0.46369976,0.27579382,0,1
3SE9_HL_G|LH34A,0.56599987,0.6025544,0,1
3SE9_HL_G|LL89A,0.964243,0.96320194,0,1
3SE9_HL_G|NH60A,1.5217615,1.153224,0,1
3SE9_HL_G|PH64A,-0.4419396,0.1561461,0,1
3SE9_HL_G|RH67A,1.4695449,0.35888448,0,1
3SE9_HL_G|RH74A,2.6792572,0.29237252,0,1
3SE9_HL_G|RH76A,-0.2322162,0.46855813,0,1
3SE9_HL_G|TH105A,-0.4419396,0.45162392,0,1
3SE9_HL_G|TH56A,-0.85929936,0.7498817,0,1
3SE9_HL_G|VH55A,-0.85929936,0.6602178,0,1
3SE9_HL_G|VH59A,0.9833596,1.0837784,0,1
3SE9_HL_G|VL3A,-0.49433115,0.5545435,0,1
3SE9_HL_G|WH48A,1.0584464,1.0232587,0,1
3SE9_HL_G|WH51A,1.275695,1.0042838,0,1
3SE9_HL_G|YH104A,0.46369976,0.58203447,0,1
3SE9_HL_G|YL28A,1.1177194,0.5475188,0,1
4U6H_AB_E|NE21A,-0.3480795,0.46917093,0,1
4U6H_AB_E|QE25A,0.11883454,0.51330036,0,1
4ZS6_HL_A|EA156A,3.0386665,0.42595154,0,1
4ZS6_HL_A|YA160A,-0.11025046,0.27930045,0,1
1AHW_AB_C|DC167A,-0.4845926,0.6111814,0,2
"1AHW_AB_C|KC138A,DC139A",1.1814722,1.2852006,0,2
"1AHW_AB_C|KC154A,KC155A",-1.329712,1.3109314,0,2
1AHW_AB_C|LC165A,0.9869364,0.4569091,0,2
1AHW_AB_C|NC188A,1.0782224,0.78446275,0,2
"1AHW_AB_C|TC110A,KC111A",0.6388569,0.8052495,0,2
1AHW_AB_C|TC156A,-0.07411996,0.49810246,0,2
1AHW_AB_C|TC159A,1.105771,0.45923102,0,2
1AHW_AB_C|TC186A,1.345882,0.5568895,0,2
1AHW_AB_C|VC187A,-0.31423107,0.43707752,0,2
1AHW_AB_C|YC146A,-1.8890098,0.9396326,0,2
1BJ1_HL_VW|HH101Y,-1.5835956,-0.13303529,0,2
"1BJ1_HL_VW|HH101Y,YH103I,GH104A,SH105K",-0.43125325,0.5849844,0,2
"1BJ1_HL_VW|HH101Y,YH103R,GH104N,SH105T",-0.7626503,0.39129856,0,2
"1BJ1_HL_VW|HH101Y,YH103R,SH105T",-1.173123,0.2350596,0,2
1BJ1_HL_VW|HH107A,0.78965265,0.50144273,0,2
"1BJ1_HL_VW|LH72I,TH74K",0.076517485,0.32096273,0,2
"1BJ1_HL_VW|LH72V,TH74V",0.6706598,0.33584753,0,2
"1BJ1_HL_VW|ML4L,TH28D,NH31H,HH101Y,SH105T",-1.52138,-0.13931784,0,2
1BJ1_HL_VW|NH31H,-0.7626503,0.19848849,0,2
1BJ1_HL_VW|SH105T,-0.39039657,0.06862105,0,2
1BJ1_HL_VW|TH28D,-0.22003505,0.15709367,0,2
"1BJ1_HL_VW|TH28D,NH31H",-0.6929008,0.14193234,0,2
"1BJ1_HL_VW|TH28D,NH31H,YH54W,HH101Y,SH105T",-1.2034981,0.039194614,0,2
1BJ1_HL_VW|TH59A,0.85066694,0.53363335,0,2
1BJ1_HL_VW|YH27A,2.2425284,0.84081197,0,2
1BJ1_HL_VW|YH54A,1.3276595,0.971363,0,2
1BJ1_HL_VW|YH54W,-0.13726985,0.23234329,0,2
1BJ1_HL_VW|YH99A,4.0,0.54923445,0,2
1DQJ_AB_C|DB32A,2.0134337,0.5682333,0,2
"1DQJ_AB_C|DB32A,KC97A",1.1223834,0.6570842,0,2
1DQJ_AB_C|DC101A,1.3765504,1.2377164,0,2
1DQJ_AB_C|KC96A,4.0,0.8486585,0,2
1DQJ_AB_C|KC97A,3.5197058,0.23701346,0,2
1DQJ_AB_C|LC75A,1.452407,1.1277753,0,2
1DQJ_AB_C|NA31A,2.0134337,0.81239575,0,2
1DQJ_AB_C|NA32A,4.0,1.4478581,0,2
"1DQJ_AB_C|NA32A,KC96A",4.0,1.9841342,0,2
1DQJ_AB_C|NC93A,0.64987326,0.6977671,0,2
1DQJ_AB_C|RC21A,1.2137709,1.0453042,0,2
1DQJ_AB_C|SA91A,1.4318883,0.49172127,0,2
"1DQJ_AB_C|SA91A,RC21A",3.1707318,1.2804208,0,2
"1DQJ_AB_C|SA91A,YC20A",3.573092,1.6198742,0,2
1DQJ_AB_C|SC100A,0.7755829,0.44660208,0,2
1DQJ_AB_C|TC89A,0.84084374,0.6478877,0,2
1DQJ_AB_C|WB98A,4.0,0.8835808,0,2
"1DQJ_AB_C|WB98A,KC97A",4.0,1.1006209,0,2
"1DQJ_AB_C|WB98A,SC100A",4.0,1.392099,0,2
"1DQJ_AB_C|WB98A,YC20A",4.0,1.976379,0,2
1DQJ_AB_C|WC62A,0.7580786,0.7263096,0,2
1DQJ_AB_C|WC63A,1.3462692,1.2202407,0,2
1DQJ_AB_C|YA50A,2.678299,0.90660954,0,2
1DQJ_AB_C|YA96A,1.135051,0.7682525,0,2
"1DQJ_AB_C|YA96A,RC21A",3.4851997,1.6339681,0,2
"1DQJ_AB_C|YA96A,SC100A",0.91344726,1.3295643,0,2
1DQJ_AB_C|YB33A,4.0,0.68421346,0,2
1DQJ_AB_C|YB50A,4.0,1.1420999,0,2
1DQJ_AB_C|YB53A,1.1802781,1.0389214,0,2
"1DQJ_AB_C|YB53A,DC101A",2.727121,2.285877,0,2
"1DQJ_AB_C|YB53A,LC75A",1.2168618,2.2247553,0,2
"1DQJ_AB_C|YB53A,WC62A",1.286308,1.8047423,0,2
"1DQJ_AB_C|YB53A,WC63A",2.1992323,2.2334912,0,2
1DQJ_AB_C|YC20A,3.2857084,1.1390582,0,2
1XGT_AB_C|LB33A,2.1988916,0.42166635,0,2
1XGT_AB_C|LB33F,-1.8617703,-0.34227344,0,2
1XGT_AB_C|LB33I,-0.061315425,-0.025938043,0,2
1XGT_AB_C|LB33V,1.0463123,0.14499238,0,2
"3BDY_HL_V|DL28N,PL30A,RL31K,SL32T,TL97S,TL98S",-0.9690793,0.59032005,0,2
"3BDY_HL_V|DL28N,PL30A,RL31K,SL32T,TL97S,TL98S,KH31S,DH32G,TH55S,NH56E,GH101V,DH103V",-2.7154896,-0.1607146,0,2
"3BDY_HL_V|DL28N,PL30A,RL31K,SL32T,TL97S,TL98S,KH31S,DH32G,TH55S,NH56E,GH101V,DH103V,RH51A,RH60A",-2.7728782,-0.08869118,0,2
"3BDY_HL_V|DL28N,PL30A,RL31K,SL32T,YL57F,TL97S,TL98S",-0.97316396,0.59320813,0,2
"3BDY_HL_V|DL28N,PL30A,RL31K,SL32T,YL57F,TL97S,TL98S,KH31S,DH32G,TH55S,NH56E,GH101V,DH103V",-2.727121,-0.2752796,0,2
3HFM_HL_Y|DH32A,1.8982269,0.4019121,0,2
"3HFM_HL_Y|DH32A,KY97A",4.0,0.5584039,0,2
"3HFM_HL_Y|DH32A,KY97M",1.1234494,0.3591013,0,2
3HFM_HL_Y|DH32N,0.17036153,0.06993495,0,2
"3HFM_HL_Y|DH32N,KY97A",4.0,0.29433233,0,2
"3HFM_HL_Y|DH32N,KY97M",0.3025042,0.112025075,0,2
3HFM_HL_Y|DY101A,1.2081919,0.8252473,0,2
3HFM_HL_Y|DY101E,2.132881,0.34690157,0,2
3HFM_HL_Y|DY101F,2.3282614,0.3499722,0,2
3HFM_HL_Y|DY101G,0.35884774,0.13863581,0,2
3HFM_HL_Y|DY101K,2.1245396,0.59475684,0,2
3HFM_HL_Y|DY101N,1.4911126,0.23357037,0,2
3HFM_HL_Y|DY101Q,2.0851746,0.5011957,0,2
3HFM_HL_Y|DY101R,2.2798727,0.30349758,0,2
3HFM_HL_Y|DY101S,1.8694,0.30777907,0,2
3HFM_HL_Y|GY102V,0.395285,1.0782305,0,2
3HFM_HL_Y|HY15A,-0.4453172,0.7103732,0,2
3HFM_HL_Y|IY98A,0.0,0.5159828,0,2
3HFM_HL_Y|KY96A,4.0,0.84439516,0,2
3HFM_HL_Y|KY96M,4.0,0.29454795,0,2
3HFM_HL_Y|KY96R,4.0,0.18422788,0,2
3HFM_HL_Y|KY97A,4.0,0.37410274,0,2
3HFM_HL_Y|KY97D,4.0,-0.3467952,0,2
3HFM_HL_Y|KY97E,3.6045077,-0.58039814,0,2
3HFM_HL_Y|KY97G,4.0,-0.22108223,0,2
3HFM_HL_Y|KY97M,0.9469717,-0.046357892,0,2
3HFM_HL_Y|KY97R,3.0528512,-0.19073616,0,2
3HFM_HL_Y|LY75A,0.70445603,0.58399636,0,2
3HFM_HL_Y|NL31A,4.0,0.5478258,0,2
"3HFM_HL_Y|NL31A,KY96A",4.0,0.9645933,0,2
3HFM_HL_Y|NL31D,1.3434845,0.16830796,0,2
3HFM_HL_Y|NL31E,4.0,0.1264427,0,2
3HFM_HL_Y|NL32A,4.0,1.0233614,0,2
3HFM_HL_Y|NY19D,0.41047263,0.13580059,0,2
3HFM_HL_Y|NY19K,0.2401111,0.32715783,0,2
3HFM_HL_Y|NY19Q,-0.042485796,0.35603106,0,2
3HFM_HL_Y|NY93A,0.21121821,0.6215401,0,2
3HFM_HL_Y|QL53A,0.9530879,0.5137056,0,2
3HFM_HL_Y|RY21A,0.8618019,1.1039689,0,2
3HFM_HL_Y|RY21E,2.4534352,0.426341,0,2
3HFM_HL_Y|RY21G,2.4220753,0.2805018,0,2
3HFM_HL_Y|RY21H,2.1693182,0.5936093,0,2
3HFM_HL_Y|RY21K,1.766342,0.7249451,0,2
3HFM_HL_Y|RY21M,2.0498905,0.5962775,0,2
3HFM_HL_Y|RY21N,2.3282614,0.5784872,0,2
3HFM_HL_Y|RY21Q,2.3975346,0.27311128,0,2
3HFM_HL_Y|RY21W,2.132881,0.14516164,0,2
3HFM_HL_Y|RY73A,-0.3313971,0.6269281,0,2
3HFM_HL_Y|SH31A,0.17036153,0.25336617,0,2
3HFM_HL_Y|SY100A,0.26765963,0.45418465,0,2
3HFM_HL_Y|TY89A,0.0,0.5212964,0,2
3HFM_HL_Y|WH98A,4.0,0.33511877,0,2
"3HFM_HL_Y|WH98A,KY96A",4.0,0.9269058,0,2
3HFM_HL_Y|WH98F,3.245562,0.22373793,0,2
"3HFM_HL_Y|WH98F,YY20A",4.0,0.8804732,0,2
3HFM_HL_Y|WY63A,0.31918663,1.0358765,0,2
3HFM_HL_Y|YH33A,4.0,0.29992205,0,2
"3HFM_HL_Y|YH33A,KY97A",4.0,0.5425177,0,2
3HFM_HL_Y|YH33F,1.0712212,0.21353722,0,2
3HFM_HL_Y|YH33L,2.0069382,0.102426365,0,2
3HFM_HL_Y|YH33W,1.7495645,-0.12387333,0,2
3HFM_HL_Y|YH50A,4.0,0.48476937,0,2
"3HFM_HL_Y|YH50A,RY21A",4.0,1.3219825,0,2
3HFM_HL_Y|YH50F,1.6099914,0.2507666,0,2
3HFM_HL_Y|YH50L,2.8488367,0.237641,0,2
3HFM_HL_Y|YH53A,3.25038,0.4749065,0,2
3HFM_HL_Y|YH53F,0.62049925,0.38473386,0,2
3HFM_HL_Y|YH53L,0.8068894,0.37987924,0,2
3HFM_HL_Y|YH53W,0.7061819,0.16495623,0,2
3HFM_HL_Y|YH58A,1.6760437,0.64994156,0,2
3HFM_HL_Y|YH58F,0.36312544,0.47908396,0,2
3HFM_HL_Y|YH58L,1.5136731,0.54209113,0,2
3HFM_HL_Y|YL50A,4.0,0.7092696,0,2
"3HFM_HL_Y|YL50A,KY96A",4.0,1.1072721,0,2
"3HFM_HL_Y|YL50A,KY97A",4.0,0.7903757,0,2
"3HFM_HL_Y|YL50A,RY21A",4.0,1.3797375,0,2
3HFM_HL_Y|YL50F,2.3548672,0.42154783,0,2
"3HFM_HL_Y|YL50F,RY21A",4.0,1.025625,0,2
"3HFM_HL_Y|YL50F,YY20A",4.0,1.105319,0,2
3HFM_HL_Y|YL50L,4.0,0.50478774,0,2
3HFM_HL_Y|YL96A,2.707045,0.4417895,0,2
"3HFM_HL_Y|YL96A,RY21A",4.0,1.2604759,0,2
3HFM_HL_Y|YL96F,1.4017794,0.25929025,0,2
"3HFM_HL_Y|YL96F,RY21A",4.0,0.95023483,0,2
3HFM_HL_Y|YY20A,4.0,1.1240842,0,2
3HFM_HL_Y|YY20F,-0.4839681,0.36911175,0,2
3HFM_HL_Y|YY20L,2.1845057,0.71222085,0,2
3SE9_HL_G|DH77A,-0.7664817,0.8409291,0,2
3SE9_HL_G|EL90A,0.41735974,1.0339364,0,2
3SE9_HL_G|FL91A,0.023615688,0.7205421,0,2
3SE9_HL_G|GH106A,-0.3075798,0.7649097,0,2
3SE9_HL_G|GH107A,-0.6151596,0.42817834,0,2
3SE9_HL_G|GH109A,0.18514356,0.6784195,0,2
3SE9_HL_G|GH57A,0.4524448,0.6199897,0,2
3SE9_HL_G|GH62A,0.04634,0.543367,0,2
3SE9_HL_G|GL29A,0.46369976,0.38873494,0,2
3SE9_HL_G|LH34A,0.56599987,0.79473203,0,2
3SE9_HL_G|LL89A,0.964243,1.2917581,0,2
3SE9_HL_G|NH60A,1.5217615,1.5117686,0,2
3SE9_HL_G|PH64A,-0.4419396,0.48652783,0,2
3SE9_HL_G|RH67A,1.4695449,0.47521442,0,2
3SE9_HL_G|RH74A,2.6792572,0.08689412,0,2
3SE9_HL_G|RH76A,-0.2322162,0.57885534,0,2
3SE9_HL_G|TH105A,-0.4419396,0.2534848,0,2
3SE9_HL_G|TH56A,-0.85929936,0.40354353,0,2
3SE9_HL_G|VH55A,-0.85929936,0.33975932,0,2
3SE9_HL_G|VH59A,0.9833596,0.90660685,0,2
3SE9_HL_G|VL3A,-0.49433115,0.549676,0,2
3SE9_HL_G|WH48A,1.0584464,0.88980347,0,2
3SE9_HL_G|WH51A,1.275695,1.3512163,0,2
3SE9_HL_G|YH104A,0.46369976,0.6828391,0,2
3SE9_HL_G|YL28A,1.1177194,0.4337577,0,2
4U6H_AB_E|NE21A,-0.3480795,0.599023,0,2
4U6H_AB_E|QE25A,0.11883454,0.54557043,0,2
4ZS6_HL_A|EA156A,3.0386665,0.4989258,0,2
4ZS6_HL_A|YA160A,-0.11025046,0.6440341,0,2
1KIP_AB_C|AB32Y,-0.8005932,-1.4367281,1,0
1XGU_AB_C|FB33A,4.0,-0.12305385,1,0
1XGU_AB_C|FB33I,1.8004549,-0.15361968,1,0
1XGU_AB_C|FB33L,1.8617703,-0.18133008,1,0
1XGU_AB_C|FB33V,2.9080825,-0.19691543,1,0
2B2X_HL_A|EH64K,-0.033433665,-0.16288203,1,0
"2B2X_HL_A|EH64K,QL28S,YL52N",0.911615,0.24219996,1,0
"2B2X_HL_A|EH64K,QL28S,YL52N,GH102S",2.7106705,0.5051011,1,0
"2B2X_HL_A|EH64K,QL28S,YL52N,SH35A",3.119054,0.56788826,1,0
"2B2X_HL_A|EH64K,QL28S,YL52N,SH35V",3.770335,0.571929,1,0
"2B2X_HL_A|EH64K,YL52N",0.34853002,0.11717005,1,0
"2B2X_HL_A|QL28S,YL52N",0.8626942,0.019553155,1,0
2B2X_HL_A|VH50T,0.024054652,-0.28196627,1,0
"2B2X_HL_A|VH50T,EH64D,QL28S,YL52N",0.87177193,0.26002687,1,0
"2B2X_HL_A|VH50T,EH64K,QL28S",0.991589,-0.028576132,1,0
"2B2X_HL_A|VH50T,EH64K,QL28S,YL52D",1.5439764,0.25034642,1,0
"2B2X_HL_A|VH50T,EH64K,QL28S,YL52E",0.95452905,0.19395436,1,0
"2B2X_HL_A|VH50T,EH64K,QL28S,YL52K",1.7007239,0.1016128,1,0
"2B2X_HL_A|VH50T,EH64K,QL28S,YL52N",1.043214,0.19313134,1,0
"2B2X_HL_A|VH50T,EH64K,QL28S,YL52N,FH99W",1.043214,0.2114339,1,0
"2B2X_HL_A|VH50T,EH64K,QL28S,YL52N,FH99Y",1.7978828,0.16344187,1,0
"2B2X_HL_A|VH50T,EH64K,QL28S,YL52N,GH100F",1.4322319,-0.14303094,1,0
"2B2X_HL_A|VH50T,EH64K,QL28S,YL52N,GH100L",3.770335,0.061446235,1,0
"2B2X_HL_A|VH50T,EH64K,QL28S,YL52N,GH100M",1.145348,0.07575899,1,0
"2B2X_HL_A|VH50T,EH64K,QL28S,YL52N,GH100S",1.6009614,0.20363814,1,0
"2B2X_HL_A|VH50T,EH64K,QL28S,YL52N,GH53A",1.5558206,0.07029341,1,0
"2B2X_HL_A|VH50T,EH64K,QL28S,YL52N,GH53N",2.2985272,0.067109466,1,0
"2B2X_HL_A|VH50T,EH64K,QL28S,YL52N,GH53S",1.7188073,0.14049965,1,0
"2B2X_HL_A|VH50T,EH64K,QL28S,YL52N,GH54I",2.4067745,0.10420786,1,0
"2B2X_HL_A|VH50T,EH64K,QL28S,YL52N,GH54T",2.2073808,0.16301124,1,0
"2B2X_HL_A|VH50T,EH64K,QL28S,YL52N,GH54Y",1.043214,0.055780783,1,0
"2B2X_HL_A|VH50T,EH64K,QL28S,YL52N,GL92Q",2.6158988,0.13395748,1,0
"2B2X_HL_A|VH50T,EH64K,QL28S,YL52N,GL92S",1.5558206,0.20008078,1,0
"2B2X_HL_A|VH50T,EH64K,QL28S,YL52N,HL31K",2.2073808,0.32565805,1,0
"2B2X_HL_A|VH50T,EH64K,QL28S,YL52N,HL31R",2.1670115,0.22115715,1,0
"2B2X_HL_A|VH50T,EH64K,QL28S,YL52N,HL31W",2.2985272,0.08606818,1,0
"2B2X_HL_A|VH50T,EH64K,QL28S,YL52N,LH60D",0.981894,0.33324847,1,0
"2B2X_HL_A|VH50T,EH64K,QL28S,YL52N,LL49F",1.7554936,0.18049389,1,0
"2B2X_HL_A|VH50T,EH64K,QL28S,YL52N,LL49K",1.9044149,0.19490956,1,0
"2B2X_HL_A|VH50T,EH64K,QL28S,YL52N,LL49W",2.9507816,0.059934363,1,0
"2B2X_HL_A|VH50T,EH64K,QL28S,YL52N,NL30V",2.0925434,0.0736094,1,0
"2B2X_HL_A|VH50T,EH64K,QL28S,YL52N,NL30W",2.6158988,0.17950419,1,0
"2B2X_HL_A|VH50T,EH64K,QL28S,YL52N,NL30Y",2.9507816,0.14734863,1,0
"2B2X_HL_A|VH50T,EH64K,QL28S,YL52N,NL30Y,SL91I",1.4775821,0.17300193,1,0
"2B2X_HL_A|VH50T,EH64K,QL28S,YL52N,RH31Q",2.350542,0.33791623,1,0
"2B2X_HL_A|VH50T,EH64K,QL28S,YL52N,SH35A",2.6158988,0.5173297,1,0
"2B2X_HL_A|VH50T,EH64K,QL28S,YL52N,SH35A,GH102S",2.6158988,0.73886037,1,0
"2B2X_HL_A|VH50T,EH64K,QL28S,YL52N,SH35Q",3.770335,0.3047505,1,0
"2B2X_HL_A|VH50T,EH64K,QL28S,YL52N,SH35V,GH102S",2.4688888,0.71678543,1,0
"2B2X_HL_A|VH50T,EH64K,QL28S,YL52N,SH52M",3.119054,0.37735486,1,0
"2B2X_HL_A|VH50T,EH64K,QL28S,YL52N,SL24R",0.82788163,0.10425453,1,0
"2B2X_HL_A|VH50T,EH64K,QL28S,YL52N,SL91Q",2.8172472,0.19430564,1,0
"2B2X_HL_A|VH50T,EH64K,QL28S,YL52N,SL91R",3.770335,0.29735044,1,0
"2B2X_HL_A|VH50T,EH64K,QL28S,YL52N,SL91R,NL30E",3.770335,0.2874627,1,0
"2B2X_HL_A|VH50T,EH64K,QL28S,YL52N,SL91T",3.3598623,0.19248372,1,0
"2B2X_HL_A|VH50T,EH64K,QL28S,YL52N,TH33E,GH53Q",2.7106705,0.2804835,1,0
"2B2X_HL_A|VH50T,EH64K,QL28S,YL52N,TH33I,SH52T,GH53N,GH54N",2.9507816,-0.029833406,1,0
"2B2X_HL_A|VH50T,EH64K,QL28S,YL52N,TH33I,SH52T,GH53Q,GH54F",2.2985272,0.47967312,1,0
"2B2X_HL_A|VH50T,EH64K,QL28S,YL52N,TH33N",3.770335,0.38220397,1,0
"2B2X_HL_A|VH50T,EH64K,QL28S,YL52N,TH33V",1.4775821,0.25252897,1,0
"2B2X_HL_A|VH50T,EH64K,QL28S,YL52N,WL90Q",3.119054,0.4105741,1,0
"2B2X_HL_A|VH50T,EH64K,QL28S,YL52N,WL90Q,FL33Y",1.914233,0.33300847,1,0
"2B2X_HL_A|VH50T,EH64K,QL28S,YL52N,YH58E",3.119054,0.2649271,1,0
"2B2X_HL_A|VH50T,EH64K,QL28S,YL52N,YH58Q",3.119054,0.18411563,1,0
"2B2X_HL_A|VH50T,EH64K,QL28S,YL52N,YH58W",1.8641591,0.024260655,1,0
"2B2X_HL_A|VH50T,EH64K,QL28S,YL52N,YH59E",1.5872209,0.8049387,1,0
"2B2X_HL_A|VH50T,EH64K,QL28S,YL52R",1.8880546,0.022826508,1,0
"2B2X_HL_A|VH50T,EH64K,YL52N",0.28173435,0.038049117,1,0
"2B2X_HL_A|VH50T,EH64N,QL28S,YL52N",1.0069425,0.3384392,1,0
"2B2X_HL_A|VH50T,EH64Q,QL28S,YL52N",0.96559924,0.17089856,1,0
"2B2X_HL_A|VH50T,EH64Q,QL28S,YL52N,LH60D",1.0862032,0.34230968,1,0
"2B2X_HL_A|VH50T,QL28S,YL52N",0.96559924,-0.019330285,1,0
"2B2X_HL_A|VH50T,QL28S,YL52N,LH60D",0.90141344,0.20032665,1,0
"2B2X_HL_A|VH50T,YL52N",0.18636756,-0.1368524,1,0
2B2X_HL_A|YL52E,-0.22410508,0.04478236,1,0
2VIR_AB_C|SC115L,3.680209,0.28605482,1,0
2VIR_AB_C|TC89I,4.0,0.281299,1,0
"3G6D_LH_A|EL3V,GL76R,TL77V,QL78E,EL80G",0.13981691,0.49922064,1,0
"3G6D_LH_A|EL3V,GL76R,TL77V,QL78E,EL80G,DH54N",0.111178115,0.7346078,1,0
"3G6D_LH_A|EL3V,GL76R,TL77V,QL78E,EL80G,TL89S,ML92I,VL93D,TL94K",0.27145106,0.2581041,1,0
3G6D_LH_A|HH104A,-0.9530879,0.11907029,1,0
"3G6D_LH_A|KH210T,KH215T",-0.13294782,0.019231446,1,0
"3G6D_LH_A|TL89S,ML92I,VL93D,TL94K",0.7979767,-0.39117992,1,0
3G6D_LH_A|WH105A,-1.4965084,0.20641793,1,0
"3IDX_HL_G|CG27I,CG242Q",-2.4650376,-0.13031599,1,0
"3IDX_HL_G|CG27I,CG242Q,MG247A",-2.1736174,0.049826562,1,0
"3IDX_HL_G|KG85C,EG121C,CG27I,CG242Q",-2.3776865,0.28667882,1,0
"3IDX_HL_G|KG85C,EG121C,WG13M,MG247A,CG14W,CG129V,CG27I,CG242Q",-2.1922898,0.4753803,1,0
"3IDX_HL_G|KG85C,EG122C,WG13M,MG247A,CG14W,CG129V,CG27I,CG242Q",-2.2927184,0.45896113,1,0
"3IDX_HL_G|TG41C,GG245C,MG247A",0.40945426,0.32702282,1,0
"3IDX_HL_G|TG41C,GG245C,WG13M,MG247A,CG14W,CG129V,CG27I,CG242Q",-2.3310676,0.3046001,1,0
"3IDX_HL_G|WG13M,MG247A,CG14W,CG129V",-0.6475391,0.1474891,1,0
"3IDX_HL_G|WG13M,MG247A,CG14W,CG129V,CG27I,CG242Q",-2.3479884,0.051177092,1,0
"3IDX_HL_G|WG13M,MG247A,CG14W,CG129V,KG85C,EG121C",-0.36166522,0.48498353,1,0
"3IDX_HL_G|WG13M,SG111T,WG200S,MG247A,CG14W,CG129V,CG27I,CG242Q",-1.8639641,0.35576412,1,0
"3L5X_A_HL|EL93F,YL94G",-0.42800838,0.15114541,1,0
"3L5X_A_HL|EL93H,YL94G",-0.7626503,0.2378357,1,0
"3L5X_A_HL|HL91P,NL92I,EL93D,YL94A",-0.6466697,0.2353,1,0
"3L5X_A_HL|HL91P,NL92L,EL93D,YL94S",-0.6327897,0.13877185,1,0
"3L5X_A_HL|HL91P,NL92L,EL93D,YL94T",-0.81005055,0.12839235,1,0
"3L5X_A_HL|HL91P,NL92L,EL93D,YL94V",-0.85822237,0.14872867,1,0
"3L5X_A_HL|HL91P,NL92L,YL94A",-0.44441348,0.2710411,1,0
"3L5X_A_HL|HL91Q,NL92D,EL93I,YL94G",-1.5503801,0.39310947,1,0
"3L5X_A_HL|HL91Q,NL92D,EL93L,YL94G",-1.785132,0.37801757,1,0
"3L5X_A_HL|HL91Q,NL92D,EL93Y,YL94G",-1.451453,0.15858647,1,0
"3L5X_A_HL|NL92D,EL93L,YL94G",-0.42962858,0.26870754,1,0
"3L5X_A_HL|NL92D,EL93N,YL94S",-0.53403836,0.24069542,1,0
"3L5X_A_HL|NL92D,EL93P,YL94G",-1.4699602,0.22911066,1,0
"3L5X_A_HL|NL92D,EL93R,YL94D",-0.52253926,0.16017675,1,0
"3L5X_A_HL|NL92D,EL93W,YL94E",-1.1963489,-0.017821595,1,0
"3L5X_A_HL|NL92D,EL93W,YL94G",-1.6825228,0.09087576,1,0
"3L5X_A_HL|NL92D,EL93W,YL94S",-0.71612674,0.11059888,1,0
"3L5X_A_HL|NL92D,EL93Y,YL94A",-0.8069743,0.15951774,1,0
"3L5X_A_HL|NL92E,EL93S,YL94G",-1.2653587,0.18551561,1,0
"3L5X_A_HL|NL92E,EL93W,YL94G",-1.5503801,0.09409574,1,0
"3L5X_A_HL|NL92F,EL93W,YL94G",-1.2329907,-0.019348286,1,0
"3L5X_A_HL|NL92L,EL93D,YL94S",-0.6170473,0.07126359,1,0
"3L5X_A_HL|NL92L,EL93L,YL94G",-0.6259698,0.29646644,1,0
"3L5X_A_HL|NL92L,EL93M,YL94G",-0.82567644,0.28298008,1,0
"3L5X_A_HL|NL92L,EL93N,YL94G",-0.6954369,0.1980946,1,0
"3L5X_A_HL|NL92S,EL93H,YL94G",-1.2457265,0.29100445,1,0
"3L5X_A_HL|NL92S,EL93I,YL94G",-0.8069743,0.32782227,1,0
"3L5X_A_HL|NL92S,EL93S,YL94G",-0.24921271,0.21720089,1,0
"3L5X_A_HL|NL92S,EL93V,YL94G",-0.51687235,0.29678506,1,0
"3L5X_A_HL|NL92S,EL93W,YL94A",-0.30302802,0.2528258,1,0
"3L5X_A_HL|NL92S,EL93W,YL94G",-1.2720501,0.15480256,1,0
"3L5X_A_HL|NL92S,EL93Y,YL94G",-0.9641868,0.105431676,1,0
"3L5X_A_HL|NL92V,EL93G,YL94G",-0.46300006,0.49499044,1,0
"3L5X_A_HL|NL92V,EL93W,YL94G",-0.83525383,0.28100622,1,0
3L5X_A_HL|YL94A,-0.82885176,0.15796083,1,0
3N85_A_LH|SH32A,-0.13401966,-0.06806692,1,0
3N85_A_LH|SH32Y,0.0571225,-0.31894377,1,0
3N85_A_LH|SH50G,0.48767117,-0.23102108,1,0
3N85_A_LH|SH52Y,-0.78460336,-0.38232878,1,0
3N85_A_LH|WH100F,-0.015185109,0.011580164,1,0
3N85_A_LH|WH30K,-0.78460336,0.14432509,1,0
3N85_A_LH|WH30R,-0.5539675,0.10492344,1,0
3N85_A_LH|WL91F,0.13959166,0.19426231,1,0
3N85_A_LH|WL94Y,-0.03871881,-0.23794654,1,0
3SE8_HL_G|DH110A,-0.38934898,0.03058279,1,0
3SE8_HL_G|DH114A,-0.2441398,0.03663013,1,0
3SE8_HL_G|DL49A,0.8558488,0.05539941,1,0
3SE8_HL_G|EL1A,-0.5565174,-0.053011887,1,0
3SE8_HL_G|EL91A,1.513491,0.13920441,1,0
3SE8_HL_G|FH115A,1.0676043,-0.027843803,1,0
3SE8_HL_G|FL90A,-0.8640972,-0.024088848,1,0
3SE8_HL_G|FL92A,0.8323254,-0.05772814,1,0
3SE8_HL_G|GH56A,0.3570972,-0.12086809,1,0
3SE8_HL_G|KH52A,1.1114144,0.05018764,1,0
3SE8_HL_G|LH54A,0.054776184,-0.06957852,1,0
3SE8_HL_G|NL30A,0.19434923,-0.07528268,1,0
3SE8_HL_G|PH78A,0.01881787,-0.110264346,1,0
3SE8_HL_G|PH81A,-0.07091986,-0.09800203,1,0
3SE8_HL_G|QH63A,1.1144251,0.049396634,1,0
3SE8_HL_G|QH65A,0.54980505,0.24683718,1,0
3SE8_HL_G|QH76A,0.09689985,0.055451266,1,0
3SE8_HL_G|QL27A,-0.21612903,0.00028924271,1,0
3SE8_HL_G|RH30A,-0.03949762,0.15068954,1,0
3SE8_HL_G|RH62A,1.2061691,0.0768352,1,0
3SE8_HL_G|RH72A,2.6444623,0.01831825,1,0
3SE8_HL_G|SH59A,1.1508402,-0.08187898,1,0
3SE8_HL_G|VH58A,1.2496852,0.0022475068,1,0
3SE8_HL_G|WH47A,1.4751467,0.26314136,1,0
3SE8_HL_G|WH50A,1.333526,0.27976108,1,0
3SE8_HL_G|WH55A,0.7611056,-0.09656811,1,0
3SE8_HL_G|YH111A,0.82992166,0.027996922,1,0
3SE8_HL_G|YH60A,0.8558488,0.1886435,1,0
4KRL_A_B|DB112A,0.6496817,0.054933254,1,0
5C6T_HL_A|EA194A,1.0906719,0.42000312,1,0
5C6T_HL_A|FA192A,1.9972014,0.5156406,1,0
5C6T_HL_A|FA199A,2.7581792,0.20346032,1,0
5C6T_HL_A|FA200A,0.41047263,0.20672897,1,0
5C6T_HL_A|FH99A,1.4600298,0.17113677,1,0
5C6T_HL_A|IA201A,0.88561165,0.16322269,1,0
5C6T_HL_A|NA183A,0.28399685,0.28761804,1,0
5C6T_HL_A|NA186A,0.3630724,0.35824525,1,0
5C6T_HL_A|NA188A,-0.36658686,0.27297327,1,0
"5C6T_HL_A|NA195A,DA197A",0.58650106,0.46781376,1,0
5C6T_HL_A|NH97A,1.5258962,0.3014973,1,0
5C6T_HL_A|RH31S,0.3115454,-0.0073343553,1,0
5C6T_HL_A|RL48A,0.1229613,0.26180452,1,0
5C6T_HL_A|SH32A,-0.8683455,0.23569092,1,0
5C6T_HL_A|TA185A,0.33786914,0.08055465,1,0
5C6T_HL_A|YA182A,3.2083547,0.3684777,1,0
"5C6T_HL_A|YA182A,NA195A,DA197A",2.942425,0.71949184,1,0
5C6T_HL_A|YH104A,0.3630724,0.36355087,1,0
5C6T_HL_A|YH98A,1.7166799,0.40253863,1,0
5C6T_HL_A|YL47A,0.5516565,0.39281625,1,0
1KIP_AB_C|AB32Y,-0.8005932,-1.0683011,1,1
1XGU_AB_C|FB33A,4.0,1.0685257,1,1
1XGU_AB_C|FB33I,1.8004549,0.84861165,1,1
1XGU_AB_C|FB33L,1.8617703,0.8482072,1,1
1XGU_AB_C|FB33V,2.9080825,0.9679106,1,1
2B2X_HL_A|EH64K,-0.033433665,0.20794089,1,1
"2B2X_HL_A|EH64K,QL28S,YL52N",0.911615,0.28922415,1,1
"2B2X_HL_A|EH64K,QL28S,YL52N,GH102S",2.7106705,0.5314469,1,1
"2B2X_HL_A|EH64K,QL28S,YL52N,SH35A",3.119054,0.34550482,1,1
"2B2X_HL_A|EH64K,QL28S,YL52N,SH35V",3.770335,0.33849216,1,1
"2B2X_HL_A|EH64K,YL52N",0.34853002,0.2793151,1,1
"2B2X_HL_A|QL28S,YL52N",0.8626942,-0.2813543,1,1
2B2X_HL_A|VH50T,0.024054652,-0.24215351,1,1
"2B2X_HL_A|VH50T,EH64D,QL28S,YL52N",0.87177193,-0.05352682,1,1
"2B2X_HL_A|VH50T,EH64K,QL28S",0.991589,0.1949082,1,1
"2B2X_HL_A|VH50T,EH64K,QL28S,YL52D",1.5439764,0.22860612,1,1
"2B2X_HL_A|VH50T,EH64K,QL28S,YL52E",0.95452905,0.2588805,1,1
"2B2X_HL_A|VH50T,EH64K,QL28S,YL52K",1.7007239,0.672103,1,1
"2B2X_HL_A|VH50T,EH64K,QL28S,YL52N",1.043214,0.4185115,1,1
"2B2X_HL_A|VH50T,EH64K,QL28S,YL52N,FH99W",1.043214,0.54306245,1,1
"2B2X_HL_A|VH50T,EH64K,QL28S,YL52N,FH99Y",1.7978828,0.50629455,1,1
"2B2X_HL_A|VH50T,EH64K,QL28S,YL52N,GH100F",1.4322319,-0.4114105,1,1
"2B2X_HL_A|VH50T,EH64K,QL28S,YL52N,GH100L",3.770335,-0.061055213,1,1
"2B2X_HL_A|VH50T,EH64K,QL28S,YL52N,GH100M",1.145348,-0.03823702,1,1
"2B2X_HL_A|VH50T,EH64K,QL28S,YL52N,GH100S",1.6009614,0.26455367,1,1
"2B2X_HL_A|VH50T,EH64K,QL28S,YL52N,GH53A",1.5558206,0.19340406,1,1
"2B2X_HL_A|VH50T,EH64K,QL28S,YL52N,GH53N",2.2985272,0.7479586,1,1
"2B2X_HL_A|VH50T,EH64K,QL28S,YL52N,GH53S",1.7188073,0.6721606,1,1
"2B2X_HL_A|VH50T,EH64K,QL28S,YL52N,GH54I",2.4067745,0.07449184,1,1
"2B2X_HL_A|VH50T,EH64K,QL28S,YL52N,GH54T",2.2073808,0.48362154,1,1
"2B2X_HL_A|VH50T,EH64K,QL28S,YL52N,GH54Y",1.043214,0.31484818,1,1
"2B2X_HL_A|VH50T,EH64K,QL28S,YL52N,GL92Q",2.6158988,0.5381369,1,1
"2B2X_HL_A|VH50T,EH64K,QL28S,YL52N,GL92S",1.5558206,0.44477338,1,1
"2B2X_HL_A|VH50T,EH64K,QL28S,YL52N,HL31K",2.2073808,0.70050377,1,1
"2B2X_HL_A|VH50T,EH64K,QL28S,YL52N,HL31R",2.1670115,0.6584512,1,1
"2B2X_HL_A|VH50T,EH64K,QL28S,YL52N,HL31W",2.2985272,0.30427063,1,1
"2B2X_HL_A|VH50T,EH64K,QL28S,YL52N,LH60D",0.981894,0.3751027,1,1
"2B2X_HL_A|VH50T,EH64K,QL28S,YL52N,LL49F",1.7554936,0.4184248,1,1
"2B2X_HL_A|VH50T,EH64K,QL28S,YL52N,LL49K",1.9044149,0.9875842,1,1
"2B2X_HL_A|VH50T,EH64K,QL28S,YL52N,LL49W",2.9507816,0.51691794,1,1
"2B2X_HL_A|VH50T,EH64K,QL28S,YL52N,NL30V",2.0925434,-0.036233053,1,1
"2B2X_HL_A|VH50T,EH64K,QL28S,YL52N,NL30W",2.6158988,0.41846138,1,1
"2B2X_HL_A|VH50T,EH64K,QL28S,YL52N,NL30Y",2.9507816,0.39544743,1,1
"2B2X_HL_A|VH50T,EH64K,QL28S,YL52N,NL30Y,SL91I",1.4775821,0.3517552,1,1
"2B2X_HL_A|VH50T,EH64K,QL28S,YL52N,RH31Q",2.350542,0.6219702,1,1
"2B2X_HL_A|VH50T,EH64K,QL28S,YL52N,SH35A",2.6158988,0.42842007,1,1
"2B2X_HL_A|VH50T,EH64K,QL28S,YL52N,SH35A,GH102S",2.6158988,0.6306567,1,1
"2B2X_HL_A|VH50T,EH64K,QL28S,YL52N,SH35Q",3.770335,0.4266377,1,1
"2B2X_HL_A|VH50T,EH64K,QL28S,YL52N,SH35V,GH102S",2.4688888,0.5668126,1,1
"2B2X_HL_A|VH50T,EH64K,QL28S,YL52N,SH52M",3.119054,0.4370392,1,1
"2B2X_HL_A|VH50T,EH64K,QL28S,YL52N,SL24R",0.82788163,0.7524837,1,1
"2B2X_HL_A|VH50T,EH64K,QL28S,YL52N,SL91Q",2.8172472,0.651371,1,1
"2B2X_HL_A|VH50T,EH64K,QL28S,YL52N,SL91R",3.770335,0.9500311,1,1
"2B2X_HL_A|VH50T,EH64K,QL28S,YL52N,SL91R,NL30E",3.770335,0.76482654,1,1
"2B2X_HL_A|VH50T,EH64K,QL28S,YL52N,SL91T",3.3598623,0.32167196,1,1
"2B2X_HL_A|VH50T,EH64K,QL28S,YL52N,TH33E,GH53Q",2.7106705,0.85680616,1,1
"2B2X_HL_A|VH50T,EH64K,QL28S,YL52N,TH33I,SH52T,GH53N,GH54N",2.9507816,0.43958694,1,1
"2B2X_HL_A|VH50T,EH64K,QL28S,YL52N,TH33I,SH52T,GH53Q,GH54F",2.2985272,0.9342617,1,1
"2B2X_HL_A|VH50T,EH64K,QL28S,YL52N,TH33N",3.770335,0.785416,1,1
"2B2X_HL_A|VH50T,EH64K,QL28S,YL52N,TH33V",1.4775821,0.16088589,1,1
"2B2X_HL_A|VH50T,EH64K,QL28S,YL52N,WL90Q",3.119054,0.59835654,1,1
"2B2X_HL_A|VH50T,EH64K,QL28S,YL52N,WL90Q,FL33Y",1.914233,0.54503405,1,1
"2B2X_HL_A|VH50T,EH64K,QL28S,YL52N,YH58E",3.119054,0.69189495,1,1
"2B2X_HL_A|VH50T,EH64K,QL28S,YL52N,YH58Q",3.119054,0.965918,1,1
"2B2X_HL_A|VH50T,EH64K,QL28S,YL52N,YH58W",1.8641591,0.4392417,1,1
"2B2X_HL_A|VH50T,EH64K,QL28S,YL52N,YH59E",1.5872209,0.51556486,1,1
"2B2X_HL_A|VH50T,EH64K,QL28S,YL52R",1.8880546,0.53439736,1,1
"2B2X_HL_A|VH50T,EH64K,YL52N",0.28173435,0.32539093,1,1
"2B2X_HL_A|VH50T,EH64N,QL28S,YL52N",1.0069425,0.1298293,1,1
"2B2X_HL_A|VH50T,EH64Q,QL28S,YL52N",0.96559924,0.022268228,1,1
"2B2X_HL_A|VH50T,EH64Q,QL28S,YL52N,LH60D",1.0862032,-0.0015263706,1,1
"2B2X_HL_A|VH50T,QL28S,YL52N",0.96559924,-0.19985518,1,1
"2B2X_HL_A|VH50T,QL28S,YL52N,LH60D",0.90141344,-0.2271142,1,1
"2B2X_HL_A|VH50T,YL52N",0.18636756,-0.15651824,1,1
2B2X_HL_A|YL52E,-0.22410508,-0.29035348,1,1
2VIR_AB_C|SC115L,3.680209,1.5778607,1,1
2VIR_AB_C|TC89I,4.0,0.99816996,1,1
"3G6D_LH_A|EL3V,GL76R,TL77V,QL78E,EL80G",0.13981691,-0.13244176,1,1
"3G6D_LH_A|EL3V,GL76R,TL77V,QL78E,EL80G,DH54N",0.111178115,0.18025102,1,1
"3G6D_LH_A|EL3V,GL76R,TL77V,QL78E,EL80G,TL89S,ML92I,VL93D,TL94K",0.27145106,-0.35815567,1,1
3G6D_LH_A|HH104A,-0.9530879,-0.09555458,1,1
"3G6D_LH_A|KH210T,KH215T",-0.13294782,-0.39595747,1,1
"3G6D_LH_A|TL89S,ML92I,VL93D,TL94K",0.7979767,-0.40447915,1,1
3G6D_LH_A|WH105A,-1.4965084,1.5137873,1,1
"3IDX_HL_G|CG27I,CG242Q",-2.4650376,-0.16465318,1,1
"3IDX_HL_G|CG27I,CG242Q,MG247A",-2.1736174,0.026286665,1,1
"3IDX_HL_G|KG85C,EG121C,CG27I,CG242Q",-2.3776865,0.10300474,1,1
"3IDX_HL_G|KG85C,EG121C,WG13M,MG247A,CG14W,CG129V,CG27I,CG242Q",-2.1922898,-0.2532205,1,1
"3IDX_HL_G|KG85C,EG122C,WG13M,MG247A,CG14W,CG129V,CG27I,CG242Q",-2.2927184,-0.3186741,1,1
"3IDX_HL_G|TG41C,GG245C,MG247A",0.40945426,0.14408943,1,1
"3IDX_HL_G|TG41C,GG245C,WG13M,MG247A,CG14W,CG129V,CG27I,CG242Q",-2.3310676,-0.33894527,1,1
"3IDX_HL_G|WG13M,MG247A,CG14W,CG129V",-0.6475391,-0.078663066,1,1
"3IDX_HL_G|WG13M,MG247A,CG14W,CG129V,CG27I,CG242Q",-2.3479884,-0.14313507,1,1
"3IDX_HL_G|WG13M,MG247A,CG14W,CG129V,KG85C,EG121C",-0.36166522,-0.09123398,1,1
"3IDX_HL_G|WG13M,SG111T,WG200S,MG247A,CG14W,CG129V,CG27I,CG242Q",-1.8639641,-0.2933027,1,1
"3L5X_A_HL|EL93F,YL94G",-0.42800838,-0.05225637,1,1
"3L5X_A_HL|EL93H,YL94G",-0.7626503,0.21419354,1,1
"3L5X_A_HL|HL91P,NL92I,EL93D,YL94A",-0.6466697,1.8390057,1,1
"3L5X_A_HL|HL91P,NL92L,EL93D,YL94S",-0.6327897,1.3694293,1,1
"3L5X_A_HL|HL91P,NL92L,EL93D,YL94T",-0.81005055,1.3911357,1,1
"3L5X_A_HL|HL91P,NL92L,EL93D,YL94V",-0.85822237,1.4485705,1,1
"3L5X_A_HL|HL91P,NL92L,YL94A",-0.44441348,2.2143598,1,1
"3L5X_A_HL|HL91Q,NL92D,EL93I,YL94G",-1.5503801,0.038442686,1,1
"3L5X_A_HL|HL91Q,NL92D,EL93L,YL94G",-1.785132,-0.0038301796,1,1
"3L5X_A_HL|HL91Q,NL92D,EL93Y,YL94G",-1.451453,-0.30041736,1,1
"3L5X_A_HL|NL92D,EL93L,YL94G",-0.42962858,-0.11821985,1,1
"3L5X_A_HL|NL92D,EL93N,YL94S",-0.53403836,0.21048094,1,1
"3L5X_A_HL|NL92D,EL93P,YL94G",-1.4699602,1.25404,1,1
"3L5X_A_HL|NL92D,EL93R,YL94D",-0.52253926,0.24760102,1,1
"3L5X_A_HL|NL92D,EL93W,YL94E",-1.1963489,-0.20347206,1,1
"3L5X_A_HL|NL92D,EL93W,YL94G",-1.6825228,-0.32643664,1,1
"3L5X_A_HL|NL92D,EL93W,YL94S",-0.71612674,-0.0017802585,1,1
"3L5X_A_HL|NL92D,EL93Y,YL94A",-0.8069743,0.12745582,1,1
"3L5X_A_HL|NL92E,EL93S,YL94G",-1.2653587,-0.34665847,1,1
"3L5X_A_HL|NL92E,EL93W,YL94G",-1.5503801,-0.45835668,1,1
"3L5X_A_HL|NL92F,EL93W,YL94G",-1.2329907,-0.57096714,1,1
"3L5X_A_HL|NL92L,EL93D,YL94S",-0.6170473,-0.07404045,1,1
"3L5X_A_HL|NL92L,EL93L,YL94G",-0.6259698,-0.120651506,1,1
"3L5X_A_HL|NL92L,EL93M,YL94G",-0.82567644,-0.112731576,1,1
"3L5X_A_HL|NL92L,EL93N,YL94G",-0.6954369,-0.14575,1,1
"3L5X_A_HL|NL92S,EL93H,YL94G",-1.2457265,0.1725813,1,1
"3L5X_A_HL|NL92S,EL93I,YL94G",-0.8069743,0.05734551,1,1
"3L5X_A_HL|NL92S,EL93S,YL94G",-0.24921271,-0.09621622,1,1
"3L5X_A_HL|NL92S,EL93V,YL94G",-0.51687235,0.040471718,1,1
"3L5X_A_HL|NL92S,EL93W,YL94A",-0.30302802,0.38880998,1,1
"3L5X_A_HL|NL92S,EL93W,YL94G",-1.2720501,-0.22554067,1,1
"3L5X_A_HL|NL92S,EL93Y,YL94G",-0.9641868,-0.2666122,1,1
"3L5X_A_HL|NL92V,EL93G,YL94G",-0.46300006,-0.1582187,1,1
"3L5X_A_HL|NL92V,EL93W,YL94G",-0.83525383,-0.07584169,1,1
3L5X_A_HL|YL94A,-0.82885176,0.6723875,1,1
3N85_A_LH|SH32A,-0.13401966,0.1875744,1,1
3N85_A_LH|SH32Y,0.0571225,-0.12513995,1,1
3N85_A_LH|SH50G,0.48767117,-0.32448703,1,1
3N85_A_LH|SH52Y,-0.78460336,-0.31193084,1,1
3N85_A_LH|WH100F,-0.015185109,-0.010256231,1,1
3N85_A_LH|WH30K,-0.78460336,0.0025490075,1,1
3N85_A_LH|WH30R,-0.5539675,-0.044566955,1,1
3N85_A_LH|WL91F,0.13959166,0.38186544,1,1
3N85_A_LH|WL94Y,-0.03871881,-0.20010467,1,1
3SE8_HL_G|DH110A,-0.38934898,0.2976368,1,1
3SE8_HL_G|DH114A,-0.2441398,1.1047739,1,1
3SE8_HL_G|DL49A,0.8558488,0.25179237,1,1
3SE8_HL_G|EL1A,-0.5565174,0.07057173,1,1
3SE8_HL_G|EL91A,1.513491,1.1303453,1,1
3SE8_HL_G|FH115A,1.0676043,0.4502154,1,1
3SE8_HL_G|FL90A,-0.8640972,1.1404383,1,1
3SE8_HL_G|FL92A,0.8323254,0.025054231,1,1
3SE8_HL_G|GH56A,0.3570972,0.62470406,1,1
3SE8_HL_G|KH52A,1.1114144,0.21083677,1,1
3SE8_HL_G|LH54A,0.054776184,0.12077463,1,1
3SE8_HL_G|NL30A,0.19434923,0.43183047,1,1
3SE8_HL_G|PH78A,0.01881787,0.17352875,1,1
3SE8_HL_G|PH81A,-0.07091986,0.07511082,1,1
3SE8_HL_G|QH63A,1.1144251,0.12968327,1,1
3SE8_HL_G|QH65A,0.54980505,0.3836007,1,1
3SE8_HL_G|QH76A,0.09689985,0.41178417,1,1
3SE8_HL_G|QL27A,-0.21612903,-0.022506574,1,1
3SE8_HL_G|RH30A,-0.03949762,0.12345153,1,1
3SE8_HL_G|RH62A,1.2061691,0.47746706,1,1
3SE8_HL_G|RH72A,2.6444623,0.36766362,1,1
3SE8_HL_G|SH59A,1.1508402,0.58614135,1,1
3SE8_HL_G|VH58A,1.2496852,0.32278317,1,1
3SE8_HL_G|WH47A,1.4751467,1.381843,1,1
3SE8_HL_G|WH50A,1.333526,1.3673081,1,1
3SE8_HL_G|WH55A,0.7611056,0.05625137,1,1
3SE8_HL_G|YH111A,0.82992166,-0.08192809,1,1
3SE8_HL_G|YH60A,0.8558488,0.32551962,1,1
4KRL_A_B|DB112A,0.6496817,1.2444092,1,1
5C6T_HL_A|EA194A,1.0906719,0.8980209,1,1
5C6T_HL_A|FA192A,1.9972014,0.71777046,1,1
5C6T_HL_A|FA199A,2.7581792,0.42770785,1,1
5C6T_HL_A|FA200A,0.41047263,0.20027305,1,1
5C6T_HL_A|FH99A,1.4600298,0.31563163,1,1
5C6T_HL_A|IA201A,0.88561165,0.17339996,1,1
5C6T_HL_A|NA183A,0.28399685,0.0994297,1,1
5C6T_HL_A|NA186A,0.3630724,0.5487194,1,1
5C6T_HL_A|NA188A,-0.36658686,0.4191445,1,1
"5C6T_HL_A|NA195A,DA197A",0.58650106,0.9793382,1,1
5C6T_HL_A|NH97A,1.5258962,0.42282254,1,1
5C6T_HL_A|RH31S,0.3115454,-0.39442217,1,1
5C6T_HL_A|RL48A,0.1229613,-0.08458243,1,1
5C6T_HL_A|SH32A,-0.8683455,0.30655456,1,1
5C6T_HL_A|TA185A,0.33786914,0.32851517,1,1
5C6T_HL_A|YA182A,3.2083547,0.41764367,1,1
"5C6T_HL_A|YA182A,NA195A,DA197A",2.942425,1.418845,1,1
5C6T_HL_A|YH104A,0.3630724,0.50947666,1,1
5C6T_HL_A|YH98A,1.7166799,0.95256114,1,1
5C6T_HL_A|YL47A,0.5516565,0.78424644,1,1
1KIP_AB_C|AB32Y,-0.8005932,-0.5968552,1,2
1XGU_AB_C|FB33A,4.0,-0.12186412,1,2
1XGU_AB_C|FB33I,1.8004549,-0.14601547,1,2
1XGU_AB_C|FB33L,1.8617703,-0.17839868,1,2
1XGU_AB_C|FB33V,2.9080825,-0.18150668,1,2
2B2X_HL_A|EH64K,-0.033433665,-0.4453377,1,2
"2B2X_HL_A|EH64K,QL28S,YL52N",0.911615,-0.39809042,1,2
"2B2X_HL_A|EH64K,QL28S,YL52N,GH102S",2.7106705,-0.55346864,1,2
"2B2X_HL_A|EH64K,QL28S,YL52N,SH35A",3.119054,-0.22969303,1,2
"2B2X_HL_A|EH64K,QL28S,YL52N,SH35V",3.770335,-0.46285057,1,2
"2B2X_HL_A|EH64K,YL52N",0.34853002,-0.31792203,1,2
"2B2X_HL_A|QL28S,YL52N",0.8626942,-0.15224142,1,2
2B2X_HL_A|VH50T,0.024054652,-0.010453592,1,2
"2B2X_HL_A|VH50T,EH64D,QL28S,YL52N",0.87177193,-0.34427977,1,2
"2B2X_HL_A|VH50T,EH64K,QL28S",0.991589,-0.3768423,1,2
"2B2X_HL_A|VH50T,EH64K,QL28S,YL52D",1.5439764,-0.49796408,1,2
"2B2X_HL_A|VH50T,EH64K,QL28S,YL52E",0.95452905,-0.46351823,1,2
"2B2X_HL_A|VH50T,EH64K,QL28S,YL52K",1.7007239,-0.38330245,1,2
"2B2X_HL_A|VH50T,EH64K,QL28S,YL52N",1.043214,-0.49457526,1,2
"2B2X_HL_A|VH50T,EH64K,QL28S,YL52N,FH99W",1.043214,-0.57580435,1,2
"2B2X_HL_A|VH50T,EH64K,QL28S,YL52N,FH99Y",1.7978828,-0.5783278,1,2
"2B2X_HL_A|VH50T,EH64K,QL28S,YL52N,GH100F",1.4322319,-0.6018408,1,2
"2B2X_HL_A|VH50T,EH64K,QL28S,YL52N,GH100L",3.770335,-0.56867117,1,2
"2B2X_HL_A|VH50T,EH64K,QL28S,YL52N,GH100M",1.145348,-0.55955046,1,2
"2B2X_HL_A|VH50T,EH64K,QL28S,YL52N,GH100S",1.6009614,-0.5985296,1,2
"2B2X_HL_A|VH50T,EH64K,QL28S,YL52N,GH53A",1.5558206,-0.42479658,1,2
"2B2X_HL_A|VH50T,EH64K,QL28S,YL52N,GH53N",2.2985272,-0.57795465,1,2
"2B2X_HL_A|VH50T,EH64K,QL28S,YL52N,GH53S",1.7188073,-0.58290756,1,2
"2B2X_HL_A|VH50T,EH64K,QL28S,YL52N,GH54I",2.4067745,-0.49052295,1,2
"2B2X_HL_A|VH50T,EH64K,QL28S,YL52N,GH54T",2.2073808,-0.5275824,1,2
"2B2X_HL_A|VH50T,EH64K,QL28S,YL52N,GH54Y",1.043214,-0.5631311,1,2
"2B2X_HL_A|VH50T,EH64K,QL28S,YL52N,GL92Q",2.6158988,-0.5668101,1,2
"2B2X_HL_A|VH50T,EH64K,QL28S,YL52N,GL92S",1.5558206,-0.5751001,1,2
"2B2X_HL_A|VH50T,EH64K,QL28S,YL52N,HL31K",2.2073808,-0.55600137,1,2
"2B2X_HL_A|VH50T,EH64K,QL28S,YL52N,HL31R",2.1670115,-0.5860659,1,2
"2B2X_HL_A|VH50T,EH64K,QL28S,YL52N,HL31W",2.2985272,-0.6126632,1,2
"2B2X_HL_A|VH50T,EH64K,QL28S,YL52N,LH60D",0.981894,-0.64399594,1,2
"2B2X_HL_A|VH50T,EH64K,QL28S,YL52N,LL49F",1.7554936,-0.59857804,1,2
"2B2X_HL_A|VH50T,EH64K,QL28S,YL52N,LL49K",1.9044149,-0.58384985,1,2
"2B2X_HL_A|VH50T,EH64K,QL28S,YL52N,LL49W",2.9507816,-0.6005209,1,2
"2B2X_HL_A|VH50T,EH64K,QL28S,YL52N,NL30V",2.0925434,-0.53803223,1,2
"2B2X_HL_A|VH50T,EH64K,QL28S,YL52N,NL30W",2.6158988,-0.5611686,1,2
"2B2X_HL_A|VH50T,EH64K,QL28S,YL52N,NL30Y",2.9507816,-0.6180522,1,2
"2B2X_HL_A|VH50T,EH64K,QL28S,YL52N,NL30Y,SL91I",1.4775821,-0.66737586,1,2
"2B2X_HL_A|VH50T,EH64K,QL28S,YL52N,RH31Q",2.350542,-0.6184619,1,2
"2B2X_HL_A|VH50T,EH64K,QL28S,YL52N,SH35A",2.6158988,-0.37894976,1,2
"2B2X_HL_A|VH50T,EH64K,QL28S,YL52N,SH35A,GH102S",2.6158988,-0.5378768,1,2
"2B2X_HL_A|VH50T,EH64K,QL28S,YL52N,SH35Q",3.770335,-0.61917514,1,2
"2B2X_HL_A|VH50T,EH64K,QL28S,YL52N,SH35V,GH102S",2.4688888,-0.7184765,1,2
"2B2X_HL_A|VH50T,EH64K,QL28S,YL52N,SH52M",3.119054,-0.63454914,1,2
"2B2X_HL_A|VH50T,EH64K,QL28S,YL52N,SL24R",0.82788163,-0.59563804,1,2
"2B2X_HL_A|VH50T,EH64K,QL28S,YL52N,SL91Q",2.8172472,-0.59416956,1,2
"2B2X_HL_A|VH50T,EH64K,QL28S,YL52N,SL91R",3.770335,-0.5348111,1,2
"2B2X_HL_A|VH50T,EH64K,QL28S,YL52N,SL91R,NL30E",3.770335,-0.5714884,1,2
"2B2X_HL_A|VH50T,EH64K,QL28S,YL52N,SL91T",3.3598623,-0.54026985,1,2
"2B2X_HL_A|VH50T,EH64K,QL28S,YL52N,TH33E,GH53Q",2.7106705,-0.6888817,1,2
"2B2X_HL_A|VH50T,EH64K,QL28S,YL52N,TH33I,SH52T,GH53N,GH54N",2.9507816,-0.8238262,1,2
"2B2X_HL_A|VH50T,EH64K,QL28S,YL52N,TH33I,SH52T,GH53Q,GH54F",2.2985272,-0.6253094,1,2
"2B2X_HL_A|VH50T,EH64K,QL28S,YL52N,TH33N",3.770335,-0.57032067,1,2
"2B2X_HL_A|VH50T,EH64K,QL28S,YL52N,TH33V",1.4775821,-0.62193483,1,2
"2B2X_HL_A|VH50T,EH64K,QL28S,YL52N,WL90Q",3.119054,-0.6466068,1,2
"2B2X_HL_A|VH50T,EH64K,QL28S,YL52N,WL90Q,FL33Y",1.914233,-0.8087466,1,2
"2B2X_HL_A|VH50T,EH64K,QL28S,YL52N,YH58E",3.119054,-0.6521961,1,2
"2B2X_HL_A|VH50T,EH64K,QL28S,YL52N,YH58Q",3.119054,-0.5923467,1,2
"2B2X_HL_A|VH50T,EH64K,QL28S,YL52N,YH58W",1.8641591,-0.5710309,1,2
"2B2X_HL_A|VH50T,EH64K,QL28S,YL52N,YH59E",1.5872209,-0.69813496,1,2
"2B2X_HL_A|VH50T,EH64K,QL28S,YL52R",1.8880546,-0.38608822,1,2
"2B2X_HL_A|VH50T,EH64K,YL52N",0.28173435,-0.3906028,1,2
"2B2X_HL_A|VH50T,EH64N,QL28S,YL52N",1.0069425,-0.36410192,1,2
"2B2X_HL_A|VH50T,EH64Q,QL28S,YL52N",0.96559924,-0.41926557,1,2
"2B2X_HL_A|VH50T,EH64Q,QL28S,YL52N,LH60D",1.0862032,-0.5964217,1,2
"2B2X_HL_A|VH50T,QL28S,YL52N",0.96559924,-0.26324806,1,2
"2B2X_HL_A|VH50T,QL28S,YL52N,LH60D",0.90141344,-0.38680935,1,2
"2B2X_HL_A|VH50T,YL52N",0.18636756,-0.14287965,1,2
2B2X_HL_A|YL52E,-0.22410508,0.15536596,1,2
2VIR_AB_C|SC115L,3.680209,-0.06650121,1,2
2VIR_AB_C|TC89I,4.0,-0.026244406,1,2
"3G6D_LH_A|EL3V,GL76R,TL77V,QL78E,EL80G",0.13981691,0.13079359,1,2
"3G6D_LH_A|EL3V,GL76R,TL77V,QL78E,EL80G,DH54N",0.111178115,0.16533533,1,2
"3G6D_LH_A|EL3V,GL76R,TL77V,QL78E,EL80G,TL89S,ML92I,VL93D,TL94K",0.27145106,0.008946894,1,2
3G6D_LH_A|HH104A,-0.9530879,0.0697005,1,2
"3G6D_LH_A|KH210T,KH215T",-0.13294782,0.069460236,1,2
"3G6D_LH_A|TL89S,ML92I,VL93D,TL94K",0.7979767,-0.13868892,1,2
3G6D_LH_A|WH105A,-1.4965084,0.09090861,1,2
"3IDX_HL_G|CG27I,CG242Q",-2.4650376,-0.019322932,1,2
"3IDX_HL_G|CG27I,CG242Q,MG247A",-2.1736174,0.07142975,1,2
"3IDX_HL_G|KG85C,EG121C,CG27I,CG242Q",-2.3776865,0.045640208,1,2
"3IDX_HL_G|KG85C,EG121C,WG13M,MG247A,CG14W,CG129V,CG27I,CG242Q",-2.1922898,0.04272406,1,2
"3IDX_HL_G|KG85C,EG122C,WG13M,MG247A,CG14W,CG129V,CG27I,CG242Q",-2.2927184,0.038834043,1,2
"3IDX_HL_G|TG41C,GG245C,MG247A",0.40945426,0.23564228,1,2
"3IDX_HL_G|TG41C,GG245C,WG13M,MG247A,CG14W,CG129V,CG27I,CG242Q",-2.3310676,0.04942503,1,2
"3IDX_HL_G|WG13M,MG247A,CG14W,CG129V",-0.6475391,0.026838062,1,2
"3IDX_HL_G|WG13M,MG247A,CG14W,CG129V,CG27I,CG242Q",-2.3479884,-0.040755525,1,2
"3IDX_HL_G|WG13M,MG247A,CG14W,CG129V,KG85C,EG121C",-0.36166522,0.11820466,1,2
"3IDX_HL_G|WG13M,SG111T,WG200S,MG247A,CG14W,CG129V,CG27I,CG242Q",-1.8639641,-0.23847215,1,2
"3L5X_A_HL|EL93F,YL94G",-0.42800838,-0.055881213,1,2
"3L5X_A_HL|EL93H,YL94G",-0.7626503,-0.29152372,1,2
"3L5X_A_HL|HL91P,NL92I,EL93D,YL94A",-0.6466697,-0.07416525,1,2
"3L5X_A_HL|HL91P,NL92L,EL93D,YL94S",-0.6327897,-0.20277607,1,2
"3L5X_A_HL|HL91P,NL92L,EL93D,YL94T",-0.81005055,-0.18842855,1,2
"3L5X_A_HL|HL91P,NL92L,EL93D,YL94V",-0.85822237,-0.123278774,1,2
"3L5X_A_HL|HL91P,NL92L,YL94A",-0.44441348,-0.043726277,1,2
"3L5X_A_HL|HL91Q,NL92D,EL93I,YL94G",-1.5503801,-0.11262273,1,2
"3L5X_A_HL|HL91Q,NL92D,EL93L,YL94G",-1.785132,-0.13210012,1,2
"3L5X_A_HL|HL91Q,NL92D,EL93Y,YL94G",-1.451453,-0.23565169,1,2
"3L5X_A_HL|NL92D,EL93L,YL94G",-0.42962858,-0.05038964,1,2
"3L5X_A_HL|NL92D,EL93N,YL94S",-0.53403836,-0.12906882,1,2
"3L5X_A_HL|NL92D,EL93P,YL94G",-1.4699602,-0.17024764,1,2
"3L5X_A_HL|NL92D,EL93R,YL94D",-0.52253926,-0.19971009,1,2
"3L5X_A_HL|NL92D,EL93W,YL94E",-1.1963489,-0.11239821,1,2
"3L5X_A_HL|NL92D,EL93W,YL94G",-1.6825228,-0.106115535,1,2
"3L5X_A_HL|NL92D,EL93W,YL94S",-0.71612674,-0.12366731,1,2
"3L5X_A_HL|NL92D,EL93Y,YL94A",-0.8069743,-0.085093044,1,2
"3L5X_A_HL|NL92E,EL93S,YL94G",-1.2653587,-0.13908099,1,2
"3L5X_A_HL|NL92E,EL93W,YL94G",-1.5503801,-0.10600313,1,2
"3L5X_A_HL|NL92F,EL93W,YL94G",-1.2329907,-0.01034807,1,2
"3L5X_A_HL|NL92L,EL93D,YL94S",-0.6170473,-0.10566915,1,2
"3L5X_A_HL|NL92L,EL93L,YL94G",-0.6259698,0.029750314,1,2
"3L5X_A_HL|NL92L,EL93M,YL94G",-0.82567644,0.027266607,1,2
"3L5X_A_HL|NL92L,EL93N,YL94G",-0.6954369,-0.07305077,1,2
"3L5X_A_HL|NL92S,EL93H,YL94G",-1.2457265,-0.23260087,1,2
"3L5X_A_HL|NL92S,EL93I,YL94G",-0.8069743,0.0033244607,1,2
"3L5X_A_HL|NL92S,EL93S,YL94G",-0.24921271,-0.094582565,1,2
"3L5X_A_HL|NL92S,EL93V,YL94G",-0.51687235,-0.0024750396,1,2
"3L5X_A_HL|NL92S,EL93W,YL94A",-0.30302802,0.0027796072,1,2
"3L5X_A_HL|NL92S,EL93W,YL94G",-1.2720501,-0.06422873,1,2
"3L5X_A_HL|NL92S,EL93Y,YL94G",-0.9641868,-0.107417144,1,2
"3L5X_A_HL|NL92V,EL93G,YL94G",-0.46300006,-0.075210534,1,2
"3L5X_A_HL|NL92V,EL93W,YL94G",-0.83525383,0.012588996,1,2
3L5X_A_HL|YL94A,-0.82885176,-0.074558735,1,2
3N85_A_LH|SH32A,-0.13401966,0.14141399,1,2
3N85_A_LH|SH32Y,0.0571225,-0.12952283,1,2
3N85_A_LH|SH50G,0.48767117,-0.0060817148,1,2
3N85_A_LH|SH52Y,-0.78460336,-0.38266945,1,2
3N85_A_LH|WH100F,-0.015185109,-0.038851865,1,2
3N85_A_LH|WH30K,-0.78460336,0.021609588,1,2
3N85_A_LH|WH30R,-0.5539675,-0.043068755,1,2
3N85_A_LH|WL91F,0.13959166,-0.062667266,1,2
3N85_A_LH|WL94Y,-0.03871881,-0.059142493,1,2
3SE8_HL_G|DH110A,-0.38934898,0.10936866,1,2
3SE8_HL_G|DH114A,-0.2441398,0.08667493,1,2
3SE8_HL_G|DL49A,0.8558488,0.21727309,1,2
3SE8_HL_G|EL1A,-0.5565174,-0.016662104,1,2
3SE8_HL_G|EL91A,1.513491,0.12865013,1,2
3SE8_HL_G|FH115A,1.0676043,-0.057188332,1,2
3SE8_HL_G|FL90A,-0.8640972,0.078706086,1,2
3SE8_HL_G|FL92A,0.8323254,0.049383156,1,2
3SE8_HL_G|GH56A,0.3570972,0.14694884,1,2
3SE8_HL_G|KH52A,1.1114144,0.078479946,1,2
3SE8_HL_G|LH54A,0.054776184,0.03825892,1,2
3SE8_HL_G|NL30A,0.19434923,0.15450548,1,2
3SE8_HL_G|PH78A,0.01881787,0.05873497,1,2
3SE8_HL_G|PH81A,-0.07091986,0.023324436,1,2
3SE8_HL_G|QH63A,1.1144251,0.052571908,1,2
3SE8_HL_G|QH65A,0.54980505,0.017982353,1,2
3SE8_HL_G|QH76A,0.09689985,0.097584404,1,2
3SE8_HL_G|QL27A,-0.21612903,-0.04343817,1,2
3SE8_HL_G|RH30A,-0.03949762,0.14547049,1,2
3SE8_HL_G|RH62A,1.2061691,-0.05219247,1,2
3SE8_HL_G|RH72A,2.6444623,0.0097448155,1,2
3SE8_HL_G|SH59A,1.1508402,-0.013912292,1,2
3SE8_HL_G|VH58A,1.2496852,-0.13563532,1,2
3SE8_HL_G|WH47A,1.4751467,0.5155133,1,2
3SE8_HL_G|WH50A,1.333526,0.11938367,1,2
3SE8_HL_G|WH55A,0.7611056,-0.06056094,1,2
3SE8_HL_G|YH111A,0.82992166,0.100713186,1,2
3SE8_HL_G|YH60A,0.8558488,0.105566114,1,2
4KRL_A_B|DB112A,0.6496817,0.059246007,1,2
5C6T_HL_A|EA194A,1.0906719,0.19614004,1,2
5C6T_HL_A|FA192A,1.9972014,0.010143578,1,2
5C6T_HL_A|FA199A,2.7581792,-0.0103603825,1,2
5C6T_HL_A|FA200A,0.41047263,-0.009575523,1,2
5C6T_HL_A|FH99A,1.4600298,-0.028573148,1,2
5C6T_HL_A|IA201A,0.88561165,0.05147059,1,2
5C6T_HL_A|NA183A,0.28399685,0.0990779,1,2
5C6T_HL_A|NA186A,0.3630724,0.0004516323,1,2
5C6T_HL_A|NA188A,-0.36658686,0.263056,1,2
"5C6T_HL_A|NA195A,DA197A",0.58650106,0.29844832,1,2
5C6T_HL_A|NH97A,1.5258962,0.16680594,1,2
5C6T_HL_A|RH31S,0.3115454,0.010953251,1,2
5C6T_HL_A|RL48A,0.1229613,0.25956744,1,2
5C6T_HL_A|SH32A,-0.8683455,0.28702277,1,2
5C6T_HL_A|TA185A,0.33786914,0.23234959,1,2
5C6T_HL_A|YA182A,3.2083547,0.03394696,1,2
"5C6T_HL_A|YA182A,NA195A,DA197A",2.942425,0.27373084,1,2
5C6T_HL_A|YH104A,0.3630724,0.17367466,1,2
5C6T_HL_A|YH98A,1.7166799,0.2146179,1,2
5C6T_HL_A|YL47A,0.5516565,0.2987241,1,2
1DVF_AB_CD|DB100A,2.7895143,0.18644403,2,0
"1DVF_AB_CD|DB100A,DD52A",4.0,0.4031797,2,0
"1DVF_AB_CD|DB100A,HD33A",4.0,0.46178105,2,0
"1DVF_AB_CD|DB100A,ND55A",4.0,0.28654218,2,0
1DVF_AB_CD|DB54A,4.0,0.21998237,2,0
"1DVF_AB_CD|DB54A,YC49A",4.0,0.744532,2,0
1DVF_AB_CD|DB58A,1.6000048,0.20190455,2,0
"1DVF_AB_CD|DB58A,QD104A",1.4641725,0.37267596,2,0
1DVF_AB_CD|DD52A,1.6822901,0.027456194,2,0
1DVF_AB_CD|EB98A,4.0,0.384022,2,0
"1DVF_AB_CD|EB98A,YD102A",4.0,0.6348539,2,0
1DVF_AB_CD|HA30A,1.6493824,0.29702625,2,0
1DVF_AB_CD|HD33A,1.8606005,0.119038746,2,0
1DVF_AB_CD|ID101A,2.6815457,0.19508822,2,0
1DVF_AB_CD|KD30A,1.0035173,0.14986178,2,0
1DVF_AB_CD|NB56A,1.1624389,0.07130161,2,0
"1DVF_AB_CD|NB56A,HD33A",2.5259995,0.36497483,2,0
"1DVF_AB_CD|NB56A,ND55A",2.3010929,0.15133935,2,0
"1DVF_AB_CD|NB56A,QD104A",1.4868644,0.2588199,2,0
1DVF_AB_CD|ND55A,1.8606005,-0.067945614,2,0
1DVF_AB_CD|QD104A,1.6287225,0.05782116,2,0
1DVF_AB_CD|RB99A,1.8746451,0.26732987,2,0
1DVF_AB_CD|RD106A,4.0,0.20360364,2,0
1DVF_AB_CD|SA93A,1.1624389,-0.0046965107,2,0
1DVF_AB_CD|TB30A,0.9075126,0.057268437,2,0
1DVF_AB_CD|WA92A,0.34072307,0.3360206,2,0
1DVF_AB_CD|WB52A,4.0,0.48071286,2,0
"1DVF_AB_CD|WB52A,QD104A",4.0,0.6097732,2,0
1DVF_AB_CD|YA32A,2.0303695,0.31701702,2,0
"1DVF_AB_CD|YA32A,RD106A",4.0,0.58733654,2,0
1DVF_AB_CD|YA49A,1.6785902,0.4769537,2,0
"1DVF_AB_CD|YA49A,HD33A",2.625045,0.69826275,2,0
"1DVF_AB_CD|YA49A,ND55A",2.0303695,0.5017635,2,0
1DVF_AB_CD|YA50A,0.6877736,0.55340546,2,0
1DVF_AB_CD|YB101F,2.0123136,-0.18705916,2,0
1DVF_AB_CD|YB32A,1.8314707,0.856999,2,0
1DVF_AB_CD|YC49A,1.8606005,0.3536612,2,0
1DVF_AB_CD|YD102A,4.0,0.23919204,2,0
1MHP_HL_A|FH99W,0.0,-0.6200452,2,0
1MHP_HL_A|FH99Y,0.75466895,-0.68729156,2,0
1MHP_HL_A|GH100F,0.38901797,-0.5927584,2,0
1MHP_HL_A|GH100L,2.727121,-0.52624035,2,0
1MHP_HL_A|GH100M,0.10213403,-0.5330105,2,0
1MHP_HL_A|GH100S,0.5577475,-0.51783824,2,0
1MHP_HL_A|GH53A,0.5126066,-0.26571673,2,0
1MHP_HL_A|GH53N,1.2553134,-0.54587543,2,0
1MHP_HL_A|GH53S,0.6755934,-0.425797,2,0
1MHP_HL_A|GH54I,1.3635606,-0.5556556,2,0
1MHP_HL_A|GH54T,1.1641668,-0.55839145,2,0
1MHP_HL_A|GH54Y,0.0,-0.6463331,2,0
1MHP_HL_A|GL91Q,1.572685,-0.4882541,2,0
1MHP_HL_A|GL91S,0.5126066,-0.4266266,2,0
1MHP_HL_A|HL30K,1.1641668,-0.4321155,2,0
1MHP_HL_A|HL30R,1.1237977,-0.53709024,2,0
1MHP_HL_A|HL30W,1.2553134,-0.6428796,2,0
1MHP_HL_A|KH64D,-0.17144196,-0.20004797,2,0
1MHP_HL_A|KH64E,-0.07761467,-0.5582399,2,0
"1MHP_HL_A|KH64E,SL27Q",-0.85684633,-0.86545646,2,0
"1MHP_HL_A|KH64E,SL27Q,NL51Y",-1.0191593,-0.99572235,2,0
1MHP_HL_A|KH64N,-0.03627145,-0.21929176,2,0
1MHP_HL_A|KH64Q,-0.07761467,-0.42513314,2,0
1MHP_HL_A|LH60D,-0.061319917,0.16898495,2,0
"1MHP_HL_A|LH60D,KH64E",-0.1418005,-0.072917774,2,0
"1MHP_HL_A|LH60D,KH64Q",0.042989343,0.099368826,2,0
1MHP_HL_A|LL48F,0.71227974,-0.3336032,2,0
1MHP_HL_A|LL48K,0.8612009,-0.10090208,2,0
1MHP_HL_A|LL48W,1.9075676,-0.41965777,2,0
1MHP_HL_A|NL29V,1.0493295,-0.37230244,2,0
1MHP_HL_A|NL29W,1.572685,-0.5716289,2,0
1MHP_HL_A|NL29Y,1.9075676,-0.5737829,2,0
"1MHP_HL_A|NL29Y,SL90I",0.43436813,-0.9390705,2,0
1MHP_HL_A|NL51D,0.5007625,-0.1602574,2,0
1MHP_HL_A|NL51E,-0.08868487,-0.15695795,2,0
1MHP_HL_A|NL51K,0.65751,-0.23307583,2,0
1MHP_HL_A|NL51R,0.84484076,-0.2405926,2,0
1MHP_HL_A|NL51Y,-0.05162489,-0.39147627,2,0
1MHP_HL_A|RH31Q,1.3073281,-0.17218177,2,0
1MHP_HL_A|SH35A,1.572685,0.5985251,2,0
"1MHP_HL_A|SH35A,GH102S",1.572685,0.17440698,2,0
1MHP_HL_A|SH35Q,2.727121,0.033515252,2,0
"1MHP_HL_A|SH35V,GH102S",1.4256749,-0.17312959,2,0
1MHP_HL_A|SH52M,2.0758402,-0.3711692,2,0
1MHP_HL_A|SL23R,-0.21533228,-0.40575475,2,0
1MHP_HL_A|SL27Q,-0.6661127,-0.61102724,2,0
1MHP_HL_A|SL90Q,1.7740332,-0.7157255,2,0
1MHP_HL_A|SL90T,2.3166485,-0.7002588,2,0
"1MHP_HL_A|TH33E,GH53Q",1.6674565,-0.50455606,2,0
"1MHP_HL_A|TH33I,SH52T,GH53N,GH54N",1.9075676,-0.66237015,2,0
"1MHP_HL_A|TH33I,SH52T,GH53Q,GH54F",1.2553134,-0.6488809,2,0
1MHP_HL_A|TH33N,2.727121,-0.34018862,2,0
1MHP_HL_A|TH33V,0.43436813,-0.43817285,2,0
1MHP_HL_A|TH50V,-0.13159887,-0.13721749,2,0
"1MHP_HL_A|TH50V,GH102S",1.6674565,-0.24232405,2,0
"1MHP_HL_A|TH50V,KH64E",-0.1805197,-0.41509554,2,0
"1MHP_HL_A|TH50V,KH64E,SL27Q,NL51E",-1.267319,-0.75493824,2,0
"1MHP_HL_A|TH50V,KH64E,SL27Q,NL51Y",-1.0844951,-0.906786,2,0
"1MHP_HL_A|TH50V,SH35A",2.0758402,0.33124304,2,0
"1MHP_HL_A|TH50V,SH35V",2.727121,-0.03746344,2,0
"1MHP_HL_A|TH50V,SL27Q",-0.6946839,-0.58779395,2,0
"1MHP_HL_A|TH50V,SL27Q,NL51Y",-1.0235296,-0.717349,2,0
1MHP_HL_A|WL89Q,2.0758402,-0.065126404,2,0
"1MHP_HL_A|WL89Q,FL32Y",0.871019,-0.06949812,2,0
1MHP_HL_A|YH58E,2.0758402,0.08499242,2,0
1MHP_HL_A|YH58Q,2.0758402,-0.037330568,2,0
1MHP_HL_A|YH58W,0.82094526,-0.27613872,2,0
1MHP_HL_A|YH59E,0.54400706,0.071892865,2,0
1N8Z_AB_C|DB102W,-0.71302944,-0.1745853,2,0
1N8Z_AB_C|FC539A,0.035102826,0.13964035,2,0
1N8Z_AB_C|HA91F,0.034232877,0.0326418,2,0
1N8Z_AB_C|LC509A,-0.023045197,-0.04409844,2,0
1N8Z_AB_C|NA30S,0.06666317,-0.05760355,2,0
"1N8Z_AB_C|NA30S,HA91F,YA92W",-0.07476232,0.016170647,2,0
"1N8Z_AB_C|NA30S,HA91F,YA92W,TA94S,DB102W,YB105F,YB109V",0.050661404,0.2008218,2,0
1N8Z_AB_C|RB50A,2.9754758,0.52047634,2,0
1N8Z_AB_C|RB59A,1.8037988,0.3067206,2,0
1N8Z_AB_C|SC535A,0.030827092,-0.124271095,2,0
1N8Z_AB_C|TA94S,0.32168603,-0.042913023,2,0
1N8Z_AB_C|VC536A,0.008972699,-0.009442493,2,0
1N8Z_AB_C|YB105F,0.8540034,0.03261578,2,0
1N8Z_AB_C|YB109V,0.23192272,0.10012856,2,0
1XGQ_AB_C|VB33A,1.1525793,0.2659896,2,0
1XGQ_AB_C|VB33F,-2.9080825,-0.09747213,2,0
1XGQ_AB_C|VB33I,-1.1076277,-0.17732611,2,0
1XGQ_AB_C|VB33L,-1.0463123,-0.1022062,2,0
1YQV_HL_Y|RY45K,1.8995041,0.008865994,2,0
"1YQV_HL_Y|RY68K,TY40S,IY55V,SY91T",4.0,0.40408725,2,0
"1YQV_HL_Y|RY68K,TY40S,IY55V,SY91T,QY121H",0.0,0.54275393,2,0
1YY9_CD_A|AC25P,0.07225565,-0.28669366,2,0
1YY9_CD_A|AD98P,1.0372273,-0.1314676,2,0
1YY9_CD_A|GD54P,0.26807046,-0.1573585,2,0
1YY9_CD_A|LD29P,0.030827092,-0.031222433,2,0
1YY9_CD_A|NC93A,-0.74186975,-0.012266111,2,0
1YY9_CD_A|ND56A,-0.057046015,0.1569492,2,0
1YY9_CD_A|SC26D,-0.19925442,-0.054121908,2,0
"1YY9_CD_A|SC26D,TC31E,NC93A",-1.3329437,-0.14698434,2,0
"1YY9_CD_A|SC26D,TC31E,NC93A,ND56A,TD61E",-0.6517935,-0.10994373,2,0
1YY9_CD_A|SC26P,-0.009110746,-0.1255518,2,0
1YY9_CD_A|SC28P,-0.22229962,-0.25580132,2,0
1YY9_CD_A|SC54P,-0.018363854,-0.13565342,2,0
1YY9_CD_A|SD53P,0.8175451,-0.10154092,2,0
1YY9_CD_A|TC31E,-0.51892465,-0.09630272,2,0
"1YY9_CD_A|TC31E,NC93A",-0.81853306,-0.0770109,2,0
1YY9_CD_A|TC96P,4.0,0.012499599,2,0
1YY9_CD_A|TD61E,-0.057046015,0.016456932,2,0
1YY9_CD_A|WD52P,1.4782712,0.190685,2,0
1YY9_CD_A|YD101P,1.6514195,0.20798886,2,0
3NPS_A_BC|DA214A,1.466743,0.2098509,2,0
3NPS_A_BC|DA46A,0.3399866,0.2639794,2,0
3NPS_A_BC|DA47A,1.0674704,0.24687749,2,0
3NPS_A_BC|DA91A,1.5070341,0.17342384,2,0
3NPS_A_BC|EA163A,0.61534816,0.12607326,2,0
3NPS_A_BC|FA50A,0.21957076,0.36046585,2,0
3NPS_A_BC|FA89A,1.5714045,0.7646949,2,0
3NPS_A_BC|FA92A,0.46353978,0.33802333,2,0
3NPS_A_BC|HA138A,1.8750918,0.31300586,2,0
3NPS_A_BC|IA26A,0.6415425,0.5852721,2,0
3NPS_A_BC|IA45A,-0.33181784,0.33070043,2,0
3NPS_A_BC|KA221A,-0.10361039,0.30941764,2,0
3NPS_A_BC|LA147A,0.29573628,0.24705724,2,0
3NPS_A_BC|NA90A,0.25341922,0.17679329,2,0
3NPS_A_BC|QA140A,0.29573628,0.20406464,2,0
3NPS_A_BC|QA168A,-0.059223834,0.15692843,2,0
3NPS_A_BC|QA169A,0.7409076,0.067207396,2,0
3NPS_A_BC|QA218A,-0.040916756,0.13642432,2,0
3NPS_A_BC|QA23A,0.026323749,0.13646092,2,0
3NPS_A_BC|RA219A,-0.08390186,0.122673705,2,0
3NPS_A_BC|RA48A,-1.062741,0.19729012,2,0
3NPS_A_BC|RA51A,0.13816836,0.23672709,2,0
3NPS_A_BC|RA82A,-0.15159543,0.25867936,2,0
3NPS_A_BC|TA144A,0.17497002,-0.17751326,2,0
3NPS_A_BC|TA93A,0.72381234,0.0476873,2,0
3NPS_A_BC|YA141A,1.7748737,0.38314766,2,0
3NPS_A_BC|YA52A,0.4518898,0.49204856,2,0
3W2D_A_HL|KA67N,4.0,0.13432181,2,0
3W2D_A_HL|KA67R,-0.42812017,-0.06848407,2,0
3W2D_A_HL|YA45F,0.8779443,0.029406544,2,0
3W2D_A_HL|YA45L,2.3647563,0.06063058,2,0
"4KRO_A_B|DA321T,FA323A",0.1269707,0.17582999,2,0
"4KRP_A_B|DA277T,FA279A",0.35829666,0.22527137,2,0
4NM8_ABCDEF_HL|DB19N,0.66149956,-0.019612197,2,0
4NM8_ABCDEF_HL|IB18M,0.10977998,-0.045295287,2,0
4NM8_ABCDEF_HL|LB38Y,-0.6151596,-0.092103764,2,0
4NM8_ABCDEF_HL|QB34R,2.9754758,0.0001235269,2,0
4NM8_ABCDEF_HL|QB34T,2.3309386,-0.006949233,2,0
4NM8_ABCDEF_HL|RB25M,3.442353,0.098572135,2,0
4NM8_ABCDEF_HL|TB32E,-0.5517196,-0.059216026,2,0
4NM8_ABCDEF_HL|TB32I,-0.050205972,-0.21282741,2,0
4NM8_ABCDEF_HL|TB32R,1.2211944,-0.26891333,2,0
1DVF_AB_CD|DB100A,2.7895143,0.2399675,2,1
"1DVF_AB_CD|DB100A,DD52A",4.0,0.41496772,2,1
"1DVF_AB_CD|DB100A,HD33A",4.0,0.54394966,2,1
"1DVF_AB_CD|DB100A,ND55A",4.0,0.44367987,2,1
1DVF_AB_CD|DB54A,4.0,0.74784,2,1
"1DVF_AB_CD|DB54A,YC49A",4.0,1.2347467,2,1
1DVF_AB_CD|DB58A,1.6000048,0.3746376,2,1
"1DVF_AB_CD|DB58A,QD104A",1.4641725,0.44921947,2,1
1DVF_AB_CD|DD52A,1.6822901,0.028142415,2,1
1DVF_AB_CD|EB98A,4.0,0.46722788,2,1
"1DVF_AB_CD|EB98A,YD102A",4.0,1.0033219,2,1
1DVF_AB_CD|HA30A,1.6493824,0.6093238,2,1
1DVF_AB_CD|HD33A,1.8606005,0.2518864,2,1
1DVF_AB_CD|ID101A,2.6815457,0.58642393,2,1
1DVF_AB_CD|KD30A,1.0035173,-0.013888702,2,1
1DVF_AB_CD|NB56A,1.1624389,0.35017323,2,1
"1DVF_AB_CD|NB56A,HD33A",2.5259995,0.51602674,2,1
"1DVF_AB_CD|NB56A,ND55A",2.3010929,0.36451423,2,1
"1DVF_AB_CD|NB56A,QD104A",1.4868644,0.41991562,2,1
1DVF_AB_CD|ND55A,1.8606005,0.20237187,2,1
1DVF_AB_CD|QD104A,1.6287225,0.12303091,2,1
1DVF_AB_CD|RB99A,1.8746451,0.45895076,2,1
1DVF_AB_CD|RD106A,4.0,0.28235802,2,1
1DVF_AB_CD|SA93A,1.1624389,0.15051207,2,1
1DVF_AB_CD|TB30A,0.9075126,0.33488667,2,1
1DVF_AB_CD|WA92A,0.34072307,0.78168297,2,1
1DVF_AB_CD|WB52A,4.0,1.2185413,2,1
"1DVF_AB_CD|WB52A,QD104A",4.0,1.2131016,2,1
1DVF_AB_CD|YA32A,2.0303695,0.7478226,2,1
"1DVF_AB_CD|YA32A,RD106A",4.0,0.89034253,2,1
1DVF_AB_CD|YA49A,1.6785902,0.8669955,2,1
"1DVF_AB_CD|YA49A,HD33A",2.625045,1.0064037,2,1
"1DVF_AB_CD|YA49A,ND55A",2.0303695,0.8286054,2,1
1DVF_AB_CD|YA50A,0.6877736,0.6366532,2,1
1DVF_AB_CD|YB101F,2.0123136,0.20292109,2,1
1DVF_AB_CD|YB32A,1.8314707,0.9519295,2,1
1DVF_AB_CD|YC49A,1.8606005,0.56231254,2,1
1DVF_AB_CD|YD102A,4.0,0.55195415,2,1
1MHP_HL_A|FH99W,0.0,-0.61494917,2,1
1MHP_HL_A|FH99Y,0.75466895,-0.42208812,2,1
1MHP_HL_A|GH100F,0.38901797,-1.0038811,2,1
1MHP_HL_A|GH100L,2.727121,-0.9047985,2,1
1MHP_HL_A|GH100M,0.10213403,-0.9105852,2,1
1MHP_HL_A|GH100S,0.5577475,-0.5444597,2,1
1MHP_HL_A|GH53A,0.5126066,0.006915942,2,1
1MHP_HL_A|GH53N,1.2553134,-0.45368898,2,1
1MHP_HL_A|GH53S,0.6755934,-0.16041088,2,1
1MHP_HL_A|GH54I,1.3635606,-0.982083,2,1
1MHP_HL_A|GH54T,1.1641668,-0.76367325,2,1
1MHP_HL_A|GH54Y,0.0,-1.0885594,2,1
1MHP_HL_A|GL91Q,1.572685,-0.8224079,2,1
1MHP_HL_A|GL91S,0.5126066,-0.58608854,2,1
1MHP_HL_A|HL30K,1.1641668,-0.3271623,2,1
1MHP_HL_A|HL30R,1.1237977,-0.446196,2,1
1MHP_HL_A|HL30W,1.2553134,-0.9003557,2,1
1MHP_HL_A|KH64D,-0.17144196,0.09987687,2,1
1MHP_HL_A|KH64E,-0.07761467,-0.015395954,2,1
"1MHP_HL_A|KH64E,SL27Q",-0.85684633,-0.7176567,2,1
"1MHP_HL_A|KH64E,SL27Q,NL51Y",-1.0191593,-1.3437439,2,1
1MHP_HL_A|KH64N,-0.03627145,0.14404991,2,1
1MHP_HL_A|KH64Q,-0.07761467,-0.042042077,2,1
1MHP_HL_A|LH60D,-0.061319917,0.33867222,2,1
"1MHP_HL_A|LH60D,KH64E",-0.1418005,0.019532882,2,1
"1MHP_HL_A|LH60D,KH64Q",0.042989343,0.1241538,2,1
1MHP_HL_A|LL48F,0.71227974,-0.44228554,2,1
1MHP_HL_A|LL48K,0.8612009,-0.16981855,2,1
1MHP_HL_A|LL48W,1.9075676,-0.7665525,2,1
1MHP_HL_A|NL29V,1.0493295,-0.31809455,2,1
1MHP_HL_A|NL29W,1.572685,-0.6913913,2,1
1MHP_HL_A|NL29Y,1.9075676,-0.6140047,2,1
"1MHP_HL_A|NL29Y,SL90I",0.43436813,-1.1261119,2,1
1MHP_HL_A|NL51D,0.5007625,-0.4212307,2,1
1MHP_HL_A|NL51E,-0.08868487,-0.5432543,2,1
1MHP_HL_A|NL51K,0.65751,-0.4771412,2,1
1MHP_HL_A|NL51R,0.84484076,-0.55963874,2,1
1MHP_HL_A|NL51Y,-0.05162489,-0.8391571,2,1
1MHP_HL_A|RH31Q,1.3073281,-0.38986444,2,1
1MHP_HL_A|SH35A,1.572685,0.26122877,2,1
"1MHP_HL_A|SH35A,GH102S",1.572685,-0.2149049,2,1
1MHP_HL_A|SH35Q,2.727121,-0.29469886,2,1
"1MHP_HL_A|SH35V,GH102S",1.4256749,-0.8177042,2,1
1MHP_HL_A|SH52M,2.0758402,-0.35004234,2,1
1MHP_HL_A|SL23R,-0.21533228,-0.79415584,2,1
1MHP_HL_A|SL27Q,-0.6661127,-0.24120903,2,1
1MHP_HL_A|SL90Q,1.7740332,-0.38286132,2,1
1MHP_HL_A|SL90T,2.3166485,-0.3057589,2,1
"1MHP_HL_A|TH33E,GH53Q",1.6674565,-0.38520223,2,1
"1MHP_HL_A|TH33I,SH52T,GH53N,GH54N",1.9075676,-0.86980534,2,1
"1MHP_HL_A|TH33I,SH52T,GH53Q,GH54F",1.2553134,-1.0908959,2,1
1MHP_HL_A|TH33N,2.727121,0.22452217,2,1
1MHP_HL_A|TH33V,0.43436813,-0.12439334,2,1
1MHP_HL_A|TH50V,-0.13159887,-0.37166083,2,1
"1MHP_HL_A|TH50V,GH102S",1.6674565,-0.63825434,2,1
"1MHP_HL_A|TH50V,KH64E",-0.1805197,-0.6483849,2,1
"1MHP_HL_A|TH50V,KH64E,SL27Q,NL51E",-1.267319,-1.1706378,2,1
"1MHP_HL_A|TH50V,KH64E,SL27Q,NL51Y",-1.0844951,-1.4643911,2,1
"1MHP_HL_A|TH50V,SH35A",2.0758402,-0.26718897,2,1
"1MHP_HL_A|TH50V,SH35V",2.727121,-0.8880579,2,1
"1MHP_HL_A|TH50V,SL27Q",-0.6946839,-0.7684883,2,1
"1MHP_HL_A|TH50V,SL27Q,NL51Y",-1.0235296,-1.2782242,2,1
1MHP_HL_A|WL89Q,2.0758402,0.63851917,2,1
"1MHP_HL_A|WL89Q,FL32Y",0.871019,0.72030795,2,1
1MHP_HL_A|YH58E,2.0758402,0.81590897,2,1
1MHP_HL_A|YH58Q,2.0758402,0.52738905,2,1
1MHP_HL_A|YH58W,0.82094526,0.12795854,2,1
1MHP_HL_A|YH59E,0.54400706,0.53363866,2,1
1N8Z_AB_C|DB102W,-0.71302944,-0.4136251,2,1
1N8Z_AB_C|FC539A,0.035102826,0.38550216,2,1
1N8Z_AB_C|HA91F,0.034232877,0.2495636,2,1
1N8Z_AB_C|LC509A,-0.023045197,0.3373329,2,1
1N8Z_AB_C|NA30S,0.06666317,0.14458573,2,1
"1N8Z_AB_C|NA30S,HA91F,YA92W",-0.07476232,0.04994157,2,1
"1N8Z_AB_C|NA30S,HA91F,YA92W,TA94S,DB102W,YB105F,YB109V",0.050661404,0.08186985,2,1
1N8Z_AB_C|RB50A,2.9754758,0.764306,2,1
1N8Z_AB_C|RB59A,1.8037988,0.7301088,2,1
1N8Z_AB_C|SC535A,0.030827092,0.07883566,2,1
1N8Z_AB_C|TA94S,0.32168603,0.10011063,2,1
1N8Z_AB_C|VC536A,0.008972699,0.30716616,2,1
1N8Z_AB_C|YB105F,0.8540034,0.043812037,2,1
1N8Z_AB_C|YB109V,0.23192272,0.15521654,2,1
1XGQ_AB_C|VB33A,1.1525793,0.6547785,2,1
1XGQ_AB_C|VB33F,-2.9080825,0.15183425,2,1
1XGQ_AB_C|VB33I,-1.1076277,0.27925313,2,1
1XGQ_AB_C|VB33L,-1.0463123,0.22904181,2,1
1YQV_HL_Y|RY45K,1.8995041,0.42315194,2,1
"1YQV_HL_Y|RY68K,TY40S,IY55V,SY91T",4.0,0.8200361,2,1
"1YQV_HL_Y|RY68K,TY40S,IY55V,SY91T,QY121H",0.0,0.894125,2,1
1YY9_CD_A|AC25P,0.07225565,-0.1219603,2,1
1YY9_CD_A|AD98P,1.0372273,0.15395218,2,1
1YY9_CD_A|GD54P,0.26807046,0.0628206,2,1
1YY9_CD_A|LD29P,0.030827092,0.2503328,2,1
1YY9_CD_A|NC93A,-0.74186975,-0.014150169,2,1
1YY9_CD_A|ND56A,-0.057046015,0.43838665,2,1
1YY9_CD_A|SC26D,-0.19925442,0.006800249,2,1
"1YY9_CD_A|SC26D,TC31E,NC93A",-1.3329437,-0.21811464,2,1
"1YY9_CD_A|SC26D,TC31E,NC93A,ND56A,TD61E",-0.6517935,-0.23627535,2,1
1YY9_CD_A|SC26P,-0.009110746,0.026809268,2,1
1YY9_CD_A|SC28P,-0.22229962,0.26891443,2,1
1YY9_CD_A|SC54P,-0.018363854,0.015927747,2,1
1YY9_CD_A|SD53P,0.8175451,0.2542654,2,1
1YY9_CD_A|TC31E,-0.51892465,0.15085885,2,1
"1YY9_CD_A|TC31E,NC93A",-0.81853306,-0.06583501,2,1
1YY9_CD_A|TC96P,4.0,0.32396823,2,1
1YY9_CD_A|TD61E,-0.057046015,0.16499478,2,1
1YY9_CD_A|WD52P,1.4782712,0.7477878,2,1
1YY9_CD_A|YD101P,1.6514195,0.676299,2,1
3NPS_A_BC|DA214A,1.466743,0.46230638,2,1
3NPS_A_BC|DA46A,0.3399866,0.026593186,2,1
3NPS_A_BC|DA47A,1.0674704,0.32373735,2,1
3NPS_A_BC|DA91A,1.5070341,0.40115672,2,1
3NPS_A_BC|EA163A,0.61534816,0.10014308,2,1
3NPS_A_BC|FA50A,0.21957076,0.55607367,2,1
3NPS_A_BC|FA89A,1.5714045,1.2114712,2,1
3NPS_A_BC|FA92A,0.46353978,1.3569498,2,1
3NPS_A_BC|HA138A,1.8750918,0.8064341,2,1
3NPS_A_BC|IA26A,0.6415425,0.81170565,2,1
3NPS_A_BC|IA45A,-0.33181784,0.55306906,2,1
3NPS_A_BC|KA221A,-0.10361039,0.4420159,2,1
3NPS_A_BC|LA147A,0.29573628,0.4258892,2,1
3NPS_A_BC|NA90A,0.25341922,0.21637252,2,1
3NPS_A_BC|QA140A,0.29573628,0.6189566,2,1
3NPS_A_BC|QA168A,-0.059223834,0.51408833,2,1
3NPS_A_BC|QA169A,0.7409076,0.5262051,2,1
3NPS_A_BC|QA218A,-0.040916756,0.48228008,2,1
3NPS_A_BC|QA23A,0.026323749,0.2980813,2,1
3NPS_A_BC|RA219A,-0.08390186,0.35948473,2,1
3NPS_A_BC|RA48A,-1.062741,0.49551928,2,1
3NPS_A_BC|RA51A,0.13816836,0.23335943,2,1
3NPS_A_BC|RA82A,-0.15159543,0.17447495,2,1
3NPS_A_BC|TA144A,0.17497002,0.39807385,2,1
3NPS_A_BC|TA93A,0.72381234,0.46167094,2,1
3NPS_A_BC|YA141A,1.7748737,1.7015475,2,1
3NPS_A_BC|YA52A,0.4518898,0.5529184,2,1
3W2D_A_HL|KA67N,4.0,-0.18751544,2,1
3W2D_A_HL|KA67R,-0.42812017,-0.31380486,2,1
3W2D_A_HL|YA45F,0.8779443,-0.120558545,2,1
3W2D_A_HL|YA45L,2.3647563,-0.1168245,2,1
"4KRO_A_B|DA321T,FA323A",0.1269707,0.2564628,2,1
"4KRP_A_B|DA277T,FA279A",0.35829666,0.27957797,2,1
4NM8_ABCDEF_HL|DB19N,0.66149956,0.424842,2,1
4NM8_ABCDEF_HL|IB18M,0.10977998,0.32787794,2,1
4NM8_ABCDEF_HL|LB38Y,-0.6151596,0.033239417,2,1
4NM8_ABCDEF_HL|QB34R,2.9754758,0.22527948,2,1
4NM8_ABCDEF_HL|QB34T,2.3309386,0.20973453,2,1
4NM8_ABCDEF_HL|RB25M,3.442353,0.16467726,2,1
4NM8_ABCDEF_HL|TB32E,-0.5517196,0.21522248,2,1
4NM8_ABCDEF_HL|TB32I,-0.050205972,-0.025456449,2,1
4NM8_ABCDEF_HL|TB32R,1.2211944,0.11808924,2,1
1DVF_AB_CD|DB100A,2.7895143,0.30880553,2,2
"1DVF_AB_CD|DB100A,DD52A",4.0,0.30274004,2,2
"1DVF_AB_CD|DB100A,HD33A",4.0,0.26063004,2,2
"1DVF_AB_CD|DB100A,ND55A",4.0,0.30153957,2,2
1DVF_AB_CD|DB54A,4.0,0.16201046,2,2
"1DVF_AB_CD|DB54A,YC49A",4.0,0.15391392,2,2
1DVF_AB_CD|DB58A,1.6000048,-0.025918402,2,2
"1DVF_AB_CD|DB58A,QD104A",1.4641725,0.18612973,2,2
1DVF_AB_CD|DD52A,1.6822901,0.0929085,2,2
1DVF_AB_CD|EB98A,4.0,-0.063739635,2,2
"1DVF_AB_CD|EB98A,YD102A",4.0,0.18563408,2,2
1DVF_AB_CD|HA30A,1.6493824,0.046142526,2,2
1DVF_AB_CD|HD33A,1.8606005,0.07645684,2,2
1DVF_AB_CD|ID101A,2.6815457,0.045708403,2,2
1DVF_AB_CD|KD30A,1.0035173,0.068153724,2,2
1DVF_AB_CD|NB56A,1.1624389,0.21501349,2,2
"1DVF_AB_CD|NB56A,HD33A",2.5259995,0.19513597,2,2
"1DVF_AB_CD|NB56A,ND55A",2.3010929,0.21947497,2,2
"1DVF_AB_CD|NB56A,QD104A",1.4868644,0.2735268,2,2
1DVF_AB_CD|ND55A,1.8606005,0.11493211,2,2
1DVF_AB_CD|QD104A,1.6287225,0.11027124,2,2
1DVF_AB_CD|RB99A,1.8746451,0.14917047,2,2
1DVF_AB_CD|RD106A,4.0,0.13151671,2,2
1DVF_AB_CD|SA93A,1.1624389,0.08765426,2,2
1DVF_AB_CD|TB30A,0.9075126,0.16582188,2,2
1DVF_AB_CD|WA92A,0.34072307,0.16681726,2,2
1DVF_AB_CD|WB52A,4.0,0.25391918,2,2
"1DVF_AB_CD|WB52A,QD104A",4.0,0.2654268,2,2
1DVF_AB_CD|YA32A,2.0303695,0.31336212,2,2
"1DVF_AB_CD|YA32A,RD106A",4.0,0.25196323,2,2
1DVF_AB_CD|YA49A,1.6785902,0.038218766,2,2
"1DVF_AB_CD|YA49A,HD33A",2.625045,0.033544663,2,2
"1DVF_AB_CD|YA49A,ND55A",2.0303695,0.04438886,2,2
1DVF_AB_CD|YA50A,0.6877736,0.19291693,2,2
1DVF_AB_CD|YB101F,2.0123136,0.022196542,2,2
1DVF_AB_CD|YB32A,1.8314707,0.21597552,2,2
1DVF_AB_CD|YC49A,1.8606005,0.09002954,2,2
1DVF_AB_CD|YD102A,4.0,0.18603049,2,2
1MHP_HL_A|FH99W,0.0,-0.028679881,2,2
1MHP_HL_A|FH99Y,0.75466895,-0.083559096,2,2
1MHP_HL_A|GH100F,0.38901797,0.0293902,2,2
1MHP_HL_A|GH100L,2.727121,0.03929584,2,2
1MHP_HL_A|GH100M,0.10213403,0.023485705,2,2
1MHP_HL_A|GH100S,0.5577475,0.18047452,2,2
1MHP_HL_A|GH53A,0.5126066,0.29920453,2,2
1MHP_HL_A|GH53N,1.2553134,-0.017718058,2,2
1MHP_HL_A|GH53S,0.6755934,0.012192285,2,2
1MHP_HL_A|GH54I,1.3635606,-0.06700041,2,2
1MHP_HL_A|GH54T,1.1641668,-0.06655831,2,2
1MHP_HL_A|GH54Y,0.0,-0.07741708,2,2
1MHP_HL_A|GL91Q,1.572685,-0.15779127,2,2
1MHP_HL_A|GL91S,0.5126066,-0.034565262,2,2
1MHP_HL_A|HL30K,1.1641668,0.25593314,2,2
1MHP_HL_A|HL30R,1.1237977,0.22796208,2,2
1MHP_HL_A|HL30W,1.2553134,0.095585115,2,2
1MHP_HL_A|KH64D,-0.17144196,0.00573409,2,2
1MHP_HL_A|KH64E,-0.07761467,-0.032762207,2,2
"1MHP_HL_A|KH64E,SL27Q",-0.85684633,-0.26084408,2,2
"1MHP_HL_A|KH64E,SL27Q,NL51Y",-1.0191593,-0.30852333,2,2
1MHP_HL_A|KH64N,-0.03627145,-0.05333418,2,2
1MHP_HL_A|KH64Q,-0.07761467,0.03172058,2,2
1MHP_HL_A|LH60D,-0.061319917,0.0041287323,2,2
"1MHP_HL_A|LH60D,KH64E",-0.1418005,0.0070880507,2,2
"1MHP_HL_A|LH60D,KH64Q",0.042989343,0.067914896,2,2
1MHP_HL_A|LL48F,0.71227974,-0.20611425,2,2
1MHP_HL_A|LL48K,0.8612009,-0.08739961,2,2
1MHP_HL_A|LL48W,1.9075676,-0.20491208,2,2
1MHP_HL_A|NL29V,1.0493295,0.07488706,2,2
1MHP_HL_A|NL29W,1.572685,-0.0061206142,2,2
1MHP_HL_A|NL29Y,1.9075676,-0.021544622,2,2
"1MHP_HL_A|NL29Y,SL90I",0.43436813,-0.21709171,2,2
1MHP_HL_A|NL51D,0.5007625,-0.08616705,2,2
1MHP_HL_A|NL51E,-0.08868487,-0.021157358,2,2
1MHP_HL_A|NL51K,0.65751,-0.15894309,2,2
1MHP_HL_A|NL51R,0.84484076,-0.2032773,2,2
1MHP_HL_A|NL51Y,-0.05162489,-0.23113728,2,2
1MHP_HL_A|RH31Q,1.3073281,0.08631748,2,2
1MHP_HL_A|SH35A,1.572685,0.48523414,2,2
"1MHP_HL_A|SH35A,GH102S",1.572685,0.09239366,2,2
1MHP_HL_A|SH35Q,2.727121,0.017649587,2,2
"1MHP_HL_A|SH35V,GH102S",1.4256749,-0.24756116,2,2
1MHP_HL_A|SH52M,2.0758402,-0.110836126,2,2
1MHP_HL_A|SL23R,-0.21533228,-0.19238578,2,2
1MHP_HL_A|SL27Q,-0.6661127,-0.14768401,2,2
1MHP_HL_A|SL90Q,1.7740332,-0.07406841,2,2
1MHP_HL_A|SL90T,2.3166485,-0.0053259037,2,2
"1MHP_HL_A|TH33E,GH53Q",1.6674565,0.015644357,2,2
"1MHP_HL_A|TH33I,SH52T,GH53N,GH54N",1.9075676,0.047065943,2,2
"1MHP_HL_A|TH33I,SH52T,GH53Q,GH54F",1.2553134,0.2189933,2,2
1MHP_HL_A|TH33N,2.727121,0.21120864,2,2
1MHP_HL_A|TH33V,0.43436813,0.15010157,2,2
1MHP_HL_A|TH50V,-0.13159887,-0.15615514,2,2
"1MHP_HL_A|TH50V,GH102S",1.6674565,-0.27320296,2,2
"1MHP_HL_A|TH50V,KH64E",-0.1805197,-0.19718932,2,2
"1MHP_HL_A|TH50V,KH64E,SL27Q,NL51E",-1.267319,-0.28079486,2,2
"1MHP_HL_A|TH50V,KH64E,SL27Q,NL51Y",-1.0844951,-0.32567102,2,2
"1MHP_HL_A|TH50V,SH35A",2.0758402,0.1328728,2,2
"1MHP_HL_A|TH50V,SH35V",2.727121,-0.22099641,2,2
"1MHP_HL_A|TH50V,SL27Q",-0.6946839,-0.28236935,2,2
"1MHP_HL_A|TH50V,SL27Q,NL51Y",-1.0235296,-0.2953196,2,2
1MHP_HL_A|WL89Q,2.0758402,-0.032702696,2,2
"1MHP_HL_A|WL89Q,FL32Y",0.871019,-0.0428402,2,2
1MHP_HL_A|YH58E,2.0758402,0.070175536,2,2
1MHP_HL_A|YH58Q,2.0758402,0.0015970621,2,2
1MHP_HL_A|YH58W,0.82094526,0.026283264,2,2
1MHP_HL_A|YH59E,0.54400706,-0.050511435,2,2
1N8Z_AB_C|DB102W,-0.71302944,-0.13940024,2,2
1N8Z_AB_C|FC539A,0.035102826,0.10503779,2,2
1N8Z_AB_C|HA91F,0.034232877,0.04540792,2,2
1N8Z_AB_C|LC509A,-0.023045197,-0.05322366,2,2
1N8Z_AB_C|NA30S,0.06666317,-0.06877564,2,2
"1N8Z_AB_C|NA30S,HA91F,YA92W",-0.07476232,0.058962367,2,2
"1N8Z_AB_C|NA30S,HA91F,YA92W,TA94S,DB102W,YB105F,YB109V",0.050661404,0.05603531,2,2
1N8Z_AB_C|RB50A,2.9754758,-0.011988262,2,2
1N8Z_AB_C|RB59A,1.8037988,-0.10276256,2,2
1N8Z_AB_C|SC535A,0.030827092,-0.10287075,2,2
1N8Z_AB_C|TA94S,0.32168603,-0.05626083,2,2
1N8Z_AB_C|VC536A,0.008972699,-0.25308362,2,2
1N8Z_AB_C|YB105F,0.8540034,-0.111875184,2,2
1N8Z_AB_C|YB109V,0.23192272,0.066353545,2,2
1XGQ_AB_C|VB33A,1.1525793,0.23041299,2,2
1XGQ_AB_C|VB33F,-2.9080825,0.025421545,2,2
1XGQ_AB_C|VB33I,-1.1076277,0.011040731,2,2
1XGQ_AB_C|VB33L,-1.0463123,0.035808656,2,2
1YQV_HL_Y|RY45K,1.8995041,0.15790954,2,2
"1YQV_HL_Y|RY68K,TY40S,IY55V,SY91T",4.0,-0.24164437,2,2
"1YQV_HL_Y|RY68K,TY40S,IY55V,SY91T,QY121H",0.0,-0.17019589,2,2
1YY9_CD_A|AC25P,0.07225565,-0.15800437,2,2
1YY9_CD_A|AD98P,1.0372273,-0.14088623,2,2
1YY9_CD_A|GD54P,0.26807046,-0.01309016,2,2
1YY9_CD_A|LD29P,0.030827092,0.19687417,2,2
1YY9_CD_A|NC93A,-0.74186975,0.016567409,2,2
1YY9_CD_A|ND56A,-0.057046015,0.11615447,2,2
1YY9_CD_A|SC26D,-0.19925442,-0.16648625,2,2
"1YY9_CD_A|SC26D,TC31E,NC93A",-1.3329437,-0.039749015,2,2
"1YY9_CD_A|SC26D,TC31E,NC93A,ND56A,TD61E",-0.6517935,0.048392642,2,2
1YY9_CD_A|SC26P,-0.009110746,-0.099923424,2,2
1YY9_CD_A|SC28P,-0.22229962,-0.0012996305,2,2
1YY9_CD_A|SC54P,-0.018363854,0.013390526,2,2
1YY9_CD_A|SD53P,0.8175451,0.020416614,2,2
1YY9_CD_A|TC31E,-0.51892465,-0.014415013,2,2
"1YY9_CD_A|TC31E,NC93A",-0.81853306,0.028180834,2,2
1YY9_CD_A|TC96P,4.0,-0.10207242,2,2
1YY9_CD_A|TD61E,-0.057046015,-0.06047518,2,2
1YY9_CD_A|WD52P,1.4782712,0.087755166,2,2
1YY9_CD_A|YD101P,1.6514195,0.11741633,2,2
3NPS_A_BC|DA214A,1.466743,0.17645378,2,2
3NPS_A_BC|DA46A,0.3399866,0.29738617,2,2
3NPS_A_BC|DA47A,1.0674704,0.30725694,2,2
3NPS_A_BC|DA91A,1.5070341,0.31669322,2,2
3NPS_A_BC|EA163A,0.61534816,0.07666634,2,2
3NPS_A_BC|FA50A,0.21957076,-0.12910396,2,2
3NPS_A_BC|FA89A,1.5714045,-0.29145744,2,2
3NPS_A_BC|FA92A,0.46353978,0.20799588,2,2
3NPS_A_BC|HA138A,1.8750918,-0.06373624,2,2
3NPS_A_BC|IA26A,0.6415425,-0.06839282,2,2
3NPS_A_BC|IA45A,-0.33181784,-0.06466687,2,2
3NPS_A_BC|KA221A,-0.10361039,0.06571942,2,2
3NPS_A_BC|LA147A,0.29573628,0.019733673,2,2
3NPS_A_BC|NA90A,0.25341922,0.092734136,2,2
3NPS_A_BC|QA140A,0.29573628,0.23371163,2,2
3NPS_A_BC|QA168A,-0.059223834,0.20620558,2,2
3NPS_A_BC|QA169A,0.7409076,0.14903256,2,2
3NPS_A_BC|QA218A,-0.040916756,0.035800785,2,2
3NPS_A_BC|QA23A,0.026323749,0.13523813,2,2
3NPS_A_BC|RA219A,-0.08390186,0.075059995,2,2
3NPS_A_BC|RA48A,-1.062741,0.26106763,2,2
3NPS_A_BC|RA51A,0.13816836,0.06827041,2,2
3NPS_A_BC|RA82A,-0.15159543,0.097695105,2,2
3NPS_A_BC|TA144A,0.17497002,0.24154282,2,2
3NPS_A_BC|TA93A,0.72381234,0.11685761,2,2
3NPS_A_BC|YA141A,1.7748737,0.12235614,2,2
3NPS_A_BC|YA52A,0.4518898,-0.071496226,2,2
3W2D_A_HL|KA67N,4.0,-0.035009757,2,2
3W2D_A_HL|KA67R,-0.42812017,-0.086353466,2,2
3W2D_A_HL|YA45F,0.8779443,-0.010928158,2,2
3W2D_A_HL|YA45L,2.3647563,-0.011154303,2,2
"4KRO_A_B|DA321T,FA323A",0.1269707,0.18370956,2,2
"4KRP_A_B|DA277T,FA279A",0.35829666,0.17507626,2,2
4NM8_ABCDEF_HL|DB19N,0.66149956,0.16665131,2,2
4NM8_ABCDEF_HL|IB18M,0.10977998,0.34576133,2,2
4NM8_ABCDEF_HL|LB38Y,-0.6151596,0.091322966,2,2
4NM8_ABCDEF_HL|QB34R,2.9754758,0.124160334,2,2
4NM8_ABCDEF_HL|QB34T,2.3309386,0.011916295,2,2
4NM8_ABCDEF_HL|RB25M,3.442353,0.109370686,2,2
4NM8_ABCDEF_HL|TB32E,-0.5517196,0.17431414,2,2
4NM8_ABCDEF_HL|TB32I,-0.050205972,0.111294486,2,2
4NM8_ABCDEF_HL|TB32R,1.2211944,0.05207953,2,2
"1CZ8_HL_VW|LL4M,DH28T,HH31N,YH101H,TH105S",2.939849,0.65592253,3,0
1KIR_AB_C|SA50Y,-1.3870943,-0.6897957,3,0
1MLC_AB_E|KB65D,0.018548755,-0.4177175,3,0
1MLC_AB_E|NA32G,-0.8773867,0.07883449,3,0
"1MLC_AB_E|NA32G,NA92A",-0.6866531,0.2044816,3,0
"1MLC_AB_E|NA32G,NA92A,SB57V,TB58D",-1.7349738,-0.3698788,3,0
1MLC_AB_E|NA32Y,0.0,-0.8880977,3,0
1MLC_AB_E|NA92A,-1.2533532,0.11197995,3,0
"1MLC_AB_E|NA92A,SB57V,TB58D",-2.394188,-0.10673973,3,0
"1MLC_AB_E|NA92A,TB28D,SB57V,TB58D",-2.5813644,0.7833357,3,0
"1MLC_AB_E|NA92A,TB28D,SB57V,TB58D,EB35S,GB99D",-2.9539242,1.7820508,3,0
"1MLC_AB_E|NA92A,TB28D,SB57V,TB58D,GB99D",-0.20357698,1.5893677,3,0
"1MLC_AB_E|NA92A,TB28D,SB57V,TB58D,NA32L",-2.5843081,-0.0393486,3,0
"1MLC_AB_E|NA92A,TB28D,SB57V,TB58D,RB98M,DB100Q",-0.41047263,0.76992846,3,0
"1MLC_AB_E|NA92A,TB28D,SB57V,TB58D,SA91N,SA93A",-1.6104395,0.9342995,3,0
"1MLC_AB_E|NA92A,TB28D,SB57V,TB58D,SB30G",-2.3584673,0.5975783,3,0
"1MLC_AB_E|NA92A,TB28D,SB57V,TB58D,YB32W,RB98V,DB100Q",0.36138764,1.2550491,3,0
"1MLC_AB_E|NA92A,TB28D,SB57V,TB58D,YB59E",-1.4661698,1.7461107,3,0
1MLC_AB_E|SB57A,-0.37902167,-0.18417004,3,0
1MLC_AB_E|SB57V,-0.49418068,-0.51965517,3,0
"1MLC_AB_E|SB57V,TB58D",-0.9877286,-0.48654592,3,0
1MLC_AB_E|TB28D,-0.15094383,0.07538135,3,0
1MLC_AB_E|TB31A,0.44700673,0.30213597,3,0
1MLC_AB_E|TB31V,0.5262404,0.005012734,3,0
1MLC_AB_E|TB31W,0.13214268,-0.76310724,3,0
1MLC_AB_E|TB58D,-0.55968237,-0.093520194,3,0
1NCA_N_LH|DH101K,0.71416,0.16769445,3,0
1NCA_N_LH|EH100D,0.41047263,0.16382149,3,0
1NCA_N_LH|NH102Q,0.5426153,0.10598922,3,0
1NCA_N_LH|NH31Q,0.0,-0.09691331,3,0
1NMB_N_LH|DH57E,2.9536283,0.017766552,3,0
1NMB_N_LH|DH57N,2.9536283,0.14539263,3,0
1NMB_N_LH|LL94V,0.9000208,-0.3077892,3,0
1NMB_N_LH|TL93F,-0.023903161,-0.36966684,3,0
1NMB_N_LH|TL93W,0.18419003,-0.45096937,3,0
1NMB_N_LH|YH103A,2.14062,0.7625909,3,0
1NMB_N_LH|YH105F,1.4194101,0.0764603,3,0
1NMB_N_LH|YL32F,0.46632215,0.31523842,3,0
1VFB_AB_C|DB100A,3.005002,0.8950832,3,0
"1VFB_AB_C|DB100A,SC24A",3.369756,0.8119115,3,0
1VFB_AB_C|DB54A,0.8151114,1.4614742,3,0
"1VFB_AB_C|DB54A,TC118A",1.2546439,1.2534648,3,0
1VFB_AB_C|DB58A,-0.20700333,0.6334256,3,0
1VFB_AB_C|DB58E,0.078081094,0.062202565,3,0
1VFB_AB_C|DB58N,-0.12818155,0.18481371,3,0
1VFB_AB_C|DC119A,0.9530879,0.12529327,3,0
1VFB_AB_C|DC18A,0.34013057,0.47946826,3,0
1VFB_AB_C|EB98A,1.1565572,0.7552105,3,0
1VFB_AB_C|GB31A,0.30646533,0.94339657,3,0
1VFB_AB_C|GB31E,-0.5097613,0.45202303,3,0
1VFB_AB_C|GB31W,0.0039611305,0.19484255,3,0
1VFB_AB_C|HA30A,0.84488255,0.5630715,3,0
1VFB_AB_C|IC124A,1.2314179,0.12896402,3,0
1VFB_AB_C|KC116A,0.7134504,0.04573467,3,0
1VFB_AB_C|LC129A,0.17154472,0.08733274,3,0
1VFB_AB_C|NA31W,0.17432266,-0.819651,3,0
1VFB_AB_C|NB56A,0.17771798,0.6187969,3,0
1VFB_AB_C|NC19A,0.3960868,0.2007956,3,0
1VFB_AB_C|QC121A,2.876998,0.17648727,3,0
1VFB_AB_C|RB99A,-0.099735305,0.5936274,3,0
1VFB_AB_C|RB99W,0.7049742,-0.66619563,3,0
1VFB_AB_C|RB99Y,1.235379,-0.081840545,3,0
1VFB_AB_C|RC125A,1.8368999,0.1919892,3,0
1VFB_AB_C|SA93A,0.34312394,0.21592179,3,0
1VFB_AB_C|SB28D,0.0,-0.112332016,3,0
1VFB_AB_C|SB28E,-0.104007296,-0.12149803,3,0
1VFB_AB_C|SB28N,0.14394745,-0.008209206,3,0
1VFB_AB_C|SB28Q,0.078081094,-0.58117443,3,0
1VFB_AB_C|SC24A,0.850965,0.02562175,3,0
1VFB_AB_C|TA52F,0.4708752,-0.42358255,3,0
1VFB_AB_C|TA53R,1.6458516,-0.20691362,3,0
1VFB_AB_C|TB30A,-0.05584954,0.6487863,3,0
1VFB_AB_C|TC118A,0.7650957,0.085390285,3,0
1VFB_AB_C|VC120A,0.9169499,0.32867524,3,0
1VFB_AB_C|WA92A,3.037848,0.87354964,3,0
"1VFB_AB_C|WA92A,IC124A",3.8503337,1.1739954,3,0
"1VFB_AB_C|WA92A,LC129A",3.3073628,1.1787221,3,0
"1VFB_AB_C|WA92A,QC121A",3.5189366,1.2700821,3,0
"1VFB_AB_C|WA92A,RC125A",3.3932896,1.0878333,3,0
1VFB_AB_C|WB52A,0.6406274,2.4222922,3,0
"1VFB_AB_C|WB52A,DC119A",2.2473724,2.370682,3,0
1VFB_AB_C|YA32A,1.5281335,1.3540925,3,0
"1VFB_AB_C|YA32A,IC124A",2.9057157,1.6700935,3,0
"1VFB_AB_C|YA32A,QC121A",1.586041,1.7472928,3,0
1VFB_AB_C|YA49A,0.79754156,1.5381423,3,0
1VFB_AB_C|YA50A,0.456086,1.467923,3,0
"1VFB_AB_C|YA50A,DC119A",1.2314179,1.4542059,3,0
"1VFB_AB_C|YA50A,DC18A",1.265924,1.9027116,3,0
1VFB_AB_C|YA50K,1.7156012,0.8617767,3,0
1VFB_AB_C|YA50R,0.8443241,0.7261264,3,0
1VFB_AB_C|YB101F,1.2695644,0.39099306,3,0
"1VFB_AB_C|YB101F,DC119A",2.736521,0.7208614,3,0
"1VFB_AB_C|YB101F,VC120A",2.5384777,1.0018066,3,0
1VFB_AB_C|YB32A,0.7916793,1.4122934,3,0
"1VFB_AB_C|YB32A,KC116A",1.586041,1.2657881,3,0
1VFB_AB_C|YB32E,1.9021881,0.8340265,3,0
1VFB_AB_C|YC23A,0.41047263,0.66901284,3,0
1XGP_AB_C|AB33F,-4.0,-1.727691,3,0
1XGP_AB_C|AB33I,-2.260207,-1.7311014,3,0
1XGP_AB_C|AB33L,-2.1988916,-1.7453878,3,0
1XGP_AB_C|AB33V,-1.1525793,-1.7172295,3,0
2JEL_LH_P|AP82S,0.0,-0.44568604,3,0
2JEL_LH_P|DP69E,0.9530879,0.11499721,3,0
2JEL_LH_P|EP5D,0.41047263,-0.0014059953,3,0
2JEL_LH_P|EP5Q,0.7129768,0.004704125,3,0
2JEL_LH_P|EP68A,0.41047263,0.23073466,3,0
2JEL_LH_P|EP75R,2.727121,0.1675579,3,0
2JEL_LH_P|EP83A,0.0,0.02930466,3,0
2JEL_LH_P|EP85A,0.0,-0.03604434,3,0
2JEL_LH_P|EP85D,0.0,-0.23883408,3,0
2JEL_LH_P|EP85K,0.0,-0.19134311,3,0
2JEL_LH_P|EP85Q,0.0,-0.18714526,3,0
2JEL_LH_P|FP2W,2.6191528,-0.22762826,3,0
2JEL_LH_P|FP2Y,0.0,-0.2430624,3,0
2JEL_LH_P|HP76A,-0.41047263,0.15806681,3,0
2JEL_LH_P|HP76D,-0.65058374,-0.032344345,3,0
2JEL_LH_P|KP24E,0.0,-0.37072048,3,0
2JEL_LH_P|KP27E,0.0,-0.3818745,3,0
2JEL_LH_P|KP72E,0.41047263,-0.25888556,3,0
2JEL_LH_P|KP72R,0.0,-0.09479168,3,0
2JEL_LH_P|KP79E,0.41047263,-0.2703428,3,0
2JEL_LH_P|NP12D,0.0,-0.2837867,3,0
2JEL_LH_P|NP38T,0.0,0.025863286,3,0
2JEL_LH_P|PP11E,0.0,-0.78926367,3,0
2JEL_LH_P|QP3K,4.0,-0.03503144,3,0
2JEL_LH_P|QP4K,1.3635606,-0.07021868,3,0
2JEL_LH_P|QP57E,-0.41047263,-0.2722034,3,0
2JEL_LH_P|QP71E,2.727121,-0.005017467,3,0
2JEL_LH_P|RP17G,0.0,-0.10017747,3,0
2JEL_LH_P|RP17K,0.0,-0.25372317,3,0
2JEL_LH_P|SP41C,1.4957032,0.12106261,3,0
2JEL_LH_P|SP43C,0.0,0.03929162,3,0
2JEL_LH_P|SP46C,0.0,0.19693711,3,0
2JEL_LH_P|SP64T,4.0,-0.17823334,3,0
2JEL_LH_P|TP34Q,0.0,0.0041533764,3,0
2JEL_LH_P|TP36Q,0.41047263,-0.23308194,3,0
2JEL_LH_P|TP62A,0.0,0.116633415,3,0
2JEL_LH_P|TP62N,0.0,-0.07382405,3,0
2JEL_LH_P|TP7N,0.41047263,-0.041022297,3,0
2JEL_LH_P|TP7S,0.0,-0.052325014,3,0
2JEL_LH_P|VP6F,0.0,-0.059222262,3,0
"2NY7_HL_G|CG27I,CG226Q",0.19971907,-0.6214865,3,0
"2NY7_HL_G|CG27I,CG226Q,MG231A",0.20319231,-0.06865841,3,0
"2NY7_HL_G|GG229C,MG231A",-0.37879732,0.23466855,3,0
"2NY7_HL_G|GG229C,WG13M,MG231A,CG14W,CG110V,CG27I,CG226Q",0.21462485,-0.50953424,3,0
"2NY7_HL_G|KG66C,EG102C,CG27I,CG226Q",0.04085667,-0.6326119,3,0
"2NY7_HL_G|KG66C,EG102C,WG13M,MG231A,CG14W,CG110V,CG27I,CG226Q",0.3998023,-0.5427197,3,0
"2NY7_HL_G|KG66C,EG103C,WG13M,MG231A,CG14W,CG110V,CG27I,CG226Q",0.29989544,-0.5060965,3,0
"2NY7_HL_G|WG13M,MG231A,CG14W,CG110V",1.1574335,-0.21251534,3,0
"2NY7_HL_G|WG13M,MG231A,CG14W,CG110V,CG27I,CG226Q",0.44904727,-0.563934,3,0
"2NY7_HL_G|WG13M,MG231A,CG14W,CG110V,KG66C,EG102C",0.55101526,-0.17727955,3,0
"2NY7_HL_G|WG13M,SG92T,WG181S,MG231A,CG14W,CG110V,CG27I,CG226Q",-0.3035898,0.18339843,3,0
3BN9_B_CD|DB214A,0.5662115,0.78420776,3,0
3BN9_B_CD|DB46A,0.42238826,0.18425624,3,0
3BN9_B_CD|DB47A,0.31110755,-0.025099382,3,0
3BN9_B_CD|EB163A,0.37321588,0.0031431057,3,0
3BN9_B_CD|FB50A,-0.044997852,0.57807976,3,0
3BN9_B_CD|FB89A,0.6392419,1.4603924,3,0
3BN9_B_CD|HB138A,0.085063316,0.64511186,3,0
3BN9_B_CD|IB26A,0.0,0.6303696,3,0
3BN9_B_CD|IB45A,0.8352155,0.48606917,3,0
3BN9_B_CD|KB221A,0.7849689,0.5871368,3,0
3BN9_B_CD|LB147A,0.33619216,0.09650271,3,0
3BN9_B_CD|NB90A,0.7733444,0.29320163,3,0
3BN9_B_CD|PD104H,2.4272547,-0.46371824,3,0
3BN9_B_CD|QB140A,0.1331048,0.33654156,3,0
3BN9_B_CD|QB168A,-0.03469869,-0.1463674,3,0
3BN9_B_CD|QB169A,2.5089848,0.24492787,3,0
3BN9_B_CD|QB218A,0.70571065,0.5163085,3,0
3BN9_B_CD|QB23A,-0.41530684,0.22727436,3,0
3BN9_B_CD|QD105V,1.2241027,0.11916296,3,0
3BN9_B_CD|RB219A,-0.093698174,0.122892156,3,0
3BN9_B_CD|RB48A,-0.044997852,0.22802603,3,0
3BN9_B_CD|RB51A,-0.07155777,0.16895394,3,0
3BN9_B_CD|RB82A,-0.15923285,0.56605506,3,0
3BN9_B_CD|SD30G,1.1861069,0.44037053,3,0
3BN9_B_CD|SD30N,1.145505,0.2766545,3,0
3BN9_B_CD|TB144A,0.2908351,-0.19285446,3,0
3BN9_B_CD|TB93A,1.1320528,-0.04254539,3,0
3BN9_B_CD|TD102Q,-0.02153644,0.09512305,3,0
3BN9_B_CD|TD102R,-0.058294915,0.048766,3,0
3BN9_B_CD|TD28R,0.33290586,0.5143348,3,0
3BN9_B_CD|YB141A,1.0846525,1.3471963,3,0
3BN9_B_CD|YB52A,0.018951595,0.70732206,3,0
3BN9_B_CD|YD103S,0.45868576,0.56516516,3,0
4GXU_ABCDEF_MN|DA189E,2.1650882,0.05809606,3,0
"4GXU_ABCDEF_MN|DA189E,DA224G",3.0102077,1.5050168,3,0
4GXU_ABCDEF_MN|DA224G,1.9608781,0.8394575,3,0
"1CZ8_HL_VW|LL4M,DH28T,HH31N,YH101H,TH105S",2.939849,1.9044507,3,1
1KIR_AB_C|SA50Y,-1.3870943,0.009278368,3,1
1MLC_AB_E|KB65D,0.018548755,-0.17649001,3,1
1MLC_AB_E|NA32G,-0.8773867,-0.39297694,3,1
"1MLC_AB_E|NA32G,NA92A",-0.6866531,-0.5596384,3,1
"1MLC_AB_E|NA32G,NA92A,SB57V,TB58D",-1.7349738,-1.9248853,3,1
1MLC_AB_E|NA32Y,0.0,-0.8026836,3,1
1MLC_AB_E|NA92A,-1.2533532,-0.12674248,3,1
"1MLC_AB_E|NA92A,SB57V,TB58D",-2.394188,-1.2958907,3,1
"1MLC_AB_E|NA92A,TB28D,SB57V,TB58D",-2.5813644,-1.3275115,3,1
"1MLC_AB_E|NA92A,TB28D,SB57V,TB58D,EB35S,GB99D",-2.9539242,0.5643154,3,1
"1MLC_AB_E|NA92A,TB28D,SB57V,TB58D,GB99D",-0.20357698,0.514059,3,1
"1MLC_AB_E|NA92A,TB28D,SB57V,TB58D,NA32L",-2.5843081,-2.3997364,3,1
"1MLC_AB_E|NA92A,TB28D,SB57V,TB58D,RB98M,DB100Q",-0.41047263,-2.2576323,3,1
"1MLC_AB_E|NA92A,TB28D,SB57V,TB58D,SA91N,SA93A",-1.6104395,-1.7771741,3,1
"1MLC_AB_E|NA92A,TB28D,SB57V,TB58D,SB30G",-2.3584673,-1.8473262,3,1
"1MLC_AB_E|NA92A,TB28D,SB57V,TB58D,YB32W,RB98V,DB100Q",0.36138764,-2.5153186,3,1
"1MLC_AB_E|NA92A,TB28D,SB57V,TB58D,YB59E",-1.4661698,-1.2174423,3,1
1MLC_AB_E|SB57A,-0.37902167,-0.32125235,3,1
1MLC_AB_E|SB57V,-0.49418068,-0.9368282,3,1
"1MLC_AB_E|SB57V,TB58D",-0.9877286,-1.040736,3,1
1MLC_AB_E|TB28D,-0.15094383,-0.014681846,3,1
1MLC_AB_E|TB31A,0.44700673,0.16473639,3,1
1MLC_AB_E|TB31V,0.5262404,-0.013528205,3,1
1MLC_AB_E|TB31W,0.13214268,-0.16768128,3,1
1MLC_AB_E|TB58D,-0.55968237,-0.21923438,3,1
1NCA_N_LH|DH101K,0.71416,1.3257967,3,1
1NCA_N_LH|EH100D,0.41047263,0.16640799,3,1
1NCA_N_LH|NH102Q,0.5426153,0.07613456,3,1
1NCA_N_LH|NH31Q,0.0,-0.47562325,3,1
1NMB_N_LH|DH57E,2.9536283,0.108028606,3,1
1NMB_N_LH|DH57N,2.9536283,0.28472197,3,1
1NMB_N_LH|LL94V,0.9000208,-0.8386868,3,1
1NMB_N_LH|TL93F,-0.023903161,-0.34292495,3,1
1NMB_N_LH|TL93W,0.18419003,-0.407223,3,1
1NMB_N_LH|YH103A,2.14062,-0.006491443,3,1
1NMB_N_LH|YH105F,1.4194101,0.17748757,3,1
1NMB_N_LH|YL32F,0.46632215,0.35745203,3,1
1VFB_AB_C|DB100A,3.005002,3.049281,3,1
"1VFB_AB_C|DB100A,SC24A",3.369756,2.7172294,3,1
1VFB_AB_C|DB54A,0.8151114,2.7122855,3,1
"1VFB_AB_C|DB54A,TC118A",1.2546439,3.845748,3,1
1VFB_AB_C|DB58A,-0.20700333,0.9529459,3,1
1VFB_AB_C|DB58E,0.078081094,0.21707632,3,1
1VFB_AB_C|DB58N,-0.12818155,0.72932136,3,1
1VFB_AB_C|DC119A,0.9530879,1.38,3,1
1VFB_AB_C|DC18A,0.34013057,2.139477,3,1
1VFB_AB_C|EB98A,1.1565572,2.5326405,3,1
1VFB_AB_C|GB31A,0.30646533,2.117911,3,1
1VFB_AB_C|GB31E,-0.5097613,1.4601679,3,1
1VFB_AB_C|GB31W,0.0039611305,1.3723857,3,1
1VFB_AB_C|HA30A,0.84488255,0.63586795,3,1
1VFB_AB_C|IC124A,1.2314179,1.5139967,3,1
1VFB_AB_C|KC116A,0.7134504,0.75411934,3,1
1VFB_AB_C|LC129A,0.17154472,1.007038,3,1
1VFB_AB_C|NA31W,0.17432266,0.34188896,3,1
1VFB_AB_C|NB56A,0.17771798,0.6136658,3,1
1VFB_AB_C|NC19A,0.3960868,0.9691006,3,1
1VFB_AB_C|QC121A,2.876998,0.75452185,3,1
1VFB_AB_C|RB99A,-0.099735305,1.4806396,3,1
1VFB_AB_C|RB99W,0.7049742,-0.94436115,3,1
1VFB_AB_C|RB99Y,1.235379,-0.15046814,3,1
1VFB_AB_C|RC125A,1.8368999,0.3502286,3,1
1VFB_AB_C|SA93A,0.34312394,0.5771744,3,1
1VFB_AB_C|SB28D,0.0,0.069379106,3,1
1VFB_AB_C|SB28E,-0.104007296,0.1470679,3,1
1VFB_AB_C|SB28N,0.14394745,0.41632742,3,1
1VFB_AB_C|SB28Q,0.078081094,0.48465127,3,1
1VFB_AB_C|SC24A,0.850965,0.41743767,3,1
1VFB_AB_C|TA52F,0.4708752,0.1965851,3,1
1VFB_AB_C|TA53R,1.6458516,-0.10054013,3,1
1VFB_AB_C|TB30A,-0.05584954,0.34478486,3,1
1VFB_AB_C|TC118A,0.7650957,1.5646548,3,1
1VFB_AB_C|VC120A,0.9169499,0.26414233,3,1
1VFB_AB_C|WA92A,3.037848,0.59906095,3,1
"1VFB_AB_C|WA92A,IC124A",3.8503337,2.1308007,3,1
"1VFB_AB_C|WA92A,LC129A",3.3073628,1.7403278,3,1
"1VFB_AB_C|WA92A,QC121A",3.5189366,1.6861492,3,1
"1VFB_AB_C|WA92A,RC125A",3.3932896,0.8873287,3,1
1VFB_AB_C|WB52A,0.6406274,3.8664188,3,1
"1VFB_AB_C|WB52A,DC119A",2.2473724,4.857924,3,1
1VFB_AB_C|YA32A,1.5281335,2.6478577,3,1
"1VFB_AB_C|YA32A,IC124A",2.9057157,3.9087791,3,1
"1VFB_AB_C|YA32A,QC121A",1.586041,3.359426,3,1
1VFB_AB_C|YA49A,0.79754156,0.5492097,3,1
1VFB_AB_C|YA50A,0.456086,0.3988976,3,1
"1VFB_AB_C|YA50A,DC119A",1.2314179,1.6803474,3,1
"1VFB_AB_C|YA50A,DC18A",1.265924,2.3181105,3,1
1VFB_AB_C|YA50K,1.7156012,0.8722248,3,1
1VFB_AB_C|YA50R,0.8443241,0.74904805,3,1
1VFB_AB_C|YB101F,1.2695644,1.0615376,3,1
"1VFB_AB_C|YB101F,DC119A",2.736521,2.3639638,3,1
"1VFB_AB_C|YB101F,VC120A",2.5384777,1.3512477,3,1
1VFB_AB_C|YB32A,0.7916793,1.1511121,3,1
"1VFB_AB_C|YB32A,KC116A",1.586041,1.4357439,3,1
1VFB_AB_C|YB32E,1.9021881,0.4987595,3,1
1VFB_AB_C|YC23A,0.41047263,1.8679782,3,1
1XGP_AB_C|AB33F,-4.0,-1.9541749,3,1
1XGP_AB_C|AB33I,-2.260207,-1.7392331,3,1
1XGP_AB_C|AB33L,-2.1988916,-1.7720091,3,1
1XGP_AB_C|AB33V,-1.1525793,-1.5716002,3,1
2JEL_LH_P|AP82S,0.0,-0.025477394,3,1
2JEL_LH_P|DP69E,0.9530879,0.26584727,3,1
2JEL_LH_P|EP5D,0.41047263,-0.1343006,3,1
2JEL_LH_P|EP5Q,0.7129768,0.12698182,3,1
2JEL_LH_P|EP68A,0.41047263,0.6599664,3,1
2JEL_LH_P|EP75R,2.727121,0.41664582,3,1
2JEL_LH_P|EP83A,0.0,0.28090996,3,1
2JEL_LH_P|EP85A,0.0,0.4151526,3,1
2JEL_LH_P|EP85D,0.0,-0.02444686,3,1
2JEL_LH_P|EP85K,0.0,0.2917918,3,1
2JEL_LH_P|EP85Q,0.0,0.10988197,3,1
2JEL_LH_P|FP2W,2.6191528,-0.3383553,3,1
2JEL_LH_P|FP2Y,0.0,-0.23120731,3,1
2JEL_LH_P|HP76A,-0.41047263,-0.011976846,3,1
2JEL_LH_P|HP76D,-0.65058374,-0.21622728,3,1
2JEL_LH_P|KP24E,0.0,-0.38259596,3,1
2JEL_LH_P|KP27E,0.0,-0.3580246,3,1
2JEL_LH_P|KP72E,0.41047263,-0.5602015,3,1
2JEL_LH_P|KP72R,0.0,-0.18601544,3,1
2JEL_LH_P|KP79E,0.41047263,-0.6263364,3,1
2JEL_LH_P|NP12D,0.0,-0.2868544,3,1
2JEL_LH_P|NP38T,0.0,0.09884071,3,1
2JEL_LH_P|PP11E,0.0,-0.70982605,3,1
2JEL_LH_P|QP3K,4.0,0.03965591,3,1
2JEL_LH_P|QP4K,1.3635606,0.14809477,3,1
2JEL_LH_P|QP57E,-0.41047263,-0.3794698,3,1
2JEL_LH_P|QP71E,2.727121,0.04597549,3,1
2JEL_LH_P|RP17G,0.0,-0.4126553,3,1
2JEL_LH_P|RP17K,0.0,-0.055147123,3,1
2JEL_LH_P|SP41C,1.4957032,0.11984868,3,1
2JEL_LH_P|SP43C,0.0,0.07716881,3,1
2JEL_LH_P|SP46C,0.0,0.40537477,3,1
2JEL_LH_P|SP64T,4.0,-0.2322587,3,1
2JEL_LH_P|TP34Q,0.0,0.054474995,3,1
2JEL_LH_P|TP36Q,0.41047263,-0.24026828,3,1
2JEL_LH_P|TP62A,0.0,-0.07538175,3,1
2JEL_LH_P|TP62N,0.0,-0.13508907,3,1
2JEL_LH_P|TP7N,0.41047263,-0.07191722,3,1
2JEL_LH_P|TP7S,0.0,-0.031094335,3,1
2JEL_LH_P|VP6F,0.0,0.044057444,3,1
"2NY7_HL_G|CG27I,CG226Q",0.19971907,-0.11185978,3,1
"2NY7_HL_G|CG27I,CG226Q,MG231A",0.20319231,0.05356589,3,1
"2NY7_HL_G|GG229C,MG231A",-0.37879732,0.23516719,3,1
"2NY7_HL_G|GG229C,WG13M,MG231A,CG14W,CG110V,CG27I,CG226Q",0.21462485,-0.1422433,3,1
"2NY7_HL_G|KG66C,EG102C,CG27I,CG226Q",0.04085667,-0.073758736,3,1
"2NY7_HL_G|KG66C,EG102C,WG13M,MG231A,CG14W,CG110V,CG27I,CG226Q",0.3998023,-0.21531679,3,1
"2NY7_HL_G|KG66C,EG103C,WG13M,MG231A,CG14W,CG110V,CG27I,CG226Q",0.29989544,-0.3557269,3,1
"2NY7_HL_G|WG13M,MG231A,CG14W,CG110V",1.1574335,-0.14949296,3,1
"2NY7_HL_G|WG13M,MG231A,CG14W,CG110V,CG27I,CG226Q",0.44904727,-0.19001113,3,1
"2NY7_HL_G|WG13M,MG231A,CG14W,CG110V,KG66C,EG102C",0.55101526,-0.009214591,3,1
"2NY7_HL_G|WG13M,SG92T,WG181S,MG231A,CG14W,CG110V,CG27I,CG226Q",-0.3035898,-0.016962934,3,1
3BN9_B_CD|DB214A,0.5662115,1.3817217,3,1
3BN9_B_CD|DB46A,0.42238826,0.5135283,3,1
3BN9_B_CD|DB47A,0.31110755,0.17311445,3,1
3BN9_B_CD|EB163A,0.37321588,0.5549897,3,1
3BN9_B_CD|FB50A,-0.044997852,0.17918554,3,1
3BN9_B_CD|FB89A,0.6392419,1.7617658,3,1
3BN9_B_CD|HB138A,0.085063316,0.51545995,3,1
3BN9_B_CD|IB26A,0.0,0.24301939,3,1
3BN9_B_CD|IB45A,0.8352155,0.24903445,3,1
3BN9_B_CD|KB221A,0.7849689,-0.18697678,3,1
3BN9_B_CD|LB147A,0.33619216,-0.14410703,3,1
3BN9_B_CD|NB90A,0.7733444,0.36170906,3,1
3BN9_B_CD|PD104H,2.4272547,-0.07586144,3,1
3BN9_B_CD|QB140A,0.1331048,-0.13848639,3,1
3BN9_B_CD|QB168A,-0.03469869,-0.32521963,3,1
3BN9_B_CD|QB169A,2.5089848,0.88507164,3,1
3BN9_B_CD|QB218A,0.70571065,0.19387697,3,1
3BN9_B_CD|QB23A,-0.41530684,0.18541282,3,1
3BN9_B_CD|QD105V,1.2241027,-0.10521352,3,1
3BN9_B_CD|RB219A,-0.093698174,-0.38806736,3,1
3BN9_B_CD|RB48A,-0.044997852,-0.53437805,3,1
3BN9_B_CD|RB51A,-0.07155777,-0.23000774,3,1
3BN9_B_CD|RB82A,-0.15923285,-0.23648547,3,1
3BN9_B_CD|SD30G,1.1861069,0.35985893,3,1
3BN9_B_CD|SD30N,1.145505,0.3739459,3,1
3BN9_B_CD|TB144A,0.2908351,0.26534545,3,1
3BN9_B_CD|TB93A,1.1320528,0.7503495,3,1
3BN9_B_CD|TD102Q,-0.02153644,-0.27050775,3,1
3BN9_B_CD|TD102R,-0.058294915,0.0038244352,3,1
3BN9_B_CD|TD28R,0.33290586,0.3604154,3,1
3BN9_B_CD|YB141A,1.0846525,1.7462857,3,1
3BN9_B_CD|YB52A,0.018951595,0.6331153,3,1
3BN9_B_CD|YD103S,0.45868576,0.8240979,3,1
4GXU_ABCDEF_MN|DA189E,2.1650882,0.842176,3,1
"4GXU_ABCDEF_MN|DA189E,DA224G",3.0102077,0.83672744,3,1
4GXU_ABCDEF_MN|DA224G,1.9608781,0.14883234,3,1
"1CZ8_HL_VW|LL4M,DH28T,HH31N,YH101H,TH105S",2.939849,0.9716163,3,2
1KIR_AB_C|SA50Y,-1.3870943,-0.51725537,3,2
1MLC_AB_E|KB65D,0.018548755,-1.0952742,3,2
1MLC_AB_E|NA32G,-0.8773867,0.016038869,3,2
"1MLC_AB_E|NA32G,NA92A",-0.6866531,0.028203076,3,2
"1MLC_AB_E|NA32G,NA92A,SB57V,TB58D",-1.7349738,-1.8270556,3,2
1MLC_AB_E|NA32Y,0.0,-0.6795776,3,2
1MLC_AB_E|NA92A,-1.2533532,-0.30726448,3,2
"1MLC_AB_E|NA92A,SB57V,TB58D",-2.394188,-1.2836874,3,2
"1MLC_AB_E|NA92A,TB28D,SB57V,TB58D",-2.5813644,-1.4367859,3,2
"1MLC_AB_E|NA92A,TB28D,SB57V,TB58D,EB35S,GB99D",-2.9539242,-0.355604,3,2
"1MLC_AB_E|NA92A,TB28D,SB57V,TB58D,GB99D",-0.20357698,-0.5703001,3,2
"1MLC_AB_E|NA92A,TB28D,SB57V,TB58D,NA32L",-2.5843081,-2.098865,3,2
"1MLC_AB_E|NA92A,TB28D,SB57V,TB58D,RB98M,DB100Q",-0.41047263,-2.6817536,3,2
"1MLC_AB_E|NA92A,TB28D,SB57V,TB58D,SA91N,SA93A",-1.6104395,-3.0043864,3,2
"1MLC_AB_E|NA92A,TB28D,SB57V,TB58D,SB30G",-2.3584673,-2.4364347,3,2
"1MLC_AB_E|NA92A,TB28D,SB57V,TB58D,YB32W,RB98V,DB100Q",0.36138764,-3.2044296,3,2
"1MLC_AB_E|NA92A,TB28D,SB57V,TB58D,YB59E",-1.4661698,-1.586329,3,2
1MLC_AB_E|SB57A,-0.37902167,-0.43954343,3,2
1MLC_AB_E|SB57V,-0.49418068,-0.54663676,3,2
"1MLC_AB_E|SB57V,TB58D",-0.9877286,-0.9608851,3,2
1MLC_AB_E|TB28D,-0.15094383,0.026300717,3,2
1MLC_AB_E|TB31A,0.44700673,0.013680976,3,2
1MLC_AB_E|TB31V,0.5262404,0.09604156,3,2
1MLC_AB_E|TB31W,0.13214268,0.16349703,3,2
1MLC_AB_E|TB58D,-0.55968237,-0.477333,3,2
1NCA_N_LH|DH101K,0.71416,0.9366617,3,2
1NCA_N_LH|EH100D,0.41047263,0.13735938,3,2
1NCA_N_LH|NH102Q,0.5426153,0.09798387,3,2
1NCA_N_LH|NH31Q,0.0,-0.10707727,3,2
1NMB_N_LH|DH57E,2.9536283,-0.05190627,3,2
1NMB_N_LH|DH57N,2.9536283,0.23057477,3,2
1NMB_N_LH|LL94V,0.9000208,-0.1499017,3,2
1NMB_N_LH|TL93F,-0.023903161,-0.2594366,3,2
1NMB_N_LH|TL93W,0.18419003,-0.38166505,3,2
1NMB_N_LH|YH103A,2.14062,0.59567904,3,2
1NMB_N_LH|YH105F,1.4194101,0.06842139,3,2
1NMB_N_LH|YL32F,0.46632215,0.62594175,3,2
1VFB_AB_C|DB100A,3.005002,0.3588977,3,2
"1VFB_AB_C|DB100A,SC24A",3.369756,0.8768882,3,2
1VFB_AB_C|DB54A,0.8151114,0.47931308,3,2
"1VFB_AB_C|DB54A,TC118A",1.2546439,0.74702823,3,2
1VFB_AB_C|DB58A,-0.20700333,0.22833897,3,2
1VFB_AB_C|DB58E,0.078081094,-0.20078243,3,2
1VFB_AB_C|DB58N,-0.12818155,0.14871283,3,2
1VFB_AB_C|DC119A,0.9530879,0.6409682,3,2
1VFB_AB_C|DC18A,0.34013057,1.7465305,3,2
1VFB_AB_C|EB98A,1.1565572,0.1513431,3,2
1VFB_AB_C|GB31A,0.30646533,0.31389156,3,2
1VFB_AB_C|GB31E,-0.5097613,0.14922255,3,2
1VFB_AB_C|GB31W,0.0039611305,0.62275034,3,2
1VFB_AB_C|HA30A,0.84488255,0.23188072,3,2
1VFB_AB_C|IC124A,1.2314179,0.22045273,3,2
1VFB_AB_C|KC116A,0.7134504,-0.074727476,3,2
1VFB_AB_C|LC129A,0.17154472,0.14004144,3,2
1VFB_AB_C|NA31W,0.17432266,-0.18510912,3,2
1VFB_AB_C|NB56A,0.17771798,0.19347194,3,2
1VFB_AB_C|NC19A,0.3960868,0.35937715,3,2
1VFB_AB_C|QC121A,2.876998,-0.019050319,3,2
1VFB_AB_C|RB99A,-0.099735305,-0.15733348,3,2
1VFB_AB_C|RB99W,0.7049742,-0.58006537,3,2
1VFB_AB_C|RB99Y,1.235379,-0.32042086,3,2
1VFB_AB_C|RC125A,1.8368999,-0.22718494,3,2
1VFB_AB_C|SA93A,0.34312394,0.020144593,3,2
1VFB_AB_C|SB28D,0.0,-0.44429362,3,2
1VFB_AB_C|SB28E,-0.104007296,-0.6187249,3,2
1VFB_AB_C|SB28N,0.14394745,-0.1927668,3,2
1VFB_AB_C|SB28Q,0.078081094,-0.3288751,3,2
1VFB_AB_C|SC24A,0.850965,0.3179071,3,2
1VFB_AB_C|TA52F,0.4708752,-0.094312504,3,2
1VFB_AB_C|TA53R,1.6458516,0.28672442,3,2
1VFB_AB_C|TB30A,-0.05584954,0.032076143,3,2
1VFB_AB_C|TC118A,0.7650957,0.29700404,3,2
1VFB_AB_C|VC120A,0.9169499,-0.53616256,3,2
1VFB_AB_C|WA92A,3.037848,0.3946004,3,2
"1VFB_AB_C|WA92A,IC124A",3.8503337,0.6969611,3,2
"1VFB_AB_C|WA92A,LC129A",3.3073628,0.8274442,3,2
"1VFB_AB_C|WA92A,QC121A",3.5189366,1.0165366,3,2
"1VFB_AB_C|WA92A,RC125A",3.3932896,0.1216836,3,2
1VFB_AB_C|WB52A,0.6406274,1.7064488,3,2
"1VFB_AB_C|WB52A,DC119A",2.2473724,2.4372258,3,2
1VFB_AB_C|YA32A,1.5281335,1.356455,3,2
"1VFB_AB_C|YA32A,IC124A",2.9057157,1.6282623,3,2
"1VFB_AB_C|YA32A,QC121A",1.586041,1.8201294,3,2
1VFB_AB_C|YA49A,0.79754156,0.09181321,3,2
1VFB_AB_C|YA50A,0.456086,0.46848798,3,2
"1VFB_AB_C|YA50A,DC119A",1.2314179,1.134775,3,2
"1VFB_AB_C|YA50A,DC18A",1.265924,1.9238281,3,2
1VFB_AB_C|YA50K,1.7156012,0.49902976,3,2
1VFB_AB_C|YA50R,0.8443241,0.46868905,3,2
1VFB_AB_C|YB101F,1.2695644,0.16863203,3,2
"1VFB_AB_C|YB101F,DC119A",2.736521,1.1568321,3,2
"1VFB_AB_C|YB101F,VC120A",2.5384777,0.47650927,3,2
1VFB_AB_C|YB32A,0.7916793,1.532871,3,2
"1VFB_AB_C|YB32A,KC116A",1.586041,0.99951816,3,2
1VFB_AB_C|YB32E,1.9021881,0.53801554,3,2
1VFB_AB_C|YC23A,0.41047263,0.6367236,3,2
1XGP_AB_C|AB33F,-4.0,-1.5569905,3,2
1XGP_AB_C|AB33I,-2.260207,-1.2620482,3,2
1XGP_AB_C|AB33L,-2.1988916,-1.2936945,3,2
1XGP_AB_C|AB33V,-1.1525793,-1.1763161,3,2
2JEL_LH_P|AP82S,0.0,0.5270557,3,2
2JEL_LH_P|DP69E,0.9530879,-0.05967502,3,2
2JEL_LH_P|EP5D,0.41047263,-0.18165971,3,2
2JEL_LH_P|EP5Q,0.7129768,0.21788844,3,2
2JEL_LH_P|EP68A,0.41047263,0.062449053,3,2
2JEL_LH_P|EP75R,2.727121,0.14121962,3,2
2JEL_LH_P|EP83A,0.0,0.0070678443,3,2
2JEL_LH_P|EP85A,0.0,0.03254239,3,2
2JEL_LH_P|EP85D,0.0,-0.051467407,3,2
2JEL_LH_P|EP85K,0.0,0.31321168,3,2
2JEL_LH_P|EP85Q,0.0,0.33621603,3,2
2JEL_LH_P|FP2W,2.6191528,-0.13267271,3,2
2JEL_LH_P|FP2Y,0.0,-0.001508899,3,2
2JEL_LH_P|HP76A,-0.41047263,-0.26793528,3,2
2JEL_LH_P|HP76D,-0.65058374,-0.6064459,3,2
2JEL_LH_P|KP24E,0.0,-0.7256998,3,2
2JEL_LH_P|KP27E,0.0,-1.0627177,3,2
2JEL_LH_P|KP72E,0.41047263,-0.71788055,3,2
2JEL_LH_P|KP72R,0.0,-0.04325996,3,2
2JEL_LH_P|KP79E,0.41047263,-0.70186764,3,2
2JEL_LH_P|NP12D,0.0,-0.27764142,3,2
2JEL_LH_P|NP38T,0.0,0.016453143,3,2
2JEL_LH_P|PP11E,0.0,-1.120507,3,2
2JEL_LH_P|QP3K,4.0,-0.020443264,3,2
2JEL_LH_P|QP4K,1.3635606,-0.30799615,3,2
2JEL_LH_P|QP57E,-0.41047263,-0.179368,3,2
2JEL_LH_P|QP71E,2.727121,-0.2154354,3,2
2JEL_LH_P|RP17G,0.0,-0.2990034,3,2
2JEL_LH_P|RP17K,0.0,0.029525857,3,2
2JEL_LH_P|SP41C,1.4957032,-0.35462227,3,2
2JEL_LH_P|SP43C,0.0,-0.44948703,3,2
2JEL_LH_P|SP46C,0.0,-0.3196643,3,2
2JEL_LH_P|SP64T,4.0,-0.034733888,3,2
2JEL_LH_P|TP34Q,0.0,0.022108506,3,2
2JEL_LH_P|TP36Q,0.41047263,-0.22736563,3,2
2JEL_LH_P|TP62A,0.0,-0.25559303,3,2
2JEL_LH_P|TP62N,0.0,-0.15983249,3,2
2JEL_LH_P|TP7N,0.41047263,-0.14560346,3,2
2JEL_LH_P|TP7S,0.0,-0.03496043,3,2
2JEL_LH_P|VP6F,0.0,-0.28253368,3,2
"2NY7_HL_G|CG27I,CG226Q",0.19971907,-0.5740599,3,2
"2NY7_HL_G|CG27I,CG226Q,MG231A",0.20319231,-0.98782986,3,2
"2NY7_HL_G|GG229C,MG231A",-0.37879732,-0.116841,3,2
"2NY7_HL_G|GG229C,WG13M,MG231A,CG14W,CG110V,CG27I,CG226Q",0.21462485,-2.353728,3,2
"2NY7_HL_G|KG66C,EG102C,CG27I,CG226Q",0.04085667,-1.4321687,3,2
"2NY7_HL_G|KG66C,EG102C,WG13M,MG231A,CG14W,CG110V,CG27I,CG226Q",0.3998023,-2.931635,3,2
"2NY7_HL_G|KG66C,EG103C,WG13M,MG231A,CG14W,CG110V,CG27I,CG226Q",0.29989544,-2.9881752,3,2
"2NY7_HL_G|WG13M,MG231A,CG14W,CG110V",1.1574335,-1.5844761,3,2
"2NY7_HL_G|WG13M,MG231A,CG14W,CG110V,CG27I,CG226Q",0.44904727,-2.3748384,3,2
"2NY7_HL_G|WG13M,MG231A,CG14W,CG110V,KG66C,EG102C",0.55101526,-2.0788202,3,2
"2NY7_HL_G|WG13M,SG92T,WG181S,MG231A,CG14W,CG110V,CG27I,CG226Q",-0.3035898,-2.2208574,3,2
3BN9_B_CD|DB214A,0.5662115,1.1529803,3,2
3BN9_B_CD|DB46A,0.42238826,0.50797987,3,2
3BN9_B_CD|DB47A,0.31110755,0.35386512,3,2
3BN9_B_CD|EB163A,0.37321588,0.48022008,3,2
3BN9_B_CD|FB50A,-0.044997852,0.19579613,3,2
3BN9_B_CD|FB89A,0.6392419,1.0335222,3,2
3BN9_B_CD|HB138A,0.085063316,0.45221138,3,2
3BN9_B_CD|IB26A,0.0,0.10522656,3,2
3BN9_B_CD|IB45A,0.8352155,0.04815091,3,2
3BN9_B_CD|KB221A,0.7849689,-0.42830154,3,2
3BN9_B_CD|LB147A,0.33619216,0.2017171,3,2
3BN9_B_CD|NB90A,0.7733444,0.3772632,3,2
3BN9_B_CD|PD104H,2.4272547,0.118581966,3,2
3BN9_B_CD|QB140A,0.1331048,0.06381211,3,2
3BN9_B_CD|QB168A,-0.03469869,-0.3532561,3,2
3BN9_B_CD|QB169A,2.5089848,0.6798274,3,2
3BN9_B_CD|QB218A,0.70571065,0.103514865,3,2
3BN9_B_CD|QB23A,-0.41530684,0.07141285,3,2
3BN9_B_CD|QD105V,1.2241027,0.73632294,3,2
3BN9_B_CD|RB219A,-0.093698174,-0.33508676,3,2
3BN9_B_CD|RB48A,-0.044997852,-0.5893262,3,2
3BN9_B_CD|RB51A,-0.07155777,-0.48129928,3,2
3BN9_B_CD|RB82A,-0.15923285,-0.30104703,3,2
3BN9_B_CD|SD30G,1.1861069,1.1353251,3,2
3BN9_B_CD|SD30N,1.145505,1.2494714,3,2
3BN9_B_CD|TB144A,0.2908351,0.2849087,3,2
3BN9_B_CD|TB93A,1.1320528,0.7354597,3,2
3BN9_B_CD|TD102Q,-0.02153644,0.2279547,3,2
3BN9_B_CD|TD102R,-0.058294915,0.5381481,3,2
3BN9_B_CD|TD28R,0.33290586,0.7630017,3,2
3BN9_B_CD|YB141A,1.0846525,1.5997323,3,2
3BN9_B_CD|YB52A,0.018951595,0.39883006,3,2
3BN9_B_CD|YD103S,0.45868576,1.6288099,3,2
4GXU_ABCDEF_MN|DA189E,2.1650882,0.5671808,3,2
"4GXU_ABCDEF_MN|DA189E,DA224G",3.0102077,0.47450417,3,2
4GXU_ABCDEF_MN|DA224G,1.9608781,0.47922423,3,2
"1JRH_LH_I|AI49S,II51T,HI55D",0.070675574,-0.76298934,4,0
"1JRH_LH_I|AI85D,KI88R,EI90K",-0.047747865,-0.8748591,4,0
"1JRH_LH_I|AI93L,VI94M",0.63366294,-1.0447305,4,0
1JRH_LH_I|DH56A,1.8860998,0.26601034,4,0
1JRH_LH_I|DH57A,1.6660647,0.15507402,4,0
1JRH_LH_I|DH58A,1.8546488,0.14901404,4,0
1JRH_LH_I|DL28A,0.43464687,0.11561744,4,0
1JRH_LH_I|EI35Q,0.09956847,-0.13676962,4,0
1JRH_LH_I|EI45A,-0.5657849,0.23811126,4,0
1JRH_LH_I|EI45P,-3.7881775,-0.0070351176,4,0
"1JRH_LH_I|EI45P,II47L",-3.4567804,-0.013928924,4,0
"1JRH_LH_I|EI45P,II47R",-3.4400978,0.075473785,4,0
1JRH_LH_I|EL27A,0.5426153,0.14463335,4,0
1JRH_LH_I|FH103A,0.0,0.3295357,4,0
1JRH_LH_I|GI40A,4.0,0.06541264,4,0
1JRH_LH_I|HH107A,1.6977708,0.4176813,4,0
"1JRH_LH_I|II25N,PI27S,VI29T,VI31I",0.14370596,0.0822919,4,0
1JRH_LH_I|KI37A,3.713863,0.04969758,4,0
1JRH_LH_I|KI37M,3.2923293,-0.23853853,4,0
1JRH_LH_I|KI42A,3.3858175,0.16785112,4,0
1JRH_LH_I|KI42M,4.0,-0.11261414,4,0
1JRH_LH_I|KI88A,0.31209365,0.14420587,4,0
"1JRH_LH_I|MI15L,II18V",-0.21360606,-0.055762384,4,0
1JRH_LH_I|NI38A,0.1704579,0.18577799,4,0
1JRH_LH_I|NI38Q,0.5344714,-0.054993395,4,0
1JRH_LH_I|NI43A,4.0,0.2372366,4,0
1JRH_LH_I|NI69A,-0.19953421,0.24757423,4,0
1JRH_LH_I|RH100A,0.5426153,0.6683593,4,0
1JRH_LH_I|RI74A,0.3926171,0.23851047,4,0
1JRH_LH_I|SI44A,0.37771076,0.0013485961,4,0
"1JRH_LH_I|SI44G,EI45G,II47R",-3.3777049,0.16456884,4,0
"1JRH_LH_I|SI44G,EI45P,II47K",-3.884419,-0.025266126,4,0
"1JRH_LH_I|SI61Y,DI62E,HI63Q,VI64I,GI65M,DI66Y,SI68D,NI69V,LI71A",2.9588323,-0.4937779,4,0
1JRH_LH_I|SL93A,-0.65058374,0.21248141,4,0
1JRH_LH_I|TI4V,-0.025565991,-0.12551346,4,0
"1JRH_LH_I|TI9L,EI11K",-0.025565991,-0.13022485,4,0
1JRH_LH_I|TL94A,0.38526937,0.20369409,4,0
1JRH_LH_I|VI41A,1.6791569,0.29307503,4,0
"1JRH_LH_I|VI73A,RI78K",-0.21360606,0.15201014,4,0
1JRH_LH_I|WH54A,2.6862645,0.73779386,4,0
1JRH_LH_I|WH55A,2.4213178,0.6329791,4,0
1JRH_LH_I|WI46F,-0.25261214,0.036454562,4,0
1JRH_LH_I|WI46Y,0.29852974,-0.056369375,4,0
1JRH_LH_I|WI72A,4.0,0.3965942,4,0
1JRH_LH_I|WI72F,1.102707,0.04366682,4,0
1JRH_LH_I|WI72Y,1.1878273,-0.04763714,4,0
1JRH_LH_I|WL92A,2.818407,0.41935351,4,0
1JRH_LH_I|WL95A,1.6660647,0.6168602,4,0
1JRH_LH_I|YH104A,1.0610564,0.71762884,4,0
1JRH_LH_I|YH32A,1.4333102,0.6137868,4,0
1JRH_LH_I|YH60A,1.2555921,0.45606858,4,0
1JRH_LH_I|YI39A,3.5271235,0.5178973,4,0
1JRH_LH_I|YI39F,0.9087807,0.10697445,4,0
1JRH_LH_I|YL30A,1.1084566,0.40329883,4,0
1JRH_LH_I|YL91A,0.58083415,0.7502893,4,0
1KIQ_AB_C|FB101Y,-2.4949589,-0.33803052,4,0
1XGR_AB_C|IB33A,2.260207,0.271232,4,0
1XGR_AB_C|IB33F,-1.8004549,-0.06732431,4,0
1XGR_AB_C|IB33L,0.061315425,-0.06246878,4,0
1XGR_AB_C|IB33V,1.1076277,-0.059174616,4,0
2BDN_HL_A|DH31E,1.0852306,0.06827609,4,0
2BDN_HL_A|LH27K,0.8740124,0.20153639,4,0
2BDN_HL_A|LH27R,0.65058374,0.15703957,4,0
2BDN_HL_A|NH28D,0.13214268,0.13593191,4,0
2BDN_HL_A|NH28Q,1.3994616,0.098915696,4,0
2BDN_HL_A|NL31K,3.4897714,-0.14240903,4,0
2BDN_HL_A|NL31R,-0.9171868,-0.2453233,4,0
2BDN_HL_A|SL53D,-0.1605731,0.004315324,4,0
2BDN_HL_A|SL53E,-0.85132045,-0.0105829425,4,0
2BDN_HL_A|TL56D,-0.4254655,0.04329392,4,0
2BDN_HL_A|TL56E,-0.6888026,0.012592968,4,0
2BDN_HL_A|YL30K,0.67475796,0.4134483,4,0
2NYY_DC_A|DA1030A,0.009336901,0.21487659,4,0
2NYY_DC_A|DA1034A,2.5297937,0.2596468,4,0
2NYY_DC_A|DC30Y,0.64113563,-0.3144385,4,0
2NYY_DC_A|EA892A,2.839132,0.33217606,4,0
2NYY_DC_A|ED5Q,-0.2479871,-0.101711184,4,0
2NYY_DC_A|FA889A,0.4193659,0.43994537,4,0
2NYY_DC_A|FA925A,4.0,0.37462056,4,0
2NYY_DC_A|HA1036A,4.0,0.61976004,4,0
2NYY_DC_A|HC34R,0.10088469,-0.120215595,4,0
2NYY_DC_A|IA928A,-0.009487502,0.47769052,4,0
2NYY_DC_A|KA1028A,-0.028934313,0.38165835,4,0
2NYY_DC_A|KA875A,0.29098648,0.3414792,4,0
2NYY_DC_A|KA895A,-0.14014584,0.3834418,4,0
2NYY_DC_A|KD29R,0.071385965,-0.21150017,4,0
"2NYY_DC_A|KD29S,YD30D,DD31H,SD60P",0.04961051,0.4906951,4,0
2NYY_DC_A|LA891A,2.5892105,0.51982594,4,0
2NYY_DC_A|MD33Q,-0.059869844,0.17594096,4,0
2NYY_DC_A|NA890A,0.89044046,0.1557367,4,0
2NYY_DC_A|NA926A,0.09934822,0.16124368,4,0
2NYY_DC_A|QA887A,0.5208145,0.32810023,4,0
2NYY_DC_A|RA1033A,0.82012254,0.43977454,4,0
2NYY_DC_A|RA1266A,0.2995321,0.6647157,4,0
2NYY_DC_A|SA874A,-0.23032175,0.14864865,4,0
2NYY_DC_A|SA927A,0.0,0.14287788,4,0
2NYY_DC_A|SC28Q,0.4133828,-0.34717786,4,0
2NYY_DC_A|SC31N,-0.35338265,-0.20155218,4,0
2NYY_DC_A|TA1035A,1.630871,0.24728972,4,0
2NYY_DC_A|VD36I,-0.21317148,0.0075410455,4,0
"2NYY_DC_A|VD36I,ED5Q",-0.0490461,-0.033234004,4,0
2NYY_DC_A|YD30D,0.06462482,0.42691043,4,0
2NYY_DC_A|YD30Q,0.12897444,0.20888841,4,0
2NYY_DC_A|YD56Q,0.5196862,-0.07719825,4,0
2NZ9_DC_A|DA1030A,-0.031082604,0.21055055,4,0
2NZ9_DC_A|DA1034A,2.3396032,0.22160017,4,0
2NZ9_DC_A|EA892A,2.77036,0.39018366,4,0
2NZ9_DC_A|FA889A,-0.04961051,0.38795343,4,0
2NZ9_DC_A|FA925A,3.340439,0.356729,4,0
2NZ9_DC_A|HA1036A,4.0,0.53873026,4,0
2NZ9_DC_A|IA928A,0.069281444,0.45764872,4,0
2NZ9_DC_A|KA1028A,-0.008714417,0.37810636,4,0
2NZ9_DC_A|KA875A,0.5407011,0.33949292,4,0
2NZ9_DC_A|KA895A,-0.29975358,0.40413773,4,0
2NZ9_DC_A|LA891A,2.279965,0.49107715,4,0
2NZ9_DC_A|NA890A,2.1600318,0.13971059,4,0
2NZ9_DC_A|NA926A,-0.15216734,0.11880821,4,0
2NZ9_DC_A|QA887A,0.09926054,0.3160508,4,0
2NZ9_DC_A|RA1033A,0.29088098,0.421065,4,0
2NZ9_DC_A|RA1266A,0.39015788,0.63818705,4,0
2NZ9_DC_A|SA874A,-0.11948046,0.100874886,4,0
2NZ9_DC_A|SA927A,-0.078544825,0.12885119,4,0
"2NZ9_DC_A|SD29K,DD30Y,HD31D",-0.04961051,-0.3219219,4,0
2NZ9_DC_A|TA1035A,2.3703818,0.2506806,4,0
2VIS_AB_C|IC89T,-4.0,0.26195773,4,0
"3BE1_HL_A|DL28N,PL30A,RL31K,SL32T,TL97S,TL98S",-0.6860794,0.40850654,4,0
"3BE1_HL_A|DL28N,PL30A,RL31K,SL32T,TL97S,TL98S,KH30S,DH31G,TH54S,NH55E,GH100V,DH102V",-2.7728782,0.88548005,4,0
"3BE1_HL_A|DL28N,PL30A,RL31K,SL32T,TL97S,TL98S,KH30S,DH31G,TH54S,NH55E,GH100V,DH102V,YL36A",-3.190238,1.2066468,4,0
"3BE1_HL_A|DL28N,PL30A,RL31K,SL32T,TL97S,TL98S,KH30S,DH31G,TH54S,NH55E,GH100V,DH102V,YL36A,IL33A",-2.7728782,1.5313804,4,0
"3BE1_HL_A|DL28N,PL30A,RL31K,SL32T,YL57F,TL97S,TL98S",-0.8683455,0.39647982,4,0
"3BE1_HL_A|DL28N,PL30A,RL31K,SL32T,YL57F,TL97S,TL98S,KH30S,DH31G,TH54S,NH55E,GH100V,DH102V",-2.8824897,0.8308473,4,0
3LZF_AB_HL|DA187E,0.49836498,-0.1060562,4,0
"3LZF_AB_HL|DA187E,DA222G",0.12738612,0.5318646,4,0
3LZF_AB_HL|DA222G,0.5378587,0.728205,4,0
3NGB_HL_G|AH57G,-0.056030333,-0.45800427,4,0
"3NGB_HL_G|AH57G,VH58T,PH63K,VH74T",1.6734211,-0.02672482,4,0
"3NGB_HL_G|CH32S,CH102A",0.25899792,0.27617547,4,0
3NGB_HL_G|DH103A,0.05987142,0.21958648,4,0
3NGB_HL_G|EL88A,1.3199503,0.12187463,4,0
3NGB_HL_G|FL89A,0.85886127,0.50038314,4,0
3NGB_HL_G|GH55A,-1.2766591,-0.14134729,4,0
3NGB_HL_G|GH55S,0.74304354,-0.06532492,4,0
3NGB_HL_G|GH56A,1.2656107,-0.09310502,4,0
3NGB_HL_G|IH30A,-0.0027431613,0.094684646,4,0
3NGB_HL_G|IH30T,0.0733938,-0.092372075,4,0
"3NGB_HL_G|IH30T,KH52N,RH54N,GH55S,AH57G,VH58T,RH62Q,PH63K,VH74T,YH75S,YL26S",0.86214453,1.4462487,4,0
3NGB_HL_G|KH52A,0.62288266,0.16259937,4,0
3NGB_HL_G|KH52N,0.17497002,-0.07590832,4,0
3NGB_HL_G|MH70A,0.5305512,0.30879185,4,0
3NGB_HL_G|NH105A,1.1185741,0.009271186,4,0
3NGB_HL_G|NH59A,1.7671243,0.28119278,4,0
3NGB_HL_G|PH63A,-0.04252045,0.03102978,4,0
3NGB_HL_G|PH63K,0.23252328,-0.41938943,4,0
3NGB_HL_G|QH65A,-0.34038836,0.28841063,4,0
3NGB_HL_G|QL25A,-0.23060839,0.08224739,4,0
3NGB_HL_G|RH54A,-0.25938424,0.2096577,4,0
3NGB_HL_G|RH54N,0.04645046,0.0021605752,4,0
3NGB_HL_G|RH62A,0.9958448,0.029662605,4,0
3NGB_HL_G|RH62Q,0.09654992,-0.2748586,4,0
3NGB_HL_G|RH72A,1.6432176,0.38552362,4,0
3NGB_HL_G|SL28A,-0.14471176,-0.061196838,4,0
3NGB_HL_G|TH33A,0.7071634,0.11458239,4,0
3NGB_HL_G|TH33Y,0.084193856,-0.42073563,4,0
"3NGB_HL_G|TH33Y,GH56S,AH57G,VH58T,PH63K,VH74T,YH75S",1.9381938,0.35370865,4,0
3NGB_HL_G|VH58A,1.3584284,0.24725428,4,0
3NGB_HL_G|VH58T,0.13787223,-0.032437608,4,0
3NGB_HL_G|VH74A,1.087914,0.093463585,4,0
3NGB_HL_G|VH74T,0.16493925,-0.21750122,4,0
3NGB_HL_G|VL1A,-0.7733632,0.07715942,4,0
3NGB_HL_G|WH106A,4.0,0.44452614,4,0
3NGB_HL_G|WH47A,1.2021707,1.106954,4,0
3NGB_HL_G|WH50A,1.2917941,0.616739,4,0
3NGB_HL_G|YH104A,1.4235861,0.31090072,4,0
3NGB_HL_G|YH60A,0.5484263,0.4352336,4,0
3NGB_HL_G|YH75A,-0.19932224,0.27138466,4,0
3NGB_HL_G|YH75S,0.3325709,0.05969208,4,0
3NGB_HL_G|YL26A,0.98528093,0.30743197,4,0
3NGB_HL_G|YL26S,0.6512687,-0.12850206,4,0
3NGB_HL_G|YL87A,2.0227883,0.6055236,4,0
4JPK_HL_A|DA141R,3.857323,-0.30586612,4,0
"4JPK_HL_A|DA159N,DA33N",0.6189681,0.32133767,4,0
4JPK_HL_A|FA144I,1.3875175,-0.20730692,4,0
4JPK_HL_A|FA63L,1.1672868,-0.31689048,4,0
4JPK_HL_A|RA130K,0.23006605,-0.20620385,4,0
4JPK_HL_A|RA81T,0.75870305,-0.13994037,4,0
4JPK_HL_A|SA41G,2.151695,-0.39626116,4,0
4JPK_HL_A|TA35S,-0.032093357,-0.2684883,4,0
4JPK_HL_A|VA30N,0.59459484,-0.2337456,4,0
"1JRH_LH_I|AI49S,II51T,HI55D",0.070675574,-0.7167063,4,1
"1JRH_LH_I|AI85D,KI88R,EI90K",-0.047747865,-0.7013084,4,1
"1JRH_LH_I|AI93L,VI94M",0.63366294,-1.0980666,4,1
1JRH_LH_I|DH56A,1.8860998,0.5743529,4,1
1JRH_LH_I|DH57A,1.6660647,0.38053787,4,1
1JRH_LH_I|DH58A,1.8546488,0.22359976,4,1
1JRH_LH_I|DL28A,0.43464687,0.17190361,4,1
1JRH_LH_I|EI35Q,0.09956847,0.042423587,4,1
1JRH_LH_I|EI45A,-0.5657849,0.52785146,4,1
1JRH_LH_I|EI45P,-3.7881775,1.0195183,4,1
"1JRH_LH_I|EI45P,II47L",-3.4567804,1.0417998,4,1
"1JRH_LH_I|EI45P,II47R",-3.4400978,1.3206419,4,1
1JRH_LH_I|EL27A,0.5426153,0.531359,4,1
1JRH_LH_I|FH103A,0.0,-0.1991236,4,1
1JRH_LH_I|GI40A,4.0,0.82860464,4,1
1JRH_LH_I|HH107A,1.6977708,0.18091023,4,1
"1JRH_LH_I|II25N,PI27S,VI29T,VI31I",0.14370596,-0.15021613,4,1
1JRH_LH_I|KI37A,3.713863,-0.02897226,4,1
1JRH_LH_I|KI37M,3.2923293,-0.3798424,4,1
1JRH_LH_I|KI42A,3.3858175,0.32335532,4,1
1JRH_LH_I|KI42M,4.0,-0.29809225,4,1
1JRH_LH_I|KI88A,0.31209365,0.08972123,4,1
"1JRH_LH_I|MI15L,II18V",-0.21360606,-0.00289144,4,1
1JRH_LH_I|NI38A,0.1704579,0.14844581,4,1
1JRH_LH_I|NI38Q,0.5344714,-0.14493786,4,1
1JRH_LH_I|NI43A,4.0,0.98546106,4,1
1JRH_LH_I|NI69A,-0.19953421,0.5428367,4,1
1JRH_LH_I|RH100A,0.5426153,0.852703,4,1
1JRH_LH_I|RI74A,0.3926171,0.17908503,4,1
1JRH_LH_I|SI44A,0.37771076,0.18911551,4,1
"1JRH_LH_I|SI44G,EI45G,II47R",-3.3777049,0.3036986,4,1
"1JRH_LH_I|SI44G,EI45P,II47K",-3.884419,1.0189853,4,1
"1JRH_LH_I|SI61Y,DI62E,HI63Q,VI64I,GI65M,DI66Y,SI68D,NI69V,LI71A",2.9588323,-0.6165131,4,1
1JRH_LH_I|SL93A,-0.65058374,-0.21304871,4,1
1JRH_LH_I|TI4V,-0.025565991,-0.055704705,4,1
"1JRH_LH_I|TI9L,EI11K",-0.025565991,0.117815465,4,1
1JRH_LH_I|TL94A,0.38526937,-0.24747977,4,1
1JRH_LH_I|VI41A,1.6791569,0.7900176,4,1
"1JRH_LH_I|VI73A,RI78K",-0.21360606,0.29746315,4,1
1JRH_LH_I|WH54A,2.6862645,1.189481,4,1
1JRH_LH_I|WH55A,2.4213178,-0.10380307,4,1
1JRH_LH_I|WI46F,-0.25261214,0.15435414,4,1
1JRH_LH_I|WI46Y,0.29852974,-0.04530267,4,1
1JRH_LH_I|WI72A,4.0,0.738431,4,1
1JRH_LH_I|WI72F,1.102707,-0.017939113,4,1
1JRH_LH_I|WI72Y,1.1878273,-0.23630898,4,1
1JRH_LH_I|WL92A,2.818407,0.061876167,4,1
1JRH_LH_I|WL95A,1.6660647,0.047024112,4,1
1JRH_LH_I|YH104A,1.0610564,0.26298994,4,1
1JRH_LH_I|YH32A,1.4333102,0.6867843,4,1
1JRH_LH_I|YH60A,1.2555921,0.23075473,4,1
1JRH_LH_I|YI39A,3.5271235,1.11028,4,1
1JRH_LH_I|YI39F,0.9087807,0.14421035,4,1
1JRH_LH_I|YL30A,1.1084566,0.25819862,4,1
1JRH_LH_I|YL91A,0.58083415,0.6714222,4,1
1KIQ_AB_C|FB101Y,-2.4949589,-0.37766707,4,1
1XGR_AB_C|IB33A,2.260207,0.7781455,4,1
1XGR_AB_C|IB33F,-1.8004549,0.12540969,4,1
1XGR_AB_C|IB33L,0.061315425,0.11620945,4,1
1XGR_AB_C|IB33V,1.1076277,0.30696023,4,1
2BDN_HL_A|DH31E,1.0852306,0.15822291,4,1
2BDN_HL_A|LH27K,0.8740124,0.44673827,4,1
2BDN_HL_A|LH27R,0.65058374,0.3503891,4,1
2BDN_HL_A|NH28D,0.13214268,-0.4384732,4,1
2BDN_HL_A|NH28Q,1.3994616,-0.024741795,4,1
2BDN_HL_A|NL31K,3.4897714,0.12601526,4,1
2BDN_HL_A|NL31R,-0.9171868,-0.031876028,4,1
2BDN_HL_A|SL53D,-0.1605731,-0.24882007,4,1
2BDN_HL_A|SL53E,-0.85132045,-0.29870078,4,1
2BDN_HL_A|TL56D,-0.4254655,-0.2038402,4,1
2BDN_HL_A|TL56E,-0.6888026,-0.15135187,4,1
2BDN_HL_A|YL30K,0.67475796,0.9788961,4,1
2NYY_DC_A|DA1030A,0.009336901,0.7500132,4,1
2NYY_DC_A|DA1034A,2.5297937,1.0326595,4,1
2NYY_DC_A|DC30Y,0.64113563,-0.29272005,4,1
2NYY_DC_A|EA892A,2.839132,0.9118265,4,1
2NYY_DC_A|ED5Q,-0.2479871,-0.18815252,4,1
2NYY_DC_A|FA889A,0.4193659,0.7646185,4,1
2NYY_DC_A|FA925A,4.0,0.9924932,4,1
2NYY_DC_A|HA1036A,4.0,1.8574752,4,1
2NYY_DC_A|HC34R,0.10088469,-0.093212366,4,1
2NYY_DC_A|IA928A,-0.009487502,1.1069944,4,1
2NYY_DC_A|KA1028A,-0.028934313,0.46521598,4,1
2NYY_DC_A|KA875A,0.29098648,0.7684719,4,1
2NYY_DC_A|KA895A,-0.14014584,0.50920504,4,1
2NYY_DC_A|KD29R,0.071385965,-0.106151134,4,1
"2NYY_DC_A|KD29S,YD30D,DD31H,SD60P",0.04961051,1.1431133,4,1
2NYY_DC_A|LA891A,2.5892105,1.0142103,4,1
2NYY_DC_A|MD33Q,-0.059869844,0.53727293,4,1
2NYY_DC_A|NA890A,0.89044046,0.41713247,4,1
2NYY_DC_A|NA926A,0.09934822,0.7396918,4,1
2NYY_DC_A|QA887A,0.5208145,0.36043984,4,1
2NYY_DC_A|RA1033A,0.82012254,0.8636249,4,1
2NYY_DC_A|RA1266A,0.2995321,1.2406679,4,1
2NYY_DC_A|SA874A,-0.23032175,0.50738966,4,1
2NYY_DC_A|SA927A,0.0,0.74535716,4,1
2NYY_DC_A|SC28Q,0.4133828,-0.34581277,4,1
2NYY_DC_A|SC31N,-0.35338265,-0.1796852,4,1
2NYY_DC_A|TA1035A,1.630871,0.78923106,4,1
2NYY_DC_A|VD36I,-0.21317148,0.1589755,4,1
"2NYY_DC_A|VD36I,ED5Q",-0.0490461,0.060093183,4,1
2NYY_DC_A|YD30D,0.06462482,0.15114246,4,1
2NYY_DC_A|YD30Q,0.12897444,0.19964252,4,1
2NYY_DC_A|YD56Q,0.5196862,-0.14232926,4,1
2NZ9_DC_A|DA1030A,-0.031082604,0.54497063,4,1
2NZ9_DC_A|DA1034A,2.3396032,0.6315649,4,1
2NZ9_DC_A|EA892A,2.77036,0.9247263,4,1
2NZ9_DC_A|FA889A,-0.04961051,0.4829877,4,1
2NZ9_DC_A|FA925A,3.340439,0.7304993,4,1
2NZ9_DC_A|HA1036A,4.0,1.3574264,4,1
2NZ9_DC_A|IA928A,0.069281444,0.7506673,4,1
2NZ9_DC_A|KA1028A,-0.008714417,0.28257087,4,1
2NZ9_DC_A|KA875A,0.5407011,0.5096906,4,1
2NZ9_DC_A|KA895A,-0.29975358,0.35343692,4,1
2NZ9_DC_A|LA891A,2.279965,0.8397799,4,1
2NZ9_DC_A|NA890A,2.1600318,0.21403772,4,1
2NZ9_DC_A|NA926A,-0.15216734,0.4256131,4,1
2NZ9_DC_A|QA887A,0.09926054,0.20336013,4,1
2NZ9_DC_A|RA1033A,0.29088098,0.5640807,4,1
2NZ9_DC_A|RA1266A,0.39015788,0.8603614,4,1
2NZ9_DC_A|SA874A,-0.11948046,0.1904619,4,1
2NZ9_DC_A|SA927A,-0.078544825,0.57104313,4,1
"2NZ9_DC_A|SD29K,DD30Y,HD31D",-0.04961051,-0.3535445,4,1
2NZ9_DC_A|TA1035A,2.3703818,0.6458807,4,1
2VIS_AB_C|IC89T,-4.0,0.6050166,4,1
"3BE1_HL_A|DL28N,PL30A,RL31K,SL32T,TL97S,TL98S",-0.6860794,0.123566195,4,1
"3BE1_HL_A|DL28N,PL30A,RL31K,SL32T,TL97S,TL98S,KH30S,DH31G,TH54S,NH55E,GH100V,DH102V",-2.7728782,-0.30354235,4,1
"3BE1_HL_A|DL28N,PL30A,RL31K,SL32T,TL97S,TL98S,KH30S,DH31G,TH54S,NH55E,GH100V,DH102V,YL36A",-3.190238,0.3857227,4,1
"3BE1_HL_A|DL28N,PL30A,RL31K,SL32T,TL97S,TL98S,KH30S,DH31G,TH54S,NH55E,GH100V,DH102V,YL36A,IL33A",-2.7728782,0.91570944,4,1
"3BE1_HL_A|DL28N,PL30A,RL31K,SL32T,YL57F,TL97S,TL98S",-0.8683455,0.18609437,4,1
"3BE1_HL_A|DL28N,PL30A,RL31K,SL32T,YL57F,TL97S,TL98S,KH30S,DH31G,TH54S,NH55E,GH100V,DH102V",-2.8824897,-0.21744022,4,1
3LZF_AB_HL|DA187E,0.49836498,0.5998607,4,1
"3LZF_AB_HL|DA187E,DA222G",0.12738612,0.94566256,4,1
3LZF_AB_HL|DA222G,0.5378587,2.182031,4,1
3NGB_HL_G|AH57G,-0.056030333,-0.6551753,4,1
"3NGB_HL_G|AH57G,VH58T,PH63K,VH74T",1.6734211,0.64377445,4,1
"3NGB_HL_G|CH32S,CH102A",0.25899792,0.20052347,4,1
3NGB_HL_G|DH103A,0.05987142,0.24786466,4,1
3NGB_HL_G|EL88A,1.3199503,0.12796919,4,1
3NGB_HL_G|FL89A,0.85886127,0.6315811,4,1
3NGB_HL_G|GH55A,-1.2766591,0.19419087,4,1
3NGB_HL_G|GH55S,0.74304354,0.4293538,4,1
3NGB_HL_G|GH56A,1.2656107,0.37143385,4,1
3NGB_HL_G|IH30A,-0.0027431613,-0.0074889325,4,1
3NGB_HL_G|IH30T,0.0733938,0.21832493,4,1
"3NGB_HL_G|IH30T,KH52N,RH54N,GH55S,AH57G,VH58T,RH62Q,PH63K,VH74T,YH75S,YL26S",0.86214453,4.820444,4,1
3NGB_HL_G|KH52A,0.62288266,-0.25775623,4,1
3NGB_HL_G|KH52N,0.17497002,-0.35856694,4,1
3NGB_HL_G|MH70A,0.5305512,0.56364167,4,1
3NGB_HL_G|NH105A,1.1185741,-0.29931873,4,1
3NGB_HL_G|NH59A,1.7671243,0.4532835,4,1
3NGB_HL_G|PH63A,-0.04252045,-0.3866753,4,1
3NGB_HL_G|PH63K,0.23252328,-0.401831,4,1
3NGB_HL_G|QH65A,-0.34038836,0.23701128,4,1
3NGB_HL_G|QL25A,-0.23060839,-0.09294455,4,1
3NGB_HL_G|RH54A,-0.25938424,-0.09094449,4,1
3NGB_HL_G|RH54N,0.04645046,-0.3104219,4,1
3NGB_HL_G|RH62A,0.9958448,0.29274303,4,1
3NGB_HL_G|RH62Q,0.09654992,-0.49214974,4,1
3NGB_HL_G|RH72A,1.6432176,-0.1615624,4,1
3NGB_HL_G|SL28A,-0.14471176,-0.058823645,4,1
3NGB_HL_G|TH33A,0.7071634,-0.26428488,4,1
3NGB_HL_G|TH33Y,0.084193856,-0.33490968,4,1
"3NGB_HL_G|TH33Y,GH56S,AH57G,VH58T,PH63K,VH74T,YH75S",1.9381938,1.8688984,4,1
3NGB_HL_G|VH58A,1.3584284,0.27302116,4,1
3NGB_HL_G|VH58T,0.13787223,0.29585007,4,1
3NGB_HL_G|VH74A,1.087914,0.2798502,4,1
3NGB_HL_G|VH74T,0.16493925,0.1300235,4,1
3NGB_HL_G|VL1A,-0.7733632,0.060780127,4,1
3NGB_HL_G|WH106A,4.0,0.08159174,4,1
3NGB_HL_G|WH47A,1.2021707,0.42716163,4,1
3NGB_HL_G|WH50A,1.2917941,0.8996702,4,1
3NGB_HL_G|YH104A,1.4235861,-0.04216255,4,1
3NGB_HL_G|YH60A,0.5484263,0.56795377,4,1
3NGB_HL_G|YH75A,-0.19932224,0.1838421,4,1
3NGB_HL_G|YH75S,0.3325709,0.3804915,4,1
3NGB_HL_G|YL26A,0.98528093,0.21379733,4,1
3NGB_HL_G|YL26S,0.6512687,0.34500653,4,1
3NGB_HL_G|YL87A,2.0227883,1.0763193,4,1
4JPK_HL_A|DA141R,3.857323,0.6677762,4,1
"4JPK_HL_A|DA159N,DA33N",0.6189681,0.5413523,4,1
4JPK_HL_A|FA144I,1.3875175,-0.09170149,4,1
4JPK_HL_A|FA63L,1.1672868,0.045002062,4,1
4JPK_HL_A|RA130K,0.23006605,-0.17402087,4,1
4JPK_HL_A|RA81T,0.75870305,0.10815157,4,1
4JPK_HL_A|SA41G,2.151695,-0.3222702,4,1
4JPK_HL_A|TA35S,-0.032093357,0.32896042,4,1
4JPK_HL_A|VA30N,0.59459484,-0.0140404925,4,1
"1JRH_LH_I|AI49S,II51T,HI55D",0.070675574,-0.22885098,4,2
"1JRH_LH_I|AI85D,KI88R,EI90K",-0.047747865,-0.07800424,4,2
"1JRH_LH_I|AI93L,VI94M",0.63366294,-0.14172389,4,2
1JRH_LH_I|DH56A,1.8860998,0.34780705,4,2
1JRH_LH_I|DH57A,1.6660647,0.21334828,4,2
1JRH_LH_I|DH58A,1.8546488,0.41585028,4,2
1JRH_LH_I|DL28A,0.43464687,0.35447794,4,2
1JRH_LH_I|EI35Q,0.09956847,0.24583745,4,2
1JRH_LH_I|EI45A,-0.5657849,0.23370008,4,2
1JRH_LH_I|EI45P,-3.7881775,0.6874571,4,2
"1JRH_LH_I|EI45P,II47L",-3.4567804,0.6581057,4,2
"1JRH_LH_I|EI45P,II47R",-3.4400978,0.7585712,4,2
1JRH_LH_I|EL27A,0.5426153,0.3841235,4,2
1JRH_LH_I|FH103A,0.0,0.06594318,4,2
1JRH_LH_I|GI40A,4.0,0.24860029,4,2
1JRH_LH_I|HH107A,1.6977708,0.569035,4,2
"1JRH_LH_I|II25N,PI27S,VI29T,VI31I",0.14370596,0.027751945,4,2
1JRH_LH_I|KI37A,3.713863,-0.19808148,4,2
1JRH_LH_I|KI37M,3.2923293,-0.18324114,4,2
1JRH_LH_I|KI42A,3.3858175,0.00028046593,4,2
1JRH_LH_I|KI42M,4.0,-0.029857643,4,2
1JRH_LH_I|KI88A,0.31209365,-0.16156392,4,2
"1JRH_LH_I|MI15L,II18V",-0.21360606,0.08363237,4,2
1JRH_LH_I|NI38A,0.1704579,-0.13173302,4,2
1JRH_LH_I|NI38Q,0.5344714,0.052194543,4,2
1JRH_LH_I|NI43A,4.0,0.23395674,4,2
1JRH_LH_I|NI69A,-0.19953421,-0.03818237,4,2
1JRH_LH_I|RH100A,0.5426153,0.9281125,4,2
1JRH_LH_I|RI74A,0.3926171,-0.31808478,4,2
1JRH_LH_I|SI44A,0.37771076,-0.18203771,4,2
"1JRH_LH_I|SI44G,EI45G,II47R",-3.3777049,0.23743124,4,2
"1JRH_LH_I|SI44G,EI45P,II47K",-3.884419,0.78322446,4,2
"1JRH_LH_I|SI61Y,DI62E,HI63Q,VI64I,GI65M,DI66Y,SI68D,NI69V,LI71A",2.9588323,-1.0540621,4,2
1JRH_LH_I|SL93A,-0.65058374,0.006588578,4,2
1JRH_LH_I|TI4V,-0.025565991,0.12247433,4,2
"1JRH_LH_I|TI9L,EI11K",-0.025565991,0.062218815,4,2
1JRH_LH_I|TL94A,0.38526937,0.0064085443,4,2
1JRH_LH_I|VI41A,1.6791569,0.17826484,4,2
"1JRH_LH_I|VI73A,RI78K",-0.21360606,-0.11629297,4,2
1JRH_LH_I|WH54A,2.6862645,1.0956498,4,2
1JRH_LH_I|WH55A,2.4213178,0.21469769,4,2
1JRH_LH_I|WI46F,-0.25261214,-0.17439272,4,2
1JRH_LH_I|WI46Y,0.29852974,-0.054658554,4,2
1JRH_LH_I|WI72A,4.0,-0.0138117485,4,2
1JRH_LH_I|WI72F,1.102707,-0.047421053,4,2
1JRH_LH_I|WI72Y,1.1878273,-0.043211915,4,2
1JRH_LH_I|WL92A,2.818407,0.31755835,4,2
1JRH_LH_I|WL95A,1.6660647,0.20022912,4,2
1JRH_LH_I|YH104A,1.0610564,0.66100246,4,2
1JRH_LH_I|YH32A,1.4333102,0.5188237,4,2
1JRH_LH_I|YH60A,1.2555921,0.3768142,4,2
1JRH_LH_I|YI39A,3.5271235,0.12015408,4,2
1JRH_LH_I|YI39F,0.9087807,0.05698481,4,2
1JRH_LH_I|YL30A,1.1084566,0.4395005,4,2
1JRH_LH_I|YL91A,0.58083415,0.37684226,4,2
1KIQ_AB_C|FB101Y,-2.4949589,-0.55359244,4,2
1XGR_AB_C|IB33A,2.260207,0.47910285,4,2
1XGR_AB_C|IB33F,-1.8004549,-0.06282334,4,2
1XGR_AB_C|IB33L,0.061315425,0.15593295,4,2
1XGR_AB_C|IB33V,1.1076277,0.38974756,4,2
2BDN_HL_A|DH31E,1.0852306,0.13865098,4,2
2BDN_HL_A|LH27K,0.8740124,0.07118775,4,2
2BDN_HL_A|LH27R,0.65058374,-0.114243105,4,2
2BDN_HL_A|NH28D,0.13214268,-0.24945252,4,2
2BDN_HL_A|NH28Q,1.3994616,-0.06499261,4,2
2BDN_HL_A|NL31K,3.4897714,-0.14045052,4,2
2BDN_HL_A|NL31R,-0.9171868,-0.19112587,4,2
2BDN_HL_A|SL53D,-0.1605731,-0.005888369,4,2
2BDN_HL_A|SL53E,-0.85132045,-0.020149838,4,2
2BDN_HL_A|TL56D,-0.4254655,-0.1888091,4,2
2BDN_HL_A|TL56E,-0.6888026,-0.17564203,4,2
2BDN_HL_A|YL30K,0.67475796,0.5762179,4,2
2NYY_DC_A|DA1030A,0.009336901,0.24984725,4,2
2NYY_DC_A|DA1034A,2.5297937,0.2914008,4,2
2NYY_DC_A|DC30Y,0.64113563,0.044568095,4,2
2NYY_DC_A|EA892A,2.839132,0.13077205,4,2
2NYY_DC_A|ED5Q,-0.2479871,-0.07726523,4,2
2NYY_DC_A|FA889A,0.4193659,0.17292008,4,2
2NYY_DC_A|FA925A,4.0,0.24855621,4,2
2NYY_DC_A|HA1036A,4.0,0.7996153,4,2
2NYY_DC_A|HC34R,0.10088469,-0.0207077,4,2
2NYY_DC_A|IA928A,-0.009487502,0.2152886,4,2
2NYY_DC_A|KA1028A,-0.028934313,0.039151087,4,2
2NYY_DC_A|KA875A,0.29098648,0.053864967,4,2
2NYY_DC_A|KA895A,-0.14014584,-0.12679845,4,2
2NYY_DC_A|KD29R,0.071385965,-0.111618385,4,2
"2NYY_DC_A|KD29S,YD30D,DD31H,SD60P",0.04961051,1.3992239,4,2
2NYY_DC_A|LA891A,2.5892105,0.07977069,4,2
2NYY_DC_A|MD33Q,-0.059869844,0.20283167,4,2
2NYY_DC_A|NA890A,0.89044046,-0.20557825,4,2
2NYY_DC_A|NA926A,0.09934822,-0.0367209,4,2
2NYY_DC_A|QA887A,0.5208145,-0.083942585,4,2
2NYY_DC_A|RA1033A,0.82012254,0.28165346,4,2
2NYY_DC_A|RA1266A,0.2995321,0.6340045,4,2
2NYY_DC_A|SA874A,-0.23032175,-0.053601608,4,2
2NYY_DC_A|SA927A,0.0,0.045825817,4,2
2NYY_DC_A|SC28Q,0.4133828,-0.14188188,4,2
2NYY_DC_A|SC31N,-0.35338265,-0.15767084,4,2
2NYY_DC_A|TA1035A,1.630871,0.053585064,4,2
2NYY_DC_A|VD36I,-0.21317148,-0.24062212,4,2
"2NYY_DC_A|VD36I,ED5Q",-0.0490461,-0.0627491,4,2
2NYY_DC_A|YD30D,0.06462482,0.23034985,4,2
2NYY_DC_A|YD30Q,0.12897444,0.26263797,4,2
2NYY_DC_A|YD56Q,0.5196862,0.05495163,4,2
2NZ9_DC_A|DA1030A,-0.031082604,0.2786591,4,2
2NZ9_DC_A|DA1034A,2.3396032,0.24593829,4,2
2NZ9_DC_A|EA892A,2.77036,0.30009723,4,2
2NZ9_DC_A|FA889A,-0.04961051,0.17493556,4,2
2NZ9_DC_A|FA925A,3.340439,0.24526973,4,2
2NZ9_DC_A|HA1036A,4.0,0.6459709,4,2
2NZ9_DC_A|IA928A,0.069281444,0.15778555,4,2
2NZ9_DC_A|KA1028A,-0.008714417,0.09550811,4,2
2NZ9_DC_A|KA875A,0.5407011,0.039770845,4,2
2NZ9_DC_A|KA895A,-0.29975358,-0.0806876,4,2
2NZ9_DC_A|LA891A,2.279965,0.09972388,4,2
2NZ9_DC_A|NA890A,2.1600318,-0.18643387,4,2
2NZ9_DC_A|NA926A,-0.15216734,-0.06869589,4,2
2NZ9_DC_A|QA887A,0.09926054,-0.09666215,4,2
2NZ9_DC_A|RA1033A,0.29088098,0.29787588,4,2
2NZ9_DC_A|RA1266A,0.39015788,0.5745429,4,2
2NZ9_DC_A|SA874A,-0.11948046,-0.11186226,4,2
2NZ9_DC_A|SA927A,-0.078544825,0.078211114,4,2
"2NZ9_DC_A|SD29K,DD30Y,HD31D",-0.04961051,-0.2104304,4,2
2NZ9_DC_A|TA1035A,2.3703818,0.120066814,4,2
2VIS_AB_C|IC89T,-4.0,0.2134925,4,2
"3BE1_HL_A|DL28N,PL30A,RL31K,SL32T,TL97S,TL98S",-0.6860794,1.3609219,4,2
"3BE1_HL_A|DL28N,PL30A,RL31K,SL32T,TL97S,TL98S,KH30S,DH31G,TH54S,NH55E,GH100V,DH102V",-2.7728782,2.647432,4,2
"3BE1_HL_A|DL28N,PL30A,RL31K,SL32T,TL97S,TL98S,KH30S,DH31G,TH54S,NH55E,GH100V,DH102V,YL36A",-3.190238,3.9664438,4,2
"3BE1_HL_A|DL28N,PL30A,RL31K,SL32T,TL97S,TL98S,KH30S,DH31G,TH54S,NH55E,GH100V,DH102V,YL36A,IL33A",-2.7728782,4.523664,4,2
"3BE1_HL_A|DL28N,PL30A,RL31K,SL32T,YL57F,TL97S,TL98S",-0.8683455,1.5298105,4,2
"3BE1_HL_A|DL28N,PL30A,RL31K,SL32T,YL57F,TL97S,TL98S,KH30S,DH31G,TH54S,NH55E,GH100V,DH102V",-2.8824897,2.6814754,4,2
3LZF_AB_HL|DA187E,0.49836498,-0.10396649,4,2
"3LZF_AB_HL|DA187E,DA222G",0.12738612,0.64874333,4,2
3LZF_AB_HL|DA222G,0.5378587,0.6473935,4,2
3NGB_HL_G|AH57G,-0.056030333,0.061589643,4,2
"3NGB_HL_G|AH57G,VH58T,PH63K,VH74T",1.6734211,0.83547866,4,2
"3NGB_HL_G|CH32S,CH102A",0.25899792,-0.24601714,4,2
3NGB_HL_G|DH103A,0.05987142,0.4628958,4,2
3NGB_HL_G|EL88A,1.3199503,0.33626044,4,2
3NGB_HL_G|FL89A,0.85886127,0.589928,4,2
3NGB_HL_G|GH55A,-1.2766591,0.14415558,4,2
3NGB_HL_G|GH55S,0.74304354,0.59048873,4,2
3NGB_HL_G|GH56A,1.2656107,0.48909587,4,2
3NGB_HL_G|IH30A,-0.0027431613,-0.1296051,4,2
3NGB_HL_G|IH30T,0.0733938,-0.22622965,4,2
"3NGB_HL_G|IH30T,KH52N,RH54N,GH55S,AH57G,VH58T,RH62Q,PH63K,VH74T,YH75S,YL26S",0.86214453,4.573887,4,2
3NGB_HL_G|KH52A,0.62288266,0.59010285,4,2
3NGB_HL_G|KH52N,0.17497002,-0.37213254,4,2
3NGB_HL_G|MH70A,0.5305512,1.5664132,4,2
3NGB_HL_G|NH105A,1.1185741,0.06757243,4,2
3NGB_HL_G|NH59A,1.7671243,0.95357066,4,2
3NGB_HL_G|PH63A,-0.04252045,0.013033982,4,2
3NGB_HL_G|PH63K,0.23252328,0.060670882,4,2
3NGB_HL_G|QH65A,-0.34038836,0.45221698,4,2
3NGB_HL_G|QL25A,-0.23060839,0.2351104,4,2
3NGB_HL_G|RH54A,-0.25938424,0.24493755,4,2
3NGB_HL_G|RH54N,0.04645046,0.39420974,4,2
3NGB_HL_G|RH62A,0.9958448,0.30559576,4,2
3NGB_HL_G|RH62Q,0.09654992,0.14729887,4,2
3NGB_HL_G|RH72A,1.6432176,1.4399157,4,2
3NGB_HL_G|SL28A,-0.14471176,0.047958598,4,2
3NGB_HL_G|TH33A,0.7071634,0.019084215,4,2
3NGB_HL_G|TH33Y,0.084193856,-0.33180785,4,2
"3NGB_HL_G|TH33Y,GH56S,AH57G,VH58T,PH63K,VH74T,YH75S",1.9381938,1.8703591,4,2
3NGB_HL_G|VH58A,1.3584284,0.3930956,4,2
3NGB_HL_G|VH58T,0.13787223,-0.06643539,4,2
3NGB_HL_G|VH74A,1.087914,-0.12566216,4,2
3NGB_HL_G|VH74T,0.16493925,0.008793797,4,2
3NGB_HL_G|VL1A,-0.7733632,-0.0011646934,4,2
3NGB_HL_G|WH106A,4.0,0.5314135,4,2
3NGB_HL_G|WH47A,1.2021707,1.3419824,4,2
3NGB_HL_G|WH50A,1.2917941,1.4587717,4,2
3NGB_HL_G|YH104A,1.4235861,0.2577329,4,2
3NGB_HL_G|YH60A,0.5484263,1.1258966,4,2
3NGB_HL_G|YH75A,-0.19932224,-0.027094789,4,2
3NGB_HL_G|YH75S,0.3325709,0.5565649,4,2
3NGB_HL_G|YL26A,0.98528093,0.32847273,4,2
3NGB_HL_G|YL26S,0.6512687,0.18362541,4,2
3NGB_HL_G|YL87A,2.0227883,0.77553266,4,2
4JPK_HL_A|DA141R,3.857323,0.06582215,4,2
"4JPK_HL_A|DA159N,DA33N",0.6189681,0.7870414,4,2
4JPK_HL_A|FA144I,1.3875175,0.21966963,4,2
4JPK_HL_A|FA63L,1.1672868,0.054328993,4,2
4JPK_HL_A|RA130K,0.23006605,-0.13596074,4,2
4JPK_HL_A|RA81T,0.75870305,0.19756345,4,2
4JPK_HL_A|SA41G,2.151695,-0.013060726,4,2
4JPK_HL_A|TA35S,-0.032093357,-0.010229886,4,2
4JPK_HL_A|VA30N,0.59459484,-0.17136846,4,2
