row_id,ddg_true,ddg_pred,fold,seed
1AHW_AB_C|DC167A,-0.4845926,1.3551203,0,0
"1AHW_AB_C|KC138A,DC139A",1.1814722,2.902047,0,0
"1AHW_AB_C|KC154A,KC155A",-1.329712,3.1453204,0,0
1AHW_AB_C|LC165A,0.9869364,1.99079,0,0
1AHW_AB_C|NC188A,1.0782224,1.3321908,0,0
"1AHW_AB_C|TC110A,KC111A",0.6388569,1.2120386,0,0
1AHW_AB_C|TC156A,-0.07411996,1.2864267,0,0
1AHW_AB_C|TC159A,1.105771,1.0477813,0,0
1AHW_AB_C|TC186A,1.345882,1.7074738,0,0
1AHW_AB_C|VC187A,-0.31423107,1.192465,0,0
1AHW_AB_C|YC146A,-1.8890098,1.1491954,0,0
1BJ1_HL_VW|HH101Y,-1.5835956,-0.17381531,0,0
"1BJ1_HL_VW|HH101Y,YH103I,GH104A,SH105K",-0.43125325,0.5846997,0,0
"1BJ1_HL_VW|HH101Y,YH103R,GH104N,SH105T",-0.7626503,0.63318264,0,0
"1BJ1_HL_VW|HH101Y,YH103R,SH105T",-1.173123,-0.10316116,0,0
1BJ1_HL_VW|HH107A,0.78965265,0.45498616,0,0
"1BJ1_HL_VW|LH72I,TH74K",0.076517485,0.3150658,0,0
"1BJ1_HL_VW|LH72V,TH74V",0.6706598,0.40677488,0,0
"1BJ1_HL_VW|ML4L,TH28D,NH31H,HH101Y,SH105T",-1.52138,-0.7898495,0,0
1BJ1_HL_VW|NH31H,-0.7626503,0.2637642,0,0
1BJ1_HL_VW|SH105T,-0.39039657,0.07725854,0,0
1BJ1_HL_VW|TH28D,-0.22003505,-0.18976474,0,0
"1BJ1_HL_VW|TH28D,NH31H",-0.6929008,-0.088535964,0,0
"1BJ1_HL_VW|TH28D,NH31H,YH54W,HH101Y,SH105T",-1.2034981,0.055459373,0,0
1BJ1_HL_VW|TH59A,0.85066694,0.66309655,0,0
1BJ1_HL_VW|YH27A,2.2425284,0.5941921,0,0
1BJ1_HL_VW|YH54A,1.3276595,1.546694,0,0
1BJ1_HL_VW|YH54W,-0.13726985,0.5929212,0,0
1BJ1_HL_VW|YH99A,4.0,0.41382074,0,0
1DQJ_AB_C|DB32A,2.0134337,0.883522,0,0
"1DQJ_AB_C|DB32A,KC97A",1.1223834,1.9493608,0,0
1DQJ_AB_C|DC101A,1.3765504,1.0090132,0,0
1DQJ_AB_C|KC96A,4.0,0.93296814,0,0
1DQJ_AB_C|KC97A,3.5197058,1.1284441,0,0
1DQJ_AB_C|LC75A,1.452407,0.6439187,0,0
1DQJ_AB_C|NA31A,2.0134337,1.4750335,0,0
1DQJ_AB_C|NA32A,4.0,1.7826759,0,0
"1DQJ_AB_C|NA32A,KC96A",4.0,2.5938416,0,0
1DQJ_AB_C|NC93A,0.64987326,0.54406506,0,0
1DQJ_AB_C|RC21A,1.2137709,0.66122925,0,0
1DQJ_AB_C|SA91A,1.4318883,0.69202363,0,0
"1DQJ_AB_C|SA91A,RC21A",3.1707318,1.051415,0,0
"1DQJ_AB_C|SA91A,YC20A",3.573092,2.0632873,0,0
1DQJ_AB_C|SC100A,0.7755829,0.7274991,0,0
1DQJ_AB_C|TC89A,0.84084374,0.037903458,0,0
1DQJ_AB_C|WB98A,4.0,0.82439625,0,0
"1DQJ_AB_C|WB98A,KC97A",4.0,2.096137,0,0
"1DQJ_AB_C|WB98A,SC100A",4.0,2.3381865,0,0
"1DQJ_AB_C|WB98A,YC20A",4.0,1.754969,0,0
1DQJ_AB_C|WC62A,0.7580786,1.3512214,0,0
1DQJ_AB_C|WC63A,1.3462692,1.4327716,0,0
1DQJ_AB_C|YA50A,2.678299,1.2480694,0,0
1DQJ_AB_C|YA96A,1.135051,0.6919499,0,0
"1DQJ_AB_C|YA96A,RC21A",3.4851997,1.0626065,0,0
"1DQJ_AB_C|YA96A,SC100A",0.91344726,1.7859172,0,0
1DQJ_AB_C|YB33A,4.0,3.1372738,0,0
1DQJ_AB_C|YB50A,4.0,2.0339084,0,0
1DQJ_AB_C|YB53A,1.1802781,0.48739564,0,0
"1DQJ_AB_C|YB53A,DC101A",2.727121,1.0517411,0,0
"1DQJ_AB_C|YB53A,LC75A",1.2168618,0.76505053,0,0
"1DQJ_AB_C|YB53A,WC62A",1.286308,1.7178794,0,0
"1DQJ_AB_C|YB53A,WC63A",2.1992323,1.3701558,0,0
1DQJ_AB_C|YC20A,3.2857084,1.245803,0,0
1XGT_AB_C|LB33A,2.1988916,2.414413,0,0
1XGT_AB_C|LB33F,-1.8617703,-1.1239542,0,0
1XGT_AB_C|LB33I,-0.061315425,0.8464094,0,0
1XGT_AB_C|LB33V,1.0463123,1.7890502,0,0
"3BDY_HL_V|DL28N,PL30A,RL31K,SL32T,TL97S,TL98S",-0.9690793,-0.7286651,0,0
"3BDY_HL_V|DL28N,PL30A,RL31K,SL32T,TL97S,TL98S,KH31S,DH32G,TH55S,NH56E,GH101V,DH103V",-2.7154896,-2.3937936,0,0
"3BDY_HL_V|DL28N,PL30A,RL31K,SL32T,TL97S,TL98S,KH31S,DH32G,TH55S,NH56E,GH101V,DH103V,RH51A,RH60A",-2.7728782,-1.4914386,0,0
"3BDY_HL_V|DL28N,PL30A,RL31K,SL32T,YL57F,TL97S,TL98S",-0.97316396,-0.54146147,0,0
"3BDY_HL_V|DL28N,PL30A,RL31K,SL32T,YL57F,TL97S,TL98S,KH31S,DH32G,TH55S,NH56E,GH101V,DH103V",-2.727121,-2.1927714,0,0
3HFM_HL_Y|DH32A,1.8982269,0.26753798,0,0
"3HFM_HL_Y|DH32A,KY97A",4.0,0.76730204,0,0
"3HFM_HL_Y|DH32A,KY97M",1.1234494,0.4531597,0,0
3HFM_HL_Y|DH32N,0.17036153,-0.13946003,0,0
"3HFM_HL_Y|DH32N,KY97A",4.0,0.4085066,0,0
"3HFM_HL_Y|DH32N,KY97M",0.3025042,0.14079058,0,0
3HFM_HL_Y|DY101A,1.2081919,0.79564434,0,0
3HFM_HL_Y|DY101E,2.132881,-0.057031877,0,0
3HFM_HL_Y|DY101F,2.3282614,-0.3237101,0,0
3HFM_HL_Y|DY101G,0.35884774,-0.2946518,0,0
3HFM_HL_Y|DY101K,2.1245396,0.18247014,0,0
3HFM_HL_Y|DY101N,1.4911126,-0.24297827,0,0
3HFM_HL_Y|DY101Q,2.0851746,-0.3326389,0,0
3HFM_HL_Y|DY101R,2.2798727,-0.25293112,0,0
3HFM_HL_Y|DY101S,1.8694,-0.1161005,0,0
3HFM_HL_Y|GY102V,0.395285,0.5076001,0,0
3HFM_HL_Y|HY15A,-0.4453172,0.425699,0,0
3HFM_HL_Y|IY98A,0.0,0.71395594,0,0
3HFM_HL_Y|KY96A,4.0,1.0403966,0,0
3HFM_HL_Y|KY96M,4.0,0.3770241,0,0
3HFM_HL_Y|KY96R,4.0,-0.11275462,0,0
3HFM_HL_Y|KY97A,4.0,0.95361066,0,0
3HFM_HL_Y|KY97D,4.0,0.38038522,0,0
3HFM_HL_Y|KY97E,3.6045077,0.25512376,0,0
3HFM_HL_Y|KY97G,4.0,0.34409422,0,0
3HFM_HL_Y|KY97M,0.9469717,0.4824479,0,0
3HFM_HL_Y|KY97R,3.0528512,0.104232565,0,0
3HFM_HL_Y|LY75A,0.70445603,0.49056444,0,0
3HFM_HL_Y|NL31A,4.0,1.4063882,0,0
"3HFM_HL_Y|NL31A,KY96A",4.0,2.7491033,0,0
3HFM_HL_Y|NL31D,1.3434845,0.5807166,0,0
3HFM_HL_Y|NL31E,4.0,0.52757376,0,0
3HFM_HL_Y|NL32A,4.0,1.0079975,0,0
3HFM_HL_Y|NY19D,0.41047263,0.07005322,0,0
3HFM_HL_Y|NY19K,0.2401111,0.24954331,0,0
3HFM_HL_Y|NY19Q,-0.042485796,0.15922165,0,0
3HFM_HL_Y|NY93A,0.21121821,0.47666934,0,0
3HFM_HL_Y|QL53A,0.9530879,0.5185026,0,0
3HFM_HL_Y|RY21A,0.8618019,1.0227401,0,0
3HFM_HL_Y|RY21E,2.4534352,0.29673892,0,0
3HFM_HL_Y|RY21G,2.4220753,0.0061222482,0,0
3HFM_HL_Y|RY21H,2.1693182,0.0719143,0,0
3HFM_HL_Y|RY21K,1.766342,0.21138254,0,0
3HFM_HL_Y|RY21M,2.0498905,0.43336883,0,0
3HFM_HL_Y|RY21N,2.3282614,0.26738602,0,0
3HFM_HL_Y|RY21Q,2.3975346,-0.11294965,0,0
3HFM_HL_Y|RY21W,2.132881,0.20016804,0,0
3HFM_HL_Y|RY73A,-0.3313971,1.3896844,0,0
3HFM_HL_Y|SH31A,0.17036153,0.4836391,0,0
3HFM_HL_Y|SY100A,0.26765963,0.61094356,0,0
3HFM_HL_Y|TY89A,0.0,0.023165647,0,0
3HFM_HL_Y|WH98A,4.0,0.25238845,0,0
"3HFM_HL_Y|WH98A,KY96A",4.0,0.9364734,0,0
3HFM_HL_Y|WH98F,3.245562,0.15549514,0,0
"3HFM_HL_Y|WH98F,YY20A",4.0,1.2515733,0,0
3HFM_HL_Y|WY63A,0.31918663,1.6550156,0,0
3HFM_HL_Y|YH33A,4.0,2.317328,0,0
"3HFM_HL_Y|YH33A,KY97A",4.0,3.4635658,0,0
3HFM_HL_Y|YH33F,1.0712212,-0.3126283,0,0
3HFM_HL_Y|YH33L,2.0069382,0.5651506,0,0
3HFM_HL_Y|YH33W,1.7495645,0.45412397,0,0
3HFM_HL_Y|YH50A,4.0,1.7424152,0,0
"3HFM_HL_Y|YH50A,RY21A",4.0,3.0320647,0,0
3HFM_HL_Y|YH50F,1.6099914,0.562486,0,0
3HFM_HL_Y|YH50L,2.8488367,0.8858774,0,0
3HFM_HL_Y|YH53A,3.25038,0.5611151,0,0
3HFM_HL_Y|YH53F,0.62049925,0.4086417,0,0
3HFM_HL_Y|YH53L,0.8068894,0.46062165,0,0
3HFM_HL_Y|YH53W,0.7061819,0.23669064,0,0
3HFM_HL_Y|YH58A,1.6760437,1.4416109,0,0
3HFM_HL_Y|YH58F,0.36312544,0.47024918,0,0
3HFM_HL_Y|YH58L,1.5136731,0.7500912,0,0
3HFM_HL_Y|YL50A,4.0,0.7239348,0,0
"3HFM_HL_Y|YL50A,KY96A",4.0,1.1717981,0,0
"3HFM_HL_Y|YL50A,KY97A",4.0,1.2364037,0,0
"3HFM_HL_Y|YL50A,RY21A",4.0,1.5291502,0,0
3HFM_HL_Y|YL50F,2.3548672,0.31774837,0,0
"3HFM_HL_Y|YL50F,RY21A",4.0,1.1873641,0,0
"3HFM_HL_Y|YL50F,YY20A",4.0,1.4658369,0,0
3HFM_HL_Y|YL50L,4.0,0.4284133,0,0
3HFM_HL_Y|YL96A,2.707045,0.5905843,0,0
"3HFM_HL_Y|YL96A,RY21A",4.0,1.4679108,0,0
3HFM_HL_Y|YL96F,1.4017794,-0.062669836,0,0
"3HFM_HL_Y|YL96F,RY21A",4.0,0.8902588,0,0
3HFM_HL_Y|YY20A,4.0,1.2716233,0,0
3HFM_HL_Y|YY20F,-0.4839681,0.29176694,0,0
3HFM_HL_Y|YY20L,2.1845057,0.7389071,0,0
3SE9_HL_G|DH77A,-0.7664817,0.37688485,0,0
3SE9_HL_G|EL90A,0.41735974,1.2003525,0,0
3SE9_HL_G|FL91A,0.023615688,0.56819046,0,0
3SE9_HL_G|GH106A,-0.3075798,0.38143373,0,0
3SE9_HL_G|GH107A,-0.6151596,0.38732004,0,0
3SE9_HL_G|GH109A,0.18514356,0.573575,0,0
3SE9_HL_G|GH57A,0.4524448,1.0917989,0,0
3SE9_HL_G|GH62A,0.04634,0.9903929,0,0
3SE9_HL_G|GL29A,0.46369976,0.22157815,0,0
3SE9_HL_G|LH34A,0.56599987,1.6683517,0,0
3SE9_HL_G|LL89A,0.964243,0.81946594,0,0
3SE9_HL_G|NH60A,1.5217615,2.000334,0,0
3SE9_HL_G|PH64A,-0.4419396,0.5491176,0,0
3SE9_HL_G|RH67A,1.4695449,0.72286433,0,0
3SE9_HL_G|RH74A,2.6792572,0.57268286,0,0
3SE9_HL_G|RH76A,-0.2322162,0.6478402,0,0
3SE9_HL_G|TH105A,-0.4419396,0.112050064,0,0
3SE9_HL_G|TH56A,-0.85929936,1.497305,0,0
3SE9_HL_G|VH55A,-0.85929936,0.78042126,0,0
3SE9_HL_G|VH59A,0.9833596,1.560161,0,0
3SE9_HL_G|VL3A,-0.49433115,0.25349778,0,0
3SE9_HL_G|WH48A,1.0584464,0.55250704,0,0
3SE9_HL_G|WH51A,1.275695,1.9786667,0,0
3SE9_HL_G|YH104A,0.46369976,0.7318119,0,0
3SE9_HL_G|YL28A,1.1177194,0.5141072,0,0
4U6H_AB_E|NE21A,-0.3480795,1.0982425,0,0
4U6H_AB_E|QE25A,0.11883454,1.6152942,0,0
4ZS6_HL_A|EA156A,3.0386665,0.37666947,0,0
4ZS6_HL_A|YA160A,-0.11025046,1.3605509,0,0
1AHW_AB_C|DC167A,-0.4845926,1.268443,0,1
"1AHW_AB_C|KC138A,DC139A",1.1814722,2.1902578,0,1
"1AHW_AB_C|KC154A,KC155A",-1.329712,0.93515307,0,1
1AHW_AB_C|LC165A,0.9869364,0.49332783,0,1
1AHW_AB_C|NC188A,1.0782224,1.1399347,0,1
"1AHW_AB_C|TC110A,KC111A",0.6388569,0.40972015,0,1
1AHW_AB_C|TC156A,-0.07411996,0.8258493,0,1
1AHW_AB_C|TC159A,1.105771,1.3411858,0,1
1AHW_AB_C|TC186A,1.345882,0.582912,0,1
1AHW_AB_C|VC187A,-0.31423107,0.24675722,0,1
1AHW_AB_C|YC146A,-1.8890098,0.8575632,0,1
1BJ1_HL_VW|HH101Y,-1.5835956,-0.61826015,0,1
"1BJ1_HL_VW|HH101Y,YH103I,GH104A,SH105K",-0.43125325,1.065142,0,1
"1BJ1_HL_VW|HH101Y,YH103R,GH104N,SH105T",-0.7626503,0.490912,0,1
"1BJ1_HL_VW|HH101Y,YH103R,SH105T",-1.173123,-0.2683969,0,1
1BJ1_HL_VW|HH107A,0.78965265,0.43751442,0,1
"1BJ1_HL_VW|LH72I,TH74K",0.076517485,0.5422552,0,1
"1BJ1_HL_VW|LH72V,TH74V",0.6706598,0.24652751,0,1
"1BJ1_HL_VW|ML4L,TH28D,NH31H,HH101Y,SH105T",-1.52138,-1.545144,0,1
1BJ1_HL_VW|NH31H,-0.7626503,0.040989675,0,1
1BJ1_HL_VW|SH105T,-0.39039657,0.38314915,0,1
1BJ1_HL_VW|TH28D,-0.22003505,-0.34497672,0,1
"1BJ1_HL_VW|TH28D,NH31H",-0.6929008,-0.65947485,0,1
"1BJ1_HL_VW|TH28D,NH31H,YH54W,HH101Y,SH105T",-1.2034981,-0.9899537,0,1
1BJ1_HL_VW|TH59A,0.85066694,0.62036896,0,1
1BJ1_HL_VW|YH27A,2.2425284,0.987372,0,1
1BJ1_HL_VW|YH54A,1.3276595,0.7636537,0,1
1BJ1_HL_VW|YH54W,-0.13726985,0.28153682,0,1
1BJ1_HL_VW|YH99A,4.0,0.6263801,0,1
1DQJ_AB_C|DB32A,2.0134337,0.7292926,0,1
"1DQJ_AB_C|DB32A,KC97A",1.1223834,0.9985675,0,1
1DQJ_AB_C|DC101A,1.3765504,1.3485147,0,1
1DQJ_AB_C|KC96A,4.0,0.7180562,0,1
1DQJ_AB_C|KC97A,3.5197058,0.433515,0,1
1DQJ_AB_C|LC75A,1.452407,0.6172112,0,1
1DQJ_AB_C|NA31A,2.0134337,0.7101595,0,1
1DQJ_AB_C|NA32A,4.0,1.5519809,0,1
"1DQJ_AB_C|NA32A,KC96A",4.0,2.1004105,0,1
1DQJ_AB_C|NC93A,0.64987326,0.6971841,0,1
1DQJ_AB_C|RC21A,1.2137709,0.4272119,0,1
1DQJ_AB_C|SA91A,1.4318883,0.8608794,0,1
"1DQJ_AB_C|SA91A,RC21A",3.1707318,0.9559614,0,1
"1DQJ_AB_C|SA91A,YC20A",3.573092,2.038323,0,1
1DQJ_AB_C|SC100A,0.7755829,0.72766817,0,1
1DQJ_AB_C|TC89A,0.84084374,0.81379753,0,1
1DQJ_AB_C|WB98A,4.0,0.756131,0,1
"1DQJ_AB_C|WB98A,KC97A",4.0,1.0643687,0,1
"1DQJ_AB_C|WB98A,SC100A",4.0,1.6895813,0,1
"1DQJ_AB_C|WB98A,YC20A",4.0,1.8322006,0,1
1DQJ_AB_C|WC62A,0.7580786,0.73046046,0,1
1DQJ_AB_C|WC63A,1.3462692,1.2909704,0,1
1DQJ_AB_C|YA50A,2.678299,1.295391,0,1
1DQJ_AB_C|YA96A,1.135051,0.63527286,0,1
"1DQJ_AB_C|YA96A,RC21A",3.4851997,0.4362272,0,1
"1DQJ_AB_C|YA96A,SC100A",0.91344726,1.2543592,0,1
1DQJ_AB_C|YB33A,4.0,1.2883831,0,1
1DQJ_AB_C|YB50A,4.0,1.6218594,0,1
1DQJ_AB_C|YB53A,1.1802781,0.36524338,0,1
"1DQJ_AB_C|YB53A,DC101A",2.727121,0.97390383,0,1
"1DQJ_AB_C|YB53A,LC75A",1.2168618,0.1441444,0,1
"1DQJ_AB_C|YB53A,WC62A",1.286308,0.50167054,0,1
"1DQJ_AB_C|YB53A,WC63A",2.1992323,0.9193479,0,1
1DQJ_AB_C|YC20A,3.2857084,1.340297,0,1
1XGT_AB_C|LB33A,2.1988916,0.626693,0,1
1XGT_AB_C|LB33F,-1.8617703,-0.34183764,0,1
1XGT_AB_C|LB33I,-0.061315425,0.27002293,0,1
1XGT_AB_C|LB33V,1.0463123,0.3943825,0,1
"3BDY_HL_V|DL28N,PL30A,RL31K,SL32T,TL97S,TL98S",-0.9690793,-1.0802119,0,1
"3BDY_HL_V|DL28N,PL30A,RL31K,SL32T,TL97S,TL98S,KH31S,DH32G,TH55S,NH56E,GH101V,DH103V",-2.7154896,-2.4735355,0,1
"3BDY_HL_V|DL28N,PL30A,RL31K,SL32T,TL97S,TL98S,KH31S,DH32G,TH55S,NH56E,GH101V,DH103V,RH51A,RH60A",-2.7728782,-2.2295988,0,1
"3BDY_HL_V|DL28N,PL30A,RL31K,SL32T,YL57F,TL97S,TL98S",-0.97316396,-0.7362985,0,1
"3BDY_HL_V|DL28N,PL30A,RL31K,SL32T,YL57F,TL97S,TL98S,KH31S,DH32G,TH55S,NH56E,GH101V,DH103V",-2.727121,-2.2366135,0,1
3HFM_HL_Y|DH32A,1.8982269,0.6020393,0,1
"3HFM_HL_Y|DH32A,KY97A",4.0,0.7546655,0,1
"3HFM_HL_Y|DH32A,KY97M",1.1234494,0.4713543,0,1
3HFM_HL_Y|DH32N,0.17036153,0.08659145,0,1
"3HFM_HL_Y|DH32N,KY97A",4.0,0.35119855,0,1
"3HFM_HL_Y|DH32N,KY97M",0.3025042,0.027962234,0,1
3HFM_HL_Y|DY101A,1.2081919,1.0629591,0,1
3HFM_HL_Y|DY101E,2.132881,0.3737567,0,1
3HFM_HL_Y|DY101F,2.3282614,0.6473393,0,1
3HFM_HL_Y|DY101G,0.35884774,0.2700671,0,1
3HFM_HL_Y|DY101K,2.1245396,1.0565592,0,1
3HFM_HL_Y|DY101N,1.4911126,0.29641077,0,1
3HFM_HL_Y|DY101Q,2.0851746,0.514769,0,1
3HFM_HL_Y|DY101R,2.2798727,0.8059465,0,1
3HFM_HL_Y|DY101S,1.8694,0.3735246,0,1
3HFM_HL_Y|GY102V,0.395285,0.6045819,0,1
3HFM_HL_Y|HY15A,-0.4453172,0.4431299,0,1
3HFM_HL_Y|IY98A,0.0,0.7156363,0,1
3HFM_HL_Y|KY96A,4.0,0.5988098,0,1
3HFM_HL_Y|KY96M,4.0,0.2993893,0,1
3HFM_HL_Y|KY96R,4.0,0.11484632,0,1
3HFM_HL_Y|KY97A,4.0,0.31158984,0,1
3HFM_HL_Y|KY97D,4.0,-0.14764863,0,1
3HFM_HL_Y|KY97E,3.6045077,-0.2575316,0,1
3HFM_HL_Y|KY97G,4.0,-0.24183322,0,1
3HFM_HL_Y|KY97M,0.9469717,-0.023562191,0,1
3HFM_HL_Y|KY97R,3.0528512,-0.34675324,0,1
3HFM_HL_Y|LY75A,0.70445603,0.30914658,0,1
3HFM_HL_Y|NL31A,4.0,0.8298409,0,1
"3HFM_HL_Y|NL31A,KY96A",4.0,1.1965386,0,1
3HFM_HL_Y|NL31D,1.3434845,0.20790352,0,1
3HFM_HL_Y|NL31E,4.0,0.13536383,0,1
3HFM_HL_Y|NL32A,4.0,1.5485817,0,1
3HFM_HL_Y|NY19D,0.41047263,-0.18709126,0,1
3HFM_HL_Y|NY19K,0.2401111,0.15340611,0,1
3HFM_HL_Y|NY19Q,-0.042485796,-0.07679255,0,1
3HFM_HL_Y|NY93A,0.21121821,0.63798404,0,1
3HFM_HL_Y|QL53A,0.9530879,0.5109326,0,1
3HFM_HL_Y|RY21A,0.8618019,0.44193184,0,1
3HFM_HL_Y|RY21E,2.4534352,0.045866292,0,1
3HFM_HL_Y|RY21G,2.4220753,-0.14437054,0,1
3HFM_HL_Y|RY21H,2.1693182,0.09319836,0,1
3HFM_HL_Y|RY21K,1.766342,0.316759,0,1
3HFM_HL_Y|RY21M,2.0498905,0.18548328,0,1
3HFM_HL_Y|RY21N,2.3282614,0.009720853,0,1
3HFM_HL_Y|RY21Q,2.3975346,-0.15044846,0,1
3HFM_HL_Y|RY21W,2.132881,0.17291091,0,1
3HFM_HL_Y|RY73A,-0.3313971,0.46985605,0,1
3HFM_HL_Y|SH31A,0.17036153,0.6078088,0,1
3HFM_HL_Y|SY100A,0.26765963,0.51303387,0,1
3HFM_HL_Y|TY89A,0.0,0.76563746,0,1
3HFM_HL_Y|WH98A,4.0,1.0420018,0,1
"3HFM_HL_Y|WH98A,KY96A",4.0,1.0320666,0,1
3HFM_HL_Y|WH98F,3.245562,0.4431817,0,1
"3HFM_HL_Y|WH98F,YY20A",4.0,1.466892,0,1
3HFM_HL_Y|WY63A,0.31918663,0.9868727,0,1
3HFM_HL_Y|YH33A,4.0,1.0700588,0,1
"3HFM_HL_Y|YH33A,KY97A",4.0,1.2246896,0,1
3HFM_HL_Y|YH33F,1.0712212,0.32628,0,1
3HFM_HL_Y|YH33L,2.0069382,0.50604296,0,1
3HFM_HL_Y|YH33W,1.7495645,0.3302924,0,1
3HFM_HL_Y|YH50A,4.0,1.6334469,0,1
"3HFM_HL_Y|YH50A,RY21A",4.0,1.4263043,0,1
3HFM_HL_Y|YH50F,1.6099914,0.89983636,0,1
3HFM_HL_Y|YH50L,2.8488367,1.167869,0,1
3HFM_HL_Y|YH53A,3.25038,0.3350237,0,1
3HFM_HL_Y|YH53F,0.62049925,0.26615888,0,1
3HFM_HL_Y|YH53L,0.8068894,0.34176418,0,1
3HFM_HL_Y|YH53W,0.7061819,0.15297562,0,1
3HFM_HL_Y|YH58A,1.6760437,1.2050974,0,1
3HFM_HL_Y|YH58F,0.36312544,0.61467785,0,1
3HFM_HL_Y|YH58L,1.5136731,0.83731705,0,1
3HFM_HL_Y|YL50A,4.0,1.1595614,0,1
"3HFM_HL_Y|YL50A,KY96A",4.0,1.172976,0,1
"3HFM_HL_Y|YL50A,KY97A",4.0,1.1895257,0,1
"3HFM_HL_Y|YL50A,RY21A",4.0,1.1736969,0,1
3HFM_HL_Y|YL50F,2.3548672,0.65543276,0,1
"3HFM_HL_Y|YL50F,RY21A",4.0,0.8065405,0,1
"3HFM_HL_Y|YL50F,YY20A",4.0,1.4886745,0,1
3HFM_HL_Y|YL50L,4.0,0.8212093,0,1
3HFM_HL_Y|YL96A,2.707045,0.837221,0,1
"3HFM_HL_Y|YL96A,RY21A",4.0,0.7541136,0,1
3HFM_HL_Y|YL96F,1.4017794,0.5177471,0,1
"3HFM_HL_Y|YL96F,RY21A",4.0,0.58744544,0,1
3HFM_HL_Y|YY20A,4.0,1.1900735,0,1
3HFM_HL_Y|YY20F,-0.4839681,0.36854395,0,1
3HFM_HL_Y|YY20L,2.1845057,0.81503266,0,1
3SE9_HL_G|DH77A,-0.7664817,0.5585572,0,1
3SE9_HL_G|EL90A,0.41735974,1.1769009,0,1
3SE9_HL_G|FL91A,0.023615688,0.85864687,0,1
3SE9_HL_G|GH106A,-0.3075798,0.7432886,0,1
3SE9_HL_G|GH107A,-0.6151596,0.60603476,0,1
3SE9_HL_G|GH109A,0.18514356,0.9660997,0,1
3SE9_HL_G|GH57A,0.4524448,0.74663204,0,1
3SE9_HL_G|GH62A,0.04634,0.6492369,0,1
3SE9_HL_G|GL29A,0.46369976,0.71147734,0,1
3SE9_HL_G|LH34A,0.56599987,0.60139513,0,1
3SE9_HL_G|LL89A,0.964243,1.4774016,0,1
3SE9_HL_G|NH60A,1.5217615,1.6720744,0,1
3SE9_HL_G|PH64A,-0.4419396,0.006753225,0,1
3SE9_HL_G|RH67A,1.4695449,0.23890449,0,1
3SE9_HL_G|RH74A,2.6792572,0.3749215,0,1
3SE9_HL_G|RH76A,-0.2322162,0.5956306,0,1
3SE9_HL_G|TH105A,-0.4419396,0.23328003,0,1
3SE9_HL_G|TH56A,-0.85929936,0.7192426,0,1
3SE9_HL_G|VH55A,-0.85929936,0.19695847,0,1
3SE9_HL_G|VH59A,0.9833596,1.3226823,0,1
3SE9_HL_G|VL3A,-0.49433115,0.43658164,0,1
3SE9_HL_G|WH48A,1.0584464,1.9328485,0,1
3SE9_HL_G|WH51A,1.275695,1.2703248,0,1
3SE9_HL_G|YH104A,0.46369976,1.5695398,0,1
3SE9_HL_G|YL28A,1.1177194,0.42090896,0,1
4U6H_AB_E|NE21A,-0.3480795,1.092941,0,1
4U6H_AB_E|QE25A,0.11883454,0.7438385,0,1
4ZS6_HL_A|EA156A,3.0386665,0.58299303,0,1
4ZS6_HL_A|YA160A,-0.11025046,1.220835,0,1
1AHW_AB_C|DC167A,-0.4845926,0.5929222,0,2
"1AHW_AB_C|KC138A,DC139A",1.1814722,1.2831647,0,2
"1AHW_AB_C|KC154A,KC155A",-1.329712,1.058133,0,2
1AHW_AB_C|LC165A,0.9869364,0.77669656,0,2
1AHW_AB_C|NC188A,1.0782224,0.974015,0,2
"1AHW_AB_C|TC110A,KC111A",0.6388569,0.76331365,0,2
1AHW_AB_C|TC156A,-0.07411996,0.3945264,0,2
1AHW_AB_C|TC159A,1.105771,0.51847005,0,2
1AHW_AB_C|TC186A,1.345882,0.5779771,0,2
1AHW_AB_C|VC187A,-0.31423107,0.57612264,0,2
1AHW_AB_C|YC146A,-1.8890098,1.0251766,0,2
1BJ1_HL_VW|HH101Y,-1.5835956,-0.15736961,0,2
"1BJ1_HL_VW|HH101Y,YH103I,GH104A,SH105K",-0.43125325,1.2672105,0,2
"1BJ1_HL_VW|HH101Y,YH103R,GH104N,SH105T",-0.7626503,1.1635898,0,2
"1BJ1_HL_VW|HH101Y,YH103R,SH105T",-1.173123,0.7253969,0,2
1BJ1_HL_VW|HH107A,0.78965265,0.6068965,0,2
"1BJ1_HL_VW|LH72I,TH74K",0.076517485,0.15625615,0,2
"1BJ1_HL_VW|LH72V,TH74V",0.6706598,0.18602008,0,2
"1BJ1_HL_VW|ML4L,TH28D,NH31H,HH101Y,SH105T",-1.52138,0.27716795,0,2
1BJ1_HL_VW|NH31H,-0.7626503,0.028517127,0,2
1BJ1_HL_VW|SH105T,-0.39039657,0.22818999,0,2
1BJ1_HL_VW|TH28D,-0.22003505,0.105001375,0,2
"1BJ1_HL_VW|TH28D,NH31H",-0.6929008,-0.06795648,0,2
"1BJ1_HL_VW|TH28D,NH31H,YH54W,HH101Y,SH105T",-1.2034981,0.51537454,0,2
1BJ1_HL_VW|TH59A,0.85066694,0.37611192,0,2
1BJ1_HL_VW|YH27A,2.2425284,0.6605264,0,2
1BJ1_HL_VW|YH54A,1.3276595,0.97710025,0,2
1BJ1_HL_VW|YH54W,-0.13726985,0.2956968,0,2
1BJ1_HL_VW|YH99A,4.0,0.7377995,0,2
1DQJ_AB_C|DB32A,2.0134337,0.034976095,0,2
"1DQJ_AB_C|DB32A,KC97A",1.1223834,0.18467277,0,2
1DQJ_AB_C|DC101A,1.3765504,0.53206277,0,2
1DQJ_AB_C|KC96A,4.0,0.8115065,0,2
1DQJ_AB_C|KC97A,3.5197058,0.58139586,0,2
1DQJ_AB_C|LC75A,1.452407,0.71700835,0,2
1DQJ_AB_C|NA31A,2.0134337,0.27577645,0,2
1DQJ_AB_C|NA32A,4.0,0.9203447,0,2
"1DQJ_AB_C|NA32A,KC96A",4.0,2.0758348,0,2
1DQJ_AB_C|NC93A,0.64987326,0.81658137,0,2
1DQJ_AB_C|RC21A,1.2137709,0.30129486,0,2
1DQJ_AB_C|SA91A,1.4318883,0.8068222,0,2
"1DQJ_AB_C|SA91A,RC21A",3.1707318,0.9354799,0,2
"1DQJ_AB_C|SA91A,YC20A",3.573092,1.838385,0,2
1DQJ_AB_C|SC100A,0.7755829,0.89509726,0,2
1DQJ_AB_C|TC89A,0.84084374,0.7757313,0,2
1DQJ_AB_C|WB98A,4.0,1.0762311,0,2
"1DQJ_AB_C|WB98A,KC97A",4.0,1.9331979,0,2
"1DQJ_AB_C|WB98A,SC100A",4.0,2.101108,0,2
"1DQJ_AB_C|WB98A,YC20A",4.0,2.0215788,0,2
1DQJ_AB_C|WC62A,0.7580786,0.5834509,0,2
1DQJ_AB_C|WC63A,1.3462692,0.61614406,0,2
1DQJ_AB_C|YA50A,2.678299,1.1859375,0,2
1DQJ_AB_C|YA96A,1.135051,1.0074204,0,2
"1DQJ_AB_C|YA96A,RC21A",3.4851997,0.99185896,0,2
"1DQJ_AB_C|YA96A,SC100A",0.91344726,2.0120356,0,2
1DQJ_AB_C|YB33A,4.0,0.7132015,0,2
1DQJ_AB_C|YB50A,4.0,0.9536084,0,2
1DQJ_AB_C|YB53A,1.1802781,0.53137314,0,2
"1DQJ_AB_C|YB53A,DC101A",2.727121,0.67625403,0,2
"1DQJ_AB_C|YB53A,LC75A",1.2168618,0.9273995,0,2
"1DQJ_AB_C|YB53A,WC62A",1.286308,0.7504853,0,2
"1DQJ_AB_C|YB53A,WC63A",2.1992323,0.70031583,0,2
1DQJ_AB_C|YC20A,3.2857084,0.94043195,0,2
1XGT_AB_C|LB33A,2.1988916,0.3684577,0,2
1XGT_AB_C|LB33F,-1.8617703,-0.12827922,0,2
1XGT_AB_C|LB33I,-0.061315425,0.16149127,0,2
1XGT_AB_C|LB33V,1.0463123,0.17467707,0,2
"3BDY_HL_V|DL28N,PL30A,RL31K,SL32T,TL97S,TL98S",-0.9690793,-0.6753385,0,2
"3BDY_HL_V|DL28N,PL30A,RL31K,SL32T,TL97S,TL98S,KH31S,DH32G,TH55S,NH56E,GH101V,DH103V",-2.7154896,-1.5690871,0,2
"3BDY_HL_V|DL28N,PL30A,RL31K,SL32T,TL97S,TL98S,KH31S,DH32G,TH55S,NH56E,GH101V,DH103V,RH51A,RH60A",-2.7728782,-1.2061058,0,2
"3BDY_HL_V|DL28N,PL30A,RL31K,SL32T,YL57F,TL97S,TL98S",-0.97316396,-0.6320468,0,2
"3BDY_HL_V|DL28N,PL30A,RL31K,SL32T,YL57F,TL97S,TL98S,KH31S,DH32G,TH55S,NH56E,GH101V,DH103V",-2.727121,-1.4913145,0,2
3HFM_HL_Y|DH32A,1.8982269,0.059117224,0,2
"3HFM_HL_Y|DH32A,KY97A",4.0,0.386554,0,2
"3HFM_HL_Y|DH32A,KY97M",1.1234494,-0.03914419,0,2
3HFM_HL_Y|DH32N,0.17036153,-0.09906998,0,2
"3HFM_HL_Y|DH32N,KY97A",4.0,0.2794505,0,2
"3HFM_HL_Y|DH32N,KY97M",0.3025042,-0.14109267,0,2
3HFM_HL_Y|DY101A,1.2081919,0.47981286,0,2
3HFM_HL_Y|DY101E,2.132881,0.2685762,0,2
3HFM_HL_Y|DY101F,2.3282614,-0.0034048408,0,2
3HFM_HL_Y|DY101G,0.35884774,0.13877566,0,2
3HFM_HL_Y|DY101K,2.1245396,0.21902479,0,2
3HFM_HL_Y|DY101N,1.4911126,0.13795011,0,2
3HFM_HL_Y|DY101Q,2.0851746,0.16890684,0,2
3HFM_HL_Y|DY101R,2.2798727,-0.091011554,0,2
3HFM_HL_Y|DY101S,1.8694,0.15797979,0,2
3HFM_HL_Y|GY102V,0.395285,-0.2932336,0,2
3HFM_HL_Y|HY15A,-0.4453172,0.2378046,0,2
3HFM_HL_Y|IY98A,0.0,0.5897506,0,2
3HFM_HL_Y|KY96A,4.0,0.7296941,0,2
3HFM_HL_Y|KY96M,4.0,0.26329184,0,2
3HFM_HL_Y|KY96R,4.0,0.20632392,0,2
3HFM_HL_Y|KY97A,4.0,0.667534,0,2
3HFM_HL_Y|KY97D,4.0,0.084604934,0,2
3HFM_HL_Y|KY97E,3.6045077,0.12184037,0,2
3HFM_HL_Y|KY97G,4.0,0.107909486,0,2
3HFM_HL_Y|KY97M,0.9469717,0.12863281,0,2
3HFM_HL_Y|KY97R,3.0528512,0.022747114,0,2
3HFM_HL_Y|LY75A,0.70445603,0.4773598,0,2
3HFM_HL_Y|NL31A,4.0,0.09424047,0,2
"3HFM_HL_Y|NL31A,KY96A",4.0,0.6502483,0,2
3HFM_HL_Y|NL31D,1.3434845,0.038552225,0,2
3HFM_HL_Y|NL31E,4.0,-0.07231322,0,2
3HFM_HL_Y|NL32A,4.0,0.5781852,0,2
3HFM_HL_Y|NY19D,0.41047263,0.26113588,0,2
3HFM_HL_Y|NY19K,0.2401111,0.21728331,0,2
3HFM_HL_Y|NY19Q,-0.042485796,0.17682508,0,2
3HFM_HL_Y|NY93A,0.21121821,0.8513472,0,2
3HFM_HL_Y|QL53A,0.9530879,0.47415245,0,2
3HFM_HL_Y|RY21A,0.8618019,0.36879632,0,2
3HFM_HL_Y|RY21E,2.4534352,0.019659266,0,2
3HFM_HL_Y|RY21G,2.4220753,0.069216564,0,2
3HFM_HL_Y|RY21H,2.1693182,0.084808566,0,2
3HFM_HL_Y|RY21K,1.766342,0.19430491,0,2
3HFM_HL_Y|RY21M,2.0498905,-0.059930846,0,2
3HFM_HL_Y|RY21N,2.3282614,0.11467539,0,2
3HFM_HL_Y|RY21Q,2.3975346,-0.083421245,0,2
3HFM_HL_Y|RY21W,2.132881,-0.39266944,0,2
3HFM_HL_Y|RY73A,-0.3313971,0.8310633,0,2
3HFM_HL_Y|SH31A,0.17036153,0.046665292,0,2
3HFM_HL_Y|SY100A,0.26765963,0.91873205,0,2
3HFM_HL_Y|TY89A,0.0,0.93351877,0,2
3HFM_HL_Y|WH98A,4.0,0.8688725,0,2
"3HFM_HL_Y|WH98A,KY96A",4.0,1.2376968,0,2
3HFM_HL_Y|WH98F,3.245562,0.47471341,0,2
"3HFM_HL_Y|WH98F,YY20A",4.0,1.2468513,0,2
3HFM_HL_Y|WY63A,0.31918663,0.5679244,0,2
3HFM_HL_Y|YH33A,4.0,0.6275424,0,2
"3HFM_HL_Y|YH33A,KY97A",4.0,1.2276117,0,2
3HFM_HL_Y|YH33F,1.0712212,0.30568898,0,2
3HFM_HL_Y|YH33L,2.0069382,0.26236928,0,2
3HFM_HL_Y|YH33W,1.7495645,0.045799404,0,2
3HFM_HL_Y|YH50A,4.0,0.5077673,0,2
"3HFM_HL_Y|YH50A,RY21A",4.0,0.47276542,0,2
3HFM_HL_Y|YH50F,1.6099914,0.23884204,0,2
3HFM_HL_Y|YH50L,2.8488367,0.23135316,0,2
3HFM_HL_Y|YH53A,3.25038,0.6810447,0,2
3HFM_HL_Y|YH53F,0.62049925,0.37340462,0,2
3HFM_HL_Y|YH53L,0.8068894,0.3564204,0,2
3HFM_HL_Y|YH53W,0.7061819,0.18510799,0,2
3HFM_HL_Y|YH58A,1.6760437,0.68129206,0,2
3HFM_HL_Y|YH58F,0.36312544,0.21362935,0,2
3HFM_HL_Y|YH58L,1.5136731,0.3037919,0,2
3HFM_HL_Y|YL50A,4.0,0.27863538,0,2
"3HFM_HL_Y|YL50A,KY96A",4.0,0.60310626,0,2
"3HFM_HL_Y|YL50A,KY97A",4.0,0.45622912,0,2
"3HFM_HL_Y|YL50A,RY21A",4.0,0.35002154,0,2
3HFM_HL_Y|YL50F,2.3548672,0.09668935,0,2
"3HFM_HL_Y|YL50F,RY21A",4.0,0.2289002,0,2
"3HFM_HL_Y|YL50F,YY20A",4.0,0.5538149,0,2
3HFM_HL_Y|YL50L,4.0,0.008550137,0,2
3HFM_HL_Y|YL96A,2.707045,0.87528586,0,2
"3HFM_HL_Y|YL96A,RY21A",4.0,0.85831,0,2
3HFM_HL_Y|YL96F,1.4017794,0.48662257,0,2
"3HFM_HL_Y|YL96F,RY21A",4.0,0.57951957,0,2
3HFM_HL_Y|YY20A,4.0,0.9979538,0,2
3HFM_HL_Y|YY20F,-0.4839681,0.25160724,0,2
3HFM_HL_Y|YY20L,2.1845057,0.4733507,0,2
3SE9_HL_G|DH77A,-0.7664817,0.4824077,0,2
3SE9_HL_G|EL90A,0.41735974,0.58147895,0,2
3SE9_HL_G|FL91A,0.023615688,0.5861006,0,2
3SE9_HL_G|GH106A,-0.3075798,0.36726707,0,2
3SE9_HL_G|GH107A,-0.6151596,0.15162373,0,2
3SE9_HL_G|GH109A,0.18514356,0.20897609,0,2
3SE9_HL_G|GH57A,0.4524448,0.27413988,0,2
3SE9_HL_G|GH62A,0.04634,0.28344873,0,2
3SE9_HL_G|GL29A,0.46369976,0.08523221,0,2
3SE9_HL_G|LH34A,0.56599987,0.56472075,0,2
3SE9_HL_G|LL89A,0.964243,1.2269403,0,2
3SE9_HL_G|NH60A,1.5217615,0.8257147,0,2
3SE9_HL_G|PH64A,-0.4419396,0.008594081,0,2
3SE9_HL_G|RH67A,1.4695449,0.5853176,0,2
3SE9_HL_G|RH74A,2.6792572,0.18640082,0,2
3SE9_HL_G|RH76A,-0.2322162,0.47901884,0,2
3SE9_HL_G|TH105A,-0.4419396,0.42223182,0,2
3SE9_HL_G|TH56A,-0.85929936,0.7357036,0,2
3SE9_HL_G|VH55A,-0.85929936,0.69539416,0,2
3SE9_HL_G|VH59A,0.9833596,0.67601836,0,2
3SE9_HL_G|VL3A,-0.49433115,0.31298256,0,2
3SE9_HL_G|WH48A,1.0584464,1.4898685,0,2
3SE9_HL_G|WH51A,1.275695,0.78558993,0,2
3SE9_HL_G|YH104A,0.46369976,0.9908689,0,2
3SE9_HL_G|YL28A,1.1177194,0.46955347,0,2
4U6H_AB_E|NE21A,-0.3480795,0.71482086,0,2
4U6H_AB_E|QE25A,0.11883454,1.1450028,0,2
4ZS6_HL_A|EA156A,3.0386665,0.18643679,0,2
4ZS6_HL_A|YA160A,-0.11025046,0.69049907,0,2
1KIP_AB_C|AB32Y,-0.8005932,-1.1249948,1,0
1XGU_AB_C|FB33A,4.0,0.056325123,1,0
1XGU_AB_C|FB33I,1.8004549,-0.09404856,1,0
1XGU_AB_C|FB33L,1.8617703,-0.07672691,1,0
1XGU_AB_C|FB33V,2.9080825,-0.14412849,1,0
2B2X_HL_A|EH64K,-0.033433665,-0.2076646,1,0
"2B2X_HL_A|EH64K,QL28S,YL52N",0.911615,0.11769949,1,0
"2B2X_HL_A|EH64K,QL28S,YL52N,GH102S",2.7106705,0.23729779,1,0
"2B2X_HL_A|EH64K,QL28S,YL52N,SH35A",3.119054,0.1579614,1,0
"2B2X_HL_A|EH64K,QL28S,YL52N,SH35V",3.770335,0.019386712,1,0
"2B2X_HL_A|EH64K,YL52N",0.34853002,-0.033028174,1,0
"2B2X_HL_A|QL28S,YL52N",0.8626942,0.19151244,1,0
2B2X_HL_A|VH50T,0.024054652,-0.24434839,1,0
"2B2X_HL_A|VH50T,EH64D,QL28S,YL52N",0.87177193,0.28375527,1,0
"2B2X_HL_A|VH50T,EH64K,QL28S",0.991589,-0.08206949,1,0
"2B2X_HL_A|VH50T,EH64K,QL28S,YL52D",1.5439764,0.097187564,1,0
"2B2X_HL_A|VH50T,EH64K,QL28S,YL52E",0.95452905,0.06643462,1,0
"2B2X_HL_A|VH50T,EH64K,QL28S,YL52K",1.7007239,-0.000843104,1,0
"2B2X_HL_A|VH50T,EH64K,QL28S,YL52N",1.043214,0.05372012,1,0
"2B2X_HL_A|VH50T,EH64K,QL28S,YL52N,FH99W",1.043214,-0.076175585,1,0
"2B2X_HL_A|VH50T,EH64K,QL28S,YL52N,FH99Y",1.7978828,-0.12793906,1,0
"2B2X_HL_A|VH50T,EH64K,QL28S,YL52N,GH100F",1.4322319,-0.14482181,1,0
"2B2X_HL_A|VH50T,EH64K,QL28S,YL52N,GH100L",3.770335,-0.0098803155,1,0
"2B2X_HL_A|VH50T,EH64K,QL28S,YL52N,GH100M",1.145348,-0.2001121,1,0
"2B2X_HL_A|VH50T,EH64K,QL28S,YL52N,GH100S",1.6009614,0.17471722,1,0
"2B2X_HL_A|VH50T,EH64K,QL28S,YL52N,GH53A",1.5558206,0.10268684,1,0
"2B2X_HL_A|VH50T,EH64K,QL28S,YL52N,GH53N",2.2985272,0.005235065,1,0
"2B2X_HL_A|VH50T,EH64K,QL28S,YL52N,GH53S",1.7188073,0.16422343,1,0
"2B2X_HL_A|VH50T,EH64K,QL28S,YL52N,GH54I",2.4067745,0.04220875,1,0
"2B2X_HL_A|VH50T,EH64K,QL28S,YL52N,GH54T",2.2073808,0.14598502,1,0
"2B2X_HL_A|VH50T,EH64K,QL28S,YL52N,GH54Y",1.043214,-0.15764253,1,0
"2B2X_HL_A|VH50T,EH64K,QL28S,YL52N,GL92Q",2.6158988,0.20775834,1,0
"2B2X_HL_A|VH50T,EH64K,QL28S,YL52N,GL92S",1.5558206,0.28882277,1,0
"2B2X_HL_A|VH50T,EH64K,QL28S,YL52N,HL31K",2.2073808,0.28121543,1,0
"2B2X_HL_A|VH50T,EH64K,QL28S,YL52N,HL31R",2.1670115,0.21305375,1,0
"2B2X_HL_A|VH50T,EH64K,QL28S,YL52N,HL31W",2.2985272,0.08348933,1,0
"2B2X_HL_A|VH50T,EH64K,QL28S,YL52N,LH60D",0.981894,0.07779296,1,0
"2B2X_HL_A|VH50T,EH64K,QL28S,YL52N,LL49F",1.7554936,0.22356005,1,0
"2B2X_HL_A|VH50T,EH64K,QL28S,YL52N,LL49K",1.9044149,0.12370086,1,0
"2B2X_HL_A|VH50T,EH64K,QL28S,YL52N,LL49W",2.9507816,-0.013873797,1,0
"2B2X_HL_A|VH50T,EH64K,QL28S,YL52N,NL30V",2.0925434,0.27292287,1,0
"2B2X_HL_A|VH50T,EH64K,QL28S,YL52N,NL30W",2.6158988,0.11476734,1,0
"2B2X_HL_A|VH50T,EH64K,QL28S,YL52N,NL30Y",2.9507816,0.10893153,1,0
"2B2X_HL_A|VH50T,EH64K,QL28S,YL52N,NL30Y,SL91I",1.4775821,-0.017913964,1,0
"2B2X_HL_A|VH50T,EH64K,QL28S,YL52N,RH31Q",2.350542,0.38784367,1,0
"2B2X_HL_A|VH50T,EH64K,QL28S,YL52N,SH35A",2.6158988,0.13611567,1,0
"2B2X_HL_A|VH50T,EH64K,QL28S,YL52N,SH35A,GH102S",2.6158988,0.32589364,1,0
"2B2X_HL_A|VH50T,EH64K,QL28S,YL52N,SH35Q",3.770335,-0.15332659,1,0
"2B2X_HL_A|VH50T,EH64K,QL28S,YL52N,SH35V,GH102S",2.4688888,0.1995504,1,0
"2B2X_HL_A|VH50T,EH64K,QL28S,YL52N,SH52M",3.119054,-0.2602841,1,0
"2B2X_HL_A|VH50T,EH64K,QL28S,YL52N,SL24R",0.82788163,-0.24494661,1,0
"2B2X_HL_A|VH50T,EH64K,QL28S,YL52N,SL91Q",2.8172472,-0.13929045,1,0
"2B2X_HL_A|VH50T,EH64K,QL28S,YL52N,SL91R",3.770335,-0.24034055,1,0
"2B2X_HL_A|VH50T,EH64K,QL28S,YL52N,SL91R,NL30E",3.770335,-0.04628971,1,0
"2B2X_HL_A|VH50T,EH64K,QL28S,YL52N,SL91T",3.3598623,-0.043363895,1,0
"2B2X_HL_A|VH50T,EH64K,QL28S,YL52N,TH33E,GH53Q",2.7106705,0.13273986,1,0
"2B2X_HL_A|VH50T,EH64K,QL28S,YL52N,TH33I,SH52T,GH53N,GH54N",2.9507816,0.021668363,1,0
"2B2X_HL_A|VH50T,EH64K,QL28S,YL52N,TH33I,SH52T,GH53Q,GH54F",2.2985272,0.23282622,1,0
"2B2X_HL_A|VH50T,EH64K,QL28S,YL52N,TH33N",3.770335,0.1664144,1,0
"2B2X_HL_A|VH50T,EH64K,QL28S,YL52N,TH33V",1.4775821,0.08570553,1,0
"2B2X_HL_A|VH50T,EH64K,QL28S,YL52N,WL90Q",3.119054,0.33845264,1,0
"2B2X_HL_A|VH50T,EH64K,QL28S,YL52N,WL90Q,FL33Y",1.914233,0.19918486,1,0
"2B2X_HL_A|VH50T,EH64K,QL28S,YL52N,YH58E",3.119054,0.6361397,1,0
"2B2X_HL_A|VH50T,EH64K,QL28S,YL52N,YH58Q",3.119054,0.7079831,1,0
"2B2X_HL_A|VH50T,EH64K,QL28S,YL52N,YH58W",1.8641591,0.4152609,1,0
"2B2X_HL_A|VH50T,EH64K,QL28S,YL52N,YH59E",1.5872209,0.34485462,1,0
"2B2X_HL_A|VH50T,EH64K,QL28S,YL52R",1.8880546,-0.09670837,1,0
"2B2X_HL_A|VH50T,EH64K,YL52N",0.28173435,-0.1408291,1,0
"2B2X_HL_A|VH50T,EH64N,QL28S,YL52N",1.0069425,0.31714037,1,0
"2B2X_HL_A|VH50T,EH64Q,QL28S,YL52N",0.96559924,0.27002907,1,0
"2B2X_HL_A|VH50T,EH64Q,QL28S,YL52N,LH60D",1.0862032,0.2290623,1,0
"2B2X_HL_A|VH50T,QL28S,YL52N",0.96559924,0.19401945,1,0
"2B2X_HL_A|VH50T,QL28S,YL52N,LH60D",0.90141344,0.22148265,1,0
"2B2X_HL_A|VH50T,YL52N",0.18636756,-0.010685805,1,0
2B2X_HL_A|YL52E,-0.22410508,0.0026742518,1,0
2VIR_AB_C|SC115L,3.680209,0.21745713,1,0
2VIR_AB_C|TC89I,4.0,0.44469383,1,0
"3G6D_LH_A|EL3V,GL76R,TL77V,QL78E,EL80G",0.13981691,0.3623939,1,0
"3G6D_LH_A|EL3V,GL76R,TL77V,QL78E,EL80G,DH54N",0.111178115,0.5460301,1,0
"3G6D_LH_A|EL3V,GL76R,TL77V,QL78E,EL80G,TL89S,ML92I,VL93D,TL94K",0.27145106,0.42273113,1,0
3G6D_LH_A|HH104A,-0.9530879,0.24906892,1,0
"3G6D_LH_A|KH210T,KH215T",-0.13294782,0.29742527,1,0
"3G6D_LH_A|TL89S,ML92I,VL93D,TL94K",0.7979767,0.029023055,1,0
3G6D_LH_A|WH105A,-1.4965084,0.55240524,1,0
"3IDX_HL_G|CG27I,CG242Q",-2.4650376,-0.15383832,1,0
"3IDX_HL_G|CG27I,CG242Q,MG247A",-2.1736174,0.40936807,1,0
"3IDX_HL_G|KG85C,EG121C,CG27I,CG242Q",-2.3776865,0.18677156,1,0
"3IDX_HL_G|KG85C,EG121C,WG13M,MG247A,CG14W,CG129V,CG27I,CG242Q",-2.1922898,0.7198245,1,0
"3IDX_HL_G|KG85C,EG122C,WG13M,MG247A,CG14W,CG129V,CG27I,CG242Q",-2.2927184,0.8269188,1,0
"3IDX_HL_G|TG41C,GG245C,MG247A",0.40945426,0.9680333,1,0
"3IDX_HL_G|TG41C,GG245C,WG13M,MG247A,CG14W,CG129V,CG27I,CG242Q",-2.3310676,0.54633635,1,0
"3IDX_HL_G|WG13M,MG247A,CG14W,CG129V",-0.6475391,0.4730506,1,0
"3IDX_HL_G|WG13M,MG247A,CG14W,CG129V,CG27I,CG242Q",-2.3479884,0.2822323,1,0
"3IDX_HL_G|WG13M,MG247A,CG14W,CG129V,KG85C,EG121C",-0.36166522,0.95373523,1,0
"3IDX_HL_G|WG13M,SG111T,WG200S,MG247A,CG14W,CG129V,CG27I,CG242Q",-1.8639641,0.60429317,1,0
"3L5X_A_HL|EL93F,YL94G",-0.42800838,0.45213136,1,0
"3L5X_A_HL|EL93H,YL94G",-0.7626503,0.58410585,1,0
"3L5X_A_HL|HL91P,NL92I,EL93D,YL94A",-0.6466697,0.48034123,1,0
"3L5X_A_HL|HL91P,NL92L,EL93D,YL94S",-0.6327897,0.25166193,1,0
"3L5X_A_HL|HL91P,NL92L,EL93D,YL94T",-0.81005055,0.31487885,1,0
"3L5X_A_HL|HL91P,NL92L,EL93D,YL94V",-0.85822237,0.26647624,1,0
"3L5X_A_HL|HL91P,NL92L,YL94A",-0.44441348,0.40225032,1,0
"3L5X_A_HL|HL91Q,NL92D,EL93I,YL94G",-1.5503801,0.5635865,1,0
"3L5X_A_HL|HL91Q,NL92D,EL93L,YL94G",-1.785132,0.5842531,1,0
"3L5X_A_HL|HL91Q,NL92D,EL93Y,YL94G",-1.451453,0.25501516,1,0
"3L5X_A_HL|NL92D,EL93L,YL94G",-0.42962858,0.46529013,1,0
"3L5X_A_HL|NL92D,EL93N,YL94S",-0.53403836,0.29645866,1,0
"3L5X_A_HL|NL92D,EL93P,YL94G",-1.4699602,0.4534906,1,0
"3L5X_A_HL|NL92D,EL93R,YL94D",-0.52253926,0.37149268,1,0
"3L5X_A_HL|NL92D,EL93W,YL94E",-1.1963489,0.033699606,1,0
"3L5X_A_HL|NL92D,EL93W,YL94G",-1.6825228,0.20209728,1,0
"3L5X_A_HL|NL92D,EL93W,YL94S",-0.71612674,0.09786114,1,0
"3L5X_A_HL|NL92D,EL93Y,YL94A",-0.8069743,0.21605366,1,0
"3L5X_A_HL|NL92E,EL93S,YL94G",-1.2653587,0.33312848,1,0
"3L5X_A_HL|NL92E,EL93W,YL94G",-1.5503801,0.1396211,1,0
"3L5X_A_HL|NL92F,EL93W,YL94G",-1.2329907,0.12506934,1,0
"3L5X_A_HL|NL92L,EL93D,YL94S",-0.6170473,0.22343707,1,0
"3L5X_A_HL|NL92L,EL93L,YL94G",-0.6259698,0.45406216,1,0
"3L5X_A_HL|NL92L,EL93M,YL94G",-0.82567644,0.32616234,1,0
"3L5X_A_HL|NL92L,EL93N,YL94G",-0.6954369,0.35588756,1,0
"3L5X_A_HL|NL92S,EL93H,YL94G",-1.2457265,0.5403836,1,0
"3L5X_A_HL|NL92S,EL93I,YL94G",-0.8069743,0.528125,1,0
"3L5X_A_HL|NL92S,EL93S,YL94G",-0.24921271,0.48187903,1,0
"3L5X_A_HL|NL92S,EL93V,YL94G",-0.51687235,0.4891507,1,0
"3L5X_A_HL|NL92S,EL93W,YL94A",-0.30302802,0.37089816,1,0
"3L5X_A_HL|NL92S,EL93W,YL94G",-1.2720501,0.31644535,1,0
"3L5X_A_HL|NL92S,EL93Y,YL94G",-0.9641868,0.23576279,1,0
"3L5X_A_HL|NL92V,EL93G,YL94G",-0.46300006,0.71131706,1,0
"3L5X_A_HL|NL92V,EL93W,YL94G",-0.83525383,0.30280188,1,0
3L5X_A_HL|YL94A,-0.82885176,0.4395417,1,0
3N85_A_LH|SH32A,-0.13401966,0.013191149,1,0
3N85_A_LH|SH32Y,0.0571225,-0.37646207,1,0
3N85_A_LH|SH50G,0.48767117,-0.24953778,1,0
3N85_A_LH|SH52Y,-0.78460336,-0.62418824,1,0
3N85_A_LH|WH100F,-0.015185109,-0.058847647,1,0
3N85_A_LH|WH30K,-0.78460336,0.18565139,1,0
3N85_A_LH|WH30R,-0.5539675,0.14678478,1,0
3N85_A_LH|WL91F,0.13959166,0.09378992,1,0
3N85_A_LH|WL94Y,-0.03871881,-0.1569214,1,0
3SE8_HL_G|DH110A,-0.38934898,0.19369845,1,0
3SE8_HL_G|DH114A,-0.2441398,0.29192266,1,0
3SE8_HL_G|DL49A,0.8558488,0.42891118,1,0
3SE8_HL_G|EL1A,-0.5565174,0.240675,1,0
3SE8_HL_G|EL91A,1.513491,0.43693647,1,0
3SE8_HL_G|FH115A,1.0676043,0.47370508,1,0
3SE8_HL_G|FL90A,-0.8640972,0.40189824,1,0
3SE8_HL_G|FL92A,0.8323254,0.34975278,1,0
3SE8_HL_G|GH56A,0.3570972,0.06367259,1,0
3SE8_HL_G|KH52A,1.1114144,0.31478897,1,0
3SE8_HL_G|LH54A,0.054776184,0.33926216,1,0
3SE8_HL_G|NL30A,0.19434923,0.34315193,1,0
3SE8_HL_G|PH78A,0.01881787,-0.022471216,1,0
3SE8_HL_G|PH81A,-0.07091986,0.13608548,1,0
3SE8_HL_G|QH63A,1.1144251,0.3765761,1,0
3SE8_HL_G|QH65A,0.54980505,0.7068592,1,0
3SE8_HL_G|QH76A,0.09689985,0.4735366,1,0
3SE8_HL_G|QL27A,-0.21612903,0.4486152,1,0
3SE8_HL_G|RH30A,-0.03949762,0.43241823,1,0
3SE8_HL_G|RH62A,1.2061691,0.26074788,1,0
3SE8_HL_G|RH72A,2.6444623,0.43705148,1,0
3SE8_HL_G|SH59A,1.1508402,0.34757897,1,0
3SE8_HL_G|VH58A,1.2496852,0.68228024,1,0
3SE8_HL_G|WH47A,1.4751467,0.7877738,1,0
3SE8_HL_G|WH50A,1.333526,0.6192931,1,0
3SE8_HL_G|WH55A,0.7611056,0.61879295,1,0
3SE8_HL_G|YH111A,0.82992166,0.38299337,1,0
3SE8_HL_G|YH60A,0.8558488,1.0233437,1,0
4KRL_A_B|DB112A,0.6496817,0.43199876,1,0
5C6T_HL_A|EA194A,1.0906719,0.4017903,1,0
5C6T_HL_A|FA192A,1.9972014,0.65402853,1,0
5C6T_HL_A|FA199A,2.7581792,0.7497849,1,0
5C6T_HL_A|FA200A,0.41047263,0.67329717,1,0
5C6T_HL_A|FH99A,1.4600298,0.44121525,1,0
5C6T_HL_A|IA201A,0.88561165,0.5299865,1,0
5C6T_HL_A|NA183A,0.28399685,0.53982306,1,0
5C6T_HL_A|NA186A,0.3630724,0.28749296,1,0
5C6T_HL_A|NA188A,-0.36658686,0.58185786,1,0
"5C6T_HL_A|NA195A,DA197A",0.58650106,1.1577932,1,0
5C6T_HL_A|NH97A,1.5258962,0.22326042,1,0
5C6T_HL_A|RH31S,0.3115454,0.12688683,1,0
5C6T_HL_A|RL48A,0.1229613,0.3843335,1,0
5C6T_HL_A|SH32A,-0.8683455,-0.0072689913,1,0
5C6T_HL_A|TA185A,0.33786914,0.43326774,1,0
5C6T_HL_A|YA182A,3.2083547,0.45174733,1,0
"5C6T_HL_A|YA182A,NA195A,DA197A",2.942425,1.9882483,1,0
5C6T_HL_A|YH104A,0.3630724,0.41999975,1,0
5C6T_HL_A|YH98A,1.7166799,0.5605569,1,0
5C6T_HL_A|YL47A,0.5516565,0.7400951,1,0
1KIP_AB_C|AB32Y,-0.8005932,-1.2061183,1,1
1XGU_AB_C|FB33A,4.0,3.9800034,1,1
1XGU_AB_C|FB33I,1.8004549,1.8124347,1,1
1XGU_AB_C|FB33L,1.8617703,1.8124794,1,1
1XGU_AB_C|FB33V,2.9080825,3.1469421,1,1
2B2X_HL_A|EH64K,-0.033433665,0.5933455,1,1
"2B2X_HL_A|EH64K,QL28S,YL52N",0.911615,0.95191133,1,1
"2B2X_HL_A|EH64K,QL28S,YL52N,GH102S",2.7106705,1.0525472,1,1
"2B2X_HL_A|EH64K,QL28S,YL52N,SH35A",3.119054,1.1227826,1,1
"2B2X_HL_A|EH64K,QL28S,YL52N,SH35V",3.770335,1.2214259,1,1
"2B2X_HL_A|EH64K,YL52N",0.34853002,0.46883467,1,1
"2B2X_HL_A|QL28S,YL52N",0.8626942,0.6278049,1,1
2B2X_HL_A|VH50T,0.024054652,-0.68307567,1,1
"2B2X_HL_A|VH50T,EH64D,QL28S,YL52N",0.87177193,1.0344328,1,1
"2B2X_HL_A|VH50T,EH64K,QL28S",0.991589,0.80542874,1,1
"2B2X_HL_A|VH50T,EH64K,QL28S,YL52D",1.5439764,1.0407625,1,1
"2B2X_HL_A|VH50T,EH64K,QL28S,YL52E",0.95452905,1.0070074,1,1
"2B2X_HL_A|VH50T,EH64K,QL28S,YL52K",1.7007239,1.3272128,1,1
"2B2X_HL_A|VH50T,EH64K,QL28S,YL52N",1.043214,1.1570494,1,1
"2B2X_HL_A|VH50T,EH64K,QL28S,YL52N,FH99W",1.043214,0.90976787,1,1
"2B2X_HL_A|VH50T,EH64K,QL28S,YL52N,FH99Y",1.7978828,0.86632144,1,1
"2B2X_HL_A|VH50T,EH64K,QL28S,YL52N,GH100F",1.4322319,0.37505195,1,1
"2B2X_HL_A|VH50T,EH64K,QL28S,YL52N,GH100L",3.770335,0.935671,1,1
"2B2X_HL_A|VH50T,EH64K,QL28S,YL52N,GH100M",1.145348,0.8387146,1,1
"2B2X_HL_A|VH50T,EH64K,QL28S,YL52N,GH100S",1.6009614,1.1672027,1,1
"2B2X_HL_A|VH50T,EH64K,QL28S,YL52N,GH53A",1.5558206,0.87915206,1,1
"2B2X_HL_A|VH50T,EH64K,QL28S,YL52N,GH53N",2.2985272,1.2148585,1,1
"2B2X_HL_A|VH50T,EH64K,QL28S,YL52N,GH53S",1.7188073,1.2836779,1,1
"2B2X_HL_A|VH50T,EH64K,QL28S,YL52N,GH54I",2.4067745,0.77453506,1,1
"2B2X_HL_A|VH50T,EH64K,QL28S,YL52N,GH54T",2.2073808,1.0196612,1,1
"2B2X_HL_A|VH50T,EH64K,QL28S,YL52N,GH54Y",1.043214,0.7221205,1,1
"2B2X_HL_A|VH50T,EH64K,QL28S,YL52N,GL92Q",2.6158988,1.2725605,1,1
"2B2X_HL_A|VH50T,EH64K,QL28S,YL52N,GL92S",1.5558206,1.2459301,1,1
"2B2X_HL_A|VH50T,EH64K,QL28S,YL52N,HL31K",2.2073808,1.5964541,1,1
"2B2X_HL_A|VH50T,EH64K,QL28S,YL52N,HL31R",2.1670115,1.5124812,1,1
"2B2X_HL_A|VH50T,EH64K,QL28S,YL52N,HL31W",2.2985272,1.1678916,1,1
"2B2X_HL_A|VH50T,EH64K,QL28S,YL52N,LH60D",0.981894,1.268626,1,1
"2B2X_HL_A|VH50T,EH64K,QL28S,YL52N,LL49F",1.7554936,1.1701254,1,1
"2B2X_HL_A|VH50T,EH64K,QL28S,YL52N,LL49K",1.9044149,1.6105144,1,1
"2B2X_HL_A|VH50T,EH64K,QL28S,YL52N,LL49W",2.9507816,1.1401349,1,1
"2B2X_HL_A|VH50T,EH64K,QL28S,YL52N,NL30V",2.0925434,0.9102868,1,1
"2B2X_HL_A|VH50T,EH64K,QL28S,YL52N,NL30W",2.6158988,1.0051705,1,1
"2B2X_HL_A|VH50T,EH64K,QL28S,YL52N,NL30Y",2.9507816,0.8714092,1,1
"2B2X_HL_A|VH50T,EH64K,QL28S,YL52N,NL30Y,SL91I",1.4775821,0.7577503,1,1
"2B2X_HL_A|VH50T,EH64K,QL28S,YL52N,RH31Q",2.350542,1.4573487,1,1
"2B2X_HL_A|VH50T,EH64K,QL28S,YL52N,SH35A",2.6158988,1.1947172,1,1
"2B2X_HL_A|VH50T,EH64K,QL28S,YL52N,SH35A,GH102S",2.6158988,1.4586238,1,1
"2B2X_HL_A|VH50T,EH64K,QL28S,YL52N,SH35Q",3.770335,1.2195141,1,1
"2B2X_HL_A|VH50T,EH64K,QL28S,YL52N,SH35V,GH102S",2.4688888,1.562132,1,1
"2B2X_HL_A|VH50T,EH64K,QL28S,YL52N,SH52M",3.119054,0.984956,1,1
"2B2X_HL_A|VH50T,EH64K,QL28S,YL52N,SL24R",0.82788163,0.88247085,1,1
"2B2X_HL_A|VH50T,EH64K,QL28S,YL52N,SL91Q",2.8172472,1.184682,1,1
"2B2X_HL_A|VH50T,EH64K,QL28S,YL52N,SL91R",3.770335,1.0912879,1,1
"2B2X_HL_A|VH50T,EH64K,QL28S,YL52N,SL91R,NL30E",3.770335,0.87302566,1,1
"2B2X_HL_A|VH50T,EH64K,QL28S,YL52N,SL91T",3.3598623,1.1411277,1,1
"2B2X_HL_A|VH50T,EH64K,QL28S,YL52N,TH33E,GH53Q",2.7106705,1.07542,1,1
"2B2X_HL_A|VH50T,EH64K,QL28S,YL52N,TH33I,SH52T,GH53N,GH54N",2.9507816,0.92083526,1,1
"2B2X_HL_A|VH50T,EH64K,QL28S,YL52N,TH33I,SH52T,GH53Q,GH54F",2.2985272,1.3806887,1,1
"2B2X_HL_A|VH50T,EH64K,QL28S,YL52N,TH33N",3.770335,1.1755667,1,1
"2B2X_HL_A|VH50T,EH64K,QL28S,YL52N,TH33V",1.4775821,0.8703766,1,1
"2B2X_HL_A|VH50T,EH64K,QL28S,YL52N,WL90Q",3.119054,1.2864903,1,1
"2B2X_HL_A|VH50T,EH64K,QL28S,YL52N,WL90Q,FL33Y",1.914233,1.1176026,1,1
"2B2X_HL_A|VH50T,EH64K,QL28S,YL52N,YH58E",3.119054,1.1391342,1,1
"2B2X_HL_A|VH50T,EH64K,QL28S,YL52N,YH58Q",3.119054,1.5097694,1,1
"2B2X_HL_A|VH50T,EH64K,QL28S,YL52N,YH58W",1.8641591,1.0374334,1,1
"2B2X_HL_A|VH50T,EH64K,QL28S,YL52N,YH59E",1.5872209,1.2802358,1,1
"2B2X_HL_A|VH50T,EH64K,QL28S,YL52R",1.8880546,1.1342683,1,1
"2B2X_HL_A|VH50T,EH64K,YL52N",0.28173435,0.50536096,1,1
"2B2X_HL_A|VH50T,EH64N,QL28S,YL52N",1.0069425,1.2126706,1,1
"2B2X_HL_A|VH50T,EH64Q,QL28S,YL52N",0.96559924,1.1618629,1,1
"2B2X_HL_A|VH50T,EH64Q,QL28S,YL52N,LH60D",1.0862032,1.3256453,1,1
"2B2X_HL_A|VH50T,QL28S,YL52N",0.96559924,0.759313,1,1
"2B2X_HL_A|VH50T,QL28S,YL52N,LH60D",0.90141344,0.89916956,1,1
"2B2X_HL_A|VH50T,YL52N",0.18636756,-0.13584146,1,1
2B2X_HL_A|YL52E,-0.22410508,0.105711065,1,1
2VIR_AB_C|SC115L,3.680209,1.5249953,1,1
2VIR_AB_C|TC89I,4.0,4.2993493,1,1
"3G6D_LH_A|EL3V,GL76R,TL77V,QL78E,EL80G",0.13981691,1.8426919,1,1
"3G6D_LH_A|EL3V,GL76R,TL77V,QL78E,EL80G,DH54N",0.111178115,2.2700262,1,1
"3G6D_LH_A|EL3V,GL76R,TL77V,QL78E,EL80G,TL89S,ML92I,VL93D,TL94K",0.27145106,1.1513221,1,1
3G6D_LH_A|HH104A,-0.9530879,0.8064543,1,1
"3G6D_LH_A|KH210T,KH215T",-0.13294782,0.10499457,1,1
"3G6D_LH_A|TL89S,ML92I,VL93D,TL94K",0.7979767,-0.54017663,1,1
3G6D_LH_A|WH105A,-1.4965084,1.3472326,1,1
"3IDX_HL_G|CG27I,CG242Q",-2.4650376,0.469438,1,1
"3IDX_HL_G|CG27I,CG242Q,MG247A",-2.1736174,1.0056847,1,1
"3IDX_HL_G|KG85C,EG121C,CG27I,CG242Q",-2.3776865,1.880916,1,1
"3IDX_HL_G|KG85C,EG121C,WG13M,MG247A,CG14W,CG129V,CG27I,CG242Q",-2.1922898,2.7924252,1,1
"3IDX_HL_G|KG85C,EG122C,WG13M,MG247A,CG14W,CG129V,CG27I,CG242Q",-2.2927184,2.694549,1,1
"3IDX_HL_G|TG41C,GG245C,MG247A",0.40945426,1.1886346,1,1
"3IDX_HL_G|TG41C,GG245C,WG13M,MG247A,CG14W,CG129V,CG27I,CG242Q",-2.3310676,1.9939394,1,1
"3IDX_HL_G|WG13M,MG247A,CG14W,CG129V",-0.6475391,1.0468757,1,1
"3IDX_HL_G|WG13M,MG247A,CG14W,CG129V,CG27I,CG242Q",-2.3479884,1.5228102,1,1
"3IDX_HL_G|WG13M,MG247A,CG14W,CG129V,KG85C,EG121C",-0.36166522,2.4041224,1,1
"3IDX_HL_G|WG13M,SG111T,WG200S,MG247A,CG14W,CG129V,CG27I,CG242Q",-1.8639641,1.8607547,1,1
"3L5X_A_HL|EL93F,YL94G",-0.42800838,-0.055843696,1,1
"3L5X_A_HL|EL93H,YL94G",-0.7626503,0.04732515,1,1
"3L5X_A_HL|HL91P,NL92I,EL93D,YL94A",-0.6466697,1.5990998,1,1
"3L5X_A_HL|HL91P,NL92L,EL93D,YL94S",-0.6327897,1.0626533,1,1
"3L5X_A_HL|HL91P,NL92L,EL93D,YL94T",-0.81005055,1.406075,1,1
"3L5X_A_HL|HL91P,NL92L,EL93D,YL94V",-0.85822237,1.4577674,1,1
"3L5X_A_HL|HL91P,NL92L,YL94A",-0.44441348,1.5253758,1,1
"3L5X_A_HL|HL91Q,NL92D,EL93I,YL94G",-1.5503801,0.7700938,1,1
"3L5X_A_HL|HL91Q,NL92D,EL93L,YL94G",-1.785132,0.85278726,1,1
"3L5X_A_HL|HL91Q,NL92D,EL93Y,YL94G",-1.451453,0.18914433,1,1
"3L5X_A_HL|NL92D,EL93L,YL94G",-0.42962858,-0.041590296,1,1
"3L5X_A_HL|NL92D,EL93N,YL94S",-0.53403836,-0.009484431,1,1
"3L5X_A_HL|NL92D,EL93P,YL94G",-1.4699602,0.3707247,1,1
"3L5X_A_HL|NL92D,EL93R,YL94D",-0.52253926,-0.1191897,1,1
"3L5X_A_HL|NL92D,EL93W,YL94E",-1.1963489,-0.21880415,1,1
"3L5X_A_HL|NL92D,EL93W,YL94G",-1.6825228,-0.23233876,1,1
"3L5X_A_HL|NL92D,EL93W,YL94S",-0.71612674,-0.17786023,1,1
"3L5X_A_HL|NL92D,EL93Y,YL94A",-0.8069743,-0.07411599,1,1
"3L5X_A_HL|NL92E,EL93S,YL94G",-1.2653587,-0.28303915,1,1
"3L5X_A_HL|NL92E,EL93W,YL94G",-1.5503801,-0.1546015,1,1
"3L5X_A_HL|NL92F,EL93W,YL94G",-1.2329907,-0.2366723,1,1
"3L5X_A_HL|NL92L,EL93D,YL94S",-0.6170473,0.09632337,1,1
"3L5X_A_HL|NL92L,EL93L,YL94G",-0.6259698,0.41094324,1,1
"3L5X_A_HL|NL92L,EL93M,YL94G",-0.82567644,0.4317623,1,1
"3L5X_A_HL|NL92L,EL93N,YL94G",-0.6954369,0.28732,1,1
"3L5X_A_HL|NL92S,EL93H,YL94G",-1.2457265,-0.12605093,1,1
"3L5X_A_HL|NL92S,EL93I,YL94G",-0.8069743,-0.07059599,1,1
"3L5X_A_HL|NL92S,EL93S,YL94G",-0.24921271,-0.31471103,1,1
"3L5X_A_HL|NL92S,EL93V,YL94G",-0.51687235,-0.097940385,1,1
"3L5X_A_HL|NL92S,EL93W,YL94A",-0.30302802,0.222734,1,1
"3L5X_A_HL|NL92S,EL93W,YL94G",-1.2720501,-0.2527372,1,1
"3L5X_A_HL|NL92S,EL93Y,YL94G",-0.9641868,-0.48952708,1,1
"3L5X_A_HL|NL92V,EL93G,YL94G",-0.46300006,-0.09729561,1,1
"3L5X_A_HL|NL92V,EL93W,YL94G",-0.83525383,0.16995001,1,1
3L5X_A_HL|YL94A,-0.82885176,0.55444777,1,1
3N85_A_LH|SH32A,-0.13401966,0.6431197,1,1
3N85_A_LH|SH32Y,0.0571225,0.021663249,1,1
3N85_A_LH|SH50G,0.48767117,-0.13704535,1,1
3N85_A_LH|SH52Y,-0.78460336,-0.929626,1,1
3N85_A_LH|WH100F,-0.015185109,-0.15749146,1,1
3N85_A_LH|WH30K,-0.78460336,0.37890482,1,1
3N85_A_LH|WH30R,-0.5539675,0.04188826,1,1
3N85_A_LH|WL91F,0.13959166,0.046824038,1,1
3N85_A_LH|WL94Y,-0.03871881,-0.7263092,1,1
3SE8_HL_G|DH110A,-0.38934898,-0.049354658,1,1
3SE8_HL_G|DH114A,-0.2441398,0.60621905,1,1
3SE8_HL_G|DL49A,0.8558488,0.7379869,1,1
3SE8_HL_G|EL1A,-0.5565174,-0.21150844,1,1
3SE8_HL_G|EL91A,1.513491,1.4020233,1,1
3SE8_HL_G|FH115A,1.0676043,1.4621263,1,1
3SE8_HL_G|FL90A,-0.8640972,0.65595436,1,1
3SE8_HL_G|FL92A,0.8323254,0.30111662,1,1
3SE8_HL_G|GH56A,0.3570972,0.58205354,1,1
3SE8_HL_G|KH52A,1.1114144,0.66531026,1,1
3SE8_HL_G|LH54A,0.054776184,7.83205e-05,1,1
3SE8_HL_G|NL30A,0.19434923,0.47598654,1,1
3SE8_HL_G|PH78A,0.01881787,0.24907601,1,1
3SE8_HL_G|PH81A,-0.07091986,0.4685556,1,1
3SE8_HL_G|QH63A,1.1144251,-0.026517622,1,1
3SE8_HL_G|QH65A,0.54980505,0.36463284,1,1
3SE8_HL_G|QH76A,0.09689985,0.28590316,1,1
3SE8_HL_G|QL27A,-0.21612903,0.46343762,1,1
3SE8_HL_G|RH30A,-0.03949762,0.411038,1,1
3SE8_HL_G|RH62A,1.2061691,0.24866122,1,1
3SE8_HL_G|RH72A,2.6444623,1.504661,1,1
3SE8_HL_G|SH59A,1.1508402,1.0814135,1,1
3SE8_HL_G|VH58A,1.2496852,0.7492366,1,1
3SE8_HL_G|WH47A,1.4751467,1.8369262,1,1
3SE8_HL_G|WH50A,1.333526,1.7774765,1,1
3SE8_HL_G|WH55A,0.7611056,0.16802828,1,1
3SE8_HL_G|YH111A,0.82992166,0.45849764,1,1
3SE8_HL_G|YH60A,0.8558488,0.31917083,1,1
4KRL_A_B|DB112A,0.6496817,1.4922647,1,1
5C6T_HL_A|EA194A,1.0906719,1.720891,1,1
5C6T_HL_A|FA192A,1.9972014,2.412621,1,1
5C6T_HL_A|FA199A,2.7581792,1.6499286,1,1
5C6T_HL_A|FA200A,0.41047263,0.6401712,1,1
5C6T_HL_A|FH99A,1.4600298,0.11053018,1,1
5C6T_HL_A|IA201A,0.88561165,0.1875861,1,1
5C6T_HL_A|NA183A,0.28399685,0.5927812,1,1
5C6T_HL_A|NA186A,0.3630724,0.654001,1,1
5C6T_HL_A|NA188A,-0.36658686,1.2538757,1,1
"5C6T_HL_A|NA195A,DA197A",0.58650106,3.3606129,1,1
5C6T_HL_A|NH97A,1.5258962,0.6623424,1,1
5C6T_HL_A|RH31S,0.3115454,-0.19506621,1,1
5C6T_HL_A|RL48A,0.1229613,0.5619035,1,1
5C6T_HL_A|SH32A,-0.8683455,0.8003652,1,1
5C6T_HL_A|TA185A,0.33786914,0.721223,1,1
5C6T_HL_A|YA182A,3.2083547,1.7899446,1,1
"5C6T_HL_A|YA182A,NA195A,DA197A",2.942425,4.6617546,1,1
5C6T_HL_A|YH104A,0.3630724,0.47032857,1,1
5C6T_HL_A|YH98A,1.7166799,0.558131,1,1
5C6T_HL_A|YL47A,0.5516565,1.0197796,1,1
1KIP_AB_C|AB32Y,-0.8005932,-1.4343987,1,2
1XGU_AB_C|FB33A,4.0,3.1490607,1,2
1XGU_AB_C|FB33I,1.8004549,1.8864896,1,2
1XGU_AB_C|FB33L,1.8617703,1.9342017,1,2
1XGU_AB_C|FB33V,2.9080825,2.6510086,1,2
2B2X_HL_A|EH64K,-0.033433665,0.28191373,1,2
"2B2X_HL_A|EH64K,QL28S,YL52N",0.911615,0.9301592,1,2
"2B2X_HL_A|EH64K,QL28S,YL52N,GH102S",2.7106705,1.0639826,1,2
"2B2X_HL_A|EH64K,QL28S,YL52N,SH35A",3.119054,1.2570775,1,2
"2B2X_HL_A|EH64K,QL28S,YL52N,SH35V",3.770335,1.3589437,1,2
"2B2X_HL_A|EH64K,YL52N",0.34853002,0.4810555,1,2
"2B2X_HL_A|QL28S,YL52N",0.8626942,0.26246387,1,2
2B2X_HL_A|VH50T,0.024054652,-0.63310045,1,2
"2B2X_HL_A|VH50T,EH64D,QL28S,YL52N",0.87177193,0.89028,1,2
"2B2X_HL_A|VH50T,EH64K,QL28S",0.991589,0.9989426,1,2
"2B2X_HL_A|VH50T,EH64K,QL28S,YL52D",1.5439764,0.8959771,1,2
"2B2X_HL_A|VH50T,EH64K,QL28S,YL52E",0.95452905,0.91402423,1,2
"2B2X_HL_A|VH50T,EH64K,QL28S,YL52K",1.7007239,1.3269129,1,2
"2B2X_HL_A|VH50T,EH64K,QL28S,YL52N",1.043214,1.2193506,1,2
"2B2X_HL_A|VH50T,EH64K,QL28S,YL52N,FH99W",1.043214,1.0505676,1,2
"2B2X_HL_A|VH50T,EH64K,QL28S,YL52N,FH99Y",1.7978828,1.127287,1,2
"2B2X_HL_A|VH50T,EH64K,QL28S,YL52N,GH100F",1.4322319,0.949389,1,2
"2B2X_HL_A|VH50T,EH64K,QL28S,YL52N,GH100L",3.770335,1.1740444,1,2
"2B2X_HL_A|VH50T,EH64K,QL28S,YL52N,GH100M",1.145348,0.9803252,1,2
"2B2X_HL_A|VH50T,EH64K,QL28S,YL52N,GH100S",1.6009614,1.2680554,1,2
"2B2X_HL_A|VH50T,EH64K,QL28S,YL52N,GH53A",1.5558206,0.7917617,1,2
"2B2X_HL_A|VH50T,EH64K,QL28S,YL52N,GH53N",2.2985272,1.0829842,1,2
"2B2X_HL_A|VH50T,EH64K,QL28S,YL52N,GH53S",1.7188073,1.0233052,1,2
"2B2X_HL_A|VH50T,EH64K,QL28S,YL52N,GH54I",2.4067745,0.95048296,1,2
"2B2X_HL_A|VH50T,EH64K,QL28S,YL52N,GH54T",2.2073808,1.1956236,1,2
"2B2X_HL_A|VH50T,EH64K,QL28S,YL52N,GH54Y",1.043214,1.0149482,1,2
"2B2X_HL_A|VH50T,EH64K,QL28S,YL52N,GL92Q",2.6158988,1.2069105,1,2
"2B2X_HL_A|VH50T,EH64K,QL28S,YL52N,GL92S",1.5558206,1.1068534,1,2
"2B2X_HL_A|VH50T,EH64K,QL28S,YL52N,HL31K",2.2073808,1.3505903,1,2
"2B2X_HL_A|VH50T,EH64K,QL28S,YL52N,HL31R",2.1670115,1.1805942,1,2
"2B2X_HL_A|VH50T,EH64K,QL28S,YL52N,HL31W",2.2985272,1.1211057,1,2
"2B2X_HL_A|VH50T,EH64K,QL28S,YL52N,LH60D",0.981894,0.88241935,1,2
"2B2X_HL_A|VH50T,EH64K,QL28S,YL52N,LL49F",1.7554936,1.4905648,1,2
"2B2X_HL_A|VH50T,EH64K,QL28S,YL52N,LL49K",1.9044149,1.6430379,1,2
"2B2X_HL_A|VH50T,EH64K,QL28S,YL52N,LL49W",2.9507816,1.374293,1,2
"2B2X_HL_A|VH50T,EH64K,QL28S,YL52N,NL30V",2.0925434,1.4823974,1,2
"2B2X_HL_A|VH50T,EH64K,QL28S,YL52N,NL30W",2.6158988,1.7206241,1,2
"2B2X_HL_A|VH50T,EH64K,QL28S,YL52N,NL30Y",2.9507816,1.5977945,1,2
"2B2X_HL_A|VH50T,EH64K,QL28S,YL52N,NL30Y,SL91I",1.4775821,1.4025874,1,2
"2B2X_HL_A|VH50T,EH64K,QL28S,YL52N,RH31Q",2.350542,1.3911946,1,2
"2B2X_HL_A|VH50T,EH64K,QL28S,YL52N,SH35A",2.6158988,1.5802643,1,2
"2B2X_HL_A|VH50T,EH64K,QL28S,YL52N,SH35A,GH102S",2.6158988,1.6737845,1,2
"2B2X_HL_A|VH50T,EH64K,QL28S,YL52N,SH35Q",3.770335,1.6637423,1,2
"2B2X_HL_A|VH50T,EH64K,QL28S,YL52N,SH35V,GH102S",2.4688888,1.8445796,1,2
"2B2X_HL_A|VH50T,EH64K,QL28S,YL52N,SH52M",3.119054,1.3006437,1,2
"2B2X_HL_A|VH50T,EH64K,QL28S,YL52N,SL24R",0.82788163,1.0492843,1,2
"2B2X_HL_A|VH50T,EH64K,QL28S,YL52N,SL91Q",2.8172472,1.1410027,1,2
"2B2X_HL_A|VH50T,EH64K,QL28S,YL52N,SL91R",3.770335,1.1190101,1,2
"2B2X_HL_A|VH50T,EH64K,QL28S,YL52N,SL91R,NL30E",3.770335,1.2128948,1,2
"2B2X_HL_A|VH50T,EH64K,QL28S,YL52N,SL91T",3.3598623,1.0202316,1,2
"2B2X_HL_A|VH50T,EH64K,QL28S,YL52N,TH33E,GH53Q",2.7106705,1.3083396,1,2
"2B2X_HL_A|VH50T,EH64K,QL28S,YL52N,TH33I,SH52T,GH53N,GH54N",2.9507816,1.3927742,1,2
"2B2X_HL_A|VH50T,EH64K,QL28S,YL52N,TH33I,SH52T,GH53Q,GH54F",2.2985272,1.6271988,1,2
"2B2X_HL_A|VH50T,EH64K,QL28S,YL52N,TH33N",3.770335,1.5635101,1,2
"2B2X_HL_A|VH50T,EH64K,QL28S,YL52N,TH33V",1.4775821,1.3126316,1,2
"2B2X_HL_A|VH50T,EH64K,QL28S,YL52N,WL90Q",3.119054,1.9737629,1,2
"2B2X_HL_A|VH50T,EH64K,QL28S,YL52N,WL90Q,FL33Y",1.914233,2.1307232,1,2
"2B2X_HL_A|VH50T,EH64K,QL28S,YL52N,YH58E",3.119054,1.5046189,1,2
"2B2X_HL_A|VH50T,EH64K,QL28S,YL52N,YH58Q",3.119054,1.889683,1,2
"2B2X_HL_A|VH50T,EH64K,QL28S,YL52N,YH58W",1.8641591,1.2367074,1,2
"2B2X_HL_A|VH50T,EH64K,QL28S,YL52N,YH59E",1.5872209,1.3932394,1,2
"2B2X_HL_A|VH50T,EH64K,QL28S,YL52R",1.8880546,1.0823731,1,2
"2B2X_HL_A|VH50T,EH64K,YL52N",0.28173435,0.70585793,1,2
"2B2X_HL_A|VH50T,EH64N,QL28S,YL52N",1.0069425,1.0180709,1,2
"2B2X_HL_A|VH50T,EH64Q,QL28S,YL52N",0.96559924,1.0188428,1,2
"2B2X_HL_A|VH50T,EH64Q,QL28S,YL52N,LH60D",1.0862032,0.73305607,1,2
"2B2X_HL_A|VH50T,QL28S,YL52N",0.96559924,0.6653444,1,2
"2B2X_HL_A|VH50T,QL28S,YL52N,LH60D",0.90141344,0.45568645,1,2
"2B2X_HL_A|VH50T,YL52N",0.18636756,0.117371,1,2
2B2X_HL_A|YL52E,-0.22410508,-0.20162505,1,2
2VIR_AB_C|SC115L,3.680209,1.0084611,1,2
2VIR_AB_C|TC89I,4.0,3.5228822,1,2
"3G6D_LH_A|EL3V,GL76R,TL77V,QL78E,EL80G",0.13981691,0.48728347,1,2
"3G6D_LH_A|EL3V,GL76R,TL77V,QL78E,EL80G,DH54N",0.111178115,0.4020486,1,2
"3G6D_LH_A|EL3V,GL76R,TL77V,QL78E,EL80G,TL89S,ML92I,VL93D,TL94K",0.27145106,0.25004935,1,2
3G6D_LH_A|HH104A,-0.9530879,0.844785,1,2
"3G6D_LH_A|KH210T,KH215T",-0.13294782,-0.23324263,1,2
"3G6D_LH_A|TL89S,ML92I,VL93D,TL94K",0.7979767,0.26031116,1,2
3G6D_LH_A|WH105A,-1.4965084,0.96085006,1,2
"3IDX_HL_G|CG27I,CG242Q",-2.4650376,0.294607,1,2
"3IDX_HL_G|CG27I,CG242Q,MG247A",-2.1736174,0.18372923,1,2
"3IDX_HL_G|KG85C,EG121C,CG27I,CG242Q",-2.3776865,0.4901769,1,2
"3IDX_HL_G|KG85C,EG121C,WG13M,MG247A,CG14W,CG129V,CG27I,CG242Q",-2.1922898,0.26359528,1,2
"3IDX_HL_G|KG85C,EG122C,WG13M,MG247A,CG14W,CG129V,CG27I,CG242Q",-2.2927184,0.14623746,1,2
"3IDX_HL_G|TG41C,GG245C,MG247A",0.40945426,0.48007563,1,2
"3IDX_HL_G|TG41C,GG245C,WG13M,MG247A,CG14W,CG129V,CG27I,CG242Q",-2.3310676,0.27276194,1,2
"3IDX_HL_G|WG13M,MG247A,CG14W,CG129V",-0.6475391,0.3620612,1,2
"3IDX_HL_G|WG13M,MG247A,CG14W,CG129V,CG27I,CG242Q",-2.3479884,0.16631044,1,2
"3IDX_HL_G|WG13M,MG247A,CG14W,CG129V,KG85C,EG121C",-0.36166522,0.59223276,1,2
"3IDX_HL_G|WG13M,SG111T,WG200S,MG247A,CG14W,CG129V,CG27I,CG242Q",-1.8639641,0.37619013,1,2
"3L5X_A_HL|EL93F,YL94G",-0.42800838,0.15661909,1,2
"3L5X_A_HL|EL93H,YL94G",-0.7626503,0.33058363,1,2
"3L5X_A_HL|HL91P,NL92I,EL93D,YL94A",-0.6466697,0.38967934,1,2
"3L5X_A_HL|HL91P,NL92L,EL93D,YL94S",-0.6327897,0.15236941,1,2
"3L5X_A_HL|HL91P,NL92L,EL93D,YL94T",-0.81005055,0.21663246,1,2
"3L5X_A_HL|HL91P,NL92L,EL93D,YL94V",-0.85822237,0.24273255,1,2
"3L5X_A_HL|HL91P,NL92L,YL94A",-0.44441348,0.8572899,1,2
"3L5X_A_HL|HL91Q,NL92D,EL93I,YL94G",-1.5503801,0.3148601,1,2
"3L5X_A_HL|HL91Q,NL92D,EL93L,YL94G",-1.785132,0.30750167,1,2
"3L5X_A_HL|HL91Q,NL92D,EL93Y,YL94G",-1.451453,0.28419086,1,2
"3L5X_A_HL|NL92D,EL93L,YL94G",-0.42962858,-0.25018793,1,2
"3L5X_A_HL|NL92D,EL93N,YL94S",-0.53403836,0.21465439,1,2
"3L5X_A_HL|NL92D,EL93P,YL94G",-1.4699602,-0.05667875,1,2
"3L5X_A_HL|NL92D,EL93R,YL94D",-0.52253926,-0.11318921,1,2
"3L5X_A_HL|NL92D,EL93W,YL94E",-1.1963489,-0.22723061,1,2
"3L5X_A_HL|NL92D,EL93W,YL94G",-1.6825228,-0.31727713,1,2
"3L5X_A_HL|NL92D,EL93W,YL94S",-0.71612674,-0.23024541,1,2
"3L5X_A_HL|NL92D,EL93Y,YL94A",-0.8069743,-0.16156432,1,2
"3L5X_A_HL|NL92E,EL93S,YL94G",-1.2653587,-0.26395008,1,2
"3L5X_A_HL|NL92E,EL93W,YL94G",-1.5503801,-0.37469953,1,2
"3L5X_A_HL|NL92F,EL93W,YL94G",-1.2329907,-0.45739973,1,2
"3L5X_A_HL|NL92L,EL93D,YL94S",-0.6170473,-0.12654626,1,2
"3L5X_A_HL|NL92L,EL93L,YL94G",-0.6259698,-0.2672988,1,2
"3L5X_A_HL|NL92L,EL93M,YL94G",-0.82567644,-0.3054359,1,2
"3L5X_A_HL|NL92L,EL93N,YL94G",-0.6954369,0.017860405,1,2
"3L5X_A_HL|NL92S,EL93H,YL94G",-1.2457265,-0.08013696,1,2
"3L5X_A_HL|NL92S,EL93I,YL94G",-0.8069743,-0.2968505,1,2
"3L5X_A_HL|NL92S,EL93S,YL94G",-0.24921271,-0.22540146,1,2
"3L5X_A_HL|NL92S,EL93V,YL94G",-0.51687235,-0.2645582,1,2
"3L5X_A_HL|NL92S,EL93W,YL94A",-0.30302802,-0.24961504,1,2
"3L5X_A_HL|NL92S,EL93W,YL94G",-1.2720501,-0.2866237,1,2
"3L5X_A_HL|NL92S,EL93Y,YL94G",-0.9641868,-0.16191635,1,2
"3L5X_A_HL|NL92V,EL93G,YL94G",-0.46300006,-0.4918056,1,2
"3L5X_A_HL|NL92V,EL93W,YL94G",-0.83525383,-0.37921953,1,2
3L5X_A_HL|YL94A,-0.82885176,1.2417396,1,2
3N85_A_LH|SH32A,-0.13401966,1.0712634,1,2
3N85_A_LH|SH32Y,0.0571225,-0.55124557,1,2
3N85_A_LH|SH50G,0.48767117,0.014333919,1,2
3N85_A_LH|SH52Y,-0.78460336,-0.9727648,1,2
3N85_A_LH|WH100F,-0.015185109,0.3784741,1,2
3N85_A_LH|WH30K,-0.78460336,0.4232062,1,2
3N85_A_LH|WH30R,-0.5539675,0.10627082,1,2
3N85_A_LH|WL91F,0.13959166,0.3842426,1,2
3N85_A_LH|WL94Y,-0.03871881,-0.26487485,1,2
3SE8_HL_G|DH110A,-0.38934898,0.24040627,1,2
3SE8_HL_G|DH114A,-0.2441398,1.3913176,1,2
3SE8_HL_G|DL49A,0.8558488,0.63096195,1,2
3SE8_HL_G|EL1A,-0.5565174,-0.54550165,1,2
3SE8_HL_G|EL91A,1.513491,1.0663645,1,2
3SE8_HL_G|FH115A,1.0676043,1.8412373,1,2
3SE8_HL_G|FL90A,-0.8640972,0.8102302,1,2
3SE8_HL_G|FL92A,0.8323254,0.10473016,1,2
3SE8_HL_G|GH56A,0.3570972,0.695398,1,2
3SE8_HL_G|KH52A,1.1114144,0.49476627,1,2
3SE8_HL_G|LH54A,0.054776184,-0.06788937,1,2
3SE8_HL_G|NL30A,0.19434923,0.18503138,1,2
3SE8_HL_G|PH78A,0.01881787,0.36368644,1,2
3SE8_HL_G|PH81A,-0.07091986,0.5467905,1,2
3SE8_HL_G|QH63A,1.1144251,-0.015943334,1,2
3SE8_HL_G|QH65A,0.54980505,0.102264985,1,2
3SE8_HL_G|QH76A,0.09689985,-0.116547264,1,2
3SE8_HL_G|QL27A,-0.21612903,-0.24382842,1,2
3SE8_HL_G|RH30A,-0.03949762,0.55777854,1,2
3SE8_HL_G|RH62A,1.2061691,0.7322399,1,2
3SE8_HL_G|RH72A,2.6444623,2.2127934,1,2
3SE8_HL_G|SH59A,1.1508402,0.9320291,1,2
3SE8_HL_G|VH58A,1.2496852,0.6691316,1,2
3SE8_HL_G|WH47A,1.4751467,1.176932,1,2
3SE8_HL_G|WH50A,1.333526,2.0854278,1,2
3SE8_HL_G|WH55A,0.7611056,-0.35499042,1,2
3SE8_HL_G|YH111A,0.82992166,0.059328392,1,2
3SE8_HL_G|YH60A,0.8558488,0.54314435,1,2
4KRL_A_B|DB112A,0.6496817,2.4841843,1,2
5C6T_HL_A|EA194A,1.0906719,1.9849284,1,2
5C6T_HL_A|FA192A,1.9972014,1.3053639,1,2
5C6T_HL_A|FA199A,2.7581792,0.7762471,1,2
5C6T_HL_A|FA200A,0.41047263,0.5705498,1,2
5C6T_HL_A|FH99A,1.4600298,0.55948687,1,2
5C6T_HL_A|IA201A,0.88561165,0.26161408,1,2
5C6T_HL_A|NA183A,0.28399685,0.76446927,1,2
5C6T_HL_A|NA186A,0.3630724,0.11943232,1,2
5C6T_HL_A|NA188A,-0.36658686,0.8181025,1,2
"5C6T_HL_A|NA195A,DA197A",0.58650106,1.7640603,1,2
5C6T_HL_A|NH97A,1.5258962,-0.006916173,1,2
5C6T_HL_A|RH31S,0.3115454,0.079832815,1,2
5C6T_HL_A|RL48A,0.1229613,2.1493661,1,2
5C6T_HL_A|SH32A,-0.8683455,0.32038435,1,2
5C6T_HL_A|TA185A,0.33786914,0.8116777,1,2
5C6T_HL_A|YA182A,3.2083547,1.2275503,1,2
"5C6T_HL_A|YA182A,NA195A,DA197A",2.942425,2.4749498,1,2
5C6T_HL_A|YH104A,0.3630724,0.1887565,1,2
5C6T_HL_A|YH98A,1.7166799,1.5483665,1,2
5C6T_HL_A|YL47A,0.5516565,1.850908,1,2
1DVF_AB_CD|DB100A,2.7895143,-0.07253767,2,0
"1DVF_AB_CD|DB100A,DD52A",4.0,0.28417903,2,0
"1DVF_AB_CD|DB100A,HD33A",4.0,0.19703777,2,0
"1DVF_AB_CD|DB100A,ND55A",4.0,0.09958634,2,0
1DVF_AB_CD|DB54A,4.0,0.22595327,2,0
"1DVF_AB_CD|DB54A,YC49A",4.0,0.9152042,2,0
1DVF_AB_CD|DB58A,1.6000048,0.38426125,2,0
"1DVF_AB_CD|DB58A,QD104A",1.4641725,0.71694374,2,0
1DVF_AB_CD|DD52A,1.6822901,0.26013225,2,0
1DVF_AB_CD|EB98A,4.0,-0.030315716,2,0
"1DVF_AB_CD|EB98A,YD102A",4.0,0.7385109,2,0
1DVF_AB_CD|HA30A,1.6493824,0.1410335,2,0
1DVF_AB_CD|HD33A,1.8606005,0.19756678,2,0
1DVF_AB_CD|ID101A,2.6815457,0.5710172,2,0
1DVF_AB_CD|KD30A,1.0035173,0.037809238,2,0
1DVF_AB_CD|NB56A,1.1624389,0.3036961,2,0
"1DVF_AB_CD|NB56A,HD33A",2.5259995,0.6500863,2,0
"1DVF_AB_CD|NB56A,ND55A",2.3010929,0.4497248,2,0
"1DVF_AB_CD|NB56A,QD104A",1.4868644,0.7699257,2,0
1DVF_AB_CD|ND55A,1.8606005,0.09139193,2,0
1DVF_AB_CD|QD104A,1.6287225,0.30902636,2,0
1DVF_AB_CD|RB99A,1.8746451,0.22255197,2,0
1DVF_AB_CD|RD106A,4.0,0.5138099,2,0
1DVF_AB_CD|SA93A,1.1624389,-0.06548101,2,0
1DVF_AB_CD|TB30A,0.9075126,0.13973871,2,0
1DVF_AB_CD|WA92A,0.34072307,0.48092353,2,0
1DVF_AB_CD|WB52A,4.0,0.6088218,2,0
"1DVF_AB_CD|WB52A,QD104A",4.0,0.9427319,2,0
1DVF_AB_CD|YA32A,2.0303695,0.4383871,2,0
"1DVF_AB_CD|YA32A,RD106A",4.0,1.086179,2,0
1DVF_AB_CD|YA49A,1.6785902,0.37812924,2,0
"1DVF_AB_CD|YA49A,HD33A",2.625045,0.43014687,2,0
"1DVF_AB_CD|YA49A,ND55A",2.0303695,0.51118916,2,0
1DVF_AB_CD|YA50A,0.6877736,0.23772164,2,0
1DVF_AB_CD|YB101F,2.0123136,-0.0022089481,2,0
1DVF_AB_CD|YB32A,1.8314707,0.13143533,2,0
1DVF_AB_CD|YC49A,1.8606005,0.59242845,2,0
1DVF_AB_CD|YD102A,4.0,0.716793,2,0
1MHP_HL_A|FH99W,0.0,-0.17851564,2,0
1MHP_HL_A|FH99Y,0.75466895,-0.21907118,2,0
1MHP_HL_A|GH100F,0.38901797,-0.20176695,2,0
1MHP_HL_A|GH100L,2.727121,-0.21714003,2,0
1MHP_HL_A|GH100M,0.10213403,-0.16623732,2,0
1MHP_HL_A|GH100S,0.5577475,-0.081935234,2,0
1MHP_HL_A|GH53A,0.5126066,-0.05453662,2,0
1MHP_HL_A|GH53N,1.2553134,-0.17280392,2,0
1MHP_HL_A|GH53S,0.6755934,-0.035648942,2,0
1MHP_HL_A|GH54I,1.3635606,-0.16436012,2,0
1MHP_HL_A|GH54T,1.1641668,-0.016232356,2,0
1MHP_HL_A|GH54Y,0.0,-0.2575875,2,0
1MHP_HL_A|GL91Q,1.572685,0.12755543,2,0
1MHP_HL_A|GL91S,0.5126066,0.143603,2,0
1MHP_HL_A|HL30K,1.1641668,-0.0075673833,2,0
1MHP_HL_A|HL30R,1.1237977,-0.1169005,2,0
1MHP_HL_A|HL30W,1.2553134,-0.29778725,2,0
1MHP_HL_A|KH64D,-0.17144196,-0.25935638,2,0
1MHP_HL_A|KH64E,-0.07761467,-0.38790643,2,0
"1MHP_HL_A|KH64E,SL27Q",-0.85684633,-0.8017484,2,0
"1MHP_HL_A|KH64E,SL27Q,NL51Y",-1.0191593,-1.7343473,2,0
1MHP_HL_A|KH64N,-0.03627145,-0.0793489,2,0
1MHP_HL_A|KH64Q,-0.07761467,-0.23959403,2,0
1MHP_HL_A|LH60D,-0.061319917,-0.13418065,2,0
"1MHP_HL_A|LH60D,KH64E",-0.1418005,-0.42247248,2,0
"1MHP_HL_A|LH60D,KH64Q",0.042989343,-0.31754816,2,0
1MHP_HL_A|LL48F,0.71227974,-0.1988624,2,0
1MHP_HL_A|LL48K,0.8612009,-0.100618035,2,0
1MHP_HL_A|LL48W,1.9075676,-0.34191895,2,0
1MHP_HL_A|NL29V,1.0493295,-0.044781663,2,0
1MHP_HL_A|NL29W,1.572685,-0.26210254,2,0
1MHP_HL_A|NL29Y,1.9075676,-0.23182724,2,0
"1MHP_HL_A|NL29Y,SL90I",0.43436813,-0.4937126,2,0
1MHP_HL_A|NL51D,0.5007625,-0.40355182,2,0
1MHP_HL_A|NL51E,-0.08868487,-0.46198,2,0
1MHP_HL_A|NL51K,0.65751,-0.32891518,2,0
1MHP_HL_A|NL51R,0.84484076,-0.4017126,2,0
1MHP_HL_A|NL51Y,-0.05162489,-0.6478087,2,0
1MHP_HL_A|RH31Q,1.3073281,0.17778115,2,0
1MHP_HL_A|SH35A,1.572685,-0.055979192,2,0
"1MHP_HL_A|SH35A,GH102S",1.572685,-0.0039913207,2,0
1MHP_HL_A|SH35Q,2.727121,-0.33458728,2,0
"1MHP_HL_A|SH35V,GH102S",1.4256749,-0.15020533,2,0
1MHP_HL_A|SH52M,2.0758402,-0.3147688,2,0
1MHP_HL_A|SL23R,-0.21533228,-0.40053552,2,0
1MHP_HL_A|SL27Q,-0.6661127,-0.3243392,2,0
1MHP_HL_A|SL90Q,1.7740332,-0.15093483,2,0
1MHP_HL_A|SL90T,2.3166485,0.066959634,2,0
"1MHP_HL_A|TH33E,GH53Q",1.6674565,-0.34186733,2,0
"1MHP_HL_A|TH33I,SH52T,GH53N,GH54N",1.9075676,-0.12281735,2,0
"1MHP_HL_A|TH33I,SH52T,GH53Q,GH54F",1.2553134,-0.43972653,2,0
1MHP_HL_A|TH33N,2.727121,-0.036155686,2,0
1MHP_HL_A|TH33V,0.43436813,-0.23777048,2,0
1MHP_HL_A|TH50V,-0.13159887,-0.24516942,2,0
"1MHP_HL_A|TH50V,GH102S",1.6674565,-0.22146802,2,0
"1MHP_HL_A|TH50V,KH64E",-0.1805197,-0.63452804,2,0
"1MHP_HL_A|TH50V,KH64E,SL27Q,NL51E",-1.267319,-1.9106705,2,0
"1MHP_HL_A|TH50V,KH64E,SL27Q,NL51Y",-1.0844951,-2.1707013,2,0
"1MHP_HL_A|TH50V,SH35A",2.0758402,-0.3162819,2,0
"1MHP_HL_A|TH50V,SH35V",2.727121,-0.47585464,2,0
"1MHP_HL_A|TH50V,SL27Q",-0.6946839,-0.66650605,2,0
"1MHP_HL_A|TH50V,SL27Q,NL51Y",-1.0235296,-1.4945629,2,0
1MHP_HL_A|WL89Q,2.0758402,0.4884352,2,0
"1MHP_HL_A|WL89Q,FL32Y",0.871019,0.20589545,2,0
1MHP_HL_A|YH58E,2.0758402,0.34632826,2,0
1MHP_HL_A|YH58Q,2.0758402,0.34902412,2,0
1MHP_HL_A|YH58W,0.82094526,0.096730515,2,0
1MHP_HL_A|YH59E,0.54400706,0.06768909,2,0
1N8Z_AB_C|DB102W,-0.71302944,-0.1639595,2,0
1N8Z_AB_C|FC539A,0.035102826,0.10376893,2,0
1N8Z_AB_C|HA91F,0.034232877,-0.16450083,2,0
1N8Z_AB_C|LC509A,-0.023045197,0.19375825,2,0
1N8Z_AB_C|NA30S,0.06666317,-0.051708013,2,0
"1N8Z_AB_C|NA30S,HA91F,YA92W",-0.07476232,0.02112734,2,0
"1N8Z_AB_C|NA30S,HA91F,YA92W,TA94S,DB102W,YB105F,YB109V",0.050661404,0.18421073,2,0
1N8Z_AB_C|RB50A,2.9754758,0.1752504,2,0
1N8Z_AB_C|RB59A,1.8037988,0.47344857,2,0
1N8Z_AB_C|SC535A,0.030827092,0.17433959,2,0
1N8Z_AB_C|TA94S,0.32168603,0.258227,2,0
1N8Z_AB_C|VC536A,0.008972699,0.06892833,2,0
1N8Z_AB_C|YB105F,0.8540034,0.24005882,2,0
1N8Z_AB_C|YB109V,0.23192272,0.020088963,2,0
1XGQ_AB_C|VB33A,1.1525793,0.2847578,2,0
1XGQ_AB_C|VB33F,-2.9080825,-0.034862682,2,0
1XGQ_AB_C|VB33I,-1.1076277,0.032955322,2,0
1XGQ_AB_C|VB33L,-1.0463123,0.014217526,2,0
1YQV_HL_Y|RY45K,1.8995041,0.13532692,2,0
"1YQV_HL_Y|RY68K,TY40S,IY55V,SY91T",4.0,0.34799778,2,0
"1YQV_HL_Y|RY68K,TY40S,IY55V,SY91T,QY121H",0.0,0.6206079,2,0
1YY9_CD_A|AC25P,0.07225565,-0.62101436,2,0
1YY9_CD_A|AD98P,1.0372273,-0.9151873,2,0
1YY9_CD_A|GD54P,0.26807046,-0.14313741,2,0
1YY9_CD_A|LD29P,0.030827092,-0.13125281,2,0
1YY9_CD_A|NC93A,-0.74186975,-0.0022957623,2,0
1YY9_CD_A|ND56A,-0.057046015,0.3547356,2,0
1YY9_CD_A|SC26D,-0.19925442,-0.35283566,2,0
"1YY9_CD_A|SC26D,TC31E,NC93A",-1.3329437,-0.43098366,2,0
"1YY9_CD_A|SC26D,TC31E,NC93A,ND56A,TD61E",-0.6517935,-0.23196994,2,0
1YY9_CD_A|SC26P,-0.009110746,-0.40709758,2,0
1YY9_CD_A|SC28P,-0.22229962,-0.3516419,2,0
1YY9_CD_A|SC54P,-0.018363854,-0.15008807,2,0
1YY9_CD_A|SD53P,0.8175451,-0.5075296,2,0
1YY9_CD_A|TC31E,-0.51892465,-0.036529087,2,0
"1YY9_CD_A|TC31E,NC93A",-0.81853306,0.013879504,2,0
1YY9_CD_A|TC96P,4.0,-0.2190547,2,0
1YY9_CD_A|TD61E,-0.057046015,-0.14003718,2,0
1YY9_CD_A|WD52P,1.4782712,-0.016995355,2,0
1YY9_CD_A|YD101P,1.6514195,0.052088626,2,0
3NPS_A_BC|DA214A,1.466743,0.4360255,2,0
3NPS_A_BC|DA46A,0.3399866,0.109148145,2,0
3NPS_A_BC|DA47A,1.0674704,0.62301713,2,0
3NPS_A_BC|DA91A,1.5070341,0.3583908,2,0
3NPS_A_BC|EA163A,0.61534816,0.31560242,2,0
3NPS_A_BC|FA50A,0.21957076,0.5467327,2,0
3NPS_A_BC|FA89A,1.5714045,0.57690996,2,0
3NPS_A_BC|FA92A,0.46353978,0.6115907,2,0
3NPS_A_BC|HA138A,1.8750918,0.35698915,2,0
3NPS_A_BC|IA26A,0.6415425,0.52250427,2,0
3NPS_A_BC|IA45A,-0.33181784,0.31675106,2,0
3NPS_A_BC|KA221A,-0.10361039,0.4100514,2,0
3NPS_A_BC|LA147A,0.29573628,0.41891885,2,0
3NPS_A_BC|NA90A,0.25341922,0.30632043,2,0
3NPS_A_BC|QA140A,0.29573628,0.55817837,2,0
3NPS_A_BC|QA168A,-0.059223834,0.19917676,2,0
3NPS_A_BC|QA169A,0.7409076,0.65268004,2,0
3NPS_A_BC|QA218A,-0.040916756,0.42439425,2,0
3NPS_A_BC|QA23A,0.026323749,0.57069516,2,0
3NPS_A_BC|RA219A,-0.08390186,0.24290706,2,0
3NPS_A_BC|RA48A,-1.062741,0.33215356,2,0
3NPS_A_BC|RA51A,0.13816836,0.4349463,2,0
3NPS_A_BC|RA82A,-0.15159543,0.4401391,2,0
3NPS_A_BC|TA144A,0.17497002,0.5138946,2,0
3NPS_A_BC|TA93A,0.72381234,0.2818104,2,0
3NPS_A_BC|YA141A,1.7748737,0.71147764,2,0
3NPS_A_BC|YA52A,0.4518898,0.40494412,2,0
3W2D_A_HL|KA67N,4.0,-0.028044265,2,0
3W2D_A_HL|KA67R,-0.42812017,-0.19336145,2,0
3W2D_A_HL|YA45F,0.8779443,-0.080467515,2,0
3W2D_A_HL|YA45L,2.3647563,-0.0012603328,2,0
"4KRO_A_B|DA321T,FA323A",0.1269707,0.018252531,2,0
"4KRP_A_B|DA277T,FA279A",0.35829666,0.09506822,2,0
4NM8_ABCDEF_HL|DB19N,0.66149956,-0.116276145,2,0
4NM8_ABCDEF_HL|IB18M,0.10977998,-0.11803956,2,0
4NM8_ABCDEF_HL|LB38Y,-0.6151596,-0.20929949,2,0
4NM8_ABCDEF_HL|QB34R,2.9754758,-0.098831296,2,0
4NM8_ABCDEF_HL|QB34T,2.3309386,-0.0508333,2,0
4NM8_ABCDEF_HL|RB25M,3.442353,-0.11047335,2,0
4NM8_ABCDEF_HL|TB32E,-0.5517196,-0.33077067,2,0
4NM8_ABCDEF_HL|TB32I,-0.050205972,-0.38352627,2,0
4NM8_ABCDEF_HL|TB32R,1.2211944,-0.45922714,2,0
1DVF_AB_CD|DB100A,2.7895143,0.78418744,2,1
"1DVF_AB_CD|DB100A,DD52A",4.0,1.5495768,2,1
"1DVF_AB_CD|DB100A,HD33A",4.0,1.4375706,2,1
"1DVF_AB_CD|DB100A,ND55A",4.0,1.4330859,2,1
1DVF_AB_CD|DB54A,4.0,1.0276706,2,1
"1DVF_AB_CD|DB54A,YC49A",4.0,1.5417203,2,1
1DVF_AB_CD|DB58A,1.6000048,0.37269875,2,1
"1DVF_AB_CD|DB58A,QD104A",1.4641725,1.4855673,2,1
1DVF_AB_CD|DD52A,1.6822901,0.6641369,2,1
1DVF_AB_CD|EB98A,4.0,1.3934472,2,1
"1DVF_AB_CD|EB98A,YD102A",4.0,2.58905,2,1
1DVF_AB_CD|HA30A,1.6493824,0.29453042,2,1
1DVF_AB_CD|HD33A,1.8606005,0.5420651,2,1
1DVF_AB_CD|ID101A,2.6815457,1.0226504,2,1
1DVF_AB_CD|KD30A,1.0035173,0.5198985,2,1
1DVF_AB_CD|NB56A,1.1624389,0.109881125,2,1
"1DVF_AB_CD|NB56A,HD33A",2.5259995,0.6855128,2,1
"1DVF_AB_CD|NB56A,ND55A",2.3010929,0.02047171,2,1
"1DVF_AB_CD|NB56A,QD104A",1.4868644,0.7959961,2,1
1DVF_AB_CD|ND55A,1.8606005,0.20643467,2,1
1DVF_AB_CD|QD104A,1.6287225,0.9327357,2,1
1DVF_AB_CD|RB99A,1.8746451,0.28654784,2,1
1DVF_AB_CD|RD106A,4.0,0.7234565,2,1
1DVF_AB_CD|SA93A,1.1624389,0.22800691,2,1
1DVF_AB_CD|TB30A,0.9075126,0.7008393,2,1
1DVF_AB_CD|WA92A,0.34072307,1.5210623,2,1
1DVF_AB_CD|WB52A,4.0,1.4834874,2,1
"1DVF_AB_CD|WB52A,QD104A",4.0,2.1006927,2,1
1DVF_AB_CD|YA32A,2.0303695,0.8826411,2,1
"1DVF_AB_CD|YA32A,RD106A",4.0,1.2634153,2,1
1DVF_AB_CD|YA49A,1.6785902,1.504097,2,1
"1DVF_AB_CD|YA49A,HD33A",2.625045,2.0847876,2,1
"1DVF_AB_CD|YA49A,ND55A",2.0303695,1.6711788,2,1
1DVF_AB_CD|YA50A,0.6877736,0.84035164,2,1
1DVF_AB_CD|YB101F,2.0123136,0.7559491,2,1
1DVF_AB_CD|YB32A,1.8314707,1.2231054,2,1
1DVF_AB_CD|YC49A,1.8606005,0.6923421,2,1
1DVF_AB_CD|YD102A,4.0,1.5175942,2,1
1MHP_HL_A|FH99W,0.0,-0.835407,2,1
1MHP_HL_A|FH99Y,0.75466895,-0.83947706,2,1
1MHP_HL_A|GH100F,0.38901797,-0.32917336,2,1
1MHP_HL_A|GH100L,2.727121,-0.21754724,2,1
1MHP_HL_A|GH100M,0.10213403,-0.41457918,2,1
1MHP_HL_A|GH100S,0.5577475,-0.40265897,2,1
1MHP_HL_A|GH53A,0.5126066,0.30375633,2,1
1MHP_HL_A|GH53N,1.2553134,0.0904777,2,1
1MHP_HL_A|GH53S,0.6755934,0.11194449,2,1
1MHP_HL_A|GH54I,1.3635606,-0.24791858,2,1
1MHP_HL_A|GH54T,1.1641668,-0.16347446,2,1
1MHP_HL_A|GH54Y,0.0,-0.53674376,2,1
1MHP_HL_A|GL91Q,1.572685,-0.2339628,2,1
1MHP_HL_A|GL91S,0.5126066,-0.1603112,2,1
1MHP_HL_A|HL30K,1.1641668,0.33533952,2,1
1MHP_HL_A|HL30R,1.1237977,-0.13466407,2,1
1MHP_HL_A|HL30W,1.2553134,-0.5706532,2,1
1MHP_HL_A|KH64D,-0.17144196,-0.4562723,2,1
1MHP_HL_A|KH64E,-0.07761467,-0.4878539,2,1
"1MHP_HL_A|KH64E,SL27Q",-0.85684633,-1.0415001,2,1
"1MHP_HL_A|KH64E,SL27Q,NL51Y",-1.0191593,-1.5698969,2,1
1MHP_HL_A|KH64N,-0.03627145,-0.1947568,2,1
1MHP_HL_A|KH64Q,-0.07761467,-0.356704,2,1
1MHP_HL_A|LH60D,-0.061319917,-0.0004109973,2,1
"1MHP_HL_A|LH60D,KH64E",-0.1418005,-0.44794008,2,1
"1MHP_HL_A|LH60D,KH64Q",0.042989343,-0.2909805,2,1
1MHP_HL_A|LL48F,0.71227974,-0.14807455,2,1
1MHP_HL_A|LL48K,0.8612009,0.027163208,2,1
1MHP_HL_A|LL48W,1.9075676,-0.5665957,2,1
1MHP_HL_A|NL29V,1.0493295,0.021779455,2,1
1MHP_HL_A|NL29W,1.572685,-0.18469562,2,1
1MHP_HL_A|NL29Y,1.9075676,-0.27196154,2,1
"1MHP_HL_A|NL29Y,SL90I",0.43436813,-0.3998427,2,1
1MHP_HL_A|NL51D,0.5007625,-0.13215844,2,1
1MHP_HL_A|NL51E,-0.08868487,-0.14348826,2,1
1MHP_HL_A|NL51K,0.65751,0.11036864,2,1
1MHP_HL_A|NL51R,0.84484076,-0.07358226,2,1
1MHP_HL_A|NL51Y,-0.05162489,-0.31910947,2,1
1MHP_HL_A|RH31Q,1.3073281,-0.12177855,2,1
1MHP_HL_A|SH35A,1.572685,0.7832957,2,1
"1MHP_HL_A|SH35A,GH102S",1.572685,0.81948966,2,1
1MHP_HL_A|SH35Q,2.727121,-0.02853975,2,1
"1MHP_HL_A|SH35V,GH102S",1.4256749,0.18295386,2,1
1MHP_HL_A|SH52M,2.0758402,-0.07376346,2,1
1MHP_HL_A|SL23R,-0.21533228,-0.21295047,2,1
1MHP_HL_A|SL27Q,-0.6661127,-0.57954705,2,1
1MHP_HL_A|SL90Q,1.7740332,-0.035864197,2,1
1MHP_HL_A|SL90T,2.3166485,0.14347702,2,1
"1MHP_HL_A|TH33E,GH53Q",1.6674565,0.40588096,2,1
"1MHP_HL_A|TH33I,SH52T,GH53N,GH54N",1.9075676,0.6642919,2,1
"1MHP_HL_A|TH33I,SH52T,GH53Q,GH54F",1.2553134,0.19150338,2,1
1MHP_HL_A|TH33N,2.727121,0.46116185,2,1
1MHP_HL_A|TH33V,0.43436813,0.18458807,2,1
1MHP_HL_A|TH50V,-0.13159887,0.14958684,2,1
"1MHP_HL_A|TH50V,GH102S",1.6674565,0.009558442,2,1
"1MHP_HL_A|TH50V,KH64E",-0.1805197,-0.62093484,2,1
"1MHP_HL_A|TH50V,KH64E,SL27Q,NL51E",-1.267319,-1.5659714,2,1
"1MHP_HL_A|TH50V,KH64E,SL27Q,NL51Y",-1.0844951,-1.7818325,2,1
"1MHP_HL_A|TH50V,SH35A",2.0758402,0.65624154,2,1
"1MHP_HL_A|TH50V,SH35V",2.727121,0.14621456,2,1
"1MHP_HL_A|TH50V,SL27Q",-0.6946839,-0.6271549,2,1
"1MHP_HL_A|TH50V,SL27Q,NL51Y",-1.0235296,-1.1077765,2,1
1MHP_HL_A|WL89Q,2.0758402,1.0212654,2,1
"1MHP_HL_A|WL89Q,FL32Y",0.871019,0.9288712,2,1
1MHP_HL_A|YH58E,2.0758402,0.33936375,2,1
1MHP_HL_A|YH58Q,2.0758402,0.37029293,2,1
1MHP_HL_A|YH58W,0.82094526,0.005635037,2,1
1MHP_HL_A|YH59E,0.54400706,0.28854233,2,1
1N8Z_AB_C|DB102W,-0.71302944,-0.39363414,2,1
1N8Z_AB_C|FC539A,0.035102826,0.6471924,2,1
1N8Z_AB_C|HA91F,0.034232877,0.14221217,2,1
1N8Z_AB_C|LC509A,-0.023045197,1.0968325,2,1
1N8Z_AB_C|NA30S,0.06666317,-0.13229303,2,1
"1N8Z_AB_C|NA30S,HA91F,YA92W",-0.07476232,0.27748883,2,1
"1N8Z_AB_C|NA30S,HA91F,YA92W,TA94S,DB102W,YB105F,YB109V",0.050661404,-0.19713758,2,1
1N8Z_AB_C|RB50A,2.9754758,1.3016524,2,1
1N8Z_AB_C|RB59A,1.8037988,0.33584115,2,1
1N8Z_AB_C|SC535A,0.030827092,0.3865814,2,1
1N8Z_AB_C|TA94S,0.32168603,-0.14738116,2,1
1N8Z_AB_C|VC536A,0.008972699,0.36128235,2,1
1N8Z_AB_C|YB105F,0.8540034,0.63240737,2,1
1N8Z_AB_C|YB109V,0.23192272,0.06255135,2,1
1XGQ_AB_C|VB33A,1.1525793,1.0780492,2,1
1XGQ_AB_C|VB33F,-2.9080825,0.107305,2,1
1XGQ_AB_C|VB33I,-1.1076277,0.2699994,2,1
1XGQ_AB_C|VB33L,-1.0463123,0.25765613,2,1
1YQV_HL_Y|RY45K,1.8995041,0.31417528,2,1
"1YQV_HL_Y|RY68K,TY40S,IY55V,SY91T",4.0,0.8541111,2,1
"1YQV_HL_Y|RY68K,TY40S,IY55V,SY91T,QY121H",0.0,1.036079,2,1
1YY9_CD_A|AC25P,0.07225565,-0.067150906,2,1
1YY9_CD_A|AD98P,1.0372273,-0.54416317,2,1
1YY9_CD_A|GD54P,0.26807046,-0.21659172,2,1
1YY9_CD_A|LD29P,0.030827092,0.2672034,2,1
1YY9_CD_A|NC93A,-0.74186975,-0.24603933,2,1
1YY9_CD_A|ND56A,-0.057046015,0.075964056,2,1
1YY9_CD_A|SC26D,-0.19925442,-0.06868665,2,1
"1YY9_CD_A|SC26D,TC31E,NC93A",-1.3329437,-0.5996657,2,1
"1YY9_CD_A|SC26D,TC31E,NC93A,ND56A,TD61E",-0.6517935,-1.0992603,2,1
1YY9_CD_A|SC26P,-0.009110746,0.26923552,2,1
1YY9_CD_A|SC28P,-0.22229962,-0.4825162,2,1
1YY9_CD_A|SC54P,-0.018363854,-0.030979373,2,1
1YY9_CD_A|SD53P,0.8175451,-0.13986948,2,1
1YY9_CD_A|TC31E,-0.51892465,-0.16185716,2,1
"1YY9_CD_A|TC31E,NC93A",-0.81853306,-0.4248434,2,1
1YY9_CD_A|TC96P,4.0,0.09836437,2,1
1YY9_CD_A|TD61E,-0.057046015,-0.12906036,2,1
1YY9_CD_A|WD52P,1.4782712,0.647976,2,1
1YY9_CD_A|YD101P,1.6514195,-0.10734319,2,1
3NPS_A_BC|DA214A,1.466743,0.6150811,2,1
3NPS_A_BC|DA46A,0.3399866,0.5678036,2,1
3NPS_A_BC|DA47A,1.0674704,0.6374059,2,1
3NPS_A_BC|DA91A,1.5070341,0.571508,2,1
3NPS_A_BC|EA163A,0.61534816,0.4479791,2,1
3NPS_A_BC|FA50A,0.21957076,0.8722537,2,1
3NPS_A_BC|FA89A,1.5714045,1.2159661,2,1
3NPS_A_BC|FA92A,0.46353978,0.7683436,2,1
3NPS_A_BC|HA138A,1.8750918,0.22205469,2,1
3NPS_A_BC|IA26A,0.6415425,0.6109691,2,1
3NPS_A_BC|IA45A,-0.33181784,0.7529805,2,1
3NPS_A_BC|KA221A,-0.10361039,0.54380614,2,1
3NPS_A_BC|LA147A,0.29573628,0.35457513,2,1
3NPS_A_BC|NA90A,0.25341922,1.0744678,2,1
3NPS_A_BC|QA140A,0.29573628,0.7830519,2,1
3NPS_A_BC|QA168A,-0.059223834,0.3713085,2,1
3NPS_A_BC|QA169A,0.7409076,0.88001174,2,1
3NPS_A_BC|QA218A,-0.040916756,0.7612788,2,1
3NPS_A_BC|QA23A,0.026323749,0.54648286,2,1
3NPS_A_BC|RA219A,-0.08390186,0.09214677,2,1
3NPS_A_BC|RA48A,-1.062741,0.48185304,2,1
3NPS_A_BC|RA51A,0.13816836,0.2694801,2,1
3NPS_A_BC|RA82A,-0.15159543,0.33817413,2,1
3NPS_A_BC|TA144A,0.17497002,0.6136191,2,1
3NPS_A_BC|TA93A,0.72381234,0.6532562,2,1
3NPS_A_BC|YA141A,1.7748737,1.5343109,2,1
3NPS_A_BC|YA52A,0.4518898,0.73473877,2,1
3W2D_A_HL|KA67N,4.0,-0.08196694,2,1
3W2D_A_HL|KA67R,-0.42812017,-0.26328588,2,1
3W2D_A_HL|YA45F,0.8779443,0.49776384,2,1
3W2D_A_HL|YA45L,2.3647563,0.45377913,2,1
"4KRO_A_B|DA321T,FA323A",0.1269707,1.1390318,2,1
"4KRP_A_B|DA277T,FA279A",0.35829666,1.1870041,2,1
4NM8_ABCDEF_HL|DB19N,0.66149956,-0.020529341,2,1
4NM8_ABCDEF_HL|IB18M,0.10977998,-0.25632352,2,1
4NM8_ABCDEF_HL|LB38Y,-0.6151596,-0.44476995,2,1
4NM8_ABCDEF_HL|QB34R,2.9754758,-0.07069483,2,1
4NM8_ABCDEF_HL|QB34T,2.3309386,0.0035877666,2,1
4NM8_ABCDEF_HL|RB25M,3.442353,0.0066207135,2,1
4NM8_ABCDEF_HL|TB32E,-0.5517196,-0.28227565,2,1
4NM8_ABCDEF_HL|TB32I,-0.050205972,-0.15910634,2,1
4NM8_ABCDEF_HL|TB32R,1.2211944,-0.44812372,2,1
1DVF_AB_CD|DB100A,2.7895143,2.8072603,2,2
"1DVF_AB_CD|DB100A,DD52A",4.0,2.7658577,2,2
"1DVF_AB_CD|DB100A,HD33A",4.0,3.5438511,2,2
"1DVF_AB_CD|DB100A,ND55A",4.0,3.4020019,2,2
1DVF_AB_CD|DB54A,4.0,1.0663972,2,2
"1DVF_AB_CD|DB54A,YC49A",4.0,0.17208529,2,2
1DVF_AB_CD|DB58A,1.6000048,0.30044085,2,2
"1DVF_AB_CD|DB58A,QD104A",1.4641725,0.0120912045,2,2
1DVF_AB_CD|DD52A,1.6822901,0.30717844,2,2
1DVF_AB_CD|EB98A,4.0,0.9755354,2,2
"1DVF_AB_CD|EB98A,YD102A",4.0,1.2024193,2,2
1DVF_AB_CD|HA30A,1.6493824,0.5356902,2,2
1DVF_AB_CD|HD33A,1.8606005,0.24213663,2,2
1DVF_AB_CD|ID101A,2.6815457,0.54210556,2,2
1DVF_AB_CD|KD30A,1.0035173,0.9710307,2,2
1DVF_AB_CD|NB56A,1.1624389,0.04398898,2,2
"1DVF_AB_CD|NB56A,HD33A",2.5259995,0.43353558,2,2
"1DVF_AB_CD|NB56A,ND55A",2.3010929,0.87624156,2,2
"1DVF_AB_CD|NB56A,QD104A",1.4868644,-0.42235702,2,2
1DVF_AB_CD|ND55A,1.8606005,0.92051834,2,2
1DVF_AB_CD|QD104A,1.6287225,0.19834708,2,2
1DVF_AB_CD|RB99A,1.8746451,0.2068412,2,2
1DVF_AB_CD|RD106A,4.0,-0.052659944,2,2
1DVF_AB_CD|SA93A,1.1624389,0.26436445,2,2
1DVF_AB_CD|TB30A,0.9075126,0.14003175,2,2
1DVF_AB_CD|WA92A,0.34072307,0.58640623,2,2
1DVF_AB_CD|WB52A,4.0,1.2302058,2,2
"1DVF_AB_CD|WB52A,QD104A",4.0,1.1818683,2,2
1DVF_AB_CD|YA32A,2.0303695,1.0627235,2,2
"1DVF_AB_CD|YA32A,RD106A",4.0,-0.41703445,2,2
1DVF_AB_CD|YA49A,1.6785902,1.0732521,2,2
"1DVF_AB_CD|YA49A,HD33A",2.625045,0.730416,2,2
"1DVF_AB_CD|YA49A,ND55A",2.0303695,2.0824265,2,2
1DVF_AB_CD|YA50A,0.6877736,0.84921163,2,2
1DVF_AB_CD|YB101F,2.0123136,1.6822472,2,2
1DVF_AB_CD|YB32A,1.8314707,1.172584,2,2
1DVF_AB_CD|YC49A,1.8606005,-0.14504582,2,2
1DVF_AB_CD|YD102A,4.0,0.9230448,2,2
1MHP_HL_A|FH99W,0.0,-0.33329624,2,2
1MHP_HL_A|FH99Y,0.75466895,-0.36709493,2,2
1MHP_HL_A|GH100F,0.38901797,-0.20084234,2,2
1MHP_HL_A|GH100L,2.727121,0.08907525,2,2
1MHP_HL_A|GH100M,0.10213403,-0.095242664,2,2
1MHP_HL_A|GH100S,0.5577475,-0.5373491,2,2
1MHP_HL_A|GH53A,0.5126066,0.17399497,2,2
1MHP_HL_A|GH53N,1.2553134,-0.50957847,2,2
1MHP_HL_A|GH53S,0.6755934,-0.6379697,2,2
1MHP_HL_A|GH54I,1.3635606,-0.080693096,2,2
1MHP_HL_A|GH54T,1.1641668,0.20907934,2,2
1MHP_HL_A|GH54Y,0.0,-0.5013274,2,2
1MHP_HL_A|GL91Q,1.572685,-0.022485808,2,2
1MHP_HL_A|GL91S,0.5126066,-0.6680642,2,2
1MHP_HL_A|HL30K,1.1641668,0.8246305,2,2
1MHP_HL_A|HL30R,1.1237977,-0.054699972,2,2
1MHP_HL_A|HL30W,1.2553134,-0.30978465,2,2
1MHP_HL_A|KH64D,-0.17144196,-0.11499041,2,2
1MHP_HL_A|KH64E,-0.07761467,-0.12420158,2,2
"1MHP_HL_A|KH64E,SL27Q",-0.85684633,-0.6193248,2,2
"1MHP_HL_A|KH64E,SL27Q,NL51Y",-1.0191593,-1.2022129,2,2
1MHP_HL_A|KH64N,-0.03627145,-0.124237165,2,2
1MHP_HL_A|KH64Q,-0.07761467,-0.14419352,2,2
1MHP_HL_A|LH60D,-0.061319917,-0.2707432,2,2
"1MHP_HL_A|LH60D,KH64E",-0.1418005,-0.3426233,2,2
"1MHP_HL_A|LH60D,KH64Q",0.042989343,-0.2714842,2,2
1MHP_HL_A|LL48F,0.71227974,-0.6886098,2,2
1MHP_HL_A|LL48K,0.8612009,-0.20955788,2,2
1MHP_HL_A|LL48W,1.9075676,-0.9074146,2,2
1MHP_HL_A|NL29V,1.0493295,0.19865356,2,2
1MHP_HL_A|NL29W,1.572685,0.08255474,2,2
1MHP_HL_A|NL29Y,1.9075676,-0.020495936,2,2
"1MHP_HL_A|NL29Y,SL90I",0.43436813,-0.24943225,2,2
1MHP_HL_A|NL51D,0.5007625,-0.600477,2,2
1MHP_HL_A|NL51E,-0.08868487,-0.46152157,2,2
1MHP_HL_A|NL51K,0.65751,0.14347446,2,2
1MHP_HL_A|NL51R,0.84484076,-0.0574321,2,2
1MHP_HL_A|NL51Y,-0.05162489,-0.4226569,2,2
1MHP_HL_A|RH31Q,1.3073281,0.34201878,2,2
1MHP_HL_A|SH35A,1.572685,0.9677926,2,2
"1MHP_HL_A|SH35A,GH102S",1.572685,1.1337907,2,2
1MHP_HL_A|SH35Q,2.727121,0.26577395,2,2
"1MHP_HL_A|SH35V,GH102S",1.4256749,0.7377482,2,2
1MHP_HL_A|SH52M,2.0758402,0.39590305,2,2
1MHP_HL_A|SL23R,-0.21533228,-0.42807126,2,2
1MHP_HL_A|SL27Q,-0.6661127,-0.18946137,2,2
1MHP_HL_A|SL90Q,1.7740332,0.33576214,2,2
1MHP_HL_A|SL90T,2.3166485,0.2818745,2,2
"1MHP_HL_A|TH33E,GH53Q",1.6674565,0.30552214,2,2
"1MHP_HL_A|TH33I,SH52T,GH53N,GH54N",1.9075676,0.63425267,2,2
"1MHP_HL_A|TH33I,SH52T,GH53Q,GH54F",1.2553134,0.5954027,2,2
1MHP_HL_A|TH33N,2.727121,-0.15438558,2,2
1MHP_HL_A|TH33V,0.43436813,-0.26519984,2,2
1MHP_HL_A|TH50V,-0.13159887,-0.08921862,2,2
"1MHP_HL_A|TH50V,GH102S",1.6674565,0.055496626,2,2
"1MHP_HL_A|TH50V,KH64E",-0.1805197,-0.46924233,2,2
"1MHP_HL_A|TH50V,KH64E,SL27Q,NL51E",-1.267319,-1.26396,2,2
"1MHP_HL_A|TH50V,KH64E,SL27Q,NL51Y",-1.0844951,-1.4123567,2,2
"1MHP_HL_A|TH50V,SH35A",2.0758402,0.31682152,2,2
"1MHP_HL_A|TH50V,SH35V",2.727121,0.034262635,2,2
"1MHP_HL_A|TH50V,SL27Q",-0.6946839,-0.3655901,2,2
"1MHP_HL_A|TH50V,SL27Q,NL51Y",-1.0235296,-0.9258447,2,2
1MHP_HL_A|WL89Q,2.0758402,1.1774892,2,2
"1MHP_HL_A|WL89Q,FL32Y",0.871019,0.9441524,2,2
1MHP_HL_A|YH58E,2.0758402,0.6764222,2,2
1MHP_HL_A|YH58Q,2.0758402,0.9915982,2,2
1MHP_HL_A|YH58W,0.82094526,0.24680689,2,2
1MHP_HL_A|YH59E,0.54400706,0.36550438,2,2
1N8Z_AB_C|DB102W,-0.71302944,-0.17849405,2,2
1N8Z_AB_C|FC539A,0.035102826,0.7420141,2,2
1N8Z_AB_C|HA91F,0.034232877,0.3182615,2,2
1N8Z_AB_C|LC509A,-0.023045197,1.3943734,2,2
1N8Z_AB_C|NA30S,0.06666317,0.014383033,2,2
"1N8Z_AB_C|NA30S,HA91F,YA92W",-0.07476232,1.0309757,2,2
"1N8Z_AB_C|NA30S,HA91F,YA92W,TA94S,DB102W,YB105F,YB109V",0.050661404,1.3459227,2,2
1N8Z_AB_C|RB50A,2.9754758,0.43625814,2,2
1N8Z_AB_C|RB59A,1.8037988,0.33788794,2,2
1N8Z_AB_C|SC535A,0.030827092,-0.22290756,2,2
1N8Z_AB_C|TA94S,0.32168603,0.24828835,2,2
1N8Z_AB_C|VC536A,0.008972699,-0.10479981,2,2
1N8Z_AB_C|YB105F,0.8540034,1.9791585,2,2
1N8Z_AB_C|YB109V,0.23192272,0.20242143,2,2
1XGQ_AB_C|VB33A,1.1525793,0.8840872,2,2
1XGQ_AB_C|VB33F,-2.9080825,-2.3975568,2,2
1XGQ_AB_C|VB33I,-1.1076277,-1.3268745,2,2
1XGQ_AB_C|VB33L,-1.0463123,-1.2287546,2,2
1YQV_HL_Y|RY45K,1.8995041,-0.075023785,2,2
"1YQV_HL_Y|RY68K,TY40S,IY55V,SY91T",4.0,-0.18999468,2,2
"1YQV_HL_Y|RY68K,TY40S,IY55V,SY91T,QY121H",0.0,-0.24538611,2,2
1YY9_CD_A|AC25P,0.07225565,-0.17707978,2,2
1YY9_CD_A|AD98P,1.0372273,-0.7413497,2,2
1YY9_CD_A|GD54P,0.26807046,-0.08225456,2,2
1YY9_CD_A|LD29P,0.030827092,0.075952336,2,2
1YY9_CD_A|NC93A,-0.74186975,0.42442435,2,2
1YY9_CD_A|ND56A,-0.057046015,0.017004162,2,2
1YY9_CD_A|SC26D,-0.19925442,-0.6328807,2,2
"1YY9_CD_A|SC26D,TC31E,NC93A",-1.3329437,0.9100058,2,2
"1YY9_CD_A|SC26D,TC31E,NC93A,ND56A,TD61E",-0.6517935,0.8859263,2,2
1YY9_CD_A|SC26P,-0.009110746,-0.35041815,2,2
1YY9_CD_A|SC28P,-0.22229962,-0.5263593,2,2
1YY9_CD_A|SC54P,-0.018363854,-0.020142153,2,2
1YY9_CD_A|SD53P,0.8175451,-0.6047295,2,2
1YY9_CD_A|TC31E,-0.51892465,1.5027542,2,2
"1YY9_CD_A|TC31E,NC93A",-0.81853306,1.5183187,2,2
1YY9_CD_A|TC96P,4.0,-0.71786606,2,2
1YY9_CD_A|TD61E,-0.057046015,0.06270902,2,2
1YY9_CD_A|WD52P,1.4782712,0.50043386,2,2
1YY9_CD_A|YD101P,1.6514195,0.2748868,2,2
3NPS_A_BC|DA214A,1.466743,0.39831263,2,2
3NPS_A_BC|DA46A,0.3399866,0.5404476,2,2
3NPS_A_BC|DA47A,1.0674704,0.9852754,2,2
3NPS_A_BC|DA91A,1.5070341,0.3595565,2,2
3NPS_A_BC|EA163A,0.61534816,0.053077534,2,2
3NPS_A_BC|FA50A,0.21957076,0.5264343,2,2
3NPS_A_BC|FA89A,1.5714045,0.6356213,2,2
3NPS_A_BC|FA92A,0.46353978,0.6166256,2,2
3NPS_A_BC|HA138A,1.8750918,0.35419393,2,2
3NPS_A_BC|IA26A,0.6415425,-0.20265435,2,2
3NPS_A_BC|IA45A,-0.33181784,0.71015733,2,2
3NPS_A_BC|KA221A,-0.10361039,0.6631742,2,2
3NPS_A_BC|LA147A,0.29573628,0.6917995,2,2
3NPS_A_BC|NA90A,0.25341922,0.66603625,2,2
3NPS_A_BC|QA140A,0.29573628,0.39787722,2,2
3NPS_A_BC|QA168A,-0.059223834,0.061546527,2,2
3NPS_A_BC|QA169A,0.7409076,1.877827,2,2
3NPS_A_BC|QA218A,-0.040916756,0.60720605,2,2
3NPS_A_BC|QA23A,0.026323749,-0.34193957,2,2
3NPS_A_BC|RA219A,-0.08390186,-0.34508616,2,2
3NPS_A_BC|RA48A,-1.062741,-0.25008035,2,2
3NPS_A_BC|RA51A,0.13816836,0.17569675,2,2
3NPS_A_BC|RA82A,-0.15159543,-0.0017311871,2,2
3NPS_A_BC|TA144A,0.17497002,0.40031022,2,2
3NPS_A_BC|TA93A,0.72381234,1.0028473,2,2
3NPS_A_BC|YA141A,1.7748737,1.4686238,2,2
3NPS_A_BC|YA52A,0.4518898,-0.0083175,2,2
3W2D_A_HL|KA67N,4.0,0.9401191,2,2
3W2D_A_HL|KA67R,-0.42812017,1.8624685,2,2
3W2D_A_HL|YA45F,0.8779443,0.5522051,2,2
3W2D_A_HL|YA45L,2.3647563,1.3809967,2,2
"4KRO_A_B|DA321T,FA323A",0.1269707,1.303579,2,2
"4KRP_A_B|DA277T,FA279A",0.35829666,1.3805078,2,2
4NM8_ABCDEF_HL|DB19N,0.66149956,0.4343272,2,2
4NM8_ABCDEF_HL|IB18M,0.10977998,0.2631768,2,2
4NM8_ABCDEF_HL|LB38Y,-0.6151596,-0.24805896,2,2
4NM8_ABCDEF_HL|QB34R,2.9754758,0.37107652,2,2
4NM8_ABCDEF_HL|QB34T,2.3309386,-0.23095028,2,2
4NM8_ABCDEF_HL|RB25M,3.442353,-0.33586687,2,2
4NM8_ABCDEF_HL|TB32E,-0.5517196,0.17611057,2,2
4NM8_ABCDEF_HL|TB32I,-0.050205972,0.8674918,2,2
4NM8_ABCDEF_HL|TB32R,1.2211944,0.35540432,2,2
"1CZ8_HL_VW|LL4M,DH28T,HH31N,YH101H,TH105S",2.939849,1.3161991,3,0
1KIR_AB_C|SA50Y,-1.3870943,-0.69000304,3,0
1MLC_AB_E|KB65D,0.018548755,-0.32153326,3,0
1MLC_AB_E|NA32G,-0.8773867,1.0223082,3,0
"1MLC_AB_E|NA32G,NA92A",-0.6866531,0.48991758,3,0
"1MLC_AB_E|NA32G,NA92A,SB57V,TB58D",-1.7349738,-0.3450212,3,0
1MLC_AB_E|NA32Y,0.0,-0.49848437,3,0
1MLC_AB_E|NA92A,-1.2533532,0.07439074,3,0
"1MLC_AB_E|NA92A,SB57V,TB58D",-2.394188,-0.5610733,3,0
"1MLC_AB_E|NA92A,TB28D,SB57V,TB58D",-2.5813644,-0.9554472,3,0
"1MLC_AB_E|NA92A,TB28D,SB57V,TB58D,EB35S,GB99D",-2.9539242,-0.9338597,3,0
"1MLC_AB_E|NA92A,TB28D,SB57V,TB58D,GB99D",-0.20357698,-1.0010867,3,0
"1MLC_AB_E|NA92A,TB28D,SB57V,TB58D,NA32L",-2.5843081,-0.9989415,3,0
"1MLC_AB_E|NA92A,TB28D,SB57V,TB58D,RB98M,DB100Q",-0.41047263,-0.82997614,3,0
"1MLC_AB_E|NA92A,TB28D,SB57V,TB58D,SA91N,SA93A",-1.6104395,-0.6435553,3,0
"1MLC_AB_E|NA92A,TB28D,SB57V,TB58D,SB30G",-2.3584673,-1.2410592,3,0
"1MLC_AB_E|NA92A,TB28D,SB57V,TB58D,YB32W,RB98V,DB100Q",0.36138764,-0.5167467,3,0
"1MLC_AB_E|NA92A,TB28D,SB57V,TB58D,YB59E",-1.4661698,-0.51439124,3,0
1MLC_AB_E|SB57A,-0.37902167,0.036116168,3,0
1MLC_AB_E|SB57V,-0.49418068,-0.33479768,3,0
"1MLC_AB_E|SB57V,TB58D",-0.9877286,-0.4788835,3,0
1MLC_AB_E|TB28D,-0.15094383,-0.2905939,3,0
1MLC_AB_E|TB31A,0.44700673,0.65588444,3,0
1MLC_AB_E|TB31V,0.5262404,0.29620084,3,0
1MLC_AB_E|TB31W,0.13214268,-0.25107613,3,0
1MLC_AB_E|TB58D,-0.55968237,0.10236949,3,0
1NCA_N_LH|DH101K,0.71416,1.2140316,3,0
1NCA_N_LH|EH100D,0.41047263,0.5417593,3,0
1NCA_N_LH|NH102Q,0.5426153,0.3854897,3,0
1NCA_N_LH|NH31Q,0.0,-0.31729317,3,0
1NMB_N_LH|DH57E,2.9536283,0.03328913,3,0
1NMB_N_LH|DH57N,2.9536283,0.056012254,3,0
1NMB_N_LH|LL94V,0.9000208,-0.26326978,3,0
1NMB_N_LH|TL93F,-0.023903161,0.20214373,3,0
1NMB_N_LH|TL93W,0.18419003,-0.37804362,3,0
1NMB_N_LH|YH103A,2.14062,1.1765382,3,0
1NMB_N_LH|YH105F,1.4194101,1.0478199,3,0
1NMB_N_LH|YL32F,0.46632215,1.6410815,3,0
1VFB_AB_C|DB100A,3.005002,2.204209,3,0
"1VFB_AB_C|DB100A,SC24A",3.369756,2.1704125,3,0
1VFB_AB_C|DB54A,0.8151114,1.841142,3,0
"1VFB_AB_C|DB54A,TC118A",1.2546439,3.0800502,3,0
1VFB_AB_C|DB58A,-0.20700333,0.7980296,3,0
1VFB_AB_C|DB58E,0.078081094,0.12474574,3,0
1VFB_AB_C|DB58N,-0.12818155,0.30494812,3,0
1VFB_AB_C|DC119A,0.9530879,1.3259504,3,0
1VFB_AB_C|DC18A,0.34013057,1.6650888,3,0
1VFB_AB_C|EB98A,1.1565572,2.3692045,3,0
1VFB_AB_C|GB31A,0.30646533,0.5895826,3,0
1VFB_AB_C|GB31E,-0.5097613,-0.4373942,3,0
1VFB_AB_C|GB31W,0.0039611305,-0.21954742,3,0
1VFB_AB_C|HA30A,0.84488255,0.68612295,3,0
1VFB_AB_C|IC124A,1.2314179,0.7689054,3,0
1VFB_AB_C|KC116A,0.7134504,0.826535,3,0
1VFB_AB_C|LC129A,0.17154472,0.3637832,3,0
1VFB_AB_C|NA31W,0.17432266,1.0565357,3,0
1VFB_AB_C|NB56A,0.17771798,0.41933203,3,0
1VFB_AB_C|NC19A,0.3960868,1.0726159,3,0
1VFB_AB_C|QC121A,2.876998,0.7133252,3,0
1VFB_AB_C|RB99A,-0.099735305,1.4453117,3,0
1VFB_AB_C|RB99W,0.7049742,0.06466447,3,0
1VFB_AB_C|RB99Y,1.235379,0.11786625,3,0
1VFB_AB_C|RC125A,1.8368999,0.9572325,3,0
1VFB_AB_C|SA93A,0.34312394,0.587469,3,0
1VFB_AB_C|SB28D,0.0,-0.08094099,3,0
1VFB_AB_C|SB28E,-0.104007296,0.012233101,3,0
1VFB_AB_C|SB28N,0.14394745,0.14610541,3,0
1VFB_AB_C|SB28Q,0.078081094,0.053782552,3,0
1VFB_AB_C|SC24A,0.850965,0.1687676,3,0
1VFB_AB_C|TA52F,0.4708752,0.005595375,3,0
1VFB_AB_C|TA53R,1.6458516,-0.15427834,3,0
1VFB_AB_C|TB30A,-0.05584954,0.19586882,3,0
1VFB_AB_C|TC118A,0.7650957,0.8816198,3,0
1VFB_AB_C|VC120A,0.9169499,0.45395553,3,0
1VFB_AB_C|WA92A,3.037848,0.48831713,3,0
"1VFB_AB_C|WA92A,IC124A",3.8503337,1.2433063,3,0
"1VFB_AB_C|WA92A,LC129A",3.3073628,0.45305914,3,0
"1VFB_AB_C|WA92A,QC121A",3.5189366,0.7395449,3,0
"1VFB_AB_C|WA92A,RC125A",3.3932896,0.8882378,3,0
1VFB_AB_C|WB52A,0.6406274,3.3863332,3,0
"1VFB_AB_C|WB52A,DC119A",2.2473724,5.0681443,3,0
1VFB_AB_C|YA32A,1.5281335,2.467032,3,0
"1VFB_AB_C|YA32A,IC124A",2.9057157,2.716652,3,0
"1VFB_AB_C|YA32A,QC121A",1.586041,3.0326562,3,0
1VFB_AB_C|YA49A,0.79754156,1.4666085,3,0
1VFB_AB_C|YA50A,0.456086,1.6184433,3,0
"1VFB_AB_C|YA50A,DC119A",1.2314179,3.3899164,3,0
"1VFB_AB_C|YA50A,DC18A",1.265924,3.7045746,3,0
1VFB_AB_C|YA50K,1.7156012,1.1121856,3,0
1VFB_AB_C|YA50R,0.8443241,0.7411038,3,0
1VFB_AB_C|YB101F,1.2695644,1.9655167,3,0
"1VFB_AB_C|YB101F,DC119A",2.736521,3.8896441,3,0
"1VFB_AB_C|YB101F,VC120A",2.5384777,1.90532,3,0
1VFB_AB_C|YB32A,0.7916793,1.2805617,3,0
"1VFB_AB_C|YB32A,KC116A",1.586041,1.6749461,3,0
1VFB_AB_C|YB32E,1.9021881,0.6018386,3,0
1VFB_AB_C|YC23A,0.41047263,1.0031178,3,0
1XGP_AB_C|AB33F,-4.0,-2.405999,3,0
1XGP_AB_C|AB33I,-2.260207,-1.7927396,3,0
1XGP_AB_C|AB33L,-2.1988916,-1.8499913,3,0
1XGP_AB_C|AB33V,-1.1525793,-1.584468,3,0
2JEL_LH_P|AP82S,0.0,-0.23612517,3,0
2JEL_LH_P|DP69E,0.9530879,0.26160005,3,0
2JEL_LH_P|EP5D,0.41047263,-0.10870066,3,0
2JEL_LH_P|EP5Q,0.7129768,0.020059418,3,0
2JEL_LH_P|EP68A,0.41047263,1.1293911,3,0
2JEL_LH_P|EP75R,2.727121,-0.07576503,3,0
2JEL_LH_P|EP83A,0.0,0.20382515,3,0
2JEL_LH_P|EP85A,0.0,0.31308627,3,0
2JEL_LH_P|EP85D,0.0,-0.14729357,3,0
2JEL_LH_P|EP85K,0.0,0.03606509,3,0
2JEL_LH_P|EP85Q,0.0,0.096922874,3,0
2JEL_LH_P|FP2W,2.6191528,-0.15882471,3,0
2JEL_LH_P|FP2Y,0.0,-0.6230101,3,0
2JEL_LH_P|HP76A,-0.41047263,0.3059416,3,0
2JEL_LH_P|HP76D,-0.65058374,-0.31716052,3,0
2JEL_LH_P|KP24E,0.0,0.26340887,3,0
2JEL_LH_P|KP27E,0.0,0.57308745,3,0
2JEL_LH_P|KP72E,0.41047263,-0.4324052,3,0
2JEL_LH_P|KP72R,0.0,-0.28815156,3,0
2JEL_LH_P|KP79E,0.41047263,-0.10260096,3,0
2JEL_LH_P|NP12D,0.0,-0.8704797,3,0
2JEL_LH_P|NP38T,0.0,0.25244012,3,0
2JEL_LH_P|PP11E,0.0,-0.5975121,3,0
2JEL_LH_P|QP3K,4.0,0.25454608,3,0
2JEL_LH_P|QP4K,1.3635606,-0.45673466,3,0
2JEL_LH_P|QP57E,-0.41047263,-0.12903434,3,0
2JEL_LH_P|QP71E,2.727121,-0.00949936,3,0
2JEL_LH_P|RP17G,0.0,-0.0519535,3,0
2JEL_LH_P|RP17K,0.0,-0.1924176,3,0
2JEL_LH_P|SP41C,1.4957032,0.6271193,3,0
2JEL_LH_P|SP43C,0.0,0.57718146,3,0
2JEL_LH_P|SP46C,0.0,0.6388023,3,0
2JEL_LH_P|SP64T,4.0,0.066732526,3,0
2JEL_LH_P|TP34Q,0.0,0.21607529,3,0
2JEL_LH_P|TP36Q,0.41047263,-0.036433894,3,0
2JEL_LH_P|TP62A,0.0,1.0251732,3,0
2JEL_LH_P|TP62N,0.0,0.66303074,3,0
2JEL_LH_P|TP7N,0.41047263,0.3064017,3,0
2JEL_LH_P|TP7S,0.0,0.18207519,3,0
2JEL_LH_P|VP6F,0.0,0.1561837,3,0
"2NY7_HL_G|CG27I,CG226Q",0.19971907,-0.6923604,3,0
"2NY7_HL_G|CG27I,CG226Q,MG231A",0.20319231,-0.93005615,3,0
"2NY7_HL_G|GG229C,MG231A",-0.37879732,0.18981217,3,0
"2NY7_HL_G|GG229C,WG13M,MG231A,CG14W,CG110V,CG27I,CG226Q",0.21462485,-2.3752394,3,0
"2NY7_HL_G|KG66C,EG102C,CG27I,CG226Q",0.04085667,-0.98816866,3,0
"2NY7_HL_G|KG66C,EG102C,WG13M,MG231A,CG14W,CG110V,CG27I,CG226Q",0.3998023,-2.2618854,3,0
"2NY7_HL_G|KG66C,EG103C,WG13M,MG231A,CG14W,CG110V,CG27I,CG226Q",0.29989544,-2.3263433,3,0
"2NY7_HL_G|WG13M,MG231A,CG14W,CG110V",1.1574335,-0.75015926,3,0
"2NY7_HL_G|WG13M,MG231A,CG14W,CG110V,CG27I,CG226Q",0.44904727,-2.0866632,3,0
"2NY7_HL_G|WG13M,MG231A,CG14W,CG110V,KG66C,EG102C",0.55101526,-0.78011364,3,0
"2NY7_HL_G|WG13M,SG92T,WG181S,MG231A,CG14W,CG110V,CG27I,CG226Q",-0.3035898,-2.3103309,3,0
3BN9_B_CD|DB214A,0.5662115,1.6890519,3,0
3BN9_B_CD|DB46A,0.42238826,0.64678967,3,0
3BN9_B_CD|DB47A,0.31110755,0.7582689,3,0
3BN9_B_CD|EB163A,0.37321588,0.11738536,3,0
3BN9_B_CD|FB50A,-0.044997852,0.32205778,3,0
3BN9_B_CD|FB89A,0.6392419,1.3729098,3,0
3BN9_B_CD|HB138A,0.085063316,0.17808777,3,0
3BN9_B_CD|IB26A,0.0,0.7684754,3,0
3BN9_B_CD|IB45A,0.8352155,0.3019784,3,0
3BN9_B_CD|KB221A,0.7849689,0.15758222,3,0
3BN9_B_CD|LB147A,0.33619216,-0.11728056,3,0
3BN9_B_CD|NB90A,0.7733444,0.42648506,3,0
3BN9_B_CD|PD104H,2.4272547,-0.29945913,3,0
3BN9_B_CD|QB140A,0.1331048,-0.28147325,3,0
3BN9_B_CD|QB168A,-0.03469869,-0.47863197,3,0
3BN9_B_CD|QB169A,2.5089848,0.5078645,3,0
3BN9_B_CD|QB218A,0.70571065,0.13182819,3,0
3BN9_B_CD|QB23A,-0.41530684,0.1454131,3,0
3BN9_B_CD|QD105V,1.2241027,0.07095562,3,0
3BN9_B_CD|RB219A,-0.093698174,0.428957,3,0
3BN9_B_CD|RB48A,-0.044997852,0.048951425,3,0
3BN9_B_CD|RB51A,-0.07155777,-0.19697267,3,0
3BN9_B_CD|RB82A,-0.15923285,-0.16005413,3,0
3BN9_B_CD|SD30G,1.1861069,0.58962584,3,0
3BN9_B_CD|SD30N,1.145505,0.3641617,3,0
3BN9_B_CD|TB144A,0.2908351,0.021349194,3,0
3BN9_B_CD|TB93A,1.1320528,1.242039,3,0
3BN9_B_CD|TD102Q,-0.02153644,-0.08492461,3,0
3BN9_B_CD|TD102R,-0.058294915,-0.06920391,3,0
3BN9_B_CD|TD28R,0.33290586,-0.16022834,3,0
3BN9_B_CD|YB141A,1.0846525,1.7231524,3,0
3BN9_B_CD|YB52A,0.018951595,0.56488967,3,0
3BN9_B_CD|YD103S,0.45868576,0.84480846,3,0
4GXU_ABCDEF_MN|DA189E,2.1650882,0.7423659,3,0
"4GXU_ABCDEF_MN|DA189E,DA224G",3.0102077,1.2128437,3,0
4GXU_ABCDEF_MN|DA224G,1.9608781,0.5191082,3,0
"1CZ8_HL_VW|LL4M,DH28T,HH31N,YH101H,TH105S",2.939849,2.3989582,3,1
1KIR_AB_C|SA50Y,-1.3870943,-0.88854194,3,1
1MLC_AB_E|KB65D,0.018548755,-0.29128805,3,1
1MLC_AB_E|NA32G,-0.8773867,-0.54570836,3,1
"1MLC_AB_E|NA32G,NA92A",-0.6866531,-0.36681372,3,1
"1MLC_AB_E|NA32G,NA92A,SB57V,TB58D",-1.7349738,-0.70168513,3,1
1MLC_AB_E|NA32Y,0.0,-0.78746206,3,1
1MLC_AB_E|NA92A,-1.2533532,-0.06570631,3,1
"1MLC_AB_E|NA92A,SB57V,TB58D",-2.394188,-0.23116425,3,1
"1MLC_AB_E|NA92A,TB28D,SB57V,TB58D",-2.5813644,-0.27517188,3,1
"1MLC_AB_E|NA92A,TB28D,SB57V,TB58D,EB35S,GB99D",-2.9539242,-0.4286006,3,1
"1MLC_AB_E|NA92A,TB28D,SB57V,TB58D,GB99D",-0.20357698,-0.34217462,3,1
"1MLC_AB_E|NA92A,TB28D,SB57V,TB58D,NA32L",-2.5843081,-1.0355196,3,1
"1MLC_AB_E|NA92A,TB28D,SB57V,TB58D,RB98M,DB100Q",-0.41047263,0.9284976,3,1
"1MLC_AB_E|NA92A,TB28D,SB57V,TB58D,SA91N,SA93A",-1.6104395,0.47530803,3,1
"1MLC_AB_E|NA92A,TB28D,SB57V,TB58D,SB30G",-2.3584673,-0.15606582,3,1
"1MLC_AB_E|NA92A,TB28D,SB57V,TB58D,YB32W,RB98V,DB100Q",0.36138764,1.4343472,3,1
"1MLC_AB_E|NA92A,TB28D,SB57V,TB58D,YB59E",-1.4661698,0.15941334,3,1
1MLC_AB_E|SB57A,-0.37902167,0.35416394,3,1
1MLC_AB_E|SB57V,-0.49418068,-0.28011626,3,1
"1MLC_AB_E|SB57V,TB58D",-0.9877286,-0.30933052,3,1
1MLC_AB_E|TB28D,-0.15094383,-0.3539061,3,1
1MLC_AB_E|TB31A,0.44700673,0.535398,3,1
1MLC_AB_E|TB31V,0.5262404,0.09460945,3,1
1MLC_AB_E|TB31W,0.13214268,-0.29756054,3,1
1MLC_AB_E|TB58D,-0.55968237,0.13858087,3,1
1NCA_N_LH|DH101K,0.71416,0.6758833,3,1
1NCA_N_LH|EH100D,0.41047263,-0.31675887,3,1
1NCA_N_LH|NH102Q,0.5426153,-0.17926839,3,1
1NCA_N_LH|NH31Q,0.0,-0.1835859,3,1
1NMB_N_LH|DH57E,2.9536283,0.260334,3,1
1NMB_N_LH|DH57N,2.9536283,0.5439748,3,1
1NMB_N_LH|LL94V,0.9000208,-0.56119454,3,1
1NMB_N_LH|TL93F,-0.023903161,0.085969076,3,1
1NMB_N_LH|TL93W,0.18419003,-0.23950747,3,1
1NMB_N_LH|YH103A,2.14062,0.8128979,3,1
1NMB_N_LH|YH105F,1.4194101,0.25327867,3,1
1NMB_N_LH|YL32F,0.46632215,0.5691801,3,1
1VFB_AB_C|DB100A,3.005002,1.7840282,3,1
"1VFB_AB_C|DB100A,SC24A",3.369756,2.6255105,3,1
1VFB_AB_C|DB54A,0.8151114,3.2913985,3,1
"1VFB_AB_C|DB54A,TC118A",1.2546439,3.5833423,3,1
1VFB_AB_C|DB58A,-0.20700333,1.1195581,3,1
1VFB_AB_C|DB58E,0.078081094,0.13607189,3,1
1VFB_AB_C|DB58N,-0.12818155,0.4577859,3,1
1VFB_AB_C|DC119A,0.9530879,0.9171337,3,1
1VFB_AB_C|DC18A,0.34013057,0.62966573,3,1
1VFB_AB_C|EB98A,1.1565572,1.9247249,3,1
1VFB_AB_C|GB31A,0.30646533,0.6970648,3,1
1VFB_AB_C|GB31E,-0.5097613,-0.599406,3,1
1VFB_AB_C|GB31W,0.0039611305,-0.4259807,3,1
1VFB_AB_C|HA30A,0.84488255,0.9336033,3,1
1VFB_AB_C|IC124A,1.2314179,0.20473365,3,1
1VFB_AB_C|KC116A,0.7134504,0.30003017,3,1
1VFB_AB_C|LC129A,0.17154472,0.7058904,3,1
1VFB_AB_C|NA31W,0.17432266,0.014412625,3,1
1VFB_AB_C|NB56A,0.17771798,0.66971713,3,1
1VFB_AB_C|NC19A,0.3960868,0.1694876,3,1
1VFB_AB_C|QC121A,2.876998,1.0165408,3,1
1VFB_AB_C|RB99A,-0.099735305,1.2391821,3,1
1VFB_AB_C|RB99W,0.7049742,0.16295683,3,1
1VFB_AB_C|RB99Y,1.235379,0.15533432,3,1
1VFB_AB_C|RC125A,1.8368999,0.3638046,3,1
1VFB_AB_C|SA93A,0.34312394,0.7296349,3,1
1VFB_AB_C|SB28D,0.0,-0.068196945,3,1
1VFB_AB_C|SB28E,-0.104007296,0.19039005,3,1
1VFB_AB_C|SB28N,0.14394745,0.39675254,3,1
1VFB_AB_C|SB28Q,0.078081094,0.542183,3,1
1VFB_AB_C|SC24A,0.850965,0.70200676,3,1
1VFB_AB_C|TA52F,0.4708752,-0.18869197,3,1
1VFB_AB_C|TA53R,1.6458516,0.05176568,3,1
1VFB_AB_C|TB30A,-0.05584954,0.5002807,3,1
1VFB_AB_C|TC118A,0.7650957,0.33808577,3,1
1VFB_AB_C|VC120A,0.9169499,0.40562534,3,1
1VFB_AB_C|WA92A,3.037848,1.0607456,3,1
"1VFB_AB_C|WA92A,IC124A",3.8503337,1.8220618,3,1
"1VFB_AB_C|WA92A,LC129A",3.3073628,1.3655996,3,1
"1VFB_AB_C|WA92A,QC121A",3.5189366,1.9443109,3,1
"1VFB_AB_C|WA92A,RC125A",3.3932896,1.2402365,3,1
1VFB_AB_C|WB52A,0.6406274,3.1171541,3,1
"1VFB_AB_C|WB52A,DC119A",2.2473724,4.4924674,3,1
1VFB_AB_C|YA32A,1.5281335,1.5253506,3,1
"1VFB_AB_C|YA32A,IC124A",2.9057157,1.7642592,3,1
"1VFB_AB_C|YA32A,QC121A",1.586041,2.6917336,3,1
1VFB_AB_C|YA49A,0.79754156,1.5565797,3,1
1VFB_AB_C|YA50A,0.456086,1.3011862,3,1
"1VFB_AB_C|YA50A,DC119A",1.2314179,2.7942753,3,1
"1VFB_AB_C|YA50A,DC18A",1.265924,1.5646269,3,1
1VFB_AB_C|YA50K,1.7156012,0.9606848,3,1
1VFB_AB_C|YA50R,0.8443241,0.63437253,3,1
1VFB_AB_C|YB101F,1.2695644,1.6706264,3,1
"1VFB_AB_C|YB101F,DC119A",2.736521,3.4064984,3,1
"1VFB_AB_C|YB101F,VC120A",2.5384777,2.2542675,3,1
1VFB_AB_C|YB32A,0.7916793,1.7244642,3,1
"1VFB_AB_C|YB32A,KC116A",1.586041,1.7502006,3,1
1VFB_AB_C|YB32E,1.9021881,0.8030726,3,1
1VFB_AB_C|YC23A,0.41047263,1.5221745,3,1
1XGP_AB_C|AB33F,-4.0,-1.8782362,3,1
1XGP_AB_C|AB33I,-2.260207,-1.5858135,3,1
1XGP_AB_C|AB33L,-2.1988916,-1.7511395,3,1
1XGP_AB_C|AB33V,-1.1525793,-1.3128407,3,1
2JEL_LH_P|AP82S,0.0,-0.6150524,3,1
2JEL_LH_P|DP69E,0.9530879,0.20722383,3,1
2JEL_LH_P|EP5D,0.41047263,0.19389944,3,1
2JEL_LH_P|EP5Q,0.7129768,0.41291565,3,1
2JEL_LH_P|EP68A,0.41047263,1.0607218,3,1
2JEL_LH_P|EP75R,2.727121,0.5909669,3,1
2JEL_LH_P|EP83A,0.0,0.56158394,3,1
2JEL_LH_P|EP85A,0.0,-0.058539048,3,1
2JEL_LH_P|EP85D,0.0,-0.23948644,3,1
2JEL_LH_P|EP85K,0.0,-0.036225215,3,1
2JEL_LH_P|EP85Q,0.0,-0.010078771,3,1
2JEL_LH_P|FP2W,2.6191528,0.02757488,3,1
2JEL_LH_P|FP2Y,0.0,0.00042656995,3,1
2JEL_LH_P|HP76A,-0.41047263,0.30183327,3,1
2JEL_LH_P|HP76D,-0.65058374,-0.032057267,3,1
2JEL_LH_P|KP24E,0.0,0.12602356,3,1
2JEL_LH_P|KP27E,0.0,-0.19187239,3,1
2JEL_LH_P|KP72E,0.41047263,-0.32329664,3,1
2JEL_LH_P|KP72R,0.0,0.04207474,3,1
2JEL_LH_P|KP79E,0.41047263,-0.29443565,3,1
2JEL_LH_P|NP12D,0.0,-0.113846436,3,1
2JEL_LH_P|NP38T,0.0,0.1677561,3,1
2JEL_LH_P|PP11E,0.0,-0.56236035,3,1
2JEL_LH_P|QP3K,4.0,0.3907937,3,1
2JEL_LH_P|QP4K,1.3635606,0.023556752,3,1
2JEL_LH_P|QP57E,-0.41047263,-0.4863793,3,1
2JEL_LH_P|QP71E,2.727121,0.060771845,3,1
2JEL_LH_P|RP17G,0.0,0.09005299,3,1
2JEL_LH_P|RP17K,0.0,0.45224655,3,1
2JEL_LH_P|SP41C,1.4957032,0.36899006,3,1
2JEL_LH_P|SP43C,0.0,0.7663665,3,1
2JEL_LH_P|SP46C,0.0,0.8029818,3,1
2JEL_LH_P|SP64T,4.0,0.15402915,3,1
2JEL_LH_P|TP34Q,0.0,0.75134724,3,1
2JEL_LH_P|TP36Q,0.41047263,0.17618124,3,1
2JEL_LH_P|TP62A,0.0,0.5943976,3,1
2JEL_LH_P|TP62N,0.0,0.39878562,3,1
2JEL_LH_P|TP7N,0.41047263,0.3124309,3,1
2JEL_LH_P|TP7S,0.0,0.30838853,3,1
2JEL_LH_P|VP6F,0.0,0.42683637,3,1
"2NY7_HL_G|CG27I,CG226Q",0.19971907,0.08435125,3,1
"2NY7_HL_G|CG27I,CG226Q,MG231A",0.20319231,0.6254402,3,1
"2NY7_HL_G|GG229C,MG231A",-0.37879732,0.659528,3,1
"2NY7_HL_G|GG229C,WG13M,MG231A,CG14W,CG110V,CG27I,CG226Q",0.21462485,1.2343795,3,1
"2NY7_HL_G|KG66C,EG102C,CG27I,CG226Q",0.04085667,0.5257601,3,1
"2NY7_HL_G|KG66C,EG102C,WG13M,MG231A,CG14W,CG110V,CG27I,CG226Q",0.3998023,1.2511201,3,1
"2NY7_HL_G|KG66C,EG103C,WG13M,MG231A,CG14W,CG110V,CG27I,CG226Q",0.29989544,1.338988,3,1
"2NY7_HL_G|WG13M,MG231A,CG14W,CG110V",1.1574335,1.0155332,3,1
"2NY7_HL_G|WG13M,MG231A,CG14W,CG110V,CG27I,CG226Q",0.44904727,1.0062963,3,1
"2NY7_HL_G|WG13M,MG231A,CG14W,CG110V,KG66C,EG102C",0.55101526,1.1873776,3,1
"2NY7_HL_G|WG13M,SG92T,WG181S,MG231A,CG14W,CG110V,CG27I,CG226Q",-0.3035898,0.9782185,3,1
3BN9_B_CD|DB214A,0.5662115,0.9619341,3,1
3BN9_B_CD|DB46A,0.42238826,0.14135017,3,1
3BN9_B_CD|DB47A,0.31110755,0.39057758,3,1
3BN9_B_CD|EB163A,0.37321588,0.3115657,3,1
3BN9_B_CD|FB50A,-0.044997852,0.31788957,3,1
3BN9_B_CD|FB89A,0.6392419,1.7004863,3,1
3BN9_B_CD|HB138A,0.085063316,0.81661296,3,1
3BN9_B_CD|IB26A,0.0,0.23081976,3,1
3BN9_B_CD|IB45A,0.8352155,0.10549017,3,1
3BN9_B_CD|KB221A,0.7849689,0.31263962,3,1
3BN9_B_CD|LB147A,0.33619216,-0.27870372,3,1
3BN9_B_CD|NB90A,0.7733444,0.686878,3,1
3BN9_B_CD|PD104H,2.4272547,-0.41838425,3,1
3BN9_B_CD|QB140A,0.1331048,0.33691236,3,1
3BN9_B_CD|QB168A,-0.03469869,0.042885825,3,1
3BN9_B_CD|QB169A,2.5089848,0.5132147,3,1
3BN9_B_CD|QB218A,0.70571065,-0.09197718,3,1
3BN9_B_CD|QB23A,-0.41530684,0.34346628,3,1
3BN9_B_CD|QD105V,1.2241027,-0.09451891,3,1
3BN9_B_CD|RB219A,-0.093698174,0.099383816,3,1
3BN9_B_CD|RB48A,-0.044997852,-0.2220498,3,1
3BN9_B_CD|RB51A,-0.07155777,0.1177296,3,1
3BN9_B_CD|RB82A,-0.15923285,0.1499104,3,1
3BN9_B_CD|SD30G,1.1861069,0.5373751,3,1
3BN9_B_CD|SD30N,1.145505,0.8133161,3,1
3BN9_B_CD|TB144A,0.2908351,0.24422121,3,1
3BN9_B_CD|TB93A,1.1320528,0.88945913,3,1
3BN9_B_CD|TD102Q,-0.02153644,-0.38733974,3,1
3BN9_B_CD|TD102R,-0.058294915,-0.37694255,3,1
3BN9_B_CD|TD28R,0.33290586,0.00028611533,3,1
3BN9_B_CD|YB141A,1.0846525,1.7295536,3,1
3BN9_B_CD|YB52A,0.018951595,0.6233568,3,1
3BN9_B_CD|YD103S,0.45868576,0.5623791,3,1
4GXU_ABCDEF_MN|DA189E,2.1650882,0.8382097,3,1
"4GXU_ABCDEF_MN|DA189E,DA224G",3.0102077,1.3053217,3,1
4GXU_ABCDEF_MN|DA224G,1.9608781,0.4070093,3,1
"1CZ8_HL_VW|LL4M,DH28T,HH31N,YH101H,TH105S",2.939849,0.9559244,3,2
1KIR_AB_C|SA50Y,-1.3870943,-0.6534705,3,2
1MLC_AB_E|KB65D,0.018548755,-0.031372808,3,2
1MLC_AB_E|NA32G,-0.8773867,0.2576151,3,2
"1MLC_AB_E|NA32G,NA92A",-0.6866531,0.64606214,3,2
"1MLC_AB_E|NA32G,NA92A,SB57V,TB58D",-1.7349738,0.30319992,3,2
1MLC_AB_E|NA32Y,0.0,-0.36270258,3,2
1MLC_AB_E|NA92A,-1.2533532,0.42143136,3,2
"1MLC_AB_E|NA92A,SB57V,TB58D",-2.394188,0.14682412,3,2
"1MLC_AB_E|NA92A,TB28D,SB57V,TB58D",-2.5813644,-0.081842996,3,2
"1MLC_AB_E|NA92A,TB28D,SB57V,TB58D,EB35S,GB99D",-2.9539242,0.8453771,3,2
"1MLC_AB_E|NA92A,TB28D,SB57V,TB58D,GB99D",-0.20357698,0.29523757,3,2
"1MLC_AB_E|NA92A,TB28D,SB57V,TB58D,NA32L",-2.5843081,-0.24456939,3,2
"1MLC_AB_E|NA92A,TB28D,SB57V,TB58D,RB98M,DB100Q",-0.41047263,1.202847,3,2
"1MLC_AB_E|NA92A,TB28D,SB57V,TB58D,SA91N,SA93A",-1.6104395,0.60151863,3,2
"1MLC_AB_E|NA92A,TB28D,SB57V,TB58D,SB30G",-2.3584673,-0.16492167,3,2
"1MLC_AB_E|NA92A,TB28D,SB57V,TB58D,YB32W,RB98V,DB100Q",0.36138764,1.1444806,3,2
"1MLC_AB_E|NA92A,TB28D,SB57V,TB58D,YB59E",-1.4661698,0.17289309,3,2
1MLC_AB_E|SB57A,-0.37902167,0.08112018,3,2
1MLC_AB_E|SB57V,-0.49418068,-0.28038102,3,2
"1MLC_AB_E|SB57V,TB58D",-0.9877286,-0.19850755,3,2
1MLC_AB_E|TB28D,-0.15094383,0.029071257,3,2
1MLC_AB_E|TB31A,0.44700673,0.34802127,3,2
1MLC_AB_E|TB31V,0.5262404,0.15331064,3,2
1MLC_AB_E|TB31W,0.13214268,-0.2523681,3,2
1MLC_AB_E|TB58D,-0.55968237,0.27939805,3,2
1NCA_N_LH|DH101K,0.71416,0.29972512,3,2
1NCA_N_LH|EH100D,0.41047263,0.7524909,3,2
1NCA_N_LH|NH102Q,0.5426153,0.032639038,3,2
1NCA_N_LH|NH31Q,0.0,0.062366843,3,2
1NMB_N_LH|DH57E,2.9536283,-0.018120147,3,2
1NMB_N_LH|DH57N,2.9536283,0.05353637,3,2
1NMB_N_LH|LL94V,0.9000208,-0.18010417,3,2
1NMB_N_LH|TL93F,-0.023903161,-0.0798363,3,2
1NMB_N_LH|TL93W,0.18419003,-0.37700745,3,2
1NMB_N_LH|YH103A,2.14062,0.6182238,3,2
1NMB_N_LH|YH105F,1.4194101,0.26639968,3,2
1NMB_N_LH|YL32F,0.46632215,0.5303472,3,2
1VFB_AB_C|DB100A,3.005002,0.5301463,3,2
"1VFB_AB_C|DB100A,SC24A",3.369756,1.1115863,3,2
1VFB_AB_C|DB54A,0.8151114,0.2954219,3,2
"1VFB_AB_C|DB54A,TC118A",1.2546439,1.4373022,3,2
1VFB_AB_C|DB58A,-0.20700333,0.48580256,3,2
1VFB_AB_C|DB58E,0.078081094,0.13842563,3,2
1VFB_AB_C|DB58N,-0.12818155,0.055352453,3,2
1VFB_AB_C|DC119A,0.9530879,0.8381258,3,2
1VFB_AB_C|DC18A,0.34013057,1.0851072,3,2
1VFB_AB_C|EB98A,1.1565572,1.0172695,3,2
1VFB_AB_C|GB31A,0.30646533,0.26932415,3,2
1VFB_AB_C|GB31E,-0.5097613,-0.19526297,3,2
1VFB_AB_C|GB31W,0.0039611305,-0.30724165,3,2
1VFB_AB_C|HA30A,0.84488255,0.354675,3,2
1VFB_AB_C|IC124A,1.2314179,0.25836328,3,2
1VFB_AB_C|KC116A,0.7134504,1.2645649,3,2
1VFB_AB_C|LC129A,0.17154472,0.46128723,3,2
1VFB_AB_C|NA31W,0.17432266,-0.15001401,3,2
1VFB_AB_C|NB56A,0.17771798,0.18046919,3,2
1VFB_AB_C|NC19A,0.3960868,0.6320609,3,2
1VFB_AB_C|QC121A,2.876998,0.60036933,3,2
1VFB_AB_C|RB99A,-0.099735305,1.1209252,3,2
1VFB_AB_C|RB99W,0.7049742,0.22407016,3,2
1VFB_AB_C|RB99Y,1.235379,0.26253852,3,2
1VFB_AB_C|RC125A,1.8368999,1.2843444,3,2
1VFB_AB_C|SA93A,0.34312394,0.5028832,3,2
1VFB_AB_C|SB28D,0.0,0.015242465,3,2
1VFB_AB_C|SB28E,-0.104007296,0.03449028,3,2
1VFB_AB_C|SB28N,0.14394745,0.10949412,3,2
1VFB_AB_C|SB28Q,0.078081094,0.0056828186,3,2
1VFB_AB_C|SC24A,0.850965,0.64022136,3,2
1VFB_AB_C|TA52F,0.4708752,-0.10651217,3,2
1VFB_AB_C|TA53R,1.6458516,0.0128790215,3,2
1VFB_AB_C|TB30A,-0.05584954,0.15477483,3,2
1VFB_AB_C|TC118A,0.7650957,1.1175524,3,2
1VFB_AB_C|VC120A,0.9169499,0.3412146,3,2
1VFB_AB_C|WA92A,3.037848,1.0448749,3,2
"1VFB_AB_C|WA92A,IC124A",3.8503337,0.94319946,3,2
"1VFB_AB_C|WA92A,LC129A",3.3073628,1.2798833,3,2
"1VFB_AB_C|WA92A,QC121A",3.5189366,1.4562473,3,2
"1VFB_AB_C|WA92A,RC125A",3.3932896,2.8346627,3,2
1VFB_AB_C|WB52A,0.6406274,1.6120075,3,2
"1VFB_AB_C|WB52A,DC119A",2.2473724,2.3187447,3,2
1VFB_AB_C|YA32A,1.5281335,1.0305136,3,2
"1VFB_AB_C|YA32A,IC124A",2.9057157,1.3240906,3,2
"1VFB_AB_C|YA32A,QC121A",1.586041,1.8557956,3,2
1VFB_AB_C|YA49A,0.79754156,0.5985744,3,2
1VFB_AB_C|YA50A,0.456086,1.007949,3,2
"1VFB_AB_C|YA50A,DC119A",1.2314179,1.7778206,3,2
"1VFB_AB_C|YA50A,DC18A",1.265924,2.1788538,3,2
1VFB_AB_C|YA50K,1.7156012,0.5719016,3,2
1VFB_AB_C|YA50R,0.8443241,0.4823816,3,2
1VFB_AB_C|YB101F,1.2695644,0.48930183,3,2
"1VFB_AB_C|YB101F,DC119A",2.736521,1.3005893,3,2
"1VFB_AB_C|YB101F,VC120A",2.5384777,0.5940676,3,2
1VFB_AB_C|YB32A,0.7916793,0.82167655,3,2
"1VFB_AB_C|YB32A,KC116A",1.586041,1.9297863,3,2
1VFB_AB_C|YB32E,1.9021881,0.32889178,3,2
1VFB_AB_C|YC23A,0.41047263,1.1664615,3,2
1XGP_AB_C|AB33F,-4.0,-1.2476528,3,2
1XGP_AB_C|AB33I,-2.260207,-0.99829817,3,2
1XGP_AB_C|AB33L,-2.1988916,-0.92024875,3,2
1XGP_AB_C|AB33V,-1.1525793,-0.83382756,3,2
2JEL_LH_P|AP82S,0.0,-0.15275428,3,2
2JEL_LH_P|DP69E,0.9530879,0.22126403,3,2
2JEL_LH_P|EP5D,0.41047263,0.38531497,3,2
2JEL_LH_P|EP5Q,0.7129768,0.23777652,3,2
2JEL_LH_P|EP68A,0.41047263,0.42297956,3,2
2JEL_LH_P|EP75R,2.727121,-0.06896412,3,2
2JEL_LH_P|EP83A,0.0,0.64975685,3,2
2JEL_LH_P|EP85A,0.0,0.51992184,3,2
2JEL_LH_P|EP85D,0.0,0.22645569,3,2
2JEL_LH_P|EP85K,0.0,0.05354598,3,2
2JEL_LH_P|EP85Q,0.0,0.14564547,3,2
2JEL_LH_P|FP2W,2.6191528,-0.11864541,3,2
2JEL_LH_P|FP2Y,0.0,-0.18513525,3,2
2JEL_LH_P|HP76A,-0.41047263,0.2071752,3,2
2JEL_LH_P|HP76D,-0.65058374,-0.17877346,3,2
2JEL_LH_P|KP24E,0.0,0.22010833,3,2
2JEL_LH_P|KP27E,0.0,0.5797815,3,2
2JEL_LH_P|KP72E,0.41047263,-0.1515246,3,2
2JEL_LH_P|KP72R,0.0,-0.06638604,3,2
2JEL_LH_P|KP79E,0.41047263,0.02651035,3,2
2JEL_LH_P|NP12D,0.0,0.040512733,3,2
2JEL_LH_P|NP38T,0.0,0.6967915,3,2
2JEL_LH_P|PP11E,0.0,-0.055239715,3,2
2JEL_LH_P|QP3K,4.0,0.038702387,3,2
2JEL_LH_P|QP4K,1.3635606,-0.15087426,3,2
2JEL_LH_P|QP57E,-0.41047263,0.055047993,3,2
2JEL_LH_P|QP71E,2.727121,0.055505425,3,2
2JEL_LH_P|RP17G,0.0,0.27327734,3,2
2JEL_LH_P|RP17K,0.0,0.15143517,3,2
2JEL_LH_P|SP41C,1.4957032,0.22570553,3,2
2JEL_LH_P|SP43C,0.0,0.31113055,3,2
2JEL_LH_P|SP46C,0.0,0.24156722,3,2
2JEL_LH_P|SP64T,4.0,0.027800307,3,2
2JEL_LH_P|TP34Q,0.0,-0.07691308,3,2
2JEL_LH_P|TP36Q,0.41047263,-0.24593967,3,2
2JEL_LH_P|TP62A,0.0,0.32567304,3,2
2JEL_LH_P|TP62N,0.0,0.24458021,3,2
2JEL_LH_P|TP7N,0.41047263,0.17931908,3,2
2JEL_LH_P|TP7S,0.0,0.1393348,3,2
2JEL_LH_P|VP6F,0.0,-0.42304593,3,2
"2NY7_HL_G|CG27I,CG226Q",0.19971907,-0.5288597,3,2
"2NY7_HL_G|CG27I,CG226Q,MG231A",0.20319231,-0.49158907,3,2
"2NY7_HL_G|GG229C,MG231A",-0.37879732,0.5623647,3,2
"2NY7_HL_G|GG229C,WG13M,MG231A,CG14W,CG110V,CG27I,CG226Q",0.21462485,-1.3651062,3,2
"2NY7_HL_G|KG66C,EG102C,CG27I,CG226Q",0.04085667,-0.024555124,3,2
"2NY7_HL_G|KG66C,EG102C,WG13M,MG231A,CG14W,CG110V,CG27I,CG226Q",0.3998023,-0.9937601,3,2
"2NY7_HL_G|KG66C,EG103C,WG13M,MG231A,CG14W,CG110V,CG27I,CG226Q",0.29989544,-0.85978925,3,2
"2NY7_HL_G|WG13M,MG231A,CG14W,CG110V",1.1574335,-0.23971006,3,2
"2NY7_HL_G|WG13M,MG231A,CG14W,CG110V,CG27I,CG226Q",0.44904727,-1.4038727,3,2
"2NY7_HL_G|WG13M,MG231A,CG14W,CG110V,KG66C,EG102C",0.55101526,0.47470534,3,2
"2NY7_HL_G|WG13M,SG92T,WG181S,MG231A,CG14W,CG110V,CG27I,CG226Q",-0.3035898,-0.93433774,3,2
3BN9_B_CD|DB214A,0.5662115,0.889549,3,2
3BN9_B_CD|DB46A,0.42238826,0.43007687,3,2
3BN9_B_CD|DB47A,0.31110755,0.5204071,3,2
3BN9_B_CD|EB163A,0.37321588,0.8157801,3,2
3BN9_B_CD|FB50A,-0.044997852,1.0036647,3,2
3BN9_B_CD|FB89A,0.6392419,1.3950952,3,2
3BN9_B_CD|HB138A,0.085063316,0.21957073,3,2
3BN9_B_CD|IB26A,0.0,0.77211446,3,2
3BN9_B_CD|IB45A,0.8352155,0.3464845,3,2
3BN9_B_CD|KB221A,0.7849689,0.52142185,3,2
3BN9_B_CD|LB147A,0.33619216,0.089762166,3,2
3BN9_B_CD|NB90A,0.7733444,0.5914627,3,2
3BN9_B_CD|PD104H,2.4272547,-0.15473089,3,2
3BN9_B_CD|QB140A,0.1331048,0.31292868,3,2
3BN9_B_CD|QB168A,-0.03469869,0.2902644,3,2
3BN9_B_CD|QB169A,2.5089848,0.96905595,3,2
3BN9_B_CD|QB218A,0.70571065,0.38602918,3,2
3BN9_B_CD|QB23A,-0.41530684,0.7800026,3,2
3BN9_B_CD|QD105V,1.2241027,-0.030721627,3,2
3BN9_B_CD|RB219A,-0.093698174,0.37773737,3,2
3BN9_B_CD|RB48A,-0.044997852,0.82348174,3,2
3BN9_B_CD|RB51A,-0.07155777,0.6315721,3,2
3BN9_B_CD|RB82A,-0.15923285,0.3144987,3,2
3BN9_B_CD|SD30G,1.1861069,0.18155384,3,2
3BN9_B_CD|SD30N,1.145505,0.16529477,3,2
3BN9_B_CD|TB144A,0.2908351,0.29957822,3,2
3BN9_B_CD|TB93A,1.1320528,0.5416884,3,2
3BN9_B_CD|TD102Q,-0.02153644,-0.20198047,3,2
3BN9_B_CD|TD102R,-0.058294915,-0.38769615,3,2
3BN9_B_CD|TD28R,0.33290586,-0.03998805,3,2
3BN9_B_CD|YB141A,1.0846525,1.5132217,3,2
3BN9_B_CD|YB52A,0.018951595,0.8806857,3,2
3BN9_B_CD|YD103S,0.45868576,0.5704787,3,2
4GXU_ABCDEF_MN|DA189E,2.1650882,0.3138091,3,2
"4GXU_ABCDEF_MN|DA189E,DA224G",3.0102077,0.42662328,3,2
4GXU_ABCDEF_MN|DA224G,1.9608781,0.03430681,3,2
"1JRH_LH_I|AI49S,II51T,HI55D",0.070675574,-0.0075295046,4,0
"1JRH_LH_I|AI85D,KI88R,EI90K",-0.047747865,-0.23466048,4,0
"1JRH_LH_I|AI93L,VI94M",0.63366294,0.08000395,4,0
1JRH_LH_I|DH56A,1.8860998,0.07147365,4,0
1JRH_LH_I|DH57A,1.6660647,0.23734885,4,0
1JRH_LH_I|DH58A,1.8546488,-0.1441443,4,0
1JRH_LH_I|DL28A,0.43464687,0.09307459,4,0
1JRH_LH_I|EI35Q,0.09956847,0.08810239,4,0
1JRH_LH_I|EI45A,-0.5657849,-0.02293184,4,0
1JRH_LH_I|EI45P,-3.7881775,-0.20324793,4,0
"1JRH_LH_I|EI45P,II47L",-3.4567804,-0.060475975,4,0
"1JRH_LH_I|EI45P,II47R",-3.4400978,-0.038795173,4,0
1JRH_LH_I|EL27A,0.5426153,-0.08878598,4,0
1JRH_LH_I|FH103A,0.0,0.08927308,4,0
1JRH_LH_I|GI40A,4.0,0.17935473,4,0
1JRH_LH_I|HH107A,1.6977708,0.2321554,4,0
"1JRH_LH_I|II25N,PI27S,VI29T,VI31I",0.14370596,0.042904243,4,0
1JRH_LH_I|KI37A,3.713863,0.26022375,4,0
1JRH_LH_I|KI37M,3.2923293,0.16430351,4,0
1JRH_LH_I|KI42A,3.3858175,0.037799574,4,0
1JRH_LH_I|KI42M,4.0,0.006830875,4,0
1JRH_LH_I|KI88A,0.31209365,0.20355251,4,0
"1JRH_LH_I|MI15L,II18V",-0.21360606,0.039091893,4,0
1JRH_LH_I|NI38A,0.1704579,0.0077171996,4,0
1JRH_LH_I|NI38Q,0.5344714,-0.01537405,4,0
1JRH_LH_I|NI43A,4.0,-0.0041196756,4,0
1JRH_LH_I|NI69A,-0.19953421,-0.099357516,4,0
1JRH_LH_I|RH100A,0.5426153,0.20446965,4,0
1JRH_LH_I|RI74A,0.3926171,0.34887722,4,0
1JRH_LH_I|SI44A,0.37771076,0.048287038,4,0
"1JRH_LH_I|SI44G,EI45G,II47R",-3.3777049,0.30092755,4,0
"1JRH_LH_I|SI44G,EI45P,II47K",-3.884419,0.20056161,4,0
"1JRH_LH_I|SI61Y,DI62E,HI63Q,VI64I,GI65M,DI66Y,SI68D,NI69V,LI71A",2.9588323,0.78779984,4,0
1JRH_LH_I|SL93A,-0.65058374,-0.06954615,4,0
1JRH_LH_I|TI4V,-0.025565991,-0.11882736,4,0
"1JRH_LH_I|TI9L,EI11K",-0.025565991,-0.058666885,4,0
1JRH_LH_I|TL94A,0.38526937,0.02085298,4,0
1JRH_LH_I|VI41A,1.6791569,-0.011885688,4,0
"1JRH_LH_I|VI73A,RI78K",-0.21360606,0.35763755,4,0
1JRH_LH_I|WH54A,2.6862645,0.42747498,4,0
1JRH_LH_I|WH55A,2.4213178,0.33741987,4,0
1JRH_LH_I|WI46F,-0.25261214,0.13822705,4,0
1JRH_LH_I|WI46Y,0.29852974,0.11392272,4,0
1JRH_LH_I|WI72A,4.0,0.18745768,4,0
1JRH_LH_I|WI72F,1.102707,0.022534939,4,0
1JRH_LH_I|WI72Y,1.1878273,0.0071883947,4,0
1JRH_LH_I|WL92A,2.818407,0.07873963,4,0
1JRH_LH_I|WL95A,1.6660647,0.084916234,4,0
1JRH_LH_I|YH104A,1.0610564,0.3337284,4,0
1JRH_LH_I|YH32A,1.4333102,0.3782854,4,0
1JRH_LH_I|YH60A,1.2555921,0.32272285,4,0
1JRH_LH_I|YI39A,3.5271235,0.3577821,4,0
1JRH_LH_I|YI39F,0.9087807,0.2381099,4,0
1JRH_LH_I|YL30A,1.1084566,0.12239863,4,0
1JRH_LH_I|YL91A,0.58083415,0.11158236,4,0
1KIQ_AB_C|FB101Y,-2.4949589,0.35061488,4,0
1XGR_AB_C|IB33A,2.260207,0.2645339,4,0
1XGR_AB_C|IB33F,-1.8004549,0.12401408,4,0
1XGR_AB_C|IB33L,0.061315425,0.17106056,4,0
1XGR_AB_C|IB33V,1.1076277,0.25469318,4,0
2BDN_HL_A|DH31E,1.0852306,-0.09259125,4,0
2BDN_HL_A|LH27K,0.8740124,-0.047904193,4,0
2BDN_HL_A|LH27R,0.65058374,-0.05733235,4,0
2BDN_HL_A|NH28D,0.13214268,-0.1444947,4,0
2BDN_HL_A|NH28Q,1.3994616,-0.108761325,4,0
2BDN_HL_A|NL31K,3.4897714,0.12601736,4,0
2BDN_HL_A|NL31R,-0.9171868,0.11322467,4,0
2BDN_HL_A|SL53D,-0.1605731,-0.18926643,4,0
2BDN_HL_A|SL53E,-0.85132045,-0.23857746,4,0
2BDN_HL_A|TL56D,-0.4254655,0.017868496,4,0
2BDN_HL_A|TL56E,-0.6888026,-0.0023557022,4,0
2BDN_HL_A|YL30K,0.67475796,0.014036877,4,0
2NYY_DC_A|DA1030A,0.009336901,0.047227696,4,0
2NYY_DC_A|DA1034A,2.5297937,-0.08754013,4,0
2NYY_DC_A|DC30Y,0.64113563,-0.1962955,4,0
2NYY_DC_A|EA892A,2.839132,0.037143156,4,0
2NYY_DC_A|ED5Q,-0.2479871,-0.021018434,4,0
2NYY_DC_A|FA889A,0.4193659,0.16762689,4,0
2NYY_DC_A|FA925A,4.0,0.15135695,4,0
2NYY_DC_A|HA1036A,4.0,0.14183465,4,0
2NYY_DC_A|HC34R,0.10088469,0.18883385,4,0
2NYY_DC_A|IA928A,-0.009487502,0.045655087,4,0
2NYY_DC_A|KA1028A,-0.028934313,0.09673436,4,0
2NYY_DC_A|KA875A,0.29098648,-0.025975965,4,0
2NYY_DC_A|KA895A,-0.14014584,0.055324562,4,0
2NYY_DC_A|KD29R,0.071385965,-0.03657119,4,0
"2NYY_DC_A|KD29S,YD30D,DD31H,SD60P",0.04961051,0.1796197,4,0
2NYY_DC_A|LA891A,2.5892105,0.20902942,4,0
2NYY_DC_A|MD33Q,-0.059869844,0.072567664,4,0
2NYY_DC_A|NA890A,0.89044046,-0.11997551,4,0
2NYY_DC_A|NA926A,0.09934822,0.09213963,4,0
2NYY_DC_A|QA887A,0.5208145,0.16395351,4,0
2NYY_DC_A|RA1033A,0.82012254,0.1362246,4,0
2NYY_DC_A|RA1266A,0.2995321,0.13679227,4,0
2NYY_DC_A|SA874A,-0.23032175,-0.11211881,4,0
2NYY_DC_A|SA927A,0.0,-0.07249517,4,0
2NYY_DC_A|SC28Q,0.4133828,-0.09029558,4,0
2NYY_DC_A|SC31N,-0.35338265,-0.14213416,4,0
2NYY_DC_A|TA1035A,1.630871,0.041538365,4,0
2NYY_DC_A|VD36I,-0.21317148,-0.054168567,4,0
"2NYY_DC_A|VD36I,ED5Q",-0.0490461,-0.3079825,4,0
2NYY_DC_A|YD30D,0.06462482,0.029982552,4,0
2NYY_DC_A|YD30Q,0.12897444,-0.007426508,4,0
2NYY_DC_A|YD56Q,0.5196862,-0.041487604,4,0
2NZ9_DC_A|DA1030A,-0.031082604,0.07652849,4,0
2NZ9_DC_A|DA1034A,2.3396032,-0.12836953,4,0
2NZ9_DC_A|EA892A,2.77036,0.048800044,4,0
2NZ9_DC_A|FA889A,-0.04961051,0.18817815,4,0
2NZ9_DC_A|FA925A,3.340439,0.1807448,4,0
2NZ9_DC_A|HA1036A,4.0,0.10031088,4,0
2NZ9_DC_A|IA928A,0.069281444,0.0544004,4,0
2NZ9_DC_A|KA1028A,-0.008714417,0.023186617,4,0
2NZ9_DC_A|KA875A,0.5407011,-0.1353476,4,0
2NZ9_DC_A|KA895A,-0.29975358,0.0035969429,4,0
2NZ9_DC_A|LA891A,2.279965,0.1969584,4,0
2NZ9_DC_A|NA890A,2.1600318,-0.11701113,4,0
2NZ9_DC_A|NA926A,-0.15216734,0.11438915,4,0
2NZ9_DC_A|QA887A,0.09926054,0.1802681,4,0
2NZ9_DC_A|RA1033A,0.29088098,0.14426339,4,0
2NZ9_DC_A|RA1266A,0.39015788,0.12531248,4,0
2NZ9_DC_A|SA874A,-0.11948046,-0.15531278,4,0
2NZ9_DC_A|SA927A,-0.078544825,-0.037218206,4,0
"2NZ9_DC_A|SD29K,DD30Y,HD31D",-0.04961051,-0.07527134,4,0
2NZ9_DC_A|TA1035A,2.3703818,0.054489374,4,0
2VIS_AB_C|IC89T,-4.0,0.102380276,4,0
"3BE1_HL_A|DL28N,PL30A,RL31K,SL32T,TL97S,TL98S",-0.6860794,-0.1892843,4,0
"3BE1_HL_A|DL28N,PL30A,RL31K,SL32T,TL97S,TL98S,KH30S,DH31G,TH54S,NH55E,GH100V,DH102V",-2.7728782,-0.290223,4,0
"3BE1_HL_A|DL28N,PL30A,RL31K,SL32T,TL97S,TL98S,KH30S,DH31G,TH54S,NH55E,GH100V,DH102V,YL36A",-3.190238,-0.07792823,4,0
"3BE1_HL_A|DL28N,PL30A,RL31K,SL32T,TL97S,TL98S,KH30S,DH31G,TH54S,NH55E,GH100V,DH102V,YL36A,IL33A",-2.7728782,0.077435315,4,0
"3BE1_HL_A|DL28N,PL30A,RL31K,SL32T,YL57F,TL97S,TL98S",-0.8683455,-0.27806333,4,0
"3BE1_HL_A|DL28N,PL30A,RL31K,SL32T,YL57F,TL97S,TL98S,KH30S,DH31G,TH54S,NH55E,GH100V,DH102V",-2.8824897,-0.40408015,4,0
3LZF_AB_HL|DA187E,0.49836498,0.087535284,4,0
"3LZF_AB_HL|DA187E,DA222G",0.12738612,0.075593635,4,0
3LZF_AB_HL|DA222G,0.5378587,0.12828952,4,0
3NGB_HL_G|AH57G,-0.056030333,-0.20918122,4,0
"3NGB_HL_G|AH57G,VH58T,PH63K,VH74T",1.6734211,-0.01690508,4,0
"3NGB_HL_G|CH32S,CH102A",0.25899792,0.12826154,4,0
3NGB_HL_G|DH103A,0.05987142,0.038833916,4,0
3NGB_HL_G|EL88A,1.3199503,0.10912743,4,0
3NGB_HL_G|FL89A,0.85886127,0.07869032,4,0
3NGB_HL_G|GH55A,-1.2766591,-0.14170535,4,0
3NGB_HL_G|GH55S,0.74304354,-0.0128299035,4,0
3NGB_HL_G|GH56A,1.2656107,0.03701039,4,0
3NGB_HL_G|IH30A,-0.0027431613,0.08381086,4,0
3NGB_HL_G|IH30T,0.0733938,0.1421998,4,0
"3NGB_HL_G|IH30T,KH52N,RH54N,GH55S,AH57G,VH58T,RH62Q,PH63K,VH74T,YH75S,YL26S",0.86214453,1.4529269,4,0
3NGB_HL_G|KH52A,0.62288266,0.15989286,4,0
3NGB_HL_G|KH52N,0.17497002,0.16834587,4,0
3NGB_HL_G|MH70A,0.5305512,0.11207856,4,0
3NGB_HL_G|NH105A,1.1185741,0.22274701,4,0
3NGB_HL_G|NH59A,1.7671243,0.16671178,4,0
3NGB_HL_G|PH63A,-0.04252045,-0.12235238,4,0
3NGB_HL_G|PH63K,0.23252328,-0.20407683,4,0
3NGB_HL_G|QH65A,-0.34038836,-0.018167306,4,0
3NGB_HL_G|QL25A,-0.23060839,-0.018835116,4,0
3NGB_HL_G|RH54A,-0.25938424,0.09201211,4,0
3NGB_HL_G|RH54N,0.04645046,0.1730986,4,0
3NGB_HL_G|RH62A,0.9958448,0.14808664,4,0
3NGB_HL_G|RH62Q,0.09654992,0.08400335,4,0
3NGB_HL_G|RH72A,1.6432176,0.08527678,4,0
3NGB_HL_G|SL28A,-0.14471176,0.051643975,4,0
3NGB_HL_G|TH33A,0.7071634,0.22535113,4,0
3NGB_HL_G|TH33Y,0.084193856,0.06036803,4,0
"3NGB_HL_G|TH33Y,GH56S,AH57G,VH58T,PH63K,VH74T,YH75S",1.9381938,0.22855112,4,0
3NGB_HL_G|VH58A,1.3584284,0.28844354,4,0
3NGB_HL_G|VH58T,0.13787223,0.28115618,4,0
3NGB_HL_G|VH74A,1.087914,0.046369087,4,0
3NGB_HL_G|VH74T,0.16493925,0.059686054,4,0
3NGB_HL_G|VL1A,-0.7733632,-0.011876788,4,0
3NGB_HL_G|WH106A,4.0,0.22494125,4,0
3NGB_HL_G|WH47A,1.2021707,0.23064153,4,0
3NGB_HL_G|WH50A,1.2917941,0.40584975,4,0
3NGB_HL_G|YH104A,1.4235861,-0.013534147,4,0
3NGB_HL_G|YH60A,0.5484263,0.115165144,4,0
3NGB_HL_G|YH75A,-0.19932224,0.1728138,4,0
3NGB_HL_G|YH75S,0.3325709,0.22970612,4,0
3NGB_HL_G|YL26A,0.98528093,0.003010966,4,0
3NGB_HL_G|YL26S,0.6512687,0.04064565,4,0
3NGB_HL_G|YL87A,2.0227883,0.03166248,4,0
4JPK_HL_A|DA141R,3.857323,-0.20872088,4,0
"4JPK_HL_A|DA159N,DA33N",0.6189681,0.1114306,4,0
4JPK_HL_A|FA144I,1.3875175,0.05931429,4,0
4JPK_HL_A|FA63L,1.1672868,0.23638506,4,0
4JPK_HL_A|RA130K,0.23006605,-0.06579519,4,0
4JPK_HL_A|RA81T,0.75870305,0.14157361,4,0
4JPK_HL_A|SA41G,2.151695,-0.046866387,4,0
4JPK_HL_A|TA35S,-0.032093357,0.06264009,4,0
4JPK_HL_A|VA30N,0.59459484,-0.09530899,4,0
"1JRH_LH_I|AI49S,II51T,HI55D",0.070675574,0.00020314008,4,1
"1JRH_LH_I|AI85D,KI88R,EI90K",-0.047747865,-0.24297254,4,1
"1JRH_LH_I|AI93L,VI94M",0.63366294,-0.13956653,4,1
1JRH_LH_I|DH56A,1.8860998,1.8155227,4,1
1JRH_LH_I|DH57A,1.6660647,0.93822443,4,1
1JRH_LH_I|DH58A,1.8546488,0.89265174,4,1
1JRH_LH_I|DL28A,0.43464687,1.2092361,4,1
1JRH_LH_I|EI35Q,0.09956847,0.128843,4,1
1JRH_LH_I|EI45A,-0.5657849,0.35193115,4,1
1JRH_LH_I|EI45P,-3.7881775,0.23410955,4,1
"1JRH_LH_I|EI45P,II47L",-3.4567804,0.43016744,4,1
"1JRH_LH_I|EI45P,II47R",-3.4400978,0.303513,4,1
1JRH_LH_I|EL27A,0.5426153,1.1524017,4,1
1JRH_LH_I|FH103A,0.0,0.37651232,4,1
1JRH_LH_I|GI40A,4.0,0.6823601,4,1
1JRH_LH_I|HH107A,1.6977708,0.72751063,4,1
"1JRH_LH_I|II25N,PI27S,VI29T,VI31I",0.14370596,-0.9083492,4,1
1JRH_LH_I|KI37A,3.713863,0.60074306,4,1
1JRH_LH_I|KI37M,3.2923293,-0.16794282,4,1
1JRH_LH_I|KI42A,3.3858175,0.27826786,4,1
1JRH_LH_I|KI42M,4.0,-0.097159386,4,1
1JRH_LH_I|KI88A,0.31209365,0.023778703,4,1
"1JRH_LH_I|MI15L,II18V",-0.21360606,0.23450541,4,1
1JRH_LH_I|NI38A,0.1704579,0.7657422,4,1
1JRH_LH_I|NI38Q,0.5344714,-0.01597827,4,1
1JRH_LH_I|NI43A,4.0,0.64270204,4,1
1JRH_LH_I|NI69A,-0.19953421,0.5699606,4,1
1JRH_LH_I|RH100A,0.5426153,2.0458446,4,1
1JRH_LH_I|RI74A,0.3926171,0.8377034,4,1
1JRH_LH_I|SI44A,0.37771076,0.74453837,4,1
"1JRH_LH_I|SI44G,EI45G,II47R",-3.3777049,-0.1264478,4,1
"1JRH_LH_I|SI44G,EI45P,II47K",-3.884419,0.17807457,4,1
"1JRH_LH_I|SI61Y,DI62E,HI63Q,VI64I,GI65M,DI66Y,SI68D,NI69V,LI71A",2.9588323,0.8764044,4,1
1JRH_LH_I|SL93A,-0.65058374,0.63862723,4,1
1JRH_LH_I|TI4V,-0.025565991,0.1366974,4,1
"1JRH_LH_I|TI9L,EI11K",-0.025565991,0.20622678,4,1
1JRH_LH_I|TL94A,0.38526937,0.31553409,4,1
1JRH_LH_I|VI41A,1.6791569,0.38371935,4,1
"1JRH_LH_I|VI73A,RI78K",-0.21360606,0.27581832,4,1
1JRH_LH_I|WH54A,2.6862645,2.6190746,4,1
1JRH_LH_I|WH55A,2.4213178,0.8884417,4,1
1JRH_LH_I|WI46F,-0.25261214,0.19765362,4,1
1JRH_LH_I|WI46Y,0.29852974,-0.081636235,4,1
1JRH_LH_I|WI72A,4.0,0.83537793,4,1
1JRH_LH_I|WI72F,1.102707,0.22634774,4,1
1JRH_LH_I|WI72Y,1.1878273,-0.048214648,4,1
1JRH_LH_I|WL92A,2.818407,0.6702952,4,1
1JRH_LH_I|WL95A,1.6660647,0.5398554,4,1
1JRH_LH_I|YH104A,1.0610564,1.4845883,4,1
1JRH_LH_I|YH32A,1.4333102,1.2951217,4,1
1JRH_LH_I|YH60A,1.2555921,2.1139944,4,1
1JRH_LH_I|YI39A,3.5271235,1.1271712,4,1
1JRH_LH_I|YI39F,0.9087807,0.5439236,4,1
1JRH_LH_I|YL30A,1.1084566,0.98813367,4,1
1JRH_LH_I|YL91A,0.58083415,2.1177146,4,1
1KIQ_AB_C|FB101Y,-2.4949589,-0.76189005,4,1
1XGR_AB_C|IB33A,2.260207,2.011389,4,1
1XGR_AB_C|IB33F,-1.8004549,-0.44072846,4,1
1XGR_AB_C|IB33L,0.061315425,0.3057741,4,1
1XGR_AB_C|IB33V,1.1076277,1.3287597,4,1
2BDN_HL_A|DH31E,1.0852306,0.06568749,4,1
2BDN_HL_A|LH27K,0.8740124,0.046780776,4,1
2BDN_HL_A|LH27R,0.65058374,-0.18447372,4,1
2BDN_HL_A|NH28D,0.13214268,-0.20118538,4,1
2BDN_HL_A|NH28Q,1.3994616,0.16813147,4,1
2BDN_HL_A|NL31K,3.4897714,0.42816463,4,1
2BDN_HL_A|NL31R,-0.9171868,0.17593127,4,1
2BDN_HL_A|SL53D,-0.1605731,-0.13274261,4,1
2BDN_HL_A|SL53E,-0.85132045,-0.20134911,4,1
2BDN_HL_A|TL56D,-0.4254655,-0.30276114,4,1
2BDN_HL_A|TL56E,-0.6888026,-0.2976626,4,1
2BDN_HL_A|YL30K,0.67475796,1.097135,4,1
2NYY_DC_A|DA1030A,0.009336901,1.0327785,4,1
2NYY_DC_A|DA1034A,2.5297937,0.5433423,4,1
2NYY_DC_A|DC30Y,0.64113563,-0.05459029,4,1
2NYY_DC_A|EA892A,2.839132,1.0543154,4,1
2NYY_DC_A|ED5Q,-0.2479871,0.20664267,4,1
2NYY_DC_A|FA889A,0.4193659,0.82497346,4,1
2NYY_DC_A|FA925A,4.0,0.7896152,4,1
2NYY_DC_A|HA1036A,4.0,0.7557261,4,1
2NYY_DC_A|HC34R,0.10088469,0.11219518,4,1
2NYY_DC_A|IA928A,-0.009487502,0.9579642,4,1
2NYY_DC_A|KA1028A,-0.028934313,1.0733638,4,1
2NYY_DC_A|KA875A,0.29098648,0.37597618,4,1
2NYY_DC_A|KA895A,-0.14014584,0.8110842,4,1
2NYY_DC_A|KD29R,0.071385965,-0.10846713,4,1
"2NYY_DC_A|KD29S,YD30D,DD31H,SD60P",0.04961051,0.26398796,4,1
2NYY_DC_A|LA891A,2.5892105,1.0359789,4,1
2NYY_DC_A|MD33Q,-0.059869844,-0.042918656,4,1
2NYY_DC_A|NA890A,0.89044046,0.9177426,4,1
2NYY_DC_A|NA926A,0.09934822,0.41301394,4,1
2NYY_DC_A|QA887A,0.5208145,0.9050079,4,1
2NYY_DC_A|RA1033A,0.82012254,0.3680269,4,1
2NYY_DC_A|RA1266A,0.2995321,1.001817,4,1
2NYY_DC_A|SA874A,-0.23032175,0.42727405,4,1
2NYY_DC_A|SA927A,0.0,0.80399436,4,1
2NYY_DC_A|SC28Q,0.4133828,-0.34948337,4,1
2NYY_DC_A|SC31N,-0.35338265,-0.0038353065,4,1
2NYY_DC_A|TA1035A,1.630871,0.3018718,4,1
2NYY_DC_A|VD36I,-0.21317148,-0.42664427,4,1
"2NYY_DC_A|VD36I,ED5Q",-0.0490461,0.090818584,4,1
2NYY_DC_A|YD30D,0.06462482,0.20716004,4,1
2NYY_DC_A|YD30Q,0.12897444,0.29018095,4,1
2NYY_DC_A|YD56Q,0.5196862,0.03683953,4,1
2NZ9_DC_A|DA1030A,-0.031082604,0.9857285,4,1
2NZ9_DC_A|DA1034A,2.3396032,0.3744144,4,1
2NZ9_DC_A|EA892A,2.77036,1.2756233,4,1
2NZ9_DC_A|FA889A,-0.04961051,0.94172084,4,1
2NZ9_DC_A|FA925A,3.340439,0.6948483,4,1
2NZ9_DC_A|HA1036A,4.0,0.5601004,4,1
2NZ9_DC_A|IA928A,0.069281444,0.7990538,4,1
2NZ9_DC_A|KA1028A,-0.008714417,1.0037279,4,1
2NZ9_DC_A|KA875A,0.5407011,0.45587534,4,1
2NZ9_DC_A|KA895A,-0.29975358,0.7828651,4,1
2NZ9_DC_A|LA891A,2.279965,0.99846876,4,1
2NZ9_DC_A|NA890A,2.1600318,0.8099251,4,1
2NZ9_DC_A|NA926A,-0.15216734,0.35376588,4,1
2NZ9_DC_A|QA887A,0.09926054,0.83942884,4,1
2NZ9_DC_A|RA1033A,0.29088098,0.32268417,4,1
2NZ9_DC_A|RA1266A,0.39015788,0.7947052,4,1
2NZ9_DC_A|SA874A,-0.11948046,0.29385164,4,1
2NZ9_DC_A|SA927A,-0.078544825,0.8037008,4,1
"2NZ9_DC_A|SD29K,DD30Y,HD31D",-0.04961051,-0.18650681,4,1
2NZ9_DC_A|TA1035A,2.3703818,0.34276855,4,1
2VIS_AB_C|IC89T,-4.0,-0.2704672,4,1
"3BE1_HL_A|DL28N,PL30A,RL31K,SL32T,TL97S,TL98S",-0.6860794,-1.0356549,4,1
"3BE1_HL_A|DL28N,PL30A,RL31K,SL32T,TL97S,TL98S,KH30S,DH31G,TH54S,NH55E,GH100V,DH102V",-2.7728782,-2.237475,4,1
"3BE1_HL_A|DL28N,PL30A,RL31K,SL32T,TL97S,TL98S,KH30S,DH31G,TH54S,NH55E,GH100V,DH102V,YL36A",-3.190238,-2.2108324,4,1
"3BE1_HL_A|DL28N,PL30A,RL31K,SL32T,TL97S,TL98S,KH30S,DH31G,TH54S,NH55E,GH100V,DH102V,YL36A,IL33A",-2.7728782,-1.9743236,4,1
"3BE1_HL_A|DL28N,PL30A,RL31K,SL32T,YL57F,TL97S,TL98S",-0.8683455,-0.6938996,4,1
"3BE1_HL_A|DL28N,PL30A,RL31K,SL32T,YL57F,TL97S,TL98S,KH30S,DH31G,TH54S,NH55E,GH100V,DH102V",-2.8824897,-2.1060073,4,1
3LZF_AB_HL|DA187E,0.49836498,-0.26404157,4,1
"3LZF_AB_HL|DA187E,DA222G",0.12738612,-0.02293295,4,1
3LZF_AB_HL|DA222G,0.5378587,-0.26212573,4,1
3NGB_HL_G|AH57G,-0.056030333,-0.2502289,4,1
"3NGB_HL_G|AH57G,VH58T,PH63K,VH74T",1.6734211,0.03133973,4,1
"3NGB_HL_G|CH32S,CH102A",0.25899792,0.07758136,4,1
3NGB_HL_G|DH103A,0.05987142,0.44372624,4,1
3NGB_HL_G|EL88A,1.3199503,0.31767622,4,1
3NGB_HL_G|FL89A,0.85886127,1.0080649,4,1
3NGB_HL_G|GH55A,-1.2766591,0.20430622,4,1
3NGB_HL_G|GH55S,0.74304354,0.22208658,4,1
3NGB_HL_G|GH56A,1.2656107,0.52988285,4,1
3NGB_HL_G|IH30A,-0.0027431613,0.5845031,4,1
3NGB_HL_G|IH30T,0.0733938,-0.31138906,4,1
"3NGB_HL_G|IH30T,KH52N,RH54N,GH55S,AH57G,VH58T,RH62Q,PH63K,VH74T,YH75S,YL26S",0.86214453,0.6018725,4,1
3NGB_HL_G|KH52A,0.62288266,0.88865536,4,1
3NGB_HL_G|KH52N,0.17497002,-0.25067368,4,1
3NGB_HL_G|MH70A,0.5305512,1.1392691,4,1
3NGB_HL_G|NH105A,1.1185741,0.1156303,4,1
3NGB_HL_G|NH59A,1.7671243,1.0145898,4,1
3NGB_HL_G|PH63A,-0.04252045,-0.07885891,4,1
3NGB_HL_G|PH63K,0.23252328,-0.2870818,4,1
3NGB_HL_G|QH65A,-0.34038836,0.77005583,4,1
3NGB_HL_G|QL25A,-0.23060839,0.6639446,4,1
3NGB_HL_G|RH54A,-0.25938424,0.6451511,4,1
3NGB_HL_G|RH54N,0.04645046,0.28786266,4,1
3NGB_HL_G|RH62A,0.9958448,0.2312148,4,1
3NGB_HL_G|RH62Q,0.09654992,-0.34738225,4,1
3NGB_HL_G|RH72A,1.6432176,1.5925395,4,1
3NGB_HL_G|SL28A,-0.14471176,0.4794859,4,1
3NGB_HL_G|TH33A,0.7071634,0.6439863,4,1
3NGB_HL_G|TH33Y,0.084193856,-0.7557509,4,1
"3NGB_HL_G|TH33Y,GH56S,AH57G,VH58T,PH63K,VH74T,YH75S",1.9381938,-0.11667134,4,1
3NGB_HL_G|VH58A,1.3584284,1.2848575,4,1
3NGB_HL_G|VH58T,0.13787223,0.2635953,4,1
3NGB_HL_G|VH74A,1.087914,0.3813189,4,1
3NGB_HL_G|VH74T,0.16493925,-0.12510426,4,1
3NGB_HL_G|VL1A,-0.7733632,0.14647466,4,1
3NGB_HL_G|WH106A,4.0,0.68060875,4,1
3NGB_HL_G|WH47A,1.2021707,1.3382084,4,1
3NGB_HL_G|WH50A,1.2917941,1.6566613,4,1
3NGB_HL_G|YH104A,1.4235861,0.5506572,4,1
3NGB_HL_G|YH60A,0.5484263,0.89816886,4,1
3NGB_HL_G|YH75A,-0.19932224,0.44490877,4,1
3NGB_HL_G|YH75S,0.3325709,0.3103691,4,1
3NGB_HL_G|YL26A,0.98528093,0.59671307,4,1
3NGB_HL_G|YL26S,0.6512687,-0.0018962137,4,1
3NGB_HL_G|YL87A,2.0227883,1.7538432,4,1
4JPK_HL_A|DA141R,3.857323,-0.04854052,4,1
"4JPK_HL_A|DA159N,DA33N",0.6189681,0.07768686,4,1
4JPK_HL_A|FA144I,1.3875175,0.35593268,4,1
4JPK_HL_A|FA63L,1.1672868,0.23030381,4,1
4JPK_HL_A|RA130K,0.23006605,-0.043142274,4,1
4JPK_HL_A|RA81T,0.75870305,0.08979656,4,1
4JPK_HL_A|SA41G,2.151695,0.24811566,4,1
4JPK_HL_A|TA35S,-0.032093357,0.1110425,4,1
4JPK_HL_A|VA30N,0.59459484,-0.17631793,4,1
"1JRH_LH_I|AI49S,II51T,HI55D",0.070675574,-0.34476057,4,2
"1JRH_LH_I|AI85D,KI88R,EI90K",-0.047747865,-0.71230316,4,2
"1JRH_LH_I|AI93L,VI94M",0.63366294,-0.42179534,4,2
1JRH_LH_I|DH56A,1.8860998,0.19561626,4,2
1JRH_LH_I|DH57A,1.6660647,0.3313437,4,2
1JRH_LH_I|DH58A,1.8546488,-0.019293211,4,2
1JRH_LH_I|DL28A,0.43464687,0.21465763,4,2
1JRH_LH_I|EI35Q,0.09956847,-0.12942119,4,2
1JRH_LH_I|EI45A,-0.5657849,0.2770148,4,2
1JRH_LH_I|EI45P,-3.7881775,0.13486633,4,2
"1JRH_LH_I|EI45P,II47L",-3.4567804,0.14250892,4,2
"1JRH_LH_I|EI45P,II47R",-3.4400978,0.14842677,4,2
1JRH_LH_I|EL27A,0.5426153,0.13160756,4,2
1JRH_LH_I|FH103A,0.0,0.29180193,4,2
1JRH_LH_I|GI40A,4.0,0.3176019,4,2
1JRH_LH_I|HH107A,1.6977708,0.6364937,4,2
"1JRH_LH_I|II25N,PI27S,VI29T,VI31I",0.14370596,0.43017772,4,2
1JRH_LH_I|KI37A,3.713863,0.22797287,4,2
1JRH_LH_I|KI37M,3.2923293,-0.11449194,4,2
1JRH_LH_I|KI42A,3.3858175,0.22027317,4,2
1JRH_LH_I|KI42M,4.0,-0.1097427,4,2
1JRH_LH_I|KI88A,0.31209365,0.1710091,4,2
"1JRH_LH_I|MI15L,II18V",-0.21360606,0.2830264,4,2
1JRH_LH_I|NI38A,0.1704579,0.20279428,4,2
1JRH_LH_I|NI38Q,0.5344714,-0.12000981,4,2
1JRH_LH_I|NI43A,4.0,0.23137787,4,2
1JRH_LH_I|NI69A,-0.19953421,0.17071076,4,2
1JRH_LH_I|RH100A,0.5426153,0.6309892,4,2
1JRH_LH_I|RI74A,0.3926171,0.2444785,4,2
1JRH_LH_I|SI44A,0.37771076,0.064175755,4,2
"1JRH_LH_I|SI44G,EI45G,II47R",-3.3777049,0.035791703,4,2
"1JRH_LH_I|SI44G,EI45P,II47K",-3.884419,0.2109547,4,2
"1JRH_LH_I|SI61Y,DI62E,HI63Q,VI64I,GI65M,DI66Y,SI68D,NI69V,LI71A",2.9588323,-0.09896332,4,2
1JRH_LH_I|SL93A,-0.65058374,0.33631074,4,2
1JRH_LH_I|TI4V,-0.025565991,-0.019839056,4,2
"1JRH_LH_I|TI9L,EI11K",-0.025565991,-0.34993988,4,2
1JRH_LH_I|TL94A,0.38526937,0.22134109,4,2
1JRH_LH_I|VI41A,1.6791569,0.32488316,4,2
"1JRH_LH_I|VI73A,RI78K",-0.21360606,0.28574678,4,2
1JRH_LH_I|WH54A,2.6862645,0.48632225,4,2
1JRH_LH_I|WH55A,2.4213178,0.3440826,4,2
1JRH_LH_I|WI46F,-0.25261214,0.33874488,4,2
1JRH_LH_I|WI46Y,0.29852974,0.16988066,4,2
1JRH_LH_I|WI72A,4.0,0.44876206,4,2
1JRH_LH_I|WI72F,1.102707,0.21524262,4,2
1JRH_LH_I|WI72Y,1.1878273,0.036525637,4,2
1JRH_LH_I|WL92A,2.818407,0.6363971,4,2
1JRH_LH_I|WL95A,1.6660647,0.6303748,4,2
1JRH_LH_I|YH104A,1.0610564,0.4985486,4,2
1JRH_LH_I|YH32A,1.4333102,0.38948646,4,2
1JRH_LH_I|YH60A,1.2555921,0.42600426,4,2
1JRH_LH_I|YI39A,3.5271235,0.47211304,4,2
1JRH_LH_I|YI39F,0.9087807,0.17332053,4,2
1JRH_LH_I|YL30A,1.1084566,0.4487323,4,2
1JRH_LH_I|YL91A,0.58083415,0.39188313,4,2
1KIQ_AB_C|FB101Y,-2.4949589,-0.14476898,4,2
1XGR_AB_C|IB33A,2.260207,0.5223551,4,2
1XGR_AB_C|IB33F,-1.8004549,0.058658842,4,2
1XGR_AB_C|IB33L,0.061315425,0.1818963,4,2
1XGR_AB_C|IB33V,1.1076277,0.24396187,4,2
2BDN_HL_A|DH31E,1.0852306,-0.09180711,4,2
2BDN_HL_A|LH27K,0.8740124,-0.13462761,4,2
2BDN_HL_A|LH27R,0.65058374,-0.26752588,4,2
2BDN_HL_A|NH28D,0.13214268,0.01289095,4,2
2BDN_HL_A|NH28Q,1.3994616,-0.033018745,4,2
2BDN_HL_A|NL31K,3.4897714,0.13529453,4,2
2BDN_HL_A|NL31R,-0.9171868,0.0074496716,4,2
2BDN_HL_A|SL53D,-0.1605731,-0.18700361,4,2
2BDN_HL_A|SL53E,-0.85132045,-0.26301655,4,2
2BDN_HL_A|TL56D,-0.4254655,-0.13246644,4,2
2BDN_HL_A|TL56E,-0.6888026,-0.16524574,4,2
2BDN_HL_A|YL30K,0.67475796,0.32071817,4,2
2NYY_DC_A|DA1030A,0.009336901,0.20772532,4,2
2NYY_DC_A|DA1034A,2.5297937,0.36377165,4,2
2NYY_DC_A|DC30Y,0.64113563,-0.4801987,4,2
2NYY_DC_A|EA892A,2.839132,0.24899268,4,2
2NYY_DC_A|ED5Q,-0.2479871,0.12588458,4,2
2NYY_DC_A|FA889A,0.4193659,0.30185038,4,2
2NYY_DC_A|FA925A,4.0,0.38584092,4,2
2NYY_DC_A|HA1036A,4.0,0.5773361,4,2
2NYY_DC_A|HC34R,0.10088469,-0.17400363,4,2
2NYY_DC_A|IA928A,-0.009487502,0.4152678,4,2
2NYY_DC_A|KA1028A,-0.028934313,0.37827587,4,2
2NYY_DC_A|KA875A,0.29098648,0.44460106,4,2
2NYY_DC_A|KA895A,-0.14014584,0.35466456,4,2
2NYY_DC_A|KD29R,0.071385965,-0.07449855,4,2
"2NYY_DC_A|KD29S,YD30D,DD31H,SD60P",0.04961051,0.31166846,4,2
2NYY_DC_A|LA891A,2.5892105,0.34330782,4,2
2NYY_DC_A|MD33Q,-0.059869844,0.11236254,4,2
2NYY_DC_A|NA890A,0.89044046,0.27681947,4,2
2NYY_DC_A|NA926A,0.09934822,0.10907971,4,2
2NYY_DC_A|QA887A,0.5208145,0.36469597,4,2
2NYY_DC_A|RA1033A,0.82012254,0.42577702,4,2
2NYY_DC_A|RA1266A,0.2995321,0.3454811,4,2
2NYY_DC_A|SA874A,-0.23032175,0.38565028,4,2
2NYY_DC_A|SA927A,0.0,0.22170821,4,2
2NYY_DC_A|SC28Q,0.4133828,-0.39152747,4,2
2NYY_DC_A|SC31N,-0.35338265,-0.008983493,4,2
2NYY_DC_A|TA1035A,1.630871,0.273314,4,2
2NYY_DC_A|VD36I,-0.21317148,0.28084296,4,2
"2NYY_DC_A|VD36I,ED5Q",-0.0490461,0.6326426,4,2
2NYY_DC_A|YD30D,0.06462482,0.09267214,4,2
2NYY_DC_A|YD30Q,0.12897444,-0.009421356,4,2
2NYY_DC_A|YD56Q,0.5196862,-0.10211787,4,2
2NZ9_DC_A|DA1030A,-0.031082604,0.19295816,4,2
2NZ9_DC_A|DA1034A,2.3396032,0.28153414,4,2
2NZ9_DC_A|EA892A,2.77036,0.2712912,4,2
2NZ9_DC_A|FA889A,-0.04961051,0.34993225,4,2
2NZ9_DC_A|FA925A,3.340439,0.37952593,4,2
2NZ9_DC_A|HA1036A,4.0,0.48543355,4,2
2NZ9_DC_A|IA928A,0.069281444,0.41288558,4,2
2NZ9_DC_A|KA1028A,-0.008714417,0.38137943,4,2
2NZ9_DC_A|KA875A,0.5407011,0.41489974,4,2
2NZ9_DC_A|KA895A,-0.29975358,0.37845916,4,2
2NZ9_DC_A|LA891A,2.279965,0.3837402,4,2
2NZ9_DC_A|NA890A,2.1600318,0.2808377,4,2
2NZ9_DC_A|NA926A,-0.15216734,0.098659515,4,2
2NZ9_DC_A|QA887A,0.09926054,0.3601036,4,2
2NZ9_DC_A|RA1033A,0.29088098,0.45102623,4,2
2NZ9_DC_A|RA1266A,0.39015788,0.43931675,4,2
2NZ9_DC_A|SA874A,-0.11948046,0.4136979,4,2
2NZ9_DC_A|SA927A,-0.078544825,0.24456857,4,2
"2NZ9_DC_A|SD29K,DD30Y,HD31D",-0.04961051,-0.750054,4,2
2NZ9_DC_A|TA1035A,2.3703818,0.32664385,4,2
2VIS_AB_C|IC89T,-4.0,0.124408856,4,2
"3BE1_HL_A|DL28N,PL30A,RL31K,SL32T,TL97S,TL98S",-0.6860794,0.89393806,4,2
"3BE1_HL_A|DL28N,PL30A,RL31K,SL32T,TL97S,TL98S,KH30S,DH31G,TH54S,NH55E,GH100V,DH102V",-2.7728782,1.4862119,4,2
"3BE1_HL_A|DL28N,PL30A,RL31K,SL32T,TL97S,TL98S,KH30S,DH31G,TH54S,NH55E,GH100V,DH102V,YL36A",-3.190238,2.220728,4,2
"3BE1_HL_A|DL28N,PL30A,RL31K,SL32T,TL97S,TL98S,KH30S,DH31G,TH54S,NH55E,GH100V,DH102V,YL36A,IL33A",-2.7728782,2.5352228,4,2
"3BE1_HL_A|DL28N,PL30A,RL31K,SL32T,YL57F,TL97S,TL98S",-0.8683455,0.90246594,4,2
"3BE1_HL_A|DL28N,PL30A,RL31K,SL32T,YL57F,TL97S,TL98S,KH30S,DH31G,TH54S,NH55E,GH100V,DH102V",-2.8824897,1.4871757,4,2
3LZF_AB_HL|DA187E,0.49836498,0.105167046,4,2
"3LZF_AB_HL|DA187E,DA222G",0.12738612,0.51278704,4,2
3LZF_AB_HL|DA222G,0.5378587,0.38224322,4,2
3NGB_HL_G|AH57G,-0.056030333,-0.67125535,4,2
"3NGB_HL_G|AH57G,VH58T,PH63K,VH74T",1.6734211,-0.34569296,4,2
"3NGB_HL_G|CH32S,CH102A",0.25899792,0.31447908,4,2
3NGB_HL_G|DH103A,0.05987142,0.32175183,4,2
3NGB_HL_G|EL88A,1.3199503,0.138444,4,2
3NGB_HL_G|FL89A,0.85886127,0.28465846,4,2
3NGB_HL_G|GH55A,-1.2766591,0.08791134,4,2
3NGB_HL_G|GH55S,0.74304354,0.02636899,4,2
3NGB_HL_G|GH56A,1.2656107,0.048024047,4,2
3NGB_HL_G|IH30A,-0.0027431613,0.14697523,4,2
3NGB_HL_G|IH30T,0.0733938,-0.0068141446,4,2
"3NGB_HL_G|IH30T,KH52N,RH54N,GH55S,AH57G,VH58T,RH62Q,PH63K,VH74T,YH75S,YL26S",0.86214453,2.7690752,4,2
3NGB_HL_G|KH52A,0.62288266,0.45800897,4,2
3NGB_HL_G|KH52N,0.17497002,0.23712866,4,2
3NGB_HL_G|MH70A,0.5305512,0.2918573,4,2
3NGB_HL_G|NH105A,1.1185741,0.024146274,4,2
3NGB_HL_G|NH59A,1.7671243,0.22258231,4,2
3NGB_HL_G|PH63A,-0.04252045,0.09925912,4,2
3NGB_HL_G|PH63K,0.23252328,-0.21095306,4,2
3NGB_HL_G|QH65A,-0.34038836,0.22049662,4,2
3NGB_HL_G|QL25A,-0.23060839,0.11944355,4,2
3NGB_HL_G|RH54A,-0.25938424,0.45169473,4,2
3NGB_HL_G|RH54N,0.04645046,0.37532347,4,2
3NGB_HL_G|RH62A,0.9958448,0.23948467,4,2
3NGB_HL_G|RH62Q,0.09654992,-0.13983065,4,2
3NGB_HL_G|RH72A,1.6432176,0.40097126,4,2
3NGB_HL_G|SL28A,-0.14471176,0.19412896,4,2
3NGB_HL_G|TH33A,0.7071634,0.3552283,4,2
3NGB_HL_G|TH33Y,0.084193856,-0.3431027,4,2
"3NGB_HL_G|TH33Y,GH56S,AH57G,VH58T,PH63K,VH74T,YH75S",1.9381938,0.1525729,4,2
3NGB_HL_G|VH58A,1.3584284,0.23251808,4,2
3NGB_HL_G|VH58T,0.13787223,0.011389211,4,2
3NGB_HL_G|VH74A,1.087914,0.31065315,4,2
3NGB_HL_G|VH74T,0.16493925,0.15317467,4,2
3NGB_HL_G|VL1A,-0.7733632,0.25621176,4,2
3NGB_HL_G|WH106A,4.0,0.30447888,4,2
3NGB_HL_G|WH47A,1.2021707,0.6011293,4,2
3NGB_HL_G|WH50A,1.2917941,0.5318644,4,2
3NGB_HL_G|YH104A,1.4235861,0.28710097,4,2
3NGB_HL_G|YH60A,0.5484263,0.25818235,4,2
3NGB_HL_G|YH75A,-0.19932224,0.29352713,4,2
3NGB_HL_G|YH75S,0.3325709,0.1307312,4,2
3NGB_HL_G|YL26A,0.98528093,0.4356689,4,2
3NGB_HL_G|YL26S,0.6512687,0.28242597,4,2
3NGB_HL_G|YL87A,2.0227883,0.6553346,4,2
4JPK_HL_A|DA141R,3.857323,-0.36810482,4,2
"4JPK_HL_A|DA159N,DA33N",0.6189681,0.17635217,4,2
4JPK_HL_A|FA144I,1.3875175,0.08971764,4,2
4JPK_HL_A|FA63L,1.1672868,-0.10706185,4,2
4JPK_HL_A|RA130K,0.23006605,0.09547998,4,2
4JPK_HL_A|RA81T,0.75870305,0.18104188,4,2
4JPK_HL_A|SA41G,2.151695,-0.0278195,4,2
4JPK_HL_A|TA35S,-0.032093357,0.037718438,4,2
4JPK_HL_A|VA30N,0.59459484,0.02841556,4,2
