row_id,ddg_true,ddg_pred,fold,seed
1AHW_AB_C|DC167A,-0.4845926,1.9996629,0,0
"1AHW_AB_C|KC138A,DC139A",1.1814722,2.6457272,0,0
"1AHW_AB_C|KC154A,KC155A",-1.329712,2.5843015,0,0
1AHW_AB_C|LC165A,0.9869364,0.89117867,0,0
1AHW_AB_C|NC188A,1.0782224,2.022815,0,0
"1AHW_AB_C|TC110A,KC111A",0.6388569,2.6658764,0,0
1AHW_AB_C|TC156A,-0.07411996,1.7023108,0,0
1AHW_AB_C|TC159A,1.105771,1.5441513,0,0
1AHW_AB_C|TC186A,1.345882,1.507941,0,0
1AHW_AB_C|VC187A,-0.31423107,1.0815971,0,0
1AHW_AB_C|YC146A,-1.8890098,2.147813,0,0
1BJ1_HL_VW|HH101Y,-1.5835956,-1.3181772,0,0
"1BJ1_HL_VW|HH101Y,YH103I,GH104A,SH105K",-0.43125325,-0.76283866,0,0
"1BJ1_HL_VW|HH101Y,YH103R,GH104N,SH105T",-0.7626503,-0.104925185,0,0
"1BJ1_HL_VW|HH101Y,YH103R,SH105T",-1.173123,-1.1670642,0,0
1BJ1_HL_VW|HH107A,0.78965265,0.22629538,0,0
"1BJ1_HL_VW|LH72I,TH74K",0.076517485,1.099762,0,0
"1BJ1_HL_VW|LH72V,TH74V",0.6706598,0.6814157,0,0
"1BJ1_HL_VW|ML4L,TH28D,NH31H,HH101Y,SH105T",-1.52138,-2.1470098,0,0
1BJ1_HL_VW|NH31H,-0.7626503,-0.024071638,0,0
1BJ1_HL_VW|SH105T,-0.39039657,0.14602911,0,0
1BJ1_HL_VW|TH28D,-0.22003505,-0.54216963,0,0
"1BJ1_HL_VW|TH28D,NH31H",-0.6929008,-0.6531757,0,0
"1BJ1_HL_VW|TH28D,NH31H,YH54W,HH101Y,SH105T",-1.2034981,-2.1510026,0,0
1BJ1_HL_VW|TH59A,0.85066694,0.9366293,0,0
1BJ1_HL_VW|YH27A,2.2425284,1.0215313,0,0
1BJ1_HL_VW|YH54A,1.3276595,1.5844898,0,0
1BJ1_HL_VW|YH54W,-0.13726985,-0.014590666,0,0
1BJ1_HL_VW|YH99A,4.0,1.594806,0,0
1DQJ_AB_C|DB32A,2.0134337,0.60625327,0,0
"1DQJ_AB_C|DB32A,KC97A",1.1223834,1.8088167,0,0
1DQJ_AB_C|DC101A,1.3765504,0.8238198,0,0
1DQJ_AB_C|KC96A,4.0,1.5565877,0,0
1DQJ_AB_C|KC97A,3.5197058,1.149154,0,0
1DQJ_AB_C|LC75A,1.452407,0.17614254,0,0
1DQJ_AB_C|NA31A,2.0134337,0.5476969,0,0
1DQJ_AB_C|NA32A,4.0,0.45077813,0,0
"1DQJ_AB_C|NA32A,KC96A",4.0,2.0876718,0,0
1DQJ_AB_C|NC93A,0.64987326,0.6301338,0,0
1DQJ_AB_C|RC21A,1.2137709,0.5719644,0,0
1DQJ_AB_C|SA91A,1.4318883,0.5973288,0,0
"1DQJ_AB_C|SA91A,RC21A",3.1707318,1.22789,0,0
"1DQJ_AB_C|SA91A,YC20A",3.573092,2.190314,0,0
1DQJ_AB_C|SC100A,0.7755829,0.8259076,0,0
1DQJ_AB_C|TC89A,0.84084374,1.1756599,0,0
1DQJ_AB_C|WB98A,4.0,1.2548876,0,0
"1DQJ_AB_C|WB98A,KC97A",4.0,2.5077603,0,0
"1DQJ_AB_C|WB98A,SC100A",4.0,2.1611238,0,0
"1DQJ_AB_C|WB98A,YC20A",4.0,2.863038,0,0
1DQJ_AB_C|WC62A,0.7580786,1.2257099,0,0
1DQJ_AB_C|WC63A,1.3462692,1.048176,0,0
1DQJ_AB_C|YA50A,2.678299,0.9273194,0,0
1DQJ_AB_C|YA96A,1.135051,0.91878074,0,0
"1DQJ_AB_C|YA96A,RC21A",3.4851997,1.5425904,0,0
"1DQJ_AB_C|YA96A,SC100A",0.91344726,1.8041036,0,0
1DQJ_AB_C|YB33A,4.0,3.1563697,0,0
1DQJ_AB_C|YB50A,4.0,0.98915845,0,0
1DQJ_AB_C|YB53A,1.1802781,1.0386288,0,0
"1DQJ_AB_C|YB53A,DC101A",2.727121,1.9372752,0,0
"1DQJ_AB_C|YB53A,LC75A",1.2168618,1.2575502,0,0
"1DQJ_AB_C|YB53A,WC62A",1.286308,2.3466184,0,0
"1DQJ_AB_C|YB53A,WC63A",2.1992323,2.1762514,0,0
1DQJ_AB_C|YC20A,3.2857084,1.4889042,0,0
1XGT_AB_C|LB33A,2.1988916,2.2473583,0,0
1XGT_AB_C|LB33F,-1.8617703,-1.6864219,0,0
1XGT_AB_C|LB33I,-0.061315425,-0.027503531,0,0
1XGT_AB_C|LB33V,1.0463123,0.98187774,0,0
"3BDY_HL_V|DL28N,PL30A,RL31K,SL32T,TL97S,TL98S",-0.9690793,-1.2249396,0,0
"3BDY_HL_V|DL28N,PL30A,RL31K,SL32T,TL97S,TL98S,KH31S,DH32G,TH55S,NH56E,GH101V,DH103V",-2.7154896,-3.3596008,0,0
"3BDY_HL_V|DL28N,PL30A,RL31K,SL32T,TL97S,TL98S,KH31S,DH32G,TH55S,NH56E,GH101V,DH103V,RH51A,RH60A",-2.7728782,-2.295482,0,0
"3BDY_HL_V|DL28N,PL30A,RL31K,SL32T,YL57F,TL97S,TL98S",-0.97316396,-1.684629,0,0
"3BDY_HL_V|DL28N,PL30A,RL31K,SL32T,YL57F,TL97S,TL98S,KH31S,DH32G,TH55S,NH56E,GH101V,DH103V",-2.727121,-3.8521466,0,0
3HFM_HL_Y|DH32A,1.8982269,0.37928313,0,0
"3HFM_HL_Y|DH32A,KY97A",4.0,1.5343757,0,0
"3HFM_HL_Y|DH32A,KY97M",1.1234494,1.5062473,0,0
3HFM_HL_Y|DH32N,0.17036153,0.07727745,0,0
"3HFM_HL_Y|DH32N,KY97A",4.0,1.2032473,0,0
"3HFM_HL_Y|DH32N,KY97M",0.3025042,1.1775095,0,0
3HFM_HL_Y|DY101A,1.2081919,0.63398135,0,0
3HFM_HL_Y|DY101E,2.132881,0.032678865,0,0
3HFM_HL_Y|DY101F,2.3282614,-0.10903972,0,0
3HFM_HL_Y|DY101G,0.35884774,-0.026850685,0,0
3HFM_HL_Y|DY101K,2.1245396,0.30574632,0,0
3HFM_HL_Y|DY101N,1.4911126,0.24500176,0,0
3HFM_HL_Y|DY101Q,2.0851746,-0.34156632,0,0
3HFM_HL_Y|DY101R,2.2798727,0.3732932,0,0
3HFM_HL_Y|DY101S,1.8694,0.27035388,0,0
3HFM_HL_Y|GY102V,0.395285,-0.30167022,0,0
3HFM_HL_Y|HY15A,-0.4453172,0.42506763,0,0
3HFM_HL_Y|IY98A,0.0,0.28269184,0,0
3HFM_HL_Y|KY96A,4.0,1.3194292,0,0
3HFM_HL_Y|KY96M,4.0,0.8670719,0,0
3HFM_HL_Y|KY96R,4.0,0.3365482,0,0
3HFM_HL_Y|KY97A,4.0,0.9388114,0,0
3HFM_HL_Y|KY97D,4.0,0.2499642,0,0
3HFM_HL_Y|KY97E,3.6045077,0.5465492,0,0
3HFM_HL_Y|KY97G,4.0,0.16634277,0,0
3HFM_HL_Y|KY97M,0.9469717,0.91405296,0,0
3HFM_HL_Y|KY97R,3.0528512,-0.011840612,0,0
3HFM_HL_Y|LY75A,0.70445603,0.01626376,0,0
3HFM_HL_Y|NL31A,4.0,0.31273317,0,0
"3HFM_HL_Y|NL31A,KY96A",4.0,1.8700614,0,0
3HFM_HL_Y|NL31D,1.3434845,-0.3114465,0,0
3HFM_HL_Y|NL31E,4.0,-0.1646936,0,0
3HFM_HL_Y|NL32A,4.0,0.3144616,0,0
3HFM_HL_Y|NY19D,0.41047263,0.017016813,0,0
3HFM_HL_Y|NY19K,0.2401111,0.16348484,0,0
3HFM_HL_Y|NY19Q,-0.042485796,-0.14346375,0,0
3HFM_HL_Y|NY93A,0.21121821,0.43496373,0,0
3HFM_HL_Y|QL53A,0.9530879,-0.37271363,0,0
3HFM_HL_Y|RY21A,0.8618019,0.38113853,0,0
3HFM_HL_Y|RY21E,2.4534352,-0.06456071,0,0
3HFM_HL_Y|RY21G,2.4220753,-0.25719556,0,0
3HFM_HL_Y|RY21H,2.1693182,-0.67479825,0,0
3HFM_HL_Y|RY21K,1.766342,-0.30545044,0,0
3HFM_HL_Y|RY21M,2.0498905,0.50165004,0,0
3HFM_HL_Y|RY21N,2.3282614,-0.11958453,0,0
3HFM_HL_Y|RY21Q,2.3975346,-0.39423397,0,0
3HFM_HL_Y|RY21W,2.132881,-0.124773845,0,0
3HFM_HL_Y|RY73A,-0.3313971,0.4228731,0,0
3HFM_HL_Y|SH31A,0.17036153,0.20768812,0,0
3HFM_HL_Y|SY100A,0.26765963,0.63044775,0,0
3HFM_HL_Y|TY89A,0.0,0.95647746,0,0
3HFM_HL_Y|WH98A,4.0,0.93796974,0,0
"3HFM_HL_Y|WH98A,KY96A",4.0,2.581022,0,0
3HFM_HL_Y|WH98F,3.245562,-0.114618525,0,0
"3HFM_HL_Y|WH98F,YY20A",4.0,1.3217537,0,0
3HFM_HL_Y|WY63A,0.31918663,0.8457567,0,0
3HFM_HL_Y|YH33A,4.0,2.641254,0,0
"3HFM_HL_Y|YH33A,KY97A",4.0,3.8925054,0,0
3HFM_HL_Y|YH33F,1.0712212,-0.69429106,0,0
3HFM_HL_Y|YH33L,2.0069382,0.543881,0,0
3HFM_HL_Y|YH33W,1.7495645,0.30312786,0,0
3HFM_HL_Y|YH50A,4.0,0.77462673,0,0
"3HFM_HL_Y|YH50A,RY21A",4.0,1.3620911,0,0
3HFM_HL_Y|YH50F,1.6099914,-0.13373178,0,0
3HFM_HL_Y|YH50L,2.8488367,0.11115968,0,0
3HFM_HL_Y|YH53A,3.25038,0.76324934,0,0
3HFM_HL_Y|YH53F,0.62049925,-0.17154403,0,0
3HFM_HL_Y|YH53L,0.8068894,0.12664202,0,0
3HFM_HL_Y|YH53W,0.7061819,-0.30339956,0,0
3HFM_HL_Y|YH58A,1.6760437,1.6095681,0,0
3HFM_HL_Y|YH58F,0.36312544,0.080836505,0,0
3HFM_HL_Y|YH58L,1.5136731,0.72683305,0,0
3HFM_HL_Y|YL50A,4.0,0.7141195,0,0
"3HFM_HL_Y|YL50A,KY96A",4.0,2.3138828,0,0
"3HFM_HL_Y|YL50A,KY97A",4.0,1.8974495,0,0
"3HFM_HL_Y|YL50A,RY21A",4.0,1.3061314,0,0
3HFM_HL_Y|YL50F,2.3548672,-0.16093674,0,0
"3HFM_HL_Y|YL50F,RY21A",4.0,0.40556046,0,0
"3HFM_HL_Y|YL50F,YY20A",4.0,1.2824247,0,0
3HFM_HL_Y|YL50L,4.0,-0.0020109937,0,0
3HFM_HL_Y|YL96A,2.707045,0.656923,0,0
"3HFM_HL_Y|YL96A,RY21A",4.0,1.2445335,0,0
3HFM_HL_Y|YL96F,1.4017794,-0.021981694,0,0
"3HFM_HL_Y|YL96F,RY21A",4.0,0.5474352,0,0
3HFM_HL_Y|YY20A,4.0,1.2513762,0,0
3HFM_HL_Y|YY20F,-0.4839681,-0.013919871,0,0
3HFM_HL_Y|YY20L,2.1845057,0.82362974,0,0
3SE9_HL_G|DH77A,-0.7664817,1.2160888,0,0
3SE9_HL_G|EL90A,0.41735974,0.55244553,0,0
3SE9_HL_G|FL91A,0.023615688,0.90803957,0,0
3SE9_HL_G|GH106A,-0.3075798,0.7808811,0,0
3SE9_HL_G|GH107A,-0.6151596,0.7715365,0,0
3SE9_HL_G|GH109A,0.18514356,0.7423591,0,0
3SE9_HL_G|GH57A,0.4524448,0.95743185,0,0
3SE9_HL_G|GH62A,0.04634,0.9368517,0,0
3SE9_HL_G|GL29A,0.46369976,0.8088078,0,0
3SE9_HL_G|LH34A,0.56599987,1.7296202,0,0
3SE9_HL_G|LL89A,0.964243,0.52327085,0,0
3SE9_HL_G|NH60A,1.5217615,0.42899293,0,0
3SE9_HL_G|PH64A,-0.4419396,-0.0538904,0,0
3SE9_HL_G|RH67A,1.4695449,0.49220818,0,0
3SE9_HL_G|RH74A,2.6792572,0.53808093,0,0
3SE9_HL_G|RH76A,-0.2322162,0.6604742,0,0
3SE9_HL_G|TH105A,-0.4419396,0.14479545,0,0
3SE9_HL_G|TH56A,-0.85929936,0.38027027,0,0
3SE9_HL_G|VH55A,-0.85929936,0.3209779,0,0
3SE9_HL_G|VH59A,0.9833596,0.71990615,0,0
3SE9_HL_G|VL3A,-0.49433115,0.44263774,0,0
3SE9_HL_G|WH48A,1.0584464,0.7347773,0,0
3SE9_HL_G|WH51A,1.275695,1.1133974,0,0
3SE9_HL_G|YH104A,0.46369976,1.0459452,0,0
3SE9_HL_G|YL28A,1.1177194,0.65685254,0,0
4U6H_AB_E|NE21A,-0.3480795,0.604376,0,0
4U6H_AB_E|QE25A,0.11883454,1.5536075,0,0
4ZS6_HL_A|EA156A,3.0386665,0.4773025,0,0
4ZS6_HL_A|YA160A,-0.11025046,2.3015432,0,0
1AHW_AB_C|DC167A,-0.4845926,2.0908206,0,1
"1AHW_AB_C|KC138A,DC139A",1.1814722,1.5534413,0,1
"1AHW_AB_C|KC154A,KC155A",-1.329712,1.9640998,0,1
1AHW_AB_C|LC165A,0.9869364,1.0160378,0,1
1AHW_AB_C|NC188A,1.0782224,1.6761593,0,1
"1AHW_AB_C|TC110A,KC111A",0.6388569,2.3891897,0,1
1AHW_AB_C|TC156A,-0.07411996,1.9929034,0,1
1AHW_AB_C|TC159A,1.105771,1.2579894,0,1
1AHW_AB_C|TC186A,1.345882,1.3046083,0,1
1AHW_AB_C|VC187A,-0.31423107,0.51955175,0,1
1AHW_AB_C|YC146A,-1.8890098,1.3634566,0,1
1BJ1_HL_VW|HH101Y,-1.5835956,-1.8155206,0,1
"1BJ1_HL_VW|HH101Y,YH103I,GH104A,SH105K",-0.43125325,-1.8228343,0,1
"1BJ1_HL_VW|HH101Y,YH103R,GH104N,SH105T",-0.7626503,-1.5813388,0,1
"1BJ1_HL_VW|HH101Y,YH103R,SH105T",-1.173123,-2.1360285,0,1
1BJ1_HL_VW|HH107A,0.78965265,0.96498036,0,1
"1BJ1_HL_VW|LH72I,TH74K",0.076517485,1.6562537,0,1
"1BJ1_HL_VW|LH72V,TH74V",0.6706598,0.81594217,0,1
"1BJ1_HL_VW|ML4L,TH28D,NH31H,HH101Y,SH105T",-1.52138,-2.8976326,0,1
1BJ1_HL_VW|NH31H,-0.7626503,-0.14786969,0,1
1BJ1_HL_VW|SH105T,-0.39039657,-0.36257327,0,1
1BJ1_HL_VW|TH28D,-0.22003505,-0.2806757,0,1
"1BJ1_HL_VW|TH28D,NH31H",-0.6929008,-0.36143914,0,1
"1BJ1_HL_VW|TH28D,NH31H,YH54W,HH101Y,SH105T",-1.2034981,-2.6025233,0,1
1BJ1_HL_VW|TH59A,0.85066694,1.265267,0,1
1BJ1_HL_VW|YH27A,2.2425284,1.1872085,0,1
1BJ1_HL_VW|YH54A,1.3276595,0.75372106,0,1
1BJ1_HL_VW|YH54W,-0.13726985,-0.18536985,0,1
1BJ1_HL_VW|YH99A,4.0,1.5184326,0,1
1DQJ_AB_C|DB32A,2.0134337,0.20853978,0,1
"1DQJ_AB_C|DB32A,KC97A",1.1223834,0.52071285,0,1
1DQJ_AB_C|DC101A,1.3765504,0.60987604,0,1
1DQJ_AB_C|KC96A,4.0,0.5771906,0,1
1DQJ_AB_C|KC97A,3.5197058,0.31050968,0,1
1DQJ_AB_C|LC75A,1.452407,0.06411796,0,1
1DQJ_AB_C|NA31A,2.0134337,0.6014223,0,1
1DQJ_AB_C|NA32A,4.0,0.13926142,0,1
"1DQJ_AB_C|NA32A,KC96A",4.0,0.72901595,0,1
1DQJ_AB_C|NC93A,0.64987326,-0.0776771,0,1
1DQJ_AB_C|RC21A,1.2137709,0.4513704,0,1
1DQJ_AB_C|SA91A,1.4318883,1.343489,0,1
"1DQJ_AB_C|SA91A,RC21A",3.1707318,1.8265368,0,1
"1DQJ_AB_C|SA91A,YC20A",3.573092,2.8873668,0,1
1DQJ_AB_C|SC100A,0.7755829,1.3441522,0,1
1DQJ_AB_C|TC89A,0.84084374,0.63349265,0,1
1DQJ_AB_C|WB98A,4.0,1.7262639,0,1
"1DQJ_AB_C|WB98A,KC97A",4.0,2.0344808,0,1
"1DQJ_AB_C|WB98A,SC100A",4.0,3.1397605,0,1
"1DQJ_AB_C|WB98A,YC20A",4.0,3.27695,0,1
1DQJ_AB_C|WC62A,0.7580786,1.3038964,0,1
1DQJ_AB_C|WC63A,1.3462692,0.85886526,0,1
1DQJ_AB_C|YA50A,2.678299,1.0204415,0,1
1DQJ_AB_C|YA96A,1.135051,1.1989866,0,1
"1DQJ_AB_C|YA96A,RC21A",3.4851997,1.678944,0,1
"1DQJ_AB_C|YA96A,SC100A",0.91344726,2.5810025,0,1
1DQJ_AB_C|YB33A,4.0,2.7216673,0,1
1DQJ_AB_C|YB50A,4.0,1.0661631,0,1
1DQJ_AB_C|YB53A,1.1802781,0.89286476,0,1
"1DQJ_AB_C|YB53A,DC101A",2.727121,1.5125283,0,1
"1DQJ_AB_C|YB53A,LC75A",1.2168618,0.95687485,0,1
"1DQJ_AB_C|YB53A,WC62A",1.286308,2.209237,0,1
"1DQJ_AB_C|YB53A,WC63A",2.1992323,1.7672175,0,1
1DQJ_AB_C|YC20A,3.2857084,1.478813,0,1
1XGT_AB_C|LB33A,2.1988916,2.1519156,0,1
1XGT_AB_C|LB33F,-1.8617703,-1.0422344,0,1
1XGT_AB_C|LB33I,-0.061315425,-0.29770276,0,1
1XGT_AB_C|LB33V,1.0463123,0.98763126,0,1
"3BDY_HL_V|DL28N,PL30A,RL31K,SL32T,TL97S,TL98S",-0.9690793,-1.545642,0,1
"3BDY_HL_V|DL28N,PL30A,RL31K,SL32T,TL97S,TL98S,KH31S,DH32G,TH55S,NH56E,GH101V,DH103V",-2.7154896,-3.299113,0,1
"3BDY_HL_V|DL28N,PL30A,RL31K,SL32T,TL97S,TL98S,KH31S,DH32G,TH55S,NH56E,GH101V,DH103V,RH51A,RH60A",-2.7728782,-2.7117965,0,1
"3BDY_HL_V|DL28N,PL30A,RL31K,SL32T,YL57F,TL97S,TL98S",-0.97316396,-1.5917436,0,1
"3BDY_HL_V|DL28N,PL30A,RL31K,SL32T,YL57F,TL97S,TL98S,KH31S,DH32G,TH55S,NH56E,GH101V,DH103V",-2.727121,-3.4291568,0,1
3HFM_HL_Y|DH32A,1.8982269,0.19631438,0,1
"3HFM_HL_Y|DH32A,KY97A",4.0,0.4739175,0,1
"3HFM_HL_Y|DH32A,KY97M",1.1234494,0.23008487,0,1
3HFM_HL_Y|DH32N,0.17036153,0.026577178,0,1
"3HFM_HL_Y|DH32N,KY97A",4.0,0.30719978,0,1
"3HFM_HL_Y|DH32N,KY97M",0.3025042,0.068707615,0,1
3HFM_HL_Y|DY101A,1.2081919,0.5711041,0,1
3HFM_HL_Y|DY101E,2.132881,-0.20328335,0,1
3HFM_HL_Y|DY101F,2.3282614,-0.08199035,0,1
3HFM_HL_Y|DY101G,0.35884774,0.54501265,0,1
3HFM_HL_Y|DY101K,2.1245396,0.48394477,0,1
3HFM_HL_Y|DY101N,1.4911126,0.54971546,0,1
3HFM_HL_Y|DY101Q,2.0851746,-0.224042,0,1
3HFM_HL_Y|DY101R,2.2798727,0.50957906,0,1
3HFM_HL_Y|DY101S,1.8694,-0.15050277,0,1
3HFM_HL_Y|GY102V,0.395285,0.15747935,0,1
3HFM_HL_Y|HY15A,-0.4453172,0.9189256,0,1
3HFM_HL_Y|IY98A,0.0,0.29933292,0,1
3HFM_HL_Y|KY96A,4.0,0.55086696,0,1
3HFM_HL_Y|KY96M,4.0,0.3397415,0,1
3HFM_HL_Y|KY96R,4.0,0.13961738,0,1
3HFM_HL_Y|KY97A,4.0,0.3113151,0,1
3HFM_HL_Y|KY97D,4.0,-0.040415064,0,1
3HFM_HL_Y|KY97E,3.6045077,0.045872033,0,1
3HFM_HL_Y|KY97G,4.0,0.41295552,0,1
3HFM_HL_Y|KY97M,0.9469717,0.07384412,0,1
3HFM_HL_Y|KY97R,3.0528512,-0.36555523,0,1
3HFM_HL_Y|LY75A,0.70445603,0.077925816,0,1
3HFM_HL_Y|NL31A,4.0,0.5249469,0,1
"3HFM_HL_Y|NL31A,KY96A",4.0,1.0499904,0,1
3HFM_HL_Y|NL31D,1.3434845,0.43398967,0,1
3HFM_HL_Y|NL31E,4.0,0.17833643,0,1
3HFM_HL_Y|NL32A,4.0,0.2835929,0,1
3HFM_HL_Y|NY19D,0.41047263,0.11507387,0,1
3HFM_HL_Y|NY19K,0.2401111,0.5549802,0,1
3HFM_HL_Y|NY19Q,-0.042485796,0.017879935,0,1
3HFM_HL_Y|NY93A,0.21121821,-0.04885353,0,1
3HFM_HL_Y|QL53A,0.9530879,-0.17424314,0,1
3HFM_HL_Y|RY21A,0.8618019,0.42467844,0,1
3HFM_HL_Y|RY21E,2.4534352,-0.62099475,0,1
3HFM_HL_Y|RY21G,2.4220753,0.16433878,0,1
3HFM_HL_Y|RY21H,2.1693182,-0.8567205,0,1
3HFM_HL_Y|RY21K,1.766342,0.3469586,0,1
3HFM_HL_Y|RY21M,2.0498905,0.29578507,0,1
3HFM_HL_Y|RY21N,2.3282614,0.0026243757,0,1
3HFM_HL_Y|RY21Q,2.3975346,-0.48301435,0,1
3HFM_HL_Y|RY21W,2.132881,0.05668062,0,1
3HFM_HL_Y|RY73A,-0.3313971,0.24294545,0,1
3HFM_HL_Y|SH31A,0.17036153,0.24921417,0,1
3HFM_HL_Y|SY100A,0.26765963,1.2296445,0,1
3HFM_HL_Y|TY89A,0.0,0.5886459,0,1
3HFM_HL_Y|WH98A,4.0,1.6693996,0,1
"3HFM_HL_Y|WH98A,KY96A",4.0,2.225012,0,1
3HFM_HL_Y|WH98F,3.245562,0.40669528,0,1
"3HFM_HL_Y|WH98F,YY20A",4.0,1.7624452,0,1
3HFM_HL_Y|WY63A,0.31918663,0.80329925,0,1
3HFM_HL_Y|YH33A,4.0,2.39039,0,1
"3HFM_HL_Y|YH33A,KY97A",4.0,2.6531248,0,1
3HFM_HL_Y|YH33F,1.0712212,-0.24373007,0,1
3HFM_HL_Y|YH33L,2.0069382,0.43398848,0,1
3HFM_HL_Y|YH33W,1.7495645,0.44736063,0,1
3HFM_HL_Y|YH50A,4.0,1.0196116,0,1
"3HFM_HL_Y|YH50A,RY21A",4.0,1.4327673,0,1
3HFM_HL_Y|YH50F,1.6099914,0.113345005,0,1
3HFM_HL_Y|YH50L,2.8488367,0.17083573,0,1
3HFM_HL_Y|YH53A,3.25038,0.7249729,0,1
3HFM_HL_Y|YH53F,0.62049925,0.42478833,0,1
3HFM_HL_Y|YH53L,0.8068894,0.22953248,0,1
3HFM_HL_Y|YH53W,0.7061819,0.08312613,0,1
3HFM_HL_Y|YH58A,1.6760437,1.8923123,0,1
3HFM_HL_Y|YH58F,0.36312544,0.32194296,0,1
3HFM_HL_Y|YH58L,1.5136731,0.89054257,0,1
3HFM_HL_Y|YL50A,4.0,0.9180815,0,1
"3HFM_HL_Y|YL50A,KY96A",4.0,1.4430487,0,1
"3HFM_HL_Y|YL50A,KY97A",4.0,1.1922271,0,1
"3HFM_HL_Y|YL50A,RY21A",4.0,1.3301938,0,1
3HFM_HL_Y|YL50F,2.3548672,0.33081207,0,1
"3HFM_HL_Y|YL50F,RY21A",4.0,0.73269147,0,1
"3HFM_HL_Y|YL50F,YY20A",4.0,1.6669633,0,1
3HFM_HL_Y|YL50L,4.0,-0.12503053,0,1
3HFM_HL_Y|YL96A,2.707045,1.1818124,0,1
"3HFM_HL_Y|YL96A,RY21A",4.0,1.6085428,0,1
3HFM_HL_Y|YL96F,1.4017794,0.22850943,0,1
"3HFM_HL_Y|YL96F,RY21A",4.0,0.6345978,0,1
3HFM_HL_Y|YY20A,4.0,1.3444756,0,1
3HFM_HL_Y|YY20F,-0.4839681,0.29396075,0,1
3HFM_HL_Y|YY20L,2.1845057,1.0095792,0,1
3SE9_HL_G|DH77A,-0.7664817,0.03900738,0,1
3SE9_HL_G|EL90A,0.41735974,1.3204453,0,1
3SE9_HL_G|FL91A,0.023615688,1.1091369,0,1
3SE9_HL_G|GH106A,-0.3075798,0.47197807,0,1
3SE9_HL_G|GH107A,-0.6151596,0.59213746,0,1
3SE9_HL_G|GH109A,0.18514356,1.2601681,0,1
3SE9_HL_G|GH57A,0.4524448,0.7401699,0,1
3SE9_HL_G|GH62A,0.04634,0.64144087,0,1
3SE9_HL_G|GL29A,0.46369976,0.5263126,0,1
3SE9_HL_G|LH34A,0.56599987,1.6043344,0,1
3SE9_HL_G|LL89A,0.964243,0.9649584,0,1
3SE9_HL_G|NH60A,1.5217615,1.1274632,0,1
3SE9_HL_G|PH64A,-0.4419396,-0.116390675,0,1
3SE9_HL_G|RH67A,1.4695449,0.7245366,0,1
3SE9_HL_G|RH74A,2.6792572,1.6036532,0,1
3SE9_HL_G|RH76A,-0.2322162,0.8436169,0,1
3SE9_HL_G|TH105A,-0.4419396,0.36675227,0,1
3SE9_HL_G|TH56A,-0.85929936,0.38248762,0,1
3SE9_HL_G|VH55A,-0.85929936,0.3834405,0,1
3SE9_HL_G|VH59A,0.9833596,0.58776987,0,1
3SE9_HL_G|VL3A,-0.49433115,0.18781482,0,1
3SE9_HL_G|WH48A,1.0584464,1.3221924,0,1
3SE9_HL_G|WH51A,1.275695,1.426779,0,1
3SE9_HL_G|YH104A,0.46369976,1.4836341,0,1
3SE9_HL_G|YL28A,1.1177194,1.1222125,0,1
4U6H_AB_E|NE21A,-0.3480795,0.3935936,0,1
4U6H_AB_E|QE25A,0.11883454,0.8831048,0,1
4ZS6_HL_A|EA156A,3.0386665,1.2714626,0,1
4ZS6_HL_A|YA160A,-0.11025046,2.7009797,0,1
1AHW_AB_C|DC167A,-0.4845926,0.211266,0,2
"1AHW_AB_C|KC138A,DC139A",1.1814722,0.2720629,0,2
"1AHW_AB_C|KC154A,KC155A",-1.329712,0.25589156,0,2
1AHW_AB_C|LC165A,0.9869364,0.21552101,0,2
1AHW_AB_C|NC188A,1.0782224,0.16506457,0,2
"1AHW_AB_C|TC110A,KC111A",0.6388569,0.26398522,0,2
1AHW_AB_C|TC156A,-0.07411996,0.1520923,0,2
1AHW_AB_C|TC159A,1.105771,0.1929617,0,2
1AHW_AB_C|TC186A,1.345882,0.17477667,0,2
1AHW_AB_C|VC187A,-0.31423107,0.16564605,0,2
1AHW_AB_C|YC146A,-1.8890098,0.16875933,0,2
1BJ1_HL_VW|HH101Y,-1.5835956,-0.002632022,0,2
"1BJ1_HL_VW|HH101Y,YH103I,GH104A,SH105K",-0.43125325,0.14220908,0,2
"1BJ1_HL_VW|HH101Y,YH103R,GH104N,SH105T",-0.7626503,0.10659839,0,2
"1BJ1_HL_VW|HH101Y,YH103R,SH105T",-1.173123,0.059484385,0,2
1BJ1_HL_VW|HH107A,0.78965265,0.16893207,0,2
"1BJ1_HL_VW|LH72I,TH74K",0.076517485,0.04050282,0,2
"1BJ1_HL_VW|LH72V,TH74V",0.6706598,-0.014533956,0,2
"1BJ1_HL_VW|ML4L,TH28D,NH31H,HH101Y,SH105T",-1.52138,-0.16664886,0,2
1BJ1_HL_VW|NH31H,-0.7626503,-0.0027475096,0,2
1BJ1_HL_VW|SH105T,-0.39039657,0.100640416,0,2
1BJ1_HL_VW|TH28D,-0.22003505,0.015784686,0,2
"1BJ1_HL_VW|TH28D,NH31H",-0.6929008,-0.07481909,0,2
"1BJ1_HL_VW|TH28D,NH31H,YH54W,HH101Y,SH105T",-1.2034981,-0.12652607,0,2
1BJ1_HL_VW|TH59A,0.85066694,0.02960228,0,2
1BJ1_HL_VW|YH27A,2.2425284,0.17188989,0,2
1BJ1_HL_VW|YH54A,1.3276595,0.18134594,0,2
1BJ1_HL_VW|YH54W,-0.13726985,0.118728414,0,2
1BJ1_HL_VW|YH99A,4.0,0.21059999,0,2
1DQJ_AB_C|DB32A,2.0134337,0.060096756,0,2
"1DQJ_AB_C|DB32A,KC97A",1.1223834,0.13999411,0,2
1DQJ_AB_C|DC101A,1.3765504,0.060457632,0,2
1DQJ_AB_C|KC96A,4.0,0.08970563,0,2
1DQJ_AB_C|KC97A,3.5197058,0.07493128,0,2
1DQJ_AB_C|LC75A,1.452407,0.027615003,0,2
1DQJ_AB_C|NA31A,2.0134337,0.0055869296,0,2
1DQJ_AB_C|NA32A,4.0,0.0052813776,0,2
"1DQJ_AB_C|NA32A,KC96A",4.0,0.09726861,0,2
1DQJ_AB_C|NC93A,0.64987326,0.050433055,0,2
1DQJ_AB_C|RC21A,1.2137709,0.035993695,0,2
1DQJ_AB_C|SA91A,1.4318883,0.01217955,0,2
"1DQJ_AB_C|SA91A,RC21A",3.1707318,0.05121838,0,2
"1DQJ_AB_C|SA91A,YC20A",3.573092,0.056000993,0,2
1DQJ_AB_C|SC100A,0.7755829,0.07082468,0,2
1DQJ_AB_C|TC89A,0.84084374,0.06745458,0,2
1DQJ_AB_C|WB98A,4.0,0.056731522,0,2
"1DQJ_AB_C|WB98A,KC97A",4.0,0.1396997,0,2
"1DQJ_AB_C|WB98A,SC100A",4.0,0.13517869,0,2
"1DQJ_AB_C|WB98A,YC20A",4.0,0.10186096,0,2
1DQJ_AB_C|WC62A,0.7580786,0.062119775,0,2
1DQJ_AB_C|WC63A,1.3462692,0.06747152,0,2
1DQJ_AB_C|YA50A,2.678299,0.0745043,0,2
1DQJ_AB_C|YA96A,1.135051,0.10191226,0,2
"1DQJ_AB_C|YA96A,RC21A",3.4851997,0.13552122,0,2
"1DQJ_AB_C|YA96A,SC100A",0.91344726,0.17373338,0,2
1DQJ_AB_C|YB33A,4.0,0.078256726,0,2
1DQJ_AB_C|YB50A,4.0,0.09053314,0,2
1DQJ_AB_C|YB53A,1.1802781,0.13085477,0,2
"1DQJ_AB_C|YB53A,DC101A",2.727121,0.18963818,0,2
"1DQJ_AB_C|YB53A,LC75A",1.2168618,0.16112578,0,2
"1DQJ_AB_C|YB53A,WC62A",1.286308,0.1958063,0,2
"1DQJ_AB_C|YB53A,WC63A",2.1992323,0.20307162,0,2
1DQJ_AB_C|YC20A,3.2857084,0.039166175,0,2
1XGT_AB_C|LB33A,2.1988916,0.043874677,0,2
1XGT_AB_C|LB33F,-1.8617703,-0.020207595,0,2
1XGT_AB_C|LB33I,-0.061315425,-0.010072477,0,2
1XGT_AB_C|LB33V,1.0463123,-0.024687078,0,2
"3BDY_HL_V|DL28N,PL30A,RL31K,SL32T,TL97S,TL98S",-0.9690793,-0.051979546,0,2
"3BDY_HL_V|DL28N,PL30A,RL31K,SL32T,TL97S,TL98S,KH31S,DH32G,TH55S,NH56E,GH101V,DH103V",-2.7154896,-0.57582986,0,2
"3BDY_HL_V|DL28N,PL30A,RL31K,SL32T,TL97S,TL98S,KH31S,DH32G,TH55S,NH56E,GH101V,DH103V,RH51A,RH60A",-2.7728782,-0.49108544,0,2
"3BDY_HL_V|DL28N,PL30A,RL31K,SL32T,YL57F,TL97S,TL98S",-0.97316396,-0.012928974,0,2
"3BDY_HL_V|DL28N,PL30A,RL31K,SL32T,YL57F,TL97S,TL98S,KH31S,DH32G,TH55S,NH56E,GH101V,DH103V",-2.727121,-0.53640914,0,2
3HFM_HL_Y|DH32A,1.8982269,0.0026316866,0,2
"3HFM_HL_Y|DH32A,KY97A",4.0,0.07203911,0,2
"3HFM_HL_Y|DH32A,KY97M",1.1234494,0.011280095,0,2
3HFM_HL_Y|DH32N,0.17036153,-0.028069455,0,2
"3HFM_HL_Y|DH32N,KY97A",4.0,0.04065117,0,2
"3HFM_HL_Y|DH32N,KY97M",0.3025042,-0.018563386,0,2
3HFM_HL_Y|DY101A,1.2081919,-0.004151348,0,2
3HFM_HL_Y|DY101E,2.132881,-0.034599457,0,2
3HFM_HL_Y|DY101F,2.3282614,-0.069486335,0,2
3HFM_HL_Y|DY101G,0.35884774,-0.02159113,0,2
3HFM_HL_Y|DY101K,2.1245396,-0.06853387,0,2
3HFM_HL_Y|DY101N,1.4911126,-0.03474019,0,2
3HFM_HL_Y|DY101Q,2.0851746,-0.044609044,0,2
3HFM_HL_Y|DY101R,2.2798727,-0.042680662,0,2
3HFM_HL_Y|DY101S,1.8694,-0.082012996,0,2
3HFM_HL_Y|GY102V,0.395285,-0.04769211,0,2
3HFM_HL_Y|HY15A,-0.4453172,0.005868107,0,2
3HFM_HL_Y|IY98A,0.0,-0.004038159,0,2
3HFM_HL_Y|KY96A,4.0,0.01818137,0,2
3HFM_HL_Y|KY96M,4.0,0.0014380403,0,2
3HFM_HL_Y|KY96R,4.0,0.008195709,0,2
3HFM_HL_Y|KY97A,4.0,0.012209771,0,2
3HFM_HL_Y|KY97D,4.0,-0.061457064,0,2
3HFM_HL_Y|KY97E,3.6045077,0.014821246,0,2
3HFM_HL_Y|KY97G,4.0,-0.036532793,0,2
3HFM_HL_Y|KY97M,0.9469717,-0.045508113,0,2
3HFM_HL_Y|KY97R,3.0528512,-0.014217645,0,2
3HFM_HL_Y|LY75A,0.70445603,-0.022026438,0,2
3HFM_HL_Y|NL31A,4.0,-0.051563103,0,2
"3HFM_HL_Y|NL31A,KY96A",4.0,0.024467308,0,2
3HFM_HL_Y|NL31D,1.3434845,-0.09503059,0,2
3HFM_HL_Y|NL31E,4.0,-0.115481764,0,2
3HFM_HL_Y|NL32A,4.0,-0.047573205,0,2
3HFM_HL_Y|NY19D,0.41047263,-0.07510184,0,2
3HFM_HL_Y|NY19K,0.2401111,-0.08448525,0,2
3HFM_HL_Y|NY19Q,-0.042485796,-0.060252625,0,2
3HFM_HL_Y|NY93A,0.21121821,-0.0004253462,0,2
3HFM_HL_Y|QL53A,0.9530879,0.007180948,0,2
3HFM_HL_Y|RY21A,0.8618019,-0.018243898,0,2
3HFM_HL_Y|RY21E,2.4534352,-0.06939715,0,2
3HFM_HL_Y|RY21G,2.4220753,-0.060216907,0,2
3HFM_HL_Y|RY21H,2.1693182,-0.073164746,0,2
3HFM_HL_Y|RY21K,1.766342,-0.09764616,0,2
3HFM_HL_Y|RY21M,2.0498905,-0.06181262,0,2
3HFM_HL_Y|RY21N,2.3282614,-0.06167755,0,2
3HFM_HL_Y|RY21Q,2.3975346,-0.08160891,0,2
3HFM_HL_Y|RY21W,2.132881,-0.039034817,0,2
3HFM_HL_Y|RY73A,-0.3313971,-0.062450748,0,2
3HFM_HL_Y|SH31A,0.17036153,-0.095059186,0,2
3HFM_HL_Y|SY100A,0.26765963,0.015637364,0,2
3HFM_HL_Y|TY89A,0.0,0.008411277,0,2
3HFM_HL_Y|WH98A,4.0,-0.0032238998,0,2
"3HFM_HL_Y|WH98A,KY96A",4.0,0.0763257,0,2
3HFM_HL_Y|WH98F,3.245562,-0.100056276,0,2
"3HFM_HL_Y|WH98F,YY20A",4.0,-0.06831947,0,2
3HFM_HL_Y|WY63A,0.31918663,0.003938958,0,2
3HFM_HL_Y|YH33A,4.0,0.020931408,0,2
"3HFM_HL_Y|YH33A,KY97A",4.0,0.086371034,0,2
3HFM_HL_Y|YH33F,1.0712212,-0.030706037,0,2
3HFM_HL_Y|YH33L,2.0069382,-0.025694925,0,2
3HFM_HL_Y|YH33W,1.7495645,-0.012740266,0,2
3HFM_HL_Y|YH50A,4.0,0.039943643,0,2
"3HFM_HL_Y|YH50A,RY21A",4.0,0.071173534,0,2
3HFM_HL_Y|YH50F,1.6099914,-0.011998486,0,2
3HFM_HL_Y|YH50L,2.8488367,-0.025850754,0,2
3HFM_HL_Y|YH53A,3.25038,0.0740771,0,2
3HFM_HL_Y|YH53F,0.62049925,-0.02139439,0,2
3HFM_HL_Y|YH53L,0.8068894,-0.02746429,0,2
3HFM_HL_Y|YH53W,0.7061819,-0.009185128,0,2
3HFM_HL_Y|YH58A,1.6760437,0.0872044,0,2
3HFM_HL_Y|YH58F,0.36312544,-0.045552302,0,2
3HFM_HL_Y|YH58L,1.5136731,-0.024532836,0,2
3HFM_HL_Y|YL50A,4.0,0.016241452,0,2
"3HFM_HL_Y|YL50A,KY96A",4.0,0.088247344,0,2
"3HFM_HL_Y|YL50A,KY97A",4.0,0.08116461,0,2
"3HFM_HL_Y|YL50A,RY21A",4.0,0.048862066,0,2
3HFM_HL_Y|YL50F,2.3548672,-0.023123797,0,2
"3HFM_HL_Y|YL50F,RY21A",4.0,0.010347024,0,2
"3HFM_HL_Y|YL50F,YY20A",4.0,0.008548271,0,2
3HFM_HL_Y|YL50L,4.0,-0.02252395,0,2
3HFM_HL_Y|YL96A,2.707045,0.044121645,0,2
"3HFM_HL_Y|YL96A,RY21A",4.0,0.07527292,0,2
3HFM_HL_Y|YL96F,1.4017794,-0.015487861,0,2
"3HFM_HL_Y|YL96F,RY21A",4.0,0.017593555,0,2
3HFM_HL_Y|YY20A,4.0,-0.023925606,0,2
3HFM_HL_Y|YY20F,-0.4839681,-0.06077696,0,2
3HFM_HL_Y|YY20L,2.1845057,-0.055334743,0,2
3SE9_HL_G|DH77A,-0.7664817,0.060387302,0,2
3SE9_HL_G|EL90A,0.41735974,0.10171423,0,2
3SE9_HL_G|FL91A,0.023615688,0.06887415,0,2
3SE9_HL_G|GH106A,-0.3075798,0.08591202,0,2
3SE9_HL_G|GH107A,-0.6151596,0.07262787,0,2
3SE9_HL_G|GH109A,0.18514356,0.06873162,0,2
3SE9_HL_G|GH57A,0.4524448,0.06777787,0,2
3SE9_HL_G|GH62A,0.04634,0.049354654,0,2
3SE9_HL_G|GL29A,0.46369976,0.083208285,0,2
3SE9_HL_G|LH34A,0.56599987,0.05397319,0,2
3SE9_HL_G|LL89A,0.964243,0.1026119,0,2
3SE9_HL_G|NH60A,1.5217615,0.01042009,0,2
3SE9_HL_G|PH64A,-0.4419396,0.011737838,0,2
3SE9_HL_G|RH67A,1.4695449,0.031328686,0,2
3SE9_HL_G|RH74A,2.6792572,0.045743994,0,2
3SE9_HL_G|RH76A,-0.2322162,0.04043605,0,2
3SE9_HL_G|TH105A,-0.4419396,-0.03019977,0,2
3SE9_HL_G|TH56A,-0.85929936,-0.032312136,0,2
3SE9_HL_G|VH55A,-0.85929936,0.18121067,0,2
3SE9_HL_G|VH59A,0.9833596,0.13804267,0,2
3SE9_HL_G|VL3A,-0.49433115,0.11513348,0,2
3SE9_HL_G|WH48A,1.0584464,0.021792741,0,2
3SE9_HL_G|WH51A,1.275695,0.06832741,0,2
3SE9_HL_G|YH104A,0.46369976,0.10464984,0,2
3SE9_HL_G|YL28A,1.1177194,0.10723749,0,2
4U6H_AB_E|NE21A,-0.3480795,0.0660174,0,2
4U6H_AB_E|QE25A,0.11883454,0.040899757,0,2
4ZS6_HL_A|EA156A,3.0386665,0.09680067,0,2
4ZS6_HL_A|YA160A,-0.11025046,0.095138595,0,2
1KIP_AB_C|AB32Y,-0.8005932,-1.5041603,1,0
1XGU_AB_C|FB33A,4.0,0.9442566,1,0
1XGU_AB_C|FB33I,1.8004549,0.17914814,1,0
1XGU_AB_C|FB33L,1.8617703,0.020686701,1,0
1XGU_AB_C|FB33V,2.9080825,-0.13548388,1,0
2B2X_HL_A|EH64K,-0.033433665,0.33465677,1,0
"2B2X_HL_A|EH64K,QL28S,YL52N",0.911615,0.50532323,1,0
"2B2X_HL_A|EH64K,QL28S,YL52N,GH102S",2.7106705,0.26977026,1,0
"2B2X_HL_A|EH64K,QL28S,YL52N,SH35A",3.119054,1.2899101,1,0
"2B2X_HL_A|EH64K,QL28S,YL52N,SH35V",3.770335,0.6309994,1,0
"2B2X_HL_A|EH64K,YL52N",0.34853002,0.75127727,1,0
"2B2X_HL_A|QL28S,YL52N",0.8626942,0.11524494,1,0
2B2X_HL_A|VH50T,0.024054652,0.4266417,1,0
"2B2X_HL_A|VH50T,EH64D,QL28S,YL52N",0.87177193,0.64218473,1,0
"2B2X_HL_A|VH50T,EH64K,QL28S",0.991589,0.54915357,1,0
"2B2X_HL_A|VH50T,EH64K,QL28S,YL52D",1.5439764,0.820952,1,0
"2B2X_HL_A|VH50T,EH64K,QL28S,YL52E",0.95452905,0.78964084,1,0
"2B2X_HL_A|VH50T,EH64K,QL28S,YL52K",1.7007239,1.171798,1,0
"2B2X_HL_A|VH50T,EH64K,QL28S,YL52N",1.043214,0.9847881,1,0
"2B2X_HL_A|VH50T,EH64K,QL28S,YL52N,FH99W",1.043214,0.7364735,1,0
"2B2X_HL_A|VH50T,EH64K,QL28S,YL52N,FH99Y",1.7978828,0.17112356,1,0
"2B2X_HL_A|VH50T,EH64K,QL28S,YL52N,GH100F",1.4322319,1.2758476,1,0
"2B2X_HL_A|VH50T,EH64K,QL28S,YL52N,GH100L",3.770335,1.0664207,1,0
"2B2X_HL_A|VH50T,EH64K,QL28S,YL52N,GH100M",1.145348,0.9697172,1,0
"2B2X_HL_A|VH50T,EH64K,QL28S,YL52N,GH100S",1.6009614,0.78304005,1,0
"2B2X_HL_A|VH50T,EH64K,QL28S,YL52N,GH53A",1.5558206,1.7362103,1,0
"2B2X_HL_A|VH50T,EH64K,QL28S,YL52N,GH53N",2.2985272,1.1614397,1,0
"2B2X_HL_A|VH50T,EH64K,QL28S,YL52N,GH53S",1.7188073,0.8481133,1,0
"2B2X_HL_A|VH50T,EH64K,QL28S,YL52N,GH54I",2.4067745,1.1085694,1,0
"2B2X_HL_A|VH50T,EH64K,QL28S,YL52N,GH54T",2.2073808,1.5294163,1,0
"2B2X_HL_A|VH50T,EH64K,QL28S,YL52N,GH54Y",1.043214,0.31185347,1,0
"2B2X_HL_A|VH50T,EH64K,QL28S,YL52N,GL92Q",2.6158988,1.1633624,1,0
"2B2X_HL_A|VH50T,EH64K,QL28S,YL52N,GL92S",1.5558206,0.8965811,1,0
"2B2X_HL_A|VH50T,EH64K,QL28S,YL52N,HL31K",2.2073808,1.2410978,1,0
"2B2X_HL_A|VH50T,EH64K,QL28S,YL52N,HL31R",2.1670115,0.96275467,1,0
"2B2X_HL_A|VH50T,EH64K,QL28S,YL52N,HL31W",2.2985272,1.0439609,1,0
"2B2X_HL_A|VH50T,EH64K,QL28S,YL52N,LH60D",0.981894,0.79304534,1,0
"2B2X_HL_A|VH50T,EH64K,QL28S,YL52N,LL49F",1.7554936,1.3078533,1,0
"2B2X_HL_A|VH50T,EH64K,QL28S,YL52N,LL49K",1.9044149,1.152661,1,0
"2B2X_HL_A|VH50T,EH64K,QL28S,YL52N,LL49W",2.9507816,0.9567781,1,0
"2B2X_HL_A|VH50T,EH64K,QL28S,YL52N,NL30V",2.0925434,0.7351477,1,0
"2B2X_HL_A|VH50T,EH64K,QL28S,YL52N,NL30W",2.6158988,0.76913583,1,0
"2B2X_HL_A|VH50T,EH64K,QL28S,YL52N,NL30Y",2.9507816,0.18713333,1,0
"2B2X_HL_A|VH50T,EH64K,QL28S,YL52N,NL30Y,SL91I",1.4775821,0.5245803,1,0
"2B2X_HL_A|VH50T,EH64K,QL28S,YL52N,RH31Q",2.350542,1.0043504,1,0
"2B2X_HL_A|VH50T,EH64K,QL28S,YL52N,SH35A",2.6158988,1.7961673,1,0
"2B2X_HL_A|VH50T,EH64K,QL28S,YL52N,SH35A,GH102S",2.6158988,1.5288352,1,0
"2B2X_HL_A|VH50T,EH64K,QL28S,YL52N,SH35Q",3.770335,1.3033713,1,0
"2B2X_HL_A|VH50T,EH64K,QL28S,YL52N,SH35V,GH102S",2.4688888,0.8913913,1,0
"2B2X_HL_A|VH50T,EH64K,QL28S,YL52N,SH52M",3.119054,1.0255274,1,0
"2B2X_HL_A|VH50T,EH64K,QL28S,YL52N,SL24R",0.82788163,1.1225773,1,0
"2B2X_HL_A|VH50T,EH64K,QL28S,YL52N,SL91Q",2.8172472,1.235697,1,0
"2B2X_HL_A|VH50T,EH64K,QL28S,YL52N,SL91R",3.770335,1.2861784,1,0
"2B2X_HL_A|VH50T,EH64K,QL28S,YL52N,SL91R,NL30E",3.770335,0.9814177,1,0
"2B2X_HL_A|VH50T,EH64K,QL28S,YL52N,SL91T",3.3598623,1.5524541,1,0
"2B2X_HL_A|VH50T,EH64K,QL28S,YL52N,TH33E,GH53Q",2.7106705,0.6135696,1,0
"2B2X_HL_A|VH50T,EH64K,QL28S,YL52N,TH33I,SH52T,GH53N,GH54N",2.9507816,1.8529223,1,0
"2B2X_HL_A|VH50T,EH64K,QL28S,YL52N,TH33I,SH52T,GH53Q,GH54F",2.2985272,1.5298856,1,0
"2B2X_HL_A|VH50T,EH64K,QL28S,YL52N,TH33N",3.770335,0.7191913,1,0
"2B2X_HL_A|VH50T,EH64K,QL28S,YL52N,TH33V",1.4775821,0.56352335,1,0
"2B2X_HL_A|VH50T,EH64K,QL28S,YL52N,WL90Q",3.119054,1.2330475,1,0
"2B2X_HL_A|VH50T,EH64K,QL28S,YL52N,WL90Q,FL33Y",1.914233,0.5126675,1,0
"2B2X_HL_A|VH50T,EH64K,QL28S,YL52N,YH58E",3.119054,1.1982179,1,0
"2B2X_HL_A|VH50T,EH64K,QL28S,YL52N,YH58Q",3.119054,1.6724207,1,0
"2B2X_HL_A|VH50T,EH64K,QL28S,YL52N,YH58W",1.8641591,1.3613597,1,0
"2B2X_HL_A|VH50T,EH64K,QL28S,YL52N,YH59E",1.5872209,1.2169995,1,0
"2B2X_HL_A|VH50T,EH64K,QL28S,YL52R",1.8880546,1.0362054,1,0
"2B2X_HL_A|VH50T,EH64K,YL52N",0.28173435,1.2302462,1,0
"2B2X_HL_A|VH50T,EH64N,QL28S,YL52N",1.0069425,0.8561395,1,0
"2B2X_HL_A|VH50T,EH64Q,QL28S,YL52N",0.96559924,0.90250164,1,0
"2B2X_HL_A|VH50T,EH64Q,QL28S,YL52N,LH60D",1.0862032,0.6933305,1,0
"2B2X_HL_A|VH50T,QL28S,YL52N",0.96559924,0.60409176,1,0
"2B2X_HL_A|VH50T,QL28S,YL52N,LH60D",0.90141344,0.3883605,1,0
"2B2X_HL_A|VH50T,YL52N",0.18636756,0.8521747,1,0
2B2X_HL_A|YL52E,-0.22410508,0.18030071,1,0
2VIR_AB_C|SC115L,3.680209,-0.1365396,1,0
2VIR_AB_C|TC89I,4.0,0.1930951,1,0
"3G6D_LH_A|EL3V,GL76R,TL77V,QL78E,EL80G",0.13981691,-0.73625886,1,0
"3G6D_LH_A|EL3V,GL76R,TL77V,QL78E,EL80G,DH54N",0.111178115,-0.6244109,1,0
"3G6D_LH_A|EL3V,GL76R,TL77V,QL78E,EL80G,TL89S,ML92I,VL93D,TL94K",0.27145106,-1.3956333,1,0
3G6D_LH_A|HH104A,-0.9530879,0.9710733,1,0
"3G6D_LH_A|KH210T,KH215T",-0.13294782,0.7094703,1,0
"3G6D_LH_A|TL89S,ML92I,VL93D,TL94K",0.7979767,-0.6281555,1,0
3G6D_LH_A|WH105A,-1.4965084,1.0382465,1,0
"3IDX_HL_G|CG27I,CG242Q",-2.4650376,-0.17756802,1,0
"3IDX_HL_G|CG27I,CG242Q,MG247A",-2.1736174,0.888371,1,0
"3IDX_HL_G|KG85C,EG121C,CG27I,CG242Q",-2.3776865,0.6189053,1,0
"3IDX_HL_G|KG85C,EG121C,WG13M,MG247A,CG14W,CG129V,CG27I,CG242Q",-2.1922898,1.6865257,1,0
"3IDX_HL_G|KG85C,EG122C,WG13M,MG247A,CG14W,CG129V,CG27I,CG242Q",-2.2927184,1.4995437,1,0
"3IDX_HL_G|TG41C,GG245C,MG247A",0.40945426,0.9810613,1,0
"3IDX_HL_G|TG41C,GG245C,WG13M,MG247A,CG14W,CG129V,CG27I,CG242Q",-2.3310676,0.78132105,1,0
"3IDX_HL_G|WG13M,MG247A,CG14W,CG129V",-0.6475391,0.8258587,1,0
"3IDX_HL_G|WG13M,MG247A,CG14W,CG129V,CG27I,CG242Q",-2.3479884,0.97100097,1,0
"3IDX_HL_G|WG13M,MG247A,CG14W,CG129V,KG85C,EG121C",-0.36166522,1.4212594,1,0
"3IDX_HL_G|WG13M,SG111T,WG200S,MG247A,CG14W,CG129V,CG27I,CG242Q",-1.8639641,1.022942,1,0
"3L5X_A_HL|EL93F,YL94G",-0.42800838,1.2640289,1,0
"3L5X_A_HL|EL93H,YL94G",-0.7626503,0.7449302,1,0
"3L5X_A_HL|HL91P,NL92I,EL93D,YL94A",-0.6466697,2.2179344,1,0
"3L5X_A_HL|HL91P,NL92L,EL93D,YL94S",-0.6327897,0.8418257,1,0
"3L5X_A_HL|HL91P,NL92L,EL93D,YL94T",-0.81005055,1.7034811,1,0
"3L5X_A_HL|HL91P,NL92L,EL93D,YL94V",-0.85822237,0.97308236,1,0
"3L5X_A_HL|HL91P,NL92L,YL94A",-0.44441348,2.062121,1,0
"3L5X_A_HL|HL91Q,NL92D,EL93I,YL94G",-1.5503801,1.1058711,1,0
"3L5X_A_HL|HL91Q,NL92D,EL93L,YL94G",-1.785132,0.96727616,1,0
"3L5X_A_HL|HL91Q,NL92D,EL93Y,YL94G",-1.451453,-0.08540067,1,0
"3L5X_A_HL|NL92D,EL93L,YL94G",-0.42962858,0.89867157,1,0
"3L5X_A_HL|NL92D,EL93N,YL94S",-0.53403836,0.749031,1,0
"3L5X_A_HL|NL92D,EL93P,YL94G",-1.4699602,1.1564859,1,0
"3L5X_A_HL|NL92D,EL93R,YL94D",-0.52253926,0.76773113,1,0
"3L5X_A_HL|NL92D,EL93W,YL94E",-1.1963489,0.28993976,1,0
"3L5X_A_HL|NL92D,EL93W,YL94G",-1.6825228,0.6061208,1,0
"3L5X_A_HL|NL92D,EL93W,YL94S",-0.71612674,0.45057315,1,0
"3L5X_A_HL|NL92D,EL93Y,YL94A",-0.8069743,1.0792165,1,0
"3L5X_A_HL|NL92E,EL93S,YL94G",-1.2653587,0.053888895,1,0
"3L5X_A_HL|NL92E,EL93W,YL94G",-1.5503801,0.12657054,1,0
"3L5X_A_HL|NL92F,EL93W,YL94G",-1.2329907,1.0558197,1,0
"3L5X_A_HL|NL92L,EL93D,YL94S",-0.6170473,0.5560092,1,0
"3L5X_A_HL|NL92L,EL93L,YL94G",-0.6259698,0.9785591,1,0
"3L5X_A_HL|NL92L,EL93M,YL94G",-0.82567644,0.9578722,1,0
"3L5X_A_HL|NL92L,EL93N,YL94G",-0.6954369,0.99873453,1,0
"3L5X_A_HL|NL92S,EL93H,YL94G",-1.2457265,0.44605356,1,0
"3L5X_A_HL|NL92S,EL93I,YL94G",-0.8069743,0.857747,1,0
"3L5X_A_HL|NL92S,EL93S,YL94G",-0.24921271,0.4148774,1,0
"3L5X_A_HL|NL92S,EL93V,YL94G",-0.51687235,0.41798478,1,0
"3L5X_A_HL|NL92S,EL93W,YL94A",-0.30302802,1.5703987,1,0
"3L5X_A_HL|NL92S,EL93W,YL94G",-1.2720501,0.5388769,1,0
"3L5X_A_HL|NL92S,EL93Y,YL94G",-0.9641868,-0.21936537,1,0
"3L5X_A_HL|NL92V,EL93G,YL94G",-0.46300006,0.47342795,1,0
"3L5X_A_HL|NL92V,EL93W,YL94G",-0.83525383,0.4634953,1,0
3L5X_A_HL|YL94A,-0.82885176,1.8127948,1,0
3N85_A_LH|SH32A,-0.13401966,0.55107826,1,0
3N85_A_LH|SH32Y,0.0571225,-0.42235446,1,0
3N85_A_LH|SH50G,0.48767117,0.046858676,1,0
3N85_A_LH|SH52Y,-0.78460336,-0.737072,1,0
3N85_A_LH|WH100F,-0.015185109,0.33133346,1,0
3N85_A_LH|WH30K,-0.78460336,0.079285696,1,0
3N85_A_LH|WH30R,-0.5539675,-0.08877131,1,0
3N85_A_LH|WL91F,0.13959166,0.3212999,1,0
3N85_A_LH|WL94Y,-0.03871881,-0.6526012,1,0
3SE8_HL_G|DH110A,-0.38934898,0.59761757,1,0
3SE8_HL_G|DH114A,-0.2441398,0.64573807,1,0
3SE8_HL_G|DL49A,0.8558488,0.60250497,1,0
3SE8_HL_G|EL1A,-0.5565174,1.0836071,1,0
3SE8_HL_G|EL91A,1.513491,1.0828851,1,0
3SE8_HL_G|FH115A,1.0676043,0.40775734,1,0
3SE8_HL_G|FL90A,-0.8640972,0.9650896,1,0
3SE8_HL_G|FL92A,0.8323254,0.5354388,1,0
3SE8_HL_G|GH56A,0.3570972,0.79064816,1,0
3SE8_HL_G|KH52A,1.1114144,0.63460463,1,0
3SE8_HL_G|LH54A,0.054776184,1.103306,1,0
3SE8_HL_G|NL30A,0.19434923,0.82725364,1,0
3SE8_HL_G|PH78A,0.01881787,0.7427299,1,0
3SE8_HL_G|PH81A,-0.07091986,0.3776242,1,0
3SE8_HL_G|QH63A,1.1144251,0.61030406,1,0
3SE8_HL_G|QH65A,0.54980505,0.77316344,1,0
3SE8_HL_G|QH76A,0.09689985,0.89538914,1,0
3SE8_HL_G|QL27A,-0.21612903,0.67146885,1,0
3SE8_HL_G|RH30A,-0.03949762,0.8345364,1,0
3SE8_HL_G|RH62A,1.2061691,0.6510778,1,0
3SE8_HL_G|RH72A,2.6444623,0.7373265,1,0
3SE8_HL_G|SH59A,1.1508402,1.1392496,1,0
3SE8_HL_G|VH58A,1.2496852,1.2622585,1,0
3SE8_HL_G|WH47A,1.4751467,0.44051635,1,0
3SE8_HL_G|WH50A,1.333526,0.74882287,1,0
3SE8_HL_G|WH55A,0.7611056,1.1872982,1,0
3SE8_HL_G|YH111A,0.82992166,1.4530615,1,0
3SE8_HL_G|YH60A,0.8558488,1.3648329,1,0
4KRL_A_B|DB112A,0.6496817,0.79675233,1,0
5C6T_HL_A|EA194A,1.0906719,1.2589723,1,0
5C6T_HL_A|FA192A,1.9972014,1.497619,1,0
5C6T_HL_A|FA199A,2.7581792,1.6058347,1,0
5C6T_HL_A|FA200A,0.41047263,1.738939,1,0
5C6T_HL_A|FH99A,1.4600298,0.54326075,1,0
5C6T_HL_A|IA201A,0.88561165,1.2840385,1,0
5C6T_HL_A|NA183A,0.28399685,1.3032992,1,0
5C6T_HL_A|NA186A,0.3630724,1.2032504,1,0
5C6T_HL_A|NA188A,-0.36658686,1.3195693,1,0
"5C6T_HL_A|NA195A,DA197A",0.58650106,2.381969,1,0
5C6T_HL_A|NH97A,1.5258962,0.94917804,1,0
5C6T_HL_A|RH31S,0.3115454,-0.29122844,1,0
5C6T_HL_A|RL48A,0.1229613,1.02681,1,0
5C6T_HL_A|SH32A,-0.8683455,1.0331211,1,0
5C6T_HL_A|TA185A,0.33786914,0.9691333,1,0
5C6T_HL_A|YA182A,3.2083547,1.5222617,1,0
"5C6T_HL_A|YA182A,NA195A,DA197A",2.942425,3.8014255,1,0
5C6T_HL_A|YH104A,0.3630724,1.5627453,1,0
5C6T_HL_A|YH98A,1.7166799,1.7391542,1,0
5C6T_HL_A|YL47A,0.5516565,1.65987,1,0
1KIP_AB_C|AB32Y,-0.8005932,-1.4694971,1,1
1XGU_AB_C|FB33A,4.0,1.2755708,1,1
1XGU_AB_C|FB33I,1.8004549,0.20284167,1,1
1XGU_AB_C|FB33L,1.8617703,0.13609514,1,1
1XGU_AB_C|FB33V,2.9080825,0.09770289,1,1
2B2X_HL_A|EH64K,-0.033433665,0.40529197,1,1
"2B2X_HL_A|EH64K,QL28S,YL52N",0.911615,0.650012,1,1
"2B2X_HL_A|EH64K,QL28S,YL52N,GH102S",2.7106705,0.6925743,1,1
"2B2X_HL_A|EH64K,QL28S,YL52N,SH35A",3.119054,1.4726598,1,1
"2B2X_HL_A|EH64K,QL28S,YL52N,SH35V",3.770335,0.862456,1,1
"2B2X_HL_A|EH64K,YL52N",0.34853002,0.9698162,1,1
"2B2X_HL_A|QL28S,YL52N",0.8626942,0.36307475,1,1
2B2X_HL_A|VH50T,0.024054652,0.4586979,1,1
"2B2X_HL_A|VH50T,EH64D,QL28S,YL52N",0.87177193,0.70776397,1,1
"2B2X_HL_A|VH50T,EH64K,QL28S",0.991589,0.4300684,1,1
"2B2X_HL_A|VH50T,EH64K,QL28S,YL52D",1.5439764,0.53895104,1,1
"2B2X_HL_A|VH50T,EH64K,QL28S,YL52E",0.95452905,0.5796155,1,1
"2B2X_HL_A|VH50T,EH64K,QL28S,YL52K",1.7007239,0.94755894,1,1
"2B2X_HL_A|VH50T,EH64K,QL28S,YL52N",1.043214,0.98952264,1,1
"2B2X_HL_A|VH50T,EH64K,QL28S,YL52N,FH99W",1.043214,0.57147473,1,1
"2B2X_HL_A|VH50T,EH64K,QL28S,YL52N,FH99Y",1.7978828,0.13748,1,1
"2B2X_HL_A|VH50T,EH64K,QL28S,YL52N,GH100F",1.4322319,1.3774413,1,1
"2B2X_HL_A|VH50T,EH64K,QL28S,YL52N,GH100L",3.770335,1.4761893,1,1
"2B2X_HL_A|VH50T,EH64K,QL28S,YL52N,GH100M",1.145348,1.2875392,1,1
"2B2X_HL_A|VH50T,EH64K,QL28S,YL52N,GH100S",1.6009614,1.2814907,1,1
"2B2X_HL_A|VH50T,EH64K,QL28S,YL52N,GH53A",1.5558206,1.9401525,1,1
"2B2X_HL_A|VH50T,EH64K,QL28S,YL52N,GH53N",2.2985272,1.3863065,1,1
"2B2X_HL_A|VH50T,EH64K,QL28S,YL52N,GH53S",1.7188073,1.1387734,1,1
"2B2X_HL_A|VH50T,EH64K,QL28S,YL52N,GH54I",2.4067745,1.1596118,1,1
"2B2X_HL_A|VH50T,EH64K,QL28S,YL52N,GH54T",2.2073808,1.6013621,1,1
"2B2X_HL_A|VH50T,EH64K,QL28S,YL52N,GH54Y",1.043214,0.60167444,1,1
"2B2X_HL_A|VH50T,EH64K,QL28S,YL52N,GL92Q",2.6158988,1.3035995,1,1
"2B2X_HL_A|VH50T,EH64K,QL28S,YL52N,GL92S",1.5558206,1.0938183,1,1
"2B2X_HL_A|VH50T,EH64K,QL28S,YL52N,HL31K",2.2073808,1.2060972,1,1
"2B2X_HL_A|VH50T,EH64K,QL28S,YL52N,HL31R",2.1670115,1.0099871,1,1
"2B2X_HL_A|VH50T,EH64K,QL28S,YL52N,HL31W",2.2985272,0.7809689,1,1
"2B2X_HL_A|VH50T,EH64K,QL28S,YL52N,LH60D",0.981894,0.4729926,1,1
"2B2X_HL_A|VH50T,EH64K,QL28S,YL52N,LL49F",1.7554936,1.1078297,1,1
"2B2X_HL_A|VH50T,EH64K,QL28S,YL52N,LL49K",1.9044149,1.1322446,1,1
"2B2X_HL_A|VH50T,EH64K,QL28S,YL52N,LL49W",2.9507816,0.87114936,1,1
"2B2X_HL_A|VH50T,EH64K,QL28S,YL52N,NL30V",2.0925434,0.834977,1,1
"2B2X_HL_A|VH50T,EH64K,QL28S,YL52N,NL30W",2.6158988,0.9200042,1,1
"2B2X_HL_A|VH50T,EH64K,QL28S,YL52N,NL30Y",2.9507816,0.45823076,1,1
"2B2X_HL_A|VH50T,EH64K,QL28S,YL52N,NL30Y,SL91I",1.4775821,0.68825483,1,1
"2B2X_HL_A|VH50T,EH64K,QL28S,YL52N,RH31Q",2.350542,1.0723445,1,1
"2B2X_HL_A|VH50T,EH64K,QL28S,YL52N,SH35A",2.6158988,1.8060422,1,1
"2B2X_HL_A|VH50T,EH64K,QL28S,YL52N,SH35A,GH102S",2.6158988,1.8612913,1,1
"2B2X_HL_A|VH50T,EH64K,QL28S,YL52N,SH35Q",3.770335,1.5472062,1,1
"2B2X_HL_A|VH50T,EH64K,QL28S,YL52N,SH35V,GH102S",2.4688888,1.3006144,1,1
"2B2X_HL_A|VH50T,EH64K,QL28S,YL52N,SH52M",3.119054,0.82032365,1,1
"2B2X_HL_A|VH50T,EH64K,QL28S,YL52N,SL24R",0.82788163,1.1614203,1,1
"2B2X_HL_A|VH50T,EH64K,QL28S,YL52N,SL91Q",2.8172472,1.3139066,1,1
"2B2X_HL_A|VH50T,EH64K,QL28S,YL52N,SL91R",3.770335,1.0841094,1,1
"2B2X_HL_A|VH50T,EH64K,QL28S,YL52N,SL91R,NL30E",3.770335,0.80838746,1,1
"2B2X_HL_A|VH50T,EH64K,QL28S,YL52N,SL91T",3.3598623,1.6370398,1,1
"2B2X_HL_A|VH50T,EH64K,QL28S,YL52N,TH33E,GH53Q",2.7106705,0.7138038,1,1
"2B2X_HL_A|VH50T,EH64K,QL28S,YL52N,TH33I,SH52T,GH53N,GH54N",2.9507816,2.0807762,1,1
"2B2X_HL_A|VH50T,EH64K,QL28S,YL52N,TH33I,SH52T,GH53Q,GH54F",2.2985272,2.0792422,1,1
"2B2X_HL_A|VH50T,EH64K,QL28S,YL52N,TH33N",3.770335,0.7742733,1,1
"2B2X_HL_A|VH50T,EH64K,QL28S,YL52N,TH33V",1.4775821,0.6104101,1,1
"2B2X_HL_A|VH50T,EH64K,QL28S,YL52N,WL90Q",3.119054,1.7196106,1,1
"2B2X_HL_A|VH50T,EH64K,QL28S,YL52N,WL90Q,FL33Y",1.914233,1.0702405,1,1
"2B2X_HL_A|VH50T,EH64K,QL28S,YL52N,YH58E",3.119054,1.2205603,1,1
"2B2X_HL_A|VH50T,EH64K,QL28S,YL52N,YH58Q",3.119054,1.9034332,1,1
"2B2X_HL_A|VH50T,EH64K,QL28S,YL52N,YH58W",1.8641591,1.4016672,1,1
"2B2X_HL_A|VH50T,EH64K,QL28S,YL52N,YH59E",1.5872209,1.3373255,1,1
"2B2X_HL_A|VH50T,EH64K,QL28S,YL52R",1.8880546,0.8982084,1,1
"2B2X_HL_A|VH50T,EH64K,YL52N",0.28173435,1.3074539,1,1
"2B2X_HL_A|VH50T,EH64N,QL28S,YL52N",1.0069425,1.0519776,1,1
"2B2X_HL_A|VH50T,EH64Q,QL28S,YL52N",0.96559924,0.92064255,1,1
"2B2X_HL_A|VH50T,EH64Q,QL28S,YL52N,LH60D",1.0862032,0.4406559,1,1
"2B2X_HL_A|VH50T,QL28S,YL52N",0.96559924,0.70771813,1,1
"2B2X_HL_A|VH50T,QL28S,YL52N,LH60D",0.90141344,0.15999682,1,1
"2B2X_HL_A|VH50T,YL52N",0.18636756,1.0236005,1,1
2B2X_HL_A|YL52E,-0.22410508,0.27348858,1,1
2VIR_AB_C|SC115L,3.680209,-0.06982504,1,1
2VIR_AB_C|TC89I,4.0,0.1628263,1,1
"3G6D_LH_A|EL3V,GL76R,TL77V,QL78E,EL80G",0.13981691,-0.14308208,1,1
"3G6D_LH_A|EL3V,GL76R,TL77V,QL78E,EL80G,DH54N",0.111178115,0.44695127,1,1
"3G6D_LH_A|EL3V,GL76R,TL77V,QL78E,EL80G,TL89S,ML92I,VL93D,TL94K",0.27145106,-1.6359988,1,1
3G6D_LH_A|HH104A,-0.9530879,0.69149995,1,1
"3G6D_LH_A|KH210T,KH215T",-0.13294782,0.54270416,1,1
"3G6D_LH_A|TL89S,ML92I,VL93D,TL94K",0.7979767,-1.5454005,1,1
3G6D_LH_A|WH105A,-1.4965084,0.9696536,1,1
"3IDX_HL_G|CG27I,CG242Q",-2.4650376,-0.08163999,1,1
"3IDX_HL_G|CG27I,CG242Q,MG247A",-2.1736174,0.4402891,1,1
"3IDX_HL_G|KG85C,EG121C,CG27I,CG242Q",-2.3776865,0.383164,1,1
"3IDX_HL_G|KG85C,EG121C,WG13M,MG247A,CG14W,CG129V,CG27I,CG242Q",-2.1922898,1.079379,1,1
"3IDX_HL_G|KG85C,EG122C,WG13M,MG247A,CG14W,CG129V,CG27I,CG242Q",-2.2927184,1.020395,1,1
"3IDX_HL_G|TG41C,GG245C,MG247A",0.40945426,1.1353481,1,1
"3IDX_HL_G|TG41C,GG245C,WG13M,MG247A,CG14W,CG129V,CG27I,CG242Q",-2.3310676,1.1608288,1,1
"3IDX_HL_G|WG13M,MG247A,CG14W,CG129V",-0.6475391,0.8036056,1,1
"3IDX_HL_G|WG13M,MG247A,CG14W,CG129V,CG27I,CG242Q",-2.3479884,0.5074306,1,1
"3IDX_HL_G|WG13M,MG247A,CG14W,CG129V,KG85C,EG121C",-0.36166522,1.5274382,1,1
"3IDX_HL_G|WG13M,SG111T,WG200S,MG247A,CG14W,CG129V,CG27I,CG242Q",-1.8639641,0.51738197,1,1
"3L5X_A_HL|EL93F,YL94G",-0.42800838,1.0265847,1,1
"3L5X_A_HL|EL93H,YL94G",-0.7626503,0.8895321,1,1
"3L5X_A_HL|HL91P,NL92I,EL93D,YL94A",-0.6466697,0.93079203,1,1
"3L5X_A_HL|HL91P,NL92L,EL93D,YL94S",-0.6327897,-0.009663861,1,1
"3L5X_A_HL|HL91P,NL92L,EL93D,YL94T",-0.81005055,0.7688441,1,1
"3L5X_A_HL|HL91P,NL92L,EL93D,YL94V",-0.85822237,-0.17533456,1,1
"3L5X_A_HL|HL91P,NL92L,YL94A",-0.44441348,1.337669,1,1
"3L5X_A_HL|HL91Q,NL92D,EL93I,YL94G",-1.5503801,-0.03218143,1,1
"3L5X_A_HL|HL91Q,NL92D,EL93L,YL94G",-1.785132,0.1362256,1,1
"3L5X_A_HL|HL91Q,NL92D,EL93Y,YL94G",-1.451453,-0.9939237,1,1
"3L5X_A_HL|NL92D,EL93L,YL94G",-0.42962858,-0.1054261,1,1
"3L5X_A_HL|NL92D,EL93N,YL94S",-0.53403836,-0.1792578,1,1
"3L5X_A_HL|NL92D,EL93P,YL94G",-1.4699602,0.007479556,1,1
"3L5X_A_HL|NL92D,EL93R,YL94D",-0.52253926,-0.7597797,1,1
"3L5X_A_HL|NL92D,EL93W,YL94E",-1.1963489,-1.2823917,1,1
"3L5X_A_HL|NL92D,EL93W,YL94G",-1.6825228,-0.7511068,1,1
"3L5X_A_HL|NL92D,EL93W,YL94S",-0.71612674,-0.73599666,1,1
"3L5X_A_HL|NL92D,EL93Y,YL94A",-0.8069743,0.15223412,1,1
"3L5X_A_HL|NL92E,EL93S,YL94G",-1.2653587,-0.48136076,1,1
"3L5X_A_HL|NL92E,EL93W,YL94G",-1.5503801,-0.8210348,1,1
"3L5X_A_HL|NL92F,EL93W,YL94G",-1.2329907,0.24658063,1,1
"3L5X_A_HL|NL92L,EL93D,YL94S",-0.6170473,-0.010859381,1,1
"3L5X_A_HL|NL92L,EL93L,YL94G",-0.6259698,0.9463994,1,1
"3L5X_A_HL|NL92L,EL93M,YL94G",-0.82567644,0.77350676,1,1
"3L5X_A_HL|NL92L,EL93N,YL94G",-0.6954369,0.6769394,1,1
"3L5X_A_HL|NL92S,EL93H,YL94G",-1.2457265,0.37716013,1,1
"3L5X_A_HL|NL92S,EL93I,YL94G",-0.8069743,0.47602323,1,1
"3L5X_A_HL|NL92S,EL93S,YL94G",-0.24921271,0.26234853,1,1
"3L5X_A_HL|NL92S,EL93V,YL94G",-0.51687235,0.28010416,1,1
"3L5X_A_HL|NL92S,EL93W,YL94A",-0.30302802,1.3424624,1,1
"3L5X_A_HL|NL92S,EL93W,YL94G",-1.2720501,0.09881078,1,1
"3L5X_A_HL|NL92S,EL93Y,YL94G",-0.9641868,-0.44302252,1,1
"3L5X_A_HL|NL92V,EL93G,YL94G",-0.46300006,0.20285287,1,1
"3L5X_A_HL|NL92V,EL93W,YL94G",-0.83525383,0.026363451,1,1
3L5X_A_HL|YL94A,-0.82885176,1.6772083,1,1
3N85_A_LH|SH32A,-0.13401966,0.6774056,1,1
3N85_A_LH|SH32Y,0.0571225,-0.4566505,1,1
3N85_A_LH|SH50G,0.48767117,0.010632239,1,1
3N85_A_LH|SH52Y,-0.78460336,-0.5809927,1,1
3N85_A_LH|WH100F,-0.015185109,0.5920602,1,1
3N85_A_LH|WH30K,-0.78460336,0.34965205,1,1
3N85_A_LH|WH30R,-0.5539675,0.19742979,1,1
3N85_A_LH|WL91F,0.13959166,0.6601733,1,1
3N85_A_LH|WL94Y,-0.03871881,-0.2759818,1,1
3SE8_HL_G|DH110A,-0.38934898,1.1236688,1,1
3SE8_HL_G|DH114A,-0.2441398,1.1105522,1,1
3SE8_HL_G|DL49A,0.8558488,1.0111248,1,1
3SE8_HL_G|EL1A,-0.5565174,1.2784164,1,1
3SE8_HL_G|EL91A,1.513491,1.2673649,1,1
3SE8_HL_G|FH115A,1.0676043,0.81361073,1,1
3SE8_HL_G|FL90A,-0.8640972,1.0119338,1,1
3SE8_HL_G|FL92A,0.8323254,0.8992664,1,1
3SE8_HL_G|GH56A,0.3570972,1.0034305,1,1
3SE8_HL_G|KH52A,1.1114144,0.7268747,1,1
3SE8_HL_G|LH54A,0.054776184,0.91076016,1,1
3SE8_HL_G|NL30A,0.19434923,0.50357366,1,1
3SE8_HL_G|PH78A,0.01881787,0.568408,1,1
3SE8_HL_G|PH81A,-0.07091986,0.437803,1,1
3SE8_HL_G|QH63A,1.1144251,0.33490723,1,1
3SE8_HL_G|QH65A,0.54980505,0.5597683,1,1
3SE8_HL_G|QH76A,0.09689985,0.4108367,1,1
3SE8_HL_G|QL27A,-0.21612903,0.45653316,1,1
3SE8_HL_G|RH30A,-0.03949762,0.7511539,1,1
3SE8_HL_G|RH62A,1.2061691,0.4047808,1,1
3SE8_HL_G|RH72A,2.6444623,0.7740892,1,1
3SE8_HL_G|SH59A,1.1508402,0.73832005,1,1
3SE8_HL_G|VH58A,1.2496852,1.2995067,1,1
3SE8_HL_G|WH47A,1.4751467,0.86236864,1,1
3SE8_HL_G|WH50A,1.333526,0.9656963,1,1
3SE8_HL_G|WH55A,0.7611056,1.2587578,1,1
3SE8_HL_G|YH111A,0.82992166,1.5149747,1,1
3SE8_HL_G|YH60A,0.8558488,1.2777028,1,1
4KRL_A_B|DB112A,0.6496817,1.3316147,1,1
5C6T_HL_A|EA194A,1.0906719,0.87790275,1,1
5C6T_HL_A|FA192A,1.9972014,0.7413128,1,1
5C6T_HL_A|FA199A,2.7581792,0.6707699,1,1
5C6T_HL_A|FA200A,0.41047263,0.6353941,1,1
5C6T_HL_A|FH99A,1.4600298,0.3556085,1,1
5C6T_HL_A|IA201A,0.88561165,0.72863734,1,1
5C6T_HL_A|NA183A,0.28399685,1.0355632,1,1
5C6T_HL_A|NA186A,0.3630724,0.786039,1,1
5C6T_HL_A|NA188A,-0.36658686,0.9497057,1,1
"5C6T_HL_A|NA195A,DA197A",0.58650106,1.491913,1,1
5C6T_HL_A|NH97A,1.5258962,0.31833443,1,1
5C6T_HL_A|RH31S,0.3115454,-0.19167957,1,1
5C6T_HL_A|RL48A,0.1229613,0.29952917,1,1
5C6T_HL_A|SH32A,-0.8683455,0.62764215,1,1
5C6T_HL_A|TA185A,0.33786914,0.7973313,1,1
5C6T_HL_A|YA182A,3.2083547,1.0164102,1,1
"5C6T_HL_A|YA182A,NA195A,DA197A",2.942425,2.7776897,1,1
5C6T_HL_A|YH104A,0.3630724,1.1698292,1,1
5C6T_HL_A|YH98A,1.7166799,1.3030597,1,1
5C6T_HL_A|YL47A,0.5516565,1.1191397,1,1
1KIP_AB_C|AB32Y,-0.8005932,-1.428192,1,2
1XGU_AB_C|FB33A,4.0,3.6358056,1,2
1XGU_AB_C|FB33I,1.8004549,1.1248304,1,2
1XGU_AB_C|FB33L,1.8617703,1.0952832,1,2
1XGU_AB_C|FB33V,2.9080825,2.2711172,1,2
2B2X_HL_A|EH64K,-0.033433665,0.39494404,1,2
"2B2X_HL_A|EH64K,QL28S,YL52N",0.911615,1.2173104,1,2
"2B2X_HL_A|EH64K,QL28S,YL52N,GH102S",2.7106705,1.6591897,1,2
"2B2X_HL_A|EH64K,QL28S,YL52N,SH35A",3.119054,2.5020723,1,2
"2B2X_HL_A|EH64K,QL28S,YL52N,SH35V",3.770335,2.2629046,1,2
"2B2X_HL_A|EH64K,YL52N",0.34853002,0.9070978,1,2
"2B2X_HL_A|QL28S,YL52N",0.8626942,0.8868338,1,2
2B2X_HL_A|VH50T,0.024054652,-0.41087702,1,2
"2B2X_HL_A|VH50T,EH64D,QL28S,YL52N",0.87177193,0.33925712,1,2
"2B2X_HL_A|VH50T,EH64K,QL28S",0.991589,0.27693927,1,2
"2B2X_HL_A|VH50T,EH64K,QL28S,YL52D",1.5439764,0.527925,1,2
"2B2X_HL_A|VH50T,EH64K,QL28S,YL52E",0.95452905,0.93286407,1,2
"2B2X_HL_A|VH50T,EH64K,QL28S,YL52K",1.7007239,1.5767103,1,2
"2B2X_HL_A|VH50T,EH64K,QL28S,YL52N",1.043214,0.79905874,1,2
"2B2X_HL_A|VH50T,EH64K,QL28S,YL52N,FH99W",1.043214,0.22606936,1,2
"2B2X_HL_A|VH50T,EH64K,QL28S,YL52N,FH99Y",1.7978828,0.2896841,1,2
"2B2X_HL_A|VH50T,EH64K,QL28S,YL52N,GH100F",1.4322319,1.0271208,1,2
"2B2X_HL_A|VH50T,EH64K,QL28S,YL52N,GH100L",3.770335,1.5254942,1,2
"2B2X_HL_A|VH50T,EH64K,QL28S,YL52N,GH100M",1.145348,1.5694864,1,2
"2B2X_HL_A|VH50T,EH64K,QL28S,YL52N,GH100S",1.6009614,1.5499412,1,2
"2B2X_HL_A|VH50T,EH64K,QL28S,YL52N,GH53A",1.5558206,1.961562,1,2
"2B2X_HL_A|VH50T,EH64K,QL28S,YL52N,GH53N",2.2985272,1.3215879,1,2
"2B2X_HL_A|VH50T,EH64K,QL28S,YL52N,GH53S",1.7188073,1.15972,1,2
"2B2X_HL_A|VH50T,EH64K,QL28S,YL52N,GH54I",2.4067745,1.5299197,1,2
"2B2X_HL_A|VH50T,EH64K,QL28S,YL52N,GH54T",2.2073808,1.6058329,1,2
"2B2X_HL_A|VH50T,EH64K,QL28S,YL52N,GH54Y",1.043214,0.89564365,1,2
"2B2X_HL_A|VH50T,EH64K,QL28S,YL52N,GL92Q",2.6158988,1.6606597,1,2
"2B2X_HL_A|VH50T,EH64K,QL28S,YL52N,GL92S",1.5558206,1.1590223,1,2
"2B2X_HL_A|VH50T,EH64K,QL28S,YL52N,HL31K",2.2073808,1.7422296,1,2
"2B2X_HL_A|VH50T,EH64K,QL28S,YL52N,HL31R",2.1670115,0.53500235,1,2
"2B2X_HL_A|VH50T,EH64K,QL28S,YL52N,HL31W",2.2985272,0.6891401,1,2
"2B2X_HL_A|VH50T,EH64K,QL28S,YL52N,LH60D",0.981894,0.65269434,1,2
"2B2X_HL_A|VH50T,EH64K,QL28S,YL52N,LL49F",1.7554936,0.8542552,1,2
"2B2X_HL_A|VH50T,EH64K,QL28S,YL52N,LL49K",1.9044149,1.3501034,1,2
"2B2X_HL_A|VH50T,EH64K,QL28S,YL52N,LL49W",2.9507816,0.8768223,1,2
"2B2X_HL_A|VH50T,EH64K,QL28S,YL52N,NL30V",2.0925434,2.2167811,1,2
"2B2X_HL_A|VH50T,EH64K,QL28S,YL52N,NL30W",2.6158988,1.5273644,1,2
"2B2X_HL_A|VH50T,EH64K,QL28S,YL52N,NL30Y",2.9507816,1.1357726,1,2
"2B2X_HL_A|VH50T,EH64K,QL28S,YL52N,NL30Y,SL91I",1.4775821,1.7357095,1,2
"2B2X_HL_A|VH50T,EH64K,QL28S,YL52N,RH31Q",2.350542,1.2044624,1,2
"2B2X_HL_A|VH50T,EH64K,QL28S,YL52N,SH35A",2.6158988,2.1691384,1,2
"2B2X_HL_A|VH50T,EH64K,QL28S,YL52N,SH35A,GH102S",2.6158988,2.5263305,1,2
"2B2X_HL_A|VH50T,EH64K,QL28S,YL52N,SH35Q",3.770335,2.1614513,1,2
"2B2X_HL_A|VH50T,EH64K,QL28S,YL52N,SH35V,GH102S",2.4688888,2.49852,1,2
"2B2X_HL_A|VH50T,EH64K,QL28S,YL52N,SH52M",3.119054,0.46710345,1,2
"2B2X_HL_A|VH50T,EH64K,QL28S,YL52N,SL24R",0.82788163,0.5068929,1,2
"2B2X_HL_A|VH50T,EH64K,QL28S,YL52N,SL91Q",2.8172472,1.7934182,1,2
"2B2X_HL_A|VH50T,EH64K,QL28S,YL52N,SL91R",3.770335,0.7716639,1,2
"2B2X_HL_A|VH50T,EH64K,QL28S,YL52N,SL91R,NL30E",3.770335,2.1748338,1,2
"2B2X_HL_A|VH50T,EH64K,QL28S,YL52N,SL91T",3.3598623,1.5568774,1,2
"2B2X_HL_A|VH50T,EH64K,QL28S,YL52N,TH33E,GH53Q",2.7106705,2.2112374,1,2
"2B2X_HL_A|VH50T,EH64K,QL28S,YL52N,TH33I,SH52T,GH53N,GH54N",2.9507816,2.4982543,1,2
"2B2X_HL_A|VH50T,EH64K,QL28S,YL52N,TH33I,SH52T,GH53Q,GH54F",2.2985272,2.2960458,1,2
"2B2X_HL_A|VH50T,EH64K,QL28S,YL52N,TH33N",3.770335,1.7275356,1,2
"2B2X_HL_A|VH50T,EH64K,QL28S,YL52N,TH33V",1.4775821,1.7280558,1,2
"2B2X_HL_A|VH50T,EH64K,QL28S,YL52N,WL90Q",3.119054,2.57653,1,2
"2B2X_HL_A|VH50T,EH64K,QL28S,YL52N,WL90Q,FL33Y",1.914233,2.1156688,1,2
"2B2X_HL_A|VH50T,EH64K,QL28S,YL52N,YH58E",3.119054,1.7853453,1,2
"2B2X_HL_A|VH50T,EH64K,QL28S,YL52N,YH58Q",3.119054,2.3148298,1,2
"2B2X_HL_A|VH50T,EH64K,QL28S,YL52N,YH58W",1.8641591,1.0046277,1,2
"2B2X_HL_A|VH50T,EH64K,QL28S,YL52N,YH59E",1.5872209,1.5918208,1,2
"2B2X_HL_A|VH50T,EH64K,QL28S,YL52R",1.8880546,0.7059335,1,2
"2B2X_HL_A|VH50T,EH64K,YL52N",0.28173435,0.45131868,1,2
"2B2X_HL_A|VH50T,EH64N,QL28S,YL52N",1.0069425,0.6747848,1,2
"2B2X_HL_A|VH50T,EH64Q,QL28S,YL52N",0.96559924,0.5823126,1,2
"2B2X_HL_A|VH50T,EH64Q,QL28S,YL52N,LH60D",1.0862032,0.46426654,1,2
"2B2X_HL_A|VH50T,QL28S,YL52N",0.96559924,0.49744588,1,2
"2B2X_HL_A|VH50T,QL28S,YL52N,LH60D",0.90141344,0.334378,1,2
"2B2X_HL_A|VH50T,YL52N",0.18636756,0.1395958,1,2
2B2X_HL_A|YL52E,-0.22410508,0.71670914,1,2
2VIR_AB_C|SC115L,3.680209,0.019481618,1,2
2VIR_AB_C|TC89I,4.0,2.0651817,1,2
"3G6D_LH_A|EL3V,GL76R,TL77V,QL78E,EL80G",0.13981691,1.4566216,1,2
"3G6D_LH_A|EL3V,GL76R,TL77V,QL78E,EL80G,DH54N",0.111178115,2.400169,1,2
"3G6D_LH_A|EL3V,GL76R,TL77V,QL78E,EL80G,TL89S,ML92I,VL93D,TL94K",0.27145106,-0.3445783,1,2
3G6D_LH_A|HH104A,-0.9530879,0.12626308,1,2
"3G6D_LH_A|KH210T,KH215T",-0.13294782,-1.4285945,1,2
"3G6D_LH_A|TL89S,ML92I,VL93D,TL94K",0.7979767,-1.539571,1,2
3G6D_LH_A|WH105A,-1.4965084,1.4521276,1,2
"3IDX_HL_G|CG27I,CG242Q",-2.4650376,-0.1290273,1,2
"3IDX_HL_G|CG27I,CG242Q,MG247A",-2.1736174,0.18391822,1,2
"3IDX_HL_G|KG85C,EG121C,CG27I,CG242Q",-2.3776865,-0.09939778,1,2
"3IDX_HL_G|KG85C,EG121C,WG13M,MG247A,CG14W,CG129V,CG27I,CG242Q",-2.1922898,0.9894388,1,2
"3IDX_HL_G|KG85C,EG122C,WG13M,MG247A,CG14W,CG129V,CG27I,CG242Q",-2.2927184,1.3157576,1,2
"3IDX_HL_G|TG41C,GG245C,MG247A",0.40945426,-0.13026533,1,2
"3IDX_HL_G|TG41C,GG245C,WG13M,MG247A,CG14W,CG129V,CG27I,CG242Q",-2.3310676,0.6038459,1,2
"3IDX_HL_G|WG13M,MG247A,CG14W,CG129V",-0.6475391,1.0451524,1,2
"3IDX_HL_G|WG13M,MG247A,CG14W,CG129V,CG27I,CG242Q",-2.3479884,0.97968227,1,2
"3IDX_HL_G|WG13M,MG247A,CG14W,CG129V,KG85C,EG121C",-0.36166522,0.992038,1,2
"3IDX_HL_G|WG13M,SG111T,WG200S,MG247A,CG14W,CG129V,CG27I,CG242Q",-1.8639641,0.6483418,1,2
"3L5X_A_HL|EL93F,YL94G",-0.42800838,0.55337733,1,2
"3L5X_A_HL|EL93H,YL94G",-0.7626503,0.8416873,1,2
"3L5X_A_HL|HL91P,NL92I,EL93D,YL94A",-0.6466697,0.730778,1,2
"3L5X_A_HL|HL91P,NL92L,EL93D,YL94S",-0.6327897,0.5217612,1,2
"3L5X_A_HL|HL91P,NL92L,EL93D,YL94T",-0.81005055,0.786932,1,2
"3L5X_A_HL|HL91P,NL92L,EL93D,YL94V",-0.85822237,0.5628579,1,2
"3L5X_A_HL|HL91P,NL92L,YL94A",-0.44441348,0.9040076,1,2
"3L5X_A_HL|HL91Q,NL92D,EL93I,YL94G",-1.5503801,0.9738739,1,2
"3L5X_A_HL|HL91Q,NL92D,EL93L,YL94G",-1.785132,0.6611274,1,2
"3L5X_A_HL|HL91Q,NL92D,EL93Y,YL94G",-1.451453,-0.40858984,1,2
"3L5X_A_HL|NL92D,EL93L,YL94G",-0.42962858,-0.14689377,1,2
"3L5X_A_HL|NL92D,EL93N,YL94S",-0.53403836,0.40060434,1,2
"3L5X_A_HL|NL92D,EL93P,YL94G",-1.4699602,0.42184597,1,2
"3L5X_A_HL|NL92D,EL93R,YL94D",-0.52253926,-1.3012859,1,2
"3L5X_A_HL|NL92D,EL93W,YL94E",-1.1963489,-2.1216068,1,2
"3L5X_A_HL|NL92D,EL93W,YL94G",-1.6825228,-1.7736808,1,2
"3L5X_A_HL|NL92D,EL93W,YL94S",-0.71612674,-1.7974999,1,2
"3L5X_A_HL|NL92D,EL93Y,YL94A",-0.8069743,-0.49716383,1,2
"3L5X_A_HL|NL92E,EL93S,YL94G",-1.2653587,0.7069259,1,2
"3L5X_A_HL|NL92E,EL93W,YL94G",-1.5503801,-1.4317409,1,2
"3L5X_A_HL|NL92F,EL93W,YL94G",-1.2329907,-1.5212069,1,2
"3L5X_A_HL|NL92L,EL93D,YL94S",-0.6170473,0.7595427,1,2
"3L5X_A_HL|NL92L,EL93L,YL94G",-0.6259698,0.21587977,1,2
"3L5X_A_HL|NL92L,EL93M,YL94G",-0.82567644,0.918072,1,2
"3L5X_A_HL|NL92L,EL93N,YL94G",-0.6954369,0.552361,1,2
"3L5X_A_HL|NL92S,EL93H,YL94G",-1.2457265,0.024393506,1,2
"3L5X_A_HL|NL92S,EL93I,YL94G",-0.8069743,0.19331364,1,2
"3L5X_A_HL|NL92S,EL93S,YL94G",-0.24921271,0.09966381,1,2
"3L5X_A_HL|NL92S,EL93V,YL94G",-0.51687235,0.30466327,1,2
"3L5X_A_HL|NL92S,EL93W,YL94A",-0.30302802,-0.9986172,1,2
"3L5X_A_HL|NL92S,EL93W,YL94G",-1.2720501,-1.5623888,1,2
"3L5X_A_HL|NL92S,EL93Y,YL94G",-0.9641868,-1.0500039,1,2
"3L5X_A_HL|NL92V,EL93G,YL94G",-0.46300006,0.75015867,1,2
"3L5X_A_HL|NL92V,EL93W,YL94G",-0.83525383,-0.5849799,1,2
3L5X_A_HL|YL94A,-0.82885176,1.6493413,1,2
3N85_A_LH|SH32A,-0.13401966,0.635797,1,2
3N85_A_LH|SH32Y,0.0571225,-0.89150685,1,2
3N85_A_LH|SH50G,0.48767117,-0.74081457,1,2
3N85_A_LH|SH52Y,-0.78460336,-0.8784397,1,2
3N85_A_LH|WH100F,-0.015185109,0.76195145,1,2
3N85_A_LH|WH30K,-0.78460336,0.89615697,1,2
3N85_A_LH|WH30R,-0.5539675,0.2174755,1,2
3N85_A_LH|WL91F,0.13959166,0.9959893,1,2
3N85_A_LH|WL94Y,-0.03871881,-0.2715822,1,2
3SE8_HL_G|DH110A,-0.38934898,0.669094,1,2
3SE8_HL_G|DH114A,-0.2441398,0.7053377,1,2
3SE8_HL_G|DL49A,0.8558488,0.9712993,1,2
3SE8_HL_G|EL1A,-0.5565174,0.4919449,1,2
3SE8_HL_G|EL91A,1.513491,0.889949,1,2
3SE8_HL_G|FH115A,1.0676043,0.6148592,1,2
3SE8_HL_G|FL90A,-0.8640972,1.2428956,1,2
3SE8_HL_G|FL92A,0.8323254,0.5468751,1,2
3SE8_HL_G|GH56A,0.3570972,0.89578605,1,2
3SE8_HL_G|KH52A,1.1114144,-0.0121660605,1,2
3SE8_HL_G|LH54A,0.054776184,0.42058805,1,2
3SE8_HL_G|NL30A,0.19434923,1.9457355,1,2
3SE8_HL_G|PH78A,0.01881787,-0.047411546,1,2
3SE8_HL_G|PH81A,-0.07091986,-0.060030125,1,2
3SE8_HL_G|QH63A,1.1144251,0.023340167,1,2
3SE8_HL_G|QH65A,0.54980505,0.06264859,1,2
3SE8_HL_G|QH76A,0.09689985,-0.24981183,1,2
3SE8_HL_G|QL27A,-0.21612903,0.06125556,1,2
3SE8_HL_G|RH30A,-0.03949762,0.4835676,1,2
3SE8_HL_G|RH62A,1.2061691,0.7616287,1,2
3SE8_HL_G|RH72A,2.6444623,1.4036881,1,2
3SE8_HL_G|SH59A,1.1508402,0.18785408,1,2
3SE8_HL_G|VH58A,1.2496852,0.6949875,1,2
3SE8_HL_G|WH47A,1.4751467,1.1633033,1,2
3SE8_HL_G|WH50A,1.333526,1.8278512,1,2
3SE8_HL_G|WH55A,0.7611056,0.7457583,1,2
3SE8_HL_G|YH111A,0.82992166,0.7602035,1,2
3SE8_HL_G|YH60A,0.8558488,1.462324,1,2
4KRL_A_B|DB112A,0.6496817,1.6097177,1,2
5C6T_HL_A|EA194A,1.0906719,1.1562146,1,2
5C6T_HL_A|FA192A,1.9972014,1.8282993,1,2
5C6T_HL_A|FA199A,2.7581792,1.4367046,1,2
5C6T_HL_A|FA200A,0.41047263,1.9011765,1,2
5C6T_HL_A|FH99A,1.4600298,0.1866636,1,2
5C6T_HL_A|IA201A,0.88561165,-0.22599614,1,2
5C6T_HL_A|NA183A,0.28399685,1.0392352,1,2
5C6T_HL_A|NA186A,0.3630724,-0.7404426,1,2
5C6T_HL_A|NA188A,-0.36658686,0.9611242,1,2
"5C6T_HL_A|NA195A,DA197A",0.58650106,1.7179428,1,2
5C6T_HL_A|NH97A,1.5258962,0.2881044,1,2
5C6T_HL_A|RH31S,0.3115454,0.26686192,1,2
5C6T_HL_A|RL48A,0.1229613,0.5572531,1,2
5C6T_HL_A|SH32A,-0.8683455,0.5703963,1,2
5C6T_HL_A|TA185A,0.33786914,0.7463483,1,2
5C6T_HL_A|YA182A,3.2083547,1.6190116,1,2
"5C6T_HL_A|YA182A,NA195A,DA197A",2.942425,3.2239327,1,2
5C6T_HL_A|YH104A,0.3630724,0.8811305,1,2
5C6T_HL_A|YH98A,1.7166799,1.2051351,1,2
5C6T_HL_A|YL47A,0.5516565,2.307086,1,2
1DVF_AB_CD|DB100A,2.7895143,0.5781718,2,0
"1DVF_AB_CD|DB100A,DD52A",4.0,1.7649932,2,0
"1DVF_AB_CD|DB100A,HD33A",4.0,1.2144183,2,0
"1DVF_AB_CD|DB100A,ND55A",4.0,0.84813684,2,0
1DVF_AB_CD|DB54A,4.0,0.454399,2,0
"1DVF_AB_CD|DB54A,YC49A",4.0,1.5847718,2,0
1DVF_AB_CD|DB58A,1.6000048,0.8896561,2,0
"1DVF_AB_CD|DB58A,QD104A",1.4641725,1.7152145,2,0
1DVF_AB_CD|DD52A,1.6822901,1.1607395,2,0
1DVF_AB_CD|EB98A,4.0,0.59921926,2,0
"1DVF_AB_CD|EB98A,YD102A",4.0,2.2223341,2,0
1DVF_AB_CD|HA30A,1.6493824,0.29331696,2,0
1DVF_AB_CD|HD33A,1.8606005,0.5920663,2,0
1DVF_AB_CD|ID101A,2.6815457,0.24985214,2,0
1DVF_AB_CD|KD30A,1.0035173,0.3835255,2,0
1DVF_AB_CD|NB56A,1.1624389,0.36761796,2,0
"1DVF_AB_CD|NB56A,HD33A",2.5259995,1.0045226,2,0
"1DVF_AB_CD|NB56A,ND55A",2.3010929,0.6397103,2,0
"1DVF_AB_CD|NB56A,QD104A",1.4868644,1.2045627,2,0
1DVF_AB_CD|ND55A,1.8606005,0.23502971,2,0
1DVF_AB_CD|QD104A,1.6287225,0.80355525,2,0
1DVF_AB_CD|RB99A,1.8746451,0.12833373,2,0
1DVF_AB_CD|RD106A,4.0,0.4907397,2,0
1DVF_AB_CD|SA93A,1.1624389,0.5319268,2,0
1DVF_AB_CD|TB30A,0.9075126,-0.010414474,2,0
1DVF_AB_CD|WA92A,0.34072307,0.35460764,2,0
1DVF_AB_CD|WB52A,4.0,1.224728,2,0
"1DVF_AB_CD|WB52A,QD104A",4.0,2.0608194,2,0
1DVF_AB_CD|YA32A,2.0303695,1.6610607,2,0
"1DVF_AB_CD|YA32A,RD106A",4.0,2.1691167,2,0
1DVF_AB_CD|YA49A,1.6785902,1.6759275,2,0
"1DVF_AB_CD|YA49A,HD33A",2.625045,2.320512,2,0
"1DVF_AB_CD|YA49A,ND55A",2.0303695,1.9405023,2,0
1DVF_AB_CD|YA50A,0.6877736,2.1777637,2,0
1DVF_AB_CD|YB101F,2.0123136,0.72559327,2,0
1DVF_AB_CD|YB32A,1.8314707,1.3445715,2,0
1DVF_AB_CD|YC49A,1.8606005,1.0705924,2,0
1DVF_AB_CD|YD102A,4.0,1.5883448,2,0
1MHP_HL_A|FH99W,0.0,-0.17173055,2,0
1MHP_HL_A|FH99Y,0.75466895,-1.0403757,2,0
1MHP_HL_A|GH100F,0.38901797,-0.10255695,2,0
1MHP_HL_A|GH100L,2.727121,0.15199178,2,0
1MHP_HL_A|GH100M,0.10213403,0.06313716,2,0
1MHP_HL_A|GH100S,0.5577475,0.24116714,2,0
1MHP_HL_A|GH53A,0.5126066,0.61850566,2,0
1MHP_HL_A|GH53N,1.2553134,0.30909872,2,0
1MHP_HL_A|GH53S,0.6755934,0.179528,2,0
1MHP_HL_A|GH54I,1.3635606,0.13739525,2,0
1MHP_HL_A|GH54T,1.1641668,0.5862032,2,0
1MHP_HL_A|GH54Y,0.0,-1.0576518,2,0
1MHP_HL_A|GL91Q,1.572685,0.014332697,2,0
1MHP_HL_A|GL91S,0.5126066,0.11313881,2,0
1MHP_HL_A|HL30K,1.1641668,0.47820914,2,0
1MHP_HL_A|HL30R,1.1237977,-0.0048939213,2,0
1MHP_HL_A|HL30W,1.2553134,-0.2283836,2,0
1MHP_HL_A|KH64D,-0.17144196,-0.9295671,2,0
1MHP_HL_A|KH64E,-0.07761467,-0.7166024,2,0
"1MHP_HL_A|KH64E,SL27Q",-0.85684633,-0.8636579,2,0
"1MHP_HL_A|KH64E,SL27Q,NL51Y",-1.0191593,-1.6565466,2,0
1MHP_HL_A|KH64N,-0.03627145,-0.73822504,2,0
1MHP_HL_A|KH64Q,-0.07761467,-0.5567521,2,0
1MHP_HL_A|LH60D,-0.061319917,-0.11568196,2,0
"1MHP_HL_A|LH60D,KH64E",-0.1418005,-0.74947655,2,0
"1MHP_HL_A|LH60D,KH64Q",0.042989343,-0.6097853,2,0
1MHP_HL_A|LL48F,0.71227974,-0.3434037,2,0
1MHP_HL_A|LL48K,0.8612009,0.17450523,2,0
1MHP_HL_A|LL48W,1.9075676,-0.65827155,2,0
1MHP_HL_A|NL29V,1.0493295,0.02062001,2,0
1MHP_HL_A|NL29W,1.572685,-0.22476436,2,0
1MHP_HL_A|NL29Y,1.9075676,-0.52543217,2,0
"1MHP_HL_A|NL29Y,SL90I",0.43436813,-0.3874731,2,0
1MHP_HL_A|NL51D,0.5007625,-0.321625,2,0
1MHP_HL_A|NL51E,-0.08868487,-0.034895692,2,0
1MHP_HL_A|NL51K,0.65751,0.43074858,2,0
1MHP_HL_A|NL51R,0.84484076,-0.20623721,2,0
1MHP_HL_A|NL51Y,-0.05162489,-0.8150717,2,0
1MHP_HL_A|RH31Q,1.3073281,0.08970097,2,0
1MHP_HL_A|SH35A,1.572685,0.78988653,2,0
"1MHP_HL_A|SH35A,GH102S",1.572685,0.96217793,2,0
1MHP_HL_A|SH35Q,2.727121,0.09987934,2,0
"1MHP_HL_A|SH35V,GH102S",1.4256749,0.35895073,2,0
1MHP_HL_A|SH52M,2.0758402,-0.22894539,2,0
1MHP_HL_A|SL23R,-0.21533228,-0.0977153,2,0
1MHP_HL_A|SL27Q,-0.6661127,-0.159001,2,0
1MHP_HL_A|SL90Q,1.7740332,-0.07469127,2,0
1MHP_HL_A|SL90T,2.3166485,0.3679729,2,0
"1MHP_HL_A|TH33E,GH53Q",1.6674565,0.21069981,2,0
"1MHP_HL_A|TH33I,SH52T,GH53N,GH54N",1.9075676,0.7354585,2,0
"1MHP_HL_A|TH33I,SH52T,GH53Q,GH54F",1.2553134,0.1247074,2,0
1MHP_HL_A|TH33N,2.727121,-0.16980165,2,0
1MHP_HL_A|TH33V,0.43436813,0.024490997,2,0
1MHP_HL_A|TH50V,-0.13159887,-0.34001625,2,0
"1MHP_HL_A|TH50V,GH102S",1.6674565,-0.15312931,2,0
"1MHP_HL_A|TH50V,KH64E",-0.1805197,-1.1105673,2,0
"1MHP_HL_A|TH50V,KH64E,SL27Q,NL51E",-1.267319,-1.3152161,2,0
"1MHP_HL_A|TH50V,KH64E,SL27Q,NL51Y",-1.0844951,-2.0626347,2,0
"1MHP_HL_A|TH50V,SH35A",2.0758402,0.5187886,2,0
"1MHP_HL_A|TH50V,SH35V",2.727121,-0.15163258,2,0
"1MHP_HL_A|TH50V,SL27Q",-0.6946839,-0.49518394,2,0
"1MHP_HL_A|TH50V,SL27Q,NL51Y",-1.0235296,-1.2931175,2,0
1MHP_HL_A|WL89Q,2.0758402,0.67941785,2,0
"1MHP_HL_A|WL89Q,FL32Y",0.871019,0.12525569,2,0
1MHP_HL_A|YH58E,2.0758402,0.85146105,2,0
1MHP_HL_A|YH58Q,2.0758402,0.9541063,2,0
1MHP_HL_A|YH58W,0.82094526,0.2374988,2,0
1MHP_HL_A|YH59E,0.54400706,0.38875628,2,0
1N8Z_AB_C|DB102W,-0.71302944,-0.8189193,2,0
1N8Z_AB_C|FC539A,0.035102826,1.0790725,2,0
1N8Z_AB_C|HA91F,0.034232877,-0.25715542,2,0
1N8Z_AB_C|LC509A,-0.023045197,0.9283963,2,0
1N8Z_AB_C|NA30S,0.06666317,-0.0227753,2,0
"1N8Z_AB_C|NA30S,HA91F,YA92W",-0.07476232,0.4827367,2,0
"1N8Z_AB_C|NA30S,HA91F,YA92W,TA94S,DB102W,YB105F,YB109V",0.050661404,0.24687915,2,0
1N8Z_AB_C|RB50A,2.9754758,0.6305211,2,0
1N8Z_AB_C|RB59A,1.8037988,0.92071205,2,0
1N8Z_AB_C|SC535A,0.030827092,0.40220833,2,0
1N8Z_AB_C|TA94S,0.32168603,-0.6473101,2,0
1N8Z_AB_C|VC536A,0.008972699,0.46984297,2,0
1N8Z_AB_C|YB105F,0.8540034,0.5033367,2,0
1N8Z_AB_C|YB109V,0.23192272,0.57584804,2,0
1XGQ_AB_C|VB33A,1.1525793,1.2900541,2,0
1XGQ_AB_C|VB33F,-2.9080825,-0.9716539,2,0
1XGQ_AB_C|VB33I,-1.1076277,0.24424325,2,0
1XGQ_AB_C|VB33L,-1.0463123,-0.23491228,2,0
1YQV_HL_Y|RY45K,1.8995041,-0.061180107,2,0
"1YQV_HL_Y|RY68K,TY40S,IY55V,SY91T",4.0,0.3943835,2,0
"1YQV_HL_Y|RY68K,TY40S,IY55V,SY91T,QY121H",0.0,0.28040373,2,0
1YY9_CD_A|AC25P,0.07225565,-0.7805741,2,0
1YY9_CD_A|AD98P,1.0372273,-1.200834,2,0
1YY9_CD_A|GD54P,0.26807046,0.20533766,2,0
1YY9_CD_A|LD29P,0.030827092,0.1103728,2,0
1YY9_CD_A|NC93A,-0.74186975,0.49249196,2,0
1YY9_CD_A|ND56A,-0.057046015,0.42418373,2,0
1YY9_CD_A|SC26D,-0.19925442,-0.23309205,2,0
"1YY9_CD_A|SC26D,TC31E,NC93A",-1.3329437,0.32651842,2,0
"1YY9_CD_A|SC26D,TC31E,NC93A,ND56A,TD61E",-0.6517935,0.23478211,2,0
1YY9_CD_A|SC26P,-0.009110746,-0.17178893,2,0
1YY9_CD_A|SC28P,-0.22229962,0.26435918,2,0
1YY9_CD_A|SC54P,-0.018363854,0.38061047,2,0
1YY9_CD_A|SD53P,0.8175451,0.12584822,2,0
1YY9_CD_A|TC31E,-0.51892465,0.20279847,2,0
"1YY9_CD_A|TC31E,NC93A",-0.81853306,0.71598965,2,0
1YY9_CD_A|TC96P,4.0,-0.2595866,2,0
1YY9_CD_A|TD61E,-0.057046015,-0.56068575,2,0
1YY9_CD_A|WD52P,1.4782712,0.5048119,2,0
1YY9_CD_A|YD101P,1.6514195,0.73340654,2,0
3NPS_A_BC|DA214A,1.466743,0.7043679,2,0
3NPS_A_BC|DA46A,0.3399866,0.68169767,2,0
3NPS_A_BC|DA47A,1.0674704,1.0933542,2,0
3NPS_A_BC|DA91A,1.5070341,0.65575135,2,0
3NPS_A_BC|EA163A,0.61534816,0.42757362,2,0
3NPS_A_BC|FA50A,0.21957076,1.0216367,2,0
3NPS_A_BC|FA89A,1.5714045,1.0849059,2,0
3NPS_A_BC|FA92A,0.46353978,0.6896904,2,0
3NPS_A_BC|HA138A,1.8750918,0.28000414,2,0
3NPS_A_BC|IA26A,0.6415425,0.08100206,2,0
3NPS_A_BC|IA45A,-0.33181784,0.3009802,2,0
3NPS_A_BC|KA221A,-0.10361039,0.6074083,2,0
3NPS_A_BC|LA147A,0.29573628,0.38691252,2,0
3NPS_A_BC|NA90A,0.25341922,0.6395939,2,0
3NPS_A_BC|QA140A,0.29573628,0.5864521,2,0
3NPS_A_BC|QA168A,-0.059223834,0.71716064,2,0
3NPS_A_BC|QA169A,0.7409076,1.4821241,2,0
3NPS_A_BC|QA218A,-0.040916756,0.8168296,2,0
3NPS_A_BC|QA23A,0.026323749,1.0064756,2,0
3NPS_A_BC|RA219A,-0.08390186,0.09224132,2,0
3NPS_A_BC|RA48A,-1.062741,0.23828007,2,0
3NPS_A_BC|RA51A,0.13816836,0.54325926,2,0
3NPS_A_BC|RA82A,-0.15159543,0.64507425,2,0
3NPS_A_BC|TA144A,0.17497002,0.4426766,2,0
3NPS_A_BC|TA93A,0.72381234,0.6196169,2,0
3NPS_A_BC|YA141A,1.7748737,0.69535905,2,0
3NPS_A_BC|YA52A,0.4518898,0.56059784,2,0
3W2D_A_HL|KA67N,4.0,0.33054686,2,0
3W2D_A_HL|KA67R,-0.42812017,0.024274834,2,0
3W2D_A_HL|YA45F,0.8779443,-0.9382564,2,0
3W2D_A_HL|YA45L,2.3647563,0.2946568,2,0
"4KRO_A_B|DA321T,FA323A",0.1269707,1.9892448,2,0
"4KRP_A_B|DA277T,FA279A",0.35829666,2.0769806,2,0
4NM8_ABCDEF_HL|DB19N,0.66149956,0.6161713,2,0
4NM8_ABCDEF_HL|IB18M,0.10977998,0.054264367,2,0
4NM8_ABCDEF_HL|LB38Y,-0.6151596,0.16860276,2,0
4NM8_ABCDEF_HL|QB34R,2.9754758,0.57379574,2,0
4NM8_ABCDEF_HL|QB34T,2.3309386,0.54564494,2,0
4NM8_ABCDEF_HL|RB25M,3.442353,0.0043141693,2,0
4NM8_ABCDEF_HL|TB32E,-0.5517196,-0.34075624,2,0
4NM8_ABCDEF_HL|TB32I,-0.050205972,0.4320733,2,0
4NM8_ABCDEF_HL|TB32R,1.2211944,0.18038666,2,0
1DVF_AB_CD|DB100A,2.7895143,0.5780154,2,1
"1DVF_AB_CD|DB100A,DD52A",4.0,1.4751428,2,1
"1DVF_AB_CD|DB100A,HD33A",4.0,1.58851,2,1
"1DVF_AB_CD|DB100A,ND55A",4.0,1.227378,2,1
1DVF_AB_CD|DB54A,4.0,0.4274528,2,1
"1DVF_AB_CD|DB54A,YC49A",4.0,1.9206573,2,1
1DVF_AB_CD|DB58A,1.6000048,0.57636815,2,1
"1DVF_AB_CD|DB58A,QD104A",1.4641725,1.6556783,2,1
1DVF_AB_CD|DD52A,1.6822901,0.86312145,2,1
1DVF_AB_CD|EB98A,4.0,0.8371548,2,1
"1DVF_AB_CD|EB98A,YD102A",4.0,2.3542395,2,1
1DVF_AB_CD|HA30A,1.6493824,0.35174817,2,1
1DVF_AB_CD|HD33A,1.8606005,0.96912557,2,1
1DVF_AB_CD|ID101A,2.6815457,1.1006873,2,1
1DVF_AB_CD|KD30A,1.0035173,0.70066375,2,1
1DVF_AB_CD|NB56A,1.1624389,0.050480638,2,1
"1DVF_AB_CD|NB56A,HD33A",2.5259995,1.0737847,2,1
"1DVF_AB_CD|NB56A,ND55A",2.3010929,0.7161192,2,1
"1DVF_AB_CD|NB56A,QD104A",1.4868644,1.1468111,2,1
1DVF_AB_CD|ND55A,1.8606005,0.6178828,2,1
1DVF_AB_CD|QD104A,1.6287225,1.0440229,2,1
1DVF_AB_CD|RB99A,1.8746451,0.45574415,2,1
1DVF_AB_CD|RD106A,4.0,0.79096323,2,1
1DVF_AB_CD|SA93A,1.1624389,0.60835016,2,1
1DVF_AB_CD|TB30A,0.9075126,0.14385062,2,1
1DVF_AB_CD|WA92A,0.34072307,1.1907235,2,1
1DVF_AB_CD|WB52A,4.0,0.6634829,2,1
"1DVF_AB_CD|WB52A,QD104A",4.0,1.7419405,2,1
1DVF_AB_CD|YA32A,2.0303695,0.90678537,2,1
"1DVF_AB_CD|YA32A,RD106A",4.0,1.7433,2,1
1DVF_AB_CD|YA49A,1.6785902,0.56334764,2,1
"1DVF_AB_CD|YA49A,HD33A",2.625045,1.5718014,2,1
"1DVF_AB_CD|YA49A,ND55A",2.0303695,1.2100058,2,1
1DVF_AB_CD|YA50A,0.6877736,0.75312185,2,1
1DVF_AB_CD|YB101F,2.0123136,0.1803572,2,1
1DVF_AB_CD|YB32A,1.8314707,0.89544004,2,1
1DVF_AB_CD|YC49A,1.8606005,1.4394209,2,1
1DVF_AB_CD|YD102A,4.0,1.5011463,2,1
1MHP_HL_A|FH99W,0.0,-0.030692449,2,1
1MHP_HL_A|FH99Y,0.75466895,-0.19643694,2,1
1MHP_HL_A|GH100F,0.38901797,-0.049447984,2,1
1MHP_HL_A|GH100L,2.727121,-0.13291803,2,1
1MHP_HL_A|GH100M,0.10213403,-0.08237951,2,1
1MHP_HL_A|GH100S,0.5577475,-0.0041200984,2,1
1MHP_HL_A|GH53A,0.5126066,0.37596664,2,1
1MHP_HL_A|GH53N,1.2553134,0.24437107,2,1
1MHP_HL_A|GH53S,0.6755934,-0.005946381,2,1
1MHP_HL_A|GH54I,1.3635606,-0.07319486,2,1
1MHP_HL_A|GH54T,1.1641668,0.27725825,2,1
1MHP_HL_A|GH54Y,0.0,-0.39233276,2,1
1MHP_HL_A|GL91Q,1.572685,-0.10047509,2,1
1MHP_HL_A|GL91S,0.5126066,0.022161366,2,1
1MHP_HL_A|HL30K,1.1641668,0.282336,2,1
1MHP_HL_A|HL30R,1.1237977,0.011826208,2,1
1MHP_HL_A|HL30W,1.2553134,-0.013409203,2,1
1MHP_HL_A|KH64D,-0.17144196,-0.4090278,2,1
1MHP_HL_A|KH64E,-0.07761467,-0.5610146,2,1
"1MHP_HL_A|KH64E,SL27Q",-0.85684633,-0.75723624,2,1
"1MHP_HL_A|KH64E,SL27Q,NL51Y",-1.0191593,-1.7090489,2,1
1MHP_HL_A|KH64N,-0.03627145,0.0014541801,2,1
1MHP_HL_A|KH64Q,-0.07761467,-0.26163605,2,1
1MHP_HL_A|LH60D,-0.061319917,0.09354186,2,1
"1MHP_HL_A|LH60D,KH64E",-0.1418005,-0.5741258,2,1
"1MHP_HL_A|LH60D,KH64Q",0.042989343,-0.2241823,2,1
1MHP_HL_A|LL48F,0.71227974,0.18237765,2,1
1MHP_HL_A|LL48K,0.8612009,0.3582152,2,1
1MHP_HL_A|LL48W,1.9075676,0.009540254,2,1
1MHP_HL_A|NL29V,1.0493295,-0.41600922,2,1
1MHP_HL_A|NL29W,1.572685,-0.3324279,2,1
1MHP_HL_A|NL29Y,1.9075676,-0.4578808,2,1
"1MHP_HL_A|NL29Y,SL90I",0.43436813,-0.37874427,2,1
1MHP_HL_A|NL51D,0.5007625,-0.488955,2,1
1MHP_HL_A|NL51E,-0.08868487,-0.6706793,2,1
1MHP_HL_A|NL51K,0.65751,-0.21954219,2,1
1MHP_HL_A|NL51R,0.84484076,-0.36619097,2,1
1MHP_HL_A|NL51Y,-0.05162489,-0.80754423,2,1
1MHP_HL_A|RH31Q,1.3073281,-0.009926112,2,1
1MHP_HL_A|SH35A,1.572685,0.60049736,2,1
"1MHP_HL_A|SH35A,GH102S",1.572685,0.49219564,2,1
1MHP_HL_A|SH35Q,2.727121,0.047701687,2,1
"1MHP_HL_A|SH35V,GH102S",1.4256749,-0.105701685,2,1
1MHP_HL_A|SH52M,2.0758402,0.0338856,2,1
1MHP_HL_A|SL23R,-0.21533228,0.054598346,2,1
1MHP_HL_A|SL27Q,-0.6661127,-0.09609455,2,1
1MHP_HL_A|SL90Q,1.7740332,0.10452368,2,1
1MHP_HL_A|SL90T,2.3166485,0.6148473,2,1
"1MHP_HL_A|TH33E,GH53Q",1.6674565,-0.37681893,2,1
"1MHP_HL_A|TH33I,SH52T,GH53N,GH54N",1.9075676,0.66346043,2,1
"1MHP_HL_A|TH33I,SH52T,GH53Q,GH54F",1.2553134,-0.27885732,2,1
1MHP_HL_A|TH33N,2.727121,0.036105163,2,1
1MHP_HL_A|TH33V,0.43436813,-0.21803503,2,1
1MHP_HL_A|TH50V,-0.13159887,-0.4622785,2,1
"1MHP_HL_A|TH50V,GH102S",1.6674565,-0.5809533,2,1
"1MHP_HL_A|TH50V,KH64E",-0.1805197,-1.1449436,2,1
"1MHP_HL_A|TH50V,KH64E,SL27Q,NL51E",-1.267319,-2.1193984,2,1
"1MHP_HL_A|TH50V,KH64E,SL27Q,NL51Y",-1.0844951,-2.2912376,2,1
"1MHP_HL_A|TH50V,SH35A",2.0758402,0.08956328,2,1
"1MHP_HL_A|TH50V,SH35V",2.727121,-0.49741766,2,1
"1MHP_HL_A|TH50V,SL27Q",-0.6946839,-0.6580966,2,1
"1MHP_HL_A|TH50V,SL27Q,NL51Y",-1.0235296,-1.601157,2,1
1MHP_HL_A|WL89Q,2.0758402,0.17763843,2,1
"1MHP_HL_A|WL89Q,FL32Y",0.871019,0.036203302,2,1
1MHP_HL_A|YH58E,2.0758402,0.11788138,2,1
1MHP_HL_A|YH58Q,2.0758402,0.28337458,2,1
1MHP_HL_A|YH58W,0.82094526,0.07664017,2,1
1MHP_HL_A|YH59E,0.54400706,0.15620781,2,1
1N8Z_AB_C|DB102W,-0.71302944,-0.34986654,2,1
1N8Z_AB_C|FC539A,0.035102826,0.9408951,2,1
1N8Z_AB_C|HA91F,0.034232877,-0.12988402,2,1
1N8Z_AB_C|LC509A,-0.023045197,0.99890554,2,1
1N8Z_AB_C|NA30S,0.06666317,-0.2644372,2,1
"1N8Z_AB_C|NA30S,HA91F,YA92W",-0.07476232,-0.3985451,2,1
"1N8Z_AB_C|NA30S,HA91F,YA92W,TA94S,DB102W,YB105F,YB109V",0.050661404,-0.91556627,2,1
1N8Z_AB_C|RB50A,2.9754758,0.3815378,2,1
1N8Z_AB_C|RB59A,1.8037988,0.5628475,2,1
1N8Z_AB_C|SC535A,0.030827092,0.46617976,2,1
1N8Z_AB_C|TA94S,0.32168603,-0.31129724,2,1
1N8Z_AB_C|VC536A,0.008972699,0.8308968,2,1
1N8Z_AB_C|YB105F,0.8540034,0.16791056,2,1
1N8Z_AB_C|YB109V,0.23192272,0.09747193,2,1
1XGQ_AB_C|VB33A,1.1525793,0.92861396,2,1
1XGQ_AB_C|VB33F,-2.9080825,0.016202122,2,1
1XGQ_AB_C|VB33I,-1.1076277,0.124447085,2,1
1XGQ_AB_C|VB33L,-1.0463123,-0.039977863,2,1
1YQV_HL_Y|RY45K,1.8995041,0.057006963,2,1
"1YQV_HL_Y|RY68K,TY40S,IY55V,SY91T",4.0,0.061647408,2,1
"1YQV_HL_Y|RY68K,TY40S,IY55V,SY91T,QY121H",0.0,0.012064509,2,1
1YY9_CD_A|AC25P,0.07225565,-0.36698344,2,1
1YY9_CD_A|AD98P,1.0372273,-0.6970334,2,1
1YY9_CD_A|GD54P,0.26807046,-0.13676119,2,1
1YY9_CD_A|LD29P,0.030827092,0.068069674,2,1
1YY9_CD_A|NC93A,-0.74186975,0.13826478,2,1
1YY9_CD_A|ND56A,-0.057046015,0.05843229,2,1
1YY9_CD_A|SC26D,-0.19925442,-0.071062155,2,1
"1YY9_CD_A|SC26D,TC31E,NC93A",-1.3329437,-0.20822251,2,1
"1YY9_CD_A|SC26D,TC31E,NC93A,ND56A,TD61E",-0.6517935,-0.50002325,2,1
1YY9_CD_A|SC26P,-0.009110746,-0.09386129,2,1
1YY9_CD_A|SC28P,-0.22229962,-0.045936175,2,1
1YY9_CD_A|SC54P,-0.018363854,0.036323536,2,1
1YY9_CD_A|SD53P,0.8175451,0.017325955,2,1
1YY9_CD_A|TC31E,-0.51892465,-0.25872785,2,1
"1YY9_CD_A|TC31E,NC93A",-0.81853306,-0.117068455,2,1
1YY9_CD_A|TC96P,4.0,-0.09780741,2,1
1YY9_CD_A|TD61E,-0.057046015,-0.33295557,2,1
1YY9_CD_A|WD52P,1.4782712,0.24112706,2,1
1YY9_CD_A|YD101P,1.6514195,0.11590166,2,1
3NPS_A_BC|DA214A,1.466743,0.68219715,2,1
3NPS_A_BC|DA46A,0.3399866,0.9678067,2,1
3NPS_A_BC|DA47A,1.0674704,1.0929022,2,1
3NPS_A_BC|DA91A,1.5070341,1.0674909,2,1
3NPS_A_BC|EA163A,0.61534816,1.2880571,2,1
3NPS_A_BC|FA50A,0.21957076,1.5873507,2,1
3NPS_A_BC|FA89A,1.5714045,0.848024,2,1
3NPS_A_BC|FA92A,0.46353978,1.324259,2,1
3NPS_A_BC|HA138A,1.8750918,0.5623288,2,1
3NPS_A_BC|IA26A,0.6415425,0.90277624,2,1
3NPS_A_BC|IA45A,-0.33181784,1.1907694,2,1
3NPS_A_BC|KA221A,-0.10361039,0.71043247,2,1
3NPS_A_BC|LA147A,0.29573628,1.1613749,2,1
3NPS_A_BC|NA90A,0.25341922,0.9304145,2,1
3NPS_A_BC|QA140A,0.29573628,0.9078187,2,1
3NPS_A_BC|QA168A,-0.059223834,1.0428373,2,1
3NPS_A_BC|QA169A,0.7409076,1.1021385,2,1
3NPS_A_BC|QA218A,-0.040916756,1.1283184,2,1
3NPS_A_BC|QA23A,0.026323749,1.1748632,2,1
3NPS_A_BC|RA219A,-0.08390186,0.70920134,2,1
3NPS_A_BC|RA48A,-1.062741,0.7305464,2,1
3NPS_A_BC|RA51A,0.13816836,0.8783398,2,1
3NPS_A_BC|RA82A,-0.15159543,0.92028534,2,1
3NPS_A_BC|TA144A,0.17497002,0.77467036,2,1
3NPS_A_BC|TA93A,0.72381234,1.0226562,2,1
3NPS_A_BC|YA141A,1.7748737,0.9987895,2,1
3NPS_A_BC|YA52A,0.4518898,1.3677919,2,1
3W2D_A_HL|KA67N,4.0,0.08777987,2,1
3W2D_A_HL|KA67R,-0.42812017,0.08052157,2,1
3W2D_A_HL|YA45F,0.8779443,-0.054589488,2,1
3W2D_A_HL|YA45L,2.3647563,0.2719186,2,1
"4KRO_A_B|DA321T,FA323A",0.1269707,1.2527573,2,1
"4KRP_A_B|DA277T,FA279A",0.35829666,1.2345601,2,1
4NM8_ABCDEF_HL|DB19N,0.66149956,0.36071527,2,1
4NM8_ABCDEF_HL|IB18M,0.10977998,0.08826799,2,1
4NM8_ABCDEF_HL|LB38Y,-0.6151596,0.24385053,2,1
4NM8_ABCDEF_HL|QB34R,2.9754758,0.43502864,2,1
4NM8_ABCDEF_HL|QB34T,2.3309386,0.240374,2,1
4NM8_ABCDEF_HL|RB25M,3.442353,-0.041629776,2,1
4NM8_ABCDEF_HL|TB32E,-0.5517196,0.12220211,2,1
4NM8_ABCDEF_HL|TB32I,-0.050205972,0.14136504,2,1
4NM8_ABCDEF_HL|TB32R,1.2211944,0.44847587,2,1
1DVF_AB_CD|DB100A,2.7895143,1.0482545,2,2
"1DVF_AB_CD|DB100A,DD52A",4.0,1.9838066,2,2
"1DVF_AB_CD|DB100A,HD33A",4.0,2.0636754,2,2
"1DVF_AB_CD|DB100A,ND55A",4.0,1.5050796,2,2
1DVF_AB_CD|DB54A,4.0,0.67110986,2,2
"1DVF_AB_CD|DB54A,YC49A",4.0,1.9199129,2,2
1DVF_AB_CD|DB58A,1.6000048,0.88765466,2,2
"1DVF_AB_CD|DB58A,QD104A",1.4641725,1.7063093,2,2
1DVF_AB_CD|DD52A,1.6822901,1.0230049,2,2
1DVF_AB_CD|EB98A,4.0,0.83387226,2,2
"1DVF_AB_CD|EB98A,YD102A",4.0,2.2065873,2,2
1DVF_AB_CD|HA30A,1.6493824,0.43002173,2,2
1DVF_AB_CD|HD33A,1.8606005,1.0853047,2,2
1DVF_AB_CD|ID101A,2.6815457,1.1479846,2,2
1DVF_AB_CD|KD30A,1.0035173,1.0613012,2,2
1DVF_AB_CD|NB56A,1.1624389,0.40003154,2,2
"1DVF_AB_CD|NB56A,HD33A",2.5259995,1.4668783,2,2
"1DVF_AB_CD|NB56A,ND55A",2.3010929,0.8721382,2,2
"1DVF_AB_CD|NB56A,QD104A",1.4868644,1.2542552,2,2
1DVF_AB_CD|ND55A,1.8606005,0.49544466,2,2
1DVF_AB_CD|QD104A,1.6287225,0.8680117,2,2
1DVF_AB_CD|RB99A,1.8746451,0.7880993,2,2
1DVF_AB_CD|RD106A,4.0,0.5478734,2,2
1DVF_AB_CD|SA93A,1.1624389,0.57691985,2,2
1DVF_AB_CD|TB30A,0.9075126,0.19283374,2,2
1DVF_AB_CD|WA92A,0.34072307,0.90043914,2,2
1DVF_AB_CD|WB52A,4.0,0.6546338,2,2
"1DVF_AB_CD|WB52A,QD104A",4.0,1.4600327,2,2
1DVF_AB_CD|YA32A,2.0303695,1.0912844,2,2
"1DVF_AB_CD|YA32A,RD106A",4.0,1.5782087,2,2
1DVF_AB_CD|YA49A,1.6785902,1.0980194,2,2
"1DVF_AB_CD|YA49A,HD33A",2.625045,2.0964105,2,2
"1DVF_AB_CD|YA49A,ND55A",2.0303695,1.5497371,2,2
1DVF_AB_CD|YA50A,0.6877736,1.3831218,2,2
1DVF_AB_CD|YB101F,2.0123136,1.3148979,2,2
1DVF_AB_CD|YB32A,1.8314707,1.0079985,2,2
1DVF_AB_CD|YC49A,1.8606005,1.309954,2,2
1DVF_AB_CD|YD102A,4.0,1.4476142,2,2
1MHP_HL_A|FH99W,0.0,-0.3404938,2,2
1MHP_HL_A|FH99Y,0.75466895,-1.1422755,2,2
1MHP_HL_A|GH100F,0.38901797,-0.14253668,2,2
1MHP_HL_A|GH100L,2.727121,0.013435477,2,2
1MHP_HL_A|GH100M,0.10213403,-0.30705467,2,2
1MHP_HL_A|GH100S,0.5577475,-0.19210096,2,2
1MHP_HL_A|GH53A,0.5126066,0.4487609,2,2
1MHP_HL_A|GH53N,1.2553134,0.13594873,2,2
1MHP_HL_A|GH53S,0.6755934,-0.042525712,2,2
1MHP_HL_A|GH54I,1.3635606,0.060742654,2,2
1MHP_HL_A|GH54T,1.1641668,0.35789266,2,2
1MHP_HL_A|GH54Y,0.0,-0.75646037,2,2
1MHP_HL_A|GL91Q,1.572685,-0.23753339,2,2
1MHP_HL_A|GL91S,0.5126066,-0.16933283,2,2
1MHP_HL_A|HL30K,1.1641668,0.15035288,2,2
1MHP_HL_A|HL30R,1.1237977,-0.073078364,2,2
1MHP_HL_A|HL30W,1.2553134,-0.15059425,2,2
1MHP_HL_A|KH64D,-0.17144196,-0.5546128,2,2
1MHP_HL_A|KH64E,-0.07761467,-0.6254665,2,2
"1MHP_HL_A|KH64E,SL27Q",-0.85684633,-0.7829956,2,2
"1MHP_HL_A|KH64E,SL27Q,NL51Y",-1.0191593,-1.5277928,2,2
1MHP_HL_A|KH64N,-0.03627145,-0.27767783,2,2
1MHP_HL_A|KH64Q,-0.07761467,-0.30708662,2,2
1MHP_HL_A|LH60D,-0.061319917,-0.34203038,2,2
"1MHP_HL_A|LH60D,KH64E",-0.1418005,-0.9294963,2,2
"1MHP_HL_A|LH60D,KH64Q",0.042989343,-0.59100956,2,2
1MHP_HL_A|LL48F,0.71227974,-0.055290367,2,2
1MHP_HL_A|LL48K,0.8612009,0.06774271,2,2
1MHP_HL_A|LL48W,1.9075676,-0.38206345,2,2
1MHP_HL_A|NL29V,1.0493295,-0.16718273,2,2
1MHP_HL_A|NL29W,1.572685,-0.1452474,2,2
1MHP_HL_A|NL29Y,1.9075676,-0.5582179,2,2
"1MHP_HL_A|NL29Y,SL90I",0.43436813,-0.33244804,2,2
1MHP_HL_A|NL51D,0.5007625,-0.3820509,2,2
1MHP_HL_A|NL51E,-0.08868487,-0.35148743,2,2
1MHP_HL_A|NL51K,0.65751,0.26297095,2,2
1MHP_HL_A|NL51R,0.84484076,-0.028313588,2,2
1MHP_HL_A|NL51Y,-0.05162489,-0.71755373,2,2
1MHP_HL_A|RH31Q,1.3073281,-0.03293365,2,2
1MHP_HL_A|SH35A,1.572685,0.5071436,2,2
"1MHP_HL_A|SH35A,GH102S",1.572685,0.43810153,2,2
1MHP_HL_A|SH35Q,2.727121,0.015302684,2,2
"1MHP_HL_A|SH35V,GH102S",1.4256749,-0.09545915,2,2
1MHP_HL_A|SH52M,2.0758402,-0.13465777,2,2
1MHP_HL_A|SL23R,-0.21533228,-0.086259186,2,2
1MHP_HL_A|SL27Q,-0.6661127,-0.18562342,2,2
1MHP_HL_A|SL90Q,1.7740332,-0.13247454,2,2
1MHP_HL_A|SL90T,2.3166485,0.3455061,2,2
"1MHP_HL_A|TH33E,GH53Q",1.6674565,-0.4063356,2,2
"1MHP_HL_A|TH33I,SH52T,GH53N,GH54N",1.9075676,0.5141523,2,2
"1MHP_HL_A|TH33I,SH52T,GH53Q,GH54F",1.2553134,0.08539304,2,2
1MHP_HL_A|TH33N,2.727121,-0.25603953,2,2
1MHP_HL_A|TH33V,0.43436813,-0.28104237,2,2
1MHP_HL_A|TH50V,-0.13159887,-0.6808082,2,2
"1MHP_HL_A|TH50V,GH102S",1.6674565,-0.76625955,2,2
"1MHP_HL_A|TH50V,KH64E",-0.1805197,-1.309241,2,2
"1MHP_HL_A|TH50V,KH64E,SL27Q,NL51E",-1.267319,-1.8813831,2,2
"1MHP_HL_A|TH50V,KH64E,SL27Q,NL51Y",-1.0844951,-2.2604501,2,2
"1MHP_HL_A|TH50V,SH35A",2.0758402,-0.08616665,2,2
"1MHP_HL_A|TH50V,SH35V",2.727121,-0.5791337,2,2
"1MHP_HL_A|TH50V,SL27Q",-0.6946839,-0.8388493,2,2
"1MHP_HL_A|TH50V,SL27Q,NL51Y",-1.0235296,-1.5869666,2,2
1MHP_HL_A|WL89Q,2.0758402,0.30507272,2,2
"1MHP_HL_A|WL89Q,FL32Y",0.871019,-0.43582383,2,2
1MHP_HL_A|YH58E,2.0758402,0.37777784,2,2
1MHP_HL_A|YH58Q,2.0758402,0.5892211,2,2
1MHP_HL_A|YH58W,0.82094526,0.30987725,2,2
1MHP_HL_A|YH59E,0.54400706,0.33102423,2,2
1N8Z_AB_C|DB102W,-0.71302944,-0.4003001,2,2
1N8Z_AB_C|FC539A,0.035102826,1.5067825,2,2
1N8Z_AB_C|HA91F,0.034232877,0.06261482,2,2
1N8Z_AB_C|LC509A,-0.023045197,0.9977614,2,2
1N8Z_AB_C|NA30S,0.06666317,-0.074454114,2,2
"1N8Z_AB_C|NA30S,HA91F,YA92W",-0.07476232,0.5480314,2,2
"1N8Z_AB_C|NA30S,HA91F,YA92W,TA94S,DB102W,YB105F,YB109V",0.050661404,1.4180326,2,2
1N8Z_AB_C|RB50A,2.9754758,0.5557176,2,2
1N8Z_AB_C|RB59A,1.8037988,0.51183164,2,2
1N8Z_AB_C|SC535A,0.030827092,0.65288514,2,2
1N8Z_AB_C|TA94S,0.32168603,-0.67904526,2,2
1N8Z_AB_C|VC536A,0.008972699,0.71833575,2,2
1N8Z_AB_C|YB105F,0.8540034,1.2371641,2,2
1N8Z_AB_C|YB109V,0.23192272,0.7637185,2,2
1XGQ_AB_C|VB33A,1.1525793,0.80593187,2,2
1XGQ_AB_C|VB33F,-2.9080825,-0.14859958,2,2
1XGQ_AB_C|VB33I,-1.1076277,0.20464946,2,2
1XGQ_AB_C|VB33L,-1.0463123,0.059488222,2,2
1YQV_HL_Y|RY45K,1.8995041,-0.07280485,2,2
"1YQV_HL_Y|RY68K,TY40S,IY55V,SY91T",4.0,0.49653092,2,2
"1YQV_HL_Y|RY68K,TY40S,IY55V,SY91T,QY121H",0.0,0.39997396,2,2
1YY9_CD_A|AC25P,0.07225565,-0.37359515,2,2
1YY9_CD_A|AD98P,1.0372273,-0.73004484,2,2
1YY9_CD_A|GD54P,0.26807046,0.30364805,2,2
1YY9_CD_A|LD29P,0.030827092,0.1265538,2,2
1YY9_CD_A|NC93A,-0.74186975,0.53959227,2,2
1YY9_CD_A|ND56A,-0.057046015,0.44338563,2,2
1YY9_CD_A|SC26D,-0.19925442,-0.103849694,2,2
"1YY9_CD_A|SC26D,TC31E,NC93A",-1.3329437,0.024629813,2,2
"1YY9_CD_A|SC26D,TC31E,NC93A,ND56A,TD61E",-0.6517935,-0.21197337,2,2
1YY9_CD_A|SC26P,-0.009110746,0.021477645,2,2
1YY9_CD_A|SC28P,-0.22229962,0.16404141,2,2
1YY9_CD_A|SC54P,-0.018363854,0.3236214,2,2
1YY9_CD_A|SD53P,0.8175451,0.19035617,2,2
1YY9_CD_A|TC31E,-0.51892465,-0.15683544,2,2
"1YY9_CD_A|TC31E,NC93A",-0.81853306,0.28321633,2,2
1YY9_CD_A|TC96P,4.0,0.036010258,2,2
1YY9_CD_A|TD61E,-0.057046015,-0.5235272,2,2
1YY9_CD_A|WD52P,1.4782712,0.4633282,2,2
1YY9_CD_A|YD101P,1.6514195,1.0492778,2,2
3NPS_A_BC|DA214A,1.466743,0.78808796,2,2
3NPS_A_BC|DA46A,0.3399866,0.872816,2,2
3NPS_A_BC|DA47A,1.0674704,1.0127463,2,2
3NPS_A_BC|DA91A,1.5070341,1.020335,2,2
3NPS_A_BC|EA163A,0.61534816,0.7318674,2,2
3NPS_A_BC|FA50A,0.21957076,1.1462283,2,2
3NPS_A_BC|FA89A,1.5714045,1.1009617,2,2
3NPS_A_BC|FA92A,0.46353978,0.89211684,2,2
3NPS_A_BC|HA138A,1.8750918,0.62371767,2,2
3NPS_A_BC|IA26A,0.6415425,0.82590145,2,2
3NPS_A_BC|IA45A,-0.33181784,0.78477776,2,2
3NPS_A_BC|KA221A,-0.10361039,1.1253603,2,2
3NPS_A_BC|LA147A,0.29573628,0.5214037,2,2
3NPS_A_BC|NA90A,0.25341922,0.9803519,2,2
3NPS_A_BC|QA140A,0.29573628,0.6296252,2,2
3NPS_A_BC|QA168A,-0.059223834,0.712157,2,2
3NPS_A_BC|QA169A,0.7409076,1.2820506,2,2
3NPS_A_BC|QA218A,-0.040916756,0.84971756,2,2
3NPS_A_BC|QA23A,0.026323749,0.73122126,2,2
3NPS_A_BC|RA219A,-0.08390186,0.5302408,2,2
3NPS_A_BC|RA48A,-1.062741,0.47789547,2,2
3NPS_A_BC|RA51A,0.13816836,0.59276307,2,2
3NPS_A_BC|RA82A,-0.15159543,0.7707224,2,2
3NPS_A_BC|TA144A,0.17497002,0.59516966,2,2
3NPS_A_BC|TA93A,0.72381234,0.8384078,2,2
3NPS_A_BC|YA141A,1.7748737,0.7580987,2,2
3NPS_A_BC|YA52A,0.4518898,0.7533911,2,2
3W2D_A_HL|KA67N,4.0,0.4902417,2,2
3W2D_A_HL|KA67R,-0.42812017,0.6907265,2,2
3W2D_A_HL|YA45F,0.8779443,-0.70903546,2,2
3W2D_A_HL|YA45L,2.3647563,0.102768496,2,2
"4KRO_A_B|DA321T,FA323A",0.1269707,2.097032,2,2
"4KRP_A_B|DA277T,FA279A",0.35829666,2.13351,2,2
4NM8_ABCDEF_HL|DB19N,0.66149956,0.5123434,2,2
4NM8_ABCDEF_HL|IB18M,0.10977998,0.41218844,2,2
4NM8_ABCDEF_HL|LB38Y,-0.6151596,0.31045955,2,2
4NM8_ABCDEF_HL|QB34R,2.9754758,0.5931782,2,2
4NM8_ABCDEF_HL|QB34T,2.3309386,0.50540197,2,2
4NM8_ABCDEF_HL|RB25M,3.442353,0.107630745,2,2
4NM8_ABCDEF_HL|TB32E,-0.5517196,0.12767096,2,2
4NM8_ABCDEF_HL|TB32I,-0.050205972,0.46077362,2,2
4NM8_ABCDEF_HL|TB32R,1.2211944,0.5022454,2,2
"1CZ8_HL_VW|LL4M,DH28T,HH31N,YH101H,TH105S",2.939849,1.6028665,3,0
1KIR_AB_C|SA50Y,-1.3870943,-0.73396903,3,0
1MLC_AB_E|KB65D,0.018548755,-1.7100341,3,0
1MLC_AB_E|NA32G,-0.8773867,0.7441604,3,0
"1MLC_AB_E|NA32G,NA92A",-0.6866531,1.4106212,3,0
"1MLC_AB_E|NA32G,NA92A,SB57V,TB58D",-1.7349738,0.4724438,3,0
1MLC_AB_E|NA32Y,0.0,-1.2906896,3,0
1MLC_AB_E|NA92A,-1.2533532,0.6913316,3,0
"1MLC_AB_E|NA92A,SB57V,TB58D",-2.394188,-0.2699587,3,0
"1MLC_AB_E|NA92A,TB28D,SB57V,TB58D",-2.5813644,-1.0097562,3,0
"1MLC_AB_E|NA92A,TB28D,SB57V,TB58D,EB35S,GB99D",-2.9539242,-1.8841897,3,0
"1MLC_AB_E|NA92A,TB28D,SB57V,TB58D,GB99D",-0.20357698,-1.7095941,3,0
"1MLC_AB_E|NA92A,TB28D,SB57V,TB58D,NA32L",-2.5843081,-0.39014474,3,0
"1MLC_AB_E|NA92A,TB28D,SB57V,TB58D,RB98M,DB100Q",-0.41047263,-0.574962,3,0
"1MLC_AB_E|NA92A,TB28D,SB57V,TB58D,SA91N,SA93A",-1.6104395,-0.8533271,3,0
"1MLC_AB_E|NA92A,TB28D,SB57V,TB58D,SB30G",-2.3584673,-0.42803878,3,0
"1MLC_AB_E|NA92A,TB28D,SB57V,TB58D,YB32W,RB98V,DB100Q",0.36138764,-0.20968767,3,0
"1MLC_AB_E|NA92A,TB28D,SB57V,TB58D,YB59E",-1.4661698,0.059393216,3,0
1MLC_AB_E|SB57A,-0.37902167,0.88642985,3,0
1MLC_AB_E|SB57V,-0.49418068,-0.0028017052,3,0
"1MLC_AB_E|SB57V,TB58D",-0.9877286,-0.9840076,3,0
1MLC_AB_E|TB28D,-0.15094383,-0.8179767,3,0
1MLC_AB_E|TB31A,0.44700673,0.27303132,3,0
1MLC_AB_E|TB31V,0.5262404,-0.3502148,3,0
1MLC_AB_E|TB31W,0.13214268,-0.6758324,3,0
1MLC_AB_E|TB58D,-0.55968237,-0.8116209,3,0
1NCA_N_LH|DH101K,0.71416,0.57277036,3,0
1NCA_N_LH|EH100D,0.41047263,-0.054550905,3,0
1NCA_N_LH|NH102Q,0.5426153,-0.15129407,3,0
1NCA_N_LH|NH31Q,0.0,0.17521043,3,0
1NMB_N_LH|DH57E,2.9536283,0.1345642,3,0
1NMB_N_LH|DH57N,2.9536283,0.33107737,3,0
1NMB_N_LH|LL94V,0.9000208,-0.26065567,3,0
1NMB_N_LH|TL93F,-0.023903161,-0.5783497,3,0
1NMB_N_LH|TL93W,0.18419003,-1.1290128,3,0
1NMB_N_LH|YH103A,2.14062,1.2216283,3,0
1NMB_N_LH|YH105F,1.4194101,0.5236144,3,0
1NMB_N_LH|YL32F,0.46632215,0.6057967,3,0
1VFB_AB_C|DB100A,3.005002,2.1339226,3,0
"1VFB_AB_C|DB100A,SC24A",3.369756,3.4779592,3,0
1VFB_AB_C|DB54A,0.8151114,1.7554321,3,0
"1VFB_AB_C|DB54A,TC118A",1.2546439,2.7367284,3,0
1VFB_AB_C|DB58A,-0.20700333,1.2878417,3,0
1VFB_AB_C|DB58E,0.078081094,0.29590726,3,0
1VFB_AB_C|DB58N,-0.12818155,0.25199896,3,0
1VFB_AB_C|DC119A,0.9530879,2.3053246,3,0
1VFB_AB_C|DC18A,0.34013057,1.6893077,3,0
1VFB_AB_C|EB98A,1.1565572,2.3468049,3,0
1VFB_AB_C|GB31A,0.30646533,0.9150747,3,0
1VFB_AB_C|GB31E,-0.5097613,0.2505756,3,0
1VFB_AB_C|GB31W,0.0039611305,0.028318208,3,0
1VFB_AB_C|HA30A,0.84488255,0.82683355,3,0
1VFB_AB_C|IC124A,1.2314179,0.55232567,3,0
1VFB_AB_C|KC116A,0.7134504,1.3833376,3,0
1VFB_AB_C|LC129A,0.17154472,0.7324569,3,0
1VFB_AB_C|NA31W,0.17432266,0.023140732,3,0
1VFB_AB_C|NB56A,0.17771798,0.9894143,3,0
1VFB_AB_C|NC19A,0.3960868,0.78737986,3,0
1VFB_AB_C|QC121A,2.876998,0.16635759,3,0
1VFB_AB_C|RB99A,-0.099735305,1.4230343,3,0
1VFB_AB_C|RB99W,0.7049742,0.08785613,3,0
1VFB_AB_C|RB99Y,1.235379,-0.38339457,3,0
1VFB_AB_C|RC125A,1.8368999,0.7939792,3,0
1VFB_AB_C|SA93A,0.34312394,0.84743416,3,0
1VFB_AB_C|SB28D,0.0,-0.07742557,3,0
1VFB_AB_C|SB28E,-0.104007296,0.043733787,3,0
1VFB_AB_C|SB28N,0.14394745,0.30703726,3,0
1VFB_AB_C|SB28Q,0.078081094,0.31678164,3,0
1VFB_AB_C|SC24A,0.850965,1.7346562,3,0
1VFB_AB_C|TA52F,0.4708752,-0.41970795,3,0
1VFB_AB_C|TA53R,1.6458516,-0.1420251,3,0
1VFB_AB_C|TB30A,-0.05584954,0.47641852,3,0
1VFB_AB_C|TC118A,0.7650957,1.2369188,3,0
1VFB_AB_C|VC120A,0.9169499,0.3542165,3,0
1VFB_AB_C|WA92A,3.037848,1.1341859,3,0
"1VFB_AB_C|WA92A,IC124A",3.8503337,1.5528123,3,0
"1VFB_AB_C|WA92A,LC129A",3.3073628,1.719691,3,0
"1VFB_AB_C|WA92A,QC121A",3.5189366,1.1905148,3,0
"1VFB_AB_C|WA92A,RC125A",3.3932896,1.7785223,3,0
1VFB_AB_C|WB52A,0.6406274,2.461839,3,0
"1VFB_AB_C|WB52A,DC119A",2.2473724,4.195403,3,0
1VFB_AB_C|YA32A,1.5281335,2.6431382,3,0
"1VFB_AB_C|YA32A,IC124A",2.9057157,2.9967244,3,0
"1VFB_AB_C|YA32A,QC121A",1.586041,2.6746094,3,0
1VFB_AB_C|YA49A,0.79754156,1.3394057,3,0
1VFB_AB_C|YA50A,0.456086,1.9273137,3,0
"1VFB_AB_C|YA50A,DC119A",1.2314179,3.7792296,3,0
"1VFB_AB_C|YA50A,DC18A",1.265924,3.277992,3,0
1VFB_AB_C|YA50K,1.7156012,1.5253005,3,0
1VFB_AB_C|YA50R,0.8443241,1.1402527,3,0
1VFB_AB_C|YB101F,1.2695644,1.432892,3,0
"1VFB_AB_C|YB101F,DC119A",2.736521,3.367172,3,0
"1VFB_AB_C|YB101F,VC120A",2.5384777,1.676904,3,0
1VFB_AB_C|YB32A,0.7916793,1.5160902,3,0
"1VFB_AB_C|YB32A,KC116A",1.586041,2.6401937,3,0
1VFB_AB_C|YB32E,1.9021881,0.64795005,3,0
1VFB_AB_C|YC23A,0.41047263,1.7553891,3,0
1XGP_AB_C|AB33F,-4.0,-2.9568574,3,0
1XGP_AB_C|AB33I,-2.260207,-1.3046511,3,0
1XGP_AB_C|AB33L,-2.1988916,-1.4365255,3,0
1XGP_AB_C|AB33V,-1.1525793,-1.3975949,3,0
2JEL_LH_P|AP82S,0.0,-0.63712597,3,0
2JEL_LH_P|DP69E,0.9530879,0.7229757,3,0
2JEL_LH_P|EP5D,0.41047263,-0.4214439,3,0
2JEL_LH_P|EP5Q,0.7129768,0.31519514,3,0
2JEL_LH_P|EP68A,0.41047263,0.5837754,3,0
2JEL_LH_P|EP75R,2.727121,0.64886063,3,0
2JEL_LH_P|EP83A,0.0,0.94184524,3,0
2JEL_LH_P|EP85A,0.0,1.1248214,3,0
2JEL_LH_P|EP85D,0.0,-0.4815325,3,0
2JEL_LH_P|EP85K,0.0,0.21999039,3,0
2JEL_LH_P|EP85Q,0.0,0.46885398,3,0
2JEL_LH_P|FP2W,2.6191528,1.3193862,3,0
2JEL_LH_P|FP2Y,0.0,-0.2400592,3,0
2JEL_LH_P|HP76A,-0.41047263,1.0974605,3,0
2JEL_LH_P|HP76D,-0.65058374,0.37448877,3,0
2JEL_LH_P|KP24E,0.0,1.0343434,3,0
2JEL_LH_P|KP27E,0.0,1.0273805,3,0
2JEL_LH_P|KP72E,0.41047263,-0.38267282,3,0
2JEL_LH_P|KP72R,0.0,0.08285597,3,0
2JEL_LH_P|KP79E,0.41047263,0.4948686,3,0
2JEL_LH_P|NP12D,0.0,-1.0175887,3,0
2JEL_LH_P|NP38T,0.0,-0.13555913,3,0
2JEL_LH_P|PP11E,0.0,0.30566314,3,0
2JEL_LH_P|QP3K,4.0,-0.09960827,3,0
2JEL_LH_P|QP4K,1.3635606,-0.50806564,3,0
2JEL_LH_P|QP57E,-0.41047263,0.19671397,3,0
2JEL_LH_P|QP71E,2.727121,-0.33313298,3,0
2JEL_LH_P|RP17G,0.0,1.210429,3,0
2JEL_LH_P|RP17K,0.0,0.44201902,3,0
2JEL_LH_P|SP41C,1.4957032,0.7832894,3,0
2JEL_LH_P|SP43C,0.0,0.16796224,3,0
2JEL_LH_P|SP46C,0.0,0.30714652,3,0
2JEL_LH_P|SP64T,4.0,-0.12858175,3,0
2JEL_LH_P|TP34Q,0.0,0.64849293,3,0
2JEL_LH_P|TP36Q,0.41047263,0.5434782,3,0
2JEL_LH_P|TP62A,0.0,1.0829916,3,0
2JEL_LH_P|TP62N,0.0,1.1485223,3,0
2JEL_LH_P|TP7N,0.41047263,1.3441874,3,0
2JEL_LH_P|TP7S,0.0,0.6815067,3,0
2JEL_LH_P|VP6F,0.0,-1.2084013,3,0
"2NY7_HL_G|CG27I,CG226Q",0.19971907,-2.0746777,3,0
"2NY7_HL_G|CG27I,CG226Q,MG231A",0.20319231,-2.0375035,3,0
"2NY7_HL_G|GG229C,MG231A",-0.37879732,-0.5143528,3,0
"2NY7_HL_G|GG229C,WG13M,MG231A,CG14W,CG110V,CG27I,CG226Q",0.21462485,-3.6307242,3,0
"2NY7_HL_G|KG66C,EG102C,CG27I,CG226Q",0.04085667,-1.7739629,3,0
"2NY7_HL_G|KG66C,EG102C,WG13M,MG231A,CG14W,CG110V,CG27I,CG226Q",0.3998023,-2.4463348,3,0
"2NY7_HL_G|KG66C,EG103C,WG13M,MG231A,CG14W,CG110V,CG27I,CG226Q",0.29989544,-2.507282,3,0
"2NY7_HL_G|WG13M,MG231A,CG14W,CG110V",1.1574335,-0.69094384,3,0
"2NY7_HL_G|WG13M,MG231A,CG14W,CG110V,CG27I,CG226Q",0.44904727,-2.9085038,3,0
"2NY7_HL_G|WG13M,MG231A,CG14W,CG110V,KG66C,EG102C",0.55101526,-0.5554461,3,0
"2NY7_HL_G|WG13M,SG92T,WG181S,MG231A,CG14W,CG110V,CG27I,CG226Q",-0.3035898,-3.7163103,3,0
3BN9_B_CD|DB214A,0.5662115,1.0744632,3,0
3BN9_B_CD|DB46A,0.42238826,0.90019184,3,0
3BN9_B_CD|DB47A,0.31110755,1.0488557,3,0
3BN9_B_CD|EB163A,0.37321588,0.20233141,3,0
3BN9_B_CD|FB50A,-0.044997852,0.8268107,3,0
3BN9_B_CD|FB89A,0.6392419,1.755824,3,0
3BN9_B_CD|HB138A,0.085063316,0.9151326,3,0
3BN9_B_CD|IB26A,0.0,0.44462213,3,0
3BN9_B_CD|IB45A,0.8352155,0.27710238,3,0
3BN9_B_CD|KB221A,0.7849689,0.8713785,3,0
3BN9_B_CD|LB147A,0.33619216,0.42465618,3,0
3BN9_B_CD|NB90A,0.7733444,0.2843533,3,0
3BN9_B_CD|PD104H,2.4272547,-0.25916392,3,0
3BN9_B_CD|QB140A,0.1331048,0.36625516,3,0
3BN9_B_CD|QB168A,-0.03469869,0.1376827,3,0
3BN9_B_CD|QB169A,2.5089848,0.7273235,3,0
3BN9_B_CD|QB218A,0.70571065,0.5357945,3,0
3BN9_B_CD|QB23A,-0.41530684,0.38284072,3,0
3BN9_B_CD|QD105V,1.2241027,-0.05723971,3,0
3BN9_B_CD|RB219A,-0.093698174,0.35974982,3,0
3BN9_B_CD|RB48A,-0.044997852,0.019480292,3,0
3BN9_B_CD|RB51A,-0.07155777,0.21392073,3,0
3BN9_B_CD|RB82A,-0.15923285,0.79782003,3,0
3BN9_B_CD|SD30G,1.1861069,0.04509103,3,0
3BN9_B_CD|SD30N,1.145505,-0.058885902,3,0
3BN9_B_CD|TB144A,0.2908351,0.9130814,3,0
3BN9_B_CD|TB93A,1.1320528,0.8820515,3,0
3BN9_B_CD|TD102Q,-0.02153644,-0.5578969,3,0
3BN9_B_CD|TD102R,-0.058294915,-0.61542064,3,0
3BN9_B_CD|TD28R,0.33290586,-0.28967544,3,0
3BN9_B_CD|YB141A,1.0846525,1.5086521,3,0
3BN9_B_CD|YB52A,0.018951595,0.95718807,3,0
3BN9_B_CD|YD103S,0.45868576,0.38924167,3,0
4GXU_ABCDEF_MN|DA189E,2.1650882,0.64436275,3,0
"4GXU_ABCDEF_MN|DA189E,DA224G",3.0102077,1.9842244,3,0
4GXU_ABCDEF_MN|DA224G,1.9608781,1.2250528,3,0
"1CZ8_HL_VW|LL4M,DH28T,HH31N,YH101H,TH105S",2.939849,0.00929999,3,1
1KIR_AB_C|SA50Y,-1.3870943,-0.014064293,3,1
1MLC_AB_E|KB65D,0.018548755,-0.10910036,3,1
1MLC_AB_E|NA32G,-0.8773867,-0.04192409,3,1
"1MLC_AB_E|NA32G,NA92A",-0.6866531,-0.04739707,3,1
"1MLC_AB_E|NA32G,NA92A,SB57V,TB58D",-1.7349738,-0.19196588,3,1
1MLC_AB_E|NA32Y,0.0,-0.030071933,3,1
1MLC_AB_E|NA92A,-1.2533532,-0.04149454,3,1
"1MLC_AB_E|NA92A,SB57V,TB58D",-2.394188,-0.1878342,3,1
"1MLC_AB_E|NA92A,TB28D,SB57V,TB58D",-2.5813644,-0.22290234,3,1
"1MLC_AB_E|NA92A,TB28D,SB57V,TB58D,EB35S,GB99D",-2.9539242,-0.24441616,3,1
"1MLC_AB_E|NA92A,TB28D,SB57V,TB58D,GB99D",-0.20357698,-0.2644027,3,1
"1MLC_AB_E|NA92A,TB28D,SB57V,TB58D,NA32L",-2.5843081,-0.24292357,3,1
"1MLC_AB_E|NA92A,TB28D,SB57V,TB58D,RB98M,DB100Q",-0.41047263,-0.23873211,3,1
"1MLC_AB_E|NA92A,TB28D,SB57V,TB58D,SA91N,SA93A",-1.6104395,-0.20936212,3,1
"1MLC_AB_E|NA92A,TB28D,SB57V,TB58D,SB30G",-2.3584673,-0.28147405,3,1
"1MLC_AB_E|NA92A,TB28D,SB57V,TB58D,YB32W,RB98V,DB100Q",0.36138764,-0.26786804,3,1
"1MLC_AB_E|NA92A,TB28D,SB57V,TB58D,YB59E",-1.4661698,-0.24122514,3,1
1MLC_AB_E|SB57A,-0.37902167,-0.06279469,3,1
1MLC_AB_E|SB57V,-0.49418068,-0.10654943,3,1
"1MLC_AB_E|SB57V,TB58D",-0.9877286,-0.18793984,3,1
1MLC_AB_E|TB28D,-0.15094383,-0.06796768,3,1
1MLC_AB_E|TB31A,0.44700673,-0.028764952,3,1
1MLC_AB_E|TB31V,0.5262404,-0.060204707,3,1
1MLC_AB_E|TB31W,0.13214268,-0.052692674,3,1
1MLC_AB_E|TB58D,-0.55968237,-0.111610234,3,1
1NCA_N_LH|DH101K,0.71416,0.06321677,3,1
1NCA_N_LH|EH100D,0.41047263,0.010815084,3,1
1NCA_N_LH|NH102Q,0.5426153,-0.017428406,3,1
1NCA_N_LH|NH31Q,0.0,-0.045358784,3,1
1NMB_N_LH|DH57E,2.9536283,0.03591774,3,1
1NMB_N_LH|DH57N,2.9536283,0.0774652,3,1
1NMB_N_LH|LL94V,0.9000208,-0.0061627924,3,1
1NMB_N_LH|TL93F,-0.023903161,-0.005609527,3,1
1NMB_N_LH|TL93W,0.18419003,-0.042579286,3,1
1NMB_N_LH|YH103A,2.14062,0.070455685,3,1
1NMB_N_LH|YH105F,1.4194101,0.055727914,3,1
1NMB_N_LH|YL32F,0.46632215,0.010527195,3,1
1VFB_AB_C|DB100A,3.005002,0.07555981,3,1
"1VFB_AB_C|DB100A,SC24A",3.369756,0.26717305,3,1
1VFB_AB_C|DB54A,0.8151114,0.07875313,3,1
"1VFB_AB_C|DB54A,TC118A",1.2546439,0.20716406,3,1
1VFB_AB_C|DB58A,-0.20700333,0.13506052,3,1
1VFB_AB_C|DB58E,0.078081094,0.06884655,3,1
1VFB_AB_C|DB58N,-0.12818155,0.10526325,3,1
1VFB_AB_C|DC119A,0.9530879,0.12667373,3,1
1VFB_AB_C|DC18A,0.34013057,0.16229984,3,1
1VFB_AB_C|EB98A,1.1565572,0.10496341,3,1
1VFB_AB_C|GB31A,0.30646533,0.054264694,3,1
1VFB_AB_C|GB31E,-0.5097613,0.018487139,3,1
1VFB_AB_C|GB31W,0.0039611305,0.028771633,3,1
1VFB_AB_C|HA30A,0.84488255,0.08581743,3,1
1VFB_AB_C|IC124A,1.2314179,0.13674635,3,1
1VFB_AB_C|KC116A,0.7134504,0.20866705,3,1
1VFB_AB_C|LC129A,0.17154472,0.12272206,3,1
1VFB_AB_C|NA31W,0.17432266,0.025061904,3,1
1VFB_AB_C|NB56A,0.17771798,0.027144907,3,1
1VFB_AB_C|NC19A,0.3960868,0.12566671,3,1
1VFB_AB_C|QC121A,2.876998,0.13149399,3,1
1VFB_AB_C|RB99A,-0.099735305,0.070303775,3,1
1VFB_AB_C|RB99W,0.7049742,0.040462002,3,1
1VFB_AB_C|RB99Y,1.235379,0.05679585,3,1
1VFB_AB_C|RC125A,1.8368999,0.13350177,3,1
1VFB_AB_C|SA93A,0.34312394,0.047605686,3,1
1VFB_AB_C|SB28D,0.0,0.0007472858,3,1
1VFB_AB_C|SB28E,-0.104007296,0.0059340056,3,1
1VFB_AB_C|SB28N,0.14394745,0.024913503,3,1
1VFB_AB_C|SB28Q,0.078081094,0.01323114,3,1
1VFB_AB_C|SC24A,0.850965,0.23198092,3,1
1VFB_AB_C|TA52F,0.4708752,0.018688336,3,1
1VFB_AB_C|TA53R,1.6458516,-0.01793183,3,1
1VFB_AB_C|TB30A,-0.05584954,0.024656681,3,1
1VFB_AB_C|TC118A,0.7650957,0.17117007,3,1
1VFB_AB_C|VC120A,0.9169499,0.13486472,3,1
1VFB_AB_C|WA92A,3.037848,0.09395362,3,1
"1VFB_AB_C|WA92A,IC124A",3.8503337,0.18931484,3,1
"1VFB_AB_C|WA92A,LC129A",3.3073628,0.17709652,3,1
"1VFB_AB_C|WA92A,QC121A",3.5189366,0.1871824,3,1
"1VFB_AB_C|WA92A,RC125A",3.3932896,0.18819849,3,1
1VFB_AB_C|WB52A,0.6406274,0.050883137,3,1
"1VFB_AB_C|WB52A,DC119A",2.2473724,0.14044467,3,1
1VFB_AB_C|YA32A,1.5281335,0.040619984,3,1
"1VFB_AB_C|YA32A,IC124A",2.9057157,0.13575259,3,1
"1VFB_AB_C|YA32A,QC121A",1.586041,0.13225406,3,1
1VFB_AB_C|YA49A,0.79754156,0.081210956,3,1
1VFB_AB_C|YA50A,0.456086,0.0659821,3,1
"1VFB_AB_C|YA50A,DC119A",1.2314179,0.15590133,3,1
"1VFB_AB_C|YA50A,DC18A",1.265924,0.19166122,3,1
1VFB_AB_C|YA50K,1.7156012,0.09679794,3,1
1VFB_AB_C|YA50R,0.8443241,0.052321885,3,1
1VFB_AB_C|YB101F,1.2695644,0.07054246,3,1
"1VFB_AB_C|YB101F,DC119A",2.736521,0.15742609,3,1
"1VFB_AB_C|YB101F,VC120A",2.5384777,0.16400744,3,1
1VFB_AB_C|YB32A,0.7916793,0.033510186,3,1
"1VFB_AB_C|YB32A,KC116A",1.586041,0.19858491,3,1
1VFB_AB_C|YB32E,1.9021881,-0.0023300573,3,1
1VFB_AB_C|YC23A,0.41047263,0.16795202,3,1
1XGP_AB_C|AB33F,-4.0,0.071588255,3,1
1XGP_AB_C|AB33I,-2.260207,0.07531081,3,1
1XGP_AB_C|AB33L,-2.1988916,0.068343915,3,1
1XGP_AB_C|AB33V,-1.1525793,0.04960507,3,1
2JEL_LH_P|AP82S,0.0,-0.14625071,3,1
2JEL_LH_P|DP69E,0.9530879,-0.030839488,3,1
2JEL_LH_P|EP5D,0.41047263,-0.04419007,3,1
2JEL_LH_P|EP5Q,0.7129768,-0.017909646,3,1
2JEL_LH_P|EP68A,0.41047263,0.07362622,3,1
2JEL_LH_P|EP75R,2.727121,-0.019591294,3,1
2JEL_LH_P|EP83A,0.0,0.11954701,3,1
2JEL_LH_P|EP85A,0.0,0.15181774,3,1
2JEL_LH_P|EP85D,0.0,0.0066560023,3,1
2JEL_LH_P|EP85K,0.0,0.0007879287,3,1
2JEL_LH_P|EP85Q,0.0,-0.0009854194,3,1
2JEL_LH_P|FP2W,2.6191528,-0.031179555,3,1
2JEL_LH_P|FP2Y,0.0,-0.07283496,3,1
2JEL_LH_P|HP76A,-0.41047263,0.06106195,3,1
2JEL_LH_P|HP76D,-0.65058374,-0.06134288,3,1
2JEL_LH_P|KP24E,0.0,0.01357099,3,1
2JEL_LH_P|KP27E,0.0,0.014662687,3,1
2JEL_LH_P|KP72E,0.41047263,-0.03012444,3,1
2JEL_LH_P|KP72R,0.0,-0.025513425,3,1
2JEL_LH_P|KP79E,0.41047263,-0.021737467,3,1
2JEL_LH_P|NP12D,0.0,-0.08607908,3,1
2JEL_LH_P|NP38T,0.0,-0.08941181,3,1
2JEL_LH_P|PP11E,0.0,0.012370806,3,1
2JEL_LH_P|QP3K,4.0,-0.096894905,3,1
2JEL_LH_P|QP4K,1.3635606,-0.08556079,3,1
2JEL_LH_P|QP57E,-0.41047263,-0.017182373,3,1
2JEL_LH_P|QP71E,2.727121,-0.07346334,3,1
2JEL_LH_P|RP17G,0.0,0.051252395,3,1
2JEL_LH_P|RP17K,0.0,-0.037792444,3,1
2JEL_LH_P|SP41C,1.4957032,0.027526293,3,1
2JEL_LH_P|SP43C,0.0,0.024302028,3,1
2JEL_LH_P|SP46C,0.0,0.02095062,3,1
2JEL_LH_P|SP64T,4.0,-0.015509412,3,1
2JEL_LH_P|TP34Q,0.0,-0.03996171,3,1
2JEL_LH_P|TP36Q,0.41047263,-0.00841279,3,1
2JEL_LH_P|TP62A,0.0,0.09320451,3,1
2JEL_LH_P|TP62N,0.0,0.00564076,3,1
2JEL_LH_P|TP7N,0.41047263,0.008201677,3,1
2JEL_LH_P|TP7S,0.0,-0.07770989,3,1
2JEL_LH_P|VP6F,0.0,-0.051395252,3,1
"2NY7_HL_G|CG27I,CG226Q",0.19971907,0.009957319,3,1
"2NY7_HL_G|CG27I,CG226Q,MG231A",0.20319231,0.14694479,3,1
"2NY7_HL_G|GG229C,MG231A",-0.37879732,0.15718742,3,1
"2NY7_HL_G|GG229C,WG13M,MG231A,CG14W,CG110V,CG27I,CG226Q",0.21462485,0.17738615,3,1
"2NY7_HL_G|KG66C,EG102C,CG27I,CG226Q",0.04085667,0.086496994,3,1
"2NY7_HL_G|KG66C,EG102C,WG13M,MG231A,CG14W,CG110V,CG27I,CG226Q",0.3998023,0.2980606,3,1
"2NY7_HL_G|KG66C,EG103C,WG13M,MG231A,CG14W,CG110V,CG27I,CG226Q",0.29989544,0.29917288,3,1
"2NY7_HL_G|WG13M,MG231A,CG14W,CG110V",1.1574335,0.22856909,3,1
"2NY7_HL_G|WG13M,MG231A,CG14W,CG110V,CG27I,CG226Q",0.44904727,0.22082607,3,1
"2NY7_HL_G|WG13M,MG231A,CG14W,CG110V,KG66C,EG102C",0.55101526,0.36870968,3,1
"2NY7_HL_G|WG13M,SG92T,WG181S,MG231A,CG14W,CG110V,CG27I,CG226Q",-0.3035898,0.24588566,3,1
3BN9_B_CD|DB214A,0.5662115,0.1414416,3,1
3BN9_B_CD|DB46A,0.42238826,0.17701662,3,1
3BN9_B_CD|DB47A,0.31110755,0.13940378,3,1
3BN9_B_CD|EB163A,0.37321588,0.20966862,3,1
3BN9_B_CD|FB50A,-0.044997852,0.2122222,3,1
3BN9_B_CD|FB89A,0.6392419,0.16044736,3,1
3BN9_B_CD|HB138A,0.085063316,0.1595093,3,1
3BN9_B_CD|IB26A,0.0,0.16843307,3,1
3BN9_B_CD|IB45A,0.8352155,0.1632037,3,1
3BN9_B_CD|KB221A,0.7849689,0.2385107,3,1
3BN9_B_CD|LB147A,0.33619216,0.15614305,3,1
3BN9_B_CD|NB90A,0.7733444,0.17769484,3,1
3BN9_B_CD|PD104H,2.4272547,-9.532645e-05,3,1
3BN9_B_CD|QB140A,0.1331048,0.1604318,3,1
3BN9_B_CD|QB168A,-0.03469869,0.16961254,3,1
3BN9_B_CD|QB169A,2.5089848,0.17993279,3,1
3BN9_B_CD|QB218A,0.70571065,0.19725586,3,1
3BN9_B_CD|QB23A,-0.41530684,0.17272589,3,1
3BN9_B_CD|QD105V,1.2241027,0.0466972,3,1
3BN9_B_CD|RB219A,-0.093698174,0.17454824,3,1
3BN9_B_CD|RB48A,-0.044997852,0.17931695,3,1
3BN9_B_CD|RB51A,-0.07155777,0.21788706,3,1
3BN9_B_CD|RB82A,-0.15923285,0.17229386,3,1
3BN9_B_CD|SD30G,1.1861069,0.004086856,3,1
3BN9_B_CD|SD30N,1.145505,0.012445131,3,1
3BN9_B_CD|TB144A,0.2908351,0.19854489,3,1
3BN9_B_CD|TB93A,1.1320528,0.22022527,3,1
3BN9_B_CD|TD102Q,-0.02153644,0.006276205,3,1
3BN9_B_CD|TD102R,-0.058294915,0.018273275,3,1
3BN9_B_CD|TD28R,0.33290586,0.029646384,3,1
3BN9_B_CD|YB141A,1.0846525,0.20113534,3,1
3BN9_B_CD|YB52A,0.018951595,0.28393114,3,1
3BN9_B_CD|YD103S,0.45868576,0.1104741,3,1
4GXU_ABCDEF_MN|DA189E,2.1650882,-0.0035394765,3,1
"4GXU_ABCDEF_MN|DA189E,DA224G",3.0102077,-0.00072726794,3,1
4GXU_ABCDEF_MN|DA224G,1.9608781,-0.018708702,3,1
"1CZ8_HL_VW|LL4M,DH28T,HH31N,YH101H,TH105S",2.939849,1.7233409,3,2
1KIR_AB_C|SA50Y,-1.3870943,-0.37482196,3,2
1MLC_AB_E|KB65D,0.018548755,-0.33173138,3,2
1MLC_AB_E|NA32G,-0.8773867,0.643451,3,2
"1MLC_AB_E|NA32G,NA92A",-0.6866531,0.8970777,3,2
"1MLC_AB_E|NA32G,NA92A,SB57V,TB58D",-1.7349738,0.5160497,3,2
1MLC_AB_E|NA32Y,0.0,-0.40885678,3,2
1MLC_AB_E|NA92A,-1.2533532,0.29643384,3,2
"1MLC_AB_E|NA92A,SB57V,TB58D",-2.394188,-0.118132256,3,2
"1MLC_AB_E|NA92A,TB28D,SB57V,TB58D",-2.5813644,0.1585397,3,2
"1MLC_AB_E|NA92A,TB28D,SB57V,TB58D,EB35S,GB99D",-2.9539242,-1.2011737,3,2
"1MLC_AB_E|NA92A,TB28D,SB57V,TB58D,GB99D",-0.20357698,0.16216153,3,2
"1MLC_AB_E|NA92A,TB28D,SB57V,TB58D,NA32L",-2.5843081,0.3270959,3,2
"1MLC_AB_E|NA92A,TB28D,SB57V,TB58D,RB98M,DB100Q",-0.41047263,1.2620025,3,2
"1MLC_AB_E|NA92A,TB28D,SB57V,TB58D,SA91N,SA93A",-1.6104395,-0.983849,3,2
"1MLC_AB_E|NA92A,TB28D,SB57V,TB58D,SB30G",-2.3584673,0.4161872,3,2
"1MLC_AB_E|NA92A,TB28D,SB57V,TB58D,YB32W,RB98V,DB100Q",0.36138764,1.6068342,3,2
"1MLC_AB_E|NA92A,TB28D,SB57V,TB58D,YB59E",-1.4661698,1.504774,3,2
1MLC_AB_E|SB57A,-0.37902167,0.19797966,3,2
1MLC_AB_E|SB57V,-0.49418068,-0.5686435,3,2
"1MLC_AB_E|SB57V,TB58D",-0.9877286,-0.47781044,3,2
1MLC_AB_E|TB28D,-0.15094383,0.1663366,3,2
1MLC_AB_E|TB31A,0.44700673,0.8166003,3,2
1MLC_AB_E|TB31V,0.5262404,0.60986006,3,2
1MLC_AB_E|TB31W,0.13214268,-0.14677009,3,2
1MLC_AB_E|TB58D,-0.55968237,0.08010283,3,2
1NCA_N_LH|DH101K,0.71416,0.31439707,3,2
1NCA_N_LH|EH100D,0.41047263,-0.10293955,3,2
1NCA_N_LH|NH102Q,0.5426153,0.5806206,3,2
1NCA_N_LH|NH31Q,0.0,0.24693689,3,2
1NMB_N_LH|DH57E,2.9536283,0.14690247,3,2
1NMB_N_LH|DH57N,2.9536283,-0.1120315,3,2
1NMB_N_LH|LL94V,0.9000208,-0.16044533,3,2
1NMB_N_LH|TL93F,-0.023903161,-0.37295046,3,2
1NMB_N_LH|TL93W,0.18419003,-0.5845144,3,2
1NMB_N_LH|YH103A,2.14062,1.1799479,3,2
1NMB_N_LH|YH105F,1.4194101,0.6514324,3,2
1NMB_N_LH|YL32F,0.46632215,-0.07141691,3,2
1VFB_AB_C|DB100A,3.005002,0.08531916,3,2
"1VFB_AB_C|DB100A,SC24A",3.369756,1.2951329,3,2
1VFB_AB_C|DB54A,0.8151114,0.38842568,3,2
"1VFB_AB_C|DB54A,TC118A",1.2546439,0.24917981,3,2
1VFB_AB_C|DB58A,-0.20700333,0.89106965,3,2
1VFB_AB_C|DB58E,0.078081094,0.45437032,3,2
1VFB_AB_C|DB58N,-0.12818155,-0.5538333,3,2
1VFB_AB_C|DC119A,0.9530879,1.7303386,3,2
1VFB_AB_C|DC18A,0.34013057,0.7521824,3,2
1VFB_AB_C|EB98A,1.1565572,0.5343372,3,2
1VFB_AB_C|GB31A,0.30646533,1.4696344,3,2
1VFB_AB_C|GB31E,-0.5097613,1.1942921,3,2
1VFB_AB_C|GB31W,0.0039611305,0.5938261,3,2
1VFB_AB_C|HA30A,0.84488255,1.3525691,3,2
1VFB_AB_C|IC124A,1.2314179,-0.28704518,3,2
1VFB_AB_C|KC116A,0.7134504,-0.09104691,3,2
1VFB_AB_C|LC129A,0.17154472,0.60769,3,2
1VFB_AB_C|NA31W,0.17432266,0.9396176,3,2
1VFB_AB_C|NB56A,0.17771798,0.47034073,3,2
1VFB_AB_C|NC19A,0.3960868,0.8669593,3,2
1VFB_AB_C|QC121A,2.876998,-0.5189623,3,2
1VFB_AB_C|RB99A,-0.099735305,0.79985225,3,2
1VFB_AB_C|RB99W,0.7049742,0.22268665,3,2
1VFB_AB_C|RB99Y,1.235379,-0.23514137,3,2
1VFB_AB_C|RC125A,1.8368999,-0.41000485,3,2
1VFB_AB_C|SA93A,0.34312394,-0.070795976,3,2
1VFB_AB_C|SB28D,0.0,-0.3525105,3,2
1VFB_AB_C|SB28E,-0.104007296,-0.18621439,3,2
1VFB_AB_C|SB28N,0.14394745,0.05354152,3,2
1VFB_AB_C|SB28Q,0.078081094,0.112910725,3,2
1VFB_AB_C|SC24A,0.850965,1.256386,3,2
1VFB_AB_C|TA52F,0.4708752,-0.28730553,3,2
1VFB_AB_C|TA53R,1.6458516,-0.07146867,3,2
1VFB_AB_C|TB30A,-0.05584954,0.09881421,3,2
1VFB_AB_C|TC118A,0.7650957,-0.14421958,3,2
1VFB_AB_C|VC120A,0.9169499,-0.7843316,3,2
1VFB_AB_C|WA92A,3.037848,-0.3975746,3,2
"1VFB_AB_C|WA92A,IC124A",3.8503337,-0.6660148,3,2
"1VFB_AB_C|WA92A,LC129A",3.3073628,0.22335073,3,2
"1VFB_AB_C|WA92A,QC121A",3.5189366,-0.8869892,3,2
"1VFB_AB_C|WA92A,RC125A",3.3932896,-0.7850948,3,2
1VFB_AB_C|WB52A,0.6406274,1.2054924,3,2
"1VFB_AB_C|WB52A,DC119A",2.2473724,2.760607,3,2
1VFB_AB_C|YA32A,1.5281335,2.4722817,3,2
"1VFB_AB_C|YA32A,IC124A",2.9057157,2.1798663,3,2
"1VFB_AB_C|YA32A,QC121A",1.586041,2.0053313,3,2
1VFB_AB_C|YA49A,0.79754156,1.2076418,3,2
1VFB_AB_C|YA50A,0.456086,1.6295092,3,2
"1VFB_AB_C|YA50A,DC119A",1.2314179,3.0467873,3,2
"1VFB_AB_C|YA50A,DC18A",1.265924,2.2575655,3,2
1VFB_AB_C|YA50K,1.7156012,1.5100759,3,2
1VFB_AB_C|YA50R,0.8443241,1.0324866,3,2
1VFB_AB_C|YB101F,1.2695644,1.9540123,3,2
"1VFB_AB_C|YB101F,DC119A",2.736521,3.290439,3,2
"1VFB_AB_C|YB101F,VC120A",2.5384777,1.2750015,3,2
1VFB_AB_C|YB32A,0.7916793,1.0265802,3,2
"1VFB_AB_C|YB32A,KC116A",1.586041,0.8818227,3,2
1VFB_AB_C|YB32E,1.9021881,0.91416293,3,2
1VFB_AB_C|YC23A,0.41047263,0.8596682,3,2
1XGP_AB_C|AB33F,-4.0,-3.336996,3,2
1XGP_AB_C|AB33I,-2.260207,-2.0355115,3,2
1XGP_AB_C|AB33L,-2.1988916,-1.952866,3,2
1XGP_AB_C|AB33V,-1.1525793,-0.96217346,3,2
2JEL_LH_P|AP82S,0.0,0.17570451,3,2
2JEL_LH_P|DP69E,0.9530879,0.57823694,3,2
2JEL_LH_P|EP5D,0.41047263,-0.2517996,3,2
2JEL_LH_P|EP5Q,0.7129768,0.39006972,3,2
2JEL_LH_P|EP68A,0.41047263,0.7788664,3,2
2JEL_LH_P|EP75R,2.727121,1.7636971,3,2
2JEL_LH_P|EP83A,0.0,0.6245608,3,2
2JEL_LH_P|EP85A,0.0,0.49615374,3,2
2JEL_LH_P|EP85D,0.0,0.0975288,3,2
2JEL_LH_P|EP85K,0.0,0.7410646,3,2
2JEL_LH_P|EP85Q,0.0,0.7985888,3,2
2JEL_LH_P|FP2W,2.6191528,1.9985926,3,2
2JEL_LH_P|FP2Y,0.0,0.18300003,3,2
2JEL_LH_P|HP76A,-0.41047263,1.2573398,3,2
2JEL_LH_P|HP76D,-0.65058374,0.96536964,3,2
2JEL_LH_P|KP24E,0.0,0.6957221,3,2
2JEL_LH_P|KP27E,0.0,0.43537375,3,2
2JEL_LH_P|KP72E,0.41047263,-0.8807378,3,2
2JEL_LH_P|KP72R,0.0,-0.025149621,3,2
2JEL_LH_P|KP79E,0.41047263,-0.22607106,3,2
2JEL_LH_P|NP12D,0.0,-0.83930236,3,2
2JEL_LH_P|NP38T,0.0,0.062730476,3,2
2JEL_LH_P|PP11E,0.0,0.1662255,3,2
2JEL_LH_P|QP3K,4.0,0.03683151,3,2
2JEL_LH_P|QP4K,1.3635606,-0.5751505,3,2
2JEL_LH_P|QP57E,-0.41047263,0.109949194,3,2
2JEL_LH_P|QP71E,2.727121,-0.5315164,3,2
2JEL_LH_P|RP17G,0.0,0.82849896,3,2
2JEL_LH_P|RP17K,0.0,-0.24098629,3,2
2JEL_LH_P|SP41C,1.4957032,0.87679875,3,2
2JEL_LH_P|SP43C,0.0,0.1891982,3,2
2JEL_LH_P|SP46C,0.0,0.73248285,3,2
2JEL_LH_P|SP64T,4.0,-0.333538,3,2
2JEL_LH_P|TP34Q,0.0,0.35622707,3,2
2JEL_LH_P|TP36Q,0.41047263,0.30595553,3,2
2JEL_LH_P|TP62A,0.0,0.25619772,3,2
2JEL_LH_P|TP62N,0.0,0.92863077,3,2
2JEL_LH_P|TP7N,0.41047263,1.2161604,3,2
2JEL_LH_P|TP7S,0.0,0.8609461,3,2
2JEL_LH_P|VP6F,0.0,-1.271296,3,2
"2NY7_HL_G|CG27I,CG226Q",0.19971907,-2.5264084,3,2
"2NY7_HL_G|CG27I,CG226Q,MG231A",0.20319231,-2.4544811,3,2
"2NY7_HL_G|GG229C,MG231A",-0.37879732,-0.31409976,3,2
"2NY7_HL_G|GG229C,WG13M,MG231A,CG14W,CG110V,CG27I,CG226Q",0.21462485,-2.6463957,3,2
"2NY7_HL_G|KG66C,EG102C,CG27I,CG226Q",0.04085667,-2.2803817,3,2
"2NY7_HL_G|KG66C,EG102C,WG13M,MG231A,CG14W,CG110V,CG27I,CG226Q",0.3998023,-1.9102037,3,2
"2NY7_HL_G|KG66C,EG103C,WG13M,MG231A,CG14W,CG110V,CG27I,CG226Q",0.29989544,-2.275206,3,2
"2NY7_HL_G|WG13M,MG231A,CG14W,CG110V",1.1574335,-0.51309747,3,2
"2NY7_HL_G|WG13M,MG231A,CG14W,CG110V,CG27I,CG226Q",0.44904727,-2.3762107,3,2
"2NY7_HL_G|WG13M,MG231A,CG14W,CG110V,KG66C,EG102C",0.55101526,0.32702893,3,2
"2NY7_HL_G|WG13M,SG92T,WG181S,MG231A,CG14W,CG110V,CG27I,CG226Q",-0.3035898,-2.7555735,3,2
3BN9_B_CD|DB214A,0.5662115,1.2573563,3,2
3BN9_B_CD|DB46A,0.42238826,0.6748027,3,2
3BN9_B_CD|DB47A,0.31110755,0.9229731,3,2
3BN9_B_CD|EB163A,0.37321588,0.46828154,3,2
3BN9_B_CD|FB50A,-0.044997852,0.829955,3,2
3BN9_B_CD|FB89A,0.6392419,1.0306752,3,2
3BN9_B_CD|HB138A,0.085063316,1.3980243,3,2
3BN9_B_CD|IB26A,0.0,0.07093686,3,2
3BN9_B_CD|IB45A,0.8352155,0.14417471,3,2
3BN9_B_CD|KB221A,0.7849689,0.5205494,3,2
3BN9_B_CD|LB147A,0.33619216,0.5136796,3,2
3BN9_B_CD|NB90A,0.7733444,0.13137421,3,2
3BN9_B_CD|PD104H,2.4272547,-1.0228837,3,2
3BN9_B_CD|QB140A,0.1331048,0.33044624,3,2
3BN9_B_CD|QB168A,-0.03469869,-0.4032121,3,2
3BN9_B_CD|QB169A,2.5089848,0.16029437,3,2
3BN9_B_CD|QB218A,0.70571065,0.08468108,3,2
3BN9_B_CD|QB23A,-0.41530684,0.15144992,3,2
3BN9_B_CD|QD105V,1.2241027,-0.6132835,3,2
3BN9_B_CD|RB219A,-0.093698174,-0.3886707,3,2
3BN9_B_CD|RB48A,-0.044997852,-0.66661066,3,2
3BN9_B_CD|RB51A,-0.07155777,-0.2169021,3,2
3BN9_B_CD|RB82A,-0.15923285,-0.42330325,3,2
3BN9_B_CD|SD30G,1.1861069,0.1540187,3,2
3BN9_B_CD|SD30N,1.145505,0.338586,3,2
3BN9_B_CD|TB144A,0.2908351,0.38105327,3,2
3BN9_B_CD|TB93A,1.1320528,0.95120627,3,2
3BN9_B_CD|TD102Q,-0.02153644,0.08951686,3,2
3BN9_B_CD|TD102R,-0.058294915,-1.0966394,3,2
3BN9_B_CD|TD28R,0.33290586,-0.2615293,3,2
3BN9_B_CD|YB141A,1.0846525,1.1045545,3,2
3BN9_B_CD|YB52A,0.018951595,0.7583366,3,2
3BN9_B_CD|YD103S,0.45868576,1.0194749,3,2
4GXU_ABCDEF_MN|DA189E,2.1650882,0.5717056,3,2
"4GXU_ABCDEF_MN|DA189E,DA224G",3.0102077,1.2699566,3,2
4GXU_ABCDEF_MN|DA224G,1.9608781,0.6628773,3,2
"1JRH_LH_I|AI49S,II51T,HI55D",0.070675574,-1.3399955,4,0
"1JRH_LH_I|AI85D,KI88R,EI90K",-0.047747865,-0.2030198,4,0
"1JRH_LH_I|AI93L,VI94M",0.63366294,-0.8288777,4,0
1JRH_LH_I|DH56A,1.8860998,1.4801136,4,0
1JRH_LH_I|DH57A,1.6660647,0.6914408,4,0
1JRH_LH_I|DH58A,1.8546488,1.1010084,4,0
1JRH_LH_I|DL28A,0.43464687,0.9554925,4,0
1JRH_LH_I|EI35Q,0.09956847,0.3210517,4,0
1JRH_LH_I|EI45A,-0.5657849,0.56562144,4,0
1JRH_LH_I|EI45P,-3.7881775,-0.028346144,4,0
"1JRH_LH_I|EI45P,II47L",-3.4567804,-0.051803257,4,0
"1JRH_LH_I|EI45P,II47R",-3.4400978,-0.590458,4,0
1JRH_LH_I|EL27A,0.5426153,0.4159636,4,0
1JRH_LH_I|FH103A,0.0,0.17615369,4,0
1JRH_LH_I|GI40A,4.0,1.1163627,4,0
1JRH_LH_I|HH107A,1.6977708,-0.7210931,4,0
"1JRH_LH_I|II25N,PI27S,VI29T,VI31I",0.14370596,-1.740903,4,0
1JRH_LH_I|KI37A,3.713863,0.63592774,4,0
1JRH_LH_I|KI37M,3.2923293,0.34319407,4,0
1JRH_LH_I|KI42A,3.3858175,0.8857042,4,0
1JRH_LH_I|KI42M,4.0,-0.11763111,4,0
1JRH_LH_I|KI88A,0.31209365,0.38089496,4,0
"1JRH_LH_I|MI15L,II18V",-0.21360606,1.125775,4,0
1JRH_LH_I|NI38A,0.1704579,0.3231603,4,0
1JRH_LH_I|NI38Q,0.5344714,-0.22279435,4,0
1JRH_LH_I|NI43A,4.0,0.2091099,4,0
1JRH_LH_I|NI69A,-0.19953421,0.4694255,4,0
1JRH_LH_I|RH100A,0.5426153,2.1757562,4,0
1JRH_LH_I|RI74A,0.3926171,0.76329154,4,0
1JRH_LH_I|SI44A,0.37771076,1.3986235,4,0
"1JRH_LH_I|SI44G,EI45G,II47R",-3.3777049,0.8366557,4,0
"1JRH_LH_I|SI44G,EI45P,II47K",-3.884419,0.30313167,4,0
"1JRH_LH_I|SI61Y,DI62E,HI63Q,VI64I,GI65M,DI66Y,SI68D,NI69V,LI71A",2.9588323,1.1963742,4,0
1JRH_LH_I|SL93A,-0.65058374,0.5277879,4,0
1JRH_LH_I|TI4V,-0.025565991,1.6216435,4,0
"1JRH_LH_I|TI9L,EI11K",-0.025565991,0.5131863,4,0
1JRH_LH_I|TL94A,0.38526937,0.3448545,4,0
1JRH_LH_I|VI41A,1.6791569,-0.024377953,4,0
"1JRH_LH_I|VI73A,RI78K",-0.21360606,-0.50177646,4,0
1JRH_LH_I|WH54A,2.6862645,1.7030084,4,0
1JRH_LH_I|WH55A,2.4213178,0.7595181,4,0
1JRH_LH_I|WI46F,-0.25261214,-0.073960505,4,0
1JRH_LH_I|WI46Y,0.29852974,0.1372799,4,0
1JRH_LH_I|WI72A,4.0,0.7516357,4,0
1JRH_LH_I|WI72F,1.102707,-0.41026145,4,0
1JRH_LH_I|WI72Y,1.1878273,-0.43095666,4,0
1JRH_LH_I|WL92A,2.818407,0.33029982,4,0
1JRH_LH_I|WL95A,1.6660647,0.23913392,4,0
1JRH_LH_I|YH104A,1.0610564,0.55656826,4,0
1JRH_LH_I|YH32A,1.4333102,0.2591208,4,0
1JRH_LH_I|YH60A,1.2555921,1.3597107,4,0
1JRH_LH_I|YI39A,3.5271235,1.1311569,4,0
1JRH_LH_I|YI39F,0.9087807,-0.10534486,4,0
1JRH_LH_I|YL30A,1.1084566,1.1090544,4,0
1JRH_LH_I|YL91A,0.58083415,1.5513027,4,0
1KIQ_AB_C|FB101Y,-2.4949589,-1.5690815,4,0
1XGR_AB_C|IB33A,2.260207,2.6063876,4,0
1XGR_AB_C|IB33F,-1.8004549,-1.6062597,4,0
1XGR_AB_C|IB33L,0.061315425,0.2573482,4,0
1XGR_AB_C|IB33V,1.1076277,1.4432198,4,0
2BDN_HL_A|DH31E,1.0852306,0.49678868,4,0
2BDN_HL_A|LH27K,0.8740124,-0.564513,4,0
2BDN_HL_A|LH27R,0.65058374,-0.9044581,4,0
2BDN_HL_A|NH28D,0.13214268,-0.51613295,4,0
2BDN_HL_A|NH28Q,1.3994616,0.17735726,4,0
2BDN_HL_A|NL31K,3.4897714,0.8480325,4,0
2BDN_HL_A|NL31R,-0.9171868,0.35210684,4,0
2BDN_HL_A|SL53D,-0.1605731,-1.038292,4,0
2BDN_HL_A|SL53E,-0.85132045,-1.1660233,4,0
2BDN_HL_A|TL56D,-0.4254655,-0.029632274,4,0
2BDN_HL_A|TL56E,-0.6888026,0.3005442,4,0
2BDN_HL_A|YL30K,0.67475796,0.50419027,4,0
2NYY_DC_A|DA1030A,0.009336901,0.7603408,4,0
2NYY_DC_A|DA1034A,2.5297937,1.0087531,4,0
2NYY_DC_A|DC30Y,0.64113563,-0.007298842,4,0
2NYY_DC_A|EA892A,2.839132,1.2221045,4,0
2NYY_DC_A|ED5Q,-0.2479871,-0.21726689,4,0
2NYY_DC_A|FA889A,0.4193659,1.444323,4,0
2NYY_DC_A|FA925A,4.0,1.8882074,4,0
2NYY_DC_A|HA1036A,4.0,1.1187136,4,0
2NYY_DC_A|HC34R,0.10088469,-1.0057862,4,0
2NYY_DC_A|IA928A,-0.009487502,0.70326793,4,0
2NYY_DC_A|KA1028A,-0.028934313,1.1399854,4,0
2NYY_DC_A|KA875A,0.29098648,0.8897376,4,0
2NYY_DC_A|KA895A,-0.14014584,0.35077006,4,0
2NYY_DC_A|KD29R,0.071385965,-0.70468545,4,0
"2NYY_DC_A|KD29S,YD30D,DD31H,SD60P",0.04961051,-0.5735784,4,0
2NYY_DC_A|LA891A,2.5892105,0.13747326,4,0
2NYY_DC_A|MD33Q,-0.059869844,0.11844089,4,0
2NYY_DC_A|NA890A,0.89044046,-0.26865596,4,0
2NYY_DC_A|NA926A,0.09934822,-1.1899796,4,0
2NYY_DC_A|QA887A,0.5208145,-1.1954379,4,0
2NYY_DC_A|RA1033A,0.82012254,1.1221467,4,0
2NYY_DC_A|RA1266A,0.2995321,1.1393222,4,0
2NYY_DC_A|SA874A,-0.23032175,1.4680767,4,0
2NYY_DC_A|SA927A,0.0,1.5688971,4,0
2NYY_DC_A|SC28Q,0.4133828,-0.4427302,4,0
2NYY_DC_A|SC31N,-0.35338265,-0.5887021,4,0
2NYY_DC_A|TA1035A,1.630871,0.86605173,4,0
2NYY_DC_A|VD36I,-0.21317148,-0.053794224,4,0
"2NYY_DC_A|VD36I,ED5Q",-0.0490461,-0.29545045,4,0
2NYY_DC_A|YD30D,0.06462482,0.8792687,4,0
2NYY_DC_A|YD30Q,0.12897444,1.1485881,4,0
2NYY_DC_A|YD56Q,0.5196862,0.711726,4,0
2NZ9_DC_A|DA1030A,-0.031082604,0.7738161,4,0
2NZ9_DC_A|DA1034A,2.3396032,1.001526,4,0
2NZ9_DC_A|EA892A,2.77036,1.2060984,4,0
2NZ9_DC_A|FA889A,-0.04961051,1.4250184,4,0
2NZ9_DC_A|FA925A,3.340439,1.8557299,4,0
2NZ9_DC_A|HA1036A,4.0,1.1064086,4,0
2NZ9_DC_A|IA928A,0.069281444,0.6982164,4,0
2NZ9_DC_A|KA1028A,-0.008714417,1.1400589,4,0
2NZ9_DC_A|KA875A,0.5407011,0.88523483,4,0
2NZ9_DC_A|KA895A,-0.29975358,0.3460522,4,0
2NZ9_DC_A|LA891A,2.279965,0.12913463,4,0
2NZ9_DC_A|NA890A,2.1600318,-0.2715462,4,0
2NZ9_DC_A|NA926A,-0.15216734,-1.1734546,4,0
2NZ9_DC_A|QA887A,0.09926054,-1.1936339,4,0
2NZ9_DC_A|RA1033A,0.29088098,1.1036885,4,0
2NZ9_DC_A|RA1266A,0.39015788,1.1195426,4,0
2NZ9_DC_A|SA874A,-0.11948046,1.4499369,4,0
2NZ9_DC_A|SA927A,-0.078544825,1.546296,4,0
"2NZ9_DC_A|SD29K,DD30Y,HD31D",-0.04961051,0.7082628,4,0
2NZ9_DC_A|TA1035A,2.3703818,0.8515139,4,0
2VIS_AB_C|IC89T,-4.0,-3.9760475,4,0
"3BE1_HL_A|DL28N,PL30A,RL31K,SL32T,TL97S,TL98S",-0.6860794,-1.3008956,4,0
"3BE1_HL_A|DL28N,PL30A,RL31K,SL32T,TL97S,TL98S,KH30S,DH31G,TH54S,NH55E,GH100V,DH102V",-2.7728782,-2.4526136,4,0
"3BE1_HL_A|DL28N,PL30A,RL31K,SL32T,TL97S,TL98S,KH30S,DH31G,TH54S,NH55E,GH100V,DH102V,YL36A",-3.190238,-0.7094759,4,0
"3BE1_HL_A|DL28N,PL30A,RL31K,SL32T,TL97S,TL98S,KH30S,DH31G,TH54S,NH55E,GH100V,DH102V,YL36A,IL33A",-2.7728782,-1.1689492,4,0
"3BE1_HL_A|DL28N,PL30A,RL31K,SL32T,YL57F,TL97S,TL98S",-0.8683455,-0.9332179,4,0
"3BE1_HL_A|DL28N,PL30A,RL31K,SL32T,YL57F,TL97S,TL98S,KH30S,DH31G,TH54S,NH55E,GH100V,DH102V",-2.8824897,-2.1964917,4,0
3LZF_AB_HL|DA187E,0.49836498,-0.021156393,4,0
"3LZF_AB_HL|DA187E,DA222G",0.12738612,0.0588765,4,0
3LZF_AB_HL|DA222G,0.5378587,-0.020575479,4,0
3NGB_HL_G|AH57G,-0.056030333,-0.6098572,4,0
"3NGB_HL_G|AH57G,VH58T,PH63K,VH74T",1.6734211,-0.49504295,4,0
"3NGB_HL_G|CH32S,CH102A",0.25899792,-0.09046108,4,0
3NGB_HL_G|DH103A,0.05987142,0.08039307,4,0
3NGB_HL_G|EL88A,1.3199503,0.5104992,4,0
3NGB_HL_G|FL89A,0.85886127,0.2773489,4,0
3NGB_HL_G|GH55A,-1.2766591,-0.15123528,4,0
3NGB_HL_G|GH55S,0.74304354,0.1739653,4,0
3NGB_HL_G|GH56A,1.2656107,0.4945358,4,0
3NGB_HL_G|IH30A,-0.0027431613,0.20577648,4,0
3NGB_HL_G|IH30T,0.0733938,-0.13449396,4,0
"3NGB_HL_G|IH30T,KH52N,RH54N,GH55S,AH57G,VH58T,RH62Q,PH63K,VH74T,YH75S,YL26S",0.86214453,-2.7492862,4,0
3NGB_HL_G|KH52A,0.62288266,0.8002283,4,0
3NGB_HL_G|KH52N,0.17497002,-0.68040323,4,0
3NGB_HL_G|MH70A,0.5305512,0.12933081,4,0
3NGB_HL_G|NH105A,1.1185741,0.015735857,4,0
3NGB_HL_G|NH59A,1.7671243,0.8813499,4,0
3NGB_HL_G|PH63A,-0.04252045,0.4554445,4,0
3NGB_HL_G|PH63K,0.23252328,-0.21448737,4,0
3NGB_HL_G|QH65A,-0.34038836,0.47070944,4,0
3NGB_HL_G|QL25A,-0.23060839,-0.077259675,4,0
3NGB_HL_G|RH54A,-0.25938424,0.8128885,4,0
3NGB_HL_G|RH54N,0.04645046,-0.2382294,4,0
3NGB_HL_G|RH62A,0.9958448,0.8343289,4,0
3NGB_HL_G|RH62Q,0.09654992,0.13570735,4,0
3NGB_HL_G|RH72A,1.6432176,1.7989478,4,0
3NGB_HL_G|SL28A,-0.14471176,0.7177682,4,0
3NGB_HL_G|TH33A,0.7071634,1.0998033,4,0
3NGB_HL_G|TH33Y,0.084193856,-1.116565,4,0
"3NGB_HL_G|TH33Y,GH56S,AH57G,VH58T,PH63K,VH74T,YH75S",1.9381938,-0.6565922,4,0
3NGB_HL_G|VH58A,1.3584284,0.8748997,4,0
3NGB_HL_G|VH58T,0.13787223,0.13979945,4,0
3NGB_HL_G|VH74A,1.087914,0.15030211,4,0
3NGB_HL_G|VH74T,0.16493925,-0.07981764,4,0
3NGB_HL_G|VL1A,-0.7733632,-0.27972624,4,0
3NGB_HL_G|WH106A,4.0,-0.032939598,4,0
3NGB_HL_G|WH47A,1.2021707,0.8091209,4,0
3NGB_HL_G|WH50A,1.2917941,1.2967936,4,0
3NGB_HL_G|YH104A,1.4235861,0.029331006,4,0
3NGB_HL_G|YH60A,0.5484263,0.95182085,4,0
3NGB_HL_G|YH75A,-0.19932224,0.34401065,4,0
3NGB_HL_G|YH75S,0.3325709,0.3362321,4,0
3NGB_HL_G|YL26A,0.98528093,1.1462239,4,0
3NGB_HL_G|YL26S,0.6512687,0.8749856,4,0
3NGB_HL_G|YL87A,2.0227883,0.3371666,4,0
4JPK_HL_A|DA141R,3.857323,-0.09172708,4,0
"4JPK_HL_A|DA159N,DA33N",0.6189681,1.9229548,4,0
4JPK_HL_A|FA144I,1.3875175,0.68876797,4,0
4JPK_HL_A|FA63L,1.1672868,0.93649596,4,0
4JPK_HL_A|RA130K,0.23006605,0.34077865,4,0
4JPK_HL_A|RA81T,0.75870305,0.65566295,4,0
4JPK_HL_A|SA41G,2.151695,1.2284019,4,0
4JPK_HL_A|TA35S,-0.032093357,-1.245379,4,0
4JPK_HL_A|VA30N,0.59459484,0.39808962,4,0
"1JRH_LH_I|AI49S,II51T,HI55D",0.070675574,-0.65404665,4,1
"1JRH_LH_I|AI85D,KI88R,EI90K",-0.047747865,-0.76101255,4,1
"1JRH_LH_I|AI93L,VI94M",0.63366294,-0.013665607,4,1
1JRH_LH_I|DH56A,1.8860998,1.5806674,4,1
1JRH_LH_I|DH57A,1.6660647,1.3781589,4,1
1JRH_LH_I|DH58A,1.8546488,1.036987,4,1
1JRH_LH_I|DL28A,0.43464687,0.7107022,4,1
1JRH_LH_I|EI35Q,0.09956847,-0.48866823,4,1
1JRH_LH_I|EI45A,-0.5657849,0.47860187,4,1
1JRH_LH_I|EI45P,-3.7881775,-0.041055404,4,1
"1JRH_LH_I|EI45P,II47L",-3.4567804,0.5356353,4,1
"1JRH_LH_I|EI45P,II47R",-3.4400978,0.035243925,4,1
1JRH_LH_I|EL27A,0.5426153,0.8012993,4,1
1JRH_LH_I|FH103A,0.0,0.46777987,4,1
1JRH_LH_I|GI40A,4.0,0.62869215,4,1
1JRH_LH_I|HH107A,1.6977708,0.2064503,4,1
"1JRH_LH_I|II25N,PI27S,VI29T,VI31I",0.14370596,-1.9971052,4,1
1JRH_LH_I|KI37A,3.713863,0.62217504,4,1
1JRH_LH_I|KI37M,3.2923293,0.7146291,4,1
1JRH_LH_I|KI42A,3.3858175,0.46033946,4,1
1JRH_LH_I|KI42M,4.0,0.524255,4,1
1JRH_LH_I|KI88A,0.31209365,0.103105925,4,1
"1JRH_LH_I|MI15L,II18V",-0.21360606,0.9014283,4,1
1JRH_LH_I|NI38A,0.1704579,0.12369923,4,1
1JRH_LH_I|NI38Q,0.5344714,-0.8200273,4,1
1JRH_LH_I|NI43A,4.0,0.15757635,4,1
1JRH_LH_I|NI69A,-0.19953421,-0.22150126,4,1
1JRH_LH_I|RH100A,0.5426153,1.4469094,4,1
1JRH_LH_I|RI74A,0.3926171,0.40921068,4,1
1JRH_LH_I|SI44A,0.37771076,1.4145505,4,1
"1JRH_LH_I|SI44G,EI45G,II47R",-3.3777049,0.8265119,4,1
"1JRH_LH_I|SI44G,EI45P,II47K",-3.884419,0.4823883,4,1
"1JRH_LH_I|SI61Y,DI62E,HI63Q,VI64I,GI65M,DI66Y,SI68D,NI69V,LI71A",2.9588323,0.88593554,4,1
1JRH_LH_I|SL93A,-0.65058374,0.31768242,4,1
1JRH_LH_I|TI4V,-0.025565991,-0.08266812,4,1
"1JRH_LH_I|TI9L,EI11K",-0.025565991,0.5976275,4,1
1JRH_LH_I|TL94A,0.38526937,-0.01513988,4,1
1JRH_LH_I|VI41A,1.6791569,-0.07812144,4,1
"1JRH_LH_I|VI73A,RI78K",-0.21360606,-0.115814745,4,1
1JRH_LH_I|WH54A,2.6862645,2.0761685,4,1
1JRH_LH_I|WH55A,2.4213178,1.184721,4,1
1JRH_LH_I|WI46F,-0.25261214,0.32689044,4,1
1JRH_LH_I|WI46Y,0.29852974,-0.039735235,4,1
1JRH_LH_I|WI72A,4.0,1.1109521,4,1
1JRH_LH_I|WI72F,1.102707,-0.22836575,4,1
1JRH_LH_I|WI72Y,1.1878273,-0.66646075,4,1
1JRH_LH_I|WL92A,2.818407,1.1058084,4,1
1JRH_LH_I|WL95A,1.6660647,0.5153501,4,1
1JRH_LH_I|YH104A,1.0610564,1.0071142,4,1
1JRH_LH_I|YH32A,1.4333102,1.3475741,4,1
1JRH_LH_I|YH60A,1.2555921,1.6309061,4,1
1JRH_LH_I|YI39A,3.5271235,1.7423254,4,1
1JRH_LH_I|YI39F,0.9087807,0.20818949,4,1
1JRH_LH_I|YL30A,1.1084566,1.732755,4,1
1JRH_LH_I|YL91A,0.58083415,2.1754503,4,1
1KIQ_AB_C|FB101Y,-2.4949589,-0.6771755,4,1
1XGR_AB_C|IB33A,2.260207,2.4414856,4,1
1XGR_AB_C|IB33F,-1.8004549,-1.1775433,4,1
1XGR_AB_C|IB33L,0.061315425,-0.06197872,4,1
1XGR_AB_C|IB33V,1.1076277,1.1980801,4,1
2BDN_HL_A|DH31E,1.0852306,0.11877372,4,1
2BDN_HL_A|LH27K,0.8740124,-0.018794356,4,1
2BDN_HL_A|LH27R,0.65058374,-0.11181623,4,1
2BDN_HL_A|NH28D,0.13214268,-0.49468908,4,1
2BDN_HL_A|NH28Q,1.3994616,0.20179684,4,1
2BDN_HL_A|NL31K,3.4897714,0.3358971,4,1
2BDN_HL_A|NL31R,-0.9171868,0.33735532,4,1
2BDN_HL_A|SL53D,-0.1605731,-0.5774237,4,1
2BDN_HL_A|SL53E,-0.85132045,-0.2894723,4,1
2BDN_HL_A|TL56D,-0.4254655,-0.6221857,4,1
2BDN_HL_A|TL56E,-0.6888026,-0.47287145,4,1
2BDN_HL_A|YL30K,0.67475796,0.99911827,4,1
2NYY_DC_A|DA1030A,0.009336901,0.5884946,4,1
2NYY_DC_A|DA1034A,2.5297937,0.91413605,4,1
2NYY_DC_A|DC30Y,0.64113563,-0.041226096,4,1
2NYY_DC_A|EA892A,2.839132,0.8015215,4,1
2NYY_DC_A|ED5Q,-0.2479871,-0.09654303,4,1
2NYY_DC_A|FA889A,0.4193659,1.5452703,4,1
2NYY_DC_A|FA925A,4.0,1.9823865,4,1
2NYY_DC_A|HA1036A,4.0,1.2761872,4,1
2NYY_DC_A|HC34R,0.10088469,0.30894646,4,1
2NYY_DC_A|IA928A,-0.009487502,1.1051785,4,1
2NYY_DC_A|KA1028A,-0.028934313,0.42000562,4,1
2NYY_DC_A|KA875A,0.29098648,0.79764456,4,1
2NYY_DC_A|KA895A,-0.14014584,0.5915767,4,1
2NYY_DC_A|KD29R,0.071385965,-0.30105487,4,1
"2NYY_DC_A|KD29S,YD30D,DD31H,SD60P",0.04961051,1.3346493,4,1
2NYY_DC_A|LA891A,2.5892105,0.19279625,4,1
2NYY_DC_A|MD33Q,-0.059869844,0.33152562,4,1
2NYY_DC_A|NA890A,0.89044046,-0.14173917,4,1
2NYY_DC_A|NA926A,0.09934822,0.26428187,4,1
2NYY_DC_A|QA887A,0.5208145,0.5280985,4,1
2NYY_DC_A|RA1033A,0.82012254,0.72445685,4,1
2NYY_DC_A|RA1266A,0.2995321,1.0876122,4,1
2NYY_DC_A|SA874A,-0.23032175,1.317419,4,1
2NYY_DC_A|SA927A,0.0,1.4049629,4,1
2NYY_DC_A|SC28Q,0.4133828,0.14393234,4,1
2NYY_DC_A|SC31N,-0.35338265,-0.19336186,4,1
2NYY_DC_A|TA1035A,1.630871,0.56189156,4,1
2NYY_DC_A|VD36I,-0.21317148,-0.16516878,4,1
"2NYY_DC_A|VD36I,ED5Q",-0.0490461,-0.3240489,4,1
2NYY_DC_A|YD30D,0.06462482,0.9870448,4,1
2NYY_DC_A|YD30Q,0.12897444,1.6574149,4,1
2NYY_DC_A|YD56Q,0.5196862,1.6743317,4,1
2NZ9_DC_A|DA1030A,-0.031082604,0.5714654,4,1
2NZ9_DC_A|DA1034A,2.3396032,0.8826046,4,1
2NZ9_DC_A|EA892A,2.77036,0.77851856,4,1
2NZ9_DC_A|FA889A,-0.04961051,1.4825182,4,1
2NZ9_DC_A|FA925A,3.340439,1.9040153,4,1
2NZ9_DC_A|HA1036A,4.0,1.2255234,4,1
2NZ9_DC_A|IA928A,0.069281444,1.0686607,4,1
2NZ9_DC_A|KA1028A,-0.008714417,0.41036847,4,1
2NZ9_DC_A|KA875A,0.5407011,0.7755428,4,1
2NZ9_DC_A|KA895A,-0.29975358,0.57585764,4,1
2NZ9_DC_A|LA891A,2.279965,0.1864365,4,1
2NZ9_DC_A|NA890A,2.1600318,-0.1335196,4,1
2NZ9_DC_A|NA926A,-0.15216734,0.25368696,4,1
2NZ9_DC_A|QA887A,0.09926054,0.5134378,4,1
2NZ9_DC_A|RA1033A,0.29088098,0.696421,4,1
2NZ9_DC_A|RA1266A,0.39015788,1.0431445,4,1
2NZ9_DC_A|SA874A,-0.11948046,1.267448,4,1
2NZ9_DC_A|SA927A,-0.078544825,1.3531364,4,1
"2NZ9_DC_A|SD29K,DD30Y,HD31D",-0.04961051,-0.6091022,4,1
2NZ9_DC_A|TA1035A,2.3703818,0.54846907,4,1
2VIS_AB_C|IC89T,-4.0,0.23924285,4,1
"3BE1_HL_A|DL28N,PL30A,RL31K,SL32T,TL97S,TL98S",-0.6860794,-0.9240788,4,1
"3BE1_HL_A|DL28N,PL30A,RL31K,SL32T,TL97S,TL98S,KH30S,DH31G,TH54S,NH55E,GH100V,DH102V",-2.7728782,-2.5539086,4,1
"3BE1_HL_A|DL28N,PL30A,RL31K,SL32T,TL97S,TL98S,KH30S,DH31G,TH54S,NH55E,GH100V,DH102V,YL36A",-3.190238,-0.18693107,4,1
"3BE1_HL_A|DL28N,PL30A,RL31K,SL32T,TL97S,TL98S,KH30S,DH31G,TH54S,NH55E,GH100V,DH102V,YL36A,IL33A",-2.7728782,0.20128365,4,1
"3BE1_HL_A|DL28N,PL30A,RL31K,SL32T,YL57F,TL97S,TL98S",-0.8683455,-0.8536324,4,1
"3BE1_HL_A|DL28N,PL30A,RL31K,SL32T,YL57F,TL97S,TL98S,KH30S,DH31G,TH54S,NH55E,GH100V,DH102V",-2.8824897,-2.533693,4,1
3LZF_AB_HL|DA187E,0.49836498,0.26390988,4,1
"3LZF_AB_HL|DA187E,DA222G",0.12738612,1.0939608,4,1
3LZF_AB_HL|DA222G,0.5378587,0.77652305,4,1
3NGB_HL_G|AH57G,-0.056030333,-0.7658203,4,1
"3NGB_HL_G|AH57G,VH58T,PH63K,VH74T",1.6734211,-1.0746956,4,1
"3NGB_HL_G|CH32S,CH102A",0.25899792,0.50414664,4,1
3NGB_HL_G|DH103A,0.05987142,0.4094721,4,1
3NGB_HL_G|EL88A,1.3199503,0.3612359,4,1
3NGB_HL_G|FL89A,0.85886127,0.6461854,4,1
3NGB_HL_G|GH55A,-1.2766591,1.1189383,4,1
3NGB_HL_G|GH55S,0.74304354,0.41128558,4,1
3NGB_HL_G|GH56A,1.2656107,0.7214679,4,1
3NGB_HL_G|IH30A,-0.0027431613,0.60326177,4,1
3NGB_HL_G|IH30T,0.0733938,0.005976895,4,1
"3NGB_HL_G|IH30T,KH52N,RH54N,GH55S,AH57G,VH58T,RH62Q,PH63K,VH74T,YH75S,YL26S",0.86214453,0.40591317,4,1
3NGB_HL_G|KH52A,0.62288266,0.5961088,4,1
3NGB_HL_G|KH52N,0.17497002,-0.005019782,4,1
3NGB_HL_G|MH70A,0.5305512,0.60551596,4,1
3NGB_HL_G|NH105A,1.1185741,0.22703244,4,1
3NGB_HL_G|NH59A,1.7671243,0.6921799,4,1
3NGB_HL_G|PH63A,-0.04252045,0.039117083,4,1
3NGB_HL_G|PH63K,0.23252328,-0.14331666,4,1
3NGB_HL_G|QH65A,-0.34038836,0.27759656,4,1
3NGB_HL_G|QL25A,-0.23060839,0.24876063,4,1
3NGB_HL_G|RH54A,-0.25938424,0.5688762,4,1
3NGB_HL_G|RH54N,0.04645046,0.091325365,4,1
3NGB_HL_G|RH62A,0.9958448,0.24393964,4,1
3NGB_HL_G|RH62Q,0.09654992,0.25383565,4,1
3NGB_HL_G|RH72A,1.6432176,0.7362608,4,1
3NGB_HL_G|SL28A,-0.14471176,1.3714509,4,1
3NGB_HL_G|TH33A,0.7071634,1.1175809,4,1
3NGB_HL_G|TH33Y,0.084193856,-0.8061805,4,1
"3NGB_HL_G|TH33Y,GH56S,AH57G,VH58T,PH63K,VH74T,YH75S",1.9381938,-0.659848,4,1
3NGB_HL_G|VH58A,1.3584284,0.21327618,4,1
3NGB_HL_G|VH58T,0.13787223,0.05628594,4,1
3NGB_HL_G|VH74A,1.087914,0.26311573,4,1
3NGB_HL_G|VH74T,0.16493925,-0.2076818,4,1
3NGB_HL_G|VL1A,-0.7733632,0.059846632,4,1
3NGB_HL_G|WH106A,4.0,0.57254934,4,1
3NGB_HL_G|WH47A,1.2021707,0.8529784,4,1
3NGB_HL_G|WH50A,1.2917941,1.0934929,4,1
3NGB_HL_G|YH104A,1.4235861,0.75832856,4,1
3NGB_HL_G|YH60A,0.5484263,0.6951966,4,1
3NGB_HL_G|YH75A,-0.19932224,0.6316819,4,1
3NGB_HL_G|YH75S,0.3325709,0.6141512,4,1
3NGB_HL_G|YL26A,0.98528093,1.3566353,4,1
3NGB_HL_G|YL26S,0.6512687,0.7771406,4,1
3NGB_HL_G|YL87A,2.0227883,1.323304,4,1
4JPK_HL_A|DA141R,3.857323,0.22343965,4,1
"4JPK_HL_A|DA159N,DA33N",0.6189681,1.1335541,4,1
4JPK_HL_A|FA144I,1.3875175,0.98131466,4,1
4JPK_HL_A|FA63L,1.1672868,1.7311887,4,1
4JPK_HL_A|RA130K,0.23006605,0.0540052,4,1
4JPK_HL_A|RA81T,0.75870305,0.14208327,4,1
4JPK_HL_A|SA41G,2.151695,0.78646475,4,1
4JPK_HL_A|TA35S,-0.032093357,-0.6320864,4,1
4JPK_HL_A|VA30N,0.59459484,0.6117219,4,1
"1JRH_LH_I|AI49S,II51T,HI55D",0.070675574,-0.2746867,4,2
"1JRH_LH_I|AI85D,KI88R,EI90K",-0.047747865,-0.5977458,4,2
"1JRH_LH_I|AI93L,VI94M",0.63366294,-0.34605116,4,2
1JRH_LH_I|DH56A,1.8860998,0.2123166,4,2
1JRH_LH_I|DH57A,1.6660647,0.25441,4,2
1JRH_LH_I|DH58A,1.8546488,0.22595851,4,2
1JRH_LH_I|DL28A,0.43464687,0.2314173,4,2
1JRH_LH_I|EI35Q,0.09956847,-0.25283143,4,2
1JRH_LH_I|EI45A,-0.5657849,0.066618815,4,2
1JRH_LH_I|EI45P,-3.7881775,-0.08710842,4,2
"1JRH_LH_I|EI45P,II47L",-3.4567804,0.09087566,4,2
"1JRH_LH_I|EI45P,II47R",-3.4400978,-0.054603614,4,2
1JRH_LH_I|EL27A,0.5426153,0.42906898,4,2
1JRH_LH_I|FH103A,0.0,0.25802526,4,2
1JRH_LH_I|GI40A,4.0,0.017584715,4,2
1JRH_LH_I|HH107A,1.6977708,0.30829397,4,2
"1JRH_LH_I|II25N,PI27S,VI29T,VI31I",0.14370596,-0.22056857,4,2
1JRH_LH_I|KI37A,3.713863,0.13830623,4,2
1JRH_LH_I|KI37M,3.2923293,-0.040806435,4,2
1JRH_LH_I|KI42A,3.3858175,0.1484833,4,2
1JRH_LH_I|KI42M,4.0,-0.048094198,4,2
1JRH_LH_I|KI88A,0.31209365,0.14781031,4,2
"1JRH_LH_I|MI15L,II18V",-0.21360606,0.14987493,4,2
1JRH_LH_I|NI38A,0.1704579,0.038034435,4,2
1JRH_LH_I|NI38Q,0.5344714,-0.21912283,4,2
1JRH_LH_I|NI43A,4.0,0.080079526,4,2
1JRH_LH_I|NI69A,-0.19953421,0.09378009,4,2
1JRH_LH_I|RH100A,0.5426153,0.29559842,4,2
1JRH_LH_I|RI74A,0.3926171,0.41660392,4,2
1JRH_LH_I|SI44A,0.37771076,0.29503584,4,2
"1JRH_LH_I|SI44G,EI45G,II47R",-3.3777049,0.45934138,4,2
"1JRH_LH_I|SI44G,EI45P,II47K",-3.884419,0.37317553,4,2
"1JRH_LH_I|SI61Y,DI62E,HI63Q,VI64I,GI65M,DI66Y,SI68D,NI69V,LI71A",2.9588323,-0.2966402,4,2
1JRH_LH_I|SL93A,-0.65058374,-0.004264459,4,2
1JRH_LH_I|TI4V,-0.025565991,-0.1977403,4,2
"1JRH_LH_I|TI9L,EI11K",-0.025565991,-0.25826296,4,2
1JRH_LH_I|TL94A,0.38526937,0.13593277,4,2
1JRH_LH_I|VI41A,1.6791569,0.076656915,4,2
"1JRH_LH_I|VI73A,RI78K",-0.21360606,0.2077796,4,2
1JRH_LH_I|WH54A,2.6862645,0.22572649,4,2
1JRH_LH_I|WH55A,2.4213178,0.26393756,4,2
1JRH_LH_I|WI46F,-0.25261214,-0.17870577,4,2
1JRH_LH_I|WI46Y,0.29852974,-0.18459497,4,2
1JRH_LH_I|WI72A,4.0,0.37267074,4,2
1JRH_LH_I|WI72F,1.102707,-0.12483245,4,2
1JRH_LH_I|WI72Y,1.1878273,-0.14788295,4,2
1JRH_LH_I|WL92A,2.818407,0.2617718,4,2
1JRH_LH_I|WL95A,1.6660647,0.42461595,4,2
1JRH_LH_I|YH104A,1.0610564,0.65080106,4,2
1JRH_LH_I|YH32A,1.4333102,0.50906897,4,2
1JRH_LH_I|YH60A,1.2555921,0.57727385,4,2
1JRH_LH_I|YI39A,3.5271235,0.3969836,4,2
1JRH_LH_I|YI39F,0.9087807,-0.06754278,4,2
1JRH_LH_I|YL30A,1.1084566,0.44412538,4,2
1JRH_LH_I|YL91A,0.58083415,0.5867597,4,2
1KIQ_AB_C|FB101Y,-2.4949589,-0.15435116,4,2
1XGR_AB_C|IB33A,2.260207,0.39466774,4,2
1XGR_AB_C|IB33F,-1.8004549,-0.0009915531,4,2
1XGR_AB_C|IB33L,0.061315425,0.015522942,4,2
1XGR_AB_C|IB33V,1.1076277,0.057386767,4,2
2BDN_HL_A|DH31E,1.0852306,-0.23497444,4,2
2BDN_HL_A|LH27K,0.8740124,0.05284813,4,2
2BDN_HL_A|LH27R,0.65058374,-0.017584175,4,2
2BDN_HL_A|NH28D,0.13214268,-0.13451205,4,2
2BDN_HL_A|NH28Q,1.3994616,-0.10456221,4,2
2BDN_HL_A|NL31K,3.4897714,-0.02841241,4,2
2BDN_HL_A|NL31R,-0.9171868,-0.09630169,4,2
2BDN_HL_A|SL53D,-0.1605731,-0.50699186,4,2
2BDN_HL_A|SL53E,-0.85132045,-0.60951424,4,2
2BDN_HL_A|TL56D,-0.4254655,-0.28308442,4,2
2BDN_HL_A|TL56E,-0.6888026,-0.37385333,4,2
2BDN_HL_A|YL30K,0.67475796,0.3033243,4,2
2NYY_DC_A|DA1030A,0.009336901,0.30854777,4,2
2NYY_DC_A|DA1034A,2.5297937,0.34942353,4,2
2NYY_DC_A|DC30Y,0.64113563,-0.18943512,4,2
2NYY_DC_A|EA892A,2.839132,0.22352423,4,2
2NYY_DC_A|ED5Q,-0.2479871,0.19640172,4,2
2NYY_DC_A|FA889A,0.4193659,0.4876659,4,2
2NYY_DC_A|FA925A,4.0,0.46181944,4,2
2NYY_DC_A|HA1036A,4.0,0.35361907,4,2
2NYY_DC_A|HC34R,0.10088469,0.15448818,4,2
2NYY_DC_A|IA928A,-0.009487502,0.22631133,4,2
2NYY_DC_A|KA1028A,-0.028934313,0.21101268,4,2
2NYY_DC_A|KA875A,0.29098648,0.3104541,4,2
2NYY_DC_A|KA895A,-0.14014584,0.3009261,4,2
2NYY_DC_A|KD29R,0.071385965,-0.017353788,4,2
"2NYY_DC_A|KD29S,YD30D,DD31H,SD60P",0.04961051,0.29321617,4,2
2NYY_DC_A|LA891A,2.5892105,0.18705086,4,2
2NYY_DC_A|MD33Q,-0.059869844,0.06714973,4,2
2NYY_DC_A|NA890A,0.89044046,0.22737275,4,2
2NYY_DC_A|NA926A,0.09934822,0.26021802,4,2
2NYY_DC_A|QA887A,0.5208145,0.30079576,4,2
2NYY_DC_A|RA1033A,0.82012254,0.38149947,4,2
2NYY_DC_A|RA1266A,0.2995321,0.35036772,4,2
2NYY_DC_A|SA874A,-0.23032175,0.39600086,4,2
2NYY_DC_A|SA927A,0.0,0.43505025,4,2
2NYY_DC_A|SC28Q,0.4133828,-0.14503366,4,2
2NYY_DC_A|SC31N,-0.35338265,0.081039205,4,2
2NYY_DC_A|TA1035A,1.630871,0.16145974,4,2
2NYY_DC_A|VD36I,-0.21317148,0.011678912,4,2
"2NYY_DC_A|VD36I,ED5Q",-0.0490461,0.13375455,4,2
2NYY_DC_A|YD30D,0.06462482,0.3928699,4,2
2NYY_DC_A|YD30Q,0.12897444,0.3925906,4,2
2NYY_DC_A|YD56Q,0.5196862,0.35925052,4,2
2NZ9_DC_A|DA1030A,-0.031082604,0.257222,4,2
2NZ9_DC_A|DA1034A,2.3396032,0.30340537,4,2
2NZ9_DC_A|EA892A,2.77036,0.17233701,4,2
2NZ9_DC_A|FA889A,-0.04961051,0.43828818,4,2
2NZ9_DC_A|FA925A,3.340439,0.41277722,4,2
2NZ9_DC_A|HA1036A,4.0,0.30697265,4,2
2NZ9_DC_A|IA928A,0.069281444,0.17452745,4,2
2NZ9_DC_A|KA1028A,-0.008714417,0.1607518,4,2
2NZ9_DC_A|KA875A,0.5407011,0.26498806,4,2
2NZ9_DC_A|KA895A,-0.29975358,0.2570641,4,2
2NZ9_DC_A|LA891A,2.279965,0.13338253,4,2
2NZ9_DC_A|NA890A,2.1600318,0.17051598,4,2
2NZ9_DC_A|NA926A,-0.15216734,0.20572573,4,2
2NZ9_DC_A|QA887A,0.09926054,0.24467409,4,2
2NZ9_DC_A|RA1033A,0.29088098,0.33323386,4,2
2NZ9_DC_A|RA1266A,0.39015788,0.30112848,4,2
2NZ9_DC_A|SA874A,-0.11948046,0.34949502,4,2
2NZ9_DC_A|SA927A,-0.078544825,0.39033285,4,2
"2NZ9_DC_A|SD29K,DD30Y,HD31D",-0.04961051,-0.4879156,4,2
2NZ9_DC_A|TA1035A,2.3703818,0.11186961,4,2
2VIS_AB_C|IC89T,-4.0,-0.040360376,4,2
"3BE1_HL_A|DL28N,PL30A,RL31K,SL32T,TL97S,TL98S",-0.6860794,0.5582446,4,2
"3BE1_HL_A|DL28N,PL30A,RL31K,SL32T,TL97S,TL98S,KH30S,DH31G,TH54S,NH55E,GH100V,DH102V",-2.7728782,0.035398297,4,2
"3BE1_HL_A|DL28N,PL30A,RL31K,SL32T,TL97S,TL98S,KH30S,DH31G,TH54S,NH55E,GH100V,DH102V,YL36A",-3.190238,0.7479222,4,2
"3BE1_HL_A|DL28N,PL30A,RL31K,SL32T,TL97S,TL98S,KH30S,DH31G,TH54S,NH55E,GH100V,DH102V,YL36A,IL33A",-2.7728782,1.0606643,4,2
"3BE1_HL_A|DL28N,PL30A,RL31K,SL32T,YL57F,TL97S,TL98S",-0.8683455,0.88976574,4,2
"3BE1_HL_A|DL28N,PL30A,RL31K,SL32T,YL57F,TL97S,TL98S,KH30S,DH31G,TH54S,NH55E,GH100V,DH102V",-2.8824897,0.36698732,4,2
3LZF_AB_HL|DA187E,0.49836498,0.05293839,4,2
"3LZF_AB_HL|DA187E,DA222G",0.12738612,0.2710542,4,2
3LZF_AB_HL|DA222G,0.5378587,0.19824699,4,2
3NGB_HL_G|AH57G,-0.056030333,-0.40319654,4,2
"3NGB_HL_G|AH57G,VH58T,PH63K,VH74T",1.6734211,-0.106816486,4,2
"3NGB_HL_G|CH32S,CH102A",0.25899792,0.3947174,4,2
3NGB_HL_G|DH103A,0.05987142,0.12626031,4,2
3NGB_HL_G|EL88A,1.3199503,0.31849745,4,2
3NGB_HL_G|FL89A,0.85886127,0.20526764,4,2
3NGB_HL_G|GH55A,-1.2766591,0.2830602,4,2
3NGB_HL_G|GH55S,0.74304354,0.28435302,4,2
3NGB_HL_G|GH56A,1.2656107,0.18834151,4,2
3NGB_HL_G|IH30A,-0.0027431613,0.22326355,4,2
3NGB_HL_G|IH30T,0.0733938,0.06230114,4,2
"3NGB_HL_G|IH30T,KH52N,RH54N,GH55S,AH57G,VH58T,RH62Q,PH63K,VH74T,YH75S,YL26S",0.86214453,2.072043,4,2
3NGB_HL_G|KH52A,0.62288266,0.17147638,4,2
3NGB_HL_G|KH52N,0.17497002,0.027444683,4,2
3NGB_HL_G|MH70A,0.5305512,-0.03460002,4,2
3NGB_HL_G|NH105A,1.1185741,0.007852588,4,2
3NGB_HL_G|NH59A,1.7671243,0.06502385,4,2
3NGB_HL_G|PH63A,-0.04252045,0.042130686,4,2
3NGB_HL_G|PH63K,0.23252328,-0.07304628,4,2
3NGB_HL_G|QH65A,-0.34038836,0.10813977,4,2
3NGB_HL_G|QL25A,-0.23060839,0.2303639,4,2
3NGB_HL_G|RH54A,-0.25938424,0.28876492,4,2
3NGB_HL_G|RH54N,0.04645046,0.24315229,4,2
3NGB_HL_G|RH62A,0.9958448,0.17016053,4,2
3NGB_HL_G|RH62Q,0.09654992,-0.004752025,4,2
3NGB_HL_G|RH72A,1.6432176,0.055959858,4,2
3NGB_HL_G|SL28A,-0.14471176,-0.054334275,4,2
3NGB_HL_G|TH33A,0.7071634,0.06486647,4,2
3NGB_HL_G|TH33Y,0.084193856,-0.4908879,4,2
"3NGB_HL_G|TH33Y,GH56S,AH57G,VH58T,PH63K,VH74T,YH75S",1.9381938,0.36297986,4,2
3NGB_HL_G|VH58A,1.3584284,0.24467815,4,2
3NGB_HL_G|VH58T,0.13787223,0.093621954,4,2
3NGB_HL_G|VH74A,1.087914,0.20086272,4,2
3NGB_HL_G|VH74T,0.16493925,0.0041394755,4,2
3NGB_HL_G|VL1A,-0.7733632,0.21338578,4,2
3NGB_HL_G|WH106A,4.0,0.25247762,4,2
3NGB_HL_G|WH47A,1.2021707,0.091025874,4,2
3NGB_HL_G|WH50A,1.2917941,0.23833965,4,2
3NGB_HL_G|YH104A,1.4235861,0.5084497,4,2
3NGB_HL_G|YH60A,0.5484263,0.35221502,4,2
3NGB_HL_G|YH75A,-0.19932224,0.54691064,4,2
3NGB_HL_G|YH75S,0.3325709,0.5468731,4,2
3NGB_HL_G|YL26A,0.98528093,0.4172758,4,2
3NGB_HL_G|YL26S,0.6512687,0.41613913,4,2
3NGB_HL_G|YL87A,2.0227883,0.48853537,4,2
4JPK_HL_A|DA141R,3.857323,-0.048917584,4,2
"4JPK_HL_A|DA159N,DA33N",0.6189681,0.14340246,4,2
4JPK_HL_A|FA144I,1.3875175,0.14084916,4,2
4JPK_HL_A|FA63L,1.1672868,0.32788357,4,2
4JPK_HL_A|RA130K,0.23006605,0.12702042,4,2
4JPK_HL_A|RA81T,0.75870305,0.20793846,4,2
4JPK_HL_A|SA41G,2.151695,0.23713335,4,2
4JPK_HL_A|TA35S,-0.032093357,-0.20334888,4,2
4JPK_HL_A|VA30N,0.59459484,0.063775375,4,2
