row_id,ddg_true,ddg_pred,fold,seed
1AHW_AB_C|DC167A,-0.4845926,0.69441795,0,0
"1AHW_AB_C|KC138A,DC139A",1.1814722,2.8467817,0,0
"1AHW_AB_C|KC154A,KC155A",-1.329712,1.992869,0,0
1AHW_AB_C|LC165A,0.9869364,0.4136329,0,0
1AHW_AB_C|NC188A,1.0782224,1.4674592,0,0
"1AHW_AB_C|TC110A,KC111A",0.6388569,1.0242779,0,0
1AHW_AB_C|TC156A,-0.07411996,0.40034056,0,0
1AHW_AB_C|TC159A,1.105771,0.81576073,0,0
1AHW_AB_C|TC186A,1.345882,1.0342942,0,0
1AHW_AB_C|VC187A,-0.31423107,1.0746213,0,0
1AHW_AB_C|YC146A,-1.8890098,1.845492,0,0
1BJ1_HL_VW|HH101Y,-1.5835956,-0.9325788,0,0
"1BJ1_HL_VW|HH101Y,YH103I,GH104A,SH105K",-0.43125325,-0.1324954,0,0
"1BJ1_HL_VW|HH101Y,YH103R,GH104N,SH105T",-0.7626503,0.11667047,0,0
"1BJ1_HL_VW|HH101Y,YH103R,SH105T",-1.173123,-0.85250866,0,0
1BJ1_HL_VW|HH107A,0.78965265,1.4683859,0,0
"1BJ1_HL_VW|LH72I,TH74K",0.076517485,0.5566644,0,0
"1BJ1_HL_VW|LH72V,TH74V",0.6706598,0.29182473,0,0
"1BJ1_HL_VW|ML4L,TH28D,NH31H,HH101Y,SH105T",-1.52138,-2.3283806,0,0
1BJ1_HL_VW|NH31H,-0.7626503,-0.22493954,0,0
1BJ1_HL_VW|SH105T,-0.39039657,0.04834951,0,0
1BJ1_HL_VW|TH28D,-0.22003505,-0.069655806,0,0
"1BJ1_HL_VW|TH28D,NH31H",-0.6929008,-0.6457136,0,0
"1BJ1_HL_VW|TH28D,NH31H,YH54W,HH101Y,SH105T",-1.2034981,-1.09251,0,0
1BJ1_HL_VW|TH59A,0.85066694,1.2544348,0,0
1BJ1_HL_VW|YH27A,2.2425284,0.82130146,0,0
1BJ1_HL_VW|YH54A,1.3276595,1.7098777,0,0
1BJ1_HL_VW|YH54W,-0.13726985,0.6940962,0,0
1BJ1_HL_VW|YH99A,4.0,1.3682253,0,0
1DQJ_AB_C|DB32A,2.0134337,0.9994481,0,0
"1DQJ_AB_C|DB32A,KC97A",1.1223834,2.1932395,0,0
1DQJ_AB_C|DC101A,1.3765504,2.8890576,0,0
1DQJ_AB_C|KC96A,4.0,1.5267638,0,0
1DQJ_AB_C|KC97A,3.5197058,0.9923976,0,0
1DQJ_AB_C|LC75A,1.452407,0.42829862,0,0
1DQJ_AB_C|NA31A,2.0134337,0.6830431,0,0
1DQJ_AB_C|NA32A,4.0,0.80248785,0,0
"1DQJ_AB_C|NA32A,KC96A",4.0,2.1084042,0,0
1DQJ_AB_C|NC93A,0.64987326,0.20702335,0,0
1DQJ_AB_C|RC21A,1.2137709,0.64730746,0,0
1DQJ_AB_C|SA91A,1.4318883,0.89186,0,0
"1DQJ_AB_C|SA91A,RC21A",3.1707318,0.99509853,0,0
"1DQJ_AB_C|SA91A,YC20A",3.573092,1.9294344,0,0
1DQJ_AB_C|SC100A,0.7755829,1.305655,0,0
1DQJ_AB_C|TC89A,0.84084374,0.37510002,0,0
1DQJ_AB_C|WB98A,4.0,1.6667795,0,0
"1DQJ_AB_C|WB98A,KC97A",4.0,2.7151668,0,0
"1DQJ_AB_C|WB98A,SC100A",4.0,3.7283895,0,0
"1DQJ_AB_C|WB98A,YC20A",4.0,3.247037,0,0
1DQJ_AB_C|WC62A,0.7580786,0.7066458,0,0
1DQJ_AB_C|WC63A,1.3462692,0.7175949,0,0
1DQJ_AB_C|YA50A,2.678299,0.845281,0,0
1DQJ_AB_C|YA96A,1.135051,2.2516444,0,0
"1DQJ_AB_C|YA96A,RC21A",3.4851997,2.489746,0,0
"1DQJ_AB_C|YA96A,SC100A",0.91344726,4.3247023,0,0
1DQJ_AB_C|YB33A,4.0,3.073383,0,0
1DQJ_AB_C|YB50A,4.0,1.9065493,0,0
1DQJ_AB_C|YB53A,1.1802781,1.9255081,0,0
"1DQJ_AB_C|YB53A,DC101A",2.727121,5.8102517,0,0
"1DQJ_AB_C|YB53A,LC75A",1.2168618,2.3170965,0,0
"1DQJ_AB_C|YB53A,WC62A",1.286308,2.3889372,0,0
"1DQJ_AB_C|YB53A,WC63A",2.1992323,2.2152066,0,0
1DQJ_AB_C|YC20A,3.2857084,1.720717,0,0
1XGT_AB_C|LB33A,2.1988916,2.277865,0,0
1XGT_AB_C|LB33F,-1.8617703,-2.2632987,0,0
1XGT_AB_C|LB33I,-0.061315425,-0.17139138,0,0
1XGT_AB_C|LB33V,1.0463123,1.1732506,0,0
"3BDY_HL_V|DL28N,PL30A,RL31K,SL32T,TL97S,TL98S",-0.9690793,-1.1715794,0,0
"3BDY_HL_V|DL28N,PL30A,RL31K,SL32T,TL97S,TL98S,KH31S,DH32G,TH55S,NH56E,GH101V,DH103V",-2.7154896,-3.052618,0,0
"3BDY_HL_V|DL28N,PL30A,RL31K,SL32T,TL97S,TL98S,KH31S,DH32G,TH55S,NH56E,GH101V,DH103V,RH51A,RH60A",-2.7728782,-2.6957202,0,0
"3BDY_HL_V|DL28N,PL30A,RL31K,SL32T,YL57F,TL97S,TL98S",-0.97316396,-1.1950486,0,0
"3BDY_HL_V|DL28N,PL30A,RL31K,SL32T,YL57F,TL97S,TL98S,KH31S,DH32G,TH55S,NH56E,GH101V,DH103V",-2.727121,-3.1887517,0,0
3HFM_HL_Y|DH32A,1.8982269,0.21662608,0,0
"3HFM_HL_Y|DH32A,KY97A",4.0,0.71107,0,0
"3HFM_HL_Y|DH32A,KY97M",1.1234494,0.942234,0,0
3HFM_HL_Y|DH32N,0.17036153,0.23843107,0,0
"3HFM_HL_Y|DH32N,KY97A",4.0,0.7447142,0,0
"3HFM_HL_Y|DH32N,KY97M",0.3025042,0.95852894,0,0
3HFM_HL_Y|DY101A,1.2081919,1.459232,0,0
3HFM_HL_Y|DY101E,2.132881,0.3585065,0,0
3HFM_HL_Y|DY101F,2.3282614,0.19561969,0,0
3HFM_HL_Y|DY101G,0.35884774,0.092112124,0,0
3HFM_HL_Y|DY101K,2.1245396,1.3144988,0,0
3HFM_HL_Y|DY101N,1.4911126,0.8323739,0,0
3HFM_HL_Y|DY101Q,2.0851746,0.1488144,0,0
3HFM_HL_Y|DY101R,2.2798727,1.1783454,0,0
3HFM_HL_Y|DY101S,1.8694,0.81878567,0,0
3HFM_HL_Y|GY102V,0.395285,0.6657564,0,0
3HFM_HL_Y|HY15A,-0.4453172,0.39085034,0,0
3HFM_HL_Y|IY98A,0.0,0.21380562,0,0
3HFM_HL_Y|KY96A,4.0,1.6948351,0,0
3HFM_HL_Y|KY96M,4.0,1.7774223,0,0
3HFM_HL_Y|KY96R,4.0,0.57249326,0,0
3HFM_HL_Y|KY97A,4.0,0.9582384,0,0
3HFM_HL_Y|KY97D,4.0,0.55604756,0,0
3HFM_HL_Y|KY97E,3.6045077,0.8409583,0,0
3HFM_HL_Y|KY97G,4.0,0.15933381,0,0
3HFM_HL_Y|KY97M,0.9469717,1.2576011,0,0
3HFM_HL_Y|KY97R,3.0528512,-0.30601203,0,0
3HFM_HL_Y|LY75A,0.70445603,0.266857,0,0
3HFM_HL_Y|NL31A,4.0,0.20047995,0,0
"3HFM_HL_Y|NL31A,KY96A",4.0,2.045475,0,0
3HFM_HL_Y|NL31D,1.3434845,0.24341029,0,0
3HFM_HL_Y|NL31E,4.0,0.37570822,0,0
3HFM_HL_Y|NL32A,4.0,0.6375641,0,0
3HFM_HL_Y|NY19D,0.41047263,0.52596617,0,0
3HFM_HL_Y|NY19K,0.2401111,0.97313595,0,0
3HFM_HL_Y|NY19Q,-0.042485796,0.2856062,0,0
3HFM_HL_Y|NY93A,0.21121821,0.145161,0,0
3HFM_HL_Y|QL53A,0.9530879,0.33508858,0,0
3HFM_HL_Y|RY21A,0.8618019,0.9864865,0,0
3HFM_HL_Y|RY21E,2.4534352,0.5230884,0,0
3HFM_HL_Y|RY21G,2.4220753,0.04406191,0,0
3HFM_HL_Y|RY21H,2.1693182,0.4049062,0,0
3HFM_HL_Y|RY21K,1.766342,0.5537311,0,0
3HFM_HL_Y|RY21M,2.0498905,1.2770478,0,0
3HFM_HL_Y|RY21N,2.3282614,0.7793593,0,0
3HFM_HL_Y|RY21Q,2.3975346,-0.4166924,0,0
3HFM_HL_Y|RY21W,2.132881,0.83587617,0,0
3HFM_HL_Y|RY73A,-0.3313971,1.188138,0,0
3HFM_HL_Y|SH31A,0.17036153,-0.41379097,0,0
3HFM_HL_Y|SY100A,0.26765963,1.1750342,0,0
3HFM_HL_Y|TY89A,0.0,0.36944154,0,0
3HFM_HL_Y|WH98A,4.0,1.0122705,0,0
"3HFM_HL_Y|WH98A,KY96A",4.0,1.8932709,0,0
3HFM_HL_Y|WH98F,3.245562,0.430267,0,0
"3HFM_HL_Y|WH98F,YY20A",4.0,1.5542139,0,0
3HFM_HL_Y|WY63A,0.31918663,0.7294566,0,0
3HFM_HL_Y|YH33A,4.0,3.1443772,0,0
"3HFM_HL_Y|YH33A,KY97A",4.0,4.60716,0,0
3HFM_HL_Y|YH33F,1.0712212,-1.4015341,0,0
3HFM_HL_Y|YH33L,2.0069382,0.97063476,0,0
3HFM_HL_Y|YH33W,1.7495645,0.9380389,0,0
3HFM_HL_Y|YH50A,4.0,2.054282,0,0
"3HFM_HL_Y|YH50A,RY21A",4.0,2.8198698,0,0
3HFM_HL_Y|YH50F,1.6099914,0.123940006,0,0
3HFM_HL_Y|YH50L,2.8488367,0.7615398,0,0
3HFM_HL_Y|YH53A,3.25038,0.8964872,0,0
3HFM_HL_Y|YH53F,0.62049925,0.5525496,0,0
3HFM_HL_Y|YH53L,0.8068894,0.6768853,0,0
3HFM_HL_Y|YH53W,0.7061819,0.39109722,0,0
3HFM_HL_Y|YH58A,1.6760437,1.5335351,0,0
3HFM_HL_Y|YH58F,0.36312544,0.40383157,0,0
3HFM_HL_Y|YH58L,1.5136731,0.6473465,0,0
3HFM_HL_Y|YL50A,4.0,0.73586786,0,0
"3HFM_HL_Y|YL50A,KY96A",4.0,2.4158075,0,0
"3HFM_HL_Y|YL50A,KY97A",4.0,1.7694471,0,0
"3HFM_HL_Y|YL50A,RY21A",4.0,1.5825008,0,0
3HFM_HL_Y|YL50F,2.3548672,0.23727676,0,0
"3HFM_HL_Y|YL50F,RY21A",4.0,1.1261835,0,0
"3HFM_HL_Y|YL50F,YY20A",4.0,1.7982935,0,0
3HFM_HL_Y|YL50L,4.0,-0.13444595,0,0
3HFM_HL_Y|YL96A,2.707045,2.2451525,0,0
"3HFM_HL_Y|YL96A,RY21A",4.0,3.0929494,0,0
3HFM_HL_Y|YL96F,1.4017794,0.5359996,0,0
"3HFM_HL_Y|YL96F,RY21A",4.0,1.6105905,0,0
3HFM_HL_Y|YY20A,4.0,1.7047209,0,0
3HFM_HL_Y|YY20F,-0.4839681,0.47264215,0,0
3HFM_HL_Y|YY20L,2.1845057,1.2484639,0,0
3SE9_HL_G|DH77A,-0.7664817,0.1393213,0,0
3SE9_HL_G|EL90A,0.41735974,0.8370712,0,0
3SE9_HL_G|FL91A,0.023615688,0.08042005,0,0
3SE9_HL_G|GH106A,-0.3075798,0.5144133,0,0
3SE9_HL_G|GH107A,-0.6151596,-0.10818528,0,0
3SE9_HL_G|GH109A,0.18514356,0.9217706,0,0
3SE9_HL_G|GH57A,0.4524448,0.58482975,0,0
3SE9_HL_G|GH62A,0.04634,0.8850088,0,0
3SE9_HL_G|GL29A,0.46369976,0.40597937,0,0
3SE9_HL_G|LH34A,0.56599987,1.4325889,0,0
3SE9_HL_G|LL89A,0.964243,1.2202725,0,0
3SE9_HL_G|NH60A,1.5217615,1.8840607,0,0
3SE9_HL_G|PH64A,-0.4419396,0.08336431,0,0
3SE9_HL_G|RH67A,1.4695449,1.1229565,0,0
3SE9_HL_G|RH74A,2.6792572,0.9319979,0,0
3SE9_HL_G|RH76A,-0.2322162,0.45347568,0,0
3SE9_HL_G|TH105A,-0.4419396,0.76000786,0,0
3SE9_HL_G|TH56A,-0.85929936,1.7895267,0,0
3SE9_HL_G|VH55A,-0.85929936,1.1491392,0,0
3SE9_HL_G|VH59A,0.9833596,1.4842559,0,0
3SE9_HL_G|VL3A,-0.49433115,0.11024761,0,0
3SE9_HL_G|WH48A,1.0584464,1.1823394,0,0
3SE9_HL_G|WH51A,1.275695,1.5815047,0,0
3SE9_HL_G|YH104A,0.46369976,0.9965868,0,0
3SE9_HL_G|YL28A,1.1177194,0.28079116,0,0
4U6H_AB_E|NE21A,-0.3480795,0.7457006,0,0
4U6H_AB_E|QE25A,0.11883454,2.4703052,0,0
4ZS6_HL_A|EA156A,3.0386665,1.2771034,0,0
4ZS6_HL_A|YA160A,-0.11025046,1.924343,0,0
1AHW_AB_C|DC167A,-0.4845926,1.0208822,0,1
"1AHW_AB_C|KC138A,DC139A",1.1814722,1.2838923,0,1
"1AHW_AB_C|KC154A,KC155A",-1.329712,0.66740954,0,1
1AHW_AB_C|LC165A,0.9869364,0.3257214,0,1
1AHW_AB_C|NC188A,1.0782224,1.1027873,0,1
"1AHW_AB_C|TC110A,KC111A",0.6388569,0.8783529,0,1
1AHW_AB_C|TC156A,-0.07411996,0.9417412,0,1
1AHW_AB_C|TC159A,1.105771,1.3260049,0,1
1AHW_AB_C|TC186A,1.345882,1.6536901,0,1
1AHW_AB_C|VC187A,-0.31423107,0.8141645,0,1
1AHW_AB_C|YC146A,-1.8890098,1.3092287,0,1
1BJ1_HL_VW|HH101Y,-1.5835956,-0.6128668,0,1
"1BJ1_HL_VW|HH101Y,YH103I,GH104A,SH105K",-0.43125325,0.7253096,0,1
"1BJ1_HL_VW|HH101Y,YH103R,GH104N,SH105T",-0.7626503,0.7258427,0,1
"1BJ1_HL_VW|HH101Y,YH103R,SH105T",-1.173123,0.04212233,0,1
1BJ1_HL_VW|HH107A,0.78965265,0.8796297,0,1
"1BJ1_HL_VW|LH72I,TH74K",0.076517485,0.5637415,0,1
"1BJ1_HL_VW|LH72V,TH74V",0.6706598,-0.2715971,0,1
"1BJ1_HL_VW|ML4L,TH28D,NH31H,HH101Y,SH105T",-1.52138,-0.9638099,0,1
1BJ1_HL_VW|NH31H,-0.7626503,-0.34315932,0,1
1BJ1_HL_VW|SH105T,-0.39039657,0.21350922,0,1
1BJ1_HL_VW|TH28D,-0.22003505,-0.26396167,0,1
"1BJ1_HL_VW|TH28D,NH31H",-0.6929008,-0.4852004,0,1
"1BJ1_HL_VW|TH28D,NH31H,YH54W,HH101Y,SH105T",-1.2034981,-0.61818624,0,1
1BJ1_HL_VW|TH59A,0.85066694,0.84251964,0,1
1BJ1_HL_VW|YH27A,2.2425284,0.8736687,0,1
1BJ1_HL_VW|YH54A,1.3276595,0.83045703,0,1
1BJ1_HL_VW|YH54W,-0.13726985,0.006689109,0,1
1BJ1_HL_VW|YH99A,4.0,1.0462822,0,1
1DQJ_AB_C|DB32A,2.0134337,1.1290146,0,1
"1DQJ_AB_C|DB32A,KC97A",1.1223834,1.6402856,0,1
1DQJ_AB_C|DC101A,1.3765504,1.2315112,0,1
1DQJ_AB_C|KC96A,4.0,0.4555043,0,1
1DQJ_AB_C|KC97A,3.5197058,0.3129074,0,1
1DQJ_AB_C|LC75A,1.452407,0.40914148,0,1
1DQJ_AB_C|NA31A,2.0134337,0.9814299,0,1
1DQJ_AB_C|NA32A,4.0,1.1270295,0,1
"1DQJ_AB_C|NA32A,KC96A",4.0,1.2424723,0,1
1DQJ_AB_C|NC93A,0.64987326,0.5816679,0,1
1DQJ_AB_C|RC21A,1.2137709,0.5201968,0,1
1DQJ_AB_C|SA91A,1.4318883,1.3721184,0,1
"1DQJ_AB_C|SA91A,RC21A",3.1707318,1.9285667,0,1
"1DQJ_AB_C|SA91A,YC20A",3.573092,2.1311438,0,1
1DQJ_AB_C|SC100A,0.7755829,0.9605511,0,1
1DQJ_AB_C|TC89A,0.84084374,0.48281533,0,1
1DQJ_AB_C|WB98A,4.0,1.4422709,0,1
"1DQJ_AB_C|WB98A,KC97A",4.0,1.7442361,0,1
"1DQJ_AB_C|WB98A,SC100A",4.0,2.0409226,0,1
"1DQJ_AB_C|WB98A,YC20A",4.0,2.0595636,0,1
1DQJ_AB_C|WC62A,0.7580786,0.82065403,0,1
1DQJ_AB_C|WC63A,1.3462692,0.58829105,0,1
1DQJ_AB_C|YA50A,2.678299,0.99049324,0,1
1DQJ_AB_C|YA96A,1.135051,1.035807,0,1
"1DQJ_AB_C|YA96A,RC21A",3.4851997,1.3762245,0,1
"1DQJ_AB_C|YA96A,SC100A",0.91344726,1.7666367,0,1
1DQJ_AB_C|YB33A,4.0,2.0466,0,1
1DQJ_AB_C|YB50A,4.0,1.6434808,0,1
1DQJ_AB_C|YB53A,1.1802781,0.49944878,0,1
"1DQJ_AB_C|YB53A,DC101A",2.727121,1.6578687,0,1
"1DQJ_AB_C|YB53A,LC75A",1.2168618,0.45492053,0,1
"1DQJ_AB_C|YB53A,WC62A",1.286308,1.106114,0,1
"1DQJ_AB_C|YB53A,WC63A",2.1992323,0.5809924,0,1
1DQJ_AB_C|YC20A,3.2857084,1.0388361,0,1
1XGT_AB_C|LB33A,2.1988916,1.4013988,0,1
1XGT_AB_C|LB33F,-1.8617703,-0.89819086,0,1
1XGT_AB_C|LB33I,-0.061315425,-0.021951042,0,1
1XGT_AB_C|LB33V,1.0463123,0.63391805,0,1
"3BDY_HL_V|DL28N,PL30A,RL31K,SL32T,TL97S,TL98S",-0.9690793,-0.1947786,0,1
"3BDY_HL_V|DL28N,PL30A,RL31K,SL32T,TL97S,TL98S,KH31S,DH32G,TH55S,NH56E,GH101V,DH103V",-2.7154896,-1.9081374,0,1
"3BDY_HL_V|DL28N,PL30A,RL31K,SL32T,TL97S,TL98S,KH31S,DH32G,TH55S,NH56E,GH101V,DH103V,RH51A,RH60A",-2.7728782,-1.4026599,0,1
"3BDY_HL_V|DL28N,PL30A,RL31K,SL32T,YL57F,TL97S,TL98S",-0.97316396,-0.02689518,0,1
"3BDY_HL_V|DL28N,PL30A,RL31K,SL32T,YL57F,TL97S,TL98S,KH31S,DH32G,TH55S,NH56E,GH101V,DH103V",-2.727121,-1.819434,0,1
3HFM_HL_Y|DH32A,1.8982269,0.23754351,0,1
"3HFM_HL_Y|DH32A,KY97A",4.0,0.4669413,0,1
"3HFM_HL_Y|DH32A,KY97M",1.1234494,0.05049388,0,1
3HFM_HL_Y|DH32N,0.17036153,0.013216823,0,1
"3HFM_HL_Y|DH32N,KY97A",4.0,0.24379282,0,1
"3HFM_HL_Y|DH32N,KY97M",0.3025042,-0.18268259,0,1
3HFM_HL_Y|DY101A,1.2081919,1.1601431,0,1
3HFM_HL_Y|DY101E,2.132881,0.27213734,0,1
3HFM_HL_Y|DY101F,2.3282614,0.07656648,0,1
3HFM_HL_Y|DY101G,0.35884774,0.7173858,0,1
3HFM_HL_Y|DY101K,2.1245396,0.8732854,0,1
3HFM_HL_Y|DY101N,1.4911126,0.37116772,0,1
3HFM_HL_Y|DY101Q,2.0851746,0.018311575,0,1
3HFM_HL_Y|DY101R,2.2798727,0.595967,0,1
3HFM_HL_Y|DY101S,1.8694,0.12925488,0,1
3HFM_HL_Y|GY102V,0.395285,0.09160335,0,1
3HFM_HL_Y|HY15A,-0.4453172,0.2997455,0,1
3HFM_HL_Y|IY98A,0.0,0.71621126,0,1
3HFM_HL_Y|KY96A,4.0,0.5052299,0,1
3HFM_HL_Y|KY96M,4.0,-0.059607923,0,1
3HFM_HL_Y|KY96R,4.0,0.017142251,0,1
3HFM_HL_Y|KY97A,4.0,0.3572681,0,1
3HFM_HL_Y|KY97D,4.0,-0.17024542,0,1
3HFM_HL_Y|KY97E,3.6045077,-0.25004697,0,1
3HFM_HL_Y|KY97G,4.0,0.17087048,0,1
3HFM_HL_Y|KY97M,0.9469717,-0.23445453,0,1
3HFM_HL_Y|KY97R,3.0528512,-0.44643003,0,1
3HFM_HL_Y|LY75A,0.70445603,0.28546143,0,1
3HFM_HL_Y|NL31A,4.0,0.7922764,0,1
"3HFM_HL_Y|NL31A,KY96A",4.0,1.1458473,0,1
3HFM_HL_Y|NL31D,1.3434845,0.14189075,0,1
3HFM_HL_Y|NL31E,4.0,0.29854643,0,1
3HFM_HL_Y|NL32A,4.0,0.8263528,0,1
3HFM_HL_Y|NY19D,0.41047263,0.016747557,0,1
3HFM_HL_Y|NY19K,0.2401111,0.63058835,0,1
3HFM_HL_Y|NY19Q,-0.042485796,0.122608915,0,1
3HFM_HL_Y|NY93A,0.21121821,0.54764247,0,1
3HFM_HL_Y|QL53A,0.9530879,0.10494604,0,1
3HFM_HL_Y|RY21A,0.8618019,0.42305362,0,1
3HFM_HL_Y|RY21E,2.4534352,0.0019103736,0,1
3HFM_HL_Y|RY21G,2.4220753,0.28417647,0,1
3HFM_HL_Y|RY21H,2.1693182,-0.11377746,0,1
3HFM_HL_Y|RY21K,1.766342,0.49504584,0,1
3HFM_HL_Y|RY21M,2.0498905,0.14857934,0,1
3HFM_HL_Y|RY21N,2.3282614,0.09515085,0,1
3HFM_HL_Y|RY21Q,2.3975346,-0.29061472,0,1
3HFM_HL_Y|RY21W,2.132881,0.08351195,0,1
3HFM_HL_Y|RY73A,-0.3313971,0.45019996,0,1
3HFM_HL_Y|SH31A,0.17036153,0.1803471,0,1
3HFM_HL_Y|SY100A,0.26765963,1.1410588,0,1
3HFM_HL_Y|TY89A,0.0,0.46692646,0,1
3HFM_HL_Y|WH98A,4.0,1.3808972,0,1
"3HFM_HL_Y|WH98A,KY96A",4.0,1.5319045,0,1
3HFM_HL_Y|WH98F,3.245562,0.10638483,0,1
"3HFM_HL_Y|WH98F,YY20A",4.0,1.1537336,0,1
3HFM_HL_Y|WY63A,0.31918663,0.6660888,0,1
3HFM_HL_Y|YH33A,4.0,1.6906948,0,1
"3HFM_HL_Y|YH33A,KY97A",4.0,2.0383108,0,1
3HFM_HL_Y|YH33F,1.0712212,0.20393361,0,1
3HFM_HL_Y|YH33L,2.0069382,0.67976916,0,1
3HFM_HL_Y|YH33W,1.7495645,0.3926205,0,1
3HFM_HL_Y|YH50A,4.0,1.2727734,0,1
"3HFM_HL_Y|YH50A,RY21A",4.0,1.4504886,0,1
3HFM_HL_Y|YH50F,1.6099914,0.0736552,0,1
3HFM_HL_Y|YH50L,2.8488367,0.34008425,0,1
3HFM_HL_Y|YH53A,3.25038,0.42000997,0,1
3HFM_HL_Y|YH53F,0.62049925,0.29826325,0,1
3HFM_HL_Y|YH53L,0.8068894,0.33084092,0,1
3HFM_HL_Y|YH53W,0.7061819,0.03223522,0,1
3HFM_HL_Y|YH58A,1.6760437,0.91979873,0,1
3HFM_HL_Y|YH58F,0.36312544,0.18798152,0,1
3HFM_HL_Y|YH58L,1.5136731,0.47986698,0,1
3HFM_HL_Y|YL50A,4.0,0.67618865,0,1
"3HFM_HL_Y|YL50A,KY96A",4.0,0.90089774,0,1
"3HFM_HL_Y|YL50A,KY97A",4.0,0.9232816,0,1
"3HFM_HL_Y|YL50A,RY21A",4.0,0.97794515,0,1
3HFM_HL_Y|YL50F,2.3548672,0.17657775,0,1
"3HFM_HL_Y|YL50F,RY21A",4.0,0.48684317,0,1
"3HFM_HL_Y|YL50F,YY20A",4.0,0.9498905,0,1
3HFM_HL_Y|YL50L,4.0,0.2662782,0,1
3HFM_HL_Y|YL96A,2.707045,0.6428839,0,1
"3HFM_HL_Y|YL96A,RY21A",4.0,0.8448096,0,1
3HFM_HL_Y|YL96F,1.4017794,0.19029985,0,1
"3HFM_HL_Y|YL96F,RY21A",4.0,0.52735054,0,1
3HFM_HL_Y|YY20A,4.0,1.0539622,0,1
3HFM_HL_Y|YY20F,-0.4839681,0.0051864237,0,1
3HFM_HL_Y|YY20L,2.1845057,0.73575085,0,1
3SE9_HL_G|DH77A,-0.7664817,0.17130256,0,1
3SE9_HL_G|EL90A,0.41735974,1.1729832,0,1
3SE9_HL_G|FL91A,0.023615688,0.928606,0,1
3SE9_HL_G|GH106A,-0.3075798,0.6137104,0,1
3SE9_HL_G|GH107A,-0.6151596,0.5666543,0,1
3SE9_HL_G|GH109A,0.18514356,1.0008184,0,1
3SE9_HL_G|GH57A,0.4524448,0.89733183,0,1
3SE9_HL_G|GH62A,0.04634,0.7071191,0,1
3SE9_HL_G|GL29A,0.46369976,0.6844682,0,1
3SE9_HL_G|LH34A,0.56599987,0.9935272,0,1
3SE9_HL_G|LL89A,0.964243,1.3995467,0,1
3SE9_HL_G|NH60A,1.5217615,1.6119252,0,1
3SE9_HL_G|PH64A,-0.4419396,0.123637676,0,1
3SE9_HL_G|RH67A,1.4695449,0.44655383,0,1
3SE9_HL_G|RH74A,2.6792572,0.87416595,0,1
3SE9_HL_G|RH76A,-0.2322162,0.40827632,0,1
3SE9_HL_G|TH105A,-0.4419396,0.20604788,0,1
3SE9_HL_G|TH56A,-0.85929936,0.4315495,0,1
3SE9_HL_G|VH55A,-0.85929936,0.32481265,0,1
3SE9_HL_G|VH59A,0.9833596,1.0816151,0,1
3SE9_HL_G|VL3A,-0.49433115,0.44980478,0,1
3SE9_HL_G|WH48A,1.0584464,1.4838632,0,1
3SE9_HL_G|WH51A,1.275695,1.3372818,0,1
3SE9_HL_G|YH104A,0.46369976,0.6344761,0,1
3SE9_HL_G|YL28A,1.1177194,1.2470427,0,1
4U6H_AB_E|NE21A,-0.3480795,0.32588023,0,1
4U6H_AB_E|QE25A,0.11883454,1.2953664,0,1
4ZS6_HL_A|EA156A,3.0386665,1.2682167,0,1
4ZS6_HL_A|YA160A,-0.11025046,1.4193631,0,1
1AHW_AB_C|DC167A,-0.4845926,0.23371445,0,2
"1AHW_AB_C|KC138A,DC139A",1.1814722,0.69580734,0,2
"1AHW_AB_C|KC154A,KC155A",-1.329712,0.41774315,0,2
1AHW_AB_C|LC165A,0.9869364,0.37823182,0,2
1AHW_AB_C|NC188A,1.0782224,0.30481586,0,2
"1AHW_AB_C|TC110A,KC111A",0.6388569,0.5617373,0,2
1AHW_AB_C|TC156A,-0.07411996,0.34828347,0,2
1AHW_AB_C|TC159A,1.105771,0.28487438,0,2
1AHW_AB_C|TC186A,1.345882,0.3937108,0,2
1AHW_AB_C|VC187A,-0.31423107,0.32286668,0,2
1AHW_AB_C|YC146A,-1.8890098,0.4583398,0,2
1BJ1_HL_VW|HH101Y,-1.5835956,-0.10654931,0,2
"1BJ1_HL_VW|HH101Y,YH103I,GH104A,SH105K",-0.43125325,0.17818397,0,2
"1BJ1_HL_VW|HH101Y,YH103R,GH104N,SH105T",-0.7626503,0.26948205,0,2
"1BJ1_HL_VW|HH101Y,YH103R,SH105T",-1.173123,-0.037697703,0,2
1BJ1_HL_VW|HH107A,0.78965265,0.3710773,0,2
"1BJ1_HL_VW|LH72I,TH74K",0.076517485,-0.13324976,0,2
"1BJ1_HL_VW|LH72V,TH74V",0.6706598,-0.18157451,0,2
"1BJ1_HL_VW|ML4L,TH28D,NH31H,HH101Y,SH105T",-1.52138,-0.2922743,0,2
1BJ1_HL_VW|NH31H,-0.7626503,-0.2286662,0,2
1BJ1_HL_VW|SH105T,-0.39039657,0.123751394,0,2
1BJ1_HL_VW|TH28D,-0.22003505,-0.047219634,0,2
"1BJ1_HL_VW|TH28D,NH31H",-0.6929008,-0.3227843,0,2
"1BJ1_HL_VW|TH28D,NH31H,YH54W,HH101Y,SH105T",-1.2034981,-0.35004818,0,2
1BJ1_HL_VW|TH59A,0.85066694,0.121990316,0,2
1BJ1_HL_VW|YH27A,2.2425284,0.2509627,0,2
1BJ1_HL_VW|YH54A,1.3276595,0.3291096,0,2
1BJ1_HL_VW|YH54W,-0.13726985,0.025926393,0,2
1BJ1_HL_VW|YH99A,4.0,0.360425,0,2
1DQJ_AB_C|DB32A,2.0134337,0.060840502,0,2
"1DQJ_AB_C|DB32A,KC97A",1.1223834,0.08670453,0,2
1DQJ_AB_C|DC101A,1.3765504,0.20862095,0,2
1DQJ_AB_C|KC96A,4.0,0.1268132,0,2
1DQJ_AB_C|KC97A,3.5197058,0.10316147,0,2
1DQJ_AB_C|LC75A,1.452407,0.3451243,0,2
1DQJ_AB_C|NA31A,2.0134337,0.016165726,0,2
1DQJ_AB_C|NA32A,4.0,0.12594585,0,2
"1DQJ_AB_C|NA32A,KC96A",4.0,0.24145989,0,2
1DQJ_AB_C|NC93A,0.64987326,0.22648872,0,2
1DQJ_AB_C|RC21A,1.2137709,0.19751441,0,2
1DQJ_AB_C|SA91A,1.4318883,0.13637532,0,2
"1DQJ_AB_C|SA91A,RC21A",3.1707318,0.15374672,0,2
"1DQJ_AB_C|SA91A,YC20A",3.573092,0.108970225,0,2
1DQJ_AB_C|SC100A,0.7755829,0.31225228,0,2
1DQJ_AB_C|TC89A,0.84084374,0.12525754,0,2
1DQJ_AB_C|WB98A,4.0,0.5097483,0,2
"1DQJ_AB_C|WB98A,KC97A",4.0,0.5233802,0,2
"1DQJ_AB_C|WB98A,SC100A",4.0,0.6886781,0,2
"1DQJ_AB_C|WB98A,YC20A",4.0,0.61945087,0,2
1DQJ_AB_C|WC62A,0.7580786,0.32537925,0,2
1DQJ_AB_C|WC63A,1.3462692,0.38417447,0,2
1DQJ_AB_C|YA50A,2.678299,0.13469324,0,2
1DQJ_AB_C|YA96A,1.135051,0.42691827,0,2
"1DQJ_AB_C|YA96A,RC21A",3.4851997,0.5075924,0,2
"1DQJ_AB_C|YA96A,SC100A",0.91344726,0.5982958,0,2
1DQJ_AB_C|YB33A,4.0,0.56646305,0,2
1DQJ_AB_C|YB50A,4.0,0.4009062,0,2
1DQJ_AB_C|YB53A,1.1802781,0.35898757,0,2
"1DQJ_AB_C|YB53A,DC101A",2.727121,0.56315386,0,2
"1DQJ_AB_C|YB53A,LC75A",1.2168618,0.56279916,0,2
"1DQJ_AB_C|YB53A,WC62A",1.286308,0.4571159,0,2
"1DQJ_AB_C|YB53A,WC63A",2.1992323,0.49039072,0,2
1DQJ_AB_C|YC20A,3.2857084,0.17654793,0,2
1XGT_AB_C|LB33A,2.1988916,0.51661295,0,2
1XGT_AB_C|LB33F,-1.8617703,0.094116315,0,2
1XGT_AB_C|LB33I,-0.061315425,0.23065051,0,2
1XGT_AB_C|LB33V,1.0463123,0.26120526,0,2
"3BDY_HL_V|DL28N,PL30A,RL31K,SL32T,TL97S,TL98S",-0.9690793,-0.04153634,0,2
"3BDY_HL_V|DL28N,PL30A,RL31K,SL32T,TL97S,TL98S,KH31S,DH32G,TH55S,NH56E,GH101V,DH103V",-2.7154896,-0.597534,0,2
"3BDY_HL_V|DL28N,PL30A,RL31K,SL32T,TL97S,TL98S,KH31S,DH32G,TH55S,NH56E,GH101V,DH103V,RH51A,RH60A",-2.7728782,-0.20890747,0,2
"3BDY_HL_V|DL28N,PL30A,RL31K,SL32T,YL57F,TL97S,TL98S",-0.97316396,0.010212794,0,2
"3BDY_HL_V|DL28N,PL30A,RL31K,SL32T,YL57F,TL97S,TL98S,KH31S,DH32G,TH55S,NH56E,GH101V,DH103V",-2.727121,-0.5086826,0,2
3HFM_HL_Y|DH32A,1.8982269,-0.08460459,0,2
"3HFM_HL_Y|DH32A,KY97A",4.0,0.017936394,0,2
"3HFM_HL_Y|DH32A,KY97M",1.1234494,-0.24473293,0,2
3HFM_HL_Y|DH32N,0.17036153,-0.014216699,0,2
"3HFM_HL_Y|DH32N,KY97A",4.0,0.018892244,0,2
"3HFM_HL_Y|DH32N,KY97M",0.3025042,-0.2272573,0,2
3HFM_HL_Y|DY101A,1.2081919,0.21501659,0,2
3HFM_HL_Y|DY101E,2.132881,-0.050532073,0,2
3HFM_HL_Y|DY101F,2.3282614,-0.21131991,0,2
3HFM_HL_Y|DY101G,0.35884774,-0.07764572,0,2
3HFM_HL_Y|DY101K,2.1245396,0.050950877,0,2
3HFM_HL_Y|DY101N,1.4911126,0.14406821,0,2
3HFM_HL_Y|DY101Q,2.0851746,0.0037336573,0,2
3HFM_HL_Y|DY101R,2.2798727,0.0812885,0,2
3HFM_HL_Y|DY101S,1.8694,-0.03516628,0,2
3HFM_HL_Y|GY102V,0.395285,0.021992762,0,2
3HFM_HL_Y|HY15A,-0.4453172,0.14378959,0,2
3HFM_HL_Y|IY98A,0.0,0.31403625,0,2
3HFM_HL_Y|KY96A,4.0,0.11006658,0,2
3HFM_HL_Y|KY96M,4.0,-0.11187926,0,2
3HFM_HL_Y|KY96R,4.0,-0.09371498,0,2
3HFM_HL_Y|KY97A,4.0,0.16240057,0,2
3HFM_HL_Y|KY97D,4.0,0.16146818,0,2
3HFM_HL_Y|KY97E,3.6045077,0.10253759,0,2
3HFM_HL_Y|KY97G,4.0,-0.083133474,0,2
3HFM_HL_Y|KY97M,0.9469717,-0.04158368,0,2
3HFM_HL_Y|KY97R,3.0528512,-0.018430643,0,2
3HFM_HL_Y|LY75A,0.70445603,0.3208022,0,2
3HFM_HL_Y|NL31A,4.0,0.101706125,0,2
"3HFM_HL_Y|NL31A,KY96A",4.0,0.14574392,0,2
3HFM_HL_Y|NL31D,1.3434845,0.08134931,0,2
3HFM_HL_Y|NL31E,4.0,-0.013762504,0,2
3HFM_HL_Y|NL32A,4.0,0.09448233,0,2
3HFM_HL_Y|NY19D,0.41047263,0.07962562,0,2
3HFM_HL_Y|NY19K,0.2401111,0.07297809,0,2
3HFM_HL_Y|NY19Q,-0.042485796,0.07960269,0,2
3HFM_HL_Y|NY93A,0.21121821,0.06458758,0,2
3HFM_HL_Y|QL53A,0.9530879,0.28765804,0,2
3HFM_HL_Y|RY21A,0.8618019,0.101244256,0,2
3HFM_HL_Y|RY21E,2.4534352,0.04956849,0,2
3HFM_HL_Y|RY21G,2.4220753,-0.11205408,0,2
3HFM_HL_Y|RY21H,2.1693182,-0.018239282,0,2
3HFM_HL_Y|RY21K,1.766342,0.008262046,0,2
3HFM_HL_Y|RY21M,2.0498905,-0.07226655,0,2
3HFM_HL_Y|RY21N,2.3282614,0.04930412,0,2
3HFM_HL_Y|RY21Q,2.3975346,-0.011324167,0,2
3HFM_HL_Y|RY21W,2.132881,-0.12638219,0,2
3HFM_HL_Y|RY73A,-0.3313971,0.316566,0,2
3HFM_HL_Y|SH31A,0.17036153,-0.04322417,0,2
3HFM_HL_Y|SY100A,0.26765963,0.14845414,0,2
3HFM_HL_Y|TY89A,0.0,0.045012202,0,2
3HFM_HL_Y|WH98A,4.0,0.40760702,0,2
"3HFM_HL_Y|WH98A,KY96A",4.0,0.33463544,0,2
3HFM_HL_Y|WH98F,3.245562,0.038782932,0,2
"3HFM_HL_Y|WH98F,YY20A",4.0,0.108225875,0,2
3HFM_HL_Y|WY63A,0.31918663,0.46508998,0,2
3HFM_HL_Y|YH33A,4.0,0.27878457,0,2
"3HFM_HL_Y|YH33A,KY97A",4.0,0.3147151,0,2
3HFM_HL_Y|YH33F,1.0712212,0.03537823,0,2
3HFM_HL_Y|YH33L,2.0069382,0.013597935,0,2
3HFM_HL_Y|YH33W,1.7495645,0.13486773,0,2
3HFM_HL_Y|YH50A,4.0,0.24751122,0,2
"3HFM_HL_Y|YH50A,RY21A",4.0,0.20006198,0,2
3HFM_HL_Y|YH50F,1.6099914,0.11515265,0,2
3HFM_HL_Y|YH50L,2.8488367,0.026487045,0,2
3HFM_HL_Y|YH53A,3.25038,0.38013566,0,2
3HFM_HL_Y|YH53F,0.62049925,0.11300099,0,2
3HFM_HL_Y|YH53L,0.8068894,0.16934109,0,2
3HFM_HL_Y|YH53W,0.7061819,0.18715605,0,2
3HFM_HL_Y|YH58A,1.6760437,0.502379,0,2
3HFM_HL_Y|YH58F,0.36312544,0.16405395,0,2
3HFM_HL_Y|YH58L,1.5136731,0.18588391,0,2
3HFM_HL_Y|YL50A,4.0,0.090806216,0,2
"3HFM_HL_Y|YL50A,KY96A",4.0,0.0520973,0,2
"3HFM_HL_Y|YL50A,KY97A",4.0,0.10180682,0,2
"3HFM_HL_Y|YL50A,RY21A",4.0,0.09056682,0,2
3HFM_HL_Y|YL50F,2.3548672,-0.06049858,0,2
"3HFM_HL_Y|YL50F,RY21A",4.0,-0.14416806,0,2
"3HFM_HL_Y|YL50F,YY20A",4.0,-0.0079533085,0,2
3HFM_HL_Y|YL50L,4.0,-0.08872762,0,2
3HFM_HL_Y|YL96A,2.707045,0.3956079,0,2
"3HFM_HL_Y|YL96A,RY21A",4.0,0.33292902,0,2
3HFM_HL_Y|YL96F,1.4017794,0.20451206,0,2
"3HFM_HL_Y|YL96F,RY21A",4.0,0.06485658,0,2
3HFM_HL_Y|YY20A,4.0,0.24902964,0,2
3HFM_HL_Y|YY20F,-0.4839681,0.101101935,0,2
3HFM_HL_Y|YY20L,2.1845057,0.09914311,0,2
3SE9_HL_G|DH77A,-0.7664817,0.09920633,0,2
3SE9_HL_G|EL90A,0.41735974,0.12132559,0,2
3SE9_HL_G|FL91A,0.023615688,0.49017656,0,2
3SE9_HL_G|GH106A,-0.3075798,0.38258302,0,2
3SE9_HL_G|GH107A,-0.6151596,0.28478628,0,2
3SE9_HL_G|GH109A,0.18514356,0.21941744,0,2
3SE9_HL_G|GH57A,0.4524448,0.21300796,0,2
3SE9_HL_G|GH62A,0.04634,0.24074116,0,2
3SE9_HL_G|GL29A,0.46369976,0.31957364,0,2
3SE9_HL_G|LH34A,0.56599987,0.33298045,0,2
3SE9_HL_G|LL89A,0.964243,0.34799522,0,2
3SE9_HL_G|NH60A,1.5217615,0.093658164,0,2
3SE9_HL_G|PH64A,-0.4419396,0.095505975,0,2
3SE9_HL_G|RH67A,1.4695449,0.17117338,0,2
3SE9_HL_G|RH74A,2.6792572,0.0674756,0,2
3SE9_HL_G|RH76A,-0.2322162,0.1514162,0,2
3SE9_HL_G|TH105A,-0.4419396,0.04075521,0,2
3SE9_HL_G|TH56A,-0.85929936,-0.05352615,0,2
3SE9_HL_G|VH55A,-0.85929936,0.3125019,0,2
3SE9_HL_G|VH59A,0.9833596,0.15873009,0,2
3SE9_HL_G|VL3A,-0.49433115,0.3002331,0,2
3SE9_HL_G|WH48A,1.0584464,0.51694965,0,2
3SE9_HL_G|WH51A,1.275695,0.3380295,0,2
3SE9_HL_G|YH104A,0.46369976,0.38489544,0,2
3SE9_HL_G|YL28A,1.1177194,0.41124475,0,2
4U6H_AB_E|NE21A,-0.3480795,0.31055474,0,2
4U6H_AB_E|QE25A,0.11883454,0.38877547,0,2
4ZS6_HL_A|EA156A,3.0386665,0.39245123,0,2
4ZS6_HL_A|YA160A,-0.11025046,0.55203706,0,2
1KIP_AB_C|AB32Y,-0.8005932,-1.5004145,1,0
1XGU_AB_C|FB33A,4.0,0.6205002,1,0
1XGU_AB_C|FB33I,1.8004549,0.19433866,1,0
1XGU_AB_C|FB33L,1.8617703,0.10383738,1,0
1XGU_AB_C|FB33V,2.9080825,0.032356646,1,0
2B2X_HL_A|EH64K,-0.033433665,0.23546802,1,0
"2B2X_HL_A|EH64K,QL28S,YL52N",0.911615,0.90658545,1,0
"2B2X_HL_A|EH64K,QL28S,YL52N,GH102S",2.7106705,0.6682461,1,0
"2B2X_HL_A|EH64K,QL28S,YL52N,SH35A",3.119054,1.2050999,1,0
"2B2X_HL_A|EH64K,QL28S,YL52N,SH35V",3.770335,0.92255586,1,0
"2B2X_HL_A|EH64K,YL52N",0.34853002,0.80815625,1,0
"2B2X_HL_A|QL28S,YL52N",0.8626942,0.4127175,1,0
2B2X_HL_A|VH50T,0.024054652,-0.041120194,1,0
"2B2X_HL_A|VH50T,EH64D,QL28S,YL52N",0.87177193,0.732914,1,0
"2B2X_HL_A|VH50T,EH64K,QL28S",0.991589,0.5841495,1,0
"2B2X_HL_A|VH50T,EH64K,QL28S,YL52D",1.5439764,0.7810226,1,0
"2B2X_HL_A|VH50T,EH64K,QL28S,YL52E",0.95452905,0.7142658,1,0
"2B2X_HL_A|VH50T,EH64K,QL28S,YL52K",1.7007239,1.1744335,1,0
"2B2X_HL_A|VH50T,EH64K,QL28S,YL52N",1.043214,1.1134876,1,0
"2B2X_HL_A|VH50T,EH64K,QL28S,YL52N,FH99W",1.043214,0.92026925,1,0
"2B2X_HL_A|VH50T,EH64K,QL28S,YL52N,FH99Y",1.7978828,0.88531035,1,0
"2B2X_HL_A|VH50T,EH64K,QL28S,YL52N,GH100F",1.4322319,0.84937364,1,0
"2B2X_HL_A|VH50T,EH64K,QL28S,YL52N,GH100L",3.770335,1.2128384,1,0
"2B2X_HL_A|VH50T,EH64K,QL28S,YL52N,GH100M",1.145348,0.96463907,1,0
"2B2X_HL_A|VH50T,EH64K,QL28S,YL52N,GH100S",1.6009614,0.9725762,1,0
"2B2X_HL_A|VH50T,EH64K,QL28S,YL52N,GH53A",1.5558206,1.4422528,1,0
"2B2X_HL_A|VH50T,EH64K,QL28S,YL52N,GH53N",2.2985272,1.272371,1,0
"2B2X_HL_A|VH50T,EH64K,QL28S,YL52N,GH53S",1.7188073,1.117054,1,0
"2B2X_HL_A|VH50T,EH64K,QL28S,YL52N,GH54I",2.4067745,1.0414914,1,0
"2B2X_HL_A|VH50T,EH64K,QL28S,YL52N,GH54T",2.2073808,1.4010667,1,0
"2B2X_HL_A|VH50T,EH64K,QL28S,YL52N,GH54Y",1.043214,0.80510676,1,0
"2B2X_HL_A|VH50T,EH64K,QL28S,YL52N,GL92Q",2.6158988,1.0340592,1,0
"2B2X_HL_A|VH50T,EH64K,QL28S,YL52N,GL92S",1.5558206,0.92239404,1,0
"2B2X_HL_A|VH50T,EH64K,QL28S,YL52N,HL31K",2.2073808,1.284918,1,0
"2B2X_HL_A|VH50T,EH64K,QL28S,YL52N,HL31R",2.1670115,1.1675171,1,0
"2B2X_HL_A|VH50T,EH64K,QL28S,YL52N,HL31W",2.2985272,0.89800674,1,0
"2B2X_HL_A|VH50T,EH64K,QL28S,YL52N,LH60D",0.981894,0.83622885,1,0
"2B2X_HL_A|VH50T,EH64K,QL28S,YL52N,LL49F",1.7554936,1.196644,1,0
"2B2X_HL_A|VH50T,EH64K,QL28S,YL52N,LL49K",1.9044149,1.3345263,1,0
"2B2X_HL_A|VH50T,EH64K,QL28S,YL52N,LL49W",2.9507816,0.92205536,1,0
"2B2X_HL_A|VH50T,EH64K,QL28S,YL52N,NL30V",2.0925434,1.0084094,1,0
"2B2X_HL_A|VH50T,EH64K,QL28S,YL52N,NL30W",2.6158988,0.9279095,1,0
"2B2X_HL_A|VH50T,EH64K,QL28S,YL52N,NL30Y",2.9507816,0.8133903,1,0
"2B2X_HL_A|VH50T,EH64K,QL28S,YL52N,NL30Y,SL91I",1.4775821,0.94017357,1,0
"2B2X_HL_A|VH50T,EH64K,QL28S,YL52N,RH31Q",2.350542,1.0469809,1,0
"2B2X_HL_A|VH50T,EH64K,QL28S,YL52N,SH35A",2.6158988,1.4429871,1,0
"2B2X_HL_A|VH50T,EH64K,QL28S,YL52N,SH35A,GH102S",2.6158988,1.227975,1,0
"2B2X_HL_A|VH50T,EH64K,QL28S,YL52N,SH35Q",3.770335,1.1010927,1,0
"2B2X_HL_A|VH50T,EH64K,QL28S,YL52N,SH35V,GH102S",2.4688888,1.027686,1,0
"2B2X_HL_A|VH50T,EH64K,QL28S,YL52N,SH52M",3.119054,1.1095504,1,0
"2B2X_HL_A|VH50T,EH64K,QL28S,YL52N,SL24R",0.82788163,1.2377936,1,0
"2B2X_HL_A|VH50T,EH64K,QL28S,YL52N,SL91Q",2.8172472,1.1994057,1,0
"2B2X_HL_A|VH50T,EH64K,QL28S,YL52N,SL91R",3.770335,1.3105687,1,0
"2B2X_HL_A|VH50T,EH64K,QL28S,YL52N,SL91R,NL30E",3.770335,1.1283392,1,0
"2B2X_HL_A|VH50T,EH64K,QL28S,YL52N,SL91T",3.3598623,1.4567678,1,0
"2B2X_HL_A|VH50T,EH64K,QL28S,YL52N,TH33E,GH53Q",2.7106705,0.90951306,1,0
"2B2X_HL_A|VH50T,EH64K,QL28S,YL52N,TH33I,SH52T,GH53N,GH54N",2.9507816,1.8775477,1,0
"2B2X_HL_A|VH50T,EH64K,QL28S,YL52N,TH33I,SH52T,GH53Q,GH54F",2.2985272,1.835163,1,0
"2B2X_HL_A|VH50T,EH64K,QL28S,YL52N,TH33N",3.770335,0.9934759,1,0
"2B2X_HL_A|VH50T,EH64K,QL28S,YL52N,TH33V",1.4775821,0.7648009,1,0
"2B2X_HL_A|VH50T,EH64K,QL28S,YL52N,WL90Q",3.119054,1.450641,1,0
"2B2X_HL_A|VH50T,EH64K,QL28S,YL52N,WL90Q,FL33Y",1.914233,1.2137632,1,0
"2B2X_HL_A|VH50T,EH64K,QL28S,YL52N,YH58E",3.119054,1.377807,1,0
"2B2X_HL_A|VH50T,EH64K,QL28S,YL52N,YH58Q",3.119054,1.8653812,1,0
"2B2X_HL_A|VH50T,EH64K,QL28S,YL52N,YH58W",1.8641591,1.4137282,1,0
"2B2X_HL_A|VH50T,EH64K,QL28S,YL52N,YH59E",1.5872209,1.3026075,1,0
"2B2X_HL_A|VH50T,EH64K,QL28S,YL52R",1.8880546,1.0474734,1,0
"2B2X_HL_A|VH50T,EH64K,YL52N",0.28173435,1.0199878,1,0
"2B2X_HL_A|VH50T,EH64N,QL28S,YL52N",1.0069425,0.9858761,1,0
"2B2X_HL_A|VH50T,EH64Q,QL28S,YL52N",0.96559924,0.8471997,1,0
"2B2X_HL_A|VH50T,EH64Q,QL28S,YL52N,LH60D",1.0862032,0.598043,1,0
"2B2X_HL_A|VH50T,QL28S,YL52N",0.96559924,0.5673617,1,0
"2B2X_HL_A|VH50T,QL28S,YL52N,LH60D",0.90141344,0.2977181,1,0
"2B2X_HL_A|VH50T,YL52N",0.18636756,0.49222055,1,0
2B2X_HL_A|YL52E,-0.22410508,-0.009739542,1,0
2VIR_AB_C|SC115L,3.680209,0.050021436,1,0
2VIR_AB_C|TC89I,4.0,0.7775747,1,0
"3G6D_LH_A|EL3V,GL76R,TL77V,QL78E,EL80G",0.13981691,0.31475952,1,0
"3G6D_LH_A|EL3V,GL76R,TL77V,QL78E,EL80G,DH54N",0.111178115,0.71771693,1,0
"3G6D_LH_A|EL3V,GL76R,TL77V,QL78E,EL80G,TL89S,ML92I,VL93D,TL94K",0.27145106,-0.025836771,1,0
3G6D_LH_A|HH104A,-0.9530879,0.37692735,1,0
"3G6D_LH_A|KH210T,KH215T",-0.13294782,0.21683127,1,0
"3G6D_LH_A|TL89S,ML92I,VL93D,TL94K",0.7979767,-0.5711843,1,0
3G6D_LH_A|WH105A,-1.4965084,0.7451978,1,0
"3IDX_HL_G|CG27I,CG242Q",-2.4650376,-0.014834192,1,0
"3IDX_HL_G|CG27I,CG242Q,MG247A",-2.1736174,0.7251438,1,0
"3IDX_HL_G|KG85C,EG121C,CG27I,CG242Q",-2.3776865,0.7722893,1,0
"3IDX_HL_G|KG85C,EG121C,WG13M,MG247A,CG14W,CG129V,CG27I,CG242Q",-2.1922898,0.94101,1,0
"3IDX_HL_G|KG85C,EG122C,WG13M,MG247A,CG14W,CG129V,CG27I,CG242Q",-2.2927184,0.85599554,1,0
"3IDX_HL_G|TG41C,GG245C,MG247A",0.40945426,1.143301,1,0
"3IDX_HL_G|TG41C,GG245C,WG13M,MG247A,CG14W,CG129V,CG27I,CG242Q",-2.3310676,1.002172,1,0
"3IDX_HL_G|WG13M,MG247A,CG14W,CG129V",-0.6475391,0.17895596,1,0
"3IDX_HL_G|WG13M,MG247A,CG14W,CG129V,CG27I,CG242Q",-2.3479884,0.38167056,1,0
"3IDX_HL_G|WG13M,MG247A,CG14W,CG129V,KG85C,EG121C",-0.36166522,0.8000862,1,0
"3IDX_HL_G|WG13M,SG111T,WG200S,MG247A,CG14W,CG129V,CG27I,CG242Q",-1.8639641,0.2534861,1,0
"3L5X_A_HL|EL93F,YL94G",-0.42800838,0.14250109,1,0
"3L5X_A_HL|EL93H,YL94G",-0.7626503,0.48292935,1,0
"3L5X_A_HL|HL91P,NL92I,EL93D,YL94A",-0.6466697,0.8183049,1,0
"3L5X_A_HL|HL91P,NL92L,EL93D,YL94S",-0.6327897,0.5753208,1,0
"3L5X_A_HL|HL91P,NL92L,EL93D,YL94T",-0.81005055,0.8959201,1,0
"3L5X_A_HL|HL91P,NL92L,EL93D,YL94V",-0.85822237,0.6445217,1,0
"3L5X_A_HL|HL91P,NL92L,YL94A",-0.44441348,0.7920735,1,0
"3L5X_A_HL|HL91Q,NL92D,EL93I,YL94G",-1.5503801,0.3588502,1,0
"3L5X_A_HL|HL91Q,NL92D,EL93L,YL94G",-1.785132,0.42881754,1,0
"3L5X_A_HL|HL91Q,NL92D,EL93Y,YL94G",-1.451453,-0.25624025,1,0
"3L5X_A_HL|NL92D,EL93L,YL94G",-0.42962858,0.34817562,1,0
"3L5X_A_HL|NL92D,EL93N,YL94S",-0.53403836,0.05801471,1,0
"3L5X_A_HL|NL92D,EL93P,YL94G",-1.4699602,0.49551356,1,0
"3L5X_A_HL|NL92D,EL93R,YL94D",-0.52253926,0.2665029,1,0
"3L5X_A_HL|NL92D,EL93W,YL94E",-1.1963489,-0.3326111,1,0
"3L5X_A_HL|NL92D,EL93W,YL94G",-1.6825228,-0.1901772,1,0
"3L5X_A_HL|NL92D,EL93W,YL94S",-0.71612674,-0.26176068,1,0
"3L5X_A_HL|NL92D,EL93Y,YL94A",-0.8069743,-0.04294067,1,0
"3L5X_A_HL|NL92E,EL93S,YL94G",-1.2653587,-0.123998076,1,0
"3L5X_A_HL|NL92E,EL93W,YL94G",-1.5503801,-0.22995628,1,0
"3L5X_A_HL|NL92F,EL93W,YL94G",-1.2329907,-0.33875546,1,0
"3L5X_A_HL|NL92L,EL93D,YL94S",-0.6170473,0.10042186,1,0
"3L5X_A_HL|NL92L,EL93L,YL94G",-0.6259698,0.42875728,1,0
"3L5X_A_HL|NL92L,EL93M,YL94G",-0.82567644,0.24847955,1,0
"3L5X_A_HL|NL92L,EL93N,YL94G",-0.6954369,0.276874,1,0
"3L5X_A_HL|NL92S,EL93H,YL94G",-1.2457265,0.33047032,1,0
"3L5X_A_HL|NL92S,EL93I,YL94G",-0.8069743,0.2521199,1,0
"3L5X_A_HL|NL92S,EL93S,YL94G",-0.24921271,-0.06758791,1,0
"3L5X_A_HL|NL92S,EL93V,YL94G",-0.51687235,0.13668023,1,0
"3L5X_A_HL|NL92S,EL93W,YL94A",-0.30302802,0.073670894,1,0
"3L5X_A_HL|NL92S,EL93W,YL94G",-1.2720501,-0.19308448,1,0
"3L5X_A_HL|NL92S,EL93Y,YL94G",-0.9641868,-0.29196414,1,0
"3L5X_A_HL|NL92V,EL93G,YL94G",-0.46300006,0.18601504,1,0
"3L5X_A_HL|NL92V,EL93W,YL94G",-0.83525383,-0.071647555,1,0
3L5X_A_HL|YL94A,-0.82885176,0.43937796,1,0
3N85_A_LH|SH32A,-0.13401966,0.120081276,1,0
3N85_A_LH|SH32Y,0.0571225,-0.5906626,1,0
3N85_A_LH|SH50G,0.48767117,-0.062795416,1,0
3N85_A_LH|SH52Y,-0.78460336,-0.78132874,1,0
3N85_A_LH|WH100F,-0.015185109,0.19460747,1,0
3N85_A_LH|WH30K,-0.78460336,0.045011885,1,0
3N85_A_LH|WH30R,-0.5539675,-0.082835555,1,0
3N85_A_LH|WL91F,0.13959166,0.0037934054,1,0
3N85_A_LH|WL94Y,-0.03871881,-0.34591547,1,0
3SE8_HL_G|DH110A,-0.38934898,0.5620339,1,0
3SE8_HL_G|DH114A,-0.2441398,0.65403056,1,0
3SE8_HL_G|DL49A,0.8558488,0.8001931,1,0
3SE8_HL_G|EL1A,-0.5565174,0.23660645,1,0
3SE8_HL_G|EL91A,1.513491,0.6684936,1,0
3SE8_HL_G|FH115A,1.0676043,0.73864865,1,0
3SE8_HL_G|FL90A,-0.8640972,0.82017803,1,0
3SE8_HL_G|FL92A,0.8323254,0.5096325,1,0
3SE8_HL_G|GH56A,0.3570972,0.2986412,1,0
3SE8_HL_G|KH52A,1.1114144,0.36897412,1,0
3SE8_HL_G|LH54A,0.054776184,0.33171278,1,0
3SE8_HL_G|NL30A,0.19434923,0.6832887,1,0
3SE8_HL_G|PH78A,0.01881787,-0.04566864,1,0
3SE8_HL_G|PH81A,-0.07091986,-0.33996376,1,0
3SE8_HL_G|QH63A,1.1144251,0.3000567,1,0
3SE8_HL_G|QH65A,0.54980505,0.4142952,1,0
3SE8_HL_G|QH76A,0.09689985,0.08426891,1,0
3SE8_HL_G|QL27A,-0.21612903,0.41584277,1,0
3SE8_HL_G|RH30A,-0.03949762,0.37806267,1,0
3SE8_HL_G|RH62A,1.2061691,0.30397248,1,0
3SE8_HL_G|RH72A,2.6444623,0.25515676,1,0
3SE8_HL_G|SH59A,1.1508402,0.7130542,1,0
3SE8_HL_G|VH58A,1.2496852,0.56492436,1,0
3SE8_HL_G|WH47A,1.4751467,1.2713841,1,0
3SE8_HL_G|WH50A,1.333526,1.3992478,1,0
3SE8_HL_G|WH55A,0.7611056,1.0461072,1,0
3SE8_HL_G|YH111A,0.82992166,0.6742479,1,0
3SE8_HL_G|YH60A,0.8558488,1.0308653,1,0
4KRL_A_B|DB112A,0.6496817,1.1056752,1,0
5C6T_HL_A|EA194A,1.0906719,0.5294248,1,0
5C6T_HL_A|FA192A,1.9972014,0.864952,1,0
5C6T_HL_A|FA199A,2.7581792,1.0631028,1,0
5C6T_HL_A|FA200A,0.41047263,1.4279069,1,0
5C6T_HL_A|FH99A,1.4600298,0.4208199,1,0
5C6T_HL_A|IA201A,0.88561165,0.54016167,1,0
5C6T_HL_A|NA183A,0.28399685,0.788057,1,0
5C6T_HL_A|NA186A,0.3630724,1.0803101,1,0
5C6T_HL_A|NA188A,-0.36658686,0.73419833,1,0
"5C6T_HL_A|NA195A,DA197A",0.58650106,2.2614205,1,0
5C6T_HL_A|NH97A,1.5258962,0.3628195,1,0
5C6T_HL_A|RH31S,0.3115454,-0.29427683,1,0
5C6T_HL_A|RL48A,0.1229613,0.6512163,1,0
5C6T_HL_A|SH32A,-0.8683455,0.66629416,1,0
5C6T_HL_A|TA185A,0.33786914,1.1600736,1,0
5C6T_HL_A|YA182A,3.2083547,1.6263608,1,0
"5C6T_HL_A|YA182A,NA195A,DA197A",2.942425,3.8957272,1,0
5C6T_HL_A|YH104A,0.3630724,0.96679723,1,0
5C6T_HL_A|YH98A,1.7166799,0.96492535,1,0
5C6T_HL_A|YL47A,0.5516565,1.5997137,1,0
1KIP_AB_C|AB32Y,-0.8005932,-1.4104121,1,1
1XGU_AB_C|FB33A,4.0,3.3444984,1,1
1XGU_AB_C|FB33I,1.8004549,1.3902557,1,1
1XGU_AB_C|FB33L,1.8617703,1.5296117,1,1
1XGU_AB_C|FB33V,2.9080825,2.6549718,1,1
2B2X_HL_A|EH64K,-0.033433665,0.46305138,1,1
"2B2X_HL_A|EH64K,QL28S,YL52N",0.911615,0.71179026,1,1
"2B2X_HL_A|EH64K,QL28S,YL52N,GH102S",2.7106705,1.2582546,1,1
"2B2X_HL_A|EH64K,QL28S,YL52N,SH35A",3.119054,1.4635817,1,1
"2B2X_HL_A|EH64K,QL28S,YL52N,SH35V",3.770335,1.366144,1,1
"2B2X_HL_A|EH64K,YL52N",0.34853002,0.79275244,1,1
"2B2X_HL_A|QL28S,YL52N",0.8626942,0.31855845,1,1
2B2X_HL_A|VH50T,0.024054652,-0.41364557,1,1
"2B2X_HL_A|VH50T,EH64D,QL28S,YL52N",0.87177193,0.26038253,1,1
"2B2X_HL_A|VH50T,EH64K,QL28S",0.991589,0.3349096,1,1
"2B2X_HL_A|VH50T,EH64K,QL28S,YL52D",1.5439764,0.42027083,1,1
"2B2X_HL_A|VH50T,EH64K,QL28S,YL52E",0.95452905,0.51130867,1,1
"2B2X_HL_A|VH50T,EH64K,QL28S,YL52K",1.7007239,1.5003619,1,1
"2B2X_HL_A|VH50T,EH64K,QL28S,YL52N",1.043214,0.6581764,1,1
"2B2X_HL_A|VH50T,EH64K,QL28S,YL52N,FH99W",1.043214,0.681828,1,1
"2B2X_HL_A|VH50T,EH64K,QL28S,YL52N,FH99Y",1.7978828,0.4370102,1,1
"2B2X_HL_A|VH50T,EH64K,QL28S,YL52N,GH100F",1.4322319,0.98796993,1,1
"2B2X_HL_A|VH50T,EH64K,QL28S,YL52N,GH100L",3.770335,1.3027816,1,1
"2B2X_HL_A|VH50T,EH64K,QL28S,YL52N,GH100M",1.145348,1.4596668,1,1
"2B2X_HL_A|VH50T,EH64K,QL28S,YL52N,GH100S",1.6009614,1.1462945,1,1
"2B2X_HL_A|VH50T,EH64K,QL28S,YL52N,GH53A",1.5558206,0.8956139,1,1
"2B2X_HL_A|VH50T,EH64K,QL28S,YL52N,GH53N",2.2985272,1.0595949,1,1
"2B2X_HL_A|VH50T,EH64K,QL28S,YL52N,GH53S",1.7188073,0.6395837,1,1
"2B2X_HL_A|VH50T,EH64K,QL28S,YL52N,GH54I",2.4067745,1.1608682,1,1
"2B2X_HL_A|VH50T,EH64K,QL28S,YL52N,GH54T",2.2073808,1.3609352,1,1
"2B2X_HL_A|VH50T,EH64K,QL28S,YL52N,GH54Y",1.043214,0.77438605,1,1
"2B2X_HL_A|VH50T,EH64K,QL28S,YL52N,GL92Q",2.6158988,1.6501677,1,1
"2B2X_HL_A|VH50T,EH64K,QL28S,YL52N,GL92S",1.5558206,0.9702076,1,1
"2B2X_HL_A|VH50T,EH64K,QL28S,YL52N,HL31K",2.2073808,1.463624,1,1
"2B2X_HL_A|VH50T,EH64K,QL28S,YL52N,HL31R",2.1670115,0.66816074,1,1
"2B2X_HL_A|VH50T,EH64K,QL28S,YL52N,HL31W",2.2985272,0.5343655,1,1
"2B2X_HL_A|VH50T,EH64K,QL28S,YL52N,LH60D",0.981894,0.37165716,1,1
"2B2X_HL_A|VH50T,EH64K,QL28S,YL52N,LL49F",1.7554936,0.7963296,1,1
"2B2X_HL_A|VH50T,EH64K,QL28S,YL52N,LL49K",1.9044149,1.3688754,1,1
"2B2X_HL_A|VH50T,EH64K,QL28S,YL52N,LL49W",2.9507816,1.1297797,1,1
"2B2X_HL_A|VH50T,EH64K,QL28S,YL52N,NL30V",2.0925434,0.6266842,1,1
"2B2X_HL_A|VH50T,EH64K,QL28S,YL52N,NL30W",2.6158988,0.8028562,1,1
"2B2X_HL_A|VH50T,EH64K,QL28S,YL52N,NL30Y",2.9507816,0.5564739,1,1
"2B2X_HL_A|VH50T,EH64K,QL28S,YL52N,NL30Y,SL91I",1.4775821,0.8979407,1,1
"2B2X_HL_A|VH50T,EH64K,QL28S,YL52N,RH31Q",2.350542,0.81162024,1,1
"2B2X_HL_A|VH50T,EH64K,QL28S,YL52N,SH35A",2.6158988,1.3586762,1,1
"2B2X_HL_A|VH50T,EH64K,QL28S,YL52N,SH35A,GH102S",2.6158988,1.9373368,1,1
"2B2X_HL_A|VH50T,EH64K,QL28S,YL52N,SH35Q",3.770335,1.4327585,1,1
"2B2X_HL_A|VH50T,EH64K,QL28S,YL52N,SH35V,GH102S",2.4688888,1.858949,1,1
"2B2X_HL_A|VH50T,EH64K,QL28S,YL52N,SH52M",3.119054,0.8780808,1,1
"2B2X_HL_A|VH50T,EH64K,QL28S,YL52N,SL24R",0.82788163,0.70078444,1,1
"2B2X_HL_A|VH50T,EH64K,QL28S,YL52N,SL91Q",2.8172472,1.8174306,1,1
"2B2X_HL_A|VH50T,EH64K,QL28S,YL52N,SL91R",3.770335,0.90903074,1,1
"2B2X_HL_A|VH50T,EH64K,QL28S,YL52N,SL91R,NL30E",3.770335,1.0131978,1,1
"2B2X_HL_A|VH50T,EH64K,QL28S,YL52N,SL91T",3.3598623,1.4645035,1,1
"2B2X_HL_A|VH50T,EH64K,QL28S,YL52N,TH33E,GH53Q",2.7106705,1.5082657,1,1
"2B2X_HL_A|VH50T,EH64K,QL28S,YL52N,TH33I,SH52T,GH53N,GH54N",2.9507816,1.8119595,1,1
"2B2X_HL_A|VH50T,EH64K,QL28S,YL52N,TH33I,SH52T,GH53Q,GH54F",2.2985272,1.7816585,1,1
"2B2X_HL_A|VH50T,EH64K,QL28S,YL52N,TH33N",3.770335,1.0865915,1,1
"2B2X_HL_A|VH50T,EH64K,QL28S,YL52N,TH33V",1.4775821,0.8282093,1,1
"2B2X_HL_A|VH50T,EH64K,QL28S,YL52N,WL90Q",3.119054,1.6110063,1,1
"2B2X_HL_A|VH50T,EH64K,QL28S,YL52N,WL90Q,FL33Y",1.914233,1.5195599,1,1
"2B2X_HL_A|VH50T,EH64K,QL28S,YL52N,YH58E",3.119054,0.91670793,1,1
"2B2X_HL_A|VH50T,EH64K,QL28S,YL52N,YH58Q",3.119054,1.5163761,1,1
"2B2X_HL_A|VH50T,EH64K,QL28S,YL52N,YH58W",1.8641591,0.9660681,1,1
"2B2X_HL_A|VH50T,EH64K,QL28S,YL52N,YH59E",1.5872209,1.0888497,1,1
"2B2X_HL_A|VH50T,EH64K,QL28S,YL52R",1.8880546,0.83301246,1,1
"2B2X_HL_A|VH50T,EH64K,YL52N",0.28173435,0.7658273,1,1
"2B2X_HL_A|VH50T,EH64N,QL28S,YL52N",1.0069425,0.50903887,1,1
"2B2X_HL_A|VH50T,EH64Q,QL28S,YL52N",0.96559924,0.4739107,1,1
"2B2X_HL_A|VH50T,EH64Q,QL28S,YL52N,LH60D",1.0862032,0.20063347,1,1
"2B2X_HL_A|VH50T,QL28S,YL52N",0.96559924,0.15730752,1,1
"2B2X_HL_A|VH50T,QL28S,YL52N,LH60D",0.90141344,-0.15111646,1,1
"2B2X_HL_A|VH50T,YL52N",0.18636756,0.25951236,1,1
2B2X_HL_A|YL52E,-0.22410508,0.5755526,1,1
2VIR_AB_C|SC115L,3.680209,0.86209375,1,1
2VIR_AB_C|TC89I,4.0,3.246436,1,1
"3G6D_LH_A|EL3V,GL76R,TL77V,QL78E,EL80G",0.13981691,0.13864219,1,1
"3G6D_LH_A|EL3V,GL76R,TL77V,QL78E,EL80G,DH54N",0.111178115,0.9699413,1,1
"3G6D_LH_A|EL3V,GL76R,TL77V,QL78E,EL80G,TL89S,ML92I,VL93D,TL94K",0.27145106,-0.6976847,1,1
3G6D_LH_A|HH104A,-0.9530879,0.7034743,1,1
"3G6D_LH_A|KH210T,KH215T",-0.13294782,-0.32440665,1,1
"3G6D_LH_A|TL89S,ML92I,VL93D,TL94K",0.7979767,-0.8082949,1,1
3G6D_LH_A|WH105A,-1.4965084,0.45489827,1,1
"3IDX_HL_G|CG27I,CG242Q",-2.4650376,0.16061899,1,1
"3IDX_HL_G|CG27I,CG242Q,MG247A",-2.1736174,-0.07135343,1,1
"3IDX_HL_G|KG85C,EG121C,CG27I,CG242Q",-2.3776865,1.2862248,1,1
"3IDX_HL_G|KG85C,EG121C,WG13M,MG247A,CG14W,CG129V,CG27I,CG242Q",-2.1922898,1.1116214,1,1
"3IDX_HL_G|KG85C,EG122C,WG13M,MG247A,CG14W,CG129V,CG27I,CG242Q",-2.2927184,0.95804423,1,1
"3IDX_HL_G|TG41C,GG245C,MG247A",0.40945426,0.80110484,1,1
"3IDX_HL_G|TG41C,GG245C,WG13M,MG247A,CG14W,CG129V,CG27I,CG242Q",-2.3310676,0.82919675,1,1
"3IDX_HL_G|WG13M,MG247A,CG14W,CG129V",-0.6475391,0.23987058,1,1
"3IDX_HL_G|WG13M,MG247A,CG14W,CG129V,CG27I,CG242Q",-2.3479884,0.2428509,1,1
"3IDX_HL_G|WG13M,MG247A,CG14W,CG129V,KG85C,EG121C",-0.36166522,1.154011,1,1
"3IDX_HL_G|WG13M,SG111T,WG200S,MG247A,CG14W,CG129V,CG27I,CG242Q",-1.8639641,-0.4840911,1,1
"3L5X_A_HL|EL93F,YL94G",-0.42800838,0.33738616,1,1
"3L5X_A_HL|EL93H,YL94G",-0.7626503,0.39171252,1,1
"3L5X_A_HL|HL91P,NL92I,EL93D,YL94A",-0.6466697,-0.41988128,1,1
"3L5X_A_HL|HL91P,NL92L,EL93D,YL94S",-0.6327897,-0.24361661,1,1
"3L5X_A_HL|HL91P,NL92L,EL93D,YL94T",-0.81005055,0.08426335,1,1
"3L5X_A_HL|HL91P,NL92L,EL93D,YL94V",-0.85822237,-0.6419241,1,1
"3L5X_A_HL|HL91P,NL92L,YL94A",-0.44441348,-0.66351426,1,1
"3L5X_A_HL|HL91Q,NL92D,EL93I,YL94G",-1.5503801,-0.020247243,1,1
"3L5X_A_HL|HL91Q,NL92D,EL93L,YL94G",-1.785132,-0.021478958,1,1
"3L5X_A_HL|HL91Q,NL92D,EL93Y,YL94G",-1.451453,-0.32533583,1,1
"3L5X_A_HL|NL92D,EL93L,YL94G",-0.42962858,-0.14631778,1,1
"3L5X_A_HL|NL92D,EL93N,YL94S",-0.53403836,0.18131897,1,1
"3L5X_A_HL|NL92D,EL93P,YL94G",-1.4699602,0.11937927,1,1
"3L5X_A_HL|NL92D,EL93R,YL94D",-0.52253926,-0.02756723,1,1
"3L5X_A_HL|NL92D,EL93W,YL94E",-1.1963489,-0.46183926,1,1
"3L5X_A_HL|NL92D,EL93W,YL94G",-1.6825228,-0.37731612,1,1
"3L5X_A_HL|NL92D,EL93W,YL94S",-0.71612674,-0.40601677,1,1
"3L5X_A_HL|NL92D,EL93Y,YL94A",-0.8069743,-0.6968961,1,1
"3L5X_A_HL|NL92E,EL93S,YL94G",-1.2653587,-0.14765733,1,1
"3L5X_A_HL|NL92E,EL93W,YL94G",-1.5503801,-0.19683117,1,1
"3L5X_A_HL|NL92F,EL93W,YL94G",-1.2329907,-0.37870517,1,1
"3L5X_A_HL|NL92L,EL93D,YL94S",-0.6170473,-0.13481092,1,1
"3L5X_A_HL|NL92L,EL93L,YL94G",-0.6259698,-0.12508717,1,1
"3L5X_A_HL|NL92L,EL93M,YL94G",-0.82567644,0.04963407,1,1
"3L5X_A_HL|NL92L,EL93N,YL94G",-0.6954369,0.16515931,1,1
"3L5X_A_HL|NL92S,EL93H,YL94G",-1.2457265,0.1123492,1,1
"3L5X_A_HL|NL92S,EL93I,YL94G",-0.8069743,-0.10136787,1,1
"3L5X_A_HL|NL92S,EL93S,YL94G",-0.24921271,-0.26183793,1,1
"3L5X_A_HL|NL92S,EL93V,YL94G",-0.51687235,-0.31161338,1,1
"3L5X_A_HL|NL92S,EL93W,YL94A",-0.30302802,-0.62872136,1,1
"3L5X_A_HL|NL92S,EL93W,YL94G",-1.2720501,-0.33233184,1,1
"3L5X_A_HL|NL92S,EL93Y,YL94G",-0.9641868,-0.43556887,1,1
"3L5X_A_HL|NL92V,EL93G,YL94G",-0.46300006,-0.3181735,1,1
"3L5X_A_HL|NL92V,EL93W,YL94G",-0.83525383,-0.41224092,1,1
3L5X_A_HL|YL94A,-0.82885176,-0.053536214,1,1
3N85_A_LH|SH32A,-0.13401966,0.27776742,1,1
3N85_A_LH|SH32Y,0.0571225,-0.036864974,1,1
3N85_A_LH|SH50G,0.48767117,-0.26053527,1,1
3N85_A_LH|SH52Y,-0.78460336,-0.79036707,1,1
3N85_A_LH|WH100F,-0.015185109,0.4057625,1,1
3N85_A_LH|WH30K,-0.78460336,0.2554981,1,1
3N85_A_LH|WH30R,-0.5539675,-0.16473287,1,1
3N85_A_LH|WL91F,0.13959166,0.04653958,1,1
3N85_A_LH|WL94Y,-0.03871881,-0.30161333,1,1
3SE8_HL_G|DH110A,-0.38934898,-0.21190801,1,1
3SE8_HL_G|DH114A,-0.2441398,1.876507,1,1
3SE8_HL_G|DL49A,0.8558488,1.4238939,1,1
3SE8_HL_G|EL1A,-0.5565174,-0.22526744,1,1
3SE8_HL_G|EL91A,1.513491,1.8362787,1,1
3SE8_HL_G|FH115A,1.0676043,2.841153,1,1
3SE8_HL_G|FL90A,-0.8640972,1.2232568,1,1
3SE8_HL_G|FL92A,0.8323254,1.7285302,1,1
3SE8_HL_G|GH56A,0.3570972,1.13259,1,1
3SE8_HL_G|KH52A,1.1114144,0.80580544,1,1
3SE8_HL_G|LH54A,0.054776184,0.36580214,1,1
3SE8_HL_G|NL30A,0.19434923,0.6899112,1,1
3SE8_HL_G|PH78A,0.01881787,0.08264861,1,1
3SE8_HL_G|PH81A,-0.07091986,0.11049829,1,1
3SE8_HL_G|QH63A,1.1144251,-0.040272035,1,1
3SE8_HL_G|QH65A,0.54980505,0.3490367,1,1
3SE8_HL_G|QH76A,0.09689985,0.024135493,1,1
3SE8_HL_G|QL27A,-0.21612903,0.15758981,1,1
3SE8_HL_G|RH30A,-0.03949762,0.24465346,1,1
3SE8_HL_G|RH62A,1.2061691,0.05725561,1,1
3SE8_HL_G|RH72A,2.6444623,1.8853935,1,1
3SE8_HL_G|SH59A,1.1508402,0.8970696,1,1
3SE8_HL_G|VH58A,1.2496852,0.6904778,1,1
3SE8_HL_G|WH47A,1.4751467,1.3882079,1,1
3SE8_HL_G|WH50A,1.333526,1.722686,1,1
3SE8_HL_G|WH55A,0.7611056,0.06561676,1,1
3SE8_HL_G|YH111A,0.82992166,0.032202482,1,1
3SE8_HL_G|YH60A,0.8558488,1.1387571,1,1
4KRL_A_B|DB112A,0.6496817,1.8306471,1,1
5C6T_HL_A|EA194A,1.0906719,0.69220245,1,1
5C6T_HL_A|FA192A,1.9972014,0.9800908,1,1
5C6T_HL_A|FA199A,2.7581792,0.28338358,1,1
5C6T_HL_A|FA200A,0.41047263,0.96491426,1,1
5C6T_HL_A|FH99A,1.4600298,-0.10952615,1,1
5C6T_HL_A|IA201A,0.88561165,-0.110850416,1,1
5C6T_HL_A|NA183A,0.28399685,0.8079307,1,1
5C6T_HL_A|NA186A,0.3630724,0.22348312,1,1
5C6T_HL_A|NA188A,-0.36658686,0.9032977,1,1
"5C6T_HL_A|NA195A,DA197A",0.58650106,1.8120981,1,1
5C6T_HL_A|NH97A,1.5258962,0.094889924,1,1
5C6T_HL_A|RH31S,0.3115454,-0.017141491,1,1
5C6T_HL_A|RL48A,0.1229613,1.4738381,1,1
5C6T_HL_A|SH32A,-0.8683455,0.36779281,1,1
5C6T_HL_A|TA185A,0.33786914,2.1913183,1,1
5C6T_HL_A|YA182A,3.2083547,0.83685416,1,1
"5C6T_HL_A|YA182A,NA195A,DA197A",2.942425,2.8855076,1,1
5C6T_HL_A|YH104A,0.3630724,1.5127708,1,1
5C6T_HL_A|YH98A,1.7166799,1.2296679,1,1
5C6T_HL_A|YL47A,0.5516565,1.7780275,1,1
1KIP_AB_C|AB32Y,-0.8005932,-0.8368799,1,2
1XGU_AB_C|FB33A,4.0,4.0178127,1,2
1XGU_AB_C|FB33I,1.8004549,2.0105588,1,2
1XGU_AB_C|FB33L,1.8617703,1.9519758,1,2
1XGU_AB_C|FB33V,2.9080825,3.1164713,1,2
2B2X_HL_A|EH64K,-0.033433665,0.4934138,1,2
"2B2X_HL_A|EH64K,QL28S,YL52N",0.911615,1.2297829,1,2
"2B2X_HL_A|EH64K,QL28S,YL52N,GH102S",2.7106705,1.8497267,1,2
"2B2X_HL_A|EH64K,QL28S,YL52N,SH35A",3.119054,1.7247298,1,2
"2B2X_HL_A|EH64K,QL28S,YL52N,SH35V",3.770335,1.774977,1,2
"2B2X_HL_A|EH64K,YL52N",0.34853002,0.6927414,1,2
"2B2X_HL_A|QL28S,YL52N",0.8626942,0.84998035,1,2
2B2X_HL_A|VH50T,0.024054652,0.0047847256,1,2
"2B2X_HL_A|VH50T,EH64D,QL28S,YL52N",0.87177193,0.5600449,1,2
"2B2X_HL_A|VH50T,EH64K,QL28S",0.991589,1.0674957,1,2
"2B2X_HL_A|VH50T,EH64K,QL28S,YL52D",1.5439764,0.85525686,1,2
"2B2X_HL_A|VH50T,EH64K,QL28S,YL52E",0.95452905,1.2253863,1,2
"2B2X_HL_A|VH50T,EH64K,QL28S,YL52K",1.7007239,1.9900155,1,2
"2B2X_HL_A|VH50T,EH64K,QL28S,YL52N",1.043214,1.3337133,1,2
"2B2X_HL_A|VH50T,EH64K,QL28S,YL52N,FH99W",1.043214,1.2202495,1,2
"2B2X_HL_A|VH50T,EH64K,QL28S,YL52N,FH99Y",1.7978828,1.1489798,1,2
"2B2X_HL_A|VH50T,EH64K,QL28S,YL52N,GH100F",1.4322319,1.1523279,1,2
"2B2X_HL_A|VH50T,EH64K,QL28S,YL52N,GH100L",3.770335,1.8058381,1,2
"2B2X_HL_A|VH50T,EH64K,QL28S,YL52N,GH100M",1.145348,1.4974539,1,2
"2B2X_HL_A|VH50T,EH64K,QL28S,YL52N,GH100S",1.6009614,1.8701226,1,2
"2B2X_HL_A|VH50T,EH64K,QL28S,YL52N,GH53A",1.5558206,1.6810642,1,2
"2B2X_HL_A|VH50T,EH64K,QL28S,YL52N,GH53N",2.2985272,1.784472,1,2
"2B2X_HL_A|VH50T,EH64K,QL28S,YL52N,GH53S",1.7188073,1.6846246,1,2
"2B2X_HL_A|VH50T,EH64K,QL28S,YL52N,GH54I",2.4067745,1.4260747,1,2
"2B2X_HL_A|VH50T,EH64K,QL28S,YL52N,GH54T",2.2073808,1.593073,1,2
"2B2X_HL_A|VH50T,EH64K,QL28S,YL52N,GH54Y",1.043214,1.0147886,1,2
"2B2X_HL_A|VH50T,EH64K,QL28S,YL52N,GL92Q",2.6158988,1.708755,1,2
"2B2X_HL_A|VH50T,EH64K,QL28S,YL52N,GL92S",1.5558206,1.6072127,1,2
"2B2X_HL_A|VH50T,EH64K,QL28S,YL52N,HL31K",2.2073808,2.191873,1,2
"2B2X_HL_A|VH50T,EH64K,QL28S,YL52N,HL31R",2.1670115,1.2994032,1,2
"2B2X_HL_A|VH50T,EH64K,QL28S,YL52N,HL31W",2.2985272,1.2498804,1,2
"2B2X_HL_A|VH50T,EH64K,QL28S,YL52N,LH60D",0.981894,0.9112651,1,2
"2B2X_HL_A|VH50T,EH64K,QL28S,YL52N,LL49F",1.7554936,1.2151766,1,2
"2B2X_HL_A|VH50T,EH64K,QL28S,YL52N,LL49K",1.9044149,1.6562097,1,2
"2B2X_HL_A|VH50T,EH64K,QL28S,YL52N,LL49W",2.9507816,1.1313999,1,2
"2B2X_HL_A|VH50T,EH64K,QL28S,YL52N,NL30V",2.0925434,1.6788299,1,2
"2B2X_HL_A|VH50T,EH64K,QL28S,YL52N,NL30W",2.6158988,1.7187016,1,2
"2B2X_HL_A|VH50T,EH64K,QL28S,YL52N,NL30Y",2.9507816,1.7105771,1,2
"2B2X_HL_A|VH50T,EH64K,QL28S,YL52N,NL30Y,SL91I",1.4775821,1.725628,1,2
"2B2X_HL_A|VH50T,EH64K,QL28S,YL52N,RH31Q",2.350542,1.5647788,1,2
"2B2X_HL_A|VH50T,EH64K,QL28S,YL52N,SH35A",2.6158988,1.7668017,1,2
"2B2X_HL_A|VH50T,EH64K,QL28S,YL52N,SH35A,GH102S",2.6158988,2.2361908,1,2
"2B2X_HL_A|VH50T,EH64K,QL28S,YL52N,SH35Q",3.770335,1.9998751,1,2
"2B2X_HL_A|VH50T,EH64K,QL28S,YL52N,SH35V,GH102S",2.4688888,2.347904,1,2
"2B2X_HL_A|VH50T,EH64K,QL28S,YL52N,SH52M",3.119054,1.0832399,1,2
"2B2X_HL_A|VH50T,EH64K,QL28S,YL52N,SL24R",0.82788163,1.0336102,1,2
"2B2X_HL_A|VH50T,EH64K,QL28S,YL52N,SL91Q",2.8172472,1.5254914,1,2
"2B2X_HL_A|VH50T,EH64K,QL28S,YL52N,SL91R",3.770335,1.1878927,1,2
"2B2X_HL_A|VH50T,EH64K,QL28S,YL52N,SL91R,NL30E",3.770335,1.7269529,1,2
"2B2X_HL_A|VH50T,EH64K,QL28S,YL52N,SL91T",3.3598623,1.4692546,1,2
"2B2X_HL_A|VH50T,EH64K,QL28S,YL52N,TH33E,GH53Q",2.7106705,2.1170104,1,2
"2B2X_HL_A|VH50T,EH64K,QL28S,YL52N,TH33I,SH52T,GH53N,GH54N",2.9507816,1.982135,1,2
"2B2X_HL_A|VH50T,EH64K,QL28S,YL52N,TH33I,SH52T,GH53Q,GH54F",2.2985272,1.8425468,1,2
"2B2X_HL_A|VH50T,EH64K,QL28S,YL52N,TH33N",3.770335,1.8784667,1,2
"2B2X_HL_A|VH50T,EH64K,QL28S,YL52N,TH33V",1.4775821,1.5551392,1,2
"2B2X_HL_A|VH50T,EH64K,QL28S,YL52N,WL90Q",3.119054,2.3303561,1,2
"2B2X_HL_A|VH50T,EH64K,QL28S,YL52N,WL90Q,FL33Y",1.914233,2.1481528,1,2
"2B2X_HL_A|VH50T,EH64K,QL28S,YL52N,YH58E",3.119054,1.7445767,1,2
"2B2X_HL_A|VH50T,EH64K,QL28S,YL52N,YH58Q",3.119054,2.1313963,1,2
"2B2X_HL_A|VH50T,EH64K,QL28S,YL52N,YH58W",1.8641591,1.2861154,1,2
"2B2X_HL_A|VH50T,EH64K,QL28S,YL52N,YH59E",1.5872209,2.0256548,1,2
"2B2X_HL_A|VH50T,EH64K,QL28S,YL52R",1.8880546,1.0581551,1,2
"2B2X_HL_A|VH50T,EH64K,YL52N",0.28173435,0.8275525,1,2
"2B2X_HL_A|VH50T,EH64N,QL28S,YL52N",1.0069425,0.9369918,1,2
"2B2X_HL_A|VH50T,EH64Q,QL28S,YL52N",0.96559924,0.83772445,1,2
"2B2X_HL_A|VH50T,EH64Q,QL28S,YL52N,LH60D",1.0862032,0.46735692,1,2
"2B2X_HL_A|VH50T,QL28S,YL52N",0.96559924,0.8452407,1,2
"2B2X_HL_A|VH50T,QL28S,YL52N,LH60D",0.90141344,0.2533194,1,2
"2B2X_HL_A|VH50T,YL52N",0.18636756,0.41091442,1,2
2B2X_HL_A|YL52E,-0.22410508,0.48277718,1,2
2VIR_AB_C|SC115L,3.680209,0.33265316,1,2
2VIR_AB_C|TC89I,4.0,3.2771626,1,2
"3G6D_LH_A|EL3V,GL76R,TL77V,QL78E,EL80G",0.13981691,0.20231426,1,2
"3G6D_LH_A|EL3V,GL76R,TL77V,QL78E,EL80G,DH54N",0.111178115,0.77050334,1,2
"3G6D_LH_A|EL3V,GL76R,TL77V,QL78E,EL80G,TL89S,ML92I,VL93D,TL94K",0.27145106,0.09735811,1,2
3G6D_LH_A|HH104A,-0.9530879,0.07665213,1,2
"3G6D_LH_A|KH210T,KH215T",-0.13294782,-0.48434693,1,2
"3G6D_LH_A|TL89S,ML92I,VL93D,TL94K",0.7979767,-0.34023803,1,2
3G6D_LH_A|WH105A,-1.4965084,0.71452916,1,2
"3IDX_HL_G|CG27I,CG242Q",-2.4650376,-0.033758007,1,2
"3IDX_HL_G|CG27I,CG242Q,MG247A",-2.1736174,0.2532686,1,2
"3IDX_HL_G|KG85C,EG121C,CG27I,CG242Q",-2.3776865,0.17469707,1,2
"3IDX_HL_G|KG85C,EG121C,WG13M,MG247A,CG14W,CG129V,CG27I,CG242Q",-2.1922898,-0.043467417,1,2
"3IDX_HL_G|KG85C,EG122C,WG13M,MG247A,CG14W,CG129V,CG27I,CG242Q",-2.2927184,-0.081796795,1,2
"3IDX_HL_G|TG41C,GG245C,MG247A",0.40945426,0.29062673,1,2
"3IDX_HL_G|TG41C,GG245C,WG13M,MG247A,CG14W,CG129V,CG27I,CG242Q",-2.3310676,0.15921454,1,2
"3IDX_HL_G|WG13M,MG247A,CG14W,CG129V",-0.6475391,0.040815327,1,2
"3IDX_HL_G|WG13M,MG247A,CG14W,CG129V,CG27I,CG242Q",-2.3479884,-0.036962204,1,2
"3IDX_HL_G|WG13M,MG247A,CG14W,CG129V,KG85C,EG121C",-0.36166522,-0.019105554,1,2
"3IDX_HL_G|WG13M,SG111T,WG200S,MG247A,CG14W,CG129V,CG27I,CG242Q",-1.8639641,0.032988615,1,2
"3L5X_A_HL|EL93F,YL94G",-0.42800838,0.5511826,1,2
"3L5X_A_HL|EL93H,YL94G",-0.7626503,0.78459424,1,2
"3L5X_A_HL|HL91P,NL92I,EL93D,YL94A",-0.6466697,0.30133846,1,2
"3L5X_A_HL|HL91P,NL92L,EL93D,YL94S",-0.6327897,0.30742133,1,2
"3L5X_A_HL|HL91P,NL92L,EL93D,YL94T",-0.81005055,0.305058,1,2
"3L5X_A_HL|HL91P,NL92L,EL93D,YL94V",-0.85822237,0.2738524,1,2
"3L5X_A_HL|HL91P,NL92L,YL94A",-0.44441348,0.4832008,1,2
"3L5X_A_HL|HL91Q,NL92D,EL93I,YL94G",-1.5503801,0.44683492,1,2
"3L5X_A_HL|HL91Q,NL92D,EL93L,YL94G",-1.785132,0.47480345,1,2
"3L5X_A_HL|HL91Q,NL92D,EL93Y,YL94G",-1.451453,0.004588343,1,2
"3L5X_A_HL|NL92D,EL93L,YL94G",-0.42962858,0.3140803,1,2
"3L5X_A_HL|NL92D,EL93N,YL94S",-0.53403836,0.55719656,1,2
"3L5X_A_HL|NL92D,EL93P,YL94G",-1.4699602,0.42986757,1,2
"3L5X_A_HL|NL92D,EL93R,YL94D",-0.52253926,-0.39219058,1,2
"3L5X_A_HL|NL92D,EL93W,YL94E",-1.1963489,-0.40865552,1,2
"3L5X_A_HL|NL92D,EL93W,YL94G",-1.6825228,-0.20427008,1,2
"3L5X_A_HL|NL92D,EL93W,YL94S",-0.71612674,-0.22551854,1,2
"3L5X_A_HL|NL92D,EL93Y,YL94A",-0.8069743,-0.20131852,1,2
"3L5X_A_HL|NL92E,EL93S,YL94G",-1.2653587,0.39890146,1,2
"3L5X_A_HL|NL92E,EL93W,YL94G",-1.5503801,0.020468935,1,2
"3L5X_A_HL|NL92F,EL93W,YL94G",-1.2329907,-0.31876618,1,2
"3L5X_A_HL|NL92L,EL93D,YL94S",-0.6170473,0.37416816,1,2
"3L5X_A_HL|NL92L,EL93L,YL94G",-0.6259698,0.4750902,1,2
"3L5X_A_HL|NL92L,EL93M,YL94G",-0.82567644,0.41390145,1,2
"3L5X_A_HL|NL92L,EL93N,YL94G",-0.6954369,0.7186984,1,2
"3L5X_A_HL|NL92S,EL93H,YL94G",-1.2457265,0.68671757,1,2
"3L5X_A_HL|NL92S,EL93I,YL94G",-0.8069743,0.44373012,1,2
"3L5X_A_HL|NL92S,EL93S,YL94G",-0.24921271,0.29311264,1,2
"3L5X_A_HL|NL92S,EL93V,YL94G",-0.51687235,0.42641246,1,2
"3L5X_A_HL|NL92S,EL93W,YL94A",-0.30302802,-0.0015882775,1,2
"3L5X_A_HL|NL92S,EL93W,YL94G",-1.2720501,0.03923264,1,2
"3L5X_A_HL|NL92S,EL93Y,YL94G",-0.9641868,0.05234006,1,2
"3L5X_A_HL|NL92V,EL93G,YL94G",-0.46300006,0.34361517,1,2
"3L5X_A_HL|NL92V,EL93W,YL94G",-0.83525383,-0.012306735,1,2
3L5X_A_HL|YL94A,-0.82885176,0.75412905,1,2
3N85_A_LH|SH32A,-0.13401966,0.33042067,1,2
3N85_A_LH|SH32Y,0.0571225,-0.6175817,1,2
3N85_A_LH|SH50G,0.48767117,-0.08004497,1,2
3N85_A_LH|SH52Y,-0.78460336,-0.8356215,1,2
3N85_A_LH|WH100F,-0.015185109,0.388152,1,2
3N85_A_LH|WH30K,-0.78460336,0.33475995,1,2
3N85_A_LH|WH30R,-0.5539675,-0.15955976,1,2
3N85_A_LH|WL91F,0.13959166,0.72342366,1,2
3N85_A_LH|WL94Y,-0.03871881,-0.43071193,1,2
3SE8_HL_G|DH110A,-0.38934898,0.3643437,1,2
3SE8_HL_G|DH114A,-0.2441398,1.5569594,1,2
3SE8_HL_G|DL49A,0.8558488,1.5207999,1,2
3SE8_HL_G|EL1A,-0.5565174,-0.26331097,1,2
3SE8_HL_G|EL91A,1.513491,1.0833648,1,2
3SE8_HL_G|FH115A,1.0676043,2.5840685,1,2
3SE8_HL_G|FL90A,-0.8640972,0.8847655,1,2
3SE8_HL_G|FL92A,0.8323254,0.6001037,1,2
3SE8_HL_G|GH56A,0.3570972,0.910972,1,2
3SE8_HL_G|KH52A,1.1114144,0.2014643,1,2
3SE8_HL_G|LH54A,0.054776184,0.076623075,1,2
3SE8_HL_G|NL30A,0.19434923,2.038842,1,2
3SE8_HL_G|PH78A,0.01881787,0.049190424,1,2
3SE8_HL_G|PH81A,-0.07091986,0.48142862,1,2
3SE8_HL_G|QH63A,1.1144251,-0.044922337,1,2
3SE8_HL_G|QH65A,0.54980505,0.19896004,1,2
3SE8_HL_G|QH76A,0.09689985,0.062676296,1,2
3SE8_HL_G|QL27A,-0.21612903,0.27082568,1,2
3SE8_HL_G|RH30A,-0.03949762,0.20730892,1,2
3SE8_HL_G|RH62A,1.2061691,0.09936685,1,2
3SE8_HL_G|RH72A,2.6444623,2.1332195,1,2
3SE8_HL_G|SH59A,1.1508402,0.74313253,1,2
3SE8_HL_G|VH58A,1.2496852,0.74405676,1,2
3SE8_HL_G|WH47A,1.4751467,1.4961991,1,2
3SE8_HL_G|WH50A,1.333526,1.9245753,1,2
3SE8_HL_G|WH55A,0.7611056,0.15017173,1,2
3SE8_HL_G|YH111A,0.82992166,0.7599571,1,2
3SE8_HL_G|YH60A,0.8558488,0.4018991,1,2
4KRL_A_B|DB112A,0.6496817,1.8517221,1,2
5C6T_HL_A|EA194A,1.0906719,0.66078216,1,2
5C6T_HL_A|FA192A,1.9972014,0.30607668,1,2
5C6T_HL_A|FA199A,2.7581792,0.15567984,1,2
5C6T_HL_A|FA200A,0.41047263,0.35886592,1,2
5C6T_HL_A|FH99A,1.4600298,0.3634858,1,2
5C6T_HL_A|IA201A,0.88561165,-0.34377873,1,2
5C6T_HL_A|NA183A,0.28399685,1.4248799,1,2
5C6T_HL_A|NA186A,0.3630724,-0.27443695,1,2
5C6T_HL_A|NA188A,-0.36658686,0.9955161,1,2
"5C6T_HL_A|NA195A,DA197A",0.58650106,1.3017226,1,2
5C6T_HL_A|NH97A,1.5258962,0.16024098,1,2
5C6T_HL_A|RH31S,0.3115454,0.5009056,1,2
5C6T_HL_A|RL48A,0.1229613,1.3626359,1,2
5C6T_HL_A|SH32A,-0.8683455,0.46594048,1,2
5C6T_HL_A|TA185A,0.33786914,1.3930397,1,2
5C6T_HL_A|YA182A,3.2083547,1.642665,1,2
"5C6T_HL_A|YA182A,NA195A,DA197A",2.942425,2.3343804,1,2
5C6T_HL_A|YH104A,0.3630724,1.263509,1,2
5C6T_HL_A|YH98A,1.7166799,1.127901,1,2
5C6T_HL_A|YL47A,0.5516565,0.7833525,1,2
1DVF_AB_CD|DB100A,2.7895143,0.4942242,2,0
"1DVF_AB_CD|DB100A,DD52A",4.0,0.93010414,2,0
"1DVF_AB_CD|DB100A,HD33A",4.0,0.4354276,2,0
"1DVF_AB_CD|DB100A,ND55A",4.0,0.6235415,2,0
1DVF_AB_CD|DB54A,4.0,0.37774685,2,0
"1DVF_AB_CD|DB54A,YC49A",4.0,1.0930558,2,0
1DVF_AB_CD|DB58A,1.6000048,1.1192049,2,0
"1DVF_AB_CD|DB58A,QD104A",1.4641725,1.9172146,2,0
1DVF_AB_CD|DD52A,1.6822901,0.5701508,2,0
1DVF_AB_CD|EB98A,4.0,0.7780172,2,0
"1DVF_AB_CD|EB98A,YD102A",4.0,1.761744,2,0
1DVF_AB_CD|HA30A,1.6493824,0.48966607,2,0
1DVF_AB_CD|HD33A,1.8606005,0.27599123,2,0
1DVF_AB_CD|ID101A,2.6815457,0.9547428,2,0
1DVF_AB_CD|KD30A,1.0035173,0.7915274,2,0
1DVF_AB_CD|NB56A,1.1624389,0.21462442,2,0
"1DVF_AB_CD|NB56A,HD33A",2.5259995,0.15114139,2,0
"1DVF_AB_CD|NB56A,ND55A",2.3010929,0.28500253,2,0
"1DVF_AB_CD|NB56A,QD104A",1.4868644,0.7784396,2,0
1DVF_AB_CD|ND55A,1.8606005,0.39041933,2,0
1DVF_AB_CD|QD104A,1.6287225,0.9396153,2,0
1DVF_AB_CD|RB99A,1.8746451,0.36400625,2,0
1DVF_AB_CD|RD106A,4.0,0.35091892,2,0
1DVF_AB_CD|SA93A,1.1624389,1.1172869,2,0
1DVF_AB_CD|TB30A,0.9075126,-0.07574203,2,0
1DVF_AB_CD|WA92A,0.34072307,1.0343767,2,0
1DVF_AB_CD|WB52A,4.0,1.0711962,2,0
"1DVF_AB_CD|WB52A,QD104A",4.0,1.7177861,2,0
1DVF_AB_CD|YA32A,2.0303695,2.09193,2,0
"1DVF_AB_CD|YA32A,RD106A",4.0,1.7894821,2,0
1DVF_AB_CD|YA49A,1.6785902,1.9060831,2,0
"1DVF_AB_CD|YA49A,HD33A",2.625045,1.6121398,2,0
"1DVF_AB_CD|YA49A,ND55A",2.0303695,2.2459295,2,0
1DVF_AB_CD|YA50A,0.6877736,1.9962783,2,0
1DVF_AB_CD|YB101F,2.0123136,1.9556551,2,0
1DVF_AB_CD|YB32A,1.8314707,1.0950407,2,0
1DVF_AB_CD|YC49A,1.8606005,0.9719113,2,0
1DVF_AB_CD|YD102A,4.0,1.1740497,2,0
1MHP_HL_A|FH99W,0.0,-0.36314985,2,0
1MHP_HL_A|FH99Y,0.75466895,-0.64653397,2,0
1MHP_HL_A|GH100F,0.38901797,-0.005165021,2,0
1MHP_HL_A|GH100L,2.727121,0.14559184,2,0
1MHP_HL_A|GH100M,0.10213403,0.1024315,2,0
1MHP_HL_A|GH100S,0.5577475,0.13237137,2,0
1MHP_HL_A|GH53A,0.5126066,0.551263,2,0
1MHP_HL_A|GH53N,1.2553134,0.09252078,2,0
1MHP_HL_A|GH53S,0.6755934,0.030292189,2,0
1MHP_HL_A|GH54I,1.3635606,0.2918516,2,0
1MHP_HL_A|GH54T,1.1641668,0.39393395,2,0
1MHP_HL_A|GH54Y,0.0,-0.22542726,2,0
1MHP_HL_A|GL91Q,1.572685,0.28148192,2,0
1MHP_HL_A|GL91S,0.5126066,0.36548972,2,0
1MHP_HL_A|HL30K,1.1641668,0.46245286,2,0
1MHP_HL_A|HL30R,1.1237977,-0.2448066,2,0
1MHP_HL_A|HL30W,1.2553134,-0.5436751,2,0
1MHP_HL_A|KH64D,-0.17144196,-0.27876878,2,0
1MHP_HL_A|KH64E,-0.07761467,-0.31001285,2,0
"1MHP_HL_A|KH64E,SL27Q",-0.85684633,-0.7890609,2,0
"1MHP_HL_A|KH64E,SL27Q,NL51Y",-1.0191593,-1.43725,2,0
1MHP_HL_A|KH64N,-0.03627145,-0.311378,2,0
1MHP_HL_A|KH64Q,-0.07761467,-0.36584643,2,0
1MHP_HL_A|LH60D,-0.061319917,-0.17208193,2,0
"1MHP_HL_A|LH60D,KH64E",-0.1418005,-0.51794374,2,0
"1MHP_HL_A|LH60D,KH64Q",0.042989343,-0.5016581,2,0
1MHP_HL_A|LL48F,0.71227974,-0.114828706,2,0
1MHP_HL_A|LL48K,0.8612009,0.1873857,2,0
1MHP_HL_A|LL48W,1.9075676,-0.23963118,2,0
1MHP_HL_A|NL29V,1.0493295,0.12561949,2,0
1MHP_HL_A|NL29W,1.572685,-0.29637527,2,0
1MHP_HL_A|NL29Y,1.9075676,-0.5715861,2,0
"1MHP_HL_A|NL29Y,SL90I",0.43436813,-0.2912988,2,0
1MHP_HL_A|NL51D,0.5007625,-0.14405057,2,0
1MHP_HL_A|NL51E,-0.08868487,-0.099978775,2,0
1MHP_HL_A|NL51K,0.65751,0.11216341,2,0
1MHP_HL_A|NL51R,0.84484076,-0.13920105,2,0
1MHP_HL_A|NL51Y,-0.05162489,-0.6409553,2,0
1MHP_HL_A|RH31Q,1.3073281,0.29597986,2,0
1MHP_HL_A|SH35A,1.572685,0.4224363,2,0
"1MHP_HL_A|SH35A,GH102S",1.572685,0.6900306,2,0
1MHP_HL_A|SH35Q,2.727121,-0.16963021,2,0
"1MHP_HL_A|SH35V,GH102S",1.4256749,0.53559935,2,0
1MHP_HL_A|SH52M,2.0758402,-0.3945838,2,0
1MHP_HL_A|SL23R,-0.21533228,-0.32050604,2,0
1MHP_HL_A|SL27Q,-0.6661127,-0.19184439,2,0
1MHP_HL_A|SL90Q,1.7740332,0.049479526,2,0
1MHP_HL_A|SL90T,2.3166485,0.7086305,2,0
"1MHP_HL_A|TH33E,GH53Q",1.6674565,-0.1432159,2,0
"1MHP_HL_A|TH33I,SH52T,GH53N,GH54N",1.9075676,1.2385352,2,0
"1MHP_HL_A|TH33I,SH52T,GH53Q,GH54F",1.2553134,0.7532656,2,0
1MHP_HL_A|TH33N,2.727121,-0.63583124,2,0
1MHP_HL_A|TH33V,0.43436813,-0.40390876,2,0
1MHP_HL_A|TH50V,-0.13159887,-0.5774157,2,0
"1MHP_HL_A|TH50V,GH102S",1.6674565,0.016687961,2,0
"1MHP_HL_A|TH50V,KH64E",-0.1805197,-0.67704,2,0
"1MHP_HL_A|TH50V,KH64E,SL27Q,NL51E",-1.267319,-1.4403718,2,0
"1MHP_HL_A|TH50V,KH64E,SL27Q,NL51Y",-1.0844951,-1.8009537,2,0
"1MHP_HL_A|TH50V,SH35A",2.0758402,0.058050793,2,0
"1MHP_HL_A|TH50V,SH35V",2.727121,-0.06695464,2,0
"1MHP_HL_A|TH50V,SL27Q",-0.6946839,-0.6236411,2,0
"1MHP_HL_A|TH50V,SL27Q,NL51Y",-1.0235296,-1.2253698,2,0
1MHP_HL_A|WL89Q,2.0758402,0.5111389,2,0
"1MHP_HL_A|WL89Q,FL32Y",0.871019,-0.011500026,2,0
1MHP_HL_A|YH58E,2.0758402,0.967612,2,0
1MHP_HL_A|YH58Q,2.0758402,0.8461517,2,0
1MHP_HL_A|YH58W,0.82094526,0.42543274,2,0
1MHP_HL_A|YH59E,0.54400706,0.5074857,2,0
1N8Z_AB_C|DB102W,-0.71302944,0.017579233,2,0
1N8Z_AB_C|FC539A,0.035102826,1.1812859,2,0
1N8Z_AB_C|HA91F,0.034232877,-0.28783107,2,0
1N8Z_AB_C|LC509A,-0.023045197,0.66626465,2,0
1N8Z_AB_C|NA30S,0.06666317,-0.069642425,2,0
"1N8Z_AB_C|NA30S,HA91F,YA92W",-0.07476232,0.44443184,2,0
"1N8Z_AB_C|NA30S,HA91F,YA92W,TA94S,DB102W,YB105F,YB109V",0.050661404,0.9122554,2,0
1N8Z_AB_C|RB50A,2.9754758,1.2203245,2,0
1N8Z_AB_C|RB59A,1.8037988,0.89164567,2,0
1N8Z_AB_C|SC535A,0.030827092,0.24555002,2,0
1N8Z_AB_C|TA94S,0.32168603,0.06609194,2,0
1N8Z_AB_C|VC536A,0.008972699,0.19950597,2,0
1N8Z_AB_C|YB105F,0.8540034,0.8306513,2,0
1N8Z_AB_C|YB109V,0.23192272,0.85263455,2,0
1XGQ_AB_C|VB33A,1.1525793,0.5454937,2,0
1XGQ_AB_C|VB33F,-2.9080825,-2.2132719,2,0
1XGQ_AB_C|VB33I,-1.1076277,-0.6530921,2,0
1XGQ_AB_C|VB33L,-1.0463123,-0.9897462,2,0
1YQV_HL_Y|RY45K,1.8995041,0.33844274,2,0
"1YQV_HL_Y|RY68K,TY40S,IY55V,SY91T",4.0,0.7492646,2,0
"1YQV_HL_Y|RY68K,TY40S,IY55V,SY91T,QY121H",0.0,0.8395108,2,0
1YY9_CD_A|AC25P,0.07225565,-0.48642245,2,0
1YY9_CD_A|AD98P,1.0372273,-0.46892875,2,0
1YY9_CD_A|GD54P,0.26807046,0.4000268,2,0
1YY9_CD_A|LD29P,0.030827092,-0.02828866,2,0
1YY9_CD_A|NC93A,-0.74186975,0.38590533,2,0
1YY9_CD_A|ND56A,-0.057046015,0.31428516,2,0
1YY9_CD_A|SC26D,-0.19925442,-0.014722913,2,0
"1YY9_CD_A|SC26D,TC31E,NC93A",-1.3329437,-0.19782163,2,0
"1YY9_CD_A|SC26D,TC31E,NC93A,ND56A,TD61E",-0.6517935,-0.96823466,2,0
1YY9_CD_A|SC26P,-0.009110746,0.10183032,2,0
1YY9_CD_A|SC28P,-0.22229962,0.16491048,2,0
1YY9_CD_A|SC54P,-0.018363854,0.08746968,2,0
1YY9_CD_A|SD53P,0.8175451,0.50503576,2,0
1YY9_CD_A|TC31E,-0.51892465,-0.47034043,2,0
"1YY9_CD_A|TC31E,NC93A",-0.81853306,0.031268924,2,0
1YY9_CD_A|TC96P,4.0,-0.18562934,2,0
1YY9_CD_A|TD61E,-0.057046015,-0.1847095,2,0
1YY9_CD_A|WD52P,1.4782712,0.46527335,2,0
1YY9_CD_A|YD101P,1.6514195,0.7137095,2,0
3NPS_A_BC|DA214A,1.466743,0.57342994,2,0
3NPS_A_BC|DA46A,0.3399866,0.6812219,2,0
3NPS_A_BC|DA47A,1.0674704,0.8352979,2,0
3NPS_A_BC|DA91A,1.5070341,0.55242115,2,0
3NPS_A_BC|EA163A,0.61534816,0.013520771,2,0
3NPS_A_BC|FA50A,0.21957076,0.9120187,2,0
3NPS_A_BC|FA89A,1.5714045,0.77746856,2,0
3NPS_A_BC|FA92A,0.46353978,0.7989835,2,0
3NPS_A_BC|HA138A,1.8750918,0.1255264,2,0
3NPS_A_BC|IA26A,0.6415425,0.37315065,2,0
3NPS_A_BC|IA45A,-0.33181784,0.34767517,2,0
3NPS_A_BC|KA221A,-0.10361039,0.7352744,2,0
3NPS_A_BC|LA147A,0.29573628,0.47616568,2,0
3NPS_A_BC|NA90A,0.25341922,0.92113143,2,0
3NPS_A_BC|QA140A,0.29573628,1.1109002,2,0
3NPS_A_BC|QA168A,-0.059223834,0.3466215,2,0
3NPS_A_BC|QA169A,0.7409076,1.2443614,2,0
3NPS_A_BC|QA218A,-0.040916756,0.33484545,2,0
3NPS_A_BC|QA23A,0.026323749,0.4284679,2,0
3NPS_A_BC|RA219A,-0.08390186,-0.031740345,2,0
3NPS_A_BC|RA48A,-1.062741,-0.087908365,2,0
3NPS_A_BC|RA51A,0.13816836,0.44671434,2,0
3NPS_A_BC|RA82A,-0.15159543,0.54798704,2,0
3NPS_A_BC|TA144A,0.17497002,0.670455,2,0
3NPS_A_BC|TA93A,0.72381234,0.6376909,2,0
3NPS_A_BC|YA141A,1.7748737,0.8085716,2,0
3NPS_A_BC|YA52A,0.4518898,0.47174373,2,0
3W2D_A_HL|KA67N,4.0,0.98466414,2,0
3W2D_A_HL|KA67R,-0.42812017,0.5621893,2,0
3W2D_A_HL|YA45F,0.8779443,-1.1897618,2,0
3W2D_A_HL|YA45L,2.3647563,-0.25030753,2,0
"4KRO_A_B|DA321T,FA323A",0.1269707,1.0603535,2,0
"4KRP_A_B|DA277T,FA279A",0.35829666,0.93122554,2,0
4NM8_ABCDEF_HL|DB19N,0.66149956,0.31793654,2,0
4NM8_ABCDEF_HL|IB18M,0.10977998,0.20372207,2,0
4NM8_ABCDEF_HL|LB38Y,-0.6151596,-0.17076302,2,0
4NM8_ABCDEF_HL|QB34R,2.9754758,0.2286354,2,0
4NM8_ABCDEF_HL|QB34T,2.3309386,0.14806013,2,0
4NM8_ABCDEF_HL|RB25M,3.442353,0.2033519,2,0
4NM8_ABCDEF_HL|TB32E,-0.5517196,-0.08536922,2,0
4NM8_ABCDEF_HL|TB32I,-0.050205972,0.6350616,2,0
4NM8_ABCDEF_HL|TB32R,1.2211944,0.24945016,2,0
1DVF_AB_CD|DB100A,2.7895143,2.2675257,2,1
"1DVF_AB_CD|DB100A,DD52A",4.0,1.707187,2,1
"1DVF_AB_CD|DB100A,HD33A",4.0,3.7949746,2,1
"1DVF_AB_CD|DB100A,ND55A",4.0,3.231367,2,1
1DVF_AB_CD|DB54A,4.0,0.75210434,2,1
"1DVF_AB_CD|DB54A,YC49A",4.0,0.4717863,2,1
1DVF_AB_CD|DB58A,1.6000048,0.2405391,2,1
"1DVF_AB_CD|DB58A,QD104A",1.4641725,1.5027815,2,1
1DVF_AB_CD|DD52A,1.6822901,0.07935427,2,1
1DVF_AB_CD|EB98A,4.0,1.3422114,2,1
"1DVF_AB_CD|EB98A,YD102A",4.0,2.7028403,2,1
1DVF_AB_CD|HA30A,1.6493824,1.0151948,2,1
1DVF_AB_CD|HD33A,1.8606005,0.8660678,2,1
1DVF_AB_CD|ID101A,2.6815457,1.0826749,2,1
1DVF_AB_CD|KD30A,1.0035173,0.09529626,2,1
1DVF_AB_CD|NB56A,1.1624389,-0.09406143,2,1
"1DVF_AB_CD|NB56A,HD33A",2.5259995,0.2741905,2,1
"1DVF_AB_CD|NB56A,ND55A",2.3010929,0.046938036,2,1
"1DVF_AB_CD|NB56A,QD104A",1.4868644,0.618801,2,1
1DVF_AB_CD|ND55A,1.8606005,0.19109088,2,1
1DVF_AB_CD|QD104A,1.6287225,1.2600485,2,1
1DVF_AB_CD|RB99A,1.8746451,0.28171727,2,1
1DVF_AB_CD|RD106A,4.0,0.082714364,2,1
1DVF_AB_CD|SA93A,1.1624389,0.9116612,2,1
1DVF_AB_CD|TB30A,0.9075126,0.061446562,2,1
1DVF_AB_CD|WA92A,0.34072307,1.5645094,2,1
1DVF_AB_CD|WB52A,4.0,1.2439759,2,1
"1DVF_AB_CD|WB52A,QD104A",4.0,2.3110487,2,1
1DVF_AB_CD|YA32A,2.0303695,0.95569015,2,1
"1DVF_AB_CD|YA32A,RD106A",4.0,0.8423894,2,1
1DVF_AB_CD|YA49A,1.6785902,1.055404,2,1
"1DVF_AB_CD|YA49A,HD33A",2.625045,1.6524314,2,1
"1DVF_AB_CD|YA49A,ND55A",2.0303695,1.107885,2,1
1DVF_AB_CD|YA50A,0.6877736,1.2278937,2,1
1DVF_AB_CD|YB101F,2.0123136,1.7730148,2,1
1DVF_AB_CD|YB32A,1.8314707,0.9461381,2,1
1DVF_AB_CD|YC49A,1.8606005,0.1447251,2,1
1DVF_AB_CD|YD102A,4.0,1.3386872,2,1
1MHP_HL_A|FH99W,0.0,-0.2786882,2,1
1MHP_HL_A|FH99Y,0.75466895,-0.6436785,2,1
1MHP_HL_A|GH100F,0.38901797,-0.21329701,2,1
1MHP_HL_A|GH100L,2.727121,0.25305292,2,1
1MHP_HL_A|GH100M,0.10213403,-0.17875734,2,1
1MHP_HL_A|GH100S,0.5577475,0.04028969,2,1
1MHP_HL_A|GH53A,0.5126066,-0.005671881,2,1
1MHP_HL_A|GH53N,1.2553134,0.00054278225,2,1
1MHP_HL_A|GH53S,0.6755934,-0.2339549,2,1
1MHP_HL_A|GH54I,1.3635606,-0.14178306,2,1
1MHP_HL_A|GH54T,1.1641668,0.010401726,2,1
1MHP_HL_A|GH54Y,0.0,-0.8290511,2,1
1MHP_HL_A|GL91Q,1.572685,0.31707668,2,1
1MHP_HL_A|GL91S,0.5126066,0.40705308,2,1
1MHP_HL_A|HL30K,1.1641668,0.6492083,2,1
1MHP_HL_A|HL30R,1.1237977,-0.08927222,2,1
1MHP_HL_A|HL30W,1.2553134,-0.06093768,2,1
1MHP_HL_A|KH64D,-0.17144196,-0.2197313,2,1
1MHP_HL_A|KH64E,-0.07761467,-0.27606803,2,1
"1MHP_HL_A|KH64E,SL27Q",-0.85684633,-0.9020889,2,1
"1MHP_HL_A|KH64E,SL27Q,NL51Y",-1.0191593,-1.3727181,2,1
1MHP_HL_A|KH64N,-0.03627145,-0.1133255,2,1
1MHP_HL_A|KH64Q,-0.07761467,-0.23381868,2,1
1MHP_HL_A|LH60D,-0.061319917,0.09786023,2,1
"1MHP_HL_A|LH60D,KH64E",-0.1418005,-0.49030137,2,1
"1MHP_HL_A|LH60D,KH64Q",0.042989343,-0.32883665,2,1
1MHP_HL_A|LL48F,0.71227974,-0.39646637,2,1
1MHP_HL_A|LL48K,0.8612009,0.359596,2,1
1MHP_HL_A|LL48W,1.9075676,-0.08291266,2,1
1MHP_HL_A|NL29V,1.0493295,-0.066873975,2,1
1MHP_HL_A|NL29W,1.572685,-0.2747637,2,1
1MHP_HL_A|NL29Y,1.9075676,-0.6624535,2,1
"1MHP_HL_A|NL29Y,SL90I",0.43436813,-1.1013117,2,1
1MHP_HL_A|NL51D,0.5007625,-0.18937692,2,1
1MHP_HL_A|NL51E,-0.08868487,-0.14384219,2,1
1MHP_HL_A|NL51K,0.65751,0.13627398,2,1
1MHP_HL_A|NL51R,0.84484076,-0.019037195,2,1
1MHP_HL_A|NL51Y,-0.05162489,-0.30108643,2,1
1MHP_HL_A|RH31Q,1.3073281,0.3098139,2,1
1MHP_HL_A|SH35A,1.572685,1.654348,2,1
"1MHP_HL_A|SH35A,GH102S",1.572685,1.4483682,2,1
1MHP_HL_A|SH35Q,2.727121,1.3282286,2,1
"1MHP_HL_A|SH35V,GH102S",1.4256749,1.555306,2,1
1MHP_HL_A|SH52M,2.0758402,0.26473668,2,1
1MHP_HL_A|SL23R,-0.21533228,0.1292127,2,1
1MHP_HL_A|SL27Q,-0.6661127,-0.10565824,2,1
1MHP_HL_A|SL90Q,1.7740332,0.36627814,2,1
1MHP_HL_A|SL90T,2.3166485,0.6732762,2,1
"1MHP_HL_A|TH33E,GH53Q",1.6674565,0.5653852,2,1
"1MHP_HL_A|TH33I,SH52T,GH53N,GH54N",1.9075676,1.3691467,2,1
"1MHP_HL_A|TH33I,SH52T,GH53Q,GH54F",1.2553134,0.6108565,2,1
1MHP_HL_A|TH33N,2.727121,0.7705696,2,1
1MHP_HL_A|TH33V,0.43436813,0.505513,2,1
1MHP_HL_A|TH50V,-0.13159887,-0.02969852,2,1
"1MHP_HL_A|TH50V,GH102S",1.6674565,0.396241,2,1
"1MHP_HL_A|TH50V,KH64E",-0.1805197,-0.57771945,2,1
"1MHP_HL_A|TH50V,KH64E,SL27Q,NL51E",-1.267319,-1.3343327,2,1
"1MHP_HL_A|TH50V,KH64E,SL27Q,NL51Y",-1.0844951,-1.5543553,2,1
"1MHP_HL_A|TH50V,SH35A",2.0758402,0.9002053,2,1
"1MHP_HL_A|TH50V,SH35V",2.727121,1.1700164,2,1
"1MHP_HL_A|TH50V,SL27Q",-0.6946839,-0.15430883,2,1
"1MHP_HL_A|TH50V,SL27Q,NL51Y",-1.0235296,-0.8684858,2,1
1MHP_HL_A|WL89Q,2.0758402,0.9411641,2,1
"1MHP_HL_A|WL89Q,FL32Y",0.871019,0.26645455,2,1
1MHP_HL_A|YH58E,2.0758402,0.54690146,2,1
1MHP_HL_A|YH58Q,2.0758402,0.86889577,2,1
1MHP_HL_A|YH58W,0.82094526,0.49552396,2,1
1MHP_HL_A|YH59E,0.54400706,0.67778164,2,1
1N8Z_AB_C|DB102W,-0.71302944,-0.24857152,2,1
1N8Z_AB_C|FC539A,0.035102826,0.9966181,2,1
1N8Z_AB_C|HA91F,0.034232877,-0.252307,2,1
1N8Z_AB_C|LC509A,-0.023045197,0.78226507,2,1
1N8Z_AB_C|NA30S,0.06666317,0.01836244,2,1
"1N8Z_AB_C|NA30S,HA91F,YA92W",-0.07476232,0.3449408,2,1
"1N8Z_AB_C|NA30S,HA91F,YA92W,TA94S,DB102W,YB105F,YB109V",0.050661404,0.9584269,2,1
1N8Z_AB_C|RB50A,2.9754758,1.4222878,2,1
1N8Z_AB_C|RB59A,1.8037988,0.40162015,2,1
1N8Z_AB_C|SC535A,0.030827092,0.33189884,2,1
1N8Z_AB_C|TA94S,0.32168603,-0.38253102,2,1
1N8Z_AB_C|VC536A,0.008972699,0.0041374564,2,1
1N8Z_AB_C|YB105F,0.8540034,1.1904546,2,1
1N8Z_AB_C|YB109V,0.23192272,0.31149942,2,1
1XGQ_AB_C|VB33A,1.1525793,0.9774419,2,1
1XGQ_AB_C|VB33F,-2.9080825,-2.0593789,2,1
1XGQ_AB_C|VB33I,-1.1076277,-0.8895338,2,1
1XGQ_AB_C|VB33L,-1.0463123,-0.42820215,2,1
1YQV_HL_Y|RY45K,1.8995041,0.5831715,2,1
"1YQV_HL_Y|RY68K,TY40S,IY55V,SY91T",4.0,0.9838208,2,1
"1YQV_HL_Y|RY68K,TY40S,IY55V,SY91T,QY121H",0.0,1.2016999,2,1
1YY9_CD_A|AC25P,0.07225565,0.24450901,2,1
1YY9_CD_A|AD98P,1.0372273,-1.0229669,2,1
1YY9_CD_A|GD54P,0.26807046,0.11434051,2,1
1YY9_CD_A|LD29P,0.030827092,0.21284077,2,1
1YY9_CD_A|NC93A,-0.74186975,-0.22521508,2,1
1YY9_CD_A|ND56A,-0.057046015,-0.23263296,2,1
1YY9_CD_A|SC26D,-0.19925442,-0.01128494,2,1
"1YY9_CD_A|SC26D,TC31E,NC93A",-1.3329437,-0.33297306,2,1
"1YY9_CD_A|SC26D,TC31E,NC93A,ND56A,TD61E",-0.6517935,-1.4834019,2,1
1YY9_CD_A|SC26P,-0.009110746,0.19143134,2,1
1YY9_CD_A|SC28P,-0.22229962,-0.1019532,2,1
1YY9_CD_A|SC54P,-0.018363854,-0.123032965,2,1
1YY9_CD_A|SD53P,0.8175451,0.18873829,2,1
1YY9_CD_A|TC31E,-0.51892465,0.08813128,2,1
"1YY9_CD_A|TC31E,NC93A",-0.81853306,-0.022985749,2,1
1YY9_CD_A|TC96P,4.0,0.30669484,2,1
1YY9_CD_A|TD61E,-0.057046015,-0.70794004,2,1
1YY9_CD_A|WD52P,1.4782712,0.92529213,2,1
1YY9_CD_A|YD101P,1.6514195,0.78839934,2,1
3NPS_A_BC|DA214A,1.466743,0.10908277,2,1
3NPS_A_BC|DA46A,0.3399866,0.7705799,2,1
3NPS_A_BC|DA47A,1.0674704,0.29700735,2,1
3NPS_A_BC|DA91A,1.5070341,0.011318259,2,1
3NPS_A_BC|EA163A,0.61534816,0.060033917,2,1
3NPS_A_BC|FA50A,0.21957076,0.91242886,2,1
3NPS_A_BC|FA89A,1.5714045,1.1258365,2,1
3NPS_A_BC|FA92A,0.46353978,0.78023297,2,1
3NPS_A_BC|HA138A,1.8750918,0.18524909,2,1
3NPS_A_BC|IA26A,0.6415425,0.19579071,2,1
3NPS_A_BC|IA45A,-0.33181784,0.55234706,2,1
3NPS_A_BC|KA221A,-0.10361039,0.21082398,2,1
3NPS_A_BC|LA147A,0.29573628,0.9104018,2,1
3NPS_A_BC|NA90A,0.25341922,0.8252263,2,1
3NPS_A_BC|QA140A,0.29573628,0.3157421,2,1
3NPS_A_BC|QA168A,-0.059223834,0.11841147,2,1
3NPS_A_BC|QA169A,0.7409076,1.0003757,2,1
3NPS_A_BC|QA218A,-0.040916756,0.2712055,2,1
3NPS_A_BC|QA23A,0.026323749,0.32497138,2,1
3NPS_A_BC|RA219A,-0.08390186,-0.49572498,2,1
3NPS_A_BC|RA48A,-1.062741,-0.1228087,2,1
3NPS_A_BC|RA51A,0.13816836,0.066508316,2,1
3NPS_A_BC|RA82A,-0.15159543,0.006317556,2,1
3NPS_A_BC|TA144A,0.17497002,0.5190895,2,1
3NPS_A_BC|TA93A,0.72381234,0.19748726,2,1
3NPS_A_BC|YA141A,1.7748737,0.8534101,2,1
3NPS_A_BC|YA52A,0.4518898,0.37689602,2,1
3W2D_A_HL|KA67N,4.0,0.30848223,2,1
3W2D_A_HL|KA67R,-0.42812017,0.41626456,2,1
3W2D_A_HL|YA45F,0.8779443,-0.3105267,2,1
3W2D_A_HL|YA45L,2.3647563,0.59362185,2,1
"4KRO_A_B|DA321T,FA323A",0.1269707,0.7923784,2,1
"4KRP_A_B|DA277T,FA279A",0.35829666,0.6626656,2,1
4NM8_ABCDEF_HL|DB19N,0.66149956,0.63846946,2,1
4NM8_ABCDEF_HL|IB18M,0.10977998,0.123735115,2,1
4NM8_ABCDEF_HL|LB38Y,-0.6151596,0.047942877,2,1
4NM8_ABCDEF_HL|QB34R,2.9754758,0.42601663,2,1
4NM8_ABCDEF_HL|QB34T,2.3309386,0.13418695,2,1
4NM8_ABCDEF_HL|RB25M,3.442353,0.03872813,2,1
4NM8_ABCDEF_HL|TB32E,-0.5517196,-0.007982396,2,1
4NM8_ABCDEF_HL|TB32I,-0.050205972,0.916224,2,1
4NM8_ABCDEF_HL|TB32R,1.2211944,0.49003318,2,1
1DVF_AB_CD|DB100A,2.7895143,2.5070398,2,2
"1DVF_AB_CD|DB100A,DD52A",4.0,1.8974345,2,2
"1DVF_AB_CD|DB100A,HD33A",4.0,1.8193845,2,2
"1DVF_AB_CD|DB100A,ND55A",4.0,2.3136775,2,2
1DVF_AB_CD|DB54A,4.0,0.94880515,2,2
"1DVF_AB_CD|DB54A,YC49A",4.0,1.086674,2,2
1DVF_AB_CD|DB58A,1.6000048,0.6480546,2,2
"1DVF_AB_CD|DB58A,QD104A",1.4641725,1.0110489,2,2
1DVF_AB_CD|DD52A,1.6822901,0.16608253,2,2
1DVF_AB_CD|EB98A,4.0,1.1192865,2,2
"1DVF_AB_CD|EB98A,YD102A",4.0,1.7103251,2,2
1DVF_AB_CD|HA30A,1.6493824,0.623556,2,2
1DVF_AB_CD|HD33A,1.8606005,0.029197548,2,2
1DVF_AB_CD|ID101A,2.6815457,1.4579098,2,2
1DVF_AB_CD|KD30A,1.0035173,0.0023802966,2,2
1DVF_AB_CD|NB56A,1.1624389,0.0643342,2,2
"1DVF_AB_CD|NB56A,HD33A",2.5259995,-0.079548016,2,2
"1DVF_AB_CD|NB56A,ND55A",2.3010929,0.051821515,2,2
"1DVF_AB_CD|NB56A,QD104A",1.4868644,0.3299058,2,2
1DVF_AB_CD|ND55A,1.8606005,-0.34365946,2,2
1DVF_AB_CD|QD104A,1.6287225,0.42343408,2,2
1DVF_AB_CD|RB99A,1.8746451,0.49805743,2,2
1DVF_AB_CD|RD106A,4.0,0.57561207,2,2
1DVF_AB_CD|SA93A,1.1624389,0.44344252,2,2
1DVF_AB_CD|TB30A,0.9075126,0.44246393,2,2
1DVF_AB_CD|WA92A,0.34072307,0.860537,2,2
1DVF_AB_CD|WB52A,4.0,1.3197744,2,2
"1DVF_AB_CD|WB52A,QD104A",4.0,1.5473391,2,2
1DVF_AB_CD|YA32A,2.0303695,1.0437831,2,2
"1DVF_AB_CD|YA32A,RD106A",4.0,1.0067005,2,2
1DVF_AB_CD|YA49A,1.6785902,1.333646,2,2
"1DVF_AB_CD|YA49A,HD33A",2.625045,0.5660345,2,2
"1DVF_AB_CD|YA49A,ND55A",2.0303695,0.808364,2,2
1DVF_AB_CD|YA50A,0.6877736,1.1406994,2,2
1DVF_AB_CD|YB101F,2.0123136,1.7674162,2,2
1DVF_AB_CD|YB32A,1.8314707,1.1297588,2,2
1DVF_AB_CD|YC49A,1.8606005,0.5654468,2,2
1DVF_AB_CD|YD102A,4.0,0.6379178,2,2
1MHP_HL_A|FH99W,0.0,-0.72451806,2,2
1MHP_HL_A|FH99Y,0.75466895,-1.0025824,2,2
1MHP_HL_A|GH100F,0.38901797,-0.7009462,2,2
1MHP_HL_A|GH100L,2.727121,-0.43544728,2,2
1MHP_HL_A|GH100M,0.10213403,-0.8875575,2,2
1MHP_HL_A|GH100S,0.5577475,-0.50968874,2,2
1MHP_HL_A|GH53A,0.5126066,1.1811455,2,2
1MHP_HL_A|GH53N,1.2553134,-0.48383915,2,2
1MHP_HL_A|GH53S,0.6755934,0.0257275,2,2
1MHP_HL_A|GH54I,1.3635606,-0.30707383,2,2
1MHP_HL_A|GH54T,1.1641668,-0.047561303,2,2
1MHP_HL_A|GH54Y,0.0,-0.70723283,2,2
1MHP_HL_A|GL91Q,1.572685,-0.13567767,2,2
1MHP_HL_A|GL91S,0.5126066,-0.12771092,2,2
1MHP_HL_A|HL30K,1.1641668,0.7175413,2,2
1MHP_HL_A|HL30R,1.1237977,-0.26971918,2,2
1MHP_HL_A|HL30W,1.2553134,-0.33178312,2,2
1MHP_HL_A|KH64D,-0.17144196,-0.25493032,2,2
1MHP_HL_A|KH64E,-0.07761467,-0.22198533,2,2
"1MHP_HL_A|KH64E,SL27Q",-0.85684633,-1.0485294,2,2
"1MHP_HL_A|KH64E,SL27Q,NL51Y",-1.0191593,-1.1046134,2,2
1MHP_HL_A|KH64N,-0.03627145,-0.19607325,2,2
1MHP_HL_A|KH64Q,-0.07761467,-0.1997533,2,2
1MHP_HL_A|LH60D,-0.061319917,-0.49667048,2,2
"1MHP_HL_A|LH60D,KH64E",-0.1418005,-0.524477,2,2
"1MHP_HL_A|LH60D,KH64Q",0.042989343,-0.4470119,2,2
1MHP_HL_A|LL48F,0.71227974,-0.098315224,2,2
1MHP_HL_A|LL48K,0.8612009,0.2541153,2,2
1MHP_HL_A|LL48W,1.9075676,-0.35240453,2,2
1MHP_HL_A|NL29V,1.0493295,0.15975173,2,2
1MHP_HL_A|NL29W,1.572685,-0.20659174,2,2
1MHP_HL_A|NL29Y,1.9075676,-0.67897004,2,2
"1MHP_HL_A|NL29Y,SL90I",0.43436813,-0.59048694,2,2
1MHP_HL_A|NL51D,0.5007625,-0.029551595,2,2
1MHP_HL_A|NL51E,-0.08868487,0.0402162,2,2
1MHP_HL_A|NL51K,0.65751,0.20450649,2,2
1MHP_HL_A|NL51R,0.84484076,0.07174171,2,2
1MHP_HL_A|NL51Y,-0.05162489,-0.07278736,2,2
1MHP_HL_A|RH31Q,1.3073281,0.14463933,2,2
1MHP_HL_A|SH35A,1.572685,1.5545874,2,2
"1MHP_HL_A|SH35A,GH102S",1.572685,1.85616,2,2
1MHP_HL_A|SH35Q,2.727121,0.6922923,2,2
"1MHP_HL_A|SH35V,GH102S",1.4256749,1.8014241,2,2
1MHP_HL_A|SH52M,2.0758402,-0.069513366,2,2
1MHP_HL_A|SL23R,-0.21533228,-0.16042195,2,2
1MHP_HL_A|SL27Q,-0.6661127,-0.4432047,2,2
1MHP_HL_A|SL90Q,1.7740332,0.12840371,2,2
1MHP_HL_A|SL90T,2.3166485,0.4827363,2,2
"1MHP_HL_A|TH33E,GH53Q",1.6674565,1.6676083,2,2
"1MHP_HL_A|TH33I,SH52T,GH53N,GH54N",1.9075676,0.76716083,2,2
"1MHP_HL_A|TH33I,SH52T,GH53Q,GH54F",1.2553134,1.018463,2,2
1MHP_HL_A|TH33N,2.727121,0.42646444,2,2
1MHP_HL_A|TH33V,0.43436813,1.3156011,2,2
1MHP_HL_A|TH50V,-0.13159887,0.4394328,2,2
"1MHP_HL_A|TH50V,GH102S",1.6674565,0.71233225,2,2
"1MHP_HL_A|TH50V,KH64E",-0.1805197,-0.17550091,2,2
"1MHP_HL_A|TH50V,KH64E,SL27Q,NL51E",-1.267319,-0.7418652,2,2
"1MHP_HL_A|TH50V,KH64E,SL27Q,NL51Y",-1.0844951,-1.1303965,2,2
"1MHP_HL_A|TH50V,SH35A",2.0758402,1.3940859,2,2
"1MHP_HL_A|TH50V,SH35V",2.727121,1.2962117,2,2
"1MHP_HL_A|TH50V,SL27Q",-0.6946839,-0.1762815,2,2
"1MHP_HL_A|TH50V,SL27Q,NL51Y",-1.0235296,-0.62806463,2,2
1MHP_HL_A|WL89Q,2.0758402,1.6768965,2,2
"1MHP_HL_A|WL89Q,FL32Y",0.871019,0.7596045,2,2
1MHP_HL_A|YH58E,2.0758402,1.6468863,2,2
1MHP_HL_A|YH58Q,2.0758402,1.9388826,2,2
1MHP_HL_A|YH58W,0.82094526,1.0083331,2,2
1MHP_HL_A|YH59E,0.54400706,0.8908448,2,2
1N8Z_AB_C|DB102W,-0.71302944,-0.6005155,2,2
1N8Z_AB_C|FC539A,0.035102826,1.2694783,2,2
1N8Z_AB_C|HA91F,0.034232877,-0.5061494,2,2
1N8Z_AB_C|LC509A,-0.023045197,0.9739179,2,2
1N8Z_AB_C|NA30S,0.06666317,0.3867442,2,2
"1N8Z_AB_C|NA30S,HA91F,YA92W",-0.07476232,-0.016502917,2,2
"1N8Z_AB_C|NA30S,HA91F,YA92W,TA94S,DB102W,YB105F,YB109V",0.050661404,0.8960381,2,2
1N8Z_AB_C|RB50A,2.9754758,1.1194717,2,2
1N8Z_AB_C|RB59A,1.8037988,0.81692034,2,2
1N8Z_AB_C|SC535A,0.030827092,0.44892251,2,2
1N8Z_AB_C|TA94S,0.32168603,-0.48494875,2,2
1N8Z_AB_C|VC536A,0.008972699,-0.010833316,2,2
1N8Z_AB_C|YB105F,0.8540034,1.9056362,2,2
1N8Z_AB_C|YB109V,0.23192272,0.569952,2,2
1XGQ_AB_C|VB33A,1.1525793,0.67160815,2,2
1XGQ_AB_C|VB33F,-2.9080825,-2.5820296,2,2
1XGQ_AB_C|VB33I,-1.1076277,-1.267958,2,2
1XGQ_AB_C|VB33L,-1.0463123,-1.1405039,2,2
1YQV_HL_Y|RY45K,1.8995041,0.82039535,2,2
"1YQV_HL_Y|RY68K,TY40S,IY55V,SY91T",4.0,1.2490518,2,2
"1YQV_HL_Y|RY68K,TY40S,IY55V,SY91T,QY121H",0.0,1.1169665,2,2
1YY9_CD_A|AC25P,0.07225565,-0.27663606,2,2
1YY9_CD_A|AD98P,1.0372273,-0.9571121,2,2
1YY9_CD_A|GD54P,0.26807046,0.042278804,2,2
1YY9_CD_A|LD29P,0.030827092,0.11578609,2,2
1YY9_CD_A|NC93A,-0.74186975,0.4122625,2,2
1YY9_CD_A|ND56A,-0.057046015,0.13942787,2,2
1YY9_CD_A|SC26D,-0.19925442,0.11957511,2,2
"1YY9_CD_A|SC26D,TC31E,NC93A",-1.3329437,0.19986263,2,2
"1YY9_CD_A|SC26D,TC31E,NC93A,ND56A,TD61E",-0.6517935,-0.14479014,2,2
1YY9_CD_A|SC26P,-0.009110746,0.15409918,2,2
1YY9_CD_A|SC28P,-0.22229962,-0.32875693,2,2
1YY9_CD_A|SC54P,-0.018363854,-0.16410123,2,2
1YY9_CD_A|SD53P,0.8175451,-0.26987398,2,2
1YY9_CD_A|TC31E,-0.51892465,0.6692701,2,2
"1YY9_CD_A|TC31E,NC93A",-0.81853306,0.9563482,2,2
1YY9_CD_A|TC96P,4.0,-0.17537986,2,2
1YY9_CD_A|TD61E,-0.057046015,-0.26699996,2,2
1YY9_CD_A|WD52P,1.4782712,0.74876946,2,2
1YY9_CD_A|YD101P,1.6514195,0.66143167,2,2
3NPS_A_BC|DA214A,1.466743,0.6964602,2,2
3NPS_A_BC|DA46A,0.3399866,0.5277009,2,2
3NPS_A_BC|DA47A,1.0674704,0.4807201,2,2
3NPS_A_BC|DA91A,1.5070341,0.2763663,2,2
3NPS_A_BC|EA163A,0.61534816,0.12202804,2,2
3NPS_A_BC|FA50A,0.21957076,0.7313628,2,2
3NPS_A_BC|FA89A,1.5714045,0.923852,2,2
3NPS_A_BC|FA92A,0.46353978,0.2793699,2,2
3NPS_A_BC|HA138A,1.8750918,0.36396003,2,2
3NPS_A_BC|IA26A,0.6415425,0.4502228,2,2
3NPS_A_BC|IA45A,-0.33181784,0.69887584,2,2
3NPS_A_BC|KA221A,-0.10361039,0.6313893,2,2
3NPS_A_BC|LA147A,0.29573628,0.38631254,2,2
3NPS_A_BC|NA90A,0.25341922,0.68041676,2,2
3NPS_A_BC|QA140A,0.29573628,0.25783437,2,2
3NPS_A_BC|QA168A,-0.059223834,0.11867961,2,2
3NPS_A_BC|QA169A,0.7409076,0.5691134,2,2
3NPS_A_BC|QA218A,-0.040916756,-0.059763327,2,2
3NPS_A_BC|QA23A,0.026323749,0.22944425,2,2
3NPS_A_BC|RA219A,-0.08390186,-0.15792991,2,2
3NPS_A_BC|RA48A,-1.062741,0.089128315,2,2
3NPS_A_BC|RA51A,0.13816836,0.07598621,2,2
3NPS_A_BC|RA82A,-0.15159543,0.21725525,2,2
3NPS_A_BC|TA144A,0.17497002,0.0895382,2,2
3NPS_A_BC|TA93A,0.72381234,0.35712534,2,2
3NPS_A_BC|YA141A,1.7748737,1.0436792,2,2
3NPS_A_BC|YA52A,0.4518898,0.30952775,2,2
3W2D_A_HL|KA67N,4.0,0.14258605,2,2
3W2D_A_HL|KA67R,-0.42812017,0.22754933,2,2
3W2D_A_HL|YA45F,0.8779443,-0.9070475,2,2
3W2D_A_HL|YA45L,2.3647563,-0.13751452,2,2
"4KRO_A_B|DA321T,FA323A",0.1269707,0.96812356,2,2
"4KRP_A_B|DA277T,FA279A",0.35829666,0.5308619,2,2
4NM8_ABCDEF_HL|DB19N,0.66149956,0.30826068,2,2
4NM8_ABCDEF_HL|IB18M,0.10977998,0.3329873,2,2
4NM8_ABCDEF_HL|LB38Y,-0.6151596,0.11391981,2,2
4NM8_ABCDEF_HL|QB34R,2.9754758,0.09380216,2,2
4NM8_ABCDEF_HL|QB34T,2.3309386,-0.0047166273,2,2
4NM8_ABCDEF_HL|RB25M,3.442353,0.67528075,2,2
4NM8_ABCDEF_HL|TB32E,-0.5517196,0.19522125,2,2
4NM8_ABCDEF_HL|TB32I,-0.050205972,0.8324578,2,2
4NM8_ABCDEF_HL|TB32R,1.2211944,0.9842238,2,2
"1CZ8_HL_VW|LL4M,DH28T,HH31N,YH101H,TH105S",2.939849,1.555994,3,0
1KIR_AB_C|SA50Y,-1.3870943,-0.30994073,3,0
1MLC_AB_E|KB65D,0.018548755,-0.5813529,3,0
1MLC_AB_E|NA32G,-0.8773867,0.19633044,3,0
"1MLC_AB_E|NA32G,NA92A",-0.6866531,0.6755756,3,0
"1MLC_AB_E|NA32G,NA92A,SB57V,TB58D",-1.7349738,-0.273482,3,0
1MLC_AB_E|NA32Y,0.0,-0.90356743,3,0
1MLC_AB_E|NA92A,-1.2533532,0.47794223,3,0
"1MLC_AB_E|NA92A,SB57V,TB58D",-2.394188,-0.092527054,3,0
"1MLC_AB_E|NA92A,TB28D,SB57V,TB58D",-2.5813644,-0.68715674,3,0
"1MLC_AB_E|NA92A,TB28D,SB57V,TB58D,EB35S,GB99D",-2.9539242,-1.3117963,3,0
"1MLC_AB_E|NA92A,TB28D,SB57V,TB58D,GB99D",-0.20357698,-0.7689423,3,0
"1MLC_AB_E|NA92A,TB28D,SB57V,TB58D,NA32L",-2.5843081,-0.862853,3,0
"1MLC_AB_E|NA92A,TB28D,SB57V,TB58D,RB98M,DB100Q",-0.41047263,-0.25924835,3,0
"1MLC_AB_E|NA92A,TB28D,SB57V,TB58D,SA91N,SA93A",-1.6104395,0.3855665,3,0
"1MLC_AB_E|NA92A,TB28D,SB57V,TB58D,SB30G",-2.3584673,-0.13143519,3,0
"1MLC_AB_E|NA92A,TB28D,SB57V,TB58D,YB32W,RB98V,DB100Q",0.36138764,0.45872396,3,0
"1MLC_AB_E|NA92A,TB28D,SB57V,TB58D,YB59E",-1.4661698,0.10646623,3,0
1MLC_AB_E|SB57A,-0.37902167,0.91725594,3,0
1MLC_AB_E|SB57V,-0.49418068,-0.2647679,3,0
"1MLC_AB_E|SB57V,TB58D",-0.9877286,-0.49314395,3,0
1MLC_AB_E|TB28D,-0.15094383,-0.77655876,3,0
1MLC_AB_E|TB31A,0.44700673,0.95854664,3,0
1MLC_AB_E|TB31V,0.5262404,0.16008478,3,0
1MLC_AB_E|TB31W,0.13214268,-0.30996335,3,0
1MLC_AB_E|TB58D,-0.55968237,-0.03163021,3,0
1NCA_N_LH|DH101K,0.71416,0.8273414,3,0
1NCA_N_LH|EH100D,0.41047263,-0.382339,3,0
1NCA_N_LH|NH102Q,0.5426153,0.291335,3,0
1NCA_N_LH|NH31Q,0.0,-0.25687265,3,0
1NMB_N_LH|DH57E,2.9536283,0.84042215,3,0
1NMB_N_LH|DH57N,2.9536283,0.9173377,3,0
1NMB_N_LH|LL94V,0.9000208,-0.08607513,3,0
1NMB_N_LH|TL93F,-0.023903161,0.028730607,3,0
1NMB_N_LH|TL93W,0.18419003,-0.6960787,3,0
1NMB_N_LH|YH103A,2.14062,2.8092716,3,0
1NMB_N_LH|YH105F,1.4194101,0.25480518,3,0
1NMB_N_LH|YL32F,0.46632215,1.196293,3,0
1VFB_AB_C|DB100A,3.005002,1.6770544,3,0
"1VFB_AB_C|DB100A,SC24A",3.369756,2.3854244,3,0
1VFB_AB_C|DB54A,0.8151114,2.2966595,3,0
"1VFB_AB_C|DB54A,TC118A",1.2546439,3.0704556,3,0
1VFB_AB_C|DB58A,-0.20700333,0.56623363,3,0
1VFB_AB_C|DB58E,0.078081094,0.31830204,3,0
1VFB_AB_C|DB58N,-0.12818155,0.6382048,3,0
1VFB_AB_C|DC119A,0.9530879,1.9616376,3,0
1VFB_AB_C|DC18A,0.34013057,1.0092182,3,0
1VFB_AB_C|EB98A,1.1565572,3.0465696,3,0
1VFB_AB_C|GB31A,0.30646533,0.87977546,3,0
1VFB_AB_C|GB31E,-0.5097613,0.22671525,3,0
1VFB_AB_C|GB31W,0.0039611305,-0.0069767404,3,0
1VFB_AB_C|HA30A,0.84488255,0.946812,3,0
1VFB_AB_C|IC124A,1.2314179,0.40830386,3,0
1VFB_AB_C|KC116A,0.7134504,0.81746775,3,0
1VFB_AB_C|LC129A,0.17154472,1.027797,3,0
1VFB_AB_C|NA31W,0.17432266,-0.14658336,3,0
1VFB_AB_C|NB56A,0.17771798,0.49853685,3,0
1VFB_AB_C|NC19A,0.3960868,0.22891137,3,0
1VFB_AB_C|QC121A,2.876998,-0.60506546,3,0
1VFB_AB_C|RB99A,-0.099735305,1.5308158,3,0
1VFB_AB_C|RB99W,0.7049742,-0.43673277,3,0
1VFB_AB_C|RB99Y,1.235379,-0.5086035,3,0
1VFB_AB_C|RC125A,1.8368999,0.38076833,3,0
1VFB_AB_C|SA93A,0.34312394,0.9143118,3,0
1VFB_AB_C|SB28D,0.0,-0.10781728,3,0
1VFB_AB_C|SB28E,-0.104007296,0.0135238655,3,0
1VFB_AB_C|SB28N,0.14394745,-0.04711114,3,0
1VFB_AB_C|SB28Q,0.078081094,0.11780342,3,0
1VFB_AB_C|SC24A,0.850965,1.5732597,3,0
1VFB_AB_C|TA52F,0.4708752,-0.20916854,3,0
1VFB_AB_C|TA53R,1.6458516,-0.082436,3,0
1VFB_AB_C|TB30A,-0.05584954,0.025527397,3,0
1VFB_AB_C|TC118A,0.7650957,1.1635306,3,0
1VFB_AB_C|VC120A,0.9169499,-0.46238318,3,0
1VFB_AB_C|WA92A,3.037848,0.4478437,3,0
"1VFB_AB_C|WA92A,IC124A",3.8503337,0.375288,3,0
"1VFB_AB_C|WA92A,LC129A",3.3073628,0.9274779,3,0
"1VFB_AB_C|WA92A,QC121A",3.5189366,-0.53797215,3,0
"1VFB_AB_C|WA92A,RC125A",3.3932896,-0.025590701,3,0
1VFB_AB_C|WB52A,0.6406274,2.7700424,3,0
"1VFB_AB_C|WB52A,DC119A",2.2473724,4.195029,3,0
1VFB_AB_C|YA32A,1.5281335,1.748416,3,0
"1VFB_AB_C|YA32A,IC124A",2.9057157,1.3172673,3,0
"1VFB_AB_C|YA32A,QC121A",1.586041,0.31285992,3,0
1VFB_AB_C|YA49A,0.79754156,1.0340241,3,0
1VFB_AB_C|YA50A,0.456086,0.95123154,3,0
"1VFB_AB_C|YA50A,DC119A",1.2314179,1.7029332,3,0
"1VFB_AB_C|YA50A,DC18A",1.265924,1.1094669,3,0
1VFB_AB_C|YA50K,1.7156012,1.1163301,3,0
1VFB_AB_C|YA50R,0.8443241,0.8074402,3,0
1VFB_AB_C|YB101F,1.2695644,2.5050976,3,0
"1VFB_AB_C|YB101F,DC119A",2.736521,4.9402423,3,0
"1VFB_AB_C|YB101F,VC120A",2.5384777,2.0523667,3,0
1VFB_AB_C|YB32A,0.7916793,0.8616549,3,0
"1VFB_AB_C|YB32A,KC116A",1.586041,-0.07964352,3,0
1VFB_AB_C|YB32E,1.9021881,0.40197107,3,0
1VFB_AB_C|YC23A,0.41047263,1.5432397,3,0
1XGP_AB_C|AB33F,-4.0,-3.0134106,3,0
1XGP_AB_C|AB33I,-2.260207,-2.254652,3,0
1XGP_AB_C|AB33L,-2.1988916,-2.1588275,3,0
1XGP_AB_C|AB33V,-1.1525793,-1.951766,3,0
2JEL_LH_P|AP82S,0.0,-1.0050609,3,0
2JEL_LH_P|DP69E,0.9530879,0.6452571,3,0
2JEL_LH_P|EP5D,0.41047263,-0.81605697,3,0
2JEL_LH_P|EP5Q,0.7129768,0.055226818,3,0
2JEL_LH_P|EP68A,0.41047263,0.40551758,3,0
2JEL_LH_P|EP75R,2.727121,0.21845211,3,0
2JEL_LH_P|EP83A,0.0,0.42779055,3,0
2JEL_LH_P|EP85A,0.0,1.1311862,3,0
2JEL_LH_P|EP85D,0.0,-0.3812849,3,0
2JEL_LH_P|EP85K,0.0,0.3510838,3,0
2JEL_LH_P|EP85Q,0.0,0.4180173,3,0
2JEL_LH_P|FP2W,2.6191528,0.8711193,3,0
2JEL_LH_P|FP2Y,0.0,-0.20954593,3,0
2JEL_LH_P|HP76A,-0.41047263,0.59460646,3,0
2JEL_LH_P|HP76D,-0.65058374,-0.018135523,3,0
2JEL_LH_P|KP24E,0.0,0.42066827,3,0
2JEL_LH_P|KP27E,0.0,0.68328166,3,0
2JEL_LH_P|KP72E,0.41047263,-0.6711803,3,0
2JEL_LH_P|KP72R,0.0,-0.27893168,3,0
2JEL_LH_P|KP79E,0.41047263,0.60787565,3,0
2JEL_LH_P|NP12D,0.0,-1.7275656,3,0
2JEL_LH_P|NP38T,0.0,0.23754334,3,0
2JEL_LH_P|PP11E,0.0,0.3347733,3,0
2JEL_LH_P|QP3K,4.0,-0.19799782,3,0
2JEL_LH_P|QP4K,1.3635606,-0.70452166,3,0
2JEL_LH_P|QP57E,-0.41047263,-0.044395957,3,0
2JEL_LH_P|QP71E,2.727121,-0.1366043,3,0
2JEL_LH_P|RP17G,0.0,0.30751246,3,0
2JEL_LH_P|RP17K,0.0,0.3099512,3,0
2JEL_LH_P|SP41C,1.4957032,1.999985,3,0
2JEL_LH_P|SP43C,0.0,0.682481,3,0
2JEL_LH_P|SP46C,0.0,1.3781377,3,0
2JEL_LH_P|SP64T,4.0,0.17589937,3,0
2JEL_LH_P|TP34Q,0.0,0.6543853,3,0
2JEL_LH_P|TP36Q,0.41047263,0.07274681,3,0
2JEL_LH_P|TP62A,0.0,0.5199904,3,0
2JEL_LH_P|TP62N,0.0,0.85684514,3,0
2JEL_LH_P|TP7N,0.41047263,2.0883875,3,0
2JEL_LH_P|TP7S,0.0,0.022708127,3,0
2JEL_LH_P|VP6F,0.0,-1.0591244,3,0
"2NY7_HL_G|CG27I,CG226Q",0.19971907,-1.390901,3,0
"2NY7_HL_G|CG27I,CG226Q,MG231A",0.20319231,-1.0483662,3,0
"2NY7_HL_G|GG229C,MG231A",-0.37879732,0.47981033,3,0
"2NY7_HL_G|GG229C,WG13M,MG231A,CG14W,CG110V,CG27I,CG226Q",0.21462485,-2.195929,3,0
"2NY7_HL_G|KG66C,EG102C,CG27I,CG226Q",0.04085667,-1.4835625,3,0
"2NY7_HL_G|KG66C,EG102C,WG13M,MG231A,CG14W,CG110V,CG27I,CG226Q",0.3998023,-1.702017,3,0
"2NY7_HL_G|KG66C,EG103C,WG13M,MG231A,CG14W,CG110V,CG27I,CG226Q",0.29989544,-1.8439213,3,0
"2NY7_HL_G|WG13M,MG231A,CG14W,CG110V",1.1574335,-0.10841023,3,0
"2NY7_HL_G|WG13M,MG231A,CG14W,CG110V,CG27I,CG226Q",0.44904727,-1.7849817,3,0
"2NY7_HL_G|WG13M,MG231A,CG14W,CG110V,KG66C,EG102C",0.55101526,-0.06239346,3,0
"2NY7_HL_G|WG13M,SG92T,WG181S,MG231A,CG14W,CG110V,CG27I,CG226Q",-0.3035898,-1.742836,3,0
3BN9_B_CD|DB214A,0.5662115,1.2588683,3,0
3BN9_B_CD|DB46A,0.42238826,0.9771338,3,0
3BN9_B_CD|DB47A,0.31110755,1.5405418,3,0
3BN9_B_CD|EB163A,0.37321588,0.6123157,3,0
3BN9_B_CD|FB50A,-0.044997852,0.7854096,3,0
3BN9_B_CD|FB89A,0.6392419,1.2803,3,0
3BN9_B_CD|HB138A,0.085063316,0.68589586,3,0
3BN9_B_CD|IB26A,0.0,0.15878855,3,0
3BN9_B_CD|IB45A,0.8352155,-0.04957151,3,0
3BN9_B_CD|KB221A,0.7849689,1.8879969,3,0
3BN9_B_CD|LB147A,0.33619216,-0.1444801,3,0
3BN9_B_CD|NB90A,0.7733444,0.4255693,3,0
3BN9_B_CD|PD104H,2.4272547,-0.0017916949,3,0
3BN9_B_CD|QB140A,0.1331048,0.033173516,3,0
3BN9_B_CD|QB168A,-0.03469869,0.31959888,3,0
3BN9_B_CD|QB169A,2.5089848,1.4827268,3,0
3BN9_B_CD|QB218A,0.70571065,-0.051532235,3,0
3BN9_B_CD|QB23A,-0.41530684,0.105666324,3,0
3BN9_B_CD|QD105V,1.2241027,-0.1420513,3,0
3BN9_B_CD|RB219A,-0.093698174,-0.5329922,3,0
3BN9_B_CD|RB48A,-0.044997852,-0.23040324,3,0
3BN9_B_CD|RB51A,-0.07155777,0.28807202,3,0
3BN9_B_CD|RB82A,-0.15923285,-0.08135111,3,0
3BN9_B_CD|SD30G,1.1861069,0.6227873,3,0
3BN9_B_CD|SD30N,1.145505,0.5917091,3,0
3BN9_B_CD|TB144A,0.2908351,1.1923481,3,0
3BN9_B_CD|TB93A,1.1320528,1.7385267,3,0
3BN9_B_CD|TD102Q,-0.02153644,-0.082417995,3,0
3BN9_B_CD|TD102R,-0.058294915,-0.1956995,3,0
3BN9_B_CD|TD28R,0.33290586,0.12638889,3,0
3BN9_B_CD|YB141A,1.0846525,1.5426332,3,0
3BN9_B_CD|YB52A,0.018951595,0.2757381,3,0
3BN9_B_CD|YD103S,0.45868576,0.58394915,3,0
4GXU_ABCDEF_MN|DA189E,2.1650882,0.8638684,3,0
"4GXU_ABCDEF_MN|DA189E,DA224G",3.0102077,1.5887686,3,0
4GXU_ABCDEF_MN|DA224G,1.9608781,0.7042194,3,0
"1CZ8_HL_VW|LL4M,DH28T,HH31N,YH101H,TH105S",2.939849,0.8220938,3,1
1KIR_AB_C|SA50Y,-1.3870943,-0.88697606,3,1
1MLC_AB_E|KB65D,0.018548755,-0.13930294,3,1
1MLC_AB_E|NA32G,-0.8773867,-0.06924247,3,1
"1MLC_AB_E|NA32G,NA92A",-0.6866531,0.55949455,3,1
"1MLC_AB_E|NA32G,NA92A,SB57V,TB58D",-1.7349738,-0.2847799,3,1
1MLC_AB_E|NA32Y,0.0,-0.5542965,3,1
1MLC_AB_E|NA92A,-1.2533532,0.7111676,3,1
"1MLC_AB_E|NA92A,SB57V,TB58D",-2.394188,-0.07246969,3,1
"1MLC_AB_E|NA92A,TB28D,SB57V,TB58D",-2.5813644,-0.6704685,3,1
"1MLC_AB_E|NA92A,TB28D,SB57V,TB58D,EB35S,GB99D",-2.9539242,-0.5437583,3,1
"1MLC_AB_E|NA92A,TB28D,SB57V,TB58D,GB99D",-0.20357698,-0.5076058,3,1
"1MLC_AB_E|NA92A,TB28D,SB57V,TB58D,NA32L",-2.5843081,-0.9344274,3,1
"1MLC_AB_E|NA92A,TB28D,SB57V,TB58D,RB98M,DB100Q",-0.41047263,-0.79311776,3,1
"1MLC_AB_E|NA92A,TB28D,SB57V,TB58D,SA91N,SA93A",-1.6104395,0.08926474,3,1
"1MLC_AB_E|NA92A,TB28D,SB57V,TB58D,SB30G",-2.3584673,-0.715731,3,1
"1MLC_AB_E|NA92A,TB28D,SB57V,TB58D,YB32W,RB98V,DB100Q",0.36138764,-0.73461986,3,1
"1MLC_AB_E|NA92A,TB28D,SB57V,TB58D,YB59E",-1.4661698,-0.7424958,3,1
1MLC_AB_E|SB57A,-0.37902167,0.563089,3,1
1MLC_AB_E|SB57V,-0.49418068,-0.32100204,3,1
"1MLC_AB_E|SB57V,TB58D",-0.9877286,-0.3646823,3,1
1MLC_AB_E|TB28D,-0.15094383,-0.25822163,3,1
1MLC_AB_E|TB31A,0.44700673,0.44604373,3,1
1MLC_AB_E|TB31V,0.5262404,-0.17863685,3,1
1MLC_AB_E|TB31W,0.13214268,-0.097545974,3,1
1MLC_AB_E|TB58D,-0.55968237,-0.053331874,3,1
1NCA_N_LH|DH101K,0.71416,0.24808913,3,1
1NCA_N_LH|EH100D,0.41047263,0.037857585,3,1
1NCA_N_LH|NH102Q,0.5426153,0.13409922,3,1
1NCA_N_LH|NH31Q,0.0,-0.21738088,3,1
1NMB_N_LH|DH57E,2.9536283,0.23587075,3,1
1NMB_N_LH|DH57N,2.9536283,0.5687945,3,1
1NMB_N_LH|LL94V,0.9000208,-0.38203123,3,1
1NMB_N_LH|TL93F,-0.023903161,-0.5597066,3,1
1NMB_N_LH|TL93W,0.18419003,-0.7761627,3,1
1NMB_N_LH|YH103A,2.14062,1.0068786,3,1
1NMB_N_LH|YH105F,1.4194101,0.27852044,3,1
1NMB_N_LH|YL32F,0.46632215,0.25057676,3,1
1VFB_AB_C|DB100A,3.005002,0.836596,3,1
"1VFB_AB_C|DB100A,SC24A",3.369756,1.7367109,3,1
1VFB_AB_C|DB54A,0.8151114,0.8694963,3,1
"1VFB_AB_C|DB54A,TC118A",1.2546439,2.1622322,3,1
1VFB_AB_C|DB58A,-0.20700333,0.4669772,3,1
1VFB_AB_C|DB58E,0.078081094,-0.2986882,3,1
1VFB_AB_C|DB58N,-0.12818155,-0.13537252,3,1
1VFB_AB_C|DC119A,0.9530879,1.44984,3,1
1VFB_AB_C|DC18A,0.34013057,1.0972661,3,1
1VFB_AB_C|EB98A,1.1565572,1.2192302,3,1
1VFB_AB_C|GB31A,0.30646533,0.7138075,3,1
1VFB_AB_C|GB31E,-0.5097613,0.13590512,3,1
1VFB_AB_C|GB31W,0.0039611305,0.02594243,3,1
1VFB_AB_C|HA30A,0.84488255,0.340823,3,1
1VFB_AB_C|IC124A,1.2314179,0.5085494,3,1
1VFB_AB_C|KC116A,0.7134504,0.94845426,3,1
1VFB_AB_C|LC129A,0.17154472,0.9113265,3,1
1VFB_AB_C|NA31W,0.17432266,-0.5025458,3,1
1VFB_AB_C|NB56A,0.17771798,0.43672296,3,1
1VFB_AB_C|NC19A,0.3960868,0.67073464,3,1
1VFB_AB_C|QC121A,2.876998,0.89216673,3,1
1VFB_AB_C|RB99A,-0.099735305,0.91461927,3,1
1VFB_AB_C|RB99W,0.7049742,-0.10084487,3,1
1VFB_AB_C|RB99Y,1.235379,-0.3389207,3,1
1VFB_AB_C|RC125A,1.8368999,0.75687486,3,1
1VFB_AB_C|SA93A,0.34312394,0.5213282,3,1
1VFB_AB_C|SB28D,0.0,-0.158382,3,1
1VFB_AB_C|SB28E,-0.104007296,-0.20510453,3,1
1VFB_AB_C|SB28N,0.14394745,-0.07302732,3,1
1VFB_AB_C|SB28Q,0.078081094,-0.17495069,3,1
1VFB_AB_C|SC24A,0.850965,0.60100347,3,1
1VFB_AB_C|TA52F,0.4708752,-0.21798423,3,1
1VFB_AB_C|TA53R,1.6458516,-0.24808711,3,1
1VFB_AB_C|TB30A,-0.05584954,0.22625983,3,1
1VFB_AB_C|TC118A,0.7650957,0.99467295,3,1
1VFB_AB_C|VC120A,0.9169499,0.5983905,3,1
1VFB_AB_C|WA92A,3.037848,1.126993,3,1
"1VFB_AB_C|WA92A,IC124A",3.8503337,1.4909981,3,1
"1VFB_AB_C|WA92A,LC129A",3.3073628,2.1846297,3,1
"1VFB_AB_C|WA92A,QC121A",3.5189366,2.3430955,3,1
"1VFB_AB_C|WA92A,RC125A",3.3932896,2.108396,3,1
1VFB_AB_C|WB52A,0.6406274,1.5336975,3,1
"1VFB_AB_C|WB52A,DC119A",2.2473724,3.2012956,3,1
1VFB_AB_C|YA32A,1.5281335,1.6124384,3,1
"1VFB_AB_C|YA32A,IC124A",2.9057157,1.8587648,3,1
"1VFB_AB_C|YA32A,QC121A",1.586041,2.7874916,3,1
1VFB_AB_C|YA49A,0.79754156,1.4818059,3,1
1VFB_AB_C|YA50A,0.456086,0.570999,3,1
"1VFB_AB_C|YA50A,DC119A",1.2314179,2.0990987,3,1
"1VFB_AB_C|YA50A,DC18A",1.265924,2.0483596,3,1
1VFB_AB_C|YA50K,1.7156012,0.14559333,3,1
1VFB_AB_C|YA50R,0.8443241,-0.049966194,3,1
1VFB_AB_C|YB101F,1.2695644,0.40586317,3,1
"1VFB_AB_C|YB101F,DC119A",2.736521,2.264553,3,1
"1VFB_AB_C|YB101F,VC120A",2.5384777,1.0334764,3,1
1VFB_AB_C|YB32A,0.7916793,1.3843988,3,1
"1VFB_AB_C|YB32A,KC116A",1.586041,2.424752,3,1
1VFB_AB_C|YB32E,1.9021881,0.5987681,3,1
1VFB_AB_C|YC23A,0.41047263,0.49547225,3,1
1XGP_AB_C|AB33F,-4.0,-0.7421856,3,1
1XGP_AB_C|AB33I,-2.260207,-0.7955335,3,1
1XGP_AB_C|AB33L,-2.1988916,-0.77156526,3,1
1XGP_AB_C|AB33V,-1.1525793,-0.86224324,3,1
2JEL_LH_P|AP82S,0.0,-1.0755737,3,1
2JEL_LH_P|DP69E,0.9530879,-0.06059172,3,1
2JEL_LH_P|EP5D,0.41047263,0.021832086,3,1
2JEL_LH_P|EP5Q,0.7129768,-0.007312916,3,1
2JEL_LH_P|EP68A,0.41047263,0.77209985,3,1
2JEL_LH_P|EP75R,2.727121,0.24933904,3,1
2JEL_LH_P|EP83A,0.0,0.77141,3,1
2JEL_LH_P|EP85A,0.0,0.7862669,3,1
2JEL_LH_P|EP85D,0.0,-0.003950767,3,1
2JEL_LH_P|EP85K,0.0,0.22875932,3,1
2JEL_LH_P|EP85Q,0.0,0.015600257,3,1
2JEL_LH_P|FP2W,2.6191528,-0.043138616,3,1
2JEL_LH_P|FP2Y,0.0,-0.21124876,3,1
2JEL_LH_P|HP76A,-0.41047263,0.97078276,3,1
2JEL_LH_P|HP76D,-0.65058374,0.068886705,3,1
2JEL_LH_P|KP24E,0.0,-0.18259537,3,1
2JEL_LH_P|KP27E,0.0,0.1786087,3,1
2JEL_LH_P|KP72E,0.41047263,-0.06764693,3,1
2JEL_LH_P|KP72R,0.0,0.05225831,3,1
2JEL_LH_P|KP79E,0.41047263,0.059222512,3,1
2JEL_LH_P|NP12D,0.0,-0.23771042,3,1
2JEL_LH_P|NP38T,0.0,0.33855778,3,1
2JEL_LH_P|PP11E,0.0,-0.1679973,3,1
2JEL_LH_P|QP3K,4.0,-0.13182986,3,1
2JEL_LH_P|QP4K,1.3635606,0.09651095,3,1
2JEL_LH_P|QP57E,-0.41047263,-0.30949277,3,1
2JEL_LH_P|QP71E,2.727121,0.20985675,3,1
2JEL_LH_P|RP17G,0.0,0.25191402,3,1
2JEL_LH_P|RP17K,0.0,-0.042347617,3,1
2JEL_LH_P|SP41C,1.4957032,-0.005592875,3,1
2JEL_LH_P|SP43C,0.0,-0.021476917,3,1
2JEL_LH_P|SP46C,0.0,0.14170063,3,1
2JEL_LH_P|SP64T,4.0,-0.19761139,3,1
2JEL_LH_P|TP34Q,0.0,-0.10304702,3,1
2JEL_LH_P|TP36Q,0.41047263,-0.0811516,3,1
2JEL_LH_P|TP62A,0.0,0.96055704,3,1
2JEL_LH_P|TP62N,0.0,0.08276393,3,1
2JEL_LH_P|TP7N,0.41047263,0.043671448,3,1
2JEL_LH_P|TP7S,0.0,0.12255636,3,1
2JEL_LH_P|VP6F,0.0,-0.28138232,3,1
"2NY7_HL_G|CG27I,CG226Q",0.19971907,0.21171765,3,1
"2NY7_HL_G|CG27I,CG226Q,MG231A",0.20319231,1.270924,3,1
"2NY7_HL_G|GG229C,MG231A",-0.37879732,0.6893884,3,1
"2NY7_HL_G|GG229C,WG13M,MG231A,CG14W,CG110V,CG27I,CG226Q",0.21462485,1.0043752,3,1
"2NY7_HL_G|KG66C,EG102C,CG27I,CG226Q",0.04085667,0.43412155,3,1
"2NY7_HL_G|KG66C,EG102C,WG13M,MG231A,CG14W,CG110V,CG27I,CG226Q",0.3998023,1.3649147,3,1
"2NY7_HL_G|KG66C,EG103C,WG13M,MG231A,CG14W,CG110V,CG27I,CG226Q",0.29989544,1.3153133,3,1
"2NY7_HL_G|WG13M,MG231A,CG14W,CG110V",1.1574335,1.075418,3,1
"2NY7_HL_G|WG13M,MG231A,CG14W,CG110V,CG27I,CG226Q",0.44904727,1.2054653,3,1
"2NY7_HL_G|WG13M,MG231A,CG14W,CG110V,KG66C,EG102C",0.55101526,1.2638818,3,1
"2NY7_HL_G|WG13M,SG92T,WG181S,MG231A,CG14W,CG110V,CG27I,CG226Q",-0.3035898,1.4211029,3,1
3BN9_B_CD|DB214A,0.5662115,0.6216231,3,1
3BN9_B_CD|DB46A,0.42238826,0.6586189,3,1
3BN9_B_CD|DB47A,0.31110755,0.9206752,3,1
3BN9_B_CD|EB163A,0.37321588,0.8247857,3,1
3BN9_B_CD|FB50A,-0.044997852,1.2779884,3,1
3BN9_B_CD|FB89A,0.6392419,1.1811967,3,1
3BN9_B_CD|HB138A,0.085063316,0.23349342,3,1
3BN9_B_CD|IB26A,0.0,0.5983997,3,1
3BN9_B_CD|IB45A,0.8352155,1.0094088,3,1
3BN9_B_CD|KB221A,0.7849689,0.81609285,3,1
3BN9_B_CD|LB147A,0.33619216,0.37361085,3,1
3BN9_B_CD|NB90A,0.7733444,1.2278159,3,1
3BN9_B_CD|PD104H,2.4272547,-0.22133279,3,1
3BN9_B_CD|QB140A,0.1331048,0.5155089,3,1
3BN9_B_CD|QB168A,-0.03469869,0.5413224,3,1
3BN9_B_CD|QB169A,2.5089848,0.9960321,3,1
3BN9_B_CD|QB218A,0.70571065,0.5945657,3,1
3BN9_B_CD|QB23A,-0.41530684,0.4635648,3,1
3BN9_B_CD|QD105V,1.2241027,-0.41284496,3,1
3BN9_B_CD|RB219A,-0.093698174,0.21006653,3,1
3BN9_B_CD|RB48A,-0.044997852,0.61808145,3,1
3BN9_B_CD|RB51A,-0.07155777,0.42337093,3,1
3BN9_B_CD|RB82A,-0.15923285,0.8254455,3,1
3BN9_B_CD|SD30G,1.1861069,-0.22041017,3,1
3BN9_B_CD|SD30N,1.145505,-0.066603296,3,1
3BN9_B_CD|TB144A,0.2908351,0.68214417,3,1
3BN9_B_CD|TB93A,1.1320528,1.5505522,3,1
3BN9_B_CD|TD102Q,-0.02153644,-0.49165702,3,1
3BN9_B_CD|TD102R,-0.058294915,-0.5027302,3,1
3BN9_B_CD|TD28R,0.33290586,-0.17578584,3,1
3BN9_B_CD|YB141A,1.0846525,1.1795299,3,1
3BN9_B_CD|YB52A,0.018951595,1.227853,3,1
3BN9_B_CD|YD103S,0.45868576,0.24770167,3,1
4GXU_ABCDEF_MN|DA189E,2.1650882,0.34905604,3,1
"4GXU_ABCDEF_MN|DA189E,DA224G",3.0102077,0.59472966,3,1
4GXU_ABCDEF_MN|DA224G,1.9608781,0.16934618,3,1
"1CZ8_HL_VW|LL4M,DH28T,HH31N,YH101H,TH105S",2.939849,2.137308,3,2
1KIR_AB_C|SA50Y,-1.3870943,-0.4074377,3,2
1MLC_AB_E|KB65D,0.018548755,-0.11402848,3,2
1MLC_AB_E|NA32G,-0.8773867,0.14148158,3,2
"1MLC_AB_E|NA32G,NA92A",-0.6866531,0.26430643,3,2
"1MLC_AB_E|NA32G,NA92A,SB57V,TB58D",-1.7349738,0.4788517,3,2
1MLC_AB_E|NA32Y,0.0,-0.69526184,3,2
1MLC_AB_E|NA92A,-1.2533532,0.2569282,3,2
"1MLC_AB_E|NA92A,SB57V,TB58D",-2.394188,0.73370194,3,2
"1MLC_AB_E|NA92A,TB28D,SB57V,TB58D",-2.5813644,-0.05220282,3,2
"1MLC_AB_E|NA92A,TB28D,SB57V,TB58D,EB35S,GB99D",-2.9539242,-1.075524,3,2
"1MLC_AB_E|NA92A,TB28D,SB57V,TB58D,GB99D",-0.20357698,0.09824166,3,2
"1MLC_AB_E|NA92A,TB28D,SB57V,TB58D,NA32L",-2.5843081,-0.2864788,3,2
"1MLC_AB_E|NA92A,TB28D,SB57V,TB58D,RB98M,DB100Q",-0.41047263,-0.33528328,3,2
"1MLC_AB_E|NA92A,TB28D,SB57V,TB58D,SA91N,SA93A",-1.6104395,0.24181867,3,2
"1MLC_AB_E|NA92A,TB28D,SB57V,TB58D,SB30G",-2.3584673,0.12221435,3,2
"1MLC_AB_E|NA92A,TB28D,SB57V,TB58D,YB32W,RB98V,DB100Q",0.36138764,0.06687836,3,2
"1MLC_AB_E|NA92A,TB28D,SB57V,TB58D,YB59E",-1.4661698,1.0038155,3,2
1MLC_AB_E|SB57A,-0.37902167,0.6166378,3,2
1MLC_AB_E|SB57V,-0.49418068,-0.30323926,3,2
"1MLC_AB_E|SB57V,TB58D",-0.9877286,-0.16612326,3,2
1MLC_AB_E|TB28D,-0.15094383,-0.4379972,3,2
1MLC_AB_E|TB31A,0.44700673,0.5228032,3,2
1MLC_AB_E|TB31V,0.5262404,0.4237664,3,2
1MLC_AB_E|TB31W,0.13214268,0.19464369,3,2
1MLC_AB_E|TB58D,-0.55968237,0.01777029,3,2
1NCA_N_LH|DH101K,0.71416,1.2488737,3,2
1NCA_N_LH|EH100D,0.41047263,0.14931247,3,2
1NCA_N_LH|NH102Q,0.5426153,0.38683972,3,2
1NCA_N_LH|NH31Q,0.0,-0.10837777,3,2
1NMB_N_LH|DH57E,2.9536283,0.24171348,3,2
1NMB_N_LH|DH57N,2.9536283,0.23455955,3,2
1NMB_N_LH|LL94V,0.9000208,0.21248317,3,2
1NMB_N_LH|TL93F,-0.023903161,-0.44002435,3,2
1NMB_N_LH|TL93W,0.18419003,-1.3881353,3,2
1NMB_N_LH|YH103A,2.14062,2.442003,3,2
1NMB_N_LH|YH105F,1.4194101,0.41698056,3,2
1NMB_N_LH|YL32F,0.46632215,0.875975,3,2
1VFB_AB_C|DB100A,3.005002,0.14691213,3,2
"1VFB_AB_C|DB100A,SC24A",3.369756,0.09106232,3,2
1VFB_AB_C|DB54A,0.8151114,0.11907167,3,2
"1VFB_AB_C|DB54A,TC118A",1.2546439,0.64593697,3,2
1VFB_AB_C|DB58A,-0.20700333,0.36400548,3,2
1VFB_AB_C|DB58E,0.078081094,-0.15561427,3,2
1VFB_AB_C|DB58N,-0.12818155,0.027375676,3,2
1VFB_AB_C|DC119A,0.9530879,2.2437384,3,2
1VFB_AB_C|DC18A,0.34013057,1.1312058,3,2
1VFB_AB_C|EB98A,1.1565572,0.8988322,3,2
1VFB_AB_C|GB31A,0.30646533,0.42725796,3,2
1VFB_AB_C|GB31E,-0.5097613,0.17950818,3,2
1VFB_AB_C|GB31W,0.0039611305,0.31234366,3,2
1VFB_AB_C|HA30A,0.84488255,0.18591875,3,2
1VFB_AB_C|IC124A,1.2314179,0.51797295,3,2
1VFB_AB_C|KC116A,0.7134504,1.173119,3,2
1VFB_AB_C|LC129A,0.17154472,0.29168198,3,2
1VFB_AB_C|NA31W,0.17432266,0.4260988,3,2
1VFB_AB_C|NB56A,0.17771798,0.12640134,3,2
1VFB_AB_C|NC19A,0.3960868,0.29088074,3,2
1VFB_AB_C|QC121A,2.876998,0.34906727,3,2
1VFB_AB_C|RB99A,-0.099735305,1.0432363,3,2
1VFB_AB_C|RB99W,0.7049742,0.17020983,3,2
1VFB_AB_C|RB99Y,1.235379,-0.048302427,3,2
1VFB_AB_C|RC125A,1.8368999,0.45556694,3,2
1VFB_AB_C|SA93A,0.34312394,0.37604228,3,2
1VFB_AB_C|SB28D,0.0,-0.28507453,3,2
1VFB_AB_C|SB28E,-0.104007296,0.06303832,3,2
1VFB_AB_C|SB28N,0.14394745,0.13562687,3,2
1VFB_AB_C|SB28Q,0.078081094,0.44715425,3,2
1VFB_AB_C|SC24A,0.850965,0.48635152,3,2
1VFB_AB_C|TA52F,0.4708752,-0.068626195,3,2
1VFB_AB_C|TA53R,1.6458516,0.056979023,3,2
1VFB_AB_C|TB30A,-0.05584954,-0.11364308,3,2
1VFB_AB_C|TC118A,0.7650957,0.7911047,3,2
1VFB_AB_C|VC120A,0.9169499,-0.086906776,3,2
1VFB_AB_C|WA92A,3.037848,0.8673477,3,2
"1VFB_AB_C|WA92A,IC124A",3.8503337,1.4726093,3,2
"1VFB_AB_C|WA92A,LC129A",3.3073628,0.6129917,3,2
"1VFB_AB_C|WA92A,QC121A",3.5189366,0.46236423,3,2
"1VFB_AB_C|WA92A,RC125A",3.3932896,0.89654756,3,2
1VFB_AB_C|WB52A,0.6406274,0.8374313,3,2
"1VFB_AB_C|WB52A,DC119A",2.2473724,2.5542674,3,2
1VFB_AB_C|YA32A,1.5281335,2.4421475,3,2
"1VFB_AB_C|YA32A,IC124A",2.9057157,2.7943573,3,2
"1VFB_AB_C|YA32A,QC121A",1.586041,1.8740381,3,2
1VFB_AB_C|YA49A,0.79754156,1.7564764,3,2
1VFB_AB_C|YA50A,0.456086,1.1886458,3,2
"1VFB_AB_C|YA50A,DC119A",1.2314179,2.8060966,3,2
"1VFB_AB_C|YA50A,DC18A",1.265924,1.5518548,3,2
1VFB_AB_C|YA50K,1.7156012,1.4917397,3,2
1VFB_AB_C|YA50R,0.8443241,1.3631357,3,2
1VFB_AB_C|YB101F,1.2695644,2.1344712,3,2
"1VFB_AB_C|YB101F,DC119A",2.736521,4.54445,3,2
"1VFB_AB_C|YB101F,VC120A",2.5384777,1.4968765,3,2
1VFB_AB_C|YB32A,0.7916793,1.0243515,3,2
"1VFB_AB_C|YB32A,KC116A",1.586041,2.1198144,3,2
1VFB_AB_C|YB32E,1.9021881,0.72308934,3,2
1VFB_AB_C|YC23A,0.41047263,0.87294745,3,2
1XGP_AB_C|AB33F,-4.0,-2.7138472,3,2
1XGP_AB_C|AB33I,-2.260207,-1.7986162,3,2
1XGP_AB_C|AB33L,-2.1988916,-1.6821173,3,2
1XGP_AB_C|AB33V,-1.1525793,-0.9918542,3,2
2JEL_LH_P|AP82S,0.0,-0.28349495,3,2
2JEL_LH_P|DP69E,0.9530879,0.63127244,3,2
2JEL_LH_P|EP5D,0.41047263,-0.44450024,3,2
2JEL_LH_P|EP5Q,0.7129768,0.2839545,3,2
2JEL_LH_P|EP68A,0.41047263,0.7630755,3,2
2JEL_LH_P|EP75R,2.727121,2.530697,3,2
2JEL_LH_P|EP83A,0.0,0.82386684,3,2
2JEL_LH_P|EP85A,0.0,0.24459982,3,2
2JEL_LH_P|EP85D,0.0,-0.23293471,3,2
2JEL_LH_P|EP85K,0.0,0.21267675,3,2
2JEL_LH_P|EP85Q,0.0,0.29658657,3,2
2JEL_LH_P|FP2W,2.6191528,1.1051139,3,2
2JEL_LH_P|FP2Y,0.0,0.092510864,3,2
2JEL_LH_P|HP76A,-0.41047263,0.8702977,3,2
2JEL_LH_P|HP76D,-0.65058374,0.10554755,3,2
2JEL_LH_P|KP24E,0.0,0.7048416,3,2
2JEL_LH_P|KP27E,0.0,1.3928359,3,2
2JEL_LH_P|KP72E,0.41047263,-0.43750885,3,2
2JEL_LH_P|KP72R,0.0,0.33612153,3,2
2JEL_LH_P|KP79E,0.41047263,-0.02678971,3,2
2JEL_LH_P|NP12D,0.0,-1.2383621,3,2
2JEL_LH_P|NP38T,0.0,0.50596803,3,2
2JEL_LH_P|PP11E,0.0,-0.040424325,3,2
2JEL_LH_P|QP3K,4.0,0.2111963,3,2
2JEL_LH_P|QP4K,1.3635606,-0.15399492,3,2
2JEL_LH_P|QP57E,-0.41047263,0.38018522,3,2
2JEL_LH_P|QP71E,2.727121,0.2020803,3,2
2JEL_LH_P|RP17G,0.0,0.29501122,3,2
2JEL_LH_P|RP17K,0.0,-0.18290856,3,2
2JEL_LH_P|SP41C,1.4957032,0.57814145,3,2
2JEL_LH_P|SP43C,0.0,0.22347045,3,2
2JEL_LH_P|SP46C,0.0,0.5983957,3,2
2JEL_LH_P|SP64T,4.0,0.10945965,3,2
2JEL_LH_P|TP34Q,0.0,0.5082011,3,2
2JEL_LH_P|TP36Q,0.41047263,0.24365519,3,2
2JEL_LH_P|TP62A,0.0,0.54748785,3,2
2JEL_LH_P|TP62N,0.0,1.0438578,3,2
2JEL_LH_P|TP7N,0.41047263,1.0825926,3,2
2JEL_LH_P|TP7S,0.0,0.62054,3,2
2JEL_LH_P|VP6F,0.0,-0.055955216,3,2
"2NY7_HL_G|CG27I,CG226Q",0.19971907,-2.3373086,3,2
"2NY7_HL_G|CG27I,CG226Q,MG231A",0.20319231,-1.6220313,3,2
"2NY7_HL_G|GG229C,MG231A",-0.37879732,0.055300824,3,2
"2NY7_HL_G|GG229C,WG13M,MG231A,CG14W,CG110V,CG27I,CG226Q",0.21462485,-2.4561272,3,2
"2NY7_HL_G|KG66C,EG102C,CG27I,CG226Q",0.04085667,-1.8080744,3,2
"2NY7_HL_G|KG66C,EG102C,WG13M,MG231A,CG14W,CG110V,CG27I,CG226Q",0.3998023,-1.9790707,3,2
"2NY7_HL_G|KG66C,EG103C,WG13M,MG231A,CG14W,CG110V,CG27I,CG226Q",0.29989544,-2.1375086,3,2
"2NY7_HL_G|WG13M,MG231A,CG14W,CG110V",1.1574335,0.039697066,3,2
"2NY7_HL_G|WG13M,MG231A,CG14W,CG110V,CG27I,CG226Q",0.44904727,-2.1352944,3,2
"2NY7_HL_G|WG13M,MG231A,CG14W,CG110V,KG66C,EG102C",0.55101526,0.2920407,3,2
"2NY7_HL_G|WG13M,SG92T,WG181S,MG231A,CG14W,CG110V,CG27I,CG226Q",-0.3035898,-2.1382077,3,2
3BN9_B_CD|DB214A,0.5662115,0.9038347,3,2
3BN9_B_CD|DB46A,0.42238826,0.7769271,3,2
3BN9_B_CD|DB47A,0.31110755,0.5969111,3,2
3BN9_B_CD|EB163A,0.37321588,0.118522555,3,2
3BN9_B_CD|FB50A,-0.044997852,0.69000363,3,2
3BN9_B_CD|FB89A,0.6392419,1.5109541,3,2
3BN9_B_CD|HB138A,0.085063316,0.20464543,3,2
3BN9_B_CD|IB26A,0.0,0.5639436,3,2
3BN9_B_CD|IB45A,0.8352155,0.89886916,3,2
3BN9_B_CD|KB221A,0.7849689,0.8584465,3,2
3BN9_B_CD|LB147A,0.33619216,-0.21141106,3,2
3BN9_B_CD|NB90A,0.7733444,0.6898774,3,2
3BN9_B_CD|PD104H,2.4272547,-0.35317627,3,2
3BN9_B_CD|QB140A,0.1331048,0.653551,3,2
3BN9_B_CD|QB168A,-0.03469869,0.13211128,3,2
3BN9_B_CD|QB169A,2.5089848,1.67356,3,2
3BN9_B_CD|QB218A,0.70571065,-0.10429376,3,2
3BN9_B_CD|QB23A,-0.41530684,0.28472513,3,2
3BN9_B_CD|QD105V,1.2241027,0.14631268,3,2
3BN9_B_CD|RB219A,-0.093698174,-0.51811564,3,2
3BN9_B_CD|RB48A,-0.044997852,-0.59781194,3,2
3BN9_B_CD|RB51A,-0.07155777,0.24694277,3,2
3BN9_B_CD|RB82A,-0.15923285,0.12513503,3,2
3BN9_B_CD|SD30G,1.1861069,1.1143017,3,2
3BN9_B_CD|SD30N,1.145505,1.1616905,3,2
3BN9_B_CD|TB144A,0.2908351,0.23625855,3,2
3BN9_B_CD|TB93A,1.1320528,1.2179563,3,2
3BN9_B_CD|TD102Q,-0.02153644,-0.6346117,3,2
3BN9_B_CD|TD102R,-0.058294915,-0.9300611,3,2
3BN9_B_CD|TD28R,0.33290586,0.22116044,3,2
3BN9_B_CD|YB141A,1.0846525,1.4742352,3,2
3BN9_B_CD|YB52A,0.018951595,0.65221786,3,2
3BN9_B_CD|YD103S,0.45868576,1.198134,3,2
4GXU_ABCDEF_MN|DA189E,2.1650882,1.5930581,3,2
"4GXU_ABCDEF_MN|DA189E,DA224G",3.0102077,2.7667577,3,2
4GXU_ABCDEF_MN|DA224G,1.9608781,1.5885948,3,2
"1JRH_LH_I|AI49S,II51T,HI55D",0.070675574,-0.19552024,4,0
"1JRH_LH_I|AI85D,KI88R,EI90K",-0.047747865,-0.60122955,4,0
"1JRH_LH_I|AI93L,VI94M",0.63366294,-0.59782773,4,0
1JRH_LH_I|DH56A,1.8860998,0.41824007,4,0
1JRH_LH_I|DH57A,1.6660647,0.6240296,4,0
1JRH_LH_I|DH58A,1.8546488,0.5898163,4,0
1JRH_LH_I|DL28A,0.43464687,0.7324501,4,0
1JRH_LH_I|EI35Q,0.09956847,-0.20097043,4,0
1JRH_LH_I|EI45A,-0.5657849,0.3379855,4,0
1JRH_LH_I|EI45P,-3.7881775,-0.14244334,4,0
"1JRH_LH_I|EI45P,II47L",-3.4567804,0.15233196,4,0
"1JRH_LH_I|EI45P,II47R",-3.4400978,0.25530237,4,0
1JRH_LH_I|EL27A,0.5426153,0.5327116,4,0
1JRH_LH_I|FH103A,0.0,0.28637767,4,0
1JRH_LH_I|GI40A,4.0,0.39366856,4,0
1JRH_LH_I|HH107A,1.6977708,0.49707752,4,0
"1JRH_LH_I|II25N,PI27S,VI29T,VI31I",0.14370596,-0.025039911,4,0
1JRH_LH_I|KI37A,3.713863,0.4801356,4,0
1JRH_LH_I|KI37M,3.2923293,-0.11152066,4,0
1JRH_LH_I|KI42A,3.3858175,0.6568525,4,0
1JRH_LH_I|KI42M,4.0,0.1353166,4,0
1JRH_LH_I|KI88A,0.31209365,0.80282307,4,0
"1JRH_LH_I|MI15L,II18V",-0.21360606,0.123916104,4,0
1JRH_LH_I|NI38A,0.1704579,0.5817283,4,0
1JRH_LH_I|NI38Q,0.5344714,-0.11902263,4,0
1JRH_LH_I|NI43A,4.0,0.57311064,4,0
1JRH_LH_I|NI69A,-0.19953421,0.18900564,4,0
1JRH_LH_I|RH100A,0.5426153,0.47159004,4,0
1JRH_LH_I|RI74A,0.3926171,0.393798,4,0
1JRH_LH_I|SI44A,0.37771076,0.7993915,4,0
"1JRH_LH_I|SI44G,EI45G,II47R",-3.3777049,0.13431121,4,0
"1JRH_LH_I|SI44G,EI45P,II47K",-3.884419,0.104883894,4,0
"1JRH_LH_I|SI61Y,DI62E,HI63Q,VI64I,GI65M,DI66Y,SI68D,NI69V,LI71A",2.9588323,-0.2740382,4,0
1JRH_LH_I|SL93A,-0.65058374,0.3598279,4,0
1JRH_LH_I|TI4V,-0.025565991,-0.13844635,4,0
"1JRH_LH_I|TI9L,EI11K",-0.025565991,-0.28169703,4,0
1JRH_LH_I|TL94A,0.38526937,0.5081752,4,0
1JRH_LH_I|VI41A,1.6791569,0.6833819,4,0
"1JRH_LH_I|VI73A,RI78K",-0.21360606,0.2269742,4,0
1JRH_LH_I|WH54A,2.6862645,0.85389155,4,0
1JRH_LH_I|WH55A,2.4213178,0.68108106,4,0
1JRH_LH_I|WI46F,-0.25261214,-0.35355482,4,0
1JRH_LH_I|WI46Y,0.29852974,-0.4471542,4,0
1JRH_LH_I|WI72A,4.0,0.99968785,4,0
1JRH_LH_I|WI72F,1.102707,0.0487219,4,0
1JRH_LH_I|WI72Y,1.1878273,-0.17249465,4,0
1JRH_LH_I|WL92A,2.818407,0.9168422,4,0
1JRH_LH_I|WL95A,1.6660647,0.41510108,4,0
1JRH_LH_I|YH104A,1.0610564,1.1535859,4,0
1JRH_LH_I|YH32A,1.4333102,1.0404327,4,0
1JRH_LH_I|YH60A,1.2555921,0.83595335,4,0
1JRH_LH_I|YI39A,3.5271235,1.0466232,4,0
1JRH_LH_I|YI39F,0.9087807,0.11639876,4,0
1JRH_LH_I|YL30A,1.1084566,1.0323861,4,0
1JRH_LH_I|YL91A,0.58083415,0.8994992,4,0
1KIQ_AB_C|FB101Y,-2.4949589,-0.10011535,4,0
1XGR_AB_C|IB33A,2.260207,0.6646325,4,0
1XGR_AB_C|IB33F,-1.8004549,0.1334073,4,0
1XGR_AB_C|IB33L,0.061315425,0.17066161,4,0
1XGR_AB_C|IB33V,1.1076277,0.17119339,4,0
2BDN_HL_A|DH31E,1.0852306,-0.10284659,4,0
2BDN_HL_A|LH27K,0.8740124,-0.01896912,4,0
2BDN_HL_A|LH27R,0.65058374,-0.14035586,4,0
2BDN_HL_A|NH28D,0.13214268,-0.188478,4,0
2BDN_HL_A|NH28Q,1.3994616,-0.28925467,4,0
2BDN_HL_A|NL31K,3.4897714,0.23329191,4,0
2BDN_HL_A|NL31R,-0.9171868,0.035636112,4,0
2BDN_HL_A|SL53D,-0.1605731,-0.5191373,4,0
2BDN_HL_A|SL53E,-0.85132045,-0.63339037,4,0
2BDN_HL_A|TL56D,-0.4254655,-0.16770284,4,0
2BDN_HL_A|TL56E,-0.6888026,-0.277274,4,0
2BDN_HL_A|YL30K,0.67475796,0.809727,4,0
2NYY_DC_A|DA1030A,0.009336901,0.95799005,4,0
2NYY_DC_A|DA1034A,2.5297937,0.39337584,4,0
2NYY_DC_A|DC30Y,0.64113563,-0.13248967,4,0
2NYY_DC_A|EA892A,2.839132,0.5318773,4,0
2NYY_DC_A|ED5Q,-0.2479871,0.015699573,4,0
2NYY_DC_A|FA889A,0.4193659,0.95442426,4,0
2NYY_DC_A|FA925A,4.0,0.79266334,4,0
2NYY_DC_A|HA1036A,4.0,0.37133518,4,0
2NYY_DC_A|HC34R,0.10088469,-0.0032320996,4,0
2NYY_DC_A|IA928A,-0.009487502,1.0097114,4,0
2NYY_DC_A|KA1028A,-0.028934313,0.7313343,4,0
2NYY_DC_A|KA875A,0.29098648,0.6755534,4,0
2NYY_DC_A|KA895A,-0.14014584,0.43254483,4,0
2NYY_DC_A|KD29R,0.071385965,-0.06961246,4,0
"2NYY_DC_A|KD29S,YD30D,DD31H,SD60P",0.04961051,0.5311411,4,0
2NYY_DC_A|LA891A,2.5892105,1.0429908,4,0
2NYY_DC_A|MD33Q,-0.059869844,-0.07667287,4,0
2NYY_DC_A|NA890A,0.89044046,0.36825818,4,0
2NYY_DC_A|NA926A,0.09934822,0.6191274,4,0
2NYY_DC_A|QA887A,0.5208145,0.56987584,4,0
2NYY_DC_A|RA1033A,0.82012254,0.7368679,4,0
2NYY_DC_A|RA1266A,0.2995321,0.7977292,4,0
2NYY_DC_A|SA874A,-0.23032175,0.6473342,4,0
2NYY_DC_A|SA927A,0.0,0.43328363,4,0
2NYY_DC_A|SC28Q,0.4133828,-0.6665261,4,0
2NYY_DC_A|SC31N,-0.35338265,-0.0395696,4,0
2NYY_DC_A|TA1035A,1.630871,0.5626703,4,0
2NYY_DC_A|VD36I,-0.21317148,0.029865764,4,0
"2NYY_DC_A|VD36I,ED5Q",-0.0490461,0.053248335,4,0
2NYY_DC_A|YD30D,0.06462482,0.29612628,4,0
2NYY_DC_A|YD30Q,0.12897444,0.06686008,4,0
2NYY_DC_A|YD56Q,0.5196862,0.08373692,4,0
2NZ9_DC_A|DA1030A,-0.031082604,0.882374,4,0
2NZ9_DC_A|DA1034A,2.3396032,0.36421257,4,0
2NZ9_DC_A|EA892A,2.77036,0.32741395,4,0
2NZ9_DC_A|FA889A,-0.04961051,0.968205,4,0
2NZ9_DC_A|FA925A,3.340439,0.64620364,4,0
2NZ9_DC_A|HA1036A,4.0,0.35305473,4,0
2NZ9_DC_A|IA928A,0.069281444,1.0374911,4,0
2NZ9_DC_A|KA1028A,-0.008714417,0.82487,4,0
2NZ9_DC_A|KA875A,0.5407011,0.947204,4,0
2NZ9_DC_A|KA895A,-0.29975358,0.5044449,4,0
2NZ9_DC_A|LA891A,2.279965,0.5838092,4,0
2NZ9_DC_A|NA890A,2.1600318,0.26653835,4,0
2NZ9_DC_A|NA926A,-0.15216734,0.56285554,4,0
2NZ9_DC_A|QA887A,0.09926054,0.5459029,4,0
2NZ9_DC_A|RA1033A,0.29088098,0.78757703,4,0
2NZ9_DC_A|RA1266A,0.39015788,0.6903787,4,0
2NZ9_DC_A|SA874A,-0.11948046,0.57545197,4,0
2NZ9_DC_A|SA927A,-0.078544825,0.41450346,4,0
"2NZ9_DC_A|SD29K,DD30Y,HD31D",-0.04961051,-0.41777885,4,0
2NZ9_DC_A|TA1035A,2.3703818,0.5801825,4,0
2VIS_AB_C|IC89T,-4.0,0.3319415,4,0
"3BE1_HL_A|DL28N,PL30A,RL31K,SL32T,TL97S,TL98S",-0.6860794,-0.017275348,4,0
"3BE1_HL_A|DL28N,PL30A,RL31K,SL32T,TL97S,TL98S,KH30S,DH31G,TH54S,NH55E,GH100V,DH102V",-2.7728782,-1.0528132,4,0
"3BE1_HL_A|DL28N,PL30A,RL31K,SL32T,TL97S,TL98S,KH30S,DH31G,TH54S,NH55E,GH100V,DH102V,YL36A",-3.190238,-0.4643327,4,0
"3BE1_HL_A|DL28N,PL30A,RL31K,SL32T,TL97S,TL98S,KH30S,DH31G,TH54S,NH55E,GH100V,DH102V,YL36A,IL33A",-2.7728782,0.04711184,4,0
"3BE1_HL_A|DL28N,PL30A,RL31K,SL32T,YL57F,TL97S,TL98S",-0.8683455,0.27092975,4,0
"3BE1_HL_A|DL28N,PL30A,RL31K,SL32T,YL57F,TL97S,TL98S,KH30S,DH31G,TH54S,NH55E,GH100V,DH102V",-2.8824897,-0.7647267,4,0
3LZF_AB_HL|DA187E,0.49836498,0.11738875,4,0
"3LZF_AB_HL|DA187E,DA222G",0.12738612,0.28025362,4,0
3LZF_AB_HL|DA222G,0.5378587,0.2311572,4,0
3NGB_HL_G|AH57G,-0.056030333,-1.029598,4,0
"3NGB_HL_G|AH57G,VH58T,PH63K,VH74T",1.6734211,-0.51977736,4,0
"3NGB_HL_G|CH32S,CH102A",0.25899792,0.6375491,4,0
3NGB_HL_G|DH103A,0.05987142,0.44818223,4,0
3NGB_HL_G|EL88A,1.3199503,0.6238269,4,0
3NGB_HL_G|FL89A,0.85886127,0.45721102,4,0
3NGB_HL_G|GH55A,-1.2766591,0.4253866,4,0
3NGB_HL_G|GH55S,0.74304354,0.2272781,4,0
3NGB_HL_G|GH56A,1.2656107,0.39031112,4,0
3NGB_HL_G|IH30A,-0.0027431613,0.6886784,4,0
3NGB_HL_G|IH30T,0.0733938,0.31600857,4,0
"3NGB_HL_G|IH30T,KH52N,RH54N,GH55S,AH57G,VH58T,RH62Q,PH63K,VH74T,YH75S,YL26S",0.86214453,1.796119,4,0
3NGB_HL_G|KH52A,0.62288266,0.6945973,4,0
3NGB_HL_G|KH52N,0.17497002,0.2911938,4,0
3NGB_HL_G|MH70A,0.5305512,0.45736012,4,0
3NGB_HL_G|NH105A,1.1185741,0.32049477,4,0
3NGB_HL_G|NH59A,1.7671243,0.21296301,4,0
3NGB_HL_G|PH63A,-0.04252045,0.05220497,4,0
3NGB_HL_G|PH63K,0.23252328,-0.23396702,4,0
3NGB_HL_G|QH65A,-0.34038836,0.868368,4,0
3NGB_HL_G|QL25A,-0.23060839,0.6547594,4,0
3NGB_HL_G|RH54A,-0.25938424,0.88303554,4,0
3NGB_HL_G|RH54N,0.04645046,0.45435315,4,0
3NGB_HL_G|RH62A,0.9958448,0.75071967,4,0
3NGB_HL_G|RH62Q,0.09654992,0.17575034,4,0
3NGB_HL_G|RH72A,1.6432176,0.09692176,4,0
3NGB_HL_G|SL28A,-0.14471176,0.57178336,4,0
3NGB_HL_G|TH33A,0.7071634,0.47897863,4,0
3NGB_HL_G|TH33Y,0.084193856,-0.48883218,4,0
"3NGB_HL_G|TH33Y,GH56S,AH57G,VH58T,PH63K,VH74T,YH75S",1.9381938,-0.02778285,4,0
3NGB_HL_G|VH58A,1.3584284,0.72601384,4,0
3NGB_HL_G|VH58T,0.13787223,0.30614883,4,0
3NGB_HL_G|VH74A,1.087914,0.7175036,4,0
3NGB_HL_G|VH74T,0.16493925,0.36968014,4,0
3NGB_HL_G|VL1A,-0.7733632,0.5894369,4,0
3NGB_HL_G|WH106A,4.0,0.7993062,4,0
3NGB_HL_G|WH47A,1.2021707,0.4295356,4,0
3NGB_HL_G|WH50A,1.2917941,0.6603121,4,0
3NGB_HL_G|YH104A,1.4235861,0.86945677,4,0
3NGB_HL_G|YH60A,0.5484263,0.6912126,4,0
3NGB_HL_G|YH75A,-0.19932224,0.9772687,4,0
3NGB_HL_G|YH75S,0.3325709,0.70208406,4,0
3NGB_HL_G|YL26A,0.98528093,1.2231177,4,0
3NGB_HL_G|YL26S,0.6512687,0.9159653,4,0
3NGB_HL_G|YL87A,2.0227883,1.0597788,4,0
4JPK_HL_A|DA141R,3.857323,0.13434899,4,0
"4JPK_HL_A|DA159N,DA33N",0.6189681,0.11544387,4,0
4JPK_HL_A|FA144I,1.3875175,-0.067494124,4,0
4JPK_HL_A|FA63L,1.1672868,0.13825981,4,0
4JPK_HL_A|RA130K,0.23006605,-0.07745431,4,0
4JPK_HL_A|RA81T,0.75870305,0.0018016831,4,0
4JPK_HL_A|SA41G,2.151695,0.13207538,4,0
4JPK_HL_A|TA35S,-0.032093357,-0.044150114,4,0
4JPK_HL_A|VA30N,0.59459484,0.123526365,4,0
"1JRH_LH_I|AI49S,II51T,HI55D",0.070675574,-0.18851121,4,1
"1JRH_LH_I|AI85D,KI88R,EI90K",-0.047747865,-0.0683112,4,1
"1JRH_LH_I|AI93L,VI94M",0.63366294,-0.5181607,4,1
1JRH_LH_I|DH56A,1.8860998,2.201454,4,1
1JRH_LH_I|DH57A,1.6660647,1.7309978,4,1
1JRH_LH_I|DH58A,1.8546488,0.6191024,4,1
1JRH_LH_I|DL28A,0.43464687,0.6333645,4,1
1JRH_LH_I|EI35Q,0.09956847,-0.2778653,4,1
1JRH_LH_I|EI45A,-0.5657849,0.26753622,4,1
1JRH_LH_I|EI45P,-3.7881775,0.16826293,4,1
"1JRH_LH_I|EI45P,II47L",-3.4567804,0.8679587,4,1
"1JRH_LH_I|EI45P,II47R",-3.4400978,0.643344,4,1
1JRH_LH_I|EL27A,0.5426153,0.5905851,4,1
1JRH_LH_I|FH103A,0.0,0.023036502,4,1
1JRH_LH_I|GI40A,4.0,0.50113565,4,1
1JRH_LH_I|HH107A,1.6977708,0.92204034,4,1
"1JRH_LH_I|II25N,PI27S,VI29T,VI31I",0.14370596,-0.69266295,4,1
1JRH_LH_I|KI37A,3.713863,0.34559637,4,1
1JRH_LH_I|KI37M,3.2923293,-0.00972987,4,1
1JRH_LH_I|KI42A,3.3858175,0.28770062,4,1
1JRH_LH_I|KI42M,4.0,0.115336046,4,1
1JRH_LH_I|KI88A,0.31209365,0.091629185,4,1
"1JRH_LH_I|MI15L,II18V",-0.21360606,0.9657213,4,1
1JRH_LH_I|NI38A,0.1704579,0.118236184,4,1
1JRH_LH_I|NI38Q,0.5344714,-0.6225444,4,1
1JRH_LH_I|NI43A,4.0,0.27767712,4,1
1JRH_LH_I|NI69A,-0.19953421,0.26531252,4,1
1JRH_LH_I|RH100A,0.5426153,1.061437,4,1
1JRH_LH_I|RI74A,0.3926171,1.2007602,4,1
1JRH_LH_I|SI44A,0.37771076,0.6799894,4,1
"1JRH_LH_I|SI44G,EI45G,II47R",-3.3777049,0.56528634,4,1
"1JRH_LH_I|SI44G,EI45P,II47K",-3.884419,0.82746196,4,1
"1JRH_LH_I|SI61Y,DI62E,HI63Q,VI64I,GI65M,DI66Y,SI68D,NI69V,LI71A",2.9588323,0.48517656,4,1
1JRH_LH_I|SL93A,-0.65058374,-0.052244797,4,1
1JRH_LH_I|TI4V,-0.025565991,-0.50657797,4,1
"1JRH_LH_I|TI9L,EI11K",-0.025565991,0.47950298,4,1
1JRH_LH_I|TL94A,0.38526937,0.71648365,4,1
1JRH_LH_I|VI41A,1.6791569,0.31982708,4,1
"1JRH_LH_I|VI73A,RI78K",-0.21360606,-0.029966109,4,1
1JRH_LH_I|WH54A,2.6862645,3.2997088,4,1
1JRH_LH_I|WH55A,2.4213178,1.2604038,4,1
1JRH_LH_I|WI46F,-0.25261214,0.29700947,4,1
1JRH_LH_I|WI46Y,0.29852974,-0.014925174,4,1
1JRH_LH_I|WI72A,4.0,0.95530003,4,1
1JRH_LH_I|WI72F,1.102707,-0.17501785,4,1
1JRH_LH_I|WI72Y,1.1878273,-0.50043255,4,1
1JRH_LH_I|WL92A,2.818407,0.4640091,4,1
1JRH_LH_I|WL95A,1.6660647,1.2570447,4,1
1JRH_LH_I|YH104A,1.0610564,0.83567065,4,1
1JRH_LH_I|YH32A,1.4333102,1.1724012,4,1
1JRH_LH_I|YH60A,1.2555921,1.5273348,4,1
1JRH_LH_I|YI39A,3.5271235,1.5131915,4,1
1JRH_LH_I|YI39F,0.9087807,0.39519274,4,1
1JRH_LH_I|YL30A,1.1084566,2.1133373,4,1
1JRH_LH_I|YL91A,0.58083415,2.7409062,4,1
1KIQ_AB_C|FB101Y,-2.4949589,-0.66906834,4,1
1XGR_AB_C|IB33A,2.260207,2.4437652,4,1
1XGR_AB_C|IB33F,-1.8004549,-1.1116052,4,1
1XGR_AB_C|IB33L,0.061315425,0.598945,4,1
1XGR_AB_C|IB33V,1.1076277,1.5579859,4,1
2BDN_HL_A|DH31E,1.0852306,0.042616297,4,1
2BDN_HL_A|LH27K,0.8740124,-0.017792225,4,1
2BDN_HL_A|LH27R,0.65058374,-0.1545452,4,1
2BDN_HL_A|NH28D,0.13214268,-0.14922722,4,1
2BDN_HL_A|NH28Q,1.3994616,0.28264076,4,1
2BDN_HL_A|NL31K,3.4897714,0.5052809,4,1
2BDN_HL_A|NL31R,-0.9171868,0.26563674,4,1
2BDN_HL_A|SL53D,-0.1605731,-0.18046917,4,1
2BDN_HL_A|SL53E,-0.85132045,0.030455232,4,1
2BDN_HL_A|TL56D,-0.4254655,-0.44949323,4,1
2BDN_HL_A|TL56E,-0.6888026,-0.36014557,4,1
2BDN_HL_A|YL30K,0.67475796,1.3508751,4,1
2NYY_DC_A|DA1030A,0.009336901,0.5494617,4,1
2NYY_DC_A|DA1034A,2.5297937,0.75117505,4,1
2NYY_DC_A|DC30Y,0.64113563,-0.14346723,4,1
2NYY_DC_A|EA892A,2.839132,0.6586391,4,1
2NYY_DC_A|ED5Q,-0.2479871,0.26878536,4,1
2NYY_DC_A|FA889A,0.4193659,0.8881635,4,1
2NYY_DC_A|FA925A,4.0,2.0000582,4,1
2NYY_DC_A|HA1036A,4.0,1.1435095,4,1
2NYY_DC_A|HC34R,0.10088469,0.18500157,4,1
2NYY_DC_A|IA928A,-0.009487502,0.6200201,4,1
2NYY_DC_A|KA1028A,-0.028934313,0.23785073,4,1
2NYY_DC_A|KA875A,0.29098648,0.667854,4,1
2NYY_DC_A|KA895A,-0.14014584,0.76058275,4,1
2NYY_DC_A|KD29R,0.071385965,-0.13453487,4,1
"2NYY_DC_A|KD29S,YD30D,DD31H,SD60P",0.04961051,0.19554809,4,1
2NYY_DC_A|LA891A,2.5892105,0.58672833,4,1
2NYY_DC_A|MD33Q,-0.059869844,0.5654132,4,1
2NYY_DC_A|NA890A,0.89044046,0.22846794,4,1
2NYY_DC_A|NA926A,0.09934822,0.32517666,4,1
2NYY_DC_A|QA887A,0.5208145,-0.06973331,4,1
2NYY_DC_A|RA1033A,0.82012254,0.49401915,4,1
2NYY_DC_A|RA1266A,0.2995321,0.91869664,4,1
2NYY_DC_A|SA874A,-0.23032175,0.7273372,4,1
2NYY_DC_A|SA927A,0.0,0.7607207,4,1
2NYY_DC_A|SC28Q,0.4133828,0.15843976,4,1
2NYY_DC_A|SC31N,-0.35338265,-0.3272226,4,1
2NYY_DC_A|TA1035A,1.630871,0.008402601,4,1
2NYY_DC_A|VD36I,-0.21317148,0.42951447,4,1
"2NYY_DC_A|VD36I,ED5Q",-0.0490461,0.30841637,4,1
2NYY_DC_A|YD30D,0.06462482,0.16522732,4,1
2NYY_DC_A|YD30Q,0.12897444,0.6396989,4,1
2NYY_DC_A|YD56Q,0.5196862,0.60430926,4,1
2NZ9_DC_A|DA1030A,-0.031082604,0.43422437,4,1
2NZ9_DC_A|DA1034A,2.3396032,1.0045571,4,1
2NZ9_DC_A|EA892A,2.77036,0.724566,4,1
2NZ9_DC_A|FA889A,-0.04961051,1.094031,4,1
2NZ9_DC_A|FA925A,3.340439,1.7593484,4,1
2NZ9_DC_A|HA1036A,4.0,0.8813915,4,1
2NZ9_DC_A|IA928A,0.069281444,0.5296122,4,1
2NZ9_DC_A|KA1028A,-0.008714417,0.24292327,4,1
2NZ9_DC_A|KA875A,0.5407011,0.70194066,4,1
2NZ9_DC_A|KA895A,-0.29975358,0.6603874,4,1
2NZ9_DC_A|LA891A,2.279965,0.5955082,4,1
2NZ9_DC_A|NA890A,2.1600318,0.03345917,4,1
2NZ9_DC_A|NA926A,-0.15216734,0.28123707,4,1
2NZ9_DC_A|QA887A,0.09926054,0.11584003,4,1
2NZ9_DC_A|RA1033A,0.29088098,0.5633112,4,1
2NZ9_DC_A|RA1266A,0.39015788,0.36833054,4,1
2NZ9_DC_A|SA874A,-0.11948046,0.5861313,4,1
2NZ9_DC_A|SA927A,-0.078544825,0.5944713,4,1
"2NZ9_DC_A|SD29K,DD30Y,HD31D",-0.04961051,-0.30388814,4,1
2NZ9_DC_A|TA1035A,2.3703818,-0.011216566,4,1
2VIS_AB_C|IC89T,-4.0,-0.1397091,4,1
"3BE1_HL_A|DL28N,PL30A,RL31K,SL32T,TL97S,TL98S",-0.6860794,-0.6385835,4,1
"3BE1_HL_A|DL28N,PL30A,RL31K,SL32T,TL97S,TL98S,KH30S,DH31G,TH54S,NH55E,GH100V,DH102V",-2.7728782,-1.873289,4,1
"3BE1_HL_A|DL28N,PL30A,RL31K,SL32T,TL97S,TL98S,KH30S,DH31G,TH54S,NH55E,GH100V,DH102V,YL36A",-3.190238,-1.0511451,4,1
"3BE1_HL_A|DL28N,PL30A,RL31K,SL32T,TL97S,TL98S,KH30S,DH31G,TH54S,NH55E,GH100V,DH102V,YL36A,IL33A",-2.7728782,-0.82375765,4,1
"3BE1_HL_A|DL28N,PL30A,RL31K,SL32T,YL57F,TL97S,TL98S",-0.8683455,-0.5401081,4,1
"3BE1_HL_A|DL28N,PL30A,RL31K,SL32T,YL57F,TL97S,TL98S,KH30S,DH31G,TH54S,NH55E,GH100V,DH102V",-2.8824897,-1.8424547,4,1
3LZF_AB_HL|DA187E,0.49836498,0.34109867,4,1
"3LZF_AB_HL|DA187E,DA222G",0.12738612,0.44190174,4,1
3LZF_AB_HL|DA222G,0.5378587,0.12010555,4,1
3NGB_HL_G|AH57G,-0.056030333,-0.484778,4,1
"3NGB_HL_G|AH57G,VH58T,PH63K,VH74T",1.6734211,0.28878725,4,1
"3NGB_HL_G|CH32S,CH102A",0.25899792,0.4403456,4,1
3NGB_HL_G|DH103A,0.05987142,0.30046123,4,1
3NGB_HL_G|EL88A,1.3199503,1.0269747,4,1
3NGB_HL_G|FL89A,0.85886127,1.3214116,4,1
3NGB_HL_G|GH55A,-1.2766591,0.09708002,4,1
3NGB_HL_G|GH55S,0.74304354,0.3730455,4,1
3NGB_HL_G|GH56A,1.2656107,0.63282025,4,1
3NGB_HL_G|IH30A,-0.0027431613,0.55517155,4,1
3NGB_HL_G|IH30T,0.0733938,-0.25995052,4,1
"3NGB_HL_G|IH30T,KH52N,RH54N,GH55S,AH57G,VH58T,RH62Q,PH63K,VH74T,YH75S,YL26S",0.86214453,0.63626164,4,1
3NGB_HL_G|KH52A,0.62288266,0.57405806,4,1
3NGB_HL_G|KH52N,0.17497002,-0.28433037,4,1
3NGB_HL_G|MH70A,0.5305512,0.8228441,4,1
3NGB_HL_G|NH105A,1.1185741,0.61917496,4,1
3NGB_HL_G|NH59A,1.7671243,1.1010104,4,1
3NGB_HL_G|PH63A,-0.04252045,0.13270931,4,1
3NGB_HL_G|PH63K,0.23252328,0.29777253,4,1
3NGB_HL_G|QH65A,-0.34038836,0.8969656,4,1
3NGB_HL_G|QL25A,-0.23060839,0.0004266277,4,1
3NGB_HL_G|RH54A,-0.25938424,0.19450438,4,1
3NGB_HL_G|RH54N,0.04645046,0.06893292,4,1
3NGB_HL_G|RH62A,0.9958448,0.07004444,4,1
3NGB_HL_G|RH62Q,0.09654992,-0.1721478,4,1
3NGB_HL_G|RH72A,1.6432176,0.6739912,4,1
3NGB_HL_G|SL28A,-0.14471176,1.5332084,4,1
3NGB_HL_G|TH33A,0.7071634,1.6822451,4,1
3NGB_HL_G|TH33Y,0.084193856,-0.6177972,4,1
"3NGB_HL_G|TH33Y,GH56S,AH57G,VH58T,PH63K,VH74T,YH75S",1.9381938,0.827785,4,1
3NGB_HL_G|VH58A,1.3584284,0.70736253,4,1
3NGB_HL_G|VH58T,0.13787223,0.0038811192,4,1
3NGB_HL_G|VH74A,1.087914,0.18255506,4,1
3NGB_HL_G|VH74T,0.16493925,-0.048851505,4,1
3NGB_HL_G|VL1A,-0.7733632,0.20567982,4,1
3NGB_HL_G|WH106A,4.0,1.5079213,4,1
3NGB_HL_G|WH47A,1.2021707,1.008122,4,1
3NGB_HL_G|WH50A,1.2917941,1.7297245,4,1
3NGB_HL_G|YH104A,1.4235861,1.2337384,4,1
3NGB_HL_G|YH60A,0.5484263,1.7730361,4,1
3NGB_HL_G|YH75A,-0.19932224,0.4231252,4,1
3NGB_HL_G|YH75S,0.3325709,0.14616375,4,1
3NGB_HL_G|YL26A,0.98528093,1.1569581,4,1
3NGB_HL_G|YL26S,0.6512687,0.6312436,4,1
3NGB_HL_G|YL87A,2.0227883,2.396542,4,1
4JPK_HL_A|DA141R,3.857323,0.6322721,4,1
"4JPK_HL_A|DA159N,DA33N",0.6189681,1.2698514,4,1
4JPK_HL_A|FA144I,1.3875175,1.0984606,4,1
4JPK_HL_A|FA63L,1.1672868,0.97790074,4,1
4JPK_HL_A|RA130K,0.23006605,0.21769637,4,1
4JPK_HL_A|RA81T,0.75870305,0.60179144,4,1
4JPK_HL_A|SA41G,2.151695,0.5871893,4,1
4JPK_HL_A|TA35S,-0.032093357,-0.52079886,4,1
4JPK_HL_A|VA30N,0.59459484,0.4898253,4,1
"1JRH_LH_I|AI49S,II51T,HI55D",0.070675574,-0.07316652,4,2
"1JRH_LH_I|AI85D,KI88R,EI90K",-0.047747865,-0.46807367,4,2
"1JRH_LH_I|AI93L,VI94M",0.63366294,-0.2271392,4,2
1JRH_LH_I|DH56A,1.8860998,0.16122353,4,2
1JRH_LH_I|DH57A,1.6660647,0.10956904,4,2
1JRH_LH_I|DH58A,1.8546488,0.18253486,4,2
1JRH_LH_I|DL28A,0.43464687,0.109985024,4,2
1JRH_LH_I|EI35Q,0.09956847,0.085461296,4,2
1JRH_LH_I|EI45A,-0.5657849,0.30212027,4,2
1JRH_LH_I|EI45P,-3.7881775,0.20716383,4,2
"1JRH_LH_I|EI45P,II47L",-3.4567804,0.46162158,4,2
"1JRH_LH_I|EI45P,II47R",-3.4400978,0.26795542,4,2
1JRH_LH_I|EL27A,0.5426153,0.12086902,4,2
1JRH_LH_I|FH103A,0.0,0.2860319,4,2
1JRH_LH_I|GI40A,4.0,0.33363757,4,2
1JRH_LH_I|HH107A,1.6977708,0.16555661,4,2
"1JRH_LH_I|II25N,PI27S,VI29T,VI31I",0.14370596,0.29903156,4,2
1JRH_LH_I|KI37A,3.713863,0.37625563,4,2
1JRH_LH_I|KI37M,3.2923293,0.05275862,4,2
1JRH_LH_I|KI42A,3.3858175,0.34044546,4,2
1JRH_LH_I|KI42M,4.0,0.087358326,4,2
1JRH_LH_I|KI88A,0.31209365,0.27597308,4,2
"1JRH_LH_I|MI15L,II18V",-0.21360606,0.2718463,4,2
1JRH_LH_I|NI38A,0.1704579,0.3023604,4,2
1JRH_LH_I|NI38Q,0.5344714,0.17514433,4,2
1JRH_LH_I|NI43A,4.0,0.34031177,4,2
1JRH_LH_I|NI69A,-0.19953421,0.27842546,4,2
1JRH_LH_I|RH100A,0.5426153,0.2350839,4,2
1JRH_LH_I|RI74A,0.3926171,0.5439782,4,2
1JRH_LH_I|SI44A,0.37771076,0.27111423,4,2
"1JRH_LH_I|SI44G,EI45G,II47R",-3.3777049,-0.09402919,4,2
"1JRH_LH_I|SI44G,EI45P,II47K",-3.884419,0.07172707,4,2
"1JRH_LH_I|SI61Y,DI62E,HI63Q,VI64I,GI65M,DI66Y,SI68D,NI69V,LI71A",2.9588323,0.120436534,4,2
1JRH_LH_I|SL93A,-0.65058374,-0.0770683,4,2
1JRH_LH_I|TI4V,-0.025565991,-0.0612368,4,2
"1JRH_LH_I|TI9L,EI11K",-0.025565991,-0.026462518,4,2
1JRH_LH_I|TL94A,0.38526937,0.017514244,4,2
1JRH_LH_I|VI41A,1.6791569,0.5416487,4,2
"1JRH_LH_I|VI73A,RI78K",-0.21360606,0.39048052,4,2
1JRH_LH_I|WH54A,2.6862645,0.51211905,4,2
1JRH_LH_I|WH55A,2.4213178,0.24038392,4,2
1JRH_LH_I|WI46F,-0.25261214,0.10944743,4,2
1JRH_LH_I|WI46Y,0.29852974,0.11211166,4,2
1JRH_LH_I|WI72A,4.0,0.5249721,4,2
1JRH_LH_I|WI72F,1.102707,0.14240871,4,2
1JRH_LH_I|WI72Y,1.1878273,0.18126431,4,2
1JRH_LH_I|WL92A,2.818407,0.05238901,4,2
1JRH_LH_I|WL95A,1.6660647,0.49521232,4,2
1JRH_LH_I|YH104A,1.0610564,0.4706423,4,2
1JRH_LH_I|YH32A,1.4333102,0.43288347,4,2
1JRH_LH_I|YH60A,1.2555921,0.46952912,4,2
1JRH_LH_I|YI39A,3.5271235,0.53045726,4,2
1JRH_LH_I|YI39F,0.9087807,0.21564433,4,2
1JRH_LH_I|YL30A,1.1084566,0.2883433,4,2
1JRH_LH_I|YL91A,0.58083415,0.4206218,4,2
1KIQ_AB_C|FB101Y,-2.4949589,-0.067659274,4,2
1XGR_AB_C|IB33A,2.260207,0.12731554,4,2
1XGR_AB_C|IB33F,-1.8004549,-0.16194771,4,2
1XGR_AB_C|IB33L,0.061315425,-0.1155512,4,2
1XGR_AB_C|IB33V,1.1076277,-0.11745085,4,2
2BDN_HL_A|DH31E,1.0852306,-0.11717984,4,2
2BDN_HL_A|LH27K,0.8740124,-0.025953993,4,2
2BDN_HL_A|LH27R,0.65058374,-0.09692389,4,2
2BDN_HL_A|NH28D,0.13214268,-0.12841088,4,2
2BDN_HL_A|NH28Q,1.3994616,-0.11717181,4,2
2BDN_HL_A|NL31K,3.4897714,-0.08318338,4,2
2BDN_HL_A|NL31R,-0.9171868,-0.19469002,4,2
2BDN_HL_A|SL53D,-0.1605731,-0.19429651,4,2
2BDN_HL_A|SL53E,-0.85132045,-0.2743389,4,2
2BDN_HL_A|TL56D,-0.4254655,-0.2018353,4,2
2BDN_HL_A|TL56E,-0.6888026,-0.2959848,4,2
2BDN_HL_A|YL30K,0.67475796,0.29327255,4,2
2NYY_DC_A|DA1030A,0.009336901,0.3739457,4,2
2NYY_DC_A|DA1034A,2.5297937,0.31349617,4,2
2NYY_DC_A|DC30Y,0.64113563,-0.36648983,4,2
2NYY_DC_A|EA892A,2.839132,0.2085549,4,2
2NYY_DC_A|ED5Q,-0.2479871,0.04061498,4,2
2NYY_DC_A|FA889A,0.4193659,0.38312468,4,2
2NYY_DC_A|FA925A,4.0,0.29182938,4,2
2NYY_DC_A|HA1036A,4.0,0.2715951,4,2
2NYY_DC_A|HC34R,0.10088469,-0.13244224,4,2
2NYY_DC_A|IA928A,-0.009487502,0.8232145,4,2
2NYY_DC_A|KA1028A,-0.028934313,0.4538773,4,2
2NYY_DC_A|KA875A,0.29098648,0.42760918,4,2
2NYY_DC_A|KA895A,-0.14014584,0.3517984,4,2
2NYY_DC_A|KD29R,0.071385965,-0.24868673,4,2
"2NYY_DC_A|KD29S,YD30D,DD31H,SD60P",0.04961051,0.36632213,4,2
2NYY_DC_A|LA891A,2.5892105,0.44203615,4,2
2NYY_DC_A|MD33Q,-0.059869844,-0.06983973,4,2
2NYY_DC_A|NA890A,0.89044046,0.5033914,4,2
2NYY_DC_A|NA926A,0.09934822,0.31267327,4,2
2NYY_DC_A|QA887A,0.5208145,0.31268692,4,2
2NYY_DC_A|RA1033A,0.82012254,0.5641947,4,2
2NYY_DC_A|RA1266A,0.2995321,0.55194616,4,2
2NYY_DC_A|SA874A,-0.23032175,0.44413677,4,2
2NYY_DC_A|SA927A,0.0,0.29307282,4,2
2NYY_DC_A|SC28Q,0.4133828,-0.24695131,4,2
2NYY_DC_A|SC31N,-0.35338265,0.007838465,4,2
2NYY_DC_A|TA1035A,1.630871,0.5545107,4,2
2NYY_DC_A|VD36I,-0.21317148,0.110928014,4,2
"2NYY_DC_A|VD36I,ED5Q",-0.0490461,0.17490026,4,2
2NYY_DC_A|YD30D,0.06462482,-0.025593236,4,2
2NYY_DC_A|YD30Q,0.12897444,-0.03895484,4,2
2NYY_DC_A|YD56Q,0.5196862,0.11263605,4,2
2NZ9_DC_A|DA1030A,-0.031082604,0.329933,4,2
2NZ9_DC_A|DA1034A,2.3396032,0.3321055,4,2
2NZ9_DC_A|EA892A,2.77036,0.30562276,4,2
2NZ9_DC_A|FA889A,-0.04961051,0.33146682,4,2
2NZ9_DC_A|FA925A,3.340439,0.31275582,4,2
2NZ9_DC_A|HA1036A,4.0,0.27289146,4,2
2NZ9_DC_A|IA928A,0.069281444,0.7950147,4,2
2NZ9_DC_A|KA1028A,-0.008714417,0.51677454,4,2
2NZ9_DC_A|KA875A,0.5407011,0.5179506,4,2
2NZ9_DC_A|KA895A,-0.29975358,0.35581273,4,2
2NZ9_DC_A|LA891A,2.279965,0.43672767,4,2
2NZ9_DC_A|NA890A,2.1600318,0.5300406,4,2
2NZ9_DC_A|NA926A,-0.15216734,0.28009456,4,2
2NZ9_DC_A|QA887A,0.09926054,0.296644,4,2
2NZ9_DC_A|RA1033A,0.29088098,0.5884631,4,2
2NZ9_DC_A|RA1266A,0.39015788,0.44950014,4,2
2NZ9_DC_A|SA874A,-0.11948046,0.47772774,4,2
2NZ9_DC_A|SA927A,-0.078544825,0.3074432,4,2
"2NZ9_DC_A|SD29K,DD30Y,HD31D",-0.04961051,-0.44830996,4,2
2NZ9_DC_A|TA1035A,2.3703818,0.49357802,4,2
2VIS_AB_C|IC89T,-4.0,0.03263903,4,2
"3BE1_HL_A|DL28N,PL30A,RL31K,SL32T,TL97S,TL98S",-0.6860794,0.28323358,4,2
"3BE1_HL_A|DL28N,PL30A,RL31K,SL32T,TL97S,TL98S,KH30S,DH31G,TH54S,NH55E,GH100V,DH102V",-2.7728782,-0.114728525,4,2
"3BE1_HL_A|DL28N,PL30A,RL31K,SL32T,TL97S,TL98S,KH30S,DH31G,TH54S,NH55E,GH100V,DH102V,YL36A",-3.190238,0.19721353,4,2
"3BE1_HL_A|DL28N,PL30A,RL31K,SL32T,TL97S,TL98S,KH30S,DH31G,TH54S,NH55E,GH100V,DH102V,YL36A,IL33A",-2.7728782,0.5603262,4,2
"3BE1_HL_A|DL28N,PL30A,RL31K,SL32T,YL57F,TL97S,TL98S",-0.8683455,0.4355296,4,2
"3BE1_HL_A|DL28N,PL30A,RL31K,SL32T,YL57F,TL97S,TL98S,KH30S,DH31G,TH54S,NH55E,GH100V,DH102V",-2.8824897,0.099145696,4,2
3LZF_AB_HL|DA187E,0.49836498,0.15287276,4,2
"3LZF_AB_HL|DA187E,DA222G",0.12738612,0.16875282,4,2
3LZF_AB_HL|DA222G,0.5378587,-0.08865824,4,2
3NGB_HL_G|AH57G,-0.056030333,-0.41231745,4,2
"3NGB_HL_G|AH57G,VH58T,PH63K,VH74T",1.6734211,-0.019700974,4,2
"3NGB_HL_G|CH32S,CH102A",0.25899792,0.16807732,4,2
3NGB_HL_G|DH103A,0.05987142,0.08514251,4,2
3NGB_HL_G|EL88A,1.3199503,0.38041538,4,2
3NGB_HL_G|FL89A,0.85886127,0.28391826,4,2
3NGB_HL_G|GH55A,-1.2766591,0.10217967,4,2
3NGB_HL_G|GH55S,0.74304354,0.16400574,4,2
3NGB_HL_G|GH56A,1.2656107,0.24324459,4,2
3NGB_HL_G|IH30A,-0.0027431613,0.022008676,4,2
3NGB_HL_G|IH30T,0.0733938,-0.0059994534,4,2
"3NGB_HL_G|IH30T,KH52N,RH54N,GH55S,AH57G,VH58T,RH62Q,PH63K,VH74T,YH75S,YL26S",0.86214453,2.0108547,4,2
3NGB_HL_G|KH52A,0.62288266,0.020089202,4,2
3NGB_HL_G|KH52N,0.17497002,0.096290015,4,2
3NGB_HL_G|MH70A,0.5305512,0.28276524,4,2
3NGB_HL_G|NH105A,1.1185741,-0.122999996,4,2
3NGB_HL_G|NH59A,1.7671243,0.0036649257,4,2
3NGB_HL_G|PH63A,-0.04252045,0.028957084,4,2
3NGB_HL_G|PH63K,0.23252328,0.06918471,4,2
3NGB_HL_G|QH65A,-0.34038836,0.3229211,4,2
3NGB_HL_G|QL25A,-0.23060839,0.10084264,4,2
3NGB_HL_G|RH54A,-0.25938424,0.19220947,4,2
3NGB_HL_G|RH54N,0.04645046,0.30252674,4,2
3NGB_HL_G|RH62A,0.9958448,0.16659021,4,2
3NGB_HL_G|RH62Q,0.09654992,0.035755012,4,2
3NGB_HL_G|RH72A,1.6432176,0.114875175,4,2
3NGB_HL_G|SL28A,-0.14471176,-0.0911853,4,2
3NGB_HL_G|TH33A,0.7071634,0.020131279,4,2
3NGB_HL_G|TH33Y,0.084193856,-0.3631895,4,2
"3NGB_HL_G|TH33Y,GH56S,AH57G,VH58T,PH63K,VH74T,YH75S",1.9381938,0.31850928,4,2
3NGB_HL_G|VH58A,1.3584284,0.21851476,4,2
3NGB_HL_G|VH58T,0.13787223,0.16937926,4,2
3NGB_HL_G|VH74A,1.087914,0.07873905,4,2
3NGB_HL_G|VH74T,0.16493925,0.033490386,4,2
3NGB_HL_G|VL1A,-0.7733632,-0.07022311,4,2
3NGB_HL_G|WH106A,4.0,0.30946925,4,2
3NGB_HL_G|WH47A,1.2021707,0.44070247,4,2
3NGB_HL_G|WH50A,1.2917941,0.46991688,4,2
3NGB_HL_G|YH104A,1.4235861,0.40212855,4,2
3NGB_HL_G|YH60A,0.5484263,0.3847839,4,2
3NGB_HL_G|YH75A,-0.19932224,0.3571123,4,2
3NGB_HL_G|YH75S,0.3325709,0.44784662,4,2
3NGB_HL_G|YL26A,0.98528093,0.370755,4,2
3NGB_HL_G|YL26S,0.6512687,0.37874627,4,2
3NGB_HL_G|YL87A,2.0227883,0.53882307,4,2
4JPK_HL_A|DA141R,3.857323,0.076383114,4,2
"4JPK_HL_A|DA159N,DA33N",0.6189681,0.0059760064,4,2
4JPK_HL_A|FA144I,1.3875175,0.0866602,4,2
4JPK_HL_A|FA63L,1.1672868,0.10039808,4,2
4JPK_HL_A|RA130K,0.23006605,0.09571101,4,2
4JPK_HL_A|RA81T,0.75870305,0.23717825,4,2
4JPK_HL_A|SA41G,2.151695,-0.0031749532,4,2
4JPK_HL_A|TA35S,-0.032093357,0.20359018,4,2
4JPK_HL_A|VA30N,0.59459484,0.18828571,4,2
