row_id,ddg_true,ddg_pred,fold,seed
1AHW_AB_C|DC167A,-0.4845926,2.587873,0,0
"1AHW_AB_C|KC138A,DC139A",1.1814722,3.4733667,0,0
"1AHW_AB_C|KC154A,KC155A",-1.329712,2.849226,0,0
1AHW_AB_C|LC165A,0.9869364,0.7047939,0,0
1AHW_AB_C|NC188A,1.0782224,1.5963897,0,0
"1AHW_AB_C|TC110A,KC111A",0.6388569,2.2728963,0,0
1AHW_AB_C|TC156A,-0.07411996,1.1281903,0,0
1AHW_AB_C|TC159A,1.105771,1.2022041,0,0
1AHW_AB_C|TC186A,1.345882,1.5013483,0,0
1AHW_AB_C|VC187A,-0.31423107,0.18507388,0,0
1AHW_AB_C|YC146A,-1.8890098,2.4359207,0,0
1BJ1_HL_VW|HH101Y,-1.5835956,-1.318805,0,0
"1BJ1_HL_VW|HH101Y,YH103I,GH104A,SH105K",-0.43125325,-0.48175845,0,0
"1BJ1_HL_VW|HH101Y,YH103R,GH104N,SH105T",-0.7626503,-0.02616997,0,0
"1BJ1_HL_VW|HH101Y,YH103R,SH105T",-1.173123,-1.4590176,0,0
1BJ1_HL_VW|HH107A,0.78965265,0.053486995,0,0
"1BJ1_HL_VW|LH72I,TH74K",0.076517485,0.8370694,0,0
"1BJ1_HL_VW|LH72V,TH74V",0.6706598,0.36128786,0,0
"1BJ1_HL_VW|ML4L,TH28D,NH31H,HH101Y,SH105T",-1.52138,-3.0608149,0,0
1BJ1_HL_VW|NH31H,-0.7626503,-0.34401077,0,0
1BJ1_HL_VW|SH105T,-0.39039657,-0.018613074,0,0
1BJ1_HL_VW|TH28D,-0.22003505,-0.2694081,0,0
"1BJ1_HL_VW|TH28D,NH31H",-0.6929008,-0.69488513,0,0
"1BJ1_HL_VW|TH28D,NH31H,YH54W,HH101Y,SH105T",-1.2034981,-2.6473913,0,0
1BJ1_HL_VW|TH59A,0.85066694,0.8013768,0,0
1BJ1_HL_VW|YH27A,2.2425284,0.9935981,0,0
1BJ1_HL_VW|YH54A,1.3276595,0.9009807,0,0
1BJ1_HL_VW|YH54W,-0.13726985,-0.41664925,0,0
1BJ1_HL_VW|YH99A,4.0,0.78600925,0,0
1DQJ_AB_C|DB32A,2.0134337,0.8541197,0,0
"1DQJ_AB_C|DB32A,KC97A",1.1223834,1.4205942,0,0
1DQJ_AB_C|DC101A,1.3765504,0.62665325,0,0
1DQJ_AB_C|KC96A,4.0,1.0120248,0,0
1DQJ_AB_C|KC97A,3.5197058,0.54396254,0,0
1DQJ_AB_C|LC75A,1.452407,0.25298172,0,0
1DQJ_AB_C|NA31A,2.0134337,0.9094537,0,0
1DQJ_AB_C|NA32A,4.0,0.62699914,0,0
"1DQJ_AB_C|NA32A,KC96A",4.0,1.6605487,0,0
1DQJ_AB_C|NC93A,0.64987326,0.7278967,0,0
1DQJ_AB_C|RC21A,1.2137709,0.37511295,0,0
1DQJ_AB_C|SA91A,1.4318883,0.8769623,0,0
"1DQJ_AB_C|SA91A,RC21A",3.1707318,1.249188,0,0
"1DQJ_AB_C|SA91A,YC20A",3.573092,2.0194888,0,0
1DQJ_AB_C|SC100A,0.7755829,0.5076192,0,0
1DQJ_AB_C|TC89A,0.84084374,0.47514385,0,0
1DQJ_AB_C|WB98A,4.0,1.4676536,0,0
"1DQJ_AB_C|WB98A,KC97A",4.0,2.0276697,0,0
"1DQJ_AB_C|WB98A,SC100A",4.0,1.9402598,0,0
"1DQJ_AB_C|WB98A,YC20A",4.0,2.658637,0,0
1DQJ_AB_C|WC62A,0.7580786,1.6233041,0,0
1DQJ_AB_C|WC63A,1.3462692,1.4208419,0,0
1DQJ_AB_C|YA50A,2.678299,0.89611024,0,0
1DQJ_AB_C|YA96A,1.135051,1.0927018,0,0
"1DQJ_AB_C|YA96A,RC21A",3.4851997,1.4904953,0,0
"1DQJ_AB_C|YA96A,SC100A",0.91344726,1.57681,0,0
1DQJ_AB_C|YB33A,4.0,3.4954631,0,0
1DQJ_AB_C|YB50A,4.0,2.1431947,0,0
1DQJ_AB_C|YB53A,1.1802781,0.871315,0,0
"1DQJ_AB_C|YB53A,DC101A",2.727121,1.5116819,0,0
"1DQJ_AB_C|YB53A,LC75A",1.2168618,1.1252054,0,0
"1DQJ_AB_C|YB53A,WC62A",1.286308,2.5412846,0,0
"1DQJ_AB_C|YB53A,WC63A",2.1992323,2.3458073,0,0
1DQJ_AB_C|YC20A,3.2857084,1.143401,0,0
1XGT_AB_C|LB33A,2.1988916,2.0999541,0,0
1XGT_AB_C|LB33F,-1.8617703,-2.0566773,0,0
1XGT_AB_C|LB33I,-0.061315425,-0.17396607,0,0
1XGT_AB_C|LB33V,1.0463123,1.0596999,0,0
"3BDY_HL_V|DL28N,PL30A,RL31K,SL32T,TL97S,TL98S",-0.9690793,-0.33205128,0,0
"3BDY_HL_V|DL28N,PL30A,RL31K,SL32T,TL97S,TL98S,KH31S,DH32G,TH55S,NH56E,GH101V,DH103V",-2.7154896,-2.430789,0,0
"3BDY_HL_V|DL28N,PL30A,RL31K,SL32T,TL97S,TL98S,KH31S,DH32G,TH55S,NH56E,GH101V,DH103V,RH51A,RH60A",-2.7728782,-1.9190037,0,0
"3BDY_HL_V|DL28N,PL30A,RL31K,SL32T,YL57F,TL97S,TL98S",-0.97316396,-0.57246375,0,0
"3BDY_HL_V|DL28N,PL30A,RL31K,SL32T,YL57F,TL97S,TL98S,KH31S,DH32G,TH55S,NH56E,GH101V,DH103V",-2.727121,-2.8106534,0,0
3HFM_HL_Y|DH32A,1.8982269,0.7787171,0,0
"3HFM_HL_Y|DH32A,KY97A",4.0,1.313943,0,0
"3HFM_HL_Y|DH32A,KY97M",1.1234494,1.9808977,0,0
3HFM_HL_Y|DH32N,0.17036153,-0.032354217,0,0
"3HFM_HL_Y|DH32N,KY97A",4.0,0.47983336,0,0
"3HFM_HL_Y|DH32N,KY97M",0.3025042,1.1198317,0,0
3HFM_HL_Y|DY101A,1.2081919,0.79593897,0,0
3HFM_HL_Y|DY101E,2.132881,0.02641962,0,0
3HFM_HL_Y|DY101F,2.3282614,0.13962132,0,0
3HFM_HL_Y|DY101G,0.35884774,0.086858615,0,0
3HFM_HL_Y|DY101K,2.1245396,0.77688056,0,0
3HFM_HL_Y|DY101N,1.4911126,0.24201414,0,0
3HFM_HL_Y|DY101Q,2.0851746,-0.28491777,0,0
3HFM_HL_Y|DY101R,2.2798727,0.7123712,0,0
3HFM_HL_Y|DY101S,1.8694,0.06535396,0,0
3HFM_HL_Y|GY102V,0.395285,0.2780039,0,0
3HFM_HL_Y|HY15A,-0.4453172,0.87198496,0,0
3HFM_HL_Y|IY98A,0.0,0.56105864,0,0
3HFM_HL_Y|KY96A,4.0,1.0334033,0,0
3HFM_HL_Y|KY96M,4.0,1.3292885,0,0
3HFM_HL_Y|KY96R,4.0,0.53206325,0,0
3HFM_HL_Y|KY97A,4.0,0.5239874,0,0
3HFM_HL_Y|KY97D,4.0,0.47183642,0,0
3HFM_HL_Y|KY97E,3.6045077,0.15654121,0,0
3HFM_HL_Y|KY97G,4.0,0.050635427,0,0
3HFM_HL_Y|KY97M,0.9469717,1.1667012,0,0
3HFM_HL_Y|KY97R,3.0528512,-0.57687616,0,0
3HFM_HL_Y|LY75A,0.70445603,0.21885192,0,0
3HFM_HL_Y|NL31A,4.0,0.92823994,0,0
"3HFM_HL_Y|NL31A,KY96A",4.0,1.9862726,0,0
3HFM_HL_Y|NL31D,1.3434845,-0.14849027,0,0
3HFM_HL_Y|NL31E,4.0,0.44616184,0,0
3HFM_HL_Y|NL32A,4.0,0.7875788,0,0
3HFM_HL_Y|NY19D,0.41047263,0.36846203,0,0
3HFM_HL_Y|NY19K,0.2401111,0.38852507,0,0
3HFM_HL_Y|NY19Q,-0.042485796,-0.22508246,0,0
3HFM_HL_Y|NY93A,0.21121821,0.7419241,0,0
3HFM_HL_Y|QL53A,0.9530879,-0.23393147,0,0
3HFM_HL_Y|RY21A,0.8618019,0.34799764,0,0
3HFM_HL_Y|RY21E,2.4534352,0.28713554,0,0
3HFM_HL_Y|RY21G,2.4220753,-0.013290386,0,0
3HFM_HL_Y|RY21H,2.1693182,-0.24991155,0,0
3HFM_HL_Y|RY21K,1.766342,-0.13508596,0,0
3HFM_HL_Y|RY21M,2.0498905,1.7910569,0,0
3HFM_HL_Y|RY21N,2.3282614,-0.087738246,0,0
3HFM_HL_Y|RY21Q,2.3975346,-0.6031545,0,0
3HFM_HL_Y|RY21W,2.132881,0.57977116,0,0
3HFM_HL_Y|RY73A,-0.3313971,0.94263995,0,0
3HFM_HL_Y|SH31A,0.17036153,0.5294855,0,0
3HFM_HL_Y|SY100A,0.26765963,0.52897346,0,0
3HFM_HL_Y|TY89A,0.0,0.51316273,0,0
3HFM_HL_Y|WH98A,4.0,1.454381,0,0
"3HFM_HL_Y|WH98A,KY96A",4.0,2.5185635,0,0
3HFM_HL_Y|WH98F,3.245562,0.345342,0,0
"3HFM_HL_Y|WH98F,YY20A",4.0,1.5190973,0,0
3HFM_HL_Y|WY63A,0.31918663,1.4943084,0,0
3HFM_HL_Y|YH33A,4.0,3.509318,0,0
"3HFM_HL_Y|YH33A,KY97A",4.0,4.0733614,0,0
3HFM_HL_Y|YH33F,1.0712212,-0.48221964,0,0
3HFM_HL_Y|YH33L,2.0069382,1.3109841,0,0
3HFM_HL_Y|YH33W,1.7495645,0.79530203,0,0
3HFM_HL_Y|YH50A,4.0,2.1002562,0,0
"3HFM_HL_Y|YH50A,RY21A",4.0,2.4790487,0,0
3HFM_HL_Y|YH50F,1.6099914,0.11042914,0,0
3HFM_HL_Y|YH50L,2.8488367,0.49048215,0,0
3HFM_HL_Y|YH53A,3.25038,1.013756,0,0
3HFM_HL_Y|YH53F,0.62049925,0.1505449,0,0
3HFM_HL_Y|YH53L,0.8068894,0.43552226,0,0
3HFM_HL_Y|YH53W,0.7061819,-0.02090857,0,0
3HFM_HL_Y|YH58A,1.6760437,1.9286703,0,0
3HFM_HL_Y|YH58F,0.36312544,0.449254,0,0
3HFM_HL_Y|YH58L,1.5136731,1.3364872,0,0
3HFM_HL_Y|YL50A,4.0,0.88278216,0,0
"3HFM_HL_Y|YL50A,KY96A",4.0,1.948909,0,0
"3HFM_HL_Y|YL50A,KY97A",4.0,1.4221983,0,0
"3HFM_HL_Y|YL50A,RY21A",4.0,1.2423722,0,0
3HFM_HL_Y|YL50F,2.3548672,-0.55265033,0,0
"3HFM_HL_Y|YL50F,RY21A",4.0,-0.21171583,0,0
"3HFM_HL_Y|YL50F,YY20A",4.0,0.6102125,0,0
3HFM_HL_Y|YL50L,4.0,-0.45476794,0,0
3HFM_HL_Y|YL96A,2.707045,1.0581455,0,0
"3HFM_HL_Y|YL96A,RY21A",4.0,1.4260864,0,0
3HFM_HL_Y|YL96F,1.4017794,0.24704093,0,0
"3HFM_HL_Y|YL96F,RY21A",4.0,0.6057741,0,0
3HFM_HL_Y|YY20A,4.0,1.1770567,0,0
3HFM_HL_Y|YY20F,-0.4839681,-0.052851837,0,0
3HFM_HL_Y|YY20L,2.1845057,1.0344689,0,0
3SE9_HL_G|DH77A,-0.7664817,1.475247,0,0
3SE9_HL_G|EL90A,0.41735974,0.82938534,0,0
3SE9_HL_G|FL91A,0.023615688,0.56328815,0,0
3SE9_HL_G|GH106A,-0.3075798,0.5223161,0,0
3SE9_HL_G|GH107A,-0.6151596,0.23993585,0,0
3SE9_HL_G|GH109A,0.18514356,0.6095561,0,0
3SE9_HL_G|GH57A,0.4524448,0.88222235,0,0
3SE9_HL_G|GH62A,0.04634,0.69599533,0,0
3SE9_HL_G|GL29A,0.46369976,1.1915486,0,0
3SE9_HL_G|LH34A,0.56599987,1.8209023,0,0
3SE9_HL_G|LL89A,0.964243,0.32578704,0,0
3SE9_HL_G|NH60A,1.5217615,0.7287468,0,0
3SE9_HL_G|PH64A,-0.4419396,0.22106476,0,0
3SE9_HL_G|RH67A,1.4695449,0.7375646,0,0
3SE9_HL_G|RH74A,2.6792572,0.6620208,0,0
3SE9_HL_G|RH76A,-0.2322162,1.2369347,0,0
3SE9_HL_G|TH105A,-0.4419396,-0.11857508,0,0
3SE9_HL_G|TH56A,-0.85929936,0.5113089,0,0
3SE9_HL_G|VH55A,-0.85929936,0.062088504,0,0
3SE9_HL_G|VH59A,0.9833596,0.45627186,0,0
3SE9_HL_G|VL3A,-0.49433115,0.3520639,0,0
3SE9_HL_G|WH48A,1.0584464,1.0839167,0,0
3SE9_HL_G|WH51A,1.275695,1.7640924,0,0
3SE9_HL_G|YH104A,0.46369976,1.5387706,0,0
3SE9_HL_G|YL28A,1.1177194,0.8788621,0,0
4U6H_AB_E|NE21A,-0.3480795,1.5739341,0,0
4U6H_AB_E|QE25A,0.11883454,2.2507606,0,0
4ZS6_HL_A|EA156A,3.0386665,1.3560634,0,0
4ZS6_HL_A|YA160A,-0.11025046,2.9752355,0,0
1AHW_AB_C|DC167A,-0.4845926,1.0689231,0,1
"1AHW_AB_C|KC138A,DC139A",1.1814722,1.6421946,0,1
"1AHW_AB_C|KC154A,KC155A",-1.329712,1.4048514,0,1
1AHW_AB_C|LC165A,0.9869364,1.046109,0,1
1AHW_AB_C|NC188A,1.0782224,0.98110044,0,1
"1AHW_AB_C|TC110A,KC111A",0.6388569,1.9149688,0,1
1AHW_AB_C|TC156A,-0.07411996,0.9028234,0,1
1AHW_AB_C|TC159A,1.105771,1.0140892,0,1
1AHW_AB_C|TC186A,1.345882,0.61794114,0,1
1AHW_AB_C|VC187A,-0.31423107,0.8756965,0,1
1AHW_AB_C|YC146A,-1.8890098,0.5316297,0,1
1BJ1_HL_VW|HH101Y,-1.5835956,-0.791957,0,1
"1BJ1_HL_VW|HH101Y,YH103I,GH104A,SH105K",-0.43125325,0.87480843,0,1
"1BJ1_HL_VW|HH101Y,YH103R,GH104N,SH105T",-0.7626503,0.80835617,0,1
"1BJ1_HL_VW|HH101Y,YH103R,SH105T",-1.173123,0.16988559,0,1
1BJ1_HL_VW|HH107A,0.78965265,0.41503492,0,1
"1BJ1_HL_VW|LH72I,TH74K",0.076517485,0.77221894,0,1
"1BJ1_HL_VW|LH72V,TH74V",0.6706598,-0.34696275,0,1
"1BJ1_HL_VW|ML4L,TH28D,NH31H,HH101Y,SH105T",-1.52138,-1.644906,0,1
1BJ1_HL_VW|NH31H,-0.7626503,-0.2297875,0,1
1BJ1_HL_VW|SH105T,-0.39039657,0.58811325,0,1
1BJ1_HL_VW|TH28D,-0.22003505,-0.31595895,0,1
"1BJ1_HL_VW|TH28D,NH31H",-0.6929008,-0.59347284,0,1
"1BJ1_HL_VW|TH28D,NH31H,YH54W,HH101Y,SH105T",-1.2034981,-1.4964049,0,1
1BJ1_HL_VW|TH59A,0.85066694,0.32651863,0,1
1BJ1_HL_VW|YH27A,2.2425284,0.4699251,0,1
1BJ1_HL_VW|YH54A,1.3276595,0.6608656,0,1
1BJ1_HL_VW|YH54W,-0.13726985,-0.10470945,0,1
1BJ1_HL_VW|YH99A,4.0,0.7454852,0,1
1DQJ_AB_C|DB32A,2.0134337,0.6371462,0,1
"1DQJ_AB_C|DB32A,KC97A",1.1223834,1.2304515,0,1
1DQJ_AB_C|DC101A,1.3765504,0.9650174,0,1
1DQJ_AB_C|KC96A,4.0,0.7334992,0,1
1DQJ_AB_C|KC97A,3.5197058,0.58299625,0,1
1DQJ_AB_C|LC75A,1.452407,0.41555262,0,1
1DQJ_AB_C|NA31A,2.0134337,0.37785822,0,1
1DQJ_AB_C|NA32A,4.0,0.3634697,0,1
"1DQJ_AB_C|NA32A,KC96A",4.0,1.1260542,0,1
1DQJ_AB_C|NC93A,0.64987326,0.5742712,0,1
1DQJ_AB_C|RC21A,1.2137709,0.71154237,0,1
1DQJ_AB_C|SA91A,1.4318883,0.510693,0,1
"1DQJ_AB_C|SA91A,RC21A",3.1707318,1.2471321,0,1
"1DQJ_AB_C|SA91A,YC20A",3.573092,1.5546261,0,1
1DQJ_AB_C|SC100A,0.7755829,0.6204757,0,1
1DQJ_AB_C|TC89A,0.84084374,0.7404971,0,1
1DQJ_AB_C|WB98A,4.0,0.615992,0,1
"1DQJ_AB_C|WB98A,KC97A",4.0,1.2215701,0,1
"1DQJ_AB_C|WB98A,SC100A",4.0,1.2701284,0,1
"1DQJ_AB_C|WB98A,YC20A",4.0,1.6614776,0,1
1DQJ_AB_C|WC62A,0.7580786,0.74712336,0,1
1DQJ_AB_C|WC63A,1.3462692,0.6026789,0,1
1DQJ_AB_C|YA50A,2.678299,0.6598638,0,1
1DQJ_AB_C|YA96A,1.135051,0.64241505,0,1
"1DQJ_AB_C|YA96A,RC21A",3.4851997,1.3898486,0,1
"1DQJ_AB_C|YA96A,SC100A",0.91344726,1.2895054,0,1
1DQJ_AB_C|YB33A,4.0,0.6407699,0,1
1DQJ_AB_C|YB50A,4.0,0.5315842,0,1
1DQJ_AB_C|YB53A,1.1802781,0.5685248,0,1
"1DQJ_AB_C|YB53A,DC101A",2.727121,1.5658954,0,1
"1DQJ_AB_C|YB53A,LC75A",1.2168618,0.97848785,0,1
"1DQJ_AB_C|YB53A,WC62A",1.286308,1.3464633,0,1
"1DQJ_AB_C|YB53A,WC63A",2.1992323,1.1949604,0,1
1DQJ_AB_C|YC20A,3.2857084,1.0027312,0,1
1XGT_AB_C|LB33A,2.1988916,0.5789361,0,1
1XGT_AB_C|LB33F,-1.8617703,0.027723407,0,1
1XGT_AB_C|LB33I,-0.061315425,0.05147464,0,1
1XGT_AB_C|LB33V,1.0463123,-0.008496988,0,1
"3BDY_HL_V|DL28N,PL30A,RL31K,SL32T,TL97S,TL98S",-0.9690793,-0.6278491,0,1
"3BDY_HL_V|DL28N,PL30A,RL31K,SL32T,TL97S,TL98S,KH31S,DH32G,TH55S,NH56E,GH101V,DH103V",-2.7154896,-3.158859,0,1
"3BDY_HL_V|DL28N,PL30A,RL31K,SL32T,TL97S,TL98S,KH31S,DH32G,TH55S,NH56E,GH101V,DH103V,RH51A,RH60A",-2.7728782,-3.309711,0,1
"3BDY_HL_V|DL28N,PL30A,RL31K,SL32T,YL57F,TL97S,TL98S",-0.97316396,-0.27451712,0,1
"3BDY_HL_V|DL28N,PL30A,RL31K,SL32T,YL57F,TL97S,TL98S,KH31S,DH32G,TH55S,NH56E,GH101V,DH103V",-2.727121,-3.0644176,0,1
3HFM_HL_Y|DH32A,1.8982269,0.6075474,0,1
"3HFM_HL_Y|DH32A,KY97A",4.0,1.1760149,0,1
"3HFM_HL_Y|DH32A,KY97M",1.1234494,0.5138886,0,1
3HFM_HL_Y|DH32N,0.17036153,0.37728694,0,1
"3HFM_HL_Y|DH32N,KY97A",4.0,0.9420197,0,1
"3HFM_HL_Y|DH32N,KY97M",0.3025042,0.2939845,0,1
3HFM_HL_Y|DY101A,1.2081919,0.967896,0,1
3HFM_HL_Y|DY101E,2.132881,-0.13585359,0,1
3HFM_HL_Y|DY101F,2.3282614,0.14939934,0,1
3HFM_HL_Y|DY101G,0.35884774,0.6426139,0,1
3HFM_HL_Y|DY101K,2.1245396,0.32167923,0,1
3HFM_HL_Y|DY101N,1.4911126,0.35927334,0,1
3HFM_HL_Y|DY101Q,2.0851746,0.1294874,0,1
3HFM_HL_Y|DY101R,2.2798727,0.14804658,0,1
3HFM_HL_Y|DY101S,1.8694,0.4083079,0,1
3HFM_HL_Y|GY102V,0.395285,-0.22750507,0,1
3HFM_HL_Y|HY15A,-0.4453172,0.676916,0,1
3HFM_HL_Y|IY98A,0.0,0.6881796,0,1
3HFM_HL_Y|KY96A,4.0,0.7143705,0,1
3HFM_HL_Y|KY96M,4.0,-0.034148388,0,1
3HFM_HL_Y|KY96R,4.0,0.13377076,0,1
3HFM_HL_Y|KY97A,4.0,0.5633169,0,1
3HFM_HL_Y|KY97D,4.0,0.10020687,0,1
3HFM_HL_Y|KY97E,3.6045077,-0.03742204,0,1
3HFM_HL_Y|KY97G,4.0,0.522972,0,1
3HFM_HL_Y|KY97M,0.9469717,-0.07397545,0,1
3HFM_HL_Y|KY97R,3.0528512,-0.20525104,0,1
3HFM_HL_Y|LY75A,0.70445603,0.4239749,0,1
3HFM_HL_Y|NL31A,4.0,0.28676793,0,1
"3HFM_HL_Y|NL31A,KY96A",4.0,0.99999136,0,1
3HFM_HL_Y|NL31D,1.3434845,-0.36462355,0,1
3HFM_HL_Y|NL31E,4.0,-0.18964058,0,1
3HFM_HL_Y|NL32A,4.0,0.47248343,0,1
3HFM_HL_Y|NY19D,0.41047263,0.19811012,0,1
3HFM_HL_Y|NY19K,0.2401111,0.44654152,0,1
3HFM_HL_Y|NY19Q,-0.042485796,0.29875892,0,1
3HFM_HL_Y|NY93A,0.21121821,0.56476086,0,1
3HFM_HL_Y|QL53A,0.9530879,0.369342,0,1
3HFM_HL_Y|RY21A,0.8618019,0.7308674,0,1
3HFM_HL_Y|RY21E,2.4534352,-0.2740741,0,1
3HFM_HL_Y|RY21G,2.4220753,0.51473486,0,1
3HFM_HL_Y|RY21H,2.1693182,0.22109914,0,1
3HFM_HL_Y|RY21K,1.766342,0.30972746,0,1
3HFM_HL_Y|RY21M,2.0498905,0.3534905,0,1
3HFM_HL_Y|RY21N,2.3282614,0.06994046,0,1
3HFM_HL_Y|RY21Q,2.3975346,0.121006094,0,1
3HFM_HL_Y|RY21W,2.132881,0.41152352,0,1
3HFM_HL_Y|RY73A,-0.3313971,0.84707594,0,1
3HFM_HL_Y|SH31A,0.17036153,0.38818002,0,1
3HFM_HL_Y|SY100A,0.26765963,0.6295997,0,1
3HFM_HL_Y|TY89A,0.0,0.7341073,0,1
3HFM_HL_Y|WH98A,4.0,0.553328,0,1
"3HFM_HL_Y|WH98A,KY96A",4.0,1.2911993,0,1
3HFM_HL_Y|WH98F,3.245562,-0.010419624,0,1
"3HFM_HL_Y|WH98F,YY20A",4.0,0.982976,0,1
3HFM_HL_Y|WY63A,0.31918663,0.6228993,0,1
3HFM_HL_Y|YH33A,4.0,0.59591144,0,1
"3HFM_HL_Y|YH33A,KY97A",4.0,1.1765661,0,1
3HFM_HL_Y|YH33F,1.0712212,0.17654164,0,1
3HFM_HL_Y|YH33L,2.0069382,0.1202173,0,1
3HFM_HL_Y|YH33W,1.7495645,0.075304784,0,1
3HFM_HL_Y|YH50A,4.0,0.5828088,0,1
"3HFM_HL_Y|YH50A,RY21A",4.0,1.3240278,0,1
3HFM_HL_Y|YH50F,1.6099914,0.1787434,0,1
3HFM_HL_Y|YH50L,2.8488367,0.13318026,0,1
3HFM_HL_Y|YH53A,3.25038,0.59092027,0,1
3HFM_HL_Y|YH53F,0.62049925,0.15104303,0,1
3HFM_HL_Y|YH53L,0.8068894,0.13276325,0,1
3HFM_HL_Y|YH53W,0.7061819,0.034465358,0,1
3HFM_HL_Y|YH58A,1.6760437,0.94356495,0,1
3HFM_HL_Y|YH58F,0.36312544,0.25478134,0,1
3HFM_HL_Y|YH58L,1.5136731,0.26402286,0,1
3HFM_HL_Y|YL50A,4.0,0.6942789,0,1
"3HFM_HL_Y|YL50A,KY96A",4.0,1.4307905,0,1
"3HFM_HL_Y|YL50A,KY97A",4.0,1.2706883,0,1
"3HFM_HL_Y|YL50A,RY21A",4.0,1.444596,0,1
3HFM_HL_Y|YL50F,2.3548672,0.15036398,0,1
"3HFM_HL_Y|YL50F,RY21A",4.0,0.87904245,0,1
"3HFM_HL_Y|YL50F,YY20A",4.0,1.1676317,0,1
3HFM_HL_Y|YL50L,4.0,0.13447721,0,1
3HFM_HL_Y|YL96A,2.707045,0.6267502,0,1
"3HFM_HL_Y|YL96A,RY21A",4.0,1.391037,0,1
3HFM_HL_Y|YL96F,1.4017794,0.2559969,0,1
"3HFM_HL_Y|YL96F,RY21A",4.0,0.9939406,0,1
3HFM_HL_Y|YY20A,4.0,1.0104971,0,1
3HFM_HL_Y|YY20F,-0.4839681,-0.11298658,0,1
3HFM_HL_Y|YY20L,2.1845057,0.54345065,0,1
3SE9_HL_G|DH77A,-0.7664817,0.6082096,0,1
3SE9_HL_G|EL90A,0.41735974,0.5902428,0,1
3SE9_HL_G|FL91A,0.023615688,0.62178755,0,1
3SE9_HL_G|GH106A,-0.3075798,0.80534977,0,1
3SE9_HL_G|GH107A,-0.6151596,0.7760148,0,1
3SE9_HL_G|GH109A,0.18514356,0.84997547,0,1
3SE9_HL_G|GH57A,0.4524448,0.6044613,0,1
3SE9_HL_G|GH62A,0.04634,0.69014716,0,1
3SE9_HL_G|GL29A,0.46369976,0.7006964,0,1
3SE9_HL_G|LH34A,0.56599987,0.58441544,0,1
3SE9_HL_G|LL89A,0.964243,0.73188156,0,1
3SE9_HL_G|NH60A,1.5217615,0.54083514,0,1
3SE9_HL_G|PH64A,-0.4419396,0.29976797,0,1
3SE9_HL_G|RH67A,1.4695449,0.046427503,0,1
3SE9_HL_G|RH74A,2.6792572,0.15714069,0,1
3SE9_HL_G|RH76A,-0.2322162,0.07071083,0,1
3SE9_HL_G|TH105A,-0.4419396,0.2593708,0,1
3SE9_HL_G|TH56A,-0.85929936,0.21896823,0,1
3SE9_HL_G|VH55A,-0.85929936,0.6117746,0,1
3SE9_HL_G|VH59A,0.9833596,0.6549478,0,1
3SE9_HL_G|VL3A,-0.49433115,0.5665597,0,1
3SE9_HL_G|WH48A,1.0584464,0.45103535,0,1
3SE9_HL_G|WH51A,1.275695,0.48775133,0,1
3SE9_HL_G|YH104A,0.46369976,1.044417,0,1
3SE9_HL_G|YL28A,1.1177194,0.38880813,0,1
4U6H_AB_E|NE21A,-0.3480795,1.2102476,0,1
4U6H_AB_E|QE25A,0.11883454,1.3927141,0,1
4ZS6_HL_A|EA156A,3.0386665,1.1879824,0,1
4ZS6_HL_A|YA160A,-0.11025046,1.2236011,0,1
1AHW_AB_C|DC167A,-0.4845926,0.42219108,0,2
"1AHW_AB_C|KC138A,DC139A",1.1814722,0.37691784,0,2
"1AHW_AB_C|KC154A,KC155A",-1.329712,0.5959401,0,2
1AHW_AB_C|LC165A,0.9869364,0.45121425,0,2
1AHW_AB_C|NC188A,1.0782224,0.39522636,0,2
"1AHW_AB_C|TC110A,KC111A",0.6388569,0.41713434,0,2
1AHW_AB_C|TC156A,-0.07411996,0.20581438,0,2
1AHW_AB_C|TC159A,1.105771,0.39487642,0,2
1AHW_AB_C|TC186A,1.345882,0.035370402,0,2
1AHW_AB_C|VC187A,-0.31423107,0.28361243,0,2
1AHW_AB_C|YC146A,-1.8890098,0.288647,0,2
1BJ1_HL_VW|HH101Y,-1.5835956,-0.2641552,0,2
"1BJ1_HL_VW|HH101Y,YH103I,GH104A,SH105K",-0.43125325,0.15206411,0,2
"1BJ1_HL_VW|HH101Y,YH103R,GH104N,SH105T",-0.7626503,0.2883488,0,2
"1BJ1_HL_VW|HH101Y,YH103R,SH105T",-1.173123,0.067156136,0,2
1BJ1_HL_VW|HH107A,0.78965265,0.24311216,0,2
"1BJ1_HL_VW|LH72I,TH74K",0.076517485,0.09007232,0,2
"1BJ1_HL_VW|LH72V,TH74V",0.6706598,-0.42741305,0,2
"1BJ1_HL_VW|ML4L,TH28D,NH31H,HH101Y,SH105T",-1.52138,-1.0923954,0,2
1BJ1_HL_VW|NH31H,-0.7626503,-0.43446422,0,2
1BJ1_HL_VW|SH105T,-0.39039657,0.16591197,0,2
1BJ1_HL_VW|TH28D,-0.22003505,-0.13632403,0,2
"1BJ1_HL_VW|TH28D,NH31H",-0.6929008,-0.6019371,0,2
"1BJ1_HL_VW|TH28D,NH31H,YH54W,HH101Y,SH105T",-1.2034981,-0.98719835,0,2
1BJ1_HL_VW|TH59A,0.85066694,-0.07729626,0,2
1BJ1_HL_VW|YH27A,2.2425284,0.10924888,0,2
1BJ1_HL_VW|YH54A,1.3276595,0.22465931,0,2
1BJ1_HL_VW|YH54W,-0.13726985,-0.122284554,0,2
1BJ1_HL_VW|YH99A,4.0,0.25154638,0,2
1DQJ_AB_C|DB32A,2.0134337,0.08422364,0,2
"1DQJ_AB_C|DB32A,KC97A",1.1223834,0.5099017,0,2
1DQJ_AB_C|DC101A,1.3765504,0.46290636,0,2
1DQJ_AB_C|KC96A,4.0,0.27825975,0,2
1DQJ_AB_C|KC97A,3.5197058,0.35480982,0,2
1DQJ_AB_C|LC75A,1.452407,0.067954406,0,2
1DQJ_AB_C|NA31A,2.0134337,0.017126665,0,2
1DQJ_AB_C|NA32A,4.0,-0.0963213,0,2
"1DQJ_AB_C|NA32A,KC96A",4.0,0.2527846,0,2
1DQJ_AB_C|NC93A,0.64987326,0.08125642,0,2
1DQJ_AB_C|RC21A,1.2137709,0.44151616,0,2
1DQJ_AB_C|SA91A,1.4318883,0.04004281,0,2
"1DQJ_AB_C|SA91A,RC21A",3.1707318,0.5409442,0,2
"1DQJ_AB_C|SA91A,YC20A",3.573092,0.51167583,0,2
1DQJ_AB_C|SC100A,0.7755829,0.357157,0,2
1DQJ_AB_C|TC89A,0.84084374,0.32913572,0,2
1DQJ_AB_C|WB98A,4.0,0.08875552,0,2
"1DQJ_AB_C|WB98A,KC97A",4.0,0.50747234,0,2
"1DQJ_AB_C|WB98A,SC100A",4.0,0.5072099,0,2
"1DQJ_AB_C|WB98A,YC20A",4.0,0.5600104,0,2
1DQJ_AB_C|WC62A,0.7580786,0.18115348,0,2
1DQJ_AB_C|WC63A,1.3462692,0.18412407,0,2
1DQJ_AB_C|YA50A,2.678299,0.1295703,0,2
1DQJ_AB_C|YA96A,1.135051,0.24078687,0,2
"1DQJ_AB_C|YA96A,RC21A",3.4851997,0.74918073,0,2
"1DQJ_AB_C|YA96A,SC100A",0.91344726,0.6648725,0,2
1DQJ_AB_C|YB33A,4.0,0.1231779,0,2
1DQJ_AB_C|YB50A,4.0,0.1365012,0,2
1DQJ_AB_C|YB53A,1.1802781,0.2238174,0,2
"1DQJ_AB_C|YB53A,DC101A",2.727121,0.76920664,0,2
"1DQJ_AB_C|YB53A,LC75A",1.2168618,0.3656094,0,2
"1DQJ_AB_C|YB53A,WC62A",1.286308,0.47470528,0,2
"1DQJ_AB_C|YB53A,WC63A",2.1992323,0.48663914,0,2
1DQJ_AB_C|YC20A,3.2857084,0.41327798,0,2
1XGT_AB_C|LB33A,2.1988916,0.18706895,0,2
1XGT_AB_C|LB33F,-1.8617703,-0.0384604,0,2
1XGT_AB_C|LB33I,-0.061315425,0.06367223,0,2
1XGT_AB_C|LB33V,1.0463123,0.017973088,0,2
"3BDY_HL_V|DL28N,PL30A,RL31K,SL32T,TL97S,TL98S",-0.9690793,0.059794337,0,2
"3BDY_HL_V|DL28N,PL30A,RL31K,SL32T,TL97S,TL98S,KH31S,DH32G,TH55S,NH56E,GH101V,DH103V",-2.7154896,-1.2823658,0,2
"3BDY_HL_V|DL28N,PL30A,RL31K,SL32T,TL97S,TL98S,KH31S,DH32G,TH55S,NH56E,GH101V,DH103V,RH51A,RH60A",-2.7728782,-1.7460679,0,2
"3BDY_HL_V|DL28N,PL30A,RL31K,SL32T,YL57F,TL97S,TL98S",-0.97316396,0.102953464,0,2
"3BDY_HL_V|DL28N,PL30A,RL31K,SL32T,YL57F,TL97S,TL98S,KH31S,DH32G,TH55S,NH56E,GH101V,DH103V",-2.727121,-1.484283,0,2
3HFM_HL_Y|DH32A,1.8982269,0.08142333,0,2
"3HFM_HL_Y|DH32A,KY97A",4.0,0.49555868,0,2
"3HFM_HL_Y|DH32A,KY97M",1.1234494,0.3473541,0,2
3HFM_HL_Y|DH32N,0.17036153,0.1600803,0,2
"3HFM_HL_Y|DH32N,KY97A",4.0,0.57167697,0,2
"3HFM_HL_Y|DH32N,KY97M",0.3025042,0.42723674,0,2
3HFM_HL_Y|DY101A,1.2081919,0.454477,0,2
3HFM_HL_Y|DY101E,2.132881,-0.26498842,0,2
3HFM_HL_Y|DY101F,2.3282614,0.16526479,0,2
3HFM_HL_Y|DY101G,0.35884774,0.0440493,0,2
3HFM_HL_Y|DY101K,2.1245396,0.022762239,0,2
3HFM_HL_Y|DY101N,1.4911126,0.2988236,0,2
3HFM_HL_Y|DY101Q,2.0851746,-0.09979679,0,2
3HFM_HL_Y|DY101R,2.2798727,0.087363034,0,2
3HFM_HL_Y|DY101S,1.8694,0.27021897,0,2
3HFM_HL_Y|GY102V,0.395285,-0.2480021,0,2
3HFM_HL_Y|HY15A,-0.4453172,-0.036166314,0,2
3HFM_HL_Y|IY98A,0.0,0.15197183,0,2
3HFM_HL_Y|KY96A,4.0,0.28469908,0,2
3HFM_HL_Y|KY96M,4.0,-0.04524763,0,2
3HFM_HL_Y|KY96R,4.0,0.09773806,0,2
3HFM_HL_Y|KY97A,4.0,0.3438301,0,2
3HFM_HL_Y|KY97D,4.0,0.06975773,0,2
3HFM_HL_Y|KY97E,3.6045077,0.14548522,0,2
3HFM_HL_Y|KY97G,4.0,0.0076939315,0,2
3HFM_HL_Y|KY97M,0.9469717,0.19779252,0,2
3HFM_HL_Y|KY97R,3.0528512,-0.044486195,0,2
3HFM_HL_Y|LY75A,0.70445603,0.054021306,0,2
3HFM_HL_Y|NL31A,4.0,-0.00286825,0,2
"3HFM_HL_Y|NL31A,KY96A",4.0,0.3502952,0,2
3HFM_HL_Y|NL31D,1.3434845,-0.3224514,0,2
3HFM_HL_Y|NL31E,4.0,-0.3260821,0,2
3HFM_HL_Y|NL32A,4.0,-0.0969619,0,2
3HFM_HL_Y|NY19D,0.41047263,0.12373391,0,2
3HFM_HL_Y|NY19K,0.2401111,0.09880346,0,2
3HFM_HL_Y|NY19Q,-0.042485796,0.050254658,0,2
3HFM_HL_Y|NY93A,0.21121821,0.08688307,0,2
3HFM_HL_Y|QL53A,0.9530879,0.11665128,0,2
3HFM_HL_Y|RY21A,0.8618019,0.438946,0,2
3HFM_HL_Y|RY21E,2.4534352,0.013243102,0,2
3HFM_HL_Y|RY21G,2.4220753,0.1707944,0,2
3HFM_HL_Y|RY21H,2.1693182,0.058584586,0,2
3HFM_HL_Y|RY21K,1.766342,0.16841176,0,2
3HFM_HL_Y|RY21M,2.0498905,0.15921056,0,2
3HFM_HL_Y|RY21N,2.3282614,0.27127975,0,2
3HFM_HL_Y|RY21Q,2.3975346,-0.040431682,0,2
3HFM_HL_Y|RY21W,2.132881,0.001194559,0,2
3HFM_HL_Y|RY73A,-0.3313971,0.16848764,0,2
3HFM_HL_Y|SH31A,0.17036153,-0.17215991,0,2
3HFM_HL_Y|SY100A,0.26765963,0.35659486,0,2
3HFM_HL_Y|TY89A,0.0,0.32638794,0,2
3HFM_HL_Y|WH98A,4.0,0.038808003,0,2
"3HFM_HL_Y|WH98A,KY96A",4.0,0.38647038,0,2
3HFM_HL_Y|WH98F,3.245562,-0.13941896,0,2
"3HFM_HL_Y|WH98F,YY20A",4.0,0.33170432,0,2
3HFM_HL_Y|WY63A,0.31918663,0.18085511,0,2
3HFM_HL_Y|YH33A,4.0,0.029413618,0,2
"3HFM_HL_Y|YH33A,KY97A",4.0,0.43494165,0,2
3HFM_HL_Y|YH33F,1.0712212,-0.11185784,0,2
3HFM_HL_Y|YH33L,2.0069382,-0.12184964,0,2
3HFM_HL_Y|YH33W,1.7495645,-0.037619874,0,2
3HFM_HL_Y|YH50A,4.0,0.091052026,0,2
"3HFM_HL_Y|YH50A,RY21A",4.0,0.58913094,0,2
3HFM_HL_Y|YH50F,1.6099914,-0.035896637,0,2
3HFM_HL_Y|YH50L,2.8488367,-0.07690235,0,2
3HFM_HL_Y|YH53A,3.25038,0.23554753,0,2
3HFM_HL_Y|YH53F,0.62049925,-0.06978176,0,2
3HFM_HL_Y|YH53L,0.8068894,-0.072364256,0,2
3HFM_HL_Y|YH53W,0.7061819,-0.11874323,0,2
3HFM_HL_Y|YH58A,1.6760437,0.37414205,0,2
3HFM_HL_Y|YH58F,0.36312544,0.063097104,0,2
3HFM_HL_Y|YH58L,1.5136731,0.021323897,0,2
3HFM_HL_Y|YL50A,4.0,0.11279009,0,2
"3HFM_HL_Y|YL50A,KY96A",4.0,0.4539404,0,2
"3HFM_HL_Y|YL50A,KY97A",4.0,0.5144312,0,2
"3HFM_HL_Y|YL50A,RY21A",4.0,0.6159507,0,2
3HFM_HL_Y|YL50F,2.3548672,-0.13102156,0,2
"3HFM_HL_Y|YL50F,RY21A",4.0,0.3768944,0,2
"3HFM_HL_Y|YL50F,YY20A",4.0,0.33542365,0,2
3HFM_HL_Y|YL50L,4.0,-0.107630916,0,2
3HFM_HL_Y|YL96A,2.707045,0.23153435,0,2
"3HFM_HL_Y|YL96A,RY21A",4.0,0.73350894,0,2
3HFM_HL_Y|YL96F,1.4017794,0.07017031,0,2
"3HFM_HL_Y|YL96F,RY21A",4.0,0.5779236,0,2
3HFM_HL_Y|YY20A,4.0,0.39787412,0,2
3HFM_HL_Y|YY20F,-0.4839681,-0.04421279,0,2
3HFM_HL_Y|YY20L,2.1845057,-0.0017066225,0,2
3SE9_HL_G|DH77A,-0.7664817,0.17604727,0,2
3SE9_HL_G|EL90A,0.41735974,0.101684704,0,2
3SE9_HL_G|FL91A,0.023615688,0.0887534,0,2
3SE9_HL_G|GH106A,-0.3075798,0.050093144,0,2
3SE9_HL_G|GH107A,-0.6151596,-0.04237134,0,2
3SE9_HL_G|GH109A,0.18514356,0.1484684,0,2
3SE9_HL_G|GH57A,0.4524448,0.07092354,0,2
3SE9_HL_G|GH62A,0.04634,-0.028406776,0,2
3SE9_HL_G|GL29A,0.46369976,0.14325081,0,2
3SE9_HL_G|LH34A,0.56599987,0.10483301,0,2
3SE9_HL_G|LL89A,0.964243,0.21209426,0,2
3SE9_HL_G|NH60A,1.5217615,-0.14977916,0,2
3SE9_HL_G|PH64A,-0.4419396,-0.0056695193,0,2
3SE9_HL_G|RH67A,1.4695449,-0.02722783,0,2
3SE9_HL_G|RH74A,2.6792572,-0.16137698,0,2
3SE9_HL_G|RH76A,-0.2322162,0.018097743,0,2
3SE9_HL_G|TH105A,-0.4419396,-0.19121012,0,2
3SE9_HL_G|TH56A,-0.85929936,-0.12752903,0,2
3SE9_HL_G|VH55A,-0.85929936,0.4027133,0,2
3SE9_HL_G|VH59A,0.9833596,0.32835257,0,2
3SE9_HL_G|VL3A,-0.49433115,0.20642503,0,2
3SE9_HL_G|WH48A,1.0584464,-0.014534671,0,2
3SE9_HL_G|WH51A,1.275695,0.1660417,0,2
3SE9_HL_G|YH104A,0.46369976,0.4947847,0,2
3SE9_HL_G|YL28A,1.1177194,0.14965305,0,2
4U6H_AB_E|NE21A,-0.3480795,0.31658167,0,2
4U6H_AB_E|QE25A,0.11883454,0.2628829,0,2
4ZS6_HL_A|EA156A,3.0386665,0.30045992,0,2
4ZS6_HL_A|YA160A,-0.11025046,0.109821215,0,2
1KIP_AB_C|AB32Y,-0.8005932,-1.5437149,1,0
1XGU_AB_C|FB33A,4.0,0.6804923,1,0
1XGU_AB_C|FB33I,1.8004549,-0.041403513,1,0
1XGU_AB_C|FB33L,1.8617703,0.32053176,1,0
1XGU_AB_C|FB33V,2.9080825,0.08775144,1,0
2B2X_HL_A|EH64K,-0.033433665,0.5701864,1,0
"2B2X_HL_A|EH64K,QL28S,YL52N",0.911615,0.58931243,1,0
"2B2X_HL_A|EH64K,QL28S,YL52N,GH102S",2.7106705,0.58635294,1,0
"2B2X_HL_A|EH64K,QL28S,YL52N,SH35A",3.119054,1.130455,1,0
"2B2X_HL_A|EH64K,QL28S,YL52N,SH35V",3.770335,0.58831424,1,0
"2B2X_HL_A|EH64K,YL52N",0.34853002,1.3255925,1,0
"2B2X_HL_A|QL28S,YL52N",0.8626942,-0.41263622,1,0
2B2X_HL_A|VH50T,0.024054652,0.048090316,1,0
"2B2X_HL_A|VH50T,EH64D,QL28S,YL52N",0.87177193,-0.19184817,1,0
"2B2X_HL_A|VH50T,EH64K,QL28S",0.991589,-0.16434878,1,0
"2B2X_HL_A|VH50T,EH64K,QL28S,YL52D",1.5439764,0.10426945,1,0
"2B2X_HL_A|VH50T,EH64K,QL28S,YL52E",0.95452905,0.28983328,1,0
"2B2X_HL_A|VH50T,EH64K,QL28S,YL52K",1.7007239,1.3988811,1,0
"2B2X_HL_A|VH50T,EH64K,QL28S,YL52N",1.043214,0.7099107,1,0
"2B2X_HL_A|VH50T,EH64K,QL28S,YL52N,FH99W",1.043214,0.43711784,1,0
"2B2X_HL_A|VH50T,EH64K,QL28S,YL52N,FH99Y",1.7978828,-0.39192006,1,0
"2B2X_HL_A|VH50T,EH64K,QL28S,YL52N,GH100F",1.4322319,1.3045528,1,0
"2B2X_HL_A|VH50T,EH64K,QL28S,YL52N,GH100L",3.770335,1.6589358,1,0
"2B2X_HL_A|VH50T,EH64K,QL28S,YL52N,GH100M",1.145348,1.4039257,1,0
"2B2X_HL_A|VH50T,EH64K,QL28S,YL52N,GH100S",1.6009614,1.1449002,1,0
"2B2X_HL_A|VH50T,EH64K,QL28S,YL52N,GH53A",1.5558206,2.0046694,1,0
"2B2X_HL_A|VH50T,EH64K,QL28S,YL52N,GH53N",2.2985272,1.5524493,1,0
"2B2X_HL_A|VH50T,EH64K,QL28S,YL52N,GH53S",1.7188073,0.9873052,1,0
"2B2X_HL_A|VH50T,EH64K,QL28S,YL52N,GH54I",2.4067745,2.2462995,1,0
"2B2X_HL_A|VH50T,EH64K,QL28S,YL52N,GH54T",2.2073808,2.0593538,1,0
"2B2X_HL_A|VH50T,EH64K,QL28S,YL52N,GH54Y",1.043214,0.5307659,1,0
"2B2X_HL_A|VH50T,EH64K,QL28S,YL52N,GL92Q",2.6158988,2.1371377,1,0
"2B2X_HL_A|VH50T,EH64K,QL28S,YL52N,GL92S",1.5558206,1.2256612,1,0
"2B2X_HL_A|VH50T,EH64K,QL28S,YL52N,HL31K",2.2073808,2.0309234,1,0
"2B2X_HL_A|VH50T,EH64K,QL28S,YL52N,HL31R",2.1670115,1.3065253,1,0
"2B2X_HL_A|VH50T,EH64K,QL28S,YL52N,HL31W",2.2985272,0.7292574,1,0
"2B2X_HL_A|VH50T,EH64K,QL28S,YL52N,LH60D",0.981894,0.8590202,1,0
"2B2X_HL_A|VH50T,EH64K,QL28S,YL52N,LL49F",1.7554936,0.69522554,1,0
"2B2X_HL_A|VH50T,EH64K,QL28S,YL52N,LL49K",1.9044149,1.4348028,1,0
"2B2X_HL_A|VH50T,EH64K,QL28S,YL52N,LL49W",2.9507816,0.39593711,1,0
"2B2X_HL_A|VH50T,EH64K,QL28S,YL52N,NL30V",2.0925434,1.6464325,1,0
"2B2X_HL_A|VH50T,EH64K,QL28S,YL52N,NL30W",2.6158988,1.1645669,1,0
"2B2X_HL_A|VH50T,EH64K,QL28S,YL52N,NL30Y",2.9507816,-0.039076712,1,0
"2B2X_HL_A|VH50T,EH64K,QL28S,YL52N,NL30Y,SL91I",1.4775821,0.6377866,1,0
"2B2X_HL_A|VH50T,EH64K,QL28S,YL52N,RH31Q",2.350542,1.1192932,1,0
"2B2X_HL_A|VH50T,EH64K,QL28S,YL52N,SH35A",2.6158988,1.3254277,1,0
"2B2X_HL_A|VH50T,EH64K,QL28S,YL52N,SH35A,GH102S",2.6158988,1.5513444,1,0
"2B2X_HL_A|VH50T,EH64K,QL28S,YL52N,SH35Q",3.770335,1.0299208,1,0
"2B2X_HL_A|VH50T,EH64K,QL28S,YL52N,SH35V,GH102S",2.4688888,1.0448455,1,0
"2B2X_HL_A|VH50T,EH64K,QL28S,YL52N,SH52M",3.119054,0.55049473,1,0
"2B2X_HL_A|VH50T,EH64K,QL28S,YL52N,SL24R",0.82788163,0.92452973,1,0
"2B2X_HL_A|VH50T,EH64K,QL28S,YL52N,SL91Q",2.8172472,1.2746164,1,0
"2B2X_HL_A|VH50T,EH64K,QL28S,YL52N,SL91R",3.770335,1.3637497,1,0
"2B2X_HL_A|VH50T,EH64K,QL28S,YL52N,SL91R,NL30E",3.770335,1.645795,1,0
"2B2X_HL_A|VH50T,EH64K,QL28S,YL52N,SL91T",3.3598623,1.4591473,1,0
"2B2X_HL_A|VH50T,EH64K,QL28S,YL52N,TH33E,GH53Q",2.7106705,1.3284549,1,0
"2B2X_HL_A|VH50T,EH64K,QL28S,YL52N,TH33I,SH52T,GH53N,GH54N",2.9507816,2.2216055,1,0
"2B2X_HL_A|VH50T,EH64K,QL28S,YL52N,TH33I,SH52T,GH53Q,GH54F",2.2985272,2.570564,1,0
"2B2X_HL_A|VH50T,EH64K,QL28S,YL52N,TH33N",3.770335,1.0923147,1,0
"2B2X_HL_A|VH50T,EH64K,QL28S,YL52N,TH33V",1.4775821,0.5919976,1,0
"2B2X_HL_A|VH50T,EH64K,QL28S,YL52N,WL90Q",3.119054,2.07915,1,0
"2B2X_HL_A|VH50T,EH64K,QL28S,YL52N,WL90Q,FL33Y",1.914233,1.4673916,1,0
"2B2X_HL_A|VH50T,EH64K,QL28S,YL52N,YH58E",3.119054,1.7083225,1,0
"2B2X_HL_A|VH50T,EH64K,QL28S,YL52N,YH58Q",3.119054,2.5091846,1,0
"2B2X_HL_A|VH50T,EH64K,QL28S,YL52N,YH58W",1.8641591,1.5434382,1,0
"2B2X_HL_A|VH50T,EH64K,QL28S,YL52N,YH59E",1.5872209,1.3032991,1,0
"2B2X_HL_A|VH50T,EH64K,QL28S,YL52R",1.8880546,0.9496094,1,0
"2B2X_HL_A|VH50T,EH64K,YL52N",0.28173435,1.6725512,1,0
"2B2X_HL_A|VH50T,EH64N,QL28S,YL52N",1.0069425,0.30608794,1,0
"2B2X_HL_A|VH50T,EH64Q,QL28S,YL52N",0.96559924,0.3989916,1,0
"2B2X_HL_A|VH50T,EH64Q,QL28S,YL52N,LH60D",1.0862032,0.5397275,1,0
"2B2X_HL_A|VH50T,QL28S,YL52N",0.96559924,0.07346448,1,0
"2B2X_HL_A|VH50T,QL28S,YL52N,LH60D",0.90141344,0.19026235,1,0
"2B2X_HL_A|VH50T,YL52N",0.18636756,0.9152656,1,0
2B2X_HL_A|YL52E,-0.22410508,0.28782457,1,0
2VIR_AB_C|SC115L,3.680209,0.07958538,1,0
2VIR_AB_C|TC89I,4.0,0.8418343,1,0
"3G6D_LH_A|EL3V,GL76R,TL77V,QL78E,EL80G",0.13981691,-0.058768593,1,0
"3G6D_LH_A|EL3V,GL76R,TL77V,QL78E,EL80G,DH54N",0.111178115,1.9446301,1,0
"3G6D_LH_A|EL3V,GL76R,TL77V,QL78E,EL80G,TL89S,ML92I,VL93D,TL94K",0.27145106,-3.0013866,1,0
3G6D_LH_A|HH104A,-0.9530879,0.8597701,1,0
"3G6D_LH_A|KH210T,KH215T",-0.13294782,0.061885327,1,0
"3G6D_LH_A|TL89S,ML92I,VL93D,TL94K",0.7979767,-2.0677853,1,0
3G6D_LH_A|WH105A,-1.4965084,0.87391484,1,0
"3IDX_HL_G|CG27I,CG242Q",-2.4650376,0.0026189853,1,0
"3IDX_HL_G|CG27I,CG242Q,MG247A",-2.1736174,0.10922555,1,0
"3IDX_HL_G|KG85C,EG121C,CG27I,CG242Q",-2.3776865,-0.059680387,1,0
"3IDX_HL_G|KG85C,EG121C,WG13M,MG247A,CG14W,CG129V,CG27I,CG242Q",-2.1922898,-0.2674031,1,0
"3IDX_HL_G|KG85C,EG122C,WG13M,MG247A,CG14W,CG129V,CG27I,CG242Q",-2.2927184,-0.032165192,1,0
"3IDX_HL_G|TG41C,GG245C,MG247A",0.40945426,-0.490395,1,0
"3IDX_HL_G|TG41C,GG245C,WG13M,MG247A,CG14W,CG129V,CG27I,CG242Q",-2.3310676,0.5838039,1,0
"3IDX_HL_G|WG13M,MG247A,CG14W,CG129V",-0.6475391,1.202526,1,0
"3IDX_HL_G|WG13M,MG247A,CG14W,CG129V,CG27I,CG242Q",-2.3479884,-0.51107246,1,0
"3IDX_HL_G|WG13M,MG247A,CG14W,CG129V,KG85C,EG121C",-0.36166522,1.9437819,1,0
"3IDX_HL_G|WG13M,SG111T,WG200S,MG247A,CG14W,CG129V,CG27I,CG242Q",-1.8639641,-0.73660445,1,0
"3L5X_A_HL|EL93F,YL94G",-0.42800838,0.8630058,1,0
"3L5X_A_HL|EL93H,YL94G",-0.7626503,0.33810106,1,0
"3L5X_A_HL|HL91P,NL92I,EL93D,YL94A",-0.6466697,3.2944803,1,0
"3L5X_A_HL|HL91P,NL92L,EL93D,YL94S",-0.6327897,1.9976649,1,0
"3L5X_A_HL|HL91P,NL92L,EL93D,YL94T",-0.81005055,2.9111927,1,0
"3L5X_A_HL|HL91P,NL92L,EL93D,YL94V",-0.85822237,2.7285109,1,0
"3L5X_A_HL|HL91P,NL92L,YL94A",-0.44441348,3.3552997,1,0
"3L5X_A_HL|HL91Q,NL92D,EL93I,YL94G",-1.5503801,2.0280964,1,0
"3L5X_A_HL|HL91Q,NL92D,EL93L,YL94G",-1.785132,2.4583473,1,0
"3L5X_A_HL|HL91Q,NL92D,EL93Y,YL94G",-1.451453,-1.3537197,1,0
"3L5X_A_HL|NL92D,EL93L,YL94G",-0.42962858,1.2910801,1,0
"3L5X_A_HL|NL92D,EL93N,YL94S",-0.53403836,0.40373394,1,0
"3L5X_A_HL|NL92D,EL93P,YL94G",-1.4699602,1.4860483,1,0
"3L5X_A_HL|NL92D,EL93R,YL94D",-0.52253926,-0.4793591,1,0
"3L5X_A_HL|NL92D,EL93W,YL94E",-1.1963489,-1.3479128,1,0
"3L5X_A_HL|NL92D,EL93W,YL94G",-1.6825228,-1.0183568,1,0
"3L5X_A_HL|NL92D,EL93W,YL94S",-0.71612674,-1.0900849,1,0
"3L5X_A_HL|NL92D,EL93Y,YL94A",-0.8069743,-0.19051377,1,0
"3L5X_A_HL|NL92E,EL93S,YL94G",-1.2653587,-0.003997585,1,0
"3L5X_A_HL|NL92E,EL93W,YL94G",-1.5503801,-0.94686604,1,0
"3L5X_A_HL|NL92F,EL93W,YL94G",-1.2329907,-0.20460472,1,0
"3L5X_A_HL|NL92L,EL93D,YL94S",-0.6170473,1.0374563,1,0
"3L5X_A_HL|NL92L,EL93L,YL94G",-0.6259698,1.7606317,1,0
"3L5X_A_HL|NL92L,EL93M,YL94G",-0.82567644,1.7858987,1,0
"3L5X_A_HL|NL92L,EL93N,YL94G",-0.6954369,1.36973,1,0
"3L5X_A_HL|NL92S,EL93H,YL94G",-1.2457265,-0.036358155,1,0
"3L5X_A_HL|NL92S,EL93I,YL94G",-0.8069743,1.027408,1,0
"3L5X_A_HL|NL92S,EL93S,YL94G",-0.24921271,0.16983195,1,0
"3L5X_A_HL|NL92S,EL93V,YL94G",-0.51687235,0.9955539,1,0
"3L5X_A_HL|NL92S,EL93W,YL94A",-0.30302802,0.74437404,1,0
"3L5X_A_HL|NL92S,EL93W,YL94G",-1.2720501,-0.6068209,1,0
"3L5X_A_HL|NL92S,EL93Y,YL94G",-0.9641868,-1.3411041,1,0
"3L5X_A_HL|NL92V,EL93G,YL94G",-0.46300006,0.36333922,1,0
"3L5X_A_HL|NL92V,EL93W,YL94G",-0.83525383,-0.36748588,1,0
3L5X_A_HL|YL94A,-0.82885176,1.6532955,1,0
3N85_A_LH|SH32A,-0.13401966,0.91037744,1,0
3N85_A_LH|SH32Y,0.0571225,-0.48335782,1,0
3N85_A_LH|SH50G,0.48767117,0.13203403,1,0
3N85_A_LH|SH52Y,-0.78460336,-0.9085348,1,0
3N85_A_LH|WH100F,-0.015185109,0.57982445,1,0
3N85_A_LH|WH30K,-0.78460336,0.6211291,1,0
3N85_A_LH|WH30R,-0.5539675,0.28434336,1,0
3N85_A_LH|WL91F,0.13959166,0.57810616,1,0
3N85_A_LH|WL94Y,-0.03871881,-0.27098092,1,0
3SE8_HL_G|DH110A,-0.38934898,0.9624446,1,0
3SE8_HL_G|DH114A,-0.2441398,0.9224903,1,0
3SE8_HL_G|DL49A,0.8558488,1.0746772,1,0
3SE8_HL_G|EL1A,-0.5565174,0.96627057,1,0
3SE8_HL_G|EL91A,1.513491,1.1809356,1,0
3SE8_HL_G|FH115A,1.0676043,0.6566856,1,0
3SE8_HL_G|FL90A,-0.8640972,0.9842985,1,0
3SE8_HL_G|FL92A,0.8323254,0.7083594,1,0
3SE8_HL_G|GH56A,0.3570972,0.78341424,1,0
3SE8_HL_G|KH52A,1.1114144,0.35047105,1,0
3SE8_HL_G|LH54A,0.054776184,1.0714148,1,0
3SE8_HL_G|NL30A,0.19434923,1.1744041,1,0
3SE8_HL_G|PH78A,0.01881787,1.0124046,1,0
3SE8_HL_G|PH81A,-0.07091986,0.4873422,1,0
3SE8_HL_G|QH63A,1.1144251,0.45392022,1,0
3SE8_HL_G|QH65A,0.54980505,0.33835927,1,0
3SE8_HL_G|QH76A,0.09689985,0.8406062,1,0
3SE8_HL_G|QL27A,-0.21612903,0.99225384,1,0
3SE8_HL_G|RH30A,-0.03949762,0.97766215,1,0
3SE8_HL_G|RH62A,1.2061691,0.6881433,1,0
3SE8_HL_G|RH72A,2.6444623,0.7923502,1,0
3SE8_HL_G|SH59A,1.1508402,1.2621716,1,0
3SE8_HL_G|VH58A,1.2496852,0.8896924,1,0
3SE8_HL_G|WH47A,1.4751467,0.600985,1,0
3SE8_HL_G|WH50A,1.333526,1.2759039,1,0
3SE8_HL_G|WH55A,0.7611056,1.2587562,1,0
3SE8_HL_G|YH111A,0.82992166,1.7618085,1,0
3SE8_HL_G|YH60A,0.8558488,1.3354383,1,0
4KRL_A_B|DB112A,0.6496817,1.0834011,1,0
5C6T_HL_A|EA194A,1.0906719,0.77953017,1,0
5C6T_HL_A|FA192A,1.9972014,1.0400445,1,0
5C6T_HL_A|FA199A,2.7581792,0.85904884,1,0
5C6T_HL_A|FA200A,0.41047263,1.4373554,1,0
5C6T_HL_A|FH99A,1.4600298,0.5212121,1,0
5C6T_HL_A|IA201A,0.88561165,-0.075055584,1,0
5C6T_HL_A|NA183A,0.28399685,1.5202521,1,0
5C6T_HL_A|NA186A,0.3630724,0.84176594,1,0
5C6T_HL_A|NA188A,-0.36658686,1.3272625,1,0
"5C6T_HL_A|NA195A,DA197A",0.58650106,2.7207072,1,0
5C6T_HL_A|NH97A,1.5258962,0.88476133,1,0
5C6T_HL_A|RH31S,0.3115454,-0.13380359,1,0
5C6T_HL_A|RL48A,0.1229613,0.7684164,1,0
5C6T_HL_A|SH32A,-0.8683455,1.0928783,1,0
5C6T_HL_A|TA185A,0.33786914,1.1152864,1,0
5C6T_HL_A|YA182A,3.2083547,1.5903575,1,0
"5C6T_HL_A|YA182A,NA195A,DA197A",2.942425,4.367681,1,0
5C6T_HL_A|YH104A,0.3630724,1.4627845,1,0
5C6T_HL_A|YH98A,1.7166799,1.456703,1,0
5C6T_HL_A|YL47A,0.5516565,1.5933142,1,0
1KIP_AB_C|AB32Y,-0.8005932,-1.608319,1,1
1XGU_AB_C|FB33A,4.0,3.5432363,1,1
1XGU_AB_C|FB33I,1.8004549,1.0833478,1,1
1XGU_AB_C|FB33L,1.8617703,0.81419694,1,1
1XGU_AB_C|FB33V,2.9080825,1.8944178,1,1
2B2X_HL_A|EH64K,-0.033433665,0.6735401,1,1
"2B2X_HL_A|EH64K,QL28S,YL52N",0.911615,1.6904894,1,1
"2B2X_HL_A|EH64K,QL28S,YL52N,GH102S",2.7106705,2.4397805,1,1
"2B2X_HL_A|EH64K,QL28S,YL52N,SH35A",3.119054,3.1435494,1,1
"2B2X_HL_A|EH64K,QL28S,YL52N,SH35V",3.770335,2.5566018,1,1
"2B2X_HL_A|EH64K,YL52N",0.34853002,1.3853761,1,1
"2B2X_HL_A|QL28S,YL52N",0.8626942,0.47476742,1,1
2B2X_HL_A|VH50T,0.024054652,-0.37659556,1,1
"2B2X_HL_A|VH50T,EH64D,QL28S,YL52N",0.87177193,0.6516815,1,1
"2B2X_HL_A|VH50T,EH64K,QL28S",0.991589,0.818104,1,1
"2B2X_HL_A|VH50T,EH64K,QL28S,YL52D",1.5439764,1.0492387,1,1
"2B2X_HL_A|VH50T,EH64K,QL28S,YL52E",0.95452905,1.1990912,1,1
"2B2X_HL_A|VH50T,EH64K,QL28S,YL52K",1.7007239,2.163843,1,1
"2B2X_HL_A|VH50T,EH64K,QL28S,YL52N",1.043214,1.5121443,1,1
"2B2X_HL_A|VH50T,EH64K,QL28S,YL52N,FH99W",1.043214,0.94550943,1,1
"2B2X_HL_A|VH50T,EH64K,QL28S,YL52N,FH99Y",1.7978828,1.030685,1,1
"2B2X_HL_A|VH50T,EH64K,QL28S,YL52N,GH100F",1.4322319,2.5247617,1,1
"2B2X_HL_A|VH50T,EH64K,QL28S,YL52N,GH100L",3.770335,2.8927772,1,1
"2B2X_HL_A|VH50T,EH64K,QL28S,YL52N,GH100M",1.145348,3.6272779,1,1
"2B2X_HL_A|VH50T,EH64K,QL28S,YL52N,GH100S",1.6009614,2.8368065,1,1
"2B2X_HL_A|VH50T,EH64K,QL28S,YL52N,GH53A",1.5558206,2.064553,1,1
"2B2X_HL_A|VH50T,EH64K,QL28S,YL52N,GH53N",2.2985272,2.760709,1,1
"2B2X_HL_A|VH50T,EH64K,QL28S,YL52N,GH53S",1.7188073,2.3551493,1,1
"2B2X_HL_A|VH50T,EH64K,QL28S,YL52N,GH54I",2.4067745,2.2656586,1,1
"2B2X_HL_A|VH50T,EH64K,QL28S,YL52N,GH54T",2.2073808,2.1545103,1,1
"2B2X_HL_A|VH50T,EH64K,QL28S,YL52N,GH54Y",1.043214,1.4802682,1,1
"2B2X_HL_A|VH50T,EH64K,QL28S,YL52N,GL92Q",2.6158988,3.171018,1,1
"2B2X_HL_A|VH50T,EH64K,QL28S,YL52N,GL92S",1.5558206,2.6064603,1,1
"2B2X_HL_A|VH50T,EH64K,QL28S,YL52N,HL31K",2.2073808,2.7547452,1,1
"2B2X_HL_A|VH50T,EH64K,QL28S,YL52N,HL31R",2.1670115,1.7386844,1,1
"2B2X_HL_A|VH50T,EH64K,QL28S,YL52N,HL31W",2.2985272,2.013689,1,1
"2B2X_HL_A|VH50T,EH64K,QL28S,YL52N,LH60D",0.981894,2.014115,1,1
"2B2X_HL_A|VH50T,EH64K,QL28S,YL52N,LL49F",1.7554936,1.7165884,1,1
"2B2X_HL_A|VH50T,EH64K,QL28S,YL52N,LL49K",1.9044149,3.5908144,1,1
"2B2X_HL_A|VH50T,EH64K,QL28S,YL52N,LL49W",2.9507816,2.326504,1,1
"2B2X_HL_A|VH50T,EH64K,QL28S,YL52N,NL30V",2.0925434,1.4135582,1,1
"2B2X_HL_A|VH50T,EH64K,QL28S,YL52N,NL30W",2.6158988,2.650923,1,1
"2B2X_HL_A|VH50T,EH64K,QL28S,YL52N,NL30Y",2.9507816,1.4894012,1,1
"2B2X_HL_A|VH50T,EH64K,QL28S,YL52N,NL30Y,SL91I",1.4775821,2.0283875,1,1
"2B2X_HL_A|VH50T,EH64K,QL28S,YL52N,RH31Q",2.350542,1.6030127,1,1
"2B2X_HL_A|VH50T,EH64K,QL28S,YL52N,SH35A",2.6158988,3.2497244,1,1
"2B2X_HL_A|VH50T,EH64K,QL28S,YL52N,SH35A,GH102S",2.6158988,4.120983,1,1
"2B2X_HL_A|VH50T,EH64K,QL28S,YL52N,SH35Q",3.770335,3.9227045,1,1
"2B2X_HL_A|VH50T,EH64K,QL28S,YL52N,SH35V,GH102S",2.4688888,3.2598717,1,1
"2B2X_HL_A|VH50T,EH64K,QL28S,YL52N,SH52M",3.119054,1.794195,1,1
"2B2X_HL_A|VH50T,EH64K,QL28S,YL52N,SL24R",0.82788163,1.4756035,1,1
"2B2X_HL_A|VH50T,EH64K,QL28S,YL52N,SL91Q",2.8172472,2.9714906,1,1
"2B2X_HL_A|VH50T,EH64K,QL28S,YL52N,SL91R",3.770335,1.6198896,1,1
"2B2X_HL_A|VH50T,EH64K,QL28S,YL52N,SL91R,NL30E",3.770335,2.7563238,1,1
"2B2X_HL_A|VH50T,EH64K,QL28S,YL52N,SL91T",3.3598623,2.3910027,1,1
"2B2X_HL_A|VH50T,EH64K,QL28S,YL52N,TH33E,GH53Q",2.7106705,3.5180528,1,1
"2B2X_HL_A|VH50T,EH64K,QL28S,YL52N,TH33I,SH52T,GH53N,GH54N",2.9507816,4.2613206,1,1
"2B2X_HL_A|VH50T,EH64K,QL28S,YL52N,TH33I,SH52T,GH53Q,GH54F",2.2985272,3.3207922,1,1
"2B2X_HL_A|VH50T,EH64K,QL28S,YL52N,TH33N",3.770335,2.9502969,1,1
"2B2X_HL_A|VH50T,EH64K,QL28S,YL52N,TH33V",1.4775821,2.082552,1,1
"2B2X_HL_A|VH50T,EH64K,QL28S,YL52N,WL90Q",3.119054,3.646976,1,1
"2B2X_HL_A|VH50T,EH64K,QL28S,YL52N,WL90Q,FL33Y",1.914233,3.3187191,1,1
"2B2X_HL_A|VH50T,EH64K,QL28S,YL52N,YH58E",3.119054,3.6208858,1,1
"2B2X_HL_A|VH50T,EH64K,QL28S,YL52N,YH58Q",3.119054,4.100887,1,1
"2B2X_HL_A|VH50T,EH64K,QL28S,YL52N,YH58W",1.8641591,3.1218505,1,1
"2B2X_HL_A|VH50T,EH64K,QL28S,YL52N,YH59E",1.5872209,2.5151286,1,1
"2B2X_HL_A|VH50T,EH64K,QL28S,YL52R",1.8880546,1.9250908,1,1
"2B2X_HL_A|VH50T,EH64K,YL52N",0.28173435,1.1280102,1,1
"2B2X_HL_A|VH50T,EH64N,QL28S,YL52N",1.0069425,1.3862758,1,1
"2B2X_HL_A|VH50T,EH64Q,QL28S,YL52N",0.96559924,0.9220654,1,1
"2B2X_HL_A|VH50T,EH64Q,QL28S,YL52N,LH60D",1.0862032,1.5972399,1,1
"2B2X_HL_A|VH50T,QL28S,YL52N",0.96559924,0.48314816,1,1
"2B2X_HL_A|VH50T,QL28S,YL52N,LH60D",0.90141344,0.9129861,1,1
"2B2X_HL_A|VH50T,YL52N",0.18636756,0.19647332,1,1
2B2X_HL_A|YL52E,-0.22410508,0.30232012,1,1
2VIR_AB_C|SC115L,3.680209,0.14384842,1,1
2VIR_AB_C|TC89I,4.0,2.031675,1,1
"3G6D_LH_A|EL3V,GL76R,TL77V,QL78E,EL80G",0.13981691,-2.3334208,1,1
"3G6D_LH_A|EL3V,GL76R,TL77V,QL78E,EL80G,DH54N",0.111178115,-2.0161712,1,1
"3G6D_LH_A|EL3V,GL76R,TL77V,QL78E,EL80G,TL89S,ML92I,VL93D,TL94K",0.27145106,-1.0545903,1,1
3G6D_LH_A|HH104A,-0.9530879,0.5540693,1,1
"3G6D_LH_A|KH210T,KH215T",-0.13294782,-0.2948207,1,1
"3G6D_LH_A|TL89S,ML92I,VL93D,TL94K",0.7979767,0.9544497,1,1
3G6D_LH_A|WH105A,-1.4965084,1.2045766,1,1
"3IDX_HL_G|CG27I,CG242Q",-2.4650376,-1.7095302,1,1
"3IDX_HL_G|CG27I,CG242Q,MG247A",-2.1736174,-1.6110561,1,1
"3IDX_HL_G|KG85C,EG121C,CG27I,CG242Q",-2.3776865,-0.55030245,1,1
"3IDX_HL_G|KG85C,EG121C,WG13M,MG247A,CG14W,CG129V,CG27I,CG242Q",-2.1922898,-0.16376026,1,1
"3IDX_HL_G|KG85C,EG122C,WG13M,MG247A,CG14W,CG129V,CG27I,CG242Q",-2.2927184,-0.31431442,1,1
"3IDX_HL_G|TG41C,GG245C,MG247A",0.40945426,0.30870247,1,1
"3IDX_HL_G|TG41C,GG245C,WG13M,MG247A,CG14W,CG129V,CG27I,CG242Q",-2.3310676,-1.52879,1,1
"3IDX_HL_G|WG13M,MG247A,CG14W,CG129V",-0.6475391,1.0742743,1,1
"3IDX_HL_G|WG13M,MG247A,CG14W,CG129V,CG27I,CG242Q",-2.3479884,-3.0013778,1,1
"3IDX_HL_G|WG13M,MG247A,CG14W,CG129V,KG85C,EG121C",-0.36166522,3.224024,1,1
"3IDX_HL_G|WG13M,SG111T,WG200S,MG247A,CG14W,CG129V,CG27I,CG242Q",-1.8639641,-5.6178045,1,1
"3L5X_A_HL|EL93F,YL94G",-0.42800838,1.237023,1,1
"3L5X_A_HL|EL93H,YL94G",-0.7626503,0.997249,1,1
"3L5X_A_HL|HL91P,NL92I,EL93D,YL94A",-0.6466697,0.4770574,1,1
"3L5X_A_HL|HL91P,NL92L,EL93D,YL94S",-0.6327897,0.9198143,1,1
"3L5X_A_HL|HL91P,NL92L,EL93D,YL94T",-0.81005055,0.11182336,1,1
"3L5X_A_HL|HL91P,NL92L,EL93D,YL94V",-0.85822237,0.2913041,1,1
"3L5X_A_HL|HL91P,NL92L,YL94A",-0.44441348,1.6452191,1,1
"3L5X_A_HL|HL91Q,NL92D,EL93I,YL94G",-1.5503801,1.0301408,1,1
"3L5X_A_HL|HL91Q,NL92D,EL93L,YL94G",-1.785132,0.9563885,1,1
"3L5X_A_HL|HL91Q,NL92D,EL93Y,YL94G",-1.451453,0.054669898,1,1
"3L5X_A_HL|NL92D,EL93L,YL94G",-0.42962858,1.0471281,1,1
"3L5X_A_HL|NL92D,EL93N,YL94S",-0.53403836,0.45635593,1,1
"3L5X_A_HL|NL92D,EL93P,YL94G",-1.4699602,0.31949326,1,1
"3L5X_A_HL|NL92D,EL93R,YL94D",-0.52253926,-1.1140469,1,1
"3L5X_A_HL|NL92D,EL93W,YL94E",-1.1963489,-0.6632661,1,1
"3L5X_A_HL|NL92D,EL93W,YL94G",-1.6825228,-0.6176352,1,1
"3L5X_A_HL|NL92D,EL93W,YL94S",-0.71612674,-0.5782249,1,1
"3L5X_A_HL|NL92D,EL93Y,YL94A",-0.8069743,-0.115782715,1,1
"3L5X_A_HL|NL92E,EL93S,YL94G",-1.2653587,0.3620173,1,1
"3L5X_A_HL|NL92E,EL93W,YL94G",-1.5503801,-0.14735205,1,1
"3L5X_A_HL|NL92F,EL93W,YL94G",-1.2329907,0.48324758,1,1
"3L5X_A_HL|NL92L,EL93D,YL94S",-0.6170473,1.0674539,1,1
"3L5X_A_HL|NL92L,EL93L,YL94G",-0.6259698,1.9795988,1,1
"3L5X_A_HL|NL92L,EL93M,YL94G",-0.82567644,2.8671532,1,1
"3L5X_A_HL|NL92L,EL93N,YL94G",-0.6954369,2.0488992,1,1
"3L5X_A_HL|NL92S,EL93H,YL94G",-1.2457265,0.32675695,1,1
"3L5X_A_HL|NL92S,EL93I,YL94G",-0.8069743,1.0762224,1,1
"3L5X_A_HL|NL92S,EL93S,YL94G",-0.24921271,0.43577552,1,1
"3L5X_A_HL|NL92S,EL93V,YL94G",-0.51687235,0.3767514,1,1
"3L5X_A_HL|NL92S,EL93W,YL94A",-0.30302802,-0.3338487,1,1
"3L5X_A_HL|NL92S,EL93W,YL94G",-1.2720501,-0.36408168,1,1
"3L5X_A_HL|NL92S,EL93Y,YL94G",-0.9641868,0.014849307,1,1
"3L5X_A_HL|NL92V,EL93G,YL94G",-0.46300006,0.2160306,1,1
"3L5X_A_HL|NL92V,EL93W,YL94G",-0.83525383,0.9147027,1,1
3L5X_A_HL|YL94A,-0.82885176,1.5791028,1,1
3N85_A_LH|SH32A,-0.13401966,0.36444888,1,1
3N85_A_LH|SH32Y,0.0571225,-0.9639583,1,1
3N85_A_LH|SH50G,0.48767117,0.013528671,1,1
3N85_A_LH|SH52Y,-0.78460336,-0.64953846,1,1
3N85_A_LH|WH100F,-0.015185109,0.49318582,1,1
3N85_A_LH|WH30K,-0.78460336,0.6699832,1,1
3N85_A_LH|WH30R,-0.5539675,0.011391383,1,1
3N85_A_LH|WL91F,0.13959166,1.0176905,1,1
3N85_A_LH|WL94Y,-0.03871881,-0.5556,1,1
3SE8_HL_G|DH110A,-0.38934898,0.7328108,1,1
3SE8_HL_G|DH114A,-0.2441398,0.7645595,1,1
3SE8_HL_G|DL49A,0.8558488,0.41563416,1,1
3SE8_HL_G|EL1A,-0.5565174,0.83595717,1,1
3SE8_HL_G|EL91A,1.513491,0.41965225,1,1
3SE8_HL_G|FH115A,1.0676043,0.96610415,1,1
3SE8_HL_G|FL90A,-0.8640972,0.6747842,1,1
3SE8_HL_G|FL92A,0.8323254,0.73935246,1,1
3SE8_HL_G|GH56A,0.3570972,1.2723485,1,1
3SE8_HL_G|KH52A,1.1114144,0.32330596,1,1
3SE8_HL_G|LH54A,0.054776184,1.0750148,1,1
3SE8_HL_G|NL30A,0.19434923,0.08516648,1,1
3SE8_HL_G|PH78A,0.01881787,0.042699438,1,1
3SE8_HL_G|PH81A,-0.07091986,-0.25376442,1,1
3SE8_HL_G|QH63A,1.1144251,0.1398273,1,1
3SE8_HL_G|QH65A,0.54980505,-0.04071993,1,1
3SE8_HL_G|QH76A,0.09689985,-0.4793406,1,1
3SE8_HL_G|QL27A,-0.21612903,0.18061867,1,1
3SE8_HL_G|RH30A,-0.03949762,0.6115822,1,1
3SE8_HL_G|RH62A,1.2061691,0.7019514,1,1
3SE8_HL_G|RH72A,2.6444623,1.1639829,1,1
3SE8_HL_G|SH59A,1.1508402,0.55602175,1,1
3SE8_HL_G|VH58A,1.2496852,0.6160052,1,1
3SE8_HL_G|WH47A,1.4751467,1.0030265,1,1
3SE8_HL_G|WH50A,1.333526,1.67477,1,1
3SE8_HL_G|WH55A,0.7611056,1.0996898,1,1
3SE8_HL_G|YH111A,0.82992166,0.8459921,1,1
3SE8_HL_G|YH60A,0.8558488,1.5280014,1,1
4KRL_A_B|DB112A,0.6496817,0.86719877,1,1
5C6T_HL_A|EA194A,1.0906719,1.8521812,1,1
5C6T_HL_A|FA192A,1.9972014,1.3774145,1,1
5C6T_HL_A|FA199A,2.7581792,1.0386916,1,1
5C6T_HL_A|FA200A,0.41047263,1.298886,1,1
5C6T_HL_A|FH99A,1.4600298,-0.13253045,1,1
5C6T_HL_A|IA201A,0.88561165,0.045797788,1,1
5C6T_HL_A|NA183A,0.28399685,1.8836975,1,1
5C6T_HL_A|NA186A,0.3630724,0.4117999,1,1
5C6T_HL_A|NA188A,-0.36658686,1.608734,1,1
"5C6T_HL_A|NA195A,DA197A",0.58650106,3.7903178,1,1
5C6T_HL_A|NH97A,1.5258962,-0.45351532,1,1
5C6T_HL_A|RH31S,0.3115454,0.32157165,1,1
5C6T_HL_A|RL48A,0.1229613,-0.28315854,1,1
5C6T_HL_A|SH32A,-0.8683455,0.42613137,1,1
5C6T_HL_A|TA185A,0.33786914,2.0892503,1,1
5C6T_HL_A|YA182A,3.2083547,1.3271711,1,1
"5C6T_HL_A|YA182A,NA195A,DA197A",2.942425,5.6476274,1,1
5C6T_HL_A|YH104A,0.3630724,0.43367887,1,1
5C6T_HL_A|YH98A,1.7166799,1.2561296,1,1
5C6T_HL_A|YL47A,0.5516565,1.5907515,1,1
1KIP_AB_C|AB32Y,-0.8005932,-1.6071662,1,2
1XGU_AB_C|FB33A,4.0,2.4041069,1,2
1XGU_AB_C|FB33I,1.8004549,0.5625687,1,2
1XGU_AB_C|FB33L,1.8617703,0.48226303,1,2
1XGU_AB_C|FB33V,2.9080825,1.104726,1,2
2B2X_HL_A|EH64K,-0.033433665,0.28809312,1,2
"2B2X_HL_A|EH64K,QL28S,YL52N",0.911615,0.8771719,1,2
"2B2X_HL_A|EH64K,QL28S,YL52N,GH102S",2.7106705,1.4190037,1,2
"2B2X_HL_A|EH64K,QL28S,YL52N,SH35A",3.119054,1.6657193,1,2
"2B2X_HL_A|EH64K,QL28S,YL52N,SH35V",3.770335,1.3803073,1,2
"2B2X_HL_A|EH64K,YL52N",0.34853002,0.9872775,1,2
"2B2X_HL_A|QL28S,YL52N",0.8626942,0.45960295,1,2
2B2X_HL_A|VH50T,0.024054652,-0.5308328,1,2
"2B2X_HL_A|VH50T,EH64D,QL28S,YL52N",0.87177193,0.0084878355,1,2
"2B2X_HL_A|VH50T,EH64K,QL28S",0.991589,-0.04994145,1,2
"2B2X_HL_A|VH50T,EH64K,QL28S,YL52D",1.5439764,0.23362207,1,2
"2B2X_HL_A|VH50T,EH64K,QL28S,YL52E",0.95452905,0.6508382,1,2
"2B2X_HL_A|VH50T,EH64K,QL28S,YL52K",1.7007239,1.8587443,1,2
"2B2X_HL_A|VH50T,EH64K,QL28S,YL52N",1.043214,0.5785349,1,2
"2B2X_HL_A|VH50T,EH64K,QL28S,YL52N,FH99W",1.043214,-0.3800337,1,2
"2B2X_HL_A|VH50T,EH64K,QL28S,YL52N,FH99Y",1.7978828,-0.0011516511,1,2
"2B2X_HL_A|VH50T,EH64K,QL28S,YL52N,GH100F",1.4322319,1.2057945,1,2
"2B2X_HL_A|VH50T,EH64K,QL28S,YL52N,GH100L",3.770335,1.4224398,1,2
"2B2X_HL_A|VH50T,EH64K,QL28S,YL52N,GH100M",1.145348,1.8649377,1,2
"2B2X_HL_A|VH50T,EH64K,QL28S,YL52N,GH100S",1.6009614,1.7001307,1,2
"2B2X_HL_A|VH50T,EH64K,QL28S,YL52N,GH53A",1.5558206,1.7499932,1,2
"2B2X_HL_A|VH50T,EH64K,QL28S,YL52N,GH53N",2.2985272,1.7384543,1,2
"2B2X_HL_A|VH50T,EH64K,QL28S,YL52N,GH53S",1.7188073,1.6562046,1,2
"2B2X_HL_A|VH50T,EH64K,QL28S,YL52N,GH54I",2.4067745,2.1365685,1,2
"2B2X_HL_A|VH50T,EH64K,QL28S,YL52N,GH54T",2.2073808,1.6252896,1,2
"2B2X_HL_A|VH50T,EH64K,QL28S,YL52N,GH54Y",1.043214,1.0142308,1,2
"2B2X_HL_A|VH50T,EH64K,QL28S,YL52N,GL92Q",2.6158988,1.5855196,1,2
"2B2X_HL_A|VH50T,EH64K,QL28S,YL52N,GL92S",1.5558206,1.414058,1,2
"2B2X_HL_A|VH50T,EH64K,QL28S,YL52N,HL31K",2.2073808,2.0031996,1,2
"2B2X_HL_A|VH50T,EH64K,QL28S,YL52N,HL31R",2.1670115,0.93113613,1,2
"2B2X_HL_A|VH50T,EH64K,QL28S,YL52N,HL31W",2.2985272,0.90311784,1,2
"2B2X_HL_A|VH50T,EH64K,QL28S,YL52N,LH60D",0.981894,0.7153724,1,2
"2B2X_HL_A|VH50T,EH64K,QL28S,YL52N,LL49F",1.7554936,0.2498284,1,2
"2B2X_HL_A|VH50T,EH64K,QL28S,YL52N,LL49K",1.9044149,1.8143477,1,2
"2B2X_HL_A|VH50T,EH64K,QL28S,YL52N,LL49W",2.9507816,0.3855256,1,2
"2B2X_HL_A|VH50T,EH64K,QL28S,YL52N,NL30V",2.0925434,1.1928768,1,2
"2B2X_HL_A|VH50T,EH64K,QL28S,YL52N,NL30W",2.6158988,1.6088892,1,2
"2B2X_HL_A|VH50T,EH64K,QL28S,YL52N,NL30Y",2.9507816,0.16460103,1,2
"2B2X_HL_A|VH50T,EH64K,QL28S,YL52N,NL30Y,SL91I",1.4775821,1.0541302,1,2
"2B2X_HL_A|VH50T,EH64K,QL28S,YL52N,RH31Q",2.350542,0.57848185,1,2
"2B2X_HL_A|VH50T,EH64K,QL28S,YL52N,SH35A",2.6158988,1.6253697,1,2
"2B2X_HL_A|VH50T,EH64K,QL28S,YL52N,SH35A,GH102S",2.6158988,2.0681162,1,2
"2B2X_HL_A|VH50T,EH64K,QL28S,YL52N,SH35Q",3.770335,1.4219793,1,2
"2B2X_HL_A|VH50T,EH64K,QL28S,YL52N,SH35V,GH102S",2.4688888,1.7660512,1,2
"2B2X_HL_A|VH50T,EH64K,QL28S,YL52N,SH52M",3.119054,0.28748313,1,2
"2B2X_HL_A|VH50T,EH64K,QL28S,YL52N,SL24R",0.82788163,0.68184936,1,2
"2B2X_HL_A|VH50T,EH64K,QL28S,YL52N,SL91Q",2.8172472,1.0610974,1,2
"2B2X_HL_A|VH50T,EH64K,QL28S,YL52N,SL91R",3.770335,0.41541502,1,2
"2B2X_HL_A|VH50T,EH64K,QL28S,YL52N,SL91R,NL30E",3.770335,1.117812,1,2
"2B2X_HL_A|VH50T,EH64K,QL28S,YL52N,SL91T",3.3598623,1.0170201,1,2
"2B2X_HL_A|VH50T,EH64K,QL28S,YL52N,TH33E,GH53Q",2.7106705,2.4589963,1,2
"2B2X_HL_A|VH50T,EH64K,QL28S,YL52N,TH33I,SH52T,GH53N,GH54N",2.9507816,2.875699,1,2
"2B2X_HL_A|VH50T,EH64K,QL28S,YL52N,TH33I,SH52T,GH53Q,GH54F",2.2985272,3.1700358,1,2
"2B2X_HL_A|VH50T,EH64K,QL28S,YL52N,TH33N",3.770335,1.6523447,1,2
"2B2X_HL_A|VH50T,EH64K,QL28S,YL52N,TH33V",1.4775821,1.0301623,1,2
"2B2X_HL_A|VH50T,EH64K,QL28S,YL52N,WL90Q",3.119054,2.4496562,1,2
"2B2X_HL_A|VH50T,EH64K,QL28S,YL52N,WL90Q,FL33Y",1.914233,2.223268,1,2
"2B2X_HL_A|VH50T,EH64K,QL28S,YL52N,YH58E",3.119054,2.2916105,1,2
"2B2X_HL_A|VH50T,EH64K,QL28S,YL52N,YH58Q",3.119054,2.3846917,1,2
"2B2X_HL_A|VH50T,EH64K,QL28S,YL52N,YH58W",1.8641591,1.3983805,1,2
"2B2X_HL_A|VH50T,EH64K,QL28S,YL52N,YH59E",1.5872209,1.7744741,1,2
"2B2X_HL_A|VH50T,EH64K,QL28S,YL52R",1.8880546,0.9566579,1,2
"2B2X_HL_A|VH50T,EH64K,YL52N",0.28173435,0.7481363,1,2
"2B2X_HL_A|VH50T,EH64N,QL28S,YL52N",1.0069425,0.5422575,1,2
"2B2X_HL_A|VH50T,EH64Q,QL28S,YL52N",0.96559924,0.053637348,1,2
"2B2X_HL_A|VH50T,EH64Q,QL28S,YL52N,LH60D",1.0862032,0.07359623,1,2
"2B2X_HL_A|VH50T,QL28S,YL52N",0.96559924,-0.10904305,1,2
"2B2X_HL_A|VH50T,QL28S,YL52N,LH60D",0.90141344,-0.052148353,1,2
"2B2X_HL_A|VH50T,YL52N",0.18636756,0.103402324,1,2
2B2X_HL_A|YL52E,-0.22410508,0.781148,1,2
2VIR_AB_C|SC115L,3.680209,0.012432657,1,2
2VIR_AB_C|TC89I,4.0,1.525663,1,2
"3G6D_LH_A|EL3V,GL76R,TL77V,QL78E,EL80G",0.13981691,1.8869067,1,2
"3G6D_LH_A|EL3V,GL76R,TL77V,QL78E,EL80G,DH54N",0.111178115,2.3116503,1,2
"3G6D_LH_A|EL3V,GL76R,TL77V,QL78E,EL80G,TL89S,ML92I,VL93D,TL94K",0.27145106,0.61868745,1,2
3G6D_LH_A|HH104A,-0.9530879,0.5570293,1,2
"3G6D_LH_A|KH210T,KH215T",-0.13294782,-0.18273723,1,2
"3G6D_LH_A|TL89S,ML92I,VL93D,TL94K",0.7979767,-1.2705823,1,2
3G6D_LH_A|WH105A,-1.4965084,1.3204491,1,2
"3IDX_HL_G|CG27I,CG242Q",-2.4650376,0.5441439,1,2
"3IDX_HL_G|CG27I,CG242Q,MG247A",-2.1736174,0.59075826,1,2
"3IDX_HL_G|KG85C,EG121C,CG27I,CG242Q",-2.3776865,-0.033980835,1,2
"3IDX_HL_G|KG85C,EG121C,WG13M,MG247A,CG14W,CG129V,CG27I,CG242Q",-2.1922898,1.4704114,1,2
"3IDX_HL_G|KG85C,EG122C,WG13M,MG247A,CG14W,CG129V,CG27I,CG242Q",-2.2927184,1.7581233,1,2
"3IDX_HL_G|TG41C,GG245C,MG247A",0.40945426,-1.4390581,1,2
"3IDX_HL_G|TG41C,GG245C,WG13M,MG247A,CG14W,CG129V,CG27I,CG242Q",-2.3310676,1.4118758,1,2
"3IDX_HL_G|WG13M,MG247A,CG14W,CG129V",-0.6475391,2.0706863,1,2
"3IDX_HL_G|WG13M,MG247A,CG14W,CG129V,CG27I,CG242Q",-2.3479884,0.25090152,1,2
"3IDX_HL_G|WG13M,MG247A,CG14W,CG129V,KG85C,EG121C",-0.36166522,2.3904085,1,2
"3IDX_HL_G|WG13M,SG111T,WG200S,MG247A,CG14W,CG129V,CG27I,CG242Q",-1.8639641,-0.08798806,1,2
"3L5X_A_HL|EL93F,YL94G",-0.42800838,1.0351194,1,2
"3L5X_A_HL|EL93H,YL94G",-0.7626503,1.133223,1,2
"3L5X_A_HL|HL91P,NL92I,EL93D,YL94A",-0.6466697,1.8360095,1,2
"3L5X_A_HL|HL91P,NL92L,EL93D,YL94S",-0.6327897,1.625118,1,2
"3L5X_A_HL|HL91P,NL92L,EL93D,YL94T",-0.81005055,1.3961892,1,2
"3L5X_A_HL|HL91P,NL92L,EL93D,YL94V",-0.85822237,1.2218084,1,2
"3L5X_A_HL|HL91P,NL92L,YL94A",-0.44441348,1.9755459,1,2
"3L5X_A_HL|HL91Q,NL92D,EL93I,YL94G",-1.5503801,2.3413875,1,2
"3L5X_A_HL|HL91Q,NL92D,EL93L,YL94G",-1.785132,1.9163942,1,2
"3L5X_A_HL|HL91Q,NL92D,EL93Y,YL94G",-1.451453,-0.4363111,1,2
"3L5X_A_HL|NL92D,EL93L,YL94G",-0.42962858,1.6763935,1,2
"3L5X_A_HL|NL92D,EL93N,YL94S",-0.53403836,1.2798907,1,2
"3L5X_A_HL|NL92D,EL93P,YL94G",-1.4699602,1.3525516,1,2
"3L5X_A_HL|NL92D,EL93R,YL94D",-0.52253926,-0.26765814,1,2
"3L5X_A_HL|NL92D,EL93W,YL94E",-1.1963489,-0.26005828,1,2
"3L5X_A_HL|NL92D,EL93W,YL94G",-1.6825228,-0.029961266,1,2
"3L5X_A_HL|NL92D,EL93W,YL94S",-0.71612674,-0.09269774,1,2
"3L5X_A_HL|NL92D,EL93Y,YL94A",-0.8069743,-0.019209236,1,2
"3L5X_A_HL|NL92E,EL93S,YL94G",-1.2653587,1.9719949,1,2
"3L5X_A_HL|NL92E,EL93W,YL94G",-1.5503801,0.6059997,1,2
"3L5X_A_HL|NL92F,EL93W,YL94G",-1.2329907,0.17344281,1,2
"3L5X_A_HL|NL92L,EL93D,YL94S",-0.6170473,1.7916917,1,2
"3L5X_A_HL|NL92L,EL93L,YL94G",-0.6259698,1.6638824,1,2
"3L5X_A_HL|NL92L,EL93M,YL94G",-0.82567644,2.3087602,1,2
"3L5X_A_HL|NL92L,EL93N,YL94G",-0.6954369,1.5536008,1,2
"3L5X_A_HL|NL92S,EL93H,YL94G",-1.2457265,1.3040714,1,2
"3L5X_A_HL|NL92S,EL93I,YL94G",-0.8069743,1.7089732,1,2
"3L5X_A_HL|NL92S,EL93S,YL94G",-0.24921271,1.3465252,1,2
"3L5X_A_HL|NL92S,EL93V,YL94G",-0.51687235,1.3778453,1,2
"3L5X_A_HL|NL92S,EL93W,YL94A",-0.30302802,0.78499943,1,2
"3L5X_A_HL|NL92S,EL93W,YL94G",-1.2720501,0.10076664,1,2
"3L5X_A_HL|NL92S,EL93Y,YL94G",-0.9641868,-0.47352284,1,2
"3L5X_A_HL|NL92V,EL93G,YL94G",-0.46300006,1.071192,1,2
"3L5X_A_HL|NL92V,EL93W,YL94G",-0.83525383,0.49096394,1,2
3L5X_A_HL|YL94A,-0.82885176,1.8564776,1,2
3N85_A_LH|SH32A,-0.13401966,0.33000576,1,2
3N85_A_LH|SH32Y,0.0571225,-1.1017691,1,2
3N85_A_LH|SH50G,0.48767117,-0.24757582,1,2
3N85_A_LH|SH52Y,-0.78460336,-0.6827884,1,2
3N85_A_LH|WH100F,-0.015185109,0.51267886,1,2
3N85_A_LH|WH30K,-0.78460336,0.4008411,1,2
3N85_A_LH|WH30R,-0.5539675,-0.07462974,1,2
3N85_A_LH|WL91F,0.13959166,0.9132974,1,2
3N85_A_LH|WL94Y,-0.03871881,-0.54080045,1,2
3SE8_HL_G|DH110A,-0.38934898,0.5299005,1,2
3SE8_HL_G|DH114A,-0.2441398,0.41688156,1,2
3SE8_HL_G|DL49A,0.8558488,0.6861481,1,2
3SE8_HL_G|EL1A,-0.5565174,0.26932403,1,2
3SE8_HL_G|EL91A,1.513491,0.5547475,1,2
3SE8_HL_G|FH115A,1.0676043,0.93229544,1,2
3SE8_HL_G|FL90A,-0.8640972,0.74363536,1,2
3SE8_HL_G|FL92A,0.8323254,0.42585605,1,2
3SE8_HL_G|GH56A,0.3570972,1.0225366,1,2
3SE8_HL_G|KH52A,1.1114144,0.18083999,1,2
3SE8_HL_G|LH54A,0.054776184,0.5220813,1,2
3SE8_HL_G|NL30A,0.19434923,1.6158423,1,2
3SE8_HL_G|PH78A,0.01881787,0.48240572,1,2
3SE8_HL_G|PH81A,-0.07091986,0.28916353,1,2
3SE8_HL_G|QH63A,1.1144251,0.25661442,1,2
3SE8_HL_G|QH65A,0.54980505,0.28037673,1,2
3SE8_HL_G|QH76A,0.09689985,0.25668517,1,2
3SE8_HL_G|QL27A,-0.21612903,0.35851213,1,2
3SE8_HL_G|RH30A,-0.03949762,0.5158811,1,2
3SE8_HL_G|RH62A,1.2061691,0.49741155,1,2
3SE8_HL_G|RH72A,2.6444623,1.2040586,1,2
3SE8_HL_G|SH59A,1.1508402,0.093907766,1,2
3SE8_HL_G|VH58A,1.2496852,0.9221392,1,2
3SE8_HL_G|WH47A,1.4751467,1.0018028,1,2
3SE8_HL_G|WH50A,1.333526,1.7822827,1,2
3SE8_HL_G|WH55A,0.7611056,0.78671396,1,2
3SE8_HL_G|YH111A,0.82992166,0.70980966,1,2
3SE8_HL_G|YH60A,0.8558488,1.4592128,1,2
4KRL_A_B|DB112A,0.6496817,1.2899544,1,2
5C6T_HL_A|EA194A,1.0906719,0.4394772,1,2
5C6T_HL_A|FA192A,1.9972014,1.1203076,1,2
5C6T_HL_A|FA199A,2.7581792,0.7067424,1,2
5C6T_HL_A|FA200A,0.41047263,1.7122486,1,2
5C6T_HL_A|FH99A,1.4600298,0.23962301,1,2
5C6T_HL_A|IA201A,0.88561165,-0.23628747,1,2
5C6T_HL_A|NA183A,0.28399685,0.70861363,1,2
5C6T_HL_A|NA186A,0.3630724,-0.20295712,1,2
5C6T_HL_A|NA188A,-0.36658686,0.6482846,1,2
"5C6T_HL_A|NA195A,DA197A",0.58650106,2.269964,1,2
5C6T_HL_A|NH97A,1.5258962,0.09592662,1,2
5C6T_HL_A|RH31S,0.3115454,-0.08813731,1,2
5C6T_HL_A|RL48A,0.1229613,0.62205666,1,2
5C6T_HL_A|SH32A,-0.8683455,0.41399097,1,2
5C6T_HL_A|TA185A,0.33786914,0.66927975,1,2
5C6T_HL_A|YA182A,3.2083547,1.9671233,1,2
"5C6T_HL_A|YA182A,NA195A,DA197A",2.942425,4.3061957,1,2
5C6T_HL_A|YH104A,0.3630724,0.6391708,1,2
5C6T_HL_A|YH98A,1.7166799,0.89797074,1,2
5C6T_HL_A|YL47A,0.5516565,1.8437331,1,2
1DVF_AB_CD|DB100A,2.7895143,0.06831001,2,0
"1DVF_AB_CD|DB100A,DD52A",4.0,0.09406488,2,0
"1DVF_AB_CD|DB100A,HD33A",4.0,0.033688433,2,0
"1DVF_AB_CD|DB100A,ND55A",4.0,0.09875464,2,0
1DVF_AB_CD|DB54A,4.0,0.0943469,2,0
"1DVF_AB_CD|DB54A,YC49A",4.0,0.22093812,2,0
1DVF_AB_CD|DB58A,1.6000048,0.10590761,2,0
"1DVF_AB_CD|DB58A,QD104A",1.4641725,0.2149082,2,0
1DVF_AB_CD|DD52A,1.6822901,0.007261453,2,0
1DVF_AB_CD|EB98A,4.0,0.044454373,2,0
"1DVF_AB_CD|EB98A,YD102A",4.0,0.09009625,2,0
1DVF_AB_CD|HA30A,1.6493824,0.099934764,2,0
1DVF_AB_CD|HD33A,1.8606005,-0.04829797,2,0
1DVF_AB_CD|ID101A,2.6815457,0.0064574685,2,0
1DVF_AB_CD|KD30A,1.0035173,-0.042720743,2,0
1DVF_AB_CD|NB56A,1.1624389,-0.20594727,2,0
"1DVF_AB_CD|NB56A,HD33A",2.5259995,-0.23481804,2,0
"1DVF_AB_CD|NB56A,ND55A",2.3010929,-0.1744541,2,0
"1DVF_AB_CD|NB56A,QD104A",1.4868644,-0.08265306,2,0
1DVF_AB_CD|ND55A,1.8606005,0.011473468,2,0
1DVF_AB_CD|QD104A,1.6287225,0.08775495,2,0
1DVF_AB_CD|RB99A,1.8746451,-0.05139961,2,0
1DVF_AB_CD|RD106A,4.0,0.12521675,2,0
1DVF_AB_CD|SA93A,1.1624389,-0.044175986,2,0
1DVF_AB_CD|TB30A,0.9075126,-0.15098445,2,0
1DVF_AB_CD|WA92A,0.34072307,-0.011694388,2,0
1DVF_AB_CD|WB52A,4.0,-0.07978738,2,0
"1DVF_AB_CD|WB52A,QD104A",4.0,0.045199074,2,0
1DVF_AB_CD|YA32A,2.0303695,0.012432067,2,0
"1DVF_AB_CD|YA32A,RD106A",4.0,0.17053749,2,0
1DVF_AB_CD|YA49A,1.6785902,-0.027555477,2,0
"1DVF_AB_CD|YA49A,HD33A",2.625045,-0.05055394,2,0
"1DVF_AB_CD|YA49A,ND55A",2.0303695,0.008101987,2,0
1DVF_AB_CD|YA50A,0.6877736,0.06397897,2,0
1DVF_AB_CD|YB101F,2.0123136,-0.029773777,2,0
1DVF_AB_CD|YB32A,1.8314707,-0.085197434,2,0
1DVF_AB_CD|YC49A,1.8606005,0.0991834,2,0
1DVF_AB_CD|YD102A,4.0,0.021521984,2,0
1MHP_HL_A|FH99W,0.0,-0.09391965,2,0
1MHP_HL_A|FH99Y,0.75466895,-0.14965212,2,0
1MHP_HL_A|GH100F,0.38901797,-0.013581509,2,0
1MHP_HL_A|GH100L,2.727121,-0.086107485,2,0
1MHP_HL_A|GH100M,0.10213403,-0.03118758,2,0
1MHP_HL_A|GH100S,0.5577475,0.06004987,2,0
1MHP_HL_A|GH53A,0.5126066,-0.09918336,2,0
1MHP_HL_A|GH53N,1.2553134,-0.07413136,2,0
1MHP_HL_A|GH53S,0.6755934,-0.035712797,2,0
1MHP_HL_A|GH54I,1.3635606,-0.14540632,2,0
1MHP_HL_A|GH54T,1.1641668,-0.0014883,2,0
1MHP_HL_A|GH54Y,0.0,-0.16661808,2,0
1MHP_HL_A|GL91Q,1.572685,-0.14578623,2,0
1MHP_HL_A|GL91S,0.5126066,-0.018035198,2,0
1MHP_HL_A|HL30K,1.1641668,-0.047868863,2,0
1MHP_HL_A|HL30R,1.1237977,0.1132179,2,0
1MHP_HL_A|HL30W,1.2553134,0.107371904,2,0
1MHP_HL_A|KH64D,-0.17144196,-0.20934147,2,0
1MHP_HL_A|KH64E,-0.07761467,-0.234484,2,0
"1MHP_HL_A|KH64E,SL27Q",-0.85684633,-0.4852815,2,0
"1MHP_HL_A|KH64E,SL27Q,NL51Y",-1.0191593,-0.8623522,2,0
1MHP_HL_A|KH64N,-0.03627145,-0.074107036,2,0
1MHP_HL_A|KH64Q,-0.07761467,-0.13660753,2,0
1MHP_HL_A|LH60D,-0.061319917,0.0035370141,2,0
"1MHP_HL_A|LH60D,KH64E",-0.1418005,-0.24449563,2,0
"1MHP_HL_A|LH60D,KH64Q",0.042989343,-0.10165965,2,0
1MHP_HL_A|LL48F,0.71227974,0.0153022725,2,0
1MHP_HL_A|LL48K,0.8612009,0.060055085,2,0
1MHP_HL_A|LL48W,1.9075676,-0.040488437,2,0
1MHP_HL_A|NL29V,1.0493295,-0.23868172,2,0
1MHP_HL_A|NL29W,1.572685,-0.102482796,2,0
1MHP_HL_A|NL29Y,1.9075676,-0.13578221,2,0
"1MHP_HL_A|NL29Y,SL90I",0.43436813,-0.24370223,2,0
1MHP_HL_A|NL51D,0.5007625,-0.22703366,2,0
1MHP_HL_A|NL51E,-0.08868487,-0.22817203,2,0
1MHP_HL_A|NL51K,0.65751,-0.16907515,2,0
1MHP_HL_A|NL51R,0.84484076,-0.05889198,2,0
1MHP_HL_A|NL51Y,-0.05162489,-0.23578738,2,0
1MHP_HL_A|RH31Q,1.3073281,0.01349427,2,0
1MHP_HL_A|SH35A,1.572685,-0.030216739,2,0
"1MHP_HL_A|SH35A,GH102S",1.572685,0.053680815,2,0
1MHP_HL_A|SH35Q,2.727121,-0.03694859,2,0
"1MHP_HL_A|SH35V,GH102S",1.4256749,-0.038026314,2,0
1MHP_HL_A|SH52M,2.0758402,-0.1729965,2,0
1MHP_HL_A|SL23R,-0.21533228,0.04637798,2,0
1MHP_HL_A|SL27Q,-0.6661127,-0.15481983,2,0
1MHP_HL_A|SL90Q,1.7740332,-0.05462425,2,0
1MHP_HL_A|SL90T,2.3166485,-0.050897144,2,0
"1MHP_HL_A|TH33E,GH53Q",1.6674565,-0.32099718,2,0
"1MHP_HL_A|TH33I,SH52T,GH53N,GH54N",1.9075676,-0.3610423,2,0
"1MHP_HL_A|TH33I,SH52T,GH53Q,GH54F",1.2553134,-0.6081701,2,0
1MHP_HL_A|TH33N,2.727121,-0.0797564,2,0
1MHP_HL_A|TH33V,0.43436813,-0.12715556,2,0
1MHP_HL_A|TH50V,-0.13159887,-0.07107325,2,0
"1MHP_HL_A|TH50V,GH102S",1.6674565,-0.030437367,2,0
"1MHP_HL_A|TH50V,KH64E",-0.1805197,-0.36509678,2,0
"1MHP_HL_A|TH50V,KH64E,SL27Q,NL51E",-1.267319,-0.9528262,2,0
"1MHP_HL_A|TH50V,KH64E,SL27Q,NL51Y",-1.0844951,-1.0134732,2,0
"1MHP_HL_A|TH50V,SH35A",2.0758402,-0.073902,2,0
"1MHP_HL_A|TH50V,SH35V",2.727121,-0.11702222,2,0
"1MHP_HL_A|TH50V,SL27Q",-0.6946839,-0.2411492,2,0
"1MHP_HL_A|TH50V,SL27Q,NL51Y",-1.0235296,-0.52131337,2,0
1MHP_HL_A|WL89Q,2.0758402,-0.107827574,2,0
"1MHP_HL_A|WL89Q,FL32Y",0.871019,-0.13750546,2,0
1MHP_HL_A|YH58E,2.0758402,-0.16698825,2,0
1MHP_HL_A|YH58Q,2.0758402,-0.08060696,2,0
1MHP_HL_A|YH58W,0.82094526,-0.07933689,2,0
1MHP_HL_A|YH59E,0.54400706,-0.03879469,2,0
1N8Z_AB_C|DB102W,-0.71302944,-0.018562624,2,0
1N8Z_AB_C|FC539A,0.035102826,0.04192812,2,0
1N8Z_AB_C|HA91F,0.034232877,0.09534619,2,0
1N8Z_AB_C|LC509A,-0.023045197,0.09485636,2,0
1N8Z_AB_C|NA30S,0.06666317,0.005227769,2,0
"1N8Z_AB_C|NA30S,HA91F,YA92W",-0.07476232,0.09477902,2,0
"1N8Z_AB_C|NA30S,HA91F,YA92W,TA94S,DB102W,YB105F,YB109V",0.050661404,-0.25668696,2,0
1N8Z_AB_C|RB50A,2.9754758,-0.12833181,2,0
1N8Z_AB_C|RB59A,1.8037988,0.057238907,2,0
1N8Z_AB_C|SC535A,0.030827092,0.03630922,2,0
1N8Z_AB_C|TA94S,0.32168603,0.014626222,2,0
1N8Z_AB_C|VC536A,0.008972699,-0.0036166832,2,0
1N8Z_AB_C|YB105F,0.8540034,0.007516561,2,0
1N8Z_AB_C|YB109V,0.23192272,-0.13187696,2,0
1XGQ_AB_C|VB33A,1.1525793,0.13211623,2,0
1XGQ_AB_C|VB33F,-2.9080825,-0.006957529,2,0
1XGQ_AB_C|VB33I,-1.1076277,-0.030127704,2,0
1XGQ_AB_C|VB33L,-1.0463123,-0.123756565,2,0
1YQV_HL_Y|RY45K,1.8995041,0.08733929,2,0
"1YQV_HL_Y|RY68K,TY40S,IY55V,SY91T",4.0,0.36377317,2,0
"1YQV_HL_Y|RY68K,TY40S,IY55V,SY91T,QY121H",0.0,0.54426634,2,0
1YY9_CD_A|AC25P,0.07225565,-0.05587775,2,0
1YY9_CD_A|AD98P,1.0372273,-0.047567993,2,0
1YY9_CD_A|GD54P,0.26807046,-0.07426869,2,0
1YY9_CD_A|LD29P,0.030827092,0.015193956,2,0
1YY9_CD_A|NC93A,-0.74186975,-0.1291944,2,0
1YY9_CD_A|ND56A,-0.057046015,-0.17815158,2,0
1YY9_CD_A|SC26D,-0.19925442,-0.057678394,2,0
"1YY9_CD_A|SC26D,TC31E,NC93A",-1.3329437,-0.2790806,2,0
"1YY9_CD_A|SC26D,TC31E,NC93A,ND56A,TD61E",-0.6517935,-0.8343647,2,0
1YY9_CD_A|SC26P,-0.009110746,0.03617561,2,0
1YY9_CD_A|SC28P,-0.22229962,-0.037860375,2,0
1YY9_CD_A|SC54P,-0.018363854,-0.0319817,2,0
1YY9_CD_A|SD53P,0.8175451,-0.10439285,2,0
1YY9_CD_A|TC31E,-0.51892465,-0.09038123,2,0
"1YY9_CD_A|TC31E,NC93A",-0.81853306,-0.19955908,2,0
1YY9_CD_A|TC96P,4.0,-0.0012576021,2,0
1YY9_CD_A|TD61E,-0.057046015,-0.07704541,2,0
1YY9_CD_A|WD52P,1.4782712,-0.046869505,2,0
1YY9_CD_A|YD101P,1.6514195,-0.03924738,2,0
3NPS_A_BC|DA214A,1.466743,-0.0864003,2,0
3NPS_A_BC|DA46A,0.3399866,0.04547385,2,0
3NPS_A_BC|DA47A,1.0674704,-0.014748732,2,0
3NPS_A_BC|DA91A,1.5070341,-0.076023124,2,0
3NPS_A_BC|EA163A,0.61534816,-0.00030379742,2,0
3NPS_A_BC|FA50A,0.21957076,0.04383965,2,0
3NPS_A_BC|FA89A,1.5714045,0.08046598,2,0
3NPS_A_BC|FA92A,0.46353978,0.0048949774,2,0
3NPS_A_BC|HA138A,1.8750918,-0.055358343,2,0
3NPS_A_BC|IA26A,0.6415425,0.10957349,2,0
3NPS_A_BC|IA45A,-0.33181784,0.058070645,2,0
3NPS_A_BC|KA221A,-0.10361039,0.13752832,2,0
3NPS_A_BC|LA147A,0.29573628,0.09290281,2,0
3NPS_A_BC|NA90A,0.25341922,0.19902103,2,0
3NPS_A_BC|QA140A,0.29573628,0.092680894,2,0
3NPS_A_BC|QA168A,-0.059223834,0.06513292,2,0
3NPS_A_BC|QA169A,0.7409076,0.10694822,2,0
3NPS_A_BC|QA218A,-0.040916756,0.15412623,2,0
3NPS_A_BC|QA23A,0.026323749,0.15082815,2,0
3NPS_A_BC|RA219A,-0.08390186,0.025321616,2,0
3NPS_A_BC|RA48A,-1.062741,0.17428483,2,0
3NPS_A_BC|RA51A,0.13816836,0.22930567,2,0
3NPS_A_BC|RA82A,-0.15159543,0.12102536,2,0
3NPS_A_BC|TA144A,0.17497002,0.054642484,2,0
3NPS_A_BC|TA93A,0.72381234,0.12558307,2,0
3NPS_A_BC|YA141A,1.7748737,0.03545241,2,0
3NPS_A_BC|YA52A,0.4518898,-0.0064107087,2,0
3W2D_A_HL|KA67N,4.0,0.0054354947,2,0
3W2D_A_HL|KA67R,-0.42812017,0.035416536,2,0
3W2D_A_HL|YA45F,0.8779443,-0.065919906,2,0
3W2D_A_HL|YA45L,2.3647563,-0.06363842,2,0
"4KRO_A_B|DA321T,FA323A",0.1269707,0.09408874,2,0
"4KRP_A_B|DA277T,FA279A",0.35829666,0.09460093,2,0
4NM8_ABCDEF_HL|DB19N,0.66149956,0.09872004,2,0
4NM8_ABCDEF_HL|IB18M,0.10977998,0.06618605,2,0
4NM8_ABCDEF_HL|LB38Y,-0.6151596,0.042702675,2,0
4NM8_ABCDEF_HL|QB34R,2.9754758,0.016846994,2,0
4NM8_ABCDEF_HL|QB34T,2.3309386,-0.0022194814,2,0
4NM8_ABCDEF_HL|RB25M,3.442353,-0.042022713,2,0
4NM8_ABCDEF_HL|TB32E,-0.5517196,-0.038299657,2,0
4NM8_ABCDEF_HL|TB32I,-0.050205972,0.10575286,2,0
4NM8_ABCDEF_HL|TB32R,1.2211944,-0.03785228,2,0
1DVF_AB_CD|DB100A,2.7895143,0.19887526,2,1
"1DVF_AB_CD|DB100A,DD52A",4.0,0.42136824,2,1
"1DVF_AB_CD|DB100A,HD33A",4.0,0.5661922,2,1
"1DVF_AB_CD|DB100A,ND55A",4.0,0.47837973,2,1
1DVF_AB_CD|DB54A,4.0,0.27563256,2,1
"1DVF_AB_CD|DB54A,YC49A",4.0,0.8743634,2,1
1DVF_AB_CD|DB58A,1.6000048,0.21867609,2,1
"1DVF_AB_CD|DB58A,QD104A",1.4641725,0.66591525,2,1
1DVF_AB_CD|DD52A,1.6822901,0.19643378,2,1
1DVF_AB_CD|EB98A,4.0,0.19678544,2,1
"1DVF_AB_CD|EB98A,YD102A",4.0,0.75121844,2,1
1DVF_AB_CD|HA30A,1.6493824,0.29346532,2,1
1DVF_AB_CD|HD33A,1.8606005,0.34539136,2,1
1DVF_AB_CD|ID101A,2.6815457,0.1611584,2,1
1DVF_AB_CD|KD30A,1.0035173,0.4929928,2,1
1DVF_AB_CD|NB56A,1.1624389,-0.1981435,2,1
"1DVF_AB_CD|NB56A,HD33A",2.5259995,0.18169238,2,1
"1DVF_AB_CD|NB56A,ND55A",2.3010929,0.081228144,2,1
"1DVF_AB_CD|NB56A,QD104A",1.4868644,0.25188047,2,1
1DVF_AB_CD|ND55A,1.8606005,0.25307906,2,1
1DVF_AB_CD|QD104A,1.6287225,0.41039512,2,1
1DVF_AB_CD|RB99A,1.8746451,-0.09765008,2,1
1DVF_AB_CD|RD106A,4.0,0.39244038,2,1
1DVF_AB_CD|SA93A,1.1624389,0.06010521,2,1
1DVF_AB_CD|TB30A,0.9075126,-0.0661175,2,1
1DVF_AB_CD|WA92A,0.34072307,0.20161556,2,1
1DVF_AB_CD|WB52A,4.0,0.21108763,2,1
"1DVF_AB_CD|WB52A,QD104A",4.0,0.6680922,2,1
1DVF_AB_CD|YA32A,2.0303695,0.28137794,2,1
"1DVF_AB_CD|YA32A,RD106A",4.0,0.7201771,2,1
1DVF_AB_CD|YA49A,1.6785902,0.20995651,2,1
"1DVF_AB_CD|YA49A,HD33A",2.625045,0.59176046,2,1
"1DVF_AB_CD|YA49A,ND55A",2.0303695,0.493571,2,1
1DVF_AB_CD|YA50A,0.6877736,0.3269098,2,1
1DVF_AB_CD|YB101F,2.0123136,-0.0031739597,2,1
1DVF_AB_CD|YB32A,1.8314707,0.16345164,2,1
1DVF_AB_CD|YC49A,1.8606005,0.54877466,2,1
1DVF_AB_CD|YD102A,4.0,0.5170052,2,1
1MHP_HL_A|FH99W,0.0,-0.1701921,2,1
1MHP_HL_A|FH99Y,0.75466895,-0.21442607,2,1
1MHP_HL_A|GH100F,0.38901797,-0.0021885987,2,1
1MHP_HL_A|GH100L,2.727121,0.016209811,2,1
1MHP_HL_A|GH100M,0.10213403,0.051307473,2,1
1MHP_HL_A|GH100S,0.5577475,0.26978737,2,1
1MHP_HL_A|GH53A,0.5126066,0.016465973,2,1
1MHP_HL_A|GH53N,1.2553134,0.027426966,2,1
1MHP_HL_A|GH53S,0.6755934,0.050691742,2,1
1MHP_HL_A|GH54I,1.3635606,-0.12669894,2,1
1MHP_HL_A|GH54T,1.1641668,0.027725585,2,1
1MHP_HL_A|GH54Y,0.0,-0.30648297,2,1
1MHP_HL_A|GL91Q,1.572685,-0.16016923,2,1
1MHP_HL_A|GL91S,0.5126066,0.06333766,2,1
1MHP_HL_A|HL30K,1.1641668,0.0643891,2,1
1MHP_HL_A|HL30R,1.1237977,0.08331915,2,1
1MHP_HL_A|HL30W,1.2553134,0.10627964,2,1
1MHP_HL_A|KH64D,-0.17144196,-0.32358637,2,1
1MHP_HL_A|KH64E,-0.07761467,-0.37606022,2,1
"1MHP_HL_A|KH64E,SL27Q",-0.85684633,-0.7895404,2,1
"1MHP_HL_A|KH64E,SL27Q,NL51Y",-1.0191593,-1.6006582,2,1
1MHP_HL_A|KH64N,-0.03627145,-0.17958985,2,1
1MHP_HL_A|KH64Q,-0.07761467,-0.24075174,2,1
1MHP_HL_A|LH60D,-0.061319917,0.027522195,2,1
"1MHP_HL_A|LH60D,KH64E",-0.1418005,-0.42125466,2,1
"1MHP_HL_A|LH60D,KH64Q",0.042989343,-0.20222765,2,1
1MHP_HL_A|LL48F,0.71227974,-0.10398821,2,1
1MHP_HL_A|LL48K,0.8612009,0.25093174,2,1
1MHP_HL_A|LL48W,1.9075676,-0.1047601,2,1
1MHP_HL_A|NL29V,1.0493295,-0.4130809,2,1
1MHP_HL_A|NL29W,1.572685,-0.22565039,2,1
1MHP_HL_A|NL29Y,1.9075676,-0.36214304,2,1
"1MHP_HL_A|NL29Y,SL90I",0.43436813,-0.607574,2,1
1MHP_HL_A|NL51D,0.5007625,-0.37821174,2,1
1MHP_HL_A|NL51E,-0.08868487,-0.4167736,2,1
1MHP_HL_A|NL51K,0.65751,-0.19192381,2,1
1MHP_HL_A|NL51R,0.84484076,-0.28860626,2,1
1MHP_HL_A|NL51Y,-0.05162489,-0.5418761,2,1
1MHP_HL_A|RH31Q,1.3073281,0.01893317,2,1
1MHP_HL_A|SH35A,1.572685,0.0012544775,2,1
"1MHP_HL_A|SH35A,GH102S",1.572685,0.19526206,2,1
1MHP_HL_A|SH35Q,2.727121,-0.010689015,2,1
"1MHP_HL_A|SH35V,GH102S",1.4256749,-0.0007223096,2,1
1MHP_HL_A|SH52M,2.0758402,-0.20211604,2,1
1MHP_HL_A|SL23R,-0.21533228,-0.10532752,2,1
1MHP_HL_A|SL27Q,-0.6661127,-0.23401177,2,1
1MHP_HL_A|SL90Q,1.7740332,-0.12011991,2,1
1MHP_HL_A|SL90T,2.3166485,-0.065832384,2,1
"1MHP_HL_A|TH33E,GH53Q",1.6674565,-0.12370366,2,1
"1MHP_HL_A|TH33I,SH52T,GH53N,GH54N",1.9075676,-0.08714245,2,1
"1MHP_HL_A|TH33I,SH52T,GH53Q,GH54F",1.2553134,-0.60787463,2,1
1MHP_HL_A|TH33N,2.727121,0.057885874,2,1
1MHP_HL_A|TH33V,0.43436813,-0.09453624,2,1
1MHP_HL_A|TH50V,-0.13159887,-0.15425049,2,1
"1MHP_HL_A|TH50V,GH102S",1.6674565,0.036635205,2,1
"1MHP_HL_A|TH50V,KH64E",-0.1805197,-0.73844206,2,1
"1MHP_HL_A|TH50V,KH64E,SL27Q,NL51E",-1.267319,-1.8334374,2,1
"1MHP_HL_A|TH50V,KH64E,SL27Q,NL51Y",-1.0844951,-2.016082,2,1
"1MHP_HL_A|TH50V,SH35A",2.0758402,-0.13991317,2,1
"1MHP_HL_A|TH50V,SH35V",2.727121,-0.27756158,2,1
"1MHP_HL_A|TH50V,SL27Q",-0.6946839,-0.3977095,2,1
"1MHP_HL_A|TH50V,SL27Q,NL51Y",-1.0235296,-1.1047331,2,1
1MHP_HL_A|WL89Q,2.0758402,-0.026474327,2,1
"1MHP_HL_A|WL89Q,FL32Y",0.871019,-0.18913816,2,1
1MHP_HL_A|YH58E,2.0758402,-0.04658175,2,1
1MHP_HL_A|YH58Q,2.0758402,0.07714773,2,1
1MHP_HL_A|YH58W,0.82094526,-0.16262451,2,1
1MHP_HL_A|YH59E,0.54400706,0.05163797,2,1
1N8Z_AB_C|DB102W,-0.71302944,-0.1777213,2,1
1N8Z_AB_C|FC539A,0.035102826,0.4297623,2,1
1N8Z_AB_C|HA91F,0.034232877,-0.051784586,2,1
1N8Z_AB_C|LC509A,-0.023045197,0.25477424,2,1
1N8Z_AB_C|NA30S,0.06666317,0.0471067,2,1
"1N8Z_AB_C|NA30S,HA91F,YA92W",-0.07476232,-0.19299296,2,1
"1N8Z_AB_C|NA30S,HA91F,YA92W,TA94S,DB102W,YB105F,YB109V",0.050661404,-0.9808053,2,1
1N8Z_AB_C|RB50A,2.9754758,-0.14480144,2,1
1N8Z_AB_C|RB59A,1.8037988,0.29138216,2,1
1N8Z_AB_C|SC535A,0.030827092,0.035692308,2,1
1N8Z_AB_C|TA94S,0.32168603,0.017398484,2,1
1N8Z_AB_C|VC536A,0.008972699,0.48992303,2,1
1N8Z_AB_C|YB105F,0.8540034,0.06601952,2,1
1N8Z_AB_C|YB109V,0.23192272,-0.12627833,2,1
1XGQ_AB_C|VB33A,1.1525793,0.38229084,2,1
1XGQ_AB_C|VB33F,-2.9080825,0.025350012,2,1
1XGQ_AB_C|VB33I,-1.1076277,0.040452,2,1
1XGQ_AB_C|VB33L,-1.0463123,-0.09582009,2,1
1YQV_HL_Y|RY45K,1.8995041,0.065163784,2,1
"1YQV_HL_Y|RY68K,TY40S,IY55V,SY91T",4.0,0.5732841,2,1
"1YQV_HL_Y|RY68K,TY40S,IY55V,SY91T,QY121H",0.0,1.007853,2,1
1YY9_CD_A|AC25P,0.07225565,-0.11244308,2,1
1YY9_CD_A|AD98P,1.0372273,-0.23833166,2,1
1YY9_CD_A|GD54P,0.26807046,-0.11687099,2,1
1YY9_CD_A|LD29P,0.030827092,0.024386428,2,1
1YY9_CD_A|NC93A,-0.74186975,0.0052143754,2,1
1YY9_CD_A|ND56A,-0.057046015,-0.14276274,2,1
1YY9_CD_A|SC26D,-0.19925442,-0.08299975,2,1
"1YY9_CD_A|SC26D,TC31E,NC93A",-1.3329437,0.009923785,2,1
"1YY9_CD_A|SC26D,TC31E,NC93A,ND56A,TD61E",-0.6517935,-1.0871724,2,1
1YY9_CD_A|SC26P,-0.009110746,0.041313697,2,1
1YY9_CD_A|SC28P,-0.22229962,-0.1534367,2,1
1YY9_CD_A|SC54P,-0.018363854,-0.071688145,2,1
1YY9_CD_A|SD53P,0.8175451,-0.1738038,2,1
1YY9_CD_A|TC31E,-0.51892465,-0.061985373,2,1
"1YY9_CD_A|TC31E,NC93A",-0.81853306,0.024444807,2,1
1YY9_CD_A|TC96P,4.0,0.021607812,2,1
1YY9_CD_A|TD61E,-0.057046015,-0.018924974,2,1
1YY9_CD_A|WD52P,1.4782712,0.18425432,2,1
1YY9_CD_A|YD101P,1.6514195,0.053579442,2,1
3NPS_A_BC|DA214A,1.466743,0.12383149,2,1
3NPS_A_BC|DA46A,0.3399866,0.33614925,2,1
3NPS_A_BC|DA47A,1.0674704,0.3849722,2,1
3NPS_A_BC|DA91A,1.5070341,0.12809421,2,1
3NPS_A_BC|EA163A,0.61534816,0.2797223,2,1
3NPS_A_BC|FA50A,0.21957076,0.62443954,2,1
3NPS_A_BC|FA89A,1.5714045,0.40386426,2,1
3NPS_A_BC|FA92A,0.46353978,0.33489653,2,1
3NPS_A_BC|HA138A,1.8750918,0.058318835,2,1
3NPS_A_BC|IA26A,0.6415425,0.5425051,2,1
3NPS_A_BC|IA45A,-0.33181784,0.56378543,2,1
3NPS_A_BC|KA221A,-0.10361039,0.5266967,2,1
3NPS_A_BC|LA147A,0.29573628,0.35937554,2,1
3NPS_A_BC|NA90A,0.25341922,0.50458556,2,1
3NPS_A_BC|QA140A,0.29573628,0.31528613,2,1
3NPS_A_BC|QA168A,-0.059223834,0.3114234,2,1
3NPS_A_BC|QA169A,0.7409076,0.27351895,2,1
3NPS_A_BC|QA218A,-0.040916756,0.48294845,2,1
3NPS_A_BC|QA23A,0.026323749,0.518961,2,1
3NPS_A_BC|RA219A,-0.08390186,0.18207335,2,1
3NPS_A_BC|RA48A,-1.062741,0.3401198,2,1
3NPS_A_BC|RA51A,0.13816836,0.46978813,2,1
3NPS_A_BC|RA82A,-0.15159543,0.49594924,2,1
3NPS_A_BC|TA144A,0.17497002,0.2171907,2,1
3NPS_A_BC|TA93A,0.72381234,0.39835793,2,1
3NPS_A_BC|YA141A,1.7748737,0.36543533,2,1
3NPS_A_BC|YA52A,0.4518898,0.6162668,2,1
3W2D_A_HL|KA67N,4.0,0.049261134,2,1
3W2D_A_HL|KA67R,-0.42812017,0.15148409,2,1
3W2D_A_HL|YA45F,0.8779443,-0.07830614,2,1
3W2D_A_HL|YA45L,2.3647563,0.069173045,2,1
"4KRO_A_B|DA321T,FA323A",0.1269707,0.41101506,2,1
"4KRP_A_B|DA277T,FA279A",0.35829666,0.43699592,2,1
4NM8_ABCDEF_HL|DB19N,0.66149956,0.18323952,2,1
4NM8_ABCDEF_HL|IB18M,0.10977998,0.26731658,2,1
4NM8_ABCDEF_HL|LB38Y,-0.6151596,0.12979941,2,1
4NM8_ABCDEF_HL|QB34R,2.9754758,0.16327201,2,1
4NM8_ABCDEF_HL|QB34T,2.3309386,0.14437728,2,1
4NM8_ABCDEF_HL|RB25M,3.442353,-0.011275266,2,1
4NM8_ABCDEF_HL|TB32E,-0.5517196,0.027750745,2,1
4NM8_ABCDEF_HL|TB32I,-0.050205972,0.09658218,2,1
4NM8_ABCDEF_HL|TB32R,1.2211944,0.04716411,2,1
1DVF_AB_CD|DB100A,2.7895143,0.13642417,2,2
"1DVF_AB_CD|DB100A,DD52A",4.0,0.26871356,2,2
"1DVF_AB_CD|DB100A,HD33A",4.0,0.24796575,2,2
"1DVF_AB_CD|DB100A,ND55A",4.0,0.2648946,2,2
1DVF_AB_CD|DB54A,4.0,0.14013198,2,2
"1DVF_AB_CD|DB54A,YC49A",4.0,0.33907095,2,2
1DVF_AB_CD|DB58A,1.6000048,0.10506815,2,2
"1DVF_AB_CD|DB58A,QD104A",1.4641725,0.24807736,2,2
1DVF_AB_CD|DD52A,1.6822901,0.06601201,2,2
1DVF_AB_CD|EB98A,4.0,0.045347176,2,2
"1DVF_AB_CD|EB98A,YD102A",4.0,0.2412897,2,2
1DVF_AB_CD|HA30A,1.6493824,0.07023814,2,2
1DVF_AB_CD|HD33A,1.8606005,0.038475096,2,2
1DVF_AB_CD|ID101A,2.6815457,0.0719661,2,2
1DVF_AB_CD|KD30A,1.0035173,-0.06661929,2,2
1DVF_AB_CD|NB56A,1.1624389,-0.12573195,2,2
"1DVF_AB_CD|NB56A,HD33A",2.5259995,-0.015545905,2,2
"1DVF_AB_CD|NB56A,ND55A",2.3010929,-0.008121625,2,2
"1DVF_AB_CD|NB56A,QD104A",1.4868644,0.02847486,2,2
1DVF_AB_CD|ND55A,1.8606005,0.048797414,2,2
1DVF_AB_CD|QD104A,1.6287225,0.081640005,2,2
1DVF_AB_CD|RB99A,1.8746451,-0.07364145,2,2
1DVF_AB_CD|RD106A,4.0,0.09141491,2,2
1DVF_AB_CD|SA93A,1.1624389,-0.15020178,2,2
1DVF_AB_CD|TB30A,0.9075126,-0.091183394,2,2
1DVF_AB_CD|WA92A,0.34072307,-0.016088482,2,2
1DVF_AB_CD|WB52A,4.0,-0.07185297,2,2
"1DVF_AB_CD|WB52A,QD104A",4.0,0.0770313,2,2
1DVF_AB_CD|YA32A,2.0303695,0.07766925,2,2
"1DVF_AB_CD|YA32A,RD106A",4.0,0.23858821,2,2
1DVF_AB_CD|YA49A,1.6785902,0.023414686,2,2
"1DVF_AB_CD|YA49A,HD33A",2.625045,0.13779867,2,2
"1DVF_AB_CD|YA49A,ND55A",2.0303695,0.14451475,2,2
1DVF_AB_CD|YA50A,0.6877736,0.08578555,2,2
1DVF_AB_CD|YB101F,2.0123136,0.07886596,2,2
1DVF_AB_CD|YB32A,1.8314707,0.04202781,2,2
1DVF_AB_CD|YC49A,1.8606005,0.12226237,2,2
1DVF_AB_CD|YD102A,4.0,0.121730536,2,2
1MHP_HL_A|FH99W,0.0,-0.1043543,2,2
1MHP_HL_A|FH99Y,0.75466895,-0.2226451,2,2
1MHP_HL_A|GH100F,0.38901797,-0.089734465,2,2
1MHP_HL_A|GH100L,2.727121,0.012632012,2,2
1MHP_HL_A|GH100M,0.10213403,-0.038621396,2,2
1MHP_HL_A|GH100S,0.5577475,0.06116329,2,2
1MHP_HL_A|GH53A,0.5126066,-0.061572973,2,2
1MHP_HL_A|GH53N,1.2553134,-0.018673431,2,2
1MHP_HL_A|GH53S,0.6755934,0.02719371,2,2
1MHP_HL_A|GH54I,1.3635606,-0.039059434,2,2
1MHP_HL_A|GH54T,1.1641668,0.026386097,2,2
1MHP_HL_A|GH54Y,0.0,-0.16517043,2,2
1MHP_HL_A|GL91Q,1.572685,-0.15024057,2,2
1MHP_HL_A|GL91S,0.5126066,0.058381006,2,2
1MHP_HL_A|HL30K,1.1641668,-0.104902476,2,2
1MHP_HL_A|HL30R,1.1237977,0.0076312944,2,2
1MHP_HL_A|HL30W,1.2553134,0.02613771,2,2
1MHP_HL_A|KH64D,-0.17144196,-0.2798348,2,2
1MHP_HL_A|KH64E,-0.07761467,-0.33902434,2,2
"1MHP_HL_A|KH64E,SL27Q",-0.85684633,-0.724769,2,2
"1MHP_HL_A|KH64E,SL27Q,NL51Y",-1.0191593,-1.180504,2,2
1MHP_HL_A|KH64N,-0.03627145,-0.09643685,2,2
1MHP_HL_A|KH64Q,-0.07761467,-0.27454138,2,2
1MHP_HL_A|LH60D,-0.061319917,-0.06953122,2,2
"1MHP_HL_A|LH60D,KH64E",-0.1418005,-0.39108437,2,2
"1MHP_HL_A|LH60D,KH64Q",0.042989343,-0.28043562,2,2
1MHP_HL_A|LL48F,0.71227974,-0.065289706,2,2
1MHP_HL_A|LL48K,0.8612009,0.068409264,2,2
1MHP_HL_A|LL48W,1.9075676,-0.053814255,2,2
1MHP_HL_A|NL29V,1.0493295,-0.23829168,2,2
1MHP_HL_A|NL29W,1.572685,-0.14973858,2,2
1MHP_HL_A|NL29Y,1.9075676,-0.23914665,2,2
"1MHP_HL_A|NL29Y,SL90I",0.43436813,-0.31438965,2,2
1MHP_HL_A|NL51D,0.5007625,-0.3352037,2,2
1MHP_HL_A|NL51E,-0.08868487,-0.3551942,2,2
1MHP_HL_A|NL51K,0.65751,-0.16298845,2,2
1MHP_HL_A|NL51R,0.84484076,-0.1662164,2,2
1MHP_HL_A|NL51Y,-0.05162489,-0.3027836,2,2
1MHP_HL_A|RH31Q,1.3073281,-0.106126845,2,2
1MHP_HL_A|SH35A,1.572685,-0.07258789,2,2
"1MHP_HL_A|SH35A,GH102S",1.572685,0.019621879,2,2
1MHP_HL_A|SH35Q,2.727121,-0.09339705,2,2
"1MHP_HL_A|SH35V,GH102S",1.4256749,-0.06920105,2,2
1MHP_HL_A|SH52M,2.0758402,-0.108564466,2,2
1MHP_HL_A|SL23R,-0.21533228,-0.1304644,2,2
1MHP_HL_A|SL27Q,-0.6661127,-0.29210657,2,2
1MHP_HL_A|SL90Q,1.7740332,-0.21051516,2,2
1MHP_HL_A|SL90T,2.3166485,-0.117050834,2,2
"1MHP_HL_A|TH33E,GH53Q",1.6674565,-0.46423647,2,2
"1MHP_HL_A|TH33I,SH52T,GH53N,GH54N",1.9075676,-0.060609937,2,2
"1MHP_HL_A|TH33I,SH52T,GH53Q,GH54F",1.2553134,-0.40449652,2,2
1MHP_HL_A|TH33N,2.727121,-0.094695106,2,2
1MHP_HL_A|TH33V,0.43436813,-0.18151778,2,2
1MHP_HL_A|TH50V,-0.13159887,-0.1811043,2,2
"1MHP_HL_A|TH50V,GH102S",1.6674565,-0.10326578,2,2
"1MHP_HL_A|TH50V,KH64E",-0.1805197,-0.57457197,2,2
"1MHP_HL_A|TH50V,KH64E,SL27Q,NL51E",-1.267319,-1.378447,2,2
"1MHP_HL_A|TH50V,KH64E,SL27Q,NL51Y",-1.0844951,-1.3426288,2,2
"1MHP_HL_A|TH50V,SH35A",2.0758402,-0.1963298,2,2
"1MHP_HL_A|TH50V,SH35V",2.727121,-0.24756022,2,2
"1MHP_HL_A|TH50V,SL27Q",-0.6946839,-0.42290825,2,2
"1MHP_HL_A|TH50V,SL27Q,NL51Y",-1.0235296,-0.75216246,2,2
1MHP_HL_A|WL89Q,2.0758402,-0.11011286,2,2
"1MHP_HL_A|WL89Q,FL32Y",0.871019,-0.12890214,2,2
1MHP_HL_A|YH58E,2.0758402,-0.13951874,2,2
1MHP_HL_A|YH58Q,2.0758402,-0.03511518,2,2
1MHP_HL_A|YH58W,0.82094526,-0.019411094,2,2
1MHP_HL_A|YH59E,0.54400706,-0.11396396,2,2
1N8Z_AB_C|DB102W,-0.71302944,0.025210552,2,2
1N8Z_AB_C|FC539A,0.035102826,0.072774336,2,2
1N8Z_AB_C|HA91F,0.034232877,-0.050083965,2,2
1N8Z_AB_C|LC509A,-0.023045197,0.065953225,2,2
1N8Z_AB_C|NA30S,0.06666317,-0.024310533,2,2
"1N8Z_AB_C|NA30S,HA91F,YA92W",-0.07476232,0.03239038,2,2
"1N8Z_AB_C|NA30S,HA91F,YA92W,TA94S,DB102W,YB105F,YB109V",0.050661404,0.15353726,2,2
1N8Z_AB_C|RB50A,2.9754758,-0.17567503,2,2
1N8Z_AB_C|RB59A,1.8037988,-0.03689702,2,2
1N8Z_AB_C|SC535A,0.030827092,0.08295712,2,2
1N8Z_AB_C|TA94S,0.32168603,-0.0336134,2,2
1N8Z_AB_C|VC536A,0.008972699,0.0495444,2,2
1N8Z_AB_C|YB105F,0.8540034,0.09102434,2,2
1N8Z_AB_C|YB109V,0.23192272,-0.107929885,2,2
1XGQ_AB_C|VB33A,1.1525793,0.028600916,2,2
1XGQ_AB_C|VB33F,-2.9080825,-0.085795894,2,2
1XGQ_AB_C|VB33I,-1.1076277,-0.00659243,2,2
1XGQ_AB_C|VB33L,-1.0463123,-0.12249036,2,2
1YQV_HL_Y|RY45K,1.8995041,-0.012859359,2,2
"1YQV_HL_Y|RY68K,TY40S,IY55V,SY91T",4.0,0.2905867,2,2
"1YQV_HL_Y|RY68K,TY40S,IY55V,SY91T,QY121H",0.0,0.31428674,2,2
1YY9_CD_A|AC25P,0.07225565,-0.110362574,2,2
1YY9_CD_A|AD98P,1.0372273,-0.069305204,2,2
1YY9_CD_A|GD54P,0.26807046,-0.03205636,2,2
1YY9_CD_A|LD29P,0.030827092,-0.0899773,2,2
1YY9_CD_A|NC93A,-0.74186975,-0.13661663,2,2
1YY9_CD_A|ND56A,-0.057046015,-0.077096455,2,2
1YY9_CD_A|SC26D,-0.19925442,-0.20601034,2,2
"1YY9_CD_A|SC26D,TC31E,NC93A",-1.3329437,-0.63458717,2,2
"1YY9_CD_A|SC26D,TC31E,NC93A,ND56A,TD61E",-0.6517935,-1.2096773,2,2
1YY9_CD_A|SC26P,-0.009110746,-0.06283039,2,2
1YY9_CD_A|SC28P,-0.22229962,-0.17009631,2,2
1YY9_CD_A|SC54P,-0.018363854,-0.13542584,2,2
1YY9_CD_A|SD53P,0.8175451,-0.17219192,2,2
1YY9_CD_A|TC31E,-0.51892465,-0.2840459,2,2
"1YY9_CD_A|TC31E,NC93A",-0.81853306,-0.4202614,2,2
1YY9_CD_A|TC96P,4.0,-0.08040762,2,2
1YY9_CD_A|TD61E,-0.057046015,-0.15471753,2,2
1YY9_CD_A|WD52P,1.4782712,-0.031174999,2,2
1YY9_CD_A|YD101P,1.6514195,0.03499809,2,2
3NPS_A_BC|DA214A,1.466743,0.041994452,2,2
3NPS_A_BC|DA46A,0.3399866,0.088639766,2,2
3NPS_A_BC|DA47A,1.0674704,0.10591231,2,2
3NPS_A_BC|DA91A,1.5070341,0.049838662,2,2
3NPS_A_BC|EA163A,0.61534816,0.18918267,2,2
3NPS_A_BC|FA50A,0.21957076,0.18366066,2,2
3NPS_A_BC|FA89A,1.5714045,0.21523058,2,2
3NPS_A_BC|FA92A,0.46353978,0.05246155,2,2
3NPS_A_BC|HA138A,1.8750918,0.018027596,2,2
3NPS_A_BC|IA26A,0.6415425,0.16294584,2,2
3NPS_A_BC|IA45A,-0.33181784,0.14468369,2,2
3NPS_A_BC|KA221A,-0.10361039,0.06764504,2,2
3NPS_A_BC|LA147A,0.29573628,0.10261531,2,2
3NPS_A_BC|NA90A,0.25341922,0.25495845,2,2
3NPS_A_BC|QA140A,0.29573628,-0.00046113878,2,2
3NPS_A_BC|QA168A,-0.059223834,0.09643704,2,2
3NPS_A_BC|QA169A,0.7409076,0.1400796,2,2
3NPS_A_BC|QA218A,-0.040916756,0.07949436,2,2
3NPS_A_BC|QA23A,0.026323749,0.15568759,2,2
3NPS_A_BC|RA219A,-0.08390186,0.018567294,2,2
3NPS_A_BC|RA48A,-1.062741,0.04794886,2,2
3NPS_A_BC|RA51A,0.13816836,0.09914057,2,2
3NPS_A_BC|RA82A,-0.15159543,0.0859216,2,2
3NPS_A_BC|TA144A,0.17497002,0.10814558,2,2
3NPS_A_BC|TA93A,0.72381234,0.23517463,2,2
3NPS_A_BC|YA141A,1.7748737,0.057374746,2,2
3NPS_A_BC|YA52A,0.4518898,0.11691213,2,2
3W2D_A_HL|KA67N,4.0,-0.078527905,2,2
3W2D_A_HL|KA67R,-0.42812017,-0.06646378,2,2
3W2D_A_HL|YA45F,0.8779443,-0.12795325,2,2
3W2D_A_HL|YA45L,2.3647563,-0.08086155,2,2
"4KRO_A_B|DA321T,FA323A",0.1269707,0.09967549,2,2
"4KRP_A_B|DA277T,FA279A",0.35829666,0.1291583,2,2
4NM8_ABCDEF_HL|DB19N,0.66149956,-0.07861375,2,2
4NM8_ABCDEF_HL|IB18M,0.10977998,-0.015809268,2,2
4NM8_ABCDEF_HL|LB38Y,-0.6151596,-0.08966607,2,2
4NM8_ABCDEF_HL|QB34R,2.9754758,-0.07602658,2,2
4NM8_ABCDEF_HL|QB34T,2.3309386,-0.08866559,2,2
4NM8_ABCDEF_HL|RB25M,3.442353,-0.038191214,2,2
4NM8_ABCDEF_HL|TB32E,-0.5517196,-0.10788377,2,2
4NM8_ABCDEF_HL|TB32I,-0.050205972,-0.036675163,2,2
4NM8_ABCDEF_HL|TB32R,1.2211944,-0.08948228,2,2
"1CZ8_HL_VW|LL4M,DH28T,HH31N,YH101H,TH105S",2.939849,1.2611688,3,0
1KIR_AB_C|SA50Y,-1.3870943,-0.8703421,3,0
1MLC_AB_E|KB65D,0.018548755,-0.63922423,3,0
1MLC_AB_E|NA32G,-0.8773867,0.47548684,3,0
"1MLC_AB_E|NA32G,NA92A",-0.6866531,1.0787889,3,0
"1MLC_AB_E|NA32G,NA92A,SB57V,TB58D",-1.7349738,0.53613377,3,0
1MLC_AB_E|NA32Y,0.0,-1.1710776,3,0
1MLC_AB_E|NA92A,-1.2533532,0.6013435,3,0
"1MLC_AB_E|NA92A,SB57V,TB58D",-2.394188,-0.0431174,3,0
"1MLC_AB_E|NA92A,TB28D,SB57V,TB58D",-2.5813644,-0.2151482,3,0
"1MLC_AB_E|NA92A,TB28D,SB57V,TB58D,EB35S,GB99D",-2.9539242,-0.2444509,3,0
"1MLC_AB_E|NA92A,TB28D,SB57V,TB58D,GB99D",-0.20357698,-0.47528985,3,0
"1MLC_AB_E|NA92A,TB28D,SB57V,TB58D,NA32L",-2.5843081,-0.119524956,3,0
"1MLC_AB_E|NA92A,TB28D,SB57V,TB58D,RB98M,DB100Q",-0.41047263,-0.4918509,3,0
"1MLC_AB_E|NA92A,TB28D,SB57V,TB58D,SA91N,SA93A",-1.6104395,1.04542,3,0
"1MLC_AB_E|NA92A,TB28D,SB57V,TB58D,SB30G",-2.3584673,0.042221542,3,0
"1MLC_AB_E|NA92A,TB28D,SB57V,TB58D,YB32W,RB98V,DB100Q",0.36138764,0.21492447,3,0
"1MLC_AB_E|NA92A,TB28D,SB57V,TB58D,YB59E",-1.4661698,0.39497375,3,0
1MLC_AB_E|SB57A,-0.37902167,1.1916693,3,0
1MLC_AB_E|SB57V,-0.49418068,0.26786515,3,0
"1MLC_AB_E|SB57V,TB58D",-0.9877286,-0.35533926,3,0
1MLC_AB_E|TB28D,-0.15094383,-0.19142038,3,0
1MLC_AB_E|TB31A,0.44700673,0.36149138,3,0
1MLC_AB_E|TB31V,0.5262404,-0.12198068,3,0
1MLC_AB_E|TB31W,0.13214268,-0.46237803,3,0
1MLC_AB_E|TB58D,-0.55968237,-0.49996218,3,0
1NCA_N_LH|DH101K,0.71416,0.017403562,3,0
1NCA_N_LH|EH100D,0.41047263,0.055094708,3,0
1NCA_N_LH|NH102Q,0.5426153,-0.2953286,3,0
1NCA_N_LH|NH31Q,0.0,0.10666929,3,0
1NMB_N_LH|DH57E,2.9536283,0.19679128,3,0
1NMB_N_LH|DH57N,2.9536283,0.22704855,3,0
1NMB_N_LH|LL94V,0.9000208,-0.56530213,3,0
1NMB_N_LH|TL93F,-0.023903161,-0.37215036,3,0
1NMB_N_LH|TL93W,0.18419003,-0.71780497,3,0
1NMB_N_LH|YH103A,2.14062,1.5594809,3,0
1NMB_N_LH|YH105F,1.4194101,0.5983768,3,0
1NMB_N_LH|YL32F,0.46632215,1.0854961,3,0
1VFB_AB_C|DB100A,3.005002,1.2468538,3,0
"1VFB_AB_C|DB100A,SC24A",3.369756,3.400617,3,0
1VFB_AB_C|DB54A,0.8151114,1.09476,3,0
"1VFB_AB_C|DB54A,TC118A",1.2546439,2.3004477,3,0
1VFB_AB_C|DB58A,-0.20700333,1.0293678,3,0
1VFB_AB_C|DB58E,0.078081094,0.10052605,3,0
1VFB_AB_C|DB58N,-0.12818155,0.32641855,3,0
1VFB_AB_C|DC119A,0.9530879,1.2951925,3,0
1VFB_AB_C|DC18A,0.34013057,1.446289,3,0
1VFB_AB_C|EB98A,1.1565572,1.3970138,3,0
1VFB_AB_C|GB31A,0.30646533,0.7518882,3,0
1VFB_AB_C|GB31E,-0.5097613,-0.13527556,3,0
1VFB_AB_C|GB31W,0.0039611305,-0.096490726,3,0
1VFB_AB_C|HA30A,0.84488255,0.84287745,3,0
1VFB_AB_C|IC124A,1.2314179,1.0795904,3,0
1VFB_AB_C|KC116A,0.7134504,1.9437683,3,0
1VFB_AB_C|LC129A,0.17154472,0.92011607,3,0
1VFB_AB_C|NA31W,0.17432266,-0.13628493,3,0
1VFB_AB_C|NB56A,0.17771798,0.89772207,3,0
1VFB_AB_C|NC19A,0.3960868,1.6069521,3,0
1VFB_AB_C|QC121A,2.876998,0.9033635,3,0
1VFB_AB_C|RB99A,-0.099735305,0.7697519,3,0
1VFB_AB_C|RB99W,0.7049742,0.2689849,3,0
1VFB_AB_C|RB99Y,1.235379,-0.07195761,3,0
1VFB_AB_C|RC125A,1.8368999,1.299036,3,0
1VFB_AB_C|SA93A,0.34312394,1.1655618,3,0
1VFB_AB_C|SB28D,0.0,0.30263028,3,0
1VFB_AB_C|SB28E,-0.104007296,0.21215491,3,0
1VFB_AB_C|SB28N,0.14394745,0.5174922,3,0
1VFB_AB_C|SB28Q,0.078081094,0.5364323,3,0
1VFB_AB_C|SC24A,0.850965,2.1109495,3,0
1VFB_AB_C|TA52F,0.4708752,-0.48403785,3,0
1VFB_AB_C|TA53R,1.6458516,-0.33812666,3,0
1VFB_AB_C|TB30A,-0.05584954,0.9391281,3,0
1VFB_AB_C|TC118A,0.7650957,1.2138709,3,0
1VFB_AB_C|VC120A,0.9169499,0.99372786,3,0
1VFB_AB_C|WA92A,3.037848,0.9358212,3,0
"1VFB_AB_C|WA92A,IC124A",3.8503337,2.084357,3,0
"1VFB_AB_C|WA92A,LC129A",3.3073628,1.9359034,3,0
"1VFB_AB_C|WA92A,QC121A",3.5189366,1.8877196,3,0
"1VFB_AB_C|WA92A,RC125A",3.3932896,2.284682,3,0
1VFB_AB_C|WB52A,0.6406274,1.3360536,3,0
"1VFB_AB_C|WB52A,DC119A",2.2473724,2.6768043,3,0
1VFB_AB_C|YA32A,1.5281335,1.9076,3,0
"1VFB_AB_C|YA32A,IC124A",2.9057157,3.0738328,3,0
"1VFB_AB_C|YA32A,QC121A",1.586041,2.8688567,3,0
1VFB_AB_C|YA49A,0.79754156,1.6702147,3,0
1VFB_AB_C|YA50A,0.456086,1.7243446,3,0
"1VFB_AB_C|YA50A,DC119A",1.2314179,3.0732872,3,0
"1VFB_AB_C|YA50A,DC18A",1.265924,3.2264936,3,0
1VFB_AB_C|YA50K,1.7156012,0.74051213,3,0
1VFB_AB_C|YA50R,0.8443241,0.7992102,3,0
1VFB_AB_C|YB101F,1.2695644,0.96709836,3,0
"1VFB_AB_C|YB101F,DC119A",2.736521,2.2963655,3,0
"1VFB_AB_C|YB101F,VC120A",2.5384777,2.020215,3,0
1VFB_AB_C|YB32A,0.7916793,1.445477,3,0
"1VFB_AB_C|YB32A,KC116A",1.586041,3.4543974,3,0
1VFB_AB_C|YB32E,1.9021881,0.5005768,3,0
1VFB_AB_C|YC23A,0.41047263,1.5043317,3,0
1XGP_AB_C|AB33F,-4.0,-1.9423852,3,0
1XGP_AB_C|AB33I,-2.260207,-1.4542851,3,0
1XGP_AB_C|AB33L,-2.1988916,-1.3970982,3,0
1XGP_AB_C|AB33V,-1.1525793,-1.4821709,3,0
2JEL_LH_P|AP82S,0.0,-0.83415073,3,0
2JEL_LH_P|DP69E,0.9530879,0.6747295,3,0
2JEL_LH_P|EP5D,0.41047263,-0.5205123,3,0
2JEL_LH_P|EP5Q,0.7129768,0.36125925,3,0
2JEL_LH_P|EP68A,0.41047263,0.792981,3,0
2JEL_LH_P|EP75R,2.727121,0.555329,3,0
2JEL_LH_P|EP83A,0.0,1.2088975,3,0
2JEL_LH_P|EP85A,0.0,1.3785815,3,0
2JEL_LH_P|EP85D,0.0,0.033331025,3,0
2JEL_LH_P|EP85K,0.0,0.32295582,3,0
2JEL_LH_P|EP85Q,0.0,0.48337653,3,0
2JEL_LH_P|FP2W,2.6191528,0.31923085,3,0
2JEL_LH_P|FP2Y,0.0,-0.55901253,3,0
2JEL_LH_P|HP76A,-0.41047263,1.1705104,3,0
2JEL_LH_P|HP76D,-0.65058374,0.5120162,3,0
2JEL_LH_P|KP24E,0.0,0.94288003,3,0
2JEL_LH_P|KP27E,0.0,1.0447954,3,0
2JEL_LH_P|KP72E,0.41047263,-0.28584555,3,0
2JEL_LH_P|KP72R,0.0,0.72707903,3,0
2JEL_LH_P|KP79E,0.41047263,0.25822842,3,0
2JEL_LH_P|NP12D,0.0,-0.27119738,3,0
2JEL_LH_P|NP38T,0.0,-0.18662822,3,0
2JEL_LH_P|PP11E,0.0,-0.04683125,3,0
2JEL_LH_P|QP3K,4.0,0.19264081,3,0
2JEL_LH_P|QP4K,1.3635606,-0.09602825,3,0
2JEL_LH_P|QP57E,-0.41047263,0.5182647,3,0
2JEL_LH_P|QP71E,2.727121,-0.2586504,3,0
2JEL_LH_P|RP17G,0.0,0.9795174,3,0
2JEL_LH_P|RP17K,0.0,0.5966447,3,0
2JEL_LH_P|SP41C,1.4957032,0.66567695,3,0
2JEL_LH_P|SP43C,0.0,0.6770987,3,0
2JEL_LH_P|SP46C,0.0,0.4248492,3,0
2JEL_LH_P|SP64T,4.0,-0.14281644,3,0
2JEL_LH_P|TP34Q,0.0,0.09720683,3,0
2JEL_LH_P|TP36Q,0.41047263,0.17230423,3,0
2JEL_LH_P|TP62A,0.0,1.3787041,3,0
2JEL_LH_P|TP62N,0.0,0.8229032,3,0
2JEL_LH_P|TP7N,0.41047263,1.2076668,3,0
2JEL_LH_P|TP7S,0.0,0.6945409,3,0
2JEL_LH_P|VP6F,0.0,-0.39774126,3,0
"2NY7_HL_G|CG27I,CG226Q",0.19971907,-1.1012505,3,0
"2NY7_HL_G|CG27I,CG226Q,MG231A",0.20319231,-0.9221173,3,0
"2NY7_HL_G|GG229C,MG231A",-0.37879732,0.03834446,3,0
"2NY7_HL_G|GG229C,WG13M,MG231A,CG14W,CG110V,CG27I,CG226Q",0.21462485,-2.684033,3,0
"2NY7_HL_G|KG66C,EG102C,CG27I,CG226Q",0.04085667,-0.9592225,3,0
"2NY7_HL_G|KG66C,EG102C,WG13M,MG231A,CG14W,CG110V,CG27I,CG226Q",0.3998023,-1.8060988,3,0
"2NY7_HL_G|KG66C,EG103C,WG13M,MG231A,CG14W,CG110V,CG27I,CG226Q",0.29989544,-2.074103,3,0
"2NY7_HL_G|WG13M,MG231A,CG14W,CG110V",1.1574335,-0.7910257,3,0
"2NY7_HL_G|WG13M,MG231A,CG14W,CG110V,CG27I,CG226Q",0.44904727,-2.0825927,3,0
"2NY7_HL_G|WG13M,MG231A,CG14W,CG110V,KG66C,EG102C",0.55101526,-0.28194514,3,0
"2NY7_HL_G|WG13M,SG92T,WG181S,MG231A,CG14W,CG110V,CG27I,CG226Q",-0.3035898,-2.9258811,3,0
3BN9_B_CD|DB214A,0.5662115,0.92316407,3,0
3BN9_B_CD|DB46A,0.42238826,1.298337,3,0
3BN9_B_CD|DB47A,0.31110755,1.4029189,3,0
3BN9_B_CD|EB163A,0.37321588,0.31082195,3,0
3BN9_B_CD|FB50A,-0.044997852,1.3906078,3,0
3BN9_B_CD|FB89A,0.6392419,1.638211,3,0
3BN9_B_CD|HB138A,0.085063316,0.37127528,3,0
3BN9_B_CD|IB26A,0.0,1.1249537,3,0
3BN9_B_CD|IB45A,0.8352155,0.76176697,3,0
3BN9_B_CD|KB221A,0.7849689,1.3640653,3,0
3BN9_B_CD|LB147A,0.33619216,0.36530164,3,0
3BN9_B_CD|NB90A,0.7733444,0.84930986,3,0
3BN9_B_CD|PD104H,2.4272547,-0.17281127,3,0
3BN9_B_CD|QB140A,0.1331048,0.64529175,3,0
3BN9_B_CD|QB168A,-0.03469869,0.68526214,3,0
3BN9_B_CD|QB169A,2.5089848,0.9335772,3,0
3BN9_B_CD|QB218A,0.70571065,0.92345023,3,0
3BN9_B_CD|QB23A,-0.41530684,0.61494,3,0
3BN9_B_CD|QD105V,1.2241027,-0.23602,3,0
3BN9_B_CD|RB219A,-0.093698174,0.6250908,3,0
3BN9_B_CD|RB48A,-0.044997852,0.70573753,3,0
3BN9_B_CD|RB51A,-0.07155777,0.9294951,3,0
3BN9_B_CD|RB82A,-0.15923285,1.3012364,3,0
3BN9_B_CD|SD30G,1.1861069,-0.017920423,3,0
3BN9_B_CD|SD30N,1.145505,0.13627738,3,0
3BN9_B_CD|TB144A,0.2908351,0.85187113,3,0
3BN9_B_CD|TB93A,1.1320528,1.2729388,3,0
3BN9_B_CD|TD102Q,-0.02153644,-0.59511036,3,0
3BN9_B_CD|TD102R,-0.058294915,-0.7596527,3,0
3BN9_B_CD|TD28R,0.33290586,-0.35344198,3,0
3BN9_B_CD|YB141A,1.0846525,1.631793,3,0
3BN9_B_CD|YB52A,0.018951595,1.6555845,3,0
3BN9_B_CD|YD103S,0.45868576,0.63896835,3,0
4GXU_ABCDEF_MN|DA189E,2.1650882,0.80143005,3,0
"4GXU_ABCDEF_MN|DA189E,DA224G",3.0102077,1.6319406,3,0
4GXU_ABCDEF_MN|DA224G,1.9608781,0.6650985,3,0
"1CZ8_HL_VW|LL4M,DH28T,HH31N,YH101H,TH105S",2.939849,1.7261424,3,1
1KIR_AB_C|SA50Y,-1.3870943,-0.5077185,3,1
1MLC_AB_E|KB65D,0.018548755,-0.57621145,3,1
1MLC_AB_E|NA32G,-0.8773867,0.008570865,3,1
"1MLC_AB_E|NA32G,NA92A",-0.6866531,0.753392,3,1
"1MLC_AB_E|NA32G,NA92A,SB57V,TB58D",-1.7349738,-0.26160705,3,1
1MLC_AB_E|NA32Y,0.0,-0.43404692,3,1
1MLC_AB_E|NA92A,-1.2533532,0.9017337,3,1
"1MLC_AB_E|NA92A,SB57V,TB58D",-2.394188,0.093666896,3,1
"1MLC_AB_E|NA92A,TB28D,SB57V,TB58D",-2.5813644,-0.26961032,3,1
"1MLC_AB_E|NA92A,TB28D,SB57V,TB58D,EB35S,GB99D",-2.9539242,0.06483282,3,1
"1MLC_AB_E|NA92A,TB28D,SB57V,TB58D,GB99D",-0.20357698,0.018125996,3,1
"1MLC_AB_E|NA92A,TB28D,SB57V,TB58D,NA32L",-2.5843081,-0.75897664,3,1
"1MLC_AB_E|NA92A,TB28D,SB57V,TB58D,RB98M,DB100Q",-0.41047263,-0.6384842,3,1
"1MLC_AB_E|NA92A,TB28D,SB57V,TB58D,SA91N,SA93A",-1.6104395,1.2345163,3,1
"1MLC_AB_E|NA92A,TB28D,SB57V,TB58D,SB30G",-2.3584673,-0.79392874,3,1
"1MLC_AB_E|NA92A,TB28D,SB57V,TB58D,YB32W,RB98V,DB100Q",0.36138764,-0.18335254,3,1
"1MLC_AB_E|NA92A,TB28D,SB57V,TB58D,YB59E",-1.4661698,-0.03504535,3,1
1MLC_AB_E|SB57A,-0.37902167,1.2036381,3,1
1MLC_AB_E|SB57V,-0.49418068,0.13003603,3,1
"1MLC_AB_E|SB57V,TB58D",-0.9877286,-0.4005602,3,1
1MLC_AB_E|TB28D,-0.15094383,-0.05716855,3,1
1MLC_AB_E|TB31A,0.44700673,0.33519083,3,1
1MLC_AB_E|TB31V,0.5262404,-0.09283298,3,1
1MLC_AB_E|TB31W,0.13214268,-0.34057787,3,1
1MLC_AB_E|TB58D,-0.55968237,-0.50205886,3,1
1NCA_N_LH|DH101K,0.71416,0.32233843,3,1
1NCA_N_LH|EH100D,0.41047263,0.1733135,3,1
1NCA_N_LH|NH102Q,0.5426153,0.05359474,3,1
1NCA_N_LH|NH31Q,0.0,0.008334362,3,1
1NMB_N_LH|DH57E,2.9536283,0.33438036,3,1
1NMB_N_LH|DH57N,2.9536283,0.4140138,3,1
1NMB_N_LH|LL94V,0.9000208,0.06278451,3,1
1NMB_N_LH|TL93F,-0.023903161,-0.5211475,3,1
1NMB_N_LH|TL93W,0.18419003,-0.5491493,3,1
1NMB_N_LH|YH103A,2.14062,1.2623092,3,1
1NMB_N_LH|YH105F,1.4194101,0.22978601,3,1
1NMB_N_LH|YL32F,0.46632215,0.12838142,3,1
1VFB_AB_C|DB100A,3.005002,1.08329,3,1
"1VFB_AB_C|DB100A,SC24A",3.369756,2.771775,3,1
1VFB_AB_C|DB54A,0.8151114,1.2345055,3,1
"1VFB_AB_C|DB54A,TC118A",1.2546439,2.8924563,3,1
1VFB_AB_C|DB58A,-0.20700333,1.2237182,3,1
1VFB_AB_C|DB58E,0.078081094,0.22369336,3,1
1VFB_AB_C|DB58N,-0.12818155,0.40002987,3,1
1VFB_AB_C|DC119A,0.9530879,1.0033345,3,1
1VFB_AB_C|DC18A,0.34013057,1.5324439,3,1
1VFB_AB_C|EB98A,1.1565572,1.6548749,3,1
1VFB_AB_C|GB31A,0.30646533,0.8615717,3,1
1VFB_AB_C|GB31E,-0.5097613,0.2174882,3,1
1VFB_AB_C|GB31W,0.0039611305,0.17862803,3,1
1VFB_AB_C|HA30A,0.84488255,0.38811877,3,1
1VFB_AB_C|IC124A,1.2314179,1.325647,3,1
1VFB_AB_C|KC116A,0.7134504,0.78995526,3,1
1VFB_AB_C|LC129A,0.17154472,1.075013,3,1
1VFB_AB_C|NA31W,0.17432266,-0.036271214,3,1
1VFB_AB_C|NB56A,0.17771798,0.717742,3,1
1VFB_AB_C|NC19A,0.3960868,1.176178,3,1
1VFB_AB_C|QC121A,2.876998,1.0484513,3,1
1VFB_AB_C|RB99A,-0.099735305,0.61653703,3,1
1VFB_AB_C|RB99W,0.7049742,-0.23779808,3,1
1VFB_AB_C|RB99Y,1.235379,-0.23860645,3,1
1VFB_AB_C|RC125A,1.8368999,0.9935009,3,1
1VFB_AB_C|SA93A,0.34312394,0.9059828,3,1
1VFB_AB_C|SB28D,0.0,0.037212867,3,1
1VFB_AB_C|SB28E,-0.104007296,-0.047096007,3,1
1VFB_AB_C|SB28N,0.14394745,0.079316825,3,1
1VFB_AB_C|SB28Q,0.078081094,0.15861861,3,1
1VFB_AB_C|SC24A,0.850965,1.5991825,3,1
1VFB_AB_C|TA52F,0.4708752,-0.48493427,3,1
1VFB_AB_C|TA53R,1.6458516,-0.09604699,3,1
1VFB_AB_C|TB30A,-0.05584954,0.6246676,3,1
1VFB_AB_C|TC118A,0.7650957,1.5699822,3,1
1VFB_AB_C|VC120A,0.9169499,0.9634665,3,1
1VFB_AB_C|WA92A,3.037848,1.0141406,3,1
"1VFB_AB_C|WA92A,IC124A",3.8503337,2.42057,3,1
"1VFB_AB_C|WA92A,LC129A",3.3073628,2.1834702,3,1
"1VFB_AB_C|WA92A,QC121A",3.5189366,2.1466517,3,1
"1VFB_AB_C|WA92A,RC125A",3.3932896,2.0702972,3,1
1VFB_AB_C|WB52A,0.6406274,1.1692266,3,1
"1VFB_AB_C|WB52A,DC119A",2.2473724,2.2866654,3,1
1VFB_AB_C|YA32A,1.5281335,1.4054707,3,1
"1VFB_AB_C|YA32A,IC124A",2.9057157,2.8201728,3,1
"1VFB_AB_C|YA32A,QC121A",1.586041,2.557151,3,1
1VFB_AB_C|YA49A,0.79754156,1.603727,3,1
1VFB_AB_C|YA50A,0.456086,1.624697,3,1
"1VFB_AB_C|YA50A,DC119A",1.2314179,2.7587729,3,1
"1VFB_AB_C|YA50A,DC18A",1.265924,3.2951717,3,1
1VFB_AB_C|YA50K,1.7156012,0.9867549,3,1
1VFB_AB_C|YA50R,0.8443241,0.65702623,3,1
1VFB_AB_C|YB101F,1.2695644,0.40198398,3,1
"1VFB_AB_C|YB101F,DC119A",2.736521,1.4420375,3,1
"1VFB_AB_C|YB101F,VC120A",2.5384777,1.4016722,3,1
1VFB_AB_C|YB32A,0.7916793,1.2808499,3,1
"1VFB_AB_C|YB32A,KC116A",1.586041,2.1363337,3,1
1VFB_AB_C|YB32E,1.9021881,0.21955161,3,1
1VFB_AB_C|YC23A,0.41047263,1.8950655,3,1
1XGP_AB_C|AB33F,-4.0,-1.0422767,3,1
1XGP_AB_C|AB33I,-2.260207,-0.9279906,3,1
1XGP_AB_C|AB33L,-2.1988916,-0.8940467,3,1
1XGP_AB_C|AB33V,-1.1525793,-0.71520954,3,1
2JEL_LH_P|AP82S,0.0,-0.955414,3,1
2JEL_LH_P|DP69E,0.9530879,0.13099983,3,1
2JEL_LH_P|EP5D,0.41047263,0.42346224,3,1
2JEL_LH_P|EP5Q,0.7129768,0.7561795,3,1
2JEL_LH_P|EP68A,0.41047263,1.2259992,3,1
2JEL_LH_P|EP75R,2.727121,0.85492635,3,1
2JEL_LH_P|EP83A,0.0,1.6708173,3,1
2JEL_LH_P|EP85A,0.0,1.7182208,3,1
2JEL_LH_P|EP85D,0.0,-0.053690877,3,1
2JEL_LH_P|EP85K,0.0,0.9825756,3,1
2JEL_LH_P|EP85Q,0.0,0.50801486,3,1
2JEL_LH_P|FP2W,2.6191528,0.43923292,3,1
2JEL_LH_P|FP2Y,0.0,-0.29299027,3,1
2JEL_LH_P|HP76A,-0.41047263,1.3488681,3,1
2JEL_LH_P|HP76D,-0.65058374,0.23148137,3,1
2JEL_LH_P|KP24E,0.0,-0.5504662,3,1
2JEL_LH_P|KP27E,0.0,-0.25056198,3,1
2JEL_LH_P|KP72E,0.41047263,-0.98966694,3,1
2JEL_LH_P|KP72R,0.0,-0.09656133,3,1
2JEL_LH_P|KP79E,0.41047263,-0.9038309,3,1
2JEL_LH_P|NP12D,0.0,-0.41513884,3,1
2JEL_LH_P|NP38T,0.0,-0.25661603,3,1
2JEL_LH_P|PP11E,0.0,-0.08165616,3,1
2JEL_LH_P|QP3K,4.0,0.34994662,3,1
2JEL_LH_P|QP4K,1.3635606,0.18790069,3,1
2JEL_LH_P|QP57E,-0.41047263,-0.29248673,3,1
2JEL_LH_P|QP71E,2.727121,-0.5397552,3,1
2JEL_LH_P|RP17G,0.0,0.5301489,3,1
2JEL_LH_P|RP17K,0.0,0.47291315,3,1
2JEL_LH_P|SP41C,1.4957032,0.2666587,3,1
2JEL_LH_P|SP43C,0.0,0.27658105,3,1
2JEL_LH_P|SP46C,0.0,0.07668449,3,1
2JEL_LH_P|SP64T,4.0,-0.37913445,3,1
2JEL_LH_P|TP34Q,0.0,0.1172689,3,1
2JEL_LH_P|TP36Q,0.41047263,0.33425158,3,1
2JEL_LH_P|TP62A,0.0,1.0570912,3,1
2JEL_LH_P|TP62N,0.0,0.6199586,3,1
2JEL_LH_P|TP7N,0.41047263,0.7338751,3,1
2JEL_LH_P|TP7S,0.0,0.4735981,3,1
2JEL_LH_P|VP6F,0.0,-0.3185499,3,1
"2NY7_HL_G|CG27I,CG226Q",0.19971907,-0.5005573,3,1
"2NY7_HL_G|CG27I,CG226Q,MG231A",0.20319231,0.3490984,3,1
"2NY7_HL_G|GG229C,MG231A",-0.37879732,0.7000983,3,1
"2NY7_HL_G|GG229C,WG13M,MG231A,CG14W,CG110V,CG27I,CG226Q",0.21462485,0.7396397,3,1
"2NY7_HL_G|KG66C,EG102C,CG27I,CG226Q",0.04085667,0.20277655,3,1
"2NY7_HL_G|KG66C,EG102C,WG13M,MG231A,CG14W,CG110V,CG27I,CG226Q",0.3998023,1.2455013,3,1
"2NY7_HL_G|KG66C,EG103C,WG13M,MG231A,CG14W,CG110V,CG27I,CG226Q",0.29989544,0.9854584,3,1
"2NY7_HL_G|WG13M,MG231A,CG14W,CG110V",1.1574335,1.7578635,3,1
"2NY7_HL_G|WG13M,MG231A,CG14W,CG110V,CG27I,CG226Q",0.44904727,0.65087795,3,1
"2NY7_HL_G|WG13M,MG231A,CG14W,CG110V,KG66C,EG102C",0.55101526,1.9505644,3,1
"2NY7_HL_G|WG13M,SG92T,WG181S,MG231A,CG14W,CG110V,CG27I,CG226Q",-0.3035898,0.124965176,3,1
3BN9_B_CD|DB214A,0.5662115,1.3523998,3,1
3BN9_B_CD|DB46A,0.42238826,1.1312459,3,1
3BN9_B_CD|DB47A,0.31110755,1.3856481,3,1
3BN9_B_CD|EB163A,0.37321588,1.0993452,3,1
3BN9_B_CD|FB50A,-0.044997852,1.2392498,3,1
3BN9_B_CD|FB89A,0.6392419,0.7403829,3,1
3BN9_B_CD|HB138A,0.085063316,0.5187957,3,1
3BN9_B_CD|IB26A,0.0,0.6015869,3,1
3BN9_B_CD|IB45A,0.8352155,0.5532074,3,1
3BN9_B_CD|KB221A,0.7849689,0.6508339,3,1
3BN9_B_CD|LB147A,0.33619216,0.6713732,3,1
3BN9_B_CD|NB90A,0.7733444,0.25640023,3,1
3BN9_B_CD|PD104H,2.4272547,-0.09457098,3,1
3BN9_B_CD|QB140A,0.1331048,0.7749967,3,1
3BN9_B_CD|QB168A,-0.03469869,0.43591923,3,1
3BN9_B_CD|QB169A,2.5089848,0.6187446,3,1
3BN9_B_CD|QB218A,0.70571065,0.7170006,3,1
3BN9_B_CD|QB23A,-0.41530684,0.39121777,3,1
3BN9_B_CD|QD105V,1.2241027,-0.16856058,3,1
3BN9_B_CD|RB219A,-0.093698174,0.6211581,3,1
3BN9_B_CD|RB48A,-0.044997852,0.49432173,3,1
3BN9_B_CD|RB51A,-0.07155777,0.33128756,3,1
3BN9_B_CD|RB82A,-0.15923285,0.51735455,3,1
3BN9_B_CD|SD30G,1.1861069,-0.34812927,3,1
3BN9_B_CD|SD30N,1.145505,0.09943941,3,1
3BN9_B_CD|TB144A,0.2908351,0.87480885,3,1
3BN9_B_CD|TB93A,1.1320528,0.91792923,3,1
3BN9_B_CD|TD102Q,-0.02153644,-0.17519253,3,1
3BN9_B_CD|TD102R,-0.058294915,-0.4143212,3,1
3BN9_B_CD|TD28R,0.33290586,-0.31500918,3,1
3BN9_B_CD|YB141A,1.0846525,1.7669029,3,1
3BN9_B_CD|YB52A,0.018951595,1.8708725,3,1
3BN9_B_CD|YD103S,0.45868576,0.3791907,3,1
4GXU_ABCDEF_MN|DA189E,2.1650882,0.5025124,3,1
"4GXU_ABCDEF_MN|DA189E,DA224G",3.0102077,0.9692067,3,1
4GXU_ABCDEF_MN|DA224G,1.9608781,0.39680701,3,1
"1CZ8_HL_VW|LL4M,DH28T,HH31N,YH101H,TH105S",2.939849,0.8447135,3,2
1KIR_AB_C|SA50Y,-1.3870943,-0.14567347,3,2
1MLC_AB_E|KB65D,0.018548755,-0.24520768,3,2
1MLC_AB_E|NA32G,-0.8773867,-0.13652271,3,2
"1MLC_AB_E|NA32G,NA92A",-0.6866531,-0.26218444,3,2
"1MLC_AB_E|NA32G,NA92A,SB57V,TB58D",-1.7349738,-0.88173544,3,2
1MLC_AB_E|NA32Y,0.0,-0.14019644,3,2
1MLC_AB_E|NA92A,-1.2533532,-0.139754,3,2
"1MLC_AB_E|NA92A,SB57V,TB58D",-2.394188,-0.6216124,3,2
"1MLC_AB_E|NA92A,TB28D,SB57V,TB58D",-2.5813644,-0.7994237,3,2
"1MLC_AB_E|NA92A,TB28D,SB57V,TB58D,EB35S,GB99D",-2.9539242,-0.6739815,3,2
"1MLC_AB_E|NA92A,TB28D,SB57V,TB58D,GB99D",-0.20357698,-0.70368165,3,2
"1MLC_AB_E|NA92A,TB28D,SB57V,TB58D,NA32L",-2.5843081,-1.0851086,3,2
"1MLC_AB_E|NA92A,TB28D,SB57V,TB58D,RB98M,DB100Q",-0.41047263,-1.1377285,3,2
"1MLC_AB_E|NA92A,TB28D,SB57V,TB58D,SA91N,SA93A",-1.6104395,-1.0564147,3,2
"1MLC_AB_E|NA92A,TB28D,SB57V,TB58D,SB30G",-2.3584673,-0.94496405,3,2
"1MLC_AB_E|NA92A,TB28D,SB57V,TB58D,YB32W,RB98V,DB100Q",0.36138764,-1.27019,3,2
"1MLC_AB_E|NA92A,TB28D,SB57V,TB58D,YB59E",-1.4661698,-0.80142164,3,2
1MLC_AB_E|SB57A,-0.37902167,-0.105066344,3,2
1MLC_AB_E|SB57V,-0.49418068,-0.19702333,3,2
"1MLC_AB_E|SB57V,TB58D",-0.9877286,-0.4488219,3,2
1MLC_AB_E|TB28D,-0.15094383,-0.22613092,3,2
1MLC_AB_E|TB31A,0.44700673,-0.13218474,3,2
1MLC_AB_E|TB31V,0.5262404,-0.25086945,3,2
1MLC_AB_E|TB31W,0.13214268,-0.10349871,3,2
1MLC_AB_E|TB58D,-0.55968237,-0.24142595,3,2
1NCA_N_LH|DH101K,0.71416,-0.034986563,3,2
1NCA_N_LH|EH100D,0.41047263,-0.07284792,3,2
1NCA_N_LH|NH102Q,0.5426153,-0.06311309,3,2
1NCA_N_LH|NH31Q,0.0,-0.21114384,3,2
1NMB_N_LH|DH57E,2.9536283,-0.109496094,3,2
1NMB_N_LH|DH57N,2.9536283,0.17820019,3,2
1NMB_N_LH|LL94V,0.9000208,-0.11317356,3,2
1NMB_N_LH|TL93F,-0.023903161,-0.24503553,3,2
1NMB_N_LH|TL93W,0.18419003,-0.13893275,3,2
1NMB_N_LH|YH103A,2.14062,-0.038288567,3,2
1NMB_N_LH|YH105F,1.4194101,-0.15188228,3,2
1NMB_N_LH|YL32F,0.46632215,-0.12633544,3,2
1VFB_AB_C|DB100A,3.005002,-0.019819442,3,2
"1VFB_AB_C|DB100A,SC24A",3.369756,0.2687928,3,2
1VFB_AB_C|DB54A,0.8151114,0.047624156,3,2
"1VFB_AB_C|DB54A,TC118A",1.2546439,0.2523244,3,2
1VFB_AB_C|DB58A,-0.20700333,0.041615486,3,2
1VFB_AB_C|DB58E,0.078081094,-0.13898003,3,2
1VFB_AB_C|DB58N,-0.12818155,0.16256543,3,2
1VFB_AB_C|DC119A,0.9530879,0.08079748,3,2
1VFB_AB_C|DC18A,0.34013057,0.08842102,3,2
1VFB_AB_C|EB98A,1.1565572,-0.05676025,3,2
1VFB_AB_C|GB31A,0.30646533,-0.083127834,3,2
1VFB_AB_C|GB31E,-0.5097613,-0.18163499,3,2
1VFB_AB_C|GB31W,0.0039611305,-0.028447535,3,2
1VFB_AB_C|HA30A,0.84488255,0.11317924,3,2
1VFB_AB_C|IC124A,1.2314179,0.14577107,3,2
1VFB_AB_C|KC116A,0.7134504,0.20819597,3,2
1VFB_AB_C|LC129A,0.17154472,0.103105664,3,2
1VFB_AB_C|NA31W,0.17432266,-0.12166854,3,2
1VFB_AB_C|NB56A,0.17771798,-0.24251737,3,2
1VFB_AB_C|NC19A,0.3960868,0.13325739,3,2
1VFB_AB_C|QC121A,2.876998,0.083855,3,2
1VFB_AB_C|RB99A,-0.099735305,-0.08676267,3,2
1VFB_AB_C|RB99W,0.7049742,-0.061376624,3,2
1VFB_AB_C|RB99Y,1.235379,-0.11437313,3,2
1VFB_AB_C|RC125A,1.8368999,0.11904,3,2
1VFB_AB_C|SA93A,0.34312394,-0.16019818,3,2
1VFB_AB_C|SB28D,0.0,-0.12458252,3,2
1VFB_AB_C|SB28E,-0.104007296,-0.22018978,3,2
1VFB_AB_C|SB28N,0.14394745,-0.14018688,3,2
1VFB_AB_C|SB28Q,0.078081094,-0.13277069,3,2
1VFB_AB_C|SC24A,0.850965,0.22259958,3,2
1VFB_AB_C|TA52F,0.4708752,-0.265167,3,2
1VFB_AB_C|TA53R,1.6458516,-0.24931452,3,2
1VFB_AB_C|TB30A,-0.05584954,-0.15520191,3,2
1VFB_AB_C|TC118A,0.7650957,0.13758671,3,2
1VFB_AB_C|VC120A,0.9169499,0.08816914,3,2
1VFB_AB_C|WA92A,3.037848,-0.081152156,3,2
"1VFB_AB_C|WA92A,IC124A",3.8503337,0.13127065,3,2
"1VFB_AB_C|WA92A,LC129A",3.3073628,0.083894715,3,2
"1VFB_AB_C|WA92A,QC121A",3.5189366,0.06360094,3,2
"1VFB_AB_C|WA92A,RC125A",3.3932896,0.10012911,3,2
1VFB_AB_C|WB52A,0.6406274,-0.1493491,3,2
"1VFB_AB_C|WB52A,DC119A",2.2473724,-0.022178859,3,2
1VFB_AB_C|YA32A,1.5281335,-0.018832091,3,2
"1VFB_AB_C|YA32A,IC124A",2.9057157,0.19108973,3,2
"1VFB_AB_C|YA32A,QC121A",1.586041,0.119426265,3,2
1VFB_AB_C|YA49A,0.79754156,0.0074694976,3,2
1VFB_AB_C|YA50A,0.456086,0.046821736,3,2
"1VFB_AB_C|YA50A,DC119A",1.2314179,0.18622248,3,2
"1VFB_AB_C|YA50A,DC18A",1.265924,0.19357102,3,2
1VFB_AB_C|YA50K,1.7156012,0.10816297,3,2
1VFB_AB_C|YA50R,0.8443241,0.11092225,3,2
1VFB_AB_C|YB101F,1.2695644,-0.11250061,3,2
"1VFB_AB_C|YB101F,DC119A",2.736521,0.0337833,3,2
"1VFB_AB_C|YB101F,VC120A",2.5384777,0.041226283,3,2
1VFB_AB_C|YB32A,0.7916793,-0.0629262,3,2
"1VFB_AB_C|YB32A,KC116A",1.586041,0.21612631,3,2
1VFB_AB_C|YB32E,1.9021881,-0.13132375,3,2
1VFB_AB_C|YC23A,0.41047263,0.020434342,3,2
1XGP_AB_C|AB33F,-4.0,-0.21332163,3,2
1XGP_AB_C|AB33I,-2.260207,-0.18129686,3,2
1XGP_AB_C|AB33L,-2.1988916,-0.23874459,3,2
1XGP_AB_C|AB33V,-1.1525793,-0.22675382,3,2
2JEL_LH_P|AP82S,0.0,-0.085799,3,2
2JEL_LH_P|DP69E,0.9530879,0.05478245,3,2
2JEL_LH_P|EP5D,0.41047263,-0.11244257,3,2
2JEL_LH_P|EP5Q,0.7129768,-0.009727597,3,2
2JEL_LH_P|EP68A,0.41047263,0.016011596,3,2
2JEL_LH_P|EP75R,2.727121,0.011113793,3,2
2JEL_LH_P|EP83A,0.0,0.020017117,3,2
2JEL_LH_P|EP85A,0.0,0.14104111,3,2
2JEL_LH_P|EP85D,0.0,0.068207994,3,2
2JEL_LH_P|EP85K,0.0,0.13744631,3,2
2JEL_LH_P|EP85Q,0.0,0.064165056,3,2
2JEL_LH_P|FP2W,2.6191528,-0.104604244,3,2
2JEL_LH_P|FP2Y,0.0,-0.13859242,3,2
2JEL_LH_P|HP76A,-0.41047263,0.053751066,3,2
2JEL_LH_P|HP76D,-0.65058374,0.07420944,3,2
2JEL_LH_P|KP24E,0.0,0.049458064,3,2
2JEL_LH_P|KP27E,0.0,0.09749146,3,2
2JEL_LH_P|KP72E,0.41047263,-0.10693911,3,2
2JEL_LH_P|KP72R,0.0,-0.03974177,3,2
2JEL_LH_P|KP79E,0.41047263,-0.04600197,3,2
2JEL_LH_P|NP12D,0.0,-0.0704119,3,2
2JEL_LH_P|NP38T,0.0,-0.048554048,3,2
2JEL_LH_P|PP11E,0.0,-0.008316819,3,2
2JEL_LH_P|QP3K,4.0,0.009351268,3,2
2JEL_LH_P|QP4K,1.3635606,6.4991415e-05,3,2
2JEL_LH_P|QP57E,-0.41047263,0.04692217,3,2
2JEL_LH_P|QP71E,2.727121,-0.038599785,3,2
2JEL_LH_P|RP17G,0.0,0.02415818,3,2
2JEL_LH_P|RP17K,0.0,0.05690203,3,2
2JEL_LH_P|SP41C,1.4957032,0.07033414,3,2
2JEL_LH_P|SP43C,0.0,0.039404236,3,2
2JEL_LH_P|SP46C,0.0,0.040092297,3,2
2JEL_LH_P|SP64T,4.0,-0.05765941,3,2
2JEL_LH_P|TP34Q,0.0,0.08164461,3,2
2JEL_LH_P|TP36Q,0.41047263,0.050078027,3,2
2JEL_LH_P|TP62A,0.0,0.18541639,3,2
2JEL_LH_P|TP62N,0.0,0.113432676,3,2
2JEL_LH_P|TP7N,0.41047263,0.12352659,3,2
2JEL_LH_P|TP7S,0.0,0.032072797,3,2
2JEL_LH_P|VP6F,0.0,-0.032368526,3,2
"2NY7_HL_G|CG27I,CG226Q",0.19971907,-0.30405694,3,2
"2NY7_HL_G|CG27I,CG226Q,MG231A",0.20319231,-0.2473422,3,2
"2NY7_HL_G|GG229C,MG231A",-0.37879732,-0.049719773,3,2
"2NY7_HL_G|GG229C,WG13M,MG231A,CG14W,CG110V,CG27I,CG226Q",0.21462485,-0.82737124,3,2
"2NY7_HL_G|KG66C,EG102C,CG27I,CG226Q",0.04085667,-0.14699252,3,2
"2NY7_HL_G|KG66C,EG102C,WG13M,MG231A,CG14W,CG110V,CG27I,CG226Q",0.3998023,-0.25048855,3,2
"2NY7_HL_G|KG66C,EG103C,WG13M,MG231A,CG14W,CG110V,CG27I,CG226Q",0.29989544,-0.3804589,3,2
"2NY7_HL_G|WG13M,MG231A,CG14W,CG110V",1.1574335,-0.027042437,3,2
"2NY7_HL_G|WG13M,MG231A,CG14W,CG110V,CG27I,CG226Q",0.44904727,-0.44337147,3,2
"2NY7_HL_G|WG13M,MG231A,CG14W,CG110V,KG66C,EG102C",0.55101526,0.51799583,3,2
"2NY7_HL_G|WG13M,SG92T,WG181S,MG231A,CG14W,CG110V,CG27I,CG226Q",-0.3035898,-0.8841809,3,2
3BN9_B_CD|DB214A,0.5662115,-0.06292892,3,2
3BN9_B_CD|DB46A,0.42238826,0.0010429621,3,2
3BN9_B_CD|DB47A,0.31110755,0.02246783,3,2
3BN9_B_CD|EB163A,0.37321588,0.006013125,3,2
3BN9_B_CD|FB50A,-0.044997852,0.12439284,3,2
3BN9_B_CD|FB89A,0.6392419,0.1874352,3,2
3BN9_B_CD|HB138A,0.085063316,0.006804906,3,2
3BN9_B_CD|IB26A,0.0,0.22260441,3,2
3BN9_B_CD|IB45A,0.8352155,0.1440755,3,2
3BN9_B_CD|KB221A,0.7849689,0.26548493,3,2
3BN9_B_CD|LB147A,0.33619216,0.0029228628,3,2
3BN9_B_CD|NB90A,0.7733444,0.19568618,3,2
3BN9_B_CD|PD104H,2.4272547,-0.16009429,3,2
3BN9_B_CD|QB140A,0.1331048,-0.008043263,3,2
3BN9_B_CD|QB168A,-0.03469869,0.059924036,3,2
3BN9_B_CD|QB169A,2.5089848,0.09933488,3,2
3BN9_B_CD|QB218A,0.70571065,0.124556914,3,2
3BN9_B_CD|QB23A,-0.41530684,0.100091815,3,2
3BN9_B_CD|QD105V,1.2241027,-0.16189967,3,2
3BN9_B_CD|RB219A,-0.093698174,0.09826091,3,2
3BN9_B_CD|RB48A,-0.044997852,0.13095364,3,2
3BN9_B_CD|RB51A,-0.07155777,0.1790337,3,2
3BN9_B_CD|RB82A,-0.15923285,0.1879674,3,2
3BN9_B_CD|SD30G,1.1861069,-0.1271868,3,2
3BN9_B_CD|SD30N,1.145505,-0.021029316,3,2
3BN9_B_CD|TB144A,0.2908351,0.15026493,3,2
3BN9_B_CD|TB93A,1.1320528,0.16993687,3,2
3BN9_B_CD|TD102Q,-0.02153644,-0.14826187,3,2
3BN9_B_CD|TD102R,-0.058294915,-0.21742877,3,2
3BN9_B_CD|TD28R,0.33290586,-0.24361645,3,2
3BN9_B_CD|YB141A,1.0846525,-0.00057791173,3,2
3BN9_B_CD|YB52A,0.018951595,-0.004181549,3,2
3BN9_B_CD|YD103S,0.45868576,-0.012973823,3,2
4GXU_ABCDEF_MN|DA189E,2.1650882,0.06929621,3,2
"4GXU_ABCDEF_MN|DA189E,DA224G",3.0102077,0.12970352,3,2
4GXU_ABCDEF_MN|DA224G,1.9608781,-0.029409554,3,2
"1JRH_LH_I|AI49S,II51T,HI55D",0.070675574,-0.124244295,4,0
"1JRH_LH_I|AI85D,KI88R,EI90K",-0.047747865,0.05716479,4,0
"1JRH_LH_I|AI93L,VI94M",0.63366294,-0.052521028,4,0
1JRH_LH_I|DH56A,1.8860998,0.40333927,4,0
1JRH_LH_I|DH57A,1.6660647,0.46965864,4,0
1JRH_LH_I|DH58A,1.8546488,0.49356985,4,0
1JRH_LH_I|DL28A,0.43464687,0.39286214,4,0
1JRH_LH_I|EI35Q,0.09956847,-0.40478125,4,0
1JRH_LH_I|EI45A,-0.5657849,0.33195093,4,0
1JRH_LH_I|EI45P,-3.7881775,-0.0067696143,4,0
"1JRH_LH_I|EI45P,II47L",-3.4567804,0.43182012,4,0
"1JRH_LH_I|EI45P,II47R",-3.4400978,0.20248896,4,0
1JRH_LH_I|EL27A,0.5426153,0.38117656,4,0
1JRH_LH_I|FH103A,0.0,0.15009242,4,0
1JRH_LH_I|GI40A,4.0,0.5120202,4,0
1JRH_LH_I|HH107A,1.6977708,0.43789434,4,0
"1JRH_LH_I|II25N,PI27S,VI29T,VI31I",0.14370596,-1.196868,4,0
1JRH_LH_I|KI37A,3.713863,0.5612899,4,0
1JRH_LH_I|KI37M,3.2923293,0.34236613,4,0
1JRH_LH_I|KI42A,3.3858175,0.44689757,4,0
1JRH_LH_I|KI42M,4.0,0.39046633,4,0
1JRH_LH_I|KI88A,0.31209365,0.35693273,4,0
"1JRH_LH_I|MI15L,II18V",-0.21360606,0.76548266,4,0
1JRH_LH_I|NI38A,0.1704579,0.42784622,4,0
1JRH_LH_I|NI38Q,0.5344714,-0.06444964,4,0
1JRH_LH_I|NI43A,4.0,0.4887964,4,0
1JRH_LH_I|NI69A,-0.19953421,0.15955012,4,0
1JRH_LH_I|RH100A,0.5426153,-0.13848154,4,0
1JRH_LH_I|RI74A,0.3926171,0.70049584,4,0
1JRH_LH_I|SI44A,0.37771076,0.3827627,4,0
"1JRH_LH_I|SI44G,EI45G,II47R",-3.3777049,-0.09836039,4,0
"1JRH_LH_I|SI44G,EI45P,II47K",-3.884419,-0.22103463,4,0
"1JRH_LH_I|SI61Y,DI62E,HI63Q,VI64I,GI65M,DI66Y,SI68D,NI69V,LI71A",2.9588323,0.88299406,4,0
1JRH_LH_I|SL93A,-0.65058374,0.04199501,4,0
1JRH_LH_I|TI4V,-0.025565991,-0.36198288,4,0
"1JRH_LH_I|TI9L,EI11K",-0.025565991,0.5126901,4,0
1JRH_LH_I|TL94A,0.38526937,0.22010396,4,0
1JRH_LH_I|VI41A,1.6791569,0.20353585,4,0
"1JRH_LH_I|VI73A,RI78K",-0.21360606,0.083547786,4,0
1JRH_LH_I|WH54A,2.6862645,0.42157462,4,0
1JRH_LH_I|WH55A,2.4213178,0.34768957,4,0
1JRH_LH_I|WI46F,-0.25261214,0.09195352,4,0
1JRH_LH_I|WI46Y,0.29852974,0.066825755,4,0
1JRH_LH_I|WI72A,4.0,0.7102016,4,0
1JRH_LH_I|WI72F,1.102707,0.43263358,4,0
1JRH_LH_I|WI72Y,1.1878273,0.25141186,4,0
1JRH_LH_I|WL92A,2.818407,0.33452794,4,0
1JRH_LH_I|WL95A,1.6660647,0.22089148,4,0
1JRH_LH_I|YH104A,1.0610564,0.52082545,4,0
1JRH_LH_I|YH32A,1.4333102,0.62919,4,0
1JRH_LH_I|YH60A,1.2555921,0.40772918,4,0
1JRH_LH_I|YI39A,3.5271235,0.4735192,4,0
1JRH_LH_I|YI39F,0.9087807,0.26407424,4,0
1JRH_LH_I|YL30A,1.1084566,0.43953094,4,0
1JRH_LH_I|YL91A,0.58083415,0.24519314,4,0
1KIQ_AB_C|FB101Y,-2.4949589,-0.2705028,4,0
1XGR_AB_C|IB33A,2.260207,0.28947237,4,0
1XGR_AB_C|IB33F,-1.8004549,-0.049895544,4,0
1XGR_AB_C|IB33L,0.061315425,-0.24847335,4,0
1XGR_AB_C|IB33V,1.1076277,0.042437553,4,0
2BDN_HL_A|DH31E,1.0852306,-0.19576287,4,0
2BDN_HL_A|LH27K,0.8740124,0.1534261,4,0
2BDN_HL_A|LH27R,0.65058374,0.11460662,4,0
2BDN_HL_A|NH28D,0.13214268,-0.39747494,4,0
2BDN_HL_A|NH28Q,1.3994616,-0.39327112,4,0
2BDN_HL_A|NL31K,3.4897714,0.116129026,4,0
2BDN_HL_A|NL31R,-0.9171868,0.027616197,4,0
2BDN_HL_A|SL53D,-0.1605731,-0.48743957,4,0
2BDN_HL_A|SL53E,-0.85132045,-0.46932045,4,0
2BDN_HL_A|TL56D,-0.4254655,-0.27392066,4,0
2BDN_HL_A|TL56E,-0.6888026,-0.34144485,4,0
2BDN_HL_A|YL30K,0.67475796,0.23798563,4,0
2NYY_DC_A|DA1030A,0.009336901,0.25360852,4,0
2NYY_DC_A|DA1034A,2.5297937,0.17112926,4,0
2NYY_DC_A|DC30Y,0.64113563,0.05081267,4,0
2NYY_DC_A|EA892A,2.839132,0.11650962,4,0
2NYY_DC_A|ED5Q,-0.2479871,0.13247117,4,0
2NYY_DC_A|FA889A,0.4193659,0.05488521,4,0
2NYY_DC_A|FA925A,4.0,0.37374905,4,0
2NYY_DC_A|HA1036A,4.0,0.37809837,4,0
2NYY_DC_A|HC34R,0.10088469,0.3510737,4,0
2NYY_DC_A|IA928A,-0.009487502,0.22084849,4,0
2NYY_DC_A|KA1028A,-0.028934313,0.4538442,4,0
2NYY_DC_A|KA875A,0.29098648,0.38011798,4,0
2NYY_DC_A|KA895A,-0.14014584,0.38438734,4,0
2NYY_DC_A|KD29R,0.071385965,0.04859446,4,0
"2NYY_DC_A|KD29S,YD30D,DD31H,SD60P",0.04961051,0.7823267,4,0
2NYY_DC_A|LA891A,2.5892105,0.22050242,4,0
2NYY_DC_A|MD33Q,-0.059869844,-0.034164798,4,0
2NYY_DC_A|NA890A,0.89044046,0.2162226,4,0
2NYY_DC_A|NA926A,0.09934822,0.3375732,4,0
2NYY_DC_A|QA887A,0.5208145,0.26269612,4,0
2NYY_DC_A|RA1033A,0.82012254,0.37189898,4,0
2NYY_DC_A|RA1266A,0.2995321,0.20594083,4,0
2NYY_DC_A|SA874A,-0.23032175,0.24032517,4,0
2NYY_DC_A|SA927A,0.0,0.3408475,4,0
2NYY_DC_A|SC28Q,0.4133828,-0.34411192,4,0
2NYY_DC_A|SC31N,-0.35338265,0.15870857,4,0
2NYY_DC_A|TA1035A,1.630871,0.23119198,4,0
2NYY_DC_A|VD36I,-0.21317148,-0.03116659,4,0
"2NYY_DC_A|VD36I,ED5Q",-0.0490461,0.11527878,4,0
2NYY_DC_A|YD30D,0.06462482,0.1972951,4,0
2NYY_DC_A|YD30Q,0.12897444,0.19068159,4,0
2NYY_DC_A|YD56Q,0.5196862,-0.04205979,4,0
2NZ9_DC_A|DA1030A,-0.031082604,0.26402608,4,0
2NZ9_DC_A|DA1034A,2.3396032,0.17285118,4,0
2NZ9_DC_A|EA892A,2.77036,0.12660293,4,0
2NZ9_DC_A|FA889A,-0.04961051,0.057958253,4,0
2NZ9_DC_A|FA925A,3.340439,0.36859912,4,0
2NZ9_DC_A|HA1036A,4.0,0.37302804,4,0
2NZ9_DC_A|IA928A,0.069281444,0.21977955,4,0
2NZ9_DC_A|KA1028A,-0.008714417,0.45511597,4,0
2NZ9_DC_A|KA875A,0.5407011,0.38070998,4,0
2NZ9_DC_A|KA895A,-0.29975358,0.3766967,4,0
2NZ9_DC_A|LA891A,2.279965,0.21970123,4,0
2NZ9_DC_A|NA890A,2.1600318,0.21175148,4,0
2NZ9_DC_A|NA926A,-0.15216734,0.3332924,4,0
2NZ9_DC_A|QA887A,0.09926054,0.26027477,4,0
2NZ9_DC_A|RA1033A,0.29088098,0.3614973,4,0
2NZ9_DC_A|RA1266A,0.39015788,0.19170968,4,0
2NZ9_DC_A|SA874A,-0.11948046,0.22944014,4,0
2NZ9_DC_A|SA927A,-0.078544825,0.3439859,4,0
"2NZ9_DC_A|SD29K,DD30Y,HD31D",-0.04961051,-0.7517838,4,0
2NZ9_DC_A|TA1035A,2.3703818,0.23087393,4,0
2VIS_AB_C|IC89T,-4.0,-0.18547508,4,0
"3BE1_HL_A|DL28N,PL30A,RL31K,SL32T,TL97S,TL98S",-0.6860794,0.60959727,4,0
"3BE1_HL_A|DL28N,PL30A,RL31K,SL32T,TL97S,TL98S,KH30S,DH31G,TH54S,NH55E,GH100V,DH102V",-2.7728782,-0.1217554,4,0
"3BE1_HL_A|DL28N,PL30A,RL31K,SL32T,TL97S,TL98S,KH30S,DH31G,TH54S,NH55E,GH100V,DH102V,YL36A",-3.190238,1.4546994,4,0
"3BE1_HL_A|DL28N,PL30A,RL31K,SL32T,TL97S,TL98S,KH30S,DH31G,TH54S,NH55E,GH100V,DH102V,YL36A,IL33A",-2.7728782,1.557002,4,0
"3BE1_HL_A|DL28N,PL30A,RL31K,SL32T,YL57F,TL97S,TL98S",-0.8683455,1.0261304,4,0
"3BE1_HL_A|DL28N,PL30A,RL31K,SL32T,YL57F,TL97S,TL98S,KH30S,DH31G,TH54S,NH55E,GH100V,DH102V",-2.8824897,0.091228984,4,0
3LZF_AB_HL|DA187E,0.49836498,0.2717654,4,0
"3LZF_AB_HL|DA187E,DA222G",0.12738612,0.92069024,4,0
3LZF_AB_HL|DA222G,0.5378587,0.43103024,4,0
3NGB_HL_G|AH57G,-0.056030333,-0.28118604,4,0
"3NGB_HL_G|AH57G,VH58T,PH63K,VH74T",1.6734211,0.59865063,4,0
"3NGB_HL_G|CH32S,CH102A",0.25899792,0.36508462,4,0
3NGB_HL_G|DH103A,0.05987142,0.21995461,4,0
3NGB_HL_G|EL88A,1.3199503,0.09780879,4,0
3NGB_HL_G|FL89A,0.85886127,-0.007798305,4,0
3NGB_HL_G|GH55A,-1.2766591,0.2368405,4,0
3NGB_HL_G|GH55S,0.74304354,0.1483918,4,0
3NGB_HL_G|GH56A,1.2656107,0.16736698,4,0
3NGB_HL_G|IH30A,-0.0027431613,0.313688,4,0
3NGB_HL_G|IH30T,0.0733938,0.15991339,4,0
"3NGB_HL_G|IH30T,KH52N,RH54N,GH55S,AH57G,VH58T,RH62Q,PH63K,VH74T,YH75S,YL26S",0.86214453,2.0373502,4,0
3NGB_HL_G|KH52A,0.62288266,-0.0033225045,4,0
3NGB_HL_G|KH52N,0.17497002,-0.02989085,4,0
3NGB_HL_G|MH70A,0.5305512,0.2913908,4,0
3NGB_HL_G|NH105A,1.1185741,0.030663198,4,0
3NGB_HL_G|NH59A,1.7671243,0.18401894,4,0
3NGB_HL_G|PH63A,-0.04252045,0.0077392813,4,0
3NGB_HL_G|PH63K,0.23252328,0.094322324,4,0
3NGB_HL_G|QH65A,-0.34038836,0.23952357,4,0
3NGB_HL_G|QL25A,-0.23060839,0.39909178,4,0
3NGB_HL_G|RH54A,-0.25938424,0.16269873,4,0
3NGB_HL_G|RH54N,0.04645046,-0.027456388,4,0
3NGB_HL_G|RH62A,0.9958448,0.13604017,4,0
3NGB_HL_G|RH62Q,0.09654992,-0.06138599,4,0
3NGB_HL_G|RH72A,1.6432176,-0.23280966,4,0
3NGB_HL_G|SL28A,-0.14471176,0.25283778,4,0
3NGB_HL_G|TH33A,0.7071634,0.07031364,4,0
3NGB_HL_G|TH33Y,0.084193856,-0.28049248,4,0
"3NGB_HL_G|TH33Y,GH56S,AH57G,VH58T,PH63K,VH74T,YH75S",1.9381938,0.9157216,4,0
3NGB_HL_G|VH58A,1.3584284,0.43672585,4,0
3NGB_HL_G|VH58T,0.13787223,0.31562436,4,0
3NGB_HL_G|VH74A,1.087914,0.38585523,4,0
3NGB_HL_G|VH74T,0.16493925,0.21962029,4,0
3NGB_HL_G|VL1A,-0.7733632,0.28777254,4,0
3NGB_HL_G|WH106A,4.0,0.40034214,4,0
3NGB_HL_G|WH47A,1.2021707,0.1274333,4,0
3NGB_HL_G|WH50A,1.2917941,0.22545461,4,0
3NGB_HL_G|YH104A,1.4235861,0.34379858,4,0
3NGB_HL_G|YH60A,0.5484263,0.18640952,4,0
3NGB_HL_G|YH75A,-0.19932224,0.56203675,4,0
3NGB_HL_G|YH75S,0.3325709,0.49284428,4,0
3NGB_HL_G|YL26A,0.98528093,0.2972813,4,0
3NGB_HL_G|YL26S,0.6512687,0.221254,4,0
3NGB_HL_G|YL87A,2.0227883,0.047093958,4,0
4JPK_HL_A|DA141R,3.857323,-0.24584225,4,0
"4JPK_HL_A|DA159N,DA33N",0.6189681,0.70482665,4,0
4JPK_HL_A|FA144I,1.3875175,0.3693556,4,0
4JPK_HL_A|FA63L,1.1672868,-0.07644094,4,0
4JPK_HL_A|RA130K,0.23006605,-0.103558555,4,0
4JPK_HL_A|RA81T,0.75870305,0.4927727,4,0
4JPK_HL_A|SA41G,2.151695,-0.422466,4,0
4JPK_HL_A|TA35S,-0.032093357,-0.43217203,4,0
4JPK_HL_A|VA30N,0.59459484,0.15657187,4,0
"1JRH_LH_I|AI49S,II51T,HI55D",0.070675574,-0.3210181,4,1
"1JRH_LH_I|AI85D,KI88R,EI90K",-0.047747865,-0.6733109,4,1
"1JRH_LH_I|AI93L,VI94M",0.63366294,0.07842257,4,1
1JRH_LH_I|DH56A,1.8860998,1.639456,4,1
1JRH_LH_I|DH57A,1.6660647,1.8990533,4,1
1JRH_LH_I|DH58A,1.8546488,1.641793,4,1
1JRH_LH_I|DL28A,0.43464687,1.4499398,4,1
1JRH_LH_I|EI35Q,0.09956847,-0.1179528,4,1
1JRH_LH_I|EI45A,-0.5657849,0.45126095,4,1
1JRH_LH_I|EI45P,-3.7881775,0.26423675,4,1
"1JRH_LH_I|EI45P,II47L",-3.4567804,0.6567563,4,1
"1JRH_LH_I|EI45P,II47R",-3.4400978,0.48045444,4,1
1JRH_LH_I|EL27A,0.5426153,0.9450552,4,1
1JRH_LH_I|FH103A,0.0,0.45446363,4,1
1JRH_LH_I|GI40A,4.0,1.1509447,4,1
1JRH_LH_I|HH107A,1.6977708,0.21657942,4,1
"1JRH_LH_I|II25N,PI27S,VI29T,VI31I",0.14370596,-0.2732964,4,1
1JRH_LH_I|KI37A,3.713863,0.44371244,4,1
1JRH_LH_I|KI37M,3.2923293,0.08309906,4,1
1JRH_LH_I|KI42A,3.3858175,0.75339025,4,1
1JRH_LH_I|KI42M,4.0,0.19200407,4,1
1JRH_LH_I|KI88A,0.31209365,0.5052322,4,1
"1JRH_LH_I|MI15L,II18V",-0.21360606,0.8944633,4,1
1JRH_LH_I|NI38A,0.1704579,0.40351674,4,1
1JRH_LH_I|NI38Q,0.5344714,-0.38266256,4,1
1JRH_LH_I|NI43A,4.0,0.1858482,4,1
1JRH_LH_I|NI69A,-0.19953421,-0.26122573,4,1
1JRH_LH_I|RH100A,0.5426153,1.3287754,4,1
1JRH_LH_I|RI74A,0.3926171,0.5335437,4,1
1JRH_LH_I|SI44A,0.37771076,0.59106535,4,1
"1JRH_LH_I|SI44G,EI45G,II47R",-3.3777049,-0.08948029,4,1
"1JRH_LH_I|SI44G,EI45P,II47K",-3.884419,0.0059323353,4,1
"1JRH_LH_I|SI61Y,DI62E,HI63Q,VI64I,GI65M,DI66Y,SI68D,NI69V,LI71A",2.9588323,1.5750378,4,1
1JRH_LH_I|SL93A,-0.65058374,0.2664045,4,1
1JRH_LH_I|TI4V,-0.025565991,-0.48876268,4,1
"1JRH_LH_I|TI9L,EI11K",-0.025565991,0.32898054,4,1
1JRH_LH_I|TL94A,0.38526937,0.39374715,4,1
1JRH_LH_I|VI41A,1.6791569,0.6230707,4,1
"1JRH_LH_I|VI73A,RI78K",-0.21360606,-0.22373225,4,1
1JRH_LH_I|WH54A,2.6862645,2.2143495,4,1
1JRH_LH_I|WH55A,2.4213178,1.1317401,4,1
1JRH_LH_I|WI46F,-0.25261214,0.18256436,4,1
1JRH_LH_I|WI46Y,0.29852974,-0.047554217,4,1
1JRH_LH_I|WI72A,4.0,1.4378406,4,1
1JRH_LH_I|WI72F,1.102707,0.19708571,4,1
1JRH_LH_I|WI72Y,1.1878273,-0.35200065,4,1
1JRH_LH_I|WL92A,2.818407,0.6632131,4,1
1JRH_LH_I|WL95A,1.6660647,0.48835817,4,1
1JRH_LH_I|YH104A,1.0610564,0.99088264,4,1
1JRH_LH_I|YH32A,1.4333102,1.462737,4,1
1JRH_LH_I|YH60A,1.2555921,1.7007052,4,1
1JRH_LH_I|YI39A,3.5271235,2.0040278,4,1
1JRH_LH_I|YI39F,0.9087807,0.65229756,4,1
1JRH_LH_I|YL30A,1.1084566,1.7467331,4,1
1JRH_LH_I|YL91A,0.58083415,1.8366618,4,1
1KIQ_AB_C|FB101Y,-2.4949589,-0.55222785,4,1
1XGR_AB_C|IB33A,2.260207,1.8858491,4,1
1XGR_AB_C|IB33F,-1.8004549,-0.25722498,4,1
1XGR_AB_C|IB33L,0.061315425,0.07284586,4,1
1XGR_AB_C|IB33V,1.1076277,0.8375026,4,1
2BDN_HL_A|DH31E,1.0852306,0.10769597,4,1
2BDN_HL_A|LH27K,0.8740124,0.1198103,4,1
2BDN_HL_A|LH27R,0.65058374,0.09008065,4,1
2BDN_HL_A|NH28D,0.13214268,-0.4595721,4,1
2BDN_HL_A|NH28Q,1.3994616,0.16521043,4,1
2BDN_HL_A|NL31K,3.4897714,0.28746235,4,1
2BDN_HL_A|NL31R,-0.9171868,0.4828757,4,1
2BDN_HL_A|SL53D,-0.1605731,-0.96561694,4,1
2BDN_HL_A|SL53E,-0.85132045,-0.59439296,4,1
2BDN_HL_A|TL56D,-0.4254655,-0.5199881,4,1
2BDN_HL_A|TL56E,-0.6888026,-0.19520728,4,1
2BDN_HL_A|YL30K,0.67475796,0.48146746,4,1
2NYY_DC_A|DA1030A,0.009336901,0.23028402,4,1
2NYY_DC_A|DA1034A,2.5297937,0.61728466,4,1
2NYY_DC_A|DC30Y,0.64113563,-0.009480827,4,1
2NYY_DC_A|EA892A,2.839132,0.42850944,4,1
2NYY_DC_A|ED5Q,-0.2479871,0.1615949,4,1
2NYY_DC_A|FA889A,0.4193659,0.90924555,4,1
2NYY_DC_A|FA925A,4.0,1.3421975,4,1
2NYY_DC_A|HA1036A,4.0,0.99384004,4,1
2NYY_DC_A|HC34R,0.10088469,-0.06210984,4,1
2NYY_DC_A|IA928A,-0.009487502,0.7228198,4,1
2NYY_DC_A|KA1028A,-0.028934313,0.4154722,4,1
2NYY_DC_A|KA875A,0.29098648,0.6416015,4,1
2NYY_DC_A|KA895A,-0.14014584,0.34779853,4,1
2NYY_DC_A|KD29R,0.071385965,0.22566709,4,1
"2NYY_DC_A|KD29S,YD30D,DD31H,SD60P",0.04961051,1.7210733,4,1
2NYY_DC_A|LA891A,2.5892105,0.49595925,4,1
2NYY_DC_A|MD33Q,-0.059869844,0.35566148,4,1
2NYY_DC_A|NA890A,0.89044046,-0.023775505,4,1
2NYY_DC_A|NA926A,0.09934822,0.32893524,4,1
2NYY_DC_A|QA887A,0.5208145,0.3730403,4,1
2NYY_DC_A|RA1033A,0.82012254,0.64381975,4,1
2NYY_DC_A|RA1266A,0.2995321,0.67965674,4,1
2NYY_DC_A|SA874A,-0.23032175,0.84509873,4,1
2NYY_DC_A|SA927A,0.0,0.61480296,4,1
2NYY_DC_A|SC28Q,0.4133828,0.16836637,4,1
2NYY_DC_A|SC31N,-0.35338265,-0.34426242,4,1
2NYY_DC_A|TA1035A,1.630871,0.34214082,4,1
2NYY_DC_A|VD36I,-0.21317148,-0.22248563,4,1
"2NYY_DC_A|VD36I,ED5Q",-0.0490461,-0.11828572,4,1
2NYY_DC_A|YD30D,0.06462482,0.62243444,4,1
2NYY_DC_A|YD30Q,0.12897444,1.0989871,4,1
2NYY_DC_A|YD56Q,0.5196862,0.7898836,4,1
2NZ9_DC_A|DA1030A,-0.031082604,0.23436213,4,1
2NZ9_DC_A|DA1034A,2.3396032,0.6440128,4,1
2NZ9_DC_A|EA892A,2.77036,0.45340878,4,1
2NZ9_DC_A|FA889A,-0.04961051,0.9100191,4,1
2NZ9_DC_A|FA925A,3.340439,1.332459,4,1
2NZ9_DC_A|HA1036A,4.0,1.007494,4,1
2NZ9_DC_A|IA928A,0.069281444,0.7163109,4,1
2NZ9_DC_A|KA1028A,-0.008714417,0.41899607,4,1
2NZ9_DC_A|KA875A,0.5407011,0.63661814,4,1
2NZ9_DC_A|KA895A,-0.29975358,0.32136333,4,1
2NZ9_DC_A|LA891A,2.279965,0.47886446,4,1
2NZ9_DC_A|NA890A,2.1600318,-0.038991276,4,1
2NZ9_DC_A|NA926A,-0.15216734,0.3371787,4,1
2NZ9_DC_A|QA887A,0.09926054,0.37025687,4,1
2NZ9_DC_A|RA1033A,0.29088098,0.6335237,4,1
2NZ9_DC_A|RA1266A,0.39015788,0.67798996,4,1
2NZ9_DC_A|SA874A,-0.11948046,0.82348967,4,1
2NZ9_DC_A|SA927A,-0.078544825,0.61590844,4,1
"2NZ9_DC_A|SD29K,DD30Y,HD31D",-0.04961051,-1.2541225,4,1
2NZ9_DC_A|TA1035A,2.3703818,0.30619013,4,1
2VIS_AB_C|IC89T,-4.0,0.060254823,4,1
"3BE1_HL_A|DL28N,PL30A,RL31K,SL32T,TL97S,TL98S",-0.6860794,-0.6887197,4,1
"3BE1_HL_A|DL28N,PL30A,RL31K,SL32T,TL97S,TL98S,KH30S,DH31G,TH54S,NH55E,GH100V,DH102V",-2.7728782,-2.1435077,4,1
"3BE1_HL_A|DL28N,PL30A,RL31K,SL32T,TL97S,TL98S,KH30S,DH31G,TH54S,NH55E,GH100V,DH102V,YL36A",-3.190238,1.9987572,4,1
"3BE1_HL_A|DL28N,PL30A,RL31K,SL32T,TL97S,TL98S,KH30S,DH31G,TH54S,NH55E,GH100V,DH102V,YL36A,IL33A",-2.7728782,2.3660614,4,1
"3BE1_HL_A|DL28N,PL30A,RL31K,SL32T,YL57F,TL97S,TL98S",-0.8683455,-0.91559607,4,1
"3BE1_HL_A|DL28N,PL30A,RL31K,SL32T,YL57F,TL97S,TL98S,KH30S,DH31G,TH54S,NH55E,GH100V,DH102V",-2.8824897,-2.2822926,4,1
3LZF_AB_HL|DA187E,0.49836498,0.33976442,4,1
"3LZF_AB_HL|DA187E,DA222G",0.12738612,0.700156,4,1
3LZF_AB_HL|DA222G,0.5378587,0.3860835,4,1
3NGB_HL_G|AH57G,-0.056030333,-1.4392885,4,1
"3NGB_HL_G|AH57G,VH58T,PH63K,VH74T",1.6734211,-1.9007852,4,1
"3NGB_HL_G|CH32S,CH102A",0.25899792,1.3941352,4,1
3NGB_HL_G|DH103A,0.05987142,0.7964903,4,1
3NGB_HL_G|EL88A,1.3199503,0.69154185,4,1
3NGB_HL_G|FL89A,0.85886127,0.8288067,4,1
3NGB_HL_G|GH55A,-1.2766591,1.5885408,4,1
3NGB_HL_G|GH55S,0.74304354,0.7669749,4,1
3NGB_HL_G|GH56A,1.2656107,1.0417382,4,1
3NGB_HL_G|IH30A,-0.0027431613,1.1199255,4,1
3NGB_HL_G|IH30T,0.0733938,-0.00016194768,4,1
"3NGB_HL_G|IH30T,KH52N,RH54N,GH55S,AH57G,VH58T,RH62Q,PH63K,VH74T,YH75S,YL26S",0.86214453,0.7266279,4,1
3NGB_HL_G|KH52A,0.62288266,0.911685,4,1
3NGB_HL_G|KH52N,0.17497002,-0.19221604,4,1
3NGB_HL_G|MH70A,0.5305512,1.1151266,4,1
3NGB_HL_G|NH105A,1.1185741,0.61921716,4,1
3NGB_HL_G|NH59A,1.7671243,1.2349478,4,1
3NGB_HL_G|PH63A,-0.04252045,0.0884049,4,1
3NGB_HL_G|PH63K,0.23252328,-0.31689516,4,1
3NGB_HL_G|QH65A,-0.34038836,0.8646323,4,1
3NGB_HL_G|QL25A,-0.23060839,0.678683,4,1
3NGB_HL_G|RH54A,-0.25938424,0.8255254,4,1
3NGB_HL_G|RH54N,0.04645046,-0.04696246,4,1
3NGB_HL_G|RH62A,0.9958448,0.65742266,4,1
3NGB_HL_G|RH62Q,0.09654992,0.204877,4,1
3NGB_HL_G|RH72A,1.6432176,0.7411057,4,1
3NGB_HL_G|SL28A,-0.14471176,1.0057781,4,1
3NGB_HL_G|TH33A,0.7071634,1.3264041,4,1
3NGB_HL_G|TH33Y,0.084193856,-0.8085372,4,1
"3NGB_HL_G|TH33Y,GH56S,AH57G,VH58T,PH63K,VH74T,YH75S",1.9381938,-1.3004098,4,1
3NGB_HL_G|VH58A,1.3584284,0.61233765,4,1
3NGB_HL_G|VH58T,0.13787223,-0.085315436,4,1
3NGB_HL_G|VH74A,1.087914,0.8270254,4,1
3NGB_HL_G|VH74T,0.16493925,0.16126668,4,1
3NGB_HL_G|VL1A,-0.7733632,0.45869216,4,1
3NGB_HL_G|WH106A,4.0,0.7640168,4,1
3NGB_HL_G|WH47A,1.2021707,1.1306626,4,1
3NGB_HL_G|WH50A,1.2917941,1.6114641,4,1
3NGB_HL_G|YH104A,1.4235861,0.789189,4,1
3NGB_HL_G|YH60A,0.5484263,1.1968123,4,1
3NGB_HL_G|YH75A,-0.19932224,0.88508576,4,1
3NGB_HL_G|YH75S,0.3325709,0.7670428,4,1
3NGB_HL_G|YL26A,0.98528093,1.5925633,4,1
3NGB_HL_G|YL26S,0.6512687,0.8621544,4,1
3NGB_HL_G|YL87A,2.0227883,1.37239,4,1
4JPK_HL_A|DA141R,3.857323,-0.057814922,4,1
"4JPK_HL_A|DA159N,DA33N",0.6189681,0.9668445,4,1
4JPK_HL_A|FA144I,1.3875175,0.4832394,4,1
4JPK_HL_A|FA63L,1.1672868,0.86724484,4,1
4JPK_HL_A|RA130K,0.23006605,0.29661918,4,1
4JPK_HL_A|RA81T,0.75870305,0.35126463,4,1
4JPK_HL_A|SA41G,2.151695,-0.04765861,4,1
4JPK_HL_A|TA35S,-0.032093357,-0.25872695,4,1
4JPK_HL_A|VA30N,0.59459484,0.38828492,4,1
"1JRH_LH_I|AI49S,II51T,HI55D",0.070675574,-0.1195279,4,2
"1JRH_LH_I|AI85D,KI88R,EI90K",-0.047747865,-0.17080411,4,2
"1JRH_LH_I|AI93L,VI94M",0.63366294,-0.22460797,4,2
1JRH_LH_I|DH56A,1.8860998,0.4163664,4,2
1JRH_LH_I|DH57A,1.6660647,0.43624774,4,2
1JRH_LH_I|DH58A,1.8546488,0.49330643,4,2
1JRH_LH_I|DL28A,0.43464687,0.35101295,4,2
1JRH_LH_I|EI35Q,0.09956847,-0.29808122,4,2
1JRH_LH_I|EI45A,-0.5657849,0.18573767,4,2
1JRH_LH_I|EI45P,-3.7881775,0.053706884,4,2
"1JRH_LH_I|EI45P,II47L",-3.4567804,0.2930141,4,2
"1JRH_LH_I|EI45P,II47R",-3.4400978,0.14891341,4,2
1JRH_LH_I|EL27A,0.5426153,0.4028271,4,2
1JRH_LH_I|FH103A,0.0,0.29288867,4,2
1JRH_LH_I|GI40A,4.0,0.06793106,4,2
1JRH_LH_I|HH107A,1.6977708,0.3422772,4,2
"1JRH_LH_I|II25N,PI27S,VI29T,VI31I",0.14370596,-0.7290547,4,2
1JRH_LH_I|KI37A,3.713863,0.27661747,4,2
1JRH_LH_I|KI37M,3.2923293,0.17438376,4,2
1JRH_LH_I|KI42A,3.3858175,0.20579213,4,2
1JRH_LH_I|KI42M,4.0,0.20779645,4,2
1JRH_LH_I|KI88A,0.31209365,0.25579777,4,2
"1JRH_LH_I|MI15L,II18V",-0.21360606,0.3513437,4,2
1JRH_LH_I|NI38A,0.1704579,-0.022365332,4,2
1JRH_LH_I|NI38Q,0.5344714,-0.2695098,4,2
1JRH_LH_I|NI43A,4.0,0.18026257,4,2
1JRH_LH_I|NI69A,-0.19953421,0.093739204,4,2
1JRH_LH_I|RH100A,0.5426153,0.07324549,4,2
1JRH_LH_I|RI74A,0.3926171,0.3554809,4,2
1JRH_LH_I|SI44A,0.37771076,0.19320351,4,2
"1JRH_LH_I|SI44G,EI45G,II47R",-3.3777049,0.35064897,4,2
"1JRH_LH_I|SI44G,EI45P,II47K",-3.884419,0.42582485,4,2
"1JRH_LH_I|SI61Y,DI62E,HI63Q,VI64I,GI65M,DI66Y,SI68D,NI69V,LI71A",2.9588323,0.20709226,4,2
1JRH_LH_I|SL93A,-0.65058374,0.08684828,4,2
1JRH_LH_I|TI4V,-0.025565991,-0.02657038,4,2
"1JRH_LH_I|TI9L,EI11K",-0.025565991,0.023352519,4,2
1JRH_LH_I|TL94A,0.38526937,0.17824918,4,2
1JRH_LH_I|VI41A,1.6791569,0.0658929,4,2
"1JRH_LH_I|VI73A,RI78K",-0.21360606,-0.15367511,4,2
1JRH_LH_I|WH54A,2.6862645,0.23063186,4,2
1JRH_LH_I|WH55A,2.4213178,0.35113105,4,2
1JRH_LH_I|WI46F,-0.25261214,-0.1962628,4,2
1JRH_LH_I|WI46Y,0.29852974,-0.17147648,4,2
1JRH_LH_I|WI72A,4.0,0.36291832,4,2
1JRH_LH_I|WI72F,1.102707,0.07831172,4,2
1JRH_LH_I|WI72Y,1.1878273,0.06806486,4,2
1JRH_LH_I|WL92A,2.818407,0.24242777,4,2
1JRH_LH_I|WL95A,1.6660647,0.2704035,4,2
1JRH_LH_I|YH104A,1.0610564,0.6729258,4,2
1JRH_LH_I|YH32A,1.4333102,0.6100143,4,2
1JRH_LH_I|YH60A,1.2555921,0.6504704,4,2
1JRH_LH_I|YI39A,3.5271235,0.34321523,4,2
1JRH_LH_I|YI39F,0.9087807,0.043813422,4,2
1JRH_LH_I|YL30A,1.1084566,0.56546766,4,2
1JRH_LH_I|YL91A,0.58083415,0.5248384,4,2
1KIQ_AB_C|FB101Y,-2.4949589,-0.23571,4,2
1XGR_AB_C|IB33A,2.260207,0.47434458,4,2
1XGR_AB_C|IB33F,-1.8004549,-0.099514805,4,2
1XGR_AB_C|IB33L,0.061315425,-0.07435877,4,2
1XGR_AB_C|IB33V,1.1076277,0.07279784,4,2
2BDN_HL_A|DH31E,1.0852306,-0.15971264,4,2
2BDN_HL_A|LH27K,0.8740124,0.053141408,4,2
2BDN_HL_A|LH27R,0.65058374,-0.026535012,4,2
2BDN_HL_A|NH28D,0.13214268,-0.3344945,4,2
2BDN_HL_A|NH28Q,1.3994616,-0.1845081,4,2
2BDN_HL_A|NL31K,3.4897714,0.04536061,4,2
2BDN_HL_A|NL31R,-0.9171868,-0.10393876,4,2
2BDN_HL_A|SL53D,-0.1605731,-0.48941973,4,2
2BDN_HL_A|SL53E,-0.85132045,-0.48948562,4,2
2BDN_HL_A|TL56D,-0.4254655,-0.3102088,4,2
2BDN_HL_A|TL56E,-0.6888026,-0.25288436,4,2
2BDN_HL_A|YL30K,0.67475796,0.44362924,4,2
2NYY_DC_A|DA1030A,0.009336901,0.24722359,4,2
2NYY_DC_A|DA1034A,2.5297937,0.21507266,4,2
2NYY_DC_A|DC30Y,0.64113563,-0.06048888,4,2
2NYY_DC_A|EA892A,2.839132,0.07574452,4,2
2NYY_DC_A|ED5Q,-0.2479871,0.020273782,4,2
2NYY_DC_A|FA889A,0.4193659,0.07976513,4,2
2NYY_DC_A|FA925A,4.0,0.19714946,4,2
2NYY_DC_A|HA1036A,4.0,0.1592615,4,2
2NYY_DC_A|HC34R,0.10088469,0.15566278,4,2
2NYY_DC_A|IA928A,-0.009487502,0.10068708,4,2
2NYY_DC_A|KA1028A,-0.028934313,0.24241766,4,2
2NYY_DC_A|KA875A,0.29098648,0.19120881,4,2
2NYY_DC_A|KA895A,-0.14014584,0.2297929,4,2
2NYY_DC_A|KD29R,0.071385965,-0.14758945,4,2
"2NYY_DC_A|KD29S,YD30D,DD31H,SD60P",0.04961051,0.7719609,4,2
2NYY_DC_A|LA891A,2.5892105,0.0801067,4,2
2NYY_DC_A|MD33Q,-0.059869844,0.06814108,4,2
2NYY_DC_A|NA890A,0.89044046,0.0881988,4,2
2NYY_DC_A|NA926A,0.09934822,0.11753056,4,2
2NYY_DC_A|QA887A,0.5208145,0.29334956,4,2
2NYY_DC_A|RA1033A,0.82012254,0.18874618,4,2
2NYY_DC_A|RA1266A,0.2995321,0.1352022,4,2
2NYY_DC_A|SA874A,-0.23032175,0.25189906,4,2
2NYY_DC_A|SA927A,0.0,0.22823393,4,2
2NYY_DC_A|SC28Q,0.4133828,-0.12429972,4,2
2NYY_DC_A|SC31N,-0.35338265,0.049331374,4,2
2NYY_DC_A|TA1035A,1.630871,0.026766524,4,2
2NYY_DC_A|VD36I,-0.21317148,-0.21668914,4,2
"2NYY_DC_A|VD36I,ED5Q",-0.0490461,-0.18536249,4,2
2NYY_DC_A|YD30D,0.06462482,0.28089595,4,2
2NYY_DC_A|YD30Q,0.12897444,0.37677565,4,2
2NYY_DC_A|YD56Q,0.5196862,0.29487848,4,2
2NZ9_DC_A|DA1030A,-0.031082604,0.25268272,4,2
2NZ9_DC_A|DA1034A,2.3396032,0.2109009,4,2
2NZ9_DC_A|EA892A,2.77036,0.07893858,4,2
2NZ9_DC_A|FA889A,-0.04961051,0.07074591,4,2
2NZ9_DC_A|FA925A,3.340439,0.20328227,4,2
2NZ9_DC_A|HA1036A,4.0,0.16295925,4,2
2NZ9_DC_A|IA928A,0.069281444,0.10793754,4,2
2NZ9_DC_A|KA1028A,-0.008714417,0.24035648,4,2
2NZ9_DC_A|KA875A,0.5407011,0.1913355,4,2
2NZ9_DC_A|KA895A,-0.29975358,0.22760412,4,2
2NZ9_DC_A|LA891A,2.279965,0.07672534,4,2
2NZ9_DC_A|NA890A,2.1600318,0.08947795,4,2
2NZ9_DC_A|NA926A,-0.15216734,0.11067062,4,2
2NZ9_DC_A|QA887A,0.09926054,0.29071072,4,2
2NZ9_DC_A|RA1033A,0.29088098,0.19262612,4,2
2NZ9_DC_A|RA1266A,0.39015788,0.13377416,4,2
2NZ9_DC_A|SA874A,-0.11948046,0.24115452,4,2
2NZ9_DC_A|SA927A,-0.078544825,0.22927508,4,2
"2NZ9_DC_A|SD29K,DD30Y,HD31D",-0.04961051,-0.60637033,4,2
2NZ9_DC_A|TA1035A,2.3703818,0.026594296,4,2
2VIS_AB_C|IC89T,-4.0,-0.08095339,4,2
"3BE1_HL_A|DL28N,PL30A,RL31K,SL32T,TL97S,TL98S",-0.6860794,1.6446766,4,2
"3BE1_HL_A|DL28N,PL30A,RL31K,SL32T,TL97S,TL98S,KH30S,DH31G,TH54S,NH55E,GH100V,DH102V",-2.7728782,1.1827573,4,2
"3BE1_HL_A|DL28N,PL30A,RL31K,SL32T,TL97S,TL98S,KH30S,DH31G,TH54S,NH55E,GH100V,DH102V,YL36A",-3.190238,2.0402837,4,2
"3BE1_HL_A|DL28N,PL30A,RL31K,SL32T,TL97S,TL98S,KH30S,DH31G,TH54S,NH55E,GH100V,DH102V,YL36A,IL33A",-2.7728782,2.4432425,4,2
"3BE1_HL_A|DL28N,PL30A,RL31K,SL32T,YL57F,TL97S,TL98S",-0.8683455,1.8511543,4,2
"3BE1_HL_A|DL28N,PL30A,RL31K,SL32T,YL57F,TL97S,TL98S,KH30S,DH31G,TH54S,NH55E,GH100V,DH102V",-2.8824897,1.0991795,4,2
3LZF_AB_HL|DA187E,0.49836498,0.15822753,4,2
"3LZF_AB_HL|DA187E,DA222G",0.12738612,0.5459094,4,2
3LZF_AB_HL|DA222G,0.5378587,0.27860877,4,2
3NGB_HL_G|AH57G,-0.056030333,-0.27181116,4,2
"3NGB_HL_G|AH57G,VH58T,PH63K,VH74T",1.6734211,0.42733622,4,2
"3NGB_HL_G|CH32S,CH102A",0.25899792,0.4633396,4,2
3NGB_HL_G|DH103A,0.05987142,0.3307404,4,2
3NGB_HL_G|EL88A,1.3199503,0.22515687,4,2
3NGB_HL_G|FL89A,0.85886127,0.32085901,4,2
3NGB_HL_G|GH55A,-1.2766591,0.35903186,4,2
3NGB_HL_G|GH55S,0.74304354,0.29269624,4,2
3NGB_HL_G|GH56A,1.2656107,0.15031216,4,2
3NGB_HL_G|IH30A,-0.0027431613,0.2593705,4,2
3NGB_HL_G|IH30T,0.0733938,0.1598269,4,2
"3NGB_HL_G|IH30T,KH52N,RH54N,GH55S,AH57G,VH58T,RH62Q,PH63K,VH74T,YH75S,YL26S",0.86214453,3.1945314,4,2
3NGB_HL_G|KH52A,0.62288266,0.14671901,4,2
3NGB_HL_G|KH52N,0.17497002,0.019150183,4,2
3NGB_HL_G|MH70A,0.5305512,0.13393983,4,2
3NGB_HL_G|NH105A,1.1185741,0.11885866,4,2
3NGB_HL_G|NH59A,1.7671243,0.114426725,4,2
3NGB_HL_G|PH63A,-0.04252045,0.030950949,4,2
3NGB_HL_G|PH63K,0.23252328,0.0119993165,4,2
3NGB_HL_G|QH65A,-0.34038836,0.0076076835,4,2
3NGB_HL_G|QL25A,-0.23060839,0.166262,4,2
3NGB_HL_G|RH54A,-0.25938424,0.37888378,4,2
3NGB_HL_G|RH54N,0.04645046,0.22088182,4,2
3NGB_HL_G|RH62A,0.9958448,0.24801067,4,2
3NGB_HL_G|RH62Q,0.09654992,0.17632115,4,2
3NGB_HL_G|RH72A,1.6432176,-0.06834861,4,2
3NGB_HL_G|SL28A,-0.14471176,0.099077694,4,2
3NGB_HL_G|TH33A,0.7071634,0.15455231,4,2
3NGB_HL_G|TH33Y,0.084193856,-0.33862534,4,2
"3NGB_HL_G|TH33Y,GH56S,AH57G,VH58T,PH63K,VH74T,YH75S",1.9381938,1.1322038,4,2
3NGB_HL_G|VH58A,1.3584284,0.36849046,4,2
3NGB_HL_G|VH58T,0.13787223,0.17109895,4,2
3NGB_HL_G|VH74A,1.087914,0.37527332,4,2
3NGB_HL_G|VH74T,0.16493925,0.22032106,4,2
3NGB_HL_G|VL1A,-0.7733632,0.281115,4,2
3NGB_HL_G|WH106A,4.0,0.23534444,4,2
3NGB_HL_G|WH47A,1.2021707,0.124532185,4,2
3NGB_HL_G|WH50A,1.2917941,0.23375532,4,2
3NGB_HL_G|YH104A,1.4235861,0.4991984,4,2
3NGB_HL_G|YH60A,0.5484263,0.22915816,4,2
3NGB_HL_G|YH75A,-0.19932224,0.6557208,4,2
3NGB_HL_G|YH75S,0.3325709,0.58946985,4,2
3NGB_HL_G|YL26A,0.98528093,0.46178445,4,2
3NGB_HL_G|YL26S,0.6512687,0.3615493,4,2
3NGB_HL_G|YL87A,2.0227883,0.33515894,4,2
4JPK_HL_A|DA141R,3.857323,-0.09012661,4,2
"4JPK_HL_A|DA159N,DA33N",0.6189681,0.46381238,4,2
4JPK_HL_A|FA144I,1.3875175,0.11435691,4,2
4JPK_HL_A|FA63L,1.1672868,0.011804931,4,2
4JPK_HL_A|RA130K,0.23006605,-0.059137687,4,2
4JPK_HL_A|RA81T,0.75870305,0.27057427,4,2
4JPK_HL_A|SA41G,2.151695,0.048142344,4,2
4JPK_HL_A|TA35S,-0.032093357,-0.23823121,4,2
4JPK_HL_A|VA30N,0.59459484,0.009996705,4,2
