row_id,ddg_true,ddg_pred,fold,seed
1AHW_AB_C|DC167A,-0.4845926,2.15565,0,0
"1AHW_AB_C|KC138A,DC139A",1.1814722,1.941591,0,0
"1AHW_AB_C|KC154A,KC155A",-1.329712,2.237266,0,0
1AHW_AB_C|LC165A,0.9869364,0.48009598,0,0
1AHW_AB_C|NC188A,1.0782224,1.6133282,0,0
"1AHW_AB_C|TC110A,KC111A",0.6388569,1.8045516,0,0
1AHW_AB_C|TC156A,-0.07411996,1.5084862,0,0
1AHW_AB_C|TC159A,1.105771,1.9857429,0,0
1AHW_AB_C|TC186A,1.345882,1.2740698,0,0
1AHW_AB_C|VC187A,-0.31423107,0.88318396,0,0
1AHW_AB_C|YC146A,-1.8890098,1.3333542,0,0
1BJ1_HL_VW|HH101Y,-1.5835956,-1.726426,0,0
"1BJ1_HL_VW|HH101Y,YH103I,GH104A,SH105K",-0.43125325,-0.9688801,0,0
"1BJ1_HL_VW|HH101Y,YH103R,GH104N,SH105T",-0.7626503,-1.1177773,0,0
"1BJ1_HL_VW|HH101Y,YH103R,SH105T",-1.173123,-1.5455061,0,0
1BJ1_HL_VW|HH107A,0.78965265,0.14154163,0,0
"1BJ1_HL_VW|LH72I,TH74K",0.076517485,0.9727408,0,0
"1BJ1_HL_VW|LH72V,TH74V",0.6706598,0.3727192,0,0
"1BJ1_HL_VW|ML4L,TH28D,NH31H,HH101Y,SH105T",-1.52138,-2.8733227,0,0
1BJ1_HL_VW|NH31H,-0.7626503,-0.6246974,0,0
1BJ1_HL_VW|SH105T,-0.39039657,-0.27878973,0,0
1BJ1_HL_VW|TH28D,-0.22003505,-0.12712324,0,0
"1BJ1_HL_VW|TH28D,NH31H",-0.6929008,-0.85527265,0,0
"1BJ1_HL_VW|TH28D,NH31H,YH54W,HH101Y,SH105T",-1.2034981,-2.6918206,0,0
1BJ1_HL_VW|TH59A,0.85066694,1.2763524,0,0
1BJ1_HL_VW|YH27A,2.2425284,0.48817074,0,0
1BJ1_HL_VW|YH54A,1.3276595,1.5827124,0,0
1BJ1_HL_VW|YH54W,-0.13726985,-0.20971268,0,0
1BJ1_HL_VW|YH99A,4.0,0.3850632,0,0
1DQJ_AB_C|DB32A,2.0134337,0.47468504,0,0
"1DQJ_AB_C|DB32A,KC97A",1.1223834,0.17925426,0,0
1DQJ_AB_C|DC101A,1.3765504,0.7792344,0,0
1DQJ_AB_C|KC96A,4.0,0.9288205,0,0
1DQJ_AB_C|KC97A,3.5197058,0.4177249,0,0
1DQJ_AB_C|LC75A,1.452407,0.12072284,0,0
1DQJ_AB_C|NA31A,2.0134337,1.9784485,0,0
1DQJ_AB_C|NA32A,4.0,0.4275225,0,0
"1DQJ_AB_C|NA32A,KC96A",4.0,1.4751173,0,0
1DQJ_AB_C|NC93A,0.64987326,-0.09562426,0,0
1DQJ_AB_C|RC21A,1.2137709,0.504412,0,0
1DQJ_AB_C|SA91A,1.4318883,0.8761475,0,0
"1DQJ_AB_C|SA91A,RC21A",3.1707318,0.99661803,0,0
"1DQJ_AB_C|SA91A,YC20A",3.573092,1.5813272,0,0
1DQJ_AB_C|SC100A,0.7755829,1.384285,0,0
1DQJ_AB_C|TC89A,0.84084374,0.90025765,0,0
1DQJ_AB_C|WB98A,4.0,2.2806382,0,0
"1DQJ_AB_C|WB98A,KC97A",4.0,1.8048786,0,0
"1DQJ_AB_C|WB98A,SC100A",4.0,5.0637,0,0
"1DQJ_AB_C|WB98A,YC20A",4.0,3.822648,0,0
1DQJ_AB_C|WC62A,0.7580786,1.7110516,0,0
1DQJ_AB_C|WC63A,1.3462692,1.1908917,0,0
1DQJ_AB_C|YA50A,2.678299,1.0973217,0,0
1DQJ_AB_C|YA96A,1.135051,1.3068085,0,0
"1DQJ_AB_C|YA96A,RC21A",3.4851997,1.6786778,0,0
"1DQJ_AB_C|YA96A,SC100A",0.91344726,3.246943,0,0
1DQJ_AB_C|YB33A,4.0,2.899435,0,0
1DQJ_AB_C|YB50A,4.0,1.2348418,0,0
1DQJ_AB_C|YB53A,1.1802781,0.43788272,0,0
"1DQJ_AB_C|YB53A,DC101A",2.727121,0.9149319,0,0
"1DQJ_AB_C|YB53A,LC75A",1.2168618,0.79148597,0,0
"1DQJ_AB_C|YB53A,WC62A",1.286308,1.9946774,0,0
"1DQJ_AB_C|YB53A,WC63A",2.1992323,1.5049627,0,0
1DQJ_AB_C|YC20A,3.2857084,1.1335484,0,0
1XGT_AB_C|LB33A,2.1988916,2.051507,0,0
1XGT_AB_C|LB33F,-1.8617703,-1.849499,0,0
1XGT_AB_C|LB33I,-0.061315425,0.075173505,0,0
1XGT_AB_C|LB33V,1.0463123,1.017777,0,0
"3BDY_HL_V|DL28N,PL30A,RL31K,SL32T,TL97S,TL98S",-0.9690793,-1.2312992,0,0
"3BDY_HL_V|DL28N,PL30A,RL31K,SL32T,TL97S,TL98S,KH31S,DH32G,TH55S,NH56E,GH101V,DH103V",-2.7154896,-2.6342728,0,0
"3BDY_HL_V|DL28N,PL30A,RL31K,SL32T,TL97S,TL98S,KH31S,DH32G,TH55S,NH56E,GH101V,DH103V,RH51A,RH60A",-2.7728782,-0.53061813,0,0
"3BDY_HL_V|DL28N,PL30A,RL31K,SL32T,YL57F,TL97S,TL98S",-0.97316396,-0.9835498,0,0
"3BDY_HL_V|DL28N,PL30A,RL31K,SL32T,YL57F,TL97S,TL98S,KH31S,DH32G,TH55S,NH56E,GH101V,DH103V",-2.727121,-2.4993985,0,0
3HFM_HL_Y|DH32A,1.8982269,0.02660661,0,0
"3HFM_HL_Y|DH32A,KY97A",4.0,0.24298352,0,0
"3HFM_HL_Y|DH32A,KY97M",1.1234494,0.52137697,0,0
3HFM_HL_Y|DH32N,0.17036153,-0.21406737,0,0
"3HFM_HL_Y|DH32N,KY97A",4.0,-0.034494214,0,0
"3HFM_HL_Y|DH32N,KY97M",0.3025042,0.26232058,0,0
3HFM_HL_Y|DY101A,1.2081919,0.6239542,0,0
3HFM_HL_Y|DY101E,2.132881,-0.061443172,0,0
3HFM_HL_Y|DY101F,2.3282614,0.024837289,0,0
3HFM_HL_Y|DY101G,0.35884774,0.16188088,0,0
3HFM_HL_Y|DY101K,2.1245396,0.30574036,0,0
3HFM_HL_Y|DY101N,1.4911126,0.7717969,0,0
3HFM_HL_Y|DY101Q,2.0851746,-0.089624286,0,0
3HFM_HL_Y|DY101R,2.2798727,0.55484664,0,0
3HFM_HL_Y|DY101S,1.8694,0.40632674,0,0
3HFM_HL_Y|GY102V,0.395285,-0.3403076,0,0
3HFM_HL_Y|HY15A,-0.4453172,0.08378349,0,0
3HFM_HL_Y|IY98A,0.0,0.1579107,0,0
3HFM_HL_Y|KY96A,4.0,0.90721905,0,0
3HFM_HL_Y|KY96M,4.0,1.164904,0,0
3HFM_HL_Y|KY96R,4.0,0.22182485,0,0
3HFM_HL_Y|KY97A,4.0,0.56505615,0,0
3HFM_HL_Y|KY97D,4.0,0.5055128,0,0
3HFM_HL_Y|KY97E,3.6045077,0.4695533,0,0
3HFM_HL_Y|KY97G,4.0,0.27094898,0,0
3HFM_HL_Y|KY97M,0.9469717,0.749438,0,0
3HFM_HL_Y|KY97R,3.0528512,0.014574084,0,0
3HFM_HL_Y|LY75A,0.70445603,0.24465364,0,0
3HFM_HL_Y|NL31A,4.0,2.0747287,0,0
"3HFM_HL_Y|NL31A,KY96A",4.0,4.2466717,0,0
3HFM_HL_Y|NL31D,1.3434845,-0.0066464134,0,0
3HFM_HL_Y|NL31E,4.0,0.4076793,0,0
3HFM_HL_Y|NL32A,4.0,0.29957384,0,0
3HFM_HL_Y|NY19D,0.41047263,-0.22468156,0,0
3HFM_HL_Y|NY19K,0.2401111,0.484329,0,0
3HFM_HL_Y|NY19Q,-0.042485796,-0.08716641,0,0
3HFM_HL_Y|NY93A,0.21121821,-0.07359378,0,0
3HFM_HL_Y|QL53A,0.9530879,-0.1849688,0,0
3HFM_HL_Y|RY21A,0.8618019,0.61192256,0,0
3HFM_HL_Y|RY21E,2.4534352,-0.08034904,0,0
3HFM_HL_Y|RY21G,2.4220753,-0.1555033,0,0
3HFM_HL_Y|RY21H,2.1693182,-0.4659175,0,0
3HFM_HL_Y|RY21K,1.766342,0.1495679,0,0
3HFM_HL_Y|RY21M,2.0498905,0.90227085,0,0
3HFM_HL_Y|RY21N,2.3282614,0.2933971,0,0
3HFM_HL_Y|RY21Q,2.3975346,-0.2571888,0,0
3HFM_HL_Y|RY21W,2.132881,0.06487404,0,0
3HFM_HL_Y|RY73A,-0.3313971,0.26709163,0,0
3HFM_HL_Y|SH31A,0.17036153,0.7223416,0,0
3HFM_HL_Y|SY100A,0.26765963,0.6181314,0,0
3HFM_HL_Y|TY89A,0.0,0.80779475,0,0
3HFM_HL_Y|WH98A,4.0,1.5028832,0,0
"3HFM_HL_Y|WH98A,KY96A",4.0,2.825129,0,0
3HFM_HL_Y|WH98F,3.245562,0.7880462,0,0
"3HFM_HL_Y|WH98F,YY20A",4.0,2.7119048,0,0
3HFM_HL_Y|WY63A,0.31918663,1.8998786,0,0
3HFM_HL_Y|YH33A,4.0,2.7463245,0,0
"3HFM_HL_Y|YH33A,KY97A",4.0,2.9062283,0,0
3HFM_HL_Y|YH33F,1.0712212,-0.84784305,0,0
3HFM_HL_Y|YH33L,2.0069382,0.5933221,0,0
3HFM_HL_Y|YH33W,1.7495645,0.5447655,0,0
3HFM_HL_Y|YH50A,4.0,1.7539619,0,0
"3HFM_HL_Y|YH50A,RY21A",4.0,2.2301722,0,0
3HFM_HL_Y|YH50F,1.6099914,0.11126055,0,0
3HFM_HL_Y|YH50L,2.8488367,0.5342635,0,0
3HFM_HL_Y|YH53A,3.25038,0.6796512,0,0
3HFM_HL_Y|YH53F,0.62049925,0.8411978,0,0
3HFM_HL_Y|YH53L,0.8068894,0.6927555,0,0
3HFM_HL_Y|YH53W,0.7061819,0.4356802,0,0
3HFM_HL_Y|YH58A,1.6760437,1.9492424,0,0
3HFM_HL_Y|YH58F,0.36312544,0.13214153,0,0
3HFM_HL_Y|YH58L,1.5136731,0.7937113,0,0
3HFM_HL_Y|YL50A,4.0,0.79842895,0,0
"3HFM_HL_Y|YL50A,KY96A",4.0,2.175768,0,0
"3HFM_HL_Y|YL50A,KY97A",4.0,1.6637129,0,0
"3HFM_HL_Y|YL50A,RY21A",4.0,1.4929423,0,0
3HFM_HL_Y|YL50F,2.3548672,0.2941635,0,0
"3HFM_HL_Y|YL50F,RY21A",4.0,1.0767741,0,0
"3HFM_HL_Y|YL50F,YY20A",4.0,1.7839754,0,0
3HFM_HL_Y|YL50L,4.0,0.03524377,0,0
3HFM_HL_Y|YL96A,2.707045,0.9807714,0,0
"3HFM_HL_Y|YL96A,RY21A",4.0,1.6416186,0,0
3HFM_HL_Y|YL96F,1.4017794,0.6144417,0,0
"3HFM_HL_Y|YL96F,RY21A",4.0,1.466208,0,0
3HFM_HL_Y|YY20A,4.0,1.2501277,0,0
3HFM_HL_Y|YY20F,-0.4839681,0.57467246,0,0
3HFM_HL_Y|YY20L,2.1845057,1.0454938,0,0
3SE9_HL_G|DH77A,-0.7664817,0.7559847,0,0
3SE9_HL_G|EL90A,0.41735974,0.869722,0,0
3SE9_HL_G|FL91A,0.023615688,0.4563988,0,0
3SE9_HL_G|GH106A,-0.3075798,0.60226,0,0
3SE9_HL_G|GH107A,-0.6151596,0.49473524,0,0
3SE9_HL_G|GH109A,0.18514356,0.41925347,0,0
3SE9_HL_G|GH57A,0.4524448,0.66830826,0,0
3SE9_HL_G|GH62A,0.04634,0.95809925,0,0
3SE9_HL_G|GL29A,0.46369976,0.9263486,0,0
3SE9_HL_G|LH34A,0.56599987,1.6419704,0,0
3SE9_HL_G|LL89A,0.964243,0.54244775,0,0
3SE9_HL_G|NH60A,1.5217615,1.3859106,0,0
3SE9_HL_G|PH64A,-0.4419396,0.029701022,0,0
3SE9_HL_G|RH67A,1.4695449,1.0168127,0,0
3SE9_HL_G|RH74A,2.6792572,1.6346713,0,0
3SE9_HL_G|RH76A,-0.2322162,1.1108946,0,0
3SE9_HL_G|TH105A,-0.4419396,-0.19653875,0,0
3SE9_HL_G|TH56A,-0.85929936,1.2164116,0,0
3SE9_HL_G|VH55A,-0.85929936,0.4216312,0,0
3SE9_HL_G|VH59A,0.9833596,1.8051436,0,0
3SE9_HL_G|VL3A,-0.49433115,0.37203035,0,0
3SE9_HL_G|WH48A,1.0584464,1.4056318,0,0
3SE9_HL_G|WH51A,1.275695,1.5416759,0,0
3SE9_HL_G|YH104A,0.46369976,1.0015975,0,0
3SE9_HL_G|YL28A,1.1177194,0.64904684,0,0
4U6H_AB_E|NE21A,-0.3480795,1.0398583,0,0
4U6H_AB_E|QE25A,0.11883454,1.0722171,0,0
4ZS6_HL_A|EA156A,3.0386665,0.120027415,0,0
4ZS6_HL_A|YA160A,-0.11025046,2.7187607,0,0
1AHW_AB_C|DC167A,-0.4845926,1.4071705,0,1
"1AHW_AB_C|KC138A,DC139A",1.1814722,1.0193698,0,1
"1AHW_AB_C|KC154A,KC155A",-1.329712,0.768477,0,1
1AHW_AB_C|LC165A,0.9869364,1.122159,0,1
1AHW_AB_C|NC188A,1.0782224,1.0600564,0,1
"1AHW_AB_C|TC110A,KC111A",0.6388569,1.2700272,0,1
1AHW_AB_C|TC156A,-0.07411996,1.3053007,0,1
1AHW_AB_C|TC159A,1.105771,1.1440058,0,1
1AHW_AB_C|TC186A,1.345882,0.82663023,0,1
1AHW_AB_C|VC187A,-0.31423107,0.39151844,0,1
1AHW_AB_C|YC146A,-1.8890098,1.0396597,0,1
1BJ1_HL_VW|HH101Y,-1.5835956,-0.9242647,0,1
"1BJ1_HL_VW|HH101Y,YH103I,GH104A,SH105K",-0.43125325,-0.36034262,0,1
"1BJ1_HL_VW|HH101Y,YH103R,GH104N,SH105T",-0.7626503,-0.23974216,0,1
"1BJ1_HL_VW|HH101Y,YH103R,SH105T",-1.173123,-0.6971582,0,1
1BJ1_HL_VW|HH107A,0.78965265,0.60690963,0,1
"1BJ1_HL_VW|LH72I,TH74K",0.076517485,0.95311743,0,1
"1BJ1_HL_VW|LH72V,TH74V",0.6706598,0.114208415,0,1
"1BJ1_HL_VW|ML4L,TH28D,NH31H,HH101Y,SH105T",-1.52138,-1.9672925,0,1
1BJ1_HL_VW|NH31H,-0.7626503,0.023096243,0,1
1BJ1_HL_VW|SH105T,-0.39039657,-0.10436265,0,1
1BJ1_HL_VW|TH28D,-0.22003505,-0.39890364,0,1
"1BJ1_HL_VW|TH28D,NH31H",-0.6929008,-0.33828285,0,1
"1BJ1_HL_VW|TH28D,NH31H,YH54W,HH101Y,SH105T",-1.2034981,-1.3932412,0,1
1BJ1_HL_VW|TH59A,0.85066694,1.1218715,0,1
1BJ1_HL_VW|YH27A,2.2425284,0.7712488,0,1
1BJ1_HL_VW|YH54A,1.3276595,0.60774136,0,1
1BJ1_HL_VW|YH54W,-0.13726985,-0.12839651,0,1
1BJ1_HL_VW|YH99A,4.0,1.1158171,0,1
1DQJ_AB_C|DB32A,2.0134337,0.475277,0,1
"1DQJ_AB_C|DB32A,KC97A",1.1223834,0.6095504,0,1
1DQJ_AB_C|DC101A,1.3765504,0.82854503,0,1
1DQJ_AB_C|KC96A,4.0,0.47088316,0,1
1DQJ_AB_C|KC97A,3.5197058,0.56102294,0,1
1DQJ_AB_C|LC75A,1.452407,0.49585545,0,1
1DQJ_AB_C|NA31A,2.0134337,0.5147463,0,1
1DQJ_AB_C|NA32A,4.0,-0.07462306,0,1
"1DQJ_AB_C|NA32A,KC96A",4.0,0.27354652,0,1
1DQJ_AB_C|NC93A,0.64987326,0.110540934,0,1
1DQJ_AB_C|RC21A,1.2137709,0.33961272,0,1
1DQJ_AB_C|SA91A,1.4318883,1.2210202,0,1
"1DQJ_AB_C|SA91A,RC21A",3.1707318,1.49314,0,1
"1DQJ_AB_C|SA91A,YC20A",3.573092,3.8541179,0,1
1DQJ_AB_C|SC100A,0.7755829,1.6074471,0,1
1DQJ_AB_C|TC89A,0.84084374,1.2126672,0,1
1DQJ_AB_C|WB98A,4.0,1.4219127,0,1
"1DQJ_AB_C|WB98A,KC97A",4.0,2.239883,0,1
"1DQJ_AB_C|WB98A,SC100A",4.0,3.7701538,0,1
"1DQJ_AB_C|WB98A,YC20A",4.0,4.1004395,0,1
1DQJ_AB_C|WC62A,0.7580786,1.0307221,0,1
1DQJ_AB_C|WC63A,1.3462692,0.93452626,0,1
1DQJ_AB_C|YA50A,2.678299,1.076747,0,1
1DQJ_AB_C|YA96A,1.135051,0.90019816,0,1
"1DQJ_AB_C|YA96A,RC21A",3.4851997,1.1277246,0,1
"1DQJ_AB_C|YA96A,SC100A",0.91344726,2.8805606,0,1
1DQJ_AB_C|YB33A,4.0,2.72534,0,1
1DQJ_AB_C|YB50A,4.0,0.939033,0,1
1DQJ_AB_C|YB53A,1.1802781,0.11377769,0,1
"1DQJ_AB_C|YB53A,DC101A",2.727121,0.70039344,0,1
"1DQJ_AB_C|YB53A,LC75A",1.2168618,0.6533212,0,1
"1DQJ_AB_C|YB53A,WC62A",1.286308,0.4378908,0,1
"1DQJ_AB_C|YB53A,WC63A",2.1992323,0.382894,0,1
1DQJ_AB_C|YC20A,3.2857084,1.6915097,0,1
1XGT_AB_C|LB33A,2.1988916,2.1848776,0,1
1XGT_AB_C|LB33F,-1.8617703,-1.0854847,0,1
1XGT_AB_C|LB33I,-0.061315425,0.083243,0,1
1XGT_AB_C|LB33V,1.0463123,1.053555,0,1
"3BDY_HL_V|DL28N,PL30A,RL31K,SL32T,TL97S,TL98S",-0.9690793,-1.5182967,0,1
"3BDY_HL_V|DL28N,PL30A,RL31K,SL32T,TL97S,TL98S,KH31S,DH32G,TH55S,NH56E,GH101V,DH103V",-2.7154896,-4.1335692,0,1
"3BDY_HL_V|DL28N,PL30A,RL31K,SL32T,TL97S,TL98S,KH31S,DH32G,TH55S,NH56E,GH101V,DH103V,RH51A,RH60A",-2.7728782,-4.134878,0,1
"3BDY_HL_V|DL28N,PL30A,RL31K,SL32T,YL57F,TL97S,TL98S",-0.97316396,-1.1315696,0,1
"3BDY_HL_V|DL28N,PL30A,RL31K,SL32T,YL57F,TL97S,TL98S,KH31S,DH32G,TH55S,NH56E,GH101V,DH103V",-2.727121,-3.7758088,0,1
3HFM_HL_Y|DH32A,1.8982269,0.16721524,0,1
"3HFM_HL_Y|DH32A,KY97A",4.0,0.51254296,0,1
"3HFM_HL_Y|DH32A,KY97M",1.1234494,0.31928244,0,1
3HFM_HL_Y|DH32N,0.17036153,0.009549012,0,1
"3HFM_HL_Y|DH32N,KY97A",4.0,0.35624316,0,1
"3HFM_HL_Y|DH32N,KY97M",0.3025042,0.17242788,0,1
3HFM_HL_Y|DY101A,1.2081919,0.97822267,0,1
3HFM_HL_Y|DY101E,2.132881,-0.05715242,0,1
3HFM_HL_Y|DY101F,2.3282614,0.018196227,0,1
3HFM_HL_Y|DY101G,0.35884774,0.72965795,0,1
3HFM_HL_Y|DY101K,2.1245396,0.41226083,0,1
3HFM_HL_Y|DY101N,1.4911126,0.6402169,0,1
3HFM_HL_Y|DY101Q,2.0851746,-0.17027721,0,1
3HFM_HL_Y|DY101R,2.2798727,0.5678141,0,1
3HFM_HL_Y|DY101S,1.8694,-0.022489354,0,1
3HFM_HL_Y|GY102V,0.395285,-0.08433546,0,1
3HFM_HL_Y|HY15A,-0.4453172,0.80048734,0,1
3HFM_HL_Y|IY98A,0.0,0.26209116,0,1
3HFM_HL_Y|KY96A,4.0,0.5843657,0,1
3HFM_HL_Y|KY96M,4.0,-0.06353694,0,1
3HFM_HL_Y|KY96R,4.0,-0.11830281,0,1
3HFM_HL_Y|KY97A,4.0,0.513885,0,1
3HFM_HL_Y|KY97D,4.0,0.1073861,0,1
3HFM_HL_Y|KY97E,3.6045077,0.0053426735,0,1
3HFM_HL_Y|KY97G,4.0,0.40540808,0,1
3HFM_HL_Y|KY97M,0.9469717,0.18484432,0,1
3HFM_HL_Y|KY97R,3.0528512,-0.25468567,0,1
3HFM_HL_Y|LY75A,0.70445603,0.38175544,0,1
3HFM_HL_Y|NL31A,4.0,0.45630747,0,1
"3HFM_HL_Y|NL31A,KY96A",4.0,0.8458801,0,1
3HFM_HL_Y|NL31D,1.3434845,-0.066877015,0,1
3HFM_HL_Y|NL31E,4.0,-0.08478381,0,1
3HFM_HL_Y|NL32A,4.0,0.09639105,0,1
3HFM_HL_Y|NY19D,0.41047263,0.18945849,0,1
3HFM_HL_Y|NY19K,0.2401111,0.6815667,0,1
3HFM_HL_Y|NY19Q,-0.042485796,0.23984234,0,1
3HFM_HL_Y|NY93A,0.21121821,-0.047316164,0,1
3HFM_HL_Y|QL53A,0.9530879,0.20681857,0,1
3HFM_HL_Y|RY21A,0.8618019,0.417014,0,1
3HFM_HL_Y|RY21E,2.4534352,-0.29756045,0,1
3HFM_HL_Y|RY21G,2.4220753,0.23606217,0,1
3HFM_HL_Y|RY21H,2.1693182,-0.551552,0,1
3HFM_HL_Y|RY21K,1.766342,0.46833473,0,1
3HFM_HL_Y|RY21M,2.0498905,0.28552037,0,1
3HFM_HL_Y|RY21N,2.3282614,0.04095405,0,1
3HFM_HL_Y|RY21Q,2.3975346,0.038335178,0,1
3HFM_HL_Y|RY21W,2.132881,0.056283657,0,1
3HFM_HL_Y|RY73A,-0.3313971,0.65811527,0,1
3HFM_HL_Y|SH31A,0.17036153,0.4341178,0,1
3HFM_HL_Y|SY100A,0.26765963,1.6015115,0,1
3HFM_HL_Y|TY89A,0.0,1.0995431,0,1
3HFM_HL_Y|WH98A,4.0,1.1374593,0,1
"3HFM_HL_Y|WH98A,KY96A",4.0,1.9412782,0,1
3HFM_HL_Y|WH98F,3.245562,0.2042141,0,1
"3HFM_HL_Y|WH98F,YY20A",4.0,2.4293556,0,1
3HFM_HL_Y|WY63A,0.31918663,1.1392465,0,1
3HFM_HL_Y|YH33A,4.0,2.7464778,0,1
"3HFM_HL_Y|YH33A,KY97A",4.0,2.8758361,0,1
3HFM_HL_Y|YH33F,1.0712212,-0.22187853,0,1
3HFM_HL_Y|YH33L,2.0069382,0.678633,0,1
3HFM_HL_Y|YH33W,1.7495645,0.79304546,0,1
3HFM_HL_Y|YH50A,4.0,1.3986585,0,1
"3HFM_HL_Y|YH50A,RY21A",4.0,1.8540499,0,1
3HFM_HL_Y|YH50F,1.6099914,0.23500285,0,1
3HFM_HL_Y|YH50L,2.8488367,0.40715387,0,1
3HFM_HL_Y|YH53A,3.25038,0.41146287,0,1
3HFM_HL_Y|YH53F,0.62049925,0.14740604,0,1
3HFM_HL_Y|YH53L,0.8068894,0.068575874,0,1
3HFM_HL_Y|YH53W,0.7061819,-0.021189976,0,1
3HFM_HL_Y|YH58A,1.6760437,1.8295987,0,1
3HFM_HL_Y|YH58F,0.36312544,0.30549973,0,1
3HFM_HL_Y|YH58L,1.5136731,0.8968615,0,1
3HFM_HL_Y|YL50A,4.0,0.87865144,0,1
"3HFM_HL_Y|YL50A,KY96A",4.0,1.2119982,0,1
"3HFM_HL_Y|YL50A,KY97A",4.0,0.90083796,0,1
"3HFM_HL_Y|YL50A,RY21A",4.0,1.5338016,0,1
3HFM_HL_Y|YL50F,2.3548672,0.500538,0,1
"3HFM_HL_Y|YL50F,RY21A",4.0,1.228801,0,1
"3HFM_HL_Y|YL50F,YY20A",4.0,2.1856525,0,1
3HFM_HL_Y|YL50L,4.0,0.17747372,0,1
3HFM_HL_Y|YL96A,2.707045,1.1553636,0,1
"3HFM_HL_Y|YL96A,RY21A",4.0,1.6710157,0,1
3HFM_HL_Y|YL96F,1.4017794,0.08008257,0,1
"3HFM_HL_Y|YL96F,RY21A",4.0,0.80965936,0,1
3HFM_HL_Y|YY20A,4.0,1.6857104,0,1
3HFM_HL_Y|YY20F,-0.4839681,0.32001224,0,1
3HFM_HL_Y|YY20L,2.1845057,1.4109356,0,1
3SE9_HL_G|DH77A,-0.7664817,0.033831093,0,1
3SE9_HL_G|EL90A,0.41735974,1.383316,0,1
3SE9_HL_G|FL91A,0.023615688,0.7868905,0,1
3SE9_HL_G|GH106A,-0.3075798,0.2557075,0,1
3SE9_HL_G|GH107A,-0.6151596,1.0255129,0,1
3SE9_HL_G|GH109A,0.18514356,0.59467787,0,1
3SE9_HL_G|GH57A,0.4524448,0.34046474,0,1
3SE9_HL_G|GH62A,0.04634,0.6660958,0,1
3SE9_HL_G|GL29A,0.46369976,0.5596891,0,1
3SE9_HL_G|LH34A,0.56599987,1.1457217,0,1
3SE9_HL_G|LL89A,0.964243,0.8546467,0,1
3SE9_HL_G|NH60A,1.5217615,0.91481143,0,1
3SE9_HL_G|PH64A,-0.4419396,-0.123044565,0,1
3SE9_HL_G|RH67A,1.4695449,0.40333465,0,1
3SE9_HL_G|RH74A,2.6792572,1.7523084,0,1
3SE9_HL_G|RH76A,-0.2322162,0.5433902,0,1
3SE9_HL_G|TH105A,-0.4419396,0.18525596,0,1
3SE9_HL_G|TH56A,-0.85929936,0.40279272,0,1
3SE9_HL_G|VH55A,-0.85929936,0.39754474,0,1
3SE9_HL_G|VH59A,0.9833596,1.1931782,0,1
3SE9_HL_G|VL3A,-0.49433115,0.5082124,0,1
3SE9_HL_G|WH48A,1.0584464,1.3953941,0,1
3SE9_HL_G|WH51A,1.275695,1.4033418,0,1
3SE9_HL_G|YH104A,0.46369976,1.3310978,0,1
3SE9_HL_G|YL28A,1.1177194,0.84213233,0,1
4U6H_AB_E|NE21A,-0.3480795,0.39031413,0,1
4U6H_AB_E|QE25A,0.11883454,1.2711217,0,1
4ZS6_HL_A|EA156A,3.0386665,0.36966544,0,1
4ZS6_HL_A|YA160A,-0.11025046,2.7148645,0,1
1AHW_AB_C|DC167A,-0.4845926,0.42994812,0,2
"1AHW_AB_C|KC138A,DC139A",1.1814722,0.7397257,0,2
"1AHW_AB_C|KC154A,KC155A",-1.329712,0.58898175,0,2
1AHW_AB_C|LC165A,0.9869364,0.72153133,0,2
1AHW_AB_C|NC188A,1.0782224,0.19207905,0,2
"1AHW_AB_C|TC110A,KC111A",0.6388569,0.636054,0,2
1AHW_AB_C|TC156A,-0.07411996,0.66805613,0,2
1AHW_AB_C|TC159A,1.105771,0.34529442,0,2
1AHW_AB_C|TC186A,1.345882,0.50143117,0,2
1AHW_AB_C|VC187A,-0.31423107,0.5174105,0,2
1AHW_AB_C|YC146A,-1.8890098,0.25150087,0,2
1BJ1_HL_VW|HH101Y,-1.5835956,0.022864671,0,2
"1BJ1_HL_VW|HH101Y,YH103I,GH104A,SH105K",-0.43125325,0.5274935,0,2
"1BJ1_HL_VW|HH101Y,YH103R,GH104N,SH105T",-0.7626503,0.6822974,0,2
"1BJ1_HL_VW|HH101Y,YH103R,SH105T",-1.173123,0.4620144,0,2
1BJ1_HL_VW|HH107A,0.78965265,0.48321047,0,2
"1BJ1_HL_VW|LH72I,TH74K",0.076517485,0.08932329,0,2
"1BJ1_HL_VW|LH72V,TH74V",0.6706598,-0.12245073,0,2
"1BJ1_HL_VW|ML4L,TH28D,NH31H,HH101Y,SH105T",-1.52138,-0.2087208,0,2
1BJ1_HL_VW|NH31H,-0.7626503,-0.3329486,0,2
1BJ1_HL_VW|SH105T,-0.39039657,0.5196548,0,2
1BJ1_HL_VW|TH28D,-0.22003505,-0.005320644,0,2
"1BJ1_HL_VW|TH28D,NH31H",-0.6929008,-0.2871682,0,2
"1BJ1_HL_VW|TH28D,NH31H,YH54W,HH101Y,SH105T",-1.2034981,-0.061456583,0,2
1BJ1_HL_VW|TH59A,0.85066694,0.16605242,0,2
1BJ1_HL_VW|YH27A,2.2425284,0.4336781,0,2
1BJ1_HL_VW|YH54A,1.3276595,0.22158994,0,2
1BJ1_HL_VW|YH54W,-0.13726985,0.11173741,0,2
1BJ1_HL_VW|YH99A,4.0,0.21293935,0,2
1DQJ_AB_C|DB32A,2.0134337,0.107175075,0,2
"1DQJ_AB_C|DB32A,KC97A",1.1223834,0.38296723,0,2
1DQJ_AB_C|DC101A,1.3765504,0.51838183,0,2
1DQJ_AB_C|KC96A,4.0,0.4419184,0,2
1DQJ_AB_C|KC97A,3.5197058,0.2427292,0,2
1DQJ_AB_C|LC75A,1.452407,0.32769215,0,2
1DQJ_AB_C|NA31A,2.0134337,-0.020045303,0,2
1DQJ_AB_C|NA32A,4.0,-0.31907138,0,2
"1DQJ_AB_C|NA32A,KC96A",4.0,0.025956063,0,2
1DQJ_AB_C|NC93A,0.64987326,0.24048184,0,2
1DQJ_AB_C|RC21A,1.2137709,0.27061677,0,2
1DQJ_AB_C|SA91A,1.4318883,0.19906767,0,2
"1DQJ_AB_C|SA91A,RC21A",3.1707318,0.36584842,0,2
"1DQJ_AB_C|SA91A,YC20A",3.573092,0.36455232,0,2
1DQJ_AB_C|SC100A,0.7755829,0.28789723,0,2
1DQJ_AB_C|TC89A,0.84084374,0.23240782,0,2
1DQJ_AB_C|WB98A,4.0,0.08091702,0,2
"1DQJ_AB_C|WB98A,KC97A",4.0,0.3475369,0,2
"1DQJ_AB_C|WB98A,SC100A",4.0,0.40354478,0,2
"1DQJ_AB_C|WB98A,YC20A",4.0,0.44661394,0,2
1DQJ_AB_C|WC62A,0.7580786,0.20709279,0,2
1DQJ_AB_C|WC63A,1.3462692,0.24243121,0,2
1DQJ_AB_C|YA50A,2.678299,0.34479797,0,2
1DQJ_AB_C|YA96A,1.135051,0.021394605,0,2
"1DQJ_AB_C|YA96A,RC21A",3.4851997,0.36402804,0,2
"1DQJ_AB_C|YA96A,SC100A",0.91344726,0.35247388,0,2
1DQJ_AB_C|YB33A,4.0,0.14783205,0,2
1DQJ_AB_C|YB50A,4.0,0.45754227,0,2
1DQJ_AB_C|YB53A,1.1802781,0.20984195,0,2
"1DQJ_AB_C|YB53A,DC101A",2.727121,0.6732026,0,2
"1DQJ_AB_C|YB53A,LC75A",1.2168618,0.56769466,0,2
"1DQJ_AB_C|YB53A,WC62A",1.286308,0.30722776,0,2
"1DQJ_AB_C|YB53A,WC63A",2.1992323,0.40423056,0,2
1DQJ_AB_C|YC20A,3.2857084,0.18894857,0,2
1XGT_AB_C|LB33A,2.1988916,0.09475617,0,2
1XGT_AB_C|LB33F,-1.8617703,-0.02363955,0,2
1XGT_AB_C|LB33I,-0.061315425,-0.030551208,0,2
1XGT_AB_C|LB33V,1.0463123,-0.028066171,0,2
"3BDY_HL_V|DL28N,PL30A,RL31K,SL32T,TL97S,TL98S",-0.9690793,-0.06842429,0,2
"3BDY_HL_V|DL28N,PL30A,RL31K,SL32T,TL97S,TL98S,KH31S,DH32G,TH55S,NH56E,GH101V,DH103V",-2.7154896,-0.8609182,0,2
"3BDY_HL_V|DL28N,PL30A,RL31K,SL32T,TL97S,TL98S,KH31S,DH32G,TH55S,NH56E,GH101V,DH103V,RH51A,RH60A",-2.7728782,-0.5826701,0,2
"3BDY_HL_V|DL28N,PL30A,RL31K,SL32T,YL57F,TL97S,TL98S",-0.97316396,0.02739901,0,2
"3BDY_HL_V|DL28N,PL30A,RL31K,SL32T,YL57F,TL97S,TL98S,KH31S,DH32G,TH55S,NH56E,GH101V,DH103V",-2.727121,-0.7528998,0,2
3HFM_HL_Y|DH32A,1.8982269,0.21049218,0,2
"3HFM_HL_Y|DH32A,KY97A",4.0,0.65124434,0,2
"3HFM_HL_Y|DH32A,KY97M",1.1234494,0.3121812,0,2
3HFM_HL_Y|DH32N,0.17036153,0.20749876,0,2
"3HFM_HL_Y|DH32N,KY97A",4.0,0.6104497,0,2
"3HFM_HL_Y|DH32N,KY97M",0.3025042,0.2757348,0,2
3HFM_HL_Y|DY101A,1.2081919,0.72357714,0,2
3HFM_HL_Y|DY101E,2.132881,0.4069005,0,2
3HFM_HL_Y|DY101F,2.3282614,0.3879201,0,2
3HFM_HL_Y|DY101G,0.35884774,0.37240967,0,2
3HFM_HL_Y|DY101K,2.1245396,0.44694993,0,2
3HFM_HL_Y|DY101N,1.4911126,0.5639339,0,2
3HFM_HL_Y|DY101Q,2.0851746,0.46943596,0,2
3HFM_HL_Y|DY101R,2.2798727,0.5750964,0,2
3HFM_HL_Y|DY101S,1.8694,0.47900042,0,2
3HFM_HL_Y|GY102V,0.395285,0.07648508,0,2
3HFM_HL_Y|HY15A,-0.4453172,0.37620863,0,2
3HFM_HL_Y|IY98A,0.0,0.24111213,0,2
3HFM_HL_Y|KY96A,4.0,0.5801815,0,2
3HFM_HL_Y|KY96M,4.0,0.32069972,0,2
3HFM_HL_Y|KY96R,4.0,0.46602222,0,2
3HFM_HL_Y|KY97A,4.0,0.28816238,0,2
3HFM_HL_Y|KY97D,4.0,-0.046641275,0,2
3HFM_HL_Y|KY97E,3.6045077,0.04365688,0,2
3HFM_HL_Y|KY97G,4.0,0.051463477,0,2
3HFM_HL_Y|KY97M,0.9469717,-0.005773479,0,2
3HFM_HL_Y|KY97R,3.0528512,0.12394402,0,2
3HFM_HL_Y|LY75A,0.70445603,0.5794704,0,2
3HFM_HL_Y|NL31A,4.0,0.07302778,0,2
"3HFM_HL_Y|NL31A,KY96A",4.0,0.5571505,0,2
3HFM_HL_Y|NL31D,1.3434845,0.081212685,0,2
3HFM_HL_Y|NL31E,4.0,-0.0010884311,0,2
3HFM_HL_Y|NL32A,4.0,0.1901136,0,2
3HFM_HL_Y|NY19D,0.41047263,-0.07656861,0,2
3HFM_HL_Y|NY19K,0.2401111,-0.0648258,0,2
3HFM_HL_Y|NY19Q,-0.042485796,-0.03747958,0,2
3HFM_HL_Y|NY93A,0.21121821,0.2461258,0,2
3HFM_HL_Y|QL53A,0.9530879,0.46541184,0,2
3HFM_HL_Y|RY21A,0.8618019,0.3304965,0,2
3HFM_HL_Y|RY21E,2.4534352,0.02128555,0,2
3HFM_HL_Y|RY21G,2.4220753,0.15371975,0,2
3HFM_HL_Y|RY21H,2.1693182,0.07493248,0,2
3HFM_HL_Y|RY21K,1.766342,0.083187416,0,2
3HFM_HL_Y|RY21M,2.0498905,0.1209716,0,2
3HFM_HL_Y|RY21N,2.3282614,0.111972995,0,2
3HFM_HL_Y|RY21Q,2.3975346,0.10970209,0,2
3HFM_HL_Y|RY21W,2.132881,0.20837377,0,2
3HFM_HL_Y|RY73A,-0.3313971,0.6736648,0,2
3HFM_HL_Y|SH31A,0.17036153,0.33158416,0,2
3HFM_HL_Y|SY100A,0.26765963,0.28025898,0,2
3HFM_HL_Y|TY89A,0.0,0.38364485,0,2
3HFM_HL_Y|WH98A,4.0,0.20605299,0,2
"3HFM_HL_Y|WH98A,KY96A",4.0,0.78848046,0,2
3HFM_HL_Y|WH98F,3.245562,0.06373793,0,2
"3HFM_HL_Y|WH98F,YY20A",4.0,0.22848065,0,2
3HFM_HL_Y|WY63A,0.31918663,0.34335244,0,2
3HFM_HL_Y|YH33A,4.0,0.17169267,0,2
"3HFM_HL_Y|YH33A,KY97A",4.0,0.556381,0,2
3HFM_HL_Y|YH33F,1.0712212,0.03297876,0,2
3HFM_HL_Y|YH33L,2.0069382,0.038390942,0,2
3HFM_HL_Y|YH33W,1.7495645,0.066348456,0,2
3HFM_HL_Y|YH50A,4.0,0.46942666,0,2
"3HFM_HL_Y|YH50A,RY21A",4.0,0.8298415,0,2
3HFM_HL_Y|YH50F,1.6099914,0.33648568,0,2
3HFM_HL_Y|YH50L,2.8488367,0.28367215,0,2
3HFM_HL_Y|YH53A,3.25038,0.38193262,0,2
3HFM_HL_Y|YH53F,0.62049925,0.10853017,0,2
3HFM_HL_Y|YH53L,0.8068894,0.08540433,0,2
3HFM_HL_Y|YH53W,0.7061819,0.057775147,0,2
3HFM_HL_Y|YH58A,1.6760437,0.57248473,0,2
3HFM_HL_Y|YH58F,0.36312544,0.29282716,0,2
3HFM_HL_Y|YH58L,1.5136731,0.37219244,0,2
3HFM_HL_Y|YL50A,4.0,0.50487626,0,2
"3HFM_HL_Y|YL50A,KY96A",4.0,1.0285785,0,2
"3HFM_HL_Y|YL50A,KY97A",4.0,0.88714147,0,2
"3HFM_HL_Y|YL50A,RY21A",4.0,0.9170314,0,2
3HFM_HL_Y|YL50F,2.3548672,0.38917395,0,2
"3HFM_HL_Y|YL50F,RY21A",4.0,0.77736485,0,2
"3HFM_HL_Y|YL50F,YY20A",4.0,0.50315535,0,2
3HFM_HL_Y|YL50L,4.0,0.3403904,0,2
3HFM_HL_Y|YL96A,2.707045,0.23620562,0,2
"3HFM_HL_Y|YL96A,RY21A",4.0,0.63647884,0,2
3HFM_HL_Y|YL96F,1.4017794,0.08964873,0,2
"3HFM_HL_Y|YL96F,RY21A",4.0,0.45438388,0,2
3HFM_HL_Y|YY20A,4.0,0.15780152,0,2
3HFM_HL_Y|YY20F,-0.4839681,-0.103244744,0,2
3HFM_HL_Y|YY20L,2.1845057,-0.052880235,0,2
3SE9_HL_G|DH77A,-0.7664817,0.19573575,0,2
3SE9_HL_G|EL90A,0.41735974,0.3144945,0,2
3SE9_HL_G|FL91A,0.023615688,0.3773841,0,2
3SE9_HL_G|GH106A,-0.3075798,0.11209392,0,2
3SE9_HL_G|GH107A,-0.6151596,0.27532294,0,2
3SE9_HL_G|GH109A,0.18514356,-0.20456041,0,2
3SE9_HL_G|GH57A,0.4524448,-0.012757996,0,2
3SE9_HL_G|GH62A,0.04634,-0.016707616,0,2
3SE9_HL_G|GL29A,0.46369976,0.073646836,0,2
3SE9_HL_G|LH34A,0.56599987,0.26766494,0,2
3SE9_HL_G|LL89A,0.964243,-0.054998994,0,2
3SE9_HL_G|NH60A,1.5217615,0.15523075,0,2
3SE9_HL_G|PH64A,-0.4419396,-0.040397987,0,2
3SE9_HL_G|RH67A,1.4695449,0.17535576,0,2
3SE9_HL_G|RH74A,2.6792572,0.04466545,0,2
3SE9_HL_G|RH76A,-0.2322162,0.10444265,0,2
3SE9_HL_G|TH105A,-0.4419396,0.15505527,0,2
3SE9_HL_G|TH56A,-0.85929936,-0.13152027,0,2
3SE9_HL_G|VH55A,-0.85929936,0.26960444,0,2
3SE9_HL_G|VH59A,0.9833596,0.42886114,0,2
3SE9_HL_G|VL3A,-0.49433115,0.22548242,0,2
3SE9_HL_G|WH48A,1.0584464,0.08915684,0,2
3SE9_HL_G|WH51A,1.275695,0.37945995,0,2
3SE9_HL_G|YH104A,0.46369976,0.5401431,0,2
3SE9_HL_G|YL28A,1.1177194,0.2591783,0,2
4U6H_AB_E|NE21A,-0.3480795,0.17291611,0,2
4U6H_AB_E|QE25A,0.11883454,0.4844143,0,2
4ZS6_HL_A|EA156A,3.0386665,0.5245019,0,2
4ZS6_HL_A|YA160A,-0.11025046,0.5675258,0,2
1AHW_AB_C|DC167A,-0.4845926,1.7594324,0,3
"1AHW_AB_C|KC138A,DC139A",1.1814722,2.4958267,0,3
"1AHW_AB_C|KC154A,KC155A",-1.329712,1.2236493,0,3
1AHW_AB_C|LC165A,0.9869364,0.499773,0,3
1AHW_AB_C|NC188A,1.0782224,0.5911962,0,3
"1AHW_AB_C|TC110A,KC111A",0.6388569,1.4328468,0,3
1AHW_AB_C|TC156A,-0.07411996,0.8437025,0,3
1AHW_AB_C|TC159A,1.105771,0.27413586,0,3
1AHW_AB_C|TC186A,1.345882,0.8227104,0,3
1AHW_AB_C|VC187A,-0.31423107,0.25407702,0,3
1AHW_AB_C|YC146A,-1.8890098,1.2646381,0,3
1BJ1_HL_VW|HH101Y,-1.5835956,-0.9631273,0,3
"1BJ1_HL_VW|HH101Y,YH103I,GH104A,SH105K",-0.43125325,0.12090631,0,3
"1BJ1_HL_VW|HH101Y,YH103R,GH104N,SH105T",-0.7626503,0.13032983,0,3
"1BJ1_HL_VW|HH101Y,YH103R,SH105T",-1.173123,-0.41775358,0,3
1BJ1_HL_VW|HH107A,0.78965265,0.12973312,0,3
"1BJ1_HL_VW|LH72I,TH74K",0.076517485,1.0600858,0,3
"1BJ1_HL_VW|LH72V,TH74V",0.6706598,-0.33046553,0,3
"1BJ1_HL_VW|ML4L,TH28D,NH31H,HH101Y,SH105T",-1.52138,-2.7804546,0,3
1BJ1_HL_VW|NH31H,-0.7626503,-0.5188805,0,3
1BJ1_HL_VW|SH105T,-0.39039657,-0.40191457,0,3
1BJ1_HL_VW|TH28D,-0.22003505,-0.19748881,0,3
"1BJ1_HL_VW|TH28D,NH31H",-0.6929008,-0.7958837,0,3
"1BJ1_HL_VW|TH28D,NH31H,YH54W,HH101Y,SH105T",-1.2034981,-1.6727227,0,3
1BJ1_HL_VW|TH59A,0.85066694,1.5912087,0,3
1BJ1_HL_VW|YH27A,2.2425284,1.4099493,0,3
1BJ1_HL_VW|YH54A,1.3276595,0.63928,0,3
1BJ1_HL_VW|YH54W,-0.13726985,0.20767772,0,3
1BJ1_HL_VW|YH99A,4.0,0.7843223,0,3
1DQJ_AB_C|DB32A,2.0134337,1.2945487,0,3
"1DQJ_AB_C|DB32A,KC97A",1.1223834,1.1679261,0,3
1DQJ_AB_C|DC101A,1.3765504,0.5715808,0,3
1DQJ_AB_C|KC96A,4.0,0.5563185,0,3
1DQJ_AB_C|KC97A,3.5197058,-0.00031318516,0,3
1DQJ_AB_C|LC75A,1.452407,-0.074503556,0,3
1DQJ_AB_C|NA31A,2.0134337,0.5605938,0,3
1DQJ_AB_C|NA32A,4.0,0.5992587,0,3
"1DQJ_AB_C|NA32A,KC96A",4.0,1.3042458,0,3
1DQJ_AB_C|NC93A,0.64987326,-0.26629895,0,3
1DQJ_AB_C|RC21A,1.2137709,-0.27773333,0,3
1DQJ_AB_C|SA91A,1.4318883,1.0825591,0,3
"1DQJ_AB_C|SA91A,RC21A",3.1707318,1.1820164,0,3
"1DQJ_AB_C|SA91A,YC20A",3.573092,2.1509485,0,3
1DQJ_AB_C|SC100A,0.7755829,0.5152239,0,3
1DQJ_AB_C|TC89A,0.84084374,0.2793985,0,3
1DQJ_AB_C|WB98A,4.0,1.3642994,0,3
"1DQJ_AB_C|WB98A,KC97A",4.0,1.5316298,0,3
"1DQJ_AB_C|WB98A,SC100A",4.0,1.6203271,0,3
"1DQJ_AB_C|WB98A,YC20A",4.0,3.069469,0,3
1DQJ_AB_C|WC62A,0.7580786,0.5309544,0,3
1DQJ_AB_C|WC63A,1.3462692,0.74340683,0,3
1DQJ_AB_C|YA50A,2.678299,1.4904877,0,3
1DQJ_AB_C|YA96A,1.135051,1.5370578,0,3
"1DQJ_AB_C|YA96A,RC21A",3.4851997,1.542713,0,3
"1DQJ_AB_C|YA96A,SC100A",0.91344726,1.8811101,0,3
1DQJ_AB_C|YB33A,4.0,3.2061248,0,3
1DQJ_AB_C|YB50A,4.0,1.7677648,0,3
1DQJ_AB_C|YB53A,1.1802781,0.37894475,0,3
"1DQJ_AB_C|YB53A,DC101A",2.727121,0.9932604,0,3
"1DQJ_AB_C|YB53A,LC75A",1.2168618,0.5403022,0,3
"1DQJ_AB_C|YB53A,WC62A",1.286308,0.75054026,0,3
"1DQJ_AB_C|YB53A,WC63A",2.1992323,1.5155582,0,3
1DQJ_AB_C|YC20A,3.2857084,1.2666658,0,3
1XGT_AB_C|LB33A,2.1988916,2.1083634,0,3
1XGT_AB_C|LB33F,-1.8617703,-1.9911116,0,3
1XGT_AB_C|LB33I,-0.061315425,-0.39203343,0,3
1XGT_AB_C|LB33V,1.0463123,0.7274433,0,3
"3BDY_HL_V|DL28N,PL30A,RL31K,SL32T,TL97S,TL98S",-0.9690793,-0.7326213,0,3
"3BDY_HL_V|DL28N,PL30A,RL31K,SL32T,TL97S,TL98S,KH31S,DH32G,TH55S,NH56E,GH101V,DH103V",-2.7154896,-2.3564854,0,3
"3BDY_HL_V|DL28N,PL30A,RL31K,SL32T,TL97S,TL98S,KH31S,DH32G,TH55S,NH56E,GH101V,DH103V,RH51A,RH60A",-2.7728782,-1.5000222,0,3
"3BDY_HL_V|DL28N,PL30A,RL31K,SL32T,YL57F,TL97S,TL98S",-0.97316396,-0.33543554,0,3
"3BDY_HL_V|DL28N,PL30A,RL31K,SL32T,YL57F,TL97S,TL98S,KH31S,DH32G,TH55S,NH56E,GH101V,DH103V",-2.727121,-1.9310634,0,3
3HFM_HL_Y|DH32A,1.8982269,0.5130197,0,3
"3HFM_HL_Y|DH32A,KY97A",4.0,0.7547483,0,3
"3HFM_HL_Y|DH32A,KY97M",1.1234494,0.7082532,0,3
3HFM_HL_Y|DH32N,0.17036153,0.24149539,0,3
"3HFM_HL_Y|DH32N,KY97A",4.0,0.436198,0,3
"3HFM_HL_Y|DH32N,KY97M",0.3025042,0.40011933,0,3
3HFM_HL_Y|DY101A,1.2081919,0.73242056,0,3
3HFM_HL_Y|DY101E,2.132881,-0.110677436,0,3
3HFM_HL_Y|DY101F,2.3282614,-0.20916688,0,3
3HFM_HL_Y|DY101G,0.35884774,0.57648414,0,3
3HFM_HL_Y|DY101K,2.1245396,0.43342066,0,3
3HFM_HL_Y|DY101N,1.4911126,0.48245174,0,3
3HFM_HL_Y|DY101Q,2.0851746,-0.1498321,0,3
3HFM_HL_Y|DY101R,2.2798727,0.32682583,0,3
3HFM_HL_Y|DY101S,1.8694,0.0021115877,0,3
3HFM_HL_Y|GY102V,0.395285,0.13998978,0,3
3HFM_HL_Y|HY15A,-0.4453172,0.5399901,0,3
3HFM_HL_Y|IY98A,0.0,0.15441732,0,3
3HFM_HL_Y|KY96A,4.0,0.6161819,0,3
3HFM_HL_Y|KY96M,4.0,0.449815,0,3
3HFM_HL_Y|KY96R,4.0,0.011263292,0,3
3HFM_HL_Y|KY97A,4.0,0.025573317,0,3
3HFM_HL_Y|KY97D,4.0,-0.020517407,0,3
3HFM_HL_Y|KY97E,3.6045077,0.056116585,0,3
3HFM_HL_Y|KY97G,4.0,0.059120376,0,3
3HFM_HL_Y|KY97M,0.9469717,0.04961953,0,3
3HFM_HL_Y|KY97R,3.0528512,-0.07947029,0,3
3HFM_HL_Y|LY75A,0.70445603,-0.043393277,0,3
3HFM_HL_Y|NL31A,4.0,0.82034844,0,3
"3HFM_HL_Y|NL31A,KY96A",4.0,2.1271584,0,3
3HFM_HL_Y|NL31D,1.3434845,-1.0172149,0,3
3HFM_HL_Y|NL31E,4.0,-0.065856956,0,3
3HFM_HL_Y|NL32A,4.0,0.8738515,0,3
3HFM_HL_Y|NY19D,0.41047263,-0.19477221,0,3
3HFM_HL_Y|NY19K,0.2401111,0.43040252,0,3
3HFM_HL_Y|NY19Q,-0.042485796,-0.17185654,0,3
3HFM_HL_Y|NY93A,0.21121821,-0.39006886,0,3
3HFM_HL_Y|QL53A,0.9530879,0.2128513,0,3
3HFM_HL_Y|RY21A,0.8618019,0.03216005,0,3
3HFM_HL_Y|RY21E,2.4534352,-0.43961173,0,3
3HFM_HL_Y|RY21G,2.4220753,0.0060070083,0,3
3HFM_HL_Y|RY21H,2.1693182,-0.44679573,0,3
3HFM_HL_Y|RY21K,1.766342,0.2532285,0,3
3HFM_HL_Y|RY21M,2.0498905,0.14789414,0,3
3HFM_HL_Y|RY21N,2.3282614,0.21179232,0,3
3HFM_HL_Y|RY21Q,2.3975346,-0.15581498,0,3
3HFM_HL_Y|RY21W,2.132881,0.107254475,0,3
3HFM_HL_Y|RY73A,-0.3313971,0.2716022,0,3
3HFM_HL_Y|SH31A,0.17036153,0.69754636,0,3
3HFM_HL_Y|SY100A,0.26765963,0.40562788,0,3
3HFM_HL_Y|TY89A,0.0,0.74015754,0,3
3HFM_HL_Y|WH98A,4.0,0.8998963,0,3
"3HFM_HL_Y|WH98A,KY96A",4.0,2.5536265,0,3
3HFM_HL_Y|WH98F,3.245562,0.5616535,0,3
"3HFM_HL_Y|WH98F,YY20A",4.0,2.3117802,0,3
3HFM_HL_Y|WY63A,0.31918663,0.94546545,0,3
3HFM_HL_Y|YH33A,4.0,2.693357,0,3
"3HFM_HL_Y|YH33A,KY97A",4.0,2.8481855,0,3
3HFM_HL_Y|YH33F,1.0712212,-0.613639,0,3
3HFM_HL_Y|YH33L,2.0069382,1.1719543,0,3
3HFM_HL_Y|YH33W,1.7495645,0.97348684,0,3
3HFM_HL_Y|YH50A,4.0,2.2825422,0,3
"3HFM_HL_Y|YH50A,RY21A",4.0,2.3899443,0,3
3HFM_HL_Y|YH50F,1.6099914,0.37484437,0,3
3HFM_HL_Y|YH50L,2.8488367,0.6450118,0,3
3HFM_HL_Y|YH53A,3.25038,0.87482494,0,3
3HFM_HL_Y|YH53F,0.62049925,0.6701198,0,3
3HFM_HL_Y|YH53L,0.8068894,0.80291516,0,3
3HFM_HL_Y|YH53W,0.7061819,0.39851624,0,3
3HFM_HL_Y|YH58A,1.6760437,2.2460568,0,3
3HFM_HL_Y|YH58F,0.36312544,0.8918241,0,3
3HFM_HL_Y|YH58L,1.5136731,1.0152229,0,3
3HFM_HL_Y|YL50A,4.0,1.2613833,0,3
"3HFM_HL_Y|YL50A,KY96A",4.0,2.5585701,0,3
"3HFM_HL_Y|YL50A,KY97A",4.0,1.3089707,0,3
"3HFM_HL_Y|YL50A,RY21A",4.0,1.4714137,0,3
3HFM_HL_Y|YL50F,2.3548672,0.8755944,0,3
"3HFM_HL_Y|YL50F,RY21A",4.0,0.99295694,0,3
"3HFM_HL_Y|YL50F,YY20A",4.0,2.1862862,0,3
3HFM_HL_Y|YL50L,4.0,0.5317087,0,3
3HFM_HL_Y|YL96A,2.707045,1.6838874,0,3
"3HFM_HL_Y|YL96A,RY21A",4.0,1.863109,0,3
3HFM_HL_Y|YL96F,1.4017794,0.86512536,0,3
"3HFM_HL_Y|YL96F,RY21A",4.0,0.90112233,0,3
3HFM_HL_Y|YY20A,4.0,1.235196,0,3
3HFM_HL_Y|YY20F,-0.4839681,0.15825137,0,3
3HFM_HL_Y|YY20L,2.1845057,1.1227474,0,3
3SE9_HL_G|DH77A,-0.7664817,0.15532123,0,3
3SE9_HL_G|EL90A,0.41735974,0.99145526,0,3
3SE9_HL_G|FL91A,0.023615688,0.57203937,0,3
3SE9_HL_G|GH106A,-0.3075798,0.20715368,0,3
3SE9_HL_G|GH107A,-0.6151596,0.22112462,0,3
3SE9_HL_G|GH109A,0.18514356,0.67412794,0,3
3SE9_HL_G|GH57A,0.4524448,1.0004256,0,3
3SE9_HL_G|GH62A,0.04634,0.33531025,0,3
3SE9_HL_G|GL29A,0.46369976,0.64116853,0,3
3SE9_HL_G|LH34A,0.56599987,1.0242795,0,3
3SE9_HL_G|LL89A,0.964243,1.0415984,0,3
3SE9_HL_G|NH60A,1.5217615,0.99098843,0,3
3SE9_HL_G|PH64A,-0.4419396,-0.25565243,0,3
3SE9_HL_G|RH67A,1.4695449,0.6602087,0,3
3SE9_HL_G|RH74A,2.6792572,1.6760539,0,3
3SE9_HL_G|RH76A,-0.2322162,0.93928224,0,3
3SE9_HL_G|TH105A,-0.4419396,-0.11080302,0,3
3SE9_HL_G|TH56A,-0.85929936,0.14216243,0,3
3SE9_HL_G|VH55A,-0.85929936,0.1830445,0,3
3SE9_HL_G|VH59A,0.9833596,1.1740505,0,3
3SE9_HL_G|VL3A,-0.49433115,0.69670177,0,3
3SE9_HL_G|WH48A,1.0584464,1.4179752,0,3
3SE9_HL_G|WH51A,1.275695,1.6285533,0,3
3SE9_HL_G|YH104A,0.46369976,1.2790513,0,3
3SE9_HL_G|YL28A,1.1177194,1.703351,0,3
4U6H_AB_E|NE21A,-0.3480795,-0.32419562,0,3
4U6H_AB_E|QE25A,0.11883454,1.0669923,0,3
4ZS6_HL_A|EA156A,3.0386665,0.2335021,0,3
4ZS6_HL_A|YA160A,-0.11025046,3.6219518,0,3
1AHW_AB_C|DC167A,-0.4845926,1.3919992,0,4
"1AHW_AB_C|KC138A,DC139A",1.1814722,2.4237676,0,4
"1AHW_AB_C|KC154A,KC155A",-1.329712,1.310264,0,4
1AHW_AB_C|LC165A,0.9869364,1.2582058,0,4
1AHW_AB_C|NC188A,1.0782224,1.6982745,0,4
"1AHW_AB_C|TC110A,KC111A",0.6388569,1.2156549,0,4
1AHW_AB_C|TC156A,-0.07411996,0.6583468,0,4
1AHW_AB_C|TC159A,1.105771,1.8308202,0,4
1AHW_AB_C|TC186A,1.345882,0.8267033,0,4
1AHW_AB_C|VC187A,-0.31423107,1.2666576,0,4
1AHW_AB_C|YC146A,-1.8890098,0.9755535,0,4
1BJ1_HL_VW|HH101Y,-1.5835956,-2.2518249,0,4
"1BJ1_HL_VW|HH101Y,YH103I,GH104A,SH105K",-0.43125325,-1.0185661,0,4
"1BJ1_HL_VW|HH101Y,YH103R,GH104N,SH105T",-0.7626503,-2.5462985,0,4
"1BJ1_HL_VW|HH101Y,YH103R,SH105T",-1.173123,-2.5172215,0,4
1BJ1_HL_VW|HH107A,0.78965265,-0.56481147,0,4
"1BJ1_HL_VW|LH72I,TH74K",0.076517485,0.9709399,0,4
"1BJ1_HL_VW|LH72V,TH74V",0.6706598,0.3789567,0,4
"1BJ1_HL_VW|ML4L,TH28D,NH31H,HH101Y,SH105T",-1.52138,-2.9239655,0,4
1BJ1_HL_VW|NH31H,-0.7626503,-0.19649962,0,4
1BJ1_HL_VW|SH105T,-0.39039657,-0.3422113,0,4
1BJ1_HL_VW|TH28D,-0.22003505,-0.077499434,0,4
"1BJ1_HL_VW|TH28D,NH31H",-0.6929008,-0.52067566,0,4
"1BJ1_HL_VW|TH28D,NH31H,YH54W,HH101Y,SH105T",-1.2034981,-3.125815,0,4
1BJ1_HL_VW|TH59A,0.85066694,0.7613522,0,4
1BJ1_HL_VW|YH27A,2.2425284,0.5714009,0,4
1BJ1_HL_VW|YH54A,1.3276595,1.3017789,0,4
1BJ1_HL_VW|YH54W,-0.13726985,-0.35324213,0,4
1BJ1_HL_VW|YH99A,4.0,0.68532825,0,4
1DQJ_AB_C|DB32A,2.0134337,0.871897,0,4
"1DQJ_AB_C|DB32A,KC97A",1.1223834,0.634784,0,4
1DQJ_AB_C|DC101A,1.3765504,1.0474241,0,4
1DQJ_AB_C|KC96A,4.0,1.2581496,0,4
1DQJ_AB_C|KC97A,3.5197058,0.4195629,0,4
1DQJ_AB_C|LC75A,1.452407,0.36585537,0,4
1DQJ_AB_C|NA31A,2.0134337,0.85284424,0,4
1DQJ_AB_C|NA32A,4.0,0.32267442,0,4
"1DQJ_AB_C|NA32A,KC96A",4.0,1.1137868,0,4
1DQJ_AB_C|NC93A,0.64987326,0.3071777,0,4
1DQJ_AB_C|RC21A,1.2137709,0.8159754,0,4
1DQJ_AB_C|SA91A,1.4318883,0.51355445,0,4
"1DQJ_AB_C|SA91A,RC21A",3.1707318,1.4414059,0,4
"1DQJ_AB_C|SA91A,YC20A",3.573092,1.6661903,0,4
1DQJ_AB_C|SC100A,0.7755829,1.6789548,0,4
1DQJ_AB_C|TC89A,0.84084374,1.2030658,0,4
1DQJ_AB_C|WB98A,4.0,1.7056775,0,4
"1DQJ_AB_C|WB98A,KC97A",4.0,1.5309081,0,4
"1DQJ_AB_C|WB98A,SC100A",4.0,4.2496557,0,4
"1DQJ_AB_C|WB98A,YC20A",4.0,3.606461,0,4
1DQJ_AB_C|WC62A,0.7580786,2.7831123,0,4
1DQJ_AB_C|WC63A,1.3462692,2.0266826,0,4
1DQJ_AB_C|YA50A,2.678299,1.0618241,0,4
1DQJ_AB_C|YA96A,1.135051,1.1896677,0,4
"1DQJ_AB_C|YA96A,RC21A",3.4851997,2.032859,0,4
"1DQJ_AB_C|YA96A,SC100A",0.91344726,2.722996,0,4
1DQJ_AB_C|YB33A,4.0,2.7411802,0,4
1DQJ_AB_C|YB50A,4.0,1.3945354,0,4
1DQJ_AB_C|YB53A,1.1802781,0.56890297,0,4
"1DQJ_AB_C|YB53A,DC101A",2.727121,1.4125743,0,4
"1DQJ_AB_C|YB53A,LC75A",1.2168618,0.8264334,0,4
"1DQJ_AB_C|YB53A,WC62A",1.286308,2.5909462,0,4
"1DQJ_AB_C|YB53A,WC63A",2.1992323,2.1552403,0,4
1DQJ_AB_C|YC20A,3.2857084,1.1201863,0,4
1XGT_AB_C|LB33A,2.1988916,1.6591043,0,4
1XGT_AB_C|LB33F,-1.8617703,-1.7087518,0,4
1XGT_AB_C|LB33I,-0.061315425,-0.34709415,0,4
1XGT_AB_C|LB33V,1.0463123,0.8272401,0,4
"3BDY_HL_V|DL28N,PL30A,RL31K,SL32T,TL97S,TL98S",-0.9690793,-0.7334895,0,4
"3BDY_HL_V|DL28N,PL30A,RL31K,SL32T,TL97S,TL98S,KH31S,DH32G,TH55S,NH56E,GH101V,DH103V",-2.7154896,-2.4711764,0,4
"3BDY_HL_V|DL28N,PL30A,RL31K,SL32T,TL97S,TL98S,KH31S,DH32G,TH55S,NH56E,GH101V,DH103V,RH51A,RH60A",-2.7728782,-2.133813,0,4
"3BDY_HL_V|DL28N,PL30A,RL31K,SL32T,YL57F,TL97S,TL98S",-0.97316396,-0.8012341,0,4
"3BDY_HL_V|DL28N,PL30A,RL31K,SL32T,YL57F,TL97S,TL98S,KH31S,DH32G,TH55S,NH56E,GH101V,DH103V",-2.727121,-2.532799,0,4
3HFM_HL_Y|DH32A,1.8982269,-0.2817035,0,4
"3HFM_HL_Y|DH32A,KY97A",4.0,0.19941449,0,4
"3HFM_HL_Y|DH32A,KY97M",1.1234494,0.077227324,0,4
3HFM_HL_Y|DH32N,0.17036153,-0.23099685,0,4
"3HFM_HL_Y|DH32N,KY97A",4.0,0.37315091,0,4
"3HFM_HL_Y|DH32N,KY97M",0.3025042,0.26613766,0,4
3HFM_HL_Y|DY101A,1.2081919,1.0127517,0,4
3HFM_HL_Y|DY101E,2.132881,-0.04300461,0,4
3HFM_HL_Y|DY101F,2.3282614,0.09935978,0,4
3HFM_HL_Y|DY101G,0.35884774,-0.07007537,0,4
3HFM_HL_Y|DY101K,2.1245396,0.38615686,0,4
3HFM_HL_Y|DY101N,1.4911126,0.51285267,0,4
3HFM_HL_Y|DY101Q,2.0851746,-0.40582976,0,4
3HFM_HL_Y|DY101R,2.2798727,0.037511192,0,4
3HFM_HL_Y|DY101S,1.8694,0.15685171,0,4
3HFM_HL_Y|GY102V,0.395285,-0.27533126,0,4
3HFM_HL_Y|HY15A,-0.4453172,0.47380665,0,4
3HFM_HL_Y|IY98A,0.0,0.38368025,0,4
3HFM_HL_Y|KY96A,4.0,1.2481347,0,4
3HFM_HL_Y|KY96M,4.0,0.9612043,0,4
3HFM_HL_Y|KY96R,4.0,0.18952881,0,4
3HFM_HL_Y|KY97A,4.0,0.6719761,0,4
3HFM_HL_Y|KY97D,4.0,0.4739956,0,4
3HFM_HL_Y|KY97E,3.6045077,0.39706406,0,4
3HFM_HL_Y|KY97G,4.0,0.39085743,0,4
3HFM_HL_Y|KY97M,0.9469717,0.68387973,0,4
3HFM_HL_Y|KY97R,3.0528512,-0.09244451,0,4
3HFM_HL_Y|LY75A,0.70445603,0.5608728,0,4
3HFM_HL_Y|NL31A,4.0,1.2053272,0,4
"3HFM_HL_Y|NL31A,KY96A",4.0,3.1113064,0,4
3HFM_HL_Y|NL31D,1.3434845,-0.5594915,0,4
3HFM_HL_Y|NL31E,4.0,0.08991718,0,4
3HFM_HL_Y|NL32A,4.0,0.15025128,0,4
3HFM_HL_Y|NY19D,0.41047263,0.50830966,0,4
3HFM_HL_Y|NY19K,0.2401111,0.8652805,0,4
3HFM_HL_Y|NY19Q,-0.042485796,0.29739296,0,4
3HFM_HL_Y|NY93A,0.21121821,0.3945108,0,4
3HFM_HL_Y|QL53A,0.9530879,-0.80543876,0,4
3HFM_HL_Y|RY21A,0.8618019,1.1116573,0,4
3HFM_HL_Y|RY21E,2.4534352,0.124707215,0,4
3HFM_HL_Y|RY21G,2.4220753,0.46471778,0,4
3HFM_HL_Y|RY21H,2.1693182,-0.1990622,0,4
3HFM_HL_Y|RY21K,1.766342,0.44142613,0,4
3HFM_HL_Y|RY21M,2.0498905,1.0771152,0,4
3HFM_HL_Y|RY21N,2.3282614,0.71898305,0,4
3HFM_HL_Y|RY21Q,2.3975346,-0.12553981,0,4
3HFM_HL_Y|RY21W,2.132881,0.5137476,0,4
3HFM_HL_Y|RY73A,-0.3313971,1.1335326,0,4
3HFM_HL_Y|SH31A,0.17036153,0.90824986,0,4
3HFM_HL_Y|SY100A,0.26765963,1.2661467,0,4
3HFM_HL_Y|TY89A,0.0,1.3223943,0,4
3HFM_HL_Y|WH98A,4.0,2.4676692,0,4
"3HFM_HL_Y|WH98A,KY96A",4.0,4.315171,0,4
3HFM_HL_Y|WH98F,3.245562,0.8218472,0,4
"3HFM_HL_Y|WH98F,YY20A",4.0,3.7278898,0,4
3HFM_HL_Y|WY63A,0.31918663,1.9310107,0,4
3HFM_HL_Y|YH33A,4.0,2.2584348,0,4
"3HFM_HL_Y|YH33A,KY97A",4.0,2.3801048,0,4
3HFM_HL_Y|YH33F,1.0712212,-0.9330621,0,4
3HFM_HL_Y|YH33L,2.0069382,0.8196868,0,4
3HFM_HL_Y|YH33W,1.7495645,0.2916499,0,4
3HFM_HL_Y|YH50A,4.0,1.8929694,0,4
"3HFM_HL_Y|YH50A,RY21A",4.0,3.414278,0,4
3HFM_HL_Y|YH50F,1.6099914,0.13467067,0,4
3HFM_HL_Y|YH50L,2.8488367,0.42387095,0,4
3HFM_HL_Y|YH53A,3.25038,0.7723781,0,4
3HFM_HL_Y|YH53F,0.62049925,0.41120192,0,4
3HFM_HL_Y|YH53L,0.8068894,1.0055094,0,4
3HFM_HL_Y|YH53W,0.7061819,-0.30826095,0,4
3HFM_HL_Y|YH58A,1.6760437,1.081493,0,4
3HFM_HL_Y|YH58F,0.36312544,0.21630836,0,4
3HFM_HL_Y|YH58L,1.5136731,0.5120425,0,4
3HFM_HL_Y|YL50A,4.0,0.4032066,0,4
"3HFM_HL_Y|YL50A,KY96A",4.0,2.0990367,0,4
"3HFM_HL_Y|YL50A,KY97A",4.0,1.0597978,0,4
"3HFM_HL_Y|YL50A,RY21A",4.0,1.5613443,0,4
3HFM_HL_Y|YL50F,2.3548672,0.1664637,0,4
"3HFM_HL_Y|YL50F,RY21A",4.0,1.5007358,0,4
"3HFM_HL_Y|YL50F,YY20A",4.0,1.5946407,0,4
3HFM_HL_Y|YL50L,4.0,0.37124506,0,4
3HFM_HL_Y|YL96A,2.707045,0.9275967,0,4
"3HFM_HL_Y|YL96A,RY21A",4.0,1.7661806,0,4
3HFM_HL_Y|YL96F,1.4017794,0.46259645,0,4
"3HFM_HL_Y|YL96F,RY21A",4.0,1.4714644,0,4
3HFM_HL_Y|YY20A,4.0,1.4446507,0,4
3HFM_HL_Y|YY20F,-0.4839681,0.11992411,0,4
3HFM_HL_Y|YY20L,2.1845057,1.0540922,0,4
3SE9_HL_G|DH77A,-0.7664817,0.40750593,0,4
3SE9_HL_G|EL90A,0.41735974,1.4630597,0,4
3SE9_HL_G|FL91A,0.023615688,0.32632515,0,4
3SE9_HL_G|GH106A,-0.3075798,0.34552222,0,4
3SE9_HL_G|GH107A,-0.6151596,-0.06877802,0,4
3SE9_HL_G|GH109A,0.18514356,0.55683434,0,4
3SE9_HL_G|GH57A,0.4524448,0.7311398,0,4
3SE9_HL_G|GH62A,0.04634,0.45989612,0,4
3SE9_HL_G|GL29A,0.46369976,0.5242348,0,4
3SE9_HL_G|LH34A,0.56599987,0.9969847,0,4
3SE9_HL_G|LL89A,0.964243,0.37862808,0,4
3SE9_HL_G|NH60A,1.5217615,0.83815694,0,4
3SE9_HL_G|PH64A,-0.4419396,-0.09136738,0,4
3SE9_HL_G|RH67A,1.4695449,0.2231221,0,4
3SE9_HL_G|RH74A,2.6792572,2.6191769,0,4
3SE9_HL_G|RH76A,-0.2322162,1.3574523,0,4
3SE9_HL_G|TH105A,-0.4419396,0.54501164,0,4
3SE9_HL_G|TH56A,-0.85929936,0.3876052,0,4
3SE9_HL_G|VH55A,-0.85929936,0.11638668,0,4
3SE9_HL_G|VH59A,0.9833596,1.3679546,0,4
3SE9_HL_G|VL3A,-0.49433115,-0.18644786,0,4
3SE9_HL_G|WH48A,1.0584464,1.3011798,0,4
3SE9_HL_G|WH51A,1.275695,1.4977307,0,4
3SE9_HL_G|YH104A,0.46369976,1.4545081,0,4
3SE9_HL_G|YL28A,1.1177194,0.7223222,0,4
4U6H_AB_E|NE21A,-0.3480795,0.30343574,0,4
4U6H_AB_E|QE25A,0.11883454,2.012357,0,4
4ZS6_HL_A|EA156A,3.0386665,0.69429374,0,4
4ZS6_HL_A|YA160A,-0.11025046,3.948929,0,4
1KIP_AB_C|AB32Y,-0.8005932,-1.267219,1,0
1XGU_AB_C|FB33A,4.0,0.5544203,1,0
1XGU_AB_C|FB33I,1.8004549,0.079026386,1,0
1XGU_AB_C|FB33L,1.8617703,-0.06516589,1,0
1XGU_AB_C|FB33V,2.9080825,-0.12858859,1,0
2B2X_HL_A|EH64K,-0.033433665,0.7208657,1,0
"2B2X_HL_A|EH64K,QL28S,YL52N",0.911615,0.7648875,1,0
"2B2X_HL_A|EH64K,QL28S,YL52N,GH102S",2.7106705,0.7404122,1,0
"2B2X_HL_A|EH64K,QL28S,YL52N,SH35A",3.119054,1.8770093,1,0
"2B2X_HL_A|EH64K,QL28S,YL52N,SH35V",3.770335,1.1533221,1,0
"2B2X_HL_A|EH64K,YL52N",0.34853002,0.9461978,1,0
"2B2X_HL_A|QL28S,YL52N",0.8626942,0.30611202,1,0
2B2X_HL_A|VH50T,0.024054652,0.29672316,1,0
"2B2X_HL_A|VH50T,EH64D,QL28S,YL52N",0.87177193,0.8124889,1,0
"2B2X_HL_A|VH50T,EH64K,QL28S",0.991589,0.7138329,1,0
"2B2X_HL_A|VH50T,EH64K,QL28S,YL52D",1.5439764,0.92718095,1,0
"2B2X_HL_A|VH50T,EH64K,QL28S,YL52E",0.95452905,0.9309256,1,0
"2B2X_HL_A|VH50T,EH64K,QL28S,YL52K",1.7007239,1.3808559,1,0
"2B2X_HL_A|VH50T,EH64K,QL28S,YL52N",1.043214,1.1434921,1,0
"2B2X_HL_A|VH50T,EH64K,QL28S,YL52N,FH99W",1.043214,0.6926665,1,0
"2B2X_HL_A|VH50T,EH64K,QL28S,YL52N,FH99Y",1.7978828,0.3658868,1,0
"2B2X_HL_A|VH50T,EH64K,QL28S,YL52N,GH100F",1.4322319,1.8715024,1,0
"2B2X_HL_A|VH50T,EH64K,QL28S,YL52N,GH100L",3.770335,1.7222408,1,0
"2B2X_HL_A|VH50T,EH64K,QL28S,YL52N,GH100M",1.145348,1.452606,1,0
"2B2X_HL_A|VH50T,EH64K,QL28S,YL52N,GH100S",1.6009614,1.3192334,1,0
"2B2X_HL_A|VH50T,EH64K,QL28S,YL52N,GH53A",1.5558206,2.1774373,1,0
"2B2X_HL_A|VH50T,EH64K,QL28S,YL52N,GH53N",2.2985272,1.4769661,1,0
"2B2X_HL_A|VH50T,EH64K,QL28S,YL52N,GH53S",1.7188073,1.2593911,1,0
"2B2X_HL_A|VH50T,EH64K,QL28S,YL52N,GH54I",2.4067745,1.7288122,1,0
"2B2X_HL_A|VH50T,EH64K,QL28S,YL52N,GH54T",2.2073808,1.9250257,1,0
"2B2X_HL_A|VH50T,EH64K,QL28S,YL52N,GH54Y",1.043214,0.81791466,1,0
"2B2X_HL_A|VH50T,EH64K,QL28S,YL52N,GL92Q",2.6158988,1.3165967,1,0
"2B2X_HL_A|VH50T,EH64K,QL28S,YL52N,GL92S",1.5558206,1.1305931,1,0
"2B2X_HL_A|VH50T,EH64K,QL28S,YL52N,HL31K",2.2073808,1.459858,1,0
"2B2X_HL_A|VH50T,EH64K,QL28S,YL52N,HL31R",2.1670115,1.001601,1,0
"2B2X_HL_A|VH50T,EH64K,QL28S,YL52N,HL31W",2.2985272,1.1830925,1,0
"2B2X_HL_A|VH50T,EH64K,QL28S,YL52N,LH60D",0.981894,0.91771,1,0
"2B2X_HL_A|VH50T,EH64K,QL28S,YL52N,LL49F",1.7554936,1.4948648,1,0
"2B2X_HL_A|VH50T,EH64K,QL28S,YL52N,LL49K",1.9044149,1.4149892,1,0
"2B2X_HL_A|VH50T,EH64K,QL28S,YL52N,LL49W",2.9507816,1.0357223,1,0
"2B2X_HL_A|VH50T,EH64K,QL28S,YL52N,NL30V",2.0925434,1.0320445,1,0
"2B2X_HL_A|VH50T,EH64K,QL28S,YL52N,NL30W",2.6158988,0.9321056,1,0
"2B2X_HL_A|VH50T,EH64K,QL28S,YL52N,NL30Y",2.9507816,0.51444733,1,0
"2B2X_HL_A|VH50T,EH64K,QL28S,YL52N,NL30Y,SL91I",1.4775821,0.7002875,1,0
"2B2X_HL_A|VH50T,EH64K,QL28S,YL52N,RH31Q",2.350542,1.129809,1,0
"2B2X_HL_A|VH50T,EH64K,QL28S,YL52N,SH35A",2.6158988,2.2613986,1,0
"2B2X_HL_A|VH50T,EH64K,QL28S,YL52N,SH35A,GH102S",2.6158988,2.200796,1,0
"2B2X_HL_A|VH50T,EH64K,QL28S,YL52N,SH35Q",3.770335,1.806972,1,0
"2B2X_HL_A|VH50T,EH64K,QL28S,YL52N,SH35V,GH102S",2.4688888,1.5114213,1,0
"2B2X_HL_A|VH50T,EH64K,QL28S,YL52N,SH52M",3.119054,1.2896539,1,0
"2B2X_HL_A|VH50T,EH64K,QL28S,YL52N,SL24R",0.82788163,1.1693122,1,0
"2B2X_HL_A|VH50T,EH64K,QL28S,YL52N,SL91Q",2.8172472,1.2083404,1,0
"2B2X_HL_A|VH50T,EH64K,QL28S,YL52N,SL91R",3.770335,1.0154757,1,0
"2B2X_HL_A|VH50T,EH64K,QL28S,YL52N,SL91R,NL30E",3.770335,0.8391643,1,0
"2B2X_HL_A|VH50T,EH64K,QL28S,YL52N,SL91T",3.3598623,1.4707835,1,0
"2B2X_HL_A|VH50T,EH64K,QL28S,YL52N,TH33E,GH53Q",2.7106705,1.189145,1,0
"2B2X_HL_A|VH50T,EH64K,QL28S,YL52N,TH33I,SH52T,GH53N,GH54N",2.9507816,2.7065558,1,0
"2B2X_HL_A|VH50T,EH64K,QL28S,YL52N,TH33I,SH52T,GH53Q,GH54F",2.2985272,2.8972178,1,0
"2B2X_HL_A|VH50T,EH64K,QL28S,YL52N,TH33N",3.770335,0.9454151,1,0
"2B2X_HL_A|VH50T,EH64K,QL28S,YL52N,TH33V",1.4775821,0.86842626,1,0
"2B2X_HL_A|VH50T,EH64K,QL28S,YL52N,WL90Q",3.119054,1.6256225,1,0
"2B2X_HL_A|VH50T,EH64K,QL28S,YL52N,WL90Q,FL33Y",1.914233,1.0753207,1,0
"2B2X_HL_A|VH50T,EH64K,QL28S,YL52N,YH58E",3.119054,1.3251406,1,0
"2B2X_HL_A|VH50T,EH64K,QL28S,YL52N,YH58Q",3.119054,1.7816701,1,0
"2B2X_HL_A|VH50T,EH64K,QL28S,YL52N,YH58W",1.8641591,1.3315306,1,0
"2B2X_HL_A|VH50T,EH64K,QL28S,YL52N,YH59E",1.5872209,1.387457,1,0
"2B2X_HL_A|VH50T,EH64K,QL28S,YL52R",1.8880546,1.0949116,1,0
"2B2X_HL_A|VH50T,EH64K,YL52N",0.28173435,1.3190503,1,0
"2B2X_HL_A|VH50T,EH64N,QL28S,YL52N",1.0069425,0.9595843,1,0
"2B2X_HL_A|VH50T,EH64Q,QL28S,YL52N",0.96559924,1.0057557,1,0
"2B2X_HL_A|VH50T,EH64Q,QL28S,YL52N,LH60D",1.0862032,0.7899475,1,0
"2B2X_HL_A|VH50T,QL28S,YL52N",0.96559924,0.6906576,1,0
"2B2X_HL_A|VH50T,QL28S,YL52N,LH60D",0.90141344,0.47014886,1,0
"2B2X_HL_A|VH50T,YL52N",0.18636756,0.7799209,1,0
2B2X_HL_A|YL52E,-0.22410508,0.18536298,1,0
2VIR_AB_C|SC115L,3.680209,0.12131457,1,0
2VIR_AB_C|TC89I,4.0,0.18731955,1,0
"3G6D_LH_A|EL3V,GL76R,TL77V,QL78E,EL80G",0.13981691,0.16671176,1,0
"3G6D_LH_A|EL3V,GL76R,TL77V,QL78E,EL80G,DH54N",0.111178115,0.3350545,1,0
"3G6D_LH_A|EL3V,GL76R,TL77V,QL78E,EL80G,TL89S,ML92I,VL93D,TL94K",0.27145106,-0.61834556,1,0
3G6D_LH_A|HH104A,-0.9530879,0.29615635,1,0
"3G6D_LH_A|KH210T,KH215T",-0.13294782,0.048936218,1,0
"3G6D_LH_A|TL89S,ML92I,VL93D,TL94K",0.7979767,-0.8346044,1,0
3G6D_LH_A|WH105A,-1.4965084,0.75622284,1,0
"3IDX_HL_G|CG27I,CG242Q",-2.4650376,-0.1753809,1,0
"3IDX_HL_G|CG27I,CG242Q,MG247A",-2.1736174,0.69867206,1,0
"3IDX_HL_G|KG85C,EG121C,CG27I,CG242Q",-2.3776865,0.33980212,1,0
"3IDX_HL_G|KG85C,EG121C,WG13M,MG247A,CG14W,CG129V,CG27I,CG242Q",-2.1922898,0.8510932,1,0
"3IDX_HL_G|KG85C,EG122C,WG13M,MG247A,CG14W,CG129V,CG27I,CG242Q",-2.2927184,0.8471541,1,0
"3IDX_HL_G|TG41C,GG245C,MG247A",0.40945426,0.73676753,1,0
"3IDX_HL_G|TG41C,GG245C,WG13M,MG247A,CG14W,CG129V,CG27I,CG242Q",-2.3310676,0.34809384,1,0
"3IDX_HL_G|WG13M,MG247A,CG14W,CG129V",-0.6475391,0.47424543,1,0
"3IDX_HL_G|WG13M,MG247A,CG14W,CG129V,CG27I,CG242Q",-2.3479884,0.490472,1,0
"3IDX_HL_G|WG13M,MG247A,CG14W,CG129V,KG85C,EG121C",-0.36166522,0.9027621,1,0
"3IDX_HL_G|WG13M,SG111T,WG200S,MG247A,CG14W,CG129V,CG27I,CG242Q",-1.8639641,0.32615864,1,0
"3L5X_A_HL|EL93F,YL94G",-0.42800838,0.86580867,1,0
"3L5X_A_HL|EL93H,YL94G",-0.7626503,0.51498574,1,0
"3L5X_A_HL|HL91P,NL92I,EL93D,YL94A",-0.6466697,1.9035867,1,0
"3L5X_A_HL|HL91P,NL92L,EL93D,YL94S",-0.6327897,1.2761893,1,0
"3L5X_A_HL|HL91P,NL92L,EL93D,YL94T",-0.81005055,1.7700654,1,0
"3L5X_A_HL|HL91P,NL92L,EL93D,YL94V",-0.85822237,1.308114,1,0
"3L5X_A_HL|HL91P,NL92L,YL94A",-0.44441348,1.918786,1,0
"3L5X_A_HL|HL91Q,NL92D,EL93I,YL94G",-1.5503801,1.281059,1,0
"3L5X_A_HL|HL91Q,NL92D,EL93L,YL94G",-1.785132,1.1998339,1,0
"3L5X_A_HL|HL91Q,NL92D,EL93Y,YL94G",-1.451453,0.044446122,1,0
"3L5X_A_HL|NL92D,EL93L,YL94G",-0.42962858,0.7711686,1,0
"3L5X_A_HL|NL92D,EL93N,YL94S",-0.53403836,0.68684083,1,0
"3L5X_A_HL|NL92D,EL93P,YL94G",-1.4699602,0.98693717,1,0
"3L5X_A_HL|NL92D,EL93R,YL94D",-0.52253926,0.43425965,1,0
"3L5X_A_HL|NL92D,EL93W,YL94E",-1.1963489,0.12847574,1,0
"3L5X_A_HL|NL92D,EL93W,YL94G",-1.6825228,0.27523333,1,0
"3L5X_A_HL|NL92D,EL93W,YL94S",-0.71612674,0.32414064,1,0
"3L5X_A_HL|NL92D,EL93Y,YL94A",-0.8069743,0.4706896,1,0
"3L5X_A_HL|NL92E,EL93S,YL94G",-1.2653587,0.33247498,1,0
"3L5X_A_HL|NL92E,EL93W,YL94G",-1.5503801,0.04160062,1,0
"3L5X_A_HL|NL92F,EL93W,YL94G",-1.2329907,0.5903441,1,0
"3L5X_A_HL|NL92L,EL93D,YL94S",-0.6170473,0.6262974,1,0
"3L5X_A_HL|NL92L,EL93L,YL94G",-0.6259698,0.8835876,1,0
"3L5X_A_HL|NL92L,EL93M,YL94G",-0.82567644,0.7867192,1,0
"3L5X_A_HL|NL92L,EL93N,YL94G",-0.6954369,0.7717843,1,0
"3L5X_A_HL|NL92S,EL93H,YL94G",-1.2457265,0.43086535,1,0
"3L5X_A_HL|NL92S,EL93I,YL94G",-0.8069743,0.8272015,1,0
"3L5X_A_HL|NL92S,EL93S,YL94G",-0.24921271,0.4738033,1,0
"3L5X_A_HL|NL92S,EL93V,YL94G",-0.51687235,0.46183515,1,0
"3L5X_A_HL|NL92S,EL93W,YL94A",-0.30302802,0.84303004,1,0
"3L5X_A_HL|NL92S,EL93W,YL94G",-1.2720501,0.2995246,1,0
"3L5X_A_HL|NL92S,EL93Y,YL94G",-0.9641868,-0.12147969,1,0
"3L5X_A_HL|NL92V,EL93G,YL94G",-0.46300006,0.20415942,1,0
"3L5X_A_HL|NL92V,EL93W,YL94G",-0.83525383,0.22215863,1,0
3L5X_A_HL|YL94A,-0.82885176,0.78297156,1,0
3N85_A_LH|SH32A,-0.13401966,0.40058315,1,0
3N85_A_LH|SH32Y,0.0571225,-0.3411945,1,0
3N85_A_LH|SH50G,0.48767117,-0.39663693,1,0
3N85_A_LH|SH52Y,-0.78460336,-0.7078322,1,0
3N85_A_LH|WH100F,-0.015185109,0.35855958,1,0
3N85_A_LH|WH30K,-0.78460336,0.20891707,1,0
3N85_A_LH|WH30R,-0.5539675,0.04420071,1,0
3N85_A_LH|WL91F,0.13959166,0.81098634,1,0
3N85_A_LH|WL94Y,-0.03871881,-0.7663446,1,0
3SE8_HL_G|DH110A,-0.38934898,0.54049337,1,0
3SE8_HL_G|DH114A,-0.2441398,0.34275392,1,0
3SE8_HL_G|DL49A,0.8558488,1.5834996,1,0
3SE8_HL_G|EL1A,-0.5565174,0.9087065,1,0
3SE8_HL_G|EL91A,1.513491,1.0539318,1,0
3SE8_HL_G|FH115A,1.0676043,-0.056264464,1,0
3SE8_HL_G|FL90A,-0.8640972,1.2056746,1,0
3SE8_HL_G|FL92A,0.8323254,0.43571848,1,0
3SE8_HL_G|GH56A,0.3570972,1.3583224,1,0
3SE8_HL_G|KH52A,1.1114144,0.9583209,1,0
3SE8_HL_G|LH54A,0.054776184,0.9184627,1,0
3SE8_HL_G|NL30A,0.19434923,0.6964921,1,0
3SE8_HL_G|PH78A,0.01881787,0.12316522,1,0
3SE8_HL_G|PH81A,-0.07091986,-0.012780286,1,0
3SE8_HL_G|QH63A,1.1144251,0.7025335,1,0
3SE8_HL_G|QH65A,0.54980505,1.2335787,1,0
3SE8_HL_G|QH76A,0.09689985,0.77111787,1,0
3SE8_HL_G|QL27A,-0.21612903,0.59383726,1,0
3SE8_HL_G|RH30A,-0.03949762,1.0019221,1,0
3SE8_HL_G|RH62A,1.2061691,0.44095773,1,0
3SE8_HL_G|RH72A,2.6444623,1.4175787,1,0
3SE8_HL_G|SH59A,1.1508402,0.9120769,1,0
3SE8_HL_G|VH58A,1.2496852,1.3522065,1,0
3SE8_HL_G|WH47A,1.4751467,0.59157836,1,0
3SE8_HL_G|WH50A,1.333526,1.4194827,1,0
3SE8_HL_G|WH55A,0.7611056,1.029108,1,0
3SE8_HL_G|YH111A,0.82992166,1.121225,1,0
3SE8_HL_G|YH60A,0.8558488,1.1519617,1,0
4KRL_A_B|DB112A,0.6496817,0.4076017,1,0
5C6T_HL_A|EA194A,1.0906719,0.6164853,1,0
5C6T_HL_A|FA192A,1.9972014,0.8897812,1,0
5C6T_HL_A|FA199A,2.7581792,1.1867641,1,0
5C6T_HL_A|FA200A,0.41047263,1.3266907,1,0
5C6T_HL_A|FH99A,1.4600298,0.14291264,1,0
5C6T_HL_A|IA201A,0.88561165,0.9678985,1,0
5C6T_HL_A|NA183A,0.28399685,1.2590524,1,0
5C6T_HL_A|NA186A,0.3630724,1.33183,1,0
5C6T_HL_A|NA188A,-0.36658686,0.92951363,1,0
"5C6T_HL_A|NA195A,DA197A",0.58650106,1.739965,1,0
5C6T_HL_A|NH97A,1.5258962,0.58335996,1,0
5C6T_HL_A|RH31S,0.3115454,0.099719435,1,0
5C6T_HL_A|RL48A,0.1229613,1.4339992,1,0
5C6T_HL_A|SH32A,-0.8683455,0.7558547,1,0
5C6T_HL_A|TA185A,0.33786914,0.35182816,1,0
5C6T_HL_A|YA182A,3.2083547,1.4302555,1,0
"5C6T_HL_A|YA182A,NA195A,DA197A",2.942425,2.8730922,1,0
5C6T_HL_A|YH104A,0.3630724,1.0147313,1,0
5C6T_HL_A|YH98A,1.7166799,0.98017687,1,0
5C6T_HL_A|YL47A,0.5516565,2.0641222,1,0
1KIP_AB_C|AB32Y,-0.8005932,-1.2844543,1,1
1XGU_AB_C|FB33A,4.0,1.3909189,1,1
1XGU_AB_C|FB33I,1.8004549,0.09954722,1,1
1XGU_AB_C|FB33L,1.8617703,-0.051078204,1,1
1XGU_AB_C|FB33V,2.9080825,-0.035405148,1,1
2B2X_HL_A|EH64K,-0.033433665,0.39450854,1,1
"2B2X_HL_A|EH64K,QL28S,YL52N",0.911615,0.5924356,1,1
"2B2X_HL_A|EH64K,QL28S,YL52N,GH102S",2.7106705,1.0349976,1,1
"2B2X_HL_A|EH64K,QL28S,YL52N,SH35A",3.119054,1.3177136,1,1
"2B2X_HL_A|EH64K,QL28S,YL52N,SH35V",3.770335,0.82596576,1,1
"2B2X_HL_A|EH64K,YL52N",0.34853002,0.85314184,1,1
"2B2X_HL_A|QL28S,YL52N",0.8626942,0.23365715,1,1
2B2X_HL_A|VH50T,0.024054652,0.2651804,1,1
"2B2X_HL_A|VH50T,EH64D,QL28S,YL52N",0.87177193,0.6758007,1,1
"2B2X_HL_A|VH50T,EH64K,QL28S",0.991589,0.52226615,1,1
"2B2X_HL_A|VH50T,EH64K,QL28S,YL52D",1.5439764,0.5857236,1,1
"2B2X_HL_A|VH50T,EH64K,QL28S,YL52E",0.95452905,0.6206009,1,1
"2B2X_HL_A|VH50T,EH64K,QL28S,YL52K",1.7007239,1.1038303,1,1
"2B2X_HL_A|VH50T,EH64K,QL28S,YL52N",1.043214,0.9597359,1,1
"2B2X_HL_A|VH50T,EH64K,QL28S,YL52N,FH99W",1.043214,0.7206136,1,1
"2B2X_HL_A|VH50T,EH64K,QL28S,YL52N,FH99Y",1.7978828,0.41931722,1,1
"2B2X_HL_A|VH50T,EH64K,QL28S,YL52N,GH100F",1.4322319,1.3608468,1,1
"2B2X_HL_A|VH50T,EH64K,QL28S,YL52N,GH100L",3.770335,1.5036701,1,1
"2B2X_HL_A|VH50T,EH64K,QL28S,YL52N,GH100M",1.145348,1.4398117,1,1
"2B2X_HL_A|VH50T,EH64K,QL28S,YL52N,GH100S",1.6009614,1.6356552,1,1
"2B2X_HL_A|VH50T,EH64K,QL28S,YL52N,GH53A",1.5558206,1.97396,1,1
"2B2X_HL_A|VH50T,EH64K,QL28S,YL52N,GH53N",2.2985272,1.4552515,1,1
"2B2X_HL_A|VH50T,EH64K,QL28S,YL52N,GH53S",1.7188073,1.3295189,1,1
"2B2X_HL_A|VH50T,EH64K,QL28S,YL52N,GH54I",2.4067745,1.4867393,1,1
"2B2X_HL_A|VH50T,EH64K,QL28S,YL52N,GH54T",2.2073808,1.8236375,1,1
"2B2X_HL_A|VH50T,EH64K,QL28S,YL52N,GH54Y",1.043214,0.9244359,1,1
"2B2X_HL_A|VH50T,EH64K,QL28S,YL52N,GL92Q",2.6158988,1.4706831,1,1
"2B2X_HL_A|VH50T,EH64K,QL28S,YL52N,GL92S",1.5558206,1.2964212,1,1
"2B2X_HL_A|VH50T,EH64K,QL28S,YL52N,HL31K",2.2073808,1.3053998,1,1
"2B2X_HL_A|VH50T,EH64K,QL28S,YL52N,HL31R",2.1670115,0.9342119,1,1
"2B2X_HL_A|VH50T,EH64K,QL28S,YL52N,HL31W",2.2985272,0.78184307,1,1
"2B2X_HL_A|VH50T,EH64K,QL28S,YL52N,LH60D",0.981894,0.75203276,1,1
"2B2X_HL_A|VH50T,EH64K,QL28S,YL52N,LL49F",1.7554936,1.1381755,1,1
"2B2X_HL_A|VH50T,EH64K,QL28S,YL52N,LL49K",1.9044149,1.2920369,1,1
"2B2X_HL_A|VH50T,EH64K,QL28S,YL52N,LL49W",2.9507816,0.9967646,1,1
"2B2X_HL_A|VH50T,EH64K,QL28S,YL52N,NL30V",2.0925434,0.78988445,1,1
"2B2X_HL_A|VH50T,EH64K,QL28S,YL52N,NL30W",2.6158988,0.82262254,1,1
"2B2X_HL_A|VH50T,EH64K,QL28S,YL52N,NL30Y",2.9507816,0.56482846,1,1
"2B2X_HL_A|VH50T,EH64K,QL28S,YL52N,NL30Y,SL91I",1.4775821,0.7586995,1,1
"2B2X_HL_A|VH50T,EH64K,QL28S,YL52N,RH31Q",2.350542,0.9672695,1,1
"2B2X_HL_A|VH50T,EH64K,QL28S,YL52N,SH35A",2.6158988,1.7018975,1,1
"2B2X_HL_A|VH50T,EH64K,QL28S,YL52N,SH35A,GH102S",2.6158988,2.0567398,1,1
"2B2X_HL_A|VH50T,EH64K,QL28S,YL52N,SH35Q",3.770335,1.5459596,1,1
"2B2X_HL_A|VH50T,EH64K,QL28S,YL52N,SH35V,GH102S",2.4688888,1.6626691,1,1
"2B2X_HL_A|VH50T,EH64K,QL28S,YL52N,SH52M",3.119054,0.69239855,1,1
"2B2X_HL_A|VH50T,EH64K,QL28S,YL52N,SL24R",0.82788163,0.9120676,1,1
"2B2X_HL_A|VH50T,EH64K,QL28S,YL52N,SL91Q",2.8172472,1.3651333,1,1
"2B2X_HL_A|VH50T,EH64K,QL28S,YL52N,SL91R",3.770335,1.0634627,1,1
"2B2X_HL_A|VH50T,EH64K,QL28S,YL52N,SL91R,NL30E",3.770335,0.92807156,1,1
"2B2X_HL_A|VH50T,EH64K,QL28S,YL52N,SL91T",3.3598623,1.6940233,1,1
"2B2X_HL_A|VH50T,EH64K,QL28S,YL52N,TH33E,GH53Q",2.7106705,1.0955772,1,1
"2B2X_HL_A|VH50T,EH64K,QL28S,YL52N,TH33I,SH52T,GH53N,GH54N",2.9507816,2.6359026,1,1
"2B2X_HL_A|VH50T,EH64K,QL28S,YL52N,TH33I,SH52T,GH53Q,GH54F",2.2985272,2.5605597,1,1
"2B2X_HL_A|VH50T,EH64K,QL28S,YL52N,TH33N",3.770335,0.86987615,1,1
"2B2X_HL_A|VH50T,EH64K,QL28S,YL52N,TH33V",1.4775821,0.6883476,1,1
"2B2X_HL_A|VH50T,EH64K,QL28S,YL52N,WL90Q",3.119054,1.7932216,1,1
"2B2X_HL_A|VH50T,EH64K,QL28S,YL52N,WL90Q,FL33Y",1.914233,1.4770141,1,1
"2B2X_HL_A|VH50T,EH64K,QL28S,YL52N,YH58E",3.119054,1.2043604,1,1
"2B2X_HL_A|VH50T,EH64K,QL28S,YL52N,YH58Q",3.119054,1.8496426,1,1
"2B2X_HL_A|VH50T,EH64K,QL28S,YL52N,YH58W",1.8641591,1.3349361,1,1
"2B2X_HL_A|VH50T,EH64K,QL28S,YL52N,YH59E",1.5872209,1.371292,1,1
"2B2X_HL_A|VH50T,EH64K,QL28S,YL52R",1.8880546,0.8438125,1,1
"2B2X_HL_A|VH50T,EH64K,YL52N",0.28173435,1.1687667,1,1
"2B2X_HL_A|VH50T,EH64N,QL28S,YL52N",1.0069425,0.8768578,1,1
"2B2X_HL_A|VH50T,EH64Q,QL28S,YL52N",0.96559924,0.8349822,1,1
"2B2X_HL_A|VH50T,EH64Q,QL28S,YL52N,LH60D",1.0862032,0.65872335,1,1
"2B2X_HL_A|VH50T,QL28S,YL52N",0.96559924,0.5637067,1,1
"2B2X_HL_A|VH50T,QL28S,YL52N,LH60D",0.90141344,0.36848322,1,1
"2B2X_HL_A|VH50T,YL52N",0.18636756,0.71336174,1,1
2B2X_HL_A|YL52E,-0.22410508,0.10139945,1,1
2VIR_AB_C|SC115L,3.680209,-0.2735855,1,1
2VIR_AB_C|TC89I,4.0,0.27452356,1,1
"3G6D_LH_A|EL3V,GL76R,TL77V,QL78E,EL80G",0.13981691,0.26529855,1,1
"3G6D_LH_A|EL3V,GL76R,TL77V,QL78E,EL80G,DH54N",0.111178115,0.8353052,1,1
"3G6D_LH_A|EL3V,GL76R,TL77V,QL78E,EL80G,TL89S,ML92I,VL93D,TL94K",0.27145106,-0.7290921,1,1
3G6D_LH_A|HH104A,-0.9530879,0.124331936,1,1
"3G6D_LH_A|KH210T,KH215T",-0.13294782,0.23414563,1,1
"3G6D_LH_A|TL89S,ML92I,VL93D,TL94K",0.7979767,-0.9115001,1,1
3G6D_LH_A|WH105A,-1.4965084,0.8104468,1,1
"3IDX_HL_G|CG27I,CG242Q",-2.4650376,-0.15824743,1,1
"3IDX_HL_G|CG27I,CG242Q,MG247A",-2.1736174,0.65236306,1,1
"3IDX_HL_G|KG85C,EG121C,CG27I,CG242Q",-2.3776865,0.219838,1,1
"3IDX_HL_G|KG85C,EG121C,WG13M,MG247A,CG14W,CG129V,CG27I,CG242Q",-2.1922898,1.0397481,1,1
"3IDX_HL_G|KG85C,EG122C,WG13M,MG247A,CG14W,CG129V,CG27I,CG242Q",-2.2927184,0.98155934,1,1
"3IDX_HL_G|TG41C,GG245C,MG247A",0.40945426,0.86073816,1,1
"3IDX_HL_G|TG41C,GG245C,WG13M,MG247A,CG14W,CG129V,CG27I,CG242Q",-2.3310676,1.4125677,1,1
"3IDX_HL_G|WG13M,MG247A,CG14W,CG129V",-0.6475391,0.8056579,1,1
"3IDX_HL_G|WG13M,MG247A,CG14W,CG129V,CG27I,CG242Q",-2.3479884,0.7230345,1,1
"3IDX_HL_G|WG13M,MG247A,CG14W,CG129V,KG85C,EG121C",-0.36166522,1.060722,1,1
"3IDX_HL_G|WG13M,SG111T,WG200S,MG247A,CG14W,CG129V,CG27I,CG242Q",-1.8639641,0.75347096,1,1
"3L5X_A_HL|EL93F,YL94G",-0.42800838,0.786544,1,1
"3L5X_A_HL|EL93H,YL94G",-0.7626503,0.6199656,1,1
"3L5X_A_HL|HL91P,NL92I,EL93D,YL94A",-0.6466697,1.4894845,1,1
"3L5X_A_HL|HL91P,NL92L,EL93D,YL94S",-0.6327897,0.51403135,1,1
"3L5X_A_HL|HL91P,NL92L,EL93D,YL94T",-0.81005055,1.1844603,1,1
"3L5X_A_HL|HL91P,NL92L,EL93D,YL94V",-0.85822237,0.24621288,1,1
"3L5X_A_HL|HL91P,NL92L,YL94A",-0.44441348,1.3036737,1,1
"3L5X_A_HL|HL91Q,NL92D,EL93I,YL94G",-1.5503801,0.67248654,1,1
"3L5X_A_HL|HL91Q,NL92D,EL93L,YL94G",-1.785132,0.7419637,1,1
"3L5X_A_HL|HL91Q,NL92D,EL93Y,YL94G",-1.451453,-0.39125708,1,1
"3L5X_A_HL|NL92D,EL93L,YL94G",-0.42962858,0.17751098,1,1
"3L5X_A_HL|NL92D,EL93N,YL94S",-0.53403836,0.38105825,1,1
"3L5X_A_HL|NL92D,EL93P,YL94G",-1.4699602,0.38317147,1,1
"3L5X_A_HL|NL92D,EL93R,YL94D",-0.52253926,-0.20607638,1,1
"3L5X_A_HL|NL92D,EL93W,YL94E",-1.1963489,-0.79321814,1,1
"3L5X_A_HL|NL92D,EL93W,YL94G",-1.6825228,-0.55202734,1,1
"3L5X_A_HL|NL92D,EL93W,YL94S",-0.71612674,-0.29075405,1,1
"3L5X_A_HL|NL92D,EL93Y,YL94A",-0.8069743,0.52629405,1,1
"3L5X_A_HL|NL92E,EL93S,YL94G",-1.2653587,-0.17170288,1,1
"3L5X_A_HL|NL92E,EL93W,YL94G",-1.5503801,-0.756242,1,1
"3L5X_A_HL|NL92F,EL93W,YL94G",-1.2329907,-0.3149388,1,1
"3L5X_A_HL|NL92L,EL93D,YL94S",-0.6170473,0.20698974,1,1
"3L5X_A_HL|NL92L,EL93L,YL94G",-0.6259698,0.4513412,1,1
"3L5X_A_HL|NL92L,EL93M,YL94G",-0.82567644,0.3996397,1,1
"3L5X_A_HL|NL92L,EL93N,YL94G",-0.6954369,0.32659858,1,1
"3L5X_A_HL|NL92S,EL93H,YL94G",-1.2457265,0.391379,1,1
"3L5X_A_HL|NL92S,EL93I,YL94G",-0.8069743,0.6816511,1,1
"3L5X_A_HL|NL92S,EL93S,YL94G",-0.24921271,0.37819698,1,1
"3L5X_A_HL|NL92S,EL93V,YL94G",-0.51687235,0.5353532,1,1
"3L5X_A_HL|NL92S,EL93W,YL94A",-0.30302802,1.3758494,1,1
"3L5X_A_HL|NL92S,EL93W,YL94G",-1.2720501,0.025627617,1,1
"3L5X_A_HL|NL92S,EL93Y,YL94G",-0.9641868,-0.2689787,1,1
"3L5X_A_HL|NL92V,EL93G,YL94G",-0.46300006,0.05039088,1,1
"3L5X_A_HL|NL92V,EL93W,YL94G",-0.83525383,-0.23338069,1,1
3L5X_A_HL|YL94A,-0.82885176,1.3652345,1,1
3N85_A_LH|SH32A,-0.13401966,0.64230686,1,1
3N85_A_LH|SH32Y,0.0571225,-0.56087905,1,1
3N85_A_LH|SH50G,0.48767117,-0.16817194,1,1
3N85_A_LH|SH52Y,-0.78460336,-0.75182295,1,1
3N85_A_LH|WH100F,-0.015185109,0.46589333,1,1
3N85_A_LH|WH30K,-0.78460336,0.32921556,1,1
3N85_A_LH|WH30R,-0.5539675,0.04750171,1,1
3N85_A_LH|WL91F,0.13959166,0.41194454,1,1
3N85_A_LH|WL94Y,-0.03871881,-0.18157345,1,1
3SE8_HL_G|DH110A,-0.38934898,0.3941777,1,1
3SE8_HL_G|DH114A,-0.2441398,0.611237,1,1
3SE8_HL_G|DL49A,0.8558488,0.9425532,1,1
3SE8_HL_G|EL1A,-0.5565174,0.7401269,1,1
3SE8_HL_G|EL91A,1.513491,1.1391569,1,1
3SE8_HL_G|FH115A,1.0676043,0.45230833,1,1
3SE8_HL_G|FL90A,-0.8640972,1.0055422,1,1
3SE8_HL_G|FL92A,0.8323254,0.6221867,1,1
3SE8_HL_G|GH56A,0.3570972,0.7639845,1,1
3SE8_HL_G|KH52A,1.1114144,0.28130138,1,1
3SE8_HL_G|LH54A,0.054776184,0.5814649,1,1
3SE8_HL_G|NL30A,0.19434923,0.41708046,1,1
3SE8_HL_G|PH78A,0.01881787,0.17802252,1,1
3SE8_HL_G|PH81A,-0.07091986,-0.07050641,1,1
3SE8_HL_G|QH63A,1.1144251,0.24741472,1,1
3SE8_HL_G|QH65A,0.54980505,0.41538617,1,1
3SE8_HL_G|QH76A,0.09689985,0.15295933,1,1
3SE8_HL_G|QL27A,-0.21612903,0.28764278,1,1
3SE8_HL_G|RH30A,-0.03949762,0.28594252,1,1
3SE8_HL_G|RH62A,1.2061691,0.3171426,1,1
3SE8_HL_G|RH72A,2.6444623,0.7916167,1,1
3SE8_HL_G|SH59A,1.1508402,0.3801164,1,1
3SE8_HL_G|VH58A,1.2496852,1.1423936,1,1
3SE8_HL_G|WH47A,1.4751467,0.83028466,1,1
3SE8_HL_G|WH50A,1.333526,1.0863528,1,1
3SE8_HL_G|WH55A,0.7611056,0.8878441,1,1
3SE8_HL_G|YH111A,0.82992166,1.2025019,1,1
3SE8_HL_G|YH60A,0.8558488,0.5896878,1,1
4KRL_A_B|DB112A,0.6496817,0.66802347,1,1
5C6T_HL_A|EA194A,1.0906719,1.1062635,1,1
5C6T_HL_A|FA192A,1.9972014,1.2876879,1,1
5C6T_HL_A|FA199A,2.7581792,1.0149997,1,1
5C6T_HL_A|FA200A,0.41047263,1.271648,1,1
5C6T_HL_A|FH99A,1.4600298,0.031949937,1,1
5C6T_HL_A|IA201A,0.88561165,0.5875911,1,1
5C6T_HL_A|NA183A,0.28399685,0.69633126,1,1
5C6T_HL_A|NA186A,0.3630724,0.7783215,1,1
5C6T_HL_A|NA188A,-0.36658686,0.7498552,1,1
"5C6T_HL_A|NA195A,DA197A",0.58650106,1.9814417,1,1
5C6T_HL_A|NH97A,1.5258962,0.28346014,1,1
5C6T_HL_A|RH31S,0.3115454,-0.112181515,1,1
5C6T_HL_A|RL48A,0.1229613,0.17910375,1,1
5C6T_HL_A|SH32A,-0.8683455,0.45707166,1,1
5C6T_HL_A|TA185A,0.33786914,0.5446295,1,1
5C6T_HL_A|YA182A,3.2083547,1.4483583,1,1
"5C6T_HL_A|YA182A,NA195A,DA197A",2.942425,3.345158,1,1
5C6T_HL_A|YH104A,0.3630724,1.1842117,1,1
5C6T_HL_A|YH98A,1.7166799,0.8548904,1,1
5C6T_HL_A|YL47A,0.5516565,1.1816863,1,1
1KIP_AB_C|AB32Y,-0.8005932,-1.659552,1,2
1XGU_AB_C|FB33A,4.0,4.218567,1,2
1XGU_AB_C|FB33I,1.8004549,1.998442,1,2
1XGU_AB_C|FB33L,1.8617703,1.9788486,1,2
1XGU_AB_C|FB33V,2.9080825,3.125485,1,2
2B2X_HL_A|EH64K,-0.033433665,-0.21484824,1,2
"2B2X_HL_A|EH64K,QL28S,YL52N",0.911615,0.6783393,1,2
"2B2X_HL_A|EH64K,QL28S,YL52N,GH102S",2.7106705,1.1272082,1,2
"2B2X_HL_A|EH64K,QL28S,YL52N,SH35A",3.119054,2.152694,1,2
"2B2X_HL_A|EH64K,QL28S,YL52N,SH35V",3.770335,2.3567255,1,2
"2B2X_HL_A|EH64K,YL52N",0.34853002,-0.09558809,1,2
"2B2X_HL_A|QL28S,YL52N",0.8626942,0.51399416,1,2
2B2X_HL_A|VH50T,0.024054652,-0.04605792,1,2
"2B2X_HL_A|VH50T,EH64D,QL28S,YL52N",0.87177193,0.7047565,1,2
"2B2X_HL_A|VH50T,EH64K,QL28S",0.991589,0.79852325,1,2
"2B2X_HL_A|VH50T,EH64K,QL28S,YL52D",1.5439764,0.920194,1,2
"2B2X_HL_A|VH50T,EH64K,QL28S,YL52E",0.95452905,0.6829677,1,2
"2B2X_HL_A|VH50T,EH64K,QL28S,YL52K",1.7007239,1.2447959,1,2
"2B2X_HL_A|VH50T,EH64K,QL28S,YL52N",1.043214,0.9365552,1,2
"2B2X_HL_A|VH50T,EH64K,QL28S,YL52N,FH99W",1.043214,0.5965924,1,2
"2B2X_HL_A|VH50T,EH64K,QL28S,YL52N,FH99Y",1.7978828,0.8579387,1,2
"2B2X_HL_A|VH50T,EH64K,QL28S,YL52N,GH100F",1.4322319,1.1435444,1,2
"2B2X_HL_A|VH50T,EH64K,QL28S,YL52N,GH100L",3.770335,1.7389107,1,2
"2B2X_HL_A|VH50T,EH64K,QL28S,YL52N,GH100M",1.145348,1.5871909,1,2
"2B2X_HL_A|VH50T,EH64K,QL28S,YL52N,GH100S",1.6009614,1.4635448,1,2
"2B2X_HL_A|VH50T,EH64K,QL28S,YL52N,GH53A",1.5558206,2.0220633,1,2
"2B2X_HL_A|VH50T,EH64K,QL28S,YL52N,GH53N",2.2985272,1.4829183,1,2
"2B2X_HL_A|VH50T,EH64K,QL28S,YL52N,GH53S",1.7188073,1.3625913,1,2
"2B2X_HL_A|VH50T,EH64K,QL28S,YL52N,GH54I",2.4067745,1.7170767,1,2
"2B2X_HL_A|VH50T,EH64K,QL28S,YL52N,GH54T",2.2073808,1.7333862,1,2
"2B2X_HL_A|VH50T,EH64K,QL28S,YL52N,GH54Y",1.043214,0.94564724,1,2
"2B2X_HL_A|VH50T,EH64K,QL28S,YL52N,GL92Q",2.6158988,1.6116432,1,2
"2B2X_HL_A|VH50T,EH64K,QL28S,YL52N,GL92S",1.5558206,1.238201,1,2
"2B2X_HL_A|VH50T,EH64K,QL28S,YL52N,HL31K",2.2073808,1.5960363,1,2
"2B2X_HL_A|VH50T,EH64K,QL28S,YL52N,HL31R",2.1670115,1.4415288,1,2
"2B2X_HL_A|VH50T,EH64K,QL28S,YL52N,HL31W",2.2985272,1.4353894,1,2
"2B2X_HL_A|VH50T,EH64K,QL28S,YL52N,LH60D",0.981894,0.8185538,1,2
"2B2X_HL_A|VH50T,EH64K,QL28S,YL52N,LL49F",1.7554936,1.049115,1,2
"2B2X_HL_A|VH50T,EH64K,QL28S,YL52N,LL49K",1.9044149,1.5000343,1,2
"2B2X_HL_A|VH50T,EH64K,QL28S,YL52N,LL49W",2.9507816,1.8505785,1,2
"2B2X_HL_A|VH50T,EH64K,QL28S,YL52N,NL30V",2.0925434,1.5231149,1,2
"2B2X_HL_A|VH50T,EH64K,QL28S,YL52N,NL30W",2.6158988,1.5849639,1,2
"2B2X_HL_A|VH50T,EH64K,QL28S,YL52N,NL30Y",2.9507816,1.4596839,1,2
"2B2X_HL_A|VH50T,EH64K,QL28S,YL52N,NL30Y,SL91I",1.4775821,1.570698,1,2
"2B2X_HL_A|VH50T,EH64K,QL28S,YL52N,RH31Q",2.350542,1.3738916,1,2
"2B2X_HL_A|VH50T,EH64K,QL28S,YL52N,SH35A",2.6158988,2.3125725,1,2
"2B2X_HL_A|VH50T,EH64K,QL28S,YL52N,SH35A,GH102S",2.6158988,2.4620001,1,2
"2B2X_HL_A|VH50T,EH64K,QL28S,YL52N,SH35Q",3.770335,2.4589903,1,2
"2B2X_HL_A|VH50T,EH64K,QL28S,YL52N,SH35V,GH102S",2.4688888,2.7068105,1,2
"2B2X_HL_A|VH50T,EH64K,QL28S,YL52N,SH52M",3.119054,1.1966652,1,2
"2B2X_HL_A|VH50T,EH64K,QL28S,YL52N,SL24R",0.82788163,0.10837634,1,2
"2B2X_HL_A|VH50T,EH64K,QL28S,YL52N,SL91Q",2.8172472,1.9693087,1,2
"2B2X_HL_A|VH50T,EH64K,QL28S,YL52N,SL91R",3.770335,0.92992896,1,2
"2B2X_HL_A|VH50T,EH64K,QL28S,YL52N,SL91R,NL30E",3.770335,1.7066007,1,2
"2B2X_HL_A|VH50T,EH64K,QL28S,YL52N,SL91T",3.3598623,1.7923012,1,2
"2B2X_HL_A|VH50T,EH64K,QL28S,YL52N,TH33E,GH53Q",2.7106705,2.1833355,1,2
"2B2X_HL_A|VH50T,EH64K,QL28S,YL52N,TH33I,SH52T,GH53N,GH54N",2.9507816,2.907086,1,2
"2B2X_HL_A|VH50T,EH64K,QL28S,YL52N,TH33I,SH52T,GH53Q,GH54F",2.2985272,2.223132,1,2
"2B2X_HL_A|VH50T,EH64K,QL28S,YL52N,TH33N",3.770335,2.2851205,1,2
"2B2X_HL_A|VH50T,EH64K,QL28S,YL52N,TH33V",1.4775821,1.4122092,1,2
"2B2X_HL_A|VH50T,EH64K,QL28S,YL52N,WL90Q",3.119054,2.0786734,1,2
"2B2X_HL_A|VH50T,EH64K,QL28S,YL52N,WL90Q,FL33Y",1.914233,1.6865063,1,2
"2B2X_HL_A|VH50T,EH64K,QL28S,YL52N,YH58E",3.119054,2.21045,1,2
"2B2X_HL_A|VH50T,EH64K,QL28S,YL52N,YH58Q",3.119054,2.6095605,1,2
"2B2X_HL_A|VH50T,EH64K,QL28S,YL52N,YH58W",1.8641591,1.5709683,1,2
"2B2X_HL_A|VH50T,EH64K,QL28S,YL52N,YH59E",1.5872209,1.7174147,1,2
"2B2X_HL_A|VH50T,EH64K,QL28S,YL52R",1.8880546,1.2082005,1,2
"2B2X_HL_A|VH50T,EH64K,YL52N",0.28173435,0.3630776,1,2
"2B2X_HL_A|VH50T,EH64N,QL28S,YL52N",1.0069425,1.002088,1,2
"2B2X_HL_A|VH50T,EH64Q,QL28S,YL52N",0.96559924,0.83677447,1,2
"2B2X_HL_A|VH50T,EH64Q,QL28S,YL52N,LH60D",1.0862032,0.88419247,1,2
"2B2X_HL_A|VH50T,QL28S,YL52N",0.96559924,0.8319629,1,2
"2B2X_HL_A|VH50T,QL28S,YL52N,LH60D",0.90141344,0.8137496,1,2
"2B2X_HL_A|VH50T,YL52N",0.18636756,0.33264253,1,2
2B2X_HL_A|YL52E,-0.22410508,-0.6332271,1,2
2VIR_AB_C|SC115L,3.680209,-0.19175509,1,2
2VIR_AB_C|TC89I,4.0,4.185935,1,2
"3G6D_LH_A|EL3V,GL76R,TL77V,QL78E,EL80G",0.13981691,1.3472793,1,2
"3G6D_LH_A|EL3V,GL76R,TL77V,QL78E,EL80G,DH54N",0.111178115,2.8987138,1,2
"3G6D_LH_A|EL3V,GL76R,TL77V,QL78E,EL80G,TL89S,ML92I,VL93D,TL94K",0.27145106,-1.0203586,1,2
3G6D_LH_A|HH104A,-0.9530879,0.009419713,1,2
"3G6D_LH_A|KH210T,KH215T",-0.13294782,-0.5857592,1,2
"3G6D_LH_A|TL89S,ML92I,VL93D,TL94K",0.7979767,-2.245336,1,2
3G6D_LH_A|WH105A,-1.4965084,1.4822681,1,2
"3IDX_HL_G|CG27I,CG242Q",-2.4650376,-0.23206367,1,2
"3IDX_HL_G|CG27I,CG242Q,MG247A",-2.1736174,-0.18182547,1,2
"3IDX_HL_G|KG85C,EG121C,CG27I,CG242Q",-2.3776865,0.07758775,1,2
"3IDX_HL_G|KG85C,EG121C,WG13M,MG247A,CG14W,CG129V,CG27I,CG242Q",-2.1922898,0.5600248,1,2
"3IDX_HL_G|KG85C,EG122C,WG13M,MG247A,CG14W,CG129V,CG27I,CG242Q",-2.2927184,0.55804807,1,2
"3IDX_HL_G|TG41C,GG245C,MG247A",0.40945426,0.4260193,1,2
"3IDX_HL_G|TG41C,GG245C,WG13M,MG247A,CG14W,CG129V,CG27I,CG242Q",-2.3310676,0.014321767,1,2
"3IDX_HL_G|WG13M,MG247A,CG14W,CG129V",-0.6475391,0.47266933,1,2
"3IDX_HL_G|WG13M,MG247A,CG14W,CG129V,CG27I,CG242Q",-2.3479884,0.21004063,1,2
"3IDX_HL_G|WG13M,MG247A,CG14W,CG129V,KG85C,EG121C",-0.36166522,0.40261692,1,2
"3IDX_HL_G|WG13M,SG111T,WG200S,MG247A,CG14W,CG129V,CG27I,CG242Q",-1.8639641,-0.37535647,1,2
"3L5X_A_HL|EL93F,YL94G",-0.42800838,-0.15977764,1,2
"3L5X_A_HL|EL93H,YL94G",-0.7626503,0.70336866,1,2
"3L5X_A_HL|HL91P,NL92I,EL93D,YL94A",-0.6466697,0.12211089,1,2
"3L5X_A_HL|HL91P,NL92L,EL93D,YL94S",-0.6327897,0.02179008,1,2
"3L5X_A_HL|HL91P,NL92L,EL93D,YL94T",-0.81005055,0.0058871172,1,2
"3L5X_A_HL|HL91P,NL92L,EL93D,YL94V",-0.85822237,0.08961961,1,2
"3L5X_A_HL|HL91P,NL92L,YL94A",-0.44441348,0.40061712,1,2
"3L5X_A_HL|HL91Q,NL92D,EL93I,YL94G",-1.5503801,-0.018402914,1,2
"3L5X_A_HL|HL91Q,NL92D,EL93L,YL94G",-1.785132,-0.43235984,1,2
"3L5X_A_HL|HL91Q,NL92D,EL93Y,YL94G",-1.451453,-0.77455866,1,2
"3L5X_A_HL|NL92D,EL93L,YL94G",-0.42962858,-0.8690086,1,2
"3L5X_A_HL|NL92D,EL93N,YL94S",-0.53403836,0.6279259,1,2
"3L5X_A_HL|NL92D,EL93P,YL94G",-1.4699602,-0.45896146,1,2
"3L5X_A_HL|NL92D,EL93R,YL94D",-0.52253926,-0.6099084,1,2
"3L5X_A_HL|NL92D,EL93W,YL94E",-1.1963489,-0.54329145,1,2
"3L5X_A_HL|NL92D,EL93W,YL94G",-1.6825228,-0.84065604,1,2
"3L5X_A_HL|NL92D,EL93W,YL94S",-0.71612674,-0.42603254,1,2
"3L5X_A_HL|NL92D,EL93Y,YL94A",-0.8069743,-0.18454331,1,2
"3L5X_A_HL|NL92E,EL93S,YL94G",-1.2653587,-0.17816125,1,2
"3L5X_A_HL|NL92E,EL93W,YL94G",-1.5503801,-1.2441483,1,2
"3L5X_A_HL|NL92F,EL93W,YL94G",-1.2329907,-0.806716,1,2
"3L5X_A_HL|NL92L,EL93D,YL94S",-0.6170473,-0.17745024,1,2
"3L5X_A_HL|NL92L,EL93L,YL94G",-0.6259698,-1.2312542,1,2
"3L5X_A_HL|NL92L,EL93M,YL94G",-0.82567644,-0.15734549,1,2
"3L5X_A_HL|NL92L,EL93N,YL94G",-0.6954369,-0.07094366,1,2
"3L5X_A_HL|NL92S,EL93H,YL94G",-1.2457265,-0.4199293,1,2
"3L5X_A_HL|NL92S,EL93I,YL94G",-0.8069743,-0.86091006,1,2
"3L5X_A_HL|NL92S,EL93S,YL94G",-0.24921271,-0.58115256,1,2
"3L5X_A_HL|NL92S,EL93V,YL94G",-0.51687235,-0.41657162,1,2
"3L5X_A_HL|NL92S,EL93W,YL94A",-0.30302802,-1.1603554,1,2
"3L5X_A_HL|NL92S,EL93W,YL94G",-1.2720501,-1.3448383,1,2
"3L5X_A_HL|NL92S,EL93Y,YL94G",-0.9641868,-1.5542341,1,2
"3L5X_A_HL|NL92V,EL93G,YL94G",-0.46300006,-0.22136539,1,2
"3L5X_A_HL|NL92V,EL93W,YL94G",-0.83525383,-1.0643122,1,2
3L5X_A_HL|YL94A,-0.82885176,0.8722622,1,2
3N85_A_LH|SH32A,-0.13401966,1.1928716,1,2
3N85_A_LH|SH32Y,0.0571225,-1.2193828,1,2
3N85_A_LH|SH50G,0.48767117,-0.4907777,1,2
3N85_A_LH|SH52Y,-0.78460336,-0.05980167,1,2
3N85_A_LH|WH100F,-0.015185109,0.27901015,1,2
3N85_A_LH|WH30K,-0.78460336,0.1334542,1,2
3N85_A_LH|WH30R,-0.5539675,-0.15991232,1,2
3N85_A_LH|WL91F,0.13959166,1.2615274,1,2
3N85_A_LH|WL94Y,-0.03871881,-0.54978424,1,2
3SE8_HL_G|DH110A,-0.38934898,-0.40996984,1,2
3SE8_HL_G|DH114A,-0.2441398,0.73160046,1,2
3SE8_HL_G|DL49A,0.8558488,1.658148,1,2
3SE8_HL_G|EL1A,-0.5565174,0.36370036,1,2
3SE8_HL_G|EL91A,1.513491,1.1613637,1,2
3SE8_HL_G|FH115A,1.0676043,2.1466746,1,2
3SE8_HL_G|FL90A,-0.8640972,0.650853,1,2
3SE8_HL_G|FL92A,0.8323254,0.77771133,1,2
3SE8_HL_G|GH56A,0.3570972,1.0664321,1,2
3SE8_HL_G|KH52A,1.1114144,0.7503075,1,2
3SE8_HL_G|LH54A,0.054776184,0.08933824,1,2
3SE8_HL_G|NL30A,0.19434923,0.97719955,1,2
3SE8_HL_G|PH78A,0.01881787,-0.10225594,1,2
3SE8_HL_G|PH81A,-0.07091986,1.0674005,1,2
3SE8_HL_G|QH63A,1.1144251,-0.62608254,1,2
3SE8_HL_G|QH65A,0.54980505,-0.21882612,1,2
3SE8_HL_G|QH76A,0.09689985,-0.66230327,1,2
3SE8_HL_G|QL27A,-0.21612903,-0.67552704,1,2
3SE8_HL_G|RH30A,-0.03949762,0.105333626,1,2
3SE8_HL_G|RH62A,1.2061691,0.82049656,1,2
3SE8_HL_G|RH72A,2.6444623,2.5531595,1,2
3SE8_HL_G|SH59A,1.1508402,0.28758743,1,2
3SE8_HL_G|VH58A,1.2496852,1.142041,1,2
3SE8_HL_G|WH47A,1.4751467,1.666041,1,2
3SE8_HL_G|WH50A,1.333526,1.9901525,1,2
3SE8_HL_G|WH55A,0.7611056,-0.2247231,1,2
3SE8_HL_G|YH111A,0.82992166,0.041705694,1,2
3SE8_HL_G|YH60A,0.8558488,1.0556023,1,2
4KRL_A_B|DB112A,0.6496817,1.8666543,1,2
5C6T_HL_A|EA194A,1.0906719,1.1379162,1,2
5C6T_HL_A|FA192A,1.9972014,2.2319617,1,2
5C6T_HL_A|FA199A,2.7581792,2.1969345,1,2
5C6T_HL_A|FA200A,0.41047263,1.3231592,1,2
5C6T_HL_A|FH99A,1.4600298,0.26681983,1,2
5C6T_HL_A|IA201A,0.88561165,0.27497563,1,2
5C6T_HL_A|NA183A,0.28399685,1.255899,1,2
5C6T_HL_A|NA186A,0.3630724,0.48095074,1,2
5C6T_HL_A|NA188A,-0.36658686,0.56345415,1,2
"5C6T_HL_A|NA195A,DA197A",0.58650106,2.8302128,1,2
5C6T_HL_A|NH97A,1.5258962,-0.13982737,1,2
5C6T_HL_A|RH31S,0.3115454,0.55561316,1,2
5C6T_HL_A|RL48A,0.1229613,0.83147365,1,2
5C6T_HL_A|SH32A,-0.8683455,0.14663234,1,2
5C6T_HL_A|TA185A,0.33786914,1.0073639,1,2
5C6T_HL_A|YA182A,3.2083547,0.21834034,1,2
"5C6T_HL_A|YA182A,NA195A,DA197A",2.942425,3.8475914,1,2
5C6T_HL_A|YH104A,0.3630724,1.0406024,1,2
5C6T_HL_A|YH98A,1.7166799,0.06618409,1,2
5C6T_HL_A|YL47A,0.5516565,2.3383632,1,2
1KIP_AB_C|AB32Y,-0.8005932,-1.3916714,1,3
1XGU_AB_C|FB33A,4.0,3.7802465,1,3
1XGU_AB_C|FB33I,1.8004549,1.3834215,1,3
1XGU_AB_C|FB33L,1.8617703,1.57349,1,3
1XGU_AB_C|FB33V,2.9080825,2.838987,1,3
2B2X_HL_A|EH64K,-0.033433665,0.3148646,1,3
"2B2X_HL_A|EH64K,QL28S,YL52N",0.911615,1.0478176,1,3
"2B2X_HL_A|EH64K,QL28S,YL52N,GH102S",2.7106705,0.99207336,1,3
"2B2X_HL_A|EH64K,QL28S,YL52N,SH35A",3.119054,2.081821,1,3
"2B2X_HL_A|EH64K,QL28S,YL52N,SH35V",3.770335,1.9906331,1,3
"2B2X_HL_A|EH64K,YL52N",0.34853002,0.91234344,1,3
"2B2X_HL_A|QL28S,YL52N",0.8626942,0.7386212,1,3
2B2X_HL_A|VH50T,0.024054652,-0.60212,1,3
"2B2X_HL_A|VH50T,EH64D,QL28S,YL52N",0.87177193,0.47074237,1,3
"2B2X_HL_A|VH50T,EH64K,QL28S",0.991589,0.30046144,1,3
"2B2X_HL_A|VH50T,EH64K,QL28S,YL52D",1.5439764,0.89488745,1,3
"2B2X_HL_A|VH50T,EH64K,QL28S,YL52E",0.95452905,1.3365489,1,3
"2B2X_HL_A|VH50T,EH64K,QL28S,YL52K",1.7007239,1.968542,1,3
"2B2X_HL_A|VH50T,EH64K,QL28S,YL52N",1.043214,1.0992305,1,3
"2B2X_HL_A|VH50T,EH64K,QL28S,YL52N,FH99W",1.043214,1.2505646,1,3
"2B2X_HL_A|VH50T,EH64K,QL28S,YL52N,FH99Y",1.7978828,0.5032495,1,3
"2B2X_HL_A|VH50T,EH64K,QL28S,YL52N,GH100F",1.4322319,1.0148717,1,3
"2B2X_HL_A|VH50T,EH64K,QL28S,YL52N,GH100L",3.770335,1.8225874,1,3
"2B2X_HL_A|VH50T,EH64K,QL28S,YL52N,GH100M",1.145348,1.7338098,1,3
"2B2X_HL_A|VH50T,EH64K,QL28S,YL52N,GH100S",1.6009614,1.2738085,1,3
"2B2X_HL_A|VH50T,EH64K,QL28S,YL52N,GH53A",1.5558206,2.2865772,1,3
"2B2X_HL_A|VH50T,EH64K,QL28S,YL52N,GH53N",2.2985272,1.3974038,1,3
"2B2X_HL_A|VH50T,EH64K,QL28S,YL52N,GH53S",1.7188073,1.050671,1,3
"2B2X_HL_A|VH50T,EH64K,QL28S,YL52N,GH54I",2.4067745,1.7910545,1,3
"2B2X_HL_A|VH50T,EH64K,QL28S,YL52N,GH54T",2.2073808,1.9185259,1,3
"2B2X_HL_A|VH50T,EH64K,QL28S,YL52N,GH54Y",1.043214,0.53660315,1,3
"2B2X_HL_A|VH50T,EH64K,QL28S,YL52N,GL92Q",2.6158988,1.5189146,1,3
"2B2X_HL_A|VH50T,EH64K,QL28S,YL52N,GL92S",1.5558206,0.99701005,1,3
"2B2X_HL_A|VH50T,EH64K,QL28S,YL52N,HL31K",2.2073808,1.841454,1,3
"2B2X_HL_A|VH50T,EH64K,QL28S,YL52N,HL31R",2.1670115,1.0632321,1,3
"2B2X_HL_A|VH50T,EH64K,QL28S,YL52N,HL31W",2.2985272,0.89233017,1,3
"2B2X_HL_A|VH50T,EH64K,QL28S,YL52N,LH60D",0.981894,0.83676726,1,3
"2B2X_HL_A|VH50T,EH64K,QL28S,YL52N,LL49F",1.7554936,0.99761444,1,3
"2B2X_HL_A|VH50T,EH64K,QL28S,YL52N,LL49K",1.9044149,1.3425696,1,3
"2B2X_HL_A|VH50T,EH64K,QL28S,YL52N,LL49W",2.9507816,0.87411577,1,3
"2B2X_HL_A|VH50T,EH64K,QL28S,YL52N,NL30V",2.0925434,2.033545,1,3
"2B2X_HL_A|VH50T,EH64K,QL28S,YL52N,NL30W",2.6158988,1.4237312,1,3
"2B2X_HL_A|VH50T,EH64K,QL28S,YL52N,NL30Y",2.9507816,0.9745394,1,3
"2B2X_HL_A|VH50T,EH64K,QL28S,YL52N,NL30Y,SL91I",1.4775821,1.778722,1,3
"2B2X_HL_A|VH50T,EH64K,QL28S,YL52N,RH31Q",2.350542,1.2731324,1,3
"2B2X_HL_A|VH50T,EH64K,QL28S,YL52N,SH35A",2.6158988,2.3963194,1,3
"2B2X_HL_A|VH50T,EH64K,QL28S,YL52N,SH35A,GH102S",2.6158988,2.2640483,1,3
"2B2X_HL_A|VH50T,EH64K,QL28S,YL52N,SH35Q",3.770335,2.4012141,1,3
"2B2X_HL_A|VH50T,EH64K,QL28S,YL52N,SH35V,GH102S",2.4688888,2.3285668,1,3
"2B2X_HL_A|VH50T,EH64K,QL28S,YL52N,SH52M",3.119054,1.3887789,1,3
"2B2X_HL_A|VH50T,EH64K,QL28S,YL52N,SL24R",0.82788163,1.1410497,1,3
"2B2X_HL_A|VH50T,EH64K,QL28S,YL52N,SL91Q",2.8172472,1.7856225,1,3
"2B2X_HL_A|VH50T,EH64K,QL28S,YL52N,SL91R",3.770335,1.4467281,1,3
"2B2X_HL_A|VH50T,EH64K,QL28S,YL52N,SL91R,NL30E",3.770335,2.1190398,1,3
"2B2X_HL_A|VH50T,EH64K,QL28S,YL52N,SL91T",3.3598623,1.8838229,1,3
"2B2X_HL_A|VH50T,EH64K,QL28S,YL52N,TH33E,GH53Q",2.7106705,1.7748331,1,3
"2B2X_HL_A|VH50T,EH64K,QL28S,YL52N,TH33I,SH52T,GH53N,GH54N",2.9507816,2.6884112,1,3
"2B2X_HL_A|VH50T,EH64K,QL28S,YL52N,TH33I,SH52T,GH53Q,GH54F",2.2985272,2.4513884,1,3
"2B2X_HL_A|VH50T,EH64K,QL28S,YL52N,TH33N",3.770335,1.290438,1,3
"2B2X_HL_A|VH50T,EH64K,QL28S,YL52N,TH33V",1.4775821,1.8269197,1,3
"2B2X_HL_A|VH50T,EH64K,QL28S,YL52N,WL90Q",3.119054,2.132809,1,3
"2B2X_HL_A|VH50T,EH64K,QL28S,YL52N,WL90Q,FL33Y",1.914233,1.7774673,1,3
"2B2X_HL_A|VH50T,EH64K,QL28S,YL52N,YH58E",3.119054,2.6109128,1,3
"2B2X_HL_A|VH50T,EH64K,QL28S,YL52N,YH58Q",3.119054,3.0371506,1,3
"2B2X_HL_A|VH50T,EH64K,QL28S,YL52N,YH58W",1.8641591,1.924693,1,3
"2B2X_HL_A|VH50T,EH64K,QL28S,YL52N,YH59E",1.5872209,1.5103916,1,3
"2B2X_HL_A|VH50T,EH64K,QL28S,YL52R",1.8880546,1.160067,1,3
"2B2X_HL_A|VH50T,EH64K,YL52N",0.28173435,1.0221902,1,3
"2B2X_HL_A|VH50T,EH64N,QL28S,YL52N",1.0069425,0.79924935,1,3
"2B2X_HL_A|VH50T,EH64Q,QL28S,YL52N",0.96559924,0.85936165,1,3
"2B2X_HL_A|VH50T,EH64Q,QL28S,YL52N,LH60D",1.0862032,0.5683609,1,3
"2B2X_HL_A|VH50T,QL28S,YL52N",0.96559924,0.6844958,1,3
"2B2X_HL_A|VH50T,QL28S,YL52N,LH60D",0.90141344,0.32191935,1,3
"2B2X_HL_A|VH50T,YL52N",0.18636756,0.6245974,1,3
2B2X_HL_A|YL52E,-0.22410508,0.7015893,1,3
2VIR_AB_C|SC115L,3.680209,0.19471452,1,3
2VIR_AB_C|TC89I,4.0,2.9231966,1,3
"3G6D_LH_A|EL3V,GL76R,TL77V,QL78E,EL80G",0.13981691,1.7723268,1,3
"3G6D_LH_A|EL3V,GL76R,TL77V,QL78E,EL80G,DH54N",0.111178115,2.024762,1,3
"3G6D_LH_A|EL3V,GL76R,TL77V,QL78E,EL80G,TL89S,ML92I,VL93D,TL94K",0.27145106,2.2846098,1,3
3G6D_LH_A|HH104A,-0.9530879,0.047664456,1,3
"3G6D_LH_A|KH210T,KH215T",-0.13294782,-1.0621117,1,3
"3G6D_LH_A|TL89S,ML92I,VL93D,TL94K",0.7979767,-0.2322014,1,3
3G6D_LH_A|WH105A,-1.4965084,1.6431522,1,3
"3IDX_HL_G|CG27I,CG242Q",-2.4650376,-0.019253436,1,3
"3IDX_HL_G|CG27I,CG242Q,MG247A",-2.1736174,0.26898736,1,3
"3IDX_HL_G|KG85C,EG121C,CG27I,CG242Q",-2.3776865,0.3753846,1,3
"3IDX_HL_G|KG85C,EG121C,WG13M,MG247A,CG14W,CG129V,CG27I,CG242Q",-2.1922898,1.0561497,1,3
"3IDX_HL_G|KG85C,EG122C,WG13M,MG247A,CG14W,CG129V,CG27I,CG242Q",-2.2927184,1.110481,1,3
"3IDX_HL_G|TG41C,GG245C,MG247A",0.40945426,0.06306218,1,3
"3IDX_HL_G|TG41C,GG245C,WG13M,MG247A,CG14W,CG129V,CG27I,CG242Q",-2.3310676,0.52216184,1,3
"3IDX_HL_G|WG13M,MG247A,CG14W,CG129V",-0.6475391,0.61796874,1,3
"3IDX_HL_G|WG13M,MG247A,CG14W,CG129V,CG27I,CG242Q",-2.3479884,0.760549,1,3
"3IDX_HL_G|WG13M,MG247A,CG14W,CG129V,KG85C,EG121C",-0.36166522,1.0604296,1,3
"3IDX_HL_G|WG13M,SG111T,WG200S,MG247A,CG14W,CG129V,CG27I,CG242Q",-1.8639641,0.5688798,1,3
"3L5X_A_HL|EL93F,YL94G",-0.42800838,0.74558765,1,3
"3L5X_A_HL|EL93H,YL94G",-0.7626503,0.9173381,1,3
"3L5X_A_HL|HL91P,NL92I,EL93D,YL94A",-0.6466697,1.4455601,1,3
"3L5X_A_HL|HL91P,NL92L,EL93D,YL94S",-0.6327897,0.88087857,1,3
"3L5X_A_HL|HL91P,NL92L,EL93D,YL94T",-0.81005055,1.0671408,1,3
"3L5X_A_HL|HL91P,NL92L,EL93D,YL94V",-0.85822237,1.0551407,1,3
"3L5X_A_HL|HL91P,NL92L,YL94A",-0.44441348,1.3478303,1,3
"3L5X_A_HL|HL91Q,NL92D,EL93I,YL94G",-1.5503801,1.3149775,1,3
"3L5X_A_HL|HL91Q,NL92D,EL93L,YL94G",-1.785132,1.3973471,1,3
"3L5X_A_HL|HL91Q,NL92D,EL93Y,YL94G",-1.451453,0.0052908137,1,3
"3L5X_A_HL|NL92D,EL93L,YL94G",-0.42962858,1.087826,1,3
"3L5X_A_HL|NL92D,EL93N,YL94S",-0.53403836,0.58050925,1,3
"3L5X_A_HL|NL92D,EL93P,YL94G",-1.4699602,1.0712551,1,3
"3L5X_A_HL|NL92D,EL93R,YL94D",-0.52253926,0.3999004,1,3
"3L5X_A_HL|NL92D,EL93W,YL94E",-1.1963489,-0.00890053,1,3
"3L5X_A_HL|NL92D,EL93W,YL94G",-1.6825228,0.21770759,1,3
"3L5X_A_HL|NL92D,EL93W,YL94S",-0.71612674,0.02671155,1,3
"3L5X_A_HL|NL92D,EL93Y,YL94A",-0.8069743,0.23306382,1,3
"3L5X_A_HL|NL92E,EL93S,YL94G",-1.2653587,0.7591561,1,3
"3L5X_A_HL|NL92E,EL93W,YL94G",-1.5503801,0.47184435,1,3
"3L5X_A_HL|NL92F,EL93W,YL94G",-1.2329907,0.007069261,1,3
"3L5X_A_HL|NL92L,EL93D,YL94S",-0.6170473,0.79322857,1,3
"3L5X_A_HL|NL92L,EL93L,YL94G",-0.6259698,1.4160181,1,3
"3L5X_A_HL|NL92L,EL93M,YL94G",-0.82567644,1.3060757,1,3
"3L5X_A_HL|NL92L,EL93N,YL94G",-0.6954369,1.3070731,1,3
"3L5X_A_HL|NL92S,EL93H,YL94G",-1.2457265,0.86360556,1,3
"3L5X_A_HL|NL92S,EL93I,YL94G",-0.8069743,1.1006086,1,3
"3L5X_A_HL|NL92S,EL93S,YL94G",-0.24921271,0.5482976,1,3
"3L5X_A_HL|NL92S,EL93V,YL94G",-0.51687235,0.7587203,1,3
"3L5X_A_HL|NL92S,EL93W,YL94A",-0.30302802,0.52997196,1,3
"3L5X_A_HL|NL92S,EL93W,YL94G",-1.2720501,0.39268824,1,3
"3L5X_A_HL|NL92S,EL93Y,YL94G",-0.9641868,-0.043662336,1,3
"3L5X_A_HL|NL92V,EL93G,YL94G",-0.46300006,0.9334354,1,3
"3L5X_A_HL|NL92V,EL93W,YL94G",-0.83525383,0.5698597,1,3
3L5X_A_HL|YL94A,-0.82885176,0.545985,1,3
3N85_A_LH|SH32A,-0.13401966,0.7339248,1,3
3N85_A_LH|SH32Y,0.0571225,-0.33291894,1,3
3N85_A_LH|SH50G,0.48767117,-0.09065829,1,3
3N85_A_LH|SH52Y,-0.78460336,-1.5242131,1,3
3N85_A_LH|WH100F,-0.015185109,0.29078788,1,3
3N85_A_LH|WH30K,-0.78460336,0.67588264,1,3
3N85_A_LH|WH30R,-0.5539675,-0.045135304,1,3
3N85_A_LH|WL91F,0.13959166,0.75425684,1,3
3N85_A_LH|WL94Y,-0.03871881,-0.46395686,1,3
3SE8_HL_G|DH110A,-0.38934898,0.08043999,1,3
3SE8_HL_G|DH114A,-0.2441398,0.94784343,1,3
3SE8_HL_G|DL49A,0.8558488,1.4453502,1,3
3SE8_HL_G|EL1A,-0.5565174,0.6846098,1,3
3SE8_HL_G|EL91A,1.513491,0.87053156,1,3
3SE8_HL_G|FH115A,1.0676043,1.4834102,1,3
3SE8_HL_G|FL90A,-0.8640972,1.2339684,1,3
3SE8_HL_G|FL92A,0.8323254,0.98925084,1,3
3SE8_HL_G|GH56A,0.3570972,0.874953,1,3
3SE8_HL_G|KH52A,1.1114144,0.57888347,1,3
3SE8_HL_G|LH54A,0.054776184,0.14744012,1,3
3SE8_HL_G|NL30A,0.19434923,0.87258595,1,3
3SE8_HL_G|PH78A,0.01881787,0.06740477,1,3
3SE8_HL_G|PH81A,-0.07091986,0.5998514,1,3
3SE8_HL_G|QH63A,1.1144251,0.12339002,1,3
3SE8_HL_G|QH65A,0.54980505,0.26750174,1,3
3SE8_HL_G|QH76A,0.09689985,0.16873753,1,3
3SE8_HL_G|QL27A,-0.21612903,0.52101135,1,3
3SE8_HL_G|RH30A,-0.03949762,0.36427334,1,3
3SE8_HL_G|RH62A,1.2061691,0.051078036,1,3
3SE8_HL_G|RH72A,2.6444623,1.5430547,1,3
3SE8_HL_G|SH59A,1.1508402,0.6709063,1,3
3SE8_HL_G|VH58A,1.2496852,0.9291353,1,3
3SE8_HL_G|WH47A,1.4751467,1.040935,1,3
3SE8_HL_G|WH50A,1.333526,2.7491784,1,3
3SE8_HL_G|WH55A,0.7611056,0.5455389,1,3
3SE8_HL_G|YH111A,0.82992166,0.60176516,1,3
3SE8_HL_G|YH60A,0.8558488,1.2072313,1,3
4KRL_A_B|DB112A,0.6496817,1.6050794,1,3
5C6T_HL_A|EA194A,1.0906719,0.6490975,1,3
5C6T_HL_A|FA192A,1.9972014,1.6326678,1,3
5C6T_HL_A|FA199A,2.7581792,1.8024025,1,3
5C6T_HL_A|FA200A,0.41047263,1.4306464,1,3
5C6T_HL_A|FH99A,1.4600298,0.41116455,1,3
5C6T_HL_A|IA201A,0.88561165,-0.11741367,1,3
5C6T_HL_A|NA183A,0.28399685,0.9315961,1,3
5C6T_HL_A|NA186A,0.3630724,0.13044964,1,3
5C6T_HL_A|NA188A,-0.36658686,1.0839491,1,3
"5C6T_HL_A|NA195A,DA197A",0.58650106,2.3369248,1,3
5C6T_HL_A|NH97A,1.5258962,0.5937016,1,3
5C6T_HL_A|RH31S,0.3115454,-0.010074408,1,3
5C6T_HL_A|RL48A,0.1229613,0.9763232,1,3
5C6T_HL_A|SH32A,-0.8683455,0.6445157,1,3
5C6T_HL_A|TA185A,0.33786914,0.924719,1,3
5C6T_HL_A|YA182A,3.2083547,1.527264,1,3
"5C6T_HL_A|YA182A,NA195A,DA197A",2.942425,4.221627,1,3
5C6T_HL_A|YH104A,0.3630724,1.0553831,1,3
5C6T_HL_A|YH98A,1.7166799,0.5763791,1,3
5C6T_HL_A|YL47A,0.5516565,1.9520118,1,3
1KIP_AB_C|AB32Y,-0.8005932,-1.7029871,1,4
1XGU_AB_C|FB33A,4.0,3.2258725,1,4
1XGU_AB_C|FB33I,1.8004549,1.2550633,1,4
1XGU_AB_C|FB33L,1.8617703,1.4263334,1,4
1XGU_AB_C|FB33V,2.9080825,2.3720646,1,4
2B2X_HL_A|EH64K,-0.033433665,0.20326245,1,4
"2B2X_HL_A|EH64K,QL28S,YL52N",0.911615,0.31180352,1,4
"2B2X_HL_A|EH64K,QL28S,YL52N,GH102S",2.7106705,0.47786972,1,4
"2B2X_HL_A|EH64K,QL28S,YL52N,SH35A",3.119054,1.076927,1,4
"2B2X_HL_A|EH64K,QL28S,YL52N,SH35V",3.770335,1.0518104,1,4
"2B2X_HL_A|EH64K,YL52N",0.34853002,0.5664348,1,4
"2B2X_HL_A|QL28S,YL52N",0.8626942,0.014167951,1,4
2B2X_HL_A|VH50T,0.024054652,0.21288648,1,4
"2B2X_HL_A|VH50T,EH64D,QL28S,YL52N",0.87177193,-0.11031304,1,4
"2B2X_HL_A|VH50T,EH64K,QL28S",0.991589,0.24333888,1,4
"2B2X_HL_A|VH50T,EH64K,QL28S,YL52D",1.5439764,0.023644997,1,4
"2B2X_HL_A|VH50T,EH64K,QL28S,YL52E",0.95452905,0.2936777,1,4
"2B2X_HL_A|VH50T,EH64K,QL28S,YL52K",1.7007239,1.5201515,1,4
"2B2X_HL_A|VH50T,EH64K,QL28S,YL52N",1.043214,0.54614633,1,4
"2B2X_HL_A|VH50T,EH64K,QL28S,YL52N,FH99W",1.043214,4.9141236e-06,1,4
"2B2X_HL_A|VH50T,EH64K,QL28S,YL52N,FH99Y",1.7978828,-0.17227137,1,4
"2B2X_HL_A|VH50T,EH64K,QL28S,YL52N,GH100F",1.4322319,0.6736282,1,4
"2B2X_HL_A|VH50T,EH64K,QL28S,YL52N,GH100L",3.770335,0.7545751,1,4
"2B2X_HL_A|VH50T,EH64K,QL28S,YL52N,GH100M",1.145348,1.033051,1,4
"2B2X_HL_A|VH50T,EH64K,QL28S,YL52N,GH100S",1.6009614,0.75128907,1,4
"2B2X_HL_A|VH50T,EH64K,QL28S,YL52N,GH53A",1.5558206,1.4845877,1,4
"2B2X_HL_A|VH50T,EH64K,QL28S,YL52N,GH53N",2.2985272,0.5908642,1,4
"2B2X_HL_A|VH50T,EH64K,QL28S,YL52N,GH53S",1.7188073,0.69787365,1,4
"2B2X_HL_A|VH50T,EH64K,QL28S,YL52N,GH54I",2.4067745,0.8000251,1,4
"2B2X_HL_A|VH50T,EH64K,QL28S,YL52N,GH54T",2.2073808,0.7445103,1,4
"2B2X_HL_A|VH50T,EH64K,QL28S,YL52N,GH54Y",1.043214,0.15164709,1,4
"2B2X_HL_A|VH50T,EH64K,QL28S,YL52N,GL92Q",2.6158988,1.0455143,1,4
"2B2X_HL_A|VH50T,EH64K,QL28S,YL52N,GL92S",1.5558206,0.6707084,1,4
"2B2X_HL_A|VH50T,EH64K,QL28S,YL52N,HL31K",2.2073808,1.8685527,1,4
"2B2X_HL_A|VH50T,EH64K,QL28S,YL52N,HL31R",2.1670115,0.42878705,1,4
"2B2X_HL_A|VH50T,EH64K,QL28S,YL52N,HL31W",2.2985272,0.56993955,1,4
"2B2X_HL_A|VH50T,EH64K,QL28S,YL52N,LH60D",0.981894,0.42819914,1,4
"2B2X_HL_A|VH50T,EH64K,QL28S,YL52N,LL49F",1.7554936,0.590993,1,4
"2B2X_HL_A|VH50T,EH64K,QL28S,YL52N,LL49K",1.9044149,0.9192596,1,4
"2B2X_HL_A|VH50T,EH64K,QL28S,YL52N,LL49W",2.9507816,0.12109373,1,4
"2B2X_HL_A|VH50T,EH64K,QL28S,YL52N,NL30V",2.0925434,1.0848131,1,4
"2B2X_HL_A|VH50T,EH64K,QL28S,YL52N,NL30W",2.6158988,0.7281803,1,4
"2B2X_HL_A|VH50T,EH64K,QL28S,YL52N,NL30Y",2.9507816,0.34896436,1,4
"2B2X_HL_A|VH50T,EH64K,QL28S,YL52N,NL30Y,SL91I",1.4775821,0.5941586,1,4
"2B2X_HL_A|VH50T,EH64K,QL28S,YL52N,RH31Q",2.350542,0.5882761,1,4
"2B2X_HL_A|VH50T,EH64K,QL28S,YL52N,SH35A",2.6158988,1.4789706,1,4
"2B2X_HL_A|VH50T,EH64K,QL28S,YL52N,SH35A,GH102S",2.6158988,1.6549438,1,4
"2B2X_HL_A|VH50T,EH64K,QL28S,YL52N,SH35Q",3.770335,1.632455,1,4
"2B2X_HL_A|VH50T,EH64K,QL28S,YL52N,SH35V,GH102S",2.4688888,1.5474689,1,4
"2B2X_HL_A|VH50T,EH64K,QL28S,YL52N,SH52M",3.119054,0.4785298,1,4
"2B2X_HL_A|VH50T,EH64K,QL28S,YL52N,SL24R",0.82788163,1.0192726,1,4
"2B2X_HL_A|VH50T,EH64K,QL28S,YL52N,SL91Q",2.8172472,1.0936931,1,4
"2B2X_HL_A|VH50T,EH64K,QL28S,YL52N,SL91R",3.770335,0.64231205,1,4
"2B2X_HL_A|VH50T,EH64K,QL28S,YL52N,SL91R,NL30E",3.770335,1.2510056,1,4
"2B2X_HL_A|VH50T,EH64K,QL28S,YL52N,SL91T",3.3598623,0.40570834,1,4
"2B2X_HL_A|VH50T,EH64K,QL28S,YL52N,TH33E,GH53Q",2.7106705,1.7076131,1,4
"2B2X_HL_A|VH50T,EH64K,QL28S,YL52N,TH33I,SH52T,GH53N,GH54N",2.9507816,1.3125616,1,4
"2B2X_HL_A|VH50T,EH64K,QL28S,YL52N,TH33I,SH52T,GH53Q,GH54F",2.2985272,1.4678835,1,4
"2B2X_HL_A|VH50T,EH64K,QL28S,YL52N,TH33N",3.770335,1.1699691,1,4
"2B2X_HL_A|VH50T,EH64K,QL28S,YL52N,TH33V",1.4775821,1.3006287,1,4
"2B2X_HL_A|VH50T,EH64K,QL28S,YL52N,WL90Q",3.119054,1.6771702,1,4
"2B2X_HL_A|VH50T,EH64K,QL28S,YL52N,WL90Q,FL33Y",1.914233,1.4198211,1,4
"2B2X_HL_A|VH50T,EH64K,QL28S,YL52N,YH58E",3.119054,0.5849044,1,4
"2B2X_HL_A|VH50T,EH64K,QL28S,YL52N,YH58Q",3.119054,1.3422729,1,4
"2B2X_HL_A|VH50T,EH64K,QL28S,YL52N,YH58W",1.8641591,0.755499,1,4
"2B2X_HL_A|VH50T,EH64K,QL28S,YL52N,YH59E",1.5872209,0.94036525,1,4
"2B2X_HL_A|VH50T,EH64K,QL28S,YL52R",1.8880546,1.0560853,1,4
"2B2X_HL_A|VH50T,EH64K,YL52N",0.28173435,0.9635734,1,4
"2B2X_HL_A|VH50T,EH64N,QL28S,YL52N",1.0069425,0.25808352,1,4
"2B2X_HL_A|VH50T,EH64Q,QL28S,YL52N",0.96559924,0.30146766,1,4
"2B2X_HL_A|VH50T,EH64Q,QL28S,YL52N,LH60D",1.0862032,0.19578817,1,4
"2B2X_HL_A|VH50T,QL28S,YL52N",0.96559924,0.18427643,1,4
"2B2X_HL_A|VH50T,QL28S,YL52N,LH60D",0.90141344,-0.18062016,1,4
"2B2X_HL_A|VH50T,YL52N",0.18636756,0.7043975,1,4
2B2X_HL_A|YL52E,-0.22410508,-0.014606072,1,4
2VIR_AB_C|SC115L,3.680209,-0.932801,1,4
2VIR_AB_C|TC89I,4.0,3.3562946,1,4
"3G6D_LH_A|EL3V,GL76R,TL77V,QL78E,EL80G",0.13981691,1.5859604,1,4
"3G6D_LH_A|EL3V,GL76R,TL77V,QL78E,EL80G,DH54N",0.111178115,2.7686098,1,4
"3G6D_LH_A|EL3V,GL76R,TL77V,QL78E,EL80G,TL89S,ML92I,VL93D,TL94K",0.27145106,2.207764,1,4
3G6D_LH_A|HH104A,-0.9530879,-0.12815574,1,4
"3G6D_LH_A|KH210T,KH215T",-0.13294782,-1.335186,1,4
"3G6D_LH_A|TL89S,ML92I,VL93D,TL94K",0.7979767,1.0403517,1,4
3G6D_LH_A|WH105A,-1.4965084,2.002633,1,4
"3IDX_HL_G|CG27I,CG242Q",-2.4650376,0.38049167,1,4
"3IDX_HL_G|CG27I,CG242Q,MG247A",-2.1736174,0.014130579,1,4
"3IDX_HL_G|KG85C,EG121C,CG27I,CG242Q",-2.3776865,-0.22976974,1,4
"3IDX_HL_G|KG85C,EG121C,WG13M,MG247A,CG14W,CG129V,CG27I,CG242Q",-2.1922898,0.50201267,1,4
"3IDX_HL_G|KG85C,EG122C,WG13M,MG247A,CG14W,CG129V,CG27I,CG242Q",-2.2927184,0.45689458,1,4
"3IDX_HL_G|TG41C,GG245C,MG247A",0.40945426,-0.77987826,1,4
"3IDX_HL_G|TG41C,GG245C,WG13M,MG247A,CG14W,CG129V,CG27I,CG242Q",-2.3310676,0.3352546,1,4
"3IDX_HL_G|WG13M,MG247A,CG14W,CG129V",-0.6475391,1.0640856,1,4
"3IDX_HL_G|WG13M,MG247A,CG14W,CG129V,CG27I,CG242Q",-2.3479884,1.0260335,1,4
"3IDX_HL_G|WG13M,MG247A,CG14W,CG129V,KG85C,EG121C",-0.36166522,0.7032794,1,4
"3IDX_HL_G|WG13M,SG111T,WG200S,MG247A,CG14W,CG129V,CG27I,CG242Q",-1.8639641,0.14999774,1,4
"3L5X_A_HL|EL93F,YL94G",-0.42800838,0.92599934,1,4
"3L5X_A_HL|EL93H,YL94G",-0.7626503,1.0154508,1,4
"3L5X_A_HL|HL91P,NL92I,EL93D,YL94A",-0.6466697,-0.03205719,1,4
"3L5X_A_HL|HL91P,NL92L,EL93D,YL94S",-0.6327897,-0.26941562,1,4
"3L5X_A_HL|HL91P,NL92L,EL93D,YL94T",-0.81005055,-0.73338,1,4
"3L5X_A_HL|HL91P,NL92L,EL93D,YL94V",-0.85822237,-0.57261443,1,4
"3L5X_A_HL|HL91P,NL92L,YL94A",-0.44441348,-0.433252,1,4
"3L5X_A_HL|HL91Q,NL92D,EL93I,YL94G",-1.5503801,-0.66266596,1,4
"3L5X_A_HL|HL91Q,NL92D,EL93L,YL94G",-1.785132,-0.9147864,1,4
"3L5X_A_HL|HL91Q,NL92D,EL93Y,YL94G",-1.451453,-1.1556896,1,4
"3L5X_A_HL|NL92D,EL93L,YL94G",-0.42962858,-0.4966882,1,4
"3L5X_A_HL|NL92D,EL93N,YL94S",-0.53403836,0.43128446,1,4
"3L5X_A_HL|NL92D,EL93P,YL94G",-1.4699602,-0.28292838,1,4
"3L5X_A_HL|NL92D,EL93R,YL94D",-0.52253926,-0.1692318,1,4
"3L5X_A_HL|NL92D,EL93W,YL94E",-1.1963489,-0.92816997,1,4
"3L5X_A_HL|NL92D,EL93W,YL94G",-1.6825228,-0.83685815,1,4
"3L5X_A_HL|NL92D,EL93W,YL94S",-0.71612674,-0.87707263,1,4
"3L5X_A_HL|NL92D,EL93Y,YL94A",-0.8069743,-0.62773347,1,4
"3L5X_A_HL|NL92E,EL93S,YL94G",-1.2653587,-1.0678015,1,4
"3L5X_A_HL|NL92E,EL93W,YL94G",-1.5503801,-1.4167249,1,4
"3L5X_A_HL|NL92F,EL93W,YL94G",-1.2329907,-0.6714305,1,4
"3L5X_A_HL|NL92L,EL93D,YL94S",-0.6170473,-0.39148894,1,4
"3L5X_A_HL|NL92L,EL93L,YL94G",-0.6259698,-0.87771577,1,4
"3L5X_A_HL|NL92L,EL93M,YL94G",-0.82567644,-0.59743166,1,4
"3L5X_A_HL|NL92L,EL93N,YL94G",-0.6954369,0.18222886,1,4
"3L5X_A_HL|NL92S,EL93H,YL94G",-1.2457265,-0.038270913,1,4
"3L5X_A_HL|NL92S,EL93I,YL94G",-0.8069743,-0.051524796,1,4
"3L5X_A_HL|NL92S,EL93S,YL94G",-0.24921271,-0.36297753,1,4
"3L5X_A_HL|NL92S,EL93V,YL94G",-0.51687235,-0.29617226,1,4
"3L5X_A_HL|NL92S,EL93W,YL94A",-0.30302802,-0.9600824,1,4
"3L5X_A_HL|NL92S,EL93W,YL94G",-1.2720501,-0.7120414,1,4
"3L5X_A_HL|NL92S,EL93Y,YL94G",-0.9641868,-0.39653108,1,4
"3L5X_A_HL|NL92V,EL93G,YL94G",-0.46300006,0.092889145,1,4
"3L5X_A_HL|NL92V,EL93W,YL94G",-0.83525383,-0.5502176,1,4
3L5X_A_HL|YL94A,-0.82885176,0.27819282,1,4
3N85_A_LH|SH32A,-0.13401966,0.87051773,1,4
3N85_A_LH|SH32Y,0.0571225,-1.4103515,1,4
3N85_A_LH|SH50G,0.48767117,-0.58496785,1,4
3N85_A_LH|SH52Y,-0.78460336,-0.8056672,1,4
3N85_A_LH|WH100F,-0.015185109,0.5127802,1,4
3N85_A_LH|WH30K,-0.78460336,1.099625,1,4
3N85_A_LH|WH30R,-0.5539675,0.44699264,1,4
3N85_A_LH|WL91F,0.13959166,1.8372666,1,4
3N85_A_LH|WL94Y,-0.03871881,-0.07680326,1,4
3SE8_HL_G|DH110A,-0.38934898,-0.38082236,1,4
3SE8_HL_G|DH114A,-0.2441398,1.6358579,1,4
3SE8_HL_G|DL49A,0.8558488,2.0084295,1,4
3SE8_HL_G|EL1A,-0.5565174,0.43900868,1,4
3SE8_HL_G|EL91A,1.513491,0.86203974,1,4
3SE8_HL_G|FH115A,1.0676043,2.1450233,1,4
3SE8_HL_G|FL90A,-0.8640972,0.12393367,1,4
3SE8_HL_G|FL92A,0.8323254,1.1209292,1,4
3SE8_HL_G|GH56A,0.3570972,0.69253725,1,4
3SE8_HL_G|KH52A,1.1114144,0.54414475,1,4
3SE8_HL_G|LH54A,0.054776184,0.812366,1,4
3SE8_HL_G|NL30A,0.19434923,1.2529927,1,4
3SE8_HL_G|PH78A,0.01881787,0.061788406,1,4
3SE8_HL_G|PH81A,-0.07091986,0.36404714,1,4
3SE8_HL_G|QH63A,1.1144251,0.04284729,1,4
3SE8_HL_G|QH65A,0.54980505,0.06391488,1,4
3SE8_HL_G|QH76A,0.09689985,0.5345376,1,4
3SE8_HL_G|QL27A,-0.21612903,-0.3468616,1,4
3SE8_HL_G|RH30A,-0.03949762,0.21697968,1,4
3SE8_HL_G|RH62A,1.2061691,0.45262682,1,4
3SE8_HL_G|RH72A,2.6444623,0.81995934,1,4
3SE8_HL_G|SH59A,1.1508402,0.64905435,1,4
3SE8_HL_G|VH58A,1.2496852,0.3429245,1,4
3SE8_HL_G|WH47A,1.4751467,1.6268976,1,4
3SE8_HL_G|WH50A,1.333526,1.2122501,1,4
3SE8_HL_G|WH55A,0.7611056,-0.053622678,1,4
3SE8_HL_G|YH111A,0.82992166,0.8865116,1,4
3SE8_HL_G|YH60A,0.8558488,1.32327,1,4
4KRL_A_B|DB112A,0.6496817,0.17746586,1,4
5C6T_HL_A|EA194A,1.0906719,0.78061736,1,4
5C6T_HL_A|FA192A,1.9972014,1.6004041,1,4
5C6T_HL_A|FA199A,2.7581792,1.2582392,1,4
5C6T_HL_A|FA200A,0.41047263,1.4408476,1,4
5C6T_HL_A|FH99A,1.4600298,-0.74345845,1,4
5C6T_HL_A|IA201A,0.88561165,0.5225282,1,4
5C6T_HL_A|NA183A,0.28399685,1.9847713,1,4
5C6T_HL_A|NA186A,0.3630724,-0.5549923,1,4
5C6T_HL_A|NA188A,-0.36658686,2.187501,1,4
"5C6T_HL_A|NA195A,DA197A",0.58650106,1.8491095,1,4
5C6T_HL_A|NH97A,1.5258962,-0.6241843,1,4
5C6T_HL_A|RH31S,0.3115454,0.7039508,1,4
5C6T_HL_A|RL48A,0.1229613,0.84620386,1,4
5C6T_HL_A|SH32A,-0.8683455,-0.0055927522,1,4
5C6T_HL_A|TA185A,0.33786914,0.5486474,1,4
5C6T_HL_A|YA182A,3.2083547,-0.5060358,1,4
"5C6T_HL_A|YA182A,NA195A,DA197A",2.942425,1.4116448,1,4
5C6T_HL_A|YH104A,0.3630724,2.1702054,1,4
5C6T_HL_A|YH98A,1.7166799,0.38373554,1,4
5C6T_HL_A|YL47A,0.5516565,1.3300078,1,4
1DVF_AB_CD|DB100A,2.7895143,1.0671533,2,0
"1DVF_AB_CD|DB100A,DD52A",4.0,2.280462,2,0
"1DVF_AB_CD|DB100A,HD33A",4.0,2.2107925,2,0
"1DVF_AB_CD|DB100A,ND55A",4.0,0.965331,2,0
1DVF_AB_CD|DB54A,4.0,0.2811879,2,0
"1DVF_AB_CD|DB54A,YC49A",4.0,1.2905654,2,0
1DVF_AB_CD|DB58A,1.6000048,1.0424471,2,0
"1DVF_AB_CD|DB58A,QD104A",1.4641725,0.73295826,2,0
1DVF_AB_CD|DD52A,1.6822901,1.0559874,2,0
1DVF_AB_CD|EB98A,4.0,0.7008474,2,0
"1DVF_AB_CD|EB98A,YD102A",4.0,2.0389578,2,0
1DVF_AB_CD|HA30A,1.6493824,0.581509,2,0
1DVF_AB_CD|HD33A,1.8606005,0.52172077,2,0
1DVF_AB_CD|ID101A,2.6815457,0.07870503,2,0
1DVF_AB_CD|KD30A,1.0035173,0.081521586,2,0
1DVF_AB_CD|NB56A,1.1624389,0.06391907,2,0
"1DVF_AB_CD|NB56A,HD33A",2.5259995,0.6119094,2,0
"1DVF_AB_CD|NB56A,ND55A",2.3010929,-0.08638838,2,0
"1DVF_AB_CD|NB56A,QD104A",1.4868644,0.38628638,2,0
1DVF_AB_CD|ND55A,1.8606005,0.23952687,2,0
1DVF_AB_CD|QD104A,1.6287225,0.4522008,2,0
1DVF_AB_CD|RB99A,1.8746451,0.14143717,2,0
1DVF_AB_CD|RD106A,4.0,0.2648058,2,0
1DVF_AB_CD|SA93A,1.1624389,0.54597634,2,0
1DVF_AB_CD|TB30A,0.9075126,-0.07959142,2,0
1DVF_AB_CD|WA92A,0.34072307,0.43349105,2,0
1DVF_AB_CD|WB52A,4.0,1.4760251,2,0
"1DVF_AB_CD|WB52A,QD104A",4.0,1.4391874,2,0
1DVF_AB_CD|YA32A,2.0303695,1.4898558,2,0
"1DVF_AB_CD|YA32A,RD106A",4.0,1.3539163,2,0
1DVF_AB_CD|YA49A,1.6785902,1.5189883,2,0
"1DVF_AB_CD|YA49A,HD33A",2.625045,2.8936038,2,0
"1DVF_AB_CD|YA49A,ND55A",2.0303695,1.4093331,2,0
1DVF_AB_CD|YA50A,0.6877736,2.5387492,2,0
1DVF_AB_CD|YB101F,2.0123136,0.49597266,2,0
1DVF_AB_CD|YB32A,1.8314707,1.7911696,2,0
1DVF_AB_CD|YC49A,1.8606005,0.80423677,2,0
1DVF_AB_CD|YD102A,4.0,1.4220705,2,0
1MHP_HL_A|FH99W,0.0,0.0028298907,2,0
1MHP_HL_A|FH99Y,0.75466895,-0.41325954,2,0
1MHP_HL_A|GH100F,0.38901797,-0.12285292,2,0
1MHP_HL_A|GH100L,2.727121,0.06498392,2,0
1MHP_HL_A|GH100M,0.10213403,-0.089129746,2,0
1MHP_HL_A|GH100S,0.5577475,0.027509278,2,0
1MHP_HL_A|GH53A,0.5126066,0.6378785,2,0
1MHP_HL_A|GH53N,1.2553134,0.15454087,2,0
1MHP_HL_A|GH53S,0.6755934,0.06277145,2,0
1MHP_HL_A|GH54I,1.3635606,0.2125454,2,0
1MHP_HL_A|GH54T,1.1641668,0.6787564,2,0
1MHP_HL_A|GH54Y,0.0,-0.7964005,2,0
1MHP_HL_A|GL91Q,1.572685,0.031899035,2,0
1MHP_HL_A|GL91S,0.5126066,0.08982049,2,0
1MHP_HL_A|HL30K,1.1641668,0.33722007,2,0
1MHP_HL_A|HL30R,1.1237977,-0.15799099,2,0
1MHP_HL_A|HL30W,1.2553134,-0.24922407,2,0
1MHP_HL_A|KH64D,-0.17144196,-0.90564966,2,0
1MHP_HL_A|KH64E,-0.07761467,-0.6393503,2,0
"1MHP_HL_A|KH64E,SL27Q",-0.85684633,-0.9666487,2,0
"1MHP_HL_A|KH64E,SL27Q,NL51Y",-1.0191593,-1.7780824,2,0
1MHP_HL_A|KH64N,-0.03627145,-0.64988095,2,0
1MHP_HL_A|KH64Q,-0.07761467,-0.5140655,2,0
1MHP_HL_A|LH60D,-0.061319917,-0.0878568,2,0
"1MHP_HL_A|LH60D,KH64E",-0.1418005,-0.66569036,2,0
"1MHP_HL_A|LH60D,KH64Q",0.042989343,-0.5758417,2,0
1MHP_HL_A|LL48F,0.71227974,-0.4643174,2,0
1MHP_HL_A|LL48K,0.8612009,-0.009791996,2,0
1MHP_HL_A|LL48W,1.9075676,-0.7900399,2,0
1MHP_HL_A|NL29V,1.0493295,-0.17889029,2,0
1MHP_HL_A|NL29W,1.572685,-0.39604926,2,0
1MHP_HL_A|NL29Y,1.9075676,-0.60144615,2,0
"1MHP_HL_A|NL29Y,SL90I",0.43436813,-0.5289037,2,0
1MHP_HL_A|NL51D,0.5007625,-0.20431583,2,0
1MHP_HL_A|NL51E,-0.08868487,-0.119375974,2,0
1MHP_HL_A|NL51K,0.65751,0.38949782,2,0
1MHP_HL_A|NL51R,0.84484076,-0.09563404,2,0
1MHP_HL_A|NL51Y,-0.05162489,-0.59631205,2,0
1MHP_HL_A|RH31Q,1.3073281,0.05302403,2,0
1MHP_HL_A|SH35A,1.572685,1.1155901,2,0
"1MHP_HL_A|SH35A,GH102S",1.572685,0.9366062,2,0
1MHP_HL_A|SH35Q,2.727121,0.12565671,2,0
"1MHP_HL_A|SH35V,GH102S",1.4256749,0.31232202,2,0
1MHP_HL_A|SH52M,2.0758402,-0.07584894,2,0
1MHP_HL_A|SL23R,-0.21533228,-0.03585798,2,0
1MHP_HL_A|SL27Q,-0.6661127,-0.4992765,2,0
1MHP_HL_A|SL90Q,1.7740332,-0.2446264,2,0
1MHP_HL_A|SL90T,2.3166485,-0.01578373,2,0
"1MHP_HL_A|TH33E,GH53Q",1.6674565,0.204203,2,0
"1MHP_HL_A|TH33I,SH52T,GH53N,GH54N",1.9075676,0.932057,2,0
"1MHP_HL_A|TH33I,SH52T,GH53Q,GH54F",1.2553134,0.102593675,2,0
1MHP_HL_A|TH33N,2.727121,-0.052258912,2,0
1MHP_HL_A|TH33V,0.43436813,0.18777092,2,0
1MHP_HL_A|TH50V,-0.13159887,0.09592676,2,0
"1MHP_HL_A|TH50V,GH102S",1.6674565,0.060664486,2,0
"1MHP_HL_A|TH50V,KH64E",-0.1805197,-0.66302794,2,0
"1MHP_HL_A|TH50V,KH64E,SL27Q,NL51E",-1.267319,-1.1714832,2,0
"1MHP_HL_A|TH50V,KH64E,SL27Q,NL51Y",-1.0844951,-1.9206384,2,0
"1MHP_HL_A|TH50V,SH35A",2.0758402,1.0195031,2,0
"1MHP_HL_A|TH50V,SH35V",2.727121,0.19173518,2,0
"1MHP_HL_A|TH50V,SL27Q",-0.6946839,-0.43226326,2,0
"1MHP_HL_A|TH50V,SL27Q,NL51Y",-1.0235296,-1.1795546,2,0
1MHP_HL_A|WL89Q,2.0758402,0.5368553,2,0
"1MHP_HL_A|WL89Q,FL32Y",0.871019,-0.11857259,2,0
1MHP_HL_A|YH58E,2.0758402,1.0134399,2,0
1MHP_HL_A|YH58Q,2.0758402,1.1104169,2,0
1MHP_HL_A|YH58W,0.82094526,0.4768224,2,0
1MHP_HL_A|YH59E,0.54400706,0.47657558,2,0
1N8Z_AB_C|DB102W,-0.71302944,-0.5985936,2,0
1N8Z_AB_C|FC539A,0.035102826,1.8261,2,0
1N8Z_AB_C|HA91F,0.034232877,-0.2805968,2,0
1N8Z_AB_C|LC509A,-0.023045197,0.6621138,2,0
1N8Z_AB_C|NA30S,0.06666317,0.12972149,2,0
"1N8Z_AB_C|NA30S,HA91F,YA92W",-0.07476232,0.4182843,2,0
"1N8Z_AB_C|NA30S,HA91F,YA92W,TA94S,DB102W,YB105F,YB109V",0.050661404,0.3060864,2,0
1N8Z_AB_C|RB50A,2.9754758,1.4247122,2,0
1N8Z_AB_C|RB59A,1.8037988,1.0135175,2,0
1N8Z_AB_C|SC535A,0.030827092,0.43113387,2,0
1N8Z_AB_C|TA94S,0.32168603,-0.72064084,2,0
1N8Z_AB_C|VC536A,0.008972699,0.6365439,2,0
1N8Z_AB_C|YB105F,0.8540034,0.5307273,2,0
1N8Z_AB_C|YB109V,0.23192272,0.7722891,2,0
1XGQ_AB_C|VB33A,1.1525793,1.2277361,2,0
1XGQ_AB_C|VB33F,-2.9080825,-2.2494097,2,0
1XGQ_AB_C|VB33I,-1.1076277,-0.36090913,2,0
1XGQ_AB_C|VB33L,-1.0463123,-0.45225778,2,0
1YQV_HL_Y|RY45K,1.8995041,-0.10547769,2,0
"1YQV_HL_Y|RY68K,TY40S,IY55V,SY91T",4.0,0.69080544,2,0
"1YQV_HL_Y|RY68K,TY40S,IY55V,SY91T,QY121H",0.0,0.33469284,2,0
1YY9_CD_A|AC25P,0.07225565,-0.3772444,2,0
1YY9_CD_A|AD98P,1.0372273,-0.69018865,2,0
1YY9_CD_A|GD54P,0.26807046,-0.08585201,2,0
1YY9_CD_A|LD29P,0.030827092,0.17707638,2,0
1YY9_CD_A|NC93A,-0.74186975,0.22433895,2,0
1YY9_CD_A|ND56A,-0.057046015,0.052090812,2,0
1YY9_CD_A|SC26D,-0.19925442,-0.0662006,2,0
"1YY9_CD_A|SC26D,TC31E,NC93A",-1.3329437,0.21400905,2,0
"1YY9_CD_A|SC26D,TC31E,NC93A,ND56A,TD61E",-0.6517935,-0.1872282,2,0
1YY9_CD_A|SC26P,-0.009110746,0.048430715,2,0
1YY9_CD_A|SC28P,-0.22229962,-0.15238819,2,0
1YY9_CD_A|SC54P,-0.018363854,0.18197227,2,0
1YY9_CD_A|SD53P,0.8175451,-0.048121456,2,0
1YY9_CD_A|TC31E,-0.51892465,0.28874096,2,0
"1YY9_CD_A|TC31E,NC93A",-0.81853306,0.5868159,2,0
1YY9_CD_A|TC96P,4.0,0.021632187,2,0
1YY9_CD_A|TD61E,-0.057046015,-0.7119365,2,0
1YY9_CD_A|WD52P,1.4782712,0.51866114,2,0
1YY9_CD_A|YD101P,1.6514195,0.39893395,2,0
3NPS_A_BC|DA214A,1.466743,0.7209888,2,0
3NPS_A_BC|DA46A,0.3399866,0.09513226,2,0
3NPS_A_BC|DA47A,1.0674704,0.91570413,2,0
3NPS_A_BC|DA91A,1.5070341,0.5956765,2,0
3NPS_A_BC|EA163A,0.61534816,0.34058893,2,0
3NPS_A_BC|FA50A,0.21957076,0.8730662,2,0
3NPS_A_BC|FA89A,1.5714045,1.066927,2,0
3NPS_A_BC|FA92A,0.46353978,0.51267,2,0
3NPS_A_BC|HA138A,1.8750918,0.49834606,2,0
3NPS_A_BC|IA26A,0.6415425,-0.005183734,2,0
3NPS_A_BC|IA45A,-0.33181784,0.08323833,2,0
3NPS_A_BC|KA221A,-0.10361039,0.99072665,2,0
3NPS_A_BC|LA147A,0.29573628,0.3268984,2,0
3NPS_A_BC|NA90A,0.25341922,0.35616902,2,0
3NPS_A_BC|QA140A,0.29573628,0.6230784,2,0
3NPS_A_BC|QA168A,-0.059223834,0.20827621,2,0
3NPS_A_BC|QA169A,0.7409076,1.0709896,2,0
3NPS_A_BC|QA218A,-0.040916756,0.63589984,2,0
3NPS_A_BC|QA23A,0.026323749,0.6882424,2,0
3NPS_A_BC|RA219A,-0.08390186,-0.18777473,2,0
3NPS_A_BC|RA48A,-1.062741,-0.20163338,2,0
3NPS_A_BC|RA51A,0.13816836,0.7486319,2,0
3NPS_A_BC|RA82A,-0.15159543,0.5405849,2,0
3NPS_A_BC|TA144A,0.17497002,0.5668713,2,0
3NPS_A_BC|TA93A,0.72381234,0.9887341,2,0
3NPS_A_BC|YA141A,1.7748737,1.0139085,2,0
3NPS_A_BC|YA52A,0.4518898,0.6766923,2,0
3W2D_A_HL|KA67N,4.0,0.28181958,2,0
3W2D_A_HL|KA67R,-0.42812017,0.4365668,2,0
3W2D_A_HL|YA45F,0.8779443,-0.81601155,2,0
3W2D_A_HL|YA45L,2.3647563,0.021299314,2,0
"4KRO_A_B|DA321T,FA323A",0.1269707,1.4839512,2,0
"4KRP_A_B|DA277T,FA279A",0.35829666,1.4009844,2,0
4NM8_ABCDEF_HL|DB19N,0.66149956,0.44705778,2,0
4NM8_ABCDEF_HL|IB18M,0.10977998,0.5694574,2,0
4NM8_ABCDEF_HL|LB38Y,-0.6151596,-0.2767182,2,0
4NM8_ABCDEF_HL|QB34R,2.9754758,0.4944466,2,0
4NM8_ABCDEF_HL|QB34T,2.3309386,0.7075114,2,0
4NM8_ABCDEF_HL|RB25M,3.442353,0.1471285,2,0
4NM8_ABCDEF_HL|TB32E,-0.5517196,-0.25363615,2,0
4NM8_ABCDEF_HL|TB32I,-0.050205972,0.4629147,2,0
4NM8_ABCDEF_HL|TB32R,1.2211944,0.3092698,2,0
1DVF_AB_CD|DB100A,2.7895143,0.95236605,2,1
"1DVF_AB_CD|DB100A,DD52A",4.0,2.2166817,2,1
"1DVF_AB_CD|DB100A,HD33A",4.0,1.6975143,2,1
"1DVF_AB_CD|DB100A,ND55A",4.0,1.5706717,2,1
1DVF_AB_CD|DB54A,4.0,0.5145222,2,1
"1DVF_AB_CD|DB54A,YC49A",4.0,2.6125796,2,1
1DVF_AB_CD|DB58A,1.6000048,0.90728396,2,1
"1DVF_AB_CD|DB58A,QD104A",1.4641725,1.3571427,2,1
1DVF_AB_CD|DD52A,1.6822901,1.1567318,2,1
1DVF_AB_CD|EB98A,4.0,1.5361307,2,1
"1DVF_AB_CD|EB98A,YD102A",4.0,4.3991113,2,1
1DVF_AB_CD|HA30A,1.6493824,0.40336064,2,1
1DVF_AB_CD|HD33A,1.8606005,0.7992716,2,1
1DVF_AB_CD|ID101A,2.6815457,0.3922977,2,1
1DVF_AB_CD|KD30A,1.0035173,0.6106538,2,1
1DVF_AB_CD|NB56A,1.1624389,0.16325599,2,1
"1DVF_AB_CD|NB56A,HD33A",2.5259995,0.7636536,2,1
"1DVF_AB_CD|NB56A,ND55A",2.3010929,0.66653615,2,1
"1DVF_AB_CD|NB56A,QD104A",1.4868644,0.54025805,2,1
1DVF_AB_CD|ND55A,1.8606005,0.6020407,2,1
1DVF_AB_CD|QD104A,1.6287225,0.7370811,2,1
1DVF_AB_CD|RB99A,1.8746451,0.45942998,2,1
1DVF_AB_CD|RD106A,4.0,0.8210656,2,1
1DVF_AB_CD|SA93A,1.1624389,0.4403524,2,1
1DVF_AB_CD|TB30A,0.9075126,0.0029945783,2,1
1DVF_AB_CD|WA92A,0.34072307,1.8644346,2,1
1DVF_AB_CD|WB52A,4.0,1.2450781,2,1
"1DVF_AB_CD|WB52A,QD104A",4.0,1.897326,2,1
1DVF_AB_CD|YA32A,2.0303695,1.4402851,2,1
"1DVF_AB_CD|YA32A,RD106A",4.0,2.5472345,2,1
1DVF_AB_CD|YA49A,1.6785902,1.0698475,2,1
"1DVF_AB_CD|YA49A,HD33A",2.625045,1.9317981,2,1
"1DVF_AB_CD|YA49A,ND55A",2.0303695,1.9695376,2,1
1DVF_AB_CD|YA50A,0.6877736,0.98264164,2,1
1DVF_AB_CD|YB101F,2.0123136,0.4021673,2,1
1DVF_AB_CD|YB32A,1.8314707,1.4077499,2,1
1DVF_AB_CD|YC49A,1.8606005,1.9913329,2,1
1DVF_AB_CD|YD102A,4.0,1.9274324,2,1
1MHP_HL_A|FH99W,0.0,0.071977645,2,1
1MHP_HL_A|FH99Y,0.75466895,-0.089282304,2,1
1MHP_HL_A|GH100F,0.38901797,-0.48072508,2,1
1MHP_HL_A|GH100L,2.727121,-0.59475917,2,1
1MHP_HL_A|GH100M,0.10213403,-0.4435151,2,1
1MHP_HL_A|GH100S,0.5577475,-0.33185354,2,1
1MHP_HL_A|GH53A,0.5126066,0.25259668,2,1
1MHP_HL_A|GH53N,1.2553134,-0.022304256,2,1
1MHP_HL_A|GH53S,0.6755934,-0.2307557,2,1
1MHP_HL_A|GH54I,1.3635606,-0.016715541,2,1
1MHP_HL_A|GH54T,1.1641668,0.37159556,2,1
1MHP_HL_A|GH54Y,0.0,-0.41769317,2,1
1MHP_HL_A|GL91Q,1.572685,-0.2708646,2,1
1MHP_HL_A|GL91S,0.5126066,-0.084129974,2,1
1MHP_HL_A|HL30K,1.1641668,0.42367968,2,1
1MHP_HL_A|HL30R,1.1237977,-0.10201965,2,1
1MHP_HL_A|HL30W,1.2553134,0.014630634,2,1
1MHP_HL_A|KH64D,-0.17144196,-0.7458491,2,1
1MHP_HL_A|KH64E,-0.07761467,-0.7268162,2,1
"1MHP_HL_A|KH64E,SL27Q",-0.85684633,-0.8937562,2,1
"1MHP_HL_A|KH64E,SL27Q,NL51Y",-1.0191593,-1.6446509,2,1
1MHP_HL_A|KH64N,-0.03627145,-0.3410752,2,1
1MHP_HL_A|KH64Q,-0.07761467,-0.59878045,2,1
1MHP_HL_A|LH60D,-0.061319917,0.115090966,2,1
"1MHP_HL_A|LH60D,KH64E",-0.1418005,-0.5877615,2,1
"1MHP_HL_A|LH60D,KH64Q",0.042989343,-0.40185738,2,1
1MHP_HL_A|LL48F,0.71227974,-0.09418979,2,1
1MHP_HL_A|LL48K,0.8612009,0.30468473,2,1
1MHP_HL_A|LL48W,1.9075676,-0.13054506,2,1
1MHP_HL_A|NL29V,1.0493295,-0.5388052,2,1
1MHP_HL_A|NL29W,1.572685,-0.5233183,2,1
1MHP_HL_A|NL29Y,1.9075676,-0.64213467,2,1
"1MHP_HL_A|NL29Y,SL90I",0.43436813,-0.65981567,2,1
1MHP_HL_A|NL51D,0.5007625,-0.44893786,2,1
1MHP_HL_A|NL51E,-0.08868487,-0.46204716,2,1
1MHP_HL_A|NL51K,0.65751,-0.010154568,2,1
1MHP_HL_A|NL51R,0.84484076,-0.25815463,2,1
1MHP_HL_A|NL51Y,-0.05162489,-0.547246,2,1
1MHP_HL_A|RH31Q,1.3073281,-0.13163237,2,1
1MHP_HL_A|SH35A,1.572685,0.6998705,2,1
"1MHP_HL_A|SH35A,GH102S",1.572685,0.52214587,2,1
1MHP_HL_A|SH35Q,2.727121,-0.21798338,2,1
"1MHP_HL_A|SH35V,GH102S",1.4256749,-0.28638148,2,1
1MHP_HL_A|SH52M,2.0758402,-0.032839354,2,1
1MHP_HL_A|SL23R,-0.21533228,0.14697547,2,1
1MHP_HL_A|SL27Q,-0.6661127,-0.31656757,2,1
1MHP_HL_A|SL90Q,1.7740332,-0.27433532,2,1
1MHP_HL_A|SL90T,2.3166485,0.3944535,2,1
"1MHP_HL_A|TH33E,GH53Q",1.6674565,-0.5357065,2,1
"1MHP_HL_A|TH33I,SH52T,GH53N,GH54N",1.9075676,0.3592546,2,1
"1MHP_HL_A|TH33I,SH52T,GH53Q,GH54F",1.2553134,-0.54953116,2,1
1MHP_HL_A|TH33N,2.727121,-0.16832574,2,1
1MHP_HL_A|TH33V,0.43436813,-0.38877285,2,1
1MHP_HL_A|TH50V,-0.13159887,-0.37956703,2,1
"1MHP_HL_A|TH50V,GH102S",1.6674565,-0.53062916,2,1
"1MHP_HL_A|TH50V,KH64E",-0.1805197,-1.1155472,2,1
"1MHP_HL_A|TH50V,KH64E,SL27Q,NL51E",-1.267319,-1.9100052,2,1
"1MHP_HL_A|TH50V,KH64E,SL27Q,NL51Y",-1.0844951,-2.116083,2,1
"1MHP_HL_A|TH50V,SH35A",2.0758402,0.2559089,2,1
"1MHP_HL_A|TH50V,SH35V",2.727121,-0.64521766,2,1
"1MHP_HL_A|TH50V,SL27Q",-0.6946839,-0.67683005,2,1
"1MHP_HL_A|TH50V,SL27Q,NL51Y",-1.0235296,-1.3958954,2,1
1MHP_HL_A|WL89Q,2.0758402,0.36336634,2,1
"1MHP_HL_A|WL89Q,FL32Y",0.871019,0.016444948,2,1
1MHP_HL_A|YH58E,2.0758402,0.41745162,2,1
1MHP_HL_A|YH58Q,2.0758402,0.4995136,2,1
1MHP_HL_A|YH58W,0.82094526,0.19811143,2,1
1MHP_HL_A|YH59E,0.54400706,0.11410791,2,1
1N8Z_AB_C|DB102W,-0.71302944,-0.36983222,2,1
1N8Z_AB_C|FC539A,0.035102826,0.96463674,2,1
1N8Z_AB_C|HA91F,0.034232877,-0.008315381,2,1
1N8Z_AB_C|LC509A,-0.023045197,1.0554061,2,1
1N8Z_AB_C|NA30S,0.06666317,-0.3182246,2,1
"1N8Z_AB_C|NA30S,HA91F,YA92W",-0.07476232,-0.45207417,2,1
"1N8Z_AB_C|NA30S,HA91F,YA92W,TA94S,DB102W,YB105F,YB109V",0.050661404,-1.1883534,2,1
1N8Z_AB_C|RB50A,2.9754758,0.8455791,2,1
1N8Z_AB_C|RB59A,1.8037988,1.1992389,2,1
1N8Z_AB_C|SC535A,0.030827092,0.1786308,2,1
1N8Z_AB_C|TA94S,0.32168603,-0.42423815,2,1
1N8Z_AB_C|VC536A,0.008972699,0.68390226,2,1
1N8Z_AB_C|YB105F,0.8540034,0.34713235,2,1
1N8Z_AB_C|YB109V,0.23192272,-0.056432616,2,1
1XGQ_AB_C|VB33A,1.1525793,1.4904968,2,1
1XGQ_AB_C|VB33F,-2.9080825,-0.41687503,2,1
1XGQ_AB_C|VB33I,-1.1076277,0.09491651,2,1
1XGQ_AB_C|VB33L,-1.0463123,-0.22274067,2,1
1YQV_HL_Y|RY45K,1.8995041,0.02597563,2,1
"1YQV_HL_Y|RY68K,TY40S,IY55V,SY91T",4.0,0.062478855,2,1
"1YQV_HL_Y|RY68K,TY40S,IY55V,SY91T,QY121H",0.0,-0.051842358,2,1
1YY9_CD_A|AC25P,0.07225565,-0.38576555,2,1
1YY9_CD_A|AD98P,1.0372273,-1.2336878,2,1
1YY9_CD_A|GD54P,0.26807046,-0.08663429,2,1
1YY9_CD_A|LD29P,0.030827092,0.12665114,2,1
1YY9_CD_A|NC93A,-0.74186975,0.066840306,2,1
1YY9_CD_A|ND56A,-0.057046015,0.12192501,2,1
1YY9_CD_A|SC26D,-0.19925442,-0.018861655,2,1
"1YY9_CD_A|SC26D,TC31E,NC93A",-1.3329437,-0.086769715,2,1
"1YY9_CD_A|SC26D,TC31E,NC93A,ND56A,TD61E",-0.6517935,-0.26149327,2,1
1YY9_CD_A|SC26P,-0.009110746,0.04950395,2,1
1YY9_CD_A|SC28P,-0.22229962,-0.15993668,2,1
1YY9_CD_A|SC54P,-0.018363854,-0.0055970065,2,1
1YY9_CD_A|SD53P,0.8175451,-0.049953695,2,1
1YY9_CD_A|TC31E,-0.51892465,-0.12800983,2,1
"1YY9_CD_A|TC31E,NC93A",-0.81853306,0.06669177,2,1
1YY9_CD_A|TC96P,4.0,-0.03765027,2,1
1YY9_CD_A|TD61E,-0.057046015,-0.2738269,2,1
1YY9_CD_A|WD52P,1.4782712,0.45483997,2,1
1YY9_CD_A|YD101P,1.6514195,0.21683587,2,1
3NPS_A_BC|DA214A,1.466743,0.64033526,2,1
3NPS_A_BC|DA46A,0.3399866,0.637002,2,1
3NPS_A_BC|DA47A,1.0674704,1.0940216,2,1
3NPS_A_BC|DA91A,1.5070341,0.68774116,2,1
3NPS_A_BC|EA163A,0.61534816,0.8363201,2,1
3NPS_A_BC|FA50A,0.21957076,1.2019187,2,1
3NPS_A_BC|FA89A,1.5714045,1.1350054,2,1
3NPS_A_BC|FA92A,0.46353978,0.5753468,2,1
3NPS_A_BC|HA138A,1.8750918,0.52607346,2,1
3NPS_A_BC|IA26A,0.6415425,0.7816788,2,1
3NPS_A_BC|IA45A,-0.33181784,0.590928,2,1
3NPS_A_BC|KA221A,-0.10361039,0.6664619,2,1
3NPS_A_BC|LA147A,0.29573628,1.0414082,2,1
3NPS_A_BC|NA90A,0.25341922,0.78940254,2,1
3NPS_A_BC|QA140A,0.29573628,0.4246479,2,1
3NPS_A_BC|QA168A,-0.059223834,0.66678977,2,1
3NPS_A_BC|QA169A,0.7409076,0.8608294,2,1
3NPS_A_BC|QA218A,-0.040916756,0.7133779,2,1
3NPS_A_BC|QA23A,0.026323749,0.6464654,2,1
3NPS_A_BC|RA219A,-0.08390186,0.41748467,2,1
3NPS_A_BC|RA48A,-1.062741,0.12377162,2,1
3NPS_A_BC|RA51A,0.13816836,0.890925,2,1
3NPS_A_BC|RA82A,-0.15159543,0.5631516,2,1
3NPS_A_BC|TA144A,0.17497002,0.66283214,2,1
3NPS_A_BC|TA93A,0.72381234,0.7287535,2,1
3NPS_A_BC|YA141A,1.7748737,1.1042798,2,1
3NPS_A_BC|YA52A,0.4518898,1.2787609,2,1
3W2D_A_HL|KA67N,4.0,0.04571238,2,1
3W2D_A_HL|KA67R,-0.42812017,-0.1167213,2,1
3W2D_A_HL|YA45F,0.8779443,-0.22597368,2,1
3W2D_A_HL|YA45L,2.3647563,0.16884209,2,1
"4KRO_A_B|DA321T,FA323A",0.1269707,1.2577904,2,1
"4KRP_A_B|DA277T,FA279A",0.35829666,1.4299119,2,1
4NM8_ABCDEF_HL|DB19N,0.66149956,0.4289113,2,1
4NM8_ABCDEF_HL|IB18M,0.10977998,-0.06949408,2,1
4NM8_ABCDEF_HL|LB38Y,-0.6151596,0.02989668,2,1
4NM8_ABCDEF_HL|QB34R,2.9754758,0.89361006,2,1
4NM8_ABCDEF_HL|QB34T,2.3309386,0.56413794,2,1
4NM8_ABCDEF_HL|RB25M,3.442353,0.14899588,2,1
4NM8_ABCDEF_HL|TB32E,-0.5517196,0.115856335,2,1
4NM8_ABCDEF_HL|TB32I,-0.050205972,0.5068816,2,1
4NM8_ABCDEF_HL|TB32R,1.2211944,0.5634487,2,1
1DVF_AB_CD|DB100A,2.7895143,1.7274085,2,2
"1DVF_AB_CD|DB100A,DD52A",4.0,2.4997663,2,2
"1DVF_AB_CD|DB100A,HD33A",4.0,2.3690004,2,2
"1DVF_AB_CD|DB100A,ND55A",4.0,1.7844418,2,2
1DVF_AB_CD|DB54A,4.0,0.46119764,2,2
"1DVF_AB_CD|DB54A,YC49A",4.0,2.4435587,2,2
1DVF_AB_CD|DB58A,1.6000048,0.9018672,2,2
"1DVF_AB_CD|DB58A,QD104A",1.4641725,1.4276148,2,2
1DVF_AB_CD|DD52A,1.6822901,0.75177276,2,2
1DVF_AB_CD|EB98A,4.0,0.612959,2,2
"1DVF_AB_CD|EB98A,YD102A",4.0,2.659386,2,2
1DVF_AB_CD|HA30A,1.6493824,0.26549014,2,2
1DVF_AB_CD|HD33A,1.8606005,0.8582904,2,2
1DVF_AB_CD|ID101A,2.6815457,0.61312455,2,2
1DVF_AB_CD|KD30A,1.0035173,0.74669033,2,2
1DVF_AB_CD|NB56A,1.1624389,0.49379805,2,2
"1DVF_AB_CD|NB56A,HD33A",2.5259995,1.0428065,2,2
"1DVF_AB_CD|NB56A,ND55A",2.3010929,0.49672565,2,2
"1DVF_AB_CD|NB56A,QD104A",1.4868644,1.1801574,2,2
1DVF_AB_CD|ND55A,1.8606005,0.16863719,2,2
1DVF_AB_CD|QD104A,1.6287225,1.0075047,2,2
1DVF_AB_CD|RB99A,1.8746451,0.5759584,2,2
1DVF_AB_CD|RD106A,4.0,0.5862373,2,2
1DVF_AB_CD|SA93A,1.1624389,0.6335254,2,2
1DVF_AB_CD|TB30A,0.9075126,-0.19448654,2,2
1DVF_AB_CD|WA92A,0.34072307,1.0330619,2,2
1DVF_AB_CD|WB52A,4.0,0.95491964,2,2
"1DVF_AB_CD|WB52A,QD104A",4.0,1.6747948,2,2
1DVF_AB_CD|YA32A,2.0303695,1.0815868,2,2
"1DVF_AB_CD|YA32A,RD106A",4.0,1.5627053,2,2
1DVF_AB_CD|YA49A,1.6785902,1.527574,2,2
"1DVF_AB_CD|YA49A,HD33A",2.625045,2.2672803,2,2
"1DVF_AB_CD|YA49A,ND55A",2.0303695,1.609627,2,2
1DVF_AB_CD|YA50A,0.6877736,1.2009357,2,2
1DVF_AB_CD|YB101F,2.0123136,1.371846,2,2
1DVF_AB_CD|YB32A,1.8314707,1.2345738,2,2
1DVF_AB_CD|YC49A,1.8606005,1.7118832,2,2
1DVF_AB_CD|YD102A,4.0,1.9165756,2,2
1MHP_HL_A|FH99W,0.0,-0.51278275,2,2
1MHP_HL_A|FH99Y,0.75466895,-1.3208107,2,2
1MHP_HL_A|GH100F,0.38901797,-0.20318802,2,2
1MHP_HL_A|GH100L,2.727121,0.20285717,2,2
1MHP_HL_A|GH100M,0.10213403,-0.41438395,2,2
1MHP_HL_A|GH100S,0.5577475,-0.2736209,2,2
1MHP_HL_A|GH53A,0.5126066,0.40681472,2,2
1MHP_HL_A|GH53N,1.2553134,0.1234683,2,2
1MHP_HL_A|GH53S,0.6755934,-0.053108074,2,2
1MHP_HL_A|GH54I,1.3635606,0.03941203,2,2
1MHP_HL_A|GH54T,1.1641668,0.14267062,2,2
1MHP_HL_A|GH54Y,0.0,-0.751705,2,2
1MHP_HL_A|GL91Q,1.572685,-0.2297042,2,2
1MHP_HL_A|GL91S,0.5126066,-0.031403504,2,2
1MHP_HL_A|HL30K,1.1641668,0.2315149,2,2
1MHP_HL_A|HL30R,1.1237977,-0.13991712,2,2
1MHP_HL_A|HL30W,1.2553134,-0.25315252,2,2
1MHP_HL_A|KH64D,-0.17144196,-0.7442309,2,2
1MHP_HL_A|KH64E,-0.07761467,-0.6953781,2,2
"1MHP_HL_A|KH64E,SL27Q",-0.85684633,-0.9942186,2,2
"1MHP_HL_A|KH64E,SL27Q,NL51Y",-1.0191593,-1.6124895,2,2
1MHP_HL_A|KH64N,-0.03627145,-0.42540368,2,2
1MHP_HL_A|KH64Q,-0.07761467,-0.38732037,2,2
1MHP_HL_A|LH60D,-0.061319917,-0.19933666,2,2
"1MHP_HL_A|LH60D,KH64E",-0.1418005,-0.9111941,2,2
"1MHP_HL_A|LH60D,KH64Q",0.042989343,-0.6207447,2,2
1MHP_HL_A|LL48F,0.71227974,-0.120815285,2,2
1MHP_HL_A|LL48K,0.8612009,0.28943744,2,2
1MHP_HL_A|LL48W,1.9075676,-0.23462063,2,2
1MHP_HL_A|NL29V,1.0493295,-0.11183239,2,2
1MHP_HL_A|NL29W,1.572685,-0.27856228,2,2
1MHP_HL_A|NL29Y,1.9075676,-0.5632519,2,2
"1MHP_HL_A|NL29Y,SL90I",0.43436813,-0.402411,2,2
1MHP_HL_A|NL51D,0.5007625,-0.380368,2,2
1MHP_HL_A|NL51E,-0.08868487,-0.3468818,2,2
1MHP_HL_A|NL51K,0.65751,0.0504233,2,2
1MHP_HL_A|NL51R,0.84484076,-0.105710246,2,2
1MHP_HL_A|NL51Y,-0.05162489,-0.5651719,2,2
1MHP_HL_A|RH31Q,1.3073281,-0.0021887776,2,2
1MHP_HL_A|SH35A,1.572685,1.0837455,2,2
"1MHP_HL_A|SH35A,GH102S",1.572685,0.72889245,2,2
1MHP_HL_A|SH35Q,2.727121,0.33745453,2,2
"1MHP_HL_A|SH35V,GH102S",1.4256749,0.36586586,2,2
1MHP_HL_A|SH52M,2.0758402,-0.23102029,2,2
1MHP_HL_A|SL23R,-0.21533228,-0.16095258,2,2
1MHP_HL_A|SL27Q,-0.6661127,-0.21664114,2,2
1MHP_HL_A|SL90Q,1.7740332,-0.10312871,2,2
1MHP_HL_A|SL90T,2.3166485,0.14309698,2,2
"1MHP_HL_A|TH33E,GH53Q",1.6674565,-0.2542665,2,2
"1MHP_HL_A|TH33I,SH52T,GH53N,GH54N",1.9075676,0.6824175,2,2
"1MHP_HL_A|TH33I,SH52T,GH53Q,GH54F",1.2553134,-0.105699845,2,2
1MHP_HL_A|TH33N,2.727121,-0.04903464,2,2
1MHP_HL_A|TH33V,0.43436813,0.23892784,2,2
1MHP_HL_A|TH50V,-0.13159887,0.17435554,2,2
"1MHP_HL_A|TH50V,GH102S",1.6674565,-0.20577194,2,2
"1MHP_HL_A|TH50V,KH64E",-0.1805197,-0.8315577,2,2
"1MHP_HL_A|TH50V,KH64E,SL27Q,NL51E",-1.267319,-1.4629598,2,2
"1MHP_HL_A|TH50V,KH64E,SL27Q,NL51Y",-1.0844951,-1.9282584,2,2
"1MHP_HL_A|TH50V,SH35A",2.0758402,1.0319262,2,2
"1MHP_HL_A|TH50V,SH35V",2.727121,0.6504486,2,2
"1MHP_HL_A|TH50V,SL27Q",-0.6946839,-0.35357693,2,2
"1MHP_HL_A|TH50V,SL27Q,NL51Y",-1.0235296,-1.1510656,2,2
1MHP_HL_A|WL89Q,2.0758402,0.5707895,2,2
"1MHP_HL_A|WL89Q,FL32Y",0.871019,-0.4015597,2,2
1MHP_HL_A|YH58E,2.0758402,0.6186634,2,2
1MHP_HL_A|YH58Q,2.0758402,0.68003654,2,2
1MHP_HL_A|YH58W,0.82094526,0.37674764,2,2
1MHP_HL_A|YH59E,0.54400706,0.28156334,2,2
1N8Z_AB_C|DB102W,-0.71302944,-0.43701366,2,2
1N8Z_AB_C|FC539A,0.035102826,1.4157048,2,2
1N8Z_AB_C|HA91F,0.034232877,0.22301039,2,2
1N8Z_AB_C|LC509A,-0.023045197,0.6941713,2,2
1N8Z_AB_C|NA30S,0.06666317,-0.067761466,2,2
"1N8Z_AB_C|NA30S,HA91F,YA92W",-0.07476232,0.59104085,2,2
"1N8Z_AB_C|NA30S,HA91F,YA92W,TA94S,DB102W,YB105F,YB109V",0.050661404,1.7342218,2,2
1N8Z_AB_C|RB50A,2.9754758,1.2394372,2,2
1N8Z_AB_C|RB59A,1.8037988,0.8406819,2,2
1N8Z_AB_C|SC535A,0.030827092,0.4913018,2,2
1N8Z_AB_C|TA94S,0.32168603,-0.034710754,2,2
1N8Z_AB_C|VC536A,0.008972699,0.70046204,2,2
1N8Z_AB_C|YB105F,0.8540034,1.3060238,2,2
1N8Z_AB_C|YB109V,0.23192272,0.41760582,2,2
1XGQ_AB_C|VB33A,1.1525793,1.0124713,2,2
1XGQ_AB_C|VB33F,-2.9080825,-1.399326,2,2
1XGQ_AB_C|VB33I,-1.1076277,-0.18914823,2,2
1XGQ_AB_C|VB33L,-1.0463123,-0.08814304,2,2
1YQV_HL_Y|RY45K,1.8995041,-0.20963404,2,2
"1YQV_HL_Y|RY68K,TY40S,IY55V,SY91T",4.0,0.5936219,2,2
"1YQV_HL_Y|RY68K,TY40S,IY55V,SY91T,QY121H",0.0,0.503551,2,2
1YY9_CD_A|AC25P,0.07225565,-0.57617736,2,2
1YY9_CD_A|AD98P,1.0372273,-0.94848144,2,2
1YY9_CD_A|GD54P,0.26807046,0.062100075,2,2
1YY9_CD_A|LD29P,0.030827092,-0.2248034,2,2
1YY9_CD_A|NC93A,-0.74186975,0.45106196,2,2
1YY9_CD_A|ND56A,-0.057046015,0.544946,2,2
1YY9_CD_A|SC26D,-0.19925442,-0.3716288,2,2
"1YY9_CD_A|SC26D,TC31E,NC93A",-1.3329437,0.14372233,2,2
"1YY9_CD_A|SC26D,TC31E,NC93A,ND56A,TD61E",-0.6517935,0.28204405,2,2
1YY9_CD_A|SC26P,-0.009110746,-0.13681492,2,2
1YY9_CD_A|SC28P,-0.22229962,0.24551433,2,2
1YY9_CD_A|SC54P,-0.018363854,0.12736478,2,2
1YY9_CD_A|SD53P,0.8175451,0.21170604,2,2
1YY9_CD_A|TC31E,-0.51892465,-0.17444794,2,2
"1YY9_CD_A|TC31E,NC93A",-0.81853306,0.38932106,2,2
1YY9_CD_A|TC96P,4.0,0.38799605,2,2
1YY9_CD_A|TD61E,-0.057046015,-0.39156175,2,2
1YY9_CD_A|WD52P,1.4782712,0.51160866,2,2
1YY9_CD_A|YD101P,1.6514195,1.3923041,2,2
3NPS_A_BC|DA214A,1.466743,0.9442157,2,2
3NPS_A_BC|DA46A,0.3399866,0.8978057,2,2
3NPS_A_BC|DA47A,1.0674704,1.2670642,2,2
3NPS_A_BC|DA91A,1.5070341,1.023088,2,2
3NPS_A_BC|EA163A,0.61534816,-0.011498781,2,2
3NPS_A_BC|FA50A,0.21957076,1.6081452,2,2
3NPS_A_BC|FA89A,1.5714045,1.5282931,2,2
3NPS_A_BC|FA92A,0.46353978,0.48047408,2,2
3NPS_A_BC|HA138A,1.8750918,0.12065599,2,2
3NPS_A_BC|IA26A,0.6415425,0.72297865,2,2
3NPS_A_BC|IA45A,-0.33181784,0.66988564,2,2
3NPS_A_BC|KA221A,-0.10361039,0.6509603,2,2
3NPS_A_BC|LA147A,0.29573628,0.68303,2,2
3NPS_A_BC|NA90A,0.25341922,0.7322676,2,2
3NPS_A_BC|QA140A,0.29573628,0.68284136,2,2
3NPS_A_BC|QA168A,-0.059223834,0.6233275,2,2
3NPS_A_BC|QA169A,0.7409076,1.1744254,2,2
3NPS_A_BC|QA218A,-0.040916756,0.4177952,2,2
3NPS_A_BC|QA23A,0.026323749,0.4274483,2,2
3NPS_A_BC|RA219A,-0.08390186,0.50260127,2,2
3NPS_A_BC|RA48A,-1.062741,0.15138592,2,2
3NPS_A_BC|RA51A,0.13816836,0.3908786,2,2
3NPS_A_BC|RA82A,-0.15159543,0.4090142,2,2
3NPS_A_BC|TA144A,0.17497002,0.47379443,2,2
3NPS_A_BC|TA93A,0.72381234,0.80477715,2,2
3NPS_A_BC|YA141A,1.7748737,1.0482295,2,2
3NPS_A_BC|YA52A,0.4518898,0.69558394,2,2
3W2D_A_HL|KA67N,4.0,-0.06937704,2,2
3W2D_A_HL|KA67R,-0.42812017,-0.16978523,2,2
3W2D_A_HL|YA45F,0.8779443,-0.565683,2,2
3W2D_A_HL|YA45L,2.3647563,0.31871742,2,2
"4KRO_A_B|DA321T,FA323A",0.1269707,1.674728,2,2
"4KRP_A_B|DA277T,FA279A",0.35829666,1.8344352,2,2
4NM8_ABCDEF_HL|DB19N,0.66149956,0.40875134,2,2
4NM8_ABCDEF_HL|IB18M,0.10977998,0.3610879,2,2
4NM8_ABCDEF_HL|LB38Y,-0.6151596,0.2812714,2,2
4NM8_ABCDEF_HL|QB34R,2.9754758,0.7717778,2,2
4NM8_ABCDEF_HL|QB34T,2.3309386,0.7608941,2,2
4NM8_ABCDEF_HL|RB25M,3.442353,0.22655755,2,2
4NM8_ABCDEF_HL|TB32E,-0.5517196,0.38332713,2,2
4NM8_ABCDEF_HL|TB32I,-0.050205972,0.6950906,2,2
4NM8_ABCDEF_HL|TB32R,1.2211944,0.7433497,2,2
1DVF_AB_CD|DB100A,2.7895143,0.3540923,2,3
"1DVF_AB_CD|DB100A,DD52A",4.0,0.9504343,2,3
"1DVF_AB_CD|DB100A,HD33A",4.0,1.4162052,2,3
"1DVF_AB_CD|DB100A,ND55A",4.0,0.7937905,2,3
1DVF_AB_CD|DB54A,4.0,0.30150074,2,3
"1DVF_AB_CD|DB54A,YC49A",4.0,1.5987936,2,3
1DVF_AB_CD|DB58A,1.6000048,0.3575231,2,3
"1DVF_AB_CD|DB58A,QD104A",1.4641725,0.88516945,2,3
1DVF_AB_CD|DD52A,1.6822901,0.48616958,2,3
1DVF_AB_CD|EB98A,4.0,0.7049544,2,3
"1DVF_AB_CD|EB98A,YD102A",4.0,2.063205,2,3
1DVF_AB_CD|HA30A,1.6493824,0.6563331,2,3
1DVF_AB_CD|HD33A,1.8606005,0.87226266,2,3
1DVF_AB_CD|ID101A,2.6815457,0.98280066,2,3
1DVF_AB_CD|KD30A,1.0035173,0.89103764,2,3
1DVF_AB_CD|NB56A,1.1624389,0.2797158,2,3
"1DVF_AB_CD|NB56A,HD33A",2.5259995,1.1470298,2,3
"1DVF_AB_CD|NB56A,ND55A",2.3010929,0.5972223,2,3
"1DVF_AB_CD|NB56A,QD104A",1.4868644,1.1964891,2,3
1DVF_AB_CD|ND55A,1.8606005,0.22885782,2,3
1DVF_AB_CD|QD104A,1.6287225,0.9409411,2,3
1DVF_AB_CD|RB99A,1.8746451,-0.0054829586,2,3
1DVF_AB_CD|RD106A,4.0,0.79517466,2,3
1DVF_AB_CD|SA93A,1.1624389,0.48231813,2,3
1DVF_AB_CD|TB30A,0.9075126,0.037337285,2,3
1DVF_AB_CD|WA92A,0.34072307,0.74037534,2,3
1DVF_AB_CD|WB52A,4.0,0.7973212,2,3
"1DVF_AB_CD|WB52A,QD104A",4.0,1.676172,2,3
1DVF_AB_CD|YA32A,2.0303695,0.8584092,2,3
"1DVF_AB_CD|YA32A,RD106A",4.0,1.5778496,2,3
1DVF_AB_CD|YA49A,1.6785902,0.88103175,2,3
"1DVF_AB_CD|YA49A,HD33A",2.625045,1.8376658,2,3
"1DVF_AB_CD|YA49A,ND55A",2.0303695,1.175984,2,3
1DVF_AB_CD|YA50A,0.6877736,1.8301488,2,3
1DVF_AB_CD|YB101F,2.0123136,0.34468797,2,3
1DVF_AB_CD|YB32A,1.8314707,0.6810753,2,3
1DVF_AB_CD|YC49A,1.8606005,1.2315135,2,3
1DVF_AB_CD|YD102A,4.0,1.1170634,2,3
1MHP_HL_A|FH99W,0.0,0.07272733,2,3
1MHP_HL_A|FH99Y,0.75466895,-0.30912107,2,3
1MHP_HL_A|GH100F,0.38901797,-0.14460742,2,3
1MHP_HL_A|GH100L,2.727121,-0.050906293,2,3
1MHP_HL_A|GH100M,0.10213403,-0.0663112,2,3
1MHP_HL_A|GH100S,0.5577475,0.009667922,2,3
1MHP_HL_A|GH53A,0.5126066,0.6371728,2,3
1MHP_HL_A|GH53N,1.2553134,0.13479424,2,3
1MHP_HL_A|GH53S,0.6755934,-0.11472846,2,3
1MHP_HL_A|GH54I,1.3635606,-0.09448195,2,3
1MHP_HL_A|GH54T,1.1641668,0.5378331,2,3
1MHP_HL_A|GH54Y,0.0,-0.57937014,2,3
1MHP_HL_A|GL91Q,1.572685,-0.112129904,2,3
1MHP_HL_A|GL91S,0.5126066,0.050902694,2,3
1MHP_HL_A|HL30K,1.1641668,0.357336,2,3
1MHP_HL_A|HL30R,1.1237977,0.17220312,2,3
1MHP_HL_A|HL30W,1.2553134,0.053411853,2,3
1MHP_HL_A|KH64D,-0.17144196,-0.6559214,2,3
1MHP_HL_A|KH64E,-0.07761467,-0.6546386,2,3
"1MHP_HL_A|KH64E,SL27Q",-0.85684633,-0.4876717,2,3
"1MHP_HL_A|KH64E,SL27Q,NL51Y",-1.0191593,-1.370443,2,3
1MHP_HL_A|KH64N,-0.03627145,-0.44315737,2,3
1MHP_HL_A|KH64Q,-0.07761467,-0.5377417,2,3
1MHP_HL_A|LH60D,-0.061319917,0.015440218,2,3
"1MHP_HL_A|LH60D,KH64E",-0.1418005,-0.3297483,2,3
"1MHP_HL_A|LH60D,KH64Q",0.042989343,-0.25008658,2,3
1MHP_HL_A|LL48F,0.71227974,0.065401755,2,3
1MHP_HL_A|LL48K,0.8612009,0.27199098,2,3
1MHP_HL_A|LL48W,1.9075676,-0.13459787,2,3
1MHP_HL_A|NL29V,1.0493295,-0.2931033,2,3
1MHP_HL_A|NL29W,1.572685,-0.24006334,2,3
1MHP_HL_A|NL29Y,1.9075676,-0.55113125,2,3
"1MHP_HL_A|NL29Y,SL90I",0.43436813,-0.5839255,2,3
1MHP_HL_A|NL51D,0.5007625,-0.3819911,2,3
1MHP_HL_A|NL51E,-0.08868487,-0.34452137,2,3
1MHP_HL_A|NL51K,0.65751,-0.052608654,2,3
1MHP_HL_A|NL51R,0.84484076,-0.34389636,2,3
1MHP_HL_A|NL51Y,-0.05162489,-0.9045007,2,3
1MHP_HL_A|RH31Q,1.3073281,-0.028929476,2,3
1MHP_HL_A|SH35A,1.572685,0.8807039,2,3
"1MHP_HL_A|SH35A,GH102S",1.572685,0.69344234,2,3
1MHP_HL_A|SH35Q,2.727121,0.27581608,2,3
"1MHP_HL_A|SH35V,GH102S",1.4256749,0.2066021,2,3
1MHP_HL_A|SH52M,2.0758402,0.03178805,2,3
1MHP_HL_A|SL23R,-0.21533228,-0.12871963,2,3
1MHP_HL_A|SL27Q,-0.6661127,-0.038541604,2,3
1MHP_HL_A|SL90Q,1.7740332,-0.07333188,2,3
1MHP_HL_A|SL90T,2.3166485,0.42114556,2,3
"1MHP_HL_A|TH33E,GH53Q",1.6674565,-0.14822865,2,3
"1MHP_HL_A|TH33I,SH52T,GH53N,GH54N",1.9075676,1.1240425,2,3
"1MHP_HL_A|TH33I,SH52T,GH53Q,GH54F",1.2553134,0.26786998,2,3
1MHP_HL_A|TH33N,2.727121,-0.23097304,2,3
1MHP_HL_A|TH33V,0.43436813,-0.3249907,2,3
1MHP_HL_A|TH50V,-0.13159887,-0.6415098,2,3
"1MHP_HL_A|TH50V,GH102S",1.6674565,-0.36660567,2,3
"1MHP_HL_A|TH50V,KH64E",-0.1805197,-1.1752776,2,3
"1MHP_HL_A|TH50V,KH64E,SL27Q,NL51E",-1.267319,-1.3328627,2,3
"1MHP_HL_A|TH50V,KH64E,SL27Q,NL51Y",-1.0844951,-1.963766,2,3
"1MHP_HL_A|TH50V,SH35A",2.0758402,0.1521376,2,3
"1MHP_HL_A|TH50V,SH35V",2.727121,-0.4262645,2,3
"1MHP_HL_A|TH50V,SL27Q",-0.6946839,-0.60121185,2,3
"1MHP_HL_A|TH50V,SL27Q,NL51Y",-1.0235296,-1.5077893,2,3
1MHP_HL_A|WL89Q,2.0758402,0.25413013,2,3
"1MHP_HL_A|WL89Q,FL32Y",0.871019,0.02838809,2,3
1MHP_HL_A|YH58E,2.0758402,0.4089476,2,3
1MHP_HL_A|YH58Q,2.0758402,0.33219996,2,3
1MHP_HL_A|YH58W,0.82094526,0.24376982,2,3
1MHP_HL_A|YH59E,0.54400706,0.11927389,2,3
1N8Z_AB_C|DB102W,-0.71302944,-0.34101817,2,3
1N8Z_AB_C|FC539A,0.035102826,0.66723216,2,3
1N8Z_AB_C|HA91F,0.034232877,-0.06455255,2,3
1N8Z_AB_C|LC509A,-0.023045197,0.67610836,2,3
1N8Z_AB_C|NA30S,0.06666317,-0.1733,2,3
"1N8Z_AB_C|NA30S,HA91F,YA92W",-0.07476232,0.08317132,2,3
"1N8Z_AB_C|NA30S,HA91F,YA92W,TA94S,DB102W,YB105F,YB109V",0.050661404,-0.53636724,2,3
1N8Z_AB_C|RB50A,2.9754758,0.5057922,2,3
1N8Z_AB_C|RB59A,1.8037988,0.55858094,2,3
1N8Z_AB_C|SC535A,0.030827092,0.62451494,2,3
1N8Z_AB_C|TA94S,0.32168603,-0.40923026,2,3
1N8Z_AB_C|VC536A,0.008972699,0.69749,2,3
1N8Z_AB_C|YB105F,0.8540034,0.3734183,2,3
1N8Z_AB_C|YB109V,0.23192272,-0.027140895,2,3
1XGQ_AB_C|VB33A,1.1525793,0.77808607,2,3
1XGQ_AB_C|VB33F,-2.9080825,-0.3252259,2,3
1XGQ_AB_C|VB33I,-1.1076277,-0.20303065,2,3
1XGQ_AB_C|VB33L,-1.0463123,-0.1892403,2,3
1YQV_HL_Y|RY45K,1.8995041,-0.16011405,2,3
"1YQV_HL_Y|RY68K,TY40S,IY55V,SY91T",4.0,0.15888011,2,3
"1YQV_HL_Y|RY68K,TY40S,IY55V,SY91T,QY121H",0.0,0.11333093,2,3
1YY9_CD_A|AC25P,0.07225565,-0.33741996,2,3
1YY9_CD_A|AD98P,1.0372273,-0.6726335,2,3
1YY9_CD_A|GD54P,0.26807046,-0.029466543,2,3
1YY9_CD_A|LD29P,0.030827092,0.24821264,2,3
1YY9_CD_A|NC93A,-0.74186975,0.4152727,2,3
1YY9_CD_A|ND56A,-0.057046015,0.29525217,2,3
1YY9_CD_A|SC26D,-0.19925442,-0.16984883,2,3
"1YY9_CD_A|SC26D,TC31E,NC93A",-1.3329437,0.21635526,2,3
"1YY9_CD_A|SC26D,TC31E,NC93A,ND56A,TD61E",-0.6517935,0.37798625,2,3
1YY9_CD_A|SC26P,-0.009110746,-0.2098541,2,3
1YY9_CD_A|SC28P,-0.22229962,0.005782731,2,3
1YY9_CD_A|SC54P,-0.018363854,0.2882006,2,3
1YY9_CD_A|SD53P,0.8175451,0.18232712,2,3
1YY9_CD_A|TC31E,-0.51892465,-0.44780293,2,3
"1YY9_CD_A|TC31E,NC93A",-0.81853306,0.15573364,2,3
1YY9_CD_A|TC96P,4.0,0.0389891,2,3
1YY9_CD_A|TD61E,-0.057046015,-0.3502988,2,3
1YY9_CD_A|WD52P,1.4782712,0.32827225,2,3
1YY9_CD_A|YD101P,1.6514195,0.39908257,2,3
3NPS_A_BC|DA214A,1.466743,0.5281744,2,3
3NPS_A_BC|DA46A,0.3399866,0.85571206,2,3
3NPS_A_BC|DA47A,1.0674704,0.55587614,2,3
3NPS_A_BC|DA91A,1.5070341,0.783303,2,3
3NPS_A_BC|EA163A,0.61534816,0.76030815,2,3
3NPS_A_BC|FA50A,0.21957076,1.0311791,2,3
3NPS_A_BC|FA89A,1.5714045,0.80306935,2,3
3NPS_A_BC|FA92A,0.46353978,1.0310829,2,3
3NPS_A_BC|HA138A,1.8750918,0.7653555,2,3
3NPS_A_BC|IA26A,0.6415425,0.81783676,2,3
3NPS_A_BC|IA45A,-0.33181784,0.7901099,2,3
3NPS_A_BC|KA221A,-0.10361039,1.2680836,2,3
3NPS_A_BC|LA147A,0.29573628,0.6041944,2,3
3NPS_A_BC|NA90A,0.25341922,0.6374698,2,3
3NPS_A_BC|QA140A,0.29573628,0.66184354,2,3
3NPS_A_BC|QA168A,-0.059223834,1.0575833,2,3
3NPS_A_BC|QA169A,0.7409076,1.0461783,2,3
3NPS_A_BC|QA218A,-0.040916756,1.0644326,2,3
3NPS_A_BC|QA23A,0.026323749,0.911607,2,3
3NPS_A_BC|RA219A,-0.08390186,0.70812994,2,3
3NPS_A_BC|RA48A,-1.062741,0.51692325,2,3
3NPS_A_BC|RA51A,0.13816836,0.6793272,2,3
3NPS_A_BC|RA82A,-0.15159543,0.79548174,2,3
3NPS_A_BC|TA144A,0.17497002,0.33470944,2,3
3NPS_A_BC|TA93A,0.72381234,0.8743511,2,3
3NPS_A_BC|YA141A,1.7748737,1.0602808,2,3
3NPS_A_BC|YA52A,0.4518898,1.05772,2,3
3W2D_A_HL|KA67N,4.0,0.3874004,2,3
3W2D_A_HL|KA67R,-0.42812017,0.3096112,2,3
3W2D_A_HL|YA45F,0.8779443,-0.12825483,2,3
3W2D_A_HL|YA45L,2.3647563,0.10492533,2,3
"4KRO_A_B|DA321T,FA323A",0.1269707,0.8652251,2,3
"4KRP_A_B|DA277T,FA279A",0.35829666,0.98609257,2,3
4NM8_ABCDEF_HL|DB19N,0.66149956,-0.030878494,2,3
4NM8_ABCDEF_HL|IB18M,0.10977998,0.25988096,2,3
4NM8_ABCDEF_HL|LB38Y,-0.6151596,0.07062953,2,3
4NM8_ABCDEF_HL|QB34R,2.9754758,-0.07027725,2,3
4NM8_ABCDEF_HL|QB34T,2.3309386,0.025542658,2,3
4NM8_ABCDEF_HL|RB25M,3.442353,-0.31087106,2,3
4NM8_ABCDEF_HL|TB32E,-0.5517196,0.013212031,2,3
4NM8_ABCDEF_HL|TB32I,-0.050205972,0.05239177,2,3
4NM8_ABCDEF_HL|TB32R,1.2211944,0.12512627,2,3
1DVF_AB_CD|DB100A,2.7895143,2.043894,2,4
"1DVF_AB_CD|DB100A,DD52A",4.0,2.6933894,2,4
"1DVF_AB_CD|DB100A,HD33A",4.0,2.4651005,2,4
"1DVF_AB_CD|DB100A,ND55A",4.0,2.6828077,2,4
1DVF_AB_CD|DB54A,4.0,0.99338496,2,4
"1DVF_AB_CD|DB54A,YC49A",4.0,2.0409431,2,4
1DVF_AB_CD|DB58A,1.6000048,0.6020909,2,4
"1DVF_AB_CD|DB58A,QD104A",1.4641725,1.4970937,2,4
1DVF_AB_CD|DD52A,1.6822901,1.0025533,2,4
1DVF_AB_CD|EB98A,4.0,1.1289504,2,4
"1DVF_AB_CD|EB98A,YD102A",4.0,4.537968,2,4
1DVF_AB_CD|HA30A,1.6493824,0.7065519,2,4
1DVF_AB_CD|HD33A,1.8606005,0.5559585,2,4
1DVF_AB_CD|ID101A,2.6815457,0.91072655,2,4
1DVF_AB_CD|KD30A,1.0035173,-0.14295489,2,4
1DVF_AB_CD|NB56A,1.1624389,-0.1134247,2,4
"1DVF_AB_CD|NB56A,HD33A",2.5259995,0.60142875,2,4
"1DVF_AB_CD|NB56A,ND55A",2.3010929,0.35469955,2,4
"1DVF_AB_CD|NB56A,QD104A",1.4868644,0.6116645,2,4
1DVF_AB_CD|ND55A,1.8606005,0.41638047,2,4
1DVF_AB_CD|QD104A,1.6287225,1.0714245,2,4
1DVF_AB_CD|RB99A,1.8746451,0.53683025,2,4
1DVF_AB_CD|RD106A,4.0,0.5152263,2,4
1DVF_AB_CD|SA93A,1.1624389,0.75389546,2,4
1DVF_AB_CD|TB30A,0.9075126,-0.46292204,2,4
1DVF_AB_CD|WA92A,0.34072307,1.2262205,2,4
1DVF_AB_CD|WB52A,4.0,1.6696527,2,4
"1DVF_AB_CD|WB52A,QD104A",4.0,1.4402896,2,4
1DVF_AB_CD|YA32A,2.0303695,1.442729,2,4
"1DVF_AB_CD|YA32A,RD106A",4.0,1.6160619,2,4
1DVF_AB_CD|YA49A,1.6785902,1.1272963,2,4
"1DVF_AB_CD|YA49A,HD33A",2.625045,1.6685108,2,4
"1DVF_AB_CD|YA49A,ND55A",2.0303695,1.2077492,2,4
1DVF_AB_CD|YA50A,0.6877736,1.3889997,2,4
1DVF_AB_CD|YB101F,2.0123136,1.5738972,2,4
1DVF_AB_CD|YB32A,1.8314707,1.4580591,2,4
1DVF_AB_CD|YC49A,1.8606005,0.8993825,2,4
1DVF_AB_CD|YD102A,4.0,2.4054081,2,4
1MHP_HL_A|FH99W,0.0,-0.2928691,2,4
1MHP_HL_A|FH99Y,0.75466895,-0.5077352,2,4
1MHP_HL_A|GH100F,0.38901797,0.20345531,2,4
1MHP_HL_A|GH100L,2.727121,0.48223326,2,4
1MHP_HL_A|GH100M,0.10213403,0.490369,2,4
1MHP_HL_A|GH100S,0.5577475,0.20892338,2,4
1MHP_HL_A|GH53A,0.5126066,0.7964793,2,4
1MHP_HL_A|GH53N,1.2553134,-0.1996133,2,4
1MHP_HL_A|GH53S,0.6755934,-0.15329556,2,4
1MHP_HL_A|GH54I,1.3635606,-0.5193405,2,4
1MHP_HL_A|GH54T,1.1641668,0.037880182,2,4
1MHP_HL_A|GH54Y,0.0,-1.1908305,2,4
1MHP_HL_A|GL91Q,1.572685,-0.30229276,2,4
1MHP_HL_A|GL91S,0.5126066,0.13639861,2,4
1MHP_HL_A|HL30K,1.1641668,0.44558603,2,4
1MHP_HL_A|HL30R,1.1237977,0.020822689,2,4
1MHP_HL_A|HL30W,1.2553134,0.039208982,2,4
1MHP_HL_A|KH64D,-0.17144196,-0.24348101,2,4
1MHP_HL_A|KH64E,-0.07761467,-0.092217475,2,4
"1MHP_HL_A|KH64E,SL27Q",-0.85684633,-0.0872463,2,4
"1MHP_HL_A|KH64E,SL27Q,NL51Y",-1.0191593,-0.46851933,2,4
1MHP_HL_A|KH64N,-0.03627145,0.09412694,2,4
1MHP_HL_A|KH64Q,-0.07761467,0.060180794,2,4
1MHP_HL_A|LH60D,-0.061319917,-0.2001389,2,4
"1MHP_HL_A|LH60D,KH64E",-0.1418005,-0.26498097,2,4
"1MHP_HL_A|LH60D,KH64Q",0.042989343,-0.06952746,2,4
1MHP_HL_A|LL48F,0.71227974,-0.11611439,2,4
1MHP_HL_A|LL48K,0.8612009,-0.14196488,2,4
1MHP_HL_A|LL48W,1.9075676,-0.8084419,2,4
1MHP_HL_A|NL29V,1.0493295,-0.05543755,2,4
1MHP_HL_A|NL29W,1.572685,-0.2154971,2,4
1MHP_HL_A|NL29Y,1.9075676,-0.39892456,2,4
"1MHP_HL_A|NL29Y,SL90I",0.43436813,-0.5757322,2,4
1MHP_HL_A|NL51D,0.5007625,-0.39720112,2,4
1MHP_HL_A|NL51E,-0.08868487,0.32845613,2,4
1MHP_HL_A|NL51K,0.65751,0.93352807,2,4
1MHP_HL_A|NL51R,0.84484076,0.68944603,2,4
1MHP_HL_A|NL51Y,-0.05162489,-0.26546073,2,4
1MHP_HL_A|RH31Q,1.3073281,-0.06956181,2,4
1MHP_HL_A|SH35A,1.572685,1.4168762,2,4
"1MHP_HL_A|SH35A,GH102S",1.572685,1.4758817,2,4
1MHP_HL_A|SH35Q,2.727121,0.37677708,2,4
"1MHP_HL_A|SH35V,GH102S",1.4256749,0.5735937,2,4
1MHP_HL_A|SH52M,2.0758402,-0.2109777,2,4
1MHP_HL_A|SL23R,-0.21533228,-0.24652681,2,4
1MHP_HL_A|SL27Q,-0.6661127,0.103297815,2,4
1MHP_HL_A|SL90Q,1.7740332,0.0036106957,2,4
1MHP_HL_A|SL90T,2.3166485,0.11082541,2,4
"1MHP_HL_A|TH33E,GH53Q",1.6674565,0.48684126,2,4
"1MHP_HL_A|TH33I,SH52T,GH53N,GH54N",1.9075676,0.1491647,2,4
"1MHP_HL_A|TH33I,SH52T,GH53Q,GH54F",1.2553134,-0.019071471,2,4
1MHP_HL_A|TH33N,2.727121,0.46400297,2,4
1MHP_HL_A|TH33V,0.43436813,0.98804826,2,4
1MHP_HL_A|TH50V,-0.13159887,0.09416123,2,4
"1MHP_HL_A|TH50V,GH102S",1.6674565,-0.1818751,2,4
"1MHP_HL_A|TH50V,KH64E",-0.1805197,-0.0084105665,2,4
"1MHP_HL_A|TH50V,KH64E,SL27Q,NL51E",-1.267319,0.27667108,2,4
"1MHP_HL_A|TH50V,KH64E,SL27Q,NL51Y",-1.0844951,-0.38414526,2,4
"1MHP_HL_A|TH50V,SH35A",2.0758402,1.7449366,2,4
"1MHP_HL_A|TH50V,SH35V",2.727121,0.84193885,2,4
"1MHP_HL_A|TH50V,SL27Q",-0.6946839,0.28137016,2,4
"1MHP_HL_A|TH50V,SL27Q,NL51Y",-1.0235296,-0.20934005,2,4
1MHP_HL_A|WL89Q,2.0758402,1.1866479,2,4
"1MHP_HL_A|WL89Q,FL32Y",0.871019,0.8440418,2,4
1MHP_HL_A|YH58E,2.0758402,0.46340746,2,4
1MHP_HL_A|YH58Q,2.0758402,0.1409265,2,4
1MHP_HL_A|YH58W,0.82094526,0.30268773,2,4
1MHP_HL_A|YH59E,0.54400706,0.20725891,2,4
1N8Z_AB_C|DB102W,-0.71302944,-0.51446533,2,4
1N8Z_AB_C|FC539A,0.035102826,1.5605482,2,4
1N8Z_AB_C|HA91F,0.034232877,-0.09368695,2,4
1N8Z_AB_C|LC509A,-0.023045197,2.0648952,2,4
1N8Z_AB_C|NA30S,0.06666317,-0.059910506,2,4
"1N8Z_AB_C|NA30S,HA91F,YA92W",-0.07476232,-0.08620327,2,4
"1N8Z_AB_C|NA30S,HA91F,YA92W,TA94S,DB102W,YB105F,YB109V",0.050661404,-0.530806,2,4
1N8Z_AB_C|RB50A,2.9754758,1.0702771,2,4
1N8Z_AB_C|RB59A,1.8037988,0.50705016,2,4
1N8Z_AB_C|SC535A,0.030827092,1.0031105,2,4
1N8Z_AB_C|TA94S,0.32168603,-0.40941018,2,4
1N8Z_AB_C|VC536A,0.008972699,1.0019118,2,4
1N8Z_AB_C|YB105F,0.8540034,1.1939037,2,4
1N8Z_AB_C|YB109V,0.23192272,0.60065544,2,4
1XGQ_AB_C|VB33A,1.1525793,1.0303692,2,4
1XGQ_AB_C|VB33F,-2.9080825,-2.4587047,2,4
1XGQ_AB_C|VB33I,-1.1076277,-0.87891454,2,4
1XGQ_AB_C|VB33L,-1.0463123,-0.97046477,2,4
1YQV_HL_Y|RY45K,1.8995041,0.033659186,2,4
"1YQV_HL_Y|RY68K,TY40S,IY55V,SY91T",4.0,0.5972359,2,4
"1YQV_HL_Y|RY68K,TY40S,IY55V,SY91T,QY121H",0.0,0.4497518,2,4
1YY9_CD_A|AC25P,0.07225565,-0.31177866,2,4
1YY9_CD_A|AD98P,1.0372273,-1.3674926,2,4
1YY9_CD_A|GD54P,0.26807046,-0.25968024,2,4
1YY9_CD_A|LD29P,0.030827092,0.008085386,2,4
1YY9_CD_A|NC93A,-0.74186975,0.21931058,2,4
1YY9_CD_A|ND56A,-0.057046015,-0.19429229,2,4
1YY9_CD_A|SC26D,-0.19925442,-0.18106893,2,4
"1YY9_CD_A|SC26D,TC31E,NC93A",-1.3329437,1.3976969,2,4
"1YY9_CD_A|SC26D,TC31E,NC93A,ND56A,TD61E",-0.6517935,1.9532946,2,4
1YY9_CD_A|SC26P,-0.009110746,-0.15624157,2,4
1YY9_CD_A|SC28P,-0.22229962,-0.24704388,2,4
1YY9_CD_A|SC54P,-0.018363854,0.44996825,2,4
1YY9_CD_A|SD53P,0.8175451,0.02059235,2,4
1YY9_CD_A|TC31E,-0.51892465,1.8149874,2,4
"1YY9_CD_A|TC31E,NC93A",-0.81853306,2.0182154,2,4
1YY9_CD_A|TC96P,4.0,0.10582006,2,4
1YY9_CD_A|TD61E,-0.057046015,0.16895135,2,4
1YY9_CD_A|WD52P,1.4782712,0.52162766,2,4
1YY9_CD_A|YD101P,1.6514195,0.199999,2,4
3NPS_A_BC|DA214A,1.466743,0.279176,2,4
3NPS_A_BC|DA46A,0.3399866,0.42269045,2,4
3NPS_A_BC|DA47A,1.0674704,0.55543375,2,4
3NPS_A_BC|DA91A,1.5070341,0.3216721,2,4
3NPS_A_BC|EA163A,0.61534816,0.31027853,2,4
3NPS_A_BC|FA50A,0.21957076,0.48041028,2,4
3NPS_A_BC|FA89A,1.5714045,1.221009,2,4
3NPS_A_BC|FA92A,0.46353978,0.39332953,2,4
3NPS_A_BC|HA138A,1.8750918,0.45693377,2,4
3NPS_A_BC|IA26A,0.6415425,-0.005092294,2,4
3NPS_A_BC|IA45A,-0.33181784,0.980713,2,4
3NPS_A_BC|KA221A,-0.10361039,0.56072056,2,4
3NPS_A_BC|LA147A,0.29573628,0.35825622,2,4
3NPS_A_BC|NA90A,0.25341922,0.49764943,2,4
3NPS_A_BC|QA140A,0.29573628,0.50083405,2,4
3NPS_A_BC|QA168A,-0.059223834,-0.08587237,2,4
3NPS_A_BC|QA169A,0.7409076,2.6276937,2,4
3NPS_A_BC|QA218A,-0.040916756,0.98514885,2,4
3NPS_A_BC|QA23A,0.026323749,0.2275485,2,4
3NPS_A_BC|RA219A,-0.08390186,-0.39453343,2,4
3NPS_A_BC|RA48A,-1.062741,-0.6289405,2,4
3NPS_A_BC|RA51A,0.13816836,0.25529927,2,4
3NPS_A_BC|RA82A,-0.15159543,-0.42613408,2,4
3NPS_A_BC|TA144A,0.17497002,0.15243964,2,4
3NPS_A_BC|TA93A,0.72381234,0.8768076,2,4
3NPS_A_BC|YA141A,1.7748737,1.2675793,2,4
3NPS_A_BC|YA52A,0.4518898,0.20822018,2,4
3W2D_A_HL|KA67N,4.0,0.48887053,2,4
3W2D_A_HL|KA67R,-0.42812017,0.64883643,2,4
3W2D_A_HL|YA45F,0.8779443,-0.94629174,2,4
3W2D_A_HL|YA45L,2.3647563,-0.0096978145,2,4
"4KRO_A_B|DA321T,FA323A",0.1269707,2.8632696,2,4
"4KRP_A_B|DA277T,FA279A",0.35829666,2.6390917,2,4
4NM8_ABCDEF_HL|DB19N,0.66149956,0.67559445,2,4
4NM8_ABCDEF_HL|IB18M,0.10977998,0.9845217,2,4
4NM8_ABCDEF_HL|LB38Y,-0.6151596,0.4327338,2,4
4NM8_ABCDEF_HL|QB34R,2.9754758,1.72464,2,4
4NM8_ABCDEF_HL|QB34T,2.3309386,1.1354514,2,4
4NM8_ABCDEF_HL|RB25M,3.442353,0.07969765,2,4
4NM8_ABCDEF_HL|TB32E,-0.5517196,0.08708716,2,4
4NM8_ABCDEF_HL|TB32I,-0.050205972,0.60534555,2,4
4NM8_ABCDEF_HL|TB32R,1.2211944,0.89574856,2,4
"1CZ8_HL_VW|LL4M,DH28T,HH31N,YH101H,TH105S",2.939849,1.4619956,3,0
1KIR_AB_C|SA50Y,-1.3870943,-0.4488619,3,0
1MLC_AB_E|KB65D,0.018548755,-0.15429533,3,0
1MLC_AB_E|NA32G,-0.8773867,0.975752,3,0
"1MLC_AB_E|NA32G,NA92A",-0.6866531,1.1339856,3,0
"1MLC_AB_E|NA32G,NA92A,SB57V,TB58D",-1.7349738,0.061150722,3,0
1MLC_AB_E|NA32Y,0.0,-0.27065724,3,0
1MLC_AB_E|NA92A,-1.2533532,0.3251877,3,0
"1MLC_AB_E|NA92A,SB57V,TB58D",-2.394188,0.010829054,3,0
"1MLC_AB_E|NA92A,TB28D,SB57V,TB58D",-2.5813644,-0.27696013,3,0
"1MLC_AB_E|NA92A,TB28D,SB57V,TB58D,EB35S,GB99D",-2.9539242,-1.4332108,3,0
"1MLC_AB_E|NA92A,TB28D,SB57V,TB58D,GB99D",-0.20357698,-0.95099837,3,0
"1MLC_AB_E|NA92A,TB28D,SB57V,TB58D,NA32L",-2.5843081,-0.02588661,3,0
"1MLC_AB_E|NA92A,TB28D,SB57V,TB58D,RB98M,DB100Q",-0.41047263,0.021060526,3,0
"1MLC_AB_E|NA92A,TB28D,SB57V,TB58D,SA91N,SA93A",-1.6104395,0.025402084,3,0
"1MLC_AB_E|NA92A,TB28D,SB57V,TB58D,SB30G",-2.3584673,-0.34990165,3,0
"1MLC_AB_E|NA92A,TB28D,SB57V,TB58D,YB32W,RB98V,DB100Q",0.36138764,0.00799825,3,0
"1MLC_AB_E|NA92A,TB28D,SB57V,TB58D,YB59E",-1.4661698,0.7149305,3,0
1MLC_AB_E|SB57A,-0.37902167,0.45828792,3,0
1MLC_AB_E|SB57V,-0.49418068,0.061778296,3,0
"1MLC_AB_E|SB57V,TB58D",-0.9877286,-0.84043026,3,0
1MLC_AB_E|TB28D,-0.15094383,-0.4498801,3,0
1MLC_AB_E|TB31A,0.44700673,0.05859313,3,0
1MLC_AB_E|TB31V,0.5262404,-0.5179245,3,0
1MLC_AB_E|TB31W,0.13214268,-0.59875464,3,0
1MLC_AB_E|TB58D,-0.55968237,-0.9547086,3,0
1NCA_N_LH|DH101K,0.71416,1.2736721,3,0
1NCA_N_LH|EH100D,0.41047263,-0.13968286,3,0
1NCA_N_LH|NH102Q,0.5426153,0.0007512793,3,0
1NCA_N_LH|NH31Q,0.0,0.118067436,3,0
1NMB_N_LH|DH57E,2.9536283,0.5231891,3,0
1NMB_N_LH|DH57N,2.9536283,0.50034076,3,0
1NMB_N_LH|LL94V,0.9000208,-0.31497085,3,0
1NMB_N_LH|TL93F,-0.023903161,-0.24812862,3,0
1NMB_N_LH|TL93W,0.18419003,-0.70638597,3,0
1NMB_N_LH|YH103A,2.14062,0.51528263,3,0
1NMB_N_LH|YH105F,1.4194101,0.43699172,3,0
1NMB_N_LH|YL32F,0.46632215,0.9770128,3,0
1VFB_AB_C|DB100A,3.005002,2.4046297,3,0
"1VFB_AB_C|DB100A,SC24A",3.369756,4.149857,3,0
1VFB_AB_C|DB54A,0.8151114,3.4031756,3,0
"1VFB_AB_C|DB54A,TC118A",1.2546439,1.9857597,3,0
1VFB_AB_C|DB58A,-0.20700333,1.4611845,3,0
1VFB_AB_C|DB58E,0.078081094,-0.0062894113,3,0
1VFB_AB_C|DB58N,-0.12818155,-0.006368898,3,0
1VFB_AB_C|DC119A,0.9530879,1.791919,3,0
1VFB_AB_C|DC18A,0.34013057,0.860039,3,0
1VFB_AB_C|EB98A,1.1565572,3.807033,3,0
1VFB_AB_C|GB31A,0.30646533,1.4498832,3,0
1VFB_AB_C|GB31E,-0.5097613,0.61799043,3,0
1VFB_AB_C|GB31W,0.0039611305,0.11905707,3,0
1VFB_AB_C|HA30A,0.84488255,1.0673912,3,0
1VFB_AB_C|IC124A,1.2314179,1.0679129,3,0
1VFB_AB_C|KC116A,0.7134504,1.5946621,3,0
1VFB_AB_C|LC129A,0.17154472,0.475416,3,0
1VFB_AB_C|NA31W,0.17432266,-0.23882404,3,0
1VFB_AB_C|NB56A,0.17771798,1.0890446,3,0
1VFB_AB_C|NC19A,0.3960868,0.006868055,3,0
1VFB_AB_C|QC121A,2.876998,-0.516313,3,0
1VFB_AB_C|RB99A,-0.099735305,1.901151,3,0
1VFB_AB_C|RB99W,0.7049742,0.43011352,3,0
1VFB_AB_C|RB99Y,1.235379,0.6070403,3,0
1VFB_AB_C|RC125A,1.8368999,0.4813256,3,0
1VFB_AB_C|SA93A,0.34312394,0.26556766,3,0
1VFB_AB_C|SB28D,0.0,-0.24232346,3,0
1VFB_AB_C|SB28E,-0.104007296,0.013996068,3,0
1VFB_AB_C|SB28N,0.14394745,-0.3037894,3,0
1VFB_AB_C|SB28Q,0.078081094,0.047706373,3,0
1VFB_AB_C|SC24A,0.850965,1.6343894,3,0
1VFB_AB_C|TA52F,0.4708752,-0.5219644,3,0
1VFB_AB_C|TA53R,1.6458516,-0.34515446,3,0
1VFB_AB_C|TB30A,-0.05584954,0.1315611,3,0
1VFB_AB_C|TC118A,0.7650957,0.30754548,3,0
1VFB_AB_C|VC120A,0.9169499,-0.14709705,3,0
1VFB_AB_C|WA92A,3.037848,1.5070522,3,0
"1VFB_AB_C|WA92A,IC124A",3.8503337,2.87915,3,0
"1VFB_AB_C|WA92A,LC129A",3.3073628,1.8317351,3,0
"1VFB_AB_C|WA92A,QC121A",3.5189366,0.75606674,3,0
"1VFB_AB_C|WA92A,RC125A",3.3932896,1.915431,3,0
1VFB_AB_C|WB52A,0.6406274,2.7587378,3,0
"1VFB_AB_C|WB52A,DC119A",2.2473724,3.4386728,3,0
1VFB_AB_C|YA32A,1.5281335,1.3701404,3,0
"1VFB_AB_C|YA32A,IC124A",2.9057157,2.0454528,3,0
"1VFB_AB_C|YA32A,QC121A",1.586041,-0.5280941,3,0
1VFB_AB_C|YA49A,0.79754156,1.2354774,3,0
1VFB_AB_C|YA50A,0.456086,1.1067039,3,0
"1VFB_AB_C|YA50A,DC119A",1.2314179,2.5136628,3,0
"1VFB_AB_C|YA50A,DC18A",1.265924,0.90749496,3,0
1VFB_AB_C|YA50K,1.7156012,0.9570093,3,0
1VFB_AB_C|YA50R,0.8443241,0.7377772,3,0
1VFB_AB_C|YB101F,1.2695644,2.6839626,3,0
"1VFB_AB_C|YB101F,DC119A",2.736521,5.1285043,3,0
"1VFB_AB_C|YB101F,VC120A",2.5384777,2.2263048,3,0
1VFB_AB_C|YB32A,0.7916793,1.168257,3,0
"1VFB_AB_C|YB32A,KC116A",1.586041,2.831799,3,0
1VFB_AB_C|YB32E,1.9021881,0.1894474,3,0
1VFB_AB_C|YC23A,0.41047263,1.1873145,3,0
1XGP_AB_C|AB33F,-4.0,-3.2219124,3,0
1XGP_AB_C|AB33I,-2.260207,-1.6422269,3,0
1XGP_AB_C|AB33L,-2.1988916,-1.8111551,3,0
1XGP_AB_C|AB33V,-1.1525793,-0.8516742,3,0
2JEL_LH_P|AP82S,0.0,-0.95973444,3,0
2JEL_LH_P|DP69E,0.9530879,0.91928923,3,0
2JEL_LH_P|EP5D,0.41047263,-0.41476446,3,0
2JEL_LH_P|EP5Q,0.7129768,0.1867964,3,0
2JEL_LH_P|EP68A,0.41047263,0.8930293,3,0
2JEL_LH_P|EP75R,2.727121,1.2802793,3,0
2JEL_LH_P|EP83A,0.0,0.7188978,3,0
2JEL_LH_P|EP85A,0.0,1.0539489,3,0
2JEL_LH_P|EP85D,0.0,-0.18799111,3,0
2JEL_LH_P|EP85K,0.0,0.6002384,3,0
2JEL_LH_P|EP85Q,0.0,0.6714412,3,0
2JEL_LH_P|FP2W,2.6191528,1.421798,3,0
2JEL_LH_P|FP2Y,0.0,0.111604124,3,0
2JEL_LH_P|HP76A,-0.41047263,0.4581745,3,0
2JEL_LH_P|HP76D,-0.65058374,0.7539621,3,0
2JEL_LH_P|KP24E,0.0,2.466171,3,0
2JEL_LH_P|KP27E,0.0,1.2443389,3,0
2JEL_LH_P|KP72E,0.41047263,0.13351253,3,0
2JEL_LH_P|KP72R,0.0,0.83129483,3,0
2JEL_LH_P|KP79E,0.41047263,1.6714803,3,0
2JEL_LH_P|NP12D,0.0,-1.4409542,3,0
2JEL_LH_P|NP38T,0.0,-0.5835469,3,0
2JEL_LH_P|PP11E,0.0,-1.059054,3,0
2JEL_LH_P|QP3K,4.0,-0.08944821,3,0
2JEL_LH_P|QP4K,1.3635606,-0.86248654,3,0
2JEL_LH_P|QP57E,-0.41047263,-0.45197207,3,0
2JEL_LH_P|QP71E,2.727121,-0.25083664,3,0
2JEL_LH_P|RP17G,0.0,0.73405963,3,0
2JEL_LH_P|RP17K,0.0,-0.28995433,3,0
2JEL_LH_P|SP41C,1.4957032,1.1329633,3,0
2JEL_LH_P|SP43C,0.0,0.7038471,3,0
2JEL_LH_P|SP46C,0.0,0.9964681,3,0
2JEL_LH_P|SP64T,4.0,0.29567406,3,0
2JEL_LH_P|TP34Q,0.0,0.7824583,3,0
2JEL_LH_P|TP36Q,0.41047263,0.8736738,3,0
2JEL_LH_P|TP62A,0.0,0.4288226,3,0
2JEL_LH_P|TP62N,0.0,0.94213593,3,0
2JEL_LH_P|TP7N,0.41047263,0.9139986,3,0
2JEL_LH_P|TP7S,0.0,0.11341444,3,0
2JEL_LH_P|VP6F,0.0,-0.9172901,3,0
"2NY7_HL_G|CG27I,CG226Q",0.19971907,-1.4578195,3,0
"2NY7_HL_G|CG27I,CG226Q,MG231A",0.20319231,-1.1076986,3,0
"2NY7_HL_G|GG229C,MG231A",-0.37879732,0.74759126,3,0
"2NY7_HL_G|GG229C,WG13M,MG231A,CG14W,CG110V,CG27I,CG226Q",0.21462485,-2.0266197,3,0
"2NY7_HL_G|KG66C,EG102C,CG27I,CG226Q",0.04085667,-1.1941668,3,0
"2NY7_HL_G|KG66C,EG102C,WG13M,MG231A,CG14W,CG110V,CG27I,CG226Q",0.3998023,-0.5893665,3,0
"2NY7_HL_G|KG66C,EG103C,WG13M,MG231A,CG14W,CG110V,CG27I,CG226Q",0.29989544,-0.9371058,3,0
"2NY7_HL_G|WG13M,MG231A,CG14W,CG110V",1.1574335,0.1781049,3,0
"2NY7_HL_G|WG13M,MG231A,CG14W,CG110V,CG27I,CG226Q",0.44904727,-1.055914,3,0
"2NY7_HL_G|WG13M,MG231A,CG14W,CG110V,KG66C,EG102C",0.55101526,0.90712106,3,0
"2NY7_HL_G|WG13M,SG92T,WG181S,MG231A,CG14W,CG110V,CG27I,CG226Q",-0.3035898,-1.1522783,3,0
3BN9_B_CD|DB214A,0.5662115,1.546228,3,0
3BN9_B_CD|DB46A,0.42238826,0.49600655,3,0
3BN9_B_CD|DB47A,0.31110755,0.49027753,3,0
3BN9_B_CD|EB163A,0.37321588,0.18567675,3,0
3BN9_B_CD|FB50A,-0.044997852,0.3612928,3,0
3BN9_B_CD|FB89A,0.6392419,1.8402046,3,0
3BN9_B_CD|HB138A,0.085063316,1.6091795,3,0
3BN9_B_CD|IB26A,0.0,0.81494987,3,0
3BN9_B_CD|IB45A,0.8352155,0.17328662,3,0
3BN9_B_CD|KB221A,0.7849689,-0.28170812,3,0
3BN9_B_CD|LB147A,0.33619216,0.29477233,3,0
3BN9_B_CD|NB90A,0.7733444,0.29687652,3,0
3BN9_B_CD|PD104H,2.4272547,-0.36556962,3,0
3BN9_B_CD|QB140A,0.1331048,-0.23107654,3,0
3BN9_B_CD|QB168A,-0.03469869,-0.4662591,3,0
3BN9_B_CD|QB169A,2.5089848,0.7065807,3,0
3BN9_B_CD|QB218A,0.70571065,0.12731627,3,0
3BN9_B_CD|QB23A,-0.41530684,0.09606953,3,0
3BN9_B_CD|QD105V,1.2241027,-0.18101549,3,0
3BN9_B_CD|RB219A,-0.093698174,-0.25937417,3,0
3BN9_B_CD|RB48A,-0.044997852,0.05108796,3,0
3BN9_B_CD|RB51A,-0.07155777,-0.09335356,3,0
3BN9_B_CD|RB82A,-0.15923285,0.030999556,3,0
3BN9_B_CD|SD30G,1.1861069,-0.016923316,3,0
3BN9_B_CD|SD30N,1.145505,-0.05390565,3,0
3BN9_B_CD|TB144A,0.2908351,0.47305843,3,0
3BN9_B_CD|TB93A,1.1320528,0.75621986,3,0
3BN9_B_CD|TD102Q,-0.02153644,0.2302812,3,0
3BN9_B_CD|TD102R,-0.058294915,0.61252266,3,0
3BN9_B_CD|TD28R,0.33290586,-0.19236186,3,0
3BN9_B_CD|YB141A,1.0846525,1.8104404,3,0
3BN9_B_CD|YB52A,0.018951595,0.55280864,3,0
3BN9_B_CD|YD103S,0.45868576,0.52091616,3,0
4GXU_ABCDEF_MN|DA189E,2.1650882,1.5355506,3,0
"4GXU_ABCDEF_MN|DA189E,DA224G",3.0102077,2.2933128,3,0
4GXU_ABCDEF_MN|DA224G,1.9608781,0.76885855,3,0
"1CZ8_HL_VW|LL4M,DH28T,HH31N,YH101H,TH105S",2.939849,0.06736484,3,1
1KIR_AB_C|SA50Y,-1.3870943,-0.026020382,3,1
1MLC_AB_E|KB65D,0.018548755,-0.20421079,3,1
1MLC_AB_E|NA32G,-0.8773867,-0.027363103,3,1
"1MLC_AB_E|NA32G,NA92A",-0.6866531,-0.17658855,3,1
"1MLC_AB_E|NA32G,NA92A,SB57V,TB58D",-1.7349738,-0.46134603,3,1
1MLC_AB_E|NA32Y,0.0,-0.08448224,3,1
1MLC_AB_E|NA92A,-1.2533532,-0.06270635,3,1
"1MLC_AB_E|NA92A,SB57V,TB58D",-2.394188,-0.33875132,3,1
"1MLC_AB_E|NA92A,TB28D,SB57V,TB58D",-2.5813644,-0.3825028,3,1
"1MLC_AB_E|NA92A,TB28D,SB57V,TB58D,EB35S,GB99D",-2.9539242,-0.26553434,3,1
"1MLC_AB_E|NA92A,TB28D,SB57V,TB58D,GB99D",-0.20357698,-0.23807953,3,1
"1MLC_AB_E|NA92A,TB28D,SB57V,TB58D,NA32L",-2.5843081,-0.43438086,3,1
"1MLC_AB_E|NA92A,TB28D,SB57V,TB58D,RB98M,DB100Q",-0.41047263,-0.5465941,3,1
"1MLC_AB_E|NA92A,TB28D,SB57V,TB58D,SA91N,SA93A",-1.6104395,-0.21359412,3,1
"1MLC_AB_E|NA92A,TB28D,SB57V,TB58D,SB30G",-2.3584673,-0.5125825,3,1
"1MLC_AB_E|NA92A,TB28D,SB57V,TB58D,YB32W,RB98V,DB100Q",0.36138764,-0.5366102,3,1
"1MLC_AB_E|NA92A,TB28D,SB57V,TB58D,YB59E",-1.4661698,-0.20156917,3,1
1MLC_AB_E|SB57A,-0.37902167,0.080706656,3,1
1MLC_AB_E|SB57V,-0.49418068,-0.18283504,3,1
"1MLC_AB_E|SB57V,TB58D",-0.9877286,-0.26798797,3,1
1MLC_AB_E|TB28D,-0.15094383,0.020957813,3,1
1MLC_AB_E|TB31A,0.44700673,0.04724317,3,1
1MLC_AB_E|TB31V,0.5262404,-0.017803188,3,1
1MLC_AB_E|TB31W,0.13214268,0.03953059,3,1
1MLC_AB_E|TB58D,-0.55968237,-0.14100207,3,1
1NCA_N_LH|DH101K,0.71416,0.12646249,3,1
1NCA_N_LH|EH100D,0.41047263,0.10893124,3,1
1NCA_N_LH|NH102Q,0.5426153,-0.4392747,3,1
1NCA_N_LH|NH31Q,0.0,0.033044487,3,1
1NMB_N_LH|DH57E,2.9536283,0.062188916,3,1
1NMB_N_LH|DH57N,2.9536283,0.102992535,3,1
1NMB_N_LH|LL94V,0.9000208,-0.18322396,3,1
1NMB_N_LH|TL93F,-0.023903161,-0.16856542,3,1
1NMB_N_LH|TL93W,0.18419003,-0.19899255,3,1
1NMB_N_LH|YH103A,2.14062,0.004948806,3,1
1NMB_N_LH|YH105F,1.4194101,-0.043531332,3,1
1NMB_N_LH|YL32F,0.46632215,-0.00057576224,3,1
1VFB_AB_C|DB100A,3.005002,0.14077935,3,1
"1VFB_AB_C|DB100A,SC24A",3.369756,0.33652437,3,1
1VFB_AB_C|DB54A,0.8151114,0.04571598,3,1
"1VFB_AB_C|DB54A,TC118A",1.2546439,0.44473314,3,1
1VFB_AB_C|DB58A,-0.20700333,0.28781807,3,1
1VFB_AB_C|DB58E,0.078081094,0.19765131,3,1
1VFB_AB_C|DB58N,-0.12818155,0.27658817,3,1
1VFB_AB_C|DC119A,0.9530879,0.2565151,3,1
1VFB_AB_C|DC18A,0.34013057,0.2539776,3,1
1VFB_AB_C|EB98A,1.1565572,0.12347652,3,1
1VFB_AB_C|GB31A,0.30646533,0.25420406,3,1
1VFB_AB_C|GB31E,-0.5097613,0.17275453,3,1
1VFB_AB_C|GB31W,0.0039611305,0.17378843,3,1
1VFB_AB_C|HA30A,0.84488255,0.26360562,3,1
1VFB_AB_C|IC124A,1.2314179,0.40319,3,1
1VFB_AB_C|KC116A,0.7134504,0.3139901,3,1
1VFB_AB_C|LC129A,0.17154472,-0.033234138,3,1
1VFB_AB_C|NA31W,0.17432266,-0.07647039,3,1
1VFB_AB_C|NB56A,0.17771798,-0.0058806203,3,1
1VFB_AB_C|NC19A,0.3960868,0.2816784,3,1
1VFB_AB_C|QC121A,2.876998,-0.1497938,3,1
1VFB_AB_C|RB99A,-0.099735305,0.18165417,3,1
1VFB_AB_C|RB99W,0.7049742,0.0433511,3,1
1VFB_AB_C|RB99Y,1.235379,0.025817052,3,1
1VFB_AB_C|RC125A,1.8368999,0.08827564,3,1
1VFB_AB_C|SA93A,0.34312394,0.17562038,3,1
1VFB_AB_C|SB28D,0.0,0.007450888,3,1
1VFB_AB_C|SB28E,-0.104007296,-0.014516793,3,1
1VFB_AB_C|SB28N,0.14394745,0.0083417855,3,1
1VFB_AB_C|SB28Q,0.078081094,-0.08764313,3,1
1VFB_AB_C|SC24A,0.850965,0.15747306,3,1
1VFB_AB_C|TA52F,0.4708752,-0.10684,3,1
1VFB_AB_C|TA53R,1.6458516,-0.2654728,3,1
1VFB_AB_C|TB30A,-0.05584954,-0.07735647,3,1
1VFB_AB_C|TC118A,0.7650957,0.4077095,3,1
1VFB_AB_C|VC120A,0.9169499,0.13755174,3,1
1VFB_AB_C|WA92A,3.037848,0.2997952,3,1
"1VFB_AB_C|WA92A,IC124A",3.8503337,0.6322784,3,1
"1VFB_AB_C|WA92A,LC129A",3.3073628,0.25190145,3,1
"1VFB_AB_C|WA92A,QC121A",3.5189366,0.25057727,3,1
"1VFB_AB_C|WA92A,RC125A",3.3932896,0.46663156,3,1
1VFB_AB_C|WB52A,0.6406274,0.13229412,3,1
"1VFB_AB_C|WB52A,DC119A",2.2473724,0.26877367,3,1
1VFB_AB_C|YA32A,1.5281335,0.1693796,3,1
"1VFB_AB_C|YA32A,IC124A",2.9057157,0.5786805,3,1
"1VFB_AB_C|YA32A,QC121A",1.586041,0.08993765,3,1
1VFB_AB_C|YA49A,0.79754156,0.18613839,3,1
1VFB_AB_C|YA50A,0.456086,0.21692897,3,1
"1VFB_AB_C|YA50A,DC119A",1.2314179,0.48018506,3,1
"1VFB_AB_C|YA50A,DC18A",1.265924,0.4999206,3,1
1VFB_AB_C|YA50K,1.7156012,0.250519,3,1
1VFB_AB_C|YA50R,0.8443241,0.14772463,3,1
1VFB_AB_C|YB101F,1.2695644,0.28611344,3,1
"1VFB_AB_C|YB101F,DC119A",2.736521,0.49814928,3,1
"1VFB_AB_C|YB101F,VC120A",2.5384777,0.39495978,3,1
1VFB_AB_C|YB32A,0.7916793,0.032673035,3,1
"1VFB_AB_C|YB32A,KC116A",1.586041,0.29599145,3,1
1VFB_AB_C|YB32E,1.9021881,-0.035816643,3,1
1VFB_AB_C|YC23A,0.41047263,0.1036935,3,1
1XGP_AB_C|AB33F,-4.0,-0.0064022653,3,1
1XGP_AB_C|AB33I,-2.260207,0.042799566,3,1
1XGP_AB_C|AB33L,-2.1988916,0.024475873,3,1
1XGP_AB_C|AB33V,-1.1525793,0.010187969,3,1
2JEL_LH_P|AP82S,0.0,-0.20137145,3,1
2JEL_LH_P|DP69E,0.9530879,-0.16645075,3,1
2JEL_LH_P|EP5D,0.41047263,0.115912676,3,1
2JEL_LH_P|EP5Q,0.7129768,0.101337254,3,1
2JEL_LH_P|EP68A,0.41047263,0.17849606,3,1
2JEL_LH_P|EP75R,2.727121,-0.042072285,3,1
2JEL_LH_P|EP83A,0.0,0.33146718,3,1
2JEL_LH_P|EP85A,0.0,0.41089484,3,1
2JEL_LH_P|EP85D,0.0,0.29086006,3,1
2JEL_LH_P|EP85K,0.0,0.2661927,3,1
2JEL_LH_P|EP85Q,0.0,0.25468367,3,1
2JEL_LH_P|FP2W,2.6191528,0.15195365,3,1
2JEL_LH_P|FP2Y,0.0,0.12862997,3,1
2JEL_LH_P|HP76A,-0.41047263,0.26444653,3,1
2JEL_LH_P|HP76D,-0.65058374,0.17049369,3,1
2JEL_LH_P|KP24E,0.0,-0.19384469,3,1
2JEL_LH_P|KP27E,0.0,0.105438665,3,1
2JEL_LH_P|KP72E,0.41047263,-0.4283512,3,1
2JEL_LH_P|KP72R,0.0,-0.18833363,3,1
2JEL_LH_P|KP79E,0.41047263,-0.3487628,3,1
2JEL_LH_P|NP12D,0.0,0.17164357,3,1
2JEL_LH_P|NP38T,0.0,0.18585753,3,1
2JEL_LH_P|PP11E,0.0,-0.16727881,3,1
2JEL_LH_P|QP3K,4.0,-0.073688656,3,1
2JEL_LH_P|QP4K,1.3635606,0.035779174,3,1
2JEL_LH_P|QP57E,-0.41047263,-0.04065044,3,1
2JEL_LH_P|QP71E,2.727121,-0.45877507,3,1
2JEL_LH_P|RP17G,0.0,-0.1267496,3,1
2JEL_LH_P|RP17K,0.0,-0.20748368,3,1
2JEL_LH_P|SP41C,1.4957032,0.074800685,3,1
2JEL_LH_P|SP43C,0.0,0.031604163,3,1
2JEL_LH_P|SP46C,0.0,0.01671296,3,1
2JEL_LH_P|SP64T,4.0,-0.008384027,3,1
2JEL_LH_P|TP34Q,0.0,0.061854217,3,1
2JEL_LH_P|TP36Q,0.41047263,0.13070032,3,1
2JEL_LH_P|TP62A,0.0,0.1912177,3,1
2JEL_LH_P|TP62N,0.0,0.07291812,3,1
2JEL_LH_P|TP7N,0.41047263,0.21091177,3,1
2JEL_LH_P|TP7S,0.0,0.11992748,3,1
2JEL_LH_P|VP6F,0.0,-0.046658736,3,1
"2NY7_HL_G|CG27I,CG226Q",0.19971907,-0.36136922,3,1
"2NY7_HL_G|CG27I,CG226Q,MG231A",0.20319231,-0.17478873,3,1
"2NY7_HL_G|GG229C,MG231A",-0.37879732,0.07068281,3,1
"2NY7_HL_G|GG229C,WG13M,MG231A,CG14W,CG110V,CG27I,CG226Q",0.21462485,-0.02205374,3,1
"2NY7_HL_G|KG66C,EG102C,CG27I,CG226Q",0.04085667,-0.23699547,3,1
"2NY7_HL_G|KG66C,EG102C,WG13M,MG231A,CG14W,CG110V,CG27I,CG226Q",0.3998023,0.105875,3,1
"2NY7_HL_G|KG66C,EG103C,WG13M,MG231A,CG14W,CG110V,CG27I,CG226Q",0.29989544,0.094824106,3,1
"2NY7_HL_G|WG13M,MG231A,CG14W,CG110V",1.1574335,0.33628598,3,1
"2NY7_HL_G|WG13M,MG231A,CG14W,CG110V,CG27I,CG226Q",0.44904727,0.0685503,3,1
"2NY7_HL_G|WG13M,MG231A,CG14W,CG110V,KG66C,EG102C",0.55101526,0.29347247,3,1
"2NY7_HL_G|WG13M,SG92T,WG181S,MG231A,CG14W,CG110V,CG27I,CG226Q",-0.3035898,0.04828063,3,1
3BN9_B_CD|DB214A,0.5662115,0.3925489,3,1
3BN9_B_CD|DB46A,0.42238826,0.12961166,3,1
3BN9_B_CD|DB47A,0.31110755,0.13066806,3,1
3BN9_B_CD|EB163A,0.37321588,0.43780303,3,1
3BN9_B_CD|FB50A,-0.044997852,0.21312718,3,1
3BN9_B_CD|FB89A,0.6392419,0.15579428,3,1
3BN9_B_CD|HB138A,0.085063316,0.06769268,3,1
3BN9_B_CD|IB26A,0.0,0.37381664,3,1
3BN9_B_CD|IB45A,0.8352155,0.29369137,3,1
3BN9_B_CD|KB221A,0.7849689,0.012194322,3,1
3BN9_B_CD|LB147A,0.33619216,0.3427315,3,1
3BN9_B_CD|NB90A,0.7733444,0.28178287,3,1
3BN9_B_CD|PD104H,2.4272547,-0.23561879,3,1
3BN9_B_CD|QB140A,0.1331048,0.34345844,3,1
3BN9_B_CD|QB168A,-0.03469869,0.366995,3,1
3BN9_B_CD|QB169A,2.5089848,0.34642184,3,1
3BN9_B_CD|QB218A,0.70571065,0.35537976,3,1
3BN9_B_CD|QB23A,-0.41530684,0.3488091,3,1
3BN9_B_CD|QD105V,1.2241027,-0.16990703,3,1
3BN9_B_CD|RB219A,-0.093698174,0.20043786,3,1
3BN9_B_CD|RB48A,-0.044997852,0.27391702,3,1
3BN9_B_CD|RB51A,-0.07155777,0.26718584,3,1
3BN9_B_CD|RB82A,-0.15923285,0.27784112,3,1
3BN9_B_CD|SD30G,1.1861069,-0.4143213,3,1
3BN9_B_CD|SD30N,1.145505,-0.18692377,3,1
3BN9_B_CD|TB144A,0.2908351,0.2364368,3,1
3BN9_B_CD|TB93A,1.1320528,0.29351264,3,1
3BN9_B_CD|TD102Q,-0.02153644,-0.5841551,3,1
3BN9_B_CD|TD102R,-0.058294915,-0.59735197,3,1
3BN9_B_CD|TD28R,0.33290586,-0.00484718,3,1
3BN9_B_CD|YB141A,1.0846525,0.23043734,3,1
3BN9_B_CD|YB52A,0.018951595,0.28824642,3,1
3BN9_B_CD|YD103S,0.45868576,0.15829024,3,1
4GXU_ABCDEF_MN|DA189E,2.1650882,0.025266755,3,1
"4GXU_ABCDEF_MN|DA189E,DA224G",3.0102077,0.07220134,3,1
4GXU_ABCDEF_MN|DA224G,1.9608781,0.1276584,3,1
"1CZ8_HL_VW|LL4M,DH28T,HH31N,YH101H,TH105S",2.939849,1.545261,3,2
1KIR_AB_C|SA50Y,-1.3870943,-0.75341636,3,2
1MLC_AB_E|KB65D,0.018548755,0.20270923,3,2
1MLC_AB_E|NA32G,-0.8773867,0.5582279,3,2
"1MLC_AB_E|NA32G,NA92A",-0.6866531,0.65858996,3,2
"1MLC_AB_E|NA32G,NA92A,SB57V,TB58D",-1.7349738,0.72112095,3,2
1MLC_AB_E|NA32Y,0.0,-0.28694892,3,2
1MLC_AB_E|NA92A,-1.2533532,-0.45993873,3,2
"1MLC_AB_E|NA92A,SB57V,TB58D",-2.394188,-0.021748861,3,2
"1MLC_AB_E|NA92A,TB28D,SB57V,TB58D",-2.5813644,0.04032197,3,2
"1MLC_AB_E|NA92A,TB28D,SB57V,TB58D,EB35S,GB99D",-2.9539242,-0.6974662,3,2
"1MLC_AB_E|NA92A,TB28D,SB57V,TB58D,GB99D",-0.20357698,0.20199014,3,2
"1MLC_AB_E|NA92A,TB28D,SB57V,TB58D,NA32L",-2.5843081,0.4419795,3,2
"1MLC_AB_E|NA92A,TB28D,SB57V,TB58D,RB98M,DB100Q",-0.41047263,0.5345485,3,2
"1MLC_AB_E|NA92A,TB28D,SB57V,TB58D,SA91N,SA93A",-1.6104395,0.8809606,3,2
"1MLC_AB_E|NA92A,TB28D,SB57V,TB58D,SB30G",-2.3584673,0.005052706,3,2
"1MLC_AB_E|NA92A,TB28D,SB57V,TB58D,YB32W,RB98V,DB100Q",0.36138764,0.763416,3,2
"1MLC_AB_E|NA92A,TB28D,SB57V,TB58D,YB59E",-1.4661698,1.8113924,3,2
1MLC_AB_E|SB57A,-0.37902167,-0.4723729,3,2
1MLC_AB_E|SB57V,-0.49418068,-0.6659546,3,2
"1MLC_AB_E|SB57V,TB58D",-0.9877286,-0.03475544,3,2
1MLC_AB_E|TB28D,-0.15094383,-0.095800765,3,2
1MLC_AB_E|TB31A,0.44700673,-0.2020671,3,2
1MLC_AB_E|TB31V,0.5262404,-0.31031767,3,2
1MLC_AB_E|TB31W,0.13214268,-0.63410103,3,2
1MLC_AB_E|TB58D,-0.55968237,0.5662812,3,2
1NCA_N_LH|DH101K,0.71416,0.366435,3,2
1NCA_N_LH|EH100D,0.41047263,-0.12625518,3,2
1NCA_N_LH|NH102Q,0.5426153,0.10999561,3,2
1NCA_N_LH|NH31Q,0.0,0.17965277,3,2
1NMB_N_LH|DH57E,2.9536283,0.12763272,3,2
1NMB_N_LH|DH57N,2.9536283,-0.11118058,3,2
1NMB_N_LH|LL94V,0.9000208,-0.045339853,3,2
1NMB_N_LH|TL93F,-0.023903161,-0.20167217,3,2
1NMB_N_LH|TL93W,0.18419003,-0.35796633,3,2
1NMB_N_LH|YH103A,2.14062,1.0612508,3,2
1NMB_N_LH|YH105F,1.4194101,0.91388154,3,2
1NMB_N_LH|YL32F,0.46632215,-0.12243097,3,2
1VFB_AB_C|DB100A,3.005002,-0.61706734,3,2
"1VFB_AB_C|DB100A,SC24A",3.369756,1.0053157,3,2
1VFB_AB_C|DB54A,0.8151114,-0.20986344,3,2
"1VFB_AB_C|DB54A,TC118A",1.2546439,0.47393847,3,2
1VFB_AB_C|DB58A,-0.20700333,0.9941275,3,2
1VFB_AB_C|DB58E,0.078081094,0.5820483,3,2
1VFB_AB_C|DB58N,-0.12818155,0.036131516,3,2
1VFB_AB_C|DC119A,0.9530879,2.091805,3,2
1VFB_AB_C|DC18A,0.34013057,0.8949394,3,2
1VFB_AB_C|EB98A,1.1565572,0.19973886,3,2
1VFB_AB_C|GB31A,0.30646533,0.6194562,3,2
1VFB_AB_C|GB31E,-0.5097613,0.31271726,3,2
1VFB_AB_C|GB31W,0.0039611305,-0.04139694,3,2
1VFB_AB_C|HA30A,0.84488255,-0.37457338,3,2
1VFB_AB_C|IC124A,1.2314179,0.7509128,3,2
1VFB_AB_C|KC116A,0.7134504,1.7769111,3,2
1VFB_AB_C|LC129A,0.17154472,0.431197,3,2
1VFB_AB_C|NA31W,0.17432266,0.59269154,3,2
1VFB_AB_C|NB56A,0.17771798,0.36893484,3,2
1VFB_AB_C|NC19A,0.3960868,0.10404665,3,2
1VFB_AB_C|QC121A,2.876998,0.08945162,3,2
1VFB_AB_C|RB99A,-0.099735305,0.27560982,3,2
1VFB_AB_C|RB99W,0.7049742,0.103764854,3,2
1VFB_AB_C|RB99Y,1.235379,-0.15095764,3,2
1VFB_AB_C|RC125A,1.8368999,1.1705757,3,2
1VFB_AB_C|SA93A,0.34312394,0.080180585,3,2
1VFB_AB_C|SB28D,0.0,-0.16881783,3,2
1VFB_AB_C|SB28E,-0.104007296,-0.21459946,3,2
1VFB_AB_C|SB28N,0.14394745,-0.2570431,3,2
1VFB_AB_C|SB28Q,0.078081094,-0.21239968,3,2
1VFB_AB_C|SC24A,0.850965,0.73736405,3,2
1VFB_AB_C|TA52F,0.4708752,-0.0886816,3,2
1VFB_AB_C|TA53R,1.6458516,-0.12068156,3,2
1VFB_AB_C|TB30A,-0.05584954,-0.39917806,3,2
1VFB_AB_C|TC118A,0.7650957,0.5539535,3,2
1VFB_AB_C|VC120A,0.9169499,0.2673557,3,2
1VFB_AB_C|WA92A,3.037848,0.17662667,3,2
"1VFB_AB_C|WA92A,IC124A",3.8503337,1.122908,3,2
"1VFB_AB_C|WA92A,LC129A",3.3073628,1.1059864,3,2
"1VFB_AB_C|WA92A,QC121A",3.5189366,0.82379913,3,2
"1VFB_AB_C|WA92A,RC125A",3.3932896,1.1027833,3,2
1VFB_AB_C|WB52A,0.6406274,1.3031508,3,2
"1VFB_AB_C|WB52A,DC119A",2.2473724,3.3688416,3,2
1VFB_AB_C|YA32A,1.5281335,1.1632615,3,2
"1VFB_AB_C|YA32A,IC124A",2.9057157,1.0535171,3,2
"1VFB_AB_C|YA32A,QC121A",1.586041,1.3117365,3,2
1VFB_AB_C|YA49A,0.79754156,1.3145353,3,2
1VFB_AB_C|YA50A,0.456086,0.55471414,3,2
"1VFB_AB_C|YA50A,DC119A",1.2314179,1.9188099,3,2
"1VFB_AB_C|YA50A,DC18A",1.265924,1.6569606,3,2
1VFB_AB_C|YA50K,1.7156012,1.4762838,3,2
1VFB_AB_C|YA50R,0.8443241,0.59600264,3,2
1VFB_AB_C|YB101F,1.2695644,2.601307,3,2
"1VFB_AB_C|YB101F,DC119A",2.736521,3.4808068,3,2
"1VFB_AB_C|YB101F,VC120A",2.5384777,2.3931532,3,2
1VFB_AB_C|YB32A,0.7916793,0.72340894,3,2
"1VFB_AB_C|YB32A,KC116A",1.586041,1.6972547,3,2
1VFB_AB_C|YB32E,1.9021881,0.4664737,3,2
1VFB_AB_C|YC23A,0.41047263,1.0784029,3,2
1XGP_AB_C|AB33F,-4.0,-3.4619768,3,2
1XGP_AB_C|AB33I,-2.260207,-2.2939842,3,2
1XGP_AB_C|AB33L,-2.1988916,-1.9350415,3,2
1XGP_AB_C|AB33V,-1.1525793,-1.0912924,3,2
2JEL_LH_P|AP82S,0.0,-0.10492065,3,2
2JEL_LH_P|DP69E,0.9530879,0.6882952,3,2
2JEL_LH_P|EP5D,0.41047263,-0.19515505,3,2
2JEL_LH_P|EP5Q,0.7129768,0.12551387,3,2
2JEL_LH_P|EP68A,0.41047263,0.8696588,3,2
2JEL_LH_P|EP75R,2.727121,0.7457671,3,2
2JEL_LH_P|EP83A,0.0,0.463227,3,2
2JEL_LH_P|EP85A,0.0,0.65020084,3,2
2JEL_LH_P|EP85D,0.0,-0.058725115,3,2
2JEL_LH_P|EP85K,0.0,0.71875155,3,2
2JEL_LH_P|EP85Q,0.0,0.64772254,3,2
2JEL_LH_P|FP2W,2.6191528,1.3366007,3,2
2JEL_LH_P|FP2Y,0.0,0.1559099,3,2
2JEL_LH_P|HP76A,-0.41047263,0.64297277,3,2
2JEL_LH_P|HP76D,-0.65058374,0.558131,3,2
2JEL_LH_P|KP24E,0.0,2.508969,3,2
2JEL_LH_P|KP27E,0.0,1.8573169,3,2
2JEL_LH_P|KP72E,0.41047263,0.09182391,3,2
2JEL_LH_P|KP72R,0.0,0.14819413,3,2
2JEL_LH_P|KP79E,0.41047263,1.3846828,3,2
2JEL_LH_P|NP12D,0.0,-1.0809904,3,2
2JEL_LH_P|NP38T,0.0,-0.3801777,3,2
2JEL_LH_P|PP11E,0.0,-0.20492515,3,2
2JEL_LH_P|QP3K,4.0,0.22100995,3,2
2JEL_LH_P|QP4K,1.3635606,0.08916733,3,2
2JEL_LH_P|QP57E,-0.41047263,0.06733029,3,2
2JEL_LH_P|QP71E,2.727121,-0.17151229,3,2
2JEL_LH_P|RP17G,0.0,0.6398606,3,2
2JEL_LH_P|RP17K,0.0,-0.3356246,3,2
2JEL_LH_P|SP41C,1.4957032,0.726721,3,2
2JEL_LH_P|SP43C,0.0,0.31670505,3,2
2JEL_LH_P|SP46C,0.0,0.20836961,3,2
2JEL_LH_P|SP64T,4.0,0.18293628,3,2
2JEL_LH_P|TP34Q,0.0,0.31468454,3,2
2JEL_LH_P|TP36Q,0.41047263,-0.1816331,3,2
2JEL_LH_P|TP62A,0.0,0.36250487,3,2
2JEL_LH_P|TP62N,0.0,0.5056733,3,2
2JEL_LH_P|TP7N,0.41047263,0.5433425,3,2
2JEL_LH_P|TP7S,0.0,0.32037932,3,2
2JEL_LH_P|VP6F,0.0,-0.12276072,3,2
"2NY7_HL_G|CG27I,CG226Q",0.19971907,-1.4081353,3,2
"2NY7_HL_G|CG27I,CG226Q,MG231A",0.20319231,-1.3977075,3,2
"2NY7_HL_G|GG229C,MG231A",-0.37879732,-0.82117444,3,2
"2NY7_HL_G|GG229C,WG13M,MG231A,CG14W,CG110V,CG27I,CG226Q",0.21462485,-2.5277798,3,2
"2NY7_HL_G|KG66C,EG102C,CG27I,CG226Q",0.04085667,-1.5227623,3,2
"2NY7_HL_G|KG66C,EG102C,WG13M,MG231A,CG14W,CG110V,CG27I,CG226Q",0.3998023,-1.3352093,3,2
"2NY7_HL_G|KG66C,EG103C,WG13M,MG231A,CG14W,CG110V,CG27I,CG226Q",0.29989544,-2.0087738,3,2
"2NY7_HL_G|WG13M,MG231A,CG14W,CG110V",1.1574335,-0.2661584,3,2
"2NY7_HL_G|WG13M,MG231A,CG14W,CG110V,CG27I,CG226Q",0.44904727,-1.570881,3,2
"2NY7_HL_G|WG13M,MG231A,CG14W,CG110V,KG66C,EG102C",0.55101526,0.33201125,3,2
"2NY7_HL_G|WG13M,SG92T,WG181S,MG231A,CG14W,CG110V,CG27I,CG226Q",-0.3035898,-1.6287895,3,2
3BN9_B_CD|DB214A,0.5662115,1.3936559,3,2
3BN9_B_CD|DB46A,0.42238826,0.56466067,3,2
3BN9_B_CD|DB47A,0.31110755,1.5248675,3,2
3BN9_B_CD|EB163A,0.37321588,0.38419557,3,2
3BN9_B_CD|FB50A,-0.044997852,0.95182896,3,2
3BN9_B_CD|FB89A,0.6392419,1.7129523,3,2
3BN9_B_CD|HB138A,0.085063316,1.1439314,3,2
3BN9_B_CD|IB26A,0.0,0.513724,3,2
3BN9_B_CD|IB45A,0.8352155,0.21939898,3,2
3BN9_B_CD|KB221A,0.7849689,0.14938886,3,2
3BN9_B_CD|LB147A,0.33619216,0.4593985,3,2
3BN9_B_CD|NB90A,0.7733444,0.38930264,3,2
3BN9_B_CD|PD104H,2.4272547,-0.98185414,3,2
3BN9_B_CD|QB140A,0.1331048,0.2773694,3,2
3BN9_B_CD|QB168A,-0.03469869,-0.33096084,3,2
3BN9_B_CD|QB169A,2.5089848,0.44341475,3,2
3BN9_B_CD|QB218A,0.70571065,0.35692757,3,2
3BN9_B_CD|QB23A,-0.41530684,0.10494197,3,2
3BN9_B_CD|QD105V,1.2241027,0.094752274,3,2
3BN9_B_CD|RB219A,-0.093698174,0.100663714,3,2
3BN9_B_CD|RB48A,-0.044997852,0.39502287,3,2
3BN9_B_CD|RB51A,-0.07155777,0.009761436,3,2
3BN9_B_CD|RB82A,-0.15923285,-0.70905596,3,2
3BN9_B_CD|SD30G,1.1861069,-0.22478525,3,2
3BN9_B_CD|SD30N,1.145505,-0.10157989,3,2
3BN9_B_CD|TB144A,0.2908351,0.6053864,3,2
3BN9_B_CD|TB93A,1.1320528,0.96411234,3,2
3BN9_B_CD|TD102Q,-0.02153644,-0.091023006,3,2
3BN9_B_CD|TD102R,-0.058294915,-0.3899275,3,2
3BN9_B_CD|TD28R,0.33290586,-0.32418844,3,2
3BN9_B_CD|YB141A,1.0846525,1.320987,3,2
3BN9_B_CD|YB52A,0.018951595,0.27549237,3,2
3BN9_B_CD|YD103S,0.45868576,1.1025131,3,2
4GXU_ABCDEF_MN|DA189E,2.1650882,1.0500101,3,2
"4GXU_ABCDEF_MN|DA189E,DA224G",3.0102077,1.1653794,3,2
4GXU_ABCDEF_MN|DA224G,1.9608781,0.063859314,3,2
"1CZ8_HL_VW|LL4M,DH28T,HH31N,YH101H,TH105S",2.939849,1.4530226,3,3
1KIR_AB_C|SA50Y,-1.3870943,-0.8737912,3,3
1MLC_AB_E|KB65D,0.018548755,-1.0437038,3,3
1MLC_AB_E|NA32G,-0.8773867,1.1217508,3,3
"1MLC_AB_E|NA32G,NA92A",-0.6866531,1.3397983,3,3
"1MLC_AB_E|NA32G,NA92A,SB57V,TB58D",-1.7349738,0.86646444,3,3
1MLC_AB_E|NA32Y,0.0,-0.1924986,3,3
1MLC_AB_E|NA92A,-1.2533532,0.15261944,3,3
"1MLC_AB_E|NA92A,SB57V,TB58D",-2.394188,0.16568866,3,3
"1MLC_AB_E|NA92A,TB28D,SB57V,TB58D",-2.5813644,-0.3669317,3,3
"1MLC_AB_E|NA92A,TB28D,SB57V,TB58D,EB35S,GB99D",-2.9539242,-1.039914,3,3
"1MLC_AB_E|NA92A,TB28D,SB57V,TB58D,GB99D",-0.20357698,-0.8742211,3,3
"1MLC_AB_E|NA92A,TB28D,SB57V,TB58D,NA32L",-2.5843081,0.5604951,3,3
"1MLC_AB_E|NA92A,TB28D,SB57V,TB58D,RB98M,DB100Q",-0.41047263,0.45246893,3,3
"1MLC_AB_E|NA92A,TB28D,SB57V,TB58D,SA91N,SA93A",-1.6104395,-0.11173479,3,3
"1MLC_AB_E|NA92A,TB28D,SB57V,TB58D,SB30G",-2.3584673,-0.5867172,3,3
"1MLC_AB_E|NA92A,TB28D,SB57V,TB58D,YB32W,RB98V,DB100Q",0.36138764,1.034603,3,3
"1MLC_AB_E|NA92A,TB28D,SB57V,TB58D,YB59E",-1.4661698,0.8046513,3,3
1MLC_AB_E|SB57A,-0.37902167,0.19042312,3,3
1MLC_AB_E|SB57V,-0.49418068,-0.48958242,3,3
"1MLC_AB_E|SB57V,TB58D",-0.9877286,-0.18243068,3,3
1MLC_AB_E|TB28D,-0.15094383,-0.5060093,3,3
1MLC_AB_E|TB31A,0.44700673,0.5481011,3,3
1MLC_AB_E|TB31V,0.5262404,0.2300775,3,3
1MLC_AB_E|TB31W,0.13214268,-0.15750466,3,3
1MLC_AB_E|TB58D,-0.55968237,-0.4214295,3,3
1NCA_N_LH|DH101K,0.71416,0.1955998,3,3
1NCA_N_LH|EH100D,0.41047263,-0.0052065877,3,3
1NCA_N_LH|NH102Q,0.5426153,-0.046670582,3,3
1NCA_N_LH|NH31Q,0.0,0.23883714,3,3
1NMB_N_LH|DH57E,2.9536283,-0.18158883,3,3
1NMB_N_LH|DH57N,2.9536283,0.23886761,3,3
1NMB_N_LH|LL94V,0.9000208,-0.57514054,3,3
1NMB_N_LH|TL93F,-0.023903161,-0.38585916,3,3
1NMB_N_LH|TL93W,0.18419003,-0.7733108,3,3
1NMB_N_LH|YH103A,2.14062,0.4964445,3,3
1NMB_N_LH|YH105F,1.4194101,0.52707267,3,3
1NMB_N_LH|YL32F,0.46632215,0.20613782,3,3
1VFB_AB_C|DB100A,3.005002,1.7946997,3,3
"1VFB_AB_C|DB100A,SC24A",3.369756,3.2525866,3,3
1VFB_AB_C|DB54A,0.8151114,2.4034326,3,3
"1VFB_AB_C|DB54A,TC118A",1.2546439,1.5474918,3,3
1VFB_AB_C|DB58A,-0.20700333,1.3252202,3,3
1VFB_AB_C|DB58E,0.078081094,0.0067028794,3,3
1VFB_AB_C|DB58N,-0.12818155,0.100916654,3,3
1VFB_AB_C|DC119A,0.9530879,1.301484,3,3
1VFB_AB_C|DC18A,0.34013057,1.4202191,3,3
1VFB_AB_C|EB98A,1.1565572,3.0289586,3,3
1VFB_AB_C|GB31A,0.30646533,0.6173528,3,3
1VFB_AB_C|GB31E,-0.5097613,0.1104918,3,3
1VFB_AB_C|GB31W,0.0039611305,0.12823288,3,3
1VFB_AB_C|HA30A,0.84488255,0.68291956,3,3
1VFB_AB_C|IC124A,1.2314179,0.025763746,3,3
1VFB_AB_C|KC116A,0.7134504,0.5933002,3,3
1VFB_AB_C|LC129A,0.17154472,0.51023746,3,3
1VFB_AB_C|NA31W,0.17432266,0.22540559,3,3
1VFB_AB_C|NB56A,0.17771798,0.68095315,3,3
1VFB_AB_C|NC19A,0.3960868,0.38482976,3,3
1VFB_AB_C|QC121A,2.876998,0.20338255,3,3
1VFB_AB_C|RB99A,-0.099735305,1.3150692,3,3
1VFB_AB_C|RB99W,0.7049742,-0.1284786,3,3
1VFB_AB_C|RB99Y,1.235379,-0.32485518,3,3
1VFB_AB_C|RC125A,1.8368999,0.46296385,3,3
1VFB_AB_C|SA93A,0.34312394,0.2697336,3,3
1VFB_AB_C|SB28D,0.0,-0.59496516,3,3
1VFB_AB_C|SB28E,-0.104007296,-0.5805715,3,3
1VFB_AB_C|SB28N,0.14394745,-0.57462794,3,3
1VFB_AB_C|SB28Q,0.078081094,-0.46198282,3,3
1VFB_AB_C|SC24A,0.850965,1.2982763,3,3
1VFB_AB_C|TA52F,0.4708752,-0.52619445,3,3
1VFB_AB_C|TA53R,1.6458516,-0.5629929,3,3
1VFB_AB_C|TB30A,-0.05584954,-0.07395565,3,3
1VFB_AB_C|TC118A,0.7650957,0.046250008,3,3
1VFB_AB_C|VC120A,0.9169499,0.40664235,3,3
1VFB_AB_C|WA92A,3.037848,0.8606969,3,3
"1VFB_AB_C|WA92A,IC124A",3.8503337,1.2677406,3,3
"1VFB_AB_C|WA92A,LC129A",3.3073628,1.4261303,3,3
"1VFB_AB_C|WA92A,QC121A",3.5189366,0.6050714,3,3
"1VFB_AB_C|WA92A,RC125A",3.3932896,1.046803,3,3
1VFB_AB_C|WB52A,0.6406274,3.0664084,3,3
"1VFB_AB_C|WB52A,DC119A",2.2473724,4.0381794,3,3
1VFB_AB_C|YA32A,1.5281335,1.9463992,3,3
"1VFB_AB_C|YA32A,IC124A",2.9057157,2.0813096,3,3
"1VFB_AB_C|YA32A,QC121A",1.586041,1.1241201,3,3
1VFB_AB_C|YA49A,0.79754156,0.99312043,3,3
1VFB_AB_C|YA50A,0.456086,1.2821957,3,3
"1VFB_AB_C|YA50A,DC119A",1.2314179,2.1904104,3,3
"1VFB_AB_C|YA50A,DC18A",1.265924,2.5386417,3,3
1VFB_AB_C|YA50K,1.7156012,1.0388283,3,3
1VFB_AB_C|YA50R,0.8443241,0.93096715,3,3
1VFB_AB_C|YB101F,1.2695644,2.0522091,3,3
"1VFB_AB_C|YB101F,DC119A",2.736521,3.4368052,3,3
"1VFB_AB_C|YB101F,VC120A",2.5384777,2.2037604,3,3
1VFB_AB_C|YB32A,0.7916793,1.0853442,3,3
"1VFB_AB_C|YB32A,KC116A",1.586041,1.6156579,3,3
1VFB_AB_C|YB32E,1.9021881,0.34930223,3,3
1VFB_AB_C|YC23A,0.41047263,1.4401032,3,3
1XGP_AB_C|AB33F,-4.0,-2.0883105,3,3
1XGP_AB_C|AB33I,-2.260207,-1.1460432,3,3
1XGP_AB_C|AB33L,-2.1988916,-1.1191485,3,3
1XGP_AB_C|AB33V,-1.1525793,-0.5373642,3,3
2JEL_LH_P|AP82S,0.0,-0.5663283,3,3
2JEL_LH_P|DP69E,0.9530879,0.7992461,3,3
2JEL_LH_P|EP5D,0.41047263,-0.424182,3,3
2JEL_LH_P|EP5Q,0.7129768,0.18899429,3,3
2JEL_LH_P|EP68A,0.41047263,0.66732365,3,3
2JEL_LH_P|EP75R,2.727121,1.080119,3,3
2JEL_LH_P|EP83A,0.0,0.31162885,3,3
2JEL_LH_P|EP85A,0.0,0.7711134,3,3
2JEL_LH_P|EP85D,0.0,-0.07444435,3,3
2JEL_LH_P|EP85K,0.0,0.035261597,3,3
2JEL_LH_P|EP85Q,0.0,0.109193176,3,3
2JEL_LH_P|FP2W,2.6191528,1.3638401,3,3
2JEL_LH_P|FP2Y,0.0,-0.07398405,3,3
2JEL_LH_P|HP76A,-0.41047263,1.4345812,3,3
2JEL_LH_P|HP76D,-0.65058374,0.2554444,3,3
2JEL_LH_P|KP24E,0.0,1.0884835,3,3
2JEL_LH_P|KP27E,0.0,1.5346922,3,3
2JEL_LH_P|KP72E,0.41047263,-0.11628474,3,3
2JEL_LH_P|KP72R,0.0,0.2926065,3,3
2JEL_LH_P|KP79E,0.41047263,0.45125002,3,3
2JEL_LH_P|NP12D,0.0,-1.0385017,3,3
2JEL_LH_P|NP38T,0.0,0.1334231,3,3
2JEL_LH_P|PP11E,0.0,0.25988895,3,3
2JEL_LH_P|QP3K,4.0,0.50056237,3,3
2JEL_LH_P|QP4K,1.3635606,-0.19980301,3,3
2JEL_LH_P|QP57E,-0.41047263,0.062059555,3,3
2JEL_LH_P|QP71E,2.727121,-0.24936509,3,3
2JEL_LH_P|RP17G,0.0,0.242416,3,3
2JEL_LH_P|RP17K,0.0,-0.1148018,3,3
2JEL_LH_P|SP41C,1.4957032,0.85133547,3,3
2JEL_LH_P|SP43C,0.0,0.7038028,3,3
2JEL_LH_P|SP46C,0.0,0.16904348,3,3
2JEL_LH_P|SP64T,4.0,1.0648308,3,3
2JEL_LH_P|TP34Q,0.0,0.2732555,3,3
2JEL_LH_P|TP36Q,0.41047263,-0.2616757,3,3
2JEL_LH_P|TP62A,0.0,0.06717374,3,3
2JEL_LH_P|TP62N,0.0,0.60192406,3,3
2JEL_LH_P|TP7N,0.41047263,0.6081643,3,3
2JEL_LH_P|TP7S,0.0,-0.32116717,3,3
2JEL_LH_P|VP6F,0.0,-0.28186736,3,3
"2NY7_HL_G|CG27I,CG226Q",0.19971907,-1.476096,3,3
"2NY7_HL_G|CG27I,CG226Q,MG231A",0.20319231,-1.270566,3,3
"2NY7_HL_G|GG229C,MG231A",-0.37879732,0.38228074,3,3
"2NY7_HL_G|GG229C,WG13M,MG231A,CG14W,CG110V,CG27I,CG226Q",0.21462485,-2.0501015,3,3
"2NY7_HL_G|KG66C,EG102C,CG27I,CG226Q",0.04085667,-1.5930953,3,3
"2NY7_HL_G|KG66C,EG102C,WG13M,MG231A,CG14W,CG110V,CG27I,CG226Q",0.3998023,-1.5938482,3,3
"2NY7_HL_G|KG66C,EG103C,WG13M,MG231A,CG14W,CG110V,CG27I,CG226Q",0.29989544,-1.6023122,3,3
"2NY7_HL_G|WG13M,MG231A,CG14W,CG110V",1.1574335,-0.4539211,3,3
"2NY7_HL_G|WG13M,MG231A,CG14W,CG110V,CG27I,CG226Q",0.44904727,-1.9569911,3,3
"2NY7_HL_G|WG13M,MG231A,CG14W,CG110V,KG66C,EG102C",0.55101526,-0.27601257,3,3
"2NY7_HL_G|WG13M,SG92T,WG181S,MG231A,CG14W,CG110V,CG27I,CG226Q",-0.3035898,-2.37155,3,3
3BN9_B_CD|DB214A,0.5662115,1.1803175,3,3
3BN9_B_CD|DB46A,0.42238826,0.43894023,3,3
3BN9_B_CD|DB47A,0.31110755,0.49150583,3,3
3BN9_B_CD|EB163A,0.37321588,-0.057976864,3,3
3BN9_B_CD|FB50A,-0.044997852,0.8743419,3,3
3BN9_B_CD|FB89A,0.6392419,1.4866446,3,3
3BN9_B_CD|HB138A,0.085063316,1.1651247,3,3
3BN9_B_CD|IB26A,0.0,0.4193489,3,3
3BN9_B_CD|IB45A,0.8352155,0.26400724,3,3
3BN9_B_CD|KB221A,0.7849689,0.47376215,3,3
3BN9_B_CD|LB147A,0.33619216,0.33012956,3,3
3BN9_B_CD|NB90A,0.7733444,0.112414435,3,3
3BN9_B_CD|PD104H,2.4272547,0.014070922,3,3
3BN9_B_CD|QB140A,0.1331048,0.19393335,3,3
3BN9_B_CD|QB168A,-0.03469869,-0.2050836,3,3
3BN9_B_CD|QB169A,2.5089848,0.5908026,3,3
3BN9_B_CD|QB218A,0.70571065,0.28974384,3,3
3BN9_B_CD|QB23A,-0.41530684,0.40570122,3,3
3BN9_B_CD|QD105V,1.2241027,-0.2421483,3,3
3BN9_B_CD|RB219A,-0.093698174,0.120058976,3,3
3BN9_B_CD|RB48A,-0.044997852,0.75519544,3,3
3BN9_B_CD|RB51A,-0.07155777,0.293293,3,3
3BN9_B_CD|RB82A,-0.15923285,-0.1563785,3,3
3BN9_B_CD|SD30G,1.1861069,0.13820821,3,3
3BN9_B_CD|SD30N,1.145505,-0.013712096,3,3
3BN9_B_CD|TB144A,0.2908351,0.41442552,3,3
3BN9_B_CD|TB93A,1.1320528,0.88691497,3,3
3BN9_B_CD|TD102Q,-0.02153644,0.10110765,3,3
3BN9_B_CD|TD102R,-0.058294915,-0.21921462,3,3
3BN9_B_CD|TD28R,0.33290586,-0.10695964,3,3
3BN9_B_CD|YB141A,1.0846525,1.253291,3,3
3BN9_B_CD|YB52A,0.018951595,1.2450048,3,3
3BN9_B_CD|YD103S,0.45868576,0.33682784,3,3
4GXU_ABCDEF_MN|DA189E,2.1650882,1.5243926,3,3
"4GXU_ABCDEF_MN|DA189E,DA224G",3.0102077,2.1024587,3,3
4GXU_ABCDEF_MN|DA224G,1.9608781,0.7139104,3,3
"1CZ8_HL_VW|LL4M,DH28T,HH31N,YH101H,TH105S",2.939849,-0.023523485,3,4
1KIR_AB_C|SA50Y,-1.3870943,-0.2110793,3,4
1MLC_AB_E|KB65D,0.018548755,-0.06395345,3,4
1MLC_AB_E|NA32G,-0.8773867,-0.14140105,3,4
"1MLC_AB_E|NA32G,NA92A",-0.6866531,0.091383845,3,4
"1MLC_AB_E|NA32G,NA92A,SB57V,TB58D",-1.7349738,0.15760067,3,4
1MLC_AB_E|NA32Y,0.0,-0.124334775,3,4
1MLC_AB_E|NA92A,-1.2533532,0.18589987,3,4
"1MLC_AB_E|NA92A,SB57V,TB58D",-2.394188,0.29640394,3,4
"1MLC_AB_E|NA92A,TB28D,SB57V,TB58D",-2.5813644,0.31402543,3,4
"1MLC_AB_E|NA92A,TB28D,SB57V,TB58D,EB35S,GB99D",-2.9539242,0.30272126,3,4
"1MLC_AB_E|NA92A,TB28D,SB57V,TB58D,GB99D",-0.20357698,0.37742898,3,4
"1MLC_AB_E|NA92A,TB28D,SB57V,TB58D,NA32L",-2.5843081,0.30218,3,4
"1MLC_AB_E|NA92A,TB28D,SB57V,TB58D,RB98M,DB100Q",-0.41047263,0.06293702,3,4
"1MLC_AB_E|NA92A,TB28D,SB57V,TB58D,SA91N,SA93A",-1.6104395,0.82703835,3,4
"1MLC_AB_E|NA92A,TB28D,SB57V,TB58D,SB30G",-2.3584673,0.47042322,3,4
"1MLC_AB_E|NA92A,TB28D,SB57V,TB58D,YB32W,RB98V,DB100Q",0.36138764,0.07276594,3,4
"1MLC_AB_E|NA92A,TB28D,SB57V,TB58D,YB59E",-1.4661698,0.38136196,3,4
1MLC_AB_E|SB57A,-0.37902167,0.41578874,3,4
1MLC_AB_E|SB57V,-0.49418068,0.14362939,3,4
"1MLC_AB_E|SB57V,TB58D",-0.9877286,0.12332084,3,4
1MLC_AB_E|TB28D,-0.15094383,-0.013341105,3,4
1MLC_AB_E|TB31A,0.44700673,0.35529733,3,4
1MLC_AB_E|TB31V,0.5262404,0.20413671,3,4
1MLC_AB_E|TB31W,0.13214268,0.15446429,3,4
1MLC_AB_E|TB58D,-0.55968237,0.027973277,3,4
1NCA_N_LH|DH101K,0.71416,0.09423745,3,4
1NCA_N_LH|EH100D,0.41047263,0.09272787,3,4
1NCA_N_LH|NH102Q,0.5426153,-0.2455595,3,4
1NCA_N_LH|NH31Q,0.0,0.07120732,3,4
1NMB_N_LH|DH57E,2.9536283,-0.020826204,3,4
1NMB_N_LH|DH57N,2.9536283,0.105946645,3,4
1NMB_N_LH|LL94V,0.9000208,-0.1767291,3,4
1NMB_N_LH|TL93F,-0.023903161,-0.10770946,3,4
1NMB_N_LH|TL93W,0.18419003,-0.11812281,3,4
1NMB_N_LH|YH103A,2.14062,0.14959003,3,4
1NMB_N_LH|YH105F,1.4194101,0.015206555,3,4
1NMB_N_LH|YL32F,0.46632215,0.13443007,3,4
1VFB_AB_C|DB100A,3.005002,0.34384707,3,4
"1VFB_AB_C|DB100A,SC24A",3.369756,0.85254395,3,4
1VFB_AB_C|DB54A,0.8151114,0.319292,3,4
"1VFB_AB_C|DB54A,TC118A",1.2546439,0.5426701,3,4
1VFB_AB_C|DB58A,-0.20700333,0.30169162,3,4
1VFB_AB_C|DB58E,0.078081094,0.033307545,3,4
1VFB_AB_C|DB58N,-0.12818155,0.1724871,3,4
1VFB_AB_C|DC119A,0.9530879,0.43103838,3,4
1VFB_AB_C|DC18A,0.34013057,0.2418385,3,4
1VFB_AB_C|EB98A,1.1565572,0.36568666,3,4
1VFB_AB_C|GB31A,0.30646533,0.29552883,3,4
1VFB_AB_C|GB31E,-0.5097613,0.10159531,3,4
1VFB_AB_C|GB31W,0.0039611305,0.11420075,3,4
1VFB_AB_C|HA30A,0.84488255,0.10170308,3,4
1VFB_AB_C|IC124A,1.2314179,0.55092484,3,4
1VFB_AB_C|KC116A,0.7134504,0.3362146,3,4
1VFB_AB_C|LC129A,0.17154472,0.32721075,3,4
1VFB_AB_C|NA31W,0.17432266,-0.027238907,3,4
1VFB_AB_C|NB56A,0.17771798,0.26149967,3,4
1VFB_AB_C|NC19A,0.3960868,0.30421147,3,4
1VFB_AB_C|QC121A,2.876998,0.10403349,3,4
1VFB_AB_C|RB99A,-0.099735305,0.3336119,3,4
1VFB_AB_C|RB99W,0.7049742,-0.114111684,3,4
1VFB_AB_C|RB99Y,1.235379,-0.17689656,3,4
1VFB_AB_C|RC125A,1.8368999,0.22148415,3,4
1VFB_AB_C|SA93A,0.34312394,0.2156163,3,4
1VFB_AB_C|SB28D,0.0,0.2475813,3,4
1VFB_AB_C|SB28E,-0.104007296,0.1299392,3,4
1VFB_AB_C|SB28N,0.14394745,0.19784494,3,4
1VFB_AB_C|SB28Q,0.078081094,0.18325187,3,4
1VFB_AB_C|SC24A,0.850965,0.5449892,3,4
1VFB_AB_C|TA52F,0.4708752,-0.18470168,3,4
1VFB_AB_C|TA53R,1.6458516,-0.22062066,3,4
1VFB_AB_C|TB30A,-0.05584954,0.24968205,3,4
1VFB_AB_C|TC118A,0.7650957,0.25485498,3,4
1VFB_AB_C|VC120A,0.9169499,0.33756247,3,4
1VFB_AB_C|WA92A,3.037848,0.22649258,3,4
"1VFB_AB_C|WA92A,IC124A",3.8503337,0.89552,3,4
"1VFB_AB_C|WA92A,LC129A",3.3073628,0.5612938,3,4
"1VFB_AB_C|WA92A,QC121A",3.5189366,0.31550565,3,4
"1VFB_AB_C|WA92A,RC125A",3.3932896,0.49564663,3,4
1VFB_AB_C|WB52A,0.6406274,0.13632476,3,4
"1VFB_AB_C|WB52A,DC119A",2.2473724,0.45677465,3,4
1VFB_AB_C|YA32A,1.5281335,0.53671896,3,4
"1VFB_AB_C|YA32A,IC124A",2.9057157,1.0374665,3,4
"1VFB_AB_C|YA32A,QC121A",1.586041,0.60880834,3,4
1VFB_AB_C|YA49A,0.79754156,0.4197572,3,4
1VFB_AB_C|YA50A,0.456086,0.19671494,3,4
"1VFB_AB_C|YA50A,DC119A",1.2314179,0.48225492,3,4
"1VFB_AB_C|YA50A,DC18A",1.265924,0.37972295,3,4
1VFB_AB_C|YA50K,1.7156012,0.061688207,3,4
1VFB_AB_C|YA50R,0.8443241,0.08392926,3,4
1VFB_AB_C|YB101F,1.2695644,0.098059185,3,4
"1VFB_AB_C|YB101F,DC119A",2.736521,0.4993946,3,4
"1VFB_AB_C|YB101F,VC120A",2.5384777,0.42904538,3,4
1VFB_AB_C|YB32A,0.7916793,0.25132772,3,4
"1VFB_AB_C|YB32A,KC116A",1.586041,0.6147704,3,4
1VFB_AB_C|YB32E,1.9021881,0.021828972,3,4
1VFB_AB_C|YC23A,0.41047263,-0.055497058,3,4
1XGP_AB_C|AB33F,-4.0,-0.29485354,3,4
1XGP_AB_C|AB33I,-2.260207,-0.29551598,3,4
1XGP_AB_C|AB33L,-2.1988916,-0.1891446,3,4
1XGP_AB_C|AB33V,-1.1525793,-0.120454185,3,4
2JEL_LH_P|AP82S,0.0,-0.2062979,3,4
2JEL_LH_P|DP69E,0.9530879,0.34315097,3,4
2JEL_LH_P|EP5D,0.41047263,0.04838506,3,4
2JEL_LH_P|EP5Q,0.7129768,0.021527436,3,4
2JEL_LH_P|EP68A,0.41047263,0.40523052,3,4
2JEL_LH_P|EP75R,2.727121,-0.16673112,3,4
2JEL_LH_P|EP83A,0.0,0.44815865,3,4
2JEL_LH_P|EP85A,0.0,0.543211,3,4
2JEL_LH_P|EP85D,0.0,0.21739818,3,4
2JEL_LH_P|EP85K,0.0,0.10251569,3,4
2JEL_LH_P|EP85Q,0.0,0.18237059,3,4
2JEL_LH_P|FP2W,2.6191528,0.24203733,3,4
2JEL_LH_P|FP2Y,0.0,0.15610786,3,4
2JEL_LH_P|HP76A,-0.41047263,0.28617582,3,4
2JEL_LH_P|HP76D,-0.65058374,0.0010442883,3,4
2JEL_LH_P|KP24E,0.0,-0.094412126,3,4
2JEL_LH_P|KP27E,0.0,0.060986772,3,4
2JEL_LH_P|KP72E,0.41047263,0.10121342,3,4
2JEL_LH_P|KP72R,0.0,0.12685916,3,4
2JEL_LH_P|KP79E,0.41047263,-0.025508879,3,4
2JEL_LH_P|NP12D,0.0,0.050507016,3,4
2JEL_LH_P|NP38T,0.0,0.11834522,3,4
2JEL_LH_P|PP11E,0.0,0.2608907,3,4
2JEL_LH_P|QP3K,4.0,-0.07990162,3,4
2JEL_LH_P|QP4K,1.3635606,-0.1561025,3,4
2JEL_LH_P|QP57E,-0.41047263,-0.04573109,3,4
2JEL_LH_P|QP71E,2.727121,0.09077406,3,4
2JEL_LH_P|RP17G,0.0,0.12784377,3,4
2JEL_LH_P|RP17K,0.0,-0.12742457,3,4
2JEL_LH_P|SP41C,1.4957032,0.023693914,3,4
2JEL_LH_P|SP43C,0.0,0.030651819,3,4
2JEL_LH_P|SP46C,0.0,0.06949363,3,4
2JEL_LH_P|SP64T,4.0,-0.052150965,3,4
2JEL_LH_P|TP34Q,0.0,0.027551834,3,4
2JEL_LH_P|TP36Q,0.41047263,-0.24132325,3,4
2JEL_LH_P|TP62A,0.0,0.32708952,3,4
2JEL_LH_P|TP62N,0.0,0.010399986,3,4
2JEL_LH_P|TP7N,0.41047263,0.12905051,3,4
2JEL_LH_P|TP7S,0.0,0.099591136,3,4
2JEL_LH_P|VP6F,0.0,-0.015724232,3,4
"2NY7_HL_G|CG27I,CG226Q",0.19971907,-0.21522033,3,4
"2NY7_HL_G|CG27I,CG226Q,MG231A",0.20319231,-0.15163419,3,4
"2NY7_HL_G|GG229C,MG231A",-0.37879732,0.20056733,3,4
"2NY7_HL_G|GG229C,WG13M,MG231A,CG14W,CG110V,CG27I,CG226Q",0.21462485,-0.43098524,3,4
"2NY7_HL_G|KG66C,EG102C,CG27I,CG226Q",0.04085667,-0.3115788,3,4
"2NY7_HL_G|KG66C,EG102C,WG13M,MG231A,CG14W,CG110V,CG27I,CG226Q",0.3998023,-0.37757874,3,4
"2NY7_HL_G|KG66C,EG103C,WG13M,MG231A,CG14W,CG110V,CG27I,CG226Q",0.29989544,-0.38560688,3,4
"2NY7_HL_G|WG13M,MG231A,CG14W,CG110V",1.1574335,-0.053168133,3,4
"2NY7_HL_G|WG13M,MG231A,CG14W,CG110V,CG27I,CG226Q",0.44904727,-0.518246,3,4
"2NY7_HL_G|WG13M,MG231A,CG14W,CG110V,KG66C,EG102C",0.55101526,0.30262378,3,4
"2NY7_HL_G|WG13M,SG92T,WG181S,MG231A,CG14W,CG110V,CG27I,CG226Q",-0.3035898,-0.57736224,3,4
3BN9_B_CD|DB214A,0.5662115,0.014772926,3,4
3BN9_B_CD|DB46A,0.42238826,0.48640797,3,4
3BN9_B_CD|DB47A,0.31110755,0.5049293,3,4
3BN9_B_CD|EB163A,0.37321588,0.13758716,3,4
3BN9_B_CD|FB50A,-0.044997852,0.55151963,3,4
3BN9_B_CD|FB89A,0.6392419,0.31942454,3,4
3BN9_B_CD|HB138A,0.085063316,0.44016045,3,4
3BN9_B_CD|IB26A,0.0,0.34116742,3,4
3BN9_B_CD|IB45A,0.8352155,0.46362028,3,4
3BN9_B_CD|KB221A,0.7849689,0.47026777,3,4
3BN9_B_CD|LB147A,0.33619216,0.33421504,3,4
3BN9_B_CD|NB90A,0.7733444,0.46311533,3,4
3BN9_B_CD|PD104H,2.4272547,0.17088912,3,4
3BN9_B_CD|QB140A,0.1331048,0.22182396,3,4
3BN9_B_CD|QB168A,-0.03469869,0.3569859,3,4
3BN9_B_CD|QB169A,2.5089848,0.64268947,3,4
3BN9_B_CD|QB218A,0.70571065,0.2456208,3,4
3BN9_B_CD|QB23A,-0.41530684,0.40986067,3,4
3BN9_B_CD|QD105V,1.2241027,0.28961998,3,4
3BN9_B_CD|RB219A,-0.093698174,0.26897854,3,4
3BN9_B_CD|RB48A,-0.044997852,0.28531763,3,4
3BN9_B_CD|RB51A,-0.07155777,0.57563347,3,4
3BN9_B_CD|RB82A,-0.15923285,0.25863838,3,4
3BN9_B_CD|SD30G,1.1861069,0.12117509,3,4
3BN9_B_CD|SD30N,1.145505,0.14464411,3,4
3BN9_B_CD|TB144A,0.2908351,0.13064857,3,4
3BN9_B_CD|TB93A,1.1320528,0.55838346,3,4
3BN9_B_CD|TD102Q,-0.02153644,0.005667189,3,4
3BN9_B_CD|TD102R,-0.058294915,0.09104478,3,4
3BN9_B_CD|TD28R,0.33290586,-0.0150860045,3,4
3BN9_B_CD|YB141A,1.0846525,0.25199378,3,4
3BN9_B_CD|YB52A,0.018951595,0.2613622,3,4
3BN9_B_CD|YD103S,0.45868576,0.0054332446,3,4
4GXU_ABCDEF_MN|DA189E,2.1650882,0.053172,3,4
"4GXU_ABCDEF_MN|DA189E,DA224G",3.0102077,0.17425393,3,4
4GXU_ABCDEF_MN|DA224G,1.9608781,0.13830675,3,4
"1JRH_LH_I|AI49S,II51T,HI55D",0.070675574,-1.4622104,4,0
"1JRH_LH_I|AI85D,KI88R,EI90K",-0.047747865,-0.36193305,4,0
"1JRH_LH_I|AI93L,VI94M",0.63366294,-0.87910205,4,0
1JRH_LH_I|DH56A,1.8860998,2.773682,4,0
1JRH_LH_I|DH57A,1.6660647,0.9234632,4,0
1JRH_LH_I|DH58A,1.8546488,0.43315914,4,0
1JRH_LH_I|DL28A,0.43464687,1.167076,4,0
1JRH_LH_I|EI35Q,0.09956847,-0.15122971,4,0
1JRH_LH_I|EI45A,-0.5657849,-0.18043089,4,0
1JRH_LH_I|EI45P,-3.7881775,0.040180165,4,0
"1JRH_LH_I|EI45P,II47L",-3.4567804,0.95827585,4,0
"1JRH_LH_I|EI45P,II47R",-3.4400978,0.42845637,4,0
1JRH_LH_I|EL27A,0.5426153,2.0367827,4,0
1JRH_LH_I|FH103A,0.0,0.002267927,4,0
1JRH_LH_I|GI40A,4.0,1.1185887,4,0
1JRH_LH_I|HH107A,1.6977708,-0.8429646,4,0
"1JRH_LH_I|II25N,PI27S,VI29T,VI31I",0.14370596,-2.1064408,4,0
1JRH_LH_I|KI37A,3.713863,1.032148,4,0
1JRH_LH_I|KI37M,3.2923293,0.7789732,4,0
1JRH_LH_I|KI42A,3.3858175,1.2311502,4,0
1JRH_LH_I|KI42M,4.0,-0.36926895,4,0
1JRH_LH_I|KI88A,0.31209365,0.05435898,4,0
"1JRH_LH_I|MI15L,II18V",-0.21360606,2.1121264,4,0
1JRH_LH_I|NI38A,0.1704579,0.32007444,4,0
1JRH_LH_I|NI38Q,0.5344714,0.36474168,4,0
1JRH_LH_I|NI43A,4.0,-0.18931913,4,0
1JRH_LH_I|NI69A,-0.19953421,0.17791037,4,0
1JRH_LH_I|RH100A,0.5426153,1.7158551,4,0
1JRH_LH_I|RI74A,0.3926171,0.3767378,4,0
1JRH_LH_I|SI44A,0.37771076,0.98620754,4,0
"1JRH_LH_I|SI44G,EI45G,II47R",-3.3777049,1.8468684,4,0
"1JRH_LH_I|SI44G,EI45P,II47K",-3.884419,1.3247133,4,0
"1JRH_LH_I|SI61Y,DI62E,HI63Q,VI64I,GI65M,DI66Y,SI68D,NI69V,LI71A",2.9588323,2.3016317,4,0
1JRH_LH_I|SL93A,-0.65058374,-0.12646,4,0
1JRH_LH_I|TI4V,-0.025565991,2.503558,4,0
"1JRH_LH_I|TI9L,EI11K",-0.025565991,0.099052936,4,0
1JRH_LH_I|TL94A,0.38526937,0.12859528,4,0
1JRH_LH_I|VI41A,1.6791569,0.39715597,4,0
"1JRH_LH_I|VI73A,RI78K",-0.21360606,-0.551637,4,0
1JRH_LH_I|WH54A,2.6862645,3.6419017,4,0
1JRH_LH_I|WH55A,2.4213178,0.8581831,4,0
1JRH_LH_I|WI46F,-0.25261214,0.25632295,4,0
1JRH_LH_I|WI46Y,0.29852974,0.40954548,4,0
1JRH_LH_I|WI72A,4.0,0.5358128,4,0
1JRH_LH_I|WI72F,1.102707,0.27655873,4,0
1JRH_LH_I|WI72Y,1.1878273,0.41940722,4,0
1JRH_LH_I|WL92A,2.818407,-0.4877221,4,0
1JRH_LH_I|WL95A,1.6660647,-0.07588109,4,0
1JRH_LH_I|YH104A,1.0610564,0.5775675,4,0
1JRH_LH_I|YH32A,1.4333102,0.657138,4,0
1JRH_LH_I|YH60A,1.2555921,1.383341,4,0
1JRH_LH_I|YI39A,3.5271235,-0.27652866,4,0
1JRH_LH_I|YI39F,0.9087807,-0.17768997,4,0
1JRH_LH_I|YL30A,1.1084566,1.1966151,4,0
1JRH_LH_I|YL91A,0.58083415,2.4047048,4,0
1KIQ_AB_C|FB101Y,-2.4949589,-1.386706,4,0
1XGR_AB_C|IB33A,2.260207,1.8759019,4,0
1XGR_AB_C|IB33F,-1.8004549,-1.6374136,4,0
1XGR_AB_C|IB33L,0.061315425,0.18732125,4,0
1XGR_AB_C|IB33V,1.1076277,0.5881159,4,0
2BDN_HL_A|DH31E,1.0852306,-0.082748294,4,0
2BDN_HL_A|LH27K,0.8740124,0.082482584,4,0
2BDN_HL_A|LH27R,0.65058374,-0.2701708,4,0
2BDN_HL_A|NH28D,0.13214268,-0.42297688,4,0
2BDN_HL_A|NH28Q,1.3994616,0.07850399,4,0
2BDN_HL_A|NL31K,3.4897714,0.75204563,4,0
2BDN_HL_A|NL31R,-0.9171868,0.53128576,4,0
2BDN_HL_A|SL53D,-0.1605731,-0.5847496,4,0
2BDN_HL_A|SL53E,-0.85132045,-0.7757932,4,0
2BDN_HL_A|TL56D,-0.4254655,0.27407646,4,0
2BDN_HL_A|TL56E,-0.6888026,0.3678249,4,0
2BDN_HL_A|YL30K,0.67475796,0.4582546,4,0
2NYY_DC_A|DA1030A,0.009336901,0.93061244,4,0
2NYY_DC_A|DA1034A,2.5297937,1.5516437,4,0
2NYY_DC_A|DC30Y,0.64113563,-0.060548164,4,0
2NYY_DC_A|EA892A,2.839132,0.5506616,4,0
2NYY_DC_A|ED5Q,-0.2479871,-0.08585978,4,0
2NYY_DC_A|FA889A,0.4193659,0.69838864,4,0
2NYY_DC_A|FA925A,4.0,1.2659003,4,0
2NYY_DC_A|HA1036A,4.0,0.43973514,4,0
2NYY_DC_A|HC34R,0.10088469,-0.264604,4,0
2NYY_DC_A|IA928A,-0.009487502,1.2033572,4,0
2NYY_DC_A|KA1028A,-0.028934313,0.99412936,4,0
2NYY_DC_A|KA875A,0.29098648,-0.9281322,4,0
2NYY_DC_A|KA895A,-0.14014584,-0.94897884,4,0
2NYY_DC_A|KD29R,0.071385965,-0.2564258,4,0
"2NYY_DC_A|KD29S,YD30D,DD31H,SD60P",0.04961051,0.112855546,4,0
2NYY_DC_A|LA891A,2.5892105,-0.26469266,4,0
2NYY_DC_A|MD33Q,-0.059869844,0.13014865,4,0
2NYY_DC_A|NA890A,0.89044046,0.59660023,4,0
2NYY_DC_A|NA926A,0.09934822,0.6542079,4,0
2NYY_DC_A|QA887A,0.5208145,-0.44995266,4,0
2NYY_DC_A|RA1033A,0.82012254,1.4352008,4,0
2NYY_DC_A|RA1266A,0.2995321,1.4610573,4,0
2NYY_DC_A|SA874A,-0.23032175,0.46703932,4,0
2NYY_DC_A|SA927A,0.0,1.2655468,4,0
2NYY_DC_A|SC28Q,0.4133828,-0.18634714,4,0
2NYY_DC_A|SC31N,-0.35338265,-0.11109499,4,0
2NYY_DC_A|TA1035A,1.630871,-0.14960766,4,0
2NYY_DC_A|VD36I,-0.21317148,0.22660892,4,0
"2NYY_DC_A|VD36I,ED5Q",-0.0490461,-0.11944259,4,0
2NYY_DC_A|YD30D,0.06462482,0.99660903,4,0
2NYY_DC_A|YD30Q,0.12897444,0.9213656,4,0
2NYY_DC_A|YD56Q,0.5196862,0.36487663,4,0
2NZ9_DC_A|DA1030A,-0.031082604,1.0963886,4,0
2NZ9_DC_A|DA1034A,2.3396032,1.5418786,4,0
2NZ9_DC_A|EA892A,2.77036,0.51488924,4,0
2NZ9_DC_A|FA889A,-0.04961051,0.7808119,4,0
2NZ9_DC_A|FA925A,3.340439,1.5512712,4,0
2NZ9_DC_A|HA1036A,4.0,0.40894812,4,0
2NZ9_DC_A|IA928A,0.069281444,1.3003492,4,0
2NZ9_DC_A|KA1028A,-0.008714417,0.7697177,4,0
2NZ9_DC_A|KA875A,0.5407011,0.023653058,4,0
2NZ9_DC_A|KA895A,-0.29975358,-0.44565934,4,0
2NZ9_DC_A|LA891A,2.279965,-0.1870475,4,0
2NZ9_DC_A|NA890A,2.1600318,0.39357448,4,0
2NZ9_DC_A|NA926A,-0.15216734,0.89158696,4,0
2NZ9_DC_A|QA887A,0.09926054,-0.6739683,4,0
2NZ9_DC_A|RA1033A,0.29088098,1.2906811,4,0
2NZ9_DC_A|RA1266A,0.39015788,1.3795462,4,0
2NZ9_DC_A|SA874A,-0.11948046,0.6438341,4,0
2NZ9_DC_A|SA927A,-0.078544825,1.0930771,4,0
"2NZ9_DC_A|SD29K,DD30Y,HD31D",-0.04961051,-0.15400173,4,0
2NZ9_DC_A|TA1035A,2.3703818,-0.058692098,4,0
2VIS_AB_C|IC89T,-4.0,-3.371002,4,0
"3BE1_HL_A|DL28N,PL30A,RL31K,SL32T,TL97S,TL98S",-0.6860794,-1.1503075,4,0
"3BE1_HL_A|DL28N,PL30A,RL31K,SL32T,TL97S,TL98S,KH30S,DH31G,TH54S,NH55E,GH100V,DH102V",-2.7728782,-3.2683234,4,0
"3BE1_HL_A|DL28N,PL30A,RL31K,SL32T,TL97S,TL98S,KH30S,DH31G,TH54S,NH55E,GH100V,DH102V,YL36A",-3.190238,-1.1460319,4,0
"3BE1_HL_A|DL28N,PL30A,RL31K,SL32T,TL97S,TL98S,KH30S,DH31G,TH54S,NH55E,GH100V,DH102V,YL36A,IL33A",-2.7728782,-1.0772698,4,0
"3BE1_HL_A|DL28N,PL30A,RL31K,SL32T,YL57F,TL97S,TL98S",-0.8683455,-0.8345609,4,0
"3BE1_HL_A|DL28N,PL30A,RL31K,SL32T,YL57F,TL97S,TL98S,KH30S,DH31G,TH54S,NH55E,GH100V,DH102V",-2.8824897,-2.7314508,4,0
3LZF_AB_HL|DA187E,0.49836498,-0.009429915,4,0
"3LZF_AB_HL|DA187E,DA222G",0.12738612,0.15781811,4,0
3LZF_AB_HL|DA222G,0.5378587,-0.055909246,4,0
3NGB_HL_G|AH57G,-0.056030333,-1.3234369,4,0
"3NGB_HL_G|AH57G,VH58T,PH63K,VH74T",1.6734211,-1.5392262,4,0
"3NGB_HL_G|CH32S,CH102A",0.25899792,0.4199755,4,0
3NGB_HL_G|DH103A,0.05987142,-0.1501542,4,0
3NGB_HL_G|EL88A,1.3199503,0.9875421,4,0
3NGB_HL_G|FL89A,0.85886127,0.21357319,4,0
3NGB_HL_G|GH55A,-1.2766591,0.42043898,4,0
3NGB_HL_G|GH55S,0.74304354,0.77503383,4,0
3NGB_HL_G|GH56A,1.2656107,0.9714554,4,0
3NGB_HL_G|IH30A,-0.0027431613,0.55659866,4,0
3NGB_HL_G|IH30T,0.0733938,0.13007033,4,0
"3NGB_HL_G|IH30T,KH52N,RH54N,GH55S,AH57G,VH58T,RH62Q,PH63K,VH74T,YH75S,YL26S",0.86214453,-1.3086894,4,0
3NGB_HL_G|KH52A,0.62288266,1.6937227,4,0
3NGB_HL_G|KH52N,0.17497002,-0.58594525,4,0
3NGB_HL_G|MH70A,0.5305512,-0.11974903,4,0
3NGB_HL_G|NH105A,1.1185741,-0.10291111,4,0
3NGB_HL_G|NH59A,1.7671243,1.1007941,4,0
3NGB_HL_G|PH63A,-0.04252045,0.3629833,4,0
3NGB_HL_G|PH63K,0.23252328,-0.011045476,4,0
3NGB_HL_G|QH65A,-0.34038836,0.67767954,4,0
3NGB_HL_G|QL25A,-0.23060839,0.8021947,4,0
3NGB_HL_G|RH54A,-0.25938424,1.4231049,4,0
3NGB_HL_G|RH54N,0.04645046,0.45976558,4,0
3NGB_HL_G|RH62A,0.9958448,1.1193664,4,0
3NGB_HL_G|RH62Q,0.09654992,0.2286701,4,0
3NGB_HL_G|RH72A,1.6432176,2.279138,4,0
3NGB_HL_G|SL28A,-0.14471176,0.6015977,4,0
3NGB_HL_G|TH33A,0.7071634,1.5887661,4,0
3NGB_HL_G|TH33Y,0.084193856,-1.031466,4,0
"3NGB_HL_G|TH33Y,GH56S,AH57G,VH58T,PH63K,VH74T,YH75S",1.9381938,-1.5302361,4,0
3NGB_HL_G|VH58A,1.3584284,1.5067974,4,0
3NGB_HL_G|VH58T,0.13787223,-0.093526274,4,0
3NGB_HL_G|VH74A,1.087914,-0.21647593,4,0
3NGB_HL_G|VH74T,0.16493925,0.0980389,4,0
3NGB_HL_G|VL1A,-0.7733632,-0.183493,4,0
3NGB_HL_G|WH106A,4.0,0.0929236,4,0
3NGB_HL_G|WH47A,1.2021707,0.9021121,4,0
3NGB_HL_G|WH50A,1.2917941,1.6890572,4,0
3NGB_HL_G|YH104A,1.4235861,-0.0023386497,4,0
3NGB_HL_G|YH60A,0.5484263,0.5887929,4,0
3NGB_HL_G|YH75A,-0.19932224,0.36320335,4,0
3NGB_HL_G|YH75S,0.3325709,0.44668454,4,0
3NGB_HL_G|YL26A,0.98528093,0.7570157,4,0
3NGB_HL_G|YL26S,0.6512687,1.0612857,4,0
3NGB_HL_G|YL87A,2.0227883,0.66287845,4,0
4JPK_HL_A|DA141R,3.857323,0.4115856,4,0
"4JPK_HL_A|DA159N,DA33N",0.6189681,2.5254805,4,0
4JPK_HL_A|FA144I,1.3875175,0.9481703,4,0
4JPK_HL_A|FA63L,1.1672868,1.1896663,4,0
4JPK_HL_A|RA130K,0.23006605,-0.47448516,4,0
4JPK_HL_A|RA81T,0.75870305,-0.019439356,4,0
4JPK_HL_A|SA41G,2.151695,1.0566291,4,0
4JPK_HL_A|TA35S,-0.032093357,-1.2245537,4,0
4JPK_HL_A|VA30N,0.59459484,-0.05595032,4,0
"1JRH_LH_I|AI49S,II51T,HI55D",0.070675574,0.2427191,4,1
"1JRH_LH_I|AI85D,KI88R,EI90K",-0.047747865,-0.5786757,4,1
"1JRH_LH_I|AI93L,VI94M",0.63366294,-0.2677667,4,1
1JRH_LH_I|DH56A,1.8860998,3.2161167,4,1
1JRH_LH_I|DH57A,1.6660647,1.7884235,4,1
1JRH_LH_I|DH58A,1.8546488,0.9637292,4,1
1JRH_LH_I|DL28A,0.43464687,1.2712423,4,1
1JRH_LH_I|EI35Q,0.09956847,0.6588058,4,1
1JRH_LH_I|EI45A,-0.5657849,0.70523024,4,1
1JRH_LH_I|EI45P,-3.7881775,0.28879902,4,1
"1JRH_LH_I|EI45P,II47L",-3.4567804,0.49666068,4,1
"1JRH_LH_I|EI45P,II47R",-3.4400978,0.33282232,4,1
1JRH_LH_I|EL27A,0.5426153,1.4569355,4,1
1JRH_LH_I|FH103A,0.0,0.39750513,4,1
1JRH_LH_I|GI40A,4.0,1.1376942,4,1
1JRH_LH_I|HH107A,1.6977708,-0.13441849,4,1
"1JRH_LH_I|II25N,PI27S,VI29T,VI31I",0.14370596,-0.58953714,4,1
1JRH_LH_I|KI37A,3.713863,0.84096456,4,1
1JRH_LH_I|KI37M,3.2923293,0.895316,4,1
1JRH_LH_I|KI42A,3.3858175,0.63057005,4,1
1JRH_LH_I|KI42M,4.0,0.3687764,4,1
1JRH_LH_I|KI88A,0.31209365,0.19808666,4,1
"1JRH_LH_I|MI15L,II18V",-0.21360606,1.2700917,4,1
1JRH_LH_I|NI38A,0.1704579,-0.50178397,4,1
1JRH_LH_I|NI38Q,0.5344714,-0.8476467,4,1
1JRH_LH_I|NI43A,4.0,0.291286,4,1
1JRH_LH_I|NI69A,-0.19953421,-0.44597444,4,1
1JRH_LH_I|RH100A,0.5426153,1.8384755,4,1
1JRH_LH_I|RI74A,0.3926171,1.4083043,4,1
1JRH_LH_I|SI44A,0.37771076,0.8947515,4,1
"1JRH_LH_I|SI44G,EI45G,II47R",-3.3777049,0.31143403,4,1
"1JRH_LH_I|SI44G,EI45P,II47K",-3.884419,0.5356232,4,1
"1JRH_LH_I|SI61Y,DI62E,HI63Q,VI64I,GI65M,DI66Y,SI68D,NI69V,LI71A",2.9588323,-0.3022711,4,1
1JRH_LH_I|SL93A,-0.65058374,-0.10372327,4,1
1JRH_LH_I|TI4V,-0.025565991,-0.7620035,4,1
"1JRH_LH_I|TI9L,EI11K",-0.025565991,0.16187148,4,1
1JRH_LH_I|TL94A,0.38526937,0.03202509,4,1
1JRH_LH_I|VI41A,1.6791569,0.045139585,4,1
"1JRH_LH_I|VI73A,RI78K",-0.21360606,0.04832014,4,1
1JRH_LH_I|WH54A,2.6862645,3.3798351,4,1
1JRH_LH_I|WH55A,2.4213178,1.6040814,4,1
1JRH_LH_I|WI46F,-0.25261214,0.03513787,4,1
1JRH_LH_I|WI46Y,0.29852974,0.09317163,4,1
1JRH_LH_I|WI72A,4.0,1.8701142,4,1
1JRH_LH_I|WI72F,1.102707,0.10867491,4,1
1JRH_LH_I|WI72Y,1.1878273,-0.65227574,4,1
1JRH_LH_I|WL92A,2.818407,0.5664176,4,1
1JRH_LH_I|WL95A,1.6660647,0.18269278,4,1
1JRH_LH_I|YH104A,1.0610564,0.77686167,4,1
1JRH_LH_I|YH32A,1.4333102,0.9332218,4,1
1JRH_LH_I|YH60A,1.2555921,2.3991787,4,1
1JRH_LH_I|YI39A,3.5271235,1.0564396,4,1
1JRH_LH_I|YI39F,0.9087807,0.09727447,4,1
1JRH_LH_I|YL30A,1.1084566,2.4488902,4,1
1JRH_LH_I|YL91A,0.58083415,2.751505,4,1
1KIQ_AB_C|FB101Y,-2.4949589,-1.6727307,4,1
1XGR_AB_C|IB33A,2.260207,2.7893136,4,1
1XGR_AB_C|IB33F,-1.8004549,-1.2697275,4,1
1XGR_AB_C|IB33L,0.061315425,0.74162567,4,1
1XGR_AB_C|IB33V,1.1076277,1.7184058,4,1
2BDN_HL_A|DH31E,1.0852306,0.21132307,4,1
2BDN_HL_A|LH27K,0.8740124,-0.0839605,4,1
2BDN_HL_A|LH27R,0.65058374,-0.08346133,4,1
2BDN_HL_A|NH28D,0.13214268,-0.2659334,4,1
2BDN_HL_A|NH28Q,1.3994616,0.37107024,4,1
2BDN_HL_A|NL31K,3.4897714,1.0824887,4,1
2BDN_HL_A|NL31R,-0.9171868,0.8532694,4,1
2BDN_HL_A|SL53D,-0.1605731,-0.4976953,4,1
2BDN_HL_A|SL53E,-0.85132045,-0.2767112,4,1
2BDN_HL_A|TL56D,-0.4254655,-0.37278748,4,1
2BDN_HL_A|TL56E,-0.6888026,-0.24818037,4,1
2BDN_HL_A|YL30K,0.67475796,1.4181383,4,1
2NYY_DC_A|DA1030A,0.009336901,0.4686472,4,1
2NYY_DC_A|DA1034A,2.5297937,1.2972564,4,1
2NYY_DC_A|DC30Y,0.64113563,-0.18064812,4,1
2NYY_DC_A|EA892A,2.839132,1.5872855,4,1
2NYY_DC_A|ED5Q,-0.2479871,0.21388999,4,1
2NYY_DC_A|FA889A,0.4193659,1.2230446,4,1
2NYY_DC_A|FA925A,4.0,0.75683975,4,1
2NYY_DC_A|HA1036A,4.0,2.3467438,4,1
2NYY_DC_A|HC34R,0.10088469,0.05630467,4,1
2NYY_DC_A|IA928A,-0.009487502,1.5266287,4,1
2NYY_DC_A|KA1028A,-0.028934313,0.9581463,4,1
2NYY_DC_A|KA875A,0.29098648,0.8551152,4,1
2NYY_DC_A|KA895A,-0.14014584,1.0997473,4,1
2NYY_DC_A|KD29R,0.071385965,-0.73207784,4,1
"2NYY_DC_A|KD29S,YD30D,DD31H,SD60P",0.04961051,1.0166329,4,1
2NYY_DC_A|LA891A,2.5892105,0.4263336,4,1
2NYY_DC_A|MD33Q,-0.059869844,0.031421818,4,1
2NYY_DC_A|NA890A,0.89044046,0.6013705,4,1
2NYY_DC_A|NA926A,0.09934822,0.13541518,4,1
2NYY_DC_A|QA887A,0.5208145,0.5333267,4,1
2NYY_DC_A|RA1033A,0.82012254,0.586257,4,1
2NYY_DC_A|RA1266A,0.2995321,0.5717199,4,1
2NYY_DC_A|SA874A,-0.23032175,0.8523968,4,1
2NYY_DC_A|SA927A,0.0,1.2687954,4,1
2NYY_DC_A|SC28Q,0.4133828,0.47461376,4,1
2NYY_DC_A|SC31N,-0.35338265,-0.39428338,4,1
2NYY_DC_A|TA1035A,1.630871,0.19296183,4,1
2NYY_DC_A|VD36I,-0.21317148,0.05794969,4,1
"2NYY_DC_A|VD36I,ED5Q",-0.0490461,-0.030326795,4,1
2NYY_DC_A|YD30D,0.06462482,1.0742277,4,1
2NYY_DC_A|YD30Q,0.12897444,1.3958178,4,1
2NYY_DC_A|YD56Q,0.5196862,0.8952078,4,1
2NZ9_DC_A|DA1030A,-0.031082604,0.5641379,4,1
2NZ9_DC_A|DA1034A,2.3396032,1.132295,4,1
2NZ9_DC_A|EA892A,2.77036,1.5619296,4,1
2NZ9_DC_A|FA889A,-0.04961051,1.1330642,4,1
2NZ9_DC_A|FA925A,3.340439,0.5312984,4,1
2NZ9_DC_A|HA1036A,4.0,2.0870376,4,1
2NZ9_DC_A|IA928A,0.069281444,1.3857435,4,1
2NZ9_DC_A|KA1028A,-0.008714417,0.81442845,4,1
2NZ9_DC_A|KA875A,0.5407011,1.1165017,4,1
2NZ9_DC_A|KA895A,-0.29975358,1.1606649,4,1
2NZ9_DC_A|LA891A,2.279965,0.47484127,4,1
2NZ9_DC_A|NA890A,2.1600318,0.4709917,4,1
2NZ9_DC_A|NA926A,-0.15216734,0.2788457,4,1
2NZ9_DC_A|QA887A,0.09926054,0.36037385,4,1
2NZ9_DC_A|RA1033A,0.29088098,0.53120416,4,1
2NZ9_DC_A|RA1266A,0.39015788,0.5378779,4,1
2NZ9_DC_A|SA874A,-0.11948046,0.80572784,4,1
2NZ9_DC_A|SA927A,-0.078544825,1.3743346,4,1
"2NZ9_DC_A|SD29K,DD30Y,HD31D",-0.04961051,-0.5839106,4,1
2NZ9_DC_A|TA1035A,2.3703818,0.20308097,4,1
2VIS_AB_C|IC89T,-4.0,0.04338599,4,1
"3BE1_HL_A|DL28N,PL30A,RL31K,SL32T,TL97S,TL98S",-0.6860794,-0.86867726,4,1
"3BE1_HL_A|DL28N,PL30A,RL31K,SL32T,TL97S,TL98S,KH30S,DH31G,TH54S,NH55E,GH100V,DH102V",-2.7728782,-1.7083803,4,1
"3BE1_HL_A|DL28N,PL30A,RL31K,SL32T,TL97S,TL98S,KH30S,DH31G,TH54S,NH55E,GH100V,DH102V,YL36A",-3.190238,-0.044697527,4,1
"3BE1_HL_A|DL28N,PL30A,RL31K,SL32T,TL97S,TL98S,KH30S,DH31G,TH54S,NH55E,GH100V,DH102V,YL36A,IL33A",-2.7728782,0.5319816,4,1
"3BE1_HL_A|DL28N,PL30A,RL31K,SL32T,YL57F,TL97S,TL98S",-0.8683455,-0.7332933,4,1
"3BE1_HL_A|DL28N,PL30A,RL31K,SL32T,YL57F,TL97S,TL98S,KH30S,DH31G,TH54S,NH55E,GH100V,DH102V",-2.8824897,-1.6563661,4,1
3LZF_AB_HL|DA187E,0.49836498,0.69243735,4,1
"3LZF_AB_HL|DA187E,DA222G",0.12738612,1.5303551,4,1
3LZF_AB_HL|DA222G,0.5378587,0.46654758,4,1
3NGB_HL_G|AH57G,-0.056030333,-0.61792725,4,1
"3NGB_HL_G|AH57G,VH58T,PH63K,VH74T",1.6734211,-1.5080231,4,1
"3NGB_HL_G|CH32S,CH102A",0.25899792,0.27966407,4,1
3NGB_HL_G|DH103A,0.05987142,-0.3608346,4,1
3NGB_HL_G|EL88A,1.3199503,0.6654797,4,1
3NGB_HL_G|FL89A,0.85886127,0.61699784,4,1
3NGB_HL_G|GH55A,-1.2766591,0.61340797,4,1
3NGB_HL_G|GH55S,0.74304354,0.37666687,4,1
3NGB_HL_G|GH56A,1.2656107,1.0002371,4,1
3NGB_HL_G|IH30A,-0.0027431613,1.0623794,4,1
3NGB_HL_G|IH30T,0.0733938,-0.18116201,4,1
"3NGB_HL_G|IH30T,KH52N,RH54N,GH55S,AH57G,VH58T,RH62Q,PH63K,VH74T,YH75S,YL26S",0.86214453,-1.0615903,4,1
3NGB_HL_G|KH52A,0.62288266,0.9180642,4,1
3NGB_HL_G|KH52N,0.17497002,-0.3324098,4,1
3NGB_HL_G|MH70A,0.5305512,0.55127555,4,1
3NGB_HL_G|NH105A,1.1185741,0.19988093,4,1
3NGB_HL_G|NH59A,1.7671243,0.48168886,4,1
3NGB_HL_G|PH63A,-0.04252045,-0.6191323,4,1
3NGB_HL_G|PH63K,0.23252328,-0.29449618,4,1
3NGB_HL_G|QH65A,-0.34038836,0.5825974,4,1
3NGB_HL_G|QL25A,-0.23060839,0.4593297,4,1
3NGB_HL_G|RH54A,-0.25938424,0.060340326,4,1
3NGB_HL_G|RH54N,0.04645046,0.05743903,4,1
3NGB_HL_G|RH62A,0.9958448,0.4794694,4,1
3NGB_HL_G|RH62Q,0.09654992,0.008394845,4,1
3NGB_HL_G|RH72A,1.6432176,1.8895248,4,1
3NGB_HL_G|SL28A,-0.14471176,1.0609841,4,1
3NGB_HL_G|TH33A,0.7071634,0.94859403,4,1
3NGB_HL_G|TH33Y,0.084193856,-0.3824285,4,1
"3NGB_HL_G|TH33Y,GH56S,AH57G,VH58T,PH63K,VH74T,YH75S",1.9381938,-0.5943783,4,1
3NGB_HL_G|VH58A,1.3584284,1.2349125,4,1
3NGB_HL_G|VH58T,0.13787223,-0.27064645,4,1
3NGB_HL_G|VH74A,1.087914,0.73025686,4,1
3NGB_HL_G|VH74T,0.16493925,-0.02988996,4,1
3NGB_HL_G|VL1A,-0.7733632,-0.19962005,4,1
3NGB_HL_G|WH106A,4.0,0.580914,4,1
3NGB_HL_G|WH47A,1.2021707,1.434438,4,1
3NGB_HL_G|WH50A,1.2917941,1.9478613,4,1
3NGB_HL_G|YH104A,1.4235861,0.3165693,4,1
3NGB_HL_G|YH60A,0.5484263,1.3469977,4,1
3NGB_HL_G|YH75A,-0.19932224,-0.06256302,4,1
3NGB_HL_G|YH75S,0.3325709,0.15785834,4,1
3NGB_HL_G|YL26A,0.98528093,0.82490814,4,1
3NGB_HL_G|YL26S,0.6512687,0.92892236,4,1
3NGB_HL_G|YL87A,2.0227883,1.9001116,4,1
4JPK_HL_A|DA141R,3.857323,0.41193777,4,1
"4JPK_HL_A|DA159N,DA33N",0.6189681,1.8123416,4,1
4JPK_HL_A|FA144I,1.3875175,1.0605248,4,1
4JPK_HL_A|FA63L,1.1672868,1.7190704,4,1
4JPK_HL_A|RA130K,0.23006605,0.09580578,4,1
4JPK_HL_A|RA81T,0.75870305,0.0074397065,4,1
4JPK_HL_A|SA41G,2.151695,0.8491547,4,1
4JPK_HL_A|TA35S,-0.032093357,-1.8367754,4,1
4JPK_HL_A|VA30N,0.59459484,0.49281025,4,1
"1JRH_LH_I|AI49S,II51T,HI55D",0.070675574,-0.48425725,4,2
"1JRH_LH_I|AI85D,KI88R,EI90K",-0.047747865,-0.6929687,4,2
"1JRH_LH_I|AI93L,VI94M",0.63366294,-0.21481629,4,2
1JRH_LH_I|DH56A,1.8860998,0.77306896,4,2
1JRH_LH_I|DH57A,1.6660647,0.7437011,4,2
1JRH_LH_I|DH58A,1.8546488,0.9882514,4,2
1JRH_LH_I|DL28A,0.43464687,0.7067681,4,2
1JRH_LH_I|EI35Q,0.09956847,-0.016639356,4,2
1JRH_LH_I|EI45A,-0.5657849,0.081606254,4,2
1JRH_LH_I|EI45P,-3.7881775,-0.26017693,4,2
"1JRH_LH_I|EI45P,II47L",-3.4567804,0.21133597,4,2
"1JRH_LH_I|EI45P,II47R",-3.4400978,-0.07622369,4,2
1JRH_LH_I|EL27A,0.5426153,0.9749171,4,2
1JRH_LH_I|FH103A,0.0,0.37208706,4,2
1JRH_LH_I|GI40A,4.0,0.24683282,4,2
1JRH_LH_I|HH107A,1.6977708,0.8889625,4,2
"1JRH_LH_I|II25N,PI27S,VI29T,VI31I",0.14370596,-0.15414241,4,2
1JRH_LH_I|KI37A,3.713863,0.9354394,4,2
1JRH_LH_I|KI37M,3.2923293,0.6252881,4,2
1JRH_LH_I|KI42A,3.3858175,0.85343516,4,2
1JRH_LH_I|KI42M,4.0,0.60803026,4,2
1JRH_LH_I|KI88A,0.31209365,0.92794806,4,2
"1JRH_LH_I|MI15L,II18V",-0.21360606,0.9730548,4,2
1JRH_LH_I|NI38A,0.1704579,0.467773,4,2
1JRH_LH_I|NI38Q,0.5344714,-0.13821064,4,2
1JRH_LH_I|NI43A,4.0,0.5294967,4,2
1JRH_LH_I|NI69A,-0.19953421,0.4141164,4,2
1JRH_LH_I|RH100A,0.5426153,0.3055788,4,2
1JRH_LH_I|RI74A,0.3926171,1.4069548,4,2
1JRH_LH_I|SI44A,0.37771076,0.46946698,4,2
"1JRH_LH_I|SI44G,EI45G,II47R",-3.3777049,0.28475636,4,2
"1JRH_LH_I|SI44G,EI45P,II47K",-3.884419,0.034658764,4,2
"1JRH_LH_I|SI61Y,DI62E,HI63Q,VI64I,GI65M,DI66Y,SI68D,NI69V,LI71A",2.9588323,0.5351639,4,2
1JRH_LH_I|SL93A,-0.65058374,0.25690433,4,2
1JRH_LH_I|TI4V,-0.025565991,-0.3387517,4,2
"1JRH_LH_I|TI9L,EI11K",-0.025565991,-0.3153691,4,2
1JRH_LH_I|TL94A,0.38526937,0.8430297,4,2
1JRH_LH_I|VI41A,1.6791569,0.2023587,4,2
"1JRH_LH_I|VI73A,RI78K",-0.21360606,0.14612049,4,2
1JRH_LH_I|WH54A,2.6862645,0.681616,4,2
1JRH_LH_I|WH55A,2.4213178,0.48249322,4,2
1JRH_LH_I|WI46F,-0.25261214,-0.0770873,4,2
1JRH_LH_I|WI46Y,0.29852974,-0.12261568,4,2
1JRH_LH_I|WI72A,4.0,1.2022108,4,2
1JRH_LH_I|WI72F,1.102707,0.41172695,4,2
1JRH_LH_I|WI72Y,1.1878273,0.16203198,4,2
1JRH_LH_I|WL92A,2.818407,0.3876634,4,2
1JRH_LH_I|WL95A,1.6660647,1.1556987,4,2
1JRH_LH_I|YH104A,1.0610564,1.117807,4,2
1JRH_LH_I|YH32A,1.4333102,0.80725217,4,2
1JRH_LH_I|YH60A,1.2555921,2.2777824,4,2
1JRH_LH_I|YI39A,3.5271235,1.214733,4,2
1JRH_LH_I|YI39F,0.9087807,0.41399896,4,2
1JRH_LH_I|YL30A,1.1084566,1.3775909,4,2
1JRH_LH_I|YL91A,0.58083415,1.4141343,4,2
1KIQ_AB_C|FB101Y,-2.4949589,-0.50538427,4,2
1XGR_AB_C|IB33A,2.260207,1.2544899,4,2
1XGR_AB_C|IB33F,-1.8004549,-1.2192943,4,2
1XGR_AB_C|IB33L,0.061315425,-0.12975322,4,2
1XGR_AB_C|IB33V,1.1076277,0.38713458,4,2
2BDN_HL_A|DH31E,1.0852306,-0.1782061,4,2
2BDN_HL_A|LH27K,0.8740124,0.024052165,4,2
2BDN_HL_A|LH27R,0.65058374,-0.21644013,4,2
2BDN_HL_A|NH28D,0.13214268,-0.37729418,4,2
2BDN_HL_A|NH28Q,1.3994616,0.01374561,4,2
2BDN_HL_A|NL31K,3.4897714,0.14156537,4,2
2BDN_HL_A|NL31R,-0.9171868,-0.014120802,4,2
2BDN_HL_A|SL53D,-0.1605731,-0.61173856,4,2
2BDN_HL_A|SL53E,-0.85132045,-0.2927002,4,2
2BDN_HL_A|TL56D,-0.4254655,-0.36654866,4,2
2BDN_HL_A|TL56E,-0.6888026,-0.2505705,4,2
2BDN_HL_A|YL30K,0.67475796,0.79607445,4,2
2NYY_DC_A|DA1030A,0.009336901,0.8448073,4,2
2NYY_DC_A|DA1034A,2.5297937,0.8563656,4,2
2NYY_DC_A|DC30Y,0.64113563,-0.8045486,4,2
2NYY_DC_A|EA892A,2.839132,0.16698533,4,2
2NYY_DC_A|ED5Q,-0.2479871,0.03422315,4,2
2NYY_DC_A|FA889A,0.4193659,0.82965004,4,2
2NYY_DC_A|FA925A,4.0,1.3054922,4,2
2NYY_DC_A|HA1036A,4.0,0.14059986,4,2
2NYY_DC_A|HC34R,0.10088469,0.28454608,4,2
2NYY_DC_A|IA928A,-0.009487502,0.35573757,4,2
2NYY_DC_A|KA1028A,-0.028934313,0.40451765,4,2
2NYY_DC_A|KA875A,0.29098648,1.1225442,4,2
2NYY_DC_A|KA895A,-0.14014584,1.2992752,4,2
2NYY_DC_A|KD29R,0.071385965,-0.2647132,4,2
"2NYY_DC_A|KD29S,YD30D,DD31H,SD60P",0.04961051,0.67134744,4,2
2NYY_DC_A|LA891A,2.5892105,-0.077191696,4,2
2NYY_DC_A|MD33Q,-0.059869844,0.22572416,4,2
2NYY_DC_A|NA890A,0.89044046,0.52765983,4,2
2NYY_DC_A|NA926A,0.09934822,0.38169193,4,2
2NYY_DC_A|QA887A,0.5208145,0.5875069,4,2
2NYY_DC_A|RA1033A,0.82012254,0.67442936,4,2
2NYY_DC_A|RA1266A,0.2995321,0.42203325,4,2
2NYY_DC_A|SA874A,-0.23032175,0.5811731,4,2
2NYY_DC_A|SA927A,0.0,0.4332664,4,2
2NYY_DC_A|SC28Q,0.4133828,-0.14057858,4,2
2NYY_DC_A|SC31N,-0.35338265,0.20629548,4,2
2NYY_DC_A|TA1035A,1.630871,-0.07293366,4,2
2NYY_DC_A|VD36I,-0.21317148,0.051497664,4,2
"2NYY_DC_A|VD36I,ED5Q",-0.0490461,0.11866996,4,2
2NYY_DC_A|YD30D,0.06462482,0.44403464,4,2
2NYY_DC_A|YD30Q,0.12897444,0.8251705,4,2
2NYY_DC_A|YD56Q,0.5196862,0.8195838,4,2
2NZ9_DC_A|DA1030A,-0.031082604,0.8254085,4,2
2NZ9_DC_A|DA1034A,2.3396032,0.8293592,4,2
2NZ9_DC_A|EA892A,2.77036,0.17769386,4,2
2NZ9_DC_A|FA889A,-0.04961051,0.8304927,4,2
2NZ9_DC_A|FA925A,3.340439,1.3225768,4,2
2NZ9_DC_A|HA1036A,4.0,0.1419083,4,2
2NZ9_DC_A|IA928A,0.069281444,0.40650314,4,2
2NZ9_DC_A|KA1028A,-0.008714417,0.37754637,4,2
2NZ9_DC_A|KA875A,0.5407011,1.1992888,4,2
2NZ9_DC_A|KA895A,-0.29975358,1.2443407,4,2
2NZ9_DC_A|LA891A,2.279965,-0.09493838,4,2
2NZ9_DC_A|NA890A,2.1600318,0.57438844,4,2
2NZ9_DC_A|NA926A,-0.15216734,0.33864486,4,2
2NZ9_DC_A|QA887A,0.09926054,0.64969695,4,2
2NZ9_DC_A|RA1033A,0.29088098,0.7109562,4,2
2NZ9_DC_A|RA1266A,0.39015788,0.38823438,4,2
2NZ9_DC_A|SA874A,-0.11948046,0.6361552,4,2
2NZ9_DC_A|SA927A,-0.078544825,0.39925385,4,2
"2NZ9_DC_A|SD29K,DD30Y,HD31D",-0.04961051,-0.71824974,4,2
2NZ9_DC_A|TA1035A,2.3703818,-0.06498857,4,2
2VIS_AB_C|IC89T,-4.0,0.105342254,4,2
"3BE1_HL_A|DL28N,PL30A,RL31K,SL32T,TL97S,TL98S",-0.6860794,1.7208767,4,2
"3BE1_HL_A|DL28N,PL30A,RL31K,SL32T,TL97S,TL98S,KH30S,DH31G,TH54S,NH55E,GH100V,DH102V",-2.7728782,1.8957642,4,2
"3BE1_HL_A|DL28N,PL30A,RL31K,SL32T,TL97S,TL98S,KH30S,DH31G,TH54S,NH55E,GH100V,DH102V,YL36A",-3.190238,3.300614,4,2
"3BE1_HL_A|DL28N,PL30A,RL31K,SL32T,TL97S,TL98S,KH30S,DH31G,TH54S,NH55E,GH100V,DH102V,YL36A,IL33A",-2.7728782,3.8372827,4,2
"3BE1_HL_A|DL28N,PL30A,RL31K,SL32T,YL57F,TL97S,TL98S",-0.8683455,2.1049001,4,2
"3BE1_HL_A|DL28N,PL30A,RL31K,SL32T,YL57F,TL97S,TL98S,KH30S,DH31G,TH54S,NH55E,GH100V,DH102V",-2.8824897,2.2929919,4,2
3LZF_AB_HL|DA187E,0.49836498,0.632882,4,2
"3LZF_AB_HL|DA187E,DA222G",0.12738612,1.2938832,4,2
3LZF_AB_HL|DA222G,0.5378587,0.58283263,4,2
3NGB_HL_G|AH57G,-0.056030333,-0.8792554,4,2
"3NGB_HL_G|AH57G,VH58T,PH63K,VH74T",1.6734211,-0.91044176,4,2
"3NGB_HL_G|CH32S,CH102A",0.25899792,0.8523579,4,2
3NGB_HL_G|DH103A,0.05987142,0.5905992,4,2
3NGB_HL_G|EL88A,1.3199503,0.7733743,4,2
3NGB_HL_G|FL89A,0.85886127,1.0677203,4,2
3NGB_HL_G|GH55A,-1.2766591,0.45592642,4,2
3NGB_HL_G|GH55S,0.74304354,0.40600532,4,2
3NGB_HL_G|GH56A,1.2656107,0.47872376,4,2
3NGB_HL_G|IH30A,-0.0027431613,0.3304258,4,2
3NGB_HL_G|IH30T,0.0733938,0.03058942,4,2
"3NGB_HL_G|IH30T,KH52N,RH54N,GH55S,AH57G,VH58T,RH62Q,PH63K,VH74T,YH75S,YL26S",0.86214453,2.4232707,4,2
3NGB_HL_G|KH52A,0.62288266,0.62570065,4,2
3NGB_HL_G|KH52N,0.17497002,0.2782571,4,2
3NGB_HL_G|MH70A,0.5305512,0.46648514,4,2
3NGB_HL_G|NH105A,1.1185741,0.55039793,4,2
3NGB_HL_G|NH59A,1.7671243,0.720304,4,2
3NGB_HL_G|PH63A,-0.04252045,0.1233684,4,2
3NGB_HL_G|PH63K,0.23252328,-0.11178137,4,2
3NGB_HL_G|QH65A,-0.34038836,0.0034911148,4,2
3NGB_HL_G|QL25A,-0.23060839,0.5242462,4,2
3NGB_HL_G|RH54A,-0.25938424,0.36358845,4,2
3NGB_HL_G|RH54N,0.04645046,0.31724897,4,2
3NGB_HL_G|RH62A,0.9958448,0.36814374,4,2
3NGB_HL_G|RH62Q,0.09654992,0.21436702,4,2
3NGB_HL_G|RH72A,1.6432176,0.58799577,4,2
3NGB_HL_G|SL28A,-0.14471176,0.19181378,4,2
3NGB_HL_G|TH33A,0.7071634,0.5649573,4,2
3NGB_HL_G|TH33Y,0.084193856,-1.2193035,4,2
"3NGB_HL_G|TH33Y,GH56S,AH57G,VH58T,PH63K,VH74T,YH75S",1.9381938,-0.39702553,4,2
3NGB_HL_G|VH58A,1.3584284,1.0299876,4,2
3NGB_HL_G|VH58T,0.13787223,0.049102057,4,2
3NGB_HL_G|VH74A,1.087914,0.41904247,4,2
3NGB_HL_G|VH74T,0.16493925,-0.0073085018,4,2
3NGB_HL_G|VL1A,-0.7733632,0.48515922,4,2
3NGB_HL_G|WH106A,4.0,0.9874107,4,2
3NGB_HL_G|WH47A,1.2021707,0.3883947,4,2
3NGB_HL_G|WH50A,1.2917941,1.409706,4,2
3NGB_HL_G|YH104A,1.4235861,1.0551772,4,2
3NGB_HL_G|YH60A,0.5484263,0.59743077,4,2
3NGB_HL_G|YH75A,-0.19932224,0.78043354,4,2
3NGB_HL_G|YH75S,0.3325709,0.5886111,4,2
3NGB_HL_G|YL26A,0.98528093,1.0049874,4,2
3NGB_HL_G|YL26S,0.6512687,0.6777352,4,2
3NGB_HL_G|YL87A,2.0227883,1.4215131,4,2
4JPK_HL_A|DA141R,3.857323,-0.036303747,4,2
"4JPK_HL_A|DA159N,DA33N",0.6189681,0.7298567,4,2
4JPK_HL_A|FA144I,1.3875175,0.31916973,4,2
4JPK_HL_A|FA63L,1.1672868,0.7723442,4,2
4JPK_HL_A|RA130K,0.23006605,-0.049801826,4,2
4JPK_HL_A|RA81T,0.75870305,0.4573083,4,2
4JPK_HL_A|SA41G,2.151695,0.37548664,4,2
4JPK_HL_A|TA35S,-0.032093357,-0.50319904,4,2
4JPK_HL_A|VA30N,0.59459484,-0.043006256,4,2
"1JRH_LH_I|AI49S,II51T,HI55D",0.070675574,-0.7748573,4,3
"1JRH_LH_I|AI85D,KI88R,EI90K",-0.047747865,-0.47188696,4,3
"1JRH_LH_I|AI93L,VI94M",0.63366294,-0.6943357,4,3
1JRH_LH_I|DH56A,1.8860998,0.53971463,4,3
1JRH_LH_I|DH57A,1.6660647,0.4787252,4,3
1JRH_LH_I|DH58A,1.8546488,0.60293823,4,3
1JRH_LH_I|DL28A,0.43464687,0.7759159,4,3
1JRH_LH_I|EI35Q,0.09956847,-0.24707136,4,3
1JRH_LH_I|EI45A,-0.5657849,0.3230448,4,3
1JRH_LH_I|EI45P,-3.7881775,-0.30521536,4,3
"1JRH_LH_I|EI45P,II47L",-3.4567804,0.437714,4,3
"1JRH_LH_I|EI45P,II47R",-3.4400978,0.21291402,4,3
1JRH_LH_I|EL27A,0.5426153,0.7702237,4,3
1JRH_LH_I|FH103A,0.0,0.77891433,4,3
1JRH_LH_I|GI40A,4.0,0.879181,4,3
1JRH_LH_I|HH107A,1.6977708,0.5875449,4,3
"1JRH_LH_I|II25N,PI27S,VI29T,VI31I",0.14370596,-0.3379686,4,3
1JRH_LH_I|KI37A,3.713863,1.3645469,4,3
1JRH_LH_I|KI37M,3.2923293,0.32196924,4,3
1JRH_LH_I|KI42A,3.3858175,0.9425962,4,3
1JRH_LH_I|KI42M,4.0,0.36158136,4,3
1JRH_LH_I|KI88A,0.31209365,0.83524543,4,3
"1JRH_LH_I|MI15L,II18V",-0.21360606,0.5187449,4,3
1JRH_LH_I|NI38A,0.1704579,1.1189712,4,3
1JRH_LH_I|NI38Q,0.5344714,-0.32220462,4,3
1JRH_LH_I|NI43A,4.0,0.6319836,4,3
1JRH_LH_I|NI69A,-0.19953421,0.48484436,4,3
1JRH_LH_I|RH100A,0.5426153,0.67454517,4,3
1JRH_LH_I|RI74A,0.3926171,0.90666306,4,3
1JRH_LH_I|SI44A,0.37771076,0.7334363,4,3
"1JRH_LH_I|SI44G,EI45G,II47R",-3.3777049,-0.13078892,4,3
"1JRH_LH_I|SI44G,EI45P,II47K",-3.884419,-0.05816915,4,3
"1JRH_LH_I|SI61Y,DI62E,HI63Q,VI64I,GI65M,DI66Y,SI68D,NI69V,LI71A",2.9588323,0.37999824,4,3
1JRH_LH_I|SL93A,-0.65058374,0.53798985,4,3
1JRH_LH_I|TI4V,-0.025565991,-0.057790328,4,3
"1JRH_LH_I|TI9L,EI11K",-0.025565991,0.0045486456,4,3
1JRH_LH_I|TL94A,0.38526937,0.158061,4,3
1JRH_LH_I|VI41A,1.6791569,0.59082127,4,3
"1JRH_LH_I|VI73A,RI78K",-0.21360606,0.101783976,4,3
1JRH_LH_I|WH54A,2.6862645,0.5654755,4,3
1JRH_LH_I|WH55A,2.4213178,0.30699915,4,3
1JRH_LH_I|WI46F,-0.25261214,-0.023603689,4,3
1JRH_LH_I|WI46Y,0.29852974,-0.1616361,4,3
1JRH_LH_I|WI72A,4.0,0.7620351,4,3
1JRH_LH_I|WI72F,1.102707,-0.07044305,4,3
1JRH_LH_I|WI72Y,1.1878273,-0.25362295,4,3
1JRH_LH_I|WL92A,2.818407,0.4094154,4,3
1JRH_LH_I|WL95A,1.6660647,0.82695067,4,3
1JRH_LH_I|YH104A,1.0610564,1.2060351,4,3
1JRH_LH_I|YH32A,1.4333102,1.3879958,4,3
1JRH_LH_I|YH60A,1.2555921,1.2328867,4,3
1JRH_LH_I|YI39A,3.5271235,0.8450714,4,3
1JRH_LH_I|YI39F,0.9087807,0.21333224,4,3
1JRH_LH_I|YL30A,1.1084566,0.5207172,4,3
1JRH_LH_I|YL91A,0.58083415,0.9650086,4,3
1KIQ_AB_C|FB101Y,-2.4949589,-0.3336798,4,3
1XGR_AB_C|IB33A,2.260207,0.656562,4,3
1XGR_AB_C|IB33F,-1.8004549,0.0543628,4,3
1XGR_AB_C|IB33L,0.061315425,0.10684403,4,3
1XGR_AB_C|IB33V,1.1076277,0.015965723,4,3
2BDN_HL_A|DH31E,1.0852306,-0.3854542,4,3
2BDN_HL_A|LH27K,0.8740124,0.24961346,4,3
2BDN_HL_A|LH27R,0.65058374,0.1533918,4,3
2BDN_HL_A|NH28D,0.13214268,0.15752545,4,3
2BDN_HL_A|NH28Q,1.3994616,0.07928725,4,3
2BDN_HL_A|NL31K,3.4897714,0.029681422,4,3
2BDN_HL_A|NL31R,-0.9171868,-0.19053875,4,3
2BDN_HL_A|SL53D,-0.1605731,-0.47172236,4,3
2BDN_HL_A|SL53E,-0.85132045,-0.6006619,4,3
2BDN_HL_A|TL56D,-0.4254655,-0.7418772,4,3
2BDN_HL_A|TL56E,-0.6888026,-0.8520899,4,3
2BDN_HL_A|YL30K,0.67475796,0.11135532,4,3
2NYY_DC_A|DA1030A,0.009336901,1.1005847,4,3
2NYY_DC_A|DA1034A,2.5297937,1.3399574,4,3
2NYY_DC_A|DC30Y,0.64113563,-0.24344888,4,3
2NYY_DC_A|EA892A,2.839132,0.7221394,4,3
2NYY_DC_A|ED5Q,-0.2479871,0.014810546,4,3
2NYY_DC_A|FA889A,0.4193659,0.6662445,4,3
2NYY_DC_A|FA925A,4.0,0.9163334,4,3
2NYY_DC_A|HA1036A,4.0,0.7785447,4,3
2NYY_DC_A|HC34R,0.10088469,0.42522946,4,3
2NYY_DC_A|IA928A,-0.009487502,0.7482622,4,3
2NYY_DC_A|KA1028A,-0.028934313,0.8085022,4,3
2NYY_DC_A|KA875A,0.29098648,1.0483149,4,3
2NYY_DC_A|KA895A,-0.14014584,0.97321296,4,3
2NYY_DC_A|KD29R,0.071385965,-0.23565629,4,3
"2NYY_DC_A|KD29S,YD30D,DD31H,SD60P",0.04961051,0.27838594,4,3
2NYY_DC_A|LA891A,2.5892105,0.9744264,4,3
2NYY_DC_A|MD33Q,-0.059869844,0.22674239,4,3
2NYY_DC_A|NA890A,0.89044046,0.53971875,4,3
2NYY_DC_A|NA926A,0.09934822,0.7691915,4,3
2NYY_DC_A|QA887A,0.5208145,0.69547087,4,3
2NYY_DC_A|RA1033A,0.82012254,0.8229743,4,3
2NYY_DC_A|RA1266A,0.2995321,0.8440008,4,3
2NYY_DC_A|SA874A,-0.23032175,0.64950925,4,3
2NYY_DC_A|SA927A,0.0,0.93886346,4,3
2NYY_DC_A|SC28Q,0.4133828,-0.18510422,4,3
2NYY_DC_A|SC31N,-0.35338265,0.01151489,4,3
2NYY_DC_A|TA1035A,1.630871,1.2179575,4,3
2NYY_DC_A|VD36I,-0.21317148,0.29003406,4,3
"2NYY_DC_A|VD36I,ED5Q",-0.0490461,0.1924986,4,3
2NYY_DC_A|YD30D,0.06462482,0.34032047,4,3
2NYY_DC_A|YD30Q,0.12897444,0.2604219,4,3
2NYY_DC_A|YD56Q,0.5196862,0.44225648,4,3
2NZ9_DC_A|DA1030A,-0.031082604,1.0001012,4,3
2NZ9_DC_A|DA1034A,2.3396032,1.267027,4,3
2NZ9_DC_A|EA892A,2.77036,0.72748125,4,3
2NZ9_DC_A|FA889A,-0.04961051,0.66836935,4,3
2NZ9_DC_A|FA925A,3.340439,0.9675389,4,3
2NZ9_DC_A|HA1036A,4.0,0.7701328,4,3
2NZ9_DC_A|IA928A,0.069281444,0.82862467,4,3
2NZ9_DC_A|KA1028A,-0.008714417,0.8055431,4,3
2NZ9_DC_A|KA875A,0.5407011,1.2515314,4,3
2NZ9_DC_A|KA895A,-0.29975358,0.97316146,4,3
2NZ9_DC_A|LA891A,2.279965,0.9672474,4,3
2NZ9_DC_A|NA890A,2.1600318,0.4470198,4,3
2NZ9_DC_A|NA926A,-0.15216734,0.7816136,4,3
2NZ9_DC_A|QA887A,0.09926054,0.6965208,4,3
2NZ9_DC_A|RA1033A,0.29088098,0.78721595,4,3
2NZ9_DC_A|RA1266A,0.39015788,0.79099965,4,3
2NZ9_DC_A|SA874A,-0.11948046,0.6255043,4,3
2NZ9_DC_A|SA927A,-0.078544825,0.96800786,4,3
"2NZ9_DC_A|SD29K,DD30Y,HD31D",-0.04961051,-0.1370424,4,3
2NZ9_DC_A|TA1035A,2.3703818,1.2867789,4,3
2VIS_AB_C|IC89T,-4.0,-0.06562359,4,3
"3BE1_HL_A|DL28N,PL30A,RL31K,SL32T,TL97S,TL98S",-0.6860794,0.47710556,4,3
"3BE1_HL_A|DL28N,PL30A,RL31K,SL32T,TL97S,TL98S,KH30S,DH31G,TH54S,NH55E,GH100V,DH102V",-2.7728782,-0.7612767,4,3
"3BE1_HL_A|DL28N,PL30A,RL31K,SL32T,TL97S,TL98S,KH30S,DH31G,TH54S,NH55E,GH100V,DH102V,YL36A",-3.190238,0.33424246,4,3
"3BE1_HL_A|DL28N,PL30A,RL31K,SL32T,TL97S,TL98S,KH30S,DH31G,TH54S,NH55E,GH100V,DH102V,YL36A,IL33A",-2.7728782,0.74306816,4,3
"3BE1_HL_A|DL28N,PL30A,RL31K,SL32T,YL57F,TL97S,TL98S",-0.8683455,0.8912788,4,3
"3BE1_HL_A|DL28N,PL30A,RL31K,SL32T,YL57F,TL97S,TL98S,KH30S,DH31G,TH54S,NH55E,GH100V,DH102V",-2.8824897,-0.36262378,4,3
3LZF_AB_HL|DA187E,0.49836498,-0.0002551861,4,3
"3LZF_AB_HL|DA187E,DA222G",0.12738612,0.1281126,4,3
3LZF_AB_HL|DA222G,0.5378587,-0.06223006,4,3
3NGB_HL_G|AH57G,-0.056030333,-0.8430493,4,3
"3NGB_HL_G|AH57G,VH58T,PH63K,VH74T",1.6734211,0.22186075,4,3
"3NGB_HL_G|CH32S,CH102A",0.25899792,0.60236615,4,3
3NGB_HL_G|DH103A,0.05987142,0.2966561,4,3
3NGB_HL_G|EL88A,1.3199503,0.7923203,4,3
3NGB_HL_G|FL89A,0.85886127,0.46842027,4,3
3NGB_HL_G|GH55A,-1.2766591,0.39935556,4,3
3NGB_HL_G|GH55S,0.74304354,0.0016831243,4,3
3NGB_HL_G|GH56A,1.2656107,0.27117428,4,3
3NGB_HL_G|IH30A,-0.0027431613,0.5211383,4,3
3NGB_HL_G|IH30T,0.0733938,0.22286357,4,3
"3NGB_HL_G|IH30T,KH52N,RH54N,GH55S,AH57G,VH58T,RH62Q,PH63K,VH74T,YH75S,YL26S",0.86214453,1.6408696,4,3
3NGB_HL_G|KH52A,0.62288266,0.65317434,4,3
3NGB_HL_G|KH52N,0.17497002,0.1399293,4,3
3NGB_HL_G|MH70A,0.5305512,0.27382976,4,3
3NGB_HL_G|NH105A,1.1185741,0.33101502,4,3
3NGB_HL_G|NH59A,1.7671243,0.77180046,4,3
3NGB_HL_G|PH63A,-0.04252045,0.38023055,4,3
3NGB_HL_G|PH63K,0.23252328,0.19889028,4,3
3NGB_HL_G|QH65A,-0.34038836,0.30470675,4,3
3NGB_HL_G|QL25A,-0.23060839,0.89401114,4,3
3NGB_HL_G|RH54A,-0.25938424,0.50121224,4,3
3NGB_HL_G|RH54N,0.04645046,-0.104084454,4,3
3NGB_HL_G|RH62A,0.9958448,0.57090384,4,3
3NGB_HL_G|RH62Q,0.09654992,-0.3494239,4,3
3NGB_HL_G|RH72A,1.6432176,0.3671076,4,3
3NGB_HL_G|SL28A,-0.14471176,0.6709992,4,3
3NGB_HL_G|TH33A,0.7071634,0.47790903,4,3
3NGB_HL_G|TH33Y,0.084193856,-0.4935378,4,3
"3NGB_HL_G|TH33Y,GH56S,AH57G,VH58T,PH63K,VH74T,YH75S",1.9381938,0.7184615,4,3
3NGB_HL_G|VH58A,1.3584284,0.7810515,4,3
3NGB_HL_G|VH58T,0.13787223,0.52934027,4,3
3NGB_HL_G|VH74A,1.087914,0.33256543,4,3
3NGB_HL_G|VH74T,0.16493925,0.09087979,4,3
3NGB_HL_G|VL1A,-0.7733632,0.8314177,4,3
3NGB_HL_G|WH106A,4.0,0.3244542,4,3
3NGB_HL_G|WH47A,1.2021707,0.41249967,4,3
3NGB_HL_G|WH50A,1.2917941,1.0177006,4,3
3NGB_HL_G|YH104A,1.4235861,1.4198896,4,3
3NGB_HL_G|YH60A,0.5484263,0.5626911,4,3
3NGB_HL_G|YH75A,-0.19932224,1.0253044,4,3
3NGB_HL_G|YH75S,0.3325709,0.43926215,4,3
3NGB_HL_G|YL26A,0.98528093,0.59525526,4,3
3NGB_HL_G|YL26S,0.6512687,0.23187506,4,3
3NGB_HL_G|YL87A,2.0227883,1.3053054,4,3
4JPK_HL_A|DA141R,3.857323,-0.10343842,4,3
"4JPK_HL_A|DA159N,DA33N",0.6189681,0.26054472,4,3
4JPK_HL_A|FA144I,1.3875175,0.05247752,4,3
4JPK_HL_A|FA63L,1.1672868,-0.036681022,4,3
4JPK_HL_A|RA130K,0.23006605,-0.31089774,4,3
4JPK_HL_A|RA81T,0.75870305,-0.14721705,4,3
4JPK_HL_A|SA41G,2.151695,0.08991467,4,3
4JPK_HL_A|TA35S,-0.032093357,0.25335822,4,3
4JPK_HL_A|VA30N,0.59459484,-0.04409666,4,3
"1JRH_LH_I|AI49S,II51T,HI55D",0.070675574,-0.054824524,4,4
"1JRH_LH_I|AI85D,KI88R,EI90K",-0.047747865,-1.581652,4,4
"1JRH_LH_I|AI93L,VI94M",0.63366294,-0.19223638,4,4
1JRH_LH_I|DH56A,1.8860998,1.3416982,4,4
1JRH_LH_I|DH57A,1.6660647,1.0630031,4,4
1JRH_LH_I|DH58A,1.8546488,1.5144447,4,4
1JRH_LH_I|DL28A,0.43464687,1.5910972,4,4
1JRH_LH_I|EI35Q,0.09956847,-1.6022446,4,4
1JRH_LH_I|EI45A,-0.5657849,-0.004756243,4,4
1JRH_LH_I|EI45P,-3.7881775,-0.4638086,4,4
"1JRH_LH_I|EI45P,II47L",-3.4567804,0.74790967,4,4
"1JRH_LH_I|EI45P,II47R",-3.4400978,0.3328935,4,4
1JRH_LH_I|EL27A,0.5426153,0.72628564,4,4
1JRH_LH_I|FH103A,0.0,0.5714562,4,4
1JRH_LH_I|GI40A,4.0,0.3477133,4,4
1JRH_LH_I|HH107A,1.6977708,0.7534886,4,4
"1JRH_LH_I|II25N,PI27S,VI29T,VI31I",0.14370596,-0.65614974,4,4
1JRH_LH_I|KI37A,3.713863,0.300983,4,4
1JRH_LH_I|KI37M,3.2923293,0.15709317,4,4
1JRH_LH_I|KI42A,3.3858175,-0.4577299,4,4
1JRH_LH_I|KI42M,4.0,-0.023028173,4,4
1JRH_LH_I|KI88A,0.31209365,0.7552914,4,4
"1JRH_LH_I|MI15L,II18V",-0.21360606,1.338298,4,4
1JRH_LH_I|NI38A,0.1704579,0.24231279,4,4
1JRH_LH_I|NI38Q,0.5344714,-1.186539,4,4
1JRH_LH_I|NI43A,4.0,0.49292585,4,4
1JRH_LH_I|NI69A,-0.19953421,-0.8209689,4,4
1JRH_LH_I|RH100A,0.5426153,1.1286943,4,4
1JRH_LH_I|RI74A,0.3926171,1.5273496,4,4
1JRH_LH_I|SI44A,0.37771076,0.64268893,4,4
"1JRH_LH_I|SI44G,EI45G,II47R",-3.3777049,0.24899338,4,4
"1JRH_LH_I|SI44G,EI45P,II47K",-3.884419,0.82392764,4,4
"1JRH_LH_I|SI61Y,DI62E,HI63Q,VI64I,GI65M,DI66Y,SI68D,NI69V,LI71A",2.9588323,-0.31723085,4,4
1JRH_LH_I|SL93A,-0.65058374,0.5273653,4,4
1JRH_LH_I|TI4V,-0.025565991,-0.30114606,4,4
"1JRH_LH_I|TI9L,EI11K",-0.025565991,0.23650342,4,4
1JRH_LH_I|TL94A,0.38526937,0.6192219,4,4
1JRH_LH_I|VI41A,1.6791569,0.21307491,4,4
"1JRH_LH_I|VI73A,RI78K",-0.21360606,-0.19918784,4,4
1JRH_LH_I|WH54A,2.6862645,2.6291957,4,4
1JRH_LH_I|WH55A,2.4213178,1.3928775,4,4
1JRH_LH_I|WI46F,-0.25261214,-0.3290378,4,4
1JRH_LH_I|WI46Y,0.29852974,-0.47909325,4,4
1JRH_LH_I|WI72A,4.0,1.198518,4,4
1JRH_LH_I|WI72F,1.102707,-0.05554176,4,4
1JRH_LH_I|WI72Y,1.1878273,-0.21389143,4,4
1JRH_LH_I|WL92A,2.818407,0.7488562,4,4
1JRH_LH_I|WL95A,1.6660647,0.9360817,4,4
1JRH_LH_I|YH104A,1.0610564,1.0345459,4,4
1JRH_LH_I|YH32A,1.4333102,0.8961233,4,4
1JRH_LH_I|YH60A,1.2555921,1.956261,4,4
1JRH_LH_I|YI39A,3.5271235,1.5658284,4,4
1JRH_LH_I|YI39F,0.9087807,0.44807005,4,4
1JRH_LH_I|YL30A,1.1084566,1.4084042,4,4
1JRH_LH_I|YL91A,0.58083415,2.6259255,4,4
1KIQ_AB_C|FB101Y,-2.4949589,-1.7597154,4,4
1XGR_AB_C|IB33A,2.260207,1.7009025,4,4
1XGR_AB_C|IB33F,-1.8004549,-1.9163837,4,4
1XGR_AB_C|IB33L,0.061315425,0.043664202,4,4
1XGR_AB_C|IB33V,1.1076277,0.8196415,4,4
2BDN_HL_A|DH31E,1.0852306,0.35619688,4,4
2BDN_HL_A|LH27K,0.8740124,-0.08953511,4,4
2BDN_HL_A|LH27R,0.65058374,-0.35591534,4,4
2BDN_HL_A|NH28D,0.13214268,-0.115758814,4,4
2BDN_HL_A|NH28Q,1.3994616,0.28554818,4,4
2BDN_HL_A|NL31K,3.4897714,1.2004199,4,4
2BDN_HL_A|NL31R,-0.9171868,0.9512396,4,4
2BDN_HL_A|SL53D,-0.1605731,-0.7743005,4,4
2BDN_HL_A|SL53E,-0.85132045,-0.31383613,4,4
2BDN_HL_A|TL56D,-0.4254655,-0.3436164,4,4
2BDN_HL_A|TL56E,-0.6888026,-0.0798286,4,4
2BDN_HL_A|YL30K,0.67475796,0.5571107,4,4
2NYY_DC_A|DA1030A,0.009336901,0.62018734,4,4
2NYY_DC_A|DA1034A,2.5297937,1.2584069,4,4
2NYY_DC_A|DC30Y,0.64113563,-0.08731253,4,4
2NYY_DC_A|EA892A,2.839132,0.27697074,4,4
2NYY_DC_A|ED5Q,-0.2479871,-0.015957002,4,4
2NYY_DC_A|FA889A,0.4193659,0.5164348,4,4
2NYY_DC_A|FA925A,4.0,0.8433952,4,4
2NYY_DC_A|HA1036A,4.0,0.5608364,4,4
2NYY_DC_A|HC34R,0.10088469,0.19186445,4,4
2NYY_DC_A|IA928A,-0.009487502,0.80215305,4,4
2NYY_DC_A|KA1028A,-0.028934313,-1.1299974,4,4
2NYY_DC_A|KA875A,0.29098648,-0.52954054,4,4
2NYY_DC_A|KA895A,-0.14014584,-0.7426279,4,4
2NYY_DC_A|KD29R,0.071385965,-0.3107261,4,4
"2NYY_DC_A|KD29S,YD30D,DD31H,SD60P",0.04961051,0.47184107,4,4
2NYY_DC_A|LA891A,2.5892105,0.13320683,4,4
2NYY_DC_A|MD33Q,-0.059869844,0.0073854113,4,4
2NYY_DC_A|NA890A,0.89044046,-0.29051864,4,4
2NYY_DC_A|NA926A,0.09934822,0.62305886,4,4
2NYY_DC_A|QA887A,0.5208145,0.34586364,4,4
2NYY_DC_A|RA1033A,0.82012254,0.3987298,4,4
2NYY_DC_A|RA1266A,0.2995321,0.53552073,4,4
2NYY_DC_A|SA874A,-0.23032175,0.2872035,4,4
2NYY_DC_A|SA927A,0.0,0.91400445,4,4
2NYY_DC_A|SC28Q,0.4133828,0.07123991,4,4
2NYY_DC_A|SC31N,-0.35338265,0.166486,4,4
2NYY_DC_A|TA1035A,1.630871,0.074289955,4,4
2NYY_DC_A|VD36I,-0.21317148,0.14897473,4,4
"2NYY_DC_A|VD36I,ED5Q",-0.0490461,0.14140862,4,4
2NYY_DC_A|YD30D,0.06462482,0.31614703,4,4
2NYY_DC_A|YD30Q,0.12897444,0.8047306,4,4
2NYY_DC_A|YD56Q,0.5196862,1.1623869,4,4
2NZ9_DC_A|DA1030A,-0.031082604,0.63142186,4,4
2NZ9_DC_A|DA1034A,2.3396032,1.2389463,4,4
2NZ9_DC_A|EA892A,2.77036,0.2199677,4,4
2NZ9_DC_A|FA889A,-0.04961051,0.6057952,4,4
2NZ9_DC_A|FA925A,3.340439,0.7424851,4,4
2NZ9_DC_A|HA1036A,4.0,0.63976854,4,4
2NZ9_DC_A|IA928A,0.069281444,0.80817086,4,4
2NZ9_DC_A|KA1028A,-0.008714417,-1.2294031,4,4
2NZ9_DC_A|KA875A,0.5407011,-0.49470738,4,4
2NZ9_DC_A|KA895A,-0.29975358,-0.6471504,4,4
2NZ9_DC_A|LA891A,2.279965,-0.035621833,4,4
2NZ9_DC_A|NA890A,2.1600318,-0.42203605,4,4
2NZ9_DC_A|NA926A,-0.15216734,0.48641127,4,4
2NZ9_DC_A|QA887A,0.09926054,0.36535084,4,4
2NZ9_DC_A|RA1033A,0.29088098,0.42332953,4,4
2NZ9_DC_A|RA1266A,0.39015788,0.43118697,4,4
2NZ9_DC_A|SA874A,-0.11948046,0.30821744,4,4
2NZ9_DC_A|SA927A,-0.078544825,0.89365035,4,4
"2NZ9_DC_A|SD29K,DD30Y,HD31D",-0.04961051,-0.08218024,4,4
2NZ9_DC_A|TA1035A,2.3703818,0.1128879,4,4
2VIS_AB_C|IC89T,-4.0,0.13680832,4,4
"3BE1_HL_A|DL28N,PL30A,RL31K,SL32T,TL97S,TL98S",-0.6860794,1.0504216,4,4
"3BE1_HL_A|DL28N,PL30A,RL31K,SL32T,TL97S,TL98S,KH30S,DH31G,TH54S,NH55E,GH100V,DH102V",-2.7728782,1.3729218,4,4
"3BE1_HL_A|DL28N,PL30A,RL31K,SL32T,TL97S,TL98S,KH30S,DH31G,TH54S,NH55E,GH100V,DH102V,YL36A",-3.190238,3.874505,4,4
"3BE1_HL_A|DL28N,PL30A,RL31K,SL32T,TL97S,TL98S,KH30S,DH31G,TH54S,NH55E,GH100V,DH102V,YL36A,IL33A",-2.7728782,4.4528713,4,4
"3BE1_HL_A|DL28N,PL30A,RL31K,SL32T,YL57F,TL97S,TL98S",-0.8683455,1.9257079,4,4
"3BE1_HL_A|DL28N,PL30A,RL31K,SL32T,YL57F,TL97S,TL98S,KH30S,DH31G,TH54S,NH55E,GH100V,DH102V",-2.8824897,2.186498,4,4
3LZF_AB_HL|DA187E,0.49836498,0.46175224,4,4
"3LZF_AB_HL|DA187E,DA222G",0.12738612,0.9780711,4,4
3LZF_AB_HL|DA222G,0.5378587,0.18800446,4,4
3NGB_HL_G|AH57G,-0.056030333,-2.1925273,4,4
"3NGB_HL_G|AH57G,VH58T,PH63K,VH74T",1.6734211,-2.2445703,4,4
"3NGB_HL_G|CH32S,CH102A",0.25899792,0.57369304,4,4
3NGB_HL_G|DH103A,0.05987142,0.16836473,4,4
3NGB_HL_G|EL88A,1.3199503,0.6197677,4,4
3NGB_HL_G|FL89A,0.85886127,0.43876746,4,4
3NGB_HL_G|GH55A,-1.2766591,1.4928495,4,4
3NGB_HL_G|GH55S,0.74304354,0.7318177,4,4
3NGB_HL_G|GH56A,1.2656107,1.3517201,4,4
3NGB_HL_G|IH30A,-0.0027431613,0.41211754,4,4
3NGB_HL_G|IH30T,0.0733938,-0.119403474,4,4
"3NGB_HL_G|IH30T,KH52N,RH54N,GH55S,AH57G,VH58T,RH62Q,PH63K,VH74T,YH75S,YL26S",0.86214453,0.75858974,4,4
3NGB_HL_G|KH52A,0.62288266,1.2854513,4,4
3NGB_HL_G|KH52N,0.17497002,0.27117613,4,4
3NGB_HL_G|MH70A,0.5305512,0.43648627,4,4
3NGB_HL_G|NH105A,1.1185741,1.0060251,4,4
3NGB_HL_G|NH59A,1.7671243,0.9958279,4,4
3NGB_HL_G|PH63A,-0.04252045,0.14165433,4,4
3NGB_HL_G|PH63K,0.23252328,-0.24212584,4,4
3NGB_HL_G|QH65A,-0.34038836,0.118949346,4,4
3NGB_HL_G|QL25A,-0.23060839,0.14909542,4,4
3NGB_HL_G|RH54A,-0.25938424,0.17993647,4,4
3NGB_HL_G|RH54N,0.04645046,0.11651881,4,4
3NGB_HL_G|RH62A,0.9958448,0.65194327,4,4
3NGB_HL_G|RH62Q,0.09654992,0.10772597,4,4
3NGB_HL_G|RH72A,1.6432176,1.412387,4,4
3NGB_HL_G|SL28A,-0.14471176,1.3177181,4,4
3NGB_HL_G|TH33A,0.7071634,1.1293486,4,4
3NGB_HL_G|TH33Y,0.084193856,-0.8835148,4,4
"3NGB_HL_G|TH33Y,GH56S,AH57G,VH58T,PH63K,VH74T,YH75S",1.9381938,-1.9526223,4,4
3NGB_HL_G|VH58A,1.3584284,0.94627845,4,4
3NGB_HL_G|VH58T,0.13787223,-0.84445435,4,4
3NGB_HL_G|VH74A,1.087914,0.029086754,4,4
3NGB_HL_G|VH74T,0.16493925,-0.089923054,4,4
3NGB_HL_G|VL1A,-0.7733632,0.49282432,4,4
3NGB_HL_G|WH106A,4.0,1.3485636,4,4
3NGB_HL_G|WH47A,1.2021707,0.29228368,4,4
3NGB_HL_G|WH50A,1.2917941,1.7825819,4,4
3NGB_HL_G|YH104A,1.4235861,1.2272487,4,4
3NGB_HL_G|YH60A,0.5484263,0.5927653,4,4
3NGB_HL_G|YH75A,-0.19932224,0.64845246,4,4
3NGB_HL_G|YH75S,0.3325709,0.31083918,4,4
3NGB_HL_G|YL26A,0.98528093,0.9251085,4,4
3NGB_HL_G|YL26S,0.6512687,0.57733476,4,4
3NGB_HL_G|YL87A,2.0227883,1.7691666,4,4
4JPK_HL_A|DA141R,3.857323,0.5451404,4,4
"4JPK_HL_A|DA159N,DA33N",0.6189681,0.7792003,4,4
4JPK_HL_A|FA144I,1.3875175,0.043323398,4,4
4JPK_HL_A|FA63L,1.1672868,1.2550242,4,4
4JPK_HL_A|RA130K,0.23006605,0.71558195,4,4
4JPK_HL_A|RA81T,0.75870305,0.08673154,4,4
4JPK_HL_A|SA41G,2.151695,0.4084638,4,4
4JPK_HL_A|TA35S,-0.032093357,-0.7881577,4,4
4JPK_HL_A|VA30N,0.59459484,0.20487465,4,4
