row_id,ddg_true,ddg_pred,fold,seed
1AHW_AB_C|DC167A,-0.4845926,1.8531433,0,0
"1AHW_AB_C|KC138A,DC139A",1.1814722,2.7788765,0,0
"1AHW_AB_C|KC154A,KC155A",-1.329712,2.355584,0,0
1AHW_AB_C|LC165A,0.9869364,0.33252722,0,0
1AHW_AB_C|NC188A,1.0782224,1.8738395,0,0
"1AHW_AB_C|TC110A,KC111A",0.6388569,2.2577171,0,0
1AHW_AB_C|TC156A,-0.07411996,1.3941194,0,0
1AHW_AB_C|TC159A,1.105771,1.2491609,0,0
1AHW_AB_C|TC186A,1.345882,1.3962647,0,0
1AHW_AB_C|VC187A,-0.31423107,0.6036135,0,0
1AHW_AB_C|YC146A,-1.8890098,2.0497448,0,0
1BJ1_HL_VW|HH101Y,-1.5835956,-1.3109878,0,0
"1BJ1_HL_VW|HH101Y,YH103I,GH104A,SH105K",-0.43125325,-1.5066707,0,0
"1BJ1_HL_VW|HH101Y,YH103R,GH104N,SH105T",-0.7626503,-1.4822323,0,0
"1BJ1_HL_VW|HH101Y,YH103R,SH105T",-1.173123,-2.125288,0,0
1BJ1_HL_VW|HH107A,0.78965265,0.077655576,0,0
"1BJ1_HL_VW|LH72I,TH74K",0.076517485,1.3874531,0,0
"1BJ1_HL_VW|LH72V,TH74V",0.6706598,0.70017934,0,0
"1BJ1_HL_VW|ML4L,TH28D,NH31H,HH101Y,SH105T",-1.52138,-2.3823152,0,0
1BJ1_HL_VW|NH31H,-0.7626503,-0.11803207,0,0
1BJ1_HL_VW|SH105T,-0.39039657,-0.15307403,0,0
1BJ1_HL_VW|TH28D,-0.22003505,-0.16651744,0,0
"1BJ1_HL_VW|TH28D,NH31H",-0.6929008,-0.31044284,0,0
"1BJ1_HL_VW|TH28D,NH31H,YH54W,HH101Y,SH105T",-1.2034981,-2.2534108,0,0
1BJ1_HL_VW|TH59A,0.85066694,0.675643,0,0
1BJ1_HL_VW|YH27A,2.2425284,0.66954815,0,0
1BJ1_HL_VW|YH54A,1.3276595,1.0863999,0,0
1BJ1_HL_VW|YH54W,-0.13726985,-0.19941106,0,0
1BJ1_HL_VW|YH99A,4.0,1.0305514,0,0
1DQJ_AB_C|DB32A,2.0134337,0.51541984,0,0
"1DQJ_AB_C|DB32A,KC97A",1.1223834,1.3326116,0,0
1DQJ_AB_C|DC101A,1.3765504,0.8861528,0,0
1DQJ_AB_C|KC96A,4.0,1.4136951,0,0
1DQJ_AB_C|KC97A,3.5197058,0.95093673,0,0
1DQJ_AB_C|LC75A,1.452407,0.090436004,0,0
1DQJ_AB_C|NA31A,2.0134337,1.436384,0,0
1DQJ_AB_C|NA32A,4.0,0.2545881,0,0
"1DQJ_AB_C|NA32A,KC96A",4.0,1.5337253,0,0
1DQJ_AB_C|NC93A,0.64987326,0.5514529,0,0
1DQJ_AB_C|RC21A,1.2137709,0.6060501,0,0
1DQJ_AB_C|SA91A,1.4318883,0.3653621,0,0
"1DQJ_AB_C|SA91A,RC21A",3.1707318,0.83508277,0,0
"1DQJ_AB_C|SA91A,YC20A",3.573092,1.8318278,0,0
1DQJ_AB_C|SC100A,0.7755829,1.30245,0,0
1DQJ_AB_C|TC89A,0.84084374,1.282957,0,0
1DQJ_AB_C|WB98A,4.0,1.4170521,0,0
"1DQJ_AB_C|WB98A,KC97A",4.0,2.2781951,0,0
"1DQJ_AB_C|WB98A,SC100A",4.0,2.943967,0,0
"1DQJ_AB_C|WB98A,YC20A",4.0,3.0951407,0,0
1DQJ_AB_C|WC62A,0.7580786,1.5175405,0,0
1DQJ_AB_C|WC63A,1.3462692,1.2797513,0,0
1DQJ_AB_C|YA50A,2.678299,0.9060391,0,0
1DQJ_AB_C|YA96A,1.135051,0.8398641,0,0
"1DQJ_AB_C|YA96A,RC21A",3.4851997,1.3046851,0,0
"1DQJ_AB_C|YA96A,SC100A",0.91344726,2.2967982,0,0
1DQJ_AB_C|YB33A,4.0,2.9789557,0,0
1DQJ_AB_C|YB50A,4.0,1.501986,0,0
1DQJ_AB_C|YB53A,1.1802781,0.48781854,0,0
"1DQJ_AB_C|YB53A,DC101A",2.727121,1.183226,0,0
"1DQJ_AB_C|YB53A,LC75A",1.2168618,0.46484834,0,0
"1DQJ_AB_C|YB53A,WC62A",1.286308,1.841699,0,0
"1DQJ_AB_C|YB53A,WC63A",2.1992323,1.5836989,0,0
1DQJ_AB_C|YC20A,3.2857084,1.4888086,0,0
1XGT_AB_C|LB33A,2.1988916,2.2964318,0,0
1XGT_AB_C|LB33F,-1.8617703,-2.118627,0,0
1XGT_AB_C|LB33I,-0.061315425,-0.10223244,0,0
1XGT_AB_C|LB33V,1.0463123,0.9930698,0,0
"3BDY_HL_V|DL28N,PL30A,RL31K,SL32T,TL97S,TL98S",-0.9690793,-0.54746926,0,0
"3BDY_HL_V|DL28N,PL30A,RL31K,SL32T,TL97S,TL98S,KH31S,DH32G,TH55S,NH56E,GH101V,DH103V",-2.7154896,-2.1835098,0,0
"3BDY_HL_V|DL28N,PL30A,RL31K,SL32T,TL97S,TL98S,KH31S,DH32G,TH55S,NH56E,GH101V,DH103V,RH51A,RH60A",-2.7728782,-0.68926495,0,0
"3BDY_HL_V|DL28N,PL30A,RL31K,SL32T,YL57F,TL97S,TL98S",-0.97316396,-0.8152658,0,0
"3BDY_HL_V|DL28N,PL30A,RL31K,SL32T,YL57F,TL97S,TL98S,KH31S,DH32G,TH55S,NH56E,GH101V,DH103V",-2.727121,-2.552692,0,0
3HFM_HL_Y|DH32A,1.8982269,0.5295762,0,0
"3HFM_HL_Y|DH32A,KY97A",4.0,1.3190933,0,0
"3HFM_HL_Y|DH32A,KY97M",1.1234494,1.5758243,0,0
3HFM_HL_Y|DH32N,0.17036153,0.13877138,0,0
"3HFM_HL_Y|DH32N,KY97A",4.0,0.9642193,0,0
"3HFM_HL_Y|DH32N,KY97M",0.3025042,1.2005159,0,0
3HFM_HL_Y|DY101A,1.2081919,0.82502735,0,0
3HFM_HL_Y|DY101E,2.132881,0.17075968,0,0
3HFM_HL_Y|DY101F,2.3282614,0.056310833,0,0
3HFM_HL_Y|DY101G,0.35884774,0.33513662,0,0
3HFM_HL_Y|DY101K,2.1245396,0.5773758,0,0
3HFM_HL_Y|DY101N,1.4911126,0.65243465,0,0
3HFM_HL_Y|DY101Q,2.0851746,-0.093882635,0,0
3HFM_HL_Y|DY101R,2.2798727,0.7318972,0,0
3HFM_HL_Y|DY101S,1.8694,0.48177332,0,0
3HFM_HL_Y|GY102V,0.395285,-0.11264971,0,0
3HFM_HL_Y|HY15A,-0.4453172,0.37251106,0,0
3HFM_HL_Y|IY98A,0.0,0.34332463,0,0
3HFM_HL_Y|KY96A,4.0,1.509952,0,0
3HFM_HL_Y|KY96M,4.0,1.3091321,0,0
3HFM_HL_Y|KY96R,4.0,0.5254268,0,0
3HFM_HL_Y|KY97A,4.0,1.0212458,0,0
3HFM_HL_Y|KY97D,4.0,0.45959508,0,0
3HFM_HL_Y|KY97E,3.6045077,0.5932012,0,0
3HFM_HL_Y|KY97G,4.0,0.341338,0,0
3HFM_HL_Y|KY97M,0.9469717,1.2804351,0,0
3HFM_HL_Y|KY97R,3.0528512,0.16153193,0,0
3HFM_HL_Y|LY75A,0.70445603,0.08401068,0,0
3HFM_HL_Y|NL31A,4.0,1.6861864,0,0
"3HFM_HL_Y|NL31A,KY96A",4.0,3.7697687,0,0
3HFM_HL_Y|NL31D,1.3434845,0.41424334,0,0
3HFM_HL_Y|NL31E,4.0,0.39631552,0,0
3HFM_HL_Y|NL32A,4.0,0.22006029,0,0
3HFM_HL_Y|NY19D,0.41047263,0.2708181,0,0
3HFM_HL_Y|NY19K,0.2401111,0.6961527,0,0
3HFM_HL_Y|NY19Q,-0.042485796,0.049525492,0,0
3HFM_HL_Y|NY93A,0.21121821,0.63088083,0,0
3HFM_HL_Y|QL53A,0.9530879,-0.031279612,0,0
3HFM_HL_Y|RY21A,0.8618019,0.7744205,0,0
3HFM_HL_Y|RY21E,2.4534352,0.22720525,0,0
3HFM_HL_Y|RY21G,2.4220753,0.0021090768,0,0
3HFM_HL_Y|RY21H,2.1693182,-0.54858047,0,0
3HFM_HL_Y|RY21K,1.766342,0.05404584,0,0
3HFM_HL_Y|RY21M,2.0498905,1.3176913,0,0
3HFM_HL_Y|RY21N,2.3282614,0.24847522,0,0
3HFM_HL_Y|RY21Q,2.3975346,-0.13871086,0,0
3HFM_HL_Y|RY21W,2.132881,0.14534983,0,0
3HFM_HL_Y|RY73A,-0.3313971,0.5863528,0,0
3HFM_HL_Y|SH31A,0.17036153,0.53977615,0,0
3HFM_HL_Y|SY100A,0.26765963,1.0041049,0,0
3HFM_HL_Y|TY89A,0.0,1.2491591,0,0
3HFM_HL_Y|WH98A,4.0,1.6357793,0,0
"3HFM_HL_Y|WH98A,KY96A",4.0,3.364764,0,0
3HFM_HL_Y|WH98F,3.245562,0.5384493,0,0
"3HFM_HL_Y|WH98F,YY20A",4.0,2.4242706,0,0
3HFM_HL_Y|WY63A,0.31918663,1.4607059,0,0
3HFM_HL_Y|YH33A,4.0,3.0422213,0,0
"3HFM_HL_Y|YH33A,KY97A",4.0,4.225453,0,0
3HFM_HL_Y|YH33F,1.0712212,-0.9872548,0,0
3HFM_HL_Y|YH33L,2.0069382,0.56844974,0,0
3HFM_HL_Y|YH33W,1.7495645,0.59312534,0,0
3HFM_HL_Y|YH50A,4.0,1.6951175,0,0
"3HFM_HL_Y|YH50A,RY21A",4.0,2.612441,0,0
3HFM_HL_Y|YH50F,1.6099914,0.09592674,0,0
3HFM_HL_Y|YH50L,2.8488367,0.32128957,0,0
3HFM_HL_Y|YH53A,3.25038,0.69205236,0,0
3HFM_HL_Y|YH53F,0.62049925,0.07621571,0,0
3HFM_HL_Y|YH53L,0.8068894,0.16919675,0,0
3HFM_HL_Y|YH53W,0.7061819,-0.10612459,0,0
3HFM_HL_Y|YH58A,1.6760437,2.0658035,0,0
3HFM_HL_Y|YH58F,0.36312544,0.5787978,0,0
3HFM_HL_Y|YH58L,1.5136731,0.96103114,0,0
3HFM_HL_Y|YL50A,4.0,0.94820446,0,0
"3HFM_HL_Y|YL50A,KY96A",4.0,2.6365612,0,0
"3HFM_HL_Y|YL50A,KY97A",4.0,1.9444146,0,0
"3HFM_HL_Y|YL50A,RY21A",4.0,1.8191051,0,0
3HFM_HL_Y|YL50F,2.3548672,0.004611261,0,0
"3HFM_HL_Y|YL50F,RY21A",4.0,0.8601202,0,0
"3HFM_HL_Y|YL50F,YY20A",4.0,1.7178936,0,0
3HFM_HL_Y|YL50L,4.0,-0.54003674,0,0
3HFM_HL_Y|YL96A,2.707045,1.0503764,0,0
"3HFM_HL_Y|YL96A,RY21A",4.0,1.8763856,0,0
3HFM_HL_Y|YL96F,1.4017794,0.29947507,0,0
"3HFM_HL_Y|YL96F,RY21A",4.0,1.1183463,0,0
3HFM_HL_Y|YY20A,4.0,1.586742,0,0
3HFM_HL_Y|YY20F,-0.4839681,0.16271526,0,0
3HFM_HL_Y|YY20L,2.1845057,1.1390952,0,0
3SE9_HL_G|DH77A,-0.7664817,0.8277005,0,0
3SE9_HL_G|EL90A,0.41735974,0.8401131,0,0
3SE9_HL_G|FL91A,0.023615688,0.5342195,0,0
3SE9_HL_G|GH106A,-0.3075798,0.65025705,0,0
3SE9_HL_G|GH107A,-0.6151596,0.8056898,0,0
3SE9_HL_G|GH109A,0.18514356,0.61667055,0,0
3SE9_HL_G|GH57A,0.4524448,0.89108294,0,0
3SE9_HL_G|GH62A,0.04634,0.9704383,0,0
3SE9_HL_G|GL29A,0.46369976,0.92822915,0,0
3SE9_HL_G|LH34A,0.56599987,1.9273907,0,0
3SE9_HL_G|LL89A,0.964243,0.5652648,0,0
3SE9_HL_G|NH60A,1.5217615,0.9769471,0,0
3SE9_HL_G|PH64A,-0.4419396,0.12716812,0,0
3SE9_HL_G|RH67A,1.4695449,0.77396804,0,0
3SE9_HL_G|RH74A,2.6792572,1.3536556,0,0
3SE9_HL_G|RH76A,-0.2322162,1.0119513,0,0
3SE9_HL_G|TH105A,-0.4419396,0.12287361,0,0
3SE9_HL_G|TH56A,-0.85929936,0.5527124,0,0
3SE9_HL_G|VH55A,-0.85929936,0.15459928,0,0
3SE9_HL_G|VH59A,0.9833596,1.6067657,0,0
3SE9_HL_G|VL3A,-0.49433115,0.4803797,0,0
3SE9_HL_G|WH48A,1.0584464,0.89484763,0,0
3SE9_HL_G|WH51A,1.275695,1.7486634,0,0
3SE9_HL_G|YH104A,0.46369976,1.2189789,0,0
3SE9_HL_G|YL28A,1.1177194,0.4186939,0,0
4U6H_AB_E|NE21A,-0.3480795,0.7002565,0,0
4U6H_AB_E|QE25A,0.11883454,1.6072923,0,0
4ZS6_HL_A|EA156A,3.0386665,0.29352593,0,0
4ZS6_HL_A|YA160A,-0.11025046,3.189205,0,0
1AHW_AB_C|DC167A,-0.4845926,1.5854907,0,1
"1AHW_AB_C|KC138A,DC139A",1.1814722,1.5884289,0,1
"1AHW_AB_C|KC154A,KC155A",-1.329712,1.0003603,0,1
1AHW_AB_C|LC165A,0.9869364,1.0833645,0,1
1AHW_AB_C|NC188A,1.0782224,1.415414,0,1
"1AHW_AB_C|TC110A,KC111A",0.6388569,1.8786061,0,1
1AHW_AB_C|TC156A,-0.07411996,1.849908,0,1
1AHW_AB_C|TC159A,1.105771,1.4278415,0,1
1AHW_AB_C|TC186A,1.345882,1.1888666,0,1
1AHW_AB_C|VC187A,-0.31423107,0.7615752,0,1
1AHW_AB_C|YC146A,-1.8890098,1.2487438,0,1
1BJ1_HL_VW|HH101Y,-1.5835956,-1.270861,0,1
"1BJ1_HL_VW|HH101Y,YH103I,GH104A,SH105K",-0.43125325,0.043049537,0,1
"1BJ1_HL_VW|HH101Y,YH103R,GH104N,SH105T",-0.7626503,0.27204117,0,1
"1BJ1_HL_VW|HH101Y,YH103R,SH105T",-1.173123,-0.4057786,0,1
1BJ1_HL_VW|HH107A,0.78965265,0.7607248,0,1
"1BJ1_HL_VW|LH72I,TH74K",0.076517485,1.1501186,0,1
"1BJ1_HL_VW|LH72V,TH74V",0.6706598,0.20178425,0,1
"1BJ1_HL_VW|ML4L,TH28D,NH31H,HH101Y,SH105T",-1.52138,-2.1272404,0,1
1BJ1_HL_VW|NH31H,-0.7626503,-0.16471872,0,1
1BJ1_HL_VW|SH105T,-0.39039657,0.35105875,0,1
1BJ1_HL_VW|TH28D,-0.22003505,-0.57176876,0,1
"1BJ1_HL_VW|TH28D,NH31H",-0.6929008,-0.64154524,0,1
"1BJ1_HL_VW|TH28D,NH31H,YH54W,HH101Y,SH105T",-1.2034981,-1.6583818,0,1
1BJ1_HL_VW|TH59A,0.85066694,0.5526505,0,1
1BJ1_HL_VW|YH27A,2.2425284,0.9563469,0,1
1BJ1_HL_VW|YH54A,1.3276595,1.247065,0,1
1BJ1_HL_VW|YH54W,-0.13726985,0.19235548,0,1
1BJ1_HL_VW|YH99A,4.0,1.606142,0,1
1DQJ_AB_C|DB32A,2.0134337,0.39716363,0,1
"1DQJ_AB_C|DB32A,KC97A",1.1223834,0.6877652,0,1
1DQJ_AB_C|DC101A,1.3765504,0.69885355,0,1
1DQJ_AB_C|KC96A,4.0,0.41739026,0,1
1DQJ_AB_C|KC97A,3.5197058,0.13911784,0,1
1DQJ_AB_C|LC75A,1.452407,0.30234578,0,1
1DQJ_AB_C|NA31A,2.0134337,0.67187214,0,1
1DQJ_AB_C|NA32A,4.0,0.16899794,0,1
"1DQJ_AB_C|NA32A,KC96A",4.0,0.5052706,0,1
1DQJ_AB_C|NC93A,0.64987326,0.07731793,0,1
1DQJ_AB_C|RC21A,1.2137709,0.4026837,0,1
1DQJ_AB_C|SA91A,1.4318883,1.4547366,0,1
"1DQJ_AB_C|SA91A,RC21A",3.1707318,1.819615,0,1
"1DQJ_AB_C|SA91A,YC20A",3.573092,3.119413,0,1
1DQJ_AB_C|SC100A,0.7755829,1.3538373,0,1
1DQJ_AB_C|TC89A,0.84084374,0.83244306,0,1
1DQJ_AB_C|WB98A,4.0,1.7671463,0,1
"1DQJ_AB_C|WB98A,KC97A",4.0,1.7387701,0,1
"1DQJ_AB_C|WB98A,SC100A",4.0,3.2103937,0,1
"1DQJ_AB_C|WB98A,YC20A",4.0,3.5194886,0,1
1DQJ_AB_C|WC62A,0.7580786,1.3927293,0,1
1DQJ_AB_C|WC63A,1.3462692,1.0571702,0,1
1DQJ_AB_C|YA50A,2.678299,0.95764405,0,1
1DQJ_AB_C|YA96A,1.135051,1.1720256,0,1
"1DQJ_AB_C|YA96A,RC21A",3.4851997,1.5836047,0,1
"1DQJ_AB_C|YA96A,SC100A",0.91344726,2.4510186,0,1
1DQJ_AB_C|YB33A,4.0,2.5463898,0,1
1DQJ_AB_C|YB50A,4.0,0.9804779,0,1
1DQJ_AB_C|YB53A,1.1802781,0.90713847,0,1
"1DQJ_AB_C|YB53A,DC101A",2.727121,1.4137859,0,1
"1DQJ_AB_C|YB53A,LC75A",1.2168618,1.0455049,0,1
"1DQJ_AB_C|YB53A,WC62A",1.286308,2.16744,0,1
"1DQJ_AB_C|YB53A,WC63A",2.1992323,1.9331006,0,1
1DQJ_AB_C|YC20A,3.2857084,1.5856831,0,1
1XGT_AB_C|LB33A,2.1988916,2.0035136,0,1
1XGT_AB_C|LB33F,-1.8617703,-0.21265793,0,1
1XGT_AB_C|LB33I,-0.061315425,0.3539113,0,1
1XGT_AB_C|LB33V,1.0463123,0.686931,0,1
"3BDY_HL_V|DL28N,PL30A,RL31K,SL32T,TL97S,TL98S",-0.9690793,-1.332854,0,1
"3BDY_HL_V|DL28N,PL30A,RL31K,SL32T,TL97S,TL98S,KH31S,DH32G,TH55S,NH56E,GH101V,DH103V",-2.7154896,-4.1548944,0,1
"3BDY_HL_V|DL28N,PL30A,RL31K,SL32T,TL97S,TL98S,KH31S,DH32G,TH55S,NH56E,GH101V,DH103V,RH51A,RH60A",-2.7728782,-3.728429,0,1
"3BDY_HL_V|DL28N,PL30A,RL31K,SL32T,YL57F,TL97S,TL98S",-0.97316396,-1.1213355,0,1
"3BDY_HL_V|DL28N,PL30A,RL31K,SL32T,YL57F,TL97S,TL98S,KH31S,DH32G,TH55S,NH56E,GH101V,DH103V",-2.727121,-4.0327926,0,1
3HFM_HL_Y|DH32A,1.8982269,0.3724528,0,1
"3HFM_HL_Y|DH32A,KY97A",4.0,0.61926585,0,1
"3HFM_HL_Y|DH32A,KY97M",1.1234494,0.30936408,0,1
3HFM_HL_Y|DH32N,0.17036153,0.062226024,0,1
"3HFM_HL_Y|DH32N,KY97A",4.0,0.32191727,0,1
"3HFM_HL_Y|DH32N,KY97M",0.3025042,0.0150845265,0,1
3HFM_HL_Y|DY101A,1.2081919,0.9132057,0,1
3HFM_HL_Y|DY101E,2.132881,0.12983221,0,1
3HFM_HL_Y|DY101F,2.3282614,0.15470442,0,1
3HFM_HL_Y|DY101G,0.35884774,0.8201147,0,1
3HFM_HL_Y|DY101K,2.1245396,0.6211982,0,1
3HFM_HL_Y|DY101N,1.4911126,0.7311047,0,1
3HFM_HL_Y|DY101Q,2.0851746,0.078966714,0,1
3HFM_HL_Y|DY101R,2.2798727,0.53590447,0,1
3HFM_HL_Y|DY101S,1.8694,0.22998098,0,1
3HFM_HL_Y|GY102V,0.395285,0.073423296,0,1
3HFM_HL_Y|HY15A,-0.4453172,0.6489303,0,1
3HFM_HL_Y|IY98A,0.0,0.2881942,0,1
3HFM_HL_Y|KY96A,4.0,0.42804867,0,1
3HFM_HL_Y|KY96M,4.0,-0.113365345,0,1
3HFM_HL_Y|KY96R,4.0,-0.19152156,0,1
3HFM_HL_Y|KY97A,4.0,0.2304416,0,1
3HFM_HL_Y|KY97D,4.0,-0.12417523,0,1
3HFM_HL_Y|KY97E,3.6045077,-0.1015108,0,1
3HFM_HL_Y|KY97G,4.0,0.25307372,0,1
3HFM_HL_Y|KY97M,0.9469717,-0.09050325,0,1
3HFM_HL_Y|KY97R,3.0528512,-0.4171258,0,1
3HFM_HL_Y|LY75A,0.70445603,0.3030301,0,1
3HFM_HL_Y|NL31A,4.0,0.60519964,0,1
"3HFM_HL_Y|NL31A,KY96A",4.0,0.94424564,0,1
3HFM_HL_Y|NL31D,1.3434845,0.09114789,0,1
3HFM_HL_Y|NL31E,4.0,0.04624898,0,1
3HFM_HL_Y|NL32A,4.0,0.32238263,0,1
3HFM_HL_Y|NY19D,0.41047263,0.062235348,0,1
3HFM_HL_Y|NY19K,0.2401111,0.6032795,0,1
3HFM_HL_Y|NY19Q,-0.042485796,-0.096739314,0,1
3HFM_HL_Y|NY93A,0.21121821,0.13424161,0,1
3HFM_HL_Y|QL53A,0.9530879,-0.2503069,0,1
3HFM_HL_Y|RY21A,0.8618019,0.45830396,0,1
3HFM_HL_Y|RY21E,2.4534352,-0.6151712,0,1
3HFM_HL_Y|RY21G,2.4220753,0.13754568,0,1
3HFM_HL_Y|RY21H,2.1693182,-0.62207544,0,1
3HFM_HL_Y|RY21K,1.766342,0.40280953,0,1
3HFM_HL_Y|RY21M,2.0498905,0.09968762,0,1
3HFM_HL_Y|RY21N,2.3282614,-0.051686183,0,1
3HFM_HL_Y|RY21Q,2.3975346,-0.595177,0,1
3HFM_HL_Y|RY21W,2.132881,-0.07735991,0,1
3HFM_HL_Y|RY73A,-0.3313971,0.5612331,0,1
3HFM_HL_Y|SH31A,0.17036153,0.5816837,0,1
3HFM_HL_Y|SY100A,0.26765963,1.274971,0,1
3HFM_HL_Y|TY89A,0.0,0.80104655,0,1
3HFM_HL_Y|WH98A,4.0,1.4350835,0,1
"3HFM_HL_Y|WH98A,KY96A",4.0,1.7801039,0,1
3HFM_HL_Y|WH98F,3.245562,0.23255363,0,1
"3HFM_HL_Y|WH98F,YY20A",4.0,1.9368169,0,1
3HFM_HL_Y|WY63A,0.31918663,1.1007408,0,1
3HFM_HL_Y|YH33A,4.0,2.1413026,0,1
"3HFM_HL_Y|YH33A,KY97A",4.0,2.2457707,0,1
3HFM_HL_Y|YH33F,1.0712212,0.20743212,0,1
3HFM_HL_Y|YH33L,2.0069382,0.4469148,0,1
3HFM_HL_Y|YH33W,1.7495645,0.37099224,0,1
3HFM_HL_Y|YH50A,4.0,1.2150695,0,1
"3HFM_HL_Y|YH50A,RY21A",4.0,1.7585058,0,1
3HFM_HL_Y|YH50F,1.6099914,0.40011966,0,1
3HFM_HL_Y|YH50L,2.8488367,0.38934353,0,1
3HFM_HL_Y|YH53A,3.25038,0.9014219,0,1
3HFM_HL_Y|YH53F,0.62049925,0.41926768,0,1
3HFM_HL_Y|YH53L,0.8068894,0.28816092,0,1
3HFM_HL_Y|YH53W,0.7061819,0.116519324,0,1
3HFM_HL_Y|YH58A,1.6760437,1.8868034,0,1
3HFM_HL_Y|YH58F,0.36312544,0.5461374,0,1
3HFM_HL_Y|YH58L,1.5136731,0.79241365,0,1
3HFM_HL_Y|YL50A,4.0,1.0704881,0,1
"3HFM_HL_Y|YL50A,KY96A",4.0,1.5096818,0,1
"3HFM_HL_Y|YL50A,KY97A",4.0,1.2256238,0,1
"3HFM_HL_Y|YL50A,RY21A",4.0,1.5509987,0,1
3HFM_HL_Y|YL50F,2.3548672,0.5142665,0,1
"3HFM_HL_Y|YL50F,RY21A",4.0,0.97980714,0,1
"3HFM_HL_Y|YL50F,YY20A",4.0,2.1748261,0,1
3HFM_HL_Y|YL50L,4.0,0.30863935,0,1
3HFM_HL_Y|YL96A,2.707045,1.1249179,0,1
"3HFM_HL_Y|YL96A,RY21A",4.0,1.6548325,0,1
3HFM_HL_Y|YL96F,1.4017794,0.4707895,0,1
"3HFM_HL_Y|YL96F,RY21A",4.0,1.0159783,0,1
3HFM_HL_Y|YY20A,4.0,1.6469029,0,1
3HFM_HL_Y|YY20F,-0.4839681,0.2012915,0,1
3HFM_HL_Y|YY20L,2.1845057,1.1935761,0,1
3SE9_HL_G|DH77A,-0.7664817,0.3856582,0,1
3SE9_HL_G|EL90A,0.41735974,1.3371636,0,1
3SE9_HL_G|FL91A,0.023615688,0.92412263,0,1
3SE9_HL_G|GH106A,-0.3075798,0.7670415,0,1
3SE9_HL_G|GH107A,-0.6151596,1.1679285,0,1
3SE9_HL_G|GH109A,0.18514356,1.3726205,0,1
3SE9_HL_G|GH57A,0.4524448,0.83725816,0,1
3SE9_HL_G|GH62A,0.04634,0.9738645,0,1
3SE9_HL_G|GL29A,0.46369976,0.611249,0,1
3SE9_HL_G|LH34A,0.56599987,1.2854815,0,1
3SE9_HL_G|LL89A,0.964243,0.8813771,0,1
3SE9_HL_G|NH60A,1.5217615,0.6558721,0,1
3SE9_HL_G|PH64A,-0.4419396,-0.011163175,0,1
3SE9_HL_G|RH67A,1.4695449,0.22679082,0,1
3SE9_HL_G|RH74A,2.6792572,1.2049129,0,1
3SE9_HL_G|RH76A,-0.2322162,0.5043493,0,1
3SE9_HL_G|TH105A,-0.4419396,0.34770808,0,1
3SE9_HL_G|TH56A,-0.85929936,0.46031824,0,1
3SE9_HL_G|VH55A,-0.85929936,0.75154746,0,1
3SE9_HL_G|VH59A,0.9833596,1.0844122,0,1
3SE9_HL_G|VL3A,-0.49433115,0.60069156,0,1
3SE9_HL_G|WH48A,1.0584464,1.337693,0,1
3SE9_HL_G|WH51A,1.275695,1.4720589,0,1
3SE9_HL_G|YH104A,0.46369976,1.5912771,0,1
3SE9_HL_G|YL28A,1.1177194,1.1747247,0,1
4U6H_AB_E|NE21A,-0.3480795,0.26929668,0,1
4U6H_AB_E|QE25A,0.11883454,1.1869874,0,1
4ZS6_HL_A|EA156A,3.0386665,0.87844026,0,1
4ZS6_HL_A|YA160A,-0.11025046,1.9542657,0,1
1AHW_AB_C|DC167A,-0.4845926,0.15815656,0,2
"1AHW_AB_C|KC138A,DC139A",1.1814722,0.16441174,0,2
"1AHW_AB_C|KC154A,KC155A",-1.329712,0.3016608,0,2
1AHW_AB_C|LC165A,0.9869364,0.1586673,0,2
1AHW_AB_C|NC188A,1.0782224,0.0273261,0,2
"1AHW_AB_C|TC110A,KC111A",0.6388569,0.20128815,0,2
1AHW_AB_C|TC156A,-0.07411996,0.21552642,0,2
1AHW_AB_C|TC159A,1.105771,0.38773727,0,2
1AHW_AB_C|TC186A,1.345882,0.029403066,0,2
1AHW_AB_C|VC187A,-0.31423107,0.05918364,0,2
1AHW_AB_C|YC146A,-1.8890098,0.07757439,0,2
1BJ1_HL_VW|HH101Y,-1.5835956,-0.18168545,0,2
"1BJ1_HL_VW|HH101Y,YH103I,GH104A,SH105K",-0.43125325,0.056391265,0,2
"1BJ1_HL_VW|HH101Y,YH103R,GH104N,SH105T",-0.7626503,0.012351621,0,2
"1BJ1_HL_VW|HH101Y,YH103R,SH105T",-1.173123,-0.011304397,0,2
1BJ1_HL_VW|HH107A,0.78965265,0.05889739,0,2
"1BJ1_HL_VW|LH72I,TH74K",0.076517485,-0.01682026,0,2
"1BJ1_HL_VW|LH72V,TH74V",0.6706598,-0.07572992,0,2
"1BJ1_HL_VW|ML4L,TH28D,NH31H,HH101Y,SH105T",-1.52138,-0.1536485,0,2
1BJ1_HL_VW|NH31H,-0.7626503,0.2821598,0,2
1BJ1_HL_VW|SH105T,-0.39039657,0.09390932,0,2
1BJ1_HL_VW|TH28D,-0.22003505,-0.06751472,0,2
"1BJ1_HL_VW|TH28D,NH31H",-0.6929008,0.021529244,0,2
"1BJ1_HL_VW|TH28D,NH31H,YH54W,HH101Y,SH105T",-1.2034981,-0.08915943,0,2
1BJ1_HL_VW|TH59A,0.85066694,0.10666554,0,2
1BJ1_HL_VW|YH27A,2.2425284,0.21785454,0,2
1BJ1_HL_VW|YH54A,1.3276595,0.055294085,0,2
1BJ1_HL_VW|YH54W,-0.13726985,0.016500846,0,2
1BJ1_HL_VW|YH99A,4.0,0.16211838,0,2
1DQJ_AB_C|DB32A,2.0134337,0.1300142,0,2
"1DQJ_AB_C|DB32A,KC97A",1.1223834,0.09115715,0,2
1DQJ_AB_C|DC101A,1.3765504,-0.18593784,0,2
1DQJ_AB_C|KC96A,4.0,-0.008682217,0,2
1DQJ_AB_C|KC97A,3.5197058,0.053983442,0,2
1DQJ_AB_C|LC75A,1.452407,0.08874981,0,2
1DQJ_AB_C|NA31A,2.0134337,0.03406392,0,2
1DQJ_AB_C|NA32A,4.0,0.12053363,0,2
"1DQJ_AB_C|NA32A,KC96A",4.0,0.07785792,0,2
1DQJ_AB_C|NC93A,0.64987326,-0.02622516,0,2
1DQJ_AB_C|RC21A,1.2137709,-0.01518302,0,2
1DQJ_AB_C|SA91A,1.4318883,-0.0901929,0,2
"1DQJ_AB_C|SA91A,RC21A",3.1707318,-0.2267605,0,2
"1DQJ_AB_C|SA91A,YC20A",3.573092,0.18319371,0,2
1DQJ_AB_C|SC100A,0.7755829,-0.049193304,0,2
1DQJ_AB_C|TC89A,0.84084374,0.11685477,0,2
1DQJ_AB_C|WB98A,4.0,0.19296315,0,2
"1DQJ_AB_C|WB98A,KC97A",4.0,0.22777148,0,2
"1DQJ_AB_C|WB98A,SC100A",4.0,0.015189413,0,2
"1DQJ_AB_C|WB98A,YC20A",4.0,0.28955936,0,2
1DQJ_AB_C|WC62A,0.7580786,0.19194354,0,2
1DQJ_AB_C|WC63A,1.3462692,-0.04535492,0,2
1DQJ_AB_C|YA50A,2.678299,-0.06631094,0,2
1DQJ_AB_C|YA96A,1.135051,-0.11906667,0,2
"1DQJ_AB_C|YA96A,RC21A",3.4851997,-0.2938182,0,2
"1DQJ_AB_C|YA96A,SC100A",0.91344726,-0.2575835,0,2
1DQJ_AB_C|YB33A,4.0,-0.10171063,0,2
1DQJ_AB_C|YB50A,4.0,0.105501115,0,2
1DQJ_AB_C|YB53A,1.1802781,-0.04659007,0,2
"1DQJ_AB_C|YB53A,DC101A",2.727121,-0.35308775,0,2
"1DQJ_AB_C|YB53A,LC75A",1.2168618,-0.08735451,0,2
"1DQJ_AB_C|YB53A,WC62A",1.286308,0.162647,0,2
"1DQJ_AB_C|YB53A,WC63A",2.1992323,0.0044639073,0,2
1DQJ_AB_C|YC20A,3.2857084,0.26512113,0,2
1XGT_AB_C|LB33A,2.1988916,-0.15659043,0,2
1XGT_AB_C|LB33F,-1.8617703,-0.2079992,0,2
1XGT_AB_C|LB33I,-0.061315425,-0.20864189,0,2
1XGT_AB_C|LB33V,1.0463123,-0.22186852,0,2
"3BDY_HL_V|DL28N,PL30A,RL31K,SL32T,TL97S,TL98S",-0.9690793,-0.14539696,0,2
"3BDY_HL_V|DL28N,PL30A,RL31K,SL32T,TL97S,TL98S,KH31S,DH32G,TH55S,NH56E,GH101V,DH103V",-2.7154896,-0.56900483,0,2
"3BDY_HL_V|DL28N,PL30A,RL31K,SL32T,TL97S,TL98S,KH31S,DH32G,TH55S,NH56E,GH101V,DH103V,RH51A,RH60A",-2.7728782,-0.5071852,0,2
"3BDY_HL_V|DL28N,PL30A,RL31K,SL32T,YL57F,TL97S,TL98S",-0.97316396,-0.061808903,0,2
"3BDY_HL_V|DL28N,PL30A,RL31K,SL32T,YL57F,TL97S,TL98S,KH31S,DH32G,TH55S,NH56E,GH101V,DH103V",-2.727121,-0.50466377,0,2
3HFM_HL_Y|DH32A,1.8982269,0.15885888,0,2
"3HFM_HL_Y|DH32A,KY97A",4.0,0.05195596,0,2
"3HFM_HL_Y|DH32A,KY97M",1.1234494,-0.0010608919,0,2
3HFM_HL_Y|DH32N,0.17036153,0.1324544,0,2
"3HFM_HL_Y|DH32N,KY97A",4.0,0.02892005,0,2
"3HFM_HL_Y|DH32N,KY97M",0.3025042,-0.022685017,0,2
3HFM_HL_Y|DY101A,1.2081919,-0.07808314,0,2
3HFM_HL_Y|DY101E,2.132881,-0.10245122,0,2
3HFM_HL_Y|DY101F,2.3282614,-0.14322467,0,2
3HFM_HL_Y|DY101G,0.35884774,-0.093574554,0,2
3HFM_HL_Y|DY101K,2.1245396,-0.13917327,0,2
3HFM_HL_Y|DY101N,1.4911126,-0.10249634,0,2
3HFM_HL_Y|DY101Q,2.0851746,-0.10643409,0,2
3HFM_HL_Y|DY101R,2.2798727,-0.12425096,0,2
3HFM_HL_Y|DY101S,1.8694,-0.14689562,0,2
3HFM_HL_Y|GY102V,0.395285,-0.17347163,0,2
3HFM_HL_Y|HY15A,-0.4453172,-0.06909458,0,2
3HFM_HL_Y|IY98A,0.0,-0.046391446,0,2
3HFM_HL_Y|KY96A,4.0,-0.090287745,0,2
3HFM_HL_Y|KY96M,4.0,-0.120107606,0,2
3HFM_HL_Y|KY96R,4.0,-0.09564379,0,2
3HFM_HL_Y|KY97A,4.0,0.07342451,0,2
3HFM_HL_Y|KY97D,4.0,0.007629104,0,2
3HFM_HL_Y|KY97E,3.6045077,0.08570072,0,2
3HFM_HL_Y|KY97G,4.0,0.04817114,0,2
3HFM_HL_Y|KY97M,0.9469717,0.025820121,0,2
3HFM_HL_Y|KY97R,3.0528512,0.061839312,0,2
3HFM_HL_Y|LY75A,0.70445603,-0.037714127,0,2
3HFM_HL_Y|NL31A,4.0,-0.20265684,0,2
"3HFM_HL_Y|NL31A,KY96A",4.0,-0.38051343,0,2
3HFM_HL_Y|NL31D,1.3434845,-0.26190317,0,2
3HFM_HL_Y|NL31E,4.0,-0.2748746,0,2
3HFM_HL_Y|NL32A,4.0,-0.12071434,0,2
3HFM_HL_Y|NY19D,0.41047263,0.03941427,0,2
3HFM_HL_Y|NY19K,0.2401111,0.043557495,0,2
3HFM_HL_Y|NY19Q,-0.042485796,0.060689285,0,2
3HFM_HL_Y|NY93A,0.21121821,-0.09099433,0,2
3HFM_HL_Y|QL53A,0.9530879,0.24128489,0,2
3HFM_HL_Y|RY21A,0.8618019,-0.09449293,0,2
3HFM_HL_Y|RY21E,2.4534352,-0.1471254,0,2
3HFM_HL_Y|RY21G,2.4220753,-0.13785008,0,2
3HFM_HL_Y|RY21H,2.1693182,-0.14210851,0,2
3HFM_HL_Y|RY21K,1.766342,-0.16491926,0,2
3HFM_HL_Y|RY21M,2.0498905,-0.1405847,0,2
3HFM_HL_Y|RY21N,2.3282614,-0.14133796,0,2
3HFM_HL_Y|RY21Q,2.3975346,-0.1481137,0,2
3HFM_HL_Y|RY21W,2.132881,-0.12121725,0,2
3HFM_HL_Y|RY73A,-0.3313971,0.0066250972,0,2
3HFM_HL_Y|SH31A,0.17036153,-0.08515321,0,2
3HFM_HL_Y|SY100A,0.26765963,0.060642548,0,2
3HFM_HL_Y|TY89A,0.0,0.07061801,0,2
3HFM_HL_Y|WH98A,4.0,-0.025433827,0,2
"3HFM_HL_Y|WH98A,KY96A",4.0,-0.1634439,0,2
3HFM_HL_Y|WH98F,3.245562,-0.10868041,0,2
"3HFM_HL_Y|WH98F,YY20A",4.0,-0.011686698,0,2
3HFM_HL_Y|WY63A,0.31918663,0.05368978,0,2
3HFM_HL_Y|YH33A,4.0,-0.10559778,0,2
"3HFM_HL_Y|YH33A,KY97A",4.0,-0.14953972,0,2
3HFM_HL_Y|YH33F,1.0712212,-0.15637347,0,2
3HFM_HL_Y|YH33L,2.0069382,-0.16374746,0,2
3HFM_HL_Y|YH33W,1.7495645,-0.1413638,0,2
3HFM_HL_Y|YH50A,4.0,0.10490218,0,2
"3HFM_HL_Y|YH50A,RY21A",4.0,-0.011957083,0,2
3HFM_HL_Y|YH50F,1.6099914,0.049317148,0,2
3HFM_HL_Y|YH50L,2.8488367,0.03454713,0,2
3HFM_HL_Y|YH53A,3.25038,0.018712297,0,2
3HFM_HL_Y|YH53F,0.62049925,-0.09362313,0,2
3HFM_HL_Y|YH53L,0.8068894,-0.09387812,0,2
3HFM_HL_Y|YH53W,0.7061819,-0.07281029,0,2
3HFM_HL_Y|YH58A,1.6760437,0.35513765,0,2
3HFM_HL_Y|YH58F,0.36312544,0.22509101,0,2
3HFM_HL_Y|YH58L,1.5136731,0.25341958,0,2
3HFM_HL_Y|YL50A,4.0,-0.10697548,0,2
"3HFM_HL_Y|YL50A,KY96A",4.0,-0.3250138,0,2
"3HFM_HL_Y|YL50A,KY97A",4.0,-0.029873189,0,2
"3HFM_HL_Y|YL50A,RY21A",4.0,-0.18067174,0,2
3HFM_HL_Y|YL50F,2.3548672,-0.15157677,0,2
"3HFM_HL_Y|YL50F,RY21A",4.0,-0.21080989,0,2
"3HFM_HL_Y|YL50F,YY20A",4.0,0.048033778,0,2
3HFM_HL_Y|YL50L,4.0,-0.1456927,0,2
3HFM_HL_Y|YL96A,2.707045,-0.10240674,0,2
"3HFM_HL_Y|YL96A,RY21A",4.0,-0.33104613,0,2
3HFM_HL_Y|YL96F,1.4017794,-0.14733101,0,2
"3HFM_HL_Y|YL96F,RY21A",4.0,-0.3669429,0,2
3HFM_HL_Y|YY20A,4.0,0.2615086,0,2
3HFM_HL_Y|YY20F,-0.4839681,0.2379282,0,2
3HFM_HL_Y|YY20L,2.1845057,0.23988807,0,2
3SE9_HL_G|DH77A,-0.7664817,-0.00236056,0,2
3SE9_HL_G|EL90A,0.41735974,-0.08417931,0,2
3SE9_HL_G|FL91A,0.023615688,0.10178966,0,2
3SE9_HL_G|GH106A,-0.3075798,0.06236113,0,2
3SE9_HL_G|GH107A,-0.6151596,0.021263152,0,2
3SE9_HL_G|GH109A,0.18514356,0.082409486,0,2
3SE9_HL_G|GH57A,0.4524448,-0.04574394,0,2
3SE9_HL_G|GH62A,0.04634,0.073039845,0,2
3SE9_HL_G|GL29A,0.46369976,0.13370797,0,2
3SE9_HL_G|LH34A,0.56599987,-0.16914365,0,2
3SE9_HL_G|LL89A,0.964243,0.12780611,0,2
3SE9_HL_G|NH60A,1.5217615,0.1366477,0,2
3SE9_HL_G|PH64A,-0.4419396,0.00644977,0,2
3SE9_HL_G|RH67A,1.4695449,-0.1187253,0,2
3SE9_HL_G|RH74A,2.6792572,0.08521699,0,2
3SE9_HL_G|RH76A,-0.2322162,-0.11060628,0,2
3SE9_HL_G|TH105A,-0.4419396,-0.099663064,0,2
3SE9_HL_G|TH56A,-0.85929936,0.23595186,0,2
3SE9_HL_G|VH55A,-0.85929936,0.0062543526,0,2
3SE9_HL_G|VH59A,0.9833596,0.26851895,0,2
3SE9_HL_G|VL3A,-0.49433115,0.22649525,0,2
3SE9_HL_G|WH48A,1.0584464,0.20929214,0,2
3SE9_HL_G|WH51A,1.275695,-0.11877555,0,2
3SE9_HL_G|YH104A,0.46369976,0.09631778,0,2
3SE9_HL_G|YL28A,1.1177194,0.014303189,0,2
4U6H_AB_E|NE21A,-0.3480795,0.009640686,0,2
4U6H_AB_E|QE25A,0.11883454,0.057922766,0,2
4ZS6_HL_A|EA156A,3.0386665,0.1663592,0,2
4ZS6_HL_A|YA160A,-0.11025046,0.2601034,0,2
1KIP_AB_C|AB32Y,-0.8005932,-1.5942353,1,0
1XGU_AB_C|FB33A,4.0,1.0266502,1,0
1XGU_AB_C|FB33I,1.8004549,0.2486482,1,0
1XGU_AB_C|FB33L,1.8617703,0.1341939,1,0
1XGU_AB_C|FB33V,2.9080825,0.061786532,1,0
2B2X_HL_A|EH64K,-0.033433665,0.66412115,1,0
"2B2X_HL_A|EH64K,QL28S,YL52N",0.911615,0.74828416,1,0
"2B2X_HL_A|EH64K,QL28S,YL52N,GH102S",2.7106705,0.53419346,1,0
"2B2X_HL_A|EH64K,QL28S,YL52N,SH35A",3.119054,1.6779172,1,0
"2B2X_HL_A|EH64K,QL28S,YL52N,SH35V",3.770335,0.911806,1,0
"2B2X_HL_A|EH64K,YL52N",0.34853002,1.0768117,1,0
"2B2X_HL_A|QL28S,YL52N",0.8626942,0.22124615,1,0
2B2X_HL_A|VH50T,0.024054652,0.59995884,1,0
"2B2X_HL_A|VH50T,EH64D,QL28S,YL52N",0.87177193,0.7675572,1,0
"2B2X_HL_A|VH50T,EH64K,QL28S",0.991589,0.7385086,1,0
"2B2X_HL_A|VH50T,EH64K,QL28S,YL52D",1.5439764,1.0071975,1,0
"2B2X_HL_A|VH50T,EH64K,QL28S,YL52E",0.95452905,1.0222279,1,0
"2B2X_HL_A|VH50T,EH64K,QL28S,YL52K",1.7007239,1.4839276,1,0
"2B2X_HL_A|VH50T,EH64K,QL28S,YL52N",1.043214,1.2352344,1,0
"2B2X_HL_A|VH50T,EH64K,QL28S,YL52N,FH99W",1.043214,0.86429906,1,0
"2B2X_HL_A|VH50T,EH64K,QL28S,YL52N,FH99Y",1.7978828,0.24536517,1,0
"2B2X_HL_A|VH50T,EH64K,QL28S,YL52N,GH100F",1.4322319,1.6480564,1,0
"2B2X_HL_A|VH50T,EH64K,QL28S,YL52N,GH100L",3.770335,1.4485852,1,0
"2B2X_HL_A|VH50T,EH64K,QL28S,YL52N,GH100M",1.145348,1.2583675,1,0
"2B2X_HL_A|VH50T,EH64K,QL28S,YL52N,GH100S",1.6009614,1.11903,1,0
"2B2X_HL_A|VH50T,EH64K,QL28S,YL52N,GH53A",1.5558206,2.1256485,1,0
"2B2X_HL_A|VH50T,EH64K,QL28S,YL52N,GH53N",2.2985272,1.4215236,1,0
"2B2X_HL_A|VH50T,EH64K,QL28S,YL52N,GH53S",1.7188073,1.1375711,1,0
"2B2X_HL_A|VH50T,EH64K,QL28S,YL52N,GH54I",2.4067745,1.3419491,1,0
"2B2X_HL_A|VH50T,EH64K,QL28S,YL52N,GH54T",2.2073808,1.7940155,1,0
"2B2X_HL_A|VH50T,EH64K,QL28S,YL52N,GH54Y",1.043214,0.4718591,1,0
"2B2X_HL_A|VH50T,EH64K,QL28S,YL52N,GL92Q",2.6158988,1.5675477,1,0
"2B2X_HL_A|VH50T,EH64K,QL28S,YL52N,GL92S",1.5558206,1.2676924,1,0
"2B2X_HL_A|VH50T,EH64K,QL28S,YL52N,HL31K",2.2073808,1.4940915,1,0
"2B2X_HL_A|VH50T,EH64K,QL28S,YL52N,HL31R",2.1670115,1.1400934,1,0
"2B2X_HL_A|VH50T,EH64K,QL28S,YL52N,HL31W",2.2985272,1.2629426,1,0
"2B2X_HL_A|VH50T,EH64K,QL28S,YL52N,LH60D",0.981894,0.9480749,1,0
"2B2X_HL_A|VH50T,EH64K,QL28S,YL52N,LL49F",1.7554936,1.512634,1,0
"2B2X_HL_A|VH50T,EH64K,QL28S,YL52N,LL49K",1.9044149,1.3395653,1,0
"2B2X_HL_A|VH50T,EH64K,QL28S,YL52N,LL49W",2.9507816,1.1254237,1,0
"2B2X_HL_A|VH50T,EH64K,QL28S,YL52N,NL30V",2.0925434,0.9962465,1,0
"2B2X_HL_A|VH50T,EH64K,QL28S,YL52N,NL30W",2.6158988,0.9712084,1,0
"2B2X_HL_A|VH50T,EH64K,QL28S,YL52N,NL30Y",2.9507816,0.41538996,1,0
"2B2X_HL_A|VH50T,EH64K,QL28S,YL52N,NL30Y,SL91I",1.4775821,0.709837,1,0
"2B2X_HL_A|VH50T,EH64K,QL28S,YL52N,RH31Q",2.350542,1.294517,1,0
"2B2X_HL_A|VH50T,EH64K,QL28S,YL52N,SH35A",2.6158988,2.2257862,1,0
"2B2X_HL_A|VH50T,EH64K,QL28S,YL52N,SH35A,GH102S",2.6158988,1.9785792,1,0
"2B2X_HL_A|VH50T,EH64K,QL28S,YL52N,SH35Q",3.770335,1.6092321,1,0
"2B2X_HL_A|VH50T,EH64K,QL28S,YL52N,SH35V,GH102S",2.4688888,1.2311888,1,0
"2B2X_HL_A|VH50T,EH64K,QL28S,YL52N,SH52M",3.119054,1.1755543,1,0
"2B2X_HL_A|VH50T,EH64K,QL28S,YL52N,SL24R",0.82788163,1.3378445,1,0
"2B2X_HL_A|VH50T,EH64K,QL28S,YL52N,SL91Q",2.8172472,1.4473999,1,0
"2B2X_HL_A|VH50T,EH64K,QL28S,YL52N,SL91R",3.770335,1.4388139,1,0
"2B2X_HL_A|VH50T,EH64K,QL28S,YL52N,SL91R,NL30E",3.770335,1.0983528,1,0
"2B2X_HL_A|VH50T,EH64K,QL28S,YL52N,SL91T",3.3598623,1.7218996,1,0
"2B2X_HL_A|VH50T,EH64K,QL28S,YL52N,TH33E,GH53Q",2.7106705,1.0017681,1,0
"2B2X_HL_A|VH50T,EH64K,QL28S,YL52N,TH33I,SH52T,GH53N,GH54N",2.9507816,2.1941352,1,0
"2B2X_HL_A|VH50T,EH64K,QL28S,YL52N,TH33I,SH52T,GH53Q,GH54F",2.2985272,1.909504,1,0
"2B2X_HL_A|VH50T,EH64K,QL28S,YL52N,TH33N",3.770335,1.0611607,1,0
"2B2X_HL_A|VH50T,EH64K,QL28S,YL52N,TH33V",1.4775821,0.94708186,1,0
"2B2X_HL_A|VH50T,EH64K,QL28S,YL52N,WL90Q",3.119054,1.5630033,1,0
"2B2X_HL_A|VH50T,EH64K,QL28S,YL52N,WL90Q,FL33Y",1.914233,0.79245555,1,0
"2B2X_HL_A|VH50T,EH64K,QL28S,YL52N,YH58E",3.119054,1.5017416,1,0
"2B2X_HL_A|VH50T,EH64K,QL28S,YL52N,YH58Q",3.119054,2.1563926,1,0
"2B2X_HL_A|VH50T,EH64K,QL28S,YL52N,YH58W",1.8641591,1.6564692,1,0
"2B2X_HL_A|VH50T,EH64K,QL28S,YL52N,YH59E",1.5872209,1.589302,1,0
"2B2X_HL_A|VH50T,EH64K,QL28S,YL52R",1.8880546,1.2874259,1,0
"2B2X_HL_A|VH50T,EH64K,YL52N",0.28173435,1.5628202,1,0
"2B2X_HL_A|VH50T,EH64N,QL28S,YL52N",1.0069425,1.0771965,1,0
"2B2X_HL_A|VH50T,EH64Q,QL28S,YL52N",0.96559924,1.1465015,1,0
"2B2X_HL_A|VH50T,EH64Q,QL28S,YL52N,LH60D",1.0862032,0.8451312,1,0
"2B2X_HL_A|VH50T,QL28S,YL52N",0.96559924,0.7331633,1,0
"2B2X_HL_A|VH50T,QL28S,YL52N,LH60D",0.90141344,0.43142107,1,0
"2B2X_HL_A|VH50T,YL52N",0.18636756,1.070348,1,0
2B2X_HL_A|YL52E,-0.22410508,0.33846453,1,0
2VIR_AB_C|SC115L,3.680209,0.12494487,1,0
2VIR_AB_C|TC89I,4.0,0.5770503,1,0
"3G6D_LH_A|EL3V,GL76R,TL77V,QL78E,EL80G",0.13981691,-0.6466738,1,0
"3G6D_LH_A|EL3V,GL76R,TL77V,QL78E,EL80G,DH54N",0.111178115,-0.4494607,1,0
"3G6D_LH_A|EL3V,GL76R,TL77V,QL78E,EL80G,TL89S,ML92I,VL93D,TL94K",0.27145106,-1.1777576,1,0
3G6D_LH_A|HH104A,-0.9530879,0.6510028,1,0
"3G6D_LH_A|KH210T,KH215T",-0.13294782,0.43228862,1,0
"3G6D_LH_A|TL89S,ML92I,VL93D,TL94K",0.7979767,-0.6324634,1,0
3G6D_LH_A|WH105A,-1.4965084,0.40349963,1,0
"3IDX_HL_G|CG27I,CG242Q",-2.4650376,-0.12662646,1,0
"3IDX_HL_G|CG27I,CG242Q,MG247A",-2.1736174,0.6668501,1,0
"3IDX_HL_G|KG85C,EG121C,CG27I,CG242Q",-2.3776865,0.45648122,1,0
"3IDX_HL_G|KG85C,EG121C,WG13M,MG247A,CG14W,CG129V,CG27I,CG242Q",-2.1922898,1.1652822,1,0
"3IDX_HL_G|KG85C,EG122C,WG13M,MG247A,CG14W,CG129V,CG27I,CG242Q",-2.2927184,0.9940217,1,0
"3IDX_HL_G|TG41C,GG245C,MG247A",0.40945426,0.9383191,1,0
"3IDX_HL_G|TG41C,GG245C,WG13M,MG247A,CG14W,CG129V,CG27I,CG242Q",-2.3310676,0.4640605,1,0
"3IDX_HL_G|WG13M,MG247A,CG14W,CG129V",-0.6475391,0.56166774,1,0
"3IDX_HL_G|WG13M,MG247A,CG14W,CG129V,CG27I,CG242Q",-2.3479884,0.6201938,1,0
"3IDX_HL_G|WG13M,MG247A,CG14W,CG129V,KG85C,EG121C",-0.36166522,1.0117486,1,0
"3IDX_HL_G|WG13M,SG111T,WG200S,MG247A,CG14W,CG129V,CG27I,CG242Q",-1.8639641,0.56312054,1,0
"3L5X_A_HL|EL93F,YL94G",-0.42800838,1.0848892,1,0
"3L5X_A_HL|EL93H,YL94G",-0.7626503,0.5826126,1,0
"3L5X_A_HL|HL91P,NL92I,EL93D,YL94A",-0.6466697,1.9125854,1,0
"3L5X_A_HL|HL91P,NL92L,EL93D,YL94S",-0.6327897,0.6743667,1,0
"3L5X_A_HL|HL91P,NL92L,EL93D,YL94T",-0.81005055,1.3647423,1,0
"3L5X_A_HL|HL91P,NL92L,EL93D,YL94V",-0.85822237,0.77755225,1,0
"3L5X_A_HL|HL91P,NL92L,YL94A",-0.44441348,1.7860644,1,0
"3L5X_A_HL|HL91Q,NL92D,EL93I,YL94G",-1.5503801,0.814787,1,0
"3L5X_A_HL|HL91Q,NL92D,EL93L,YL94G",-1.785132,0.7180012,1,0
"3L5X_A_HL|HL91Q,NL92D,EL93Y,YL94G",-1.451453,-0.32735318,1,0
"3L5X_A_HL|NL92D,EL93L,YL94G",-0.42962858,0.62642854,1,0
"3L5X_A_HL|NL92D,EL93N,YL94S",-0.53403836,0.6059457,1,0
"3L5X_A_HL|NL92D,EL93P,YL94G",-1.4699602,0.8366803,1,0
"3L5X_A_HL|NL92D,EL93R,YL94D",-0.52253926,0.38442013,1,0
"3L5X_A_HL|NL92D,EL93W,YL94E",-1.1963489,-0.014800075,1,0
"3L5X_A_HL|NL92D,EL93W,YL94G",-1.6825228,0.254272,1,0
"3L5X_A_HL|NL92D,EL93W,YL94S",-0.71612674,0.24797624,1,0
"3L5X_A_HL|NL92D,EL93Y,YL94A",-0.8069743,0.82243174,1,0
"3L5X_A_HL|NL92E,EL93S,YL94G",-1.2653587,-0.026153788,1,0
"3L5X_A_HL|NL92E,EL93W,YL94G",-1.5503801,-0.10011928,1,0
"3L5X_A_HL|NL92F,EL93W,YL94G",-1.2329907,0.7384491,1,0
"3L5X_A_HL|NL92L,EL93D,YL94S",-0.6170473,0.4388682,1,0
"3L5X_A_HL|NL92L,EL93L,YL94G",-0.6259698,0.8148533,1,0
"3L5X_A_HL|NL92L,EL93M,YL94G",-0.82567644,0.7360288,1,0
"3L5X_A_HL|NL92L,EL93N,YL94G",-0.6954369,0.80123085,1,0
"3L5X_A_HL|NL92S,EL93H,YL94G",-1.2457265,0.3262964,1,0
"3L5X_A_HL|NL92S,EL93I,YL94G",-0.8069743,0.7034108,1,0
"3L5X_A_HL|NL92S,EL93S,YL94G",-0.24921271,0.35599676,1,0
"3L5X_A_HL|NL92S,EL93V,YL94G",-0.51687235,0.3548272,1,0
"3L5X_A_HL|NL92S,EL93W,YL94A",-0.30302802,1.4231893,1,0
"3L5X_A_HL|NL92S,EL93W,YL94G",-1.2720501,0.3429272,1,0
"3L5X_A_HL|NL92S,EL93Y,YL94G",-0.9641868,-0.30479184,1,0
"3L5X_A_HL|NL92V,EL93G,YL94G",-0.46300006,0.27427316,1,0
"3L5X_A_HL|NL92V,EL93W,YL94G",-0.83525383,0.28671136,1,0
3L5X_A_HL|YL94A,-0.82885176,1.4950193,1,0
3N85_A_LH|SH32A,-0.13401966,0.41041994,1,0
3N85_A_LH|SH32Y,0.0571225,-0.4966394,1,0
3N85_A_LH|SH50G,0.48767117,-0.021222852,1,0
3N85_A_LH|SH52Y,-0.78460336,-0.80689955,1,0
3N85_A_LH|WH100F,-0.015185109,0.35004634,1,0
3N85_A_LH|WH30K,-0.78460336,0.16340682,1,0
3N85_A_LH|WH30R,-0.5539675,-0.038445428,1,0
3N85_A_LH|WL91F,0.13959166,0.32024062,1,0
3N85_A_LH|WL94Y,-0.03871881,-0.61505955,1,0
3SE8_HL_G|DH110A,-0.38934898,0.5666865,1,0
3SE8_HL_G|DH114A,-0.2441398,0.48800516,1,0
3SE8_HL_G|DL49A,0.8558488,0.9420746,1,0
3SE8_HL_G|EL1A,-0.5565174,1.0317203,1,0
3SE8_HL_G|EL91A,1.513491,1.194856,1,0
3SE8_HL_G|FH115A,1.0676043,0.649657,1,0
3SE8_HL_G|FL90A,-0.8640972,1.2835945,1,0
3SE8_HL_G|FL92A,0.8323254,0.6426887,1,0
3SE8_HL_G|GH56A,0.3570972,0.92148465,1,0
3SE8_HL_G|KH52A,1.1114144,0.9126967,1,0
3SE8_HL_G|LH54A,0.054776184,1.0321144,1,0
3SE8_HL_G|NL30A,0.19434923,1.0375065,1,0
3SE8_HL_G|PH78A,0.01881787,0.6976088,1,0
3SE8_HL_G|PH81A,-0.07091986,0.35653812,1,0
3SE8_HL_G|QH63A,1.1144251,0.36024314,1,0
3SE8_HL_G|QH65A,0.54980505,0.77470994,1,0
3SE8_HL_G|QH76A,0.09689985,0.8574937,1,0
3SE8_HL_G|QL27A,-0.21612903,0.8034084,1,0
3SE8_HL_G|RH30A,-0.03949762,0.87793624,1,0
3SE8_HL_G|RH62A,1.2061691,0.6316804,1,0
3SE8_HL_G|RH72A,2.6444623,1.0128801,1,0
3SE8_HL_G|SH59A,1.1508402,1.4812285,1,0
3SE8_HL_G|VH58A,1.2496852,1.2764955,1,0
3SE8_HL_G|WH47A,1.4751467,0.693912,1,0
3SE8_HL_G|WH50A,1.333526,1.377174,1,0
3SE8_HL_G|WH55A,0.7611056,1.2142639,1,0
3SE8_HL_G|YH111A,0.82992166,1.4636196,1,0
3SE8_HL_G|YH60A,0.8558488,1.9289585,1,0
4KRL_A_B|DB112A,0.6496817,0.76377964,1,0
5C6T_HL_A|EA194A,1.0906719,0.5804229,1,0
5C6T_HL_A|FA192A,1.9972014,1.4095787,1,0
5C6T_HL_A|FA199A,2.7581792,1.37241,1,0
5C6T_HL_A|FA200A,0.41047263,1.541896,1,0
5C6T_HL_A|FH99A,1.4600298,0.36397848,1,0
5C6T_HL_A|IA201A,0.88561165,1.3322146,1,0
5C6T_HL_A|NA183A,0.28399685,1.236682,1,0
5C6T_HL_A|NA186A,0.3630724,1.2465037,1,0
5C6T_HL_A|NA188A,-0.36658686,0.54742646,1,0
"5C6T_HL_A|NA195A,DA197A",0.58650106,1.6354841,1,0
5C6T_HL_A|NH97A,1.5258962,0.94780654,1,0
5C6T_HL_A|RH31S,0.3115454,-0.3267468,1,0
5C6T_HL_A|RL48A,0.1229613,1.4401404,1,0
5C6T_HL_A|SH32A,-0.8683455,0.9522734,1,0
5C6T_HL_A|TA185A,0.33786914,0.4728408,1,0
5C6T_HL_A|YA182A,3.2083547,1.0883754,1,0
"5C6T_HL_A|YA182A,NA195A,DA197A",2.942425,2.9041588,1,0
5C6T_HL_A|YH104A,0.3630724,1.7134769,1,0
5C6T_HL_A|YH98A,1.7166799,1.5263245,1,0
5C6T_HL_A|YL47A,0.5516565,1.7681415,1,0
1KIP_AB_C|AB32Y,-0.8005932,-1.3523266,1,1
1XGU_AB_C|FB33A,4.0,1.005662,1,1
1XGU_AB_C|FB33I,1.8004549,0.07204603,1,1
1XGU_AB_C|FB33L,1.8617703,-0.013114344,1,1
1XGU_AB_C|FB33V,2.9080825,-0.055047516,1,1
2B2X_HL_A|EH64K,-0.033433665,0.25947168,1,1
"2B2X_HL_A|EH64K,QL28S,YL52N",0.911615,0.56639326,1,1
"2B2X_HL_A|EH64K,QL28S,YL52N,GH102S",2.7106705,0.5547041,1,1
"2B2X_HL_A|EH64K,QL28S,YL52N,SH35A",3.119054,1.2926486,1,1
"2B2X_HL_A|EH64K,QL28S,YL52N,SH35V",3.770335,0.7327093,1,1
"2B2X_HL_A|EH64K,YL52N",0.34853002,0.8935729,1,1
"2B2X_HL_A|QL28S,YL52N",0.8626942,0.30578718,1,1
2B2X_HL_A|VH50T,0.024054652,0.31003243,1,1
"2B2X_HL_A|VH50T,EH64D,QL28S,YL52N",0.87177193,0.6222887,1,1
"2B2X_HL_A|VH50T,EH64K,QL28S",0.991589,0.33089232,1,1
"2B2X_HL_A|VH50T,EH64K,QL28S,YL52D",1.5439764,0.46597648,1,1
"2B2X_HL_A|VH50T,EH64K,QL28S,YL52E",0.95452905,0.5159312,1,1
"2B2X_HL_A|VH50T,EH64K,QL28S,YL52K",1.7007239,0.884661,1,1
"2B2X_HL_A|VH50T,EH64K,QL28S,YL52N",1.043214,0.897826,1,1
"2B2X_HL_A|VH50T,EH64K,QL28S,YL52N,FH99W",1.043214,0.498689,1,1
"2B2X_HL_A|VH50T,EH64K,QL28S,YL52N,FH99Y",1.7978828,0.033053212,1,1
"2B2X_HL_A|VH50T,EH64K,QL28S,YL52N,GH100F",1.4322319,1.2670234,1,1
"2B2X_HL_A|VH50T,EH64K,QL28S,YL52N,GH100L",3.770335,1.3220961,1,1
"2B2X_HL_A|VH50T,EH64K,QL28S,YL52N,GH100M",1.145348,1.1726981,1,1
"2B2X_HL_A|VH50T,EH64K,QL28S,YL52N,GH100S",1.6009614,1.1675134,1,1
"2B2X_HL_A|VH50T,EH64K,QL28S,YL52N,GH53A",1.5558206,1.8598093,1,1
"2B2X_HL_A|VH50T,EH64K,QL28S,YL52N,GH53N",2.2985272,1.2977222,1,1
"2B2X_HL_A|VH50T,EH64K,QL28S,YL52N,GH53S",1.7188073,1.0989611,1,1
"2B2X_HL_A|VH50T,EH64K,QL28S,YL52N,GH54I",2.4067745,1.0841647,1,1
"2B2X_HL_A|VH50T,EH64K,QL28S,YL52N,GH54T",2.2073808,1.5164572,1,1
"2B2X_HL_A|VH50T,EH64K,QL28S,YL52N,GH54Y",1.043214,0.5617771,1,1
"2B2X_HL_A|VH50T,EH64K,QL28S,YL52N,GL92Q",2.6158988,1.2081904,1,1
"2B2X_HL_A|VH50T,EH64K,QL28S,YL52N,GL92S",1.5558206,1.0151763,1,1
"2B2X_HL_A|VH50T,EH64K,QL28S,YL52N,HL31K",2.2073808,1.0881449,1,1
"2B2X_HL_A|VH50T,EH64K,QL28S,YL52N,HL31R",2.1670115,0.9203394,1,1
"2B2X_HL_A|VH50T,EH64K,QL28S,YL52N,HL31W",2.2985272,0.7097839,1,1
"2B2X_HL_A|VH50T,EH64K,QL28S,YL52N,LH60D",0.981894,0.38449115,1,1
"2B2X_HL_A|VH50T,EH64K,QL28S,YL52N,LL49F",1.7554936,1.0783653,1,1
"2B2X_HL_A|VH50T,EH64K,QL28S,YL52N,LL49K",1.9044149,1.0732045,1,1
"2B2X_HL_A|VH50T,EH64K,QL28S,YL52N,LL49W",2.9507816,0.84437287,1,1
"2B2X_HL_A|VH50T,EH64K,QL28S,YL52N,NL30V",2.0925434,0.759449,1,1
"2B2X_HL_A|VH50T,EH64K,QL28S,YL52N,NL30W",2.6158988,0.8737895,1,1
"2B2X_HL_A|VH50T,EH64K,QL28S,YL52N,NL30Y",2.9507816,0.4175691,1,1
"2B2X_HL_A|VH50T,EH64K,QL28S,YL52N,NL30Y,SL91I",1.4775821,0.7052349,1,1
"2B2X_HL_A|VH50T,EH64K,QL28S,YL52N,RH31Q",2.350542,0.97998405,1,1
"2B2X_HL_A|VH50T,EH64K,QL28S,YL52N,SH35A",2.6158988,1.6029929,1,1
"2B2X_HL_A|VH50T,EH64K,QL28S,YL52N,SH35A,GH102S",2.6158988,1.6113955,1,1
"2B2X_HL_A|VH50T,EH64K,QL28S,YL52N,SH35Q",3.770335,1.3625994,1,1
"2B2X_HL_A|VH50T,EH64K,QL28S,YL52N,SH35V,GH102S",2.4688888,1.115152,1,1
"2B2X_HL_A|VH50T,EH64K,QL28S,YL52N,SH52M",3.119054,0.7869134,1,1
"2B2X_HL_A|VH50T,EH64K,QL28S,YL52N,SL24R",0.82788163,1.0536072,1,1
"2B2X_HL_A|VH50T,EH64K,QL28S,YL52N,SL91Q",2.8172472,1.2595131,1,1
"2B2X_HL_A|VH50T,EH64K,QL28S,YL52N,SL91R",3.770335,1.0629689,1,1
"2B2X_HL_A|VH50T,EH64K,QL28S,YL52N,SL91R,NL30E",3.770335,0.7866853,1,1
"2B2X_HL_A|VH50T,EH64K,QL28S,YL52N,SL91T",3.3598623,1.5967329,1,1
"2B2X_HL_A|VH50T,EH64K,QL28S,YL52N,TH33E,GH53Q",2.7106705,0.58986974,1,1
"2B2X_HL_A|VH50T,EH64K,QL28S,YL52N,TH33I,SH52T,GH53N,GH54N",2.9507816,1.9729474,1,1
"2B2X_HL_A|VH50T,EH64K,QL28S,YL52N,TH33I,SH52T,GH53Q,GH54F",2.2985272,2.0127416,1,1
"2B2X_HL_A|VH50T,EH64K,QL28S,YL52N,TH33N",3.770335,0.64137626,1,1
"2B2X_HL_A|VH50T,EH64K,QL28S,YL52N,TH33V",1.4775821,0.48048922,1,1
"2B2X_HL_A|VH50T,EH64K,QL28S,YL52N,WL90Q",3.119054,1.5339772,1,1
"2B2X_HL_A|VH50T,EH64K,QL28S,YL52N,WL90Q,FL33Y",1.914233,0.9022412,1,1
"2B2X_HL_A|VH50T,EH64K,QL28S,YL52N,YH58E",3.119054,1.1170213,1,1
"2B2X_HL_A|VH50T,EH64K,QL28S,YL52N,YH58Q",3.119054,1.7564404,1,1
"2B2X_HL_A|VH50T,EH64K,QL28S,YL52N,YH58W",1.8641591,1.3042641,1,1
"2B2X_HL_A|VH50T,EH64K,QL28S,YL52N,YH59E",1.5872209,1.2038872,1,1
"2B2X_HL_A|VH50T,EH64K,QL28S,YL52R",1.8880546,0.826357,1,1
"2B2X_HL_A|VH50T,EH64K,YL52N",0.28173435,1.1929967,1,1
"2B2X_HL_A|VH50T,EH64N,QL28S,YL52N",1.0069425,0.940018,1,1
"2B2X_HL_A|VH50T,EH64Q,QL28S,YL52N",0.96559924,0.8292555,1,1
"2B2X_HL_A|VH50T,EH64Q,QL28S,YL52N,LH60D",1.0862032,0.34747568,1,1
"2B2X_HL_A|VH50T,QL28S,YL52N",0.96559924,0.6237786,1,1
"2B2X_HL_A|VH50T,QL28S,YL52N,LH60D",0.90141344,0.0872124,1,1
"2B2X_HL_A|VH50T,YL52N",0.18636756,0.8991092,1,1
2B2X_HL_A|YL52E,-0.22410508,0.26077864,1,1
2VIR_AB_C|SC115L,3.680209,0.03299484,1,1
2VIR_AB_C|TC89I,4.0,0.274603,1,1
"3G6D_LH_A|EL3V,GL76R,TL77V,QL78E,EL80G",0.13981691,-0.02739276,1,1
"3G6D_LH_A|EL3V,GL76R,TL77V,QL78E,EL80G,DH54N",0.111178115,0.5204182,1,1
"3G6D_LH_A|EL3V,GL76R,TL77V,QL78E,EL80G,TL89S,ML92I,VL93D,TL94K",0.27145106,-1.4317242,1,1
3G6D_LH_A|HH104A,-0.9530879,0.6371867,1,1
"3G6D_LH_A|KH210T,KH215T",-0.13294782,0.5300864,1,1
"3G6D_LH_A|TL89S,ML92I,VL93D,TL94K",0.7979767,-1.3514935,1,1
3G6D_LH_A|WH105A,-1.4965084,1.090663,1,1
"3IDX_HL_G|CG27I,CG242Q",-2.4650376,-0.22157478,1,1
"3IDX_HL_G|CG27I,CG242Q,MG247A",-2.1736174,0.40207642,1,1
"3IDX_HL_G|KG85C,EG121C,CG27I,CG242Q",-2.3776865,0.33763507,1,1
"3IDX_HL_G|KG85C,EG121C,WG13M,MG247A,CG14W,CG129V,CG27I,CG242Q",-2.1922898,1.2050933,1,1
"3IDX_HL_G|KG85C,EG122C,WG13M,MG247A,CG14W,CG129V,CG27I,CG242Q",-2.2927184,1.1672361,1,1
"3IDX_HL_G|TG41C,GG245C,MG247A",0.40945426,1.0584569,1,1
"3IDX_HL_G|TG41C,GG245C,WG13M,MG247A,CG14W,CG129V,CG27I,CG242Q",-2.3310676,1.2449915,1,1
"3IDX_HL_G|WG13M,MG247A,CG14W,CG129V",-0.6475391,0.9007815,1,1
"3IDX_HL_G|WG13M,MG247A,CG14W,CG129V,CG27I,CG242Q",-2.3479884,0.5802726,1,1
"3IDX_HL_G|WG13M,MG247A,CG14W,CG129V,KG85C,EG121C",-0.36166522,1.649194,1,1
"3IDX_HL_G|WG13M,SG111T,WG200S,MG247A,CG14W,CG129V,CG27I,CG242Q",-1.8639641,0.5985451,1,1
"3L5X_A_HL|EL93F,YL94G",-0.42800838,0.8937599,1,1
"3L5X_A_HL|EL93H,YL94G",-0.7626503,0.7634867,1,1
"3L5X_A_HL|HL91P,NL92I,EL93D,YL94A",-0.6466697,1.0569016,1,1
"3L5X_A_HL|HL91P,NL92L,EL93D,YL94S",-0.6327897,0.1682372,1,1
"3L5X_A_HL|HL91P,NL92L,EL93D,YL94T",-0.81005055,0.8685321,1,1
"3L5X_A_HL|HL91P,NL92L,EL93D,YL94V",-0.85822237,-0.019516557,1,1
"3L5X_A_HL|HL91P,NL92L,YL94A",-0.44441348,1.4007701,1,1
"3L5X_A_HL|HL91Q,NL92D,EL93I,YL94G",-1.5503801,0.0690061,1,1
"3L5X_A_HL|HL91Q,NL92D,EL93L,YL94G",-1.785132,0.20506757,1,1
"3L5X_A_HL|HL91Q,NL92D,EL93Y,YL94G",-1.451453,-0.7354961,1,1
"3L5X_A_HL|NL92D,EL93L,YL94G",-0.42962858,0.029604346,1,1
"3L5X_A_HL|NL92D,EL93N,YL94S",-0.53403836,-0.019449193,1,1
"3L5X_A_HL|NL92D,EL93P,YL94G",-1.4699602,0.1267132,1,1
"3L5X_A_HL|NL92D,EL93R,YL94D",-0.52253926,-0.5417629,1,1
"3L5X_A_HL|NL92D,EL93W,YL94E",-1.1963489,-0.9553386,1,1
"3L5X_A_HL|NL92D,EL93W,YL94G",-1.6825228,-0.47468454,1,1
"3L5X_A_HL|NL92D,EL93W,YL94S",-0.71612674,-0.47308147,1,1
"3L5X_A_HL|NL92D,EL93Y,YL94A",-0.8069743,0.35367987,1,1
"3L5X_A_HL|NL92E,EL93S,YL94G",-1.2653587,-0.26910406,1,1
"3L5X_A_HL|NL92E,EL93W,YL94G",-1.5503801,-0.5116581,1,1
"3L5X_A_HL|NL92F,EL93W,YL94G",-1.2329907,0.47885135,1,1
"3L5X_A_HL|NL92L,EL93D,YL94S",-0.6170473,0.13711037,1,1
"3L5X_A_HL|NL92L,EL93L,YL94G",-0.6259698,0.92886126,1,1
"3L5X_A_HL|NL92L,EL93M,YL94G",-0.82567644,0.80319846,1,1
"3L5X_A_HL|NL92L,EL93N,YL94G",-0.6954369,0.73008776,1,1
"3L5X_A_HL|NL92S,EL93H,YL94G",-1.2457265,0.46962464,1,1
"3L5X_A_HL|NL92S,EL93I,YL94G",-0.8069743,0.5462631,1,1
"3L5X_A_HL|NL92S,EL93S,YL94G",-0.24921271,0.35896403,1,1
"3L5X_A_HL|NL92S,EL93V,YL94G",-0.51687235,0.36037844,1,1
"3L5X_A_HL|NL92S,EL93W,YL94A",-0.30302802,1.3895813,1,1
"3L5X_A_HL|NL92S,EL93W,YL94G",-1.2720501,0.28277233,1,1
"3L5X_A_HL|NL92S,EL93Y,YL94G",-0.9641868,-0.18426102,1,1
"3L5X_A_HL|NL92V,EL93G,YL94G",-0.46300006,0.3074123,1,1
"3L5X_A_HL|NL92V,EL93W,YL94G",-0.83525383,0.18685013,1,1
3L5X_A_HL|YL94A,-0.82885176,1.3683848,1,1
3N85_A_LH|SH32A,-0.13401966,0.9780465,1,1
3N85_A_LH|SH32Y,0.0571225,-0.13336219,1,1
3N85_A_LH|SH50G,0.48767117,-0.17693934,1,1
3N85_A_LH|SH52Y,-0.78460336,-0.7181661,1,1
3N85_A_LH|WH100F,-0.015185109,0.63604444,1,1
3N85_A_LH|WH30K,-0.78460336,0.2861047,1,1
3N85_A_LH|WH30R,-0.5539675,0.12802623,1,1
3N85_A_LH|WL91F,0.13959166,0.7591254,1,1
3N85_A_LH|WL94Y,-0.03871881,-0.3651589,1,1
3SE8_HL_G|DH110A,-0.38934898,0.9495825,1,1
3SE8_HL_G|DH114A,-0.2441398,1.0026772,1,1
3SE8_HL_G|DL49A,0.8558488,1.1010346,1,1
3SE8_HL_G|EL1A,-0.5565174,1.0517727,1,1
3SE8_HL_G|EL91A,1.513491,1.1320089,1,1
3SE8_HL_G|FH115A,1.0676043,0.7538241,1,1
3SE8_HL_G|FL90A,-0.8640972,1.0634145,1,1
3SE8_HL_G|FL92A,0.8323254,0.9565587,1,1
3SE8_HL_G|GH56A,0.3570972,0.8041095,1,1
3SE8_HL_G|KH52A,1.1114144,0.8303004,1,1
3SE8_HL_G|LH54A,0.054776184,1.0427151,1,1
3SE8_HL_G|NL30A,0.19434923,0.5735885,1,1
3SE8_HL_G|PH78A,0.01881787,0.3524187,1,1
3SE8_HL_G|PH81A,-0.07091986,0.38876802,1,1
3SE8_HL_G|QH63A,1.1144251,0.35121426,1,1
3SE8_HL_G|QH65A,0.54980505,0.470665,1,1
3SE8_HL_G|QH76A,0.09689985,0.3064259,1,1
3SE8_HL_G|QL27A,-0.21612903,0.43004966,1,1
3SE8_HL_G|RH30A,-0.03949762,0.6959523,1,1
3SE8_HL_G|RH62A,1.2061691,0.27737376,1,1
3SE8_HL_G|RH72A,2.6444623,0.6430253,1,1
3SE8_HL_G|SH59A,1.1508402,0.68458647,1,1
3SE8_HL_G|VH58A,1.2496852,1.1528739,1,1
3SE8_HL_G|WH47A,1.4751467,0.7483723,1,1
3SE8_HL_G|WH50A,1.333526,0.78240055,1,1
3SE8_HL_G|WH55A,0.7611056,1.2692637,1,1
3SE8_HL_G|YH111A,0.82992166,1.2589247,1,1
3SE8_HL_G|YH60A,0.8558488,1.2917147,1,1
4KRL_A_B|DB112A,0.6496817,1.136129,1,1
5C6T_HL_A|EA194A,1.0906719,1.463386,1,1
5C6T_HL_A|FA192A,1.9972014,0.92963594,1,1
5C6T_HL_A|FA199A,2.7581792,0.7184831,1,1
5C6T_HL_A|FA200A,0.41047263,0.91291314,1,1
5C6T_HL_A|FH99A,1.4600298,0.4639525,1,1
5C6T_HL_A|IA201A,0.88561165,0.8443145,1,1
5C6T_HL_A|NA183A,0.28399685,1.2227571,1,1
5C6T_HL_A|NA186A,0.3630724,0.97544694,1,1
5C6T_HL_A|NA188A,-0.36658686,1.1878725,1,1
"5C6T_HL_A|NA195A,DA197A",0.58650106,2.0317092,1,1
5C6T_HL_A|NH97A,1.5258962,0.5655035,1,1
5C6T_HL_A|RH31S,0.3115454,-0.26137516,1,1
5C6T_HL_A|RL48A,0.1229613,0.43873724,1,1
5C6T_HL_A|SH32A,-0.8683455,0.6871332,1,1
5C6T_HL_A|TA185A,0.33786914,0.91903585,1,1
5C6T_HL_A|YA182A,3.2083547,1.517937,1,1
"5C6T_HL_A|YA182A,NA195A,DA197A",2.942425,3.4550118,1,1
5C6T_HL_A|YH104A,0.3630724,1.5050074,1,1
5C6T_HL_A|YH98A,1.7166799,1.4397013,1,1
5C6T_HL_A|YL47A,0.5516565,1.3688704,1,1
1KIP_AB_C|AB32Y,-0.8005932,-1.3711363,1,2
1XGU_AB_C|FB33A,4.0,3.3798623,1,2
1XGU_AB_C|FB33I,1.8004549,1.22743,1,2
1XGU_AB_C|FB33L,1.8617703,1.1714594,1,2
1XGU_AB_C|FB33V,2.9080825,2.1703236,1,2
2B2X_HL_A|EH64K,-0.033433665,0.35557362,1,2
"2B2X_HL_A|EH64K,QL28S,YL52N",0.911615,1.2391639,1,2
"2B2X_HL_A|EH64K,QL28S,YL52N,GH102S",2.7106705,1.7494258,1,2
"2B2X_HL_A|EH64K,QL28S,YL52N,SH35A",3.119054,2.4054163,1,2
"2B2X_HL_A|EH64K,QL28S,YL52N,SH35V",3.770335,2.1764596,1,2
"2B2X_HL_A|EH64K,YL52N",0.34853002,0.94366795,1,2
"2B2X_HL_A|QL28S,YL52N",0.8626942,0.8772185,1,2
2B2X_HL_A|VH50T,0.024054652,-0.39276433,1,2
"2B2X_HL_A|VH50T,EH64D,QL28S,YL52N",0.87177193,0.44394487,1,2
"2B2X_HL_A|VH50T,EH64K,QL28S",0.991589,0.38995168,1,2
"2B2X_HL_A|VH50T,EH64K,QL28S,YL52D",1.5439764,0.6529268,1,2
"2B2X_HL_A|VH50T,EH64K,QL28S,YL52E",0.95452905,1.1197578,1,2
"2B2X_HL_A|VH50T,EH64K,QL28S,YL52K",1.7007239,1.9179028,1,2
"2B2X_HL_A|VH50T,EH64K,QL28S,YL52N",1.043214,1.0223665,1,2
"2B2X_HL_A|VH50T,EH64K,QL28S,YL52N,FH99W",1.043214,0.45240209,1,2
"2B2X_HL_A|VH50T,EH64K,QL28S,YL52N,FH99Y",1.7978828,0.43632886,1,2
"2B2X_HL_A|VH50T,EH64K,QL28S,YL52N,GH100F",1.4322319,1.3014286,1,2
"2B2X_HL_A|VH50T,EH64K,QL28S,YL52N,GH100L",3.770335,1.6866521,1,2
"2B2X_HL_A|VH50T,EH64K,QL28S,YL52N,GH100M",1.145348,1.6417143,1,2
"2B2X_HL_A|VH50T,EH64K,QL28S,YL52N,GH100S",1.6009614,1.6539998,1,2
"2B2X_HL_A|VH50T,EH64K,QL28S,YL52N,GH53A",1.5558206,2.1234398,1,2
"2B2X_HL_A|VH50T,EH64K,QL28S,YL52N,GH53N",2.2985272,1.5004572,1,2
"2B2X_HL_A|VH50T,EH64K,QL28S,YL52N,GH53S",1.7188073,1.3464764,1,2
"2B2X_HL_A|VH50T,EH64K,QL28S,YL52N,GH54I",2.4067745,1.6448793,1,2
"2B2X_HL_A|VH50T,EH64K,QL28S,YL52N,GH54T",2.2073808,1.7353672,1,2
"2B2X_HL_A|VH50T,EH64K,QL28S,YL52N,GH54Y",1.043214,0.9130903,1,2
"2B2X_HL_A|VH50T,EH64K,QL28S,YL52N,GL92Q",2.6158988,1.6844848,1,2
"2B2X_HL_A|VH50T,EH64K,QL28S,YL52N,GL92S",1.5558206,1.2987692,1,2
"2B2X_HL_A|VH50T,EH64K,QL28S,YL52N,HL31K",2.2073808,2.048324,1,2
"2B2X_HL_A|VH50T,EH64K,QL28S,YL52N,HL31R",2.1670115,0.867566,1,2
"2B2X_HL_A|VH50T,EH64K,QL28S,YL52N,HL31W",2.2985272,0.9445493,1,2
"2B2X_HL_A|VH50T,EH64K,QL28S,YL52N,LH60D",0.981894,0.7646546,1,2
"2B2X_HL_A|VH50T,EH64K,QL28S,YL52N,LL49F",1.7554936,1.1122818,1,2
"2B2X_HL_A|VH50T,EH64K,QL28S,YL52N,LL49K",1.9044149,1.5398779,1,2
"2B2X_HL_A|VH50T,EH64K,QL28S,YL52N,LL49W",2.9507816,1.0303249,1,2
"2B2X_HL_A|VH50T,EH64K,QL28S,YL52N,NL30V",2.0925434,2.1821003,1,2
"2B2X_HL_A|VH50T,EH64K,QL28S,YL52N,NL30W",2.6158988,1.5650266,1,2
"2B2X_HL_A|VH50T,EH64K,QL28S,YL52N,NL30Y",2.9507816,1.1581719,1,2
"2B2X_HL_A|VH50T,EH64K,QL28S,YL52N,NL30Y,SL91I",1.4775821,1.8664863,1,2
"2B2X_HL_A|VH50T,EH64K,QL28S,YL52N,RH31Q",2.350542,1.3938826,1,2
"2B2X_HL_A|VH50T,EH64K,QL28S,YL52N,SH35A",2.6158988,2.2222078,1,2
"2B2X_HL_A|VH50T,EH64K,QL28S,YL52N,SH35A,GH102S",2.6158988,2.632972,1,2
"2B2X_HL_A|VH50T,EH64K,QL28S,YL52N,SH35Q",3.770335,2.156756,1,2
"2B2X_HL_A|VH50T,EH64K,QL28S,YL52N,SH35V,GH102S",2.4688888,2.565251,1,2
"2B2X_HL_A|VH50T,EH64K,QL28S,YL52N,SH52M",3.119054,0.74180424,1,2
"2B2X_HL_A|VH50T,EH64K,QL28S,YL52N,SL24R",0.82788163,0.8243044,1,2
"2B2X_HL_A|VH50T,EH64K,QL28S,YL52N,SL91Q",2.8172472,2.0172334,1,2
"2B2X_HL_A|VH50T,EH64K,QL28S,YL52N,SL91R",3.770335,1.2014252,1,2
"2B2X_HL_A|VH50T,EH64K,QL28S,YL52N,SL91R,NL30E",3.770335,2.2641234,1,2
"2B2X_HL_A|VH50T,EH64K,QL28S,YL52N,SL91T",3.3598623,1.7974985,1,2
"2B2X_HL_A|VH50T,EH64K,QL28S,YL52N,TH33E,GH53Q",2.7106705,2.2422457,1,2
"2B2X_HL_A|VH50T,EH64K,QL28S,YL52N,TH33I,SH52T,GH53N,GH54N",2.9507816,2.647867,1,2
"2B2X_HL_A|VH50T,EH64K,QL28S,YL52N,TH33I,SH52T,GH53Q,GH54F",2.2985272,2.5524063,1,2
"2B2X_HL_A|VH50T,EH64K,QL28S,YL52N,TH33N",3.770335,1.8324796,1,2
"2B2X_HL_A|VH50T,EH64K,QL28S,YL52N,TH33V",1.4775821,1.8372728,1,2
"2B2X_HL_A|VH50T,EH64K,QL28S,YL52N,WL90Q",3.119054,2.6431906,1,2
"2B2X_HL_A|VH50T,EH64K,QL28S,YL52N,WL90Q,FL33Y",1.914233,2.084444,1,2
"2B2X_HL_A|VH50T,EH64K,QL28S,YL52N,YH58E",3.119054,2.126364,1,2
"2B2X_HL_A|VH50T,EH64K,QL28S,YL52N,YH58Q",3.119054,2.7067583,1,2
"2B2X_HL_A|VH50T,EH64K,QL28S,YL52N,YH58W",1.8641591,1.394117,1,2
"2B2X_HL_A|VH50T,EH64K,QL28S,YL52N,YH59E",1.5872209,1.8047845,1,2
"2B2X_HL_A|VH50T,EH64K,QL28S,YL52R",1.8880546,0.96566504,1,2
"2B2X_HL_A|VH50T,EH64K,YL52N",0.28173435,0.7765569,1,2
"2B2X_HL_A|VH50T,EH64N,QL28S,YL52N",1.0069425,0.7615155,1,2
"2B2X_HL_A|VH50T,EH64Q,QL28S,YL52N",0.96559924,0.7577903,1,2
"2B2X_HL_A|VH50T,EH64Q,QL28S,YL52N,LH60D",1.0862032,0.520046,1,2
"2B2X_HL_A|VH50T,QL28S,YL52N",0.96559924,0.6445268,1,2
"2B2X_HL_A|VH50T,QL28S,YL52N,LH60D",0.90141344,0.3598304,1,2
"2B2X_HL_A|VH50T,YL52N",0.18636756,0.40176794,1,2
2B2X_HL_A|YL52E,-0.22410508,0.6764827,1,2
2VIR_AB_C|SC115L,3.680209,-0.06266634,1,2
2VIR_AB_C|TC89I,4.0,2.0369594,1,2
"3G6D_LH_A|EL3V,GL76R,TL77V,QL78E,EL80G",0.13981691,0.9659211,1,2
"3G6D_LH_A|EL3V,GL76R,TL77V,QL78E,EL80G,DH54N",0.111178115,1.8193188,1,2
"3G6D_LH_A|EL3V,GL76R,TL77V,QL78E,EL80G,TL89S,ML92I,VL93D,TL94K",0.27145106,-0.3234627,1,2
3G6D_LH_A|HH104A,-0.9530879,-0.019442905,1,2
"3G6D_LH_A|KH210T,KH215T",-0.13294782,-1.0360619,1,2
"3G6D_LH_A|TL89S,ML92I,VL93D,TL94K",0.7979767,-1.0426668,1,2
3G6D_LH_A|WH105A,-1.4965084,1.222816,1,2
"3IDX_HL_G|CG27I,CG242Q",-2.4650376,-0.0971335,1,2
"3IDX_HL_G|CG27I,CG242Q,MG247A",-2.1736174,-0.043378178,1,2
"3IDX_HL_G|KG85C,EG121C,CG27I,CG242Q",-2.3776865,-0.033289377,1,2
"3IDX_HL_G|KG85C,EG121C,WG13M,MG247A,CG14W,CG129V,CG27I,CG242Q",-2.1922898,0.78633064,1,2
"3IDX_HL_G|KG85C,EG122C,WG13M,MG247A,CG14W,CG129V,CG27I,CG242Q",-2.2927184,0.94759136,1,2
"3IDX_HL_G|TG41C,GG245C,MG247A",0.40945426,-0.23072849,1,2
"3IDX_HL_G|TG41C,GG245C,WG13M,MG247A,CG14W,CG129V,CG27I,CG242Q",-2.3310676,0.47749105,1,2
"3IDX_HL_G|WG13M,MG247A,CG14W,CG129V",-0.6475391,0.60140663,1,2
"3IDX_HL_G|WG13M,MG247A,CG14W,CG129V,CG27I,CG242Q",-2.3479884,0.6969031,1,2
"3IDX_HL_G|WG13M,MG247A,CG14W,CG129V,KG85C,EG121C",-0.36166522,0.6239097,1,2
"3IDX_HL_G|WG13M,SG111T,WG200S,MG247A,CG14W,CG129V,CG27I,CG242Q",-1.8639641,0.23511915,1,2
"3L5X_A_HL|EL93F,YL94G",-0.42800838,0.8387198,1,2
"3L5X_A_HL|EL93H,YL94G",-0.7626503,0.8902976,1,2
"3L5X_A_HL|HL91P,NL92I,EL93D,YL94A",-0.6466697,0.5029564,1,2
"3L5X_A_HL|HL91P,NL92L,EL93D,YL94S",-0.6327897,0.47810853,1,2
"3L5X_A_HL|HL91P,NL92L,EL93D,YL94T",-0.81005055,0.7750325,1,2
"3L5X_A_HL|HL91P,NL92L,EL93D,YL94V",-0.85822237,0.40181842,1,2
"3L5X_A_HL|HL91P,NL92L,YL94A",-0.44441348,0.6970559,1,2
"3L5X_A_HL|HL91Q,NL92D,EL93I,YL94G",-1.5503801,0.84611917,1,2
"3L5X_A_HL|HL91Q,NL92D,EL93L,YL94G",-1.785132,0.57733417,1,2
"3L5X_A_HL|HL91Q,NL92D,EL93Y,YL94G",-1.451453,-0.41195223,1,2
"3L5X_A_HL|NL92D,EL93L,YL94G",-0.42962858,0.053534053,1,2
"3L5X_A_HL|NL92D,EL93N,YL94S",-0.53403836,0.4710752,1,2
"3L5X_A_HL|NL92D,EL93P,YL94G",-1.4699602,0.48361433,1,2
"3L5X_A_HL|NL92D,EL93R,YL94D",-0.52253926,-1.0944157,1,2
"3L5X_A_HL|NL92D,EL93W,YL94E",-1.1963489,-1.656611,1,2
"3L5X_A_HL|NL92D,EL93W,YL94G",-1.6825228,-1.3030499,1,2
"3L5X_A_HL|NL92D,EL93W,YL94S",-0.71612674,-1.3497441,1,2
"3L5X_A_HL|NL92D,EL93Y,YL94A",-0.8069743,-0.52998656,1,2
"3L5X_A_HL|NL92E,EL93S,YL94G",-1.2653587,0.76155996,1,2
"3L5X_A_HL|NL92E,EL93W,YL94G",-1.5503801,-0.96379936,1,2
"3L5X_A_HL|NL92F,EL93W,YL94G",-1.2329907,-0.736742,1,2
"3L5X_A_HL|NL92L,EL93D,YL94S",-0.6170473,0.69442976,1,2
"3L5X_A_HL|NL92L,EL93L,YL94G",-0.6259698,0.5622273,1,2
"3L5X_A_HL|NL92L,EL93M,YL94G",-0.82567644,0.9820167,1,2
"3L5X_A_HL|NL92L,EL93N,YL94G",-0.6954369,0.78468937,1,2
"3L5X_A_HL|NL92S,EL93H,YL94G",-1.2457265,0.25719747,1,2
"3L5X_A_HL|NL92S,EL93I,YL94G",-0.8069743,0.4829657,1,2
"3L5X_A_HL|NL92S,EL93S,YL94G",-0.24921271,0.3907363,1,2
"3L5X_A_HL|NL92S,EL93V,YL94G",-0.51687235,0.43601185,1,2
"3L5X_A_HL|NL92S,EL93W,YL94A",-0.30302802,-0.7469468,1,2
"3L5X_A_HL|NL92S,EL93W,YL94G",-1.2720501,-0.9774966,1,2
"3L5X_A_HL|NL92S,EL93Y,YL94G",-0.9641868,-0.5916555,1,2
"3L5X_A_HL|NL92V,EL93G,YL94G",-0.46300006,0.8467003,1,2
"3L5X_A_HL|NL92V,EL93W,YL94G",-0.83525383,-0.29420725,1,2
3L5X_A_HL|YL94A,-0.82885176,1.2561327,1,2
3N85_A_LH|SH32A,-0.13401966,0.75316423,1,2
3N85_A_LH|SH32Y,0.0571225,-0.9341488,1,2
3N85_A_LH|SH50G,0.48767117,-0.65574265,1,2
3N85_A_LH|SH52Y,-0.78460336,-0.8570713,1,2
3N85_A_LH|WH100F,-0.015185109,0.94249266,1,2
3N85_A_LH|WH30K,-0.78460336,1.1222006,1,2
3N85_A_LH|WH30R,-0.5539675,0.30328345,1,2
3N85_A_LH|WL91F,0.13959166,0.98590994,1,2
3N85_A_LH|WL94Y,-0.03871881,-0.23366018,1,2
3SE8_HL_G|DH110A,-0.38934898,0.6938381,1,2
3SE8_HL_G|DH114A,-0.2441398,0.8126616,1,2
3SE8_HL_G|DL49A,0.8558488,1.1310326,1,2
3SE8_HL_G|EL1A,-0.5565174,0.5820912,1,2
3SE8_HL_G|EL91A,1.513491,1.0169706,1,2
3SE8_HL_G|FH115A,1.0676043,0.062969685,1,2
3SE8_HL_G|FL90A,-0.8640972,0.9188229,1,2
3SE8_HL_G|FL92A,0.8323254,0.31463027,1,2
3SE8_HL_G|GH56A,0.3570972,0.8651931,1,2
3SE8_HL_G|KH52A,1.1114144,-0.20270355,1,2
3SE8_HL_G|LH54A,0.054776184,0.19327329,1,2
3SE8_HL_G|NL30A,0.19434923,1.5276643,1,2
3SE8_HL_G|PH78A,0.01881787,-0.0023024268,1,2
3SE8_HL_G|PH81A,-0.07091986,-0.28464487,1,2
3SE8_HL_G|QH63A,1.1144251,-0.103211164,1,2
3SE8_HL_G|QH65A,0.54980505,-0.059627768,1,2
3SE8_HL_G|QH76A,0.09689985,-0.17428763,1,2
3SE8_HL_G|QL27A,-0.21612903,0.096593395,1,2
3SE8_HL_G|RH30A,-0.03949762,0.51955485,1,2
3SE8_HL_G|RH62A,1.2061691,0.6646693,1,2
3SE8_HL_G|RH72A,2.6444623,1.1930627,1,2
3SE8_HL_G|SH59A,1.1508402,0.14856087,1,2
3SE8_HL_G|VH58A,1.2496852,0.7097705,1,2
3SE8_HL_G|WH47A,1.4751467,1.2450515,1,2
3SE8_HL_G|WH50A,1.333526,1.9477837,1,2
3SE8_HL_G|WH55A,0.7611056,0.6589648,1,2
3SE8_HL_G|YH111A,0.82992166,0.901294,1,2
3SE8_HL_G|YH60A,0.8558488,1.1804286,1,2
4KRL_A_B|DB112A,0.6496817,1.9800236,1,2
5C6T_HL_A|EA194A,1.0906719,0.63927007,1,2
5C6T_HL_A|FA192A,1.9972014,1.5246938,1,2
5C6T_HL_A|FA199A,2.7581792,1.2637991,1,2
5C6T_HL_A|FA200A,0.41047263,1.3885015,1,2
5C6T_HL_A|FH99A,1.4600298,0.0637408,1,2
5C6T_HL_A|IA201A,0.88561165,-0.1408528,1,2
5C6T_HL_A|NA183A,0.28399685,0.5235129,1,2
5C6T_HL_A|NA186A,0.3630724,-0.81117237,1,2
5C6T_HL_A|NA188A,-0.36658686,0.45764145,1,2
"5C6T_HL_A|NA195A,DA197A",0.58650106,1.2266523,1,2
5C6T_HL_A|NH97A,1.5258962,0.09330574,1,2
5C6T_HL_A|RH31S,0.3115454,0.19809596,1,2
5C6T_HL_A|RL48A,0.1229613,0.6205027,1,2
5C6T_HL_A|SH32A,-0.8683455,0.4015265,1,2
5C6T_HL_A|TA185A,0.33786914,0.5910834,1,2
5C6T_HL_A|YA182A,3.2083547,1.35028,1,2
"5C6T_HL_A|YA182A,NA195A,DA197A",2.942425,2.432572,1,2
5C6T_HL_A|YH104A,0.3630724,0.81396145,1,2
5C6T_HL_A|YH98A,1.7166799,0.91957027,1,2
5C6T_HL_A|YL47A,0.5516565,1.9779372,1,2
1DVF_AB_CD|DB100A,2.7895143,0.59824896,2,0
"1DVF_AB_CD|DB100A,DD52A",4.0,1.8195065,2,0
"1DVF_AB_CD|DB100A,HD33A",4.0,1.3179251,2,0
"1DVF_AB_CD|DB100A,ND55A",4.0,0.9788537,2,0
1DVF_AB_CD|DB54A,4.0,0.4555206,2,0
"1DVF_AB_CD|DB54A,YC49A",4.0,1.4399015,2,0
1DVF_AB_CD|DB58A,1.6000048,0.95279896,2,0
"1DVF_AB_CD|DB58A,QD104A",1.4641725,1.4867916,2,0
1DVF_AB_CD|DD52A,1.6822901,1.0923287,2,0
1DVF_AB_CD|EB98A,4.0,0.75582945,2,0
"1DVF_AB_CD|EB98A,YD102A",4.0,2.5027897,2,0
1DVF_AB_CD|HA30A,1.6493824,0.5363606,2,0
1DVF_AB_CD|HD33A,1.8606005,0.54087067,2,0
1DVF_AB_CD|ID101A,2.6815457,0.09944874,2,0
1DVF_AB_CD|KD30A,1.0035173,0.34606966,2,0
1DVF_AB_CD|NB56A,1.1624389,0.3083036,2,0
"1DVF_AB_CD|NB56A,HD33A",2.5259995,0.8727139,2,0
"1DVF_AB_CD|NB56A,ND55A",2.3010929,0.649964,2,0
"1DVF_AB_CD|NB56A,QD104A",1.4868644,0.8847114,2,0
1DVF_AB_CD|ND55A,1.8606005,0.33270255,2,0
1DVF_AB_CD|QD104A,1.6287225,0.62922895,2,0
1DVF_AB_CD|RB99A,1.8746451,0.05322451,2,0
1DVF_AB_CD|RD106A,4.0,0.56068313,2,0
1DVF_AB_CD|SA93A,1.1624389,0.5424752,2,0
1DVF_AB_CD|TB30A,0.9075126,0.15473133,2,0
1DVF_AB_CD|WA92A,0.34072307,0.32102117,2,0
1DVF_AB_CD|WB52A,4.0,1.3027825,2,0
"1DVF_AB_CD|WB52A,QD104A",4.0,1.7915015,2,0
1DVF_AB_CD|YA32A,2.0303695,1.9268165,2,0
"1DVF_AB_CD|YA32A,RD106A",4.0,2.6918054,2,0
1DVF_AB_CD|YA49A,1.6785902,1.6275426,2,0
"1DVF_AB_CD|YA49A,HD33A",2.625045,2.3165398,2,0
"1DVF_AB_CD|YA49A,ND55A",2.0303695,1.9331228,2,0
1DVF_AB_CD|YA50A,0.6877736,2.5792205,2,0
1DVF_AB_CD|YB101F,2.0123136,1.0950875,2,0
1DVF_AB_CD|YB32A,1.8314707,1.1272588,2,0
1DVF_AB_CD|YC49A,1.8606005,0.98563766,2,0
1DVF_AB_CD|YD102A,4.0,1.6342931,2,0
1MHP_HL_A|FH99W,0.0,-0.37214595,2,0
1MHP_HL_A|FH99Y,0.75466895,-1.29666,2,0
1MHP_HL_A|GH100F,0.38901797,-0.12656617,2,0
1MHP_HL_A|GH100L,2.727121,0.066141024,2,0
1MHP_HL_A|GH100M,0.10213403,-0.03062411,2,0
1MHP_HL_A|GH100S,0.5577475,0.11239633,2,0
1MHP_HL_A|GH53A,0.5126066,0.46310797,2,0
1MHP_HL_A|GH53N,1.2553134,0.17458469,2,0
1MHP_HL_A|GH53S,0.6755934,-0.051836327,2,0
1MHP_HL_A|GH54I,1.3635606,0.1211184,2,0
1MHP_HL_A|GH54T,1.1641668,0.6006924,2,0
1MHP_HL_A|GH54Y,0.0,-1.1109278,2,0
1MHP_HL_A|GL91Q,1.572685,0.04382988,2,0
1MHP_HL_A|GL91S,0.5126066,0.12904607,2,0
1MHP_HL_A|HL30K,1.1641668,0.37747726,2,0
1MHP_HL_A|HL30R,1.1237977,-0.087528646,2,0
1MHP_HL_A|HL30W,1.2553134,-0.32192165,2,0
1MHP_HL_A|KH64D,-0.17144196,-0.9534321,2,0
1MHP_HL_A|KH64E,-0.07761467,-0.76584184,2,0
"1MHP_HL_A|KH64E,SL27Q",-0.85684633,-0.82191443,2,0
"1MHP_HL_A|KH64E,SL27Q,NL51Y",-1.0191593,-1.622757,2,0
1MHP_HL_A|KH64N,-0.03627145,-0.72450185,2,0
1MHP_HL_A|KH64Q,-0.07761467,-0.54400337,2,0
1MHP_HL_A|LH60D,-0.061319917,-0.2975889,2,0
"1MHP_HL_A|LH60D,KH64E",-0.1418005,-0.8445715,2,0
"1MHP_HL_A|LH60D,KH64Q",0.042989343,-0.6713809,2,0
1MHP_HL_A|LL48F,0.71227974,-0.43934485,2,0
1MHP_HL_A|LL48K,0.8612009,0.07453115,2,0
1MHP_HL_A|LL48W,1.9075676,-0.9077685,2,0
1MHP_HL_A|NL29V,1.0493295,-0.15266004,2,0
1MHP_HL_A|NL29W,1.572685,-0.3173002,2,0
1MHP_HL_A|NL29Y,1.9075676,-0.6003083,2,0
"1MHP_HL_A|NL29Y,SL90I",0.43436813,-0.3323981,2,0
1MHP_HL_A|NL51D,0.5007625,-0.39034864,2,0
1MHP_HL_A|NL51E,-0.08868487,-0.1431039,2,0
1MHP_HL_A|NL51K,0.65751,0.34027687,2,0
1MHP_HL_A|NL51R,0.84484076,-0.2447463,2,0
1MHP_HL_A|NL51Y,-0.05162489,-0.8608345,2,0
1MHP_HL_A|RH31Q,1.3073281,0.12251702,2,0
1MHP_HL_A|SH35A,1.572685,0.9982964,2,0
"1MHP_HL_A|SH35A,GH102S",1.572685,1.1660873,2,0
1MHP_HL_A|SH35Q,2.727121,0.1864134,2,0
"1MHP_HL_A|SH35V,GH102S",1.4256749,0.4718174,2,0
1MHP_HL_A|SH52M,2.0758402,-0.12991424,2,0
1MHP_HL_A|SL23R,-0.21533228,-0.1939313,2,0
1MHP_HL_A|SL27Q,-0.6661127,-0.22488867,2,0
1MHP_HL_A|SL90Q,1.7740332,0.083690315,2,0
1MHP_HL_A|SL90T,2.3166485,0.54176366,2,0
"1MHP_HL_A|TH33E,GH53Q",1.6674565,0.19857109,2,0
"1MHP_HL_A|TH33I,SH52T,GH53N,GH54N",1.9075676,0.97745776,2,0
"1MHP_HL_A|TH33I,SH52T,GH53Q,GH54F",1.2553134,0.24465048,2,0
1MHP_HL_A|TH33N,2.727121,0.15544125,2,0
1MHP_HL_A|TH33V,0.43436813,0.33437243,2,0
1MHP_HL_A|TH50V,-0.13159887,-0.5184697,2,0
"1MHP_HL_A|TH50V,GH102S",1.6674565,-0.224629,2,0
"1MHP_HL_A|TH50V,KH64E",-0.1805197,-1.2331802,2,0
"1MHP_HL_A|TH50V,KH64E,SL27Q,NL51E",-1.267319,-1.3612987,2,0
"1MHP_HL_A|TH50V,KH64E,SL27Q,NL51Y",-1.0844951,-2.0620687,2,0
"1MHP_HL_A|TH50V,SH35A",2.0758402,0.4857581,2,0
"1MHP_HL_A|TH50V,SH35V",2.727121,-0.2920195,2,0
"1MHP_HL_A|TH50V,SL27Q",-0.6946839,-0.5211588,2,0
"1MHP_HL_A|TH50V,SL27Q,NL51Y",-1.0235296,-1.2859453,2,0
1MHP_HL_A|WL89Q,2.0758402,0.77496994,2,0
"1MHP_HL_A|WL89Q,FL32Y",0.871019,0.23465747,2,0
1MHP_HL_A|YH58E,2.0758402,0.90700674,2,0
1MHP_HL_A|YH58Q,2.0758402,1.0504042,2,0
1MHP_HL_A|YH58W,0.82094526,0.2764368,2,0
1MHP_HL_A|YH59E,0.54400706,0.21528545,2,0
1N8Z_AB_C|DB102W,-0.71302944,-0.7629007,2,0
1N8Z_AB_C|FC539A,0.035102826,1.2144798,2,0
1N8Z_AB_C|HA91F,0.034232877,-0.16462107,2,0
1N8Z_AB_C|LC509A,-0.023045197,0.8222965,2,0
1N8Z_AB_C|NA30S,0.06666317,-0.047314327,2,0
"1N8Z_AB_C|NA30S,HA91F,YA92W",-0.07476232,0.60842955,2,0
"1N8Z_AB_C|NA30S,HA91F,YA92W,TA94S,DB102W,YB105F,YB109V",0.050661404,0.46436754,2,0
1N8Z_AB_C|RB50A,2.9754758,0.56644785,2,0
1N8Z_AB_C|RB59A,1.8037988,1.1420029,2,0
1N8Z_AB_C|SC535A,0.030827092,0.5619086,2,0
1N8Z_AB_C|TA94S,0.32168603,-0.70282936,2,0
1N8Z_AB_C|VC536A,0.008972699,0.27587393,2,0
1N8Z_AB_C|YB105F,0.8540034,0.8116766,2,0
1N8Z_AB_C|YB109V,0.23192272,0.68338835,2,0
1XGQ_AB_C|VB33A,1.1525793,1.4048914,2,0
1XGQ_AB_C|VB33F,-2.9080825,-0.89335275,2,0
1XGQ_AB_C|VB33I,-1.1076277,0.2858185,2,0
1XGQ_AB_C|VB33L,-1.0463123,-0.19564702,2,0
1YQV_HL_Y|RY45K,1.8995041,-0.14385471,2,0
"1YQV_HL_Y|RY68K,TY40S,IY55V,SY91T",4.0,0.43015242,2,0
"1YQV_HL_Y|RY68K,TY40S,IY55V,SY91T,QY121H",0.0,0.28963655,2,0
1YY9_CD_A|AC25P,0.07225565,-0.9226203,2,0
1YY9_CD_A|AD98P,1.0372273,-1.1828192,2,0
1YY9_CD_A|GD54P,0.26807046,0.14280124,2,0
1YY9_CD_A|LD29P,0.030827092,0.14822641,2,0
1YY9_CD_A|NC93A,-0.74186975,0.31071872,2,0
1YY9_CD_A|ND56A,-0.057046015,0.2652795,2,0
1YY9_CD_A|SC26D,-0.19925442,-0.06733112,2,0
"1YY9_CD_A|SC26D,TC31E,NC93A",-1.3329437,0.2063775,2,0
"1YY9_CD_A|SC26D,TC31E,NC93A,ND56A,TD61E",-0.6517935,0.0030097663,2,0
1YY9_CD_A|SC26P,-0.009110746,0.0033129826,2,0
1YY9_CD_A|SC28P,-0.22229962,0.06513807,2,0
1YY9_CD_A|SC54P,-0.018363854,0.35755622,2,0
1YY9_CD_A|SD53P,0.8175451,-0.054200314,2,0
1YY9_CD_A|TC31E,-0.51892465,0.22431388,2,0
"1YY9_CD_A|TC31E,NC93A",-0.81853306,0.5421599,2,0
1YY9_CD_A|TC96P,4.0,-0.4577156,2,0
1YY9_CD_A|TD61E,-0.057046015,-0.57368314,2,0
1YY9_CD_A|WD52P,1.4782712,0.5063882,2,0
1YY9_CD_A|YD101P,1.6514195,0.5749341,2,0
3NPS_A_BC|DA214A,1.466743,0.7357533,2,0
3NPS_A_BC|DA46A,0.3399866,0.79922867,2,0
3NPS_A_BC|DA47A,1.0674704,1.2572939,2,0
3NPS_A_BC|DA91A,1.5070341,0.59911036,2,0
3NPS_A_BC|EA163A,0.61534816,0.58919,2,0
3NPS_A_BC|FA50A,0.21957076,1.0957643,2,0
3NPS_A_BC|FA89A,1.5714045,1.2393327,2,0
3NPS_A_BC|FA92A,0.46353978,0.713923,2,0
3NPS_A_BC|HA138A,1.8750918,0.19003478,2,0
3NPS_A_BC|IA26A,0.6415425,0.2742379,2,0
3NPS_A_BC|IA45A,-0.33181784,0.36142367,2,0
3NPS_A_BC|KA221A,-0.10361039,0.70463383,2,0
3NPS_A_BC|LA147A,0.29573628,0.23261473,2,0
3NPS_A_BC|NA90A,0.25341922,0.7119098,2,0
3NPS_A_BC|QA140A,0.29573628,0.3997804,2,0
3NPS_A_BC|QA168A,-0.059223834,0.99502516,2,0
3NPS_A_BC|QA169A,0.7409076,1.7036654,2,0
3NPS_A_BC|QA218A,-0.040916756,0.774719,2,0
3NPS_A_BC|QA23A,0.026323749,1.2208929,2,0
3NPS_A_BC|RA219A,-0.08390186,0.026080526,2,0
3NPS_A_BC|RA48A,-1.062741,0.17365287,2,0
3NPS_A_BC|RA51A,0.13816836,0.6614083,2,0
3NPS_A_BC|RA82A,-0.15159543,0.7299005,2,0
3NPS_A_BC|TA144A,0.17497002,0.5803255,2,0
3NPS_A_BC|TA93A,0.72381234,0.6449449,2,0
3NPS_A_BC|YA141A,1.7748737,0.8773298,2,0
3NPS_A_BC|YA52A,0.4518898,0.8444654,2,0
3W2D_A_HL|KA67N,4.0,0.19506699,2,0
3W2D_A_HL|KA67R,-0.42812017,-0.04205255,2,0
3W2D_A_HL|YA45F,0.8779443,-0.8565488,2,0
3W2D_A_HL|YA45L,2.3647563,0.24406177,2,0
"4KRO_A_B|DA321T,FA323A",0.1269707,2.031469,2,0
"4KRP_A_B|DA277T,FA279A",0.35829666,2.0568912,2,0
4NM8_ABCDEF_HL|DB19N,0.66149956,0.7139511,2,0
4NM8_ABCDEF_HL|IB18M,0.10977998,0.43142027,2,0
4NM8_ABCDEF_HL|LB38Y,-0.6151596,0.2113119,2,0
4NM8_ABCDEF_HL|QB34R,2.9754758,0.5820683,2,0
4NM8_ABCDEF_HL|QB34T,2.3309386,0.5785266,2,0
4NM8_ABCDEF_HL|RB25M,3.442353,0.1072858,2,0
4NM8_ABCDEF_HL|TB32E,-0.5517196,-0.3964719,2,0
4NM8_ABCDEF_HL|TB32I,-0.050205972,0.4305615,2,0
4NM8_ABCDEF_HL|TB32R,1.2211944,0.14820297,2,0
1DVF_AB_CD|DB100A,2.7895143,0.8169179,2,1
"1DVF_AB_CD|DB100A,DD52A",4.0,1.6798625,2,1
"1DVF_AB_CD|DB100A,HD33A",4.0,1.7616959,2,1
"1DVF_AB_CD|DB100A,ND55A",4.0,1.0162917,2,1
1DVF_AB_CD|DB54A,4.0,0.6095416,2,1
"1DVF_AB_CD|DB54A,YC49A",4.0,2.222325,2,1
1DVF_AB_CD|DB58A,1.6000048,0.8063743,2,1
"1DVF_AB_CD|DB58A,QD104A",1.4641725,1.3517144,2,1
1DVF_AB_CD|DD52A,1.6822901,0.9413991,2,1
1DVF_AB_CD|EB98A,4.0,1.2552845,2,1
"1DVF_AB_CD|EB98A,YD102A",4.0,2.5814755,2,1
1DVF_AB_CD|HA30A,1.6493824,0.30422705,2,1
1DVF_AB_CD|HD33A,1.8606005,0.88687783,2,1
1DVF_AB_CD|ID101A,2.6815457,0.61152804,2,1
1DVF_AB_CD|KD30A,1.0035173,0.5707721,2,1
1DVF_AB_CD|NB56A,1.1624389,0.16345449,2,1
"1DVF_AB_CD|NB56A,HD33A",2.5259995,0.9582428,2,1
"1DVF_AB_CD|NB56A,ND55A",2.3010929,0.38741285,2,1
"1DVF_AB_CD|NB56A,QD104A",1.4868644,0.68878543,2,1
1DVF_AB_CD|ND55A,1.8606005,0.25176674,2,1
1DVF_AB_CD|QD104A,1.6287225,0.628027,2,1
1DVF_AB_CD|RB99A,1.8746451,0.40636128,2,1
1DVF_AB_CD|RD106A,4.0,0.42401415,2,1
1DVF_AB_CD|SA93A,1.1624389,0.7171501,2,1
1DVF_AB_CD|TB30A,0.9075126,0.1268085,2,1
1DVF_AB_CD|WA92A,0.34072307,1.8522625,2,1
1DVF_AB_CD|WB52A,4.0,1.1033669,2,1
"1DVF_AB_CD|WB52A,QD104A",4.0,1.691044,2,1
1DVF_AB_CD|YA32A,2.0303695,1.2996447,2,1
"1DVF_AB_CD|YA32A,RD106A",4.0,1.6743973,2,1
1DVF_AB_CD|YA49A,1.6785902,0.7952463,2,1
"1DVF_AB_CD|YA49A,HD33A",2.625045,1.6789916,2,1
"1DVF_AB_CD|YA49A,ND55A",2.0303695,1.0617042,2,1
1DVF_AB_CD|YA50A,0.6877736,0.96366227,2,1
1DVF_AB_CD|YB101F,2.0123136,0.4603504,2,1
1DVF_AB_CD|YB32A,1.8314707,1.3578994,2,1
1DVF_AB_CD|YC49A,1.8606005,1.5621018,2,1
1DVF_AB_CD|YD102A,4.0,1.3441153,2,1
1MHP_HL_A|FH99W,0.0,-0.08648235,2,1
1MHP_HL_A|FH99Y,0.75466895,-0.30489093,2,1
1MHP_HL_A|GH100F,0.38901797,-0.27893388,2,1
1MHP_HL_A|GH100L,2.727121,-0.07815719,2,1
1MHP_HL_A|GH100M,0.10213403,-0.28159487,2,1
1MHP_HL_A|GH100S,0.5577475,-0.12111865,2,1
1MHP_HL_A|GH53A,0.5126066,0.52676487,2,1
1MHP_HL_A|GH53N,1.2553134,0.35080123,2,1
1MHP_HL_A|GH53S,0.6755934,0.054184586,2,1
1MHP_HL_A|GH54I,1.3635606,-0.16913584,2,1
1MHP_HL_A|GH54T,1.1641668,0.19563168,2,1
1MHP_HL_A|GH54Y,0.0,-0.6730995,2,1
1MHP_HL_A|GL91Q,1.572685,-0.19762634,2,1
1MHP_HL_A|GL91S,0.5126066,-0.11917947,2,1
1MHP_HL_A|HL30K,1.1641668,0.22571266,2,1
1MHP_HL_A|HL30R,1.1237977,-0.18429403,2,1
1MHP_HL_A|HL30W,1.2553134,-0.27103555,2,1
1MHP_HL_A|KH64D,-0.17144196,-0.7219833,2,1
1MHP_HL_A|KH64E,-0.07761467,-0.83337843,2,1
"1MHP_HL_A|KH64E,SL27Q",-0.85684633,-0.94919354,2,1
"1MHP_HL_A|KH64E,SL27Q,NL51Y",-1.0191593,-1.7377398,2,1
1MHP_HL_A|KH64N,-0.03627145,-0.25480473,2,1
1MHP_HL_A|KH64Q,-0.07761467,-0.42246342,2,1
1MHP_HL_A|LH60D,-0.061319917,0.059750833,2,1
"1MHP_HL_A|LH60D,KH64E",-0.1418005,-0.9492556,2,1
"1MHP_HL_A|LH60D,KH64Q",0.042989343,-0.45096952,2,1
1MHP_HL_A|LL48F,0.71227974,-0.12534948,2,1
1MHP_HL_A|LL48K,0.8612009,0.25170916,2,1
1MHP_HL_A|LL48W,1.9075676,-0.27172762,2,1
1MHP_HL_A|NL29V,1.0493295,-0.49121422,2,1
1MHP_HL_A|NL29W,1.572685,-0.4847803,2,1
1MHP_HL_A|NL29Y,1.9075676,-0.63013816,2,1
"1MHP_HL_A|NL29Y,SL90I",0.43436813,-0.43461746,2,1
1MHP_HL_A|NL51D,0.5007625,-0.4875757,2,1
1MHP_HL_A|NL51E,-0.08868487,-0.56027544,2,1
1MHP_HL_A|NL51K,0.65751,-0.07181522,2,1
1MHP_HL_A|NL51R,0.84484076,-0.20981027,2,1
1MHP_HL_A|NL51Y,-0.05162489,-0.68683285,2,1
1MHP_HL_A|RH31Q,1.3073281,-0.014240708,2,1
1MHP_HL_A|SH35A,1.572685,0.88836706,2,1
"1MHP_HL_A|SH35A,GH102S",1.572685,0.69208264,2,1
1MHP_HL_A|SH35Q,2.727121,0.22105028,2,1
"1MHP_HL_A|SH35V,GH102S",1.4256749,0.0020414349,2,1
1MHP_HL_A|SH52M,2.0758402,0.042789284,2,1
1MHP_HL_A|SL23R,-0.21533228,-0.06496471,2,1
1MHP_HL_A|SL27Q,-0.6661127,-0.16959518,2,1
1MHP_HL_A|SL90Q,1.7740332,0.26049882,2,1
1MHP_HL_A|SL90T,2.3166485,0.8487022,2,1
"1MHP_HL_A|TH33E,GH53Q",1.6674565,-0.3915918,2,1
"1MHP_HL_A|TH33I,SH52T,GH53N,GH54N",1.9075676,0.71174574,2,1
"1MHP_HL_A|TH33I,SH52T,GH53Q,GH54F",1.2553134,-0.18305448,2,1
1MHP_HL_A|TH33N,2.727121,-0.15966204,2,1
1MHP_HL_A|TH33V,0.43436813,-0.40323186,2,1
1MHP_HL_A|TH50V,-0.13159887,-0.18147664,2,1
"1MHP_HL_A|TH50V,GH102S",1.6674565,-0.47041726,2,1
"1MHP_HL_A|TH50V,KH64E",-0.1805197,-1.1791978,2,1
"1MHP_HL_A|TH50V,KH64E,SL27Q,NL51E",-1.267319,-2.054509,2,1
"1MHP_HL_A|TH50V,KH64E,SL27Q,NL51Y",-1.0844951,-2.2060902,2,1
"1MHP_HL_A|TH50V,SH35A",2.0758402,0.48330575,2,1
"1MHP_HL_A|TH50V,SH35V",2.727121,-0.1758849,2,1
"1MHP_HL_A|TH50V,SL27Q",-0.6946839,-0.5101345,2,1
"1MHP_HL_A|TH50V,SL27Q,NL51Y",-1.0235296,-1.36509,2,1
1MHP_HL_A|WL89Q,2.0758402,0.6187181,2,1
"1MHP_HL_A|WL89Q,FL32Y",0.871019,0.23636222,2,1
1MHP_HL_A|YH58E,2.0758402,0.103519194,2,1
1MHP_HL_A|YH58Q,2.0758402,0.37592137,2,1
1MHP_HL_A|YH58W,0.82094526,-0.10249539,2,1
1MHP_HL_A|YH59E,0.54400706,0.12543021,2,1
1N8Z_AB_C|DB102W,-0.71302944,-0.5685929,2,1
1N8Z_AB_C|FC539A,0.035102826,1.2094971,2,1
1N8Z_AB_C|HA91F,0.034232877,-0.19128816,2,1
1N8Z_AB_C|LC509A,-0.023045197,1.0527242,2,1
1N8Z_AB_C|NA30S,0.06666317,-0.1516931,2,1
"1N8Z_AB_C|NA30S,HA91F,YA92W",-0.07476232,-0.37294155,2,1
"1N8Z_AB_C|NA30S,HA91F,YA92W,TA94S,DB102W,YB105F,YB109V",0.050661404,-0.98151803,2,1
1N8Z_AB_C|RB50A,2.9754758,0.8101158,2,1
1N8Z_AB_C|RB59A,1.8037988,0.673929,2,1
1N8Z_AB_C|SC535A,0.030827092,0.5253735,2,1
1N8Z_AB_C|TA94S,0.32168603,-0.5088239,2,1
1N8Z_AB_C|VC536A,0.008972699,0.9894125,2,1
1N8Z_AB_C|YB105F,0.8540034,0.19769628,2,1
1N8Z_AB_C|YB109V,0.23192272,0.1814834,2,1
1XGQ_AB_C|VB33A,1.1525793,1.3661277,2,1
1XGQ_AB_C|VB33F,-2.9080825,-0.6576272,2,1
1XGQ_AB_C|VB33I,-1.1076277,-0.048284665,2,1
1XGQ_AB_C|VB33L,-1.0463123,-0.2676962,2,1
1YQV_HL_Y|RY45K,1.8995041,0.059465747,2,1
"1YQV_HL_Y|RY68K,TY40S,IY55V,SY91T",4.0,0.032495327,2,1
"1YQV_HL_Y|RY68K,TY40S,IY55V,SY91T,QY121H",0.0,-0.0977758,2,1
1YY9_CD_A|AC25P,0.07225565,-0.1870387,2,1
1YY9_CD_A|AD98P,1.0372273,-0.88340575,2,1
1YY9_CD_A|GD54P,0.26807046,-0.15327345,2,1
1YY9_CD_A|LD29P,0.030827092,0.16233855,2,1
1YY9_CD_A|NC93A,-0.74186975,0.2663387,2,1
1YY9_CD_A|ND56A,-0.057046015,0.08875277,2,1
1YY9_CD_A|SC26D,-0.19925442,-0.09637311,2,1
"1YY9_CD_A|SC26D,TC31E,NC93A",-1.3329437,-0.17653303,2,1
"1YY9_CD_A|SC26D,TC31E,NC93A,ND56A,TD61E",-0.6517935,-0.45106006,2,1
1YY9_CD_A|SC26P,-0.009110746,-0.039264165,2,1
1YY9_CD_A|SC28P,-0.22229962,0.004652476,2,1
1YY9_CD_A|SC54P,-0.018363854,0.2544629,2,1
1YY9_CD_A|SD53P,0.8175451,0.36738884,2,1
1YY9_CD_A|TC31E,-0.51892465,-0.39736062,2,1
"1YY9_CD_A|TC31E,NC93A",-0.81853306,-0.0436107,2,1
1YY9_CD_A|TC96P,4.0,-0.12938224,2,1
1YY9_CD_A|TD61E,-0.057046015,-0.29942763,2,1
1YY9_CD_A|WD52P,1.4782712,0.5509615,2,1
1YY9_CD_A|YD101P,1.6514195,0.29452133,2,1
3NPS_A_BC|DA214A,1.466743,0.5873268,2,1
3NPS_A_BC|DA46A,0.3399866,0.6910691,2,1
3NPS_A_BC|DA47A,1.0674704,0.8950504,2,1
3NPS_A_BC|DA91A,1.5070341,0.7210831,2,1
3NPS_A_BC|EA163A,0.61534816,1.1019939,2,1
3NPS_A_BC|FA50A,0.21957076,1.2699124,2,1
3NPS_A_BC|FA89A,1.5714045,1.1921967,2,1
3NPS_A_BC|FA92A,0.46353978,0.84939265,2,1
3NPS_A_BC|HA138A,1.8750918,0.40887523,2,1
3NPS_A_BC|IA26A,0.6415425,0.37990934,2,1
3NPS_A_BC|IA45A,-0.33181784,0.5742774,2,1
3NPS_A_BC|KA221A,-0.10361039,0.5363491,2,1
3NPS_A_BC|LA147A,0.29573628,0.7178939,2,1
3NPS_A_BC|NA90A,0.25341922,0.47137034,2,1
3NPS_A_BC|QA140A,0.29573628,0.7651518,2,1
3NPS_A_BC|QA168A,-0.059223834,0.7909732,2,1
3NPS_A_BC|QA169A,0.7409076,1.2590849,2,1
3NPS_A_BC|QA218A,-0.040916756,0.8733384,2,1
3NPS_A_BC|QA23A,0.026323749,0.95400596,2,1
3NPS_A_BC|RA219A,-0.08390186,0.37912852,2,1
3NPS_A_BC|RA48A,-1.062741,0.29557252,2,1
3NPS_A_BC|RA51A,0.13816836,0.22063047,2,1
3NPS_A_BC|RA82A,-0.15159543,0.82246995,2,1
3NPS_A_BC|TA144A,0.17497002,0.46498644,2,1
3NPS_A_BC|TA93A,0.72381234,1.0130075,2,1
3NPS_A_BC|YA141A,1.7748737,1.0174555,2,1
3NPS_A_BC|YA52A,0.4518898,0.5842998,2,1
3W2D_A_HL|KA67N,4.0,-0.13312821,2,1
3W2D_A_HL|KA67R,-0.42812017,-0.036791645,2,1
3W2D_A_HL|YA45F,0.8779443,-0.5256896,2,1
3W2D_A_HL|YA45L,2.3647563,0.21546984,2,1
"4KRO_A_B|DA321T,FA323A",0.1269707,1.9580076,2,1
"4KRP_A_B|DA277T,FA279A",0.35829666,1.9698085,2,1
4NM8_ABCDEF_HL|DB19N,0.66149956,0.6313897,2,1
4NM8_ABCDEF_HL|IB18M,0.10977998,0.07139642,2,1
4NM8_ABCDEF_HL|LB38Y,-0.6151596,0.24162398,2,1
4NM8_ABCDEF_HL|QB34R,2.9754758,0.8832615,2,1
4NM8_ABCDEF_HL|QB34T,2.3309386,0.37599063,2,1
4NM8_ABCDEF_HL|RB25M,3.442353,-0.06713756,2,1
4NM8_ABCDEF_HL|TB32E,-0.5517196,-0.047361985,2,1
4NM8_ABCDEF_HL|TB32I,-0.050205972,0.39346164,2,1
4NM8_ABCDEF_HL|TB32R,1.2211944,0.6320425,2,1
1DVF_AB_CD|DB100A,2.7895143,-0.0898301,2,2
"1DVF_AB_CD|DB100A,DD52A",4.0,-0.08661625,2,2
"1DVF_AB_CD|DB100A,HD33A",4.0,-0.06920445,2,2
"1DVF_AB_CD|DB100A,ND55A",4.0,0.028929513,2,2
1DVF_AB_CD|DB54A,4.0,0.0059007555,2,2
"1DVF_AB_CD|DB54A,YC49A",4.0,-0.006114181,2,2
1DVF_AB_CD|DB58A,1.6000048,0.10990825,2,2
"1DVF_AB_CD|DB58A,QD104A",1.4641725,0.09483674,2,2
1DVF_AB_CD|DD52A,1.6822901,0.07172445,2,2
1DVF_AB_CD|EB98A,4.0,-0.011653129,2,2
"1DVF_AB_CD|EB98A,YD102A",4.0,0.073231295,2,2
1DVF_AB_CD|HA30A,1.6493824,-0.015645448,2,2
1DVF_AB_CD|HD33A,1.8606005,-0.013101276,2,2
1DVF_AB_CD|ID101A,2.6815457,-0.009876147,2,2
1DVF_AB_CD|KD30A,1.0035173,0.20753391,2,2
1DVF_AB_CD|NB56A,1.1624389,-0.13083684,2,2
"1DVF_AB_CD|NB56A,HD33A",2.5259995,-0.12477586,2,2
"1DVF_AB_CD|NB56A,ND55A",2.3010929,-0.13574079,2,2
"1DVF_AB_CD|NB56A,QD104A",1.4868644,-0.20235316,2,2
1DVF_AB_CD|ND55A,1.8606005,0.1041359,2,2
1DVF_AB_CD|QD104A,1.6287225,-0.15618926,2,2
1DVF_AB_CD|RB99A,1.8746451,0.07982769,2,2
1DVF_AB_CD|RD106A,4.0,0.09630114,2,2
1DVF_AB_CD|SA93A,1.1624389,-0.09610371,2,2
1DVF_AB_CD|TB30A,0.9075126,0.07530887,2,2
1DVF_AB_CD|WA92A,0.34072307,0.13215496,2,2
1DVF_AB_CD|WB52A,4.0,-0.010529194,2,2
"1DVF_AB_CD|WB52A,QD104A",4.0,-0.2210921,2,2
1DVF_AB_CD|YA32A,2.0303695,0.22213924,2,2
"1DVF_AB_CD|YA32A,RD106A",4.0,0.33562493,2,2
1DVF_AB_CD|YA49A,1.6785902,0.15386873,2,2
"1DVF_AB_CD|YA49A,HD33A",2.625045,-0.0031729676,2,2
"1DVF_AB_CD|YA49A,ND55A",2.0303695,0.13021493,2,2
1DVF_AB_CD|YA50A,0.6877736,-0.014014572,2,2
1DVF_AB_CD|YB101F,2.0123136,0.0049266666,2,2
1DVF_AB_CD|YB32A,1.8314707,0.15415268,2,2
1DVF_AB_CD|YC49A,1.8606005,0.019075304,2,2
1DVF_AB_CD|YD102A,4.0,0.15291825,2,2
1MHP_HL_A|FH99W,0.0,-0.092379496,2,2
1MHP_HL_A|FH99Y,0.75466895,-0.14839727,2,2
1MHP_HL_A|GH100F,0.38901797,-0.06345731,2,2
1MHP_HL_A|GH100L,2.727121,-0.037432898,2,2
1MHP_HL_A|GH100M,0.10213403,-0.060662795,2,2
1MHP_HL_A|GH100S,0.5577475,0.007453397,2,2
1MHP_HL_A|GH53A,0.5126066,-0.041929636,2,2
1MHP_HL_A|GH53N,1.2553134,-0.024828937,2,2
1MHP_HL_A|GH53S,0.6755934,-0.04622137,2,2
1MHP_HL_A|GH54I,1.3635606,0.11170341,2,2
1MHP_HL_A|GH54T,1.1641668,0.13226865,2,2
1MHP_HL_A|GH54Y,0.0,0.0421604,2,2
1MHP_HL_A|GL91Q,1.572685,-0.1456181,2,2
1MHP_HL_A|GL91S,0.5126066,-0.091275394,2,2
1MHP_HL_A|HL30K,1.1641668,-0.01502898,2,2
1MHP_HL_A|HL30R,1.1237977,-0.016861212,2,2
1MHP_HL_A|HL30W,1.2553134,-0.0054008476,2,2
1MHP_HL_A|KH64D,-0.17144196,-0.15147366,2,2
1MHP_HL_A|KH64E,-0.07761467,-0.1685643,2,2
"1MHP_HL_A|KH64E,SL27Q",-0.85684633,-0.2612172,2,2
"1MHP_HL_A|KH64E,SL27Q,NL51Y",-1.0191593,-0.35409814,2,2
1MHP_HL_A|KH64N,-0.03627145,-0.11394036,2,2
1MHP_HL_A|KH64Q,-0.07761467,-0.15715146,2,2
1MHP_HL_A|LH60D,-0.061319917,-0.1708104,2,2
"1MHP_HL_A|LH60D,KH64E",-0.1418005,-0.18675481,2,2
"1MHP_HL_A|LH60D,KH64Q",0.042989343,-0.17130348,2,2
1MHP_HL_A|LL48F,0.71227974,-0.067705676,2,2
1MHP_HL_A|LL48K,0.8612009,-0.08373769,2,2
1MHP_HL_A|LL48W,1.9075676,-0.07499345,2,2
1MHP_HL_A|NL29V,1.0493295,-0.056176078,2,2
1MHP_HL_A|NL29W,1.572685,-0.012604509,2,2
1MHP_HL_A|NL29Y,1.9075676,-0.06950994,2,2
"1MHP_HL_A|NL29Y,SL90I",0.43436813,-0.050067153,2,2
1MHP_HL_A|NL51D,0.5007625,-0.26344472,2,2
1MHP_HL_A|NL51E,-0.08868487,-0.28774345,2,2
1MHP_HL_A|NL51K,0.65751,-0.23899767,2,2
1MHP_HL_A|NL51R,0.84484076,-0.24022865,2,2
1MHP_HL_A|NL51Y,-0.05162489,-0.2834625,2,2
1MHP_HL_A|RH31Q,1.3073281,-0.013213772,2,2
1MHP_HL_A|SH35A,1.572685,-0.057508882,2,2
"1MHP_HL_A|SH35A,GH102S",1.572685,0.116501495,2,2
1MHP_HL_A|SH35Q,2.727121,-0.11437252,2,2
"1MHP_HL_A|SH35V,GH102S",1.4256749,0.026471447,2,2
1MHP_HL_A|SH52M,2.0758402,-0.09447873,2,2
1MHP_HL_A|SL23R,-0.21533228,0.101046324,2,2
1MHP_HL_A|SL27Q,-0.6661127,-0.29574642,2,2
1MHP_HL_A|SL90Q,1.7740332,-0.08023095,2,2
1MHP_HL_A|SL90T,2.3166485,0.0015362129,2,2
"1MHP_HL_A|TH33E,GH53Q",1.6674565,-0.18853526,2,2
"1MHP_HL_A|TH33I,SH52T,GH53N,GH54N",1.9075676,0.14605872,2,2
"1MHP_HL_A|TH33I,SH52T,GH53Q,GH54F",1.2553134,-0.008646969,2,2
1MHP_HL_A|TH33N,2.727121,-0.111314,2,2
1MHP_HL_A|TH33V,0.43436813,-0.14015536,2,2
1MHP_HL_A|TH50V,-0.13159887,-0.09545322,2,2
"1MHP_HL_A|TH50V,GH102S",1.6674565,0.020659652,2,2
"1MHP_HL_A|TH50V,KH64E",-0.1805197,-0.20909311,2,2
"1MHP_HL_A|TH50V,KH64E,SL27Q,NL51E",-1.267319,-0.46035922,2,2
"1MHP_HL_A|TH50V,KH64E,SL27Q,NL51Y",-1.0844951,-0.44573018,2,2
"1MHP_HL_A|TH50V,SH35A",2.0758402,-0.1495427,2,2
"1MHP_HL_A|TH50V,SH35V",2.727121,-0.23038307,2,2
"1MHP_HL_A|TH50V,SL27Q",-0.6946839,-0.27822006,2,2
"1MHP_HL_A|TH50V,SL27Q,NL51Y",-1.0235296,-0.4109214,2,2
1MHP_HL_A|WL89Q,2.0758402,-0.025940996,2,2
"1MHP_HL_A|WL89Q,FL32Y",0.871019,-0.15209273,2,2
1MHP_HL_A|YH58E,2.0758402,0.1168721,2,2
1MHP_HL_A|YH58Q,2.0758402,0.12294915,2,2
1MHP_HL_A|YH58W,0.82094526,0.16156681,2,2
1MHP_HL_A|YH59E,0.54400706,0.3209195,2,2
1N8Z_AB_C|DB102W,-0.71302944,-0.02382027,2,2
1N8Z_AB_C|FC539A,0.035102826,0.22775471,2,2
1N8Z_AB_C|HA91F,0.034232877,0.07806568,2,2
1N8Z_AB_C|LC509A,-0.023045197,0.19741258,2,2
1N8Z_AB_C|NA30S,0.06666317,0.052658923,2,2
"1N8Z_AB_C|NA30S,HA91F,YA92W",-0.07476232,0.12784222,2,2
"1N8Z_AB_C|NA30S,HA91F,YA92W,TA94S,DB102W,YB105F,YB109V",0.050661404,0.094243735,2,2
1N8Z_AB_C|RB50A,2.9754758,-0.15897292,2,2
1N8Z_AB_C|RB59A,1.8037988,0.36835757,2,2
1N8Z_AB_C|SC535A,0.030827092,-0.0392203,2,2
1N8Z_AB_C|TA94S,0.32168603,-0.087259054,2,2
1N8Z_AB_C|VC536A,0.008972699,0.103935346,2,2
1N8Z_AB_C|YB105F,0.8540034,0.12017803,2,2
1N8Z_AB_C|YB109V,0.23192272,-0.10167149,2,2
1XGQ_AB_C|VB33A,1.1525793,-0.117777735,2,2
1XGQ_AB_C|VB33F,-2.9080825,-0.1411729,2,2
1XGQ_AB_C|VB33I,-1.1076277,-0.11785534,2,2
1XGQ_AB_C|VB33L,-1.0463123,-0.14582987,2,2
1YQV_HL_Y|RY45K,1.8995041,0.001288008,2,2
"1YQV_HL_Y|RY68K,TY40S,IY55V,SY91T",4.0,0.11812371,2,2
"1YQV_HL_Y|RY68K,TY40S,IY55V,SY91T,QY121H",0.0,0.088140935,2,2
1YY9_CD_A|AC25P,0.07225565,-0.04171824,2,2
1YY9_CD_A|AD98P,1.0372273,-0.14104913,2,2
1YY9_CD_A|GD54P,0.26807046,-0.022699747,2,2
1YY9_CD_A|LD29P,0.030827092,0.06369753,2,2
1YY9_CD_A|NC93A,-0.74186975,-0.16184954,2,2
1YY9_CD_A|ND56A,-0.057046015,-0.14613149,2,2
1YY9_CD_A|SC26D,-0.19925442,0.017911147,2,2
"1YY9_CD_A|SC26D,TC31E,NC93A",-1.3329437,-0.009363893,2,2
"1YY9_CD_A|SC26D,TC31E,NC93A,ND56A,TD61E",-0.6517935,-0.22734928,2,2
1YY9_CD_A|SC26P,-0.009110746,0.009745296,2,2
1YY9_CD_A|SC28P,-0.22229962,-0.258109,2,2
1YY9_CD_A|SC54P,-0.018363854,0.009795699,2,2
1YY9_CD_A|SD53P,0.8175451,-0.14453529,2,2
1YY9_CD_A|TC31E,-0.51892465,0.11445819,2,2
"1YY9_CD_A|TC31E,NC93A",-0.81853306,0.005271226,2,2
1YY9_CD_A|TC96P,4.0,-0.09892891,2,2
1YY9_CD_A|TD61E,-0.057046015,-0.40620163,2,2
1YY9_CD_A|WD52P,1.4782712,-0.07151902,2,2
1YY9_CD_A|YD101P,1.6514195,-0.01443829,2,2
3NPS_A_BC|DA214A,1.466743,-0.0006650686,2,2
3NPS_A_BC|DA46A,0.3399866,-0.09551208,2,2
3NPS_A_BC|DA47A,1.0674704,0.105528355,2,2
3NPS_A_BC|DA91A,1.5070341,0.07471378,2,2
3NPS_A_BC|EA163A,0.61534816,0.3569261,2,2
3NPS_A_BC|FA50A,0.21957076,0.07368052,2,2
3NPS_A_BC|FA89A,1.5714045,0.11350709,2,2
3NPS_A_BC|FA92A,0.46353978,0.09988211,2,2
3NPS_A_BC|HA138A,1.8750918,0.08238706,2,2
3NPS_A_BC|IA26A,0.6415425,0.24463384,2,2
3NPS_A_BC|IA45A,-0.33181784,0.12364228,2,2
3NPS_A_BC|KA221A,-0.10361039,0.0139388405,2,2
3NPS_A_BC|LA147A,0.29573628,0.17414615,2,2
3NPS_A_BC|NA90A,0.25341922,0.035335746,2,2
3NPS_A_BC|QA140A,0.29573628,-0.096416056,2,2
3NPS_A_BC|QA168A,-0.059223834,-0.057647865,2,2
3NPS_A_BC|QA169A,0.7409076,0.17166454,2,2
3NPS_A_BC|QA218A,-0.040916756,0.22873232,2,2
3NPS_A_BC|QA23A,0.026323749,0.12685195,2,2
3NPS_A_BC|RA219A,-0.08390186,-0.11440992,2,2
3NPS_A_BC|RA48A,-1.062741,0.014527168,2,2
3NPS_A_BC|RA51A,0.13816836,0.24634898,2,2
3NPS_A_BC|RA82A,-0.15159543,0.036235917,2,2
3NPS_A_BC|TA144A,0.17497002,0.03175894,2,2
3NPS_A_BC|TA93A,0.72381234,0.098860994,2,2
3NPS_A_BC|YA141A,1.7748737,-0.09889163,2,2
3NPS_A_BC|YA52A,0.4518898,0.1685595,2,2
3W2D_A_HL|KA67N,4.0,-0.03657436,2,2
3W2D_A_HL|KA67R,-0.42812017,0.04009869,2,2
3W2D_A_HL|YA45F,0.8779443,-0.17267309,2,2
3W2D_A_HL|YA45L,2.3647563,-0.10890557,2,2
"4KRO_A_B|DA321T,FA323A",0.1269707,0.09218067,2,2
"4KRP_A_B|DA277T,FA279A",0.35829666,0.12554571,2,2
4NM8_ABCDEF_HL|DB19N,0.66149956,0.17404866,2,2
4NM8_ABCDEF_HL|IB18M,0.10977998,-0.01898805,2,2
4NM8_ABCDEF_HL|LB38Y,-0.6151596,-0.091884315,2,2
4NM8_ABCDEF_HL|QB34R,2.9754758,0.112820655,2,2
4NM8_ABCDEF_HL|QB34T,2.3309386,0.13775136,2,2
4NM8_ABCDEF_HL|RB25M,3.442353,0.15058751,2,2
4NM8_ABCDEF_HL|TB32E,-0.5517196,0.07575445,2,2
4NM8_ABCDEF_HL|TB32I,-0.050205972,0.066544436,2,2
4NM8_ABCDEF_HL|TB32R,1.2211944,0.082319,2,2
"1CZ8_HL_VW|LL4M,DH28T,HH31N,YH101H,TH105S",2.939849,1.6015061,3,0
1KIR_AB_C|SA50Y,-1.3870943,-0.53673923,3,0
1MLC_AB_E|KB65D,0.018548755,-1.3102187,3,0
1MLC_AB_E|NA32G,-0.8773867,0.9822023,3,0
"1MLC_AB_E|NA32G,NA92A",-0.6866531,1.3440042,3,0
"1MLC_AB_E|NA32G,NA92A,SB57V,TB58D",-1.7349738,0.61981565,3,0
1MLC_AB_E|NA32Y,0.0,-1.0089376,3,0
1MLC_AB_E|NA92A,-1.2533532,0.58531815,3,0
"1MLC_AB_E|NA92A,SB57V,TB58D",-2.394188,-0.14874578,3,0
"1MLC_AB_E|NA92A,TB28D,SB57V,TB58D",-2.5813644,-0.6567182,3,0
"1MLC_AB_E|NA92A,TB28D,SB57V,TB58D,EB35S,GB99D",-2.9539242,-2.1616602,3,0
"1MLC_AB_E|NA92A,TB28D,SB57V,TB58D,GB99D",-0.20357698,-1.6239948,3,0
"1MLC_AB_E|NA92A,TB28D,SB57V,TB58D,NA32L",-2.5843081,0.077613905,3,0
"1MLC_AB_E|NA92A,TB28D,SB57V,TB58D,RB98M,DB100Q",-0.41047263,0.07909182,3,0
"1MLC_AB_E|NA92A,TB28D,SB57V,TB58D,SA91N,SA93A",-1.6104395,-0.5333562,3,0
"1MLC_AB_E|NA92A,TB28D,SB57V,TB58D,SB30G",-2.3584673,-0.079581276,3,0
"1MLC_AB_E|NA92A,TB28D,SB57V,TB58D,YB32W,RB98V,DB100Q",0.36138764,0.5900046,3,0
"1MLC_AB_E|NA92A,TB28D,SB57V,TB58D,YB59E",-1.4661698,0.41993198,3,0
1MLC_AB_E|SB57A,-0.37902167,0.6667304,3,0
1MLC_AB_E|SB57V,-0.49418068,0.12571093,3,0
"1MLC_AB_E|SB57V,TB58D",-0.9877286,-0.68112826,3,0
1MLC_AB_E|TB28D,-0.15094383,-0.6463759,3,0
1MLC_AB_E|TB31A,0.44700673,0.23251796,3,0
1MLC_AB_E|TB31V,0.5262404,-0.24483308,3,0
1MLC_AB_E|TB31W,0.13214268,-0.6016357,3,0
1MLC_AB_E|TB58D,-0.55968237,-0.73917186,3,0
1NCA_N_LH|DH101K,0.71416,0.79270923,3,0
1NCA_N_LH|EH100D,0.41047263,-0.063141756,3,0
1NCA_N_LH|NH102Q,0.5426153,0.10257712,3,0
1NCA_N_LH|NH31Q,0.0,0.2719915,3,0
1NMB_N_LH|DH57E,2.9536283,0.2852344,3,0
1NMB_N_LH|DH57N,2.9536283,0.36816093,3,0
1NMB_N_LH|LL94V,0.9000208,-0.20408434,3,0
1NMB_N_LH|TL93F,-0.023903161,-0.36954945,3,0
1NMB_N_LH|TL93W,0.18419003,-0.7126298,3,0
1NMB_N_LH|YH103A,2.14062,0.90351987,3,0
1NMB_N_LH|YH105F,1.4194101,0.47010785,3,0
1NMB_N_LH|YL32F,0.46632215,0.8842021,3,0
1VFB_AB_C|DB100A,3.005002,2.1221683,3,0
"1VFB_AB_C|DB100A,SC24A",3.369756,4.3592114,3,0
1VFB_AB_C|DB54A,0.8151114,2.2853165,3,0
"1VFB_AB_C|DB54A,TC118A",1.2546439,2.6136165,3,0
1VFB_AB_C|DB58A,-0.20700333,1.0426058,3,0
1VFB_AB_C|DB58E,0.078081094,0.30660918,3,0
1VFB_AB_C|DB58N,-0.12818155,0.09370196,3,0
1VFB_AB_C|DC119A,0.9530879,2.1107721,3,0
1VFB_AB_C|DC18A,0.34013057,1.3777877,3,0
1VFB_AB_C|EB98A,1.1565572,2.6715438,3,0
1VFB_AB_C|GB31A,0.30646533,0.50376856,3,0
1VFB_AB_C|GB31E,-0.5097613,0.008137569,3,0
1VFB_AB_C|GB31W,0.0039611305,-0.21468711,3,0
1VFB_AB_C|HA30A,0.84488255,0.6764078,3,0
1VFB_AB_C|IC124A,1.2314179,0.19123274,3,0
1VFB_AB_C|KC116A,0.7134504,1.0083103,3,0
1VFB_AB_C|LC129A,0.17154472,0.26606354,3,0
1VFB_AB_C|NA31W,0.17432266,0.049505338,3,0
1VFB_AB_C|NB56A,0.17771798,0.7725055,3,0
1VFB_AB_C|NC19A,0.3960868,0.4167294,3,0
1VFB_AB_C|QC121A,2.876998,-0.04670457,3,0
1VFB_AB_C|RB99A,-0.099735305,1.3821868,3,0
1VFB_AB_C|RB99W,0.7049742,0.38544348,3,0
1VFB_AB_C|RB99Y,1.235379,-0.06527049,3,0
1VFB_AB_C|RC125A,1.8368999,0.611179,3,0
1VFB_AB_C|SA93A,0.34312394,0.43572468,3,0
1VFB_AB_C|SB28D,0.0,-0.14008433,3,0
1VFB_AB_C|SB28E,-0.104007296,-0.024635654,3,0
1VFB_AB_C|SB28N,0.14394745,0.062319443,3,0
1VFB_AB_C|SB28Q,0.078081094,0.22101584,3,0
1VFB_AB_C|SC24A,0.850965,1.9361877,3,0
1VFB_AB_C|TA52F,0.4708752,-0.41627866,3,0
1VFB_AB_C|TA53R,1.6458516,-0.011612784,3,0
1VFB_AB_C|TB30A,-0.05584954,0.25076365,3,0
1VFB_AB_C|TC118A,0.7650957,0.59272635,3,0
1VFB_AB_C|VC120A,0.9169499,-0.14066309,3,0
1VFB_AB_C|WA92A,3.037848,0.859589,3,0
"1VFB_AB_C|WA92A,IC124A",3.8503337,1.2487084,3,0
"1VFB_AB_C|WA92A,LC129A",3.3073628,1.1730938,3,0
"1VFB_AB_C|WA92A,QC121A",3.5189366,0.6817804,3,0
"1VFB_AB_C|WA92A,RC125A",3.3932896,1.6398535,3,0
1VFB_AB_C|WB52A,0.6406274,2.9536169,3,0
"1VFB_AB_C|WB52A,DC119A",2.2473724,4.972929,3,0
1VFB_AB_C|YA32A,1.5281335,2.0808594,3,0
"1VFB_AB_C|YA32A,IC124A",2.9057157,2.4080534,3,0
"1VFB_AB_C|YA32A,QC121A",1.586041,1.5867893,3,0
1VFB_AB_C|YA49A,0.79754156,0.99370444,3,0
1VFB_AB_C|YA50A,0.456086,1.5558196,3,0
"1VFB_AB_C|YA50A,DC119A",1.2314179,3.6510212,3,0
"1VFB_AB_C|YA50A,DC18A",1.265924,2.9428625,3,0
1VFB_AB_C|YA50K,1.7156012,1.1509595,3,0
1VFB_AB_C|YA50R,0.8443241,0.6960584,3,0
1VFB_AB_C|YB101F,1.2695644,1.6498923,3,0
"1VFB_AB_C|YB101F,DC119A",2.736521,3.8168476,3,0
"1VFB_AB_C|YB101F,VC120A",2.5384777,1.5236585,3,0
1VFB_AB_C|YB32A,0.7916793,1.194955,3,0
"1VFB_AB_C|YB32A,KC116A",1.586041,2.0754428,3,0
1VFB_AB_C|YB32E,1.9021881,0.56409484,3,0
1VFB_AB_C|YC23A,0.41047263,1.2425901,3,0
1XGP_AB_C|AB33F,-4.0,-3.153354,3,0
1XGP_AB_C|AB33I,-2.260207,-1.7038968,3,0
1XGP_AB_C|AB33L,-2.1988916,-1.615423,3,0
1XGP_AB_C|AB33V,-1.1525793,-1.3644172,3,0
2JEL_LH_P|AP82S,0.0,-0.54000723,3,0
2JEL_LH_P|DP69E,0.9530879,0.8451046,3,0
2JEL_LH_P|EP5D,0.41047263,-0.12632081,3,0
2JEL_LH_P|EP5Q,0.7129768,0.3862195,3,0
2JEL_LH_P|EP68A,0.41047263,0.6871162,3,0
2JEL_LH_P|EP75R,2.727121,0.9034593,3,0
2JEL_LH_P|EP83A,0.0,0.9487995,3,0
2JEL_LH_P|EP85A,0.0,0.7609489,3,0
2JEL_LH_P|EP85D,0.0,-0.2719443,3,0
2JEL_LH_P|EP85K,0.0,0.057189226,3,0
2JEL_LH_P|EP85Q,0.0,0.22914526,3,0
2JEL_LH_P|FP2W,2.6191528,1.4805688,3,0
2JEL_LH_P|FP2Y,0.0,-0.19645852,3,0
2JEL_LH_P|HP76A,-0.41047263,1.1283425,3,0
2JEL_LH_P|HP76D,-0.65058374,0.6968736,3,0
2JEL_LH_P|KP24E,0.0,1.1975255,3,0
2JEL_LH_P|KP27E,0.0,1.0560586,3,0
2JEL_LH_P|KP72E,0.41047263,-0.29330766,3,0
2JEL_LH_P|KP72R,0.0,-0.05301384,3,0
2JEL_LH_P|KP79E,0.41047263,0.71779823,3,0
2JEL_LH_P|NP12D,0.0,-1.1813502,3,0
2JEL_LH_P|NP38T,0.0,-0.0901909,3,0
2JEL_LH_P|PP11E,0.0,0.21158549,3,0
2JEL_LH_P|QP3K,4.0,0.05243943,3,0
2JEL_LH_P|QP4K,1.3635606,-0.3629576,3,0
2JEL_LH_P|QP57E,-0.41047263,0.034757443,3,0
2JEL_LH_P|QP71E,2.727121,-0.28361952,3,0
2JEL_LH_P|RP17G,0.0,1.1845974,3,0
2JEL_LH_P|RP17K,0.0,0.2990051,3,0
2JEL_LH_P|SP41C,1.4957032,1.2491776,3,0
2JEL_LH_P|SP43C,0.0,0.3773015,3,0
2JEL_LH_P|SP46C,0.0,0.456524,3,0
2JEL_LH_P|SP64T,4.0,0.10810754,3,0
2JEL_LH_P|TP34Q,0.0,0.70017815,3,0
2JEL_LH_P|TP36Q,0.41047263,0.49420297,3,0
2JEL_LH_P|TP62A,0.0,0.85989386,3,0
2JEL_LH_P|TP62N,0.0,1.182159,3,0
2JEL_LH_P|TP7N,0.41047263,1.5733148,3,0
2JEL_LH_P|TP7S,0.0,0.7786274,3,0
2JEL_LH_P|VP6F,0.0,-1.0721291,3,0
"2NY7_HL_G|CG27I,CG226Q",0.19971907,-2.2903495,3,0
"2NY7_HL_G|CG27I,CG226Q,MG231A",0.20319231,-1.7034538,3,0
"2NY7_HL_G|GG229C,MG231A",-0.37879732,-0.17940995,3,0
"2NY7_HL_G|GG229C,WG13M,MG231A,CG14W,CG110V,CG27I,CG226Q",0.21462485,-2.8269584,3,0
"2NY7_HL_G|KG66C,EG102C,CG27I,CG226Q",0.04085667,-1.9405705,3,0
"2NY7_HL_G|KG66C,EG102C,WG13M,MG231A,CG14W,CG110V,CG27I,CG226Q",0.3998023,-1.4944056,3,0
"2NY7_HL_G|KG66C,EG103C,WG13M,MG231A,CG14W,CG110V,CG27I,CG226Q",0.29989544,-1.5541925,3,0
"2NY7_HL_G|WG13M,MG231A,CG14W,CG110V",1.1574335,0.07585548,3,0
"2NY7_HL_G|WG13M,MG231A,CG14W,CG110V,CG27I,CG226Q",0.44904727,-1.9534639,3,0
"2NY7_HL_G|WG13M,MG231A,CG14W,CG110V,KG66C,EG102C",0.55101526,0.045825273,3,0
"2NY7_HL_G|WG13M,SG92T,WG181S,MG231A,CG14W,CG110V,CG27I,CG226Q",-0.3035898,-2.452385,3,0
3BN9_B_CD|DB214A,0.5662115,1.4659977,3,0
3BN9_B_CD|DB46A,0.42238826,0.6684282,3,0
3BN9_B_CD|DB47A,0.31110755,0.63791513,3,0
3BN9_B_CD|EB163A,0.37321588,0.061416574,3,0
3BN9_B_CD|FB50A,-0.044997852,0.5836153,3,0
3BN9_B_CD|FB89A,0.6392419,2.057299,3,0
3BN9_B_CD|HB138A,0.085063316,1.3137535,3,0
3BN9_B_CD|IB26A,0.0,0.44968903,3,0
3BN9_B_CD|IB45A,0.8352155,0.22502005,3,0
3BN9_B_CD|KB221A,0.7849689,0.6998569,3,0
3BN9_B_CD|LB147A,0.33619216,0.25813216,3,0
3BN9_B_CD|NB90A,0.7733444,0.13799807,3,0
3BN9_B_CD|PD104H,2.4272547,-0.47360152,3,0
3BN9_B_CD|QB140A,0.1331048,0.34124216,3,0
3BN9_B_CD|QB168A,-0.03469869,-0.105741814,3,0
3BN9_B_CD|QB169A,2.5089848,0.6117868,3,0
3BN9_B_CD|QB218A,0.70571065,0.39004594,3,0
3BN9_B_CD|QB23A,-0.41530684,0.21185589,3,0
3BN9_B_CD|QD105V,1.2241027,-0.12702194,3,0
3BN9_B_CD|RB219A,-0.093698174,0.2234143,3,0
3BN9_B_CD|RB48A,-0.044997852,-0.25386333,3,0
3BN9_B_CD|RB51A,-0.07155777,0.00564193,3,0
3BN9_B_CD|RB82A,-0.15923285,0.71261555,3,0
3BN9_B_CD|SD30G,1.1861069,0.00085528195,3,0
3BN9_B_CD|SD30N,1.145505,-0.14774188,3,0
3BN9_B_CD|TB144A,0.2908351,0.6797253,3,0
3BN9_B_CD|TB93A,1.1320528,0.7495522,3,0
3BN9_B_CD|TD102Q,-0.02153644,-0.30085367,3,0
3BN9_B_CD|TD102R,-0.058294915,-0.5233475,3,0
3BN9_B_CD|TD28R,0.33290586,-0.4468674,3,0
3BN9_B_CD|YB141A,1.0846525,2.048184,3,0
3BN9_B_CD|YB52A,0.018951595,0.789243,3,0
3BN9_B_CD|YD103S,0.45868576,0.30984965,3,0
4GXU_ABCDEF_MN|DA189E,2.1650882,0.6207732,3,0
"4GXU_ABCDEF_MN|DA189E,DA224G",3.0102077,2.4368777,3,0
4GXU_ABCDEF_MN|DA224G,1.9608781,1.4431746,3,0
"1CZ8_HL_VW|LL4M,DH28T,HH31N,YH101H,TH105S",2.939849,0.20639893,3,1
1KIR_AB_C|SA50Y,-1.3870943,0.042325,3,1
1MLC_AB_E|KB65D,0.018548755,-0.020776387,3,1
1MLC_AB_E|NA32G,-0.8773867,0.010095384,3,1
"1MLC_AB_E|NA32G,NA92A",-0.6866531,0.027756952,3,1
"1MLC_AB_E|NA32G,NA92A,SB57V,TB58D",-1.7349738,-0.47743464,3,1
1MLC_AB_E|NA32Y,0.0,0.0004632119,3,1
1MLC_AB_E|NA92A,-1.2533532,0.16226359,3,1
"1MLC_AB_E|NA92A,SB57V,TB58D",-2.394188,-0.4372107,3,1
"1MLC_AB_E|NA92A,TB28D,SB57V,TB58D",-2.5813644,-0.55858016,3,1
"1MLC_AB_E|NA92A,TB28D,SB57V,TB58D,EB35S,GB99D",-2.9539242,-0.5192036,3,1
"1MLC_AB_E|NA92A,TB28D,SB57V,TB58D,GB99D",-0.20357698,-0.58326805,3,1
"1MLC_AB_E|NA92A,TB28D,SB57V,TB58D,NA32L",-2.5843081,-0.60076255,3,1
"1MLC_AB_E|NA92A,TB28D,SB57V,TB58D,RB98M,DB100Q",-0.41047263,-0.56842405,3,1
"1MLC_AB_E|NA92A,TB28D,SB57V,TB58D,SA91N,SA93A",-1.6104395,-0.45580238,3,1
"1MLC_AB_E|NA92A,TB28D,SB57V,TB58D,SB30G",-2.3584673,-0.67762333,3,1
"1MLC_AB_E|NA92A,TB28D,SB57V,TB58D,YB32W,RB98V,DB100Q",0.36138764,-0.5880037,3,1
"1MLC_AB_E|NA92A,TB28D,SB57V,TB58D,YB59E",-1.4661698,-0.5498754,3,1
1MLC_AB_E|SB57A,-0.37902167,-0.36366996,3,1
1MLC_AB_E|SB57V,-0.49418068,-0.52957404,3,1
"1MLC_AB_E|SB57V,TB58D",-0.9877286,-0.48395044,3,1
1MLC_AB_E|TB28D,-0.15094383,-0.16202505,3,1
1MLC_AB_E|TB31A,0.44700673,-0.16816047,3,1
1MLC_AB_E|TB31V,0.5262404,-0.2681866,3,1
1MLC_AB_E|TB31W,0.13214268,-0.22716989,3,1
1MLC_AB_E|TB58D,-0.55968237,-0.13731673,3,1
1NCA_N_LH|DH101K,0.71416,-0.08794811,3,1
1NCA_N_LH|EH100D,0.41047263,0.34534958,3,1
1NCA_N_LH|NH102Q,0.5426153,-0.061561566,3,1
1NCA_N_LH|NH31Q,0.0,-0.32934135,3,1
1NMB_N_LH|DH57E,2.9536283,-0.23396419,3,1
1NMB_N_LH|DH57N,2.9536283,-0.074014395,3,1
1NMB_N_LH|LL94V,0.9000208,-0.036472026,3,1
1NMB_N_LH|TL93F,-0.023903161,-0.15425295,3,1
1NMB_N_LH|TL93W,0.18419003,-0.2115215,3,1
1NMB_N_LH|YH103A,2.14062,0.2607056,3,1
1NMB_N_LH|YH105F,1.4194101,0.21115056,3,1
1NMB_N_LH|YL32F,0.46632215,0.1251497,3,1
1VFB_AB_C|DB100A,3.005002,0.143692,3,1
"1VFB_AB_C|DB100A,SC24A",3.369756,0.6799425,3,1
1VFB_AB_C|DB54A,0.8151114,-0.011873592,3,1
"1VFB_AB_C|DB54A,TC118A",1.2546439,0.050676186,3,1
1VFB_AB_C|DB58A,-0.20700333,-0.047075424,3,1
1VFB_AB_C|DB58E,0.078081094,-0.24404712,3,1
1VFB_AB_C|DB58N,-0.12818155,-0.08632198,3,1
1VFB_AB_C|DC119A,0.9530879,0.19875395,3,1
1VFB_AB_C|DC18A,0.34013057,0.5540252,3,1
1VFB_AB_C|EB98A,1.1565572,0.28635135,3,1
1VFB_AB_C|GB31A,0.30646533,0.0041527785,3,1
1VFB_AB_C|GB31E,-0.5097613,-0.099851996,3,1
1VFB_AB_C|GB31W,0.0039611305,-0.066940725,3,1
1VFB_AB_C|HA30A,0.84488255,0.26072627,3,1
1VFB_AB_C|IC124A,1.2314179,0.22137152,3,1
1VFB_AB_C|KC116A,0.7134504,0.7834847,3,1
1VFB_AB_C|LC129A,0.17154472,0.20063332,3,1
1VFB_AB_C|NA31W,0.17432266,-0.03357089,3,1
1VFB_AB_C|NB56A,0.17771798,-0.45702463,3,1
1VFB_AB_C|NC19A,0.3960868,0.44010562,3,1
1VFB_AB_C|QC121A,2.876998,0.14493164,3,1
1VFB_AB_C|RB99A,-0.099735305,0.23833944,3,1
1VFB_AB_C|RB99W,0.7049742,0.12774794,3,1
1VFB_AB_C|RB99Y,1.235379,0.15054749,3,1
1VFB_AB_C|RC125A,1.8368999,0.3077651,3,1
1VFB_AB_C|SA93A,0.34312394,-0.018669229,3,1
1VFB_AB_C|SB28D,0.0,-0.13916278,3,1
1VFB_AB_C|SB28E,-0.104007296,-0.1606595,3,1
1VFB_AB_C|SB28N,0.14394745,-0.094574586,3,1
1VFB_AB_C|SB28Q,0.078081094,-0.14799869,3,1
1VFB_AB_C|SC24A,0.850965,0.5298243,3,1
1VFB_AB_C|TA52F,0.4708752,-0.008897208,3,1
1VFB_AB_C|TA53R,1.6458516,-0.28045866,3,1
1VFB_AB_C|TB30A,-0.05584954,-0.2120089,3,1
1VFB_AB_C|TC118A,0.7650957,0.117913276,3,1
1VFB_AB_C|VC120A,0.9169499,0.30591542,3,1
1VFB_AB_C|WA92A,3.037848,0.50361997,3,1
"1VFB_AB_C|WA92A,IC124A",3.8503337,0.71272206,3,1
"1VFB_AB_C|WA92A,LC129A",3.3073628,0.6137438,3,1
"1VFB_AB_C|WA92A,QC121A",3.5189366,0.61681056,3,1
"1VFB_AB_C|WA92A,RC125A",3.3932896,0.7182511,3,1
1VFB_AB_C|WB52A,0.6406274,-0.04777683,3,1
"1VFB_AB_C|WB52A,DC119A",2.2473724,0.10052098,3,1
1VFB_AB_C|YA32A,1.5281335,0.11113016,3,1
"1VFB_AB_C|YA32A,IC124A",2.9057157,0.23941506,3,1
"1VFB_AB_C|YA32A,QC121A",1.586041,0.21712025,3,1
1VFB_AB_C|YA49A,0.79754156,0.13382728,3,1
1VFB_AB_C|YA50A,0.456086,0.35749424,3,1
"1VFB_AB_C|YA50A,DC119A",1.2314179,0.5194861,3,1
"1VFB_AB_C|YA50A,DC18A",1.265924,0.9051524,3,1
1VFB_AB_C|YA50K,1.7156012,0.39827934,3,1
1VFB_AB_C|YA50R,0.8443241,0.28316393,3,1
1VFB_AB_C|YB101F,1.2695644,0.19625834,3,1
"1VFB_AB_C|YB101F,DC119A",2.736521,0.28881836,3,1
"1VFB_AB_C|YB101F,VC120A",2.5384777,0.3580695,3,1
1VFB_AB_C|YB32A,0.7916793,0.13780431,3,1
"1VFB_AB_C|YB32A,KC116A",1.586041,0.8269596,3,1
1VFB_AB_C|YB32E,1.9021881,0.028124036,3,1
1VFB_AB_C|YC23A,0.41047263,0.68489593,3,1
1XGP_AB_C|AB33F,-4.0,-0.11835742,3,1
1XGP_AB_C|AB33I,-2.260207,-0.10236807,3,1
1XGP_AB_C|AB33L,-2.1988916,-0.11349565,3,1
1XGP_AB_C|AB33V,-1.1525793,-0.1442074,3,1
2JEL_LH_P|AP82S,0.0,-0.21442689,3,1
2JEL_LH_P|DP69E,0.9530879,-0.0046432614,3,1
2JEL_LH_P|EP5D,0.41047263,-0.0354002,3,1
2JEL_LH_P|EP5Q,0.7129768,0.019549716,3,1
2JEL_LH_P|EP68A,0.41047263,0.27916917,3,1
2JEL_LH_P|EP75R,2.727121,0.006392369,3,1
2JEL_LH_P|EP83A,0.0,0.37194273,3,1
2JEL_LH_P|EP85A,0.0,0.5838865,3,1
2JEL_LH_P|EP85D,0.0,0.18811402,3,1
2JEL_LH_P|EP85K,0.0,0.19862482,3,1
2JEL_LH_P|EP85Q,0.0,0.20681909,3,1
2JEL_LH_P|FP2W,2.6191528,0.16171226,3,1
2JEL_LH_P|FP2Y,0.0,0.0909731,3,1
2JEL_LH_P|HP76A,-0.41047263,0.10818748,3,1
2JEL_LH_P|HP76D,-0.65058374,-0.19725591,3,1
2JEL_LH_P|KP24E,0.0,-0.06189287,3,1
2JEL_LH_P|KP27E,0.0,0.12161961,3,1
2JEL_LH_P|KP72E,0.41047263,-0.2864321,3,1
2JEL_LH_P|KP72R,0.0,-0.2473541,3,1
2JEL_LH_P|KP79E,0.41047263,-0.045971576,3,1
2JEL_LH_P|NP12D,0.0,0.016134957,3,1
2JEL_LH_P|NP38T,0.0,0.0411912,3,1
2JEL_LH_P|PP11E,0.0,0.025242236,3,1
2JEL_LH_P|QP3K,4.0,-0.033922914,3,1
2JEL_LH_P|QP4K,1.3635606,-0.19720012,3,1
2JEL_LH_P|QP57E,-0.41047263,0.029261041,3,1
2JEL_LH_P|QP71E,2.727121,-0.14918022,3,1
2JEL_LH_P|RP17G,0.0,0.13232067,3,1
2JEL_LH_P|RP17K,0.0,-0.07622266,3,1
2JEL_LH_P|SP41C,1.4957032,0.19580467,3,1
2JEL_LH_P|SP43C,0.0,0.074556515,3,1
2JEL_LH_P|SP46C,0.0,0.0039914176,3,1
2JEL_LH_P|SP64T,4.0,-0.04882716,3,1
2JEL_LH_P|TP34Q,0.0,-0.15150993,3,1
2JEL_LH_P|TP36Q,0.41047263,0.02851243,3,1
2JEL_LH_P|TP62A,0.0,0.31127638,3,1
2JEL_LH_P|TP62N,0.0,0.07965143,3,1
2JEL_LH_P|TP7N,0.41047263,0.069053486,3,1
2JEL_LH_P|TP7S,0.0,-0.098576084,3,1
2JEL_LH_P|VP6F,0.0,-0.13147818,3,1
"2NY7_HL_G|CG27I,CG226Q",0.19971907,0.017637387,3,1
"2NY7_HL_G|CG27I,CG226Q,MG231A",0.20319231,0.5259619,3,1
"2NY7_HL_G|GG229C,MG231A",-0.37879732,0.58777535,3,1
"2NY7_HL_G|GG229C,WG13M,MG231A,CG14W,CG110V,CG27I,CG226Q",0.21462485,0.6082732,3,1
"2NY7_HL_G|KG66C,EG102C,CG27I,CG226Q",0.04085667,0.21858674,3,1
"2NY7_HL_G|KG66C,EG102C,WG13M,MG231A,CG14W,CG110V,CG27I,CG226Q",0.3998023,0.875535,3,1
"2NY7_HL_G|KG66C,EG103C,WG13M,MG231A,CG14W,CG110V,CG27I,CG226Q",0.29989544,0.86631596,3,1
"2NY7_HL_G|WG13M,MG231A,CG14W,CG110V",1.1574335,0.75628567,3,1
"2NY7_HL_G|WG13M,MG231A,CG14W,CG110V,CG27I,CG226Q",0.44904727,0.68972445,3,1
"2NY7_HL_G|WG13M,MG231A,CG14W,CG110V,KG66C,EG102C",0.55101526,1.0280733,3,1
"2NY7_HL_G|WG13M,SG92T,WG181S,MG231A,CG14W,CG110V,CG27I,CG226Q",-0.3035898,0.7191164,3,1
3BN9_B_CD|DB214A,0.5662115,0.3932766,3,1
3BN9_B_CD|DB46A,0.42238826,0.46371382,3,1
3BN9_B_CD|DB47A,0.31110755,0.2779469,3,1
3BN9_B_CD|EB163A,0.37321588,0.4545596,3,1
3BN9_B_CD|FB50A,-0.044997852,0.5892771,3,1
3BN9_B_CD|FB89A,0.6392419,0.6544663,3,1
3BN9_B_CD|HB138A,0.085063316,0.41918296,3,1
3BN9_B_CD|IB26A,0.0,0.36648574,3,1
3BN9_B_CD|IB45A,0.8352155,0.30711567,3,1
3BN9_B_CD|KB221A,0.7849689,0.5958303,3,1
3BN9_B_CD|LB147A,0.33619216,0.3641059,3,1
3BN9_B_CD|NB90A,0.7733444,0.19694749,3,1
3BN9_B_CD|PD104H,2.4272547,-0.007033784,3,1
3BN9_B_CD|QB140A,0.1331048,0.17699584,3,1
3BN9_B_CD|QB168A,-0.03469869,0.34010142,3,1
3BN9_B_CD|QB169A,2.5089848,0.23910378,3,1
3BN9_B_CD|QB218A,0.70571065,0.1218864,3,1
3BN9_B_CD|QB23A,-0.41530684,0.3451623,3,1
3BN9_B_CD|QD105V,1.2241027,-0.20254453,3,1
3BN9_B_CD|RB219A,-0.093698174,0.4102079,3,1
3BN9_B_CD|RB48A,-0.044997852,0.4023578,3,1
3BN9_B_CD|RB51A,-0.07155777,0.40357393,3,1
3BN9_B_CD|RB82A,-0.15923285,0.23642915,3,1
3BN9_B_CD|SD30G,1.1861069,-0.11585896,3,1
3BN9_B_CD|SD30N,1.145505,-0.030623034,3,1
3BN9_B_CD|TB144A,0.2908351,0.1801209,3,1
3BN9_B_CD|TB93A,1.1320528,0.2553162,3,1
3BN9_B_CD|TD102Q,-0.02153644,-0.27008107,3,1
3BN9_B_CD|TD102R,-0.058294915,-0.23773463,3,1
3BN9_B_CD|TD28R,0.33290586,-0.13234839,3,1
3BN9_B_CD|YB141A,1.0846525,0.6148824,3,1
3BN9_B_CD|YB52A,0.018951595,0.8347525,3,1
3BN9_B_CD|YD103S,0.45868576,0.09683432,3,1
4GXU_ABCDEF_MN|DA189E,2.1650882,0.09925532,3,1
"4GXU_ABCDEF_MN|DA189E,DA224G",3.0102077,0.11104499,3,1
4GXU_ABCDEF_MN|DA224G,1.9608781,0.046444073,3,1
"1CZ8_HL_VW|LL4M,DH28T,HH31N,YH101H,TH105S",2.939849,1.6807655,3,2
1KIR_AB_C|SA50Y,-1.3870943,-0.5590147,3,2
1MLC_AB_E|KB65D,0.018548755,-0.21373808,3,2
1MLC_AB_E|NA32G,-0.8773867,0.78499174,3,2
"1MLC_AB_E|NA32G,NA92A",-0.6866531,1.1862987,3,2
"1MLC_AB_E|NA32G,NA92A,SB57V,TB58D",-1.7349738,0.6967744,3,2
1MLC_AB_E|NA32Y,0.0,-0.28445235,3,2
1MLC_AB_E|NA92A,-1.2533532,0.41671225,3,2
"1MLC_AB_E|NA92A,SB57V,TB58D",-2.394188,-0.06067556,3,2
"1MLC_AB_E|NA92A,TB28D,SB57V,TB58D",-2.5813644,0.21050712,3,2
"1MLC_AB_E|NA92A,TB28D,SB57V,TB58D,EB35S,GB99D",-2.9539242,-0.9951137,3,2
"1MLC_AB_E|NA92A,TB28D,SB57V,TB58D,GB99D",-0.20357698,0.33027413,3,2
"1MLC_AB_E|NA92A,TB28D,SB57V,TB58D,NA32L",-2.5843081,0.77206725,3,2
"1MLC_AB_E|NA92A,TB28D,SB57V,TB58D,RB98M,DB100Q",-0.41047263,1.4116898,3,2
"1MLC_AB_E|NA92A,TB28D,SB57V,TB58D,SA91N,SA93A",-1.6104395,-0.6851998,3,2
"1MLC_AB_E|NA92A,TB28D,SB57V,TB58D,SB30G",-2.3584673,0.3932903,3,2
"1MLC_AB_E|NA92A,TB28D,SB57V,TB58D,YB32W,RB98V,DB100Q",0.36138764,1.7472876,3,2
"1MLC_AB_E|NA92A,TB28D,SB57V,TB58D,YB59E",-1.4661698,1.7308687,3,2
1MLC_AB_E|SB57A,-0.37902167,0.04066052,3,2
1MLC_AB_E|SB57V,-0.49418068,-0.5550467,3,2
"1MLC_AB_E|SB57V,TB58D",-0.9877286,-0.51356405,3,2
1MLC_AB_E|TB28D,-0.15094383,0.2564626,3,2
1MLC_AB_E|TB31A,0.44700673,0.6103959,3,2
1MLC_AB_E|TB31V,0.5262404,0.47642243,3,2
1MLC_AB_E|TB31W,0.13214268,-0.16274801,3,2
1MLC_AB_E|TB58D,-0.55968237,0.027019933,3,2
1NCA_N_LH|DH101K,0.71416,0.4940926,3,2
1NCA_N_LH|EH100D,0.41047263,-0.051153384,3,2
1NCA_N_LH|NH102Q,0.5426153,0.8041986,3,2
1NCA_N_LH|NH31Q,0.0,0.3070277,3,2
1NMB_N_LH|DH57E,2.9536283,0.011411203,3,2
1NMB_N_LH|DH57N,2.9536283,-0.33036244,3,2
1NMB_N_LH|LL94V,0.9000208,-0.28496704,3,2
1NMB_N_LH|TL93F,-0.023903161,-0.39574245,3,2
1NMB_N_LH|TL93W,0.18419003,-0.6468894,3,2
1NMB_N_LH|YH103A,2.14062,1.4983265,3,2
1NMB_N_LH|YH105F,1.4194101,0.68335176,3,2
1NMB_N_LH|YL32F,0.46632215,-0.079638414,3,2
1VFB_AB_C|DB100A,3.005002,0.099904954,3,2
"1VFB_AB_C|DB100A,SC24A",3.369756,1.8228674,3,2
1VFB_AB_C|DB54A,0.8151114,0.30610755,3,2
"1VFB_AB_C|DB54A,TC118A",1.2546439,0.124577954,3,2
1VFB_AB_C|DB58A,-0.20700333,1.0153257,3,2
1VFB_AB_C|DB58E,0.078081094,0.44519705,3,2
1VFB_AB_C|DB58N,-0.12818155,-0.5960696,3,2
1VFB_AB_C|DC119A,0.9530879,1.9819902,3,2
1VFB_AB_C|DC18A,0.34013057,0.781896,3,2
1VFB_AB_C|EB98A,1.1565572,0.44081867,3,2
1VFB_AB_C|GB31A,0.30646533,1.0940025,3,2
1VFB_AB_C|GB31E,-0.5097613,0.8584772,3,2
1VFB_AB_C|GB31W,0.0039611305,0.3571025,3,2
1VFB_AB_C|HA30A,0.84488255,1.0224885,3,2
1VFB_AB_C|IC124A,1.2314179,-0.08366445,3,2
1VFB_AB_C|KC116A,0.7134504,0.15339017,3,2
1VFB_AB_C|LC129A,0.17154472,0.4153154,3,2
1VFB_AB_C|NA31W,0.17432266,0.92310137,3,2
1VFB_AB_C|NB56A,0.17771798,0.27171397,3,2
1VFB_AB_C|NC19A,0.3960868,0.6954633,3,2
1VFB_AB_C|QC121A,2.876998,-0.5371642,3,2
1VFB_AB_C|RB99A,-0.099735305,0.52116644,3,2
1VFB_AB_C|RB99W,0.7049742,0.09277339,3,2
1VFB_AB_C|RB99Y,1.235379,-0.3295222,3,2
1VFB_AB_C|RC125A,1.8368999,-0.19222388,3,2
1VFB_AB_C|SA93A,0.34312394,-0.0038052723,3,2
1VFB_AB_C|SB28D,0.0,-0.25717255,3,2
1VFB_AB_C|SB28E,-0.104007296,-0.2130886,3,2
1VFB_AB_C|SB28N,0.14394745,-0.09162622,3,2
1VFB_AB_C|SB28Q,0.078081094,0.16788694,3,2
1VFB_AB_C|SC24A,0.850965,1.6790265,3,2
1VFB_AB_C|TA52F,0.4708752,-0.36747974,3,2
1VFB_AB_C|TA53R,1.6458516,-0.1205133,3,2
1VFB_AB_C|TB30A,-0.05584954,-0.09379352,3,2
1VFB_AB_C|TC118A,0.7650957,-0.012450628,3,2
1VFB_AB_C|VC120A,0.9169499,-0.8501846,3,2
1VFB_AB_C|WA92A,3.037848,-0.41896033,3,2
"1VFB_AB_C|WA92A,IC124A",3.8503337,-0.57849574,3,2
"1VFB_AB_C|WA92A,LC129A",3.3073628,-0.12537283,3,2
"1VFB_AB_C|WA92A,QC121A",3.5189366,-0.84543186,3,2
"1VFB_AB_C|WA92A,RC125A",3.3932896,-0.77222127,3,2
1VFB_AB_C|WB52A,0.6406274,1.0731955,3,2
"1VFB_AB_C|WB52A,DC119A",2.2473724,2.871854,3,2
1VFB_AB_C|YA32A,1.5281335,2.1282647,3,2
"1VFB_AB_C|YA32A,IC124A",2.9057157,1.9281161,3,2
"1VFB_AB_C|YA32A,QC121A",1.586041,1.8692212,3,2
1VFB_AB_C|YA49A,0.79754156,0.88442963,3,2
1VFB_AB_C|YA50A,0.456086,1.6885812,3,2
"1VFB_AB_C|YA50A,DC119A",1.2314179,3.433755,3,2
"1VFB_AB_C|YA50A,DC18A",1.265924,2.3201146,3,2
1VFB_AB_C|YA50K,1.7156012,1.6094688,3,2
1VFB_AB_C|YA50R,0.8443241,1.343663,3,2
1VFB_AB_C|YB101F,1.2695644,1.8980337,3,2
"1VFB_AB_C|YB101F,DC119A",2.736521,3.748909,3,2
"1VFB_AB_C|YB101F,VC120A",2.5384777,1.2676631,3,2
1VFB_AB_C|YB32A,0.7916793,0.87066287,3,2
"1VFB_AB_C|YB32A,KC116A",1.586041,0.91666156,3,2
1VFB_AB_C|YB32E,1.9021881,0.596891,3,2
1VFB_AB_C|YC23A,0.41047263,1.0854259,3,2
1XGP_AB_C|AB33F,-4.0,-3.3889112,3,2
1XGP_AB_C|AB33I,-2.260207,-2.0626566,3,2
1XGP_AB_C|AB33L,-2.1988916,-1.9080501,3,2
1XGP_AB_C|AB33V,-1.1525793,-0.8297367,3,2
2JEL_LH_P|AP82S,0.0,0.19062361,3,2
2JEL_LH_P|DP69E,0.9530879,0.99863815,3,2
2JEL_LH_P|EP5D,0.41047263,-0.27947286,3,2
2JEL_LH_P|EP5Q,0.7129768,0.30633318,3,2
2JEL_LH_P|EP68A,0.41047263,0.5713652,3,2
2JEL_LH_P|EP75R,2.727121,1.6576601,3,2
2JEL_LH_P|EP83A,0.0,0.31959847,3,2
2JEL_LH_P|EP85A,0.0,0.39469147,3,2
2JEL_LH_P|EP85D,0.0,-0.049137197,3,2
2JEL_LH_P|EP85K,0.0,0.4415489,3,2
2JEL_LH_P|EP85Q,0.0,0.47306722,3,2
2JEL_LH_P|FP2W,2.6191528,2.195149,3,2
2JEL_LH_P|FP2Y,0.0,-0.040385365,3,2
2JEL_LH_P|HP76A,-0.41047263,1.3756818,3,2
2JEL_LH_P|HP76D,-0.65058374,1.2505367,3,2
2JEL_LH_P|KP24E,0.0,1.097394,3,2
2JEL_LH_P|KP27E,0.0,0.83568144,3,2
2JEL_LH_P|KP72E,0.41047263,-0.39235038,3,2
2JEL_LH_P|KP72R,0.0,0.3151779,3,2
2JEL_LH_P|KP79E,0.41047263,-0.16125605,3,2
2JEL_LH_P|NP12D,0.0,-0.56994814,3,2
2JEL_LH_P|NP38T,0.0,0.1879372,3,2
2JEL_LH_P|PP11E,0.0,0.2290979,3,2
2JEL_LH_P|QP3K,4.0,0.2334452,3,2
2JEL_LH_P|QP4K,1.3635606,-0.5357289,3,2
2JEL_LH_P|QP57E,-0.41047263,0.38225487,3,2
2JEL_LH_P|QP71E,2.727121,-0.15473962,3,2
2JEL_LH_P|RP17G,0.0,0.90480125,3,2
2JEL_LH_P|RP17K,0.0,-0.27801687,3,2
2JEL_LH_P|SP41C,1.4957032,0.8608713,3,2
2JEL_LH_P|SP43C,0.0,0.05366173,3,2
2JEL_LH_P|SP46C,0.0,0.8399148,3,2
2JEL_LH_P|SP64T,4.0,-0.42140356,3,2
2JEL_LH_P|TP34Q,0.0,0.095642835,3,2
2JEL_LH_P|TP36Q,0.41047263,0.09218331,3,2
2JEL_LH_P|TP62A,0.0,0.27136773,3,2
2JEL_LH_P|TP62N,0.0,0.9867228,3,2
2JEL_LH_P|TP7N,0.41047263,0.996082,3,2
2JEL_LH_P|TP7S,0.0,0.78181314,3,2
2JEL_LH_P|VP6F,0.0,-1.1080103,3,2
"2NY7_HL_G|CG27I,CG226Q",0.19971907,-2.3077106,3,2
"2NY7_HL_G|CG27I,CG226Q,MG231A",0.20319231,-2.084027,3,2
"2NY7_HL_G|GG229C,MG231A",-0.37879732,-0.27732426,3,2
"2NY7_HL_G|GG229C,WG13M,MG231A,CG14W,CG110V,CG27I,CG226Q",0.21462485,-2.8258135,3,2
"2NY7_HL_G|KG66C,EG102C,CG27I,CG226Q",0.04085667,-2.1015015,3,2
"2NY7_HL_G|KG66C,EG102C,WG13M,MG231A,CG14W,CG110V,CG27I,CG226Q",0.3998023,-1.747787,3,2
"2NY7_HL_G|KG66C,EG103C,WG13M,MG231A,CG14W,CG110V,CG27I,CG226Q",0.29989544,-2.2141876,3,2
"2NY7_HL_G|WG13M,MG231A,CG14W,CG110V",1.1574335,-0.47011998,3,2
"2NY7_HL_G|WG13M,MG231A,CG14W,CG110V,CG27I,CG226Q",0.44904727,-2.2868025,3,2
"2NY7_HL_G|WG13M,MG231A,CG14W,CG110V,KG66C,EG102C",0.55101526,0.36908257,3,2
"2NY7_HL_G|WG13M,SG92T,WG181S,MG231A,CG14W,CG110V,CG27I,CG226Q",-0.3035898,-2.6390967,3,2
3BN9_B_CD|DB214A,0.5662115,1.3348578,3,2
3BN9_B_CD|DB46A,0.42238826,0.8508836,3,2
3BN9_B_CD|DB47A,0.31110755,1.0681155,3,2
3BN9_B_CD|EB163A,0.37321588,0.37406585,3,2
3BN9_B_CD|FB50A,-0.044997852,0.8280565,3,2
3BN9_B_CD|FB89A,0.6392419,1.6330523,3,2
3BN9_B_CD|HB138A,0.085063316,1.6719193,3,2
3BN9_B_CD|IB26A,0.0,0.46023652,3,2
3BN9_B_CD|IB45A,0.8352155,0.17729726,3,2
3BN9_B_CD|KB221A,0.7849689,0.7216703,3,2
3BN9_B_CD|LB147A,0.33619216,0.61575323,3,2
3BN9_B_CD|NB90A,0.7733444,0.35717228,3,2
3BN9_B_CD|PD104H,2.4272547,-1.1169305,3,2
3BN9_B_CD|QB140A,0.1331048,0.46394888,3,2
3BN9_B_CD|QB168A,-0.03469869,-0.31105703,3,2
3BN9_B_CD|QB169A,2.5089848,0.3924262,3,2
3BN9_B_CD|QB218A,0.70571065,0.19489324,3,2
3BN9_B_CD|QB23A,-0.41530684,0.2423543,3,2
3BN9_B_CD|QD105V,1.2241027,-0.7331946,3,2
3BN9_B_CD|RB219A,-0.093698174,-0.1880616,3,2
3BN9_B_CD|RB48A,-0.044997852,-0.69491833,3,2
3BN9_B_CD|RB51A,-0.07155777,-0.25453898,3,2
3BN9_B_CD|RB82A,-0.15923285,-0.40152135,3,2
3BN9_B_CD|SD30G,1.1861069,0.17475212,3,2
3BN9_B_CD|SD30N,1.145505,0.31735,3,2
3BN9_B_CD|TB144A,0.2908351,0.3705866,3,2
3BN9_B_CD|TB93A,1.1320528,1.1029414,3,2
3BN9_B_CD|TD102Q,-0.02153644,-0.027170092,3,2
3BN9_B_CD|TD102R,-0.058294915,-1.2186775,3,2
3BN9_B_CD|TD28R,0.33290586,-0.2872321,3,2
3BN9_B_CD|YB141A,1.0846525,1.75956,3,2
3BN9_B_CD|YB52A,0.018951595,0.6047132,3,2
3BN9_B_CD|YD103S,0.45868576,1.1965345,3,2
4GXU_ABCDEF_MN|DA189E,2.1650882,1.4122425,3,2
"4GXU_ABCDEF_MN|DA189E,DA224G",3.0102077,2.4436567,3,2
4GXU_ABCDEF_MN|DA224G,1.9608781,1.0015389,3,2
"1JRH_LH_I|AI49S,II51T,HI55D",0.070675574,-1.1419808,4,0
"1JRH_LH_I|AI85D,KI88R,EI90K",-0.047747865,-0.20773235,4,0
"1JRH_LH_I|AI93L,VI94M",0.63366294,-0.7510303,4,0
1JRH_LH_I|DH56A,1.8860998,2.6891522,4,0
1JRH_LH_I|DH57A,1.6660647,0.7676746,4,0
1JRH_LH_I|DH58A,1.8546488,1.2647554,4,0
1JRH_LH_I|DL28A,0.43464687,1.6434042,4,0
1JRH_LH_I|EI35Q,0.09956847,0.34219813,4,0
1JRH_LH_I|EI45A,-0.5657849,0.2650949,4,0
1JRH_LH_I|EI45P,-3.7881775,-0.07566479,4,0
"1JRH_LH_I|EI45P,II47L",-3.4567804,0.25166607,4,0
"1JRH_LH_I|EI45P,II47R",-3.4400978,-0.21833165,4,0
1JRH_LH_I|EL27A,0.5426153,1.204699,4,0
1JRH_LH_I|FH103A,0.0,0.19923887,4,0
1JRH_LH_I|GI40A,4.0,1.5620334,4,0
1JRH_LH_I|HH107A,1.6977708,-0.53750956,4,0
"1JRH_LH_I|II25N,PI27S,VI29T,VI31I",0.14370596,-1.9011679,4,0
1JRH_LH_I|KI37A,3.713863,0.7997616,4,0
1JRH_LH_I|KI37M,3.2923293,0.47265366,4,0
1JRH_LH_I|KI42A,3.3858175,1.2077768,4,0
1JRH_LH_I|KI42M,4.0,-0.0856386,4,0
1JRH_LH_I|KI88A,0.31209365,0.49053356,4,0
"1JRH_LH_I|MI15L,II18V",-0.21360606,1.868689,4,0
1JRH_LH_I|NI38A,0.1704579,0.44428846,4,0
1JRH_LH_I|NI38Q,0.5344714,-0.11240492,4,0
1JRH_LH_I|NI43A,4.0,0.33425358,4,0
1JRH_LH_I|NI69A,-0.19953421,0.489149,4,0
1JRH_LH_I|RH100A,0.5426153,2.8092942,4,0
1JRH_LH_I|RI74A,0.3926171,0.9126524,4,0
1JRH_LH_I|SI44A,0.37771076,2.1863294,4,0
"1JRH_LH_I|SI44G,EI45G,II47R",-3.3777049,1.7600378,4,0
"1JRH_LH_I|SI44G,EI45P,II47K",-3.884419,0.80964696,4,0
"1JRH_LH_I|SI61Y,DI62E,HI63Q,VI64I,GI65M,DI66Y,SI68D,NI69V,LI71A",2.9588323,0.97693247,4,0
1JRH_LH_I|SL93A,-0.65058374,0.7683044,4,0
1JRH_LH_I|TI4V,-0.025565991,1.9287574,4,0
"1JRH_LH_I|TI9L,EI11K",-0.025565991,0.5532074,4,0
1JRH_LH_I|TL94A,0.38526937,0.2673589,4,0
1JRH_LH_I|VI41A,1.6791569,0.086446464,4,0
"1JRH_LH_I|VI73A,RI78K",-0.21360606,-0.6046934,4,0
1JRH_LH_I|WH54A,2.6862645,2.757453,4,0
1JRH_LH_I|WH55A,2.4213178,1.5690707,4,0
1JRH_LH_I|WI46F,-0.25261214,-0.14824519,4,0
1JRH_LH_I|WI46Y,0.29852974,0.024933573,4,0
1JRH_LH_I|WI72A,4.0,0.71751297,4,0
1JRH_LH_I|WI72F,1.102707,-0.14208348,4,0
1JRH_LH_I|WI72Y,1.1878273,-0.24239957,4,0
1JRH_LH_I|WL92A,2.818407,0.42534837,4,0
1JRH_LH_I|WL95A,1.6660647,0.40810338,4,0
1JRH_LH_I|YH104A,1.0610564,0.52949136,4,0
1JRH_LH_I|YH32A,1.4333102,0.5871068,4,0
1JRH_LH_I|YH60A,1.2555921,2.0180936,4,0
1JRH_LH_I|YI39A,3.5271235,1.111328,4,0
1JRH_LH_I|YI39F,0.9087807,0.06077109,4,0
1JRH_LH_I|YL30A,1.1084566,1.4318383,4,0
1JRH_LH_I|YL91A,0.58083415,2.6961036,4,0
1KIQ_AB_C|FB101Y,-2.4949589,-1.7098489,4,0
1XGR_AB_C|IB33A,2.260207,2.3772135,4,0
1XGR_AB_C|IB33F,-1.8004549,-1.5490304,4,0
1XGR_AB_C|IB33L,0.061315425,0.32571754,4,0
1XGR_AB_C|IB33V,1.1076277,1.2540942,4,0
2BDN_HL_A|DH31E,1.0852306,0.32491818,4,0
2BDN_HL_A|LH27K,0.8740124,-0.26989305,4,0
2BDN_HL_A|LH27R,0.65058374,-0.50123626,4,0
2BDN_HL_A|NH28D,0.13214268,-0.5322162,4,0
2BDN_HL_A|NH28Q,1.3994616,0.15205997,4,0
2BDN_HL_A|NL31K,3.4897714,0.97055537,4,0
2BDN_HL_A|NL31R,-0.9171868,0.41575345,4,0
2BDN_HL_A|SL53D,-0.1605731,-1.1006011,4,0
2BDN_HL_A|SL53E,-0.85132045,-1.3561531,4,0
2BDN_HL_A|TL56D,-0.4254655,0.01116186,4,0
2BDN_HL_A|TL56E,-0.6888026,0.14379743,4,0
2BDN_HL_A|YL30K,0.67475796,0.60653096,4,0
2NYY_DC_A|DA1030A,0.009336901,0.9205752,4,0
2NYY_DC_A|DA1034A,2.5297937,1.4709897,4,0
2NYY_DC_A|DC30Y,0.64113563,-0.14185418,4,0
2NYY_DC_A|EA892A,2.839132,0.8790987,4,0
2NYY_DC_A|ED5Q,-0.2479871,0.30579197,4,0
2NYY_DC_A|FA889A,0.4193659,0.8996182,4,0
2NYY_DC_A|FA925A,4.0,0.9343812,4,0
2NYY_DC_A|HA1036A,4.0,1.0172237,4,0
2NYY_DC_A|HC34R,0.10088469,-0.45534945,4,0
2NYY_DC_A|IA928A,-0.009487502,1.0294824,4,0
2NYY_DC_A|KA1028A,-0.028934313,0.881229,4,0
2NYY_DC_A|KA875A,0.29098648,0.7827431,4,0
2NYY_DC_A|KA895A,-0.14014584,0.07211918,4,0
2NYY_DC_A|KD29R,0.071385965,-0.36959434,4,0
"2NYY_DC_A|KD29S,YD30D,DD31H,SD60P",0.04961051,-0.41798228,4,0
2NYY_DC_A|LA891A,2.5892105,-0.6576681,4,0
2NYY_DC_A|MD33Q,-0.059869844,0.15719141,4,0
2NYY_DC_A|NA890A,0.89044046,-0.3853273,4,0
2NYY_DC_A|NA926A,0.09934822,-1.0303181,4,0
2NYY_DC_A|QA887A,0.5208145,-1.5488061,4,0
2NYY_DC_A|RA1033A,0.82012254,0.77284974,4,0
2NYY_DC_A|RA1266A,0.2995321,0.9644491,4,0
2NYY_DC_A|SA874A,-0.23032175,0.9187406,4,0
2NYY_DC_A|SA927A,0.0,1.5316346,4,0
2NYY_DC_A|SC28Q,0.4133828,-0.2614402,4,0
2NYY_DC_A|SC31N,-0.35338265,-0.09739818,4,0
2NYY_DC_A|TA1035A,1.630871,0.32119805,4,0
2NYY_DC_A|VD36I,-0.21317148,0.06034739,4,0
"2NYY_DC_A|VD36I,ED5Q",-0.0490461,0.23621544,4,0
2NYY_DC_A|YD30D,0.06462482,0.9207383,4,0
2NYY_DC_A|YD30Q,0.12897444,1.0975478,4,0
2NYY_DC_A|YD56Q,0.5196862,0.4949197,4,0
2NZ9_DC_A|DA1030A,-0.031082604,0.98678154,4,0
2NZ9_DC_A|DA1034A,2.3396032,1.5047623,4,0
2NZ9_DC_A|EA892A,2.77036,0.92964715,4,0
2NZ9_DC_A|FA889A,-0.04961051,0.94079334,4,0
2NZ9_DC_A|FA925A,3.340439,0.90451425,4,0
2NZ9_DC_A|HA1036A,4.0,0.9201833,4,0
2NZ9_DC_A|IA928A,0.069281444,1.0426801,4,0
2NZ9_DC_A|KA1028A,-0.008714417,0.83580935,4,0
2NZ9_DC_A|KA875A,0.5407011,0.90337545,4,0
2NZ9_DC_A|KA895A,-0.29975358,0.17877689,4,0
2NZ9_DC_A|LA891A,2.279965,-0.681868,4,0
2NZ9_DC_A|NA890A,2.1600318,-0.4175649,4,0
2NZ9_DC_A|NA926A,-0.15216734,-1.0370669,4,0
2NZ9_DC_A|QA887A,0.09926054,-1.471673,4,0
2NZ9_DC_A|RA1033A,0.29088098,0.8806193,4,0
2NZ9_DC_A|RA1266A,0.39015788,0.9049337,4,0
2NZ9_DC_A|SA874A,-0.11948046,0.9276893,4,0
2NZ9_DC_A|SA927A,-0.078544825,1.4994336,4,0
"2NZ9_DC_A|SD29K,DD30Y,HD31D",-0.04961051,0.46985498,4,0
2NZ9_DC_A|TA1035A,2.3703818,0.32819563,4,0
2VIS_AB_C|IC89T,-4.0,-3.755669,4,0
"3BE1_HL_A|DL28N,PL30A,RL31K,SL32T,TL97S,TL98S",-0.6860794,-1.2299972,4,0
"3BE1_HL_A|DL28N,PL30A,RL31K,SL32T,TL97S,TL98S,KH30S,DH31G,TH54S,NH55E,GH100V,DH102V",-2.7728782,-2.7403207,4,0
"3BE1_HL_A|DL28N,PL30A,RL31K,SL32T,TL97S,TL98S,KH30S,DH31G,TH54S,NH55E,GH100V,DH102V,YL36A",-3.190238,-0.9646537,4,0
"3BE1_HL_A|DL28N,PL30A,RL31K,SL32T,TL97S,TL98S,KH30S,DH31G,TH54S,NH55E,GH100V,DH102V,YL36A,IL33A",-2.7728782,-1.324533,4,0
"3BE1_HL_A|DL28N,PL30A,RL31K,SL32T,YL57F,TL97S,TL98S",-0.8683455,-0.9079426,4,0
"3BE1_HL_A|DL28N,PL30A,RL31K,SL32T,YL57F,TL97S,TL98S,KH30S,DH31G,TH54S,NH55E,GH100V,DH102V",-2.8824897,-2.3580194,4,0
3LZF_AB_HL|DA187E,0.49836498,-0.104931936,4,0
"3LZF_AB_HL|DA187E,DA222G",0.12738612,0.1132461,4,0
3LZF_AB_HL|DA222G,0.5378587,0.118477836,4,0
3NGB_HL_G|AH57G,-0.056030333,-1.0169517,4,0
"3NGB_HL_G|AH57G,VH58T,PH63K,VH74T",1.6734211,-0.79817045,4,0
"3NGB_HL_G|CH32S,CH102A",0.25899792,0.2617262,4,0
3NGB_HL_G|DH103A,0.05987142,0.13871324,4,0
3NGB_HL_G|EL88A,1.3199503,0.848171,4,0
3NGB_HL_G|FL89A,0.85886127,0.5609311,4,0
3NGB_HL_G|GH55A,-1.2766591,-0.22292857,4,0
3NGB_HL_G|GH55S,0.74304354,0.25191736,4,0
3NGB_HL_G|GH56A,1.2656107,0.837908,4,0
3NGB_HL_G|IH30A,-0.0027431613,0.78546023,4,0
3NGB_HL_G|IH30T,0.0733938,0.13729657,4,0
"3NGB_HL_G|IH30T,KH52N,RH54N,GH55S,AH57G,VH58T,RH62Q,PH63K,VH74T,YH75S,YL26S",0.86214453,-2.959082,4,0
3NGB_HL_G|KH52A,0.62288266,1.1815975,4,0
3NGB_HL_G|KH52N,0.17497002,-0.6671215,4,0
3NGB_HL_G|MH70A,0.5305512,0.17822716,4,0
3NGB_HL_G|NH105A,1.1185741,-0.123392016,4,0
3NGB_HL_G|NH59A,1.7671243,1.7265626,4,0
3NGB_HL_G|PH63A,-0.04252045,0.5564109,4,0
3NGB_HL_G|PH63K,0.23252328,-0.057092912,4,0
3NGB_HL_G|QH65A,-0.34038836,0.65477127,4,0
3NGB_HL_G|QL25A,-0.23060839,0.3475304,4,0
3NGB_HL_G|RH54A,-0.25938424,1.1088884,4,0
3NGB_HL_G|RH54N,0.04645046,-0.14019738,4,0
3NGB_HL_G|RH62A,0.9958448,1.138911,4,0
3NGB_HL_G|RH62Q,0.09654992,0.15859336,4,0
3NGB_HL_G|RH72A,1.6432176,2.3659544,4,0
3NGB_HL_G|SL28A,-0.14471176,0.8443811,4,0
3NGB_HL_G|TH33A,0.7071634,1.3479828,4,0
3NGB_HL_G|TH33Y,0.084193856,-1.6895144,4,0
"3NGB_HL_G|TH33Y,GH56S,AH57G,VH58T,PH63K,VH74T,YH75S",1.9381938,-1.0584625,4,0
3NGB_HL_G|VH58A,1.3584284,1.8755411,4,0
3NGB_HL_G|VH58T,0.13787223,0.3464636,4,0
3NGB_HL_G|VH74A,1.087914,0.33066505,4,0
3NGB_HL_G|VH74T,0.16493925,-0.09605192,4,0
3NGB_HL_G|VL1A,-0.7733632,-0.18484603,4,0
3NGB_HL_G|WH106A,4.0,0.07528643,4,0
3NGB_HL_G|WH47A,1.2021707,1.0971233,4,0
3NGB_HL_G|WH50A,1.2917941,1.7635478,4,0
3NGB_HL_G|YH104A,1.4235861,0.16197285,4,0
3NGB_HL_G|YH60A,0.5484263,1.0845019,4,0
3NGB_HL_G|YH75A,-0.19932224,0.48964992,4,0
3NGB_HL_G|YH75S,0.3325709,0.38581076,4,0
3NGB_HL_G|YL26A,0.98528093,1.406323,4,0
3NGB_HL_G|YL26S,0.6512687,1.0508524,4,0
3NGB_HL_G|YL87A,2.0227883,0.5926218,4,0
4JPK_HL_A|DA141R,3.857323,0.07557413,4,0
"4JPK_HL_A|DA159N,DA33N",0.6189681,2.8699706,4,0
4JPK_HL_A|FA144I,1.3875175,0.6332504,4,0
4JPK_HL_A|FA63L,1.1672868,1.5597167,4,0
4JPK_HL_A|RA130K,0.23006605,0.21955824,4,0
4JPK_HL_A|RA81T,0.75870305,0.5100513,4,0
4JPK_HL_A|SA41G,2.151695,1.6470568,4,0
4JPK_HL_A|TA35S,-0.032093357,-1.770711,4,0
4JPK_HL_A|VA30N,0.59459484,0.27217004,4,0
"1JRH_LH_I|AI49S,II51T,HI55D",0.070675574,-0.40733787,4,1
"1JRH_LH_I|AI85D,KI88R,EI90K",-0.047747865,-0.9099242,4,1
"1JRH_LH_I|AI93L,VI94M",0.63366294,-0.21009184,4,1
1JRH_LH_I|DH56A,1.8860998,2.052441,4,1
1JRH_LH_I|DH57A,1.6660647,1.5459856,4,1
1JRH_LH_I|DH58A,1.8546488,1.2239116,4,1
1JRH_LH_I|DL28A,0.43464687,1.174834,4,1
1JRH_LH_I|EI35Q,0.09956847,-0.61607146,4,1
1JRH_LH_I|EI45A,-0.5657849,0.43302095,4,1
1JRH_LH_I|EI45P,-3.7881775,0.008517889,4,1
"1JRH_LH_I|EI45P,II47L",-3.4567804,0.29800424,4,1
"1JRH_LH_I|EI45P,II47R",-3.4400978,-0.009409847,4,1
1JRH_LH_I|EL27A,0.5426153,1.2916478,4,1
1JRH_LH_I|FH103A,0.0,0.6847221,4,1
1JRH_LH_I|GI40A,4.0,0.47860155,4,1
1JRH_LH_I|HH107A,1.6977708,0.35945594,4,1
"1JRH_LH_I|II25N,PI27S,VI29T,VI31I",0.14370596,-1.3435637,4,1
1JRH_LH_I|KI37A,3.713863,0.6728825,4,1
1JRH_LH_I|KI37M,3.2923293,0.41443792,4,1
1JRH_LH_I|KI42A,3.3858175,0.5486288,4,1
1JRH_LH_I|KI42M,4.0,0.32271826,4,1
1JRH_LH_I|KI88A,0.31209365,0.28910664,4,1
"1JRH_LH_I|MI15L,II18V",-0.21360606,0.7357335,4,1
1JRH_LH_I|NI38A,0.1704579,0.22941713,4,1
1JRH_LH_I|NI38Q,0.5344714,-0.6919398,4,1
1JRH_LH_I|NI43A,4.0,0.3824882,4,1
1JRH_LH_I|NI69A,-0.19953421,0.1359094,4,1
1JRH_LH_I|RH100A,0.5426153,1.5426251,4,1
1JRH_LH_I|RI74A,0.3926171,0.69827336,4,1
1JRH_LH_I|SI44A,0.37771076,1.2881092,4,1
"1JRH_LH_I|SI44G,EI45G,II47R",-3.3777049,0.4233305,4,1
"1JRH_LH_I|SI44G,EI45P,II47K",-3.884419,0.29423672,4,1
"1JRH_LH_I|SI61Y,DI62E,HI63Q,VI64I,GI65M,DI66Y,SI68D,NI69V,LI71A",2.9588323,0.5108677,4,1
1JRH_LH_I|SL93A,-0.65058374,0.7550914,4,1
1JRH_LH_I|TI4V,-0.025565991,-0.36812893,4,1
"1JRH_LH_I|TI9L,EI11K",-0.025565991,0.20263372,4,1
1JRH_LH_I|TL94A,0.38526937,0.21144234,4,1
1JRH_LH_I|VI41A,1.6791569,0.1521618,4,1
"1JRH_LH_I|VI73A,RI78K",-0.21360606,-0.016768286,4,1
1JRH_LH_I|WH54A,2.6862645,2.3177755,4,1
1JRH_LH_I|WH55A,2.4213178,1.7216014,4,1
1JRH_LH_I|WI46F,-0.25261214,0.41142738,4,1
1JRH_LH_I|WI46Y,0.29852974,0.0962094,4,1
1JRH_LH_I|WI72A,4.0,1.4235818,4,1
1JRH_LH_I|WI72F,1.102707,0.14068797,4,1
1JRH_LH_I|WI72Y,1.1878273,-0.37736666,4,1
1JRH_LH_I|WL92A,2.818407,1.8004467,4,1
1JRH_LH_I|WL95A,1.6660647,0.73858106,4,1
1JRH_LH_I|YH104A,1.0610564,1.1608877,4,1
1JRH_LH_I|YH32A,1.4333102,1.3124404,4,1
1JRH_LH_I|YH60A,1.2555921,1.8580146,4,1
1JRH_LH_I|YI39A,3.5271235,1.7180489,4,1
1JRH_LH_I|YI39F,0.9087807,0.2736687,4,1
1JRH_LH_I|YL30A,1.1084566,1.7041478,4,1
1JRH_LH_I|YL91A,0.58083415,2.5494366,4,1
1KIQ_AB_C|FB101Y,-2.4949589,-0.28604218,4,1
1XGR_AB_C|IB33A,2.260207,1.8300035,4,1
1XGR_AB_C|IB33F,-1.8004549,-0.6482196,4,1
1XGR_AB_C|IB33L,0.061315425,-0.026583655,4,1
1XGR_AB_C|IB33V,1.1076277,0.5564797,4,1
2BDN_HL_A|DH31E,1.0852306,0.1478131,4,1
2BDN_HL_A|LH27K,0.8740124,-0.0490081,4,1
2BDN_HL_A|LH27R,0.65058374,-0.06279438,4,1
2BDN_HL_A|NH28D,0.13214268,-0.27946314,4,1
2BDN_HL_A|NH28Q,1.3994616,0.2727177,4,1
2BDN_HL_A|NL31K,3.4897714,0.18282135,4,1
2BDN_HL_A|NL31R,-0.9171868,0.16764034,4,1
2BDN_HL_A|SL53D,-0.1605731,-0.45672634,4,1
2BDN_HL_A|SL53E,-0.85132045,-0.2018723,4,1
2BDN_HL_A|TL56D,-0.4254655,-0.61496997,4,1
2BDN_HL_A|TL56E,-0.6888026,-0.49038848,4,1
2BDN_HL_A|YL30K,0.67475796,0.82283676,4,1
2NYY_DC_A|DA1030A,0.009336901,0.77615786,4,1
2NYY_DC_A|DA1034A,2.5297937,0.92392355,4,1
2NYY_DC_A|DC30Y,0.64113563,-0.21400425,4,1
2NYY_DC_A|EA892A,2.839132,0.67836857,4,1
2NYY_DC_A|ED5Q,-0.2479871,-0.0327095,4,1
2NYY_DC_A|FA889A,0.4193659,1.2530293,4,1
2NYY_DC_A|FA925A,4.0,1.1694946,4,1
2NYY_DC_A|HA1036A,4.0,1.2051505,4,1
2NYY_DC_A|HC34R,0.10088469,0.2650177,4,1
2NYY_DC_A|IA928A,-0.009487502,1.1787702,4,1
2NYY_DC_A|KA1028A,-0.028934313,0.6215719,4,1
2NYY_DC_A|KA875A,0.29098648,0.73437256,4,1
2NYY_DC_A|KA895A,-0.14014584,0.5418757,4,1
2NYY_DC_A|KD29R,0.071385965,-0.35764924,4,1
"2NYY_DC_A|KD29S,YD30D,DD31H,SD60P",0.04961051,1.3177054,4,1
2NYY_DC_A|LA891A,2.5892105,0.39398578,4,1
2NYY_DC_A|MD33Q,-0.059869844,0.06573633,4,1
2NYY_DC_A|NA890A,0.89044046,0.2584889,4,1
2NYY_DC_A|NA926A,0.09934822,0.57193416,4,1
2NYY_DC_A|QA887A,0.5208145,0.6588328,4,1
2NYY_DC_A|RA1033A,0.82012254,0.8608013,4,1
2NYY_DC_A|RA1266A,0.2995321,0.8298347,4,1
2NYY_DC_A|SA874A,-0.23032175,0.95987976,4,1
2NYY_DC_A|SA927A,0.0,0.9774317,4,1
2NYY_DC_A|SC28Q,0.4133828,0.4867049,4,1
2NYY_DC_A|SC31N,-0.35338265,0.124478556,4,1
2NYY_DC_A|TA1035A,1.630871,0.37026548,4,1
2NYY_DC_A|VD36I,-0.21317148,-0.124423765,4,1
"2NYY_DC_A|VD36I,ED5Q",-0.0490461,-0.15756418,4,1
2NYY_DC_A|YD30D,0.06462482,0.8915628,4,1
2NYY_DC_A|YD30Q,0.12897444,1.4255784,4,1
2NYY_DC_A|YD56Q,0.5196862,1.1374598,4,1
2NZ9_DC_A|DA1030A,-0.031082604,0.8345511,4,1
2NZ9_DC_A|DA1034A,2.3396032,0.928757,4,1
2NZ9_DC_A|EA892A,2.77036,0.67600274,4,1
2NZ9_DC_A|FA889A,-0.04961051,1.2265239,4,1
2NZ9_DC_A|FA925A,3.340439,1.1759906,4,1
2NZ9_DC_A|HA1036A,4.0,1.1563401,4,1
2NZ9_DC_A|IA928A,0.069281444,1.1650333,4,1
2NZ9_DC_A|KA1028A,-0.008714417,0.6190627,4,1
2NZ9_DC_A|KA875A,0.5407011,0.79795796,4,1
2NZ9_DC_A|KA895A,-0.29975358,0.5413687,4,1
2NZ9_DC_A|LA891A,2.279965,0.39520055,4,1
2NZ9_DC_A|NA890A,2.1600318,0.26525944,4,1
2NZ9_DC_A|NA926A,-0.15216734,0.54817855,4,1
2NZ9_DC_A|QA887A,0.09926054,0.6111766,4,1
2NZ9_DC_A|RA1033A,0.29088098,0.8437366,4,1
2NZ9_DC_A|RA1266A,0.39015788,0.7913212,4,1
2NZ9_DC_A|SA874A,-0.11948046,0.896149,4,1
2NZ9_DC_A|SA927A,-0.078544825,0.9622063,4,1
"2NZ9_DC_A|SD29K,DD30Y,HD31D",-0.04961051,-0.6806595,4,1
2NZ9_DC_A|TA1035A,2.3703818,0.33274427,4,1
2VIS_AB_C|IC89T,-4.0,0.26266733,4,1
"3BE1_HL_A|DL28N,PL30A,RL31K,SL32T,TL97S,TL98S",-0.6860794,-0.39046723,4,1
"3BE1_HL_A|DL28N,PL30A,RL31K,SL32T,TL97S,TL98S,KH30S,DH31G,TH54S,NH55E,GH100V,DH102V",-2.7728782,-2.5517833,4,1
"3BE1_HL_A|DL28N,PL30A,RL31K,SL32T,TL97S,TL98S,KH30S,DH31G,TH54S,NH55E,GH100V,DH102V,YL36A",-3.190238,-0.27458674,4,1
"3BE1_HL_A|DL28N,PL30A,RL31K,SL32T,TL97S,TL98S,KH30S,DH31G,TH54S,NH55E,GH100V,DH102V,YL36A,IL33A",-2.7728782,0.58762085,4,1
"3BE1_HL_A|DL28N,PL30A,RL31K,SL32T,YL57F,TL97S,TL98S",-0.8683455,-0.32523033,4,1
"3BE1_HL_A|DL28N,PL30A,RL31K,SL32T,YL57F,TL97S,TL98S,KH30S,DH31G,TH54S,NH55E,GH100V,DH102V",-2.8824897,-2.5275655,4,1
3LZF_AB_HL|DA187E,0.49836498,0.5134966,4,1
"3LZF_AB_HL|DA187E,DA222G",0.12738612,1.4144276,4,1
3LZF_AB_HL|DA222G,0.5378587,0.95411223,4,1
3NGB_HL_G|AH57G,-0.056030333,-1.3486093,4,1
"3NGB_HL_G|AH57G,VH58T,PH63K,VH74T",1.6734211,-1.1970768,4,1
"3NGB_HL_G|CH32S,CH102A",0.25899792,0.9336121,4,1
3NGB_HL_G|DH103A,0.05987142,0.6974545,4,1
3NGB_HL_G|EL88A,1.3199503,1.0840212,4,1
3NGB_HL_G|FL89A,0.85886127,1.0800806,4,1
3NGB_HL_G|GH55A,-1.2766591,1.5553563,4,1
3NGB_HL_G|GH55S,0.74304354,0.53806716,4,1
3NGB_HL_G|GH56A,1.2656107,1.0670395,4,1
3NGB_HL_G|IH30A,-0.0027431613,0.87225264,4,1
3NGB_HL_G|IH30T,0.0733938,0.13316017,4,1
"3NGB_HL_G|IH30T,KH52N,RH54N,GH55S,AH57G,VH58T,RH62Q,PH63K,VH74T,YH75S,YL26S",0.86214453,0.59667355,4,1
3NGB_HL_G|KH52A,0.62288266,0.96417546,4,1
3NGB_HL_G|KH52N,0.17497002,0.15739639,4,1
3NGB_HL_G|MH70A,0.5305512,0.5623926,4,1
3NGB_HL_G|NH105A,1.1185741,0.1471174,4,1
3NGB_HL_G|NH59A,1.7671243,0.84348994,4,1
3NGB_HL_G|PH63A,-0.04252045,0.33519033,4,1
3NGB_HL_G|PH63K,0.23252328,-0.08498132,4,1
3NGB_HL_G|QH65A,-0.34038836,0.5031485,4,1
3NGB_HL_G|QL25A,-0.23060839,0.65648216,4,1
3NGB_HL_G|RH54A,-0.25938424,0.77388686,4,1
3NGB_HL_G|RH54N,0.04645046,0.25329414,4,1
3NGB_HL_G|RH62A,0.9958448,0.4323459,4,1
3NGB_HL_G|RH62Q,0.09654992,0.120847605,4,1
3NGB_HL_G|RH72A,1.6432176,0.5912852,4,1
3NGB_HL_G|SL28A,-0.14471176,1.4643002,4,1
3NGB_HL_G|TH33A,0.7071634,0.99055874,4,1
3NGB_HL_G|TH33Y,0.084193856,-0.78191274,4,1
"3NGB_HL_G|TH33Y,GH56S,AH57G,VH58T,PH63K,VH74T,YH75S",1.9381938,-0.9723552,4,1
3NGB_HL_G|VH58A,1.3584284,0.7018324,4,1
3NGB_HL_G|VH58T,0.13787223,0.35215145,4,1
3NGB_HL_G|VH74A,1.087914,0.41293186,4,1
3NGB_HL_G|VH74T,0.16493925,-0.13985847,4,1
3NGB_HL_G|VL1A,-0.7733632,0.60902363,4,1
3NGB_HL_G|WH106A,4.0,1.0527163,4,1
3NGB_HL_G|WH47A,1.2021707,0.9539445,4,1
3NGB_HL_G|WH50A,1.2917941,1.2492173,4,1
3NGB_HL_G|YH104A,1.4235861,1.022926,4,1
3NGB_HL_G|YH60A,0.5484263,0.70436805,4,1
3NGB_HL_G|YH75A,-0.19932224,0.86732864,4,1
3NGB_HL_G|YH75S,0.3325709,0.5818244,4,1
3NGB_HL_G|YL26A,0.98528093,1.4371527,4,1
3NGB_HL_G|YL26S,0.6512687,0.57083,4,1
3NGB_HL_G|YL87A,2.0227883,1.9069992,4,1
4JPK_HL_A|DA141R,3.857323,0.20121035,4,1
"4JPK_HL_A|DA159N,DA33N",0.6189681,0.88191754,4,1
4JPK_HL_A|FA144I,1.3875175,0.7493442,4,1
4JPK_HL_A|FA63L,1.1672868,1.2701313,4,1
4JPK_HL_A|RA130K,0.23006605,0.118434906,4,1
4JPK_HL_A|RA81T,0.75870305,0.18445736,4,1
4JPK_HL_A|SA41G,2.151695,0.5530859,4,1
4JPK_HL_A|TA35S,-0.032093357,-0.6182224,4,1
4JPK_HL_A|VA30N,0.59459484,0.19311282,4,1
"1JRH_LH_I|AI49S,II51T,HI55D",0.070675574,-0.16911148,4,2
"1JRH_LH_I|AI85D,KI88R,EI90K",-0.047747865,-0.9405379,4,2
"1JRH_LH_I|AI93L,VI94M",0.63366294,-0.6230407,4,2
1JRH_LH_I|DH56A,1.8860998,0.5692568,4,2
1JRH_LH_I|DH57A,1.6660647,0.57020926,4,2
1JRH_LH_I|DH58A,1.8546488,0.59188426,4,2
1JRH_LH_I|DL28A,0.43464687,0.39973238,4,2
1JRH_LH_I|EI35Q,0.09956847,-0.4935595,4,2
1JRH_LH_I|EI45A,-0.5657849,0.23519528,4,2
1JRH_LH_I|EI45P,-3.7881775,-0.14962907,4,2
"1JRH_LH_I|EI45P,II47L",-3.4567804,0.26635867,4,2
"1JRH_LH_I|EI45P,II47R",-3.4400978,-0.057546303,4,2
1JRH_LH_I|EL27A,0.5426153,0.87871945,4,2
1JRH_LH_I|FH103A,0.0,0.50686365,4,2
1JRH_LH_I|GI40A,4.0,0.052796677,4,2
1JRH_LH_I|HH107A,1.6977708,0.44145197,4,2
"1JRH_LH_I|II25N,PI27S,VI29T,VI31I",0.14370596,-0.104879886,4,2
1JRH_LH_I|KI37A,3.713863,0.5214391,4,2
1JRH_LH_I|KI37M,3.2923293,0.10876083,4,2
1JRH_LH_I|KI42A,3.3858175,0.35776448,4,2
1JRH_LH_I|KI42M,4.0,-0.07149599,4,2
1JRH_LH_I|KI88A,0.31209365,0.5956142,4,2
"1JRH_LH_I|MI15L,II18V",-0.21360606,0.51985526,4,2
1JRH_LH_I|NI38A,0.1704579,0.43241405,4,2
1JRH_LH_I|NI38Q,0.5344714,-0.06910068,4,2
1JRH_LH_I|NI43A,4.0,0.18221605,4,2
1JRH_LH_I|NI69A,-0.19953421,0.32194173,4,2
1JRH_LH_I|RH100A,0.5426153,0.8982831,4,2
1JRH_LH_I|RI74A,0.3926171,0.8263434,4,2
1JRH_LH_I|SI44A,0.37771076,0.5275141,4,2
"1JRH_LH_I|SI44G,EI45G,II47R",-3.3777049,0.62634957,4,2
"1JRH_LH_I|SI44G,EI45P,II47K",-3.884419,0.506068,4,2
"1JRH_LH_I|SI61Y,DI62E,HI63Q,VI64I,GI65M,DI66Y,SI68D,NI69V,LI71A",2.9588323,-0.23233849,4,2
1JRH_LH_I|SL93A,-0.65058374,0.02555677,4,2
1JRH_LH_I|TI4V,-0.025565991,-0.27430457,4,2
"1JRH_LH_I|TI9L,EI11K",-0.025565991,-0.6616751,4,2
1JRH_LH_I|TL94A,0.38526937,0.22959171,4,2
1JRH_LH_I|VI41A,1.6791569,0.13350724,4,2
"1JRH_LH_I|VI73A,RI78K",-0.21360606,0.36578023,4,2
1JRH_LH_I|WH54A,2.6862645,0.72274303,4,2
1JRH_LH_I|WH55A,2.4213178,0.55759823,4,2
1JRH_LH_I|WI46F,-0.25261214,-0.06162624,4,2
1JRH_LH_I|WI46Y,0.29852974,-0.08324533,4,2
1JRH_LH_I|WI72A,4.0,0.63722277,4,2
1JRH_LH_I|WI72F,1.102707,-0.21764895,4,2
1JRH_LH_I|WI72Y,1.1878273,-0.29218683,4,2
1JRH_LH_I|WL92A,2.818407,0.3133209,4,2
1JRH_LH_I|WL95A,1.6660647,0.7411965,4,2
1JRH_LH_I|YH104A,1.0610564,1.2069421,4,2
1JRH_LH_I|YH32A,1.4333102,0.81398165,4,2
1JRH_LH_I|YH60A,1.2555921,1.0094529,4,2
1JRH_LH_I|YI39A,3.5271235,0.52982014,4,2
1JRH_LH_I|YI39F,0.9087807,-0.26450333,4,2
1JRH_LH_I|YL30A,1.1084566,0.54800427,4,2
1JRH_LH_I|YL91A,0.58083415,1.060366,4,2
1KIQ_AB_C|FB101Y,-2.4949589,-0.39806637,4,2
1XGR_AB_C|IB33A,2.260207,0.51869345,4,2
1XGR_AB_C|IB33F,-1.8004549,-0.26334766,4,2
1XGR_AB_C|IB33L,0.061315425,-0.1695339,4,2
1XGR_AB_C|IB33V,1.1076277,-0.07768991,4,2
2BDN_HL_A|DH31E,1.0852306,-0.14999998,4,2
2BDN_HL_A|LH27K,0.8740124,0.16481549,4,2
2BDN_HL_A|LH27R,0.65058374,0.049490694,4,2
2BDN_HL_A|NH28D,0.13214268,-0.28988874,4,2
2BDN_HL_A|NH28Q,1.3994616,-0.16521947,4,2
2BDN_HL_A|NL31K,3.4897714,-0.032503754,4,2
2BDN_HL_A|NL31R,-0.9171868,-0.11975533,4,2
2BDN_HL_A|SL53D,-0.1605731,-0.7481936,4,2
2BDN_HL_A|SL53E,-0.85132045,-0.77599204,4,2
2BDN_HL_A|TL56D,-0.4254655,-0.48095247,4,2
2BDN_HL_A|TL56E,-0.6888026,-0.53042555,4,2
2BDN_HL_A|YL30K,0.67475796,0.28387988,4,2
2NYY_DC_A|DA1030A,0.009336901,0.2883785,4,2
2NYY_DC_A|DA1034A,2.5297937,0.50898135,4,2
2NYY_DC_A|DC30Y,0.64113563,-0.5898429,4,2
2NYY_DC_A|EA892A,2.839132,0.3563839,4,2
2NYY_DC_A|ED5Q,-0.2479871,0.111097604,4,2
2NYY_DC_A|FA889A,0.4193659,0.7952051,4,2
2NYY_DC_A|FA925A,4.0,0.73779273,4,2
2NYY_DC_A|HA1036A,4.0,0.7402322,4,2
2NYY_DC_A|HC34R,0.10088469,0.21959144,4,2
2NYY_DC_A|IA928A,-0.009487502,0.5817648,4,2
2NYY_DC_A|KA1028A,-0.028934313,0.3746069,4,2
2NYY_DC_A|KA875A,0.29098648,0.5312289,4,2
2NYY_DC_A|KA895A,-0.14014584,0.5636872,4,2
2NYY_DC_A|KD29R,0.071385965,-0.3085015,4,2
"2NYY_DC_A|KD29S,YD30D,DD31H,SD60P",0.04961051,0.49632594,4,2
2NYY_DC_A|LA891A,2.5892105,0.30006304,4,2
2NYY_DC_A|MD33Q,-0.059869844,0.14830121,4,2
2NYY_DC_A|NA890A,0.89044046,0.5094293,4,2
2NYY_DC_A|NA926A,0.09934822,0.42436546,4,2
2NYY_DC_A|QA887A,0.5208145,0.50610226,4,2
2NYY_DC_A|RA1033A,0.82012254,0.50072145,4,2
2NYY_DC_A|RA1266A,0.2995321,0.47401187,4,2
2NYY_DC_A|SA874A,-0.23032175,0.50430965,4,2
2NYY_DC_A|SA927A,0.0,0.67257977,4,2
2NYY_DC_A|SC28Q,0.4133828,-0.2628229,4,2
2NYY_DC_A|SC31N,-0.35338265,0.03516828,4,2
2NYY_DC_A|TA1035A,1.630871,0.15946403,4,2
2NYY_DC_A|VD36I,-0.21317148,-0.09618823,4,2
"2NYY_DC_A|VD36I,ED5Q",-0.0490461,0.075883955,4,2
2NYY_DC_A|YD30D,0.06462482,0.55486465,4,2
2NYY_DC_A|YD30Q,0.12897444,0.5895978,4,2
2NYY_DC_A|YD56Q,0.5196862,0.4633207,4,2
2NZ9_DC_A|DA1030A,-0.031082604,0.3061264,4,2
2NZ9_DC_A|DA1034A,2.3396032,0.45470774,4,2
2NZ9_DC_A|EA892A,2.77036,0.37474406,4,2
2NZ9_DC_A|FA889A,-0.04961051,0.7626524,4,2
2NZ9_DC_A|FA925A,3.340439,0.744841,4,2
2NZ9_DC_A|HA1036A,4.0,0.7597668,4,2
2NZ9_DC_A|IA928A,0.069281444,0.5755985,4,2
2NZ9_DC_A|KA1028A,-0.008714417,0.37351212,4,2
2NZ9_DC_A|KA875A,0.5407011,0.50943416,4,2
2NZ9_DC_A|KA895A,-0.29975358,0.6154628,4,2
2NZ9_DC_A|LA891A,2.279965,0.3407484,4,2
2NZ9_DC_A|NA890A,2.1600318,0.4537434,4,2
2NZ9_DC_A|NA926A,-0.15216734,0.38382262,4,2
2NZ9_DC_A|QA887A,0.09926054,0.4512392,4,2
2NZ9_DC_A|RA1033A,0.29088098,0.52121073,4,2
2NZ9_DC_A|RA1266A,0.39015788,0.5085651,4,2
2NZ9_DC_A|SA874A,-0.11948046,0.53013515,4,2
2NZ9_DC_A|SA927A,-0.078544825,0.63687336,4,2
"2NZ9_DC_A|SD29K,DD30Y,HD31D",-0.04961051,-0.69519067,4,2
2NZ9_DC_A|TA1035A,2.3703818,0.20243001,4,2
2VIS_AB_C|IC89T,-4.0,0.13004546,4,2
"3BE1_HL_A|DL28N,PL30A,RL31K,SL32T,TL97S,TL98S",-0.6860794,1.1281948,4,2
"3BE1_HL_A|DL28N,PL30A,RL31K,SL32T,TL97S,TL98S,KH30S,DH31G,TH54S,NH55E,GH100V,DH102V",-2.7728782,0.7088847,4,2
"3BE1_HL_A|DL28N,PL30A,RL31K,SL32T,TL97S,TL98S,KH30S,DH31G,TH54S,NH55E,GH100V,DH102V,YL36A",-3.190238,1.8534526,4,2
"3BE1_HL_A|DL28N,PL30A,RL31K,SL32T,TL97S,TL98S,KH30S,DH31G,TH54S,NH55E,GH100V,DH102V,YL36A,IL33A",-2.7728782,2.3194673,4,2
"3BE1_HL_A|DL28N,PL30A,RL31K,SL32T,YL57F,TL97S,TL98S",-0.8683455,1.6491064,4,2
"3BE1_HL_A|DL28N,PL30A,RL31K,SL32T,YL57F,TL97S,TL98S,KH30S,DH31G,TH54S,NH55E,GH100V,DH102V",-2.8824897,1.2014189,4,2
3LZF_AB_HL|DA187E,0.49836498,0.08973183,4,2
"3LZF_AB_HL|DA187E,DA222G",0.12738612,0.3797901,4,2
3LZF_AB_HL|DA222G,0.5378587,0.14412463,4,2
3NGB_HL_G|AH57G,-0.056030333,-0.63417685,4,2
"3NGB_HL_G|AH57G,VH58T,PH63K,VH74T",1.6734211,-0.17235784,4,2
"3NGB_HL_G|CH32S,CH102A",0.25899792,0.7485492,4,2
3NGB_HL_G|DH103A,0.05987142,0.5339316,4,2
3NGB_HL_G|EL88A,1.3199503,0.7412598,4,2
3NGB_HL_G|FL89A,0.85886127,0.5361591,4,2
3NGB_HL_G|GH55A,-1.2766591,0.6305752,4,2
3NGB_HL_G|GH55S,0.74304354,0.49882093,4,2
3NGB_HL_G|GH56A,1.2656107,0.56994057,4,2
3NGB_HL_G|IH30A,-0.0027431613,0.59191644,4,2
3NGB_HL_G|IH30T,0.0733938,0.27174225,4,2
"3NGB_HL_G|IH30T,KH52N,RH54N,GH55S,AH57G,VH58T,RH62Q,PH63K,VH74T,YH75S,YL26S",0.86214453,2.844557,4,2
3NGB_HL_G|KH52A,0.62288266,0.36821017,4,2
3NGB_HL_G|KH52N,0.17497002,0.0752667,4,2
3NGB_HL_G|MH70A,0.5305512,0.08383876,4,2
3NGB_HL_G|NH105A,1.1185741,0.14909142,4,2
3NGB_HL_G|NH59A,1.7671243,0.19948481,4,2
3NGB_HL_G|PH63A,-0.04252045,0.3767068,4,2
3NGB_HL_G|PH63K,0.23252328,0.18295567,4,2
3NGB_HL_G|QH65A,-0.34038836,0.38012484,4,2
3NGB_HL_G|QL25A,-0.23060839,0.4379571,4,2
3NGB_HL_G|RH54A,-0.25938424,0.45983943,4,2
3NGB_HL_G|RH54N,0.04645046,0.2758425,4,2
3NGB_HL_G|RH62A,0.9958448,0.31731868,4,2
3NGB_HL_G|RH62Q,0.09654992,0.038791914,4,2
3NGB_HL_G|RH72A,1.6432176,0.20508307,4,2
3NGB_HL_G|SL28A,-0.14471176,0.32777604,4,2
3NGB_HL_G|TH33A,0.7071634,0.46035448,4,2
3NGB_HL_G|TH33Y,0.084193856,-0.49412403,4,2
"3NGB_HL_G|TH33Y,GH56S,AH57G,VH58T,PH63K,VH74T,YH75S",1.9381938,0.5524746,4,2
3NGB_HL_G|VH58A,1.3584284,0.4377479,4,2
3NGB_HL_G|VH58T,0.13787223,0.102233335,4,2
3NGB_HL_G|VH74A,1.087914,0.35561395,4,2
3NGB_HL_G|VH74T,0.16493925,-0.007241372,4,2
3NGB_HL_G|VL1A,-0.7733632,0.582834,4,2
3NGB_HL_G|WH106A,4.0,0.3166584,4,2
3NGB_HL_G|WH47A,1.2021707,0.46217003,4,2
3NGB_HL_G|WH50A,1.2917941,0.5577136,4,2
3NGB_HL_G|YH104A,1.4235861,0.9537684,4,2
3NGB_HL_G|YH60A,0.5484263,1.1702982,4,2
3NGB_HL_G|YH75A,-0.19932224,1.0054109,4,2
3NGB_HL_G|YH75S,0.3325709,0.87805045,4,2
3NGB_HL_G|YL26A,0.98528093,0.84309995,4,2
3NGB_HL_G|YL26S,0.6512687,0.7201781,4,2
3NGB_HL_G|YL87A,2.0227883,0.76557195,4,2
4JPK_HL_A|DA141R,3.857323,-0.16351365,4,2
"4JPK_HL_A|DA159N,DA33N",0.6189681,0.13905454,4,2
4JPK_HL_A|FA144I,1.3875175,0.15385428,4,2
4JPK_HL_A|FA63L,1.1672868,0.45541304,4,2
4JPK_HL_A|RA130K,0.23006605,0.29021317,4,2
4JPK_HL_A|RA81T,0.75870305,0.5162451,4,2
4JPK_HL_A|SA41G,2.151695,0.060780708,4,2
4JPK_HL_A|TA35S,-0.032093357,-0.31056878,4,2
4JPK_HL_A|VA30N,0.59459484,0.14182611,4,2
