row_id,ddg_true,ddg_pred,fold,seed
1AHW_AB_C|DC167A,-0.4845926,1.3676699,0,0
"1AHW_AB_C|KC138A,DC139A",1.1814722,2.1478033,0,0
"1AHW_AB_C|KC154A,KC155A",-1.329712,2.7216976,0,0
1AHW_AB_C|LC165A,0.9869364,0.39683738,0,0
1AHW_AB_C|NC188A,1.0782224,0.87808216,0,0
"1AHW_AB_C|TC110A,KC111A",0.6388569,2.3988473,0,0
1AHW_AB_C|TC156A,-0.07411996,1.2702671,0,0
1AHW_AB_C|TC159A,1.105771,1.8149691,0,0
1AHW_AB_C|TC186A,1.345882,1.1962541,0,0
1AHW_AB_C|VC187A,-0.31423107,0.628379,0,0
1AHW_AB_C|YC146A,-1.8890098,2.2496524,0,0
1BJ1_HL_VW|HH101Y,-1.5835956,-1.5788374,0,0
"1BJ1_HL_VW|HH101Y,YH103I,GH104A,SH105K",-0.43125325,-0.24057883,0,0
"1BJ1_HL_VW|HH101Y,YH103R,GH104N,SH105T",-0.7626503,-1.6828338,0,0
"1BJ1_HL_VW|HH101Y,YH103R,SH105T",-1.173123,-2.185652,0,0
1BJ1_HL_VW|HH107A,0.78965265,0.24699602,0,0
"1BJ1_HL_VW|LH72I,TH74K",0.076517485,1.0142006,0,0
"1BJ1_HL_VW|LH72V,TH74V",0.6706598,0.85114205,0,0
"1BJ1_HL_VW|ML4L,TH28D,NH31H,HH101Y,SH105T",-1.52138,-2.5925114,0,0
1BJ1_HL_VW|NH31H,-0.7626503,-0.004861993,0,0
1BJ1_HL_VW|SH105T,-0.39039657,-0.21868682,0,0
1BJ1_HL_VW|TH28D,-0.22003505,-0.2543988,0,0
"1BJ1_HL_VW|TH28D,NH31H",-0.6929008,-0.3796527,0,0
"1BJ1_HL_VW|TH28D,NH31H,YH54W,HH101Y,SH105T",-1.2034981,-2.465213,0,0
1BJ1_HL_VW|TH59A,0.85066694,1.1614686,0,0
1BJ1_HL_VW|YH27A,2.2425284,0.62040114,0,0
1BJ1_HL_VW|YH54A,1.3276595,1.422961,0,0
1BJ1_HL_VW|YH54W,-0.13726985,0.04022059,0,0
1BJ1_HL_VW|YH99A,4.0,1.054737,0,0
1DQJ_AB_C|DB32A,2.0134337,0.8427625,0,0
"1DQJ_AB_C|DB32A,KC97A",1.1223834,0.8275939,0,0
1DQJ_AB_C|DC101A,1.3765504,1.1707743,0,0
1DQJ_AB_C|KC96A,4.0,0.69194293,0,0
1DQJ_AB_C|KC97A,3.5197058,0.33553937,0,0
1DQJ_AB_C|LC75A,1.452407,0.35355467,0,0
1DQJ_AB_C|NA31A,2.0134337,2.0285947,0,0
1DQJ_AB_C|NA32A,4.0,0.21273892,0,0
"1DQJ_AB_C|NA32A,KC96A",4.0,0.6926064,0,0
1DQJ_AB_C|NC93A,0.64987326,0.3230701,0,0
1DQJ_AB_C|RC21A,1.2137709,0.278682,0,0
1DQJ_AB_C|SA91A,1.4318883,0.73886865,0,0
"1DQJ_AB_C|SA91A,RC21A",3.1707318,0.8908335,0,0
"1DQJ_AB_C|SA91A,YC20A",3.573092,1.8344629,0,0
1DQJ_AB_C|SC100A,0.7755829,0.9802649,0,0
1DQJ_AB_C|TC89A,0.84084374,1.2577989,0,0
1DQJ_AB_C|WB98A,4.0,2.0313814,0,0
"1DQJ_AB_C|WB98A,KC97A",4.0,2.230172,0,0
"1DQJ_AB_C|WB98A,SC100A",4.0,3.7004948,0,0
"1DQJ_AB_C|WB98A,YC20A",4.0,3.519654,0,0
1DQJ_AB_C|WC62A,0.7580786,1.7941477,0,0
1DQJ_AB_C|WC63A,1.3462692,1.2148788,0,0
1DQJ_AB_C|YA50A,2.678299,0.99537194,0,0
1DQJ_AB_C|YA96A,1.135051,0.88074386,0,0
"1DQJ_AB_C|YA96A,RC21A",3.4851997,0.95731753,0,0
"1DQJ_AB_C|YA96A,SC100A",0.91344726,1.8783481,0,0
1DQJ_AB_C|YB33A,4.0,3.3950837,0,0
1DQJ_AB_C|YB50A,4.0,1.3710189,0,0
1DQJ_AB_C|YB53A,1.1802781,0.714415,0,0
"1DQJ_AB_C|YB53A,DC101A",2.727121,1.4598995,0,0
"1DQJ_AB_C|YB53A,LC75A",1.2168618,0.78035134,0,0
"1DQJ_AB_C|YB53A,WC62A",1.286308,2.3648207,0,0
"1DQJ_AB_C|YB53A,WC63A",2.1992323,1.6401241,0,0
1DQJ_AB_C|YC20A,3.2857084,1.2794144,0,0
1XGT_AB_C|LB33A,2.1988916,2.3366442,0,0
1XGT_AB_C|LB33F,-1.8617703,-1.912611,0,0
1XGT_AB_C|LB33I,-0.061315425,-0.032906614,0,0
1XGT_AB_C|LB33V,1.0463123,1.1198881,0,0
"3BDY_HL_V|DL28N,PL30A,RL31K,SL32T,TL97S,TL98S",-0.9690793,-0.91235864,0,0
"3BDY_HL_V|DL28N,PL30A,RL31K,SL32T,TL97S,TL98S,KH31S,DH32G,TH55S,NH56E,GH101V,DH103V",-2.7154896,-2.9141333,0,0
"3BDY_HL_V|DL28N,PL30A,RL31K,SL32T,TL97S,TL98S,KH31S,DH32G,TH55S,NH56E,GH101V,DH103V,RH51A,RH60A",-2.7728782,-0.65693015,0,0
"3BDY_HL_V|DL28N,PL30A,RL31K,SL32T,YL57F,TL97S,TL98S",-0.97316396,-0.8585475,0,0
"3BDY_HL_V|DL28N,PL30A,RL31K,SL32T,YL57F,TL97S,TL98S,KH31S,DH32G,TH55S,NH56E,GH101V,DH103V",-2.727121,-2.9459763,0,0
3HFM_HL_Y|DH32A,1.8982269,0.67284775,0,0
"3HFM_HL_Y|DH32A,KY97A",4.0,0.74287057,0,0
"3HFM_HL_Y|DH32A,KY97M",1.1234494,1.0691987,0,0
3HFM_HL_Y|DH32N,0.17036153,0.068495065,0,0
"3HFM_HL_Y|DH32N,KY97A",4.0,0.28465372,0,0
"3HFM_HL_Y|DH32N,KY97M",0.3025042,0.59187365,0,0
3HFM_HL_Y|DY101A,1.2081919,1.1741529,0,0
3HFM_HL_Y|DY101E,2.132881,0.21329251,0,0
3HFM_HL_Y|DY101F,2.3282614,0.20587538,0,0
3HFM_HL_Y|DY101G,0.35884774,0.46383023,0,0
3HFM_HL_Y|DY101K,2.1245396,0.78460485,0,0
3HFM_HL_Y|DY101N,1.4911126,0.71921605,0,0
3HFM_HL_Y|DY101Q,2.0851746,0.0040373495,0,0
3HFM_HL_Y|DY101R,2.2798727,0.85873866,0,0
3HFM_HL_Y|DY101S,1.8694,0.5176177,0,0
3HFM_HL_Y|GY102V,0.395285,0.005438582,0,0
3HFM_HL_Y|HY15A,-0.4453172,0.26426867,0,0
3HFM_HL_Y|IY98A,0.0,0.12684442,0,0
3HFM_HL_Y|KY96A,4.0,0.71037006,0,0
3HFM_HL_Y|KY96M,4.0,0.9885037,0,0
3HFM_HL_Y|KY96R,4.0,0.18632926,0,0
3HFM_HL_Y|KY97A,4.0,0.43584427,0,0
3HFM_HL_Y|KY97D,4.0,0.26766244,0,0
3HFM_HL_Y|KY97E,3.6045077,0.28181666,0,0
3HFM_HL_Y|KY97G,4.0,0.18839541,0,0
3HFM_HL_Y|KY97M,0.9469717,0.8007366,0,0
3HFM_HL_Y|KY97R,3.0528512,-0.14622237,0,0
3HFM_HL_Y|LY75A,0.70445603,0.35397652,0,0
3HFM_HL_Y|NL31A,4.0,2.4603937,0,0
"3HFM_HL_Y|NL31A,KY96A",4.0,3.6289787,0,0
3HFM_HL_Y|NL31D,1.3434845,0.41379148,0,0
3HFM_HL_Y|NL31E,4.0,0.759666,0,0
3HFM_HL_Y|NL32A,4.0,0.22494705,0,0
3HFM_HL_Y|NY19D,0.41047263,0.01390507,0,0
3HFM_HL_Y|NY19K,0.2401111,0.46260905,0,0
3HFM_HL_Y|NY19Q,-0.042485796,-0.22859219,0,0
3HFM_HL_Y|NY93A,0.21121821,0.36524156,0,0
3HFM_HL_Y|QL53A,0.9530879,-0.051490672,0,0
3HFM_HL_Y|RY21A,0.8618019,0.45912045,0,0
3HFM_HL_Y|RY21E,2.4534352,-0.1672223,0,0
3HFM_HL_Y|RY21G,2.4220753,-0.2574814,0,0
3HFM_HL_Y|RY21H,2.1693182,-0.6003423,0,0
3HFM_HL_Y|RY21K,1.766342,-0.16093859,0,0
3HFM_HL_Y|RY21M,2.0498905,1.0239168,0,0
3HFM_HL_Y|RY21N,2.3282614,0.15049016,0,0
3HFM_HL_Y|RY21Q,2.3975346,-0.58435655,0,0
3HFM_HL_Y|RY21W,2.132881,0.0145468945,0,0
3HFM_HL_Y|RY73A,-0.3313971,0.46359187,0,0
3HFM_HL_Y|SH31A,0.17036153,1.011809,0,0
3HFM_HL_Y|SY100A,0.26765963,0.6677746,0,0
3HFM_HL_Y|TY89A,0.0,1.297634,0,0
3HFM_HL_Y|WH98A,4.0,2.1040242,0,0
"3HFM_HL_Y|WH98A,KY96A",4.0,2.9558744,0,0
3HFM_HL_Y|WH98F,3.245562,0.45925272,0,0
"3HFM_HL_Y|WH98F,YY20A",4.0,2.1637292,0,0
3HFM_HL_Y|WY63A,0.31918663,1.6962183,0,0
3HFM_HL_Y|YH33A,4.0,3.3692353,0,0
"3HFM_HL_Y|YH33A,KY97A",4.0,3.625686,0,0
3HFM_HL_Y|YH33F,1.0712212,-0.35404038,0,0
3HFM_HL_Y|YH33L,2.0069382,1.1051488,0,0
3HFM_HL_Y|YH33W,1.7495645,0.7814935,0,0
3HFM_HL_Y|YH50A,4.0,1.842268,0,0
"3HFM_HL_Y|YH50A,RY21A",4.0,2.7031097,0,0
3HFM_HL_Y|YH50F,1.6099914,0.16177492,0,0
3HFM_HL_Y|YH50L,2.8488367,0.08358645,0,0
3HFM_HL_Y|YH53A,3.25038,0.81681687,0,0
3HFM_HL_Y|YH53F,0.62049925,0.40025714,0,0
3HFM_HL_Y|YH53L,0.8068894,0.50408864,0,0
3HFM_HL_Y|YH53W,0.7061819,0.022725886,0,0
3HFM_HL_Y|YH58A,1.6760437,2.12412,0,0
3HFM_HL_Y|YH58F,0.36312544,0.5215234,0,0
3HFM_HL_Y|YH58L,1.5136731,1.365822,0,0
3HFM_HL_Y|YL50A,4.0,1.1251814,0,0
"3HFM_HL_Y|YL50A,KY96A",4.0,1.8029087,0,0
"3HFM_HL_Y|YL50A,KY97A",4.0,1.4006621,0,0
"3HFM_HL_Y|YL50A,RY21A",4.0,1.7612329,0,0
3HFM_HL_Y|YL50F,2.3548672,0.21193309,0,0
"3HFM_HL_Y|YL50F,RY21A",4.0,0.781643,0,0
"3HFM_HL_Y|YL50F,YY20A",4.0,1.6256822,0,0
3HFM_HL_Y|YL50L,4.0,-0.22602639,0,0
3HFM_HL_Y|YL96A,2.707045,1.0406886,0,0
"3HFM_HL_Y|YL96A,RY21A",4.0,1.5489066,0,0
3HFM_HL_Y|YL96F,1.4017794,0.52655303,0,0
"3HFM_HL_Y|YL96F,RY21A",4.0,0.9722773,0,0
3HFM_HL_Y|YY20A,4.0,1.3543113,0,0
3HFM_HL_Y|YY20F,-0.4839681,0.16614704,0,0
3HFM_HL_Y|YY20L,2.1845057,0.9844308,0,0
3SE9_HL_G|DH77A,-0.7664817,0.69991773,0,0
3SE9_HL_G|EL90A,0.41735974,0.9200801,0,0
3SE9_HL_G|FL91A,0.023615688,0.21506639,0,0
3SE9_HL_G|GH106A,-0.3075798,0.58975714,0,0
3SE9_HL_G|GH107A,-0.6151596,0.6085848,0,0
3SE9_HL_G|GH109A,0.18514356,0.85657054,0,0
3SE9_HL_G|GH57A,0.4524448,0.9737284,0,0
3SE9_HL_G|GH62A,0.04634,0.6572332,0,0
3SE9_HL_G|GL29A,0.46369976,1.0514092,0,0
3SE9_HL_G|LH34A,0.56599987,1.2364801,0,0
3SE9_HL_G|LL89A,0.964243,0.5131792,0,0
3SE9_HL_G|NH60A,1.5217615,0.74863154,0,0
3SE9_HL_G|PH64A,-0.4419396,0.0033297949,0,0
3SE9_HL_G|RH67A,1.4695449,0.65716547,0,0
3SE9_HL_G|RH74A,2.6792572,1.5664213,0,0
3SE9_HL_G|RH76A,-0.2322162,1.1590549,0,0
3SE9_HL_G|TH105A,-0.4419396,0.3945535,0,0
3SE9_HL_G|TH56A,-0.85929936,0.98057,0,0
3SE9_HL_G|VH55A,-0.85929936,0.38700894,0,0
3SE9_HL_G|VH59A,0.9833596,1.3841774,0,0
3SE9_HL_G|VL3A,-0.49433115,0.66874963,0,0
3SE9_HL_G|WH48A,1.0584464,1.1353793,0,0
3SE9_HL_G|WH51A,1.275695,1.7949687,0,0
3SE9_HL_G|YH104A,0.46369976,1.1038362,0,0
3SE9_HL_G|YL28A,1.1177194,1.1063378,0,0
4U6H_AB_E|NE21A,-0.3480795,0.34629148,0,0
4U6H_AB_E|QE25A,0.11883454,1.6409678,0,0
4ZS6_HL_A|EA156A,3.0386665,0.45889312,0,0
4ZS6_HL_A|YA160A,-0.11025046,2.8763871,0,0
1AHW_AB_C|DC167A,-0.4845926,0.95058364,0,1
"1AHW_AB_C|KC138A,DC139A",1.1814722,0.7935844,0,1
"1AHW_AB_C|KC154A,KC155A",-1.329712,0.89128166,0,1
1AHW_AB_C|LC165A,0.9869364,0.35176685,0,1
1AHW_AB_C|NC188A,1.0782224,1.0041381,0,1
"1AHW_AB_C|TC110A,KC111A",0.6388569,1.3695475,0,1
1AHW_AB_C|TC156A,-0.07411996,1.6987591,0,1
1AHW_AB_C|TC159A,1.105771,1.3797582,0,1
1AHW_AB_C|TC186A,1.345882,0.8941422,0,1
1AHW_AB_C|VC187A,-0.31423107,0.050701223,0,1
1AHW_AB_C|YC146A,-1.8890098,1.5596973,0,1
1BJ1_HL_VW|HH101Y,-1.5835956,-1.1018364,0,1
"1BJ1_HL_VW|HH101Y,YH103I,GH104A,SH105K",-0.43125325,-0.7528077,0,1
"1BJ1_HL_VW|HH101Y,YH103R,GH104N,SH105T",-0.7626503,-0.43809637,0,1
"1BJ1_HL_VW|HH101Y,YH103R,SH105T",-1.173123,-0.9099346,0,1
1BJ1_HL_VW|HH107A,0.78965265,0.40428916,0,1
"1BJ1_HL_VW|LH72I,TH74K",0.076517485,1.467533,0,1
"1BJ1_HL_VW|LH72V,TH74V",0.6706598,0.20096007,0,1
"1BJ1_HL_VW|ML4L,TH28D,NH31H,HH101Y,SH105T",-1.52138,-2.2249591,0,1
1BJ1_HL_VW|NH31H,-0.7626503,-0.016526947,0,1
1BJ1_HL_VW|SH105T,-0.39039657,-0.158795,0,1
1BJ1_HL_VW|TH28D,-0.22003505,-0.315719,0,1
"1BJ1_HL_VW|TH28D,NH31H",-0.6929008,-0.31815696,0,1
"1BJ1_HL_VW|TH28D,NH31H,YH54W,HH101Y,SH105T",-1.2034981,-1.6140887,0,1
1BJ1_HL_VW|TH59A,0.85066694,0.54011387,0,1
1BJ1_HL_VW|YH27A,2.2425284,1.1603595,0,1
1BJ1_HL_VW|YH54A,1.3276595,0.87396246,0,1
1BJ1_HL_VW|YH54W,-0.13726985,0.16071835,0,1
1BJ1_HL_VW|YH99A,4.0,1.5104257,0,1
1DQJ_AB_C|DB32A,2.0134337,0.6482013,0,1
"1DQJ_AB_C|DB32A,KC97A",1.1223834,0.4003679,0,1
1DQJ_AB_C|DC101A,1.3765504,0.7664846,0,1
1DQJ_AB_C|KC96A,4.0,0.31054765,0,1
1DQJ_AB_C|KC97A,3.5197058,0.011588745,0,1
1DQJ_AB_C|LC75A,1.452407,0.25597408,0,1
1DQJ_AB_C|NA31A,2.0134337,1.0224653,0,1
1DQJ_AB_C|NA32A,4.0,0.2193043,0,1
"1DQJ_AB_C|NA32A,KC96A",4.0,0.46490803,0,1
1DQJ_AB_C|NC93A,0.64987326,0.27435717,0,1
1DQJ_AB_C|RC21A,1.2137709,0.46446905,0,1
1DQJ_AB_C|SA91A,1.4318883,1.1927919,0,1
"1DQJ_AB_C|SA91A,RC21A",3.1707318,1.5222148,0,1
"1DQJ_AB_C|SA91A,YC20A",3.573092,3.1811252,0,1
1DQJ_AB_C|SC100A,0.7755829,1.8039416,0,1
1DQJ_AB_C|TC89A,0.84084374,1.0431951,0,1
1DQJ_AB_C|WB98A,4.0,1.2745727,0,1
"1DQJ_AB_C|WB98A,KC97A",4.0,1.005359,0,1
"1DQJ_AB_C|WB98A,SC100A",4.0,3.5568078,0,1
"1DQJ_AB_C|WB98A,YC20A",4.0,3.2156222,0,1
1DQJ_AB_C|WC62A,0.7580786,0.8101983,0,1
1DQJ_AB_C|WC63A,1.3462692,0.7769481,0,1
1DQJ_AB_C|YA50A,2.678299,0.90935177,0,1
1DQJ_AB_C|YA96A,1.135051,1.0145814,0,1
"1DQJ_AB_C|YA96A,RC21A",3.4851997,1.2986107,0,1
"1DQJ_AB_C|YA96A,SC100A",0.91344726,3.2553837,0,1
1DQJ_AB_C|YB33A,4.0,2.8826876,0,1
1DQJ_AB_C|YB50A,4.0,1.4199542,0,1
1DQJ_AB_C|YB53A,1.1802781,0.3338645,0,1
"1DQJ_AB_C|YB53A,DC101A",2.727121,0.8240929,0,1
"1DQJ_AB_C|YB53A,LC75A",1.2168618,0.40731862,0,1
"1DQJ_AB_C|YB53A,WC62A",1.286308,0.78782135,0,1
"1DQJ_AB_C|YB53A,WC63A",2.1992323,0.9256836,0,1
1DQJ_AB_C|YC20A,3.2857084,1.6395099,0,1
1XGT_AB_C|LB33A,2.1988916,2.0937839,0,1
1XGT_AB_C|LB33F,-1.8617703,-1.4300154,0,1
1XGT_AB_C|LB33I,-0.061315425,-0.20452094,0,1
1XGT_AB_C|LB33V,1.0463123,1.0490397,0,1
"3BDY_HL_V|DL28N,PL30A,RL31K,SL32T,TL97S,TL98S",-0.9690793,-1.146899,0,1
"3BDY_HL_V|DL28N,PL30A,RL31K,SL32T,TL97S,TL98S,KH31S,DH32G,TH55S,NH56E,GH101V,DH103V",-2.7154896,-3.053259,0,1
"3BDY_HL_V|DL28N,PL30A,RL31K,SL32T,TL97S,TL98S,KH31S,DH32G,TH55S,NH56E,GH101V,DH103V,RH51A,RH60A",-2.7728782,-3.1679235,0,1
"3BDY_HL_V|DL28N,PL30A,RL31K,SL32T,YL57F,TL97S,TL98S",-0.97316396,-0.9094679,0,1
"3BDY_HL_V|DL28N,PL30A,RL31K,SL32T,YL57F,TL97S,TL98S,KH31S,DH32G,TH55S,NH56E,GH101V,DH103V",-2.727121,-2.8759863,0,1
3HFM_HL_Y|DH32A,1.8982269,0.35672566,0,1
"3HFM_HL_Y|DH32A,KY97A",4.0,0.21952489,0,1
"3HFM_HL_Y|DH32A,KY97M",1.1234494,0.14085892,0,1
3HFM_HL_Y|DH32N,0.17036153,0.011527427,0,1
"3HFM_HL_Y|DH32N,KY97A",4.0,0.017228223,0,1
"3HFM_HL_Y|DH32N,KY97M",0.3025042,-0.03573392,0,1
3HFM_HL_Y|DY101A,1.2081919,0.7837634,0,1
3HFM_HL_Y|DY101E,2.132881,-0.24702317,0,1
3HFM_HL_Y|DY101F,2.3282614,-0.03283698,0,1
3HFM_HL_Y|DY101G,0.35884774,0.53311574,0,1
3HFM_HL_Y|DY101K,2.1245396,0.42379647,0,1
3HFM_HL_Y|DY101N,1.4911126,0.4648842,0,1
3HFM_HL_Y|DY101Q,2.0851746,-0.3366556,0,1
3HFM_HL_Y|DY101R,2.2798727,0.35966134,0,1
3HFM_HL_Y|DY101S,1.8694,-0.028583385,0,1
3HFM_HL_Y|GY102V,0.395285,0.215309,0,1
3HFM_HL_Y|HY15A,-0.4453172,0.88375604,0,1
3HFM_HL_Y|IY98A,0.0,0.283907,0,1
3HFM_HL_Y|KY96A,4.0,0.2851487,0,1
3HFM_HL_Y|KY96M,4.0,-0.0851991,0,1
3HFM_HL_Y|KY96R,4.0,-0.11410843,0,1
3HFM_HL_Y|KY97A,4.0,0.0091665685,0,1
3HFM_HL_Y|KY97D,4.0,-0.19802356,0,1
3HFM_HL_Y|KY97E,3.6045077,-0.33125645,0,1
3HFM_HL_Y|KY97G,4.0,-0.01319531,0,1
3HFM_HL_Y|KY97M,0.9469717,-0.10166631,0,1
3HFM_HL_Y|KY97R,3.0528512,-0.6029024,0,1
3HFM_HL_Y|LY75A,0.70445603,0.23664,0,1
3HFM_HL_Y|NL31A,4.0,1.0348805,0,1
"3HFM_HL_Y|NL31A,KY96A",4.0,1.1189399,0,1
3HFM_HL_Y|NL31D,1.3434845,0.36890635,0,1
3HFM_HL_Y|NL31E,4.0,0.42701054,0,1
3HFM_HL_Y|NL32A,4.0,0.28394532,0,1
3HFM_HL_Y|NY19D,0.41047263,0.076166615,0,1
3HFM_HL_Y|NY19K,0.2401111,0.6574351,0,1
3HFM_HL_Y|NY19Q,-0.042485796,0.070552036,0,1
3HFM_HL_Y|NY93A,0.21121821,0.28447938,0,1
3HFM_HL_Y|QL53A,0.9530879,-0.21063754,0,1
3HFM_HL_Y|RY21A,0.8618019,0.51650244,0,1
3HFM_HL_Y|RY21E,2.4534352,-0.30679575,0,1
3HFM_HL_Y|RY21G,2.4220753,0.06212368,0,1
3HFM_HL_Y|RY21H,2.1693182,-0.59117645,0,1
3HFM_HL_Y|RY21K,1.766342,0.5442563,0,1
3HFM_HL_Y|RY21M,2.0498905,0.26872125,0,1
3HFM_HL_Y|RY21N,2.3282614,0.038911767,0,1
3HFM_HL_Y|RY21Q,2.3975346,-0.267096,0,1
3HFM_HL_Y|RY21W,2.132881,0.14873677,0,1
3HFM_HL_Y|RY73A,-0.3313971,0.36969784,0,1
3HFM_HL_Y|SH31A,0.17036153,0.6282104,0,1
3HFM_HL_Y|SY100A,0.26765963,1.2281075,0,1
3HFM_HL_Y|TY89A,0.0,1.184849,0,1
3HFM_HL_Y|WH98A,4.0,1.6223043,0,1
"3HFM_HL_Y|WH98A,KY96A",4.0,1.7688394,0,1
3HFM_HL_Y|WH98F,3.245562,0.2601937,0,1
"3HFM_HL_Y|WH98F,YY20A",4.0,2.3582108,0,1
3HFM_HL_Y|WY63A,0.31918663,0.8687886,0,1
3HFM_HL_Y|YH33A,4.0,3.0713487,0,1
"3HFM_HL_Y|YH33A,KY97A",4.0,2.3024719,0,1
3HFM_HL_Y|YH33F,1.0712212,0.27314085,0,1
3HFM_HL_Y|YH33L,2.0069382,1.2553496,0,1
3HFM_HL_Y|YH33W,1.7495645,1.1652209,0,1
3HFM_HL_Y|YH50A,4.0,1.7950841,0,1
"3HFM_HL_Y|YH50A,RY21A",4.0,2.3284578,0,1
3HFM_HL_Y|YH50F,1.6099914,0.5927392,0,1
3HFM_HL_Y|YH50L,2.8488367,0.6991659,0,1
3HFM_HL_Y|YH53A,3.25038,0.7026366,0,1
3HFM_HL_Y|YH53F,0.62049925,0.40129036,0,1
3HFM_HL_Y|YH53L,0.8068894,0.5083684,0,1
3HFM_HL_Y|YH53W,0.7061819,0.21908012,0,1
3HFM_HL_Y|YH58A,1.6760437,1.7942449,0,1
3HFM_HL_Y|YH58F,0.36312544,0.6263288,0,1
3HFM_HL_Y|YH58L,1.5136731,1.170996,0,1
3HFM_HL_Y|YL50A,4.0,0.9480321,0,1
"3HFM_HL_Y|YL50A,KY96A",4.0,1.049934,0,1
"3HFM_HL_Y|YL50A,KY97A",4.0,0.69492066,0,1
"3HFM_HL_Y|YL50A,RY21A",4.0,1.404221,0,1
3HFM_HL_Y|YL50F,2.3548672,0.33161384,0,1
"3HFM_HL_Y|YL50F,RY21A",4.0,0.8756611,0,1
"3HFM_HL_Y|YL50F,YY20A",4.0,2.2197087,0,1
3HFM_HL_Y|YL50L,4.0,-0.007832617,0,1
3HFM_HL_Y|YL96A,2.707045,1.3578349,0,1
"3HFM_HL_Y|YL96A,RY21A",4.0,1.9173585,0,1
3HFM_HL_Y|YL96F,1.4017794,0.4880356,0,1
"3HFM_HL_Y|YL96F,RY21A",4.0,1.1491245,0,1
3HFM_HL_Y|YY20A,4.0,1.6871778,0,1
3HFM_HL_Y|YY20F,-0.4839681,0.06644068,0,1
3HFM_HL_Y|YY20L,2.1845057,1.240586,0,1
3SE9_HL_G|DH77A,-0.7664817,0.22853836,0,1
3SE9_HL_G|EL90A,0.41735974,1.6022424,0,1
3SE9_HL_G|FL91A,0.023615688,0.70307064,0,1
3SE9_HL_G|GH106A,-0.3075798,0.5022504,0,1
3SE9_HL_G|GH107A,-0.6151596,1.0861329,0,1
3SE9_HL_G|GH109A,0.18514356,0.67670804,0,1
3SE9_HL_G|GH57A,0.4524448,0.64332557,0,1
3SE9_HL_G|GH62A,0.04634,0.9291865,0,1
3SE9_HL_G|GL29A,0.46369976,0.48728427,0,1
3SE9_HL_G|LH34A,0.56599987,1.2833472,0,1
3SE9_HL_G|LL89A,0.964243,1.0185782,0,1
3SE9_HL_G|NH60A,1.5217615,1.2102375,0,1
3SE9_HL_G|PH64A,-0.4419396,-0.014613016,0,1
3SE9_HL_G|RH67A,1.4695449,0.5833666,0,1
3SE9_HL_G|RH74A,2.6792572,1.6543143,0,1
3SE9_HL_G|RH76A,-0.2322162,0.46304312,0,1
3SE9_HL_G|TH105A,-0.4419396,0.19196591,0,1
3SE9_HL_G|TH56A,-0.85929936,0.36129895,0,1
3SE9_HL_G|VH55A,-0.85929936,0.43238187,0,1
3SE9_HL_G|VH59A,0.9833596,1.0767977,0,1
3SE9_HL_G|VL3A,-0.49433115,-0.0533765,0,1
3SE9_HL_G|WH48A,1.0584464,1.4979486,0,1
3SE9_HL_G|WH51A,1.275695,1.8301867,0,1
3SE9_HL_G|YH104A,0.46369976,1.4590862,0,1
3SE9_HL_G|YL28A,1.1177194,0.7936456,0,1
4U6H_AB_E|NE21A,-0.3480795,0.4383962,0,1
4U6H_AB_E|QE25A,0.11883454,1.3694168,0,1
4ZS6_HL_A|EA156A,3.0386665,0.75986326,0,1
4ZS6_HL_A|YA160A,-0.11025046,1.9099716,0,1
1AHW_AB_C|DC167A,-0.4845926,0.58130264,0,2
"1AHW_AB_C|KC138A,DC139A",1.1814722,0.49612758,0,2
"1AHW_AB_C|KC154A,KC155A",-1.329712,0.48890907,0,2
1AHW_AB_C|LC165A,0.9869364,0.6601936,0,2
1AHW_AB_C|NC188A,1.0782224,0.3809746,0,2
"1AHW_AB_C|TC110A,KC111A",0.6388569,0.8582165,0,2
1AHW_AB_C|TC156A,-0.07411996,0.5256332,0,2
1AHW_AB_C|TC159A,1.105771,0.612219,0,2
1AHW_AB_C|TC186A,1.345882,0.5290674,0,2
1AHW_AB_C|VC187A,-0.31423107,0.24153464,0,2
1AHW_AB_C|YC146A,-1.8890098,0.2551186,0,2
1BJ1_HL_VW|HH101Y,-1.5835956,-0.0709308,0,2
"1BJ1_HL_VW|HH101Y,YH103I,GH104A,SH105K",-0.43125325,0.31285506,0,2
"1BJ1_HL_VW|HH101Y,YH103R,GH104N,SH105T",-0.7626503,0.69475615,0,2
"1BJ1_HL_VW|HH101Y,YH103R,SH105T",-1.173123,0.19498113,0,2
1BJ1_HL_VW|HH107A,0.78965265,0.2395589,0,2
"1BJ1_HL_VW|LH72I,TH74K",0.076517485,-0.29115322,0,2
"1BJ1_HL_VW|LH72V,TH74V",0.6706598,-0.39874154,0,2
"1BJ1_HL_VW|ML4L,TH28D,NH31H,HH101Y,SH105T",-1.52138,-0.36704403,0,2
1BJ1_HL_VW|NH31H,-0.7626503,-0.105155155,0,2
1BJ1_HL_VW|SH105T,-0.39039657,0.11614203,0,2
1BJ1_HL_VW|TH28D,-0.22003505,-0.05225665,0,2
"1BJ1_HL_VW|TH28D,NH31H",-0.6929008,-0.2723902,0,2
"1BJ1_HL_VW|TH28D,NH31H,YH54W,HH101Y,SH105T",-1.2034981,-0.3898587,0,2
1BJ1_HL_VW|TH59A,0.85066694,0.016985476,0,2
1BJ1_HL_VW|YH27A,2.2425284,0.26791966,0,2
1BJ1_HL_VW|YH54A,1.3276595,0.346429,0,2
1BJ1_HL_VW|YH54W,-0.13726985,0.03732191,0,2
1BJ1_HL_VW|YH99A,4.0,0.4756285,0,2
1DQJ_AB_C|DB32A,2.0134337,0.20970929,0,2
"1DQJ_AB_C|DB32A,KC97A",1.1223834,0.4935609,0,2
1DQJ_AB_C|DC101A,1.3765504,0.46384722,0,2
1DQJ_AB_C|KC96A,4.0,0.26020026,0,2
1DQJ_AB_C|KC97A,3.5197058,0.28446713,0,2
1DQJ_AB_C|LC75A,1.452407,0.46459067,0,2
1DQJ_AB_C|NA31A,2.0134337,0.12486801,0,2
1DQJ_AB_C|NA32A,4.0,0.060184322,0,2
"1DQJ_AB_C|NA32A,KC96A",4.0,0.2620746,0,2
1DQJ_AB_C|NC93A,0.64987326,0.4164892,0,2
1DQJ_AB_C|RC21A,1.2137709,0.3395608,0,2
1DQJ_AB_C|SA91A,1.4318883,0.20727544,0,2
"1DQJ_AB_C|SA91A,RC21A",3.1707318,0.56092536,0,2
"1DQJ_AB_C|SA91A,YC20A",3.573092,0.49633613,0,2
1DQJ_AB_C|SC100A,0.7755829,0.34341198,0,2
1DQJ_AB_C|TC89A,0.84084374,0.5413412,0,2
1DQJ_AB_C|WB98A,4.0,0.38443086,0,2
"1DQJ_AB_C|WB98A,KC97A",4.0,0.64240474,0,2
"1DQJ_AB_C|WB98A,SC100A",4.0,0.7022572,0,2
"1DQJ_AB_C|WB98A,YC20A",4.0,0.70447105,0,2
1DQJ_AB_C|WC62A,0.7580786,0.3316103,0,2
1DQJ_AB_C|WC63A,1.3462692,0.26790574,0,2
1DQJ_AB_C|YA50A,2.678299,0.45655742,0,2
1DQJ_AB_C|YA96A,1.135051,0.4771488,0,2
"1DQJ_AB_C|YA96A,RC21A",3.4851997,0.7548504,0,2
"1DQJ_AB_C|YA96A,SC100A",0.91344726,0.84213203,0,2
1DQJ_AB_C|YB33A,4.0,0.34648356,0,2
1DQJ_AB_C|YB50A,4.0,0.34160253,0,2
1DQJ_AB_C|YB53A,1.1802781,0.65908235,0,2
"1DQJ_AB_C|YB53A,DC101A",2.727121,1.1795883,0,2
"1DQJ_AB_C|YB53A,LC75A",1.2168618,1.1885488,0,2
"1DQJ_AB_C|YB53A,WC62A",1.286308,0.9844002,0,2
"1DQJ_AB_C|YB53A,WC63A",2.1992323,0.9341747,0,2
1DQJ_AB_C|YC20A,3.2857084,0.30750138,0,2
1XGT_AB_C|LB33A,2.1988916,0.253896,0,2
1XGT_AB_C|LB33F,-1.8617703,0.095117025,0,2
1XGT_AB_C|LB33I,-0.061315425,0.07431843,0,2
1XGT_AB_C|LB33V,1.0463123,0.05332067,0,2
"3BDY_HL_V|DL28N,PL30A,RL31K,SL32T,TL97S,TL98S",-0.9690793,-0.2607643,0,2
"3BDY_HL_V|DL28N,PL30A,RL31K,SL32T,TL97S,TL98S,KH31S,DH32G,TH55S,NH56E,GH101V,DH103V",-2.7154896,-0.9809093,0,2
"3BDY_HL_V|DL28N,PL30A,RL31K,SL32T,TL97S,TL98S,KH31S,DH32G,TH55S,NH56E,GH101V,DH103V,RH51A,RH60A",-2.7728782,-0.5295057,0,2
"3BDY_HL_V|DL28N,PL30A,RL31K,SL32T,YL57F,TL97S,TL98S",-0.97316396,-0.103077084,0,2
"3BDY_HL_V|DL28N,PL30A,RL31K,SL32T,YL57F,TL97S,TL98S,KH31S,DH32G,TH55S,NH56E,GH101V,DH103V",-2.727121,-0.9001901,0,2
3HFM_HL_Y|DH32A,1.8982269,0.27265963,0,2
"3HFM_HL_Y|DH32A,KY97A",4.0,0.58117896,0,2
"3HFM_HL_Y|DH32A,KY97M",1.1234494,0.2652018,0,2
3HFM_HL_Y|DH32N,0.17036153,0.194761,0,2
"3HFM_HL_Y|DH32N,KY97A",4.0,0.49187332,0,2
"3HFM_HL_Y|DH32N,KY97M",0.3025042,0.17318831,0,2
3HFM_HL_Y|DY101A,1.2081919,0.44480404,0,2
3HFM_HL_Y|DY101E,2.132881,0.07948405,0,2
3HFM_HL_Y|DY101F,2.3282614,0.049822632,0,2
3HFM_HL_Y|DY101G,0.35884774,0.16178298,0,2
3HFM_HL_Y|DY101K,2.1245396,0.1696188,0,2
3HFM_HL_Y|DY101N,1.4911126,0.16402331,0,2
3HFM_HL_Y|DY101Q,2.0851746,0.062068515,0,2
3HFM_HL_Y|DY101R,2.2798727,0.11876778,0,2
3HFM_HL_Y|DY101S,1.8694,0.12353866,0,2
3HFM_HL_Y|GY102V,0.395285,-0.003326036,0,2
3HFM_HL_Y|HY15A,-0.4453172,0.45381224,0,2
3HFM_HL_Y|IY98A,0.0,0.31903845,0,2
3HFM_HL_Y|KY96A,4.0,0.25879028,0,2
3HFM_HL_Y|KY96M,4.0,0.018133564,0,2
3HFM_HL_Y|KY96R,4.0,-0.007972069,0,2
3HFM_HL_Y|KY97A,4.0,0.3115457,0,2
3HFM_HL_Y|KY97D,4.0,0.06304523,0,2
3HFM_HL_Y|KY97E,3.6045077,0.063211665,0,2
3HFM_HL_Y|KY97G,4.0,0.025240976,0,2
3HFM_HL_Y|KY97M,0.9469717,0.0004560426,0,2
3HFM_HL_Y|KY97R,3.0528512,-0.023347907,0,2
3HFM_HL_Y|LY75A,0.70445603,0.4510598,0,2
3HFM_HL_Y|NL31A,4.0,0.12157655,0,2
"3HFM_HL_Y|NL31A,KY96A",4.0,0.37948924,0,2
3HFM_HL_Y|NL31D,1.3434845,0.013475064,0,2
3HFM_HL_Y|NL31E,4.0,-0.062419757,0,2
3HFM_HL_Y|NL32A,4.0,0.07809306,0,2
3HFM_HL_Y|NY19D,0.41047263,0.12925264,0,2
3HFM_HL_Y|NY19K,0.2401111,0.20938519,0,2
3HFM_HL_Y|NY19Q,-0.042485796,0.08524576,0,2
3HFM_HL_Y|NY93A,0.21121821,0.4029463,0,2
3HFM_HL_Y|QL53A,0.9530879,0.2606218,0,2
3HFM_HL_Y|RY21A,0.8618019,0.36883414,0,2
3HFM_HL_Y|RY21E,2.4534352,0.13845527,0,2
3HFM_HL_Y|RY21G,2.4220753,0.17065868,0,2
3HFM_HL_Y|RY21H,2.1693182,0.1072511,0,2
3HFM_HL_Y|RY21K,1.766342,0.18760483,0,2
3HFM_HL_Y|RY21M,2.0498905,0.1829251,0,2
3HFM_HL_Y|RY21N,2.3282614,0.15791133,0,2
3HFM_HL_Y|RY21Q,2.3975346,0.1020675,0,2
3HFM_HL_Y|RY21W,2.132881,0.24528036,0,2
3HFM_HL_Y|RY73A,-0.3313971,0.29366904,0,2
3HFM_HL_Y|SH31A,0.17036153,0.025087468,0,2
3HFM_HL_Y|SY100A,0.26765963,0.38084513,0,2
3HFM_HL_Y|TY89A,0.0,0.55556023,0,2
3HFM_HL_Y|WH98A,4.0,0.3407565,0,2
"3HFM_HL_Y|WH98A,KY96A",4.0,0.5785783,0,2
3HFM_HL_Y|WH98F,3.245562,0.075920284,0,2
"3HFM_HL_Y|WH98F,YY20A",4.0,0.32945168,0,2
3HFM_HL_Y|WY63A,0.31918663,0.28884858,0,2
3HFM_HL_Y|YH33A,4.0,0.38044798,0,2
"3HFM_HL_Y|YH33A,KY97A",4.0,0.70693713,0,2
3HFM_HL_Y|YH33F,1.0712212,0.24208859,0,2
3HFM_HL_Y|YH33L,2.0069382,0.25850052,0,2
3HFM_HL_Y|YH33W,1.7495645,0.22118513,0,2
3HFM_HL_Y|YH50A,4.0,0.3834096,0,2
"3HFM_HL_Y|YH50A,RY21A",4.0,0.7468495,0,2
3HFM_HL_Y|YH50F,1.6099914,0.19401759,0,2
3HFM_HL_Y|YH50L,2.8488367,0.17035854,0,2
3HFM_HL_Y|YH53A,3.25038,0.48328274,0,2
3HFM_HL_Y|YH53F,0.62049925,0.119450934,0,2
3HFM_HL_Y|YH53L,0.8068894,0.16668296,0,2
3HFM_HL_Y|YH53W,0.7061819,-0.005000919,0,2
3HFM_HL_Y|YH58A,1.6760437,0.62479717,0,2
3HFM_HL_Y|YH58F,0.36312544,0.15831333,0,2
3HFM_HL_Y|YH58L,1.5136731,0.31712517,0,2
3HFM_HL_Y|YL50A,4.0,0.23315136,0,2
"3HFM_HL_Y|YL50A,KY96A",4.0,0.47978497,0,2
"3HFM_HL_Y|YL50A,KY97A",4.0,0.52182204,0,2
"3HFM_HL_Y|YL50A,RY21A",4.0,0.57165074,0,2
3HFM_HL_Y|YL50F,2.3548672,0.056166414,0,2
"3HFM_HL_Y|YL50F,RY21A",4.0,0.38724422,0,2
"3HFM_HL_Y|YL50F,YY20A",4.0,0.31235692,0,2
3HFM_HL_Y|YL50L,4.0,0.054661952,0,2
3HFM_HL_Y|YL96A,2.707045,0.4439739,0,2
"3HFM_HL_Y|YL96A,RY21A",4.0,0.74943644,0,2
3HFM_HL_Y|YL96F,1.4017794,0.186628,0,2
"3HFM_HL_Y|YL96F,RY21A",4.0,0.49268827,0,2
3HFM_HL_Y|YY20A,4.0,0.29297563,0,2
3HFM_HL_Y|YY20F,-0.4839681,-1.1272728e-05,0,2
3HFM_HL_Y|YY20L,2.1845057,0.0886298,0,2
3SE9_HL_G|DH77A,-0.7664817,0.30889535,0,2
3SE9_HL_G|EL90A,0.41735974,0.32408518,0,2
3SE9_HL_G|FL91A,0.023615688,0.29347876,0,2
3SE9_HL_G|GH106A,-0.3075798,0.39587152,0,2
3SE9_HL_G|GH107A,-0.6151596,0.27731943,0,2
3SE9_HL_G|GH109A,0.18514356,0.29547122,0,2
3SE9_HL_G|GH57A,0.4524448,0.32805535,0,2
3SE9_HL_G|GH62A,0.04634,0.1993267,0,2
3SE9_HL_G|GL29A,0.46369976,0.16028248,0,2
3SE9_HL_G|LH34A,0.56599987,0.21326718,0,2
3SE9_HL_G|LL89A,0.964243,0.4611222,0,2
3SE9_HL_G|NH60A,1.5217615,0.05286776,0,2
3SE9_HL_G|PH64A,-0.4419396,0.10294368,0,2
3SE9_HL_G|RH67A,1.4695449,0.19472705,0,2
3SE9_HL_G|RH74A,2.6792572,0.040591896,0,2
3SE9_HL_G|RH76A,-0.2322162,0.14300895,0,2
3SE9_HL_G|TH105A,-0.4419396,-0.037347198,0,2
3SE9_HL_G|TH56A,-0.85929936,0.26737627,0,2
3SE9_HL_G|VH55A,-0.85929936,0.68018776,0,2
3SE9_HL_G|VH59A,0.9833596,0.6673782,0,2
3SE9_HL_G|VL3A,-0.49433115,0.4703955,0,2
3SE9_HL_G|WH48A,1.0584464,0.16898249,0,2
3SE9_HL_G|WH51A,1.275695,0.29351485,0,2
3SE9_HL_G|YH104A,0.46369976,0.5759249,0,2
3SE9_HL_G|YL28A,1.1177194,0.5110438,0,2
4U6H_AB_E|NE21A,-0.3480795,0.5658862,0,2
4U6H_AB_E|QE25A,0.11883454,0.61323,0,2
4ZS6_HL_A|EA156A,3.0386665,0.49173456,0,2
4ZS6_HL_A|YA160A,-0.11025046,0.5267952,0,2
1KIP_AB_C|AB32Y,-0.8005932,-0.86200744,1,0
1XGU_AB_C|FB33A,4.0,0.46289083,1,0
1XGU_AB_C|FB33I,1.8004549,-0.045328002,1,0
1XGU_AB_C|FB33L,1.8617703,-0.010301819,1,0
1XGU_AB_C|FB33V,2.9080825,-0.2579945,1,0
2B2X_HL_A|EH64K,-0.033433665,0.2930378,1,0
"2B2X_HL_A|EH64K,QL28S,YL52N",0.911615,0.64978623,1,0
"2B2X_HL_A|EH64K,QL28S,YL52N,GH102S",2.7106705,0.58375365,1,0
"2B2X_HL_A|EH64K,QL28S,YL52N,SH35A",3.119054,1.154345,1,0
"2B2X_HL_A|EH64K,QL28S,YL52N,SH35V",3.770335,0.5534078,1,0
"2B2X_HL_A|EH64K,YL52N",0.34853002,0.7890553,1,0
"2B2X_HL_A|QL28S,YL52N",0.8626942,0.40073416,1,0
2B2X_HL_A|VH50T,0.024054652,0.23701243,1,0
"2B2X_HL_A|VH50T,EH64D,QL28S,YL52N",0.87177193,0.9049949,1,0
"2B2X_HL_A|VH50T,EH64K,QL28S",0.991589,0.5326629,1,0
"2B2X_HL_A|VH50T,EH64K,QL28S,YL52D",1.5439764,0.8684297,1,0
"2B2X_HL_A|VH50T,EH64K,QL28S,YL52E",0.95452905,0.82798195,1,0
"2B2X_HL_A|VH50T,EH64K,QL28S,YL52K",1.7007239,1.1379619,1,0
"2B2X_HL_A|VH50T,EH64K,QL28S,YL52N",1.043214,1.0415008,1,0
"2B2X_HL_A|VH50T,EH64K,QL28S,YL52N,FH99W",1.043214,0.9324192,1,0
"2B2X_HL_A|VH50T,EH64K,QL28S,YL52N,FH99Y",1.7978828,0.48460618,1,0
"2B2X_HL_A|VH50T,EH64K,QL28S,YL52N,GH100F",1.4322319,1.4249675,1,0
"2B2X_HL_A|VH50T,EH64K,QL28S,YL52N,GH100L",3.770335,1.3879569,1,0
"2B2X_HL_A|VH50T,EH64K,QL28S,YL52N,GH100M",1.145348,1.3653433,1,0
"2B2X_HL_A|VH50T,EH64K,QL28S,YL52N,GH100S",1.6009614,1.2089535,1,0
"2B2X_HL_A|VH50T,EH64K,QL28S,YL52N,GH53A",1.5558206,1.7288458,1,0
"2B2X_HL_A|VH50T,EH64K,QL28S,YL52N,GH53N",2.2985272,1.2669237,1,0
"2B2X_HL_A|VH50T,EH64K,QL28S,YL52N,GH53S",1.7188073,1.0922687,1,0
"2B2X_HL_A|VH50T,EH64K,QL28S,YL52N,GH54I",2.4067745,1.2476104,1,0
"2B2X_HL_A|VH50T,EH64K,QL28S,YL52N,GH54T",2.2073808,1.4218013,1,0
"2B2X_HL_A|VH50T,EH64K,QL28S,YL52N,GH54Y",1.043214,0.6478746,1,0
"2B2X_HL_A|VH50T,EH64K,QL28S,YL52N,GL92Q",2.6158988,1.3777497,1,0
"2B2X_HL_A|VH50T,EH64K,QL28S,YL52N,GL92S",1.5558206,1.1559294,1,0
"2B2X_HL_A|VH50T,EH64K,QL28S,YL52N,HL31K",2.2073808,1.0573585,1,0
"2B2X_HL_A|VH50T,EH64K,QL28S,YL52N,HL31R",2.1670115,0.7901686,1,0
"2B2X_HL_A|VH50T,EH64K,QL28S,YL52N,HL31W",2.2985272,0.99900323,1,0
"2B2X_HL_A|VH50T,EH64K,QL28S,YL52N,LH60D",0.981894,0.96541363,1,0
"2B2X_HL_A|VH50T,EH64K,QL28S,YL52N,LL49F",1.7554936,1.3636706,1,0
"2B2X_HL_A|VH50T,EH64K,QL28S,YL52N,LL49K",1.9044149,1.2069805,1,0
"2B2X_HL_A|VH50T,EH64K,QL28S,YL52N,LL49W",2.9507816,1.1447557,1,0
"2B2X_HL_A|VH50T,EH64K,QL28S,YL52N,NL30V",2.0925434,0.7422506,1,0
"2B2X_HL_A|VH50T,EH64K,QL28S,YL52N,NL30W",2.6158988,0.96936536,1,0
"2B2X_HL_A|VH50T,EH64K,QL28S,YL52N,NL30Y",2.9507816,0.5507837,1,0
"2B2X_HL_A|VH50T,EH64K,QL28S,YL52N,NL30Y,SL91I",1.4775821,0.71998876,1,0
"2B2X_HL_A|VH50T,EH64K,QL28S,YL52N,RH31Q",2.350542,1.2605114,1,0
"2B2X_HL_A|VH50T,EH64K,QL28S,YL52N,SH35A",2.6158988,1.552306,1,0
"2B2X_HL_A|VH50T,EH64K,QL28S,YL52N,SH35A,GH102S",2.6158988,1.5249254,1,0
"2B2X_HL_A|VH50T,EH64K,QL28S,YL52N,SH35Q",3.770335,1.2442888,1,0
"2B2X_HL_A|VH50T,EH64K,QL28S,YL52N,SH35V,GH102S",2.4688888,0.9393764,1,0
"2B2X_HL_A|VH50T,EH64K,QL28S,YL52N,SH52M",3.119054,0.97541493,1,0
"2B2X_HL_A|VH50T,EH64K,QL28S,YL52N,SL24R",0.82788163,0.92301416,1,0
"2B2X_HL_A|VH50T,EH64K,QL28S,YL52N,SL91Q",2.8172472,1.1500995,1,0
"2B2X_HL_A|VH50T,EH64K,QL28S,YL52N,SL91R",3.770335,0.9970972,1,0
"2B2X_HL_A|VH50T,EH64K,QL28S,YL52N,SL91R,NL30E",3.770335,0.86357385,1,0
"2B2X_HL_A|VH50T,EH64K,QL28S,YL52N,SL91T",3.3598623,1.3756462,1,0
"2B2X_HL_A|VH50T,EH64K,QL28S,YL52N,TH33E,GH53Q",2.7106705,0.6804645,1,0
"2B2X_HL_A|VH50T,EH64K,QL28S,YL52N,TH33I,SH52T,GH53N,GH54N",2.9507816,1.7674888,1,0
"2B2X_HL_A|VH50T,EH64K,QL28S,YL52N,TH33I,SH52T,GH53Q,GH54F",2.2985272,1.3494855,1,0
"2B2X_HL_A|VH50T,EH64K,QL28S,YL52N,TH33N",3.770335,0.9089912,1,0
"2B2X_HL_A|VH50T,EH64K,QL28S,YL52N,TH33V",1.4775821,0.6034432,1,0
"2B2X_HL_A|VH50T,EH64K,QL28S,YL52N,WL90Q",3.119054,1.0801911,1,0
"2B2X_HL_A|VH50T,EH64K,QL28S,YL52N,WL90Q,FL33Y",1.914233,0.5351678,1,0
"2B2X_HL_A|VH50T,EH64K,QL28S,YL52N,YH58E",3.119054,1.2437887,1,0
"2B2X_HL_A|VH50T,EH64K,QL28S,YL52N,YH58Q",3.119054,1.5141698,1,0
"2B2X_HL_A|VH50T,EH64K,QL28S,YL52N,YH58W",1.8641591,1.6183949,1,0
"2B2X_HL_A|VH50T,EH64K,QL28S,YL52N,YH59E",1.5872209,1.224868,1,0
"2B2X_HL_A|VH50T,EH64K,QL28S,YL52R",1.8880546,0.8417593,1,0
"2B2X_HL_A|VH50T,EH64K,YL52N",0.28173435,1.1537011,1,0
"2B2X_HL_A|VH50T,EH64N,QL28S,YL52N",1.0069425,1.0661284,1,0
"2B2X_HL_A|VH50T,EH64Q,QL28S,YL52N",0.96559924,1.016711,1,0
"2B2X_HL_A|VH50T,EH64Q,QL28S,YL52N,LH60D",1.0862032,0.9482418,1,0
"2B2X_HL_A|VH50T,QL28S,YL52N",0.96559924,0.75152534,1,0
"2B2X_HL_A|VH50T,QL28S,YL52N,LH60D",0.90141344,0.6459032,1,0
"2B2X_HL_A|VH50T,YL52N",0.18636756,0.8384843,1,0
2B2X_HL_A|YL52E,-0.22410508,0.331674,1,0
2VIR_AB_C|SC115L,3.680209,-0.17171916,1,0
2VIR_AB_C|TC89I,4.0,0.9034454,1,0
"3G6D_LH_A|EL3V,GL76R,TL77V,QL78E,EL80G",0.13981691,-0.87627524,1,0
"3G6D_LH_A|EL3V,GL76R,TL77V,QL78E,EL80G,DH54N",0.111178115,-0.7000159,1,0
"3G6D_LH_A|EL3V,GL76R,TL77V,QL78E,EL80G,TL89S,ML92I,VL93D,TL94K",0.27145106,-1.4852171,1,0
3G6D_LH_A|HH104A,-0.9530879,0.288688,1,0
"3G6D_LH_A|KH210T,KH215T",-0.13294782,0.28932855,1,0
"3G6D_LH_A|TL89S,ML92I,VL93D,TL94K",0.7979767,-0.5973339,1,0
3G6D_LH_A|WH105A,-1.4965084,0.59604424,1,0
"3IDX_HL_G|CG27I,CG242Q",-2.4650376,-0.010797333,1,0
"3IDX_HL_G|CG27I,CG242Q,MG247A",-2.1736174,0.7093333,1,0
"3IDX_HL_G|KG85C,EG121C,CG27I,CG242Q",-2.3776865,0.70435846,1,0
"3IDX_HL_G|KG85C,EG121C,WG13M,MG247A,CG14W,CG129V,CG27I,CG242Q",-2.1922898,1.1999235,1,0
"3IDX_HL_G|KG85C,EG122C,WG13M,MG247A,CG14W,CG129V,CG27I,CG242Q",-2.2927184,1.189795,1,0
"3IDX_HL_G|TG41C,GG245C,MG247A",0.40945426,0.9756275,1,0
"3IDX_HL_G|TG41C,GG245C,WG13M,MG247A,CG14W,CG129V,CG27I,CG242Q",-2.3310676,0.7430706,1,0
"3IDX_HL_G|WG13M,MG247A,CG14W,CG129V",-0.6475391,0.5224916,1,0
"3IDX_HL_G|WG13M,MG247A,CG14W,CG129V,CG27I,CG242Q",-2.3479884,0.51280206,1,0
"3IDX_HL_G|WG13M,MG247A,CG14W,CG129V,KG85C,EG121C",-0.36166522,1.2305869,1,0
"3IDX_HL_G|WG13M,SG111T,WG200S,MG247A,CG14W,CG129V,CG27I,CG242Q",-1.8639641,-0.09627969,1,0
"3L5X_A_HL|EL93F,YL94G",-0.42800838,0.55538696,1,0
"3L5X_A_HL|EL93H,YL94G",-0.7626503,0.4633298,1,0
"3L5X_A_HL|HL91P,NL92I,EL93D,YL94A",-0.6466697,1.0626152,1,0
"3L5X_A_HL|HL91P,NL92L,EL93D,YL94S",-0.6327897,0.44912916,1,0
"3L5X_A_HL|HL91P,NL92L,EL93D,YL94T",-0.81005055,0.7401496,1,0
"3L5X_A_HL|HL91P,NL92L,EL93D,YL94V",-0.85822237,0.2447672,1,0
"3L5X_A_HL|HL91P,NL92L,YL94A",-0.44441348,1.0119777,1,0
"3L5X_A_HL|HL91Q,NL92D,EL93I,YL94G",-1.5503801,0.38304022,1,0
"3L5X_A_HL|HL91Q,NL92D,EL93L,YL94G",-1.785132,0.50549024,1,0
"3L5X_A_HL|HL91Q,NL92D,EL93Y,YL94G",-1.451453,-0.21779189,1,0
"3L5X_A_HL|NL92D,EL93L,YL94G",-0.42962858,0.47024143,1,0
"3L5X_A_HL|NL92D,EL93N,YL94S",-0.53403836,0.44195145,1,0
"3L5X_A_HL|NL92D,EL93P,YL94G",-1.4699602,0.53029144,1,0
"3L5X_A_HL|NL92D,EL93R,YL94D",-0.52253926,0.27665648,1,0
"3L5X_A_HL|NL92D,EL93W,YL94E",-1.1963489,0.2147455,1,0
"3L5X_A_HL|NL92D,EL93W,YL94G",-1.6825228,0.2818377,1,0
"3L5X_A_HL|NL92D,EL93W,YL94S",-0.71612674,0.34346113,1,0
"3L5X_A_HL|NL92D,EL93Y,YL94A",-0.8069743,0.54992384,1,0
"3L5X_A_HL|NL92E,EL93S,YL94G",-1.2653587,-0.03708722,1,0
"3L5X_A_HL|NL92E,EL93W,YL94G",-1.5503801,0.028802365,1,0
"3L5X_A_HL|NL92F,EL93W,YL94G",-1.2329907,0.377465,1,0
"3L5X_A_HL|NL92L,EL93D,YL94S",-0.6170473,0.33430526,1,0
"3L5X_A_HL|NL92L,EL93L,YL94G",-0.6259698,0.4069299,1,0
"3L5X_A_HL|NL92L,EL93M,YL94G",-0.82567644,0.3958772,1,0
"3L5X_A_HL|NL92L,EL93N,YL94G",-0.6954369,0.3501909,1,0
"3L5X_A_HL|NL92S,EL93H,YL94G",-1.2457265,0.23558064,1,0
"3L5X_A_HL|NL92S,EL93I,YL94G",-0.8069743,0.26347822,1,0
"3L5X_A_HL|NL92S,EL93S,YL94G",-0.24921271,0.11526524,1,0
"3L5X_A_HL|NL92S,EL93V,YL94G",-0.51687235,0.072288476,1,0
"3L5X_A_HL|NL92S,EL93W,YL94A",-0.30302802,0.95226103,1,0
"3L5X_A_HL|NL92S,EL93W,YL94G",-1.2720501,0.24477655,1,0
"3L5X_A_HL|NL92S,EL93Y,YL94G",-0.9641868,-0.2556663,1,0
"3L5X_A_HL|NL92V,EL93G,YL94G",-0.46300006,-0.13641074,1,0
"3L5X_A_HL|NL92V,EL93W,YL94G",-0.83525383,-0.09817614,1,0
3L5X_A_HL|YL94A,-0.82885176,1.0608037,1,0
3N85_A_LH|SH32A,-0.13401966,0.61477315,1,0
3N85_A_LH|SH32Y,0.0571225,-0.18114781,1,0
3N85_A_LH|SH50G,0.48767117,-0.25753933,1,0
3N85_A_LH|SH52Y,-0.78460336,-0.5416201,1,0
3N85_A_LH|WH100F,-0.015185109,-0.0039789826,1,0
3N85_A_LH|WH30K,-0.78460336,0.21903643,1,0
3N85_A_LH|WH30R,-0.5539675,-0.16899194,1,0
3N85_A_LH|WL91F,0.13959166,0.1451852,1,0
3N85_A_LH|WL94Y,-0.03871881,-0.13384207,1,0
3SE8_HL_G|DH110A,-0.38934898,0.65060836,1,0
3SE8_HL_G|DH114A,-0.2441398,0.95487994,1,0
3SE8_HL_G|DL49A,0.8558488,0.67728454,1,0
3SE8_HL_G|EL1A,-0.5565174,0.81008285,1,0
3SE8_HL_G|EL91A,1.513491,1.0737902,1,0
3SE8_HL_G|FH115A,1.0676043,0.5504579,1,0
3SE8_HL_G|FL90A,-0.8640972,0.67156136,1,0
3SE8_HL_G|FL92A,0.8323254,0.58570904,1,0
3SE8_HL_G|GH56A,0.3570972,1.2224712,1,0
3SE8_HL_G|KH52A,1.1114144,0.64754677,1,0
3SE8_HL_G|LH54A,0.054776184,0.85216206,1,0
3SE8_HL_G|NL30A,0.19434923,0.8231337,1,0
3SE8_HL_G|PH78A,0.01881787,0.45594108,1,0
3SE8_HL_G|PH81A,-0.07091986,0.26047668,1,0
3SE8_HL_G|QH63A,1.1144251,0.34843636,1,0
3SE8_HL_G|QH65A,0.54980505,0.82171154,1,0
3SE8_HL_G|QH76A,0.09689985,0.7132,1,0
3SE8_HL_G|QL27A,-0.21612903,0.6389125,1,0
3SE8_HL_G|RH30A,-0.03949762,1.0384449,1,0
3SE8_HL_G|RH62A,1.2061691,0.5943624,1,0
3SE8_HL_G|RH72A,2.6444623,0.83976907,1,0
3SE8_HL_G|SH59A,1.1508402,0.7159872,1,0
3SE8_HL_G|VH58A,1.2496852,1.1933674,1,0
3SE8_HL_G|WH47A,1.4751467,0.39096537,1,0
3SE8_HL_G|WH50A,1.333526,0.7769899,1,0
3SE8_HL_G|WH55A,0.7611056,0.7763061,1,0
3SE8_HL_G|YH111A,0.82992166,1.1045557,1,0
3SE8_HL_G|YH60A,0.8558488,1.1647446,1,0
4KRL_A_B|DB112A,0.6496817,0.7275091,1,0
5C6T_HL_A|EA194A,1.0906719,0.97070056,1,0
5C6T_HL_A|FA192A,1.9972014,1.4126217,1,0
5C6T_HL_A|FA199A,2.7581792,1.3377917,1,0
5C6T_HL_A|FA200A,0.41047263,1.5147457,1,0
5C6T_HL_A|FH99A,1.4600298,0.37205568,1,0
5C6T_HL_A|IA201A,0.88561165,0.7693625,1,0
5C6T_HL_A|NA183A,0.28399685,1.4364892,1,0
5C6T_HL_A|NA186A,0.3630724,1.345148,1,0
5C6T_HL_A|NA188A,-0.36658686,1.2145221,1,0
"5C6T_HL_A|NA195A,DA197A",0.58650106,2.1204002,1,0
5C6T_HL_A|NH97A,1.5258962,0.39837617,1,0
5C6T_HL_A|RH31S,0.3115454,0.24663146,1,0
5C6T_HL_A|RL48A,0.1229613,0.8527253,1,0
5C6T_HL_A|SH32A,-0.8683455,0.9097001,1,0
5C6T_HL_A|TA185A,0.33786914,1.1505458,1,0
5C6T_HL_A|YA182A,3.2083547,1.5684049,1,0
"5C6T_HL_A|YA182A,NA195A,DA197A",2.942425,3.5373778,1,0
5C6T_HL_A|YH104A,0.3630724,0.86571103,1,0
5C6T_HL_A|YH98A,1.7166799,1.2971541,1,0
5C6T_HL_A|YL47A,0.5516565,1.2167009,1,0
1KIP_AB_C|AB32Y,-0.8005932,-1.5778283,1,1
1XGU_AB_C|FB33A,4.0,4.0920334,1,1
1XGU_AB_C|FB33I,1.8004549,1.6805526,1,1
1XGU_AB_C|FB33L,1.8617703,1.9042422,1,1
1XGU_AB_C|FB33V,2.9080825,2.866162,1,1
2B2X_HL_A|EH64K,-0.033433665,0.26533416,1,1
"2B2X_HL_A|EH64K,QL28S,YL52N",0.911615,1.2157096,1,1
"2B2X_HL_A|EH64K,QL28S,YL52N,GH102S",2.7106705,1.858006,1,1
"2B2X_HL_A|EH64K,QL28S,YL52N,SH35A",3.119054,2.9177778,1,1
"2B2X_HL_A|EH64K,QL28S,YL52N,SH35V",3.770335,2.9185493,1,1
"2B2X_HL_A|EH64K,YL52N",0.34853002,0.8477628,1,1
"2B2X_HL_A|QL28S,YL52N",0.8626942,0.87501895,1,1
2B2X_HL_A|VH50T,0.024054652,-0.37443742,1,1
"2B2X_HL_A|VH50T,EH64D,QL28S,YL52N",0.87177193,0.6986255,1,1
"2B2X_HL_A|VH50T,EH64K,QL28S",0.991589,0.47253987,1,1
"2B2X_HL_A|VH50T,EH64K,QL28S,YL52D",1.5439764,0.48481986,1,1
"2B2X_HL_A|VH50T,EH64K,QL28S,YL52E",0.95452905,0.50811476,1,1
"2B2X_HL_A|VH50T,EH64K,QL28S,YL52K",1.7007239,2.027018,1,1
"2B2X_HL_A|VH50T,EH64K,QL28S,YL52N",1.043214,1.111409,1,1
"2B2X_HL_A|VH50T,EH64K,QL28S,YL52N,FH99W",1.043214,0.98649025,1,1
"2B2X_HL_A|VH50T,EH64K,QL28S,YL52N,FH99Y",1.7978828,0.73076475,1,1
"2B2X_HL_A|VH50T,EH64K,QL28S,YL52N,GH100F",1.4322319,1.4632037,1,1
"2B2X_HL_A|VH50T,EH64K,QL28S,YL52N,GH100L",3.770335,2.8768692,1,1
"2B2X_HL_A|VH50T,EH64K,QL28S,YL52N,GH100M",1.145348,2.4433384,1,1
"2B2X_HL_A|VH50T,EH64K,QL28S,YL52N,GH100S",1.6009614,2.3137016,1,1
"2B2X_HL_A|VH50T,EH64K,QL28S,YL52N,GH53A",1.5558206,1.9143776,1,1
"2B2X_HL_A|VH50T,EH64K,QL28S,YL52N,GH53N",2.2985272,2.4841993,1,1
"2B2X_HL_A|VH50T,EH64K,QL28S,YL52N,GH53S",1.7188073,1.4134278,1,1
"2B2X_HL_A|VH50T,EH64K,QL28S,YL52N,GH54I",2.4067745,2.2072372,1,1
"2B2X_HL_A|VH50T,EH64K,QL28S,YL52N,GH54T",2.2073808,2.0894327,1,1
"2B2X_HL_A|VH50T,EH64K,QL28S,YL52N,GH54Y",1.043214,0.8435727,1,1
"2B2X_HL_A|VH50T,EH64K,QL28S,YL52N,GL92Q",2.6158988,2.5935633,1,1
"2B2X_HL_A|VH50T,EH64K,QL28S,YL52N,GL92S",1.5558206,1.5298816,1,1
"2B2X_HL_A|VH50T,EH64K,QL28S,YL52N,HL31K",2.2073808,2.515065,1,1
"2B2X_HL_A|VH50T,EH64K,QL28S,YL52N,HL31R",2.1670115,1.3274639,1,1
"2B2X_HL_A|VH50T,EH64K,QL28S,YL52N,HL31W",2.2985272,1.2493128,1,1
"2B2X_HL_A|VH50T,EH64K,QL28S,YL52N,LH60D",0.981894,0.97043586,1,1
"2B2X_HL_A|VH50T,EH64K,QL28S,YL52N,LL49F",1.7554936,1.6611084,1,1
"2B2X_HL_A|VH50T,EH64K,QL28S,YL52N,LL49K",1.9044149,2.7095494,1,1
"2B2X_HL_A|VH50T,EH64K,QL28S,YL52N,LL49W",2.9507816,1.9350344,1,1
"2B2X_HL_A|VH50T,EH64K,QL28S,YL52N,NL30V",2.0925434,2.442411,1,1
"2B2X_HL_A|VH50T,EH64K,QL28S,YL52N,NL30W",2.6158988,2.0995755,1,1
"2B2X_HL_A|VH50T,EH64K,QL28S,YL52N,NL30Y",2.9507816,1.3815688,1,1
"2B2X_HL_A|VH50T,EH64K,QL28S,YL52N,NL30Y,SL91I",1.4775821,1.9308617,1,1
"2B2X_HL_A|VH50T,EH64K,QL28S,YL52N,RH31Q",2.350542,1.6319467,1,1
"2B2X_HL_A|VH50T,EH64K,QL28S,YL52N,SH35A",2.6158988,3.0348806,1,1
"2B2X_HL_A|VH50T,EH64K,QL28S,YL52N,SH35A,GH102S",2.6158988,3.5717907,1,1
"2B2X_HL_A|VH50T,EH64K,QL28S,YL52N,SH35Q",3.770335,3.4670954,1,1
"2B2X_HL_A|VH50T,EH64K,QL28S,YL52N,SH35V,GH102S",2.4688888,3.4747958,1,1
"2B2X_HL_A|VH50T,EH64K,QL28S,YL52N,SH52M",3.119054,1.5555681,1,1
"2B2X_HL_A|VH50T,EH64K,QL28S,YL52N,SL24R",0.82788163,1.1231683,1,1
"2B2X_HL_A|VH50T,EH64K,QL28S,YL52N,SL91Q",2.8172472,2.5624568,1,1
"2B2X_HL_A|VH50T,EH64K,QL28S,YL52N,SL91R",3.770335,0.92610437,1,1
"2B2X_HL_A|VH50T,EH64K,QL28S,YL52N,SL91R,NL30E",3.770335,2.349318,1,1
"2B2X_HL_A|VH50T,EH64K,QL28S,YL52N,SL91T",3.3598623,2.082114,1,1
"2B2X_HL_A|VH50T,EH64K,QL28S,YL52N,TH33E,GH53Q",2.7106705,2.6130185,1,1
"2B2X_HL_A|VH50T,EH64K,QL28S,YL52N,TH33I,SH52T,GH53N,GH54N",2.9507816,3.7644246,1,1
"2B2X_HL_A|VH50T,EH64K,QL28S,YL52N,TH33I,SH52T,GH53Q,GH54F",2.2985272,2.2330017,1,1
"2B2X_HL_A|VH50T,EH64K,QL28S,YL52N,TH33N",3.770335,2.186163,1,1
"2B2X_HL_A|VH50T,EH64K,QL28S,YL52N,TH33V",1.4775821,1.9582942,1,1
"2B2X_HL_A|VH50T,EH64K,QL28S,YL52N,WL90Q",3.119054,3.0274866,1,1
"2B2X_HL_A|VH50T,EH64K,QL28S,YL52N,WL90Q,FL33Y",1.914233,2.6211927,1,1
"2B2X_HL_A|VH50T,EH64K,QL28S,YL52N,YH58E",3.119054,2.2728343,1,1
"2B2X_HL_A|VH50T,EH64K,QL28S,YL52N,YH58Q",3.119054,3.4715252,1,1
"2B2X_HL_A|VH50T,EH64K,QL28S,YL52N,YH58W",1.8641591,2.256366,1,1
"2B2X_HL_A|VH50T,EH64K,QL28S,YL52N,YH59E",1.5872209,2.3574703,1,1
"2B2X_HL_A|VH50T,EH64K,QL28S,YL52R",1.8880546,1.2748493,1,1
"2B2X_HL_A|VH50T,EH64K,YL52N",0.28173435,0.74604636,1,1
"2B2X_HL_A|VH50T,EH64N,QL28S,YL52N",1.0069425,1.0462494,1,1
"2B2X_HL_A|VH50T,EH64Q,QL28S,YL52N",0.96559924,1.0312507,1,1
"2B2X_HL_A|VH50T,EH64Q,QL28S,YL52N,LH60D",1.0862032,0.90802443,1,1
"2B2X_HL_A|VH50T,QL28S,YL52N",0.96559924,0.68606615,1,1
"2B2X_HL_A|VH50T,QL28S,YL52N,LH60D",0.90141344,0.3510156,1,1
"2B2X_HL_A|VH50T,YL52N",0.18636756,0.2717704,1,1
2B2X_HL_A|YL52E,-0.22410508,-0.033448577,1,1
2VIR_AB_C|SC115L,3.680209,-0.18518433,1,1
2VIR_AB_C|TC89I,4.0,3.327785,1,1
"3G6D_LH_A|EL3V,GL76R,TL77V,QL78E,EL80G",0.13981691,1.1909745,1,1
"3G6D_LH_A|EL3V,GL76R,TL77V,QL78E,EL80G,DH54N",0.111178115,2.6261272,1,1
"3G6D_LH_A|EL3V,GL76R,TL77V,QL78E,EL80G,TL89S,ML92I,VL93D,TL94K",0.27145106,1.1783546,1,1
3G6D_LH_A|HH104A,-0.9530879,0.24745123,1,1
"3G6D_LH_A|KH210T,KH215T",-0.13294782,-0.51732683,1,1
"3G6D_LH_A|TL89S,ML92I,VL93D,TL94K",0.7979767,0.08146325,1,1
3G6D_LH_A|WH105A,-1.4965084,1.1506578,1,1
"3IDX_HL_G|CG27I,CG242Q",-2.4650376,-1.417677,1,1
"3IDX_HL_G|CG27I,CG242Q,MG247A",-2.1736174,-1.5880605,1,1
"3IDX_HL_G|KG85C,EG121C,CG27I,CG242Q",-2.3776865,0.94966704,1,1
"3IDX_HL_G|KG85C,EG121C,WG13M,MG247A,CG14W,CG129V,CG27I,CG242Q",-2.1922898,1.0386313,1,1
"3IDX_HL_G|KG85C,EG122C,WG13M,MG247A,CG14W,CG129V,CG27I,CG242Q",-2.2927184,0.994416,1,1
"3IDX_HL_G|TG41C,GG245C,MG247A",0.40945426,1.7980199,1,1
"3IDX_HL_G|TG41C,GG245C,WG13M,MG247A,CG14W,CG129V,CG27I,CG242Q",-2.3310676,1.3159496,1,1
"3IDX_HL_G|WG13M,MG247A,CG14W,CG129V",-0.6475391,-0.26693666,1,1
"3IDX_HL_G|WG13M,MG247A,CG14W,CG129V,CG27I,CG242Q",-2.3479884,-1.1349499,1,1
"3IDX_HL_G|WG13M,MG247A,CG14W,CG129V,KG85C,EG121C",-0.36166522,1.6985064,1,1
"3IDX_HL_G|WG13M,SG111T,WG200S,MG247A,CG14W,CG129V,CG27I,CG242Q",-1.8639641,-2.746581,1,1
"3L5X_A_HL|EL93F,YL94G",-0.42800838,0.82182944,1,1
"3L5X_A_HL|EL93H,YL94G",-0.7626503,1.2498957,1,1
"3L5X_A_HL|HL91P,NL92I,EL93D,YL94A",-0.6466697,0.34584138,1,1
"3L5X_A_HL|HL91P,NL92L,EL93D,YL94S",-0.6327897,0.6907068,1,1
"3L5X_A_HL|HL91P,NL92L,EL93D,YL94T",-0.81005055,0.55415756,1,1
"3L5X_A_HL|HL91P,NL92L,EL93D,YL94V",-0.85822237,0.32789063,1,1
"3L5X_A_HL|HL91P,NL92L,YL94A",-0.44441348,0.84172326,1,1
"3L5X_A_HL|HL91Q,NL92D,EL93I,YL94G",-1.5503801,0.5267562,1,1
"3L5X_A_HL|HL91Q,NL92D,EL93L,YL94G",-1.785132,0.77326846,1,1
"3L5X_A_HL|HL91Q,NL92D,EL93Y,YL94G",-1.451453,-1.4213964,1,1
"3L5X_A_HL|NL92D,EL93L,YL94G",-0.42962858,-0.018604252,1,1
"3L5X_A_HL|NL92D,EL93N,YL94S",-0.53403836,0.49302676,1,1
"3L5X_A_HL|NL92D,EL93P,YL94G",-1.4699602,0.3665488,1,1
"3L5X_A_HL|NL92D,EL93R,YL94D",-0.52253926,-0.5098516,1,1
"3L5X_A_HL|NL92D,EL93W,YL94E",-1.1963489,-2.0944843,1,1
"3L5X_A_HL|NL92D,EL93W,YL94G",-1.6825228,-1.8034582,1,1
"3L5X_A_HL|NL92D,EL93W,YL94S",-0.71612674,-1.5901666,1,1
"3L5X_A_HL|NL92D,EL93Y,YL94A",-0.8069743,-1.813644,1,1
"3L5X_A_HL|NL92E,EL93S,YL94G",-1.2653587,-0.35896888,1,1
"3L5X_A_HL|NL92E,EL93W,YL94G",-1.5503801,-1.6275315,1,1
"3L5X_A_HL|NL92F,EL93W,YL94G",-1.2329907,-1.6721829,1,1
"3L5X_A_HL|NL92L,EL93D,YL94S",-0.6170473,0.25251257,1,1
"3L5X_A_HL|NL92L,EL93L,YL94G",-0.6259698,0.42687318,1,1
"3L5X_A_HL|NL92L,EL93M,YL94G",-0.82567644,0.5257315,1,1
"3L5X_A_HL|NL92L,EL93N,YL94G",-0.6954369,0.8460495,1,1
"3L5X_A_HL|NL92S,EL93H,YL94G",-1.2457265,-0.13568746,1,1
"3L5X_A_HL|NL92S,EL93I,YL94G",-0.8069743,0.18144272,1,1
"3L5X_A_HL|NL92S,EL93S,YL94G",-0.24921271,-0.09062691,1,1
"3L5X_A_HL|NL92S,EL93V,YL94G",-0.51687235,0.1538654,1,1
"3L5X_A_HL|NL92S,EL93W,YL94A",-0.30302802,-1.3186442,1,1
"3L5X_A_HL|NL92S,EL93W,YL94G",-1.2720501,-1.2471919,1,1
"3L5X_A_HL|NL92S,EL93Y,YL94G",-0.9641868,-1.4791415,1,1
"3L5X_A_HL|NL92V,EL93G,YL94G",-0.46300006,-0.08619097,1,1
"3L5X_A_HL|NL92V,EL93W,YL94G",-0.83525383,-1.1887031,1,1
3L5X_A_HL|YL94A,-0.82885176,1.5391003,1,1
3N85_A_LH|SH32A,-0.13401966,0.9508608,1,1
3N85_A_LH|SH32Y,0.0571225,-0.38398775,1,1
3N85_A_LH|SH50G,0.48767117,0.05753899,1,1
3N85_A_LH|SH52Y,-0.78460336,-0.5140522,1,1
3N85_A_LH|WH100F,-0.015185109,0.13935702,1,1
3N85_A_LH|WH30K,-0.78460336,1.0911865,1,1
3N85_A_LH|WH30R,-0.5539675,0.20941712,1,1
3N85_A_LH|WL91F,0.13959166,0.44520792,1,1
3N85_A_LH|WL94Y,-0.03871881,-0.24858758,1,1
3SE8_HL_G|DH110A,-0.38934898,0.20184423,1,1
3SE8_HL_G|DH114A,-0.2441398,0.54890776,1,1
3SE8_HL_G|DL49A,0.8558488,1.4477202,1,1
3SE8_HL_G|EL1A,-0.5565174,0.34821758,1,1
3SE8_HL_G|EL91A,1.513491,1.0140016,1,1
3SE8_HL_G|FH115A,1.0676043,2.0932934,1,1
3SE8_HL_G|FL90A,-0.8640972,1.2853551,1,1
3SE8_HL_G|FL92A,0.8323254,0.8469462,1,1
3SE8_HL_G|GH56A,0.3570972,0.8571139,1,1
3SE8_HL_G|KH52A,1.1114144,-0.06545264,1,1
3SE8_HL_G|LH54A,0.054776184,0.49093977,1,1
3SE8_HL_G|NL30A,0.19434923,0.7389154,1,1
3SE8_HL_G|PH78A,0.01881787,-0.15310554,1,1
3SE8_HL_G|PH81A,-0.07091986,-0.25077128,1,1
3SE8_HL_G|QH63A,1.1144251,-0.27435952,1,1
3SE8_HL_G|QH65A,0.54980505,0.16248457,1,1
3SE8_HL_G|QH76A,0.09689985,-0.1284619,1,1
3SE8_HL_G|QL27A,-0.21612903,0.12617907,1,1
3SE8_HL_G|RH30A,-0.03949762,0.41740358,1,1
3SE8_HL_G|RH62A,1.2061691,0.29552057,1,1
3SE8_HL_G|RH72A,2.6444623,1.3559582,1,1
3SE8_HL_G|SH59A,1.1508402,0.26248395,1,1
3SE8_HL_G|VH58A,1.2496852,1.099292,1,1
3SE8_HL_G|WH47A,1.4751467,1.6110015,1,1
3SE8_HL_G|WH50A,1.333526,1.6613573,1,1
3SE8_HL_G|WH55A,0.7611056,0.160047,1,1
3SE8_HL_G|YH111A,0.82992166,0.45636615,1,1
3SE8_HL_G|YH60A,0.8558488,1.1469408,1,1
4KRL_A_B|DB112A,0.6496817,1.1857762,1,1
5C6T_HL_A|EA194A,1.0906719,1.9255333,1,1
5C6T_HL_A|FA192A,1.9972014,1.4565456,1,1
5C6T_HL_A|FA199A,2.7581792,1.6094606,1,1
5C6T_HL_A|FA200A,0.41047263,0.7091562,1,1
5C6T_HL_A|FH99A,1.4600298,0.15925628,1,1
5C6T_HL_A|IA201A,0.88561165,-0.17428355,1,1
5C6T_HL_A|NA183A,0.28399685,0.5923656,1,1
5C6T_HL_A|NA186A,0.3630724,-0.33622247,1,1
5C6T_HL_A|NA188A,-0.36658686,0.55709875,1,1
"5C6T_HL_A|NA195A,DA197A",0.58650106,1.2772096,1,1
5C6T_HL_A|NH97A,1.5258962,-0.27698013,1,1
5C6T_HL_A|RH31S,0.3115454,0.29573175,1,1
5C6T_HL_A|RL48A,0.1229613,-0.15811586,1,1
5C6T_HL_A|SH32A,-0.8683455,0.29797512,1,1
5C6T_HL_A|TA185A,0.33786914,1.4333072,1,1
5C6T_HL_A|YA182A,3.2083547,1.6866113,1,1
"5C6T_HL_A|YA182A,NA195A,DA197A",2.942425,2.9078135,1,1
5C6T_HL_A|YH104A,0.3630724,0.59088075,1,1
5C6T_HL_A|YH98A,1.7166799,0.537779,1,1
5C6T_HL_A|YL47A,0.5516565,1.4486251,1,1
1KIP_AB_C|AB32Y,-0.8005932,-1.5425752,1,2
1XGU_AB_C|FB33A,4.0,3.4578836,1,2
1XGU_AB_C|FB33I,1.8004549,1.5306349,1,2
1XGU_AB_C|FB33L,1.8617703,1.5021757,1,2
1XGU_AB_C|FB33V,2.9080825,2.5666292,1,2
2B2X_HL_A|EH64K,-0.033433665,0.116086625,1,2
"2B2X_HL_A|EH64K,QL28S,YL52N",0.911615,1.0055346,1,2
"2B2X_HL_A|EH64K,QL28S,YL52N,GH102S",2.7106705,1.5232784,1,2
"2B2X_HL_A|EH64K,QL28S,YL52N,SH35A",3.119054,2.2302024,1,2
"2B2X_HL_A|EH64K,QL28S,YL52N,SH35V",3.770335,2.0907722,1,2
"2B2X_HL_A|EH64K,YL52N",0.34853002,0.5275358,1,2
"2B2X_HL_A|QL28S,YL52N",0.8626942,0.87389624,1,2
2B2X_HL_A|VH50T,0.024054652,-0.3770934,1,2
"2B2X_HL_A|VH50T,EH64D,QL28S,YL52N",0.87177193,0.72476447,1,2
"2B2X_HL_A|VH50T,EH64K,QL28S",0.991589,0.6738971,1,2
"2B2X_HL_A|VH50T,EH64K,QL28S,YL52D",1.5439764,0.800071,1,2
"2B2X_HL_A|VH50T,EH64K,QL28S,YL52E",0.95452905,1.1244944,1,2
"2B2X_HL_A|VH50T,EH64K,QL28S,YL52K",1.7007239,1.9500539,1,2
"2B2X_HL_A|VH50T,EH64K,QL28S,YL52N",1.043214,1.092272,1,2
"2B2X_HL_A|VH50T,EH64K,QL28S,YL52N,FH99W",1.043214,0.684165,1,2
"2B2X_HL_A|VH50T,EH64K,QL28S,YL52N,FH99Y",1.7978828,0.61825156,1,2
"2B2X_HL_A|VH50T,EH64K,QL28S,YL52N,GH100F",1.4322319,1.4467319,1,2
"2B2X_HL_A|VH50T,EH64K,QL28S,YL52N,GH100L",3.770335,2.3347619,1,2
"2B2X_HL_A|VH50T,EH64K,QL28S,YL52N,GH100M",1.145348,1.8835053,1,2
"2B2X_HL_A|VH50T,EH64K,QL28S,YL52N,GH100S",1.6009614,2.058045,1,2
"2B2X_HL_A|VH50T,EH64K,QL28S,YL52N,GH53A",1.5558206,2.04708,1,2
"2B2X_HL_A|VH50T,EH64K,QL28S,YL52N,GH53N",2.2985272,1.6129974,1,2
"2B2X_HL_A|VH50T,EH64K,QL28S,YL52N,GH53S",1.7188073,1.2906263,1,2
"2B2X_HL_A|VH50T,EH64K,QL28S,YL52N,GH54I",2.4067745,1.8007405,1,2
"2B2X_HL_A|VH50T,EH64K,QL28S,YL52N,GH54T",2.2073808,1.8539506,1,2
"2B2X_HL_A|VH50T,EH64K,QL28S,YL52N,GH54Y",1.043214,0.81337696,1,2
"2B2X_HL_A|VH50T,EH64K,QL28S,YL52N,GL92Q",2.6158988,2.0991488,1,2
"2B2X_HL_A|VH50T,EH64K,QL28S,YL52N,GL92S",1.5558206,1.529678,1,2
"2B2X_HL_A|VH50T,EH64K,QL28S,YL52N,HL31K",2.2073808,2.3960638,1,2
"2B2X_HL_A|VH50T,EH64K,QL28S,YL52N,HL31R",2.1670115,1.0280547,1,2
"2B2X_HL_A|VH50T,EH64K,QL28S,YL52N,HL31W",2.2985272,1.0413032,1,2
"2B2X_HL_A|VH50T,EH64K,QL28S,YL52N,LH60D",0.981894,0.91514415,1,2
"2B2X_HL_A|VH50T,EH64K,QL28S,YL52N,LL49F",1.7554936,1.2433207,1,2
"2B2X_HL_A|VH50T,EH64K,QL28S,YL52N,LL49K",1.9044149,1.9018043,1,2
"2B2X_HL_A|VH50T,EH64K,QL28S,YL52N,LL49W",2.9507816,1.5056986,1,2
"2B2X_HL_A|VH50T,EH64K,QL28S,YL52N,NL30V",2.0925434,2.564893,1,2
"2B2X_HL_A|VH50T,EH64K,QL28S,YL52N,NL30W",2.6158988,2.0642083,1,2
"2B2X_HL_A|VH50T,EH64K,QL28S,YL52N,NL30Y",2.9507816,2.0458794,1,2
"2B2X_HL_A|VH50T,EH64K,QL28S,YL52N,NL30Y,SL91I",1.4775821,2.8405173,1,2
"2B2X_HL_A|VH50T,EH64K,QL28S,YL52N,RH31Q",2.350542,1.4131576,1,2
"2B2X_HL_A|VH50T,EH64K,QL28S,YL52N,SH35A",2.6158988,2.4142659,1,2
"2B2X_HL_A|VH50T,EH64K,QL28S,YL52N,SH35A,GH102S",2.6158988,2.8871093,1,2
"2B2X_HL_A|VH50T,EH64K,QL28S,YL52N,SH35Q",3.770335,2.5197985,1,2
"2B2X_HL_A|VH50T,EH64K,QL28S,YL52N,SH35V,GH102S",2.4688888,2.8841088,1,2
"2B2X_HL_A|VH50T,EH64K,QL28S,YL52N,SH52M",3.119054,0.9717379,1,2
"2B2X_HL_A|VH50T,EH64K,QL28S,YL52N,SL24R",0.82788163,0.35613197,1,2
"2B2X_HL_A|VH50T,EH64K,QL28S,YL52N,SL91Q",2.8172472,2.3213036,1,2
"2B2X_HL_A|VH50T,EH64K,QL28S,YL52N,SL91R",3.770335,0.9644739,1,2
"2B2X_HL_A|VH50T,EH64K,QL28S,YL52N,SL91R,NL30E",3.770335,2.4693336,1,2
"2B2X_HL_A|VH50T,EH64K,QL28S,YL52N,SL91T",3.3598623,1.9710524,1,2
"2B2X_HL_A|VH50T,EH64K,QL28S,YL52N,TH33E,GH53Q",2.7106705,2.3436766,1,2
"2B2X_HL_A|VH50T,EH64K,QL28S,YL52N,TH33I,SH52T,GH53N,GH54N",2.9507816,3.089026,1,2
"2B2X_HL_A|VH50T,EH64K,QL28S,YL52N,TH33I,SH52T,GH53Q,GH54F",2.2985272,2.8560061,1,2
"2B2X_HL_A|VH50T,EH64K,QL28S,YL52N,TH33N",3.770335,2.1539083,1,2
"2B2X_HL_A|VH50T,EH64K,QL28S,YL52N,TH33V",1.4775821,1.8554009,1,2
"2B2X_HL_A|VH50T,EH64K,QL28S,YL52N,WL90Q",3.119054,2.7920253,1,2
"2B2X_HL_A|VH50T,EH64K,QL28S,YL52N,WL90Q,FL33Y",1.914233,1.7506064,1,2
"2B2X_HL_A|VH50T,EH64K,QL28S,YL52N,YH58E",3.119054,2.117012,1,2
"2B2X_HL_A|VH50T,EH64K,QL28S,YL52N,YH58Q",3.119054,2.877752,1,2
"2B2X_HL_A|VH50T,EH64K,QL28S,YL52N,YH58W",1.8641591,1.5625291,1,2
"2B2X_HL_A|VH50T,EH64K,QL28S,YL52N,YH59E",1.5872209,2.035061,1,2
"2B2X_HL_A|VH50T,EH64K,QL28S,YL52R",1.8880546,1.1495702,1,2
"2B2X_HL_A|VH50T,EH64K,YL52N",0.28173435,0.5860087,1,2
"2B2X_HL_A|VH50T,EH64N,QL28S,YL52N",1.0069425,1.1778303,1,2
"2B2X_HL_A|VH50T,EH64Q,QL28S,YL52N",0.96559924,1.069298,1,2
"2B2X_HL_A|VH50T,EH64Q,QL28S,YL52N,LH60D",1.0862032,0.91905475,1,2
"2B2X_HL_A|VH50T,QL28S,YL52N",0.96559924,0.8685836,1,2
"2B2X_HL_A|VH50T,QL28S,YL52N,LH60D",0.90141344,0.7307743,1,2
"2B2X_HL_A|VH50T,YL52N",0.18636756,0.31892112,1,2
2B2X_HL_A|YL52E,-0.22410508,0.3531551,1,2
2VIR_AB_C|SC115L,3.680209,-0.3135018,1,2
2VIR_AB_C|TC89I,4.0,2.665264,1,2
"3G6D_LH_A|EL3V,GL76R,TL77V,QL78E,EL80G",0.13981691,1.6460844,1,2
"3G6D_LH_A|EL3V,GL76R,TL77V,QL78E,EL80G,DH54N",0.111178115,2.7084284,1,2
"3G6D_LH_A|EL3V,GL76R,TL77V,QL78E,EL80G,TL89S,ML92I,VL93D,TL94K",0.27145106,0.009499356,1,2
3G6D_LH_A|HH104A,-0.9530879,0.2063653,1,2
"3G6D_LH_A|KH210T,KH215T",-0.13294782,-1.1058825,1,2
"3G6D_LH_A|TL89S,ML92I,VL93D,TL94K",0.7979767,-1.2549895,1,2
3G6D_LH_A|WH105A,-1.4965084,1.6890424,1,2
"3IDX_HL_G|CG27I,CG242Q",-2.4650376,0.3224615,1,2
"3IDX_HL_G|CG27I,CG242Q,MG247A",-2.1736174,0.36022428,1,2
"3IDX_HL_G|KG85C,EG121C,CG27I,CG242Q",-2.3776865,0.031184945,1,2
"3IDX_HL_G|KG85C,EG121C,WG13M,MG247A,CG14W,CG129V,CG27I,CG242Q",-2.1922898,0.90967906,1,2
"3IDX_HL_G|KG85C,EG122C,WG13M,MG247A,CG14W,CG129V,CG27I,CG242Q",-2.2927184,1.1046958,1,2
"3IDX_HL_G|TG41C,GG245C,MG247A",0.40945426,-0.15239196,1,2
"3IDX_HL_G|TG41C,GG245C,WG13M,MG247A,CG14W,CG129V,CG27I,CG242Q",-2.3310676,0.6557829,1,2
"3IDX_HL_G|WG13M,MG247A,CG14W,CG129V",-0.6475391,0.7542384,1,2
"3IDX_HL_G|WG13M,MG247A,CG14W,CG129V,CG27I,CG242Q",-2.3479884,1.0167719,1,2
"3IDX_HL_G|WG13M,MG247A,CG14W,CG129V,KG85C,EG121C",-0.36166522,0.5944454,1,2
"3IDX_HL_G|WG13M,SG111T,WG200S,MG247A,CG14W,CG129V,CG27I,CG242Q",-1.8639641,0.19461587,1,2
"3L5X_A_HL|EL93F,YL94G",-0.42800838,0.87948525,1,2
"3L5X_A_HL|EL93H,YL94G",-0.7626503,1.0890765,1,2
"3L5X_A_HL|HL91P,NL92I,EL93D,YL94A",-0.6466697,0.336484,1,2
"3L5X_A_HL|HL91P,NL92L,EL93D,YL94S",-0.6327897,0.6611778,1,2
"3L5X_A_HL|HL91P,NL92L,EL93D,YL94T",-0.81005055,0.6172833,1,2
"3L5X_A_HL|HL91P,NL92L,EL93D,YL94V",-0.85822237,0.54466796,1,2
"3L5X_A_HL|HL91P,NL92L,YL94A",-0.44441348,0.69528073,1,2
"3L5X_A_HL|HL91Q,NL92D,EL93I,YL94G",-1.5503801,0.60380644,1,2
"3L5X_A_HL|HL91Q,NL92D,EL93L,YL94G",-1.785132,0.39903238,1,2
"3L5X_A_HL|HL91Q,NL92D,EL93Y,YL94G",-1.451453,-0.61966074,1,2
"3L5X_A_HL|NL92D,EL93L,YL94G",-0.42962858,-0.2741179,1,2
"3L5X_A_HL|NL92D,EL93N,YL94S",-0.53403836,0.38578606,1,2
"3L5X_A_HL|NL92D,EL93P,YL94G",-1.4699602,0.28229964,1,2
"3L5X_A_HL|NL92D,EL93R,YL94D",-0.52253926,-1.3742911,1,2
"3L5X_A_HL|NL92D,EL93W,YL94E",-1.1963489,-1.9152324,1,2
"3L5X_A_HL|NL92D,EL93W,YL94G",-1.6825228,-1.5692966,1,2
"3L5X_A_HL|NL92D,EL93W,YL94S",-0.71612674,-1.5511599,1,2
"3L5X_A_HL|NL92D,EL93Y,YL94A",-0.8069743,-0.9675232,1,2
"3L5X_A_HL|NL92E,EL93S,YL94G",-1.2653587,0.3918176,1,2
"3L5X_A_HL|NL92E,EL93W,YL94G",-1.5503801,-1.4248846,1,2
"3L5X_A_HL|NL92F,EL93W,YL94G",-1.2329907,-1.3593645,1,2
"3L5X_A_HL|NL92L,EL93D,YL94S",-0.6170473,0.43917298,1,2
"3L5X_A_HL|NL92L,EL93L,YL94G",-0.6259698,0.057596266,1,2
"3L5X_A_HL|NL92L,EL93M,YL94G",-0.82567644,0.44972733,1,2
"3L5X_A_HL|NL92L,EL93N,YL94G",-0.6954369,0.541679,1,2
"3L5X_A_HL|NL92S,EL93H,YL94G",-1.2457265,-0.30089194,1,2
"3L5X_A_HL|NL92S,EL93I,YL94G",-0.8069743,-0.11174802,1,2
"3L5X_A_HL|NL92S,EL93S,YL94G",-0.24921271,-0.2201354,1,2
"3L5X_A_HL|NL92S,EL93V,YL94G",-0.51687235,-0.089821786,1,2
"3L5X_A_HL|NL92S,EL93W,YL94A",-0.30302802,-1.4052012,1,2
"3L5X_A_HL|NL92S,EL93W,YL94G",-1.2720501,-1.5103087,1,2
"3L5X_A_HL|NL92S,EL93Y,YL94G",-0.9641868,-1.2968256,1,2
"3L5X_A_HL|NL92V,EL93G,YL94G",-0.46300006,0.06867118,1,2
"3L5X_A_HL|NL92V,EL93W,YL94G",-0.83525383,-1.1359129,1,2
3L5X_A_HL|YL94A,-0.82885176,1.3950896,1,2
3N85_A_LH|SH32A,-0.13401966,0.7949792,1,2
3N85_A_LH|SH32Y,0.0571225,-1.0641919,1,2
3N85_A_LH|SH50G,0.48767117,-0.66876453,1,2
3N85_A_LH|SH52Y,-0.78460336,-0.8400578,1,2
3N85_A_LH|WH100F,-0.015185109,0.8854742,1,2
3N85_A_LH|WH30K,-0.78460336,0.89910406,1,2
3N85_A_LH|WH30R,-0.5539675,0.09332292,1,2
3N85_A_LH|WL91F,0.13959166,1.1417098,1,2
3N85_A_LH|WL94Y,-0.03871881,-0.31853554,1,2
3SE8_HL_G|DH110A,-0.38934898,0.3850231,1,2
3SE8_HL_G|DH114A,-0.2441398,0.8926219,1,2
3SE8_HL_G|DL49A,0.8558488,1.4092708,1,2
3SE8_HL_G|EL1A,-0.5565174,0.45053643,1,2
3SE8_HL_G|EL91A,1.513491,0.82143915,1,2
3SE8_HL_G|FH115A,1.0676043,1.2840874,1,2
3SE8_HL_G|FL90A,-0.8640972,0.8743742,1,2
3SE8_HL_G|FL92A,0.8323254,0.8676842,1,2
3SE8_HL_G|GH56A,0.3570972,0.5758276,1,2
3SE8_HL_G|KH52A,1.1114144,-0.011655809,1,2
3SE8_HL_G|LH54A,0.054776184,0.16062945,1,2
3SE8_HL_G|NL30A,0.19434923,1.9964234,1,2
3SE8_HL_G|PH78A,0.01881787,-0.16072221,1,2
3SE8_HL_G|PH81A,-0.07091986,0.15013385,1,2
3SE8_HL_G|QH63A,1.1144251,-0.22729297,1,2
3SE8_HL_G|QH65A,0.54980505,-0.105065264,1,2
3SE8_HL_G|QH76A,0.09689985,-0.48781675,1,2
3SE8_HL_G|QL27A,-0.21612903,-0.21180747,1,2
3SE8_HL_G|RH30A,-0.03949762,0.21346386,1,2
3SE8_HL_G|RH62A,1.2061691,0.71681446,1,2
3SE8_HL_G|RH72A,2.6444623,2.1760583,1,2
3SE8_HL_G|SH59A,1.1508402,-0.08121878,1,2
3SE8_HL_G|VH58A,1.2496852,0.89136684,1,2
3SE8_HL_G|WH47A,1.4751467,1.2585094,1,2
3SE8_HL_G|WH50A,1.333526,1.9723412,1,2
3SE8_HL_G|WH55A,0.7611056,0.5220485,1,2
3SE8_HL_G|YH111A,0.82992166,0.6527146,1,2
3SE8_HL_G|YH60A,0.8558488,1.4417243,1,2
4KRL_A_B|DB112A,0.6496817,1.6940892,1,2
5C6T_HL_A|EA194A,1.0906719,0.82544285,1,2
5C6T_HL_A|FA192A,1.9972014,1.320348,1,2
5C6T_HL_A|FA199A,2.7581792,0.9178055,1,2
5C6T_HL_A|FA200A,0.41047263,0.7796048,1,2
5C6T_HL_A|FH99A,1.4600298,0.41029766,1,2
5C6T_HL_A|IA201A,0.88561165,0.19548216,1,2
5C6T_HL_A|NA183A,0.28399685,0.95970464,1,2
5C6T_HL_A|NA186A,0.3630724,-0.64057916,1,2
5C6T_HL_A|NA188A,-0.36658686,0.7298955,1,2
"5C6T_HL_A|NA195A,DA197A",0.58650106,1.6101239,1,2
5C6T_HL_A|NH97A,1.5258962,-0.21297318,1,2
5C6T_HL_A|RH31S,0.3115454,0.76287645,1,2
5C6T_HL_A|RL48A,0.1229613,0.35821688,1,2
5C6T_HL_A|SH32A,-0.8683455,0.21569496,1,2
5C6T_HL_A|TA185A,0.33786914,1.0837201,1,2
5C6T_HL_A|YA182A,3.2083547,1.3195769,1,2
"5C6T_HL_A|YA182A,NA195A,DA197A",2.942425,2.7439678,1,2
5C6T_HL_A|YH104A,0.3630724,0.853663,1,2
5C6T_HL_A|YH98A,1.7166799,0.7754699,1,2
5C6T_HL_A|YL47A,0.5516565,1.974516,1,2
1DVF_AB_CD|DB100A,2.7895143,0.43516448,2,0
"1DVF_AB_CD|DB100A,DD52A",4.0,2.1105895,2,0
"1DVF_AB_CD|DB100A,HD33A",4.0,0.88307405,2,0
"1DVF_AB_CD|DB100A,ND55A",4.0,0.37896037,2,0
1DVF_AB_CD|DB54A,4.0,0.4764051,2,0
"1DVF_AB_CD|DB54A,YC49A",4.0,1.5589954,2,0
1DVF_AB_CD|DB58A,1.6000048,0.97897893,2,0
"1DVF_AB_CD|DB58A,QD104A",1.4641725,1.3425989,2,0
1DVF_AB_CD|DD52A,1.6822901,1.5968335,2,0
1DVF_AB_CD|EB98A,4.0,0.71143854,2,0
"1DVF_AB_CD|EB98A,YD102A",4.0,2.1733024,2,0
1DVF_AB_CD|HA30A,1.6493824,0.72350097,2,0
1DVF_AB_CD|HD33A,1.8606005,0.4828282,2,0
1DVF_AB_CD|ID101A,2.6815457,0.033730846,2,0
1DVF_AB_CD|KD30A,1.0035173,0.25244898,2,0
1DVF_AB_CD|NB56A,1.1624389,0.5214552,2,0
"1DVF_AB_CD|NB56A,HD33A",2.5259995,1.0520763,2,0
"1DVF_AB_CD|NB56A,ND55A",2.3010929,0.3665158,2,0
"1DVF_AB_CD|NB56A,QD104A",1.4868644,0.95167404,2,0
1DVF_AB_CD|ND55A,1.8606005,-0.03222472,2,0
1DVF_AB_CD|QD104A,1.6287225,0.64664805,2,0
1DVF_AB_CD|RB99A,1.8746451,0.4240702,2,0
1DVF_AB_CD|RD106A,4.0,0.18303032,2,0
1DVF_AB_CD|SA93A,1.1624389,0.35080206,2,0
1DVF_AB_CD|TB30A,0.9075126,0.11626691,2,0
1DVF_AB_CD|WA92A,0.34072307,0.6185667,2,0
1DVF_AB_CD|WB52A,4.0,1.4225098,2,0
"1DVF_AB_CD|WB52A,QD104A",4.0,1.7375431,2,0
1DVF_AB_CD|YA32A,2.0303695,2.027205,2,0
"1DVF_AB_CD|YA32A,RD106A",4.0,2.0732844,2,0
1DVF_AB_CD|YA49A,1.6785902,1.8968551,2,0
"1DVF_AB_CD|YA49A,HD33A",2.625045,2.543818,2,0
"1DVF_AB_CD|YA49A,ND55A",2.0303695,1.6738944,2,0
1DVF_AB_CD|YA50A,0.6877736,2.3135717,2,0
1DVF_AB_CD|YB101F,2.0123136,0.98569715,2,0
1DVF_AB_CD|YB32A,1.8314707,1.5024701,2,0
1DVF_AB_CD|YC49A,1.8606005,1.1464218,2,0
1DVF_AB_CD|YD102A,4.0,1.4388175,2,0
1MHP_HL_A|FH99W,0.0,-0.18458012,2,0
1MHP_HL_A|FH99Y,0.75466895,-0.78194094,2,0
1MHP_HL_A|GH100F,0.38901797,-0.20831892,2,0
1MHP_HL_A|GH100L,2.727121,0.01791843,2,0
1MHP_HL_A|GH100M,0.10213403,-0.18354557,2,0
1MHP_HL_A|GH100S,0.5577475,0.07062256,2,0
1MHP_HL_A|GH53A,0.5126066,0.6926147,2,0
1MHP_HL_A|GH53N,1.2553134,0.42770538,2,0
1MHP_HL_A|GH53S,0.6755934,0.32342243,2,0
1MHP_HL_A|GH54I,1.3635606,0.02374399,2,0
1MHP_HL_A|GH54T,1.1641668,0.2967245,2,0
1MHP_HL_A|GH54Y,0.0,-1.1509911,2,0
1MHP_HL_A|GL91Q,1.572685,-0.0512338,2,0
1MHP_HL_A|GL91S,0.5126066,0.12758003,2,0
1MHP_HL_A|HL30K,1.1641668,0.43819237,2,0
1MHP_HL_A|HL30R,1.1237977,-0.2244909,2,0
1MHP_HL_A|HL30W,1.2553134,-0.2866049,2,0
1MHP_HL_A|KH64D,-0.17144196,-1.2338706,2,0
1MHP_HL_A|KH64E,-0.07761467,-0.87571305,2,0
"1MHP_HL_A|KH64E,SL27Q",-0.85684633,-1.1008905,2,0
"1MHP_HL_A|KH64E,SL27Q,NL51Y",-1.0191593,-1.8916205,2,0
1MHP_HL_A|KH64N,-0.03627145,-0.8517646,2,0
1MHP_HL_A|KH64Q,-0.07761467,-0.59852254,2,0
1MHP_HL_A|LH60D,-0.061319917,-0.29681805,2,0
"1MHP_HL_A|LH60D,KH64E",-0.1418005,-1.0764394,2,0
"1MHP_HL_A|LH60D,KH64Q",0.042989343,-0.82980204,2,0
1MHP_HL_A|LL48F,0.71227974,-0.4112252,2,0
1MHP_HL_A|LL48K,0.8612009,-0.10025255,2,0
1MHP_HL_A|LL48W,1.9075676,-0.78795636,2,0
1MHP_HL_A|NL29V,1.0493295,0.16583224,2,0
1MHP_HL_A|NL29W,1.572685,-0.12384556,2,0
1MHP_HL_A|NL29Y,1.9075676,-0.35986072,2,0
"1MHP_HL_A|NL29Y,SL90I",0.43436813,-0.37152037,2,0
1MHP_HL_A|NL51D,0.5007625,-0.23469314,2,0
1MHP_HL_A|NL51E,-0.08868487,0.12561274,2,0
1MHP_HL_A|NL51K,0.65751,0.7379245,2,0
1MHP_HL_A|NL51R,0.84484076,-0.06377569,2,0
1MHP_HL_A|NL51Y,-0.05162489,-0.8120631,2,0
1MHP_HL_A|RH31Q,1.3073281,0.06594626,2,0
1MHP_HL_A|SH35A,1.572685,0.7478159,2,0
"1MHP_HL_A|SH35A,GH102S",1.572685,0.9900323,2,0
1MHP_HL_A|SH35Q,2.727121,0.20907833,2,0
"1MHP_HL_A|SH35V,GH102S",1.4256749,0.7337034,2,0
1MHP_HL_A|SH52M,2.0758402,-0.14631665,2,0
1MHP_HL_A|SL23R,-0.21533228,-0.15838309,2,0
1MHP_HL_A|SL27Q,-0.6661127,-0.3211307,2,0
1MHP_HL_A|SL90Q,1.7740332,-0.104568355,2,0
1MHP_HL_A|SL90T,2.3166485,0.16266648,2,0
"1MHP_HL_A|TH33E,GH53Q",1.6674565,0.41918963,2,0
"1MHP_HL_A|TH33I,SH52T,GH53N,GH54N",1.9075676,1.0460562,2,0
"1MHP_HL_A|TH33I,SH52T,GH53Q,GH54F",1.2553134,0.23554201,2,0
1MHP_HL_A|TH33N,2.727121,-0.13561757,2,0
1MHP_HL_A|TH33V,0.43436813,0.3655148,2,0
1MHP_HL_A|TH50V,-0.13159887,-0.18982153,2,0
"1MHP_HL_A|TH50V,GH102S",1.6674565,0.19536214,2,0
"1MHP_HL_A|TH50V,KH64E",-0.1805197,-0.9207496,2,0
"1MHP_HL_A|TH50V,KH64E,SL27Q,NL51E",-1.267319,-1.1636888,2,0
"1MHP_HL_A|TH50V,KH64E,SL27Q,NL51Y",-1.0844951,-2.0166838,2,0
"1MHP_HL_A|TH50V,SH35A",2.0758402,0.60178244,2,0
"1MHP_HL_A|TH50V,SH35V",2.727121,0.31600693,2,0
"1MHP_HL_A|TH50V,SL27Q",-0.6946839,-0.53743243,2,0
"1MHP_HL_A|TH50V,SL27Q,NL51Y",-1.0235296,-1.2863972,2,0
1MHP_HL_A|WL89Q,2.0758402,0.47536188,2,0
"1MHP_HL_A|WL89Q,FL32Y",0.871019,-0.24502985,2,0
1MHP_HL_A|YH58E,2.0758402,1.1457405,2,0
1MHP_HL_A|YH58Q,2.0758402,1.0417099,2,0
1MHP_HL_A|YH58W,0.82094526,0.30980137,2,0
1MHP_HL_A|YH59E,0.54400706,0.4102621,2,0
1N8Z_AB_C|DB102W,-0.71302944,-0.6954579,2,0
1N8Z_AB_C|FC539A,0.035102826,1.5267644,2,0
1N8Z_AB_C|HA91F,0.034232877,-0.22877635,2,0
1N8Z_AB_C|LC509A,-0.023045197,0.9371477,2,0
1N8Z_AB_C|NA30S,0.06666317,0.29797202,2,0
"1N8Z_AB_C|NA30S,HA91F,YA92W",-0.07476232,0.58488035,2,0
"1N8Z_AB_C|NA30S,HA91F,YA92W,TA94S,DB102W,YB105F,YB109V",0.050661404,0.45086125,2,0
1N8Z_AB_C|RB50A,2.9754758,1.1588238,2,0
1N8Z_AB_C|RB59A,1.8037988,1.1610961,2,0
1N8Z_AB_C|SC535A,0.030827092,0.9203307,2,0
1N8Z_AB_C|TA94S,0.32168603,-0.4746788,2,0
1N8Z_AB_C|VC536A,0.008972699,0.33439374,2,0
1N8Z_AB_C|YB105F,0.8540034,0.59641224,2,0
1N8Z_AB_C|YB109V,0.23192272,0.7339848,2,0
1XGQ_AB_C|VB33A,1.1525793,0.9344222,2,0
1XGQ_AB_C|VB33F,-2.9080825,-2.0203178,2,0
1XGQ_AB_C|VB33I,-1.1076277,-0.5790046,2,0
1XGQ_AB_C|VB33L,-1.0463123,-0.8662156,2,0
1YQV_HL_Y|RY45K,1.8995041,0.063672915,2,0
"1YQV_HL_Y|RY68K,TY40S,IY55V,SY91T",4.0,0.9841581,2,0
"1YQV_HL_Y|RY68K,TY40S,IY55V,SY91T,QY121H",0.0,0.79752797,2,0
1YY9_CD_A|AC25P,0.07225565,-0.3834009,2,0
1YY9_CD_A|AD98P,1.0372273,-0.7776568,2,0
1YY9_CD_A|GD54P,0.26807046,0.11319955,2,0
1YY9_CD_A|LD29P,0.030827092,-0.032697625,2,0
1YY9_CD_A|NC93A,-0.74186975,0.17813793,2,0
1YY9_CD_A|ND56A,-0.057046015,0.5432891,2,0
1YY9_CD_A|SC26D,-0.19925442,-0.32004863,2,0
"1YY9_CD_A|SC26D,TC31E,NC93A",-1.3329437,-0.034456328,2,0
"1YY9_CD_A|SC26D,TC31E,NC93A,ND56A,TD61E",-0.6517935,0.08569199,2,0
1YY9_CD_A|SC26P,-0.009110746,-0.06314948,2,0
1YY9_CD_A|SC28P,-0.22229962,0.35768554,2,0
1YY9_CD_A|SC54P,-0.018363854,0.538469,2,0
1YY9_CD_A|SD53P,0.8175451,0.21250516,2,0
1YY9_CD_A|TC31E,-0.51892465,0.35349438,2,0
"1YY9_CD_A|TC31E,NC93A",-0.81853306,0.49738064,2,0
1YY9_CD_A|TC96P,4.0,0.11974048,2,0
1YY9_CD_A|TD61E,-0.057046015,-0.27183065,2,0
1YY9_CD_A|WD52P,1.4782712,0.8894084,2,0
1YY9_CD_A|YD101P,1.6514195,0.9613227,2,0
3NPS_A_BC|DA214A,1.466743,0.663599,2,0
3NPS_A_BC|DA46A,0.3399866,1.0942734,2,0
3NPS_A_BC|DA47A,1.0674704,1.1486374,2,0
3NPS_A_BC|DA91A,1.5070341,0.97072256,2,0
3NPS_A_BC|EA163A,0.61534816,0.56319547,2,0
3NPS_A_BC|FA50A,0.21957076,0.9539174,2,0
3NPS_A_BC|FA89A,1.5714045,1.5501596,2,0
3NPS_A_BC|FA92A,0.46353978,0.60014474,2,0
3NPS_A_BC|HA138A,1.8750918,0.42642188,2,0
3NPS_A_BC|IA26A,0.6415425,-0.0729015,2,0
3NPS_A_BC|IA45A,-0.33181784,0.2061826,2,0
3NPS_A_BC|KA221A,-0.10361039,0.78228056,2,0
3NPS_A_BC|LA147A,0.29573628,0.53056324,2,0
3NPS_A_BC|NA90A,0.25341922,0.7281484,2,0
3NPS_A_BC|QA140A,0.29573628,0.4801351,2,0
3NPS_A_BC|QA168A,-0.059223834,0.506399,2,0
3NPS_A_BC|QA169A,0.7409076,1.546601,2,0
3NPS_A_BC|QA218A,-0.040916756,0.7407847,2,0
3NPS_A_BC|QA23A,0.026323749,0.6931629,2,0
3NPS_A_BC|RA219A,-0.08390186,-0.018928505,2,0
3NPS_A_BC|RA48A,-1.062741,0.13054587,2,0
3NPS_A_BC|RA51A,0.13816836,0.533169,2,0
3NPS_A_BC|RA82A,-0.15159543,0.60658175,2,0
3NPS_A_BC|TA144A,0.17497002,0.50657374,2,0
3NPS_A_BC|TA93A,0.72381234,0.99994916,2,0
3NPS_A_BC|YA141A,1.7748737,0.93642825,2,0
3NPS_A_BC|YA52A,0.4518898,0.34330744,2,0
3W2D_A_HL|KA67N,4.0,0.30917338,2,0
3W2D_A_HL|KA67R,-0.42812017,0.119617105,2,0
3W2D_A_HL|YA45F,0.8779443,-0.5478709,2,0
3W2D_A_HL|YA45L,2.3647563,0.34524944,2,0
"4KRO_A_B|DA321T,FA323A",0.1269707,2.493437,2,0
"4KRP_A_B|DA277T,FA279A",0.35829666,2.4592316,2,0
4NM8_ABCDEF_HL|DB19N,0.66149956,0.4769121,2,0
4NM8_ABCDEF_HL|IB18M,0.10977998,0.1020665,2,0
4NM8_ABCDEF_HL|LB38Y,-0.6151596,0.19838819,2,0
4NM8_ABCDEF_HL|QB34R,2.9754758,0.63863367,2,0
4NM8_ABCDEF_HL|QB34T,2.3309386,0.33814093,2,0
4NM8_ABCDEF_HL|RB25M,3.442353,-0.21694784,2,0
4NM8_ABCDEF_HL|TB32E,-0.5517196,-0.49778068,2,0
4NM8_ABCDEF_HL|TB32I,-0.050205972,0.6608461,2,0
4NM8_ABCDEF_HL|TB32R,1.2211944,0.20404625,2,0
1DVF_AB_CD|DB100A,2.7895143,1.4781532,2,1
"1DVF_AB_CD|DB100A,DD52A",4.0,2.0162938,2,1
"1DVF_AB_CD|DB100A,HD33A",4.0,2.5649238,2,1
"1DVF_AB_CD|DB100A,ND55A",4.0,1.5591291,2,1
1DVF_AB_CD|DB54A,4.0,0.4288977,2,1
"1DVF_AB_CD|DB54A,YC49A",4.0,2.0959718,2,1
1DVF_AB_CD|DB58A,1.6000048,0.615311,2,1
"1DVF_AB_CD|DB58A,QD104A",1.4641725,1.1749113,2,1
1DVF_AB_CD|DD52A,1.6822901,0.5267539,2,1
1DVF_AB_CD|EB98A,4.0,1.3660296,2,1
"1DVF_AB_CD|EB98A,YD102A",4.0,2.8099298,2,1
1DVF_AB_CD|HA30A,1.6493824,0.18708253,2,1
1DVF_AB_CD|HD33A,1.8606005,0.9206549,2,1
1DVF_AB_CD|ID101A,2.6815457,-0.20479324,2,1
1DVF_AB_CD|KD30A,1.0035173,-0.18682209,2,1
1DVF_AB_CD|NB56A,1.1624389,0.14702429,2,1
"1DVF_AB_CD|NB56A,HD33A",2.5259995,0.9883516,2,1
"1DVF_AB_CD|NB56A,ND55A",2.3010929,0.17908041,2,1
"1DVF_AB_CD|NB56A,QD104A",1.4868644,0.6482136,2,1
1DVF_AB_CD|ND55A,1.8606005,0.060330205,2,1
1DVF_AB_CD|QD104A,1.6287225,0.613559,2,1
1DVF_AB_CD|RB99A,1.8746451,0.6614672,2,1
1DVF_AB_CD|RD106A,4.0,0.2303124,2,1
1DVF_AB_CD|SA93A,1.1624389,0.1774208,2,1
1DVF_AB_CD|TB30A,0.9075126,0.01535356,2,1
1DVF_AB_CD|WA92A,0.34072307,1.9995718,2,1
1DVF_AB_CD|WB52A,4.0,1.2756342,2,1
"1DVF_AB_CD|WB52A,QD104A",4.0,1.9060196,2,1
1DVF_AB_CD|YA32A,2.0303695,1.3490828,2,1
"1DVF_AB_CD|YA32A,RD106A",4.0,1.8657622,2,1
1DVF_AB_CD|YA49A,1.6785902,1.0449145,2,1
"1DVF_AB_CD|YA49A,HD33A",2.625045,2.2247474,2,1
"1DVF_AB_CD|YA49A,ND55A",2.0303695,1.1310005,2,1
1DVF_AB_CD|YA50A,0.6877736,1.0644299,2,1
1DVF_AB_CD|YB101F,2.0123136,1.1588672,2,1
1DVF_AB_CD|YB32A,1.8314707,1.1661191,2,1
1DVF_AB_CD|YC49A,1.8606005,1.4776373,2,1
1DVF_AB_CD|YD102A,4.0,1.2338692,2,1
1MHP_HL_A|FH99W,0.0,-0.41231897,2,1
1MHP_HL_A|FH99Y,0.75466895,-0.47621682,2,1
1MHP_HL_A|GH100F,0.38901797,-0.4042346,2,1
1MHP_HL_A|GH100L,2.727121,0.36186457,2,1
1MHP_HL_A|GH100M,0.10213403,-0.31323764,2,1
1MHP_HL_A|GH100S,0.5577475,-0.13472116,2,1
1MHP_HL_A|GH53A,0.5126066,0.118004486,2,1
1MHP_HL_A|GH53N,1.2553134,-0.013766421,2,1
1MHP_HL_A|GH53S,0.6755934,-0.17596565,2,1
1MHP_HL_A|GH54I,1.3635606,0.003295578,2,1
1MHP_HL_A|GH54T,1.1641668,0.31420457,2,1
1MHP_HL_A|GH54Y,0.0,-0.6206875,2,1
1MHP_HL_A|GL91Q,1.572685,0.29027867,2,1
1MHP_HL_A|GL91S,0.5126066,0.29577014,2,1
1MHP_HL_A|HL30K,1.1641668,0.66230714,2,1
1MHP_HL_A|HL30R,1.1237977,-0.33646664,2,1
1MHP_HL_A|HL30W,1.2553134,-0.19695182,2,1
1MHP_HL_A|KH64D,-0.17144196,-0.7011268,2,1
1MHP_HL_A|KH64E,-0.07761467,-0.784441,2,1
"1MHP_HL_A|KH64E,SL27Q",-0.85684633,-1.0719647,2,1
"1MHP_HL_A|KH64E,SL27Q,NL51Y",-1.0191593,-1.9435147,2,1
1MHP_HL_A|KH64N,-0.03627145,-0.18006113,2,1
1MHP_HL_A|KH64Q,-0.07761467,-0.16214672,2,1
1MHP_HL_A|LH60D,-0.061319917,-0.24771877,2,1
"1MHP_HL_A|LH60D,KH64E",-0.1418005,-1.0943445,2,1
"1MHP_HL_A|LH60D,KH64Q",0.042989343,-0.46882215,2,1
1MHP_HL_A|LL48F,0.71227974,-0.28294528,2,1
1MHP_HL_A|LL48K,0.8612009,0.36293897,2,1
1MHP_HL_A|LL48W,1.9075676,-0.22704168,2,1
1MHP_HL_A|NL29V,1.0493295,0.06554437,2,1
1MHP_HL_A|NL29W,1.572685,-0.28016347,2,1
1MHP_HL_A|NL29Y,1.9075676,-0.5171984,2,1
"1MHP_HL_A|NL29Y,SL90I",0.43436813,-0.24270687,2,1
1MHP_HL_A|NL51D,0.5007625,-0.52864647,2,1
1MHP_HL_A|NL51E,-0.08868487,-0.46739435,2,1
1MHP_HL_A|NL51K,0.65751,0.20371722,2,1
1MHP_HL_A|NL51R,0.84484076,-0.1341753,2,1
1MHP_HL_A|NL51Y,-0.05162489,-0.72776103,2,1
1MHP_HL_A|RH31Q,1.3073281,-0.10964796,2,1
1MHP_HL_A|SH35A,1.572685,0.915094,2,1
"1MHP_HL_A|SH35A,GH102S",1.572685,1.0795671,2,1
1MHP_HL_A|SH35Q,2.727121,0.33644584,2,1
"1MHP_HL_A|SH35V,GH102S",1.4256749,0.8164034,2,1
1MHP_HL_A|SH52M,2.0758402,0.06133347,2,1
1MHP_HL_A|SL23R,-0.21533228,-0.17158501,2,1
1MHP_HL_A|SL27Q,-0.6661127,-0.11384699,2,1
1MHP_HL_A|SL90Q,1.7740332,0.5608603,2,1
1MHP_HL_A|SL90T,2.3166485,0.7278155,2,1
"1MHP_HL_A|TH33E,GH53Q",1.6674565,0.1722127,2,1
"1MHP_HL_A|TH33I,SH52T,GH53N,GH54N",1.9075676,0.96653557,2,1
"1MHP_HL_A|TH33I,SH52T,GH53Q,GH54F",1.2553134,0.52250135,2,1
1MHP_HL_A|TH33N,2.727121,0.17870057,2,1
1MHP_HL_A|TH33V,0.43436813,0.28473413,2,1
1MHP_HL_A|TH50V,-0.13159887,-0.10527089,2,1
"1MHP_HL_A|TH50V,GH102S",1.6674565,0.19017425,2,1
"1MHP_HL_A|TH50V,KH64E",-0.1805197,-1.0635464,2,1
"1MHP_HL_A|TH50V,KH64E,SL27Q,NL51E",-1.267319,-1.8540834,2,1
"1MHP_HL_A|TH50V,KH64E,SL27Q,NL51Y",-1.0844951,-2.2290514,2,1
"1MHP_HL_A|TH50V,SH35A",2.0758402,0.8068745,2,1
"1MHP_HL_A|TH50V,SH35V",2.727121,0.5619209,2,1
"1MHP_HL_A|TH50V,SL27Q",-0.6946839,-0.27033788,2,1
"1MHP_HL_A|TH50V,SL27Q,NL51Y",-1.0235296,-1.2730471,2,1
1MHP_HL_A|WL89Q,2.0758402,1.1155603,2,1
"1MHP_HL_A|WL89Q,FL32Y",0.871019,0.56777894,2,1
1MHP_HL_A|YH58E,2.0758402,0.42602265,2,1
1MHP_HL_A|YH58Q,2.0758402,0.7168249,2,1
1MHP_HL_A|YH58W,0.82094526,0.07868227,2,1
1MHP_HL_A|YH59E,0.54400706,0.30075768,2,1
1N8Z_AB_C|DB102W,-0.71302944,-0.59490335,2,1
1N8Z_AB_C|FC539A,0.035102826,1.2022973,2,1
1N8Z_AB_C|HA91F,0.034232877,-0.23864965,2,1
1N8Z_AB_C|LC509A,-0.023045197,0.97803676,2,1
1N8Z_AB_C|NA30S,0.06666317,-0.0101056285,2,1
"1N8Z_AB_C|NA30S,HA91F,YA92W",-0.07476232,-0.21749823,2,1
"1N8Z_AB_C|NA30S,HA91F,YA92W,TA94S,DB102W,YB105F,YB109V",0.050661404,0.40298212,2,1
1N8Z_AB_C|RB50A,2.9754758,1.1197201,2,1
1N8Z_AB_C|RB59A,1.8037988,0.7469609,2,1
1N8Z_AB_C|SC535A,0.030827092,0.28729808,2,1
1N8Z_AB_C|TA94S,0.32168603,-0.18718891,2,1
1N8Z_AB_C|VC536A,0.008972699,0.61528254,2,1
1N8Z_AB_C|YB105F,0.8540034,0.6088295,2,1
1N8Z_AB_C|YB109V,0.23192272,0.68202496,2,1
1XGQ_AB_C|VB33A,1.1525793,1.3096311,2,1
1XGQ_AB_C|VB33F,-2.9080825,-2.652075,2,1
1XGQ_AB_C|VB33I,-1.1076277,-0.38377133,2,1
1XGQ_AB_C|VB33L,-1.0463123,-0.36329928,2,1
1YQV_HL_Y|RY45K,1.8995041,0.024213955,2,1
"1YQV_HL_Y|RY68K,TY40S,IY55V,SY91T",4.0,-0.0029248223,2,1
"1YQV_HL_Y|RY68K,TY40S,IY55V,SY91T,QY121H",0.0,-0.25514027,2,1
1YY9_CD_A|AC25P,0.07225565,-0.55685294,2,1
1YY9_CD_A|AD98P,1.0372273,-1.5527571,2,1
1YY9_CD_A|GD54P,0.26807046,-0.057668112,2,1
1YY9_CD_A|LD29P,0.030827092,0.34502986,2,1
1YY9_CD_A|NC93A,-0.74186975,0.27253297,2,1
1YY9_CD_A|ND56A,-0.057046015,0.0642574,2,1
1YY9_CD_A|SC26D,-0.19925442,-0.07299733,2,1
"1YY9_CD_A|SC26D,TC31E,NC93A",-1.3329437,0.24537581,2,1
"1YY9_CD_A|SC26D,TC31E,NC93A,ND56A,TD61E",-0.6517935,0.26879203,2,1
1YY9_CD_A|SC26P,-0.009110746,0.24930051,2,1
1YY9_CD_A|SC28P,-0.22229962,-0.020430123,2,1
1YY9_CD_A|SC54P,-0.018363854,0.039077103,2,1
1YY9_CD_A|SD53P,0.8175451,0.16571692,2,1
1YY9_CD_A|TC31E,-0.51892465,-0.13766578,2,1
"1YY9_CD_A|TC31E,NC93A",-0.81853306,0.3874274,2,1
1YY9_CD_A|TC96P,4.0,0.065762155,2,1
1YY9_CD_A|TD61E,-0.057046015,-0.27579874,2,1
1YY9_CD_A|WD52P,1.4782712,0.55498767,2,1
1YY9_CD_A|YD101P,1.6514195,0.7858094,2,1
3NPS_A_BC|DA214A,1.466743,0.48822895,2,1
3NPS_A_BC|DA46A,0.3399866,0.6651788,2,1
3NPS_A_BC|DA47A,1.0674704,0.6771114,2,1
3NPS_A_BC|DA91A,1.5070341,0.29640946,2,1
3NPS_A_BC|EA163A,0.61534816,0.93437445,2,1
3NPS_A_BC|FA50A,0.21957076,0.6039728,2,1
3NPS_A_BC|FA89A,1.5714045,0.98995316,2,1
3NPS_A_BC|FA92A,0.46353978,0.21509537,2,1
3NPS_A_BC|HA138A,1.8750918,0.3844013,2,1
3NPS_A_BC|IA26A,0.6415425,0.0712464,2,1
3NPS_A_BC|IA45A,-0.33181784,0.11499892,2,1
3NPS_A_BC|KA221A,-0.10361039,0.6789832,2,1
3NPS_A_BC|LA147A,0.29573628,0.4336022,2,1
3NPS_A_BC|NA90A,0.25341922,0.24781102,2,1
3NPS_A_BC|QA140A,0.29573628,0.43764752,2,1
3NPS_A_BC|QA168A,-0.059223834,0.70331836,2,1
3NPS_A_BC|QA169A,0.7409076,1.4214327,2,1
3NPS_A_BC|QA218A,-0.040916756,0.7249843,2,1
3NPS_A_BC|QA23A,0.026323749,0.6782012,2,1
3NPS_A_BC|RA219A,-0.08390186,0.2122145,2,1
3NPS_A_BC|RA48A,-1.062741,-0.29154623,2,1
3NPS_A_BC|RA51A,0.13816836,-0.14683375,2,1
3NPS_A_BC|RA82A,-0.15159543,0.2445474,2,1
3NPS_A_BC|TA144A,0.17497002,0.4476703,2,1
3NPS_A_BC|TA93A,0.72381234,1.0923109,2,1
3NPS_A_BC|YA141A,1.7748737,0.832469,2,1
3NPS_A_BC|YA52A,0.4518898,0.36358067,2,1
3W2D_A_HL|KA67N,4.0,-0.28952935,2,1
3W2D_A_HL|KA67R,-0.42812017,0.0020736046,2,1
3W2D_A_HL|YA45F,0.8779443,-0.97997916,2,1
3W2D_A_HL|YA45L,2.3647563,0.1866396,2,1
"4KRO_A_B|DA321T,FA323A",0.1269707,1.7791867,2,1
"4KRP_A_B|DA277T,FA279A",0.35829666,1.7641233,2,1
4NM8_ABCDEF_HL|DB19N,0.66149956,0.76286554,2,1
4NM8_ABCDEF_HL|IB18M,0.10977998,-0.15978372,2,1
4NM8_ABCDEF_HL|LB38Y,-0.6151596,0.2074289,2,1
4NM8_ABCDEF_HL|QB34R,2.9754758,1.5070904,2,1
4NM8_ABCDEF_HL|QB34T,2.3309386,0.7372687,2,1
4NM8_ABCDEF_HL|RB25M,3.442353,-0.15710312,2,1
4NM8_ABCDEF_HL|TB32E,-0.5517196,-0.16937494,2,1
4NM8_ABCDEF_HL|TB32I,-0.050205972,0.95905614,2,1
4NM8_ABCDEF_HL|TB32R,1.2211944,0.9853742,2,1
1DVF_AB_CD|DB100A,2.7895143,2.3821123,2,2
"1DVF_AB_CD|DB100A,DD52A",4.0,3.3913014,2,2
"1DVF_AB_CD|DB100A,HD33A",4.0,3.0254855,2,2
"1DVF_AB_CD|DB100A,ND55A",4.0,2.5031357,2,2
1DVF_AB_CD|DB54A,4.0,0.6940697,2,2
"1DVF_AB_CD|DB54A,YC49A",4.0,1.2706822,2,2
1DVF_AB_CD|DB58A,1.6000048,0.5241304,2,2
"1DVF_AB_CD|DB58A,QD104A",1.4641725,0.5951329,2,2
1DVF_AB_CD|DD52A,1.6822901,0.7522375,2,2
1DVF_AB_CD|EB98A,4.0,0.91088206,2,2
"1DVF_AB_CD|EB98A,YD102A",4.0,2.9346306,2,2
1DVF_AB_CD|HA30A,1.6493824,0.92746985,2,2
1DVF_AB_CD|HD33A,1.8606005,0.65299946,2,2
1DVF_AB_CD|ID101A,2.6815457,0.27808288,2,2
1DVF_AB_CD|KD30A,1.0035173,0.2207624,2,2
1DVF_AB_CD|NB56A,1.1624389,0.080375254,2,2
"1DVF_AB_CD|NB56A,HD33A",2.5259995,0.7228552,2,2
"1DVF_AB_CD|NB56A,ND55A",2.3010929,0.057572726,2,2
"1DVF_AB_CD|NB56A,QD104A",1.4868644,0.2005688,2,2
1DVF_AB_CD|ND55A,1.8606005,0.10389399,2,2
1DVF_AB_CD|QD104A,1.6287225,0.19734684,2,2
1DVF_AB_CD|RB99A,1.8746451,0.18816635,2,2
1DVF_AB_CD|RD106A,4.0,-0.31295902,2,2
1DVF_AB_CD|SA93A,1.1624389,0.37820262,2,2
1DVF_AB_CD|TB30A,0.9075126,-0.17426878,2,2
1DVF_AB_CD|WA92A,0.34072307,1.1343402,2,2
1DVF_AB_CD|WB52A,4.0,0.9258717,2,2
"1DVF_AB_CD|WB52A,QD104A",4.0,0.9229751,2,2
1DVF_AB_CD|YA32A,2.0303695,1.968593,2,2
"1DVF_AB_CD|YA32A,RD106A",4.0,1.0678228,2,2
1DVF_AB_CD|YA49A,1.6785902,0.35387117,2,2
"1DVF_AB_CD|YA49A,HD33A",2.625045,0.5002237,2,2
"1DVF_AB_CD|YA49A,ND55A",2.0303695,0.55120236,2,2
1DVF_AB_CD|YA50A,0.6877736,0.7589271,2,2
1DVF_AB_CD|YB101F,2.0123136,1.6384097,2,2
1DVF_AB_CD|YB32A,1.8314707,0.9666985,2,2
1DVF_AB_CD|YC49A,1.8606005,0.43520457,2,2
1DVF_AB_CD|YD102A,4.0,1.9584297,2,2
1MHP_HL_A|FH99W,0.0,-0.3938304,2,2
1MHP_HL_A|FH99Y,0.75466895,-0.6988712,2,2
1MHP_HL_A|GH100F,0.38901797,-0.36884907,2,2
1MHP_HL_A|GH100L,2.727121,1.1804289,2,2
1MHP_HL_A|GH100M,0.10213403,-0.4210609,2,2
1MHP_HL_A|GH100S,0.5577475,-0.46062165,2,2
1MHP_HL_A|GH53A,0.5126066,0.12662801,2,2
1MHP_HL_A|GH53N,1.2553134,-0.37161824,2,2
1MHP_HL_A|GH53S,0.6755934,-0.6333858,2,2
1MHP_HL_A|GH54I,1.3635606,-0.5143347,2,2
1MHP_HL_A|GH54T,1.1641668,-0.2589928,2,2
1MHP_HL_A|GH54Y,0.0,-2.05366,2,2
1MHP_HL_A|GL91Q,1.572685,0.753472,2,2
1MHP_HL_A|GL91S,0.5126066,-0.5376516,2,2
1MHP_HL_A|HL30K,1.1641668,0.79652524,2,2
1MHP_HL_A|HL30R,1.1237977,-0.2978335,2,2
1MHP_HL_A|HL30W,1.2553134,-0.20910496,2,2
1MHP_HL_A|KH64D,-0.17144196,-0.78976905,2,2
1MHP_HL_A|KH64E,-0.07761467,-0.49169332,2,2
"1MHP_HL_A|KH64E,SL27Q",-0.85684633,-1.6390473,2,2
"1MHP_HL_A|KH64E,SL27Q,NL51Y",-1.0191593,-2.1410975,2,2
1MHP_HL_A|KH64N,-0.03627145,-0.5419883,2,2
1MHP_HL_A|KH64Q,-0.07761467,-0.37143728,2,2
1MHP_HL_A|LH60D,-0.061319917,-0.7949989,2,2
"1MHP_HL_A|LH60D,KH64E",-0.1418005,-1.1313812,2,2
"1MHP_HL_A|LH60D,KH64Q",0.042989343,-1.1334828,2,2
1MHP_HL_A|LL48F,0.71227974,-0.484325,2,2
1MHP_HL_A|LL48K,0.8612009,0.5974991,2,2
1MHP_HL_A|LL48W,1.9075676,0.098707266,2,2
1MHP_HL_A|NL29V,1.0493295,-0.0008511245,2,2
1MHP_HL_A|NL29W,1.572685,-0.043170497,2,2
1MHP_HL_A|NL29Y,1.9075676,-0.15139323,2,2
"1MHP_HL_A|NL29Y,SL90I",0.43436813,-0.27274787,2,2
1MHP_HL_A|NL51D,0.5007625,-0.5659579,2,2
1MHP_HL_A|NL51E,-0.08868487,-0.74900913,2,2
1MHP_HL_A|NL51K,0.65751,-0.07324812,2,2
1MHP_HL_A|NL51R,0.84484076,-0.057188377,2,2
1MHP_HL_A|NL51Y,-0.05162489,-0.5947523,2,2
1MHP_HL_A|RH31Q,1.3073281,-0.025903493,2,2
1MHP_HL_A|SH35A,1.572685,1.0946115,2,2
"1MHP_HL_A|SH35A,GH102S",1.572685,1.0523382,2,2
1MHP_HL_A|SH35Q,2.727121,1.4383802,2,2
"1MHP_HL_A|SH35V,GH102S",1.4256749,1.2975572,2,2
1MHP_HL_A|SH52M,2.0758402,0.8774213,2,2
1MHP_HL_A|SL23R,-0.21533228,-0.28466502,2,2
1MHP_HL_A|SL27Q,-0.6661127,-1.3347825,2,2
1MHP_HL_A|SL90Q,1.7740332,1.2469114,2,2
1MHP_HL_A|SL90T,2.3166485,0.9549438,2,2
"1MHP_HL_A|TH33E,GH53Q",1.6674565,0.9603068,2,2
"1MHP_HL_A|TH33I,SH52T,GH53N,GH54N",1.9075676,0.8720016,2,2
"1MHP_HL_A|TH33I,SH52T,GH53Q,GH54F",1.2553134,-0.67919135,2,2
1MHP_HL_A|TH33N,2.727121,0.73254746,2,2
1MHP_HL_A|TH33V,0.43436813,1.0261536,2,2
1MHP_HL_A|TH50V,-0.13159887,0.034643322,2,2
"1MHP_HL_A|TH50V,GH102S",1.6674565,-0.14466971,2,2
"1MHP_HL_A|TH50V,KH64E",-0.1805197,-0.42298406,2,2
"1MHP_HL_A|TH50V,KH64E,SL27Q,NL51E",-1.267319,-2.0926876,2,2
"1MHP_HL_A|TH50V,KH64E,SL27Q,NL51Y",-1.0844951,-1.9726616,2,2
"1MHP_HL_A|TH50V,SH35A",2.0758402,1.2179073,2,2
"1MHP_HL_A|TH50V,SH35V",2.727121,1.6142467,2,2
"1MHP_HL_A|TH50V,SL27Q",-0.6946839,-0.90193033,2,2
"1MHP_HL_A|TH50V,SL27Q,NL51Y",-1.0235296,-1.458593,2,2
1MHP_HL_A|WL89Q,2.0758402,0.67342144,2,2
"1MHP_HL_A|WL89Q,FL32Y",0.871019,-0.6217956,2,2
1MHP_HL_A|YH58E,2.0758402,0.58815765,2,2
1MHP_HL_A|YH58Q,2.0758402,0.8843211,2,2
1MHP_HL_A|YH58W,0.82094526,0.21347928,2,2
1MHP_HL_A|YH59E,0.54400706,0.06780176,2,2
1N8Z_AB_C|DB102W,-0.71302944,-0.92578083,2,2
1N8Z_AB_C|FC539A,0.035102826,1.5081854,2,2
1N8Z_AB_C|HA91F,0.034232877,-0.3843701,2,2
1N8Z_AB_C|LC509A,-0.023045197,0.74034005,2,2
1N8Z_AB_C|NA30S,0.06666317,0.10819827,2,2
"1N8Z_AB_C|NA30S,HA91F,YA92W",-0.07476232,-0.06292804,2,2
"1N8Z_AB_C|NA30S,HA91F,YA92W,TA94S,DB102W,YB105F,YB109V",0.050661404,0.57524085,2,2
1N8Z_AB_C|RB50A,2.9754758,0.53111476,2,2
1N8Z_AB_C|RB59A,1.8037988,0.79716706,2,2
1N8Z_AB_C|SC535A,0.030827092,0.16113776,2,2
1N8Z_AB_C|TA94S,0.32168603,-0.42388234,2,2
1N8Z_AB_C|VC536A,0.008972699,1.1131393,2,2
1N8Z_AB_C|YB105F,0.8540034,1.1452715,2,2
1N8Z_AB_C|YB109V,0.23192272,0.5233352,2,2
1XGQ_AB_C|VB33A,1.1525793,1.3485575,2,2
1XGQ_AB_C|VB33F,-2.9080825,-2.4835176,2,2
1XGQ_AB_C|VB33I,-1.1076277,-0.95179945,2,2
1XGQ_AB_C|VB33L,-1.0463123,-0.8498675,2,2
1YQV_HL_Y|RY45K,1.8995041,0.12022325,2,2
"1YQV_HL_Y|RY68K,TY40S,IY55V,SY91T",4.0,0.7299492,2,2
"1YQV_HL_Y|RY68K,TY40S,IY55V,SY91T,QY121H",0.0,0.93197626,2,2
1YY9_CD_A|AC25P,0.07225565,-0.297232,2,2
1YY9_CD_A|AD98P,1.0372273,-1.5905786,2,2
1YY9_CD_A|GD54P,0.26807046,-0.54895437,2,2
1YY9_CD_A|LD29P,0.030827092,0.28360656,2,2
1YY9_CD_A|NC93A,-0.74186975,0.05742475,2,2
1YY9_CD_A|ND56A,-0.057046015,0.25051728,2,2
1YY9_CD_A|SC26D,-0.19925442,-0.031866692,2,2
"1YY9_CD_A|SC26D,TC31E,NC93A",-1.3329437,2.1597502,2,2
"1YY9_CD_A|SC26D,TC31E,NC93A,ND56A,TD61E",-0.6517935,3.0368724,2,2
1YY9_CD_A|SC26P,-0.009110746,-0.15056148,2,2
1YY9_CD_A|SC28P,-0.22229962,-0.055059463,2,2
1YY9_CD_A|SC54P,-0.018363854,0.30882996,2,2
1YY9_CD_A|SD53P,0.8175451,0.21506062,2,2
1YY9_CD_A|TC31E,-0.51892465,2.6296902,2,2
"1YY9_CD_A|TC31E,NC93A",-0.81853306,2.3099616,2,2
1YY9_CD_A|TC96P,4.0,-0.13993606,2,2
1YY9_CD_A|TD61E,-0.057046015,0.2904826,2,2
1YY9_CD_A|WD52P,1.4782712,0.53542453,2,2
1YY9_CD_A|YD101P,1.6514195,1.4965916,2,2
3NPS_A_BC|DA214A,1.466743,0.46485746,2,2
3NPS_A_BC|DA46A,0.3399866,0.320052,2,2
3NPS_A_BC|DA47A,1.0674704,0.7082023,2,2
3NPS_A_BC|DA91A,1.5070341,0.22365943,2,2
3NPS_A_BC|EA163A,0.61534816,0.21988326,2,2
3NPS_A_BC|FA50A,0.21957076,0.5081337,2,2
3NPS_A_BC|FA89A,1.5714045,0.946574,2,2
3NPS_A_BC|FA92A,0.46353978,0.307286,2,2
3NPS_A_BC|HA138A,1.8750918,0.28135797,2,2
3NPS_A_BC|IA26A,0.6415425,-0.048474453,2,2
3NPS_A_BC|IA45A,-0.33181784,0.8460715,2,2
3NPS_A_BC|KA221A,-0.10361039,0.74773425,2,2
3NPS_A_BC|LA147A,0.29573628,0.26064014,2,2
3NPS_A_BC|NA90A,0.25341922,0.6938498,2,2
3NPS_A_BC|QA140A,0.29573628,0.30936876,2,2
3NPS_A_BC|QA168A,-0.059223834,0.09895506,2,2
3NPS_A_BC|QA169A,0.7409076,2.075608,2,2
3NPS_A_BC|QA218A,-0.040916756,0.4644375,2,2
3NPS_A_BC|QA23A,0.026323749,-0.0457469,2,2
3NPS_A_BC|RA219A,-0.08390186,-0.07084162,2,2
3NPS_A_BC|RA48A,-1.062741,-0.20858231,2,2
3NPS_A_BC|RA51A,0.13816836,-0.13681147,2,2
3NPS_A_BC|RA82A,-0.15159543,0.08604371,2,2
3NPS_A_BC|TA144A,0.17497002,0.49435326,2,2
3NPS_A_BC|TA93A,0.72381234,1.0427842,2,2
3NPS_A_BC|YA141A,1.7748737,0.93876994,2,2
3NPS_A_BC|YA52A,0.4518898,-0.0035256073,2,2
3W2D_A_HL|KA67N,4.0,0.6617183,2,2
3W2D_A_HL|KA67R,-0.42812017,0.80948424,2,2
3W2D_A_HL|YA45F,0.8779443,-1.0647899,2,2
3W2D_A_HL|YA45L,2.3647563,1.1817962,2,2
"4KRO_A_B|DA321T,FA323A",0.1269707,2.3022926,2,2
"4KRP_A_B|DA277T,FA279A",0.35829666,2.5436509,2,2
4NM8_ABCDEF_HL|DB19N,0.66149956,0.3971325,2,2
4NM8_ABCDEF_HL|IB18M,0.10977998,1.1520915,2,2
4NM8_ABCDEF_HL|LB38Y,-0.6151596,0.5698106,2,2
4NM8_ABCDEF_HL|QB34R,2.9754758,1.266941,2,2
4NM8_ABCDEF_HL|QB34T,2.3309386,0.3946342,2,2
4NM8_ABCDEF_HL|RB25M,3.442353,0.34911853,2,2
4NM8_ABCDEF_HL|TB32E,-0.5517196,0.71627986,2,2
4NM8_ABCDEF_HL|TB32I,-0.050205972,1.5511941,2,2
4NM8_ABCDEF_HL|TB32R,1.2211944,1.6271304,2,2
"1CZ8_HL_VW|LL4M,DH28T,HH31N,YH101H,TH105S",2.939849,2.140124,3,0
1KIR_AB_C|SA50Y,-1.3870943,-0.5098593,3,0
1MLC_AB_E|KB65D,0.018548755,-1.221297,3,0
1MLC_AB_E|NA32G,-0.8773867,0.7189077,3,0
"1MLC_AB_E|NA32G,NA92A",-0.6866531,0.91713923,3,0
"1MLC_AB_E|NA32G,NA92A,SB57V,TB58D",-1.7349738,0.08119434,3,0
1MLC_AB_E|NA32Y,0.0,-0.9339164,3,0
1MLC_AB_E|NA92A,-1.2533532,0.21849822,3,0
"1MLC_AB_E|NA92A,SB57V,TB58D",-2.394188,-0.48090997,3,0
"1MLC_AB_E|NA92A,TB28D,SB57V,TB58D",-2.5813644,-0.87591094,3,0
"1MLC_AB_E|NA92A,TB28D,SB57V,TB58D,EB35S,GB99D",-2.9539242,-3.3000884,3,0
"1MLC_AB_E|NA92A,TB28D,SB57V,TB58D,GB99D",-0.20357698,-2.212221,3,0
"1MLC_AB_E|NA92A,TB28D,SB57V,TB58D,NA32L",-2.5843081,0.3909074,3,0
"1MLC_AB_E|NA92A,TB28D,SB57V,TB58D,RB98M,DB100Q",-0.41047263,-0.09390001,3,0
"1MLC_AB_E|NA92A,TB28D,SB57V,TB58D,SA91N,SA93A",-1.6104395,-0.3258694,3,0
"1MLC_AB_E|NA92A,TB28D,SB57V,TB58D,SB30G",-2.3584673,-0.5547385,3,0
"1MLC_AB_E|NA92A,TB28D,SB57V,TB58D,YB32W,RB98V,DB100Q",0.36138764,0.5841773,3,0
"1MLC_AB_E|NA92A,TB28D,SB57V,TB58D,YB59E",-1.4661698,0.24620141,3,0
1MLC_AB_E|SB57A,-0.37902167,0.4851605,3,0
1MLC_AB_E|SB57V,-0.49418068,-0.14546075,3,0
"1MLC_AB_E|SB57V,TB58D",-0.9877286,-0.998378,3,0
1MLC_AB_E|TB28D,-0.15094383,-0.57657504,3,0
1MLC_AB_E|TB31A,0.44700673,0.11263706,3,0
1MLC_AB_E|TB31V,0.5262404,-0.28770554,3,0
1MLC_AB_E|TB31W,0.13214268,-0.5675501,3,0
1MLC_AB_E|TB58D,-0.55968237,-1.3064208,3,0
1NCA_N_LH|DH101K,0.71416,0.77225673,3,0
1NCA_N_LH|EH100D,0.41047263,0.2522145,3,0
1NCA_N_LH|NH102Q,0.5426153,0.0902174,3,0
1NCA_N_LH|NH31Q,0.0,-0.008439397,3,0
1NMB_N_LH|DH57E,2.9536283,0.27495638,3,0
1NMB_N_LH|DH57N,2.9536283,0.22324485,3,0
1NMB_N_LH|LL94V,0.9000208,-0.08932225,3,0
1NMB_N_LH|TL93F,-0.023903161,-0.6828085,3,0
1NMB_N_LH|TL93W,0.18419003,-0.74137163,3,0
1NMB_N_LH|YH103A,2.14062,0.6410471,3,0
1NMB_N_LH|YH105F,1.4194101,0.3641088,3,0
1NMB_N_LH|YL32F,0.46632215,0.34760535,3,0
1VFB_AB_C|DB100A,3.005002,2.5916967,3,0
"1VFB_AB_C|DB100A,SC24A",3.369756,5.2672677,3,0
1VFB_AB_C|DB54A,0.8151114,2.9625394,3,0
"1VFB_AB_C|DB54A,TC118A",1.2546439,2.2983906,3,0
1VFB_AB_C|DB58A,-0.20700333,1.1376886,3,0
1VFB_AB_C|DB58E,0.078081094,0.2723402,3,0
1VFB_AB_C|DB58N,-0.12818155,0.1395206,3,0
1VFB_AB_C|DC119A,0.9530879,1.7117265,3,0
1VFB_AB_C|DC18A,0.34013057,1.2156003,3,0
1VFB_AB_C|EB98A,1.1565572,2.8441389,3,0
1VFB_AB_C|GB31A,0.30646533,0.913489,3,0
1VFB_AB_C|GB31E,-0.5097613,0.40263516,3,0
1VFB_AB_C|GB31W,0.0039611305,0.10560842,3,0
1VFB_AB_C|HA30A,0.84488255,0.88604546,3,0
1VFB_AB_C|IC124A,1.2314179,0.27068213,3,0
1VFB_AB_C|KC116A,0.7134504,0.4821741,3,0
1VFB_AB_C|LC129A,0.17154472,0.59417975,3,0
1VFB_AB_C|NA31W,0.17432266,0.55451417,3,0
1VFB_AB_C|NB56A,0.17771798,0.7308674,3,0
1VFB_AB_C|NC19A,0.3960868,0.20627047,3,0
1VFB_AB_C|QC121A,2.876998,-0.09504784,3,0
1VFB_AB_C|RB99A,-0.099735305,1.3621061,3,0
1VFB_AB_C|RB99W,0.7049742,0.2980163,3,0
1VFB_AB_C|RB99Y,1.235379,-0.22599138,3,0
1VFB_AB_C|RC125A,1.8368999,0.112721555,3,0
1VFB_AB_C|SA93A,0.34312394,0.5585708,3,0
1VFB_AB_C|SB28D,0.0,0.06572503,3,0
1VFB_AB_C|SB28E,-0.104007296,0.060841694,3,0
1VFB_AB_C|SB28N,0.14394745,-0.031119352,3,0
1VFB_AB_C|SB28Q,0.078081094,0.070419885,3,0
1VFB_AB_C|SC24A,0.850965,2.4223318,3,0
1VFB_AB_C|TA52F,0.4708752,-0.5041932,3,0
1VFB_AB_C|TA53R,1.6458516,-0.19608267,3,0
1VFB_AB_C|TB30A,-0.05584954,0.026573032,3,0
1VFB_AB_C|TC118A,0.7650957,0.18266387,3,0
1VFB_AB_C|VC120A,0.9169499,-0.13264643,3,0
1VFB_AB_C|WA92A,3.037848,0.70542073,3,0
"1VFB_AB_C|WA92A,IC124A",3.8503337,1.2433114,3,0
"1VFB_AB_C|WA92A,LC129A",3.3073628,1.377599,3,0
"1VFB_AB_C|WA92A,QC121A",3.5189366,0.26280373,3,0
"1VFB_AB_C|WA92A,RC125A",3.3932896,0.85283566,3,0
1VFB_AB_C|WB52A,0.6406274,3.2823331,3,0
"1VFB_AB_C|WB52A,DC119A",2.2473724,4.3874955,3,0
1VFB_AB_C|YA32A,1.5281335,1.7819878,3,0
"1VFB_AB_C|YA32A,IC124A",2.9057157,2.434172,3,0
"1VFB_AB_C|YA32A,QC121A",1.586041,0.94358844,3,0
1VFB_AB_C|YA49A,0.79754156,0.7713728,3,0
1VFB_AB_C|YA50A,0.456086,1.3371463,3,0
"1VFB_AB_C|YA50A,DC119A",1.2314179,2.7702744,3,0
"1VFB_AB_C|YA50A,DC18A",1.265924,2.166923,3,0
1VFB_AB_C|YA50K,1.7156012,0.93034655,3,0
1VFB_AB_C|YA50R,0.8443241,0.5785071,3,0
1VFB_AB_C|YB101F,1.2695644,2.4553325,3,0
"1VFB_AB_C|YB101F,DC119A",2.736521,3.9888968,3,0
"1VFB_AB_C|YB101F,VC120A",2.5384777,2.592776,3,0
1VFB_AB_C|YB32A,0.7916793,1.1039957,3,0
"1VFB_AB_C|YB32A,KC116A",1.586041,1.6110207,3,0
1VFB_AB_C|YB32E,1.9021881,0.6862363,3,0
1VFB_AB_C|YC23A,0.41047263,1.0194694,3,0
1XGP_AB_C|AB33F,-4.0,-2.971583,3,0
1XGP_AB_C|AB33I,-2.260207,-1.822317,3,0
1XGP_AB_C|AB33L,-2.1988916,-1.3858547,3,0
1XGP_AB_C|AB33V,-1.1525793,-1.0555295,3,0
2JEL_LH_P|AP82S,0.0,-0.35374254,3,0
2JEL_LH_P|DP69E,0.9530879,0.711963,3,0
2JEL_LH_P|EP5D,0.41047263,-0.50393116,3,0
2JEL_LH_P|EP5Q,0.7129768,0.13889177,3,0
2JEL_LH_P|EP68A,0.41047263,0.78848934,3,0
2JEL_LH_P|EP75R,2.727121,1.4630021,3,0
2JEL_LH_P|EP83A,0.0,0.990858,3,0
2JEL_LH_P|EP85A,0.0,0.8221621,3,0
2JEL_LH_P|EP85D,0.0,-0.16400103,3,0
2JEL_LH_P|EP85K,0.0,0.24156274,3,0
2JEL_LH_P|EP85Q,0.0,0.31230995,3,0
2JEL_LH_P|FP2W,2.6191528,1.3326052,3,0
2JEL_LH_P|FP2Y,0.0,-0.18150462,3,0
2JEL_LH_P|HP76A,-0.41047263,1.3713725,3,0
2JEL_LH_P|HP76D,-0.65058374,0.8646646,3,0
2JEL_LH_P|KP24E,0.0,1.4475441,3,0
2JEL_LH_P|KP27E,0.0,0.898984,3,0
2JEL_LH_P|KP72E,0.41047263,-0.3642206,3,0
2JEL_LH_P|KP72R,0.0,0.24315125,3,0
2JEL_LH_P|KP79E,0.41047263,1.004695,3,0
2JEL_LH_P|NP12D,0.0,-1.348445,3,0
2JEL_LH_P|NP38T,0.0,0.17869775,3,0
2JEL_LH_P|PP11E,0.0,0.22769544,3,0
2JEL_LH_P|QP3K,4.0,0.05923459,3,0
2JEL_LH_P|QP4K,1.3635606,-0.17376952,3,0
2JEL_LH_P|QP57E,-0.41047263,0.4239433,3,0
2JEL_LH_P|QP71E,2.727121,-0.29457995,3,0
2JEL_LH_P|RP17G,0.0,1.0576032,3,0
2JEL_LH_P|RP17K,0.0,0.07108326,3,0
2JEL_LH_P|SP41C,1.4957032,0.71199465,3,0
2JEL_LH_P|SP43C,0.0,-0.1038053,3,0
2JEL_LH_P|SP46C,0.0,0.54777735,3,0
2JEL_LH_P|SP64T,4.0,-0.20388271,3,0
2JEL_LH_P|TP34Q,0.0,0.63755554,3,0
2JEL_LH_P|TP36Q,0.41047263,0.3510517,3,0
2JEL_LH_P|TP62A,0.0,0.24572755,3,0
2JEL_LH_P|TP62N,0.0,0.6262204,3,0
2JEL_LH_P|TP7N,0.41047263,0.80873376,3,0
2JEL_LH_P|TP7S,0.0,0.3638028,3,0
2JEL_LH_P|VP6F,0.0,-1.0383718,3,0
"2NY7_HL_G|CG27I,CG226Q",0.19971907,-2.0248168,3,0
"2NY7_HL_G|CG27I,CG226Q,MG231A",0.20319231,-1.6176542,3,0
"2NY7_HL_G|GG229C,MG231A",-0.37879732,0.5732127,3,0
"2NY7_HL_G|GG229C,WG13M,MG231A,CG14W,CG110V,CG27I,CG226Q",0.21462485,-2.6960227,3,0
"2NY7_HL_G|KG66C,EG102C,CG27I,CG226Q",0.04085667,-2.1257505,3,0
"2NY7_HL_G|KG66C,EG102C,WG13M,MG231A,CG14W,CG110V,CG27I,CG226Q",0.3998023,-1.8875734,3,0
"2NY7_HL_G|KG66C,EG103C,WG13M,MG231A,CG14W,CG110V,CG27I,CG226Q",0.29989544,-1.9029679,3,0
"2NY7_HL_G|WG13M,MG231A,CG14W,CG110V",1.1574335,-0.2662002,3,0
"2NY7_HL_G|WG13M,MG231A,CG14W,CG110V,CG27I,CG226Q",0.44904727,-2.1514246,3,0
"2NY7_HL_G|WG13M,MG231A,CG14W,CG110V,KG66C,EG102C",0.55101526,-0.47712874,3,0
"2NY7_HL_G|WG13M,SG92T,WG181S,MG231A,CG14W,CG110V,CG27I,CG226Q",-0.3035898,-2.204902,3,0
3BN9_B_CD|DB214A,0.5662115,1.1967486,3,0
3BN9_B_CD|DB46A,0.42238826,0.6024286,3,0
3BN9_B_CD|DB47A,0.31110755,0.73557115,3,0
3BN9_B_CD|EB163A,0.37321588,-0.25644082,3,0
3BN9_B_CD|FB50A,-0.044997852,0.19810084,3,0
3BN9_B_CD|FB89A,0.6392419,1.74299,3,0
3BN9_B_CD|HB138A,0.085063316,1.4588122,3,0
3BN9_B_CD|IB26A,0.0,0.5779627,3,0
3BN9_B_CD|IB45A,0.8352155,0.024258507,3,0
3BN9_B_CD|KB221A,0.7849689,0.21454386,3,0
3BN9_B_CD|LB147A,0.33619216,0.066776216,3,0
3BN9_B_CD|NB90A,0.7733444,0.25034043,3,0
3BN9_B_CD|PD104H,2.4272547,-0.40638396,3,0
3BN9_B_CD|QB140A,0.1331048,0.52124727,3,0
3BN9_B_CD|QB168A,-0.03469869,-0.3089928,3,0
3BN9_B_CD|QB169A,2.5089848,0.40880007,3,0
3BN9_B_CD|QB218A,0.70571065,0.047470897,3,0
3BN9_B_CD|QB23A,-0.41530684,-0.14898595,3,0
3BN9_B_CD|QD105V,1.2241027,0.029692901,3,0
3BN9_B_CD|RB219A,-0.093698174,-0.31791162,3,0
3BN9_B_CD|RB48A,-0.044997852,-0.9497944,3,0
3BN9_B_CD|RB51A,-0.07155777,-0.2557957,3,0
3BN9_B_CD|RB82A,-0.15923285,0.28173134,3,0
3BN9_B_CD|SD30G,1.1861069,-0.0929167,3,0
3BN9_B_CD|SD30N,1.145505,-0.10528302,3,0
3BN9_B_CD|TB144A,0.2908351,0.16721474,3,0
3BN9_B_CD|TB93A,1.1320528,0.94470954,3,0
3BN9_B_CD|TD102Q,-0.02153644,-0.61645377,3,0
3BN9_B_CD|TD102R,-0.058294915,-0.6309493,3,0
3BN9_B_CD|TD28R,0.33290586,-0.38051987,3,0
3BN9_B_CD|YB141A,1.0846525,1.7675436,3,0
3BN9_B_CD|YB52A,0.018951595,0.112177454,3,0
3BN9_B_CD|YD103S,0.45868576,0.5623554,3,0
4GXU_ABCDEF_MN|DA189E,2.1650882,1.1788908,3,0
"4GXU_ABCDEF_MN|DA189E,DA224G",3.0102077,2.1358936,3,0
4GXU_ABCDEF_MN|DA224G,1.9608781,0.9509601,3,0
"1CZ8_HL_VW|LL4M,DH28T,HH31N,YH101H,TH105S",2.939849,1.5601754,3,1
1KIR_AB_C|SA50Y,-1.3870943,-0.27237132,3,1
1MLC_AB_E|KB65D,0.018548755,-0.5656914,3,1
1MLC_AB_E|NA32G,-0.8773867,0.58897007,3,1
"1MLC_AB_E|NA32G,NA92A",-0.6866531,0.55484825,3,1
"1MLC_AB_E|NA32G,NA92A,SB57V,TB58D",-1.7349738,0.23525192,3,1
1MLC_AB_E|NA32Y,0.0,-0.37448955,3,1
1MLC_AB_E|NA92A,-1.2533532,0.046511874,3,1
"1MLC_AB_E|NA92A,SB57V,TB58D",-2.394188,-0.15354994,3,1
"1MLC_AB_E|NA92A,TB28D,SB57V,TB58D",-2.5813644,-0.0021405406,3,1
"1MLC_AB_E|NA92A,TB28D,SB57V,TB58D,EB35S,GB99D",-2.9539242,-0.6420385,3,1
"1MLC_AB_E|NA92A,TB28D,SB57V,TB58D,GB99D",-0.20357698,0.38508528,3,1
"1MLC_AB_E|NA92A,TB28D,SB57V,TB58D,NA32L",-2.5843081,0.42735875,3,1
"1MLC_AB_E|NA92A,TB28D,SB57V,TB58D,RB98M,DB100Q",-0.41047263,1.0286862,3,1
"1MLC_AB_E|NA92A,TB28D,SB57V,TB58D,SA91N,SA93A",-1.6104395,0.61543334,3,1
"1MLC_AB_E|NA92A,TB28D,SB57V,TB58D,SB30G",-2.3584673,-0.637006,3,1
"1MLC_AB_E|NA92A,TB28D,SB57V,TB58D,YB32W,RB98V,DB100Q",0.36138764,1.094854,3,1
"1MLC_AB_E|NA92A,TB28D,SB57V,TB58D,YB59E",-1.4661698,1.3174716,3,1
1MLC_AB_E|SB57A,-0.37902167,0.28708595,3,1
1MLC_AB_E|SB57V,-0.49418068,-0.2067381,3,1
"1MLC_AB_E|SB57V,TB58D",-0.9877286,-0.40862924,3,1
1MLC_AB_E|TB28D,-0.15094383,-0.14276694,3,1
1MLC_AB_E|TB31A,0.44700673,0.5197599,3,1
1MLC_AB_E|TB31V,0.5262404,0.066783264,3,1
1MLC_AB_E|TB31W,0.13214268,-0.24188988,3,1
1MLC_AB_E|TB58D,-0.55968237,-0.8664225,3,1
1NCA_N_LH|DH101K,0.71416,1.2292919,3,1
1NCA_N_LH|EH100D,0.41047263,0.2805605,3,1
1NCA_N_LH|NH102Q,0.5426153,0.55171067,3,1
1NCA_N_LH|NH31Q,0.0,0.5870182,3,1
1NMB_N_LH|DH57E,2.9536283,0.1169721,3,1
1NMB_N_LH|DH57N,2.9536283,-0.06830169,3,1
1NMB_N_LH|LL94V,0.9000208,-0.30352622,3,1
1NMB_N_LH|TL93F,-0.023903161,-0.8113884,3,1
1NMB_N_LH|TL93W,0.18419003,-0.85795885,3,1
1NMB_N_LH|YH103A,2.14062,0.28806943,3,1
1NMB_N_LH|YH105F,1.4194101,-0.23606923,3,1
1NMB_N_LH|YL32F,0.46632215,0.08922431,3,1
1VFB_AB_C|DB100A,3.005002,1.9650673,3,1
"1VFB_AB_C|DB100A,SC24A",3.369756,6.7670016,3,1
1VFB_AB_C|DB54A,0.8151114,3.1934917,3,1
"1VFB_AB_C|DB54A,TC118A",1.2546439,4.240946,3,1
1VFB_AB_C|DB58A,-0.20700333,1.2050996,3,1
1VFB_AB_C|DB58E,0.078081094,0.1972877,3,1
1VFB_AB_C|DB58N,-0.12818155,-0.03978959,3,1
1VFB_AB_C|DC119A,0.9530879,2.125564,3,1
1VFB_AB_C|DC18A,0.34013057,1.2336861,3,1
1VFB_AB_C|EB98A,1.1565572,3.2086682,3,1
1VFB_AB_C|GB31A,0.30646533,1.6002846,3,1
1VFB_AB_C|GB31E,-0.5097613,0.7721947,3,1
1VFB_AB_C|GB31W,0.0039611305,0.47480047,3,1
1VFB_AB_C|HA30A,0.84488255,1.1845943,3,1
1VFB_AB_C|IC124A,1.2314179,1.6219944,3,1
1VFB_AB_C|KC116A,0.7134504,0.56848097,3,1
1VFB_AB_C|LC129A,0.17154472,1.5221903,3,1
1VFB_AB_C|NA31W,0.17432266,0.7919742,3,1
1VFB_AB_C|NB56A,0.17771798,0.7936422,3,1
1VFB_AB_C|NC19A,0.3960868,0.95790863,3,1
1VFB_AB_C|QC121A,2.876998,0.5677714,3,1
1VFB_AB_C|RB99A,-0.099735305,1.1501056,3,1
1VFB_AB_C|RB99W,0.7049742,-0.090555444,3,1
1VFB_AB_C|RB99Y,1.235379,0.011462446,3,1
1VFB_AB_C|RC125A,1.8368999,0.59185904,3,1
1VFB_AB_C|SA93A,0.34312394,0.57309544,3,1
1VFB_AB_C|SB28D,0.0,-0.26766127,3,1
1VFB_AB_C|SB28E,-0.104007296,-0.5182189,3,1
1VFB_AB_C|SB28N,0.14394745,-0.20306489,3,1
1VFB_AB_C|SB28Q,0.078081094,0.28137594,3,1
1VFB_AB_C|SC24A,0.850965,3.763905,3,1
1VFB_AB_C|TA52F,0.4708752,-0.81487155,3,1
1VFB_AB_C|TA53R,1.6458516,-0.0781982,3,1
1VFB_AB_C|TB30A,-0.05584954,0.6282544,3,1
1VFB_AB_C|TC118A,0.7650957,1.1088206,3,1
1VFB_AB_C|VC120A,0.9169499,0.65269446,3,1
1VFB_AB_C|WA92A,3.037848,-0.07720281,3,1
"1VFB_AB_C|WA92A,IC124A",3.8503337,1.4230443,3,1
"1VFB_AB_C|WA92A,LC129A",3.3073628,1.3297372,3,1
"1VFB_AB_C|WA92A,QC121A",3.5189366,0.30505306,3,1
"1VFB_AB_C|WA92A,RC125A",3.3932896,0.538158,3,1
1VFB_AB_C|WB52A,0.6406274,3.625011,3,1
"1VFB_AB_C|WB52A,DC119A",2.2473724,6.745402,3,1
1VFB_AB_C|YA32A,1.5281335,1.9279238,3,1
"1VFB_AB_C|YA32A,IC124A",2.9057157,3.3642957,3,1
"1VFB_AB_C|YA32A,QC121A",1.586041,3.004111,3,1
1VFB_AB_C|YA49A,0.79754156,0.96667254,3,1
1VFB_AB_C|YA50A,0.456086,1.4116117,3,1
"1VFB_AB_C|YA50A,DC119A",1.2314179,4.227712,3,1
"1VFB_AB_C|YA50A,DC18A",1.265924,2.6260743,3,1
1VFB_AB_C|YA50K,1.7156012,1.1288327,3,1
1VFB_AB_C|YA50R,0.8443241,0.79654175,3,1
1VFB_AB_C|YB101F,1.2695644,2.3669493,3,1
"1VFB_AB_C|YB101F,DC119A",2.736521,5.3896766,3,1
"1VFB_AB_C|YB101F,VC120A",2.5384777,3.4287162,3,1
1VFB_AB_C|YB32A,0.7916793,1.4547588,3,1
"1VFB_AB_C|YB32A,KC116A",1.586041,1.57011,3,1
1VFB_AB_C|YB32E,1.9021881,0.27610725,3,1
1VFB_AB_C|YC23A,0.41047263,1.421888,3,1
1XGP_AB_C|AB33F,-4.0,-4.1914754,3,1
1XGP_AB_C|AB33I,-2.260207,-2.688906,3,1
1XGP_AB_C|AB33L,-2.1988916,-2.3248336,3,1
1XGP_AB_C|AB33V,-1.1525793,-1.4476962,3,1
2JEL_LH_P|AP82S,0.0,-0.5014918,3,1
2JEL_LH_P|DP69E,0.9530879,0.19049852,3,1
2JEL_LH_P|EP5D,0.41047263,0.6095233,3,1
2JEL_LH_P|EP5Q,0.7129768,0.70557433,3,1
2JEL_LH_P|EP68A,0.41047263,0.95702386,3,1
2JEL_LH_P|EP75R,2.727121,1.7527308,3,1
2JEL_LH_P|EP83A,0.0,1.4447867,3,1
2JEL_LH_P|EP85A,0.0,1.5778894,3,1
2JEL_LH_P|EP85D,0.0,0.5222135,3,1
2JEL_LH_P|EP85K,0.0,1.3991408,3,1
2JEL_LH_P|EP85Q,0.0,1.0890652,3,1
2JEL_LH_P|FP2W,2.6191528,0.94451827,3,1
2JEL_LH_P|FP2Y,0.0,-0.004541438,3,1
2JEL_LH_P|HP76A,-0.41047263,1.5897815,3,1
2JEL_LH_P|HP76D,-0.65058374,1.0398493,3,1
2JEL_LH_P|KP24E,0.0,-0.8895794,3,1
2JEL_LH_P|KP27E,0.0,-0.46022063,3,1
2JEL_LH_P|KP72E,0.41047263,-1.71168,3,1
2JEL_LH_P|KP72R,0.0,-0.47001487,3,1
2JEL_LH_P|KP79E,0.41047263,-1.1924376,3,1
2JEL_LH_P|NP12D,0.0,-1.2407309,3,1
2JEL_LH_P|NP38T,0.0,-0.5121066,3,1
2JEL_LH_P|PP11E,0.0,0.22989999,3,1
2JEL_LH_P|QP3K,4.0,0.4808368,3,1
2JEL_LH_P|QP4K,1.3635606,0.006379567,3,1
2JEL_LH_P|QP57E,-0.41047263,-0.57766277,3,1
2JEL_LH_P|QP71E,2.727121,-1.3080602,3,1
2JEL_LH_P|RP17G,0.0,1.0469532,3,1
2JEL_LH_P|RP17K,0.0,0.7426391,3,1
2JEL_LH_P|SP41C,1.4957032,0.57767767,3,1
2JEL_LH_P|SP43C,0.0,0.38917696,3,1
2JEL_LH_P|SP46C,0.0,0.6880901,3,1
2JEL_LH_P|SP64T,4.0,-0.28328168,3,1
2JEL_LH_P|TP34Q,0.0,0.45536393,3,1
2JEL_LH_P|TP36Q,0.41047263,0.3640697,3,1
2JEL_LH_P|TP62A,0.0,0.7995938,3,1
2JEL_LH_P|TP62N,0.0,1.0514106,3,1
2JEL_LH_P|TP7N,0.41047263,1.0175824,3,1
2JEL_LH_P|TP7S,0.0,0.531628,3,1
2JEL_LH_P|VP6F,0.0,-0.68582225,3,1
"2NY7_HL_G|CG27I,CG226Q",0.19971907,-1.6619401,3,1
"2NY7_HL_G|CG27I,CG226Q,MG231A",0.20319231,-1.0200093,3,1
"2NY7_HL_G|GG229C,MG231A",-0.37879732,-0.7749154,3,1
"2NY7_HL_G|GG229C,WG13M,MG231A,CG14W,CG110V,CG27I,CG226Q",0.21462485,-1.498481,3,1
"2NY7_HL_G|KG66C,EG102C,CG27I,CG226Q",0.04085667,-0.25751698,3,1
"2NY7_HL_G|KG66C,EG102C,WG13M,MG231A,CG14W,CG110V,CG27I,CG226Q",0.3998023,0.8348574,3,1
"2NY7_HL_G|KG66C,EG103C,WG13M,MG231A,CG14W,CG110V,CG27I,CG226Q",0.29989544,0.7460004,3,1
"2NY7_HL_G|WG13M,MG231A,CG14W,CG110V",1.1574335,1.0205797,3,1
"2NY7_HL_G|WG13M,MG231A,CG14W,CG110V,CG27I,CG226Q",0.44904727,-0.69158554,3,1
"2NY7_HL_G|WG13M,MG231A,CG14W,CG110V,KG66C,EG102C",0.55101526,1.6424614,3,1
"2NY7_HL_G|WG13M,SG92T,WG181S,MG231A,CG14W,CG110V,CG27I,CG226Q",-0.3035898,-1.6815449,3,1
3BN9_B_CD|DB214A,0.5662115,1.1208202,3,1
3BN9_B_CD|DB46A,0.42238826,0.3857699,3,1
3BN9_B_CD|DB47A,0.31110755,0.63722897,3,1
3BN9_B_CD|EB163A,0.37321588,0.9110746,3,1
3BN9_B_CD|FB50A,-0.044997852,0.34473002,3,1
3BN9_B_CD|FB89A,0.6392419,1.6372708,3,1
3BN9_B_CD|HB138A,0.085063316,1.5892513,3,1
3BN9_B_CD|IB26A,0.0,0.7104645,3,1
3BN9_B_CD|IB45A,0.8352155,0.17020008,3,1
3BN9_B_CD|KB221A,0.7849689,0.31168413,3,1
3BN9_B_CD|LB147A,0.33619216,0.15570007,3,1
3BN9_B_CD|NB90A,0.7733444,0.00496985,3,1
3BN9_B_CD|PD104H,2.4272547,-1.016812,3,1
3BN9_B_CD|QB140A,0.1331048,0.2297012,3,1
3BN9_B_CD|QB168A,-0.03469869,0.22786064,3,1
3BN9_B_CD|QB169A,2.5089848,0.24067293,3,1
3BN9_B_CD|QB218A,0.70571065,0.20498078,3,1
3BN9_B_CD|QB23A,-0.41530684,0.27394515,3,1
3BN9_B_CD|QD105V,1.2241027,-0.4344135,3,1
3BN9_B_CD|RB219A,-0.093698174,0.21720843,3,1
3BN9_B_CD|RB48A,-0.044997852,-0.64010316,3,1
3BN9_B_CD|RB51A,-0.07155777,0.10942501,3,1
3BN9_B_CD|RB82A,-0.15923285,-0.10826179,3,1
3BN9_B_CD|SD30G,1.1861069,-0.64907104,3,1
3BN9_B_CD|SD30N,1.145505,-0.32785845,3,1
3BN9_B_CD|TB144A,0.2908351,0.38682598,3,1
3BN9_B_CD|TB93A,1.1320528,0.69213927,3,1
3BN9_B_CD|TD102Q,-0.02153644,0.48646474,3,1
3BN9_B_CD|TD102R,-0.058294915,0.07052807,3,1
3BN9_B_CD|TD28R,0.33290586,-0.00076571107,3,1
3BN9_B_CD|YB141A,1.0846525,1.7766912,3,1
3BN9_B_CD|YB52A,0.018951595,0.36808884,3,1
3BN9_B_CD|YD103S,0.45868576,1.0460047,3,1
4GXU_ABCDEF_MN|DA189E,2.1650882,0.81300175,3,1
"4GXU_ABCDEF_MN|DA189E,DA224G",3.0102077,2.216068,3,1
4GXU_ABCDEF_MN|DA224G,1.9608781,1.3267912,3,1
"1CZ8_HL_VW|LL4M,DH28T,HH31N,YH101H,TH105S",2.939849,0.49131805,3,2
1KIR_AB_C|SA50Y,-1.3870943,-0.1086438,3,2
1MLC_AB_E|KB65D,0.018548755,-0.18493383,3,2
1MLC_AB_E|NA32G,-0.8773867,0.047778614,3,2
"1MLC_AB_E|NA32G,NA92A",-0.6866531,-0.017245255,3,2
"1MLC_AB_E|NA32G,NA92A,SB57V,TB58D",-1.7349738,-0.3445434,3,2
1MLC_AB_E|NA32Y,0.0,0.0103350375,3,2
1MLC_AB_E|NA92A,-1.2533532,0.06254588,3,2
"1MLC_AB_E|NA92A,SB57V,TB58D",-2.394188,-0.2259759,3,2
"1MLC_AB_E|NA92A,TB28D,SB57V,TB58D",-2.5813644,-0.24665424,3,2
"1MLC_AB_E|NA92A,TB28D,SB57V,TB58D,EB35S,GB99D",-2.9539242,-0.045885645,3,2
"1MLC_AB_E|NA92A,TB28D,SB57V,TB58D,GB99D",-0.20357698,-0.06607945,3,2
"1MLC_AB_E|NA92A,TB28D,SB57V,TB58D,NA32L",-2.5843081,-0.3884641,3,2
"1MLC_AB_E|NA92A,TB28D,SB57V,TB58D,RB98M,DB100Q",-0.41047263,-0.5055666,3,2
"1MLC_AB_E|NA92A,TB28D,SB57V,TB58D,SA91N,SA93A",-1.6104395,-0.1242916,3,2
"1MLC_AB_E|NA92A,TB28D,SB57V,TB58D,SB30G",-2.3584673,-0.2793367,3,2
"1MLC_AB_E|NA92A,TB28D,SB57V,TB58D,YB32W,RB98V,DB100Q",0.36138764,-0.37788472,3,2
"1MLC_AB_E|NA92A,TB28D,SB57V,TB58D,YB59E",-1.4661698,-0.07334901,3,2
1MLC_AB_E|SB57A,-0.37902167,0.05571621,3,2
1MLC_AB_E|SB57V,-0.49418068,-0.19729339,3,2
"1MLC_AB_E|SB57V,TB58D",-0.9877286,-0.200553,3,2
1MLC_AB_E|TB28D,-0.15094383,0.06579059,3,2
1MLC_AB_E|TB31A,0.44700673,0.17235447,3,2
1MLC_AB_E|TB31V,0.5262404,-0.063171074,3,2
1MLC_AB_E|TB31W,0.13214268,0.011513615,3,2
1MLC_AB_E|TB58D,-0.55968237,0.03337865,3,2
1NCA_N_LH|DH101K,0.71416,0.0041581467,3,2
1NCA_N_LH|EH100D,0.41047263,0.19030935,3,2
1NCA_N_LH|NH102Q,0.5426153,-0.22900179,3,2
1NCA_N_LH|NH31Q,0.0,-0.10492323,3,2
1NMB_N_LH|DH57E,2.9536283,-0.09746562,3,2
1NMB_N_LH|DH57N,2.9536283,0.0868165,3,2
1NMB_N_LH|LL94V,0.9000208,-0.030957736,3,2
1NMB_N_LH|TL93F,-0.023903161,-0.16113274,3,2
1NMB_N_LH|TL93W,0.18419003,-0.13303985,3,2
1NMB_N_LH|YH103A,2.14062,0.42850852,3,2
1NMB_N_LH|YH105F,1.4194101,0.353693,3,2
1NMB_N_LH|YL32F,0.46632215,0.21255109,3,2
1VFB_AB_C|DB100A,3.005002,0.098934144,3,2
"1VFB_AB_C|DB100A,SC24A",3.369756,0.3454588,3,2
1VFB_AB_C|DB54A,0.8151114,0.10573749,3,2
"1VFB_AB_C|DB54A,TC118A",1.2546439,0.509866,3,2
1VFB_AB_C|DB58A,-0.20700333,0.13839178,3,2
1VFB_AB_C|DB58E,0.078081094,-0.04768616,3,2
1VFB_AB_C|DB58N,-0.12818155,0.19850126,3,2
1VFB_AB_C|DC119A,0.9530879,0.41323966,3,2
1VFB_AB_C|DC18A,0.34013057,0.2421146,3,2
1VFB_AB_C|EB98A,1.1565572,0.07564921,3,2
1VFB_AB_C|GB31A,0.30646533,0.4112206,3,2
1VFB_AB_C|GB31E,-0.5097613,0.2087901,3,2
1VFB_AB_C|GB31W,0.0039611305,0.30032614,3,2
1VFB_AB_C|HA30A,0.84488255,0.5088406,3,2
1VFB_AB_C|IC124A,1.2314179,0.2990274,3,2
1VFB_AB_C|KC116A,0.7134504,0.2865591,3,2
1VFB_AB_C|LC129A,0.17154472,0.17037274,3,2
1VFB_AB_C|NA31W,0.17432266,0.05095201,3,2
1VFB_AB_C|NB56A,0.17771798,-0.014712524,3,2
1VFB_AB_C|NC19A,0.3960868,0.38204777,3,2
1VFB_AB_C|QC121A,2.876998,0.35371673,3,2
1VFB_AB_C|RB99A,-0.099735305,0.035498116,3,2
1VFB_AB_C|RB99W,0.7049742,-0.039912544,3,2
1VFB_AB_C|RB99Y,1.235379,-0.21222287,3,2
1VFB_AB_C|RC125A,1.8368999,0.3148915,3,2
1VFB_AB_C|SA93A,0.34312394,0.16897507,3,2
1VFB_AB_C|SB28D,0.0,0.24144231,3,2
1VFB_AB_C|SB28E,-0.104007296,0.045573648,3,2
1VFB_AB_C|SB28N,0.14394745,0.1968185,3,2
1VFB_AB_C|SB28Q,0.078081094,0.022443805,3,2
1VFB_AB_C|SC24A,0.850965,0.3506114,3,2
1VFB_AB_C|TA52F,0.4708752,-0.13749458,3,2
1VFB_AB_C|TA53R,1.6458516,-0.41306454,3,2
1VFB_AB_C|TB30A,-0.05584954,-0.0063847005,3,2
1VFB_AB_C|TC118A,0.7650957,0.5110593,3,2
1VFB_AB_C|VC120A,0.9169499,0.15581824,3,2
1VFB_AB_C|WA92A,3.037848,0.16692191,3,2
"1VFB_AB_C|WA92A,IC124A",3.8503337,0.4670508,3,2
"1VFB_AB_C|WA92A,LC129A",3.3073628,0.27984864,3,2
"1VFB_AB_C|WA92A,QC121A",3.5189366,0.48098356,3,2
"1VFB_AB_C|WA92A,RC125A",3.3932896,0.46389917,3,2
1VFB_AB_C|WB52A,0.6406274,0.26143205,3,2
"1VFB_AB_C|WB52A,DC119A",2.2473724,0.6789485,3,2
1VFB_AB_C|YA32A,1.5281335,0.44522306,3,2
"1VFB_AB_C|YA32A,IC124A",2.9057157,0.7158505,3,2
"1VFB_AB_C|YA32A,QC121A",1.586041,0.8516848,3,2
1VFB_AB_C|YA49A,0.79754156,0.24886505,3,2
1VFB_AB_C|YA50A,0.456086,0.3919199,3,2
"1VFB_AB_C|YA50A,DC119A",1.2314179,0.7946056,3,2
"1VFB_AB_C|YA50A,DC18A",1.265924,0.6141302,3,2
1VFB_AB_C|YA50K,1.7156012,0.3495202,3,2
1VFB_AB_C|YA50R,0.8443241,0.2603939,3,2
1VFB_AB_C|YB101F,1.2695644,0.31403604,3,2
"1VFB_AB_C|YB101F,DC119A",2.736521,0.74000204,3,2
"1VFB_AB_C|YB101F,VC120A",2.5384777,0.4475112,3,2
1VFB_AB_C|YB32A,0.7916793,0.38876584,3,2
"1VFB_AB_C|YB32A,KC116A",1.586041,0.67483956,3,2
1VFB_AB_C|YB32E,1.9021881,0.21366817,3,2
1VFB_AB_C|YC23A,0.41047263,0.33563572,3,2
1XGP_AB_C|AB33F,-4.0,-0.020976149,3,2
1XGP_AB_C|AB33I,-2.260207,0.028542405,3,2
1XGP_AB_C|AB33L,-2.1988916,-0.028182171,3,2
1XGP_AB_C|AB33V,-1.1525793,-0.034653857,3,2
2JEL_LH_P|AP82S,0.0,-0.17928778,3,2
2JEL_LH_P|DP69E,0.9530879,0.1402139,3,2
2JEL_LH_P|EP5D,0.41047263,-0.037599005,3,2
2JEL_LH_P|EP5Q,0.7129768,-0.06514561,3,2
2JEL_LH_P|EP68A,0.41047263,0.19442032,3,2
2JEL_LH_P|EP75R,2.727121,-0.22678497,3,2
2JEL_LH_P|EP83A,0.0,0.36335313,3,2
2JEL_LH_P|EP85A,0.0,0.41215584,3,2
2JEL_LH_P|EP85D,0.0,0.11951055,3,2
2JEL_LH_P|EP85K,0.0,0.1101192,3,2
2JEL_LH_P|EP85Q,0.0,0.042086903,3,2
2JEL_LH_P|FP2W,2.6191528,0.15486912,3,2
2JEL_LH_P|FP2Y,0.0,0.036059797,3,2
2JEL_LH_P|HP76A,-0.41047263,0.24950469,3,2
2JEL_LH_P|HP76D,-0.65058374,-0.028944656,3,2
2JEL_LH_P|KP24E,0.0,0.01722812,3,2
2JEL_LH_P|KP27E,0.0,0.21197878,3,2
2JEL_LH_P|KP72E,0.41047263,-0.029587775,3,2
2JEL_LH_P|KP72R,0.0,-0.111132264,3,2
2JEL_LH_P|KP79E,0.41047263,-0.017369796,3,2
2JEL_LH_P|NP12D,0.0,0.15172464,3,2
2JEL_LH_P|NP38T,0.0,0.10569134,3,2
2JEL_LH_P|PP11E,0.0,0.16169867,3,2
2JEL_LH_P|QP3K,4.0,0.005222015,3,2
2JEL_LH_P|QP4K,1.3635606,-0.012057982,3,2
2JEL_LH_P|QP57E,-0.41047263,0.16041958,3,2
2JEL_LH_P|QP71E,2.727121,-0.0054155476,3,2
2JEL_LH_P|RP17G,0.0,0.015353464,3,2
2JEL_LH_P|RP17K,0.0,-0.008989699,3,2
2JEL_LH_P|SP41C,1.4957032,0.08497783,3,2
2JEL_LH_P|SP43C,0.0,-0.05642405,3,2
2JEL_LH_P|SP46C,0.0,0.04390762,3,2
2JEL_LH_P|SP64T,4.0,-0.066180274,3,2
2JEL_LH_P|TP34Q,0.0,-0.11028692,3,2
2JEL_LH_P|TP36Q,0.41047263,-0.18602319,3,2
2JEL_LH_P|TP62A,0.0,0.26555622,3,2
2JEL_LH_P|TP62N,0.0,-0.0072490275,3,2
2JEL_LH_P|TP7N,0.41047263,0.028343793,3,2
2JEL_LH_P|TP7S,0.0,-0.011918295,3,2
2JEL_LH_P|VP6F,0.0,-0.11194092,3,2
"2NY7_HL_G|CG27I,CG226Q",0.19971907,-0.63924956,3,2
"2NY7_HL_G|CG27I,CG226Q,MG231A",0.20319231,-0.3446857,3,2
"2NY7_HL_G|GG229C,MG231A",-0.37879732,0.3714772,3,2
"2NY7_HL_G|GG229C,WG13M,MG231A,CG14W,CG110V,CG27I,CG226Q",0.21462485,-0.5525992,3,2
"2NY7_HL_G|KG66C,EG102C,CG27I,CG226Q",0.04085667,-0.42485675,3,2
"2NY7_HL_G|KG66C,EG102C,WG13M,MG231A,CG14W,CG110V,CG27I,CG226Q",0.3998023,-0.16387945,3,2
"2NY7_HL_G|KG66C,EG103C,WG13M,MG231A,CG14W,CG110V,CG27I,CG226Q",0.29989544,-0.21203889,3,2
"2NY7_HL_G|WG13M,MG231A,CG14W,CG110V",1.1574335,0.11472696,3,2
"2NY7_HL_G|WG13M,MG231A,CG14W,CG110V,CG27I,CG226Q",0.44904727,-0.45602873,3,2
"2NY7_HL_G|WG13M,MG231A,CG14W,CG110V,KG66C,EG102C",0.55101526,0.5120548,3,2
"2NY7_HL_G|WG13M,SG92T,WG181S,MG231A,CG14W,CG110V,CG27I,CG226Q",-0.3035898,-0.58032477,3,2
3BN9_B_CD|DB214A,0.5662115,0.30540776,3,2
3BN9_B_CD|DB46A,0.42238826,0.16761193,3,2
3BN9_B_CD|DB47A,0.31110755,0.15505928,3,2
3BN9_B_CD|EB163A,0.37321588,0.25401708,3,2
3BN9_B_CD|FB50A,-0.044997852,0.50986147,3,2
3BN9_B_CD|FB89A,0.6392419,0.5189853,3,2
3BN9_B_CD|HB138A,0.085063316,0.15960506,3,2
3BN9_B_CD|IB26A,0.0,0.5642829,3,2
3BN9_B_CD|IB45A,0.8352155,0.445818,3,2
3BN9_B_CD|KB221A,0.7849689,0.55459785,3,2
3BN9_B_CD|LB147A,0.33619216,0.10713931,3,2
3BN9_B_CD|NB90A,0.7733444,0.31186697,3,2
3BN9_B_CD|PD104H,2.4272547,-0.106568605,3,2
3BN9_B_CD|QB140A,0.1331048,0.28194398,3,2
3BN9_B_CD|QB168A,-0.03469869,0.54162014,3,2
3BN9_B_CD|QB169A,2.5089848,0.55590683,3,2
3BN9_B_CD|QB218A,0.70571065,0.5125343,3,2
3BN9_B_CD|QB23A,-0.41530684,0.58711374,3,2
3BN9_B_CD|QD105V,1.2241027,-0.006172389,3,2
3BN9_B_CD|RB219A,-0.093698174,0.2115064,3,2
3BN9_B_CD|RB48A,-0.044997852,0.4628875,3,2
3BN9_B_CD|RB51A,-0.07155777,0.43754435,3,2
3BN9_B_CD|RB82A,-0.15923285,0.36692026,3,2
3BN9_B_CD|SD30G,1.1861069,-0.09466247,3,2
3BN9_B_CD|SD30N,1.145505,0.11120252,3,2
3BN9_B_CD|TB144A,0.2908351,0.31269896,3,2
3BN9_B_CD|TB93A,1.1320528,0.57434064,3,2
3BN9_B_CD|TD102Q,-0.02153644,-0.13205503,3,2
3BN9_B_CD|TD102R,-0.058294915,-0.1662507,3,2
3BN9_B_CD|TD28R,0.33290586,-0.06010183,3,2
3BN9_B_CD|YB141A,1.0846525,0.24153884,3,2
3BN9_B_CD|YB52A,0.018951595,0.31780288,3,2
3BN9_B_CD|YD103S,0.45868576,0.4727944,3,2
4GXU_ABCDEF_MN|DA189E,2.1650882,0.1633281,3,2
"4GXU_ABCDEF_MN|DA189E,DA224G",3.0102077,0.23233935,3,2
4GXU_ABCDEF_MN|DA224G,1.9608781,0.11485454,3,2
"1JRH_LH_I|AI49S,II51T,HI55D",0.070675574,-1.0100982,4,0
"1JRH_LH_I|AI85D,KI88R,EI90K",-0.047747865,-0.4595632,4,0
"1JRH_LH_I|AI93L,VI94M",0.63366294,-1.2604346,4,0
1JRH_LH_I|DH56A,1.8860998,3.0867665,4,0
1JRH_LH_I|DH57A,1.6660647,0.93426144,4,0
1JRH_LH_I|DH58A,1.8546488,0.8109561,4,0
1JRH_LH_I|DL28A,0.43464687,1.9629183,4,0
1JRH_LH_I|EI35Q,0.09956847,0.08133497,4,0
1JRH_LH_I|EI45A,-0.5657849,0.14264517,4,0
1JRH_LH_I|EI45P,-3.7881775,-0.12427844,4,0
"1JRH_LH_I|EI45P,II47L",-3.4567804,0.1454805,4,0
"1JRH_LH_I|EI45P,II47R",-3.4400978,-0.12081069,4,0
1JRH_LH_I|EL27A,0.5426153,0.84228987,4,0
1JRH_LH_I|FH103A,0.0,0.43235558,4,0
1JRH_LH_I|GI40A,4.0,2.0758297,4,0
1JRH_LH_I|HH107A,1.6977708,-0.5434212,4,0
"1JRH_LH_I|II25N,PI27S,VI29T,VI31I",0.14370596,-1.433596,4,0
1JRH_LH_I|KI37A,3.713863,0.8873872,4,0
1JRH_LH_I|KI37M,3.2923293,0.58873224,4,0
1JRH_LH_I|KI42A,3.3858175,1.5284832,4,0
1JRH_LH_I|KI42M,4.0,-0.066032626,4,0
1JRH_LH_I|KI88A,0.31209365,0.7079804,4,0
"1JRH_LH_I|MI15L,II18V",-0.21360606,1.6170031,4,0
1JRH_LH_I|NI38A,0.1704579,0.40876487,4,0
1JRH_LH_I|NI38Q,0.5344714,0.13221225,4,0
1JRH_LH_I|NI43A,4.0,0.36993635,4,0
1JRH_LH_I|NI69A,-0.19953421,-0.20663355,4,0
1JRH_LH_I|RH100A,0.5426153,3.1124475,4,0
1JRH_LH_I|RI74A,0.3926171,0.89735144,4,0
1JRH_LH_I|SI44A,0.37771076,2.131489,4,0
"1JRH_LH_I|SI44G,EI45G,II47R",-3.3777049,1.5990628,4,0
"1JRH_LH_I|SI44G,EI45P,II47K",-3.884419,0.61967057,4,0
"1JRH_LH_I|SI61Y,DI62E,HI63Q,VI64I,GI65M,DI66Y,SI68D,NI69V,LI71A",2.9588323,2.8140647,4,0
1JRH_LH_I|SL93A,-0.65058374,0.8131455,4,0
1JRH_LH_I|TI4V,-0.025565991,1.9008932,4,0
"1JRH_LH_I|TI9L,EI11K",-0.025565991,-0.111204,4,0
1JRH_LH_I|TL94A,0.38526937,0.3360124,4,0
1JRH_LH_I|VI41A,1.6791569,0.19637302,4,0
"1JRH_LH_I|VI73A,RI78K",-0.21360606,-0.8866642,4,0
1JRH_LH_I|WH54A,2.6862645,3.5563946,4,0
1JRH_LH_I|WH55A,2.4213178,1.8003014,4,0
1JRH_LH_I|WI46F,-0.25261214,0.58018225,4,0
1JRH_LH_I|WI46Y,0.29852974,0.8961352,4,0
1JRH_LH_I|WI72A,4.0,1.0828104,4,0
1JRH_LH_I|WI72F,1.102707,0.09103321,4,0
1JRH_LH_I|WI72Y,1.1878273,0.009120109,4,0
1JRH_LH_I|WL92A,2.818407,0.30111206,4,0
1JRH_LH_I|WL95A,1.6660647,0.4814427,4,0
1JRH_LH_I|YH104A,1.0610564,0.30493242,4,0
1JRH_LH_I|YH32A,1.4333102,0.59436566,4,0
1JRH_LH_I|YH60A,1.2555921,1.7191807,4,0
1JRH_LH_I|YI39A,3.5271235,1.1326498,4,0
1JRH_LH_I|YI39F,0.9087807,-0.22836827,4,0
1JRH_LH_I|YL30A,1.1084566,1.5023344,4,0
1JRH_LH_I|YL91A,0.58083415,2.1749585,4,0
1KIQ_AB_C|FB101Y,-2.4949589,-1.8227767,4,0
1XGR_AB_C|IB33A,2.260207,2.2975783,4,0
1XGR_AB_C|IB33F,-1.8004549,-1.7985827,4,0
1XGR_AB_C|IB33L,0.061315425,-0.2723031,4,0
1XGR_AB_C|IB33V,1.1076277,0.87839246,4,0
2BDN_HL_A|DH31E,1.0852306,0.3839212,4,0
2BDN_HL_A|LH27K,0.8740124,-0.06071468,4,0
2BDN_HL_A|LH27R,0.65058374,-0.35593855,4,0
2BDN_HL_A|NH28D,0.13214268,-0.49530897,4,0
2BDN_HL_A|NH28Q,1.3994616,0.29441178,4,0
2BDN_HL_A|NL31K,3.4897714,1.007298,4,0
2BDN_HL_A|NL31R,-0.9171868,0.59964776,4,0
2BDN_HL_A|SL53D,-0.1605731,-0.79512,4,0
2BDN_HL_A|SL53E,-0.85132045,-0.9055379,4,0
2BDN_HL_A|TL56D,-0.4254655,-0.07863249,4,0
2BDN_HL_A|TL56E,-0.6888026,0.14110175,4,0
2BDN_HL_A|YL30K,0.67475796,0.3996762,4,0
2NYY_DC_A|DA1030A,0.009336901,0.7595996,4,0
2NYY_DC_A|DA1034A,2.5297937,1.7489047,4,0
2NYY_DC_A|DC30Y,0.64113563,-0.14238392,4,0
2NYY_DC_A|EA892A,2.839132,1.2325069,4,0
2NYY_DC_A|ED5Q,-0.2479871,-0.032761883,4,0
2NYY_DC_A|FA889A,0.4193659,0.85954624,4,0
2NYY_DC_A|FA925A,4.0,1.0189832,4,0
2NYY_DC_A|HA1036A,4.0,1.1197277,4,0
2NYY_DC_A|HC34R,0.10088469,-0.21166813,4,0
2NYY_DC_A|IA928A,-0.009487502,1.4278466,4,0
2NYY_DC_A|KA1028A,-0.028934313,0.20446414,4,0
2NYY_DC_A|KA875A,0.29098648,0.8852332,4,0
2NYY_DC_A|KA895A,-0.14014584,0.19769715,4,0
2NYY_DC_A|KD29R,0.071385965,-0.31284243,4,0
"2NYY_DC_A|KD29S,YD30D,DD31H,SD60P",0.04961051,0.11019646,4,0
2NYY_DC_A|LA891A,2.5892105,-0.3344152,4,0
2NYY_DC_A|MD33Q,-0.059869844,0.2496437,4,0
2NYY_DC_A|NA890A,0.89044046,0.059013106,4,0
2NYY_DC_A|NA926A,0.09934822,-0.47607446,4,0
2NYY_DC_A|QA887A,0.5208145,-1.6124077,4,0
2NYY_DC_A|RA1033A,0.82012254,0.5607563,4,0
2NYY_DC_A|RA1266A,0.2995321,1.1683159,4,0
2NYY_DC_A|SA874A,-0.23032175,0.80039763,4,0
2NYY_DC_A|SA927A,0.0,1.6742114,4,0
2NYY_DC_A|SC28Q,0.4133828,0.34599298,4,0
2NYY_DC_A|SC31N,-0.35338265,-0.553227,4,0
2NYY_DC_A|TA1035A,1.630871,0.43388075,4,0
2NYY_DC_A|VD36I,-0.21317148,0.071420744,4,0
"2NYY_DC_A|VD36I,ED5Q",-0.0490461,-0.014206316,4,0
2NYY_DC_A|YD30D,0.06462482,0.95748687,4,0
2NYY_DC_A|YD30Q,0.12897444,1.0628151,4,0
2NYY_DC_A|YD56Q,0.5196862,0.6103455,4,0
2NZ9_DC_A|DA1030A,-0.031082604,0.88325423,4,0
2NZ9_DC_A|DA1034A,2.3396032,1.7257451,4,0
2NZ9_DC_A|EA892A,2.77036,1.2920024,4,0
2NZ9_DC_A|FA889A,-0.04961051,0.94959944,4,0
2NZ9_DC_A|FA925A,3.340439,1.0743308,4,0
2NZ9_DC_A|HA1036A,4.0,1.0568796,4,0
2NZ9_DC_A|IA928A,0.069281444,1.4144801,4,0
2NZ9_DC_A|KA1028A,-0.008714417,0.1559131,4,0
2NZ9_DC_A|KA875A,0.5407011,1.0796798,4,0
2NZ9_DC_A|KA895A,-0.29975358,0.23394878,4,0
2NZ9_DC_A|LA891A,2.279965,-0.23463035,4,0
2NZ9_DC_A|NA890A,2.1600318,-0.075811975,4,0
2NZ9_DC_A|NA926A,-0.15216734,-0.43981695,4,0
2NZ9_DC_A|QA887A,0.09926054,-1.7044035,4,0
2NZ9_DC_A|RA1033A,0.29088098,0.5149162,4,0
2NZ9_DC_A|RA1266A,0.39015788,1.094006,4,0
2NZ9_DC_A|SA874A,-0.11948046,0.8274614,4,0
2NZ9_DC_A|SA927A,-0.078544825,1.7155563,4,0
"2NZ9_DC_A|SD29K,DD30Y,HD31D",-0.04961051,0.10925892,4,0
2NZ9_DC_A|TA1035A,2.3703818,0.46152782,4,0
2VIS_AB_C|IC89T,-4.0,-3.4564283,4,0
"3BE1_HL_A|DL28N,PL30A,RL31K,SL32T,TL97S,TL98S",-0.6860794,-1.207863,4,0
"3BE1_HL_A|DL28N,PL30A,RL31K,SL32T,TL97S,TL98S,KH30S,DH31G,TH54S,NH55E,GH100V,DH102V",-2.7728782,-2.5519,4,0
"3BE1_HL_A|DL28N,PL30A,RL31K,SL32T,TL97S,TL98S,KH30S,DH31G,TH54S,NH55E,GH100V,DH102V,YL36A",-3.190238,-0.5205892,4,0
"3BE1_HL_A|DL28N,PL30A,RL31K,SL32T,TL97S,TL98S,KH30S,DH31G,TH54S,NH55E,GH100V,DH102V,YL36A,IL33A",-2.7728782,-0.9242886,4,0
"3BE1_HL_A|DL28N,PL30A,RL31K,SL32T,YL57F,TL97S,TL98S",-0.8683455,-0.9396091,4,0
"3BE1_HL_A|DL28N,PL30A,RL31K,SL32T,YL57F,TL97S,TL98S,KH30S,DH31G,TH54S,NH55E,GH100V,DH102V",-2.8824897,-2.2846859,4,0
3LZF_AB_HL|DA187E,0.49836498,0.7453556,4,0
"3LZF_AB_HL|DA187E,DA222G",0.12738612,0.8742725,4,0
3LZF_AB_HL|DA222G,0.5378587,0.17660022,4,0
3NGB_HL_G|AH57G,-0.056030333,-0.5819243,4,0
"3NGB_HL_G|AH57G,VH58T,PH63K,VH74T",1.6734211,-0.7565002,4,0
"3NGB_HL_G|CH32S,CH102A",0.25899792,0.55274916,4,0
3NGB_HL_G|DH103A,0.05987142,-0.13398817,4,0
3NGB_HL_G|EL88A,1.3199503,1.4768242,4,0
3NGB_HL_G|FL89A,0.85886127,0.36452848,4,0
3NGB_HL_G|GH55A,-1.2766591,0.41750038,4,0
3NGB_HL_G|GH55S,0.74304354,0.5598623,4,0
3NGB_HL_G|GH56A,1.2656107,0.87680054,4,0
3NGB_HL_G|IH30A,-0.0027431613,0.9708164,4,0
3NGB_HL_G|IH30T,0.0733938,-0.03642725,4,0
"3NGB_HL_G|IH30T,KH52N,RH54N,GH55S,AH57G,VH58T,RH62Q,PH63K,VH74T,YH75S,YL26S",0.86214453,-3.2165298,4,0
3NGB_HL_G|KH52A,0.62288266,1.2411964,4,0
3NGB_HL_G|KH52N,0.17497002,-0.038874466,4,0
3NGB_HL_G|MH70A,0.5305512,0.25142923,4,0
3NGB_HL_G|NH105A,1.1185741,-0.15046075,4,0
3NGB_HL_G|NH59A,1.7671243,1.7127815,4,0
3NGB_HL_G|PH63A,-0.04252045,0.33388117,4,0
3NGB_HL_G|PH63K,0.23252328,-0.04551667,4,0
3NGB_HL_G|QH65A,-0.34038836,0.58243316,4,0
3NGB_HL_G|QL25A,-0.23060839,0.4824046,4,0
3NGB_HL_G|RH54A,-0.25938424,1.0235636,4,0
3NGB_HL_G|RH54N,0.04645046,-0.45101786,4,0
3NGB_HL_G|RH62A,0.9958448,1.2346237,4,0
3NGB_HL_G|RH62Q,0.09654992,0.46056625,4,0
3NGB_HL_G|RH72A,1.6432176,2.475211,4,0
3NGB_HL_G|SL28A,-0.14471176,0.96456856,4,0
3NGB_HL_G|TH33A,0.7071634,1.6644049,4,0
3NGB_HL_G|TH33Y,0.084193856,-1.3451285,4,0
"3NGB_HL_G|TH33Y,GH56S,AH57G,VH58T,PH63K,VH74T,YH75S",1.9381938,-0.86933464,4,0
3NGB_HL_G|VH58A,1.3584284,1.7067512,4,0
3NGB_HL_G|VH58T,0.13787223,0.44331715,4,0
3NGB_HL_G|VH74A,1.087914,0.5334758,4,0
3NGB_HL_G|VH74T,0.16493925,-0.009302095,4,0
3NGB_HL_G|VL1A,-0.7733632,-0.10858077,4,0
3NGB_HL_G|WH106A,4.0,-0.04032408,4,0
3NGB_HL_G|WH47A,1.2021707,1.6489089,4,0
3NGB_HL_G|WH50A,1.2917941,1.7166626,4,0
3NGB_HL_G|YH104A,1.4235861,0.1499505,4,0
3NGB_HL_G|YH60A,0.5484263,0.8248423,4,0
3NGB_HL_G|YH75A,-0.19932224,0.49046826,4,0
3NGB_HL_G|YH75S,0.3325709,0.3899483,4,0
3NGB_HL_G|YL26A,0.98528093,1.5233337,4,0
3NGB_HL_G|YL26S,0.6512687,1.3044391,4,0
3NGB_HL_G|YL87A,2.0227883,0.45898265,4,0
4JPK_HL_A|DA141R,3.857323,0.44166386,4,0
"4JPK_HL_A|DA159N,DA33N",0.6189681,3.3264933,4,0
4JPK_HL_A|FA144I,1.3875175,0.99017334,4,0
4JPK_HL_A|FA63L,1.1672868,1.4993069,4,0
4JPK_HL_A|RA130K,0.23006605,0.028782308,4,0
4JPK_HL_A|RA81T,0.75870305,0.45696622,4,0
4JPK_HL_A|SA41G,2.151695,1.6307607,4,0
4JPK_HL_A|TA35S,-0.032093357,-1.5822557,4,0
4JPK_HL_A|VA30N,0.59459484,0.08472437,4,0
"1JRH_LH_I|AI49S,II51T,HI55D",0.070675574,0.13887042,4,1
"1JRH_LH_I|AI85D,KI88R,EI90K",-0.047747865,-0.9928737,4,1
"1JRH_LH_I|AI93L,VI94M",0.63366294,-0.4087063,4,1
1JRH_LH_I|DH56A,1.8860998,2.0359333,4,1
1JRH_LH_I|DH57A,1.6660647,1.8589227,4,1
1JRH_LH_I|DH58A,1.8546488,1.6067679,4,1
1JRH_LH_I|DL28A,0.43464687,1.5371176,4,1
1JRH_LH_I|EI35Q,0.09956847,-0.17205916,4,1
1JRH_LH_I|EI45A,-0.5657849,0.4256087,4,1
1JRH_LH_I|EI45P,-3.7881775,0.0075818673,4,1
"1JRH_LH_I|EI45P,II47L",-3.4567804,0.23408067,4,1
"1JRH_LH_I|EI45P,II47R",-3.4400978,-0.01680039,4,1
1JRH_LH_I|EL27A,0.5426153,1.3358243,4,1
1JRH_LH_I|FH103A,0.0,0.64651114,4,1
1JRH_LH_I|GI40A,4.0,0.6119276,4,1
1JRH_LH_I|HH107A,1.6977708,0.42022923,4,1
"1JRH_LH_I|II25N,PI27S,VI29T,VI31I",0.14370596,-0.2753815,4,1
1JRH_LH_I|KI37A,3.713863,0.4075437,4,1
1JRH_LH_I|KI37M,3.2923293,0.2220993,4,1
1JRH_LH_I|KI42A,3.3858175,0.39499202,4,1
1JRH_LH_I|KI42M,4.0,0.11454961,4,1
1JRH_LH_I|KI88A,0.31209365,0.21835604,4,1
"1JRH_LH_I|MI15L,II18V",-0.21360606,0.8143218,4,1
1JRH_LH_I|NI38A,0.1704579,0.54934955,4,1
1JRH_LH_I|NI38Q,0.5344714,-0.616303,4,1
1JRH_LH_I|NI43A,4.0,0.4198865,4,1
1JRH_LH_I|NI69A,-0.19953421,0.21020454,4,1
1JRH_LH_I|RH100A,0.5426153,1.5031326,4,1
1JRH_LH_I|RI74A,0.3926171,0.5934789,4,1
1JRH_LH_I|SI44A,0.37771076,1.052755,4,1
"1JRH_LH_I|SI44G,EI45G,II47R",-3.3777049,-0.033550054,4,1
"1JRH_LH_I|SI44G,EI45P,II47K",-3.884419,0.04500008,4,1
"1JRH_LH_I|SI61Y,DI62E,HI63Q,VI64I,GI65M,DI66Y,SI68D,NI69V,LI71A",2.9588323,0.46670067,4,1
1JRH_LH_I|SL93A,-0.65058374,0.42892087,4,1
1JRH_LH_I|TI4V,-0.025565991,-0.49423218,4,1
"1JRH_LH_I|TI9L,EI11K",-0.025565991,-0.2105542,4,1
1JRH_LH_I|TL94A,0.38526937,0.41470867,4,1
1JRH_LH_I|VI41A,1.6791569,0.11270599,4,1
"1JRH_LH_I|VI73A,RI78K",-0.21360606,0.12811458,4,1
1JRH_LH_I|WH54A,2.6862645,2.1897306,4,1
1JRH_LH_I|WH55A,2.4213178,1.324833,4,1
1JRH_LH_I|WI46F,-0.25261214,0.486996,4,1
1JRH_LH_I|WI46Y,0.29852974,-0.023300035,4,1
1JRH_LH_I|WI72A,4.0,1.350417,4,1
1JRH_LH_I|WI72F,1.102707,0.086946726,4,1
1JRH_LH_I|WI72Y,1.1878273,-0.70256954,4,1
1JRH_LH_I|WL92A,2.818407,1.0737395,4,1
1JRH_LH_I|WL95A,1.6660647,0.9138028,4,1
1JRH_LH_I|YH104A,1.0610564,1.3352146,4,1
1JRH_LH_I|YH32A,1.4333102,1.4671291,4,1
1JRH_LH_I|YH60A,1.2555921,1.9819897,4,1
1JRH_LH_I|YI39A,3.5271235,1.8976434,4,1
1JRH_LH_I|YI39F,0.9087807,0.4456431,4,1
1JRH_LH_I|YL30A,1.1084566,1.5048394,4,1
1JRH_LH_I|YL91A,0.58083415,2.4253995,4,1
1KIQ_AB_C|FB101Y,-2.4949589,-0.45005015,4,1
1XGR_AB_C|IB33A,2.260207,1.5671815,4,1
1XGR_AB_C|IB33F,-1.8004549,-0.14610273,4,1
1XGR_AB_C|IB33L,0.061315425,0.25761142,4,1
1XGR_AB_C|IB33V,1.1076277,0.5460092,4,1
2BDN_HL_A|DH31E,1.0852306,-0.030625008,4,1
2BDN_HL_A|LH27K,0.8740124,0.11635198,4,1
2BDN_HL_A|LH27R,0.65058374,0.22712666,4,1
2BDN_HL_A|NH28D,0.13214268,-0.6039824,4,1
2BDN_HL_A|NH28Q,1.3994616,-0.0653826,4,1
2BDN_HL_A|NL31K,3.4897714,-0.030378344,4,1
2BDN_HL_A|NL31R,-0.9171868,0.029150862,4,1
2BDN_HL_A|SL53D,-0.1605731,-0.7651402,4,1
2BDN_HL_A|SL53E,-0.85132045,-0.48784727,4,1
2BDN_HL_A|TL56D,-0.4254655,-0.66039914,4,1
2BDN_HL_A|TL56E,-0.6888026,-0.5308158,4,1
2BDN_HL_A|YL30K,0.67475796,0.5343397,4,1
2NYY_DC_A|DA1030A,0.009336901,0.42178625,4,1
2NYY_DC_A|DA1034A,2.5297937,0.95906293,4,1
2NYY_DC_A|DC30Y,0.64113563,0.04470736,4,1
2NYY_DC_A|EA892A,2.839132,0.3636713,4,1
2NYY_DC_A|ED5Q,-0.2479871,0.16678,4,1
2NYY_DC_A|FA889A,0.4193659,0.98282135,4,1
2NYY_DC_A|FA925A,4.0,1.1294521,4,1
2NYY_DC_A|HA1036A,4.0,1.2024001,4,1
2NYY_DC_A|HC34R,0.10088469,-0.21594037,4,1
2NYY_DC_A|IA928A,-0.009487502,0.36691254,4,1
2NYY_DC_A|KA1028A,-0.028934313,0.022585835,4,1
2NYY_DC_A|KA875A,0.29098648,0.6919553,4,1
2NYY_DC_A|KA895A,-0.14014584,0.45728734,4,1
2NYY_DC_A|KD29R,0.071385965,-0.15875788,4,1
"2NYY_DC_A|KD29S,YD30D,DD31H,SD60P",0.04961051,1.0419737,4,1
2NYY_DC_A|LA891A,2.5892105,0.112382054,4,1
2NYY_DC_A|MD33Q,-0.059869844,0.13629784,4,1
2NYY_DC_A|NA890A,0.89044046,0.32289296,4,1
2NYY_DC_A|NA926A,0.09934822,0.27642184,4,1
2NYY_DC_A|QA887A,0.5208145,0.4921046,4,1
2NYY_DC_A|RA1033A,0.82012254,0.5641228,4,1
2NYY_DC_A|RA1266A,0.2995321,0.66259617,4,1
2NYY_DC_A|SA874A,-0.23032175,0.28874168,4,1
2NYY_DC_A|SA927A,0.0,0.4796201,4,1
2NYY_DC_A|SC28Q,0.4133828,0.11852278,4,1
2NYY_DC_A|SC31N,-0.35338265,-0.10688859,4,1
2NYY_DC_A|TA1035A,1.630871,0.2443563,4,1
2NYY_DC_A|VD36I,-0.21317148,0.047598045,4,1
"2NYY_DC_A|VD36I,ED5Q",-0.0490461,0.1764211,4,1
2NYY_DC_A|YD30D,0.06462482,0.41467586,4,1
2NYY_DC_A|YD30Q,0.12897444,0.7314221,4,1
2NYY_DC_A|YD56Q,0.5196862,0.8497269,4,1
2NZ9_DC_A|DA1030A,-0.031082604,0.4685154,4,1
2NZ9_DC_A|DA1034A,2.3396032,0.9504231,4,1
2NZ9_DC_A|EA892A,2.77036,0.39077955,4,1
2NZ9_DC_A|FA889A,-0.04961051,0.9186771,4,1
2NZ9_DC_A|FA925A,3.340439,1.1023623,4,1
2NZ9_DC_A|HA1036A,4.0,1.1924807,4,1
2NZ9_DC_A|IA928A,0.069281444,0.32644728,4,1
2NZ9_DC_A|KA1028A,-0.008714417,0.030605484,4,1
2NZ9_DC_A|KA875A,0.5407011,0.6402947,4,1
2NZ9_DC_A|KA895A,-0.29975358,0.39307314,4,1
2NZ9_DC_A|LA891A,2.279965,0.14311153,4,1
2NZ9_DC_A|NA890A,2.1600318,0.35672897,4,1
2NZ9_DC_A|NA926A,-0.15216734,0.23801482,4,1
2NZ9_DC_A|QA887A,0.09926054,0.5315933,4,1
2NZ9_DC_A|RA1033A,0.29088098,0.6118988,4,1
2NZ9_DC_A|RA1266A,0.39015788,0.6569156,4,1
2NZ9_DC_A|SA874A,-0.11948046,0.30584303,4,1
2NZ9_DC_A|SA927A,-0.078544825,0.51031107,4,1
"2NZ9_DC_A|SD29K,DD30Y,HD31D",-0.04961051,-0.93055296,4,1
2NZ9_DC_A|TA1035A,2.3703818,0.2553826,4,1
2VIS_AB_C|IC89T,-4.0,-0.2001176,4,1
"3BE1_HL_A|DL28N,PL30A,RL31K,SL32T,TL97S,TL98S",-0.6860794,-0.7530817,4,1
"3BE1_HL_A|DL28N,PL30A,RL31K,SL32T,TL97S,TL98S,KH30S,DH31G,TH54S,NH55E,GH100V,DH102V",-2.7728782,-2.4147782,4,1
"3BE1_HL_A|DL28N,PL30A,RL31K,SL32T,TL97S,TL98S,KH30S,DH31G,TH54S,NH55E,GH100V,DH102V,YL36A",-3.190238,-0.43088648,4,1
"3BE1_HL_A|DL28N,PL30A,RL31K,SL32T,TL97S,TL98S,KH30S,DH31G,TH54S,NH55E,GH100V,DH102V,YL36A,IL33A",-2.7728782,0.88079715,4,1
"3BE1_HL_A|DL28N,PL30A,RL31K,SL32T,YL57F,TL97S,TL98S",-0.8683455,-0.5521793,4,1
"3BE1_HL_A|DL28N,PL30A,RL31K,SL32T,YL57F,TL97S,TL98S,KH30S,DH31G,TH54S,NH55E,GH100V,DH102V",-2.8824897,-2.2151263,4,1
3LZF_AB_HL|DA187E,0.49836498,0.4511494,4,1
"3LZF_AB_HL|DA187E,DA222G",0.12738612,1.0060209,4,1
3LZF_AB_HL|DA222G,0.5378587,0.43960565,4,1
3NGB_HL_G|AH57G,-0.056030333,-1.7290161,4,1
"3NGB_HL_G|AH57G,VH58T,PH63K,VH74T",1.6734211,-1.5975336,4,1
"3NGB_HL_G|CH32S,CH102A",0.25899792,0.93559563,4,1
3NGB_HL_G|DH103A,0.05987142,0.55573916,4,1
3NGB_HL_G|EL88A,1.3199503,0.7787134,4,1
3NGB_HL_G|FL89A,0.85886127,0.7517037,4,1
3NGB_HL_G|GH55A,-1.2766591,1.2624142,4,1
3NGB_HL_G|GH55S,0.74304354,0.47968405,4,1
3NGB_HL_G|GH56A,1.2656107,0.9136094,4,1
3NGB_HL_G|IH30A,-0.0027431613,1.0777078,4,1
3NGB_HL_G|IH30T,0.0733938,0.15001461,4,1
"3NGB_HL_G|IH30T,KH52N,RH54N,GH55S,AH57G,VH58T,RH62Q,PH63K,VH74T,YH75S,YL26S",0.86214453,-0.59968853,4,1
3NGB_HL_G|KH52A,0.62288266,1.1173482,4,1
3NGB_HL_G|KH52N,0.17497002,0.20709653,4,1
3NGB_HL_G|MH70A,0.5305512,0.76065785,4,1
3NGB_HL_G|NH105A,1.1185741,0.4464714,4,1
3NGB_HL_G|NH59A,1.7671243,0.86440694,4,1
3NGB_HL_G|PH63A,-0.04252045,0.42514133,4,1
3NGB_HL_G|PH63K,0.23252328,-0.16530123,4,1
3NGB_HL_G|QH65A,-0.34038836,0.70474625,4,1
3NGB_HL_G|QL25A,-0.23060839,0.87979156,4,1
3NGB_HL_G|RH54A,-0.25938424,0.47698927,4,1
3NGB_HL_G|RH54N,0.04645046,-0.16530444,4,1
3NGB_HL_G|RH62A,0.9958448,0.5188644,4,1
3NGB_HL_G|RH62Q,0.09654992,-0.12458615,4,1
3NGB_HL_G|RH72A,1.6432176,0.6595948,4,1
3NGB_HL_G|SL28A,-0.14471176,0.7115375,4,1
3NGB_HL_G|TH33A,0.7071634,0.9376664,4,1
3NGB_HL_G|TH33Y,0.084193856,-0.6367116,4,1
"3NGB_HL_G|TH33Y,GH56S,AH57G,VH58T,PH63K,VH74T,YH75S",1.9381938,-1.3788987,4,1
3NGB_HL_G|VH58A,1.3584284,0.8350055,4,1
3NGB_HL_G|VH58T,0.13787223,0.08667974,4,1
3NGB_HL_G|VH74A,1.087914,0.8014113,4,1
3NGB_HL_G|VH74T,0.16493925,0.075396046,4,1
3NGB_HL_G|VL1A,-0.7733632,0.27334136,4,1
3NGB_HL_G|WH106A,4.0,0.8936096,4,1
3NGB_HL_G|WH47A,1.2021707,1.1794935,4,1
3NGB_HL_G|WH50A,1.2917941,1.3190948,4,1
3NGB_HL_G|YH104A,1.4235861,0.8489582,4,1
3NGB_HL_G|YH60A,0.5484263,1.2432812,4,1
3NGB_HL_G|YH75A,-0.19932224,0.9539488,4,1
3NGB_HL_G|YH75S,0.3325709,0.5217047,4,1
3NGB_HL_G|YL26A,0.98528093,1.420705,4,1
3NGB_HL_G|YL26S,0.6512687,0.70147395,4,1
3NGB_HL_G|YL87A,2.0227883,1.6837494,4,1
4JPK_HL_A|DA141R,3.857323,0.2326062,4,1
"4JPK_HL_A|DA159N,DA33N",0.6189681,0.5529969,4,1
4JPK_HL_A|FA144I,1.3875175,0.38281423,4,1
4JPK_HL_A|FA63L,1.1672868,0.8255239,4,1
4JPK_HL_A|RA130K,0.23006605,-0.012575729,4,1
4JPK_HL_A|RA81T,0.75870305,0.25261062,4,1
4JPK_HL_A|SA41G,2.151695,0.07584232,4,1
4JPK_HL_A|TA35S,-0.032093357,-0.06945979,4,1
4JPK_HL_A|VA30N,0.59459484,0.060764384,4,1
"1JRH_LH_I|AI49S,II51T,HI55D",0.070675574,-0.003990352,4,2
"1JRH_LH_I|AI85D,KI88R,EI90K",-0.047747865,-0.84769785,4,2
"1JRH_LH_I|AI93L,VI94M",0.63366294,-0.5062423,4,2
1JRH_LH_I|DH56A,1.8860998,0.7564053,4,2
1JRH_LH_I|DH57A,1.6660647,0.65789425,4,2
1JRH_LH_I|DH58A,1.8546488,0.67250025,4,2
1JRH_LH_I|DL28A,0.43464687,0.38620245,4,2
1JRH_LH_I|EI35Q,0.09956847,-0.20559688,4,2
1JRH_LH_I|EI45A,-0.5657849,0.60921437,4,2
1JRH_LH_I|EI45P,-3.7881775,0.112359524,4,2
"1JRH_LH_I|EI45P,II47L",-3.4567804,0.37687728,4,2
"1JRH_LH_I|EI45P,II47R",-3.4400978,0.09913543,4,2
1JRH_LH_I|EL27A,0.5426153,0.7121623,4,2
1JRH_LH_I|FH103A,0.0,0.6293841,4,2
1JRH_LH_I|GI40A,4.0,0.30848047,4,2
1JRH_LH_I|HH107A,1.6977708,0.6562544,4,2
"1JRH_LH_I|II25N,PI27S,VI29T,VI31I",0.14370596,-0.06830509,4,2
1JRH_LH_I|KI37A,3.713863,0.7246515,4,2
1JRH_LH_I|KI37M,3.2923293,0.2442767,4,2
1JRH_LH_I|KI42A,3.3858175,0.6867873,4,2
1JRH_LH_I|KI42M,4.0,0.17176585,4,2
1JRH_LH_I|KI88A,0.31209365,0.8995619,4,2
"1JRH_LH_I|MI15L,II18V",-0.21360606,0.74524444,4,2
1JRH_LH_I|NI38A,0.1704579,0.30786094,4,2
1JRH_LH_I|NI38Q,0.5344714,-0.21418412,4,2
1JRH_LH_I|NI43A,4.0,0.4894724,4,2
1JRH_LH_I|NI69A,-0.19953421,0.5690641,4,2
1JRH_LH_I|RH100A,0.5426153,0.48485157,4,2
1JRH_LH_I|RI74A,0.3926171,1.0898602,4,2
1JRH_LH_I|SI44A,0.37771076,0.64510155,4,2
"1JRH_LH_I|SI44G,EI45G,II47R",-3.3777049,0.20857474,4,2
"1JRH_LH_I|SI44G,EI45P,II47K",-3.884419,0.06364744,4,2
"1JRH_LH_I|SI61Y,DI62E,HI63Q,VI64I,GI65M,DI66Y,SI68D,NI69V,LI71A",2.9588323,-0.21348499,4,2
1JRH_LH_I|SL93A,-0.65058374,0.12424427,4,2
1JRH_LH_I|TI4V,-0.025565991,-0.11999528,4,2
"1JRH_LH_I|TI9L,EI11K",-0.025565991,-0.41693965,4,2
1JRH_LH_I|TL94A,0.38526937,0.5203814,4,2
1JRH_LH_I|VI41A,1.6791569,0.24360639,4,2
"1JRH_LH_I|VI73A,RI78K",-0.21360606,0.3091011,4,2
1JRH_LH_I|WH54A,2.6862645,0.5873495,4,2
1JRH_LH_I|WH55A,2.4213178,0.6651814,4,2
1JRH_LH_I|WI46F,-0.25261214,-0.16565579,4,2
1JRH_LH_I|WI46Y,0.29852974,-0.31058612,4,2
1JRH_LH_I|WI72A,4.0,1.0027748,4,2
1JRH_LH_I|WI72F,1.102707,0.1544056,4,2
1JRH_LH_I|WI72Y,1.1878273,-0.09331128,4,2
1JRH_LH_I|WL92A,2.818407,0.6024544,4,2
1JRH_LH_I|WL95A,1.6660647,0.58281606,4,2
1JRH_LH_I|YH104A,1.0610564,1.1751127,4,2
1JRH_LH_I|YH32A,1.4333102,0.8510506,4,2
1JRH_LH_I|YH60A,1.2555921,1.2951872,4,2
1JRH_LH_I|YI39A,3.5271235,1.1075251,4,2
1JRH_LH_I|YI39F,0.9087807,0.21729274,4,2
1JRH_LH_I|YL30A,1.1084566,0.9483966,4,2
1JRH_LH_I|YL91A,0.58083415,1.3420353,4,2
1KIQ_AB_C|FB101Y,-2.4949589,-0.3960315,4,2
1XGR_AB_C|IB33A,2.260207,0.9686817,4,2
1XGR_AB_C|IB33F,-1.8004549,-0.05828352,4,2
1XGR_AB_C|IB33L,0.061315425,0.09853892,4,2
1XGR_AB_C|IB33V,1.1076277,0.22000584,4,2
2BDN_HL_A|DH31E,1.0852306,-0.027629446,4,2
2BDN_HL_A|LH27K,0.8740124,0.089560285,4,2
2BDN_HL_A|LH27R,0.65058374,-0.035504926,4,2
2BDN_HL_A|NH28D,0.13214268,-0.2717775,4,2
2BDN_HL_A|NH28Q,1.3994616,-0.08381119,4,2
2BDN_HL_A|NL31K,3.4897714,0.007859897,4,2
2BDN_HL_A|NL31R,-0.9171868,-0.13788235,4,2
2BDN_HL_A|SL53D,-0.1605731,-0.88271415,4,2
2BDN_HL_A|SL53E,-0.85132045,-0.83952814,4,2
2BDN_HL_A|TL56D,-0.4254655,-0.53391004,4,2
2BDN_HL_A|TL56E,-0.6888026,-0.53109837,4,2
2BDN_HL_A|YL30K,0.67475796,0.55761665,4,2
2NYY_DC_A|DA1030A,0.009336901,0.5081159,4,2
2NYY_DC_A|DA1034A,2.5297937,0.67798805,4,2
2NYY_DC_A|DC30Y,0.64113563,-0.20995466,4,2
2NYY_DC_A|EA892A,2.839132,0.39063275,4,2
2NYY_DC_A|ED5Q,-0.2479871,-0.08427858,4,2
2NYY_DC_A|FA889A,0.4193659,0.83141655,4,2
2NYY_DC_A|FA925A,4.0,0.84791636,4,2
2NYY_DC_A|HA1036A,4.0,0.6434291,4,2
2NYY_DC_A|HC34R,0.10088469,0.2088914,4,2
2NYY_DC_A|IA928A,-0.009487502,0.3783633,4,2
2NYY_DC_A|KA1028A,-0.028934313,0.44245923,4,2
2NYY_DC_A|KA875A,0.29098648,0.8332465,4,2
2NYY_DC_A|KA895A,-0.14014584,0.90514,4,2
2NYY_DC_A|KD29R,0.071385965,-0.18118009,4,2
"2NYY_DC_A|KD29S,YD30D,DD31H,SD60P",0.04961051,0.458052,4,2
2NYY_DC_A|LA891A,2.5892105,0.24930781,4,2
2NYY_DC_A|MD33Q,-0.059869844,0.028293232,4,2
2NYY_DC_A|NA890A,0.89044046,0.61115086,4,2
2NYY_DC_A|NA926A,0.09934822,0.57187605,4,2
2NYY_DC_A|QA887A,0.5208145,0.39597687,4,2
2NYY_DC_A|RA1033A,0.82012254,0.8139803,4,2
2NYY_DC_A|RA1266A,0.2995321,0.5288136,4,2
2NYY_DC_A|SA874A,-0.23032175,0.5821382,4,2
2NYY_DC_A|SA927A,0.0,0.51592344,4,2
2NYY_DC_A|SC28Q,0.4133828,-0.22168712,4,2
2NYY_DC_A|SC31N,-0.35338265,-0.13986239,4,2
2NYY_DC_A|TA1035A,1.630871,0.29820624,4,2
2NYY_DC_A|VD36I,-0.21317148,0.010538971,4,2
"2NYY_DC_A|VD36I,ED5Q",-0.0490461,-0.020703752,4,2
2NYY_DC_A|YD30D,0.06462482,0.67752165,4,2
2NYY_DC_A|YD30Q,0.12897444,0.76814276,4,2
2NYY_DC_A|YD56Q,0.5196862,0.5179127,4,2
2NZ9_DC_A|DA1030A,-0.031082604,0.50135785,4,2
2NZ9_DC_A|DA1034A,2.3396032,0.6550497,4,2
2NZ9_DC_A|EA892A,2.77036,0.39487186,4,2
2NZ9_DC_A|FA889A,-0.04961051,0.78038275,4,2
2NZ9_DC_A|FA925A,3.340439,0.83805734,4,2
2NZ9_DC_A|HA1036A,4.0,0.615011,4,2
2NZ9_DC_A|IA928A,0.069281444,0.43073016,4,2
2NZ9_DC_A|KA1028A,-0.008714417,0.48594162,4,2
2NZ9_DC_A|KA875A,0.5407011,0.8646177,4,2
2NZ9_DC_A|KA895A,-0.29975358,0.8261349,4,2
2NZ9_DC_A|LA891A,2.279965,0.27126497,4,2
2NZ9_DC_A|NA890A,2.1600318,0.6635374,4,2
2NZ9_DC_A|NA926A,-0.15216734,0.5629157,4,2
2NZ9_DC_A|QA887A,0.09926054,0.39699662,4,2
2NZ9_DC_A|RA1033A,0.29088098,0.78125536,4,2
2NZ9_DC_A|RA1266A,0.39015788,0.5563861,4,2
2NZ9_DC_A|SA874A,-0.11948046,0.5575148,4,2
2NZ9_DC_A|SA927A,-0.078544825,0.51341814,4,2
"2NZ9_DC_A|SD29K,DD30Y,HD31D",-0.04961051,-0.38048074,4,2
2NZ9_DC_A|TA1035A,2.3703818,0.27186483,4,2
2VIS_AB_C|IC89T,-4.0,0.016086146,4,2
"3BE1_HL_A|DL28N,PL30A,RL31K,SL32T,TL97S,TL98S",-0.6860794,1.4932201,4,2
"3BE1_HL_A|DL28N,PL30A,RL31K,SL32T,TL97S,TL98S,KH30S,DH31G,TH54S,NH55E,GH100V,DH102V",-2.7728782,1.0883224,4,2
"3BE1_HL_A|DL28N,PL30A,RL31K,SL32T,TL97S,TL98S,KH30S,DH31G,TH54S,NH55E,GH100V,DH102V,YL36A",-3.190238,2.4908717,4,2
"3BE1_HL_A|DL28N,PL30A,RL31K,SL32T,TL97S,TL98S,KH30S,DH31G,TH54S,NH55E,GH100V,DH102V,YL36A,IL33A",-2.7728782,3.1785393,4,2
"3BE1_HL_A|DL28N,PL30A,RL31K,SL32T,YL57F,TL97S,TL98S",-0.8683455,1.7988518,4,2
"3BE1_HL_A|DL28N,PL30A,RL31K,SL32T,YL57F,TL97S,TL98S,KH30S,DH31G,TH54S,NH55E,GH100V,DH102V",-2.8824897,1.3670763,4,2
3LZF_AB_HL|DA187E,0.49836498,0.08096145,4,2
"3LZF_AB_HL|DA187E,DA222G",0.12738612,0.41676757,4,2
3LZF_AB_HL|DA222G,0.5378587,0.27960494,4,2
3NGB_HL_G|AH57G,-0.056030333,-0.6137504,4,2
"3NGB_HL_G|AH57G,VH58T,PH63K,VH74T",1.6734211,-0.106769696,4,2
"3NGB_HL_G|CH32S,CH102A",0.25899792,1.0443459,4,2
3NGB_HL_G|DH103A,0.05987142,0.664421,4,2
3NGB_HL_G|EL88A,1.3199503,0.670166,4,2
3NGB_HL_G|FL89A,0.85886127,0.909621,4,2
3NGB_HL_G|GH55A,-1.2766591,0.7800739,4,2
3NGB_HL_G|GH55S,0.74304354,0.6551264,4,2
3NGB_HL_G|GH56A,1.2656107,0.589997,4,2
3NGB_HL_G|IH30A,-0.0027431613,0.86418563,4,2
3NGB_HL_G|IH30T,0.0733938,0.39499876,4,2
"3NGB_HL_G|IH30T,KH52N,RH54N,GH55S,AH57G,VH58T,RH62Q,PH63K,VH74T,YH75S,YL26S",0.86214453,3.3857195,4,2
3NGB_HL_G|KH52A,0.62288266,0.18807982,4,2
3NGB_HL_G|KH52N,0.17497002,-0.033618744,4,2
3NGB_HL_G|MH70A,0.5305512,0.09374116,4,2
3NGB_HL_G|NH105A,1.1185741,0.29967877,4,2
3NGB_HL_G|NH59A,1.7671243,0.16792822,4,2
3NGB_HL_G|PH63A,-0.04252045,0.36555657,4,2
3NGB_HL_G|PH63K,0.23252328,0.13529539,4,2
3NGB_HL_G|QH65A,-0.34038836,0.3736975,4,2
3NGB_HL_G|QL25A,-0.23060839,0.59395546,4,2
3NGB_HL_G|RH54A,-0.25938424,0.55512637,4,2
3NGB_HL_G|RH54N,0.04645046,0.34491473,4,2
3NGB_HL_G|RH62A,0.9958448,0.3882866,4,2
3NGB_HL_G|RH62Q,0.09654992,0.060098518,4,2
3NGB_HL_G|RH72A,1.6432176,0.30647066,4,2
3NGB_HL_G|SL28A,-0.14471176,0.3216443,4,2
3NGB_HL_G|TH33A,0.7071634,0.6107197,4,2
3NGB_HL_G|TH33Y,0.084193856,-0.60435516,4,2
"3NGB_HL_G|TH33Y,GH56S,AH57G,VH58T,PH63K,VH74T,YH75S",1.9381938,0.76869917,4,2
3NGB_HL_G|VH58A,1.3584284,0.7767718,4,2
3NGB_HL_G|VH58T,0.13787223,0.27170613,4,2
3NGB_HL_G|VH74A,1.087914,0.448943,4,2
3NGB_HL_G|VH74T,0.16493925,-0.123371124,4,2
3NGB_HL_G|VL1A,-0.7733632,0.60919684,4,2
3NGB_HL_G|WH106A,4.0,0.71697396,4,2
3NGB_HL_G|WH47A,1.2021707,0.1477624,4,2
3NGB_HL_G|WH50A,1.2917941,0.723709,4,2
3NGB_HL_G|YH104A,1.4235861,0.8143187,4,2
3NGB_HL_G|YH60A,0.5484263,0.7144759,4,2
3NGB_HL_G|YH75A,-0.19932224,1.1932164,4,2
3NGB_HL_G|YH75S,0.3325709,0.98392576,4,2
3NGB_HL_G|YL26A,0.98528093,0.9342363,4,2
3NGB_HL_G|YL26S,0.6512687,0.69420666,4,2
3NGB_HL_G|YL87A,2.0227883,0.9435695,4,2
4JPK_HL_A|DA141R,3.857323,-0.13423954,4,2
"4JPK_HL_A|DA159N,DA33N",0.6189681,0.30576897,4,2
4JPK_HL_A|FA144I,1.3875175,-0.06653111,4,2
4JPK_HL_A|FA63L,1.1672868,0.31330281,4,2
4JPK_HL_A|RA130K,0.23006605,0.12192644,4,2
4JPK_HL_A|RA81T,0.75870305,0.59940636,4,2
4JPK_HL_A|SA41G,2.151695,0.07268223,4,2
4JPK_HL_A|TA35S,-0.032093357,-0.04649284,4,2
4JPK_HL_A|VA30N,0.59459484,-0.031848352,4,2
